site_id,date,year,doy,latitude_degrees,tmax_c,tmin_c,tdew_c
SH-DB-BEZA,2022-01-01,2022,1,-23.6558,38.71,22.32,17.36
SH-DB-BEZA,2022-01-02,2022,2,-23.6558,39.06,22.92,15.33
SH-DB-BEZA,2022-01-03,2022,3,-23.6558,38.85,21.61,15.01
SH-DB-BEZA,2022-01-04,2022,4,-23.6558,40.15,24.26,17.69
SH-DB-BEZA,2022-01-05,2022,5,-23.6558,40.07,25.12,17.52
SH-DB-BEZA,2022-01-06,2022,6,-23.6558,37.62,24.31,18.63
SH-DB-BEZA,2022-01-07,2022,7,-23.6558,39.25,25.11,17.19
SH-DB-BEZA,2022-01-08,2022,8,-23.6558,38.8,25.44,17.43
SH-DB-BEZA,2022-01-09,2022,9,-23.6558,35.37,24.73,18.17
SH-DB-BEZA,2022-01-10,2022,10,-23.6558,37.42,24.09,18.32
SH-DB-BEZA,2022-01-11,2022,11,-23.6558,33.01,23.14,19.3
SH-DB-BEZA,2022-01-12,2022,12,-23.6558,34.69,23.87,19.8
SH-DB-BEZA,2022-01-13,2022,13,-23.6558,31.72,23.31,20.93
SH-DB-BEZA,2022-01-14,2022,14,-23.6558,36.0,23.36,19.95
SH-DB-BEZA,2022-01-15,2022,15,-23.6558,35.72,22.73,20.04
SH-DB-BEZA,2022-01-16,2022,16,-23.6558,33.76,21.72,20.1
SH-DB-BEZA,2022-01-17,2022,17,-23.6558,35.26,21.05,18.78
SH-DB-BEZA,2022-01-18,2022,18,-23.6558,35.77,21.77,18.02
SH-DB-BEZA,2022-01-19,2022,19,-23.6558,34.28,21.01,18.21
SH-DB-BEZA,2022-01-20,2022,20,-23.6558,34.04,20.36,16.36
SH-DB-BEZA,2022-01-21,2022,21,-23.6558,35.65,20.31,17.64
SH-DB-BEZA,2022-01-22,2022,22,-23.6558,37.95,22.36,18.77
SH-DB-BEZA,2022-01-23,2022,23,-23.6558,38.79,24.13,20.37
SH-DB-BEZA,2022-01-24,2022,24,-23.6558,38.67,25.17,19.15
SH-DB-BEZA,2022-01-25,2022,25,-23.6558,39.08,23.54,17.7
SH-DB-BEZA,2022-01-26,2022,26,-23.6558,38.5,22.56,17.39
SH-DB-BEZA,2022-01-27,2022,27,-23.6558,39.03,23.97,17.89
SH-DB-BEZA,2022-01-28,2022,28,-23.6558,40.36,22.68,16.21
SH-DB-BEZA,2022-01-29,2022,29,-23.6558,39.59,22.88,17.65
SH-DB-BEZA,2022-01-30,2022,30,-23.6558,40.87,23.08,16.34
SH-DB-BEZA,2022-01-31,2022,31,-23.6558,40.92,22.73,11.65
SH-DB-BEZA,2022-02-01,2022,32,-23.6558,40.78,21.65,14.57
SH-DB-BEZA,2022-02-02,2022,33,-23.6558,40.53,21.92,13.3
SH-DB-BEZA,2022-02-03,2022,34,-23.6558,40.65,21.88,15.09
SH-DB-BEZA,2022-02-04,2022,35,-23.6558,40.87,23.47,16.96
SH-DB-BEZA,2022-02-05,2022,36,-23.6558,38.97,24.38,18.61
SH-DB-BEZA,2022-02-06,2022,37,-23.6558,33.77,24.38,22.28
SH-DB-BEZA,2022-02-07,2022,38,-23.6558,32.7,25.23,22.4
SH-DB-BEZA,2022-02-08,2022,39,-23.6558,32.77,23.44,22.28
SH-DB-BEZA,2022-02-09,2022,40,-23.6558,34.32,22.01,19.88
SH-DB-BEZA,2022-02-10,2022,41,-23.6558,36.97,21.74,20.04
SH-DB-BEZA,2022-02-11,2022,42,-23.6558,38.68,23.41,19.25
SH-DB-BEZA,2022-02-12,2022,43,-23.6558,38.91,23.61,17.91
SH-DB-BEZA,2022-02-13,2022,44,-23.6558,39.96,21.99,16.41
SH-DB-BEZA,2022-02-14,2022,45,-23.6558,40.49,24.42,17.7
SH-DB-BEZA,2022-02-15,2022,46,-23.6558,39.72,25.47,18.82
SH-DB-BEZA,2022-02-16,2022,47,-23.6558,40.13,25.53,17.79
SH-DB-BEZA,2022-02-17,2022,48,-23.6558,39.46,25.06,18.06
SH-DB-BEZA,2022-02-18,2022,49,-23.6558,38.08,24.84,18.18
SH-DB-BEZA,2022-02-19,2022,50,-23.6558,40.21,24.04,16.11
SH-DB-BEZA,2022-02-20,2022,51,-23.6558,40.69,23.18,17.07
SH-DB-BEZA,2022-02-21,2022,52,-23.6558,40.54,23.4,15.18
SH-DB-BEZA,2022-02-22,2022,53,-23.6558,39.37,24.64,18.36
SH-DB-BEZA,2022-02-23,2022,54,-23.6558,28.88,23.73,22.19
SH-DB-BEZA,2022-02-24,2022,55,-23.6558,31.96,23.15,22.26
SH-DB-BEZA,2022-02-25,2022,56,-23.6558,32.56,22.15,20.88
SH-DB-BEZA,2022-02-26,2022,57,-23.6558,34.96,20.76,19.32
SH-DB-BEZA,2022-02-27,2022,58,-23.6558,34.31,22.1,20.12
SH-DB-BEZA,2022-02-28,2022,59,-23.6558,34.32,23.47,20.46
SH-DB-BEZA,2022-03-01,2022,60,-23.6558,34.25,22.73,21.66
SH-DB-BEZA,2022-03-02,2022,61,-23.6558,32.67,22.13,20.87
SH-DB-BEZA,2022-03-03,2022,62,-23.6558,35.8,22.08,21.82
SH-DB-BEZA,2022-03-04,2022,63,-23.6558,37.3,23.33,20.62
SH-DB-BEZA,2022-03-05,2022,64,-23.6558,37.93,23.95,19.81
SH-DB-BEZA,2022-03-06,2022,65,-23.6558,38.16,22.93,18.62
SH-DB-BEZA,2022-03-07,2022,66,-23.6558,37.82,22.31,16.18
SH-DB-BEZA,2022-03-08,2022,67,-23.6558,38.41,21.99,16.47
SH-DB-BEZA,2022-03-09,2022,68,-23.6558,39.48,23.66,17.4
SH-DB-BEZA,2022-03-10,2022,69,-23.6558,38.89,24.05,19.39
SH-DB-BEZA,2022-03-11,2022,70,-23.6558,37.78,24.75,20.27
SH-DB-BEZA,2022-03-12,2022,71,-23.6558,37.72,24.84,18.88
SH-DB-BEZA,2022-03-13,2022,72,-23.6558,36.24,22.46,19.08
SH-DB-BEZA,2022-03-14,2022,73,-23.6558,34.98,23.88,18.99
SH-DB-BEZA,2022-03-15,2022,74,-23.6558,34.23,23.49,20.67
SH-DB-BEZA,2022-03-16,2022,75,-23.6558,36.62,22.82,19.44
SH-DB-BEZA,2022-03-17,2022,76,-23.6558,37.57,23.15,20.19
SH-DB-BEZA,2022-03-18,2022,77,-23.6558,34.75,21.43,20.63
SH-DB-BEZA,2022-03-19,2022,78,-23.6558,32.6,19.23,14.27
SH-DB-BEZA,2022-03-20,2022,79,-23.6558,33.68,17.39,14.02
SH-DB-BEZA,2022-03-21,2022,80,-23.6558,35.55,18.38,14.46
SH-DB-BEZA,2022-03-22,2022,81,-23.6558,35.95,20.47,16.54
SH-DB-BEZA,2022-03-23,2022,82,-23.6558,37.31,22.34,16.94
SH-DB-BEZA,2022-03-24,2022,83,-23.6558,37.33,22.45,18.44
SH-DB-BEZA,2022-03-25,2022,84,-23.6558,35.45,22.71,19.88
SH-DB-BEZA,2022-03-26,2022,85,-23.6558,35.49,22.66,19.66
SH-DB-BEZA,2022-03-27,2022,86,-23.6558,31.79,22.16,20.93
SH-DB-BEZA,2022-03-28,2022,87,-23.6558,31.67,21.35,19.42
SH-DB-BEZA,2022-03-29,2022,88,-23.6558,34.81,19.95,17.33
SH-DB-BEZA,2022-03-30,2022,89,-23.6558,36.67,20.88,15.17
SH-DB-BEZA,2022-03-31,2022,90,-23.6558,36.9,20.53,13.78
SH-DB-BEZA,2022-04-01,2022,91,-23.6558,36.24,19.14,14.45
SH-DB-BEZA,2022-04-02,2022,92,-23.6558,35.54,20.3,15.0
SH-DB-BEZA,2022-04-03,2022,93,-23.6558,35.61,19.91,15.78
SH-DB-BEZA,2022-04-04,2022,94,-23.6558,36.45,20.88,16.74
SH-DB-BEZA,2022-04-05,2022,95,-23.6558,35.13,22.29,18.31
SH-DB-BEZA,2022-04-06,2022,96,-23.6558,35.85,22.2,18.7
SH-DB-BEZA,2022-04-07,2022,97,-23.6558,36.97,21.97,19.04
SH-DB-BEZA,2022-04-08,2022,98,-23.6558,34.7,23.03,20.53
SH-DB-BEZA,2022-04-09,2022,99,-23.6558,35.09,23.07,18.03
SH-DB-BEZA,2022-04-10,2022,100,-23.6558,34.16,21.88,16.35
SH-DB-BEZA,2022-04-11,2022,101,-23.6558,35.63,21.03,16.05
SH-DB-BEZA,2022-04-12,2022,102,-23.6558,33.33,20.98,16.07
SH-DB-BEZA,2022-04-13,2022,103,-23.6558,36.71,22.06,16.49
SH-DB-BEZA,2022-04-14,2022,104,-23.6558,35.97,23.4,18.52
SH-DB-BEZA,2022-04-15,2022,105,-23.6558,33.94,24.21,18.73
SH-DB-BEZA,2022-04-16,2022,106,-23.6558,35.11,23.96,18.57
SH-DB-BEZA,2022-04-17,2022,107,-23.6558,35.54,22.51,17.82
SH-DB-BEZA,2022-04-18,2022,108,-23.6558,35.97,22.47,17.89
SH-DB-BEZA,2022-04-19,2022,109,-23.6558,37.28,22.49,18.61
SH-DB-BEZA,2022-04-20,2022,110,-23.6558,35.86,21.98,19.22
SH-DB-BEZA,2022-04-21,2022,111,-23.6558,35.7,21.73,18.07
SH-DB-BEZA,2022-04-22,2022,112,-23.6558,34.29,22.08,17.6
SH-DB-BEZA,2022-04-23,2022,113,-23.6558,30.9,24.22,20.76
SH-DB-BEZA,2022-04-24,2022,114,-23.6558,28.91,21.73,20.37
SH-DB-BEZA,2022-04-25,2022,115,-23.6558,28.47,21.24,20.49
SH-DB-BEZA,2022-04-26,2022,116,-23.6558,29.05,21.59,21.54
SH-DB-BEZA,2022-04-27,2022,117,-23.6558,27.57,16.89,18.8
SH-DB-BEZA,2022-04-28,2022,118,-23.6558,25.73,14.72,14.56
SH-DB-BEZA,2022-04-29,2022,119,-23.6558,28.41,13.18,13.19
SH-DB-BEZA,2022-04-30,2022,120,-23.6558,30.11,15.28,15.05
SH-DB-BEZA,2022-05-01,2022,121,-23.6558,26.8,17.4,16.99
SH-DB-BEZA,2022-05-02,2022,122,-23.6558,26.94,15.57,15.71
SH-DB-BEZA,2022-05-03,2022,123,-23.6558,28.16,14.84,15.19
SH-DB-BEZA,2022-05-04,2022,124,-23.6558,31.28,17.43,16.1
SH-DB-BEZA,2022-05-05,2022,125,-23.6558,32.21,17.44,14.83
SH-DB-BEZA,2022-05-06,2022,126,-23.6558,33.26,19.27,17.74
SH-DB-BEZA,2022-05-07,2022,127,-23.6558,30.55,19.8,18.8
SH-DB-BEZA,2022-05-08,2022,128,-23.6558,30.69,19.38,18.24
SH-DB-BEZA,2022-05-09,2022,129,-23.6558,28.62,18.4,17.75
SH-DB-BEZA,2022-05-10,2022,130,-23.6558,26.75,17.95,16.81
SH-DB-BEZA,2022-05-11,2022,131,-23.6558,27.56,16.5,15.73
SH-DB-BEZA,2022-05-12,2022,132,-23.6558,29.17,14.42,14.24
SH-DB-BEZA,2022-05-13,2022,133,-23.6558,31.47,16.32,14.71
SH-DB-BEZA,2022-05-14,2022,134,-23.6558,31.06,16.99,14.25
SH-DB-BEZA,2022-05-15,2022,135,-23.6558,30.19,16.89,13.47
SH-DB-BEZA,2022-05-16,2022,136,-23.6558,29.31,15.58,14.18
SH-DB-BEZA,2022-05-17,2022,137,-23.6558,29.05,15.74,12.69
SH-DB-BEZA,2022-05-18,2022,138,-23.6558,30.52,15.0,12.83
SH-DB-BEZA,2022-05-19,2022,139,-23.6558,31.5,17.02,14.29
SH-DB-BEZA,2022-05-20,2022,140,-23.6558,32.38,17.25,14.18
SH-DB-BEZA,2022-05-21,2022,141,-23.6558,32.16,15.93,12.03
SH-DB-BEZA,2022-05-22,2022,142,-23.6558,31.7,16.03,10.53
SH-DB-BEZA,2022-05-23,2022,143,-23.6558,32.79,15.43,12.04
SH-DB-BEZA,2022-05-24,2022,144,-23.6558,32.2,16.58,14.87
SH-DB-BEZA,2022-05-25,2022,145,-23.6558,30.15,18.72,17.35
SH-DB-BEZA,2022-05-26,2022,146,-23.6558,29.32,17.41,16.04
SH-DB-BEZA,2022-05-27,2022,147,-23.6558,27.55,16.21,14.73
SH-DB-BEZA,2022-05-28,2022,148,-23.6558,26.4,13.05,11.05
SH-DB-BEZA,2022-05-29,2022,149,-23.6558,30.7,13.58,12.49
SH-DB-BEZA,2022-05-30,2022,150,-23.6558,29.91,14.39,13.77
SH-DB-BEZA,2022-05-31,2022,151,-23.6558,28.85,14.24,13.63
SH-DB-BEZA,2022-06-01,2022,152,-23.6558,25.45,14.65,14.57
SH-DB-BEZA,2022-06-02,2022,153,-23.6558,25.62,13.77,12.88
SH-DB-BEZA,2022-06-03,2022,154,-23.6558,27.98,13.15,12.83
SH-DB-BEZA,2022-06-04,2022,155,-23.6558,29.89,14.0,13.87
SH-DB-BEZA,2022-06-05,2022,156,-23.6558,29.71,17.12,15.83
SH-DB-BEZA,2022-06-06,2022,157,-23.6558,26.91,17.37,16.02
SH-DB-BEZA,2022-06-07,2022,158,-23.6558,28.44,14.68,14.84
SH-DB-BEZA,2022-06-08,2022,159,-23.6558,26.75,15.8,14.79
SH-DB-BEZA,2022-06-09,2022,160,-23.6558,27.84,14.16,13.07
SH-DB-BEZA,2022-06-10,2022,161,-23.6558,28.63,15.41,12.71
SH-DB-BEZA,2022-06-11,2022,162,-23.6558,28.68,13.88,13.14
SH-DB-BEZA,2022-06-12,2022,163,-23.6558,29.67,15.18,13.65
SH-DB-BEZA,2022-06-13,2022,164,-23.6558,29.13,14.53,10.21
SH-DB-BEZA,2022-06-14,2022,165,-23.6558,29.06,14.6,13.02
SH-DB-BEZA,2022-06-15,2022,166,-23.6558,30.54,15.12,12.61
SH-DB-BEZA,2022-06-16,2022,167,-23.6558,26.28,14.99,14.51
SH-DB-BEZA,2022-06-17,2022,168,-23.6558,23.74,12.12,9.85
SH-DB-BEZA,2022-06-18,2022,169,-23.6558,24.63,10.62,9.31
SH-DB-BEZA,2022-06-19,2022,170,-23.6558,27.87,11.31,11.24
SH-DB-BEZA,2022-06-20,2022,171,-23.6558,29.09,13.76,11.09
SH-DB-BEZA,2022-06-21,2022,172,-23.6558,26.15,12.43,12.03
SH-DB-BEZA,2022-06-22,2022,173,-23.6558,25.09,11.83,11.85
SH-DB-BEZA,2022-06-23,2022,174,-23.6558,26.06,11.89,10.18
SH-DB-BEZA,2022-06-24,2022,175,-23.6558,28.45,12.93,9.92
SH-DB-BEZA,2022-06-25,2022,176,-23.6558,27.28,12.56,11.05
SH-DB-BEZA,2022-06-26,2022,177,-23.6558,25.41,12.47,13.54
SH-DB-BEZA,2022-06-27,2022,178,-23.6558,24.24,12.09,10.99
SH-DB-BEZA,2022-06-28,2022,179,-23.6558,23.65,9.89,8.41
SH-DB-BEZA,2022-06-29,2022,180,-23.6558,25.37,9.92,10.01
SH-DB-BEZA,2022-06-30,2022,181,-23.6558,24.03,13.05,11.62
SH-DB-BEZA,2022-07-01,2022,182,-23.6558,27.63,13.1,11.83
SH-DB-BEZA,2022-07-02,2022,183,-23.6558,27.95,11.7,10.81
SH-DB-BEZA,2022-07-03,2022,184,-23.6558,28.72,12.76,9.6
SH-DB-BEZA,2022-07-04,2022,185,-23.6558,28.28,12.55,9.65
SH-DB-BEZA,2022-07-05,2022,186,-23.6558,29.67,13.85,11.69
SH-DB-BEZA,2022-07-06,2022,187,-23.6558,29.3,13.36,11.85
SH-DB-BEZA,2022-07-07,2022,188,-23.6558,28.75,12.88,11.14
SH-DB-BEZA,2022-07-08,2022,189,-23.6558,28.75,13.51,10.24
SH-DB-BEZA,2022-07-09,2022,190,-23.6558,28.3,14.05,10.26
SH-DB-BEZA,2022-07-10,2022,191,-23.6558,29.04,12.21,10.01
SH-DB-BEZA,2022-07-11,2022,192,-23.6558,28.99,13.33,10.24
SH-DB-BEZA,2022-07-12,2022,193,-23.6558,28.51,13.15,10.24
SH-DB-BEZA,2022-07-13,2022,194,-23.6558,28.36,13.47,10.25
SH-DB-BEZA,2022-07-14,2022,195,-23.6558,28.04,13.32,11.8
SH-DB-BEZA,2022-07-15,2022,196,-23.6558,27.11,12.87,12.76
SH-DB-BEZA,2022-07-16,2022,197,-23.6558,28.39,13.94,12.29
SH-DB-BEZA,2022-07-17,2022,198,-23.6558,28.41,14.44,11.92
SH-DB-BEZA,2022-07-18,2022,199,-23.6558,28.39,12.7,11.6
SH-DB-BEZA,2022-07-19,2022,200,-23.6558,29.75,13.94,11.42
SH-DB-BEZA,2022-07-20,2022,201,-23.6558,29.25,13.72,9.54
SH-DB-BEZA,2022-07-21,2022,202,-23.6558,29.7,14.86,10.5
SH-DB-BEZA,2022-07-22,2022,203,-23.6558,29.0,14.67,11.25
SH-DB-BEZA,2022-07-23,2022,204,-23.6558,30.48,15.41,11.34
SH-DB-BEZA,2022-07-24,2022,205,-23.6558,29.98,15.05,13.86
SH-DB-BEZA,2022-07-25,2022,206,-23.6558,28.62,15.86,14.39
SH-DB-BEZA,2022-07-26,2022,207,-23.6558,26.63,15.29,12.96
SH-DB-BEZA,2022-07-27,2022,208,-23.6558,27.16,12.82,12.22
SH-DB-BEZA,2022-07-28,2022,209,-23.6558,28.38,13.65,12.8
SH-DB-BEZA,2022-07-29,2022,210,-23.6558,30.76,14.76,13.25
SH-DB-BEZA,2022-07-30,2022,211,-23.6558,30.47,17.67,13.24
SH-DB-BEZA,2022-07-31,2022,212,-23.6558,30.47,16.84,13.46
SH-DB-BEZA,2022-08-01,2022,213,-23.6558,29.41,16.85,13.11
SH-DB-BEZA,2022-08-02,2022,214,-23.6558,27.87,15.52,12.45
SH-DB-BEZA,2022-08-03,2022,215,-23.6558,30.96,14.11,10.41
SH-DB-BEZA,2022-08-04,2022,216,-23.6558,30.32,16.71,13.17
SH-DB-BEZA,2022-08-05,2022,217,-23.6558,28.9,15.86,14.28
SH-DB-BEZA,2022-08-06,2022,218,-23.6558,28.21,14.7,11.92
SH-DB-BEZA,2022-08-07,2022,219,-23.6558,29.23,13.36,11.1
SH-DB-BEZA,2022-08-08,2022,220,-23.6558,31.25,14.52,10.11
SH-DB-BEZA,2022-08-09,2022,221,-23.6558,31.92,15.02,9.56
SH-DB-BEZA,2022-08-10,2022,222,-23.6558,31.9,14.88,11.16
SH-DB-BEZA,2022-08-11,2022,223,-23.6558,31.75,16.54,9.7
SH-DB-BEZA,2022-08-12,2022,224,-23.6558,31.2,15.3,8.99
SH-DB-BEZA,2022-08-13,2022,225,-23.6558,31.68,15.24,10.54
SH-DB-BEZA,2022-08-14,2022,226,-23.6558,32.6,15.66,11.76
SH-DB-BEZA,2022-08-15,2022,227,-23.6558,31.99,17.4,13.76
SH-DB-BEZA,2022-08-16,2022,228,-23.6558,26.85,15.59,12.27
SH-DB-BEZA,2022-08-17,2022,229,-23.6558,30.0,12.62,11.35
SH-DB-BEZA,2022-08-18,2022,230,-23.6558,31.52,13.74,10.75
SH-DB-BEZA,2022-08-19,2022,231,-23.6558,33.29,14.46,10.81
SH-DB-BEZA,2022-08-20,2022,232,-23.6558,31.56,16.94,15.29
SH-DB-BEZA,2022-08-21,2022,233,-23.6558,26.57,15.24,13.92
SH-DB-BEZA,2022-08-22,2022,234,-23.6558,30.51,13.37,11.79
SH-DB-BEZA,2022-08-23,2022,235,-23.6558,31.81,16.94,12.44
SH-DB-BEZA,2022-08-24,2022,236,-23.6558,31.26,16.51,10.69
SH-DB-BEZA,2022-08-25,2022,237,-23.6558,30.67,15.82,9.77
SH-DB-BEZA,2022-08-26,2022,238,-23.6558,31.79,17.07,10.95
SH-DB-BEZA,2022-08-27,2022,239,-23.6558,32.2,16.28,10.57
SH-DB-BEZA,2022-08-28,2022,240,-23.6558,31.67,16.13,9.49
SH-DB-BEZA,2022-08-29,2022,241,-23.6558,31.94,15.91,8.91
SH-DB-BEZA,2022-08-30,2022,242,-23.6558,30.78,15.28,9.33
SH-DB-BEZA,2022-08-31,2022,243,-23.6558,24.4,14.65,10.45
SH-DB-BEZA,2022-09-01,2022,244,-23.6558,25.89,11.94,7.66
SH-DB-BEZA,2022-09-02,2022,245,-23.6558,31.39,11.75,8.16
SH-DB-BEZA,2022-09-03,2022,246,-23.6558,33.08,15.32,9.8
SH-DB-BEZA,2022-09-04,2022,247,-23.6558,33.34,14.24,6.84
SH-DB-BEZA,2022-09-05,2022,248,-23.6558,34.0,15.69,8.96
SH-DB-BEZA,2022-09-06,2022,249,-23.6558,34.5,15.53,10.75
SH-DB-BEZA,2022-09-07,2022,250,-23.6558,31.74,15.6,10.86
SH-DB-BEZA,2022-09-08,2022,251,-23.6558,33.83,16.5,11.1
SH-DB-BEZA,2022-09-09,2022,252,-23.6558,34.57,16.84,10.55
SH-DB-BEZA,2022-09-10,2022,253,-23.6558,34.06,16.45,9.55
SH-DB-BEZA,2022-09-11,2022,254,-23.6558,34.22,15.66,7.77
SH-DB-BEZA,2022-09-12,2022,255,-23.6558,35.8,16.11,8.46
SH-DB-BEZA,2022-09-13,2022,256,-23.6558,32.43,16.13,12.44
SH-DB-BEZA,2022-09-14,2022,257,-23.6558,32.14,17.11,14.03
SH-DB-BEZA,2022-09-15,2022,258,-23.6558,34.96,17.87,11.21
SH-DB-BEZA,2022-09-16,2022,259,-23.6558,34.85,17.92,10.77
SH-DB-BEZA,2022-09-17,2022,260,-23.6558,34.32,18.47,10.79
SH-DB-BEZA,2022-09-18,2022,261,-23.6558,34.91,19.67,12.11
SH-DB-BEZA,2022-09-19,2022,262,-23.6558,35.97,19.81,11.75
SH-DB-BEZA,2022-09-20,2022,263,-23.6558,36.33,19.13,10.28
SH-DB-BEZA,2022-09-21,2022,264,-23.6558,35.78,19.26,9.67
SH-DB-BEZA,2022-09-22,2022,265,-23.6558,36.12,19.63,10.93
SH-DB-BEZA,2022-09-23,2022,266,-23.6558,36.2,19.44,8.99
SH-DB-BEZA,2022-09-24,2022,267,-23.6558,35.66,18.09,10.31
SH-DB-BEZA,2022-09-25,2022,268,-23.6558,36.91,20.03,13.12
SH-DB-BEZA,2022-09-26,2022,269,-23.6558,36.92,19.78,12.59
SH-DB-BEZA,2022-09-27,2022,270,-23.6558,37.41,19.58,12.46
SH-DB-BEZA,2022-09-28,2022,271,-23.6558,37.09,18.66,9.17
SH-DB-BEZA,2022-09-29,2022,272,-23.6558,36.35,16.83,8.57
SH-DB-BEZA,2022-09-30,2022,273,-23.6558,36.28,17.52,10.04
SH-DB-BEZA,2022-10-01,2022,274,-23.6558,37.37,16.91,11.78
SH-DB-BEZA,2022-10-02,2022,275,-23.6558,38.33,18.71,13.18
SH-DB-BEZA,2022-10-03,2022,276,-23.6558,37.36,16.87,12.41
SH-DB-BEZA,2022-10-04,2022,277,-23.6558,37.97,17.33,13.25
SH-DB-BEZA,2022-10-05,2022,278,-23.6558,40.02,18.3,12.77
SH-DB-BEZA,2022-10-06,2022,279,-23.6558,40.91,20.83,9.33
SH-DB-BEZA,2022-10-07,2022,280,-23.6558,41.79,21.4,11.47
SH-DB-BEZA,2022-10-08,2022,281,-23.6558,41.64,20.6,12.08
SH-DB-BEZA,2022-10-09,2022,282,-23.6558,40.98,20.24,10.18
SH-DB-BEZA,2022-10-10,2022,283,-23.6558,38.39,20.83,14.92
SH-DB-BEZA,2022-10-11,2022,284,-23.6558,39.95,20.31,12.35
SH-DB-BEZA,2022-10-12,2022,285,-23.6558,39.57,21.48,14.0
SH-DB-BEZA,2022-10-13,2022,286,-23.6558,38.37,21.56,16.35
SH-DB-BEZA,2022-10-14,2022,287,-23.6558,37.88,22.25,13.61
SH-DB-BEZA,2022-10-15,2022,288,-23.6558,37.03,21.5,14.41
SH-DB-BEZA,2022-10-16,2022,289,-23.6558,35.64,21.86,15.61
SH-DB-BEZA,2022-10-17,2022,290,-23.6558,38.22,20.74,14.14
SH-DB-BEZA,2022-10-18,2022,291,-23.6558,39.18,21.48,12.72
SH-DB-BEZA,2022-10-19,2022,292,-23.6558,38.95,20.72,12.28
SH-DB-BEZA,2022-10-20,2022,293,-23.6558,38.78,22.17,15.59
SH-DB-BEZA,2022-10-21,2022,294,-23.6558,38.67,22.19,16.37
SH-DB-BEZA,2022-10-22,2022,295,-23.6558,37.33,21.93,15.84
SH-DB-BEZA,2022-10-23,2022,296,-23.6558,35.58,20.78,15.89
SH-DB-BEZA,2022-10-24,2022,297,-23.6558,34.4,21.07,16.45
SH-DB-BEZA,2022-10-25,2022,298,-23.6558,36.74,19.81,14.54
SH-DB-BEZA,2022-10-26,2022,299,-23.6558,36.8,22.73,14.37
SH-DB-BEZA,2022-10-27,2022,300,-23.6558,38.05,21.76,13.84
SH-DB-BEZA,2022-10-28,2022,301,-23.6558,38.02,22.32,14.29
SH-DB-BEZA,2022-10-29,2022,302,-23.6558,30.13,22.33,15.74
SH-DB-BEZA,2022-10-30,2022,303,-23.6558,38.25,19.95,15.11
SH-DB-BEZA,2022-10-31,2022,304,-23.6558,38.39,23.81,16.43
SH-DB-BEZA,2022-11-01,2022,305,-23.6558,35.74,22.58,16.41
SH-DB-BEZA,2022-11-02,2022,306,-23.6558,35.42,22.03,16.65
SH-DB-BEZA,2022-11-03,2022,307,-23.6558,36.28,20.45,15.83
SH-DB-BEZA,2022-11-04,2022,308,-23.6558,38.02,21.03,15.47
SH-DB-BEZA,2022-11-05,2022,309,-23.6558,34.93,23.2,16.55
SH-DB-BEZA,2022-11-06,2022,310,-23.6558,34.76,21.98,17.94
SH-DB-BEZA,2022-11-07,2022,311,-23.6558,36.94,22.18,16.0
SH-DB-BEZA,2022-11-08,2022,312,-23.6558,35.54,23.41,15.95
SH-DB-BEZA,2022-11-09,2022,313,-23.6558,38.21,23.17,15.82
SH-DB-BEZA,2022-11-10,2022,314,-23.6558,37.92,22.44,16.73
SH-DB-BEZA,2022-11-11,2022,315,-23.6558,38.44,23.18,15.44
SH-DB-BEZA,2022-11-12,2022,316,-23.6558,39.47,23.32,15.99
SH-DB-BEZA,2022-11-13,2022,317,-23.6558,40.42,23.45,15.58
SH-DB-BEZA,2022-11-14,2022,318,-23.6558,36.43,23.96,18.96
SH-DB-BEZA,2022-11-15,2022,319,-23.6558,36.65,23.05,18.73
SH-DB-BEZA,2022-11-16,2022,320,-23.6558,35.47,22.12,17.97
SH-DB-BEZA,2022-11-17,2022,321,-23.6558,35.03,19.64,13.5
SH-DB-BEZA,2022-11-18,2022,322,-23.6558,37.22,18.48,12.05
SH-DB-BEZA,2022-11-19,2022,323,-23.6558,38.51,19.64,14.3
SH-DB-BEZA,2022-11-20,2022,324,-23.6558,35.51,19.71,18.16
SH-DB-BEZA,2022-11-21,2022,325,-23.6558,31.97,19.42,14.42
SH-DB-BEZA,2022-11-22,2022,326,-23.6558,35.42,17.15,11.4
SH-DB-BEZA,2022-11-23,2022,327,-23.6558,38.66,19.54,14.47
SH-DB-BEZA,2022-11-24,2022,328,-23.6558,35.43,22.03,18.5
SH-DB-BEZA,2022-11-25,2022,329,-23.6558,35.49,21.37,17.76
SH-DB-BEZA,2022-11-26,2022,330,-23.6558,35.75,22.41,17.79
SH-DB-BEZA,2022-11-27,2022,331,-23.6558,37.92,22.74,17.49
SH-DB-BEZA,2022-11-28,2022,332,-23.6558,37.31,21.6,16.16
SH-DB-BEZA,2022-11-29,2022,333,-23.6558,35.37,21.51,15.78
SH-DB-BEZA,2022-11-30,2022,334,-23.6558,34.59,21.53,16.83
SH-DB-BEZA,2022-12-01,2022,335,-23.6558,32.69,22.14,17.94
SH-DB-BEZA,2022-12-02,2022,336,-23.6558,31.52,22.53,19.02
SH-DB-BEZA,2022-12-03,2022,337,-23.6558,33.1,21.97,18.32
SH-DB-BEZA,2022-12-04,2022,338,-23.6558,34.26,22.14,18.74
SH-DB-BEZA,2022-12-05,2022,339,-23.6558,37.13,23.37,18.34
SH-DB-BEZA,2022-12-06,2022,340,-23.6558,35.43,23.85,19.28
SH-DB-BEZA,2022-12-07,2022,341,-23.6558,35.66,23.61,19.83
SH-DB-BEZA,2022-12-08,2022,342,-23.6558,39.66,23.13,16.74
SH-DB-BEZA,2022-12-09,2022,343,-23.6558,40.05,22.84,13.8
SH-DB-BEZA,2022-12-10,2022,344,-23.6558,40.24,23.75,16.79
SH-DB-BEZA,2022-12-11,2022,345,-23.6558,38.62,24.87,18.09
SH-DB-BEZA,2022-12-12,2022,346,-23.6558,38.41,25.15,18.15
SH-DB-BEZA,2022-12-13,2022,347,-23.6558,33.68,24.0,19.24
SH-DB-BEZA,2022-12-14,2022,348,-23.6558,29.8,23.02,17.56
SH-DB-BEZA,2022-12-15,2022,349,-23.6558,28.7,22.05,18.5
SH-DB-BEZA,2022-12-16,2022,350,-23.6558,33.3,21.74,17.66
SH-DB-BEZA,2022-12-17,2022,351,-23.6558,33.26,22.5,18.89
SH-DB-BEZA,2022-12-18,2022,352,-23.6558,35.44,22.29,18.74
SH-DB-BEZA,2022-12-19,2022,353,-23.6558,31.32,23.56,19.57
SH-DB-BEZA,2022-12-20,2022,354,-23.6558,31.15,22.8,20.41
SH-DB-BEZA,2022-12-21,2022,355,-23.6558,28.11,19.27,21.32
SH-DB-BEZA,2022-12-22,2022,356,-23.6558,28.71,18.17,17.12
SH-DB-BEZA,2022-12-23,2022,357,-23.6558,29.86,17.33,14.95
SH-DB-BEZA,2022-12-24,2022,358,-23.6558,33.58,15.98,16.1
SH-DB-BEZA,2022-12-25,2022,359,-23.6558,34.68,19.53,18.29
SH-DB-BEZA,2022-12-26,2022,360,-23.6558,35.66,21.58,20.62
SH-DB-BEZA,2022-12-27,2022,361,-23.6558,33.75,23.63,20.34
SH-DB-BEZA,2022-12-28,2022,362,-23.6558,34.53,22.84,21.01
SH-DB-BEZA,2022-12-29,2022,363,-23.6558,35.25,23.69,21.18
SH-DB-BEZA,2022-12-30,2022,364,-23.6558,34.89,23.89,21.95
SH-DB-BEZA,2022-12-31,2022,365,-23.6558,37.32,22.95,17.56
SH-DB-BEZA,2023-01-01,2023,1,-23.6558,36.22,22.05,17.51
SH-DB-BEZA,2023-01-02,2023,2,-23.6558,33.25,23.22,19.02
SH-DB-BEZA,2023-01-03,2023,3,-23.6558,28.89,22.35,20.53
SH-DB-BEZA,2023-01-04,2023,4,-23.6558,29.93,21.93,20.32
SH-DB-BEZA,2023-01-05,2023,5,-23.6558,31.11,22.19,20.46
SH-DB-BEZA,2023-01-06,2023,6,-23.6558,32.56,22.43,20.51
SH-DB-BEZA,2023-01-07,2023,7,-23.6558,33.13,23.36,21.06
SH-DB-BEZA,2023-01-08,2023,8,-23.6558,35.0,22.81,20.43
SH-DB-BEZA,2023-01-09,2023,9,-23.6558,36.33,23.62,20.78
SH-DB-BEZA,2023-01-10,2023,10,-23.6558,30.38,23.2,22.5
SH-DB-BEZA,2023-01-11,2023,11,-23.6558,32.23,22.05,21.54
SH-DB-BEZA,2023-01-12,2023,12,-23.6558,31.2,22.31,21.45
SH-DB-BEZA,2023-01-13,2023,13,-23.6558,33.42,23.25,20.97
SH-DB-BEZA,2023-01-14,2023,14,-23.6558,35.01,23.1,20.5
SH-DB-BEZA,2023-01-15,2023,15,-23.6558,35.73,21.82,18.91
SH-DB-BEZA,2023-01-16,2023,16,-23.6558,36.49,21.71,18.28
SH-DB-BEZA,2023-01-17,2023,17,-23.6558,37.41,22.31,17.76
SH-DB-BEZA,2023-01-18,2023,18,-23.6558,37.49,20.88,16.97
SH-DB-BEZA,2023-01-19,2023,19,-23.6558,37.43,20.13,16.46
SH-DB-BEZA,2023-01-20,2023,20,-23.6558,37.58,20.28,18.03
SH-DB-BEZA,2023-01-21,2023,21,-23.6558,36.56,22.71,20.29
SH-DB-BEZA,2023-01-22,2023,22,-23.6558,34.74,23.58,19.36
SH-DB-BEZA,2023-01-23,2023,23,-23.6558,32.0,23.71,19.02
SH-DB-BEZA,2023-01-24,2023,24,-23.6558,31.0,23.02,20.65
SH-DB-BEZA,2023-01-25,2023,25,-23.6558,33.25,23.44,20.45
SH-DB-BEZA,2023-01-26,2023,26,-23.6558,31.62,22.23,21.8
SH-DB-BEZA,2023-01-27,2023,27,-23.6558,31.08,22.42,21.38
SH-DB-BEZA,2023-01-28,2023,28,-23.6558,31.18,24.73,22.35
SH-DB-BEZA,2023-01-29,2023,29,-23.6558,30.39,22.79,22.64
SH-DB-BEZA,2023-01-30,2023,30,-23.6558,32.6,21.85,20.42
SH-DB-BEZA,2023-01-31,2023,31,-23.6558,33.34,20.52,19.0
SH-DB-BEZA,2023-02-01,2023,32,-23.6558,34.65,20.24,19.31
SH-DB-BEZA,2023-02-02,2023,33,-23.6558,32.86,22.9,19.98
SH-DB-BEZA,2023-02-03,2023,34,-23.6558,34.84,22.08,20.17
SH-DB-BEZA,2023-02-04,2023,35,-23.6558,33.33,23.78,19.94
SH-DB-BEZA,2023-02-05,2023,36,-23.6558,31.14,22.64,20.17
SH-DB-BEZA,2023-02-06,2023,37,-23.6558,32.24,21.7,19.64
SH-DB-BEZA,2023-02-07,2023,38,-23.6558,31.27,22.66,20.76
SH-DB-BEZA,2023-02-08,2023,39,-23.6558,30.88,21.56,19.78
SH-DB-BEZA,2023-02-09,2023,40,-23.6558,33.63,22.26,21.08
SH-DB-BEZA,2023-02-10,2023,41,-23.6558,31.09,22.25,21.41
SH-DB-BEZA,2023-02-11,2023,42,-23.6558,35.41,21.76,20.77
SH-DB-BEZA,2023-02-12,2023,43,-23.6558,36.32,22.09,20.77
SH-DB-BEZA,2023-02-13,2023,44,-23.6558,35.5,22.79,20.59
SH-DB-BEZA,2023-02-14,2023,45,-23.6558,35.86,23.37,17.62
SH-DB-BEZA,2023-02-15,2023,46,-23.6558,34.68,22.1,18.63
SH-DB-BEZA,2023-02-16,2023,47,-23.6558,35.13,22.39,19.28
SH-DB-BEZA,2023-02-17,2023,48,-23.6558,35.32,24.08,19.52
SH-DB-BEZA,2023-02-18,2023,49,-23.6558,36.01,22.88,20.41
SH-DB-BEZA,2023-02-19,2023,50,-23.6558,37.3,23.03,20.24
SH-DB-BEZA,2023-02-20,2023,51,-23.6558,39.09,24.41,21.1
SH-DB-BEZA,2023-02-21,2023,52,-23.6558,38.78,24.82,21.03
SH-DB-BEZA,2023-02-22,2023,53,-23.6558,34.2,25.11,21.69
SH-DB-BEZA,2023-02-23,2023,54,-23.6558,36.12,24.75,21.39
SH-DB-BEZA,2023-02-24,2023,55,-23.6558,33.32,24.57,21.57
SH-DB-BEZA,2023-02-25,2023,56,-23.6558,36.7,23.76,19.12
SH-DB-BEZA,2023-02-26,2023,57,-23.6558,35.59,23.91,20.1
SH-DB-BEZA,2023-02-27,2023,58,-23.6558,36.84,23.91,20.28
SH-DB-BEZA,2023-02-28,2023,59,-23.6558,34.44,24.71,19.38
SH-DB-BEZA,2023-03-01,2023,60,-23.6558,34.7,22.95,19.53
SH-DB-BEZA,2023-03-02,2023,61,-23.6558,29.71,23.16,21.01
SH-DB-BEZA,2023-03-03,2023,62,-23.6558,26.88,22.38,21.51
SH-DB-BEZA,2023-03-04,2023,63,-23.6558,27.56,20.85,21.48
SH-DB-BEZA,2023-03-05,2023,64,-23.6558,27.45,22.3,22.51
SH-DB-BEZA,2023-03-06,2023,65,-23.6558,29.52,24.67,23.59
SH-DB-BEZA,2023-03-07,2023,66,-23.6558,30.23,23.01,22.53
SH-DB-BEZA,2023-03-08,2023,67,-23.6558,32.05,20.81,21.22
SH-DB-BEZA,2023-03-09,2023,68,-23.6558,32.26,22.32,22.53
SH-DB-BEZA,2023-03-10,2023,69,-23.6558,28.35,22.42,22.09
SH-DB-BEZA,2023-03-11,2023,70,-23.6558,30.8,21.09,21.44
SH-DB-BEZA,2023-03-12,2023,71,-23.6558,30.58,19.89,21.13
SH-DB-BEZA,2023-03-13,2023,72,-23.6558,31.02,19.45,20.07
SH-DB-BEZA,2023-03-14,2023,73,-23.6558,29.58,20.65,19.99
SH-DB-BEZA,2023-03-15,2023,74,-23.6558,25.14,20.91,20.83
SH-DB-BEZA,2023-03-16,2023,75,-23.6558,27.23,19.93,20.21
SH-DB-BEZA,2023-03-17,2023,76,-23.6558,28.29,20.2,19.96
SH-DB-BEZA,2023-03-18,2023,77,-23.6558,30.14,18.83,20.03
SH-DB-BEZA,2023-03-19,2023,78,-23.6558,30.61,19.31,20.54
SH-DB-BEZA,2023-03-20,2023,79,-23.6558,32.12,20.34,21.75
SH-DB-BEZA,2023-03-21,2023,80,-23.6558,31.78,21.58,22.83
SH-DB-BEZA,2023-03-22,2023,81,-23.6558,30.57,22.33,21.95
SH-DB-BEZA,2023-03-23,2023,82,-23.6558,31.6,22.88,21.63
SH-DB-BEZA,2023-03-24,2023,83,-23.6558,31.53,21.75,21.09
SH-DB-BEZA,2023-03-25,2023,84,-23.6558,30.51,20.55,20.34
SH-DB-BEZA,2023-03-26,2023,85,-23.6558,32.27,20.04,20.49
SH-DB-BEZA,2023-03-27,2023,86,-23.6558,30.0,20.98,21.44
SH-DB-BEZA,2023-03-28,2023,87,-23.6558,26.31,16.37,15.53
SH-DB-BEZA,2023-03-29,2023,88,-23.6558,31.03,14.08,17.21
SH-DB-BEZA,2023-03-30,2023,89,-23.6558,30.02,19.44,20.72
SH-DB-BEZA,2023-03-31,2023,90,-23.6558,30.21,20.31,20.75
SH-DB-BEZA,2023-04-01,2023,91,-23.6558,30.34,20.95,21.56
SH-DB-BEZA,2023-04-02,2023,92,-23.6558,30.81,20.4,20.09
SH-DB-BEZA,2023-04-03,2023,93,-23.6558,32.13,18.89,19.51
SH-DB-BEZA,2023-04-04,2023,94,-23.6558,31.85,20.53,20.33
SH-DB-BEZA,2023-04-05,2023,95,-23.6558,31.95,20.6,20.53
SH-DB-BEZA,2023-04-06,2023,96,-23.6558,31.8,21.32,21.08
SH-DB-BEZA,2023-04-07,2023,97,-23.6558,32.35,21.28,20.36
SH-DB-BEZA,2023-04-08,2023,98,-23.6558,31.89,20.86,20.06
SH-DB-BEZA,2023-04-09,2023,99,-23.6558,32.0,20.74,19.59
SH-DB-BEZA,2023-04-10,2023,100,-23.6558,32.63,20.37,18.79
SH-DB-BEZA,2023-04-11,2023,101,-23.6558,31.57,19.57,18.79
SH-DB-BEZA,2023-04-12,2023,102,-23.6558,27.3,19.16,17.89
SH-DB-BEZA,2023-04-13,2023,103,-23.6558,30.44,17.63,17.39
SH-DB-BEZA,2023-04-14,2023,104,-23.6558,32.43,18.22,18.82
SH-DB-BEZA,2023-04-15,2023,105,-23.6558,30.85,18.53,16.86
SH-DB-BEZA,2023-04-16,2023,106,-23.6558,29.64,16.82,16.35
SH-DB-BEZA,2023-04-17,2023,107,-23.6558,31.71,17.23,16.92
SH-DB-BEZA,2023-04-18,2023,108,-23.6558,33.41,19.4,18.19
SH-DB-BEZA,2023-04-19,2023,109,-23.6558,33.76,21.06,17.97
SH-DB-BEZA,2023-04-20,2023,110,-23.6558,32.59,21.49,18.59
SH-DB-BEZA,2023-04-21,2023,111,-23.6558,32.28,20.85,18.95
SH-DB-BEZA,2023-04-22,2023,112,-23.6558,32.25,19.29,16.99
SH-DB-BEZA,2023-04-23,2023,113,-23.6558,31.96,17.42,15.4
SH-DB-BEZA,2023-04-24,2023,114,-23.6558,29.46,18.48,17.47
SH-DB-BEZA,2023-04-25,2023,115,-23.6558,28.13,16.28,15.22
SH-DB-BEZA,2023-04-26,2023,116,-23.6558,29.14,15.33,13.9
SH-DB-BEZA,2023-04-27,2023,117,-23.6558,29.56,15.18,14.81
SH-DB-BEZA,2023-04-28,2023,118,-23.6558,32.7,16.93,15.18
SH-DB-BEZA,2023-04-29,2023,119,-23.6558,33.34,17.26,13.94
SH-DB-BEZA,2023-04-30,2023,120,-23.6558,31.83,17.08,14.87
SH-DB-BEZA,2023-05-01,2023,121,-23.6558,29.22,16.79,15.32
SH-DB-BEZA,2023-05-02,2023,122,-23.6558,28.96,15.39,13.1
SH-DB-BEZA,2023-05-03,2023,123,-23.6558,31.55,14.95,13.92
SH-DB-BEZA,2023-05-04,2023,124,-23.6558,32.28,16.83,15.29
SH-DB-BEZA,2023-05-05,2023,125,-23.6558,29.75,18.58,17.51
SH-DB-BEZA,2023-05-06,2023,126,-23.6558,29.8,19.08,16.8
SH-DB-BEZA,2023-05-07,2023,127,-23.6558,31.6,17.36,15.92
SH-DB-BEZA,2023-05-08,2023,128,-23.6558,32.8,18.75,15.16
SH-DB-BEZA,2023-05-09,2023,129,-23.6558,32.87,19.28,16.28
SH-DB-BEZA,2023-05-10,2023,130,-23.6558,32.7,19.69,16.98
SH-DB-BEZA,2023-05-11,2023,131,-23.6558,28.44,20.81,18.1
SH-DB-BEZA,2023-05-12,2023,132,-23.6558,31.12,19.84,18.32
SH-DB-BEZA,2023-05-13,2023,133,-23.6558,31.21,19.53,17.0
SH-DB-BEZA,2023-05-14,2023,134,-23.6558,32.21,18.14,15.7
SH-DB-BEZA,2023-05-15,2023,135,-23.6558,31.65,18.88,16.57
SH-DB-BEZA,2023-05-16,2023,136,-23.6558,28.16,18.35,17.35
SH-DB-BEZA,2023-05-17,2023,137,-23.6558,28.46,15.61,14.45
SH-DB-BEZA,2023-05-18,2023,138,-23.6558,30.41,13.35,10.72
SH-DB-BEZA,2023-05-19,2023,139,-23.6558,31.07,15.18,9.89
SH-DB-BEZA,2023-05-20,2023,140,-23.6558,29.66,15.43,16.69
SH-DB-BEZA,2023-05-21,2023,141,-23.6558,27.6,16.91,14.82
SH-DB-BEZA,2023-05-22,2023,142,-23.6558,28.16,13.76,14.52
SH-DB-BEZA,2023-05-23,2023,143,-23.6558,26.11,14.44,12.88
SH-DB-BEZA,2023-05-24,2023,144,-23.6558,25.06,11.26,9.3
SH-DB-BEZA,2023-05-25,2023,145,-23.6558,26.56,12.85,12.14
SH-DB-BEZA,2023-05-26,2023,146,-23.6558,31.17,14.4,13.44
SH-DB-BEZA,2023-05-27,2023,147,-23.6558,31.44,16.22,13.28
SH-DB-BEZA,2023-05-28,2023,148,-23.6558,31.06,17.39,14.24
SH-DB-BEZA,2023-05-29,2023,149,-23.6558,31.59,15.5,12.33
SH-DB-BEZA,2023-05-30,2023,150,-23.6558,31.98,15.33,11.09
SH-DB-BEZA,2023-05-31,2023,151,-23.6558,32.03,15.66,12.28
SH-DB-BEZA,2023-06-01,2023,152,-23.6558,31.98,15.21,11.49
SH-DB-BEZA,2023-06-02,2023,153,-23.6558,31.74,15.78,11.66
SH-DB-BEZA,2023-06-03,2023,154,-23.6558,32.2,16.54,12.88
SH-DB-BEZA,2023-06-04,2023,155,-23.6558,32.58,16.52,14.18
SH-DB-BEZA,2023-06-05,2023,156,-23.6558,32.91,17.46,14.56
SH-DB-BEZA,2023-06-06,2023,157,-23.6558,31.64,17.52,14.04
SH-DB-BEZA,2023-06-07,2023,158,-23.6558,31.7,16.78,11.73
SH-DB-BEZA,2023-06-08,2023,159,-23.6558,32.45,17.23,15.1
SH-DB-BEZA,2023-06-09,2023,160,-23.6558,31.84,16.38,14.62
SH-DB-BEZA,2023-06-10,2023,161,-23.6558,29.6,15.08,13.85
SH-DB-BEZA,2023-06-11,2023,162,-23.6558,28.78,13.86,13.13
SH-DB-BEZA,2023-06-12,2023,163,-23.6558,29.15,14.2,13.5
SH-DB-BEZA,2023-06-13,2023,164,-23.6558,26.8,14.9,13.29
SH-DB-BEZA,2023-06-14,2023,165,-23.6558,30.07,13.64,11.13
SH-DB-BEZA,2023-06-15,2023,166,-23.6558,30.82,14.31,10.44
SH-DB-BEZA,2023-06-16,2023,167,-23.6558,28.73,13.21,14.78
SH-DB-BEZA,2023-06-17,2023,168,-23.6558,27.91,14.94,13.66
SH-DB-BEZA,2023-06-18,2023,169,-23.6558,30.31,13.03,10.73
SH-DB-BEZA,2023-06-19,2023,170,-23.6558,30.77,14.07,13.1
SH-DB-BEZA,2023-06-20,2023,171,-23.6558,29.05,16.19,15.01
SH-DB-BEZA,2023-06-21,2023,172,-23.6558,28.85,14.28,13.09
SH-DB-BEZA,2023-06-22,2023,173,-23.6558,28.42,15.44,12.26
SH-DB-BEZA,2023-06-23,2023,174,-23.6558,24.28,14.82,13.36
SH-DB-BEZA,2023-06-24,2023,175,-23.6558,24.11,11.17,8.8
SH-DB-BEZA,2023-06-25,2023,176,-23.6558,24.38,9.33,6.61
SH-DB-BEZA,2023-06-26,2023,177,-23.6558,26.3,9.26,7.83
SH-DB-BEZA,2023-06-27,2023,178,-23.6558,26.92,11.97,10.24
SH-DB-BEZA,2023-06-28,2023,179,-23.6558,27.49,11.69,10.07
SH-DB-BEZA,2023-06-29,2023,180,-23.6558,27.97,12.88,11.51
SH-DB-BEZA,2023-06-30,2023,181,-23.6558,29.19,14.52,12.6
SH-DB-BEZA,2023-07-01,2023,182,-23.6558,27.21,14.75,13.9
SH-DB-BEZA,2023-07-02,2023,183,-23.6558,28.11,12.79,11.72
SH-DB-BEZA,2023-07-03,2023,184,-23.6558,28.66,12.89,9.66
SH-DB-BEZA,2023-07-04,2023,185,-23.6558,29.3,12.63,9.9
SH-DB-BEZA,2023-07-05,2023,186,-23.6558,27.91,12.57,12.03
SH-DB-BEZA,2023-07-06,2023,187,-23.6558,26.05,13.17,12.0
SH-DB-BEZA,2023-07-07,2023,188,-23.6558,28.33,12.54,12.12
SH-DB-BEZA,2023-07-08,2023,189,-23.6558,30.51,14.18,11.92
SH-DB-BEZA,2023-07-09,2023,190,-23.6558,30.64,14.63,13.01
SH-DB-BEZA,2023-07-10,2023,191,-23.6558,29.93,14.88,13.55
SH-DB-BEZA,2023-07-11,2023,192,-23.6558,28.66,14.61,13.11
SH-DB-BEZA,2023-07-12,2023,193,-23.6558,23.87,13.51,10.47
SH-DB-BEZA,2023-07-13,2023,194,-23.6558,26.26,10.95,8.22
SH-DB-BEZA,2023-07-14,2023,195,-23.6558,26.41,10.68,9.42
SH-DB-BEZA,2023-07-15,2023,196,-23.6558,28.96,11.76,8.72
SH-DB-BEZA,2023-07-16,2023,197,-23.6558,29.19,13.46,8.59
SH-DB-BEZA,2023-07-17,2023,198,-23.6558,28.74,12.79,10.42
SH-DB-BEZA,2023-07-18,2023,199,-23.6558,30.89,13.68,11.56
SH-DB-BEZA,2023-07-19,2023,200,-23.6558,31.77,16.53,13.12
SH-DB-BEZA,2023-07-20,2023,201,-23.6558,28.86,17.1,14.22
SH-DB-BEZA,2023-07-21,2023,202,-23.6558,25.86,16.68,13.16
SH-DB-BEZA,2023-07-22,2023,203,-23.6558,30.07,13.88,12.99
SH-DB-BEZA,2023-07-23,2023,204,-23.6558,30.08,15.37,14.02
SH-DB-BEZA,2023-07-24,2023,205,-23.6558,31.1,14.46,13.11
SH-DB-BEZA,2023-07-25,2023,206,-23.6558,26.17,13.5,12.89
SH-DB-BEZA,2023-07-26,2023,207,-23.6558,26.26,11.78,8.31
SH-DB-BEZA,2023-07-27,2023,208,-23.6558,29.56,10.26,7.3
SH-DB-BEZA,2023-07-28,2023,209,-23.6558,29.75,12.08,9.49
SH-DB-BEZA,2023-07-29,2023,210,-23.6558,29.8,11.97,7.97
SH-DB-BEZA,2023-07-30,2023,211,-23.6558,30.71,12.58,10.49
SH-DB-BEZA,2023-07-31,2023,212,-23.6558,30.47,12.62,9.49
SH-DB-BEZA,2023-08-01,2023,213,-23.6558,28.13,12.14,11.17
SH-DB-BEZA,2023-08-02,2023,214,-23.6558,26.79,13.8,11.95
SH-DB-BEZA,2023-08-03,2023,215,-23.6558,28.69,14.22,11.73
SH-DB-BEZA,2023-08-04,2023,216,-23.6558,30.93,14.42,10.33
SH-DB-BEZA,2023-08-05,2023,217,-23.6558,31.94,15.21,10.24
SH-DB-BEZA,2023-08-06,2023,218,-23.6558,31.41,15.58,10.34
SH-DB-BEZA,2023-08-07,2023,219,-23.6558,31.23,15.6,11.32
SH-DB-BEZA,2023-08-08,2023,220,-23.6558,29.7,15.77,12.77
SH-DB-BEZA,2023-08-09,2023,221,-23.6558,30.45,17.16,13.46
SH-DB-BEZA,2023-08-10,2023,222,-23.6558,28.05,16.0,13.86
SH-DB-BEZA,2023-08-11,2023,223,-23.6558,27.01,13.54,9.26
SH-DB-BEZA,2023-08-12,2023,224,-23.6558,30.56,11.85,9.65
SH-DB-BEZA,2023-08-13,2023,225,-23.6558,32.81,13.36,10.62
SH-DB-BEZA,2023-08-14,2023,226,-23.6558,31.63,17.47,14.52
SH-DB-BEZA,2023-08-15,2023,227,-23.6558,31.64,16.15,14.37
SH-DB-BEZA,2023-08-16,2023,228,-23.6558,28.36,15.22,12.84
SH-DB-BEZA,2023-08-17,2023,229,-23.6558,31.49,13.49,9.67
SH-DB-BEZA,2023-08-18,2023,230,-23.6558,33.38,15.24,12.86
SH-DB-BEZA,2023-08-19,2023,231,-23.6558,29.61,15.21,13.56
SH-DB-BEZA,2023-08-20,2023,232,-23.6558,31.23,12.87,10.22
SH-DB-BEZA,2023-08-21,2023,233,-23.6558,32.5,15.15,11.61
SH-DB-BEZA,2023-08-22,2023,234,-23.6558,34.48,16.22,11.19
SH-DB-BEZA,2023-08-23,2023,235,-23.6558,34.56,16.36,11.51
SH-DB-BEZA,2023-08-24,2023,236,-23.6558,34.3,19.43,9.55
SH-DB-BEZA,2023-08-25,2023,237,-23.6558,34.66,17.58,11.32
SH-DB-BEZA,2023-08-26,2023,238,-23.6558,35.84,19.27,14.08
SH-DB-BEZA,2023-08-27,2023,239,-23.6558,31.23,18.12,14.52
SH-DB-BEZA,2023-08-28,2023,240,-23.6558,27.76,16.45,11.12
SH-DB-BEZA,2023-08-29,2023,241,-23.6558,30.72,14.32,9.38
SH-DB-BEZA,2023-08-30,2023,242,-23.6558,32.73,13.11,8.61
SH-DB-BEZA,2023-08-31,2023,243,-23.6558,33.94,15.63,9.82
SH-DB-BEZA,2023-09-01,2023,244,-23.6558,33.99,16.84,10.73
SH-DB-BEZA,2023-09-02,2023,245,-23.6558,34.8,17.24,9.63
SH-DB-BEZA,2023-09-03,2023,246,-23.6558,34.96,17.97,8.56
SH-DB-BEZA,2023-09-04,2023,247,-23.6558,35.16,18.38,11.04
SH-DB-BEZA,2023-09-05,2023,248,-23.6558,35.16,17.59,10.08
SH-DB-BEZA,2023-09-06,2023,249,-23.6558,34.57,18.02,8.08
SH-DB-BEZA,2023-09-07,2023,250,-23.6558,31.34,14.94,12.5
SH-DB-BEZA,2023-09-08,2023,251,-23.6558,34.9,16.39,12.9
SH-DB-BEZA,2023-09-09,2023,252,-23.6558,36.98,19.5,14.49
SH-DB-BEZA,2023-09-10,2023,253,-23.6558,35.87,18.71,12.01
SH-DB-BEZA,2023-09-11,2023,254,-23.6558,36.99,19.53,13.19
SH-DB-BEZA,2023-09-12,2023,255,-23.6558,35.96,19.56,15.55
SH-DB-BEZA,2023-09-13,2023,256,-23.6558,32.82,19.15,15.55
SH-DB-BEZA,2023-09-14,2023,257,-23.6558,35.81,17.88,13.63
SH-DB-BEZA,2023-09-15,2023,258,-23.6558,36.45,20.21,12.97
SH-DB-BEZA,2023-09-16,2023,259,-23.6558,36.75,20.22,14.07
SH-DB-BEZA,2023-09-17,2023,260,-23.6558,35.75,20.29,14.32
SH-DB-BEZA,2023-09-18,2023,261,-23.6558,34.88,19.42,14.41
SH-DB-BEZA,2023-09-19,2023,262,-23.6558,36.65,18.99,12.88
SH-DB-BEZA,2023-09-20,2023,263,-23.6558,36.36,20.28,13.97
SH-DB-BEZA,2023-09-21,2023,264,-23.6558,35.91,19.18,10.24
SH-DB-BEZA,2023-09-22,2023,265,-23.6558,37.76,20.15,11.29
SH-DB-BEZA,2023-09-23,2023,266,-23.6558,38.42,18.76,9.82
SH-DB-BEZA,2023-09-24,2023,267,-23.6558,38.03,20.07,11.81
SH-DB-BEZA,2023-09-25,2023,268,-23.6558,37.82,18.75,8.27
SH-DB-BEZA,2023-09-26,2023,269,-23.6558,37.96,19.84,12.66
SH-DB-BEZA,2023-09-27,2023,270,-23.6558,37.37,20.57,10.69
SH-DB-BEZA,2023-09-28,2023,271,-23.6558,37.5,19.93,13.1
SH-DB-BEZA,2023-09-29,2023,272,-23.6558,37.67,20.75,14.54
SH-DB-BEZA,2023-09-30,2023,273,-23.6558,37.3,20.45,13.78
SH-DB-BEZA,2023-10-01,2023,274,-23.6558,38.13,21.94,13.28
SH-DB-BEZA,2023-10-02,2023,275,-23.6558,30.52,17.67,14.67
SH-DB-BEZA,2023-10-03,2023,276,-23.6558,34.77,15.65,8.54
SH-DB-BEZA,2023-10-04,2023,277,-23.6558,38.31,16.86,9.04
SH-DB-BEZA,2023-10-05,2023,278,-23.6558,39.66,18.46,9.0
SH-DB-BEZA,2023-10-06,2023,279,-23.6558,39.51,19.28,8.71
SH-DB-BEZA,2023-10-07,2023,280,-23.6558,40.15,19.02,8.4
SH-DB-BEZA,2023-10-08,2023,281,-23.6558,37.56,19.6,15.56
SH-DB-BEZA,2023-10-09,2023,282,-23.6558,38.44,19.18,10.49
SH-DB-BEZA,2023-10-10,2023,283,-23.6558,38.47,19.82,14.57
SH-DB-BEZA,2023-10-11,2023,284,-23.6558,38.66,21.33,15.51
SH-DB-BEZA,2023-10-12,2023,285,-23.6558,39.6,21.53,14.84
SH-DB-BEZA,2023-10-13,2023,286,-23.6558,38.61,23.02,16.04
SH-DB-BEZA,2023-10-14,2023,287,-23.6558,38.36,21.79,17.1
SH-DB-BEZA,2023-10-15,2023,288,-23.6558,33.31,22.47,19.17
SH-DB-BEZA,2023-10-16,2023,289,-23.6558,33.25,20.5,15.09
SH-DB-BEZA,2023-10-17,2023,290,-23.6558,34.26,20.68,14.4
SH-DB-BEZA,2023-10-18,2023,291,-23.6558,33.64,21.42,15.77
SH-DB-BEZA,2023-10-19,2023,292,-23.6558,31.43,21.49,15.1
SH-DB-BEZA,2023-10-20,2023,293,-23.6558,34.54,20.19,14.86
SH-DB-BEZA,2023-10-21,2023,294,-23.6558,39.19,19.85,14.51
SH-DB-BEZA,2023-10-22,2023,295,-23.6558,36.02,20.44,14.91
SH-DB-BEZA,2023-10-23,2023,296,-23.6558,35.34,20.22,16.13
SH-DB-BEZA,2023-10-24,2023,297,-23.6558,33.99,20.43,16.81
SH-DB-BEZA,2023-10-25,2023,298,-23.6558,37.99,23.05,18.99
SH-DB-BEZA,2023-10-26,2023,299,-23.6558,34.53,20.85,15.48
SH-DB-BEZA,2023-10-27,2023,300,-23.6558,36.13,17.62,11.18
SH-DB-BEZA,2023-10-28,2023,301,-23.6558,40.07,21.24,15.14
SH-DB-BEZA,2023-10-29,2023,302,-23.6558,37.27,21.04,15.24
SH-DB-BEZA,2023-10-30,2023,303,-23.6558,36.15,19.97,15.32
SH-DB-BEZA,2023-10-31,2023,304,-23.6558,37.38,20.49,16.22
SH-DB-BEZA,2023-11-01,2023,305,-23.6558,32.89,21.63,17.72
SH-DB-BEZA,2023-11-02,2023,306,-23.6558,31.03,19.21,15.25
SH-DB-BEZA,2023-11-03,2023,307,-23.6558,31.45,16.63,10.73
SH-DB-BEZA,2023-11-04,2023,308,-23.6558,34.89,17.4,13.2
SH-DB-BEZA,2023-11-05,2023,309,-23.6558,34.63,21.13,16.26
SH-DB-BEZA,2023-11-06,2023,310,-23.6558,36.18,22.99,18.49
SH-DB-BEZA,2023-11-07,2023,311,-23.6558,37.92,21.57,17.79
SH-DB-BEZA,2023-11-08,2023,312,-23.6558,37.64,22.03,17.87
SH-DB-BEZA,2023-11-09,2023,313,-23.6558,30.05,20.66,18.66
SH-DB-BEZA,2023-11-10,2023,314,-23.6558,32.8,18.26,13.94
SH-DB-BEZA,2023-11-11,2023,315,-23.6558,35.91,16.98,9.88
SH-DB-BEZA,2023-11-12,2023,316,-23.6558,39.69,19.5,13.84
SH-DB-BEZA,2023-11-13,2023,317,-23.6558,35.91,20.28,15.35
SH-DB-BEZA,2023-11-14,2023,318,-23.6558,33.78,19.94,14.7
SH-DB-BEZA,2023-11-15,2023,319,-23.6558,28.97,17.43,12.58
SH-DB-BEZA,2023-11-16,2023,320,-23.6558,34.92,16.64,13.6
SH-DB-BEZA,2023-11-17,2023,321,-23.6558,39.27,20.83,15.19
SH-DB-BEZA,2023-11-18,2023,322,-23.6558,38.94,23.43,17.39
SH-DB-BEZA,2023-11-19,2023,323,-23.6558,38.99,22.24,17.32
SH-DB-BEZA,2023-11-20,2023,324,-23.6558,39.42,22.95,16.75
SH-DB-BEZA,2023-11-21,2023,325,-23.6558,41.48,23.87,17.93
SH-DB-BEZA,2023-11-22,2023,326,-23.6558,42.8,22.56,13.51
SH-DB-BEZA,2023-11-23,2023,327,-23.6558,42.83,24.35,13.62
SH-DB-BEZA,2023-11-24,2023,328,-23.6558,42.47,23.49,11.62
SH-DB-BEZA,2023-11-25,2023,329,-23.6558,42.16,23.43,16.21
SH-DB-BEZA,2023-11-26,2023,330,-23.6558,41.03,24.92,17.78
SH-DB-BEZA,2023-11-27,2023,331,-23.6558,40.87,22.84,13.42
SH-DB-BEZA,2023-11-28,2023,332,-23.6558,42.42,23.61,15.64
SH-DB-BEZA,2023-11-29,2023,333,-23.6558,40.64,23.57,16.99
SH-DB-BEZA,2023-11-30,2023,334,-23.6558,33.46,23.58,19.49
SH-DB-BEZA,2023-12-01,2023,335,-23.6558,33.06,20.75,15.67
SH-DB-BEZA,2023-12-02,2023,336,-23.6558,35.06,19.28,12.27
SH-DB-BEZA,2023-12-03,2023,337,-23.6558,38.62,18.34,9.94
SH-DB-BEZA,2023-12-04,2023,338,-23.6558,41.3,21.19,12.37
SH-DB-BEZA,2023-12-05,2023,339,-23.6558,36.59,22.33,15.3
SH-DB-BEZA,2023-12-06,2023,340,-23.6558,39.93,22.19,17.64
SH-DB-BEZA,2023-12-07,2023,341,-23.6558,40.41,22.91,16.51
SH-DB-BEZA,2023-12-08,2023,342,-23.6558,39.22,24.24,17.45
SH-DB-BEZA,2023-12-09,2023,343,-23.6558,37.76,24.86,19.76
SH-DB-BEZA,2023-12-10,2023,344,-23.6558,39.66,23.7,18.19
SH-DB-BEZA,2023-12-11,2023,345,-23.6558,40.96,24.91,18.01
SH-DB-BEZA,2023-12-12,2023,346,-23.6558,40.16,26.5,18.96
SH-DB-BEZA,2023-12-13,2023,347,-23.6558,40.16,24.39,16.34
SH-DB-BEZA,2023-12-14,2023,348,-23.6558,40.77,25.27,17.96
SH-DB-BEZA,2023-12-15,2023,349,-23.6558,40.99,27.25,18.28
SH-DB-BEZA,2023-12-16,2023,350,-23.6558,41.48,26.28,19.12
SH-DB-BEZA,2023-12-17,2023,351,-23.6558,37.17,24.46,19.14
SH-DB-BEZA,2023-12-18,2023,352,-23.6558,39.28,24.01,15.83
SH-DB-BEZA,2023-12-19,2023,353,-23.6558,39.76,22.27,15.39
SH-DB-BEZA,2023-12-20,2023,354,-23.6558,40.83,22.9,15.89
SH-DB-BEZA,2023-12-21,2023,355,-23.6558,41.67,24.11,17.44
SH-DB-BEZA,2023-12-22,2023,356,-23.6558,41.71,23.65,16.67
SH-DB-BEZA,2023-12-23,2023,357,-23.6558,39.23,23.82,16.54
SH-DB-BEZA,2023-12-24,2023,358,-23.6558,38.06,20.89,12.02
SH-DB-BEZA,2023-12-25,2023,359,-23.6558,39.96,23.44,14.18
SH-DB-BEZA,2023-12-26,2023,360,-23.6558,37.36,21.51,18.3
SH-DB-BEZA,2023-12-27,2023,361,-23.6558,37.1,23.55,18.93
SH-DB-BEZA,2023-12-28,2023,362,-23.6558,31.61,23.05,18.26
SH-DB-BEZA,2023-12-29,2023,363,-23.6558,34.14,22.37,19.19
SH-DB-BEZA,2023-12-30,2023,364,-23.6558,33.86,23.67,20.76
SH-DB-BEZA,2023-12-31,2023,365,-23.6558,31.35,23.15,21.78
SH-DB-BEZA,2024-01-01,2024,1,-23.6558,30.74,23.66,22.03
SH-DB-BEZA,2024-01-02,2024,2,-23.6558,31.7,22.68,21.61
SH-DB-BEZA,2024-01-03,2024,3,-23.6558,34.11,21.76,21.31
SH-DB-BEZA,2024-01-04,2024,4,-23.6558,33.76,22.47,22.23
SH-DB-BEZA,2024-01-05,2024,5,-23.6558,33.93,22.11,22.41
SH-DB-BEZA,2024-01-06,2024,6,-23.6558,34.41,23.35,22.95
SH-DB-BEZA,2024-01-07,2024,7,-23.6558,33.4,23.77,22.92
SH-DB-BEZA,2024-01-08,2024,8,-23.6558,34.2,23.19,22.77
SH-DB-BEZA,2024-01-09,2024,9,-23.6558,34.45,23.67,23.02
SH-DB-BEZA,2024-01-10,2024,10,-23.6558,35.28,24.0,22.49
SH-DB-BEZA,2024-01-11,2024,11,-23.6558,36.54,23.16,22.04
SH-DB-BEZA,2024-01-12,2024,12,-23.6558,36.83,24.15,22.04
SH-DB-BEZA,2024-01-13,2024,13,-23.6558,37.24,24.44,21.4
SH-DB-BEZA,2024-01-14,2024,14,-23.6558,36.39,24.64,21.77
SH-DB-BEZA,2024-01-15,2024,15,-23.6558,37.57,24.2,21.47
SH-DB-BEZA,2024-01-16,2024,16,-23.6558,37.18,24.53,20.95
SH-DB-BEZA,2024-01-17,2024,17,-23.6558,37.56,22.92,20.74
SH-DB-BEZA,2024-01-18,2024,18,-23.6558,37.81,24.89,21.56
SH-DB-BEZA,2024-01-19,2024,19,-23.6558,35.01,25.77,22.2
SH-DB-BEZA,2024-01-20,2024,20,-23.6558,35.91,24.6,21.18
SH-DB-BEZA,2024-01-21,2024,21,-23.6558,34.28,24.97,21.19
SH-DB-BEZA,2024-01-22,2024,22,-23.6558,34.93,24.08,22.05
SH-DB-BEZA,2024-01-23,2024,23,-23.6558,36.13,23.28,20.03
SH-DB-BEZA,2024-01-24,2024,24,-23.6558,34.51,21.34,17.38
SH-DB-BEZA,2024-01-25,2024,25,-23.6558,33.84,18.39,15.46
SH-DB-BEZA,2024-01-26,2024,26,-23.6558,34.58,18.2,14.6
SH-DB-BEZA,2024-01-27,2024,27,-23.6558,36.55,20.12,16.62
SH-DB-BEZA,2024-01-28,2024,28,-23.6558,36.08,23.12,19.17
SH-DB-BEZA,2024-01-29,2024,29,-23.6558,36.54,22.7,19.6
SH-DB-BEZA,2024-01-30,2024,30,-23.6558,37.91,21.25,16.26
SH-DB-BEZA,2024-01-31,2024,31,-23.6558,37.42,21.36,16.34
SH-DB-BEZA,2024-02-01,2024,32,-23.6558,37.71,22.89,19.55
SH-DB-BEZA,2024-02-02,2024,33,-23.6558,35.69,24.24,19.84
SH-DB-BEZA,2024-02-03,2024,34,-23.6558,36.45,24.1,18.65
SH-DB-BEZA,2024-02-04,2024,35,-23.6558,34.59,22.86,20.29
SH-DB-BEZA,2024-02-05,2024,36,-23.6558,32.31,22.54,22.4
SH-DB-BEZA,2024-02-06,2024,37,-23.6558,32.45,22.79,22.42
SH-DB-BEZA,2024-02-07,2024,38,-23.6558,32.75,22.67,21.91
SH-DB-BEZA,2024-02-08,2024,39,-23.6558,33.32,22.73,21.38
SH-DB-BEZA,2024-02-09,2024,40,-23.6558,36.0,22.53,21.59
SH-DB-BEZA,2024-02-10,2024,41,-23.6558,37.23,24.31,21.64
SH-DB-BEZA,2024-02-11,2024,42,-23.6558,35.39,23.84,22.76
SH-DB-BEZA,2024-02-12,2024,43,-23.6558,34.36,24.85,22.15
SH-DB-BEZA,2024-02-13,2024,44,-23.6558,35.77,23.09,20.21
SH-DB-BEZA,2024-02-14,2024,45,-23.6558,34.25,23.15,21.25
SH-DB-BEZA,2024-02-15,2024,46,-23.6558,31.38,23.57,20.21
SH-DB-BEZA,2024-02-16,2024,47,-23.6558,31.89,22.98,20.92
SH-DB-BEZA,2024-02-17,2024,48,-23.6558,35.01,23.24,21.64
SH-DB-BEZA,2024-02-18,2024,49,-23.6558,34.31,23.01,21.33
SH-DB-BEZA,2024-02-19,2024,50,-23.6558,34.86,21.85,18.99
SH-DB-BEZA,2024-02-20,2024,51,-23.6558,33.25,21.76,17.82
SH-DB-BEZA,2024-02-21,2024,52,-23.6558,33.85,21.9,19.11
SH-DB-BEZA,2024-02-22,2024,53,-23.6558,36.51,22.25,20.01
SH-DB-BEZA,2024-02-23,2024,54,-23.6558,38.12,24.67,20.62
SH-DB-BEZA,2024-02-24,2024,55,-23.6558,38.4,25.28,19.87
SH-DB-BEZA,2024-02-25,2024,56,-23.6558,34.45,25.1,20.79
SH-DB-BEZA,2024-02-26,2024,57,-23.6558,37.87,23.49,19.59
SH-DB-BEZA,2024-02-27,2024,58,-23.6558,36.0,24.26,22.3
SH-DB-BEZA,2024-02-28,2024,59,-23.6558,32.37,23.99,23.03
SH-DB-BEZA,2024-02-29,2024,60,-23.6558,33.89,20.81,18.73
SH-DB-BEZA,2024-03-01,2024,61,-23.6558,35.22,21.26,19.26
SH-DB-BEZA,2024-03-02,2024,62,-23.6558,35.69,22.85,19.45
SH-DB-BEZA,2024-03-03,2024,63,-23.6558,36.22,21.97,15.48
SH-DB-BEZA,2024-03-04,2024,64,-23.6558,37.02,21.49,20.49
SH-DB-BEZA,2024-03-05,2024,65,-23.6558,34.58,25.16,21.89
SH-DB-BEZA,2024-03-06,2024,66,-23.6558,28.35,24.13,24.17
SH-DB-BEZA,2024-03-07,2024,67,-23.6558,29.19,23.8,23.05
SH-DB-BEZA,2024-03-08,2024,68,-23.6558,32.1,22.96,23.61
SH-DB-BEZA,2024-03-09,2024,69,-23.6558,27.99,23.43,23.43
SH-DB-BEZA,2024-03-10,2024,70,-23.6558,30.66,22.56,22.59
SH-DB-BEZA,2024-03-11,2024,71,-23.6558,33.27,22.6,21.99
SH-DB-BEZA,2024-03-12,2024,72,-23.6558,33.12,23.03,21.93
SH-DB-BEZA,2024-03-13,2024,73,-23.6558,34.31,23.11,22.62
SH-DB-BEZA,2024-03-14,2024,74,-23.6558,32.99,22.66,22.14
SH-DB-BEZA,2024-03-15,2024,75,-23.6558,29.29,22.69,22.71
SH-DB-BEZA,2024-03-16,2024,76,-23.6558,33.58,21.72,21.74
SH-DB-BEZA,2024-03-17,2024,77,-23.6558,33.63,22.07,21.73
SH-DB-BEZA,2024-03-18,2024,78,-23.6558,33.31,22.89,22.62
SH-DB-BEZA,2024-03-19,2024,79,-23.6558,34.17,22.96,22.48
SH-DB-BEZA,2024-03-20,2024,80,-23.6558,33.31,23.19,22.32
SH-DB-BEZA,2024-03-21,2024,81,-23.6558,31.38,21.79,21.0
SH-DB-BEZA,2024-03-22,2024,82,-23.6558,32.68,21.8,21.1
SH-DB-BEZA,2024-03-23,2024,83,-23.6558,34.04,20.93,19.82
SH-DB-BEZA,2024-03-24,2024,84,-23.6558,30.01,21.67,20.94
SH-DB-BEZA,2024-03-25,2024,85,-23.6558,30.97,21.08,18.99
SH-DB-BEZA,2024-03-26,2024,86,-23.6558,32.58,18.85,16.73
SH-DB-BEZA,2024-03-27,2024,87,-23.6558,33.62,19.06,17.17
SH-DB-BEZA,2024-03-28,2024,88,-23.6558,33.82,19.84,17.48
SH-DB-BEZA,2024-03-29,2024,89,-23.6558,34.6,20.59,18.84
SH-DB-BEZA,2024-03-30,2024,90,-23.6558,31.72,21.16,20.26
SH-DB-BEZA,2024-03-31,2024,91,-23.6558,30.16,20.46,20.28
SH-DB-BEZA,2024-04-01,2024,92,-23.6558,32.24,20.29,19.95
SH-DB-BEZA,2024-04-02,2024,93,-23.6558,34.2,20.59,19.47
SH-DB-BEZA,2024-04-03,2024,94,-23.6558,34.25,21.63,18.85
SH-DB-BEZA,2024-04-04,2024,95,-23.6558,35.19,21.11,18.07
SH-DB-BEZA,2024-04-05,2024,96,-23.6558,35.69,21.56,18.29
SH-DB-BEZA,2024-04-06,2024,97,-23.6558,33.25,20.71,17.99
SH-DB-BEZA,2024-04-07,2024,98,-23.6558,32.6,20.33,19.15
SH-DB-BEZA,2024-04-08,2024,99,-23.6558,33.11,20.11,19.55
SH-DB-BEZA,2024-04-09,2024,100,-23.6558,33.68,21.55,19.36
SH-DB-BEZA,2024-04-10,2024,101,-23.6558,33.32,21.08,20.53
SH-DB-BEZA,2024-04-11,2024,102,-23.6558,28.35,19.95,19.87
SH-DB-BEZA,2024-04-12,2024,103,-23.6558,26.96,16.98,15.63
SH-DB-BEZA,2024-04-13,2024,104,-23.6558,27.65,14.73,14.09
SH-DB-BEZA,2024-04-14,2024,105,-23.6558,27.12,17.4,15.94
SH-DB-BEZA,2024-04-15,2024,106,-23.6558,30.71,18.76,17.31
SH-DB-BEZA,2024-04-16,2024,107,-23.6558,31.75,19.62,17.97
SH-DB-BEZA,2024-04-17,2024,108,-23.6558,33.32,20.68,17.33
SH-DB-BEZA,2024-04-18,2024,109,-23.6558,32.67,20.32,16.79
SH-DB-BEZA,2024-04-19,2024,110,-23.6558,30.85,20.94,17.81
SH-DB-BEZA,2024-04-20,2024,111,-23.6558,30.35,19.52,19.09
SH-DB-BEZA,2024-04-21,2024,112,-23.6558,31.4,17.83,16.81
SH-DB-BEZA,2024-04-22,2024,113,-23.6558,32.93,17.19,15.66
SH-DB-BEZA,2024-04-23,2024,114,-23.6558,34.5,17.83,16.51
SH-DB-BEZA,2024-04-24,2024,115,-23.6558,33.3,18.82,16.96
SH-DB-BEZA,2024-04-25,2024,116,-23.6558,34.04,18.6,17.07
SH-DB-BEZA,2024-04-26,2024,117,-23.6558,34.48,19.34,17.78
SH-DB-BEZA,2024-04-27,2024,118,-23.6558,30.62,19.49,18.39
SH-DB-BEZA,2024-04-28,2024,119,-23.6558,28.93,17.46,15.98
SH-DB-BEZA,2024-04-29,2024,120,-23.6558,33.8,16.39,16.0
SH-DB-BEZA,2024-04-30,2024,121,-23.6558,34.23,20.55,18.06
SH-DB-BEZA,2024-05-01,2024,122,-23.6558,31.91,19.8,18.54
SH-DB-BEZA,2024-05-02,2024,123,-23.6558,32.33,17.47,14.84
SH-DB-BEZA,2024-05-03,2024,124,-23.6558,30.29,15.92,16.2
SH-DB-BEZA,2024-05-04,2024,125,-23.6558,32.21,16.24,14.5
SH-DB-BEZA,2024-05-05,2024,126,-23.6558,33.48,15.7,12.66
SH-DB-BEZA,2024-05-06,2024,127,-23.6558,33.2,16.9,11.86
SH-DB-BEZA,2024-05-07,2024,128,-23.6558,33.3,17.16,13.9
SH-DB-BEZA,2024-05-08,2024,129,-23.6558,33.66,18.34,14.86
SH-DB-BEZA,2024-05-09,2024,130,-23.6558,33.75,18.7,15.41
SH-DB-BEZA,2024-05-10,2024,131,-23.6558,33.82,18.99,14.68
SH-DB-BEZA,2024-05-11,2024,132,-23.6558,33.17,18.31,13.62
SH-DB-BEZA,2024-05-12,2024,133,-23.6558,32.22,17.16,13.48
SH-DB-BEZA,2024-05-13,2024,134,-23.6558,32.49,16.35,15.04
SH-DB-BEZA,2024-05-14,2024,135,-23.6558,30.92,18.24,16.55
SH-DB-BEZA,2024-05-15,2024,136,-23.6558,32.08,18.13,16.04
SH-DB-BEZA,2024-05-16,2024,137,-23.6558,33.84,17.74,15.21
SH-DB-BEZA,2024-05-17,2024,138,-23.6558,33.69,19.36,15.82
SH-DB-BEZA,2024-05-18,2024,139,-23.6558,32.32,19.04,16.66
SH-DB-BEZA,2024-05-19,2024,140,-23.6558,28.71,16.25,14.94
SH-DB-BEZA,2024-05-20,2024,141,-23.6558,29.71,15.95,13.3
SH-DB-BEZA,2024-05-21,2024,142,-23.6558,29.59,14.58,10.52
SH-DB-BEZA,2024-05-22,2024,143,-23.6558,28.56,13.84,10.75
SH-DB-BEZA,2024-05-23,2024,144,-23.6558,29.9,13.13,11.72
SH-DB-BEZA,2024-05-24,2024,145,-23.6558,30.62,14.19,11.0
SH-DB-BEZA,2024-05-25,2024,146,-23.6558,30.5,15.8,13.58
SH-DB-BEZA,2024-05-26,2024,147,-23.6558,29.44,14.79,13.24
SH-DB-BEZA,2024-05-27,2024,148,-23.6558,28.29,14.63,13.18
SH-DB-BEZA,2024-05-28,2024,149,-23.6558,29.28,13.16,12.23
SH-DB-BEZA,2024-05-29,2024,150,-23.6558,30.58,14.83,12.79
SH-DB-BEZA,2024-05-30,2024,151,-23.6558,31.37,14.74,11.43
SH-DB-BEZA,2024-05-31,2024,152,-23.6558,31.84,14.68,12.11
SH-DB-BEZA,2024-06-01,2024,153,-23.6558,32.47,15.5,12.21
SH-DB-BEZA,2024-06-02,2024,154,-23.6558,31.9,16.52,9.74
SH-DB-BEZA,2024-06-03,2024,155,-23.6558,32.14,17.17,10.15
SH-DB-BEZA,2024-06-04,2024,156,-23.6558,33.69,17.29,13.08
SH-DB-BEZA,2024-06-05,2024,157,-23.6558,33.09,17.94,14.2
SH-DB-BEZA,2024-06-06,2024,158,-23.6558,32.61,17.52,14.05
SH-DB-BEZA,2024-06-07,2024,159,-23.6558,33.02,17.26,13.77
SH-DB-BEZA,2024-06-08,2024,160,-23.6558,27.69,16.55,16.7
SH-DB-BEZA,2024-06-09,2024,161,-23.6558,24.06,13.64,10.52
SH-DB-BEZA,2024-06-10,2024,162,-23.6558,25.43,12.28,10.97
SH-DB-BEZA,2024-06-11,2024,163,-23.6558,24.19,13.42,12.97
SH-DB-BEZA,2024-06-12,2024,164,-23.6558,27.43,15.38,14.36
SH-DB-BEZA,2024-06-13,2024,165,-23.6558,29.46,15.18,14.47
SH-DB-BEZA,2024-06-14,2024,166,-23.6558,28.27,15.78,16.39
SH-DB-BEZA,2024-06-15,2024,167,-23.6558,27.36,15.79,12.84
SH-DB-BEZA,2024-06-16,2024,168,-23.6558,27.31,12.47,10.88
SH-DB-BEZA,2024-06-17,2024,169,-23.6558,29.59,12.35,11.34
SH-DB-BEZA,2024-06-18,2024,170,-23.6558,32.0,14.69,13.88
SH-DB-BEZA,2024-06-19,2024,171,-23.6558,28.6,16.93,16.23
SH-DB-BEZA,2024-06-20,2024,172,-23.6558,28.7,15.26,14.9
SH-DB-BEZA,2024-06-21,2024,173,-23.6558,29.58,15.52,13.72
SH-DB-BEZA,2024-06-22,2024,174,-23.6558,29.84,15.11,12.89
SH-DB-BEZA,2024-06-23,2024,175,-23.6558,28.75,15.48,12.09
SH-DB-BEZA,2024-06-24,2024,176,-23.6558,27.72,15.39,12.42
SH-DB-BEZA,2024-06-25,2024,177,-23.6558,29.2,13.2,12.73
SH-DB-BEZA,2024-06-26,2024,178,-23.6558,29.35,14.39,10.37
SH-DB-BEZA,2024-06-27,2024,179,-23.6558,29.03,12.58,11.19
SH-DB-BEZA,2024-06-28,2024,180,-23.6558,28.84,13.23,8.38
SH-DB-BEZA,2024-06-29,2024,181,-23.6558,28.35,11.37,5.9
SH-DB-BEZA,2024-06-30,2024,182,-23.6558,29.25,11.66,9.4
SH-DB-BEZA,2024-07-01,2024,183,-23.6558,27.89,12.71,10.48
SH-DB-BEZA,2024-07-02,2024,184,-23.6558,28.53,12.67,10.06
SH-DB-BEZA,2024-07-03,2024,185,-23.6558,29.27,13.61,10.49
SH-DB-BEZA,2024-07-04,2024,186,-23.6558,25.46,15.16,13.81
SH-DB-BEZA,2024-07-05,2024,187,-23.6558,27.36,12.17,13.44
SH-DB-BEZA,2024-07-06,2024,188,-23.6558,27.34,16.0,13.14
SH-DB-BEZA,2024-07-07,2024,189,-23.6558,26.07,14.3,12.64
SH-DB-BEZA,2024-07-08,2024,190,-23.6558,29.38,11.58,9.55
SH-DB-BEZA,2024-07-09,2024,191,-23.6558,27.82,12.12,12.59
SH-DB-BEZA,2024-07-10,2024,192,-23.6558,29.37,12.79,9.72
SH-DB-BEZA,2024-07-11,2024,193,-23.6558,31.96,13.23,7.93
SH-DB-BEZA,2024-07-12,2024,194,-23.6558,31.8,12.14,6.68
SH-DB-BEZA,2024-07-13,2024,195,-23.6558,31.36,12.07,7.13
SH-DB-BEZA,2024-07-14,2024,196,-23.6558,31.2,14.03,11.65
SH-DB-BEZA,2024-07-15,2024,197,-23.6558,29.12,13.43,12.58
SH-DB-BEZA,2024-07-16,2024,198,-23.6558,28.5,14.17,10.33
SH-DB-BEZA,2024-07-17,2024,199,-23.6558,28.41,12.71,11.43
SH-DB-BEZA,2024-07-18,2024,200,-23.6558,29.44,13.8,12.93
SH-DB-BEZA,2024-07-19,2024,201,-23.6558,31.12,14.21,12.09
SH-DB-BEZA,2024-07-20,2024,202,-23.6558,28.91,15.03,11.19
SH-DB-BEZA,2024-07-21,2024,203,-23.6558,30.25,12.53,7.12
SH-DB-BEZA,2024-07-22,2024,204,-23.6558,29.59,12.99,9.77
SH-DB-BEZA,2024-07-23,2024,205,-23.6558,28.81,13.97,12.4
SH-DB-BEZA,2024-07-24,2024,206,-23.6558,30.63,14.37,11.71
SH-DB-BEZA,2024-07-25,2024,207,-23.6558,29.07,14.48,13.03
SH-DB-BEZA,2024-07-26,2024,208,-23.6558,27.45,15.25,13.27
SH-DB-BEZA,2024-07-27,2024,209,-23.6558,28.41,12.39,9.19
SH-DB-BEZA,2024-07-28,2024,210,-23.6558,29.8,12.66,8.93
SH-DB-BEZA,2024-07-29,2024,211,-23.6558,30.22,11.56,10.62
SH-DB-BEZA,2024-07-30,2024,212,-23.6558,29.13,15.47,12.08
SH-DB-BEZA,2024-07-31,2024,213,-23.6558,28.35,13.46,9.51
SH-DB-BEZA,2024-08-01,2024,214,-23.6558,27.16,11.11,8.78
SH-DB-BEZA,2024-08-02,2024,215,-23.6558,28.35,11.69,9.58
SH-DB-BEZA,2024-08-03,2024,216,-23.6558,29.51,11.66,7.92
SH-DB-BEZA,2024-08-04,2024,217,-23.6558,30.38,11.71,9.07
SH-DB-BEZA,2024-08-05,2024,218,-23.6558,31.2,13.45,8.82
SH-DB-BEZA,2024-08-06,2024,219,-23.6558,29.89,13.2,14.04
SH-DB-BEZA,2024-08-07,2024,220,-23.6558,31.9,15.14,12.2
SH-DB-BEZA,2024-08-08,2024,221,-23.6558,33.13,15.18,13.38
SH-DB-BEZA,2024-08-09,2024,222,-23.6558,32.73,15.71,14.69
SH-DB-BEZA,2024-08-10,2024,223,-23.6558,33.17,14.81,10.53
SH-DB-BEZA,2024-08-11,2024,224,-23.6558,33.97,15.31,10.45
SH-DB-BEZA,2024-08-12,2024,225,-23.6558,33.01,14.79,10.62
SH-DB-BEZA,2024-08-13,2024,226,-23.6558,32.44,14.45,7.19
SH-DB-BEZA,2024-08-14,2024,227,-23.6558,33.53,16.02,11.46
SH-DB-BEZA,2024-08-15,2024,228,-23.6558,30.89,16.71,13.2
SH-DB-BEZA,2024-08-16,2024,229,-23.6558,28.92,13.17,9.34
SH-DB-BEZA,2024-08-17,2024,230,-23.6558,31.01,13.39,9.76
SH-DB-BEZA,2024-08-18,2024,231,-23.6558,32.82,14.56,8.98
SH-DB-BEZA,2024-08-19,2024,232,-23.6558,32.61,15.63,8.33
SH-DB-BEZA,2024-08-20,2024,233,-23.6558,31.67,14.73,9.13
SH-DB-BEZA,2024-08-21,2024,234,-23.6558,31.23,13.86,9.38
SH-DB-BEZA,2024-08-22,2024,235,-23.6558,32.21,14.29,9.79
SH-DB-BEZA,2024-08-23,2024,236,-23.6558,26.45,14.03,12.18
SH-DB-BEZA,2024-08-24,2024,237,-23.6558,28.17,10.81,6.13
SH-DB-BEZA,2024-08-25,2024,238,-23.6558,32.9,12.36,6.31
SH-DB-BEZA,2024-08-26,2024,239,-23.6558,33.52,14.43,8.74
SH-DB-BEZA,2024-08-27,2024,240,-23.6558,34.72,14.76,8.57
SH-DB-BEZA,2024-08-28,2024,241,-23.6558,36.46,17.36,12.59
SH-DB-BEZA,2024-08-29,2024,242,-23.6558,35.45,17.74,12.18
SH-DB-BEZA,2024-08-30,2024,243,-23.6558,34.06,18.35,13.54
SH-DB-BEZA,2024-08-31,2024,244,-23.6558,29.15,17.21,15.88
SH-DB-BEZA,2024-09-01,2024,245,-23.6558,27.47,16.47,14.01
SH-DB-BEZA,2024-09-02,2024,246,-23.6558,29.72,15.2,13.66
SH-DB-BEZA,2024-09-03,2024,247,-23.6558,28.24,16.62,14.53
SH-DB-BEZA,2024-09-04,2024,248,-23.6558,31.67,16.87,13.89
SH-DB-BEZA,2024-09-05,2024,249,-23.6558,33.89,17.2,13.31
SH-DB-BEZA,2024-09-06,2024,250,-23.6558,34.71,18.77,13.67
SH-DB-BEZA,2024-09-07,2024,251,-23.6558,36.36,18.4,14.17
SH-DB-BEZA,2024-09-08,2024,252,-23.6558,38.63,20.35,13.27
SH-DB-BEZA,2024-09-09,2024,253,-23.6558,37.15,21.12,10.44
SH-DB-BEZA,2024-09-10,2024,254,-23.6558,35.46,18.66,15.7
SH-DB-BEZA,2024-09-11,2024,255,-23.6558,32.83,18.37,15.29
SH-DB-BEZA,2024-09-12,2024,256,-23.6558,33.47,16.97,12.74
SH-DB-BEZA,2024-09-13,2024,257,-23.6558,34.43,17.18,13.0
SH-DB-BEZA,2024-09-14,2024,258,-23.6558,37.32,18.1,11.06
SH-DB-BEZA,2024-09-15,2024,259,-23.6558,37.1,18.89,13.25
SH-DB-BEZA,2024-09-16,2024,260,-23.6558,38.56,18.59,12.33
SH-DB-BEZA,2024-09-17,2024,261,-23.6558,38.64,19.55,11.12
SH-DB-BEZA,2024-09-18,2024,262,-23.6558,39.68,20.18,13.14
SH-DB-BEZA,2024-09-19,2024,263,-23.6558,38.19,20.25,16.37
SH-DB-BEZA,2024-09-20,2024,264,-23.6558,39.18,20.22,15.42
SH-DB-BEZA,2024-09-21,2024,265,-23.6558,39.13,21.83,12.47
SH-DB-BEZA,2024-09-22,2024,266,-23.6558,30.89,18.2,16.74
SH-DB-BEZA,2024-09-23,2024,267,-23.6558,27.22,17.21,12.56
SH-DB-BEZA,2024-09-24,2024,268,-23.6558,33.9,16.99,13.58
SH-DB-BEZA,2024-09-25,2024,269,-23.6558,35.34,21.93,16.82
SH-DB-BEZA,2024-09-26,2024,270,-23.6558,36.26,20.52,16.71
SH-DB-BEZA,2024-09-27,2024,271,-23.6558,36.75,19.35,16.24
SH-DB-BEZA,2024-09-28,2024,272,-23.6558,35.11,19.4,15.65
SH-DB-BEZA,2024-09-29,2024,273,-23.6558,39.18,19.36,14.73
SH-DB-BEZA,2024-09-30,2024,274,-23.6558,39.42,19.48,14.77
SH-DB-BEZA,2024-10-01,2024,275,-23.6558,37.39,21.0,16.81
SH-DB-BEZA,2024-10-02,2024,276,-23.6558,31.74,18.76,14.76
SH-DB-BEZA,2024-10-03,2024,277,-23.6558,27.13,16.61,9.96
SH-DB-BEZA,2024-10-04,2024,278,-23.6558,28.59,14.7,7.08
SH-DB-BEZA,2024-10-05,2024,279,-23.6558,31.11,13.54,7.31
SH-DB-BEZA,2024-10-06,2024,280,-23.6558,33.77,13.74,6.26
SH-DB-BEZA,2024-10-07,2024,281,-23.6558,32.84,17.48,13.15
SH-DB-BEZA,2024-10-08,2024,282,-23.6558,34.02,16.6,12.62
SH-DB-BEZA,2024-10-09,2024,283,-23.6558,35.62,18.67,13.67
SH-DB-BEZA,2024-10-10,2024,284,-23.6558,35.7,20.7,12.99
SH-DB-BEZA,2024-10-11,2024,285,-23.6558,36.01,23.26,13.0
SH-DB-BEZA,2024-10-12,2024,286,-23.6558,38.25,20.65,11.62
SH-DB-BEZA,2024-10-13,2024,287,-23.6558,38.21,19.42,7.94
SH-DB-BEZA,2024-10-14,2024,288,-23.6558,38.34,18.72,12.66
SH-DB-BEZA,2024-10-15,2024,289,-23.6558,33.99,19.81,13.71
SH-DB-BEZA,2024-10-16,2024,290,-23.6558,28.77,17.27,13.13
SH-DB-BEZA,2024-10-17,2024,291,-23.6558,31.85,14.28,9.64
SH-DB-BEZA,2024-10-18,2024,292,-23.6558,36.81,18.26,13.4
SH-DB-BEZA,2024-10-19,2024,293,-23.6558,35.17,19.64,14.98
SH-DB-BEZA,2024-10-20,2024,294,-23.6558,37.95,20.16,15.93
SH-DB-BEZA,2024-10-21,2024,295,-23.6558,40.18,22.89,15.85
SH-DB-BEZA,2024-10-22,2024,296,-23.6558,39.45,23.18,12.77
SH-DB-BEZA,2024-10-23,2024,297,-23.6558,39.63,21.31,12.15
SH-DB-BEZA,2024-10-24,2024,298,-23.6558,37.73,22.83,15.79
SH-DB-BEZA,2024-10-25,2024,299,-23.6558,33.81,23.87,17.11
SH-DB-BEZA,2024-10-26,2024,300,-23.6558,35.83,20.97,14.67
SH-DB-BEZA,2024-10-27,2024,301,-23.6558,38.78,20.63,13.05
SH-DB-BEZA,2024-10-28,2024,302,-23.6558,39.74,23.54,15.81
SH-DB-BEZA,2024-10-29,2024,303,-23.6558,41.18,24.56,17.22
SH-DB-BEZA,2024-10-30,2024,304,-23.6558,38.95,23.94,16.62
SH-DB-BEZA,2024-10-31,2024,305,-23.6558,35.18,22.08,18.02
SH-DB-BEZA,2024-11-01,2024,306,-23.6558,35.87,21.52,16.52
SH-DB-BEZA,2024-11-02,2024,307,-23.6558,39.16,21.35,17.12
SH-DB-BEZA,2024-11-03,2024,308,-23.6558,40.07,23.5,17.46
SH-DB-BEZA,2024-11-04,2024,309,-23.6558,40.23,24.75,17.89
SH-DB-BEZA,2024-11-05,2024,310,-23.6558,40.35,23.47,17.16
SH-DB-BEZA,2024-11-06,2024,311,-23.6558,37.36,23.33,17.01
SH-DB-BEZA,2024-11-07,2024,312,-23.6558,38.77,22.22,16.5
SH-DB-BEZA,2024-11-08,2024,313,-23.6558,37.03,22.14,17.29
SH-DB-BEZA,2024-11-09,2024,314,-23.6558,36.88,22.45,17.5
SH-DB-BEZA,2024-11-10,2024,315,-23.6558,38.47,22.0,17.57
SH-DB-BEZA,2024-11-11,2024,316,-23.6558,40.47,22.55,16.58
SH-DB-BEZA,2024-11-12,2024,317,-23.6558,39.95,22.99,15.56
SH-DB-BEZA,2024-11-13,2024,318,-23.6558,41.82,23.5,15.29
SH-DB-BEZA,2024-11-14,2024,319,-23.6558,40.74,23.92,18.05
SH-DB-BEZA,2024-11-15,2024,320,-23.6558,40.5,24.44,18.48
SH-DB-BEZA,2024-11-16,2024,321,-23.6558,40.82,25.3,18.27
SH-DB-BEZA,2024-11-17,2024,322,-23.6558,40.02,24.61,19.24
SH-DB-BEZA,2024-11-18,2024,323,-23.6558,40.67,24.36,18.37
SH-DB-BEZA,2024-11-19,2024,324,-23.6558,35.99,22.84,17.39
SH-DB-BEZA,2024-11-20,2024,325,-23.6558,41.11,23.59,13.73
SH-DB-BEZA,2024-11-21,2024,326,-23.6558,41.13,23.58,14.46
SH-DB-BEZA,2024-11-22,2024,327,-23.6558,41.28,25.08,16.99
SH-DB-BEZA,2024-11-23,2024,328,-23.6558,39.55,22.9,16.51
SH-DB-BEZA,2024-11-24,2024,329,-23.6558,38.83,21.36,15.94
SH-DB-BEZA,2024-11-25,2024,330,-23.6558,41.15,24.68,17.91
SH-DB-BEZA,2024-11-26,2024,331,-23.6558,41.84,25.14,17.49
SH-DB-BEZA,2024-11-27,2024,332,-23.6558,40.26,23.5,18.8
SH-DB-BEZA,2024-11-28,2024,333,-23.6558,37.08,24.27,20.15
SH-DB-BEZA,2024-11-29,2024,334,-23.6558,28.71,20.57,19.72
SH-DB-BEZA,2024-11-30,2024,335,-23.6558,32.9,18.62,13.06
SH-DB-BEZA,2024-12-01,2024,336,-23.6558,33.88,18.66,14.55
SH-DB-BEZA,2024-12-02,2024,337,-23.6558,36.8,20.71,16.89
SH-DB-BEZA,2024-12-03,2024,338,-23.6558,37.54,24.71,18.97
SH-DB-BEZA,2024-12-04,2024,339,-23.6558,37.64,23.35,19.47
SH-DB-BEZA,2024-12-05,2024,340,-23.6558,38.29,23.77,19.41
SH-DB-BEZA,2024-12-06,2024,341,-23.6558,36.08,24.63,19.45
SH-DB-BEZA,2024-12-07,2024,342,-23.6558,39.2,22.55,18.26
SH-DB-BEZA,2024-12-08,2024,343,-23.6558,39.41,23.02,17.66
SH-DB-BEZA,2024-12-09,2024,344,-23.6558,39.55,23.64,17.57
SH-DB-BEZA,2024-12-10,2024,345,-23.6558,40.36,24.74,16.54
SH-DB-BEZA,2024-12-11,2024,346,-23.6558,41.6,25.89,18.17
SH-DB-BEZA,2024-12-12,2024,347,-23.6558,39.97,25.16,19.47
SH-DB-BEZA,2024-12-13,2024,348,-23.6558,38.11,26.0,20.19
SH-DB-BEZA,2024-12-14,2024,349,-23.6558,41.47,24.51,18.22
SH-DB-BEZA,2024-12-15,2024,350,-23.6558,41.7,27.01,16.63
SH-DB-BEZA,2024-12-16,2024,351,-23.6558,42.32,27.25,19.61
SH-DB-BEZA,2024-12-17,2024,352,-23.6558,37.87,27.24,22.3
SH-DB-BEZA,2024-12-18,2024,353,-23.6558,41.31,26.73,19.2
SH-DB-BEZA,2024-12-19,2024,354,-23.6558,43.03,25.52,14.42
SH-DB-BEZA,2024-12-20,2024,355,-23.6558,42.31,25.59,15.59
SH-DB-BEZA,2024-12-21,2024,356,-23.6558,42.48,27.21,17.81
SH-DB-BEZA,2024-12-22,2024,357,-23.6558,41.19,26.63,19.24
SH-DB-BEZA,2024-12-23,2024,358,-23.6558,40.95,25.62,19.73
SH-DB-BEZA,2024-12-24,2024,359,-23.6558,40.59,23.67,18.76
SH-DB-BEZA,2024-12-25,2024,360,-23.6558,38.23,25.81,18.71
SH-DB-BEZA,2024-12-26,2024,361,-23.6558,38.61,24.45,19.43
SH-DB-BEZA,2024-12-27,2024,362,-23.6558,38.19,26.98,19.11
SH-DB-BEZA,2024-12-28,2024,363,-23.6558,38.01,26.09,20.27
SH-DB-BEZA,2024-12-29,2024,364,-23.6558,35.89,25.61,21.05
SH-DB-BEZA,2024-12-30,2024,365,-23.6558,36.65,24.55,21.18
SH-DB-BEZA,2024-12-31,2024,366,-23.6558,40.15,25.0,18.79
SH-DB-BEZA,2025-01-01,2025,1,-23.6558,40.21,25.82,19.95
SH-DB-BEZA,2025-01-02,2025,2,-23.6558,40.12,27.0,18.25
SH-DB-BEZA,2025-01-03,2025,3,-23.6558,41.35,25.69,14.81
SH-DB-BEZA,2025-01-04,2025,4,-23.6558,41.74,26.41,18.02
SH-DB-BEZA,2025-01-05,2025,5,-23.6558,38.95,26.98,20.5
SH-DB-BEZA,2025-01-06,2025,6,-23.6558,38.88,25.96,20.3
SH-DB-BEZA,2025-01-07,2025,7,-23.6558,41.54,25.58,17.43
SH-DB-BEZA,2025-01-08,2025,8,-23.6558,37.34,25.66,20.0
SH-DB-BEZA,2025-01-09,2025,9,-23.6558,38.72,26.42,19.85
SH-DB-BEZA,2025-01-10,2025,10,-23.6558,41.88,26.21,18.81
SH-DB-BEZA,2025-01-11,2025,11,-23.6558,44.35,27.06,15.29
SH-DB-BEZA,2025-01-12,2025,12,-23.6558,43.43,25.95,17.71
SH-DB-BEZA,2025-01-13,2025,13,-23.6558,42.98,27.94,17.23
SH-DB-BEZA,2025-01-14,2025,14,-23.6558,37.49,25.85,21.46
SH-DB-BEZA,2025-01-15,2025,15,-23.6558,34.42,25.18,22.03
SH-DB-BEZA,2025-01-16,2025,16,-23.6558,32.67,25.51,23.83
SH-DB-BEZA,2025-01-17,2025,17,-23.6558,33.63,24.77,23.1
SH-DB-BEZA,2025-01-18,2025,18,-23.6558,33.7,24.81,22.48
SH-DB-BEZA,2025-01-19,2025,19,-23.6558,34.16,25.01,22.86
SH-DB-BEZA,2025-01-20,2025,20,-23.6558,34.37,24.4,23.22
SH-DB-BEZA,2025-01-21,2025,21,-23.6558,29.87,22.3,22.17
SH-DB-BEZA,2025-01-22,2025,22,-23.6558,30.32,23.34,22.86
SH-DB-BEZA,2025-01-23,2025,23,-23.6558,30.33,22.37,22.04
SH-DB-BEZA,2025-01-24,2025,24,-23.6558,28.99,23.06,22.36
SH-DB-BEZA,2025-01-25,2025,25,-23.6558,27.3,22.37,22.41
SH-DB-BEZA,2025-01-26,2025,26,-23.6558,30.28,22.99,23.33
SH-DB-BEZA,2025-01-27,2025,27,-23.6558,29.07,24.32,24.16
SH-DB-BEZA,2025-01-28,2025,28,-23.6558,28.05,23.81,23.76
SH-DB-BEZA,2025-01-29,2025,29,-23.6558,29.98,23.28,24.06
SH-DB-BEZA,2025-01-30,2025,30,-23.6558,29.87,23.78,24.43
SH-DB-BEZA,2025-01-31,2025,31,-23.6558,30.41,23.88,23.94
SH-DB-BEZA,2025-02-01,2025,32,-23.6558,32.26,22.86,23.45
SH-DB-BEZA,2025-02-02,2025,33,-23.6558,32.82,22.17,23.25
SH-DB-BEZA,2025-02-03,2025,34,-23.6558,32.57,21.09,21.92
SH-DB-BEZA,2025-02-04,2025,35,-23.6558,30.33,19.62,19.36
SH-DB-BEZA,2025-02-05,2025,36,-23.6558,32.54,18.48,21.23
SH-DB-BEZA,2025-02-06,2025,37,-23.6558,31.79,23.86,23.3
SH-DB-BEZA,2025-02-07,2025,38,-23.6558,31.8,23.45,23.13
SH-DB-BEZA,2025-02-08,2025,39,-23.6558,32.24,23.99,23.34
SH-DB-BEZA,2025-02-09,2025,40,-23.6558,33.1,23.19,22.75
SH-DB-BEZA,2025-02-10,2025,41,-23.6558,31.69,23.25,23.49
SH-DB-BEZA,2025-02-11,2025,42,-23.6558,31.7,22.87,22.91
SH-DB-BEZA,2025-02-12,2025,43,-23.6558,31.85,21.49,21.82
SH-DB-BEZA,2025-02-13,2025,44,-23.6558,33.96,22.55,22.03
SH-DB-BEZA,2025-02-14,2025,45,-23.6558,34.57,24.17,22.94
SH-DB-BEZA,2025-02-15,2025,46,-23.6558,34.08,23.93,22.79
SH-DB-BEZA,2025-02-16,2025,47,-23.6558,34.2,22.5,22.49
SH-DB-BEZA,2025-02-17,2025,48,-23.6558,33.76,22.38,22.85
SH-DB-BEZA,2025-02-18,2025,49,-23.6558,35.17,23.99,22.45
SH-DB-BEZA,2025-02-19,2025,50,-23.6558,32.7,24.72,23.43
SH-DB-BEZA,2025-02-20,2025,51,-23.6558,32.16,24.26,23.19
SH-DB-BEZA,2025-02-21,2025,52,-23.6558,31.03,23.0,22.54
SH-DB-BEZA,2025-02-22,2025,53,-23.6558,27.9,23.52,23.42
SH-DB-BEZA,2025-02-23,2025,54,-23.6558,28.38,22.98,22.67
SH-DB-BEZA,2025-02-24,2025,55,-23.6558,29.88,22.88,22.43
SH-DB-BEZA,2025-02-25,2025,56,-23.6558,28.55,21.19,21.59
SH-DB-BEZA,2025-02-26,2025,57,-23.6558,28.04,20.44,21.06
SH-DB-BEZA,2025-02-27,2025,58,-23.6558,30.03,24.38,23.92
SH-DB-BEZA,2025-02-28,2025,59,-23.6558,26.73,24.73,24.16
SH-DB-BEZA,2025-03-01,2025,60,-23.6558,26.94,23.99,23.49
SH-DB-BEZA,2025-03-02,2025,61,-23.6558,27.29,23.62,23.58
SH-DB-BEZA,2025-03-03,2025,62,-23.6558,30.1,23.5,23.7
SH-DB-BEZA,2025-03-04,2025,63,-23.6558,30.86,22.87,23.41
SH-DB-BEZA,2025-03-05,2025,64,-23.6558,31.77,22.29,23.02
SH-DB-BEZA,2025-03-06,2025,65,-23.6558,33.07,23.18,23.52
SH-DB-BEZA,2025-03-07,2025,66,-23.6558,34.03,23.12,23.11
SH-DB-BEZA,2025-03-08,2025,67,-23.6558,33.99,22.24,21.73
SH-DB-BEZA,2025-03-09,2025,68,-23.6558,34.8,22.35,22.6
SH-DB-BEZA,2025-03-10,2025,69,-23.6558,34.18,23.53,22.32
SH-DB-BEZA,2025-03-11,2025,70,-23.6558,30.78,23.13,21.16
SH-DB-BEZA,2025-03-12,2025,71,-23.6558,31.21,22.42,22.27
SH-DB-BEZA,2025-03-13,2025,72,-23.6558,28.66,22.71,22.61
SH-DB-BEZA,2025-03-14,2025,73,-23.6558,29.22,22.43,22.59
SH-DB-BEZA,2025-03-15,2025,74,-23.6558,26.32,21.08,21.6
SH-DB-BEZA,2025-03-16,2025,75,-23.6558,27.2,18.36,18.91
SH-DB-BEZA,2025-03-17,2025,76,-23.6558,29.64,17.22,18.0
SH-DB-BEZA,2025-03-18,2025,77,-23.6558,30.71,17.49,17.76
SH-DB-BEZA,2025-03-19,2025,78,-23.6558,31.75,20.15,18.56
SH-DB-BEZA,2025-03-20,2025,79,-23.6558,31.44,19.13,18.3
SH-DB-BEZA,2025-03-21,2025,80,-23.6558,30.71,21.7,21.09
SH-DB-BEZA,2025-03-22,2025,81,-23.6558,29.73,20.51,20.51
SH-DB-BEZA,2025-03-23,2025,82,-23.6558,30.98,19.82,19.92
SH-DB-BEZA,2025-03-24,2025,83,-23.6558,32.34,19.8,20.07
SH-DB-BEZA,2025-03-25,2025,84,-23.6558,34.16,20.94,20.7
SH-DB-BEZA,2025-03-26,2025,85,-23.6558,33.82,21.79,21.15
SH-DB-BEZA,2025-03-27,2025,86,-23.6558,34.94,22.12,21.45
SH-DB-BEZA,2025-03-28,2025,87,-23.6558,35.06,21.92,20.97
SH-DB-BEZA,2025-03-29,2025,88,-23.6558,35.27,21.04,18.22
SH-DB-BEZA,2025-03-30,2025,89,-23.6558,35.62,21.3,19.32
SH-DB-BEZA,2025-03-31,2025,90,-23.6558,35.9,21.43,17.9
SH-DB-BEZA,2025-04-01,2025,91,-23.6558,35.65,21.05,15.78
SH-DB-BEZA,2025-04-02,2025,92,-23.6558,35.48,20.24,17.18
SH-DB-BEZA,2025-04-03,2025,93,-23.6558,32.65,19.15,18.0
SH-DB-BEZA,2025-04-04,2025,94,-23.6558,31.74,19.94,18.24
SH-DB-BEZA,2025-04-05,2025,95,-23.6558,35.01,19.68,18.88
SH-DB-BEZA,2025-04-06,2025,96,-23.6558,32.84,22.39,20.7
SH-DB-BEZA,2025-04-07,2025,97,-23.6558,34.73,21.15,19.09
SH-DB-BEZA,2025-04-08,2025,98,-23.6558,33.73,21.52,20.46
SH-DB-BEZA,2025-04-09,2025,99,-23.6558,31.86,20.55,20.57
SH-DB-BEZA,2025-04-10,2025,100,-23.6558,31.08,21.2,20.28
SH-DB-BEZA,2025-04-11,2025,101,-23.6558,32.9,21.28,19.98
SH-DB-BEZA,2025-04-12,2025,102,-23.6558,35.36,21.18,20.06
SH-DB-BEZA,2025-04-13,2025,103,-23.6558,32.35,23.15,20.99
SH-DB-BEZA,2025-04-14,2025,104,-23.6558,35.78,22.62,20.51
SH-DB-BEZA,2025-04-15,2025,105,-23.6558,35.52,22.95,20.26
SH-DB-BEZA,2025-04-16,2025,106,-23.6558,34.98,21.72,20.31
SH-DB-BEZA,2025-04-17,2025,107,-23.6558,31.41,23.06,21.01
SH-DB-BEZA,2025-04-18,2025,108,-23.6558,31.1,20.74,19.29
SH-DB-BEZA,2025-04-19,2025,109,-23.6558,30.21,19.43,16.95
SH-DB-BEZA,2025-04-20,2025,110,-23.6558,30.26,20.47,17.81
SH-DB-BEZA,2025-04-21,2025,111,-23.6558,29.92,19.45,17.5
SH-DB-BEZA,2025-04-22,2025,112,-23.6558,32.54,18.51,18.22
SH-DB-BEZA,2025-04-23,2025,113,-23.6558,34.11,19.25,18.4
SH-DB-BEZA,2025-04-24,2025,114,-23.6558,34.93,20.79,19.46
SH-DB-BEZA,2025-04-25,2025,115,-23.6558,35.45,22.74,19.66
SH-DB-BEZA,2025-04-26,2025,116,-23.6558,34.26,23.05,19.51
SH-DB-BEZA,2025-04-27,2025,117,-23.6558,34.4,22.84,19.51
SH-DB-BEZA,2025-04-28,2025,118,-23.6558,35.4,21.63,19.23
SH-DB-BEZA,2025-04-29,2025,119,-23.6558,33.11,21.37,17.56
SH-DB-BEZA,2025-04-30,2025,120,-23.6558,34.53,20.93,16.53
SH-DB-BEZA,2025-05-01,2025,121,-23.6558,34.82,22.96,17.89
SH-DB-BEZA,2025-05-02,2025,122,-23.6558,34.91,21.74,18.7
SH-DB-BEZA,2025-05-03,2025,123,-23.6558,29.58,21.04,18.75
SH-DB-BEZA,2025-05-04,2025,124,-23.6558,25.16,18.85,16.24
SH-DB-BEZA,2025-05-05,2025,125,-23.6558,26.87,16.7,13.05
SH-DB-BEZA,2025-05-06,2025,126,-23.6558,31.1,14.04,12.78
SH-DB-BEZA,2025-05-07,2025,127,-23.6558,32.61,15.45,12.72
SH-DB-BEZA,2025-05-08,2025,128,-23.6558,33.08,16.82,14.71
SH-DB-BEZA,2025-05-09,2025,129,-23.6558,34.55,17.51,16.12
SH-DB-BEZA,2025-05-10,2025,130,-23.6558,36.04,20.75,17.42
SH-DB-BEZA,2025-05-11,2025,131,-23.6558,36.31,21.18,18.48
SH-DB-BEZA,2025-05-12,2025,132,-23.6558,33.5,20.7,17.9
SH-DB-BEZA,2025-05-13,2025,133,-23.6558,30.73,19.72,16.89
SH-DB-BEZA,2025-05-14,2025,134,-23.6558,31.63,17.77,14.73
SH-DB-BEZA,2025-05-15,2025,135,-23.6558,32.79,14.82,10.78
SH-DB-BEZA,2025-05-16,2025,136,-23.6558,33.3,16.52,12.77
SH-DB-BEZA,2025-05-17,2025,137,-23.6558,33.69,16.77,15.45
SH-DB-BEZA,2025-05-18,2025,138,-23.6558,32.69,17.87,16.01
SH-DB-BEZA,2025-05-19,2025,139,-23.6558,31.41,16.06,14.0
SH-DB-BEZA,2025-05-20,2025,140,-23.6558,32.27,16.09,12.83
SH-DB-BEZA,2025-05-21,2025,141,-23.6558,34.06,17.2,14.78
SH-DB-BEZA,2025-05-22,2025,142,-23.6558,27.67,18.19,18.27
SH-DB-BEZA,2025-05-23,2025,143,-23.6558,26.59,15.05,12.58
SH-DB-BEZA,2025-05-24,2025,144,-23.6558,26.89,12.3,10.38
SH-DB-BEZA,2025-05-25,2025,145,-23.6558,29.78,12.53,11.11
SH-DB-BEZA,2025-05-26,2025,146,-23.6558,31.37,14.94,11.72
SH-DB-BEZA,2025-05-27,2025,147,-23.6558,31.08,14.72,11.81
SH-DB-BEZA,2025-05-28,2025,148,-23.6558,30.19,14.8,11.95
SH-DB-BEZA,2025-05-29,2025,149,-23.6558,30.82,15.34,12.43
SH-DB-BEZA,2025-05-30,2025,150,-23.6558,31.9,17.39,13.57
SH-DB-BEZA,2025-05-31,2025,151,-23.6558,29.25,16.91,13.11
SH-DB-BEZA,2025-06-01,2025,152,-23.6558,30.07,15.01,11.27
SH-DB-BEZA,2025-06-02,2025,153,-23.6558,30.28,14.52,11.89
SH-DB-BEZA,2025-06-03,2025,154,-23.6558,29.43,14.24,12.75
SH-DB-BEZA,2025-06-04,2025,155,-23.6558,29.61,13.93,12.67
SH-DB-BEZA,2025-06-05,2025,156,-23.6558,29.0,15.47,13.55
SH-DB-BEZA,2025-06-06,2025,157,-23.6558,31.67,16.96,14.39
SH-DB-BEZA,2025-06-07,2025,158,-23.6558,32.14,17.82,14.95
SH-DB-BEZA,2025-06-08,2025,159,-23.6558,33.09,17.44,15.34
SH-DB-BEZA,2025-06-09,2025,160,-23.6558,33.3,18.05,13.94
SH-DB-BEZA,2025-06-10,2025,161,-23.6558,33.69,17.71,14.24
SH-DB-BEZA,2025-06-11,2025,162,-23.6558,28.58,18.64,17.97
SH-DB-BEZA,2025-06-12,2025,163,-23.6558,26.84,17.02,15.77
SH-DB-BEZA,2025-06-13,2025,164,-23.6558,26.28,14.56,12.42
SH-DB-BEZA,2025-06-14,2025,165,-23.6558,26.93,11.84,9.63
SH-DB-BEZA,2025-06-15,2025,166,-23.6558,28.91,11.7,10.45
SH-DB-BEZA,2025-06-16,2025,167,-23.6558,29.38,11.79,8.95
SH-DB-BEZA,2025-06-17,2025,168,-23.6558,29.42,13.28,10.68
SH-DB-BEZA,2025-06-18,2025,169,-23.6558,27.85,12.45,11.34
SH-DB-BEZA,2025-06-19,2025,170,-23.6558,27.33,11.67,10.05
SH-DB-BEZA,2025-06-20,2025,171,-23.6558,28.44,12.34,8.78
SH-DB-BEZA,2025-06-21,2025,172,-23.6558,26.82,13.25,12.62
SH-DB-BEZA,2025-06-22,2025,173,-23.6558,25.0,12.96,10.41
SH-DB-BEZA,2025-06-23,2025,174,-23.6558,30.05,11.05,9.7
SH-DB-BEZA,2025-06-24,2025,175,-23.6558,28.07,13.66,12.48
SH-DB-BEZA,2025-06-25,2025,176,-23.6558,30.24,13.51,10.4
SH-DB-BEZA,2025-06-26,2025,177,-23.6558,30.55,15.04,9.15
SH-DB-BEZA,2025-06-27,2025,178,-23.6558,30.37,14.63,13.54
SH-DB-BEZA,2025-06-28,2025,179,-23.6558,30.08,16.42,14.41
SH-DB-BEZA,2025-06-29,2025,180,-23.6558,31.63,15.98,13.52
SH-DB-BEZA,2025-06-30,2025,181,-23.6558,29.62,17.52,16.14
SH-DB-BEZA,2025-07-01,2025,182,-23.6558,30.98,16.63,14.33
SH-DB-BEZA,2025-07-02,2025,183,-23.6558,30.11,17.22,10.52
SH-DB-BEZA,2025-07-03,2025,184,-23.6558,29.16,13.4,9.69
SH-DB-BEZA,2025-07-04,2025,185,-23.6558,29.03,13.69,9.62
SH-DB-BEZA,2025-07-05,2025,186,-23.6558,28.75,13.3,9.16
SH-DB-BEZA,2025-07-06,2025,187,-23.6558,29.66,12.93,9.41
SH-DB-BEZA,2025-07-07,2025,188,-23.6558,29.19,12.86,9.9
SH-DB-BEZA,2025-07-08,2025,189,-23.6558,27.6,14.26,12.13
SH-DB-BEZA,2025-07-09,2025,190,-23.6558,26.08,14.39,14.13
SH-DB-BEZA,2025-07-10,2025,191,-23.6558,29.4,16.03,12.89
SH-DB-BEZA,2025-07-11,2025,192,-23.6558,30.0,13.64,11.17
SH-DB-BEZA,2025-07-12,2025,193,-23.6558,30.94,15.21,11.36
SH-DB-BEZA,2025-07-13,2025,194,-23.6558,30.26,14.35,11.11
SH-DB-BEZA,2025-07-14,2025,195,-23.6558,30.22,14.11,9.79
SH-DB-BEZA,2025-07-15,2025,196,-23.6558,28.57,13.22,10.21
SH-DB-BEZA,2025-07-16,2025,197,-23.6558,29.28,13.33,9.82
SH-DB-BEZA,2025-07-17,2025,198,-23.6558,30.78,14.0,9.88
SH-DB-BEZA,2025-07-18,2025,199,-23.6558,29.59,14.15,8.96
SH-DB-BEZA,2025-07-19,2025,200,-23.6558,27.97,13.16,9.11
SH-DB-BEZA,2025-07-20,2025,201,-23.6558,25.56,11.86,9.74
SH-DB-BEZA,2025-07-21,2025,202,-23.6558,27.34,12.14,10.9
SH-DB-BEZA,2025-07-22,2025,203,-23.6558,28.96,13.59,9.74
SH-DB-BEZA,2025-07-23,2025,204,-23.6558,29.26,13.8,11.2
SH-DB-BEZA,2025-07-24,2025,205,-23.6558,29.29,14.88,12.34
SH-DB-BEZA,2025-07-25,2025,206,-23.6558,27.47,16.08,13.99
SH-DB-BEZA,2025-07-26,2025,207,-23.6558,27.45,15.63,12.92
SH-DB-BEZA,2025-07-27,2025,208,-23.6558,26.56,12.29,11.02
SH-DB-BEZA,2025-07-28,2025,209,-23.6558,23.57,12.5,8.61
SH-DB-BEZA,2025-07-29,2025,210,-23.6558,26.96,9.99,8.02
SH-DB-BEZA,2025-07-30,2025,211,-23.6558,28.07,13.35,11.28
SH-DB-BEZA,2025-07-31,2025,212,-23.6558,28.43,15.3,10.1
SH-DB-BEZA,2025-08-01,2025,213,-23.6558,28.46,14.67,10.73
SH-DB-BEZA,2025-08-02,2025,214,-23.6558,26.02,13.43,12.32
SH-DB-BEZA,2025-08-03,2025,215,-23.6558,24.13,10.74,7.09
SH-DB-BEZA,2025-08-04,2025,216,-23.6558,25.8,8.73,4.06
SH-DB-BEZA,2025-08-05,2025,217,-23.6558,29.77,9.65,5.78
SH-DB-BEZA,2025-08-06,2025,218,-23.6558,30.27,12.3,6.19
SH-DB-BEZA,2025-08-07,2025,219,-23.6558,29.52,11.71,8.35
SH-DB-BEZA,2025-08-08,2025,220,-23.6558,29.01,12.73,9.6
SH-DB-BEZA,2025-08-09,2025,221,-23.6558,29.11,12.77,10.41
SH-DB-BEZA,2025-08-10,2025,222,-23.6558,31.15,14.59,10.19
SH-DB-BEZA,2025-08-11,2025,223,-23.6558,31.56,15.5,10.02
SH-DB-BEZA,2025-08-12,2025,224,-23.6558,31.39,16.64,9.64
SH-DB-BEZA,2025-08-13,2025,225,-23.6558,34.1,15.8,13.43
SH-DB-BEZA,2025-08-14,2025,226,-23.6558,24.03,17.87,16.62
SH-DB-BEZA,2025-08-15,2025,227,-23.6558,28.97,15.9,13.45
SH-DB-BEZA,2025-08-16,2025,228,-23.6558,28.68,13.46,12.95
SH-DB-BEZA,2025-08-17,2025,229,-23.6558,29.37,15.84,12.05
SH-DB-BEZA,2025-08-18,2025,230,-23.6558,29.66,13.84,7.32
SH-DB-BEZA,2025-08-19,2025,231,-23.6558,30.21,13.09,7.44
SH-DB-BEZA,2025-08-20,2025,232,-23.6558,30.34,13.37,8.48
SH-DB-BEZA,2025-08-21,2025,233,-23.6558,30.07,12.84,10.41
SH-DB-BEZA,2025-08-22,2025,234,-23.6558,31.79,13.2,9.4
SH-DB-BEZA,2025-08-23,2025,235,-23.6558,34.17,14.5,7.69
SH-DB-BEZA,2025-08-24,2025,236,-23.6558,33.26,14.24,7.7
SH-DB-BEZA,2025-08-25,2025,237,-23.6558,34.18,14.56,5.66
SH-DB-BEZA,2025-08-26,2025,238,-23.6558,35.17,14.72,6.69
SH-DB-BEZA,2025-08-27,2025,239,-23.6558,32.96,14.76,11.7
SH-DB-BEZA,2025-08-28,2025,240,-23.6558,33.12,15.58,12.97
SH-DB-BEZA,2025-08-29,2025,241,-23.6558,35.05,15.87,10.87
SH-DB-BEZA,2025-08-30,2025,242,-23.6558,35.49,16.68,11.98
SH-DB-BEZA,2025-08-31,2025,243,-23.6558,35.11,16.46,12.09
SH-DB-BEZA,2025-09-01,2025,244,-23.6558,36.6,16.54,11.12
SH-DB-BEZA,2025-09-02,2025,245,-23.6558,36.51,16.6,9.09
SH-DB-BEZA,2025-09-03,2025,246,-23.6558,35.28,17.37,11.28
SH-DB-BEZA,2025-09-04,2025,247,-23.6558,30.93,17.92,15.32
SH-DB-BEZA,2025-09-05,2025,248,-23.6558,32.18,15.58,12.19
SH-DB-BEZA,2025-09-06,2025,249,-23.6558,35.99,15.67,7.33
SH-DB-BEZA,2025-09-07,2025,250,-23.6558,37.23,17.98,6.3
SH-DB-BEZA,2025-09-08,2025,251,-23.6558,37.8,16.79,5.35
SH-DB-BEZA,2025-09-09,2025,252,-23.6558,37.99,16.91,5.71
SH-DB-BEZA,2025-09-10,2025,253,-23.6558,37.56,18.65,6.26
SH-DB-BEZA,2025-09-11,2025,254,-23.6558,36.02,17.15,8.7
SH-DB-BEZA,2025-09-12,2025,255,-23.6558,35.02,17.45,9.59
SH-DB-BEZA,2025-09-13,2025,256,-23.6558,35.57,17.24,8.5
SH-DB-BEZA,2025-09-14,2025,257,-23.6558,34.95,17.0,13.03
SH-DB-BEZA,2025-09-15,2025,258,-23.6558,34.79,17.96,15.17
SH-DB-BEZA,2025-09-16,2025,259,-23.6558,35.01,19.98,13.85
SH-DB-BEZA,2025-09-17,2025,260,-23.6558,35.41,17.77,13.44
SH-DB-BEZA,2025-09-18,2025,261,-23.6558,36.68,19.23,14.43
SH-DB-BEZA,2025-09-19,2025,262,-23.6558,36.64,20.9,15.24
SH-DB-BEZA,2025-09-20,2025,263,-23.6558,33.06,20.3,13.82
SH-DB-BEZA,2025-09-21,2025,264,-23.6558,33.98,17.2,10.74
SH-DB-BEZA,2025-09-22,2025,265,-23.6558,36.93,16.46,9.89
SH-DB-BEZA,2025-09-23,2025,266,-23.6558,37.19,18.71,11.38
SH-DB-BEZA,2025-09-24,2025,267,-23.6558,37.95,18.17,10.49
SH-DB-BEZA,2025-09-25,2025,268,-23.6558,33.41,18.07,14.25
SH-DB-BEZA,2025-09-26,2025,269,-23.6558,31.08,18.3,12.03
SH-DB-BEZA,2025-09-27,2025,270,-23.6558,34.97,15.45,10.07
SH-DB-BEZA,2025-09-28,2025,271,-23.6558,34.73,20.89,15.17
SH-DB-BEZA,2025-09-29,2025,272,-23.6558,33.24,19.26,16.13
SH-DB-BEZA,2025-09-30,2025,273,-23.6558,35.01,17.43,13.86
SH-DB-BEZA,2025-10-01,2025,274,-23.6558,30.43,20.31,16.2
SH-DB-BEZA,2025-10-02,2025,275,-23.6558,30.82,19.12,14.62
SH-DB-BEZA,2025-10-03,2025,276,-23.6558,32.22,17.84,13.52
SH-DB-BEZA,2025-10-04,2025,277,-23.6558,26.71,15.47,11.03
SH-DB-BEZA,2025-10-05,2025,278,-23.6558,33.63,13.4,7.78
SH-DB-BEZA,2025-10-06,2025,279,-23.6558,36.73,17.56,11.63
SH-DB-BEZA,2025-10-07,2025,280,-23.6558,36.39,18.7,12.26
SH-DB-BEZA,2025-10-08,2025,281,-23.6558,37.49,18.16,9.34
SH-DB-BEZA,2025-10-09,2025,282,-23.6558,38.47,17.75,8.94
SH-DB-BEZA,2025-10-10,2025,283,-23.6558,38.18,18.61,10.89
SH-DB-BEZA,2025-10-11,2025,284,-23.6558,36.49,21.28,14.36
SH-DB-BEZA,2025-10-12,2025,285,-23.6558,37.05,21.25,15.46
SH-DB-BEZA,2025-10-13,2025,286,-23.6558,37.77,19.22,13.31
SH-DB-BEZA,2025-10-14,2025,287,-23.6558,39.42,20.48,14.03
SH-DB-BEZA,2025-10-15,2025,288,-23.6558,38.92,21.49,12.38
SH-DB-BEZA,2025-10-16,2025,289,-23.6558,36.29,18.91,11.49
SH-DB-BEZA,2025-10-17,2025,290,-23.6558,33.92,19.63,15.07
SH-DB-BEZA,2025-10-18,2025,291,-23.6558,37.25,17.6,12.5
SH-DB-BEZA,2025-10-19,2025,292,-23.6558,33.71,18.4,14.32
SH-DB-BEZA,2025-10-20,2025,293,-23.6558,34.41,18.51,14.38
SH-DB-BEZA,2025-10-21,2025,294,-23.6558,33.97,20.0,14.69
SH-DB-BEZA,2025-10-22,2025,295,-23.6558,33.36,17.92,12.78
SH-DB-BEZA,2025-10-23,2025,296,-23.6558,37.71,18.55,13.05
SH-DB-BEZA,2025-10-24,2025,297,-23.6558,38.99,22.65,15.84
SH-DB-BEZA,2025-10-25,2025,298,-23.6558,39.96,24.09,16.29
SH-DB-BEZA,2025-10-26,2025,299,-23.6558,41.18,23.01,14.06
SH-DB-BEZA,2025-10-27,2025,300,-23.6558,42.28,24.02,12.93
SH-DB-BEZA,2025-10-28,2025,301,-23.6558,41.64,24.03,12.56
SH-DB-BEZA,2025-10-29,2025,302,-23.6558,40.89,22.65,13.04
SH-DB-BEZA,2025-10-30,2025,303,-23.6558,39.28,22.08,14.57
SH-DB-BEZA,2025-10-31,2025,304,-23.6558,37.83,24.1,15.92
SH-DB-BEZA,2025-11-01,2025,305,-23.6558,37.24,22.62,17.05
SH-DB-BEZA,2025-11-02,2025,306,-23.6558,37.56,23.51,18.36
SH-DB-BEZA,2025-11-03,2025,307,-23.6558,37.5,22.86,16.93
SH-DB-BEZA,2025-11-04,2025,308,-23.6558,39.42,22.93,16.21
SH-DB-BEZA,2025-11-05,2025,309,-23.6558,37.44,23.97,16.13
SH-DB-BEZA,2025-11-06,2025,310,-23.6558,37.72,21.72,16.59
SH-DB-BEZA,2025-11-07,2025,311,-23.6558,36.87,21.89,15.63
SH-DB-BEZA,2025-11-08,2025,312,-23.6558,34.85,21.85,16.21
SH-DB-BEZA,2025-11-09,2025,313,-23.6558,38.44,22.57,14.02
SH-DB-BEZA,2025-11-10,2025,314,-23.6558,38.79,21.94,15.92
SH-DB-BEZA,2025-11-11,2025,315,-23.6558,38.86,23.63,17.09
SH-DB-BEZA,2025-11-12,2025,316,-23.6558,35.47,22.48,18.47
SH-DB-BEZA,2025-11-13,2025,317,-23.6558,35.69,22.75,18.37
SH-DB-BEZA,2025-11-14,2025,318,-23.6558,31.51,18.45,13.73
SH-DB-BEZA,2025-11-15,2025,319,-23.6558,39.0,16.04,11.71
SH-DB-BEZA,2025-11-16,2025,320,-23.6558,34.32,19.18,13.86
SH-DB-BEZA,2025-11-17,2025,321,-23.6558,37.78,17.46,11.66
SH-DB-BEZA,2025-11-18,2025,322,-23.6558,31.9,22.4,17.11
SH-DB-BEZA,2025-11-19,2025,323,-23.6558,28.72,20.49,17.59
SH-DB-BEZA,2025-11-20,2025,324,-23.6558,31.91,18.58,15.31
SH-DB-BEZA,2025-11-21,2025,325,-23.6558,28.87,18.78,14.63
SH-DB-BEZA,2025-11-22,2025,326,-23.6558,32.72,16.66,12.61
SH-DB-BEZA,2025-11-23,2025,327,-23.6558,35.15,16.78,12.68
SH-DB-BEZA,2025-11-24,2025,328,-23.6558,35.83,19.76,15.23
SH-DB-BEZA,2025-11-25,2025,329,-23.6558,36.87,19.51,14.9
SH-DB-BEZA,2025-11-26,2025,330,-23.6558,39.07,22.52,18.01
SH-DB-BEZA,2025-11-27,2025,331,-23.6558,38.16,24.21,18.74
SH-DB-BEZA,2025-11-28,2025,332,-23.6558,37.65,23.58,17.99
SH-DB-BEZA,2025-11-29,2025,333,-23.6558,38.13,22.55,17.92
SH-DB-BEZA,2025-11-30,2025,334,-23.6558,37.54,23.65,17.94
SH-DB-BEZA,2025-12-01,2025,335,-23.6558,35.86,22.11,17.96
SH-DB-BEZA,2025-12-02,2025,336,-23.6558,34.91,22.41,17.26
SH-DB-BEZA,2025-12-03,2025,337,-23.6558,34.49,20.81,15.88
SH-DB-BEZA,2025-12-04,2025,338,-23.6558,28.73,21.1,15.86
SH-DB-BEZA,2025-12-05,2025,339,-23.6558,34.87,20.66,17.01
SH-DB-BEZA,2025-12-06,2025,340,-23.6558,37.09,21.27,17.83
SH-DB-BEZA,2025-12-07,2025,341,-23.6558,35.61,21.86,18.71
SH-DB-BEZA,2025-12-08,2025,342,-23.6558,37.05,22.68,19.24
SH-DB-BEZA,2025-12-09,2025,343,-23.6558,36.28,23.0,18.78
SH-DB-BEZA,2025-12-10,2025,344,-23.6558,35.77,21.24,18.05
SH-DB-BEZA,2025-12-11,2025,345,-23.6558,36.78,20.9,17.06
SH-DB-BEZA,2025-12-12,2025,346,-23.6558,40.18,21.17,14.88
SH-DB-BEZA,2025-12-13,2025,347,-23.6558,40.38,23.76,16.45
SH-DB-BEZA,2025-12-14,2025,348,-23.6558,36.52,23.85,14.67
SH-DB-BEZA,2025-12-15,2025,349,-23.6558,40.41,24.61,14.88
SH-DB-BEZA,2025-12-16,2025,350,-23.6558,39.68,25.06,16.91
SH-DB-BEZA,2025-12-17,2025,351,-23.6558,37.58,25.85,18.19
SH-DB-BEZA,2025-12-18,2025,352,-23.6558,31.33,24.15,20.22
SH-DB-BEZA,2025-12-19,2025,353,-23.6558,35.41,24.05,17.78
SH-DB-BEZA,2025-12-20,2025,354,-23.6558,37.15,23.94,16.42
SH-DB-BEZA,2025-12-21,2025,355,-23.6558,37.08,24.23,16.36
SH-DB-BEZA,2025-12-22,2025,356,-23.6558,35.0,23.75,18.43
SH-DB-BEZA,2025-12-23,2025,357,-23.6558,33.66,24.1,20.42
SH-DB-BEZA,2025-12-24,2025,358,-23.6558,33.43,23.52,19.94
SH-DB-BEZA,2025-12-25,2025,359,-23.6558,34.2,23.43,20.66
SH-DB-BEZA,2025-12-26,2025,360,-23.6558,29.21,23.68,21.89
SH-DB-BEZA,2025-12-27,2025,361,-23.6558,35.51,23.35,19.75
SH-DB-BEZA,2025-12-28,2025,362,-23.6558,35.3,21.39,18.39
SH-DB-BEZA,2025-12-29,2025,363,-23.6558,35.76,21.15,18.24
SH-DB-BEZA,2025-12-30,2025,364,-23.6558,32.64,20.31,15.72
SH-DB-BEZA,2025-12-31,2025,365,-23.6558,34.36,18.44,13.65
SH-DB-BEZA,2026-01-01,2026,1,-23.6558,36.44,20.99,15.28
SH-DB-BEZA,2026-01-02,2026,2,-23.6558,34.05,20.68,16.82
SH-DB-BEZA,2026-01-03,2026,3,-23.6558,35.47,20.25,16.66
SH-DB-BEZA,2026-01-04,2026,4,-23.6558,35.65,21.52,16.76
SH-DB-BEZA,2026-01-05,2026,5,-23.6558,35.55,22.33,19.7
SH-DB-BEZA,2026-01-06,2026,6,-23.6558,36.83,22.58,19.84
SH-DB-BEZA,2026-01-07,2026,7,-23.6558,37.38,23.59,20.71
SH-DB-BEZA,2026-01-08,2026,8,-23.6558,33.19,25.02,22.76
SH-DB-BEZA,2026-01-09,2026,9,-23.6558,33.0,24.79,21.98
SH-DB-BEZA,2026-01-10,2026,10,-23.6558,36.24,23.54,19.57
SH-DB-BEZA,2026-01-11,2026,11,-23.6558,39.89,24.14,17.01
SH-DB-BEZA,2026-01-12,2026,12,-23.6558,36.8,25.48,18.66
SH-DB-BEZA,2026-01-13,2026,13,-23.6558,37.35,24.29,18.84
SH-DB-BEZA,2026-01-14,2026,14,-23.6558,37.99,23.8,17.68
SH-DB-BEZA,2026-01-15,2026,15,-23.6558,38.39,23.82,17.8
SH-DB-BEZA,2026-01-16,2026,16,-23.6558,37.49,24.54,19.55
SH-DB-BEZA,2026-01-17,2026,17,-23.6558,37.6,24.39,20.24
SH-DB-BEZA,2026-01-18,2026,18,-23.6558,36.82,23.85,20.63
SH-DB-BEZA,2026-01-19,2026,19,-23.6558,35.76,25.05,21.24
SH-DB-BEZA,2026-01-20,2026,20,-23.6558,37.69,23.49,19.78
SH-DB-BEZA,2026-01-21,2026,21,-23.6558,30.86,22.82,23.0
SH-DB-BEZA,2026-01-22,2026,22,-23.6558,34.92,20.96,19.99
SH-DB-BEZA,2026-01-23,2026,23,-23.6558,36.5,22.53,21.02
SH-DB-BEZA,2026-01-24,2026,24,-23.6558,35.93,22.8,21.97
SH-DB-BEZA,2026-01-25,2026,25,-23.6558,37.22,23.85,20.76
SH-DB-BEZA,2026-01-26,2026,26,-23.6558,38.06,22.82,20.3
SH-DB-BEZA,2026-01-27,2026,27,-23.6558,38.61,24.27,21.11
SH-DB-BEZA,2026-01-28,2026,28,-23.6558,39.08,24.92,20.81
SH-DB-BEZA,2026-01-29,2026,29,-23.6558,36.81,23.55,20.24
SH-DB-BEZA,2026-01-30,2026,30,-23.6558,36.92,21.67,16.47
SH-DB-BEZA,2026-01-31,2026,31,-23.6558,37.43,22.64,18.46
SH-DB-BEZA,2026-02-01,2026,32,-23.6558,38.02,22.93,18.42
SH-DB-BEZA,2026-02-02,2026,33,-23.6558,37.07,23.03,19.33
SH-DB-BEZA,2026-02-03,2026,34,-23.6558,37.22,22.75,19.06
SH-DB-BEZA,2026-02-04,2026,35,-23.6558,38.61,23.2,17.78
SH-DB-BEZA,2026-02-05,2026,36,-23.6558,38.28,22.72,16.15
SH-DB-BEZA,2026-02-06,2026,37,-23.6558,38.56,20.92,15.16
SH-DB-BEZA,2026-02-07,2026,38,-23.6558,40.08,23.36,17.48
SH-DB-BEZA,2026-02-08,2026,39,-23.6558,39.59,24.85,18.85
SH-DB-BEZA,2026-02-09,2026,40,-23.6558,40.37,24.04,15.39
SH-DB-BEZA,2026-02-10,2026,41,-23.6558,40.79,21.21,13.27
SH-DB-BEZA,2026-02-11,2026,42,-23.6558,41.18,24.59,17.85
SH-DB-BEZA,2026-02-12,2026,43,-23.6558,41.0,24.26,17.19
SH-DB-BEZA,2026-02-13,2026,44,-23.6558,37.01,26.14,19.91
SH-DB-BEZA,2026-02-14,2026,45,-23.6558,33.44,25.63,21.36
SH-DB-BEZA,2026-02-15,2026,46,-23.6558,32.87,23.9,20.75
SH-DB-BEZA,2026-02-16,2026,47,-23.6558,30.24,23.08,20.49
SH-DB-BEZA,2026-02-17,2026,48,-23.6558,34.91,23.27,21.28
SH-DB-BEZA,2026-02-18,2026,49,-23.6558,35.91,23.13,20.41
SH-DB-BEZA,2026-02-19,2026,50,-23.6558,37.63,22.6,20.05
SH-DB-BEZA,2026-02-20,2026,51,-23.6558,36.22,23.29,20.18
SH-DB-BEZA,2026-02-21,2026,52,-23.6558,35.28,22.49,20.12
SH-DB-BEZA,2026-02-22,2026,53,-23.6558,35.21,22.32,19.61
SH-DB-BEZA,2026-02-23,2026,54,-23.6558,37.55,22.28,18.47
SH-DB-BEZA,2026-02-24,2026,55,-23.6558,38.06,23.56,19.88
SH-DB-BEZA,2026-02-25,2026,56,-23.6558,36.66,23.87,20.85
SH-DB-BEZA,2026-02-26,2026,57,-23.6558,37.39,24.67,21.28
SH-DB-BEZA,2026-02-27,2026,58,-23.6558,34.16,25.23,21.54
SH-DB-BEZA,2026-02-28,2026,59,-23.6558,37.02,23.84,21.17
SH-DB-BEZA,2026-03-01,2026,60,-23.6558,38.39,24.44,20.88
SH-DB-BEZA,2026-03-02,2026,61,-23.6558,36.61,24.93,21.46
SH-DB-BEZA,2026-03-03,2026,62,-23.6558,38.62,23.77,19.45
SH-DB-BEZA,2026-03-04,2026,63,-23.6558,38.66,24.96,18.14
SH-DB-BEZA,2026-03-05,2026,64,-23.6558,37.43,24.96,17.86
SH-DB-BEZA,2026-03-06,2026,65,-23.6558,35.76,24.95,19.38
SH-DB-BEZA,2026-03-07,2026,66,-23.6558,38.77,25.12,18.37
SH-DB-BEZA,2026-03-08,2026,67,-23.6558,39.32,24.9,16.56
SH-DB-BEZA,2026-03-09,2026,68,-23.6558,38.89,24.57,16.36
SH-DB-BEZA,2026-03-10,2026,69,-23.6558,36.33,24.92,17.95
SH-DB-BEZA,2026-03-11,2026,70,-23.6558,37.76,24.87,16.37
SH-DB-BEZA,2026-03-12,2026,71,-23.6558,38.1,25.06,16.9
SH-DB-BEZA,2026-03-13,2026,72,-23.6558,37.55,22.08,16.69
SH-DB-BEZA,2026-03-14,2026,73,-23.6558,37.9,22.68,16.6
SH-DB-BEZA,2026-03-15,2026,74,-23.6558,36.03,24.28,16.39
SH-DB-BEZA,2026-03-16,2026,75,-23.6558,38.91,23.61,16.62
SH-DB-BEZA,2026-03-17,2026,76,-23.6558,39.49,24.27,16.53
SH-DB-BEZA,2026-03-18,2026,77,-23.6558,39.62,25.03,17.18
SH-DB-BEZA,2026-03-19,2026,78,-23.6558,38.52,25.26,18.3
SH-DB-BEZA,2026-03-20,2026,79,-23.6558,39.39,25.28,18.63
SH-DB-BEZA,2026-03-21,2026,80,-23.6558,39.34,25.45,18.49
SH-DB-BEZA,2026-03-22,2026,81,-23.6558,38.97,24.94,19.04
SH-DB-BEZA,2026-03-23,2026,82,-23.6558,36.4,24.54,19.36
SH-DB-BEZA,2026-03-24,2026,83,-23.6558,35.92,24.03,19.17
SH-DB-BEZA,2026-03-25,2026,84,-23.6558,39.35,23.23,16.73
SH-DB-BEZA,2026-03-26,2026,85,-23.6558,39.92,24.19,17.82
SH-DB-BEZA,2026-03-27,2026,86,-23.6558,38.34,24.12,19.04
SH-DB-BEZA,2026-03-28,2026,87,-23.6558,39.12,24.94,17.92
SH-DB-BEZA,2026-03-29,2026,88,-23.6558,38.27,24.94,18.65
SH-DB-BEZA,2026-03-30,2026,89,-23.6558,37.55,24.49,19.39
SH-DB-BEZA,2026-03-31,2026,90,-23.6558,36.43,23.42,19.32
SH-DB-BEZA,2026-04-01,2026,91,-23.6558,35.07,23.05,18.99
SH-DB-BEZA,2026-04-02,2026,92,-23.6558,34.19,21.49,16.82
SH-DB-BEZA,2026-04-03,2026,93,-23.6558,33.63,18.62,12.11
SH-DB-BEZA,2026-04-04,2026,94,-23.6558,35.07,19.11,12.33
SH-DB-BEZA,2026-04-05,2026,95,-23.6558,36.76,20.19,13.18
SH-DB-BEZA,2026-04-06,2026,96,-23.6558,36.94,21.21,16.06
SH-DB-BEZA,2026-04-07,2026,97,-23.6558,35.49,20.69,16.72
SH-DB-BEZA,2026-04-08,2026,98,-23.6558,35.8,22.05,17.36
SH-DB-BEZA,2026-04-09,2026,99,-23.6558,37.81,21.97,16.69
SH-DB-BEZA,2026-04-10,2026,100,-23.6558,37.51,24.05,16.58
SH-DB-BEZA,2026-04-11,2026,101,-23.6558,37.22,23.18,16.75
SH-DB-BEZA,2026-04-12,2026,102,-23.6558,36.34,21.22,16.78
SH-DB-BEZA,2026-04-13,2026,103,-23.6558,36.68,21.27,16.65
SH-DB-BEZA,2026-04-14,2026,104,-23.6558,37.09,21.0,16.05
SH-DB-BEZA,2026-04-15,2026,105,-23.6558,38.34,22.1,16.73
SH-DB-BEZA,2026-04-16,2026,106,-23.6558,37.59,22.0,17.11
SH-DB-BEZA,2026-04-17,2026,107,-23.6558,36.43,21.32,15.85
SH-DB-BEZA,2026-04-18,2026,108,-23.6558,34.84,20.27,17.0
SH-DB-BEZA,2026-04-19,2026,109,-23.6558,37.36,20.45,16.68
SH-DB-BEZA,2026-04-20,2026,110,-23.6558,38.49,21.89,18.29
SH-DB-BEZA,2026-04-21,2026,111,-23.6558,37.33,23.49,17.35
SH-DB-BEZA,2026-04-22,2026,112,-23.6558,37.92,21.11,14.32
SH-DB-BEZA,2026-04-23,2026,113,-23.6558,36.55,23.65,17.66
SH-DB-BEZA,2026-04-24,2026,114,-23.6558,36.29,22.84,15.98
SH-DB-BEZA,2026-04-25,2026,115,-23.6558,36.67,23.03,15.39
SH-DB-BEZA,2026-04-26,2026,116,-23.6558,36.29,22.39,17.27
SH-DB-BEZA,2026-04-27,2026,117,-23.6558,34.88,21.76,18.03
SH-DB-BEZA,2026-04-28,2026,118,-23.6558,35.14,19.61,14.6
SH-DB-BEZA,2026-04-29,2026,119,-23.6558,32.3,18.65,15.54
SH-DB-BEZA,2026-04-30,2026,120,-23.6558,32.55,17.17,12.0
SH-DB-BEZA,2026-05-01,2026,121,-23.6558,37.41,19.24,15.79
SH-DB-BEZA,2026-05-02,2026,122,-23.6558,35.0,19.33,15.48
SH-DB-BEZA,2026-05-03,2026,123,-23.6558,34.77,17.51,15.35
SH-DB-BEZA,2026-05-04,2026,124,-23.6558,35.93,19.94,14.61
SH-DB-BEZA,2026-05-05,2026,125,-23.6558,36.7,21.96,17.63
SH-DB-BEZA,2026-05-06,2026,126,-23.6558,35.82,21.24,17.07
SH-DB-BEZA,2026-05-07,2026,127,-23.6558,37.4,20.33,16.5
SH-DB-BEZA,2026-05-08,2026,128,-23.6558,35.96,19.18,14.85
SH-DB-BEZA,2026-05-09,2026,129,-23.6558,35.17,19.77,13.86
SH-DB-BEZA,2026-05-10,2026,130,-23.6558,35.63,19.75,13.49
SH-DB-BEZA,2026-05-11,2026,131,-23.6558,36.39,20.44,14.46
SH-DB-BEZA,2026-05-12,2026,132,-23.6558,36.18,19.49,15.52
SH-DB-BEZA,2026-05-13,2026,133,-23.6558,36.35,18.17,12.31
SH-DB-BEZA,2026-05-14,2026,134,-23.6558,34.4,18.42,12.16
SH-DB-BEZA,2026-05-15,2026,135,-23.6558,34.4,18.72,12.36
SH-DB-BEZA,2026-05-16,2026,136,-23.6558,33.83,18.06,12.99
SH-DB-BEZA,2026-05-17,2026,137,-23.6558,32.58,18.72,15.86
SH-DB-BEZA,2026-05-18,2026,138,-23.6558,31.19,20.05,15.31
SH-DB-BEZA,2026-05-19,2026,139,-23.6558,32.37,18.06,13.54
SH-DB-BEZA,2026-05-20,2026,140,-23.6558,31.16,17.79,13.68
SH-DB-BEZA,2026-05-21,2026,141,-23.6558,29.08,16.33,10.12
SH-DB-BEZA,2026-05-22,2026,142,-23.6558,31.14,14.27,10.33
SH-DB-BEZA,2026-05-23,2026,143,-23.6558,32.35,16.79,11.11
SH-DB-BEZA,2026-05-24,2026,144,-23.6558,32.76,17.34,13.62
SH-DB-BEZA,2026-05-25,2026,145,-23.6558,30.19,17.94,15.11
SH-DB-BEZA,2026-05-26,2026,146,-23.6558,31.08,17.36,14.33
SH-DB-BEZA,2026-05-27,2026,147,-23.6558,32.93,17.3,11.8
SH-DB-BEZA,2026-05-28,2026,148,-23.6558,33.23,18.72,12.64
SH-DB-BEZA,2026-05-29,2026,149,-23.6558,33.14,18.15,13.45
SH-DB-BEZA,2026-05-30,2026,150,-23.6558,32.38,17.5,12.81
SH-DB-BEZA,2026-05-31,2026,151,-23.6558,31.37,16.17,12.65
SH-DB-BEZA,2026-06-01,2026,152,-23.6558,31.83,17.3,13.86
SH-DB-BEZA,2026-06-02,2026,153,-23.6558,30.32,17.83,15.22
SH-DB-BEZA,2026-06-03,2026,154,-23.6558,28.65,16.65,14.29
SH-DB-BEZA,2026-06-04,2026,155,-23.6558,28.86,13.76,10.5
SH-DB-BEZA,2026-06-05,2026,156,-23.6558,31.54,13.95,9.63
SH-DB-BEZA,2026-06-06,2026,157,-23.6558,31.11,17.71,16.02
SH-DB-BEZA,2026-06-07,2026,158,-23.6558,27.3,19.09,17.67
SH-DB-BEZA,2026-06-08,2026,159,-23.6558,25.92,17.45,15.32
SH-DB-BEZA,2026-06-09,2026,160,-23.6558,26.39,16.3,15.48
SH-DB-BEZA,2026-06-10,2026,161,-23.6558,26.53,15.99,14.78
SH-DB-BEZA,2026-06-11,2026,162,-23.6558,25.53,15.58,13.89
SH-DB-BEZA,2026-06-12,2026,163,-23.6558,27.2,13.67,12.65
SH-DB-BEZA,2026-06-13,2026,164,-23.6558,28.54,12.57,9.7
SH-DB-BEZA,2026-06-14,2026,165,-23.6558,28.53,12.38,10.14
SH-DB-BEZA,2026-06-15,2026,166,-23.6558,30.11,14.0,10.72
SH-DB-BEZA,2026-06-16,2026,167,-23.6558,31.61,14.57,10.68
SH-DB-BEZA,2026-06-17,2026,168,-23.6558,30.43,13.36,9.6
SH-DB-BEZA,2026-06-18,2026,169,-23.6558,27.76,14.15,12.25
SH-DB-BEZA,2026-06-19,2026,170,-23.6558,27.51,13.53,11.29
SH-DB-BEZA,2026-06-20,2026,171,-23.6558,25.1,14.61,10.51
SH-DB-BEZA,2026-06-21,2026,172,-23.6558,24.9,11.1,6.73
SH-DB-BEZA,2026-06-22,2026,173,-23.6558,28.01,10.56,7.81
SH-DB-BEZA,2026-06-23,2026,174,-23.6558,29.16,13.49,11.23
SH-DB-BEZA,2026-06-24,2026,175,-23.6558,28.69,13.89,12.78
SH-DB-BEZA,2026-06-25,2026,176,-23.6558,28.89,14.23,11.59
SH-DB-BEZA,2026-06-26,2026,177,-23.6558,30.45,14.41,12.52
SH-DB-BEZA,2026-06-27,2026,178,-23.6558,30.76,16.43,13.29
SH-DB-BEZA,2026-06-28,2026,179,-23.6558,30.77,16.68,12.59
SH-DB-BEZA,2026-06-29,2026,180,-23.6558,30.16,17.07,11.92
SH-DB-BEZA,2026-06-30,2026,181,-23.6558,29.87,15.56,10.86
SH-DB-BEZA,2026-07-01,2026,182,-23.6558,29.53,15.19,9.9
SH-DB-BEZA,2026-07-02,2026,183,-23.6558,30.48,15.12,10.24
SH-DB-BEZA,2026-07-03,2026,184,-23.6558,28.77,15.41,11.68
SH-DB-BEZA,2026-07-04,2026,185,-23.6558,27.38,14.71,13.34
SH-DB-BEZA,2026-07-05,2026,186,-23.6558,28.63,14.2,10.21
SH-DB-BEZA,2026-07-06,2026,187,-23.6558,27.89,14.76,9.37
SH-DB-BEZA,2026-07-07,2026,188,-23.6558,28.31,14.5,7.92
SH-DB-BEZA,2026-07-08,2026,189,-23.6558,28.91,14.21,8.26
SH-DB-BEZA,2026-07-09,2026,190,-23.6558,28.02,14.06,9.17
SH-DB-BEZA,2026-07-10,2026,191,-23.6558,26.89,14.84,11.91
SH-DB-BEZA,2026-07-11,2026,192,-23.6558,28.53,15.2,11.07
SH-DB-BEZA,2026-07-12,2026,193,-23.6558,27.14,14.52,12.12
SH-DB-BEZA,2026-07-13,2026,194,-23.6558,28.71,13.91,11.66
SH-DB-BEZA,2026-07-14,2026,195,-23.6558,28.35,15.22,13.06
SH-DB-BEZA,2026-07-15,2026,196,-23.6558,27.87,14.76,12.36
SH-DB-BEZA,2026-07-16,2026,197,-23.6558,26.87,15.52,14.04
SH-DB-BEZA,2026-07-17,2026,198,-23.6558,27.62,14.76,13.56
SH-DB-BEZA,2026-07-18,2026,199,-23.6558,27.8,14.19,12.05
SH-DB-BEZA,2026-07-19,2026,200,-23.6558,29.47,14.07,11.64
SH-DB-BEZA,2026-07-20,2026,201,-23.6558,29.39,13.72,9.75
SH-DB-BEZA,2026-07-21,2026,202,-23.6558,28.57,15.04,11.74
SH-DB-BEZA,2026-07-22,2026,203,-23.6558,28.82,13.93,9.69
SH-DB-BEZA,2026-07-23,2026,204,-23.6558,30.56,15.02,8.87
SH-DB-BEZA,2026-07-24,2026,205,-23.6558,28.25,14.97,11.4
SH-EN-ALERCE,2022-01-01,2022,1,-40.1726,14.48,12.99,13.05
SH-EN-ALERCE,2022-01-02,2022,2,-40.1726,15.16,12.79,10.35
SH-EN-ALERCE,2022-01-03,2022,3,-40.1726,15.5,12.37,13.04
SH-EN-ALERCE,2022-01-04,2022,4,-40.1726,15.95,11.91,8.36
SH-EN-ALERCE,2022-01-05,2022,5,-40.1726,19.69,10.99,8.89
SH-EN-ALERCE,2022-01-06,2022,6,-40.1726,19.6,11.88,11.24
SH-EN-ALERCE,2022-01-07,2022,7,-40.1726,20.21,12.94,12.13
SH-EN-ALERCE,2022-01-08,2022,8,-40.1726,19.79,13.39,13.18
SH-EN-ALERCE,2022-01-09,2022,9,-40.1726,16.35,13.33,13.18
SH-EN-ALERCE,2022-01-10,2022,10,-40.1726,18.42,12.09,11.84
SH-EN-ALERCE,2022-01-11,2022,11,-40.1726,20.34,11.39,10.06
SH-EN-ALERCE,2022-01-12,2022,12,-40.1726,18.13,12.1,10.87
SH-EN-ALERCE,2022-01-13,2022,13,-40.1726,16.78,12.45,11.94
SH-EN-ALERCE,2022-01-14,2022,14,-40.1726,18.26,12.82,13.48
SH-EN-ALERCE,2022-01-15,2022,15,-40.1726,16.18,10.86,8.93
SH-EN-ALERCE,2022-01-16,2022,16,-40.1726,14.08,9.48,6.69
SH-EN-ALERCE,2022-01-17,2022,17,-40.1726,14.28,8.08,5.74
SH-EN-ALERCE,2022-01-18,2022,18,-40.1726,17.3,8.99,6.96
SH-EN-ALERCE,2022-01-19,2022,19,-40.1726,15.38,10.76,9.36
SH-EN-ALERCE,2022-01-20,2022,20,-40.1726,14.23,10.99,9.39
SH-EN-ALERCE,2022-01-21,2022,21,-40.1726,15.33,12.36,9.94
SH-EN-ALERCE,2022-01-22,2022,22,-40.1726,15.01,12.86,11.25
SH-EN-ALERCE,2022-01-23,2022,23,-40.1726,15.86,12.99,12.72
SH-EN-ALERCE,2022-01-24,2022,24,-40.1726,18.07,12.29,10.73
SH-EN-ALERCE,2022-01-25,2022,25,-40.1726,19.52,11.76,10.7
SH-EN-ALERCE,2022-01-26,2022,26,-40.1726,22.05,12.38,11.02
SH-EN-ALERCE,2022-01-27,2022,27,-40.1726,22.8,14.16,12.78
SH-EN-ALERCE,2022-01-28,2022,28,-40.1726,18.36,13.73,13.0
SH-EN-ALERCE,2022-01-29,2022,29,-40.1726,17.12,13.42,11.97
SH-EN-ALERCE,2022-01-30,2022,30,-40.1726,16.18,11.01,8.87
SH-EN-ALERCE,2022-01-31,2022,31,-40.1726,16.85,10.23,8.88
SH-EN-ALERCE,2022-02-01,2022,32,-40.1726,19.01,12.54,12.85
SH-EN-ALERCE,2022-02-02,2022,33,-40.1726,20.46,13.29,12.38
SH-EN-ALERCE,2022-02-03,2022,34,-40.1726,19.87,14.94,13.7
SH-EN-ALERCE,2022-02-04,2022,35,-40.1726,18.22,13.05,11.4
SH-EN-ALERCE,2022-02-05,2022,36,-40.1726,19.94,10.8,8.97
SH-EN-ALERCE,2022-02-06,2022,37,-40.1726,22.31,12.23,9.49
SH-EN-ALERCE,2022-02-07,2022,38,-40.1726,19.68,12.9,11.86
SH-EN-ALERCE,2022-02-08,2022,39,-40.1726,18.8,13.15,11.91
SH-EN-ALERCE,2022-02-09,2022,40,-40.1726,18.0,11.24,9.2
SH-EN-ALERCE,2022-02-10,2022,41,-40.1726,16.62,10.12,6.15
SH-EN-ALERCE,2022-02-11,2022,42,-40.1726,18.32,9.49,5.49
SH-EN-ALERCE,2022-02-12,2022,43,-40.1726,22.91,11.9,6.99
SH-EN-ALERCE,2022-02-13,2022,44,-40.1726,20.11,12.12,10.69
SH-EN-ALERCE,2022-02-14,2022,45,-40.1726,17.9,11.13,10.54
SH-EN-ALERCE,2022-02-15,2022,46,-40.1726,16.66,10.3,10.46
SH-EN-ALERCE,2022-02-16,2022,47,-40.1726,17.01,12.32,10.27
SH-EN-ALERCE,2022-02-17,2022,48,-40.1726,17.44,10.46,8.28
SH-EN-ALERCE,2022-02-18,2022,49,-40.1726,17.56,10.87,10.75
SH-EN-ALERCE,2022-02-19,2022,50,-40.1726,15.83,12.77,12.59
SH-EN-ALERCE,2022-02-20,2022,51,-40.1726,18.61,11.5,10.46
SH-EN-ALERCE,2022-02-21,2022,52,-40.1726,21.82,14.05,9.03
SH-EN-ALERCE,2022-02-22,2022,53,-40.1726,22.2,13.06,9.75
SH-EN-ALERCE,2022-02-23,2022,54,-40.1726,18.27,12.82,11.61
SH-EN-ALERCE,2022-02-24,2022,55,-40.1726,16.87,13.28,13.29
SH-EN-ALERCE,2022-02-25,2022,56,-40.1726,16.16,12.91,13.68
SH-EN-ALERCE,2022-02-26,2022,57,-40.1726,16.8,14.17,12.54
SH-EN-ALERCE,2022-02-27,2022,58,-40.1726,15.5,13.0,9.81
SH-EN-ALERCE,2022-02-28,2022,59,-40.1726,15.6,13.22,9.72
SH-EN-ALERCE,2022-03-01,2022,60,-40.1726,16.66,13.77,13.49
SH-EN-ALERCE,2022-03-02,2022,61,-40.1726,19.3,14.38,14.71
SH-EN-ALERCE,2022-03-03,2022,62,-40.1726,16.72,11.77,12.4
SH-EN-ALERCE,2022-03-04,2022,63,-40.1726,15.81,11.4,8.25
SH-EN-ALERCE,2022-03-05,2022,64,-40.1726,15.6,11.27,8.98
SH-EN-ALERCE,2022-03-06,2022,65,-40.1726,15.49,13.18,12.56
SH-EN-ALERCE,2022-03-07,2022,66,-40.1726,15.2,13.03,11.37
SH-EN-ALERCE,2022-03-08,2022,67,-40.1726,15.68,11.94,10.76
SH-EN-ALERCE,2022-03-09,2022,68,-40.1726,16.0,11.21,8.02
SH-EN-ALERCE,2022-03-10,2022,69,-40.1726,17.23,10.71,10.33
SH-EN-ALERCE,2022-03-11,2022,70,-40.1726,20.47,11.43,10.25
SH-EN-ALERCE,2022-03-12,2022,71,-40.1726,18.73,12.41,10.29
SH-EN-ALERCE,2022-03-13,2022,72,-40.1726,19.25,10.38,8.06
SH-EN-ALERCE,2022-03-14,2022,73,-40.1726,18.73,10.7,10.71
SH-EN-ALERCE,2022-03-15,2022,74,-40.1726,20.56,12.36,10.92
SH-EN-ALERCE,2022-03-16,2022,75,-40.1726,15.09,11.21,11.99
SH-EN-ALERCE,2022-03-17,2022,76,-40.1726,15.23,9.61,7.45
SH-EN-ALERCE,2022-03-18,2022,77,-40.1726,15.59,7.79,5.03
SH-EN-ALERCE,2022-03-19,2022,78,-40.1726,14.55,9.28,6.32
SH-EN-ALERCE,2022-03-20,2022,79,-40.1726,14.28,11.13,11.33
SH-EN-ALERCE,2022-03-21,2022,80,-40.1726,14.08,10.07,11.13
SH-EN-ALERCE,2022-03-22,2022,81,-40.1726,13.27,9.89,9.41
SH-EN-ALERCE,2022-03-23,2022,82,-40.1726,13.29,8.63,6.41
SH-EN-ALERCE,2022-03-24,2022,83,-40.1726,14.78,8.37,7.69
SH-EN-ALERCE,2022-03-25,2022,84,-40.1726,17.72,10.21,8.75
SH-EN-ALERCE,2022-03-26,2022,85,-40.1726,13.93,10.52,11.16
SH-EN-ALERCE,2022-03-27,2022,86,-40.1726,13.69,10.48,8.64
SH-EN-ALERCE,2022-03-28,2022,87,-40.1726,13.89,11.18,10.86
SH-EN-ALERCE,2022-03-29,2022,88,-40.1726,12.55,7.15,5.31
SH-EN-ALERCE,2022-03-30,2022,89,-40.1726,14.13,7.05,4.99
SH-EN-ALERCE,2022-03-31,2022,90,-40.1726,15.2,7.14,6.62
SH-EN-ALERCE,2022-04-01,2022,91,-40.1726,16.07,10.27,10.44
SH-EN-ALERCE,2022-04-02,2022,92,-40.1726,13.77,9.86,9.99
SH-EN-ALERCE,2022-04-03,2022,93,-40.1726,12.73,8.44,6.35
SH-EN-ALERCE,2022-04-04,2022,94,-40.1726,12.45,9.15,9.04
SH-EN-ALERCE,2022-04-05,2022,95,-40.1726,12.63,11.13,11.36
SH-EN-ALERCE,2022-04-06,2022,96,-40.1726,13.37,11.53,12.17
SH-EN-ALERCE,2022-04-07,2022,97,-40.1726,14.46,10.75,11.77
SH-EN-ALERCE,2022-04-08,2022,98,-40.1726,15.46,9.78,10.06
SH-EN-ALERCE,2022-04-09,2022,99,-40.1726,12.6,9.94,9.46
SH-EN-ALERCE,2022-04-10,2022,100,-40.1726,13.42,9.0,7.23
SH-EN-ALERCE,2022-04-11,2022,101,-40.1726,12.0,9.57,8.96
SH-EN-ALERCE,2022-04-12,2022,102,-40.1726,12.83,8.24,6.05
SH-EN-ALERCE,2022-04-13,2022,103,-40.1726,15.66,7.74,7.15
SH-EN-ALERCE,2022-04-14,2022,104,-40.1726,17.47,8.89,8.02
SH-EN-ALERCE,2022-04-15,2022,105,-40.1726,15.16,9.76,9.25
SH-EN-ALERCE,2022-04-16,2022,106,-40.1726,17.22,10.29,9.39
SH-EN-ALERCE,2022-04-17,2022,107,-40.1726,14.01,9.5,9.28
SH-EN-ALERCE,2022-04-18,2022,108,-40.1726,13.27,10.4,9.41
SH-EN-ALERCE,2022-04-19,2022,109,-40.1726,12.43,9.62,8.37
SH-EN-ALERCE,2022-04-20,2022,110,-40.1726,11.67,9.28,7.44
SH-EN-ALERCE,2022-04-21,2022,111,-40.1726,13.41,10.45,10.65
SH-EN-ALERCE,2022-04-22,2022,112,-40.1726,13.45,10.27,10.82
SH-EN-ALERCE,2022-04-23,2022,113,-40.1726,13.02,11.4,9.08
SH-EN-ALERCE,2022-04-24,2022,114,-40.1726,13.24,10.32,8.55
SH-EN-ALERCE,2022-04-25,2022,115,-40.1726,12.6,10.84,9.46
SH-EN-ALERCE,2022-04-26,2022,116,-40.1726,11.36,9.32,6.41
SH-EN-ALERCE,2022-04-27,2022,117,-40.1726,10.78,8.83,6.14
SH-EN-ALERCE,2022-04-28,2022,118,-40.1726,11.33,7.15,4.26
SH-EN-ALERCE,2022-04-29,2022,119,-40.1726,12.13,6.24,3.84
SH-EN-ALERCE,2022-04-30,2022,120,-40.1726,12.11,5.73,6.22
SH-EN-ALERCE,2022-05-01,2022,121,-40.1726,13.07,8.75,8.59
SH-EN-ALERCE,2022-05-02,2022,122,-40.1726,12.17,8.32,7.38
SH-EN-ALERCE,2022-05-03,2022,123,-40.1726,12.24,8.52,9.62
SH-EN-ALERCE,2022-05-04,2022,124,-40.1726,13.8,11.5,11.81
SH-EN-ALERCE,2022-05-05,2022,125,-40.1726,13.25,11.22,11.54
SH-EN-ALERCE,2022-05-06,2022,126,-40.1726,13.25,10.37,10.49
SH-EN-ALERCE,2022-05-07,2022,127,-40.1726,13.01,9.63,10.65
SH-EN-ALERCE,2022-05-08,2022,128,-40.1726,14.09,8.91,10.15
SH-EN-ALERCE,2022-05-09,2022,129,-40.1726,12.47,8.31,7.13
SH-EN-ALERCE,2022-05-10,2022,130,-40.1726,14.22,6.85,5.3
SH-EN-ALERCE,2022-05-11,2022,131,-40.1726,12.61,9.71,9.07
SH-EN-ALERCE,2022-05-12,2022,132,-40.1726,12.63,8.36,8.36
SH-EN-ALERCE,2022-05-13,2022,133,-40.1726,10.04,7.29,4.66
SH-EN-ALERCE,2022-05-14,2022,134,-40.1726,13.5,7.18,6.69
SH-EN-ALERCE,2022-05-15,2022,135,-40.1726,16.63,7.27,3.85
SH-EN-ALERCE,2022-05-16,2022,136,-40.1726,17.62,9.09,2.71
SH-EN-ALERCE,2022-05-17,2022,137,-40.1726,15.3,6.78,3.49
SH-EN-ALERCE,2022-05-18,2022,138,-40.1726,12.59,7.85,6.18
SH-EN-ALERCE,2022-05-19,2022,139,-40.1726,12.82,8.64,9.59
SH-EN-ALERCE,2022-05-20,2022,140,-40.1726,13.17,11.57,10.19
SH-EN-ALERCE,2022-05-21,2022,141,-40.1726,12.48,11.54,11.27
SH-EN-ALERCE,2022-05-22,2022,142,-40.1726,12.32,8.75,7.12
SH-EN-ALERCE,2022-05-23,2022,143,-40.1726,10.59,9.15,6.49
SH-EN-ALERCE,2022-05-24,2022,144,-40.1726,9.78,7.64,6.56
SH-EN-ALERCE,2022-05-25,2022,145,-40.1726,10.04,4.45,3.03
SH-EN-ALERCE,2022-05-26,2022,146,-40.1726,9.68,3.7,3.14
SH-EN-ALERCE,2022-05-27,2022,147,-40.1726,9.72,5.14,4.05
SH-EN-ALERCE,2022-05-28,2022,148,-40.1726,8.93,5.04,4.43
SH-EN-ALERCE,2022-05-29,2022,149,-40.1726,8.96,4.41,3.49
SH-EN-ALERCE,2022-05-30,2022,150,-40.1726,9.13,4.11,3.09
SH-EN-ALERCE,2022-05-31,2022,151,-40.1726,8.97,3.76,1.68
SH-EN-ALERCE,2022-06-01,2022,152,-40.1726,8.27,3.0,0.58
SH-EN-ALERCE,2022-06-02,2022,153,-40.1726,8.95,4.38,4.11
SH-EN-ALERCE,2022-06-03,2022,154,-40.1726,10.92,7.45,8.35
SH-EN-ALERCE,2022-06-04,2022,155,-40.1726,10.95,6.78,7.19
SH-EN-ALERCE,2022-06-05,2022,156,-40.1726,9.78,5.48,5.8
SH-EN-ALERCE,2022-06-06,2022,157,-40.1726,12.06,9.81,10.31
SH-EN-ALERCE,2022-06-07,2022,158,-40.1726,12.0,9.93,10.11
SH-EN-ALERCE,2022-06-08,2022,159,-40.1726,11.79,9.48,9.03
SH-EN-ALERCE,2022-06-09,2022,160,-40.1726,9.5,5.86,3.41
SH-EN-ALERCE,2022-06-10,2022,161,-40.1726,11.97,4.64,2.57
SH-EN-ALERCE,2022-06-11,2022,162,-40.1726,10.11,5.48,5.68
SH-EN-ALERCE,2022-06-12,2022,163,-40.1726,9.57,8.78,8.17
SH-EN-ALERCE,2022-06-13,2022,164,-40.1726,10.23,7.96,8.6
SH-EN-ALERCE,2022-06-14,2022,165,-40.1726,10.57,8.54,8.54
SH-EN-ALERCE,2022-06-15,2022,166,-40.1726,9.27,7.52,6.69
SH-EN-ALERCE,2022-06-16,2022,167,-40.1726,9.89,6.69,6.8
SH-EN-ALERCE,2022-06-17,2022,168,-40.1726,8.32,6.28,3.47
SH-EN-ALERCE,2022-06-18,2022,169,-40.1726,10.79,6.46,7.52
SH-EN-ALERCE,2022-06-19,2022,170,-40.1726,11.29,9.38,9.8
SH-EN-ALERCE,2022-06-20,2022,171,-40.1726,10.52,7.71,6.93
SH-EN-ALERCE,2022-06-21,2022,172,-40.1726,11.3,4.96,2.77
SH-EN-ALERCE,2022-06-22,2022,173,-40.1726,9.07,3.3,1.02
SH-EN-ALERCE,2022-06-23,2022,174,-40.1726,9.06,4.41,2.35
SH-EN-ALERCE,2022-06-24,2022,175,-40.1726,10.02,4.22,1.73
SH-EN-ALERCE,2022-06-25,2022,176,-40.1726,11.09,4.82,1.92
SH-EN-ALERCE,2022-06-26,2022,177,-40.1726,8.88,2.99,3.47
SH-EN-ALERCE,2022-06-27,2022,178,-40.1726,9.71,7.24,6.92
SH-EN-ALERCE,2022-06-28,2022,179,-40.1726,11.85,9.77,10.39
SH-EN-ALERCE,2022-06-29,2022,180,-40.1726,10.93,7.53,6.7
SH-EN-ALERCE,2022-06-30,2022,181,-40.1726,8.44,4.11,5.27
SH-EN-ALERCE,2022-07-01,2022,182,-40.1726,8.53,5.64,4.99
SH-EN-ALERCE,2022-07-02,2022,183,-40.1726,8.89,6.97,5.92
SH-EN-ALERCE,2022-07-03,2022,184,-40.1726,9.52,7.17,6.42
SH-EN-ALERCE,2022-07-04,2022,185,-40.1726,9.8,7.71,6.37
SH-EN-ALERCE,2022-07-05,2022,186,-40.1726,9.51,8.36,5.9
SH-EN-ALERCE,2022-07-06,2022,187,-40.1726,8.85,6.74,4.94
SH-EN-ALERCE,2022-07-07,2022,188,-40.1726,9.36,7.1,6.75
SH-EN-ALERCE,2022-07-08,2022,189,-40.1726,9.92,7.46,7.41
SH-EN-ALERCE,2022-07-09,2022,190,-40.1726,9.69,7.78,7.21
SH-EN-ALERCE,2022-07-10,2022,191,-40.1726,9.48,7.5,6.48
SH-EN-ALERCE,2022-07-11,2022,192,-40.1726,7.68,6.88,5.81
SH-EN-ALERCE,2022-07-12,2022,193,-40.1726,8.92,6.65,4.83
SH-EN-ALERCE,2022-07-13,2022,194,-40.1726,7.6,6.12,3.85
SH-EN-ALERCE,2022-07-14,2022,195,-40.1726,7.08,4.33,3.6
SH-EN-ALERCE,2022-07-15,2022,196,-40.1726,8.25,3.33,1.21
SH-EN-ALERCE,2022-07-16,2022,197,-40.1726,9.56,4.52,4.24
SH-EN-ALERCE,2022-07-17,2022,198,-40.1726,9.95,5.58,6.19
SH-EN-ALERCE,2022-07-18,2022,199,-40.1726,7.95,5.76,2.56
SH-EN-ALERCE,2022-07-19,2022,200,-40.1726,10.82,5.54,7.79
SH-EN-ALERCE,2022-07-20,2022,201,-40.1726,11.2,5.46,7.63
SH-EN-ALERCE,2022-07-21,2022,202,-40.1726,8.01,4.93,3.79
SH-EN-ALERCE,2022-07-22,2022,203,-40.1726,11.1,5.86,9.44
SH-EN-ALERCE,2022-07-23,2022,204,-40.1726,10.83,8.47,9.0
SH-EN-ALERCE,2022-07-24,2022,205,-40.1726,9.81,8.05,6.51
SH-EN-ALERCE,2022-07-25,2022,206,-40.1726,12.15,7.92,8.7
SH-EN-ALERCE,2022-07-26,2022,207,-40.1726,11.37,8.84,8.85
SH-EN-ALERCE,2022-07-27,2022,208,-40.1726,11.38,7.84,7.53
SH-EN-ALERCE,2022-07-28,2022,209,-40.1726,9.66,6.52,6.07
SH-EN-ALERCE,2022-07-29,2022,210,-40.1726,10.3,6.56,5.61
SH-EN-ALERCE,2022-07-30,2022,211,-40.1726,10.73,4.81,4.97
SH-EN-ALERCE,2022-07-31,2022,212,-40.1726,8.9,4.6,3.78
SH-EN-ALERCE,2022-08-01,2022,213,-40.1726,9.37,5.26,3.82
SH-EN-ALERCE,2022-08-02,2022,214,-40.1726,8.81,4.83,4.06
SH-EN-ALERCE,2022-08-03,2022,215,-40.1726,9.48,6.07,5.63
SH-EN-ALERCE,2022-08-04,2022,216,-40.1726,7.42,5.52,3.06
SH-EN-ALERCE,2022-08-05,2022,217,-40.1726,9.79,5.84,5.25
SH-EN-ALERCE,2022-08-06,2022,218,-40.1726,8.46,5.77,5.53
SH-EN-ALERCE,2022-08-07,2022,219,-40.1726,9.25,5.1,3.88
SH-EN-ALERCE,2022-08-08,2022,220,-40.1726,9.26,5.08,3.05
SH-EN-ALERCE,2022-08-09,2022,221,-40.1726,9.97,5.33,3.86
SH-EN-ALERCE,2022-08-10,2022,222,-40.1726,9.08,6.33,6.11
SH-EN-ALERCE,2022-08-11,2022,223,-40.1726,9.94,8.65,8.13
SH-EN-ALERCE,2022-08-12,2022,224,-40.1726,10.08,7.42,7.75
SH-EN-ALERCE,2022-08-13,2022,225,-40.1726,10.84,8.84,7.78
SH-EN-ALERCE,2022-08-14,2022,226,-40.1726,9.38,6.96,5.31
SH-EN-ALERCE,2022-08-15,2022,227,-40.1726,9.94,6.94,6.45
SH-EN-ALERCE,2022-08-16,2022,228,-40.1726,8.59,7.13,5.61
SH-EN-ALERCE,2022-08-17,2022,229,-40.1726,8.42,6.0,4.27
SH-EN-ALERCE,2022-08-18,2022,230,-40.1726,9.41,6.29,5.15
SH-EN-ALERCE,2022-08-19,2022,231,-40.1726,11.67,6.45,7.94
SH-EN-ALERCE,2022-08-20,2022,232,-40.1726,11.67,8.77,8.99
SH-EN-ALERCE,2022-08-21,2022,233,-40.1726,13.56,7.32,7.97
SH-EN-ALERCE,2022-08-22,2022,234,-40.1726,11.72,7.85,8.29
SH-EN-ALERCE,2022-08-23,2022,235,-40.1726,9.88,4.33,6.22
SH-EN-ALERCE,2022-08-24,2022,236,-40.1726,9.18,3.52,3.0
SH-EN-ALERCE,2022-08-25,2022,237,-40.1726,9.51,5.54,5.12
SH-EN-ALERCE,2022-08-26,2022,238,-40.1726,9.27,6.82,5.91
SH-EN-ALERCE,2022-08-27,2022,239,-40.1726,9.06,5.5,3.48
SH-EN-ALERCE,2022-08-28,2022,240,-40.1726,13.25,4.52,5.15
SH-EN-ALERCE,2022-08-29,2022,241,-40.1726,12.34,5.1,6.28
SH-EN-ALERCE,2022-08-30,2022,242,-40.1726,9.7,6.41,6.33
SH-EN-ALERCE,2022-08-31,2022,243,-40.1726,9.4,7.29,7.08
SH-EN-ALERCE,2022-09-01,2022,244,-40.1726,10.7,6.04,5.38
SH-EN-ALERCE,2022-09-02,2022,245,-40.1726,11.9,5.18,4.95
SH-EN-ALERCE,2022-09-03,2022,246,-40.1726,11.62,6.15,6.46
SH-EN-ALERCE,2022-09-04,2022,247,-40.1726,12.23,7.12,7.05
SH-EN-ALERCE,2022-09-05,2022,248,-40.1726,11.42,6.72,6.98
SH-EN-ALERCE,2022-09-06,2022,249,-40.1726,10.78,8.71,8.87
SH-EN-ALERCE,2022-09-07,2022,250,-40.1726,8.03,6.12,4.35
SH-EN-ALERCE,2022-09-08,2022,251,-40.1726,8.17,5.32,4.47
SH-EN-ALERCE,2022-09-09,2022,252,-40.1726,10.0,5.15,4.77
SH-EN-ALERCE,2022-09-10,2022,253,-40.1726,12.01,6.14,6.55
SH-EN-ALERCE,2022-09-11,2022,254,-40.1726,10.3,7.32,6.9
SH-EN-ALERCE,2022-09-12,2022,255,-40.1726,11.19,7.56,7.25
SH-EN-ALERCE,2022-09-13,2022,256,-40.1726,10.11,8.14,7.82
SH-EN-ALERCE,2022-09-14,2022,257,-40.1726,10.67,9.18,8.95
SH-EN-ALERCE,2022-09-15,2022,258,-40.1726,10.97,5.32,9.3
SH-EN-ALERCE,2022-09-16,2022,259,-40.1726,9.45,4.27,4.01
SH-EN-ALERCE,2022-09-17,2022,260,-40.1726,9.56,4.62,2.71
SH-EN-ALERCE,2022-09-18,2022,261,-40.1726,7.9,5.16,3.08
SH-EN-ALERCE,2022-09-19,2022,262,-40.1726,8.44,6.0,4.65
SH-EN-ALERCE,2022-09-20,2022,263,-40.1726,8.08,5.72,4.3
SH-EN-ALERCE,2022-09-21,2022,264,-40.1726,8.19,5.76,4.88
SH-EN-ALERCE,2022-09-22,2022,265,-40.1726,10.57,8.25,9.41
SH-EN-ALERCE,2022-09-23,2022,266,-40.1726,11.0,6.27,6.42
SH-EN-ALERCE,2022-09-24,2022,267,-40.1726,11.26,5.12,5.6
SH-EN-ALERCE,2022-09-25,2022,268,-40.1726,9.92,6.81,6.57
SH-EN-ALERCE,2022-09-26,2022,269,-40.1726,11.73,7.52,7.54
SH-EN-ALERCE,2022-09-27,2022,270,-40.1726,13.33,6.2,6.25
SH-EN-ALERCE,2022-09-28,2022,271,-40.1726,14.9,6.79,7.7
SH-EN-ALERCE,2022-09-29,2022,272,-40.1726,12.59,7.53,7.77
SH-EN-ALERCE,2022-09-30,2022,273,-40.1726,11.92,8.78,9.12
SH-EN-ALERCE,2022-10-01,2022,274,-40.1726,14.37,8.27,7.72
SH-EN-ALERCE,2022-10-02,2022,275,-40.1726,13.98,8.86,7.73
SH-EN-ALERCE,2022-10-03,2022,276,-40.1726,10.73,8.71,8.16
SH-EN-ALERCE,2022-10-04,2022,277,-40.1726,11.55,7.95,8.89
SH-EN-ALERCE,2022-10-05,2022,278,-40.1726,10.33,7.86,7.85
SH-EN-ALERCE,2022-10-06,2022,279,-40.1726,11.36,8.59,8.49
SH-EN-ALERCE,2022-10-07,2022,280,-40.1726,11.12,6.16,6.54
SH-EN-ALERCE,2022-10-08,2022,281,-40.1726,11.43,5.84,4.05
SH-EN-ALERCE,2022-10-09,2022,282,-40.1726,11.52,5.23,4.55
SH-EN-ALERCE,2022-10-10,2022,283,-40.1726,11.92,6.49,5.56
SH-EN-ALERCE,2022-10-11,2022,284,-40.1726,10.51,7.24,8.02
SH-EN-ALERCE,2022-10-12,2022,285,-40.1726,9.87,5.11,5.3
SH-EN-ALERCE,2022-10-13,2022,286,-40.1726,9.52,3.89,2.92
SH-EN-ALERCE,2022-10-14,2022,287,-40.1726,13.41,7.99,7.78
SH-EN-ALERCE,2022-10-15,2022,288,-40.1726,14.9,7.77,8.01
SH-EN-ALERCE,2022-10-16,2022,289,-40.1726,14.52,9.18,9.42
SH-EN-ALERCE,2022-10-17,2022,290,-40.1726,19.41,11.81,9.55
SH-EN-ALERCE,2022-10-18,2022,291,-40.1726,16.71,9.24,9.15
SH-EN-ALERCE,2022-10-19,2022,292,-40.1726,12.82,8.27,8.31
SH-EN-ALERCE,2022-10-20,2022,293,-40.1726,11.87,7.53,7.31
SH-EN-ALERCE,2022-10-21,2022,294,-40.1726,12.62,5.98,4.43
SH-EN-ALERCE,2022-10-22,2022,295,-40.1726,13.31,6.1,4.87
SH-EN-ALERCE,2022-10-23,2022,296,-40.1726,10.58,6.75,6.83
SH-EN-ALERCE,2022-10-24,2022,297,-40.1726,12.49,10.66,10.57
SH-EN-ALERCE,2022-10-25,2022,298,-40.1726,13.08,10.17,10.21
SH-EN-ALERCE,2022-10-26,2022,299,-40.1726,12.76,9.53,7.68
SH-EN-ALERCE,2022-10-27,2022,300,-40.1726,12.14,9.51,9.23
SH-EN-ALERCE,2022-10-28,2022,301,-40.1726,12.06,9.43,8.56
SH-EN-ALERCE,2022-10-29,2022,302,-40.1726,11.64,7.37,6.78
SH-EN-ALERCE,2022-10-30,2022,303,-40.1726,13.05,6.36,4.34
SH-EN-ALERCE,2022-10-31,2022,304,-40.1726,15.24,6.11,5.17
SH-EN-ALERCE,2022-11-01,2022,305,-40.1726,17.89,6.67,6.41
SH-EN-ALERCE,2022-11-02,2022,306,-40.1726,22.44,8.94,7.64
SH-EN-ALERCE,2022-11-03,2022,307,-40.1726,16.84,10.55,9.58
SH-EN-ALERCE,2022-11-04,2022,308,-40.1726,14.42,9.81,9.46
SH-EN-ALERCE,2022-11-05,2022,309,-40.1726,12.6,8.72,8.52
SH-EN-ALERCE,2022-11-06,2022,310,-40.1726,13.69,8.27,7.23
SH-EN-ALERCE,2022-11-07,2022,311,-40.1726,16.19,8.37,9.46
SH-EN-ALERCE,2022-11-08,2022,312,-40.1726,18.62,11.07,11.74
SH-EN-ALERCE,2022-11-09,2022,313,-40.1726,14.6,11.16,10.96
SH-EN-ALERCE,2022-11-10,2022,314,-40.1726,13.88,11.35,10.67
SH-EN-ALERCE,2022-11-11,2022,315,-40.1726,13.6,11.32,11.03
SH-EN-ALERCE,2022-11-12,2022,316,-40.1726,13.9,11.12,10.02
SH-EN-ALERCE,2022-11-13,2022,317,-40.1726,14.19,11.45,11.07
SH-EN-ALERCE,2022-11-14,2022,318,-40.1726,14.37,12.34,12.25
SH-EN-ALERCE,2022-11-15,2022,319,-40.1726,15.09,12.26,12.03
SH-EN-ALERCE,2022-11-16,2022,320,-40.1726,16.46,12.28,12.26
SH-EN-ALERCE,2022-11-17,2022,321,-40.1726,17.34,12.71,12.68
SH-EN-ALERCE,2022-11-18,2022,322,-40.1726,15.63,10.68,10.94
SH-EN-ALERCE,2022-11-19,2022,323,-40.1726,14.06,8.76,7.68
SH-EN-ALERCE,2022-11-20,2022,324,-40.1726,16.53,7.26,4.56
SH-EN-ALERCE,2022-11-21,2022,325,-40.1726,17.51,8.46,6.03
SH-EN-ALERCE,2022-11-22,2022,326,-40.1726,16.7,11.03,10.33
SH-EN-ALERCE,2022-11-23,2022,327,-40.1726,15.11,12.03,12.24
SH-EN-ALERCE,2022-11-24,2022,328,-40.1726,16.76,10.12,7.12
SH-EN-ALERCE,2022-11-25,2022,329,-40.1726,19.03,9.42,7.93
SH-EN-ALERCE,2022-11-26,2022,330,-40.1726,20.84,12.26,9.04
SH-EN-ALERCE,2022-11-27,2022,331,-40.1726,23.31,12.2,9.49
SH-EN-ALERCE,2022-11-28,2022,332,-40.1726,17.69,11.49,10.37
SH-EN-ALERCE,2022-11-29,2022,333,-40.1726,13.44,9.42,9.8
SH-EN-ALERCE,2022-11-30,2022,334,-40.1726,14.36,7.24,4.95
SH-EN-ALERCE,2022-12-01,2022,335,-40.1726,14.69,7.24,5.62
SH-EN-ALERCE,2022-12-02,2022,336,-40.1726,14.84,9.72,10.7
SH-EN-ALERCE,2022-12-03,2022,337,-40.1726,15.3,11.03,11.11
SH-EN-ALERCE,2022-12-04,2022,338,-40.1726,15.65,11.41,10.31
SH-EN-ALERCE,2022-12-05,2022,339,-40.1726,15.68,11.97,12.28
SH-EN-ALERCE,2022-12-06,2022,340,-40.1726,17.26,12.33,12.01
SH-EN-ALERCE,2022-12-07,2022,341,-40.1726,16.31,13.43,13.61
SH-EN-ALERCE,2022-12-08,2022,342,-40.1726,16.58,14.32,13.27
SH-EN-ALERCE,2022-12-09,2022,343,-40.1726,16.73,12.69,11.47
SH-EN-ALERCE,2022-12-10,2022,344,-40.1726,17.65,12.98,10.83
SH-EN-ALERCE,2022-12-11,2022,345,-40.1726,15.71,12.12,10.08
SH-EN-ALERCE,2022-12-12,2022,346,-40.1726,16.07,11.73,9.94
SH-EN-ALERCE,2022-12-13,2022,347,-40.1726,17.02,11.99,11.77
SH-EN-ALERCE,2022-12-14,2022,348,-40.1726,16.93,12.2,11.46
SH-EN-ALERCE,2022-12-15,2022,349,-40.1726,19.0,11.14,8.34
SH-EN-ALERCE,2022-12-16,2022,350,-40.1726,20.37,11.07,8.71
SH-EN-ALERCE,2022-12-17,2022,351,-40.1726,17.36,11.45,11.27
SH-EN-ALERCE,2022-12-18,2022,352,-40.1726,17.2,10.58,8.82
SH-EN-ALERCE,2022-12-19,2022,353,-40.1726,15.71,11.01,9.62
SH-EN-ALERCE,2022-12-20,2022,354,-40.1726,16.51,12.83,12.61
SH-EN-ALERCE,2022-12-21,2022,355,-40.1726,16.56,14.69,13.82
SH-EN-ALERCE,2022-12-22,2022,356,-40.1726,15.72,11.32,10.02
SH-EN-ALERCE,2022-12-23,2022,357,-40.1726,16.04,10.52,6.39
SH-EN-ALERCE,2022-12-24,2022,358,-40.1726,21.18,8.63,6.66
SH-EN-ALERCE,2022-12-25,2022,359,-40.1726,23.97,12.7,9.33
SH-EN-ALERCE,2022-12-26,2022,360,-40.1726,19.39,12.43,10.35
SH-EN-ALERCE,2022-12-27,2022,361,-40.1726,16.15,8.79,5.77
SH-EN-ALERCE,2022-12-28,2022,362,-40.1726,16.88,8.78,6.24
SH-EN-ALERCE,2022-12-29,2022,363,-40.1726,18.81,8.92,8.21
SH-EN-ALERCE,2022-12-30,2022,364,-40.1726,17.23,10.38,9.22
SH-EN-ALERCE,2022-12-31,2022,365,-40.1726,15.92,10.55,9.95
SH-EN-ALERCE,2023-01-01,2023,1,-40.1726,15.89,9.95,9.15
SH-EN-ALERCE,2023-01-02,2023,2,-40.1726,13.73,9.94,9.46
SH-EN-ALERCE,2023-01-03,2023,3,-40.1726,17.38,10.63,9.97
SH-EN-ALERCE,2023-01-04,2023,4,-40.1726,20.81,12.27,11.73
SH-EN-ALERCE,2023-01-05,2023,5,-40.1726,18.71,11.42,10.22
SH-EN-ALERCE,2023-01-06,2023,6,-40.1726,16.89,10.99,10.06
SH-EN-ALERCE,2023-01-07,2023,7,-40.1726,16.76,11.53,11.04
SH-EN-ALERCE,2023-01-08,2023,8,-40.1726,17.2,12.04,12.47
SH-EN-ALERCE,2023-01-09,2023,9,-40.1726,15.79,12.17,12.46
SH-EN-ALERCE,2023-01-10,2023,10,-40.1726,14.92,10.39,7.61
SH-EN-ALERCE,2023-01-11,2023,11,-40.1726,15.6,8.99,7.24
SH-EN-ALERCE,2023-01-12,2023,12,-40.1726,16.23,9.5,7.64
SH-EN-ALERCE,2023-01-13,2023,13,-40.1726,16.53,10.22,8.7
SH-EN-ALERCE,2023-01-14,2023,14,-40.1726,15.41,10.09,9.77
SH-EN-ALERCE,2023-01-15,2023,15,-40.1726,17.18,9.55,7.25
SH-EN-ALERCE,2023-01-16,2023,16,-40.1726,18.03,9.9,8.11
SH-EN-ALERCE,2023-01-17,2023,17,-40.1726,18.42,10.32,8.82
SH-EN-ALERCE,2023-01-18,2023,18,-40.1726,22.13,11.65,8.43
SH-EN-ALERCE,2023-01-19,2023,19,-40.1726,21.78,12.73,10.83
SH-EN-ALERCE,2023-01-20,2023,20,-40.1726,15.75,11.61,11.74
SH-EN-ALERCE,2023-01-21,2023,21,-40.1726,16.55,11.62,12.73
SH-EN-ALERCE,2023-01-22,2023,22,-40.1726,17.92,12.88,13.29
SH-EN-ALERCE,2023-01-23,2023,23,-40.1726,17.47,12.97,13.77
SH-EN-ALERCE,2023-01-24,2023,24,-40.1726,16.53,11.25,8.55
SH-EN-ALERCE,2023-01-25,2023,25,-40.1726,16.53,11.42,9.36
SH-EN-ALERCE,2023-01-26,2023,26,-40.1726,16.97,11.24,10.19
SH-EN-ALERCE,2023-01-27,2023,27,-40.1726,17.74,10.61,8.49
SH-EN-ALERCE,2023-01-28,2023,28,-40.1726,20.77,11.19,10.81
SH-EN-ALERCE,2023-01-29,2023,29,-40.1726,19.95,13.79,13.46
SH-EN-ALERCE,2023-01-30,2023,30,-40.1726,18.35,12.51,10.54
SH-EN-ALERCE,2023-01-31,2023,31,-40.1726,19.0,10.4,7.66
SH-EN-ALERCE,2023-02-01,2023,32,-40.1726,17.49,9.54,7.31
SH-EN-ALERCE,2023-02-02,2023,33,-40.1726,19.55,10.41,9.95
SH-EN-ALERCE,2023-02-03,2023,34,-40.1726,23.3,13.86,10.31
SH-EN-ALERCE,2023-02-04,2023,35,-40.1726,25.54,14.54,10.64
SH-EN-ALERCE,2023-02-05,2023,36,-40.1726,18.74,12.22,12.47
SH-EN-ALERCE,2023-02-06,2023,37,-40.1726,19.61,11.09,8.63
SH-EN-ALERCE,2023-02-07,2023,38,-40.1726,19.42,11.43,9.95
SH-EN-ALERCE,2023-02-08,2023,39,-40.1726,19.61,12.49,12.55
SH-EN-ALERCE,2023-02-09,2023,40,-40.1726,17.71,13.63,14.23
SH-EN-ALERCE,2023-02-10,2023,41,-40.1726,17.2,13.21,12.85
SH-EN-ALERCE,2023-02-11,2023,42,-40.1726,17.2,12.05,12.01
SH-EN-ALERCE,2023-02-12,2023,43,-40.1726,16.42,12.86,12.77
SH-EN-ALERCE,2023-02-13,2023,44,-40.1726,16.12,12.73,10.58
SH-EN-ALERCE,2023-02-14,2023,45,-40.1726,15.4,12.84,10.85
SH-EN-ALERCE,2023-02-15,2023,46,-40.1726,16.22,11.01,9.86
SH-EN-ALERCE,2023-02-16,2023,47,-40.1726,16.31,9.17,4.27
SH-EN-ALERCE,2023-02-17,2023,48,-40.1726,19.27,9.42,3.32
SH-EN-ALERCE,2023-02-18,2023,49,-40.1726,18.77,10.88,8.49
SH-EN-ALERCE,2023-02-19,2023,50,-40.1726,16.46,11.85,9.66
SH-EN-ALERCE,2023-02-20,2023,51,-40.1726,18.45,9.26,6.63
SH-EN-ALERCE,2023-02-21,2023,52,-40.1726,17.89,10.08,8.06
SH-EN-ALERCE,2023-02-22,2023,53,-40.1726,16.93,10.54,11.74
SH-EN-ALERCE,2023-02-23,2023,54,-40.1726,17.92,10.99,11.14
SH-EN-ALERCE,2023-02-24,2023,55,-40.1726,16.07,10.26,11.93
SH-EN-ALERCE,2023-02-25,2023,56,-40.1726,15.5,11.2,8.71
SH-EN-ALERCE,2023-02-26,2023,57,-40.1726,16.67,9.99,8.72
SH-EN-ALERCE,2023-02-27,2023,58,-40.1726,19.07,10.43,9.59
SH-EN-ALERCE,2023-02-28,2023,59,-40.1726,18.08,11.63,12.66
SH-EN-ALERCE,2023-03-01,2023,60,-40.1726,16.36,11.79,11.07
SH-EN-ALERCE,2023-03-02,2023,61,-40.1726,17.92,11.83,11.52
SH-EN-ALERCE,2023-03-03,2023,62,-40.1726,17.13,11.62,10.41
SH-EN-ALERCE,2023-03-04,2023,63,-40.1726,17.24,9.43,6.67
SH-EN-ALERCE,2023-03-05,2023,64,-40.1726,19.04,12.7,13.54
SH-EN-ALERCE,2023-03-06,2023,65,-40.1726,15.77,12.33,13.55
SH-EN-ALERCE,2023-03-07,2023,66,-40.1726,18.1,10.71,10.0
SH-EN-ALERCE,2023-03-08,2023,67,-40.1726,15.65,11.48,9.49
SH-EN-ALERCE,2023-03-09,2023,68,-40.1726,15.19,12.03,10.88
SH-EN-ALERCE,2023-03-10,2023,69,-40.1726,16.37,12.16,11.8
SH-EN-ALERCE,2023-03-11,2023,70,-40.1726,15.69,13.53,13.73
SH-EN-ALERCE,2023-03-12,2023,71,-40.1726,14.95,12.3,12.45
SH-EN-ALERCE,2023-03-13,2023,72,-40.1726,16.72,11.78,10.34
SH-EN-ALERCE,2023-03-14,2023,73,-40.1726,15.42,13.07,12.67
SH-EN-ALERCE,2023-03-15,2023,74,-40.1726,14.61,11.24,10.15
SH-EN-ALERCE,2023-03-16,2023,75,-40.1726,14.91,10.98,8.93
SH-EN-ALERCE,2023-03-17,2023,76,-40.1726,14.19,9.66,6.22
SH-EN-ALERCE,2023-03-18,2023,77,-40.1726,17.78,8.3,6.7
SH-EN-ALERCE,2023-03-19,2023,78,-40.1726,17.04,9.63,7.35
SH-EN-ALERCE,2023-03-20,2023,79,-40.1726,17.48,10.12,8.1
SH-EN-ALERCE,2023-03-21,2023,80,-40.1726,17.88,9.75,7.73
SH-EN-ALERCE,2023-03-22,2023,81,-40.1726,17.57,9.1,6.85
SH-EN-ALERCE,2023-03-23,2023,82,-40.1726,18.74,8.03,6.63
SH-EN-ALERCE,2023-03-24,2023,83,-40.1726,16.88,9.6,9.22
SH-EN-ALERCE,2023-03-25,2023,84,-40.1726,16.92,9.52,6.07
SH-EN-ALERCE,2023-03-26,2023,85,-40.1726,17.82,8.34,5.64
SH-EN-ALERCE,2023-03-27,2023,86,-40.1726,12.85,8.54,9.4
SH-EN-ALERCE,2023-03-28,2023,87,-40.1726,12.8,8.73,7.77
SH-EN-ALERCE,2023-03-29,2023,88,-40.1726,12.84,8.8,5.0
SH-EN-ALERCE,2023-03-30,2023,89,-40.1726,13.4,9.75,8.2
SH-EN-ALERCE,2023-03-31,2023,90,-40.1726,14.52,8.68,5.4
SH-EN-ALERCE,2023-04-01,2023,91,-40.1726,15.11,10.27,11.62
SH-EN-ALERCE,2023-04-02,2023,92,-40.1726,14.8,9.08,8.19
SH-EN-ALERCE,2023-04-03,2023,93,-40.1726,15.19,7.82,8.07
SH-EN-ALERCE,2023-04-04,2023,94,-40.1726,17.15,9.73,9.55
SH-EN-ALERCE,2023-04-05,2023,95,-40.1726,13.93,12.11,12.48
SH-EN-ALERCE,2023-04-06,2023,96,-40.1726,14.17,9.25,8.65
SH-EN-ALERCE,2023-04-07,2023,97,-40.1726,16.55,9.06,7.86
SH-EN-ALERCE,2023-04-08,2023,98,-40.1726,16.62,8.58,7.39
SH-EN-ALERCE,2023-04-09,2023,99,-40.1726,14.9,11.13,10.88
SH-EN-ALERCE,2023-04-10,2023,100,-40.1726,16.88,12.99,13.78
SH-EN-ALERCE,2023-04-11,2023,101,-40.1726,15.7,11.64,13.04
SH-EN-ALERCE,2023-04-12,2023,102,-40.1726,19.06,10.9,9.29
SH-EN-ALERCE,2023-04-13,2023,103,-40.1726,17.39,12.22,8.84
SH-EN-ALERCE,2023-04-14,2023,104,-40.1726,15.19,9.32,6.14
SH-EN-ALERCE,2023-04-15,2023,105,-40.1726,16.35,8.15,5.81
SH-EN-ALERCE,2023-04-16,2023,106,-40.1726,12.9,8.07,6.79
SH-EN-ALERCE,2023-04-17,2023,107,-40.1726,11.23,8.14,6.34
SH-EN-ALERCE,2023-04-18,2023,108,-40.1726,12.55,10.66,10.26
SH-EN-ALERCE,2023-04-19,2023,109,-40.1726,16.68,11.44,11.83
SH-EN-ALERCE,2023-04-20,2023,110,-40.1726,16.69,12.07,11.38
SH-EN-ALERCE,2023-04-21,2023,111,-40.1726,13.95,10.57,11.14
SH-EN-ALERCE,2023-04-22,2023,112,-40.1726,15.18,9.2,8.58
SH-EN-ALERCE,2023-04-23,2023,113,-40.1726,15.28,7.93,7.95
SH-EN-ALERCE,2023-04-24,2023,114,-40.1726,12.48,8.91,8.49
SH-EN-ALERCE,2023-04-25,2023,115,-40.1726,11.67,9.49,9.94
SH-EN-ALERCE,2023-04-26,2023,116,-40.1726,13.97,9.71,9.38
SH-EN-ALERCE,2023-04-27,2023,117,-40.1726,12.72,9.96,10.86
SH-EN-ALERCE,2023-04-28,2023,118,-40.1726,14.84,12.45,11.88
SH-EN-ALERCE,2023-04-29,2023,119,-40.1726,13.29,11.12,8.84
SH-EN-ALERCE,2023-04-30,2023,120,-40.1726,11.23,8.64,6.11
SH-EN-ALERCE,2023-05-01,2023,121,-40.1726,11.94,9.13,6.84
SH-EN-ALERCE,2023-05-02,2023,122,-40.1726,13.21,8.01,7.2
SH-EN-ALERCE,2023-05-03,2023,123,-40.1726,13.11,7.19,7.01
SH-EN-ALERCE,2023-05-04,2023,124,-40.1726,13.53,9.39,9.56
SH-EN-ALERCE,2023-05-05,2023,125,-40.1726,15.59,9.41,9.15
SH-EN-ALERCE,2023-05-06,2023,126,-40.1726,14.92,9.7,9.72
SH-EN-ALERCE,2023-05-07,2023,127,-40.1726,13.01,7.09,6.4
SH-EN-ALERCE,2023-05-08,2023,128,-40.1726,12.42,6.06,5.08
SH-EN-ALERCE,2023-05-09,2023,129,-40.1726,14.76,7.98,8.74
SH-EN-ALERCE,2023-05-10,2023,130,-40.1726,15.52,10.76,11.06
SH-EN-ALERCE,2023-05-11,2023,131,-40.1726,14.03,11.91,12.5
SH-EN-ALERCE,2023-05-12,2023,132,-40.1726,13.2,12.18,12.57
SH-EN-ALERCE,2023-05-13,2023,133,-40.1726,13.54,11.45,11.92
SH-EN-ALERCE,2023-05-14,2023,134,-40.1726,17.19,10.14,10.72
SH-EN-ALERCE,2023-05-15,2023,135,-40.1726,12.63,11.15,11.12
SH-EN-ALERCE,2023-05-16,2023,136,-40.1726,12.61,9.58,7.44
SH-EN-ALERCE,2023-05-17,2023,137,-40.1726,11.57,10.46,9.77
SH-EN-ALERCE,2023-05-18,2023,138,-40.1726,13.33,10.75,10.09
SH-EN-ALERCE,2023-05-19,2023,139,-40.1726,10.67,7.42,3.27
SH-EN-ALERCE,2023-05-20,2023,140,-40.1726,12.52,6.95,7.77
SH-EN-ALERCE,2023-05-21,2023,141,-40.1726,13.37,10.68,9.37
SH-EN-ALERCE,2023-05-22,2023,142,-40.1726,12.67,9.84,8.8
SH-EN-ALERCE,2023-05-23,2023,143,-40.1726,12.81,10.81,6.93
SH-EN-ALERCE,2023-05-24,2023,144,-40.1726,12.76,11.32,7.46
SH-EN-ALERCE,2023-05-25,2023,145,-40.1726,12.2,8.68,8.8
SH-EN-ALERCE,2023-05-26,2023,146,-40.1726,10.0,5.4,5.3
SH-EN-ALERCE,2023-05-27,2023,147,-40.1726,11.23,4.59,1.8
SH-EN-ALERCE,2023-05-28,2023,148,-40.1726,8.33,4.84,1.73
SH-EN-ALERCE,2023-05-29,2023,149,-40.1726,10.8,6.06,4.19
SH-EN-ALERCE,2023-05-30,2023,150,-40.1726,12.71,9.24,9.49
SH-EN-ALERCE,2023-05-31,2023,151,-40.1726,13.04,9.44,10.55
SH-EN-ALERCE,2023-06-01,2023,152,-40.1726,12.92,9.34,10.07
SH-EN-ALERCE,2023-06-02,2023,153,-40.1726,13.38,11.97,9.62
SH-EN-ALERCE,2023-06-03,2023,154,-40.1726,12.98,8.58,7.52
SH-EN-ALERCE,2023-06-04,2023,155,-40.1726,11.12,7.8,5.11
SH-EN-ALERCE,2023-06-05,2023,156,-40.1726,12.95,10.16,9.98
SH-EN-ALERCE,2023-06-06,2023,157,-40.1726,11.58,9.38,7.06
SH-EN-ALERCE,2023-06-07,2023,158,-40.1726,12.92,9.17,8.35
SH-EN-ALERCE,2023-06-08,2023,159,-40.1726,13.8,8.06,8.56
SH-EN-ALERCE,2023-06-09,2023,160,-40.1726,9.4,8.11,6.09
SH-EN-ALERCE,2023-06-10,2023,161,-40.1726,9.31,6.17,4.76
SH-EN-ALERCE,2023-06-11,2023,162,-40.1726,9.37,5.75,4.73
SH-EN-ALERCE,2023-06-12,2023,163,-40.1726,10.79,5.11,4.07
SH-EN-ALERCE,2023-06-13,2023,164,-40.1726,8.55,3.77,3.45
SH-EN-ALERCE,2023-06-14,2023,165,-40.1726,11.23,8.71,9.21
SH-EN-ALERCE,2023-06-15,2023,166,-40.1726,10.85,5.85,5.5
SH-EN-ALERCE,2023-06-16,2023,167,-40.1726,10.9,5.03,3.38
SH-EN-ALERCE,2023-06-17,2023,168,-40.1726,11.57,5.32,2.8
SH-EN-ALERCE,2023-06-18,2023,169,-40.1726,11.91,6.48,5.43
SH-EN-ALERCE,2023-06-19,2023,170,-40.1726,12.93,6.29,4.6
SH-EN-ALERCE,2023-06-20,2023,171,-40.1726,10.66,7.83,7.42
SH-EN-ALERCE,2023-06-21,2023,172,-40.1726,11.9,10.26,9.9
SH-EN-ALERCE,2023-06-22,2023,173,-40.1726,12.28,11.37,11.51
SH-EN-ALERCE,2023-06-23,2023,174,-40.1726,12.22,10.8,10.96
SH-EN-ALERCE,2023-06-24,2023,175,-40.1726,11.44,9.03,7.49
SH-EN-ALERCE,2023-06-25,2023,176,-40.1726,12.81,8.82,9.85
SH-EN-ALERCE,2023-06-26,2023,177,-40.1726,10.69,9.26,8.59
SH-EN-ALERCE,2023-06-27,2023,178,-40.1726,10.78,9.15,7.36
SH-EN-ALERCE,2023-06-28,2023,179,-40.1726,10.04,7.58,5.33
SH-EN-ALERCE,2023-06-29,2023,180,-40.1726,9.11,7.94,7.91
SH-EN-ALERCE,2023-06-30,2023,181,-40.1726,12.05,9.1,10.09
SH-EN-ALERCE,2023-07-01,2023,182,-40.1726,12.49,10.16,10.72
SH-EN-ALERCE,2023-07-02,2023,183,-40.1726,11.92,10.69,8.04
SH-EN-ALERCE,2023-07-03,2023,184,-40.1726,12.1,11.62,10.96
SH-EN-ALERCE,2023-07-04,2023,185,-40.1726,12.24,7.99,6.98
SH-EN-ALERCE,2023-07-05,2023,186,-40.1726,9.99,7.94,6.67
SH-EN-ALERCE,2023-07-06,2023,187,-40.1726,9.24,6.99,5.14
SH-EN-ALERCE,2023-07-07,2023,188,-40.1726,7.86,5.08,4.93
SH-EN-ALERCE,2023-07-08,2023,189,-40.1726,10.6,8.9,7.09
SH-EN-ALERCE,2023-07-09,2023,190,-40.1726,8.82,6.7,4.98
SH-EN-ALERCE,2023-07-10,2023,191,-40.1726,9.53,5.33,3.44
SH-EN-ALERCE,2023-07-11,2023,192,-40.1726,8.22,4.55,2.78
SH-EN-ALERCE,2023-07-12,2023,193,-40.1726,10.39,5.73,4.35
SH-EN-ALERCE,2023-07-13,2023,194,-40.1726,9.79,7.35,6.06
SH-EN-ALERCE,2023-07-14,2023,195,-40.1726,10.15,8.06,6.57
SH-EN-ALERCE,2023-07-15,2023,196,-40.1726,9.22,6.05,5.73
SH-EN-ALERCE,2023-07-16,2023,197,-40.1726,8.79,4.62,3.02
SH-EN-ALERCE,2023-07-17,2023,198,-40.1726,9.52,3.57,0.74
SH-EN-ALERCE,2023-07-18,2023,199,-40.1726,11.19,5.87,6.08
SH-EN-ALERCE,2023-07-19,2023,200,-40.1726,12.44,10.71,11.36
SH-EN-ALERCE,2023-07-20,2023,201,-40.1726,12.55,11.26,11.23
SH-EN-ALERCE,2023-07-21,2023,202,-40.1726,11.45,9.84,9.1
SH-EN-ALERCE,2023-07-22,2023,203,-40.1726,9.89,5.36,6.1
SH-EN-ALERCE,2023-07-23,2023,204,-40.1726,7.29,4.2,2.78
SH-EN-ALERCE,2023-07-24,2023,205,-40.1726,11.42,7.26,8.33
SH-EN-ALERCE,2023-07-25,2023,206,-40.1726,10.19,8.18,7.85
SH-EN-ALERCE,2023-07-26,2023,207,-40.1726,10.66,7.96,6.57
SH-EN-ALERCE,2023-07-27,2023,208,-40.1726,11.16,9.02,9.81
SH-EN-ALERCE,2023-07-28,2023,209,-40.1726,11.83,10.65,10.64
SH-EN-ALERCE,2023-07-29,2023,210,-40.1726,12.02,10.14,10.74
SH-EN-ALERCE,2023-07-30,2023,211,-40.1726,12.13,9.45,9.47
SH-EN-ALERCE,2023-07-31,2023,212,-40.1726,12.7,10.45,9.92
SH-EN-ALERCE,2023-08-01,2023,213,-40.1726,10.36,8.56,5.91
SH-EN-ALERCE,2023-08-02,2023,214,-40.1726,8.82,5.17,3.78
SH-EN-ALERCE,2023-08-03,2023,215,-40.1726,9.61,4.35,3.48
SH-EN-ALERCE,2023-08-04,2023,216,-40.1726,10.84,5.45,4.33
SH-EN-ALERCE,2023-08-05,2023,217,-40.1726,10.83,5.61,4.76
SH-EN-ALERCE,2023-08-06,2023,218,-40.1726,10.12,5.3,4.23
SH-EN-ALERCE,2023-08-07,2023,219,-40.1726,12.96,4.9,5.59
SH-EN-ALERCE,2023-08-08,2023,220,-40.1726,10.83,8.24,9.05
SH-EN-ALERCE,2023-08-09,2023,221,-40.1726,11.43,10.19,10.23
SH-EN-ALERCE,2023-08-10,2023,222,-40.1726,11.47,7.98,7.4
SH-EN-ALERCE,2023-08-11,2023,223,-40.1726,8.56,5.58,3.46
SH-EN-ALERCE,2023-08-12,2023,224,-40.1726,10.23,5.37,5.59
SH-EN-ALERCE,2023-08-13,2023,225,-40.1726,11.15,10.11,10.09
SH-EN-ALERCE,2023-08-14,2023,226,-40.1726,11.69,10.89,10.86
SH-EN-ALERCE,2023-08-15,2023,227,-40.1726,11.68,9.98,9.76
SH-EN-ALERCE,2023-08-16,2023,228,-40.1726,12.28,9.45,9.38
SH-EN-ALERCE,2023-08-17,2023,229,-40.1726,8.91,6.87,4.28
SH-EN-ALERCE,2023-08-18,2023,230,-40.1726,8.83,6.66,3.41
SH-EN-ALERCE,2023-08-19,2023,231,-40.1726,10.73,7.45,8.56
SH-EN-ALERCE,2023-08-20,2023,232,-40.1726,11.63,10.08,10.48
SH-EN-ALERCE,2023-08-21,2023,233,-40.1726,10.29,9.14,6.91
SH-EN-ALERCE,2023-08-22,2023,234,-40.1726,9.94,7.4,5.6
SH-EN-ALERCE,2023-08-23,2023,235,-40.1726,8.04,5.27,4.03
SH-EN-ALERCE,2023-08-24,2023,236,-40.1726,8.61,4.11,1.69
SH-EN-ALERCE,2023-08-25,2023,237,-40.1726,8.03,5.1,1.39
SH-EN-ALERCE,2023-08-26,2023,238,-40.1726,9.97,5.24,3.53
SH-EN-ALERCE,2023-08-27,2023,239,-40.1726,10.72,7.04,7.57
SH-EN-ALERCE,2023-08-28,2023,240,-40.1726,10.4,6.86,5.95
SH-EN-ALERCE,2023-08-29,2023,241,-40.1726,10.68,7.3,6.82
SH-EN-ALERCE,2023-08-30,2023,242,-40.1726,9.69,7.92,4.94
SH-EN-ALERCE,2023-08-31,2023,243,-40.1726,11.18,7.68,7.68
SH-EN-ALERCE,2023-09-01,2023,244,-40.1726,10.18,6.86,4.42
SH-EN-ALERCE,2023-09-02,2023,245,-40.1726,9.86,6.07,3.37
SH-EN-ALERCE,2023-09-03,2023,246,-40.1726,8.06,4.56,2.88
SH-EN-ALERCE,2023-09-04,2023,247,-40.1726,9.37,4.63,2.88
SH-EN-ALERCE,2023-09-05,2023,248,-40.1726,11.75,7.37,8.57
SH-EN-ALERCE,2023-09-06,2023,249,-40.1726,11.32,8.77,8.25
SH-EN-ALERCE,2023-09-07,2023,250,-40.1726,9.79,8.64,7.62
SH-EN-ALERCE,2023-09-08,2023,251,-40.1726,10.54,8.56,7.75
SH-EN-ALERCE,2023-09-09,2023,252,-40.1726,11.57,8.98,8.15
SH-EN-ALERCE,2023-09-10,2023,253,-40.1726,11.27,8.67,8.6
SH-EN-ALERCE,2023-09-11,2023,254,-40.1726,10.46,8.4,6.38
SH-EN-ALERCE,2023-09-12,2023,255,-40.1726,9.73,8.22,6.81
SH-EN-ALERCE,2023-09-13,2023,256,-40.1726,11.32,8.27,8.2
SH-EN-ALERCE,2023-09-14,2023,257,-40.1726,11.83,11.15,11.09
SH-EN-ALERCE,2023-09-15,2023,258,-40.1726,11.5,9.99,8.9
SH-EN-ALERCE,2023-09-16,2023,259,-40.1726,9.9,7.45,5.61
SH-EN-ALERCE,2023-09-17,2023,260,-40.1726,8.61,5.5,3.41
SH-EN-ALERCE,2023-09-18,2023,261,-40.1726,9.35,4.71,2.93
SH-EN-ALERCE,2023-09-19,2023,262,-40.1726,10.27,4.13,2.7
SH-EN-ALERCE,2023-09-20,2023,263,-40.1726,11.19,6.06,4.77
SH-EN-ALERCE,2023-09-21,2023,264,-40.1726,10.48,7.62,7.03
SH-EN-ALERCE,2023-09-22,2023,265,-40.1726,10.38,6.52,6.8
SH-EN-ALERCE,2023-09-23,2023,266,-40.1726,10.77,5.9,4.81
SH-EN-ALERCE,2023-09-24,2023,267,-40.1726,11.08,5.66,4.47
SH-EN-ALERCE,2023-09-25,2023,268,-40.1726,11.14,5.51,4.56
SH-EN-ALERCE,2023-09-26,2023,269,-40.1726,9.21,5.74,4.23
SH-EN-ALERCE,2023-09-27,2023,270,-40.1726,10.75,8.05,7.75
SH-EN-ALERCE,2023-09-28,2023,271,-40.1726,11.45,7.16,5.88
SH-EN-ALERCE,2023-09-29,2023,272,-40.1726,14.66,5.86,6.83
SH-EN-ALERCE,2023-09-30,2023,273,-40.1726,14.45,6.83,7.04
SH-EN-ALERCE,2023-10-01,2023,274,-40.1726,10.73,7.7,6.43
SH-EN-ALERCE,2023-10-02,2023,275,-40.1726,10.81,7.03,5.25
SH-EN-ALERCE,2023-10-03,2023,276,-40.1726,11.96,6.4,5.19
SH-EN-ALERCE,2023-10-04,2023,277,-40.1726,12.48,6.75,6.69
SH-EN-ALERCE,2023-10-05,2023,278,-40.1726,10.68,6.64,6.76
SH-EN-ALERCE,2023-10-06,2023,279,-40.1726,10.27,5.83,4.97
SH-EN-ALERCE,2023-10-07,2023,280,-40.1726,10.54,6.02,5.03
SH-EN-ALERCE,2023-10-08,2023,281,-40.1726,11.07,8.96,7.66
SH-EN-ALERCE,2023-10-09,2023,282,-40.1726,11.7,8.4,7.07
SH-EN-ALERCE,2023-10-10,2023,283,-40.1726,11.1,6.43,4.71
SH-EN-ALERCE,2023-10-11,2023,284,-40.1726,12.59,5.7,4.99
SH-EN-ALERCE,2023-10-12,2023,285,-40.1726,12.32,7.13,6.16
SH-EN-ALERCE,2023-10-13,2023,286,-40.1726,12.9,6.74,6.86
SH-EN-ALERCE,2023-10-14,2023,287,-40.1726,12.03,7.4,6.67
SH-EN-ALERCE,2023-10-15,2023,288,-40.1726,11.01,6.91,5.95
SH-EN-ALERCE,2023-10-16,2023,289,-40.1726,12.46,7.04,6.25
SH-EN-ALERCE,2023-10-17,2023,290,-40.1726,16.19,6.25,7.51
SH-EN-ALERCE,2023-10-18,2023,291,-40.1726,12.74,8.47,8.52
SH-EN-ALERCE,2023-10-19,2023,292,-40.1726,13.58,8.52,8.0
SH-EN-ALERCE,2023-10-20,2023,293,-40.1726,13.86,9.02,8.44
SH-EN-ALERCE,2023-10-21,2023,294,-40.1726,13.25,7.05,6.48
SH-EN-ALERCE,2023-10-22,2023,295,-40.1726,13.85,7.48,7.12
SH-EN-ALERCE,2023-10-23,2023,296,-40.1726,12.46,8.43,7.29
SH-EN-ALERCE,2023-10-24,2023,297,-40.1726,12.72,7.67,6.73
SH-EN-ALERCE,2023-10-25,2023,298,-40.1726,13.72,6.93,7.12
SH-EN-ALERCE,2023-10-26,2023,299,-40.1726,12.23,8.75,8.4
SH-EN-ALERCE,2023-10-27,2023,300,-40.1726,11.09,10.24,9.73
SH-EN-ALERCE,2023-10-28,2023,301,-40.1726,11.34,7.34,7.01
SH-EN-ALERCE,2023-10-29,2023,302,-40.1726,9.2,6.81,4.32
SH-EN-ALERCE,2023-10-30,2023,303,-40.1726,9.98,6.64,4.56
SH-EN-ALERCE,2023-10-31,2023,304,-40.1726,12.25,5.51,4.16
SH-EN-ALERCE,2023-11-01,2023,305,-40.1726,14.18,7.89,6.94
SH-EN-ALERCE,2023-11-02,2023,306,-40.1726,13.23,7.97,7.64
SH-EN-ALERCE,2023-11-03,2023,307,-40.1726,12.13,7.2,5.87
SH-EN-ALERCE,2023-11-04,2023,308,-40.1726,13.35,7.74,8.88
SH-EN-ALERCE,2023-11-05,2023,309,-40.1726,12.08,10.84,10.35
SH-EN-ALERCE,2023-11-06,2023,310,-40.1726,12.23,10.78,10.6
SH-EN-ALERCE,2023-11-07,2023,311,-40.1726,12.93,9.89,8.35
SH-EN-ALERCE,2023-11-08,2023,312,-40.1726,13.3,8.25,7.87
SH-EN-ALERCE,2023-11-09,2023,313,-40.1726,15.51,7.15,6.55
SH-EN-ALERCE,2023-11-10,2023,314,-40.1726,11.81,8.16,8.0
SH-EN-ALERCE,2023-11-11,2023,315,-40.1726,10.86,6.44,5.25
SH-EN-ALERCE,2023-11-12,2023,316,-40.1726,10.96,6.4,3.1
SH-EN-ALERCE,2023-11-13,2023,317,-40.1726,10.49,6.43,6.17
SH-EN-ALERCE,2023-11-14,2023,318,-40.1726,10.39,6.07,4.09
SH-EN-ALERCE,2023-11-15,2023,319,-40.1726,10.36,7.98,7.09
SH-EN-ALERCE,2023-11-16,2023,320,-40.1726,11.56,9.71,9.7
SH-EN-ALERCE,2023-11-17,2023,321,-40.1726,10.62,7.83,5.62
SH-EN-ALERCE,2023-11-18,2023,322,-40.1726,11.28,8.29,7.87
SH-EN-ALERCE,2023-11-19,2023,323,-40.1726,12.89,11.34,11.11
SH-EN-ALERCE,2023-11-20,2023,324,-40.1726,12.97,10.01,8.5
SH-EN-ALERCE,2023-11-21,2023,325,-40.1726,12.23,9.69,6.96
SH-EN-ALERCE,2023-11-22,2023,326,-40.1726,12.43,8.37,6.88
SH-EN-ALERCE,2023-11-23,2023,327,-40.1726,16.52,8.16,7.62
SH-EN-ALERCE,2023-11-24,2023,328,-40.1726,16.51,9.0,8.36
SH-EN-ALERCE,2023-11-25,2023,329,-40.1726,16.16,9.13,8.04
SH-EN-ALERCE,2023-11-26,2023,330,-40.1726,17.3,10.12,10.34
SH-EN-ALERCE,2023-11-27,2023,331,-40.1726,13.72,10.77,10.35
SH-EN-ALERCE,2023-11-28,2023,332,-40.1726,13.4,9.93,7.75
SH-EN-ALERCE,2023-11-29,2023,333,-40.1726,13.36,10.28,9.79
SH-EN-ALERCE,2023-11-30,2023,334,-40.1726,12.92,11.34,10.23
SH-EN-ALERCE,2023-12-01,2023,335,-40.1726,12.48,7.89,7.5
SH-EN-ALERCE,2023-12-02,2023,336,-40.1726,11.37,7.13,4.61
SH-EN-ALERCE,2023-12-03,2023,337,-40.1726,14.78,7.07,5.17
SH-EN-ALERCE,2023-12-04,2023,338,-40.1726,17.73,7.65,7.21
SH-EN-ALERCE,2023-12-05,2023,339,-40.1726,17.26,10.27,9.95
SH-EN-ALERCE,2023-12-06,2023,340,-40.1726,16.86,10.4,9.39
SH-EN-ALERCE,2023-12-07,2023,341,-40.1726,17.36,10.19,9.04
SH-EN-ALERCE,2023-12-08,2023,342,-40.1726,12.8,8.72,7.88
SH-EN-ALERCE,2023-12-09,2023,343,-40.1726,14.7,7.85,7.62
SH-EN-ALERCE,2023-12-10,2023,344,-40.1726,18.15,9.13,8.88
SH-EN-ALERCE,2023-12-11,2023,345,-40.1726,13.58,9.8,9.87
SH-EN-ALERCE,2023-12-12,2023,346,-40.1726,14.07,9.03,6.99
SH-EN-ALERCE,2023-12-13,2023,347,-40.1726,15.35,8.26,6.67
SH-EN-ALERCE,2023-12-14,2023,348,-40.1726,13.11,9.22,8.37
SH-EN-ALERCE,2023-12-15,2023,349,-40.1726,13.73,11.26,10.25
SH-EN-ALERCE,2023-12-16,2023,350,-40.1726,11.99,9.43,9.01
SH-EN-ALERCE,2023-12-17,2023,351,-40.1726,12.57,7.95,5.91
SH-EN-ALERCE,2023-12-18,2023,352,-40.1726,17.18,7.37,5.82
SH-EN-ALERCE,2023-12-19,2023,353,-40.1726,20.4,10.93,8.32
SH-EN-ALERCE,2023-12-20,2023,354,-40.1726,16.17,10.86,10.7
SH-EN-ALERCE,2023-12-21,2023,355,-40.1726,16.52,9.86,9.3
SH-EN-ALERCE,2023-12-22,2023,356,-40.1726,16.5,10.7,9.84
SH-EN-ALERCE,2023-12-23,2023,357,-40.1726,17.62,9.38,7.25
SH-EN-ALERCE,2023-12-24,2023,358,-40.1726,16.86,9.78,8.64
SH-EN-ALERCE,2023-12-25,2023,359,-40.1726,20.72,10.57,9.41
SH-EN-ALERCE,2023-12-26,2023,360,-40.1726,22.06,12.9,10.52
SH-EN-ALERCE,2023-12-27,2023,361,-40.1726,20.17,12.33,10.41
SH-EN-ALERCE,2023-12-28,2023,362,-40.1726,16.89,11.74,10.95
SH-EN-ALERCE,2023-12-29,2023,363,-40.1726,20.39,10.75,8.62
SH-EN-ALERCE,2023-12-30,2023,364,-40.1726,22.34,11.85,9.59
SH-EN-ALERCE,2023-12-31,2023,365,-40.1726,16.35,11.32,11.38
SH-EN-ALERCE,2024-01-01,2024,1,-40.1726,18.65,12.0,11.2
SH-EN-ALERCE,2024-01-02,2024,2,-40.1726,18.56,11.96,11.45
SH-EN-ALERCE,2024-01-03,2024,3,-40.1726,19.07,12.55,10.94
SH-EN-ALERCE,2024-01-04,2024,4,-40.1726,19.55,13.73,12.32
SH-EN-ALERCE,2024-01-05,2024,5,-40.1726,16.7,14.02,13.88
SH-EN-ALERCE,2024-01-06,2024,6,-40.1726,17.76,14.71,14.11
SH-EN-ALERCE,2024-01-07,2024,7,-40.1726,17.07,12.64,11.93
SH-EN-ALERCE,2024-01-08,2024,8,-40.1726,16.41,10.96,8.41
SH-EN-ALERCE,2024-01-09,2024,9,-40.1726,17.19,10.69,8.33
SH-EN-ALERCE,2024-01-10,2024,10,-40.1726,18.15,8.94,7.11
SH-EN-ALERCE,2024-01-11,2024,11,-40.1726,18.17,10.09,8.79
SH-EN-ALERCE,2024-01-12,2024,12,-40.1726,17.69,10.95,9.33
SH-EN-ALERCE,2024-01-13,2024,13,-40.1726,15.35,10.41,9.33
SH-EN-ALERCE,2024-01-14,2024,14,-40.1726,15.02,11.65,10.88
SH-EN-ALERCE,2024-01-15,2024,15,-40.1726,16.71,11.27,11.4
SH-EN-ALERCE,2024-01-16,2024,16,-40.1726,18.61,10.81,10.28
SH-EN-ALERCE,2024-01-17,2024,17,-40.1726,17.11,11.92,11.58
SH-EN-ALERCE,2024-01-18,2024,18,-40.1726,17.18,11.43,8.09
SH-EN-ALERCE,2024-01-19,2024,19,-40.1726,18.67,10.67,8.96
SH-EN-ALERCE,2024-01-20,2024,20,-40.1726,19.54,10.41,7.02
SH-EN-ALERCE,2024-01-21,2024,21,-40.1726,21.61,10.58,7.49
SH-EN-ALERCE,2024-01-22,2024,22,-40.1726,24.42,12.58,10.07
SH-EN-ALERCE,2024-01-23,2024,23,-40.1726,19.75,12.67,10.48
SH-EN-ALERCE,2024-01-24,2024,24,-40.1726,18.2,11.78,11.43
SH-EN-ALERCE,2024-01-25,2024,25,-40.1726,21.32,13.0,12.65
SH-EN-ALERCE,2024-01-26,2024,26,-40.1726,17.52,12.87,12.91
SH-EN-ALERCE,2024-01-27,2024,27,-40.1726,20.14,13.07,11.29
SH-EN-ALERCE,2024-01-28,2024,28,-40.1726,18.34,12.27,7.55
SH-EN-ALERCE,2024-01-29,2024,29,-40.1726,20.31,10.56,8.7
SH-EN-ALERCE,2024-01-30,2024,30,-40.1726,18.28,12.04,11.74
SH-EN-ALERCE,2024-01-31,2024,31,-40.1726,19.08,13.78,13.76
SH-EN-ALERCE,2024-02-01,2024,32,-40.1726,20.35,15.36,15.1
SH-EN-ALERCE,2024-02-02,2024,33,-40.1726,18.53,13.52,14.57
SH-EN-ALERCE,2024-02-03,2024,34,-40.1726,19.68,12.17,8.75
SH-EN-ALERCE,2024-02-04,2024,35,-40.1726,20.75,11.8,9.67
SH-EN-ALERCE,2024-02-05,2024,36,-40.1726,17.77,14.2,14.41
SH-EN-ALERCE,2024-02-06,2024,37,-40.1726,17.22,14.49,15.02
SH-EN-ALERCE,2024-02-07,2024,38,-40.1726,16.79,11.92,7.97
SH-EN-ALERCE,2024-02-08,2024,39,-40.1726,18.25,11.04,9.01
SH-EN-ALERCE,2024-02-09,2024,40,-40.1726,22.57,12.11,9.81
SH-EN-ALERCE,2024-02-10,2024,41,-40.1726,18.31,12.53,11.59
SH-EN-ALERCE,2024-02-11,2024,42,-40.1726,17.33,11.69,11.13
SH-EN-ALERCE,2024-02-12,2024,43,-40.1726,19.75,8.97,5.63
SH-EN-ALERCE,2024-02-13,2024,44,-40.1726,23.23,11.62,6.14
SH-EN-ALERCE,2024-02-14,2024,45,-40.1726,19.06,11.75,8.97
SH-EN-ALERCE,2024-02-15,2024,46,-40.1726,18.88,11.51,9.28
SH-EN-ALERCE,2024-02-16,2024,47,-40.1726,16.56,12.44,11.44
SH-EN-ALERCE,2024-02-17,2024,48,-40.1726,18.26,11.86,8.87
SH-EN-ALERCE,2024-02-18,2024,49,-40.1726,20.5,10.66,7.54
SH-EN-ALERCE,2024-02-19,2024,50,-40.1726,21.96,12.54,10.44
SH-EN-ALERCE,2024-02-20,2024,51,-40.1726,17.68,12.19,12.33
SH-EN-ALERCE,2024-02-21,2024,52,-40.1726,15.33,11.46,11.83
SH-EN-ALERCE,2024-02-22,2024,53,-40.1726,15.81,11.06,10.61
SH-EN-ALERCE,2024-02-23,2024,54,-40.1726,17.32,10.93,8.77
SH-EN-ALERCE,2024-02-24,2024,55,-40.1726,19.34,10.99,8.25
SH-EN-ALERCE,2024-02-25,2024,56,-40.1726,18.19,11.72,9.83
SH-EN-ALERCE,2024-02-26,2024,57,-40.1726,16.68,10.86,11.41
SH-EN-ALERCE,2024-02-27,2024,58,-40.1726,15.51,11.99,12.48
SH-EN-ALERCE,2024-02-28,2024,59,-40.1726,17.06,11.65,10.23
SH-EN-ALERCE,2024-02-29,2024,60,-40.1726,18.45,10.28,8.16
SH-EN-ALERCE,2024-03-01,2024,61,-40.1726,16.8,10.58,10.39
SH-EN-ALERCE,2024-03-02,2024,62,-40.1726,16.25,10.82,8.11
SH-EN-ALERCE,2024-03-03,2024,63,-40.1726,16.65,9.37,6.67
SH-EN-ALERCE,2024-03-04,2024,64,-40.1726,19.11,8.96,7.46
SH-EN-ALERCE,2024-03-05,2024,65,-40.1726,16.47,10.88,10.58
SH-EN-ALERCE,2024-03-06,2024,66,-40.1726,15.02,9.7,8.04
SH-EN-ALERCE,2024-03-07,2024,67,-40.1726,13.49,8.79,9.02
SH-EN-ALERCE,2024-03-08,2024,68,-40.1726,14.45,12.49,9.56
SH-EN-ALERCE,2024-03-09,2024,69,-40.1726,15.01,12.19,11.07
SH-EN-ALERCE,2024-03-10,2024,70,-40.1726,15.13,11.79,11.59
SH-EN-ALERCE,2024-03-11,2024,71,-40.1726,15.21,11.66,12.23
SH-EN-ALERCE,2024-03-12,2024,72,-40.1726,15.71,12.67,11.17
SH-EN-ALERCE,2024-03-13,2024,73,-40.1726,15.56,12.25,11.56
SH-EN-ALERCE,2024-03-14,2024,74,-40.1726,15.24,11.32,7.84
SH-EN-ALERCE,2024-03-15,2024,75,-40.1726,14.61,11.8,10.85
SH-EN-ALERCE,2024-03-16,2024,76,-40.1726,14.77,10.43,8.44
SH-EN-ALERCE,2024-03-17,2024,77,-40.1726,15.11,10.21,7.44
SH-EN-ALERCE,2024-03-18,2024,78,-40.1726,15.62,11.83,8.77
SH-EN-ALERCE,2024-03-19,2024,79,-40.1726,14.63,12.15,12.33
SH-EN-ALERCE,2024-03-20,2024,80,-40.1726,14.1,8.63,6.44
SH-EN-ALERCE,2024-03-21,2024,81,-40.1726,18.03,7.9,4.57
SH-EN-ALERCE,2024-03-22,2024,82,-40.1726,15.55,11.77,11.46
SH-EN-ALERCE,2024-03-23,2024,83,-40.1726,16.78,12.98,13.56
SH-EN-ALERCE,2024-03-24,2024,84,-40.1726,18.53,12.14,11.91
SH-EN-ALERCE,2024-03-25,2024,85,-40.1726,19.91,12.39,12.6
SH-EN-ALERCE,2024-03-26,2024,86,-40.1726,17.7,12.94,13.59
SH-EN-ALERCE,2024-03-27,2024,87,-40.1726,18.78,11.49,10.62
SH-EN-ALERCE,2024-03-28,2024,88,-40.1726,18.61,11.82,11.45
SH-EN-ALERCE,2024-03-29,2024,89,-40.1726,15.8,11.18,8.75
SH-EN-ALERCE,2024-03-30,2024,90,-40.1726,15.52,9.8,7.59
SH-EN-ALERCE,2024-03-31,2024,91,-40.1726,14.64,8.46,6.34
SH-EN-ALERCE,2024-04-01,2024,92,-40.1726,14.74,8.03,6.29
SH-EN-ALERCE,2024-04-02,2024,93,-40.1726,14.53,11.23,9.89
SH-EN-ALERCE,2024-04-03,2024,94,-40.1726,13.6,11.54,8.44
SH-EN-ALERCE,2024-04-04,2024,95,-40.1726,14.35,11.47,11.53
SH-EN-ALERCE,2024-04-05,2024,96,-40.1726,16.06,9.98,9.87
SH-EN-ALERCE,2024-04-06,2024,97,-40.1726,15.12,11.56,11.88
SH-EN-ALERCE,2024-04-07,2024,98,-40.1726,15.59,12.98,12.8
SH-EN-ALERCE,2024-04-08,2024,99,-40.1726,14.73,8.91,9.63
SH-EN-ALERCE,2024-04-09,2024,100,-40.1726,14.55,6.77,4.27
SH-EN-ALERCE,2024-04-10,2024,101,-40.1726,17.43,7.89,4.28
SH-EN-ALERCE,2024-04-11,2024,102,-40.1726,17.32,9.26,5.22
SH-EN-ALERCE,2024-04-12,2024,103,-40.1726,17.03,8.42,7.39
SH-EN-ALERCE,2024-04-13,2024,104,-40.1726,20.89,10.8,8.41
SH-EN-ALERCE,2024-04-14,2024,105,-40.1726,19.8,11.37,8.26
SH-EN-ALERCE,2024-04-15,2024,106,-40.1726,14.38,10.82,11.34
SH-EN-ALERCE,2024-04-16,2024,107,-40.1726,13.75,9.85,10.79
SH-EN-ALERCE,2024-04-17,2024,108,-40.1726,12.89,9.48,8.11
SH-EN-ALERCE,2024-04-18,2024,109,-40.1726,13.69,10.3,10.43
SH-EN-ALERCE,2024-04-19,2024,110,-40.1726,12.88,9.92,7.83
SH-EN-ALERCE,2024-04-20,2024,111,-40.1726,13.78,9.31,6.99
SH-EN-ALERCE,2024-04-21,2024,112,-40.1726,15.62,8.77,6.95
SH-EN-ALERCE,2024-04-22,2024,113,-40.1726,12.24,9.77,8.11
SH-EN-ALERCE,2024-04-23,2024,114,-40.1726,12.67,9.82,5.88
SH-EN-ALERCE,2024-04-24,2024,115,-40.1726,13.67,10.37,10.22
SH-EN-ALERCE,2024-04-25,2024,116,-40.1726,13.65,10.32,9.73
SH-EN-ALERCE,2024-04-26,2024,117,-40.1726,10.83,9.78,6.22
SH-EN-ALERCE,2024-04-27,2024,118,-40.1726,11.3,9.37,7.05
SH-EN-ALERCE,2024-04-28,2024,119,-40.1726,12.36,11.37,10.41
SH-EN-ALERCE,2024-04-29,2024,120,-40.1726,12.65,8.31,7.97
SH-EN-ALERCE,2024-04-30,2024,121,-40.1726,9.94,8.03,4.39
SH-EN-ALERCE,2024-05-01,2024,122,-40.1726,9.43,6.88,4.85
SH-EN-ALERCE,2024-05-02,2024,123,-40.1726,10.83,7.36,3.58
SH-EN-ALERCE,2024-05-03,2024,124,-40.1726,11.45,7.67,8.81
SH-EN-ALERCE,2024-05-04,2024,125,-40.1726,10.63,9.1,5.43
SH-EN-ALERCE,2024-05-05,2024,126,-40.1726,10.7,7.75,5.66
SH-EN-ALERCE,2024-05-06,2024,127,-40.1726,11.05,9.09,9.01
SH-EN-ALERCE,2024-05-07,2024,128,-40.1726,9.36,7.13,5.32
SH-EN-ALERCE,2024-05-08,2024,129,-40.1726,10.47,7.79,7.55
SH-EN-ALERCE,2024-05-09,2024,130,-40.1726,11.5,8.95,7.14
SH-EN-ALERCE,2024-05-10,2024,131,-40.1726,10.09,8.77,6.61
SH-EN-ALERCE,2024-05-11,2024,132,-40.1726,10.36,7.48,6.4
SH-EN-ALERCE,2024-05-12,2024,133,-40.1726,10.17,5.39,4.25
SH-EN-ALERCE,2024-05-13,2024,134,-40.1726,11.91,5.14,2.41
SH-EN-ALERCE,2024-05-14,2024,135,-40.1726,11.87,4.71,2.31
SH-EN-ALERCE,2024-05-15,2024,136,-40.1726,11.69,4.35,4.42
SH-EN-ALERCE,2024-05-16,2024,137,-40.1726,10.99,7.19,6.15
SH-EN-ALERCE,2024-05-17,2024,138,-40.1726,13.03,5.66,4.84
SH-EN-ALERCE,2024-05-18,2024,139,-40.1726,10.22,7.7,6.2
SH-EN-ALERCE,2024-05-19,2024,140,-40.1726,10.56,8.33,8.3
SH-EN-ALERCE,2024-05-20,2024,141,-40.1726,10.69,8.88,7.36
SH-EN-ALERCE,2024-05-21,2024,142,-40.1726,10.95,8.45,6.95
SH-EN-ALERCE,2024-05-22,2024,143,-40.1726,10.88,6.66,5.65
SH-EN-ALERCE,2024-05-23,2024,144,-40.1726,9.39,4.37,4.07
SH-EN-ALERCE,2024-05-24,2024,145,-40.1726,9.87,3.74,1.91
SH-EN-ALERCE,2024-05-25,2024,146,-40.1726,12.09,5.9,5.12
SH-EN-ALERCE,2024-05-26,2024,147,-40.1726,12.05,6.15,5.42
SH-EN-ALERCE,2024-05-27,2024,148,-40.1726,11.18,8.28,8.14
SH-EN-ALERCE,2024-05-28,2024,149,-40.1726,11.99,9.28,9.1
SH-EN-ALERCE,2024-05-29,2024,150,-40.1726,11.17,8.68,5.22
SH-EN-ALERCE,2024-05-30,2024,151,-40.1726,10.99,6.88,5.28
SH-EN-ALERCE,2024-05-31,2024,152,-40.1726,10.18,7.43,7.23
SH-EN-ALERCE,2024-06-01,2024,153,-40.1726,9.72,7.44,5.9
SH-EN-ALERCE,2024-06-02,2024,154,-40.1726,11.3,6.18,3.58
SH-EN-ALERCE,2024-06-03,2024,155,-40.1726,10.58,7.36,5.39
SH-EN-ALERCE,2024-06-04,2024,156,-40.1726,13.49,9.09,9.73
SH-EN-ALERCE,2024-06-05,2024,157,-40.1726,12.79,11.99,11.9
SH-EN-ALERCE,2024-06-06,2024,158,-40.1726,13.4,12.28,11.95
SH-EN-ALERCE,2024-06-07,2024,159,-40.1726,12.7,11.48,11.4
SH-EN-ALERCE,2024-06-08,2024,160,-40.1726,12.93,10.66,10.78
SH-EN-ALERCE,2024-06-09,2024,161,-40.1726,11.66,10.18,10.12
SH-EN-ALERCE,2024-06-10,2024,162,-40.1726,12.51,10.07,10.14
SH-EN-ALERCE,2024-06-11,2024,163,-40.1726,12.43,10.97,10.68
SH-EN-ALERCE,2024-06-12,2024,164,-40.1726,12.93,11.06,11.32
SH-EN-ALERCE,2024-06-13,2024,165,-40.1726,12.14,10.72,10.81
SH-EN-ALERCE,2024-06-14,2024,166,-40.1726,10.88,8.48,8.5
SH-EN-ALERCE,2024-06-15,2024,167,-40.1726,9.63,7.5,6.6
SH-EN-ALERCE,2024-06-16,2024,168,-40.1726,11.24,8.65,8.71
SH-EN-ALERCE,2024-06-17,2024,169,-40.1726,12.0,9.26,8.59
SH-EN-ALERCE,2024-06-18,2024,170,-40.1726,8.98,6.56,5.54
SH-EN-ALERCE,2024-06-19,2024,171,-40.1726,8.0,6.54,4.59
SH-EN-ALERCE,2024-06-20,2024,172,-40.1726,11.73,6.52,8.97
SH-EN-ALERCE,2024-06-21,2024,173,-40.1726,11.0,7.81,6.98
SH-EN-ALERCE,2024-06-22,2024,174,-40.1726,8.57,6.89,5.99
SH-EN-ALERCE,2024-06-23,2024,175,-40.1726,9.03,7.31,5.88
SH-EN-ALERCE,2024-06-24,2024,176,-40.1726,9.73,4.94,4.02
SH-EN-ALERCE,2024-06-25,2024,177,-40.1726,8.92,3.99,4.79
SH-EN-ALERCE,2024-06-26,2024,178,-40.1726,10.92,9.19,9.75
SH-EN-ALERCE,2024-06-27,2024,179,-40.1726,9.64,6.97,6.28
SH-EN-ALERCE,2024-06-28,2024,180,-40.1726,8.26,5.2,2.93
SH-EN-ALERCE,2024-06-29,2024,181,-40.1726,9.19,4.84,3.47
SH-EN-ALERCE,2024-06-30,2024,182,-40.1726,10.9,7.7,8.15
SH-EN-ALERCE,2024-07-01,2024,183,-40.1726,11.86,7.51,8.38
SH-EN-ALERCE,2024-07-02,2024,184,-40.1726,10.9,5.71,5.15
SH-EN-ALERCE,2024-07-03,2024,185,-40.1726,8.45,5.78,4.07
SH-EN-ALERCE,2024-07-04,2024,186,-40.1726,7.27,4.36,2.14
SH-EN-ALERCE,2024-07-05,2024,187,-40.1726,7.67,4.45,2.83
SH-EN-ALERCE,2024-07-06,2024,188,-40.1726,8.77,4.87,5.28
SH-EN-ALERCE,2024-07-07,2024,189,-40.1726,9.32,5.18,4.61
SH-EN-ALERCE,2024-07-08,2024,190,-40.1726,9.26,4.77,4.13
SH-EN-ALERCE,2024-07-09,2024,191,-40.1726,9.51,3.28,2.07
SH-EN-ALERCE,2024-07-10,2024,192,-40.1726,8.72,4.16,4.8
SH-EN-ALERCE,2024-07-11,2024,193,-40.1726,10.21,4.83,3.62
SH-EN-ALERCE,2024-07-12,2024,194,-40.1726,11.78,5.0,4.13
SH-EN-ALERCE,2024-07-13,2024,195,-40.1726,9.93,4.12,5.4
SH-EN-ALERCE,2024-07-14,2024,196,-40.1726,9.11,6.77,6.37
SH-EN-ALERCE,2024-07-15,2024,197,-40.1726,8.96,6.76,6.72
SH-EN-ALERCE,2024-07-16,2024,198,-40.1726,10.36,7.4,6.91
SH-EN-ALERCE,2024-07-17,2024,199,-40.1726,11.32,7.63,8.16
SH-EN-ALERCE,2024-07-18,2024,200,-40.1726,8.78,4.07,4.02
SH-EN-ALERCE,2024-07-19,2024,201,-40.1726,9.33,3.3,1.4
SH-EN-ALERCE,2024-07-20,2024,202,-40.1726,9.41,3.19,2.81
SH-EN-ALERCE,2024-07-21,2024,203,-40.1726,11.27,5.77,6.29
SH-EN-ALERCE,2024-07-22,2024,204,-40.1726,11.37,7.22,7.71
SH-EN-ALERCE,2024-07-23,2024,205,-40.1726,10.41,7.37,8.08
SH-EN-ALERCE,2024-07-24,2024,206,-40.1726,10.24,9.31,8.9
SH-EN-ALERCE,2024-07-25,2024,207,-40.1726,10.23,5.15,5.44
SH-EN-ALERCE,2024-07-26,2024,208,-40.1726,8.96,5.32,4.39
SH-EN-ALERCE,2024-07-27,2024,209,-40.1726,8.24,3.7,3.08
SH-EN-ALERCE,2024-07-28,2024,210,-40.1726,8.33,2.95,1.67
SH-EN-ALERCE,2024-07-29,2024,211,-40.1726,9.4,2.71,1.27
SH-EN-ALERCE,2024-07-30,2024,212,-40.1726,9.53,6.21,5.41
SH-EN-ALERCE,2024-07-31,2024,213,-40.1726,10.01,7.68,6.14
SH-EN-ALERCE,2024-08-01,2024,214,-40.1726,11.78,5.82,8.01
SH-EN-ALERCE,2024-08-02,2024,215,-40.1726,10.5,8.92,8.28
SH-EN-ALERCE,2024-08-03,2024,216,-40.1726,9.07,8.18,7.08
SH-EN-ALERCE,2024-08-04,2024,217,-40.1726,9.97,8.09,7.53
SH-EN-ALERCE,2024-08-05,2024,218,-40.1726,9.69,6.18,6.33
SH-EN-ALERCE,2024-08-06,2024,219,-40.1726,8.63,5.49,3.07
SH-EN-ALERCE,2024-08-07,2024,220,-40.1726,9.16,4.53,2.42
SH-EN-ALERCE,2024-08-08,2024,221,-40.1726,8.54,3.14,2.46
SH-EN-ALERCE,2024-08-09,2024,222,-40.1726,9.91,6.67,6.44
SH-EN-ALERCE,2024-08-10,2024,223,-40.1726,9.75,6.69,6.39
SH-EN-ALERCE,2024-08-11,2024,224,-40.1726,9.35,6.37,4.21
SH-EN-ALERCE,2024-08-12,2024,225,-40.1726,10.58,6.27,6.13
SH-EN-ALERCE,2024-08-13,2024,226,-40.1726,10.4,8.87,9.59
SH-EN-ALERCE,2024-08-14,2024,227,-40.1726,10.24,7.71,7.03
SH-EN-ALERCE,2024-08-15,2024,228,-40.1726,9.97,5.96,5.45
SH-EN-ALERCE,2024-08-16,2024,229,-40.1726,8.81,4.84,4.33
SH-EN-ALERCE,2024-08-17,2024,230,-40.1726,8.41,4.14,3.68
SH-EN-ALERCE,2024-08-18,2024,231,-40.1726,8.57,3.21,2.07
SH-EN-ALERCE,2024-08-19,2024,232,-40.1726,10.82,4.99,3.3
SH-EN-ALERCE,2024-08-20,2024,233,-40.1726,8.81,4.32,4.51
SH-EN-ALERCE,2024-08-21,2024,234,-40.1726,6.52,4.91,3.98
SH-EN-ALERCE,2024-08-22,2024,235,-40.1726,8.15,5.92,4.09
SH-EN-ALERCE,2024-08-23,2024,236,-40.1726,8.12,5.11,3.23
SH-EN-ALERCE,2024-08-24,2024,237,-40.1726,9.43,4.95,1.77
SH-EN-ALERCE,2024-08-25,2024,238,-40.1726,9.56,5.69,5.69
SH-EN-ALERCE,2024-08-26,2024,239,-40.1726,9.01,4.94,5.07
SH-EN-ALERCE,2024-08-27,2024,240,-40.1726,10.8,4.12,3.54
SH-EN-ALERCE,2024-08-28,2024,241,-40.1726,11.67,4.85,4.69
SH-EN-ALERCE,2024-08-29,2024,242,-40.1726,14.3,5.7,5.88
SH-EN-ALERCE,2024-08-30,2024,243,-40.1726,11.78,5.84,6.23
SH-EN-ALERCE,2024-08-31,2024,244,-40.1726,9.4,7.83,6.93
SH-EN-ALERCE,2024-09-01,2024,245,-40.1726,10.41,8.04,8.08
SH-EN-ALERCE,2024-09-02,2024,246,-40.1726,9.5,6.43,5.74
SH-EN-ALERCE,2024-09-03,2024,247,-40.1726,8.64,5.93,6.21
SH-EN-ALERCE,2024-09-04,2024,248,-40.1726,8.77,5.26,3.45
SH-EN-ALERCE,2024-09-05,2024,249,-40.1726,10.6,5.47,7.61
SH-EN-ALERCE,2024-09-06,2024,250,-40.1726,9.37,7.68,6.11
SH-EN-ALERCE,2024-09-07,2024,251,-40.1726,9.77,6.89,5.91
SH-EN-ALERCE,2024-09-08,2024,252,-40.1726,8.17,6.79,5.76
SH-EN-ALERCE,2024-09-09,2024,253,-40.1726,10.55,6.18,7.14
SH-EN-ALERCE,2024-09-10,2024,254,-40.1726,8.92,4.65,4.83
SH-EN-ALERCE,2024-09-11,2024,255,-40.1726,8.93,3.93,2.87
SH-EN-ALERCE,2024-09-12,2024,256,-40.1726,9.56,5.85,5.89
SH-EN-ALERCE,2024-09-13,2024,257,-40.1726,10.07,5.56,6.3
SH-EN-ALERCE,2024-09-14,2024,258,-40.1726,10.24,5.47,5.23
SH-EN-ALERCE,2024-09-15,2024,259,-40.1726,10.44,5.31,4.98
SH-EN-ALERCE,2024-09-16,2024,260,-40.1726,11.66,5.05,4.58
SH-EN-ALERCE,2024-09-17,2024,261,-40.1726,10.06,5.57,5.47
SH-EN-ALERCE,2024-09-18,2024,262,-40.1726,11.02,6.88,7.01
SH-EN-ALERCE,2024-09-19,2024,263,-40.1726,11.05,7.32,7.43
SH-EN-ALERCE,2024-09-20,2024,264,-40.1726,9.76,7.57,7.61
SH-EN-ALERCE,2024-09-21,2024,265,-40.1726,10.45,7.97,6.72
SH-EN-ALERCE,2024-09-22,2024,266,-40.1726,9.95,6.92,6.65
SH-EN-ALERCE,2024-09-23,2024,267,-40.1726,8.36,6.24,4.14
SH-EN-ALERCE,2024-09-24,2024,268,-40.1726,8.74,5.6,5.99
SH-EN-ALERCE,2024-09-25,2024,269,-40.1726,9.69,4.67,3.38
SH-EN-ALERCE,2024-09-26,2024,270,-40.1726,10.33,3.43,2.69
SH-EN-ALERCE,2024-09-27,2024,271,-40.1726,10.78,6.11,7.78
SH-EN-ALERCE,2024-09-28,2024,272,-40.1726,11.79,10.26,9.77
SH-EN-ALERCE,2024-09-29,2024,273,-40.1726,11.12,9.8,9.94
SH-EN-ALERCE,2024-09-30,2024,274,-40.1726,10.25,4.48,5.19
SH-EN-ALERCE,2024-10-01,2024,275,-40.1726,8.89,3.73,2.26
SH-EN-ALERCE,2024-10-02,2024,276,-40.1726,10.76,5.77,4.83
SH-EN-ALERCE,2024-10-03,2024,277,-40.1726,11.97,6.27,5.95
SH-EN-ALERCE,2024-10-04,2024,278,-40.1726,12.07,6.67,6.55
SH-EN-ALERCE,2024-10-05,2024,279,-40.1726,14.55,6.63,7.31
SH-EN-ALERCE,2024-10-06,2024,280,-40.1726,12.74,7.66,7.51
SH-EN-ALERCE,2024-10-07,2024,281,-40.1726,13.93,6.95,6.5
SH-EN-ALERCE,2024-10-08,2024,282,-40.1726,16.54,7.65,8.53
SH-EN-ALERCE,2024-10-09,2024,283,-40.1726,14.39,8.9,8.87
SH-EN-ALERCE,2024-10-10,2024,284,-40.1726,11.26,7.5,8.13
SH-EN-ALERCE,2024-10-11,2024,285,-40.1726,9.74,6.8,5.74
SH-EN-ALERCE,2024-10-12,2024,286,-40.1726,11.24,7.04,5.99
SH-EN-ALERCE,2024-10-13,2024,287,-40.1726,13.31,6.7,7.05
SH-EN-ALERCE,2024-10-14,2024,288,-40.1726,12.72,7.55,7.24
SH-EN-ALERCE,2024-10-15,2024,289,-40.1726,14.92,7.41,6.67
SH-EN-ALERCE,2024-10-16,2024,290,-40.1726,11.95,8.07,9.58
SH-EN-ALERCE,2024-10-17,2024,291,-40.1726,12.74,9.43,10.52
SH-EN-ALERCE,2024-10-18,2024,292,-40.1726,14.18,9.21,9.16
SH-EN-ALERCE,2024-10-19,2024,293,-40.1726,13.55,8.17,8.51
SH-EN-ALERCE,2024-10-20,2024,294,-40.1726,12.47,8.14,9.44
SH-EN-ALERCE,2024-10-21,2024,295,-40.1726,13.35,10.33,9.56
SH-EN-ALERCE,2024-10-22,2024,296,-40.1726,20.12,9.83,10.08
SH-EN-ALERCE,2024-10-23,2024,297,-40.1726,13.99,9.44,9.71
SH-EN-ALERCE,2024-10-24,2024,298,-40.1726,11.74,8.37,7.8
SH-EN-ALERCE,2024-10-25,2024,299,-40.1726,12.3,7.49,4.82
SH-EN-ALERCE,2024-10-26,2024,300,-40.1726,15.12,7.2,6.29
SH-EN-ALERCE,2024-10-27,2024,301,-40.1726,14.62,8.16,6.8
SH-EN-ALERCE,2024-10-28,2024,302,-40.1726,17.43,8.24,7.44
SH-EN-ALERCE,2024-10-29,2024,303,-40.1726,19.73,10.07,8.81
SH-EN-ALERCE,2024-10-30,2024,304,-40.1726,14.2,9.29,9.23
SH-EN-ALERCE,2024-10-31,2024,305,-40.1726,14.85,8.83,8.97
SH-EN-ALERCE,2024-11-01,2024,306,-40.1726,12.86,9.05,8.15
SH-EN-ALERCE,2024-11-02,2024,307,-40.1726,12.01,9.09,6.07
SH-EN-ALERCE,2024-11-03,2024,308,-40.1726,11.74,10.33,8.9
SH-EN-ALERCE,2024-11-04,2024,309,-40.1726,11.8,10.18,9.27
SH-EN-ALERCE,2024-11-05,2024,310,-40.1726,12.25,10.18,9.95
SH-EN-ALERCE,2024-11-06,2024,311,-40.1726,13.8,8.25,6.37
SH-EN-ALERCE,2024-11-07,2024,312,-40.1726,13.78,8.59,7.45
SH-EN-ALERCE,2024-11-08,2024,313,-40.1726,13.72,11.0,11.29
SH-EN-ALERCE,2024-11-09,2024,314,-40.1726,13.98,9.62,9.03
SH-EN-ALERCE,2024-11-10,2024,315,-40.1726,11.53,8.65,8.14
SH-EN-ALERCE,2024-11-11,2024,316,-40.1726,11.71,8.75,6.69
SH-EN-ALERCE,2024-11-12,2024,317,-40.1726,14.09,9.06,8.05
SH-EN-ALERCE,2024-11-13,2024,318,-40.1726,15.8,9.41,9.78
SH-EN-ALERCE,2024-11-14,2024,319,-40.1726,14.91,11.31,11.27
SH-EN-ALERCE,2024-11-15,2024,320,-40.1726,12.63,8.91,7.58
SH-EN-ALERCE,2024-11-16,2024,321,-40.1726,13.98,8.81,6.47
SH-EN-ALERCE,2024-11-17,2024,322,-40.1726,16.21,7.65,6.72
SH-EN-ALERCE,2024-11-18,2024,323,-40.1726,20.02,8.44,7.46
SH-EN-ALERCE,2024-11-19,2024,324,-40.1726,12.56,10.04,8.58
SH-EN-ALERCE,2024-11-20,2024,325,-40.1726,14.57,9.9,9.67
SH-EN-ALERCE,2024-11-21,2024,326,-40.1726,14.65,8.97,7.85
SH-EN-ALERCE,2024-11-22,2024,327,-40.1726,13.79,9.56,10.36
SH-EN-ALERCE,2024-11-23,2024,328,-40.1726,15.51,11.59,11.48
SH-EN-ALERCE,2024-11-24,2024,329,-40.1726,14.43,11.47,10.43
SH-EN-ALERCE,2024-11-25,2024,330,-40.1726,14.3,10.45,10.3
SH-EN-ALERCE,2024-11-26,2024,331,-40.1726,11.25,9.88,8.36
SH-EN-ALERCE,2024-11-27,2024,332,-40.1726,13.09,10.04,7.42
SH-EN-ALERCE,2024-11-28,2024,333,-40.1726,13.97,9.73,6.7
SH-EN-ALERCE,2024-11-29,2024,334,-40.1726,17.44,9.37,8.85
SH-EN-ALERCE,2024-11-30,2024,335,-40.1726,14.93,9.6,8.24
SH-EN-ALERCE,2024-12-01,2024,336,-40.1726,13.25,8.33,7.06
SH-EN-ALERCE,2024-12-02,2024,337,-40.1726,14.33,7.63,5.67
SH-EN-ALERCE,2024-12-03,2024,338,-40.1726,15.56,7.79,7.09
SH-EN-ALERCE,2024-12-04,2024,339,-40.1726,12.22,9.26,8.48
SH-EN-ALERCE,2024-12-05,2024,340,-40.1726,11.95,10.2,9.36
SH-EN-ALERCE,2024-12-06,2024,341,-40.1726,13.54,9.75,7.16
SH-EN-ALERCE,2024-12-07,2024,342,-40.1726,16.83,8.79,7.61
SH-EN-ALERCE,2024-12-08,2024,343,-40.1726,14.0,8.76,7.15
SH-EN-ALERCE,2024-12-09,2024,344,-40.1726,14.49,7.76,6.36
SH-EN-ALERCE,2024-12-10,2024,345,-40.1726,14.29,8.23,7.7
SH-EN-ALERCE,2024-12-11,2024,346,-40.1726,15.62,10.09,8.86
SH-EN-ALERCE,2024-12-12,2024,347,-40.1726,15.11,9.25,9.57
SH-EN-ALERCE,2024-12-13,2024,348,-40.1726,16.1,9.98,7.95
SH-EN-ALERCE,2024-12-14,2024,349,-40.1726,18.13,9.13,7.54
SH-EN-ALERCE,2024-12-15,2024,350,-40.1726,18.62,9.74,9.56
SH-EN-ALERCE,2024-12-16,2024,351,-40.1726,16.63,10.84,11.13
SH-EN-ALERCE,2024-12-17,2024,352,-40.1726,16.01,10.69,10.12
SH-EN-ALERCE,2024-12-18,2024,353,-40.1726,15.4,9.78,7.51
SH-EN-ALERCE,2024-12-19,2024,354,-40.1726,12.9,8.48,9.38
SH-EN-ALERCE,2024-12-20,2024,355,-40.1726,14.37,9.01,6.62
SH-EN-ALERCE,2024-12-21,2024,356,-40.1726,16.65,8.93,7.2
SH-EN-ALERCE,2024-12-22,2024,357,-40.1726,17.37,10.54,10.28
SH-EN-ALERCE,2024-12-23,2024,358,-40.1726,16.51,10.56,9.75
SH-EN-ALERCE,2024-12-24,2024,359,-40.1726,20.55,9.53,7.87
SH-EN-ALERCE,2024-12-25,2024,360,-40.1726,21.64,11.42,9.2
SH-EN-ALERCE,2024-12-26,2024,361,-40.1726,18.81,11.73,10.6
SH-EN-ALERCE,2024-12-27,2024,362,-40.1726,18.41,12.4,10.06
SH-EN-ALERCE,2024-12-28,2024,363,-40.1726,17.32,11.26,8.73
SH-EN-ALERCE,2024-12-29,2024,364,-40.1726,17.92,10.53,8.79
SH-EN-ALERCE,2024-12-30,2024,365,-40.1726,14.14,9.39,10.0
SH-EN-ALERCE,2024-12-31,2024,366,-40.1726,14.15,9.04,7.24
SH-EN-ALERCE,2025-01-01,2025,1,-40.1726,16.65,9.61,8.06
SH-EN-ALERCE,2025-01-02,2025,2,-40.1726,19.22,9.37,9.64
SH-EN-ALERCE,2025-01-03,2025,3,-40.1726,19.79,13.02,12.5
SH-EN-ALERCE,2025-01-04,2025,4,-40.1726,19.22,12.52,10.84
SH-EN-ALERCE,2025-01-05,2025,5,-40.1726,20.08,11.41,9.4
SH-EN-ALERCE,2025-01-06,2025,6,-40.1726,18.28,12.32,9.95
SH-EN-ALERCE,2025-01-07,2025,7,-40.1726,17.67,11.18,11.35
SH-EN-ALERCE,2025-01-08,2025,8,-40.1726,17.25,12.41,12.29
SH-EN-ALERCE,2025-01-09,2025,9,-40.1726,17.78,11.04,7.57
SH-EN-ALERCE,2025-01-10,2025,10,-40.1726,16.68,9.94,6.5
SH-EN-ALERCE,2025-01-11,2025,11,-40.1726,20.88,11.65,9.73
SH-EN-ALERCE,2025-01-12,2025,12,-40.1726,18.74,11.74,11.59
SH-EN-ALERCE,2025-01-13,2025,13,-40.1726,16.62,10.07,7.05
SH-EN-ALERCE,2025-01-14,2025,14,-40.1726,14.66,9.22,9.21
SH-EN-ALERCE,2025-01-15,2025,15,-40.1726,15.59,11.75,11.54
SH-EN-ALERCE,2025-01-16,2025,16,-40.1726,16.19,11.35,9.7
SH-EN-ALERCE,2025-01-17,2025,17,-40.1726,16.55,10.57,8.53
SH-EN-ALERCE,2025-01-18,2025,18,-40.1726,18.56,10.05,8.86
SH-EN-ALERCE,2025-01-19,2025,19,-40.1726,19.73,10.52,9.71
SH-EN-ALERCE,2025-01-20,2025,20,-40.1726,16.83,11.2,12.11
SH-EN-ALERCE,2025-01-21,2025,21,-40.1726,16.7,10.69,9.47
SH-EN-ALERCE,2025-01-22,2025,22,-40.1726,15.06,10.41,9.81
SH-EN-ALERCE,2025-01-23,2025,23,-40.1726,15.6,12.4,10.97
SH-EN-ALERCE,2025-01-24,2025,24,-40.1726,16.25,11.32,10.21
SH-EN-ALERCE,2025-01-25,2025,25,-40.1726,18.67,10.43,10.4
SH-EN-ALERCE,2025-01-26,2025,26,-40.1726,16.3,11.43,12.18
SH-EN-ALERCE,2025-01-27,2025,27,-40.1726,16.4,10.63,7.75
SH-EN-ALERCE,2025-01-28,2025,28,-40.1726,18.86,10.06,8.75
SH-EN-ALERCE,2025-01-29,2025,29,-40.1726,19.86,11.02,10.14
SH-EN-ALERCE,2025-01-30,2025,30,-40.1726,17.27,10.94,11.74
SH-EN-ALERCE,2025-01-31,2025,31,-40.1726,18.14,12.18,9.62
SH-EN-ALERCE,2025-02-01,2025,32,-40.1726,16.99,10.71,9.47
SH-EN-ALERCE,2025-02-02,2025,33,-40.1726,15.85,12.48,11.41
SH-EN-ALERCE,2025-02-03,2025,34,-40.1726,16.22,12.05,8.49
SH-EN-ALERCE,2025-02-04,2025,35,-40.1726,18.74,11.09,9.7
SH-EN-ALERCE,2025-02-05,2025,36,-40.1726,17.52,13.89,12.94
SH-EN-ALERCE,2025-02-06,2025,37,-40.1726,17.53,12.55,10.94
SH-EN-ALERCE,2025-02-07,2025,38,-40.1726,18.19,11.66,12.03
SH-EN-ALERCE,2025-02-08,2025,39,-40.1726,19.78,14.23,10.57
SH-EN-ALERCE,2025-02-09,2025,40,-40.1726,21.99,13.1,11.57
SH-EN-ALERCE,2025-02-10,2025,41,-40.1726,17.02,12.07,8.87
SH-EN-ALERCE,2025-02-11,2025,42,-40.1726,16.46,11.18,8.41
SH-EN-ALERCE,2025-02-12,2025,43,-40.1726,17.76,9.8,8.49
SH-EN-ALERCE,2025-02-13,2025,44,-40.1726,16.24,10.4,9.65
SH-EN-ALERCE,2025-02-14,2025,45,-40.1726,15.98,11.64,9.8
SH-EN-ALERCE,2025-02-15,2025,46,-40.1726,16.16,10.57,8.68
SH-EN-ALERCE,2025-02-16,2025,47,-40.1726,15.02,9.31,9.11
SH-EN-ALERCE,2025-02-17,2025,48,-40.1726,17.44,9.66,7.63
SH-EN-ALERCE,2025-02-18,2025,49,-40.1726,19.47,10.26,10.34
SH-EN-ALERCE,2025-02-19,2025,50,-40.1726,17.21,10.69,9.64
SH-EN-ALERCE,2025-02-20,2025,51,-40.1726,14.37,11.23,10.52
SH-EN-ALERCE,2025-02-21,2025,52,-40.1726,15.38,11.13,10.8
SH-EN-ALERCE,2025-02-22,2025,53,-40.1726,15.84,12.23,13.55
SH-EN-ALERCE,2025-02-23,2025,54,-40.1726,16.86,12.97,13.86
SH-EN-ALERCE,2025-02-24,2025,55,-40.1726,16.89,12.32,11.69
SH-EN-ALERCE,2025-02-25,2025,56,-40.1726,18.12,11.61,11.76
SH-EN-ALERCE,2025-02-26,2025,57,-40.1726,20.29,12.52,11.57
SH-EN-ALERCE,2025-02-27,2025,58,-40.1726,14.77,12.84,12.19
SH-EN-ALERCE,2025-02-28,2025,59,-40.1726,15.32,10.94,12.51
SH-EN-ALERCE,2025-03-01,2025,60,-40.1726,16.18,10.64,9.59
SH-EN-ALERCE,2025-03-02,2025,61,-40.1726,15.5,13.03,13.24
SH-EN-ALERCE,2025-03-03,2025,62,-40.1726,15.46,12.56,10.99
SH-EN-ALERCE,2025-03-04,2025,63,-40.1726,16.12,13.47,13.57
SH-EN-ALERCE,2025-03-05,2025,64,-40.1726,17.21,12.76,13.93
SH-EN-ALERCE,2025-03-06,2025,65,-40.1726,15.86,12.49,13.35
SH-EN-ALERCE,2025-03-07,2025,66,-40.1726,14.86,12.23,10.11
SH-EN-ALERCE,2025-03-08,2025,67,-40.1726,16.15,9.92,7.59
SH-EN-ALERCE,2025-03-09,2025,68,-40.1726,17.97,8.92,9.28
SH-EN-ALERCE,2025-03-10,2025,69,-40.1726,16.31,9.9,9.64
SH-EN-ALERCE,2025-03-11,2025,70,-40.1726,17.96,8.04,6.96
SH-EN-ALERCE,2025-03-12,2025,71,-40.1726,21.04,9.76,8.47
SH-EN-ALERCE,2025-03-13,2025,72,-40.1726,17.82,10.68,9.87
SH-EN-ALERCE,2025-03-14,2025,73,-40.1726,15.86,9.05,8.49
SH-EN-ALERCE,2025-03-15,2025,74,-40.1726,14.87,9.63,8.38
SH-EN-ALERCE,2025-03-16,2025,75,-40.1726,14.03,8.6,8.71
SH-EN-ALERCE,2025-03-17,2025,76,-40.1726,15.01,10.49,11.43
SH-EN-ALERCE,2025-03-18,2025,77,-40.1726,17.18,9.87,9.43
SH-EN-ALERCE,2025-03-19,2025,78,-40.1726,16.63,9.24,11.48
SH-EN-ALERCE,2025-03-20,2025,79,-40.1726,17.05,12.89,14.19
SH-EN-ALERCE,2025-03-21,2025,80,-40.1726,15.68,10.14,10.42
SH-EN-ALERCE,2025-03-22,2025,81,-40.1726,15.38,8.54,5.92
SH-EN-ALERCE,2025-03-23,2025,82,-40.1726,17.38,10.01,5.32
SH-EN-ALERCE,2025-03-24,2025,83,-40.1726,19.98,9.41,5.41
SH-EN-ALERCE,2025-03-25,2025,84,-40.1726,20.57,11.58,8.23
SH-EN-ALERCE,2025-03-26,2025,85,-40.1726,13.34,11.48,11.45
SH-EN-ALERCE,2025-03-27,2025,86,-40.1726,13.03,11.51,11.74
SH-EN-ALERCE,2025-03-28,2025,87,-40.1726,14.4,11.66,11.87
SH-EN-ALERCE,2025-03-29,2025,88,-40.1726,14.75,10.95,11.14
SH-EN-ALERCE,2025-03-30,2025,89,-40.1726,13.42,10.32,8.64
SH-EN-ALERCE,2025-03-31,2025,90,-40.1726,13.63,9.47,7.72
SH-EN-ALERCE,2025-04-01,2025,91,-40.1726,14.29,9.27,7.88
SH-EN-ALERCE,2025-04-02,2025,92,-40.1726,13.25,11.39,11.11
SH-EN-ALERCE,2025-04-03,2025,93,-40.1726,17.05,7.55,5.46
SH-EN-ALERCE,2025-04-04,2025,94,-40.1726,18.7,9.94,4.76
SH-EN-ALERCE,2025-04-05,2025,95,-40.1726,17.43,10.68,6.55
SH-EN-ALERCE,2025-04-06,2025,96,-40.1726,14.29,9.68,9.36
SH-EN-ALERCE,2025-04-07,2025,97,-40.1726,16.51,11.37,10.14
SH-EN-ALERCE,2025-04-08,2025,98,-40.1726,15.82,11.09,10.37
SH-EN-ALERCE,2025-04-09,2025,99,-40.1726,13.66,11.27,10.34
SH-EN-ALERCE,2025-04-10,2025,100,-40.1726,12.9,11.76,9.35
SH-EN-ALERCE,2025-04-11,2025,101,-40.1726,12.58,10.14,9.86
SH-EN-ALERCE,2025-04-12,2025,102,-40.1726,13.35,9.73,8.22
SH-EN-ALERCE,2025-04-13,2025,103,-40.1726,13.21,9.7,8.9
SH-EN-ALERCE,2025-04-14,2025,104,-40.1726,13.2,11.66,10.99
SH-EN-ALERCE,2025-04-15,2025,105,-40.1726,12.8,11.08,10.77
SH-EN-ALERCE,2025-04-16,2025,106,-40.1726,13.51,10.76,10.08
SH-EN-ALERCE,2025-04-17,2025,107,-40.1726,13.24,9.76,8.76
SH-EN-ALERCE,2025-04-18,2025,108,-40.1726,14.82,9.24,7.77
SH-EN-ALERCE,2025-04-19,2025,109,-40.1726,16.17,7.87,6.55
SH-EN-ALERCE,2025-04-20,2025,110,-40.1726,13.3,8.58,9.35
SH-EN-ALERCE,2025-04-21,2025,111,-40.1726,14.06,11.62,12.03
SH-EN-ALERCE,2025-04-22,2025,112,-40.1726,15.24,12.19,13.59
SH-EN-ALERCE,2025-04-23,2025,113,-40.1726,14.89,11.39,10.66
SH-EN-ALERCE,2025-04-24,2025,114,-40.1726,13.28,10.71,10.73
SH-EN-ALERCE,2025-04-25,2025,115,-40.1726,11.24,9.69,7.63
SH-EN-ALERCE,2025-04-26,2025,116,-40.1726,12.0,10.14,9.41
SH-EN-ALERCE,2025-04-27,2025,117,-40.1726,13.25,9.81,9.42
SH-EN-ALERCE,2025-04-28,2025,118,-40.1726,13.22,8.99,8.82
SH-EN-ALERCE,2025-04-29,2025,119,-40.1726,12.55,8.48,8.13
SH-EN-ALERCE,2025-04-30,2025,120,-40.1726,12.28,8.99,9.06
SH-EN-ALERCE,2025-05-01,2025,121,-40.1726,12.39,10.93,9.57
SH-EN-ALERCE,2025-05-02,2025,122,-40.1726,11.59,11.09,9.23
SH-EN-ALERCE,2025-05-03,2025,123,-40.1726,12.76,9.4,9.11
SH-EN-ALERCE,2025-05-04,2025,124,-40.1726,11.15,9.27,5.85
SH-EN-ALERCE,2025-05-05,2025,125,-40.1726,11.27,7.96,8.06
SH-EN-ALERCE,2025-05-06,2025,126,-40.1726,12.98,11.25,8.48
SH-EN-ALERCE,2025-05-07,2025,127,-40.1726,12.0,11.03,9.23
SH-EN-ALERCE,2025-05-08,2025,128,-40.1726,12.59,10.98,10.87
SH-EN-ALERCE,2025-05-09,2025,129,-40.1726,13.13,11.96,11.6
SH-EN-ALERCE,2025-05-10,2025,130,-40.1726,14.35,11.59,11.58
SH-EN-ALERCE,2025-05-11,2025,131,-40.1726,12.18,10.42,9.76
SH-EN-ALERCE,2025-05-12,2025,132,-40.1726,12.62,10.48,10.42
SH-EN-ALERCE,2025-05-13,2025,133,-40.1726,13.27,11.7,11.54
SH-EN-ALERCE,2025-05-14,2025,134,-40.1726,12.61,11.57,11.0
SH-EN-ALERCE,2025-05-15,2025,135,-40.1726,12.81,12.1,11.59
SH-EN-ALERCE,2025-05-16,2025,136,-40.1726,13.54,12.13,12.04
SH-EN-ALERCE,2025-05-17,2025,137,-40.1726,11.89,8.96,7.06
SH-EN-ALERCE,2025-05-18,2025,138,-40.1726,9.4,8.35,7.17
SH-EN-ALERCE,2025-05-19,2025,139,-40.1726,11.36,9.25,7.03
SH-EN-ALERCE,2025-05-20,2025,140,-40.1726,12.89,8.05,7.1
SH-EN-ALERCE,2025-05-21,2025,141,-40.1726,11.92,8.5,7.36
SH-EN-ALERCE,2025-05-22,2025,142,-40.1726,10.67,7.34,6.28
SH-EN-ALERCE,2025-05-23,2025,143,-40.1726,11.44,9.17,8.31
SH-EN-ALERCE,2025-05-24,2025,144,-40.1726,10.89,8.43,7.4
SH-EN-ALERCE,2025-05-25,2025,145,-40.1726,13.0,10.01,10.09
SH-EN-ALERCE,2025-05-26,2025,146,-40.1726,11.08,7.32,6.63
SH-EN-ALERCE,2025-05-27,2025,147,-40.1726,9.39,7.11,4.6
SH-EN-ALERCE,2025-05-28,2025,148,-40.1726,10.76,6.02,5.07
SH-EN-ALERCE,2025-05-29,2025,149,-40.1726,12.06,9.1,9.63
SH-EN-ALERCE,2025-05-30,2025,150,-40.1726,10.74,7.87,6.24
SH-EN-ALERCE,2025-05-31,2025,151,-40.1726,10.03,7.69,4.88
SH-EN-ALERCE,2025-06-01,2025,152,-40.1726,12.16,9.14,8.29
SH-EN-ALERCE,2025-06-02,2025,153,-40.1726,12.19,11.53,11.37
SH-EN-ALERCE,2025-06-03,2025,154,-40.1726,12.44,11.31,11.37
SH-EN-ALERCE,2025-06-04,2025,155,-40.1726,11.23,6.97,7.06
SH-EN-ALERCE,2025-06-05,2025,156,-40.1726,10.26,6.0,5.02
SH-EN-ALERCE,2025-06-06,2025,157,-40.1726,10.67,6.33,5.69
SH-EN-ALERCE,2025-06-07,2025,158,-40.1726,10.29,8.57,7.36
SH-EN-ALERCE,2025-06-08,2025,159,-40.1726,10.89,7.05,5.53
SH-EN-ALERCE,2025-06-09,2025,160,-40.1726,11.26,6.63,5.73
SH-EN-ALERCE,2025-06-10,2025,161,-40.1726,11.37,8.07,8.42
SH-EN-ALERCE,2025-06-11,2025,162,-40.1726,10.77,8.95,9.02
SH-EN-ALERCE,2025-06-12,2025,163,-40.1726,11.23,7.89,7.15
SH-EN-ALERCE,2025-06-13,2025,164,-40.1726,9.51,8.6,7.25
SH-EN-ALERCE,2025-06-14,2025,165,-40.1726,12.57,8.53,9.83
SH-EN-ALERCE,2025-06-15,2025,166,-40.1726,12.09,9.49,9.04
SH-EN-ALERCE,2025-06-16,2025,167,-40.1726,9.03,7.85,6.35
SH-EN-ALERCE,2025-06-17,2025,168,-40.1726,8.84,7.37,6.03
SH-EN-ALERCE,2025-06-18,2025,169,-40.1726,10.49,7.41,5.99
SH-EN-ALERCE,2025-06-19,2025,170,-40.1726,11.73,9.62,9.79
SH-EN-ALERCE,2025-06-20,2025,171,-40.1726,11.5,8.89,8.44
SH-EN-ALERCE,2025-06-21,2025,172,-40.1726,11.83,8.15,8.59
SH-EN-ALERCE,2025-06-22,2025,173,-40.1726,8.86,5.88,4.39
SH-EN-ALERCE,2025-06-23,2025,174,-40.1726,9.25,5.75,5.05
SH-EN-ALERCE,2025-06-24,2025,175,-40.1726,10.88,7.63,7.05
SH-EN-ALERCE,2025-06-25,2025,176,-40.1726,8.8,6.63,5.17
SH-EN-ALERCE,2025-06-26,2025,177,-40.1726,9.67,8.28,6.57
SH-EN-ALERCE,2025-06-27,2025,178,-40.1726,9.54,5.38,5.56
SH-EN-ALERCE,2025-06-28,2025,179,-40.1726,7.51,3.3,1.54
SH-EN-ALERCE,2025-06-29,2025,180,-40.1726,6.58,1.39,-1.3
SH-EN-ALERCE,2025-06-30,2025,181,-40.1726,7.09,2.32,-1.25
SH-EN-ALERCE,2025-07-01,2025,182,-40.1726,7.79,3.13,0.97
SH-EN-ALERCE,2025-07-02,2025,183,-40.1726,11.45,6.62,6.45
SH-EN-ALERCE,2025-07-03,2025,184,-40.1726,11.97,10.57,10.68
SH-EN-ALERCE,2025-07-04,2025,185,-40.1726,13.24,8.92,9.69
SH-EN-ALERCE,2025-07-05,2025,186,-40.1726,10.76,7.3,6.94
SH-EN-ALERCE,2025-07-06,2025,187,-40.1726,11.98,10.2,10.48
SH-EN-ALERCE,2025-07-07,2025,188,-40.1726,11.56,10.13,10.33
SH-EN-ALERCE,2025-07-08,2025,189,-40.1726,10.16,5.89,5.23
SH-EN-ALERCE,2025-07-09,2025,190,-40.1726,9.65,5.04,4.61
SH-EN-ALERCE,2025-07-10,2025,191,-40.1726,10.0,5.64,6.37
SH-EN-ALERCE,2025-07-11,2025,192,-40.1726,10.77,8.39,8.67
SH-EN-ALERCE,2025-07-12,2025,193,-40.1726,11.31,9.15,9.4
SH-EN-ALERCE,2025-07-13,2025,194,-40.1726,11.47,8.31,8.2
SH-EN-ALERCE,2025-07-14,2025,195,-40.1726,10.15,8.11,8.06
SH-EN-ALERCE,2025-07-15,2025,196,-40.1726,10.05,7.09,5.89
SH-EN-ALERCE,2025-07-16,2025,197,-40.1726,8.99,6.94,5.84
SH-EN-ALERCE,2025-07-17,2025,198,-40.1726,11.4,8.07,7.32
SH-EN-ALERCE,2025-07-18,2025,199,-40.1726,11.49,9.27,10.29
SH-EN-ALERCE,2025-07-19,2025,200,-40.1726,11.37,8.06,6.58
SH-EN-ALERCE,2025-07-20,2025,201,-40.1726,8.94,6.36,5.69
SH-EN-ALERCE,2025-07-21,2025,202,-40.1726,8.93,4.86,3.68
SH-EN-ALERCE,2025-07-22,2025,203,-40.1726,9.27,3.14,1.7
SH-EN-ALERCE,2025-07-23,2025,204,-40.1726,9.01,3.63,3.9
SH-EN-ALERCE,2025-07-24,2025,205,-40.1726,11.59,8.14,8.72
SH-EN-ALERCE,2025-07-25,2025,206,-40.1726,11.23,9.67,9.75
SH-EN-ALERCE,2025-07-26,2025,207,-40.1726,9.72,7.36,5.3
SH-EN-ALERCE,2025-07-27,2025,208,-40.1726,11.32,7.14,8.61
SH-EN-ALERCE,2025-07-28,2025,209,-40.1726,12.77,10.48,11.16
SH-EN-ALERCE,2025-07-29,2025,210,-40.1726,13.82,12.04,12.19
SH-EN-ALERCE,2025-07-30,2025,211,-40.1726,13.03,10.59,10.85
SH-EN-ALERCE,2025-07-31,2025,212,-40.1726,12.46,10.57,9.94
SH-EN-ALERCE,2025-08-01,2025,213,-40.1726,11.93,8.82,9.37
SH-EN-ALERCE,2025-08-02,2025,214,-40.1726,8.74,7.41,4.55
SH-EN-ALERCE,2025-08-03,2025,215,-40.1726,9.04,7.15,4.61
SH-EN-ALERCE,2025-08-04,2025,216,-40.1726,11.76,6.78,6.0
SH-EN-ALERCE,2025-08-05,2025,217,-40.1726,12.73,9.51,10.35
SH-EN-ALERCE,2025-08-06,2025,218,-40.1726,10.72,8.83,8.36
SH-EN-ALERCE,2025-08-07,2025,219,-40.1726,12.34,7.09,6.81
SH-EN-ALERCE,2025-08-08,2025,220,-40.1726,13.14,5.68,5.82
SH-EN-ALERCE,2025-08-09,2025,221,-40.1726,10.93,6.84,7.43
SH-EN-ALERCE,2025-08-10,2025,222,-40.1726,11.55,8.75,9.8
SH-EN-ALERCE,2025-08-11,2025,223,-40.1726,12.25,10.56,11.26
SH-EN-ALERCE,2025-08-12,2025,224,-40.1726,10.46,7.81,7.28
SH-EN-ALERCE,2025-08-13,2025,225,-40.1726,12.89,6.58,6.54
SH-EN-ALERCE,2025-08-14,2025,226,-40.1726,14.67,7.24,7.73
SH-EN-ALERCE,2025-08-15,2025,227,-40.1726,12.36,7.98,8.49
SH-EN-ALERCE,2025-08-16,2025,228,-40.1726,12.37,10.18,9.83
SH-EN-ALERCE,2025-08-17,2025,229,-40.1726,14.12,10.06,10.0
SH-EN-ALERCE,2025-08-18,2025,230,-40.1726,13.57,8.9,8.82
SH-EN-ALERCE,2025-08-19,2025,231,-40.1726,10.12,9.34,8.73
SH-EN-ALERCE,2025-08-20,2025,232,-40.1726,10.07,8.14,7.26
SH-EN-ALERCE,2025-08-21,2025,233,-40.1726,9.48,5.51,5.24
SH-EN-ALERCE,2025-08-22,2025,234,-40.1726,7.23,5.39,3.76
SH-EN-ALERCE,2025-08-23,2025,235,-40.1726,10.22,6.56,6.55
SH-EN-ALERCE,2025-08-24,2025,236,-40.1726,10.66,10.05,9.69
SH-EN-ALERCE,2025-08-25,2025,237,-40.1726,10.65,8.33,8.61
SH-EN-ALERCE,2025-08-26,2025,238,-40.1726,13.82,8.34,9.16
SH-EN-ALERCE,2025-08-27,2025,239,-40.1726,12.84,8.45,8.72
SH-EN-ALERCE,2025-08-28,2025,240,-40.1726,12.43,8.54,8.14
SH-EN-ALERCE,2025-08-29,2025,241,-40.1726,12.66,7.56,7.65
SH-EN-ALERCE,2025-08-30,2025,242,-40.1726,14.76,8.25,8.41
SH-EN-ALERCE,2025-08-31,2025,243,-40.1726,11.99,8.52,8.29
SH-EN-ALERCE,2025-09-01,2025,244,-40.1726,10.33,6.68,7.49
SH-EN-ALERCE,2025-09-02,2025,245,-40.1726,8.12,6.66,5.01
SH-EN-ALERCE,2025-09-03,2025,246,-40.1726,9.97,6.0,4.84
SH-EN-ALERCE,2025-09-04,2025,247,-40.1726,11.17,4.47,3.8
SH-EN-ALERCE,2025-09-05,2025,248,-40.1726,14.02,4.53,5.14
SH-EN-ALERCE,2025-09-06,2025,249,-40.1726,12.19,5.85,6.86
SH-EN-ALERCE,2025-09-07,2025,250,-40.1726,9.8,8.46,7.33
SH-EN-ALERCE,2025-09-08,2025,251,-40.1726,10.3,8.78,8.19
SH-EN-ALERCE,2025-09-09,2025,252,-40.1726,12.29,9.71,11.06
SH-EN-ALERCE,2025-09-10,2025,253,-40.1726,11.22,8.42,7.27
SH-EN-ALERCE,2025-09-11,2025,254,-40.1726,11.6,6.79,4.53
SH-EN-ALERCE,2025-09-12,2025,255,-40.1726,11.37,6.62,6.81
SH-EN-ALERCE,2025-09-13,2025,256,-40.1726,11.07,7.47,7.83
SH-EN-ALERCE,2025-09-14,2025,257,-40.1726,12.07,8.25,5.69
SH-EN-ALERCE,2025-09-15,2025,258,-40.1726,11.79,8.15,9.03
SH-EN-ALERCE,2025-09-16,2025,259,-40.1726,12.3,11.12,11.01
SH-EN-ALERCE,2025-09-17,2025,260,-40.1726,12.88,8.84,9.93
SH-EN-ALERCE,2025-09-18,2025,261,-40.1726,11.74,9.61,9.71
SH-EN-ALERCE,2025-09-19,2025,262,-40.1726,11.86,9.13,9.15
SH-EN-ALERCE,2025-09-20,2025,263,-40.1726,11.26,8.87,9.01
SH-EN-ALERCE,2025-09-21,2025,264,-40.1726,10.65,7.91,6.9
SH-EN-ALERCE,2025-09-22,2025,265,-40.1726,9.31,7.32,5.57
SH-EN-ALERCE,2025-09-23,2025,266,-40.1726,11.72,6.9,5.78
SH-EN-ALERCE,2025-09-24,2025,267,-40.1726,15.83,9.05,7.28
SH-EN-ALERCE,2025-09-25,2025,268,-40.1726,12.68,9.61,10.01
SH-EN-ALERCE,2025-09-26,2025,269,-40.1726,11.94,8.88,8.38
SH-EN-ALERCE,2025-09-27,2025,270,-40.1726,11.5,9.41,8.69
SH-EN-ALERCE,2025-09-28,2025,271,-40.1726,11.52,6.52,5.62
SH-EN-ALERCE,2025-09-29,2025,272,-40.1726,11.35,7.26,7.15
SH-EN-ALERCE,2025-09-30,2025,273,-40.1726,11.59,8.51,8.11
SH-EN-ALERCE,2025-10-01,2025,274,-40.1726,12.57,8.43,7.4
SH-EN-ALERCE,2025-10-02,2025,275,-40.1726,12.22,8.88,7.49
SH-EN-ALERCE,2025-10-03,2025,276,-40.1726,11.73,9.84,9.69
SH-EN-ALERCE,2025-10-04,2025,277,-40.1726,11.27,7.54,6.33
SH-EN-ALERCE,2025-10-05,2025,278,-40.1726,9.85,6.81,5.25
SH-EN-ALERCE,2025-10-06,2025,279,-40.1726,11.24,7.82,8.94
SH-EN-ALERCE,2025-10-07,2025,280,-40.1726,13.28,9.12,9.03
SH-EN-ALERCE,2025-10-08,2025,281,-40.1726,12.81,9.08,9.34
SH-EN-ALERCE,2025-10-09,2025,282,-40.1726,11.92,10.64,10.16
SH-EN-ALERCE,2025-10-10,2025,283,-40.1726,12.59,8.45,9.69
SH-EN-ALERCE,2025-10-11,2025,284,-40.1726,10.99,7.46,6.62
SH-EN-ALERCE,2025-10-12,2025,285,-40.1726,11.96,6.64,5.53
SH-EN-ALERCE,2025-10-13,2025,286,-40.1726,13.02,9.44,9.03
SH-EN-ALERCE,2025-10-14,2025,287,-40.1726,12.48,9.79,10.61
SH-EN-ALERCE,2025-10-15,2025,288,-40.1726,11.99,8.79,7.27
SH-EN-ALERCE,2025-10-16,2025,289,-40.1726,12.57,8.46,6.84
SH-EN-ALERCE,2025-10-17,2025,290,-40.1726,14.11,7.33,6.8
SH-EN-ALERCE,2025-10-18,2025,291,-40.1726,14.73,7.71,8.06
SH-EN-ALERCE,2025-10-19,2025,292,-40.1726,13.06,8.42,8.14
SH-EN-ALERCE,2025-10-20,2025,293,-40.1726,13.76,9.97,10.43
SH-EN-ALERCE,2025-10-21,2025,294,-40.1726,13.54,8.46,6.41
SH-EN-ALERCE,2025-10-22,2025,295,-40.1726,13.05,8.42,7.15
SH-EN-ALERCE,2025-10-23,2025,296,-40.1726,12.17,7.96,8.15
SH-EN-ALERCE,2025-10-24,2025,297,-40.1726,10.36,7.24,5.52
SH-EN-ALERCE,2025-10-25,2025,298,-40.1726,11.7,7.96,7.98
SH-EN-ALERCE,2025-10-26,2025,299,-40.1726,12.69,9.62,8.18
SH-EN-ALERCE,2025-10-27,2025,300,-40.1726,16.44,8.31,7.39
SH-EN-ALERCE,2025-10-28,2025,301,-40.1726,15.95,8.61,7.11
SH-EN-ALERCE,2025-10-29,2025,302,-40.1726,14.85,9.97,9.4
SH-EN-ALERCE,2025-10-30,2025,303,-40.1726,12.63,10.13,8.64
SH-EN-ALERCE,2025-10-31,2025,304,-40.1726,12.36,9.3,7.57
SH-EN-ALERCE,2025-11-01,2025,305,-40.1726,12.91,9.78,8.2
SH-EN-ALERCE,2025-11-02,2025,306,-40.1726,15.75,9.56,8.99
SH-EN-ALERCE,2025-11-03,2025,307,-40.1726,14.97,9.58,8.74
SH-EN-ALERCE,2025-11-04,2025,308,-40.1726,14.26,9.74,8.64
SH-EN-ALERCE,2025-11-05,2025,309,-40.1726,16.44,9.63,9.72
SH-EN-ALERCE,2025-11-06,2025,310,-40.1726,14.01,9.31,8.44
SH-EN-ALERCE,2025-11-07,2025,311,-40.1726,12.5,9.38,7.99
SH-EN-ALERCE,2025-11-08,2025,312,-40.1726,15.82,9.27,9.78
SH-EN-ALERCE,2025-11-09,2025,313,-40.1726,15.6,10.67,10.81
SH-EN-ALERCE,2025-11-10,2025,314,-40.1726,13.26,10.95,9.45
SH-EN-ALERCE,2025-11-11,2025,315,-40.1726,12.22,9.37,9.11
SH-EN-ALERCE,2025-11-12,2025,316,-40.1726,14.32,9.32,8.73
SH-EN-ALERCE,2025-11-13,2025,317,-40.1726,15.58,8.94,8.47
SH-EN-ALERCE,2025-11-14,2025,318,-40.1726,16.63,9.28,9.72
SH-EN-ALERCE,2025-11-15,2025,319,-40.1726,13.22,9.29,9.44
SH-EN-ALERCE,2025-11-16,2025,320,-40.1726,13.67,7.38,5.29
SH-EN-ALERCE,2025-11-17,2025,321,-40.1726,14.21,8.98,10.08
SH-EN-ALERCE,2025-11-18,2025,322,-40.1726,14.02,8.79,6.73
SH-EN-ALERCE,2025-11-19,2025,323,-40.1726,14.83,10.1,10.72
SH-EN-ALERCE,2025-11-20,2025,324,-40.1726,15.25,10.68,9.49
SH-EN-ALERCE,2025-11-21,2025,325,-40.1726,17.67,9.73,9.27
SH-EN-ALERCE,2025-11-22,2025,326,-40.1726,19.03,9.86,9.2
SH-EN-ALERCE,2025-11-23,2025,327,-40.1726,19.91,10.35,10.39
SH-EN-ALERCE,2025-11-24,2025,328,-40.1726,19.29,11.96,11.9
SH-EN-ALERCE,2025-11-25,2025,329,-40.1726,19.03,11.62,11.65
SH-EN-ALERCE,2025-11-26,2025,330,-40.1726,17.69,11.27,11.21
SH-EN-ALERCE,2025-11-27,2025,331,-40.1726,18.73,11.47,10.86
SH-EN-ALERCE,2025-11-28,2025,332,-40.1726,14.57,11.02,11.47
SH-EN-ALERCE,2025-11-29,2025,333,-40.1726,15.96,12.51,12.13
SH-EN-ALERCE,2025-11-30,2025,334,-40.1726,15.09,12.51,11.91
SH-EN-ALERCE,2025-12-01,2025,335,-40.1726,14.22,11.48,10.89
SH-EN-ALERCE,2025-12-02,2025,336,-40.1726,15.05,11.77,12.34
SH-EN-ALERCE,2025-12-03,2025,337,-40.1726,16.46,11.77,10.44
SH-EN-ALERCE,2025-12-04,2025,338,-40.1726,16.29,10.6,10.27
SH-EN-ALERCE,2025-12-05,2025,339,-40.1726,16.24,9.36,8.15
SH-EN-ALERCE,2025-12-06,2025,340,-40.1726,20.05,10.78,10.06
SH-EN-ALERCE,2025-12-07,2025,341,-40.1726,22.79,11.76,11.18
SH-EN-ALERCE,2025-12-08,2025,342,-40.1726,21.23,14.0,12.11
SH-EN-ALERCE,2025-12-09,2025,343,-40.1726,18.63,13.03,12.69
SH-EN-ALERCE,2025-12-10,2025,344,-40.1726,16.88,11.49,10.99
SH-EN-ALERCE,2025-12-11,2025,345,-40.1726,15.37,10.21,10.51
SH-EN-ALERCE,2025-12-12,2025,346,-40.1726,14.21,11.77,11.19
SH-EN-ALERCE,2025-12-13,2025,347,-40.1726,13.89,10.2,7.66
SH-EN-ALERCE,2025-12-14,2025,348,-40.1726,14.23,10.33,8.55
SH-EN-ALERCE,2025-12-15,2025,349,-40.1726,15.09,11.47,11.06
SH-EN-ALERCE,2025-12-16,2025,350,-40.1726,17.81,11.66,11.01
SH-EN-ALERCE,2025-12-17,2025,351,-40.1726,16.12,11.2,10.98
SH-EN-ALERCE,2025-12-18,2025,352,-40.1726,16.69,10.31,8.79
SH-EN-ALERCE,2025-12-19,2025,353,-40.1726,15.89,10.44,10.67
SH-EN-ALERCE,2025-12-20,2025,354,-40.1726,14.41,12.1,12.3
SH-EN-ALERCE,2025-12-21,2025,355,-40.1726,14.55,10.33,9.37
SH-EN-ALERCE,2025-12-22,2025,356,-40.1726,14.73,10.31,10.61
SH-EN-ALERCE,2025-12-23,2025,357,-40.1726,15.01,10.95,8.35
SH-EN-ALERCE,2025-12-24,2025,358,-40.1726,16.3,10.96,10.42
SH-EN-ALERCE,2025-12-25,2025,359,-40.1726,17.33,10.14,9.91
SH-EN-ALERCE,2025-12-26,2025,360,-40.1726,15.53,11.32,11.37
SH-EN-ALERCE,2025-12-27,2025,361,-40.1726,17.65,11.09,9.43
SH-EN-ALERCE,2025-12-28,2025,362,-40.1726,19.12,11.09,10.53
SH-EN-ALERCE,2025-12-29,2025,363,-40.1726,18.11,11.98,11.27
SH-EN-ALERCE,2025-12-30,2025,364,-40.1726,17.35,12.26,13.28
SH-EN-ALERCE,2025-12-31,2025,365,-40.1726,20.32,12.58,11.03
SH-EN-ALERCE,2026-01-01,2026,1,-40.1726,19.7,11.23,8.48
SH-EN-ALERCE,2026-01-02,2026,2,-40.1726,19.3,10.48,9.7
SH-EN-ALERCE,2026-01-03,2026,3,-40.1726,25.38,12.59,11.39
SH-EN-ALERCE,2026-01-04,2026,4,-40.1726,27.53,13.16,11.11
SH-EN-ALERCE,2026-01-05,2026,5,-40.1726,16.25,12.47,12.05
SH-EN-ALERCE,2026-01-06,2026,6,-40.1726,17.45,12.32,11.27
SH-EN-ALERCE,2026-01-07,2026,7,-40.1726,21.16,11.35,8.12
SH-EN-ALERCE,2026-01-08,2026,8,-40.1726,20.59,11.98,8.91
SH-EN-ALERCE,2026-01-09,2026,9,-40.1726,19.73,12.32,11.57
SH-EN-ALERCE,2026-01-10,2026,10,-40.1726,17.65,11.87,12.25
SH-EN-ALERCE,2026-01-11,2026,11,-40.1726,16.98,11.76,12.23
SH-EN-ALERCE,2026-01-12,2026,12,-40.1726,16.67,10.81,9.46
SH-EN-ALERCE,2026-01-13,2026,13,-40.1726,17.46,10.0,9.81
SH-EN-ALERCE,2026-01-14,2026,14,-40.1726,16.51,12.38,12.05
SH-EN-ALERCE,2026-01-15,2026,15,-40.1726,15.45,10.94,7.77
SH-EN-ALERCE,2026-01-16,2026,16,-40.1726,17.84,11.41,11.55
SH-EN-ALERCE,2026-01-17,2026,17,-40.1726,18.05,11.82,8.24
SH-EN-ALERCE,2026-01-18,2026,18,-40.1726,21.22,10.19,7.03
SH-EN-ALERCE,2026-01-19,2026,19,-40.1726,20.71,11.76,7.76
SH-EN-ALERCE,2026-01-20,2026,20,-40.1726,20.8,11.5,10.46
SH-EN-ALERCE,2026-01-21,2026,21,-40.1726,16.29,12.38,12.27
SH-EN-ALERCE,2026-01-22,2026,22,-40.1726,16.09,12.39,11.92
SH-EN-ALERCE,2026-01-23,2026,23,-40.1726,18.37,11.83,10.96
SH-EN-ALERCE,2026-01-24,2026,24,-40.1726,15.56,10.55,10.25
SH-EN-ALERCE,2026-01-25,2026,25,-40.1726,15.41,10.37,9.35
SH-EN-ALERCE,2026-01-26,2026,26,-40.1726,17.68,11.98,12.1
SH-EN-ALERCE,2026-01-27,2026,27,-40.1726,17.91,13.18,14.95
SH-EN-ALERCE,2026-01-28,2026,28,-40.1726,20.07,16.3,16.01
SH-EN-ALERCE,2026-01-29,2026,29,-40.1726,25.03,16.15,15.04
SH-EN-ALERCE,2026-01-30,2026,30,-40.1726,21.23,16.02,15.23
SH-EN-ALERCE,2026-01-31,2026,31,-40.1726,21.9,15.28,14.49
SH-EN-ALERCE,2026-02-01,2026,32,-40.1726,20.19,13.68,12.36
SH-EN-ALERCE,2026-02-02,2026,33,-40.1726,17.93,15.05,14.82
SH-EN-ALERCE,2026-02-03,2026,34,-40.1726,16.41,13.26,13.33
SH-EN-ALERCE,2026-02-04,2026,35,-40.1726,16.76,11.78,9.98
SH-EN-ALERCE,2026-02-05,2026,36,-40.1726,16.71,10.23,7.64
SH-EN-ALERCE,2026-02-06,2026,37,-40.1726,18.41,10.31,9.69
SH-EN-ALERCE,2026-02-07,2026,38,-40.1726,20.82,12.39,11.68
SH-EN-ALERCE,2026-02-08,2026,39,-40.1726,16.7,13.23,13.27
SH-EN-ALERCE,2026-02-09,2026,40,-40.1726,16.71,12.5,11.9
SH-EN-ALERCE,2026-02-10,2026,41,-40.1726,15.46,12.84,9.74
SH-EN-ALERCE,2026-02-11,2026,42,-40.1726,14.54,12.27,8.73
SH-EN-ALERCE,2026-02-12,2026,43,-40.1726,16.11,12.24,8.11
SH-EN-ALERCE,2026-02-13,2026,44,-40.1726,17.52,11.98,12.02
SH-EN-ALERCE,2026-02-14,2026,45,-40.1726,16.71,10.82,11.11
SH-EN-ALERCE,2026-02-15,2026,46,-40.1726,15.04,9.75,7.91
SH-EN-ALERCE,2026-02-16,2026,47,-40.1726,17.13,11.69,12.27
SH-EN-ALERCE,2026-02-17,2026,48,-40.1726,16.13,11.7,10.64
SH-EN-ALERCE,2026-02-18,2026,49,-40.1726,17.65,10.98,8.72
SH-EN-ALERCE,2026-02-19,2026,50,-40.1726,20.06,10.39,9.62
SH-EN-ALERCE,2026-02-20,2026,51,-40.1726,24.14,13.33,11.05
SH-EN-ALERCE,2026-02-21,2026,52,-40.1726,21.96,13.12,11.39
SH-EN-ALERCE,2026-02-22,2026,53,-40.1726,20.1,12.37,11.5
SH-EN-ALERCE,2026-02-23,2026,54,-40.1726,16.4,12.42,12.99
SH-EN-ALERCE,2026-02-24,2026,55,-40.1726,18.69,9.44,6.12
SH-EN-ALERCE,2026-02-25,2026,56,-40.1726,17.33,9.41,7.2
SH-EN-ALERCE,2026-02-26,2026,57,-40.1726,15.12,10.83,9.64
SH-EN-ALERCE,2026-02-27,2026,58,-40.1726,16.2,12.46,13.47
SH-EN-ALERCE,2026-02-28,2026,59,-40.1726,16.97,14.3,14.76
SH-EN-ALERCE,2026-03-01,2026,60,-40.1726,16.98,13.97,13.23
SH-EN-ALERCE,2026-03-02,2026,61,-40.1726,15.32,12.65,9.16
SH-EN-ALERCE,2026-03-03,2026,62,-40.1726,15.63,12.76,11.02
SH-EN-ALERCE,2026-03-04,2026,63,-40.1726,16.5,10.17,6.64
SH-EN-ALERCE,2026-03-05,2026,64,-40.1726,20.01,9.35,5.91
SH-EN-ALERCE,2026-03-06,2026,65,-40.1726,20.7,12.39,9.11
SH-EN-ALERCE,2026-03-07,2026,66,-40.1726,18.08,12.14,10.01
SH-EN-ALERCE,2026-03-08,2026,67,-40.1726,16.55,11.77,12.6
SH-EN-ALERCE,2026-03-09,2026,68,-40.1726,16.98,14.59,14.01
SH-EN-ALERCE,2026-03-10,2026,69,-40.1726,17.83,12.99,12.54
SH-EN-ALERCE,2026-03-11,2026,70,-40.1726,17.15,12.7,13.65
SH-EN-ALERCE,2026-03-12,2026,71,-40.1726,17.0,11.67,11.14
SH-EN-ALERCE,2026-03-13,2026,72,-40.1726,16.17,11.61,10.1
SH-EN-ALERCE,2026-03-14,2026,73,-40.1726,15.32,11.94,12.41
SH-EN-ALERCE,2026-03-15,2026,74,-40.1726,15.84,12.97,9.89
SH-EN-ALERCE,2026-03-16,2026,75,-40.1726,14.93,12.61,10.39
SH-EN-ALERCE,2026-03-17,2026,76,-40.1726,14.16,12.81,8.46
SH-EN-ALERCE,2026-03-18,2026,77,-40.1726,15.51,12.67,12.81
SH-EN-ALERCE,2026-03-19,2026,78,-40.1726,15.55,11.67,9.92
SH-EN-ALERCE,2026-03-20,2026,79,-40.1726,14.46,11.27,8.99
SH-EN-ALERCE,2026-03-21,2026,80,-40.1726,13.67,10.24,10.33
SH-EN-ALERCE,2026-03-22,2026,81,-40.1726,12.77,9.64,7.01
SH-EN-ALERCE,2026-03-23,2026,82,-40.1726,14.9,10.52,10.73
SH-EN-ALERCE,2026-03-24,2026,83,-40.1726,13.64,10.09,6.88
SH-EN-ALERCE,2026-03-25,2026,84,-40.1726,14.34,10.17,7.75
SH-EN-ALERCE,2026-03-26,2026,85,-40.1726,15.49,10.01,8.13
SH-EN-ALERCE,2026-03-27,2026,86,-40.1726,14.4,8.55,7.87
SH-EN-ALERCE,2026-03-28,2026,87,-40.1726,15.68,10.51,11.0
SH-EN-ALERCE,2026-03-29,2026,88,-40.1726,15.87,13.14,13.65
SH-EN-ALERCE,2026-03-30,2026,89,-40.1726,17.23,14.93,15.43
SH-EN-ALERCE,2026-03-31,2026,90,-40.1726,15.57,11.74,10.47
SH-EN-ALERCE,2026-04-01,2026,91,-40.1726,15.1,10.17,7.33
SH-EN-ALERCE,2026-04-02,2026,92,-40.1726,15.24,10.44,8.27
SH-EN-ALERCE,2026-04-03,2026,93,-40.1726,15.83,8.07,7.15
SH-EN-ALERCE,2026-04-04,2026,94,-40.1726,20.22,7.51,5.93
SH-EN-ALERCE,2026-04-05,2026,95,-40.1726,18.47,11.81,8.36
SH-EN-ALERCE,2026-04-06,2026,96,-40.1726,17.11,10.6,9.32
SH-EN-ALERCE,2026-04-07,2026,97,-40.1726,16.96,11.0,10.05
SH-EN-ALERCE,2026-04-08,2026,98,-40.1726,18.18,9.83,7.94
SH-EN-ALERCE,2026-04-09,2026,99,-40.1726,17.18,9.13,6.8
SH-EN-ALERCE,2026-04-10,2026,100,-40.1726,18.32,9.77,9.82
SH-EN-ALERCE,2026-04-11,2026,101,-40.1726,13.77,11.34,11.5
SH-EN-ALERCE,2026-04-12,2026,102,-40.1726,14.39,8.4,6.54
SH-EN-ALERCE,2026-04-13,2026,103,-40.1726,12.41,6.3,5.98
SH-EN-ALERCE,2026-04-14,2026,104,-40.1726,14.25,11.43,10.33
SH-EN-ALERCE,2026-04-15,2026,105,-40.1726,14.81,10.38,11.05
SH-EN-ALERCE,2026-04-16,2026,106,-40.1726,14.64,11.9,13.12
SH-EN-ALERCE,2026-04-17,2026,107,-40.1726,13.62,10.07,8.88
SH-EN-ALERCE,2026-04-18,2026,108,-40.1726,13.91,9.25,7.58
SH-EN-ALERCE,2026-04-19,2026,109,-40.1726,11.78,7.3,5.6
SH-EN-ALERCE,2026-04-20,2026,110,-40.1726,13.51,6.99,5.94
SH-EN-ALERCE,2026-04-21,2026,111,-40.1726,13.01,7.86,8.8
SH-EN-ALERCE,2026-04-22,2026,112,-40.1726,13.61,10.81,8.47
SH-EN-ALERCE,2026-04-23,2026,113,-40.1726,13.84,11.48,10.5
SH-EN-ALERCE,2026-04-24,2026,114,-40.1726,12.21,8.6,8.28
SH-EN-ALERCE,2026-04-25,2026,115,-40.1726,11.27,8.48,7.75
SH-EN-ALERCE,2026-04-26,2026,116,-40.1726,10.65,7.43,4.88
SH-EN-ALERCE,2026-04-27,2026,117,-40.1726,11.32,7.95,8.77
SH-EN-ALERCE,2026-04-28,2026,118,-40.1726,13.91,9.83,10.45
SH-EN-ALERCE,2026-04-29,2026,119,-40.1726,11.8,10.49,7.59
SH-EN-ALERCE,2026-04-30,2026,120,-40.1726,12.0,10.11,9.28
SH-EN-ALERCE,2026-05-01,2026,121,-40.1726,11.83,7.99,6.19
SH-EN-ALERCE,2026-05-02,2026,122,-40.1726,13.75,7.04,2.43
SH-EN-ALERCE,2026-05-03,2026,123,-40.1726,13.7,9.85,10.8
SH-EN-ALERCE,2026-05-04,2026,124,-40.1726,12.76,11.37,11.13
SH-EN-ALERCE,2026-05-05,2026,125,-40.1726,14.12,11.58,12.47
SH-EN-ALERCE,2026-05-06,2026,126,-40.1726,11.77,8.71,8.42
SH-EN-ALERCE,2026-05-07,2026,127,-40.1726,9.86,7.95,6.26
SH-EN-ALERCE,2026-05-08,2026,128,-40.1726,11.76,6.87,6.34
SH-EN-ALERCE,2026-05-09,2026,129,-40.1726,12.19,5.91,5.05
SH-EN-ALERCE,2026-05-10,2026,130,-40.1726,14.2,7.57,8.28
SH-EN-ALERCE,2026-05-11,2026,131,-40.1726,14.7,9.61,10.31
SH-EN-ALERCE,2026-05-12,2026,132,-40.1726,13.56,7.89,9.53
SH-EN-ALERCE,2026-05-13,2026,133,-40.1726,11.94,6.57,4.88
SH-EN-ALERCE,2026-05-14,2026,134,-40.1726,11.86,6.83,6.38
SH-EN-ALERCE,2026-05-15,2026,135,-40.1726,11.19,7.51,6.48
SH-EN-ALERCE,2026-05-16,2026,136,-40.1726,10.72,6.76,5.48
SH-EN-ALERCE,2026-05-17,2026,137,-40.1726,12.58,5.92,5.3
SH-EN-ALERCE,2026-05-18,2026,138,-40.1726,12.33,5.74,5.99
SH-EN-ALERCE,2026-05-19,2026,139,-40.1726,13.83,7.17,7.44
SH-EN-ALERCE,2026-05-20,2026,140,-40.1726,16.38,9.8,7.28
SH-EN-ALERCE,2026-05-21,2026,141,-40.1726,14.12,8.76,6.85
SH-EN-ALERCE,2026-05-22,2026,142,-40.1726,9.99,6.09,5.55
SH-EN-ALERCE,2026-05-23,2026,143,-40.1726,9.73,6.96,6.81
SH-EN-ALERCE,2026-05-24,2026,144,-40.1726,11.12,7.84,8.03
SH-EN-ALERCE,2026-05-25,2026,145,-40.1726,14.19,9.2,7.97
SH-EN-ALERCE,2026-05-26,2026,146,-40.1726,12.87,8.56,7.56
SH-EN-ALERCE,2026-05-27,2026,147,-40.1726,11.67,9.9,9.32
SH-EN-ALERCE,2026-05-28,2026,148,-40.1726,12.68,10.58,11.44
SH-EN-ALERCE,2026-05-29,2026,149,-40.1726,13.57,10.52,10.81
SH-EN-ALERCE,2026-05-30,2026,150,-40.1726,13.83,9.64,9.84
SH-EN-ALERCE,2026-05-31,2026,151,-40.1726,12.9,9.13,8.76
SH-EN-ALERCE,2026-06-01,2026,152,-40.1726,11.85,9.67,9.54
SH-EN-ALERCE,2026-06-02,2026,153,-40.1726,13.34,11.08,11.22
SH-EN-ALERCE,2026-06-03,2026,154,-40.1726,13.31,9.37,9.59
SH-EN-ALERCE,2026-06-04,2026,155,-40.1726,13.85,7.11,7.39
SH-EN-ALERCE,2026-06-05,2026,156,-40.1726,11.08,8.29,8.24
SH-EN-ALERCE,2026-06-06,2026,157,-40.1726,11.92,8.34,8.28
SH-EN-ALERCE,2026-06-07,2026,158,-40.1726,12.49,7.65,7.6
SH-EN-ALERCE,2026-06-08,2026,159,-40.1726,12.02,7.4,7.88
SH-EN-ALERCE,2026-06-09,2026,160,-40.1726,11.76,8.29,9.14
SH-EN-ALERCE,2026-06-10,2026,161,-40.1726,10.4,7.85,7.23
SH-EN-ALERCE,2026-06-11,2026,162,-40.1726,11.72,10.44,10.14
SH-EN-ALERCE,2026-06-12,2026,163,-40.1726,11.85,6.57,6.45
SH-EN-ALERCE,2026-06-13,2026,164,-40.1726,9.51,4.38,2.27
SH-EN-ALERCE,2026-06-14,2026,165,-40.1726,9.95,4.03,4.28
SH-EN-ALERCE,2026-06-15,2026,166,-40.1726,11.66,6.51,6.31
SH-EN-ALERCE,2026-06-16,2026,167,-40.1726,10.66,5.9,5.05
SH-EN-ALERCE,2026-06-17,2026,168,-40.1726,10.12,4.13,4.47
SH-EN-ALERCE,2026-06-18,2026,169,-40.1726,10.46,6.62,6.11
SH-EN-ALERCE,2026-06-19,2026,170,-40.1726,11.5,9.13,8.2
SH-EN-ALERCE,2026-06-20,2026,171,-40.1726,10.59,8.78,7.94
SH-EN-ALERCE,2026-06-21,2026,172,-40.1726,9.61,8.16,6.93
SH-EN-ALERCE,2026-06-22,2026,173,-40.1726,8.11,6.76,5.94
SH-EN-ALERCE,2026-06-23,2026,174,-40.1726,8.17,6.4,5.62
SH-EN-ALERCE,2026-06-24,2026,175,-40.1726,10.98,8.29,7.88
SH-EN-ALERCE,2026-06-25,2026,176,-40.1726,10.88,7.66,7.26
SH-EN-ALERCE,2026-06-26,2026,177,-40.1726,10.17,8.47,7.14
SH-EN-ALERCE,2026-06-27,2026,178,-40.1726,10.0,6.96,5.64
SH-EN-ALERCE,2026-06-28,2026,179,-40.1726,8.11,6.89,5.64
SH-EN-ALERCE,2026-06-29,2026,180,-40.1726,9.27,5.86,5.54
SH-EN-ALERCE,2026-06-30,2026,181,-40.1726,8.23,5.64,4.94
SH-EN-ALERCE,2026-07-01,2026,182,-40.1726,8.0,3.92,-1.18
SH-EN-ALERCE,2026-07-02,2026,183,-40.1726,9.91,5.14,1.15
SH-EN-ALERCE,2026-07-03,2026,184,-40.1726,9.42,4.99,1.24
SH-EN-ALERCE,2026-07-04,2026,185,-40.1726,9.39,6.48,1.35
SH-EN-ALERCE,2026-07-05,2026,186,-40.1726,8.65,6.79,2.86
SH-EN-ALERCE,2026-07-06,2026,187,-40.1726,9.3,5.61,4.09
SH-EN-ALERCE,2026-07-07,2026,188,-40.1726,11.13,9.34,10.18
SH-EN-ALERCE,2026-07-08,2026,189,-40.1726,12.16,9.36,9.5
SH-EN-ALERCE,2026-07-09,2026,190,-40.1726,10.41,8.46,5.66
SH-EN-ALERCE,2026-07-10,2026,191,-40.1726,10.21,6.99,5.45
SH-EN-ALERCE,2026-07-11,2026,192,-40.1726,9.56,7.22,5.63
SH-EN-ALERCE,2026-07-12,2026,193,-40.1726,11.63,7.92,6.64
SH-EN-ALERCE,2026-07-13,2026,194,-40.1726,11.52,10.85,10.68
SH-EN-ALERCE,2026-07-14,2026,195,-40.1726,11.94,9.79,10.13
SH-EN-ALERCE,2026-07-15,2026,196,-40.1726,10.81,9.53,9.34
SH-EN-ALERCE,2026-07-16,2026,197,-40.1726,12.97,9.53,9.77
SH-EN-ALERCE,2026-07-17,2026,198,-40.1726,10.54,9.01,7.37
SH-EN-ALERCE,2026-07-18,2026,199,-40.1726,8.76,7.42,4.9
SH-EN-ALERCE,2026-07-19,2026,200,-40.1726,8.14,6.1,2.2
SH-EN-ALERCE,2026-07-20,2026,201,-40.1726,9.81,4.41,2.35
SH-EN-ALERCE,2026-07-21,2026,202,-40.1726,10.55,5.74,2.7
SH-EN-ALERCE,2026-07-22,2026,203,-40.1726,10.91,6.58,8.27
SH-EN-ALERCE,2026-07-23,2026,204,-40.1726,10.89,9.53,7.4
SH-EN-ALERCE,2026-07-24,2026,205,-40.1726,11.16,8.74,9.01
