site_id,date,year,doy,latitude_degrees,hour_count,hour_key_start,hour_key_end,reported_tmax_c,reported_tmin_c,reported_tdew_c,hourly_tmax_c,hourly_tmin_c,hourly_tdew_mean_c,tmax_residual_c,tmin_residual_c,tdew_residual_c,daily_contract_vpd_pa,admitted_hourly_mean_vpd_pa,hourly_min_vpd_pa,hourly_max_vpd_pa,negative_hourly_count,vpd_delta_pa,admitted_daily_negative,daily_admission_pass,admission_status
SH-EN-ALERCE,2022-01-01,2022,1,-40.1726,24,2022010100,2022010123,14.48,12.99,13.050000000000001,14.48,12.99,13.047916666666666,0,0,-0.0020833333333349913,70.261935129238509,95.729839589705151,47.315481001392072,156.31045985511923,0,25.467904460466642,false,true,ADMITTED_DAILY_NONNEGATIVE_WITH_SIGNED_HOURLY_COMPONENTS
SH-EN-ALERCE,2022-01-02,2022,2,-40.1726,24,2022010200,2022010223,15.16,12.789999999999999,10.35,15.16,12.789999999999999,10.352500000000001,0,0,0.002500000000001279,343.09461099464988,326.56448580857131,61.226002669524178,607.1025288804924,0,-16.530125186078578,false,true,ADMITTED_DAILY_NONNEGATIVE_WITH_SIGNED_HOURLY_COMPONENTS
SH-EN-ALERCE,2022-01-03,2022,3,-40.1726,24,2022010300,2022010323,15.5,12.369999999999999,13.039999999999999,15.5,12.369999999999999,13.035416666666668,0,0,-0.0045833333333309412,97.393037239447494,127.61814004335902,29.681724797733523,317.0176989938102,0,30.225102803911525,false,true,ADMITTED_DAILY_NONNEGATIVE_WITH_SIGNED_HOURLY_COMPONENTS
SH-EN-ALERCE,2022-01-04,2022,4,-40.1726,24,2022010400,2022010423,15.949999999999999,11.91,8.3599999999999994,15.949999999999999,11.91,8.3579166666666662,0,0,-0.0020833333333332149,504.01753893106729,468.26522117828176,240.75006783627146,754.24438278390903,0,-35.75231775278553,false,true,ADMITTED_DAILY_NONNEGATIVE_WITH_SIGNED_HOURLY_COMPONENTS
SH-EN-ALERCE,2022-01-05,2022,5,-40.1726,24,2022010500,2022010523,19.690000000000001,10.99,8.8900000000000006,19.690000000000001,10.99,8.8879166666666674,0,0,-0.0020833333333332149,663.25627899274036,600.54029716076172,195.95195176142556,1238.4254382416404,0,-62.715981831978638,false,true,ADMITTED_DAILY_NONNEGATIVE_WITH_SIGNED_HOURLY_COMPONENTS
SH-EN-ALERCE,2022-01-06,2022,6,-40.1726,24,2022010600,2022010623,19.600000000000001,11.880000000000001,11.24,19.600000000000001,11.880000000000001,11.243333333333332,0,0,0.003333333333332078,502.45148418574217,504.73624857886472,100.44604879522399,979.59223438233744,0,2.2847643931225434,false,true,ADMITTED_DAILY_NONNEGATIVE_WITH_SIGNED_HOURLY_COMPONENTS
SH-EN-ALERCE,2022-01-07,2022,7,-40.1726,24,2022010700,2022010723,20.210000000000001,12.94,12.130000000000001,20.210000000000001,12.94,12.126666666666667,0,0,-0.0033333333333338544,515.74472379498366,479.35984551111278,44.324233577342056,1040.347837859365,0,-36.384878283870876,false,true,ADMITTED_DAILY_NONNEGATIVE_WITH_SIGNED_HOURLY_COMPONENTS
SH-EN-ALERCE,2022-01-08,2022,8,-40.1726,24,2022010800,2022010823,19.789999999999999,13.390000000000001,13.18,19.789999999999999,13.390000000000001,13.180833333333332,0,0,0.00083333333333257542,406.73644020658503,301.97271204821624,43.11955045624768,775.64817444771916,0,-104.76372815836879,false,true,ADMITTED_DAILY_NONNEGATIVE_WITH_SIGNED_HOURLY_COMPONENTS
SH-EN-ALERCE,2022-01-09,2022,9,-40.1726,24,2022010900,2022010923,16.350000000000001,13.33,13.18,16.350000000000001,13.33,13.182083333333333,0,0,0.0020833333333332149,179.37557321191207,164.1068495497199,-6.028615490919492,307.83136981389634,1,-15.268723662192173,false,true,ADMITTED_DAILY_NONNEGATIVE_WITH_SIGNED_HOURLY_COMPONENTS
SH-EN-ALERCE,2022-01-10,2022,10,-40.1726,24,2022011000,2022011023,18.420000000000002,12.09,11.84,18.420000000000002,12.09,11.838749999999999,0,0,-0.0012500000000006395,377.18456891910023,345.29143731126777,-67.807714365872243,771.10150173025386,5,-31.893131607832458,false,true,ADMITTED_DAILY_NONNEGATIVE_WITH_SIGNED_HOURLY_COMPONENTS
SH-EN-ALERCE,2022-01-11,2022,11,-40.1726,24,2022011100,2022011123,20.34,11.390000000000001,10.06,20.34,11.390000000000001,10.061249999999999,0,0,0.0012499999999988631,634.63410697279551,580.98331911796492,107.49705635296459,1315.1813883328455,0,-53.650787854830583,false,true,ADMITTED_DAILY_NONNEGATIVE_WITH_SIGNED_HOURLY_COMPONENTS
SH-EN-ALERCE,2022-01-12,2022,12,-40.1726,24,2022011200,2022011223,18.129999999999999,12.1,10.869999999999999,18.129999999999999,12.1,10.8725,0,0,0.002500000000001279,444.96633901917153,375.07154568294959,101.7404500216569,787.28040538709183,0,-69.894793336221937,false,true,ADMITTED_DAILY_NONNEGATIVE_WITH_SIGNED_HOURLY_COMPONENTS
SH-EN-ALERCE,2022-01-13,2022,13,-40.1726,24,2022011300,2022011323,16.780000000000001,12.449999999999999,11.94,16.780000000000001,12.449999999999999,11.944166666666668,0,0,0.0041666666666682062,280.77876363295945,278.51346629077904,4.1049172930145232,506.07106916553812,0,-2.2652973421804177,false,true,ADMITTED_DAILY_NONNEGATIVE_WITH_SIGNED_HOURLY_COMPONENTS
SH-EN-ALERCE,2022-01-14,2022,14,-40.1726,24,2022011400,2022011423,18.260000000000002,12.82,13.48,18.260000000000002,12.82,13.484583333333333,0,0,0.0045833333333327175,243.64796821531581,241.46082669365254,8.2426679805639651,457.39705842616718,0,-2.1871415216632784,false,true,ADMITTED_DAILY_NONNEGATIVE_WITH_SIGNED_HOURLY_COMPONENTS
SH-EN-ALERCE,2022-01-15,2022,15,-40.1726,24,2022011500,2022011523,16.18,10.859999999999999,8.9299999999999997,16.18,10.859999999999999,8.9320833333333329,0,0,0.0020833333333332149,427.27995756972132,402.08362704259457,134.68523979272436,767.25910378533217,0,-25.196330527126747,false,true,ADMITTED_DAILY_NONNEGATIVE_WITH_SIGNED_HOURLY_COMPONENTS
SH-EN-ALERCE,2022-01-16,2022,16,-40.1726,24,2022011600,2022011623,14.08,9.4800000000000004,6.6900000000000004,14.08,9.4800000000000004,6.6916666666666664,0,0,0.001666666666666039,415.64212040276209,416.65244859560653,117.29358967396843,758.07651503827844,0,1.0103281928444403,false,true,ADMITTED_DAILY_NONNEGATIVE_WITH_SIGNED_HOURLY_COMPONENTS
SH-EN-ALERCE,2022-01-17,2022,17,-40.1726,24,2022011700,2022011723,14.279999999999999,8.0800000000000001,5.7400000000000002,14.279999999999999,8.0800000000000001,5.7383333333333333,0,0,-0.0016666666666669272,434.84622005458652,430.94792233808806,142.8709569886056,807.90433788951441,0,-3.8982977164984618,false,true,ADMITTED_DAILY_NONNEGATIVE_WITH_SIGNED_HOURLY_COMPONENTS
SH-EN-ALERCE,2022-01-18,2022,18,-40.1726,24,2022011800,2022011823,17.300000000000001,8.9900000000000002,6.96,17.300000000000001,8.9900000000000002,6.9624999999999995,0,0,0.0024999999999995026,561.97099490449989,601.30604309906767,159.40335045010443,1001.7311160671602,0,39.335048194567776,false,true,ADMITTED_DAILY_NONNEGATIVE_WITH_SIGNED_HOURLY_COMPONENTS
SH-EN-ALERCE,2022-01-19,2022,19,-40.1726,24,2022011900,2022011923,15.380000000000001,10.76,9.3599999999999994,15.380000000000001,10.76,9.3599999999999994,0,0,0,343.43591807909775,325.34880757731008,137.63848441322557,543.57780948541244,0,-18.087110501787663,false,true,ADMITTED_DAILY_NONNEGATIVE_WITH_SIGNED_HOURLY_COMPONENTS
SH-EN-ALERCE,2022-01-20,2022,20,-40.1726,24,2022012000,2022012023,14.23,10.99,9.3900000000000006,14.23,10.99,9.3891666666666662,0,0,-0.00083333333333435178,288.57089196411334,285.96078104888039,99.223605042325744,469.84511551513469,0,-2.6101109152329514,false,true,ADMITTED_DAILY_NONNEGATIVE_WITH_SIGNED_HOURLY_COMPONENTS
SH-EN-ALERCE,2022-01-21,2022,21,-40.1726,24,2022012100,2022012123,15.33,12.359999999999999,9.9399999999999995,15.33,12.359999999999999,9.9370833333333337,0,0,-0.0029166666666657903,366.02785584422395,340.16989935816144,131.15307088482905,558.90379418011935,0,-25.857956486062506,false,true,ADMITTED_DAILY_NONNEGATIVE_WITH_SIGNED_HOURLY_COMPONENTS
SH-EN-ALERCE,2022-01-22,2022,22,-40.1726,24,2022012200,2022012223,15.01,12.859999999999999,11.25,15.01,12.859999999999999,11.245416666666666,0,0,-0.0045833333333344939,260.58828562984922,266.29759564668478,79.16070991315155,545.90022679092681,0,5.7093100168355591,false,true,ADMITTED_DAILY_NONNEGATIVE_WITH_SIGNED_HOURLY_COMPONENTS
SH-EN-ALERCE,2022-01-23,2022,23,-40.1726,24,2022012300,2022012323,15.859999999999999,12.99,12.720000000000001,15.859999999999999,12.99,12.720416666666667,0,0,0.00041666666666628771,178.88350543924776,192.43075973439258,99.413177545022336,329.86288806893822,0,13.547254295144825,false,true,ADMITTED_DAILY_NONNEGATIVE_WITH_SIGNED_HOURLY_COMPONENTS
SH-EN-ALERCE,2022-01-24,2022,24,-40.1726,24,2022012400,2022012423,18.07,12.289999999999999,10.73,18.07,12.289999999999999,10.725833333333334,0,0,-0.0041666666666664298,462.01149546154465,444.27148978250142,130.79276159066853,805.0680114240381,0,-17.740005679043236,false,true,ADMITTED_DAILY_NONNEGATIVE_WITH_SIGNED_HOURLY_COMPONENTS
SH-EN-ALERCE,2022-01-25,2022,25,-40.1726,24,2022012500,2022012523,19.52,11.76,10.699999999999999,19.52,11.76,10.6975,0,0,-0.0024999999999995026,538.34530624978947,496.71124798522987,102.30538400269097,1046.1673909128965,0,-41.634058264559599,false,true,ADMITTED_DAILY_NONNEGATIVE_WITH_SIGNED_HOURLY_COMPONENTS
SH-EN-ALERCE,2022-01-26,2022,26,-40.1726,24,2022012600,2022012623,22.050000000000001,12.380000000000001,11.02,22.050000000000001,12.380000000000001,11.015833333333333,0,0,-0.0041666666666664298,730.58797187722621,646.30796337002653,112.23670483859951,1455.7621809956877,0,-84.280008507199682,false,true,ADMITTED_DAILY_NONNEGATIVE_WITH_SIGNED_HOURLY_COMPONENTS
SH-EN-ALERCE,2022-01-27,2022,27,-40.1726,24,2022012700,2022012723,22.800000000000001,14.16,12.779999999999999,22.800000000000001,14.16,12.78125,0,0,0.0012500000000006395,719.10300512142635,621.32113856839771,42.425362265891408,1295.4048948275347,0,-97.781866553028635,false,true,ADMITTED_DAILY_NONNEGATIVE_WITH_SIGNED_HOURLY_COMPONENTS
SH-EN-ALERCE,2022-01-28,2022,28,-40.1726,24,2022012800,2022012823,18.359999999999999,13.73,13,18.359999999999999,13.73,13.004166666666668,0,0,0.0041666666666682062,343.22090712650265,308.32471707524445,8.2708957985953475,658.83473326271246,0,-34.896190051258202,false,true,ADMITTED_DAILY_NONNEGATIVE_WITH_SIGNED_HOURLY_COMPONENTS
SH-EN-ALERCE,2022-01-29,2022,29,-40.1726,24,2022012900,2022012923,17.120000000000001,13.42,11.970000000000001,17.120000000000001,13.42,11.972916666666668,0,0,0.0029166666666675667,346.17531661864427,314.03822472399878,70.78944284941258,598.57443318768082,0,-32.137091894645494,false,true,ADMITTED_DAILY_NONNEGATIVE_WITH_SIGNED_HOURLY_COMPONENTS
SH-EN-ALERCE,2022-01-30,2022,30,-40.1726,24,2022013000,2022013023,16.18,11.01,8.8699999999999992,16.18,11.01,8.8712499999999999,0,0,0.0012500000000006395,438.42542706095333,442.73431783542816,114.75766644574219,831.23076507093231,0,4.3088907744748326,false,true,ADMITTED_DAILY_NONNEGATIVE_WITH_SIGNED_HOURLY_COMPONENTS
SH-EN-ALERCE,2022-01-31,2022,31,-40.1726,24,2022013100,2022013123,16.850000000000001,10.23,8.8800000000000008,16.850000000000001,10.23,8.8825000000000003,0,0,0.0024999999999995026,444.41503337217614,431.14320136331327,113.00835259318637,810.32404140142489,0,-13.271832008862873,false,true,ADMITTED_DAILY_NONNEGATIVE_WITH_SIGNED_HOURLY_COMPONENTS
SH-EN-ALERCE,2022-02-01,2022,32,-40.1726,24,2022020100,2022020123,19.010000000000002,12.539999999999999,12.85,19.010000000000002,12.539999999999999,12.845833333333333,0,0,-0.0041666666666664298,342.8911246776122,298.7272868167218,57.190273585025125,740.69356862287736,0,-44.163837860890396,false,true,ADMITTED_DAILY_NONNEGATIVE_WITH_SIGNED_HOURLY_COMPONENTS
SH-EN-ALERCE,2022-02-02,2022,33,-40.1726,24,2022020200,2022020223,20.460000000000001,13.289999999999999,12.380000000000001,20.460000000000001,13.289999999999999,12.383333333333333,0,0,0.003333333333332078,527.96321261834237,508.7773057786726,133.97527422869553,1058.8543852239848,0,-19.185906839669769,false,true,ADMITTED_DAILY_NONNEGATIVE_WITH_SIGNED_HOURLY_COMPONENTS
SH-EN-ALERCE,2022-02-03,2022,34,-40.1726,24,2022020300,2022020323,19.870000000000001,14.94,13.699999999999999,19.870000000000001,14.94,13.698749999999999,0,0,-0.0012500000000006395,441.4027474629363,375.5960149454915,82.443654748218705,798.08285084054319,0,-65.8067325174448,false,true,ADMITTED_DAILY_NONNEGATIVE_WITH_SIGNED_HOURLY_COMPONENTS
SH-EN-ALERCE,2022-02-04,2022,35,-40.1726,24,2022020400,2022020423,18.219999999999999,13.050000000000001,11.4,18.219999999999999,13.050000000000001,11.400833333333333,0,0,0.00083333333333257542,449.66710534012691,431.75952348855049,5.2091908766376491,842.91985864725666,0,-17.907581851576424,false,true,ADMITTED_DAILY_NONNEGATIVE_WITH_SIGNED_HOURLY_COMPONENTS
SH-EN-ALERCE,2022-02-05,2022,36,-40.1726,24,2022020500,2022020523,19.940000000000001,10.800000000000001,8.9700000000000006,19.940000000000001,10.800000000000001,8.9674999999999994,0,0,-0.002500000000001279,666.7515225426489,683.44863700540952,130.91444476520473,1209.1740572469912,0,16.697114462760624,false,true,ADMITTED_DAILY_NONNEGATIVE_WITH_SIGNED_HOURLY_COMPONENTS
SH-EN-ALERCE,2022-02-06,2022,37,-40.1726,24,2022020600,2022020623,22.309999999999999,12.23,9.4900000000000002,22.309999999999999,12.23,9.487916666666667,0,0,-0.0020833333333332149,872.51810025890745,797.00499422485154,290.5063000456978,1635.8641113132071,0,-75.513106034055909,false,true,ADMITTED_DAILY_NONNEGATIVE_WITH_SIGNED_HOURLY_COMPONENTS
SH-EN-ALERCE,2022-02-07,2022,38,-40.1726,24,2022020700,2022020723,19.68,12.9,11.859999999999999,19.68,12.9,11.856666666666667,0,0,-0.003333333333332078,500.5131620532743,427.40733971791525,25.05411158017705,1015.849566175714,0,-73.105822335359051,false,true,ADMITTED_DAILY_NONNEGATIVE_WITH_SIGNED_HOURLY_COMPONENTS
SH-EN-ALERCE,2022-02-08,2022,39,-40.1726,24,2022020800,2022020823,18.800000000000001,13.15,11.91,18.800000000000001,13.15,11.909999999999998,0,0,-1.7763568394002505e-15,447.06575096060783,407.09004644015266,-59.083521240797154,772.12013305166806,5,-39.975704520455167,false,true,ADMITTED_DAILY_NONNEGATIVE_WITH_SIGNED_HOURLY_COMPONENTS
SH-EN-ALERCE,2022-02-09,2022,40,-40.1726,24,2022020900,2022020923,18,11.24,9.1999999999999993,18,11.24,9.2012499999999999,0,0,0.0012500000000006395,535.23179981149929,490.57941271228651,208.80402864796611,1046.8950638637677,0,-44.652387099212774,false,true,ADMITTED_DAILY_NONNEGATIVE_WITH_SIGNED_HOURLY_COMPONENTS
SH-EN-ALERCE,2022-02-10,2022,41,-40.1726,24,2022021000,2022021023,16.620000000000001,10.119999999999999,6.1500000000000004,16.620000000000001,10.119999999999999,6.1483333333333334,0,0,-0.0016666666666669272,619.84881603745862,602.36615115241011,227.72823852380429,1058.0409737012073,0,-17.482664885048507,false,true,ADMITTED_DAILY_NONNEGATIVE_WITH_SIGNED_HOURLY_COMPONENTS
SH-EN-ALERCE,2022-02-11,2022,42,-40.1726,24,2022021100,2022021123,18.32,9.4900000000000002,5.4900000000000002,18.32,9.4900000000000002,5.4874999999999998,0,0,-0.0025000000000003908,743.65205769867771,720.66571539838458,262.46122918139235,1264.6052262982735,0,-22.986342300293131,false,true,ADMITTED_DAILY_NONNEGATIVE_WITH_SIGNED_HOURLY_COMPONENTS
SH-EN-ALERCE,2022-02-12,2022,43,-40.1726,24,2022021200,2022021223,22.91,11.9,6.9900000000000002,22.91,11.9,6.9933333333333332,0,0,0.0033333333333329662,1092.59065612416,1040.0651606887038,390.10704285181498,1862.9483805367649,0,-52.525495435456151,false,true,ADMITTED_DAILY_NONNEGATIVE_WITH_SIGNED_HOURLY_COMPONENTS
SH-EN-ALERCE,2022-02-13,2022,44,-40.1726,24,2022021300,2022021323,20.109999999999999,12.119999999999999,10.69,20.109999999999999,12.119999999999999,10.694166666666668,0,0,0.0041666666666682062,598.06800225322559,498.43786770624291,11.136762319340733,1225.4363890631155,0,-99.630134546982674,false,true,ADMITTED_DAILY_NONNEGATIVE_WITH_SIGNED_HOURLY_COMPONENTS
SH-EN-ALERCE,2022-02-14,2022,45,-40.1726,24,2022021400,2022021423,17.899999999999999,11.130000000000001,10.539999999999999,17.899999999999999,11.130000000000001,10.535,0,0,-0.0049999999999990052,414.46353470476765,347.88699440315213,-5.4123243447029381,835.37311991831189,1,-66.576540301615523,false,true,ADMITTED_DAILY_NONNEGATIVE_WITH_SIGNED_HOURLY_COMPONENTS
SH-EN-ALERCE,2022-02-15,2022,46,-40.1726,24,2022021500,2022021523,16.66,10.300000000000001,10.460000000000001,16.66,10.300000000000001,10.463333333333333,0,0,0.003333333333332078,308.28765667996845,295.13670641321374,16.394492613706916,778.2088285777163,0,-13.150950266754705,false,true,ADMITTED_DAILY_NONNEGATIVE_WITH_SIGNED_HOURLY_COMPONENTS
SH-EN-ALERCE,2022-02-16,2022,47,-40.1726,24,2022021600,2022021623,17.010000000000002,12.32,10.27,17.010000000000002,12.32,10.272499999999999,0,0,0.0024999999999995026,435.33868914839013,394.77590487101139,-0.95608297752664839,730.69983202149797,1,-40.562784277378739,false,true,ADMITTED_DAILY_NONNEGATIVE_WITH_SIGNED_HOURLY_COMPONENTS
SH-EN-ALERCE,2022-02-17,2022,48,-40.1726,24,2022021700,2022021723,17.440000000000001,10.460000000000001,8.2799999999999994,17.440000000000001,10.460000000000001,8.2770833333333336,0,0,-0.0029166666666657903,535.97881035922683,471.04934879793706,104.28213570917887,1012.3684983337157,0,-64.92946156128977,false,true,ADMITTED_DAILY_NONNEGATIVE_WITH_SIGNED_HOURLY_COMPONENTS
SH-EN-ALERCE,2022-02-18,2022,49,-40.1726,24,2022021800,2022021823,17.559999999999999,10.869999999999999,10.75,17.559999999999999,10.869999999999999,10.75,0,0,0,363.4357351780161,335.58690930147355,-8.9630442057621167,816.84647824395233,1,-27.848825876542548,false,true,ADMITTED_DAILY_NONNEGATIVE_WITH_SIGNED_HOURLY_COMPONENTS
SH-EN-ALERCE,2022-02-19,2022,50,-40.1726,24,2022021900,2022021923,15.83,12.77,12.59,15.83,12.77,12.589583333333332,0,0,-0.00041666666666806407,178.93975823293272,178.83105336243375,-43.308253139223325,345.47525224074047,4,-0.10870487049896838,false,true,ADMITTED_DAILY_NONNEGATIVE_WITH_SIGNED_HOURLY_COMPONENTS
SH-EN-ALERCE,2022-02-20,2022,51,-40.1726,24,2022022000,2022022023,18.609999999999999,11.5,10.460000000000001,18.609999999999999,11.5,10.459999999999999,0,0,-1.7763568394002505e-15,484.40892529295115,498.58730992881146,72.18700478060623,997.82922115833571,0,14.178384635860311,false,true,ADMITTED_DAILY_NONNEGATIVE_WITH_SIGNED_HOURLY_COMPONENTS
SH-EN-ALERCE,2022-02-21,2022,52,-40.1726,24,2022022100,2022022123,21.82,14.050000000000001,9.0299999999999994,21.82,14.050000000000001,9.0329166666666669,0,0,0.0029166666666675667,959.0415736072689,911.46459613855188,391.55158543777088,1476.2758265622986,0,-47.576977468717018,false,true,ADMITTED_DAILY_NONNEGATIVE_WITH_SIGNED_HOURLY_COMPONENTS
SH-EN-ALERCE,2022-02-22,2022,53,-40.1726,24,2022022200,2022022223,22.199999999999999,13.06,9.75,22.199999999999999,13.06,9.7479166666666668,0,0,-0.0020833333333332149,882.45463517957455,728.47336553110597,113.12924589845193,1602.8339783783313,0,-153.98126964846858,false,true,ADMITTED_DAILY_NONNEGATIVE_WITH_SIGNED_HOURLY_COMPONENTS
SH-EN-ALERCE,2022-02-23,2022,54,-40.1726,24,2022022300,2022022323,18.27,12.82,11.609999999999999,18.27,12.82,11.614166666666668,0,0,0.0041666666666682062,422.85858772450501,338.70379249781462,83.188011494852162,812.52542091724104,0,-84.154795226690396,false,true,ADMITTED_DAILY_NONNEGATIVE_WITH_SIGNED_HOURLY_COMPONENTS
SH-EN-ALERCE,2022-02-24,2022,55,-40.1726,24,2022022400,2022022423,16.870000000000001,13.279999999999999,13.289999999999999,16.870000000000001,13.279999999999999,13.286250000000001,0,0,-0.0037499999999983658,197.20298949519815,175.3363122724169,3.9778708298422316,420.12872835412509,0,-21.866677222781249,false,true,ADMITTED_DAILY_NONNEGATIVE_WITH_SIGNED_HOURLY_COMPONENTS
SH-EN-ALERCE,2022-02-25,2022,56,-40.1726,24,2022022500,2022022523,16.16,12.91,13.68,16.16,12.91,13.680833333333332,0,0,0.00083333333333257542,97.255310768214031,131.06459777336181,-18.631304111625923,349.92485087729983,4,33.80928700514778,false,true,ADMITTED_DAILY_NONNEGATIVE_WITH_SIGNED_HOURLY_COMPONENTS
SH-EN-ALERCE,2022-02-26,2022,57,-40.1726,24,2022022600,2022022623,16.800000000000001,14.17,12.539999999999999,16.800000000000001,14.17,12.539166666666667,0,0,-0.00083333333333257542,311.52261680708784,289.2462473383394,132.89356914281416,580.38680278626111,0,-22.276369468748442,false,true,ADMITTED_DAILY_NONNEGATIVE_WITH_SIGNED_HOURLY_COMPONENTS
SH-EN-ALERCE,2022-02-27,2022,58,-40.1726,24,2022022700,2022022723,15.5,13,9.8100000000000005,15.5,13,9.8049999999999997,0,0,-0.0050000000000007816,416.98142030688928,419.41682590411443,159.65345827346732,683.86236272741621,0,2.4354055972251558,false,true,ADMITTED_DAILY_NONNEGATIVE_WITH_SIGNED_HOURLY_COMPONENTS
SH-EN-ALERCE,2022-02-28,2022,59,-40.1726,24,2022022800,2022022823,15.6,13.220000000000001,9.7200000000000006,15.6,13.220000000000001,9.7233333333333345,0,0,0.0033333333333338544,440.7930612313969,414.45130463311335,203.4343743243644,686.35601381116885,0,-26.341756598283553,false,true,ADMITTED_DAILY_NONNEGATIVE_WITH_SIGNED_HOURLY_COMPONENTS
SH-EN-ALERCE,2022-03-01,2022,60,-40.1726,24,2022030100,2022030123,16.66,13.77,13.49,16.66,13.77,13.488333333333335,0,0,-0.0016666666666651508,189.17584064261155,166.59405437668636,9.608362038591622,250.08098401513507,0,-22.581786265925189,false,true,ADMITTED_DAILY_NONNEGATIVE_WITH_SIGNED_HOURLY_COMPONENTS
SH-EN-ALERCE,2022-03-02,2022,61,-40.1726,24,2022030200,2022030223,19.300000000000001,14.380000000000001,14.710000000000001,19.300000000000001,14.380000000000001,14.707500000000001,0,0,-0.0024999999999995026,264.89046288665895,209.78885863372773,-12.785760127580261,579.08124365655522,6,-55.101604252931224,false,true,ADMITTED_DAILY_NONNEGATIVE_WITH_SIGNED_HOURLY_COMPONENTS
SH-EN-ALERCE,2022-03-03,2022,62,-40.1726,24,2022030300,2022030323,16.719999999999999,11.77,12.4,16.719999999999999,11.77,12.401666666666666,0,0,0.0016666666666651508,202.53385958786703,240.55930844544301,-22.078659066849468,454.81560909349309,4,38.025448857575981,false,true,ADMITTED_DAILY_NONNEGATIVE_WITH_SIGNED_HOURLY_COMPONENTS
SH-EN-ALERCE,2022-03-04,2022,63,-40.1726,24,2022030400,2022030423,15.81,11.4,8.25,15.81,11.4,8.2541666666666664,0,0,0.0041666666666664298,481.0103131819028,435.70461351236673,144.53411980504688,753.87135583504187,0,-45.305699669536068,false,true,ADMITTED_DAILY_NONNEGATIVE_WITH_SIGNED_HOURLY_COMPONENTS
SH-EN-ALERCE,2022-03-05,2022,64,-40.1726,24,2022030500,2022030523,15.6,11.27,8.9800000000000004,15.6,11.27,8.9754166666666659,0,0,-0.0045833333333344939,407.89375257915049,370.97948341919869,150.10283314339972,711.21290627741905,0,-36.9142691599518,false,true,ADMITTED_DAILY_NONNEGATIVE_WITH_SIGNED_HOURLY_COMPONENTS
SH-EN-ALERCE,2022-03-06,2022,65,-40.1726,24,2022030600,2022030623,15.49,13.18,12.56,15.49,13.18,12.564583333333333,0,0,0.0045833333333327175,182.49307998289191,182.23673536444628,104.50907195285095,366.55175942850428,0,-0.25634461844563816,false,true,ADMITTED_DAILY_NONNEGATIVE_WITH_SIGNED_HOURLY_COMPONENTS
SH-EN-ALERCE,2022-03-07,2022,66,-40.1726,24,2022030700,2022030723,15.199999999999999,13.029999999999999,11.369999999999999,15.199999999999999,13.029999999999999,11.369166666666667,0,0,-0.00083333333333257542,268.71998935092233,244.64837600145708,141.76932710045662,426.88104863843728,0,-24.071613349465252,false,true,ADMITTED_DAILY_NONNEGATIVE_WITH_SIGNED_HOURLY_COMPONENTS
SH-EN-ALERCE,2022-03-08,2022,67,-40.1726,24,2022030800,2022030823,15.68,11.94,10.76,15.68,11.94,10.759583333333333,0,0,-0.00041666666666628771,297.32037843848821,293.54587941751754,100.39245675473876,604.34843162287348,0,-3.7744990209706657,false,true,ADMITTED_DAILY_NONNEGATIVE_WITH_SIGNED_HOURLY_COMPONENTS
SH-EN-ALERCE,2022-03-09,2022,68,-40.1726,24,2022030900,2022030923,16,11.210000000000001,8.0199999999999996,16,11.210000000000001,8.0166666666666675,0,0,-0.003333333333332078,500.48795267548417,456.09762174925396,177.65033598976402,775.82097281955271,0,-44.390330926230206,false,true,ADMITTED_DAILY_NONNEGATIVE_WITH_SIGNED_HOURLY_COMPONENTS
SH-EN-ALERCE,2022-03-10,2022,69,-40.1726,24,2022031000,2022031023,17.23,10.710000000000001,10.33,17.23,10.710000000000001,10.334999999999999,0,0,0.0049999999999990052,371.50562837864595,348.29755627326432,115.52651489335449,649.47584742285517,0,-23.208072105381632,false,true,ADMITTED_DAILY_NONNEGATIVE_WITH_SIGNED_HOURLY_COMPONENTS
SH-EN-ALERCE,2022-03-11,2022,70,-40.1726,24,2022031100,2022031123,20.469999999999999,11.43,10.25,20.469999999999999,11.43,10.249166666666666,0,0,-0.00083333333333435178,630.26040860128069,557.27682945715003,105.30027763967723,1273.7762035133537,0,-72.983579144130658,false,true,ADMITTED_DAILY_NONNEGATIVE_WITH_SIGNED_HOURLY_COMPONENTS
SH-EN-ALERCE,2022-03-12,2022,71,-40.1726,24,2022031200,2022031223,18.73,12.41,10.289999999999999,18.73,12.41,10.294583333333334,0,0,0.0045833333333344939,548.76289761488943,466.43340846947439,89.745836664084436,1021.8644214874073,0,-82.329489145415039,false,true,ADMITTED_DAILY_NONNEGATIVE_WITH_SIGNED_HOURLY_COMPONENTS
SH-EN-ALERCE,2022-03-13,2022,72,-40.1726,24,2022031300,2022031323,19.25,10.380000000000001,8.0600000000000005,19.25,10.380000000000001,8.0629166666666663,0,0,0.0029166666666657903,668.58138311979724,585.76165304304936,116.94097193354787,1294.8467974497767,0,-82.819730076747874,false,true,ADMITTED_DAILY_NONNEGATIVE_WITH_SIGNED_HOURLY_COMPONENTS
SH-EN-ALERCE,2022-03-14,2022,73,-40.1726,24,2022031400,2022031423,18.73,10.699999999999999,10.710000000000001,18.73,10.699999999999999,10.710000000000001,0,0,0,436.08543717133398,408.03016723237738,102.53625937880747,834.7907003727164,0,-28.055269938956599,false,true,ADMITTED_DAILY_NONNEGATIVE_WITH_SIGNED_HOURLY_COMPONENTS
SH-EN-ALERCE,2022-03-15,2022,74,-40.1726,24,2022031500,2022031523,20.559999999999999,12.359999999999999,10.92,20.559999999999999,12.359999999999999,10.922916666666666,0,0,0.0029166666666657903,622.64305966643701,511.61540302466466,69.718027509601825,1304.6883975853689,0,-111.02765664177235,false,true,ADMITTED_DAILY_NONNEGATIVE_WITH_SIGNED_HOURLY_COMPONENTS
SH-EN-ALERCE,2022-03-16,2022,75,-40.1726,24,2022031600,2022031623,15.09,11.210000000000001,11.99,15.09,11.210000000000001,11.99375,0,0,0.0037500000000001421,121.56258565425469,130.1184565931035,-15.608916936589139,337.46511251703009,3,8.5558709388488126,false,true,ADMITTED_DAILY_NONNEGATIVE_WITH_SIGNED_HOURLY_COMPONENTS
SH-EN-ALERCE,2022-03-17,2022,76,-40.1726,24,2022031700,2022031723,15.23,9.6099999999999994,7.4500000000000002,15.23,9.6099999999999994,7.4458333333333329,0,0,-0.004166666666667318,430.25986326864222,423.3440504120702,87.081384443871229,778.97820867442124,0,-6.9158128565720176,false,true,ADMITTED_DAILY_NONNEGATIVE_WITH_SIGNED_HOURLY_COMPONENTS
SH-EN-ALERCE,2022-03-18,2022,77,-40.1726,24,2022031800,2022031823,15.59,7.79,5.0300000000000002,15.59,7.79,5.03125,0,0,0.0012499999999997513,540.22754629041708,522.50669774809637,138.47424687728085,946.43155898193675,0,-17.720848542320709,false,true,ADMITTED_DAILY_NONNEGATIVE_WITH_SIGNED_HOURLY_COMPONENTS
SH-EN-ALERCE,2022-03-19,2022,78,-40.1726,24,2022031900,2022031923,14.550000000000001,9.2799999999999994,6.3200000000000003,14.550000000000001,9.2799999999999994,6.3174999999999999,0,0,-0.0025000000000003908,457.2313609693465,430.5373778938403,217.04059564624481,763.01572318172327,0,-26.693983075506196,false,true,ADMITTED_DAILY_NONNEGATIVE_WITH_SIGNED_HOURLY_COMPONENTS
SH-EN-ALERCE,2022-03-20,2022,79,-40.1726,24,2022032000,2022032023,14.279999999999999,11.130000000000001,11.33,14.279999999999999,11.130000000000001,11.329166666666666,0,0,-0.00083333333333435178,134.20430497868415,139.97603965115394,57.228978243384518,268.50036740284213,0,5.7717346724697904,false,true,ADMITTED_DAILY_NONNEGATIVE_WITH_SIGNED_HOURLY_COMPONENTS
SH-EN-ALERCE,2022-03-21,2022,80,-40.1726,24,2022032100,2022032123,14.08,10.07,11.130000000000001,14.08,10.07,11.125,0,0,-0.0050000000000007816,96.227879900660128,146.19023386695855,67.729582424439513,246.57719070212215,0,49.962353966298423,false,true,ADMITTED_DAILY_NONNEGATIVE_WITH_SIGNED_HOURLY_COMPONENTS
SH-EN-ALERCE,2022-03-22,2022,81,-40.1726,24,2022032200,2022032223,13.27,9.8900000000000006,9.4100000000000001,13.27,9.8900000000000006,9.4129166666666659,0,0,0.0029166666666657903,191.43586716734239,206.47296277533374,76.948145258442082,350.44112099981908,0,15.037095607991347,false,true,ADMITTED_DAILY_NONNEGATIVE_WITH_SIGNED_HOURLY_COMPONENTS
SH-EN-ALERCE,2022-03-23,2022,82,-40.1726,24,2022032300,2022032323,13.289999999999999,8.6300000000000008,6.4100000000000001,13.289999999999999,8.6300000000000008,6.40625,0,0,-0.0037500000000001421,361.06253673038179,387.02014035360645,142.31703416427706,609.92100030677591,0,25.957603623224657,false,true,ADMITTED_DAILY_NONNEGATIVE_WITH_SIGNED_HOURLY_COMPONENTS
SH-EN-ALERCE,2022-03-24,2022,83,-40.1726,24,2022032400,2022032423,14.779999999999999,8.3699999999999992,7.6900000000000004,14.779999999999999,8.3699999999999992,7.6950000000000003,0,0,0.0049999999999998934,340.39437710897414,330.86572044193093,110.56137763735887,585.95617082636591,0,-9.528656667043208,false,true,ADMITTED_DAILY_NONNEGATIVE_WITH_SIGNED_HOURLY_COMPONENTS
SH-EN-ALERCE,2022-03-25,2022,84,-40.1726,24,2022032500,2022032523,17.719999999999999,10.210000000000001,8.75,17.719999999999999,10.210000000000001,8.7524999999999995,0,0,0.0024999999999995026,507.82585387768427,429.66948393069197,58.610411359603631,1065.9436984755898,0,-78.156369946992299,false,true,ADMITTED_DAILY_NONNEGATIVE_WITH_SIGNED_HOURLY_COMPONENTS
SH-EN-ALERCE,2022-03-26,2022,85,-40.1726,24,2022032600,2022032623,13.93,10.52,11.16,13.93,10.52,11.160833333333334,0,0,0.00083333333333435178,104.64422304641721,134.14590983622023,-12.782223322956042,310.8487830626641,1,29.501686789803017,false,true,ADMITTED_DAILY_NONNEGATIVE_WITH_SIGNED_HOURLY_COMPONENTS
SH-EN-ALERCE,2022-03-27,2022,86,-40.1726,24,2022032700,2022032723,13.69,10.48,8.6400000000000006,13.69,10.48,8.6429166666666664,0,0,0.0029166666666657903,296.93892662413828,284.20440482024748,89.495400877046677,500.5170368364179,0,-12.7345218038908,false,true,ADMITTED_DAILY_NONNEGATIVE_WITH_SIGNED_HOURLY_COMPONENTS
SH-EN-ALERCE,2022-03-28,2022,87,-40.1726,24,2022032800,2022032823,13.890000000000001,11.18,10.859999999999999,13.890000000000001,11.18,10.857916666666668,0,0,-0.0020833333333314386,157.31848125276201,156.56892679232885,88.047825144342596,337.5989372373682,0,-0.74955446043315987,false,true,ADMITTED_DAILY_NONNEGATIVE_WITH_SIGNED_HOURLY_COMPONENTS
SH-EN-ALERCE,2022-03-29,2022,88,-40.1726,24,2022032900,2022032923,12.550000000000001,7.1500000000000004,5.3099999999999996,12.550000000000001,7.1500000000000004,5.3058333333333332,0,0,-0.0041666666666664298,341.86780168093242,386.74221359198492,112.12993738476609,583.76187280929662,0,44.874411911052505,false,true,ADMITTED_DAILY_NONNEGATIVE_WITH_SIGNED_HOURLY_COMPONENTS
SH-EN-ALERCE,2022-03-30,2022,89,-40.1726,24,2022033000,2022033023,14.130000000000001,7.0499999999999998,4.9900000000000002,14.130000000000001,7.0499999999999998,4.9937500000000004,0,0,0.0037500000000001421,437.01996254076653,387.52238137278079,102.07413538814376,757.48188657036383,0,-49.497581167985743,false,true,ADMITTED_DAILY_NONNEGATIVE_WITH_SIGNED_HOURLY_COMPONENTS
SH-EN-ALERCE,2022-03-31,2022,90,-40.1726,24,2022033100,2022033123,15.199999999999999,7.1399999999999997,6.6200000000000001,15.199999999999999,7.1399999999999997,6.6183333333333332,0,0,-0.0016666666666669272,393.46444263732849,353.5253257472944,107.6731549203065,792.31945907313298,0,-39.939116890034086,false,true,ADMITTED_DAILY_NONNEGATIVE_WITH_SIGNED_HOURLY_COMPONENTS
SH-EN-ALERCE,2022-04-01,2022,91,-40.1726,24,2022040100,2022040123,16.07,10.27,10.44,16.07,10.27,10.441666666666666,0,0,0.0016666666666669272,273.75356507775587,196.73541644366296,5.1504601209792327,525.84751311907189,0,-77.01814863409291,false,true,ADMITTED_DAILY_NONNEGATIVE_WITH_SIGNED_HOURLY_COMPONENTS
SH-EN-ALERCE,2022-04-02,2022,92,-40.1726,24,2022040200,2022040223,13.77,9.8599999999999994,9.9900000000000002,13.77,9.8599999999999994,9.9883333333333333,0,0,-0.0016666666666669272,168.55513246706073,161.79388571550794,-13.880017895052788,416.9467279166663,2,-6.7612467515527896,false,true,ADMITTED_DAILY_NONNEGATIVE_WITH_SIGNED_HOURLY_COMPONENTS
SH-EN-ALERCE,2022-04-03,2022,93,-40.1726,24,2022040300,2022040323,12.73,8.4399999999999995,6.3499999999999996,12.73,8.4399999999999995,6.3512500000000003,0,0,0.0012500000000006395,330.42139826677385,302.09910698826826,61.600105356082395,546.07909137047511,0,-28.322291278505588,false,true,ADMITTED_DAILY_NONNEGATIVE_WITH_SIGNED_HOURLY_COMPONENTS
SH-EN-ALERCE,2022-04-04,2022,94,-40.1726,24,2022040400,2022040423,12.449999999999999,9.1500000000000004,9.0399999999999991,12.449999999999999,9.1500000000000004,9.0358333333333345,0,0,-0.0041666666666646535,151.07068838426699,160.04225141222338,36.457022398689787,323.90393308705279,0,8.9715630279563925,false,true,ADMITTED_DAILY_NONNEGATIVE_WITH_SIGNED_HOURLY_COMPONENTS
SH-EN-ALERCE,2022-04-05,2022,95,-40.1726,24,2022040500,2022040523,12.630000000000001,11.130000000000001,11.359999999999999,12.630000000000001,11.130000000000001,11.364583333333334,0,0,0.0045833333333344939,48.542554776483257,46.575873332835272,24.532642395376797,76.814835094337468,0,-1.9666814436479854,false,true,ADMITTED_DAILY_NONNEGATIVE_WITH_SIGNED_HOURLY_COMPONENTS
SH-EN-ALERCE,2022-04-06,2022,96,-40.1726,24,2022040600,2022040623,13.369999999999999,11.529999999999999,12.17,13.369999999999999,11.529999999999999,12.174583333333333,0,0,0.0045833333333327175,28.682303145256355,33.408910058188006,-27.822698996842519,61.209898474415922,3,4.7266069129316506,false,true,ADMITTED_DAILY_NONNEGATIVE_WITH_SIGNED_HOURLY_COMPONENTS
SH-EN-ALERCE,2022-04-07,2022,97,-40.1726,24,2022040700,2022040723,14.460000000000001,10.75,11.77,14.460000000000001,10.75,11.77375,0,0,0.0037500000000001421,87.572890319002227,90.195381363619433,-41.430281774439663,308.72039611518039,10,2.6224910446172061,false,true,ADMITTED_DAILY_NONNEGATIVE_WITH_SIGNED_HOURLY_COMPONENTS
SH-EN-ALERCE,2022-04-08,2022,98,-40.1726,24,2022040800,2022040823,15.460000000000001,9.7799999999999994,10.06,15.460000000000001,9.7799999999999994,10.061249999999999,0,0,0.0012499999999988631,250.3351826889334,182.31851242552912,-34.867572688183827,554.63290566086675,6,-68.016670263404279,false,true,ADMITTED_DAILY_NONNEGATIVE_WITH_SIGNED_HOURLY_COMPONENTS
SH-EN-ALERCE,2022-04-09,2022,99,-40.1726,24,2022040900,2022040923,12.6,9.9399999999999995,9.4600000000000009,12.6,9.9399999999999995,9.4583333333333339,0,0,-0.0016666666666669272,156.80255372498323,178.85568535815591,38.867731407056226,389.79300281552582,0,22.053131633172683,false,true,ADMITTED_DAILY_NONNEGATIVE_WITH_SIGNED_HOURLY_COMPONENTS
SH-EN-ALERCE,2022-04-10,2022,100,-40.1726,24,2022041000,2022041023,13.42,9,7.2300000000000004,13.42,9,7.2275,0,0,-0.0025000000000003908,325.94868820456384,245.53909722572257,112.69772154202428,564.07675728170193,0,-80.409590978841265,false,true,ADMITTED_DAILY_NONNEGATIVE_WITH_SIGNED_HOURLY_COMPONENTS
SH-EN-ALERCE,2022-04-11,2022,101,-40.1726,24,2022041100,2022041123,12,9.5700000000000003,8.9600000000000009,12,9.5700000000000003,8.9608333333333334,0,0,0.00083333333333257542,152.83238253616628,153.26304880789328,97.840373216124817,224.69642703022191,0,0.43066627172700578,false,true,ADMITTED_DAILY_NONNEGATIVE_WITH_SIGNED_HOURLY_COMPONENTS
SH-EN-ALERCE,2022-04-12,2022,102,-40.1726,24,2022041200,2022041223,12.83,8.2400000000000002,6.0499999999999998,12.83,8.2400000000000002,6.05375,0,0,0.0037500000000001421,347.46221291043912,314.98329370321142,158.35428330406137,548.65081050185302,0,-32.478919207227705,false,true,ADMITTED_DAILY_NONNEGATIVE_WITH_SIGNED_HOURLY_COMPONENTS
SH-EN-ALERCE,2022-04-13,2022,103,-40.1726,24,2022041300,2022041323,15.66,7.7400000000000002,7.1500000000000004,15.66,7.7400000000000002,7.1537499999999996,0,0,0.0037499999999992539,404.32182363945083,361.45740615626374,78.576564030276131,748.75673318293934,0,-42.864417483187083,false,true,ADMITTED_DAILY_NONNEGATIVE_WITH_SIGNED_HOURLY_COMPONENTS
SH-EN-ALERCE,2022-04-14,2022,104,-40.1726,24,2022041400,2022041423,17.469999999999999,8.8900000000000006,8.0199999999999996,17.469999999999999,8.8900000000000006,8.0250000000000004,0,0,0.0050000000000007816,493.64886206585516,372.37780080064016,0,1038.1911457289843,0,-121.271061265215,false,true,ADMITTED_DAILY_NONNEGATIVE_WITH_SIGNED_HOURLY_COMPONENTS
SH-EN-ALERCE,2022-04-15,2022,105,-40.1726,24,2022041500,2022041523,15.16,9.7599999999999998,9.25,15.16,9.7599999999999998,9.2495833333333337,0,0,-0.00041666666666628771,298.07808344881846,234.71242455747617,-6.5133969635169251,620.64527595723075,2,-63.365658891342292,false,true,ADMITTED_DAILY_NONNEGATIVE_WITH_SIGNED_HOURLY_COMPONENTS
SH-EN-ALERCE,2022-04-16,2022,106,-40.1726,24,2022041600,2022041623,17.219999999999999,10.289999999999999,9.3900000000000006,17.219999999999999,10.289999999999999,9.3933333333333326,0,0,0.003333333333332078,429.80949071842565,346.05102515431628,40.476113506562797,852.79700563614642,0,-83.758465564109372,false,true,ADMITTED_DAILY_NONNEGATIVE_WITH_SIGNED_HOURLY_COMPONENTS
SH-EN-ALERCE,2022-04-17,2022,107,-40.1726,24,2022041700,2022041723,14.01,9.5,9.2799999999999994,14.01,9.5,9.2841666666666658,0,0,0.0041666666666664298,223.57329860523168,190.95476427812528,59.264346494478787,434.29125327951579,0,-32.618534327106403,false,true,ADMITTED_DAILY_NONNEGATIVE_WITH_SIGNED_HOURLY_COMPONENTS
SH-EN-ALERCE,2022-04-18,2022,108,-40.1726,24,2022041800,2022041823,13.27,10.4,9.4100000000000001,13.27,10.4,9.4070833333333344,0,0,-0.0029166666666657903,212.59945498164325,179.05146292033928,12.827249269013237,304.46013462721521,0,-33.547992061303972,false,true,ADMITTED_DAILY_NONNEGATIVE_WITH_SIGNED_HOURLY_COMPONENTS
SH-EN-ALERCE,2022-04-19,2022,109,-40.1726,24,2022041900,2022041923,12.43,9.6199999999999992,8.3699999999999992,12.43,9.6199999999999992,8.3704166666666673,0,0,0.00041666666666806407,219.83217422081748,218.09871351146424,131.76867053037768,294.16447385668062,0,-1.7334607093532384,false,true,ADMITTED_DAILY_NONNEGATIVE_WITH_SIGNED_HOURLY_COMPONENTS
SH-EN-ALERCE,2022-04-20,2022,110,-40.1726,24,2022042000,2022042023,11.67,9.2799999999999994,7.4400000000000004,11.67,9.2799999999999994,7.435833333333334,0,0,-0.0041666666666664298,238.61265450579208,229.74363978316367,88.09076293229009,417.62424186698991,0,-8.8690147226284068,false,true,ADMITTED_DAILY_NONNEGATIVE_WITH_SIGNED_HOURLY_COMPONENTS
SH-EN-ALERCE,2022-04-21,2022,111,-40.1726,24,2022042100,2022042123,13.41,10.449999999999999,10.65,13.41,10.449999999999999,10.652083333333334,0,0,0.0020833333333332149,119.46716162834605,113.09567896946949,50.040373686042358,232.31271160899178,0,-6.371482658876559,false,true,ADMITTED_DAILY_NONNEGATIVE_WITH_SIGNED_HOURLY_COMPONENTS
SH-EN-ALERCE,2022-04-22,2022,112,-40.1726,24,2022042200,2022042223,13.449999999999999,10.27,10.82,13.449999999999999,10.27,10.815416666666666,0,0,-0.0045833333333344939,99.305402624548151,90.599471172877386,39.358592905464775,176.47159094661993,0,-8.7059314516707644,false,true,ADMITTED_DAILY_NONNEGATIVE_WITH_SIGNED_HOURLY_COMPONENTS
SH-EN-ALERCE,2022-04-23,2022,113,-40.1726,24,2022042300,2022042323,13.02,11.4,9.0800000000000001,13.02,11.4,9.0783333333333331,0,0,-0.0016666666666669272,269.59986571781474,253.58064977461842,133.00270565183973,379.34773032332168,0,-16.019215943196315,false,true,ADMITTED_DAILY_NONNEGATIVE_WITH_SIGNED_HOURLY_COMPONENTS
SH-EN-ALERCE,2022-04-24,2022,114,-40.1726,24,2022042400,2022042423,13.24,10.32,8.5500000000000007,13.24,10.32,8.5545833333333334,0,0,0.0045833333333327175,274.37301662133768,232.15179443906447,80.063407608449552,362.84529983013761,0,-42.221222182273209,false,true,ADMITTED_DAILY_NONNEGATIVE_WITH_SIGNED_HOURLY_COMPONENTS
SH-EN-ALERCE,2022-04-25,2022,115,-40.1726,24,2022042500,2022042523,12.6,10.84,9.4600000000000009,12.6,10.84,9.4641666666666655,0,0,0.0041666666666646535,194.69441195160698,189.06461668062244,83.340396454652137,282.65575961504669,0,-5.6297952709845447,false,true,ADMITTED_DAILY_NONNEGATIVE_WITH_SIGNED_HOURLY_COMPONENTS
SH-EN-ALERCE,2022-04-26,2022,116,-40.1726,24,2022042600,2022042623,11.359999999999999,9.3200000000000003,6.4100000000000001,11.359999999999999,9.3200000000000003,6.4141666666666666,0,0,0.0041666666666664298,296.80096319373263,290.48776134553106,195.5032022821581,462.9180582567941,0,-6.3132018482015724,false,true,ADMITTED_DAILY_NONNEGATIVE_WITH_SIGNED_HOURLY_COMPONENTS
SH-EN-ALERCE,2022-04-27,2022,117,-40.1726,24,2022042700,2022042723,10.779999999999999,8.8300000000000001,6.1399999999999997,10.779999999999999,8.8300000000000001,6.1420833333333329,0,0,0.0020833333333332149,270.07942156233389,278.14212543677678,116.5937323702351,447.761387206986,0,8.0627038744428887,false,true,ADMITTED_DAILY_NONNEGATIVE_WITH_SIGNED_HOURLY_COMPONENTS
SH-EN-ALERCE,2022-04-28,2022,118,-40.1726,24,2022042800,2022042823,11.33,7.1500000000000004,4.2599999999999998,11.33,7.1500000000000004,4.2566666666666668,0,0,-0.0033333333333329662,348.74205384724621,342.4388384480867,141.7385191158545,595.24183951444354,0,-6.3032153991595123,false,true,ADMITTED_DAILY_NONNEGATIVE_WITH_SIGNED_HOURLY_COMPONENTS
SH-EN-ALERCE,2022-04-29,2022,119,-40.1726,24,2022042900,2022042923,12.130000000000001,6.2400000000000002,3.8399999999999999,12.130000000000001,6.2400000000000002,3.8433333333333333,0,0,0.0033333333333334103,378.54869540649474,318.91706389592287,110.20094537244302,643.5098365346563,0,-59.631631510571879,false,true,ADMITTED_DAILY_NONNEGATIVE_WITH_SIGNED_HOURLY_COMPONENTS
SH-EN-ALERCE,2022-04-30,2022,120,-40.1726,24,2022043000,2022043023,12.109999999999999,5.7300000000000004,6.2199999999999998,12.109999999999999,5.7300000000000004,6.2175000000000002,0,0,-0.0024999999999995026,215.82333433414942,181.4392076633907,11.309210387554458,451.11076500441402,0,-34.384126670758718,false,true,ADMITTED_DAILY_NONNEGATIVE_WITH_SIGNED_HOURLY_COMPONENTS
SH-EN-ALERCE,2022-05-01,2022,121,-40.1726,24,2022050100,2022050123,13.07,8.75,8.5899999999999999,13.07,8.75,8.5945833333333344,0,0,0.0045833333333344939,200.08218046938919,148.75628083075506,58.964665383283091,356.58245047687979,0,-51.325899638634127,false,true,ADMITTED_DAILY_NONNEGATIVE_WITH_SIGNED_HOURLY_COMPONENTS
SH-EN-ALERCE,2022-05-02,2022,122,-40.1726,24,2022050200,2022050223,12.17,8.3200000000000003,7.3799999999999999,12.17,8.3200000000000003,7.3791666666666664,0,0,-0.0008333333333334636,229.06680361599706,176.10360748752134,61.104104309650438,398.1686849695426,0,-52.963196128475715,false,true,ADMITTED_DAILY_NONNEGATIVE_WITH_SIGNED_HOURLY_COMPONENTS
SH-EN-ALERCE,2022-05-03,2022,123,-40.1726,24,2022050300,2022050323,12.24,8.5199999999999996,9.6199999999999992,12.24,8.5199999999999996,9.6187500000000004,0,0,-0.0012499999999988631,71.095501062736048,95.724192876487407,-5.359062815249672,187.26675545876446,3,24.62869181375136,false,true,ADMITTED_DAILY_NONNEGATIVE_WITH_SIGNED_HOURLY_COMPONENTS
SH-EN-ALERCE,2022-05-04,2022,124,-40.1726,24,2022050400,2022050423,13.800000000000001,11.5,11.81,13.800000000000001,11.5,11.806666666666667,0,0,-0.0033333333333338544,82.391963225558811,58.94444228698493,-20.042240583540206,170.77981861423859,6,-23.447520938573881,false,true,ADMITTED_DAILY_NONNEGATIVE_WITH_SIGNED_HOURLY_COMPONENTS
SH-EN-ALERCE,2022-05-05,2022,125,-40.1726,24,2022050500,2022050523,13.25,11.220000000000001,11.539999999999999,13.25,11.220000000000001,11.540416666666665,0,0,0.00041666666666628771,66.654415750615954,49.048053398834952,-20.465584868656606,185.98058201407844,6,-17.606362351781002,false,true,ADMITTED_DAILY_NONNEGATIVE_WITH_SIGNED_HOURLY_COMPONENTS
SH-EN-ALERCE,2022-05-06,2022,126,-40.1726,24,2022050600,2022050623,13.25,10.369999999999999,10.49,13.25,10.369999999999999,10.490833333333333,0,0,0.00083333333333257542,121.72205173988505,103.9017232145884,28.916449870766655,221.02756026632983,0,-17.820328525296645,false,true,ADMITTED_DAILY_NONNEGATIVE_WITH_SIGNED_HOURLY_COMPONENTS
SH-EN-ALERCE,2022-05-07,2022,127,-40.1726,24,2022050700,2022050723,13.01,9.6300000000000008,10.65,13.01,9.6300000000000008,10.6525,0,0,0.0024999999999995026,65.814609107475917,89.058462098612381,29.147054218735775,187.2364891854786,0,23.243852991136464,false,true,ADMITTED_DAILY_NONNEGATIVE_WITH_SIGNED_HOURLY_COMPONENTS
SH-EN-ALERCE,2022-05-08,2022,128,-40.1726,24,2022050800,2022050823,14.09,8.9100000000000001,10.15,14.09,8.9100000000000001,10.15,0,0,0,134.17192927091446,175.58798344037078,24.980383966134241,456.17779617012548,0,41.416054169456316,false,true,ADMITTED_DAILY_NONNEGATIVE_WITH_SIGNED_HOURLY_COMPONENTS
SH-EN-ALERCE,2022-05-09,2022,129,-40.1726,24,2022050900,2022050923,12.470000000000001,8.3100000000000005,7.1299999999999999,12.470000000000001,8.3100000000000005,7.1299999999999999,0,0,0,260.29207223574258,226.33398504388802,45.198295040285984,448.88944269431624,0,-33.95808719185456,false,true,ADMITTED_DAILY_NONNEGATIVE_WITH_SIGNED_HOURLY_COMPONENTS
SH-EN-ALERCE,2022-05-10,2022,130,-40.1726,24,2022051000,2022051023,14.220000000000001,6.8499999999999996,5.2999999999999998,14.220000000000001,6.8499999999999996,5.2975000000000003,0,0,-0.0024999999999995026,415.8307020792347,368.60298006804646,93.992393470661682,757.74827381799935,0,-47.227722011188234,false,true,ADMITTED_DAILY_NONNEGATIVE_WITH_SIGNED_HOURLY_COMPONENTS
SH-EN-ALERCE,2022-05-11,2022,131,-40.1726,24,2022051100,2022051123,12.609999999999999,9.7100000000000009,9.0700000000000003,12.609999999999999,9.7100000000000009,9.0741666666666667,0,0,0.0041666666666664298,178.64338812485948,154.73676977577909,42.077894695021769,313.97356162939855,0,-23.906618349080389,false,true,ADMITTED_DAILY_NONNEGATIVE_WITH_SIGNED_HOURLY_COMPONENTS
SH-EN-ALERCE,2022-05-12,2022,132,-40.1726,24,2022051200,2022051223,12.630000000000001,8.3599999999999994,8.3599999999999994,12.630000000000001,8.3599999999999994,8.3604166666666675,0,0,0.00041666666666806407,181.2728673210961,208.63592200960875,62.111314452619581,323.45243754157559,0,27.363054688512648,false,true,ADMITTED_DAILY_NONNEGATIVE_WITH_SIGNED_HOURLY_COMPONENTS
SH-EN-ALERCE,2022-05-13,2022,133,-40.1726,24,2022051300,2022051323,10.039999999999999,7.29,4.6600000000000001,10.039999999999999,7.29,4.6633333333333331,0,0,0.0033333333333329662,274.79792184937173,282.58275207948162,102.29922617569434,435.90244363557565,0,7.7848302301098897,false,true,ADMITTED_DAILY_NONNEGATIVE_WITH_SIGNED_HOURLY_COMPONENTS
SH-EN-ALERCE,2022-05-14,2022,134,-40.1726,24,2022051400,2022051423,13.5,7.1799999999999997,6.6900000000000004,13.5,7.1799999999999997,6.6854166666666659,0,0,-0.0045833333333344939,300.1568942684961,240.02422678325442,85.653743244634256,514.93371252035286,0,-60.132667485241683,false,true,ADMITTED_DAILY_NONNEGATIVE_WITH_SIGNED_HOURLY_COMPONENTS
SH-EN-ALERCE,2022-05-15,2022,135,-40.1726,24,2022051500,2022051523,16.629999999999999,7.2699999999999996,3.8500000000000001,16.629999999999999,7.2699999999999996,3.8500000000000001,0,0,0,651.95672192943107,542.09384999447514,202.8159432593061,1024.0938173847912,0,-109.86287193495593,false,true,ADMITTED_DAILY_NONNEGATIVE_WITH_SIGNED_HOURLY_COMPONENTS
SH-EN-ALERCE,2022-05-16,2022,136,-40.1726,24,2022051600,2022051623,17.620000000000001,9.0899999999999999,2.71,17.620000000000001,9.0899999999999999,2.7095833333333332,0,0,-0.0004166666666667318,842.81194520477209,673.76585918998649,450.51806471720045,1291.1573409822877,0,-169.0460860147856,false,true,ADMITTED_DAILY_NONNEGATIVE_WITH_SIGNED_HOURLY_COMPONENTS
SH-EN-ALERCE,2022-05-17,2022,137,-40.1726,24,2022051700,2022051723,15.300000000000001,6.7800000000000002,3.4900000000000002,15.300000000000001,6.7800000000000002,3.4883333333333333,0,0,-0.0016666666666669272,578.16759703860907,513.25948817485971,292.21564852947654,938.90744762522525,0,-64.908108863749362,false,true,ADMITTED_DAILY_NONNEGATIVE_WITH_SIGNED_HOURLY_COMPONENTS
SH-EN-ALERCE,2022-05-18,2022,138,-40.1726,24,2022051800,2022051823,12.59,7.8499999999999996,6.1799999999999997,12.59,7.8499999999999996,6.1841666666666661,0,0,0.0041666666666664298,313.13805256246155,286.86604878125104,40.879141325436422,545.56096825810846,0,-26.272003781210515,false,true,ADMITTED_DAILY_NONNEGATIVE_WITH_SIGNED_HOURLY_COMPONENTS
SH-EN-ALERCE,2022-05-19,2022,139,-40.1726,24,2022051900,2022051923,12.82,8.6400000000000006,9.5899999999999999,12.82,8.6400000000000006,9.5883333333333329,0,0,-0.0016666666666669272,105.70142386126304,116.98917734725921,71.541518765536466,198.14125396419399,0,11.287753485996177,false,true,ADMITTED_DAILY_NONNEGATIVE_WITH_SIGNED_HOURLY_COMPONENTS
SH-EN-ALERCE,2022-05-20,2022,140,-40.1726,24,2022052000,2022052023,13.17,11.57,10.19,13.17,11.57,10.190833333333332,0,0,0.00083333333333257542,195.21292786530717,168.64500272076586,79.092391364255718,328.71559624826955,0,-26.567925144541306,false,true,ADMITTED_DAILY_NONNEGATIVE_WITH_SIGNED_HOURLY_COMPONENTS
SH-EN-ALERCE,2022-05-21,2022,141,-40.1726,24,2022052100,2022052123,12.48,11.539999999999999,11.27,12.48,11.539999999999999,11.270416666666668,0,0,0.00041666666666806407,67.620397018327139,68.008829208903677,45.699495156070725,94.127360210377446,0,0.38843219057653755,false,true,ADMITTED_DAILY_NONNEGATIVE_WITH_SIGNED_HOURLY_COMPONENTS
SH-EN-ALERCE,2022-05-22,2022,142,-40.1726,24,2022052200,2022052223,12.32,8.75,7.1200000000000001,12.32,8.75,7.1245833333333337,0,0,0.0045833333333336057,270.48079813701929,225.57782496628906,42.756300087748741,426.64636833822874,0,-44.902973170730235,false,true,ADMITTED_DAILY_NONNEGATIVE_WITH_SIGNED_HOURLY_COMPONENTS
SH-EN-ALERCE,2022-05-23,2022,143,-40.1726,24,2022052300,2022052323,10.59,9.1500000000000004,6.4900000000000002,10.59,9.1500000000000004,6.4854166666666666,0,0,-0.0045833333333336057,251.2450298336023,245.53762474605753,123.67502446884282,325.288017419997,0,-5.707405087544771,false,true,ADMITTED_DAILY_NONNEGATIVE_WITH_SIGNED_HOURLY_COMPONENTS
SH-EN-ALERCE,2022-05-24,2022,144,-40.1726,24,2022052400,2022052423,9.7799999999999994,7.6399999999999997,6.5599999999999996,9.7799999999999994,7.6399999999999997,6.5575000000000001,0,0,-0.0024999999999995026,156.37345436889348,184.68422880910137,125.14712407306547,259.15648038651045,0,28.310774440207894,false,true,ADMITTED_DAILY_NONNEGATIVE_WITH_SIGNED_HOURLY_COMPONENTS
SH-EN-ALERCE,2022-05-25,2022,145,-40.1726,24,2022052500,2022052523,10.039999999999999,4.4500000000000002,3.0299999999999998,10.039999999999999,4.4500000000000002,3.0295833333333331,0,0,-0.0004166666666667318,275.93884484270552,245.53895431981482,69.858080624440959,601.53375174713358,0,-30.399890522890701,false,true,ADMITTED_DAILY_NONNEGATIVE_WITH_SIGNED_HOURLY_COMPONENTS
SH-EN-ALERCE,2022-05-26,2022,146,-40.1726,24,2022052600,2022052623,9.6799999999999997,3.7000000000000002,3.1400000000000001,9.6799999999999997,3.7000000000000002,3.1400000000000001,0,0,0,233.73438045927992,181.97785065459803,69.856615828329268,427.82530273241093,0,-51.75652980468189,false,true,ADMITTED_DAILY_NONNEGATIVE_WITH_SIGNED_HOURLY_COMPONENTS
SH-EN-ALERCE,2022-05-27,2022,147,-40.1726,24,2022052700,2022052723,9.7200000000000006,5.1399999999999997,4.0499999999999998,9.7200000000000006,5.1399999999999997,4.052083333333333,0,0,0.0020833333333332149,226.86452239682887,170.91311308568416,68.333327689642942,416.13798236417369,0,-55.951409311144715,false,true,ADMITTED_DAILY_NONNEGATIVE_WITH_SIGNED_HOURLY_COMPONENTS
SH-EN-ALERCE,2022-05-28,2022,148,-40.1726,24,2022052800,2022052823,8.9299999999999997,5.04,4.4299999999999997,8.9299999999999997,5.04,4.434166666666667,0,0,0.004166666666667318,170.49040714780426,150.09028300547911,61.142184775359397,300.31296084422468,0,-20.400124142325154,false,true,ADMITTED_DAILY_NONNEGATIVE_WITH_SIGNED_HOURLY_COMPONENTS
SH-EN-ALERCE,2022-05-29,2022,149,-40.1726,24,2022052900,2022052923,8.9600000000000009,4.4100000000000001,3.4900000000000002,8.9600000000000009,4.4100000000000001,3.4933333333333336,0,0,0.0033333333333334103,206.46989941247671,170.88174868624856,68.447002324174036,369.52081969674623,0,-35.58815072622815,false,true,ADMITTED_DAILY_NONNEGATIVE_WITH_SIGNED_HOURLY_COMPONENTS
SH-EN-ALERCE,2022-05-30,2022,150,-40.1726,24,2022053000,2022053023,9.1300000000000008,4.1100000000000003,3.0899999999999999,9.1300000000000008,4.1100000000000003,3.0916666666666668,0,0,0.0016666666666669272,226.26041971730899,163.37823110732822,47.166827468070096,423.77009854754579,0,-62.882188609980773,false,true,ADMITTED_DAILY_NONNEGATIVE_WITH_SIGNED_HOURLY_COMPONENTS
SH-EN-ALERCE,2022-05-31,2022,151,-40.1726,24,2022053100,2022053123,8.9700000000000006,3.7599999999999998,1.6799999999999999,8.9700000000000006,3.7599999999999998,1.6754166666666668,0,0,-0.0045833333333331616,283.03651119598703,243.70567135789699,57.571329759522769,517.38033140724099,0,-39.330839838090043,false,true,ADMITTED_DAILY_NONNEGATIVE_WITH_SIGNED_HOURLY_COMPONENTS
SH-EN-ALERCE,2022-06-01,2022,152,-40.1726,24,2022060100,2022060123,8.2699999999999996,3,0.57999999999999996,8.2699999999999996,3,0.57999999999999996,0,0,0,288.14275799581151,299.73358533496508,72.563466475417044,477.54873771082248,0,11.590827339153577,false,true,ADMITTED_DAILY_NONNEGATIVE_WITH_SIGNED_HOURLY_COMPONENTS
SH-EN-ALERCE,2022-06-02,2022,153,-40.1726,24,2022060200,2022060223,8.9499999999999993,4.3799999999999999,4.1100000000000003,8.9499999999999993,4.3799999999999999,4.1104166666666666,0,0,0.00041666666666628771,170.15052065345526,184.60518942042336,73.999668563682349,285.09790868862467,0,14.454668766968098,false,true,ADMITTED_DAILY_NONNEGATIVE_WITH_SIGNED_HOURLY_COMPONENTS
SH-EN-ALERCE,2022-06-03,2022,154,-40.1726,24,2022060300,2022060323,10.92,7.4500000000000002,8.3499999999999996,10.92,7.4500000000000002,8.3541666666666661,0,0,0.0041666666666664298,70.883977855631429,65.507099225560424,50.249278024387195,91.378486465138849,0,-5.3768786300710047,false,true,ADMITTED_DAILY_NONNEGATIVE_WITH_SIGNED_HOURLY_COMPONENTS
SH-EN-ALERCE,2022-06-04,2022,155,-40.1726,24,2022060400,2022060423,10.949999999999999,6.7800000000000002,7.1900000000000004,10.949999999999999,6.7800000000000002,7.1916666666666664,0,0,0.001666666666666039,132.58623978369621,160.55796394551916,70.035910424256599,337.77263735857605,0,27.971724161822948,false,true,ADMITTED_DAILY_NONNEGATIVE_WITH_SIGNED_HOURLY_COMPONENTS
SH-EN-ALERCE,2022-06-05,2022,156,-40.1726,24,2022060500,2022060523,9.7799999999999994,5.4800000000000004,5.7999999999999998,9.7799999999999994,5.4800000000000004,5.802083333333333,0,0,0.0020833333333332149,133.73510035009338,159.17531380971505,81.329295373208083,261.41987640788648,0,25.440213459621674,false,true,ADMITTED_DAILY_NONNEGATIVE_WITH_SIGNED_HOURLY_COMPONENTS
SH-EN-ALERCE,2022-06-06,2022,157,-40.1726,24,2022060600,2022060623,12.06,9.8100000000000005,10.31,12.06,9.8100000000000005,10.314166666666667,0,0,0.0041666666666664298,56.563504690842592,58.320089479719513,42.336069134778654,91.219588564046489,0,1.7565847888769213,false,true,ADMITTED_DAILY_NONNEGATIVE_WITH_SIGNED_HOURLY_COMPONENTS
SH-EN-ALERCE,2022-06-07,2022,158,-40.1726,24,2022060700,2022060723,12,9.9299999999999997,10.109999999999999,12,9.9299999999999997,10.1075,0,0,-0.0024999999999995026,75.345672973666979,86.87945357096892,4.0913354239473847,242.21970016400314,0,11.533780597301941,false,true,ADMITTED_DAILY_NONNEGATIVE_WITH_SIGNED_HOURLY_COMPONENTS
SH-EN-ALERCE,2022-06-08,2022,159,-40.1726,24,2022060800,2022060823,11.789999999999999,9.4800000000000004,9.0299999999999994,11.789999999999999,9.4800000000000004,9.0258333333333329,0,0,-0.0041666666666664298,134.1524613213619,136.58613978673088,13.088450884306894,316.7603022550328,0,2.4336784653689847,false,true,ADMITTED_DAILY_NONNEGATIVE_WITH_SIGNED_HOURLY_COMPONENTS
SH-EN-ALERCE,2022-06-09,2022,160,-40.1726,24,2022060900,2022060923,9.5,5.8600000000000003,3.4100000000000001,9.5,5.8600000000000003,3.4120833333333334,0,0,0.0020833333333332149,276.65127119166698,283.01062700612903,154.22244853286861,490.1103125887953,0,6.3593558144620488,false,true,ADMITTED_DAILY_NONNEGATIVE_WITH_SIGNED_HOURLY_COMPONENTS
SH-EN-ALERCE,2022-06-10,2022,161,-40.1726,24,2022061000,2022061023,11.970000000000001,4.6399999999999997,2.5699999999999998,11.970000000000001,4.6399999999999997,2.5679166666666666,0,0,-0.0020833333333332149,390.26142331859342,316.23601207135857,111.13039960829497,664.38011218211602,0,-74.025411247234842,false,true,ADMITTED_DAILY_NONNEGATIVE_WITH_SIGNED_HOURLY_COMPONENTS
SH-EN-ALERCE,2022-06-11,2022,162,-40.1726,24,2022061100,2022061123,10.109999999999999,5.4800000000000004,5.6799999999999997,10.109999999999999,5.4800000000000004,5.6758333333333333,0,0,-0.0041666666666664298,154.91489945820092,123.4671952403682,-33.435056153342202,358.01177731087398,2,-31.447704217832722,false,true,ADMITTED_DAILY_NONNEGATIVE_WITH_SIGNED_HOURLY_COMPONENTS
SH-EN-ALERCE,2022-06-12,2022,163,-40.1726,24,2022061200,2022061223,9.5700000000000003,8.7799999999999994,8.1699999999999999,9.5700000000000003,8.7799999999999994,8.1716666666666669,0,0,0.0016666666666669272,76.813612397820407,78.517843575970844,47.870694234671873,107.28855822072114,0,1.7042311781504367,false,true,ADMITTED_DAILY_NONNEGATIVE_WITH_SIGNED_HOURLY_COMPONENTS
SH-EN-ALERCE,2022-06-13,2022,164,-40.1726,24,2022061300,2022061323,10.23,7.96,8.5999999999999996,10.23,7.96,8.5987500000000008,0,0,-0.0012499999999988631,41.029875091393251,49.607811497400441,25.97711642213244,67.057163330478033,0,8.5779364060071899,false,true,ADMITTED_DAILY_NONNEGATIVE_WITH_SIGNED_HOURLY_COMPONENTS
SH-EN-ALERCE,2022-06-14,2022,165,-40.1726,24,2022061400,2022061423,10.57,8.5399999999999991,8.5399999999999991,10.57,8.5399999999999991,8.5445833333333336,0,0,0.0045833333333344939,81.39659718134817,91.504904661546718,41.767111841802034,194.36734071507499,0,10.108307480198548,false,true,ADMITTED_DAILY_NONNEGATIVE_WITH_SIGNED_HOURLY_COMPONENTS
SH-EN-ALERCE,2022-06-15,2022,166,-40.1726,24,2022061500,2022061523,9.2699999999999996,7.5199999999999996,6.6900000000000004,9.2699999999999996,7.5199999999999996,6.6854166666666659,0,0,-0.0045833333333344939,122.95316385867648,129.63432967359063,79.52567939025198,199.18874330986978,0,6.6811658149141522,false,true,ADMITTED_DAILY_NONNEGATIVE_WITH_SIGNED_HOURLY_COMPONENTS
SH-EN-ALERCE,2022-06-16,2022,167,-40.1726,24,2022061600,2022061623,9.8900000000000006,6.6900000000000004,6.7999999999999998,9.8900000000000006,6.6900000000000004,6.7950000000000008,0,0,-0.0049999999999990052,111.65321836620728,102.10111583309947,58.109912387855047,178.94225452631008,0,-9.5521025331078135,false,true,ADMITTED_DAILY_NONNEGATIVE_WITH_SIGNED_HOURLY_COMPONENTS
SH-EN-ALERCE,2022-06-17,2022,168,-40.1726,24,2022061700,2022061723,8.3200000000000003,6.2800000000000002,3.4700000000000002,8.3200000000000003,6.2800000000000002,3.4666666666666668,0,0,-0.0033333333333334103,241.46531305212216,231.27593918266916,165.53223536438861,333.00998031893539,0,-10.189373869452993,false,true,ADMITTED_DAILY_NONNEGATIVE_WITH_SIGNED_HOURLY_COMPONENTS
SH-EN-ALERCE,2022-06-18,2022,169,-40.1726,24,2022061800,2022061823,10.789999999999999,6.46,7.5199999999999996,10.789999999999999,6.46,7.5229166666666671,0,0,0.0029166666666675667,91.707522338124136,108.04860267475082,60.931791774941757,176.28163917069969,0,16.341080336626689,false,true,ADMITTED_DAILY_NONNEGATIVE_WITH_SIGNED_HOURLY_COMPONENTS
SH-EN-ALERCE,2022-06-19,2022,170,-40.1726,24,2022061900,2022061923,11.289999999999999,9.3800000000000008,9.8000000000000007,11.289999999999999,9.3800000000000008,9.7975000000000012,0,0,-0.0024999999999995026,46.448910490362778,43.628459565893344,25.888598298635998,63.625715802402738,0,-2.8204509244694336,false,true,ADMITTED_DAILY_NONNEGATIVE_WITH_SIGNED_HOURLY_COMPONENTS
SH-EN-ALERCE,2022-06-20,2022,171,-40.1726,24,2022062000,2022062023,10.52,7.71,6.9299999999999997,10.52,7.71,6.9325000000000001,0,0,0.0025000000000003908,164.53514960843461,139.0639163864864,56.653233216033641,227.52127375054033,0,-25.471233221948211,false,true,ADMITTED_DAILY_NONNEGATIVE_WITH_SIGNED_HOURLY_COMPONENTS
SH-EN-ALERCE,2022-06-21,2022,172,-40.1726,24,2022062100,2022062123,11.300000000000001,4.96,2.77,11.300000000000001,4.96,2.7729166666666667,0,0,0.0029166666666666785,359.01447045742339,304.16029459536236,166.60368921586496,592.39137924220051,0,-54.854175862061027,false,true,ADMITTED_DAILY_NONNEGATIVE_WITH_SIGNED_HOURLY_COMPONENTS
SH-EN-ALERCE,2022-06-22,2022,173,-40.1726,24,2022062200,2022062223,9.0700000000000003,3.2999999999999998,1.02,9.0700000000000003,3.2999999999999998,1.01875,0,0,-0.0012499999999999734,306.11911446697138,294.45916995444111,163.25265232365894,503.87115245640643,0,-11.659944512530274,false,true,ADMITTED_DAILY_NONNEGATIVE_WITH_SIGNED_HOURLY_COMPONENTS
SH-EN-ALERCE,2022-06-23,2022,174,-40.1726,24,2022062300,2022062323,9.0600000000000005,4.4100000000000001,2.3500000000000001,9.0600000000000005,4.4100000000000001,2.3487499999999999,0,0,-0.0012500000000001954,271.36342016632909,231.04623822456134,130.37867513187257,448.59437868154532,0,-40.317181941767757,false,true,ADMITTED_DAILY_NONNEGATIVE_WITH_SIGNED_HOURLY_COMPONENTS
SH-EN-ALERCE,2022-06-24,2022,175,-40.1726,24,2022062400,2022062423,10.02,4.2199999999999998,1.73,10.02,4.2199999999999998,1.7258333333333333,0,0,-0.0041666666666666519,335.65256799220174,292.92040301781287,138.27337543279259,507.33514600554724,0,-42.732164974388866,false,true,ADMITTED_DAILY_NONNEGATIVE_WITH_SIGNED_HOURLY_COMPONENTS
SH-EN-ALERCE,2022-06-25,2022,176,-40.1726,24,2022062500,2022062523,11.09,4.8200000000000003,1.9199999999999999,11.09,4.8200000000000003,1.9154166666666665,0,0,-0.0045833333333333837,389.38790645370284,309.69559980800568,124.64421034605118,596.78041415025473,0,-79.692306645697158,false,true,ADMITTED_DAILY_NONNEGATIVE_WITH_SIGNED_HOURLY_COMPONENTS
SH-EN-ALERCE,2022-06-26,2022,177,-40.1726,24,2022062600,2022062623,8.8800000000000008,2.9900000000000002,3.4700000000000002,8.8800000000000008,2.9900000000000002,3.4741666666666666,0,0,0.0041666666666664298,164.5896398252969,154.14517240039496,17.027279165076834,392.62022411197893,0,-10.444467424901944,false,true,ADMITTED_DAILY_NONNEGATIVE_WITH_SIGNED_HOURLY_COMPONENTS
SH-EN-ALERCE,2022-06-27,2022,178,-40.1726,24,2022062700,2022062723,9.7100000000000009,7.2400000000000002,6.9199999999999999,9.7100000000000009,7.2400000000000002,6.9241666666666672,0,0,0.004166666666667318,115.02767707486669,106.15539923719172,82.34681005006928,132.25953109004593,0,-8.8722778376749716,false,true,ADMITTED_DAILY_NONNEGATIVE_WITH_SIGNED_HOURLY_COMPONENTS
SH-EN-ALERCE,2022-06-28,2022,179,-40.1726,24,2022062800,2022062823,11.85,9.7699999999999996,10.390000000000001,11.85,9.7699999999999996,10.388333333333334,0,0,-0.0016666666666669272,38.532551639992107,65.183948688720392,36.103819903044041,82.519517261640203,0,26.651397048728285,false,true,ADMITTED_DAILY_NONNEGATIVE_WITH_SIGNED_HOURLY_COMPONENTS
SH-EN-ALERCE,2022-06-29,2022,180,-40.1726,24,2022062900,2022062923,10.93,7.5300000000000002,6.7000000000000002,10.93,7.5300000000000002,6.6975000000000007,0,0,-0.0024999999999995026,191.3571703330083,156.15854314539578,58.767023559196105,329.30213690061146,0,-35.198627187612516,false,true,ADMITTED_DAILY_NONNEGATIVE_WITH_SIGNED_HOURLY_COMPONENTS
SH-EN-ALERCE,2022-06-30,2022,181,-40.1726,24,2022063000,2022063023,8.4399999999999995,4.1100000000000003,5.2699999999999996,8.4399999999999995,4.1100000000000003,5.2679166666666672,0,0,-0.0020833333333323267,73.572739697137195,123.11353229068278,23.418298110157821,193.14692286324498,0,49.540792593545589,false,true,ADMITTED_DAILY_NONNEGATIVE_WITH_SIGNED_HOURLY_COMPONENTS
SH-EN-ALERCE,2022-07-01,2022,182,-40.1726,24,2022070100,2022070123,8.5299999999999994,5.6399999999999997,4.9900000000000002,8.5299999999999994,5.6399999999999997,4.9866666666666672,0,0,-0.0033333333333329662,140.38324895847461,144.20701123081764,69.7278472068366,275.31811850229201,0,3.823762272343032,false,true,ADMITTED_DAILY_NONNEGATIVE_WITH_SIGNED_HOURLY_COMPONENTS
SH-EN-ALERCE,2022-07-02,2022,183,-40.1726,24,2022070200,2022070223,8.8900000000000006,6.9699999999999998,5.9199999999999999,8.8900000000000006,6.9699999999999998,5.9162500000000007,0,0,-0.0037499999999992539,139.73383632247544,153.12026581068352,76.674147488132576,196.75585258302431,0,13.38642948820808,false,true,ADMITTED_DAILY_NONNEGATIVE_WITH_SIGNED_HOURLY_COMPONENTS
SH-EN-ALERCE,2022-07-03,2022,184,-40.1726,24,2022070300,2022070323,9.5199999999999996,7.1699999999999999,6.4199999999999999,9.5199999999999996,7.1699999999999999,6.4158333333333326,0,0,-0.004166666666667318,138.66563778470857,143.0218365458372,75.576092040879303,204.156244029341,0,4.3561987611286384,false,true,ADMITTED_DAILY_NONNEGATIVE_WITH_SIGNED_HOURLY_COMPONENTS
SH-EN-ALERCE,2022-07-04,2022,185,-40.1726,24,2022070400,2022070423,9.8000000000000007,7.71,6.3700000000000001,9.8000000000000007,7.71,6.3745833333333337,0,0,0.0045833333333336057,172.34777165582375,181.7080718587066,80.89202646009926,278.66546502264191,0,9.3603002028828541,false,true,ADMITTED_DAILY_NONNEGATIVE_WITH_SIGNED_HOURLY_COMPONENTS
SH-EN-ALERCE,2022-07-05,2022,186,-40.1726,24,2022070500,2022070523,9.5099999999999998,8.3599999999999994,5.9000000000000004,9.5099999999999998,8.3599999999999994,5.8962499999999993,0,0,-0.0037500000000010303,215.13332943333285,217.45677620429717,82.263193280423593,340.90551276011172,0,2.3234467709643241,false,true,ADMITTED_DAILY_NONNEGATIVE_WITH_SIGNED_HOURLY_COMPONENTS
SH-EN-ALERCE,2022-07-06,2022,187,-40.1726,24,2022070600,2022070623,8.8499999999999996,6.7400000000000002,4.9400000000000004,8.8499999999999996,6.7400000000000002,4.9429166666666662,0,0,0.0029166666666657903,191.631048516688,192.96112438004502,96.460631033483651,310.17553700643373,0,1.330075863357024,false,true,ADMITTED_DAILY_NONNEGATIVE_WITH_SIGNED_HOURLY_COMPONENTS
SH-EN-ALERCE,2022-07-07,2022,188,-40.1726,24,2022070700,2022070723,9.3599999999999994,7.0999999999999996,6.75,9.3599999999999994,7.0999999999999996,6.7491666666666665,0,0,-0.0008333333333334636,107.73082280556514,134.63247916538813,84.133031886894628,154.54573178536316,0,26.901656359822994,false,true,ADMITTED_DAILY_NONNEGATIVE_WITH_SIGNED_HOURLY_COMPONENTS
SH-EN-ALERCE,2022-07-08,2022,189,-40.1726,24,2022070800,2022070823,9.9199999999999999,7.46,7.4100000000000001,9.9199999999999999,7.46,7.4100000000000001,0,0,0,97.2551742737312,93.615360257251041,62.547555240343172,132.65813300179548,0,-3.6398140164801589,false,true,ADMITTED_DAILY_NONNEGATIVE_WITH_SIGNED_HOURLY_COMPONENTS
SH-EN-ALERCE,2022-07-09,2022,190,-40.1726,24,2022070900,2022070923,9.6899999999999995,7.7800000000000002,7.21,9.6899999999999995,7.7800000000000002,7.2137500000000001,0,0,0.0037500000000001421,113.3458478930952,92.44196259559105,69.506613794019131,112.58708881029577,0,-20.903885297504146,false,true,ADMITTED_DAILY_NONNEGATIVE_WITH_SIGNED_HOURLY_COMPONENTS
SH-EN-ALERCE,2022-07-10,2022,191,-40.1726,24,2022071000,2022071023,9.4800000000000004,7.5,6.4800000000000004,9.4800000000000004,7.5,6.4762500000000003,0,0,-0.0037500000000001421,144.65865030615851,152.0542028767336,95.17680637704575,229.7942823386154,0,7.3955525705750915,false,true,ADMITTED_DAILY_NONNEGATIVE_WITH_SIGNED_HOURLY_COMPONENTS
SH-EN-ALERCE,2022-07-11,2022,192,-40.1726,24,2022071100,2022071123,7.6799999999999997,6.8799999999999999,5.8099999999999996,7.6799999999999997,6.8799999999999999,5.8104166666666659,0,0,0.00041666666666628771,98.742307210869512,99.265841750300936,40.559673608357116,163.41575652980714,0,0.5235345394314237,false,true,ADMITTED_DAILY_NONNEGATIVE_WITH_SIGNED_HOURLY_COMPONENTS
SH-EN-ALERCE,2022-07-12,2022,193,-40.1726,24,2022071200,2022071223,8.9199999999999999,6.6500000000000004,4.8300000000000001,8.9199999999999999,6.6500000000000004,4.8304166666666672,0,0,0.00041666666666717589,197.9387834692717,191.79746205872632,48.331975280729125,362.87216331276647,0,-6.1413214105453733,false,true,ADMITTED_DAILY_NONNEGATIVE_WITH_SIGNED_HOURLY_COMPONENTS
SH-EN-ALERCE,2022-07-13,2022,194,-40.1726,24,2022071300,2022071323,7.5999999999999996,6.1200000000000001,3.8500000000000001,7.5999999999999996,6.1200000000000001,3.8466666666666662,0,0,-0.0033333333333338544,188.68416715888691,178.75833544396588,132.50312620005127,269.29062588870636,0,-9.9258317149210313,false,true,ADMITTED_DAILY_NONNEGATIVE_WITH_SIGNED_HOURLY_COMPONENTS
SH-EN-ALERCE,2022-07-14,2022,195,-40.1726,24,2022071400,2022071423,7.0800000000000001,4.3300000000000001,3.6000000000000001,7.0800000000000001,4.3300000000000001,3.5995833333333334,0,0,-0.0004166666666667318,129.21311188094137,126.37522679136121,64.847433336424388,253.9005394273413,0,-2.8378850895801548,false,true,ADMITTED_DAILY_NONNEGATIVE_WITH_SIGNED_HOURLY_COMPONENTS
SH-EN-ALERCE,2022-07-15,2022,196,-40.1726,24,2022071500,2022071523,8.25,3.3300000000000001,1.21,8.25,3.3300000000000001,1.2125000000000001,0,0,0.0025000000000001688,266.70656175753686,225.73242554125423,118.23504246573827,442.94499371140421,0,-40.974136216282631,false,true,ADMITTED_DAILY_NONNEGATIVE_WITH_SIGNED_HOURLY_COMPONENTS
SH-EN-ALERCE,2022-07-16,2022,197,-40.1726,24,2022071600,2022071623,9.5600000000000005,4.5199999999999996,4.2400000000000002,9.5600000000000005,4.5199999999999996,4.2450000000000001,0,0,0.0049999999999998934,190.76526520229447,174.10860119611115,47.610735735963317,320.43214516376054,0,-16.65666400618332,false,true,ADMITTED_DAILY_NONNEGATIVE_WITH_SIGNED_HOURLY_COMPONENTS
SH-EN-ALERCE,2022-07-17,2022,198,-40.1726,24,2022071700,2022071723,9.9499999999999993,5.5800000000000001,6.1900000000000004,9.9499999999999993,5.5800000000000001,6.1945833333333331,0,0,0.0045833333333327175,118.57813295002347,131.69710650031141,56.259749570106578,211.87157924838743,0,13.118973550287933,false,true,ADMITTED_DAILY_NONNEGATIVE_WITH_SIGNED_HOURLY_COMPONENTS
SH-EN-ALERCE,2022-07-18,2022,199,-40.1726,24,2022071800,2022071823,7.9500000000000002,5.7599999999999998,2.5600000000000001,7.9500000000000002,5.7599999999999998,2.5554166666666664,0,0,-0.0045833333333336057,259.97630887638047,255.79505419224026,148.91434892635391,335.21722729081796,0,-4.1812546841402138,false,true,ADMITTED_DAILY_NONNEGATIVE_WITH_SIGNED_HOURLY_COMPONENTS
SH-EN-ALERCE,2022-07-19,2022,200,-40.1726,24,2022071900,2022071923,10.82,5.54,7.79,10.82,5.54,7.7854166666666664,0,0,-0.0045833333333336057,43.895209972789416,69.255590098627408,18.643164046243783,157.84610922286709,0,25.360380125837992,false,true,ADMITTED_DAILY_NONNEGATIVE_WITH_SIGNED_HOURLY_COMPONENTS
SH-EN-ALERCE,2022-07-20,2022,201,-40.1726,24,2022072000,2022072023,11.199999999999999,5.46,7.6299999999999999,11.199999999999999,5.46,7.6254166666666663,0,0,-0.0045833333333336057,69.461129181348952,78.850308969374439,16.898658593479468,183.88483556292306,0,9.389179788025487,false,true,ADMITTED_DAILY_NONNEGATIVE_WITH_SIGNED_HOURLY_COMPONENTS
SH-EN-ALERCE,2022-07-21,2022,202,-40.1726,24,2022072100,2022072123,8.0099999999999998,4.9299999999999997,3.79,8.0099999999999998,4.9299999999999997,3.7883333333333336,0,0,-0.0016666666666664831,169.46009552391638,142.33988173716696,38.876683058902131,300.54231584694526,0,-27.120213786749417,false,true,ADMITTED_DAILY_NONNEGATIVE_WITH_SIGNED_HOURLY_COMPONENTS
SH-EN-ALERCE,2022-07-22,2022,203,-40.1726,24,2022072200,2022072223,11.1,5.8600000000000003,9.4399999999999995,11.1,5.8600000000000003,9.4358333333333331,0,0,-0.0041666666666664298,-58.860502313193365,33.808484451875451,17.884672153070596,63.779376057850072,0,92.668986765068809,false,true,ADMITTED_DAILY_NONNEGATIVE_WITH_SIGNED_HOURLY_COMPONENTS
SH-EN-ALERCE,2022-07-23,2022,204,-40.1726,24,2022072300,2022072323,10.83,8.4700000000000006,9,10.83,8.4700000000000006,8.9954166666666655,0,0,-0.0045833333333344939,54.714584374576589,80.753049150993277,22.084639668986028,145.32246579245998,0,26.038464776416689,false,true,ADMITTED_DAILY_NONNEGATIVE_WITH_SIGNED_HOURLY_COMPONENTS
SH-EN-ALERCE,2022-07-24,2022,205,-40.1726,24,2022072400,2022072423,9.8100000000000005,8.0500000000000007,6.5099999999999998,9.8100000000000005,8.0500000000000007,6.5141666666666671,0,0,0.004166666666667318,175.77675141644204,169.00845055722601,49.359444921438126,240.49796406167013,0,-6.7683008592160263,false,true,ADMITTED_DAILY_NONNEGATIVE_WITH_SIGNED_HOURLY_COMPONENTS
SH-EN-ALERCE,2022-07-25,2022,206,-40.1726,24,2022072500,2022072523,12.15,7.9199999999999999,8.6999999999999993,12.15,7.9199999999999999,8.6991666666666667,0,0,-0.00083333333333257542,116.71783818420658,108.73080107284545,61.857462502268731,235.4526611617357,0,-7.9870371113611327,false,true,ADMITTED_DAILY_NONNEGATIVE_WITH_SIGNED_HOURLY_COMPONENTS
SH-EN-ALERCE,2022-07-26,2022,207,-40.1726,24,2022072600,2022072623,11.369999999999999,8.8399999999999999,8.8499999999999996,11.369999999999999,8.8399999999999999,8.8550000000000004,0,0,0.0050000000000007816,104.05189825333582,142.80271846709175,50.456937645786411,223.62729749912478,0,38.750820213755929,false,true,ADMITTED_DAILY_NONNEGATIVE_WITH_SIGNED_HOURLY_COMPONENTS
SH-EN-ALERCE,2022-07-27,2022,208,-40.1726,24,2022072700,2022072723,11.380000000000001,7.8399999999999999,7.5300000000000002,11.380000000000001,7.8399999999999999,7.5279166666666661,0,0,-0.0020833333333341031,164.77972427624559,127.88901440042913,38.291507392456879,322.15600187972677,0,-36.890709875816455,false,true,ADMITTED_DAILY_NONNEGATIVE_WITH_SIGNED_HOURLY_COMPONENTS
SH-EN-ALERCE,2022-07-28,2022,209,-40.1726,24,2022072800,2022072823,9.6600000000000001,6.5199999999999996,6.0700000000000003,9.6600000000000001,6.5199999999999996,6.0679166666666662,0,0,-0.0020833333333341031,145.13750867898079,107.99293354454393,26.14214805665415,257.26759246944027,0,-37.144575134436863,false,true,ADMITTED_DAILY_NONNEGATIVE_WITH_SIGNED_HOURLY_COMPONENTS
SH-EN-ALERCE,2022-07-29,2022,210,-40.1726,24,2022072900,2022072923,10.300000000000001,6.5599999999999996,5.6100000000000003,10.300000000000001,6.5599999999999996,5.6095833333333331,0,0,-0.00041666666666717589,202.26889052648971,156.05569644123196,52.385461760564226,337.63878713488521,0,-46.213194085257754,false,true,ADMITTED_DAILY_NONNEGATIVE_WITH_SIGNED_HOURLY_COMPONENTS
SH-EN-ALERCE,2022-07-30,2022,211,-40.1726,24,2022073000,2022073023,10.73,4.8099999999999996,4.9699999999999998,10.73,4.8099999999999996,4.9662499999999996,0,0,-0.0037500000000001421,204.58829926636258,199.5659329427267,57.339290815596428,455.96326519392994,0,-5.0223663236358789,false,true,ADMITTED_DAILY_NONNEGATIVE_WITH_SIGNED_HOURLY_COMPONENTS
SH-EN-ALERCE,2022-07-31,2022,212,-40.1726,24,2022073100,2022073123,8.9000000000000004,4.5999999999999996,3.7799999999999998,8.9000000000000004,4.5999999999999996,3.7762499999999997,0,0,-0.0037500000000001421,193.53614372711627,185.05513217659254,105.60985467391379,280.12028435736715,0,-8.481011550523732,false,true,ADMITTED_DAILY_NONNEGATIVE_WITH_SIGNED_HOURLY_COMPONENTS
SH-EN-ALERCE,2022-08-01,2022,213,-40.1726,24,2022080100,2022080123,9.3699999999999992,5.2599999999999998,3.8199999999999998,9.3699999999999992,5.2599999999999998,3.8183333333333334,0,0,-0.0016666666666664831,229.65701800341253,205.75435743563386,64.068717441288527,383.11494943933724,0,-23.902660567778668,false,true,ADMITTED_DAILY_NONNEGATIVE_WITH_SIGNED_HOURLY_COMPONENTS
SH-EN-ALERCE,2022-08-02,2022,214,-40.1726,24,2022080200,2022080223,8.8100000000000005,4.8300000000000001,4.0599999999999996,8.8100000000000005,4.8300000000000001,4.0579166666666664,0,0,-0.0020833333333332149,181.00848653104288,141.25428463310445,69.855062472064787,296.01528810992033,0,-39.75420189793843,false,true,ADMITTED_DAILY_NONNEGATIVE_WITH_SIGNED_HOURLY_COMPONENTS
SH-EN-ALERCE,2022-08-03,2022,215,-40.1726,24,2022080300,2022080323,9.4800000000000004,6.0700000000000003,5.6299999999999999,9.4800000000000004,6.0700000000000003,5.6279166666666667,0,0,-0.0020833333333332149,151.31276340186082,143.32659803954448,72.79859237294113,175.47680816712943,0,-7.986165362316342,false,true,ADMITTED_DAILY_NONNEGATIVE_WITH_SIGNED_HOURLY_COMPONENTS
SH-EN-ALERCE,2022-08-04,2022,216,-40.1726,24,2022080400,2022080423,7.4199999999999999,5.5199999999999996,3.0600000000000001,7.4199999999999999,5.5199999999999996,3.0608333333333335,0,0,0.0008333333333334636,206.80443558237414,182.66692040358637,128.02657434367086,290.92004875317832,0,-24.137515178787766,false,true,ADMITTED_DAILY_NONNEGATIVE_WITH_SIGNED_HOURLY_COMPONENTS
SH-EN-ALERCE,2022-08-05,2022,217,-40.1726,24,2022080500,2022080523,9.7899999999999991,5.8399999999999999,5.25,9.7899999999999991,5.8399999999999999,5.2495833333333328,0,0,-0.00041666666666717589,180.14389062690475,162.28736421055402,74.489526995696792,303.15512511153031,0,-17.856526416350732,false,true,ADMITTED_DAILY_NONNEGATIVE_WITH_SIGNED_HOURLY_COMPONENTS
SH-EN-ALERCE,2022-08-06,2022,218,-40.1726,24,2022080600,2022080623,8.4600000000000009,5.7699999999999996,5.5300000000000002,8.4600000000000009,5.7699999999999996,5.5316666666666663,0,0,0.001666666666666039,108.46968446604342,113.94841526858659,87.612264297862794,159.90225272502903,0,5.4787308025431685,false,true,ADMITTED_DAILY_NONNEGATIVE_WITH_SIGNED_HOURLY_COMPONENTS
SH-EN-ALERCE,2022-08-07,2022,219,-40.1726,24,2022080700,2022080723,9.25,5.0999999999999996,3.8799999999999999,9.25,5.0999999999999996,3.8829166666666666,0,0,0.0029166666666666785,216.58899307246259,196.6685295118962,93.62687773963205,360.30170073312729,0,-19.92046356056639,false,true,ADMITTED_DAILY_NONNEGATIVE_WITH_SIGNED_HOURLY_COMPONENTS
SH-EN-ALERCE,2022-08-08,2022,220,-40.1726,24,2022080800,2022080823,9.2599999999999998,5.0800000000000001,3.0499999999999998,9.2599999999999998,5.0800000000000001,3.0470833333333331,0,0,-0.0029166666666666785,262.32861917232231,238.29261409277356,143.991982665568,424.48505025633312,0,-24.036005079548744,false,true,ADMITTED_DAILY_NONNEGATIVE_WITH_SIGNED_HOURLY_COMPONENTS
SH-EN-ALERCE,2022-08-09,2022,221,-40.1726,24,2022080900,2022080923,9.9700000000000006,5.3300000000000001,3.8599999999999999,9.9700000000000006,5.3300000000000001,3.8562499999999997,0,0,-0.0037500000000001421,253.77113057083875,215.9845690108144,113.58214431762781,450.89540480284643,0,-37.786561560024353,false,true,ADMITTED_DAILY_NONNEGATIVE_WITH_SIGNED_HOURLY_COMPONENTS
SH-EN-ALERCE,2022-08-10,2022,222,-40.1726,24,2022081000,2022081023,9.0800000000000001,6.3300000000000001,6.1100000000000003,9.0800000000000001,6.3300000000000001,6.105833333333333,0,0,-0.004166666666667318,113.230114697722,110.08207336345809,46.122752266481939,184.96713789551768,0,-3.1480413342639082,false,true,ADMITTED_DAILY_NONNEGATIVE_WITH_SIGNED_HOURLY_COMPONENTS
SH-EN-ALERCE,2022-08-11,2022,223,-40.1726,24,2022081100,2022081123,9.9399999999999995,8.6500000000000004,8.1300000000000008,9.9399999999999995,8.6500000000000004,8.1266666666666669,0,0,-0.0033333333333338544,89.810836434333623,77.430162053607106,41.394387993655982,141.29809152089001,0,-12.380674380726518,false,true,ADMITTED_DAILY_NONNEGATIVE_WITH_SIGNED_HOURLY_COMPONENTS
SH-EN-ALERCE,2022-08-12,2022,224,-40.1726,24,2022081200,2022081223,10.08,7.4199999999999999,7.75,10.08,7.4199999999999999,7.7458333333333336,0,0,-0.0041666666666664298,78.202031355066538,81.552655465297988,49.127178903213462,137.20155109673669,0,3.3506241102314505,false,true,ADMITTED_DAILY_NONNEGATIVE_WITH_SIGNED_HOURLY_COMPONENTS
SH-EN-ALERCE,2022-08-13,2022,225,-40.1726,24,2022081300,2022081323,10.84,8.8399999999999999,7.7800000000000002,10.84,8.8399999999999999,7.7837500000000004,0,0,0.0037500000000001421,160.46352914023782,147.30346357403369,55.933125946490691,251.72995051412011,0,-13.160065566204139,false,true,ADMITTED_DAILY_NONNEGATIVE_WITH_SIGNED_HOURLY_COMPONENTS
SH-EN-ALERCE,2022-08-14,2022,226,-40.1726,24,2022081400,2022081423,9.3800000000000008,6.96,5.3099999999999996,9.3800000000000008,6.96,5.3145833333333332,0,0,0.0045833333333336057,197.12041837338484,186.00165249753195,82.287004510882753,258.05259609972609,0,-11.118765875852887,false,true,ADMITTED_DAILY_NONNEGATIVE_WITH_SIGNED_HOURLY_COMPONENTS
SH-EN-ALERCE,2022-08-15,2022,227,-40.1726,24,2022081500,2022081523,9.9399999999999995,6.9400000000000004,6.4500000000000002,9.9399999999999995,6.9400000000000004,6.4466666666666663,0,0,-0.0033333333333338544,145.74104377203139,97.069404694932544,39.382320430003347,162.67500268739389,0,-48.671639077098845,false,true,ADMITTED_DAILY_NONNEGATIVE_WITH_SIGNED_HOURLY_COMPONENTS
SH-EN-ALERCE,2022-08-16,2022,228,-40.1726,24,2022081600,2022081623,8.5899999999999999,7.1299999999999999,5.6100000000000003,8.5899999999999999,7.1299999999999999,5.6133333333333333,0,0,0.0033333333333329662,153.5822698553111,152.32457635406985,73.713747310654185,242.2350689380886,0,-1.2576935012412491,false,true,ADMITTED_DAILY_NONNEGATIVE_WITH_SIGNED_HOURLY_COMPONENTS
SH-EN-ALERCE,2022-08-17,2022,229,-40.1726,24,2022081700,2022081723,8.4199999999999999,6,4.2699999999999996,8.4199999999999999,6,4.270833333333333,0,0,0.0008333333333334636,190.63076006291669,197.36508010629723,116.52885758670311,276.74299991073258,0,6.734320043380535,false,true,ADMITTED_DAILY_NONNEGATIVE_WITH_SIGNED_HOURLY_COMPONENTS
SH-EN-ALERCE,2022-08-18,2022,230,-40.1726,24,2022081800,2022081823,9.4100000000000001,6.29,5.1500000000000004,9.4100000000000001,6.29,5.1470833333333337,0,0,-0.0029166666666666785,185.6631355872953,189.73478603824427,153.16319526502514,265.65543549900565,0,4.0716504509489653,false,true,ADMITTED_DAILY_NONNEGATIVE_WITH_SIGNED_HOURLY_COMPONENTS
SH-EN-ALERCE,2022-08-19,2022,231,-40.1726,24,2022081900,2022081923,11.67,6.4500000000000002,7.9400000000000004,11.67,6.4500000000000002,7.9349999999999996,0,0,-0.0050000000000007816,100.09676417481273,105.06652016057033,18.892373269466589,255.64605285697871,0,4.969755985757601,false,true,ADMITTED_DAILY_NONNEGATIVE_WITH_SIGNED_HOURLY_COMPONENTS
SH-EN-ALERCE,2022-08-20,2022,232,-40.1726,24,2022082000,2022082023,11.67,8.7699999999999996,8.9900000000000002,11.67,8.7699999999999996,8.9904166666666665,0,0,0.00041666666666628771,104.05373912321534,88.608460978447852,11.520104067036755,206.61328981470797,0,-15.445278144767485,false,true,ADMITTED_DAILY_NONNEGATIVE_WITH_SIGNED_HOURLY_COMPONENTS
SH-EN-ALERCE,2022-08-21,2022,233,-40.1726,24,2022082100,2022082123,13.56,7.3200000000000003,7.9699999999999998,13.56,7.3200000000000003,7.970416666666666,0,0,0.00041666666666628771,218.22792286153754,171.47866579420042,30.454123772033654,442.26922155339889,0,-46.749257067337112,false,true,ADMITTED_DAILY_NONNEGATIVE_WITH_SIGNED_HOURLY_COMPONENTS
SH-EN-ALERCE,2022-08-22,2022,234,-40.1726,24,2022082200,2022082223,11.720000000000001,7.8499999999999996,8.2899999999999991,11.720000000000001,7.8499999999999996,8.2916666666666661,0,0,0.0016666666666669272,125.22546618804972,97.608733892051376,20.816743816241797,235.77835906723749,0,-27.616732295998347,false,true,ADMITTED_DAILY_NONNEGATIVE_WITH_SIGNED_HOURLY_COMPONENTS
SH-EN-ALERCE,2022-08-23,2022,235,-40.1726,24,2022082300,2022082323,9.8800000000000008,4.3300000000000001,6.2199999999999998,9.8800000000000008,4.3300000000000001,6.217083333333334,0,0,-0.0029166666666657903,75.786157494054805,127.53609072975365,26.544727268199495,309.973291450857,0,51.749933235698848,false,true,ADMITTED_DAILY_NONNEGATIVE_WITH_SIGNED_HOURLY_COMPONENTS
SH-EN-ALERCE,2022-08-24,2022,236,-40.1726,24,2022082400,2022082423,9.1799999999999997,3.52,3,9.1799999999999997,3.52,2.9970833333333338,0,0,-0.0029166666666662344,216.37733493205371,189.53673634885789,35.640698906649504,423.75776395094886,0,-26.840598583195828,false,true,ADMITTED_DAILY_NONNEGATIVE_WITH_SIGNED_HOURLY_COMPONENTS
SH-EN-ALERCE,2022-08-25,2022,237,-40.1726,24,2022082500,2022082523,9.5099999999999998,5.54,5.1200000000000001,9.5099999999999998,5.54,5.1158333333333337,0,0,-0.0041666666666664298,167.33683515498831,136.31530792891934,51.722683673376423,292.94068722578822,0,-31.021527226068969,false,true,ADMITTED_DAILY_NONNEGATIVE_WITH_SIGNED_HOURLY_COMPONENTS
SH-EN-ALERCE,2022-08-26,2022,238,-40.1726,24,2022082600,2022082623,9.2699999999999996,6.8200000000000003,5.9100000000000001,9.2699999999999996,6.8200000000000003,5.9104166666666664,0,0,0.00041666666666628771,150.05748167431977,147.59146295890068,74.313753203206943,217.75377617686172,0,-2.4660187154190965,false,true,ADMITTED_DAILY_NONNEGATIVE_WITH_SIGNED_HOURLY_COMPONENTS
SH-EN-ALERCE,2022-08-27,2022,239,-40.1726,24,2022082700,2022082723,9.0600000000000005,5.5,3.48,9.0600000000000005,5.5,3.4820833333333332,0,0,0.0020833333333332149,244.00367891139297,220.24337167110693,116.84235577705533,391.78524799989395,0,-23.760307240286039,false,true,ADMITTED_DAILY_NONNEGATIVE_WITH_SIGNED_HOURLY_COMPONENTS
SH-EN-ALERCE,2022-08-28,2022,240,-40.1726,24,2022082800,2022082823,13.25,4.5199999999999996,5.1500000000000004,13.25,4.5199999999999996,5.1545833333333331,0,0,0.0045833333333327175,301.48928883818803,243.7405337775983,106.05610920756442,532.96994071621464,0,-57.74875506058973,false,true,ADMITTED_DAILY_NONNEGATIVE_WITH_SIGNED_HOURLY_COMPONENTS
SH-EN-ALERCE,2022-08-29,2022,241,-40.1726,24,2022082900,2022082923,12.34,5.0999999999999996,6.2800000000000002,12.34,5.0999999999999996,6.2779166666666661,0,0,-0.0020833333333341031,202.97735836792913,166.8267908399819,31.876420303050281,391.25224855849956,0,-36.150567527947231,false,true,ADMITTED_DAILY_NONNEGATIVE_WITH_SIGNED_HOURLY_COMPONENTS
SH-EN-ALERCE,2022-08-30,2022,242,-40.1726,24,2022083000,2022083023,9.6999999999999993,6.4100000000000001,6.3300000000000001,9.6999999999999993,6.4100000000000001,6.331666666666667,0,0,0.0016666666666669272,126.05067942897119,117.02655267070359,15.160225310386863,232.84386937291879,0,-9.0241267582675988,false,true,ADMITTED_DAILY_NONNEGATIVE_WITH_SIGNED_HOURLY_COMPONENTS
SH-EN-ALERCE,2022-08-31,2022,243,-40.1726,24,2022083100,2022083123,9.4000000000000004,7.29,7.0800000000000001,9.4000000000000004,7.29,7.0799999999999992,0,0,-8.8817841970012523e-16,93.344428263426721,90.071530966504497,43.950578385362292,160.84981742109471,0,-3.2728972969222241,false,true,ADMITTED_DAILY_NONNEGATIVE_WITH_SIGNED_HOURLY_COMPONENTS
SH-EN-ALERCE,2022-09-01,2022,244,-40.1726,24,2022090100,2022090123,10.699999999999999,6.04,5.3799999999999999,10.699999999999999,6.04,5.3775000000000004,0,0,-0.0024999999999995026,216.5114836712936,214.86365948372904,64.611390043728079,450.3659997560386,0,-1.6478241875645665,false,true,ADMITTED_DAILY_NONNEGATIVE_WITH_SIGNED_HOURLY_COMPONENTS
SH-EN-ALERCE,2022-09-02,2022,245,-40.1726,24,2022090200,2022090223,11.9,5.1799999999999997,4.9500000000000002,11.9,5.1799999999999997,4.9458333333333337,0,0,-0.0041666666666664298,269.06615088961985,226.6046426216673,84.136495852467988,483.13482210452582,0,-42.461508267952553,false,true,ADMITTED_DAILY_NONNEGATIVE_WITH_SIGNED_HOURLY_COMPONENTS
SH-EN-ALERCE,2022-09-03,2022,246,-40.1726,24,2022090300,2022090323,11.619999999999999,6.1500000000000004,6.46,11.619999999999999,6.1500000000000004,6.4604166666666671,0,0,0.00041666666666717589,191.02374620819853,154.44652461040764,57.360919601819433,352.79955244454925,0,-36.577221597790896,false,true,ADMITTED_DAILY_NONNEGATIVE_WITH_SIGNED_HOURLY_COMPONENTS
SH-EN-ALERCE,2022-09-04,2022,247,-40.1726,24,2022090400,2022090423,12.23,7.1200000000000001,7.0499999999999998,12.23,7.1200000000000001,7.0454166666666671,0,0,-0.0045833333333327175,211.75727129438735,153.89988106636585,14.455824702718019,371.89198882730329,0,-57.857390228021501,false,true,ADMITTED_DAILY_NONNEGATIVE_WITH_SIGNED_HOURLY_COMPONENTS
SH-EN-ALERCE,2022-09-05,2022,248,-40.1726,24,2022090500,2022090523,11.42,6.7199999999999998,6.9800000000000004,11.42,6.7199999999999998,6.980833333333333,0,0,0.00083333333333257542,165.80353343564161,132.16633147276454,29.164170299019247,312.63213288787597,0,-33.637201962877072,false,true,ADMITTED_DAILY_NONNEGATIVE_WITH_SIGNED_HOURLY_COMPONENTS
SH-EN-ALERCE,2022-09-06,2022,249,-40.1726,24,2022090600,2022090623,10.779999999999999,8.7100000000000009,8.8699999999999992,10.779999999999999,8.7100000000000009,8.8704166666666673,0,0,0.00041666666666806407,71.684079463013632,77.57080699313525,54.955069405279119,102.22444160736359,0,5.8867275301216182,false,true,ADMITTED_DAILY_NONNEGATIVE_WITH_SIGNED_HOURLY_COMPONENTS
SH-EN-ALERCE,2022-09-07,2022,250,-40.1726,24,2022090700,2022090723,8.0299999999999994,6.1200000000000001,4.3499999999999996,8.0299999999999994,6.1200000000000001,4.3520833333333337,0,0,0.0020833333333341031,175.4202355661414,163.16136097627145,69.041112402356021,292.73042058439978,0,-12.258874589869947,false,true,ADMITTED_DAILY_NONNEGATIVE_WITH_SIGNED_HOURLY_COMPONENTS
SH-EN-ALERCE,2022-09-08,2022,251,-40.1726,24,2022090800,2022090823,8.1699999999999999,5.3200000000000003,4.4699999999999998,8.1699999999999999,5.3200000000000003,4.4662499999999996,0,0,-0.0037500000000001421,148.06098864568821,148.71382589242108,86.811387333376615,262.2095790718954,0,0.65283724673287225,false,true,ADMITTED_DAILY_NONNEGATIVE_WITH_SIGNED_HOURLY_COMPONENTS
SH-EN-ALERCE,2022-09-09,2022,252,-40.1726,24,2022090900,2022090923,10,5.1500000000000004,4.7699999999999996,10,5.1500000000000004,4.7700000000000005,0,0,8.8817841970012523e-16,196.32005355101546,168.18160783098867,64.078400706041862,348.3176725946895,0,-28.138445720026795,false,true,ADMITTED_DAILY_NONNEGATIVE_WITH_SIGNED_HOURLY_COMPONENTS
SH-EN-ALERCE,2022-09-10,2022,253,-40.1726,24,2022091000,2022091023,12.01,6.1399999999999997,6.5499999999999998,12.01,6.1399999999999997,6.5533333333333337,0,0,0.0033333333333338544,202.53113837875537,173.22074598532666,66.853787311384167,385.51619939229693,0,-29.310392393428714,false,true,ADMITTED_DAILY_NONNEGATIVE_WITH_SIGNED_HOURLY_COMPONENTS
SH-EN-ALERCE,2022-09-11,2022,254,-40.1726,24,2022091100,2022091123,10.300000000000001,7.3200000000000003,6.9000000000000004,10.300000000000001,7.3200000000000003,6.8999999999999995,0,0,-8.8817841970012523e-16,143.47739932920229,113.20551998301335,53.760884395529615,261.96324128274102,0,-30.271879346188939,false,true,ADMITTED_DAILY_NONNEGATIVE_WITH_SIGNED_HOURLY_COMPONENTS
SH-EN-ALERCE,2022-09-12,2022,255,-40.1726,24,2022091200,2022091223,11.19,7.5599999999999996,7.25,11.19,7.5599999999999996,7.2520833333333341,0,0,0.0020833333333341031,166.0261402808602,132.0887676236143,47.408634086924963,282.48714972586583,0,-33.937372657245902,false,true,ADMITTED_DAILY_NONNEGATIVE_WITH_SIGNED_HOURLY_COMPONENTS
SH-EN-ALERCE,2022-09-13,2022,256,-40.1726,24,2022091300,2022091323,10.109999999999999,8.1400000000000006,7.8200000000000003,10.109999999999999,8.1400000000000006,7.8162500000000001,0,0,-0.0037500000000001421,100.35400374115147,104.32578076081832,57.55053496347773,159.88295345162123,0,3.9717770196668454,false,true,ADMITTED_DAILY_NONNEGATIVE_WITH_SIGNED_HOURLY_COMPONENTS
SH-EN-ALERCE,2022-09-14,2022,257,-40.1726,24,2022091400,2022091423,10.67,9.1799999999999997,8.9499999999999993,10.67,9.1799999999999997,8.9512499999999999,0,0,0.0012500000000006395,78.957027762994358,86.509244729399654,52.564950572809266,143.09602418464806,0,7.5522169664052967,false,true,ADMITTED_DAILY_NONNEGATIVE_WITH_SIGNED_HOURLY_COMPONENTS
SH-EN-ALERCE,2022-09-15,2022,258,-40.1726,24,2022091500,2022091523,10.970000000000001,5.3200000000000003,9.3000000000000007,10.970000000000001,5.3200000000000003,9.2991666666666664,0,0,-0.00083333333333435178,-70.492437340680226,40.573438934082574,30.632806438954958,49.418391876552732,0,111.0658762747628,false,true,ADMITTED_DAILY_NONNEGATIVE_WITH_SIGNED_HOURLY_COMPONENTS
SH-EN-ALERCE,2022-09-16,2022,259,-40.1726,24,2022091600,2022091623,9.4499999999999993,4.2699999999999996,4.0099999999999998,9.4499999999999993,4.2699999999999996,4.00875,0,0,-0.0012499999999997513,192.30537650907559,151.03622847033083,22.996521516517419,368.45191290611137,0,-41.26914803874476,false,true,ADMITTED_DAILY_NONNEGATIVE_WITH_SIGNED_HOURLY_COMPONENTS
SH-EN-ALERCE,2022-09-17,2022,260,-40.1726,24,2022091700,2022091723,9.5600000000000005,4.6200000000000001,2.71,9.5600000000000005,4.6200000000000001,2.7066666666666666,0,0,-0.0033333333333334103,278.52066488702474,240.78986986014297,106.07305374143596,505.54215380966423,0,-37.730795026881765,false,true,ADMITTED_DAILY_NONNEGATIVE_WITH_SIGNED_HOURLY_COMPONENTS
SH-EN-ALERCE,2022-09-18,2022,261,-40.1726,24,2022091800,2022091823,7.9000000000000004,5.1600000000000001,3.0800000000000001,7.9000000000000004,5.1600000000000001,3.0833333333333335,0,0,0.0033333333333334103,211.71349785994494,199.25198595118255,122.34632825306767,312.54454354007498,0,-12.46151190876239,false,true,ADMITTED_DAILY_NONNEGATIVE_WITH_SIGNED_HOURLY_COMPONENTS
SH-EN-ALERCE,2022-09-19,2022,262,-40.1726,24,2022091900,2022091923,8.4399999999999995,6,4.6500000000000004,8.4399999999999995,6,4.645833333333333,0,0,-0.004166666666667318,168.99953654006879,150.63184903586372,91.658752216114522,242.88826065851276,0,-18.367687504205065,false,true,ADMITTED_DAILY_NONNEGATIVE_WITH_SIGNED_HOURLY_COMPONENTS
SH-EN-ALERCE,2022-09-20,2022,263,-40.1726,24,2022092000,2022092023,8.0800000000000001,5.7199999999999998,4.2999999999999998,8.0800000000000001,5.7199999999999998,4.2958333333333334,0,0,-0.0041666666666664298,167.28808171005471,148.00076426411366,77.001157556919452,233.93361224895693,0,-19.287317445941056,false,true,ADMITTED_DAILY_NONNEGATIVE_WITH_SIGNED_HOURLY_COMPONENTS
SH-EN-ALERCE,2022-09-21,2022,264,-40.1726,24,2022092100,2022092123,8.1899999999999995,5.7599999999999998,4.8799999999999999,8.1899999999999995,5.7599999999999998,4.88375,0,0,0.0037500000000001421,138.17679611049414,123.48732570739504,39.433703055324031,228.32552215482565,0,-14.689470403099094,false,true,ADMITTED_DAILY_NONNEGATIVE_WITH_SIGNED_HOURLY_COMPONENTS
SH-EN-ALERCE,2022-09-22,2022,265,-40.1726,24,2022092200,2022092223,10.57,8.25,9.4100000000000001,10.57,8.25,9.40625,0,0,-0.0037500000000001421,3.1672269810546823,31.898074525360954,19.280409336682624,45.353891755105906,0,28.730847544306272,false,true,ADMITTED_DAILY_NONNEGATIVE_WITH_SIGNED_HOURLY_COMPONENTS
SH-EN-ALERCE,2022-09-23,2022,266,-40.1726,24,2022092300,2022092323,11,6.2699999999999996,6.4199999999999999,11,6.2699999999999996,6.4229166666666666,0,0,0.0029166666666666785,170.07304503655689,185.55400137103314,23.548658753631344,393.19691403923264,0,15.480956334476247,false,true,ADMITTED_DAILY_NONNEGATIVE_WITH_SIGNED_HOURLY_COMPONENTS
SH-EN-ALERCE,2022-09-24,2022,267,-40.1726,24,2022092400,2022092423,11.26,5.1200000000000001,5.5999999999999996,11.26,5.1200000000000001,5.6004166666666668,0,0,0.00041666666666717589,198.08217875526896,173.26732095558523,56.3400287036078,380.90546010854507,0,-24.814857799683722,false,true,ADMITTED_DAILY_NONNEGATIVE_WITH_SIGNED_HOURLY_COMPONENTS
SH-EN-ALERCE,2022-09-25,2022,268,-40.1726,24,2022092500,2022092523,9.9199999999999999,6.8099999999999996,6.5700000000000003,9.9199999999999999,6.8099999999999996,6.5670833333333336,0,0,-0.0029166666666666785,132.46994660523364,138.18275511979377,52.679772421332245,230.49069596186825,0,5.7128085145601233,false,true,ADMITTED_DAILY_NONNEGATIVE_WITH_SIGNED_HOURLY_COMPONENTS
SH-EN-ALERCE,2022-09-26,2022,269,-40.1726,24,2022092600,2022092623,11.73,7.5199999999999996,7.54,11.73,7.5199999999999996,7.5408333333333326,0,0,0.00083333333333257542,168.37374820180912,183.47443394202512,33.549637485857829,403.95224796166269,0,15.100685740215994,false,true,ADMITTED_DAILY_NONNEGATIVE_WITH_SIGNED_HOURLY_COMPONENTS
SH-EN-ALERCE,2022-09-27,2022,270,-40.1726,24,2022092700,2022092723,13.33,6.2000000000000002,6.25,13.33,6.2000000000000002,6.2520833333333341,0,0,0.0020833333333341031,287.8553267877279,254.19947482145585,87.929130961064061,517.93903356830299,0,-33.655851966272053,false,true,ADMITTED_DAILY_NONNEGATIVE_WITH_SIGNED_HOURLY_COMPONENTS
SH-EN-ALERCE,2022-09-28,2022,271,-40.1726,24,2022092800,2022092823,14.9,6.79,7.7000000000000002,14.9,6.79,7.6991666666666667,0,0,-0.0008333333333334636,289.90472746808791,241.8345039816156,64.049025549457838,548.2549061472937,0,-48.070223486472315,false,true,ADMITTED_DAILY_NONNEGATIVE_WITH_SIGNED_HOURLY_COMPONENTS
SH-EN-ALERCE,2022-09-29,2022,272,-40.1726,24,2022092900,2022092923,12.59,7.5300000000000002,7.7699999999999996,12.59,7.5300000000000002,7.7720833333333337,0,0,0.0020833333333341031,192.41034515346769,172.53784920152779,45.097569203227749,394.0383457621349,0,-19.872495951939896,false,true,ADMITTED_DAILY_NONNEGATIVE_WITH_SIGNED_HOURLY_COMPONENTS
SH-EN-ALERCE,2022-09-30,2022,273,-40.1726,24,2022093000,2022093023,11.92,8.7799999999999994,9.1199999999999992,11.92,8.7799999999999994,9.1204166666666655,0,0,0.00041666666666628771,105.74487998706559,96.830460176673682,45.015363193132316,205.94999792974841,0,-8.9144198103919052,false,true,ADMITTED_DAILY_NONNEGATIVE_WITH_SIGNED_HOURLY_COMPONENTS
SH-EN-ALERCE,2022-10-01,2022,274,-40.1726,24,2022100100,2022100123,14.369999999999999,8.2699999999999996,7.7199999999999998,14.369999999999999,8.2699999999999996,7.7233333333333336,0,0,0.0033333333333338544,312.54398283634032,269.36202246530979,58.56089488604448,579.15196534738857,0,-43.181960371030527,false,true,ADMITTED_DAILY_NONNEGATIVE_WITH_SIGNED_HOURLY_COMPONENTS
SH-EN-ALERCE,2022-10-02,2022,275,-40.1726,24,2022100200,2022100223,13.98,8.8599999999999994,7.7300000000000004,13.98,8.8599999999999994,7.7300000000000004,0,0,0,313.68875536153632,227.20871859782176,88.935372681724857,389.50900230373031,0,-86.480036763714565,false,true,ADMITTED_DAILY_NONNEGATIVE_WITH_SIGNED_HOURLY_COMPONENTS
SH-EN-ALERCE,2022-10-03,2022,276,-40.1726,24,2022100300,2022100323,10.73,8.7100000000000009,8.1600000000000001,10.73,8.7100000000000009,8.1570833333333344,0,0,-0.0029166666666657903,123.03524333057931,130.46100322539772,65.292880713341674,204.53238074077331,0,7.4257598948184125,false,true,ADMITTED_DAILY_NONNEGATIVE_WITH_SIGNED_HOURLY_COMPONENTS
SH-EN-ALERCE,2022-10-04,2022,277,-40.1726,24,2022100400,2022100423,11.550000000000001,7.9500000000000002,8.8900000000000006,11.550000000000001,7.9500000000000002,8.8912500000000012,0,0,0.0012500000000006395,75.745744379025609,113.56754293893466,57.729481469769212,234.68170378642981,0,37.821798559909055,false,true,ADMITTED_DAILY_NONNEGATIVE_WITH_SIGNED_HOURLY_COMPONENTS
SH-EN-ALERCE,2022-10-05,2022,278,-40.1726,24,2022100500,2022100523,10.33,7.8600000000000003,7.8499999999999996,10.33,7.8600000000000003,7.845416666666666,0,0,-0.0045833333333336057,97.124201083958951,84.638294026871762,23.299537930507313,154.9677087082207,0,-12.485907057087189,false,true,ADMITTED_DAILY_NONNEGATIVE_WITH_SIGNED_HOURLY_COMPONENTS
SH-EN-ALERCE,2022-10-06,2022,279,-40.1726,24,2022100600,2022100623,11.359999999999999,8.5899999999999999,8.4900000000000002,11.359999999999999,8.5899999999999999,8.4945833333333329,0,0,0.0045833333333327175,121.45267017221181,123.28583045858637,23.732525441900862,325.24755334245197,0,1.8331602863745644,false,true,ADMITTED_DAILY_NONNEGATIVE_WITH_SIGNED_HOURLY_COMPONENTS
SH-EN-ALERCE,2022-10-07,2022,280,-40.1726,24,2022100700,2022100723,11.119999999999999,6.1600000000000001,6.54,11.119999999999999,6.1600000000000001,6.5395833333333329,0,0,-0.00041666666666717589,163.72017193201782,181.95837480112584,39.026978214734754,357.1911188950686,0,18.238202869108022,false,true,ADMITTED_DAILY_NONNEGATIVE_WITH_SIGNED_HOURLY_COMPONENTS
SH-EN-ALERCE,2022-10-08,2022,281,-40.1726,24,2022100800,2022100823,11.43,5.8399999999999999,4.0499999999999998,11.43,5.8399999999999999,4.052083333333333,0,0,0.0020833333333332149,321.62810322358962,284.25765605439295,99.931725407874865,518.2082576374471,0,-37.370447169196666,false,true,ADMITTED_DAILY_NONNEGATIVE_WITH_SIGNED_HOURLY_COMPONENTS
SH-EN-ALERCE,2022-10-09,2022,282,-40.1726,24,2022100900,2022100923,11.52,5.2300000000000004,4.5499999999999998,11.52,5.2300000000000004,4.5470833333333331,0,0,-0.0029166666666666785,277.31313605546893,254.46150482153686,91.663203177036053,483.57301951649458,0,-22.851631233932068,false,true,ADMITTED_DAILY_NONNEGATIVE_WITH_SIGNED_HOURLY_COMPONENTS
SH-EN-ALERCE,2022-10-10,2022,283,-40.1726,24,2022101000,2022101023,11.92,6.4900000000000002,5.5599999999999996,11.92,6.4900000000000002,5.5562499999999995,0,0,-0.0037500000000001421,274.24256341474143,239.54859098052034,80.395875236811889,473.86562250113548,0,-34.693972434221081,false,true,ADMITTED_DAILY_NONNEGATIVE_WITH_SIGNED_HOURLY_COMPONENTS
SH-EN-ALERCE,2022-10-11,2022,284,-40.1726,24,2022101100,2022101123,10.51,7.2400000000000002,8.0199999999999996,10.51,7.2400000000000002,8.0179166666666664,0,0,-0.0020833333333332149,70.295935556238192,79.821181363065492,27.452196844860282,128.48879247610785,0,9.5252458068273,false,true,ADMITTED_DAILY_NONNEGATIVE_WITH_SIGNED_HOURLY_COMPONENTS
SH-EN-ALERCE,2022-10-12,2022,285,-40.1726,24,2022101200,2022101223,9.8699999999999992,5.1100000000000003,5.2999999999999998,9.8699999999999992,5.1100000000000003,5.2987500000000001,0,0,-0.0012499999999997513,157.42113451389946,216.60478919895218,126.42365444421023,402.71483503962259,0,59.183654685052716,false,true,ADMITTED_DAILY_NONNEGATIVE_WITH_SIGNED_HOURLY_COMPONENTS
SH-EN-ALERCE,2022-10-13,2022,286,-40.1726,24,2022101300,2022101323,9.5199999999999996,3.8900000000000001,2.9199999999999999,9.5199999999999996,3.8900000000000001,2.9241666666666668,0,0,0.0041666666666668739,244.52797466734035,242.95667395552368,94.224498023174419,476.63647730414368,0,-1.5713007118166615,false,true,ADMITTED_DAILY_NONNEGATIVE_WITH_SIGNED_HOURLY_COMPONENTS
SH-EN-ALERCE,2022-10-14,2022,287,-40.1726,24,2022101400,2022101423,13.41,7.9900000000000002,7.7800000000000002,13.41,7.9900000000000002,7.7770833333333336,0,0,-0.0029166666666666785,248.4270387067138,227.90841186715588,59.119566639488312,453.16343061509656,0,-20.518626839557925,false,true,ADMITTED_DAILY_NONNEGATIVE_WITH_SIGNED_HOURLY_COMPONENTS
SH-EN-ALERCE,2022-10-15,2022,288,-40.1726,24,2022101500,2022101523,14.9,7.7699999999999996,8.0099999999999998,14.9,7.7699999999999996,8.0058333333333334,0,0,-0.0041666666666664298,301.73914038437033,254.61159844689669,48.088219103497295,619.43533141780699,0,-47.127541937473637,false,true,ADMITTED_DAILY_NONNEGATIVE_WITH_SIGNED_HOURLY_COMPONENTS
SH-EN-ALERCE,2022-10-16,2022,289,-40.1726,24,2022101600,2022101623,14.52,9.1799999999999997,9.4199999999999999,14.52,9.1799999999999997,9.418333333333333,0,0,-0.0016666666666669272,226.681106928502,221.27934757933386,39.37983107006994,461.39814943725196,0,-5.4017593491681453,false,true,ADMITTED_DAILY_NONNEGATIVE_WITH_SIGNED_HOURLY_COMPONENTS
SH-EN-ALERCE,2022-10-17,2022,290,-40.1726,24,2022101700,2022101723,19.41,11.81,9.5500000000000007,19.41,11.81,9.5466666666666669,0,0,-0.0033333333333338544,628.23929305276556,532.7979211887673,240.1263842318549,1096.0504341453393,0,-95.441371863998256,false,true,ADMITTED_DAILY_NONNEGATIVE_WITH_SIGNED_HOURLY_COMPONENTS
SH-EN-ALERCE,2022-10-18,2022,291,-40.1726,24,2022101800,2022101823,16.710000000000001,9.2400000000000002,9.1500000000000004,16.710000000000001,9.2400000000000002,9.1479166666666671,0,0,-0.0020833333333332149,374.85934204304749,306.28751842799159,53.185054258251739,730.02972472440774,0,-68.571823615055905,false,true,ADMITTED_DAILY_NONNEGATIVE_WITH_SIGNED_HOURLY_COMPONENTS
SH-EN-ALERCE,2022-10-19,2022,292,-40.1726,24,2022101900,2022101923,12.82,8.2699999999999996,8.3100000000000005,12.82,8.2699999999999996,8.3079166666666673,0,0,-0.0020833333333332149,190.81122817745108,179.70292678846269,28.149806604970991,484.54253312863204,0,-11.108301388988394,false,true,ADMITTED_DAILY_NONNEGATIVE_WITH_SIGNED_HOURLY_COMPONENTS
SH-EN-ALERCE,2022-10-20,2022,293,-40.1726,24,2022102000,2022102023,11.869999999999999,7.5300000000000002,7.3099999999999996,11.869999999999999,7.5300000000000002,7.3049999999999997,0,0,-0.0049999999999998934,191.36197713010824,199.74077022849943,26.816660475907156,501.07793496137651,0,8.3787930983911849,false,true,ADMITTED_DAILY_NONNEGATIVE_WITH_SIGNED_HOURLY_COMPONENTS
SH-EN-ALERCE,2022-10-21,2022,294,-40.1726,24,2022102100,2022102123,12.619999999999999,5.9800000000000004,4.4299999999999997,12.619999999999999,5.9800000000000004,4.4279166666666665,0,0,-0.0020833333333332149,359.17406560552104,354.11103397542928,109.61419110860754,635.64744360006694,0,-5.0630316300917571,false,true,ADMITTED_DAILY_NONNEGATIVE_WITH_SIGNED_HOURLY_COMPONENTS
SH-EN-ALERCE,2022-10-22,2022,295,-40.1726,24,2022102200,2022102223,13.31,6.0999999999999996,4.8700000000000001,13.31,6.0999999999999996,4.8724999999999996,0,0,0.0024999999999995026,370.582233525986,321.27467581776506,139.15382960882778,659.32806136504564,0,-49.307557708220941,false,true,ADMITTED_DAILY_NONNEGATIVE_WITH_SIGNED_HOURLY_COMPONENTS
SH-EN-ALERCE,2022-10-23,2022,296,-40.1726,24,2022102300,2022102323,10.58,6.75,6.8300000000000001,10.58,6.75,6.8337499999999993,0,0,0.0037499999999992539,140.42735164455428,173.54808732161507,39.329714081104612,357.86364789050344,0,33.120735677060793,false,true,ADMITTED_DAILY_NONNEGATIVE_WITH_SIGNED_HOURLY_COMPONENTS
SH-EN-ALERCE,2022-10-24,2022,297,-40.1726,24,2022102400,2022102423,12.49,10.66,10.57,12.49,10.66,10.570833333333333,0,0,0.00083333333333257542,90.273395555087745,70.994235315977562,26.869188651450031,174.56927256527865,0,-19.279160239110183,false,true,ADMITTED_DAILY_NONNEGATIVE_WITH_SIGNED_HOURLY_COMPONENTS
SH-EN-ALERCE,2022-10-25,2022,298,-40.1726,24,2022102500,2022102523,13.08,10.17,10.210000000000001,13.08,10.17,10.213749999999999,0,0,0.0037499999999983658,128.4742100465603,127.39954988056449,32.856989264429558,310.19346753271793,0,-1.0746601659958088,false,true,ADMITTED_DAILY_NONNEGATIVE_WITH_SIGNED_HOURLY_COMPONENTS
SH-EN-ALERCE,2022-10-26,2022,299,-40.1726,24,2022102600,2022102623,12.76,9.5299999999999994,7.6799999999999997,12.76,9.5299999999999994,7.6833333333333336,0,0,0.0033333333333338544,282.50737720188931,265.37278152898233,73.71656384269636,545.11954725937642,0,-17.134595672906983,false,true,ADMITTED_DAILY_NONNEGATIVE_WITH_SIGNED_HOURLY_COMPONENTS
SH-EN-ALERCE,2022-10-27,2022,300,-40.1726,24,2022102700,2022102723,12.140000000000001,9.5099999999999998,9.2300000000000004,12.140000000000001,9.5099999999999998,9.2300000000000004,0,0,0,135.87079838299337,152.12423152382743,34.461082816564385,310.97015283810083,0,16.253433140834062,false,true,ADMITTED_DAILY_NONNEGATIVE_WITH_SIGNED_HOURLY_COMPONENTS
SH-EN-ALERCE,2022-10-28,2022,301,-40.1726,24,2022102800,2022102823,12.06,9.4299999999999997,8.5600000000000005,12.06,9.4299999999999997,8.5625,0,0,0.0024999999999995026,180.60320429412991,182.38935307061061,33.567646037864506,359.22757258512343,0,1.7861487764807009,false,true,ADMITTED_DAILY_NONNEGATIVE_WITH_SIGNED_HOURLY_COMPONENTS
SH-EN-ALERCE,2022-10-29,2022,302,-40.1726,24,2022102900,2022102923,11.640000000000001,7.3700000000000001,6.7800000000000002,11.640000000000001,7.3700000000000001,6.7766666666666664,0,0,-0.0033333333333338544,211.78257296614174,207.0115854809784,23.035132274049829,432.22159046602872,0,-4.7709874851633458,false,true,ADMITTED_DAILY_NONNEGATIVE_WITH_SIGNED_HOURLY_COMPONENTS
SH-EN-ALERCE,2022-10-30,2022,303,-40.1726,24,2022103000,2022103023,13.050000000000001,6.3600000000000003,4.3399999999999999,13.050000000000001,6.3600000000000003,4.3408333333333333,0,0,0.0008333333333334636,397.74525516319011,369.06527572877889,122.81594070627295,662.33361543097965,0,-28.679979434411223,false,true,ADMITTED_DAILY_NONNEGATIVE_WITH_SIGNED_HOURLY_COMPONENTS
SH-EN-ALERCE,2022-10-31,2022,304,-40.1726,24,2022103100,2022103123,15.24,6.1100000000000003,5.1699999999999999,15.24,6.1100000000000003,5.166666666666667,0,0,-0.0033333333333329662,454.34822720733246,418.63168248294409,95.119955046414475,822.34788673996457,0,-35.71654472438837,false,true,ADMITTED_DAILY_NONNEGATIVE_WITH_SIGNED_HOURLY_COMPONENTS
SH-EN-ALERCE,2022-11-01,2022,305,-40.1726,24,2022110100,2022110123,17.890000000000001,6.6699999999999999,6.4100000000000001,17.890000000000001,6.6699999999999999,6.4141666666666666,0,0,0.0041666666666664298,552.58243086237542,539.80252229894904,97.894806442747267,1076.5123868298142,0,-12.779908563426375,false,true,ADMITTED_DAILY_NONNEGATIVE_WITH_SIGNED_HOURLY_COMPONENTS
SH-EN-ALERCE,2022-11-02,2022,306,-40.1726,24,2022110200,2022110223,22.440000000000001,8.9399999999999995,7.6399999999999997,22.440000000000001,8.9399999999999995,7.6383333333333328,0,0,-0.0016666666666669272,882.79659562218194,774.17382495715162,114.40872084266402,1831.725816962698,0,-108.62277066503032,false,true,ADMITTED_DAILY_NONNEGATIVE_WITH_SIGNED_HOURLY_COMPONENTS
SH-EN-ALERCE,2022-11-03,2022,307,-40.1726,24,2022110300,2022110323,16.84,10.550000000000001,9.5800000000000001,16.84,10.550000000000001,9.5770833333333325,0,0,-0.0029166666666675667,402.23739160228297,339.33658626327951,73.364730458498798,773.14476009123428,0,-62.900805339003455,false,true,ADMITTED_DAILY_NONNEGATIVE_WITH_SIGNED_HOURLY_COMPONENTS
SH-EN-ALERCE,2022-11-04,2022,308,-40.1726,24,2022110400,2022110423,14.42,9.8100000000000005,9.4600000000000009,14.42,9.8100000000000005,9.4625000000000004,0,0,0.0024999999999995026,243.32918916997937,190.1207428308243,20.994419257114714,464.8327097616534,0,-53.208446339155074,false,true,ADMITTED_DAILY_NONNEGATIVE_WITH_SIGNED_HOURLY_COMPONENTS
SH-EN-ALERCE,2022-11-05,2022,309,-40.1726,24,2022110500,2022110523,12.6,8.7200000000000006,8.5199999999999996,12.6,8.7200000000000006,8.5199999999999996,0,0,0,181.41672399106369,174.35243792941409,39.735061872628421,383.49562184811725,0,-7.0642860616495966,false,true,ADMITTED_DAILY_NONNEGATIVE_WITH_SIGNED_HOURLY_COMPONENTS
SH-EN-ALERCE,2022-11-06,2022,310,-40.1726,24,2022110600,2022110623,13.69,8.2699999999999996,7.2300000000000004,13.69,8.2699999999999996,7.2312500000000002,0,0,0.0012499999999997513,311.90063616776922,294.00987636425992,85.126561032093605,546.14272826948718,0,-17.890759803509297,false,true,ADMITTED_DAILY_NONNEGATIVE_WITH_SIGNED_HOURLY_COMPONENTS
SH-EN-ALERCE,2022-11-07,2022,311,-40.1726,24,2022110700,2022110723,16.190000000000001,8.3699999999999992,9.4600000000000009,16.190000000000001,8.3699999999999992,9.4599999999999991,0,0,-1.7763568394002505e-15,286.0589215550981,289.01265688504378,12.650821197287542,744.73949761864719,0,2.9537353299456868,false,true,ADMITTED_DAILY_NONNEGATIVE_WITH_SIGNED_HOURLY_COMPONENTS
SH-EN-ALERCE,2022-11-08,2022,312,-40.1726,24,2022110800,2022110823,18.620000000000001,11.07,11.74,18.620000000000001,11.07,11.744166666666667,0,0,0.0041666666666664298,353.63756082312216,299.65671238429178,-25.624697311601267,799.59418306095745,5,-53.980848438830378,false,true,ADMITTED_DAILY_NONNEGATIVE_WITH_SIGNED_HOURLY_COMPONENTS
SH-EN-ALERCE,2022-11-09,2022,313,-40.1726,24,2022110900,2022110923,14.6,11.16,10.960000000000001,14.6,11.16,10.956666666666665,0,0,-0.0033333333333356308,185.10375282271139,127.53446379256222,-15.500639366333189,305.83472858103937,3,-57.569289030149164,false,true,ADMITTED_DAILY_NONNEGATIVE_WITH_SIGNED_HOURLY_COMPONENTS
SH-EN-ALERCE,2022-11-10,2022,314,-40.1726,24,2022111000,2022111023,13.880000000000001,11.35,10.67,13.880000000000001,11.35,10.665833333333333,0,0,-0.0041666666666664298,180.68861066809427,159.63746622358428,50.987209781083948,299.23934131471742,0,-21.051144444509987,false,true,ADMITTED_DAILY_NONNEGATIVE_WITH_SIGNED_HOURLY_COMPONENTS
SH-EN-ALERCE,2022-11-11,2022,315,-40.1726,24,2022111100,2022111123,13.6,11.32,11.029999999999999,13.6,11.32,11.027083333333332,0,0,-0.0029166666666675667,133.90457432149219,119.77224574692598,34.280642927308008,251.09522187192897,0,-14.132328574566216,false,true,ADMITTED_DAILY_NONNEGATIVE_WITH_SIGNED_HOURLY_COMPONENTS
SH-EN-ALERCE,2022-11-12,2022,316,-40.1726,24,2022111200,2022111223,13.9,11.119999999999999,10.02,13.9,11.119999999999999,10.015833333333333,0,0,-0.0041666666666664298,226.13181428257781,209.41740618300378,37.314176168559243,402.43670656175436,0,-16.71440809957403,false,true,ADMITTED_DAILY_NONNEGATIVE_WITH_SIGNED_HOURLY_COMPONENTS
SH-EN-ALERCE,2022-11-13,2022,317,-40.1726,24,2022111300,2022111323,14.19,11.449999999999999,11.07,14.19,11.449999999999999,11.0725,0,0,0.0024999999999995026,166.62665522992233,147.46978845246613,54.678726540439357,331.6575101290905,0,-19.156866777456202,false,true,ADMITTED_DAILY_NONNEGATIVE_WITH_SIGNED_HOURLY_COMPONENTS
SH-EN-ALERCE,2022-11-14,2022,318,-40.1726,24,2022111400,2022111423,14.369999999999999,12.34,12.25,14.369999999999999,12.34,12.249166666666667,0,0,-0.00083333333333257542,110.00459791764638,97.695137252267912,37.555097923884205,222.76318515734783,0,-12.309460665378467,false,true,ADMITTED_DAILY_NONNEGATIVE_WITH_SIGNED_HOURLY_COMPONENTS
SH-EN-ALERCE,2022-11-15,2022,319,-40.1726,24,2022111500,2022111523,15.09,12.26,12.029999999999999,15.09,12.26,12.026249999999999,0,0,-0.0037500000000001421,165.68129294426512,151.82580370216127,-18.886059408585425,333.81897342801608,4,-13.855489242103857,false,true,ADMITTED_DAILY_NONNEGATIVE_WITH_SIGNED_HOURLY_COMPONENTS
SH-EN-ALERCE,2022-11-16,2022,320,-40.1726,24,2022111600,2022111623,16.460000000000001,12.279999999999999,12.26,16.460000000000001,12.279999999999999,12.258749999999999,0,0,-0.0012500000000006395,223.74557833542667,198.90691568086615,-16.057764405662056,490.06901368716217,5,-24.838662654560522,false,true,ADMITTED_DAILY_NONNEGATIVE_WITH_SIGNED_HOURLY_COMPONENTS
SH-EN-ALERCE,2022-11-17,2022,321,-40.1726,24,2022111700,2022111723,17.34,12.710000000000001,12.68,17.34,12.710000000000001,12.675416666666665,0,0,-0.0045833333333344939,258.02962703149751,198.09356922911002,-11.662784523217624,547.44212072504479,2,-59.936057802387495,false,true,ADMITTED_DAILY_NONNEGATIVE_WITH_SIGNED_HOURLY_COMPONENTS
SH-EN-ALERCE,2022-11-18,2022,322,-40.1726,24,2022111800,2022111823,15.630000000000001,10.68,10.94,15.630000000000001,10.68,10.9375,0,0,-0.0024999999999995026,222.91636875903941,252.85144316831986,41.27860588259,436.63510876515761,0,29.935074409280446,false,true,ADMITTED_DAILY_NONNEGATIVE_WITH_SIGNED_HOURLY_COMPONENTS
SH-EN-ALERCE,2022-11-19,2022,323,-40.1726,24,2022111900,2022111923,14.06,8.7599999999999998,7.6799999999999997,14.06,8.7599999999999998,7.6829166666666664,0,0,0.0029166666666666785,317.59782355015227,310.35317615135642,146.69340963500917,543.33769543828566,0,-7.2446473987958484,false,true,ADMITTED_DAILY_NONNEGATIVE_WITH_SIGNED_HOURLY_COMPONENTS
SH-EN-ALERCE,2022-11-20,2022,324,-40.1726,24,2022112000,2022112023,16.530000000000001,7.2599999999999998,4.5599999999999996,16.530000000000001,7.2599999999999998,4.5612500000000002,0,0,0.0012500000000006395,604.44507042042733,599.83693223405385,141.46723012442737,1042.5559675854688,0,-4.6081381863734805,false,true,ADMITTED_DAILY_NONNEGATIVE_WITH_SIGNED_HOURLY_COMPONENTS
SH-EN-ALERCE,2022-11-21,2022,325,-40.1726,24,2022112100,2022112123,17.510000000000002,8.4600000000000009,6.0300000000000002,17.510000000000002,8.4600000000000009,6.0300000000000002,0,0,0,616.99413077077645,617.25903019045279,219.1938005424654,1152.9975781707974,0,0.26489941967633968,false,true,ADMITTED_DAILY_NONNEGATIVE_WITH_SIGNED_HOURLY_COMPONENTS
SH-EN-ALERCE,2022-11-22,2022,326,-40.1726,24,2022112200,2022112223,16.699999999999999,11.029999999999999,10.33,16.699999999999999,11.029999999999999,10.3325,0,0,0.0024999999999995026,352.88221324998835,317.78539603512576,70.276864460178786,636.19079476919023,0,-35.096817214862597,false,true,ADMITTED_DAILY_NONNEGATIVE_WITH_SIGNED_HOURLY_COMPONENTS
SH-EN-ALERCE,2022-11-23,2022,327,-40.1726,24,2022112300,2022112323,15.109999999999999,12.029999999999999,12.24,15.109999999999999,12.029999999999999,12.24375,0,0,0.0037500000000001421,136.48584210706304,135.57556450758352,23.451326825378146,253.38122676844409,0,-0.91027759947951381,false,true,ADMITTED_DAILY_NONNEGATIVE_WITH_SIGNED_HOURLY_COMPONENTS
SH-EN-ALERCE,2022-11-24,2022,328,-40.1726,24,2022112400,2022112423,16.760000000000002,10.119999999999999,7.1200000000000001,16.760000000000002,10.119999999999999,7.1229166666666659,0,0,0.0029166666666657903,563.01899482754607,542.72973721162782,114.24112733071524,994.49419726372639,0,-20.289257615918245,false,true,ADMITTED_DAILY_NONNEGATIVE_WITH_SIGNED_HOURLY_COMPONENTS
SH-EN-ALERCE,2022-11-25,2022,329,-40.1726,24,2022112500,2022112523,19.030000000000001,9.4199999999999999,7.9299999999999997,19.030000000000001,9.4199999999999999,7.9249999999999998,0,0,-0.0049999999999998934,623.61171476670984,641.66289243286531,143.65551313397737,1164.7294166255901,0,18.051177666155468,false,true,ADMITTED_DAILY_NONNEGATIVE_WITH_SIGNED_HOURLY_COMPONENTS
SH-EN-ALERCE,2022-11-26,2022,330,-40.1726,24,2022112600,2022112623,20.84,12.26,9.0399999999999991,20.84,12.26,9.0441666666666674,0,0,0.0041666666666682062,793.56334779291615,718.47337130463336,78.459220028974414,1428.0132304274359,0,-75.089976488282787,false,true,ADMITTED_DAILY_NONNEGATIVE_WITH_SIGNED_HOURLY_COMPONENTS
SH-EN-ALERCE,2022-11-27,2022,331,-40.1726,24,2022112700,2022112723,23.309999999999999,12.199999999999999,9.4900000000000002,23.309999999999999,12.199999999999999,9.4874999999999989,0,0,-0.002500000000001279,955.2362328250274,820.93472153703522,318.07254683280325,1671.927937750489,0,-134.30151128799218,false,true,ADMITTED_DAILY_NONNEGATIVE_WITH_SIGNED_HOURLY_COMPONENTS
SH-EN-ALERCE,2022-11-28,2022,332,-40.1726,24,2022112800,2022112823,17.690000000000001,11.49,10.369999999999999,17.690000000000001,11.49,10.370833333333334,0,0,0.00083333333333435178,431.35140875378352,343.52252773243549,83.826287945982585,819.79757198273569,0,-87.828881021348025,false,true,ADMITTED_DAILY_NONNEGATIVE_WITH_SIGNED_HOURLY_COMPONENTS
SH-EN-ALERCE,2022-11-29,2022,333,-40.1726,24,2022112900,2022112923,13.44,9.4199999999999999,9.8000000000000007,13.44,9.4199999999999999,9.7991666666666664,0,0,-0.00083333333333435178,149.63424517636417,175.14559282386756,74.917453739407847,238.15672518910083,0,25.511347647503385,false,true,ADMITTED_DAILY_NONNEGATIVE_WITH_SIGNED_HOURLY_COMPONENTS
SH-EN-ALERCE,2022-11-30,2022,334,-40.1726,24,2022113000,2022113023,14.359999999999999,7.2400000000000002,4.9500000000000002,14.359999999999999,7.2400000000000002,4.9495833333333339,0,0,-0.00041666666666628771,458.1416685374295,468.40666198722994,131.45602354010532,833.32107404044382,0,10.264993449800443,false,true,ADMITTED_DAILY_NONNEGATIVE_WITH_SIGNED_HOURLY_COMPONENTS
SH-EN-ALERCE,2022-12-01,2022,335,-40.1726,24,2022120100,2022120123,14.69,7.2400000000000002,5.6200000000000001,14.69,7.2400000000000002,5.6212499999999999,0,0,0.0012499999999997513,434.25651141446599,439.30876870618596,103.89534555720923,828.9912685838633,0,5.0522572917199682,false,true,ADMITTED_DAILY_NONNEGATIVE_WITH_SIGNED_HOURLY_COMPONENTS
SH-EN-ALERCE,2022-12-02,2022,336,-40.1726,24,2022120200,2022120223,14.84,9.7200000000000006,10.699999999999999,14.84,9.7200000000000006,10.703333333333333,0,0,0.0033333333333338544,159.72031521069744,206.0226863361097,7.7484010955197391,386.44521014429392,0,46.302371125412265,false,true,ADMITTED_DAILY_NONNEGATIVE_WITH_SIGNED_HOURLY_COMPONENTS
SH-EN-ALERCE,2022-12-03,2022,337,-40.1726,24,2022120300,2022120323,15.300000000000001,11.029999999999999,11.109999999999999,15.300000000000001,11.029999999999999,11.106250000000001,0,0,-0.0037499999999983658,204.60559074905768,197.38951018233521,-60.725348428921961,430.20630546434472,5,-7.2160805667224679,false,true,ADMITTED_DAILY_NONNEGATIVE_WITH_SIGNED_HOURLY_COMPONENTS
SH-EN-ALERCE,2022-12-04,2022,338,-40.1726,24,2022120400,2022120423,15.65,11.41,10.31,15.65,11.41,10.305416666666668,0,0,-0.0045833333333327175,309.77200614928256,297.74374706957309,52.489539229889488,569.68064914116121,0,-12.028259079709471,false,true,ADMITTED_DAILY_NONNEGATIVE_WITH_SIGNED_HOURLY_COMPONENTS
SH-EN-ALERCE,2022-12-05,2022,339,-40.1726,24,2022120500,2022120523,15.68,11.970000000000001,12.279999999999999,15.68,11.970000000000001,12.275416666666667,0,0,-0.0045833333333327175,161.95196971448331,170.74411722590472,-39.654238173736303,398.42500593554564,2,8.7921475114214047,false,true,ADMITTED_DAILY_NONNEGATIVE_WITH_SIGNED_HOURLY_COMPONENTS
SH-EN-ALERCE,2022-12-06,2022,340,-40.1726,24,2022120600,2022120623,17.260000000000002,12.33,12.01,17.260000000000002,12.33,12.014166666666666,0,0,0.0041666666666664298,298.1435399321681,296.97589155159977,-45.066718508025133,622.41524954147712,3,-1.1676483805683233,false,true,ADMITTED_DAILY_NONNEGATIVE_WITH_SIGNED_HOURLY_COMPONENTS
SH-EN-ALERCE,2022-12-07,2022,341,-40.1726,24,2022120700,2022120723,16.309999999999999,13.43,13.609999999999999,16.309999999999999,13.43,13.608333333333334,0,0,-0.0016666666666651508,138.92127492311738,149.89295520218295,72.75606442853973,228.54543296368388,0,10.971680279065566,false,true,ADMITTED_DAILY_NONNEGATIVE_WITH_SIGNED_HOURLY_COMPONENTS
SH-EN-ALERCE,2022-12-08,2022,342,-40.1726,24,2022120800,2022120823,16.579999999999998,14.32,13.27,16.579999999999998,14.32,13.265833333333333,0,0,-0.0041666666666664298,234.99854852743624,226.18743595581122,50.192425025124749,409.50810679450342,0,-8.8111125716250172,false,true,ADMITTED_DAILY_NONNEGATIVE_WITH_SIGNED_HOURLY_COMPONENTS
SH-EN-ALERCE,2022-12-09,2022,343,-40.1726,24,2022120900,2022120923,16.73,12.69,11.470000000000001,16.73,12.69,11.470000000000001,0,0,0,331.95157796130889,335.61512718538262,60.717290159295544,611.5920620028653,0,3.6635492240737335,false,true,ADMITTED_DAILY_NONNEGATIVE_WITH_SIGNED_HOURLY_COMPONENTS
SH-EN-ALERCE,2022-12-10,2022,344,-40.1726,24,2022121000,2022121023,17.649999999999999,12.98,10.83,17.649999999999999,12.98,10.828749999999999,0,0,-0.0012500000000006395,459.45389003493165,444.73494538774872,190.92005502607958,737.84766656690817,0,-14.718944647182923,false,true,ADMITTED_DAILY_NONNEGATIVE_WITH_SIGNED_HOURLY_COMPONENTS
SH-EN-ALERCE,2022-12-11,2022,345,-40.1726,24,2022121100,2022121123,15.710000000000001,12.119999999999999,10.08,15.710000000000001,12.119999999999999,10.080416666666666,0,0,0.00041666666666628771,364.72836000666848,359.1184271174123,49.510995755773138,575.92951877930568,0,-5.6099328892561857,false,true,ADMITTED_DAILY_NONNEGATIVE_WITH_SIGNED_HOURLY_COMPONENTS
SH-EN-ALERCE,2022-12-12,2022,346,-40.1726,24,2022121200,2022121223,16.07,11.73,9.9399999999999995,16.07,11.73,9.9391666666666669,0,0,-0.00083333333333257542,379.07578910769666,384.88564037765241,92.90773327225952,667.91613624457204,0,5.8098512699557432,false,true,ADMITTED_DAILY_NONNEGATIVE_WITH_SIGNED_HOURLY_COMPONENTS
SH-EN-ALERCE,2022-12-13,2022,347,-40.1726,24,2022121300,2022121323,17.02,11.99,11.77,17.02,11.99,11.772916666666667,0,0,0.0029166666666675667,289.47936511874991,292.18170869546196,56.288517859803278,517.49646961354779,0,2.7023435767120532,false,true,ADMITTED_DAILY_NONNEGATIVE_WITH_SIGNED_HOURLY_COMPONENTS
SH-EN-ALERCE,2022-12-14,2022,348,-40.1726,24,2022121400,2022121423,16.93,12.199999999999999,11.460000000000001,16.93,12.199999999999999,11.457500000000001,0,0,-0.0024999999999995026,321.76280470725692,300.44964678750995,62.398920264605977,567.34379357136345,0,-21.31315791974697,false,true,ADMITTED_DAILY_NONNEGATIVE_WITH_SIGNED_HOURLY_COMPONENTS
SH-EN-ALERCE,2022-12-15,2022,349,-40.1726,24,2022121500,2022121523,19,11.140000000000001,8.3399999999999999,19,11.140000000000001,8.3354166666666654,0,0,-0.0045833333333344939,663.32172825986754,670.07378381672868,62.940122010652431,1213.9582818938472,0,6.7520555568611371,false,true,ADMITTED_DAILY_NONNEGATIVE_WITH_SIGNED_HOURLY_COMPONENTS
SH-EN-ALERCE,2022-12-16,2022,350,-40.1726,24,2022121600,2022121623,20.370000000000001,11.07,8.7100000000000009,20.370000000000001,11.07,8.7129166666666666,0,0,0.0029166666666657903,729.84414802786546,614.84591526675126,181.44161432752821,1300.4626426848849,0,-114.9982327611142,false,true,ADMITTED_DAILY_NONNEGATIVE_WITH_SIGNED_HOURLY_COMPONENTS
SH-EN-ALERCE,2022-12-17,2022,351,-40.1726,24,2022121700,2022121723,17.359999999999999,11.449999999999999,11.27,17.359999999999999,11.449999999999999,11.273333333333333,0,0,0.0033333333333338544,330.98003323801845,307.44867939503462,70.016224000588409,626.29308801208185,0,-23.531353842983833,false,true,ADMITTED_DAILY_NONNEGATIVE_WITH_SIGNED_HOURLY_COMPONENTS
SH-EN-ALERCE,2022-12-18,2022,352,-40.1726,24,2022121800,2022121823,17.199999999999999,10.58,8.8200000000000003,17.199999999999999,10.58,8.8220833333333335,0,0,0.0020833333333332149,485.29437930329527,475.37751368497447,104.97577539493136,917.82071489711893,0,-9.9168656183207986,false,true,ADMITTED_DAILY_NONNEGATIVE_WITH_SIGNED_HOURLY_COMPONENTS
SH-EN-ALERCE,2022-12-19,2022,353,-40.1726,24,2022121900,2022121923,15.710000000000001,11.01,9.6199999999999992,15.710000000000001,11.01,9.6229166666666668,0,0,0.0029166666666675667,352.19087317707476,392.77646932742323,214.57687378707851,624.36095480177664,0,40.585596150348465,false,true,ADMITTED_DAILY_NONNEGATIVE_WITH_SIGNED_HOURLY_COMPONENTS
SH-EN-ALERCE,2022-12-20,2022,354,-40.1726,24,2022122000,2022122023,16.510000000000002,12.83,12.609999999999999,16.510000000000002,12.83,12.608750000000001,0,0,-0.0012499999999988631,219.79743603301745,204.7725546793921,51.173308641839867,333.06873420238071,0,-15.024881353625346,false,true,ADMITTED_DAILY_NONNEGATIVE_WITH_SIGNED_HOURLY_COMPONENTS
SH-EN-ALERCE,2022-12-21,2022,355,-40.1726,24,2022122100,2022122123,16.559999999999999,14.69,13.82,16.559999999999999,14.69,13.823333333333332,0,0,0.003333333333332078,197.95336308414289,192.69761773924697,50.036155989886083,374.7851527689761,0,-5.2557453448959279,false,true,ADMITTED_DAILY_NONNEGATIVE_WITH_SIGNED_HOURLY_COMPONENTS
SH-EN-ALERCE,2022-12-22,2022,356,-40.1726,24,2022122200,2022122223,15.720000000000001,11.32,10.02,15.720000000000001,11.32,10.022499999999999,0,0,0.0024999999999995026,333.85086599977853,385.90258594666329,70.768591781712757,623.46341230793337,0,52.051719946884759,false,true,ADMITTED_DAILY_NONNEGATIVE_WITH_SIGNED_HOURLY_COMPONENTS
SH-EN-ALERCE,2022-12-23,2022,357,-40.1726,24,2022122300,2022122323,16.039999999999999,10.52,6.3899999999999997,16.039999999999999,10.52,6.3920833333333329,0,0,0.0020833333333332149,586.5149170880743,575.23434240804534,158.54493650131008,925.34384335082791,0,-11.280574680028963,false,true,ADMITTED_DAILY_NONNEGATIVE_WITH_SIGNED_HOURLY_COMPONENTS
SH-EN-ALERCE,2022-12-24,2022,358,-40.1726,24,2022122400,2022122423,21.18,8.6300000000000008,6.6600000000000001,21.18,8.6300000000000008,6.6612499999999999,0,0,0.0012499999999997513,838.44917691253909,845.69138943021198,182.6242595305738,1557.06454342295,0,7.2422125176728969,false,true,ADMITTED_DAILY_NONNEGATIVE_WITH_SIGNED_HOURLY_COMPONENTS
SH-EN-ALERCE,2022-12-25,2022,359,-40.1726,24,2022122500,2022122523,23.969999999999999,12.699999999999999,9.3300000000000001,23.969999999999999,12.699999999999999,9.3320833333333333,0,0,0.0020833333333332149,1049.6825663498269,1018.4603871278508,203.98907972670168,1953.0584375654348,0,-31.222179221976035,false,true,ADMITTED_DAILY_NONNEGATIVE_WITH_SIGNED_HOURLY_COMPONENTS
SH-EN-ALERCE,2022-12-26,2022,360,-40.1726,24,2022122600,2022122623,19.390000000000001,12.43,10.35,19.390000000000001,12.43,10.354166666666666,0,0,0.0041666666666664298,590.0690618781191,548.29334173157042,138.7844942331094,1042.2657451559751,0,-41.775720146548679,false,true,ADMITTED_DAILY_NONNEGATIVE_WITH_SIGNED_HOURLY_COMPONENTS
SH-EN-ALERCE,2022-12-27,2022,361,-40.1726,24,2022122700,2022122723,16.149999999999999,8.7899999999999991,5.7699999999999996,16.149999999999999,8.7899999999999991,5.7725,0,0,0.0025000000000003908,563.50439213045149,555.06792764223439,186.35620572680205,968.32936258918687,0,-8.4364644882170978,false,true,ADMITTED_DAILY_NONNEGATIVE_WITH_SIGNED_HOURLY_COMPONENTS
SH-EN-ALERCE,2022-12-28,2022,362,-40.1726,24,2022122800,2022122823,16.879999999999999,8.7799999999999994,6.2400000000000002,16.879999999999999,8.7799999999999994,6.2358333333333329,0,0,-0.004166666666667318,576.31466466181871,568.00685603512818,237.87698405249455,955.06547697149063,0,-8.3078086266905302,false,true,ADMITTED_DAILY_NONNEGATIVE_WITH_SIGNED_HOURLY_COMPONENTS
SH-EN-ALERCE,2022-12-29,2022,363,-40.1726,24,2022122900,2022122923,18.809999999999999,8.9199999999999999,8.2100000000000009,18.809999999999999,8.9199999999999999,8.2133333333333329,0,0,0.003333333333332078,568.46676792219955,527.58208454578778,129.55277770947509,1136.8263889195589,0,-40.884683376411772,false,true,ADMITTED_DAILY_NONNEGATIVE_WITH_SIGNED_HOURLY_COMPONENTS
SH-EN-ALERCE,2022-12-30,2022,364,-40.1726,24,2022123000,2022123023,17.23,10.380000000000001,9.2200000000000006,17.23,10.380000000000001,9.2220833333333339,0,0,0.0020833333333332149,447.6335423198127,425.1633005205544,93.685147662949703,853.90324984185349,0,-22.470241799258304,false,true,ADMITTED_DAILY_NONNEGATIVE_WITH_SIGNED_HOURLY_COMPONENTS
SH-EN-ALERCE,2022-12-31,2022,365,-40.1726,24,2022123100,2022123123,15.92,10.550000000000001,9.9499999999999993,15.92,10.550000000000001,9.9479166666666661,0,0,-0.0020833333333332149,317.63384583119864,297.00564005832638,42.702220097891995,679.43744904742994,0,-20.628205772872263,false,true,ADMITTED_DAILY_NONNEGATIVE_WITH_SIGNED_HOURLY_COMPONENTS
SH-EN-ALERCE,2023-01-01,2023,1,-40.1726,24,2023010100,2023010123,15.890000000000001,9.9499999999999993,9.1500000000000004,15.890000000000001,9.9499999999999993,9.1537500000000005,0,0,0.0037500000000001421,354.95629825266997,336.31439764975437,54.236128650102501,765.10936334468124,0,-18.641900602915598,false,true,ADMITTED_DAILY_NONNEGATIVE_WITH_SIGNED_HOURLY_COMPONENTS
SH-EN-ALERCE,2023-01-02,2023,2,-40.1726,24,2023010200,2023010223,13.73,9.9399999999999995,9.4600000000000009,13.73,9.9399999999999995,9.4562499999999989,0,0,-0.0037500000000019185,212.69316235216593,248.4505915546863,75.09272650022308,397.85684719041865,0,35.75742920252037,false,true,ADMITTED_DAILY_NONNEGATIVE_WITH_SIGNED_HOURLY_COMPONENTS
SH-EN-ALERCE,2023-01-03,2023,3,-40.1726,24,2023010300,2023010323,17.379999999999999,10.630000000000001,9.9700000000000006,17.379999999999999,10.630000000000001,9.9729166666666664,0,0,0.0029166666666657903,407.33524579987238,400.07754448286846,25.392810340215419,823.8745457340824,0,-7.2577013170039208,false,true,ADMITTED_DAILY_NONNEGATIVE_WITH_SIGNED_HOURLY_COMPONENTS
SH-EN-ALERCE,2023-01-04,2023,4,-40.1726,24,2023010400,2023010423,20.809999999999999,12.27,11.73,20.809999999999999,12.27,11.725416666666668,0,0,-0.0045833333333327175,565.14191426532557,512.30805189881403,56.401606799999854,1048.1482521908642,0,-52.833862366511539,false,true,ADMITTED_DAILY_NONNEGATIVE_WITH_SIGNED_HOURLY_COMPONENTS
SH-EN-ALERCE,2023-01-05,2023,5,-40.1726,24,2023010500,2023010523,18.710000000000001,11.42,10.220000000000001,18.710000000000001,11.42,10.224583333333333,0,0,0.0045833333333327175,507.69980122588277,473.48707410872498,29.227302721185197,938.1927379372371,0,-34.212727117157783,false,true,ADMITTED_DAILY_NONNEGATIVE_WITH_SIGNED_HOURLY_COMPONENTS
SH-EN-ALERCE,2023-01-06,2023,6,-40.1726,24,2023010600,2023010623,16.890000000000001,10.99,10.06,16.890000000000001,10.99,10.063333333333334,0,0,0.0033333333333338544,385.14376014019285,378.5752876879622,3.5005405201773101,781.62005845737463,0,-6.568472452230651,false,true,ADMITTED_DAILY_NONNEGATIVE_WITH_SIGNED_HOURLY_COMPONENTS
SH-EN-ALERCE,2023-01-07,2023,7,-40.1726,24,2023010700,2023010723,16.760000000000002,11.529999999999999,11.039999999999999,16.760000000000002,11.529999999999999,11.035416666666668,0,0,-0.0045833333333309412,317.85982621640528,264.40703438950322,11.233822045420311,616.53509036382957,0,-53.452791826902057,false,true,ADMITTED_DAILY_NONNEGATIVE_WITH_SIGNED_HOURLY_COMPONENTS
SH-EN-ALERCE,2023-01-08,2023,8,-40.1726,24,2023010800,2023010823,17.199999999999999,12.039999999999999,12.470000000000001,17.199999999999999,12.039999999999999,12.470833333333333,0,0,0.00083333333333257542,237.71887577550001,205.322368442998,-24.994773771847576,521.48995314312265,2,-32.396507332502011,false,true,ADMITTED_DAILY_NONNEGATIVE_WITH_SIGNED_HOURLY_COMPONENTS
SH-EN-ALERCE,2023-01-09,2023,9,-40.1726,24,2023010900,2023010923,15.789999999999999,12.17,12.460000000000001,15.789999999999999,12.17,12.464583333333332,0,0,0.0045833333333309412,160.52430321364182,155.14283709319861,-29.81014266394277,324.44572686615038,3,-5.381466120443207,false,true,ADMITTED_DAILY_NONNEGATIVE_WITH_SIGNED_HOURLY_COMPONENTS
SH-EN-ALERCE,2023-01-10,2023,10,-40.1726,24,2023011000,2023011023,14.92,10.390000000000001,7.6100000000000003,14.92,10.390000000000001,7.6124999999999998,0,0,0.0024999999999995026,433.89911757070377,416.06895303956304,132.53148858269878,694.72430645275688,0,-17.830164531140724,false,true,ADMITTED_DAILY_NONNEGATIVE_WITH_SIGNED_HOURLY_COMPONENTS
SH-EN-ALERCE,2023-01-11,2023,11,-40.1726,24,2023011100,2023011123,15.6,8.9900000000000002,7.2400000000000002,15.6,8.9900000000000002,7.2399999999999993,0,0,-8.8817841970012523e-16,441.32703197358592,429.49748780518485,78.89224338473764,774.15910995721777,0,-11.829544168401071,false,true,ADMITTED_DAILY_NONNEGATIVE_WITH_SIGNED_HOURLY_COMPONENTS
SH-EN-ALERCE,2023-01-12,2023,12,-40.1726,24,2023011200,2023011223,16.23,9.5,7.6399999999999997,16.23,9.5,7.6429166666666672,0,0,0.0029166666666675667,469.54796654244319,447.19908616167845,112.45783018712723,839.38186356563654,0,-22.34888038076474,false,true,ADMITTED_DAILY_NONNEGATIVE_WITH_SIGNED_HOURLY_COMPONENTS
SH-EN-ALERCE,2023-01-13,2023,13,-40.1726,24,2023011300,2023011323,16.530000000000001,10.220000000000001,8.6999999999999993,16.530000000000001,10.220000000000001,8.6966666666666672,0,0,-0.003333333333332078,438.47303912787925,376.03641400233965,128.06410536462795,788.10531057587332,0,-62.436625125539592,false,true,ADMITTED_DAILY_NONNEGATIVE_WITH_SIGNED_HOURLY_COMPONENTS
SH-EN-ALERCE,2023-01-14,2023,14,-40.1726,24,2023011400,2023011423,15.41,10.09,9.7699999999999996,15.41,10.09,9.7724999999999991,0,0,0.0024999999999995026,283.97201060212615,286.459973834913,55.138684779966752,528.38295771379762,0,2.4879632327868535,false,true,ADMITTED_DAILY_NONNEGATIVE_WITH_SIGNED_HOURLY_COMPONENTS
SH-EN-ALERCE,2023-01-15,2023,15,-40.1726,24,2023011500,2023011523,17.18,9.5500000000000007,7.25,17.18,9.5500000000000007,7.2474999999999996,0,0,-0.0025000000000003908,556.49490743559306,542.3165781264637,108.38029821067425,1078.3228856880271,0,-14.178329309129367,false,true,ADMITTED_DAILY_NONNEGATIVE_WITH_SIGNED_HOURLY_COMPONENTS
SH-EN-ALERCE,2023-01-16,2023,16,-40.1726,24,2023011600,2023011623,18.030000000000001,9.9000000000000004,8.1099999999999994,18.030000000000001,9.9000000000000004,8.112916666666667,0,0,0.0029166666666675667,562.98958222100578,499.36332805012722,146.25852078746925,1085.4745187214621,0,-63.626254170878553,false,true,ADMITTED_DAILY_NONNEGATIVE_WITH_SIGNED_HOURLY_COMPONENTS
SH-EN-ALERCE,2023-01-17,2023,17,-40.1726,24,2023011700,2023011723,18.420000000000002,10.32,8.8200000000000003,18.420000000000002,10.32,8.8166666666666664,0,0,-0.0033333333333338544,552.66212175495684,510.70682614909219,100.26390315974641,1080.9306662798715,0,-41.955295605864649,false,true,ADMITTED_DAILY_NONNEGATIVE_WITH_SIGNED_HOURLY_COMPONENTS
SH-EN-ALERCE,2023-01-18,2023,18,-40.1726,24,2023011800,2023011823,22.129999999999999,11.65,8.4299999999999997,22.129999999999999,11.65,8.4291666666666671,0,0,-0.00083333333333257542,913.14291978313418,824.5533820238835,189.4762848841749,1693.6343548326604,0,-88.589537759250675,false,true,ADMITTED_DAILY_NONNEGATIVE_WITH_SIGNED_HOURLY_COMPONENTS
SH-EN-ALERCE,2023-01-19,2023,19,-40.1726,24,2023011900,2023011923,21.780000000000001,12.73,10.83,21.780000000000001,12.73,10.827500000000001,0,0,-0.0024999999999995026,742.14964799174822,533.12550052089762,3.8608470090073297,1336.4233696894253,0,-209.02414747085061,false,true,ADMITTED_DAILY_NONNEGATIVE_WITH_SIGNED_HOURLY_COMPONENTS
SH-EN-ALERCE,2023-01-20,2023,20,-40.1726,24,2023012000,2023012023,15.75,11.609999999999999,11.74,15.75,11.609999999999999,11.7425,0,0,0.0024999999999995026,199.47865979067842,201.82376883641436,-10.887743834335424,444.99460480033486,1,2.3451090457359385,false,true,ADMITTED_DAILY_NONNEGATIVE_WITH_SIGNED_HOURLY_COMPONENTS
SH-EN-ALERCE,2023-01-21,2023,21,-40.1726,24,2023012100,2023012123,16.550000000000001,11.619999999999999,12.73,16.550000000000001,11.619999999999999,12.72625,0,0,-0.0037500000000001421,153.95798256702847,170.21363857625082,-38.664979749257782,450.46823119913347,4,16.255656009222349,false,true,ADMITTED_DAILY_NONNEGATIVE_WITH_SIGNED_HOURLY_COMPONENTS
SH-EN-ALERCE,2023-01-22,2023,22,-40.1726,24,2023012200,2023012223,17.920000000000002,12.880000000000001,13.289999999999999,17.920000000000002,12.880000000000001,13.289999999999999,0,0,0,243.42089505568765,249.32000166635137,-55.692434426374348,541.55160115353283,5,5.899106610663722,false,true,ADMITTED_DAILY_NONNEGATIVE_WITH_SIGNED_HOURLY_COMPONENTS
SH-EN-ALERCE,2023-01-23,2023,23,-40.1726,24,2023012300,2023012323,17.469999999999999,12.970000000000001,13.77,17.469999999999999,12.970000000000001,13.774583333333332,0,0,0.0045833333333327175,170.61815195901613,198.82928254181067,23.312280088401167,351.96661653848196,0,28.211130582794539,false,true,ADMITTED_DAILY_NONNEGATIVE_WITH_SIGNED_HOURLY_COMPONENTS
SH-EN-ALERCE,2023-01-24,2023,24,-40.1726,24,2023012400,2023012423,16.530000000000001,11.25,8.5500000000000007,16.530000000000001,11.25,8.5520833333333339,0,0,0.0020833333333332149,494.10257677819959,490.89225664572922,196.66302701336349,827.56430501488285,0,-3.2103201324703718,false,true,ADMITTED_DAILY_NONNEGATIVE_WITH_SIGNED_HOURLY_COMPONENTS
SH-EN-ALERCE,2023-01-25,2023,25,-40.1726,24,2023012500,2023012523,16.530000000000001,11.42,9.3599999999999994,16.530000000000001,11.42,9.3641666666666676,0,0,0.0041666666666682062,439.00668696773278,423.79365094278427,143.89306937729907,717.25345606094015,0,-15.213036024948508,false,true,ADMITTED_DAILY_NONNEGATIVE_WITH_SIGNED_HOURLY_COMPONENTS
SH-EN-ALERCE,2023-01-26,2023,26,-40.1726,24,2023012600,2023012623,16.969999999999999,11.24,10.19,16.969999999999999,11.24,10.186249999999999,0,0,-0.0037500000000001421,390.24121204382254,404.10385744156952,70.195658508094994,688.69847639834757,0,13.862645397746974,false,true,ADMITTED_DAILY_NONNEGATIVE_WITH_SIGNED_HOURLY_COMPONENTS
SH-EN-ALERCE,2023-01-27,2023,27,-40.1726,24,2023012700,2023012723,17.739999999999998,10.609999999999999,8.4900000000000002,17.739999999999998,10.609999999999999,8.4937500000000004,0,0,0.0037500000000001421,545.67787896552318,523.84440689142855,125.86434886306688,988.73430783749177,0,-21.83347207409463,false,true,ADMITTED_DAILY_NONNEGATIVE_WITH_SIGNED_HOURLY_COMPONENTS
SH-EN-ALERCE,2023-01-28,2023,28,-40.1726,24,2023012800,2023012823,20.77,11.19,10.81,20.77,11.19,10.805,0,0,-0.0050000000000007816,594.50901721211471,599.00847291760385,126.29892238696539,1146.3745018702286,0,4.4994557054891402,false,true,ADMITTED_DAILY_NONNEGATIVE_WITH_SIGNED_HOURLY_COMPONENTS
SH-EN-ALERCE,2023-01-29,2023,29,-40.1726,24,2023012900,2023012923,19.949999999999999,13.789999999999999,13.460000000000001,19.949999999999999,13.789999999999999,13.456249999999999,0,0,-0.0037500000000019185,410.56254096819043,334.47006568499211,27.464416158337144,898.61918996152485,0,-76.092475283198326,false,true,ADMITTED_DAILY_NONNEGATIVE_WITH_SIGNED_HOURLY_COMPONENTS
SH-EN-ALERCE,2023-01-30,2023,30,-40.1726,24,2023013000,2023013023,18.350000000000001,12.51,10.539999999999999,18.350000000000001,12.51,10.535416666666666,0,0,-0.0045833333333327175,507.031596149081,520.36350868132638,20.748094555246325,979.69153456574713,0,13.331912532245383,false,true,ADMITTED_DAILY_NONNEGATIVE_WITH_SIGNED_HOURLY_COMPONENTS
SH-EN-ALERCE,2023-01-31,2023,31,-40.1726,24,2023013100,2023013123,19,10.4,7.6600000000000001,19,10.4,7.657916666666666,0,0,-0.0020833333333341031,681.1515338728143,622.85086660611307,277.48624962451413,1116.2382129610398,0,-58.300667266701225,false,true,ADMITTED_DAILY_NONNEGATIVE_WITH_SIGNED_HOURLY_COMPONENTS
SH-EN-ALERCE,2023-02-01,2023,32,-40.1726,24,2023020100,2023020123,17.489999999999998,9.5399999999999991,7.3099999999999996,17.489999999999998,9.5399999999999991,7.3120833333333337,0,0,0.0020833333333341031,571.28693142159977,546.24510908886919,154.54888032151894,1071.42259585387,0,-25.04182233273059,false,true,ADMITTED_DAILY_NONNEGATIVE_WITH_SIGNED_HOURLY_COMPONENTS
SH-EN-ALERCE,2023-02-02,2023,33,-40.1726,24,2023020200,2023020223,19.550000000000001,10.41,9.9499999999999993,19.550000000000001,10.41,9.9462500000000009,0,0,-0.0037499999999983658,544.16745288115203,551.5250549165778,107.05090638465663,1050.0789781976162,0,7.3576020354257707,false,true,ADMITTED_DAILY_NONNEGATIVE_WITH_SIGNED_HOURLY_COMPONENTS
SH-EN-ALERCE,2023-02-03,2023,34,-40.1726,24,2023020300,2023020323,23.300000000000001,13.859999999999999,10.31,23.300000000000001,13.859999999999999,10.312916666666666,0,0,0.0029166666666657903,968.77454388519004,921.30630616009842,209.25145358632062,1761.0284713607355,0,-47.468237725091626,false,true,ADMITTED_DAILY_NONNEGATIVE_WITH_SIGNED_HOURLY_COMPONENTS
SH-EN-ALERCE,2023-02-04,2023,35,-40.1726,24,2023020400,2023020423,25.539999999999999,14.539999999999999,10.640000000000001,25.539999999999999,14.539999999999999,10.639166666666666,0,0,-0.00083333333333435178,1181.6722922368338,1051.1705075536718,270.19248521106238,2139.2357917493291,0,-130.50178468316199,false,true,ADMITTED_DAILY_NONNEGATIVE_WITH_SIGNED_HOURLY_COMPONENTS
SH-EN-ALERCE,2023-02-05,2023,36,-40.1726,24,2023020500,2023020523,18.739999999999998,12.220000000000001,12.470000000000001,18.739999999999998,12.220000000000001,12.467083333333333,0,0,-0.0029166666666675667,345.89366560227472,336.92521661594651,80.66379985804906,787.40937795726063,0,-8.9684489863282124,false,true,ADMITTED_DAILY_NONNEGATIVE_WITH_SIGNED_HOURLY_COMPONENTS
SH-EN-ALERCE,2023-02-06,2023,37,-40.1726,24,2023020600,2023020623,19.609999999999999,11.09,8.6300000000000008,19.609999999999999,11.09,8.6316666666666659,0,0,0.0016666666666651508,681.82769220740124,653.13136810244123,94.524295257057702,1276.4290125568864,0,-28.696324104960013,false,true,ADMITTED_DAILY_NONNEGATIVE_WITH_SIGNED_HOURLY_COMPONENTS
SH-EN-ALERCE,2023-02-07,2023,38,-40.1726,24,2023020700,2023020723,19.420000000000002,11.43,9.9499999999999993,19.420000000000002,11.43,9.9474999999999998,0,0,-0.0024999999999995026,579.31791257453756,547.60785711110066,138.29436232126682,1129.8731358104476,0,-31.710055463436902,false,true,ADMITTED_DAILY_NONNEGATIVE_WITH_SIGNED_HOURLY_COMPONENTS
SH-EN-ALERCE,2023-02-08,2023,39,-40.1726,24,2023020800,2023020823,19.609999999999999,12.49,12.550000000000001,19.609999999999999,12.49,12.546250000000001,0,0,-0.0037500000000001421,411.22822067131642,338.97934217468077,25.571646088385023,966.44553671885296,0,-72.248878496635655,false,true,ADMITTED_DAILY_NONNEGATIVE_WITH_SIGNED_HOURLY_COMPONENTS
SH-EN-ALERCE,2023-02-09,2023,40,-40.1726,24,2023020900,2023020923,17.710000000000001,13.630000000000001,14.23,17.710000000000001,13.630000000000001,14.22875,0,0,-0.0012500000000006395,171.01613877189652,200.63886440675375,-3.0498342801527087,429.95739250270935,1,29.622725634857233,false,true,ADMITTED_DAILY_NONNEGATIVE_WITH_SIGNED_HOURLY_COMPONENTS
SH-EN-ALERCE,2023-02-10,2023,41,-40.1726,24,2023021000,2023021023,17.199999999999999,13.210000000000001,12.85,17.199999999999999,13.210000000000001,12.85375,0,0,0.0037500000000001421,257.31001701018454,247.70516938347964,3.106003648131491,573.67432317354496,0,-9.6048476267048954,false,true,ADMITTED_DAILY_NONNEGATIVE_WITH_SIGNED_HOURLY_COMPONENTS
SH-EN-ALERCE,2023-02-11,2023,42,-40.1726,24,2023021100,2023021123,17.199999999999999,12.050000000000001,12.01,17.199999999999999,12.050000000000001,12.010416666666666,0,0,0.00041666666666628771,281.32123990521336,302.92060592104849,11.091712821396413,655.8071261754319,0,21.59936601583513,false,true,ADMITTED_DAILY_NONNEGATIVE_WITH_SIGNED_HOURLY_COMPONENTS
SH-EN-ALERCE,2023-02-12,2023,43,-40.1726,24,2023021200,2023021223,16.420000000000002,12.859999999999999,12.77,16.420000000000002,12.859999999999999,12.775,0,0,0.0050000000000007816,200.49112019951826,202.75599982261892,39.059236763788476,402.85983923795789,0,2.2648796231006543,false,true,ADMITTED_DAILY_NONNEGATIVE_WITH_SIGNED_HOURLY_COMPONENTS
SH-EN-ALERCE,2023-02-13,2023,44,-40.1726,24,2023021300,2023021323,16.120000000000001,12.73,10.58,16.120000000000001,12.73,10.58375,0,0,0.0037500000000001421,375.38403543379013,346.85953944903821,134.17469927174375,584.41887808967272,0,-28.524495984751923,false,true,ADMITTED_DAILY_NONNEGATIVE_WITH_SIGNED_HOURLY_COMPONENTS
SH-EN-ALERCE,2023-02-14,2023,45,-40.1726,24,2023021400,2023021423,15.4,12.84,10.85,15.4,12.84,10.847499999999998,0,0,-0.002500000000001279,316.28169959010052,301.7990885596227,70.955931796484492,471.96152451539888,0,-14.482611030477813,false,true,ADMITTED_DAILY_NONNEGATIVE_WITH_SIGNED_HOURLY_COMPONENTS
SH-EN-ALERCE,2023-02-15,2023,46,-40.1726,24,2023021500,2023021523,16.219999999999999,11.01,9.8599999999999994,16.219999999999999,11.01,9.855833333333333,0,0,-0.0041666666666664298,362.3012191025332,389.18823015853627,53.13436899535759,635.65117363523837,0,26.887011056003075,false,true,ADMITTED_DAILY_NONNEGATIVE_WITH_SIGNED_HOURLY_COMPONENTS
SH-EN-ALERCE,2023-02-16,2023,47,-40.1726,24,2023021600,2023021623,16.309999999999999,9.1699999999999999,4.2699999999999996,16.309999999999999,9.1699999999999999,4.2745833333333332,0,0,0.0045833333333336057,679.1117890748759,657.45996136398946,246.71819913474008,1052.7202436695716,0,-21.651827710886437,false,true,ADMITTED_DAILY_NONNEGATIVE_WITH_SIGNED_HOURLY_COMPONENTS
SH-EN-ALERCE,2023-02-17,2023,48,-40.1726,24,2023021700,2023021723,19.27,9.4199999999999999,3.3199999999999998,19.27,9.4199999999999999,3.3170833333333332,0,0,-0.0029166666666666785,932.71336225994537,912.10605608649166,329.81708242512514,1555.3604375569857,0,-20.607306173453708,false,true,ADMITTED_DAILY_NONNEGATIVE_WITH_SIGNED_HOURLY_COMPONENTS
SH-EN-ALERCE,2023-02-18,2023,49,-40.1726,24,2023021800,2023021823,18.77,10.880000000000001,8.4900000000000002,18.77,10.880000000000001,8.4920833333333334,0,0,0.0020833333333332149,625.06969745922675,580.70277613103951,158.42046433970677,1120.3466126297058,0,-44.366921328187232,false,true,ADMITTED_DAILY_NONNEGATIVE_WITH_SIGNED_HOURLY_COMPONENTS
SH-EN-ALERCE,2023-02-19,2023,50,-40.1726,24,2023021900,2023021923,16.460000000000001,11.85,9.6600000000000001,16.460000000000001,11.85,9.6616666666666671,0,0,0.0016666666666669272,430.31368728855159,408.4848629059548,20.042240583540206,800.56653775878817,0,-21.828824382596792,false,true,ADMITTED_DAILY_NONNEGATIVE_WITH_SIGNED_HOURLY_COMPONENTS
SH-EN-ALERCE,2023-02-20,2023,51,-40.1726,24,2023022000,2023022023,18.449999999999999,9.2599999999999998,6.6299999999999999,18.449999999999999,9.2599999999999998,6.6333333333333329,0,0,0.0033333333333329662,669.06178848251204,646.8677059947405,153.37742584782438,1276.9428147402944,0,-22.194082487771539,false,true,ADMITTED_DAILY_NONNEGATIVE_WITH_SIGNED_HOURLY_COMPONENTS
SH-EN-ALERCE,2023-02-21,2023,52,-40.1726,24,2023022100,2023022123,17.890000000000001,10.08,8.0600000000000005,17.890000000000001,10.08,8.0595833333333342,0,0,-0.00041666666666628771,564.99845854173532,538.20780402641515,101.15363566078804,1052.0308774263533,0,-26.790654515320171,false,true,ADMITTED_DAILY_NONNEGATIVE_WITH_SIGNED_HOURLY_COMPONENTS
SH-EN-ALERCE,2023-02-22,2023,53,-40.1726,24,2023022200,2023022223,16.93,10.539999999999999,11.74,16.93,10.539999999999999,11.737916666666665,0,0,-0.0020833333333349913,222.43213211451916,216.87761803846968,25.112218626159574,563.28115860326307,0,-5.554514076049486,false,true,ADMITTED_DAILY_NONNEGATIVE_WITH_SIGNED_HOURLY_COMPONENTS
SH-EN-ALERCE,2023-02-23,2023,54,-40.1726,24,2023022300,2023022323,17.920000000000002,10.99,11.140000000000001,17.920000000000002,10.99,11.1425,0,0,0.0024999999999995026,357.75549100385433,322.54333724906132,-36.945414551042859,853.3659499592834,6,-35.212153754793007,false,true,ADMITTED_DAILY_NONNEGATIVE_WITH_SIGNED_HOURLY_COMPONENTS
SH-EN-ALERCE,2023-02-24,2023,55,-40.1726,24,2023022400,2023022423,16.07,10.26,11.93,16.07,10.26,11.933333333333332,0,0,0.003333333333332078,141.87395112961258,171.10537488740684,7.7053592365471104,484.426595230158,0,29.231423757794261,false,true,ADMITTED_DAILY_NONNEGATIVE_WITH_SIGNED_HOURLY_COMPONENTS
SH-EN-ALERCE,2023-02-25,2023,56,-40.1726,24,2023022500,2023022523,15.5,11.199999999999999,8.7100000000000009,15.5,11.199999999999999,8.7112499999999997,0,0,0.0012499999999988631,419.88391574617503,420.48286657017633,203.74397446160515,674.29266176464535,0,0.5989508240012924,false,true,ADMITTED_DAILY_NONNEGATIVE_WITH_SIGNED_HOURLY_COMPONENTS
SH-EN-ALERCE,2023-02-26,2023,57,-40.1726,24,2023022600,2023022623,16.670000000000002,9.9900000000000002,8.7200000000000006,16.670000000000002,9.9900000000000002,8.7170833333333331,0,0,-0.0029166666666675667,435.83354297879896,418.00711069318186,127.03589255820498,834.99256582523071,0,-17.826432285617102,false,true,ADMITTED_DAILY_NONNEGATIVE_WITH_SIGNED_HOURLY_COMPONENTS
SH-EN-ALERCE,2023-02-27,2023,58,-40.1726,24,2023022700,2023022723,19.07,10.43,9.5899999999999999,19.07,10.43,9.5899999999999999,0,0,0,540.7725096402562,493.63389133197217,88.307414151092871,1160.4171415677683,0,-47.138618308284038,false,true,ADMITTED_DAILY_NONNEGATIVE_WITH_SIGNED_HOURLY_COMPONENTS
SH-EN-ALERCE,2023-02-28,2023,59,-40.1726,24,2023022800,2023022823,18.079999999999998,11.630000000000001,12.66,18.079999999999998,11.630000000000001,12.655416666666667,0,0,-0.0045833333333327175,256.76874227763074,230.40249217763525,-43.302893799513413,740.14058790631998,4,-26.366250099995483,false,true,ADMITTED_DAILY_NONNEGATIVE_WITH_SIGNED_HOURLY_COMPONENTS
SH-EN-ALERCE,2023-03-01,2023,60,-40.1726,24,2023030100,2023030123,16.359999999999999,11.789999999999999,11.07,16.359999999999999,11.789999999999999,11.065833333333332,0,0,-0.0041666666666682062,303.05560563354516,279.29032385571344,5.9055398525276814,615.17078567355497,0,-23.765281777831717,false,true,ADMITTED_DAILY_NONNEGATIVE_WITH_SIGNED_HOURLY_COMPONENTS
SH-EN-ALERCE,2023-03-02,2023,61,-40.1726,24,2023030200,2023030223,17.920000000000002,11.83,11.52,17.920000000000002,11.83,11.524583333333332,0,0,0.0045833333333327175,361.49071426066462,319.1072525498173,56.650633086642074,713.61950909369989,0,-42.383461710847314,false,true,ADMITTED_DAILY_NONNEGATIVE_WITH_SIGNED_HOURLY_COMPONENTS
SH-EN-ALERCE,2023-03-03,2023,62,-40.1726,24,2023030300,2023030323,17.129999999999999,11.619999999999999,10.41,17.129999999999999,11.619999999999999,10.414166666666667,0,0,0.0041666666666664298,398.66717139733146,364.27597455041604,3.8166250230699461,744.39223239354146,0,-34.39119684691542,false,true,ADMITTED_DAILY_NONNEGATIVE_WITH_SIGNED_HOURLY_COMPONENTS
SH-EN-ALERCE,2023-03-04,2023,63,-40.1726,24,2023030400,2023030423,17.239999999999998,9.4299999999999997,6.6699999999999999,17.239999999999998,9.4299999999999997,6.6687500000000002,0,0,-0.0012499999999997513,595.23703540228712,560.93842846042355,121.00389238858793,1221.9120995910746,0,-34.298606941863568,false,true,ADMITTED_DAILY_NONNEGATIVE_WITH_SIGNED_HOURLY_COMPONENTS
SH-EN-ALERCE,2023-03-05,2023,64,-40.1726,24,2023030500,2023030523,19.039999999999999,12.699999999999999,13.539999999999999,19.039999999999999,12.699999999999999,13.537916666666668,0,0,-0.0020833333333314386,284.25189706778656,210.97248480263033,-82.780551652391068,678.45281523021572,5,-73.279412265156225,false,true,ADMITTED_DAILY_NONNEGATIVE_WITH_SIGNED_HOURLY_COMPONENTS
SH-EN-ALERCE,2023-03-06,2023,65,-40.1726,24,2023030600,2023030623,15.77,12.33,13.550000000000001,15.77,12.33,13.547499999999999,0,0,-0.002500000000001279,60.045805052012156,103.55769281862119,18.149171268833925,175.93461004526171,0,43.511887766609036,false,true,ADMITTED_DAILY_NONNEGATIVE_WITH_SIGNED_HOURLY_COMPONENTS
SH-EN-ALERCE,2023-03-07,2023,66,-40.1726,24,2023030700,2023030723,18.100000000000001,10.710000000000001,10,18.100000000000001,10.710000000000001,10.001250000000001,0,0,0.0012500000000006395,454.34996207585459,295.31222870148412,70.23798041531245,987.31284284914113,0,-159.03773337437048,false,true,ADMITTED_DAILY_NONNEGATIVE_WITH_SIGNED_HOURLY_COMPONENTS
SH-EN-ALERCE,2023-03-08,2023,67,-40.1726,24,2023030800,2023030823,15.65,11.48,9.4900000000000002,15.65,11.48,9.4941666666666666,0,0,0.0041666666666664298,379.99000171978696,339.92421149083754,127.05834528822993,603.33551861145133,0,-40.065790228949425,false,true,ADMITTED_DAILY_NONNEGATIVE_WITH_SIGNED_HOURLY_COMPONENTS
SH-EN-ALERCE,2023-03-09,2023,68,-40.1726,24,2023030900,2023030923,15.19,12.029999999999999,10.880000000000001,15.19,12.029999999999999,10.878749999999998,0,0,-0.0012500000000024158,263.55004044216366,252.87842062882658,39.59271610513656,498.47530070660878,0,-10.671619813337088,false,true,ADMITTED_DAILY_NONNEGATIVE_WITH_SIGNED_HOURLY_COMPONENTS
SH-EN-ALERCE,2023-03-10,2023,69,-40.1726,24,2023031000,2023031023,16.370000000000001,12.16,11.800000000000001,16.370000000000001,12.16,11.796250000000001,0,0,-0.0037500000000001421,255.39433679991384,226.24189750382399,55.692434426374348,564.61615672868811,0,-29.152439296089852,false,true,ADMITTED_DAILY_NONNEGATIVE_WITH_SIGNED_HOURLY_COMPONENTS
SH-EN-ALERCE,2023-03-11,2023,70,-40.1726,24,2023031100,2023031123,15.69,13.529999999999999,13.73,15.69,13.529999999999999,13.725833333333334,0,0,-0.0041666666666664298,95.734895183117487,91.041563832143694,31.048410902696332,184.57583585717498,0,-4.6933313509737928,false,true,ADMITTED_DAILY_NONNEGATIVE_WITH_SIGNED_HOURLY_COMPONENTS
SH-EN-ALERCE,2023-03-12,2023,71,-40.1726,24,2023031200,2023031223,14.949999999999999,12.300000000000001,12.449999999999999,14.949999999999999,12.300000000000001,12.450416666666667,0,0,0.00041666666666806407,120.4797134036819,144.7857615624232,39.23367199019799,300.0726536097161,0,24.306048158741305,false,true,ADMITTED_DAILY_NONNEGATIVE_WITH_SIGNED_HOURLY_COMPONENTS
SH-EN-ALERCE,2023-03-13,2023,72,-40.1726,24,2023031300,2023031323,16.719999999999999,11.779999999999999,10.34,16.719999999999999,11.779999999999999,10.338749999999999,0,0,-0.0012500000000006395,386.75746341922195,347.57329295558253,38.777895454738427,728.91385892334984,0,-39.184170463639418,false,true,ADMITTED_DAILY_NONNEGATIVE_WITH_SIGNED_HOURLY_COMPONENTS
SH-EN-ALERCE,2023-03-14,2023,73,-40.1726,24,2023031400,2023031423,15.42,13.07,12.67,15.42,13.07,12.668333333333335,0,0,-0.0016666666666651508,162.58198462097971,156.74310850150223,33.235009356013052,309.51499209723693,0,-5.8388761194774759,false,true,ADMITTED_DAILY_NONNEGATIVE_WITH_SIGNED_HOURLY_COMPONENTS
SH-EN-ALERCE,2023-03-15,2023,74,-40.1726,24,2023031500,2023031523,14.609999999999999,11.24,10.15,14.609999999999999,11.24,10.154999999999999,0,0,0.0049999999999990052,258.03955088473504,238.72955337850973,37.092531960610131,481.95177220271694,0,-19.309997506225301,false,true,ADMITTED_DAILY_NONNEGATIVE_WITH_SIGNED_HOURLY_COMPONENTS
SH-EN-ALERCE,2023-03-16,2023,75,-40.1726,24,2023031600,2023031623,14.91,10.98,8.9299999999999997,14.91,10.98,8.9337499999999999,0,0,0.0037500000000001421,360.58732866675723,286.79535503277339,142.04839269662034,587.89362749767702,0,-73.791973633983844,false,true,ADMITTED_DAILY_NONNEGATIVE_WITH_SIGNED_HOURLY_COMPONENTS
SH-EN-ALERCE,2023-03-17,2023,76,-40.1726,24,2023031700,2023031723,14.19,9.6600000000000001,6.2199999999999998,14.19,9.6600000000000001,6.2241666666666662,0,0,0.0041666666666664298,459.89517074722426,445.36382424159228,162.04760570086842,776.68288908330101,0,-14.531346505631973,false,true,ADMITTED_DAILY_NONNEGATIVE_WITH_SIGNED_HOURLY_COMPONENTS
SH-EN-ALERCE,2023-03-18,2023,77,-40.1726,24,2023031800,2023031823,17.780000000000001,8.3000000000000007,6.7000000000000002,17.780000000000001,8.3000000000000007,6.7020833333333334,0,0,0.0020833333333332149,583.84181337050495,550.19238683905121,192.91188719581703,990.99737148595159,0,-33.649426531453742,false,true,ADMITTED_DAILY_NONNEGATIVE_WITH_SIGNED_HOURLY_COMPONENTS
SH-EN-ALERCE,2023-03-19,2023,78,-40.1726,24,2023031900,2023031923,17.039999999999999,9.6300000000000008,7.3499999999999996,17.039999999999999,9.6300000000000008,7.3491666666666662,0,0,-0.0008333333333334636,544.05399028896568,476.25445372845479,114.06878532050587,973.33397621769814,0,-67.799536560510887,false,true,ADMITTED_DAILY_NONNEGATIVE_WITH_SIGNED_HOURLY_COMPONENTS
SH-EN-ALERCE,2023-03-20,2023,79,-40.1726,24,2023032000,2023032023,17.48,10.119999999999999,8.0999999999999996,17.48,10.119999999999999,8.0987500000000008,0,0,-0.0012499999999988631,537.57056755913072,494.06650624412686,139.17310985837184,950.88384744313703,0,-43.504061315003867,false,true,ADMITTED_DAILY_NONNEGATIVE_WITH_SIGNED_HOURLY_COMPONENTS
SH-EN-ALERCE,2023-03-21,2023,80,-40.1726,24,2023032100,2023032123,17.879999999999999,9.75,7.7300000000000004,17.879999999999999,9.75,7.7275,0,0,-0.0025000000000003908,574.80407433451842,505.25324520515295,153.62226255076393,1061.6432758984756,0,-69.550829129365468,false,true,ADMITTED_DAILY_NONNEGATIVE_WITH_SIGNED_HOURLY_COMPONENTS
SH-EN-ALERCE,2023-03-22,2023,81,-40.1726,24,2023032200,2023032223,17.57,9.0999999999999996,6.8499999999999996,17.57,9.0999999999999996,6.8479166666666664,0,0,-0.0020833333333332149,590.75430302183008,533.65869435218394,108.37608688334467,1107.3565574199192,0,-57.09560866964614,false,true,ADMITTED_DAILY_NONNEGATIVE_WITH_SIGNED_HOURLY_COMPONENTS
SH-EN-ALERCE,2023-03-23,2023,82,-40.1726,24,2023032300,2023032323,18.739999999999998,8.0299999999999994,6.6299999999999999,18.739999999999998,8.0299999999999994,6.626666666666666,0,0,-0.0033333333333338544,641.794785520971,552.3808346588595,80.646477797397893,1331.9910974605345,0,-89.413950862111506,false,true,ADMITTED_DAILY_NONNEGATIVE_WITH_SIGNED_HOURLY_COMPONENTS
SH-EN-ALERCE,2023-03-24,2023,83,-40.1726,24,2023032400,2023032423,16.879999999999999,9.5999999999999996,9.2200000000000006,16.879999999999999,9.5999999999999996,9.2166666666666668,0,0,-0.0033333333333338544,394.00283362935102,330.88670342673458,46.476220834597143,917.0490510631322,0,-63.116130202616432,false,true,ADMITTED_DAILY_NONNEGATIVE_WITH_SIGNED_HOURLY_COMPONENTS
SH-EN-ALERCE,2023-03-25,2023,84,-40.1726,24,2023032500,2023032523,16.920000000000002,9.5199999999999996,6.0700000000000003,16.920000000000002,9.5199999999999996,6.0716666666666663,0,0,0.001666666666666039,618.82247425304013,558.32316194652094,80.520670425689786,1083.5735744103254,0,-60.499312306519187,false,true,ADMITTED_DAILY_NONNEGATIVE_WITH_SIGNED_HOURLY_COMPONENTS
SH-EN-ALERCE,2023-03-26,2023,85,-40.1726,24,2023032600,2023032623,17.82,8.3399999999999999,5.6399999999999997,17.82,8.3399999999999999,5.6362500000000004,0,0,-0.0037499999999992539,657.24738803715513,513.05585080344395,146.13511242150855,1233.1900800057811,0,-144.19153723371119,false,true,ADMITTED_DAILY_NONNEGATIVE_WITH_SIGNED_HOURLY_COMPONENTS
SH-EN-ALERCE,2023-03-27,2023,86,-40.1726,24,2023032700,2023032723,12.85,8.5399999999999991,9.4000000000000004,12.85,8.5399999999999991,9.4020833333333336,0,0,0.0020833333333332149,118.54788990602037,138.69542695720173,22.15785420461134,367.46696346147269,0,20.147537051181359,false,true,ADMITTED_DAILY_NONNEGATIVE_WITH_SIGNED_HOURLY_COMPONENTS
SH-EN-ALERCE,2023-03-28,2023,87,-40.1726,24,2023032800,2023032823,12.800000000000001,8.7300000000000004,7.7699999999999996,12.800000000000001,8.7300000000000004,7.7745833333333332,0,0,0.0045833333333336057,246.70800939521064,257.17002585091717,101.29530312497195,485.7885168751618,0,10.462016455706532,false,true,ADMITTED_DAILY_NONNEGATIVE_WITH_SIGNED_HOURLY_COMPONENTS
SH-EN-ALERCE,2023-03-29,2023,88,-40.1726,24,2023032900,2023032923,12.84,8.8000000000000007,5,12.84,8.8000000000000007,5.0004166666666672,0,0,0.00041666666666717589,435.0928216149133,413.78763840586498,229.25772845224913,639.24643742927515,0,-21.305183209048323,false,true,ADMITTED_DAILY_NONNEGATIVE_WITH_SIGNED_HOURLY_COMPONENTS
SH-EN-ALERCE,2023-03-30,2023,89,-40.1726,24,2023033000,2023033023,13.4,9.75,8.1999999999999993,13.4,9.75,8.2012499999999999,0,0,0.0012500000000006395,285.00841654540204,273.76605263284722,73.449055940300923,480.61335163651597,0,-11.242363912554822,false,true,ADMITTED_DAILY_NONNEGATIVE_WITH_SIGNED_HOURLY_COMPONENTS
SH-EN-ALERCE,2023-03-31,2023,90,-40.1726,24,2023033100,2023033123,14.52,8.6799999999999997,5.4000000000000004,14.52,8.6799999999999997,5.3954166666666667,0,0,-0.0045833333333336057,491.44643209583182,454.31089027421405,176.34898447907108,913.0509352496648,0,-37.135541821617778,false,true,ADMITTED_DAILY_NONNEGATIVE_WITH_SIGNED_HOURLY_COMPONENTS
SH-EN-ALERCE,2023-04-01,2023,91,-40.1726,24,2023040100,2023040123,15.109999999999999,10.27,11.619999999999999,15.109999999999999,10.27,11.617083333333333,0,0,-0.0029166666666657903,116.10498271409119,134.22009032028134,38.921335529126736,272.28910594841409,0,18.115107606190151,false,true,ADMITTED_DAILY_NONNEGATIVE_WITH_SIGNED_HOURLY_COMPONENTS
SH-EN-ALERCE,2023-04-02,2023,92,-40.1726,24,2023040200,2023040223,14.800000000000001,9.0800000000000001,8.1899999999999995,14.800000000000001,9.0800000000000001,8.1854166666666668,0,0,-0.0045833333333327175,332.1654679760195,271.24429430995144,26.000298002171576,674.75287990870993,0,-60.921173666068057,false,true,ADMITTED_DAILY_NONNEGATIVE_WITH_SIGNED_HOURLY_COMPONENTS
SH-EN-ALERCE,2023-04-03,2023,93,-40.1726,24,2023040300,2023040323,15.19,7.8200000000000003,8.0700000000000003,15.19,7.8200000000000003,8.0716666666666672,0,0,0.0016666666666669272,315.10944041187486,272.6774318895927,-5.0725512886517663,764.01688022000872,2,-42.43200852228216,false,true,ADMITTED_DAILY_NONNEGATIVE_WITH_SIGNED_HOURLY_COMPONENTS
SH-EN-ALERCE,2023-04-04,2023,94,-40.1726,24,2023040400,2023040423,17.149999999999999,9.7300000000000004,9.5500000000000007,17.149999999999999,9.7300000000000004,9.5545833333333334,0,0,0.0045833333333327175,389.65251815878833,307.39667696786154,-66.33625967931016,996.89080400727482,6,-82.255841190926787,false,true,ADMITTED_DAILY_NONNEGATIVE_WITH_SIGNED_HOURLY_COMPONENTS
SH-EN-ALERCE,2023-04-05,2023,95,-40.1726,24,2023040500,2023040523,13.93,12.109999999999999,12.48,13.93,12.109999999999999,12.478333333333333,0,0,-0.0016666666666669272,54.485257932599552,67.164892240821672,-46.660713978521017,160.80610983538622,2,12.67963430822212,false,true,ADMITTED_DAILY_NONNEGATIVE_WITH_SIGNED_HOURLY_COMPONENTS
SH-EN-ALERCE,2023-04-06,2023,96,-40.1726,24,2023040600,2023040623,14.17,9.25,8.6500000000000004,14.17,9.25,8.6524999999999999,0,0,0.0024999999999995026,270.76453722837141,255.20212783144351,80.932938572055264,490.56466493395396,0,-15.562409396927904,false,true,ADMITTED_DAILY_NONNEGATIVE_WITH_SIGNED_HOURLY_COMPONENTS
SH-EN-ALERCE,2023-04-07,2023,97,-40.1726,24,2023040700,2023040723,16.550000000000001,9.0600000000000005,7.8600000000000003,16.550000000000001,9.0600000000000005,7.8624999999999998,0,0,0.0024999999999995026,455.35620197598837,405.73020040097572,142.57855332144572,783.03344733019026,0,-49.626001575012651,false,true,ADMITTED_DAILY_NONNEGATIVE_WITH_SIGNED_HOURLY_COMPONENTS
SH-EN-ALERCE,2023-04-08,2023,98,-40.1726,24,2023040800,2023040823,16.620000000000001,8.5800000000000001,7.3899999999999997,16.620000000000001,8.5800000000000001,7.3945833333333333,0,0,0.0045833333333336057,474.71605851764434,397.54221276734614,32.112084965388703,968.67541503785105,0,-77.173845750298199,false,true,ADMITTED_DAILY_NONNEGATIVE_WITH_SIGNED_HOURLY_COMPONENTS
SH-EN-ALERCE,2023-04-09,2023,99,-40.1726,24,2023040900,2023040923,14.9,11.130000000000001,10.880000000000001,14.9,11.130000000000001,10.880416666666667,0,0,0.00041666666666628771,206.96969171188084,190.52088801722184,43.799306786944271,346.34307493887559,0,-16.448803694659006,false,true,ADMITTED_DAILY_NONNEGATIVE_WITH_SIGNED_HOURLY_COMPONENTS
SH-EN-ALERCE,2023-04-10,2023,100,-40.1726,24,2023041000,2023041023,16.879999999999999,12.99,13.779999999999999,16.879999999999999,12.99,13.778333333333334,0,0,-0.0016666666666651508,133.99252983616157,77.772634993761059,-18.70631349766677,343.01553610360338,4,-56.219894842400507,false,true,ADMITTED_DAILY_NONNEGATIVE_WITH_SIGNED_HOURLY_COMPONENTS
SH-EN-ALERCE,2023-04-11,2023,101,-40.1726,24,2023041100,2023041123,15.699999999999999,11.640000000000001,13.039999999999999,15.699999999999999,11.640000000000001,13.039166666666667,0,0,-0.00083333333333257542,74.980803419789254,95.006537037150295,-15.240503089744379,232.1512248050276,3,20.025733617361041,false,true,ADMITTED_DAILY_NONNEGATIVE_WITH_SIGNED_HOURLY_COMPONENTS
SH-EN-ALERCE,2023-04-12,2023,102,-40.1726,24,2023041200,2023041223,19.059999999999999,10.9,9.2899999999999991,19.059999999999999,10.9,9.2874999999999996,0,0,-0.0024999999999995026,584.075871501032,537.33196054399116,87.979916245765708,1181.5454530963727,0,-46.743910957040839,false,true,ADMITTED_DAILY_NONNEGATIVE_WITH_SIGNED_HOURLY_COMPONENTS
SH-EN-ALERCE,2023-04-13,2023,103,-40.1726,24,2023041300,2023041323,17.390000000000001,12.220000000000001,8.8399999999999999,17.390000000000001,12.220000000000001,8.8404166666666661,0,0,0.00041666666666628771,568.88121951429343,493.54339478722733,292.19190620970289,895.71126743377249,0,-75.337824727066106,false,true,ADMITTED_DAILY_NONNEGATIVE_WITH_SIGNED_HOURLY_COMPONENTS
SH-EN-ALERCE,2023-04-14,2023,104,-40.1726,24,2023041400,2023041423,15.19,9.3200000000000003,6.1399999999999997,15.19,9.3200000000000003,6.1391666666666671,0,0,-0.00083333333333257542,505.50583999791115,498.33943928599592,252.15433358482164,811.08982955314514,0,-7.1664007119152302,false,true,ADMITTED_DAILY_NONNEGATIVE_WITH_SIGNED_HOURLY_COMPONENTS
SH-EN-ALERCE,2023-04-15,2023,105,-40.1726,24,2023041500,2023041523,16.350000000000001,8.1500000000000004,5.8099999999999996,16.350000000000001,8.1500000000000004,5.8129166666666663,0,0,0.0029166666666666785,548.67695849811821,467.72190040705988,99.665744128110873,1011.0839104040074,0,-80.955058091058334,false,true,ADMITTED_DAILY_NONNEGATIVE_WITH_SIGNED_HOURLY_COMPONENTS
SH-EN-ALERCE,2023-04-16,2023,106,-40.1726,24,2023041600,2023041623,12.9,8.0700000000000003,6.79,12.9,8.0700000000000003,6.7925000000000004,0,0,0.0025000000000003908,295.44464073642848,238.6239226297686,66.477036401245186,556.76937590041427,0,-56.820718106659882,false,true,ADMITTED_DAILY_NONNEGATIVE_WITH_SIGNED_HOURLY_COMPONENTS
SH-EN-ALERCE,2023-04-17,2023,107,-40.1726,24,2023041700,2023041723,11.23,8.1400000000000006,6.3399999999999999,11.23,8.1400000000000006,6.3370833333333332,0,0,-0.0029166666666666785,250.62938982350579,237.01870143102784,48.852797537112565,491.76925326645812,0,-13.610688392477954,false,true,ADMITTED_DAILY_NONNEGATIVE_WITH_SIGNED_HOURLY_COMPONENTS
SH-EN-ALERCE,2023-04-18,2023,108,-40.1726,24,2023041800,2023041823,12.550000000000001,10.66,10.26,12.550000000000001,10.66,10.2575,0,0,-0.0024999999999995026,119.27190560290046,119.15979635556658,9.9485902780565993,252.92320314387075,0,-0.11210924733387628,false,true,ADMITTED_DAILY_NONNEGATIVE_WITH_SIGNED_HOURLY_COMPONENTS
SH-EN-ALERCE,2023-04-19,2023,109,-40.1726,24,2023041900,2023041923,16.68,11.44,11.83,16.68,11.44,11.828333333333333,0,0,-0.0016666666666669272,238.27435287756589,185.76441246225173,-4.5142039649126673,521.90403919704545,4,-52.509940415314162,false,true,ADMITTED_DAILY_NONNEGATIVE_WITH_SIGNED_HOURLY_COMPONENTS
SH-EN-ALERCE,2023-04-20,2023,110,-40.1726,24,2023042000,2023042023,16.690000000000001,12.07,11.380000000000001,16.690000000000001,12.07,11.380416666666667,0,0,0.00041666666666628771,308.27678595995735,222.51287051698282,45.763590958316399,585.733501648745,0,-85.763915442974536,false,true,ADMITTED_DAILY_NONNEGATIVE_WITH_SIGNED_HOURLY_COMPONENTS
SH-EN-ALERCE,2023-04-21,2023,111,-40.1726,24,2023042100,2023042123,13.949999999999999,10.57,11.140000000000001,13.949999999999999,10.57,11.141249999999999,0,0,0.0012499999999988631,109.5627288532437,98.874118809536753,-17.594971838969968,304.08587330045953,3,-10.688610043706944,false,true,ADMITTED_DAILY_NONNEGATIVE_WITH_SIGNED_HOURLY_COMPONENTS
SH-EN-ALERCE,2023-04-22,2023,112,-40.1726,24,2023042200,2023042223,15.18,9.1999999999999993,8.5800000000000001,15.18,9.1999999999999993,8.5804166666666664,0,0,0.00041666666666628771,328.54711010484857,267.81327189146896,-12.051396425525581,704.6242515941276,1,-60.733838213379613,false,true,ADMITTED_DAILY_NONNEGATIVE_WITH_SIGNED_HOURLY_COMPONENTS
SH-EN-ALERCE,2023-04-23,2023,113,-40.1726,24,2023042300,2023042323,15.279999999999999,7.9299999999999997,7.9500000000000002,15.279999999999999,7.9299999999999997,7.9475000000000007,0,0,-0.0024999999999995026,332.87736405937449,249.66869266576825,27.384075815708002,678.81015666807457,0,-83.208671393606238,false,true,ADMITTED_DAILY_NONNEGATIVE_WITH_SIGNED_HOURLY_COMPONENTS
SH-EN-ALERCE,2023-04-24,2023,114,-40.1726,24,2023042400,2023042423,12.48,8.9100000000000001,8.4900000000000002,12.48,8.9100000000000001,8.4924999999999997,0,0,0.0024999999999995026,185.238312812804,140.68258630133667,8.589864575916863,331.68844744939906,0,-44.555726511467327,false,true,ADMITTED_DAILY_NONNEGATIVE_WITH_SIGNED_HOURLY_COMPONENTS
SH-EN-ALERCE,2023-04-25,2023,115,-40.1726,24,2023042500,2023042523,11.67,9.4900000000000002,9.9399999999999995,11.67,9.4900000000000002,9.9387500000000006,0,0,-0.0012499999999988631,56.443820600363097,62.509015116620994,-6.1636056732786528,113.83221557231082,2,6.0651945162578969,false,true,ADMITTED_DAILY_NONNEGATIVE_WITH_SIGNED_HOURLY_COMPONENTS
SH-EN-ALERCE,2023-04-26,2023,116,-40.1726,24,2023042600,2023042623,13.970000000000001,9.7100000000000009,9.3800000000000008,13.970000000000001,9.7100000000000009,9.3820833333333322,0,0,0.0020833333333314386,222.03146995410498,169.26969152210407,1.7360115843919175,452.08002293801792,0,-52.761778432000909,false,true,ADMITTED_DAILY_NONNEGATIVE_WITH_SIGNED_HOURLY_COMPONENTS
SH-EN-ALERCE,2023-04-27,2023,117,-40.1726,24,2023042700,2023042723,12.720000000000001,9.9600000000000009,10.859999999999999,12.720000000000001,9.9600000000000009,10.858333333333334,0,0,-0.0016666666666651508,47.068477367859032,67.763877282697564,31.09933220793755,152.59871255430039,0,20.695399914838532,false,true,ADMITTED_DAILY_NONNEGATIVE_WITH_SIGNED_HOURLY_COMPONENTS
SH-EN-ALERCE,2023-04-28,2023,118,-40.1726,24,2023042800,2023042823,14.84,12.449999999999999,11.880000000000001,14.84,12.449999999999999,11.878749999999998,0,0,-0.0012500000000024158,174.78922693234495,133.00170030252954,47.70374660972243,235.19873197871834,0,-41.787526629815403,false,true,ADMITTED_DAILY_NONNEGATIVE_WITH_SIGNED_HOURLY_COMPONENTS
SH-EN-ALERCE,2023-04-29,2023,119,-40.1726,24,2023042900,2023042923,13.289999999999999,11.119999999999999,8.8399999999999999,13.289999999999999,11.119999999999999,8.8429166666666656,0,0,0.0029166666666657903,289.11152086495895,309.40384781474523,142.97255202529391,521.11792660307367,0,20.292326949786286,false,true,ADMITTED_DAILY_NONNEGATIVE_WITH_SIGNED_HOURLY_COMPONENTS
SH-EN-ALERCE,2023-04-30,2023,120,-40.1726,24,2023043000,2023043023,11.23,8.6400000000000006,6.1100000000000003,11.23,8.6400000000000006,6.1062500000000002,0,0,-0.0037500000000001421,284.42303755966054,291.29790384362173,147.8929943377168,463.24416863523868,0,6.8748662839611825,false,true,ADMITTED_DAILY_NONNEGATIVE_WITH_SIGNED_HOURLY_COMPONENTS
SH-EN-ALERCE,2023-05-01,2023,121,-40.1726,24,2023050100,2023050123,11.94,9.1300000000000008,6.8399999999999999,11.94,9.1300000000000008,6.8391666666666664,0,0,-0.0008333333333334636,286.69872139515962,267.77780826351363,99.143938372600132,415.91461825059241,0,-18.920913131645989,false,true,ADMITTED_DAILY_NONNEGATIVE_WITH_SIGNED_HOURLY_COMPONENTS
SH-EN-ALERCE,2023-05-02,2023,122,-40.1726,24,2023050200,2023050223,13.210000000000001,8.0099999999999998,7.2000000000000002,13.210000000000001,8.0099999999999998,7.1966666666666663,0,0,-0.0033333333333338544,280.28417849177993,265.57776063360177,66.070760075253474,535.71159620714809,0,-14.706417858178156,false,true,ADMITTED_DAILY_NONNEGATIVE_WITH_SIGNED_HOURLY_COMPONENTS
SH-EN-ALERCE,2023-05-03,2023,123,-40.1726,24,2023050300,2023050323,13.109999999999999,7.1900000000000004,7.0099999999999998,13.109999999999999,7.1900000000000004,7.012083333333333,0,0,0.0020833333333332149,259.24683443593483,215.91428751455874,44.065490116419369,480.27975860246192,0,-43.332546921376093,false,true,ADMITTED_DAILY_NONNEGATIVE_WITH_SIGNED_HOURLY_COMPONENTS
SH-EN-ALERCE,2023-05-04,2023,124,-40.1726,24,2023050400,2023050423,13.529999999999999,9.3900000000000006,9.5600000000000005,13.529999999999999,9.3900000000000006,9.5566666666666666,0,0,-0.0033333333333338544,172.35513975849949,120.20916586270774,-10.413696108447084,316.75996036664674,3,-52.145973895791755,false,true,ADMITTED_DAILY_NONNEGATIVE_WITH_SIGNED_HOURLY_COMPONENTS
SH-EN-ALERCE,2023-05-05,2023,125,-40.1726,24,2023050500,2023050523,15.59,9.4100000000000001,9.1500000000000004,15.59,9.4100000000000001,9.1508333333333329,0,0,0.00083333333333257542,315.98460060258776,241.84599616400905,-7.1711780416128477,643.16160018544474,1,-74.13860443857871,false,true,ADMITTED_DAILY_NONNEGATIVE_WITH_SIGNED_HOURLY_COMPONENTS
SH-EN-ALERCE,2023-05-06,2023,126,-40.1726,24,2023050600,2023050623,14.92,9.6999999999999993,9.7200000000000006,14.92,9.6999999999999993,9.7162500000000005,0,0,-0.0037500000000001421,244.92663388899996,188.94322125284489,64.93771680412965,481.81861173835478,0,-55.983412636155066,false,true,ADMITTED_DAILY_NONNEGATIVE_WITH_SIGNED_HOURLY_COMPONENTS
SH-EN-ALERCE,2023-05-07,2023,127,-40.1726,24,2023050700,2023050723,13.01,7.0899999999999999,6.4000000000000004,13.01,7.0899999999999999,6.3975,0,0,-0.0025000000000003908,292.0855008505356,288.70078084598248,107.97225593814517,587.32645194139195,0,-3.3847200045531167,false,true,ADMITTED_DAILY_NONNEGATIVE_WITH_SIGNED_HOURLY_COMPONENTS
SH-EN-ALERCE,2023-05-08,2023,128,-40.1726,24,2023050800,2023050823,12.42,6.0599999999999996,5.0800000000000001,12.42,6.0599999999999996,5.0820833333333333,0,0,0.0020833333333332149,313.24767650690092,279.12155967997671,71.549240897901996,584.67823942721645,0,-34.126116826924203,false,true,ADMITTED_DAILY_NONNEGATIVE_WITH_SIGNED_HOURLY_COMPONENTS
SH-EN-ALERCE,2023-05-09,2023,129,-40.1726,24,2023050900,2023050923,14.76,7.9800000000000004,8.7400000000000002,14.76,7.9800000000000004,8.7358333333333338,0,0,-0.0041666666666664298,247.19073072805077,206.67272839112263,54.071076860996982,449.56481622823776,0,-40.518002336928134,false,true,ADMITTED_DAILY_NONNEGATIVE_WITH_SIGNED_HOURLY_COMPONENTS
SH-EN-ALERCE,2023-05-10,2023,130,-40.1726,24,2023051000,2023051023,15.52,10.76,11.06,15.52,10.76,11.064166666666667,0,0,0.0041666666666664298,209.64172266604828,138.36958355023583,-45.253041561026521,479.94344097336557,7,-71.27213911581245,false,true,ADMITTED_DAILY_NONNEGATIVE_WITH_SIGNED_HOURLY_COMPONENTS
SH-EN-ALERCE,2023-05-11,2023,131,-40.1726,24,2023051100,2023051123,14.029999999999999,11.91,12.5,14.029999999999999,11.91,12.498333333333333,0,0,-0.0016666666666669272,48.509706687193557,33.839842405784175,-34.408482818165794,161.7307688176943,9,-14.669864281409382,false,true,ADMITTED_DAILY_NONNEGATIVE_WITH_SIGNED_HOURLY_COMPONENTS
SH-EN-ALERCE,2023-05-12,2023,132,-40.1726,24,2023051200,2023051223,13.199999999999999,12.18,12.57,13.199999999999999,12.18,12.566666666666668,0,0,-0.003333333333332078,12.230107191582647,19.793539669084804,-51.259450469307922,59.373573638684547,5,7.5634324775021575,false,true,ADMITTED_DAILY_NONNEGATIVE_WITH_SIGNED_HOURLY_COMPONENTS
SH-EN-ALERCE,2023-05-13,2023,133,-40.1726,24,2023051300,2023051323,13.539999999999999,11.449999999999999,11.92,13.539999999999999,11.449999999999999,11.922499999999999,0,0,0.0024999999999995026,56.820309800632231,40.826084525233483,-39.730114653214514,165.50153781227527,10,-15.994225275398747,false,true,ADMITTED_DAILY_NONNEGATIVE_WITH_SIGNED_HOURLY_COMPONENTS
SH-EN-ALERCE,2023-05-14,2023,134,-40.1726,24,2023051400,2023051423,17.190000000000001,10.140000000000001,10.720000000000001,17.190000000000001,10.140000000000001,10.715000000000002,0,0,-0.0049999999999990052,311.87661830150455,159.27050765788306,-43.348235518596539,776.95569840252142,10,-152.60611064362149,false,true,ADMITTED_DAILY_NONNEGATIVE_WITH_SIGNED_HOURLY_COMPONENTS
SH-EN-ALERCE,2023-05-15,2023,135,-40.1726,24,2023051500,2023051523,12.630000000000001,11.15,11.119999999999999,12.630000000000001,11.15,11.119583333333333,0,0,-0.00041666666666628771,70.659809799416735,71.758487878247038,27.1564308266029,125.97833061123606,0,1.0986780788303037,false,true,ADMITTED_DAILY_NONNEGATIVE_WITH_SIGNED_HOURLY_COMPONENTS
SH-EN-ALERCE,2023-05-16,2023,136,-40.1726,24,2023051600,2023051623,12.609999999999999,9.5800000000000001,7.4400000000000004,12.609999999999999,9.5800000000000001,7.4450000000000003,0,0,0.0049999999999998934,294.37296846868799,263.9285289157902,41.144454025811683,513.81359999732535,0,-30.444439552897791,false,true,ADMITTED_DAILY_NONNEGATIVE_WITH_SIGNED_HOURLY_COMPONENTS
SH-EN-ALERCE,2023-05-17,2023,137,-40.1726,24,2023051700,2023051723,11.57,10.460000000000001,9.7699999999999996,11.57,10.460000000000001,9.7670833333333338,0,0,-0.0029166666666657903,105.64472676708283,130.01074294419016,90.018969776014501,233.56155964571963,0,24.366016177107326,false,true,ADMITTED_DAILY_NONNEGATIVE_WITH_SIGNED_HOURLY_COMPONENTS
SH-EN-ALERCE,2023-05-18,2023,138,-40.1726,24,2023051800,2023051823,13.33,10.75,10.09,13.33,10.75,10.092499999999999,0,0,0.0024999999999995026,175.34631889463731,185.96101207301169,120.16313119327992,335.68877706700243,0,10.614693178374381,false,true,ADMITTED_DAILY_NONNEGATIVE_WITH_SIGNED_HOURLY_COMPONENTS
SH-EN-ALERCE,2023-05-19,2023,139,-40.1726,24,2023051900,2023051923,10.67,7.4199999999999999,3.27,10.67,7.4199999999999999,3.2662499999999999,0,0,-0.0037500000000001421,385.24796731071501,368.42558092305609,182.85956452682024,610.34067808519217,0,-16.822386387658923,false,true,ADMITTED_DAILY_NONNEGATIVE_WITH_SIGNED_HOURLY_COMPONENTS
SH-EN-ALERCE,2023-05-20,2023,140,-40.1726,24,2023052000,2023052023,12.52,6.9500000000000002,7.7699999999999996,12.52,6.9500000000000002,7.7741666666666669,0,0,0.004166666666667318,168.82542986508452,158.38296994725775,77.236341482539956,367.40633035588485,0,-10.442459917826767,false,true,ADMITTED_DAILY_NONNEGATIVE_WITH_SIGNED_HOURLY_COMPONENTS
SH-EN-ALERCE,2023-05-21,2023,141,-40.1726,24,2023052100,2023052123,13.369999999999999,10.68,9.3699999999999992,13.369999999999999,10.68,9.3741666666666656,0,0,0.0041666666666664298,232.65560500991432,224.45337168960432,73.575566902629816,475.2784169987749,0,-8.2022333203100004,false,true,ADMITTED_DAILY_NONNEGATIVE_WITH_SIGNED_HOURLY_COMPONENTS
SH-EN-ALERCE,2023-05-22,2023,142,-40.1726,24,2023052200,2023052223,12.67,9.8399999999999999,8.8000000000000007,12.67,9.8399999999999999,8.7949999999999999,0,0,-0.0050000000000007816,207.66056050446832,205.53371299228124,144.27846084077555,315.66736798567467,0,-2.1268475121870836,false,true,ADMITTED_DAILY_NONNEGATIVE_WITH_SIGNED_HOURLY_COMPONENTS
SH-EN-ALERCE,2023-05-23,2023,143,-40.1726,24,2023052300,2023052323,12.81,10.81,6.9299999999999997,12.81,10.81,6.9333333333333336,0,0,0.0033333333333338544,390.68882651879778,365.33318518079506,160.81341835110038,464.03057378515882,0,-25.355641338002727,false,true,ADMITTED_DAILY_NONNEGATIVE_WITH_SIGNED_HOURLY_COMPONENTS
SH-EN-ALERCE,2023-05-24,2023,144,-40.1726,24,2023052400,2023052423,12.76,11.32,7.46,12.76,11.32,7.4612499999999997,0,0,0.0012499999999997513,373.7114867847431,352.68771901204963,252.39782641706256,460.78076241340443,0,-21.023767772693475,false,true,ADMITTED_DAILY_NONNEGATIVE_WITH_SIGNED_HOURLY_COMPONENTS
SH-EN-ALERCE,2023-05-25,2023,145,-40.1726,24,2023052500,2023052523,12.199999999999999,8.6799999999999997,8.8000000000000007,12.199999999999999,8.6799999999999997,8.7958333333333325,0,0,-0.0041666666666682062,139.68167607622945,188.70500315182449,126.59376793274305,299.59015960610873,0,49.023327075595034,false,true,ADMITTED_DAILY_NONNEGATIVE_WITH_SIGNED_HOURLY_COMPONENTS
SH-EN-ALERCE,2023-05-26,2023,146,-40.1726,24,2023052600,2023052623,10,5.4000000000000004,5.2999999999999998,10,5.4000000000000004,5.2995833333333335,0,0,-0.00041666666666628771,171.71813593833758,211.70787643826759,89.414630035005075,400.86093560729842,0,39.989740499930008,false,true,ADMITTED_DAILY_NONNEGATIVE_WITH_SIGNED_HOURLY_COMPONENTS
SH-EN-ALERCE,2023-05-27,2023,147,-40.1726,24,2023052700,2023052723,11.23,4.5899999999999999,1.8,11.23,4.5899999999999999,1.8020833333333333,0,0,0.0020833333333332149,394.68349836314167,333.58255732043511,53.490688988041256,761.40574397463479,0,-61.100941042706552,false,true,ADMITTED_DAILY_NONNEGATIVE_WITH_SIGNED_HOURLY_COMPONENTS
SH-EN-ALERCE,2023-05-28,2023,148,-40.1726,24,2023052800,2023052823,8.3300000000000001,4.8399999999999999,1.73,8.3300000000000001,4.8399999999999999,1.7279166666666665,0,0,-0.002083333333333437,287.74564668439166,299.28610490096679,111.27922513178078,441.48700036004993,0,11.540458216575132,false,true,ADMITTED_DAILY_NONNEGATIVE_WITH_SIGNED_HOURLY_COMPONENTS
SH-EN-ALERCE,2023-05-29,2023,149,-40.1726,24,2023052900,2023052923,10.800000000000001,6.0599999999999996,4.1900000000000004,10.800000000000001,6.0599999999999996,4.1887499999999998,0,0,-0.0012500000000006395,292.98126860137495,298.31606453030412,242.70908485534767,413.49951175450315,0,5.334795928929168,false,true,ADMITTED_DAILY_NONNEGATIVE_WITH_SIGNED_HOURLY_COMPONENTS
SH-EN-ALERCE,2023-05-30,2023,150,-40.1726,24,2023053000,2023053023,12.710000000000001,9.2400000000000002,9.4900000000000002,12.710000000000001,9.2400000000000002,9.4858333333333338,0,0,-0.0041666666666664298,131.57884063440724,110.06154638358316,24.551957392387067,284.70601115500938,0,-21.517294250824079,false,true,ADMITTED_DAILY_NONNEGATIVE_WITH_SIGNED_HOURLY_COMPONENTS
SH-EN-ALERCE,2023-05-31,2023,151,-40.1726,24,2023053100,2023053123,13.039999999999999,9.4399999999999995,10.550000000000001,13.039999999999999,9.4399999999999995,10.545833333333333,0,0,-0.0041666666666682062,68.204781136270867,98.138892035266522,26.796151813514825,292.82965239680175,0,29.934110898995655,false,true,ADMITTED_DAILY_NONNEGATIVE_WITH_SIGNED_HOURLY_COMPONENTS
SH-EN-ALERCE,2023-06-01,2023,152,-40.1726,24,2023060100,2023060123,12.92,9.3399999999999999,10.07,12.92,9.3399999999999999,10.070416666666667,0,0,0.00041666666666628771,98.589979165342584,100.25180917541404,30.50980015490336,202.68789798728085,0,1.6618300100714549,false,true,ADMITTED_DAILY_NONNEGATIVE_WITH_SIGNED_HOURLY_COMPONENTS
SH-EN-ALERCE,2023-06-02,2023,153,-40.1726,24,2023060200,2023060223,13.380000000000001,11.970000000000001,9.6199999999999992,13.380000000000001,11.970000000000001,9.6233333333333331,0,0,0.0033333333333338544,270.5591655153637,273.56893624868854,103.92767112956585,378.68702108093976,0,3.0097707333248422,false,true,ADMITTED_DAILY_NONNEGATIVE_WITH_SIGNED_HOURLY_COMPONENTS
SH-EN-ALERCE,2023-06-03,2023,154,-40.1726,24,2023060300,2023060323,12.98,8.5800000000000001,7.5199999999999996,12.98,8.5800000000000001,7.5249999999999995,0,0,0.0049999999999998934,267.65239011447215,279.95354299313135,85.585629986461072,452.76153970758219,0,12.301152878659195,false,true,ADMITTED_DAILY_NONNEGATIVE_WITH_SIGNED_HOURLY_COMPONENTS
SH-EN-ALERCE,2023-06-04,2023,155,-40.1726,24,2023060400,2023060423,11.119999999999999,7.7999999999999998,5.1100000000000003,11.119999999999999,7.7999999999999998,5.114583333333333,0,0,0.0045833333333327175,311.7009511056923,307.62953727637836,202.23711680249585,517.37214862369524,0,-4.0714138293139399,false,true,ADMITTED_DAILY_NONNEGATIVE_WITH_SIGNED_HOURLY_COMPONENTS
SH-EN-ALERCE,2023-06-05,2023,156,-40.1726,24,2023060500,2023060523,12.949999999999999,10.16,9.9800000000000004,12.949999999999999,10.16,9.9820833333333336,0,0,0.0020833333333332149,140.7170529581133,142.39789974914336,30.568584984809831,307.06602852595836,0,1.6808467910300635,false,true,ADMITTED_DAILY_NONNEGATIVE_WITH_SIGNED_HOURLY_COMPONENTS
SH-EN-ALERCE,2023-06-06,2023,157,-40.1726,24,2023060600,2023060623,11.58,9.3800000000000008,7.0599999999999996,11.58,9.3800000000000008,7.0587499999999999,0,0,-0.0012499999999997513,265.0349900884861,247.7593157384874,85.211038843429378,402.3339554677957,0,-17.275674349998695,false,true,ADMITTED_DAILY_NONNEGATIVE_WITH_SIGNED_HOURLY_COMPONENTS
SH-EN-ALERCE,2023-06-07,2023,158,-40.1726,24,2023060700,2023060723,12.92,9.1699999999999999,8.3499999999999996,12.92,9.1699999999999999,8.3520833333333329,0,0,0.0020833333333332149,227.02051282677485,197.24429956633503,42.200094788151546,338.27609616661778,0,-29.776213260439818,false,true,ADMITTED_DAILY_NONNEGATIVE_WITH_SIGNED_HOURLY_COMPONENTS
SH-EN-ALERCE,2023-06-08,2023,159,-40.1726,24,2023060800,2023060823,13.800000000000001,8.0600000000000005,8.5600000000000005,13.800000000000001,8.0600000000000005,8.5641666666666669,0,0,0.0041666666666664298,213.18965809477527,191.62290655094731,51.376822208849944,365.36686959131566,0,-21.566751543827962,false,true,ADMITTED_DAILY_NONNEGATIVE_WITH_SIGNED_HOURLY_COMPONENTS
SH-EN-ALERCE,2023-06-09,2023,160,-40.1726,24,2023060900,2023060923,9.4000000000000004,8.1099999999999994,6.0899999999999999,9.4000000000000004,8.1099999999999994,6.0916666666666659,0,0,0.001666666666666039,189.1916798477049,189.09894277838205,106.80034600188037,260.09987518627986,0,-0.092737069322851085,false,true,ADMITTED_DAILY_NONNEGATIVE_WITH_SIGNED_HOURLY_COMPONENTS
SH-EN-ALERCE,2023-06-10,2023,161,-40.1726,24,2023061000,2023061023,9.3100000000000005,6.1699999999999999,4.7599999999999998,9.3100000000000005,6.1699999999999999,4.762083333333333,0,0,0.0020833333333332149,201.44465613105444,186.9879491563789,103.58098969362527,362.49304555025628,0,-14.456706974675541,false,true,ADMITTED_DAILY_NONNEGATIVE_WITH_SIGNED_HOURLY_COMPONENTS
SH-EN-ALERCE,2023-06-11,2023,162,-40.1726,24,2023061100,2023061123,9.3699999999999992,5.75,4.7300000000000004,9.3699999999999992,5.75,4.7350000000000003,0,0,0.0049999999999998934,192.05464209638944,153.79847653315238,75.675545852144182,309.01666844895192,0,-38.256165563237062,false,true,ADMITTED_DAILY_NONNEGATIVE_WITH_SIGNED_HOURLY_COMPONENTS
SH-EN-ALERCE,2023-06-12,2023,163,-40.1726,24,2023061200,2023061223,10.789999999999999,5.1100000000000003,4.0700000000000003,10.789999999999999,5.1100000000000003,4.0674999999999999,0,0,-0.0025000000000003908,269.4901370870906,206.83058820826668,92.836648985369834,527.00047797482932,0,-62.659548878823927,false,true,ADMITTED_DAILY_NONNEGATIVE_WITH_SIGNED_HOURLY_COMPONENTS
SH-EN-ALERCE,2023-06-13,2023,164,-40.1726,24,2023061300,2023061323,8.5500000000000007,3.77,3.4500000000000002,8.5500000000000007,3.77,3.4491666666666667,0,0,-0.0008333333333334636,174.59492230288367,177.21697208542403,79.059798799665941,425.04614848820108,0,2.6220497825403584,false,true,ADMITTED_DAILY_NONNEGATIVE_WITH_SIGNED_HOURLY_COMPONENTS
SH-EN-ALERCE,2023-06-14,2023,165,-40.1726,24,2023061400,2023061423,11.23,8.7100000000000009,9.2100000000000009,11.23,8.7100000000000009,9.206666666666667,0,0,-0.0033333333333338544,64.890592789873153,78.628879687449569,20.326090894402796,235.79536722996329,0,13.738286897576415,false,true,ADMITTED_DAILY_NONNEGATIVE_WITH_SIGNED_HOURLY_COMPONENTS
SH-EN-ALERCE,2023-06-15,2023,166,-40.1726,24,2023061500,2023061523,10.85,5.8499999999999996,5.5,10.85,5.8499999999999996,5.5012499999999998,0,0,0.0012499999999997513,209.33352119168956,221.67971878687186,94.848504805868743,484.12902327315999,0,12.346197595182304,false,true,ADMITTED_DAILY_NONNEGATIVE_WITH_SIGNED_HOURLY_COMPONENTS
SH-EN-ALERCE,2023-06-16,2023,167,-40.1726,24,2023061600,2023061623,10.9,5.0300000000000002,3.3799999999999999,10.9,5.0300000000000002,3.3825000000000003,0,0,0.0025000000000003908,310.62905705948845,237.31856805734512,93.486196478940656,550.00375263852118,0,-73.310489002143328,false,true,ADMITTED_DAILY_NONNEGATIVE_WITH_SIGNED_HOURLY_COMPONENTS
SH-EN-ALERCE,2023-06-17,2023,168,-40.1726,24,2023061700,2023061723,11.57,5.3200000000000003,2.7999999999999998,11.57,5.3200000000000003,2.7979166666666671,0,0,-0.0020833333333327708,380.56067564007958,330.58831907437076,128.69781073210322,663.61691858062261,0,-49.972356565708822,false,true,ADMITTED_DAILY_NONNEGATIVE_WITH_SIGNED_HOURLY_COMPONENTS
SH-EN-ALERCE,2023-06-18,2023,169,-40.1726,24,2023061800,2023061823,11.91,6.4800000000000004,5.4299999999999997,11.91,6.4800000000000004,5.4274999999999993,0,0,-0.0025000000000003908,281.60923753766133,210.76950452617606,75.079865878605119,389.87928810875394,0,-70.839733011485265,false,true,ADMITTED_DAILY_NONNEGATIVE_WITH_SIGNED_HOURLY_COMPONENTS
SH-EN-ALERCE,2023-06-19,2023,170,-40.1726,24,2023061900,2023061923,12.93,6.29,4.5999999999999996,12.93,6.29,4.6025,0,0,0.0025000000000003908,374.23638685003652,320.08206474983075,59.08122886262754,616.48228386703079,0,-54.154322100205775,false,true,ADMITTED_DAILY_NONNEGATIVE_WITH_SIGNED_HOURLY_COMPONENTS
SH-EN-ALERCE,2023-06-20,2023,171,-40.1726,24,2023062000,2023062023,10.66,7.8300000000000001,7.4199999999999999,10.66,7.8300000000000001,7.4208333333333334,0,0,0.0008333333333334636,140.75373329585727,149.89304210457453,40.131163264830093,272.17708273339497,0,9.13930880871726,false,true,ADMITTED_DAILY_NONNEGATIVE_WITH_SIGNED_HOURLY_COMPONENTS
SH-EN-ALERCE,2023-06-21,2023,172,-40.1726,24,2023062100,2023062123,11.9,10.26,9.9000000000000004,11.9,10.26,9.8958333333333339,0,0,-0.0041666666666664298,101.67370085449716,84.324145509844456,33.658876595724905,117.80682099435808,0,-17.3495553446527,false,true,ADMITTED_DAILY_NONNEGATIVE_WITH_SIGNED_HOURLY_COMPONENTS
SH-EN-ALERCE,2023-06-22,2023,173,-40.1726,24,2023062200,2023062223,12.279999999999999,11.369999999999999,11.51,12.279999999999999,11.369999999999999,11.507916666666667,0,0,-0.0020833333333332149,29.126172381638071,39.523833748993781,20.922875115686566,69.484773861375288,0,10.39766136735571,false,true,ADMITTED_DAILY_NONNEGATIVE_WITH_SIGNED_HOURLY_COMPONENTS
SH-EN-ALERCE,2023-06-23,2023,174,-40.1726,24,2023062300,2023062323,12.220000000000001,10.800000000000001,10.960000000000001,12.220000000000001,10.800000000000001,10.958333333333334,0,0,-0.0016666666666669272,49.974422102295648,57.646972582730598,41.103452049775342,84.563478889927637,0,7.6725504804349498,false,true,ADMITTED_DAILY_NONNEGATIVE_WITH_SIGNED_HOURLY_COMPONENTS
SH-EN-ALERCE,2023-06-24,2023,175,-40.1726,24,2023062400,2023062423,11.44,9.0299999999999994,7.4900000000000002,11.44,9.0299999999999994,7.4929166666666669,0,0,0.0029166666666666785,214.92593680351774,232.65863456176257,76.889609230158158,455.33916543482451,0,17.732697758244825,false,true,ADMITTED_DAILY_NONNEGATIVE_WITH_SIGNED_HOURLY_COMPONENTS
SH-EN-ALERCE,2023-06-25,2023,176,-40.1726,24,2023062500,2023062523,12.81,8.8200000000000003,9.8499999999999996,12.81,8.8200000000000003,9.8529166666666672,0,0,0.0029166666666675667,91.0416308303802,153.35246712953176,35.068408425516054,362.43465619837366,0,62.310836299151561,false,true,ADMITTED_DAILY_NONNEGATIVE_WITH_SIGNED_HOURLY_COMPONENTS
SH-EN-ALERCE,2023-06-26,2023,177,-40.1726,24,2023062600,2023062623,10.69,9.2599999999999998,8.5899999999999999,10.69,9.2599999999999998,8.5899999999999999,0,0,0,110.49837178305438,127.52453037559572,93.25241872734091,152.60307168509166,0,17.026158592541336,false,true,ADMITTED_DAILY_NONNEGATIVE_WITH_SIGNED_HOURLY_COMPONENTS
SH-EN-ALERCE,2023-06-27,2023,178,-40.1726,24,2023062700,2023062723,10.779999999999999,9.1500000000000004,7.3600000000000003,10.779999999999999,9.1500000000000004,7.3591666666666669,0,0,-0.0008333333333334636,199.79769151230198,212.44291677644949,160.50728008115391,248.46994104672513,0,12.645225264147513,false,true,ADMITTED_DAILY_NONNEGATIVE_WITH_SIGNED_HOURLY_COMPONENTS
SH-EN-ALERCE,2023-06-28,2023,179,-40.1726,24,2023062800,2023062823,10.039999999999999,7.5800000000000001,5.3300000000000001,10.039999999999999,7.5800000000000001,5.3274999999999997,0,0,-0.0025000000000003908,244.2515101619515,221.82570204159239,55.843519754826616,401.92645659856191,0,-22.425808120359108,false,true,ADMITTED_DAILY_NONNEGATIVE_WITH_SIGNED_HOURLY_COMPONENTS
SH-EN-ALERCE,2023-06-29,2023,180,-40.1726,24,2023062900,2023062923,9.1099999999999994,7.9400000000000004,7.9100000000000001,9.1099999999999994,7.9400000000000004,7.9120833333333342,0,0,0.0020833333333341031,46.295521905190071,68.689650173919816,47.586049492495022,127.44091991789412,0,22.394128268729744,false,true,ADMITTED_DAILY_NONNEGATIVE_WITH_SIGNED_HOURLY_COMPONENTS
SH-EN-ALERCE,2023-06-30,2023,181,-40.1726,24,2023063000,2023063023,12.050000000000001,9.0999999999999996,10.09,12.050000000000001,9.0999999999999996,10.089166666666666,0,0,-0.00083333333333435178,46.129029555093894,73.711745708896032,40.158847563459403,158.41049001802844,0,27.582716153802139,false,true,ADMITTED_DAILY_NONNEGATIVE_WITH_SIGNED_HOURLY_COMPONENTS
SH-EN-ALERCE,2023-07-01,2023,182,-40.1726,24,2023070100,2023070123,12.49,10.16,10.720000000000001,12.49,10.16,10.723333333333334,0,0,0.0033333333333338544,56.37933767851473,73.939847111865632,44.153358440291186,120.13789509336198,0,17.560509433350902,false,true,ADMITTED_DAILY_NONNEGATIVE_WITH_SIGNED_HOURLY_COMPONENTS
SH-EN-ALERCE,2023-07-02,2023,183,-40.1726,24,2023070200,2023070223,11.92,10.69,8.0399999999999991,11.92,10.69,8.0404166666666672,0,0,0.00041666666666806407,264.85011237724757,267.86631072682877,119.37703560960836,399.07987784611441,0,3.0161983495812024,false,true,ADMITTED_DAILY_NONNEGATIVE_WITH_SIGNED_HOURLY_COMPONENTS
SH-EN-ALERCE,2023-07-03,2023,184,-40.1726,24,2023070300,2023070323,12.1,11.619999999999999,10.960000000000001,12.1,11.619999999999999,10.958333333333334,0,0,-0.0016666666666669272,80.593760448060266,84.805652826734956,32.28612707040179,173.05559605252506,0,4.2118923786746905,false,true,ADMITTED_DAILY_NONNEGATIVE_WITH_SIGNED_HOURLY_COMPONENTS
SH-EN-ALERCE,2023-07-04,2023,185,-40.1726,24,2023070400,2023070423,12.24,7.9900000000000002,6.9800000000000004,12.24,7.9900000000000002,6.9762500000000003,0,0,-0.0037500000000001421,247.9933172176577,206.45212977845881,97.236595330193495,372.31638589502484,0,-41.541187439198893,false,true,ADMITTED_DAILY_NONNEGATIVE_WITH_SIGNED_HOURLY_COMPONENTS
SH-EN-ALERCE,2023-07-05,2023,186,-40.1726,24,2023070500,2023070523,9.9900000000000002,7.9400000000000004,6.6699999999999999,9.9900000000000002,7.9400000000000004,6.6716666666666669,0,0,0.0016666666666669272,168.38472031243577,169.116896285124,99.649327544009452,277.03565479422571,0,0.73217597268822487,false,true,ADMITTED_DAILY_NONNEGATIVE_WITH_SIGNED_HOURLY_COMPONENTS
SH-EN-ALERCE,2023-07-06,2023,187,-40.1726,24,2023070600,2023070623,9.2400000000000002,6.9900000000000002,5.1399999999999997,9.2400000000000002,6.9900000000000002,5.1391666666666671,0,0,-0.00083333333333257542,203.11663515971713,194.8169939419291,141.04937128039444,312.43737557683721,0,-8.2996412177880359,false,true,ADMITTED_DAILY_NONNEGATIVE_WITH_SIGNED_HOURLY_COMPONENTS
SH-EN-ALERCE,2023-07-07,2023,188,-40.1726,24,2023070700,2023070723,7.8600000000000003,5.0800000000000001,4.9299999999999997,7.8600000000000003,5.0800000000000001,4.9299999999999997,0,0,0,101.83075987241659,127.74504876818592,27.753169183002342,220.85536135470181,0,25.914288895769332,false,true,ADMITTED_DAILY_NONNEGATIVE_WITH_SIGNED_HOURLY_COMPONENTS
SH-EN-ALERCE,2023-07-08,2023,189,-40.1726,24,2023070800,2023070823,10.6,8.9000000000000004,7.0899999999999999,10.6,8.9000000000000004,7.0899999999999999,0,0,0,201.20505472370644,190.53230599324604,42.925391665901543,253.0080532240338,0,-10.672748730460398,false,true,ADMITTED_DAILY_NONNEGATIVE_WITH_SIGNED_HOURLY_COMPONENTS
SH-EN-ALERCE,2023-07-09,2023,190,-40.1726,24,2023070900,2023070923,8.8200000000000003,6.7000000000000002,4.9800000000000004,8.8200000000000003,6.7000000000000002,4.9833333333333334,0,0,0.0033333333333329662,186.69663720511744,198.77867297177272,119.99547195138064,242.80620248847345,0,12.082035766655281,false,true,ADMITTED_DAILY_NONNEGATIVE_WITH_SIGNED_HOURLY_COMPONENTS
SH-EN-ALERCE,2023-07-10,2023,191,-40.1726,24,2023071000,2023071023,9.5299999999999994,5.3300000000000001,3.4399999999999999,9.5299999999999994,5.3300000000000001,3.4441666666666664,0,0,0.0041666666666664298,259.45678195175719,231.44463964160835,141.17753582792238,448.03618921841519,0,-28.012142310148846,false,true,ADMITTED_DAILY_NONNEGATIVE_WITH_SIGNED_HOURLY_COMPONENTS
SH-EN-ALERCE,2023-07-11,2023,192,-40.1726,24,2023071100,2023071123,8.2200000000000006,4.5499999999999998,2.7799999999999998,8.2200000000000006,4.5499999999999998,2.7799999999999998,0,0,0,221.10178944507402,209.90183358508997,124.86512639117814,334.44974020152051,0,-11.199955859984044,false,true,ADMITTED_DAILY_NONNEGATIVE_WITH_SIGNED_HOURLY_COMPONENTS
SH-EN-ALERCE,2023-07-12,2023,193,-40.1726,24,2023071200,2023071223,10.390000000000001,5.7300000000000004,4.3499999999999996,10.390000000000001,5.7300000000000004,4.3483333333333336,0,0,-0.001666666666666039,255.58480397932692,208.68949900988525,98.891830691638688,489.10838885732699,0,-46.895304969441668,false,true,ADMITTED_DAILY_NONNEGATIVE_WITH_SIGNED_HOURLY_COMPONENTS
SH-EN-ALERCE,2023-07-13,2023,194,-40.1726,24,2023071300,2023071323,9.7899999999999991,7.3499999999999996,6.0599999999999996,9.7899999999999991,7.3499999999999996,6.0587499999999999,0,0,-0.0012499999999997513,179.48996990023397,160.45869520328009,64.012749841523146,261.84816213442377,0,-19.031274696953886,false,true,ADMITTED_DAILY_NONNEGATIVE_WITH_SIGNED_HOURLY_COMPONENTS
SH-EN-ALERCE,2023-07-14,2023,195,-40.1726,24,2023071400,2023071423,10.15,8.0600000000000005,6.5700000000000003,10.15,8.0600000000000005,6.5654166666666667,0,0,-0.0045833333333336057,186.10149557528121,186.95146332051482,85.326662490731678,349.61236368720779,0,0.84996774523361296,false,true,ADMITTED_DAILY_NONNEGATIVE_WITH_SIGNED_HOURLY_COMPONENTS
SH-EN-ALERCE,2023-07-15,2023,196,-40.1726,24,2023071500,2023071523,9.2200000000000006,6.0499999999999998,5.7300000000000004,9.2200000000000006,6.0499999999999998,5.7275,0,0,-0.0025000000000003908,134.02017089551543,136.09957552564791,72.98359266768216,248.09871673716816,0,2.0794046301324727,false,true,ADMITTED_DAILY_NONNEGATIVE_WITH_SIGNED_HOURLY_COMPONENTS
SH-EN-ALERCE,2023-07-16,2023,197,-40.1726,24,2023071600,2023071623,8.7899999999999991,4.6200000000000001,3.02,8.7899999999999991,4.6200000000000001,3.0241666666666664,0,0,0.0041666666666664298,231.81525350924289,193.03047476509656,61.939051115089228,422.69035995474906,0,-38.784778744146337,false,true,ADMITTED_DAILY_NONNEGATIVE_WITH_SIGNED_HOURLY_COMPONENTS
SH-EN-ALERCE,2023-07-17,2023,198,-40.1726,24,2023071700,2023071723,9.5199999999999996,3.5699999999999998,0.73999999999999999,9.5199999999999996,3.5699999999999998,0.74333333333333329,0,0,0.0033333333333332993,344.50786564415637,312.25604787465471,120.321352589752,584.39881860631226,0,-32.251817769501656,false,true,ADMITTED_DAILY_NONNEGATIVE_WITH_SIGNED_HOURLY_COMPONENTS
SH-EN-ALERCE,2023-07-18,2023,199,-40.1726,24,2023071800,2023071823,11.19,5.8700000000000001,6.0800000000000001,11.19,5.8700000000000001,6.0754166666666665,0,0,-0.0045833333333336057,187.75484505301085,124.44650200314835,23.635752060452432,242.50721117641194,0,-63.308343049862501,false,true,ADMITTED_DAILY_NONNEGATIVE_WITH_SIGNED_HOURLY_COMPONENTS
SH-EN-ALERCE,2023-07-19,2023,200,-40.1726,24,2023071900,2023071923,12.44,10.710000000000001,11.359999999999999,12.44,10.710000000000001,11.363333333333335,0,0,0.0033333333333356308,21.241475405541451,29.549389461954622,11.110429898090615,72.101233272022,0,8.3079140564131713,false,true,ADMITTED_DAILY_NONNEGATIVE_WITH_SIGNED_HOURLY_COMPONENTS
SH-EN-ALERCE,2023-07-20,2023,201,-40.1726,24,2023072000,2023072023,12.550000000000001,11.26,11.23,12.550000000000001,11.26,11.234166666666667,0,0,0.0041666666666664298,61.992167724520186,70.758502220991758,38.30532657645449,115.20933979059123,0,8.7663344964715719,false,true,ADMITTED_DAILY_NONNEGATIVE_WITH_SIGNED_HOURLY_COMPONENTS
SH-EN-ALERCE,2023-07-21,2023,202,-40.1726,24,2023072100,2023072123,11.449999999999999,9.8399999999999999,9.0999999999999996,11.449999999999999,9.8399999999999999,9.1012500000000003,0,0,0.0012500000000006395,127.84018651351062,140.80464337756416,93.607598203093858,204.3450573493958,0,12.964456864053545,false,true,ADMITTED_DAILY_NONNEGATIVE_WITH_SIGNED_HOURLY_COMPONENTS
SH-EN-ALERCE,2023-07-22,2023,203,-40.1726,24,2023072200,2023072223,9.8900000000000006,5.3600000000000003,6.0999999999999996,9.8900000000000006,5.3600000000000003,6.0975000000000001,0,0,-0.0024999999999995026,115.10518719267111,164.20475844966018,121.19620964394028,236.1421912255862,0,49.099571256989066,false,true,ADMITTED_DAILY_NONNEGATIVE_WITH_SIGNED_HOURLY_COMPONENTS
SH-EN-ALERCE,2023-07-23,2023,204,-40.1726,24,2023072300,2023072323,7.29,4.2000000000000002,2.7799999999999998,7.29,4.2000000000000002,2.7799999999999998,0,0,0,177.36650469339941,173.1476271677661,84.282329697218302,339.03396769846995,0,-4.2188775256333031,false,true,ADMITTED_DAILY_NONNEGATIVE_WITH_SIGNED_HOURLY_COMPONENTS
SH-EN-ALERCE,2023-07-24,2023,205,-40.1726,24,2023072400,2023072423,11.42,7.2599999999999998,8.3300000000000001,11.42,7.2599999999999998,8.3300000000000001,0,0,0,87.731041250824546,69.722265274153969,37.708620799732216,180.3193267298559,0,-18.008775976670577,false,true,ADMITTED_DAILY_NONNEGATIVE_WITH_SIGNED_HOURLY_COMPONENTS
SH-EN-ALERCE,2023-07-25,2023,206,-40.1726,24,2023072500,2023072523,10.19,8.1799999999999997,7.8499999999999996,10.19,8.1799999999999997,7.8462500000000004,0,0,-0.0037499999999992539,102.97968638649286,131.08974010660691,90.94316319603422,190.95510835386699,0,28.110053720114053,false,true,ADMITTED_DAILY_NONNEGATIVE_WITH_SIGNED_HOURLY_COMPONENTS
SH-EN-ALERCE,2023-07-26,2023,207,-40.1726,24,2023072600,2023072623,10.66,7.96,6.5700000000000003,10.66,7.96,6.57125,0,0,0.0012499999999997513,203.93564521963731,177.89310477938434,76.523247871662079,320.02405305288698,0,-26.042540440252964,false,true,ADMITTED_DAILY_NONNEGATIVE_WITH_SIGNED_HOURLY_COMPONENTS
SH-EN-ALERCE,2023-07-27,2023,208,-40.1726,24,2023072700,2023072723,11.16,9.0199999999999996,9.8100000000000005,11.16,9.0199999999999996,9.8074999999999992,0,0,-0.002500000000001279,25.761243236356449,53.175785839580762,32.372624333428121,98.893778231411943,0,27.414542603224312,false,true,ADMITTED_DAILY_NONNEGATIVE_WITH_SIGNED_HOURLY_COMPONENTS
SH-EN-ALERCE,2023-07-28,2023,209,-40.1726,24,2023072800,2023072823,11.83,10.65,10.640000000000001,11.83,10.65,10.63625,0,0,-0.0037500000000001421,53.071939067387348,56.417897458933339,28.916449870766655,84.724261748478511,0,3.3459583915459916,false,true,ADMITTED_DAILY_NONNEGATIVE_WITH_SIGNED_HOURLY_COMPONENTS
SH-EN-ALERCE,2023-07-29,2023,210,-40.1726,24,2023072900,2023072923,12.02,10.140000000000001,10.74,12.02,10.140000000000001,10.7425,0,0,0.0024999999999995026,31.773945418642825,55.600096170350611,20.765463784123767,106.60483110374025,0,23.826150751707786,false,true,ADMITTED_DAILY_NONNEGATIVE_WITH_SIGNED_HOURLY_COMPONENTS
SH-EN-ALERCE,2023-07-30,2023,211,-40.1726,24,2023073000,2023073023,12.130000000000001,9.4499999999999993,9.4700000000000006,12.130000000000001,9.4499999999999993,9.4741666666666671,0,0,0.0041666666666664298,114.00611607750739,102.54829007320352,26.907572730595575,209.52053690106482,0,-11.457826004303868,false,true,ADMITTED_DAILY_NONNEGATIVE_WITH_SIGNED_HOURLY_COMPONENTS
SH-EN-ALERCE,2023-07-31,2023,212,-40.1726,24,2023073100,2023073123,12.699999999999999,10.449999999999999,9.9199999999999999,12.699999999999999,10.449999999999999,9.9150000000000009,0,0,-0.0049999999999990052,145.66302433360579,129.73416514951646,57.769665370828534,235.06996265293037,0,-15.928859184089333,false,true,ADMITTED_DAILY_NONNEGATIVE_WITH_SIGNED_HOURLY_COMPONENTS
SH-EN-ALERCE,2023-08-01,2023,213,-40.1726,24,2023080100,2023080123,10.359999999999999,8.5600000000000005,5.9100000000000001,10.359999999999999,8.5600000000000005,5.9120833333333325,0,0,0.0020833333333323267,256.84099212142553,265.25769954920247,176.02660215102946,346.27906403404461,0,8.4167074277769416,false,true,ADMITTED_DAILY_NONNEGATIVE_WITH_SIGNED_HOURLY_COMPONENTS
SH-EN-ALERCE,2023-08-02,2023,214,-40.1726,24,2023080200,2023080223,8.8200000000000003,5.1699999999999999,3.7799999999999998,8.8200000000000003,5.1699999999999999,3.780416666666667,0,0,0.00041666666666717589,207.69183625854737,229.53272420322193,129.69019016235313,431.97658183872375,0,21.840887944674563,false,true,ADMITTED_DAILY_NONNEGATIVE_WITH_SIGNED_HOURLY_COMPONENTS
SH-EN-ALERCE,2023-08-03,2023,215,-40.1726,24,2023080300,2023080323,9.6099999999999994,4.3499999999999996,3.48,9.6099999999999994,4.3499999999999996,3.4779166666666668,0,0,-0.0020833333333332149,230.90383801575979,191.22586357621083,98.040607983162204,389.67912046050628,0,-39.677974439548962,false,true,ADMITTED_DAILY_NONNEGATIVE_WITH_SIGNED_HOURLY_COMPONENTS
SH-EN-ALERCE,2023-08-04,2023,216,-40.1726,24,2023080400,2023080423,10.84,5.4500000000000002,4.3300000000000001,10.84,5.4500000000000002,4.3287500000000003,0,0,-0.0012499999999997513,267.11096328435508,203.84348595381118,99.340682386369394,443.10192279712101,0,-63.267477330543898,false,true,ADMITTED_DAILY_NONNEGATIVE_WITH_SIGNED_HOURLY_COMPONENTS
SH-EN-ALERCE,2023-08-05,2023,217,-40.1726,24,2023080500,2023080523,10.83,5.6100000000000003,4.7599999999999998,10.83,5.6100000000000003,4.7608333333333333,0,0,0.0008333333333334636,246.25198977872333,200.87346597698772,78.981948886985606,451.9473744189803,0,-45.378523801735611,false,true,ADMITTED_DAILY_NONNEGATIVE_WITH_SIGNED_HOURLY_COMPONENTS
SH-EN-ALERCE,2023-08-06,2023,218,-40.1726,24,2023080600,2023080623,10.119999999999999,5.2999999999999998,4.2300000000000004,10.119999999999999,5.2999999999999998,4.2308333333333339,0,0,0.0008333333333334636,237.7890349795772,199.15673453658587,79.773561946322957,421.74436176333677,0,-38.632300442991323,false,true,ADMITTED_DAILY_NONNEGATIVE_WITH_SIGNED_HOURLY_COMPONENTS
SH-EN-ALERCE,2023-08-07,2023,219,-40.1726,24,2023080700,2023080723,12.960000000000001,4.9000000000000004,5.5899999999999999,12.960000000000001,4.9000000000000004,5.5933333333333337,0,0,0.0033333333333338544,271.15258224677268,202.91769713613678,19.042306793066246,543.49299021591844,0,-68.234885110635901,false,true,ADMITTED_DAILY_NONNEGATIVE_WITH_SIGNED_HOURLY_COMPONENTS
SH-EN-ALERCE,2023-08-08,2023,220,-40.1726,24,2023080800,2023080823,10.83,8.2400000000000002,9.0500000000000007,10.83,8.2400000000000002,9.0470833333333331,0,0,-0.0029166666666675667,42.248082210462144,56.458127928102705,7.3900056214413326,130.61017084405307,0,14.210045717640561,false,true,ADMITTED_DAILY_NONNEGATIVE_WITH_SIGNED_HOURLY_COMPONENTS
SH-EN-ALERCE,2023-08-09,2023,221,-40.1726,24,2023080900,2023080923,11.43,10.19,10.23,11.43,10.19,10.232916666666666,0,0,0.0029166666666657903,50.180133116045454,63.488993596450094,41.07243660169911,94.924655972758728,0,13.30886048040464,false,true,ADMITTED_DAILY_NONNEGATIVE_WITH_SIGNED_HOURLY_COMPONENTS
SH-EN-ALERCE,2023-08-10,2023,222,-40.1726,24,2023081000,2023081023,11.470000000000001,7.9800000000000004,7.4000000000000004,11.470000000000001,7.9800000000000004,7.3970833333333337,0,0,-0.0029166666666666785,183.08958196536196,185.06865578165784,65.35842401841569,308.33372306112915,0,1.9790738162958803,false,true,ADMITTED_DAILY_NONNEGATIVE_WITH_SIGNED_HOURLY_COMPONENTS
SH-EN-ALERCE,2023-08-11,2023,223,-40.1726,24,2023081100,2023081123,8.5600000000000005,5.5800000000000001,3.46,8.5600000000000005,5.5800000000000001,3.4600000000000004,0,0,4.4408920985006262e-16,228.45693964796556,247.92056780734822,172.08447147251991,337.64857144977168,0,19.463628159382665,false,true,ADMITTED_DAILY_NONNEGATIVE_WITH_SIGNED_HOURLY_COMPONENTS
SH-EN-ALERCE,2023-08-12,2023,224,-40.1726,24,2023081200,2023081223,10.23,5.3700000000000001,5.5899999999999999,10.23,5.3700000000000001,5.5862499999999997,0,0,-0.0037500000000001421,162.16215600499731,175.38500919639787,76.270125206448483,275.02467067413238,0,13.22285319140056,false,true,ADMITTED_DAILY_NONNEGATIVE_WITH_SIGNED_HOURLY_COMPONENTS
SH-EN-ALERCE,2023-08-13,2023,225,-40.1726,24,2023081300,2023081323,11.15,10.109999999999999,10.09,11.15,10.109999999999999,10.08625,0,0,-0.0037500000000001421,46.063888107226376,43.874883515720477,26.995132763383936,67.48256224549641,0,-2.1890045915058991,false,true,ADMITTED_DAILY_NONNEGATIVE_WITH_SIGNED_HOURLY_COMPONENTS
SH-EN-ALERCE,2023-08-14,2023,226,-40.1726,24,2023081400,2023081423,11.69,10.890000000000001,10.859999999999999,11.69,10.890000000000001,10.855416666666665,0,0,-0.0045833333333344939,38.100338842039037,31.369695262585072,23.361108375962658,50.048912365952219,0,-6.7306435794539645,false,true,ADMITTED_DAILY_NONNEGATIVE_WITH_SIGNED_HOURLY_COMPONENTS
SH-EN-ALERCE,2023-08-15,2023,227,-40.1726,24,2023081500,2023081523,11.68,9.9800000000000004,9.7599999999999998,11.68,9.9800000000000004,9.7604166666666661,0,0,0.00041666666666628771,91.426770565352399,80.258471863597379,29.512609770126119,172.17097373805086,0,-11.16829870175502,false,true,ADMITTED_DAILY_NONNEGATIVE_WITH_SIGNED_HOURLY_COMPONENTS
SH-EN-ALERCE,2023-08-16,2023,228,-40.1726,24,2023081600,2023081623,12.279999999999999,9.4499999999999993,9.3800000000000008,12.279999999999999,9.4499999999999993,9.3795833333333345,0,0,-0.00041666666666628771,128.18368366053505,96.947993572329139,11.105745412714896,288.34272948534817,0,-31.235690088205914,false,true,ADMITTED_DAILY_NONNEGATIVE_WITH_SIGNED_HOURLY_COMPONENTS
SH-EN-ALERCE,2023-08-17,2023,229,-40.1726,24,2023081700,2023081723,8.9100000000000001,6.8700000000000001,4.2800000000000002,8.9100000000000001,6.8700000000000001,4.2824999999999998,0,0,0.0024999999999995026,237.59606969710103,222.33832106775105,52.889787608560027,370.24624589356245,0,-15.257748629349976,false,true,ADMITTED_DAILY_NONNEGATIVE_WITH_SIGNED_HOURLY_COMPONENTS
SH-EN-ALERCE,2023-08-18,2023,230,-40.1726,24,2023081800,2023081823,8.8300000000000001,6.6600000000000001,3.4100000000000001,8.8300000000000001,6.6600000000000001,3.4129166666666664,0,0,0.0029166666666662344,276.72357626634414,248.91341374236367,50.726615532526921,410.15960241296955,0,-27.810162523980466,false,true,ADMITTED_DAILY_NONNEGATIVE_WITH_SIGNED_HOURLY_COMPONENTS
SH-EN-ALERCE,2023-08-19,2023,231,-40.1726,24,2023081900,2023081923,10.73,7.4500000000000002,8.5600000000000005,10.73,7.4500000000000002,8.5570833333333329,0,0,-0.0029166666666675667,46.911866383404913,47.7303530508132,22.123525954058096,99.027590902525162,0,0.81848666740828691,false,true,ADMITTED_DAILY_NONNEGATIVE_WITH_SIGNED_HOURLY_COMPONENTS
SH-EN-ALERCE,2023-08-20,2023,232,-40.1726,24,2023082000,2023082023,11.630000000000001,10.08,10.48,11.630000000000001,10.08,10.482916666666666,0,0,0.0029166666666657903,33.612010297820234,44.60231598438893,25.572151435642127,75.930054578311456,0,10.990305686568696,false,true,ADMITTED_DAILY_NONNEGATIVE_WITH_SIGNED_HOURLY_COMPONENTS
SH-EN-ALERCE,2023-08-21,2023,233,-40.1726,24,2023082100,2023082123,10.289999999999999,9.1400000000000006,6.9100000000000001,10.289999999999999,9.1400000000000006,6.9112499999999999,0,0,0.0012499999999997513,209.81337309513003,203.89704381868151,86.551755856322643,352.72510462530408,0,-5.916329276448522,false,true,ADMITTED_DAILY_NONNEGATIVE_WITH_SIGNED_HOURLY_COMPONENTS
SH-EN-ALERCE,2023-08-22,2023,234,-40.1726,24,2023082200,2023082223,9.9399999999999995,7.4000000000000004,5.5999999999999996,9.9399999999999995,7.4000000000000004,5.5970833333333339,0,0,-0.0029166666666657903,216.84517734415329,225.60917483416804,146.80058377685896,365.82939984088,0,8.7639974900147593,false,true,ADMITTED_DAILY_NONNEGATIVE_WITH_SIGNED_HOURLY_COMPONENTS
SH-EN-ALERCE,2023-08-23,2023,235,-40.1726,24,2023082300,2023082323,8.0399999999999991,5.2699999999999996,4.0300000000000002,8.0399999999999991,5.2699999999999996,4.0308333333333328,0,0,0.00083333333333257542,167.31194249093232,168.47974463959159,100.68339771080889,291.16848185507092,0,1.1678021486592627,false,true,ADMITTED_DAILY_NONNEGATIVE_WITH_SIGNED_HOURLY_COMPONENTS
SH-EN-ALERCE,2023-08-24,2023,236,-40.1726,24,2023082400,2023082423,8.6099999999999994,4.1100000000000003,1.6899999999999999,8.6099999999999994,4.1100000000000003,1.6895833333333332,0,0,-0.0004166666666667318,278.73109767317885,247.04231870901378,132.89911183149309,460.38913293272606,0,-31.688778964165067,false,true,ADMITTED_DAILY_NONNEGATIVE_WITH_SIGNED_HOURLY_COMPONENTS
SH-EN-ALERCE,2023-08-25,2023,237,-40.1726,24,2023082500,2023082523,8.0299999999999994,5.0999999999999996,1.3899999999999999,8.0299999999999994,5.0999999999999996,1.3933333333333333,0,0,0.0033333333333334103,301.26680342295231,286.52132105722205,210.01918573729233,364.76335111832145,0,-14.745482365730254,false,true,ADMITTED_DAILY_NONNEGATIVE_WITH_SIGNED_HOURLY_COMPONENTS
SH-EN-ALERCE,2023-08-26,2023,238,-40.1726,24,2023082600,2023082623,9.9700000000000006,5.2400000000000002,3.5299999999999998,9.9700000000000006,5.2400000000000002,3.530416666666667,0,0,0.00041666666666717589,269.51746729337071,251.99037090267441,72.51315263740662,435.5496226238605,0,-17.5270963906963,false,true,ADMITTED_DAILY_NONNEGATIVE_WITH_SIGNED_HOURLY_COMPONENTS
SH-EN-ALERCE,2023-08-27,2023,239,-40.1726,24,2023082700,2023082723,10.720000000000001,7.04,7.5700000000000003,10.720000000000001,7.04,7.5654166666666667,0,0,-0.0045833333333336057,104.79361921233271,133.8608735049967,62.455898963744858,308.02563528442613,0,29.067254292663989,false,true,ADMITTED_DAILY_NONNEGATIVE_WITH_SIGNED_HOURLY_COMPONENTS
SH-EN-ALERCE,2023-08-28,2023,240,-40.1726,24,2023082800,2023082823,10.4,6.8600000000000003,5.9500000000000002,10.4,6.8600000000000003,5.9537499999999994,0,0,0.0037499999999992539,194.89040990992225,212.51514111019651,60.582440706567922,379.78067687032058,0,17.624731200274255,false,true,ADMITTED_DAILY_NONNEGATIVE_WITH_SIGNED_HOURLY_COMPONENTS
SH-EN-ALERCE,2023-08-29,2023,241,-40.1726,24,2023082900,2023082923,10.68,7.2999999999999998,6.8200000000000003,10.68,7.2999999999999998,6.8216666666666663,0,0,0.001666666666666039,164.32519923965037,156.93258680297501,100.31002404092419,256.12374369193765,0,-7.3926124366753641,false,true,ADMITTED_DAILY_NONNEGATIVE_WITH_SIGNED_HOURLY_COMPONENTS
SH-EN-ALERCE,2023-08-30,2023,242,-40.1726,24,2023083000,2023083023,9.6899999999999995,7.9199999999999999,4.9400000000000004,9.6899999999999995,7.9199999999999999,4.9412500000000001,0,0,0.0012499999999997513,266.1474729776503,275.87010982708694,186.78326275942629,376.4141458832305,0,9.7226368494366397,false,true,ADMITTED_DAILY_NONNEGATIVE_WITH_SIGNED_HOURLY_COMPONENTS
SH-EN-ALERCE,2023-08-31,2023,243,-40.1726,24,2023083100,2023083123,11.18,7.6799999999999997,7.6799999999999997,11.18,7.6799999999999997,7.6829166666666673,0,0,0.0029166666666675667,139.44596518406911,142.04070593900914,53.161589044734001,208.20732119031391,0,2.5947407549400339,false,true,ADMITTED_DAILY_NONNEGATIVE_WITH_SIGNED_HOURLY_COMPONENTS
SH-EN-ALERCE,2023-09-01,2023,244,-40.1726,24,2023090100,2023090123,10.18,6.8600000000000003,4.4199999999999999,10.18,6.8600000000000003,4.4191666666666665,0,0,-0.0008333333333334636,279.94237776588341,268.26487235448974,129.23030052432887,351.90564430012921,0,-11.677505411393668,false,true,ADMITTED_DAILY_NONNEGATIVE_WITH_SIGNED_HOURLY_COMPONENTS
SH-EN-ALERCE,2023-09-02,2023,245,-40.1726,24,2023090200,2023090223,9.8599999999999994,6.0700000000000003,3.3700000000000001,9.8599999999999994,6.0700000000000003,3.3720833333333329,0,0,0.0020833333333327708,300.17344899325315,278.2614864563829,115.36543084154857,446.54240647016616,0,-21.911962536870249,false,true,ADMITTED_DAILY_NONNEGATIVE_WITH_SIGNED_HOURLY_COMPONENTS
SH-EN-ALERCE,2023-09-03,2023,246,-40.1726,24,2023090300,2023090323,8.0600000000000005,4.5599999999999996,2.8799999999999999,8.0600000000000005,4.5599999999999996,2.8804166666666666,0,0,0.0004166666666667318,210.18270253911874,202.80583668804164,95.532075080074492,370.00267323566891,0,-7.376865851077099,false,true,ADMITTED_DAILY_NONNEGATIVE_WITH_SIGNED_HOURLY_COMPONENTS
SH-EN-ALERCE,2023-09-04,2023,247,-40.1726,24,2023090400,2023090423,9.3699999999999992,4.6299999999999999,2.8799999999999999,9.3699999999999992,4.6299999999999999,2.8829166666666666,0,0,0.0029166666666666785,262.21827420200486,248.02666503518154,131.73166945180378,435.81877785537631,0,-14.191609166823326,false,true,ADMITTED_DAILY_NONNEGATIVE_WITH_SIGNED_HOURLY_COMPONENTS
SH-EN-ALERCE,2023-09-05,2023,248,-40.1726,24,2023090500,2023090523,11.75,7.3700000000000001,8.5700000000000003,11.75,7.3700000000000001,8.5687499999999996,0,0,-0.0012500000000006395,88.470465765515655,77.096251152015441,33.783545858424532,123.11300467426793,0,-11.374214613500214,false,true,ADMITTED_DAILY_NONNEGATIVE_WITH_SIGNED_HOURLY_COMPONENTS
SH-EN-ALERCE,2023-09-06,2023,249,-40.1726,24,2023090600,2023090623,11.32,8.7699999999999996,8.25,11.32,8.7699999999999996,8.2491666666666656,0,0,-0.00083333333333435178,144.44919036886881,135.24101705371268,83.452446149177376,270.98174790705207,0,-9.2081733151561309,false,true,ADMITTED_DAILY_NONNEGATIVE_WITH_SIGNED_HOURLY_COMPONENTS
SH-EN-ALERCE,2023-09-07,2023,250,-40.1726,24,2023090700,2023090723,9.7899999999999991,8.6400000000000006,7.6200000000000001,9.7899999999999991,8.6400000000000006,7.623333333333334,0,0,0.0033333333333338544,120.29391220724915,109.13038961464797,81.986211166446765,194.13562533067181,0,-11.163522592601183,false,true,ADMITTED_DAILY_NONNEGATIVE_WITH_SIGNED_HOURLY_COMPONENTS
SH-EN-ALERCE,2023-09-08,2023,251,-40.1726,24,2023090800,2023090823,10.539999999999999,8.5600000000000005,7.75,10.539999999999999,8.5600000000000005,7.7462499999999999,0,0,-0.0037500000000001421,139.10498568027697,144.14301768355662,73.421608008335625,225.64724927062662,0,5.0380320032796533,false,true,ADMITTED_DAILY_NONNEGATIVE_WITH_SIGNED_HOURLY_COMPONENTS
SH-EN-ALERCE,2023-09-09,2023,252,-40.1726,24,2023090900,2023090923,11.57,8.9800000000000004,8.1500000000000004,11.57,8.9800000000000004,8.1487499999999997,0,0,-0.0012500000000006395,171.12100859794077,171.58248495908256,60.85114573556757,361.31547049054825,0,0.46147636114179136,false,true,ADMITTED_DAILY_NONNEGATIVE_WITH_SIGNED_HOURLY_COMPONENTS
SH-EN-ALERCE,2023-09-10,2023,253,-40.1726,24,2023091000,2023091023,11.27,8.6699999999999999,8.5999999999999996,11.27,8.6699999999999999,8.5991666666666671,0,0,-0.00083333333333257542,112.18463612333335,128.14156248387238,66.743625558183567,207.1452259419209,0,15.956926360539029,false,true,ADMITTED_DAILY_NONNEGATIVE_WITH_SIGNED_HOURLY_COMPONENTS
SH-EN-ALERCE,2023-09-11,2023,254,-40.1726,24,2023091100,2023091123,10.460000000000001,8.4000000000000004,6.3799999999999999,10.460000000000001,8.4000000000000004,6.3787500000000001,0,0,-0.0012499999999997513,224.34173897563903,208.46123349490327,122.15922336929793,361.21659922334743,0,-15.880505480735764,false,true,ADMITTED_DAILY_NONNEGATIVE_WITH_SIGNED_HOURLY_COMPONENTS
SH-EN-ALERCE,2023-09-12,2023,255,-40.1726,24,2023091200,2023091223,9.7300000000000004,8.2200000000000006,6.8099999999999996,9.7300000000000004,8.2200000000000006,6.8104166666666659,0,0,0.00041666666666628771,158.57280086265712,153.39275662891905,106.86693004713277,231.24982167832445,0,-5.180044233738073,false,true,ADMITTED_DAILY_NONNEGATIVE_WITH_SIGNED_HOURLY_COMPONENTS
SH-EN-ALERCE,2023-09-13,2023,256,-40.1726,24,2023091300,2023091323,11.32,8.2699999999999996,8.1999999999999993,11.32,8.2699999999999996,8.1958333333333329,0,0,-0.0041666666666664298,129.30833357483425,74.325761759858679,25.564990956212569,105.7878786065196,0,-54.982571814975572,false,true,ADMITTED_DAILY_NONNEGATIVE_WITH_SIGNED_HOURLY_COMPONENTS
SH-EN-ALERCE,2023-09-14,2023,257,-40.1726,24,2023091400,2023091423,11.83,11.15,11.09,11.83,11.15,11.089166666666666,0,0,-0.00083333333333435178,35.801485114277511,33.921329082221746,24.661834274225157,45.130262149799591,0,-1.8801560320557655,false,true,ADMITTED_DAILY_NONNEGATIVE_WITH_SIGNED_HOURLY_COMPONENTS
SH-EN-ALERCE,2023-09-15,2023,258,-40.1726,24,2023091500,2023091523,11.5,9.9900000000000002,8.9000000000000004,11.5,9.9900000000000002,8.8995833333333341,0,0,-0.00041666666666628771,151.73519221943275,132.37901160849455,28.366393784064712,241.38855458323451,0,-19.356180610938196,false,true,ADMITTED_DAILY_NONNEGATIVE_WITH_SIGNED_HOURLY_COMPONENTS
SH-EN-ALERCE,2023-09-16,2023,259,-40.1726,24,2023091600,2023091623,9.9000000000000004,7.4500000000000002,5.6100000000000003,9.9000000000000004,7.4500000000000002,5.6149999999999993,0,0,0.0049999999999990052,216.3397854732666,220.95339769061013,121.91060311732929,325.6585915098824,0,4.6136122173435297,false,true,ADMITTED_DAILY_NONNEGATIVE_WITH_SIGNED_HOURLY_COMPONENTS
SH-EN-ALERCE,2023-09-17,2023,260,-40.1726,24,2023091700,2023091723,8.6099999999999994,5.5,3.4100000000000001,8.6099999999999994,5.5,3.40625,0,0,-0.0037500000000001421,230.59392224677742,234.22407597736051,148.81148513110816,345.57713597430211,0,3.6301537305830891,false,true,ADMITTED_DAILY_NONNEGATIVE_WITH_SIGNED_HOURLY_COMPONENTS
SH-EN-ALERCE,2023-09-18,2023,261,-40.1726,24,2023091800,2023091823,9.3499999999999996,4.71,2.9300000000000002,9.3499999999999996,4.71,2.9308333333333336,0,0,0.0008333333333334636,261.13953519907454,228.87937843754082,96.672723079955858,423.46314047163094,0,-32.260156761533722,false,true,ADMITTED_DAILY_NONNEGATIVE_WITH_SIGNED_HOURLY_COMPONENTS
SH-EN-ALERCE,2023-09-19,2023,262,-40.1726,24,2023091900,2023091923,10.27,4.1299999999999999,2.7000000000000002,10.27,4.1299999999999999,2.7025000000000001,0,0,0.0024999999999999467,293.76172009145432,279.02228814910808,89.477662823881474,534.13425771510629,0,-14.739431942346243,false,true,ADMITTED_DAILY_NONNEGATIVE_WITH_SIGNED_HOURLY_COMPONENTS
SH-EN-ALERCE,2023-09-20,2023,263,-40.1726,24,2023092000,2023092023,11.19,6.0599999999999996,4.7699999999999996,11.19,6.0599999999999996,4.7725,0,0,0.0025000000000003908,275.78848445763902,216.56358451183789,128.00539776046435,416.95251288145403,0,-59.224899945801127,false,true,ADMITTED_DAILY_NONNEGATIVE_WITH_SIGNED_HOURLY_COMPONENTS
SH-EN-ALERCE,2023-09-21,2023,264,-40.1726,24,2023092100,2023092123,10.48,7.6200000000000001,7.0300000000000002,10.48,7.6200000000000001,7.032916666666666,0,0,0.0029166666666657903,152.74685668368511,165.68927487162202,82.324183844919844,233.68029516833781,0,12.942418187936909,false,true,ADMITTED_DAILY_NONNEGATIVE_WITH_SIGNED_HOURLY_COMPONENTS
SH-EN-ALERCE,2023-09-22,2023,265,-40.1726,24,2023092200,2023092223,10.380000000000001,6.5199999999999996,6.7999999999999998,10.380000000000001,6.5199999999999996,6.8029166666666674,0,0,0.0029166666666675667,126.26562442274303,142.26928227159604,52.606443423669361,312.1022680716078,0,16.00365784885301,false,true,ADMITTED_DAILY_NONNEGATIVE_WITH_SIGNED_HOURLY_COMPONENTS
SH-EN-ALERCE,2023-09-23,2023,266,-40.1726,24,2023092300,2023092323,10.77,5.9000000000000004,4.8099999999999996,10.77,5.9000000000000004,4.8137499999999998,0,0,0.0037500000000001421,249.90805695449012,209.15211455701356,93.241690269385799,475.50237073026472,0,-40.755942397476559,false,true,ADMITTED_DAILY_NONNEGATIVE_WITH_SIGNED_HOURLY_COMPONENTS
SH-EN-ALERCE,2023-09-24,2023,267,-40.1726,24,2023092400,2023092423,11.08,5.6600000000000001,4.4699999999999998,11.08,5.6600000000000001,4.4658333333333333,0,0,-0.0041666666666664298,275.95792699910703,233.2124530006291,77.176420510729145,505.26995626203859,0,-42.745473998477934,false,true,ADMITTED_DAILY_NONNEGATIVE_WITH_SIGNED_HOURLY_COMPONENTS
SH-EN-ALERCE,2023-09-25,2023,268,-40.1726,24,2023092500,2023092523,11.140000000000001,5.5099999999999998,4.5599999999999996,11.140000000000001,5.5099999999999998,4.5570833333333338,0,0,-0.0029166666666657903,268.53999638391156,224.55209215309648,101.53052052685246,480.94589607140017,0,-43.987904230815076,false,true,ADMITTED_DAILY_NONNEGATIVE_WITH_SIGNED_HOURLY_COMPONENTS
SH-EN-ALERCE,2023-09-26,2023,269,-40.1726,24,2023092600,2023092623,9.2100000000000009,5.7400000000000002,4.2300000000000004,9.2100000000000009,5.7400000000000002,4.2341666666666669,0,0,0.0041666666666664298,214.9089883041662,217.3663567664984,74.445037887305148,375.85443245823649,0,2.4573684623321981,false,true,ADMITTED_DAILY_NONNEGATIVE_WITH_SIGNED_HOURLY_COMPONENTS
SH-EN-ALERCE,2023-09-27,2023,270,-40.1726,24,2023092700,2023092723,10.75,8.0500000000000007,7.75,10.75,8.0500000000000007,7.7466666666666661,0,0,-0.0033333333333338544,129.10361040935049,136.90154440373456,71.758569610672112,211.93155185099931,0,7.7979339943840671,false,true,ADMITTED_DAILY_NONNEGATIVE_WITH_SIGNED_HOURLY_COMPONENTS
SH-EN-ALERCE,2023-09-28,2023,271,-40.1726,24,2023092800,2023092823,11.449999999999999,7.1600000000000001,5.8799999999999999,11.449999999999999,7.1600000000000001,5.8804166666666662,0,0,0.00041666666666628771,255.34053916366531,240.41713508063887,83.135852856999122,436.75058430973831,0,-14.923404083026441,false,true,ADMITTED_DAILY_NONNEGATIVE_WITH_SIGNED_HOURLY_COMPONENTS
SH-EN-ALERCE,2023-09-29,2023,272,-40.1726,24,2023092900,2023092923,14.66,5.8600000000000003,6.8300000000000001,14.66,5.8600000000000003,6.833333333333333,0,0,0.0033333333333329662,307.00557607317739,273.90587839799457,72.470716445843323,601.63594482382996,0,-33.099697675182824,false,true,ADMITTED_DAILY_NONNEGATIVE_WITH_SIGNED_HOURLY_COMPONENTS
SH-EN-ALERCE,2023-09-30,2023,273,-40.1726,24,2023093000,2023093023,14.449999999999999,6.8300000000000001,7.04,14.449999999999999,6.8300000000000001,7.0420833333333333,0,0,0.0020833333333332149,313.44332581625861,232.53970083420833,103.1901746247795,576.76913567748693,0,-80.903624982050275,false,true,ADMITTED_DAILY_NONNEGATIVE_WITH_SIGNED_HOURLY_COMPONENTS
SH-EN-ALERCE,2023-10-01,2023,274,-40.1726,24,2023100100,2023100123,10.73,7.7000000000000002,6.4299999999999997,10.73,7.7000000000000002,6.4304166666666669,0,0,0.00041666666666717589,206.87737982887779,162.60994345883972,76.069250951369781,329.34193651367502,0,-44.26743637003807,false,true,ADMITTED_DAILY_NONNEGATIVE_WITH_SIGNED_HOURLY_COMPONENTS
SH-EN-ALERCE,2023-10-02,2023,275,-40.1726,24,2023100200,2023100223,10.81,7.0300000000000002,5.25,10.81,7.0300000000000002,5.2504166666666672,0,0,0.00041666666666717589,262.42404704250657,219.62675908825369,90.663828359325748,388.99058366816246,0,-42.79728795425288,false,true,ADMITTED_DAILY_NONNEGATIVE_WITH_SIGNED_HOURLY_COMPONENTS
SH-EN-ALERCE,2023-10-03,2023,276,-40.1726,24,2023100300,2023100323,11.960000000000001,6.4000000000000004,5.1900000000000004,11.960000000000001,6.4000000000000004,5.1920833333333336,0,0,0.0020833333333332149,296.14789517062479,258.90582337883637,79.670149909132761,499.43801306025989,0,-37.242071791788419,false,true,ADMITTED_DAILY_NONNEGATIVE_WITH_SIGNED_HOURLY_COMPONENTS
SH-EN-ALERCE,2023-10-04,2023,277,-40.1726,24,2023100400,2023100423,12.48,6.75,6.6900000000000004,12.48,6.75,6.6941666666666668,0,0,0.0041666666666664298,235.45267670951364,205.40509790635647,61.140312442841378,429.47032182281794,0,-30.047578803157165,false,true,ADMITTED_DAILY_NONNEGATIVE_WITH_SIGNED_HOURLY_COMPONENTS
SH-EN-ALERCE,2023-10-05,2023,278,-40.1726,24,2023100500,2023100523,10.68,6.6399999999999997,6.7599999999999998,10.68,6.6399999999999997,6.7637500000000008,0,0,0.0037500000000010303,145.73859732883398,158.48848970365995,56.398618293664072,297.1957335087402,0,12.749892374825976,false,true,ADMITTED_DAILY_NONNEGATIVE_WITH_SIGNED_HOURLY_COMPONENTS
SH-EN-ALERCE,2023-10-06,2023,279,-40.1726,24,2023100600,2023100623,10.27,5.8300000000000001,4.9699999999999998,10.27,5.8300000000000001,4.9679166666666665,0,0,-0.0020833333333332149,216.77311313351561,220.25754593194776,83.246008288807388,417.42777857679573,0,3.4844327984321524,false,true,ADMITTED_DAILY_NONNEGATIVE_WITH_SIGNED_HOURLY_COMPONENTS
SH-EN-ALERCE,2023-10-07,2023,280,-40.1726,24,2023100700,2023100723,10.539999999999999,6.0199999999999996,5.0300000000000002,10.539999999999999,6.0199999999999996,5.0316666666666672,0,0,0.0016666666666669272,230.61836498788045,235.24866824006713,104.0262189278294,402.26234959363649,0,4.6303032521866783,false,true,ADMITTED_DAILY_NONNEGATIVE_WITH_SIGNED_HOURLY_COMPONENTS
SH-EN-ALERCE,2023-10-08,2023,281,-40.1726,24,2023100800,2023100823,11.07,8.9600000000000009,7.6600000000000001,11.07,8.9600000000000009,7.6558333333333337,0,0,-0.0041666666666664298,183.71936105686859,173.50232132044434,103.92015253097566,266.76217420289072,0,-10.217039736424255,false,true,ADMITTED_DAILY_NONNEGATIVE_WITH_SIGNED_HOURLY_COMPONENTS
SH-EN-ALERCE,2023-10-09,2023,282,-40.1726,24,2023100900,2023100923,11.699999999999999,8.4000000000000004,7.0700000000000003,11.699999999999999,8.4000000000000004,7.0662500000000001,0,0,-0.0037500000000001421,232.01856914416703,195.18729995986004,124.98652460375968,333.30493928012834,0,-36.83126918430699,false,true,ADMITTED_DAILY_NONNEGATIVE_WITH_SIGNED_HOURLY_COMPONENTS
SH-EN-ALERCE,2023-10-10,2023,283,-40.1726,24,2023101000,2023101023,11.1,6.4299999999999997,4.71,11.1,6.4299999999999997,4.7054166666666664,0,0,-0.0045833333333336057,287.58105747821719,297.75222642572527,102.60078388660122,531.93435236160281,0,10.171168947508079,false,true,ADMITTED_DAILY_NONNEGATIVE_WITH_SIGNED_HOURLY_COMPONENTS
SH-EN-ALERCE,2023-10-11,2023,284,-40.1726,24,2023101100,2023101123,12.59,5.7000000000000002,4.9900000000000002,12.59,5.7000000000000002,4.9874999999999998,0,0,-0.0025000000000003908,315.26548016821152,293.71970318968494,120.25228327995399,517.87867438127239,0,-21.54577697852659,false,true,ADMITTED_DAILY_NONNEGATIVE_WITH_SIGNED_HOURLY_COMPONENTS
SH-EN-ALERCE,2023-10-12,2023,285,-40.1726,24,2023101200,2023101223,12.32,7.1299999999999999,6.1600000000000001,12.32,7.1299999999999999,6.159583333333333,0,0,-0.00041666666666717589,276.1173108180044,244.90881398458714,104.12970120654222,458.8144957729744,0,-31.208496833417257,false,true,ADMITTED_DAILY_NONNEGATIVE_WITH_SIGNED_HOURLY_COMPONENTS
SH-EN-ALERCE,2023-10-13,2023,286,-40.1726,24,2023101300,2023101323,12.9,6.7400000000000002,6.8600000000000003,12.9,6.7400000000000002,6.855833333333333,0,0,-0.004166666666667318,243.78881013885359,220.53806102017154,77.738527246463377,448.04968503356213,0,-23.250749118682052,false,true,ADMITTED_DAILY_NONNEGATIVE_WITH_SIGNED_HOURLY_COMPONENTS
SH-EN-ALERCE,2023-10-14,2023,287,-40.1726,24,2023101400,2023101423,12.029999999999999,7.4000000000000004,6.6699999999999999,12.029999999999999,7.4000000000000004,6.6691666666666665,0,0,-0.0008333333333334636,238.14424171321593,194.93578449583288,76.079055168596369,382.65603953549987,0,-43.208457217383057,false,true,ADMITTED_DAILY_NONNEGATIVE_WITH_SIGNED_HOURLY_COMPONENTS
SH-EN-ALERCE,2023-10-15,2023,288,-40.1726,24,2023101500,2023101523,11.01,6.9100000000000001,5.9500000000000002,11.01,6.9100000000000001,5.9533333333333331,0,0,0.0033333333333329662,222.75802203645912,198.83324400674874,54.807070599423469,389.29041985627316,0,-23.924778029710382,false,true,ADMITTED_DAILY_NONNEGATIVE_WITH_SIGNED_HOURLY_COMPONENTS
SH-EN-ALERCE,2023-10-16,2023,289,-40.1726,24,2023101600,2023101623,12.460000000000001,7.04,6.25,12.460000000000001,7.04,6.2487500000000002,0,0,-0.0012499999999997513,273.72738561649919,241.68426554391078,68.582186791617005,459.53222425851686,0,-32.043120072588408,false,true,ADMITTED_DAILY_NONNEGATIVE_WITH_SIGNED_HOURLY_COMPONENTS
SH-EN-ALERCE,2023-10-17,2023,290,-40.1726,24,2023101700,2023101723,16.190000000000001,6.25,7.5099999999999998,16.190000000000001,6.25,7.5066666666666668,0,0,-0.0033333333333329662,358.45544838604701,325.62751197465917,80.521210654989545,748.13997673466383,0,-32.827936411387839,false,true,ADMITTED_DAILY_NONNEGATIVE_WITH_SIGNED_HOURLY_COMPONENTS
SH-EN-ALERCE,2023-10-18,2023,291,-40.1726,24,2023101800,2023101823,12.74,8.4700000000000006,8.5199999999999996,12.74,8.4700000000000006,8.5199999999999996,0,0,0,178.68221611837907,143.41601917664519,50.711470994965339,343.33942790906508,0,-35.266196941733881,false,true,ADMITTED_DAILY_NONNEGATIVE_WITH_SIGNED_HOURLY_COMPONENTS
SH-EN-ALERCE,2023-10-19,2023,292,-40.1726,24,2023101900,2023101923,13.58,8.5199999999999996,8,13.58,8.5199999999999996,8.0041666666666664,0,0,0.0041666666666664298,260.68663813624653,228.47252317314314,46.217987847587665,513.7980089999653,0,-32.214114963103384,false,true,ADMITTED_DAILY_NONNEGATIVE_WITH_SIGNED_HOURLY_COMPONENTS
SH-EN-ALERCE,2023-10-20,2023,293,-40.1726,24,2023102000,2023102023,13.859999999999999,9.0199999999999996,8.4399999999999995,13.859999999999999,9.0199999999999996,8.4433333333333334,0,0,0.0033333333333338544,261.53173999587511,238.33862627697241,40.806154677456334,494.82544483377092,0,-23.193113718902708,false,true,ADMITTED_DAILY_NONNEGATIVE_WITH_SIGNED_HOURLY_COMPONENTS
SH-EN-ALERCE,2023-10-21,2023,294,-40.1726,24,2023102100,2023102123,13.25,7.0499999999999998,6.4800000000000004,13.25,7.0499999999999998,6.4837499999999997,0,0,0.0037499999999992539,297.22907828885513,271.90558677865596,97.038603047869628,553.85742221758687,0,-25.323491510199176,false,true,ADMITTED_DAILY_NONNEGATIVE_WITH_SIGNED_HOURLY_COMPONENTS
SH-EN-ALERCE,2023-10-22,2023,295,-40.1726,24,2023102200,2023102223,13.85,7.4800000000000004,7.1200000000000001,13.85,7.4800000000000004,7.121666666666667,0,0,0.0016666666666669272,299.09274760695166,270.13013435627323,71.967575063240929,527.02947927384275,0,-28.96261325067843,false,true,ADMITTED_DAILY_NONNEGATIVE_WITH_SIGNED_HOURLY_COMPONENTS
SH-EN-ALERCE,2023-10-23,2023,296,-40.1726,24,2023102300,2023102323,12.460000000000001,8.4299999999999997,7.29,12.460000000000001,8.4299999999999997,7.2883333333333331,0,0,-0.0016666666666669272,253.15144248880381,224.38103583589563,93.757280472498678,366.31536304191309,0,-28.770406652908179,false,true,ADMITTED_DAILY_NONNEGATIVE_WITH_SIGNED_HOURLY_COMPONENTS
SH-EN-ALERCE,2023-10-24,2023,297,-40.1726,24,2023102400,2023102423,12.720000000000001,7.6699999999999999,6.7300000000000004,12.720000000000001,7.6699999999999999,6.7279166666666663,0,0,-0.0020833333333341031,276.29123109378816,262.36338646528424,82.918268487791693,478.2895693023396,0,-13.927844628503919,false,true,ADMITTED_DAILY_NONNEGATIVE_WITH_SIGNED_HOURLY_COMPONENTS
SH-EN-ALERCE,2023-10-25,2023,298,-40.1726,24,2023102500,2023102523,13.720000000000001,6.9299999999999997,7.1200000000000001,13.720000000000001,6.9299999999999997,7.1187499999999995,0,0,-0.0012500000000006395,273.27689084260055,253.88967611757357,66.152918344016598,516.28555823359011,0,-19.387214725026979,false,true,ADMITTED_DAILY_NONNEGATIVE_WITH_SIGNED_HOURLY_COMPONENTS
SH-EN-ALERCE,2023-10-26,2023,299,-40.1726,24,2023102600,2023102623,12.23,8.75,8.4000000000000004,12.23,8.75,8.3962500000000002,0,0,-0.0037500000000001421,174.04885440368457,162.05563178849744,55.145193793945737,295.92693513729341,0,-11.993222615187136,false,true,ADMITTED_DAILY_NONNEGATIVE_WITH_SIGNED_HOURLY_COMPONENTS
SH-EN-ALERCE,2023-10-27,2023,300,-40.1726,24,2023102700,2023102723,11.09,10.24,9.7300000000000004,11.09,10.24,9.725833333333334,0,0,-0.0041666666666664298,78.298506728862094,84.771605391898191,59.659924759852402,121.52970250217004,0,6.4730986630360974,false,true,ADMITTED_DAILY_NONNEGATIVE_WITH_SIGNED_HOURLY_COMPONENTS
SH-EN-ALERCE,2023-10-28,2023,301,-40.1726,24,2023102800,2023102823,11.34,7.3399999999999999,7.0099999999999998,11.34,7.3399999999999999,7.0125000000000002,0,0,0.0025000000000003908,181.53767195104876,209.96382284327206,76.588382326206101,431.03982339025515,0,28.426150892223291,false,true,ADMITTED_DAILY_NONNEGATIVE_WITH_SIGNED_HOURLY_COMPONENTS
SH-EN-ALERCE,2023-10-29,2023,302,-40.1726,24,2023102900,2023102923,9.1999999999999993,6.8099999999999996,4.3200000000000003,9.1999999999999993,6.8099999999999996,4.3174999999999999,0,0,-0.0025000000000003908,244.50234371590511,225.64622955866989,90.019150655075805,439.11828192008647,0,-18.856114157235226,false,true,ADMITTED_DAILY_NONNEGATIVE_WITH_SIGNED_HOURLY_COMPONENTS
SH-EN-ALERCE,2023-10-30,2023,303,-40.1726,24,2023103000,2023103023,9.9800000000000004,6.6399999999999997,4.5599999999999996,9.9800000000000004,6.6399999999999997,4.5604166666666668,0,0,0.00041666666666717589,255.96039592684178,253.12383316033402,153.10609360039848,392.09320125608735,0,-2.8365627665077682,false,true,ADMITTED_DAILY_NONNEGATIVE_WITH_SIGNED_HOURLY_COMPONENTS
SH-EN-ALERCE,2023-10-31,2023,304,-40.1726,24,2023103100,2023103123,12.25,5.5099999999999998,4.1600000000000001,12.25,5.5099999999999998,4.1574999999999998,0,0,-0.0025000000000003908,342.38991300715941,359.71195608951007,142.29422383197391,603.72442534904565,0,17.32204308235066,false,true,ADMITTED_DAILY_NONNEGATIVE_WITH_SIGNED_HOURLY_COMPONENTS
SH-EN-ALERCE,2023-11-01,2023,305,-40.1726,24,2023110100,2023110123,14.18,7.8899999999999997,6.9400000000000004,14.18,7.8899999999999997,6.9437500000000005,0,0,0.0037500000000001421,343.32787412982486,345.88524369637412,125.48626323010467,637.99229965649624,0,2.5573695665492551,false,true,ADMITTED_DAILY_NONNEGATIVE_WITH_SIGNED_HOURLY_COMPONENTS
SH-EN-ALERCE,2023-11-02,2023,306,-40.1726,24,2023110200,2023110223,13.23,7.9699999999999998,7.6399999999999997,13.23,7.9699999999999998,7.644166666666667,0,0,0.004166666666667318,248.76862281707758,266.0107350127459,36.876271858491691,456.40805182153144,0,17.242112195668312,false,true,ADMITTED_DAILY_NONNEGATIVE_WITH_SIGNED_HOURLY_COMPONENTS
SH-EN-ALERCE,2023-11-03,2023,307,-40.1726,24,2023110300,2023110323,12.130000000000001,7.2000000000000002,5.8700000000000001,12.130000000000001,7.2000000000000002,5.8741666666666665,0,0,0.0041666666666664298,288.43985392444336,272.02922914580768,59.706079206093591,549.71786987383803,0,-16.410624778635679,false,true,ADMITTED_DAILY_NONNEGATIVE_WITH_SIGNED_HOURLY_COMPONENTS
SH-EN-ALERCE,2023-11-04,2023,308,-40.1726,24,2023110400,2023110423,13.35,7.7400000000000002,8.8800000000000008,13.35,7.7400000000000002,8.8837500000000009,0,0,0.0037500000000001421,154.37749260828491,155.85475466513435,41.695262602027583,339.58328361454551,0,1.4772620568494403,false,true,ADMITTED_DAILY_NONNEGATIVE_WITH_SIGNED_HOURLY_COMPONENTS
SH-EN-ALERCE,2023-11-05,2023,309,-40.1726,24,2023110500,2023110523,12.08,10.84,10.35,12.08,10.84,10.346666666666666,0,0,-0.0033333333333338544,97.337322530521305,88.95691263250383,54.588039611810927,149.55439468450686,0,-8.3804098980174757,false,true,ADMITTED_DAILY_NONNEGATIVE_WITH_SIGNED_HOURLY_COMPONENTS
SH-EN-ALERCE,2023-11-06,2023,310,-40.1726,24,2023110600,2023110623,12.23,10.779999999999999,10.6,12.23,10.779999999999999,10.604583333333332,0,0,0.0045833333333327175,80.592944074381421,78.749775291378427,48.749265154736349,160.23280177276774,0,-1.8431687830029944,false,true,ADMITTED_DAILY_NONNEGATIVE_WITH_SIGNED_HOURLY_COMPONENTS
SH-EN-ALERCE,2023-11-07,2023,311,-40.1726,24,2023110700,2023110723,12.93,9.8900000000000006,8.3499999999999996,12.93,9.8900000000000006,8.3525000000000009,0,0,0.002500000000001279,256.32242785454014,242.25409846798857,96.984711687531217,433.36229090111988,0,-14.068329386551568,false,true,ADMITTED_DAILY_NONNEGATIVE_WITH_SIGNED_HOURLY_COMPONENTS
SH-EN-ALERCE,2023-11-08,2023,312,-40.1726,24,2023110800,2023110823,13.300000000000001,8.25,7.8700000000000001,13.300000000000001,8.25,7.8712499999999999,0,0,0.0012499999999997513,245.98746899035132,256.67671699776969,87.427607110493227,474.93580212081042,0,10.689248007418371,false,true,ADMITTED_DAILY_NONNEGATIVE_WITH_SIGNED_HOURLY_COMPONENTS
SH-EN-ALERCE,2023-11-09,2023,313,-40.1726,24,2023110900,2023110923,15.51,7.1500000000000004,6.5499999999999998,15.51,7.1500000000000004,6.5508333333333333,0,0,0.0008333333333334636,415.86925046202862,380.16177124343784,78.625454971067256,817.16248971681262,0,-35.707479218590777,false,true,ADMITTED_DAILY_NONNEGATIVE_WITH_SIGNED_HOURLY_COMPONENTS
SH-EN-ALERCE,2023-11-10,2023,314,-40.1726,24,2023111000,2023111023,11.81,8.1600000000000001,8,11.81,8.1600000000000001,8.0016666666666669,0,0,0.0016666666666669272,162.03290341211209,171.53849554495253,58.245725071560173,331.26406040777101,0,9.5055921328404338,false,true,ADMITTED_DAILY_NONNEGATIVE_WITH_SIGNED_HOURLY_COMPONENTS
SH-EN-ALERCE,2023-11-11,2023,315,-40.1726,24,2023111100,2023111123,10.859999999999999,6.4400000000000004,5.25,10.859999999999999,6.4400000000000004,5.2495833333333328,0,0,-0.00041666666666717589,244.61250907817248,222.26822835291475,83.24151896733224,386.63261427947464,0,-22.344280725257732,false,true,ADMITTED_DAILY_NONNEGATIVE_WITH_SIGNED_HOURLY_COMPONENTS
SH-EN-ALERCE,2023-11-12,2023,316,-40.1726,24,2023111200,2023111223,10.960000000000001,6.4000000000000004,3.1000000000000001,10.960000000000001,6.4000000000000004,3.1033333333333335,0,0,0.0033333333333334103,372.11444035576096,350.11396564995169,116.22582776067895,592.91086049059356,0,-22.000474705809268,false,true,ADMITTED_DAILY_NONNEGATIVE_WITH_SIGNED_HOURLY_COMPONENTS
SH-EN-ALERCE,2023-11-13,2023,317,-40.1726,24,2023111300,2023111323,10.49,6.4299999999999997,6.1699999999999999,10.49,6.4299999999999997,6.1658333333333326,0,0,-0.004166666666667318,169.92014330997108,182.62583961193164,116.55638597823167,252.38472917355818,0,12.705696301960558,false,true,ADMITTED_DAILY_NONNEGATIVE_WITH_SIGNED_HOURLY_COMPONENTS
SH-EN-ALERCE,2023-11-14,2023,318,-40.1726,24,2023111400,2023111423,10.390000000000001,6.0700000000000003,4.0899999999999999,10.390000000000001,6.0700000000000003,4.0887500000000001,0,0,-0.0012499999999997513,281.61093411194406,287.13620937702586,133.96589223676995,463.61832185552589,0,5.5252752650818024,false,true,ADMITTED_DAILY_NONNEGATIVE_WITH_SIGNED_HOURLY_COMPONENTS
SH-EN-ALERCE,2023-11-15,2023,319,-40.1726,24,2023111500,2023111523,10.359999999999999,7.9800000000000004,7.0899999999999999,10.359999999999999,7.9800000000000004,7.0870833333333332,0,0,-0.0029166666666666785,156.53833667778611,177.09706094227803,105.25733588886465,223.74918818339802,0,20.558724264491929,false,true,ADMITTED_DAILY_NONNEGATIVE_WITH_SIGNED_HOURLY_COMPONENTS
SH-EN-ALERCE,2023-11-16,2023,320,-40.1726,24,2023111600,2023111623,11.56,9.7100000000000009,9.6999999999999993,11.56,9.7100000000000009,9.6991666666666667,0,0,-0.00083333333333257542,79.850172619810564,81.624364724140193,46.042620277709148,119.04117979355487,0,1.7741921043296287,false,true,ADMITTED_DAILY_NONNEGATIVE_WITH_SIGNED_HOURLY_COMPONENTS
SH-EN-ALERCE,2023-11-17,2023,321,-40.1726,24,2023111700,2023111723,10.619999999999999,7.8300000000000001,5.6200000000000001,10.619999999999999,7.8300000000000001,5.6174999999999997,0,0,-0.0025000000000003908,259.37465913123776,279.86717870614643,150.39454448707306,417.49232215261179,0,20.49251957490867,false,true,ADMITTED_DAILY_NONNEGATIVE_WITH_SIGNED_HOURLY_COMPONENTS
SH-EN-ALERCE,2023-11-18,2023,322,-40.1726,24,2023111800,2023111823,11.279999999999999,8.2899999999999991,7.8700000000000001,11.279999999999999,8.2899999999999991,7.8704166666666664,0,0,0.00041666666666628771,152.43731087911374,139.25572087750726,43.706996696557553,245.89017883911902,0,-13.18159000160648,false,true,ADMITTED_DAILY_NONNEGATIVE_WITH_SIGNED_HOURLY_COMPONENTS
SH-EN-ALERCE,2023-11-19,2023,323,-40.1726,24,2023111900,2023111923,12.890000000000001,11.34,11.109999999999999,12.890000000000001,11.34,11.113750000000001,0,0,0.0037500000000019185,92.509515106259187,87.97125634119709,39.9256089773844,165.95823066452022,0,-4.5382587650620962,false,true,ADMITTED_DAILY_NONNEGATIVE_WITH_SIGNED_HOURLY_COMPONENTS
SH-EN-ALERCE,2023-11-20,2023,324,-40.1726,24,2023112000,2023112023,12.970000000000001,10.01,8.5,12.970000000000001,10.01,8.5012500000000006,0,0,0.0012500000000006395,251.95706771047162,245.1462068005504,97.897754665190405,398.77870561613804,0,-6.8108609099212174,false,true,ADMITTED_DAILY_NONNEGATIVE_WITH_SIGNED_HOURLY_COMPONENTS
SH-EN-ALERCE,2023-11-21,2023,325,-40.1726,24,2023112100,2023112123,12.23,9.6899999999999995,6.96,12.23,9.6899999999999995,6.9641666666666664,0,0,0.0041666666666664298,314.22157530082438,296.79498477425631,131.00141174729811,490.51753416464453,0,-17.426590526568077,false,true,ADMITTED_DAILY_NONNEGATIVE_WITH_SIGNED_HOURLY_COMPONENTS
SH-EN-ALERCE,2023-11-22,2023,326,-40.1726,24,2023112200,2023112223,12.43,8.3699999999999992,6.8799999999999999,12.43,8.3699999999999992,6.8829166666666666,0,0,0.0029166666666666785,277.83441976561005,271.95995700502539,89.267246980024311,455.32772230954333,0,-5.8744627605846631,false,true,ADMITTED_DAILY_NONNEGATIVE_WITH_SIGNED_HOURLY_COMPONENTS
SH-EN-ALERCE,2023-11-23,2023,327,-40.1726,24,2023112300,2023112323,16.52,8.1600000000000001,7.6200000000000001,16.52,8.1600000000000001,7.6183333333333332,0,0,-0.0016666666666669272,436.72161250456043,422.62809945570501,88.042897152048567,804.18441932122528,0,-14.093513048855414,false,true,ADMITTED_DAILY_NONNEGATIVE_WITH_SIGNED_HOURLY_COMPONENTS
SH-EN-ALERCE,2023-11-24,2023,328,-40.1726,24,2023112400,2023112423,16.510000000000002,9,8.3599999999999994,16.510000000000002,9,8.3641666666666676,0,0,0.0041666666666682062,413.85813816525251,350.41525434972323,70.336192261844417,767.01103049569474,0,-63.442883815529285,false,true,ADMITTED_DAILY_NONNEGATIVE_WITH_SIGNED_HOURLY_COMPONENTS
SH-EN-ALERCE,2023-11-25,2023,329,-40.1726,24,2023112500,2023112523,16.16,9.1300000000000008,8.0399999999999991,16.16,9.1300000000000008,8.0425000000000004,0,0,0.002500000000001279,421.87240276130092,396.76659905505176,87.680541280869193,793.56844793957043,0,-25.105803706249162,false,true,ADMITTED_DAILY_NONNEGATIVE_WITH_SIGNED_HOURLY_COMPONENTS
SH-EN-ALERCE,2023-11-26,2023,330,-40.1726,24,2023112600,2023112623,17.300000000000001,10.119999999999999,10.34,17.300000000000001,10.119999999999999,10.339166666666666,0,0,-0.00083333333333435178,350.15262558558175,362.08508983001542,89.035655338532024,668.25832679473342,0,11.932464244433675,false,true,ADMITTED_DAILY_NONNEGATIVE_WITH_SIGNED_HOURLY_COMPONENTS
SH-EN-ALERCE,2023-11-27,2023,331,-40.1726,24,2023112700,2023112723,13.720000000000001,10.77,10.35,13.720000000000001,10.77,10.348750000000001,0,0,-0.0012499999999988631,174.22208508086078,156.25711097422177,69.647106344410076,288.02808093548629,0,-17.964974106639005,false,true,ADMITTED_DAILY_NONNEGATIVE_WITH_SIGNED_HOURLY_COMPONENTS
SH-EN-ALERCE,2023-11-28,2023,332,-40.1726,24,2023112800,2023112823,13.4,9.9299999999999997,7.75,13.4,9.9299999999999997,7.7487500000000002,0,0,-0.0012499999999997513,325.17489181140581,283.92375762068855,93.98727778440184,619.00371685653215,0,-41.251134190717266,false,true,ADMITTED_DAILY_NONNEGATIVE_WITH_SIGNED_HOURLY_COMPONENTS
SH-EN-ALERCE,2023-11-29,2023,333,-40.1726,24,2023112900,2023112923,13.359999999999999,10.279999999999999,9.7899999999999991,13.359999999999999,10.279999999999999,9.7854166666666664,0,0,-0.0045833333333327175,181.51204923243927,194.23865698952997,37.445264934839997,311.19404195006678,0,12.726607757090704,false,true,ADMITTED_DAILY_NONNEGATIVE_WITH_SIGNED_HOURLY_COMPONENTS
SH-EN-ALERCE,2023-11-30,2023,334,-40.1726,24,2023113000,2023113023,12.92,11.34,10.23,12.92,11.34,10.225416666666666,0,0,-0.0045833333333344939,169.29740109620457,161.57516221881849,52.694630143036647,286.4570584080584,0,-7.7222388773860757,false,true,ADMITTED_DAILY_NONNEGATIVE_WITH_SIGNED_HOURLY_COMPONENTS
SH-EN-ALERCE,2023-12-01,2023,335,-40.1726,24,2023120100,2023120123,12.48,7.8899999999999997,7.5,12.48,7.8899999999999997,7.4995833333333337,0,0,-0.00041666666666628771,219.38836608204429,262.17566765660803,81.087650931486451,494.08324384871889,0,42.787301574563742,false,true,ADMITTED_DAILY_NONNEGATIVE_WITH_SIGNED_HOURLY_COMPONENTS
SH-EN-ALERCE,2023-12-02,2023,336,-40.1726,24,2023120200,2023120223,11.369999999999999,7.1299999999999999,4.6100000000000003,11.369999999999999,7.1299999999999999,4.6150000000000002,0,0,0.0049999999999998934,329.24735067626909,313.41001607604107,119.46855612258742,522.88553550096833,0,-15.837334600228019,false,true,ADMITTED_DAILY_NONNEGATIVE_WITH_SIGNED_HOURLY_COMPONENTS
SH-EN-ALERCE,2023-12-03,2023,337,-40.1726,24,2023120300,2023120323,14.779999999999999,7.0700000000000003,5.1699999999999999,14.779999999999999,7.0700000000000003,5.1699999999999999,0,0,0,461.29611684211341,443.03256515705078,114.28244860659561,797.27959620571255,0,-18.263551685062623,false,true,ADMITTED_DAILY_NONNEGATIVE_WITH_SIGNED_HOURLY_COMPONENTS
SH-EN-ALERCE,2023-12-04,2023,338,-40.1726,24,2023120400,2023120423,17.73,7.6500000000000004,7.21,17.73,7.6500000000000004,7.2116666666666669,0,0,0.0016666666666669272,521.9388505191182,514.90511201616118,108.46238707274347,1019.3826670247109,0,-7.0337385029570214,false,true,ADMITTED_DAILY_NONNEGATIVE_WITH_SIGNED_HOURLY_COMPONENTS
SH-EN-ALERCE,2023-12-05,2023,339,-40.1726,24,2023120500,2023120523,17.260000000000002,10.27,9.9499999999999993,17.260000000000002,10.27,9.9500000000000011,0,0,1.7763568394002505e-15,386.26839716041536,354.05877137464586,51.705538256734144,786.45626849130576,0,-32.209625785769504,false,true,ADMITTED_DAILY_NONNEGATIVE_WITH_SIGNED_HOURLY_COMPONENTS
SH-EN-ALERCE,2023-12-06,2023,340,-40.1726,24,2023120600,2023120623,16.859999999999999,10.4,9.3900000000000006,16.859999999999999,10.4,9.3920833333333338,0,0,0.0020833333333332149,412.27500801112524,369.14455861432981,71.610798187803084,786.42980962096954,0,-43.130449396795427,false,true,ADMITTED_DAILY_NONNEGATIVE_WITH_SIGNED_HOURLY_COMPONENTS
SH-EN-ALERCE,2023-12-07,2023,341,-40.1726,24,2023120700,2023120723,17.359999999999999,10.19,9.0399999999999991,17.359999999999999,10.19,9.0408333333333335,0,0,0.00083333333333435178,461.86628218449255,391.40340210306857,69.045006303191713,851.27185929292546,0,-70.462880081423975,false,true,ADMITTED_DAILY_NONNEGATIVE_WITH_SIGNED_HOURLY_COMPONENTS
SH-EN-ALERCE,2023-12-08,2023,342,-40.1726,24,2023120800,2023120823,12.800000000000001,8.7200000000000006,7.8799999999999999,12.800000000000001,8.7200000000000006,7.8833333333333329,0,0,0.0033333333333329662,238.37345163227428,246.67711606717478,96.801172062837168,412.07731056258058,0,8.3036644349004973,false,true,ADMITTED_DAILY_NONNEGATIVE_WITH_SIGNED_HOURLY_COMPONENTS
SH-EN-ALERCE,2023-12-09,2023,343,-40.1726,24,2023120900,2023120923,14.699999999999999,7.8499999999999996,7.6200000000000001,14.699999999999999,7.8499999999999996,7.623333333333334,0,0,0.0033333333333338544,321.95354347766875,314.90949903981567,66.85862856532583,624.49547794254863,0,-7.0440444378530742,false,true,ADMITTED_DAILY_NONNEGATIVE_WITH_SIGNED_HOURLY_COMPONENTS
SH-EN-ALERCE,2023-12-10,2023,344,-40.1726,24,2023121000,2023121023,18.149999999999999,9.1300000000000008,8.8800000000000008,18.149999999999999,9.1300000000000008,8.8804166666666671,0,0,0.00041666666666628771,482.07247725653042,391.58031574389435,78.474491524141058,989.39383144221119,0,-90.492161512636073,false,true,ADMITTED_DAILY_NONNEGATIVE_WITH_SIGNED_HOURLY_COMPONENTS
SH-EN-ALERCE,2023-12-11,2023,345,-40.1726,24,2023121100,2023121123,13.58,9.8000000000000007,9.8699999999999992,13.58,9.8000000000000007,9.8729166666666668,0,0,0.0029166666666675667,166.27046645006021,168.7563142031714,74.919509499588457,306.02986852859476,0,2.4858477531111873,false,true,ADMITTED_DAILY_NONNEGATIVE_WITH_SIGNED_HOURLY_COMPONENTS
SH-EN-ALERCE,2023-12-12,2023,346,-40.1726,24,2023121200,2023121223,14.07,9.0299999999999994,6.9900000000000002,14.07,9.0299999999999994,6.9899999999999993,0,0,-8.8817841970012523e-16,376.9645226769544,360.55085007297544,106.42089004880518,611.56491780843066,0,-16.413672603978966,false,true,ADMITTED_DAILY_NONNEGATIVE_WITH_SIGNED_HOURLY_COMPONENTS
SH-EN-ALERCE,2023-12-13,2023,347,-40.1726,24,2023121300,2023121323,15.35,8.2599999999999998,6.6699999999999999,15.35,8.2599999999999998,6.665,0,0,-0.0049999999999998934,438.65280552721424,392.22496411044267,107.82467032473187,809.94173182671079,0,-46.427841416771571,false,true,ADMITTED_DAILY_NONNEGATIVE_WITH_SIGNED_HOURLY_COMPONENTS
SH-EN-ALERCE,2023-12-14,2023,348,-40.1726,24,2023121400,2023121423,13.109999999999999,9.2200000000000006,8.3699999999999992,13.109999999999999,9.2200000000000006,8.3654166666666665,0,0,-0.0045833333333327175,236.80459256905192,241.26806529431019,112.43653552064643,405.48653972735224,0,4.4634727252582707,false,true,ADMITTED_DAILY_NONNEGATIVE_WITH_SIGNED_HOURLY_COMPONENTS
SH-EN-ALERCE,2023-12-15,2023,349,-40.1726,24,2023121500,2023121523,13.73,11.26,10.25,13.73,11.26,10.253333333333332,0,0,0.003333333333332078,204.5055540150795,176.6143794921054,94.197258189805325,333.76592727557068,0,-27.891174522974097,false,true,ADMITTED_DAILY_NONNEGATIVE_WITH_SIGNED_HOURLY_COMPONENTS
SH-EN-ALERCE,2023-12-16,2023,350,-40.1726,24,2023121600,2023121623,11.99,9.4299999999999997,9.0099999999999998,11.99,9.4299999999999997,9.0133333333333336,0,0,0.0033333333333338544,142.90318780733264,160.38291792020857,91.339475262175029,264.19549373165523,0,17.479730112875927,false,true,ADMITTED_DAILY_NONNEGATIVE_WITH_SIGNED_HOURLY_COMPONENTS
SH-EN-ALERCE,2023-12-17,2023,351,-40.1726,24,2023121700,2023121723,12.57,7.9500000000000002,5.9100000000000001,12.57,7.9500000000000002,5.9112499999999999,0,0,0.0012499999999997513,333.34087183618533,341.19019706360638,87.812441134934943,614.41878700776715,0,7.8493252274210477,false,true,ADMITTED_DAILY_NONNEGATIVE_WITH_SIGNED_HOURLY_COMPONENTS
SH-EN-ALERCE,2023-12-18,2023,352,-40.1726,24,2023121800,2023121823,17.18,7.3700000000000001,5.8200000000000003,17.18,7.3700000000000001,5.8170833333333336,0,0,-0.0029166666666666785,570.25111435237193,622.50309367024704,111.73434415358054,1058.668097448628,0,52.251979317875112,false,true,ADMITTED_DAILY_NONNEGATIVE_WITH_SIGNED_HOURLY_COMPONENTS
SH-EN-ALERCE,2023-12-19,2023,353,-40.1726,24,2023121900,2023121923,20.399999999999999,10.93,8.3200000000000003,20.399999999999999,10.93,8.3204166666666666,0,0,0.00041666666666628771,755.33977972460389,657.40951366579475,-39.478526642010593,1434.159547677154,2,-97.930266058809138,false,true,ADMITTED_DAILY_NONNEGATIVE_WITH_SIGNED_HOURLY_COMPONENTS
SH-EN-ALERCE,2023-12-20,2023,354,-40.1726,24,2023122000,2023122023,16.170000000000002,10.859999999999999,10.699999999999999,16.170000000000002,10.859999999999999,10.700000000000001,0,0,1.7763568394002505e-15,282.57136241969079,275.02063055099433,-55.204364505406829,592.77467907641062,5,-7.5507318686964595,false,true,ADMITTED_DAILY_NONNEGATIVE_WITH_SIGNED_HOURLY_COMPONENTS
SH-EN-ALERCE,2023-12-21,2023,355,-40.1726,24,2023122100,2023122123,16.52,9.8599999999999994,9.3000000000000007,16.52,9.8599999999999994,9.2983333333333338,0,0,-0.0016666666666669272,376.49151779569274,363.83473545549265,82.948264061439204,769.71286606348599,0,-12.656782340200095,false,true,ADMITTED_DAILY_NONNEGATIVE_WITH_SIGNED_HOURLY_COMPONENTS
SH-EN-ALERCE,2023-12-22,2023,356,-40.1726,24,2023122200,2023122223,16.5,10.699999999999999,9.8399999999999999,16.5,10.699999999999999,9.8433333333333337,0,0,0.0033333333333338544,367.11163798590565,368.1504741475685,90.806995848070983,619.27409525381745,0,1.0388361616628572,false,true,ADMITTED_DAILY_NONNEGATIVE_WITH_SIGNED_HOURLY_COMPONENTS
SH-EN-ALERCE,2023-12-23,2023,357,-40.1726,24,2023122300,2023122323,17.620000000000001,9.3800000000000008,7.25,17.620000000000001,9.3800000000000008,7.2458333333333336,0,0,-0.0041666666666664298,577.33968713686374,568.82240647167475,108.72782749209455,1076.4084413711212,0,-8.5172806651889914,false,true,ADMITTED_DAILY_NONNEGATIVE_WITH_SIGNED_HOURLY_COMPONENTS
SH-EN-ALERCE,2023-12-24,2023,358,-40.1726,24,2023122400,2023122423,16.859999999999999,9.7799999999999994,8.6400000000000006,16.859999999999999,9.7799999999999994,8.644166666666667,0,0,0.0041666666666664298,444.85390749284784,431.66801137417423,145.2182783464707,818.35864195217505,0,-13.185896118673611,false,true,ADMITTED_DAILY_NONNEGATIVE_WITH_SIGNED_HOURLY_COMPONENTS
SH-EN-ALERCE,2023-12-25,2023,359,-40.1726,24,2023122500,2023122523,20.719999999999999,10.57,9.4100000000000001,20.719999999999999,10.57,9.4087499999999995,0,0,-0.0012500000000006395,679.85706441219418,644.68768990055457,83.565355003433524,1346.4551854526167,0,-35.169374511639603,false,true,ADMITTED_DAILY_NONNEGATIVE_WITH_SIGNED_HOURLY_COMPONENTS
SH-EN-ALERCE,2023-12-26,2023,360,-40.1726,24,2023122600,2023122623,22.059999999999999,12.9,10.52,22.059999999999999,12.9,10.5175,0,0,-0.0024999999999995026,799.39593042963816,731.65113102691555,156.8503472653606,1471.7761048058198,0,-67.744799402722606,false,true,ADMITTED_DAILY_NONNEGATIVE_WITH_SIGNED_HOURLY_COMPONENTS
SH-EN-ALERCE,2023-12-27,2023,361,-40.1726,24,2023122700,2023122723,20.170000000000002,12.33,10.41,20.170000000000002,12.33,10.414166666666667,0,0,0.0041666666666664298,636.07900169067693,561.29944146680884,89.808366112282101,1262.6225843126083,0,-74.779560223868089,false,true,ADMITTED_DAILY_NONNEGATIVE_WITH_SIGNED_HOURLY_COMPONENTS
SH-EN-ALERCE,2023-12-28,2023,362,-40.1726,24,2023122800,2023122823,16.890000000000001,11.74,10.949999999999999,16.890000000000001,11.74,10.950833333333334,0,0,0.00083333333333435178,343.12290268782886,273.65380284798044,69.470339420386608,632.3443990371768,0,-69.469099839848411,false,true,ADMITTED_DAILY_NONNEGATIVE_WITH_SIGNED_HOURLY_COMPONENTS
SH-EN-ALERCE,2023-12-29,2023,363,-40.1726,24,2023122900,2023122923,20.390000000000001,10.75,8.6199999999999992,20.390000000000001,10.75,8.6216666666666679,0,0,0.0016666666666687036,724.27579117594951,727.79098973566886,63.202000428677366,1362.7981880187735,0,3.5151985597193516,false,true,ADMITTED_DAILY_NONNEGATIVE_WITH_SIGNED_HOURLY_COMPONENTS
SH-EN-ALERCE,2023-12-30,2023,364,-40.1726,24,2023123000,2023123023,22.34,11.85,9.5899999999999999,22.34,11.85,9.5929166666666656,0,0,0.0029166666666657903,849.35627511732605,643.81564791269375,17.324258914841721,1700.1112381096136,0,-205.5406272046323,false,true,ADMITTED_DAILY_NONNEGATIVE_WITH_SIGNED_HOURLY_COMPONENTS
SH-EN-ALERCE,2023-12-31,2023,365,-40.1726,24,2023123100,2023123123,16.350000000000001,11.32,11.380000000000001,16.350000000000001,11.32,11.375,0,0,-0.0050000000000007816,253.87498906186443,253.37765241763091,-1.7894757487547395,542.25268671016079,1,-0.49733664423351343,false,true,ADMITTED_DAILY_NONNEGATIVE_WITH_SIGNED_HOURLY_COMPONENTS
SH-EN-ALERCE,2024-01-01,2024,1,-40.1726,24,2024010100,2024010123,18.649999999999999,12,11.199999999999999,18.649999999999999,12,11.196249999999999,0,0,-0.0037500000000001421,445.94797100404526,391.98659734219524,18.390089862663899,910.75996395511106,0,-53.961373661850018,false,true,ADMITTED_DAILY_NONNEGATIVE_WITH_SIGNED_HOURLY_COMPONENTS
SH-EN-ALERCE,2024-01-02,2024,2,-40.1726,24,2024010200,2024010223,18.559999999999999,11.960000000000001,11.449999999999999,18.559999999999999,11.960000000000001,11.4475,0,0,-0.0024999999999995026,415.83096834264347,351.22995823002765,50.840810893827211,875.68358186181922,0,-64.601010112615825,false,true,ADMITTED_DAILY_NONNEGATIVE_WITH_SIGNED_HOURLY_COMPONENTS
SH-EN-ALERCE,2024-01-03,2024,3,-40.1726,24,2024010300,2024010323,19.07,12.550000000000001,10.94,19.07,12.550000000000001,10.936250000000001,0,0,-0.0037499999999983658,523.14001645440567,498.91230210498253,44.859432065580222,1013.1808021127802,0,-24.227714349423138,false,true,ADMITTED_DAILY_NONNEGATIVE_WITH_SIGNED_HOURLY_COMPONENTS
SH-EN-ALERCE,2024-01-04,2024,4,-40.1726,24,2024010400,2024010423,19.550000000000001,13.73,12.32,19.550000000000001,13.73,12.321666666666667,0,0,0.0016666666666669272,489.93682375553112,395.13547011936765,-21.866260328571343,907.73163295986592,2,-94.801353636163469,false,true,ADMITTED_DAILY_NONNEGATIVE_WITH_SIGNED_HOURLY_COMPONENTS
SH-EN-ALERCE,2024-01-05,2024,5,-40.1726,24,2024010500,2024010523,16.699999999999999,14.02,13.880000000000001,16.699999999999999,14.02,13.875416666666666,0,0,-0.0045833333333344939,164.73957063564399,170.41506889351879,-4.1590601414386583,355.94619788504974,1,5.675498257874807,false,true,ADMITTED_DAILY_NONNEGATIVE_WITH_SIGNED_HOURLY_COMPONENTS
SH-EN-ALERCE,2024-01-06,2024,6,-40.1726,24,2024010600,2024010623,17.760000000000002,14.710000000000001,14.109999999999999,17.760000000000002,14.710000000000001,14.108750000000001,0,0,-0.0012499999999988631,243.35493348990144,211.83011636976573,39.546432524197598,470.39221900804182,0,-31.524817120135708,false,true,ADMITTED_DAILY_NONNEGATIVE_WITH_SIGNED_HOURLY_COMPONENTS
SH-EN-ALERCE,2024-01-07,2024,7,-40.1726,24,2024010700,2024010723,17.07,12.640000000000001,11.93,17.07,12.640000000000001,11.928333333333333,0,0,-0.0016666666666669272,308.499109239885,344.65967954785452,34.192033311621117,640.86853980410865,0,36.160570307969522,false,true,ADMITTED_DAILY_NONNEGATIVE_WITH_SIGNED_HOURLY_COMPONENTS
SH-EN-ALERCE,2024-01-08,2024,8,-40.1726,24,2024010800,2024010823,16.41,10.960000000000001,8.4100000000000001,16.41,10.960000000000001,8.4100000000000001,0,0,0,484.74531582410486,466.98257527424431,36.289459895398977,854.22966914841857,0,-17.762740549860553,false,true,ADMITTED_DAILY_NONNEGATIVE_WITH_SIGNED_HOURLY_COMPONENTS
SH-EN-ALERCE,2024-01-09,2024,9,-40.1726,24,2024010900,2024010923,17.190000000000001,10.69,8.3300000000000001,17.190000000000001,10.69,8.3283333333333331,0,0,-0.0016666666666669272,526.42634785878977,501.59508172546776,193.42170716633154,808.46206959050051,0,-24.831266133322003,false,true,ADMITTED_DAILY_NONNEGATIVE_WITH_SIGNED_HOURLY_COMPONENTS
SH-EN-ALERCE,2024-01-10,2024,10,-40.1726,24,2024011000,2024011023,18.149999999999999,8.9399999999999995,7.1100000000000003,18.149999999999999,8.9399999999999995,7.1083333333333334,0,0,-0.0016666666666669272,604.02478873979874,598.95160156966472,152.51077102308125,1084.8514753523489,0,-5.0731871701340197,false,true,ADMITTED_DAILY_NONNEGATIVE_WITH_SIGNED_HOURLY_COMPONENTS
SH-EN-ALERCE,2024-01-11,2024,11,-40.1726,24,2024011100,2024011123,18.170000000000002,10.09,8.7899999999999991,18.170000000000002,10.09,8.7887500000000003,0,0,-0.0012499999999988631,528.89676416217731,507.73089293023867,119.49818425166131,1014.1162822344136,0,-21.165871231938638,false,true,ADMITTED_DAILY_NONNEGATIVE_WITH_SIGNED_HOURLY_COMPONENTS
SH-EN-ALERCE,2024-01-12,2024,12,-40.1726,24,2024011200,2024011223,17.690000000000001,10.949999999999999,9.3300000000000001,17.690000000000001,10.949999999999999,9.3308333333333326,0,0,0.00083333333333257542,492.32185162258679,465.65821882397131,74.535588383243294,929.21404440649872,0,-26.663632798615481,false,true,ADMITTED_DAILY_NONNEGATIVE_WITH_SIGNED_HOURLY_COMPONENTS
SH-EN-ALERCE,2024-01-13,2024,13,-40.1726,24,2024011300,2024011323,15.35,10.41,9.3300000000000001,15.35,10.41,9.3308333333333326,0,0,0.00083333333333257542,329.22564536990603,318.56308472009368,89.784206071964945,642.55597563502761,0,-10.662560649812349,false,true,ADMITTED_DAILY_NONNEGATIVE_WITH_SIGNED_HOURLY_COMPONENTS
SH-EN-ALERCE,2024-01-14,2024,14,-40.1726,24,2024011400,2024011423,15.02,11.65,10.880000000000001,15.02,11.65,10.878333333333332,0,0,-0.0016666666666687036,236.75215740693784,248.02710891744255,41.294627181157239,455.51280742278368,0,11.274951510504707,false,true,ADMITTED_DAILY_NONNEGATIVE_WITH_SIGNED_HOURLY_COMPONENTS
SH-EN-ALERCE,2024-01-15,2024,15,-40.1726,24,2024011500,2024011523,16.710000000000001,11.27,11.4,16.710000000000001,11.27,11.402916666666668,0,0,0.0029166666666675667,271.40394626425177,257.76308597613155,-6.2177440611178554,573.89985855331656,1,-13.640860288120223,false,true,ADMITTED_DAILY_NONNEGATIVE_WITH_SIGNED_HOURLY_COMPONENTS
SH-EN-ALERCE,2024-01-16,2024,16,-40.1726,24,2024011600,2024011623,18.609999999999999,10.81,10.279999999999999,18.609999999999999,10.81,10.279999999999999,0,0,0,469.16693182356744,491.27929528106432,44.196286007523895,919.8194622467106,0,22.112363457496883,false,true,ADMITTED_DAILY_NONNEGATIVE_WITH_SIGNED_HOURLY_COMPONENTS
SH-EN-ALERCE,2024-01-17,2024,17,-40.1726,24,2024011700,2024011723,17.109999999999999,11.92,11.58,17.109999999999999,11.92,11.578749999999999,0,0,-0.0012500000000006395,309.04069032971825,295.70385151844727,73.716745126072738,669.64892619038142,0,-13.336838811270979,false,true,ADMITTED_DAILY_NONNEGATIVE_WITH_SIGNED_HOURLY_COMPONENTS
SH-EN-ALERCE,2024-01-18,2024,18,-40.1726,24,2024011800,2024011823,17.18,11.43,8.0899999999999999,17.18,11.43,8.0895833333333336,0,0,-0.00041666666666628771,575.96444453648155,562.50122803030376,187.04527895388196,979.21249376085223,0,-13.463216506177787,false,true,ADMITTED_DAILY_NONNEGATIVE_WITH_SIGNED_HOURLY_COMPONENTS
SH-EN-ALERCE,2024-01-19,2024,19,-40.1726,24,2024011900,2024011923,18.670000000000002,10.67,8.9600000000000009,18.670000000000002,10.67,8.9579166666666676,0,0,-0.0020833333333332149,573.41538247586732,561.14052055821321,108.70516948028626,1056.4226781138404,0,-12.274861917654107,false,true,ADMITTED_DAILY_NONNEGATIVE_WITH_SIGNED_HOURLY_COMPONENTS
SH-EN-ALERCE,2024-01-20,2024,20,-40.1726,24,2024012000,2024012023,19.539999999999999,10.41,7.0199999999999996,19.539999999999999,10.41,7.0241666666666669,0,0,0.004166666666667318,764.08059196139891,729.05595013373602,186.41541564097201,1359.8300684498852,0,-35.02464182766289,false,true,ADMITTED_DAILY_NONNEGATIVE_WITH_SIGNED_HOURLY_COMPONENTS
SH-EN-ALERCE,2024-01-21,2024,21,-40.1726,24,2024012100,2024012123,21.609999999999999,10.58,7.4900000000000002,21.609999999999999,10.58,7.486250000000001,0,0,-0.0037499999999992539,893.05025579573203,841.18527959779374,162.88949607619588,1646.6212513591163,0,-51.86497619793829,false,true,ADMITTED_DAILY_NONNEGATIVE_WITH_SIGNED_HOURLY_COMPONENTS
SH-EN-ALERCE,2024-01-22,2024,22,-40.1726,24,2024012200,2024012223,24.420000000000002,12.58,10.07,24.420000000000002,12.58,10.0725,0,0,0.0024999999999995026,1024.8087847662284,847.14352700862003,187.39748790074441,1947.1045098191562,0,-177.6652577576084,false,true,ADMITTED_DAILY_NONNEGATIVE_WITH_SIGNED_HOURLY_COMPONENTS
SH-EN-ALERCE,2024-01-23,2024,23,-40.1726,24,2024012300,2024012323,19.75,12.67,10.48,19.75,12.67,10.483333333333333,0,0,0.003333333333332078,616.01823185625972,562.55032151680177,91.187282766861472,1124.4711820266882,0,-53.467910339457944,false,true,ADMITTED_DAILY_NONNEGATIVE_WITH_SIGNED_HOURLY_COMPONENTS
SH-EN-ALERCE,2024-01-24,2024,24,-40.1726,24,2024012400,2024012423,18.199999999999999,11.779999999999999,11.43,18.199999999999999,11.779999999999999,11.429583333333333,0,0,-0.00041666666666628771,385.50729667715791,354.40739747653015,72.297973680497535,815.27748260326644,0,-31.09989920062776,false,true,ADMITTED_DAILY_NONNEGATIVE_WITH_SIGNED_HOURLY_COMPONENTS
SH-EN-ALERCE,2024-01-25,2024,25,-40.1726,24,2024012500,2024012523,21.32,13,12.65,21.32,13,12.649166666666666,0,0,-0.00083333333333435178,553.21876523310607,411.8319671063025,30.645978217507945,1191.8520211965827,0,-141.38679812680357,false,true,ADMITTED_DAILY_NONNEGATIVE_WITH_SIGNED_HOURLY_COMPONENTS
SH-EN-ALERCE,2024-01-26,2024,26,-40.1726,24,2024012600,2024012623,17.52,12.869999999999999,12.91,17.52,12.869999999999999,12.914999999999999,0,0,0.0049999999999990052,254.82153050032184,231.77479927498257,-51.329972059703096,585.08318633505019,4,-23.046731225339272,false,true,ADMITTED_DAILY_NONNEGATIVE_WITH_SIGNED_HOURLY_COMPONENTS
SH-EN-ALERCE,2024-01-27,2024,27,-40.1726,24,2024012700,2024012723,20.140000000000001,13.07,11.289999999999999,20.140000000000001,13.07,11.29125,0,0,0.0012500000000006395,593.3983815491215,572.87830237842513,-41.816379810682974,1129.8369671907644,5,-20.520079170696363,false,true,ADMITTED_DAILY_NONNEGATIVE_WITH_SIGNED_HOURLY_COMPONENTS
SH-EN-ALERCE,2024-01-28,2024,28,-40.1726,24,2024012800,2024012823,18.34,12.27,7.5499999999999998,18.34,12.27,7.5487499999999992,0,0,-0.0012500000000006395,727.79917683825397,660.94999299370693,300.44364993675913,1176.6508927465311,0,-66.849183844547042,false,true,ADMITTED_DAILY_NONNEGATIVE_WITH_SIGNED_HOURLY_COMPONENTS
SH-EN-ALERCE,2024-01-29,2024,29,-40.1726,24,2024012900,2024012923,20.309999999999999,10.56,8.6999999999999993,20.309999999999999,10.56,8.7008333333333336,0,0,0.00083333333333435178,704.171095982427,623.78875760032622,136.79350070690975,1385.7925866329751,0,-80.382338382100784,false,true,ADMITTED_DAILY_NONNEGATIVE_WITH_SIGNED_HOURLY_COMPONENTS
SH-EN-ALERCE,2024-01-30,2024,30,-40.1726,24,2024013000,2024013023,18.280000000000001,12.039999999999999,11.74,18.280000000000001,12.039999999999999,11.735833333333334,0,0,-0.0041666666666664298,374.73946779038693,381.2740276942427,-24.671830493852667,820.06723154043948,2,6.5345599038557793,false,true,ADMITTED_DAILY_NONNEGATIVE_WITH_SIGNED_HOURLY_COMPONENTS
SH-EN-ALERCE,2024-01-31,2024,31,-40.1726,24,2024013100,2024013123,19.079999999999998,13.779999999999999,13.76,19.079999999999998,13.779999999999999,13.76375,0,0,0.0037500000000001421,318.2777202186669,308.29080303136874,-38.417195423347039,796.5452366679649,8,-9.986917187298161,false,true,ADMITTED_DAILY_NONNEGATIVE_WITH_SIGNED_HOURLY_COMPONENTS
SH-EN-ALERCE,2024-02-01,2024,32,-40.1726,24,2024020100,2024020123,20.350000000000001,15.359999999999999,15.1,20.350000000000001,15.359999999999999,15.099583333333333,0,0,-0.00041666666666628771,350.99359212216905,301.25906211489797,1.1494260890569876,730.31640326893012,0,-49.734530007271076,false,true,ADMITTED_DAILY_NONNEGATIVE_WITH_SIGNED_HOURLY_COMPONENTS
SH-EN-ALERCE,2024-02-02,2024,33,-40.1726,24,2024020200,2024020223,18.530000000000001,13.52,14.57,18.530000000000001,13.52,14.566666666666668,0,0,-0.003333333333332078,182.92852545347523,232.63197173243006,-26.675010825896607,517.45605213949648,4,49.703446278954829,false,true,ADMITTED_DAILY_NONNEGATIVE_WITH_SIGNED_HOURLY_COMPONENTS
SH-EN-ALERCE,2024-02-03,2024,34,-40.1726,24,2024020300,2024020323,19.68,12.17,8.75,19.68,12.17,8.7462499999999999,0,0,-0.0037500000000001421,726.54830461519555,707.20634813116283,148.6469352893314,1284.2949328910277,0,-19.341956484032721,false,true,ADMITTED_DAILY_NONNEGATIVE_WITH_SIGNED_HOURLY_COMPONENTS
SH-EN-ALERCE,2024-02-04,2024,35,-40.1726,24,2024020400,2024020423,20.75,11.800000000000001,9.6699999999999999,20.75,11.800000000000001,9.6666666666666661,0,0,-0.0033333333333338544,715.55115084345243,606.1797709649851,43.596494828963614,1382.8591491858597,0,-109.37137987846734,false,true,ADMITTED_DAILY_NONNEGATIVE_WITH_SIGNED_HOURLY_COMPONENTS
SH-EN-ALERCE,2024-02-05,2024,36,-40.1726,24,2024020500,2024020523,17.77,14.199999999999999,14.41,17.77,14.199999999999999,14.410416666666668,0,0,0.00041666666666806407,185.26213138423759,174.69214270431488,-1.1106823347820409,404.17591331787935,1,-10.569988679922716,false,true,ADMITTED_DAILY_NONNEGATIVE_WITH_SIGNED_HOURLY_COMPONENTS
SH-EN-ALERCE,2024-02-06,2024,37,-40.1726,24,2024020600,2024020623,17.219999999999999,14.49,15.02,17.219999999999999,14.49,15.021666666666667,0,0,0.0016666666666669272,99.987975129753295,111.59637094550176,9.9063603888546368,267.23437711904535,0,11.608395815748466,false,true,ADMITTED_DAILY_NONNEGATIVE_WITH_SIGNED_HOURLY_COMPONENTS
SH-EN-ALERCE,2024-02-07,2024,38,-40.1726,24,2024020700,2024020723,16.789999999999999,11.92,7.9699999999999998,16.789999999999999,11.92,7.9716666666666667,0,0,0.0016666666666669272,583.05804577020649,548.14962107967585,197.84894825487663,923.22917104737928,0,-34.908424690530637,false,true,ADMITTED_DAILY_NONNEGATIVE_WITH_SIGNED_HOURLY_COMPONENTS
SH-EN-ALERCE,2024-02-08,2024,39,-40.1726,24,2024020800,2024020823,18.25,11.039999999999999,9.0099999999999998,18.25,11.039999999999999,9.0141666666666662,0,0,0.0041666666666664298,557.59669324881202,530.00732642056164,223.81643536094771,935.3452871248146,0,-27.589366828250377,false,true,ADMITTED_DAILY_NONNEGATIVE_WITH_SIGNED_HOURLY_COMPONENTS
SH-EN-ALERCE,2024-02-09,2024,40,-40.1726,24,2024020900,2024020923,22.57,12.109999999999999,9.8100000000000005,22.57,12.109999999999999,9.8087499999999999,0,0,-0.0012500000000006395,862.56604231347251,760.82424818428706,228.54098586245755,1625.0800530140175,0,-101.74179412918545,false,true,ADMITTED_DAILY_NONNEGATIVE_WITH_SIGNED_HOURLY_COMPONENTS
SH-EN-ALERCE,2024-02-10,2024,41,-40.1726,24,2024021000,2024021023,18.309999999999999,12.529999999999999,11.59,18.309999999999999,12.529999999999999,11.592500000000001,0,0,0.002500000000001279,413.35965091689968,404.36393106715263,78.189672772167114,689.0004982051571,0,-8.9957198497470472,false,true,ADMITTED_DAILY_NONNEGATIVE_WITH_SIGNED_HOURLY_COMPONENTS
SH-EN-ALERCE,2024-02-11,2024,42,-40.1726,24,2024021100,2024021123,17.329999999999998,11.69,11.130000000000001,17.329999999999998,11.69,11.130833333333333,0,0,0.00083333333333257542,352.28685554841604,302.37995987401416,78.008886080889397,680.46273300961116,0,-49.906895674401881,false,true,ADMITTED_DAILY_NONNEGATIVE_WITH_SIGNED_HOURLY_COMPONENTS
SH-EN-ALERCE,2024-02-12,2024,43,-40.1726,24,2024021200,2024021223,19.75,8.9700000000000006,5.6299999999999999,19.75,8.9700000000000006,5.6320833333333331,0,0,0.0020833333333332149,812.61274245990921,794.17182955440194,154.14977703097088,1471.1611625800069,0,-18.440912905507275,false,true,ADMITTED_DAILY_NONNEGATIVE_WITH_SIGNED_HOURLY_COMPONENTS
SH-EN-ALERCE,2024-02-13,2024,44,-40.1726,24,2024021300,2024021323,23.23,11.619999999999999,6.1399999999999997,23.23,11.619999999999999,6.1366666666666667,0,0,-0.0033333333333329662,1164.0697855328394,1047.2919861816179,449.39407564664532,2016.9976836513902,0,-116.77779935122157,false,true,ADMITTED_DAILY_NONNEGATIVE_WITH_SIGNED_HOURLY_COMPONENTS
SH-EN-ALERCE,2024-02-14,2024,45,-40.1726,24,2024021400,2024021423,19.059999999999999,11.75,8.9700000000000006,19.059999999999999,11.75,8.9741666666666671,0,0,0.0041666666666664298,646.88498553619024,591.37415686562179,91.807209179922893,1138.694373001199,0,-55.510828670568458,false,true,ADMITTED_DAILY_NONNEGATIVE_WITH_SIGNED_HOURLY_COMPONENTS
SH-EN-ALERCE,2024-02-15,2024,46,-40.1726,24,2024021500,2024021523,18.879999999999999,11.51,9.2799999999999994,18.879999999999999,11.51,9.2804166666666656,0,0,0.00041666666666628771,599.48221544011767,528.23194032229333,90.038261052808593,1126.4827403226473,0,-71.250275117824344,false,true,ADMITTED_DAILY_NONNEGATIVE_WITH_SIGNED_HOURLY_COMPONENTS
SH-EN-ALERCE,2024-02-16,2024,47,-40.1726,24,2024021600,2024021623,16.559999999999999,12.44,11.44,16.559999999999999,12.44,11.444583333333334,0,0,0.0045833333333344939,312.46158455924251,290.12296025237123,123.69246874288933,582.85076391862663,0,-22.338624306871282,false,true,ADMITTED_DAILY_NONNEGATIVE_WITH_SIGNED_HOURLY_COMPONENTS
SH-EN-ALERCE,2024-02-17,2024,48,-40.1726,24,2024021700,2024021723,18.260000000000002,11.859999999999999,8.8699999999999992,18.260000000000002,11.859999999999999,8.8725000000000005,0,0,0.002500000000001279,605.80415039313129,555.18536581551405,193.62557827079354,1011.24326131916,0,-50.618784577617248,false,true,ADMITTED_DAILY_NONNEGATIVE_WITH_SIGNED_HOURLY_COMPONENTS
SH-EN-ALERCE,2024-02-18,2024,49,-40.1726,24,2024021800,2024021823,20.5,10.66,7.54,20.5,10.66,7.5350000000000001,0,0,-0.0049999999999998934,807.8708869165464,773.29406792783629,156.81517043166696,1475.2362999789516,0,-34.576818988710102,false,true,ADMITTED_DAILY_NONNEGATIVE_WITH_SIGNED_HOURLY_COMPONENTS
SH-EN-ALERCE,2024-02-19,2024,50,-40.1726,24,2024021900,2024021923,21.960000000000001,12.539999999999999,10.44,21.960000000000001,12.539999999999999,10.44375,0,0,0.0037500000000001421,780.75130314504645,652.82797333896076,103.92763054061265,1410.6901779855737,0,-127.92332980608569,false,true,ADMITTED_DAILY_NONNEGATIVE_WITH_SIGNED_HOURLY_COMPONENTS
SH-EN-ALERCE,2024-02-20,2024,51,-40.1726,24,2024022000,2024022023,17.68,12.19,12.33,17.68,12.19,12.329583333333334,0,0,-0.00041666666666628771,288.15182320092754,233.74190245989507,-44.550024834283477,671.21981910302384,4,-54.409920741032465,false,true,ADMITTED_DAILY_NONNEGATIVE_WITH_SIGNED_HOURLY_COMPONENTS
SH-EN-ALERCE,2024-02-21,2024,52,-40.1726,24,2024022100,2024022123,15.33,11.460000000000001,11.83,15.33,11.460000000000001,11.835000000000001,0,0,0.0050000000000007816,160.73780603373143,175.54763536725,-64.033708628159275,408.29580786108636,2,14.809829333518564,false,true,ADMITTED_DAILY_NONNEGATIVE_WITH_SIGNED_HOURLY_COMPONENTS
SH-EN-ALERCE,2024-02-22,2024,53,-40.1726,24,2024022200,2024022223,15.81,11.06,10.609999999999999,15.81,11.06,10.606250000000001,0,0,-0.0037499999999983658,278.0793906919248,273.73278340131168,36.329332873396424,614.67138347228615,0,-4.3466072906131217,false,true,ADMITTED_DAILY_NONNEGATIVE_WITH_SIGNED_HOURLY_COMPONENTS
SH-EN-ALERCE,2024-02-23,2024,54,-40.1726,24,2024022300,2024022323,17.32,10.93,8.7699999999999996,17.32,10.93,8.7670833333333338,0,0,-0.0029166666666657903,511.65334276557132,490.71573993565539,63.877873606657886,923.64386427654767,0,-20.937602829915932,false,true,ADMITTED_DAILY_NONNEGATIVE_WITH_SIGNED_HOURLY_COMPONENTS
SH-EN-ALERCE,2024-02-24,2024,55,-40.1726,24,2024022400,2024022423,19.34,10.99,8.25,19.34,10.99,8.2537500000000001,0,0,0.0037500000000001421,686.96777702450549,611.26293790845773,261.51333324149982,1239.8246415015042,0,-75.704839116047765,false,true,ADMITTED_DAILY_NONNEGATIVE_WITH_SIGNED_HOURLY_COMPONENTS
SH-EN-ALERCE,2024-02-25,2024,56,-40.1726,24,2024022500,2024022523,18.190000000000001,11.720000000000001,9.8300000000000001,18.190000000000001,11.720000000000001,9.8312499999999989,0,0,0.0012499999999988631,518.78282736692859,460.20838488247745,27.955859288201964,1016.7376350570617,0,-58.57444248445114,false,true,ADMITTED_DAILY_NONNEGATIVE_WITH_SIGNED_HOURLY_COMPONENTS
SH-EN-ALERCE,2024-02-26,2024,57,-40.1726,24,2024022600,2024022623,16.68,10.859999999999999,11.41,16.68,10.859999999999999,11.408333333333333,0,0,-0.0016666666666669272,250.74315218574498,226.36217845253532,-13.908883099583136,579.83115415573207,2,-24.380973733209657,false,true,ADMITTED_DAILY_NONNEGATIVE_WITH_SIGNED_HOURLY_COMPONENTS
SH-EN-ALERCE,2024-02-27,2024,58,-40.1726,24,2024022700,2024022723,15.51,11.99,12.48,15.51,11.99,12.476666666666667,0,0,-0.0033333333333338544,134.31758911835186,150.19464231805821,2.7705154401512573,386.18491101286668,0,15.877053199706353,false,true,ADMITTED_DAILY_NONNEGATIVE_WITH_SIGNED_HOURLY_COMPONENTS
SH-EN-ALERCE,2024-02-28,2024,59,-40.1726,24,2024022800,2024022823,17.059999999999999,11.65,10.23,17.059999999999999,11.65,10.225,0,0,-0.0050000000000007816,410.79784268056051,394.31842957039862,29.811448119217857,767.24205260046824,0,-16.479413110161886,false,true,ADMITTED_DAILY_NONNEGATIVE_WITH_SIGNED_HOURLY_COMPONENTS
SH-EN-ALERCE,2024-02-29,2024,60,-40.1726,24,2024022900,2024022923,18.449999999999999,10.279999999999999,8.1600000000000001,18.449999999999999,10.279999999999999,8.1604166666666664,0,0,0.00041666666666628771,602.64009744135274,567.05683165915218,83.599096510834443,1140.3584724565821,0,-35.583265782200556,false,true,ADMITTED_DAILY_NONNEGATIVE_WITH_SIGNED_HOURLY_COMPONENTS
SH-EN-ALERCE,2024-03-01,2024,61,-40.1726,24,2024030100,2024030123,16.800000000000001,10.58,10.390000000000001,16.800000000000001,10.58,10.391666666666667,0,0,0.0016666666666669272,334.48351627913166,298.15959880612502,-7.6950740350005162,752.26482076661159,2,-36.323917473006645,false,true,ADMITTED_DAILY_NONNEGATIVE_WITH_SIGNED_HOURLY_COMPONENTS
SH-EN-ALERCE,2024-03-02,2024,62,-40.1726,24,2024030200,2024030223,16.25,10.82,8.1099999999999994,16.25,10.82,8.1116666666666664,0,0,0.0016666666666669272,491.47544554262231,490.66657152471777,75.724536148622974,874.33520333684669,0,-0.80887401790454305,false,true,ADMITTED_DAILY_NONNEGATIVE_WITH_SIGNED_HOURLY_COMPONENTS
SH-EN-ALERCE,2024-03-03,2024,63,-40.1726,24,2024030300,2024030323,16.649999999999999,9.3699999999999992,6.6699999999999999,16.649999999999999,9.3699999999999992,6.6691666666666665,0,0,-0.0008333333333334636,556.73815383535043,527.28290762851964,223.68240501752348,908.12036076375125,0,-29.455246206830793,false,true,ADMITTED_DAILY_NONNEGATIVE_WITH_SIGNED_HOURLY_COMPONENTS
SH-EN-ALERCE,2024-03-04,2024,64,-40.1726,24,2024030400,2024030423,19.109999999999999,8.9600000000000009,7.46,19.109999999999999,8.9600000000000009,7.4562499999999998,0,0,-0.0037500000000001421,644.79282940620101,577.11681056967734,101.07041211883779,1268.959424135367,0,-67.676018836523667,false,true,ADMITTED_DAILY_NONNEGATIVE_WITH_SIGNED_HOURLY_COMPONENTS
SH-EN-ALERCE,2024-03-05,2024,65,-40.1726,24,2024030500,2024030523,16.469999999999999,10.880000000000001,10.58,16.469999999999999,10.880000000000001,10.581249999999999,0,0,0.0012499999999988631,311.42574167248858,256.12734605268605,90.677743217463785,615.4426713004616,0,-55.298395619802534,false,true,ADMITTED_DAILY_NONNEGATIVE_WITH_SIGNED_HOURLY_COMPONENTS
SH-EN-ALERCE,2024-03-06,2024,66,-40.1726,24,2024030600,2024030623,15.02,9.6999999999999993,8.0399999999999991,15.02,9.6999999999999993,8.0395833333333329,0,0,-0.00041666666666628771,379.8236982485837,348.2181331107372,46.20475940056167,736.89331722888869,0,-31.605565137846497,false,true,ADMITTED_DAILY_NONNEGATIVE_WITH_SIGNED_HOURLY_COMPONENTS
SH-EN-ALERCE,2024-03-07,2024,67,-40.1726,24,2024030700,2024030723,13.49,8.7899999999999991,9.0199999999999996,13.49,8.7899999999999991,9.0170833333333338,0,0,-0.0029166666666657903,189.55439748630852,220.54555361715822,62.24017020772294,482.42664070701539,0,30.991156130849703,false,true,ADMITTED_DAILY_NONNEGATIVE_WITH_SIGNED_HOURLY_COMPONENTS
SH-EN-ALERCE,2024-03-08,2024,68,-40.1726,24,2024030800,2024030823,14.449999999999999,12.49,9.5600000000000005,14.449999999999999,12.49,9.5637500000000006,0,0,0.0037500000000001421,354.98725992262143,354.41491719647803,57.187454685500597,569.46276536505502,0,-0.57234272614340398,false,true,ADMITTED_DAILY_NONNEGATIVE_WITH_SIGNED_HOURLY_COMPONENTS
SH-EN-ALERCE,2024-03-09,2024,69,-40.1726,24,2024030900,2024030923,15.01,12.19,11.07,15.01,12.19,11.06875,0,0,-0.0012500000000006395,244.50394503897564,232.98784611928454,53.333146103635727,440.11323573504706,0,-11.516098919691103,false,true,ADMITTED_DAILY_NONNEGATIVE_WITH_SIGNED_HOURLY_COMPONENTS
SH-EN-ALERCE,2024-03-10,2024,70,-40.1726,24,2024031000,2024031023,15.130000000000001,11.789999999999999,11.59,15.130000000000001,11.789999999999999,11.590833333333334,0,0,0.00083333333333435178,186.37324803335605,170.38589265029785,27.408655174752994,402.71699880523556,0,-15.987355383058201,false,true,ADMITTED_DAILY_NONNEGATIVE_WITH_SIGNED_HOURLY_COMPONENTS
SH-EN-ALERCE,2024-03-11,2024,71,-40.1726,24,2024031100,2024031123,15.210000000000001,11.66,12.23,15.210000000000001,11.66,12.232916666666666,0,0,0.0029166666666657903,126.00582622607067,146.43105184224598,-9.2645254350807136,371.00562806427729,3,20.425225616175311,false,true,ADMITTED_DAILY_NONNEGATIVE_WITH_SIGNED_HOURLY_COMPONENTS
SH-EN-ALERCE,2024-03-12,2024,72,-40.1726,24,2024031200,2024031223,15.710000000000001,12.67,11.17,15.710000000000001,12.67,11.172083333333333,0,0,0.0020833333333332149,297.68915666828752,296.5218883942311,47.366062384783163,586.22630137689225,0,-1.1672682740564255,false,true,ADMITTED_DAILY_NONNEGATIVE_WITH_SIGNED_HOURLY_COMPONENTS
SH-EN-ALERCE,2024-03-13,2024,73,-40.1726,24,2024031300,2024031323,15.56,12.25,11.56,15.56,12.25,11.563750000000001,0,0,0.0037500000000001421,234.44598738027867,247.85914156740293,166.10807170942576,362.5269092121066,0,13.413154187124263,false,true,ADMITTED_DAILY_NONNEGATIVE_WITH_SIGNED_HOURLY_COMPONENTS
SH-EN-ALERCE,2024-03-14,2024,74,-40.1726,24,2024031400,2024031423,15.24,11.32,7.8399999999999999,15.24,11.32,7.8366666666666669,0,0,-0.0033333333333329662,475.25269651431427,446.49442847294705,228.78579710202166,698.42229007402352,0,-28.758268041367216,false,true,ADMITTED_DAILY_NONNEGATIVE_WITH_SIGNED_HOURLY_COMPONENTS
SH-EN-ALERCE,2024-03-15,2024,75,-40.1726,24,2024031500,2024031523,14.609999999999999,11.800000000000001,10.85,14.609999999999999,11.800000000000001,10.850416666666668,0,0,0.00041666666666806407,223.90231761871041,229.72095567192198,88.451148628570536,323.52135273456406,0,5.818638053211572,false,true,ADMITTED_DAILY_NONNEGATIVE_WITH_SIGNED_HOURLY_COMPONENTS
SH-EN-ALERCE,2024-03-16,2024,76,-40.1726,24,2024031600,2024031623,14.77,10.43,8.4399999999999995,14.77,10.43,8.4375,0,0,-0.0024999999999995026,366.68332265884374,379.70287805192106,161.35401836309688,663.16342056394251,0,13.019555393077326,false,true,ADMITTED_DAILY_NONNEGATIVE_WITH_SIGNED_HOURLY_COMPONENTS
SH-EN-ALERCE,2024-03-17,2024,77,-40.1726,24,2024031700,2024031723,15.109999999999999,10.210000000000001,7.4400000000000004,15.109999999999999,10.210000000000001,7.4437500000000005,0,0,0.0037500000000001421,448.87189671705528,419.65692598719323,205.30993741176121,693.37419030068963,0,-29.214970729862046,false,true,ADMITTED_DAILY_NONNEGATIVE_WITH_SIGNED_HOURLY_COMPONENTS
SH-EN-ALERCE,2024-03-18,2024,78,-40.1726,24,2024031800,2024031823,15.619999999999999,11.83,8.7699999999999996,15.619999999999999,11.83,8.7695833333333333,0,0,-0.00041666666666628771,450.42576111982999,401.66235623251708,133.46053239128628,691.57926830439806,0,-48.763404887312902,false,true,ADMITTED_DAILY_NONNEGATIVE_WITH_SIGNED_HOURLY_COMPONENTS
SH-EN-ALERCE,2024-03-19,2024,79,-40.1726,24,2024031900,2024031923,14.630000000000001,12.15,12.33,14.630000000000001,12.15,12.329166666666666,0,0,-0.00083333333333435178,107.44411355783541,123.46380575214482,64.354626052674575,208.14392146941668,0,16.019692194309414,false,true,ADMITTED_DAILY_NONNEGATIVE_WITH_SIGNED_HOURLY_COMPONENTS
SH-EN-ALERCE,2024-03-20,2024,80,-40.1726,24,2024032000,2024032023,14.1,8.6300000000000008,6.4400000000000004,14.1,8.6300000000000008,6.4354166666666659,0,0,-0.0045833333333344939,400.36302815731938,433.66924046658409,181.32630943776962,676.48545179141684,0,33.306212309264708,false,true,ADMITTED_DAILY_NONNEGATIVE_WITH_SIGNED_HOURLY_COMPONENTS
SH-EN-ALERCE,2024-03-21,2024,81,-40.1726,24,2024032100,2024032123,18.030000000000001,7.9000000000000004,4.5700000000000003,18.030000000000001,7.9000000000000004,4.5654166666666667,0,0,-0.0045833333333336057,720.21339604894479,672.52647133696939,165.58720891316273,1374.7699020897669,0,-47.686924711975394,false,true,ADMITTED_DAILY_NONNEGATIVE_WITH_SIGNED_HOURLY_COMPONENTS
SH-EN-ALERCE,2024-03-22,2024,82,-40.1726,24,2024032200,2024032223,15.550000000000001,11.77,11.460000000000001,15.550000000000001,11.77,11.462916666666667,0,0,0.0029166666666657903,220.65902438862872,202.37528182597418,22.76501285279187,589.89376370651826,0,-18.283742562654538,false,true,ADMITTED_DAILY_NONNEGATIVE_WITH_SIGNED_HOURLY_COMPONENTS
SH-EN-ALERCE,2024-03-23,2024,83,-40.1726,24,2024032300,2024032323,16.780000000000001,12.98,13.56,16.780000000000001,12.98,13.565,0,0,0.0049999999999990052,149.81841416342286,143.87193044677088,4.9368356105774183,412.1272950813393,0,-5.9464837166519828,false,true,ADMITTED_DAILY_NONNEGATIVE_WITH_SIGNED_HOURLY_COMPONENTS
SH-EN-ALERCE,2024-03-24,2024,84,-40.1726,24,2024032400,2024032423,18.530000000000001,12.140000000000001,11.91,18.530000000000001,12.140000000000001,11.907916666666667,0,0,-0.0020833333333332149,380.41134934261095,324.75327098085916,20.382049095219827,831.50252437140375,0,-55.658078361751791,false,true,ADMITTED_DAILY_NONNEGATIVE_WITH_SIGNED_HOURLY_COMPONENTS
SH-EN-ALERCE,2024-03-25,2024,85,-40.1726,24,2024032500,2024032523,19.91,12.390000000000001,12.6,19.91,12.390000000000001,12.594999999999999,0,0,-0.0050000000000007816,423.13607124080795,348.7359841765313,0,1127.7764980084614,0,-74.400087064276647,false,true,ADMITTED_DAILY_NONNEGATIVE_WITH_SIGNED_HOURLY_COMPONENTS
SH-EN-ALERCE,2024-03-26,2024,86,-40.1726,24,2024032600,2024032623,17.699999999999999,12.94,13.59,17.699999999999999,12.94,13.587083333333332,0,0,-0.0029166666666675667,202.07475088664978,192.26790125746996,-12.418585761901113,537.37469868567905,4,-9.8068496291798226,false,true,ADMITTED_DAILY_NONNEGATIVE_WITH_SIGNED_HOURLY_COMPONENTS
SH-EN-ALERCE,2024-03-27,2024,87,-40.1726,24,2024032700,2024032723,18.780000000000001,11.49,10.619999999999999,18.780000000000001,11.49,10.624166666666666,0,0,0.0041666666666664298,481.82930308345635,424.97660756101158,37.252928317648866,987.16499059184071,0,-56.852695522444776,false,true,ADMITTED_DAILY_NONNEGATIVE_WITH_SIGNED_HOURLY_COMPONENTS
SH-EN-ALERCE,2024-03-28,2024,88,-40.1726,24,2024032800,2024032823,18.609999999999999,11.82,11.449999999999999,18.609999999999999,11.82,11.452500000000001,0,0,0.002500000000001279,412.74850037504825,368.84435548551937,23.628439717363563,1011.2211065544006,0,-43.90414488952888,false,true,ADMITTED_DAILY_NONNEGATIVE_WITH_SIGNED_HOURLY_COMPONENTS
SH-EN-ALERCE,2024-03-29,2024,89,-40.1726,24,2024032900,2024032923,15.800000000000001,11.18,8.75,15.800000000000001,11.18,8.7512500000000006,0,0,0.0012500000000006395,433.03142170326714,408.73248452544266,78.160334135973926,783.65784665244746,0,-24.298937177824484,false,true,ADMITTED_DAILY_NONNEGATIVE_WITH_SIGNED_HOURLY_COMPONENTS
SH-EN-ALERCE,2024-03-30,2024,90,-40.1726,24,2024033000,2024033023,15.52,9.8000000000000007,7.5899999999999999,15.52,9.8000000000000007,7.5883333333333338,0,0,-0.001666666666666039,444.26401856179291,412.86692024956045,165.56878079127227,782.55153377155682,0,-31.397098312232458,false,true,ADMITTED_DAILY_NONNEGATIVE_WITH_SIGNED_HOURLY_COMPONENTS
SH-EN-ALERCE,2024-03-31,2024,91,-40.1726,24,2024033100,2024033123,14.640000000000001,8.4600000000000009,6.3399999999999999,14.640000000000001,8.4600000000000009,6.3433333333333337,0,0,0.0033333333333338544,429.18250177635309,380.31952300000279,136.81555944916249,779.98064794767288,0,-48.862978776350303,false,true,ADMITTED_DAILY_NONNEGATIVE_WITH_SIGNED_HOURLY_COMPONENTS
SH-EN-ALERCE,2024-04-01,2024,92,-40.1726,24,2024040100,2024040123,14.74,8.0299999999999994,6.29,14.74,8.0299999999999994,6.291666666666667,0,0,0.0016666666666669272,421.93516209194081,378.29234836442197,114.30252534020292,788.120261551515,0,-43.642813727518842,false,true,ADMITTED_DAILY_NONNEGATIVE_WITH_SIGNED_HOURLY_COMPONENTS
SH-EN-ALERCE,2024-04-02,2024,93,-40.1726,24,2024040200,2024040223,14.529999999999999,11.23,9.8900000000000006,14.529999999999999,11.23,9.8854166666666661,0,0,-0.0045833333333344939,274.73090665916402,275.04157472461355,105.06234792646524,420.91012076852553,0,0.31066806544953351,false,true,ADMITTED_DAILY_NONNEGATIVE_WITH_SIGNED_HOURLY_COMPONENTS
SH-EN-ALERCE,2024-04-03,2024,94,-40.1726,24,2024040300,2024040323,13.6,11.539999999999999,8.4399999999999995,13.6,11.539999999999999,8.4450000000000003,0,0,0.0050000000000007816,353.73688561308472,375.21013540516293,168.0851828443831,509.26843616558813,0,21.473249792078207,false,true,ADMITTED_DAILY_NONNEGATIVE_WITH_SIGNED_HOURLY_COMPONENTS
SH-EN-ALERCE,2024-04-04,2024,95,-40.1726,24,2024040400,2024040423,14.35,11.470000000000001,11.529999999999999,14.35,11.470000000000001,11.532916666666667,0,0,0.0029166666666675667,135.10202047020289,168.75535211294985,94.710345311971423,296.15552155898877,0,33.653331642746963,false,true,ADMITTED_DAILY_NONNEGATIVE_WITH_SIGNED_HOURLY_COMPONENTS
SH-EN-ALERCE,2024-04-05,2024,96,-40.1726,24,2024040500,2024040523,16.059999999999999,9.9800000000000004,9.8699999999999992,16.059999999999999,9.9800000000000004,9.8733333333333331,0,0,0.0033333333333338544,308.48603631690207,255.07315234766273,66.571711639848445,618.53542064394082,0,-53.412883969239346,false,true,ADMITTED_DAILY_NONNEGATIVE_WITH_SIGNED_HOURLY_COMPONENTS
SH-EN-ALERCE,2024-04-06,2024,97,-40.1726,24,2024040600,2024040623,15.119999999999999,11.56,11.880000000000001,15.119999999999999,11.56,11.879166666666668,0,0,-0.00083333333333257542,148.97147616780035,150.51640004737149,79.149717444850921,315.07692252948482,0,1.5449238795711437,false,true,ADMITTED_DAILY_NONNEGATIVE_WITH_SIGNED_HOURLY_COMPONENTS
SH-EN-ALERCE,2024-04-07,2024,98,-40.1726,24,2024040700,2024040723,15.59,12.98,12.800000000000001,15.59,12.98,12.800833333333332,0,0,0.00083333333333079906,155.22421643636085,127.37098354732166,-13.284047958427891,300.86573842784355,1,-27.853232889039191,false,true,ADMITTED_DAILY_NONNEGATIVE_WITH_SIGNED_HOURLY_COMPONENTS
SH-EN-ALERCE,2024-04-08,2024,99,-40.1726,24,2024040800,2024040823,14.73,8.9100000000000001,9.6300000000000008,14.73,8.9100000000000001,9.6341666666666672,0,0,0.0041666666666664298,210.6666522322214,281.95334090807955,22.719172628491378,617.67097003793037,0,71.286688675858159,false,true,ADMITTED_DAILY_NONNEGATIVE_WITH_SIGNED_HOURLY_COMPONENTS
SH-EN-ALERCE,2024-04-09,2024,100,-40.1726,24,2024040900,2024040923,14.550000000000001,6.7699999999999996,4.2699999999999996,14.550000000000001,6.7699999999999996,4.2704166666666667,0,0,0.00041666666666717589,492.50803857198878,430.53511314679827,146.76324458120689,875.6651224120219,0,-61.97292542519051,false,true,ADMITTED_DAILY_NONNEGATIVE_WITH_SIGNED_HOURLY_COMPONENTS
SH-EN-ALERCE,2024-04-10,2024,101,-40.1726,24,2024041000,2024041023,17.43,7.8899999999999997,4.2800000000000002,17.43,7.8899999999999997,4.2837500000000004,0,0,0.0037500000000001421,698.53401139864786,653.49207885971248,171.98827019667226,1151.1958264424575,0,-45.041932538935384,false,true,ADMITTED_DAILY_NONNEGATIVE_WITH_SIGNED_HOURLY_COMPONENTS
SH-EN-ALERCE,2024-04-11,2024,102,-40.1726,24,2024041100,2024041123,17.32,9.2599999999999998,5.2199999999999998,17.32,9.2599999999999998,5.2245833333333334,0,0,0.0045833333333336057,687.08062879226588,612.07836325408857,314.42337408081016,1127.9342858222444,0,-75.002265538177312,false,true,ADMITTED_DAILY_NONNEGATIVE_WITH_SIGNED_HOURLY_COMPONENTS
SH-EN-ALERCE,2024-04-12,2024,103,-40.1726,24,2024041200,2024041223,17.030000000000001,8.4199999999999999,7.3899999999999997,17.030000000000001,8.4199999999999999,7.3912499999999994,0,0,0.0012499999999997513,493.62394624483204,464.2219116298732,87.447478406857954,932.65770550815864,0,-29.402034614958836,false,true,ADMITTED_DAILY_NONNEGATIVE_WITH_SIGNED_HOURLY_COMPONENTS
SH-EN-ALERCE,2024-04-13,2024,104,-40.1726,24,2024041300,2024041323,20.890000000000001,10.800000000000001,8.4100000000000001,20.890000000000001,10.800000000000001,8.4104166666666664,0,0,0.00041666666666628771,779.71187172144869,656.15121835801517,248.91104954822231,1352.8473965793435,0,-123.56065336343352,false,true,ADMITTED_DAILY_NONNEGATIVE_WITH_SIGNED_HOURLY_COMPONENTS
SH-EN-ALERCE,2024-04-14,2024,105,-40.1726,24,2024041400,2024041423,19.800000000000001,11.369999999999999,8.2599999999999998,19.800000000000001,11.369999999999999,8.2591666666666672,0,0,-0.00083333333333257542,735.50543086015296,565.27204956845821,174.15103673978842,1328.7570587187215,0,-170.23338129169474,false,true,ADMITTED_DAILY_NONNEGATIVE_WITH_SIGNED_HOURLY_COMPONENTS
SH-EN-ALERCE,2024-04-15,2024,106,-40.1726,24,2024041500,2024041523,14.380000000000001,10.82,11.34,14.380000000000001,10.82,11.342083333333333,0,0,0.0020833333333332149,125.09429186955572,127.15828337194922,-24.375525174850964,312.59475742623295,2,2.063991502393506,false,true,ADMITTED_DAILY_NONNEGATIVE_WITH_SIGNED_HOURLY_COMPONENTS
SH-EN-ALERCE,2024-04-16,2024,107,-40.1726,24,2024041600,2024041623,13.75,9.8499999999999996,10.789999999999999,13.75,9.8499999999999996,10.789583333333333,0,0,-0.00041666666666628771,99.761997426104926,137.35807461605896,74.081779022114688,269.56441554198341,0,37.59607718995403,false,true,ADMITTED_DAILY_NONNEGATIVE_WITH_SIGNED_HOURLY_COMPONENTS
SH-EN-ALERCE,2024-04-17,2024,108,-40.1726,24,2024041700,2024041723,12.890000000000001,9.4800000000000004,8.1099999999999994,12.890000000000001,9.4800000000000004,8.1099999999999994,0,0,0,255.59327770044388,223.82709982245333,-3.3089428417179079,453.78746881490201,1,-31.766177877990543,false,true,ADMITTED_DAILY_NONNEGATIVE_WITH_SIGNED_HOURLY_COMPONENTS
SH-EN-ALERCE,2024-04-18,2024,109,-40.1726,24,2024041800,2024041823,13.69,10.300000000000001,10.43,13.69,10.300000000000001,10.430416666666668,0,0,0.00041666666666806407,146.00063048753668,196.25399360338511,-27.053934092096597,431.54723270494128,2,50.25336311584843,false,true,ADMITTED_DAILY_NONNEGATIVE_WITH_SIGNED_HOURLY_COMPONENTS
SH-EN-ALERCE,2024-04-19,2024,110,-40.1726,24,2024041900,2024041923,12.880000000000001,9.9199999999999999,7.8300000000000001,12.880000000000001,9.9199999999999999,7.8312499999999998,0,0,0.0012499999999997513,293.31366840116198,323.36592489229992,189.87683671795344,480.90080983328403,0,30.052256491137939,false,true,ADMITTED_DAILY_NONNEGATIVE_WITH_SIGNED_HOURLY_COMPONENTS
SH-EN-ALERCE,2024-04-20,2024,111,-40.1726,24,2024042000,2024042023,13.779999999999999,9.3100000000000005,6.9900000000000002,13.779999999999999,9.3100000000000005,6.9887499999999996,0,0,-0.0012500000000006395,372.95459302648987,348.37471061399879,139.08588878502246,594.51795186611116,0,-24.579882412491088,false,true,ADMITTED_DAILY_NONNEGATIVE_WITH_SIGNED_HOURLY_COMPONENTS
SH-EN-ALERCE,2024-04-21,2024,112,-40.1726,24,2024042100,2024042123,15.619999999999999,8.7699999999999996,6.9500000000000002,15.619999999999999,8.7699999999999996,6.9537500000000003,0,0,0.0037500000000001421,454.05789213198898,400.18214501452417,131.86501110401571,855.57256630279289,0,-53.875747117464812,false,true,ADMITTED_DAILY_NONNEGATIVE_WITH_SIGNED_HOURLY_COMPONENTS
SH-EN-ALERCE,2024-04-22,2024,113,-40.1726,24,2024042200,2024042223,12.24,9.7699999999999996,8.1099999999999994,12.24,9.7699999999999996,8.105833333333333,0,0,-0.0041666666666664298,236.20739188593438,205.05088443763245,95.229237176543847,369.55578678351981,0,-31.156507448301937,false,true,ADMITTED_DAILY_NONNEGATIVE_WITH_SIGNED_HOURLY_COMPONENTS
SH-EN-ALERCE,2024-04-23,2024,114,-40.1726,24,2024042300,2024042323,12.67,9.8200000000000003,5.8799999999999999,12.67,9.8200000000000003,5.8783333333333339,0,0,-0.001666666666666039,412.11762514780787,373.51321669887989,207.20985088346322,597.68621324613434,0,-38.604408448927984,false,true,ADMITTED_DAILY_NONNEGATIVE_WITH_SIGNED_HOURLY_COMPONENTS
SH-EN-ALERCE,2024-04-24,2024,115,-40.1726,24,2024042400,2024042423,13.67,10.369999999999999,10.220000000000001,13.67,10.369999999999999,10.219583333333334,0,0,-0.00041666666666628771,165.53316016393319,159.8467348745248,81.271331572999088,270.55987550520945,0,-5.6864252894083904,false,true,ADMITTED_DAILY_NONNEGATIVE_WITH_SIGNED_HOURLY_COMPONENTS
SH-EN-ALERCE,2024-04-25,2024,116,-40.1726,24,2024042500,2024042523,13.65,10.32,9.7300000000000004,13.65,10.32,9.7312500000000011,0,0,0.0012500000000006395,202.67841173354464,246.87392950541178,138.65593461973299,407.66336353061047,0,44.195517771867145,false,true,ADMITTED_DAILY_NONNEGATIVE_WITH_SIGNED_HOURLY_COMPONENTS
SH-EN-ALERCE,2024-04-26,2024,117,-40.1726,24,2024042600,2024042623,10.83,9.7799999999999994,6.2199999999999998,10.83,9.7799999999999994,6.2225000000000001,0,0,0.0025000000000003908,304.51710548579672,299.24666914249633,220.6055156990335,370.09622542357056,0,-5.2704363433003891,false,true,ADMITTED_DAILY_NONNEGATIVE_WITH_SIGNED_HOURLY_COMPONENTS
SH-EN-ALERCE,2024-04-27,2024,118,-40.1726,24,2024042700,2024042723,11.300000000000001,9.3699999999999992,7.0499999999999998,11.300000000000001,9.3699999999999992,7.0508333333333333,0,0,0.0008333333333334636,252.79496457336938,266.6446535199247,138.20771373175376,421.24302213397084,0,13.849688946555318,false,true,ADMITTED_DAILY_NONNEGATIVE_WITH_SIGNED_HOURLY_COMPONENTS
SH-EN-ALERCE,2024-04-28,2024,119,-40.1726,24,2024042800,2024042823,12.359999999999999,11.369999999999999,10.41,12.359999999999999,11.369999999999999,10.412083333333333,0,0,0.0020833333333332149,128.66879265635771,129.9678732312984,101.77880792203496,190.02403990088555,0,1.2990805749406888,false,true,ADMITTED_DAILY_NONNEGATIVE_WITH_SIGNED_HOURLY_COMPONENTS
SH-EN-ALERCE,2024-04-29,2024,120,-40.1726,24,2024042900,2024042923,12.65,8.3100000000000005,7.9699999999999998,12.65,8.3100000000000005,7.9683333333333337,0,0,-0.001666666666666039,209.14738825061363,200.4799465352045,99.31982791816381,338.97650553664778,0,-8.6674417154091259,false,true,ADMITTED_DAILY_NONNEGATIVE_WITH_SIGNED_HOURLY_COMPONENTS
SH-EN-ALERCE,2024-04-30,2024,121,-40.1726,24,2024043000,2024043023,9.9399999999999995,8.0299999999999994,4.3899999999999997,9.9399999999999995,8.0299999999999994,4.3899999999999997,0,0,0,313.14124975578704,299.37525376544431,172.00605562681153,457.70558617590234,0,-13.765995990342731,false,true,ADMITTED_DAILY_NONNEGATIVE_WITH_SIGNED_HOURLY_COMPONENTS
SH-EN-ALERCE,2024-05-01,2024,122,-40.1726,24,2024050100,2024050123,9.4299999999999997,6.8799999999999999,4.8499999999999996,9.4299999999999997,6.8799999999999999,4.8520833333333337,0,0,0.0020833333333341031,224.51702497160704,234.90871111179001,91.651316831246163,358.69047478731784,0,10.391686140182969,false,true,ADMITTED_DAILY_NONNEGATIVE_WITH_SIGNED_HOURLY_COMPONENTS
SH-EN-ALERCE,2024-05-02,2024,123,-40.1726,24,2024050200,2024050223,10.83,7.3600000000000003,3.5800000000000001,10.83,7.3600000000000003,3.5837500000000002,0,0,0.0037500000000001421,372.89343775182215,350.80355746013487,174.47573974619695,550.40825157174311,0,-22.08988029168728,false,true,ADMITTED_DAILY_NONNEGATIVE_WITH_SIGNED_HOURLY_COMPONENTS
SH-EN-ALERCE,2024-05-03,2024,124,-40.1726,24,2024050300,2024050323,11.449999999999999,7.6699999999999999,8.8100000000000005,11.449999999999999,7.6699999999999999,8.8133333333333344,0,0,0.0033333333333338544,67.290270127955864,119.10732339417876,80.992951158728602,210.10526120240422,0,51.817053266222899,false,true,ADMITTED_DAILY_NONNEGATIVE_WITH_SIGNED_HOURLY_COMPONENTS
SH-EN-ALERCE,2024-05-04,2024,125,-40.1726,24,2024050400,2024050423,10.630000000000001,9.0999999999999996,5.4299999999999997,10.630000000000001,9.0999999999999996,5.42875,0,0,-0.0012499999999997513,319.46404813184859,321.93792656244659,182.64373988693683,434.30371835430174,0,2.4738784305980062,false,true,ADMITTED_DAILY_NONNEGATIVE_WITH_SIGNED_HOURLY_COMPONENTS
SH-EN-ALERCE,2024-05-05,2024,126,-40.1726,24,2024050500,2024050523,10.699999999999999,7.75,5.6600000000000001,10.699999999999999,7.75,5.6625000000000005,0,0,0.0025000000000003908,257.37707769183658,217.55537164175436,105.31530151875336,337.29081595111188,0,-39.821706050082213,false,true,ADMITTED_DAILY_NONNEGATIVE_WITH_SIGNED_HOURLY_COMPONENTS
SH-EN-ALERCE,2024-05-06,2024,127,-40.1726,24,2024050600,2024050623,11.050000000000001,9.0899999999999999,9.0099999999999998,11.050000000000001,9.0899999999999999,9.0062499999999996,0,0,-0.0037500000000001421,87.235121496731836,120.40060823671801,89.522213794726895,181.60790759889403,0,33.165486739986179,false,true,ADMITTED_DAILY_NONNEGATIVE_WITH_SIGNED_HOURLY_COMPONENTS
SH-EN-ALERCE,2024-05-07,2024,128,-40.1726,24,2024050700,2024050723,9.3599999999999994,7.1299999999999999,5.3200000000000003,9.3599999999999994,7.1299999999999999,5.3200000000000003,0,0,0,201.57023683311513,197.7179821652131,116.98300290130169,294.79493821926417,0,-3.8522546679020309,false,true,ADMITTED_DAILY_NONNEGATIVE_WITH_SIGNED_HOURLY_COMPONENTS
SH-EN-ALERCE,2024-05-08,2024,129,-40.1726,24,2024050800,2024050823,10.470000000000001,7.79,7.5499999999999998,10.470000000000001,7.79,7.5508333333333333,0,0,0.0008333333333334636,122.01897123395338,158.51447931197612,90.102477492752769,225.28394572019602,0,36.495508078022738,false,true,ADMITTED_DAILY_NONNEGATIVE_WITH_SIGNED_HOURLY_COMPONENTS
SH-EN-ALERCE,2024-05-09,2024,130,-40.1726,24,2024050900,2024050923,11.5,8.9499999999999993,7.1399999999999997,11.5,8.9499999999999993,7.135416666666667,0,0,-0.0045833333333327175,239.05662536248406,223.56105608050538,86.590623581131922,394.68048673313274,0,-15.495569281978675,false,true,ADMITTED_DAILY_NONNEGATIVE_WITH_SIGNED_HOURLY_COMPONENTS
SH-EN-ALERCE,2024-05-10,2024,131,-40.1726,24,2024051000,2024051023,10.09,8.7699999999999996,6.6100000000000003,10.09,8.7699999999999996,6.6137499999999996,0,0,0.0037499999999992539,207.52270150826166,197.94696069573612,150.28736262832035,231.97765742519937,0,-9.5757408125255381,false,true,ADMITTED_DAILY_NONNEGATIVE_WITH_SIGNED_HOURLY_COMPONENTS
SH-EN-ALERCE,2024-05-11,2024,132,-40.1726,24,2024051100,2024051123,10.359999999999999,7.4800000000000004,6.4000000000000004,10.359999999999999,7.4800000000000004,6.4012500000000001,0,0,0.0012499999999997513,185.30890939414087,165.257297421874,64.712774450565803,342.28104864783018,0,-20.051611972266869,false,true,ADMITTED_DAILY_NONNEGATIVE_WITH_SIGNED_HOURLY_COMPONENTS
SH-EN-ALERCE,2024-05-12,2024,133,-40.1726,24,2024051200,2024051223,10.17,5.3899999999999997,4.25,10.17,5.3899999999999997,4.2516666666666669,0,0,0.0016666666666669272,241.50066976869687,200.86665250848492,97.505087592364134,457.49513910831752,0,-40.634017260211948,false,true,ADMITTED_DAILY_NONNEGATIVE_WITH_SIGNED_HOURLY_COMPONENTS
SH-EN-ALERCE,2024-05-13,2024,134,-40.1726,24,2024051300,2024051323,11.91,5.1399999999999997,2.4100000000000001,11.91,5.1399999999999997,2.4112499999999999,0,0,0.0012499999999997513,410.95065163493882,325.76276216206139,118.66371658803757,749.30703191874579,0,-85.18788947287743,false,true,ADMITTED_DAILY_NONNEGATIVE_WITH_SIGNED_HOURLY_COMPONENTS
SH-EN-ALERCE,2024-05-14,2024,135,-40.1726,24,2024051400,2024051423,11.869999999999999,4.71,2.3100000000000001,11.869999999999999,4.71,2.3075000000000001,0,0,-0.0024999999999999467,401.24711338926215,332.02914986060125,137.98038615525127,697.96717859662385,0,-69.217963528660903,false,true,ADMITTED_DAILY_NONNEGATIVE_WITH_SIGNED_HOURLY_COMPONENTS
SH-EN-ALERCE,2024-05-15,2024,136,-40.1726,24,2024051500,2024051523,11.69,4.3499999999999996,4.4199999999999999,11.69,4.3499999999999996,4.4233333333333329,0,0,0.0033333333333329662,266.21404908483385,220.75382510742406,16.054829420269243,619.49251144967877,0,-45.460223977409782,false,true,ADMITTED_DAILY_NONNEGATIVE_WITH_SIGNED_HOURLY_COMPONENTS
SH-EN-ALERCE,2024-05-16,2024,137,-40.1726,24,2024051600,2024051623,10.99,7.1900000000000004,6.1500000000000004,10.99,7.1900000000000004,6.1533333333333333,0,0,0.0033333333333329662,218.55834852627663,179.94069378236574,65.29310827410427,398.50800192995905,0,-38.61765474391089,false,true,ADMITTED_DAILY_NONNEGATIVE_WITH_SIGNED_HOURLY_COMPONENTS
SH-EN-ALERCE,2024-05-17,2024,138,-40.1726,24,2024051700,2024051723,13.029999999999999,5.6600000000000001,4.8399999999999999,13.029999999999999,5.6600000000000001,4.8408333333333333,0,0,0.0008333333333334636,344.4026231216277,272.65904550404849,67.570662810954559,743.48397331782655,0,-71.743577617579206,false,true,ADMITTED_DAILY_NONNEGATIVE_WITH_SIGNED_HOURLY_COMPONENTS
SH-EN-ALERCE,2024-05-18,2024,139,-40.1726,24,2024051800,2024051823,10.220000000000001,7.7000000000000002,6.2000000000000002,10.220000000000001,7.7000000000000002,6.1970833333333326,0,0,-0.0029166666666675667,200.47805972374033,185.92252587307019,78.386968915991474,315.59603635282565,0,-14.555533850670145,false,true,ADMITTED_DAILY_NONNEGATIVE_WITH_SIGNED_HOURLY_COMPONENTS
SH-EN-ALERCE,2024-05-19,2024,140,-40.1726,24,2024051900,2024051923,10.56,8.3300000000000001,8.3000000000000007,10.56,8.3300000000000001,8.2991666666666664,0,0,-0.00083333333333435178,91.078957363949485,76.974454063835552,54.463545367035294,108.97883872114426,0,-14.104503300113933,false,true,ADMITTED_DAILY_NONNEGATIVE_WITH_SIGNED_HOURLY_COMPONENTS
SH-EN-ALERCE,2024-05-20,2024,141,-40.1726,24,2024052000,2024052023,10.69,8.8800000000000008,7.3600000000000003,10.69,8.8800000000000008,7.3566666666666665,0,0,-0.0033333333333338544,185.45169989535293,187.12182847063411,94.895217615574666,294.91020498157832,0,1.6701285752811827,false,true,ADMITTED_DAILY_NONNEGATIVE_WITH_SIGNED_HOURLY_COMPONENTS
SH-EN-ALERCE,2024-05-21,2024,142,-40.1726,24,2024052100,2024052123,10.949999999999999,8.4499999999999993,6.9500000000000002,10.949999999999999,8.4499999999999993,6.947916666666667,0,0,-0.0020833333333332149,208.80206348437048,204.51962521456582,136.49933395547737,340.3804631801479,0,-4.2824382698046577,false,true,ADMITTED_DAILY_NONNEGATIVE_WITH_SIGNED_HOURLY_COMPONENTS
SH-EN-ALERCE,2024-05-22,2024,143,-40.1726,24,2024052200,2024052223,10.880000000000001,6.6600000000000001,5.6500000000000004,10.880000000000001,6.6600000000000001,5.6504166666666675,0,0,0.00041666666666717589,227.80259315859394,188.23469009970009,52.623092377374974,422.63482307132483,0,-39.567903058893847,false,true,ADMITTED_DAILY_NONNEGATIVE_WITH_SIGNED_HOURLY_COMPONENTS
SH-EN-ALERCE,2024-05-23,2024,144,-40.1726,24,2024052300,2024052323,9.3900000000000006,4.3700000000000001,4.0700000000000003,9.3900000000000006,4.3700000000000001,4.0704166666666666,0,0,0.00041666666666628771,189.39634618310959,171.98832717633664,72.843894192193829,429.98861727968938,0,-17.408019006772946,false,true,ADMITTED_DAILY_NONNEGATIVE_WITH_SIGNED_HOURLY_COMPONENTS
SH-EN-ALERCE,2024-05-24,2024,145,-40.1726,24,2024052400,2024052423,9.8699999999999992,3.7400000000000002,1.9099999999999999,9.8699999999999992,3.7400000000000002,1.9095833333333332,0,0,-0.0004166666666667318,306.79282087315505,266.40047196024449,65.529446781552451,618.40465346510541,0,-40.392348912910563,false,true,ADMITTED_DAILY_NONNEGATIVE_WITH_SIGNED_HOURLY_COMPONENTS
SH-EN-ALERCE,2024-05-25,2024,146,-40.1726,24,2024052500,2024052523,12.09,5.9000000000000004,5.1200000000000001,12.09,5.9000000000000004,5.1158333333333337,0,0,-0.0041666666666664298,290.13723958879052,249.0823464067922,130.31763364496817,486.14985491120751,0,-41.054893181998324,false,true,ADMITTED_DAILY_NONNEGATIVE_WITH_SIGNED_HOURLY_COMPONENTS
SH-EN-ALERCE,2024-05-26,2024,147,-40.1726,24,2024052600,2024052623,12.050000000000001,6.1500000000000004,5.4199999999999999,12.050000000000001,6.1500000000000004,5.416666666666667,0,0,-0.0033333333333329662,277.81154285751791,257.51190161007571,74.698402984992867,523.51265134515188,0,-20.299641247442196,false,true,ADMITTED_DAILY_NONNEGATIVE_WITH_SIGNED_HOURLY_COMPONENTS
SH-EN-ALERCE,2024-05-27,2024,148,-40.1726,24,2024052700,2024052723,11.18,8.2799999999999994,8.1400000000000006,11.18,8.2799999999999994,8.1445833333333333,0,0,0.0045833333333327175,127.91055445356164,106.15202537795197,14.810674543232153,201.9793463112087,0,-21.758529075609673,false,true,ADMITTED_DAILY_NONNEGATIVE_WITH_SIGNED_HOURLY_COMPONENTS
SH-EN-ALERCE,2024-05-28,2024,149,-40.1726,24,2024052800,2024052823,11.99,9.2799999999999994,9.0999999999999996,11.99,9.2799999999999994,9.1025000000000009,0,0,0.002500000000001279,129.95941724362979,114.13420222207696,14.89886076923176,277.42794194986789,0,-15.825215021552822,false,true,ADMITTED_DAILY_NONNEGATIVE_WITH_SIGNED_HOURLY_COMPONENTS
SH-EN-ALERCE,2024-05-29,2024,150,-40.1726,24,2024052900,2024052923,11.17,8.6799999999999997,5.2199999999999998,11.17,8.6799999999999997,5.2229166666666664,0,0,0.0029166666666666785,339.75122946477666,319.23903739650319,254.0648398648342,440.41594989326052,0,-20.512192068273464,false,true,ADMITTED_DAILY_NONNEGATIVE_WITH_SIGNED_HOURLY_COMPONENTS
SH-EN-ALERCE,2024-05-30,2024,151,-40.1726,24,2024053000,2024053023,10.99,6.8799999999999999,5.2800000000000002,10.99,6.8799999999999999,5.2754166666666666,0,0,-0.0045833333333336057,263.2292958812443,262.33851363074524,115.21420748667299,427.78629811522285,0,-0.89078225049905768,false,true,ADMITTED_DAILY_NONNEGATIVE_WITH_SIGNED_HOURLY_COMPONENTS
SH-EN-ALERCE,2024-05-31,2024,152,-40.1726,24,2024053100,2024053123,10.18,7.4299999999999997,7.2300000000000004,10.18,7.4299999999999997,7.2254166666666668,0,0,-0.0045833333333336057,119.54861030641212,123.74453787034504,82.659270463361622,202.94360071821905,0,4.1959275639329263,false,true,ADMITTED_DAILY_NONNEGATIVE_WITH_SIGNED_HOURLY_COMPONENTS
SH-EN-ALERCE,2024-06-01,2024,153,-40.1726,24,2024060100,2024060123,9.7200000000000006,7.4400000000000004,5.9000000000000004,9.7200000000000006,7.4400000000000004,5.8962499999999993,0,0,-0.0037500000000010303,190.16741007486667,192.05839121968526,119.84243743895081,256.975113551351,0,1.8909811448185962,false,true,ADMITTED_DAILY_NONNEGATIVE_WITH_SIGNED_HOURLY_COMPONENTS
SH-EN-ALERCE,2024-06-02,2024,154,-40.1726,24,2024060200,2024060223,11.300000000000001,6.1799999999999997,3.5800000000000001,11.300000000000001,6.1799999999999997,3.5850000000000004,0,0,0.0050000000000003375,353.4432694699658,306.9779867348422,68.048502491404633,622.80513802155281,0,-46.465282735123594,false,true,ADMITTED_DAILY_NONNEGATIVE_WITH_SIGNED_HOURLY_COMPONENTS
SH-EN-ALERCE,2024-06-03,2024,155,-40.1726,24,2024060300,2024060323,10.58,7.3600000000000003,5.3899999999999997,10.58,7.3600000000000003,5.3912499999999994,0,0,0.0012499999999997513,255.35828530714741,235.61550757750163,100.42015613110198,362.18382872316351,0,-19.74277772964578,false,true,ADMITTED_DAILY_NONNEGATIVE_WITH_SIGNED_HOURLY_COMPONENTS
SH-EN-ALERCE,2024-06-04,2024,156,-40.1726,24,2024060400,2024060423,13.49,9.0899999999999999,9.7300000000000004,13.49,9.0899999999999999,9.7312500000000011,0,0,0.0012500000000006395,144.83806897094541,158.40535293674873,75.462402076554554,242.44799085521754,0,13.567283965803313,false,true,ADMITTED_DAILY_NONNEGATIVE_WITH_SIGNED_HOURLY_COMPONENTS
SH-EN-ALERCE,2024-06-05,2024,157,-40.1726,24,2024060500,2024060523,12.789999999999999,11.99,11.9,12.789999999999999,11.99,11.895416666666668,0,0,-0.0045833333333327175,46.137398059145198,42.886325622371821,24.805139938381899,83.108668869276926,0,-3.2510724367733772,false,true,ADMITTED_DAILY_NONNEGATIVE_WITH_SIGNED_HOURLY_COMPONENTS
SH-EN-ALERCE,2024-06-06,2024,158,-40.1726,24,2024060600,2024060623,13.4,12.279999999999999,11.949999999999999,13.4,12.279999999999999,11.948749999999999,0,0,-0.0012500000000006395,85.0957639141443,65.813260004751626,34.408482818165794,171.4179477888008,0,-19.282503909392673,false,true,ADMITTED_DAILY_NONNEGATIVE_WITH_SIGNED_HOURLY_COMPONENTS
SH-EN-ALERCE,2024-06-07,2024,159,-40.1726,24,2024060700,2024060723,12.699999999999999,11.48,11.4,12.699999999999999,11.48,11.400416666666667,0,0,0.00041666666666628771,63.882272977540879,60.784084374218537,15.241607510556378,113.44039559092016,0,-3.0981886033223418,false,true,ADMITTED_DAILY_NONNEGATIVE_WITH_SIGNED_HOURLY_COMPONENTS
SH-EN-ALERCE,2024-06-08,2024,160,-40.1726,24,2024060800,2024060823,12.93,10.66,10.779999999999999,12.93,10.66,10.777083333333332,0,0,-0.0029166666666675667,93.492646712175429,87.490687856532929,52.653634188601245,115.06529867807262,0,-6.0019588556424992,false,true,ADMITTED_DAILY_NONNEGATIVE_WITH_SIGNED_HOURLY_COMPONENTS
SH-EN-ALERCE,2024-06-09,2024,161,-40.1726,24,2024060900,2024060923,11.66,10.18,10.119999999999999,11.66,10.18,10.115833333333333,0,0,-0.0041666666666664298,69.268054270461334,82.400702828321656,59.659924759852402,116.54231211504816,0,13.132648557860321,false,true,ADMITTED_DAILY_NONNEGATIVE_WITH_SIGNED_HOURLY_COMPONENTS
SH-EN-ALERCE,2024-06-10,2024,162,-40.1726,24,2024061000,2024061023,12.51,10.07,10.140000000000001,12.51,10.07,10.137083333333333,0,0,-0.0029166666666675667,102.55363735016726,116.78103311410057,38.508183767621858,168.00746479836971,0,14.227395763933302,false,true,ADMITTED_DAILY_NONNEGATIVE_WITH_SIGNED_HOURLY_COMPONENTS
SH-EN-ALERCE,2024-06-11,2024,163,-40.1726,24,2024061100,2024061123,12.43,10.970000000000001,10.68,12.43,10.970000000000001,10.680416666666666,0,0,0.00041666666666628771,91.413685632665874,78.38226442522371,23.331154435828694,212.39746569525414,0,-13.031421207442165,false,true,ADMITTED_DAILY_NONNEGATIVE_WITH_SIGNED_HOURLY_COMPONENTS
SH-EN-ALERCE,2024-06-12,2024,164,-40.1726,24,2024061200,2024061223,12.93,11.06,11.32,12.93,11.06,11.317083333333334,0,0,-0.0029166666666657903,63.543459027597009,72.912949773846108,40.788411884693687,105.54482096338415,0,9.3694907462490988,false,true,ADMITTED_DAILY_NONNEGATIVE_WITH_SIGNED_HOURLY_COMPONENTS
SH-EN-ALERCE,2024-06-13,2024,165,-40.1726,24,2024061300,2024061323,12.140000000000001,10.720000000000001,10.81,12.140000000000001,10.720000000000001,10.810416666666667,0,0,0.00041666666666628771,55.795720192065573,62.764435925860745,34.699272123135643,101.10396840580029,0,6.9687157337951717,false,true,ADMITTED_DAILY_NONNEGATIVE_WITH_SIGNED_HOURLY_COMPONENTS
SH-EN-ALERCE,2024-06-14,2024,166,-40.1726,24,2024061400,2024061423,10.880000000000001,8.4800000000000004,8.5,10.880000000000001,8.4800000000000004,8.4991666666666656,0,0,-0.00083333333333435178,95.461067680637598,108.61294196979726,52.571990275998814,169.33898054073939,0,13.151874289159664,false,true,ADMITTED_DAILY_NONNEGATIVE_WITH_SIGNED_HOURLY_COMPONENTS
SH-EN-ALERCE,2024-06-15,2024,167,-40.1726,24,2024061500,2024061523,9.6300000000000008,7.5,6.5999999999999996,9.6300000000000008,7.5,6.5983333333333336,0,0,-0.001666666666666039,142.64178690272297,122.70352388679443,44.344284032307314,255.59188599145659,0,-19.938263015928541,false,true,ADMITTED_DAILY_NONNEGATIVE_WITH_SIGNED_HOURLY_COMPONENTS
SH-EN-ALERCE,2024-06-16,2024,168,-40.1726,24,2024061600,2024061623,11.24,8.6500000000000004,8.7100000000000009,11.24,8.6500000000000004,8.7079166666666676,0,0,-0.0020833333333332149,101.73813065011905,94.02001064754279,43.639423754324525,143.15562311766394,0,-7.7181200025762564,false,true,ADMITTED_DAILY_NONNEGATIVE_WITH_SIGNED_HOURLY_COMPONENTS
SH-EN-ALERCE,2024-06-17,2024,169,-40.1726,24,2024061700,2024061723,12,9.2599999999999998,8.5899999999999999,12,9.2599999999999998,8.5941666666666663,0,0,0.0041666666666664298,168.82644110954493,172.46456559705737,64.838718415048106,304.13966769368494,0,3.6381244875124423,false,true,ADMITTED_DAILY_NONNEGATIVE_WITH_SIGNED_HOURLY_COMPONENTS
SH-EN-ALERCE,2024-06-18,2024,170,-40.1726,24,2024061800,2024061823,8.9800000000000004,6.5599999999999996,5.54,8.9800000000000004,6.5599999999999996,5.543333333333333,0,0,0.0033333333333329662,153.50567507559344,167.88681553139747,97.225745236627745,266.25014550861681,0,14.381140455804029,false,true,ADMITTED_DAILY_NONNEGATIVE_WITH_SIGNED_HOURLY_COMPONENTS
SH-EN-ALERCE,2024-06-19,2024,171,-40.1726,24,2024061900,2024061923,8,6.54,4.5899999999999999,8,6.54,4.5891666666666664,0,0,-0.0008333333333334636,174.05109038399655,155.09038353048615,48.149577442883242,233.6032644371644,0,-18.960706853510402,false,true,ADMITTED_DAILY_NONNEGATIVE_WITH_SIGNED_HOURLY_COMPONENTS
SH-EN-ALERCE,2024-06-20,2024,172,-40.1726,24,2024062000,2024062023,11.73,6.5199999999999996,8.9700000000000006,11.73,6.5199999999999996,8.9683333333333337,0,0,-0.0016666666666669272,27.814296955805958,136.31749584147224,42.586153066935935,235.91690264442013,0,108.50319888566628,false,true,ADMITTED_DAILY_NONNEGATIVE_WITH_SIGNED_HOURLY_COMPONENTS
SH-EN-ALERCE,2024-06-21,2024,173,-40.1726,24,2024062100,2024062123,11,7.8099999999999996,6.9800000000000004,11,7.8099999999999996,6.9829166666666671,0,0,0.0029166666666666785,185.35646409757123,155.86637407164213,86.100254742869197,216.83789006189113,0,-29.490090025929106,false,true,ADMITTED_DAILY_NONNEGATIVE_WITH_SIGNED_HOURLY_COMPONENTS
SH-EN-ALERCE,2024-06-22,2024,174,-40.1726,24,2024062200,2024062223,8.5700000000000003,6.8899999999999997,5.9900000000000002,8.5700000000000003,6.8899999999999997,5.9883333333333333,0,0,-0.0016666666666669272,120.26273745034359,129.20264024711142,72.848105959612553,197.99719224167234,0,8.9399027967678251,false,true,ADMITTED_DAILY_NONNEGATIVE_WITH_SIGNED_HOURLY_COMPONENTS
SH-EN-ALERCE,2024-06-23,2024,175,-40.1726,24,2024062300,2024062323,9.0299999999999994,7.3099999999999996,5.8799999999999999,9.0299999999999994,7.3099999999999996,5.8812500000000005,0,0,0.0012500000000006395,159.51833517306443,153.74989252673663,95.431471332376987,241.4933923140411,0,-5.7684426463277987,false,true,ADMITTED_DAILY_NONNEGATIVE_WITH_SIGNED_HOURLY_COMPONENTS
SH-EN-ALERCE,2024-06-24,2024,176,-40.1726,24,2024062400,2024062423,9.7300000000000004,4.9400000000000004,4.0199999999999996,9.7300000000000004,4.9400000000000004,4.0162500000000003,0,0,-0.0037499999999992539,222.88613040949031,202.37664757402649,73.02831455836656,452.43160181316046,0,-20.509482835463814,false,true,ADMITTED_DAILY_NONNEGATIVE_WITH_SIGNED_HOURLY_COMPONENTS
SH-EN-ALERCE,2024-06-25,2024,177,-40.1726,24,2024062500,2024062523,8.9199999999999999,3.9900000000000002,4.79,8.9199999999999999,3.9900000000000002,4.7862499999999999,0,0,-0.0037500000000001421,117.67357846503944,115.46127911585199,67.705241930363513,215.5055480464539,0,-2.2122993491874468,false,true,ADMITTED_DAILY_NONNEGATIVE_WITH_SIGNED_HOURLY_COMPONENTS
SH-EN-ALERCE,2024-06-26,2024,178,-40.1726,24,2024062600,2024062623,10.92,9.1899999999999995,9.75,10.92,9.1899999999999995,9.7495833333333337,0,0,-0.00041666666666628771,26.772903521025228,60.462823260240413,40.988150524116236,71.442482370020571,0,33.689919739215185,false,true,ADMITTED_DAILY_NONNEGATIVE_WITH_SIGNED_HOURLY_COMPONENTS
SH-EN-ALERCE,2024-06-27,2024,179,-40.1726,24,2024062700,2024062723,9.6400000000000006,6.9699999999999998,6.2800000000000002,9.6400000000000006,6.9699999999999998,6.2749999999999995,0,0,-0.0050000000000007816,145.83217372893228,147.27823058122732,63.867932340310745,263.92978129342828,0,1.4460568522950439,false,true,ADMITTED_DAILY_NONNEGATIVE_WITH_SIGNED_HOURLY_COMPONENTS
SH-EN-ALERCE,2024-06-28,2024,180,-40.1726,24,2024062800,2024062823,8.2599999999999998,5.2000000000000002,2.9300000000000002,8.2599999999999998,5.2000000000000002,2.9341666666666666,0,0,0.0041666666666664298,234.2292534405459,234.66659668894434,125.26296488281241,380.27205907691018,0,0.43734324839843453,false,true,ADMITTED_DAILY_NONNEGATIVE_WITH_SIGNED_HOURLY_COMPONENTS
SH-EN-ALERCE,2024-06-29,2024,181,-40.1726,24,2024062900,2024062923,9.1899999999999995,4.8399999999999999,3.4700000000000002,9.1899999999999995,4.8399999999999999,3.46875,0,0,-0.0012500000000001954,229.33004048736871,220.37714813750509,76.149714681719843,389.90198134996785,0,-8.9528923498636175,false,true,ADMITTED_DAILY_NONNEGATIVE_WITH_SIGNED_HOURLY_COMPONENTS
SH-EN-ALERCE,2024-06-30,2024,182,-40.1726,24,2024063000,2024063023,10.9,7.7000000000000002,8.1500000000000004,10.9,7.7000000000000002,8.1508333333333329,0,0,0.00083333333333257542,93.752030806493849,79.376130915786391,21.517018474829229,163.77368901587977,0,-14.375899890707458,false,true,ADMITTED_DAILY_NONNEGATIVE_WITH_SIGNED_HOURLY_COMPONENTS
SH-EN-ALERCE,2024-07-01,2024,183,-40.1726,24,2024070100,2024070123,11.859999999999999,7.5099999999999998,8.3800000000000008,11.859999999999999,7.5099999999999998,8.3837500000000009,0,0,0.0037500000000001421,112.72746736677504,84.73766784025986,31.469022789207656,151.23989237186561,0,-27.989799526515185,false,true,ADMITTED_DAILY_NONNEGATIVE_WITH_SIGNED_HOURLY_COMPONENTS
SH-EN-ALERCE,2024-07-02,2024,184,-40.1726,24,2024070200,2024070223,10.9,5.71,5.1500000000000004,10.9,5.71,5.1462499999999993,0,0,-0.0037500000000010303,228.77008468144481,190.41354556325709,141.66017979662013,293.15675078751326,0,-38.356539118187726,false,true,ADMITTED_DAILY_NONNEGATIVE_WITH_SIGNED_HOURLY_COMPONENTS
SH-EN-ALERCE,2024-07-03,2024,185,-40.1726,24,2024070300,2024070323,8.4499999999999993,5.7800000000000002,4.0700000000000003,8.4499999999999993,5.7800000000000002,4.0654166666666667,0,0,-0.0045833333333336057,196.2515152243833,177.79035609755144,115.87049499717205,273.16475292238158,0,-18.461159126831859,false,true,ADMITTED_DAILY_NONNEGATIVE_WITH_SIGNED_HOURLY_COMPONENTS
SH-EN-ALERCE,2024-07-04,2024,186,-40.1726,24,2024070400,2024070423,7.2699999999999996,4.3600000000000003,2.1400000000000001,7.2699999999999996,4.3600000000000003,2.1383333333333332,0,0,-0.0016666666666669272,214.59959679194162,204.87806839486757,97.234603253963883,362.64525946540743,0,-9.7215283970740529,false,true,ADMITTED_DAILY_NONNEGATIVE_WITH_SIGNED_HOURLY_COMPONENTS
SH-EN-ALERCE,2024-07-05,2024,187,-40.1726,24,2024070500,2024070523,7.6699999999999999,4.4500000000000002,2.8300000000000001,7.6699999999999999,4.4500000000000002,2.8341666666666665,0,0,0.0041666666666664298,195.4662829938452,159.56767041879738,90.839783722925858,315.51377521091547,0,-35.898612575047821,false,true,ADMITTED_DAILY_NONNEGATIVE_WITH_SIGNED_HOURLY_COMPONENTS
SH-EN-ALERCE,2024-07-06,2024,188,-40.1726,24,2024070600,2024070623,8.7699999999999996,4.8700000000000001,5.2800000000000002,8.7699999999999996,4.8700000000000001,5.284583333333333,0,0,0.0045833333333327175,107.8770178131449,144.05471438867093,93.10970153962694,175.67749429505443,0,36.177696575526028,false,true,ADMITTED_DAILY_NONNEGATIVE_WITH_SIGNED_HOURLY_COMPONENTS
SH-EN-ALERCE,2024-07-07,2024,189,-40.1726,24,2024070700,2024070723,9.3200000000000003,5.1799999999999997,4.6100000000000003,9.3200000000000003,5.1799999999999997,4.6100000000000003,0,0,0,179.37782480385169,150.94088393146808,38.637946355578606,326.64467781604549,0,-28.436940872383616,false,true,ADMITTED_DAILY_NONNEGATIVE_WITH_SIGNED_HOURLY_COMPONENTS
SH-EN-ALERCE,2024-07-08,2024,190,-40.1726,24,2024070800,2024070823,9.2599999999999998,4.7699999999999996,4.1299999999999999,9.2599999999999998,4.7699999999999996,4.1279166666666667,0,0,-0.0020833333333332149,192.66087041614094,152.48124688019081,63.279707481090668,332.52483903599079,0,-40.179623535950128,false,true,ADMITTED_DAILY_NONNEGATIVE_WITH_SIGNED_HOURLY_COMPONENTS
SH-EN-ALERCE,2024-07-09,2024,191,-40.1726,24,2024070900,2024070923,9.5099999999999998,3.2799999999999998,2.0699999999999998,9.5099999999999998,3.2799999999999998,2.0670833333333332,0,0,-0.0029166666666666785,271.40428700273526,222.10214722913773,89.092287500309908,492.11578518507918,0,-49.302139773597531,false,true,ADMITTED_DAILY_NONNEGATIVE_WITH_SIGNED_HOURLY_COMPONENTS
SH-EN-ALERCE,2024-07-10,2024,192,-40.1726,24,2024071000,2024071023,8.7200000000000006,4.1600000000000001,4.7999999999999998,8.7200000000000006,4.1600000000000001,4.7966666666666669,0,0,-0.0033333333333329662,114.28726514538016,111.27690166462075,80.049020113986444,159.21418605763961,0,-3.0103634807594091,false,true,ADMITTED_DAILY_NONNEGATIVE_WITH_SIGNED_HOURLY_COMPONENTS
SH-EN-ALERCE,2024-07-11,2024,193,-40.1726,24,2024071100,2024071123,10.210000000000001,4.8300000000000001,3.6200000000000001,10.210000000000001,4.8300000000000001,3.6150000000000002,0,0,-0.0049999999999998934,261.91721967527167,208.57419912029741,85.116217992004636,476.76012527615762,0,-53.34302055497426,false,true,ADMITTED_DAILY_NONNEGATIVE_WITH_SIGNED_HOURLY_COMPONENTS
SH-EN-ALERCE,2024-07-12,2024,194,-40.1726,24,2024071200,2024071223,11.779999999999999,5,4.1299999999999999,11.779999999999999,5,4.1266666666666669,0,0,-0.0033333333333329662,306.59621930010371,223.77385029259258,36.517612527240317,523.5135328358183,0,-82.822369007511128,false,true,ADMITTED_DAILY_NONNEGATIVE_WITH_SIGNED_HOURLY_COMPONENTS
SH-EN-ALERCE,2024-07-13,2024,195,-40.1726,24,2024071300,2024071323,9.9299999999999997,4.1200000000000001,5.4000000000000004,9.9299999999999997,4.1200000000000001,5.395833333333333,0,0,-0.004166666666667318,124.215652377379,125.73655858348262,10.892694202692383,266.18509486919493,0,1.5209062061036178,false,true,ADMITTED_DAILY_NONNEGATIVE_WITH_SIGNED_HOURLY_COMPONENTS
SH-EN-ALERCE,2024-07-14,2024,196,-40.1726,24,2024071400,2024071423,9.1099999999999994,6.7699999999999996,6.3700000000000001,9.1099999999999994,6.7699999999999996,6.3741666666666665,0,0,0.0041666666666664298,112.04754666585848,111.61143376159596,77.909667380797259,199.26934972282197,0,-0.43611290426251514,false,true,ADMITTED_DAILY_NONNEGATIVE_WITH_SIGNED_HOURLY_COMPONENTS
SH-EN-ALERCE,2024-07-15,2024,197,-40.1726,24,2024071500,2024071523,8.9600000000000009,6.7599999999999998,6.7199999999999998,8.9600000000000009,6.7599999999999998,6.7154166666666661,0,0,-0.0045833333333336057,82.45607821889655,64.558261953061404,17.674743775426123,118.38171995959181,0,-17.897816265835147,false,true,ADMITTED_DAILY_NONNEGATIVE_WITH_SIGNED_HOURLY_COMPONENTS
SH-EN-ALERCE,2024-07-16,2024,198,-40.1726,24,2024071600,2024071623,10.359999999999999,7.4000000000000004,6.9100000000000001,10.359999999999999,7.4000000000000004,6.9095833333333339,0,0,-0.00041666666666628771,148.12262089394233,126.43186818920441,9.2297962000486677,280.54115145767344,0,-21.690752704737918,false,true,ADMITTED_DAILY_NONNEGATIVE_WITH_SIGNED_HOURLY_COMPONENTS
SH-EN-ALERCE,2024-07-17,2024,199,-40.1726,24,2024071700,2024071723,11.32,7.6299999999999999,8.1600000000000001,11.32,7.6299999999999999,8.15625,0,0,-0.0037500000000001421,108.95098310753065,97.407759491389911,51.286581422344852,174.98909828162653,0,-11.543223616140736,false,true,ADMITTED_DAILY_NONNEGATIVE_WITH_SIGNED_HOURLY_COMPONENTS
SH-EN-ALERCE,2024-07-18,2024,200,-40.1726,24,2024071800,2024071823,8.7799999999999994,4.0700000000000003,4.0199999999999996,8.7799999999999994,4.0700000000000003,4.0154166666666669,0,0,-0.0045833333333327175,159.78615246138133,177.94574877258106,51.422346071508741,340.63795194460431,0,18.159596311199721,false,true,ADMITTED_DAILY_NONNEGATIVE_WITH_SIGNED_HOURLY_COMPONENTS
SH-EN-ALERCE,2024-07-19,2024,201,-40.1726,24,2024071900,2024071923,9.3300000000000001,3.2999999999999998,1.3999999999999999,9.3300000000000001,3.2999999999999998,1.4037499999999998,0,0,0.0037499999999999201,298.06984355233146,236.70754235388941,64.105119941418025,520.36693839002953,0,-61.362301198442054,false,true,ADMITTED_DAILY_NONNEGATIVE_WITH_SIGNED_HOURLY_COMPONENTS
SH-EN-ALERCE,2024-07-20,2024,202,-40.1726,24,2024072000,2024072023,9.4100000000000001,3.1899999999999999,2.8100000000000001,9.4100000000000001,3.1899999999999999,2.8083333333333336,0,0,-0.0016666666666664831,226.53861315279073,188.65161034768724,60.605521279874779,426.35786199246957,0,-37.887002805103492,false,true,ADMITTED_DAILY_NONNEGATIVE_WITH_SIGNED_HOURLY_COMPONENTS
SH-EN-ALERCE,2024-07-21,2024,203,-40.1726,24,2024072100,2024072123,11.27,5.7699999999999996,6.29,11.27,5.7699999999999996,6.2879166666666668,0,0,-0.0020833333333332149,174.34121883864941,115.72474505299192,12.071412422645608,308.83223633346074,0,-58.61647378565749,false,true,ADMITTED_DAILY_NONNEGATIVE_WITH_SIGNED_HOURLY_COMPONENTS
SH-EN-ALERCE,2024-07-22,2024,204,-40.1726,24,2024072200,2024072223,11.369999999999999,7.2199999999999998,7.71,11.369999999999999,7.2199999999999998,7.7124999999999995,0,0,0.0024999999999995026,129.45879100330694,100.58796118830975,36.840715987326575,237.21641211276051,0,-28.870829814997194,false,true,ADMITTED_DAILY_NONNEGATIVE_WITH_SIGNED_HOURLY_COMPONENTS
SH-EN-ALERCE,2024-07-23,2024,205,-40.1726,24,2024072300,2024072323,10.41,7.3700000000000001,8.0800000000000001,10.41,7.3700000000000001,8.0775000000000006,0,0,-0.0024999999999995026,66.226576241817384,67.157612062131761,16.82268861292448,118.41368341608541,0,0.93103582031437782,false,true,ADMITTED_DAILY_NONNEGATIVE_WITH_SIGNED_HOURLY_COMPONENTS
SH-EN-ALERCE,2024-07-24,2024,206,-40.1726,24,2024072400,2024072423,10.24,9.3100000000000005,8.9000000000000004,10.24,9.3100000000000005,8.8962500000000002,0,0,-0.0037500000000001421,69.76109937591832,64.563439044783408,35.436027712596115,80.863154720044577,0,-5.1976603311349123,false,true,ADMITTED_DAILY_NONNEGATIVE_WITH_SIGNED_HOURLY_COMPONENTS
SH-EN-ALERCE,2024-07-25,2024,207,-40.1726,24,2024072500,2024072523,10.23,5.1500000000000004,5.4400000000000004,10.23,5.1500000000000004,5.4349999999999996,0,0,-0.0050000000000007816,164.78334571675759,170.34492979430527,27.258982418278038,338.23136602942463,0,5.5615840775476784,false,true,ADMITTED_DAILY_NONNEGATIVE_WITH_SIGNED_HOURLY_COMPONENTS
SH-EN-ALERCE,2024-07-26,2024,208,-40.1726,24,2024072600,2024072623,8.9600000000000009,5.3200000000000003,4.3899999999999997,8.9600000000000009,5.3200000000000003,4.3920833333333329,0,0,0.0020833333333332149,182.61829741366432,197.23293645049571,121.88995754860559,296.77225541248185,0,14.614639036831392,false,true,ADMITTED_DAILY_NONNEGATIVE_WITH_SIGNED_HOURLY_COMPONENTS
SH-EN-ALERCE,2024-07-27,2024,209,-40.1726,24,2024072700,2024072723,8.2400000000000002,3.7000000000000002,3.0800000000000001,8.2400000000000002,3.7000000000000002,3.0825,0,0,0.0024999999999999467,181.25986934464458,195.61658721454239,92.623967725658531,320.61153777131108,0,14.356717869897807,false,true,ADMITTED_DAILY_NONNEGATIVE_WITH_SIGNED_HOURLY_COMPONENTS
SH-EN-ALERCE,2024-07-28,2024,210,-40.1726,24,2024072800,2024072823,8.3300000000000001,2.9500000000000002,1.6699999999999999,8.3300000000000001,2.9500000000000002,1.6683333333333332,0,0,-0.0016666666666667052,236.95131549526775,191.45006734014342,74.294562317398345,423.151854031516,0,-45.50124815512433,false,true,ADMITTED_DAILY_NONNEGATIVE_WITH_SIGNED_HOURLY_COMPONENTS
SH-EN-ALERCE,2024-07-29,2024,211,-40.1726,24,2024072900,2024072923,9.4000000000000004,2.71,1.27,9.4000000000000004,2.71,1.2741666666666667,0,0,0.0041666666666666519,291.26703297315612,292.23968445747272,101.86126695899225,514.16587070195499,0,0.97265148431660009,false,true,ADMITTED_DAILY_NONNEGATIVE_WITH_SIGNED_HOURLY_COMPONENTS
SH-EN-ALERCE,2024-07-30,2024,212,-40.1726,24,2024073000,2024073023,9.5299999999999994,6.21,5.4100000000000001,9.5299999999999994,6.21,5.4100000000000001,0,0,0,171.71211081008073,180.06728544116848,124.34537729278054,269.33124598642075,0,8.355174631087749,false,true,ADMITTED_DAILY_NONNEGATIVE_WITH_SIGNED_HOURLY_COMPONENTS
SH-EN-ALERCE,2024-07-31,2024,213,-40.1726,24,2024073100,2024073123,10.01,7.6799999999999997,6.1399999999999997,10.01,7.6799999999999997,6.1366666666666667,0,0,-0.0033333333333329662,194.98691213125767,188.4160067699928,52.013069412374307,488.0573590936566,0,-6.5709053612648631,false,true,ADMITTED_DAILY_NONNEGATIVE_WITH_SIGNED_HOURLY_COMPONENTS
SH-EN-ALERCE,2024-08-01,2024,214,-40.1726,24,2024080100,2024080123,11.779999999999999,5.8200000000000003,8.0099999999999998,11.779999999999999,5.8200000000000003,8.0054166666666671,0,0,-0.0045833333333327175,79.43361212170521,86.294129624848281,48.770500147164512,144.27483066475725,0,6.8605175031430718,false,true,ADMITTED_DAILY_NONNEGATIVE_WITH_SIGNED_HOURLY_COMPONENTS
SH-EN-ALERCE,2024-08-02,2024,215,-40.1726,24,2024080200,2024080223,10.5,8.9199999999999999,8.2799999999999994,10.5,8.9199999999999999,8.2825000000000006,0,0,0.002500000000001279,112.39455953363858,129.64945015864004,116.05362086232935,153.73606714107927,0,17.254890625001451,false,true,ADMITTED_DAILY_NONNEGATIVE_WITH_SIGNED_HOURLY_COMPONENTS
SH-EN-ALERCE,2024-08-03,2024,216,-40.1726,24,2024080300,2024080323,9.0700000000000003,8.1799999999999997,7.0800000000000001,9.0700000000000003,8.1799999999999997,7.0820833333333333,0,0,0.0020833333333332149,112.37088298560218,119.55234701859467,82.756322850019274,169.45456485424074,0,7.1814640329924941,false,true,ADMITTED_DAILY_NONNEGATIVE_WITH_SIGNED_HOURLY_COMPONENTS
SH-EN-ALERCE,2024-08-04,2024,217,-40.1726,24,2024080400,2024080423,9.9700000000000006,8.0899999999999999,7.5300000000000002,9.9700000000000006,8.0899999999999999,7.5345833333333339,0,0,0.0045833333333336057,113.52037951572129,92.8781668723026,62.352252558991495,140.24126723904624,0,-20.642212643418688,false,true,ADMITTED_DAILY_NONNEGATIVE_WITH_SIGNED_HOURLY_COMPONENTS
SH-EN-ALERCE,2024-08-05,2024,218,-40.1726,24,2024080500,2024080523,9.6899999999999995,6.1799999999999997,6.3300000000000001,9.6899999999999995,6.1799999999999997,6.3329166666666667,0,0,0.0029166666666666785,118.06647336189201,120.09749198520042,86.795805469122797,155.2965059305368,0,2.0310186233084124,false,true,ADMITTED_DAILY_NONNEGATIVE_WITH_SIGNED_HOURLY_COMPONENTS
SH-EN-ALERCE,2024-08-06,2024,219,-40.1726,24,2024080600,2024080623,8.6300000000000008,5.4900000000000002,3.0699999999999998,8.6300000000000008,5.4900000000000002,3.0729166666666665,0,0,0.0029166666666666785,249.60038116107125,224.18259231471123,106.38363363821452,395.0424106326858,0,-25.417788846360025,false,true,ADMITTED_DAILY_NONNEGATIVE_WITH_SIGNED_HOURLY_COMPONENTS
SH-EN-ALERCE,2024-08-07,2024,220,-40.1726,24,2024080700,2024080723,9.1600000000000001,4.5300000000000002,2.4199999999999999,9.1600000000000001,4.5300000000000002,2.4216666666666664,0,0,0.0016666666666664831,275.18078490166261,229.03925461690289,65.689708450382795,430.76680109896824,0,-46.14153028475971,false,true,ADMITTED_DAILY_NONNEGATIVE_WITH_SIGNED_HOURLY_COMPONENTS
SH-EN-ALERCE,2024-08-08,2024,221,-40.1726,24,2024080800,2024080823,8.5399999999999991,3.1400000000000001,2.46,8.5399999999999991,3.1400000000000001,2.4645833333333331,0,0,0.0045833333333331616,209.88634471398268,199.56125280961962,73.20628251237315,408.73989360802079,0,-10.325091904363063,false,true,ADMITTED_DAILY_NONNEGATIVE_WITH_SIGNED_HOURLY_COMPONENTS
SH-EN-ALERCE,2024-08-09,2024,222,-40.1726,24,2024080900,2024080923,9.9100000000000001,6.6699999999999999,6.4400000000000004,9.9100000000000001,6.6699999999999999,6.4366666666666665,0,0,-0.0033333333333338544,135.99909343200807,133.12116609647089,22.409776072150862,240.71116860223333,0,-2.8779273355371799,false,true,ADMITTED_DAILY_NONNEGATIVE_WITH_SIGNED_HOURLY_COMPONENTS
SH-EN-ALERCE,2024-08-10,2024,223,-40.1726,24,2024081000,2024081023,9.75,6.6900000000000004,6.3899999999999997,9.75,6.6900000000000004,6.3916666666666666,0,0,0.0016666666666669272,133.4763913771269,148.19155016779931,61.768882093784441,279.53002747666608,0,14.715158790672405,false,true,ADMITTED_DAILY_NONNEGATIVE_WITH_SIGNED_HOURLY_COMPONENTS
SH-EN-ALERCE,2024-08-11,2024,224,-40.1726,24,2024081100,2024081123,9.3499999999999996,6.3700000000000001,4.21,9.3499999999999996,6.3700000000000001,4.2145833333333336,0,0,0.0045833333333336057,242.05209522896757,211.86294013808663,112.19237578023262,393.17870052199191,0,-30.189155090880945,false,true,ADMITTED_DAILY_NONNEGATIVE_WITH_SIGNED_HOURLY_COMPONENTS
SH-EN-ALERCE,2024-08-12,2024,225,-40.1726,24,2024081200,2024081223,10.58,6.2699999999999996,6.1299999999999999,10.58,6.2699999999999996,6.1295833333333327,0,0,-0.00041666666666717589,171.06392561668088,164.13560765113712,22.418605151029169,360.64769588825163,0,-6.928317965543755,false,true,ADMITTED_DAILY_NONNEGATIVE_WITH_SIGNED_HOURLY_COMPONENTS
SH-EN-ALERCE,2024-08-13,2024,226,-40.1726,24,2024081300,2024081323,10.4,8.8699999999999992,9.5899999999999999,10.4,8.8699999999999992,9.5891666666666655,0,0,-0.00083333333333435178,5.0121948026082919,30.125133731284421,12.058524179583628,48.327041895698585,0,25.11293892867613,false,true,ADMITTED_DAILY_NONNEGATIVE_WITH_SIGNED_HOURLY_COMPONENTS
SH-EN-ALERCE,2024-08-14,2024,227,-40.1726,24,2024081400,2024081423,10.24,7.71,7.0300000000000002,10.24,7.71,7.0300000000000002,0,0,0,145.88347386607438,125.87436982202524,63.674180024856469,256.26547047005624,0,-20.009104044049138,false,true,ADMITTED_DAILY_NONNEGATIVE_WITH_SIGNED_HOURLY_COMPONENTS
SH-EN-ALERCE,2024-08-15,2024,228,-40.1726,24,2024081500,2024081523,9.9700000000000006,5.96,5.4500000000000002,9.9700000000000006,5.96,5.4491666666666667,0,0,-0.0008333333333334636,178.91510923852957,163.21186340766141,66.887428905568072,385.52522356435304,0,-15.703245830868156,false,true,ADMITTED_DAILY_NONNEGATIVE_WITH_SIGNED_HOURLY_COMPONENTS
SH-EN-ALERCE,2024-08-16,2024,229,-40.1726,24,2024081600,2024081623,8.8100000000000005,4.8399999999999999,4.3300000000000001,8.8100000000000005,4.8399999999999999,4.3325000000000005,0,0,0.0025000000000003908,165.66658668872594,132.49980325414592,45.629180318249269,308.49677434168689,0,-33.166783434580026,false,true,ADMITTED_DAILY_NONNEGATIVE_WITH_SIGNED_HOURLY_COMPONENTS
SH-EN-ALERCE,2024-08-17,2024,230,-40.1726,24,2024081700,2024081723,8.4100000000000001,4.1399999999999997,3.6800000000000002,8.4100000000000001,4.1399999999999997,3.67625,0,0,-0.0037500000000001421,167.07769178420733,148.50950121082158,47.562995692162076,344.92533380308714,0,-18.568190573385749,false,true,ADMITTED_DAILY_NONNEGATIVE_WITH_SIGNED_HOURLY_COMPONENTS
SH-EN-ALERCE,2024-08-18,2024,231,-40.1726,24,2024081800,2024081823,8.5700000000000003,3.21,2.0699999999999998,8.5700000000000003,3.21,2.07125,0,0,0.0012500000000001954,232.94989972917665,218.24332900669205,59.053264078278062,448.46356496126498,0,-14.706570722484599,false,true,ADMITTED_DAILY_NONNEGATIVE_WITH_SIGNED_HOURLY_COMPONENTS
SH-EN-ALERCE,2024-08-19,2024,232,-40.1726,24,2024081900,2024081923,10.82,4.9900000000000002,3.2999999999999998,10.82,4.9900000000000002,3.3008333333333333,0,0,0.0008333333333334636,310.34345256829567,254.40395365108233,98.682775912179977,529.65158070835525,0,-55.939498917213342,false,true,ADMITTED_DAILY_NONNEGATIVE_WITH_SIGNED_HOURLY_COMPONENTS
SH-EN-ALERCE,2024-08-20,2024,233,-40.1726,24,2024082000,2024082023,8.8100000000000005,4.3200000000000003,4.5099999999999998,8.8100000000000005,4.3200000000000003,4.5066666666666668,0,0,-0.0033333333333329662,139.66394436960945,124.3803077000329,53.864211588607986,312.68169786841622,0,-15.283636669576552,false,true,ADMITTED_DAILY_NONNEGATIVE_WITH_SIGNED_HOURLY_COMPONENTS
SH-EN-ALERCE,2024-08-21,2024,234,-40.1726,24,2024082100,2024082123,6.5199999999999996,4.9100000000000001,3.98,6.5199999999999996,4.9100000000000001,3.9833333333333329,0,0,0.0033333333333329662,105.96233354553362,108.6464870069567,66.137240018817806,146.45690893904521,0,2.6841534614230795,false,true,ADMITTED_DAILY_NONNEGATIVE_WITH_SIGNED_HOURLY_COMPONENTS
SH-EN-ALERCE,2024-08-22,2024,235,-40.1726,24,2024082200,2024082223,8.1500000000000004,5.9199999999999999,4.0899999999999999,8.1500000000000004,5.9199999999999999,4.0874999999999995,0,0,-0.0025000000000003908,188.43314295532014,158.77451141718413,106.59014825351699,260.15557476214474,0,-29.658631538136007,false,true,ADMITTED_DAILY_NONNEGATIVE_WITH_SIGNED_HOURLY_COMPONENTS
SH-EN-ALERCE,2024-08-23,2024,236,-40.1726,24,2024082300,2024082323,8.1199999999999992,5.1100000000000003,3.23,8.1199999999999992,5.1100000000000003,3.2258333333333336,0,0,-0.0041666666666664298,210.07475776534238,177.09813252683344,114.65832755849806,313.84173266300274,0,-32.976625238508944,false,true,ADMITTED_DAILY_NONNEGATIVE_WITH_SIGNED_HOURLY_COMPONENTS
SH-EN-ALERCE,2024-08-24,2024,237,-40.1726,24,2024082400,2024082423,9.4299999999999997,4.9500000000000002,1.77,9.4299999999999997,4.9500000000000002,1.7716666666666667,0,0,0.0016666666666667052,331.44478516705158,323.52469913514778,154.42444532457478,536.37078143034489,0,-7.9200860319037929,false,true,ADMITTED_DAILY_NONNEGATIVE_WITH_SIGNED_HOURLY_COMPONENTS
SH-EN-ALERCE,2024-08-25,2024,238,-40.1726,24,2024082500,2024082523,9.5600000000000005,5.6900000000000004,5.6900000000000004,9.5600000000000005,5.6900000000000004,5.6883333333333335,0,0,-0.0016666666666669272,138.49680518537184,157.31428801697172,32.169787906872443,383.84361581370229,0,18.817482831599875,false,true,ADMITTED_DAILY_NONNEGATIVE_WITH_SIGNED_HOURLY_COMPONENTS
SH-EN-ALERCE,2024-08-26,2024,239,-40.1726,24,2024082600,2024082623,9.0099999999999998,4.9400000000000004,5.0700000000000003,9.0099999999999998,4.9400000000000004,5.0708333333333337,0,0,0.0008333333333334636,132.16771887923755,166.28667815001549,69.968955373111271,324.2293479323032,0,34.118959270777935,false,true,ADMITTED_DAILY_NONNEGATIVE_WITH_SIGNED_HOURLY_COMPONENTS
SH-EN-ALERCE,2024-08-27,2024,240,-40.1726,24,2024082700,2024082723,10.800000000000001,4.1200000000000001,3.54,10.800000000000001,4.1200000000000001,3.5354166666666664,0,0,-0.0045833333333336057,270.45651494400227,226.1684089168709,52.566238468619417,534.82551652377731,0,-44.288106027131363,false,true,ADMITTED_DAILY_NONNEGATIVE_WITH_SIGNED_HOURLY_COMPONENTS
SH-EN-ALERCE,2024-08-28,2024,241,-40.1726,24,2024082800,2024082823,11.67,4.8499999999999996,4.6900000000000004,11.67,4.8499999999999996,4.6900000000000004,0,0,0,264.16293388268764,212.88242965270089,66.97136611573751,484.41114381115369,0,-51.280504229986747,false,true,ADMITTED_DAILY_NONNEGATIVE_WITH_SIGNED_HOURLY_COMPONENTS
SH-EN-ALERCE,2024-08-29,2024,242,-40.1726,24,2024082900,2024082923,14.300000000000001,5.7000000000000002,5.8799999999999999,14.300000000000001,5.7000000000000002,5.875,0,0,-0.0049999999999998934,345.56011770111184,291.11276462440225,68.489779735469824,616.01846207882602,0,-54.447353076709589,false,true,ADMITTED_DAILY_NONNEGATIVE_WITH_SIGNED_HOURLY_COMPONENTS
SH-EN-ALERCE,2024-08-30,2024,243,-40.1726,24,2024083000,2024083023,11.779999999999999,5.8399999999999999,6.2300000000000004,11.779999999999999,5.8399999999999999,6.2283333333333326,0,0,-0.0016666666666678154,203.46965665447181,179.86617753315002,65.954981912396761,430.92826677886967,0,-23.603479121321783,false,true,ADMITTED_DAILY_NONNEGATIVE_WITH_SIGNED_HOURLY_COMPONENTS
SH-EN-ALERCE,2024-08-31,2024,244,-40.1726,24,2024083100,2024083123,9.4000000000000004,7.8300000000000001,6.9299999999999997,9.4000000000000004,7.8300000000000001,6.930416666666666,0,0,0.00041666666666628771,122.8799829657379,100.54298527024089,66.494396884257412,158.17033238099793,0,-22.336997695497004,false,true,ADMITTED_DAILY_NONNEGATIVE_WITH_SIGNED_HOURLY_COMPONENTS
SH-EN-ALERCE,2024-09-01,2024,245,-40.1726,24,2024090100,2024090123,10.41,8.0399999999999991,8.0800000000000001,10.41,8.0399999999999991,8.0758333333333336,0,0,-0.0041666666666664298,90.274633527503511,99.799951964200204,41.460562391393751,163.56743848246902,0,9.5253184366966934,false,true,ADMITTED_DAILY_NONNEGATIVE_WITH_SIGNED_HOURLY_COMPONENTS
SH-EN-ALERCE,2024-09-02,2024,246,-40.1726,24,2024090200,2024090223,9.5,6.4299999999999997,5.7400000000000002,9.5,6.4299999999999997,5.737916666666667,0,0,-0.0020833333333332149,156.9578070446945,163.59219668573607,65.096949650998795,239.05680756280765,0,6.6343896410415653,false,true,ADMITTED_DAILY_NONNEGATIVE_WITH_SIGNED_HOURLY_COMPONENTS
SH-EN-ALERCE,2024-09-03,2024,247,-40.1726,24,2024090300,2024090323,8.6400000000000006,5.9299999999999997,6.21,8.6400000000000006,5.9299999999999997,6.2112499999999997,0,0,0.0012499999999997513,76.719843966198823,93.377048367571845,61.101797553430515,130.1227677042607,0,16.657204401373022,false,true,ADMITTED_DAILY_NONNEGATIVE_WITH_SIGNED_HOURLY_COMPONENTS
SH-EN-ALERCE,2024-09-04,2024,248,-40.1726,24,2024090400,2024090423,8.7699999999999996,5.2599999999999998,3.4500000000000002,8.7699999999999996,5.2599999999999998,3.4550000000000001,0,0,0.0049999999999998934,226.99571129690594,184.4204957390925,99.463437958886743,411.97705484152448,0,-42.575215557813436,false,true,ADMITTED_DAILY_NONNEGATIVE_WITH_SIGNED_HOURLY_COMPONENTS
SH-EN-ALERCE,2024-09-05,2024,249,-40.1726,24,2024090500,2024090523,10.6,5.4699999999999998,7.6100000000000003,10.6,5.4699999999999998,7.6120833333333335,0,0,0.0020833333333332149,45.176619191371628,69.507184499122118,33.569427031263331,119.29026099796715,0,24.33056530775049,false,true,ADMITTED_DAILY_NONNEGATIVE_WITH_SIGNED_HOURLY_COMPONENTS
SH-EN-ALERCE,2024-09-06,2024,250,-40.1726,24,2024090600,2024090623,9.3699999999999992,7.6799999999999997,6.1100000000000003,9.3699999999999992,7.6799999999999997,6.1087500000000006,0,0,-0.0012499999999997513,171.08829878848337,156.6564142122933,92.093142140971622,275.72719817691836,0,-14.431884576190072,false,true,ADMITTED_DAILY_NONNEGATIVE_WITH_SIGNED_HOURLY_COMPONENTS
SH-EN-ALERCE,2024-09-07,2024,251,-40.1726,24,2024090700,2024090723,9.7699999999999996,6.8899999999999997,5.9100000000000001,9.7699999999999996,6.8899999999999997,5.9112499999999999,0,0,0.0012499999999997513,172.441552379266,161.72028967399623,75.530509473193206,329.51959828196971,0,-10.721262705269766,false,true,ADMITTED_DAILY_NONNEGATIVE_WITH_SIGNED_HOURLY_COMPONENTS
SH-EN-ALERCE,2024-09-08,2024,252,-40.1726,24,2024090800,2024090823,8.1699999999999999,6.79,5.7599999999999998,8.1699999999999999,6.79,5.7612500000000004,0,0,0.0012500000000006395,116.69288384120296,110.10673564048973,81.04412644540912,159.16861170965956,0,-6.5861482007132253,false,true,ADMITTED_DAILY_NONNEGATIVE_WITH_SIGNED_HOURLY_COMPONENTS
SH-EN-ALERCE,2024-09-09,2024,253,-40.1726,24,2024090900,2024090923,10.550000000000001,6.1799999999999997,7.1399999999999997,10.550000000000001,6.1799999999999997,7.1362500000000004,0,0,-0.0037499999999992539,98.862986057850549,97.018350283473481,41.877173803364713,232.75516259284086,0,-1.8446357743770676,false,true,ADMITTED_DAILY_NONNEGATIVE_WITH_SIGNED_HOURLY_COMPONENTS
SH-EN-ALERCE,2024-09-10,2024,254,-40.1726,24,2024091000,2024091023,8.9199999999999999,4.6500000000000004,4.8300000000000001,8.9199999999999999,4.6500000000000004,4.8283333333333331,0,0,-0.0016666666666669272,134.53543219453456,145.43609614933558,50.75694345006707,303.66482717946701,0,10.900663954801018,false,true,ADMITTED_DAILY_NONNEGATIVE_WITH_SIGNED_HOURLY_COMPONENTS
SH-EN-ALERCE,2024-09-11,2024,255,-40.1726,24,2024091100,2024091123,8.9299999999999997,3.9300000000000002,2.8700000000000001,8.9299999999999997,3.9300000000000002,2.8712499999999999,0,0,0.0012499999999997513,225.14944142475531,201.25478509332049,53.084949680976365,399.81758691032144,0,-23.894656331434817,false,true,ADMITTED_DAILY_NONNEGATIVE_WITH_SIGNED_HOURLY_COMPONENTS
SH-EN-ALERCE,2024-09-12,2024,256,-40.1726,24,2024091200,2024091223,9.5600000000000005,5.8499999999999996,5.8899999999999997,9.5600000000000005,5.8499999999999996,5.8904166666666669,0,0,0.00041666666666717589,130.82077773967569,126.06085573532293,70.333445169225797,219.57496293926147,0,-4.7599220043527595,false,true,ADMITTED_DAILY_NONNEGATIVE_WITH_SIGNED_HOURLY_COMPONENTS
SH-EN-ALERCE,2024-09-13,2024,257,-40.1726,24,2024091300,2024091323,10.07,5.5599999999999996,6.2999999999999998,10.07,5.5599999999999996,6.2954166666666671,0,0,-0.0045833333333327175,115.65915357379163,124.72461828578344,58.735414205050802,259.87436290908499,0,9.0654647119918081,false,true,ADMITTED_DAILY_NONNEGATIVE_WITH_SIGNED_HOURLY_COMPONENTS
SH-EN-ALERCE,2024-09-14,2024,258,-40.1726,24,2024091400,2024091423,10.24,5.4699999999999998,5.2300000000000004,10.24,5.4699999999999998,5.2283333333333335,0,0,-0.0016666666666669272,188.183891782822,167.6223338151101,69.26026643258092,393.7521267914193,0,-20.561557967711906,false,true,ADMITTED_DAILY_NONNEGATIVE_WITH_SIGNED_HOURLY_COMPONENTS
SH-EN-ALERCE,2024-09-15,2024,259,-40.1726,24,2024091500,2024091523,10.44,5.3099999999999996,4.9800000000000004,10.44,5.3099999999999996,4.9787499999999998,0,0,-0.0012500000000006395,206.9109476172398,220.00365130336502,71.789177892896532,462.47855857111676,0,13.092703686125219,false,true,ADMITTED_DAILY_NONNEGATIVE_WITH_SIGNED_HOURLY_COMPONENTS
SH-EN-ALERCE,2024-09-16,2024,260,-40.1726,24,2024091600,2024091623,11.66,5.0499999999999998,4.5800000000000001,11.66,5.0499999999999998,4.5845833333333337,0,0,0.0045833333333336057,276.32885662697038,220.55930479205176,65.23109510309871,462.53117753632569,0,-55.769551834918616,false,true,ADMITTED_DAILY_NONNEGATIVE_WITH_SIGNED_HOURLY_COMPONENTS
SH-EN-ALERCE,2024-09-17,2024,261,-40.1726,24,2024091700,2024091723,10.06,5.5700000000000003,5.4699999999999998,10.06,5.5700000000000003,5.4737499999999999,0,0,0.0037500000000001421,168.9240104563919,152.5900007016667,47.57925089101434,321.48404854903652,0,-16.334009754725201,false,true,ADMITTED_DAILY_NONNEGATIVE_WITH_SIGNED_HOURLY_COMPONENTS
SH-EN-ALERCE,2024-09-18,2024,262,-40.1726,24,2024091800,2024091823,11.02,6.8799999999999999,7.0099999999999998,11.02,6.8799999999999999,7.0075000000000003,0,0,-0.0024999999999995026,151.50012059454855,146.02433911025651,61.57525079792083,345.70672722870734,0,-5.4757814842920425,false,true,ADMITTED_DAILY_NONNEGATIVE_WITH_SIGNED_HOURLY_COMPONENTS
SH-EN-ALERCE,2024-09-19,2024,263,-40.1726,24,2024091900,2024091923,11.050000000000001,7.3200000000000003,7.4299999999999997,11.050000000000001,7.3200000000000003,7.427083333333333,0,0,-0.0029166666666666785,138.75775518680257,133.73244873708629,48.893584355112807,194.36745868406979,0,-5.0253064497162825,false,true,ADMITTED_DAILY_NONNEGATIVE_WITH_SIGNED_HOURLY_COMPONENTS
SH-EN-ALERCE,2024-09-20,2024,264,-40.1726,24,2024092000,2024092023,9.7599999999999998,7.5700000000000003,7.6100000000000003,9.7599999999999998,7.5700000000000003,7.6149999999999993,0,0,0.0049999999999990052,80.448305849968165,112.16563679334139,70.853070215312528,168.22395271364599,0,31.717330943373227,false,true,ADMITTED_DAILY_NONNEGATIVE_WITH_SIGNED_HOURLY_COMPONENTS
SH-EN-ALERCE,2024-09-21,2024,265,-40.1726,24,2024092100,2024092123,10.449999999999999,7.9699999999999998,6.7199999999999998,10.449999999999999,7.9699999999999998,6.7212500000000004,0,0,0.0012500000000006395,185.27400114343129,190.41002600335642,99.488649369826135,311.43529811416875,0,5.1360248599251292,false,true,ADMITTED_DAILY_NONNEGATIVE_WITH_SIGNED_HOURLY_COMPONENTS
SH-EN-ALERCE,2024-09-22,2024,266,-40.1726,24,2024092200,2024092223,9.9499999999999993,6.9199999999999999,6.6500000000000004,9.9499999999999993,6.9199999999999999,6.6495833333333332,0,0,-0.00041666666666717589,132.07739963886161,144.43768767928586,78.194611003672435,236.50646567237038,0,12.360288040424251,false,true,ADMITTED_DAILY_NONNEGATIVE_WITH_SIGNED_HOURLY_COMPONENTS
SH-EN-ALERCE,2024-09-23,2024,267,-40.1726,24,2024092300,2024092323,8.3599999999999994,6.2400000000000002,4.1399999999999997,8.3599999999999994,6.2400000000000002,4.135416666666667,0,0,-0.0045833333333327175,203.74948203090366,204.58111228476318,127.55843570289494,284.65583800938623,0,0.83163025385951528,false,true,ADMITTED_DAILY_NONNEGATIVE_WITH_SIGNED_HOURLY_COMPONENTS
SH-EN-ALERCE,2024-09-24,2024,268,-40.1726,24,2024092400,2024092423,8.7400000000000002,5.5999999999999996,5.9900000000000002,8.7400000000000002,5.5999999999999996,5.9929166666666669,0,0,0.0029166666666666785,84.326798337196806,111.90077580702236,85.914123880627471,133.35359171046809,0,27.57397746982555,false,true,ADMITTED_DAILY_NONNEGATIVE_WITH_SIGNED_HOURLY_COMPONENTS
SH-EN-ALERCE,2024-09-25,2024,269,-40.1726,24,2024092500,2024092523,9.6899999999999995,4.6699999999999999,3.3799999999999999,9.6899999999999995,4.6699999999999999,3.3833333333333333,0,0,0.0033333333333334103,249.10519804901298,208.54888810141554,70.661661516063987,475.5506756293189,0,-40.556309947597441,false,true,ADMITTED_DAILY_NONNEGATIVE_WITH_SIGNED_HOURLY_COMPONENTS
SH-EN-ALERCE,2024-09-26,2024,270,-40.1726,24,2024092600,2024092623,10.33,3.4300000000000002,2.6899999999999999,10.33,3.4300000000000002,2.6920833333333332,0,0,0.0020833333333332149,277.03836273513798,249.96675625977971,78.588275797701726,549.74109873021814,0,-27.071606475358266,false,true,ADMITTED_DAILY_NONNEGATIVE_WITH_SIGNED_HOURLY_COMPONENTS
SH-EN-ALERCE,2024-09-27,2024,271,-40.1726,24,2024092700,2024092723,10.779999999999999,6.1100000000000003,7.7800000000000002,10.779999999999999,6.1100000000000003,7.7837500000000004,0,0,0.0037500000000001421,61.147003674994721,79.269914201697489,36.830005447848635,140.93605498171701,0,18.122910526702768,false,true,ADMITTED_DAILY_NONNEGATIVE_WITH_SIGNED_HOURLY_COMPONENTS
SH-EN-ALERCE,2024-09-28,2024,272,-40.1726,24,2024092800,2024092823,11.789999999999999,10.26,9.7699999999999996,11.789999999999999,10.26,9.7662500000000012,0,0,-0.0037499999999983658,107.22620128128915,90.516121323736101,22.64642760867423,185.41330570006221,0,-16.710079957553049,false,true,ADMITTED_DAILY_NONNEGATIVE_WITH_SIGNED_HOURLY_COMPONENTS
SH-EN-ALERCE,2024-09-29,2024,273,-40.1726,24,2024092900,2024092923,11.119999999999999,9.8000000000000007,9.9399999999999995,11.119999999999999,9.8000000000000007,9.9350000000000005,0,0,-0.0049999999999990052,44.377802426004791,42.316987074365265,23.533540162388817,66.188419496390907,0,-2.0608153516395262,false,true,ADMITTED_DAILY_NONNEGATIVE_WITH_SIGNED_HOURLY_COMPONENTS
SH-EN-ALERCE,2024-09-30,2024,274,-40.1726,24,2024093000,2024093023,10.25,4.4800000000000004,5.1900000000000004,10.25,4.4800000000000004,5.1883333333333335,0,0,-0.0016666666666669272,160.96981533718269,193.62811020939401,54.05631157589437,365.14532388381838,0,32.658294872211314,false,true,ADMITTED_DAILY_NONNEGATIVE_WITH_SIGNED_HOURLY_COMPONENTS
SH-EN-ALERCE,2024-10-01,2024,275,-40.1726,24,2024100100,2024100123,8.8900000000000006,3.73,2.2599999999999998,8.8900000000000006,3.73,2.2620833333333334,0,0,0.002083333333333659,249.86623436308912,246.41952021702551,115.81347831917753,411.19020337400559,0,-3.4467141460636128,false,true,ADMITTED_DAILY_NONNEGATIVE_WITH_SIGNED_HOURLY_COMPONENTS
SH-EN-ALERCE,2024-10-02,2024,276,-40.1726,24,2024100200,2024100223,10.76,5.7699999999999996,4.8300000000000001,10.76,5.7699999999999996,4.8308333333333335,0,0,0.0008333333333334636,244.10743746099467,222.06183539971005,69.811704187325176,372.23312236173547,0,-22.045602061284626,false,true,ADMITTED_DAILY_NONNEGATIVE_WITH_SIGNED_HOURLY_COMPONENTS
SH-EN-ALERCE,2024-10-03,2024,277,-40.1726,24,2024100300,2024100323,11.970000000000001,6.2699999999999996,5.9500000000000002,11.970000000000001,6.2699999999999996,5.9537499999999994,0,0,0.0037499999999992539,244.3853450884103,203.5994627007141,57.089115967966109,410.06753010071054,0,-40.785882387696205,false,true,ADMITTED_DAILY_NONNEGATIVE_WITH_SIGNED_HOURLY_COMPONENTS
SH-EN-ALERCE,2024-10-04,2024,278,-40.1726,24,2024100400,2024100423,12.07,6.6699999999999999,6.5499999999999998,12.07,6.6699999999999999,6.5499999999999998,0,0,0,222.89710774974867,191.39960281564686,61.072937144779644,382.15542092379815,0,-31.497504934101812,false,true,ADMITTED_DAILY_NONNEGATIVE_WITH_SIGNED_HOURLY_COMPONENTS
SH-EN-ALERCE,2024-10-05,2024,279,-40.1726,24,2024100500,2024100523,14.550000000000001,6.6299999999999999,7.3099999999999996,14.550000000000001,6.6299999999999999,7.3054166666666669,0,0,-0.0045833333333327175,293.23993565334399,278.02289451652047,58.914614678463067,606.27390828250986,0,-15.217041136823525,false,true,ADMITTED_DAILY_NONNEGATIVE_WITH_SIGNED_HOURLY_COMPONENTS
SH-EN-ALERCE,2024-10-06,2024,280,-40.1726,24,2024100600,2024100623,12.74,7.6600000000000001,7.5099999999999998,12.74,7.6600000000000001,7.5112500000000004,0,0,0.0012500000000006395,222.8437323469484,198.02233862239629,67.4248987501702,398.25587274077088,0,-24.821393724552109,false,true,ADMITTED_DAILY_NONNEGATIVE_WITH_SIGNED_HOURLY_COMPONENTS
SH-EN-ALERCE,2024-10-07,2024,281,-40.1726,24,2024100700,2024100723,13.93,6.9500000000000002,6.5,13.93,6.9500000000000002,6.4954166666666664,0,0,-0.0045833333333336057,326.91359566001029,277.8993007329164,69.933486051104637,578.87145175225066,0,-49.014294927093886,false,true,ADMITTED_DAILY_NONNEGATIVE_WITH_SIGNED_HOURLY_COMPONENTS
SH-EN-ALERCE,2024-10-08,2024,282,-40.1726,24,2024100800,2024100823,16.539999999999999,7.6500000000000004,8.5299999999999994,16.539999999999999,7.6500000000000004,8.5316666666666663,0,0,0.0016666666666669272,352.59742945393032,270.93272798935391,74.469906823157771,643.25746066972692,0,-81.66470146457641,false,true,ADMITTED_DAILY_NONNEGATIVE_WITH_SIGNED_HOURLY_COMPONENTS
SH-EN-ALERCE,2024-10-09,2024,283,-40.1726,24,2024100900,2024100923,14.390000000000001,8.9000000000000004,8.8699999999999992,14.390000000000001,8.9000000000000004,8.8708333333333336,0,0,0.00083333333333435178,251.90477334492721,205.9309489300243,54.175773428997218,432.5338531218315,0,-45.973824414902907,false,true,ADMITTED_DAILY_NONNEGATIVE_WITH_SIGNED_HOURLY_COMPONENTS
SH-EN-ALERCE,2024-10-10,2024,284,-40.1726,24,2024101000,2024101023,11.26,7.5,8.1300000000000008,11.26,7.5,8.1266666666666669,0,0,-0.0033333333333338544,103.8729395307389,96.987933141903383,74.0649822047817,139.37980652399369,0,-6.8850063888355209,false,true,ADMITTED_DAILY_NONNEGATIVE_WITH_SIGNED_HOURLY_COMPONENTS
SH-EN-ALERCE,2024-10-11,2024,285,-40.1726,24,2024101100,2024101123,9.7400000000000002,6.7999999999999998,5.7400000000000002,9.7400000000000002,6.7999999999999998,5.7424999999999997,0,0,0.0024999999999995026,179.04690481895238,161.07951297429693,79.68146372069009,294.4209447791219,0,-17.967391844655452,false,true,ADMITTED_DAILY_NONNEGATIVE_WITH_SIGNED_HOURLY_COMPONENTS
SH-EN-ALERCE,2024-10-12,2024,286,-40.1726,24,2024101200,2024101223,11.24,7.04,5.9900000000000002,11.24,7.04,5.9916666666666671,0,0,0.0016666666666669272,234.74630956100509,204.23289264488531,75.216702972127109,395.44570118923298,0,-30.51341691611978,false,true,ADMITTED_DAILY_NONNEGATIVE_WITH_SIGNED_HOURLY_COMPONENTS
SH-EN-ALERCE,2024-10-13,2024,287,-40.1726,24,2024101300,2024101323,13.31,6.7000000000000002,7.0499999999999998,13.31,6.7000000000000002,7.0516666666666667,0,0,0.0016666666666669272,249.60732029488884,240.84554585339075,69.602819320226786,476.99625913192972,0,-8.7617744414980905,false,true,ADMITTED_DAILY_NONNEGATIVE_WITH_SIGNED_HOURLY_COMPONENTS
SH-EN-ALERCE,2024-10-14,2024,288,-40.1726,24,2024101400,2024101423,12.720000000000001,7.5499999999999998,7.2400000000000002,12.720000000000001,7.5499999999999998,7.237916666666667,0,0,-0.0020833333333332149,236.95466422568211,211.39661339026156,27.411488828717665,461.79888655721697,0,-25.558050835420545,false,true,ADMITTED_DAILY_NONNEGATIVE_WITH_SIGNED_HOURLY_COMPONENTS
SH-EN-ALERCE,2024-10-15,2024,289,-40.1726,24,2024101500,2024101523,14.92,7.4100000000000001,6.6699999999999999,14.92,7.4100000000000001,6.6695833333333328,0,0,-0.00041666666666717589,384.11768382100149,341.20326877294173,55.072952922183049,837.57748898832835,0,-42.914415048059766,false,true,ADMITTED_DAILY_NONNEGATIVE_WITH_SIGNED_HOURLY_COMPONENTS
SH-EN-ALERCE,2024-10-16,2024,290,-40.1726,24,2024101600,2024101623,11.949999999999999,8.0700000000000003,9.5800000000000001,11.949999999999999,8.0700000000000003,9.5808333333333326,0,0,0.00083333333333257542,44.093123636389464,69.735279514320737,-18.480667648502958,124.94602295445429,1,25.642155877931273,false,true,ADMITTED_DAILY_NONNEGATIVE_WITH_SIGNED_HOURLY_COMPONENTS
SH-EN-ALERCE,2024-10-17,2024,291,-40.1726,24,2024101700,2024101723,12.74,9.4299999999999997,10.52,12.74,9.4299999999999997,10.520000000000001,0,0,1.7763568394002505e-15,55.750541098375379,86.306517654424695,5.741396122500646,205.30995436099283,0,30.555976556049316,false,true,ADMITTED_DAILY_NONNEGATIVE_WITH_SIGNED_HOURLY_COMPONENTS
SH-EN-ALERCE,2024-10-18,2024,292,-40.1726,24,2024101800,2024101823,14.18,9.2100000000000009,9.1600000000000001,14.18,9.2100000000000009,9.1595833333333339,0,0,-0.00041666666666628771,230.38292664666005,180.42928553396055,2.3566323354732504,441.65013460451496,0,-49.953641112699501,false,true,ADMITTED_DAILY_NONNEGATIVE_WITH_SIGNED_HOURLY_COMPONENTS
SH-EN-ALERCE,2024-10-19,2024,293,-40.1726,24,2024101900,2024101923,13.550000000000001,8.1699999999999999,8.5099999999999998,13.550000000000001,8.1699999999999999,8.5125000000000011,0,0,0.002500000000001279,208.27840823394195,154.37931993817685,10.742497304539484,395.43512007507002,0,-53.899088295765097,false,true,ADMITTED_DAILY_NONNEGATIVE_WITH_SIGNED_HOURLY_COMPONENTS
SH-EN-ALERCE,2024-10-20,2024,294,-40.1726,24,2024102000,2024102023,12.470000000000001,8.1400000000000006,9.4399999999999995,12.470000000000001,8.1400000000000006,9.4416666666666664,0,0,0.0016666666666669272,82.198734564969527,83.223532631489078,10.942259289720823,172.51059998188862,0,1.0247980665195513,false,true,ADMITTED_DAILY_NONNEGATIVE_WITH_SIGNED_HOURLY_COMPONENTS
SH-EN-ALERCE,2024-10-21,2024,295,-40.1726,24,2024102100,2024102123,13.35,10.33,9.5600000000000005,13.35,10.33,9.5558333333333341,0,0,-0.0041666666666664298,201.67297943702306,177.61825425262393,9.2316760211458586,398.23409287514141,0,-24.054725184399132,false,true,ADMITTED_DAILY_NONNEGATIVE_WITH_SIGNED_HOURLY_COMPONENTS
SH-EN-ALERCE,2024-10-22,2024,296,-40.1726,24,2024102200,2024102223,20.120000000000001,9.8300000000000001,10.08,20.120000000000001,9.8300000000000001,10.082083333333333,0,0,0.0020833333333332149,550.31452999045723,434.47400268058374,74.48688199298158,1104.9586263810281,0,-115.84052730987349,false,true,ADMITTED_DAILY_NONNEGATIVE_WITH_SIGNED_HOURLY_COMPONENTS
SH-EN-ALERCE,2024-10-23,2024,297,-40.1726,24,2024102300,2024102323,13.99,9.4399999999999995,9.7100000000000009,13.99,9.4399999999999995,9.706666666666667,0,0,-0.0033333333333338544,185.79911502736468,183.09308108560842,84.851342038957455,366.3098060915122,0,-2.7060339417562602,false,true,ADMITTED_DAILY_NONNEGATIVE_WITH_SIGNED_HOURLY_COMPONENTS
SH-EN-ALERCE,2024-10-24,2024,298,-40.1726,24,2024102400,2024102423,11.74,8.3699999999999992,7.7999999999999998,11.74,8.3699999999999992,7.7995833333333335,0,0,-0.00041666666666628771,181.15774952936272,172.77705993100759,108.51806982666267,321.17650974653293,0,-8.3806895983551328,false,true,ADMITTED_DAILY_NONNEGATIVE_WITH_SIGNED_HOURLY_COMPONENTS
SH-EN-ALERCE,2024-10-25,2024,299,-40.1726,24,2024102500,2024102523,12.300000000000001,7.4900000000000002,4.8200000000000003,12.300000000000001,7.4900000000000002,4.8179166666666662,0,0,-0.0020833333333341031,371.90019960104803,343.12682961887816,111.58526275159943,597.62175895079088,0,-28.773369982169868,false,true,ADMITTED_DAILY_NONNEGATIVE_WITH_SIGNED_HOURLY_COMPONENTS
SH-EN-ALERCE,2024-10-26,2024,300,-40.1726,24,2024102600,2024102623,15.119999999999999,7.2000000000000002,6.29,15.119999999999999,7.2000000000000002,6.293333333333333,0,0,0.0033333333333329662,413.08255455762583,375.11391218160793,107.72965785109295,764.01688022000872,0,-37.968642376017897,false,true,ADMITTED_DAILY_NONNEGATIVE_WITH_SIGNED_HOURLY_COMPONENTS
SH-EN-ALERCE,2024-10-27,2024,301,-40.1726,24,2024102700,2024102723,14.619999999999999,8.1600000000000001,6.7999999999999998,14.619999999999999,8.1600000000000001,6.7962500000000006,0,0,-0.0037499999999992539,386.11018406308085,354.56333976400271,83.35632880644107,704.7352368595499,0,-31.546844299078145,false,true,ADMITTED_DAILY_NONNEGATIVE_WITH_SIGNED_HOURLY_COMPONENTS
SH-EN-ALERCE,2024-10-28,2024,302,-40.1726,24,2024102800,2024102823,17.43,8.2400000000000002,7.4400000000000004,17.43,8.2400000000000002,7.4441666666666668,0,0,0.0041666666666664298,508.26526241681768,473.36681839312411,59.416209351478756,975.51695756698052,0,-34.898444023693571,false,true,ADMITTED_DAILY_NONNEGATIVE_WITH_SIGNED_HOURLY_COMPONENTS
SH-EN-ALERCE,2024-10-29,2024,303,-40.1726,24,2024102900,2024102923,19.73,10.07,8.8100000000000005,19.73,10.07,8.8091666666666679,0,0,-0.00083333333333257542,633.2019594086546,531.18219167532902,114.26644925913661,1223.7893269666426,0,-102.01976773332558,false,true,ADMITTED_DAILY_NONNEGATIVE_WITH_SIGNED_HOURLY_COMPONENTS
SH-EN-ALERCE,2024-10-30,2024,304,-40.1726,24,2024103000,2024103023,14.199999999999999,9.2899999999999991,9.2300000000000004,14.199999999999999,9.2899999999999991,9.2324999999999999,0,0,0.0024999999999995026,229.08801889685242,226.18974081149796,10.218153738158435,469.85881227917071,0,-2.8982780853544625,false,true,ADMITTED_DAILY_NONNEGATIVE_WITH_SIGNED_HOURLY_COMPONENTS
SH-EN-ALERCE,2024-10-31,2024,305,-40.1726,24,2024103100,2024103123,14.85,8.8300000000000001,8.9700000000000006,14.85,8.8300000000000001,8.9700000000000006,0,0,0,266.20875819885396,222.48059099645226,-7.7189966273633672,573.05723179164102,2,-43.728167202401693,false,true,ADMITTED_DAILY_NONNEGATIVE_WITH_SIGNED_HOURLY_COMPONENTS
SH-EN-ALERCE,2024-11-01,2024,306,-40.1726,24,2024110100,2024110123,12.859999999999999,9.0500000000000007,8.1500000000000004,12.859999999999999,9.0500000000000007,8.1533333333333342,0,0,0.0033333333333338544,234.24902566118908,234.49238822324946,70.179917818383956,503.68772509699465,0,0.24336256206038342,false,true,ADMITTED_DAILY_NONNEGATIVE_WITH_SIGNED_HOURLY_COMPONENTS
SH-EN-ALERCE,2024-11-02,2024,307,-40.1726,24,2024110200,2024110223,12.01,9.0899999999999999,6.0700000000000003,12.01,9.0899999999999999,6.0737500000000004,0,0,0.0037500000000001421,339.62333899205305,331.4890667219085,199.90455362653643,488.36727350233377,0,-8.1342722701445496,false,true,ADMITTED_DAILY_NONNEGATIVE_WITH_SIGNED_HOURLY_COMPONENTS
SH-EN-ALERCE,2024-11-03,2024,308,-40.1726,24,2024110300,2024110323,11.74,10.33,8.9000000000000004,11.74,10.33,8.9037500000000005,0,0,0.0037500000000001421,176.71267923213395,178.47670992916468,82.252872837485484,303.00334425143365,0,1.7640306970307336,false,true,ADMITTED_DAILY_NONNEGATIVE_WITH_SIGNED_HOURLY_COMPONENTS
SH-EN-ALERCE,2024-11-04,2024,309,-40.1726,24,2024110400,2024110423,11.800000000000001,10.18,9.2699999999999996,11.800000000000001,10.18,9.2654166666666669,0,0,-0.0045833333333327175,144.34344826917686,129.48945447542351,57.944088994073354,200.74195116472879,0,-14.853993793753347,false,true,ADMITTED_DAILY_NONNEGATIVE_WITH_SIGNED_HOURLY_COMPONENTS
SH-EN-ALERCE,2024-11-05,2024,310,-40.1726,24,2024110500,2024110523,12.25,10.18,9.9499999999999993,12.25,10.18,9.9454166666666666,0,0,-0.0045833333333327175,110.49861129738224,103.76467633831221,38.39455772002816,235.23302517096067,0,-6.7339349590700266,false,true,ADMITTED_DAILY_NONNEGATIVE_WITH_SIGNED_HOURLY_COMPONENTS
SH-EN-ALERCE,2024-11-06,2024,311,-40.1726,24,2024110600,2024110623,13.800000000000001,8.25,6.3700000000000001,13.800000000000001,8.25,6.3745833333333337,0,0,0.0045833333333336057,375.23833098580928,361.61967655784298,76.782698421446867,668.83525997129561,0,-13.618654427966305,false,true,ADMITTED_DAILY_NONNEGATIVE_WITH_SIGNED_HOURLY_COMPONENTS
SH-EN-ALERCE,2024-11-07,2024,312,-40.1726,24,2024110700,2024110723,13.779999999999999,8.5899999999999999,7.4500000000000002,13.779999999999999,8.5899999999999999,7.4500000000000002,0,0,0,313.04530165506389,311.25683699003986,11.254445009692063,653.37683010643468,0,-1.788464665024037,false,true,ADMITTED_DAILY_NONNEGATIVE_WITH_SIGNED_HOURLY_COMPONENTS
SH-EN-ALERCE,2024-11-08,2024,313,-40.1726,24,2024110800,2024110823,13.720000000000001,11,11.289999999999999,13.720000000000001,11,11.289999999999999,0,0,0,103.01671700457132,95.532828591826274,16.487361306677258,294.12718433926739,0,-7.4838884127450456,false,true,ADMITTED_DAILY_NONNEGATIVE_WITH_SIGNED_HOURLY_COMPONENTS
SH-EN-ALERCE,2024-11-09,2024,314,-40.1726,24,2024110900,2024110923,13.98,9.6199999999999992,9.0299999999999994,13.98,9.6199999999999992,9.0295833333333331,0,0,-0.00041666666666628771,246.39718442241269,274.83407798620425,26.349140020030518,583.61239828680618,0,28.436893563791557,false,true,ADMITTED_DAILY_NONNEGATIVE_WITH_SIGNED_HOURLY_COMPONENTS
SH-EN-ALERCE,2024-11-10,2024,315,-40.1726,24,2024111000,2024111023,11.529999999999999,8.6500000000000004,8.1400000000000006,11.529999999999999,8.6500000000000004,8.1387499999999999,0,0,-0.0012500000000006395,157.39883375450199,176.46966974473955,95.95576728352853,299.27217468650065,0,19.070835990237555,false,true,ADMITTED_DAILY_NONNEGATIVE_WITH_SIGNED_HOURLY_COMPONENTS
SH-EN-ALERCE,2024-11-11,2024,316,-40.1726,24,2024111100,2024111123,11.710000000000001,8.75,6.6900000000000004,11.710000000000001,8.75,6.6933333333333325,0,0,0.003333333333332078,271.65982503856378,233.97219944101053,99.048633986617915,449.88307299215433,0,-37.68762559755325,false,true,ADMITTED_DAILY_NONNEGATIVE_WITH_SIGNED_HOURLY_COMPONENTS
SH-EN-ALERCE,2024-11-12,2024,317,-40.1726,24,2024111200,2024111223,14.09,9.0600000000000005,8.0500000000000007,14.09,9.0600000000000005,8.0495833333333326,0,0,-0.00041666666666806407,303.91634972858037,272.22156234083576,105.18429404096878,538.11563163810979,0,-31.694787387744611,false,true,ADMITTED_DAILY_NONNEGATIVE_WITH_SIGNED_HOURLY_COMPONENTS
SH-EN-ALERCE,2024-11-13,2024,318,-40.1726,24,2024111300,2024111323,15.800000000000001,9.4100000000000001,9.7799999999999994,15.800000000000001,9.4100000000000001,9.7816666666666663,0,0,0.0016666666666669272,277.74226082421637,247.76146152172714,35.048018266536019,553.93818934260048,0,-29.980799302489231,false,true,ADMITTED_DAILY_NONNEGATIVE_WITH_SIGNED_HOURLY_COMPONENTS
SH-EN-ALERCE,2024-11-14,2024,319,-40.1726,24,2024111400,2024111423,14.91,11.31,11.27,14.91,11.31,11.271666666666667,0,0,0.0016666666666669272,181.28972544079284,147.56936455848111,22.051585910096037,338.81941009139882,0,-33.720360882311724,false,true,ADMITTED_DAILY_NONNEGATIVE_WITH_SIGNED_HOURLY_COMPONENTS
SH-EN-ALERCE,2024-11-15,2024,320,-40.1726,24,2024111500,2024111523,12.630000000000001,8.9100000000000001,7.5800000000000001,12.630000000000001,8.9100000000000001,7.5758333333333328,0,0,-0.004166666666667318,259.03527977524459,304.71741975870356,104.53351244355895,505.21337109532158,0,45.682139983458967,false,true,ADMITTED_DAILY_NONNEGATIVE_WITH_SIGNED_HOURLY_COMPONENTS
SH-EN-ALERCE,2024-11-16,2024,321,-40.1726,24,2024111600,2024111623,13.98,8.8100000000000005,6.4699999999999998,13.98,8.8100000000000005,6.4745833333333325,0,0,0.0045833333333327175,398.99258500526594,380.19437496878578,130.86084323899456,636.73554114660112,0,-18.798210036480157,false,true,ADMITTED_DAILY_NONNEGATIVE_WITH_SIGNED_HOURLY_COMPONENTS
SH-EN-ALERCE,2024-11-17,2024,322,-40.1726,24,2024111700,2024111723,16.210000000000001,7.6500000000000004,6.7199999999999998,16.210000000000001,7.6500000000000004,6.7208333333333341,0,0,0.00083333333333435178,462.38313162406996,450.09703084091325,112.86765916847514,862.08873291108864,0,-12.286100783156712,false,true,ADMITTED_DAILY_NONNEGATIVE_WITH_SIGNED_HOURLY_COMPONENTS
SH-EN-ALERCE,2024-11-18,2024,323,-40.1726,24,2024111800,2024111823,20.02,8.4399999999999995,7.46,20.02,8.4399999999999995,7.4616666666666669,0,0,0.0016666666666669272,689.31361302875848,616.82823347237934,100.73053550953307,1429.7532842142111,0,-72.485379556379144,false,true,ADMITTED_DAILY_NONNEGATIVE_WITH_SIGNED_HOURLY_COMPONENTS
SH-EN-ALERCE,2024-11-19,2024,324,-40.1726,24,2024111900,2024111923,12.56,10.039999999999999,8.5800000000000001,12.56,10.039999999999999,8.5804166666666664,0,0,0.00041666666666628771,227.34049731796904,220.94707459568437,50.213678301893651,435.3166807048234,0,-6.3934227222846687,false,true,ADMITTED_DAILY_NONNEGATIVE_WITH_SIGNED_HOURLY_COMPONENTS
SH-EN-ALERCE,2024-11-20,2024,325,-40.1726,24,2024112000,2024112023,14.57,9.9000000000000004,9.6699999999999999,14.57,9.9000000000000004,9.6658333333333335,0,0,-0.0041666666666664298,238.16089943856605,225.75929152968624,55.308560196968529,428.60056697548475,0,-12.401607908879811,false,true,ADMITTED_DAILY_NONNEGATIVE_WITH_SIGNED_HOURLY_COMPONENTS
SH-EN-ALERCE,2024-11-21,2024,326,-40.1726,24,2024112100,2024112123,14.65,8.9700000000000006,7.8499999999999996,14.65,8.9700000000000006,7.8504166666666668,0,0,0.00041666666666717589,344.65785629372454,323.59861169555779,42.685870844147075,608.40060538172406,0,-21.059244598166742,false,true,ADMITTED_DAILY_NONNEGATIVE_WITH_SIGNED_HOURLY_COMPONENTS
SH-EN-ALERCE,2024-11-22,2024,327,-40.1726,24,2024112200,2024112223,13.789999999999999,9.5600000000000005,10.359999999999999,13.789999999999999,9.5600000000000005,10.362916666666667,0,0,0.0029166666666675667,126.6841833772969,166.76631706606901,4.7365078690575046,327.07793370707191,0,40.082133688772103,false,true,ADMITTED_DAILY_NONNEGATIVE_WITH_SIGNED_HOURLY_COMPONENTS
SH-EN-ALERCE,2024-11-23,2024,328,-40.1726,24,2024112300,2024112323,15.51,11.59,11.48,15.51,11.59,11.480416666666665,0,0,0.00041666666666451135,208.43244061078508,186.05946887199369,-20.995868726540948,455.53396236569074,5,-22.372971738791392,false,true,ADMITTED_DAILY_NONNEGATIVE_WITH_SIGNED_HOURLY_COMPONENTS
SH-EN-ALERCE,2024-11-24,2024,329,-40.1726,24,2024112400,2024112423,14.43,11.470000000000001,10.43,14.43,11.470000000000001,10.425416666666667,0,0,-0.0045833333333327175,235.23076325975103,214.03353807323711,45.358003513148333,449.13290743351354,0,-21.197225186513919,false,true,ADMITTED_DAILY_NONNEGATIVE_WITH_SIGNED_HOURLY_COMPONENTS
SH-EN-ALERCE,2024-11-25,2024,330,-40.1726,24,2024112500,2024112523,14.300000000000001,10.449999999999999,10.300000000000001,14.300000000000001,10.449999999999999,10.295833333333333,0,0,-0.0041666666666682062,194.87222846962527,222.40725468715038,87.891306315937754,414.2106231821092,0,27.535026217525115,false,true,ADMITTED_DAILY_NONNEGATIVE_WITH_SIGNED_HOURLY_COMPONENTS
SH-EN-ALERCE,2024-11-26,2024,331,-40.1726,24,2024112600,2024112623,11.25,9.8800000000000008,8.3599999999999994,11.25,9.8800000000000008,8.3633333333333333,0,0,0.0033333333333338544,177.04856153392711,196.17045908456763,155.98334533690468,244.75529557851974,0,19.121897550640512,false,true,ADMITTED_DAILY_NONNEGATIVE_WITH_SIGNED_HOURLY_COMPONENTS
SH-EN-ALERCE,2024-11-27,2024,332,-40.1726,24,2024112700,2024112723,13.09,10.039999999999999,7.4199999999999999,13.09,10.039999999999999,7.4212499999999997,0,0,0.0012499999999997513,337.81322304580931,312.0784934009111,160.52064539399839,495.1409190770795,0,-25.734729644898209,false,true,ADMITTED_DAILY_NONNEGATIVE_WITH_SIGNED_HOURLY_COMPONENTS
SH-EN-ALERCE,2024-11-28,2024,333,-40.1726,24,2024112800,2024112823,13.970000000000001,9.7300000000000004,6.7000000000000002,13.970000000000001,9.7300000000000004,6.6958333333333329,0,0,-0.004166666666667318,419.30175834417946,395.02547210266403,128.22422036770104,679.53278314895772,0,-24.276286241515436,false,true,ADMITTED_DAILY_NONNEGATIVE_WITH_SIGNED_HOURLY_COMPONENTS
SH-EN-ALERCE,2024-11-29,2024,334,-40.1726,24,2024112900,2024112923,17.440000000000001,9.3699999999999992,8.8499999999999996,17.440000000000001,9.3699999999999992,8.8483333333333327,0,0,-0.0016666666666669272,448.27106175814424,428.72802437144816,104.30558947259715,850.99303056267104,0,-19.543037386696085,false,true,ADMITTED_DAILY_NONNEGATIVE_WITH_SIGNED_HOURLY_COMPONENTS
SH-EN-ALERCE,2024-11-30,2024,335,-40.1726,24,2024113000,2024113023,14.93,9.5999999999999996,8.2400000000000002,14.93,9.5999999999999996,8.2445833333333329,0,0,0.0045833333333327175,356.12395198450281,304.21000144615687,96.822431650814224,636.54144034902833,0,-51.913950538345944,false,true,ADMITTED_DAILY_NONNEGATIVE_WITH_SIGNED_HOURLY_COMPONENTS
SH-EN-ALERCE,2024-12-01,2024,336,-40.1726,24,2024120100,2024120123,13.25,8.3300000000000001,7.0599999999999996,13.25,8.3300000000000001,7.0629166666666663,0,0,0.0029166666666666785,303.78683817406829,308.78157257343429,115.3642937351633,628.58724154692368,0,4.9947343993659956,false,true,ADMITTED_DAILY_NONNEGATIVE_WITH_SIGNED_HOURLY_COMPONENTS
SH-EN-ALERCE,2024-12-02,2024,337,-40.1726,24,2024120200,2024120223,14.33,7.6299999999999999,5.6699999999999999,14.33,7.6299999999999999,5.6670833333333333,0,0,-0.0029166666666666785,425.63855714184615,419.53683658718268,119.23268622550972,724.89766500721555,0,-6.1017205546634727,false,true,ADMITTED_DAILY_NONNEGATIVE_WITH_SIGNED_HOURLY_COMPONENTS
SH-EN-ALERCE,2024-12-03,2024,338,-40.1726,24,2024120300,2024120323,15.56,7.79,7.0899999999999999,15.56,7.79,7.0929166666666665,0,0,0.0029166666666666785,404.59911076730043,370.4106840527607,75.078993944954846,761.91289919358553,0,-34.18842671453973,false,true,ADMITTED_DAILY_NONNEGATIVE_WITH_SIGNED_HOURLY_COMPONENTS
SH-EN-ALERCE,2024-12-04,2024,339,-40.1726,24,2024120400,2024120423,12.220000000000001,9.2599999999999998,8.4800000000000004,12.220000000000001,9.2599999999999998,8.4758333333333322,0,0,-0.0041666666666682062,187.36312622764399,187.45245997107887,70.522129621588419,353.70585485301581,0,0.089333743434877988,false,true,ADMITTED_DAILY_NONNEGATIVE_WITH_SIGNED_HOURLY_COMPONENTS
SH-EN-ALERCE,2024-12-05,2024,340,-40.1726,24,2024120500,2024120523,11.949999999999999,10.199999999999999,9.3599999999999994,11.949999999999999,10.199999999999999,9.3650000000000002,0,0,0.0050000000000007816,144.9498965280784,145.76526362914186,72.50001781783044,256.07576909014028,0,0.81536710106345822,false,true,ADMITTED_DAILY_NONNEGATIVE_WITH_SIGNED_HOURLY_COMPONENTS
SH-EN-ALERCE,2024-12-06,2024,341,-40.1726,24,2024120600,2024120623,13.539999999999999,9.75,7.1600000000000001,13.539999999999999,9.75,7.1608333333333327,0,0,0.00083333333333257542,366.60450916935133,352.79042114068528,89.255885783669555,624.12175682456393,0,-13.814088028666049,false,true,ADMITTED_DAILY_NONNEGATIVE_WITH_SIGNED_HOURLY_COMPONENTS
SH-EN-ALERCE,2024-12-07,2024,342,-40.1726,24,2024120700,2024120723,16.829999999999998,8.7899999999999991,7.6100000000000003,16.829999999999998,8.7899999999999991,7.6137499999999996,0,0,0.0037499999999992539,479.80834009570071,454.23803884332369,96.475621763106119,924.62484192614306,0,-25.570301252377021,false,true,ADMITTED_DAILY_NONNEGATIVE_WITH_SIGNED_HOURLY_COMPONENTS
SH-EN-ALERCE,2024-12-08,2024,343,-40.1726,24,2024120800,2024120823,14,8.7599999999999998,7.1500000000000004,14,8.7599999999999998,7.1499999999999995,0,0,-8.8817841970012523e-16,351.86740282825588,323.49914998696551,94.904597242959426,635.28962890792604,0,-28.368252841290371,false,true,ADMITTED_DAILY_NONNEGATIVE_WITH_SIGNED_HOURLY_COMPONENTS
SH-EN-ALERCE,2024-12-09,2024,344,-40.1726,24,2024120900,2024120923,14.49,7.7599999999999998,6.3600000000000003,14.49,7.7599999999999998,6.3604166666666666,0,0,0.00041666666666628771,394.08255631607381,392.3524628958084,102.62552475218945,713.09880380470565,0,-1.7300934202654048,false,true,ADMITTED_DAILY_NONNEGATIVE_WITH_SIGNED_HOURLY_COMPONENTS
SH-EN-ALERCE,2024-12-10,2024,345,-40.1726,24,2024121000,2024121023,14.289999999999999,8.2300000000000004,7.7000000000000002,14.289999999999999,8.2300000000000004,7.7041666666666666,0,0,0.0041666666666664298,308.2685266302019,321.4660068172829,89.206394694315577,643.47175418986103,0,13.197480187080998,false,true,ADMITTED_DAILY_NONNEGATIVE_WITH_SIGNED_HOURLY_COMPONENTS
SH-EN-ALERCE,2024-12-11,2024,346,-40.1726,24,2024121100,2024121123,15.619999999999999,10.09,8.8599999999999994,15.619999999999999,10.09,8.8554166666666667,0,0,-0.0045833333333327175,367.75659654224341,322.19035609634005,91.123964837637686,660.97716929080798,0,-45.566240445903361,false,true,ADMITTED_DAILY_NONNEGATIVE_WITH_SIGNED_HOURLY_COMPONENTS
SH-EN-ALERCE,2024-12-12,2024,347,-40.1726,24,2024121200,2024121223,15.109999999999999,9.25,9.5700000000000003,15.109999999999999,9.25,9.5670833333333345,0,0,-0.0029166666666657903,249.50314380539567,254.94402480992309,80.125158366828146,513.07867711776112,0,5.4408810045274265,false,true,ADMITTED_DAILY_NONNEGATIVE_WITH_SIGNED_HOURLY_COMPONENTS
SH-EN-ALERCE,2024-12-13,2024,348,-40.1726,24,2024121300,2024121323,16.100000000000001,9.9800000000000004,7.9500000000000002,16.100000000000001,9.9800000000000004,7.94625,0,0,-0.0037500000000001421,459.00443829079882,436.8581668346697,72.817026980904075,834.93343431341134,0,-22.146271456129114,false,true,ADMITTED_DAILY_NONNEGATIVE_WITH_SIGNED_HOURLY_COMPONENTS
SH-EN-ALERCE,2024-12-14,2024,349,-40.1726,24,2024121400,2024121423,18.129999999999999,9.1300000000000008,7.54,18.129999999999999,9.1300000000000008,7.5391666666666666,0,0,-0.0008333333333334636,579.93193732057307,567.16286200969682,125.64851182515213,1083.3080918513824,0,-12.769075310876246,false,true,ADMITTED_DAILY_NONNEGATIVE_WITH_SIGNED_HOURLY_COMPONENTS
SH-EN-ALERCE,2024-12-15,2024,350,-40.1726,24,2024121500,2024121523,18.620000000000001,9.7400000000000002,9.5600000000000005,18.620000000000001,9.7400000000000002,9.5645833333333332,0,0,0.0045833333333327175,484.06152189506861,419.54135330385355,22.388149381309859,1009.3583192048122,0,-64.520168591215054,false,true,ADMITTED_DAILY_NONNEGATIVE_WITH_SIGNED_HOURLY_COMPONENTS
SH-EN-ALERCE,2024-12-16,2024,351,-40.1726,24,2024121600,2024121623,16.629999999999999,10.84,11.130000000000001,16.629999999999999,10.84,11.126666666666667,0,0,-0.0033333333333338544,271.68707826601758,241.51139288400509,-15.743295249323637,593.07544916830921,3,-30.175685382012489,false,true,ADMITTED_DAILY_NONNEGATIVE_WITH_SIGNED_HOURLY_COMPONENTS
SH-EN-ALERCE,2024-12-17,2024,352,-40.1726,24,2024121700,2024121723,16.010000000000002,10.69,10.119999999999999,16.010000000000002,10.69,10.119999999999999,0,0,0,314.80612750715454,270.75669027283169,-4.331157342515553,604.24285232304055,1,-44.049437234322852,false,true,ADMITTED_DAILY_NONNEGATIVE_WITH_SIGNED_HOURLY_COMPONENTS
SH-EN-ALERCE,2024-12-18,2024,353,-40.1726,24,2024121800,2024121823,15.4,9.7799999999999994,7.5099999999999998,15.4,9.7799999999999994,7.5116666666666667,0,0,0.0016666666666669272,442.38002953905834,432.0093742786612,28.00466607008525,831.35173038756841,0,-10.370655260397143,false,true,ADMITTED_DAILY_NONNEGATIVE_WITH_SIGNED_HOURLY_COMPONENTS
SH-EN-ALERCE,2024-12-19,2024,354,-40.1726,24,2024121900,2024121923,12.9,8.4800000000000004,9.3800000000000008,12.9,8.4800000000000004,9.3774999999999995,0,0,-0.002500000000001279,120.30738817702081,173.72987954029404,46.419080507665512,391.29733834261947,0,53.422491363273224,false,true,ADMITTED_DAILY_NONNEGATIVE_WITH_SIGNED_HOURLY_COMPONENTS
SH-EN-ALERCE,2024-12-20,2024,355,-40.1726,24,2024122000,2024122023,14.369999999999999,9.0099999999999998,6.6200000000000001,14.369999999999999,9.0099999999999998,6.6187499999999995,0,0,-0.0012500000000006395,417.10062764874567,383.68450927306611,117.85598520491703,781.38908214988442,0,-33.416118375679559,false,true,ADMITTED_DAILY_NONNEGATIVE_WITH_SIGNED_HOURLY_COMPONENTS
SH-EN-ALERCE,2024-12-21,2024,356,-40.1726,24,2024122100,2024122123,16.649999999999999,8.9299999999999997,7.2000000000000002,16.649999999999999,8.9299999999999997,7.199583333333333,0,0,-0.00041666666666717589,503.20332929863901,504.71414833495913,159.20766363119424,919.29217578312671,0,1.5108190363201288,false,true,ADMITTED_DAILY_NONNEGATIVE_WITH_SIGNED_HOURLY_COMPONENTS
SH-EN-ALERCE,2024-12-22,2024,357,-40.1726,24,2024122200,2024122223,17.370000000000001,10.539999999999999,10.279999999999999,17.370000000000001,10.539999999999999,10.279583333333333,0,0,-0.00041666666666628771,377.17845251008544,335.80498536209785,30.39865678862293,899.3136678367357,0,-41.373467147987583,false,true,ADMITTED_DAILY_NONNEGATIVE_WITH_SIGNED_HOURLY_COMPONENTS
SH-EN-ALERCE,2024-12-23,2024,358,-40.1726,24,2024122300,2024122323,16.510000000000002,10.56,9.75,16.510000000000002,10.56,9.7512500000000006,0,0,0.0012500000000006395,369.04843641045022,386.19130039046922,34.38033053788331,784.9712877216341,0,17.142863980019001,false,true,ADMITTED_DAILY_NONNEGATIVE_WITH_SIGNED_HOURLY_COMPONENTS
SH-EN-ALERCE,2024-12-24,2024,359,-40.1726,24,2024122400,2024122423,20.550000000000001,9.5299999999999994,7.8700000000000001,20.550000000000001,9.5299999999999994,7.8654166666666674,0,0,-0.0045833333333327175,741.14560251647163,693.20991949015786,85.974747233673725,1454.9451904825219,0,-47.935683026313768,false,true,ADMITTED_DAILY_NONNEGATIVE_WITH_SIGNED_HOURLY_COMPONENTS
SH-EN-ALERCE,2024-12-25,2024,360,-40.1726,24,2024122500,2024122523,21.640000000000001,11.42,9.1999999999999993,21.640000000000001,11.42,9.2008333333333336,0,0,0.00083333333333435178,804.47786921192437,677.71286629636086,159.82333411727632,1567.0975484115229,0,-126.76500291556351,false,true,ADMITTED_DAILY_NONNEGATIVE_WITH_SIGNED_HOURLY_COMPONENTS
SH-EN-ALERCE,2024-12-26,2024,361,-40.1726,24,2024122600,2024122623,18.809999999999999,11.73,10.6,18.809999999999999,11.73,10.597083333333334,0,0,-0.0029166666666657903,496.41843322956197,438.07016723451306,56.321980677466172,1041.1375849026917,0,-58.348265995048905,false,true,ADMITTED_DAILY_NONNEGATIVE_WITH_SIGNED_HOURLY_COMPONENTS
SH-EN-ALERCE,2024-12-27,2024,362,-40.1726,24,2024122700,2024122723,18.41,12.4,10.06,18.41,12.4,10.055416666666668,0,0,-0.0045833333333327175,545.98683532768769,487.42235565413239,56.333982060503786,990.51467196770682,0,-58.564479673555297,false,true,ADMITTED_DAILY_NONNEGATIVE_WITH_SIGNED_HOURLY_COMPONENTS
SH-EN-ALERCE,2024-12-28,2024,363,-40.1726,24,2024122800,2024122823,17.32,11.26,8.7300000000000004,17.32,11.26,8.7262500000000003,0,0,-0.0037500000000001421,529.18775628828757,492.17121463227295,188.98948239413767,910.43764805855881,0,-37.016541656014624,false,true,ADMITTED_DAILY_NONNEGATIVE_WITH_SIGNED_HOURLY_COMPONENTS
SH-EN-ALERCE,2024-12-29,2024,364,-40.1726,24,2024122900,2024122923,17.920000000000002,10.529999999999999,8.7899999999999991,17.920000000000002,10.529999999999999,8.7883333333333322,0,0,-0.0016666666666669272,531.07103769938794,466.66872518477567,113.29749877611403,999.71022559661719,0,-64.402312514612277,false,true,ADMITTED_DAILY_NONNEGATIVE_WITH_SIGNED_HOURLY_COMPONENTS
SH-EN-ALERCE,2024-12-30,2024,365,-40.1726,24,2024123000,2024123023,14.140000000000001,9.3900000000000006,10,14.140000000000001,9.3900000000000006,9.9987499999999994,0,0,-0.0012500000000006395,167.96109067089492,183.79353410575251,85.917678484673615,370.42323256178747,0,15.832443434857595,false,true,ADMITTED_DAILY_NONNEGATIVE_WITH_SIGNED_HOURLY_COMPONENTS
SH-EN-ALERCE,2024-12-31,2024,366,-40.1726,24,2024123100,2024123123,14.15,9.0399999999999991,7.2400000000000002,14.15,9.0399999999999991,7.2366666666666672,0,0,-0.0033333333333329662,364.21020738985794,346.37916229794297,110.61660937887723,631.71454550930548,0,-17.831045091914973,false,true,ADMITTED_DAILY_NONNEGATIVE_WITH_SIGNED_HOURLY_COMPONENTS
SH-EN-ALERCE,2025-01-01,2025,1,-40.1726,24,2025010100,2025010123,16.649999999999999,9.6099999999999994,8.0600000000000005,16.649999999999999,9.6099999999999994,8.0604166666666668,0,0,0.00041666666666628771,468.54080045587648,449.11644755859851,81.859419904257038,851.75514535633488,0,-19.42435289727797,false,true,ADMITTED_DAILY_NONNEGATIVE_WITH_SIGNED_HOURLY_COMPONENTS
SH-EN-ALERCE,2025-01-02,2025,2,-40.1726,24,2025010200,2025010223,19.219999999999999,9.3699999999999992,9.6400000000000006,19.219999999999999,9.3699999999999992,9.6349999999999998,0,0,-0.0050000000000007816,503.75255524180534,502.89610504942453,96.591266150869842,945.96444886330733,0,-0.85645019238080522,false,true,ADMITTED_DAILY_NONNEGATIVE_WITH_SIGNED_HOURLY_COMPONENTS
SH-EN-ALERCE,2025-01-03,2025,3,-40.1726,24,2025010300,2025010323,19.789999999999999,13.02,12.5,19.789999999999999,13.02,12.503333333333332,0,0,0.003333333333332078,454.41302289224973,385.47504592114365,55.003329791195256,839.42633197308191,0,-68.937976971106082,false,true,ADMITTED_DAILY_NONNEGATIVE_WITH_SIGNED_HOURLY_COMPONENTS
SH-EN-ALERCE,2025-01-04,2025,4,-40.1726,24,2025010400,2025010423,19.219999999999999,12.52,10.84,19.219999999999999,12.52,10.83625,0,0,-0.0037500000000001421,540.74242028601179,454.07503596407838,75.418556338486724,989.03358215071626,0,-86.667384321933412,false,true,ADMITTED_DAILY_NONNEGATIVE_WITH_SIGNED_HOURLY_COMPONENTS
SH-EN-ALERCE,2025-01-05,2025,5,-40.1726,24,2025010500,2025010523,20.079999999999998,11.41,9.4000000000000004,20.079999999999998,11.41,9.4045833333333331,0,0,0.0045833333333327175,669.94882263252248,593.53078078916644,84.280045732400595,1329.3009488166595,0,-76.418041843356036,false,true,ADMITTED_DAILY_NONNEGATIVE_WITH_SIGNED_HOURLY_COMPONENTS
SH-EN-ALERCE,2025-01-06,2025,6,-40.1726,24,2025010600,2025010623,18.280000000000001,12.32,9.9499999999999993,18.280000000000001,12.32,9.9529166666666669,0,0,0.0029166666666675667,542.66683479290054,460.62426106122439,34.788587682870002,1083.5137050570609,0,-82.042573731676157,false,true,ADMITTED_DAILY_NONNEGATIVE_WITH_SIGNED_HOURLY_COMPONENTS
SH-EN-ALERCE,2025-01-07,2025,7,-40.1726,24,2025010700,2025010723,17.670000000000002,11.18,11.35,17.670000000000002,11.18,11.351666666666667,0,0,0.0016666666666669272,331.45811579797441,313.36515031378298,-52.017831122335565,752.68020727376143,4,-18.092965484191438,false,true,ADMITTED_DAILY_NONNEGATIVE_WITH_SIGNED_HOURLY_COMPONENTS
SH-EN-ALERCE,2025-01-08,2025,8,-40.1726,24,2025010800,2025010823,17.25,12.41,12.289999999999999,17.25,12.41,12.290833333333333,0,0,0.00083333333333435178,275.17852647226505,255.36267563819058,32.813120361286565,514.0522803832398,0,-19.815850834074467,false,true,ADMITTED_DAILY_NONNEGATIVE_WITH_SIGNED_HOURLY_COMPONENTS
SH-EN-ALERCE,2025-01-09,2025,9,-40.1726,24,2025010900,2025010923,17.780000000000001,11.039999999999999,7.5700000000000003,17.780000000000001,11.039999999999999,7.5687500000000005,0,0,-0.0012499999999997513,634.15611963237984,615.95662419878988,127.65732244037395,1114.009743296569,0,-18.199495433589959,false,true,ADMITTED_DAILY_NONNEGATIVE_WITH_SIGNED_HOURLY_COMPONENTS
SH-EN-ALERCE,2025-01-10,2025,10,-40.1726,24,2025011000,2025011023,16.68,9.9399999999999995,6.5,16.68,9.9399999999999995,6.5012499999999998,0,0,0.0012499999999997513,592.93060947420145,608.86378407301322,214.60471360325289,1016.0645221744255,0,15.933174598811775,false,true,ADMITTED_DAILY_NONNEGATIVE_WITH_SIGNED_HOURLY_COMPONENTS
SH-EN-ALERCE,2025-01-11,2025,11,-40.1726,24,2025011100,2025011123,20.879999999999999,11.65,9.7300000000000004,20.879999999999999,11.65,9.7287499999999998,0,0,-0.0012500000000006395,713.70539033072464,619.79303926234729,80.534946305070662,1353.5991208817181,0,-93.912351068377347,false,true,ADMITTED_DAILY_NONNEGATIVE_WITH_SIGNED_HOURLY_COMPONENTS
SH-EN-ALERCE,2025-01-12,2025,12,-40.1726,24,2025011200,2025011223,18.739999999999998,11.74,11.59,18.739999999999998,11.74,11.594583333333333,0,0,0.0045833333333327175,405.25775549573018,348.44069237984939,25.444799741447468,703.77613817628685,0,-56.817063115880785,false,true,ADMITTED_DAILY_NONNEGATIVE_WITH_SIGNED_HOURLY_COMPONENTS
SH-EN-ALERCE,2025-01-13,2025,13,-40.1726,24,2025011300,2025011323,16.620000000000001,10.07,7.0499999999999998,16.620000000000001,10.07,7.0454166666666671,0,0,-0.0045833333333327175,557.34165157558857,481.59734621721151,184.12301692092433,993.33712188906293,0,-75.744305358377062,false,true,ADMITTED_DAILY_NONNEGATIVE_WITH_SIGNED_HOURLY_COMPONENTS
SH-EN-ALERCE,2025-01-14,2025,14,-40.1726,24,2025011400,2025011423,14.66,9.2200000000000006,9.2100000000000009,14.66,9.2200000000000006,9.2079166666666676,0,0,-0.0020833333333332149,252.35469207353844,251.78934262260213,20.353481261835896,676.94362285028774,0,-0.56534945093630995,false,true,ADMITTED_DAILY_NONNEGATIVE_WITH_SIGNED_HOURLY_COMPONENTS
SH-EN-ALERCE,2025-01-15,2025,15,-40.1726,24,2025011500,2025011523,15.59,11.75,11.539999999999999,15.59,11.75,11.543333333333335,0,0,0.0033333333333356308,214.82729895608963,225.30963194309712,22.36881241310698,467.0034743908675,0,10.482332987007482,false,true,ADMITTED_DAILY_NONNEGATIVE_WITH_SIGNED_HOURLY_COMPONENTS
SH-EN-ALERCE,2025-01-16,2025,16,-40.1726,24,2025011600,2025011623,16.190000000000001,11.35,9.6999999999999993,16.190000000000001,11.35,9.7008333333333336,0,0,0.00083333333333435178,388.525936239987,357.12841177920535,131.87495147091931,645.84098287602569,0,-31.397524460781653,false,true,ADMITTED_DAILY_NONNEGATIVE_WITH_SIGNED_HOURLY_COMPONENTS
SH-EN-ALERCE,2025-01-17,2025,17,-40.1726,24,2025011700,2025011723,16.550000000000001,10.57,8.5299999999999994,16.550000000000001,10.57,8.5341666666666658,0,0,0.0041666666666664298,467.29492604233587,433.97872575847288,126.483957564604,851.32835133745448,0,-33.316200283862997,false,true,ADMITTED_DAILY_NONNEGATIVE_WITH_SIGNED_HOURLY_COMPONENTS
SH-EN-ALERCE,2025-01-18,2025,18,-40.1726,24,2025011800,2025011823,18.559999999999999,10.050000000000001,8.8599999999999994,18.559999999999999,10.050000000000001,8.8591666666666669,0,0,-0.00083333333333257542,547.69099414169841,517.729203330102,100.97411401222348,1072.9768615587291,0,-29.961790811596416,false,true,ADMITTED_DAILY_NONNEGATIVE_WITH_SIGNED_HOURLY_COMPONENTS
SH-EN-ALERCE,2025-01-19,2025,19,-40.1726,24,2025011900,2025011923,19.73,10.52,9.7100000000000009,19.73,10.52,9.7129166666666666,0,0,0.0029166666666657903,581.14594074651063,463.70956490699854,70.341986342869859,1253.4509581972065,0,-117.4363758395121,false,true,ADMITTED_DAILY_NONNEGATIVE_WITH_SIGNED_HOURLY_COMPONENTS
SH-EN-ALERCE,2025-01-20,2025,20,-40.1726,24,2025012000,2025012023,16.829999999999998,11.199999999999999,12.109999999999999,16.829999999999998,11.199999999999999,12.106666666666667,0,0,-0.003333333333332078,210.8404104303786,198.52447490498628,1.7646281503964474,615.1928007284771,0,-12.31593552539232,false,true,ADMITTED_DAILY_NONNEGATIVE_WITH_SIGNED_HOURLY_COMPONENTS
SH-EN-ALERCE,2025-01-21,2025,21,-40.1726,24,2025012100,2025012123,16.699999999999999,10.69,9.4700000000000006,16.699999999999999,10.69,9.4745833333333334,0,0,0.0045833333333327175,408.52562424881148,391.94321051784215,94.824464980147468,798.67719922658671,0,-16.582413730969336,false,true,ADMITTED_DAILY_NONNEGATIVE_WITH_SIGNED_HOURLY_COMPONENTS
SH-EN-ALERCE,2025-01-22,2025,22,-40.1726,24,2025012200,2025012223,15.06,10.41,9.8100000000000005,15.06,10.41,9.8095833333333342,0,0,-0.00041666666666628771,274.61210654482352,278.56790739859144,42.555826995221196,555.28979813669957,0,3.9558008537679257,false,true,ADMITTED_DAILY_NONNEGATIVE_WITH_SIGNED_HOURLY_COMPONENTS
SH-EN-ALERCE,2025-01-23,2025,23,-40.1726,24,2025012300,2025012323,15.6,12.4,10.970000000000001,15.6,12.4,10.973333333333334,0,0,0.0033333333333338544,296.0695282233205,263.76845877538716,48.481391787323446,556.67337258108955,0,-32.301069447933344,false,true,ADMITTED_DAILY_NONNEGATIVE_WITH_SIGNED_HOURLY_COMPONENTS
SH-EN-ALERCE,2025-01-24,2025,24,-40.1726,24,2025012400,2025012423,16.25,11.32,10.210000000000001,16.25,11.32,10.207916666666668,0,0,-0.0020833333333332149,348.86241202524229,335.95336532333368,121.92411867824262,628.58524883858536,0,-12.909046701908608,false,true,ADMITTED_DAILY_NONNEGATIVE_WITH_SIGNED_HOURLY_COMPONENTS
SH-EN-ALERCE,2025-01-25,2025,25,-40.1726,24,2025012500,2025012523,18.670000000000002,10.43,10.4,18.670000000000002,10.43,10.396666666666667,0,0,-0.0033333333333338544,446.91075917019452,424.27006993445133,71.10203131184926,927.06331320177401,0,-22.640689235743196,false,true,ADMITTED_DAILY_NONNEGATIVE_WITH_SIGNED_HOURLY_COMPONENTS
SH-EN-ALERCE,2025-01-26,2025,26,-40.1726,24,2025012600,2025012623,16.300000000000001,11.43,12.18,16.300000000000001,11.43,12.178750000000001,0,0,-0.0012499999999988631,182.76816161703687,204.26741238655953,11.587683053064211,464.67131480041462,0,21.499250769522661,false,true,ADMITTED_DAILY_NONNEGATIVE_WITH_SIGNED_HOURLY_COMPONENTS
SH-EN-ALERCE,2025-01-27,2025,27,-40.1726,24,2025012700,2025012723,16.399999999999999,10.630000000000001,7.75,16.399999999999999,10.630000000000001,7.7549999999999999,0,0,0.0049999999999998934,518.38149780614231,496.5933745125551,193.94956006390134,862.0309777109054,0,-21.788123293587205,false,true,ADMITTED_DAILY_NONNEGATIVE_WITH_SIGNED_HOURLY_COMPONENTS
SH-EN-ALERCE,2025-01-28,2025,28,-40.1726,24,2025012800,2025012823,18.859999999999999,10.06,8.75,18.859999999999999,10.06,8.7524999999999995,0,0,0.0024999999999995026,576.77687623091037,537.49624240003561,160.13970143229017,1081.1544399464051,0,-39.280633830874763,false,true,ADMITTED_DAILY_NONNEGATIVE_WITH_SIGNED_HOURLY_COMPONENTS
SH-EN-ALERCE,2025-01-29,2025,29,-40.1726,24,2025012900,2025012923,19.859999999999999,11.02,10.140000000000001,19.859999999999999,11.02,10.1425,0,0,0.0024999999999995026,576.74655773033396,480.41532365621248,64.132632591577703,1209.7452716466469,0,-96.331234074121483,false,true,ADMITTED_DAILY_NONNEGATIVE_WITH_SIGNED_HOURLY_COMPONENTS
SH-EN-ALERCE,2025-01-30,2025,30,-40.1726,24,2025013000,2025013023,17.27,10.94,11.74,17.27,10.94,11.7425,0,0,0.0024999999999995026,260.61280906640764,287.74195985014177,8.7769423834927238,701.41736282429315,0,27.129150783734133,false,true,ADMITTED_DAILY_NONNEGATIVE_WITH_SIGNED_HOURLY_COMPONENTS
SH-EN-ALERCE,2025-01-31,2025,31,-40.1726,24,2025013100,2025013123,18.140000000000001,12.18,9.6199999999999992,18.140000000000001,12.18,9.6216666666666679,0,0,0.0016666666666687036,553.72136363429559,509.89925437274604,34.42022327383188,1080.3696350051055,0,-43.822109261549542,false,true,ADMITTED_DAILY_NONNEGATIVE_WITH_SIGNED_HOURLY_COMPONENTS
SH-EN-ALERCE,2025-02-01,2025,32,-40.1726,24,2025020100,2025020123,16.989999999999998,10.710000000000001,9.4700000000000006,16.989999999999998,10.710000000000001,9.4662500000000005,0,0,-0.0037500000000001421,427.03623213686637,392.47603243653401,93.951363770161834,897.59282788807423,0,-34.560199700332362,false,true,ADMITTED_DAILY_NONNEGATIVE_WITH_SIGNED_HOURLY_COMPONENTS
SH-EN-ALERCE,2025-02-02,2025,33,-40.1726,24,2025020200,2025020223,15.85,12.48,11.41,15.85,12.48,11.409999999999998,0,0,-1.7763568394002505e-15,275.33706360237943,253.37419246827164,31.315508764691003,473.7227823765877,0,-21.962871134107786,false,true,ADMITTED_DAILY_NONNEGATIVE_WITH_SIGNED_HOURLY_COMPONENTS
SH-EN-ALERCE,2025-02-03,2025,34,-40.1726,24,2025020300,2025020323,16.219999999999999,12.050000000000001,8.4900000000000002,16.219999999999999,12.050000000000001,8.4912499999999991,0,0,0.0012499999999988631,516.49478762110471,525.4414665783155,310.07510777582775,688.90822228856064,0,8.9466789572107928,false,true,ADMITTED_DAILY_NONNEGATIVE_WITH_SIGNED_HOURLY_COMPONENTS
SH-EN-ALERCE,2025-02-04,2025,35,-40.1726,24,2025020400,2025020423,18.739999999999998,11.09,9.6999999999999993,18.739999999999998,11.09,9.7008333333333336,0,0,0.00083333333333435178,537.8013047519421,569.20366284584031,202.42690119351482,1039.2623075206498,0,31.402358093898215,false,true,ADMITTED_DAILY_NONNEGATIVE_WITH_SIGNED_HOURLY_COMPONENTS
SH-EN-ALERCE,2025-02-05,2025,36,-40.1726,24,2025020500,2025020523,17.52,13.890000000000001,12.94,17.52,13.890000000000001,12.942083333333334,0,0,0.0020833333333349913,302.96867298375491,269.73531195513169,57.498983371990334,441.64228280816678,0,-33.233361028623222,false,true,ADMITTED_DAILY_NONNEGATIVE_WITH_SIGNED_HOURLY_COMPONENTS
SH-EN-ALERCE,2025-02-06,2025,37,-40.1726,24,2025020600,2025020623,17.530000000000001,12.550000000000001,10.94,17.530000000000001,12.550000000000001,10.938750000000001,0,0,-0.0012499999999988631,421.52483634585087,440.0593308155905,249.13612462121478,675.7724068496932,0,18.534494469739627,false,true,ADMITTED_DAILY_NONNEGATIVE_WITH_SIGNED_HOURLY_COMPONENTS
SH-EN-ALERCE,2025-02-07,2025,38,-40.1726,24,2025020700,2025020723,18.190000000000001,11.66,12.029999999999999,18.190000000000001,11.66,12.034166666666666,0,0,0.0041666666666664298,324.76074505655765,351.91213309500978,6.7149612063924451,738.5001956749245,0,27.151388038452126,false,true,ADMITTED_DAILY_NONNEGATIVE_WITH_SIGNED_HOURLY_COMPONENTS
SH-EN-ALERCE,2025-02-08,2025,39,-40.1726,24,2025020800,2025020823,19.780000000000001,14.23,10.57,19.780000000000001,14.23,10.57375,0,0,0.0037500000000001421,688.96300343931239,591.9102387276597,9.9961500035954032,1219.1566171529923,0,-97.052764711652685,false,true,ADMITTED_DAILY_NONNEGATIVE_WITH_SIGNED_HOURLY_COMPONENTS
SH-EN-ALERCE,2025-02-09,2025,40,-40.1726,24,2025020900,2025020923,21.989999999999998,13.1,11.57,21.989999999999998,13.1,11.566249999999998,0,0,-0.0037500000000019185,711.67100017354187,597.3053350043059,52.902624445368701,1512.9500355084319,0,-114.36566516923597,false,true,ADMITTED_DAILY_NONNEGATIVE_WITH_SIGNED_HOURLY_COMPONENTS
SH-EN-ALERCE,2025-02-10,2025,41,-40.1726,24,2025021000,2025021023,17.02,12.07,8.8699999999999992,17.02,12.07,8.8733333333333331,0,0,0.0033333333333338544,536.60197500402069,541.07923721584291,305.15365967053572,867.41784501212874,0,4.4772622118222216,false,true,ADMITTED_DAILY_NONNEGATIVE_WITH_SIGNED_HOURLY_COMPONENTS
SH-EN-ALERCE,2025-02-11,2025,42,-40.1726,24,2025021100,2025021123,16.460000000000001,11.18,8.4100000000000001,16.460000000000001,11.18,8.4049999999999994,0,0,-0.0050000000000007816,497.35804283182301,469.78469172860326,209.66679332967851,776.77382976897161,0,-27.57335110321975,false,true,ADMITTED_DAILY_NONNEGATIVE_WITH_SIGNED_HOURLY_COMPONENTS
SH-EN-ALERCE,2025-02-12,2025,43,-40.1726,24,2025021200,2025021223,17.760000000000002,9.8000000000000007,8.4900000000000002,17.760000000000002,9.8000000000000007,8.4945833333333329,0,0,0.0045833333333327175,513.2246264247708,491.19209834913948,125.54124262057371,966.83700062277944,0,-22.032528075631319,false,true,ADMITTED_DAILY_NONNEGATIVE_WITH_SIGNED_HOURLY_COMPONENTS
SH-EN-ALERCE,2025-02-13,2025,44,-40.1726,24,2025021300,2025021323,16.239999999999998,10.4,9.6500000000000004,16.239999999999998,10.4,9.6512499999999992,0,0,0.0012499999999988631,354.35023050986797,307.86207808023431,69.371176459425669,713.70746341259451,0,-46.488152429633658,false,true,ADMITTED_DAILY_NONNEGATIVE_WITH_SIGNED_HOURLY_COMPONENTS
SH-EN-ALERCE,2025-02-14,2025,45,-40.1726,24,2025021400,2025021423,15.98,11.640000000000001,9.8000000000000007,15.98,11.640000000000001,9.7983333333333338,0,0,-0.0016666666666669272,381.18784365640295,320.1743689455767,125.90396398470943,656.21902593102141,0,-61.013474710826245,false,true,ADMITTED_DAILY_NONNEGATIVE_WITH_SIGNED_HOURLY_COMPONENTS
SH-EN-ALERCE,2025-02-15,2025,46,-40.1726,24,2025021500,2025021523,16.16,10.57,8.6799999999999997,16.16,10.57,8.6762500000000014,0,0,-0.0037499999999983658,432.83004874498965,376.93360459996831,125.21362826446875,789.48924936057529,0,-55.896444145021349,false,true,ADMITTED_DAILY_NONNEGATIVE_WITH_SIGNED_HOURLY_COMPONENTS
SH-EN-ALERCE,2025-02-16,2025,47,-40.1726,24,2025021600,2025021623,15.02,9.3100000000000005,9.1099999999999994,15.02,9.3100000000000005,9.105833333333333,0,0,-0.0041666666666664298,283.3149058179547,263.97521811645942,69.230412456076238,517.12781505819248,0,-19.339687701495279,false,true,ADMITTED_DAILY_NONNEGATIVE_WITH_SIGNED_HOURLY_COMPONENTS
SH-EN-ALERCE,2025-02-17,2025,48,-40.1726,24,2025021700,2025021723,17.440000000000001,9.6600000000000001,7.6299999999999999,17.440000000000001,9.6600000000000001,7.6320833333333331,0,0,0.0020833333333332149,550.31111298518135,518.14981652047868,161.35508011509273,988.50063625012126,0,-32.161296464702673,false,true,ADMITTED_DAILY_NONNEGATIVE_WITH_SIGNED_HOURLY_COMPONENTS
SH-EN-ALERCE,2025-02-18,2025,49,-40.1726,24,2025021800,2025021823,19.469999999999999,10.26,10.34,19.469999999999999,10.26,10.338333333333333,0,0,-0.0016666666666669272,499.86771241646147,443.24331400109668,137.22137183633777,911.0525064628132,0,-56.624398415364794,false,true,ADMITTED_DAILY_NONNEGATIVE_WITH_SIGNED_HOURLY_COMPONENTS
SH-EN-ALERCE,2025-02-19,2025,50,-40.1726,24,2025021900,2025021923,17.210000000000001,10.69,9.6400000000000006,17.210000000000001,10.69,9.6404166666666669,0,0,0.00041666666666628771,426.13581943058921,341.19332535538575,100.0840963355804,864.06464425558147,0,-84.942494075203456,false,true,ADMITTED_DAILY_NONNEGATIVE_WITH_SIGNED_HOURLY_COMPONENTS
SH-EN-ALERCE,2025-02-20,2025,51,-40.1726,24,2025022000,2025022023,14.369999999999999,11.23,10.52,14.369999999999999,11.23,10.5175,0,0,-0.0024999999999995026,213.74442686813063,194.875911698512,55.555131043870006,392.04537180085663,0,-18.868515169618632,false,true,ADMITTED_DAILY_NONNEGATIVE_WITH_SIGNED_HOURLY_COMPONENTS
SH-EN-ALERCE,2025-02-21,2025,52,-40.1726,24,2025022100,2025022123,15.380000000000001,11.130000000000001,10.800000000000001,15.380000000000001,11.130000000000001,10.8025,0,0,0.0024999999999995026,240.44494617010582,223.1245828524001,39.91909292965056,503.00002449228509,0,-17.320363317705727,false,true,ADMITTED_DAILY_NONNEGATIVE_WITH_SIGNED_HOURLY_COMPONENTS
SH-EN-ALERCE,2025-02-22,2025,53,-40.1726,24,2025022200,2025022223,15.84,12.23,13.550000000000001,15.84,12.23,13.552083333333334,0,0,0.0020833333333332149,59.366811593999273,82.310310477048731,22.394195616419893,156.95707786857997,0,22.943498883049458,false,true,ADMITTED_DAILY_NONNEGATIVE_WITH_SIGNED_HOURLY_COMPONENTS
SH-EN-ALERCE,2025-02-23,2025,54,-40.1726,24,2025022300,2025022323,16.859999999999999,12.970000000000001,13.859999999999999,16.859999999999999,12.970000000000001,13.860416666666666,0,0,0.00041666666666628771,123.58024190888636,121.8484854515483,-2.9859678657726363,429.67787161829028,1,-1.731756457338065,false,true,ADMITTED_DAILY_NONNEGATIVE_WITH_SIGNED_HOURLY_COMPONENTS
SH-EN-ALERCE,2025-02-24,2025,55,-40.1726,24,2025022400,2025022423,16.890000000000001,12.32,11.69,16.890000000000001,12.32,11.685416666666667,0,0,-0.0045833333333327175,304.19886240805249,258.09404562448185,48.067904025624784,608.05421195864392,0,-46.104816783570641,false,true,ADMITTED_DAILY_NONNEGATIVE_WITH_SIGNED_HOURLY_COMPONENTS
SH-EN-ALERCE,2025-02-25,2025,56,-40.1726,24,2025022500,2025022523,18.120000000000001,11.609999999999999,11.76,18.120000000000001,11.609999999999999,11.762500000000001,0,0,0.002500000000001279,342.73552910153717,289.41438969373047,59.098157333800827,755.51301794781693,0,-53.321139407806697,false,true,ADMITTED_DAILY_NONNEGATIVE_WITH_SIGNED_HOURLY_COMPONENTS
SH-EN-ALERCE,2025-02-26,2025,57,-40.1726,24,2025022600,2025022623,20.289999999999999,12.52,11.57,20.289999999999999,12.52,11.567500000000001,0,0,-0.0024999999999995026,552.70004822697274,403.73554253053999,65.382928389683002,1155.9135570723272,0,-148.96450569643275,false,true,ADMITTED_DAILY_NONNEGATIVE_WITH_SIGNED_HOURLY_COMPONENTS
SH-EN-ALERCE,2025-02-27,2025,58,-40.1726,24,2025022700,2025022723,14.77,12.84,12.19,14.77,12.84,12.189583333333333,0,0,-0.00041666666666628771,160.979288816495,125.78502653560724,70.693562332491865,243.10559716898501,0,-35.194262280887756,false,true,ADMITTED_DAILY_NONNEGATIVE_WITH_SIGNED_HOURLY_COMPONENTS
SH-EN-ALERCE,2025-02-28,2025,59,-40.1726,24,2025022800,2025022823,15.32,10.94,12.51,15.32,10.94,12.511249999999999,0,0,0.0012499999999988631,73.709764886474886,134.98759704114991,38.702403043412687,250.15235362986436,0,61.277832154675025,false,true,ADMITTED_DAILY_NONNEGATIVE_WITH_SIGNED_HOURLY_COMPONENTS
SH-EN-ALERCE,2025-03-01,2025,60,-40.1726,24,2025030100,2025030123,16.18,10.640000000000001,9.5899999999999999,16.18,10.640000000000001,9.5895833333333336,0,0,-0.00041666666666628771,365.83349030193244,348.45968886490914,65.405200086266177,724.19661927998004,0,-17.373801437023303,false,true,ADMITTED_DAILY_NONNEGATIVE_WITH_SIGNED_HOURLY_COMPONENTS
SH-EN-ALERCE,2025-03-02,2025,61,-40.1726,24,2025030200,2025030223,15.5,13.029999999999999,13.24,15.5,13.029999999999999,13.240833333333333,0,0,0.00083333333333257542,109.42030111222516,90.385791636412463,39.591285140153786,169.56150171148829,0,-19.034509475812698,false,true,ADMITTED_DAILY_NONNEGATIVE_WITH_SIGNED_HOURLY_COMPONENTS
SH-EN-ALERCE,2025-03-03,2025,62,-40.1726,24,2025030300,2025030323,15.460000000000001,12.56,10.99,15.460000000000001,12.56,10.984999999999999,0,0,-0.0050000000000007816,294.01500159040597,287.43299533056557,115.0461909896776,501.01396347942614,0,-6.5820062598403979,false,true,ADMITTED_DAILY_NONNEGATIVE_WITH_SIGNED_HOURLY_COMPONENTS
SH-EN-ALERCE,2025-03-04,2025,63,-40.1726,24,2025030400,2025030423,16.120000000000001,13.470000000000001,13.57,16.120000000000001,13.470000000000001,13.57,0,0,0,133.81883500889717,125.59821266169767,82.865025703647916,191.04876710349731,0,-8.2206223471994946,false,true,ADMITTED_DAILY_NONNEGATIVE_WITH_SIGNED_HOURLY_COMPONENTS
SH-EN-ALERCE,2025-03-05,2025,64,-40.1726,24,2025030500,2025030523,17.210000000000001,12.76,13.93,17.210000000000001,12.76,13.9275,0,0,-0.0024999999999995026,127.68551461278821,147.85366633462951,43.881918673529299,354.74717502553676,0,20.168151721841298,false,true,ADMITTED_DAILY_NONNEGATIVE_WITH_SIGNED_HOURLY_COMPONENTS
SH-EN-ALERCE,2025-03-06,2025,65,-40.1726,24,2025030600,2025030623,15.859999999999999,12.49,13.35,15.859999999999999,12.49,13.346666666666666,0,0,-0.0033333333333338544,92.901442609981132,132.23669972348728,39.893338526356047,229.93054113089306,0,39.335257113506145,false,true,ADMITTED_DAILY_NONNEGATIVE_WITH_SIGNED_HOURLY_COMPONENTS
SH-EN-ALERCE,2025-03-07,2025,66,-40.1726,24,2025030700,2025030723,14.859999999999999,12.23,10.109999999999999,14.859999999999999,12.23,10.109999999999999,0,0,0,319.9632772831319,284.64214908599803,116.62983337211767,550.67875526454532,0,-35.321128197133874,false,true,ADMITTED_DAILY_NONNEGATIVE_WITH_SIGNED_HOURLY_COMPONENTS
SH-EN-ALERCE,2025-03-08,2025,67,-40.1726,24,2025030800,2025030823,16.149999999999999,9.9199999999999999,7.5899999999999999,16.149999999999999,9.9199999999999999,7.5933333333333337,0,0,0.0033333333333338544,485.40975346385312,453.9159047516082,124.22764541371066,827.02235464761452,0,-31.493848712244926,false,true,ADMITTED_DAILY_NONNEGATIVE_WITH_SIGNED_HOURLY_COMPONENTS
SH-EN-ALERCE,2025-03-09,2025,68,-40.1726,24,2025030900,2025030923,17.969999999999999,8.9199999999999999,9.2799999999999994,17.969999999999999,8.9199999999999999,9.2779166666666661,0,0,-0.0020833333333332149,431.02660276803908,385.53056544681107,-9.2492466053445241,999.39136012187475,1,-45.496037321228016,false,true,ADMITTED_DAILY_NONNEGATIVE_WITH_SIGNED_HOURLY_COMPONENTS
SH-EN-ALERCE,2025-03-10,2025,69,-40.1726,24,2025031000,2025031023,16.309999999999999,9.9000000000000004,9.6400000000000006,16.309999999999999,9.9000000000000004,9.6354166666666661,0,0,-0.0045833333333344939,338.52922657502063,406.10925967514851,1.0359242452191211,870.97577451248299,0,67.580033100127878,false,true,ADMITTED_DAILY_NONNEGATIVE_WITH_SIGNED_HOURLY_COMPONENTS
SH-EN-ALERCE,2025-03-11,2025,70,-40.1726,24,2025031100,2025031123,17.960000000000001,8.0399999999999991,6.96,17.960000000000001,8.0399999999999991,6.96,0,0,0,568.13936757478689,517.378615233505,146.39604260661406,1017.7621611025822,0,-50.760752341281886,false,true,ADMITTED_DAILY_NONNEGATIVE_WITH_SIGNED_HOURLY_COMPONENTS
SH-EN-ALERCE,2025-03-12,2025,71,-40.1726,24,2025031200,2025031223,21.039999999999999,9.7599999999999998,8.4700000000000006,21.039999999999999,9.7599999999999998,8.4712499999999995,0,0,0.0012499999999988631,743.14129549018048,657.71278127393862,152.2734050043498,1494.69854833723,0,-85.428514216241865,false,true,ADMITTED_DAILY_NONNEGATIVE_WITH_SIGNED_HOURLY_COMPONENTS
SH-EN-ALERCE,2025-03-13,2025,72,-40.1726,24,2025031300,2025031323,17.82,10.68,9.8699999999999992,17.82,10.68,9.8683333333333341,0,0,-0.0016666666666651508,445.5916663457258,424.92940632718677,215.68935994028152,694.50807139572657,0,-20.66226001853903,false,true,ADMITTED_DAILY_NONNEGATIVE_WITH_SIGNED_HOURLY_COMPONENTS
SH-EN-ALERCE,2025-03-14,2025,73,-40.1726,24,2025031400,2025031423,15.859999999999999,9.0500000000000007,8.4900000000000002,15.859999999999999,9.0500000000000007,8.4887499999999996,0,0,-0.0012500000000006395,367.91709676902133,312.97694799432833,101.85885140761275,680.89475126368279,0,-54.940148774693,false,true,ADMITTED_DAILY_NONNEGATIVE_WITH_SIGNED_HOURLY_COMPONENTS
SH-EN-ALERCE,2025-03-15,2025,74,-40.1726,24,2025031500,2025031523,14.869999999999999,9.6300000000000008,8.3800000000000008,14.869999999999999,9.6300000000000008,8.3795833333333345,0,0,-0.00041666666666628771,343.63476170488138,281.03923384168428,74.134538490361365,654.34569382703057,0,-62.595527863197105,false,true,ADMITTED_DAILY_NONNEGATIVE_WITH_SIGNED_HOURLY_COMPONENTS
SH-EN-ALERCE,2025-03-16,2025,75,-40.1726,24,2025031600,2025031623,14.029999999999999,8.5999999999999996,8.7100000000000009,14.029999999999999,8.5999999999999996,8.7120833333333341,0,0,0.0020833333333332149,233.80008652895026,206.59464184568208,18.393038609755877,512.26642432086282,0,-27.205444683268183,false,true,ADMITTED_DAILY_NONNEGATIVE_WITH_SIGNED_HOURLY_COMPONENTS
SH-EN-ALERCE,2025-03-17,2025,76,-40.1726,24,2025031700,2025031723,15.01,10.49,11.43,15.01,10.49,11.433333333333332,0,0,0.003333333333332078,136.94724950595423,133.03480826796334,-37.338608975365787,321.35622398547866,4,-3.9124412379908904,false,true,ADMITTED_DAILY_NONNEGATIVE_WITH_SIGNED_HOURLY_COMPONENTS
SH-EN-ALERCE,2025-03-18,2025,77,-40.1726,24,2025031800,2025031823,17.18,9.8699999999999992,9.4299999999999997,17.18,9.8699999999999992,9.4312500000000004,0,0,0.0012500000000006395,406.78533665803639,331.19559826717614,-18.992836125708436,925.28887384206701,2,-75.589738390860248,false,true,ADMITTED_DAILY_NONNEGATIVE_WITH_SIGNED_HOURLY_COMPONENTS
SH-EN-ALERCE,2025-03-19,2025,78,-40.1726,24,2025031900,2025031923,16.629999999999999,9.2400000000000002,11.48,16.629999999999999,9.2400000000000002,11.482083333333334,0,0,0.0020833333333332149,174.59281205441107,162.87412959548109,-17.371471389233648,504.00671001143792,3,-11.718682458929976,false,true,ADMITTED_DAILY_NONNEGATIVE_WITH_SIGNED_HOURLY_COMPONENTS
SH-EN-ALERCE,2025-03-20,2025,79,-40.1726,24,2025032000,2025032023,17.050000000000001,12.890000000000001,14.19,17.050000000000001,12.890000000000001,14.190416666666666,0,0,0.00041666666666628771,97.030318611971097,86.359413474287422,-50.386126723218922,313.88382632281105,10,-10.670905137683675,false,true,ADMITTED_DAILY_NONNEGATIVE_WITH_SIGNED_HOURLY_COMPONENTS
SH-EN-ALERCE,2025-03-21,2025,80,-40.1726,24,2025032100,2025032123,15.68,10.140000000000001,10.42,15.68,10.140000000000001,10.422500000000001,0,0,0.002500000000001279,247.53819081720599,251.72081464845652,-46.115427190207811,524.39153167857853,6,4.1826238312505382,false,true,ADMITTED_DAILY_NONNEGATIVE_WITH_SIGNED_HOURLY_COMPONENTS
SH-EN-ALERCE,2025-03-22,2025,81,-40.1726,24,2025032200,2025032223,15.380000000000001,8.5399999999999991,5.9199999999999999,15.380000000000001,8.5399999999999991,5.9216666666666669,0,0,0.0016666666666669272,500.24959826580823,461.68169756676821,130.78547585660851,870.9346415142561,0,-38.567900699040024,false,true,ADMITTED_DAILY_NONNEGATIVE_WITH_SIGNED_HOURLY_COMPONENTS
SH-EN-ALERCE,2025-03-23,2025,82,-40.1726,24,2025032300,2025032323,17.379999999999999,10.01,5.3200000000000003,17.379999999999999,10.01,5.3220833333333335,0,0,0.0020833333333332149,714.84752979954283,651.54305735572734,259.04991775604594,1140.1932376803029,0,-63.304472443815484,false,true,ADMITTED_DAILY_NONNEGATIVE_WITH_SIGNED_HOURLY_COMPONENTS
SH-EN-ALERCE,2025-03-24,2025,83,-40.1726,24,2025032400,2025032423,19.98,9.4100000000000001,5.4100000000000001,19.98,9.4100000000000001,5.415,0,0,0.0049999999999998934,860.22499182027354,776.66979736600013,343.80557591934894,1433.517662440931,0,-83.555194454273419,false,true,ADMITTED_DAILY_NONNEGATIVE_WITH_SIGNED_HOURLY_COMPONENTS
SH-EN-ALERCE,2025-03-25,2025,84,-40.1726,24,2025032500,2025032523,20.57,11.58,8.2300000000000004,20.57,11.58,8.2316666666666674,0,0,0.0016666666666669272,803.44032586483149,596.27079889030415,51.896894255211464,1343.4426125525035,0,-207.16952697452734,false,true,ADMITTED_DAILY_NONNEGATIVE_WITH_SIGNED_HOURLY_COMPONENTS
SH-EN-ALERCE,2025-03-26,2025,85,-40.1726,24,2025032600,2025032623,13.34,11.48,11.449999999999999,13.34,11.48,11.453333333333333,0,0,0.0033333333333338544,90.799302555452869,78.544037635532064,26.875139995265044,142.65794427267338,0,-12.255264919920805,false,true,ADMITTED_DAILY_NONNEGATIVE_WITH_SIGNED_HOURLY_COMPONENTS
SH-EN-ALERCE,2025-03-27,2025,86,-40.1726,24,2025032700,2025032723,13.029999999999999,11.51,11.74,13.029999999999999,11.51,11.744166666666667,0,0,0.0041666666666664298,50.600332018216477,42.679290342989766,22.145020927767973,67.335727680587979,0,-7.9210416752267108,false,true,ADMITTED_DAILY_NONNEGATIVE_WITH_SIGNED_HOURLY_COMPONENTS
SH-EN-ALERCE,2025-03-28,2025,87,-40.1726,24,2025032800,2025032823,14.4,11.66,11.869999999999999,14.4,11.66,11.869999999999999,0,0,0,115.41568248822341,94.699333028143386,20.101000624105836,258.22996207626966,0,-20.716349460080025,false,true,ADMITTED_DAILY_NONNEGATIVE_WITH_SIGNED_HOURLY_COMPONENTS
SH-EN-ALERCE,2025-03-29,2025,88,-40.1726,24,2025032900,2025032923,14.75,10.949999999999999,11.140000000000001,14.75,10.949999999999999,11.136666666666665,0,0,-0.0033333333333356308,168.24407823450656,158.08085262040566,62.326912699107652,263.752647315182,0,-10.163225614100895,false,true,ADMITTED_DAILY_NONNEGATIVE_WITH_SIGNED_HOURLY_COMPONENTS
SH-EN-ALERCE,2025-03-30,2025,89,-40.1726,24,2025033000,2025033023,13.42,10.32,8.6400000000000006,13.42,10.32,8.6408333333333331,0,0,0.00083333333333257542,276.54530403287299,283.72413029312929,92.69710543369456,402.17244418541327,0,7.1788262602563009,false,true,ADMITTED_DAILY_NONNEGATIVE_WITH_SIGNED_HOURLY_COMPONENTS
SH-EN-ALERCE,2025-03-31,2025,90,-40.1726,24,2025033100,2025033123,13.630000000000001,9.4700000000000006,7.7199999999999998,13.630000000000001,9.4700000000000006,7.71875,0,0,-0.0012499999999997513,320.34251493814509,292.86106331982194,112.84267765707773,559.45225839633395,0,-27.481451618323149,false,true,ADMITTED_DAILY_NONNEGATIVE_WITH_SIGNED_HOURLY_COMPONENTS
SH-EN-ALERCE,2025-04-01,2025,91,-40.1726,24,2025040100,2025040123,14.289999999999999,9.2699999999999996,7.8799999999999999,14.289999999999999,9.2699999999999996,7.8791666666666664,0,0,-0.0008333333333334636,335.02177967663215,283.26099433169821,135.21883947815695,594.0021293192317,0,-51.760785344933936,false,true,ADMITTED_DAILY_NONNEGATIVE_WITH_SIGNED_HOURLY_COMPONENTS
SH-EN-ALERCE,2025-04-02,2025,92,-40.1726,24,2025040200,2025040223,13.25,11.390000000000001,11.109999999999999,13.25,11.390000000000001,11.110833333333334,0,0,0.00083333333333435178,112.44462794360129,97.783994880354228,18.344375439294708,182.60888591539401,0,-14.660633063247062,false,true,ADMITTED_DAILY_NONNEGATIVE_WITH_SIGNED_HOURLY_COMPONENTS
SH-EN-ALERCE,2025-04-03,2025,93,-40.1726,24,2025040300,2025040323,17.050000000000001,7.5499999999999998,5.46,17.050000000000001,7.5499999999999998,5.4579166666666667,0,0,-0.0020833333333332149,591.38338668980737,543.93033909358394,110.38745302397422,1100.9574218162354,0,-47.453047596223428,false,true,ADMITTED_DAILY_NONNEGATIVE_WITH_SIGNED_HOURLY_COMPONENTS
SH-EN-ALERCE,2025-04-04,2025,94,-40.1726,24,2025040400,2025040423,18.699999999999999,9.9399999999999995,4.7599999999999998,18.699999999999999,9.9399999999999995,4.7558333333333334,0,0,-0.0041666666666664298,832.01351789155956,777.02842203682633,515.87630399752948,1306.5658865502774,0,-54.985095854733231,false,true,ADMITTED_DAILY_NONNEGATIVE_WITH_SIGNED_HOURLY_COMPONENTS
SH-EN-ALERCE,2025-04-05,2025,95,-40.1726,24,2025040500,2025040523,17.43,10.68,6.5499999999999998,17.43,10.68,6.5462500000000006,0,0,-0.0037499999999992539,666.78973891393991,589.00751741848774,350.89198624102301,1091.6328715410796,0,-77.782221495452177,false,true,ADMITTED_DAILY_NONNEGATIVE_WITH_SIGNED_HOURLY_COMPONENTS
SH-EN-ALERCE,2025-04-06,2025,96,-40.1726,24,2025040600,2025040623,14.289999999999999,9.6799999999999997,9.3599999999999994,14.289999999999999,9.6799999999999997,9.3608333333333338,0,0,0.00083333333333435178,239.12661905636241,244.77777427501883,82.801359427809075,401.43539490769103,0,5.6511552186564131,false,true,ADMITTED_DAILY_NONNEGATIVE_WITH_SIGNED_HOURLY_COMPONENTS
SH-EN-ALERCE,2025-04-07,2025,97,-40.1726,24,2025040700,2025040723,16.510000000000002,11.369999999999999,10.140000000000001,16.510000000000002,11.369999999999999,10.13625,0,0,-0.0037500000000001421,372.33030675470059,313.69169225440083,82.445480250520632,737.27155434352403,0,-58.638614500299752,false,true,ADMITTED_DAILY_NONNEGATIVE_WITH_SIGNED_HOURLY_COMPONENTS
SH-EN-ALERCE,2025-04-08,2025,98,-40.1726,24,2025040800,2025040823,15.82,11.09,10.369999999999999,15.82,11.09,10.365416666666667,0,0,-0.0045833333333327175,300.29481468291965,242.5669746251175,28.669697188352757,582.29323533852971,0,-57.727840057802155,false,true,ADMITTED_DAILY_NONNEGATIVE_WITH_SIGNED_HOURLY_COMPONENTS
SH-EN-ALERCE,2025-04-09,2025,99,-40.1726,24,2025040900,2025040923,13.66,11.27,10.34,13.66,11.27,10.337083333333334,0,0,-0.0029166666666657903,193.84487768047688,202.83973636879207,46.036060082043605,385.80534231827642,0,8.9948586883151904,false,true,ADMITTED_DAILY_NONNEGATIVE_WITH_SIGNED_HOURLY_COMPONENTS
SH-EN-ALERCE,2025-04-10,2025,100,-40.1726,24,2025041000,2025041023,12.9,11.76,9.3499999999999996,12.9,11.76,9.3466666666666658,0,0,-0.0033333333333338544,258.77164295063903,243.56225092921696,131.96340922959894,387.89741386332707,0,-15.209392021422076,false,true,ADMITTED_DAILY_NONNEGATIVE_WITH_SIGNED_HOURLY_COMPONENTS
SH-EN-ALERCE,2025-04-11,2025,101,-40.1726,24,2025041100,2025041123,12.58,10.140000000000001,9.8599999999999994,12.58,10.140000000000001,9.8566666666666674,0,0,-0.003333333333332078,131.83239050491807,169.13565212764397,114.53081900486109,243.07055103241782,0,37.303261622725898,false,true,ADMITTED_DAILY_NONNEGATIVE_WITH_SIGNED_HOURLY_COMPONENTS
SH-EN-ALERCE,2025-04-12,2025,102,-40.1726,24,2025041200,2025041223,13.35,9.7300000000000004,8.2200000000000006,13.35,9.7300000000000004,8.2195833333333326,0,0,-0.00041666666666806407,280.21571217135283,241.8005043700939,115.83973642408091,453.86323411261105,0,-38.41520780125893,false,true,ADMITTED_DAILY_NONNEGATIVE_WITH_SIGNED_HOURLY_COMPONENTS
SH-EN-ALERCE,2025-04-13,2025,103,-40.1726,24,2025041300,2025041323,13.210000000000001,9.6999999999999993,8.9000000000000004,13.210000000000001,9.6999999999999993,8.8974999999999991,0,0,-0.002500000000001279,220.65425808028317,201.80216856203035,64.068302798734976,402.58020143583371,0,-18.852089518252825,false,true,ADMITTED_DAILY_NONNEGATIVE_WITH_SIGNED_HOURLY_COMPONENTS
SH-EN-ALERCE,2025-04-14,2025,104,-40.1726,24,2025041400,2025041423,13.199999999999999,11.66,10.99,13.199999999999999,11.66,10.989583333333334,0,0,-0.00041666666666628771,132.61108822110941,133.05109852911229,64.554002357027684,228.99802015467048,0,0.44001030800288277,false,true,ADMITTED_DAILY_NONNEGATIVE_WITH_SIGNED_HOURLY_COMPONENTS
SH-EN-ALERCE,2025-04-15,2025,105,-40.1726,24,2025041500,2025041523,12.800000000000001,11.08,10.77,12.800000000000001,11.08,10.7675,0,0,-0.0024999999999995026,106.22059196710188,117.89673042425518,65.292056499664341,211.95690536785355,0,11.6761384571533,false,true,ADMITTED_DAILY_NONNEGATIVE_WITH_SIGNED_HOURLY_COMPONENTS
SH-EN-ALERCE,2025-04-16,2025,106,-40.1726,24,2025041600,2025041623,13.51,10.76,10.08,13.51,10.76,10.0825,0,0,0.0024999999999995026,185.63600815634777,190.95963722012266,54.271970619186504,377.80515475646439,0,5.323629063774888,false,true,ADMITTED_DAILY_NONNEGATIVE_WITH_SIGNED_HOURLY_COMPONENTS
SH-EN-ALERCE,2025-04-17,2025,107,-40.1726,24,2025041700,2025041723,13.24,9.7599999999999998,8.7599999999999998,13.24,9.7599999999999998,8.7645833333333325,0,0,0.0045833333333327175,235.32144377518989,257.53548220269897,128.25588338623265,424.3278027709955,0,22.214038427509081,false,true,ADMITTED_DAILY_NONNEGATIVE_WITH_SIGNED_HOURLY_COMPONENTS
SH-EN-ALERCE,2025-04-18,2025,108,-40.1726,24,2025041800,2025041823,14.82,9.2400000000000002,7.7699999999999996,14.82,9.2400000000000002,7.7654166666666669,0,0,-0.0045833333333327175,370.16618587205403,290.64882280202153,104.94923370478887,639.44620935998751,0,-79.517363070032502,false,true,ADMITTED_DAILY_NONNEGATIVE_WITH_SIGNED_HOURLY_COMPONENTS
SH-EN-ALERCE,2025-04-19,2025,109,-40.1726,24,2025041900,2025041923,16.170000000000002,7.8700000000000001,6.5499999999999998,16.170000000000002,7.8700000000000001,6.5454166666666671,0,0,-0.0045833333333327175,479.39687754864246,392.67920668608321,143.51743977975343,938.18735886847071,0,-86.71767086255926,false,true,ADMITTED_DAILY_NONNEGATIVE_WITH_SIGNED_HOURLY_COMPONENTS
SH-EN-ALERCE,2025-04-20,2025,110,-40.1726,24,2025042000,2025042023,13.300000000000001,8.5800000000000001,9.3499999999999996,13.300000000000001,8.5800000000000001,9.3454166666666669,0,0,-0.0045833333333327175,146.16402311659272,115.71981881467359,37.466803136167528,179.4339427318771,0,-30.444204301919129,false,true,ADMITTED_DAILY_NONNEGATIVE_WITH_SIGNED_HOURLY_COMPONENTS
SH-EN-ALERCE,2025-04-21,2025,111,-40.1726,24,2025042100,2025042123,14.06,11.619999999999999,12.029999999999999,14.06,11.619999999999999,12.030000000000001,0,0,1.7763568394002505e-15,80.981212055853348,96.382174590018778,24.89750260016126,192.49834963050171,0,15.40096253416543,false,true,ADMITTED_DAILY_NONNEGATIVE_WITH_SIGNED_HOURLY_COMPONENTS
SH-EN-ALERCE,2025-04-22,2025,112,-40.1726,24,2025042200,2025042223,15.24,12.19,13.59,15.24,12.19,13.58625,0,0,-0.0037500000000001421,19.489486839765732,41.860146798977496,24.308408359676832,89.08170845808263,0,22.370659959211764,false,true,ADMITTED_DAILY_NONNEGATIVE_WITH_SIGNED_HOURLY_COMPONENTS
SH-EN-ALERCE,2025-04-23,2025,113,-40.1726,24,2025042300,2025042323,14.890000000000001,11.390000000000001,10.66,14.890000000000001,11.390000000000001,10.657083333333334,0,0,-0.0029166666666657903,236.88155156621951,176.46274375259179,89.724145231250532,406.54172775064762,0,-60.418807813627723,false,true,ADMITTED_DAILY_NONNEGATIVE_WITH_SIGNED_HOURLY_COMPONENTS
SH-EN-ALERCE,2025-04-24,2025,114,-40.1726,24,2025042400,2025042423,13.279999999999999,10.710000000000001,10.73,13.279999999999999,10.710000000000001,10.729583333333332,0,0,-0.00041666666666806407,117.18458684586949,110.04938316736384,54.078154701344147,242.89072510541519,0,-7.135203678505647,false,true,ADMITTED_DAILY_NONNEGATIVE_WITH_SIGNED_HOURLY_COMPONENTS
SH-EN-ALERCE,2025-04-25,2025,115,-40.1726,24,2025042500,2025042523,11.24,9.6899999999999995,7.6299999999999999,11.24,9.6899999999999995,7.6345833333333326,0,0,0.0045833333333327175,222.2113484403435,216.43638599848396,165.61202142376851,305.1904790989206,0,-5.7749624418595431,false,true,ADMITTED_DAILY_NONNEGATIVE_WITH_SIGNED_HOURLY_COMPONENTS
SH-EN-ALERCE,2025-04-26,2025,116,-40.1726,24,2025042600,2025042623,12,10.140000000000001,9.4100000000000001,12,10.140000000000001,9.4087499999999995,0,0,-0.0012500000000006395,140.79773514497174,163.20758299232998,94.494295414929638,223.45739862768255,0,22.409847847358236,false,true,ADMITTED_DAILY_NONNEGATIVE_WITH_SIGNED_HOURLY_COMPONENTS
SH-EN-ALERCE,2025-04-27,2025,117,-40.1726,24,2025042700,2025042723,13.25,9.8100000000000005,9.4199999999999999,13.25,9.8100000000000005,9.4220833333333331,0,0,0.0020833333333332149,186.38401915172722,186.57564039380836,76.523924470396651,370.49695910719583,0,0.19162124208114051,false,true,ADMITTED_DAILY_NONNEGATIVE_WITH_SIGNED_HOURLY_COMPONENTS
SH-EN-ALERCE,2025-04-28,2025,118,-40.1726,24,2025042800,2025042823,13.220000000000001,8.9900000000000002,8.8200000000000003,13.220000000000001,8.9900000000000002,8.8237500000000004,0,0,0.0037500000000001421,199.19904154417645,147.41814514376313,51.224457464585385,345.67906296472893,0,-51.780896400413326,false,true,ADMITTED_DAILY_NONNEGATIVE_WITH_SIGNED_HOURLY_COMPONENTS
SH-EN-ALERCE,2025-04-29,2025,119,-40.1726,24,2025042900,2025042923,12.550000000000001,8.4800000000000004,8.1300000000000008,12.550000000000001,8.4800000000000004,8.1283333333333321,0,0,-0.0016666666666687036,198.99377254787782,147.28811005759349,49.245718988440785,357.87309142608501,0,-51.70566249028434,false,true,ADMITTED_DAILY_NONNEGATIVE_WITH_SIGNED_HOURLY_COMPONENTS
SH-EN-ALERCE,2025-04-30,2025,120,-40.1726,24,2025043000,2025043023,12.279999999999999,8.9900000000000002,9.0600000000000005,12.279999999999999,8.9900000000000002,9.0583333333333336,0,0,-0.0016666666666669272,135.25552080235161,129.81181642848637,62.032007990077318,247.79786132406366,0,-5.4437043738652449,false,true,ADMITTED_DAILY_NONNEGATIVE_WITH_SIGNED_HOURLY_COMPONENTS
SH-EN-ALERCE,2025-05-01,2025,121,-40.1726,24,2025050100,2025050123,12.390000000000001,10.93,9.5700000000000003,12.390000000000001,10.93,9.5658333333333339,0,0,-0.0041666666666664298,179.806049517769,203.89779164077174,171.94695969054806,261.4677224621696,0,24.091742123002746,false,true,ADMITTED_DAILY_NONNEGATIVE_WITH_SIGNED_HOURLY_COMPONENTS
SH-EN-ALERCE,2025-05-02,2025,122,-40.1726,24,2025050200,2025050223,11.59,11.09,9.2300000000000004,11.59,11.09,9.2266666666666666,0,0,-0.0033333333333338544,176.81907535299729,173.91819282519032,64.544666315148561,284.4348461977861,0,-2.9008825278069708,false,true,ADMITTED_DAILY_NONNEGATIVE_WITH_SIGNED_HOURLY_COMPONENTS
SH-EN-ALERCE,2025-05-03,2025,123,-40.1726,24,2025050300,2025050323,12.76,9.4000000000000004,9.1099999999999994,12.76,9.4000000000000004,9.1133333333333333,0,0,0.0033333333333338544,170.31686243798549,179.76278835144521,33.838549514506894,355.16623844462924,0,9.4459259134597175,false,true,ADMITTED_DAILY_NONNEGATIVE_WITH_SIGNED_HOURLY_COMPONENTS
SH-EN-ALERCE,2025-05-04,2025,124,-40.1726,24,2025050400,2025050423,11.15,9.2699999999999996,5.8499999999999996,11.15,9.2699999999999996,5.845416666666666,0,0,-0.0045833333333336057,322.0723163606159,296.05244370041663,216.28442742668233,417.595654249022,0,-26.019872660199269,false,true,ADMITTED_DAILY_NONNEGATIVE_WITH_SIGNED_HOURLY_COMPONENTS
SH-EN-ALERCE,2025-05-05,2025,125,-40.1726,24,2025050500,2025050523,11.27,7.96,8.0600000000000005,11.27,7.96,8.0587499999999999,0,0,-0.0012500000000006395,125.99461477435966,136.03007075488412,81.878649796095033,240.90043359707954,0,10.035455980524461,false,true,ADMITTED_DAILY_NONNEGATIVE_WITH_SIGNED_HOURLY_COMPONENTS
SH-EN-ALERCE,2025-05-06,2025,126,-40.1726,24,2025050600,2025050623,12.98,11.25,8.4800000000000004,12.98,11.25,8.4812500000000011,0,0,0.0012500000000006395,306.90245590078848,288.06632244866728,57.246326968996982,488.43726954069132,0,-18.836133452121203,false,true,ADMITTED_DAILY_NONNEGATIVE_WITH_SIGNED_HOURLY_COMPONENTS
SH-EN-ALERCE,2025-05-07,2025,127,-40.1726,24,2025050700,2025050723,12,11.029999999999999,9.2300000000000004,12,11.029999999999999,9.2324999999999999,0,0,0.0024999999999995026,192.92783237624121,181.24910890171455,74.873690092075549,304.31698950277541,0,-11.678723474526663,false,true,ADMITTED_DAILY_NONNEGATIVE_WITH_SIGNED_HOURLY_COMPONENTS
SH-EN-ALERCE,2025-05-08,2025,128,-40.1726,24,2025050800,2025050823,12.59,10.98,10.869999999999999,12.59,10.98,10.874166666666667,0,0,0.0041666666666682062,83.106964075447422,84.021945643986527,69.779353083667502,100.50457917395306,0,0.91498156853910473,false,true,ADMITTED_DAILY_NONNEGATIVE_WITH_SIGNED_HOURLY_COMPONENTS
SH-EN-ALERCE,2025-05-09,2025,129,-40.1726,24,2025050900,2025050923,13.130000000000001,11.960000000000001,11.6,13.130000000000001,11.960000000000001,11.597083333333332,0,0,-0.0029166666666675667,88.716170101130047,83.459303343856988,31.06462990725413,144.82461497918416,0,-5.256866757273059,false,true,ADMITTED_DAILY_NONNEGATIVE_WITH_SIGNED_HOURLY_COMPONENTS
SH-EN-ALERCE,2025-05-10,2025,130,-40.1726,24,2025051000,2025051023,14.35,11.59,11.58,14.35,11.59,11.58,0,0,0,135.99544094068347,90.111193494121949,23.782748710890019,262.03598453881204,0,-45.884247446561517,false,true,ADMITTED_DAILY_NONNEGATIVE_WITH_SIGNED_HOURLY_COMPONENTS
SH-EN-ALERCE,2025-05-11,2025,131,-40.1726,24,2025051100,2025051123,12.18,10.42,9.7599999999999998,12.18,10.42,9.762083333333333,0,0,0.0020833333333332149,132.77277569532203,109.42111244339185,44.23088475066902,236.66257736197645,0,-23.351663251930177,false,true,ADMITTED_DAILY_NONNEGATIVE_WITH_SIGNED_HOURLY_COMPONENTS
SH-EN-ALERCE,2025-05-12,2025,132,-40.1726,24,2025051200,2025051223,12.619999999999999,10.48,10.42,12.619999999999999,10.48,10.420416666666666,0,0,0.00041666666666628771,101.5301565098232,99.946350031053839,41.582810086538075,233.93108325074309,0,-1.5838064787693611,false,true,ADMITTED_DAILY_NONNEGATIVE_WITH_SIGNED_HOURLY_COMPONENTS
SH-EN-ALERCE,2025-05-13,2025,133,-40.1726,24,2025051300,2025051323,13.27,11.699999999999999,11.539999999999999,13.27,11.699999999999999,11.542083333333332,0,0,0.0020833333333332149,89.160708927296128,88.374416223277947,28.928835196688397,196.18982260614462,0,-0.78629270401818019,false,true,ADMITTED_DAILY_NONNEGATIVE_WITH_SIGNED_HOURLY_COMPONENTS
SH-EN-ALERCE,2025-05-14,2025,134,-40.1726,24,2025051400,2025051423,12.609999999999999,11.57,11,12.609999999999999,11.57,11.000416666666666,0,0,0.00041666666666628771,98.922490800032847,100.84757842711754,66.778584768208475,192.80904325318966,0,1.9250876270846931,false,true,ADMITTED_DAILY_NONNEGATIVE_WITH_SIGNED_HOURLY_COMPONENTS
SH-EN-ALERCE,2025-05-15,2025,135,-40.1726,24,2025051500,2025051523,12.81,12.1,11.59,12.81,12.1,11.592500000000001,0,0,0.002500000000001279,80.455562728492168,82.703531677385541,56.761921251454396,126.75659330397298,0,2.247968948893373,false,true,ADMITTED_DAILY_NONNEGATIVE_WITH_SIGNED_HOURLY_COMPONENTS
SH-EN-ALERCE,2025-05-16,2025,136,-40.1726,24,2025051600,2025051623,13.539999999999999,12.130000000000001,12.039999999999999,13.539999999999999,12.130000000000001,12.035833333333334,0,0,-0.0041666666666646535,76.800937405994546,72.172362031042539,56.476262224520042,196.8536404369911,0,-4.6285753749520069,false,true,ADMITTED_DAILY_NONNEGATIVE_WITH_SIGNED_HOURLY_COMPONENTS
SH-EN-ALERCE,2025-05-17,2025,137,-40.1726,24,2025051700,2025051723,11.890000000000001,8.9600000000000009,7.0599999999999996,11.890000000000001,8.9600000000000009,7.0637499999999998,0,0,0.0037500000000001421,262.69884307993937,256.028815506748,113.20228414605117,402.61372110114826,0,-6.6700275731913621,false,true,ADMITTED_DAILY_NONNEGATIVE_WITH_SIGNED_HOURLY_COMPONENTS
SH-EN-ALERCE,2025-05-18,2025,138,-40.1726,24,2025051800,2025051823,9.4000000000000004,8.3499999999999996,7.1699999999999999,9.4000000000000004,8.3499999999999996,7.1670833333333333,0,0,-0.0029166666666666785,125.41928540741992,135.1321839303607,119.67086275653367,149.26627618774842,0,9.712898522940776,false,true,ADMITTED_DAILY_NONNEGATIVE_WITH_SIGNED_HOURLY_COMPONENTS
SH-EN-ALERCE,2025-05-19,2025,139,-40.1726,24,2025051900,2025051923,11.359999999999999,9.25,7.0300000000000002,11.359999999999999,9.25,7.0341666666666667,0,0,0.0041666666666664298,252.10290421217746,239.55033742378123,148.95535320853264,335.00845422407667,0,-12.552566788396234,false,true,ADMITTED_DAILY_NONNEGATIVE_WITH_SIGNED_HOURLY_COMPONENTS
SH-EN-ALERCE,2025-05-20,2025,140,-40.1726,24,2025052000,2025052023,12.890000000000001,8.0500000000000007,7.0999999999999996,12.890000000000001,8.0500000000000007,7.1000000000000005,0,0,8.8817841970012523e-16,272.96892850891277,228.41625868697182,96.167409446942884,522.38248859529517,0,-44.552669821940952,false,true,ADMITTED_DAILY_NONNEGATIVE_WITH_SIGNED_HOURLY_COMPONENTS
SH-EN-ALERCE,2025-05-21,2025,141,-40.1726,24,2025052100,2025052123,11.92,8.5,7.3600000000000003,11.92,8.5,7.3587500000000006,0,0,-0.0012499999999997513,225.62207391604647,273.22748092636766,69.6084129703288,378.05376174069193,0,47.605407010321187,false,true,ADMITTED_DAILY_NONNEGATIVE_WITH_SIGNED_HOURLY_COMPONENTS
SH-EN-ALERCE,2025-05-22,2025,142,-40.1726,24,2025052200,2025052223,10.67,7.3399999999999999,6.2800000000000002,10.67,7.3399999999999999,6.2774999999999999,0,0,-0.0025000000000003908,201.4505696878889,222.99104478933543,138.45698264503983,314.21377301006351,0,21.540475101446532,false,true,ADMITTED_DAILY_NONNEGATIVE_WITH_SIGNED_HOURLY_COMPONENTS
SH-EN-ALERCE,2025-05-23,2025,143,-40.1726,24,2025052300,2025052323,11.44,9.1699999999999999,8.3100000000000005,11.44,9.1699999999999999,8.3100000000000005,0,0,0,160.82833669074444,153.68442238999225,52.882000680193414,293.47135593151654,0,-7.1439143007521864,false,true,ADMITTED_DAILY_NONNEGATIVE_WITH_SIGNED_HOURLY_COMPONENTS
SH-EN-ALERCE,2025-05-24,2025,144,-40.1726,24,2025052400,2025052423,10.890000000000001,8.4299999999999997,7.4000000000000004,10.890000000000001,8.4299999999999997,7.4016666666666673,0,0,0.0016666666666669272,174.15921017423352,175.19154726187483,103.79589813658345,263.92438504980078,0,1.0323370876413094,false,true,ADMITTED_DAILY_NONNEGATIVE_WITH_SIGNED_HOURLY_COMPONENTS
SH-EN-ALERCE,2025-05-25,2025,145,-40.1726,24,2025052500,2025052523,13,10.01,10.09,13,10.01,10.09125,0,0,0.0012500000000006395,127.89026994861524,130.55321259655349,68.256818475489126,243.48436567501358,0,2.6629426479382516,false,true,ADMITTED_DAILY_NONNEGATIVE_WITH_SIGNED_HOURLY_COMPONENTS
SH-EN-ALERCE,2025-05-26,2025,146,-40.1726,24,2025052600,2025052623,11.08,7.3200000000000003,6.6299999999999999,11.08,7.3200000000000003,6.632083333333334,0,0,0.0020833333333341031,195.21120361407168,189.80404181004124,123.38003586110904,310.95897908019094,0,-5.4071618040304372,false,true,ADMITTED_DAILY_NONNEGATIVE_WITH_SIGNED_HOURLY_COMPONENTS
SH-EN-ALERCE,2025-05-27,2025,147,-40.1726,24,2025052700,2025052723,9.3900000000000006,7.1100000000000003,4.5999999999999996,9.3900000000000006,7.1100000000000003,4.6012499999999994,0,0,0.0012499999999997513,245.8037488687994,239.00944854210221,146.62425924352328,369.96775400601052,0,-6.7943003266971971,false,true,ADMITTED_DAILY_NONNEGATIVE_WITH_SIGNED_HOURLY_COMPONENTS
SH-EN-ALERCE,2025-05-28,2025,148,-40.1726,24,2025052800,2025052823,10.76,6.0199999999999996,5.0700000000000003,10.76,6.0199999999999996,5.072916666666667,0,0,0.0029166666666666785,237.57913439521326,224.64754081315905,140.6662057804258,393.7838074306826,0,-12.931593582054205,false,true,ADMITTED_DAILY_NONNEGATIVE_WITH_SIGNED_HOURLY_COMPONENTS
SH-EN-ALERCE,2025-05-29,2025,149,-40.1726,24,2025052900,2025052923,12.06,9.0999999999999996,9.6300000000000008,12.06,9.0999999999999996,9.6262500000000006,0,0,-0.0037500000000001421,84.134410134965719,87.746806259054537,26.503889899421665,140.43186302700133,0,3.6123961240888178,false,true,ADMITTED_DAILY_NONNEGATIVE_WITH_SIGNED_HOURLY_COMPONENTS
SH-EN-ALERCE,2025-05-30,2025,150,-40.1726,24,2025053000,2025053023,10.74,7.8700000000000001,6.2400000000000002,10.74,7.8700000000000001,6.2429166666666669,0,0,0.0029166666666666785,225.99193077387542,222.36985805685393,147.87778690942287,372.42544941664266,0,-3.6220727170214957,false,true,ADMITTED_DAILY_NONNEGATIVE_WITH_SIGNED_HOURLY_COMPONENTS
SH-EN-ALERCE,2025-05-31,2025,151,-40.1726,24,2025053100,2025053123,10.029999999999999,7.6900000000000004,4.8799999999999999,10.029999999999999,7.6900000000000004,4.8804166666666662,0,0,0.00041666666666628771,275.34998947763779,262.01544099620151,164.53040182950338,373.82804091021762,0,-13.334548481436286,false,true,ADMITTED_DAILY_NONNEGATIVE_WITH_SIGNED_HOURLY_COMPONENTS
SH-EN-ALERCE,2025-06-01,2025,152,-40.1726,24,2025060100,2025060123,12.16,9.1400000000000006,8.2899999999999991,12.16,9.1400000000000006,8.2854166666666664,0,0,-0.0045833333333327175,194.05460053100524,190.1300060632644,23.114560485058746,326.0342200288452,0,-3.9245944677408318,false,true,ADMITTED_DAILY_NONNEGATIVE_WITH_SIGNED_HOURLY_COMPONENTS
SH-EN-ALERCE,2025-06-02,2025,153,-40.1726,24,2025060200,2025060223,12.19,11.529999999999999,11.369999999999999,12.19,11.529999999999999,11.372916666666667,0,0,0.0029166666666675667,44.607312125344833,54.055490703028653,21.30234901461381,95.972295161851662,0,9.4481785776838194,false,true,ADMITTED_DAILY_NONNEGATIVE_WITH_SIGNED_HOURLY_COMPONENTS
SH-EN-ALERCE,2025-06-03,2025,154,-40.1726,24,2025060300,2025060323,12.44,11.31,11.369999999999999,12.44,11.31,11.367083333333333,0,0,-0.0029166666666657903,46.544048943271491,41.729223847143906,21.475636627170161,95.493252648230964,0,-4.8148250961275849,false,true,ADMITTED_DAILY_NONNEGATIVE_WITH_SIGNED_HOURLY_COMPONENTS
SH-EN-ALERCE,2025-06-04,2025,155,-40.1726,24,2025060400,2025060423,11.23,6.9699999999999998,7.0599999999999996,11.23,6.9699999999999998,7.0562499999999995,0,0,-0.0037500000000001421,160.36413431068047,155.86091080956905,67.141253135787792,332.22261634920005,0,-4.503223501111421,false,true,ADMITTED_DAILY_NONNEGATIVE_WITH_SIGNED_HOURLY_COMPONENTS
SH-EN-ALERCE,2025-06-05,2025,156,-40.1726,24,2025060500,2025060523,10.26,6,5.0199999999999996,10.26,6,5.0204166666666667,0,0,0.00041666666666717589,218.78598113429825,170.30789056158463,70.877819327023644,389.72877550960959,0,-48.478090572713626,false,true,ADMITTED_DAILY_NONNEGATIVE_WITH_SIGNED_HOURLY_COMPONENTS
SH-EN-ALERCE,2025-06-06,2025,157,-40.1726,24,2025060600,2025060623,10.67,6.3300000000000001,5.6900000000000004,10.67,6.3300000000000001,5.6862500000000002,0,0,-0.0037500000000001421,205.21333762562381,169.48032625156304,66.561881600042739,436.5366187984722,0,-35.733011374060766,false,true,ADMITTED_DAILY_NONNEGATIVE_WITH_SIGNED_HOURLY_COMPONENTS
SH-EN-ALERCE,2025-06-07,2025,158,-40.1726,24,2025060700,2025060723,10.289999999999999,8.5700000000000003,7.3600000000000003,10.289999999999999,8.5700000000000003,7.364583333333333,0,0,0.0045833333333327175,156.68658273232904,160.08738121522225,128.14902374974986,218.79029396980036,0,3.4007984828932081,false,true,ADMITTED_DAILY_NONNEGATIVE_WITH_SIGNED_HOURLY_COMPONENTS
SH-EN-ALERCE,2025-06-08,2025,159,-40.1726,24,2025060800,2025060823,10.890000000000001,7.0499999999999998,5.5300000000000002,10.890000000000001,7.0499999999999998,5.5300000000000002,0,0,0,249.11029461399266,242.22834681176792,104.58266042635398,413.01869370475993,0,-6.8819478022247438,false,true,ADMITTED_DAILY_NONNEGATIVE_WITH_SIGNED_HOURLY_COMPONENTS
SH-EN-ALERCE,2025-06-09,2025,160,-40.1726,24,2025060900,2025060923,11.26,6.6299999999999999,5.7300000000000004,11.26,6.6299999999999999,5.7270833333333329,0,0,-0.0029166666666675667,238.35793647811795,226.78676831096752,109.8417860005186,390.055938996328,0,-11.571168167150432,false,true,ADMITTED_DAILY_NONNEGATIVE_WITH_SIGNED_HOURLY_COMPONENTS
SH-EN-ALERCE,2025-06-10,2025,161,-40.1726,24,2025061000,2025061023,11.369999999999999,8.0700000000000003,8.4199999999999999,11.369999999999999,8.0700000000000003,8.418333333333333,0,0,-0.0016666666666669272,107.77771795166927,118.71387565269241,52.975057122686167,260.09765816389563,0,10.936157701023134,false,true,ADMITTED_DAILY_NONNEGATIVE_WITH_SIGNED_HOURLY_COMPONENTS
SH-EN-ALERCE,2025-06-11,2025,162,-40.1726,24,2025061100,2025061123,10.77,8.9499999999999993,9.0199999999999996,10.77,8.9499999999999993,9.0158333333333331,0,0,-0.0041666666666664298,68.871131682756413,86.643333982970958,63.357183425152925,119.56901424123907,0,17.772202300214545,false,true,ADMITTED_DAILY_NONNEGATIVE_WITH_SIGNED_HOURLY_COMPONENTS
SH-EN-ALERCE,2025-06-12,2025,163,-40.1726,24,2025061200,2025061223,11.23,7.8899999999999997,7.1500000000000004,11.23,7.8899999999999997,7.154583333333334,0,0,0.0045833333333336057,186.61415739962911,172.10376070954172,83.476218966026408,326.92533899771786,0,-14.51039669008739,false,true,ADMITTED_DAILY_NONNEGATIVE_WITH_SIGNED_HOURLY_COMPONENTS
SH-EN-ALERCE,2025-06-13,2025,164,-40.1726,24,2025061300,2025061323,9.5099999999999998,8.5999999999999996,7.25,9.5099999999999998,8.5999999999999996,7.2549999999999999,0,0,0.0049999999999998934,133.62418656933289,130.28403542695844,73.785448425804134,186.81629399238432,0,-3.3401511423744523,false,true,ADMITTED_DAILY_NONNEGATIVE_WITH_SIGNED_HOURLY_COMPONENTS
SH-EN-ALERCE,2025-06-14,2025,165,-40.1726,24,2025061400,2025061423,12.57,8.5299999999999994,9.8300000000000001,12.57,8.5299999999999994,9.8295833333333338,0,0,-0.00041666666666628771,70.092008560552358,72.32204103664786,44.089322276821122,108.68000477613828,0,2.2300324760955021,false,true,ADMITTED_DAILY_NONNEGATIVE_WITH_SIGNED_HOURLY_COMPONENTS
SH-EN-ALERCE,2025-06-15,2025,166,-40.1726,24,2025061500,2025061523,12.09,9.4900000000000002,9.0399999999999991,12.09,9.4900000000000002,9.0404166666666672,0,0,0.00041666666666806407,147.59903576556121,154.28749374860388,67.340606892503274,228.80104816311518,0,6.6884579830426674,false,true,ADMITTED_DAILY_NONNEGATIVE_WITH_SIGNED_HOURLY_COMPONENTS
SH-EN-ALERCE,2025-06-16,2025,167,-40.1726,24,2025061600,2025061623,9.0299999999999994,7.8499999999999996,6.3499999999999996,9.0299999999999994,7.8499999999999996,6.3491666666666662,0,0,-0.0008333333333334636,148.11228330670838,150.22061338754477,98.339434745909784,187.91354287089462,0,2.1083300808363958,false,true,ADMITTED_DAILY_NONNEGATIVE_WITH_SIGNED_HOURLY_COMPONENTS
SH-EN-ALERCE,2025-06-17,2025,168,-40.1726,24,2025061700,2025061723,8.8399999999999999,7.3700000000000001,6.0300000000000002,8.8399999999999999,7.3700000000000001,6.0258333333333338,0,0,-0.0041666666666664298,144.60104877425999,157.09534842832832,109.69272068312,273.48349675144584,0,12.494299654068328,false,true,ADMITTED_DAILY_NONNEGATIVE_WITH_SIGNED_HOURLY_COMPONENTS
SH-EN-ALERCE,2025-06-18,2025,169,-40.1726,24,2025061800,2025061823,10.49,7.4100000000000001,5.9900000000000002,10.49,7.4100000000000001,5.9854166666666666,0,0,-0.0045833333333336057,215.18069693691018,222.14326485346547,99.793751651368666,344.06820224083106,0,6.9625679165552867,false,true,ADMITTED_DAILY_NONNEGATIVE_WITH_SIGNED_HOURLY_COMPONENTS
SH-EN-ALERCE,2025-06-19,2025,170,-40.1726,24,2025061900,2025061923,11.73,9.6199999999999992,9.7899999999999991,11.73,9.6199999999999992,9.7883333333333322,0,0,-0.0016666666666669272,76.625541410528967,61.67512906403465,28.765540748972626,96.430006188144489,0,-14.950412346494318,false,true,ADMITTED_DAILY_NONNEGATIVE_WITH_SIGNED_HOURLY_COMPONENTS
SH-EN-ALERCE,2025-06-20,2025,171,-40.1726,24,2025062000,2025062023,11.5,8.8900000000000006,8.4399999999999995,11.5,8.8900000000000006,8.4358333333333331,0,0,-0.0041666666666664298,142.92731774350773,114.0824537932745,34.642331710218741,281.16203887169956,0,-28.844863950233233,false,true,ADMITTED_DAILY_NONNEGATIVE_WITH_SIGNED_HOURLY_COMPONENTS
SH-EN-ALERCE,2025-06-21,2025,172,-40.1726,24,2025062100,2025062123,11.83,8.1500000000000004,8.5899999999999999,11.83,8.1500000000000004,8.5924999999999994,0,0,0.0024999999999995026,118.70173920289426,110.45880347851903,54.702985153421878,251.89483693951138,0,-8.2429357243752293,false,true,ADMITTED_DAILY_NONNEGATIVE_WITH_SIGNED_HOURLY_COMPONENTS
SH-EN-ALERCE,2025-06-22,2025,173,-40.1726,24,2025062200,2025062223,8.8599999999999994,5.8799999999999999,4.3899999999999997,8.8599999999999994,5.8799999999999999,4.3870833333333339,0,0,-0.0029166666666657903,196.45106472313353,193.89198525374218,135.3697815904867,299.67110104768676,0,-2.5590794693913494,false,true,ADMITTED_DAILY_NONNEGATIVE_WITH_SIGNED_HOURLY_COMPONENTS
SH-EN-ALERCE,2025-06-23,2025,174,-40.1726,24,2025062300,2025062323,9.25,5.75,5.0499999999999998,9.25,5.75,5.0524999999999993,0,0,0.0024999999999995026,167.96083049123411,168.89234213418459,70.30970511591363,273.36055969502524,0,0.93151164295048261,false,true,ADMITTED_DAILY_NONNEGATIVE_WITH_SIGNED_HOURLY_COMPONENTS
SH-EN-ALERCE,2025-06-24,2025,175,-40.1726,24,2025062400,2025062423,10.880000000000001,7.6299999999999999,7.0499999999999998,10.880000000000001,7.6299999999999999,7.0524999999999993,0,0,0.0024999999999995026,168.85318500822916,151.26859947109085,51.140231844653954,251.07104086763923,0,-17.58458553713831,false,true,ADMITTED_DAILY_NONNEGATIVE_WITH_SIGNED_HOURLY_COMPONENTS
SH-EN-ALERCE,2025-06-25,2025,176,-40.1726,24,2025062500,2025062523,8.8000000000000007,6.6299999999999999,5.1699999999999999,8.8000000000000007,6.6299999999999999,5.1691666666666665,0,0,-0.0008333333333334636,171.94745265333631,189.09988502791313,109.28714481299517,252.8415172763182,0,17.152432374576819,false,true,ADMITTED_DAILY_NONNEGATIVE_WITH_SIGNED_HOURLY_COMPONENTS
SH-EN-ALERCE,2025-06-26,2025,177,-40.1726,24,2025062600,2025062623,9.6699999999999999,8.2799999999999994,6.5700000000000003,9.6699999999999999,8.2799999999999994,6.5741666666666667,0,0,0.0041666666666664298,174.57606042716566,176.12228233692409,125.81650819266133,239.74738443671015,0,1.5462219097584295,false,true,ADMITTED_DAILY_NONNEGATIVE_WITH_SIGNED_HOURLY_COMPONENTS
SH-EN-ALERCE,2025-06-27,2025,178,-40.1726,24,2025062700,2025062723,9.5399999999999991,5.3799999999999999,5.5599999999999996,9.5399999999999991,5.3799999999999999,5.5645833333333341,0,0,0.0045833333333344939,136.16749715282504,151.22868840854514,73.256785853840256,245.10161173023766,0,15.061191255720104,false,true,ADMITTED_DAILY_NONNEGATIVE_WITH_SIGNED_HOURLY_COMPONENTS
SH-EN-ALERCE,2025-06-28,2025,179,-40.1726,24,2025062800,2025062823,7.5099999999999998,3.2999999999999998,1.54,7.5099999999999998,3.2999999999999998,1.54375,0,0,0.0037499999999999201,223.02441394299217,206.07167610564588,73.149626223560972,432.00287235547603,0,-16.952737837346291,false,true,ADMITTED_DAILY_NONNEGATIVE_WITH_SIGNED_HOURLY_COMPONENTS
SH-EN-ALERCE,2025-06-29,2025,180,-40.1726,24,2025062900,2025062923,6.5800000000000001,1.3899999999999999,-1.3,6.5800000000000001,1.3899999999999999,-1.30375,0,0,-0.0037499999999999201,269.00462465955979,231.25376974011047,126.96064813295402,456.64708956339035,0,-37.750854919449324,false,true,ADMITTED_DAILY_NONNEGATIVE_WITH_SIGNED_HOURLY_COMPONENTS
SH-EN-ALERCE,2025-06-30,2025,181,-40.1726,24,2025063000,2025063023,7.0899999999999999,2.3199999999999998,-1.25,7.0899999999999999,2.3199999999999998,-1.2520833333333334,0,0,-0.002083333333333437,307.59762739910332,281.68676160918761,197.62314394822135,484.97435753786067,0,-25.910865789915704,false,true,ADMITTED_DAILY_NONNEGATIVE_WITH_SIGNED_HOURLY_COMPONENTS
SH-EN-ALERCE,2025-07-01,2025,182,-40.1726,24,2025070100,2025070123,7.79,3.1299999999999999,0.96999999999999997,7.79,3.1299999999999999,0.96749999999999992,0,0,-0.0025000000000000577,255.86523458275633,251.79209155227798,180.06342758703204,349.35129907352746,0,-4.0731430304783487,false,true,ADMITTED_DAILY_NONNEGATIVE_WITH_SIGNED_HOURLY_COMPONENTS
SH-EN-ALERCE,2025-07-02,2025,183,-40.1726,24,2025070200,2025070223,11.449999999999999,6.6200000000000001,6.4500000000000002,11.449999999999999,6.6200000000000001,6.4483333333333333,0,0,-0.0016666666666669272,199.61260499335208,194.98382577345558,44.142726691938833,377.49896349036476,0,-4.6287792198965008,false,true,ADMITTED_DAILY_NONNEGATIVE_WITH_SIGNED_HOURLY_COMPONENTS
SH-EN-ALERCE,2025-07-03,2025,184,-40.1726,24,2025070300,2025070323,11.970000000000001,10.57,10.68,11.970000000000001,10.57,10.683333333333332,0,0,0.003333333333332078,52.675277037620845,29.221837009519749,5.1625361970197901,66.872860543852994,0,-23.453440028101095,false,true,ADMITTED_DAILY_NONNEGATIVE_WITH_SIGNED_HOURLY_COMPONENTS
SH-EN-ALERCE,2025-07-04,2025,185,-40.1726,24,2025070400,2025070423,13.24,8.9199999999999999,9.6899999999999995,13.24,8.9199999999999999,9.6887500000000006,0,0,-0.0012499999999988631,128.97336698840581,112.41105234900554,23.630475094603071,250.03477667812899,0,-16.56231463940027,false,true,ADMITTED_DAILY_NONNEGATIVE_WITH_SIGNED_HOURLY_COMPONENTS
SH-EN-ALERCE,2025-07-05,2025,186,-40.1726,24,2025070500,2025070523,10.76,7.2999999999999998,6.9400000000000004,10.76,7.2999999999999998,6.9395833333333341,0,0,-0.00041666666666628771,159.56329258285803,157.61376972100078,77.803114313893957,310.51182614600225,0,-1.9495228618572469,false,true,ADMITTED_DAILY_NONNEGATIVE_WITH_SIGNED_HOURLY_COMPONENTS
SH-EN-ALERCE,2025-07-06,2025,187,-40.1726,24,2025070600,2025070623,11.98,10.199999999999999,10.48,11.98,10.199999999999999,10.47875,0,0,-0.0012500000000006395,54.593144116388885,65.350611770379786,29.824572093511733,136.88054746902799,0,10.757467653990901,false,true,ADMITTED_DAILY_NONNEGATIVE_WITH_SIGNED_HOURLY_COMPONENTS
SH-EN-ALERCE,2025-07-07,2025,188,-40.1726,24,2025070700,2025070723,11.56,10.130000000000001,10.33,11.56,10.130000000000001,10.325000000000001,0,0,-0.0049999999999990052,45.160675490992389,60.029302985269311,33.294566452858589,128.84799365309163,0,14.868627494276922,false,true,ADMITTED_DAILY_NONNEGATIVE_WITH_SIGNED_HOURLY_COMPONENTS
SH-EN-ALERCE,2025-07-08,2025,189,-40.1726,24,2025070800,2025070823,10.16,5.8899999999999997,5.2300000000000004,10.16,5.8899999999999997,5.229166666666667,0,0,-0.0008333333333334636,198.18581204991756,205.3288214432265,114.17824538018829,409.42947508862642,0,7.1430093933089438,false,true,ADMITTED_DAILY_NONNEGATIVE_WITH_SIGNED_HOURLY_COMPONENTS
SH-EN-ALERCE,2025-07-09,2025,190,-40.1726,24,2025070900,2025070923,9.6500000000000004,5.04,4.6100000000000003,9.6500000000000004,5.04,4.6120833333333335,0,0,0.0020833333333332149,188.25717938965465,147.17881899076284,66.181772994276344,338.2286684801187,0,-41.078360398891817,false,true,ADMITTED_DAILY_NONNEGATIVE_WITH_SIGNED_HOURLY_COMPONENTS
SH-EN-ALERCE,2025-07-10,2025,191,-40.1726,24,2025071000,2025071023,10,5.6399999999999997,6.3700000000000001,10,5.6399999999999997,6.3683333333333332,0,0,-0.0016666666666669272,110.67502991203889,102.21150697344392,30.2214720189736,237.31767098142109,0,-8.4635229385949771,false,true,ADMITTED_DAILY_NONNEGATIVE_WITH_SIGNED_HOURLY_COMPONENTS
SH-EN-ALERCE,2025-07-11,2025,192,-40.1726,24,2025071100,2025071123,10.77,8.3900000000000006,8.6699999999999999,10.77,8.3900000000000006,8.6675000000000004,0,0,-0.0024999999999995026,74.473045149039535,59.541187372998884,25.718774714216579,148.988708110772,0,-14.931857776040651,false,true,ADMITTED_DAILY_NONNEGATIVE_WITH_SIGNED_HOURLY_COMPONENTS
SH-EN-ALERCE,2025-07-12,2025,193,-40.1726,24,2025071200,2025071223,11.31,9.1500000000000004,9.4000000000000004,11.31,9.1500000000000004,9.4045833333333331,0,0,0.0045833333333327175,70.423363223032538,71.872105995488909,27.153749656243463,119.43393936993857,0,1.4487427724563702,false,true,ADMITTED_DAILY_NONNEGATIVE_WITH_SIGNED_HOURLY_COMPONENTS
SH-EN-ALERCE,2025-07-13,2025,194,-40.1726,24,2025071300,2025071323,11.470000000000001,8.3100000000000005,8.1999999999999993,11.470000000000001,8.3100000000000005,8.1954166666666666,0,0,-0.0045833333333327175,137.4920964559235,124.31881792581324,33.067201663642436,255.04302163746843,0,-13.173278530110267,false,true,ADMITTED_DAILY_NONNEGATIVE_WITH_SIGNED_HOURLY_COMPONENTS
SH-EN-ALERCE,2025-07-14,2025,195,-40.1726,24,2025071400,2025071423,10.15,8.1099999999999994,8.0600000000000005,10.15,8.1099999999999994,8.0620833333333337,0,0,0.0020833333333332149,83.435768116166628,80.870661056574079,46.259356885344232,124.78022712169081,0,-2.5651070595925489,false,true,ADMITTED_DAILY_NONNEGATIVE_WITH_SIGNED_HOURLY_COMPONENTS
SH-EN-ALERCE,2025-07-15,2025,196,-40.1726,24,2025071500,2025071523,10.050000000000001,7.0899999999999999,5.8899999999999997,10.050000000000001,7.0899999999999999,5.8883333333333328,0,0,-0.0016666666666669272,192.06294460620995,201.63869443037729,89.440289320866214,327.90257028491988,0,9.5757498241673318,false,true,ADMITTED_DAILY_NONNEGATIVE_WITH_SIGNED_HOURLY_COMPONENTS
SH-EN-ALERCE,2025-07-16,2025,197,-40.1726,24,2025071600,2025071623,8.9900000000000002,6.9400000000000004,5.8399999999999999,8.9900000000000002,6.9400000000000004,5.835,0,0,-0.0049999999999998934,147.71017740169066,141.6823050583109,73.577655610387524,230.1486605393377,0,-6.0278723433797552,false,true,ADMITTED_DAILY_NONNEGATIVE_WITH_SIGNED_HOURLY_COMPONENTS
SH-EN-ALERCE,2025-07-17,2025,198,-40.1726,24,2025071700,2025071723,11.4,8.0700000000000003,7.3200000000000003,11.4,8.0700000000000003,7.3170833333333336,0,0,-0.0029166666666666785,188.87434196799427,162.67237311014583,20.847654597711653,281.26760902891556,0,-26.201968857848442,false,true,ADMITTED_DAILY_NONNEGATIVE_WITH_SIGNED_HOURLY_COMPONENTS
SH-EN-ALERCE,2025-07-18,2025,199,-40.1726,24,2025071800,2025071823,11.49,9.2699999999999996,10.289999999999999,11.49,9.2699999999999996,10.285833333333333,0,0,-0.0041666666666664298,10.598285638355947,49.364249378239727,1.6092252538212506,183.40890773880187,0,38.76596373988378,false,true,ADMITTED_DAILY_NONNEGATIVE_WITH_SIGNED_HOURLY_COMPONENTS
SH-EN-ALERCE,2025-07-19,2025,200,-40.1726,24,2025071900,2025071923,11.369999999999999,8.0600000000000005,6.5800000000000001,11.369999999999999,8.0600000000000005,6.5779166666666669,0,0,-0.0020833333333332149,237.92632027188404,221.2955358543235,86.256013180250761,382.47252245878565,0,-16.630784417560534,false,true,ADMITTED_DAILY_NONNEGATIVE_WITH_SIGNED_HOURLY_COMPONENTS
SH-EN-ALERCE,2025-07-20,2025,201,-40.1726,24,2025072000,2025072023,8.9399999999999995,6.3600000000000003,5.6900000000000004,8.9399999999999995,6.3600000000000003,5.6908333333333339,0,0,0.0008333333333334636,135.81523386928052,144.14153274037585,83.068730405548877,239.75169098634638,0,8.3262988710953323,false,true,ADMITTED_DAILY_NONNEGATIVE_WITH_SIGNED_HOURLY_COMPONENTS
SH-EN-ALERCE,2025-07-21,2025,202,-40.1726,24,2025072100,2025072123,8.9299999999999997,4.8600000000000003,3.6800000000000002,8.9299999999999997,4.8600000000000003,3.6758333333333333,0,0,-0.0041666666666668739,208.10776125840869,175.28964603019631,97.464471705054962,381.10353626222309,0,-32.818115228212378,false,true,ADMITTED_DAILY_NONNEGATIVE_WITH_SIGNED_HOURLY_COMPONENTS
SH-EN-ALERCE,2025-07-22,2025,203,-40.1726,24,2025072200,2025072223,9.2699999999999996,3.1400000000000001,1.7,9.2699999999999996,3.1400000000000001,1.7045833333333331,0,0,0.0045833333333331616,276.61485370630692,219.05129575723993,76.980816201551647,506.20471324292942,0,-57.56355794906699,false,true,ADMITTED_DAILY_NONNEGATIVE_WITH_SIGNED_HOURLY_COMPONENTS
SH-EN-ALERCE,2025-07-23,2025,204,-40.1726,24,2025072300,2025072323,9.0099999999999998,3.6299999999999999,3.8999999999999999,9.0099999999999998,3.6299999999999999,3.8966666666666665,0,0,-0.0033333333333334103,163.02524419149381,158.14250126680875,121.02615042844127,255.97004447557435,0,-4.8827429246850613,false,true,ADMITTED_DAILY_NONNEGATIVE_WITH_SIGNED_HOURLY_COMPONENTS
SH-EN-ALERCE,2025-07-24,2025,205,-40.1726,24,2025072400,2025072423,11.59,8.1400000000000006,8.7200000000000006,11.59,8.1400000000000006,8.7216666666666658,0,0,0.0016666666666651508,97.542508265131573,96.256283093715737,53.897146386379291,174.38344755935282,0,-1.2862251714158361,false,true,ADMITTED_DAILY_NONNEGATIVE_WITH_SIGNED_HOURLY_COMPONENTS
SH-EN-ALERCE,2025-07-25,2025,206,-40.1726,24,2025072500,2025072523,11.23,9.6699999999999999,9.75,11.23,9.6699999999999999,9.7504166666666663,0,0,0.00041666666666628771,59.452853117178392,66.713997475140161,42.14864462358787,127.65674486121566,0,7.2611443579617685,false,true,ADMITTED_DAILY_NONNEGATIVE_WITH_SIGNED_HOURLY_COMPONENTS
SH-EN-ALERCE,2025-07-26,2025,207,-40.1726,24,2025072600,2025072623,9.7200000000000006,7.3600000000000003,5.2999999999999998,9.7200000000000006,7.3600000000000003,5.2983333333333329,0,0,-0.0016666666666669272,225.25570719226266,202.93052354155273,44.64517912968563,347.39026728292731,0,-22.325183650709931,false,true,ADMITTED_DAILY_NONNEGATIVE_WITH_SIGNED_HOURLY_COMPONENTS
SH-EN-ALERCE,2025-07-27,2025,208,-40.1726,24,2025072700,2025072723,11.32,7.1399999999999997,8.6099999999999994,11.32,7.1399999999999997,8.6099999999999994,0,0,0,58.053643644599561,68.327163791037478,50.726301334085065,94.393966109764278,0,10.273520146437917,false,true,ADMITTED_DAILY_NONNEGATIVE_WITH_SIGNED_HOURLY_COMPONENTS
SH-EN-ALERCE,2025-07-28,2025,209,-40.1726,24,2025072800,2025072823,12.77,10.48,11.16,12.77,10.48,11.157083333333333,0,0,-0.0029166666666675667,44.963133954036721,49.944365293371241,29.526852182004632,67.368002285079911,0,4.9812313393345207,false,true,ADMITTED_DAILY_NONNEGATIVE_WITH_SIGNED_HOURLY_COMPONENTS
SH-EN-ALERCE,2025-07-29,2025,210,-40.1726,24,2025072900,2025072923,13.82,12.039999999999999,12.19,13.82,12.039999999999999,12.191666666666668,0,0,0.0016666666666687036,72.914418738211907,61.834055121259176,27.617295593761128,124.82430356685359,0,-11.080363616952731,false,true,ADMITTED_DAILY_NONNEGATIVE_WITH_SIGNED_HOURLY_COMPONENTS
SH-EN-ALERCE,2025-07-30,2025,211,-40.1726,24,2025073000,2025073023,13.029999999999999,10.59,10.85,13.029999999999999,10.59,10.851666666666667,0,0,0.0016666666666669272,89.355622846193683,98.560439053950802,50.899892372817021,174.80779163994839,0,9.2048162077571192,false,true,ADMITTED_DAILY_NONNEGATIVE_WITH_SIGNED_HOURLY_COMPONENTS
SH-EN-ALERCE,2025-07-31,2025,212,-40.1726,24,2025073100,2025073123,12.460000000000001,10.57,9.9399999999999995,12.460000000000001,10.57,9.9420833333333345,0,0,0.0020833333333349913,137.63515828774939,141.57849614275801,74.404439282204748,190.5551640585204,0,3.9433378550086218,false,true,ADMITTED_DAILY_NONNEGATIVE_WITH_SIGNED_HOURLY_COMPONENTS
SH-EN-ALERCE,2025-08-01,2025,213,-40.1726,24,2025080100,2025080123,11.93,8.8200000000000003,9.3699999999999992,11.93,8.8200000000000003,9.375,0,0,0.0050000000000007816,88.064376882835404,109.2362853195206,65.812260068795695,177.87594957510578,0,21.1719084366852,false,true,ADMITTED_DAILY_NONNEGATIVE_WITH_SIGNED_HOURLY_COMPONENTS
SH-EN-ALERCE,2025-08-02,2025,214,-40.1726,24,2025080200,2025080223,8.7400000000000002,7.4100000000000001,4.5499999999999998,8.7400000000000002,7.4100000000000001,4.5533333333333337,0,0,0.0033333333333338544,233.94691297201098,220.69645605741633,76.429119054646208,387.42781934534071,0,-13.25045691459465,false,true,ADMITTED_DAILY_NONNEGATIVE_WITH_SIGNED_HOURLY_COMPONENTS
SH-EN-ALERCE,2025-08-03,2025,215,-40.1726,24,2025080300,2025080323,9.0399999999999991,7.1500000000000004,4.6100000000000003,9.0399999999999991,7.1500000000000004,4.6070833333333328,0,0,-0.0029166666666675667,232.8489872438023,216.69063419391603,107.54627561363316,415.7235613616208,0,-16.158353049886273,false,true,ADMITTED_DAILY_NONNEGATIVE_WITH_SIGNED_HOURLY_COMPONENTS
SH-EN-ALERCE,2025-08-04,2025,216,-40.1726,24,2025080400,2025080423,11.76,6.7800000000000002,6,11.76,6.7800000000000002,5.9954166666666673,0,0,-0.0045833333333327175,248.56328638307195,247.36401583279178,154.06314339306527,431.76832838615746,0,-1.1992705502801755,false,true,ADMITTED_DAILY_NONNEGATIVE_WITH_SIGNED_HOURLY_COMPONENTS
SH-EN-ALERCE,2025-08-05,2025,217,-40.1726,24,2025080500,2025080523,12.73,9.5099999999999998,10.35,12.73,9.5099999999999998,10.348333333333334,0,0,-0.0016666666666651508,72.809293966134192,47.832987739585015,-2.4956210980731157,142.96393100840783,1,-24.976306226549177,false,true,ADMITTED_DAILY_NONNEGATIVE_WITH_SIGNED_HOURLY_COMPONENTS
SH-EN-ALERCE,2025-08-06,2025,218,-40.1726,24,2025080600,2025080623,10.720000000000001,8.8300000000000001,8.3599999999999994,10.720000000000001,8.8300000000000001,8.3574999999999999,0,0,-0.0024999999999995026,112.35404632377958,111.10705503274882,21.98892505846311,214.24972798431054,0,-1.246991291030767,false,true,ADMITTED_DAILY_NONNEGATIVE_WITH_SIGNED_HOURLY_COMPONENTS
SH-EN-ALERCE,2025-08-07,2025,219,-40.1726,24,2025080700,2025080723,12.34,7.0899999999999999,6.8099999999999996,12.34,7.0899999999999999,6.8079166666666673,0,0,-0.0020833333333323267,232.33086415390164,187.27898484028208,79.977485963849858,447.59440708192801,0,-45.051879313619565,false,true,ADMITTED_DAILY_NONNEGATIVE_WITH_SIGNED_HOURLY_COMPONENTS
SH-EN-ALERCE,2025-08-08,2025,220,-40.1726,24,2025080800,2025080823,13.140000000000001,5.6799999999999997,5.8200000000000003,13.140000000000001,5.6799999999999997,5.8195833333333331,0,0,-0.00041666666666717589,289.54816043824951,265.56554009175744,78.73673652089019,560.10850505394978,0,-23.98262034649207,false,true,ADMITTED_DAILY_NONNEGATIVE_WITH_SIGNED_HOURLY_COMPONENTS
SH-EN-ALERCE,2025-08-09,2025,221,-40.1726,24,2025080900,2025080923,10.93,6.8399999999999999,7.4299999999999997,10.93,6.8399999999999999,7.4299999999999997,0,0,0,116.93423848949624,107.00253399653091,18.289933271041605,208.75341123295334,0,-9.9317044929653235,false,true,ADMITTED_DAILY_NONNEGATIVE_WITH_SIGNED_HOURLY_COMPONENTS
SH-EN-ALERCE,2025-08-10,2025,222,-40.1726,24,2025081000,2025081023,11.550000000000001,8.75,9.8000000000000007,11.550000000000001,8.75,9.8045833333333334,0,0,0.0045833333333327175,33.547330223786048,41.961592118607051,24.806060600952833,83.575679163443738,0,8.4142618948210028,false,true,ADMITTED_DAILY_NONNEGATIVE_WITH_SIGNED_HOURLY_COMPONENTS
SH-EN-ALERCE,2025-08-11,2025,223,-40.1726,24,2025081100,2025081123,12.25,10.56,11.26,12.25,10.56,11.262500000000001,0,0,0.002500000000001279,14.757340060350089,45.47326944545523,25.879777308544135,89.784421099558358,0,30.715929385105142,false,true,ADMITTED_DAILY_NONNEGATIVE_WITH_SIGNED_HOURLY_COMPONENTS
SH-EN-ALERCE,2025-08-12,2025,224,-40.1726,24,2025081200,2025081223,10.460000000000001,7.8099999999999996,7.2800000000000002,10.460000000000001,7.8099999999999996,7.2845833333333339,0,0,0.0045833333333336057,141.36380068043104,156.59966321177191,82.585617757428963,288.97063249037967,0,15.235862531340871,false,true,ADMITTED_DAILY_NONNEGATIVE_WITH_SIGNED_HOURLY_COMPONENTS
SH-EN-ALERCE,2025-08-13,2025,225,-40.1726,24,2025081300,2025081323,12.890000000000001,6.5800000000000001,6.54,12.890000000000001,6.5800000000000001,6.5445833333333328,0,0,0.0045833333333327175,259.52851995448532,221.75408987140926,49.809228095966319,499.44982303186396,0,-37.774430083076055,false,true,ADMITTED_DAILY_NONNEGATIVE_WITH_SIGNED_HOURLY_COMPONENTS
SH-EN-ALERCE,2025-08-14,2025,226,-40.1726,24,2025081400,2025081423,14.67,7.2400000000000002,7.7300000000000004,14.67,7.2400000000000002,7.7312500000000002,0,0,0.0012499999999997513,290.76944800708839,250.61139731993066,103.26029223516207,483.01030095774399,0,-40.158050687157726,false,true,ADMITTED_DAILY_NONNEGATIVE_WITH_SIGNED_HOURLY_COMPONENTS
SH-EN-ALERCE,2025-08-15,2025,227,-40.1726,24,2025081500,2025081523,12.359999999999999,7.9800000000000004,8.4900000000000002,12.359999999999999,7.9800000000000004,8.4883333333333333,0,0,-0.0016666666666669272,144.65761573234772,148.25959906997676,41.390579004813844,313.27948842293017,0,3.6019833376290364,false,true,ADMITTED_DAILY_NONNEGATIVE_WITH_SIGNED_HOURLY_COMPONENTS
SH-EN-ALERCE,2025-08-16,2025,228,-40.1726,24,2025081600,2025081623,12.369999999999999,10.18,9.8300000000000001,12.369999999999999,10.18,9.8333333333333339,0,0,0.0033333333333338544,125.95861225796421,118.13890377230281,48.222908045876466,232.84082246216576,0,-7.8197084856613941,false,true,ADMITTED_DAILY_NONNEGATIVE_WITH_SIGNED_HOURLY_COMPONENTS
SH-EN-ALERCE,2025-08-17,2025,229,-40.1726,24,2025081700,2025081723,14.119999999999999,10.06,10,14.119999999999999,10.06,9.9995833333333337,0,0,-0.00041666666666628771,194.03977837530465,159.46959126472427,45.487990734563255,345.8551224410021,0,-34.570187110580378,false,true,ADMITTED_DAILY_NONNEGATIVE_WITH_SIGNED_HOURLY_COMPONENTS
SH-EN-ALERCE,2025-08-18,2025,230,-40.1726,24,2025081800,2025081823,13.57,8.9000000000000004,8.8200000000000003,13.57,8.9000000000000004,8.8237500000000004,0,0,0.0037500000000001421,213.25881321207953,137.40890382264942,25.465431764856021,412.66836440477482,0,-75.84990938943011,false,true,ADMITTED_DAILY_NONNEGATIVE_WITH_SIGNED_HOURLY_COMPONENTS
SH-EN-ALERCE,2025-08-19,2025,231,-40.1726,24,2025081900,2025081923,10.119999999999999,9.3399999999999999,8.7300000000000004,10.119999999999999,9.3399999999999999,8.7300000000000004,0,0,0,78.997938066666848,72.544304042071815,59.741781389355992,85.73318219193925,0,-6.4536340245950328,false,true,ADMITTED_DAILY_NONNEGATIVE_WITH_SIGNED_HOURLY_COMPONENTS
SH-EN-ALERCE,2025-08-20,2025,232,-40.1726,24,2025082000,2025082023,10.07,8.1400000000000006,7.2599999999999998,10.07,8.1400000000000006,7.262083333333333,0,0,0.0020833333333332149,138.50157092022334,142.18077709936685,85.566711849079411,261.7456997439657,0,3.679206179143506,false,true,ADMITTED_DAILY_NONNEGATIVE_WITH_SIGNED_HOURLY_COMPONENTS
SH-EN-ALERCE,2025-08-21,2025,233,-40.1726,24,2025082100,2025082123,9.4800000000000004,5.5099999999999998,5.2400000000000002,9.4800000000000004,5.5099999999999998,5.2400000000000002,0,0,0,157.80721403084078,102.63671733123175,56.439481289255923,147.70417967058461,0,-55.170496699609032,false,true,ADMITTED_DAILY_NONNEGATIVE_WITH_SIGNED_HOURLY_COMPONENTS
SH-EN-ALERCE,2025-08-22,2025,234,-40.1726,24,2025082200,2025082223,7.2300000000000004,5.3899999999999997,3.7599999999999998,7.2300000000000004,5.3899999999999997,3.7575000000000003,0,0,-0.0024999999999995026,157.44326163036237,147.77757007395135,105.03435091378469,239.894540908012,0,-9.6656915564110193,false,true,ADMITTED_DAILY_NONNEGATIVE_WITH_SIGNED_HOURLY_COMPONENTS
SH-EN-ALERCE,2025-08-23,2025,235,-40.1726,24,2025082300,2025082323,10.220000000000001,6.5599999999999996,6.5499999999999998,10.220000000000001,6.5599999999999996,6.5462500000000006,0,0,-0.0037499999999992539,137.76688780644542,112.68789537598748,35.394298067286627,159.11319200960963,0,-25.078992430457944,false,true,ADMITTED_DAILY_NONNEGATIVE_WITH_SIGNED_HOURLY_COMPONENTS
SH-EN-ALERCE,2025-08-24,2025,236,-40.1726,24,2025082400,2025082423,10.66,10.050000000000001,9.6899999999999995,10.66,10.050000000000001,9.6866666666666656,0,0,-0.0033333333333338544,55.02547472232709,50.326285079934564,28.492747923436127,59.898280449693857,0,-4.6991896423925255,false,true,ADMITTED_DAILY_NONNEGATIVE_WITH_SIGNED_HOURLY_COMPONENTS
SH-EN-ALERCE,2025-08-25,2025,237,-40.1726,24,2025082500,2025082523,10.65,8.3300000000000001,8.6099999999999994,10.65,8.3300000000000001,8.6120833333333326,0,0,0.0020833333333332149,71.640748405950717,101.15057181070274,41.172417725140804,205.64877230025468,0,29.509823404752026,false,true,ADMITTED_DAILY_NONNEGATIVE_WITH_SIGNED_HOURLY_COMPONENTS
SH-EN-ALERCE,2025-08-26,2025,238,-40.1726,24,2025082600,2025082623,13.82,8.3399999999999999,9.1600000000000001,13.82,8.3399999999999999,9.1612500000000008,0,0,0.0012500000000006395,178.41718862839753,139.27950314969712,36.703109977635449,333.84371655287714,0,-39.137685478700405,false,true,ADMITTED_DAILY_NONNEGATIVE_WITH_SIGNED_HOURLY_COMPONENTS
SH-EN-ALERCE,2025-08-27,2025,239,-40.1726,24,2025082700,2025082723,12.84,8.4499999999999993,8.7200000000000006,12.84,8.4499999999999993,8.7158333333333342,0,0,-0.0041666666666664298,167.60647744637572,143.28517844625893,39.262876863790098,323.2029172958612,0,-24.321299000116795,false,true,ADMITTED_DAILY_NONNEGATIVE_WITH_SIGNED_HOURLY_COMPONENTS
SH-EN-ALERCE,2025-08-28,2025,240,-40.1726,24,2025082800,2025082823,12.43,8.5399999999999991,8.1400000000000006,12.43,8.5399999999999991,8.1354166666666661,0,0,-0.0045833333333344939,194.80855053833693,154.67983651027765,37.239637614877211,356.83939601780617,0,-40.128714028059278,false,true,ADMITTED_DAILY_NONNEGATIVE_WITH_SIGNED_HOURLY_COMPONENTS
SH-EN-ALERCE,2025-08-29,2025,241,-40.1726,24,2025082900,2025082923,12.66,7.5599999999999996,7.6500000000000004,12.66,7.5599999999999996,7.6524999999999999,0,0,0.0024999999999995026,205.44903282322002,172.965480102648,47.908327038325069,396.39002101207393,0,-32.483552720572021,false,true,ADMITTED_DAILY_NONNEGATIVE_WITH_SIGNED_HOURLY_COMPONENTS
SH-EN-ALERCE,2025-08-30,2025,242,-40.1726,24,2025083000,2025083023,14.76,8.25,8.4100000000000001,14.76,8.25,8.4079166666666669,0,0,-0.0020833333333332149,282.07749269290866,258.31688075563551,14.842105115660161,527.72455978867265,0,-23.760611937273154,false,true,ADMITTED_DAILY_NONNEGATIVE_WITH_SIGNED_HOURLY_COMPONENTS
SH-EN-ALERCE,2025-08-31,2025,243,-40.1726,24,2025083100,2025083123,11.99,8.5199999999999996,8.2899999999999991,11.99,8.5199999999999996,8.2895833333333329,0,0,-0.00041666666666628771,162.35697798787487,153.85492114204735,55.554898672589161,259.94200688822093,0,-8.502056845827525,false,true,ADMITTED_DAILY_NONNEGATIVE_WITH_SIGNED_HOURLY_COMPONENTS
SH-EN-ALERCE,2025-09-01,2025,244,-40.1726,24,2025090100,2025090123,10.33,6.6799999999999997,7.4900000000000002,10.33,6.6799999999999997,7.4874999999999998,0,0,-0.0025000000000003908,81.648263795556886,118.28628985577524,91.711988767356161,147.74740064339358,0,36.638026060218351,false,true,ADMITTED_DAILY_NONNEGATIVE_WITH_SIGNED_HOURLY_COMPONENTS
SH-EN-ALERCE,2025-09-02,2025,245,-40.1726,24,2025090200,2025090223,8.1199999999999992,6.6600000000000001,5.0099999999999998,8.1199999999999992,6.6600000000000001,5.0133333333333328,0,0,0.0033333333333329662,157.21777281461232,148.57904250760797,119.06498481241647,183.49030452666625,0,-8.6387303070043515,false,true,ADMITTED_DAILY_NONNEGATIVE_WITH_SIGNED_HOURLY_COMPONENTS
SH-EN-ALERCE,2025-09-03,2025,246,-40.1726,24,2025090300,2025090323,9.9700000000000006,6,4.8399999999999999,9.9700000000000006,6,4.8354166666666663,0,0,-0.0045833333333336057,217.68660342175838,234.90406440199362,120.70278113275344,435.75908194783256,0,17.217460980235245,false,true,ADMITTED_DAILY_NONNEGATIVE_WITH_SIGNED_HOURLY_COMPONENTS
SH-EN-ALERCE,2025-09-04,2025,247,-40.1726,24,2025090400,2025090423,11.17,4.4699999999999998,3.7999999999999998,11.17,4.4699999999999998,3.7974999999999999,0,0,-0.0024999999999999467,282.20724543807387,250.05648197154565,107.70122012475542,502.23817466655635,0,-32.150763466528218,false,true,ADMITTED_DAILY_NONNEGATIVE_WITH_SIGNED_HOURLY_COMPONENTS
SH-EN-ALERCE,2025-09-05,2025,248,-40.1726,24,2025090500,2025090523,14.02,4.5300000000000002,5.1399999999999997,14.02,4.5300000000000002,5.144166666666667,0,0,0.004166666666667318,341.51919280931065,288.44181465500964,75.079747956407004,625.72545571243825,0,-53.077378154301016,false,true,ADMITTED_DAILY_NONNEGATIVE_WITH_SIGNED_HOURLY_COMPONENTS
SH-EN-ALERCE,2025-09-06,2025,249,-40.1726,24,2025090600,2025090623,12.19,5.8499999999999996,6.8600000000000003,12.19,5.8499999999999996,6.8575000000000008,0,0,-0.0024999999999995026,180.56988673192711,167.69726471443818,52.385116242016238,363.62100870363554,0,-12.872622017488936,false,true,ADMITTED_DAILY_NONNEGATIVE_WITH_SIGNED_HOURLY_COMPONENTS
SH-EN-ALERCE,2025-09-07,2025,250,-40.1726,24,2025090700,2025090723,9.8000000000000007,8.4600000000000009,7.3300000000000001,9.8000000000000007,8.4600000000000009,7.335,0,0,0.0049999999999998934,134.43538310262943,135.43498751691183,70.62832922962798,201.43854943747351,0,0.99960441428240188,false,true,ADMITTED_DAILY_NONNEGATIVE_WITH_SIGNED_HOURLY_COMPONENTS
SH-EN-ALERCE,2025-09-08,2025,251,-40.1726,24,2025090800,2025090823,10.300000000000001,8.7799999999999994,8.1899999999999995,10.300000000000001,8.7799999999999994,8.1879166666666663,0,0,-0.0020833333333332149,105.25808585789355,107.69072478200614,70.30970511591363,149.77208934439477,0,2.4326389241125952,false,true,ADMITTED_DAILY_NONNEGATIVE_WITH_SIGNED_HOURLY_COMPONENTS
SH-EN-ALERCE,2025-09-09,2025,252,-40.1726,24,2025090900,2025090923,12.289999999999999,9.7100000000000009,11.06,12.289999999999999,9.7100000000000009,11.056666666666667,0,0,-0.0033333333333338544,-1.002242143993044,57.875183137412698,27.473560905400973,100.15813315044397,0,58.877425281405742,false,true,ADMITTED_DAILY_NONNEGATIVE_WITH_SIGNED_HOURLY_COMPONENTS
SH-EN-ALERCE,2025-09-10,2025,253,-40.1726,24,2025091000,2025091023,11.220000000000001,8.4199999999999999,7.2699999999999996,11.220000000000001,8.4199999999999999,7.2720833333333337,0,0,0.0020833333333341031,197.35460611761164,222.99836171379934,86.143139407958188,345.88931734784592,0,25.643755596187702,false,true,ADMITTED_DAILY_NONNEGATIVE_WITH_SIGNED_HOURLY_COMPONENTS
SH-EN-ALERCE,2025-09-11,2025,254,-40.1726,24,2025091100,2025091123,11.6,6.79,4.5300000000000002,11.6,6.79,4.5287499999999996,0,0,-0.0012500000000006395,332.64684625638347,305.30855335005435,146.28028357784956,580.35970934468446,0,-27.338292906329116,false,true,ADMITTED_DAILY_NONNEGATIVE_WITH_SIGNED_HOURLY_COMPONENTS
SH-EN-ALERCE,2025-09-12,2025,255,-40.1726,24,2025091200,2025091223,11.369999999999999,6.6200000000000001,6.8099999999999996,11.369999999999999,6.6200000000000001,6.8099999999999996,0,0,0,171.8205412265944,156.55008868768164,43.449492920861417,329.14631444784993,0,-15.270452538912764,false,true,ADMITTED_DAILY_NONNEGATIVE_WITH_SIGNED_HOURLY_COMPONENTS
SH-EN-ALERCE,2025-09-13,2025,256,-40.1726,24,2025091300,2025091323,11.07,7.4699999999999998,7.8300000000000001,11.07,7.4699999999999998,7.8299999999999992,0,0,-8.8817841970012523e-16,116.33364071016149,155.60107560126693,76.64322952425232,274.26043676039671,0,39.267434891105438,false,true,ADMITTED_DAILY_NONNEGATIVE_WITH_SIGNED_HOURLY_COMPONENTS
SH-EN-ALERCE,2025-09-14,2025,257,-40.1726,24,2025091400,2025091423,12.07,8.25,5.6900000000000004,12.07,8.25,5.6854166666666659,0,0,-0.0045833333333344939,334.88258305008435,327.63761525874423,123.86227706941463,517.68261057213567,0,-7.244967791340116,false,true,ADMITTED_DAILY_NONNEGATIVE_WITH_SIGNED_HOURLY_COMPONENTS
SH-EN-ALERCE,2025-09-15,2025,258,-40.1726,24,2025091500,2025091523,11.789999999999999,8.1500000000000004,9.0299999999999994,11.789999999999999,8.1500000000000004,9.0350000000000001,0,0,0.0050000000000007816,83.129529342243131,119.33667390173143,40.398491097471151,218.18231012586762,0,36.207144559488299,false,true,ADMITTED_DAILY_NONNEGATIVE_WITH_SIGNED_HOURLY_COMPONENTS
SH-EN-ALERCE,2025-09-16,2025,259,-40.1726,24,2025091600,2025091623,12.300000000000001,11.119999999999999,11.01,12.300000000000001,11.119999999999999,11.01,0,0,0,63.299680366637858,58.999609914618567,34.4409940427538,107.32949384967378,0,-4.3000704520192912,false,true,ADMITTED_DAILY_NONNEGATIVE_WITH_SIGNED_HOURLY_COMPONENTS
SH-EN-ALERCE,2025-09-17,2025,260,-40.1726,24,2025091700,2025091723,12.880000000000001,8.8399999999999999,9.9299999999999997,12.880000000000001,8.8399999999999999,9.9283333333333328,0,0,-0.0016666666666669272,88.667764867434016,108.62870847213883,5.472767136177481,261.37932408228266,0,19.960943604704809,false,true,ADMITTED_DAILY_NONNEGATIVE_WITH_SIGNED_HOURLY_COMPONENTS
SH-EN-ALERCE,2025-09-18,2025,261,-40.1726,24,2025091800,2025091823,11.74,9.6099999999999994,9.7100000000000009,11.74,9.6099999999999994,9.7129166666666666,0,0,0.0029166666666657903,83.165261959905365,102.06370054044335,62.79323850297078,174.83965847031095,0,18.898438580537984,false,true,ADMITTED_DAILY_NONNEGATIVE_WITH_SIGNED_HOURLY_COMPONENTS
SH-EN-ALERCE,2025-09-19,2025,262,-40.1726,24,2025091900,2025091923,11.859999999999999,9.1300000000000008,9.1500000000000004,11.859999999999999,9.1300000000000008,9.1504166666666666,0,0,0.00041666666666628771,114.17908722564266,92.596450120807773,42.292183018711057,189.79006052043337,0,-21.582637104834888,false,true,ADMITTED_DAILY_NONNEGATIVE_WITH_SIGNED_HOURLY_COMPONENTS
SH-EN-ALERCE,2025-09-20,2025,263,-40.1726,24,2025092000,2025092023,11.26,8.8699999999999992,9.0099999999999998,11.26,8.8699999999999992,9.012083333333333,0,0,0.0020833333333332149,87.959289562448021,99.88567321797882,58.654498821361358,177.85950542870387,0,11.926383655530799,false,true,ADMITTED_DAILY_NONNEGATIVE_WITH_SIGNED_HOURLY_COMPONENTS
SH-EN-ALERCE,2025-09-21,2025,264,-40.1726,24,2025092100,2025092123,10.65,7.9100000000000001,6.9000000000000004,10.65,7.9100000000000001,6.8991666666666669,0,0,-0.0008333333333334636,179.34766520513961,153.69305515687537,60.82114032128743,318.50413375070093,0,-25.654610048264232,false,true,ADMITTED_DAILY_NONNEGATIVE_WITH_SIGNED_HOURLY_COMPONENTS
SH-EN-ALERCE,2025-09-22,2025,265,-40.1726,24,2025092200,2025092223,9.3100000000000005,7.3200000000000003,5.5700000000000003,9.3100000000000005,7.3200000000000003,5.5650000000000004,0,0,-0.0049999999999998934,190.57244304514677,169.30082581881859,88.38324945542297,270.75898614389052,0,-21.271617226328175,false,true,ADMITTED_DAILY_NONNEGATIVE_WITH_SIGNED_HOURLY_COMPONENTS
SH-EN-ALERCE,2025-09-23,2025,266,-40.1726,24,2025092300,2025092323,11.720000000000001,6.9000000000000004,5.7800000000000002,11.720000000000001,6.9000000000000004,5.7779166666666661,0,0,-0.0020833333333341031,264.97656958035145,266.39566464386513,110.22115275558031,430.61368034806924,0,1.4190950635136801,false,true,ADMITTED_DAILY_NONNEGATIVE_WITH_SIGNED_HOURLY_COMPONENTS
SH-EN-ALERCE,2025-09-24,2025,267,-40.1726,24,2025092400,2025092423,15.83,9.0500000000000007,7.2800000000000002,15.83,9.0500000000000007,7.2800000000000002,0,0,0,454.0057650202466,426.28241454840168,200.4574143698635,699.95805714351627,0,-27.723350471844924,false,true,ADMITTED_DAILY_NONNEGATIVE_WITH_SIGNED_HOURLY_COMPONENTS
SH-EN-ALERCE,2025-09-25,2025,268,-40.1726,24,2025092500,2025092523,12.68,9.6099999999999994,10.01,12.68,9.6099999999999994,10.010416666666666,0,0,0.00041666666666628771,102.68572670743515,132.24076944632836,14.397681127872829,344.34955921479855,0,29.555042738893206,false,true,ADMITTED_DAILY_NONNEGATIVE_WITH_SIGNED_HOURLY_COMPONENTS
SH-EN-ALERCE,2025-09-26,2025,269,-40.1726,24,2025092600,2025092623,11.94,8.8800000000000008,8.3800000000000008,11.94,8.8800000000000008,8.3787500000000001,0,0,-0.0012500000000006395,167.05422026839369,170.6986640880161,85.851423955878772,316.9273184775102,0,3.6444438196224098,false,true,ADMITTED_DAILY_NONNEGATIVE_WITH_SIGNED_HOURLY_COMPONENTS
SH-EN-ALERCE,2025-09-27,2025,270,-40.1726,24,2025092700,2025092723,11.5,9.4100000000000001,8.6899999999999995,11.5,9.4100000000000001,8.6891666666666669,0,0,-0.00083333333333257542,144.37970195480193,163.51049853363489,58.620113169896058,246.37984373819972,0,19.130796578832957,false,true,ADMITTED_DAILY_NONNEGATIVE_WITH_SIGNED_HOURLY_COMPONENTS
SH-EN-ALERCE,2025-09-28,2025,271,-40.1726,24,2025092800,2025092823,11.52,6.5199999999999996,5.6200000000000001,11.52,6.5199999999999996,5.6158333333333337,0,0,-0.0041666666666664298,253.25642073761003,252.5472623804111,51.223425553334664,464.8611448180892,0,-0.70915835719893039,false,true,ADMITTED_DAILY_NONNEGATIVE_WITH_SIGNED_HOURLY_COMPONENTS
SH-EN-ALERCE,2025-09-29,2025,272,-40.1726,24,2025092900,2025092923,11.35,7.2599999999999998,7.1500000000000004,11.35,7.2599999999999998,7.1504166666666658,0,0,0.00041666666666539953,169.50290363276633,187.06799916613795,98.329227474836443,272.29405954455592,0,17.565095533371618,false,true,ADMITTED_DAILY_NONNEGATIVE_WITH_SIGNED_HOURLY_COMPONENTS
SH-EN-ALERCE,2025-09-30,2025,273,-40.1726,24,2025093000,2025093023,11.59,8.5099999999999998,8.1099999999999994,11.59,8.5099999999999998,8.1145833333333339,0,0,0.0045833333333344939,157.01683374510458,158.38833903647546,88.301047012161689,285.7301611871469,0,1.3715052913708803,false,true,ADMITTED_DAILY_NONNEGATIVE_WITH_SIGNED_HOURLY_COMPONENTS
SH-EN-ALERCE,2025-10-01,2025,274,-40.1726,24,2025100100,2025100123,12.57,8.4299999999999997,7.4000000000000004,12.57,8.4299999999999997,7.3962499999999993,0,0,-0.0037500000000010303,250.66510441856963,207.81616833420048,73.083615672425594,401.31715119709406,0,-42.848936084369143,false,true,ADMITTED_DAILY_NONNEGATIVE_WITH_SIGNED_HOURLY_COMPONENTS
SH-EN-ALERCE,2025-10-02,2025,275,-40.1726,24,2025100200,2025100223,12.220000000000001,8.8800000000000008,7.4900000000000002,12.220000000000001,8.8800000000000008,7.4850000000000003,0,0,-0.0049999999999998934,244.84245853798757,218.6212098535847,99.877765833161902,396.84787265124464,0,-26.221248684402866,false,true,ADMITTED_DAILY_NONNEGATIVE_WITH_SIGNED_HOURLY_COMPONENTS
SH-EN-ALERCE,2025-10-03,2025,276,-40.1726,24,2025100300,2025100323,11.73,9.8399999999999999,9.6899999999999995,11.73,9.8399999999999999,9.6854166666666668,0,0,-0.0045833333333327175,93.637437031272611,112.42564431843027,59.759030634658075,166.83113876571429,0,18.788207287157661,false,true,ADMITTED_DAILY_NONNEGATIVE_WITH_SIGNED_HOURLY_COMPONENTS
SH-EN-ALERCE,2025-10-04,2025,277,-40.1726,24,2025100400,2025100423,11.27,7.54,6.3300000000000001,11.27,7.54,6.3304166666666672,0,0,0.00041666666666717589,231.35026035163366,204.20899744123267,67.141615544178194,460.6652639822214,0,-27.141262910400997,false,true,ADMITTED_DAILY_NONNEGATIVE_WITH_SIGNED_HOURLY_COMPONENTS
SH-EN-ALERCE,2025-10-05,2025,278,-40.1726,24,2025100500,2025100523,9.8499999999999996,6.8099999999999996,5.25,9.8499999999999996,6.8099999999999996,5.2508333333333335,0,0,0.0008333333333334636,214.61687643242885,198.86478006115371,87.350489114450397,360.07547512648125,0,-15.752096371275144,false,true,ADMITTED_DAILY_NONNEGATIVE_WITH_SIGNED_HOURLY_COMPONENTS
SH-EN-ALERCE,2025-10-06,2025,279,-40.1726,24,2025100600,2025100623,11.24,7.8200000000000003,8.9399999999999995,11.24,7.8200000000000003,8.9399999999999995,0,0,0,53.330529751242011,97.845470476802078,69.167951879456496,140.33870369418287,0,44.514940725560066,false,true,ADMITTED_DAILY_NONNEGATIVE_WITH_SIGNED_HOURLY_COMPONENTS
SH-EN-ALERCE,2025-10-07,2025,280,-40.1726,24,2025100700,2025100723,13.279999999999999,9.1199999999999992,9.0299999999999994,13.279999999999999,9.1199999999999992,9.0345833333333339,0,0,0.0045833333333344939,191.02372934660616,173.95300345081554,46.041250685812884,352.49303505215084,0,-17.070725895790616,false,true,ADMITTED_DAILY_NONNEGATIVE_WITH_SIGNED_HOURLY_COMPONENTS
SH-EN-ALERCE,2025-10-08,2025,281,-40.1726,24,2025100800,2025100823,12.81,9.0800000000000001,9.3399999999999999,12.81,9.0800000000000001,9.3424999999999994,0,0,0.0024999999999995026,142.07027637572719,147.30222404791883,48.935835099055566,294.89557040306386,0,5.2319476721916374,false,true,ADMITTED_DAILY_NONNEGATIVE_WITH_SIGNED_HOURLY_COMPONENTS
SH-EN-ALERCE,2025-10-09,2025,282,-40.1726,24,2025100900,2025100923,11.92,10.640000000000001,10.16,11.92,10.640000000000001,10.157500000000001,0,0,-0.0024999999999995026,97.215227898386729,95.726385009847647,47.713266331925297,195.42581608282489,0,-1.4888428885390823,false,true,ADMITTED_DAILY_NONNEGATIVE_WITH_SIGNED_HOURLY_COMPONENTS
SH-EN-ALERCE,2025-10-10,2025,283,-40.1726,24,2025101000,2025101023,12.59,8.4499999999999993,9.6899999999999995,12.59,8.4499999999999993,9.6925000000000008,0,0,0.002500000000001279,79.397041317627782,98.556758817750122,41.773127601814849,223.50996206512832,0,19.159717500122341,false,true,ADMITTED_DAILY_NONNEGATIVE_WITH_SIGNED_HOURLY_COMPONENTS
SH-EN-ALERCE,2025-10-11,2025,284,-40.1726,24,2025101100,2025101123,10.99,7.46,6.6200000000000001,10.99,7.46,6.6174999999999997,0,0,-0.0025000000000003908,196.87934491321141,196.29441330291812,78.914221861191095,334.50177576442002,0,-0.58493161029329599,false,true,ADMITTED_DAILY_NONNEGATIVE_WITH_SIGNED_HOURLY_COMPONENTS
SH-EN-ALERCE,2025-10-12,2025,285,-40.1726,24,2025101200,2025101223,11.960000000000001,6.6399999999999997,5.5300000000000002,11.960000000000001,6.6399999999999997,5.5341666666666667,0,0,0.0041666666666664298,283.00006406910097,268.69888888185295,135.06108528491427,486.10031708903705,0,-14.30117518724802,false,true,ADMITTED_DAILY_NONNEGATIVE_WITH_SIGNED_HOURLY_COMPONENTS
SH-EN-ALERCE,2025-10-13,2025,286,-40.1726,24,2025101300,2025101323,13.02,9.4399999999999995,9.0299999999999994,13.02,9.4399999999999995,9.0320833333333344,0,0,0.0020833333333349913,190.79422392287415,169.43690591271027,92.940390031207698,334.49633587015774,0,-21.35731801016388,false,true,ADMITTED_DAILY_NONNEGATIVE_WITH_SIGNED_HOURLY_COMPONENTS
SH-EN-ALERCE,2025-10-14,2025,287,-40.1726,24,2025101400,2025101423,12.48,9.7899999999999991,10.609999999999999,12.48,9.7899999999999991,10.610833333333334,0,0,0.00083333333333435178,50.115127667483193,65.573947879978746,48.911164879146781,102.44090574117286,0,15.458820212495553,false,true,ADMITTED_DAILY_NONNEGATIVE_WITH_SIGNED_HOURLY_COMPONENTS
SH-EN-ALERCE,2025-10-15,2025,288,-40.1726,24,2025101500,2025101523,11.99,8.7899999999999991,7.2699999999999996,11.99,8.7899999999999991,7.2745833333333332,0,0,0.0045833333333336057,246.17182700077478,262.53679154066441,58.405819056513337,452.19128551231802,0,16.364964539889627,false,true,ADMITTED_DAILY_NONNEGATIVE_WITH_SIGNED_HOURLY_COMPONENTS
SH-EN-ALERCE,2025-10-16,2025,289,-40.1726,24,2025101600,2025101623,12.57,8.4600000000000009,6.8399999999999999,12.57,8.4600000000000009,6.8416666666666659,0,0,0.001666666666666039,290.59722563678849,263.76191474619969,99.469934630581861,416.26834170311236,0,-26.835310890588801,false,true,ADMITTED_DAILY_NONNEGATIVE_WITH_SIGNED_HOURLY_COMPONENTS
SH-EN-ALERCE,2025-10-17,2025,290,-40.1726,24,2025101700,2025101723,14.109999999999999,7.3300000000000001,6.7999999999999998,14.109999999999999,7.3300000000000001,6.8029166666666674,0,0,0.0029166666666675667,329.23755761847406,304.68862193863396,96.256515968172948,599.87999111145712,0,-24.548935679840099,false,true,ADMITTED_DAILY_NONNEGATIVE_WITH_SIGNED_HOURLY_COMPONENTS
SH-EN-ALERCE,2025-10-18,2025,291,-40.1726,24,2025101800,2025101823,14.73,7.71,8.0600000000000005,14.73,7.71,8.0616666666666656,0,0,0.0016666666666651508,286.68505628557318,249.53138211747932,94.651433908034051,458.78523875129372,0,-37.153674168093858,false,true,ADMITTED_DAILY_NONNEGATIVE_WITH_SIGNED_HOURLY_COMPONENTS
SH-EN-ALERCE,2025-10-19,2025,292,-40.1726,24,2025101900,2025101923,13.06,8.4199999999999999,8.1400000000000006,13.06,8.4199999999999999,8.1425000000000001,0,0,0.0024999999999995026,220.7113387141776,233.11522200495892,71.168948584159125,490.04584426383622,0,12.403883290781323,false,true,ADMITTED_DAILY_NONNEGATIVE_WITH_SIGNED_HOURLY_COMPONENTS
SH-EN-ALERCE,2025-10-20,2025,293,-40.1726,24,2025102000,2025102023,13.76,9.9700000000000006,10.43,13.76,9.9700000000000006,10.42625,0,0,-0.0037500000000001421,135.88928494502738,153.24458411278238,48.850486146251569,304.91485326231441,0,17.355299167754993,false,true,ADMITTED_DAILY_NONNEGATIVE_WITH_SIGNED_HOURLY_COMPONENTS
SH-EN-ALERCE,2025-10-21,2025,294,-40.1726,24,2025102100,2025102123,13.539999999999999,8.4600000000000009,6.4100000000000001,13.539999999999999,8.4600000000000009,6.4066666666666663,0,0,-0.0033333333333338544,367.18807525165846,354.76177036769803,169.27552245112065,661.7062568904114,0,-12.426304883960427,false,true,ADMITTED_DAILY_NONNEGATIVE_WITH_SIGNED_HOURLY_COMPONENTS
SH-EN-ALERCE,2025-10-22,2025,295,-40.1726,24,2025102200,2025102223,13.050000000000001,8.4199999999999999,7.1500000000000004,13.050000000000001,8.4199999999999999,7.1499999999999995,0,0,-8.8817841970012523e-16,291.03624990175729,292.30316599822419,161.94275240504453,483.59780064036795,0,1.2669160964669004,false,true,ADMITTED_DAILY_NONNEGATIVE_WITH_SIGNED_HOURLY_COMPONENTS
SH-EN-ALERCE,2025-10-23,2025,296,-40.1726,24,2025102300,2025102323,12.17,7.96,8.1500000000000004,12.17,7.96,8.1458333333333339,0,0,-0.0041666666666664298,160.32903093245318,183.639625665224,82.346651910396304,269.78076896928155,0,23.310594732770824,false,true,ADMITTED_DAILY_NONNEGATIVE_WITH_SIGNED_HOURLY_COMPONENTS
SH-EN-ALERCE,2025-10-24,2025,297,-40.1726,24,2025102400,2025102423,10.359999999999999,7.2400000000000002,5.5199999999999996,10.359999999999999,7.2400000000000002,5.519166666666667,0,0,-0.00083333333333257542,233.70974592688151,212.17002600951182,84.601678738010719,381.31920047553103,0,-21.539719917369695,false,true,ADMITTED_DAILY_NONNEGATIVE_WITH_SIGNED_HOURLY_COMPONENTS
SH-EN-ALERCE,2025-10-25,2025,298,-40.1726,24,2025102500,2025102523,11.699999999999999,7.96,7.9800000000000004,11.699999999999999,7.96,7.9829166666666671,0,0,0.0029166666666666785,151.14567540831354,155.587899630132,61.0487716595851,318.57195304748211,0,4.4422242218184635,false,true,ADMITTED_DAILY_NONNEGATIVE_WITH_SIGNED_HOURLY_COMPONENTS
SH-EN-ALERCE,2025-10-26,2025,299,-40.1726,24,2025102600,2025102623,12.69,9.6199999999999992,8.1799999999999997,12.69,9.6199999999999992,8.1824999999999992,0,0,0.0024999999999995026,246.3632602692096,241.17392537689469,78.46478867990686,463.05421728077897,0,-5.1893348923149176,false,true,ADMITTED_DAILY_NONNEGATIVE_WITH_SIGNED_HOURLY_COMPONENTS
SH-EN-ALERCE,2025-10-27,2025,300,-40.1726,24,2025102700,2025102723,16.440000000000001,8.3100000000000005,7.3899999999999997,16.440000000000001,8.3100000000000005,7.3937499999999998,0,0,0.0037500000000001421,453.81951635807718,419.66935011190753,121.88995754860559,743.3104070058489,0,-34.150166246169647,false,true,ADMITTED_DAILY_NONNEGATIVE_WITH_SIGNED_HOURLY_COMPONENTS
SH-EN-ALERCE,2025-10-28,2025,301,-40.1726,24,2025102800,2025102823,15.949999999999999,8.6099999999999994,7.1100000000000003,15.949999999999999,8.6099999999999994,7.105833333333333,0,0,-0.004166666666667318,455.87351228652335,399.00849923527193,163.44669655071357,748.60406473519129,0,-56.865013051251424,false,true,ADMITTED_DAILY_NONNEGATIVE_WITH_SIGNED_HOURLY_COMPONENTS
SH-EN-ALERCE,2025-10-29,2025,302,-40.1726,24,2025102900,2025102923,14.85,9.9700000000000006,9.4000000000000004,14.85,9.9700000000000006,9.4037500000000005,0,0,0.0037500000000001421,277.76673515209859,240.88744188745534,98.197657234336248,454.32965357997386,0,-36.879293264643252,false,true,ADMITTED_DAILY_NONNEGATIVE_WITH_SIGNED_HOURLY_COMPONENTS
SH-EN-ALERCE,2025-10-30,2025,303,-40.1726,24,2025103000,2025103023,12.630000000000001,10.130000000000001,8.6400000000000006,12.630000000000001,10.130000000000001,8.6387499999999999,0,0,-0.0012500000000006395,229.86544537585769,206.84780627121165,95.693068802226662,403.91379404684812,0,-23.017639104646037,false,true,ADMITTED_DAILY_NONNEGATIVE_WITH_SIGNED_HOURLY_COMPONENTS
SH-EN-ALERCE,2025-10-31,2025,304,-40.1726,24,2025103100,2025103123,12.359999999999999,9.3000000000000007,7.5700000000000003,12.359999999999999,9.3000000000000007,7.565833333333333,0,0,-0.004166666666667318,262.11837789564447,250.05705511567564,110.29560524807357,420.15967721621848,0,-12.061322779968833,false,true,ADMITTED_DAILY_NONNEGATIVE_WITH_SIGNED_HOURLY_COMPONENTS
SH-EN-ALERCE,2025-11-01,2025,305,-40.1726,24,2025110100,2025110123,12.91,9.7799999999999994,8.1999999999999993,12.91,9.7799999999999994,8.2012499999999999,0,0,0.0012500000000006395,262.00679014141451,226.15265658126054,105.43389287299146,386.98977683146586,0,-35.854133560153969,false,true,ADMITTED_DAILY_NONNEGATIVE_WITH_SIGNED_HOURLY_COMPONENTS
SH-EN-ALERCE,2025-11-02,2025,306,-40.1726,24,2025110200,2025110223,15.75,9.5600000000000005,8.9900000000000002,15.75,9.5600000000000005,8.9920833333333334,0,0,0.0020833333333332149,343.55317690499169,301.36925728344795,109.28184094557059,563.13616121669202,0,-42.183919621543737,false,true,ADMITTED_DAILY_NONNEGATIVE_WITH_SIGNED_HOURLY_COMPONENTS
SH-EN-ALERCE,2025-11-03,2025,307,-40.1726,24,2025110300,2025110323,14.970000000000001,9.5800000000000001,8.7400000000000002,14.970000000000001,9.5800000000000001,8.7400000000000002,0,0,0,319.8906215521697,276.55192442515187,133.32540870132857,512.56760675528108,0,-43.338697127017838,false,true,ADMITTED_DAILY_NONNEGATIVE_WITH_SIGNED_HOURLY_COMPONENTS
SH-EN-ALERCE,2025-11-04,2025,308,-40.1726,24,2025110400,2025110423,14.26,9.7400000000000002,8.6400000000000006,14.26,9.7400000000000002,8.6391666666666662,0,0,-0.00083333333333435178,295.81802696689192,293.34608155353243,88.57021588419525,531.928275482765,0,-2.4719454133594922,false,true,ADMITTED_DAILY_NONNEGATIVE_WITH_SIGNED_HOURLY_COMPONENTS
SH-EN-ALERCE,2025-11-05,2025,309,-40.1726,24,2025110500,2025110523,16.440000000000001,9.6300000000000008,9.7200000000000006,16.440000000000001,9.6300000000000008,9.7166666666666668,0,0,-0.0033333333333338544,328.82263808336529,290.71255226742289,71.066434736252859,620.63523378910827,0,-38.110085815942398,false,true,ADMITTED_DAILY_NONNEGATIVE_WITH_SIGNED_HOURLY_COMPONENTS
SH-EN-ALERCE,2025-11-06,2025,310,-40.1726,24,2025110600,2025110623,14.01,9.3100000000000005,8.4399999999999995,14.01,9.3100000000000005,8.4399999999999995,0,0,0,280.64027515182875,245.0088238208979,80.206456944561296,465.46804817167799,0,-35.631451330930844,false,true,ADMITTED_DAILY_NONNEGATIVE_WITH_SIGNED_HOURLY_COMPONENTS
SH-EN-ALERCE,2025-11-07,2025,311,-40.1726,24,2025110700,2025110723,12.5,9.3800000000000008,7.9900000000000002,12.5,9.3800000000000008,7.9874999999999998,0,0,-0.0025000000000003908,241.6358766511662,251.05517987697658,137.53711505607839,380.74844034407738,0,9.4193032258103813,false,true,ADMITTED_DAILY_NONNEGATIVE_WITH_SIGNED_HOURLY_COMPONENTS
SH-EN-ALERCE,2025-11-08,2025,312,-40.1726,24,2025110800,2025110823,15.82,9.2699999999999996,9.7799999999999994,15.82,9.2699999999999996,9.7779166666666661,0,0,-0.0020833333333332149,273.3516368310884,256.92993617737528,40.652431067402858,562.92543833443119,0,-16.421700653713117,false,true,ADMITTED_DAILY_NONNEGATIVE_WITH_SIGNED_HOURLY_COMPONENTS
SH-EN-ALERCE,2025-11-09,2025,313,-40.1726,24,2025110900,2025110923,15.6,10.67,10.81,15.6,10.67,10.807499999999999,0,0,-0.002500000000001279,232.04442421185718,186.4392137130591,27.312197210012073,442.82963198833409,0,-45.605210498798073,false,true,ADMITTED_DAILY_NONNEGATIVE_WITH_SIGNED_HOURLY_COMPONENTS
SH-EN-ALERCE,2025-11-10,2025,314,-40.1726,24,2025111000,2025111023,13.26,10.949999999999999,9.4499999999999993,13.26,10.949999999999999,9.4524999999999988,0,0,0.0024999999999995026,232.46460374926141,207.28615593390325,86.599238812839531,383.878335371189,0,-25.178447815358169,false,true,ADMITTED_DAILY_NONNEGATIVE_WITH_SIGNED_HOURLY_COMPONENTS
SH-EN-ALERCE,2025-11-11,2025,315,-40.1726,24,2025111100,2025111123,12.220000000000001,9.3699999999999992,9.1099999999999994,12.220000000000001,9.3699999999999992,9.1050000000000004,0,0,-0.0049999999999990052,143.43768135849859,143.94097682793011,83.516240429715481,276.73468202322624,0,0.50329546943152081,false,true,ADMITTED_DAILY_NONNEGATIVE_WITH_SIGNED_HOURLY_COMPONENTS
SH-EN-ALERCE,2025-11-12,2025,316,-40.1726,24,2025111200,2025111223,14.32,9.3200000000000003,8.7300000000000004,14.32,9.3200000000000003,8.7316666666666674,0,0,0.0016666666666669272,275.32386623573393,244.38779038544988,30.34161624986109,448.67380501112871,0,-30.936075850284055,false,true,ADMITTED_DAILY_NONNEGATIVE_WITH_SIGNED_HOURLY_COMPONENTS
SH-EN-ALERCE,2025-11-13,2025,317,-40.1726,24,2025111300,2025111323,15.58,8.9399999999999995,8.4700000000000006,15.58,8.9399999999999995,8.4708333333333332,0,0,0.00083333333333257542,349.14992947502924,329.59222090780764,21.613376665542546,667.73035182824469,0,-19.557708567221596,false,true,ADMITTED_DAILY_NONNEGATIVE_WITH_SIGNED_HOURLY_COMPONENTS
SH-EN-ALERCE,2025-11-14,2025,318,-40.1726,24,2025111400,2025111423,16.629999999999999,9.2799999999999994,9.7200000000000006,16.629999999999999,9.2799999999999994,9.7237500000000008,0,0,0.0037500000000001421,326.24648773540093,324.9835473277347,31.38013326768737,677.19922071033193,0,-1.2629404076662354,false,true,ADMITTED_DAILY_NONNEGATIVE_WITH_SIGNED_HOURLY_COMPONENTS
SH-EN-ALERCE,2025-11-15,2025,319,-40.1726,24,2025111500,2025111523,13.220000000000001,9.2899999999999991,9.4399999999999995,13.220000000000001,9.2899999999999991,9.4425000000000008,0,0,0.002500000000001279,162.46900606732106,205.2223916599913,1.7811602928265984,443.13167259392071,0,42.753385592670242,false,true,ADMITTED_DAILY_NONNEGATIVE_WITH_SIGNED_HOURLY_COMPONENTS
SH-EN-ALERCE,2025-11-16,2025,320,-40.1726,24,2025111600,2025111623,13.67,7.3799999999999999,5.29,13.67,7.3799999999999999,5.2858333333333336,0,0,-0.0041666666666664298,406.36869429566991,383.14158736692474,143.82370370003707,685.04561461892661,0,-23.227106928745172,false,true,ADMITTED_DAILY_NONNEGATIVE_WITH_SIGNED_HOURLY_COMPONENTS
SH-EN-ALERCE,2025-11-17,2025,321,-40.1726,24,2025111700,2025111723,14.210000000000001,8.9800000000000004,10.08,14.210000000000001,8.9800000000000004,10.080833333333333,0,0,0.00083333333333257542,148.95453906072112,152.77891693162016,55.108444601764859,200.10427954034003,0,3.8243778708990419,false,true,ADMITTED_DAILY_NONNEGATIVE_WITH_SIGNED_HOURLY_COMPONENTS
SH-EN-ALERCE,2025-11-18,2025,322,-40.1726,24,2025111800,2025111823,14.02,8.7899999999999991,6.7300000000000004,14.02,8.7899999999999991,6.7275,0,0,-0.0025000000000003908,382.84268002102613,377.77183737705417,169.78134457455599,645.31142357811098,0,-5.0708426439719574,false,true,ADMITTED_DAILY_NONNEGATIVE_WITH_SIGNED_HOURLY_COMPONENTS
SH-EN-ALERCE,2025-11-19,2025,323,-40.1726,24,2025111900,2025111923,14.83,10.1,10.720000000000001,14.83,10.1,10.723333333333334,0,0,0.0033333333333338544,173.0125696154048,201.18039872063801,75.467383025746358,348.5365935398961,0,28.16782910523321,false,true,ADMITTED_DAILY_NONNEGATIVE_WITH_SIGNED_HOURLY_COMPONENTS
SH-EN-ALERCE,2025-11-20,2025,324,-40.1726,24,2025112000,2025112023,15.25,10.68,9.4900000000000002,15.25,10.68,9.4937500000000004,0,0,0.0037500000000001421,322.39795920084634,301.48099356983568,139.17172846690028,573.24238479952783,0,-20.916965631010669,false,true,ADMITTED_DAILY_NONNEGATIVE_WITH_SIGNED_HOURLY_COMPONENTS
SH-EN-ALERCE,2025-11-21,2025,325,-40.1726,24,2025112100,2025112123,17.670000000000002,9.7300000000000004,9.2699999999999996,17.670000000000002,9.7300000000000004,9.2750000000000004,0,0,0.0050000000000007816,444.56570429738895,413.55568787717726,105.06994956696781,848.43363290481398,0,-31.010016420211684,false,true,ADMITTED_DAILY_NONNEGATIVE_WITH_SIGNED_HOURLY_COMPONENTS
SH-EN-ALERCE,2025-11-22,2025,326,-40.1726,24,2025112200,2025112223,19.030000000000001,9.8599999999999994,9.1999999999999993,19.030000000000001,9.8599999999999994,9.1983333333333324,0,0,-0.0016666666666669272,545.33508676244219,504.46563487807293,83.849175108152167,1119.9412811086243,0,-40.869451884369255,false,true,ADMITTED_DAILY_NONNEGATIVE_WITH_SIGNED_HOURLY_COMPONENTS
SH-EN-ALERCE,2025-11-23,2025,327,-40.1726,24,2025112300,2025112323,19.91,10.35,10.390000000000001,19.91,10.35,10.388333333333334,0,0,-0.0016666666666669272,530.74826647941495,484.25884446804861,65.607158707466624,1112.8703188255593,0,-46.489422011366344,false,true,ADMITTED_DAILY_NONNEGATIVE_WITH_SIGNED_HOURLY_COMPONENTS
SH-EN-ALERCE,2025-11-24,2025,328,-40.1726,24,2025112400,2025112423,19.289999999999999,11.960000000000001,11.9,19.289999999999999,11.960000000000001,11.897083333333333,0,0,-0.0029166666666675667,424.8247209701392,378.44393014611666,24.304590202937788,853.29123242835635,0,-46.38079082402254,false,true,ADMITTED_DAILY_NONNEGATIVE_WITH_SIGNED_HOURLY_COMPONENTS
SH-EN-ALERCE,2025-11-25,2025,329,-40.1726,24,2025112500,2025112523,19.030000000000001,11.619999999999999,11.65,19.030000000000001,11.619999999999999,11.655000000000001,0,0,0.0050000000000007816,414.1361929793693,325.2461502477733,-6.5853252399556368,869.86850102350559,4,-88.890042731595997,false,true,ADMITTED_DAILY_NONNEGATIVE_WITH_SIGNED_HOURLY_COMPONENTS
SH-EN-ALERCE,2025-11-26,2025,330,-40.1726,24,2025112600,2025112623,17.690000000000001,11.27,11.210000000000001,17.690000000000001,11.27,11.212083333333332,0,0,0.0020833333333314386,349.12912850281373,277.91315509635405,-2.6662991371854332,720.95358002215994,2,-71.215973406459682,false,true,ADMITTED_DAILY_NONNEGATIVE_WITH_SIGNED_HOURLY_COMPONENTS
SH-EN-ALERCE,2025-11-27,2025,331,-40.1726,24,2025112700,2025112723,18.73,11.470000000000001,10.859999999999999,18.73,11.470000000000001,10.863333333333332,0,0,0.003333333333332078,456.92420462011523,448.77168102212403,43.322970489472254,953.10912029204633,0,-8.1525235979912054,false,true,ADMITTED_DAILY_NONNEGATIVE_WITH_SIGNED_HOURLY_COMPONENTS
SH-EN-ALERCE,2025-11-28,2025,332,-40.1726,24,2025112800,2025112823,14.57,11.02,11.470000000000001,14.57,11.02,11.475,0,0,0.0049999999999990052,132.28972125079213,189.0226692693935,70.775532858869383,326.16798450083024,0,56.732948018601377,false,true,ADMITTED_DAILY_NONNEGATIVE_WITH_SIGNED_HOURLY_COMPONENTS
SH-EN-ALERCE,2025-11-29,2025,333,-40.1726,24,2025112900,2025112923,15.960000000000001,12.51,12.130000000000001,15.960000000000001,12.51,12.133333333333333,0,0,0.003333333333332078,217.4076216114197,184.62136156926508,43.96824112359036,441.31215323522247,0,-32.786260042154623,false,true,ADMITTED_DAILY_NONNEGATIVE_WITH_SIGNED_HOURLY_COMPONENTS
SH-EN-ALERCE,2025-11-30,2025,334,-40.1726,24,2025113000,2025113023,15.09,12.51,11.91,15.09,12.51,11.905416666666667,0,0,-0.0045833333333327175,188.58103040184983,155.44713998017278,57.091179467848633,337.46511251703009,0,-33.133890421677052,false,true,ADMITTED_DAILY_NONNEGATIVE_WITH_SIGNED_HOURLY_COMPONENTS
SH-EN-ALERCE,2025-12-01,2025,335,-40.1726,24,2025120100,2025120123,14.220000000000001,11.48,10.890000000000001,14.220000000000001,11.48,10.887916666666667,0,0,-0.0020833333333332149,185.23406751955849,147.88701371281448,37.975239541578048,330.51290963605265,0,-37.347053806744015,false,true,ADMITTED_DAILY_NONNEGATIVE_WITH_SIGNED_HOURLY_COMPONENTS
SH-EN-ALERCE,2025-12-02,2025,336,-40.1726,24,2025120200,2025120223,15.050000000000001,11.77,12.34,15.050000000000001,11.77,12.335000000000001,0,0,-0.0049999999999990052,111.81870224718841,122.8702250389991,14.30182098703267,213.75905217129775,0,11.051522791810683,false,true,ADMITTED_DAILY_NONNEGATIVE_WITH_SIGNED_HOURLY_COMPONENTS
SH-EN-ALERCE,2025-12-03,2025,337,-40.1726,24,2025120300,2025120323,16.460000000000001,11.77,10.44,16.460000000000001,11.77,10.444166666666666,0,0,0.0041666666666664298,362.27743458621694,347.78616430374944,40.575803264620845,705.59630213220021,0,-14.491270282467497,false,true,ADMITTED_DAILY_NONNEGATIVE_WITH_SIGNED_HOURLY_COMPONENTS
SH-EN-ALERCE,2025-12-04,2025,338,-40.1726,24,2025120400,2025120423,16.289999999999999,10.6,10.27,16.289999999999999,10.6,10.272499999999999,0,0,0.0024999999999995026,314.87149673166027,333.54479734051171,25.841548061208641,644.97336426248694,0,18.673300608851434,false,true,ADMITTED_DAILY_NONNEGATIVE_WITH_SIGNED_HOURLY_COMPONENTS
SH-EN-ALERCE,2025-12-05,2025,339,-40.1726,24,2025120500,2025120523,16.239999999999998,9.3599999999999994,8.1500000000000004,16.239999999999998,9.3599999999999994,8.1500000000000004,0,0,0,427.53727536928432,455.09723779724533,135.95152342250481,783.51331054224465,0,27.559962427961011,false,true,ADMITTED_DAILY_NONNEGATIVE_WITH_SIGNED_HOURLY_COMPONENTS
SH-EN-ALERCE,2025-12-06,2025,340,-40.1726,24,2025120600,2025120623,20.050000000000001,10.779999999999999,10.06,20.050000000000001,10.779999999999999,10.055,0,0,-0.0050000000000007816,586.67577319624206,585.54191672572369,128.40503170597071,1131.025158565722,0,-1.1338564705183671,false,true,ADMITTED_DAILY_NONNEGATIVE_WITH_SIGNED_HOURLY_COMPONENTS
SH-EN-ALERCE,2025-12-07,2025,341,-40.1726,24,2025120700,2025120723,22.789999999999999,11.76,11.18,22.789999999999999,11.76,11.183333333333332,0,0,0.003333333333332078,748.73232468612332,718.8425766463107,108.25992630575342,1542.411481768524,0,-29.889748039812616,false,true,ADMITTED_DAILY_NONNEGATIVE_WITH_SIGNED_HOURLY_COMPONENTS
SH-EN-ALERCE,2025-12-08,2025,342,-40.1726,24,2025120800,2025120823,21.23,14,12.109999999999999,21.23,14,12.108750000000001,0,0,-0.0012499999999988631,647.71208144431057,583.91746510957023,168.12341442850948,1186.7841964894469,0,-63.79461633474034,false,true,ADMITTED_DAILY_NONNEGATIVE_WITH_SIGNED_HOURLY_COMPONENTS
SH-EN-ALERCE,2025-12-09,2025,343,-40.1726,24,2025120900,2025120923,18.629999999999999,13.029999999999999,12.69,18.629999999999999,13.029999999999999,12.69375,0,0,0.0037500000000001421,356.27856341683332,345.4303867741915,47.462883593448396,686.23568063343396,0,-10.848176642641818,false,true,ADMITTED_DAILY_NONNEGATIVE_WITH_SIGNED_HOURLY_COMPONENTS
SH-EN-ALERCE,2025-12-10,2025,344,-40.1726,24,2025121000,2025121023,16.879999999999999,11.49,10.99,16.879999999999999,11.49,10.994166666666667,0,0,0.0041666666666664298,327.72331717334578,309.44099323742944,12.947836783963339,558.32067335730767,0,-18.282323935916338,false,true,ADMITTED_DAILY_NONNEGATIVE_WITH_SIGNED_HOURLY_COMPONENTS
SH-EN-ALERCE,2025-12-11,2025,345,-40.1726,24,2025121100,2025121123,15.369999999999999,10.210000000000001,10.51,15.369999999999999,10.210000000000001,10.51125,0,0,0.0012500000000006395,225.30835933950289,247.08647450601947,76.180105614624836,500.36780768613426,0,21.778115166516585,false,true,ADMITTED_DAILY_NONNEGATIVE_WITH_SIGNED_HOURLY_COMPONENTS
SH-EN-ALERCE,2025-12-12,2025,346,-40.1726,24,2025121200,2025121223,14.210000000000001,11.77,11.19,14.210000000000001,11.77,11.188749999999999,0,0,-0.0012500000000006395,171.59176277680854,185.86556649496814,74.905840228335137,324.22086284436705,0,14.273803718159598,false,true,ADMITTED_DAILY_NONNEGATIVE_WITH_SIGNED_HOURLY_COMPONENTS
SH-EN-ALERCE,2025-12-13,2025,347,-40.1726,24,2025121300,2025121323,13.890000000000001,10.199999999999999,7.6600000000000001,13.890000000000001,10.199999999999999,7.6583333333333341,0,0,-0.001666666666666039,367.69421846381806,377.27497903659338,160.73938128900409,600.73126668124019,0,9.5807605727753185,false,true,ADMITTED_DAILY_NONNEGATIVE_WITH_SIGNED_HOURLY_COMPONENTS
SH-EN-ALERCE,2025-12-14,2025,348,-40.1726,24,2025121400,2025121423,14.23,10.33,8.5500000000000007,14.23,10.33,8.5491666666666664,0,0,-0.00083333333333435178,325.3795814726293,326.26041885367192,160.46590116388484,557.68590025021444,0,0.88083738104262466,false,true,ADMITTED_DAILY_NONNEGATIVE_WITH_SIGNED_HOURLY_COMPONENTS
SH-EN-ALERCE,2025-12-15,2025,349,-40.1726,24,2025121500,2025121523,15.09,11.470000000000001,11.06,15.09,11.470000000000001,11.065,0,0,0.0049999999999990052,216.81395538491938,196.95384130594712,104.13034519078906,353.76832772494345,0,-19.860114078972259,false,true,ADMITTED_DAILY_NONNEGATIVE_WITH_SIGNED_HOURLY_COMPONENTS
SH-EN-ALERCE,2025-12-16,2025,350,-40.1726,24,2025121600,2025121623,17.809999999999999,11.66,11.01,17.809999999999999,11.66,11.007083333333334,0,0,-0.0029166666666657903,391.85667738123107,340.43553140763771,105.09585561505514,710.95677406365189,0,-51.421145973593354,false,true,ADMITTED_DAILY_NONNEGATIVE_WITH_SIGNED_HOURLY_COMPONENTS
SH-EN-ALERCE,2025-12-17,2025,351,-40.1726,24,2025121700,2025121723,16.120000000000001,11.199999999999999,10.98,16.120000000000001,11.199999999999999,10.981250000000001,0,0,0.0012500000000006395,270.29924473672031,238.20112746922783,73.374436707115592,528.84583192237369,0,-32.098117267492484,false,true,ADMITTED_DAILY_NONNEGATIVE_WITH_SIGNED_HOURLY_COMPONENTS
SH-EN-ALERCE,2025-12-18,2025,352,-40.1726,24,2025121800,2025121823,16.690000000000001,10.31,8.7899999999999991,16.690000000000001,10.31,8.7854166666666664,0,0,-0.0045833333333327175,444.97214660065697,421.69962883882744,35.22644232651237,884.69129693093589,0,-23.272517761829533,false,true,ADMITTED_DAILY_NONNEGATIVE_WITH_SIGNED_HOURLY_COMPONENTS
SH-EN-ALERCE,2025-12-19,2025,353,-40.1726,24,2025121900,2025121923,15.890000000000001,10.44,10.67,15.890000000000001,10.44,10.666666666666666,0,0,-0.0033333333333338544,250.90101760280663,299.13749631411287,83.188011494852162,520.30060744952084,0,48.236478711306233,false,true,ADMITTED_DAILY_NONNEGATIVE_WITH_SIGNED_HOURLY_COMPONENTS
SH-EN-ALERCE,2025-12-20,2025,354,-40.1726,24,2025122000,2025122023,14.41,12.1,12.300000000000001,14.41,12.1,12.302083333333334,0,0,0.0020833333333332149,96.18715996926926,121.00483504906953,44.109752381786393,269.47960874417208,0,24.817675079800267,false,true,ADMITTED_DAILY_NONNEGATIVE_WITH_SIGNED_HOURLY_COMPONENTS
SH-EN-ALERCE,2025-12-21,2025,355,-40.1726,24,2025122100,2025122123,14.550000000000001,10.33,9.3699999999999992,14.550000000000001,10.33,9.3654166666666665,0,0,-0.0045833333333327175,278.89844424083117,274.53625238063483,105.40303130583266,512.37484590041959,0,-4.362191860196333,false,true,ADMITTED_DAILY_NONNEGATIVE_WITH_SIGNED_HOURLY_COMPONENTS
SH-EN-ALERCE,2025-12-22,2025,356,-40.1726,24,2025122200,2025122223,14.73,10.31,10.609999999999999,14.73,10.31,10.605416666666667,0,0,-0.0045833333333327175,185.74796915517072,236.76855778099321,108.98063276354537,417.05991325650734,0,51.020588625822484,false,true,ADMITTED_DAILY_NONNEGATIVE_WITH_SIGNED_HOURLY_COMPONENTS
SH-EN-ALERCE,2025-12-23,2025,357,-40.1726,24,2025122300,2025122323,15.01,10.949999999999999,8.3499999999999996,15.01,10.949999999999999,8.3529166666666672,0,0,0.0029166666666675667,408.79001966074156,376.72369538959248,141.40352196481786,670.37332692921154,0,-32.066324271149085,false,true,ADMITTED_DAILY_NONNEGATIVE_WITH_SIGNED_HOURLY_COMPONENTS
SH-EN-ALERCE,2025-12-24,2025,358,-40.1726,24,2025122400,2025122423,16.300000000000001,10.960000000000001,10.42,16.300000000000001,10.960000000000001,10.416666666666666,0,0,-0.0033333333333338544,318.37177827968435,278.89682894555136,94.74467531490086,601.39215741411249,0,-39.474949334132987,false,true,ADMITTED_DAILY_NONNEGATIVE_WITH_SIGNED_HOURLY_COMPONENTS
SH-EN-ALERCE,2025-12-25,2025,359,-40.1726,24,2025122500,2025122523,17.329999999999998,10.140000000000001,9.9100000000000001,17.329999999999998,10.140000000000001,9.9075000000000006,0,0,-0.0024999999999995026,388.50153047984873,385.0123311882258,83.952700040622403,766.21020384549092,0,-3.4891992916229242,false,true,ADMITTED_DAILY_NONNEGATIVE_WITH_SIGNED_HOURLY_COMPONENTS
SH-EN-ALERCE,2025-12-26,2025,360,-40.1726,24,2025122600,2025122623,15.529999999999999,11.32,11.369999999999999,15.529999999999999,11.32,11.365833333333333,0,0,-0.0041666666666664298,207.30560290113294,273.27795432145376,83.059762105625168,514.8919632516745,0,65.97235142032082,false,true,ADMITTED_DAILY_NONNEGATIVE_WITH_SIGNED_HOURLY_COMPONENTS
SH-EN-ALERCE,2025-12-27,2025,361,-40.1726,24,2025122700,2025122723,17.649999999999999,11.09,9.4299999999999997,17.649999999999999,11.09,9.4262499999999996,0,0,-0.0037500000000001421,487.95567657023162,485.43540303113122,114.80149458360847,863.94321069282068,0,-2.5202735391004012,false,true,ADMITTED_DAILY_NONNEGATIVE_WITH_SIGNED_HOURLY_COMPONENTS
SH-EN-ALERCE,2025-12-28,2025,362,-40.1726,24,2025122800,2025122823,19.120000000000001,11.09,10.529999999999999,19.120000000000001,11.09,10.52875,0,0,-0.0012499999999988631,494.98161976160009,470.39793897188582,139.5437918841053,921.11886658105686,0,-24.583680789714265,false,true,ADMITTED_DAILY_NONNEGATIVE_WITH_SIGNED_HOURLY_COMPONENTS
SH-EN-ALERCE,2025-12-29,2025,363,-40.1726,24,2025122900,2025122923,18.109999999999999,11.98,11.27,18.109999999999999,11.98,11.2675,0,0,-0.0024999999999995026,403.05106279257757,365.9331804273699,75.422400583291846,796.97834058827129,0,-37.117882365207663,false,true,ADMITTED_DAILY_NONNEGATIVE_WITH_SIGNED_HOURLY_COMPONENTS
SH-EN-ALERCE,2025-12-30,2025,364,-40.1726,24,2025123000,2025123023,17.350000000000001,12.26,13.279999999999999,17.350000000000001,12.26,13.282916666666667,0,0,0.0029166666666675667,178.53463575841693,198.10172338211396,15.030482841136745,379.16865091842578,0,19.567087623697034,false,true,ADMITTED_DAILY_NONNEGATIVE_WITH_SIGNED_HOURLY_COMPONENTS
SH-EN-ALERCE,2025-12-31,2025,365,-40.1726,24,2025123100,2025123123,20.32,12.58,11.029999999999999,20.32,12.58,11.027916666666668,0,0,-0.0020833333333314386,605.72459903718504,558.9391059068306,101.33118088204947,1137.986001384721,0,-46.785493130354439,false,true,ADMITTED_DAILY_NONNEGATIVE_WITH_SIGNED_HOURLY_COMPONENTS
SH-EN-ALERCE,2026-01-01,2026,1,-40.1726,24,2026010100,2026010123,19.699999999999999,11.23,8.4800000000000004,19.699999999999999,11.23,8.4824999999999999,0,0,0.0024999999999995026,705.71548407098248,653.20869785782372,143.8995654664127,1298.8401559588426,0,-52.506786213158762,false,true,ADMITTED_DAILY_NONNEGATIVE_WITH_SIGNED_HOURLY_COMPONENTS
SH-EN-ALERCE,2026-01-02,2026,2,-40.1726,24,2026010200,2026010223,19.300000000000001,10.48,9.6999999999999993,19.300000000000001,10.48,9.6979166666666661,0,0,-0.0020833333333332149,549.94674209969298,556.09899510292792,145.90686792356314,964.04094859542897,0,6.1522530032349323,false,true,ADMITTED_DAILY_NONNEGATIVE_WITH_SIGNED_HOURLY_COMPONENTS
SH-EN-ALERCE,2026-01-03,2026,3,-40.1726,24,2026010300,2026010323,25.379999999999999,12.59,11.390000000000001,25.379999999999999,12.59,11.387500000000001,0,0,-0.0024999999999995026,1001.9961242436596,987.01880473389974,49.36082871551389,2012.2287245440511,0,-14.977319509759809,false,true,ADMITTED_DAILY_NONNEGATIVE_WITH_SIGNED_HOURLY_COMPONENTS
SH-EN-ALERCE,2026-01-04,2026,4,-40.1726,24,2026010400,2026010423,27.530000000000001,13.16,11.109999999999999,27.530000000000001,13.16,11.107916666666668,0,0,-0.0020833333333314386,1273.2721996519942,849.11762344093393,45.328893648690382,2566.3528151420005,0,-424.15457621106032,false,true,ADMITTED_DAILY_NONNEGATIVE_WITH_SIGNED_HOURLY_COMPONENTS
SH-EN-ALERCE,2026-01-05,2026,5,-40.1726,24,2026010500,2026010523,16.25,12.470000000000001,12.050000000000001,16.25,12.470000000000001,12.052916666666667,0,0,0.0029166666666657903,239.88190249764921,187.05436076479305,18.907879179969996,464.26580112347528,0,-52.827541732856162,false,true,ADMITTED_DAILY_NONNEGATIVE_WITH_SIGNED_HOURLY_COMPONENTS
SH-EN-ALERCE,2026-01-06,2026,6,-40.1726,24,2026010600,2026010623,17.449999999999999,12.32,11.27,17.449999999999999,12.32,11.272083333333333,0,0,0.0020833333333332149,376.59845093570243,330.09686575904249,43.683221554949796,625.87922746580466,0,-46.501585176659944,false,true,ADMITTED_DAILY_NONNEGATIVE_WITH_SIGNED_HOURLY_COMPONENTS
SH-EN-ALERCE,2026-01-07,2026,7,-40.1726,24,2026010700,2026010723,21.16,11.35,8.1199999999999992,21.16,11.35,8.1245833333333337,0,0,0.0045833333333344939,845.9925717592871,824.65854045588355,238.22453618664304,1481.1366077008404,0,-21.334031303403549,false,true,ADMITTED_DAILY_NONNEGATIVE_WITH_SIGNED_HOURLY_COMPONENTS
SH-EN-ALERCE,2026-01-08,2026,8,-40.1726,24,2026010800,2026010823,20.59,11.98,8.9100000000000001,20.59,11.98,8.9104166666666664,0,0,0.00041666666666628771,771.78751612174528,747.00006616713256,222.7845629764754,1411.4439163949492,0,-24.787449954612725,false,true,ADMITTED_DAILY_NONNEGATIVE_WITH_SIGNED_HOURLY_COMPONENTS
SH-EN-ALERCE,2026-01-09,2026,9,-40.1726,24,2026010900,2026010923,19.73,12.32,11.57,19.73,12.32,11.567083333333334,0,0,-0.0029166666666657903,502.67205627032399,434.33702877308457,70.049023771925704,1021.2682974350453,0,-68.335027497239423,false,true,ADMITTED_DAILY_NONNEGATIVE_WITH_SIGNED_HOURLY_COMPONENTS
SH-EN-ALERCE,2026-01-10,2026,10,-40.1726,24,2026011000,2026011023,17.649999999999999,11.869999999999999,12.25,17.649999999999999,11.869999999999999,12.247916666666667,0,0,-0.0020833333333332149,278.94130176036538,292.06692553375461,-21.253057602599256,715.45021214224721,3,13.125623773389236,false,true,ADMITTED_DAILY_NONNEGATIVE_WITH_SIGNED_HOURLY_COMPONENTS
SH-EN-ALERCE,2026-01-11,2026,11,-40.1726,24,2026011100,2026011123,16.98,11.76,12.23,16.98,11.76,12.230833333333335,0,0,0.00083333333333435178,233.92054102361408,217.71446303120695,-9.0973862549631122,512.23423776646564,2,-16.206077992407131,false,true,ADMITTED_DAILY_NONNEGATIVE_WITH_SIGNED_HOURLY_COMPONENTS
SH-EN-ALERCE,2026-01-12,2026,12,-40.1726,24,2026011200,2026011223,16.670000000000002,10.81,9.4600000000000009,16.670000000000002,10.81,9.4645833333333336,0,0,0.0045833333333327175,412.67241635239634,368.74064526722373,61.66572654348488,815.86052571758819,0,-43.931771085172613,false,true,ADMITTED_DAILY_NONNEGATIVE_WITH_SIGNED_HOURLY_COMPONENTS
SH-EN-ALERCE,2026-01-13,2026,13,-40.1726,24,2026011300,2026011323,17.460000000000001,10,9.8100000000000005,17.460000000000001,10,9.8137500000000006,0,0,0.0037500000000001421,399.03718203863855,382.32626370242724,51.680764956217672,966.66856778009912,0,-16.710918336211307,false,true,ADMITTED_DAILY_NONNEGATIVE_WITH_SIGNED_HOURLY_COMPONENTS
SH-EN-ALERCE,2026-01-14,2026,14,-40.1726,24,2026011400,2026011423,16.510000000000002,12.380000000000001,12.050000000000001,16.510000000000002,12.380000000000001,12.051250000000001,0,0,0.0012500000000006395,251.03897996711703,230.9157678961113,47.283093078755201,377.03263690744711,0,-20.123212071005725,false,true,ADMITTED_DAILY_NONNEGATIVE_WITH_SIGNED_HOURLY_COMPONENTS
SH-EN-ALERCE,2026-01-15,2026,15,-40.1726,24,2026011500,2026011523,15.449999999999999,10.94,7.7699999999999996,15.449999999999999,10.94,7.7741666666666669,0,0,0.004166666666667318,475.3565163361684,456.5618722639777,176.37892566137339,762.43412970842769,0,-18.794644072190692,false,true,ADMITTED_DAILY_NONNEGATIVE_WITH_SIGNED_HOURLY_COMPONENTS
SH-EN-ALERCE,2026-01-16,2026,16,-40.1726,24,2026011600,2026011623,17.84,11.41,11.550000000000001,17.84,11.41,11.550416666666665,0,0,0.00041666666666451135,334.63452817322286,324.87599722446402,99.640210478374456,662.52726007198703,0,-9.7585309487588461,false,true,ADMITTED_DAILY_NONNEGATIVE_WITH_SIGNED_HOURLY_COMPONENTS
SH-EN-ALERCE,2026-01-17,2026,17,-40.1726,24,2026011700,2026011723,18.050000000000001,11.82,8.2400000000000002,18.050000000000001,11.82,8.2424999999999997,0,0,0.0024999999999995026,637.81431747017518,617.54352253675825,157.03763012790364,1082.3043750832494,0,-20.270794933416937,false,true,ADMITTED_DAILY_NONNEGATIVE_WITH_SIGNED_HOURLY_COMPONENTS
SH-EN-ALERCE,2026-01-18,2026,18,-40.1726,24,2026011800,2026011823,21.219999999999999,10.19,7.0300000000000002,21.219999999999999,10.19,7.0279166666666661,0,0,-0.0020833333333341031,878.32446083020386,858.85043707600607,222.40020727703472,1581.1615114455426,0,-19.474023754197788,false,true,ADMITTED_DAILY_NONNEGATIVE_WITH_SIGNED_HOURLY_COMPONENTS
SH-EN-ALERCE,2026-01-19,2026,19,-40.1726,24,2026011900,2026011923,20.710000000000001,11.76,7.7599999999999998,20.710000000000001,11.76,7.7558333333333325,0,0,-0.004166666666667318,856.4251793270812,818.79337135318713,312.85619802934843,1434.288822469505,0,-37.63180797389407,false,true,ADMITTED_DAILY_NONNEGATIVE_WITH_SIGNED_HOURLY_COMPONENTS
SH-EN-ALERCE,2026-01-20,2026,20,-40.1726,24,2026012000,2026012023,20.800000000000001,11.5,10.460000000000001,20.800000000000001,11.5,10.465,0,0,0.0049999999999990052,640.46983334991387,503.83509298866562,39.494810520996452,1337.6971608511499,0,-136.63474036124825,false,true,ADMITTED_DAILY_NONNEGATIVE_WITH_SIGNED_HOURLY_COMPONENTS
SH-EN-ALERCE,2026-01-21,2026,21,-40.1726,24,2026012100,2026012123,16.289999999999999,12.380000000000001,12.27,16.289999999999999,12.380000000000001,12.265000000000001,0,0,-0.0049999999999990052,217.4387533522638,183.9348378361988,-0.94566241224947589,477.18350866637934,1,-33.503915516065007,false,true,ADMITTED_DAILY_NONNEGATIVE_WITH_SIGNED_HOURLY_COMPONENTS
SH-EN-ALERCE,2026-01-22,2026,22,-40.1726,24,2026012200,2026012223,16.09,12.390000000000001,11.92,16.09,12.390000000000001,11.915833333333333,0,0,-0.0041666666666664298,238.72195302009482,235.27885866788628,42.263251217426841,498.24144257050966,0,-3.4430943522085329,false,true,ADMITTED_DAILY_NONNEGATIVE_WITH_SIGNED_HOURLY_COMPONENTS
SH-EN-ALERCE,2026-01-23,2026,23,-40.1726,24,2026012300,2026012323,18.370000000000001,11.83,10.960000000000001,18.370000000000001,11.83,10.957916666666668,0,0,-0.0020833333333332149,440.48061041523147,366.35579248222365,41.640467503752916,892.74006205589808,0,-74.124817933007819,false,true,ADMITTED_DAILY_NONNEGATIVE_WITH_SIGNED_HOURLY_COMPONENTS
SH-EN-ALERCE,2026-01-24,2026,24,-40.1726,24,2026012400,2026012423,15.56,10.550000000000001,10.25,15.56,10.550000000000001,10.250833333333334,0,0,0.00083333333333435178,272.19876467601671,251.37470006905446,9.511852923795459,550.50371010241429,0,-20.824064606962253,false,true,ADMITTED_DAILY_NONNEGATIVE_WITH_SIGNED_HOURLY_COMPONENTS
SH-EN-ALERCE,2026-01-25,2026,25,-40.1726,24,2026012500,2026012523,15.41,10.369999999999999,9.3499999999999996,15.41,10.369999999999999,9.3495833333333334,0,0,-0.00041666666666628771,329.32400171658787,329.53985060477891,102.04993082715214,610.747556968769,0,0.21584888819103298,false,true,ADMITTED_DAILY_NONNEGATIVE_WITH_SIGNED_HOURLY_COMPONENTS
SH-EN-ALERCE,2026-01-26,2026,26,-40.1726,24,2026012600,2026012623,17.68,11.98,12.1,17.68,11.98,12.104583333333332,0,0,0.0045833333333327175,299.93082608106874,268.36504842476035,-26.258994975063615,642.30336923225718,2,-31.565777656308398,false,true,ADMITTED_DAILY_NONNEGATIVE_WITH_SIGNED_HOURLY_COMPONENTS
SH-EN-ALERCE,2026-01-27,2026,27,-40.1726,24,2026012700,2026012723,17.91,13.18,14.949999999999999,17.91,13.18,14.954583333333334,0,0,0.0045833333333344939,84.053575780971869,145.15375633803535,-69.670714232661567,348.36711202741162,5,61.100180557063482,false,true,ADMITTED_DAILY_NONNEGATIVE_WITH_SIGNED_HOURLY_COMPONENTS
SH-EN-ALERCE,2026-01-28,2026,28,-40.1726,24,2026012800,2026012823,20.07,16.300000000000001,16.010000000000002,20.07,16.300000000000001,16.009166666666669,0,0,-0.00083333333333257542,281.47928006191523,249.16919542286664,36.297044329897972,555.54007370072441,0,-32.310084639048597,false,true,ADMITTED_DAILY_NONNEGATIVE_WITH_SIGNED_HOURLY_COMPONENTS
SH-EN-ALERCE,2026-01-29,2026,29,-40.1726,24,2026012900,2026012923,25.030000000000001,16.149999999999999,15.039999999999999,25.030000000000001,16.149999999999999,15.043333333333335,0,0,0.0033333333333356308,794.86906380784217,671.9876625594726,65.077112037109146,1557.1165786759252,0,-122.88140124836957,false,true,ADMITTED_DAILY_NONNEGATIVE_WITH_SIGNED_HOURLY_COMPONENTS
SH-EN-ALERCE,2026-01-30,2026,30,-40.1726,24,2026013000,2026013023,21.23,16.02,15.23,21.23,16.02,15.229166666666666,0,0,-0.00083333333333435178,440.72186955792495,328.20652017264467,38.016666148975219,873.27275185905501,0,-112.51534938528027,false,true,ADMITTED_DAILY_NONNEGATIVE_WITH_SIGNED_HOURLY_COMPONENTS
SH-EN-ALERCE,2026-01-31,2026,31,-40.1726,24,2026013100,2026013123,21.899999999999999,15.279999999999999,14.49,21.899999999999999,15.279999999999999,14.494166666666667,0,0,0.0041666666666664298,531.94319041846188,454.85629926552673,47.384777353629943,972.36806047552227,0,-77.086891152935152,false,true,ADMITTED_DAILY_NONNEGATIVE_WITH_SIGNED_HOURLY_COMPONENTS
SH-EN-ALERCE,2026-02-01,2026,32,-40.1726,24,2026020100,2026020123,20.190000000000001,13.68,12.359999999999999,20.190000000000001,13.68,12.357916666666668,0,0,-0.0020833333333314386,529.60951100353373,443.91614372284977,53.178366222319482,1054.9548963785717,0,-85.693367280683958,false,true,ADMITTED_DAILY_NONNEGATIVE_WITH_SIGNED_HOURLY_COMPONENTS
SH-EN-ALERCE,2026-02-02,2026,33,-40.1726,24,2026020200,2026020223,17.93,15.050000000000001,14.82,17.93,15.050000000000001,14.821249999999999,0,0,0.0012499999999988631,197.19903415544013,186.65816287779333,56.402034919103471,457.0986767123477,0,-10.540871277646801,false,true,ADMITTED_DAILY_NONNEGATIVE_WITH_SIGNED_HOURLY_COMPONENTS
SH-EN-ALERCE,2026-02-03,2026,34,-40.1726,24,2026020300,2026020323,16.41,13.26,13.33,16.41,13.26,13.329166666666666,0,0,-0.00083333333333435178,164.53415990205713,180.25471226426251,94.90951953483227,355.89884879362739,0,15.720552362205382,false,true,ADMITTED_DAILY_NONNEGATIVE_WITH_SIGNED_HOURLY_COMPONENTS
SH-EN-ALERCE,2026-02-04,2026,35,-40.1726,24,2026020400,2026020423,16.760000000000002,11.779999999999999,9.9800000000000004,16.760000000000002,11.779999999999999,9.9829166666666662,0,0,0.0029166666666657903,419.08210149958109,385.29018769642244,100.90785307575197,738.96930691883108,0,-33.79191380315865,false,true,ADMITTED_DAILY_NONNEGATIVE_WITH_SIGNED_HOURLY_COMPONENTS
SH-EN-ALERCE,2026-02-05,2026,36,-40.1726,24,2026020500,2026020523,16.710000000000001,10.23,7.6399999999999997,16.710000000000001,10.23,7.6429166666666672,0,0,0.0029166666666675667,527.9622091561962,510.77497929630204,174.02074748976793,878.31666261371083,0,-17.18722985989416,false,true,ADMITTED_DAILY_NONNEGATIVE_WITH_SIGNED_HOURLY_COMPONENTS
SH-EN-ALERCE,2026-02-06,2026,37,-40.1726,24,2026020600,2026020623,18.41,10.31,9.6899999999999995,18.41,10.31,9.6895833333333332,0,0,-0.00041666666666628771,483.06798696414739,481.80915262984564,111.06282178933748,904.5723616797743,0,-1.2588343343017527,false,true,ADMITTED_DAILY_NONNEGATIVE_WITH_SIGNED_HOURLY_COMPONENTS
SH-EN-ALERCE,2026-02-07,2026,38,-40.1726,24,2026020700,2026020723,20.82,12.390000000000001,11.68,20.82,12.390000000000001,11.676666666666668,0,0,-0.003333333333332078,576.09995262732127,488.68425540015301,12.216783733953662,1205.0967730496825,0,-87.415697227168266,false,true,ADMITTED_DAILY_NONNEGATIVE_WITH_SIGNED_HOURLY_COMPONENTS
SH-EN-ALERCE,2026-02-08,2026,39,-40.1726,24,2026020800,2026020823,16.699999999999999,13.23,13.27,16.699999999999999,13.23,13.269166666666665,0,0,-0.00083333333333435178,186.39484131974132,168.23366357288612,-10.973676647707407,401.46378734210384,2,-18.161177746855202,false,true,ADMITTED_DAILY_NONNEGATIVE_WITH_SIGNED_HOURLY_COMPONENTS
SH-EN-ALERCE,2026-02-09,2026,40,-40.1726,24,2026020900,2026020923,16.710000000000001,12.5,11.9,16.710000000000001,12.5,11.895416666666668,0,0,-0.0045833333333327175,282.60004355093884,288.52778521309517,32.815379929113988,489.73039175706276,0,5.9277416621563361,false,true,ADMITTED_DAILY_NONNEGATIVE_WITH_SIGNED_HOURLY_COMPONENTS
SH-EN-ALERCE,2026-02-10,2026,41,-40.1726,24,2026021000,2026021023,15.460000000000001,12.84,9.7400000000000002,15.460000000000001,12.84,9.7429166666666678,0,0,0.0029166666666675667,412.60744482942641,355.19242858622584,114.25720403092441,607.33365965022426,0,-57.415016243200569,false,true,ADMITTED_DAILY_NONNEGATIVE_WITH_SIGNED_HOURLY_COMPONENTS
SH-EN-ALERCE,2026-02-11,2026,42,-40.1726,24,2026021100,2026021123,14.539999999999999,12.27,8.7300000000000004,14.539999999999999,12.27,8.7291666666666661,0,0,-0.00083333333333435178,414.32485727591802,408.03094273327412,202.23453936603073,566.12244962915383,0,-6.293914542643904,false,true,ADMITTED_DAILY_NONNEGATIVE_WITH_SIGNED_HOURLY_COMPONENTS
SH-EN-ALERCE,2026-02-12,2026,43,-40.1726,24,2026021200,2026021223,16.109999999999999,12.24,8.1099999999999994,16.109999999999999,12.24,8.1095833333333331,0,0,-0.00041666666666628771,547.17586358027188,497.97569321133074,272.5428275336501,784.33938925961888,0,-49.200170368941144,false,true,ADMITTED_DAILY_NONNEGATIVE_WITH_SIGNED_HOURLY_COMPONENTS
SH-EN-ALERCE,2026-02-13,2026,44,-40.1726,24,2026021300,2026021323,17.52,11.98,12.02,17.52,11.98,12.024583333333332,0,0,0.0045833333333327175,297.19964504715858,302.30506095784017,6.4913941942370457,657.29918051671211,0,5.105415910681586,false,true,ADMITTED_DAILY_NONNEGATIVE_WITH_SIGNED_HOURLY_COMPONENTS
SH-EN-ALERCE,2026-02-14,2026,45,-40.1726,24,2026021400,2026021423,16.710000000000001,10.82,11.109999999999999,16.710000000000001,10.82,11.110416666666666,0,0,0.00041666666666628771,277.40319740034784,311.12060125227555,-33.715603772531949,611.34512348815656,2,33.717403851927713,false,true,ADMITTED_DAILY_NONNEGATIVE_WITH_SIGNED_HOURLY_COMPONENTS
SH-EN-ALERCE,2026-02-15,2026,46,-40.1726,24,2026021500,2026021523,15.039999999999999,9.75,7.9100000000000001,15.039999999999999,9.75,7.9058333333333337,0,0,-0.0041666666666664298,392.43158633195799,355.69758776105419,96.510053015951826,695.43392063842077,0,-36.733998570903793,false,true,ADMITTED_DAILY_NONNEGATIVE_WITH_SIGNED_HOURLY_COMPONENTS
SH-EN-ALERCE,2026-02-16,2026,47,-40.1726,24,2026021600,2026021623,17.129999999999999,11.69,12.27,17.129999999999999,11.69,12.265833333333333,0,0,-0.0041666666666664298,236.2195332527449,263.80153973178881,60.880240937815643,608.58227866265247,0,27.582006479043912,false,true,ADMITTED_DAILY_NONNEGATIVE_WITH_SIGNED_HOURLY_COMPONENTS
SH-EN-ALERCE,2026-02-17,2026,48,-40.1726,24,2026021700,2026021723,16.129999999999999,11.699999999999999,10.640000000000001,16.129999999999999,11.699999999999999,10.637500000000001,0,0,-0.0024999999999995026,322.61969254434666,366.33036039254517,68.908201034172862,651.60028425359565,0,43.710667848198511,false,true,ADMITTED_DAILY_NONNEGATIVE_WITH_SIGNED_HOURLY_COMPONENTS
SH-EN-ALERCE,2026-02-18,2026,49,-40.1726,24,2026021800,2026021823,17.649999999999999,10.98,8.7200000000000006,17.649999999999999,10.98,8.7204166666666669,0,0,0.00041666666666628771,538.46218137006917,510.48021551045707,122.75029712676178,924.86021022062914,0,-27.981965859612103,false,true,ADMITTED_DAILY_NONNEGATIVE_WITH_SIGNED_HOURLY_COMPONENTS
SH-EN-ALERCE,2026-02-19,2026,50,-40.1726,24,2026021900,2026021923,20.059999999999999,10.390000000000001,9.6199999999999992,20.059999999999999,10.390000000000001,9.6212499999999999,0,0,0.0012500000000006395,606.66106541158047,573.18945916268524,139.29092421114319,1192.0628939041444,0,-33.471606248895228,false,true,ADMITTED_DAILY_NONNEGATIVE_WITH_SIGNED_HOURLY_COMPONENTS
SH-EN-ALERCE,2026-02-20,2026,51,-40.1726,24,2026022000,2026022023,24.140000000000001,13.33,11.050000000000001,24.140000000000001,13.33,11.052916666666667,0,0,0.0029166666666657903,952.6636962427599,834.33920608622157,174.32740464232256,1811.2371663982747,0,-118.32449015653833,false,true,ADMITTED_DAILY_NONNEGATIVE_WITH_SIGNED_HOURLY_COMPONENTS
SH-EN-ALERCE,2026-02-21,2026,52,-40.1726,24,2026022100,2026022123,21.960000000000001,13.119999999999999,11.390000000000001,21.960000000000001,13.119999999999999,11.387500000000001,0,0,-0.0024999999999995026,726.3951595745441,598.48313304967053,82.05209454048213,1475.3961752311563,0,-127.91202652487357,false,true,ADMITTED_DAILY_NONNEGATIVE_WITH_SIGNED_HOURLY_COMPONENTS
SH-EN-ALERCE,2026-02-22,2026,53,-40.1726,24,2026022200,2026022223,20.100000000000001,12.369999999999999,11.5,20.100000000000001,12.369999999999999,11.495833333333332,0,0,-0.0041666666666682062,537.9877652118264,470.58637944773955,58.380352247044812,1158.542256128279,0,-67.401385764086854,false,true,ADMITTED_DAILY_NONNEGATIVE_WITH_SIGNED_HOURLY_COMPONENTS
SH-EN-ALERCE,2026-02-23,2026,54,-40.1726,24,2026022300,2026022323,16.399999999999999,12.42,12.99,16.399999999999999,12.42,12.9925,0,0,0.0024999999999995026,156.78312182199647,173.00373391231528,-30.997031175276788,341.14641753728051,3,16.220612090318809,false,true,ADMITTED_DAILY_NONNEGATIVE_WITH_SIGNED_HOURLY_COMPONENTS
SH-EN-ALERCE,2026-02-24,2026,55,-40.1726,24,2026022400,2026022423,18.690000000000001,9.4399999999999995,6.1200000000000001,18.690000000000001,9.4399999999999995,6.1212499999999999,0,0,0.0012499999999997513,726.0380097490779,690.97335379939852,108.37690810002005,1323.9603062149167,0,-35.064655949679377,false,true,ADMITTED_DAILY_NONNEGATIVE_WITH_SIGNED_HOURLY_COMPONENTS
SH-EN-ALERCE,2026-02-25,2026,56,-40.1726,24,2026022500,2026022523,17.329999999999998,9.4100000000000001,7.2000000000000002,17.329999999999998,9.4100000000000001,7.2041666666666666,0,0,0.0041666666666664298,563.73682897925835,505.07288991842285,142.13423851877405,1009.7661167942573,0,-58.663939060835503,false,true,ADMITTED_DAILY_NONNEGATIVE_WITH_SIGNED_HOURLY_COMPONENTS
SH-EN-ALERCE,2026-02-26,2026,57,-40.1726,24,2026022600,2026022623,15.119999999999999,10.83,9.6400000000000006,15.119999999999999,10.83,9.6433333333333326,0,0,0.003333333333332078,309.60790542938844,314.68629706594271,108.1720024932481,575.15061353210126,0,5.0783916365542723,false,true,ADMITTED_DAILY_NONNEGATIVE_WITH_SIGNED_HOURLY_COMPONENTS
SH-EN-ALERCE,2026-02-27,2026,58,-40.1726,24,2026022700,2026022723,16.199999999999999,12.460000000000001,13.470000000000001,16.199999999999999,12.460000000000001,13.472916666666668,0,0,0.0029166666666675667,99.216238628285737,112.94292493682826,34.896313551408184,239.92541190331167,0,13.726686308542526,false,true,ADMITTED_DAILY_NONNEGATIVE_WITH_SIGNED_HOURLY_COMPONENTS
SH-EN-ALERCE,2026-02-28,2026,59,-40.1726,24,2026022800,2026022823,16.969999999999999,14.300000000000001,14.76,16.969999999999999,14.300000000000001,14.755833333333333,0,0,-0.0041666666666664298,102.8470832184239,108.61020045144198,27.270885639851713,183.49695143614554,0,5.7631172330180789,false,true,ADMITTED_DAILY_NONNEGATIVE_WITH_SIGNED_HOURLY_COMPONENTS
SH-EN-ALERCE,2026-03-01,2026,60,-40.1726,24,2026030100,2026030123,16.98,13.970000000000001,13.23,16.98,13.970000000000001,13.229166666666666,0,0,-0.00083333333333435178,244.93059597165939,279.26143343495681,31.052159464881925,626.04687744620014,0,34.330837463297428,false,true,ADMITTED_DAILY_NONNEGATIVE_WITH_SIGNED_HOURLY_COMPONENTS
SH-EN-ALERCE,2026-03-02,2026,61,-40.1726,24,2026030200,2026030223,15.32,12.65,9.1600000000000001,15.32,12.65,9.1570833333333344,0,0,-0.0029166666666657903,441.7815172969556,409.67358019941383,223.3544910551459,630.1925012045765,0,-32.107937097541765,false,true,ADMITTED_DAILY_NONNEGATIVE_WITH_SIGNED_HOURLY_COMPONENTS
SH-EN-ALERCE,2026-03-03,2026,62,-40.1726,24,2026030300,2026030323,15.630000000000001,12.76,11.02,15.630000000000001,12.76,11.016666666666666,0,0,-0.0033333333333338544,310.627499802182,299.6941749711844,125.60510234154867,386.95523698298689,0,-10.933324830997606,false,true,ADMITTED_DAILY_NONNEGATIVE_WITH_SIGNED_HOURLY_COMPONENTS
SH-EN-ALERCE,2026-03-04,2026,63,-40.1726,24,2026030400,2026030423,16.5,10.17,6.6399999999999997,16.5,10.17,6.635416666666667,0,0,-0.0045833333333327175,582.23809680876559,554.4564461288802,188.10184275661322,936.22386793532644,0,-27.781650679885388,false,true,ADMITTED_DAILY_NONNEGATIVE_WITH_SIGNED_HOURLY_COMPONENTS
SH-EN-ALERCE,2026-03-05,2026,64,-40.1726,24,2026030500,2026030523,20.010000000000002,9.3499999999999996,5.9100000000000001,20.010000000000002,9.3499999999999996,5.9100000000000001,0,0,0,828.31060951219308,815.15982815208963,177.06583216151819,1495.0347859374606,0,-13.150781360103451,false,true,ADMITTED_DAILY_NONNEGATIVE_WITH_SIGNED_HOURLY_COMPONENTS
SH-EN-ALERCE,2026-03-06,2026,65,-40.1726,24,2026030600,2026030623,20.699999999999999,12.390000000000001,9.1099999999999994,20.699999999999999,12.390000000000001,9.1054166666666667,0,0,-0.0045833333333327175,783.67351928208495,688.71746672586642,253.32204003527863,1315.0197583555159,0,-94.956052556218538,false,true,ADMITTED_DAILY_NONNEGATIVE_WITH_SIGNED_HOURLY_COMPONENTS
SH-EN-ALERCE,2026-03-07,2026,66,-40.1726,24,2026030700,2026030723,18.079999999999998,12.140000000000001,10.01,18.079999999999998,12.140000000000001,10.010416666666666,0,0,0.00041666666666628771,516.19352544896083,434.77664831265429,113.46537074135153,1031.2158479065465,0,-81.416877136306539,false,true,ADMITTED_DAILY_NONNEGATIVE_WITH_SIGNED_HOURLY_COMPONENTS
SH-EN-ALERCE,2026-03-08,2026,67,-40.1726,24,2026030800,2026030823,16.550000000000001,11.77,12.6,16.550000000000001,11.77,12.602916666666667,0,0,0.0029166666666675667,173.26643050074722,201.19826233159702,19.048086888262105,523.77943362025326,0,27.931831830849802,false,true,ADMITTED_DAILY_NONNEGATIVE_WITH_SIGNED_HOURLY_COMPONENTS
SH-EN-ALERCE,2026-03-09,2026,68,-40.1726,24,2026030900,2026030923,16.98,14.59,14.01,16.98,14.59,14.014166666666666,0,0,0.0041666666666664298,198.4194884227677,166.2610697858631,89.018063065724164,314.75382036645624,0,-32.158418636904599,false,true,ADMITTED_DAILY_NONNEGATIVE_WITH_SIGNED_HOURLY_COMPONENTS
SH-EN-ALERCE,2026-03-10,2026,69,-40.1726,24,2026031000,2026031023,17.829999999999998,12.99,12.539999999999999,17.829999999999998,12.99,12.5375,0,0,-0.0024999999999995026,316.11744452435346,287.56285510968468,34.378154536528427,641.5776934623018,0,-28.554589414668783,false,true,ADMITTED_DAILY_NONNEGATIVE_WITH_SIGNED_HOURLY_COMPONENTS
SH-EN-ALERCE,2026-03-11,2026,70,-40.1726,24,2026031100,2026031123,17.149999999999999,12.699999999999999,13.65,17.149999999999999,12.699999999999999,13.651666666666666,0,0,0.0016666666666651508,149.77256455163979,161.77147646338571,8.6445058368221908,313.10380458118698,0,11.998911911745921,false,true,ADMITTED_DAILY_NONNEGATIVE_WITH_SIGNED_HOURLY_COMPONENTS
SH-EN-ALERCE,2026-03-12,2026,71,-40.1726,24,2026031200,2026031223,17,11.67,11.140000000000001,17,11.67,11.135833333333332,0,0,-0.0041666666666682062,330.05136419324731,288.37024543697703,-19.973934477625562,618.89462797573447,5,-41.68111875627028,false,true,ADMITTED_DAILY_NONNEGATIVE_WITH_SIGNED_HOURLY_COMPONENTS
SH-EN-ALERCE,2026-03-13,2026,72,-40.1726,24,2026031300,2026031323,16.170000000000002,11.609999999999999,10.1,16.170000000000002,11.609999999999999,10.103333333333333,0,0,0.0033333333333338544,366.29668931411129,330.5964628215076,114.96812918713317,586.56591302391598,0,-35.70022649260369,false,true,ADMITTED_DAILY_NONNEGATIVE_WITH_SIGNED_HOURLY_COMPONENTS
SH-EN-ALERCE,2026-03-14,2026,73,-40.1726,24,2026031400,2026031423,15.32,11.94,12.41,15.32,11.94,12.405833333333334,0,0,-0.0041666666666664298,127.97573705243212,134.56594518357213,62.707125423007255,169.88444537186183,0,6.5902081311400025,false,true,ADMITTED_DAILY_NONNEGATIVE_WITH_SIGNED_HOURLY_COMPONENTS
SH-EN-ALERCE,2026-03-15,2026,74,-40.1726,24,2026031500,2026031523,15.84,12.970000000000001,9.8900000000000006,15.84,12.970000000000001,9.8920833333333338,0,0,0.0020833333333332149,428.37031721641006,407.1267515733021,156.98955571555553,685.40936155711802,0,-21.243565643107956,false,true,ADMITTED_DAILY_NONNEGATIVE_WITH_SIGNED_HOURLY_COMPONENTS
SH-EN-ALERCE,2026-03-16,2026,75,-40.1726,24,2026031600,2026031623,14.93,12.609999999999999,10.390000000000001,14.93,12.609999999999999,10.394583333333333,0,0,0.0045833333333327175,318.40558284674603,296.17621169159247,153.6612784188851,488.37481723542282,0,-22.229371155153558,false,true,ADMITTED_DAILY_NONNEGATIVE_WITH_SIGNED_HOURLY_COMPONENTS
SH-EN-ALERCE,2026-03-17,2026,76,-40.1726,24,2026031700,2026031723,14.16,12.81,8.4600000000000009,14.16,12.81,8.4558333333333326,0,0,-0.0041666666666682062,440.42280582878402,434.97991144907115,238.79060941151283,545.12196939057549,0,-5.4428943797128682,false,true,ADMITTED_DAILY_NONNEGATIVE_WITH_SIGNED_HOURLY_COMPONENTS
SH-EN-ALERCE,2026-03-18,2026,77,-40.1726,24,2026031800,2026031823,15.51,12.67,12.81,15.51,12.67,12.807916666666666,0,0,-0.0020833333333349913,134.6912736997142,128.81337252321978,49.672816372338048,224.08570141136784,0,-5.8779011764944187,false,true,ADMITTED_DAILY_NONNEGATIVE_WITH_SIGNED_HOURLY_COMPONENTS
SH-EN-ALERCE,2026-03-19,2026,78,-40.1726,24,2026031900,2026031923,15.550000000000001,11.67,9.9199999999999999,15.550000000000001,11.67,9.9220833333333331,0,0,0.0020833333333332149,348.11045838551718,355.70968747155189,170.61778130472521,603.79727961605022,0,7.5992290860347111,false,true,ADMITTED_DAILY_NONNEGATIVE_WITH_SIGNED_HOURLY_COMPONENTS
SH-EN-ALERCE,2026-03-20,2026,79,-40.1726,24,2026032000,2026032023,14.460000000000001,11.27,8.9900000000000002,14.460000000000001,11.27,8.9900000000000002,0,0,0,344.4225411004752,314.2025374912202,164.13443024551839,513.54740868139402,0,-30.220003609255002,false,true,ADMITTED_DAILY_NONNEGATIVE_WITH_SIGNED_HOURLY_COMPONENTS
SH-EN-ALERCE,2026-03-21,2026,80,-40.1726,24,2026032100,2026032123,13.67,10.24,10.33,13.67,10.24,10.332083333333333,0,0,0.0020833333333332149,150.88850172968228,151.94942929898107,88.136106847388874,206.06462278901017,0,1.0609275692987978,false,true,ADMITTED_DAILY_NONNEGATIVE_WITH_SIGNED_HOURLY_COMPONENTS
SH-EN-ALERCE,2026-03-22,2026,81,-40.1726,24,2026032200,2026032223,12.77,9.6400000000000006,7.0099999999999998,12.77,9.6400000000000006,7.0091666666666663,0,0,-0.0008333333333334636,334.47186195824258,338.74374092095945,179.62852808371781,549.94216088130099,0,4.271878962716869,false,true,ADMITTED_DAILY_NONNEGATIVE_WITH_SIGNED_HOURLY_COMPONENTS
SH-EN-ALERCE,2026-03-23,2026,82,-40.1726,24,2026032300,2026032323,14.9,10.52,10.73,14.9,10.52,10.734166666666667,0,0,0.0041666666666664298,193.5660099470349,177.2797633497008,53.821598561092515,290.57481332717589,0,-16.286246597334099,false,true,ADMITTED_DAILY_NONNEGATIVE_WITH_SIGNED_HOURLY_COMPONENTS
SH-EN-ALERCE,2026-03-24,2026,83,-40.1726,24,2026032400,2026032423,13.640000000000001,10.09,6.8799999999999999,13.640000000000001,10.09,6.8799999999999999,0,0,0,404.88045336473203,399.37534417930425,216.9514270671682,635.18013208938657,0,-5.5051091854277843,false,true,ADMITTED_DAILY_NONNEGATIVE_WITH_SIGNED_HOURLY_COMPONENTS
SH-EN-ALERCE,2026-03-25,2026,84,-40.1726,24,2026032500,2026032523,14.34,10.17,7.75,14.34,10.17,7.7549999999999999,0,0,0.0049999999999998934,383.48140330360184,338.10782100558225,54.922752773563616,654.55530454189341,0,-45.373582298019585,false,true,ADMITTED_DAILY_NONNEGATIVE_WITH_SIGNED_HOURLY_COMPONENTS
SH-EN-ALERCE,2026-03-26,2026,85,-40.1726,24,2026032600,2026032623,15.49,10.01,8.1300000000000008,15.49,10.01,8.1316666666666659,0,0,0.0016666666666651508,412.0356381072736,361.23966186789636,92.134877560447876,767.62597191408975,0,-50.795976239377239,false,true,ADMITTED_DAILY_NONNEGATIVE_WITH_SIGNED_HOURLY_COMPONENTS
SH-EN-ALERCE,2026-03-27,2026,86,-40.1726,24,2026032700,2026032723,14.4,8.5500000000000007,7.8700000000000001,14.4,8.5500000000000007,7.873333333333334,0,0,0.0033333333333338544,313.7920391505304,294.65356512770256,89.141661725985841,645.57662913535921,0,-19.138474022827836,false,true,ADMITTED_DAILY_NONNEGATIVE_WITH_SIGNED_HOURLY_COMPONENTS
SH-EN-ALERCE,2026-03-28,2026,87,-40.1726,24,2026032800,2026032823,15.68,10.51,11,15.68,10.51,11.003750000000002,0,0,0.0037500000000019185,213.29465753548811,249.03154204199359,37.374581253479164,446.7643697750932,0,35.736884506505476,false,true,ADMITTED_DAILY_NONNEGATIVE_WITH_SIGNED_HOURLY_COMPONENTS
SH-EN-ALERCE,2026-03-29,2026,88,-40.1726,24,2026032900,2026032923,15.869999999999999,13.140000000000001,13.65,15.869999999999999,13.140000000000001,13.64875,0,0,-0.0012500000000006395,94.737359220136568,105.1211435181287,23.29816779497628,215.02761267709525,0,10.383784297992136,false,true,ADMITTED_DAILY_NONNEGATIVE_WITH_SIGNED_HOURLY_COMPONENTS
SH-EN-ALERCE,2026-03-30,2026,89,-40.1726,24,2026033000,2026033023,17.23,14.93,15.43,17.23,14.93,15.430416666666666,0,0,0.00041666666666628771,78.781405437837066,64.692551160424571,17.135381490696091,151.91392344955216,0,-14.088854277412494,false,true,ADMITTED_DAILY_NONNEGATIVE_WITH_SIGNED_HOURLY_COMPONENTS
SH-EN-ALERCE,2026-03-31,2026,90,-40.1726,24,2026033100,2026033123,15.57,11.74,10.470000000000001,15.57,11.74,10.4725,0,0,0.0024999999999995026,306.64392575657848,322.95298617227991,25.907918146320071,705.25470713029176,0,16.309060415701424,false,true,ADMITTED_DAILY_NONNEGATIVE_WITH_SIGNED_HOURLY_COMPONENTS
SH-EN-ALERCE,2026-04-01,2026,91,-40.1726,24,2026040100,2026040123,15.1,10.17,7.3300000000000001,15.1,10.17,7.330000000000001,0,0,8.8817841970012523e-16,454.40074105935446,426.88536092515432,128.39891616614386,771.64367277553276,0,-27.515380134200143,false,true,ADMITTED_DAILY_NONNEGATIVE_WITH_SIGNED_HOURLY_COMPONENTS
SH-EN-ALERCE,2026-04-02,2026,92,-40.1726,24,2026040200,2026040223,15.24,10.44,8.2699999999999996,15.24,10.44,8.2683333333333326,0,0,-0.0016666666666669272,405.60194867732639,353.98408551357539,53.686594741340514,714.62289858296742,0,-51.617863163750997,false,true,ADMITTED_DAILY_NONNEGATIVE_WITH_SIGNED_HOURLY_COMPONENTS
SH-EN-ALERCE,2026-04-03,2026,93,-40.1726,24,2026040300,2026040323,15.83,8.0700000000000003,7.1500000000000004,15.83,8.0700000000000003,7.145833333333333,0,0,-0.004166666666667318,426.04086297354377,410.56446572640067,43.322970489472254,921.44229335678983,0,-15.476397247143098,false,true,ADMITTED_DAILY_NONNEGATIVE_WITH_SIGNED_HOURLY_COMPONENTS
SH-EN-ALERCE,2026-04-04,2026,94,-40.1726,24,2026040400,2026040423,20.219999999999999,7.5099999999999998,5.9299999999999997,20.219999999999999,7.5099999999999998,5.9283333333333337,0,0,-0.001666666666666039,773.31510609024417,707.36776995223499,161.20054181035653,1460.7882254366,0,-65.947336138009177,false,true,ADMITTED_DAILY_NONNEGATIVE_WITH_SIGNED_HOURLY_COMPONENTS
SH-EN-ALERCE,2026-04-05,2026,95,-40.1726,24,2026040500,2026040523,18.469999999999999,11.81,8.3599999999999994,18.469999999999999,11.81,8.3579166666666662,0,0,-0.0020833333333332149,656.07623006179438,598.09609148211541,86.270349017211174,1133.2639255069214,0,-57.980138579678965,false,true,ADMITTED_DAILY_NONNEGATIVE_WITH_SIGNED_HOURLY_COMPONENTS
SH-EN-ALERCE,2026-04-06,2026,96,-40.1726,24,2026040600,2026040623,17.109999999999999,10.6,9.3200000000000003,17.109999999999999,10.6,9.3216666666666672,0,0,0.0016666666666669272,441.63085833065475,380.69413457308957,29.083947346867944,860.10621129392052,0,-60.936723757565176,false,true,ADMITTED_DAILY_NONNEGATIVE_WITH_SIGNED_HOURLY_COMPONENTS
SH-EN-ALERCE,2026-04-07,2026,97,-40.1726,24,2026040700,2026040723,16.960000000000001,11,10.050000000000001,16.960000000000001,11,10.0525,0,0,0.0024999999999995026,390.68551993948631,322.78655490480372,85.674601350953253,660.37389938985598,0,-67.89896503468259,false,true,ADMITTED_DAILY_NONNEGATIVE_WITH_SIGNED_HOURLY_COMPONENTS
SH-EN-ALERCE,2026-04-08,2026,98,-40.1726,24,2026040800,2026040823,18.18,9.8300000000000001,7.9400000000000004,18.18,9.8300000000000001,7.9366666666666665,0,0,-0.0033333333333338544,582.36153162529604,484.16402476085301,113.73126918642561,1019.0721211671887,0,-98.197506864443028,false,true,ADMITTED_DAILY_NONNEGATIVE_WITH_SIGNED_HOURLY_COMPONENTS
SH-EN-ALERCE,2026-04-09,2026,99,-40.1726,24,2026040900,2026040923,17.18,9.1300000000000008,6.7999999999999998,17.18,9.1300000000000008,6.7983333333333329,0,0,-0.0016666666666669272,570.88027758595445,483.51935990885858,126.35475376582144,1013.2527468440728,0,-87.36091767709587,false,true,ADMITTED_DAILY_NONNEGATIVE_WITH_SIGNED_HOURLY_COMPONENTS
SH-EN-ALERCE,2026-04-10,2026,100,-40.1726,24,2026041000,2026041023,18.32,9.7699999999999996,9.8200000000000003,18.32,9.7699999999999996,9.8241666666666667,0,0,0.0041666666666664298,444.29547027877857,331.03254154927856,-30.724080901658226,873.63577153589358,3,-113.2629287295,false,true,ADMITTED_DAILY_NONNEGATIVE_WITH_SIGNED_HOURLY_COMPONENTS
SH-EN-ALERCE,2026-04-11,2026,101,-40.1726,24,2026041100,2026041123,13.77,11.34,11.5,13.77,11.34,11.496250000000002,0,0,-0.0037499999999983658,101.80350417814998,79.833736643536255,-28.216919598123013,202.11646314179529,4,-21.969767534613723,false,true,ADMITTED_DAILY_NONNEGATIVE_WITH_SIGNED_HOURLY_COMPONENTS
SH-EN-ALERCE,2026-04-12,2026,102,-40.1726,24,2026041200,2026041223,14.390000000000001,8.4000000000000004,6.54,14.390000000000001,8.4000000000000004,6.5387500000000003,0,0,-0.0012499999999997513,400.28131620678892,371.61427073319732,111.92237302775675,758.64293553467019,0,-28.6670454735916,false,true,ADMITTED_DAILY_NONNEGATIVE_WITH_SIGNED_HOURLY_COMPONENTS
SH-EN-ALERCE,2026-04-13,2026,103,-40.1726,24,2026041300,2026041323,12.41,6.2999999999999998,5.9800000000000004,12.41,6.2999999999999998,5.979166666666667,0,0,-0.0008333333333334636,264.00738627312091,270.85220240516998,87.258240416607919,527.5594553653815,0,6.8448161320490613,false,true,ADMITTED_DAILY_NONNEGATIVE_WITH_SIGNED_HOURLY_COMPONENTS
SH-EN-ALERCE,2026-04-14,2026,104,-40.1726,24,2026041400,2026041423,14.25,11.43,10.33,14.25,11.43,10.3325,0,0,0.0024999999999995026,232.3349797109222,236.10312503382454,51.625114841326649,479.76333532428384,0,3.7681453229023418,false,true,ADMITTED_DAILY_NONNEGATIVE_WITH_SIGNED_HOURLY_COMPONENTS
SH-EN-ALERCE,2026-04-15,2026,105,-40.1726,24,2026041500,2026041523,14.81,10.380000000000001,11.050000000000001,14.81,10.380000000000001,11.050833333333332,0,0,0.00083333333333079906,155.00711297742851,161.37541308512985,41.373403925955017,419.11136856127609,0,6.3683001077013444,false,true,ADMITTED_DAILY_NONNEGATIVE_WITH_SIGNED_HOURLY_COMPONENTS
SH-EN-ALERCE,2026-04-16,2026,106,-40.1726,24,2026041600,2026041623,14.640000000000001,11.9,13.119999999999999,14.640000000000001,11.9,13.119583333333333,0,0,-0.00041666666666628771,20.212979710353238,69.450299063029618,36.839933745658072,132.07458483062533,0,49.23731935267638,false,true,ADMITTED_DAILY_NONNEGATIVE_WITH_SIGNED_HOURLY_COMPONENTS
SH-EN-ALERCE,2026-04-17,2026,107,-40.1726,24,2026041700,2026041723,13.619999999999999,10.07,8.8800000000000008,13.619999999999999,10.07,8.8837500000000009,0,0,0.0037500000000001421,257.88437175634226,236.18187360968281,114.49923519218419,514.28862383741853,0,-21.702498146659451,false,true,ADMITTED_DAILY_NONNEGATIVE_WITH_SIGNED_HOURLY_COMPONENTS
SH-EN-ALERCE,2026-04-18,2026,108,-40.1726,24,2026041800,2026041823,13.91,9.25,7.5800000000000001,13.91,9.25,7.5770833333333334,0,0,-0.0029166666666666785,335.97767326694202,304.59113807831147,69.267519526887327,516.2159004325722,0,-31.386535188630546,false,true,ADMITTED_DAILY_NONNEGATIVE_WITH_SIGNED_HOURLY_COMPONENTS
SH-EN-ALERCE,2026-04-19,2026,109,-40.1726,24,2026041900,2026041923,11.779999999999999,7.2999999999999998,5.5999999999999996,11.779999999999999,7.2999999999999998,5.6037500000000007,0,0,0.0037500000000010303,292.9881633682877,249.08523161859111,120.08329557331092,531.71502031121133,0,-43.902931749696592,false,true,ADMITTED_DAILY_NONNEGATIVE_WITH_SIGNED_HOURLY_COMPONENTS
SH-EN-ALERCE,2026-04-20,2026,110,-40.1726,24,2026042000,2026042023,13.51,6.9900000000000002,5.9400000000000004,13.51,6.9900000000000002,5.9395833333333341,0,0,-0.00041666666666628771,343.59107955597949,278.58232812234411,106.90548799550493,662.44224226239191,0,-65.008751433635382,false,true,ADMITTED_DAILY_NONNEGATIVE_WITH_SIGNED_HOURLY_COMPONENTS
SH-EN-ALERCE,2026-04-21,2026,111,-40.1726,24,2026042100,2026042123,13.01,7.8600000000000003,8.8000000000000007,13.01,7.8600000000000003,8.7995833333333326,0,0,-0.00041666666666806407,148.0260575350012,177.73106809369528,69.632440208891239,402.37623950596753,0,29.705010558694084,false,true,ADMITTED_DAILY_NONNEGATIVE_WITH_SIGNED_HOURLY_COMPONENTS
SH-EN-ALERCE,2026-04-22,2026,112,-40.1726,24,2026042200,2026042223,13.609999999999999,10.81,8.4700000000000006,13.609999999999999,10.81,8.4695833333333344,0,0,-0.00041666666666628771,319.8132560412821,327.40392009420088,172.99063294203052,544.2837050842578,0,7.5906640529187825,false,true,ADMITTED_DAILY_NONNEGATIVE_WITH_SIGNED_HOURLY_COMPONENTS
SH-EN-ALERCE,2026-04-23,2026,113,-40.1726,24,2026042300,2026042323,13.84,11.48,10.5,13.84,11.48,10.496666666666666,0,0,-0.0033333333333338544,198.91906593964859,195.78792086699389,112.86881534183658,389.85928139107091,0,-3.1311450726547037,false,true,ADMITTED_DAILY_NONNEGATIVE_WITH_SIGNED_HOURLY_COMPONENTS
SH-EN-ALERCE,2026-04-24,2026,114,-40.1726,24,2026042400,2026042423,12.210000000000001,8.5999999999999996,8.2799999999999994,12.210000000000001,8.5999999999999996,8.2770833333333336,0,0,-0.0029166666666657903,176.35467992996928,208.64695581409512,105.47389891167677,376.1840069898866,0,32.292275884125843,false,true,ADMITTED_DAILY_NONNEGATIVE_WITH_SIGNED_HOURLY_COMPONENTS
SH-EN-ALERCE,2026-04-25,2026,115,-40.1726,24,2026042500,2026042523,11.27,8.4800000000000004,7.75,11.27,8.4800000000000004,7.7549999999999999,0,0,0.0049999999999998934,167.765101924796,186.82377699659014,81.53400839157166,293.75364990690866,0,19.058675071794141,false,true,ADMITTED_DAILY_NONNEGATIVE_WITH_SIGNED_HOURLY_COMPONENTS
SH-EN-ALERCE,2026-04-26,2026,116,-40.1726,24,2026042600,2026042623,10.65,7.4299999999999997,4.8799999999999999,10.65,7.4299999999999997,4.875,0,0,-0.0049999999999998934,292.12476872919115,287.47040910206476,129.28811832643703,573.42711797821505,0,-4.6543596271263823,false,true,ADMITTED_DAILY_NONNEGATIVE_WITH_SIGNED_HOURLY_COMPONENTS
SH-EN-ALERCE,2026-04-27,2026,117,-40.1726,24,2026042700,2026042723,11.32,7.9500000000000002,8.7699999999999996,11.32,7.9500000000000002,8.769166666666667,0,0,-0.00083333333333257542,74.666530616371347,88.633124490174552,27.066929556535115,217.51070844764877,0,13.966593873803205,false,true,ADMITTED_DAILY_NONNEGATIVE_WITH_SIGNED_HOURLY_COMPONENTS
SH-EN-ALERCE,2026-04-28,2026,118,-40.1726,24,2026042800,2026042823,13.91,9.8300000000000001,10.449999999999999,13.91,9.8300000000000001,10.447083333333333,0,0,-0.0029166666666657903,136.18194416287338,118.71689888336338,24.224397286023759,300.91952557802574,0,-17.465045279509994,false,true,ADMITTED_DAILY_NONNEGATIVE_WITH_SIGNED_HOURLY_COMPONENTS
SH-EN-ALERCE,2026-04-29,2026,119,-40.1726,24,2026042900,2026042923,11.800000000000001,10.49,7.5899999999999999,11.800000000000001,10.49,7.5874999999999995,0,0,-0.0025000000000003908,283.34339873648378,264.08155615102493,198.90859518485581,346.68462963397747,0,-19.261842585458851,false,true,ADMITTED_DAILY_NONNEGATIVE_WITH_SIGNED_HOURLY_COMPONENTS
SH-EN-ALERCE,2026-04-30,2026,120,-40.1726,24,2026043000,2026043023,12,10.109999999999999,9.2799999999999994,12,10.109999999999999,9.2841666666666658,0,0,0.0041666666666664298,149.84543388223847,165.50286156841636,98.704113843622736,215.6331599189532,0,15.657427686177897,false,true,ADMITTED_DAILY_NONNEGATIVE_WITH_SIGNED_HOURLY_COMPONENTS
SH-EN-ALERCE,2026-05-01,2026,121,-40.1726,24,2026050100,2026050123,11.83,7.9900000000000002,6.1900000000000004,11.83,7.9900000000000002,6.1924999999999999,0,0,0.0024999999999995026,281.9971552443169,269.16704704366248,119.90074858075673,491.81979701231148,0,-12.830108200654422,false,true,ADMITTED_DAILY_NONNEGATIVE_WITH_SIGNED_HOURLY_COMPONENTS
SH-EN-ALERCE,2026-05-02,2026,122,-40.1726,24,2026050200,2026050223,13.75,7.04,2.4300000000000002,13.75,7.04,2.4250000000000003,0,0,-0.0049999999999998934,561.07989325469305,502.78735441210301,167.00387802364514,1000.5017252326023,0,-58.292538842590034,false,true,ADMITTED_DAILY_NONNEGATIVE_WITH_SIGNED_HOURLY_COMPONENTS
SH-EN-ALERCE,2026-05-03,2026,123,-40.1726,24,2026050300,2026050323,13.699999999999999,9.8499999999999996,10.800000000000001,13.699999999999999,9.8499999999999996,10.796666666666667,0,0,-0.0033333333333338544,96.346647756263337,117.60204089910479,38.101002728766161,245.23882859863397,0,21.255393142841456,false,true,ADMITTED_DAILY_NONNEGATIVE_WITH_SIGNED_HOURLY_COMPONENTS
SH-EN-ALERCE,2026-05-04,2026,124,-40.1726,24,2026050400,2026050423,12.76,11.369999999999999,11.130000000000001,12.76,11.369999999999999,11.126666666666667,0,0,-0.0033333333333338544,85.78369541787697,88.230895761335134,58.576270281171674,129.16765684890379,0,2.4472003434581637,false,true,ADMITTED_DAILY_NONNEGATIVE_WITH_SIGNED_HOURLY_COMPONENTS
SH-EN-ALERCE,2026-05-05,2026,125,-40.1726,24,2026050500,2026050523,14.119999999999999,11.58,12.470000000000001,14.119999999999999,11.58,12.465416666666668,0,0,-0.0045833333333327175,41.015233696529094,40.77126084699244,19.052495479915706,64.85445107851092,0,-0.24397284953665377,false,true,ADMITTED_DAILY_NONNEGATIVE_WITH_SIGNED_HOURLY_COMPONENTS
SH-EN-ALERCE,2026-05-06,2026,126,-40.1726,24,2026050600,2026050623,11.77,8.7100000000000009,8.4199999999999999,11.77,8.7100000000000009,8.4166666666666661,0,0,-0.0033333333333338544,149.75291445247626,145.68739334475279,75.683854901250015,287.23261830212277,0,-4.0655211077234696,false,true,ADMITTED_DAILY_NONNEGATIVE_WITH_SIGNED_HOURLY_COMPONENTS
SH-EN-ALERCE,2026-05-07,2026,127,-40.1726,24,2026050700,2026050723,9.8599999999999994,7.9500000000000002,6.2599999999999998,9.8599999999999994,7.9500000000000002,6.2645833333333334,0,0,0.0045833333333336057,190.7297930253585,179.02522234523312,61.952458356573288,375.92982392564636,0,-11.704570680125386,false,true,ADMITTED_DAILY_NONNEGATIVE_WITH_SIGNED_HOURLY_COMPONENTS
SH-EN-ALERCE,2026-05-08,2026,128,-40.1726,24,2026050800,2026050823,11.76,6.8700000000000001,6.3399999999999999,11.76,6.8700000000000001,6.3441666666666663,0,0,0.0041666666666664298,229.38536113700934,192.83322871409533,40.339403601468803,539.96115824649632,0,-36.552132422914013,false,true,ADMITTED_DAILY_NONNEGATIVE_WITH_SIGNED_HOURLY_COMPONENTS
SH-EN-ALERCE,2026-05-09,2026,129,-40.1726,24,2026050900,2026050923,12.19,5.9100000000000001,5.0499999999999998,12.19,5.9100000000000001,5.052083333333333,0,0,0.0020833333333332149,299.40564873055598,250.04925589627655,94.206481025376661,538.74104271394856,0,-49.356392834279433,false,true,ADMITTED_DAILY_NONNEGATIVE_WITH_SIGNED_HOURLY_COMPONENTS
SH-EN-ALERCE,2026-05-10,2026,130,-40.1726,24,2026051000,2026051023,14.199999999999999,7.5700000000000003,8.2799999999999994,14.199999999999999,7.5700000000000003,8.2825000000000006,0,0,0.002500000000001279,237.21325393954476,180.83918487482535,53.422048333916109,369.94974293020209,0,-56.374069064719407,false,true,ADMITTED_DAILY_NONNEGATIVE_WITH_SIGNED_HOURLY_COMPONENTS
SH-EN-ALERCE,2026-05-11,2026,131,-40.1726,24,2026051100,2026051123,14.699999999999999,9.6099999999999994,10.31,14.699999999999999,9.6099999999999994,10.314583333333333,0,0,0.0045833333333327175,180.75634326211753,116.8685454202667,31.020513127974027,355.6029755607376,0,-63.887797841850826,false,true,ADMITTED_DAILY_NONNEGATIVE_WITH_SIGNED_HOURLY_COMPONENTS
SH-EN-ALERCE,2026-05-12,2026,132,-40.1726,24,2026051200,2026051223,13.56,7.8899999999999997,9.5299999999999994,13.56,7.8899999999999997,9.5258333333333329,0,0,-0.0041666666666664298,119.32319255701054,120.53254381636566,11.378298246605254,289.39779811205017,0,1.2093512593551168,false,true,ADMITTED_DAILY_NONNEGATIVE_WITH_SIGNED_HOURLY_COMPONENTS
SH-EN-ALERCE,2026-05-13,2026,133,-40.1726,24,2026051300,2026051323,11.94,6.5700000000000003,4.8799999999999999,11.94,6.5700000000000003,4.8812499999999996,0,0,0.0012499999999997513,319.81072331073096,254.35600458451367,111.75712223820699,549.0409620965828,0,-65.454718726217294,false,true,ADMITTED_DAILY_NONNEGATIVE_WITH_SIGNED_HOURLY_COMPONENTS
SH-EN-ALERCE,2026-05-14,2026,134,-40.1726,24,2026051400,2026051423,11.859999999999999,6.8300000000000001,6.3799999999999999,11.859999999999999,6.8300000000000001,6.3841666666666663,0,0,0.0041666666666664298,229.94850221720083,176.94863607835302,89.428269856869292,412.98074599767745,0,-52.999866138847807,false,true,ADMITTED_DAILY_NONNEGATIVE_WITH_SIGNED_HOURLY_COMPONENTS
SH-EN-ALERCE,2026-05-15,2026,135,-40.1726,24,2026051500,2026051523,11.19,7.5099999999999998,6.4800000000000004,11.19,7.5099999999999998,6.4779166666666663,0,0,-0.0020833333333341031,216.79420234698819,173.47182988471062,58.525804190370991,383.37725170614908,0,-43.322372462277571,false,true,ADMITTED_DAILY_NONNEGATIVE_WITH_SIGNED_HOURLY_COMPONENTS
SH-EN-ALERCE,2026-05-16,2026,136,-40.1726,24,2026051600,2026051623,10.720000000000001,6.7599999999999998,5.4800000000000004,10.720000000000001,6.7599999999999998,5.4750000000000005,0,0,-0.0049999999999998934,234.99981389348875,196.05122017352502,93.895081323315935,427.06963550532112,0,-38.948593719963725,false,true,ADMITTED_DAILY_NONNEGATIVE_WITH_SIGNED_HOURLY_COMPONENTS
SH-EN-ALERCE,2026-05-17,2026,137,-40.1726,24,2026051700,2026051723,12.58,5.9199999999999999,5.2999999999999998,12.58,5.9199999999999999,5.2962499999999997,0,0,-0.0037500000000001421,302.78075988244336,230.24091688810722,93.595566217265741,526.66739031095824,0,-72.539842994336141,false,true,ADMITTED_DAILY_NONNEGATIVE_WITH_SIGNED_HOURLY_COMPONENTS
SH-EN-ALERCE,2026-05-18,2026,138,-40.1726,24,2026051800,2026051823,12.33,5.7400000000000002,5.9900000000000002,12.33,5.7400000000000002,5.9883333333333333,0,0,-0.0016666666666669272,241.43130473665497,187.62975678605881,51.121260610325635,465.39982101293003,0,-53.801547950596159,false,true,ADMITTED_DAILY_NONNEGATIVE_WITH_SIGNED_HOURLY_COMPONENTS
SH-EN-ALERCE,2026-05-19,2026,139,-40.1726,24,2026051900,2026051923,13.83,7.1699999999999999,7.4400000000000004,13.83,7.1699999999999999,7.439166666666666,0,0,-0.00083333333333435178,264.80039466661765,216.11914076281391,47.12174305934559,426.44844746814852,0,-48.681253903803736,false,true,ADMITTED_DAILY_NONNEGATIVE_WITH_SIGNED_HOURLY_COMPONENTS
SH-EN-ALERCE,2026-05-20,2026,140,-40.1726,24,2026052000,2026052023,16.379999999999999,9.8000000000000007,7.2800000000000002,16.379999999999999,9.8000000000000007,7.28125,0,0,0.0012499999999997513,515.96249302409888,424.79327237081014,302.79775564263502,633.65537865649139,0,-91.169220653288733,false,true,ADMITTED_DAILY_NONNEGATIVE_WITH_SIGNED_HOURLY_COMPONENTS
SH-EN-ALERCE,2026-05-21,2026,141,-40.1726,24,2026052100,2026052123,14.119999999999999,8.7599999999999998,6.8499999999999996,14.119999999999999,8.7599999999999998,6.8479166666666664,0,0,-0.0020833333333332149,378.75149873184705,327.80920958270411,144.11156646299946,524.36603176050153,0,-50.942289149142937,false,true,ADMITTED_DAILY_NONNEGATIVE_WITH_SIGNED_HOURLY_COMPONENTS
SH-EN-ALERCE,2026-05-22,2026,142,-40.1726,24,2026052200,2026052223,9.9900000000000002,6.0899999999999999,5.5499999999999998,9.9900000000000002,6.0899999999999999,5.5508333333333333,0,0,0.0008333333333334636,177.67248023454965,160.59912588069105,35.946994541358322,318.87528000350596,0,-17.073354353858605,false,true,ADMITTED_DAILY_NONNEGATIVE_WITH_SIGNED_HOURLY_COMPONENTS
SH-EN-ALERCE,2026-05-23,2026,143,-40.1726,24,2026052300,2026052323,9.7300000000000004,6.96,6.8099999999999996,9.7300000000000004,6.96,6.8099999999999996,0,0,0,113.6531869688821,124.2485611377266,48.042178279390555,204.96460970706278,0,10.595374168844501,false,true,ADMITTED_DAILY_NONNEGATIVE_WITH_SIGNED_HOURLY_COMPONENTS
SH-EN-ALERCE,2026-05-24,2026,144,-40.1726,24,2026052400,2026052423,11.119999999999999,7.8399999999999999,8.0299999999999994,11.119999999999999,7.8399999999999999,8.0345833333333339,0,0,0.0045833333333344939,117.21553158793949,108.21614578875305,38.039973529115514,219.21831145059195,0,-8.9993857991864417,false,true,ADMITTED_DAILY_NONNEGATIVE_WITH_SIGNED_HOURLY_COMPONENTS
SH-EN-ALERCE,2026-05-25,2026,145,-40.1726,24,2026052500,2026052523,14.19,9.1999999999999993,7.9699999999999998,14.19,9.1999999999999993,7.9658333333333333,0,0,-0.0041666666666664298,320.46459309996953,274.61545580478088,145.82190571212027,470.495820860918,0,-45.849137295188655,false,true,ADMITTED_DAILY_NONNEGATIVE_WITH_SIGNED_HOURLY_COMPONENTS
SH-EN-ALERCE,2026-05-26,2026,146,-40.1726,24,2026052600,2026052623,12.869999999999999,8.5600000000000005,7.5599999999999996,12.869999999999999,8.5600000000000005,7.5579166666666664,0,0,-0.0020833333333332149,258.68808039914916,228.7590209656961,123.76754624424711,347.92464288390124,0,-29.929059433453062,false,true,ADMITTED_DAILY_NONNEGATIVE_WITH_SIGNED_HOURLY_COMPONENTS
SH-EN-ALERCE,2026-05-27,2026,147,-40.1726,24,2026052700,2026052723,11.67,9.9000000000000004,9.3200000000000003,11.67,9.9000000000000004,9.3229166666666661,0,0,0.0029166666666657903,122.92985946975182,137.0176363750723,76.481051330404398,280.59249869637006,0,14.087776905320482,false,true,ADMITTED_DAILY_NONNEGATIVE_WITH_SIGNED_HOURLY_COMPONENTS
SH-EN-ALERCE,2026-05-28,2026,148,-40.1726,24,2026052800,2026052823,12.68,10.58,11.44,12.68,10.58,11.435416666666667,0,0,-0.0045833333333327175,20.003999797890629,38.91241608436755,11.655330105630355,78.149556729664255,0,18.908416286476921,false,true,ADMITTED_DAILY_NONNEGATIVE_WITH_SIGNED_HOURLY_COMPONENTS
SH-EN-ALERCE,2026-05-29,2026,149,-40.1726,24,2026052900,2026052923,13.57,10.52,10.81,13.57,10.52,10.812916666666666,0,0,0.0029166666666657903,116.74904758724711,95.036753233259489,15.197321842032807,301.6711782527841,0,-21.712294353987616,false,true,ADMITTED_DAILY_NONNEGATIVE_WITH_SIGNED_HOURLY_COMPONENTS
SH-EN-ALERCE,2026-05-30,2026,150,-40.1726,24,2026053000,2026053023,13.83,9.6400000000000006,9.8399999999999999,13.83,9.6400000000000006,9.8424999999999994,0,0,0.0024999999999995026,174.99430724746617,146.62886405764576,37.339763608503972,318.10068774439605,0,-28.365443189820411,false,true,ADMITTED_DAILY_NONNEGATIVE_WITH_SIGNED_HOURLY_COMPONENTS
SH-EN-ALERCE,2026-05-31,2026,151,-40.1726,24,2026053100,2026053123,12.9,9.1300000000000008,8.7599999999999998,12.9,9.1300000000000008,8.757083333333334,0,0,-0.0029166666666657903,193.51297747810122,145.24403313150648,46.990091971621723,359.34522836538213,0,-48.268944346594736,false,true,ADMITTED_DAILY_NONNEGATIVE_WITH_SIGNED_HOURLY_COMPONENTS
SH-EN-ALERCE,2026-06-01,2026,152,-40.1726,24,2026060100,2026060123,11.85,9.6699999999999999,9.5399999999999991,11.85,9.6699999999999999,9.5408333333333335,0,0,0.00083333333333435178,104.29101954086718,113.0043798813969,56.882382267530147,211.97192894879049,0,8.713360340529718,false,true,ADMITTED_DAILY_NONNEGATIVE_WITH_SIGNED_HOURLY_COMPONENTS
SH-EN-ALERCE,2026-06-02,2026,153,-40.1726,24,2026060200,2026060223,13.34,11.08,11.220000000000001,13.34,11.08,11.217083333333333,0,0,-0.0029166666666675667,93.525432840259555,82.205796556496196,50.919185530498908,148.91930475861977,0,-11.319636283763359,false,true,ADMITTED_DAILY_NONNEGATIVE_WITH_SIGNED_HOURLY_COMPONENTS
SH-EN-ALERCE,2026-06-03,2026,154,-40.1726,24,2026060300,2026060323,13.31,9.3699999999999992,9.5899999999999999,13.31,9.3699999999999992,9.5945833333333344,0,0,0.0045833333333344939,158.11457072323606,166.07643347321377,58.870457830675605,375.05476726587221,0,7.9618627499777119,false,true,ADMITTED_DAILY_NONNEGATIVE_WITH_SIGNED_HOURLY_COMPONENTS
SH-EN-ALERCE,2026-06-04,2026,155,-40.1726,24,2026060400,2026060423,13.85,7.1100000000000003,7.3899999999999997,13.85,7.1100000000000003,7.3879166666666665,0,0,-0.0020833333333332149,267.27398476279427,214.15372427410429,87.173401206033759,477.14839164502337,0,-53.120260488689979,false,true,ADMITTED_DAILY_NONNEGATIVE_WITH_SIGNED_HOURLY_COMPONENTS
SH-EN-ALERCE,2026-06-05,2026,156,-40.1726,24,2026060500,2026060523,11.08,8.2899999999999991,8.2400000000000002,11.08,8.2899999999999991,8.2424999999999997,0,0,0.0024999999999995026,116.49599368681083,108.31536215824333,46.545401352874933,172.48806895758185,0,-8.1806315285675026,false,true,ADMITTED_DAILY_NONNEGATIVE_WITH_SIGNED_HOURLY_COMPONENTS
SH-EN-ALERCE,2026-06-06,2026,157,-40.1726,24,2026060600,2026060623,11.92,8.3399999999999999,8.2799999999999994,11.92,8.3399999999999999,8.2754166666666666,0,0,-0.0045833333333327175,153.12450751830215,129.37525817390676,32.380790263012159,278.01049446830075,0,-23.749249344395395,false,true,ADMITTED_DAILY_NONNEGATIVE_WITH_SIGNED_HOURLY_COMPONENTS
SH-EN-ALERCE,2026-06-07,2026,158,-40.1726,24,2026060700,2026060723,12.49,7.6500000000000004,7.5999999999999996,12.49,7.6500000000000004,7.6000000000000005,0,0,8.8817841970012523e-16,204.1049194586144,154.96825733963456,49.039337447457569,358.84224307701766,0,-49.136662118979842,false,true,ADMITTED_DAILY_NONNEGATIVE_WITH_SIGNED_HOURLY_COMPONENTS
SH-EN-ALERCE,2026-06-08,2026,159,-40.1726,24,2026060800,2026060823,12.02,7.4000000000000004,7.8799999999999999,12.02,7.4000000000000004,7.8845833333333326,0,0,0.0045833333333327175,153.03020512738794,133.03502852781102,45.986334323683536,335.29351501787687,0,-19.995176599576922,false,true,ADMITTED_DAILY_NONNEGATIVE_WITH_SIGNED_HOURLY_COMPONENTS
SH-EN-ALERCE,2026-06-09,2026,160,-40.1726,24,2026060900,2026060923,11.76,8.2899999999999991,9.1400000000000006,11.76,8.2899999999999991,9.144166666666667,0,0,0.0041666666666664298,78.367973178976627,99.328487429161171,34.136486877649986,193.12639904328159,0,20.960514250184545,false,true,ADMITTED_DAILY_NONNEGATIVE_WITH_SIGNED_HOURLY_COMPONENTS
SH-EN-ALERCE,2026-06-10,2026,161,-40.1726,24,2026061000,2026061023,10.4,7.8499999999999996,7.2300000000000004,10.4,7.8499999999999996,7.2300000000000004,0,0,0,143.77152267886993,155.92764125841984,104.6478059415424,230.98813804365204,0,12.156118579549911,false,true,ADMITTED_DAILY_NONNEGATIVE_WITH_SIGNED_HOURLY_COMPONENTS
SH-EN-ALERCE,2026-06-11,2026,162,-40.1726,24,2026061100,2026061123,11.720000000000001,10.44,10.140000000000001,11.720000000000001,10.44,10.142916666666666,0,0,0.0029166666666657903,81.229000402619477,83.164366944720541,48.373807780594689,103.390239072236,0,1.9353665421010646,false,true,ADMITTED_DAILY_NONNEGATIVE_WITH_SIGNED_HOURLY_COMPONENTS
SH-EN-ALERCE,2026-06-12,2026,163,-40.1726,24,2026061200,2026061223,11.85,6.5700000000000003,6.4500000000000002,11.85,6.5700000000000003,6.4466666666666663,0,0,-0.0033333333333338544,216.05993331440027,153.61838532621039,28.167813178881033,208.99852686407996,0,-62.441547988189882,false,true,ADMITTED_DAILY_NONNEGATIVE_WITH_SIGNED_HOURLY_COMPONENTS
SH-EN-ALERCE,2026-06-13,2026,164,-40.1726,24,2026061300,2026061323,9.5099999999999998,4.3799999999999999,2.27,9.5099999999999998,4.3799999999999999,2.27,0,0,0,292.35205436167666,234.37811544722351,116.5942711907453,523.86102426016055,0,-57.973938914453157,false,true,ADMITTED_DAILY_NONNEGATIVE_WITH_SIGNED_HOURLY_COMPONENTS
SH-EN-ALERCE,2026-06-14,2026,165,-40.1726,24,2026061400,2026061423,9.9499999999999993,4.0300000000000002,4.2800000000000002,9.9499999999999993,4.0300000000000002,4.2816666666666672,0,0,0.0016666666666669272,189.98860450851691,154.04400090370206,72.668741774520072,350.51221494034462,0,-35.944603604814858,false,true,ADMITTED_DAILY_NONNEGATIVE_WITH_SIGNED_HOURLY_COMPONENTS
SH-EN-ALERCE,2026-06-15,2026,166,-40.1726,24,2026061500,2026061523,11.66,6.5099999999999998,6.3099999999999996,11.66,6.5099999999999998,6.3112500000000002,0,0,0.0012500000000006395,214.6664862794438,136.06805521437954,66.83345309655806,347.66467909450512,0,-78.598431065064261,false,true,ADMITTED_DAILY_NONNEGATIVE_WITH_SIGNED_HOURLY_COMPONENTS
SH-EN-ALERCE,2026-06-16,2026,167,-40.1726,24,2026061600,2026061623,10.66,5.9000000000000004,5.0499999999999998,10.66,5.9000000000000004,5.0529166666666665,0,0,0.0029166666666666785,230.63702420013158,163.45945274058542,62.251513695331369,424.92591075367864,0,-67.177571459546158,false,true,ADMITTED_DAILY_NONNEGATIVE_WITH_SIGNED_HOURLY_COMPONENTS
SH-EN-ALERCE,2026-06-17,2026,168,-40.1726,24,2026061700,2026061723,10.119999999999999,4.1299999999999999,4.4699999999999998,10.119999999999999,4.1299999999999999,4.4658333333333333,0,0,-0.0041666666666664298,188.74208880449373,185.06972521650118,41.182838571441607,402.74680368282793,0,-3.6723635879925496,false,true,ADMITTED_DAILY_NONNEGATIVE_WITH_SIGNED_HOURLY_COMPONENTS
SH-EN-ALERCE,2026-06-18,2026,169,-40.1726,24,2026061800,2026061823,10.460000000000001,6.6200000000000001,6.1100000000000003,10.460000000000001,6.6200000000000001,6.1054166666666667,0,0,-0.0045833333333336057,178.9185395651275,183.91254592379616,54.846550511523333,313.59754337169102,0,4.9940063586686563,false,true,ADMITTED_DAILY_NONNEGATIVE_WITH_SIGNED_HOURLY_COMPONENTS
SH-EN-ALERCE,2026-06-19,2026,170,-40.1726,24,2026061900,2026061923,11.5,9.1300000000000008,8.1999999999999993,11.5,9.1300000000000008,8.1983333333333324,0,0,-0.0016666666666669272,170.11445405447057,167.06869595840166,81.601295059340373,298.51442806981208,0,-3.0457580960689086,false,true,ADMITTED_DAILY_NONNEGATIVE_WITH_SIGNED_HOURLY_COMPONENTS
SH-EN-ALERCE,2026-06-20,2026,171,-40.1726,24,2026062000,2026062023,10.59,8.7799999999999994,7.9400000000000004,10.59,8.7799999999999994,7.9387499999999998,0,0,-0.0012500000000006395,135.8434347261466,167.12325334244932,128.56230857563253,215.49021910417673,0,31.27981861630272,false,true,ADMITTED_DAILY_NONNEGATIVE_WITH_SIGNED_HOURLY_COMPONENTS
SH-EN-ALERCE,2026-06-21,2026,172,-40.1726,24,2026062100,2026062123,9.6099999999999994,8.1600000000000001,6.9299999999999997,9.6099999999999994,8.1600000000000001,6.925416666666667,0,0,-0.0045833333333327175,143.32324155323261,129.776568344781,93.287521749593338,209.03763290771462,0,-13.546673208451608,false,true,ADMITTED_DAILY_NONNEGATIVE_WITH_SIGNED_HOURLY_COMPONENTS
SH-EN-ALERCE,2026-06-22,2026,173,-40.1726,24,2026062200,2026062223,8.1099999999999994,6.7599999999999998,5.9400000000000004,8.1099999999999994,6.7599999999999998,5.9416666666666664,0,0,0.001666666666666039,101.91766097635593,106.39176260908998,84.37669385665572,138.47398012447991,0,4.4741016327340475,false,true,ADMITTED_DAILY_NONNEGATIVE_WITH_SIGNED_HOURLY_COMPONENTS
SH-EN-ALERCE,2026-06-23,2026,174,-40.1726,24,2026062300,2026062323,8.1699999999999999,6.4000000000000004,5.6200000000000001,8.1699999999999999,6.4000000000000004,5.6212499999999999,0,0,0.0012499999999997513,112.49647690581253,109.90207039797592,69.552429195836908,179.50403990817915,0,-2.5944065078366094,false,true,ADMITTED_DAILY_NONNEGATIVE_WITH_SIGNED_HOURLY_COMPONENTS
SH-EN-ALERCE,2026-06-24,2026,175,-40.1726,24,2026062400,2026062423,10.98,8.2899999999999991,7.8799999999999999,10.98,8.2899999999999991,7.88375,0,0,0.0037500000000001421,138.52352183968151,111.69986732186629,31.90143990808906,187.96322939771244,0,-26.823654517815214,false,true,ADMITTED_DAILY_NONNEGATIVE_WITH_SIGNED_HOURLY_COMPONENTS
SH-EN-ALERCE,2026-06-25,2026,176,-40.1726,24,2026062500,2026062523,10.880000000000001,7.6600000000000001,7.2599999999999998,10.880000000000001,7.6600000000000001,7.25875,0,0,-0.0012499999999997513,155.34326378854064,133.5072667319229,61.003625862408398,246.09322468316611,0,-21.835997056617742,false,true,ADMITTED_DAILY_NONNEGATIVE_WITH_SIGNED_HOURLY_COMPONENTS
SH-EN-ALERCE,2026-06-26,2026,177,-40.1726,24,2026062600,2026062623,10.17,8.4700000000000006,7.1399999999999997,10.17,8.4700000000000006,7.1429166666666672,0,0,0.0029166666666675667,163.27855663689866,143.61297237283,67.243929694363715,257.77199700153267,0,-19.665584264068656,false,true,ADMITTED_DAILY_NONNEGATIVE_WITH_SIGNED_HOURLY_COMPONENTS
SH-EN-ALERCE,2026-06-27,2026,178,-40.1726,24,2026062700,2026062723,10,6.96,5.6399999999999997,10,6.96,5.6416666666666666,0,0,0.0016666666666669272,201.47871714745838,208.5088317594718,104.03932501891859,319.47171291853078,0,7.0301146120134206,false,true,ADMITTED_DAILY_NONNEGATIVE_WITH_SIGNED_HOURLY_COMPONENTS
SH-EN-ALERCE,2026-06-28,2026,179,-40.1726,24,2026062800,2026062823,8.1099999999999994,6.8899999999999997,5.6399999999999997,8.1099999999999994,6.8899999999999997,5.6383333333333328,0,0,-0.0016666666666669272,125.51670963523839,140.79193321987782,90.922529371333553,173.82798212960392,0,15.275223584639434,false,true,ADMITTED_DAILY_NONNEGATIVE_WITH_SIGNED_HOURLY_COMPONENTS
SH-EN-ALERCE,2026-06-29,2026,180,-40.1726,24,2026062900,2026062923,9.2699999999999996,5.8600000000000003,5.54,9.2699999999999996,5.8600000000000003,5.5425000000000004,0,0,0.0025000000000003908,141.88333731007242,124.19594485503433,67.679795563485072,266.56842315348899,0,-17.687392455038093,false,true,ADMITTED_DAILY_NONNEGATIVE_WITH_SIGNED_HOURLY_COMPONENTS
SH-EN-ALERCE,2026-06-30,2026,181,-40.1726,24,2026063000,2026063023,8.2300000000000004,5.6399999999999997,4.9400000000000004,8.2300000000000004,5.6399999999999997,4.9429166666666662,0,0,0.0029166666666657903,132.20945690181827,119.16726420874278,85.999132822262709,185.44099693144744,0,-13.042192693075492,false,true,ADMITTED_DAILY_NONNEGATIVE_WITH_SIGNED_HOURLY_COMPONENTS
SH-EN-ALERCE,2026-07-01,2026,182,-40.1726,24,2026070100,2026070123,8,3.9199999999999999,-1.1799999999999999,8,3.9199999999999999,-1.1816666666666666,0,0,-0.0016666666666667052,380.4359940756151,379.483946581076,267.70552387734369,516.57896408515944,0,-0.95204749453910154,false,true,ADMITTED_DAILY_NONNEGATIVE_WITH_SIGNED_HOURLY_COMPONENTS
SH-EN-ALERCE,2026-07-02,2026,183,-40.1726,24,2026070200,2026070223,9.9100000000000001,5.1399999999999997,1.1499999999999999,9.9100000000000001,5.1399999999999997,1.14625,0,0,-0.0037499999999999201,386.87228426182855,365.16614226908587,218.87426981659894,539.90688798426424,0,-21.706141992742687,false,true,ADMITTED_DAILY_NONNEGATIVE_WITH_SIGNED_HOURLY_COMPONENTS
SH-EN-ALERCE,2026-07-03,2026,184,-40.1726,24,2026070300,2026070323,9.4199999999999999,4.9900000000000002,1.24,9.4199999999999999,4.9900000000000002,1.2433333333333334,0,0,0.0033333333333334103,358.20231590660262,362.52657697292489,183.43502276384208,565.78471788454647,0,4.3242610663222649,false,true,ADMITTED_DAILY_NONNEGATIVE_WITH_SIGNED_HOURLY_COMPONENTS
SH-EN-ALERCE,2026-07-04,2026,185,-40.1726,24,2026070400,2026070423,9.3900000000000006,6.4800000000000004,1.3500000000000001,9.3900000000000006,6.4800000000000004,1.3466666666666667,0,0,-0.0033333333333334103,399.16897643247967,395.19987299384144,330.64880065528826,513.87870820682554,0,-3.9691034386382285,false,true,ADMITTED_DAILY_NONNEGATIVE_WITH_SIGNED_HOURLY_COMPONENTS
SH-EN-ALERCE,2026-07-05,2026,186,-40.1726,24,2026070500,2026070523,8.6500000000000004,6.79,2.8599999999999999,8.6500000000000004,6.79,2.855,0,0,-0.0049999999999998934,304.07939469054566,308.35928078269166,247.5369927056588,366.11433541319184,0,4.2798860921460005,false,true,ADMITTED_DAILY_NONNEGATIVE_WITH_SIGNED_HOURLY_COMPONENTS
SH-EN-ALERCE,2026-07-06,2026,187,-40.1726,24,2026070600,2026070623,9.3000000000000007,5.6100000000000003,4.0899999999999999,9.3000000000000007,5.6100000000000003,4.0883333333333338,0,0,-0.001666666666666039,222.42069351520558,229.14585720790546,126.14211635558831,323.73078182161407,0,6.7251636926998799,false,true,ADMITTED_DAILY_NONNEGATIVE_WITH_SIGNED_HOURLY_COMPONENTS
SH-EN-ALERCE,2026-07-07,2026,188,-40.1726,24,2026070700,2026070723,11.130000000000001,9.3399999999999999,10.18,11.130000000000001,9.3399999999999999,10.174999999999999,0,0,-0.0050000000000007816,6.5465942585283301,32.526000429951019,22.384263337068887,85.008364687252879,0,25.979406171422688,false,true,ADMITTED_DAILY_NONNEGATIVE_WITH_SIGNED_HOURLY_COMPONENTS
SH-EN-ALERCE,2026-07-08,2026,189,-40.1726,24,2026070800,2026070823,12.16,9.3599999999999994,9.5,12.16,9.3599999999999994,9.4954166666666673,0,0,-0.0045833333333327175,109.43544516494944,101.89937741912229,33.48168499005078,202.95251713987511,0,-7.5360677458271539,false,true,ADMITTED_DAILY_NONNEGATIVE_WITH_SIGNED_HOURLY_COMPONENTS
SH-EN-ALERCE,2026-07-09,2026,190,-40.1726,24,2026070900,2026070923,10.41,8.4600000000000009,5.6600000000000001,10.41,8.4600000000000009,5.6625000000000005,0,0,0.0025000000000003908,271.15276460830773,249.46645179603183,155.7082841900442,417.41595359694657,0,-21.686312812275901,false,true,ADMITTED_DAILY_NONNEGATIVE_WITH_SIGNED_HOURLY_COMPONENTS
SH-EN-ALERCE,2026-07-10,2026,191,-40.1726,24,2026071000,2026071023,10.210000000000001,6.9900000000000002,5.4500000000000002,10.210000000000001,6.9900000000000002,5.4524999999999997,0,0,0.0024999999999995026,223.16586041269602,211.91850240740828,109.38127769350569,364.4774594010878,0,-11.247358005287737,false,true,ADMITTED_DAILY_NONNEGATIVE_WITH_SIGNED_HOURLY_COMPONENTS
SH-EN-ALERCE,2026-07-11,2026,192,-40.1726,24,2026071100,2026071123,9.5600000000000005,7.2199999999999998,5.6299999999999999,9.5600000000000005,7.2199999999999998,5.6341666666666663,0,0,0.0041666666666664298,193.23388399949158,180.27098412142388,95.133455644476498,307.65816364910836,0,-12.962899878067702,false,true,ADMITTED_DAILY_NONNEGATIVE_WITH_SIGNED_HOURLY_COMPONENTS
SH-EN-ALERCE,2026-07-12,2026,193,-40.1726,24,2026071200,2026071223,11.630000000000001,7.9199999999999999,6.6399999999999997,11.630000000000001,7.9199999999999999,6.6420833333333329,0,0,0.0020833333333332149,240.46282726813126,240.10103161925039,52.326584608325675,347.21902890242905,0,-0.36179564888087157,false,true,ADMITTED_DAILY_NONNEGATIVE_WITH_SIGNED_HOURLY_COMPONENTS
SH-EN-ALERCE,2026-07-13,2026,194,-40.1726,24,2026071300,2026071323,11.52,10.85,10.68,11.52,10.85,10.682499999999999,0,0,0.0024999999999995026,44.182017409524633,47.403901673099902,27.552073930002734,77.109087890218916,0,3.2218842635752694,false,true,ADMITTED_DAILY_NONNEGATIVE_WITH_SIGNED_HOURLY_COMPONENTS
SH-EN-ALERCE,2026-07-14,2026,195,-40.1726,24,2026071400,2026071423,11.94,9.7899999999999991,10.130000000000001,11.94,9.7899999999999991,10.132083333333332,0,0,0.0020833333333314386,65.205864555582821,55.329933000551144,29.860537457386727,93.185947585111307,0,-9.8759315550316771,false,true,ADMITTED_DAILY_NONNEGATIVE_WITH_SIGNED_HOURLY_COMPONENTS
SH-EN-ALERCE,2026-07-15,2026,196,-40.1726,24,2026071500,2026071523,10.81,9.5299999999999994,9.3399999999999999,10.81,9.5299999999999994,9.34375,0,0,0.0037500000000001421,68.324963768471434,87.8404935537596,49.548728803084259,146.61421965294858,0,19.515529785288166,false,true,ADMITTED_DAILY_NONNEGATIVE_WITH_SIGNED_HOURLY_COMPONENTS
SH-EN-ALERCE,2026-07-16,2026,197,-40.1726,24,2026071600,2026071623,12.970000000000001,9.5299999999999994,9.7699999999999996,12.970000000000001,9.5299999999999994,9.7658333333333331,0,0,-0.0041666666666664298,133.16226712375851,120.76845873839041,57.633663579566701,184.32678833181808,0,-12.393808385368104,false,true,ADMITTED_DAILY_NONNEGATIVE_WITH_SIGNED_HOURLY_COMPONENTS
SH-EN-ALERCE,2026-07-17,2026,198,-40.1726,24,2026071700,2026071723,10.539999999999999,9.0099999999999998,7.3700000000000001,10.539999999999999,9.0099999999999998,7.3716666666666661,0,0,0.001666666666666039,183.37463997601299,197.92460771141387,134.52736015922721,309.13051521903867,0,14.549967735400884,false,true,ADMITTED_DAILY_NONNEGATIVE_WITH_SIGNED_HOURLY_COMPONENTS
SH-EN-ALERCE,2026-07-18,2026,199,-40.1726,24,2026071800,2026071823,8.7599999999999998,7.4199999999999999,4.9000000000000004,8.7599999999999998,7.4199999999999999,4.902916666666667,0,0,0.0029166666666666785,214.10959177181314,213.41379719855536,127.23355330827428,307.11355995942074,0,-0.69579457325778549,false,true,ADMITTED_DAILY_NONNEGATIVE_WITH_SIGNED_HOURLY_COMPONENTS
SH-EN-ALERCE,2026-07-19,2026,200,-40.1726,24,2026071900,2026071923,8.1400000000000006,6.0999999999999996,2.2000000000000002,8.1400000000000006,6.0999999999999996,2.2041666666666666,0,0,0.0041666666666664298,296.51649763517696,297.86454490902941,208.74420906815033,435.28191986341085,0,1.3480472738524441,false,true,ADMITTED_DAILY_NONNEGATIVE_WITH_SIGNED_HOURLY_COMPONENTS
SH-EN-ALERCE,2026-07-20,2026,201,-40.1726,24,2026072000,2026072023,9.8100000000000005,4.4100000000000001,2.3500000000000001,9.8100000000000005,4.4100000000000001,2.3508333333333336,0,0,0.0008333333333334636,301.21003143362282,279.449778431825,131.09677497937219,523.83525674487896,0,-21.760253001797821,false,true,ADMITTED_DAILY_NONNEGATIVE_WITH_SIGNED_HOURLY_COMPONENTS
SH-EN-ALERCE,2026-07-21,2026,202,-40.1726,24,2026072100,2026072123,10.550000000000001,5.7400000000000002,2.7000000000000002,10.550000000000001,5.7400000000000002,2.7025000000000001,0,0,0.0024999999999999467,354.40188096718828,328.92844211185383,90.607591543733633,573.75678995258284,0,-25.47343885533445,false,true,ADMITTED_DAILY_NONNEGATIVE_WITH_SIGNED_HOURLY_COMPONENTS
SH-EN-ALERCE,2026-07-22,2026,203,-40.1726,24,2026072200,2026072223,10.91,6.5800000000000001,8.2699999999999996,10.91,6.5800000000000001,8.2724999999999991,0,0,0.0024999999999995026,46.449013776108814,56.488950551956492,28.163926888755668,75.727456827089554,0,10.039936775847679,false,true,ADMITTED_DAILY_NONNEGATIVE_WITH_SIGNED_HOURLY_COMPONENTS
SH-EN-ALERCE,2026-07-23,2026,204,-40.1726,24,2026072300,2026072323,10.890000000000001,9.5299999999999994,7.4000000000000004,10.890000000000001,9.5299999999999994,7.3979166666666671,0,0,-0.0020833333333332149,216.7718552658157,216.26575955586353,80.174818443494814,349.63363512229682,0,-0.50609570995217723,false,true,ADMITTED_DAILY_NONNEGATIVE_WITH_SIGNED_HOURLY_COMPONENTS
SH-EN-ALERCE,2026-07-24,2026,205,-40.1726,24,2026072400,2026072423,11.16,8.7400000000000002,9.0099999999999998,11.16,8.7400000000000002,9.0112500000000004,0,0,0.0012500000000006395,78.559431225367234,77.834795688814538,30.491285117944699,181.49923090980246,0,-0.72463553655269664,false,true,ADMITTED_DAILY_NONNEGATIVE_WITH_SIGNED_HOURLY_COMPONENTS
