scenario,member_or_default,event_id,event_year,direction,operator,model_level,observed_date,threshold_gsi21,event_date_gsi21,matched,selected_crossing_ordinal,selected_crossing_date,residual_days,global_same_direction_count,in_window_count,extra_in_window_count,out_of_window_count
BASE,GSI-2198,2024-falling,2024,falling,EVENT_YEAR_RELATIVE,0.10,2024-05-21,0.017055045864037551,0,True,738950.949840491,2024-03-05,-76.050159509,9,1,0,8
BASE,GSI-2198,2024-falling,2024,falling,EVENT_YEAR_RELATIVE,0.20,2024-05-21,0.034110091728075102,0,True,738944.372990225,2024-02-28,-82.627009775,10,1,0,9
BASE,GSI-2198,2024-falling,2024,falling,EVENT_YEAR_RELATIVE,0.25,2024-05-21,0.04263761466009388,0,True,738943.001655014,2024-02-27,-83.998344986,9,1,0,8
BASE,GSI-2198,2024-falling,2024,falling,EVENT_YEAR_RELATIVE,0.30,2024-05-21,0.051165137592112657,0,True,738926.353176889,2024-02-10,-100.646823111,7,2,1,5
BASE,GSI-2198,2024-falling,2024,falling,EVENT_YEAR_RELATIVE,0.40,2024-05-21,0.068220183456150205,0,False,,,,4,0,0,4
BASE,GSI-2198,2024-falling,2024,falling,EVENT_YEAR_RELATIVE,0.50,2024-05-21,0.085275229320187759,0,False,,,,3,0,0,3
BASE,GSI-2198,2024-falling,2024,falling,EVENT_YEAR_RELATIVE,0.60,2024-05-21,0.10233027518422531,0,False,,,,4,0,0,4
BASE,GSI-2198,2024-falling,2024,falling,EVENT_YEAR_RELATIVE,0.70,2024-05-21,0.11938532104826285,0,False,,,,4,0,0,4
BASE,GSI-2198,2024-falling,2024,falling,EVENT_YEAR_RELATIVE,0.75,2024-05-21,0.12791284398028163,0,False,,,,5,0,0,5
BASE,GSI-2198,2024-falling,2024,falling,EVENT_YEAR_RELATIVE,0.80,2024-05-21,0.13644036691230041,0,False,,,,4,0,0,4
BASE,GSI-2198,2024-falling,2024,falling,EVENT_YEAR_RELATIVE,0.90,2024-05-21,0.15349541277633796,0,False,,,,3,0,0,3
BASE,GSI-2198,2024-rising,2024,rising,EVENT_YEAR_RELATIVE,0.10,2024-08-24,0.017055045864037551,0,True,739220.677663204,2024-11-30,98.677663204,9,1,0,8
BASE,GSI-2198,2024-rising,2024,rising,EVENT_YEAR_RELATIVE,0.20,2024-08-24,0.034110091728075102,0,False,,,,10,0,0,10
BASE,GSI-2198,2024-rising,2024,rising,EVENT_YEAR_RELATIVE,0.25,2024-08-24,0.04263761466009388,0,False,,,,9,0,0,9
BASE,GSI-2198,2024-rising,2024,rising,EVENT_YEAR_RELATIVE,0.30,2024-08-24,0.051165137592112657,0,False,,,,7,0,0,7
BASE,GSI-2198,2024-rising,2024,rising,EVENT_YEAR_RELATIVE,0.40,2024-08-24,0.068220183456150205,0,False,,,,4,0,0,4
BASE,GSI-2198,2024-rising,2024,rising,EVENT_YEAR_RELATIVE,0.50,2024-08-24,0.085275229320187759,0,False,,,,3,0,0,3
BASE,GSI-2198,2024-rising,2024,rising,EVENT_YEAR_RELATIVE,0.60,2024-08-24,0.10233027518422531,0,False,,,,4,0,0,4
BASE,GSI-2198,2024-rising,2024,rising,EVENT_YEAR_RELATIVE,0.70,2024-08-24,0.11938532104826285,0,False,,,,4,0,0,4
BASE,GSI-2198,2024-rising,2024,rising,EVENT_YEAR_RELATIVE,0.75,2024-08-24,0.12791284398028163,0,False,,,,5,0,0,5
BASE,GSI-2198,2024-rising,2024,rising,EVENT_YEAR_RELATIVE,0.80,2024-08-24,0.13644036691230041,0,False,,,,4,0,0,4
BASE,GSI-2198,2024-rising,2024,rising,EVENT_YEAR_RELATIVE,0.90,2024-08-24,0.15349541277633796,0,False,,,,3,0,0,3
BASE,GSI-2198,2025-falling,2025,falling,EVENT_YEAR_RELATIVE,0.10,2025-05-01,0.022162248084279725,0,True,739320.532031911,2025-03-10,-51.467968089,9,1,0,8
BASE,GSI-2198,2025-falling,2025,falling,EVENT_YEAR_RELATIVE,0.20,2025-05-01,0.044324496168559449,0,True,739314.807518064,2025-03-04,-57.192481936,7,1,0,6
BASE,GSI-2198,2025-falling,2025,falling,EVENT_YEAR_RELATIVE,0.25,2025-05-01,0.055405620210699308,0,True,739313.083331508,2025-03-03,-58.916668492,5,1,0,4
BASE,GSI-2198,2025-falling,2025,falling,EVENT_YEAR_RELATIVE,0.30,2025-05-01,0.066486744252839167,0,True,739311.459853461,2025-03-01,-60.540146539,4,1,0,3
BASE,GSI-2198,2025-falling,2025,falling,EVENT_YEAR_RELATIVE,0.40,2025-05-01,0.088648992337118898,0,True,739308.445815931,2025-02-26,-63.554184069,3,1,0,2
BASE,GSI-2198,2025-falling,2025,falling,EVENT_YEAR_RELATIVE,0.50,2025-05-01,0.11081124042139862,0,True,739305.411224007,2025-02-23,-66.588775993,4,1,0,3
BASE,GSI-2198,2025-falling,2025,falling,EVENT_YEAR_RELATIVE,0.60,2025-05-01,0.13297348850567833,0,True,739302.286652172,2025-02-20,-69.713347828,5,1,0,4
BASE,GSI-2198,2025-falling,2025,falling,EVENT_YEAR_RELATIVE,0.70,2025-05-01,0.15513573658995805,0,True,739299.289060364,2025-02-17,-72.710939636,3,1,0,2
BASE,GSI-2198,2025-falling,2025,falling,EVENT_YEAR_RELATIVE,0.75,2025-05-01,0.16621686063209792,0,True,739297.806434376,2025-02-15,-74.193565624,3,1,0,2
BASE,GSI-2198,2025-falling,2025,falling,EVENT_YEAR_RELATIVE,0.80,2025-05-01,0.1772979846742378,0,True,739296.376429167,2025-02-14,-75.623570833,2,1,0,1
BASE,GSI-2198,2025-falling,2025,falling,EVENT_YEAR_RELATIVE,0.90,2025-05-01,0.19946023275851751,0,True,739293.502563731,2025-02-11,-78.497436269,1,1,0,0
BASE,GSI-2198,2025-rising,2025,rising,EVENT_YEAR_RELATIVE,0.10,2025-09-05,0.022162248084279725,0,True,739574.258186470,2025-11-19,75.258186470,9,2,1,7
BASE,GSI-2198,2025-rising,2025,rising,EVENT_YEAR_RELATIVE,0.20,2025-09-05,0.044324496168559449,0,True,739588.607722274,2025-12-03,89.607722274,7,2,1,5
BASE,GSI-2198,2025-rising,2025,rising,EVENT_YEAR_RELATIVE,0.25,2025-09-05,0.055405620210699308,0,True,739614.071224494,2025-12-29,115.071224494,5,1,0,4
BASE,GSI-2198,2025-rising,2025,rising,EVENT_YEAR_RELATIVE,0.30,2025-09-05,0.066486744252839167,0,False,,,,4,0,0,4
BASE,GSI-2198,2025-rising,2025,rising,EVENT_YEAR_RELATIVE,0.40,2025-09-05,0.088648992337118898,0,False,,,,3,0,0,3
BASE,GSI-2198,2025-rising,2025,rising,EVENT_YEAR_RELATIVE,0.50,2025-09-05,0.11081124042139862,0,False,,,,4,0,0,4
BASE,GSI-2198,2025-rising,2025,rising,EVENT_YEAR_RELATIVE,0.60,2025-09-05,0.13297348850567833,0,False,,,,5,0,0,5
BASE,GSI-2198,2025-rising,2025,rising,EVENT_YEAR_RELATIVE,0.70,2025-09-05,0.15513573658995805,0,False,,,,3,0,0,3
BASE,GSI-2198,2025-rising,2025,rising,EVENT_YEAR_RELATIVE,0.75,2025-09-05,0.16621686063209792,0,False,,,,3,0,0,3
BASE,GSI-2198,2025-rising,2025,rising,EVENT_YEAR_RELATIVE,0.80,2025-09-05,0.1772979846742378,0,False,,,,2,0,0,2
BASE,GSI-2198,2025-rising,2025,rising,EVENT_YEAR_RELATIVE,0.90,2025-09-05,0.19946023275851751,0,False,,,,1,0,0,1
BASE,GSI-2199,2024-falling,2024,falling,EVENT_YEAR_RELATIVE,0.10,2024-05-21,0.017015897293584357,0,True,738950.949840491,2024-03-05,-76.050159509,9,1,0,8
BASE,GSI-2199,2024-falling,2024,falling,EVENT_YEAR_RELATIVE,0.20,2024-05-21,0.034031794587168714,0,True,738944.372990225,2024-02-28,-82.627009775,10,1,0,9
BASE,GSI-2199,2024-falling,2024,falling,EVENT_YEAR_RELATIVE,0.25,2024-05-21,0.04253974323396089,0,True,738943.001655014,2024-02-27,-83.998344986,9,1,0,8
BASE,GSI-2199,2024-falling,2024,falling,EVENT_YEAR_RELATIVE,0.30,2024-05-21,0.051047691880753067,0,True,738926.353176889,2024-02-10,-100.646823111,7,2,1,5
BASE,GSI-2199,2024-falling,2024,falling,EVENT_YEAR_RELATIVE,0.40,2024-05-21,0.068063589174337427,0,False,,,,4,0,0,4
BASE,GSI-2199,2024-falling,2024,falling,EVENT_YEAR_RELATIVE,0.50,2024-05-21,0.08507948646792178,0,False,,,,3,0,0,3
BASE,GSI-2199,2024-falling,2024,falling,EVENT_YEAR_RELATIVE,0.60,2024-05-21,0.10209538376150613,0,False,,,,4,0,0,4
BASE,GSI-2199,2024-falling,2024,falling,EVENT_YEAR_RELATIVE,0.70,2024-05-21,0.11911128105509049,0,False,,,,4,0,0,4
BASE,GSI-2199,2024-falling,2024,falling,EVENT_YEAR_RELATIVE,0.75,2024-05-21,0.12761922970188266,0,False,,,,5,0,0,5
BASE,GSI-2199,2024-falling,2024,falling,EVENT_YEAR_RELATIVE,0.80,2024-05-21,0.13612717834867485,0,False,,,,4,0,0,4
BASE,GSI-2199,2024-falling,2024,falling,EVENT_YEAR_RELATIVE,0.90,2024-05-21,0.15314307564225921,0,False,,,,3,0,0,3
BASE,GSI-2199,2024-rising,2024,rising,EVENT_YEAR_RELATIVE,0.10,2024-08-24,0.017015897293584357,0,True,739220.677663204,2024-11-30,98.677663204,9,1,0,8
BASE,GSI-2199,2024-rising,2024,rising,EVENT_YEAR_RELATIVE,0.20,2024-08-24,0.034031794587168714,0,False,,,,10,0,0,10
BASE,GSI-2199,2024-rising,2024,rising,EVENT_YEAR_RELATIVE,0.25,2024-08-24,0.04253974323396089,0,False,,,,9,0,0,9
BASE,GSI-2199,2024-rising,2024,rising,EVENT_YEAR_RELATIVE,0.30,2024-08-24,0.051047691880753067,0,False,,,,7,0,0,7
BASE,GSI-2199,2024-rising,2024,rising,EVENT_YEAR_RELATIVE,0.40,2024-08-24,0.068063589174337427,0,False,,,,4,0,0,4
BASE,GSI-2199,2024-rising,2024,rising,EVENT_YEAR_RELATIVE,0.50,2024-08-24,0.08507948646792178,0,False,,,,3,0,0,3
BASE,GSI-2199,2024-rising,2024,rising,EVENT_YEAR_RELATIVE,0.60,2024-08-24,0.10209538376150613,0,False,,,,4,0,0,4
BASE,GSI-2199,2024-rising,2024,rising,EVENT_YEAR_RELATIVE,0.70,2024-08-24,0.11911128105509049,0,False,,,,4,0,0,4
BASE,GSI-2199,2024-rising,2024,rising,EVENT_YEAR_RELATIVE,0.75,2024-08-24,0.12761922970188266,0,False,,,,5,0,0,5
BASE,GSI-2199,2024-rising,2024,rising,EVENT_YEAR_RELATIVE,0.80,2024-08-24,0.13612717834867485,0,False,,,,4,0,0,4
BASE,GSI-2199,2024-rising,2024,rising,EVENT_YEAR_RELATIVE,0.90,2024-08-24,0.15314307564225921,0,False,,,,3,0,0,3
BASE,GSI-2199,2025-falling,2025,falling,EVENT_YEAR_RELATIVE,0.10,2025-05-01,0.022111376316625433,0,True,739320.532031911,2025-03-10,-51.467968089,9,1,0,8
BASE,GSI-2199,2025-falling,2025,falling,EVENT_YEAR_RELATIVE,0.20,2025-05-01,0.044222752633250866,0,True,739314.807518064,2025-03-04,-57.192481936,7,1,0,6
BASE,GSI-2199,2025-falling,2025,falling,EVENT_YEAR_RELATIVE,0.25,2025-05-01,0.055278440791563577,0,True,739313.083331508,2025-03-03,-58.916668492,5,1,0,4
BASE,GSI-2199,2025-falling,2025,falling,EVENT_YEAR_RELATIVE,0.30,2025-05-01,0.066334128949876295,0,True,739311.459853461,2025-03-01,-60.540146539,4,1,0,3
BASE,GSI-2199,2025-falling,2025,falling,EVENT_YEAR_RELATIVE,0.40,2025-05-01,0.088445505266501731,0,True,739308.445815931,2025-02-26,-63.554184069,3,1,0,2
BASE,GSI-2199,2025-falling,2025,falling,EVENT_YEAR_RELATIVE,0.50,2025-05-01,0.11055688158312715,0,True,739305.411224007,2025-02-23,-66.588775993,4,1,0,3
BASE,GSI-2199,2025-falling,2025,falling,EVENT_YEAR_RELATIVE,0.60,2025-05-01,0.13266825789975259,0,True,739302.286652172,2025-02-20,-69.713347828,5,1,0,4
BASE,GSI-2199,2025-falling,2025,falling,EVENT_YEAR_RELATIVE,0.70,2025-05-01,0.154779634216378,0,True,739299.289060364,2025-02-17,-72.710939636,3,1,0,2
BASE,GSI-2199,2025-falling,2025,falling,EVENT_YEAR_RELATIVE,0.75,2025-05-01,0.16583532237469073,0,True,739297.806434376,2025-02-15,-74.193565624,3,1,0,2
BASE,GSI-2199,2025-falling,2025,falling,EVENT_YEAR_RELATIVE,0.80,2025-05-01,0.17689101053300346,0,True,739296.376429167,2025-02-14,-75.623570833,2,1,0,1
BASE,GSI-2199,2025-falling,2025,falling,EVENT_YEAR_RELATIVE,0.90,2025-05-01,0.19900238684962887,0,True,739293.502563731,2025-02-11,-78.497436269,1,1,0,0
BASE,GSI-2199,2025-rising,2025,rising,EVENT_YEAR_RELATIVE,0.10,2025-09-05,0.022111376316625433,0,True,739574.258186470,2025-11-19,75.258186470,9,2,1,7
BASE,GSI-2199,2025-rising,2025,rising,EVENT_YEAR_RELATIVE,0.20,2025-09-05,0.044222752633250866,0,True,739588.607722274,2025-12-03,89.607722274,7,2,1,5
BASE,GSI-2199,2025-rising,2025,rising,EVENT_YEAR_RELATIVE,0.25,2025-09-05,0.055278440791563577,0,True,739614.071224494,2025-12-29,115.071224494,5,1,0,4
BASE,GSI-2199,2025-rising,2025,rising,EVENT_YEAR_RELATIVE,0.30,2025-09-05,0.066334128949876295,0,False,,,,4,0,0,4
BASE,GSI-2199,2025-rising,2025,rising,EVENT_YEAR_RELATIVE,0.40,2025-09-05,0.088445505266501731,0,False,,,,3,0,0,3
BASE,GSI-2199,2025-rising,2025,rising,EVENT_YEAR_RELATIVE,0.50,2025-09-05,0.11055688158312715,0,False,,,,4,0,0,4
BASE,GSI-2199,2025-rising,2025,rising,EVENT_YEAR_RELATIVE,0.60,2025-09-05,0.13266825789975259,0,False,,,,5,0,0,5
BASE,GSI-2199,2025-rising,2025,rising,EVENT_YEAR_RELATIVE,0.70,2025-09-05,0.154779634216378,0,False,,,,3,0,0,3
BASE,GSI-2199,2025-rising,2025,rising,EVENT_YEAR_RELATIVE,0.75,2025-09-05,0.16583532237469073,0,False,,,,3,0,0,3
BASE,GSI-2199,2025-rising,2025,rising,EVENT_YEAR_RELATIVE,0.80,2025-09-05,0.17689101053300346,0,False,,,,2,0,0,2
BASE,GSI-2199,2025-rising,2025,rising,EVENT_YEAR_RELATIVE,0.90,2025-09-05,0.19900238684962887,0,False,,,,1,0,0,1
BASE,GSI-2629,2024-falling,2024,falling,EVENT_YEAR_RELATIVE,0.10,2024-05-21,0.031309936348942684,0.0035474121295395256,True,739012.356406752,2024-05-06,-14.643593248,16,1,0,15
BASE,GSI-2629,2024-falling,2024,falling,EVENT_YEAR_RELATIVE,0.20,2024-05-21,0.062619872697885368,0.0035474121295395256,True,739005.843252522,2024-04-29,-21.156747478,13,1,0,12
BASE,GSI-2629,2024-falling,2024,falling,EVENT_YEAR_RELATIVE,0.25,2024-05-21,0.078274840872356699,0.0035474121295395256,True,738997.959995448,2024-04-21,-29.040004552,11,1,0,10
BASE,GSI-2629,2024-falling,2024,falling,EVENT_YEAR_RELATIVE,0.30,2024-05-21,0.093929809046828031,0.0035474121295395256,True,738995.370374212,2024-04-19,-31.629625788,9,1,0,8
BASE,GSI-2629,2024-falling,2024,falling,EVENT_YEAR_RELATIVE,0.40,2024-05-21,0.12523974539577074,0.0035474121295395256,True,738985.543999192,2024-04-09,-41.456000808,6,1,0,5
BASE,GSI-2629,2024-falling,2024,falling,EVENT_YEAR_RELATIVE,0.50,2024-05-21,0.1565496817447134,0.0035474121295395256,True,738947.212052154,2024-03-02,-79.787947846,6,2,1,4
BASE,GSI-2629,2024-falling,2024,falling,EVENT_YEAR_RELATIVE,0.60,2024-05-21,0.18785961809365606,0.0035474121295395256,True,738942.176017643,2024-02-26,-84.823982357,6,2,1,4
BASE,GSI-2629,2024-falling,2024,falling,EVENT_YEAR_RELATIVE,0.70,2024-05-21,0.21916955444259875,0.0035474121295395256,True,738938.185206218,2024-02-22,-88.814793782,7,3,2,4
BASE,GSI-2629,2024-falling,2024,falling,EVENT_YEAR_RELATIVE,0.75,2024-05-21,0.2348245226170701,0.0035474121295395256,True,738972.159195216,2024-03-27,-54.840804784,5,1,0,4
BASE,GSI-2629,2024-falling,2024,falling,EVENT_YEAR_RELATIVE,0.80,2024-05-21,0.25047949079154147,0.0035474121295395256,True,738970.231965065,2024-03-25,-56.768034935,7,1,0,6
BASE,GSI-2629,2024-falling,2024,falling,EVENT_YEAR_RELATIVE,0.90,2024-05-21,0.28178942714048411,0.0035474121295395256,False,,,,6,0,0,6
BASE,GSI-2629,2024-rising,2024,rising,EVENT_YEAR_RELATIVE,0.10,2024-08-24,0.031309936348942684,0.015602780437929044,True,739131.133098261,2024-09-02,9.133098261,16,5,4,11
BASE,GSI-2629,2024-rising,2024,rising,EVENT_YEAR_RELATIVE,0.20,2024-08-24,0.062619872697885368,0.015602780437929044,False,,,,13,0,0,13
BASE,GSI-2629,2024-rising,2024,rising,EVENT_YEAR_RELATIVE,0.25,2024-08-24,0.078274840872356699,0.015602780437929044,False,,,,11,0,0,11
BASE,GSI-2629,2024-rising,2024,rising,EVENT_YEAR_RELATIVE,0.30,2024-08-24,0.093929809046828031,0.015602780437929044,False,,,,9,0,0,9
BASE,GSI-2629,2024-rising,2024,rising,EVENT_YEAR_RELATIVE,0.40,2024-08-24,0.12523974539577074,0.015602780437929044,False,,,,6,0,0,6
BASE,GSI-2629,2024-rising,2024,rising,EVENT_YEAR_RELATIVE,0.50,2024-08-24,0.1565496817447134,0.015602780437929044,False,,,,6,0,0,6
BASE,GSI-2629,2024-rising,2024,rising,EVENT_YEAR_RELATIVE,0.60,2024-08-24,0.18785961809365606,0.015602780437929044,False,,,,6,0,0,6
BASE,GSI-2629,2024-rising,2024,rising,EVENT_YEAR_RELATIVE,0.70,2024-08-24,0.21916955444259875,0.015602780437929044,False,,,,7,0,0,7
BASE,GSI-2629,2024-rising,2024,rising,EVENT_YEAR_RELATIVE,0.75,2024-08-24,0.2348245226170701,0.015602780437929044,False,,,,5,0,0,5
BASE,GSI-2629,2024-rising,2024,rising,EVENT_YEAR_RELATIVE,0.80,2024-08-24,0.25047949079154147,0.015602780437929044,False,,,,7,0,0,7
BASE,GSI-2629,2024-rising,2024,rising,EVENT_YEAR_RELATIVE,0.90,2024-08-24,0.28178942714048411,0.015602780437929044,False,,,,6,0,0,6
BASE,GSI-2629,2025-falling,2025,falling,EVENT_YEAR_RELATIVE,0.10,2025-05-01,0.051897433276973361,0.047012628402769562,True,739371.291966108,2025-04-30,-0.708033892,9,1,0,8
BASE,GSI-2629,2025-falling,2025,falling,EVENT_YEAR_RELATIVE,0.20,2025-05-01,0.10379486655394672,0.047012628402769562,True,739352.782125579,2025-04-11,-19.217874421,9,1,0,8
BASE,GSI-2629,2025-falling,2025,falling,EVENT_YEAR_RELATIVE,0.25,2025-05-01,0.1297435831924334,0.047012628402769562,True,739348.349130416,2025-04-07,-23.650869584,6,1,0,5
BASE,GSI-2629,2025-falling,2025,falling,EVENT_YEAR_RELATIVE,0.30,2025-05-01,0.15569229983092006,0.047012628402769562,True,739345.511834787,2025-04-04,-26.488165213,6,1,0,5
BASE,GSI-2629,2025-falling,2025,falling,EVENT_YEAR_RELATIVE,0.40,2025-05-01,0.20758973310789344,0.047012628402769562,True,739341.085181935,2025-03-31,-30.914818065,6,1,0,5
BASE,GSI-2629,2025-falling,2025,falling,EVENT_YEAR_RELATIVE,0.50,2025-05-01,0.2594871663848668,0.047012628402769562,True,739335.913970071,2025-03-25,-36.086029929,7,1,0,6
BASE,GSI-2629,2025-falling,2025,falling,EVENT_YEAR_RELATIVE,0.60,2025-05-01,0.31138459966184012,0.047012628402769562,True,739328.894728335,2025-03-18,-43.105271665,5,1,0,4
BASE,GSI-2629,2025-falling,2025,falling,EVENT_YEAR_RELATIVE,0.70,2025-05-01,0.3632820329388135,0.047012628402769562,True,739319.194342719,2025-03-09,-52.805657281,1,1,0,0
BASE,GSI-2629,2025-falling,2025,falling,EVENT_YEAR_RELATIVE,0.75,2025-05-01,0.38923074957730019,0.047012628402769562,True,739312.203334525,2025-03-02,-59.796665475,1,1,0,0
BASE,GSI-2629,2025-falling,2025,falling,EVENT_YEAR_RELATIVE,0.80,2025-05-01,0.41517946621578689,0.047012628402769562,True,739306.642754816,2025-02-24,-65.357245184,1,1,0,0
BASE,GSI-2629,2025-falling,2025,falling,EVENT_YEAR_RELATIVE,0.90,2025-05-01,0.46707689949276027,0.047012628402769562,True,739298.360556082,2025-02-16,-73.639443918,1,1,0,0
BASE,GSI-2629,2025-rising,2025,rising,EVENT_YEAR_RELATIVE,0.10,2025-09-05,0.051897433276973361,0.018582477882385342,True,739574.685607486,2025-11-19,75.685607486,9,2,1,7
BASE,GSI-2629,2025-rising,2025,rising,EVENT_YEAR_RELATIVE,0.20,2025-09-05,0.10379486655394672,0.018582477882385342,True,739614.758932799,2025-12-29,115.758932799,9,1,0,8
BASE,GSI-2629,2025-rising,2025,rising,EVENT_YEAR_RELATIVE,0.25,2025-09-05,0.1297435831924334,0.018582477882385342,False,,,,6,0,0,6
BASE,GSI-2629,2025-rising,2025,rising,EVENT_YEAR_RELATIVE,0.30,2025-09-05,0.15569229983092006,0.018582477882385342,False,,,,6,0,0,6
BASE,GSI-2629,2025-rising,2025,rising,EVENT_YEAR_RELATIVE,0.40,2025-09-05,0.20758973310789344,0.018582477882385342,False,,,,6,0,0,6
BASE,GSI-2629,2025-rising,2025,rising,EVENT_YEAR_RELATIVE,0.50,2025-09-05,0.2594871663848668,0.018582477882385342,False,,,,7,0,0,7
BASE,GSI-2629,2025-rising,2025,rising,EVENT_YEAR_RELATIVE,0.60,2025-09-05,0.31138459966184012,0.018582477882385342,False,,,,5,0,0,5
BASE,GSI-2629,2025-rising,2025,rising,EVENT_YEAR_RELATIVE,0.70,2025-09-05,0.3632820329388135,0.018582477882385342,False,,,,1,0,0,1
BASE,GSI-2629,2025-rising,2025,rising,EVENT_YEAR_RELATIVE,0.75,2025-09-05,0.38923074957730019,0.018582477882385342,False,,,,1,0,0,1
BASE,GSI-2629,2025-rising,2025,rising,EVENT_YEAR_RELATIVE,0.80,2025-09-05,0.41517946621578689,0.018582477882385342,False,,,,1,0,0,1
BASE,GSI-2629,2025-rising,2025,rising,EVENT_YEAR_RELATIVE,0.90,2025-09-05,0.46707689949276027,0.018582477882385342,False,,,,1,0,0,1
BASE,GSI-2630,2024-falling,2024,falling,EVENT_YEAR_RELATIVE,0.10,2024-05-21,0.029385849939644184,0.0033294133642096137,True,739012.356406752,2024-05-06,-14.643593248,16,1,0,15
BASE,GSI-2630,2024-falling,2024,falling,EVENT_YEAR_RELATIVE,0.20,2024-05-21,0.058771699879288368,0.0033294133642096137,True,739005.843252522,2024-04-29,-21.156747478,13,1,0,12
BASE,GSI-2630,2024-falling,2024,falling,EVENT_YEAR_RELATIVE,0.25,2024-05-21,0.073464624849110455,0.0033294133642096137,True,738997.959995448,2024-04-21,-29.040004552,11,1,0,10
BASE,GSI-2630,2024-falling,2024,falling,EVENT_YEAR_RELATIVE,0.30,2024-05-21,0.088157549818932548,0.0033294133642096137,True,738995.370374212,2024-04-19,-31.629625788,9,1,0,8
BASE,GSI-2630,2024-falling,2024,falling,EVENT_YEAR_RELATIVE,0.40,2024-05-21,0.11754339975857674,0.0033294133642096137,True,738985.543999192,2024-04-09,-41.456000808,6,1,0,5
BASE,GSI-2630,2024-falling,2024,falling,EVENT_YEAR_RELATIVE,0.50,2024-05-21,0.14692924969822091,0.0033294133642096137,True,738947.212052154,2024-03-02,-79.787947846,6,2,1,4
BASE,GSI-2630,2024-falling,2024,falling,EVENT_YEAR_RELATIVE,0.60,2024-05-21,0.1763150996378651,0.0033294133642096137,True,738942.176017643,2024-02-26,-84.823982357,6,2,1,4
BASE,GSI-2630,2024-falling,2024,falling,EVENT_YEAR_RELATIVE,0.70,2024-05-21,0.20570094957750926,0.0033294133642096137,True,738938.185206218,2024-02-22,-88.814793782,7,3,2,4
BASE,GSI-2630,2024-falling,2024,falling,EVENT_YEAR_RELATIVE,0.75,2024-05-21,0.22039387454733136,0.0033294133642096137,True,738972.159195216,2024-03-27,-54.840804784,5,1,0,4
BASE,GSI-2630,2024-falling,2024,falling,EVENT_YEAR_RELATIVE,0.80,2024-05-21,0.23508679951715347,0.0033294133642096137,True,738970.231965065,2024-03-25,-56.768034935,7,1,0,6
BASE,GSI-2630,2024-falling,2024,falling,EVENT_YEAR_RELATIVE,0.90,2024-05-21,0.26447264945679766,0.0033294133642096137,False,,,,6,0,0,6
BASE,GSI-2630,2024-rising,2024,rising,EVENT_YEAR_RELATIVE,0.10,2024-08-24,0.029385849939644184,0.01464394432107116,True,739131.133098261,2024-09-02,9.133098261,16,5,4,11
BASE,GSI-2630,2024-rising,2024,rising,EVENT_YEAR_RELATIVE,0.20,2024-08-24,0.058771699879288368,0.01464394432107116,False,,,,13,0,0,13
BASE,GSI-2630,2024-rising,2024,rising,EVENT_YEAR_RELATIVE,0.25,2024-08-24,0.073464624849110455,0.01464394432107116,False,,,,11,0,0,11
BASE,GSI-2630,2024-rising,2024,rising,EVENT_YEAR_RELATIVE,0.30,2024-08-24,0.088157549818932548,0.01464394432107116,False,,,,9,0,0,9
BASE,GSI-2630,2024-rising,2024,rising,EVENT_YEAR_RELATIVE,0.40,2024-08-24,0.11754339975857674,0.01464394432107116,False,,,,6,0,0,6
BASE,GSI-2630,2024-rising,2024,rising,EVENT_YEAR_RELATIVE,0.50,2024-08-24,0.14692924969822091,0.01464394432107116,False,,,,6,0,0,6
BASE,GSI-2630,2024-rising,2024,rising,EVENT_YEAR_RELATIVE,0.60,2024-08-24,0.1763150996378651,0.01464394432107116,False,,,,6,0,0,6
BASE,GSI-2630,2024-rising,2024,rising,EVENT_YEAR_RELATIVE,0.70,2024-08-24,0.20570094957750926,0.01464394432107116,False,,,,7,0,0,7
BASE,GSI-2630,2024-rising,2024,rising,EVENT_YEAR_RELATIVE,0.75,2024-08-24,0.22039387454733136,0.01464394432107116,False,,,,5,0,0,5
BASE,GSI-2630,2024-rising,2024,rising,EVENT_YEAR_RELATIVE,0.80,2024-08-24,0.23508679951715347,0.01464394432107116,False,,,,7,0,0,7
BASE,GSI-2630,2024-rising,2024,rising,EVENT_YEAR_RELATIVE,0.90,2024-08-24,0.26447264945679766,0.01464394432107116,False,,,,6,0,0,6
BASE,GSI-2630,2025-falling,2025,falling,EVENT_YEAR_RELATIVE,0.10,2025-05-01,0.048708185463345273,0.04412356601800288,True,739371.291966108,2025-04-30,-0.708033892,9,1,0,8
BASE,GSI-2630,2025-falling,2025,falling,EVENT_YEAR_RELATIVE,0.20,2025-05-01,0.097416370926690546,0.04412356601800288,True,739352.782125579,2025-04-11,-19.217874421,9,1,0,8
BASE,GSI-2630,2025-falling,2025,falling,EVENT_YEAR_RELATIVE,0.25,2025-05-01,0.12177046365836318,0.04412356601800288,True,739348.349130416,2025-04-07,-23.650869584,6,1,0,5
BASE,GSI-2630,2025-falling,2025,falling,EVENT_YEAR_RELATIVE,0.30,2025-05-01,0.1461245563900358,0.04412356601800288,True,739345.511834787,2025-04-04,-26.488165213,6,1,0,5
BASE,GSI-2630,2025-falling,2025,falling,EVENT_YEAR_RELATIVE,0.40,2025-05-01,0.19483274185338109,0.04412356601800288,True,739341.085181935,2025-03-31,-30.914818065,6,1,0,5
BASE,GSI-2630,2025-falling,2025,falling,EVENT_YEAR_RELATIVE,0.50,2025-05-01,0.24354092731672636,0.04412356601800288,True,739335.913970071,2025-03-25,-36.086029929,7,1,0,6
BASE,GSI-2630,2025-falling,2025,falling,EVENT_YEAR_RELATIVE,0.60,2025-05-01,0.2922491127800716,0.04412356601800288,True,739328.894728335,2025-03-18,-43.105271665,5,1,0,4
BASE,GSI-2630,2025-falling,2025,falling,EVENT_YEAR_RELATIVE,0.70,2025-05-01,0.34095729824341686,0.04412356601800288,True,739319.194342719,2025-03-09,-52.805657281,1,1,0,0
BASE,GSI-2630,2025-falling,2025,falling,EVENT_YEAR_RELATIVE,0.75,2025-05-01,0.36531139097508952,0.04412356601800288,True,739312.203334525,2025-03-02,-59.796665475,1,1,0,0
BASE,GSI-2630,2025-falling,2025,falling,EVENT_YEAR_RELATIVE,0.80,2025-05-01,0.38966548370676218,0.04412356601800288,True,739306.642754816,2025-02-24,-65.357245184,1,1,0,0
BASE,GSI-2630,2025-falling,2025,falling,EVENT_YEAR_RELATIVE,0.90,2025-05-01,0.43837366917010745,0.04412356601800288,True,739298.360556082,2025-02-16,-73.639443918,1,1,0,0
BASE,GSI-2630,2025-rising,2025,rising,EVENT_YEAR_RELATIVE,0.10,2025-09-05,0.048708185463345273,0.017440530714364511,True,739574.685607486,2025-11-19,75.685607486,9,2,1,7
BASE,GSI-2630,2025-rising,2025,rising,EVENT_YEAR_RELATIVE,0.20,2025-09-05,0.097416370926690546,0.017440530714364511,True,739614.758932799,2025-12-29,115.758932799,9,1,0,8
BASE,GSI-2630,2025-rising,2025,rising,EVENT_YEAR_RELATIVE,0.25,2025-09-05,0.12177046365836318,0.017440530714364511,False,,,,6,0,0,6
BASE,GSI-2630,2025-rising,2025,rising,EVENT_YEAR_RELATIVE,0.30,2025-09-05,0.1461245563900358,0.017440530714364511,False,,,,6,0,0,6
BASE,GSI-2630,2025-rising,2025,rising,EVENT_YEAR_RELATIVE,0.40,2025-09-05,0.19483274185338109,0.017440530714364511,False,,,,6,0,0,6
BASE,GSI-2630,2025-rising,2025,rising,EVENT_YEAR_RELATIVE,0.50,2025-09-05,0.24354092731672636,0.017440530714364511,False,,,,7,0,0,7
BASE,GSI-2630,2025-rising,2025,rising,EVENT_YEAR_RELATIVE,0.60,2025-09-05,0.2922491127800716,0.017440530714364511,False,,,,5,0,0,5
BASE,GSI-2630,2025-rising,2025,rising,EVENT_YEAR_RELATIVE,0.70,2025-09-05,0.34095729824341686,0.017440530714364511,False,,,,1,0,0,1
BASE,GSI-2630,2025-rising,2025,rising,EVENT_YEAR_RELATIVE,0.75,2025-09-05,0.36531139097508952,0.017440530714364511,False,,,,1,0,0,1
BASE,GSI-2630,2025-rising,2025,rising,EVENT_YEAR_RELATIVE,0.80,2025-09-05,0.38966548370676218,0.017440530714364511,False,,,,1,0,0,1
BASE,GSI-2630,2025-rising,2025,rising,EVENT_YEAR_RELATIVE,0.90,2025-09-05,0.43837366917010745,0.017440530714364511,False,,,,1,0,0,1
BASE,GSI-2631,2024-falling,2024,falling,EVENT_YEAR_RELATIVE,0.10,2024-05-21,0.02934227308546632,0.0033244761117235365,True,739012.356406752,2024-05-06,-14.643593248,16,1,0,15
BASE,GSI-2631,2024-falling,2024,falling,EVENT_YEAR_RELATIVE,0.20,2024-05-21,0.05868454617093264,0.0033244761117235365,True,739005.843252522,2024-04-29,-21.156747478,13,1,0,12
BASE,GSI-2631,2024-falling,2024,falling,EVENT_YEAR_RELATIVE,0.25,2024-05-21,0.073355682713665799,0.0033244761117235365,True,738997.959995448,2024-04-21,-29.040004552,11,1,0,10
BASE,GSI-2631,2024-falling,2024,falling,EVENT_YEAR_RELATIVE,0.30,2024-05-21,0.08802681925639895,0.0033244761117235365,True,738995.370374212,2024-04-19,-31.629625788,9,1,0,8
BASE,GSI-2631,2024-falling,2024,falling,EVENT_YEAR_RELATIVE,0.40,2024-05-21,0.11736909234186528,0.0033244761117235365,True,738985.543999192,2024-04-09,-41.456000808,6,1,0,5
BASE,GSI-2631,2024-falling,2024,falling,EVENT_YEAR_RELATIVE,0.50,2024-05-21,0.1467113654273316,0.0033244761117235365,True,738947.212052154,2024-03-02,-79.787947846,6,2,1,4
BASE,GSI-2631,2024-falling,2024,falling,EVENT_YEAR_RELATIVE,0.60,2024-05-21,0.1760536385127979,0.0033244761117235365,True,738942.176017643,2024-02-26,-84.823982357,6,2,1,4
BASE,GSI-2631,2024-falling,2024,falling,EVENT_YEAR_RELATIVE,0.70,2024-05-21,0.20539591159826423,0.0033244761117235365,True,738938.185206218,2024-02-22,-88.814793782,7,3,2,4
BASE,GSI-2631,2024-falling,2024,falling,EVENT_YEAR_RELATIVE,0.75,2024-05-21,0.2200670481409974,0.0033244761117235365,True,738972.159195216,2024-03-27,-54.840804784,5,1,0,4
BASE,GSI-2631,2024-falling,2024,falling,EVENT_YEAR_RELATIVE,0.80,2024-05-21,0.23473818468373056,0.0033244761117235365,True,738970.231965065,2024-03-25,-56.768034935,7,1,0,6
BASE,GSI-2631,2024-falling,2024,falling,EVENT_YEAR_RELATIVE,0.90,2024-05-21,0.26408045776919686,0.0033244761117235365,False,,,,6,0,0,6
BASE,GSI-2631,2024-rising,2024,rising,EVENT_YEAR_RELATIVE,0.10,2024-08-24,0.02934227308546632,0.014622228528348515,True,739131.133098261,2024-09-02,9.133098261,16,5,4,11
BASE,GSI-2631,2024-rising,2024,rising,EVENT_YEAR_RELATIVE,0.20,2024-08-24,0.05868454617093264,0.014622228528348515,False,,,,13,0,0,13
BASE,GSI-2631,2024-rising,2024,rising,EVENT_YEAR_RELATIVE,0.25,2024-08-24,0.073355682713665799,0.014622228528348515,False,,,,11,0,0,11
BASE,GSI-2631,2024-rising,2024,rising,EVENT_YEAR_RELATIVE,0.30,2024-08-24,0.08802681925639895,0.014622228528348515,False,,,,9,0,0,9
BASE,GSI-2631,2024-rising,2024,rising,EVENT_YEAR_RELATIVE,0.40,2024-08-24,0.11736909234186528,0.014622228528348515,False,,,,6,0,0,6
BASE,GSI-2631,2024-rising,2024,rising,EVENT_YEAR_RELATIVE,0.50,2024-08-24,0.1467113654273316,0.014622228528348515,False,,,,6,0,0,6
BASE,GSI-2631,2024-rising,2024,rising,EVENT_YEAR_RELATIVE,0.60,2024-08-24,0.1760536385127979,0.014622228528348515,False,,,,6,0,0,6
BASE,GSI-2631,2024-rising,2024,rising,EVENT_YEAR_RELATIVE,0.70,2024-08-24,0.20539591159826423,0.014622228528348515,False,,,,7,0,0,7
BASE,GSI-2631,2024-rising,2024,rising,EVENT_YEAR_RELATIVE,0.75,2024-08-24,0.2200670481409974,0.014622228528348515,False,,,,5,0,0,5
BASE,GSI-2631,2024-rising,2024,rising,EVENT_YEAR_RELATIVE,0.80,2024-08-24,0.23473818468373056,0.014622228528348515,False,,,,7,0,0,7
BASE,GSI-2631,2024-rising,2024,rising,EVENT_YEAR_RELATIVE,0.90,2024-08-24,0.26408045776919686,0.014622228528348515,False,,,,6,0,0,6
BASE,GSI-2631,2025-falling,2025,falling,EVENT_YEAR_RELATIVE,0.10,2025-05-01,0.048635955138220638,0.044058134315121289,True,739371.291966108,2025-04-30,-0.708033892,9,1,0,8
BASE,GSI-2631,2025-falling,2025,falling,EVENT_YEAR_RELATIVE,0.20,2025-05-01,0.097271910276441276,0.044058134315121289,True,739352.782125579,2025-04-11,-19.217874421,9,1,0,8
BASE,GSI-2631,2025-falling,2025,falling,EVENT_YEAR_RELATIVE,0.25,2025-05-01,0.12158988784555158,0.044058134315121289,True,739348.349130416,2025-04-07,-23.650869584,6,1,0,5
BASE,GSI-2631,2025-falling,2025,falling,EVENT_YEAR_RELATIVE,0.30,2025-05-01,0.14590786541466189,0.044058134315121289,True,739345.511834787,2025-04-04,-26.488165213,6,1,0,5
BASE,GSI-2631,2025-falling,2025,falling,EVENT_YEAR_RELATIVE,0.40,2025-05-01,0.19454382055288255,0.044058134315121289,True,739341.085181935,2025-03-31,-30.914818065,6,1,0,5
BASE,GSI-2631,2025-falling,2025,falling,EVENT_YEAR_RELATIVE,0.50,2025-05-01,0.24317977569110316,0.044058134315121289,True,739335.913970071,2025-03-25,-36.086029929,7,1,0,6
BASE,GSI-2631,2025-falling,2025,falling,EVENT_YEAR_RELATIVE,0.60,2025-05-01,0.29181573082932377,0.044058134315121289,True,739328.894728335,2025-03-18,-43.105271665,5,1,0,4
BASE,GSI-2631,2025-falling,2025,falling,EVENT_YEAR_RELATIVE,0.70,2025-05-01,0.34045168596754438,0.044058134315121289,True,739319.194342719,2025-03-09,-52.805657281,1,1,0,0
BASE,GSI-2631,2025-falling,2025,falling,EVENT_YEAR_RELATIVE,0.75,2025-05-01,0.36476966353665474,0.044058134315121289,True,739312.203334525,2025-03-02,-59.796665475,1,1,0,0
BASE,GSI-2631,2025-falling,2025,falling,EVENT_YEAR_RELATIVE,0.80,2025-05-01,0.3890876411057651,0.044058134315121289,True,739306.642754816,2025-02-24,-65.357245184,1,1,0,0
BASE,GSI-2631,2025-falling,2025,falling,EVENT_YEAR_RELATIVE,0.90,2025-05-01,0.43772359624398571,0.044058134315121289,True,739298.360556082,2025-02-16,-73.639443918,1,1,0,0
BASE,GSI-2631,2025-rising,2025,rising,EVENT_YEAR_RELATIVE,0.10,2025-09-05,0.048635955138220638,0.017414667808738661,True,739574.685607486,2025-11-19,75.685607486,9,2,1,7
BASE,GSI-2631,2025-rising,2025,rising,EVENT_YEAR_RELATIVE,0.20,2025-09-05,0.097271910276441276,0.017414667808738661,True,739614.758932799,2025-12-29,115.758932799,9,1,0,8
BASE,GSI-2631,2025-rising,2025,rising,EVENT_YEAR_RELATIVE,0.25,2025-09-05,0.12158988784555158,0.017414667808738661,False,,,,6,0,0,6
BASE,GSI-2631,2025-rising,2025,rising,EVENT_YEAR_RELATIVE,0.30,2025-09-05,0.14590786541466189,0.017414667808738661,False,,,,6,0,0,6
BASE,GSI-2631,2025-rising,2025,rising,EVENT_YEAR_RELATIVE,0.40,2025-09-05,0.19454382055288255,0.017414667808738661,False,,,,6,0,0,6
BASE,GSI-2631,2025-rising,2025,rising,EVENT_YEAR_RELATIVE,0.50,2025-09-05,0.24317977569110316,0.017414667808738661,False,,,,7,0,0,7
BASE,GSI-2631,2025-rising,2025,rising,EVENT_YEAR_RELATIVE,0.60,2025-09-05,0.29181573082932377,0.017414667808738661,False,,,,5,0,0,5
BASE,GSI-2631,2025-rising,2025,rising,EVENT_YEAR_RELATIVE,0.70,2025-09-05,0.34045168596754438,0.017414667808738661,False,,,,1,0,0,1
BASE,GSI-2631,2025-rising,2025,rising,EVENT_YEAR_RELATIVE,0.75,2025-09-05,0.36476966353665474,0.017414667808738661,False,,,,1,0,0,1
BASE,GSI-2631,2025-rising,2025,rising,EVENT_YEAR_RELATIVE,0.80,2025-09-05,0.3890876411057651,0.017414667808738661,False,,,,1,0,0,1
BASE,GSI-2631,2025-rising,2025,rising,EVENT_YEAR_RELATIVE,0.90,2025-09-05,0.43772359624398571,0.017414667808738661,False,,,,1,0,0,1
BASE,GSI-2634,2024-falling,2024,falling,EVENT_YEAR_RELATIVE,0.10,2024-05-21,0.029662544392501478,0,True,739002.195415186,2024-04-26,-24.804584814,13,1,0,12
BASE,GSI-2634,2024-falling,2024,falling,EVENT_YEAR_RELATIVE,0.20,2024-05-21,0.059325088785002957,0,True,738991.575131772,2024-04-15,-35.424868228,14,1,0,13
BASE,GSI-2634,2024-falling,2024,falling,EVENT_YEAR_RELATIVE,0.25,2024-05-21,0.074156360981253694,0,True,738988.058891010,2024-04-12,-38.941108990,9,1,0,8
BASE,GSI-2634,2024-falling,2024,falling,EVENT_YEAR_RELATIVE,0.30,2024-05-21,0.088987633177504424,0,True,738985.291925251,2024-04-09,-41.708074749,9,1,0,8
BASE,GSI-2634,2024-falling,2024,falling,EVENT_YEAR_RELATIVE,0.40,2024-05-21,0.11865017757000591,0,True,738980.661505980,2024-04-04,-46.338494020,6,1,0,5
BASE,GSI-2634,2024-falling,2024,falling,EVENT_YEAR_RELATIVE,0.50,2024-05-21,0.14831272196250739,0,True,738944.664576350,2024-02-28,-82.335423650,6,2,1,4
BASE,GSI-2634,2024-falling,2024,falling,EVENT_YEAR_RELATIVE,0.60,2024-05-21,0.17797526635500885,0,True,738941.773209933,2024-02-25,-85.226790067,6,2,1,4
BASE,GSI-2634,2024-falling,2024,falling,EVENT_YEAR_RELATIVE,0.70,2024-05-21,0.20763781074751034,0,False,,,,4,0,0,4
BASE,GSI-2634,2024-falling,2024,falling,EVENT_YEAR_RELATIVE,0.75,2024-05-21,0.22246908294376108,0,False,,,,5,0,0,5
BASE,GSI-2634,2024-falling,2024,falling,EVENT_YEAR_RELATIVE,0.80,2024-05-21,0.23730035514001183,0,False,,,,6,0,0,6
BASE,GSI-2634,2024-falling,2024,falling,EVENT_YEAR_RELATIVE,0.90,2024-05-21,0.26696289953251329,0,False,,,,5,0,0,5
BASE,GSI-2634,2024-rising,2024,rising,EVENT_YEAR_RELATIVE,0.10,2024-08-24,0.029662544392501478,0.0028341209513727894,True,739162.149779207,2024-10-03,40.149779207,13,3,2,10
BASE,GSI-2634,2024-rising,2024,rising,EVENT_YEAR_RELATIVE,0.20,2024-08-24,0.059325088785002957,0.0028341209513727894,False,,,,14,0,0,14
BASE,GSI-2634,2024-rising,2024,rising,EVENT_YEAR_RELATIVE,0.25,2024-08-24,0.074156360981253694,0.0028341209513727894,False,,,,9,0,0,9
BASE,GSI-2634,2024-rising,2024,rising,EVENT_YEAR_RELATIVE,0.30,2024-08-24,0.088987633177504424,0.0028341209513727894,False,,,,9,0,0,9
BASE,GSI-2634,2024-rising,2024,rising,EVENT_YEAR_RELATIVE,0.40,2024-08-24,0.11865017757000591,0.0028341209513727894,False,,,,6,0,0,6
BASE,GSI-2634,2024-rising,2024,rising,EVENT_YEAR_RELATIVE,0.50,2024-08-24,0.14831272196250739,0.0028341209513727894,False,,,,6,0,0,6
BASE,GSI-2634,2024-rising,2024,rising,EVENT_YEAR_RELATIVE,0.60,2024-08-24,0.17797526635500885,0.0028341209513727894,False,,,,6,0,0,6
BASE,GSI-2634,2024-rising,2024,rising,EVENT_YEAR_RELATIVE,0.70,2024-08-24,0.20763781074751034,0.0028341209513727894,False,,,,4,0,0,4
BASE,GSI-2634,2024-rising,2024,rising,EVENT_YEAR_RELATIVE,0.75,2024-08-24,0.22246908294376108,0.0028341209513727894,False,,,,5,0,0,5
BASE,GSI-2634,2024-rising,2024,rising,EVENT_YEAR_RELATIVE,0.80,2024-08-24,0.23730035514001183,0.0028341209513727894,False,,,,6,0,0,6
BASE,GSI-2634,2024-rising,2024,rising,EVENT_YEAR_RELATIVE,0.90,2024-08-24,0.26696289953251329,0.0028341209513727894,False,,,,5,0,0,5
BASE,GSI-2634,2025-falling,2025,falling,EVENT_YEAR_RELATIVE,0.10,2025-05-01,0.04808109709264715,0.01472549643096927,True,739356.233780639,2025-04-15,-15.766219361,9,1,0,8
BASE,GSI-2634,2025-falling,2025,falling,EVENT_YEAR_RELATIVE,0.20,2025-05-01,0.0961621941852943,0.01472549643096927,True,739348.285348970,2025-04-07,-23.714651030,9,1,0,8
BASE,GSI-2634,2025-falling,2025,falling,EVENT_YEAR_RELATIVE,0.25,2025-05-01,0.12020274273161786,0.01472549643096927,True,739345.374726102,2025-04-04,-26.625273898,6,1,0,5
BASE,GSI-2634,2025-falling,2025,falling,EVENT_YEAR_RELATIVE,0.30,2025-05-01,0.14424329127794144,0.01472549643096927,True,739342.676422938,2025-04-01,-29.323577062,6,1,0,5
BASE,GSI-2634,2025-falling,2025,falling,EVENT_YEAR_RELATIVE,0.40,2025-05-01,0.1923243883705886,0.01472549643096927,True,739337.813069067,2025-03-27,-34.186930933,6,1,0,5
BASE,GSI-2634,2025-falling,2025,falling,EVENT_YEAR_RELATIVE,0.50,2025-05-01,0.24040548546323573,0.01472549643096927,True,739331.994745829,2025-03-21,-40.005254171,6,1,0,5
BASE,GSI-2634,2025-falling,2025,falling,EVENT_YEAR_RELATIVE,0.60,2025-05-01,0.28848658255588289,0.01472549643096927,True,739325.278413438,2025-03-15,-46.721586562,4,1,0,3
BASE,GSI-2634,2025-falling,2025,falling,EVENT_YEAR_RELATIVE,0.70,2025-05-01,0.33656767964853002,0.01472549643096927,True,739313.981096334,2025-03-03,-58.018903666,1,1,0,0
BASE,GSI-2634,2025-falling,2025,falling,EVENT_YEAR_RELATIVE,0.75,2025-05-01,0.36060822819485361,0.01472549643096927,True,739309.424303036,2025-02-27,-62.575696964,1,1,0,0
BASE,GSI-2634,2025-falling,2025,falling,EVENT_YEAR_RELATIVE,0.80,2025-05-01,0.3846487767411772,0.01472549643096927,True,739304.855084166,2025-02-22,-67.144915834,1,1,0,0
BASE,GSI-2634,2025-falling,2025,falling,EVENT_YEAR_RELATIVE,0.90,2025-05-01,0.43272987383382433,0.01472549643096927,True,739297.849105838,2025-02-15,-74.150894162,1,1,0,0
BASE,GSI-2634,2025-rising,2025,rising,EVENT_YEAR_RELATIVE,0.10,2025-09-05,0.04808109709264715,0.0058266156290275317,True,739574.637631458,2025-11-19,75.637631458,9,2,1,7
BASE,GSI-2634,2025-rising,2025,rising,EVENT_YEAR_RELATIVE,0.20,2025-09-05,0.0961621941852943,0.0058266156290275317,True,739614.431648178,2025-12-29,115.431648178,9,1,0,8
BASE,GSI-2634,2025-rising,2025,rising,EVENT_YEAR_RELATIVE,0.25,2025-09-05,0.12020274273161786,0.0058266156290275317,False,,,,6,0,0,6
BASE,GSI-2634,2025-rising,2025,rising,EVENT_YEAR_RELATIVE,0.30,2025-09-05,0.14424329127794144,0.0058266156290275317,False,,,,6,0,0,6
BASE,GSI-2634,2025-rising,2025,rising,EVENT_YEAR_RELATIVE,0.40,2025-09-05,0.1923243883705886,0.0058266156290275317,False,,,,6,0,0,6
BASE,GSI-2634,2025-rising,2025,rising,EVENT_YEAR_RELATIVE,0.50,2025-09-05,0.24040548546323573,0.0058266156290275317,False,,,,6,0,0,6
BASE,GSI-2634,2025-rising,2025,rising,EVENT_YEAR_RELATIVE,0.60,2025-09-05,0.28848658255588289,0.0058266156290275317,False,,,,4,0,0,4
BASE,GSI-2634,2025-rising,2025,rising,EVENT_YEAR_RELATIVE,0.70,2025-09-05,0.33656767964853002,0.0058266156290275317,False,,,,1,0,0,1
BASE,GSI-2634,2025-rising,2025,rising,EVENT_YEAR_RELATIVE,0.75,2025-09-05,0.36060822819485361,0.0058266156290275317,False,,,,1,0,0,1
BASE,GSI-2634,2025-rising,2025,rising,EVENT_YEAR_RELATIVE,0.80,2025-09-05,0.3846487767411772,0.0058266156290275317,False,,,,1,0,0,1
BASE,GSI-2634,2025-rising,2025,rising,EVENT_YEAR_RELATIVE,0.90,2025-09-05,0.43272987383382433,0.0058266156290275317,False,,,,1,0,0,1
BASE,GSI-2635,2024-falling,2024,falling,EVENT_YEAR_RELATIVE,0.10,2024-05-21,0.027703082687507447,0,True,739002.195415186,2024-04-26,-24.804584814,13,1,0,12
BASE,GSI-2635,2024-falling,2024,falling,EVENT_YEAR_RELATIVE,0.20,2024-05-21,0.055406165375014894,0,True,738991.575131772,2024-04-15,-35.424868228,14,1,0,13
BASE,GSI-2635,2024-falling,2024,falling,EVENT_YEAR_RELATIVE,0.25,2024-05-21,0.069257706718768616,0,True,738988.058891010,2024-04-12,-38.941108990,9,1,0,8
BASE,GSI-2635,2024-falling,2024,falling,EVENT_YEAR_RELATIVE,0.30,2024-05-21,0.083109248062522331,0,True,738985.291925251,2024-04-09,-41.708074749,9,1,0,8
BASE,GSI-2635,2024-falling,2024,falling,EVENT_YEAR_RELATIVE,0.40,2024-05-21,0.11081233075002979,0,True,738980.661505980,2024-04-04,-46.338494020,6,1,0,5
BASE,GSI-2635,2024-falling,2024,falling,EVENT_YEAR_RELATIVE,0.50,2024-05-21,0.13851541343753723,0,True,738944.664576350,2024-02-28,-82.335423650,6,2,1,4
BASE,GSI-2635,2024-falling,2024,falling,EVENT_YEAR_RELATIVE,0.60,2024-05-21,0.16621849612504466,0,True,738941.773209933,2024-02-25,-85.226790067,6,2,1,4
BASE,GSI-2635,2024-falling,2024,falling,EVENT_YEAR_RELATIVE,0.70,2024-05-21,0.19392157881255212,0,False,,,,4,0,0,4
BASE,GSI-2635,2024-falling,2024,falling,EVENT_YEAR_RELATIVE,0.75,2024-05-21,0.20777312015630583,0,False,,,,5,0,0,5
BASE,GSI-2635,2024-falling,2024,falling,EVENT_YEAR_RELATIVE,0.80,2024-05-21,0.22162466150005958,0,False,,,,6,0,0,6
BASE,GSI-2635,2024-falling,2024,falling,EVENT_YEAR_RELATIVE,0.90,2024-05-21,0.24932774418756704,0,False,,,,5,0,0,5
BASE,GSI-2635,2024-rising,2024,rising,EVENT_YEAR_RELATIVE,0.10,2024-08-24,0.027703082687507447,0.002646903314272849,True,739162.149779207,2024-10-03,40.149779207,13,3,2,10
BASE,GSI-2635,2024-rising,2024,rising,EVENT_YEAR_RELATIVE,0.20,2024-08-24,0.055406165375014894,0.002646903314272849,False,,,,14,0,0,14
BASE,GSI-2635,2024-rising,2024,rising,EVENT_YEAR_RELATIVE,0.25,2024-08-24,0.069257706718768616,0.002646903314272849,False,,,,9,0,0,9
BASE,GSI-2635,2024-rising,2024,rising,EVENT_YEAR_RELATIVE,0.30,2024-08-24,0.083109248062522331,0.002646903314272849,False,,,,9,0,0,9
BASE,GSI-2635,2024-rising,2024,rising,EVENT_YEAR_RELATIVE,0.40,2024-08-24,0.11081233075002979,0.002646903314272849,False,,,,6,0,0,6
BASE,GSI-2635,2024-rising,2024,rising,EVENT_YEAR_RELATIVE,0.50,2024-08-24,0.13851541343753723,0.002646903314272849,False,,,,6,0,0,6
BASE,GSI-2635,2024-rising,2024,rising,EVENT_YEAR_RELATIVE,0.60,2024-08-24,0.16621849612504466,0.002646903314272849,False,,,,6,0,0,6
BASE,GSI-2635,2024-rising,2024,rising,EVENT_YEAR_RELATIVE,0.70,2024-08-24,0.19392157881255212,0.002646903314272849,False,,,,4,0,0,4
BASE,GSI-2635,2024-rising,2024,rising,EVENT_YEAR_RELATIVE,0.75,2024-08-24,0.20777312015630583,0.002646903314272849,False,,,,5,0,0,5
BASE,GSI-2635,2024-rising,2024,rising,EVENT_YEAR_RELATIVE,0.80,2024-08-24,0.22162466150005958,0.002646903314272849,False,,,,6,0,0,6
BASE,GSI-2635,2024-rising,2024,rising,EVENT_YEAR_RELATIVE,0.90,2024-08-24,0.24932774418756704,0.002646903314272849,False,,,,5,0,0,5
BASE,GSI-2635,2025-falling,2025,falling,EVENT_YEAR_RELATIVE,0.10,2025-05-01,0.044904934345429873,0.013752752961572065,True,739356.233780639,2025-04-15,-15.766219361,9,1,0,8
BASE,GSI-2635,2025-falling,2025,falling,EVENT_YEAR_RELATIVE,0.20,2025-05-01,0.089809868690859745,0.013752752961572065,True,739348.285348970,2025-04-07,-23.714651030,9,1,0,8
BASE,GSI-2635,2025-falling,2025,falling,EVENT_YEAR_RELATIVE,0.25,2025-05-01,0.11226233586357467,0.013752752961572065,True,739345.374726102,2025-04-04,-26.625273898,6,1,0,5
BASE,GSI-2635,2025-falling,2025,falling,EVENT_YEAR_RELATIVE,0.30,2025-05-01,0.1347148030362896,0.013752752961572065,True,739342.676422938,2025-04-01,-29.323577062,6,1,0,5
BASE,GSI-2635,2025-falling,2025,falling,EVENT_YEAR_RELATIVE,0.40,2025-05-01,0.17961973738171949,0.013752752961572065,True,739337.813069067,2025-03-27,-34.186930933,6,1,0,5
BASE,GSI-2635,2025-falling,2025,falling,EVENT_YEAR_RELATIVE,0.50,2025-05-01,0.22452467172714935,0.013752752961572065,True,739331.994745829,2025-03-21,-40.005254171,6,1,0,5
BASE,GSI-2635,2025-falling,2025,falling,EVENT_YEAR_RELATIVE,0.60,2025-05-01,0.26942960607257921,0.013752752961572065,True,739325.278413438,2025-03-15,-46.721586562,4,1,0,3
BASE,GSI-2635,2025-falling,2025,falling,EVENT_YEAR_RELATIVE,0.70,2025-05-01,0.31433454041800907,0.013752752961572065,True,739313.981096334,2025-03-03,-58.018903666,1,1,0,0
BASE,GSI-2635,2025-falling,2025,falling,EVENT_YEAR_RELATIVE,0.75,2025-05-01,0.336787007590724,0.013752752961572065,True,739309.424303036,2025-02-27,-62.575696964,1,1,0,0
BASE,GSI-2635,2025-falling,2025,falling,EVENT_YEAR_RELATIVE,0.80,2025-05-01,0.35923947476343898,0.013752752961572065,True,739304.855084166,2025-02-22,-67.144915834,1,1,0,0
BASE,GSI-2635,2025-falling,2025,falling,EVENT_YEAR_RELATIVE,0.90,2025-05-01,0.40414440910886884,0.013752752961572065,True,739297.849105838,2025-02-15,-74.150894162,1,1,0,0
BASE,GSI-2635,2025-rising,2025,rising,EVENT_YEAR_RELATIVE,0.10,2025-09-05,0.044904934345429873,0.0054417184319521085,True,739574.637631458,2025-11-19,75.637631458,9,2,1,7
BASE,GSI-2635,2025-rising,2025,rising,EVENT_YEAR_RELATIVE,0.20,2025-09-05,0.089809868690859745,0.0054417184319521085,True,739614.431648178,2025-12-29,115.431648178,9,1,0,8
BASE,GSI-2635,2025-rising,2025,rising,EVENT_YEAR_RELATIVE,0.25,2025-09-05,0.11226233586357467,0.0054417184319521085,False,,,,6,0,0,6
BASE,GSI-2635,2025-rising,2025,rising,EVENT_YEAR_RELATIVE,0.30,2025-09-05,0.1347148030362896,0.0054417184319521085,False,,,,6,0,0,6
BASE,GSI-2635,2025-rising,2025,rising,EVENT_YEAR_RELATIVE,0.40,2025-09-05,0.17961973738171949,0.0054417184319521085,False,,,,6,0,0,6
BASE,GSI-2635,2025-rising,2025,rising,EVENT_YEAR_RELATIVE,0.50,2025-09-05,0.22452467172714935,0.0054417184319521085,False,,,,6,0,0,6
BASE,GSI-2635,2025-rising,2025,rising,EVENT_YEAR_RELATIVE,0.60,2025-09-05,0.26942960607257921,0.0054417184319521085,False,,,,4,0,0,4
BASE,GSI-2635,2025-rising,2025,rising,EVENT_YEAR_RELATIVE,0.70,2025-09-05,0.31433454041800907,0.0054417184319521085,False,,,,1,0,0,1
BASE,GSI-2635,2025-rising,2025,rising,EVENT_YEAR_RELATIVE,0.75,2025-09-05,0.336787007590724,0.0054417184319521085,False,,,,1,0,0,1
BASE,GSI-2635,2025-rising,2025,rising,EVENT_YEAR_RELATIVE,0.80,2025-09-05,0.35923947476343898,0.0054417184319521085,False,,,,1,0,0,1
BASE,GSI-2635,2025-rising,2025,rising,EVENT_YEAR_RELATIVE,0.90,2025-09-05,0.40414440910886884,0.0054417184319521085,False,,,,1,0,0,1
BASE,GSI-2636,2024-falling,2024,falling,EVENT_YEAR_RELATIVE,0.10,2024-05-21,0.027658927325925804,0,True,739002.195415186,2024-04-26,-24.804584814,13,1,0,12
BASE,GSI-2636,2024-falling,2024,falling,EVENT_YEAR_RELATIVE,0.20,2024-05-21,0.055317854651851607,0,True,738991.575131772,2024-04-15,-35.424868228,14,1,0,13
BASE,GSI-2636,2024-falling,2024,falling,EVENT_YEAR_RELATIVE,0.25,2024-05-21,0.069147318314814507,0,True,738988.058891010,2024-04-12,-38.941108990,9,1,0,8
BASE,GSI-2636,2024-falling,2024,falling,EVENT_YEAR_RELATIVE,0.30,2024-05-21,0.0829767819777774,0,True,738985.291925251,2024-04-09,-41.708074749,9,1,0,8
BASE,GSI-2636,2024-falling,2024,falling,EVENT_YEAR_RELATIVE,0.40,2024-05-21,0.11063570930370321,0,True,738980.661505980,2024-04-04,-46.338494020,6,1,0,5
BASE,GSI-2636,2024-falling,2024,falling,EVENT_YEAR_RELATIVE,0.50,2024-05-21,0.13829463662962901,0,True,738944.664576350,2024-02-28,-82.335423650,6,2,1,4
BASE,GSI-2636,2024-falling,2024,falling,EVENT_YEAR_RELATIVE,0.60,2024-05-21,0.1659535639555548,0,True,738941.773209933,2024-02-25,-85.226790067,6,2,1,4
BASE,GSI-2636,2024-falling,2024,falling,EVENT_YEAR_RELATIVE,0.70,2024-05-21,0.19361249128148061,0,False,,,,4,0,0,4
BASE,GSI-2636,2024-falling,2024,falling,EVENT_YEAR_RELATIVE,0.75,2024-05-21,0.20744195494444351,0,False,,,,5,0,0,5
BASE,GSI-2636,2024-falling,2024,falling,EVENT_YEAR_RELATIVE,0.80,2024-05-21,0.22127141860740643,0,False,,,,6,0,0,6
BASE,GSI-2636,2024-falling,2024,falling,EVENT_YEAR_RELATIVE,0.90,2024-05-21,0.24893034593333224,0,False,,,,5,0,0,5
BASE,GSI-2636,2024-rising,2024,rising,EVENT_YEAR_RELATIVE,0.10,2024-08-24,0.027658927325925804,0.0026426844706794587,True,739162.149779207,2024-10-03,40.149779207,13,3,2,10
BASE,GSI-2636,2024-rising,2024,rising,EVENT_YEAR_RELATIVE,0.20,2024-08-24,0.055317854651851607,0.0026426844706794587,False,,,,14,0,0,14
BASE,GSI-2636,2024-rising,2024,rising,EVENT_YEAR_RELATIVE,0.25,2024-08-24,0.069147318314814507,0.0026426844706794587,False,,,,9,0,0,9
BASE,GSI-2636,2024-rising,2024,rising,EVENT_YEAR_RELATIVE,0.30,2024-08-24,0.0829767819777774,0.0026426844706794587,False,,,,9,0,0,9
BASE,GSI-2636,2024-rising,2024,rising,EVENT_YEAR_RELATIVE,0.40,2024-08-24,0.11063570930370321,0.0026426844706794587,False,,,,6,0,0,6
BASE,GSI-2636,2024-rising,2024,rising,EVENT_YEAR_RELATIVE,0.50,2024-08-24,0.13829463662962901,0.0026426844706794587,False,,,,6,0,0,6
BASE,GSI-2636,2024-rising,2024,rising,EVENT_YEAR_RELATIVE,0.60,2024-08-24,0.1659535639555548,0.0026426844706794587,False,,,,6,0,0,6
BASE,GSI-2636,2024-rising,2024,rising,EVENT_YEAR_RELATIVE,0.70,2024-08-24,0.19361249128148061,0.0026426844706794587,False,,,,4,0,0,4
BASE,GSI-2636,2024-rising,2024,rising,EVENT_YEAR_RELATIVE,0.75,2024-08-24,0.20744195494444351,0.0026426844706794587,False,,,,5,0,0,5
BASE,GSI-2636,2024-rising,2024,rising,EVENT_YEAR_RELATIVE,0.80,2024-08-24,0.22127141860740643,0.0026426844706794587,False,,,,6,0,0,6
BASE,GSI-2636,2024-rising,2024,rising,EVENT_YEAR_RELATIVE,0.90,2024-08-24,0.24893034593333224,0.0026426844706794587,False,,,,5,0,0,5
BASE,GSI-2636,2025-falling,2025,falling,EVENT_YEAR_RELATIVE,0.10,2025-05-01,0.044833361313822227,0.013730832737508516,True,739356.233780639,2025-04-15,-15.766219361,9,1,0,8
BASE,GSI-2636,2025-falling,2025,falling,EVENT_YEAR_RELATIVE,0.20,2025-05-01,0.089666722627644455,0.013730832737508516,True,739348.285348970,2025-04-07,-23.714651030,9,1,0,8
BASE,GSI-2636,2025-falling,2025,falling,EVENT_YEAR_RELATIVE,0.25,2025-05-01,0.11208340328455556,0.013730832737508516,True,739345.374726102,2025-04-04,-26.625273898,6,1,0,5
BASE,GSI-2636,2025-falling,2025,falling,EVENT_YEAR_RELATIVE,0.30,2025-05-01,0.13450008394146667,0.013730832737508516,True,739342.676422938,2025-04-01,-29.323577062,6,1,0,5
BASE,GSI-2636,2025-falling,2025,falling,EVENT_YEAR_RELATIVE,0.40,2025-05-01,0.17933344525528891,0.013730832737508516,True,739337.813069067,2025-03-27,-34.186930933,6,1,0,5
BASE,GSI-2636,2025-falling,2025,falling,EVENT_YEAR_RELATIVE,0.50,2025-05-01,0.22416680656911112,0.013730832737508516,True,739331.994745829,2025-03-21,-40.005254171,6,1,0,5
BASE,GSI-2636,2025-falling,2025,falling,EVENT_YEAR_RELATIVE,0.60,2025-05-01,0.26900016788293335,0.013730832737508516,True,739325.278413438,2025-03-15,-46.721586562,4,1,0,3
BASE,GSI-2636,2025-falling,2025,falling,EVENT_YEAR_RELATIVE,0.70,2025-05-01,0.31383352919675556,0.013730832737508516,True,739313.981096334,2025-03-03,-58.018903666,1,1,0,0
BASE,GSI-2636,2025-falling,2025,falling,EVENT_YEAR_RELATIVE,0.75,2025-05-01,0.33625020985366666,0.013730832737508516,True,739309.424303036,2025-02-27,-62.575696964,1,1,0,0
BASE,GSI-2636,2025-falling,2025,falling,EVENT_YEAR_RELATIVE,0.80,2025-05-01,0.35866689051057782,0.013730832737508516,True,739304.855084166,2025-02-22,-67.144915834,1,1,0,0
BASE,GSI-2636,2025-falling,2025,falling,EVENT_YEAR_RELATIVE,0.90,2025-05-01,0.40350025182440002,0.013730832737508516,True,739297.849105838,2025-02-15,-74.150894162,1,1,0,0
BASE,GSI-2636,2025-rising,2025,rising,EVENT_YEAR_RELATIVE,0.10,2025-09-05,0.044833361313822227,0.0054330449912488232,True,739574.637631458,2025-11-19,75.637631458,9,2,1,7
BASE,GSI-2636,2025-rising,2025,rising,EVENT_YEAR_RELATIVE,0.20,2025-09-05,0.089666722627644455,0.0054330449912488232,True,739614.431648178,2025-12-29,115.431648178,9,1,0,8
BASE,GSI-2636,2025-rising,2025,rising,EVENT_YEAR_RELATIVE,0.25,2025-09-05,0.11208340328455556,0.0054330449912488232,False,,,,6,0,0,6
BASE,GSI-2636,2025-rising,2025,rising,EVENT_YEAR_RELATIVE,0.30,2025-09-05,0.13450008394146667,0.0054330449912488232,False,,,,6,0,0,6
BASE,GSI-2636,2025-rising,2025,rising,EVENT_YEAR_RELATIVE,0.40,2025-09-05,0.17933344525528891,0.0054330449912488232,False,,,,6,0,0,6
BASE,GSI-2636,2025-rising,2025,rising,EVENT_YEAR_RELATIVE,0.50,2025-09-05,0.22416680656911112,0.0054330449912488232,False,,,,6,0,0,6
BASE,GSI-2636,2025-rising,2025,rising,EVENT_YEAR_RELATIVE,0.60,2025-09-05,0.26900016788293335,0.0054330449912488232,False,,,,4,0,0,4
BASE,GSI-2636,2025-rising,2025,rising,EVENT_YEAR_RELATIVE,0.70,2025-09-05,0.31383352919675556,0.0054330449912488232,False,,,,1,0,0,1
BASE,GSI-2636,2025-rising,2025,rising,EVENT_YEAR_RELATIVE,0.75,2025-09-05,0.33625020985366666,0.0054330449912488232,False,,,,1,0,0,1
BASE,GSI-2636,2025-rising,2025,rising,EVENT_YEAR_RELATIVE,0.80,2025-09-05,0.35866689051057782,0.0054330449912488232,False,,,,1,0,0,1
BASE,GSI-2636,2025-rising,2025,rising,EVENT_YEAR_RELATIVE,0.90,2025-09-05,0.40350025182440002,0.0054330449912488232,False,,,,1,0,0,1
BASE,GSI-2638,2024-falling,2024,falling,EVENT_YEAR_RELATIVE,0.10,2024-05-21,0.01884954014597752,0,True,738950.949840491,2024-03-05,-76.050159509,9,1,0,8
BASE,GSI-2638,2024-falling,2024,falling,EVENT_YEAR_RELATIVE,0.20,2024-05-21,0.037699080291955039,0,True,738944.372990225,2024-02-28,-82.627009775,10,1,0,9
BASE,GSI-2638,2024-falling,2024,falling,EVENT_YEAR_RELATIVE,0.25,2024-05-21,0.047123850364943799,0,True,738943.001655014,2024-02-27,-83.998344986,9,1,0,8
BASE,GSI-2638,2024-falling,2024,falling,EVENT_YEAR_RELATIVE,0.30,2024-05-21,0.056548620437932559,0,True,738926.273670337,2024-02-10,-100.726329663,7,2,1,5
BASE,GSI-2638,2024-falling,2024,falling,EVENT_YEAR_RELATIVE,0.40,2024-05-21,0.075398160583910079,0,False,,,,4,0,0,4
BASE,GSI-2638,2024-falling,2024,falling,EVENT_YEAR_RELATIVE,0.50,2024-05-21,0.094247700729887599,0,False,,,,3,0,0,3
BASE,GSI-2638,2024-falling,2024,falling,EVENT_YEAR_RELATIVE,0.60,2024-05-21,0.11309724087586512,0,False,,,,4,0,0,4
BASE,GSI-2638,2024-falling,2024,falling,EVENT_YEAR_RELATIVE,0.70,2024-05-21,0.13194678102184262,0,False,,,,4,0,0,4
BASE,GSI-2638,2024-falling,2024,falling,EVENT_YEAR_RELATIVE,0.75,2024-05-21,0.1413715510948314,0,False,,,,5,0,0,5
BASE,GSI-2638,2024-falling,2024,falling,EVENT_YEAR_RELATIVE,0.80,2024-05-21,0.15079632116782016,0,False,,,,4,0,0,4
BASE,GSI-2638,2024-falling,2024,falling,EVENT_YEAR_RELATIVE,0.90,2024-05-21,0.16964586131379769,0,False,,,,3,0,0,3
BASE,GSI-2638,2024-rising,2024,rising,EVENT_YEAR_RELATIVE,0.10,2024-08-24,0.01884954014597752,0,True,739220.720934602,2024-11-30,98.720934602,9,1,0,8
BASE,GSI-2638,2024-rising,2024,rising,EVENT_YEAR_RELATIVE,0.20,2024-08-24,0.037699080291955039,0,False,,,,10,0,0,10
BASE,GSI-2638,2024-rising,2024,rising,EVENT_YEAR_RELATIVE,0.25,2024-08-24,0.047123850364943799,0,False,,,,9,0,0,9
BASE,GSI-2638,2024-rising,2024,rising,EVENT_YEAR_RELATIVE,0.30,2024-08-24,0.056548620437932559,0,False,,,,7,0,0,7
BASE,GSI-2638,2024-rising,2024,rising,EVENT_YEAR_RELATIVE,0.40,2024-08-24,0.075398160583910079,0,False,,,,4,0,0,4
BASE,GSI-2638,2024-rising,2024,rising,EVENT_YEAR_RELATIVE,0.50,2024-08-24,0.094247700729887599,0,False,,,,3,0,0,3
BASE,GSI-2638,2024-rising,2024,rising,EVENT_YEAR_RELATIVE,0.60,2024-08-24,0.11309724087586512,0,False,,,,4,0,0,4
BASE,GSI-2638,2024-rising,2024,rising,EVENT_YEAR_RELATIVE,0.70,2024-08-24,0.13194678102184262,0,False,,,,4,0,0,4
BASE,GSI-2638,2024-rising,2024,rising,EVENT_YEAR_RELATIVE,0.75,2024-08-24,0.1413715510948314,0,False,,,,5,0,0,5
BASE,GSI-2638,2024-rising,2024,rising,EVENT_YEAR_RELATIVE,0.80,2024-08-24,0.15079632116782016,0,False,,,,4,0,0,4
BASE,GSI-2638,2024-rising,2024,rising,EVENT_YEAR_RELATIVE,0.90,2024-08-24,0.16964586131379769,0,False,,,,3,0,0,3
BASE,GSI-2638,2025-falling,2025,falling,EVENT_YEAR_RELATIVE,0.10,2025-05-01,0.024459672688922227,0,True,739320.546605000,2025-03-10,-51.453395000,9,1,0,8
BASE,GSI-2638,2025-falling,2025,falling,EVENT_YEAR_RELATIVE,0.20,2025-05-01,0.048919345377844453,0,True,739314.817494250,2025-03-04,-57.182505750,7,1,0,6
BASE,GSI-2638,2025-falling,2025,falling,EVENT_YEAR_RELATIVE,0.25,2025-05-01,0.061149181722305566,0,True,739313.095160418,2025-03-03,-58.904839582,5,1,0,4
BASE,GSI-2638,2025-falling,2025,falling,EVENT_YEAR_RELATIVE,0.30,2025-05-01,0.07337901806676668,0,True,739311.473833768,2025-03-01,-60.526166232,4,1,0,3
BASE,GSI-2638,2025-falling,2025,falling,EVENT_YEAR_RELATIVE,0.40,2025-05-01,0.097838690755688906,0,True,739308.462651575,2025-02-26,-63.537348425,3,1,0,2
BASE,GSI-2638,2025-falling,2025,falling,EVENT_YEAR_RELATIVE,0.50,2025-05-01,0.12229836344461113,0,True,739305.389613156,2025-02-23,-66.610386844,4,1,0,3
BASE,GSI-2638,2025-falling,2025,falling,EVENT_YEAR_RELATIVE,0.60,2025-05-01,0.14675803613353336,0,True,739302.268832056,2025-02-20,-69.731167944,5,1,0,4
BASE,GSI-2638,2025-falling,2025,falling,EVENT_YEAR_RELATIVE,0.70,2025-05-01,0.17121770882245557,0,True,739299.278397658,2025-02-17,-72.721602342,3,1,0,2
BASE,GSI-2638,2025-falling,2025,falling,EVENT_YEAR_RELATIVE,0.75,2025-05-01,0.18344754516691669,0,True,739297.796233015,2025-02-15,-74.203766985,3,1,0,2
BASE,GSI-2638,2025-falling,2025,falling,EVENT_YEAR_RELATIVE,0.80,2025-05-01,0.19567738151137781,0,True,739296.368535605,2025-02-14,-75.631464395,2,1,0,1
BASE,GSI-2638,2025-falling,2025,falling,EVENT_YEAR_RELATIVE,0.90,2025-05-01,0.22013705420030005,0,True,739293.497551789,2025-02-11,-78.502448211,1,1,0,0
BASE,GSI-2638,2025-rising,2025,rising,EVENT_YEAR_RELATIVE,0.10,2025-09-05,0.024459672688922227,0,True,739574.281430642,2025-11-19,75.281430642,9,2,1,7
BASE,GSI-2638,2025-rising,2025,rising,EVENT_YEAR_RELATIVE,0.20,2025-09-05,0.048919345377844453,0,True,739588.663511361,2025-12-03,89.663511361,7,2,1,5
BASE,GSI-2638,2025-rising,2025,rising,EVENT_YEAR_RELATIVE,0.25,2025-09-05,0.061149181722305566,0,True,739614.053476257,2025-12-29,115.053476257,5,1,0,4
BASE,GSI-2638,2025-rising,2025,rising,EVENT_YEAR_RELATIVE,0.30,2025-09-05,0.07337901806676668,0,False,,,,4,0,0,4
BASE,GSI-2638,2025-rising,2025,rising,EVENT_YEAR_RELATIVE,0.40,2025-09-05,0.097838690755688906,0,False,,,,3,0,0,3
BASE,GSI-2638,2025-rising,2025,rising,EVENT_YEAR_RELATIVE,0.50,2025-09-05,0.12229836344461113,0,False,,,,4,0,0,4
BASE,GSI-2638,2025-rising,2025,rising,EVENT_YEAR_RELATIVE,0.60,2025-09-05,0.14675803613353336,0,False,,,,5,0,0,5
BASE,GSI-2638,2025-rising,2025,rising,EVENT_YEAR_RELATIVE,0.70,2025-09-05,0.17121770882245557,0,False,,,,3,0,0,3
BASE,GSI-2638,2025-rising,2025,rising,EVENT_YEAR_RELATIVE,0.75,2025-09-05,0.18344754516691669,0,False,,,,3,0,0,3
BASE,GSI-2638,2025-rising,2025,rising,EVENT_YEAR_RELATIVE,0.80,2025-09-05,0.19567738151137781,0,False,,,,2,0,0,2
BASE,GSI-2638,2025-rising,2025,rising,EVENT_YEAR_RELATIVE,0.90,2025-09-05,0.22013705420030005,0,False,,,,1,0,0,1
BASE,GSI-3941,2024-falling,2024,falling,EVENT_YEAR_RELATIVE,0.10,2024-05-21,0.012076433954381127,0,True,738950.911670192,2024-03-05,-76.088329808,9,1,0,8
BASE,GSI-3941,2024-falling,2024,falling,EVENT_YEAR_RELATIVE,0.20,2024-05-21,0.024152867908762254,0,True,738944.330988742,2024-02-28,-82.669011258,9,1,0,8
BASE,GSI-3941,2024-falling,2024,falling,EVENT_YEAR_RELATIVE,0.25,2024-05-21,0.030191084885952818,0,True,738942.965058637,2024-02-26,-84.034941363,9,1,0,8
BASE,GSI-3941,2024-falling,2024,falling,EVENT_YEAR_RELATIVE,0.30,2024-05-21,0.036229301863143382,0,True,738926.221277798,2024-02-10,-100.778722202,7,2,1,5
BASE,GSI-3941,2024-falling,2024,falling,EVENT_YEAR_RELATIVE,0.40,2024-05-21,0.048305735817524509,0,False,,,,4,0,0,4
BASE,GSI-3941,2024-falling,2024,falling,EVENT_YEAR_RELATIVE,0.50,2024-05-21,0.060382169771905636,0,False,,,,3,0,0,3
BASE,GSI-3941,2024-falling,2024,falling,EVENT_YEAR_RELATIVE,0.60,2024-05-21,0.072458603726286763,0,False,,,,3,0,0,3
BASE,GSI-3941,2024-falling,2024,falling,EVENT_YEAR_RELATIVE,0.70,2024-05-21,0.08453503768066789,0,False,,,,4,0,0,4
BASE,GSI-3941,2024-falling,2024,falling,EVENT_YEAR_RELATIVE,0.75,2024-05-21,0.090573254657858454,0,False,,,,5,0,0,5
BASE,GSI-3941,2024-falling,2024,falling,EVENT_YEAR_RELATIVE,0.80,2024-05-21,0.096611471635049018,0,False,,,,5,0,0,5
BASE,GSI-3941,2024-falling,2024,falling,EVENT_YEAR_RELATIVE,0.90,2024-05-21,0.10868790558943014,0,False,,,,3,0,0,3
BASE,GSI-3941,2024-rising,2024,rising,EVENT_YEAR_RELATIVE,0.10,2024-08-24,0.012076433954381127,0,True,739218.953777497,2024-11-28,96.953777497,9,1,0,8
BASE,GSI-3941,2024-rising,2024,rising,EVENT_YEAR_RELATIVE,0.20,2024-08-24,0.024152867908762254,0,False,,,,9,0,0,9
BASE,GSI-3941,2024-rising,2024,rising,EVENT_YEAR_RELATIVE,0.25,2024-08-24,0.030191084885952818,0,False,,,,9,0,0,9
BASE,GSI-3941,2024-rising,2024,rising,EVENT_YEAR_RELATIVE,0.30,2024-08-24,0.036229301863143382,0,False,,,,7,0,0,7
BASE,GSI-3941,2024-rising,2024,rising,EVENT_YEAR_RELATIVE,0.40,2024-08-24,0.048305735817524509,0,False,,,,4,0,0,4
BASE,GSI-3941,2024-rising,2024,rising,EVENT_YEAR_RELATIVE,0.50,2024-08-24,0.060382169771905636,0,False,,,,3,0,0,3
BASE,GSI-3941,2024-rising,2024,rising,EVENT_YEAR_RELATIVE,0.60,2024-08-24,0.072458603726286763,0,False,,,,3,0,0,3
BASE,GSI-3941,2024-rising,2024,rising,EVENT_YEAR_RELATIVE,0.70,2024-08-24,0.08453503768066789,0,False,,,,4,0,0,4
BASE,GSI-3941,2024-rising,2024,rising,EVENT_YEAR_RELATIVE,0.75,2024-08-24,0.090573254657858454,0,False,,,,5,0,0,5
BASE,GSI-3941,2024-rising,2024,rising,EVENT_YEAR_RELATIVE,0.80,2024-08-24,0.096611471635049018,0,False,,,,5,0,0,5
BASE,GSI-3941,2024-rising,2024,rising,EVENT_YEAR_RELATIVE,0.90,2024-08-24,0.10868790558943014,0,False,,,,3,0,0,3
BASE,GSI-3941,2025-falling,2025,falling,EVENT_YEAR_RELATIVE,0.10,2025-05-01,0.019127568291929423,0,True,739320.520831564,2025-03-10,-51.479168436,8,1,0,7
BASE,GSI-3941,2025-falling,2025,falling,EVENT_YEAR_RELATIVE,0.20,2025-05-01,0.038255136583858845,0,True,739314.066400349,2025-03-04,-57.933599651,7,1,0,6
BASE,GSI-3941,2025-falling,2025,falling,EVENT_YEAR_RELATIVE,0.25,2025-05-01,0.047818920729823557,0,True,739312.343523422,2025-03-02,-59.656476578,4,1,0,3
BASE,GSI-3941,2025-falling,2025,falling,EVENT_YEAR_RELATIVE,0.30,2025-05-01,0.057382704875788268,0,True,739310.497683221,2025-02-28,-61.502316779,3,1,0,2
BASE,GSI-3941,2025-falling,2025,falling,EVENT_YEAR_RELATIVE,0.40,2025-05-01,0.076510273167717691,0,True,739307.119023421,2025-02-25,-64.880976579,4,1,0,3
BASE,GSI-3941,2025-falling,2025,falling,EVENT_YEAR_RELATIVE,0.50,2025-05-01,0.095637841459647113,0,True,739303.326204482,2025-02-21,-68.673795518,5,1,0,4
BASE,GSI-3941,2025-falling,2025,falling,EVENT_YEAR_RELATIVE,0.60,2025-05-01,0.11476540975157654,0,True,739300.735979640,2025-02-18,-71.264020360,3,1,0,2
BASE,GSI-3941,2025-falling,2025,falling,EVENT_YEAR_RELATIVE,0.70,2025-05-01,0.13389297804350594,0,True,739298.543978104,2025-02-16,-73.456021896,2,1,0,1
BASE,GSI-3941,2025-falling,2025,falling,EVENT_YEAR_RELATIVE,0.75,2025-05-01,0.14345676218947068,0,True,739297.403692893,2025-02-15,-74.596307107,2,1,0,1
BASE,GSI-3941,2025-falling,2025,falling,EVENT_YEAR_RELATIVE,0.80,2025-05-01,0.15302054633543538,0,True,739296.319624294,2025-02-14,-75.680375706,1,1,0,0
BASE,GSI-3941,2025-falling,2025,falling,EVENT_YEAR_RELATIVE,0.90,2025-05-01,0.17214811462736482,0,True,739294.018389373,2025-02-12,-77.981610627,1,1,0,0
BASE,GSI-3941,2025-rising,2025,rising,EVENT_YEAR_RELATIVE,0.10,2025-09-05,0.019127568291929423,0,True,739575.090936503,2025-11-20,76.090936503,8,2,1,6
BASE,GSI-3941,2025-rising,2025,rising,EVENT_YEAR_RELATIVE,0.20,2025-09-05,0.038255136583858845,0,True,739610.966431857,2025-12-25,111.966431857,7,1,0,6
BASE,GSI-3941,2025-rising,2025,rising,EVENT_YEAR_RELATIVE,0.25,2025-09-05,0.047818920729823557,0,False,,,,4,0,0,4
BASE,GSI-3941,2025-rising,2025,rising,EVENT_YEAR_RELATIVE,0.30,2025-09-05,0.057382704875788268,0,False,,,,3,0,0,3
BASE,GSI-3941,2025-rising,2025,rising,EVENT_YEAR_RELATIVE,0.40,2025-09-05,0.076510273167717691,0,False,,,,4,0,0,4
BASE,GSI-3941,2025-rising,2025,rising,EVENT_YEAR_RELATIVE,0.50,2025-09-05,0.095637841459647113,0,False,,,,5,0,0,5
BASE,GSI-3941,2025-rising,2025,rising,EVENT_YEAR_RELATIVE,0.60,2025-09-05,0.11476540975157654,0,False,,,,3,0,0,3
BASE,GSI-3941,2025-rising,2025,rising,EVENT_YEAR_RELATIVE,0.70,2025-09-05,0.13389297804350594,0,False,,,,2,0,0,2
BASE,GSI-3941,2025-rising,2025,rising,EVENT_YEAR_RELATIVE,0.75,2025-09-05,0.14345676218947068,0,False,,,,2,0,0,2
BASE,GSI-3941,2025-rising,2025,rising,EVENT_YEAR_RELATIVE,0.80,2025-09-05,0.15302054633543538,0,False,,,,1,0,0,1
BASE,GSI-3941,2025-rising,2025,rising,EVENT_YEAR_RELATIVE,0.90,2025-09-05,0.17214811462736482,0,False,,,,1,0,0,1
BASE,GSI-3942,2024-falling,2024,falling,EVENT_YEAR_RELATIVE,0.10,2024-05-21,0.012048713411777172,0,True,738950.911670192,2024-03-05,-76.088329808,9,1,0,8
BASE,GSI-3942,2024-falling,2024,falling,EVENT_YEAR_RELATIVE,0.20,2024-05-21,0.024097426823554344,0,True,738944.330988742,2024-02-28,-82.669011258,9,1,0,8
BASE,GSI-3942,2024-falling,2024,falling,EVENT_YEAR_RELATIVE,0.25,2024-05-21,0.03012178352944293,0,True,738942.965058637,2024-02-26,-84.034941363,9,1,0,8
BASE,GSI-3942,2024-falling,2024,falling,EVENT_YEAR_RELATIVE,0.30,2024-05-21,0.036146140235331511,0,True,738926.221277798,2024-02-10,-100.778722202,7,2,1,5
BASE,GSI-3942,2024-falling,2024,falling,EVENT_YEAR_RELATIVE,0.40,2024-05-21,0.048194853647108689,0,False,,,,4,0,0,4
BASE,GSI-3942,2024-falling,2024,falling,EVENT_YEAR_RELATIVE,0.50,2024-05-21,0.060243567058885859,0,False,,,,3,0,0,3
BASE,GSI-3942,2024-falling,2024,falling,EVENT_YEAR_RELATIVE,0.60,2024-05-21,0.072292280470663023,0,False,,,,3,0,0,3
BASE,GSI-3942,2024-falling,2024,falling,EVENT_YEAR_RELATIVE,0.70,2024-05-21,0.084340993882440193,0,False,,,,4,0,0,4
BASE,GSI-3942,2024-falling,2024,falling,EVENT_YEAR_RELATIVE,0.75,2024-05-21,0.090365350588328786,0,False,,,,5,0,0,5
BASE,GSI-3942,2024-falling,2024,falling,EVENT_YEAR_RELATIVE,0.80,2024-05-21,0.096389707294217378,0,False,,,,5,0,0,5
BASE,GSI-3942,2024-falling,2024,falling,EVENT_YEAR_RELATIVE,0.90,2024-05-21,0.10843842070599455,0,False,,,,3,0,0,3
BASE,GSI-3942,2024-rising,2024,rising,EVENT_YEAR_RELATIVE,0.10,2024-08-24,0.012048713411777172,0,True,739218.953777497,2024-11-28,96.953777497,9,1,0,8
BASE,GSI-3942,2024-rising,2024,rising,EVENT_YEAR_RELATIVE,0.20,2024-08-24,0.024097426823554344,0,False,,,,9,0,0,9
BASE,GSI-3942,2024-rising,2024,rising,EVENT_YEAR_RELATIVE,0.25,2024-08-24,0.03012178352944293,0,False,,,,9,0,0,9
BASE,GSI-3942,2024-rising,2024,rising,EVENT_YEAR_RELATIVE,0.30,2024-08-24,0.036146140235331511,0,False,,,,7,0,0,7
BASE,GSI-3942,2024-rising,2024,rising,EVENT_YEAR_RELATIVE,0.40,2024-08-24,0.048194853647108689,0,False,,,,4,0,0,4
BASE,GSI-3942,2024-rising,2024,rising,EVENT_YEAR_RELATIVE,0.50,2024-08-24,0.060243567058885859,0,False,,,,3,0,0,3
BASE,GSI-3942,2024-rising,2024,rising,EVENT_YEAR_RELATIVE,0.60,2024-08-24,0.072292280470663023,0,False,,,,3,0,0,3
BASE,GSI-3942,2024-rising,2024,rising,EVENT_YEAR_RELATIVE,0.70,2024-08-24,0.084340993882440193,0,False,,,,4,0,0,4
BASE,GSI-3942,2024-rising,2024,rising,EVENT_YEAR_RELATIVE,0.75,2024-08-24,0.090365350588328786,0,False,,,,5,0,0,5
BASE,GSI-3942,2024-rising,2024,rising,EVENT_YEAR_RELATIVE,0.80,2024-08-24,0.096389707294217378,0,False,,,,5,0,0,5
BASE,GSI-3942,2024-rising,2024,rising,EVENT_YEAR_RELATIVE,0.90,2024-08-24,0.10843842070599455,0,False,,,,3,0,0,3
BASE,GSI-3942,2025-falling,2025,falling,EVENT_YEAR_RELATIVE,0.10,2025-05-01,0.019083662402678558,0,True,739320.520831564,2025-03-10,-51.479168436,8,1,0,7
BASE,GSI-3942,2025-falling,2025,falling,EVENT_YEAR_RELATIVE,0.20,2025-05-01,0.038167324805357117,0,True,739314.066400349,2025-03-04,-57.933599651,7,1,0,6
BASE,GSI-3942,2025-falling,2025,falling,EVENT_YEAR_RELATIVE,0.25,2025-05-01,0.047709156006696396,0,True,739312.343523422,2025-03-02,-59.656476578,4,1,0,3
BASE,GSI-3942,2025-falling,2025,falling,EVENT_YEAR_RELATIVE,0.30,2025-05-01,0.057250987208035675,0,True,739310.497683221,2025-02-28,-61.502316779,3,1,0,2
BASE,GSI-3942,2025-falling,2025,falling,EVENT_YEAR_RELATIVE,0.40,2025-05-01,0.076334649610714234,0,True,739307.119023421,2025-02-25,-64.880976579,4,1,0,3
BASE,GSI-3942,2025-falling,2025,falling,EVENT_YEAR_RELATIVE,0.50,2025-05-01,0.095418312013392792,0,True,739303.326204482,2025-02-21,-68.673795518,5,1,0,4
BASE,GSI-3942,2025-falling,2025,falling,EVENT_YEAR_RELATIVE,0.60,2025-05-01,0.11450197441607135,0,True,739300.735979640,2025-02-18,-71.264020360,3,1,0,2
BASE,GSI-3942,2025-falling,2025,falling,EVENT_YEAR_RELATIVE,0.70,2025-05-01,0.13358563681874991,0,True,739298.543978104,2025-02-16,-73.456021896,2,1,0,1
BASE,GSI-3942,2025-falling,2025,falling,EVENT_YEAR_RELATIVE,0.75,2025-05-01,0.14312746802008919,0,True,739297.403692893,2025-02-15,-74.596307107,2,1,0,1
BASE,GSI-3942,2025-falling,2025,falling,EVENT_YEAR_RELATIVE,0.80,2025-05-01,0.15266929922142847,0,True,739296.319624294,2025-02-14,-75.680375706,1,1,0,0
BASE,GSI-3942,2025-falling,2025,falling,EVENT_YEAR_RELATIVE,0.90,2025-05-01,0.17175296162410703,0,True,739294.018389373,2025-02-12,-77.981610627,1,1,0,0
BASE,GSI-3942,2025-rising,2025,rising,EVENT_YEAR_RELATIVE,0.10,2025-09-05,0.019083662402678558,0,True,739575.090936503,2025-11-20,76.090936503,8,2,1,6
BASE,GSI-3942,2025-rising,2025,rising,EVENT_YEAR_RELATIVE,0.20,2025-09-05,0.038167324805357117,0,True,739610.966431857,2025-12-25,111.966431857,7,1,0,6
BASE,GSI-3942,2025-rising,2025,rising,EVENT_YEAR_RELATIVE,0.25,2025-09-05,0.047709156006696396,0,False,,,,4,0,0,4
BASE,GSI-3942,2025-rising,2025,rising,EVENT_YEAR_RELATIVE,0.30,2025-09-05,0.057250987208035675,0,False,,,,3,0,0,3
BASE,GSI-3942,2025-rising,2025,rising,EVENT_YEAR_RELATIVE,0.40,2025-09-05,0.076334649610714234,0,False,,,,4,0,0,4
BASE,GSI-3942,2025-rising,2025,rising,EVENT_YEAR_RELATIVE,0.50,2025-09-05,0.095418312013392792,0,False,,,,5,0,0,5
BASE,GSI-3942,2025-rising,2025,rising,EVENT_YEAR_RELATIVE,0.60,2025-09-05,0.11450197441607135,0,False,,,,3,0,0,3
BASE,GSI-3942,2025-rising,2025,rising,EVENT_YEAR_RELATIVE,0.70,2025-09-05,0.13358563681874991,0,False,,,,2,0,0,2
BASE,GSI-3942,2025-rising,2025,rising,EVENT_YEAR_RELATIVE,0.75,2025-09-05,0.14312746802008919,0,False,,,,2,0,0,2
BASE,GSI-3942,2025-rising,2025,rising,EVENT_YEAR_RELATIVE,0.80,2025-09-05,0.15266929922142847,0,False,,,,1,0,0,1
BASE,GSI-3942,2025-rising,2025,rising,EVENT_YEAR_RELATIVE,0.90,2025-09-05,0.17175296162410703,0,False,,,,1,0,0,1
BASE,GSI-3962,2024-falling,2024,falling,EVENT_YEAR_RELATIVE,0.10,2024-05-21,0.017055045864037551,0,True,738950.949840491,2024-03-05,-76.050159509,9,1,0,8
BASE,GSI-3962,2024-falling,2024,falling,EVENT_YEAR_RELATIVE,0.20,2024-05-21,0.034110091728075102,0,True,738944.372990225,2024-02-28,-82.627009775,10,1,0,9
BASE,GSI-3962,2024-falling,2024,falling,EVENT_YEAR_RELATIVE,0.25,2024-05-21,0.04263761466009388,0,True,738943.001655014,2024-02-27,-83.998344986,9,1,0,8
BASE,GSI-3962,2024-falling,2024,falling,EVENT_YEAR_RELATIVE,0.30,2024-05-21,0.051165137592112657,0,True,738926.353176889,2024-02-10,-100.646823111,7,2,1,5
BASE,GSI-3962,2024-falling,2024,falling,EVENT_YEAR_RELATIVE,0.40,2024-05-21,0.068220183456150205,0,False,,,,4,0,0,4
BASE,GSI-3962,2024-falling,2024,falling,EVENT_YEAR_RELATIVE,0.50,2024-05-21,0.085275229320187759,0,False,,,,3,0,0,3
BASE,GSI-3962,2024-falling,2024,falling,EVENT_YEAR_RELATIVE,0.60,2024-05-21,0.10233027518422531,0,False,,,,4,0,0,4
BASE,GSI-3962,2024-falling,2024,falling,EVENT_YEAR_RELATIVE,0.70,2024-05-21,0.11938532104826285,0,False,,,,4,0,0,4
BASE,GSI-3962,2024-falling,2024,falling,EVENT_YEAR_RELATIVE,0.75,2024-05-21,0.12791284398028163,0,False,,,,5,0,0,5
BASE,GSI-3962,2024-falling,2024,falling,EVENT_YEAR_RELATIVE,0.80,2024-05-21,0.13644036691230041,0,False,,,,4,0,0,4
BASE,GSI-3962,2024-falling,2024,falling,EVENT_YEAR_RELATIVE,0.90,2024-05-21,0.15349541277633796,0,False,,,,3,0,0,3
BASE,GSI-3962,2024-rising,2024,rising,EVENT_YEAR_RELATIVE,0.10,2024-08-24,0.017055045864037551,0,True,739220.677663204,2024-11-30,98.677663204,9,1,0,8
BASE,GSI-3962,2024-rising,2024,rising,EVENT_YEAR_RELATIVE,0.20,2024-08-24,0.034110091728075102,0,False,,,,10,0,0,10
BASE,GSI-3962,2024-rising,2024,rising,EVENT_YEAR_RELATIVE,0.25,2024-08-24,0.04263761466009388,0,False,,,,9,0,0,9
BASE,GSI-3962,2024-rising,2024,rising,EVENT_YEAR_RELATIVE,0.30,2024-08-24,0.051165137592112657,0,False,,,,7,0,0,7
BASE,GSI-3962,2024-rising,2024,rising,EVENT_YEAR_RELATIVE,0.40,2024-08-24,0.068220183456150205,0,False,,,,4,0,0,4
BASE,GSI-3962,2024-rising,2024,rising,EVENT_YEAR_RELATIVE,0.50,2024-08-24,0.085275229320187759,0,False,,,,3,0,0,3
BASE,GSI-3962,2024-rising,2024,rising,EVENT_YEAR_RELATIVE,0.60,2024-08-24,0.10233027518422531,0,False,,,,4,0,0,4
BASE,GSI-3962,2024-rising,2024,rising,EVENT_YEAR_RELATIVE,0.70,2024-08-24,0.11938532104826285,0,False,,,,4,0,0,4
BASE,GSI-3962,2024-rising,2024,rising,EVENT_YEAR_RELATIVE,0.75,2024-08-24,0.12791284398028163,0,False,,,,5,0,0,5
BASE,GSI-3962,2024-rising,2024,rising,EVENT_YEAR_RELATIVE,0.80,2024-08-24,0.13644036691230041,0,False,,,,4,0,0,4
BASE,GSI-3962,2024-rising,2024,rising,EVENT_YEAR_RELATIVE,0.90,2024-08-24,0.15349541277633796,0,False,,,,3,0,0,3
BASE,GSI-3962,2025-falling,2025,falling,EVENT_YEAR_RELATIVE,0.10,2025-05-01,0.022162248084279725,0,True,739320.532031911,2025-03-10,-51.467968089,9,1,0,8
BASE,GSI-3962,2025-falling,2025,falling,EVENT_YEAR_RELATIVE,0.20,2025-05-01,0.044324496168559449,0,True,739314.807518064,2025-03-04,-57.192481936,7,1,0,6
BASE,GSI-3962,2025-falling,2025,falling,EVENT_YEAR_RELATIVE,0.25,2025-05-01,0.055405620210699308,0,True,739313.083331508,2025-03-03,-58.916668492,5,1,0,4
BASE,GSI-3962,2025-falling,2025,falling,EVENT_YEAR_RELATIVE,0.30,2025-05-01,0.066486744252839167,0,True,739311.459853461,2025-03-01,-60.540146539,4,1,0,3
BASE,GSI-3962,2025-falling,2025,falling,EVENT_YEAR_RELATIVE,0.40,2025-05-01,0.088648992337118898,0,True,739308.445815931,2025-02-26,-63.554184069,3,1,0,2
BASE,GSI-3962,2025-falling,2025,falling,EVENT_YEAR_RELATIVE,0.50,2025-05-01,0.11081124042139862,0,True,739305.411224007,2025-02-23,-66.588775993,4,1,0,3
BASE,GSI-3962,2025-falling,2025,falling,EVENT_YEAR_RELATIVE,0.60,2025-05-01,0.13297348850567833,0,True,739302.286652172,2025-02-20,-69.713347828,5,1,0,4
BASE,GSI-3962,2025-falling,2025,falling,EVENT_YEAR_RELATIVE,0.70,2025-05-01,0.15513573658995805,0,True,739299.289060364,2025-02-17,-72.710939636,3,1,0,2
BASE,GSI-3962,2025-falling,2025,falling,EVENT_YEAR_RELATIVE,0.75,2025-05-01,0.16621686063209792,0,True,739297.806434376,2025-02-15,-74.193565624,3,1,0,2
BASE,GSI-3962,2025-falling,2025,falling,EVENT_YEAR_RELATIVE,0.80,2025-05-01,0.1772979846742378,0,True,739296.376429167,2025-02-14,-75.623570833,2,1,0,1
BASE,GSI-3962,2025-falling,2025,falling,EVENT_YEAR_RELATIVE,0.90,2025-05-01,0.19946023275851751,0,True,739293.502563731,2025-02-11,-78.497436269,1,1,0,0
BASE,GSI-3962,2025-rising,2025,rising,EVENT_YEAR_RELATIVE,0.10,2025-09-05,0.022162248084279725,0,True,739574.258186470,2025-11-19,75.258186470,9,2,1,7
BASE,GSI-3962,2025-rising,2025,rising,EVENT_YEAR_RELATIVE,0.20,2025-09-05,0.044324496168559449,0,True,739588.607722274,2025-12-03,89.607722274,7,2,1,5
BASE,GSI-3962,2025-rising,2025,rising,EVENT_YEAR_RELATIVE,0.25,2025-09-05,0.055405620210699308,0,True,739614.071224494,2025-12-29,115.071224494,5,1,0,4
BASE,GSI-3962,2025-rising,2025,rising,EVENT_YEAR_RELATIVE,0.30,2025-09-05,0.066486744252839167,0,False,,,,4,0,0,4
BASE,GSI-3962,2025-rising,2025,rising,EVENT_YEAR_RELATIVE,0.40,2025-09-05,0.088648992337118898,0,False,,,,3,0,0,3
BASE,GSI-3962,2025-rising,2025,rising,EVENT_YEAR_RELATIVE,0.50,2025-09-05,0.11081124042139862,0,False,,,,4,0,0,4
BASE,GSI-3962,2025-rising,2025,rising,EVENT_YEAR_RELATIVE,0.60,2025-09-05,0.13297348850567833,0,False,,,,5,0,0,5
BASE,GSI-3962,2025-rising,2025,rising,EVENT_YEAR_RELATIVE,0.70,2025-09-05,0.15513573658995805,0,False,,,,3,0,0,3
BASE,GSI-3962,2025-rising,2025,rising,EVENT_YEAR_RELATIVE,0.75,2025-09-05,0.16621686063209792,0,False,,,,3,0,0,3
BASE,GSI-3962,2025-rising,2025,rising,EVENT_YEAR_RELATIVE,0.80,2025-09-05,0.1772979846742378,0,False,,,,2,0,0,2
BASE,GSI-3962,2025-rising,2025,rising,EVENT_YEAR_RELATIVE,0.90,2025-09-05,0.19946023275851751,0,False,,,,1,0,0,1
BASE,GSI-3963,2024-falling,2024,falling,EVENT_YEAR_RELATIVE,0.10,2024-05-21,0.017015897293584357,0,True,738950.949840491,2024-03-05,-76.050159509,9,1,0,8
BASE,GSI-3963,2024-falling,2024,falling,EVENT_YEAR_RELATIVE,0.20,2024-05-21,0.034031794587168714,0,True,738944.372990225,2024-02-28,-82.627009775,10,1,0,9
BASE,GSI-3963,2024-falling,2024,falling,EVENT_YEAR_RELATIVE,0.25,2024-05-21,0.04253974323396089,0,True,738943.001655014,2024-02-27,-83.998344986,9,1,0,8
BASE,GSI-3963,2024-falling,2024,falling,EVENT_YEAR_RELATIVE,0.30,2024-05-21,0.051047691880753067,0,True,738926.353176889,2024-02-10,-100.646823111,7,2,1,5
BASE,GSI-3963,2024-falling,2024,falling,EVENT_YEAR_RELATIVE,0.40,2024-05-21,0.068063589174337427,0,False,,,,4,0,0,4
BASE,GSI-3963,2024-falling,2024,falling,EVENT_YEAR_RELATIVE,0.50,2024-05-21,0.08507948646792178,0,False,,,,3,0,0,3
BASE,GSI-3963,2024-falling,2024,falling,EVENT_YEAR_RELATIVE,0.60,2024-05-21,0.10209538376150613,0,False,,,,4,0,0,4
BASE,GSI-3963,2024-falling,2024,falling,EVENT_YEAR_RELATIVE,0.70,2024-05-21,0.11911128105509049,0,False,,,,4,0,0,4
BASE,GSI-3963,2024-falling,2024,falling,EVENT_YEAR_RELATIVE,0.75,2024-05-21,0.12761922970188266,0,False,,,,5,0,0,5
BASE,GSI-3963,2024-falling,2024,falling,EVENT_YEAR_RELATIVE,0.80,2024-05-21,0.13612717834867485,0,False,,,,4,0,0,4
BASE,GSI-3963,2024-falling,2024,falling,EVENT_YEAR_RELATIVE,0.90,2024-05-21,0.15314307564225921,0,False,,,,3,0,0,3
BASE,GSI-3963,2024-rising,2024,rising,EVENT_YEAR_RELATIVE,0.10,2024-08-24,0.017015897293584357,0,True,739220.677663204,2024-11-30,98.677663204,9,1,0,8
BASE,GSI-3963,2024-rising,2024,rising,EVENT_YEAR_RELATIVE,0.20,2024-08-24,0.034031794587168714,0,False,,,,10,0,0,10
BASE,GSI-3963,2024-rising,2024,rising,EVENT_YEAR_RELATIVE,0.25,2024-08-24,0.04253974323396089,0,False,,,,9,0,0,9
BASE,GSI-3963,2024-rising,2024,rising,EVENT_YEAR_RELATIVE,0.30,2024-08-24,0.051047691880753067,0,False,,,,7,0,0,7
BASE,GSI-3963,2024-rising,2024,rising,EVENT_YEAR_RELATIVE,0.40,2024-08-24,0.068063589174337427,0,False,,,,4,0,0,4
BASE,GSI-3963,2024-rising,2024,rising,EVENT_YEAR_RELATIVE,0.50,2024-08-24,0.08507948646792178,0,False,,,,3,0,0,3
BASE,GSI-3963,2024-rising,2024,rising,EVENT_YEAR_RELATIVE,0.60,2024-08-24,0.10209538376150613,0,False,,,,4,0,0,4
BASE,GSI-3963,2024-rising,2024,rising,EVENT_YEAR_RELATIVE,0.70,2024-08-24,0.11911128105509049,0,False,,,,4,0,0,4
BASE,GSI-3963,2024-rising,2024,rising,EVENT_YEAR_RELATIVE,0.75,2024-08-24,0.12761922970188266,0,False,,,,5,0,0,5
BASE,GSI-3963,2024-rising,2024,rising,EVENT_YEAR_RELATIVE,0.80,2024-08-24,0.13612717834867485,0,False,,,,4,0,0,4
BASE,GSI-3963,2024-rising,2024,rising,EVENT_YEAR_RELATIVE,0.90,2024-08-24,0.15314307564225921,0,False,,,,3,0,0,3
BASE,GSI-3963,2025-falling,2025,falling,EVENT_YEAR_RELATIVE,0.10,2025-05-01,0.022111376316625433,0,True,739320.532031911,2025-03-10,-51.467968089,9,1,0,8
BASE,GSI-3963,2025-falling,2025,falling,EVENT_YEAR_RELATIVE,0.20,2025-05-01,0.044222752633250866,0,True,739314.807518064,2025-03-04,-57.192481936,7,1,0,6
BASE,GSI-3963,2025-falling,2025,falling,EVENT_YEAR_RELATIVE,0.25,2025-05-01,0.055278440791563577,0,True,739313.083331508,2025-03-03,-58.916668492,5,1,0,4
BASE,GSI-3963,2025-falling,2025,falling,EVENT_YEAR_RELATIVE,0.30,2025-05-01,0.066334128949876295,0,True,739311.459853461,2025-03-01,-60.540146539,4,1,0,3
BASE,GSI-3963,2025-falling,2025,falling,EVENT_YEAR_RELATIVE,0.40,2025-05-01,0.088445505266501731,0,True,739308.445815931,2025-02-26,-63.554184069,3,1,0,2
BASE,GSI-3963,2025-falling,2025,falling,EVENT_YEAR_RELATIVE,0.50,2025-05-01,0.11055688158312715,0,True,739305.411224007,2025-02-23,-66.588775993,4,1,0,3
BASE,GSI-3963,2025-falling,2025,falling,EVENT_YEAR_RELATIVE,0.60,2025-05-01,0.13266825789975259,0,True,739302.286652172,2025-02-20,-69.713347828,5,1,0,4
BASE,GSI-3963,2025-falling,2025,falling,EVENT_YEAR_RELATIVE,0.70,2025-05-01,0.154779634216378,0,True,739299.289060364,2025-02-17,-72.710939636,3,1,0,2
BASE,GSI-3963,2025-falling,2025,falling,EVENT_YEAR_RELATIVE,0.75,2025-05-01,0.16583532237469073,0,True,739297.806434376,2025-02-15,-74.193565624,3,1,0,2
BASE,GSI-3963,2025-falling,2025,falling,EVENT_YEAR_RELATIVE,0.80,2025-05-01,0.17689101053300346,0,True,739296.376429167,2025-02-14,-75.623570833,2,1,0,1
BASE,GSI-3963,2025-falling,2025,falling,EVENT_YEAR_RELATIVE,0.90,2025-05-01,0.19900238684962887,0,True,739293.502563731,2025-02-11,-78.497436269,1,1,0,0
BASE,GSI-3963,2025-rising,2025,rising,EVENT_YEAR_RELATIVE,0.10,2025-09-05,0.022111376316625433,0,True,739574.258186470,2025-11-19,75.258186470,9,2,1,7
BASE,GSI-3963,2025-rising,2025,rising,EVENT_YEAR_RELATIVE,0.20,2025-09-05,0.044222752633250866,0,True,739588.607722274,2025-12-03,89.607722274,7,2,1,5
BASE,GSI-3963,2025-rising,2025,rising,EVENT_YEAR_RELATIVE,0.25,2025-09-05,0.055278440791563577,0,True,739614.071224494,2025-12-29,115.071224494,5,1,0,4
BASE,GSI-3963,2025-rising,2025,rising,EVENT_YEAR_RELATIVE,0.30,2025-09-05,0.066334128949876295,0,False,,,,4,0,0,4
BASE,GSI-3963,2025-rising,2025,rising,EVENT_YEAR_RELATIVE,0.40,2025-09-05,0.088445505266501731,0,False,,,,3,0,0,3
BASE,GSI-3963,2025-rising,2025,rising,EVENT_YEAR_RELATIVE,0.50,2025-09-05,0.11055688158312715,0,False,,,,4,0,0,4
BASE,GSI-3963,2025-rising,2025,rising,EVENT_YEAR_RELATIVE,0.60,2025-09-05,0.13266825789975259,0,False,,,,5,0,0,5
BASE,GSI-3963,2025-rising,2025,rising,EVENT_YEAR_RELATIVE,0.70,2025-09-05,0.154779634216378,0,False,,,,3,0,0,3
BASE,GSI-3963,2025-rising,2025,rising,EVENT_YEAR_RELATIVE,0.75,2025-09-05,0.16583532237469073,0,False,,,,3,0,0,3
BASE,GSI-3963,2025-rising,2025,rising,EVENT_YEAR_RELATIVE,0.80,2025-09-05,0.17689101053300346,0,False,,,,2,0,0,2
BASE,GSI-3963,2025-rising,2025,rising,EVENT_YEAR_RELATIVE,0.90,2025-09-05,0.19900238684962887,0,False,,,,1,0,0,1
BASE,GSI-4372,2024-falling,2024,falling,EVENT_YEAR_RELATIVE,0.10,2024-05-21,0.022167758747112857,0.0026246221015852433,True,739012.523743148,2024-05-06,-14.476256852,17,1,0,16
BASE,GSI-4372,2024-falling,2024,falling,EVENT_YEAR_RELATIVE,0.20,2024-05-21,0.044335517494225714,0.0026246221015852433,True,739007.144785464,2024-05-01,-19.855214536,13,1,0,12
BASE,GSI-4372,2024-falling,2024,falling,EVENT_YEAR_RELATIVE,0.25,2024-05-21,0.055419396867782141,0.0026246221015852433,True,738999.832187561,2024-04-23,-27.167812439,11,2,1,9
BASE,GSI-4372,2024-falling,2024,falling,EVENT_YEAR_RELATIVE,0.30,2024-05-21,0.06650327624133856,0.0026246221015852433,True,738996.384171084,2024-04-20,-30.615828916,9,1,0,8
BASE,GSI-4372,2024-falling,2024,falling,EVENT_YEAR_RELATIVE,0.40,2024-05-21,0.088671034988451428,0.0026246221015852433,True,738985.978928136,2024-04-09,-41.021071864,7,1,0,6
BASE,GSI-4372,2024-falling,2024,falling,EVENT_YEAR_RELATIVE,0.50,2024-05-21,0.11083879373556428,0.0026246221015852433,True,738947.128061334,2024-03-02,-79.871938666,6,2,1,4
BASE,GSI-4372,2024-falling,2024,falling,EVENT_YEAR_RELATIVE,0.60,2024-05-21,0.13300655248267712,0.0026246221015852433,True,738942.103337910,2024-02-26,-84.896662090,6,2,1,4
BASE,GSI-4372,2024-falling,2024,falling,EVENT_YEAR_RELATIVE,0.70,2024-05-21,0.15517431122978997,0.0026246221015852433,True,738974.717372818,2024-03-29,-52.282627182,5,1,0,4
BASE,GSI-4372,2024-falling,2024,falling,EVENT_YEAR_RELATIVE,0.75,2024-05-21,0.16625819060334643,0.0026246221015852433,True,738973.610950140,2024-03-28,-53.389049860,5,1,0,4
BASE,GSI-4372,2024-falling,2024,falling,EVENT_YEAR_RELATIVE,0.80,2024-05-21,0.17734206997690286,0.0026246221015852433,True,738964.863260165,2024-03-19,-62.136739835,7,2,1,5
BASE,GSI-4372,2024-falling,2024,falling,EVENT_YEAR_RELATIVE,0.90,2024-05-21,0.19950982872401571,0.0026246221015852433,True,738971.029197577,2024-03-26,-55.970802423,7,1,0,6
BASE,GSI-4372,2024-rising,2024,rising,EVENT_YEAR_RELATIVE,0.10,2024-08-24,0.022167758747112857,0.012493148788925884,True,739130.608567502,2024-09-01,8.608567502,17,5,4,12
BASE,GSI-4372,2024-rising,2024,rising,EVENT_YEAR_RELATIVE,0.20,2024-08-24,0.044335517494225714,0.012493148788925884,False,,,,13,0,0,13
BASE,GSI-4372,2024-rising,2024,rising,EVENT_YEAR_RELATIVE,0.25,2024-08-24,0.055419396867782141,0.012493148788925884,False,,,,11,0,0,11
BASE,GSI-4372,2024-rising,2024,rising,EVENT_YEAR_RELATIVE,0.30,2024-08-24,0.06650327624133856,0.012493148788925884,False,,,,9,0,0,9
BASE,GSI-4372,2024-rising,2024,rising,EVENT_YEAR_RELATIVE,0.40,2024-08-24,0.088671034988451428,0.012493148788925884,False,,,,7,0,0,7
BASE,GSI-4372,2024-rising,2024,rising,EVENT_YEAR_RELATIVE,0.50,2024-08-24,0.11083879373556428,0.012493148788925884,False,,,,6,0,0,6
BASE,GSI-4372,2024-rising,2024,rising,EVENT_YEAR_RELATIVE,0.60,2024-08-24,0.13300655248267712,0.012493148788925884,False,,,,6,0,0,6
BASE,GSI-4372,2024-rising,2024,rising,EVENT_YEAR_RELATIVE,0.70,2024-08-24,0.15517431122978997,0.012493148788925884,False,,,,5,0,0,5
BASE,GSI-4372,2024-rising,2024,rising,EVENT_YEAR_RELATIVE,0.75,2024-08-24,0.16625819060334643,0.012493148788925884,False,,,,5,0,0,5
BASE,GSI-4372,2024-rising,2024,rising,EVENT_YEAR_RELATIVE,0.80,2024-08-24,0.17734206997690286,0.012493148788925884,False,,,,7,0,0,7
BASE,GSI-4372,2024-rising,2024,rising,EVENT_YEAR_RELATIVE,0.90,2024-08-24,0.19950982872401571,0.012493148788925884,False,,,,7,0,0,7
BASE,GSI-4372,2025-falling,2025,falling,EVENT_YEAR_RELATIVE,0.10,2025-05-01,0.045614203282346229,0.033196315717632853,True,739369.057605435,2025-04-28,-2.942394565,15,1,0,14
BASE,GSI-4372,2025-falling,2025,falling,EVENT_YEAR_RELATIVE,0.20,2025-05-01,0.091228406564692457,0.033196315717632853,True,739348.971028340,2025-04-07,-23.028971660,7,1,0,6
BASE,GSI-4372,2025-falling,2025,falling,EVENT_YEAR_RELATIVE,0.25,2025-05-01,0.11403550820586557,0.033196315717632853,True,739346.092831461,2025-04-05,-25.907168539,6,1,0,5
BASE,GSI-4372,2025-falling,2025,falling,EVENT_YEAR_RELATIVE,0.30,2025-05-01,0.13684260984703867,0.033196315717632853,True,739344.037443117,2025-04-03,-27.962556883,6,1,0,5
BASE,GSI-4372,2025-falling,2025,falling,EVENT_YEAR_RELATIVE,0.40,2025-05-01,0.18245681312938491,0.033196315717632853,True,739339.341002779,2025-03-29,-32.658997221,7,1,0,6
BASE,GSI-4372,2025-falling,2025,falling,EVENT_YEAR_RELATIVE,0.50,2025-05-01,0.22807101641173114,0.033196315717632853,True,739333.831482915,2025-03-23,-38.168517085,4,1,0,3
BASE,GSI-4372,2025-falling,2025,falling,EVENT_YEAR_RELATIVE,0.60,2025-05-01,0.27368521969407733,0.033196315717632853,True,739328.922749116,2025-03-18,-43.077250884,2,1,0,1
BASE,GSI-4372,2025-falling,2025,falling,EVENT_YEAR_RELATIVE,0.70,2025-05-01,0.31929942297642355,0.033196315717632853,True,739319.128800832,2025-03-09,-52.871199168,1,1,0,0
BASE,GSI-4372,2025-falling,2025,falling,EVENT_YEAR_RELATIVE,0.75,2025-05-01,0.34210652461759672,0.033196315717632853,True,739301.442913124,2025-02-19,-70.557086876,1,1,0,0
BASE,GSI-4372,2025-falling,2025,falling,EVENT_YEAR_RELATIVE,0.80,2025-05-01,0.36491362625876983,0.033196315717632853,True,739299.623877814,2025-02-17,-72.376122186,1,1,0,0
BASE,GSI-4372,2025-falling,2025,falling,EVENT_YEAR_RELATIVE,0.90,2025-05-01,0.41052782954111605,0.033196315717632853,True,739296.407916408,2025-02-14,-75.592083592,1,1,0,0
BASE,GSI-4372,2025-rising,2025,rising,EVENT_YEAR_RELATIVE,0.10,2025-09-05,0.045614203282346229,0.014557727058410004,True,739575.457195845,2025-11-20,76.457195845,15,3,2,12
BASE,GSI-4372,2025-rising,2025,rising,EVENT_YEAR_RELATIVE,0.20,2025-09-05,0.091228406564692457,0.014557727058410004,False,,,,7,0,0,7
BASE,GSI-4372,2025-rising,2025,rising,EVENT_YEAR_RELATIVE,0.25,2025-09-05,0.11403550820586557,0.014557727058410004,False,,,,6,0,0,6
BASE,GSI-4372,2025-rising,2025,rising,EVENT_YEAR_RELATIVE,0.30,2025-09-05,0.13684260984703867,0.014557727058410004,False,,,,6,0,0,6
BASE,GSI-4372,2025-rising,2025,rising,EVENT_YEAR_RELATIVE,0.40,2025-09-05,0.18245681312938491,0.014557727058410004,False,,,,7,0,0,7
BASE,GSI-4372,2025-rising,2025,rising,EVENT_YEAR_RELATIVE,0.50,2025-09-05,0.22807101641173114,0.014557727058410004,False,,,,4,0,0,4
BASE,GSI-4372,2025-rising,2025,rising,EVENT_YEAR_RELATIVE,0.60,2025-09-05,0.27368521969407733,0.014557727058410004,False,,,,2,0,0,2
BASE,GSI-4372,2025-rising,2025,rising,EVENT_YEAR_RELATIVE,0.70,2025-09-05,0.31929942297642355,0.014557727058410004,False,,,,1,0,0,1
BASE,GSI-4372,2025-rising,2025,rising,EVENT_YEAR_RELATIVE,0.75,2025-09-05,0.34210652461759672,0.014557727058410004,False,,,,1,0,0,1
BASE,GSI-4372,2025-rising,2025,rising,EVENT_YEAR_RELATIVE,0.80,2025-09-05,0.36491362625876983,0.014557727058410004,False,,,,1,0,0,1
BASE,GSI-4372,2025-rising,2025,rising,EVENT_YEAR_RELATIVE,0.90,2025-09-05,0.41052782954111605,0.014557727058410004,False,,,,1,0,0,1
BASE,GSI-4377,2024-falling,2024,falling,EVENT_YEAR_RELATIVE,0.10,2024-05-21,0.021001575984145909,0,True,739003.214664984,2024-04-27,-23.785335016,13,1,0,12
BASE,GSI-4377,2024-falling,2024,falling,EVENT_YEAR_RELATIVE,0.20,2024-05-21,0.042003151968291817,0,True,738992.785875077,2024-04-16,-34.214124923,14,1,0,13
BASE,GSI-4377,2024-falling,2024,falling,EVENT_YEAR_RELATIVE,0.25,2024-05-21,0.052503939960364766,0,True,738989.230158486,2024-04-13,-37.769841514,10,1,0,9
BASE,GSI-4377,2024-falling,2024,falling,EVENT_YEAR_RELATIVE,0.30,2024-05-21,0.063004727952437722,0,True,738985.605012261,2024-04-09,-41.394987739,9,1,0,8
BASE,GSI-4377,2024-falling,2024,falling,EVENT_YEAR_RELATIVE,0.40,2024-05-21,0.084006303936583634,0,True,738980.859325617,2024-04-04,-46.140674383,6,1,0,5
BASE,GSI-4377,2024-falling,2024,falling,EVENT_YEAR_RELATIVE,0.50,2024-05-21,0.10500787992072953,0,True,738944.552241575,2024-02-28,-82.447758425,6,2,1,4
BASE,GSI-4377,2024-falling,2024,falling,EVENT_YEAR_RELATIVE,0.60,2024-05-21,0.12600945590487544,0,True,738941.726136947,2024-02-25,-85.273863053,6,2,1,4
BASE,GSI-4377,2024-falling,2024,falling,EVENT_YEAR_RELATIVE,0.70,2024-05-21,0.14701103188902134,0,True,738964.749025948,2024-03-19,-62.250974052,6,2,1,4
BASE,GSI-4377,2024-falling,2024,falling,EVENT_YEAR_RELATIVE,0.75,2024-05-21,0.15751181988109431,0,True,738971.334164644,2024-03-26,-55.665835356,5,1,0,4
BASE,GSI-4377,2024-falling,2024,falling,EVENT_YEAR_RELATIVE,0.80,2024-05-21,0.16801260787316727,0,False,,,,5,0,0,5
BASE,GSI-4377,2024-falling,2024,falling,EVENT_YEAR_RELATIVE,0.90,2024-05-21,0.18901418385731317,0,False,,,,6,0,0,6
BASE,GSI-4377,2024-rising,2024,rising,EVENT_YEAR_RELATIVE,0.10,2024-08-24,0.021001575984145909,0.002281952184907881,True,739161.913169243,2024-10-02,39.913169243,13,3,2,10
BASE,GSI-4377,2024-rising,2024,rising,EVENT_YEAR_RELATIVE,0.20,2024-08-24,0.042003151968291817,0.002281952184907881,False,,,,14,0,0,14
BASE,GSI-4377,2024-rising,2024,rising,EVENT_YEAR_RELATIVE,0.25,2024-08-24,0.052503939960364766,0.002281952184907881,False,,,,10,0,0,10
BASE,GSI-4377,2024-rising,2024,rising,EVENT_YEAR_RELATIVE,0.30,2024-08-24,0.063004727952437722,0.002281952184907881,False,,,,9,0,0,9
BASE,GSI-4377,2024-rising,2024,rising,EVENT_YEAR_RELATIVE,0.40,2024-08-24,0.084006303936583634,0.002281952184907881,False,,,,6,0,0,6
BASE,GSI-4377,2024-rising,2024,rising,EVENT_YEAR_RELATIVE,0.50,2024-08-24,0.10500787992072953,0.002281952184907881,False,,,,6,0,0,6
BASE,GSI-4377,2024-rising,2024,rising,EVENT_YEAR_RELATIVE,0.60,2024-08-24,0.12600945590487544,0.002281952184907881,False,,,,6,0,0,6
BASE,GSI-4377,2024-rising,2024,rising,EVENT_YEAR_RELATIVE,0.70,2024-08-24,0.14701103188902134,0.002281952184907881,False,,,,6,0,0,6
BASE,GSI-4377,2024-rising,2024,rising,EVENT_YEAR_RELATIVE,0.75,2024-08-24,0.15751181988109431,0.002281952184907881,False,,,,5,0,0,5
BASE,GSI-4377,2024-rising,2024,rising,EVENT_YEAR_RELATIVE,0.80,2024-08-24,0.16801260787316727,0.002281952184907881,False,,,,5,0,0,5
BASE,GSI-4377,2024-rising,2024,rising,EVENT_YEAR_RELATIVE,0.90,2024-08-24,0.18901418385731317,0.002281952184907881,False,,,,6,0,0,6
BASE,GSI-4377,2025-falling,2025,falling,EVENT_YEAR_RELATIVE,0.10,2025-05-01,0.042287621797104311,0.010380751428527749,True,739354.171833339,2025-04-13,-17.828166661,13,1,0,12
BASE,GSI-4377,2025-falling,2025,falling,EVENT_YEAR_RELATIVE,0.20,2025-05-01,0.084575243594208621,0.010380751428527749,True,739346.358397123,2025-04-05,-25.641602877,6,1,0,5
BASE,GSI-4377,2025-falling,2025,falling,EVENT_YEAR_RELATIVE,0.25,2025-05-01,0.10571905449276077,0.010380751428527749,True,739344.135562133,2025-04-03,-27.864437867,6,1,0,5
BASE,GSI-4377,2025-falling,2025,falling,EVENT_YEAR_RELATIVE,0.30,2025-05-01,0.12686286539131292,0.010380751428527749,True,739341.955186066,2025-03-31,-30.044813934,6,1,0,5
BASE,GSI-4377,2025-falling,2025,falling,EVENT_YEAR_RELATIVE,0.40,2025-05-01,0.16915048718841724,0.010380751428527749,True,739335.696555902,2025-03-25,-36.303444098,6,1,0,5
BASE,GSI-4377,2025-falling,2025,falling,EVENT_YEAR_RELATIVE,0.50,2025-05-01,0.21143810898552154,0.010380751428527749,True,739330.934662836,2025-03-20,-41.065337164,4,1,0,3
BASE,GSI-4377,2025-falling,2025,falling,EVENT_YEAR_RELATIVE,0.60,2025-05-01,0.25372573078262584,0.010380751428527749,True,739326.544075606,2025-03-16,-45.455924394,1,1,0,0
BASE,GSI-4377,2025-falling,2025,falling,EVENT_YEAR_RELATIVE,0.70,2025-05-01,0.29601335257973016,0.010380751428527749,True,739308.608525562,2025-02-26,-63.391474438,1,1,0,0
BASE,GSI-4377,2025-falling,2025,falling,EVENT_YEAR_RELATIVE,0.75,2025-05-01,0.31715716347828232,0.010380751428527749,True,739301.017496723,2025-02-19,-70.982503277,1,1,0,0
BASE,GSI-4377,2025-falling,2025,falling,EVENT_YEAR_RELATIVE,0.80,2025-05-01,0.33830097437683448,0.010380751428527749,True,739299.418517070,2025-02-17,-72.581482930,1,1,0,0
BASE,GSI-4377,2025-falling,2025,falling,EVENT_YEAR_RELATIVE,0.90,2025-05-01,0.38058859617393875,0.010380751428527749,True,739296.261275674,2025-02-14,-75.738724326,1,1,0,0
BASE,GSI-4377,2025-rising,2025,rising,EVENT_YEAR_RELATIVE,0.10,2025-09-05,0.042287621797104311,0.0044470361060903948,True,739575.422279162,2025-11-20,76.422279162,13,2,1,11
BASE,GSI-4377,2025-rising,2025,rising,EVENT_YEAR_RELATIVE,0.20,2025-09-05,0.084575243594208621,0.0044470361060903948,False,,,,6,0,0,6
BASE,GSI-4377,2025-rising,2025,rising,EVENT_YEAR_RELATIVE,0.25,2025-09-05,0.10571905449276077,0.0044470361060903948,False,,,,6,0,0,6
BASE,GSI-4377,2025-rising,2025,rising,EVENT_YEAR_RELATIVE,0.30,2025-09-05,0.12686286539131292,0.0044470361060903948,False,,,,6,0,0,6
BASE,GSI-4377,2025-rising,2025,rising,EVENT_YEAR_RELATIVE,0.40,2025-09-05,0.16915048718841724,0.0044470361060903948,False,,,,6,0,0,6
BASE,GSI-4377,2025-rising,2025,rising,EVENT_YEAR_RELATIVE,0.50,2025-09-05,0.21143810898552154,0.0044470361060903948,False,,,,4,0,0,4
BASE,GSI-4377,2025-rising,2025,rising,EVENT_YEAR_RELATIVE,0.60,2025-09-05,0.25372573078262584,0.0044470361060903948,False,,,,1,0,0,1
BASE,GSI-4377,2025-rising,2025,rising,EVENT_YEAR_RELATIVE,0.70,2025-09-05,0.29601335257973016,0.0044470361060903948,False,,,,1,0,0,1
BASE,GSI-4377,2025-rising,2025,rising,EVENT_YEAR_RELATIVE,0.75,2025-09-05,0.31715716347828232,0.0044470361060903948,False,,,,1,0,0,1
BASE,GSI-4377,2025-rising,2025,rising,EVENT_YEAR_RELATIVE,0.80,2025-09-05,0.33830097437683448,0.0044470361060903948,False,,,,1,0,0,1
BASE,GSI-4377,2025-rising,2025,rising,EVENT_YEAR_RELATIVE,0.90,2025-09-05,0.38058859617393875,0.0044470361060903948,False,,,,1,0,0,1
BASE,GSI-4393,2024-falling,2024,falling,EVENT_YEAR_RELATIVE,0.10,2024-05-21,0.031309936348942684,0.0037314119157778186,True,739012.568009859,2024-05-06,-14.431990141,17,1,0,16
BASE,GSI-4393,2024-falling,2024,falling,EVENT_YEAR_RELATIVE,0.20,2024-05-21,0.062619872697885368,0.0037314119157778186,True,739006.437730776,2024-04-30,-20.562269224,13,1,0,12
BASE,GSI-4393,2024-falling,2024,falling,EVENT_YEAR_RELATIVE,0.25,2024-05-21,0.078274840872356699,0.0037314119157778186,True,738998.434165748,2024-04-22,-28.565834252,10,1,0,9
BASE,GSI-4393,2024-falling,2024,falling,EVENT_YEAR_RELATIVE,0.30,2024-05-21,0.093929809046828031,0.0037314119157778186,True,738995.714484539,2024-04-19,-31.285515461,9,1,0,8
BASE,GSI-4393,2024-falling,2024,falling,EVENT_YEAR_RELATIVE,0.40,2024-05-21,0.12523974539577074,0.0037314119157778186,True,738985.580671890,2024-04-09,-41.419328110,6,1,0,5
BASE,GSI-4393,2024-falling,2024,falling,EVENT_YEAR_RELATIVE,0.50,2024-05-21,0.1565496817447134,0.0037314119157778186,True,738947.212052154,2024-03-02,-79.787947846,6,2,1,4
BASE,GSI-4393,2024-falling,2024,falling,EVENT_YEAR_RELATIVE,0.60,2024-05-21,0.18785961809365606,0.0037314119157778186,True,738942.176017643,2024-02-26,-84.823982357,6,2,1,4
BASE,GSI-4393,2024-falling,2024,falling,EVENT_YEAR_RELATIVE,0.70,2024-05-21,0.21916955444259875,0.0037314119157778186,True,738938.185206218,2024-02-22,-88.814793782,7,3,2,4
BASE,GSI-4393,2024-falling,2024,falling,EVENT_YEAR_RELATIVE,0.75,2024-05-21,0.2348245226170701,0.0037314119157778186,True,738972.174655581,2024-03-27,-54.825344419,5,1,0,4
BASE,GSI-4393,2024-falling,2024,falling,EVENT_YEAR_RELATIVE,0.80,2024-05-21,0.25047949079154147,0.0037314119157778186,True,738970.249960469,2024-03-25,-56.750039531,7,1,0,6
BASE,GSI-4393,2024-falling,2024,falling,EVENT_YEAR_RELATIVE,0.90,2024-05-21,0.28178942714048411,0.0037314119157778186,False,,,,6,0,0,6
BASE,GSI-4393,2024-rising,2024,rising,EVENT_YEAR_RELATIVE,0.10,2024-08-24,0.031309936348942684,0.01776144620150347,True,739130.570696683,2024-09-01,8.570696683,17,5,4,12
BASE,GSI-4393,2024-rising,2024,rising,EVENT_YEAR_RELATIVE,0.20,2024-08-24,0.062619872697885368,0.01776144620150347,False,,,,13,0,0,13
BASE,GSI-4393,2024-rising,2024,rising,EVENT_YEAR_RELATIVE,0.25,2024-08-24,0.078274840872356699,0.01776144620150347,False,,,,10,0,0,10
BASE,GSI-4393,2024-rising,2024,rising,EVENT_YEAR_RELATIVE,0.30,2024-08-24,0.093929809046828031,0.01776144620150347,False,,,,9,0,0,9
BASE,GSI-4393,2024-rising,2024,rising,EVENT_YEAR_RELATIVE,0.40,2024-08-24,0.12523974539577074,0.01776144620150347,False,,,,6,0,0,6
BASE,GSI-4393,2024-rising,2024,rising,EVENT_YEAR_RELATIVE,0.50,2024-08-24,0.1565496817447134,0.01776144620150347,False,,,,6,0,0,6
BASE,GSI-4393,2024-rising,2024,rising,EVENT_YEAR_RELATIVE,0.60,2024-08-24,0.18785961809365606,0.01776144620150347,False,,,,6,0,0,6
BASE,GSI-4393,2024-rising,2024,rising,EVENT_YEAR_RELATIVE,0.70,2024-08-24,0.21916955444259875,0.01776144620150347,False,,,,7,0,0,7
BASE,GSI-4393,2024-rising,2024,rising,EVENT_YEAR_RELATIVE,0.75,2024-08-24,0.2348245226170701,0.01776144620150347,False,,,,5,0,0,5
BASE,GSI-4393,2024-rising,2024,rising,EVENT_YEAR_RELATIVE,0.80,2024-08-24,0.25047949079154147,0.01776144620150347,False,,,,7,0,0,7
BASE,GSI-4393,2024-rising,2024,rising,EVENT_YEAR_RELATIVE,0.90,2024-08-24,0.28178942714048411,0.01776144620150347,False,,,,6,0,0,6
BASE,GSI-4393,2025-falling,2025,falling,EVENT_YEAR_RELATIVE,0.10,2025-05-01,0.051984088048802529,0.047195033507445548,True,739371.305844755,2025-04-30,-0.694155245,9,1,0,8
BASE,GSI-4393,2025-falling,2025,falling,EVENT_YEAR_RELATIVE,0.20,2025-05-01,0.10396817609760506,0.047195033507445548,True,739352.779811913,2025-04-11,-19.220188087,9,1,0,8
BASE,GSI-4393,2025-falling,2025,falling,EVENT_YEAR_RELATIVE,0.25,2025-05-01,0.12996022012200631,0.047195033507445548,True,739348.416696555,2025-04-07,-23.583303445,6,1,0,5
BASE,GSI-4393,2025-falling,2025,falling,EVENT_YEAR_RELATIVE,0.30,2025-05-01,0.15595226414640756,0.047195033507445548,True,739345.683503720,2025-04-04,-26.316496280,6,1,0,5
BASE,GSI-4393,2025-falling,2025,falling,EVENT_YEAR_RELATIVE,0.40,2025-05-01,0.20793635219521012,0.047195033507445548,True,739341.201074198,2025-03-31,-30.798925802,6,1,0,5
BASE,GSI-4393,2025-falling,2025,falling,EVENT_YEAR_RELATIVE,0.50,2025-05-01,0.25992044024401262,0.047195033507445548,True,739336.080663552,2025-03-26,-35.919336448,7,1,0,6
BASE,GSI-4393,2025-falling,2025,falling,EVENT_YEAR_RELATIVE,0.60,2025-05-01,0.31190452829281512,0.047195033507445548,True,739329.046515959,2025-03-19,-42.953484041,5,1,0,4
BASE,GSI-4393,2025-falling,2025,falling,EVENT_YEAR_RELATIVE,0.70,2025-05-01,0.36388861634161762,0.047195033507445548,True,739319.124255150,2025-03-09,-52.875744850,1,1,0,0
BASE,GSI-4393,2025-falling,2025,falling,EVENT_YEAR_RELATIVE,0.75,2025-05-01,0.38988066036601893,0.047195033507445548,True,739312.079496699,2025-03-02,-59.920503301,1,1,0,0
BASE,GSI-4393,2025-falling,2025,falling,EVENT_YEAR_RELATIVE,0.80,2025-05-01,0.41587270439042023,0.047195033507445548,True,739306.658481019,2025-02-24,-65.341518981,1,1,0,0
BASE,GSI-4393,2025-falling,2025,falling,EVENT_YEAR_RELATIVE,0.90,2025-05-01,0.46785679243922274,0.047195033507445548,True,739298.374013660,2025-02-16,-73.625986340,1,1,0,0
BASE,GSI-4393,2025-rising,2025,rising,EVENT_YEAR_RELATIVE,0.10,2025-09-05,0.051984088048802529,0.020696646644704792,True,739574.651081919,2025-11-19,75.651081919,9,2,1,7
BASE,GSI-4393,2025-rising,2025,rising,EVENT_YEAR_RELATIVE,0.20,2025-09-05,0.10396817609760506,0.020696646644704792,True,739614.780936405,2025-12-29,115.780936405,9,1,0,8
BASE,GSI-4393,2025-rising,2025,rising,EVENT_YEAR_RELATIVE,0.25,2025-09-05,0.12996022012200631,0.020696646644704792,False,,,,6,0,0,6
BASE,GSI-4393,2025-rising,2025,rising,EVENT_YEAR_RELATIVE,0.30,2025-09-05,0.15595226414640756,0.020696646644704792,False,,,,6,0,0,6
BASE,GSI-4393,2025-rising,2025,rising,EVENT_YEAR_RELATIVE,0.40,2025-09-05,0.20793635219521012,0.020696646644704792,False,,,,6,0,0,6
BASE,GSI-4393,2025-rising,2025,rising,EVENT_YEAR_RELATIVE,0.50,2025-09-05,0.25992044024401262,0.020696646644704792,False,,,,7,0,0,7
BASE,GSI-4393,2025-rising,2025,rising,EVENT_YEAR_RELATIVE,0.60,2025-09-05,0.31190452829281512,0.020696646644704792,False,,,,5,0,0,5
BASE,GSI-4393,2025-rising,2025,rising,EVENT_YEAR_RELATIVE,0.70,2025-09-05,0.36388861634161762,0.020696646644704792,False,,,,1,0,0,1
BASE,GSI-4393,2025-rising,2025,rising,EVENT_YEAR_RELATIVE,0.75,2025-09-05,0.38988066036601893,0.020696646644704792,False,,,,1,0,0,1
BASE,GSI-4393,2025-rising,2025,rising,EVENT_YEAR_RELATIVE,0.80,2025-09-05,0.41587270439042023,0.020696646644704792,False,,,,1,0,0,1
BASE,GSI-4393,2025-rising,2025,rising,EVENT_YEAR_RELATIVE,0.90,2025-09-05,0.46785679243922274,0.020696646644704792,False,,,,1,0,0,1
BASE,GSI-4394,2024-falling,2024,falling,EVENT_YEAR_RELATIVE,0.10,2024-05-21,0.029385849939644184,0.0035021058298558322,True,739012.568009859,2024-05-06,-14.431990141,17,1,0,16
BASE,GSI-4394,2024-falling,2024,falling,EVENT_YEAR_RELATIVE,0.20,2024-05-21,0.058771699879288368,0.0035021058298558322,True,739006.437730776,2024-04-30,-20.562269224,13,1,0,12
BASE,GSI-4394,2024-falling,2024,falling,EVENT_YEAR_RELATIVE,0.25,2024-05-21,0.073464624849110455,0.0035021058298558322,True,738998.434165748,2024-04-22,-28.565834252,10,1,0,9
BASE,GSI-4394,2024-falling,2024,falling,EVENT_YEAR_RELATIVE,0.30,2024-05-21,0.088157549818932548,0.0035021058298558322,True,738995.714484539,2024-04-19,-31.285515461,9,1,0,8
BASE,GSI-4394,2024-falling,2024,falling,EVENT_YEAR_RELATIVE,0.40,2024-05-21,0.11754339975857674,0.0035021058298558322,True,738985.580671890,2024-04-09,-41.419328110,6,1,0,5
BASE,GSI-4394,2024-falling,2024,falling,EVENT_YEAR_RELATIVE,0.50,2024-05-21,0.14692924969822091,0.0035021058298558322,True,738947.212052154,2024-03-02,-79.787947846,6,2,1,4
BASE,GSI-4394,2024-falling,2024,falling,EVENT_YEAR_RELATIVE,0.60,2024-05-21,0.1763150996378651,0.0035021058298558322,True,738942.176017643,2024-02-26,-84.823982357,6,2,1,4
BASE,GSI-4394,2024-falling,2024,falling,EVENT_YEAR_RELATIVE,0.70,2024-05-21,0.20570094957750926,0.0035021058298558322,True,738938.185206218,2024-02-22,-88.814793782,7,3,2,4
BASE,GSI-4394,2024-falling,2024,falling,EVENT_YEAR_RELATIVE,0.75,2024-05-21,0.22039387454733136,0.0035021058298558322,True,738972.174655581,2024-03-27,-54.825344419,5,1,0,4
BASE,GSI-4394,2024-falling,2024,falling,EVENT_YEAR_RELATIVE,0.80,2024-05-21,0.23508679951715347,0.0035021058298558322,True,738970.249960469,2024-03-25,-56.750039531,7,1,0,6
BASE,GSI-4394,2024-falling,2024,falling,EVENT_YEAR_RELATIVE,0.90,2024-05-21,0.26447264945679766,0.0035021058298558322,False,,,,6,0,0,6
BASE,GSI-4394,2024-rising,2024,rising,EVENT_YEAR_RELATIVE,0.10,2024-08-24,0.029385849939644184,0.016669953811837425,True,739130.570696683,2024-09-01,8.570696683,17,5,4,12
BASE,GSI-4394,2024-rising,2024,rising,EVENT_YEAR_RELATIVE,0.20,2024-08-24,0.058771699879288368,0.016669953811837425,False,,,,13,0,0,13
BASE,GSI-4394,2024-rising,2024,rising,EVENT_YEAR_RELATIVE,0.25,2024-08-24,0.073464624849110455,0.016669953811837425,False,,,,10,0,0,10
BASE,GSI-4394,2024-rising,2024,rising,EVENT_YEAR_RELATIVE,0.30,2024-08-24,0.088157549818932548,0.016669953811837425,False,,,,9,0,0,9
BASE,GSI-4394,2024-rising,2024,rising,EVENT_YEAR_RELATIVE,0.40,2024-08-24,0.11754339975857674,0.016669953811837425,False,,,,6,0,0,6
BASE,GSI-4394,2024-rising,2024,rising,EVENT_YEAR_RELATIVE,0.50,2024-08-24,0.14692924969822091,0.016669953811837425,False,,,,6,0,0,6
BASE,GSI-4394,2024-rising,2024,rising,EVENT_YEAR_RELATIVE,0.60,2024-08-24,0.1763150996378651,0.016669953811837425,False,,,,6,0,0,6
BASE,GSI-4394,2024-rising,2024,rising,EVENT_YEAR_RELATIVE,0.70,2024-08-24,0.20570094957750926,0.016669953811837425,False,,,,7,0,0,7
BASE,GSI-4394,2024-rising,2024,rising,EVENT_YEAR_RELATIVE,0.75,2024-08-24,0.22039387454733136,0.016669953811837425,False,,,,5,0,0,5
BASE,GSI-4394,2024-rising,2024,rising,EVENT_YEAR_RELATIVE,0.80,2024-08-24,0.23508679951715347,0.016669953811837425,False,,,,7,0,0,7
BASE,GSI-4394,2024-rising,2024,rising,EVENT_YEAR_RELATIVE,0.90,2024-08-24,0.26447264945679766,0.016669953811837425,False,,,,6,0,0,6
BASE,GSI-4394,2025-falling,2025,falling,EVENT_YEAR_RELATIVE,0.10,2025-05-01,0.048789515048086256,0.044294761799894479,True,739371.305844755,2025-04-30,-0.694155245,9,1,0,8
BASE,GSI-4394,2025-falling,2025,falling,EVENT_YEAR_RELATIVE,0.20,2025-05-01,0.097579030096172512,0.044294761799894479,True,739352.779811913,2025-04-11,-19.220188087,9,1,0,8
BASE,GSI-4394,2025-falling,2025,falling,EVENT_YEAR_RELATIVE,0.25,2025-05-01,0.12197378762021563,0.044294761799894479,True,739348.416696555,2025-04-07,-23.583303445,6,1,0,5
BASE,GSI-4394,2025-falling,2025,falling,EVENT_YEAR_RELATIVE,0.30,2025-05-01,0.14636854514425876,0.044294761799894479,True,739345.683503720,2025-04-04,-26.316496280,6,1,0,5
BASE,GSI-4394,2025-falling,2025,falling,EVENT_YEAR_RELATIVE,0.40,2025-05-01,0.19515806019234502,0.044294761799894479,True,739341.201074198,2025-03-31,-30.798925802,6,1,0,5
BASE,GSI-4394,2025-falling,2025,falling,EVENT_YEAR_RELATIVE,0.50,2025-05-01,0.24394757524043126,0.044294761799894479,True,739336.080663552,2025-03-26,-35.919336448,7,1,0,6
BASE,GSI-4394,2025-falling,2025,falling,EVENT_YEAR_RELATIVE,0.60,2025-05-01,0.29273709028851752,0.044294761799894479,True,739329.046515959,2025-03-19,-42.953484041,5,1,0,4
BASE,GSI-4394,2025-falling,2025,falling,EVENT_YEAR_RELATIVE,0.70,2025-05-01,0.34152660533660373,0.044294761799894479,True,739319.124255150,2025-03-09,-52.875744850,1,1,0,0
BASE,GSI-4394,2025-falling,2025,falling,EVENT_YEAR_RELATIVE,0.75,2025-05-01,0.36592136286064691,0.044294761799894479,True,739312.079496699,2025-03-02,-59.920503301,1,1,0,0
BASE,GSI-4394,2025-falling,2025,falling,EVENT_YEAR_RELATIVE,0.80,2025-05-01,0.39031612038469005,0.044294761799894479,True,739306.658481019,2025-02-24,-65.341518981,1,1,0,0
BASE,GSI-4394,2025-falling,2025,falling,EVENT_YEAR_RELATIVE,0.90,2025-05-01,0.43910563543277625,0.044294761799894479,True,739298.374013660,2025-02-16,-73.625986340,1,1,0,0
BASE,GSI-4394,2025-rising,2025,rising,EVENT_YEAR_RELATIVE,0.10,2025-09-05,0.048789515048086256,0.019424777673675259,True,739574.651081919,2025-11-19,75.651081919,9,2,1,7
BASE,GSI-4394,2025-rising,2025,rising,EVENT_YEAR_RELATIVE,0.20,2025-09-05,0.097579030096172512,0.019424777673675259,True,739614.780936405,2025-12-29,115.780936405,9,1,0,8
BASE,GSI-4394,2025-rising,2025,rising,EVENT_YEAR_RELATIVE,0.25,2025-09-05,0.12197378762021563,0.019424777673675259,False,,,,6,0,0,6
BASE,GSI-4394,2025-rising,2025,rising,EVENT_YEAR_RELATIVE,0.30,2025-09-05,0.14636854514425876,0.019424777673675259,False,,,,6,0,0,6
BASE,GSI-4394,2025-rising,2025,rising,EVENT_YEAR_RELATIVE,0.40,2025-09-05,0.19515806019234502,0.019424777673675259,False,,,,6,0,0,6
BASE,GSI-4394,2025-rising,2025,rising,EVENT_YEAR_RELATIVE,0.50,2025-09-05,0.24394757524043126,0.019424777673675259,False,,,,7,0,0,7
BASE,GSI-4394,2025-rising,2025,rising,EVENT_YEAR_RELATIVE,0.60,2025-09-05,0.29273709028851752,0.019424777673675259,False,,,,5,0,0,5
BASE,GSI-4394,2025-rising,2025,rising,EVENT_YEAR_RELATIVE,0.70,2025-09-05,0.34152660533660373,0.019424777673675259,False,,,,1,0,0,1
BASE,GSI-4394,2025-rising,2025,rising,EVENT_YEAR_RELATIVE,0.75,2025-09-05,0.36592136286064691,0.019424777673675259,False,,,,1,0,0,1
BASE,GSI-4394,2025-rising,2025,rising,EVENT_YEAR_RELATIVE,0.80,2025-09-05,0.39031612038469005,0.019424777673675259,False,,,,1,0,0,1
BASE,GSI-4394,2025-rising,2025,rising,EVENT_YEAR_RELATIVE,0.90,2025-09-05,0.43910563543277625,0.019424777673675259,False,,,,1,0,0,1
BASE,GSI-4395,2024-falling,2024,falling,EVENT_YEAR_RELATIVE,0.10,2024-05-21,0.02934227308546632,0.0034969124883198035,True,739012.568009859,2024-05-06,-14.431990141,17,1,0,16
BASE,GSI-4395,2024-falling,2024,falling,EVENT_YEAR_RELATIVE,0.20,2024-05-21,0.05868454617093264,0.0034969124883198035,True,739006.437730776,2024-04-30,-20.562269224,13,1,0,12
BASE,GSI-4395,2024-falling,2024,falling,EVENT_YEAR_RELATIVE,0.25,2024-05-21,0.073355682713665799,0.0034969124883198035,True,738998.434165748,2024-04-22,-28.565834252,10,1,0,9
BASE,GSI-4395,2024-falling,2024,falling,EVENT_YEAR_RELATIVE,0.30,2024-05-21,0.08802681925639895,0.0034969124883198035,True,738995.714484539,2024-04-19,-31.285515461,9,1,0,8
BASE,GSI-4395,2024-falling,2024,falling,EVENT_YEAR_RELATIVE,0.40,2024-05-21,0.11736909234186528,0.0034969124883198035,True,738985.580671890,2024-04-09,-41.419328110,6,1,0,5
BASE,GSI-4395,2024-falling,2024,falling,EVENT_YEAR_RELATIVE,0.50,2024-05-21,0.1467113654273316,0.0034969124883198035,True,738947.212052154,2024-03-02,-79.787947846,6,2,1,4
BASE,GSI-4395,2024-falling,2024,falling,EVENT_YEAR_RELATIVE,0.60,2024-05-21,0.1760536385127979,0.0034969124883198035,True,738942.176017643,2024-02-26,-84.823982357,6,2,1,4
BASE,GSI-4395,2024-falling,2024,falling,EVENT_YEAR_RELATIVE,0.70,2024-05-21,0.20539591159826423,0.0034969124883198035,True,738938.185206218,2024-02-22,-88.814793782,7,3,2,4
BASE,GSI-4395,2024-falling,2024,falling,EVENT_YEAR_RELATIVE,0.75,2024-05-21,0.2200670481409974,0.0034969124883198035,True,738972.174655581,2024-03-27,-54.825344419,5,1,0,4
BASE,GSI-4395,2024-falling,2024,falling,EVENT_YEAR_RELATIVE,0.80,2024-05-21,0.23473818468373056,0.0034969124883198035,True,738970.249960469,2024-03-25,-56.750039531,7,1,0,6
BASE,GSI-4395,2024-falling,2024,falling,EVENT_YEAR_RELATIVE,0.90,2024-05-21,0.26408045776919686,0.0034969124883198035,False,,,,6,0,0,6
BASE,GSI-4395,2024-rising,2024,rising,EVENT_YEAR_RELATIVE,0.10,2024-08-24,0.02934227308546632,0.016645233609838769,True,739130.570696683,2024-09-01,8.570696683,17,5,4,12
BASE,GSI-4395,2024-rising,2024,rising,EVENT_YEAR_RELATIVE,0.20,2024-08-24,0.05868454617093264,0.016645233609838769,False,,,,13,0,0,13
BASE,GSI-4395,2024-rising,2024,rising,EVENT_YEAR_RELATIVE,0.25,2024-08-24,0.073355682713665799,0.016645233609838769,False,,,,10,0,0,10
BASE,GSI-4395,2024-rising,2024,rising,EVENT_YEAR_RELATIVE,0.30,2024-08-24,0.08802681925639895,0.016645233609838769,False,,,,9,0,0,9
BASE,GSI-4395,2024-rising,2024,rising,EVENT_YEAR_RELATIVE,0.40,2024-08-24,0.11736909234186528,0.016645233609838769,False,,,,6,0,0,6
BASE,GSI-4395,2024-rising,2024,rising,EVENT_YEAR_RELATIVE,0.50,2024-08-24,0.1467113654273316,0.016645233609838769,False,,,,6,0,0,6
BASE,GSI-4395,2024-rising,2024,rising,EVENT_YEAR_RELATIVE,0.60,2024-08-24,0.1760536385127979,0.016645233609838769,False,,,,6,0,0,6
BASE,GSI-4395,2024-rising,2024,rising,EVENT_YEAR_RELATIVE,0.70,2024-08-24,0.20539591159826423,0.016645233609838769,False,,,,7,0,0,7
BASE,GSI-4395,2024-rising,2024,rising,EVENT_YEAR_RELATIVE,0.75,2024-08-24,0.2200670481409974,0.016645233609838769,False,,,,5,0,0,5
BASE,GSI-4395,2024-rising,2024,rising,EVENT_YEAR_RELATIVE,0.80,2024-08-24,0.23473818468373056,0.016645233609838769,False,,,,7,0,0,7
BASE,GSI-4395,2024-rising,2024,rising,EVENT_YEAR_RELATIVE,0.90,2024-08-24,0.26408045776919686,0.016645233609838769,False,,,,6,0,0,6
BASE,GSI-4395,2025-falling,2025,falling,EVENT_YEAR_RELATIVE,0.10,2025-05-01,0.048717164117722631,0.044229076227424682,True,739371.305844755,2025-04-30,-0.694155245,9,1,0,8
BASE,GSI-4395,2025-falling,2025,falling,EVENT_YEAR_RELATIVE,0.20,2025-05-01,0.097434328235445261,0.044229076227424682,True,739352.779811913,2025-04-11,-19.220188087,9,1,0,8
BASE,GSI-4395,2025-falling,2025,falling,EVENT_YEAR_RELATIVE,0.25,2025-05-01,0.12179291029430657,0.044229076227424682,True,739348.416696555,2025-04-07,-23.583303445,6,1,0,5
BASE,GSI-4395,2025-falling,2025,falling,EVENT_YEAR_RELATIVE,0.30,2025-05-01,0.14615149235316788,0.044229076227424682,True,739345.683503720,2025-04-04,-26.316496280,6,1,0,5
BASE,GSI-4395,2025-falling,2025,falling,EVENT_YEAR_RELATIVE,0.40,2025-05-01,0.19486865647089052,0.044229076227424682,True,739341.201074198,2025-03-31,-30.798925802,6,1,0,5
BASE,GSI-4395,2025-falling,2025,falling,EVENT_YEAR_RELATIVE,0.50,2025-05-01,0.24358582058861314,0.044229076227424682,True,739336.080663552,2025-03-26,-35.919336448,7,1,0,6
BASE,GSI-4395,2025-falling,2025,falling,EVENT_YEAR_RELATIVE,0.60,2025-05-01,0.29230298470633576,0.044229076227424682,True,739329.046515959,2025-03-19,-42.953484041,5,1,0,4
BASE,GSI-4395,2025-falling,2025,falling,EVENT_YEAR_RELATIVE,0.70,2025-05-01,0.3410201488240584,0.044229076227424682,True,739319.124255150,2025-03-09,-52.875744850,1,1,0,0
BASE,GSI-4395,2025-falling,2025,falling,EVENT_YEAR_RELATIVE,0.75,2025-05-01,0.36537873088291972,0.044229076227424682,True,739312.079496699,2025-03-02,-59.920503301,1,1,0,0
BASE,GSI-4395,2025-falling,2025,falling,EVENT_YEAR_RELATIVE,0.80,2025-05-01,0.38973731294178104,0.044229076227424682,True,739306.658481019,2025-02-24,-65.341518981,1,1,0,0
BASE,GSI-4395,2025-falling,2025,falling,EVENT_YEAR_RELATIVE,0.90,2025-05-01,0.43845447705950363,0.044229076227424682,True,739298.374013660,2025-02-16,-73.625986340,1,1,0,0
BASE,GSI-4395,2025-rising,2025,rising,EVENT_YEAR_RELATIVE,0.10,2025-09-05,0.048717164117722631,0.019395972289251745,True,739574.651081919,2025-11-19,75.651081919,9,2,1,7
BASE,GSI-4395,2025-rising,2025,rising,EVENT_YEAR_RELATIVE,0.20,2025-09-05,0.097434328235445261,0.019395972289251745,True,739614.780936405,2025-12-29,115.780936405,9,1,0,8
BASE,GSI-4395,2025-rising,2025,rising,EVENT_YEAR_RELATIVE,0.25,2025-09-05,0.12179291029430657,0.019395972289251745,False,,,,6,0,0,6
BASE,GSI-4395,2025-rising,2025,rising,EVENT_YEAR_RELATIVE,0.30,2025-09-05,0.14615149235316788,0.019395972289251745,False,,,,6,0,0,6
BASE,GSI-4395,2025-rising,2025,rising,EVENT_YEAR_RELATIVE,0.40,2025-09-05,0.19486865647089052,0.019395972289251745,False,,,,6,0,0,6
BASE,GSI-4395,2025-rising,2025,rising,EVENT_YEAR_RELATIVE,0.50,2025-09-05,0.24358582058861314,0.019395972289251745,False,,,,7,0,0,7
BASE,GSI-4395,2025-rising,2025,rising,EVENT_YEAR_RELATIVE,0.60,2025-09-05,0.29230298470633576,0.019395972289251745,False,,,,5,0,0,5
BASE,GSI-4395,2025-rising,2025,rising,EVENT_YEAR_RELATIVE,0.70,2025-09-05,0.3410201488240584,0.019395972289251745,False,,,,1,0,0,1
BASE,GSI-4395,2025-rising,2025,rising,EVENT_YEAR_RELATIVE,0.75,2025-09-05,0.36537873088291972,0.019395972289251745,False,,,,1,0,0,1
BASE,GSI-4395,2025-rising,2025,rising,EVENT_YEAR_RELATIVE,0.80,2025-09-05,0.38973731294178104,0.019395972289251745,False,,,,1,0,0,1
BASE,GSI-4395,2025-rising,2025,rising,EVENT_YEAR_RELATIVE,0.90,2025-09-05,0.43845447705950363,0.019395972289251745,False,,,,1,0,0,1
BASE,GSI-4398,2024-falling,2024,falling,EVENT_YEAR_RELATIVE,0.10,2024-05-21,0.029662544392501478,0,True,739002.548357096,2024-04-26,-24.451642904,13,1,0,12
BASE,GSI-4398,2024-falling,2024,falling,EVENT_YEAR_RELATIVE,0.20,2024-05-21,0.059325088785002957,0,True,738991.876447274,2024-04-15,-35.123552726,14,1,0,13
BASE,GSI-4398,2024-falling,2024,falling,EVENT_YEAR_RELATIVE,0.25,2024-05-21,0.074156360981253694,0,True,738988.238569571,2024-04-12,-38.761430429,9,1,0,8
BASE,GSI-4398,2024-falling,2024,falling,EVENT_YEAR_RELATIVE,0.30,2024-05-21,0.088987633177504424,0,True,738985.318438715,2024-04-09,-41.681561285,10,1,0,9
BASE,GSI-4398,2024-falling,2024,falling,EVENT_YEAR_RELATIVE,0.40,2024-05-21,0.11865017757000591,0,True,738980.674622555,2024-04-04,-46.325377445,6,1,0,5
BASE,GSI-4398,2024-falling,2024,falling,EVENT_YEAR_RELATIVE,0.50,2024-05-21,0.14831272196250739,0,True,738944.664576350,2024-02-28,-82.335423650,6,2,1,4
BASE,GSI-4398,2024-falling,2024,falling,EVENT_YEAR_RELATIVE,0.60,2024-05-21,0.17797526635500885,0,True,738941.773209933,2024-02-25,-85.226790067,6,2,1,4
BASE,GSI-4398,2024-falling,2024,falling,EVENT_YEAR_RELATIVE,0.70,2024-05-21,0.20763781074751034,0,False,,,,4,0,0,4
BASE,GSI-4398,2024-falling,2024,falling,EVENT_YEAR_RELATIVE,0.75,2024-05-21,0.22246908294376108,0,False,,,,5,0,0,5
BASE,GSI-4398,2024-falling,2024,falling,EVENT_YEAR_RELATIVE,0.80,2024-05-21,0.23730035514001183,0,False,,,,6,0,0,6
BASE,GSI-4398,2024-falling,2024,falling,EVENT_YEAR_RELATIVE,0.90,2024-05-21,0.26696289953251329,0,False,,,,5,0,0,5
BASE,GSI-4398,2024-rising,2024,rising,EVENT_YEAR_RELATIVE,0.10,2024-08-24,0.029662544392501478,0.0032442398350823868,True,739161.887811326,2024-10-02,39.887811326,13,3,2,10
BASE,GSI-4398,2024-rising,2024,rising,EVENT_YEAR_RELATIVE,0.20,2024-08-24,0.059325088785002957,0.0032442398350823868,False,,,,14,0,0,14
BASE,GSI-4398,2024-rising,2024,rising,EVENT_YEAR_RELATIVE,0.25,2024-08-24,0.074156360981253694,0.0032442398350823868,False,,,,9,0,0,9
BASE,GSI-4398,2024-rising,2024,rising,EVENT_YEAR_RELATIVE,0.30,2024-08-24,0.088987633177504424,0.0032442398350823868,False,,,,10,0,0,10
BASE,GSI-4398,2024-rising,2024,rising,EVENT_YEAR_RELATIVE,0.40,2024-08-24,0.11865017757000591,0.0032442398350823868,False,,,,6,0,0,6
BASE,GSI-4398,2024-rising,2024,rising,EVENT_YEAR_RELATIVE,0.50,2024-08-24,0.14831272196250739,0.0032442398350823868,False,,,,6,0,0,6
BASE,GSI-4398,2024-rising,2024,rising,EVENT_YEAR_RELATIVE,0.60,2024-08-24,0.17797526635500885,0.0032442398350823868,False,,,,6,0,0,6
BASE,GSI-4398,2024-rising,2024,rising,EVENT_YEAR_RELATIVE,0.70,2024-08-24,0.20763781074751034,0.0032442398350823868,False,,,,4,0,0,4
BASE,GSI-4398,2024-rising,2024,rising,EVENT_YEAR_RELATIVE,0.75,2024-08-24,0.22246908294376108,0.0032442398350823868,False,,,,5,0,0,5
BASE,GSI-4398,2024-rising,2024,rising,EVENT_YEAR_RELATIVE,0.80,2024-08-24,0.23730035514001183,0.0032442398350823868,False,,,,6,0,0,6
BASE,GSI-4398,2024-rising,2024,rising,EVENT_YEAR_RELATIVE,0.90,2024-08-24,0.26696289953251329,0.0032442398350823868,False,,,,5,0,0,5
BASE,GSI-4398,2025-falling,2025,falling,EVENT_YEAR_RELATIVE,0.10,2025-05-01,0.048160848301998543,0.014758261599542508,True,739356.231273284,2025-04-15,-15.768726716,9,1,0,8
BASE,GSI-4398,2025-falling,2025,falling,EVENT_YEAR_RELATIVE,0.20,2025-05-01,0.096321696603997087,0.014758261599542508,True,739348.347055568,2025-04-07,-23.652944432,9,1,0,8
BASE,GSI-4398,2025-falling,2025,falling,EVENT_YEAR_RELATIVE,0.25,2025-05-01,0.12040212075499636,0.014758261599542508,True,739345.533191252,2025-04-04,-26.466808748,6,1,0,5
BASE,GSI-4398,2025-falling,2025,falling,EVENT_YEAR_RELATIVE,0.30,2025-05-01,0.14448254490599563,0.014758261599542508,True,739342.793355149,2025-04-01,-29.206644851,6,1,0,5
BASE,GSI-4398,2025-falling,2025,falling,EVENT_YEAR_RELATIVE,0.40,2025-05-01,0.19264339320799417,0.014758261599542508,True,739337.976173791,2025-03-27,-34.023826209,6,1,0,5
BASE,GSI-4398,2025-falling,2025,falling,EVENT_YEAR_RELATIVE,0.50,2025-05-01,0.24080424150999272,0.014758261599542508,True,739332.195000701,2025-03-22,-39.804999299,6,1,0,5
BASE,GSI-4398,2025-falling,2025,falling,EVENT_YEAR_RELATIVE,0.60,2025-05-01,0.28896508981199126,0.014758261599542508,True,739325.216286676,2025-03-15,-46.783713324,4,1,0,3
BASE,GSI-4398,2025-falling,2025,falling,EVENT_YEAR_RELATIVE,0.70,2025-05-01,0.33712593811398978,0.014758261599542508,True,739313.883283366,2025-03-03,-58.116716634,1,1,0,0
BASE,GSI-4398,2025-falling,2025,falling,EVENT_YEAR_RELATIVE,0.75,2025-05-01,0.36120636226498909,0.014758261599542508,True,739309.316434403,2025-02-27,-62.683565597,1,1,0,0
BASE,GSI-4398,2025-falling,2025,falling,EVENT_YEAR_RELATIVE,0.80,2025-05-01,0.38528678641598835,0.014758261599542508,True,739304.885152105,2025-02-22,-67.114847895,1,1,0,0
BASE,GSI-4398,2025-falling,2025,falling,EVENT_YEAR_RELATIVE,0.90,2025-05-01,0.43344763471798692,0.014758261599542508,True,739297.857926272,2025-02-15,-74.142073728,1,1,0,0
BASE,GSI-4398,2025-rising,2025,rising,EVENT_YEAR_RELATIVE,0.10,2025-09-05,0.048160848301998543,0.0063223286530039741,True,739574.604447284,2025-11-19,75.604447284,9,2,1,7
BASE,GSI-4398,2025-rising,2025,rising,EVENT_YEAR_RELATIVE,0.20,2025-09-05,0.096321696603997087,0.0063223286530039741,True,739614.452982252,2025-12-29,115.452982252,9,1,0,8
BASE,GSI-4398,2025-rising,2025,rising,EVENT_YEAR_RELATIVE,0.25,2025-09-05,0.12040212075499636,0.0063223286530039741,False,,,,6,0,0,6
BASE,GSI-4398,2025-rising,2025,rising,EVENT_YEAR_RELATIVE,0.30,2025-09-05,0.14448254490599563,0.0063223286530039741,False,,,,6,0,0,6
BASE,GSI-4398,2025-rising,2025,rising,EVENT_YEAR_RELATIVE,0.40,2025-09-05,0.19264339320799417,0.0063223286530039741,False,,,,6,0,0,6
BASE,GSI-4398,2025-rising,2025,rising,EVENT_YEAR_RELATIVE,0.50,2025-09-05,0.24080424150999272,0.0063223286530039741,False,,,,6,0,0,6
BASE,GSI-4398,2025-rising,2025,rising,EVENT_YEAR_RELATIVE,0.60,2025-09-05,0.28896508981199126,0.0063223286530039741,False,,,,4,0,0,4
BASE,GSI-4398,2025-rising,2025,rising,EVENT_YEAR_RELATIVE,0.70,2025-09-05,0.33712593811398978,0.0063223286530039741,False,,,,1,0,0,1
BASE,GSI-4398,2025-rising,2025,rising,EVENT_YEAR_RELATIVE,0.75,2025-09-05,0.36120636226498909,0.0063223286530039741,False,,,,1,0,0,1
BASE,GSI-4398,2025-rising,2025,rising,EVENT_YEAR_RELATIVE,0.80,2025-09-05,0.38528678641598835,0.0063223286530039741,False,,,,1,0,0,1
BASE,GSI-4398,2025-rising,2025,rising,EVENT_YEAR_RELATIVE,0.90,2025-09-05,0.43344763471798692,0.0063223286530039741,False,,,,1,0,0,1
BASE,GSI-4399,2024-falling,2024,falling,EVENT_YEAR_RELATIVE,0.10,2024-05-21,0.027703082687507447,0,True,739002.548357096,2024-04-26,-24.451642904,13,1,0,12
BASE,GSI-4399,2024-falling,2024,falling,EVENT_YEAR_RELATIVE,0.20,2024-05-21,0.055406165375014894,0,True,738991.876447274,2024-04-15,-35.123552726,14,1,0,13
BASE,GSI-4399,2024-falling,2024,falling,EVENT_YEAR_RELATIVE,0.25,2024-05-21,0.069257706718768616,0,True,738988.238569571,2024-04-12,-38.761430429,9,1,0,8
BASE,GSI-4399,2024-falling,2024,falling,EVENT_YEAR_RELATIVE,0.30,2024-05-21,0.083109248062522331,0,True,738985.318438715,2024-04-09,-41.681561285,10,1,0,9
BASE,GSI-4399,2024-falling,2024,falling,EVENT_YEAR_RELATIVE,0.40,2024-05-21,0.11081233075002979,0,True,738980.674622555,2024-04-04,-46.325377445,6,1,0,5
BASE,GSI-4399,2024-falling,2024,falling,EVENT_YEAR_RELATIVE,0.50,2024-05-21,0.13851541343753723,0,True,738944.664576350,2024-02-28,-82.335423650,6,2,1,4
BASE,GSI-4399,2024-falling,2024,falling,EVENT_YEAR_RELATIVE,0.60,2024-05-21,0.16621849612504466,0,True,738941.773209933,2024-02-25,-85.226790067,6,2,1,4
BASE,GSI-4399,2024-falling,2024,falling,EVENT_YEAR_RELATIVE,0.70,2024-05-21,0.19392157881255212,0,False,,,,4,0,0,4
BASE,GSI-4399,2024-falling,2024,falling,EVENT_YEAR_RELATIVE,0.75,2024-05-21,0.20777312015630583,0,False,,,,5,0,0,5
BASE,GSI-4399,2024-falling,2024,falling,EVENT_YEAR_RELATIVE,0.80,2024-05-21,0.22162466150005958,0,False,,,,6,0,0,6
BASE,GSI-4399,2024-falling,2024,falling,EVENT_YEAR_RELATIVE,0.90,2024-05-21,0.24932774418756704,0,False,,,,5,0,0,5
BASE,GSI-4399,2024-rising,2024,rising,EVENT_YEAR_RELATIVE,0.10,2024-08-24,0.027703082687507447,0.0030299303802175811,True,739161.887811326,2024-10-02,39.887811326,13,3,2,10
BASE,GSI-4399,2024-rising,2024,rising,EVENT_YEAR_RELATIVE,0.20,2024-08-24,0.055406165375014894,0.0030299303802175811,False,,,,14,0,0,14
BASE,GSI-4399,2024-rising,2024,rising,EVENT_YEAR_RELATIVE,0.25,2024-08-24,0.069257706718768616,0.0030299303802175811,False,,,,9,0,0,9
BASE,GSI-4399,2024-rising,2024,rising,EVENT_YEAR_RELATIVE,0.30,2024-08-24,0.083109248062522331,0.0030299303802175811,False,,,,10,0,0,10
BASE,GSI-4399,2024-rising,2024,rising,EVENT_YEAR_RELATIVE,0.40,2024-08-24,0.11081233075002979,0.0030299303802175811,False,,,,6,0,0,6
BASE,GSI-4399,2024-rising,2024,rising,EVENT_YEAR_RELATIVE,0.50,2024-08-24,0.13851541343753723,0.0030299303802175811,False,,,,6,0,0,6
BASE,GSI-4399,2024-rising,2024,rising,EVENT_YEAR_RELATIVE,0.60,2024-08-24,0.16621849612504466,0.0030299303802175811,False,,,,6,0,0,6
BASE,GSI-4399,2024-rising,2024,rising,EVENT_YEAR_RELATIVE,0.70,2024-08-24,0.19392157881255212,0.0030299303802175811,False,,,,4,0,0,4
BASE,GSI-4399,2024-rising,2024,rising,EVENT_YEAR_RELATIVE,0.75,2024-08-24,0.20777312015630583,0.0030299303802175811,False,,,,5,0,0,5
BASE,GSI-4399,2024-rising,2024,rising,EVENT_YEAR_RELATIVE,0.80,2024-08-24,0.22162466150005958,0.0030299303802175811,False,,,,6,0,0,6
BASE,GSI-4399,2024-rising,2024,rising,EVENT_YEAR_RELATIVE,0.90,2024-08-24,0.24932774418756704,0.0030299303802175811,False,,,,5,0,0,5
BASE,GSI-4399,2025-falling,2025,falling,EVENT_YEAR_RELATIVE,0.10,2025-05-01,0.044979417313507596,0.013783353713896065,True,739356.231273284,2025-04-15,-15.768726716,9,1,0,8
BASE,GSI-4399,2025-falling,2025,falling,EVENT_YEAR_RELATIVE,0.20,2025-05-01,0.089958834627015191,0.013783353713896065,True,739348.347055568,2025-04-07,-23.652944432,9,1,0,8
BASE,GSI-4399,2025-falling,2025,falling,EVENT_YEAR_RELATIVE,0.25,2025-05-01,0.11244854328376898,0.013783353713896065,True,739345.533191252,2025-04-04,-26.466808748,6,1,0,5
BASE,GSI-4399,2025-falling,2025,falling,EVENT_YEAR_RELATIVE,0.30,2025-05-01,0.13493825194052278,0.013783353713896065,True,739342.793355149,2025-04-01,-29.206644851,6,1,0,5
BASE,GSI-4399,2025-falling,2025,falling,EVENT_YEAR_RELATIVE,0.40,2025-05-01,0.17991766925403038,0.013783353713896065,True,739337.976173791,2025-03-27,-34.023826209,6,1,0,5
BASE,GSI-4399,2025-falling,2025,falling,EVENT_YEAR_RELATIVE,0.50,2025-05-01,0.22489708656753796,0.013783353713896065,True,739332.195000701,2025-03-22,-39.804999299,6,1,0,5
BASE,GSI-4399,2025-falling,2025,falling,EVENT_YEAR_RELATIVE,0.60,2025-05-01,0.26987650388104556,0.013783353713896065,True,739325.216286676,2025-03-15,-46.783713324,4,1,0,3
BASE,GSI-4399,2025-falling,2025,falling,EVENT_YEAR_RELATIVE,0.70,2025-05-01,0.31485592119455313,0.013783353713896065,True,739313.883283366,2025-03-03,-58.116716634,1,1,0,0
BASE,GSI-4399,2025-falling,2025,falling,EVENT_YEAR_RELATIVE,0.75,2025-05-01,0.33734562985130695,0.013783353713896065,True,739309.316434403,2025-02-27,-62.683565597,1,1,0,0
BASE,GSI-4399,2025-falling,2025,falling,EVENT_YEAR_RELATIVE,0.80,2025-05-01,0.35983533850806076,0.013783353713896065,True,739304.885152105,2025-02-22,-67.114847895,1,1,0,0
BASE,GSI-4399,2025-falling,2025,falling,EVENT_YEAR_RELATIVE,0.90,2025-05-01,0.40481475582156834,0.013783353713896065,True,739297.857926272,2025-02-15,-74.142073728,1,1,0,0
BASE,GSI-4399,2025-rising,2025,rising,EVENT_YEAR_RELATIVE,0.10,2025-09-05,0.044979417313507596,0.0059046854219303958,True,739574.604447284,2025-11-19,75.604447284,9,2,1,7
BASE,GSI-4399,2025-rising,2025,rising,EVENT_YEAR_RELATIVE,0.20,2025-09-05,0.089958834627015191,0.0059046854219303958,True,739614.452982252,2025-12-29,115.452982252,9,1,0,8
BASE,GSI-4399,2025-rising,2025,rising,EVENT_YEAR_RELATIVE,0.25,2025-09-05,0.11244854328376898,0.0059046854219303958,False,,,,6,0,0,6
BASE,GSI-4399,2025-rising,2025,rising,EVENT_YEAR_RELATIVE,0.30,2025-09-05,0.13493825194052278,0.0059046854219303958,False,,,,6,0,0,6
BASE,GSI-4399,2025-rising,2025,rising,EVENT_YEAR_RELATIVE,0.40,2025-09-05,0.17991766925403038,0.0059046854219303958,False,,,,6,0,0,6
BASE,GSI-4399,2025-rising,2025,rising,EVENT_YEAR_RELATIVE,0.50,2025-09-05,0.22489708656753796,0.0059046854219303958,False,,,,6,0,0,6
BASE,GSI-4399,2025-rising,2025,rising,EVENT_YEAR_RELATIVE,0.60,2025-09-05,0.26987650388104556,0.0059046854219303958,False,,,,4,0,0,4
BASE,GSI-4399,2025-rising,2025,rising,EVENT_YEAR_RELATIVE,0.70,2025-09-05,0.31485592119455313,0.0059046854219303958,False,,,,1,0,0,1
BASE,GSI-4399,2025-rising,2025,rising,EVENT_YEAR_RELATIVE,0.75,2025-09-05,0.33734562985130695,0.0059046854219303958,False,,,,1,0,0,1
BASE,GSI-4399,2025-rising,2025,rising,EVENT_YEAR_RELATIVE,0.80,2025-09-05,0.35983533850806076,0.0059046854219303958,False,,,,1,0,0,1
BASE,GSI-4399,2025-rising,2025,rising,EVENT_YEAR_RELATIVE,0.90,2025-09-05,0.40481475582156834,0.0059046854219303958,False,,,,1,0,0,1
BASE,GSI-4400,2024-falling,2024,falling,EVENT_YEAR_RELATIVE,0.10,2024-05-21,0.027658927325925804,0,True,739002.548357096,2024-04-26,-24.451642904,13,1,0,12
BASE,GSI-4400,2024-falling,2024,falling,EVENT_YEAR_RELATIVE,0.20,2024-05-21,0.055317854651851607,0,True,738991.876447274,2024-04-15,-35.123552726,14,1,0,13
BASE,GSI-4400,2024-falling,2024,falling,EVENT_YEAR_RELATIVE,0.25,2024-05-21,0.069147318314814507,0,True,738988.238569571,2024-04-12,-38.761430429,9,1,0,8
BASE,GSI-4400,2024-falling,2024,falling,EVENT_YEAR_RELATIVE,0.30,2024-05-21,0.0829767819777774,0,True,738985.318438715,2024-04-09,-41.681561285,10,1,0,9
BASE,GSI-4400,2024-falling,2024,falling,EVENT_YEAR_RELATIVE,0.40,2024-05-21,0.11063570930370321,0,True,738980.674622555,2024-04-04,-46.325377445,6,1,0,5
BASE,GSI-4400,2024-falling,2024,falling,EVENT_YEAR_RELATIVE,0.50,2024-05-21,0.13829463662962901,0,True,738944.664576350,2024-02-28,-82.335423650,6,2,1,4
BASE,GSI-4400,2024-falling,2024,falling,EVENT_YEAR_RELATIVE,0.60,2024-05-21,0.1659535639555548,0,True,738941.773209933,2024-02-25,-85.226790067,6,2,1,4
BASE,GSI-4400,2024-falling,2024,falling,EVENT_YEAR_RELATIVE,0.70,2024-05-21,0.19361249128148061,0,False,,,,4,0,0,4
BASE,GSI-4400,2024-falling,2024,falling,EVENT_YEAR_RELATIVE,0.75,2024-05-21,0.20744195494444351,0,False,,,,5,0,0,5
BASE,GSI-4400,2024-falling,2024,falling,EVENT_YEAR_RELATIVE,0.80,2024-05-21,0.22127141860740643,0,False,,,,6,0,0,6
BASE,GSI-4400,2024-falling,2024,falling,EVENT_YEAR_RELATIVE,0.90,2024-05-21,0.24893034593333224,0,False,,,,5,0,0,5
BASE,GSI-4400,2024-rising,2024,rising,EVENT_YEAR_RELATIVE,0.10,2024-08-24,0.027658927325925804,0.0030251010378294133,True,739161.887811326,2024-10-02,39.887811326,13,3,2,10
BASE,GSI-4400,2024-rising,2024,rising,EVENT_YEAR_RELATIVE,0.20,2024-08-24,0.055317854651851607,0.0030251010378294133,False,,,,14,0,0,14
BASE,GSI-4400,2024-rising,2024,rising,EVENT_YEAR_RELATIVE,0.25,2024-08-24,0.069147318314814507,0.0030251010378294133,False,,,,9,0,0,9
BASE,GSI-4400,2024-rising,2024,rising,EVENT_YEAR_RELATIVE,0.30,2024-08-24,0.0829767819777774,0.0030251010378294133,False,,,,10,0,0,10
BASE,GSI-4400,2024-rising,2024,rising,EVENT_YEAR_RELATIVE,0.40,2024-08-24,0.11063570930370321,0.0030251010378294133,False,,,,6,0,0,6
BASE,GSI-4400,2024-rising,2024,rising,EVENT_YEAR_RELATIVE,0.50,2024-08-24,0.13829463662962901,0.0030251010378294133,False,,,,6,0,0,6
BASE,GSI-4400,2024-rising,2024,rising,EVENT_YEAR_RELATIVE,0.60,2024-08-24,0.1659535639555548,0.0030251010378294133,False,,,,6,0,0,6
BASE,GSI-4400,2024-rising,2024,rising,EVENT_YEAR_RELATIVE,0.70,2024-08-24,0.19361249128148061,0.0030251010378294133,False,,,,4,0,0,4
BASE,GSI-4400,2024-rising,2024,rising,EVENT_YEAR_RELATIVE,0.75,2024-08-24,0.20744195494444351,0.0030251010378294133,False,,,,5,0,0,5
BASE,GSI-4400,2024-rising,2024,rising,EVENT_YEAR_RELATIVE,0.80,2024-08-24,0.22127141860740643,0.0030251010378294133,False,,,,6,0,0,6
BASE,GSI-4400,2024-rising,2024,rising,EVENT_YEAR_RELATIVE,0.90,2024-08-24,0.24893034593333224,0.0030251010378294133,False,,,,5,0,0,5
BASE,GSI-4400,2025-falling,2025,falling,EVENT_YEAR_RELATIVE,0.10,2025-05-01,0.044907725565061667,0.013761384715936166,True,739356.231273284,2025-04-15,-15.768726716,9,1,0,8
BASE,GSI-4400,2025-falling,2025,falling,EVENT_YEAR_RELATIVE,0.20,2025-05-01,0.089815451130123333,0.013761384715936166,True,739348.347055568,2025-04-07,-23.652944432,9,1,0,8
BASE,GSI-4400,2025-falling,2025,falling,EVENT_YEAR_RELATIVE,0.25,2025-05-01,0.11226931391265416,0.013761384715936166,True,739345.533191252,2025-04-04,-26.466808748,6,1,0,5
BASE,GSI-4400,2025-falling,2025,falling,EVENT_YEAR_RELATIVE,0.30,2025-05-01,0.13472317669518499,0.013761384715936166,True,739342.793355149,2025-04-01,-29.206644851,6,1,0,5
BASE,GSI-4400,2025-falling,2025,falling,EVENT_YEAR_RELATIVE,0.40,2025-05-01,0.17963090226024667,0.013761384715936166,True,739337.976173791,2025-03-27,-34.023826209,6,1,0,5
BASE,GSI-4400,2025-falling,2025,falling,EVENT_YEAR_RELATIVE,0.50,2025-05-01,0.22453862782530831,0.013761384715936166,True,739332.195000701,2025-03-22,-39.804999299,6,1,0,5
BASE,GSI-4400,2025-falling,2025,falling,EVENT_YEAR_RELATIVE,0.60,2025-05-01,0.26944635339036999,0.013761384715936166,True,739325.216286676,2025-03-15,-46.783713324,4,1,0,3
BASE,GSI-4400,2025-falling,2025,falling,EVENT_YEAR_RELATIVE,0.70,2025-05-01,0.3143540789554316,0.013761384715936166,True,739313.883283366,2025-03-03,-58.116716634,1,1,0,0
BASE,GSI-4400,2025-falling,2025,falling,EVENT_YEAR_RELATIVE,0.75,2025-05-01,0.33680794173796247,0.013761384715936166,True,739309.316434403,2025-02-27,-62.683565597,1,1,0,0
BASE,GSI-4400,2025-falling,2025,falling,EVENT_YEAR_RELATIVE,0.80,2025-05-01,0.35926180452049333,0.013761384715936166,True,739304.885152105,2025-02-22,-67.114847895,1,1,0,0
BASE,GSI-4400,2025-falling,2025,falling,EVENT_YEAR_RELATIVE,0.90,2025-05-01,0.40416953008555495,0.013761384715936166,True,739297.857926272,2025-02-15,-74.142073728,1,1,0,0
BASE,GSI-4400,2025-rising,2025,rising,EVENT_YEAR_RELATIVE,0.10,2025-09-05,0.044907725565061667,0.0058952740678665854,True,739574.604447284,2025-11-19,75.604447284,9,2,1,7
BASE,GSI-4400,2025-rising,2025,rising,EVENT_YEAR_RELATIVE,0.20,2025-09-05,0.089815451130123333,0.0058952740678665854,True,739614.452982252,2025-12-29,115.452982252,9,1,0,8
BASE,GSI-4400,2025-rising,2025,rising,EVENT_YEAR_RELATIVE,0.25,2025-09-05,0.11226931391265416,0.0058952740678665854,False,,,,6,0,0,6
BASE,GSI-4400,2025-rising,2025,rising,EVENT_YEAR_RELATIVE,0.30,2025-09-05,0.13472317669518499,0.0058952740678665854,False,,,,6,0,0,6
BASE,GSI-4400,2025-rising,2025,rising,EVENT_YEAR_RELATIVE,0.40,2025-09-05,0.17963090226024667,0.0058952740678665854,False,,,,6,0,0,6
BASE,GSI-4400,2025-rising,2025,rising,EVENT_YEAR_RELATIVE,0.50,2025-09-05,0.22453862782530831,0.0058952740678665854,False,,,,6,0,0,6
BASE,GSI-4400,2025-rising,2025,rising,EVENT_YEAR_RELATIVE,0.60,2025-09-05,0.26944635339036999,0.0058952740678665854,False,,,,4,0,0,4
BASE,GSI-4400,2025-rising,2025,rising,EVENT_YEAR_RELATIVE,0.70,2025-09-05,0.3143540789554316,0.0058952740678665854,False,,,,1,0,0,1
BASE,GSI-4400,2025-rising,2025,rising,EVENT_YEAR_RELATIVE,0.75,2025-09-05,0.33680794173796247,0.0058952740678665854,False,,,,1,0,0,1
BASE,GSI-4400,2025-rising,2025,rising,EVENT_YEAR_RELATIVE,0.80,2025-09-05,0.35926180452049333,0.0058952740678665854,False,,,,1,0,0,1
BASE,GSI-4400,2025-rising,2025,rising,EVENT_YEAR_RELATIVE,0.90,2025-09-05,0.40416953008555495,0.0058952740678665854,False,,,,1,0,0,1
BASE,GSI-4402,2024-falling,2024,falling,EVENT_YEAR_RELATIVE,0.10,2024-05-21,0.01884954014597752,0,True,738950.949840491,2024-03-05,-76.050159509,9,1,0,8
BASE,GSI-4402,2024-falling,2024,falling,EVENT_YEAR_RELATIVE,0.20,2024-05-21,0.037699080291955039,0,True,738944.372990225,2024-02-28,-82.627009775,10,1,0,9
BASE,GSI-4402,2024-falling,2024,falling,EVENT_YEAR_RELATIVE,0.25,2024-05-21,0.047123850364943799,0,True,738943.001655014,2024-02-27,-83.998344986,9,1,0,8
BASE,GSI-4402,2024-falling,2024,falling,EVENT_YEAR_RELATIVE,0.30,2024-05-21,0.056548620437932559,0,True,738926.353176889,2024-02-10,-100.646823111,7,2,1,5
BASE,GSI-4402,2024-falling,2024,falling,EVENT_YEAR_RELATIVE,0.40,2024-05-21,0.075398160583910079,0,False,,,,4,0,0,4
BASE,GSI-4402,2024-falling,2024,falling,EVENT_YEAR_RELATIVE,0.50,2024-05-21,0.094247700729887599,0,False,,,,3,0,0,3
BASE,GSI-4402,2024-falling,2024,falling,EVENT_YEAR_RELATIVE,0.60,2024-05-21,0.11309724087586512,0,False,,,,4,0,0,4
BASE,GSI-4402,2024-falling,2024,falling,EVENT_YEAR_RELATIVE,0.70,2024-05-21,0.13194678102184262,0,False,,,,4,0,0,4
BASE,GSI-4402,2024-falling,2024,falling,EVENT_YEAR_RELATIVE,0.75,2024-05-21,0.1413715510948314,0,False,,,,5,0,0,5
BASE,GSI-4402,2024-falling,2024,falling,EVENT_YEAR_RELATIVE,0.80,2024-05-21,0.15079632116782016,0,False,,,,4,0,0,4
BASE,GSI-4402,2024-falling,2024,falling,EVENT_YEAR_RELATIVE,0.90,2024-05-21,0.16964586131379769,0,False,,,,3,0,0,3
BASE,GSI-4402,2024-rising,2024,rising,EVENT_YEAR_RELATIVE,0.10,2024-08-24,0.01884954014597752,0,True,739220.677663204,2024-11-30,98.677663204,9,1,0,8
BASE,GSI-4402,2024-rising,2024,rising,EVENT_YEAR_RELATIVE,0.20,2024-08-24,0.037699080291955039,0,False,,,,10,0,0,10
BASE,GSI-4402,2024-rising,2024,rising,EVENT_YEAR_RELATIVE,0.25,2024-08-24,0.047123850364943799,0,False,,,,9,0,0,9
BASE,GSI-4402,2024-rising,2024,rising,EVENT_YEAR_RELATIVE,0.30,2024-08-24,0.056548620437932559,0,False,,,,7,0,0,7
BASE,GSI-4402,2024-rising,2024,rising,EVENT_YEAR_RELATIVE,0.40,2024-08-24,0.075398160583910079,0,False,,,,4,0,0,4
BASE,GSI-4402,2024-rising,2024,rising,EVENT_YEAR_RELATIVE,0.50,2024-08-24,0.094247700729887599,0,False,,,,3,0,0,3
BASE,GSI-4402,2024-rising,2024,rising,EVENT_YEAR_RELATIVE,0.60,2024-08-24,0.11309724087586512,0,False,,,,4,0,0,4
BASE,GSI-4402,2024-rising,2024,rising,EVENT_YEAR_RELATIVE,0.70,2024-08-24,0.13194678102184262,0,False,,,,4,0,0,4
BASE,GSI-4402,2024-rising,2024,rising,EVENT_YEAR_RELATIVE,0.75,2024-08-24,0.1413715510948314,0,False,,,,5,0,0,5
BASE,GSI-4402,2024-rising,2024,rising,EVENT_YEAR_RELATIVE,0.80,2024-08-24,0.15079632116782016,0,False,,,,4,0,0,4
BASE,GSI-4402,2024-rising,2024,rising,EVENT_YEAR_RELATIVE,0.90,2024-08-24,0.16964586131379769,0,False,,,,3,0,0,3
BASE,GSI-4402,2025-falling,2025,falling,EVENT_YEAR_RELATIVE,0.10,2025-05-01,0.024494110911223773,0,True,739320.532031911,2025-03-10,-51.467968089,9,1,0,8
BASE,GSI-4402,2025-falling,2025,falling,EVENT_YEAR_RELATIVE,0.20,2025-05-01,0.048988221822447546,0,True,739314.807518064,2025-03-04,-57.192481936,7,1,0,6
BASE,GSI-4402,2025-falling,2025,falling,EVENT_YEAR_RELATIVE,0.25,2025-05-01,0.061235277278059427,0,True,739313.083331508,2025-03-03,-58.916668492,5,1,0,4
BASE,GSI-4402,2025-falling,2025,falling,EVENT_YEAR_RELATIVE,0.30,2025-05-01,0.073482332733671316,0,True,739311.459853461,2025-03-01,-60.540146539,4,1,0,3
BASE,GSI-4402,2025-falling,2025,falling,EVENT_YEAR_RELATIVE,0.40,2025-05-01,0.097976443644895092,0,True,739308.445815931,2025-02-26,-63.554184069,3,1,0,2
BASE,GSI-4402,2025-falling,2025,falling,EVENT_YEAR_RELATIVE,0.50,2025-05-01,0.12247055455611885,0,True,739305.411224007,2025-02-23,-66.588775993,4,1,0,3
BASE,GSI-4402,2025-falling,2025,falling,EVENT_YEAR_RELATIVE,0.60,2025-05-01,0.14696466546734263,0,True,739302.286652172,2025-02-20,-69.713347828,5,1,0,4
BASE,GSI-4402,2025-falling,2025,falling,EVENT_YEAR_RELATIVE,0.70,2025-05-01,0.17145877637856638,0,True,739299.289060364,2025-02-17,-72.710939636,3,1,0,2
BASE,GSI-4402,2025-falling,2025,falling,EVENT_YEAR_RELATIVE,0.75,2025-05-01,0.18370583183417827,0,True,739297.806434376,2025-02-15,-74.193565624,3,1,0,2
BASE,GSI-4402,2025-falling,2025,falling,EVENT_YEAR_RELATIVE,0.80,2025-05-01,0.19595288728979018,0,True,739296.376429167,2025-02-14,-75.623570833,2,1,0,1
BASE,GSI-4402,2025-falling,2025,falling,EVENT_YEAR_RELATIVE,0.90,2025-05-01,0.22044699820101393,0,True,739293.502563731,2025-02-11,-78.497436269,1,1,0,0
BASE,GSI-4402,2025-rising,2025,rising,EVENT_YEAR_RELATIVE,0.10,2025-09-05,0.024494110911223773,0,True,739574.258186470,2025-11-19,75.258186470,9,2,1,7
BASE,GSI-4402,2025-rising,2025,rising,EVENT_YEAR_RELATIVE,0.20,2025-09-05,0.048988221822447546,0,True,739588.607722274,2025-12-03,89.607722274,7,2,1,5
BASE,GSI-4402,2025-rising,2025,rising,EVENT_YEAR_RELATIVE,0.25,2025-09-05,0.061235277278059427,0,True,739614.071224494,2025-12-29,115.071224494,5,1,0,4
BASE,GSI-4402,2025-rising,2025,rising,EVENT_YEAR_RELATIVE,0.30,2025-09-05,0.073482332733671316,0,False,,,,4,0,0,4
BASE,GSI-4402,2025-rising,2025,rising,EVENT_YEAR_RELATIVE,0.40,2025-09-05,0.097976443644895092,0,False,,,,3,0,0,3
BASE,GSI-4402,2025-rising,2025,rising,EVENT_YEAR_RELATIVE,0.50,2025-09-05,0.12247055455611885,0,False,,,,4,0,0,4
BASE,GSI-4402,2025-rising,2025,rising,EVENT_YEAR_RELATIVE,0.60,2025-09-05,0.14696466546734263,0,False,,,,5,0,0,5
BASE,GSI-4402,2025-rising,2025,rising,EVENT_YEAR_RELATIVE,0.70,2025-09-05,0.17145877637856638,0,False,,,,3,0,0,3
BASE,GSI-4402,2025-rising,2025,rising,EVENT_YEAR_RELATIVE,0.75,2025-09-05,0.18370583183417827,0,False,,,,3,0,0,3
BASE,GSI-4402,2025-rising,2025,rising,EVENT_YEAR_RELATIVE,0.80,2025-09-05,0.19595288728979018,0,False,,,,2,0,0,2
BASE,GSI-4402,2025-rising,2025,rising,EVENT_YEAR_RELATIVE,0.90,2025-09-05,0.22044699820101393,0,False,,,,1,0,0,1
BASE,GSI-4831,2024-falling,2024,falling,EVENT_YEAR_RELATIVE,0.10,2024-05-21,0.085583979671230673,0.046797197915334231,True,739024.268126201,2024-05-18,-2.731873799,19,1,0,18
BASE,GSI-4831,2024-falling,2024,falling,EVENT_YEAR_RELATIVE,0.20,2024-05-21,0.17116795934246135,0.046797197915334231,True,739019.816110119,2024-05-13,-7.183889881,14,1,0,13
BASE,GSI-4831,2024-falling,2024,falling,EVENT_YEAR_RELATIVE,0.25,2024-05-21,0.21395994917807667,0.046797197915334231,True,739017.543989133,2024-05-11,-9.456010867,11,1,0,10
BASE,GSI-4831,2024-falling,2024,falling,EVENT_YEAR_RELATIVE,0.30,2024-05-21,0.25675193901369198,0.046797197915334231,True,739016.458941360,2024-05-10,-10.541058640,10,1,0,9
BASE,GSI-4831,2024-falling,2024,falling,EVENT_YEAR_RELATIVE,0.40,2024-05-21,0.34233591868492269,0.046797197915334231,True,738948.166839667,2024-03-03,-78.833160333,7,2,1,5
BASE,GSI-4831,2024-falling,2024,falling,EVENT_YEAR_RELATIVE,0.50,2024-05-21,0.42791989835615335,0.046797197915334231,True,738941.693975607,2024-02-25,-85.306024393,7,2,1,5
BASE,GSI-4831,2024-falling,2024,falling,EVENT_YEAR_RELATIVE,0.60,2024-05-21,0.51350387802738395,0.046797197915334231,True,739008.234212925,2024-05-02,-18.765787075,8,1,0,7
BASE,GSI-4831,2024-falling,2024,falling,EVENT_YEAR_RELATIVE,0.70,2024-05-21,0.59908785769861461,0.046797197915334231,True,738984.802937747,2024-04-08,-42.197062253,7,3,2,4
BASE,GSI-4831,2024-falling,2024,falling,EVENT_YEAR_RELATIVE,0.75,2024-05-21,0.64187984753423,0.046797197915334231,True,738981.058388799,2024-04-05,-45.941611201,4,1,0,3
BASE,GSI-4831,2024-falling,2024,falling,EVENT_YEAR_RELATIVE,0.80,2024-05-21,0.68467183736984538,0.046797197915334231,True,738980.080727533,2024-04-04,-46.919272467,4,1,0,3
BASE,GSI-4831,2024-falling,2024,falling,EVENT_YEAR_RELATIVE,0.90,2024-05-21,0.77025581704107604,0.046797197915334231,True,738973.793967060,2024-03-28,-53.206032940,3,1,0,2
BASE,GSI-4831,2024-rising,2024,rising,EVENT_YEAR_RELATIVE,0.10,2024-08-24,0.085583979671230673,0.1647872666211232,True,739114.622665333,2024-08-16,-7.377334667,19,2,1,17
BASE,GSI-4831,2024-rising,2024,rising,EVENT_YEAR_RELATIVE,0.20,2024-08-24,0.17116795934246135,0.1647872666211232,True,739129.019466634,2024-08-31,7.019466634,14,1,0,13
BASE,GSI-4831,2024-rising,2024,rising,EVENT_YEAR_RELATIVE,0.25,2024-08-24,0.21395994917807667,0.1647872666211232,True,739130.127082250,2024-09-01,8.127082250,11,1,0,10
BASE,GSI-4831,2024-rising,2024,rising,EVENT_YEAR_RELATIVE,0.30,2024-08-24,0.25675193901369198,0.1647872666211232,True,739131.477894422,2024-09-02,9.477894422,10,1,0,9
BASE,GSI-4831,2024-rising,2024,rising,EVENT_YEAR_RELATIVE,0.40,2024-08-24,0.34233591868492269,0.1647872666211232,False,,,,7,0,0,7
BASE,GSI-4831,2024-rising,2024,rising,EVENT_YEAR_RELATIVE,0.50,2024-08-24,0.42791989835615335,0.1647872666211232,False,,,,7,0,0,7
BASE,GSI-4831,2024-rising,2024,rising,EVENT_YEAR_RELATIVE,0.60,2024-08-24,0.51350387802738395,0.1647872666211232,False,,,,8,0,0,8
BASE,GSI-4831,2024-rising,2024,rising,EVENT_YEAR_RELATIVE,0.70,2024-08-24,0.59908785769861461,0.1647872666211232,False,,,,7,0,0,7
BASE,GSI-4831,2024-rising,2024,rising,EVENT_YEAR_RELATIVE,0.75,2024-08-24,0.64187984753423,0.1647872666211232,False,,,,4,0,0,4
BASE,GSI-4831,2024-rising,2024,rising,EVENT_YEAR_RELATIVE,0.80,2024-08-24,0.68467183736984538,0.1647872666211232,False,,,,4,0,0,4
BASE,GSI-4831,2024-rising,2024,rising,EVENT_YEAR_RELATIVE,0.90,2024-08-24,0.77025581704107604,0.1647872666211232,False,,,,3,0,0,3
BASE,GSI-4831,2025-falling,2025,falling,EVENT_YEAR_RELATIVE,0.10,2025-05-01,0.099389095160181518,0.44857705965052425,True,739387.530874258,2025-05-16,15.530874258,22,1,0,21
BASE,GSI-4831,2025-falling,2025,falling,EVENT_YEAR_RELATIVE,0.20,2025-05-01,0.19877819032036304,0.44857705965052425,True,739382.643427226,2025-05-11,10.643427226,11,1,0,10
BASE,GSI-4831,2025-falling,2025,falling,EVENT_YEAR_RELATIVE,0.25,2025-05-01,0.24847273790045379,0.44857705965052425,True,739381.378464320,2025-05-10,9.378464320,12,1,0,11
BASE,GSI-4831,2025-falling,2025,falling,EVENT_YEAR_RELATIVE,0.30,2025-05-01,0.29816728548054455,0.44857705965052425,True,739380.020303986,2025-05-09,8.020303986,8,1,0,7
BASE,GSI-4831,2025-falling,2025,falling,EVENT_YEAR_RELATIVE,0.40,2025-05-01,0.39755638064072607,0.44857705965052425,True,739376.961287526,2025-05-05,4.961287526,6,1,0,5
BASE,GSI-4831,2025-falling,2025,falling,EVENT_YEAR_RELATIVE,0.50,2025-05-01,0.49694547580090759,0.44857705965052425,True,739354.352444732,2025-04-13,-17.647555268,8,2,1,6
BASE,GSI-4831,2025-falling,2025,falling,EVENT_YEAR_RELATIVE,0.60,2025-05-01,0.59633457096108911,0.44857705965052425,True,739346.010228412,2025-04-05,-25.989771588,7,2,1,5
BASE,GSI-4831,2025-falling,2025,falling,EVENT_YEAR_RELATIVE,0.70,2025-05-01,0.69572366612127057,0.44857705965052425,True,739342.227508041,2025-04-01,-29.772491959,4,1,0,3
BASE,GSI-4831,2025-falling,2025,falling,EVENT_YEAR_RELATIVE,0.75,2025-05-01,0.74541821370136141,0.44857705965052425,True,739341.157384241,2025-03-31,-30.842615759,3,1,0,2
BASE,GSI-4831,2025-falling,2025,falling,EVENT_YEAR_RELATIVE,0.80,2025-05-01,0.79511276128145214,0.44857705965052425,True,739339.589991022,2025-03-29,-32.410008978,3,1,0,2
BASE,GSI-4831,2025-falling,2025,falling,EVENT_YEAR_RELATIVE,0.90,2025-05-01,0.89450185644163371,0.44857705965052425,True,739334.831764605,2025-03-24,-37.168235395,2,1,0,1
BASE,GSI-4831,2025-rising,2025,rising,EVENT_YEAR_RELATIVE,0.10,2025-09-05,0.099389095160181518,0.16893109850686847,True,739477.698887714,2025-08-14,-21.301112286,22,4,3,18
BASE,GSI-4831,2025-rising,2025,rising,EVENT_YEAR_RELATIVE,0.20,2025-09-05,0.19877819032036304,0.16893109850686847,True,739483.249881281,2025-08-20,-15.750118719,11,1,0,10
BASE,GSI-4831,2025-rising,2025,rising,EVENT_YEAR_RELATIVE,0.25,2025-09-05,0.24847273790045379,0.16893109850686847,False,,,,12,0,0,12
BASE,GSI-4831,2025-rising,2025,rising,EVENT_YEAR_RELATIVE,0.30,2025-09-05,0.29816728548054455,0.16893109850686847,False,,,,8,0,0,8
BASE,GSI-4831,2025-rising,2025,rising,EVENT_YEAR_RELATIVE,0.40,2025-09-05,0.39755638064072607,0.16893109850686847,False,,,,6,0,0,6
BASE,GSI-4831,2025-rising,2025,rising,EVENT_YEAR_RELATIVE,0.50,2025-09-05,0.49694547580090759,0.16893109850686847,False,,,,8,0,0,8
BASE,GSI-4831,2025-rising,2025,rising,EVENT_YEAR_RELATIVE,0.60,2025-09-05,0.59633457096108911,0.16893109850686847,False,,,,7,0,0,7
BASE,GSI-4831,2025-rising,2025,rising,EVENT_YEAR_RELATIVE,0.70,2025-09-05,0.69572366612127057,0.16893109850686847,False,,,,4,0,0,4
BASE,GSI-4831,2025-rising,2025,rising,EVENT_YEAR_RELATIVE,0.75,2025-09-05,0.74541821370136141,0.16893109850686847,False,,,,3,0,0,3
BASE,GSI-4831,2025-rising,2025,rising,EVENT_YEAR_RELATIVE,0.80,2025-09-05,0.79511276128145214,0.16893109850686847,False,,,,3,0,0,3
BASE,GSI-4831,2025-rising,2025,rising,EVENT_YEAR_RELATIVE,0.90,2025-09-05,0.89450185644163371,0.16893109850686847,False,,,,2,0,0,2
BASE,GSI-4832,2024-falling,2024,falling,EVENT_YEAR_RELATIVE,0.10,2024-05-21,0.066418494193332386,0.009203763365474885,True,739015.022697427,2024-05-09,-11.977302573,16,1,0,15
BASE,GSI-4832,2024-falling,2024,falling,EVENT_YEAR_RELATIVE,0.20,2024-05-21,0.13283698838666477,0.009203763365474885,True,739008.282961111,2024-05-02,-18.717038889,11,1,0,10
BASE,GSI-4832,2024-falling,2024,falling,EVENT_YEAR_RELATIVE,0.25,2024-05-21,0.16604623548333097,0.009203763365474885,True,739005.525561252,2024-04-29,-21.474438748,9,1,0,8
BASE,GSI-4832,2024-falling,2024,falling,EVENT_YEAR_RELATIVE,0.30,2024-05-21,0.19925548257999717,0.009203763365474885,True,738998.588383450,2024-04-22,-28.411616550,7,1,0,6
BASE,GSI-4832,2024-falling,2024,falling,EVENT_YEAR_RELATIVE,0.40,2024-05-21,0.26567397677332955,0.009203763365474885,True,738991.366545670,2024-04-15,-35.633454330,7,1,0,6
BASE,GSI-4832,2024-falling,2024,falling,EVENT_YEAR_RELATIVE,0.50,2024-05-21,0.33209247096666195,0.009203763365474885,True,738948.707908066,2024-03-03,-78.292091934,6,2,1,4
BASE,GSI-4832,2024-falling,2024,falling,EVENT_YEAR_RELATIVE,0.60,2024-05-21,0.39851096515999435,0.009203763365474885,True,738942.483146383,2024-02-26,-84.516853617,6,2,1,4
BASE,GSI-4832,2024-falling,2024,falling,EVENT_YEAR_RELATIVE,0.70,2024-05-21,0.46492945935332669,0.009203763365474885,True,738940.161685410,2024-02-24,-86.838314590,8,2,1,6
BASE,GSI-4832,2024-falling,2024,falling,EVENT_YEAR_RELATIVE,0.75,2024-05-21,0.49813870644999292,0.009203763365474885,True,738977.857894795,2024-04-01,-49.142105205,7,1,0,6
BASE,GSI-4832,2024-falling,2024,falling,EVENT_YEAR_RELATIVE,0.80,2024-05-21,0.53134795354665909,0.009203763365474885,True,738975.741995499,2024-03-30,-51.258004501,5,1,0,4
BASE,GSI-4832,2024-falling,2024,falling,EVENT_YEAR_RELATIVE,0.90,2024-05-21,0.59776644773999155,0.009203763365474885,True,738972.871693610,2024-03-27,-54.128306390,4,1,0,3
BASE,GSI-4832,2024-rising,2024,rising,EVENT_YEAR_RELATIVE,0.10,2024-08-24,0.066418494193332386,0.038902963061365724,True,739130.142904125,2024-09-01,8.142904125,16,3,2,13
BASE,GSI-4832,2024-rising,2024,rising,EVENT_YEAR_RELATIVE,0.20,2024-08-24,0.13283698838666477,0.038902963061365724,False,,,,11,0,0,11
BASE,GSI-4832,2024-rising,2024,rising,EVENT_YEAR_RELATIVE,0.25,2024-08-24,0.16604623548333097,0.038902963061365724,False,,,,9,0,0,9
BASE,GSI-4832,2024-rising,2024,rising,EVENT_YEAR_RELATIVE,0.30,2024-08-24,0.19925548257999717,0.038902963061365724,False,,,,7,0,0,7
BASE,GSI-4832,2024-rising,2024,rising,EVENT_YEAR_RELATIVE,0.40,2024-08-24,0.26567397677332955,0.038902963061365724,False,,,,7,0,0,7
BASE,GSI-4832,2024-rising,2024,rising,EVENT_YEAR_RELATIVE,0.50,2024-08-24,0.33209247096666195,0.038902963061365724,False,,,,6,0,0,6
BASE,GSI-4832,2024-rising,2024,rising,EVENT_YEAR_RELATIVE,0.60,2024-08-24,0.39851096515999435,0.038902963061365724,False,,,,6,0,0,6
BASE,GSI-4832,2024-rising,2024,rising,EVENT_YEAR_RELATIVE,0.70,2024-08-24,0.46492945935332669,0.038902963061365724,False,,,,8,0,0,8
BASE,GSI-4832,2024-rising,2024,rising,EVENT_YEAR_RELATIVE,0.75,2024-08-24,0.49813870644999292,0.038902963061365724,False,,,,7,0,0,7
BASE,GSI-4832,2024-rising,2024,rising,EVENT_YEAR_RELATIVE,0.80,2024-08-24,0.53134795354665909,0.038902963061365724,False,,,,5,0,0,5
BASE,GSI-4832,2024-rising,2024,rising,EVENT_YEAR_RELATIVE,0.90,2024-08-24,0.59776644773999155,0.038902963061365724,False,,,,4,0,0,4
BASE,GSI-4832,2025-falling,2025,falling,EVENT_YEAR_RELATIVE,0.10,2025-05-01,0.099389095160181518,0.12428290526714149,True,739375.669497503,2025-05-04,3.669497503,19,1,0,18
BASE,GSI-4832,2025-falling,2025,falling,EVENT_YEAR_RELATIVE,0.20,2025-05-01,0.19877819032036304,0.12428290526714149,True,739356.818161447,2025-04-15,-15.181838553,7,2,1,5
BASE,GSI-4832,2025-falling,2025,falling,EVENT_YEAR_RELATIVE,0.25,2025-05-01,0.24847273790045379,0.12428290526714149,True,739354.059829821,2025-04-13,-17.940170179,7,1,0,6
BASE,GSI-4832,2025-falling,2025,falling,EVENT_YEAR_RELATIVE,0.30,2025-05-01,0.29816728548054455,0.12428290526714149,True,739351.860733478,2025-04-10,-20.139266522,5,1,0,4
BASE,GSI-4832,2025-falling,2025,falling,EVENT_YEAR_RELATIVE,0.40,2025-05-01,0.39755638064072607,0.12428290526714149,True,739345.929385383,2025-04-04,-26.070614617,6,1,0,5
BASE,GSI-4832,2025-falling,2025,falling,EVENT_YEAR_RELATIVE,0.50,2025-05-01,0.49694547580090759,0.12428290526714149,True,739342.362907887,2025-04-01,-29.637092113,7,1,0,6
BASE,GSI-4832,2025-falling,2025,falling,EVENT_YEAR_RELATIVE,0.60,2025-05-01,0.59633457096108911,0.12428290526714149,True,739339.300100504,2025-03-29,-32.699899496,5,1,0,4
BASE,GSI-4832,2025-falling,2025,falling,EVENT_YEAR_RELATIVE,0.70,2025-05-01,0.69572366612127057,0.12428290526714149,True,739335.469437700,2025-03-25,-36.530562300,3,1,0,2
BASE,GSI-4832,2025-falling,2025,falling,EVENT_YEAR_RELATIVE,0.75,2025-05-01,0.74541821370136141,0.12428290526714149,True,739333.363615885,2025-03-23,-38.636384115,2,1,0,1
BASE,GSI-4832,2025-falling,2025,falling,EVENT_YEAR_RELATIVE,0.80,2025-05-01,0.79511276128145214,0.12428290526714149,True,739330.111911912,2025-03-20,-41.888088088,2,1,0,1
BASE,GSI-4832,2025-falling,2025,falling,EVENT_YEAR_RELATIVE,0.90,2025-05-01,0.89450185644163371,0.12428290526714149,True,739323.834977218,2025-03-13,-48.165022782,1,1,0,0
BASE,GSI-4832,2025-rising,2025,rising,EVENT_YEAR_RELATIVE,0.10,2025-09-05,0.099389095160181518,0.047035151692783661,True,739527.599337468,2025-10-03,28.599337468,19,4,3,15
BASE,GSI-4832,2025-rising,2025,rising,EVENT_YEAR_RELATIVE,0.20,2025-09-05,0.19877819032036304,0.047035151692783661,False,,,,7,0,0,7
BASE,GSI-4832,2025-rising,2025,rising,EVENT_YEAR_RELATIVE,0.25,2025-09-05,0.24847273790045379,0.047035151692783661,False,,,,7,0,0,7
BASE,GSI-4832,2025-rising,2025,rising,EVENT_YEAR_RELATIVE,0.30,2025-09-05,0.29816728548054455,0.047035151692783661,False,,,,5,0,0,5
BASE,GSI-4832,2025-rising,2025,rising,EVENT_YEAR_RELATIVE,0.40,2025-09-05,0.39755638064072607,0.047035151692783661,False,,,,6,0,0,6
BASE,GSI-4832,2025-rising,2025,rising,EVENT_YEAR_RELATIVE,0.50,2025-09-05,0.49694547580090759,0.047035151692783661,False,,,,7,0,0,7
BASE,GSI-4832,2025-rising,2025,rising,EVENT_YEAR_RELATIVE,0.60,2025-09-05,0.59633457096108911,0.047035151692783661,False,,,,5,0,0,5
BASE,GSI-4832,2025-rising,2025,rising,EVENT_YEAR_RELATIVE,0.70,2025-09-05,0.69572366612127057,0.047035151692783661,False,,,,3,0,0,3
BASE,GSI-4832,2025-rising,2025,rising,EVENT_YEAR_RELATIVE,0.75,2025-09-05,0.74541821370136141,0.047035151692783661,False,,,,2,0,0,2
BASE,GSI-4832,2025-rising,2025,rising,EVENT_YEAR_RELATIVE,0.80,2025-09-05,0.79511276128145214,0.047035151692783661,False,,,,2,0,0,2
BASE,GSI-4832,2025-rising,2025,rising,EVENT_YEAR_RELATIVE,0.90,2025-09-05,0.89450185644163371,0.047035151692783661,False,,,,1,0,0,1
BASE,GSI-4833,2024-falling,2024,falling,EVENT_YEAR_RELATIVE,0.10,2024-05-21,0.042468501661891513,0.0047152159394852813,True,739012.274059491,2024-05-06,-14.725940509,16,1,0,15
BASE,GSI-4833,2024-falling,2024,falling,EVENT_YEAR_RELATIVE,0.20,2024-05-21,0.084937003323783025,0.0047152159394852813,True,739005.559620692,2024-04-29,-21.440379308,13,1,0,12
BASE,GSI-4833,2024-falling,2024,falling,EVENT_YEAR_RELATIVE,0.25,2024-05-21,0.10617125415472878,0.0047152159394852813,True,738997.852583792,2024-04-21,-29.147416208,11,1,0,10
BASE,GSI-4833,2024-falling,2024,falling,EVENT_YEAR_RELATIVE,0.30,2024-05-21,0.12740550498567452,0.0047152159394852813,True,738995.238851881,2024-04-19,-31.761148119,9,1,0,8
BASE,GSI-4833,2024-falling,2024,falling,EVENT_YEAR_RELATIVE,0.40,2024-05-21,0.16987400664756605,0.0047152159394852813,True,738985.529825286,2024-04-09,-41.470174714,6,1,0,5
BASE,GSI-4833,2024-falling,2024,falling,EVENT_YEAR_RELATIVE,0.50,2024-05-21,0.21234250830945756,0.0047152159394852813,True,738947.212052154,2024-03-02,-79.787947846,6,2,1,4
BASE,GSI-4833,2024-falling,2024,falling,EVENT_YEAR_RELATIVE,0.60,2024-05-21,0.25481100997134903,0.0047152159394852813,True,738942.176017643,2024-02-26,-84.823982357,6,2,1,4
BASE,GSI-4833,2024-falling,2024,falling,EVENT_YEAR_RELATIVE,0.70,2024-05-21,0.29727951163324057,0.0047152159394852813,True,738938.185206218,2024-02-22,-88.814793782,7,3,2,4
BASE,GSI-4833,2024-falling,2024,falling,EVENT_YEAR_RELATIVE,0.75,2024-05-21,0.31851376246418633,0.0047152159394852813,True,738972.153223297,2024-03-27,-54.846776703,5,1,0,4
BASE,GSI-4833,2024-falling,2024,falling,EVENT_YEAR_RELATIVE,0.80,2024-05-21,0.3397480132951321,0.0047152159394852813,True,738970.225685344,2024-03-25,-56.774314656,7,1,0,6
BASE,GSI-4833,2024-falling,2024,falling,EVENT_YEAR_RELATIVE,0.90,2024-05-21,0.38221651495702363,0.0047152159394852813,False,,,,6,0,0,6
BASE,GSI-4833,2024-rising,2024,rising,EVENT_YEAR_RELATIVE,0.10,2024-08-24,0.042468501661891513,0.019930528875640435,True,739131.340206375,2024-09-02,9.340206375,16,5,4,11
BASE,GSI-4833,2024-rising,2024,rising,EVENT_YEAR_RELATIVE,0.20,2024-08-24,0.084937003323783025,0.019930528875640435,False,,,,13,0,0,13
BASE,GSI-4833,2024-rising,2024,rising,EVENT_YEAR_RELATIVE,0.25,2024-08-24,0.10617125415472878,0.019930528875640435,False,,,,11,0,0,11
BASE,GSI-4833,2024-rising,2024,rising,EVENT_YEAR_RELATIVE,0.30,2024-08-24,0.12740550498567452,0.019930528875640435,False,,,,9,0,0,9
BASE,GSI-4833,2024-rising,2024,rising,EVENT_YEAR_RELATIVE,0.40,2024-08-24,0.16987400664756605,0.019930528875640435,False,,,,6,0,0,6
BASE,GSI-4833,2024-rising,2024,rising,EVENT_YEAR_RELATIVE,0.50,2024-08-24,0.21234250830945756,0.019930528875640435,False,,,,6,0,0,6
BASE,GSI-4833,2024-rising,2024,rising,EVENT_YEAR_RELATIVE,0.60,2024-08-24,0.25481100997134903,0.019930528875640435,False,,,,6,0,0,6
BASE,GSI-4833,2024-rising,2024,rising,EVENT_YEAR_RELATIVE,0.70,2024-08-24,0.29727951163324057,0.019930528875640435,False,,,,7,0,0,7
BASE,GSI-4833,2024-rising,2024,rising,EVENT_YEAR_RELATIVE,0.75,2024-08-24,0.31851376246418633,0.019930528875640435,False,,,,5,0,0,5
BASE,GSI-4833,2024-rising,2024,rising,EVENT_YEAR_RELATIVE,0.80,2024-08-24,0.3397480132951321,0.019930528875640435,False,,,,7,0,0,7
BASE,GSI-4833,2024-rising,2024,rising,EVENT_YEAR_RELATIVE,0.90,2024-08-24,0.38221651495702363,0.019930528875640435,False,,,,6,0,0,6
BASE,GSI-4833,2025-falling,2025,falling,EVENT_YEAR_RELATIVE,0.10,2025-05-01,0.070347759829133508,0.063671860373925193,True,739371.286602046,2025-04-30,-0.713397954,9,1,0,8
BASE,GSI-4833,2025-falling,2025,falling,EVENT_YEAR_RELATIVE,0.20,2025-05-01,0.14069551965826702,0.063671860373925193,True,739352.783019806,2025-04-11,-19.216980194,9,1,0,8
BASE,GSI-4833,2025-falling,2025,falling,EVENT_YEAR_RELATIVE,0.25,2025-05-01,0.17586939957283376,0.063671860373925193,True,739348.319620856,2025-04-07,-23.680379144,6,1,0,5
BASE,GSI-4833,2025-falling,2025,falling,EVENT_YEAR_RELATIVE,0.30,2025-05-01,0.21104327948740051,0.063671860373925193,True,739345.445606156,2025-04-04,-26.554393844,6,1,0,5
BASE,GSI-4833,2025-falling,2025,falling,EVENT_YEAR_RELATIVE,0.40,2025-05-01,0.28139103931653403,0.063671860373925193,True,739341.040389865,2025-03-31,-30.959610135,6,1,0,5
BASE,GSI-4833,2025-falling,2025,falling,EVENT_YEAR_RELATIVE,0.50,2025-05-01,0.35173879914566752,0.063671860373925193,True,739335.844574650,2025-03-25,-36.155425350,7,1,0,6
BASE,GSI-4833,2025-falling,2025,falling,EVENT_YEAR_RELATIVE,0.60,2025-05-01,0.42208655897480102,0.063671860373925193,True,739328.838055288,2025-03-18,-43.161944712,5,1,0,4
BASE,GSI-4833,2025-falling,2025,falling,EVENT_YEAR_RELATIVE,0.70,2025-05-01,0.49243431880393451,0.063671860373925193,True,739319.221431390,2025-03-09,-52.778568610,1,1,0,0
BASE,GSI-4833,2025-falling,2025,falling,EVENT_YEAR_RELATIVE,0.75,2025-05-01,0.52760819871850129,0.063671860373925193,True,739312.251197537,2025-03-02,-59.748802463,1,1,0,0
BASE,GSI-4833,2025-falling,2025,falling,EVENT_YEAR_RELATIVE,0.80,2025-05-01,0.56278207863306806,0.063671860373925193,True,739306.636418267,2025-02-24,-65.363581733,1,1,0,0
BASE,GSI-4833,2025-falling,2025,falling,EVENT_YEAR_RELATIVE,0.90,2025-05-01,0.63312983846220161,0.063671860373925193,True,739298.355354762,2025-02-16,-73.644645238,1,1,0,0
BASE,GSI-4833,2025-rising,2025,rising,EVENT_YEAR_RELATIVE,0.10,2025-09-05,0.070347759829133508,0.024096762179899704,True,739574.699491325,2025-11-19,75.699491325,9,2,1,7
BASE,GSI-4833,2025-rising,2025,rising,EVENT_YEAR_RELATIVE,0.20,2025-09-05,0.14069551965826702,0.024096762179899704,True,739614.750428461,2025-12-29,115.750428461,9,1,0,8
BASE,GSI-4833,2025-rising,2025,rising,EVENT_YEAR_RELATIVE,0.25,2025-09-05,0.17586939957283376,0.024096762179899704,False,,,,6,0,0,6
BASE,GSI-4833,2025-rising,2025,rising,EVENT_YEAR_RELATIVE,0.30,2025-09-05,0.21104327948740051,0.024096762179899704,False,,,,6,0,0,6
BASE,GSI-4833,2025-rising,2025,rising,EVENT_YEAR_RELATIVE,0.40,2025-09-05,0.28139103931653403,0.024096762179899704,False,,,,6,0,0,6
BASE,GSI-4833,2025-rising,2025,rising,EVENT_YEAR_RELATIVE,0.50,2025-09-05,0.35173879914566752,0.024096762179899704,False,,,,7,0,0,7
BASE,GSI-4833,2025-rising,2025,rising,EVENT_YEAR_RELATIVE,0.60,2025-09-05,0.42208655897480102,0.024096762179899704,False,,,,5,0,0,5
BASE,GSI-4833,2025-rising,2025,rising,EVENT_YEAR_RELATIVE,0.70,2025-09-05,0.49243431880393451,0.024096762179899704,False,,,,1,0,0,1
BASE,GSI-4833,2025-rising,2025,rising,EVENT_YEAR_RELATIVE,0.75,2025-09-05,0.52760819871850129,0.024096762179899704,False,,,,1,0,0,1
BASE,GSI-4833,2025-rising,2025,rising,EVENT_YEAR_RELATIVE,0.80,2025-09-05,0.56278207863306806,0.024096762179899704,False,,,,1,0,0,1
BASE,GSI-4833,2025-rising,2025,rising,EVENT_YEAR_RELATIVE,0.90,2025-09-05,0.63312983846220161,0.024096762179899704,False,,,,1,0,0,1
BASE,GSI-4837,2024-falling,2024,falling,EVENT_YEAR_RELATIVE,0.10,2024-05-21,0.061796516862175847,0,True,739005.814009081,2024-04-29,-21.185990919,16,1,0,15
BASE,GSI-4837,2024-falling,2024,falling,EVENT_YEAR_RELATIVE,0.20,2024-05-21,0.12359303372435169,0,True,738997.013766694,2024-04-21,-29.986233306,11,1,0,10
BASE,GSI-4837,2024-falling,2024,falling,EVENT_YEAR_RELATIVE,0.25,2024-05-21,0.15449129215543961,0,True,738995.248975859,2024-04-19,-31.751024141,9,1,0,8
BASE,GSI-4837,2024-falling,2024,falling,EVENT_YEAR_RELATIVE,0.30,2024-05-21,0.18538955058652754,0,True,738990.935124911,2024-04-14,-36.064875089,6,1,0,5
BASE,GSI-4837,2024-falling,2024,falling,EVENT_YEAR_RELATIVE,0.40,2024-05-21,0.24718606744870339,0,True,738986.671229666,2024-04-10,-40.328770334,8,1,0,7
BASE,GSI-4837,2024-falling,2024,falling,EVENT_YEAR_RELATIVE,0.50,2024-05-21,0.30898258431087922,0,True,738983.215694766,2024-04-07,-43.784305234,5,1,0,4
BASE,GSI-4837,2024-falling,2024,falling,EVENT_YEAR_RELATIVE,0.60,2024-05-21,0.37077910117305507,0,True,738945.578381898,2024-02-29,-81.421618102,7,3,2,4
BASE,GSI-4837,2024-falling,2024,falling,EVENT_YEAR_RELATIVE,0.70,2024-05-21,0.43257561803523087,0,True,738941.596205494,2024-02-25,-85.403794506,8,2,1,6
BASE,GSI-4837,2024-falling,2024,falling,EVENT_YEAR_RELATIVE,0.75,2024-05-21,0.46347387646631882,0,True,738940.469584602,2024-02-24,-86.530415398,8,2,1,6
BASE,GSI-4837,2024-falling,2024,falling,EVENT_YEAR_RELATIVE,0.80,2024-05-21,0.49437213489740678,0,True,738974.785007347,2024-03-29,-52.214992653,7,1,0,6
BASE,GSI-4837,2024-falling,2024,falling,EVENT_YEAR_RELATIVE,0.90,2024-05-21,0.55616865175958263,0,True,738964.609689793,2024-03-19,-62.390310207,6,2,1,4
BASE,GSI-4837,2024-rising,2024,rising,EVENT_YEAR_RELATIVE,0.10,2024-08-24,0.061796516862175847,0.008083503353448443,True,739139.956536906,2024-09-10,17.956536906,16,3,2,13
BASE,GSI-4837,2024-rising,2024,rising,EVENT_YEAR_RELATIVE,0.20,2024-08-24,0.12359303372435169,0.008083503353448443,False,,,,11,0,0,11
BASE,GSI-4837,2024-rising,2024,rising,EVENT_YEAR_RELATIVE,0.25,2024-08-24,0.15449129215543961,0.008083503353448443,False,,,,9,0,0,9
BASE,GSI-4837,2024-rising,2024,rising,EVENT_YEAR_RELATIVE,0.30,2024-08-24,0.18538955058652754,0.008083503353448443,False,,,,6,0,0,6
BASE,GSI-4837,2024-rising,2024,rising,EVENT_YEAR_RELATIVE,0.40,2024-08-24,0.24718606744870339,0.008083503353448443,False,,,,8,0,0,8
BASE,GSI-4837,2024-rising,2024,rising,EVENT_YEAR_RELATIVE,0.50,2024-08-24,0.30898258431087922,0.008083503353448443,False,,,,5,0,0,5
BASE,GSI-4837,2024-rising,2024,rising,EVENT_YEAR_RELATIVE,0.60,2024-08-24,0.37077910117305507,0.008083503353448443,False,,,,7,0,0,7
BASE,GSI-4837,2024-rising,2024,rising,EVENT_YEAR_RELATIVE,0.70,2024-08-24,0.43257561803523087,0.008083503353448443,False,,,,8,0,0,8
BASE,GSI-4837,2024-rising,2024,rising,EVENT_YEAR_RELATIVE,0.75,2024-08-24,0.46347387646631882,0.008083503353448443,False,,,,8,0,0,8
BASE,GSI-4837,2024-rising,2024,rising,EVENT_YEAR_RELATIVE,0.80,2024-08-24,0.49437213489740678,0.008083503353448443,False,,,,7,0,0,7
BASE,GSI-4837,2024-rising,2024,rising,EVENT_YEAR_RELATIVE,0.90,2024-08-24,0.55616865175958263,0.008083503353448443,False,,,,6,0,0,6
BASE,GSI-4837,2025-falling,2025,falling,EVENT_YEAR_RELATIVE,0.10,2025-05-01,0.099389095160181518,0.044888013752431462,True,739365.966271697,2025-04-24,-6.033728303,16,1,0,15
BASE,GSI-4837,2025-falling,2025,falling,EVENT_YEAR_RELATIVE,0.20,2025-05-01,0.19877819032036304,0.044888013752431462,True,739353.426795295,2025-04-12,-18.573204705,6,1,0,5
BASE,GSI-4837,2025-falling,2025,falling,EVENT_YEAR_RELATIVE,0.25,2025-05-01,0.24847273790045379,0.044888013752431462,True,739351.305947006,2025-04-10,-20.694052994,7,1,0,6
BASE,GSI-4837,2025-falling,2025,falling,EVENT_YEAR_RELATIVE,0.30,2025-05-01,0.29816728548054455,0.044888013752431462,True,739348.005034449,2025-04-07,-23.994965551,5,1,0,4
BASE,GSI-4837,2025-falling,2025,falling,EVENT_YEAR_RELATIVE,0.40,2025-05-01,0.39755638064072607,0.044888013752431462,True,739344.092768109,2025-04-03,-27.907231891,6,1,0,5
BASE,GSI-4837,2025-falling,2025,falling,EVENT_YEAR_RELATIVE,0.50,2025-05-01,0.49694547580090759,0.044888013752431462,True,739341.117756684,2025-03-31,-30.882243316,7,1,0,6
BASE,GSI-4837,2025-falling,2025,falling,EVENT_YEAR_RELATIVE,0.60,2025-05-01,0.59633457096108911,0.044888013752431462,True,739337.355996101,2025-03-27,-34.644003899,4,1,0,3
BASE,GSI-4837,2025-falling,2025,falling,EVENT_YEAR_RELATIVE,0.70,2025-05-01,0.69572366612127057,0.044888013752431462,True,739333.758225647,2025-03-23,-38.241774353,3,1,0,2
BASE,GSI-4837,2025-falling,2025,falling,EVENT_YEAR_RELATIVE,0.75,2025-05-01,0.74541821370136141,0.044888013752431462,True,739331.249344271,2025-03-21,-40.750655729,2,1,0,1
BASE,GSI-4837,2025-falling,2025,falling,EVENT_YEAR_RELATIVE,0.80,2025-05-01,0.79511276128145214,0.044888013752431462,True,739328.840093990,2025-03-18,-43.159906010,2,1,0,1
BASE,GSI-4837,2025-falling,2025,falling,EVENT_YEAR_RELATIVE,0.90,2025-05-01,0.89450185644163371,0.044888013752431462,True,739322.602147841,2025-03-12,-49.397852159,1,1,0,0
BASE,GSI-4837,2025-rising,2025,rising,EVENT_YEAR_RELATIVE,0.10,2025-09-05,0.099389095160181518,0.017192136200294,True,739527.756851579,2025-10-03,28.756851579,16,4,3,12
BASE,GSI-4837,2025-rising,2025,rising,EVENT_YEAR_RELATIVE,0.20,2025-09-05,0.19877819032036304,0.017192136200294,False,,,,6,0,0,6
BASE,GSI-4837,2025-rising,2025,rising,EVENT_YEAR_RELATIVE,0.25,2025-09-05,0.24847273790045379,0.017192136200294,False,,,,7,0,0,7
BASE,GSI-4837,2025-rising,2025,rising,EVENT_YEAR_RELATIVE,0.30,2025-09-05,0.29816728548054455,0.017192136200294,False,,,,5,0,0,5
BASE,GSI-4837,2025-rising,2025,rising,EVENT_YEAR_RELATIVE,0.40,2025-09-05,0.39755638064072607,0.017192136200294,False,,,,6,0,0,6
BASE,GSI-4837,2025-rising,2025,rising,EVENT_YEAR_RELATIVE,0.50,2025-09-05,0.49694547580090759,0.017192136200294,False,,,,7,0,0,7
BASE,GSI-4837,2025-rising,2025,rising,EVENT_YEAR_RELATIVE,0.60,2025-09-05,0.59633457096108911,0.017192136200294,False,,,,4,0,0,4
BASE,GSI-4837,2025-rising,2025,rising,EVENT_YEAR_RELATIVE,0.70,2025-09-05,0.69572366612127057,0.017192136200294,False,,,,3,0,0,3
BASE,GSI-4837,2025-rising,2025,rising,EVENT_YEAR_RELATIVE,0.75,2025-09-05,0.74541821370136141,0.017192136200294,False,,,,2,0,0,2
BASE,GSI-4837,2025-rising,2025,rising,EVENT_YEAR_RELATIVE,0.80,2025-09-05,0.79511276128145214,0.017192136200294,False,,,,2,0,0,2
BASE,GSI-4837,2025-rising,2025,rising,EVENT_YEAR_RELATIVE,0.90,2025-09-05,0.89450185644163371,0.017192136200294,False,,,,1,0,0,1
BASE,GSI-4838,2024-falling,2024,falling,EVENT_YEAR_RELATIVE,0.10,2024-05-21,0.041418508182985869,0,True,739002.059004017,2024-04-26,-24.940995983,13,1,0,12
BASE,GSI-4838,2024-falling,2024,falling,EVENT_YEAR_RELATIVE,0.20,2024-05-21,0.082837016365971738,0,True,738991.453451997,2024-04-15,-35.546548003,14,1,0,13
BASE,GSI-4838,2024-falling,2024,falling,EVENT_YEAR_RELATIVE,0.25,2024-05-21,0.10354627045746467,0,True,738988.001765226,2024-04-12,-38.998234774,9,1,0,8
BASE,GSI-4838,2024-falling,2024,falling,EVENT_YEAR_RELATIVE,0.30,2024-05-21,0.12425552454895761,0,True,738985.281677863,2024-04-09,-41.718322137,9,1,0,8
BASE,GSI-4838,2024-falling,2024,falling,EVENT_YEAR_RELATIVE,0.40,2024-05-21,0.16567403273194348,0,True,738980.656436456,2024-04-04,-46.343563544,6,1,0,5
BASE,GSI-4838,2024-falling,2024,falling,EVENT_YEAR_RELATIVE,0.50,2024-05-21,0.20709254091492935,0,True,738944.664576350,2024-02-28,-82.335423650,6,2,1,4
BASE,GSI-4838,2024-falling,2024,falling,EVENT_YEAR_RELATIVE,0.60,2024-05-21,0.24851104909791522,0,True,738941.773209933,2024-02-25,-85.226790067,6,2,1,4
BASE,GSI-4838,2024-falling,2024,falling,EVENT_YEAR_RELATIVE,0.70,2024-05-21,0.28992955728090108,0,False,,,,4,0,0,4
BASE,GSI-4838,2024-falling,2024,falling,EVENT_YEAR_RELATIVE,0.75,2024-05-21,0.31063881137239402,0,False,,,,5,0,0,5
BASE,GSI-4838,2024-falling,2024,falling,EVENT_YEAR_RELATIVE,0.80,2024-05-21,0.33134806546388695,0,False,,,,6,0,0,6
BASE,GSI-4838,2024-falling,2024,falling,EVENT_YEAR_RELATIVE,0.90,2024-05-21,0.37276657364687282,0,False,,,,5,0,0,5
BASE,GSI-4838,2024-rising,2024,rising,EVENT_YEAR_RELATIVE,0.10,2024-08-24,0.041418508182985869,0.0036995728538605143,True,739162.298588297,2024-10-03,40.298588297,13,3,2,10
BASE,GSI-4838,2024-rising,2024,rising,EVENT_YEAR_RELATIVE,0.20,2024-08-24,0.082837016365971738,0.0036995728538605143,False,,,,14,0,0,14
BASE,GSI-4838,2024-rising,2024,rising,EVENT_YEAR_RELATIVE,0.25,2024-08-24,0.10354627045746467,0.0036995728538605143,False,,,,9,0,0,9
BASE,GSI-4838,2024-rising,2024,rising,EVENT_YEAR_RELATIVE,0.30,2024-08-24,0.12425552454895761,0.0036995728538605143,False,,,,9,0,0,9
BASE,GSI-4838,2024-rising,2024,rising,EVENT_YEAR_RELATIVE,0.40,2024-08-24,0.16567403273194348,0.0036995728538605143,False,,,,6,0,0,6
BASE,GSI-4838,2024-rising,2024,rising,EVENT_YEAR_RELATIVE,0.50,2024-08-24,0.20709254091492935,0.0036995728538605143,False,,,,6,0,0,6
BASE,GSI-4838,2024-rising,2024,rising,EVENT_YEAR_RELATIVE,0.60,2024-08-24,0.24851104909791522,0.0036995728538605143,False,,,,6,0,0,6
BASE,GSI-4838,2024-rising,2024,rising,EVENT_YEAR_RELATIVE,0.70,2024-08-24,0.28992955728090108,0.0036995728538605143,False,,,,4,0,0,4
BASE,GSI-4838,2024-rising,2024,rising,EVENT_YEAR_RELATIVE,0.75,2024-08-24,0.31063881137239402,0.0036995728538605143,False,,,,5,0,0,5
BASE,GSI-4838,2024-rising,2024,rising,EVENT_YEAR_RELATIVE,0.80,2024-08-24,0.33134806546388695,0.0036995728538605143,False,,,,6,0,0,6
BASE,GSI-4838,2024-rising,2024,rising,EVENT_YEAR_RELATIVE,0.90,2024-08-24,0.37276657364687282,0.0036995728538605143,False,,,,5,0,0,5
BASE,GSI-4838,2025-falling,2025,falling,EVENT_YEAR_RELATIVE,0.10,2025-05-01,0.067093726610463256,0.020543874342721525,True,739356.234749726,2025-04-15,-15.765250274,9,1,0,8
BASE,GSI-4838,2025-falling,2025,falling,EVENT_YEAR_RELATIVE,0.20,2025-05-01,0.13418745322092651,0.020543874342721525,True,739348.258888873,2025-04-07,-23.741111127,9,1,0,8
BASE,GSI-4838,2025-falling,2025,falling,EVENT_YEAR_RELATIVE,0.25,2025-05-01,0.16773431652615814,0.020543874342721525,True,739345.313561639,2025-04-04,-26.686438361,6,1,0,5
BASE,GSI-4838,2025-falling,2025,falling,EVENT_YEAR_RELATIVE,0.30,2025-05-01,0.20128117983138977,0.020543874342721525,True,739342.631228930,2025-04-01,-29.368771070,6,1,0,5
BASE,GSI-4838,2025-falling,2025,falling,EVENT_YEAR_RELATIVE,0.40,2025-05-01,0.26837490644185302,0.020543874342721525,True,739337.750029498,2025-03-27,-34.249970502,6,1,0,5
BASE,GSI-4838,2025-falling,2025,falling,EVENT_YEAR_RELATIVE,0.50,2025-05-01,0.33546863305231628,0.020543874342721525,True,739331.917203475,2025-03-21,-40.082796525,6,1,0,5
BASE,GSI-4838,2025-falling,2025,falling,EVENT_YEAR_RELATIVE,0.60,2025-05-01,0.40256235966277953,0.020543874342721525,True,739325.300554172,2025-03-15,-46.699445828,4,1,0,3
BASE,GSI-4838,2025-falling,2025,falling,EVENT_YEAR_RELATIVE,0.70,2025-05-01,0.46965608627324273,0.020543874342721525,True,739314.018780275,2025-03-04,-57.981219725,1,1,0,0
BASE,GSI-4838,2025-falling,2025,falling,EVENT_YEAR_RELATIVE,0.75,2025-05-01,0.50320294957847445,0.020543874342721525,True,739309.465993994,2025-02-27,-62.534006006,1,1,0,0
BASE,GSI-4838,2025-falling,2025,falling,EVENT_YEAR_RELATIVE,0.80,2025-05-01,0.53674981288370605,0.020543874342721525,True,739304.843462983,2025-02-22,-67.156537017,1,1,0,0
BASE,GSI-4838,2025-falling,2025,falling,EVENT_YEAR_RELATIVE,0.90,2025-05-01,0.60384353949416936,0.020543874342721525,True,739297.845696763,2025-02-15,-74.154303237,1,1,0,0
BASE,GSI-4838,2025-rising,2025,rising,EVENT_YEAR_RELATIVE,0.10,2025-09-05,0.067093726610463256,0.0078683161997263086,True,739574.650975879,2025-11-19,75.650975879,9,2,1,7
BASE,GSI-4838,2025-rising,2025,rising,EVENT_YEAR_RELATIVE,0.20,2025-09-05,0.13418745322092651,0.0078683161997263086,True,739614.423402611,2025-12-29,115.423402611,9,1,0,8
BASE,GSI-4838,2025-rising,2025,rising,EVENT_YEAR_RELATIVE,0.25,2025-09-05,0.16773431652615814,0.0078683161997263086,False,,,,6,0,0,6
BASE,GSI-4838,2025-rising,2025,rising,EVENT_YEAR_RELATIVE,0.30,2025-09-05,0.20128117983138977,0.0078683161997263086,False,,,,6,0,0,6
BASE,GSI-4838,2025-rising,2025,rising,EVENT_YEAR_RELATIVE,0.40,2025-09-05,0.26837490644185302,0.0078683161997263086,False,,,,6,0,0,6
BASE,GSI-4838,2025-rising,2025,rising,EVENT_YEAR_RELATIVE,0.50,2025-09-05,0.33546863305231628,0.0078683161997263086,False,,,,6,0,0,6
BASE,GSI-4838,2025-rising,2025,rising,EVENT_YEAR_RELATIVE,0.60,2025-09-05,0.40256235966277953,0.0078683161997263086,False,,,,4,0,0,4
BASE,GSI-4838,2025-rising,2025,rising,EVENT_YEAR_RELATIVE,0.70,2025-09-05,0.46965608627324273,0.0078683161997263086,False,,,,1,0,0,1
BASE,GSI-4838,2025-rising,2025,rising,EVENT_YEAR_RELATIVE,0.75,2025-09-05,0.50320294957847445,0.0078683161997263086,False,,,,1,0,0,1
BASE,GSI-4838,2025-rising,2025,rising,EVENT_YEAR_RELATIVE,0.80,2025-09-05,0.53674981288370605,0.0078683161997263086,False,,,,1,0,0,1
BASE,GSI-4838,2025-rising,2025,rising,EVENT_YEAR_RELATIVE,0.90,2025-09-05,0.60384353949416936,0.0078683161997263086,False,,,,1,0,0,1
BASE,GSI-4842,2024-falling,2024,falling,EVENT_YEAR_RELATIVE,0.10,2024-05-21,0.032624380065175963,0,True,738950.949840491,2024-03-05,-76.050159509,9,1,0,8
BASE,GSI-4842,2024-falling,2024,falling,EVENT_YEAR_RELATIVE,0.20,2024-05-21,0.065248760130351927,0,True,738944.372990225,2024-02-28,-82.627009775,10,1,0,9
BASE,GSI-4842,2024-falling,2024,falling,EVENT_YEAR_RELATIVE,0.25,2024-05-21,0.081560950162939905,0,True,738943.001655014,2024-02-27,-83.998344986,9,1,0,8
BASE,GSI-4842,2024-falling,2024,falling,EVENT_YEAR_RELATIVE,0.30,2024-05-21,0.097873140195527883,0,True,738926.242941253,2024-02-10,-100.757058747,7,2,1,5
BASE,GSI-4842,2024-falling,2024,falling,EVENT_YEAR_RELATIVE,0.40,2024-05-21,0.13049752026070385,0,False,,,,4,0,0,4
BASE,GSI-4842,2024-falling,2024,falling,EVENT_YEAR_RELATIVE,0.50,2024-05-21,0.16312190032587981,0,False,,,,3,0,0,3
BASE,GSI-4842,2024-falling,2024,falling,EVENT_YEAR_RELATIVE,0.60,2024-05-21,0.19574628039105577,0,False,,,,4,0,0,4
BASE,GSI-4842,2024-falling,2024,falling,EVENT_YEAR_RELATIVE,0.70,2024-05-21,0.22837066045623172,0,False,,,,4,0,0,4
BASE,GSI-4842,2024-falling,2024,falling,EVENT_YEAR_RELATIVE,0.75,2024-05-21,0.24468285048881971,0,False,,,,5,0,0,5
BASE,GSI-4842,2024-falling,2024,falling,EVENT_YEAR_RELATIVE,0.80,2024-05-21,0.26099504052140771,0,False,,,,4,0,0,4
BASE,GSI-4842,2024-falling,2024,falling,EVENT_YEAR_RELATIVE,0.90,2024-05-21,0.29361942058658369,0,False,,,,3,0,0,3
BASE,GSI-4842,2024-rising,2024,rising,EVENT_YEAR_RELATIVE,0.10,2024-08-24,0.032624380065175963,0,True,739220.738293183,2024-11-30,98.738293183,9,1,0,8
BASE,GSI-4842,2024-rising,2024,rising,EVENT_YEAR_RELATIVE,0.20,2024-08-24,0.065248760130351927,0,False,,,,10,0,0,10
BASE,GSI-4842,2024-rising,2024,rising,EVENT_YEAR_RELATIVE,0.25,2024-08-24,0.081560950162939905,0,False,,,,9,0,0,9
BASE,GSI-4842,2024-rising,2024,rising,EVENT_YEAR_RELATIVE,0.30,2024-08-24,0.097873140195527883,0,False,,,,7,0,0,7
BASE,GSI-4842,2024-rising,2024,rising,EVENT_YEAR_RELATIVE,0.40,2024-08-24,0.13049752026070385,0,False,,,,4,0,0,4
BASE,GSI-4842,2024-rising,2024,rising,EVENT_YEAR_RELATIVE,0.50,2024-08-24,0.16312190032587981,0,False,,,,3,0,0,3
BASE,GSI-4842,2024-rising,2024,rising,EVENT_YEAR_RELATIVE,0.60,2024-08-24,0.19574628039105577,0,False,,,,4,0,0,4
BASE,GSI-4842,2024-rising,2024,rising,EVENT_YEAR_RELATIVE,0.70,2024-08-24,0.22837066045623172,0,False,,,,4,0,0,4
BASE,GSI-4842,2024-rising,2024,rising,EVENT_YEAR_RELATIVE,0.75,2024-08-24,0.24468285048881971,0,False,,,,5,0,0,5
BASE,GSI-4842,2024-rising,2024,rising,EVENT_YEAR_RELATIVE,0.80,2024-08-24,0.26099504052140771,0,False,,,,4,0,0,4
BASE,GSI-4842,2024-rising,2024,rising,EVENT_YEAR_RELATIVE,0.90,2024-08-24,0.29361942058658369,0,False,,,,3,0,0,3
BASE,GSI-4842,2025-falling,2025,falling,EVENT_YEAR_RELATIVE,0.10,2025-05-01,0.042311240063772494,0,True,739320.552237463,2025-03-10,-51.447762537,9,1,0,8
BASE,GSI-4842,2025-falling,2025,falling,EVENT_YEAR_RELATIVE,0.20,2025-05-01,0.084622480127544988,0,True,739314.821350021,2025-03-04,-57.178649979,7,1,0,6
BASE,GSI-4842,2025-falling,2025,falling,EVENT_YEAR_RELATIVE,0.25,2025-05-01,0.10577810015943123,0,True,739313.099732262,2025-03-03,-58.900267738,5,1,0,4
BASE,GSI-4842,2025-falling,2025,falling,EVENT_YEAR_RELATIVE,0.30,2025-05-01,0.12693372019131746,0,True,739311.479237122,2025-03-01,-60.520762878,4,1,0,3
BASE,GSI-4842,2025-falling,2025,falling,EVENT_YEAR_RELATIVE,0.40,2025-05-01,0.16924496025508998,0,True,739308.469158509,2025-02-26,-63.530841491,3,1,0,2
BASE,GSI-4842,2025-falling,2025,falling,EVENT_YEAR_RELATIVE,0.50,2025-05-01,0.21155620031886246,0,True,739305.381260616,2025-02-23,-66.618739384,4,1,0,3
BASE,GSI-4842,2025-falling,2025,falling,EVENT_YEAR_RELATIVE,0.60,2025-05-01,0.25386744038263492,0,True,739302.261944626,2025-02-20,-69.738055374,5,1,0,4
BASE,GSI-4842,2025-falling,2025,falling,EVENT_YEAR_RELATIVE,0.70,2025-05-01,0.29617868044640744,0,True,739299.274276548,2025-02-17,-72.725723452,3,1,0,2
BASE,GSI-4842,2025-falling,2025,falling,EVENT_YEAR_RELATIVE,0.75,2025-05-01,0.3173343004782937,0,True,739297.792290215,2025-02-15,-74.207709785,3,1,0,2
BASE,GSI-4842,2025-falling,2025,falling,EVENT_YEAR_RELATIVE,0.80,2025-05-01,0.33848992051017995,0,True,739296.365484763,2025-02-14,-75.634515237,2,1,0,1
BASE,GSI-4842,2025-falling,2025,falling,EVENT_YEAR_RELATIVE,0.90,2025-05-01,0.38080116057395247,0,True,739293.495614686,2025-02-11,-78.504385314,1,1,0,0
BASE,GSI-4842,2025-rising,2025,rising,EVENT_YEAR_RELATIVE,0.10,2025-09-05,0.042311240063772494,0,True,739574.290777869,2025-11-19,75.290777869,9,2,1,7
BASE,GSI-4842,2025-rising,2025,rising,EVENT_YEAR_RELATIVE,0.20,2025-09-05,0.084622480127544988,0,True,739588.685073704,2025-12-03,89.685073704,7,2,1,5
BASE,GSI-4842,2025-rising,2025,rising,EVENT_YEAR_RELATIVE,0.25,2025-09-05,0.10577810015943123,0,True,739614.046616607,2025-12-29,115.046616607,5,1,0,4
BASE,GSI-4842,2025-rising,2025,rising,EVENT_YEAR_RELATIVE,0.30,2025-09-05,0.12693372019131746,0,False,,,,4,0,0,4
BASE,GSI-4842,2025-rising,2025,rising,EVENT_YEAR_RELATIVE,0.40,2025-09-05,0.16924496025508998,0,False,,,,3,0,0,3
BASE,GSI-4842,2025-rising,2025,rising,EVENT_YEAR_RELATIVE,0.50,2025-09-05,0.21155620031886246,0,False,,,,4,0,0,4
BASE,GSI-4842,2025-rising,2025,rising,EVENT_YEAR_RELATIVE,0.60,2025-09-05,0.25386744038263492,0,False,,,,5,0,0,5
BASE,GSI-4842,2025-rising,2025,rising,EVENT_YEAR_RELATIVE,0.70,2025-09-05,0.29617868044640744,0,False,,,,3,0,0,3
BASE,GSI-4842,2025-rising,2025,rising,EVENT_YEAR_RELATIVE,0.75,2025-09-05,0.3173343004782937,0,False,,,,3,0,0,3
BASE,GSI-4842,2025-rising,2025,rising,EVENT_YEAR_RELATIVE,0.80,2025-09-05,0.33848992051017995,0,False,,,,2,0,0,2
BASE,GSI-4842,2025-rising,2025,rising,EVENT_YEAR_RELATIVE,0.90,2025-09-05,0.38080116057395247,0,False,,,,1,0,0,1
BASE,GSI-5695,2024-falling,2024,falling,EVENT_YEAR_RELATIVE,0.10,2024-05-21,0.022167758747112857,0.0026246221015852433,True,739012.523743148,2024-05-06,-14.476256852,17,1,0,16
BASE,GSI-5695,2024-falling,2024,falling,EVENT_YEAR_RELATIVE,0.20,2024-05-21,0.044335517494225714,0.0026246221015852433,True,739007.144785464,2024-05-01,-19.855214536,13,1,0,12
BASE,GSI-5695,2024-falling,2024,falling,EVENT_YEAR_RELATIVE,0.25,2024-05-21,0.055419396867782141,0.0026246221015852433,True,738999.832187561,2024-04-23,-27.167812439,11,2,1,9
BASE,GSI-5695,2024-falling,2024,falling,EVENT_YEAR_RELATIVE,0.30,2024-05-21,0.06650327624133856,0.0026246221015852433,True,738996.384171084,2024-04-20,-30.615828916,9,1,0,8
BASE,GSI-5695,2024-falling,2024,falling,EVENT_YEAR_RELATIVE,0.40,2024-05-21,0.088671034988451428,0.0026246221015852433,True,738985.978928136,2024-04-09,-41.021071864,7,1,0,6
BASE,GSI-5695,2024-falling,2024,falling,EVENT_YEAR_RELATIVE,0.50,2024-05-21,0.11083879373556428,0.0026246221015852433,True,738947.128061334,2024-03-02,-79.871938666,6,2,1,4
BASE,GSI-5695,2024-falling,2024,falling,EVENT_YEAR_RELATIVE,0.60,2024-05-21,0.13300655248267712,0.0026246221015852433,True,738942.103337910,2024-02-26,-84.896662090,6,2,1,4
BASE,GSI-5695,2024-falling,2024,falling,EVENT_YEAR_RELATIVE,0.70,2024-05-21,0.15517431122978997,0.0026246221015852433,True,738974.717372818,2024-03-29,-52.282627182,5,1,0,4
BASE,GSI-5695,2024-falling,2024,falling,EVENT_YEAR_RELATIVE,0.75,2024-05-21,0.16625819060334643,0.0026246221015852433,True,738973.610950140,2024-03-28,-53.389049860,5,1,0,4
BASE,GSI-5695,2024-falling,2024,falling,EVENT_YEAR_RELATIVE,0.80,2024-05-21,0.17734206997690286,0.0026246221015852433,True,738964.863260165,2024-03-19,-62.136739835,7,2,1,5
BASE,GSI-5695,2024-falling,2024,falling,EVENT_YEAR_RELATIVE,0.90,2024-05-21,0.19950982872401571,0.0026246221015852433,True,738971.029197577,2024-03-26,-55.970802423,7,1,0,6
BASE,GSI-5695,2024-rising,2024,rising,EVENT_YEAR_RELATIVE,0.10,2024-08-24,0.022167758747112857,0.012629028448619245,True,739130.574694684,2024-09-01,8.574694684,17,5,4,12
BASE,GSI-5695,2024-rising,2024,rising,EVENT_YEAR_RELATIVE,0.20,2024-08-24,0.044335517494225714,0.012629028448619245,False,,,,13,0,0,13
BASE,GSI-5695,2024-rising,2024,rising,EVENT_YEAR_RELATIVE,0.25,2024-08-24,0.055419396867782141,0.012629028448619245,False,,,,11,0,0,11
BASE,GSI-5695,2024-rising,2024,rising,EVENT_YEAR_RELATIVE,0.30,2024-08-24,0.06650327624133856,0.012629028448619245,False,,,,9,0,0,9
BASE,GSI-5695,2024-rising,2024,rising,EVENT_YEAR_RELATIVE,0.40,2024-08-24,0.088671034988451428,0.012629028448619245,False,,,,7,0,0,7
BASE,GSI-5695,2024-rising,2024,rising,EVENT_YEAR_RELATIVE,0.50,2024-08-24,0.11083879373556428,0.012629028448619245,False,,,,6,0,0,6
BASE,GSI-5695,2024-rising,2024,rising,EVENT_YEAR_RELATIVE,0.60,2024-08-24,0.13300655248267712,0.012629028448619245,False,,,,6,0,0,6
BASE,GSI-5695,2024-rising,2024,rising,EVENT_YEAR_RELATIVE,0.70,2024-08-24,0.15517431122978997,0.012629028448619245,False,,,,5,0,0,5
BASE,GSI-5695,2024-rising,2024,rising,EVENT_YEAR_RELATIVE,0.75,2024-08-24,0.16625819060334643,0.012629028448619245,False,,,,5,0,0,5
BASE,GSI-5695,2024-rising,2024,rising,EVENT_YEAR_RELATIVE,0.80,2024-08-24,0.17734206997690286,0.012629028448619245,False,,,,7,0,0,7
BASE,GSI-5695,2024-rising,2024,rising,EVENT_YEAR_RELATIVE,0.90,2024-08-24,0.19950982872401571,0.012629028448619245,False,,,,7,0,0,7
BASE,GSI-5695,2025-falling,2025,falling,EVENT_YEAR_RELATIVE,0.10,2025-05-01,0.045614203282346229,0.033196315717632853,True,739369.057605435,2025-04-28,-2.942394565,15,1,0,14
BASE,GSI-5695,2025-falling,2025,falling,EVENT_YEAR_RELATIVE,0.20,2025-05-01,0.091228406564692457,0.033196315717632853,True,739348.971028340,2025-04-07,-23.028971660,7,1,0,6
BASE,GSI-5695,2025-falling,2025,falling,EVENT_YEAR_RELATIVE,0.25,2025-05-01,0.11403550820586557,0.033196315717632853,True,739346.092831461,2025-04-05,-25.907168539,6,1,0,5
BASE,GSI-5695,2025-falling,2025,falling,EVENT_YEAR_RELATIVE,0.30,2025-05-01,0.13684260984703867,0.033196315717632853,True,739344.037443117,2025-04-03,-27.962556883,6,1,0,5
BASE,GSI-5695,2025-falling,2025,falling,EVENT_YEAR_RELATIVE,0.40,2025-05-01,0.18245681312938491,0.033196315717632853,True,739339.341002779,2025-03-29,-32.658997221,7,1,0,6
BASE,GSI-5695,2025-falling,2025,falling,EVENT_YEAR_RELATIVE,0.50,2025-05-01,0.22807101641173114,0.033196315717632853,True,739333.831482915,2025-03-23,-38.168517085,4,1,0,3
BASE,GSI-5695,2025-falling,2025,falling,EVENT_YEAR_RELATIVE,0.60,2025-05-01,0.27368521969407733,0.033196315717632853,True,739328.922749116,2025-03-18,-43.077250884,2,1,0,1
BASE,GSI-5695,2025-falling,2025,falling,EVENT_YEAR_RELATIVE,0.70,2025-05-01,0.31929942297642355,0.033196315717632853,True,739319.128800832,2025-03-09,-52.871199168,1,1,0,0
BASE,GSI-5695,2025-falling,2025,falling,EVENT_YEAR_RELATIVE,0.75,2025-05-01,0.34210652461759672,0.033196315717632853,True,739301.442913124,2025-02-19,-70.557086876,1,1,0,0
BASE,GSI-5695,2025-falling,2025,falling,EVENT_YEAR_RELATIVE,0.80,2025-05-01,0.36491362625876983,0.033196315717632853,True,739299.623877814,2025-02-17,-72.376122186,1,1,0,0
BASE,GSI-5695,2025-falling,2025,falling,EVENT_YEAR_RELATIVE,0.90,2025-05-01,0.41052782954111605,0.033196315717632853,True,739296.407916408,2025-02-14,-75.592083592,1,1,0,0
BASE,GSI-5695,2025-rising,2025,rising,EVENT_YEAR_RELATIVE,0.10,2025-09-05,0.045614203282346229,0.014557727058410004,True,739575.457195845,2025-11-20,76.457195845,15,3,2,12
BASE,GSI-5695,2025-rising,2025,rising,EVENT_YEAR_RELATIVE,0.20,2025-09-05,0.091228406564692457,0.014557727058410004,False,,,,7,0,0,7
BASE,GSI-5695,2025-rising,2025,rising,EVENT_YEAR_RELATIVE,0.25,2025-09-05,0.11403550820586557,0.014557727058410004,False,,,,6,0,0,6
BASE,GSI-5695,2025-rising,2025,rising,EVENT_YEAR_RELATIVE,0.30,2025-09-05,0.13684260984703867,0.014557727058410004,False,,,,6,0,0,6
BASE,GSI-5695,2025-rising,2025,rising,EVENT_YEAR_RELATIVE,0.40,2025-09-05,0.18245681312938491,0.014557727058410004,False,,,,7,0,0,7
BASE,GSI-5695,2025-rising,2025,rising,EVENT_YEAR_RELATIVE,0.50,2025-09-05,0.22807101641173114,0.014557727058410004,False,,,,4,0,0,4
BASE,GSI-5695,2025-rising,2025,rising,EVENT_YEAR_RELATIVE,0.60,2025-09-05,0.27368521969407733,0.014557727058410004,False,,,,2,0,0,2
BASE,GSI-5695,2025-rising,2025,rising,EVENT_YEAR_RELATIVE,0.70,2025-09-05,0.31929942297642355,0.014557727058410004,False,,,,1,0,0,1
BASE,GSI-5695,2025-rising,2025,rising,EVENT_YEAR_RELATIVE,0.75,2025-09-05,0.34210652461759672,0.014557727058410004,False,,,,1,0,0,1
BASE,GSI-5695,2025-rising,2025,rising,EVENT_YEAR_RELATIVE,0.80,2025-09-05,0.36491362625876983,0.014557727058410004,False,,,,1,0,0,1
BASE,GSI-5695,2025-rising,2025,rising,EVENT_YEAR_RELATIVE,0.90,2025-09-05,0.41052782954111605,0.014557727058410004,False,,,,1,0,0,1
BASE,GSI-5700,2024-falling,2024,falling,EVENT_YEAR_RELATIVE,0.10,2024-05-21,0.021001575984145909,0,True,739003.214664984,2024-04-27,-23.785335016,13,1,0,12
BASE,GSI-5700,2024-falling,2024,falling,EVENT_YEAR_RELATIVE,0.20,2024-05-21,0.042003151968291817,0,True,738992.785875077,2024-04-16,-34.214124923,14,1,0,13
BASE,GSI-5700,2024-falling,2024,falling,EVENT_YEAR_RELATIVE,0.25,2024-05-21,0.052503939960364766,0,True,738989.230158486,2024-04-13,-37.769841514,10,1,0,9
BASE,GSI-5700,2024-falling,2024,falling,EVENT_YEAR_RELATIVE,0.30,2024-05-21,0.063004727952437722,0,True,738985.605012261,2024-04-09,-41.394987739,9,1,0,8
BASE,GSI-5700,2024-falling,2024,falling,EVENT_YEAR_RELATIVE,0.40,2024-05-21,0.084006303936583634,0,True,738980.859325617,2024-04-04,-46.140674383,6,1,0,5
BASE,GSI-5700,2024-falling,2024,falling,EVENT_YEAR_RELATIVE,0.50,2024-05-21,0.10500787992072953,0,True,738944.552241575,2024-02-28,-82.447758425,6,2,1,4
BASE,GSI-5700,2024-falling,2024,falling,EVENT_YEAR_RELATIVE,0.60,2024-05-21,0.12600945590487544,0,True,738941.726136947,2024-02-25,-85.273863053,6,2,1,4
BASE,GSI-5700,2024-falling,2024,falling,EVENT_YEAR_RELATIVE,0.70,2024-05-21,0.14701103188902134,0,True,738964.749025948,2024-03-19,-62.250974052,6,2,1,4
BASE,GSI-5700,2024-falling,2024,falling,EVENT_YEAR_RELATIVE,0.75,2024-05-21,0.15751181988109431,0,True,738971.334164644,2024-03-26,-55.665835356,5,1,0,4
BASE,GSI-5700,2024-falling,2024,falling,EVENT_YEAR_RELATIVE,0.80,2024-05-21,0.16801260787316727,0,False,,,,5,0,0,5
BASE,GSI-5700,2024-falling,2024,falling,EVENT_YEAR_RELATIVE,0.90,2024-05-21,0.18901418385731317,0,False,,,,6,0,0,6
BASE,GSI-5700,2024-rising,2024,rising,EVENT_YEAR_RELATIVE,0.10,2024-08-24,0.021001575984145909,0.0023294537047154596,True,739161.913169243,2024-10-02,39.913169243,13,3,2,10
BASE,GSI-5700,2024-rising,2024,rising,EVENT_YEAR_RELATIVE,0.20,2024-08-24,0.042003151968291817,0.0023294537047154596,False,,,,14,0,0,14
BASE,GSI-5700,2024-rising,2024,rising,EVENT_YEAR_RELATIVE,0.25,2024-08-24,0.052503939960364766,0.0023294537047154596,False,,,,10,0,0,10
BASE,GSI-5700,2024-rising,2024,rising,EVENT_YEAR_RELATIVE,0.30,2024-08-24,0.063004727952437722,0.0023294537047154596,False,,,,9,0,0,9
BASE,GSI-5700,2024-rising,2024,rising,EVENT_YEAR_RELATIVE,0.40,2024-08-24,0.084006303936583634,0.0023294537047154596,False,,,,6,0,0,6
BASE,GSI-5700,2024-rising,2024,rising,EVENT_YEAR_RELATIVE,0.50,2024-08-24,0.10500787992072953,0.0023294537047154596,False,,,,6,0,0,6
BASE,GSI-5700,2024-rising,2024,rising,EVENT_YEAR_RELATIVE,0.60,2024-08-24,0.12600945590487544,0.0023294537047154596,False,,,,6,0,0,6
BASE,GSI-5700,2024-rising,2024,rising,EVENT_YEAR_RELATIVE,0.70,2024-08-24,0.14701103188902134,0.0023294537047154596,False,,,,6,0,0,6
BASE,GSI-5700,2024-rising,2024,rising,EVENT_YEAR_RELATIVE,0.75,2024-08-24,0.15751181988109431,0.0023294537047154596,False,,,,5,0,0,5
BASE,GSI-5700,2024-rising,2024,rising,EVENT_YEAR_RELATIVE,0.80,2024-08-24,0.16801260787316727,0.0023294537047154596,False,,,,5,0,0,5
BASE,GSI-5700,2024-rising,2024,rising,EVENT_YEAR_RELATIVE,0.90,2024-08-24,0.18901418385731317,0.0023294537047154596,False,,,,6,0,0,6
BASE,GSI-5700,2025-falling,2025,falling,EVENT_YEAR_RELATIVE,0.10,2025-05-01,0.042287621797104311,0.010380751428527749,True,739354.171833339,2025-04-13,-17.828166661,13,1,0,12
BASE,GSI-5700,2025-falling,2025,falling,EVENT_YEAR_RELATIVE,0.20,2025-05-01,0.084575243594208621,0.010380751428527749,True,739346.358397123,2025-04-05,-25.641602877,6,1,0,5
BASE,GSI-5700,2025-falling,2025,falling,EVENT_YEAR_RELATIVE,0.25,2025-05-01,0.10571905449276077,0.010380751428527749,True,739344.135562133,2025-04-03,-27.864437867,6,1,0,5
BASE,GSI-5700,2025-falling,2025,falling,EVENT_YEAR_RELATIVE,0.30,2025-05-01,0.12686286539131292,0.010380751428527749,True,739341.955186066,2025-03-31,-30.044813934,6,1,0,5
BASE,GSI-5700,2025-falling,2025,falling,EVENT_YEAR_RELATIVE,0.40,2025-05-01,0.16915048718841724,0.010380751428527749,True,739335.696555902,2025-03-25,-36.303444098,6,1,0,5
BASE,GSI-5700,2025-falling,2025,falling,EVENT_YEAR_RELATIVE,0.50,2025-05-01,0.21143810898552154,0.010380751428527749,True,739330.934662836,2025-03-20,-41.065337164,4,1,0,3
BASE,GSI-5700,2025-falling,2025,falling,EVENT_YEAR_RELATIVE,0.60,2025-05-01,0.25372573078262584,0.010380751428527749,True,739326.544075606,2025-03-16,-45.455924394,1,1,0,0
BASE,GSI-5700,2025-falling,2025,falling,EVENT_YEAR_RELATIVE,0.70,2025-05-01,0.29601335257973016,0.010380751428527749,True,739308.608525562,2025-02-26,-63.391474438,1,1,0,0
BASE,GSI-5700,2025-falling,2025,falling,EVENT_YEAR_RELATIVE,0.75,2025-05-01,0.31715716347828232,0.010380751428527749,True,739301.017496723,2025-02-19,-70.982503277,1,1,0,0
BASE,GSI-5700,2025-falling,2025,falling,EVENT_YEAR_RELATIVE,0.80,2025-05-01,0.33830097437683448,0.010380751428527749,True,739299.418517070,2025-02-17,-72.581482930,1,1,0,0
BASE,GSI-5700,2025-falling,2025,falling,EVENT_YEAR_RELATIVE,0.90,2025-05-01,0.38058859617393875,0.010380751428527749,True,739296.261275674,2025-02-14,-75.738724326,1,1,0,0
BASE,GSI-5700,2025-rising,2025,rising,EVENT_YEAR_RELATIVE,0.10,2025-09-05,0.042287621797104311,0.0044470361060903948,True,739575.422279162,2025-11-20,76.422279162,13,2,1,11
BASE,GSI-5700,2025-rising,2025,rising,EVENT_YEAR_RELATIVE,0.20,2025-09-05,0.084575243594208621,0.0044470361060903948,False,,,,6,0,0,6
BASE,GSI-5700,2025-rising,2025,rising,EVENT_YEAR_RELATIVE,0.25,2025-09-05,0.10571905449276077,0.0044470361060903948,False,,,,6,0,0,6
BASE,GSI-5700,2025-rising,2025,rising,EVENT_YEAR_RELATIVE,0.30,2025-09-05,0.12686286539131292,0.0044470361060903948,False,,,,6,0,0,6
BASE,GSI-5700,2025-rising,2025,rising,EVENT_YEAR_RELATIVE,0.40,2025-09-05,0.16915048718841724,0.0044470361060903948,False,,,,6,0,0,6
BASE,GSI-5700,2025-rising,2025,rising,EVENT_YEAR_RELATIVE,0.50,2025-09-05,0.21143810898552154,0.0044470361060903948,False,,,,4,0,0,4
BASE,GSI-5700,2025-rising,2025,rising,EVENT_YEAR_RELATIVE,0.60,2025-09-05,0.25372573078262584,0.0044470361060903948,False,,,,1,0,0,1
BASE,GSI-5700,2025-rising,2025,rising,EVENT_YEAR_RELATIVE,0.70,2025-09-05,0.29601335257973016,0.0044470361060903948,False,,,,1,0,0,1
BASE,GSI-5700,2025-rising,2025,rising,EVENT_YEAR_RELATIVE,0.75,2025-09-05,0.31715716347828232,0.0044470361060903948,False,,,,1,0,0,1
BASE,GSI-5700,2025-rising,2025,rising,EVENT_YEAR_RELATIVE,0.80,2025-09-05,0.33830097437683448,0.0044470361060903948,False,,,,1,0,0,1
BASE,GSI-5700,2025-rising,2025,rising,EVENT_YEAR_RELATIVE,0.90,2025-09-05,0.38058859617393875,0.0044470361060903948,False,,,,1,0,0,1
BASE,GSI-5716,2024-falling,2024,falling,EVENT_YEAR_RELATIVE,0.10,2024-05-21,0.031309936348942684,0.0037314119157778186,True,739012.568009859,2024-05-06,-14.431990141,17,1,0,16
BASE,GSI-5716,2024-falling,2024,falling,EVENT_YEAR_RELATIVE,0.20,2024-05-21,0.062619872697885368,0.0037314119157778186,True,739006.437730776,2024-04-30,-20.562269224,13,1,0,12
BASE,GSI-5716,2024-falling,2024,falling,EVENT_YEAR_RELATIVE,0.25,2024-05-21,0.078274840872356699,0.0037314119157778186,True,738998.434165748,2024-04-22,-28.565834252,10,1,0,9
BASE,GSI-5716,2024-falling,2024,falling,EVENT_YEAR_RELATIVE,0.30,2024-05-21,0.093929809046828031,0.0037314119157778186,True,738995.714484539,2024-04-19,-31.285515461,9,1,0,8
BASE,GSI-5716,2024-falling,2024,falling,EVENT_YEAR_RELATIVE,0.40,2024-05-21,0.12523974539577074,0.0037314119157778186,True,738985.580671890,2024-04-09,-41.419328110,6,1,0,5
BASE,GSI-5716,2024-falling,2024,falling,EVENT_YEAR_RELATIVE,0.50,2024-05-21,0.1565496817447134,0.0037314119157778186,True,738947.212052154,2024-03-02,-79.787947846,6,2,1,4
BASE,GSI-5716,2024-falling,2024,falling,EVENT_YEAR_RELATIVE,0.60,2024-05-21,0.18785961809365606,0.0037314119157778186,True,738942.176017643,2024-02-26,-84.823982357,6,2,1,4
BASE,GSI-5716,2024-falling,2024,falling,EVENT_YEAR_RELATIVE,0.70,2024-05-21,0.21916955444259875,0.0037314119157778186,True,738938.185206218,2024-02-22,-88.814793782,7,3,2,4
BASE,GSI-5716,2024-falling,2024,falling,EVENT_YEAR_RELATIVE,0.75,2024-05-21,0.2348245226170701,0.0037314119157778186,True,738972.174655581,2024-03-27,-54.825344419,5,1,0,4
BASE,GSI-5716,2024-falling,2024,falling,EVENT_YEAR_RELATIVE,0.80,2024-05-21,0.25047949079154147,0.0037314119157778186,True,738970.249960469,2024-03-25,-56.750039531,7,1,0,6
BASE,GSI-5716,2024-falling,2024,falling,EVENT_YEAR_RELATIVE,0.90,2024-05-21,0.28178942714048411,0.0037314119157778186,False,,,,6,0,0,6
BASE,GSI-5716,2024-rising,2024,rising,EVENT_YEAR_RELATIVE,0.10,2024-08-24,0.031309936348942684,0.017954625623785025,True,739130.536823865,2024-09-01,8.536823865,17,5,4,12
BASE,GSI-5716,2024-rising,2024,rising,EVENT_YEAR_RELATIVE,0.20,2024-08-24,0.062619872697885368,0.017954625623785025,False,,,,13,0,0,13
BASE,GSI-5716,2024-rising,2024,rising,EVENT_YEAR_RELATIVE,0.25,2024-08-24,0.078274840872356699,0.017954625623785025,False,,,,10,0,0,10
BASE,GSI-5716,2024-rising,2024,rising,EVENT_YEAR_RELATIVE,0.30,2024-08-24,0.093929809046828031,0.017954625623785025,False,,,,9,0,0,9
BASE,GSI-5716,2024-rising,2024,rising,EVENT_YEAR_RELATIVE,0.40,2024-08-24,0.12523974539577074,0.017954625623785025,False,,,,6,0,0,6
BASE,GSI-5716,2024-rising,2024,rising,EVENT_YEAR_RELATIVE,0.50,2024-08-24,0.1565496817447134,0.017954625623785025,False,,,,6,0,0,6
BASE,GSI-5716,2024-rising,2024,rising,EVENT_YEAR_RELATIVE,0.60,2024-08-24,0.18785961809365606,0.017954625623785025,False,,,,6,0,0,6
BASE,GSI-5716,2024-rising,2024,rising,EVENT_YEAR_RELATIVE,0.70,2024-08-24,0.21916955444259875,0.017954625623785025,False,,,,7,0,0,7
BASE,GSI-5716,2024-rising,2024,rising,EVENT_YEAR_RELATIVE,0.75,2024-08-24,0.2348245226170701,0.017954625623785025,False,,,,5,0,0,5
BASE,GSI-5716,2024-rising,2024,rising,EVENT_YEAR_RELATIVE,0.80,2024-08-24,0.25047949079154147,0.017954625623785025,False,,,,7,0,0,7
BASE,GSI-5716,2024-rising,2024,rising,EVENT_YEAR_RELATIVE,0.90,2024-08-24,0.28178942714048411,0.017954625623785025,False,,,,6,0,0,6
BASE,GSI-5716,2025-falling,2025,falling,EVENT_YEAR_RELATIVE,0.10,2025-05-01,0.051984088048802529,0.047195033507445548,True,739371.305844755,2025-04-30,-0.694155245,9,1,0,8
BASE,GSI-5716,2025-falling,2025,falling,EVENT_YEAR_RELATIVE,0.20,2025-05-01,0.10396817609760506,0.047195033507445548,True,739352.779811913,2025-04-11,-19.220188087,9,1,0,8
BASE,GSI-5716,2025-falling,2025,falling,EVENT_YEAR_RELATIVE,0.25,2025-05-01,0.12996022012200631,0.047195033507445548,True,739348.416696555,2025-04-07,-23.583303445,6,1,0,5
BASE,GSI-5716,2025-falling,2025,falling,EVENT_YEAR_RELATIVE,0.30,2025-05-01,0.15595226414640756,0.047195033507445548,True,739345.683503720,2025-04-04,-26.316496280,6,1,0,5
BASE,GSI-5716,2025-falling,2025,falling,EVENT_YEAR_RELATIVE,0.40,2025-05-01,0.20793635219521012,0.047195033507445548,True,739341.201074198,2025-03-31,-30.798925802,6,1,0,5
BASE,GSI-5716,2025-falling,2025,falling,EVENT_YEAR_RELATIVE,0.50,2025-05-01,0.25992044024401262,0.047195033507445548,True,739336.080663552,2025-03-26,-35.919336448,7,1,0,6
BASE,GSI-5716,2025-falling,2025,falling,EVENT_YEAR_RELATIVE,0.60,2025-05-01,0.31190452829281512,0.047195033507445548,True,739329.046515959,2025-03-19,-42.953484041,5,1,0,4
BASE,GSI-5716,2025-falling,2025,falling,EVENT_YEAR_RELATIVE,0.70,2025-05-01,0.36388861634161762,0.047195033507445548,True,739319.124255150,2025-03-09,-52.875744850,1,1,0,0
BASE,GSI-5716,2025-falling,2025,falling,EVENT_YEAR_RELATIVE,0.75,2025-05-01,0.38988066036601893,0.047195033507445548,True,739312.079496699,2025-03-02,-59.920503301,1,1,0,0
BASE,GSI-5716,2025-falling,2025,falling,EVENT_YEAR_RELATIVE,0.80,2025-05-01,0.41587270439042023,0.047195033507445548,True,739306.658481019,2025-02-24,-65.341518981,1,1,0,0
BASE,GSI-5716,2025-falling,2025,falling,EVENT_YEAR_RELATIVE,0.90,2025-05-01,0.46785679243922274,0.047195033507445548,True,739298.374013660,2025-02-16,-73.625986340,1,1,0,0
BASE,GSI-5716,2025-rising,2025,rising,EVENT_YEAR_RELATIVE,0.10,2025-09-05,0.051984088048802529,0.020696646644704792,True,739574.651081919,2025-11-19,75.651081919,9,2,1,7
BASE,GSI-5716,2025-rising,2025,rising,EVENT_YEAR_RELATIVE,0.20,2025-09-05,0.10396817609760506,0.020696646644704792,True,739614.780936405,2025-12-29,115.780936405,9,1,0,8
BASE,GSI-5716,2025-rising,2025,rising,EVENT_YEAR_RELATIVE,0.25,2025-09-05,0.12996022012200631,0.020696646644704792,False,,,,6,0,0,6
BASE,GSI-5716,2025-rising,2025,rising,EVENT_YEAR_RELATIVE,0.30,2025-09-05,0.15595226414640756,0.020696646644704792,False,,,,6,0,0,6
BASE,GSI-5716,2025-rising,2025,rising,EVENT_YEAR_RELATIVE,0.40,2025-09-05,0.20793635219521012,0.020696646644704792,False,,,,6,0,0,6
BASE,GSI-5716,2025-rising,2025,rising,EVENT_YEAR_RELATIVE,0.50,2025-09-05,0.25992044024401262,0.020696646644704792,False,,,,7,0,0,7
BASE,GSI-5716,2025-rising,2025,rising,EVENT_YEAR_RELATIVE,0.60,2025-09-05,0.31190452829281512,0.020696646644704792,False,,,,5,0,0,5
BASE,GSI-5716,2025-rising,2025,rising,EVENT_YEAR_RELATIVE,0.70,2025-09-05,0.36388861634161762,0.020696646644704792,False,,,,1,0,0,1
BASE,GSI-5716,2025-rising,2025,rising,EVENT_YEAR_RELATIVE,0.75,2025-09-05,0.38988066036601893,0.020696646644704792,False,,,,1,0,0,1
BASE,GSI-5716,2025-rising,2025,rising,EVENT_YEAR_RELATIVE,0.80,2025-09-05,0.41587270439042023,0.020696646644704792,False,,,,1,0,0,1
BASE,GSI-5716,2025-rising,2025,rising,EVENT_YEAR_RELATIVE,0.90,2025-09-05,0.46785679243922274,0.020696646644704792,False,,,,1,0,0,1
BASE,GSI-5717,2024-falling,2024,falling,EVENT_YEAR_RELATIVE,0.10,2024-05-21,0.029385849939644184,0.0035021058298558322,True,739012.568009859,2024-05-06,-14.431990141,17,1,0,16
BASE,GSI-5717,2024-falling,2024,falling,EVENT_YEAR_RELATIVE,0.20,2024-05-21,0.058771699879288368,0.0035021058298558322,True,739006.437730776,2024-04-30,-20.562269224,13,1,0,12
BASE,GSI-5717,2024-falling,2024,falling,EVENT_YEAR_RELATIVE,0.25,2024-05-21,0.073464624849110455,0.0035021058298558322,True,738998.434165748,2024-04-22,-28.565834252,10,1,0,9
BASE,GSI-5717,2024-falling,2024,falling,EVENT_YEAR_RELATIVE,0.30,2024-05-21,0.088157549818932548,0.0035021058298558322,True,738995.714484539,2024-04-19,-31.285515461,9,1,0,8
BASE,GSI-5717,2024-falling,2024,falling,EVENT_YEAR_RELATIVE,0.40,2024-05-21,0.11754339975857674,0.0035021058298558322,True,738985.580671890,2024-04-09,-41.419328110,6,1,0,5
BASE,GSI-5717,2024-falling,2024,falling,EVENT_YEAR_RELATIVE,0.50,2024-05-21,0.14692924969822091,0.0035021058298558322,True,738947.212052154,2024-03-02,-79.787947846,6,2,1,4
BASE,GSI-5717,2024-falling,2024,falling,EVENT_YEAR_RELATIVE,0.60,2024-05-21,0.1763150996378651,0.0035021058298558322,True,738942.176017643,2024-02-26,-84.823982357,6,2,1,4
BASE,GSI-5717,2024-falling,2024,falling,EVENT_YEAR_RELATIVE,0.70,2024-05-21,0.20570094957750926,0.0035021058298558322,True,738938.185206218,2024-02-22,-88.814793782,7,3,2,4
BASE,GSI-5717,2024-falling,2024,falling,EVENT_YEAR_RELATIVE,0.75,2024-05-21,0.22039387454733136,0.0035021058298558322,True,738972.174655581,2024-03-27,-54.825344419,5,1,0,4
BASE,GSI-5717,2024-falling,2024,falling,EVENT_YEAR_RELATIVE,0.80,2024-05-21,0.23508679951715347,0.0035021058298558322,True,738970.249960469,2024-03-25,-56.750039531,7,1,0,6
BASE,GSI-5717,2024-falling,2024,falling,EVENT_YEAR_RELATIVE,0.90,2024-05-21,0.26447264945679766,0.0035021058298558322,False,,,,6,0,0,6
BASE,GSI-5717,2024-rising,2024,rising,EVENT_YEAR_RELATIVE,0.10,2024-08-24,0.029385849939644184,0.0168512617982647,True,739130.536823865,2024-09-01,8.536823865,17,5,4,12
BASE,GSI-5717,2024-rising,2024,rising,EVENT_YEAR_RELATIVE,0.20,2024-08-24,0.058771699879288368,0.0168512617982647,False,,,,13,0,0,13
BASE,GSI-5717,2024-rising,2024,rising,EVENT_YEAR_RELATIVE,0.25,2024-08-24,0.073464624849110455,0.0168512617982647,False,,,,10,0,0,10
BASE,GSI-5717,2024-rising,2024,rising,EVENT_YEAR_RELATIVE,0.30,2024-08-24,0.088157549818932548,0.0168512617982647,False,,,,9,0,0,9
BASE,GSI-5717,2024-rising,2024,rising,EVENT_YEAR_RELATIVE,0.40,2024-08-24,0.11754339975857674,0.0168512617982647,False,,,,6,0,0,6
BASE,GSI-5717,2024-rising,2024,rising,EVENT_YEAR_RELATIVE,0.50,2024-08-24,0.14692924969822091,0.0168512617982647,False,,,,6,0,0,6
BASE,GSI-5717,2024-rising,2024,rising,EVENT_YEAR_RELATIVE,0.60,2024-08-24,0.1763150996378651,0.0168512617982647,False,,,,6,0,0,6
BASE,GSI-5717,2024-rising,2024,rising,EVENT_YEAR_RELATIVE,0.70,2024-08-24,0.20570094957750926,0.0168512617982647,False,,,,7,0,0,7
BASE,GSI-5717,2024-rising,2024,rising,EVENT_YEAR_RELATIVE,0.75,2024-08-24,0.22039387454733136,0.0168512617982647,False,,,,5,0,0,5
BASE,GSI-5717,2024-rising,2024,rising,EVENT_YEAR_RELATIVE,0.80,2024-08-24,0.23508679951715347,0.0168512617982647,False,,,,7,0,0,7
BASE,GSI-5717,2024-rising,2024,rising,EVENT_YEAR_RELATIVE,0.90,2024-08-24,0.26447264945679766,0.0168512617982647,False,,,,6,0,0,6
BASE,GSI-5717,2025-falling,2025,falling,EVENT_YEAR_RELATIVE,0.10,2025-05-01,0.048789515048086256,0.044294761799894479,True,739371.305844755,2025-04-30,-0.694155245,9,1,0,8
BASE,GSI-5717,2025-falling,2025,falling,EVENT_YEAR_RELATIVE,0.20,2025-05-01,0.097579030096172512,0.044294761799894479,True,739352.779811913,2025-04-11,-19.220188087,9,1,0,8
BASE,GSI-5717,2025-falling,2025,falling,EVENT_YEAR_RELATIVE,0.25,2025-05-01,0.12197378762021563,0.044294761799894479,True,739348.416696555,2025-04-07,-23.583303445,6,1,0,5
BASE,GSI-5717,2025-falling,2025,falling,EVENT_YEAR_RELATIVE,0.30,2025-05-01,0.14636854514425876,0.044294761799894479,True,739345.683503720,2025-04-04,-26.316496280,6,1,0,5
BASE,GSI-5717,2025-falling,2025,falling,EVENT_YEAR_RELATIVE,0.40,2025-05-01,0.19515806019234502,0.044294761799894479,True,739341.201074198,2025-03-31,-30.798925802,6,1,0,5
BASE,GSI-5717,2025-falling,2025,falling,EVENT_YEAR_RELATIVE,0.50,2025-05-01,0.24394757524043126,0.044294761799894479,True,739336.080663552,2025-03-26,-35.919336448,7,1,0,6
BASE,GSI-5717,2025-falling,2025,falling,EVENT_YEAR_RELATIVE,0.60,2025-05-01,0.29273709028851752,0.044294761799894479,True,739329.046515959,2025-03-19,-42.953484041,5,1,0,4
BASE,GSI-5717,2025-falling,2025,falling,EVENT_YEAR_RELATIVE,0.70,2025-05-01,0.34152660533660373,0.044294761799894479,True,739319.124255150,2025-03-09,-52.875744850,1,1,0,0
BASE,GSI-5717,2025-falling,2025,falling,EVENT_YEAR_RELATIVE,0.75,2025-05-01,0.36592136286064691,0.044294761799894479,True,739312.079496699,2025-03-02,-59.920503301,1,1,0,0
BASE,GSI-5717,2025-falling,2025,falling,EVENT_YEAR_RELATIVE,0.80,2025-05-01,0.39031612038469005,0.044294761799894479,True,739306.658481019,2025-02-24,-65.341518981,1,1,0,0
BASE,GSI-5717,2025-falling,2025,falling,EVENT_YEAR_RELATIVE,0.90,2025-05-01,0.43910563543277625,0.044294761799894479,True,739298.374013660,2025-02-16,-73.625986340,1,1,0,0
BASE,GSI-5717,2025-rising,2025,rising,EVENT_YEAR_RELATIVE,0.10,2025-09-05,0.048789515048086256,0.019424777673675259,True,739574.651081919,2025-11-19,75.651081919,9,2,1,7
BASE,GSI-5717,2025-rising,2025,rising,EVENT_YEAR_RELATIVE,0.20,2025-09-05,0.097579030096172512,0.019424777673675259,True,739614.780936405,2025-12-29,115.780936405,9,1,0,8
BASE,GSI-5717,2025-rising,2025,rising,EVENT_YEAR_RELATIVE,0.25,2025-09-05,0.12197378762021563,0.019424777673675259,False,,,,6,0,0,6
BASE,GSI-5717,2025-rising,2025,rising,EVENT_YEAR_RELATIVE,0.30,2025-09-05,0.14636854514425876,0.019424777673675259,False,,,,6,0,0,6
BASE,GSI-5717,2025-rising,2025,rising,EVENT_YEAR_RELATIVE,0.40,2025-09-05,0.19515806019234502,0.019424777673675259,False,,,,6,0,0,6
BASE,GSI-5717,2025-rising,2025,rising,EVENT_YEAR_RELATIVE,0.50,2025-09-05,0.24394757524043126,0.019424777673675259,False,,,,7,0,0,7
BASE,GSI-5717,2025-rising,2025,rising,EVENT_YEAR_RELATIVE,0.60,2025-09-05,0.29273709028851752,0.019424777673675259,False,,,,5,0,0,5
BASE,GSI-5717,2025-rising,2025,rising,EVENT_YEAR_RELATIVE,0.70,2025-09-05,0.34152660533660373,0.019424777673675259,False,,,,1,0,0,1
BASE,GSI-5717,2025-rising,2025,rising,EVENT_YEAR_RELATIVE,0.75,2025-09-05,0.36592136286064691,0.019424777673675259,False,,,,1,0,0,1
BASE,GSI-5717,2025-rising,2025,rising,EVENT_YEAR_RELATIVE,0.80,2025-09-05,0.39031612038469005,0.019424777673675259,False,,,,1,0,0,1
BASE,GSI-5717,2025-rising,2025,rising,EVENT_YEAR_RELATIVE,0.90,2025-09-05,0.43910563543277625,0.019424777673675259,False,,,,1,0,0,1
BASE,GSI-5718,2024-falling,2024,falling,EVENT_YEAR_RELATIVE,0.10,2024-05-21,0.02934227308546632,0.0034969124883198035,True,739012.568009859,2024-05-06,-14.431990141,17,1,0,16
BASE,GSI-5718,2024-falling,2024,falling,EVENT_YEAR_RELATIVE,0.20,2024-05-21,0.05868454617093264,0.0034969124883198035,True,739006.437730776,2024-04-30,-20.562269224,13,1,0,12
BASE,GSI-5718,2024-falling,2024,falling,EVENT_YEAR_RELATIVE,0.25,2024-05-21,0.073355682713665799,0.0034969124883198035,True,738998.434165748,2024-04-22,-28.565834252,10,1,0,9
BASE,GSI-5718,2024-falling,2024,falling,EVENT_YEAR_RELATIVE,0.30,2024-05-21,0.08802681925639895,0.0034969124883198035,True,738995.714484539,2024-04-19,-31.285515461,9,1,0,8
BASE,GSI-5718,2024-falling,2024,falling,EVENT_YEAR_RELATIVE,0.40,2024-05-21,0.11736909234186528,0.0034969124883198035,True,738985.580671890,2024-04-09,-41.419328110,6,1,0,5
BASE,GSI-5718,2024-falling,2024,falling,EVENT_YEAR_RELATIVE,0.50,2024-05-21,0.1467113654273316,0.0034969124883198035,True,738947.212052154,2024-03-02,-79.787947846,6,2,1,4
BASE,GSI-5718,2024-falling,2024,falling,EVENT_YEAR_RELATIVE,0.60,2024-05-21,0.1760536385127979,0.0034969124883198035,True,738942.176017643,2024-02-26,-84.823982357,6,2,1,4
BASE,GSI-5718,2024-falling,2024,falling,EVENT_YEAR_RELATIVE,0.70,2024-05-21,0.20539591159826423,0.0034969124883198035,True,738938.185206218,2024-02-22,-88.814793782,7,3,2,4
BASE,GSI-5718,2024-falling,2024,falling,EVENT_YEAR_RELATIVE,0.75,2024-05-21,0.2200670481409974,0.0034969124883198035,True,738972.174655581,2024-03-27,-54.825344419,5,1,0,4
BASE,GSI-5718,2024-falling,2024,falling,EVENT_YEAR_RELATIVE,0.80,2024-05-21,0.23473818468373056,0.0034969124883198035,True,738970.249960469,2024-03-25,-56.750039531,7,1,0,6
BASE,GSI-5718,2024-falling,2024,falling,EVENT_YEAR_RELATIVE,0.90,2024-05-21,0.26408045776919686,0.0034969124883198035,False,,,,6,0,0,6
BASE,GSI-5718,2024-rising,2024,rising,EVENT_YEAR_RELATIVE,0.10,2024-08-24,0.02934227308546632,0.016826272731091069,True,739130.536823865,2024-09-01,8.536823865,17,5,4,12
BASE,GSI-5718,2024-rising,2024,rising,EVENT_YEAR_RELATIVE,0.20,2024-08-24,0.05868454617093264,0.016826272731091069,False,,,,13,0,0,13
BASE,GSI-5718,2024-rising,2024,rising,EVENT_YEAR_RELATIVE,0.25,2024-08-24,0.073355682713665799,0.016826272731091069,False,,,,10,0,0,10
BASE,GSI-5718,2024-rising,2024,rising,EVENT_YEAR_RELATIVE,0.30,2024-08-24,0.08802681925639895,0.016826272731091069,False,,,,9,0,0,9
BASE,GSI-5718,2024-rising,2024,rising,EVENT_YEAR_RELATIVE,0.40,2024-08-24,0.11736909234186528,0.016826272731091069,False,,,,6,0,0,6
BASE,GSI-5718,2024-rising,2024,rising,EVENT_YEAR_RELATIVE,0.50,2024-08-24,0.1467113654273316,0.016826272731091069,False,,,,6,0,0,6
BASE,GSI-5718,2024-rising,2024,rising,EVENT_YEAR_RELATIVE,0.60,2024-08-24,0.1760536385127979,0.016826272731091069,False,,,,6,0,0,6
BASE,GSI-5718,2024-rising,2024,rising,EVENT_YEAR_RELATIVE,0.70,2024-08-24,0.20539591159826423,0.016826272731091069,False,,,,7,0,0,7
BASE,GSI-5718,2024-rising,2024,rising,EVENT_YEAR_RELATIVE,0.75,2024-08-24,0.2200670481409974,0.016826272731091069,False,,,,5,0,0,5
BASE,GSI-5718,2024-rising,2024,rising,EVENT_YEAR_RELATIVE,0.80,2024-08-24,0.23473818468373056,0.016826272731091069,False,,,,7,0,0,7
BASE,GSI-5718,2024-rising,2024,rising,EVENT_YEAR_RELATIVE,0.90,2024-08-24,0.26408045776919686,0.016826272731091069,False,,,,6,0,0,6
BASE,GSI-5718,2025-falling,2025,falling,EVENT_YEAR_RELATIVE,0.10,2025-05-01,0.048717164117722631,0.044229076227424682,True,739371.305844755,2025-04-30,-0.694155245,9,1,0,8
BASE,GSI-5718,2025-falling,2025,falling,EVENT_YEAR_RELATIVE,0.20,2025-05-01,0.097434328235445261,0.044229076227424682,True,739352.779811913,2025-04-11,-19.220188087,9,1,0,8
BASE,GSI-5718,2025-falling,2025,falling,EVENT_YEAR_RELATIVE,0.25,2025-05-01,0.12179291029430657,0.044229076227424682,True,739348.416696555,2025-04-07,-23.583303445,6,1,0,5
BASE,GSI-5718,2025-falling,2025,falling,EVENT_YEAR_RELATIVE,0.30,2025-05-01,0.14615149235316788,0.044229076227424682,True,739345.683503720,2025-04-04,-26.316496280,6,1,0,5
BASE,GSI-5718,2025-falling,2025,falling,EVENT_YEAR_RELATIVE,0.40,2025-05-01,0.19486865647089052,0.044229076227424682,True,739341.201074198,2025-03-31,-30.798925802,6,1,0,5
BASE,GSI-5718,2025-falling,2025,falling,EVENT_YEAR_RELATIVE,0.50,2025-05-01,0.24358582058861314,0.044229076227424682,True,739336.080663552,2025-03-26,-35.919336448,7,1,0,6
BASE,GSI-5718,2025-falling,2025,falling,EVENT_YEAR_RELATIVE,0.60,2025-05-01,0.29230298470633576,0.044229076227424682,True,739329.046515959,2025-03-19,-42.953484041,5,1,0,4
BASE,GSI-5718,2025-falling,2025,falling,EVENT_YEAR_RELATIVE,0.70,2025-05-01,0.3410201488240584,0.044229076227424682,True,739319.124255150,2025-03-09,-52.875744850,1,1,0,0
BASE,GSI-5718,2025-falling,2025,falling,EVENT_YEAR_RELATIVE,0.75,2025-05-01,0.36537873088291972,0.044229076227424682,True,739312.079496699,2025-03-02,-59.920503301,1,1,0,0
BASE,GSI-5718,2025-falling,2025,falling,EVENT_YEAR_RELATIVE,0.80,2025-05-01,0.38973731294178104,0.044229076227424682,True,739306.658481019,2025-02-24,-65.341518981,1,1,0,0
BASE,GSI-5718,2025-falling,2025,falling,EVENT_YEAR_RELATIVE,0.90,2025-05-01,0.43845447705950363,0.044229076227424682,True,739298.374013660,2025-02-16,-73.625986340,1,1,0,0
BASE,GSI-5718,2025-rising,2025,rising,EVENT_YEAR_RELATIVE,0.10,2025-09-05,0.048717164117722631,0.019395972289251745,True,739574.651081919,2025-11-19,75.651081919,9,2,1,7
BASE,GSI-5718,2025-rising,2025,rising,EVENT_YEAR_RELATIVE,0.20,2025-09-05,0.097434328235445261,0.019395972289251745,True,739614.780936405,2025-12-29,115.780936405,9,1,0,8
BASE,GSI-5718,2025-rising,2025,rising,EVENT_YEAR_RELATIVE,0.25,2025-09-05,0.12179291029430657,0.019395972289251745,False,,,,6,0,0,6
BASE,GSI-5718,2025-rising,2025,rising,EVENT_YEAR_RELATIVE,0.30,2025-09-05,0.14615149235316788,0.019395972289251745,False,,,,6,0,0,6
BASE,GSI-5718,2025-rising,2025,rising,EVENT_YEAR_RELATIVE,0.40,2025-09-05,0.19486865647089052,0.019395972289251745,False,,,,6,0,0,6
BASE,GSI-5718,2025-rising,2025,rising,EVENT_YEAR_RELATIVE,0.50,2025-09-05,0.24358582058861314,0.019395972289251745,False,,,,7,0,0,7
BASE,GSI-5718,2025-rising,2025,rising,EVENT_YEAR_RELATIVE,0.60,2025-09-05,0.29230298470633576,0.019395972289251745,False,,,,5,0,0,5
BASE,GSI-5718,2025-rising,2025,rising,EVENT_YEAR_RELATIVE,0.70,2025-09-05,0.3410201488240584,0.019395972289251745,False,,,,1,0,0,1
BASE,GSI-5718,2025-rising,2025,rising,EVENT_YEAR_RELATIVE,0.75,2025-09-05,0.36537873088291972,0.019395972289251745,False,,,,1,0,0,1
BASE,GSI-5718,2025-rising,2025,rising,EVENT_YEAR_RELATIVE,0.80,2025-09-05,0.38973731294178104,0.019395972289251745,False,,,,1,0,0,1
BASE,GSI-5718,2025-rising,2025,rising,EVENT_YEAR_RELATIVE,0.90,2025-09-05,0.43845447705950363,0.019395972289251745,False,,,,1,0,0,1
BASE,GSI-5721,2024-falling,2024,falling,EVENT_YEAR_RELATIVE,0.10,2024-05-21,0.029662544392501478,0,True,739002.548357096,2024-04-26,-24.451642904,13,1,0,12
BASE,GSI-5721,2024-falling,2024,falling,EVENT_YEAR_RELATIVE,0.20,2024-05-21,0.059325088785002957,0,True,738991.876447274,2024-04-15,-35.123552726,14,1,0,13
BASE,GSI-5721,2024-falling,2024,falling,EVENT_YEAR_RELATIVE,0.25,2024-05-21,0.074156360981253694,0,True,738988.238569571,2024-04-12,-38.761430429,9,1,0,8
BASE,GSI-5721,2024-falling,2024,falling,EVENT_YEAR_RELATIVE,0.30,2024-05-21,0.088987633177504424,0,True,738985.318438715,2024-04-09,-41.681561285,10,1,0,9
BASE,GSI-5721,2024-falling,2024,falling,EVENT_YEAR_RELATIVE,0.40,2024-05-21,0.11865017757000591,0,True,738980.674622555,2024-04-04,-46.325377445,6,1,0,5
BASE,GSI-5721,2024-falling,2024,falling,EVENT_YEAR_RELATIVE,0.50,2024-05-21,0.14831272196250739,0,True,738944.664576350,2024-02-28,-82.335423650,6,2,1,4
BASE,GSI-5721,2024-falling,2024,falling,EVENT_YEAR_RELATIVE,0.60,2024-05-21,0.17797526635500885,0,True,738941.773209933,2024-02-25,-85.226790067,6,2,1,4
BASE,GSI-5721,2024-falling,2024,falling,EVENT_YEAR_RELATIVE,0.70,2024-05-21,0.20763781074751034,0,False,,,,4,0,0,4
BASE,GSI-5721,2024-falling,2024,falling,EVENT_YEAR_RELATIVE,0.75,2024-05-21,0.22246908294376108,0,False,,,,5,0,0,5
BASE,GSI-5721,2024-falling,2024,falling,EVENT_YEAR_RELATIVE,0.80,2024-05-21,0.23730035514001183,0,False,,,,6,0,0,6
BASE,GSI-5721,2024-falling,2024,falling,EVENT_YEAR_RELATIVE,0.90,2024-05-21,0.26696289953251329,0,False,,,,5,0,0,5
BASE,GSI-5721,2024-rising,2024,rising,EVENT_YEAR_RELATIVE,0.10,2024-08-24,0.029662544392501478,0.0033117725046124119,True,739161.887811326,2024-10-02,39.887811326,13,3,2,10
BASE,GSI-5721,2024-rising,2024,rising,EVENT_YEAR_RELATIVE,0.20,2024-08-24,0.059325088785002957,0.0033117725046124119,False,,,,14,0,0,14
BASE,GSI-5721,2024-rising,2024,rising,EVENT_YEAR_RELATIVE,0.25,2024-08-24,0.074156360981253694,0.0033117725046124119,False,,,,9,0,0,9
BASE,GSI-5721,2024-rising,2024,rising,EVENT_YEAR_RELATIVE,0.30,2024-08-24,0.088987633177504424,0.0033117725046124119,False,,,,10,0,0,10
BASE,GSI-5721,2024-rising,2024,rising,EVENT_YEAR_RELATIVE,0.40,2024-08-24,0.11865017757000591,0.0033117725046124119,False,,,,6,0,0,6
BASE,GSI-5721,2024-rising,2024,rising,EVENT_YEAR_RELATIVE,0.50,2024-08-24,0.14831272196250739,0.0033117725046124119,False,,,,6,0,0,6
BASE,GSI-5721,2024-rising,2024,rising,EVENT_YEAR_RELATIVE,0.60,2024-08-24,0.17797526635500885,0.0033117725046124119,False,,,,6,0,0,6
BASE,GSI-5721,2024-rising,2024,rising,EVENT_YEAR_RELATIVE,0.70,2024-08-24,0.20763781074751034,0.0033117725046124119,False,,,,4,0,0,4
BASE,GSI-5721,2024-rising,2024,rising,EVENT_YEAR_RELATIVE,0.75,2024-08-24,0.22246908294376108,0.0033117725046124119,False,,,,5,0,0,5
BASE,GSI-5721,2024-rising,2024,rising,EVENT_YEAR_RELATIVE,0.80,2024-08-24,0.23730035514001183,0.0033117725046124119,False,,,,6,0,0,6
BASE,GSI-5721,2024-rising,2024,rising,EVENT_YEAR_RELATIVE,0.90,2024-08-24,0.26696289953251329,0.0033117725046124119,False,,,,5,0,0,5
BASE,GSI-5721,2025-falling,2025,falling,EVENT_YEAR_RELATIVE,0.10,2025-05-01,0.048160848301998543,0.014758261599542508,True,739356.231273284,2025-04-15,-15.768726716,9,1,0,8
BASE,GSI-5721,2025-falling,2025,falling,EVENT_YEAR_RELATIVE,0.20,2025-05-01,0.096321696603997087,0.014758261599542508,True,739348.347055568,2025-04-07,-23.652944432,9,1,0,8
BASE,GSI-5721,2025-falling,2025,falling,EVENT_YEAR_RELATIVE,0.25,2025-05-01,0.12040212075499636,0.014758261599542508,True,739345.533191252,2025-04-04,-26.466808748,6,1,0,5
BASE,GSI-5721,2025-falling,2025,falling,EVENT_YEAR_RELATIVE,0.30,2025-05-01,0.14448254490599563,0.014758261599542508,True,739342.793355149,2025-04-01,-29.206644851,6,1,0,5
BASE,GSI-5721,2025-falling,2025,falling,EVENT_YEAR_RELATIVE,0.40,2025-05-01,0.19264339320799417,0.014758261599542508,True,739337.976173791,2025-03-27,-34.023826209,6,1,0,5
BASE,GSI-5721,2025-falling,2025,falling,EVENT_YEAR_RELATIVE,0.50,2025-05-01,0.24080424150999272,0.014758261599542508,True,739332.195000701,2025-03-22,-39.804999299,6,1,0,5
BASE,GSI-5721,2025-falling,2025,falling,EVENT_YEAR_RELATIVE,0.60,2025-05-01,0.28896508981199126,0.014758261599542508,True,739325.216286676,2025-03-15,-46.783713324,4,1,0,3
BASE,GSI-5721,2025-falling,2025,falling,EVENT_YEAR_RELATIVE,0.70,2025-05-01,0.33712593811398978,0.014758261599542508,True,739313.883283366,2025-03-03,-58.116716634,1,1,0,0
BASE,GSI-5721,2025-falling,2025,falling,EVENT_YEAR_RELATIVE,0.75,2025-05-01,0.36120636226498909,0.014758261599542508,True,739309.316434403,2025-02-27,-62.683565597,1,1,0,0
BASE,GSI-5721,2025-falling,2025,falling,EVENT_YEAR_RELATIVE,0.80,2025-05-01,0.38528678641598835,0.014758261599542508,True,739304.885152105,2025-02-22,-67.114847895,1,1,0,0
BASE,GSI-5721,2025-falling,2025,falling,EVENT_YEAR_RELATIVE,0.90,2025-05-01,0.43344763471798692,0.014758261599542508,True,739297.857926272,2025-02-15,-74.142073728,1,1,0,0
BASE,GSI-5721,2025-rising,2025,rising,EVENT_YEAR_RELATIVE,0.10,2025-09-05,0.048160848301998543,0.0063223286530039741,True,739574.604447284,2025-11-19,75.604447284,9,2,1,7
BASE,GSI-5721,2025-rising,2025,rising,EVENT_YEAR_RELATIVE,0.20,2025-09-05,0.096321696603997087,0.0063223286530039741,True,739614.452982252,2025-12-29,115.452982252,9,1,0,8
BASE,GSI-5721,2025-rising,2025,rising,EVENT_YEAR_RELATIVE,0.25,2025-09-05,0.12040212075499636,0.0063223286530039741,False,,,,6,0,0,6
BASE,GSI-5721,2025-rising,2025,rising,EVENT_YEAR_RELATIVE,0.30,2025-09-05,0.14448254490599563,0.0063223286530039741,False,,,,6,0,0,6
BASE,GSI-5721,2025-rising,2025,rising,EVENT_YEAR_RELATIVE,0.40,2025-09-05,0.19264339320799417,0.0063223286530039741,False,,,,6,0,0,6
BASE,GSI-5721,2025-rising,2025,rising,EVENT_YEAR_RELATIVE,0.50,2025-09-05,0.24080424150999272,0.0063223286530039741,False,,,,6,0,0,6
BASE,GSI-5721,2025-rising,2025,rising,EVENT_YEAR_RELATIVE,0.60,2025-09-05,0.28896508981199126,0.0063223286530039741,False,,,,4,0,0,4
BASE,GSI-5721,2025-rising,2025,rising,EVENT_YEAR_RELATIVE,0.70,2025-09-05,0.33712593811398978,0.0063223286530039741,False,,,,1,0,0,1
BASE,GSI-5721,2025-rising,2025,rising,EVENT_YEAR_RELATIVE,0.75,2025-09-05,0.36120636226498909,0.0063223286530039741,False,,,,1,0,0,1
BASE,GSI-5721,2025-rising,2025,rising,EVENT_YEAR_RELATIVE,0.80,2025-09-05,0.38528678641598835,0.0063223286530039741,False,,,,1,0,0,1
BASE,GSI-5721,2025-rising,2025,rising,EVENT_YEAR_RELATIVE,0.90,2025-09-05,0.43344763471798692,0.0063223286530039741,False,,,,1,0,0,1
BASE,GSI-5722,2024-falling,2024,falling,EVENT_YEAR_RELATIVE,0.10,2024-05-21,0.027703082687507447,0,True,739002.548357096,2024-04-26,-24.451642904,13,1,0,12
BASE,GSI-5722,2024-falling,2024,falling,EVENT_YEAR_RELATIVE,0.20,2024-05-21,0.055406165375014894,0,True,738991.876447274,2024-04-15,-35.123552726,14,1,0,13
BASE,GSI-5722,2024-falling,2024,falling,EVENT_YEAR_RELATIVE,0.25,2024-05-21,0.069257706718768616,0,True,738988.238569571,2024-04-12,-38.761430429,9,1,0,8
BASE,GSI-5722,2024-falling,2024,falling,EVENT_YEAR_RELATIVE,0.30,2024-05-21,0.083109248062522331,0,True,738985.318438715,2024-04-09,-41.681561285,10,1,0,9
BASE,GSI-5722,2024-falling,2024,falling,EVENT_YEAR_RELATIVE,0.40,2024-05-21,0.11081233075002979,0,True,738980.674622555,2024-04-04,-46.325377445,6,1,0,5
BASE,GSI-5722,2024-falling,2024,falling,EVENT_YEAR_RELATIVE,0.50,2024-05-21,0.13851541343753723,0,True,738944.664576350,2024-02-28,-82.335423650,6,2,1,4
BASE,GSI-5722,2024-falling,2024,falling,EVENT_YEAR_RELATIVE,0.60,2024-05-21,0.16621849612504466,0,True,738941.773209933,2024-02-25,-85.226790067,6,2,1,4
BASE,GSI-5722,2024-falling,2024,falling,EVENT_YEAR_RELATIVE,0.70,2024-05-21,0.19392157881255212,0,False,,,,4,0,0,4
BASE,GSI-5722,2024-falling,2024,falling,EVENT_YEAR_RELATIVE,0.75,2024-05-21,0.20777312015630583,0,False,,,,5,0,0,5
BASE,GSI-5722,2024-falling,2024,falling,EVENT_YEAR_RELATIVE,0.80,2024-05-21,0.22162466150005958,0,False,,,,6,0,0,6
BASE,GSI-5722,2024-falling,2024,falling,EVENT_YEAR_RELATIVE,0.90,2024-05-21,0.24932774418756704,0,False,,,,5,0,0,5
BASE,GSI-5722,2024-rising,2024,rising,EVENT_YEAR_RELATIVE,0.10,2024-08-24,0.027703082687507447,0.0030930019462755269,True,739161.887811326,2024-10-02,39.887811326,13,3,2,10
BASE,GSI-5722,2024-rising,2024,rising,EVENT_YEAR_RELATIVE,0.20,2024-08-24,0.055406165375014894,0.0030930019462755269,False,,,,14,0,0,14
BASE,GSI-5722,2024-rising,2024,rising,EVENT_YEAR_RELATIVE,0.25,2024-08-24,0.069257706718768616,0.0030930019462755269,False,,,,9,0,0,9
BASE,GSI-5722,2024-rising,2024,rising,EVENT_YEAR_RELATIVE,0.30,2024-08-24,0.083109248062522331,0.0030930019462755269,False,,,,10,0,0,10
BASE,GSI-5722,2024-rising,2024,rising,EVENT_YEAR_RELATIVE,0.40,2024-08-24,0.11081233075002979,0.0030930019462755269,False,,,,6,0,0,6
BASE,GSI-5722,2024-rising,2024,rising,EVENT_YEAR_RELATIVE,0.50,2024-08-24,0.13851541343753723,0.0030930019462755269,False,,,,6,0,0,6
BASE,GSI-5722,2024-rising,2024,rising,EVENT_YEAR_RELATIVE,0.60,2024-08-24,0.16621849612504466,0.0030930019462755269,False,,,,6,0,0,6
BASE,GSI-5722,2024-rising,2024,rising,EVENT_YEAR_RELATIVE,0.70,2024-08-24,0.19392157881255212,0.0030930019462755269,False,,,,4,0,0,4
BASE,GSI-5722,2024-rising,2024,rising,EVENT_YEAR_RELATIVE,0.75,2024-08-24,0.20777312015630583,0.0030930019462755269,False,,,,5,0,0,5
BASE,GSI-5722,2024-rising,2024,rising,EVENT_YEAR_RELATIVE,0.80,2024-08-24,0.22162466150005958,0.0030930019462755269,False,,,,6,0,0,6
BASE,GSI-5722,2024-rising,2024,rising,EVENT_YEAR_RELATIVE,0.90,2024-08-24,0.24932774418756704,0.0030930019462755269,False,,,,5,0,0,5
BASE,GSI-5722,2025-falling,2025,falling,EVENT_YEAR_RELATIVE,0.10,2025-05-01,0.044979417313507596,0.013783353713896065,True,739356.231273284,2025-04-15,-15.768726716,9,1,0,8
BASE,GSI-5722,2025-falling,2025,falling,EVENT_YEAR_RELATIVE,0.20,2025-05-01,0.089958834627015191,0.013783353713896065,True,739348.347055568,2025-04-07,-23.652944432,9,1,0,8
BASE,GSI-5722,2025-falling,2025,falling,EVENT_YEAR_RELATIVE,0.25,2025-05-01,0.11244854328376898,0.013783353713896065,True,739345.533191252,2025-04-04,-26.466808748,6,1,0,5
BASE,GSI-5722,2025-falling,2025,falling,EVENT_YEAR_RELATIVE,0.30,2025-05-01,0.13493825194052278,0.013783353713896065,True,739342.793355149,2025-04-01,-29.206644851,6,1,0,5
BASE,GSI-5722,2025-falling,2025,falling,EVENT_YEAR_RELATIVE,0.40,2025-05-01,0.17991766925403038,0.013783353713896065,True,739337.976173791,2025-03-27,-34.023826209,6,1,0,5
BASE,GSI-5722,2025-falling,2025,falling,EVENT_YEAR_RELATIVE,0.50,2025-05-01,0.22489708656753796,0.013783353713896065,True,739332.195000701,2025-03-22,-39.804999299,6,1,0,5
BASE,GSI-5722,2025-falling,2025,falling,EVENT_YEAR_RELATIVE,0.60,2025-05-01,0.26987650388104556,0.013783353713896065,True,739325.216286676,2025-03-15,-46.783713324,4,1,0,3
BASE,GSI-5722,2025-falling,2025,falling,EVENT_YEAR_RELATIVE,0.70,2025-05-01,0.31485592119455313,0.013783353713896065,True,739313.883283366,2025-03-03,-58.116716634,1,1,0,0
BASE,GSI-5722,2025-falling,2025,falling,EVENT_YEAR_RELATIVE,0.75,2025-05-01,0.33734562985130695,0.013783353713896065,True,739309.316434403,2025-02-27,-62.683565597,1,1,0,0
BASE,GSI-5722,2025-falling,2025,falling,EVENT_YEAR_RELATIVE,0.80,2025-05-01,0.35983533850806076,0.013783353713896065,True,739304.885152105,2025-02-22,-67.114847895,1,1,0,0
BASE,GSI-5722,2025-falling,2025,falling,EVENT_YEAR_RELATIVE,0.90,2025-05-01,0.40481475582156834,0.013783353713896065,True,739297.857926272,2025-02-15,-74.142073728,1,1,0,0
BASE,GSI-5722,2025-rising,2025,rising,EVENT_YEAR_RELATIVE,0.10,2025-09-05,0.044979417313507596,0.0059046854219303958,True,739574.604447284,2025-11-19,75.604447284,9,2,1,7
BASE,GSI-5722,2025-rising,2025,rising,EVENT_YEAR_RELATIVE,0.20,2025-09-05,0.089958834627015191,0.0059046854219303958,True,739614.452982252,2025-12-29,115.452982252,9,1,0,8
BASE,GSI-5722,2025-rising,2025,rising,EVENT_YEAR_RELATIVE,0.25,2025-09-05,0.11244854328376898,0.0059046854219303958,False,,,,6,0,0,6
BASE,GSI-5722,2025-rising,2025,rising,EVENT_YEAR_RELATIVE,0.30,2025-09-05,0.13493825194052278,0.0059046854219303958,False,,,,6,0,0,6
BASE,GSI-5722,2025-rising,2025,rising,EVENT_YEAR_RELATIVE,0.40,2025-09-05,0.17991766925403038,0.0059046854219303958,False,,,,6,0,0,6
BASE,GSI-5722,2025-rising,2025,rising,EVENT_YEAR_RELATIVE,0.50,2025-09-05,0.22489708656753796,0.0059046854219303958,False,,,,6,0,0,6
BASE,GSI-5722,2025-rising,2025,rising,EVENT_YEAR_RELATIVE,0.60,2025-09-05,0.26987650388104556,0.0059046854219303958,False,,,,4,0,0,4
BASE,GSI-5722,2025-rising,2025,rising,EVENT_YEAR_RELATIVE,0.70,2025-09-05,0.31485592119455313,0.0059046854219303958,False,,,,1,0,0,1
BASE,GSI-5722,2025-rising,2025,rising,EVENT_YEAR_RELATIVE,0.75,2025-09-05,0.33734562985130695,0.0059046854219303958,False,,,,1,0,0,1
BASE,GSI-5722,2025-rising,2025,rising,EVENT_YEAR_RELATIVE,0.80,2025-09-05,0.35983533850806076,0.0059046854219303958,False,,,,1,0,0,1
BASE,GSI-5722,2025-rising,2025,rising,EVENT_YEAR_RELATIVE,0.90,2025-09-05,0.40481475582156834,0.0059046854219303958,False,,,,1,0,0,1
BASE,GSI-5723,2024-falling,2024,falling,EVENT_YEAR_RELATIVE,0.10,2024-05-21,0.027658927325925804,0,True,739002.548357096,2024-04-26,-24.451642904,13,1,0,12
BASE,GSI-5723,2024-falling,2024,falling,EVENT_YEAR_RELATIVE,0.20,2024-05-21,0.055317854651851607,0,True,738991.876447274,2024-04-15,-35.123552726,14,1,0,13
BASE,GSI-5723,2024-falling,2024,falling,EVENT_YEAR_RELATIVE,0.25,2024-05-21,0.069147318314814507,0,True,738988.238569571,2024-04-12,-38.761430429,9,1,0,8
BASE,GSI-5723,2024-falling,2024,falling,EVENT_YEAR_RELATIVE,0.30,2024-05-21,0.0829767819777774,0,True,738985.318438715,2024-04-09,-41.681561285,10,1,0,9
BASE,GSI-5723,2024-falling,2024,falling,EVENT_YEAR_RELATIVE,0.40,2024-05-21,0.11063570930370321,0,True,738980.674622555,2024-04-04,-46.325377445,6,1,0,5
BASE,GSI-5723,2024-falling,2024,falling,EVENT_YEAR_RELATIVE,0.50,2024-05-21,0.13829463662962901,0,True,738944.664576350,2024-02-28,-82.335423650,6,2,1,4
BASE,GSI-5723,2024-falling,2024,falling,EVENT_YEAR_RELATIVE,0.60,2024-05-21,0.1659535639555548,0,True,738941.773209933,2024-02-25,-85.226790067,6,2,1,4
BASE,GSI-5723,2024-falling,2024,falling,EVENT_YEAR_RELATIVE,0.70,2024-05-21,0.19361249128148061,0,False,,,,4,0,0,4
BASE,GSI-5723,2024-falling,2024,falling,EVENT_YEAR_RELATIVE,0.75,2024-05-21,0.20744195494444351,0,False,,,,5,0,0,5
BASE,GSI-5723,2024-falling,2024,falling,EVENT_YEAR_RELATIVE,0.80,2024-05-21,0.22127141860740643,0,False,,,,6,0,0,6
BASE,GSI-5723,2024-falling,2024,falling,EVENT_YEAR_RELATIVE,0.90,2024-05-21,0.24893034593333224,0,False,,,,5,0,0,5
BASE,GSI-5723,2024-rising,2024,rising,EVENT_YEAR_RELATIVE,0.10,2024-08-24,0.027658927325925804,0.0030880720754430618,True,739161.887811326,2024-10-02,39.887811326,13,3,2,10
BASE,GSI-5723,2024-rising,2024,rising,EVENT_YEAR_RELATIVE,0.20,2024-08-24,0.055317854651851607,0.0030880720754430618,False,,,,14,0,0,14
BASE,GSI-5723,2024-rising,2024,rising,EVENT_YEAR_RELATIVE,0.25,2024-08-24,0.069147318314814507,0.0030880720754430618,False,,,,9,0,0,9
BASE,GSI-5723,2024-rising,2024,rising,EVENT_YEAR_RELATIVE,0.30,2024-08-24,0.0829767819777774,0.0030880720754430618,False,,,,10,0,0,10
BASE,GSI-5723,2024-rising,2024,rising,EVENT_YEAR_RELATIVE,0.40,2024-08-24,0.11063570930370321,0.0030880720754430618,False,,,,6,0,0,6
BASE,GSI-5723,2024-rising,2024,rising,EVENT_YEAR_RELATIVE,0.50,2024-08-24,0.13829463662962901,0.0030880720754430618,False,,,,6,0,0,6
BASE,GSI-5723,2024-rising,2024,rising,EVENT_YEAR_RELATIVE,0.60,2024-08-24,0.1659535639555548,0.0030880720754430618,False,,,,6,0,0,6
BASE,GSI-5723,2024-rising,2024,rising,EVENT_YEAR_RELATIVE,0.70,2024-08-24,0.19361249128148061,0.0030880720754430618,False,,,,4,0,0,4
BASE,GSI-5723,2024-rising,2024,rising,EVENT_YEAR_RELATIVE,0.75,2024-08-24,0.20744195494444351,0.0030880720754430618,False,,,,5,0,0,5
BASE,GSI-5723,2024-rising,2024,rising,EVENT_YEAR_RELATIVE,0.80,2024-08-24,0.22127141860740643,0.0030880720754430618,False,,,,6,0,0,6
BASE,GSI-5723,2024-rising,2024,rising,EVENT_YEAR_RELATIVE,0.90,2024-08-24,0.24893034593333224,0.0030880720754430618,False,,,,5,0,0,5
BASE,GSI-5723,2025-falling,2025,falling,EVENT_YEAR_RELATIVE,0.10,2025-05-01,0.044907725565061667,0.013761384715936166,True,739356.231273284,2025-04-15,-15.768726716,9,1,0,8
BASE,GSI-5723,2025-falling,2025,falling,EVENT_YEAR_RELATIVE,0.20,2025-05-01,0.089815451130123333,0.013761384715936166,True,739348.347055568,2025-04-07,-23.652944432,9,1,0,8
BASE,GSI-5723,2025-falling,2025,falling,EVENT_YEAR_RELATIVE,0.25,2025-05-01,0.11226931391265416,0.013761384715936166,True,739345.533191252,2025-04-04,-26.466808748,6,1,0,5
BASE,GSI-5723,2025-falling,2025,falling,EVENT_YEAR_RELATIVE,0.30,2025-05-01,0.13472317669518499,0.013761384715936166,True,739342.793355149,2025-04-01,-29.206644851,6,1,0,5
BASE,GSI-5723,2025-falling,2025,falling,EVENT_YEAR_RELATIVE,0.40,2025-05-01,0.17963090226024667,0.013761384715936166,True,739337.976173791,2025-03-27,-34.023826209,6,1,0,5
BASE,GSI-5723,2025-falling,2025,falling,EVENT_YEAR_RELATIVE,0.50,2025-05-01,0.22453862782530831,0.013761384715936166,True,739332.195000701,2025-03-22,-39.804999299,6,1,0,5
BASE,GSI-5723,2025-falling,2025,falling,EVENT_YEAR_RELATIVE,0.60,2025-05-01,0.26944635339036999,0.013761384715936166,True,739325.216286676,2025-03-15,-46.783713324,4,1,0,3
BASE,GSI-5723,2025-falling,2025,falling,EVENT_YEAR_RELATIVE,0.70,2025-05-01,0.3143540789554316,0.013761384715936166,True,739313.883283366,2025-03-03,-58.116716634,1,1,0,0
BASE,GSI-5723,2025-falling,2025,falling,EVENT_YEAR_RELATIVE,0.75,2025-05-01,0.33680794173796247,0.013761384715936166,True,739309.316434403,2025-02-27,-62.683565597,1,1,0,0
BASE,GSI-5723,2025-falling,2025,falling,EVENT_YEAR_RELATIVE,0.80,2025-05-01,0.35926180452049333,0.013761384715936166,True,739304.885152105,2025-02-22,-67.114847895,1,1,0,0
BASE,GSI-5723,2025-falling,2025,falling,EVENT_YEAR_RELATIVE,0.90,2025-05-01,0.40416953008555495,0.013761384715936166,True,739297.857926272,2025-02-15,-74.142073728,1,1,0,0
BASE,GSI-5723,2025-rising,2025,rising,EVENT_YEAR_RELATIVE,0.10,2025-09-05,0.044907725565061667,0.0058952740678665854,True,739574.604447284,2025-11-19,75.604447284,9,2,1,7
BASE,GSI-5723,2025-rising,2025,rising,EVENT_YEAR_RELATIVE,0.20,2025-09-05,0.089815451130123333,0.0058952740678665854,True,739614.452982252,2025-12-29,115.452982252,9,1,0,8
BASE,GSI-5723,2025-rising,2025,rising,EVENT_YEAR_RELATIVE,0.25,2025-09-05,0.11226931391265416,0.0058952740678665854,False,,,,6,0,0,6
BASE,GSI-5723,2025-rising,2025,rising,EVENT_YEAR_RELATIVE,0.30,2025-09-05,0.13472317669518499,0.0058952740678665854,False,,,,6,0,0,6
BASE,GSI-5723,2025-rising,2025,rising,EVENT_YEAR_RELATIVE,0.40,2025-09-05,0.17963090226024667,0.0058952740678665854,False,,,,6,0,0,6
BASE,GSI-5723,2025-rising,2025,rising,EVENT_YEAR_RELATIVE,0.50,2025-09-05,0.22453862782530831,0.0058952740678665854,False,,,,6,0,0,6
BASE,GSI-5723,2025-rising,2025,rising,EVENT_YEAR_RELATIVE,0.60,2025-09-05,0.26944635339036999,0.0058952740678665854,False,,,,4,0,0,4
BASE,GSI-5723,2025-rising,2025,rising,EVENT_YEAR_RELATIVE,0.70,2025-09-05,0.3143540789554316,0.0058952740678665854,False,,,,1,0,0,1
BASE,GSI-5723,2025-rising,2025,rising,EVENT_YEAR_RELATIVE,0.75,2025-09-05,0.33680794173796247,0.0058952740678665854,False,,,,1,0,0,1
BASE,GSI-5723,2025-rising,2025,rising,EVENT_YEAR_RELATIVE,0.80,2025-09-05,0.35926180452049333,0.0058952740678665854,False,,,,1,0,0,1
BASE,GSI-5723,2025-rising,2025,rising,EVENT_YEAR_RELATIVE,0.90,2025-09-05,0.40416953008555495,0.0058952740678665854,False,,,,1,0,0,1
BASE,GSI-5725,2024-falling,2024,falling,EVENT_YEAR_RELATIVE,0.10,2024-05-21,0.01884954014597752,0,True,738950.949840491,2024-03-05,-76.050159509,9,1,0,8
BASE,GSI-5725,2024-falling,2024,falling,EVENT_YEAR_RELATIVE,0.20,2024-05-21,0.037699080291955039,0,True,738944.372990225,2024-02-28,-82.627009775,10,1,0,9
BASE,GSI-5725,2024-falling,2024,falling,EVENT_YEAR_RELATIVE,0.25,2024-05-21,0.047123850364943799,0,True,738943.001655014,2024-02-27,-83.998344986,9,1,0,8
BASE,GSI-5725,2024-falling,2024,falling,EVENT_YEAR_RELATIVE,0.30,2024-05-21,0.056548620437932559,0,True,738926.353176889,2024-02-10,-100.646823111,7,2,1,5
BASE,GSI-5725,2024-falling,2024,falling,EVENT_YEAR_RELATIVE,0.40,2024-05-21,0.075398160583910079,0,False,,,,4,0,0,4
BASE,GSI-5725,2024-falling,2024,falling,EVENT_YEAR_RELATIVE,0.50,2024-05-21,0.094247700729887599,0,False,,,,3,0,0,3
BASE,GSI-5725,2024-falling,2024,falling,EVENT_YEAR_RELATIVE,0.60,2024-05-21,0.11309724087586512,0,False,,,,4,0,0,4
BASE,GSI-5725,2024-falling,2024,falling,EVENT_YEAR_RELATIVE,0.70,2024-05-21,0.13194678102184262,0,False,,,,4,0,0,4
BASE,GSI-5725,2024-falling,2024,falling,EVENT_YEAR_RELATIVE,0.75,2024-05-21,0.1413715510948314,0,False,,,,5,0,0,5
BASE,GSI-5725,2024-falling,2024,falling,EVENT_YEAR_RELATIVE,0.80,2024-05-21,0.15079632116782016,0,False,,,,4,0,0,4
BASE,GSI-5725,2024-falling,2024,falling,EVENT_YEAR_RELATIVE,0.90,2024-05-21,0.16964586131379769,0,False,,,,3,0,0,3
BASE,GSI-5725,2024-rising,2024,rising,EVENT_YEAR_RELATIVE,0.10,2024-08-24,0.01884954014597752,0,True,739220.677663204,2024-11-30,98.677663204,9,1,0,8
BASE,GSI-5725,2024-rising,2024,rising,EVENT_YEAR_RELATIVE,0.20,2024-08-24,0.037699080291955039,0,False,,,,10,0,0,10
BASE,GSI-5725,2024-rising,2024,rising,EVENT_YEAR_RELATIVE,0.25,2024-08-24,0.047123850364943799,0,False,,,,9,0,0,9
BASE,GSI-5725,2024-rising,2024,rising,EVENT_YEAR_RELATIVE,0.30,2024-08-24,0.056548620437932559,0,False,,,,7,0,0,7
BASE,GSI-5725,2024-rising,2024,rising,EVENT_YEAR_RELATIVE,0.40,2024-08-24,0.075398160583910079,0,False,,,,4,0,0,4
BASE,GSI-5725,2024-rising,2024,rising,EVENT_YEAR_RELATIVE,0.50,2024-08-24,0.094247700729887599,0,False,,,,3,0,0,3
BASE,GSI-5725,2024-rising,2024,rising,EVENT_YEAR_RELATIVE,0.60,2024-08-24,0.11309724087586512,0,False,,,,4,0,0,4
BASE,GSI-5725,2024-rising,2024,rising,EVENT_YEAR_RELATIVE,0.70,2024-08-24,0.13194678102184262,0,False,,,,4,0,0,4
BASE,GSI-5725,2024-rising,2024,rising,EVENT_YEAR_RELATIVE,0.75,2024-08-24,0.1413715510948314,0,False,,,,5,0,0,5
BASE,GSI-5725,2024-rising,2024,rising,EVENT_YEAR_RELATIVE,0.80,2024-08-24,0.15079632116782016,0,False,,,,4,0,0,4
BASE,GSI-5725,2024-rising,2024,rising,EVENT_YEAR_RELATIVE,0.90,2024-08-24,0.16964586131379769,0,False,,,,3,0,0,3
BASE,GSI-5725,2025-falling,2025,falling,EVENT_YEAR_RELATIVE,0.10,2025-05-01,0.024494110911223773,0,True,739320.532031911,2025-03-10,-51.467968089,9,1,0,8
BASE,GSI-5725,2025-falling,2025,falling,EVENT_YEAR_RELATIVE,0.20,2025-05-01,0.048988221822447546,0,True,739314.807518064,2025-03-04,-57.192481936,7,1,0,6
BASE,GSI-5725,2025-falling,2025,falling,EVENT_YEAR_RELATIVE,0.25,2025-05-01,0.061235277278059427,0,True,739313.083331508,2025-03-03,-58.916668492,5,1,0,4
BASE,GSI-5725,2025-falling,2025,falling,EVENT_YEAR_RELATIVE,0.30,2025-05-01,0.073482332733671316,0,True,739311.459853461,2025-03-01,-60.540146539,4,1,0,3
BASE,GSI-5725,2025-falling,2025,falling,EVENT_YEAR_RELATIVE,0.40,2025-05-01,0.097976443644895092,0,True,739308.445815931,2025-02-26,-63.554184069,3,1,0,2
BASE,GSI-5725,2025-falling,2025,falling,EVENT_YEAR_RELATIVE,0.50,2025-05-01,0.12247055455611885,0,True,739305.411224007,2025-02-23,-66.588775993,4,1,0,3
BASE,GSI-5725,2025-falling,2025,falling,EVENT_YEAR_RELATIVE,0.60,2025-05-01,0.14696466546734263,0,True,739302.286652172,2025-02-20,-69.713347828,5,1,0,4
BASE,GSI-5725,2025-falling,2025,falling,EVENT_YEAR_RELATIVE,0.70,2025-05-01,0.17145877637856638,0,True,739299.289060364,2025-02-17,-72.710939636,3,1,0,2
BASE,GSI-5725,2025-falling,2025,falling,EVENT_YEAR_RELATIVE,0.75,2025-05-01,0.18370583183417827,0,True,739297.806434376,2025-02-15,-74.193565624,3,1,0,2
BASE,GSI-5725,2025-falling,2025,falling,EVENT_YEAR_RELATIVE,0.80,2025-05-01,0.19595288728979018,0,True,739296.376429167,2025-02-14,-75.623570833,2,1,0,1
BASE,GSI-5725,2025-falling,2025,falling,EVENT_YEAR_RELATIVE,0.90,2025-05-01,0.22044699820101393,0,True,739293.502563731,2025-02-11,-78.497436269,1,1,0,0
BASE,GSI-5725,2025-rising,2025,rising,EVENT_YEAR_RELATIVE,0.10,2025-09-05,0.024494110911223773,0,True,739574.258186470,2025-11-19,75.258186470,9,2,1,7
BASE,GSI-5725,2025-rising,2025,rising,EVENT_YEAR_RELATIVE,0.20,2025-09-05,0.048988221822447546,0,True,739588.607722274,2025-12-03,89.607722274,7,2,1,5
BASE,GSI-5725,2025-rising,2025,rising,EVENT_YEAR_RELATIVE,0.25,2025-09-05,0.061235277278059427,0,True,739614.071224494,2025-12-29,115.071224494,5,1,0,4
BASE,GSI-5725,2025-rising,2025,rising,EVENT_YEAR_RELATIVE,0.30,2025-09-05,0.073482332733671316,0,False,,,,4,0,0,4
BASE,GSI-5725,2025-rising,2025,rising,EVENT_YEAR_RELATIVE,0.40,2025-09-05,0.097976443644895092,0,False,,,,3,0,0,3
BASE,GSI-5725,2025-rising,2025,rising,EVENT_YEAR_RELATIVE,0.50,2025-09-05,0.12247055455611885,0,False,,,,4,0,0,4
BASE,GSI-5725,2025-rising,2025,rising,EVENT_YEAR_RELATIVE,0.60,2025-09-05,0.14696466546734263,0,False,,,,5,0,0,5
BASE,GSI-5725,2025-rising,2025,rising,EVENT_YEAR_RELATIVE,0.70,2025-09-05,0.17145877637856638,0,False,,,,3,0,0,3
BASE,GSI-5725,2025-rising,2025,rising,EVENT_YEAR_RELATIVE,0.75,2025-09-05,0.18370583183417827,0,False,,,,3,0,0,3
BASE,GSI-5725,2025-rising,2025,rising,EVENT_YEAR_RELATIVE,0.80,2025-09-05,0.19595288728979018,0,False,,,,2,0,0,2
BASE,GSI-5725,2025-rising,2025,rising,EVENT_YEAR_RELATIVE,0.90,2025-09-05,0.22044699820101393,0,False,,,,1,0,0,1
