scenario,member_or_default,event_id,event_year,direction,operator,model_level,observed_date,threshold_gsi21,event_date_gsi21,matched,selected_crossing_ordinal,selected_crossing_date,residual_days,global_same_direction_count,in_window_count,extra_in_window_count,out_of_window_count
BASE,GSI-2198,2024-falling,2024,falling,ABSOLUTE_0_5,0.50,2024-05-21,0.5,0,False,,,,0,0,0,0
BASE,GSI-2198,2024-falling,2024,falling,EVENT_YEAR_RELATIVE,0.50,2024-05-21,0.085275229320187759,0,False,,,,3,0,0,3
BASE,GSI-2198,2024-rising,2024,rising,ABSOLUTE_0_5,0.50,2024-08-24,0.5,0,False,,,,0,0,0,0
BASE,GSI-2198,2024-rising,2024,rising,EVENT_YEAR_RELATIVE,0.50,2024-08-24,0.085275229320187759,0,False,,,,3,0,0,3
BASE,GSI-2198,2025-falling,2025,falling,ABSOLUTE_0_5,0.50,2025-05-01,0.5,0,False,,,,0,0,0,0
BASE,GSI-2198,2025-falling,2025,falling,EVENT_YEAR_RELATIVE,0.50,2025-05-01,0.11081124042139862,0,True,739305.411224007,2025-02-23,-66.588775993,4,1,0,3
BASE,GSI-2198,2025-rising,2025,rising,ABSOLUTE_0_5,0.50,2025-09-05,0.5,0,False,,,,0,0,0,0
BASE,GSI-2198,2025-rising,2025,rising,EVENT_YEAR_RELATIVE,0.50,2025-09-05,0.11081124042139862,0,False,,,,4,0,0,4
BASE,GSI-2199,2024-falling,2024,falling,ABSOLUTE_0_5,0.50,2024-05-21,0.5,0,False,,,,0,0,0,0
BASE,GSI-2199,2024-falling,2024,falling,EVENT_YEAR_RELATIVE,0.50,2024-05-21,0.08507948646792178,0,False,,,,3,0,0,3
BASE,GSI-2199,2024-rising,2024,rising,ABSOLUTE_0_5,0.50,2024-08-24,0.5,0,False,,,,0,0,0,0
BASE,GSI-2199,2024-rising,2024,rising,EVENT_YEAR_RELATIVE,0.50,2024-08-24,0.08507948646792178,0,False,,,,3,0,0,3
BASE,GSI-2199,2025-falling,2025,falling,ABSOLUTE_0_5,0.50,2025-05-01,0.5,0,False,,,,0,0,0,0
BASE,GSI-2199,2025-falling,2025,falling,EVENT_YEAR_RELATIVE,0.50,2025-05-01,0.11055688158312715,0,True,739305.411224007,2025-02-23,-66.588775993,4,1,0,3
BASE,GSI-2199,2025-rising,2025,rising,ABSOLUTE_0_5,0.50,2025-09-05,0.5,0,False,,,,0,0,0,0
BASE,GSI-2199,2025-rising,2025,rising,EVENT_YEAR_RELATIVE,0.50,2025-09-05,0.11055688158312715,0,False,,,,4,0,0,4
BASE,GSI-2629,2024-falling,2024,falling,ABSOLUTE_0_5,0.50,2024-05-21,0.5,0.0035474121295395256,False,,,,1,0,0,1
BASE,GSI-2629,2024-falling,2024,falling,EVENT_YEAR_RELATIVE,0.50,2024-05-21,0.1565496817447134,0.0035474121295395256,True,738947.212052154,2024-03-02,-79.787947846,6,2,1,4
BASE,GSI-2629,2024-rising,2024,rising,ABSOLUTE_0_5,0.50,2024-08-24,0.5,0.015602780437929044,False,,,,1,0,0,1
BASE,GSI-2629,2024-rising,2024,rising,EVENT_YEAR_RELATIVE,0.50,2024-08-24,0.1565496817447134,0.015602780437929044,False,,,,6,0,0,6
BASE,GSI-2629,2025-falling,2025,falling,ABSOLUTE_0_5,0.50,2025-05-01,0.5,0.047012628402769562,True,739295.040901439,2025-02-13,-76.959098561,1,1,0,0
BASE,GSI-2629,2025-falling,2025,falling,EVENT_YEAR_RELATIVE,0.50,2025-05-01,0.2594871663848668,0.047012628402769562,True,739335.913970071,2025-03-25,-36.086029929,7,1,0,6
BASE,GSI-2629,2025-rising,2025,rising,ABSOLUTE_0_5,0.50,2025-09-05,0.5,0.018582477882385342,False,,,,1,0,0,1
BASE,GSI-2629,2025-rising,2025,rising,EVENT_YEAR_RELATIVE,0.50,2025-09-05,0.2594871663848668,0.018582477882385342,False,,,,7,0,0,7
BASE,GSI-2630,2024-falling,2024,falling,ABSOLUTE_0_5,0.50,2024-05-21,0.5,0.0033294133642096137,False,,,,0,0,0,0
BASE,GSI-2630,2024-falling,2024,falling,EVENT_YEAR_RELATIVE,0.50,2024-05-21,0.14692924969822091,0.0033294133642096137,True,738947.212052154,2024-03-02,-79.787947846,6,2,1,4
BASE,GSI-2630,2024-rising,2024,rising,ABSOLUTE_0_5,0.50,2024-08-24,0.5,0.01464394432107116,False,,,,0,0,0,0
BASE,GSI-2630,2024-rising,2024,rising,EVENT_YEAR_RELATIVE,0.50,2024-08-24,0.14692924969822091,0.01464394432107116,False,,,,6,0,0,6
BASE,GSI-2630,2025-falling,2025,falling,ABSOLUTE_0_5,0.50,2025-05-01,0.5,0.04412356601800288,False,,,,0,0,0,0
BASE,GSI-2630,2025-falling,2025,falling,EVENT_YEAR_RELATIVE,0.50,2025-05-01,0.24354092731672636,0.04412356601800288,True,739335.913970071,2025-03-25,-36.086029929,7,1,0,6
BASE,GSI-2630,2025-rising,2025,rising,ABSOLUTE_0_5,0.50,2025-09-05,0.5,0.017440530714364511,False,,,,0,0,0,0
BASE,GSI-2630,2025-rising,2025,rising,EVENT_YEAR_RELATIVE,0.50,2025-09-05,0.24354092731672636,0.017440530714364511,False,,,,7,0,0,7
BASE,GSI-2631,2024-falling,2024,falling,ABSOLUTE_0_5,0.50,2024-05-21,0.5,0.0033244761117235365,False,,,,0,0,0,0
BASE,GSI-2631,2024-falling,2024,falling,EVENT_YEAR_RELATIVE,0.50,2024-05-21,0.1467113654273316,0.0033244761117235365,True,738947.212052154,2024-03-02,-79.787947846,6,2,1,4
BASE,GSI-2631,2024-rising,2024,rising,ABSOLUTE_0_5,0.50,2024-08-24,0.5,0.014622228528348515,False,,,,0,0,0,0
BASE,GSI-2631,2024-rising,2024,rising,EVENT_YEAR_RELATIVE,0.50,2024-08-24,0.1467113654273316,0.014622228528348515,False,,,,6,0,0,6
BASE,GSI-2631,2025-falling,2025,falling,ABSOLUTE_0_5,0.50,2025-05-01,0.5,0.044058134315121289,False,,,,0,0,0,0
BASE,GSI-2631,2025-falling,2025,falling,EVENT_YEAR_RELATIVE,0.50,2025-05-01,0.24317977569110316,0.044058134315121289,True,739335.913970071,2025-03-25,-36.086029929,7,1,0,6
BASE,GSI-2631,2025-rising,2025,rising,ABSOLUTE_0_5,0.50,2025-09-05,0.5,0.017414667808738661,False,,,,0,0,0,0
BASE,GSI-2631,2025-rising,2025,rising,EVENT_YEAR_RELATIVE,0.50,2025-09-05,0.24317977569110316,0.017414667808738661,False,,,,7,0,0,7
BASE,GSI-2634,2024-falling,2024,falling,ABSOLUTE_0_5,0.50,2024-05-21,0.5,0,False,,,,0,0,0,0
BASE,GSI-2634,2024-falling,2024,falling,EVENT_YEAR_RELATIVE,0.50,2024-05-21,0.14831272196250739,0,True,738944.664576350,2024-02-28,-82.335423650,6,2,1,4
BASE,GSI-2634,2024-rising,2024,rising,ABSOLUTE_0_5,0.50,2024-08-24,0.5,0.0028341209513727894,False,,,,0,0,0,0
BASE,GSI-2634,2024-rising,2024,rising,EVENT_YEAR_RELATIVE,0.50,2024-08-24,0.14831272196250739,0.0028341209513727894,False,,,,6,0,0,6
BASE,GSI-2634,2025-falling,2025,falling,ABSOLUTE_0_5,0.50,2025-05-01,0.5,0.01472549643096927,False,,,,0,0,0,0
BASE,GSI-2634,2025-falling,2025,falling,EVENT_YEAR_RELATIVE,0.50,2025-05-01,0.24040548546323573,0.01472549643096927,True,739331.994745829,2025-03-21,-40.005254171,6,1,0,5
BASE,GSI-2634,2025-rising,2025,rising,ABSOLUTE_0_5,0.50,2025-09-05,0.5,0.0058266156290275317,False,,,,0,0,0,0
BASE,GSI-2634,2025-rising,2025,rising,EVENT_YEAR_RELATIVE,0.50,2025-09-05,0.24040548546323573,0.0058266156290275317,False,,,,6,0,0,6
BASE,GSI-2635,2024-falling,2024,falling,ABSOLUTE_0_5,0.50,2024-05-21,0.5,0,False,,,,0,0,0,0
BASE,GSI-2635,2024-falling,2024,falling,EVENT_YEAR_RELATIVE,0.50,2024-05-21,0.13851541343753723,0,True,738944.664576350,2024-02-28,-82.335423650,6,2,1,4
BASE,GSI-2635,2024-rising,2024,rising,ABSOLUTE_0_5,0.50,2024-08-24,0.5,0.002646903314272849,False,,,,0,0,0,0
BASE,GSI-2635,2024-rising,2024,rising,EVENT_YEAR_RELATIVE,0.50,2024-08-24,0.13851541343753723,0.002646903314272849,False,,,,6,0,0,6
BASE,GSI-2635,2025-falling,2025,falling,ABSOLUTE_0_5,0.50,2025-05-01,0.5,0.013752752961572065,False,,,,0,0,0,0
BASE,GSI-2635,2025-falling,2025,falling,EVENT_YEAR_RELATIVE,0.50,2025-05-01,0.22452467172714935,0.013752752961572065,True,739331.994745829,2025-03-21,-40.005254171,6,1,0,5
BASE,GSI-2635,2025-rising,2025,rising,ABSOLUTE_0_5,0.50,2025-09-05,0.5,0.0054417184319521085,False,,,,0,0,0,0
BASE,GSI-2635,2025-rising,2025,rising,EVENT_YEAR_RELATIVE,0.50,2025-09-05,0.22452467172714935,0.0054417184319521085,False,,,,6,0,0,6
BASE,GSI-2636,2024-falling,2024,falling,ABSOLUTE_0_5,0.50,2024-05-21,0.5,0,False,,,,0,0,0,0
BASE,GSI-2636,2024-falling,2024,falling,EVENT_YEAR_RELATIVE,0.50,2024-05-21,0.13829463662962901,0,True,738944.664576350,2024-02-28,-82.335423650,6,2,1,4
BASE,GSI-2636,2024-rising,2024,rising,ABSOLUTE_0_5,0.50,2024-08-24,0.5,0.0026426844706794587,False,,,,0,0,0,0
BASE,GSI-2636,2024-rising,2024,rising,EVENT_YEAR_RELATIVE,0.50,2024-08-24,0.13829463662962901,0.0026426844706794587,False,,,,6,0,0,6
BASE,GSI-2636,2025-falling,2025,falling,ABSOLUTE_0_5,0.50,2025-05-01,0.5,0.013730832737508516,False,,,,0,0,0,0
BASE,GSI-2636,2025-falling,2025,falling,EVENT_YEAR_RELATIVE,0.50,2025-05-01,0.22416680656911112,0.013730832737508516,True,739331.994745829,2025-03-21,-40.005254171,6,1,0,5
BASE,GSI-2636,2025-rising,2025,rising,ABSOLUTE_0_5,0.50,2025-09-05,0.5,0.0054330449912488232,False,,,,0,0,0,0
BASE,GSI-2636,2025-rising,2025,rising,EVENT_YEAR_RELATIVE,0.50,2025-09-05,0.22416680656911112,0.0054330449912488232,False,,,,6,0,0,6
BASE,GSI-2638,2024-falling,2024,falling,ABSOLUTE_0_5,0.50,2024-05-21,0.5,0,False,,,,0,0,0,0
BASE,GSI-2638,2024-falling,2024,falling,EVENT_YEAR_RELATIVE,0.50,2024-05-21,0.094247700729887599,0,False,,,,3,0,0,3
BASE,GSI-2638,2024-rising,2024,rising,ABSOLUTE_0_5,0.50,2024-08-24,0.5,0,False,,,,0,0,0,0
BASE,GSI-2638,2024-rising,2024,rising,EVENT_YEAR_RELATIVE,0.50,2024-08-24,0.094247700729887599,0,False,,,,3,0,0,3
BASE,GSI-2638,2025-falling,2025,falling,ABSOLUTE_0_5,0.50,2025-05-01,0.5,0,False,,,,0,0,0,0
BASE,GSI-2638,2025-falling,2025,falling,EVENT_YEAR_RELATIVE,0.50,2025-05-01,0.12229836344461113,0,True,739305.389613156,2025-02-23,-66.610386844,4,1,0,3
BASE,GSI-2638,2025-rising,2025,rising,ABSOLUTE_0_5,0.50,2025-09-05,0.5,0,False,,,,0,0,0,0
BASE,GSI-2638,2025-rising,2025,rising,EVENT_YEAR_RELATIVE,0.50,2025-09-05,0.12229836344461113,0,False,,,,4,0,0,4
BASE,GSI-3941,2024-falling,2024,falling,ABSOLUTE_0_5,0.50,2024-05-21,0.5,0,False,,,,0,0,0,0
BASE,GSI-3941,2024-falling,2024,falling,EVENT_YEAR_RELATIVE,0.50,2024-05-21,0.060382169771905636,0,False,,,,3,0,0,3
BASE,GSI-3941,2024-rising,2024,rising,ABSOLUTE_0_5,0.50,2024-08-24,0.5,0,False,,,,0,0,0,0
BASE,GSI-3941,2024-rising,2024,rising,EVENT_YEAR_RELATIVE,0.50,2024-08-24,0.060382169771905636,0,False,,,,3,0,0,3
BASE,GSI-3941,2025-falling,2025,falling,ABSOLUTE_0_5,0.50,2025-05-01,0.5,0,False,,,,0,0,0,0
BASE,GSI-3941,2025-falling,2025,falling,EVENT_YEAR_RELATIVE,0.50,2025-05-01,0.095637841459647113,0,True,739303.326204482,2025-02-21,-68.673795518,5,1,0,4
BASE,GSI-3941,2025-rising,2025,rising,ABSOLUTE_0_5,0.50,2025-09-05,0.5,0,False,,,,0,0,0,0
BASE,GSI-3941,2025-rising,2025,rising,EVENT_YEAR_RELATIVE,0.50,2025-09-05,0.095637841459647113,0,False,,,,5,0,0,5
BASE,GSI-3942,2024-falling,2024,falling,ABSOLUTE_0_5,0.50,2024-05-21,0.5,0,False,,,,0,0,0,0
BASE,GSI-3942,2024-falling,2024,falling,EVENT_YEAR_RELATIVE,0.50,2024-05-21,0.060243567058885859,0,False,,,,3,0,0,3
BASE,GSI-3942,2024-rising,2024,rising,ABSOLUTE_0_5,0.50,2024-08-24,0.5,0,False,,,,0,0,0,0
BASE,GSI-3942,2024-rising,2024,rising,EVENT_YEAR_RELATIVE,0.50,2024-08-24,0.060243567058885859,0,False,,,,3,0,0,3
BASE,GSI-3942,2025-falling,2025,falling,ABSOLUTE_0_5,0.50,2025-05-01,0.5,0,False,,,,0,0,0,0
BASE,GSI-3942,2025-falling,2025,falling,EVENT_YEAR_RELATIVE,0.50,2025-05-01,0.095418312013392792,0,True,739303.326204482,2025-02-21,-68.673795518,5,1,0,4
BASE,GSI-3942,2025-rising,2025,rising,ABSOLUTE_0_5,0.50,2025-09-05,0.5,0,False,,,,0,0,0,0
BASE,GSI-3942,2025-rising,2025,rising,EVENT_YEAR_RELATIVE,0.50,2025-09-05,0.095418312013392792,0,False,,,,5,0,0,5
BASE,GSI-3962,2024-falling,2024,falling,ABSOLUTE_0_5,0.50,2024-05-21,0.5,0,False,,,,0,0,0,0
BASE,GSI-3962,2024-falling,2024,falling,EVENT_YEAR_RELATIVE,0.50,2024-05-21,0.085275229320187759,0,False,,,,3,0,0,3
BASE,GSI-3962,2024-rising,2024,rising,ABSOLUTE_0_5,0.50,2024-08-24,0.5,0,False,,,,0,0,0,0
BASE,GSI-3962,2024-rising,2024,rising,EVENT_YEAR_RELATIVE,0.50,2024-08-24,0.085275229320187759,0,False,,,,3,0,0,3
BASE,GSI-3962,2025-falling,2025,falling,ABSOLUTE_0_5,0.50,2025-05-01,0.5,0,False,,,,0,0,0,0
BASE,GSI-3962,2025-falling,2025,falling,EVENT_YEAR_RELATIVE,0.50,2025-05-01,0.11081124042139862,0,True,739305.411224007,2025-02-23,-66.588775993,4,1,0,3
BASE,GSI-3962,2025-rising,2025,rising,ABSOLUTE_0_5,0.50,2025-09-05,0.5,0,False,,,,0,0,0,0
BASE,GSI-3962,2025-rising,2025,rising,EVENT_YEAR_RELATIVE,0.50,2025-09-05,0.11081124042139862,0,False,,,,4,0,0,4
BASE,GSI-3963,2024-falling,2024,falling,ABSOLUTE_0_5,0.50,2024-05-21,0.5,0,False,,,,0,0,0,0
BASE,GSI-3963,2024-falling,2024,falling,EVENT_YEAR_RELATIVE,0.50,2024-05-21,0.08507948646792178,0,False,,,,3,0,0,3
BASE,GSI-3963,2024-rising,2024,rising,ABSOLUTE_0_5,0.50,2024-08-24,0.5,0,False,,,,0,0,0,0
BASE,GSI-3963,2024-rising,2024,rising,EVENT_YEAR_RELATIVE,0.50,2024-08-24,0.08507948646792178,0,False,,,,3,0,0,3
BASE,GSI-3963,2025-falling,2025,falling,ABSOLUTE_0_5,0.50,2025-05-01,0.5,0,False,,,,0,0,0,0
BASE,GSI-3963,2025-falling,2025,falling,EVENT_YEAR_RELATIVE,0.50,2025-05-01,0.11055688158312715,0,True,739305.411224007,2025-02-23,-66.588775993,4,1,0,3
BASE,GSI-3963,2025-rising,2025,rising,ABSOLUTE_0_5,0.50,2025-09-05,0.5,0,False,,,,0,0,0,0
BASE,GSI-3963,2025-rising,2025,rising,EVENT_YEAR_RELATIVE,0.50,2025-09-05,0.11055688158312715,0,False,,,,4,0,0,4
BASE,GSI-4372,2024-falling,2024,falling,ABSOLUTE_0_5,0.50,2024-05-21,0.5,0.0026246221015852433,False,,,,0,0,0,0
BASE,GSI-4372,2024-falling,2024,falling,EVENT_YEAR_RELATIVE,0.50,2024-05-21,0.11083879373556428,0.0026246221015852433,True,738947.128061334,2024-03-02,-79.871938666,6,2,1,4
BASE,GSI-4372,2024-rising,2024,rising,ABSOLUTE_0_5,0.50,2024-08-24,0.5,0.012493148788925884,False,,,,0,0,0,0
BASE,GSI-4372,2024-rising,2024,rising,EVENT_YEAR_RELATIVE,0.50,2024-08-24,0.11083879373556428,0.012493148788925884,False,,,,6,0,0,6
BASE,GSI-4372,2025-falling,2025,falling,ABSOLUTE_0_5,0.50,2025-05-01,0.5,0.033196315717632853,False,,,,0,0,0,0
BASE,GSI-4372,2025-falling,2025,falling,EVENT_YEAR_RELATIVE,0.50,2025-05-01,0.22807101641173114,0.033196315717632853,True,739333.831482915,2025-03-23,-38.168517085,4,1,0,3
BASE,GSI-4372,2025-rising,2025,rising,ABSOLUTE_0_5,0.50,2025-09-05,0.5,0.014557727058410004,False,,,,0,0,0,0
BASE,GSI-4372,2025-rising,2025,rising,EVENT_YEAR_RELATIVE,0.50,2025-09-05,0.22807101641173114,0.014557727058410004,False,,,,4,0,0,4
BASE,GSI-4377,2024-falling,2024,falling,ABSOLUTE_0_5,0.50,2024-05-21,0.5,0,False,,,,0,0,0,0
BASE,GSI-4377,2024-falling,2024,falling,EVENT_YEAR_RELATIVE,0.50,2024-05-21,0.10500787992072953,0,True,738944.552241575,2024-02-28,-82.447758425,6,2,1,4
BASE,GSI-4377,2024-rising,2024,rising,ABSOLUTE_0_5,0.50,2024-08-24,0.5,0.002281952184907881,False,,,,0,0,0,0
BASE,GSI-4377,2024-rising,2024,rising,EVENT_YEAR_RELATIVE,0.50,2024-08-24,0.10500787992072953,0.002281952184907881,False,,,,6,0,0,6
BASE,GSI-4377,2025-falling,2025,falling,ABSOLUTE_0_5,0.50,2025-05-01,0.5,0.010380751428527749,False,,,,0,0,0,0
BASE,GSI-4377,2025-falling,2025,falling,EVENT_YEAR_RELATIVE,0.50,2025-05-01,0.21143810898552154,0.010380751428527749,True,739330.934662836,2025-03-20,-41.065337164,4,1,0,3
BASE,GSI-4377,2025-rising,2025,rising,ABSOLUTE_0_5,0.50,2025-09-05,0.5,0.0044470361060903948,False,,,,0,0,0,0
BASE,GSI-4377,2025-rising,2025,rising,EVENT_YEAR_RELATIVE,0.50,2025-09-05,0.21143810898552154,0.0044470361060903948,False,,,,4,0,0,4
BASE,GSI-4393,2024-falling,2024,falling,ABSOLUTE_0_5,0.50,2024-05-21,0.5,0.0037314119157778186,False,,,,1,0,0,1
BASE,GSI-4393,2024-falling,2024,falling,EVENT_YEAR_RELATIVE,0.50,2024-05-21,0.1565496817447134,0.0037314119157778186,True,738947.212052154,2024-03-02,-79.787947846,6,2,1,4
BASE,GSI-4393,2024-rising,2024,rising,ABSOLUTE_0_5,0.50,2024-08-24,0.5,0.01776144620150347,False,,,,1,0,0,1
BASE,GSI-4393,2024-rising,2024,rising,EVENT_YEAR_RELATIVE,0.50,2024-08-24,0.1565496817447134,0.01776144620150347,False,,,,6,0,0,6
BASE,GSI-4393,2025-falling,2025,falling,ABSOLUTE_0_5,0.50,2025-05-01,0.5,0.047195033507445548,True,739295.114983012,2025-02-13,-76.885016988,1,1,0,0
BASE,GSI-4393,2025-falling,2025,falling,EVENT_YEAR_RELATIVE,0.50,2025-05-01,0.25992044024401262,0.047195033507445548,True,739336.080663552,2025-03-26,-35.919336448,7,1,0,6
BASE,GSI-4393,2025-rising,2025,rising,ABSOLUTE_0_5,0.50,2025-09-05,0.5,0.020696646644704792,False,,,,1,0,0,1
BASE,GSI-4393,2025-rising,2025,rising,EVENT_YEAR_RELATIVE,0.50,2025-09-05,0.25992044024401262,0.020696646644704792,False,,,,7,0,0,7
BASE,GSI-4394,2024-falling,2024,falling,ABSOLUTE_0_5,0.50,2024-05-21,0.5,0.0035021058298558322,False,,,,0,0,0,0
BASE,GSI-4394,2024-falling,2024,falling,EVENT_YEAR_RELATIVE,0.50,2024-05-21,0.14692924969822091,0.0035021058298558322,True,738947.212052154,2024-03-02,-79.787947846,6,2,1,4
BASE,GSI-4394,2024-rising,2024,rising,ABSOLUTE_0_5,0.50,2024-08-24,0.5,0.016669953811837425,False,,,,0,0,0,0
BASE,GSI-4394,2024-rising,2024,rising,EVENT_YEAR_RELATIVE,0.50,2024-08-24,0.14692924969822091,0.016669953811837425,False,,,,6,0,0,6
BASE,GSI-4394,2025-falling,2025,falling,ABSOLUTE_0_5,0.50,2025-05-01,0.5,0.044294761799894479,False,,,,0,0,0,0
BASE,GSI-4394,2025-falling,2025,falling,EVENT_YEAR_RELATIVE,0.50,2025-05-01,0.24394757524043126,0.044294761799894479,True,739336.080663552,2025-03-26,-35.919336448,7,1,0,6
BASE,GSI-4394,2025-rising,2025,rising,ABSOLUTE_0_5,0.50,2025-09-05,0.5,0.019424777673675259,False,,,,0,0,0,0
BASE,GSI-4394,2025-rising,2025,rising,EVENT_YEAR_RELATIVE,0.50,2025-09-05,0.24394757524043126,0.019424777673675259,False,,,,7,0,0,7
BASE,GSI-4395,2024-falling,2024,falling,ABSOLUTE_0_5,0.50,2024-05-21,0.5,0.0034969124883198035,False,,,,0,0,0,0
BASE,GSI-4395,2024-falling,2024,falling,EVENT_YEAR_RELATIVE,0.50,2024-05-21,0.1467113654273316,0.0034969124883198035,True,738947.212052154,2024-03-02,-79.787947846,6,2,1,4
BASE,GSI-4395,2024-rising,2024,rising,ABSOLUTE_0_5,0.50,2024-08-24,0.5,0.016645233609838769,False,,,,0,0,0,0
BASE,GSI-4395,2024-rising,2024,rising,EVENT_YEAR_RELATIVE,0.50,2024-08-24,0.1467113654273316,0.016645233609838769,False,,,,6,0,0,6
BASE,GSI-4395,2025-falling,2025,falling,ABSOLUTE_0_5,0.50,2025-05-01,0.5,0.044229076227424682,False,,,,0,0,0,0
BASE,GSI-4395,2025-falling,2025,falling,EVENT_YEAR_RELATIVE,0.50,2025-05-01,0.24358582058861314,0.044229076227424682,True,739336.080663552,2025-03-26,-35.919336448,7,1,0,6
BASE,GSI-4395,2025-rising,2025,rising,ABSOLUTE_0_5,0.50,2025-09-05,0.5,0.019395972289251745,False,,,,0,0,0,0
BASE,GSI-4395,2025-rising,2025,rising,EVENT_YEAR_RELATIVE,0.50,2025-09-05,0.24358582058861314,0.019395972289251745,False,,,,7,0,0,7
BASE,GSI-4398,2024-falling,2024,falling,ABSOLUTE_0_5,0.50,2024-05-21,0.5,0,False,,,,0,0,0,0
BASE,GSI-4398,2024-falling,2024,falling,EVENT_YEAR_RELATIVE,0.50,2024-05-21,0.14831272196250739,0,True,738944.664576350,2024-02-28,-82.335423650,6,2,1,4
BASE,GSI-4398,2024-rising,2024,rising,ABSOLUTE_0_5,0.50,2024-08-24,0.5,0.0032442398350823868,False,,,,0,0,0,0
BASE,GSI-4398,2024-rising,2024,rising,EVENT_YEAR_RELATIVE,0.50,2024-08-24,0.14831272196250739,0.0032442398350823868,False,,,,6,0,0,6
BASE,GSI-4398,2025-falling,2025,falling,ABSOLUTE_0_5,0.50,2025-05-01,0.5,0.014758261599542508,False,,,,0,0,0,0
BASE,GSI-4398,2025-falling,2025,falling,EVENT_YEAR_RELATIVE,0.50,2025-05-01,0.24080424150999272,0.014758261599542508,True,739332.195000701,2025-03-22,-39.804999299,6,1,0,5
BASE,GSI-4398,2025-rising,2025,rising,ABSOLUTE_0_5,0.50,2025-09-05,0.5,0.0063223286530039741,False,,,,0,0,0,0
BASE,GSI-4398,2025-rising,2025,rising,EVENT_YEAR_RELATIVE,0.50,2025-09-05,0.24080424150999272,0.0063223286530039741,False,,,,6,0,0,6
BASE,GSI-4399,2024-falling,2024,falling,ABSOLUTE_0_5,0.50,2024-05-21,0.5,0,False,,,,0,0,0,0
BASE,GSI-4399,2024-falling,2024,falling,EVENT_YEAR_RELATIVE,0.50,2024-05-21,0.13851541343753723,0,True,738944.664576350,2024-02-28,-82.335423650,6,2,1,4
BASE,GSI-4399,2024-rising,2024,rising,ABSOLUTE_0_5,0.50,2024-08-24,0.5,0.0030299303802175811,False,,,,0,0,0,0
BASE,GSI-4399,2024-rising,2024,rising,EVENT_YEAR_RELATIVE,0.50,2024-08-24,0.13851541343753723,0.0030299303802175811,False,,,,6,0,0,6
BASE,GSI-4399,2025-falling,2025,falling,ABSOLUTE_0_5,0.50,2025-05-01,0.5,0.013783353713896065,False,,,,0,0,0,0
BASE,GSI-4399,2025-falling,2025,falling,EVENT_YEAR_RELATIVE,0.50,2025-05-01,0.22489708656753796,0.013783353713896065,True,739332.195000701,2025-03-22,-39.804999299,6,1,0,5
BASE,GSI-4399,2025-rising,2025,rising,ABSOLUTE_0_5,0.50,2025-09-05,0.5,0.0059046854219303958,False,,,,0,0,0,0
BASE,GSI-4399,2025-rising,2025,rising,EVENT_YEAR_RELATIVE,0.50,2025-09-05,0.22489708656753796,0.0059046854219303958,False,,,,6,0,0,6
BASE,GSI-4400,2024-falling,2024,falling,ABSOLUTE_0_5,0.50,2024-05-21,0.5,0,False,,,,0,0,0,0
BASE,GSI-4400,2024-falling,2024,falling,EVENT_YEAR_RELATIVE,0.50,2024-05-21,0.13829463662962901,0,True,738944.664576350,2024-02-28,-82.335423650,6,2,1,4
BASE,GSI-4400,2024-rising,2024,rising,ABSOLUTE_0_5,0.50,2024-08-24,0.5,0.0030251010378294133,False,,,,0,0,0,0
BASE,GSI-4400,2024-rising,2024,rising,EVENT_YEAR_RELATIVE,0.50,2024-08-24,0.13829463662962901,0.0030251010378294133,False,,,,6,0,0,6
BASE,GSI-4400,2025-falling,2025,falling,ABSOLUTE_0_5,0.50,2025-05-01,0.5,0.013761384715936166,False,,,,0,0,0,0
BASE,GSI-4400,2025-falling,2025,falling,EVENT_YEAR_RELATIVE,0.50,2025-05-01,0.22453862782530831,0.013761384715936166,True,739332.195000701,2025-03-22,-39.804999299,6,1,0,5
BASE,GSI-4400,2025-rising,2025,rising,ABSOLUTE_0_5,0.50,2025-09-05,0.5,0.0058952740678665854,False,,,,0,0,0,0
BASE,GSI-4400,2025-rising,2025,rising,EVENT_YEAR_RELATIVE,0.50,2025-09-05,0.22453862782530831,0.0058952740678665854,False,,,,6,0,0,6
BASE,GSI-4402,2024-falling,2024,falling,ABSOLUTE_0_5,0.50,2024-05-21,0.5,0,False,,,,0,0,0,0
BASE,GSI-4402,2024-falling,2024,falling,EVENT_YEAR_RELATIVE,0.50,2024-05-21,0.094247700729887599,0,False,,,,3,0,0,3
BASE,GSI-4402,2024-rising,2024,rising,ABSOLUTE_0_5,0.50,2024-08-24,0.5,0,False,,,,0,0,0,0
BASE,GSI-4402,2024-rising,2024,rising,EVENT_YEAR_RELATIVE,0.50,2024-08-24,0.094247700729887599,0,False,,,,3,0,0,3
BASE,GSI-4402,2025-falling,2025,falling,ABSOLUTE_0_5,0.50,2025-05-01,0.5,0,False,,,,0,0,0,0
BASE,GSI-4402,2025-falling,2025,falling,EVENT_YEAR_RELATIVE,0.50,2025-05-01,0.12247055455611885,0,True,739305.411224007,2025-02-23,-66.588775993,4,1,0,3
BASE,GSI-4402,2025-rising,2025,rising,ABSOLUTE_0_5,0.50,2025-09-05,0.5,0,False,,,,0,0,0,0
BASE,GSI-4402,2025-rising,2025,rising,EVENT_YEAR_RELATIVE,0.50,2025-09-05,0.12247055455611885,0,False,,,,4,0,0,4
BASE,GSI-4831,2024-falling,2024,falling,ABSOLUTE_0_5,0.50,2024-05-21,0.5,0.046797197915334231,True,739008.683291118,2024-05-02,-18.316708882,8,1,0,7
BASE,GSI-4831,2024-falling,2024,falling,EVENT_YEAR_RELATIVE,0.50,2024-05-21,0.42791989835615335,0.046797197915334231,True,738941.693975607,2024-02-25,-85.306024393,7,2,1,5
BASE,GSI-4831,2024-rising,2024,rising,ABSOLUTE_0_5,0.50,2024-08-24,0.5,0.1647872666211232,False,,,,8,0,0,8
BASE,GSI-4831,2024-rising,2024,rising,EVENT_YEAR_RELATIVE,0.50,2024-08-24,0.42791989835615335,0.1647872666211232,False,,,,7,0,0,7
BASE,GSI-4831,2025-falling,2025,falling,ABSOLUTE_0_5,0.50,2025-05-01,0.5,0.44857705965052425,True,739354.250207802,2025-04-13,-17.749792198,8,2,1,6
BASE,GSI-4831,2025-falling,2025,falling,EVENT_YEAR_RELATIVE,0.50,2025-05-01,0.49694547580090759,0.44857705965052425,True,739354.352444732,2025-04-13,-17.647555268,8,2,1,6
BASE,GSI-4831,2025-rising,2025,rising,ABSOLUTE_0_5,0.50,2025-09-05,0.5,0.16893109850686847,False,,,,8,0,0,8
BASE,GSI-4831,2025-rising,2025,rising,EVENT_YEAR_RELATIVE,0.50,2025-09-05,0.49694547580090759,0.16893109850686847,False,,,,8,0,0,8
BASE,GSI-4832,2024-falling,2024,falling,ABSOLUTE_0_5,0.50,2024-05-21,0.5,0.009203763365474885,True,738977.763911763,2024-04-01,-49.236088237,7,1,0,6
BASE,GSI-4832,2024-falling,2024,falling,EVENT_YEAR_RELATIVE,0.50,2024-05-21,0.33209247096666195,0.009203763365474885,True,738948.707908066,2024-03-03,-78.292091934,6,2,1,4
BASE,GSI-4832,2024-rising,2024,rising,ABSOLUTE_0_5,0.50,2024-08-24,0.5,0.038902963061365724,False,,,,7,0,0,7
BASE,GSI-4832,2024-rising,2024,rising,EVENT_YEAR_RELATIVE,0.50,2024-08-24,0.33209247096666195,0.038902963061365724,False,,,,6,0,0,6
BASE,GSI-4832,2025-falling,2025,falling,ABSOLUTE_0_5,0.50,2025-05-01,0.5,0.12428290526714149,True,739342.284450294,2025-04-01,-29.715549706,7,1,0,6
BASE,GSI-4832,2025-falling,2025,falling,EVENT_YEAR_RELATIVE,0.50,2025-05-01,0.49694547580090759,0.12428290526714149,True,739342.362907887,2025-04-01,-29.637092113,7,1,0,6
BASE,GSI-4832,2025-rising,2025,rising,ABSOLUTE_0_5,0.50,2025-09-05,0.5,0.047035151692783661,False,,,,7,0,0,7
BASE,GSI-4832,2025-rising,2025,rising,EVENT_YEAR_RELATIVE,0.50,2025-09-05,0.49694547580090759,0.047035151692783661,False,,,,7,0,0,7
BASE,GSI-4833,2024-falling,2024,falling,ABSOLUTE_0_5,0.50,2024-05-21,0.5,0.0047152159394852813,False,,,,1,0,0,1
BASE,GSI-4833,2024-falling,2024,falling,EVENT_YEAR_RELATIVE,0.50,2024-05-21,0.21234250830945756,0.0047152159394852813,True,738947.212052154,2024-03-02,-79.787947846,6,2,1,4
BASE,GSI-4833,2024-rising,2024,rising,ABSOLUTE_0_5,0.50,2024-08-24,0.5,0.019930528875640435,False,,,,1,0,0,1
BASE,GSI-4833,2024-rising,2024,rising,EVENT_YEAR_RELATIVE,0.50,2024-08-24,0.21234250830945756,0.019930528875640435,False,,,,6,0,0,6
BASE,GSI-4833,2025-falling,2025,falling,ABSOLUTE_0_5,0.50,2025-05-01,0.5,0.063671860373925193,True,739318.292522780,2025-03-08,-53.707477220,1,1,0,0
BASE,GSI-4833,2025-falling,2025,falling,EVENT_YEAR_RELATIVE,0.50,2025-05-01,0.35173879914566752,0.063671860373925193,True,739335.844574650,2025-03-25,-36.155425350,7,1,0,6
BASE,GSI-4833,2025-rising,2025,rising,ABSOLUTE_0_5,0.50,2025-09-05,0.5,0.024096762179899704,False,,,,1,0,0,1
BASE,GSI-4833,2025-rising,2025,rising,EVENT_YEAR_RELATIVE,0.50,2025-09-05,0.35173879914566752,0.024096762179899704,False,,,,7,0,0,7
BASE,GSI-4837,2024-falling,2024,falling,ABSOLUTE_0_5,0.50,2024-05-21,0.5,0,True,738974.520762646,2024-03-29,-52.479237354,7,1,0,6
BASE,GSI-4837,2024-falling,2024,falling,EVENT_YEAR_RELATIVE,0.50,2024-05-21,0.30898258431087922,0,True,738983.215694766,2024-04-07,-43.784305234,5,1,0,4
BASE,GSI-4837,2024-rising,2024,rising,ABSOLUTE_0_5,0.50,2024-08-24,0.5,0.008083503353448443,False,,,,7,0,0,7
BASE,GSI-4837,2024-rising,2024,rising,EVENT_YEAR_RELATIVE,0.50,2024-08-24,0.30898258431087922,0.008083503353448443,False,,,,5,0,0,5
BASE,GSI-4837,2025-falling,2025,falling,ABSOLUTE_0_5,0.50,2025-05-01,0.5,0.044888013752431462,True,739341.037612561,2025-03-31,-30.962387439,7,1,0,6
BASE,GSI-4837,2025-falling,2025,falling,EVENT_YEAR_RELATIVE,0.50,2025-05-01,0.49694547580090759,0.044888013752431462,True,739341.117756684,2025-03-31,-30.882243316,7,1,0,6
BASE,GSI-4837,2025-rising,2025,rising,ABSOLUTE_0_5,0.50,2025-09-05,0.5,0.017192136200294,False,,,,7,0,0,7
BASE,GSI-4837,2025-rising,2025,rising,EVENT_YEAR_RELATIVE,0.50,2025-09-05,0.49694547580090759,0.017192136200294,False,,,,7,0,0,7
BASE,GSI-4838,2024-falling,2024,falling,ABSOLUTE_0_5,0.50,2024-05-21,0.5,0,False,,,,1,0,0,1
BASE,GSI-4838,2024-falling,2024,falling,EVENT_YEAR_RELATIVE,0.50,2024-05-21,0.20709254091492935,0,True,738944.664576350,2024-02-28,-82.335423650,6,2,1,4
BASE,GSI-4838,2024-rising,2024,rising,ABSOLUTE_0_5,0.50,2024-08-24,0.5,0.0036995728538605143,False,,,,1,0,0,1
BASE,GSI-4838,2024-rising,2024,rising,EVENT_YEAR_RELATIVE,0.50,2024-08-24,0.20709254091492935,0.0036995728538605143,False,,,,6,0,0,6
BASE,GSI-4838,2025-falling,2025,falling,ABSOLUTE_0_5,0.50,2025-05-01,0.5,0.020543874342721525,True,739309.879670336,2025-02-27,-62.120329664,1,1,0,0
BASE,GSI-4838,2025-falling,2025,falling,EVENT_YEAR_RELATIVE,0.50,2025-05-01,0.33546863305231628,0.020543874342721525,True,739331.917203475,2025-03-21,-40.082796525,6,1,0,5
BASE,GSI-4838,2025-rising,2025,rising,ABSOLUTE_0_5,0.50,2025-09-05,0.5,0.0078683161997263086,False,,,,1,0,0,1
BASE,GSI-4838,2025-rising,2025,rising,EVENT_YEAR_RELATIVE,0.50,2025-09-05,0.33546863305231628,0.0078683161997263086,False,,,,6,0,0,6
BASE,GSI-4842,2024-falling,2024,falling,ABSOLUTE_0_5,0.50,2024-05-21,0.5,0,False,,,,0,0,0,0
BASE,GSI-4842,2024-falling,2024,falling,EVENT_YEAR_RELATIVE,0.50,2024-05-21,0.16312190032587981,0,False,,,,3,0,0,3
BASE,GSI-4842,2024-rising,2024,rising,ABSOLUTE_0_5,0.50,2024-08-24,0.5,0,False,,,,0,0,0,0
BASE,GSI-4842,2024-rising,2024,rising,EVENT_YEAR_RELATIVE,0.50,2024-08-24,0.16312190032587981,0,False,,,,3,0,0,3
BASE,GSI-4842,2025-falling,2025,falling,ABSOLUTE_0_5,0.50,2025-05-01,0.5,0,False,,,,0,0,0,0
BASE,GSI-4842,2025-falling,2025,falling,EVENT_YEAR_RELATIVE,0.50,2025-05-01,0.21155620031886246,0,True,739305.381260616,2025-02-23,-66.618739384,4,1,0,3
BASE,GSI-4842,2025-rising,2025,rising,ABSOLUTE_0_5,0.50,2025-09-05,0.5,0,False,,,,0,0,0,0
BASE,GSI-4842,2025-rising,2025,rising,EVENT_YEAR_RELATIVE,0.50,2025-09-05,0.21155620031886246,0,False,,,,4,0,0,4
BASE,GSI-5695,2024-falling,2024,falling,ABSOLUTE_0_5,0.50,2024-05-21,0.5,0.0026246221015852433,False,,,,0,0,0,0
BASE,GSI-5695,2024-falling,2024,falling,EVENT_YEAR_RELATIVE,0.50,2024-05-21,0.11083879373556428,0.0026246221015852433,True,738947.128061334,2024-03-02,-79.871938666,6,2,1,4
BASE,GSI-5695,2024-rising,2024,rising,ABSOLUTE_0_5,0.50,2024-08-24,0.5,0.012629028448619245,False,,,,0,0,0,0
BASE,GSI-5695,2024-rising,2024,rising,EVENT_YEAR_RELATIVE,0.50,2024-08-24,0.11083879373556428,0.012629028448619245,False,,,,6,0,0,6
BASE,GSI-5695,2025-falling,2025,falling,ABSOLUTE_0_5,0.50,2025-05-01,0.5,0.033196315717632853,False,,,,0,0,0,0
BASE,GSI-5695,2025-falling,2025,falling,EVENT_YEAR_RELATIVE,0.50,2025-05-01,0.22807101641173114,0.033196315717632853,True,739333.831482915,2025-03-23,-38.168517085,4,1,0,3
BASE,GSI-5695,2025-rising,2025,rising,ABSOLUTE_0_5,0.50,2025-09-05,0.5,0.014557727058410004,False,,,,0,0,0,0
BASE,GSI-5695,2025-rising,2025,rising,EVENT_YEAR_RELATIVE,0.50,2025-09-05,0.22807101641173114,0.014557727058410004,False,,,,4,0,0,4
BASE,GSI-5700,2024-falling,2024,falling,ABSOLUTE_0_5,0.50,2024-05-21,0.5,0,False,,,,0,0,0,0
BASE,GSI-5700,2024-falling,2024,falling,EVENT_YEAR_RELATIVE,0.50,2024-05-21,0.10500787992072953,0,True,738944.552241575,2024-02-28,-82.447758425,6,2,1,4
BASE,GSI-5700,2024-rising,2024,rising,ABSOLUTE_0_5,0.50,2024-08-24,0.5,0.0023294537047154596,False,,,,0,0,0,0
BASE,GSI-5700,2024-rising,2024,rising,EVENT_YEAR_RELATIVE,0.50,2024-08-24,0.10500787992072953,0.0023294537047154596,False,,,,6,0,0,6
BASE,GSI-5700,2025-falling,2025,falling,ABSOLUTE_0_5,0.50,2025-05-01,0.5,0.010380751428527749,False,,,,0,0,0,0
BASE,GSI-5700,2025-falling,2025,falling,EVENT_YEAR_RELATIVE,0.50,2025-05-01,0.21143810898552154,0.010380751428527749,True,739330.934662836,2025-03-20,-41.065337164,4,1,0,3
BASE,GSI-5700,2025-rising,2025,rising,ABSOLUTE_0_5,0.50,2025-09-05,0.5,0.0044470361060903948,False,,,,0,0,0,0
BASE,GSI-5700,2025-rising,2025,rising,EVENT_YEAR_RELATIVE,0.50,2025-09-05,0.21143810898552154,0.0044470361060903948,False,,,,4,0,0,4
BASE,GSI-5716,2024-falling,2024,falling,ABSOLUTE_0_5,0.50,2024-05-21,0.5,0.0037314119157778186,False,,,,1,0,0,1
BASE,GSI-5716,2024-falling,2024,falling,EVENT_YEAR_RELATIVE,0.50,2024-05-21,0.1565496817447134,0.0037314119157778186,True,738947.212052154,2024-03-02,-79.787947846,6,2,1,4
BASE,GSI-5716,2024-rising,2024,rising,ABSOLUTE_0_5,0.50,2024-08-24,0.5,0.017954625623785025,False,,,,1,0,0,1
BASE,GSI-5716,2024-rising,2024,rising,EVENT_YEAR_RELATIVE,0.50,2024-08-24,0.1565496817447134,0.017954625623785025,False,,,,6,0,0,6
BASE,GSI-5716,2025-falling,2025,falling,ABSOLUTE_0_5,0.50,2025-05-01,0.5,0.047195033507445548,True,739295.114983012,2025-02-13,-76.885016988,1,1,0,0
BASE,GSI-5716,2025-falling,2025,falling,EVENT_YEAR_RELATIVE,0.50,2025-05-01,0.25992044024401262,0.047195033507445548,True,739336.080663552,2025-03-26,-35.919336448,7,1,0,6
BASE,GSI-5716,2025-rising,2025,rising,ABSOLUTE_0_5,0.50,2025-09-05,0.5,0.020696646644704792,False,,,,1,0,0,1
BASE,GSI-5716,2025-rising,2025,rising,EVENT_YEAR_RELATIVE,0.50,2025-09-05,0.25992044024401262,0.020696646644704792,False,,,,7,0,0,7
BASE,GSI-5717,2024-falling,2024,falling,ABSOLUTE_0_5,0.50,2024-05-21,0.5,0.0035021058298558322,False,,,,0,0,0,0
BASE,GSI-5717,2024-falling,2024,falling,EVENT_YEAR_RELATIVE,0.50,2024-05-21,0.14692924969822091,0.0035021058298558322,True,738947.212052154,2024-03-02,-79.787947846,6,2,1,4
BASE,GSI-5717,2024-rising,2024,rising,ABSOLUTE_0_5,0.50,2024-08-24,0.5,0.0168512617982647,False,,,,0,0,0,0
BASE,GSI-5717,2024-rising,2024,rising,EVENT_YEAR_RELATIVE,0.50,2024-08-24,0.14692924969822091,0.0168512617982647,False,,,,6,0,0,6
BASE,GSI-5717,2025-falling,2025,falling,ABSOLUTE_0_5,0.50,2025-05-01,0.5,0.044294761799894479,False,,,,0,0,0,0
BASE,GSI-5717,2025-falling,2025,falling,EVENT_YEAR_RELATIVE,0.50,2025-05-01,0.24394757524043126,0.044294761799894479,True,739336.080663552,2025-03-26,-35.919336448,7,1,0,6
BASE,GSI-5717,2025-rising,2025,rising,ABSOLUTE_0_5,0.50,2025-09-05,0.5,0.019424777673675259,False,,,,0,0,0,0
BASE,GSI-5717,2025-rising,2025,rising,EVENT_YEAR_RELATIVE,0.50,2025-09-05,0.24394757524043126,0.019424777673675259,False,,,,7,0,0,7
BASE,GSI-5718,2024-falling,2024,falling,ABSOLUTE_0_5,0.50,2024-05-21,0.5,0.0034969124883198035,False,,,,0,0,0,0
BASE,GSI-5718,2024-falling,2024,falling,EVENT_YEAR_RELATIVE,0.50,2024-05-21,0.1467113654273316,0.0034969124883198035,True,738947.212052154,2024-03-02,-79.787947846,6,2,1,4
BASE,GSI-5718,2024-rising,2024,rising,ABSOLUTE_0_5,0.50,2024-08-24,0.5,0.016826272731091069,False,,,,0,0,0,0
BASE,GSI-5718,2024-rising,2024,rising,EVENT_YEAR_RELATIVE,0.50,2024-08-24,0.1467113654273316,0.016826272731091069,False,,,,6,0,0,6
BASE,GSI-5718,2025-falling,2025,falling,ABSOLUTE_0_5,0.50,2025-05-01,0.5,0.044229076227424682,False,,,,0,0,0,0
BASE,GSI-5718,2025-falling,2025,falling,EVENT_YEAR_RELATIVE,0.50,2025-05-01,0.24358582058861314,0.044229076227424682,True,739336.080663552,2025-03-26,-35.919336448,7,1,0,6
BASE,GSI-5718,2025-rising,2025,rising,ABSOLUTE_0_5,0.50,2025-09-05,0.5,0.019395972289251745,False,,,,0,0,0,0
BASE,GSI-5718,2025-rising,2025,rising,EVENT_YEAR_RELATIVE,0.50,2025-09-05,0.24358582058861314,0.019395972289251745,False,,,,7,0,0,7
BASE,GSI-5721,2024-falling,2024,falling,ABSOLUTE_0_5,0.50,2024-05-21,0.5,0,False,,,,0,0,0,0
BASE,GSI-5721,2024-falling,2024,falling,EVENT_YEAR_RELATIVE,0.50,2024-05-21,0.14831272196250739,0,True,738944.664576350,2024-02-28,-82.335423650,6,2,1,4
BASE,GSI-5721,2024-rising,2024,rising,ABSOLUTE_0_5,0.50,2024-08-24,0.5,0.0033117725046124119,False,,,,0,0,0,0
BASE,GSI-5721,2024-rising,2024,rising,EVENT_YEAR_RELATIVE,0.50,2024-08-24,0.14831272196250739,0.0033117725046124119,False,,,,6,0,0,6
BASE,GSI-5721,2025-falling,2025,falling,ABSOLUTE_0_5,0.50,2025-05-01,0.5,0.014758261599542508,False,,,,0,0,0,0
BASE,GSI-5721,2025-falling,2025,falling,EVENT_YEAR_RELATIVE,0.50,2025-05-01,0.24080424150999272,0.014758261599542508,True,739332.195000701,2025-03-22,-39.804999299,6,1,0,5
BASE,GSI-5721,2025-rising,2025,rising,ABSOLUTE_0_5,0.50,2025-09-05,0.5,0.0063223286530039741,False,,,,0,0,0,0
BASE,GSI-5721,2025-rising,2025,rising,EVENT_YEAR_RELATIVE,0.50,2025-09-05,0.24080424150999272,0.0063223286530039741,False,,,,6,0,0,6
BASE,GSI-5722,2024-falling,2024,falling,ABSOLUTE_0_5,0.50,2024-05-21,0.5,0,False,,,,0,0,0,0
BASE,GSI-5722,2024-falling,2024,falling,EVENT_YEAR_RELATIVE,0.50,2024-05-21,0.13851541343753723,0,True,738944.664576350,2024-02-28,-82.335423650,6,2,1,4
BASE,GSI-5722,2024-rising,2024,rising,ABSOLUTE_0_5,0.50,2024-08-24,0.5,0.0030930019462755269,False,,,,0,0,0,0
BASE,GSI-5722,2024-rising,2024,rising,EVENT_YEAR_RELATIVE,0.50,2024-08-24,0.13851541343753723,0.0030930019462755269,False,,,,6,0,0,6
BASE,GSI-5722,2025-falling,2025,falling,ABSOLUTE_0_5,0.50,2025-05-01,0.5,0.013783353713896065,False,,,,0,0,0,0
BASE,GSI-5722,2025-falling,2025,falling,EVENT_YEAR_RELATIVE,0.50,2025-05-01,0.22489708656753796,0.013783353713896065,True,739332.195000701,2025-03-22,-39.804999299,6,1,0,5
BASE,GSI-5722,2025-rising,2025,rising,ABSOLUTE_0_5,0.50,2025-09-05,0.5,0.0059046854219303958,False,,,,0,0,0,0
BASE,GSI-5722,2025-rising,2025,rising,EVENT_YEAR_RELATIVE,0.50,2025-09-05,0.22489708656753796,0.0059046854219303958,False,,,,6,0,0,6
BASE,GSI-5723,2024-falling,2024,falling,ABSOLUTE_0_5,0.50,2024-05-21,0.5,0,False,,,,0,0,0,0
BASE,GSI-5723,2024-falling,2024,falling,EVENT_YEAR_RELATIVE,0.50,2024-05-21,0.13829463662962901,0,True,738944.664576350,2024-02-28,-82.335423650,6,2,1,4
BASE,GSI-5723,2024-rising,2024,rising,ABSOLUTE_0_5,0.50,2024-08-24,0.5,0.0030880720754430618,False,,,,0,0,0,0
BASE,GSI-5723,2024-rising,2024,rising,EVENT_YEAR_RELATIVE,0.50,2024-08-24,0.13829463662962901,0.0030880720754430618,False,,,,6,0,0,6
BASE,GSI-5723,2025-falling,2025,falling,ABSOLUTE_0_5,0.50,2025-05-01,0.5,0.013761384715936166,False,,,,0,0,0,0
BASE,GSI-5723,2025-falling,2025,falling,EVENT_YEAR_RELATIVE,0.50,2025-05-01,0.22453862782530831,0.013761384715936166,True,739332.195000701,2025-03-22,-39.804999299,6,1,0,5
BASE,GSI-5723,2025-rising,2025,rising,ABSOLUTE_0_5,0.50,2025-09-05,0.5,0.0058952740678665854,False,,,,0,0,0,0
BASE,GSI-5723,2025-rising,2025,rising,EVENT_YEAR_RELATIVE,0.50,2025-09-05,0.22453862782530831,0.0058952740678665854,False,,,,6,0,0,6
BASE,GSI-5725,2024-falling,2024,falling,ABSOLUTE_0_5,0.50,2024-05-21,0.5,0,False,,,,0,0,0,0
BASE,GSI-5725,2024-falling,2024,falling,EVENT_YEAR_RELATIVE,0.50,2024-05-21,0.094247700729887599,0,False,,,,3,0,0,3
BASE,GSI-5725,2024-rising,2024,rising,ABSOLUTE_0_5,0.50,2024-08-24,0.5,0,False,,,,0,0,0,0
BASE,GSI-5725,2024-rising,2024,rising,EVENT_YEAR_RELATIVE,0.50,2024-08-24,0.094247700729887599,0,False,,,,3,0,0,3
BASE,GSI-5725,2025-falling,2025,falling,ABSOLUTE_0_5,0.50,2025-05-01,0.5,0,False,,,,0,0,0,0
BASE,GSI-5725,2025-falling,2025,falling,EVENT_YEAR_RELATIVE,0.50,2025-05-01,0.12247055455611885,0,True,739305.411224007,2025-02-23,-66.588775993,4,1,0,3
BASE,GSI-5725,2025-rising,2025,rising,ABSOLUTE_0_5,0.50,2025-09-05,0.5,0,False,,,,0,0,0,0
BASE,GSI-5725,2025-rising,2025,rising,EVENT_YEAR_RELATIVE,0.50,2025-09-05,0.12247055455611885,0,False,,,,4,0,0,4
TEMPERATURE_UNCONSTRAINED,GSI-2198,2024-falling,2024,falling,ABSOLUTE_0_5,0.50,2024-05-21,0.5,0,False,,,,0,0,0,0
TEMPERATURE_UNCONSTRAINED,GSI-2198,2024-falling,2024,falling,EVENT_YEAR_RELATIVE,0.50,2024-05-21,0.085275229320187759,0,False,,,,3,0,0,3
TEMPERATURE_UNCONSTRAINED,GSI-2198,2024-rising,2024,rising,ABSOLUTE_0_5,0.50,2024-08-24,0.5,0,False,,,,0,0,0,0
TEMPERATURE_UNCONSTRAINED,GSI-2198,2024-rising,2024,rising,EVENT_YEAR_RELATIVE,0.50,2024-08-24,0.085275229320187759,0,False,,,,3,0,0,3
TEMPERATURE_UNCONSTRAINED,GSI-2198,2025-falling,2025,falling,ABSOLUTE_0_5,0.50,2025-05-01,0.5,0,False,,,,0,0,0,0
TEMPERATURE_UNCONSTRAINED,GSI-2198,2025-falling,2025,falling,EVENT_YEAR_RELATIVE,0.50,2025-05-01,0.11081124042139862,0,True,739305.411224007,2025-02-23,-66.588775993,4,1,0,3
TEMPERATURE_UNCONSTRAINED,GSI-2198,2025-rising,2025,rising,ABSOLUTE_0_5,0.50,2025-09-05,0.5,0,False,,,,0,0,0,0
TEMPERATURE_UNCONSTRAINED,GSI-2198,2025-rising,2025,rising,EVENT_YEAR_RELATIVE,0.50,2025-09-05,0.11081124042139862,0,False,,,,4,0,0,4
TEMPERATURE_UNCONSTRAINED,GSI-2199,2024-falling,2024,falling,ABSOLUTE_0_5,0.50,2024-05-21,0.5,0,False,,,,0,0,0,0
TEMPERATURE_UNCONSTRAINED,GSI-2199,2024-falling,2024,falling,EVENT_YEAR_RELATIVE,0.50,2024-05-21,0.08507948646792178,0,False,,,,3,0,0,3
TEMPERATURE_UNCONSTRAINED,GSI-2199,2024-rising,2024,rising,ABSOLUTE_0_5,0.50,2024-08-24,0.5,0,False,,,,0,0,0,0
TEMPERATURE_UNCONSTRAINED,GSI-2199,2024-rising,2024,rising,EVENT_YEAR_RELATIVE,0.50,2024-08-24,0.08507948646792178,0,False,,,,3,0,0,3
TEMPERATURE_UNCONSTRAINED,GSI-2199,2025-falling,2025,falling,ABSOLUTE_0_5,0.50,2025-05-01,0.5,0,False,,,,0,0,0,0
TEMPERATURE_UNCONSTRAINED,GSI-2199,2025-falling,2025,falling,EVENT_YEAR_RELATIVE,0.50,2025-05-01,0.11055688158312715,0,True,739305.411224007,2025-02-23,-66.588775993,4,1,0,3
TEMPERATURE_UNCONSTRAINED,GSI-2199,2025-rising,2025,rising,ABSOLUTE_0_5,0.50,2025-09-05,0.5,0,False,,,,0,0,0,0
TEMPERATURE_UNCONSTRAINED,GSI-2199,2025-rising,2025,rising,EVENT_YEAR_RELATIVE,0.50,2025-09-05,0.11055688158312715,0,False,,,,4,0,0,4
TEMPERATURE_UNCONSTRAINED,GSI-2629,2024-falling,2024,falling,ABSOLUTE_0_5,0.50,2024-05-21,0.5,0.0037314119157778186,False,,,,1,0,0,1
TEMPERATURE_UNCONSTRAINED,GSI-2629,2024-falling,2024,falling,EVENT_YEAR_RELATIVE,0.50,2024-05-21,0.1565496817447134,0.0037314119157778186,True,738947.212052154,2024-03-02,-79.787947846,6,2,1,4
TEMPERATURE_UNCONSTRAINED,GSI-2629,2024-rising,2024,rising,ABSOLUTE_0_5,0.50,2024-08-24,0.5,0.017954625623785025,False,,,,1,0,0,1
TEMPERATURE_UNCONSTRAINED,GSI-2629,2024-rising,2024,rising,EVENT_YEAR_RELATIVE,0.50,2024-08-24,0.1565496817447134,0.017954625623785025,False,,,,6,0,0,6
TEMPERATURE_UNCONSTRAINED,GSI-2629,2025-falling,2025,falling,ABSOLUTE_0_5,0.50,2025-05-01,0.5,0.047195033507445548,True,739295.114983012,2025-02-13,-76.885016988,1,1,0,0
TEMPERATURE_UNCONSTRAINED,GSI-2629,2025-falling,2025,falling,EVENT_YEAR_RELATIVE,0.50,2025-05-01,0.25992044024401262,0.047195033507445548,True,739336.080663552,2025-03-26,-35.919336448,7,1,0,6
TEMPERATURE_UNCONSTRAINED,GSI-2629,2025-rising,2025,rising,ABSOLUTE_0_5,0.50,2025-09-05,0.5,0.020696646644704792,False,,,,1,0,0,1
TEMPERATURE_UNCONSTRAINED,GSI-2629,2025-rising,2025,rising,EVENT_YEAR_RELATIVE,0.50,2025-09-05,0.25992044024401262,0.020696646644704792,False,,,,7,0,0,7
TEMPERATURE_UNCONSTRAINED,GSI-2630,2024-falling,2024,falling,ABSOLUTE_0_5,0.50,2024-05-21,0.5,0.0035021058298558322,False,,,,0,0,0,0
TEMPERATURE_UNCONSTRAINED,GSI-2630,2024-falling,2024,falling,EVENT_YEAR_RELATIVE,0.50,2024-05-21,0.14692924969822091,0.0035021058298558322,True,738947.212052154,2024-03-02,-79.787947846,6,2,1,4
TEMPERATURE_UNCONSTRAINED,GSI-2630,2024-rising,2024,rising,ABSOLUTE_0_5,0.50,2024-08-24,0.5,0.0168512617982647,False,,,,0,0,0,0
TEMPERATURE_UNCONSTRAINED,GSI-2630,2024-rising,2024,rising,EVENT_YEAR_RELATIVE,0.50,2024-08-24,0.14692924969822091,0.0168512617982647,False,,,,6,0,0,6
TEMPERATURE_UNCONSTRAINED,GSI-2630,2025-falling,2025,falling,ABSOLUTE_0_5,0.50,2025-05-01,0.5,0.044294761799894479,False,,,,0,0,0,0
TEMPERATURE_UNCONSTRAINED,GSI-2630,2025-falling,2025,falling,EVENT_YEAR_RELATIVE,0.50,2025-05-01,0.24394757524043126,0.044294761799894479,True,739336.080663552,2025-03-26,-35.919336448,7,1,0,6
TEMPERATURE_UNCONSTRAINED,GSI-2630,2025-rising,2025,rising,ABSOLUTE_0_5,0.50,2025-09-05,0.5,0.019424777673675259,False,,,,0,0,0,0
TEMPERATURE_UNCONSTRAINED,GSI-2630,2025-rising,2025,rising,EVENT_YEAR_RELATIVE,0.50,2025-09-05,0.24394757524043126,0.019424777673675259,False,,,,7,0,0,7
TEMPERATURE_UNCONSTRAINED,GSI-2631,2024-falling,2024,falling,ABSOLUTE_0_5,0.50,2024-05-21,0.5,0.0034969124883198035,False,,,,0,0,0,0
TEMPERATURE_UNCONSTRAINED,GSI-2631,2024-falling,2024,falling,EVENT_YEAR_RELATIVE,0.50,2024-05-21,0.1467113654273316,0.0034969124883198035,True,738947.212052154,2024-03-02,-79.787947846,6,2,1,4
TEMPERATURE_UNCONSTRAINED,GSI-2631,2024-rising,2024,rising,ABSOLUTE_0_5,0.50,2024-08-24,0.5,0.016826272731091069,False,,,,0,0,0,0
TEMPERATURE_UNCONSTRAINED,GSI-2631,2024-rising,2024,rising,EVENT_YEAR_RELATIVE,0.50,2024-08-24,0.1467113654273316,0.016826272731091069,False,,,,6,0,0,6
TEMPERATURE_UNCONSTRAINED,GSI-2631,2025-falling,2025,falling,ABSOLUTE_0_5,0.50,2025-05-01,0.5,0.044229076227424682,False,,,,0,0,0,0
TEMPERATURE_UNCONSTRAINED,GSI-2631,2025-falling,2025,falling,EVENT_YEAR_RELATIVE,0.50,2025-05-01,0.24358582058861314,0.044229076227424682,True,739336.080663552,2025-03-26,-35.919336448,7,1,0,6
TEMPERATURE_UNCONSTRAINED,GSI-2631,2025-rising,2025,rising,ABSOLUTE_0_5,0.50,2025-09-05,0.5,0.019395972289251745,False,,,,0,0,0,0
TEMPERATURE_UNCONSTRAINED,GSI-2631,2025-rising,2025,rising,EVENT_YEAR_RELATIVE,0.50,2025-09-05,0.24358582058861314,0.019395972289251745,False,,,,7,0,0,7
TEMPERATURE_UNCONSTRAINED,GSI-2634,2024-falling,2024,falling,ABSOLUTE_0_5,0.50,2024-05-21,0.5,0,False,,,,0,0,0,0
TEMPERATURE_UNCONSTRAINED,GSI-2634,2024-falling,2024,falling,EVENT_YEAR_RELATIVE,0.50,2024-05-21,0.14831272196250739,0,True,738944.664576350,2024-02-28,-82.335423650,6,2,1,4
TEMPERATURE_UNCONSTRAINED,GSI-2634,2024-rising,2024,rising,ABSOLUTE_0_5,0.50,2024-08-24,0.5,0.0033117725046124119,False,,,,0,0,0,0
TEMPERATURE_UNCONSTRAINED,GSI-2634,2024-rising,2024,rising,EVENT_YEAR_RELATIVE,0.50,2024-08-24,0.14831272196250739,0.0033117725046124119,False,,,,6,0,0,6
TEMPERATURE_UNCONSTRAINED,GSI-2634,2025-falling,2025,falling,ABSOLUTE_0_5,0.50,2025-05-01,0.5,0.014758261599542508,False,,,,0,0,0,0
TEMPERATURE_UNCONSTRAINED,GSI-2634,2025-falling,2025,falling,EVENT_YEAR_RELATIVE,0.50,2025-05-01,0.24080424150999272,0.014758261599542508,True,739332.195000701,2025-03-22,-39.804999299,6,1,0,5
TEMPERATURE_UNCONSTRAINED,GSI-2634,2025-rising,2025,rising,ABSOLUTE_0_5,0.50,2025-09-05,0.5,0.0063223286530039741,False,,,,0,0,0,0
TEMPERATURE_UNCONSTRAINED,GSI-2634,2025-rising,2025,rising,EVENT_YEAR_RELATIVE,0.50,2025-09-05,0.24080424150999272,0.0063223286530039741,False,,,,6,0,0,6
TEMPERATURE_UNCONSTRAINED,GSI-2635,2024-falling,2024,falling,ABSOLUTE_0_5,0.50,2024-05-21,0.5,0,False,,,,0,0,0,0
TEMPERATURE_UNCONSTRAINED,GSI-2635,2024-falling,2024,falling,EVENT_YEAR_RELATIVE,0.50,2024-05-21,0.13851541343753723,0,True,738944.664576350,2024-02-28,-82.335423650,6,2,1,4
TEMPERATURE_UNCONSTRAINED,GSI-2635,2024-rising,2024,rising,ABSOLUTE_0_5,0.50,2024-08-24,0.5,0.0030930019462755269,False,,,,0,0,0,0
TEMPERATURE_UNCONSTRAINED,GSI-2635,2024-rising,2024,rising,EVENT_YEAR_RELATIVE,0.50,2024-08-24,0.13851541343753723,0.0030930019462755269,False,,,,6,0,0,6
TEMPERATURE_UNCONSTRAINED,GSI-2635,2025-falling,2025,falling,ABSOLUTE_0_5,0.50,2025-05-01,0.5,0.013783353713896065,False,,,,0,0,0,0
TEMPERATURE_UNCONSTRAINED,GSI-2635,2025-falling,2025,falling,EVENT_YEAR_RELATIVE,0.50,2025-05-01,0.22489708656753796,0.013783353713896065,True,739332.195000701,2025-03-22,-39.804999299,6,1,0,5
TEMPERATURE_UNCONSTRAINED,GSI-2635,2025-rising,2025,rising,ABSOLUTE_0_5,0.50,2025-09-05,0.5,0.0059046854219303958,False,,,,0,0,0,0
TEMPERATURE_UNCONSTRAINED,GSI-2635,2025-rising,2025,rising,EVENT_YEAR_RELATIVE,0.50,2025-09-05,0.22489708656753796,0.0059046854219303958,False,,,,6,0,0,6
TEMPERATURE_UNCONSTRAINED,GSI-2636,2024-falling,2024,falling,ABSOLUTE_0_5,0.50,2024-05-21,0.5,0,False,,,,0,0,0,0
TEMPERATURE_UNCONSTRAINED,GSI-2636,2024-falling,2024,falling,EVENT_YEAR_RELATIVE,0.50,2024-05-21,0.13829463662962901,0,True,738944.664576350,2024-02-28,-82.335423650,6,2,1,4
TEMPERATURE_UNCONSTRAINED,GSI-2636,2024-rising,2024,rising,ABSOLUTE_0_5,0.50,2024-08-24,0.5,0.0030880720754430618,False,,,,0,0,0,0
TEMPERATURE_UNCONSTRAINED,GSI-2636,2024-rising,2024,rising,EVENT_YEAR_RELATIVE,0.50,2024-08-24,0.13829463662962901,0.0030880720754430618,False,,,,6,0,0,6
TEMPERATURE_UNCONSTRAINED,GSI-2636,2025-falling,2025,falling,ABSOLUTE_0_5,0.50,2025-05-01,0.5,0.013761384715936166,False,,,,0,0,0,0
TEMPERATURE_UNCONSTRAINED,GSI-2636,2025-falling,2025,falling,EVENT_YEAR_RELATIVE,0.50,2025-05-01,0.22453862782530831,0.013761384715936166,True,739332.195000701,2025-03-22,-39.804999299,6,1,0,5
TEMPERATURE_UNCONSTRAINED,GSI-2636,2025-rising,2025,rising,ABSOLUTE_0_5,0.50,2025-09-05,0.5,0.0058952740678665854,False,,,,0,0,0,0
TEMPERATURE_UNCONSTRAINED,GSI-2636,2025-rising,2025,rising,EVENT_YEAR_RELATIVE,0.50,2025-09-05,0.22453862782530831,0.0058952740678665854,False,,,,6,0,0,6
TEMPERATURE_UNCONSTRAINED,GSI-2638,2024-falling,2024,falling,ABSOLUTE_0_5,0.50,2024-05-21,0.5,0,False,,,,0,0,0,0
TEMPERATURE_UNCONSTRAINED,GSI-2638,2024-falling,2024,falling,EVENT_YEAR_RELATIVE,0.50,2024-05-21,0.094247700729887599,0,False,,,,3,0,0,3
TEMPERATURE_UNCONSTRAINED,GSI-2638,2024-rising,2024,rising,ABSOLUTE_0_5,0.50,2024-08-24,0.5,0,False,,,,0,0,0,0
TEMPERATURE_UNCONSTRAINED,GSI-2638,2024-rising,2024,rising,EVENT_YEAR_RELATIVE,0.50,2024-08-24,0.094247700729887599,0,False,,,,3,0,0,3
TEMPERATURE_UNCONSTRAINED,GSI-2638,2025-falling,2025,falling,ABSOLUTE_0_5,0.50,2025-05-01,0.5,0,False,,,,0,0,0,0
TEMPERATURE_UNCONSTRAINED,GSI-2638,2025-falling,2025,falling,EVENT_YEAR_RELATIVE,0.50,2025-05-01,0.12247055455611885,0,True,739305.411224007,2025-02-23,-66.588775993,4,1,0,3
TEMPERATURE_UNCONSTRAINED,GSI-2638,2025-rising,2025,rising,ABSOLUTE_0_5,0.50,2025-09-05,0.5,0,False,,,,0,0,0,0
TEMPERATURE_UNCONSTRAINED,GSI-2638,2025-rising,2025,rising,EVENT_YEAR_RELATIVE,0.50,2025-09-05,0.12247055455611885,0,False,,,,4,0,0,4
TEMPERATURE_UNCONSTRAINED,GSI-3941,2024-falling,2024,falling,ABSOLUTE_0_5,0.50,2024-05-21,0.5,0,False,,,,0,0,0,0
TEMPERATURE_UNCONSTRAINED,GSI-3941,2024-falling,2024,falling,EVENT_YEAR_RELATIVE,0.50,2024-05-21,0.060382169771905636,0,False,,,,3,0,0,3
TEMPERATURE_UNCONSTRAINED,GSI-3941,2024-rising,2024,rising,ABSOLUTE_0_5,0.50,2024-08-24,0.5,0,False,,,,0,0,0,0
TEMPERATURE_UNCONSTRAINED,GSI-3941,2024-rising,2024,rising,EVENT_YEAR_RELATIVE,0.50,2024-08-24,0.060382169771905636,0,False,,,,3,0,0,3
TEMPERATURE_UNCONSTRAINED,GSI-3941,2025-falling,2025,falling,ABSOLUTE_0_5,0.50,2025-05-01,0.5,0,False,,,,0,0,0,0
TEMPERATURE_UNCONSTRAINED,GSI-3941,2025-falling,2025,falling,EVENT_YEAR_RELATIVE,0.50,2025-05-01,0.095637841459647113,0,True,739303.326204482,2025-02-21,-68.673795518,5,1,0,4
TEMPERATURE_UNCONSTRAINED,GSI-3941,2025-rising,2025,rising,ABSOLUTE_0_5,0.50,2025-09-05,0.5,0,False,,,,0,0,0,0
TEMPERATURE_UNCONSTRAINED,GSI-3941,2025-rising,2025,rising,EVENT_YEAR_RELATIVE,0.50,2025-09-05,0.095637841459647113,0,False,,,,5,0,0,5
TEMPERATURE_UNCONSTRAINED,GSI-3942,2024-falling,2024,falling,ABSOLUTE_0_5,0.50,2024-05-21,0.5,0,False,,,,0,0,0,0
TEMPERATURE_UNCONSTRAINED,GSI-3942,2024-falling,2024,falling,EVENT_YEAR_RELATIVE,0.50,2024-05-21,0.060243567058885859,0,False,,,,3,0,0,3
TEMPERATURE_UNCONSTRAINED,GSI-3942,2024-rising,2024,rising,ABSOLUTE_0_5,0.50,2024-08-24,0.5,0,False,,,,0,0,0,0
TEMPERATURE_UNCONSTRAINED,GSI-3942,2024-rising,2024,rising,EVENT_YEAR_RELATIVE,0.50,2024-08-24,0.060243567058885859,0,False,,,,3,0,0,3
TEMPERATURE_UNCONSTRAINED,GSI-3942,2025-falling,2025,falling,ABSOLUTE_0_5,0.50,2025-05-01,0.5,0,False,,,,0,0,0,0
TEMPERATURE_UNCONSTRAINED,GSI-3942,2025-falling,2025,falling,EVENT_YEAR_RELATIVE,0.50,2025-05-01,0.095418312013392792,0,True,739303.326204482,2025-02-21,-68.673795518,5,1,0,4
TEMPERATURE_UNCONSTRAINED,GSI-3942,2025-rising,2025,rising,ABSOLUTE_0_5,0.50,2025-09-05,0.5,0,False,,,,0,0,0,0
TEMPERATURE_UNCONSTRAINED,GSI-3942,2025-rising,2025,rising,EVENT_YEAR_RELATIVE,0.50,2025-09-05,0.095418312013392792,0,False,,,,5,0,0,5
TEMPERATURE_UNCONSTRAINED,GSI-3962,2024-falling,2024,falling,ABSOLUTE_0_5,0.50,2024-05-21,0.5,0,False,,,,0,0,0,0
TEMPERATURE_UNCONSTRAINED,GSI-3962,2024-falling,2024,falling,EVENT_YEAR_RELATIVE,0.50,2024-05-21,0.085275229320187759,0,False,,,,3,0,0,3
TEMPERATURE_UNCONSTRAINED,GSI-3962,2024-rising,2024,rising,ABSOLUTE_0_5,0.50,2024-08-24,0.5,0,False,,,,0,0,0,0
TEMPERATURE_UNCONSTRAINED,GSI-3962,2024-rising,2024,rising,EVENT_YEAR_RELATIVE,0.50,2024-08-24,0.085275229320187759,0,False,,,,3,0,0,3
TEMPERATURE_UNCONSTRAINED,GSI-3962,2025-falling,2025,falling,ABSOLUTE_0_5,0.50,2025-05-01,0.5,0,False,,,,0,0,0,0
TEMPERATURE_UNCONSTRAINED,GSI-3962,2025-falling,2025,falling,EVENT_YEAR_RELATIVE,0.50,2025-05-01,0.11081124042139862,0,True,739305.411224007,2025-02-23,-66.588775993,4,1,0,3
TEMPERATURE_UNCONSTRAINED,GSI-3962,2025-rising,2025,rising,ABSOLUTE_0_5,0.50,2025-09-05,0.5,0,False,,,,0,0,0,0
TEMPERATURE_UNCONSTRAINED,GSI-3962,2025-rising,2025,rising,EVENT_YEAR_RELATIVE,0.50,2025-09-05,0.11081124042139862,0,False,,,,4,0,0,4
TEMPERATURE_UNCONSTRAINED,GSI-3963,2024-falling,2024,falling,ABSOLUTE_0_5,0.50,2024-05-21,0.5,0,False,,,,0,0,0,0
TEMPERATURE_UNCONSTRAINED,GSI-3963,2024-falling,2024,falling,EVENT_YEAR_RELATIVE,0.50,2024-05-21,0.08507948646792178,0,False,,,,3,0,0,3
TEMPERATURE_UNCONSTRAINED,GSI-3963,2024-rising,2024,rising,ABSOLUTE_0_5,0.50,2024-08-24,0.5,0,False,,,,0,0,0,0
TEMPERATURE_UNCONSTRAINED,GSI-3963,2024-rising,2024,rising,EVENT_YEAR_RELATIVE,0.50,2024-08-24,0.08507948646792178,0,False,,,,3,0,0,3
TEMPERATURE_UNCONSTRAINED,GSI-3963,2025-falling,2025,falling,ABSOLUTE_0_5,0.50,2025-05-01,0.5,0,False,,,,0,0,0,0
TEMPERATURE_UNCONSTRAINED,GSI-3963,2025-falling,2025,falling,EVENT_YEAR_RELATIVE,0.50,2025-05-01,0.11055688158312715,0,True,739305.411224007,2025-02-23,-66.588775993,4,1,0,3
TEMPERATURE_UNCONSTRAINED,GSI-3963,2025-rising,2025,rising,ABSOLUTE_0_5,0.50,2025-09-05,0.5,0,False,,,,0,0,0,0
TEMPERATURE_UNCONSTRAINED,GSI-3963,2025-rising,2025,rising,EVENT_YEAR_RELATIVE,0.50,2025-09-05,0.11055688158312715,0,False,,,,4,0,0,4
TEMPERATURE_UNCONSTRAINED,GSI-4372,2024-falling,2024,falling,ABSOLUTE_0_5,0.50,2024-05-21,0.5,0.0026246221015852433,False,,,,0,0,0,0
TEMPERATURE_UNCONSTRAINED,GSI-4372,2024-falling,2024,falling,EVENT_YEAR_RELATIVE,0.50,2024-05-21,0.11083879373556428,0.0026246221015852433,True,738947.128061334,2024-03-02,-79.871938666,6,2,1,4
TEMPERATURE_UNCONSTRAINED,GSI-4372,2024-rising,2024,rising,ABSOLUTE_0_5,0.50,2024-08-24,0.5,0.012629028448619245,False,,,,0,0,0,0
TEMPERATURE_UNCONSTRAINED,GSI-4372,2024-rising,2024,rising,EVENT_YEAR_RELATIVE,0.50,2024-08-24,0.11083879373556428,0.012629028448619245,False,,,,6,0,0,6
TEMPERATURE_UNCONSTRAINED,GSI-4372,2025-falling,2025,falling,ABSOLUTE_0_5,0.50,2025-05-01,0.5,0.033196315717632853,False,,,,0,0,0,0
TEMPERATURE_UNCONSTRAINED,GSI-4372,2025-falling,2025,falling,EVENT_YEAR_RELATIVE,0.50,2025-05-01,0.22807101641173114,0.033196315717632853,True,739333.831482915,2025-03-23,-38.168517085,4,1,0,3
TEMPERATURE_UNCONSTRAINED,GSI-4372,2025-rising,2025,rising,ABSOLUTE_0_5,0.50,2025-09-05,0.5,0.014557727058410004,False,,,,0,0,0,0
TEMPERATURE_UNCONSTRAINED,GSI-4372,2025-rising,2025,rising,EVENT_YEAR_RELATIVE,0.50,2025-09-05,0.22807101641173114,0.014557727058410004,False,,,,4,0,0,4
TEMPERATURE_UNCONSTRAINED,GSI-4377,2024-falling,2024,falling,ABSOLUTE_0_5,0.50,2024-05-21,0.5,0,False,,,,0,0,0,0
TEMPERATURE_UNCONSTRAINED,GSI-4377,2024-falling,2024,falling,EVENT_YEAR_RELATIVE,0.50,2024-05-21,0.10500787992072953,0,True,738944.552241575,2024-02-28,-82.447758425,6,2,1,4
TEMPERATURE_UNCONSTRAINED,GSI-4377,2024-rising,2024,rising,ABSOLUTE_0_5,0.50,2024-08-24,0.5,0.0023294537047154596,False,,,,0,0,0,0
TEMPERATURE_UNCONSTRAINED,GSI-4377,2024-rising,2024,rising,EVENT_YEAR_RELATIVE,0.50,2024-08-24,0.10500787992072953,0.0023294537047154596,False,,,,6,0,0,6
TEMPERATURE_UNCONSTRAINED,GSI-4377,2025-falling,2025,falling,ABSOLUTE_0_5,0.50,2025-05-01,0.5,0.010380751428527749,False,,,,0,0,0,0
TEMPERATURE_UNCONSTRAINED,GSI-4377,2025-falling,2025,falling,EVENT_YEAR_RELATIVE,0.50,2025-05-01,0.21143810898552154,0.010380751428527749,True,739330.934662836,2025-03-20,-41.065337164,4,1,0,3
TEMPERATURE_UNCONSTRAINED,GSI-4377,2025-rising,2025,rising,ABSOLUTE_0_5,0.50,2025-09-05,0.5,0.0044470361060903948,False,,,,0,0,0,0
TEMPERATURE_UNCONSTRAINED,GSI-4377,2025-rising,2025,rising,EVENT_YEAR_RELATIVE,0.50,2025-09-05,0.21143810898552154,0.0044470361060903948,False,,,,4,0,0,4
TEMPERATURE_UNCONSTRAINED,GSI-4393,2024-falling,2024,falling,ABSOLUTE_0_5,0.50,2024-05-21,0.5,0.0037314119157778186,False,,,,1,0,0,1
TEMPERATURE_UNCONSTRAINED,GSI-4393,2024-falling,2024,falling,EVENT_YEAR_RELATIVE,0.50,2024-05-21,0.1565496817447134,0.0037314119157778186,True,738947.212052154,2024-03-02,-79.787947846,6,2,1,4
TEMPERATURE_UNCONSTRAINED,GSI-4393,2024-rising,2024,rising,ABSOLUTE_0_5,0.50,2024-08-24,0.5,0.017954625623785025,False,,,,1,0,0,1
TEMPERATURE_UNCONSTRAINED,GSI-4393,2024-rising,2024,rising,EVENT_YEAR_RELATIVE,0.50,2024-08-24,0.1565496817447134,0.017954625623785025,False,,,,6,0,0,6
TEMPERATURE_UNCONSTRAINED,GSI-4393,2025-falling,2025,falling,ABSOLUTE_0_5,0.50,2025-05-01,0.5,0.047195033507445548,True,739295.114983012,2025-02-13,-76.885016988,1,1,0,0
TEMPERATURE_UNCONSTRAINED,GSI-4393,2025-falling,2025,falling,EVENT_YEAR_RELATIVE,0.50,2025-05-01,0.25992044024401262,0.047195033507445548,True,739336.080663552,2025-03-26,-35.919336448,7,1,0,6
TEMPERATURE_UNCONSTRAINED,GSI-4393,2025-rising,2025,rising,ABSOLUTE_0_5,0.50,2025-09-05,0.5,0.020696646644704792,False,,,,1,0,0,1
TEMPERATURE_UNCONSTRAINED,GSI-4393,2025-rising,2025,rising,EVENT_YEAR_RELATIVE,0.50,2025-09-05,0.25992044024401262,0.020696646644704792,False,,,,7,0,0,7
TEMPERATURE_UNCONSTRAINED,GSI-4394,2024-falling,2024,falling,ABSOLUTE_0_5,0.50,2024-05-21,0.5,0.0035021058298558322,False,,,,0,0,0,0
TEMPERATURE_UNCONSTRAINED,GSI-4394,2024-falling,2024,falling,EVENT_YEAR_RELATIVE,0.50,2024-05-21,0.14692924969822091,0.0035021058298558322,True,738947.212052154,2024-03-02,-79.787947846,6,2,1,4
TEMPERATURE_UNCONSTRAINED,GSI-4394,2024-rising,2024,rising,ABSOLUTE_0_5,0.50,2024-08-24,0.5,0.0168512617982647,False,,,,0,0,0,0
TEMPERATURE_UNCONSTRAINED,GSI-4394,2024-rising,2024,rising,EVENT_YEAR_RELATIVE,0.50,2024-08-24,0.14692924969822091,0.0168512617982647,False,,,,6,0,0,6
TEMPERATURE_UNCONSTRAINED,GSI-4394,2025-falling,2025,falling,ABSOLUTE_0_5,0.50,2025-05-01,0.5,0.044294761799894479,False,,,,0,0,0,0
TEMPERATURE_UNCONSTRAINED,GSI-4394,2025-falling,2025,falling,EVENT_YEAR_RELATIVE,0.50,2025-05-01,0.24394757524043126,0.044294761799894479,True,739336.080663552,2025-03-26,-35.919336448,7,1,0,6
TEMPERATURE_UNCONSTRAINED,GSI-4394,2025-rising,2025,rising,ABSOLUTE_0_5,0.50,2025-09-05,0.5,0.019424777673675259,False,,,,0,0,0,0
TEMPERATURE_UNCONSTRAINED,GSI-4394,2025-rising,2025,rising,EVENT_YEAR_RELATIVE,0.50,2025-09-05,0.24394757524043126,0.019424777673675259,False,,,,7,0,0,7
TEMPERATURE_UNCONSTRAINED,GSI-4395,2024-falling,2024,falling,ABSOLUTE_0_5,0.50,2024-05-21,0.5,0.0034969124883198035,False,,,,0,0,0,0
TEMPERATURE_UNCONSTRAINED,GSI-4395,2024-falling,2024,falling,EVENT_YEAR_RELATIVE,0.50,2024-05-21,0.1467113654273316,0.0034969124883198035,True,738947.212052154,2024-03-02,-79.787947846,6,2,1,4
TEMPERATURE_UNCONSTRAINED,GSI-4395,2024-rising,2024,rising,ABSOLUTE_0_5,0.50,2024-08-24,0.5,0.016826272731091069,False,,,,0,0,0,0
TEMPERATURE_UNCONSTRAINED,GSI-4395,2024-rising,2024,rising,EVENT_YEAR_RELATIVE,0.50,2024-08-24,0.1467113654273316,0.016826272731091069,False,,,,6,0,0,6
TEMPERATURE_UNCONSTRAINED,GSI-4395,2025-falling,2025,falling,ABSOLUTE_0_5,0.50,2025-05-01,0.5,0.044229076227424682,False,,,,0,0,0,0
TEMPERATURE_UNCONSTRAINED,GSI-4395,2025-falling,2025,falling,EVENT_YEAR_RELATIVE,0.50,2025-05-01,0.24358582058861314,0.044229076227424682,True,739336.080663552,2025-03-26,-35.919336448,7,1,0,6
TEMPERATURE_UNCONSTRAINED,GSI-4395,2025-rising,2025,rising,ABSOLUTE_0_5,0.50,2025-09-05,0.5,0.019395972289251745,False,,,,0,0,0,0
TEMPERATURE_UNCONSTRAINED,GSI-4395,2025-rising,2025,rising,EVENT_YEAR_RELATIVE,0.50,2025-09-05,0.24358582058861314,0.019395972289251745,False,,,,7,0,0,7
TEMPERATURE_UNCONSTRAINED,GSI-4398,2024-falling,2024,falling,ABSOLUTE_0_5,0.50,2024-05-21,0.5,0,False,,,,0,0,0,0
TEMPERATURE_UNCONSTRAINED,GSI-4398,2024-falling,2024,falling,EVENT_YEAR_RELATIVE,0.50,2024-05-21,0.14831272196250739,0,True,738944.664576350,2024-02-28,-82.335423650,6,2,1,4
TEMPERATURE_UNCONSTRAINED,GSI-4398,2024-rising,2024,rising,ABSOLUTE_0_5,0.50,2024-08-24,0.5,0.0033117725046124119,False,,,,0,0,0,0
TEMPERATURE_UNCONSTRAINED,GSI-4398,2024-rising,2024,rising,EVENT_YEAR_RELATIVE,0.50,2024-08-24,0.14831272196250739,0.0033117725046124119,False,,,,6,0,0,6
TEMPERATURE_UNCONSTRAINED,GSI-4398,2025-falling,2025,falling,ABSOLUTE_0_5,0.50,2025-05-01,0.5,0.014758261599542508,False,,,,0,0,0,0
TEMPERATURE_UNCONSTRAINED,GSI-4398,2025-falling,2025,falling,EVENT_YEAR_RELATIVE,0.50,2025-05-01,0.24080424150999272,0.014758261599542508,True,739332.195000701,2025-03-22,-39.804999299,6,1,0,5
TEMPERATURE_UNCONSTRAINED,GSI-4398,2025-rising,2025,rising,ABSOLUTE_0_5,0.50,2025-09-05,0.5,0.0063223286530039741,False,,,,0,0,0,0
TEMPERATURE_UNCONSTRAINED,GSI-4398,2025-rising,2025,rising,EVENT_YEAR_RELATIVE,0.50,2025-09-05,0.24080424150999272,0.0063223286530039741,False,,,,6,0,0,6
TEMPERATURE_UNCONSTRAINED,GSI-4399,2024-falling,2024,falling,ABSOLUTE_0_5,0.50,2024-05-21,0.5,0,False,,,,0,0,0,0
TEMPERATURE_UNCONSTRAINED,GSI-4399,2024-falling,2024,falling,EVENT_YEAR_RELATIVE,0.50,2024-05-21,0.13851541343753723,0,True,738944.664576350,2024-02-28,-82.335423650,6,2,1,4
TEMPERATURE_UNCONSTRAINED,GSI-4399,2024-rising,2024,rising,ABSOLUTE_0_5,0.50,2024-08-24,0.5,0.0030930019462755269,False,,,,0,0,0,0
TEMPERATURE_UNCONSTRAINED,GSI-4399,2024-rising,2024,rising,EVENT_YEAR_RELATIVE,0.50,2024-08-24,0.13851541343753723,0.0030930019462755269,False,,,,6,0,0,6
TEMPERATURE_UNCONSTRAINED,GSI-4399,2025-falling,2025,falling,ABSOLUTE_0_5,0.50,2025-05-01,0.5,0.013783353713896065,False,,,,0,0,0,0
TEMPERATURE_UNCONSTRAINED,GSI-4399,2025-falling,2025,falling,EVENT_YEAR_RELATIVE,0.50,2025-05-01,0.22489708656753796,0.013783353713896065,True,739332.195000701,2025-03-22,-39.804999299,6,1,0,5
TEMPERATURE_UNCONSTRAINED,GSI-4399,2025-rising,2025,rising,ABSOLUTE_0_5,0.50,2025-09-05,0.5,0.0059046854219303958,False,,,,0,0,0,0
TEMPERATURE_UNCONSTRAINED,GSI-4399,2025-rising,2025,rising,EVENT_YEAR_RELATIVE,0.50,2025-09-05,0.22489708656753796,0.0059046854219303958,False,,,,6,0,0,6
TEMPERATURE_UNCONSTRAINED,GSI-4400,2024-falling,2024,falling,ABSOLUTE_0_5,0.50,2024-05-21,0.5,0,False,,,,0,0,0,0
TEMPERATURE_UNCONSTRAINED,GSI-4400,2024-falling,2024,falling,EVENT_YEAR_RELATIVE,0.50,2024-05-21,0.13829463662962901,0,True,738944.664576350,2024-02-28,-82.335423650,6,2,1,4
TEMPERATURE_UNCONSTRAINED,GSI-4400,2024-rising,2024,rising,ABSOLUTE_0_5,0.50,2024-08-24,0.5,0.0030880720754430618,False,,,,0,0,0,0
TEMPERATURE_UNCONSTRAINED,GSI-4400,2024-rising,2024,rising,EVENT_YEAR_RELATIVE,0.50,2024-08-24,0.13829463662962901,0.0030880720754430618,False,,,,6,0,0,6
TEMPERATURE_UNCONSTRAINED,GSI-4400,2025-falling,2025,falling,ABSOLUTE_0_5,0.50,2025-05-01,0.5,0.013761384715936166,False,,,,0,0,0,0
TEMPERATURE_UNCONSTRAINED,GSI-4400,2025-falling,2025,falling,EVENT_YEAR_RELATIVE,0.50,2025-05-01,0.22453862782530831,0.013761384715936166,True,739332.195000701,2025-03-22,-39.804999299,6,1,0,5
TEMPERATURE_UNCONSTRAINED,GSI-4400,2025-rising,2025,rising,ABSOLUTE_0_5,0.50,2025-09-05,0.5,0.0058952740678665854,False,,,,0,0,0,0
TEMPERATURE_UNCONSTRAINED,GSI-4400,2025-rising,2025,rising,EVENT_YEAR_RELATIVE,0.50,2025-09-05,0.22453862782530831,0.0058952740678665854,False,,,,6,0,0,6
TEMPERATURE_UNCONSTRAINED,GSI-4402,2024-falling,2024,falling,ABSOLUTE_0_5,0.50,2024-05-21,0.5,0,False,,,,0,0,0,0
TEMPERATURE_UNCONSTRAINED,GSI-4402,2024-falling,2024,falling,EVENT_YEAR_RELATIVE,0.50,2024-05-21,0.094247700729887599,0,False,,,,3,0,0,3
TEMPERATURE_UNCONSTRAINED,GSI-4402,2024-rising,2024,rising,ABSOLUTE_0_5,0.50,2024-08-24,0.5,0,False,,,,0,0,0,0
TEMPERATURE_UNCONSTRAINED,GSI-4402,2024-rising,2024,rising,EVENT_YEAR_RELATIVE,0.50,2024-08-24,0.094247700729887599,0,False,,,,3,0,0,3
TEMPERATURE_UNCONSTRAINED,GSI-4402,2025-falling,2025,falling,ABSOLUTE_0_5,0.50,2025-05-01,0.5,0,False,,,,0,0,0,0
TEMPERATURE_UNCONSTRAINED,GSI-4402,2025-falling,2025,falling,EVENT_YEAR_RELATIVE,0.50,2025-05-01,0.12247055455611885,0,True,739305.411224007,2025-02-23,-66.588775993,4,1,0,3
TEMPERATURE_UNCONSTRAINED,GSI-4402,2025-rising,2025,rising,ABSOLUTE_0_5,0.50,2025-09-05,0.5,0,False,,,,0,0,0,0
TEMPERATURE_UNCONSTRAINED,GSI-4402,2025-rising,2025,rising,EVENT_YEAR_RELATIVE,0.50,2025-09-05,0.12247055455611885,0,False,,,,4,0,0,4
TEMPERATURE_UNCONSTRAINED,GSI-4831,2024-falling,2024,falling,ABSOLUTE_0_5,0.50,2024-05-21,0.5,0.050231507396399602,True,739009.369651538,2024-05-03,-17.630348462,8,1,0,7
TEMPERATURE_UNCONSTRAINED,GSI-4831,2024-falling,2024,falling,EVENT_YEAR_RELATIVE,0.50,2024-05-21,0.42828033862071679,0.050231507396399602,True,738941.686406362,2024-02-25,-85.313593638,7,2,1,5
TEMPERATURE_UNCONSTRAINED,GSI-4831,2024-rising,2024,rising,ABSOLUTE_0_5,0.50,2024-08-24,0.5,0.20043087952413033,False,,,,8,0,0,8
TEMPERATURE_UNCONSTRAINED,GSI-4831,2024-rising,2024,rising,EVENT_YEAR_RELATIVE,0.50,2024-08-24,0.42828033862071679,0.20043087952413033,False,,,,7,0,0,7
TEMPERATURE_UNCONSTRAINED,GSI-4831,2025-falling,2025,falling,ABSOLUTE_0_5,0.50,2025-05-01,0.5,0.45141548004215404,True,739354.278911799,2025-04-13,-17.721088201,8,2,1,6
TEMPERATURE_UNCONSTRAINED,GSI-4831,2025-falling,2025,falling,EVENT_YEAR_RELATIVE,0.50,2025-05-01,0.49814261630553019,0.45141548004215404,True,739354.340801290,2025-04-13,-17.659198710,8,2,1,6
TEMPERATURE_UNCONSTRAINED,GSI-4831,2025-rising,2025,rising,ABSOLUTE_0_5,0.50,2025-09-05,0.5,0.19982647046732532,False,,,,8,0,0,8
TEMPERATURE_UNCONSTRAINED,GSI-4831,2025-rising,2025,rising,EVENT_YEAR_RELATIVE,0.50,2025-09-05,0.49814261630553019,0.19982647046732532,False,,,,8,0,0,8
TEMPERATURE_UNCONSTRAINED,GSI-4832,2024-falling,2024,falling,ABSOLUTE_0_5,0.50,2024-05-21,0.5,0.009879200639405665,True,738977.800792984,2024-04-01,-49.199207016,7,1,0,6
TEMPERATURE_UNCONSTRAINED,GSI-4832,2024-falling,2024,falling,EVENT_YEAR_RELATIVE,0.50,2024-05-21,0.33209247096666195,0.009879200639405665,True,738948.707908066,2024-03-03,-78.292091934,6,2,1,4
TEMPERATURE_UNCONSTRAINED,GSI-4832,2024-rising,2024,rising,ABSOLUTE_0_5,0.50,2024-08-24,0.5,0.047536255161958391,False,,,,7,0,0,7
TEMPERATURE_UNCONSTRAINED,GSI-4832,2024-rising,2024,rising,EVENT_YEAR_RELATIVE,0.50,2024-08-24,0.33209247096666195,0.047536255161958391,False,,,,6,0,0,6
TEMPERATURE_UNCONSTRAINED,GSI-4832,2025-falling,2025,falling,ABSOLUTE_0_5,0.50,2025-05-01,0.5,0.12495248868988443,True,739342.481348661,2025-04-01,-29.518651339,7,1,0,6
TEMPERATURE_UNCONSTRAINED,GSI-4832,2025-falling,2025,falling,EVENT_YEAR_RELATIVE,0.50,2025-05-01,0.49814261630553019,0.12495248868988443,True,739342.529056862,2025-04-01,-29.470943138,7,1,0,6
TEMPERATURE_UNCONSTRAINED,GSI-4832,2025-rising,2025,rising,ABSOLUTE_0_5,0.50,2025-09-05,0.5,0.054795967151565303,False,,,,7,0,0,7
TEMPERATURE_UNCONSTRAINED,GSI-4832,2025-rising,2025,rising,EVENT_YEAR_RELATIVE,0.50,2025-09-05,0.49814261630553019,0.054795967151565303,False,,,,7,0,0,7
TEMPERATURE_UNCONSTRAINED,GSI-4833,2024-falling,2024,falling,ABSOLUTE_0_5,0.50,2024-05-21,0.5,0.005061251846069737,False,,,,1,0,0,1
TEMPERATURE_UNCONSTRAINED,GSI-4833,2024-falling,2024,falling,EVENT_YEAR_RELATIVE,0.50,2024-05-21,0.21234250830945756,0.005061251846069737,True,738947.212052154,2024-03-02,-79.787947846,6,2,1,4
TEMPERATURE_UNCONSTRAINED,GSI-4833,2024-rising,2024,rising,ABSOLUTE_0_5,0.50,2024-08-24,0.5,0.024353484454404002,False,,,,1,0,0,1
TEMPERATURE_UNCONSTRAINED,GSI-4833,2024-rising,2024,rising,EVENT_YEAR_RELATIVE,0.50,2024-08-24,0.21234250830945756,0.024353484454404002,False,,,,6,0,0,6
TEMPERATURE_UNCONSTRAINED,GSI-4833,2025-falling,2025,falling,ABSOLUTE_0_5,0.50,2025-05-01,0.5,0.064014897271155308,True,739318.292522780,2025-03-08,-53.707477220,1,1,0,0
TEMPERATURE_UNCONSTRAINED,GSI-4833,2025-falling,2025,falling,EVENT_YEAR_RELATIVE,0.50,2025-05-01,0.35255362787842864,0.064014897271155308,True,739336.080663552,2025-03-26,-35.919336448,7,1,0,6
TEMPERATURE_UNCONSTRAINED,GSI-4833,2025-rising,2025,rising,ABSOLUTE_0_5,0.50,2025-09-05,0.5,0.028072735844316365,False,,,,1,0,0,1
TEMPERATURE_UNCONSTRAINED,GSI-4833,2025-rising,2025,rising,EVENT_YEAR_RELATIVE,0.50,2025-09-05,0.35255362787842864,0.028072735844316365,False,,,,7,0,0,7
TEMPERATURE_UNCONSTRAINED,GSI-4837,2024-falling,2024,falling,ABSOLUTE_0_5,0.50,2024-05-21,0.5,0,True,738974.549529753,2024-03-29,-52.450470247,7,1,0,6
TEMPERATURE_UNCONSTRAINED,GSI-4837,2024-falling,2024,falling,EVENT_YEAR_RELATIVE,0.50,2024-05-21,0.30898258431087922,0,True,738983.246881540,2024-04-07,-43.753118460,5,1,0,4
TEMPERATURE_UNCONSTRAINED,GSI-4837,2024-rising,2024,rising,ABSOLUTE_0_5,0.50,2024-08-24,0.5,0.010104029047681557,False,,,,7,0,0,7
TEMPERATURE_UNCONSTRAINED,GSI-4837,2024-rising,2024,rising,EVENT_YEAR_RELATIVE,0.50,2024-08-24,0.30898258431087922,0.010104029047681557,False,,,,5,0,0,5
TEMPERATURE_UNCONSTRAINED,GSI-4837,2025-falling,2025,falling,ABSOLUTE_0_5,0.50,2025-05-01,0.5,0.045026614505488984,True,739341.222699764,2025-03-31,-30.777300236,7,1,0,6
TEMPERATURE_UNCONSTRAINED,GSI-4837,2025-falling,2025,falling,EVENT_YEAR_RELATIVE,0.50,2025-05-01,0.49814261630553019,0.045026614505488984,True,739341.271433504,2025-03-31,-30.728566496,7,1,0,6
TEMPERATURE_UNCONSTRAINED,GSI-4837,2025-rising,2025,rising,ABSOLUTE_0_5,0.50,2025-09-05,0.5,0.019289064170311353,False,,,,7,0,0,7
TEMPERATURE_UNCONSTRAINED,GSI-4837,2025-rising,2025,rising,EVENT_YEAR_RELATIVE,0.50,2025-09-05,0.49814261630553019,0.019289064170311353,False,,,,7,0,0,7
TEMPERATURE_UNCONSTRAINED,GSI-4838,2024-falling,2024,falling,ABSOLUTE_0_5,0.50,2024-05-21,0.5,0,False,,,,1,0,0,1
TEMPERATURE_UNCONSTRAINED,GSI-4838,2024-falling,2024,falling,EVENT_YEAR_RELATIVE,0.50,2024-05-21,0.20709254091492935,0,True,738944.664576350,2024-02-28,-82.335423650,6,2,1,4
TEMPERATURE_UNCONSTRAINED,GSI-4838,2024-rising,2024,rising,ABSOLUTE_0_5,0.50,2024-08-24,0.5,0.0046243058170408425,False,,,,1,0,0,1
TEMPERATURE_UNCONSTRAINED,GSI-4838,2024-rising,2024,rising,EVENT_YEAR_RELATIVE,0.50,2024-08-24,0.20709254091492935,0.0046243058170408425,False,,,,6,0,0,6
TEMPERATURE_UNCONSTRAINED,GSI-4838,2025-falling,2025,falling,ABSOLUTE_0_5,0.50,2025-05-01,0.5,0.020607307678629956,True,739309.879670336,2025-02-27,-62.120329664,1,1,0,0
TEMPERATURE_UNCONSTRAINED,GSI-4838,2025-falling,2025,falling,EVENT_YEAR_RELATIVE,0.50,2025-05-01,0.33624062438826552,0.020607307678629956,True,739332.195000701,2025-03-22,-39.804999299,6,1,0,5
TEMPERATURE_UNCONSTRAINED,GSI-4838,2025-rising,2025,rising,ABSOLUTE_0_5,0.50,2025-09-05,0.5,0.0088280161534682183,False,,,,1,0,0,1
TEMPERATURE_UNCONSTRAINED,GSI-4838,2025-rising,2025,rising,EVENT_YEAR_RELATIVE,0.50,2025-09-05,0.33624062438826552,0.0088280161534682183,False,,,,6,0,0,6
TEMPERATURE_UNCONSTRAINED,GSI-4842,2024-falling,2024,falling,ABSOLUTE_0_5,0.50,2024-05-21,0.5,0,False,,,,0,0,0,0
TEMPERATURE_UNCONSTRAINED,GSI-4842,2024-falling,2024,falling,EVENT_YEAR_RELATIVE,0.50,2024-05-21,0.16312190032587981,0,False,,,,3,0,0,3
TEMPERATURE_UNCONSTRAINED,GSI-4842,2024-rising,2024,rising,ABSOLUTE_0_5,0.50,2024-08-24,0.5,0,False,,,,0,0,0,0
TEMPERATURE_UNCONSTRAINED,GSI-4842,2024-rising,2024,rising,EVENT_YEAR_RELATIVE,0.50,2024-08-24,0.16312190032587981,0,False,,,,3,0,0,3
TEMPERATURE_UNCONSTRAINED,GSI-4842,2025-falling,2025,falling,ABSOLUTE_0_5,0.50,2025-05-01,0.5,0,False,,,,0,0,0,0
TEMPERATURE_UNCONSTRAINED,GSI-4842,2025-falling,2025,falling,EVENT_YEAR_RELATIVE,0.50,2025-05-01,0.21196941080200998,0,True,739305.411224007,2025-02-23,-66.588775993,4,1,0,3
TEMPERATURE_UNCONSTRAINED,GSI-4842,2025-rising,2025,rising,ABSOLUTE_0_5,0.50,2025-09-05,0.5,0,False,,,,0,0,0,0
TEMPERATURE_UNCONSTRAINED,GSI-4842,2025-rising,2025,rising,EVENT_YEAR_RELATIVE,0.50,2025-09-05,0.21196941080200998,0,False,,,,4,0,0,4
TEMPERATURE_UNCONSTRAINED,GSI-5695,2024-falling,2024,falling,ABSOLUTE_0_5,0.50,2024-05-21,0.5,0.0026246221015852433,False,,,,0,0,0,0
TEMPERATURE_UNCONSTRAINED,GSI-5695,2024-falling,2024,falling,EVENT_YEAR_RELATIVE,0.50,2024-05-21,0.11083879373556428,0.0026246221015852433,True,738947.128061334,2024-03-02,-79.871938666,6,2,1,4
TEMPERATURE_UNCONSTRAINED,GSI-5695,2024-rising,2024,rising,ABSOLUTE_0_5,0.50,2024-08-24,0.5,0.012629028448619245,False,,,,0,0,0,0
TEMPERATURE_UNCONSTRAINED,GSI-5695,2024-rising,2024,rising,EVENT_YEAR_RELATIVE,0.50,2024-08-24,0.11083879373556428,0.012629028448619245,False,,,,6,0,0,6
TEMPERATURE_UNCONSTRAINED,GSI-5695,2025-falling,2025,falling,ABSOLUTE_0_5,0.50,2025-05-01,0.5,0.033196315717632853,False,,,,0,0,0,0
TEMPERATURE_UNCONSTRAINED,GSI-5695,2025-falling,2025,falling,EVENT_YEAR_RELATIVE,0.50,2025-05-01,0.22807101641173114,0.033196315717632853,True,739333.831482915,2025-03-23,-38.168517085,4,1,0,3
TEMPERATURE_UNCONSTRAINED,GSI-5695,2025-rising,2025,rising,ABSOLUTE_0_5,0.50,2025-09-05,0.5,0.014557727058410004,False,,,,0,0,0,0
TEMPERATURE_UNCONSTRAINED,GSI-5695,2025-rising,2025,rising,EVENT_YEAR_RELATIVE,0.50,2025-09-05,0.22807101641173114,0.014557727058410004,False,,,,4,0,0,4
TEMPERATURE_UNCONSTRAINED,GSI-5700,2024-falling,2024,falling,ABSOLUTE_0_5,0.50,2024-05-21,0.5,0,False,,,,0,0,0,0
TEMPERATURE_UNCONSTRAINED,GSI-5700,2024-falling,2024,falling,EVENT_YEAR_RELATIVE,0.50,2024-05-21,0.10500787992072953,0,True,738944.552241575,2024-02-28,-82.447758425,6,2,1,4
TEMPERATURE_UNCONSTRAINED,GSI-5700,2024-rising,2024,rising,ABSOLUTE_0_5,0.50,2024-08-24,0.5,0.0023294537047154596,False,,,,0,0,0,0
TEMPERATURE_UNCONSTRAINED,GSI-5700,2024-rising,2024,rising,EVENT_YEAR_RELATIVE,0.50,2024-08-24,0.10500787992072953,0.0023294537047154596,False,,,,6,0,0,6
TEMPERATURE_UNCONSTRAINED,GSI-5700,2025-falling,2025,falling,ABSOLUTE_0_5,0.50,2025-05-01,0.5,0.010380751428527749,False,,,,0,0,0,0
TEMPERATURE_UNCONSTRAINED,GSI-5700,2025-falling,2025,falling,EVENT_YEAR_RELATIVE,0.50,2025-05-01,0.21143810898552154,0.010380751428527749,True,739330.934662836,2025-03-20,-41.065337164,4,1,0,3
TEMPERATURE_UNCONSTRAINED,GSI-5700,2025-rising,2025,rising,ABSOLUTE_0_5,0.50,2025-09-05,0.5,0.0044470361060903948,False,,,,0,0,0,0
TEMPERATURE_UNCONSTRAINED,GSI-5700,2025-rising,2025,rising,EVENT_YEAR_RELATIVE,0.50,2025-09-05,0.21143810898552154,0.0044470361060903948,False,,,,4,0,0,4
TEMPERATURE_UNCONSTRAINED,GSI-5716,2024-falling,2024,falling,ABSOLUTE_0_5,0.50,2024-05-21,0.5,0.0037314119157778186,False,,,,1,0,0,1
TEMPERATURE_UNCONSTRAINED,GSI-5716,2024-falling,2024,falling,EVENT_YEAR_RELATIVE,0.50,2024-05-21,0.1565496817447134,0.0037314119157778186,True,738947.212052154,2024-03-02,-79.787947846,6,2,1,4
TEMPERATURE_UNCONSTRAINED,GSI-5716,2024-rising,2024,rising,ABSOLUTE_0_5,0.50,2024-08-24,0.5,0.017954625623785025,False,,,,1,0,0,1
TEMPERATURE_UNCONSTRAINED,GSI-5716,2024-rising,2024,rising,EVENT_YEAR_RELATIVE,0.50,2024-08-24,0.1565496817447134,0.017954625623785025,False,,,,6,0,0,6
TEMPERATURE_UNCONSTRAINED,GSI-5716,2025-falling,2025,falling,ABSOLUTE_0_5,0.50,2025-05-01,0.5,0.047195033507445548,True,739295.114983012,2025-02-13,-76.885016988,1,1,0,0
TEMPERATURE_UNCONSTRAINED,GSI-5716,2025-falling,2025,falling,EVENT_YEAR_RELATIVE,0.50,2025-05-01,0.25992044024401262,0.047195033507445548,True,739336.080663552,2025-03-26,-35.919336448,7,1,0,6
TEMPERATURE_UNCONSTRAINED,GSI-5716,2025-rising,2025,rising,ABSOLUTE_0_5,0.50,2025-09-05,0.5,0.020696646644704792,False,,,,1,0,0,1
TEMPERATURE_UNCONSTRAINED,GSI-5716,2025-rising,2025,rising,EVENT_YEAR_RELATIVE,0.50,2025-09-05,0.25992044024401262,0.020696646644704792,False,,,,7,0,0,7
TEMPERATURE_UNCONSTRAINED,GSI-5717,2024-falling,2024,falling,ABSOLUTE_0_5,0.50,2024-05-21,0.5,0.0035021058298558322,False,,,,0,0,0,0
TEMPERATURE_UNCONSTRAINED,GSI-5717,2024-falling,2024,falling,EVENT_YEAR_RELATIVE,0.50,2024-05-21,0.14692924969822091,0.0035021058298558322,True,738947.212052154,2024-03-02,-79.787947846,6,2,1,4
TEMPERATURE_UNCONSTRAINED,GSI-5717,2024-rising,2024,rising,ABSOLUTE_0_5,0.50,2024-08-24,0.5,0.0168512617982647,False,,,,0,0,0,0
TEMPERATURE_UNCONSTRAINED,GSI-5717,2024-rising,2024,rising,EVENT_YEAR_RELATIVE,0.50,2024-08-24,0.14692924969822091,0.0168512617982647,False,,,,6,0,0,6
TEMPERATURE_UNCONSTRAINED,GSI-5717,2025-falling,2025,falling,ABSOLUTE_0_5,0.50,2025-05-01,0.5,0.044294761799894479,False,,,,0,0,0,0
TEMPERATURE_UNCONSTRAINED,GSI-5717,2025-falling,2025,falling,EVENT_YEAR_RELATIVE,0.50,2025-05-01,0.24394757524043126,0.044294761799894479,True,739336.080663552,2025-03-26,-35.919336448,7,1,0,6
TEMPERATURE_UNCONSTRAINED,GSI-5717,2025-rising,2025,rising,ABSOLUTE_0_5,0.50,2025-09-05,0.5,0.019424777673675259,False,,,,0,0,0,0
TEMPERATURE_UNCONSTRAINED,GSI-5717,2025-rising,2025,rising,EVENT_YEAR_RELATIVE,0.50,2025-09-05,0.24394757524043126,0.019424777673675259,False,,,,7,0,0,7
TEMPERATURE_UNCONSTRAINED,GSI-5718,2024-falling,2024,falling,ABSOLUTE_0_5,0.50,2024-05-21,0.5,0.0034969124883198035,False,,,,0,0,0,0
TEMPERATURE_UNCONSTRAINED,GSI-5718,2024-falling,2024,falling,EVENT_YEAR_RELATIVE,0.50,2024-05-21,0.1467113654273316,0.0034969124883198035,True,738947.212052154,2024-03-02,-79.787947846,6,2,1,4
TEMPERATURE_UNCONSTRAINED,GSI-5718,2024-rising,2024,rising,ABSOLUTE_0_5,0.50,2024-08-24,0.5,0.016826272731091069,False,,,,0,0,0,0
TEMPERATURE_UNCONSTRAINED,GSI-5718,2024-rising,2024,rising,EVENT_YEAR_RELATIVE,0.50,2024-08-24,0.1467113654273316,0.016826272731091069,False,,,,6,0,0,6
TEMPERATURE_UNCONSTRAINED,GSI-5718,2025-falling,2025,falling,ABSOLUTE_0_5,0.50,2025-05-01,0.5,0.044229076227424682,False,,,,0,0,0,0
TEMPERATURE_UNCONSTRAINED,GSI-5718,2025-falling,2025,falling,EVENT_YEAR_RELATIVE,0.50,2025-05-01,0.24358582058861314,0.044229076227424682,True,739336.080663552,2025-03-26,-35.919336448,7,1,0,6
TEMPERATURE_UNCONSTRAINED,GSI-5718,2025-rising,2025,rising,ABSOLUTE_0_5,0.50,2025-09-05,0.5,0.019395972289251745,False,,,,0,0,0,0
TEMPERATURE_UNCONSTRAINED,GSI-5718,2025-rising,2025,rising,EVENT_YEAR_RELATIVE,0.50,2025-09-05,0.24358582058861314,0.019395972289251745,False,,,,7,0,0,7
TEMPERATURE_UNCONSTRAINED,GSI-5721,2024-falling,2024,falling,ABSOLUTE_0_5,0.50,2024-05-21,0.5,0,False,,,,0,0,0,0
TEMPERATURE_UNCONSTRAINED,GSI-5721,2024-falling,2024,falling,EVENT_YEAR_RELATIVE,0.50,2024-05-21,0.14831272196250739,0,True,738944.664576350,2024-02-28,-82.335423650,6,2,1,4
TEMPERATURE_UNCONSTRAINED,GSI-5721,2024-rising,2024,rising,ABSOLUTE_0_5,0.50,2024-08-24,0.5,0.0033117725046124119,False,,,,0,0,0,0
TEMPERATURE_UNCONSTRAINED,GSI-5721,2024-rising,2024,rising,EVENT_YEAR_RELATIVE,0.50,2024-08-24,0.14831272196250739,0.0033117725046124119,False,,,,6,0,0,6
TEMPERATURE_UNCONSTRAINED,GSI-5721,2025-falling,2025,falling,ABSOLUTE_0_5,0.50,2025-05-01,0.5,0.014758261599542508,False,,,,0,0,0,0
TEMPERATURE_UNCONSTRAINED,GSI-5721,2025-falling,2025,falling,EVENT_YEAR_RELATIVE,0.50,2025-05-01,0.24080424150999272,0.014758261599542508,True,739332.195000701,2025-03-22,-39.804999299,6,1,0,5
TEMPERATURE_UNCONSTRAINED,GSI-5721,2025-rising,2025,rising,ABSOLUTE_0_5,0.50,2025-09-05,0.5,0.0063223286530039741,False,,,,0,0,0,0
TEMPERATURE_UNCONSTRAINED,GSI-5721,2025-rising,2025,rising,EVENT_YEAR_RELATIVE,0.50,2025-09-05,0.24080424150999272,0.0063223286530039741,False,,,,6,0,0,6
TEMPERATURE_UNCONSTRAINED,GSI-5722,2024-falling,2024,falling,ABSOLUTE_0_5,0.50,2024-05-21,0.5,0,False,,,,0,0,0,0
TEMPERATURE_UNCONSTRAINED,GSI-5722,2024-falling,2024,falling,EVENT_YEAR_RELATIVE,0.50,2024-05-21,0.13851541343753723,0,True,738944.664576350,2024-02-28,-82.335423650,6,2,1,4
TEMPERATURE_UNCONSTRAINED,GSI-5722,2024-rising,2024,rising,ABSOLUTE_0_5,0.50,2024-08-24,0.5,0.0030930019462755269,False,,,,0,0,0,0
TEMPERATURE_UNCONSTRAINED,GSI-5722,2024-rising,2024,rising,EVENT_YEAR_RELATIVE,0.50,2024-08-24,0.13851541343753723,0.0030930019462755269,False,,,,6,0,0,6
TEMPERATURE_UNCONSTRAINED,GSI-5722,2025-falling,2025,falling,ABSOLUTE_0_5,0.50,2025-05-01,0.5,0.013783353713896065,False,,,,0,0,0,0
TEMPERATURE_UNCONSTRAINED,GSI-5722,2025-falling,2025,falling,EVENT_YEAR_RELATIVE,0.50,2025-05-01,0.22489708656753796,0.013783353713896065,True,739332.195000701,2025-03-22,-39.804999299,6,1,0,5
TEMPERATURE_UNCONSTRAINED,GSI-5722,2025-rising,2025,rising,ABSOLUTE_0_5,0.50,2025-09-05,0.5,0.0059046854219303958,False,,,,0,0,0,0
TEMPERATURE_UNCONSTRAINED,GSI-5722,2025-rising,2025,rising,EVENT_YEAR_RELATIVE,0.50,2025-09-05,0.22489708656753796,0.0059046854219303958,False,,,,6,0,0,6
TEMPERATURE_UNCONSTRAINED,GSI-5723,2024-falling,2024,falling,ABSOLUTE_0_5,0.50,2024-05-21,0.5,0,False,,,,0,0,0,0
TEMPERATURE_UNCONSTRAINED,GSI-5723,2024-falling,2024,falling,EVENT_YEAR_RELATIVE,0.50,2024-05-21,0.13829463662962901,0,True,738944.664576350,2024-02-28,-82.335423650,6,2,1,4
TEMPERATURE_UNCONSTRAINED,GSI-5723,2024-rising,2024,rising,ABSOLUTE_0_5,0.50,2024-08-24,0.5,0.0030880720754430618,False,,,,0,0,0,0
TEMPERATURE_UNCONSTRAINED,GSI-5723,2024-rising,2024,rising,EVENT_YEAR_RELATIVE,0.50,2024-08-24,0.13829463662962901,0.0030880720754430618,False,,,,6,0,0,6
TEMPERATURE_UNCONSTRAINED,GSI-5723,2025-falling,2025,falling,ABSOLUTE_0_5,0.50,2025-05-01,0.5,0.013761384715936166,False,,,,0,0,0,0
TEMPERATURE_UNCONSTRAINED,GSI-5723,2025-falling,2025,falling,EVENT_YEAR_RELATIVE,0.50,2025-05-01,0.22453862782530831,0.013761384715936166,True,739332.195000701,2025-03-22,-39.804999299,6,1,0,5
TEMPERATURE_UNCONSTRAINED,GSI-5723,2025-rising,2025,rising,ABSOLUTE_0_5,0.50,2025-09-05,0.5,0.0058952740678665854,False,,,,0,0,0,0
TEMPERATURE_UNCONSTRAINED,GSI-5723,2025-rising,2025,rising,EVENT_YEAR_RELATIVE,0.50,2025-09-05,0.22453862782530831,0.0058952740678665854,False,,,,6,0,0,6
TEMPERATURE_UNCONSTRAINED,GSI-5725,2024-falling,2024,falling,ABSOLUTE_0_5,0.50,2024-05-21,0.5,0,False,,,,0,0,0,0
TEMPERATURE_UNCONSTRAINED,GSI-5725,2024-falling,2024,falling,EVENT_YEAR_RELATIVE,0.50,2024-05-21,0.094247700729887599,0,False,,,,3,0,0,3
TEMPERATURE_UNCONSTRAINED,GSI-5725,2024-rising,2024,rising,ABSOLUTE_0_5,0.50,2024-08-24,0.5,0,False,,,,0,0,0,0
TEMPERATURE_UNCONSTRAINED,GSI-5725,2024-rising,2024,rising,EVENT_YEAR_RELATIVE,0.50,2024-08-24,0.094247700729887599,0,False,,,,3,0,0,3
TEMPERATURE_UNCONSTRAINED,GSI-5725,2025-falling,2025,falling,ABSOLUTE_0_5,0.50,2025-05-01,0.5,0,False,,,,0,0,0,0
TEMPERATURE_UNCONSTRAINED,GSI-5725,2025-falling,2025,falling,EVENT_YEAR_RELATIVE,0.50,2025-05-01,0.12247055455611885,0,True,739305.411224007,2025-02-23,-66.588775993,4,1,0,3
TEMPERATURE_UNCONSTRAINED,GSI-5725,2025-rising,2025,rising,ABSOLUTE_0_5,0.50,2025-09-05,0.5,0,False,,,,0,0,0,0
TEMPERATURE_UNCONSTRAINED,GSI-5725,2025-rising,2025,rising,EVENT_YEAR_RELATIVE,0.50,2025-09-05,0.12247055455611885,0,False,,,,4,0,0,4
VPD_UNCONSTRAINED,GSI-2198,2024-falling,2024,falling,ABSOLUTE_0_5,0.50,2024-05-21,0.5,0,False,,,,0,0,0,0
VPD_UNCONSTRAINED,GSI-2198,2024-falling,2024,falling,EVENT_YEAR_RELATIVE,0.50,2024-05-21,0.17295338909016222,0,True,738931.722648699,2024-02-15,-95.277351301,5,1,0,4
VPD_UNCONSTRAINED,GSI-2198,2024-rising,2024,rising,ABSOLUTE_0_5,0.50,2024-08-24,0.5,0,False,,,,0,0,0,0
VPD_UNCONSTRAINED,GSI-2198,2024-rising,2024,rising,EVENT_YEAR_RELATIVE,0.50,2024-08-24,0.17295338909016222,0,True,739202.271855815,2024-11-12,80.271855815,4,1,0,3
VPD_UNCONSTRAINED,GSI-2198,2025-falling,2025,falling,ABSOLUTE_0_5,0.50,2025-05-01,0.5,0,False,,,,0,0,0,0
VPD_UNCONSTRAINED,GSI-2198,2025-falling,2025,falling,EVENT_YEAR_RELATIVE,0.50,2025-05-01,0.17295338909016222,0,True,739297.722648699,2025-02-15,-74.277351301,5,1,0,4
VPD_UNCONSTRAINED,GSI-2198,2025-rising,2025,rising,ABSOLUTE_0_5,0.50,2025-09-05,0.5,0,False,,,,0,0,0,0
VPD_UNCONSTRAINED,GSI-2198,2025-rising,2025,rising,EVENT_YEAR_RELATIVE,0.50,2025-09-05,0.17295338909016222,0,True,739568.271855815,2025-11-13,69.271855815,4,1,0,3
VPD_UNCONSTRAINED,GSI-2199,2024-falling,2024,falling,ABSOLUTE_0_5,0.50,2024-05-21,0.5,0,False,,,,0,0,0,0
VPD_UNCONSTRAINED,GSI-2199,2024-falling,2024,falling,EVENT_YEAR_RELATIVE,0.50,2024-05-21,0.17255638764015779,0,True,738931.722648699,2024-02-15,-95.277351301,5,1,0,4
VPD_UNCONSTRAINED,GSI-2199,2024-rising,2024,rising,ABSOLUTE_0_5,0.50,2024-08-24,0.5,0,False,,,,0,0,0,0
VPD_UNCONSTRAINED,GSI-2199,2024-rising,2024,rising,EVENT_YEAR_RELATIVE,0.50,2024-08-24,0.17255638764015779,0,True,739202.271855815,2024-11-12,80.271855815,4,1,0,3
VPD_UNCONSTRAINED,GSI-2199,2025-falling,2025,falling,ABSOLUTE_0_5,0.50,2025-05-01,0.5,0,False,,,,0,0,0,0
VPD_UNCONSTRAINED,GSI-2199,2025-falling,2025,falling,EVENT_YEAR_RELATIVE,0.50,2025-05-01,0.17255638764015779,0,True,739297.722648699,2025-02-15,-74.277351301,5,1,0,4
VPD_UNCONSTRAINED,GSI-2199,2025-rising,2025,rising,ABSOLUTE_0_5,0.50,2025-09-05,0.5,0,False,,,,0,0,0,0
VPD_UNCONSTRAINED,GSI-2199,2025-rising,2025,rising,EVENT_YEAR_RELATIVE,0.50,2025-09-05,0.17255638764015779,0,True,739568.271855815,2025-11-13,69.271855815,4,1,0,3
VPD_UNCONSTRAINED,GSI-2629,2024-falling,2024,falling,ABSOLUTE_0_5,0.50,2024-05-21,0.5,0.0072558852396262278,True,738930.724434400,2024-02-14,-96.275565600,5,1,0,4
VPD_UNCONSTRAINED,GSI-2629,2024-falling,2024,falling,EVENT_YEAR_RELATIVE,0.50,2024-05-21,0.30780455149763369,0.0072558852396262278,True,738967.502771315,2024-03-22,-59.497228685,5,1,0,4
VPD_UNCONSTRAINED,GSI-2629,2024-rising,2024,rising,ABSOLUTE_0_5,0.50,2024-08-24,0.5,0.05407367538328503,True,739203.010017525,2024-11-13,81.010017525,4,1,0,3
VPD_UNCONSTRAINED,GSI-2629,2024-rising,2024,rising,EVENT_YEAR_RELATIVE,0.50,2024-08-24,0.30780455149763369,0.05407367538328503,True,739168.783310238,2024-10-09,46.783310238,4,1,0,3
VPD_UNCONSTRAINED,GSI-2629,2025-falling,2025,falling,ABSOLUTE_0_5,0.50,2025-05-01,0.5,0.091626307460488943,True,739296.790591421,2025-02-14,-75.209408579,5,1,0,4
VPD_UNCONSTRAINED,GSI-2629,2025-falling,2025,falling,EVENT_YEAR_RELATIVE,0.50,2025-05-01,0.30780455149763369,0.091626307460488943,True,739333.124885494,2025-03-23,-38.875114506,5,1,0,4
VPD_UNCONSTRAINED,GSI-2629,2025-rising,2025,rising,ABSOLUTE_0_5,0.50,2025-09-05,0.5,0.10721680087163613,True,739569.358615777,2025-11-14,70.358615777,4,1,0,3
VPD_UNCONSTRAINED,GSI-2629,2025-rising,2025,rising,EVENT_YEAR_RELATIVE,0.50,2025-09-05,0.30780455149763369,0.10721680087163613,True,739534.899804680,2025-10-10,35.899804680,4,1,0,3
VPD_UNCONSTRAINED,GSI-2630,2024-falling,2024,falling,ABSOLUTE_0_5,0.50,2024-05-21,0.5,0.0068099900445225854,False,,,,5,0,0,5
VPD_UNCONSTRAINED,GSI-2630,2024-falling,2024,falling,EVENT_YEAR_RELATIVE,0.50,2024-05-21,0.28888906896019267,0.0068099900445225854,True,738967.502771315,2024-03-22,-59.497228685,5,1,0,4
VPD_UNCONSTRAINED,GSI-2630,2024-rising,2024,rising,ABSOLUTE_0_5,0.50,2024-08-24,0.5,0.050750691179603923,True,739210.720978773,2024-11-20,88.720978773,4,1,0,3
VPD_UNCONSTRAINED,GSI-2630,2024-rising,2024,rising,EVENT_YEAR_RELATIVE,0.50,2024-08-24,0.28888906896019267,0.050750691179603923,True,739168.783310238,2024-10-09,46.783310238,4,1,0,3
VPD_UNCONSTRAINED,GSI-2630,2025-falling,2025,falling,ABSOLUTE_0_5,0.50,2025-05-01,0.5,0.085995605086835417,True,739289.056554195,2025-02-07,-82.943445805,5,1,0,4
VPD_UNCONSTRAINED,GSI-2630,2025-falling,2025,falling,EVENT_YEAR_RELATIVE,0.50,2025-05-01,0.28888906896019267,0.085995605086835417,True,739333.124885494,2025-03-23,-38.875114506,5,1,0,4
VPD_UNCONSTRAINED,GSI-2630,2025-rising,2025,rising,ABSOLUTE_0_5,0.50,2025-09-05,0.5,0.10062801745456142,True,739579.274231734,2025-11-24,80.274231734,4,1,0,3
VPD_UNCONSTRAINED,GSI-2630,2025-rising,2025,rising,EVENT_YEAR_RELATIVE,0.50,2025-09-05,0.28888906896019267,0.10062801745456142,True,739534.899804680,2025-10-10,35.899804680,4,1,0,3
VPD_UNCONSTRAINED,GSI-2631,2024-falling,2024,falling,ABSOLUTE_0_5,0.50,2024-05-21,0.5,0.0067998913764992907,False,,,,5,0,0,5
VPD_UNCONSTRAINED,GSI-2631,2024-falling,2024,falling,EVENT_YEAR_RELATIVE,0.50,2024-05-21,0.28846066968443534,0.0067998913764992907,True,738967.502771315,2024-03-22,-59.497228685,5,1,0,4
VPD_UNCONSTRAINED,GSI-2631,2024-rising,2024,rising,ABSOLUTE_0_5,0.50,2024-08-24,0.5,0.050675431982626418,True,739210.919135637,2024-11-20,88.919135637,4,1,0,3
VPD_UNCONSTRAINED,GSI-2631,2024-rising,2024,rising,EVENT_YEAR_RELATIVE,0.50,2024-08-24,0.28846066968443534,0.050675431982626418,True,739168.783310238,2024-10-09,46.783310238,4,1,0,3
VPD_UNCONSTRAINED,GSI-2631,2025-falling,2025,falling,ABSOLUTE_0_5,0.50,2025-05-01,0.5,0.085868080514617723,True,739288.855703120,2025-02-06,-83.144296880,5,1,0,4
VPD_UNCONSTRAINED,GSI-2631,2025-falling,2025,falling,EVENT_YEAR_RELATIVE,0.50,2025-05-01,0.28846066968443534,0.085868080514617723,True,739333.124885494,2025-03-23,-38.875114506,5,1,0,4
VPD_UNCONSTRAINED,GSI-2631,2025-rising,2025,rising,ABSOLUTE_0_5,0.50,2025-09-05,0.5,0.10047879419058126,True,739579.498419544,2025-11-24,80.498419544,4,1,0,3
VPD_UNCONSTRAINED,GSI-2631,2025-rising,2025,rising,EVENT_YEAR_RELATIVE,0.50,2025-09-05,0.28846066968443534,0.10047879419058126,True,739534.899804680,2025-10-10,35.899804680,4,1,0,3
VPD_UNCONSTRAINED,GSI-2634,2024-falling,2024,falling,ABSOLUTE_0_5,0.50,2024-05-21,0.5,0,False,,,,5,0,0,5
VPD_UNCONSTRAINED,GSI-2634,2024-falling,2024,falling,EVENT_YEAR_RELATIVE,0.50,2024-05-21,0.29238177915087887,0,True,738960.955435507,2024-03-15,-66.044564493,5,1,0,4
VPD_UNCONSTRAINED,GSI-2634,2024-rising,2024,rising,ABSOLUTE_0_5,0.50,2024-08-24,0.5,0.0069981549457374392,True,739211.839749068,2024-11-21,89.839749068,4,1,0,3
VPD_UNCONSTRAINED,GSI-2634,2024-rising,2024,rising,EVENT_YEAR_RELATIVE,0.50,2024-08-24,0.29238177915087887,0.0069981549457374392,True,739174.813808103,2024-10-15,52.813808103,4,1,0,3
VPD_UNCONSTRAINED,GSI-2634,2025-falling,2025,falling,ABSOLUTE_0_5,0.50,2025-05-01,0.5,0.025691059632826987,True,739287.965704917,2025-02-05,-84.034295083,5,1,0,4
VPD_UNCONSTRAINED,GSI-2634,2025-falling,2025,falling,EVENT_YEAR_RELATIVE,0.50,2025-05-01,0.29238177915087887,0.025691059632826987,True,739326.811370462,2025-03-16,-45.188629538,5,1,0,4
VPD_UNCONSTRAINED,GSI-2634,2025-rising,2025,rising,ABSOLUTE_0_5,0.50,2025-09-05,0.5,0.044281617440795708,True,739580.137853869,2025-11-25,81.137853869,4,1,0,3
VPD_UNCONSTRAINED,GSI-2634,2025-rising,2025,rising,EVENT_YEAR_RELATIVE,0.50,2025-09-05,0.29238177915087887,0.044281617440795708,True,739540.595665948,2025-10-16,41.595665948,4,1,0,3
VPD_UNCONSTRAINED,GSI-2635,2024-falling,2024,falling,ABSOLUTE_0_5,0.50,2024-05-21,0.5,0,False,,,,5,0,0,5
VPD_UNCONSTRAINED,GSI-2635,2024-falling,2024,falling,EVENT_YEAR_RELATIVE,0.50,2024-05-21,0.2730674920181474,0,True,738960.955435507,2024-03-15,-66.044564493,5,1,0,4
VPD_UNCONSTRAINED,GSI-2635,2024-rising,2024,rising,ABSOLUTE_0_5,0.50,2024-08-24,0.5,0.0065358676773110153,True,739221.603087047,2024-12-01,99.603087047,4,1,0,3
VPD_UNCONSTRAINED,GSI-2635,2024-rising,2024,rising,EVENT_YEAR_RELATIVE,0.50,2024-08-24,0.2730674920181474,0.0065358676773110153,True,739174.813808103,2024-10-15,52.813808103,4,1,0,3
VPD_UNCONSTRAINED,GSI-2635,2025-falling,2025,falling,ABSOLUTE_0_5,0.50,2025-05-01,0.5,0.023993948055171219,True,739278.825012491,2025-01-27,-93.174987509,5,1,0,4
VPD_UNCONSTRAINED,GSI-2635,2025-falling,2025,falling,EVENT_YEAR_RELATIVE,0.50,2025-05-01,0.2730674920181474,0.023993948055171219,True,739326.811370462,2025-03-16,-45.188629538,5,1,0,4
VPD_UNCONSTRAINED,GSI-2635,2025-rising,2025,rising,ABSOLUTE_0_5,0.50,2025-09-05,0.5,0.041356442430105486,True,739589.899367994,2025-12-04,90.899367994,4,1,0,3
VPD_UNCONSTRAINED,GSI-2635,2025-rising,2025,rising,EVENT_YEAR_RELATIVE,0.50,2025-09-05,0.2730674920181474,0.041356442430105486,True,739540.595665948,2025-10-16,41.595665948,4,1,0,3
VPD_UNCONSTRAINED,GSI-2636,2024-falling,2024,falling,ABSOLUTE_0_5,0.50,2024-05-21,0.5,0,False,,,,5,0,0,5
VPD_UNCONSTRAINED,GSI-2636,2024-falling,2024,falling,EVENT_YEAR_RELATIVE,0.50,2024-05-21,0.27263225547850806,0,True,738960.955435507,2024-03-15,-66.044564493,5,1,0,4
VPD_UNCONSTRAINED,GSI-2636,2024-rising,2024,rising,ABSOLUTE_0_5,0.50,2024-08-24,0.5,0.0065254502951085803,True,739221.860701453,2024-12-01,99.860701453,4,1,0,3
VPD_UNCONSTRAINED,GSI-2636,2024-rising,2024,rising,EVENT_YEAR_RELATIVE,0.50,2024-08-24,0.27263225547850806,0.0065254502951085803,True,739174.813808103,2024-10-15,52.813808103,4,1,0,3
VPD_UNCONSTRAINED,GSI-2636,2025-falling,2025,falling,ABSOLUTE_0_5,0.50,2025-05-01,0.5,0.023955704605368253,True,739278.567440826,2025-01-27,-93.432559174,5,1,0,4
VPD_UNCONSTRAINED,GSI-2636,2025-falling,2025,falling,EVENT_YEAR_RELATIVE,0.50,2025-05-01,0.27263225547850806,0.023955704605368253,True,739326.811370462,2025-03-16,-45.188629538,5,1,0,4
VPD_UNCONSTRAINED,GSI-2636,2025-rising,2025,rising,ABSOLUTE_0_5,0.50,2025-09-05,0.5,0.041290525265224219,True,739590.093486046,2025-12-05,91.093486046,4,1,0,3
VPD_UNCONSTRAINED,GSI-2636,2025-rising,2025,rising,EVENT_YEAR_RELATIVE,0.50,2025-09-05,0.27263225547850806,0.041290525265224219,True,739540.595665948,2025-10-16,41.595665948,4,1,0,3
VPD_UNCONSTRAINED,GSI-2638,2024-falling,2024,falling,ABSOLUTE_0_5,0.50,2024-05-21,0.5,0,False,,,,0,0,0,0
VPD_UNCONSTRAINED,GSI-2638,2024-falling,2024,falling,EVENT_YEAR_RELATIVE,0.50,2024-05-21,0.19115116294774365,0,True,738931.704111884,2024-02-15,-95.295888116,5,1,0,4
VPD_UNCONSTRAINED,GSI-2638,2024-rising,2024,rising,ABSOLUTE_0_5,0.50,2024-08-24,0.5,0,False,,,,0,0,0,0
VPD_UNCONSTRAINED,GSI-2638,2024-rising,2024,rising,EVENT_YEAR_RELATIVE,0.50,2024-08-24,0.19115116294774365,0,True,739202.271855815,2024-11-12,80.271855815,4,1,0,3
VPD_UNCONSTRAINED,GSI-2638,2025-falling,2025,falling,ABSOLUTE_0_5,0.50,2025-05-01,0.5,0,False,,,,0,0,0,0
VPD_UNCONSTRAINED,GSI-2638,2025-falling,2025,falling,EVENT_YEAR_RELATIVE,0.50,2025-05-01,0.19115116294774365,0,True,739297.675347455,2025-02-15,-74.324652545,5,1,0,4
VPD_UNCONSTRAINED,GSI-2638,2025-rising,2025,rising,ABSOLUTE_0_5,0.50,2025-09-05,0.5,0,False,,,,0,0,0,0
VPD_UNCONSTRAINED,GSI-2638,2025-rising,2025,rising,EVENT_YEAR_RELATIVE,0.50,2025-09-05,0.19115116294774365,0,True,739568.287222104,2025-11-13,69.287222104,4,1,0,3
VPD_UNCONSTRAINED,GSI-3941,2024-falling,2024,falling,ABSOLUTE_0_5,0.50,2024-05-21,0.5,0,False,,,,0,0,0,0
VPD_UNCONSTRAINED,GSI-3941,2024-falling,2024,falling,EVENT_YEAR_RELATIVE,0.50,2024-05-21,0.17295338909016222,0,True,738931.722648699,2024-02-15,-95.277351301,5,1,0,4
VPD_UNCONSTRAINED,GSI-3941,2024-rising,2024,rising,ABSOLUTE_0_5,0.50,2024-08-24,0.5,0,False,,,,0,0,0,0
VPD_UNCONSTRAINED,GSI-3941,2024-rising,2024,rising,EVENT_YEAR_RELATIVE,0.50,2024-08-24,0.17295338909016222,0,True,739202.271855815,2024-11-12,80.271855815,4,1,0,3
VPD_UNCONSTRAINED,GSI-3941,2025-falling,2025,falling,ABSOLUTE_0_5,0.50,2025-05-01,0.5,0,False,,,,0,0,0,0
VPD_UNCONSTRAINED,GSI-3941,2025-falling,2025,falling,EVENT_YEAR_RELATIVE,0.50,2025-05-01,0.17295338909016222,0,True,739297.722648699,2025-02-15,-74.277351301,5,1,0,4
VPD_UNCONSTRAINED,GSI-3941,2025-rising,2025,rising,ABSOLUTE_0_5,0.50,2025-09-05,0.5,0,False,,,,0,0,0,0
VPD_UNCONSTRAINED,GSI-3941,2025-rising,2025,rising,EVENT_YEAR_RELATIVE,0.50,2025-09-05,0.17295338909016222,0,True,739568.271855815,2025-11-13,69.271855815,4,1,0,3
VPD_UNCONSTRAINED,GSI-3942,2024-falling,2024,falling,ABSOLUTE_0_5,0.50,2024-05-21,0.5,0,False,,,,0,0,0,0
VPD_UNCONSTRAINED,GSI-3942,2024-falling,2024,falling,EVENT_YEAR_RELATIVE,0.50,2024-05-21,0.17255638764015779,0,True,738931.722648699,2024-02-15,-95.277351301,5,1,0,4
VPD_UNCONSTRAINED,GSI-3942,2024-rising,2024,rising,ABSOLUTE_0_5,0.50,2024-08-24,0.5,0,False,,,,0,0,0,0
VPD_UNCONSTRAINED,GSI-3942,2024-rising,2024,rising,EVENT_YEAR_RELATIVE,0.50,2024-08-24,0.17255638764015779,0,True,739202.271855815,2024-11-12,80.271855815,4,1,0,3
VPD_UNCONSTRAINED,GSI-3942,2025-falling,2025,falling,ABSOLUTE_0_5,0.50,2025-05-01,0.5,0,False,,,,0,0,0,0
VPD_UNCONSTRAINED,GSI-3942,2025-falling,2025,falling,EVENT_YEAR_RELATIVE,0.50,2025-05-01,0.17255638764015779,0,True,739297.722648699,2025-02-15,-74.277351301,5,1,0,4
VPD_UNCONSTRAINED,GSI-3942,2025-rising,2025,rising,ABSOLUTE_0_5,0.50,2025-09-05,0.5,0,False,,,,0,0,0,0
VPD_UNCONSTRAINED,GSI-3942,2025-rising,2025,rising,EVENT_YEAR_RELATIVE,0.50,2025-09-05,0.17255638764015779,0,True,739568.271855815,2025-11-13,69.271855815,4,1,0,3
VPD_UNCONSTRAINED,GSI-3962,2024-falling,2024,falling,ABSOLUTE_0_5,0.50,2024-05-21,0.5,0,False,,,,0,0,0,0
VPD_UNCONSTRAINED,GSI-3962,2024-falling,2024,falling,EVENT_YEAR_RELATIVE,0.50,2024-05-21,0.17295338909016222,0,True,738931.722648699,2024-02-15,-95.277351301,5,1,0,4
VPD_UNCONSTRAINED,GSI-3962,2024-rising,2024,rising,ABSOLUTE_0_5,0.50,2024-08-24,0.5,0,False,,,,0,0,0,0
VPD_UNCONSTRAINED,GSI-3962,2024-rising,2024,rising,EVENT_YEAR_RELATIVE,0.50,2024-08-24,0.17295338909016222,0,True,739202.271855815,2024-11-12,80.271855815,4,1,0,3
VPD_UNCONSTRAINED,GSI-3962,2025-falling,2025,falling,ABSOLUTE_0_5,0.50,2025-05-01,0.5,0,False,,,,0,0,0,0
VPD_UNCONSTRAINED,GSI-3962,2025-falling,2025,falling,EVENT_YEAR_RELATIVE,0.50,2025-05-01,0.17295338909016222,0,True,739297.722648699,2025-02-15,-74.277351301,5,1,0,4
VPD_UNCONSTRAINED,GSI-3962,2025-rising,2025,rising,ABSOLUTE_0_5,0.50,2025-09-05,0.5,0,False,,,,0,0,0,0
VPD_UNCONSTRAINED,GSI-3962,2025-rising,2025,rising,EVENT_YEAR_RELATIVE,0.50,2025-09-05,0.17295338909016222,0,True,739568.271855815,2025-11-13,69.271855815,4,1,0,3
VPD_UNCONSTRAINED,GSI-3963,2024-falling,2024,falling,ABSOLUTE_0_5,0.50,2024-05-21,0.5,0,False,,,,0,0,0,0
VPD_UNCONSTRAINED,GSI-3963,2024-falling,2024,falling,EVENT_YEAR_RELATIVE,0.50,2024-05-21,0.17255638764015779,0,True,738931.722648699,2024-02-15,-95.277351301,5,1,0,4
VPD_UNCONSTRAINED,GSI-3963,2024-rising,2024,rising,ABSOLUTE_0_5,0.50,2024-08-24,0.5,0,False,,,,0,0,0,0
VPD_UNCONSTRAINED,GSI-3963,2024-rising,2024,rising,EVENT_YEAR_RELATIVE,0.50,2024-08-24,0.17255638764015779,0,True,739202.271855815,2024-11-12,80.271855815,4,1,0,3
VPD_UNCONSTRAINED,GSI-3963,2025-falling,2025,falling,ABSOLUTE_0_5,0.50,2025-05-01,0.5,0,False,,,,0,0,0,0
VPD_UNCONSTRAINED,GSI-3963,2025-falling,2025,falling,EVENT_YEAR_RELATIVE,0.50,2025-05-01,0.17255638764015779,0,True,739297.722648699,2025-02-15,-74.277351301,5,1,0,4
VPD_UNCONSTRAINED,GSI-3963,2025-rising,2025,rising,ABSOLUTE_0_5,0.50,2025-09-05,0.5,0,False,,,,0,0,0,0
VPD_UNCONSTRAINED,GSI-3963,2025-rising,2025,rising,EVENT_YEAR_RELATIVE,0.50,2025-09-05,0.17255638764015779,0,True,739568.271855815,2025-11-13,69.271855815,4,1,0,3
VPD_UNCONSTRAINED,GSI-4372,2024-falling,2024,falling,ABSOLUTE_0_5,0.50,2024-05-21,0.5,0.0076727616519057821,True,738930.984466405,2024-02-14,-96.015533595,5,1,0,4
VPD_UNCONSTRAINED,GSI-4372,2024-falling,2024,falling,EVENT_YEAR_RELATIVE,0.50,2024-05-21,0.30780455149763369,0.0076727616519057821,True,738967.502771315,2024-03-22,-59.497228685,5,1,0,4
VPD_UNCONSTRAINED,GSI-4372,2024-rising,2024,rising,ABSOLUTE_0_5,0.50,2024-08-24,0.5,0.0610040290399462,True,739203.010017525,2024-11-13,81.010017525,4,1,0,3
VPD_UNCONSTRAINED,GSI-4372,2024-rising,2024,rising,EVENT_YEAR_RELATIVE,0.50,2024-08-24,0.30780455149763369,0.0610040290399462,True,739166.491749483,2024-10-07,44.491749483,4,1,0,3
VPD_UNCONSTRAINED,GSI-4372,2025-falling,2025,falling,ABSOLUTE_0_5,0.50,2025-05-01,0.5,0.091891877538806802,True,739296.984466405,2025-02-14,-75.015533595,5,1,0,4
VPD_UNCONSTRAINED,GSI-4372,2025-falling,2025,falling,EVENT_YEAR_RELATIVE,0.50,2025-05-01,0.30780455149763369,0.091891877538806802,True,739333.502771315,2025-03-23,-38.497228685,5,1,0,4
VPD_UNCONSTRAINED,GSI-4372,2025-rising,2025,rising,ABSOLUTE_0_5,0.50,2025-09-05,0.5,0.11841609031790126,True,739569.010017525,2025-11-14,70.010017525,4,1,0,3
VPD_UNCONSTRAINED,GSI-4372,2025-rising,2025,rising,EVENT_YEAR_RELATIVE,0.50,2025-09-05,0.30780455149763369,0.11841609031790126,True,739532.491749483,2025-10-08,33.491749483,4,1,0,3
VPD_UNCONSTRAINED,GSI-4377,2024-falling,2024,falling,ABSOLUTE_0_5,0.50,2024-05-21,0.5,0,False,,,,5,0,0,5
VPD_UNCONSTRAINED,GSI-4377,2024-falling,2024,falling,EVENT_YEAR_RELATIVE,0.50,2024-05-21,0.29238177915087887,0,True,738960.955435507,2024-03-15,-66.044564493,5,1,0,4
VPD_UNCONSTRAINED,GSI-4377,2024-rising,2024,rising,ABSOLUTE_0_5,0.50,2024-08-24,0.5,0.0079640464748722065,True,739211.839749068,2024-11-21,89.839749068,4,1,0,3
VPD_UNCONSTRAINED,GSI-4377,2024-rising,2024,rising,EVENT_YEAR_RELATIVE,0.50,2024-08-24,0.29238177915087887,0.0079640464748722065,True,739173.039077574,2024-10-14,51.039077574,4,1,0,3
VPD_UNCONSTRAINED,GSI-4377,2025-falling,2025,falling,ABSOLUTE_0_5,0.50,2025-05-01,0.5,0.02573624516059559,True,739288.154808293,2025-02-06,-83.845191707,5,1,0,4
VPD_UNCONSTRAINED,GSI-4377,2025-falling,2025,falling,EVENT_YEAR_RELATIVE,0.50,2025-05-01,0.29238177915087887,0.02573624516059559,True,739326.955435507,2025-03-16,-45.044564493,5,1,0,4
VPD_UNCONSTRAINED,GSI-4377,2025-rising,2025,rising,ABSOLUTE_0_5,0.50,2025-09-05,0.5,0.048312723273981187,True,739577.839749068,2025-11-22,78.839749068,4,1,0,3
VPD_UNCONSTRAINED,GSI-4377,2025-rising,2025,rising,EVENT_YEAR_RELATIVE,0.50,2025-09-05,0.29238177915087887,0.048312723273981187,True,739539.039077574,2025-10-15,40.039077574,4,1,0,3
VPD_UNCONSTRAINED,GSI-4393,2024-falling,2024,falling,ABSOLUTE_0_5,0.50,2024-05-21,0.5,0.0076727616519057821,True,738930.984466405,2024-02-14,-96.015533595,5,1,0,4
VPD_UNCONSTRAINED,GSI-4393,2024-falling,2024,falling,EVENT_YEAR_RELATIVE,0.50,2024-05-21,0.30780455149763369,0.0076727616519057821,True,738967.502771315,2024-03-22,-59.497228685,5,1,0,4
VPD_UNCONSTRAINED,GSI-4393,2024-rising,2024,rising,ABSOLUTE_0_5,0.50,2024-08-24,0.5,0.0610040290399462,True,739203.010017525,2024-11-13,81.010017525,4,1,0,3
VPD_UNCONSTRAINED,GSI-4393,2024-rising,2024,rising,EVENT_YEAR_RELATIVE,0.50,2024-08-24,0.30780455149763369,0.0610040290399462,True,739166.491749483,2024-10-07,44.491749483,4,1,0,3
VPD_UNCONSTRAINED,GSI-4393,2025-falling,2025,falling,ABSOLUTE_0_5,0.50,2025-05-01,0.5,0.091891877538806802,True,739296.984466405,2025-02-14,-75.015533595,5,1,0,4
VPD_UNCONSTRAINED,GSI-4393,2025-falling,2025,falling,EVENT_YEAR_RELATIVE,0.50,2025-05-01,0.30780455149763369,0.091891877538806802,True,739333.502771315,2025-03-23,-38.497228685,5,1,0,4
VPD_UNCONSTRAINED,GSI-4393,2025-rising,2025,rising,ABSOLUTE_0_5,0.50,2025-09-05,0.5,0.11841609031790126,True,739569.010017525,2025-11-14,70.010017525,4,1,0,3
VPD_UNCONSTRAINED,GSI-4393,2025-rising,2025,rising,EVENT_YEAR_RELATIVE,0.50,2025-09-05,0.30780455149763369,0.11841609031790126,True,739532.491749483,2025-10-08,33.491749483,4,1,0,3
VPD_UNCONSTRAINED,GSI-4394,2024-falling,2024,falling,ABSOLUTE_0_5,0.50,2024-05-21,0.5,0.0072012481920351694,False,,,,5,0,0,5
VPD_UNCONSTRAINED,GSI-4394,2024-falling,2024,falling,EVENT_YEAR_RELATIVE,0.50,2024-05-21,0.28888906896019267,0.0072012481920351694,True,738967.502771315,2024-03-22,-59.497228685,5,1,0,4
VPD_UNCONSTRAINED,GSI-4394,2024-rising,2024,rising,ABSOLUTE_0_5,0.50,2024-08-24,0.5,0.057255154501203324,True,739210.720978773,2024-11-20,88.720978773,4,1,0,3
VPD_UNCONSTRAINED,GSI-4394,2024-rising,2024,rising,EVENT_YEAR_RELATIVE,0.50,2024-08-24,0.28888906896019267,0.057255154501203324,True,739166.491749483,2024-10-07,44.491749483,4,1,0,3
VPD_UNCONSTRAINED,GSI-4394,2025-falling,2025,falling,ABSOLUTE_0_5,0.50,2025-05-01,0.5,0.086244855113502175,True,739289.273564973,2025-02-07,-82.726435027,5,1,0,4
VPD_UNCONSTRAINED,GSI-4394,2025-falling,2025,falling,EVENT_YEAR_RELATIVE,0.50,2025-05-01,0.28888906896019267,0.086244855113502175,True,739333.502771315,2025-03-23,-38.497228685,5,1,0,4
VPD_UNCONSTRAINED,GSI-4394,2025-rising,2025,rising,ABSOLUTE_0_5,0.50,2025-09-05,0.5,0.11113907807860199,True,739576.720978773,2025-11-21,77.720978773,4,1,0,3
VPD_UNCONSTRAINED,GSI-4394,2025-rising,2025,rising,EVENT_YEAR_RELATIVE,0.50,2025-09-05,0.28888906896019267,0.11113907807860199,True,739532.491749483,2025-10-08,33.491749483,4,1,0,3
VPD_UNCONSTRAINED,GSI-4395,2024-falling,2024,falling,ABSOLUTE_0_5,0.50,2024-05-21,0.5,0.0071905693196184306,False,,,,5,0,0,5
VPD_UNCONSTRAINED,GSI-4395,2024-falling,2024,falling,EVENT_YEAR_RELATIVE,0.50,2024-05-21,0.28846066968443534,0.0071905693196184306,True,738967.502771315,2024-03-22,-59.497228685,5,1,0,4
VPD_UNCONSTRAINED,GSI-4395,2024-rising,2024,rising,ABSOLUTE_0_5,0.50,2024-08-24,0.5,0.057170249707782186,True,739210.919135637,2024-11-20,88.919135637,4,1,0,3
VPD_UNCONSTRAINED,GSI-4395,2024-rising,2024,rising,EVENT_YEAR_RELATIVE,0.50,2024-08-24,0.28846066968443534,0.057170249707782186,True,739166.491749483,2024-10-07,44.491749483,4,1,0,3
VPD_UNCONSTRAINED,GSI-4395,2025-falling,2025,falling,ABSOLUTE_0_5,0.50,2025-05-01,0.5,0.086116960923523292,True,739289.075428296,2025-02-07,-82.924571704,5,1,0,4
VPD_UNCONSTRAINED,GSI-4395,2025-falling,2025,falling,EVENT_YEAR_RELATIVE,0.50,2025-05-01,0.28846066968443534,0.086116960923523292,True,739333.502771315,2025-03-23,-38.497228685,5,1,0,4
VPD_UNCONSTRAINED,GSI-4395,2025-rising,2025,rising,ABSOLUTE_0_5,0.50,2025-09-05,0.5,0.11097426775632645,True,739576.919135637,2025-11-21,77.919135637,4,1,0,3
VPD_UNCONSTRAINED,GSI-4395,2025-rising,2025,rising,EVENT_YEAR_RELATIVE,0.50,2025-09-05,0.28846066968443534,0.11097426775632645,True,739532.491749483,2025-10-08,33.491749483,4,1,0,3
VPD_UNCONSTRAINED,GSI-4398,2024-falling,2024,falling,ABSOLUTE_0_5,0.50,2024-05-21,0.5,0,False,,,,5,0,0,5
VPD_UNCONSTRAINED,GSI-4398,2024-falling,2024,falling,EVENT_YEAR_RELATIVE,0.50,2024-05-21,0.29238177915087887,0,True,738960.955435507,2024-03-15,-66.044564493,5,1,0,4
VPD_UNCONSTRAINED,GSI-4398,2024-rising,2024,rising,ABSOLUTE_0_5,0.50,2024-08-24,0.5,0.0079640464748722065,True,739211.839749068,2024-11-21,89.839749068,4,1,0,3
VPD_UNCONSTRAINED,GSI-4398,2024-rising,2024,rising,EVENT_YEAR_RELATIVE,0.50,2024-08-24,0.29238177915087887,0.0079640464748722065,True,739173.039077574,2024-10-14,51.039077574,4,1,0,3
VPD_UNCONSTRAINED,GSI-4398,2025-falling,2025,falling,ABSOLUTE_0_5,0.50,2025-05-01,0.5,0.02573624516059559,True,739288.154808293,2025-02-06,-83.845191707,5,1,0,4
VPD_UNCONSTRAINED,GSI-4398,2025-falling,2025,falling,EVENT_YEAR_RELATIVE,0.50,2025-05-01,0.29238177915087887,0.02573624516059559,True,739326.955435507,2025-03-16,-45.044564493,5,1,0,4
VPD_UNCONSTRAINED,GSI-4398,2025-rising,2025,rising,ABSOLUTE_0_5,0.50,2025-09-05,0.5,0.048312723273981187,True,739577.839749068,2025-11-22,78.839749068,4,1,0,3
VPD_UNCONSTRAINED,GSI-4398,2025-rising,2025,rising,EVENT_YEAR_RELATIVE,0.50,2025-09-05,0.29238177915087887,0.048312723273981187,True,739539.039077574,2025-10-15,40.039077574,4,1,0,3
VPD_UNCONSTRAINED,GSI-4399,2024-falling,2024,falling,ABSOLUTE_0_5,0.50,2024-05-21,0.5,0,False,,,,5,0,0,5
VPD_UNCONSTRAINED,GSI-4399,2024-falling,2024,falling,EVENT_YEAR_RELATIVE,0.50,2024-05-21,0.2730674920181474,0,True,738960.955435507,2024-03-15,-66.044564493,5,1,0,4
VPD_UNCONSTRAINED,GSI-4399,2024-rising,2024,rising,ABSOLUTE_0_5,0.50,2024-08-24,0.5,0.0074379539091835494,True,739221.169454115,2024-12-01,99.169454115,4,1,0,3
VPD_UNCONSTRAINED,GSI-4399,2024-rising,2024,rising,EVENT_YEAR_RELATIVE,0.50,2024-08-24,0.2730674920181474,0.0074379539091835494,True,739173.039077574,2024-10-14,51.039077574,4,1,0,3
VPD_UNCONSTRAINED,GSI-4399,2025-falling,2025,falling,ABSOLUTE_0_5,0.50,2025-05-01,0.5,0.024036148697013961,True,739278.825012491,2025-01-27,-93.174987509,5,1,0,4
VPD_UNCONSTRAINED,GSI-4399,2025-falling,2025,falling,EVENT_YEAR_RELATIVE,0.50,2025-05-01,0.2730674920181474,0.024036148697013961,True,739326.955435507,2025-03-16,-45.044564493,5,1,0,4
VPD_UNCONSTRAINED,GSI-4399,2025-rising,2025,rising,ABSOLUTE_0_5,0.50,2025-09-05,0.5,0.045121259660250504,True,739587.169454115,2025-12-02,88.169454115,4,1,0,3
VPD_UNCONSTRAINED,GSI-4399,2025-rising,2025,rising,EVENT_YEAR_RELATIVE,0.50,2025-09-05,0.2730674920181474,0.045121259660250504,True,739539.039077574,2025-10-15,40.039077574,4,1,0,3
VPD_UNCONSTRAINED,GSI-4400,2024-falling,2024,falling,ABSOLUTE_0_5,0.50,2024-05-21,0.5,0,False,,,,5,0,0,5
VPD_UNCONSTRAINED,GSI-4400,2024-falling,2024,falling,EVENT_YEAR_RELATIVE,0.50,2024-05-21,0.27263225547850806,0,True,738960.955435507,2024-03-15,-66.044564493,5,1,0,4
VPD_UNCONSTRAINED,GSI-4400,2024-rising,2024,rising,ABSOLUTE_0_5,0.50,2024-08-24,0.5,0.0074260987106848034,True,739221.427068522,2024-12-01,99.427068522,4,1,0,3
VPD_UNCONSTRAINED,GSI-4400,2024-rising,2024,rising,EVENT_YEAR_RELATIVE,0.50,2024-08-24,0.27263225547850806,0.0074260987106848034,True,739173.039077574,2024-10-14,51.039077574,4,1,0,3
VPD_UNCONSTRAINED,GSI-4400,2025-falling,2025,falling,ABSOLUTE_0_5,0.50,2025-05-01,0.5,0.023997837984494397,True,739278.567440826,2025-01-27,-93.432559174,5,1,0,4
VPD_UNCONSTRAINED,GSI-4400,2025-falling,2025,falling,EVENT_YEAR_RELATIVE,0.50,2025-05-01,0.27263225547850806,0.023997837984494397,True,739326.955435507,2025-03-16,-45.044564493,5,1,0,4
VPD_UNCONSTRAINED,GSI-4400,2025-rising,2025,rising,ABSOLUTE_0_5,0.50,2025-09-05,0.5,0.045049341832267553,True,739587.427068522,2025-12-02,88.427068522,4,1,0,3
VPD_UNCONSTRAINED,GSI-4400,2025-rising,2025,rising,EVENT_YEAR_RELATIVE,0.50,2025-09-05,0.27263225547850806,0.045049341832267553,True,739539.039077574,2025-10-15,40.039077574,4,1,0,3
VPD_UNCONSTRAINED,GSI-4402,2024-falling,2024,falling,ABSOLUTE_0_5,0.50,2024-05-21,0.5,0,False,,,,0,0,0,0
VPD_UNCONSTRAINED,GSI-4402,2024-falling,2024,falling,EVENT_YEAR_RELATIVE,0.50,2024-05-21,0.19115116294774365,0,True,738931.722648699,2024-02-15,-95.277351301,5,1,0,4
VPD_UNCONSTRAINED,GSI-4402,2024-rising,2024,rising,ABSOLUTE_0_5,0.50,2024-08-24,0.5,0,False,,,,0,0,0,0
VPD_UNCONSTRAINED,GSI-4402,2024-rising,2024,rising,EVENT_YEAR_RELATIVE,0.50,2024-08-24,0.19115116294774365,0,True,739202.271855815,2024-11-12,80.271855815,4,1,0,3
VPD_UNCONSTRAINED,GSI-4402,2025-falling,2025,falling,ABSOLUTE_0_5,0.50,2025-05-01,0.5,0,False,,,,0,0,0,0
VPD_UNCONSTRAINED,GSI-4402,2025-falling,2025,falling,EVENT_YEAR_RELATIVE,0.50,2025-05-01,0.19115116294774365,0,True,739297.722648699,2025-02-15,-74.277351301,5,1,0,4
VPD_UNCONSTRAINED,GSI-4402,2025-rising,2025,rising,ABSOLUTE_0_5,0.50,2025-09-05,0.5,0,False,,,,0,0,0,0
VPD_UNCONSTRAINED,GSI-4402,2025-rising,2025,rising,EVENT_YEAR_RELATIVE,0.50,2025-09-05,0.19115116294774365,0,True,739568.271855815,2025-11-13,69.271855815,4,1,0,3
VPD_UNCONSTRAINED,GSI-4831,2024-falling,2024,falling,ABSOLUTE_0_5,0.50,2024-05-21,0.5,0.095508262164191352,True,739016.340566416,2024-05-10,-10.659433584,5,1,0,4
VPD_UNCONSTRAINED,GSI-4831,2024-falling,2024,falling,EVENT_YEAR_RELATIVE,0.50,2024-05-21,0.5,0.095508262164191352,True,739016.340566416,2024-05-10,-10.659433584,5,1,0,4
VPD_UNCONSTRAINED,GSI-4831,2024-rising,2024,rising,ABSOLUTE_0_5,0.50,2024-08-24,0.5,0.60797215010945194,True,739118.989956219,2024-08-20,-3.010043781,4,1,0,3
VPD_UNCONSTRAINED,GSI-4831,2024-rising,2024,rising,EVENT_YEAR_RELATIVE,0.50,2024-08-24,0.5,0.60797215010945194,True,739118.989956219,2024-08-20,-3.010043781,4,1,0,3
VPD_UNCONSTRAINED,GSI-4831,2025-falling,2025,falling,ABSOLUTE_0_5,0.50,2025-05-01,0.5,0.91213382567814472,True,739382.729404545,2025-05-11,10.729404545,5,1,0,4
VPD_UNCONSTRAINED,GSI-4831,2025-falling,2025,falling,EVENT_YEAR_RELATIVE,0.50,2025-05-01,0.5,0.91213382567814472,True,739382.729404545,2025-05-11,10.729404545,5,1,0,4
VPD_UNCONSTRAINED,GSI-4831,2025-rising,2025,rising,ABSOLUTE_0_5,0.50,2025-09-05,0.5,0.85264852285555526,True,739485.189951922,2025-08-22,-13.810048078,4,1,0,3
VPD_UNCONSTRAINED,GSI-4831,2025-rising,2025,rising,EVENT_YEAR_RELATIVE,0.50,2025-09-05,0.5,0.85264852285555526,True,739485.189951922,2025-08-22,-13.810048078,4,1,0,3
VPD_UNCONSTRAINED,GSI-4832,2024-falling,2024,falling,ABSOLUTE_0_5,0.50,2024-05-21,0.5,0.018783933302957828,True,738988.059432221,2024-04-12,-38.940567779,5,1,0,4
VPD_UNCONSTRAINED,GSI-4832,2024-falling,2024,falling,EVENT_YEAR_RELATIVE,0.50,2024-05-21,0.5,0.018783933302957828,True,738988.059432221,2024-04-12,-38.940567779,5,1,0,4
VPD_UNCONSTRAINED,GSI-4832,2024-rising,2024,rising,ABSOLUTE_0_5,0.50,2024-08-24,0.5,0.1356843085709413,True,739147.452639372,2024-09-18,25.452639372,4,1,0,3
VPD_UNCONSTRAINED,GSI-4832,2024-rising,2024,rising,EVENT_YEAR_RELATIVE,0.50,2024-08-24,0.5,0.1356843085709413,True,739147.452639372,2024-09-18,25.452639372,4,1,0,3
VPD_UNCONSTRAINED,GSI-4832,2025-falling,2025,falling,ABSOLUTE_0_5,0.50,2025-05-01,0.5,0.24231595788212057,True,739354.225804184,2025-04-13,-17.774195816,5,1,0,4
VPD_UNCONSTRAINED,GSI-4832,2025-falling,2025,falling,EVENT_YEAR_RELATIVE,0.50,2025-05-01,0.5,0.24231595788212057,True,739354.225804184,2025-04-13,-17.774195816,5,1,0,4
VPD_UNCONSTRAINED,GSI-4832,2025-rising,2025,rising,ABSOLUTE_0_5,0.50,2025-09-05,0.5,0.27240471322349336,True,739513.941540090,2025-09-19,14.941540090,4,1,0,3
VPD_UNCONSTRAINED,GSI-4832,2025-rising,2025,rising,EVENT_YEAR_RELATIVE,0.50,2025-09-05,0.5,0.27240471322349336,True,739513.941540090,2025-09-19,14.941540090,4,1,0,3
VPD_UNCONSTRAINED,GSI-4833,2024-falling,2024,falling,ABSOLUTE_0_5,0.50,2024-05-21,0.5,0.0096232701992947454,True,738956.716733172,2024-03-11,-70.283266828,5,1,0,4
VPD_UNCONSTRAINED,GSI-4833,2024-falling,2024,falling,EVENT_YEAR_RELATIVE,0.50,2024-05-21,0.41750318369000655,0.0096232701992947454,True,738967.502771315,2024-03-22,-59.497228685,5,1,0,4
VPD_UNCONSTRAINED,GSI-4833,2024-rising,2024,rising,ABSOLUTE_0_5,0.50,2024-08-24,0.5,0.069512957809376608,True,739181.125397006,2024-10-22,59.125397006,4,1,0,3
VPD_UNCONSTRAINED,GSI-4833,2024-rising,2024,rising,EVENT_YEAR_RELATIVE,0.50,2024-08-24,0.41750318369000655,0.069512957809376608,True,739169.671870659,2024-10-10,47.671870659,4,1,0,3
VPD_UNCONSTRAINED,GSI-4833,2025-falling,2025,falling,ABSOLUTE_0_5,0.50,2025-05-01,0.5,0.1241418343374005,True,739322.716733172,2025-03-12,-49.283266828,5,1,0,4
VPD_UNCONSTRAINED,GSI-4833,2025-falling,2025,falling,EVENT_YEAR_RELATIVE,0.50,2025-05-01,0.41750318369000655,0.1241418343374005,True,739332.979740348,2025-03-22,-39.020259652,5,1,0,4
VPD_UNCONSTRAINED,GSI-4833,2025-rising,2025,rising,ABSOLUTE_0_5,0.50,2025-09-05,0.5,0.1395567220470427,True,739546.264447074,2025-10-22,47.264447074,4,1,0,3
VPD_UNCONSTRAINED,GSI-4833,2025-rising,2025,rising,EVENT_YEAR_RELATIVE,0.50,2025-09-05,0.41750318369000655,0.1395567220470427,True,739535.708979927,2025-10-11,36.708979927,4,1,0,3
VPD_UNCONSTRAINED,GSI-4837,2024-falling,2024,falling,ABSOLUTE_0_5,0.50,2024-05-21,0.5,0,True,738981.685556248,2024-04-05,-45.314443752,5,1,0,4
VPD_UNCONSTRAINED,GSI-4837,2024-falling,2024,falling,EVENT_YEAR_RELATIVE,0.50,2024-05-21,0.5,0,True,738981.685556248,2024-04-05,-45.314443752,5,1,0,4
VPD_UNCONSTRAINED,GSI-4837,2024-rising,2024,rising,ABSOLUTE_0_5,0.50,2024-08-24,0.5,0.020057056473337578,True,739153.274423171,2024-09-24,31.274423171,4,1,0,3
VPD_UNCONSTRAINED,GSI-4837,2024-rising,2024,rising,EVENT_YEAR_RELATIVE,0.50,2024-08-24,0.5,0.020057056473337578,True,739153.274423171,2024-09-24,31.274423171,4,1,0,3
VPD_UNCONSTRAINED,GSI-4837,2025-falling,2025,falling,ABSOLUTE_0_5,0.50,2025-05-01,0.5,0.078328675874533599,True,739347.493308317,2025-04-06,-24.506691683,5,1,0,4
VPD_UNCONSTRAINED,GSI-4837,2025-falling,2025,falling,EVENT_YEAR_RELATIVE,0.50,2025-05-01,0.5,0.078328675874533599,True,739347.493308317,2025-04-06,-24.506691683,5,1,0,4
VPD_UNCONSTRAINED,GSI-4837,2025-rising,2025,rising,ABSOLUTE_0_5,0.50,2025-09-05,0.5,0.13034728266198756,True,739519.792823444,2025-09-25,20.792823444,4,1,0,3
VPD_UNCONSTRAINED,GSI-4837,2025-rising,2025,rising,EVENT_YEAR_RELATIVE,0.50,2025-09-05,0.5,0.13034728266198756,True,739519.792823444,2025-09-25,20.792823444,4,1,0,3
VPD_UNCONSTRAINED,GSI-4838,2024-falling,2024,falling,ABSOLUTE_0_5,0.50,2024-05-21,0.5,0,True,738949.912367133,2024-03-04,-77.087632867,5,1,0,4
VPD_UNCONSTRAINED,GSI-4838,2024-falling,2024,falling,EVENT_YEAR_RELATIVE,0.50,2024-05-21,0.40825955292554028,0,True,738960.955435507,2024-03-15,-66.044564493,5,1,0,4
VPD_UNCONSTRAINED,GSI-4838,2024-rising,2024,rising,ABSOLUTE_0_5,0.50,2024-08-24,0.5,0.0091795027988022075,True,739185.776438198,2024-10-26,63.776438198,4,1,0,3
VPD_UNCONSTRAINED,GSI-4838,2024-rising,2024,rising,EVENT_YEAR_RELATIVE,0.50,2024-08-24,0.40825955292554028,0.0091795027988022075,True,739176.027885202,2024-10-17,54.027885202,4,1,0,3
VPD_UNCONSTRAINED,GSI-4838,2025-falling,2025,falling,ABSOLUTE_0_5,0.50,2025-05-01,0.5,0.035848645107648965,True,739315.912367133,2025-03-05,-56.087632867,5,1,0,4
VPD_UNCONSTRAINED,GSI-4838,2025-falling,2025,falling,EVENT_YEAR_RELATIVE,0.50,2025-05-01,0.40825955292554028,0.035848645107648965,True,739326.762628591,2025-03-16,-45.237371409,5,1,0,4
VPD_UNCONSTRAINED,GSI-4838,2025-rising,2025,rising,ABSOLUTE_0_5,0.50,2025-09-05,0.5,0.059655974325173299,True,739551.484598913,2025-10-27,52.484598913,4,1,0,3
VPD_UNCONSTRAINED,GSI-4838,2025-rising,2025,rising,EVENT_YEAR_RELATIVE,0.50,2025-09-05,0.40825955292554028,0.059655974325173299,True,739541.164315171,2025-10-17,42.164315171,4,1,0,3
VPD_UNCONSTRAINED,GSI-4842,2024-falling,2024,falling,ABSOLUTE_0_5,0.50,2024-05-21,0.5,0,False,,,,5,0,0,5
VPD_UNCONSTRAINED,GSI-4842,2024-falling,2024,falling,EVENT_YEAR_RELATIVE,0.50,2024-05-21,0.33084033571176369,0,True,738931.696265942,2024-02-15,-95.303734058,5,1,0,4
VPD_UNCONSTRAINED,GSI-4842,2024-rising,2024,rising,ABSOLUTE_0_5,0.50,2024-08-24,0.5,0,True,739217.381234153,2024-11-27,95.381234153,4,1,0,3
VPD_UNCONSTRAINED,GSI-4842,2024-rising,2024,rising,EVENT_YEAR_RELATIVE,0.50,2024-08-24,0.33084033571176369,0,True,739202.271855815,2024-11-12,80.271855815,4,1,0,3
VPD_UNCONSTRAINED,GSI-4842,2025-falling,2025,falling,ABSOLUTE_0_5,0.50,2025-05-01,0.5,0,True,739282.613270817,2025-01-31,-89.386729183,5,1,0,4
VPD_UNCONSTRAINED,GSI-4842,2025-falling,2025,falling,EVENT_YEAR_RELATIVE,0.50,2025-05-01,0.33084033571176369,0,True,739297.657065643,2025-02-15,-74.342934357,5,1,0,4
VPD_UNCONSTRAINED,GSI-4842,2025-rising,2025,rising,ABSOLUTE_0_5,0.50,2025-09-05,0.5,0,True,739584.727658819,2025-11-29,85.727658819,4,1,0,3
VPD_UNCONSTRAINED,GSI-4842,2025-rising,2025,rising,EVENT_YEAR_RELATIVE,0.50,2025-09-05,0.33084033571176369,0,True,739568.293636973,2025-11-13,69.293636973,4,1,0,3
VPD_UNCONSTRAINED,GSI-5695,2024-falling,2024,falling,ABSOLUTE_0_5,0.50,2024-05-21,0.5,0.0076727616519057821,True,738930.984466405,2024-02-14,-96.015533595,5,1,0,4
VPD_UNCONSTRAINED,GSI-5695,2024-falling,2024,falling,EVENT_YEAR_RELATIVE,0.50,2024-05-21,0.30780455149763369,0.0076727616519057821,True,738967.502771315,2024-03-22,-59.497228685,5,1,0,4
VPD_UNCONSTRAINED,GSI-5695,2024-rising,2024,rising,ABSOLUTE_0_5,0.50,2024-08-24,0.5,0.061383405327881307,True,739203.010017525,2024-11-13,81.010017525,4,1,0,3
VPD_UNCONSTRAINED,GSI-5695,2024-rising,2024,rising,EVENT_YEAR_RELATIVE,0.50,2024-08-24,0.30780455149763369,0.061383405327881307,True,739166.491749483,2024-10-07,44.491749483,4,1,0,3
VPD_UNCONSTRAINED,GSI-5695,2025-falling,2025,falling,ABSOLUTE_0_5,0.50,2025-05-01,0.5,0.091891877538806802,True,739296.984466405,2025-02-14,-75.015533595,5,1,0,4
VPD_UNCONSTRAINED,GSI-5695,2025-falling,2025,falling,EVENT_YEAR_RELATIVE,0.50,2025-05-01,0.30780455149763369,0.091891877538806802,True,739333.502771315,2025-03-23,-38.497228685,5,1,0,4
VPD_UNCONSTRAINED,GSI-5695,2025-rising,2025,rising,ABSOLUTE_0_5,0.50,2025-09-05,0.5,0.11841609031790126,True,739569.010017525,2025-11-14,70.010017525,4,1,0,3
VPD_UNCONSTRAINED,GSI-5695,2025-rising,2025,rising,EVENT_YEAR_RELATIVE,0.50,2025-09-05,0.30780455149763369,0.11841609031790126,True,739532.491749483,2025-10-08,33.491749483,4,1,0,3
VPD_UNCONSTRAINED,GSI-5700,2024-falling,2024,falling,ABSOLUTE_0_5,0.50,2024-05-21,0.5,0,False,,,,5,0,0,5
VPD_UNCONSTRAINED,GSI-5700,2024-falling,2024,falling,EVENT_YEAR_RELATIVE,0.50,2024-05-21,0.29238177915087887,0,True,738960.955435507,2024-03-15,-66.044564493,5,1,0,4
VPD_UNCONSTRAINED,GSI-5700,2024-rising,2024,rising,ABSOLUTE_0_5,0.50,2024-08-24,0.5,0.0080954540341038137,True,739211.839749068,2024-11-21,89.839749068,4,1,0,3
VPD_UNCONSTRAINED,GSI-5700,2024-rising,2024,rising,EVENT_YEAR_RELATIVE,0.50,2024-08-24,0.29238177915087887,0.0080954540341038137,True,739173.039077574,2024-10-14,51.039077574,4,1,0,3
VPD_UNCONSTRAINED,GSI-5700,2025-falling,2025,falling,ABSOLUTE_0_5,0.50,2025-05-01,0.5,0.02573624516059559,True,739288.154808293,2025-02-06,-83.845191707,5,1,0,4
VPD_UNCONSTRAINED,GSI-5700,2025-falling,2025,falling,EVENT_YEAR_RELATIVE,0.50,2025-05-01,0.29238177915087887,0.02573624516059559,True,739326.955435507,2025-03-16,-45.044564493,5,1,0,4
VPD_UNCONSTRAINED,GSI-5700,2025-rising,2025,rising,ABSOLUTE_0_5,0.50,2025-09-05,0.5,0.048312723273981187,True,739577.839749068,2025-11-22,78.839749068,4,1,0,3
VPD_UNCONSTRAINED,GSI-5700,2025-rising,2025,rising,EVENT_YEAR_RELATIVE,0.50,2025-09-05,0.29238177915087887,0.048312723273981187,True,739539.039077574,2025-10-15,40.039077574,4,1,0,3
VPD_UNCONSTRAINED,GSI-5716,2024-falling,2024,falling,ABSOLUTE_0_5,0.50,2024-05-21,0.5,0.0076727616519057821,True,738930.984466405,2024-02-14,-96.015533595,5,1,0,4
VPD_UNCONSTRAINED,GSI-5716,2024-falling,2024,falling,EVENT_YEAR_RELATIVE,0.50,2024-05-21,0.30780455149763369,0.0076727616519057821,True,738967.502771315,2024-03-22,-59.497228685,5,1,0,4
VPD_UNCONSTRAINED,GSI-5716,2024-rising,2024,rising,ABSOLUTE_0_5,0.50,2024-08-24,0.5,0.061383405327881307,True,739203.010017525,2024-11-13,81.010017525,4,1,0,3
VPD_UNCONSTRAINED,GSI-5716,2024-rising,2024,rising,EVENT_YEAR_RELATIVE,0.50,2024-08-24,0.30780455149763369,0.061383405327881307,True,739166.491749483,2024-10-07,44.491749483,4,1,0,3
VPD_UNCONSTRAINED,GSI-5716,2025-falling,2025,falling,ABSOLUTE_0_5,0.50,2025-05-01,0.5,0.091891877538806802,True,739296.984466405,2025-02-14,-75.015533595,5,1,0,4
VPD_UNCONSTRAINED,GSI-5716,2025-falling,2025,falling,EVENT_YEAR_RELATIVE,0.50,2025-05-01,0.30780455149763369,0.091891877538806802,True,739333.502771315,2025-03-23,-38.497228685,5,1,0,4
VPD_UNCONSTRAINED,GSI-5716,2025-rising,2025,rising,ABSOLUTE_0_5,0.50,2025-09-05,0.5,0.11841609031790126,True,739569.010017525,2025-11-14,70.010017525,4,1,0,3
VPD_UNCONSTRAINED,GSI-5716,2025-rising,2025,rising,EVENT_YEAR_RELATIVE,0.50,2025-09-05,0.30780455149763369,0.11841609031790126,True,739532.491749483,2025-10-08,33.491749483,4,1,0,3
VPD_UNCONSTRAINED,GSI-5717,2024-falling,2024,falling,ABSOLUTE_0_5,0.50,2024-05-21,0.5,0.0072012481920351694,False,,,,5,0,0,5
VPD_UNCONSTRAINED,GSI-5717,2024-falling,2024,falling,EVENT_YEAR_RELATIVE,0.50,2024-05-21,0.28888906896019267,0.0072012481920351694,True,738967.502771315,2024-03-22,-59.497228685,5,1,0,4
VPD_UNCONSTRAINED,GSI-5717,2024-rising,2024,rising,ABSOLUTE_0_5,0.50,2024-08-24,0.5,0.057611217015788939,True,739210.720978773,2024-11-20,88.720978773,4,1,0,3
VPD_UNCONSTRAINED,GSI-5717,2024-rising,2024,rising,EVENT_YEAR_RELATIVE,0.50,2024-08-24,0.28888906896019267,0.057611217015788939,True,739166.491749483,2024-10-07,44.491749483,4,1,0,3
VPD_UNCONSTRAINED,GSI-5717,2025-falling,2025,falling,ABSOLUTE_0_5,0.50,2025-05-01,0.5,0.086244855113502175,True,739289.273564973,2025-02-07,-82.726435027,5,1,0,4
VPD_UNCONSTRAINED,GSI-5717,2025-falling,2025,falling,EVENT_YEAR_RELATIVE,0.50,2025-05-01,0.28888906896019267,0.086244855113502175,True,739333.502771315,2025-03-23,-38.497228685,5,1,0,4
VPD_UNCONSTRAINED,GSI-5717,2025-rising,2025,rising,ABSOLUTE_0_5,0.50,2025-09-05,0.5,0.11113907807860199,True,739576.720978773,2025-11-21,77.720978773,4,1,0,3
VPD_UNCONSTRAINED,GSI-5717,2025-rising,2025,rising,EVENT_YEAR_RELATIVE,0.50,2025-09-05,0.28888906896019267,0.11113907807860199,True,739532.491749483,2025-10-08,33.491749483,4,1,0,3
VPD_UNCONSTRAINED,GSI-5718,2024-falling,2024,falling,ABSOLUTE_0_5,0.50,2024-05-21,0.5,0.0071905693196184306,False,,,,5,0,0,5
VPD_UNCONSTRAINED,GSI-5718,2024-falling,2024,falling,EVENT_YEAR_RELATIVE,0.50,2024-05-21,0.28846066968443534,0.0071905693196184306,True,738967.502771315,2024-03-22,-59.497228685,5,1,0,4
VPD_UNCONSTRAINED,GSI-5718,2024-rising,2024,rising,ABSOLUTE_0_5,0.50,2024-08-24,0.5,0.057525784210269867,True,739210.919135637,2024-11-20,88.919135637,4,1,0,3
VPD_UNCONSTRAINED,GSI-5718,2024-rising,2024,rising,EVENT_YEAR_RELATIVE,0.50,2024-08-24,0.28846066968443534,0.057525784210269867,True,739166.491749483,2024-10-07,44.491749483,4,1,0,3
VPD_UNCONSTRAINED,GSI-5718,2025-falling,2025,falling,ABSOLUTE_0_5,0.50,2025-05-01,0.5,0.086116960923523292,True,739289.075428296,2025-02-07,-82.924571704,5,1,0,4
VPD_UNCONSTRAINED,GSI-5718,2025-falling,2025,falling,EVENT_YEAR_RELATIVE,0.50,2025-05-01,0.28846066968443534,0.086116960923523292,True,739333.502771315,2025-03-23,-38.497228685,5,1,0,4
VPD_UNCONSTRAINED,GSI-5718,2025-rising,2025,rising,ABSOLUTE_0_5,0.50,2025-09-05,0.5,0.11097426775632645,True,739576.919135637,2025-11-21,77.919135637,4,1,0,3
VPD_UNCONSTRAINED,GSI-5718,2025-rising,2025,rising,EVENT_YEAR_RELATIVE,0.50,2025-09-05,0.28846066968443534,0.11097426775632645,True,739532.491749483,2025-10-08,33.491749483,4,1,0,3
VPD_UNCONSTRAINED,GSI-5721,2024-falling,2024,falling,ABSOLUTE_0_5,0.50,2024-05-21,0.5,0,False,,,,5,0,0,5
VPD_UNCONSTRAINED,GSI-5721,2024-falling,2024,falling,EVENT_YEAR_RELATIVE,0.50,2024-05-21,0.29238177915087887,0,True,738960.955435507,2024-03-15,-66.044564493,5,1,0,4
VPD_UNCONSTRAINED,GSI-5721,2024-rising,2024,rising,ABSOLUTE_0_5,0.50,2024-08-24,0.5,0.0080954540341038137,True,739211.839749068,2024-11-21,89.839749068,4,1,0,3
VPD_UNCONSTRAINED,GSI-5721,2024-rising,2024,rising,EVENT_YEAR_RELATIVE,0.50,2024-08-24,0.29238177915087887,0.0080954540341038137,True,739173.039077574,2024-10-14,51.039077574,4,1,0,3
VPD_UNCONSTRAINED,GSI-5721,2025-falling,2025,falling,ABSOLUTE_0_5,0.50,2025-05-01,0.5,0.02573624516059559,True,739288.154808293,2025-02-06,-83.845191707,5,1,0,4
VPD_UNCONSTRAINED,GSI-5721,2025-falling,2025,falling,EVENT_YEAR_RELATIVE,0.50,2025-05-01,0.29238177915087887,0.02573624516059559,True,739326.955435507,2025-03-16,-45.044564493,5,1,0,4
VPD_UNCONSTRAINED,GSI-5721,2025-rising,2025,rising,ABSOLUTE_0_5,0.50,2025-09-05,0.5,0.048312723273981187,True,739577.839749068,2025-11-22,78.839749068,4,1,0,3
VPD_UNCONSTRAINED,GSI-5721,2025-rising,2025,rising,EVENT_YEAR_RELATIVE,0.50,2025-09-05,0.29238177915087887,0.048312723273981187,True,739539.039077574,2025-10-15,40.039077574,4,1,0,3
VPD_UNCONSTRAINED,GSI-5722,2024-falling,2024,falling,ABSOLUTE_0_5,0.50,2024-05-21,0.5,0,False,,,,5,0,0,5
VPD_UNCONSTRAINED,GSI-5722,2024-falling,2024,falling,EVENT_YEAR_RELATIVE,0.50,2024-05-21,0.2730674920181474,0,True,738960.955435507,2024-03-15,-66.044564493,5,1,0,4
VPD_UNCONSTRAINED,GSI-5722,2024-rising,2024,rising,ABSOLUTE_0_5,0.50,2024-08-24,0.5,0.0075606808887368282,True,739221.169454115,2024-12-01,99.169454115,4,1,0,3
VPD_UNCONSTRAINED,GSI-5722,2024-rising,2024,rising,EVENT_YEAR_RELATIVE,0.50,2024-08-24,0.2730674920181474,0.0075606808887368282,True,739173.039077574,2024-10-14,51.039077574,4,1,0,3
VPD_UNCONSTRAINED,GSI-5722,2025-falling,2025,falling,ABSOLUTE_0_5,0.50,2025-05-01,0.5,0.024036148697013961,True,739278.825012491,2025-01-27,-93.174987509,5,1,0,4
VPD_UNCONSTRAINED,GSI-5722,2025-falling,2025,falling,EVENT_YEAR_RELATIVE,0.50,2025-05-01,0.2730674920181474,0.024036148697013961,True,739326.955435507,2025-03-16,-45.044564493,5,1,0,4
VPD_UNCONSTRAINED,GSI-5722,2025-rising,2025,rising,ABSOLUTE_0_5,0.50,2025-09-05,0.5,0.045121259660250504,True,739587.169454115,2025-12-02,88.169454115,4,1,0,3
VPD_UNCONSTRAINED,GSI-5722,2025-rising,2025,rising,EVENT_YEAR_RELATIVE,0.50,2025-09-05,0.2730674920181474,0.045121259660250504,True,739539.039077574,2025-10-15,40.039077574,4,1,0,3
VPD_UNCONSTRAINED,GSI-5723,2024-falling,2024,falling,ABSOLUTE_0_5,0.50,2024-05-21,0.5,0,False,,,,5,0,0,5
VPD_UNCONSTRAINED,GSI-5723,2024-falling,2024,falling,EVENT_YEAR_RELATIVE,0.50,2024-05-21,0.27263225547850806,0,True,738960.955435507,2024-03-15,-66.044564493,5,1,0,4
VPD_UNCONSTRAINED,GSI-5723,2024-rising,2024,rising,ABSOLUTE_0_5,0.50,2024-08-24,0.5,0.0075486300782832997,True,739221.427068522,2024-12-01,99.427068522,4,1,0,3
VPD_UNCONSTRAINED,GSI-5723,2024-rising,2024,rising,EVENT_YEAR_RELATIVE,0.50,2024-08-24,0.27263225547850806,0.0075486300782832997,True,739173.039077574,2024-10-14,51.039077574,4,1,0,3
VPD_UNCONSTRAINED,GSI-5723,2025-falling,2025,falling,ABSOLUTE_0_5,0.50,2025-05-01,0.5,0.023997837984494397,True,739278.567440826,2025-01-27,-93.432559174,5,1,0,4
VPD_UNCONSTRAINED,GSI-5723,2025-falling,2025,falling,EVENT_YEAR_RELATIVE,0.50,2025-05-01,0.27263225547850806,0.023997837984494397,True,739326.955435507,2025-03-16,-45.044564493,5,1,0,4
VPD_UNCONSTRAINED,GSI-5723,2025-rising,2025,rising,ABSOLUTE_0_5,0.50,2025-09-05,0.5,0.045049341832267553,True,739587.427068522,2025-12-02,88.427068522,4,1,0,3
VPD_UNCONSTRAINED,GSI-5723,2025-rising,2025,rising,EVENT_YEAR_RELATIVE,0.50,2025-09-05,0.27263225547850806,0.045049341832267553,True,739539.039077574,2025-10-15,40.039077574,4,1,0,3
VPD_UNCONSTRAINED,GSI-5725,2024-falling,2024,falling,ABSOLUTE_0_5,0.50,2024-05-21,0.5,0,False,,,,0,0,0,0
VPD_UNCONSTRAINED,GSI-5725,2024-falling,2024,falling,EVENT_YEAR_RELATIVE,0.50,2024-05-21,0.19115116294774365,0,True,738931.722648699,2024-02-15,-95.277351301,5,1,0,4
VPD_UNCONSTRAINED,GSI-5725,2024-rising,2024,rising,ABSOLUTE_0_5,0.50,2024-08-24,0.5,0,False,,,,0,0,0,0
VPD_UNCONSTRAINED,GSI-5725,2024-rising,2024,rising,EVENT_YEAR_RELATIVE,0.50,2024-08-24,0.19115116294774365,0,True,739202.271855815,2024-11-12,80.271855815,4,1,0,3
VPD_UNCONSTRAINED,GSI-5725,2025-falling,2025,falling,ABSOLUTE_0_5,0.50,2025-05-01,0.5,0,False,,,,0,0,0,0
VPD_UNCONSTRAINED,GSI-5725,2025-falling,2025,falling,EVENT_YEAR_RELATIVE,0.50,2025-05-01,0.19115116294774365,0,True,739297.722648699,2025-02-15,-74.277351301,5,1,0,4
VPD_UNCONSTRAINED,GSI-5725,2025-rising,2025,rising,ABSOLUTE_0_5,0.50,2025-09-05,0.5,0,False,,,,0,0,0,0
VPD_UNCONSTRAINED,GSI-5725,2025-rising,2025,rising,EVENT_YEAR_RELATIVE,0.50,2025-09-05,0.19115116294774365,0,True,739568.271855815,2025-11-13,69.271855815,4,1,0,3
PHOTOPERIOD_UNCONSTRAINED,GSI-2198,2024-falling,2024,falling,ABSOLUTE_0_5,0.50,2024-05-21,0.5,0.40026774520408431,True,739012.509040076,2024-05-06,-14.490959924,15,2,1,13
PHOTOPERIOD_UNCONSTRAINED,GSI-2198,2024-falling,2024,falling,EVENT_YEAR_RELATIVE,0.50,2024-05-21,0.42828033862071679,0.40026774520408431,True,738941.686406362,2024-02-25,-85.313593638,11,2,1,9
PHOTOPERIOD_UNCONSTRAINED,GSI-2198,2024-rising,2024,rising,ABSOLUTE_0_5,0.50,2024-08-24,0.5,0.28672465761850391,False,,,,16,0,0,16
PHOTOPERIOD_UNCONSTRAINED,GSI-2198,2024-rising,2024,rising,EVENT_YEAR_RELATIVE,0.50,2024-08-24,0.42828033862071679,0.28672465761850391,False,,,,12,0,0,12
PHOTOPERIOD_UNCONSTRAINED,GSI-2198,2025-falling,2025,falling,ABSOLUTE_0_5,0.50,2025-05-01,0.5,0.46522443091353305,True,739354.278911799,2025-04-13,-17.721088201,15,3,2,12
PHOTOPERIOD_UNCONSTRAINED,GSI-2198,2025-falling,2025,falling,EVENT_YEAR_RELATIVE,0.50,2025-05-01,0.49892745178859782,0.46522443091353305,True,739354.314649952,2025-04-13,-17.685350048,15,3,2,12
PHOTOPERIOD_UNCONSTRAINED,GSI-2198,2025-rising,2025,rising,ABSOLUTE_0_5,0.50,2025-09-05,0.5,0.20604738172288015,False,,,,16,0,0,16
PHOTOPERIOD_UNCONSTRAINED,GSI-2198,2025-rising,2025,rising,EVENT_YEAR_RELATIVE,0.50,2025-09-05,0.49892745178859782,0.20604738172288015,False,,,,16,0,0,16
PHOTOPERIOD_UNCONSTRAINED,GSI-2199,2024-falling,2024,falling,ABSOLUTE_0_5,0.50,2024-05-21,0.5,0.40026774520408431,True,739012.509040076,2024-05-06,-14.490959924,15,2,1,13
PHOTOPERIOD_UNCONSTRAINED,GSI-2199,2024-falling,2024,falling,EVENT_YEAR_RELATIVE,0.50,2024-05-21,0.42828033862071679,0.40026774520408431,True,738941.686406362,2024-02-25,-85.313593638,11,2,1,9
PHOTOPERIOD_UNCONSTRAINED,GSI-2199,2024-rising,2024,rising,ABSOLUTE_0_5,0.50,2024-08-24,0.5,0.28672465761850391,False,,,,16,0,0,16
PHOTOPERIOD_UNCONSTRAINED,GSI-2199,2024-rising,2024,rising,EVENT_YEAR_RELATIVE,0.50,2024-08-24,0.42828033862071679,0.28672465761850391,False,,,,12,0,0,12
PHOTOPERIOD_UNCONSTRAINED,GSI-2199,2025-falling,2025,falling,ABSOLUTE_0_5,0.50,2025-05-01,0.5,0.46522443091353305,True,739354.278911799,2025-04-13,-17.721088201,15,3,2,12
PHOTOPERIOD_UNCONSTRAINED,GSI-2199,2025-falling,2025,falling,EVENT_YEAR_RELATIVE,0.50,2025-05-01,0.49892745178859782,0.46522443091353305,True,739354.314649952,2025-04-13,-17.685350048,15,3,2,12
PHOTOPERIOD_UNCONSTRAINED,GSI-2199,2025-rising,2025,rising,ABSOLUTE_0_5,0.50,2025-09-05,0.5,0.20604738172288015,False,,,,16,0,0,16
PHOTOPERIOD_UNCONSTRAINED,GSI-2199,2025-rising,2025,rising,EVENT_YEAR_RELATIVE,0.50,2025-09-05,0.49892745178859782,0.20604738172288015,False,,,,16,0,0,16
PHOTOPERIOD_UNCONSTRAINED,GSI-2629,2024-falling,2024,falling,ABSOLUTE_0_5,0.50,2024-05-21,0.5,0.37770805320801271,True,739011.889717937,2024-05-05,-15.110282063,16,1,0,15
PHOTOPERIOD_UNCONSTRAINED,GSI-2629,2024-falling,2024,falling,EVENT_YEAR_RELATIVE,0.50,2024-05-21,0.4280203740246738,0.37770805320801271,True,738941.691865618,2024-02-25,-85.308134382,13,3,2,10
PHOTOPERIOD_UNCONSTRAINED,GSI-2629,2024-rising,2024,rising,ABSOLUTE_0_5,0.50,2024-08-24,0.5,0.25122161342107063,True,739098.984853825,2024-07-31,-23.015146175,17,1,0,16
PHOTOPERIOD_UNCONSTRAINED,GSI-2629,2024-rising,2024,rising,EVENT_YEAR_RELATIVE,0.50,2024-08-24,0.4280203740246738,0.25122161342107063,False,,,,14,0,0,14
PHOTOPERIOD_UNCONSTRAINED,GSI-2629,2025-falling,2025,falling,ABSOLUTE_0_5,0.50,2025-05-01,0.5,0.46317724339577915,True,739354.258235199,2025-04-13,-17.741764801,16,4,3,12
PHOTOPERIOD_UNCONSTRAINED,GSI-2629,2025-falling,2025,falling,EVENT_YEAR_RELATIVE,0.50,2025-05-01,0.49806402398019844,0.46317724339577915,True,739354.322952447,2025-04-13,-17.677047553,16,4,3,12
PHOTOPERIOD_UNCONSTRAINED,GSI-2629,2025-rising,2025,rising,ABSOLUTE_0_5,0.50,2025-09-05,0.5,0.1829877285651503,True,739451.316624739,2025-07-19,-47.683375261,17,1,0,16
PHOTOPERIOD_UNCONSTRAINED,GSI-2629,2025-rising,2025,rising,EVENT_YEAR_RELATIVE,0.50,2025-09-05,0.49806402398019844,0.1829877285651503,True,739451.215756767,2025-07-19,-47.784243233,17,1,0,16
PHOTOPERIOD_UNCONSTRAINED,GSI-2630,2024-falling,2024,falling,ABSOLUTE_0_5,0.50,2024-05-21,0.5,0.37770805320801271,True,739011.889717937,2024-05-05,-15.110282063,16,1,0,15
PHOTOPERIOD_UNCONSTRAINED,GSI-2630,2024-falling,2024,falling,EVENT_YEAR_RELATIVE,0.50,2024-05-21,0.4280203740246738,0.37770805320801271,True,738941.691865618,2024-02-25,-85.308134382,13,3,2,10
PHOTOPERIOD_UNCONSTRAINED,GSI-2630,2024-rising,2024,rising,ABSOLUTE_0_5,0.50,2024-08-24,0.5,0.25122161342107063,True,739098.984853825,2024-07-31,-23.015146175,17,1,0,16
PHOTOPERIOD_UNCONSTRAINED,GSI-2630,2024-rising,2024,rising,EVENT_YEAR_RELATIVE,0.50,2024-08-24,0.4280203740246738,0.25122161342107063,False,,,,14,0,0,14
PHOTOPERIOD_UNCONSTRAINED,GSI-2630,2025-falling,2025,falling,ABSOLUTE_0_5,0.50,2025-05-01,0.5,0.46317724339577915,True,739354.258235199,2025-04-13,-17.741764801,16,4,3,12
PHOTOPERIOD_UNCONSTRAINED,GSI-2630,2025-falling,2025,falling,EVENT_YEAR_RELATIVE,0.50,2025-05-01,0.49806402398019844,0.46317724339577915,True,739354.322952447,2025-04-13,-17.677047553,16,4,3,12
PHOTOPERIOD_UNCONSTRAINED,GSI-2630,2025-rising,2025,rising,ABSOLUTE_0_5,0.50,2025-09-05,0.5,0.1829877285651503,True,739451.316624739,2025-07-19,-47.683375261,17,1,0,16
PHOTOPERIOD_UNCONSTRAINED,GSI-2630,2025-rising,2025,rising,EVENT_YEAR_RELATIVE,0.50,2025-09-05,0.49806402398019844,0.1829877285651503,True,739451.215756767,2025-07-19,-47.784243233,17,1,0,16
PHOTOPERIOD_UNCONSTRAINED,GSI-2631,2024-falling,2024,falling,ABSOLUTE_0_5,0.50,2024-05-21,0.5,0.37770805320801271,True,739011.889717937,2024-05-05,-15.110282063,16,1,0,15
PHOTOPERIOD_UNCONSTRAINED,GSI-2631,2024-falling,2024,falling,EVENT_YEAR_RELATIVE,0.50,2024-05-21,0.4280203740246738,0.37770805320801271,True,738941.691865618,2024-02-25,-85.308134382,13,3,2,10
PHOTOPERIOD_UNCONSTRAINED,GSI-2631,2024-rising,2024,rising,ABSOLUTE_0_5,0.50,2024-08-24,0.5,0.25122161342107063,True,739098.984853825,2024-07-31,-23.015146175,17,1,0,16
PHOTOPERIOD_UNCONSTRAINED,GSI-2631,2024-rising,2024,rising,EVENT_YEAR_RELATIVE,0.50,2024-08-24,0.4280203740246738,0.25122161342107063,False,,,,14,0,0,14
PHOTOPERIOD_UNCONSTRAINED,GSI-2631,2025-falling,2025,falling,ABSOLUTE_0_5,0.50,2025-05-01,0.5,0.46317724339577915,True,739354.258235199,2025-04-13,-17.741764801,16,4,3,12
PHOTOPERIOD_UNCONSTRAINED,GSI-2631,2025-falling,2025,falling,EVENT_YEAR_RELATIVE,0.50,2025-05-01,0.49806402398019844,0.46317724339577915,True,739354.322952447,2025-04-13,-17.677047553,16,4,3,12
PHOTOPERIOD_UNCONSTRAINED,GSI-2631,2025-rising,2025,rising,ABSOLUTE_0_5,0.50,2025-09-05,0.5,0.1829877285651503,True,739451.316624739,2025-07-19,-47.683375261,17,1,0,16
PHOTOPERIOD_UNCONSTRAINED,GSI-2631,2025-rising,2025,rising,EVENT_YEAR_RELATIVE,0.50,2025-09-05,0.49806402398019844,0.1829877285651503,True,739451.215756767,2025-07-19,-47.784243233,17,1,0,16
PHOTOPERIOD_UNCONSTRAINED,GSI-2634,2024-falling,2024,falling,ABSOLUTE_0_5,0.50,2024-05-21,0.5,0.37770805320801271,True,739011.889717937,2024-05-05,-15.110282063,16,1,0,15
PHOTOPERIOD_UNCONSTRAINED,GSI-2634,2024-falling,2024,falling,EVENT_YEAR_RELATIVE,0.50,2024-05-21,0.4280203740246738,0.37770805320801271,True,738941.691865618,2024-02-25,-85.308134382,13,3,2,10
PHOTOPERIOD_UNCONSTRAINED,GSI-2634,2024-rising,2024,rising,ABSOLUTE_0_5,0.50,2024-08-24,0.5,0.25122161342107063,True,739098.984853825,2024-07-31,-23.015146175,17,1,0,16
PHOTOPERIOD_UNCONSTRAINED,GSI-2634,2024-rising,2024,rising,EVENT_YEAR_RELATIVE,0.50,2024-08-24,0.4280203740246738,0.25122161342107063,False,,,,14,0,0,14
PHOTOPERIOD_UNCONSTRAINED,GSI-2634,2025-falling,2025,falling,ABSOLUTE_0_5,0.50,2025-05-01,0.5,0.46317724339577915,True,739354.258235199,2025-04-13,-17.741764801,16,4,3,12
PHOTOPERIOD_UNCONSTRAINED,GSI-2634,2025-falling,2025,falling,EVENT_YEAR_RELATIVE,0.50,2025-05-01,0.49806402398019844,0.46317724339577915,True,739354.322952447,2025-04-13,-17.677047553,16,4,3,12
PHOTOPERIOD_UNCONSTRAINED,GSI-2634,2025-rising,2025,rising,ABSOLUTE_0_5,0.50,2025-09-05,0.5,0.1829877285651503,True,739451.316624739,2025-07-19,-47.683375261,17,1,0,16
PHOTOPERIOD_UNCONSTRAINED,GSI-2634,2025-rising,2025,rising,EVENT_YEAR_RELATIVE,0.50,2025-09-05,0.49806402398019844,0.1829877285651503,True,739451.215756767,2025-07-19,-47.784243233,17,1,0,16
PHOTOPERIOD_UNCONSTRAINED,GSI-2635,2024-falling,2024,falling,ABSOLUTE_0_5,0.50,2024-05-21,0.5,0.37770805320801271,True,739011.889717937,2024-05-05,-15.110282063,16,1,0,15
PHOTOPERIOD_UNCONSTRAINED,GSI-2635,2024-falling,2024,falling,EVENT_YEAR_RELATIVE,0.50,2024-05-21,0.4280203740246738,0.37770805320801271,True,738941.691865618,2024-02-25,-85.308134382,13,3,2,10
PHOTOPERIOD_UNCONSTRAINED,GSI-2635,2024-rising,2024,rising,ABSOLUTE_0_5,0.50,2024-08-24,0.5,0.25122161342107063,True,739098.984853825,2024-07-31,-23.015146175,17,1,0,16
PHOTOPERIOD_UNCONSTRAINED,GSI-2635,2024-rising,2024,rising,EVENT_YEAR_RELATIVE,0.50,2024-08-24,0.4280203740246738,0.25122161342107063,False,,,,14,0,0,14
PHOTOPERIOD_UNCONSTRAINED,GSI-2635,2025-falling,2025,falling,ABSOLUTE_0_5,0.50,2025-05-01,0.5,0.46317724339577915,True,739354.258235199,2025-04-13,-17.741764801,16,4,3,12
PHOTOPERIOD_UNCONSTRAINED,GSI-2635,2025-falling,2025,falling,EVENT_YEAR_RELATIVE,0.50,2025-05-01,0.49806402398019844,0.46317724339577915,True,739354.322952447,2025-04-13,-17.677047553,16,4,3,12
PHOTOPERIOD_UNCONSTRAINED,GSI-2635,2025-rising,2025,rising,ABSOLUTE_0_5,0.50,2025-09-05,0.5,0.1829877285651503,True,739451.316624739,2025-07-19,-47.683375261,17,1,0,16
PHOTOPERIOD_UNCONSTRAINED,GSI-2635,2025-rising,2025,rising,EVENT_YEAR_RELATIVE,0.50,2025-09-05,0.49806402398019844,0.1829877285651503,True,739451.215756767,2025-07-19,-47.784243233,17,1,0,16
PHOTOPERIOD_UNCONSTRAINED,GSI-2636,2024-falling,2024,falling,ABSOLUTE_0_5,0.50,2024-05-21,0.5,0.37770805320801271,True,739011.889717937,2024-05-05,-15.110282063,16,1,0,15
PHOTOPERIOD_UNCONSTRAINED,GSI-2636,2024-falling,2024,falling,EVENT_YEAR_RELATIVE,0.50,2024-05-21,0.4280203740246738,0.37770805320801271,True,738941.691865618,2024-02-25,-85.308134382,13,3,2,10
PHOTOPERIOD_UNCONSTRAINED,GSI-2636,2024-rising,2024,rising,ABSOLUTE_0_5,0.50,2024-08-24,0.5,0.25122161342107063,True,739098.984853825,2024-07-31,-23.015146175,17,1,0,16
PHOTOPERIOD_UNCONSTRAINED,GSI-2636,2024-rising,2024,rising,EVENT_YEAR_RELATIVE,0.50,2024-08-24,0.4280203740246738,0.25122161342107063,False,,,,14,0,0,14
PHOTOPERIOD_UNCONSTRAINED,GSI-2636,2025-falling,2025,falling,ABSOLUTE_0_5,0.50,2025-05-01,0.5,0.46317724339577915,True,739354.258235199,2025-04-13,-17.741764801,16,4,3,12
PHOTOPERIOD_UNCONSTRAINED,GSI-2636,2025-falling,2025,falling,EVENT_YEAR_RELATIVE,0.50,2025-05-01,0.49806402398019844,0.46317724339577915,True,739354.322952447,2025-04-13,-17.677047553,16,4,3,12
PHOTOPERIOD_UNCONSTRAINED,GSI-2636,2025-rising,2025,rising,ABSOLUTE_0_5,0.50,2025-09-05,0.5,0.1829877285651503,True,739451.316624739,2025-07-19,-47.683375261,17,1,0,16
PHOTOPERIOD_UNCONSTRAINED,GSI-2636,2025-rising,2025,rising,EVENT_YEAR_RELATIVE,0.50,2025-09-05,0.49806402398019844,0.1829877285651503,True,739451.215756767,2025-07-19,-47.784243233,17,1,0,16
PHOTOPERIOD_UNCONSTRAINED,GSI-2638,2024-falling,2024,falling,ABSOLUTE_0_5,0.50,2024-05-21,0.5,0.37770805320801271,True,739011.889717937,2024-05-05,-15.110282063,16,1,0,15
PHOTOPERIOD_UNCONSTRAINED,GSI-2638,2024-falling,2024,falling,EVENT_YEAR_RELATIVE,0.50,2024-05-21,0.4280203740246738,0.37770805320801271,True,738941.691865618,2024-02-25,-85.308134382,13,3,2,10
PHOTOPERIOD_UNCONSTRAINED,GSI-2638,2024-rising,2024,rising,ABSOLUTE_0_5,0.50,2024-08-24,0.5,0.25122161342107063,True,739098.984853825,2024-07-31,-23.015146175,17,1,0,16
PHOTOPERIOD_UNCONSTRAINED,GSI-2638,2024-rising,2024,rising,EVENT_YEAR_RELATIVE,0.50,2024-08-24,0.4280203740246738,0.25122161342107063,False,,,,14,0,0,14
PHOTOPERIOD_UNCONSTRAINED,GSI-2638,2025-falling,2025,falling,ABSOLUTE_0_5,0.50,2025-05-01,0.5,0.46317724339577915,True,739354.258235199,2025-04-13,-17.741764801,16,4,3,12
PHOTOPERIOD_UNCONSTRAINED,GSI-2638,2025-falling,2025,falling,EVENT_YEAR_RELATIVE,0.50,2025-05-01,0.49806402398019844,0.46317724339577915,True,739354.322952447,2025-04-13,-17.677047553,16,4,3,12
PHOTOPERIOD_UNCONSTRAINED,GSI-2638,2025-rising,2025,rising,ABSOLUTE_0_5,0.50,2025-09-05,0.5,0.1829877285651503,True,739451.316624739,2025-07-19,-47.683375261,17,1,0,16
PHOTOPERIOD_UNCONSTRAINED,GSI-2638,2025-rising,2025,rising,EVENT_YEAR_RELATIVE,0.50,2025-09-05,0.49806402398019844,0.1829877285651503,True,739451.215756767,2025-07-19,-47.784243233,17,1,0,16
PHOTOPERIOD_UNCONSTRAINED,GSI-3941,2024-falling,2024,falling,ABSOLUTE_0_5,0.50,2024-05-21,0.5,0.28154264239019061,True,738980.185536192,2024-04-04,-46.814463808,14,1,0,13
PHOTOPERIOD_UNCONSTRAINED,GSI-3941,2024-falling,2024,falling,EVENT_YEAR_RELATIVE,0.50,2024-05-21,0.3394732538775444,0.28154264239019061,True,739013.807052862,2024-05-07,-13.192947138,15,2,1,13
PHOTOPERIOD_UNCONSTRAINED,GSI-3941,2024-rising,2024,rising,ABSOLUTE_0_5,0.50,2024-08-24,0.5,0.20277252575846511,False,,,,14,0,0,14
PHOTOPERIOD_UNCONSTRAINED,GSI-3941,2024-rising,2024,rising,EVENT_YEAR_RELATIVE,0.50,2024-08-24,0.3394732538775444,0.20277252575846511,False,,,,16,0,0,16
PHOTOPERIOD_UNCONSTRAINED,GSI-3941,2025-falling,2025,falling,ABSOLUTE_0_5,0.50,2025-05-01,0.5,0.32723225179457266,True,739344.604309587,2025-04-03,-27.395690413,14,2,1,12
PHOTOPERIOD_UNCONSTRAINED,GSI-3941,2025-falling,2025,falling,EVENT_YEAR_RELATIVE,0.50,2025-05-01,0.43589896398165423,0.32723225179457266,True,739346.817160053,2025-04-05,-25.182839947,17,2,1,15
PHOTOPERIOD_UNCONSTRAINED,GSI-3941,2025-rising,2025,rising,ABSOLUTE_0_5,0.50,2025-09-05,0.5,0.14493079945340548,True,739465.206013923,2025-08-02,-33.793986077,14,1,0,13
PHOTOPERIOD_UNCONSTRAINED,GSI-3941,2025-rising,2025,rising,EVENT_YEAR_RELATIVE,0.50,2025-09-05,0.43589896398165423,0.14493079945340548,True,739456.224244432,2025-07-24,-42.775755568,18,2,1,16
PHOTOPERIOD_UNCONSTRAINED,GSI-3942,2024-falling,2024,falling,ABSOLUTE_0_5,0.50,2024-05-21,0.5,0.28154264239019061,True,738980.185536192,2024-04-04,-46.814463808,14,1,0,13
PHOTOPERIOD_UNCONSTRAINED,GSI-3942,2024-falling,2024,falling,EVENT_YEAR_RELATIVE,0.50,2024-05-21,0.3394732538775444,0.28154264239019061,True,739013.807052862,2024-05-07,-13.192947138,15,2,1,13
PHOTOPERIOD_UNCONSTRAINED,GSI-3942,2024-rising,2024,rising,ABSOLUTE_0_5,0.50,2024-08-24,0.5,0.20277252575846511,False,,,,14,0,0,14
PHOTOPERIOD_UNCONSTRAINED,GSI-3942,2024-rising,2024,rising,EVENT_YEAR_RELATIVE,0.50,2024-08-24,0.3394732538775444,0.20277252575846511,False,,,,16,0,0,16
PHOTOPERIOD_UNCONSTRAINED,GSI-3942,2025-falling,2025,falling,ABSOLUTE_0_5,0.50,2025-05-01,0.5,0.32723225179457266,True,739344.604309587,2025-04-03,-27.395690413,14,2,1,12
PHOTOPERIOD_UNCONSTRAINED,GSI-3942,2025-falling,2025,falling,EVENT_YEAR_RELATIVE,0.50,2025-05-01,0.43589896398165423,0.32723225179457266,True,739346.817160053,2025-04-05,-25.182839947,17,2,1,15
PHOTOPERIOD_UNCONSTRAINED,GSI-3942,2025-rising,2025,rising,ABSOLUTE_0_5,0.50,2025-09-05,0.5,0.14493079945340548,True,739465.206013923,2025-08-02,-33.793986077,14,1,0,13
PHOTOPERIOD_UNCONSTRAINED,GSI-3942,2025-rising,2025,rising,EVENT_YEAR_RELATIVE,0.50,2025-09-05,0.43589896398165423,0.14493079945340548,True,739456.224244432,2025-07-24,-42.775755568,18,2,1,16
PHOTOPERIOD_UNCONSTRAINED,GSI-3962,2024-falling,2024,falling,ABSOLUTE_0_5,0.50,2024-05-21,0.5,0.40026774520408431,True,739012.509040076,2024-05-06,-14.490959924,15,2,1,13
PHOTOPERIOD_UNCONSTRAINED,GSI-3962,2024-falling,2024,falling,EVENT_YEAR_RELATIVE,0.50,2024-05-21,0.42828033862071679,0.40026774520408431,True,738941.686406362,2024-02-25,-85.313593638,11,2,1,9
PHOTOPERIOD_UNCONSTRAINED,GSI-3962,2024-rising,2024,rising,ABSOLUTE_0_5,0.50,2024-08-24,0.5,0.28828067032983773,False,,,,16,0,0,16
PHOTOPERIOD_UNCONSTRAINED,GSI-3962,2024-rising,2024,rising,EVENT_YEAR_RELATIVE,0.50,2024-08-24,0.42828033862071679,0.28828067032983773,False,,,,12,0,0,12
PHOTOPERIOD_UNCONSTRAINED,GSI-3962,2025-falling,2025,falling,ABSOLUTE_0_5,0.50,2025-05-01,0.5,0.46522443091353305,True,739354.278911799,2025-04-13,-17.721088201,15,3,2,12
PHOTOPERIOD_UNCONSTRAINED,GSI-3962,2025-falling,2025,falling,EVENT_YEAR_RELATIVE,0.50,2025-05-01,0.49892745178859782,0.46522443091353305,True,739354.314649952,2025-04-13,-17.685350048,15,3,2,12
PHOTOPERIOD_UNCONSTRAINED,GSI-3962,2025-rising,2025,rising,ABSOLUTE_0_5,0.50,2025-09-05,0.5,0.20604738172288015,False,,,,16,0,0,16
PHOTOPERIOD_UNCONSTRAINED,GSI-3962,2025-rising,2025,rising,EVENT_YEAR_RELATIVE,0.50,2025-09-05,0.49892745178859782,0.20604738172288015,False,,,,16,0,0,16
PHOTOPERIOD_UNCONSTRAINED,GSI-3963,2024-falling,2024,falling,ABSOLUTE_0_5,0.50,2024-05-21,0.5,0.40026774520408431,True,739012.509040076,2024-05-06,-14.490959924,15,2,1,13
PHOTOPERIOD_UNCONSTRAINED,GSI-3963,2024-falling,2024,falling,EVENT_YEAR_RELATIVE,0.50,2024-05-21,0.42828033862071679,0.40026774520408431,True,738941.686406362,2024-02-25,-85.313593638,11,2,1,9
PHOTOPERIOD_UNCONSTRAINED,GSI-3963,2024-rising,2024,rising,ABSOLUTE_0_5,0.50,2024-08-24,0.5,0.28828067032983773,False,,,,16,0,0,16
PHOTOPERIOD_UNCONSTRAINED,GSI-3963,2024-rising,2024,rising,EVENT_YEAR_RELATIVE,0.50,2024-08-24,0.42828033862071679,0.28828067032983773,False,,,,12,0,0,12
PHOTOPERIOD_UNCONSTRAINED,GSI-3963,2025-falling,2025,falling,ABSOLUTE_0_5,0.50,2025-05-01,0.5,0.46522443091353305,True,739354.278911799,2025-04-13,-17.721088201,15,3,2,12
PHOTOPERIOD_UNCONSTRAINED,GSI-3963,2025-falling,2025,falling,EVENT_YEAR_RELATIVE,0.50,2025-05-01,0.49892745178859782,0.46522443091353305,True,739354.314649952,2025-04-13,-17.685350048,15,3,2,12
PHOTOPERIOD_UNCONSTRAINED,GSI-3963,2025-rising,2025,rising,ABSOLUTE_0_5,0.50,2025-09-05,0.5,0.20604738172288015,False,,,,16,0,0,16
PHOTOPERIOD_UNCONSTRAINED,GSI-3963,2025-rising,2025,rising,EVENT_YEAR_RELATIVE,0.50,2025-09-05,0.49892745178859782,0.20604738172288015,False,,,,16,0,0,16
PHOTOPERIOD_UNCONSTRAINED,GSI-4372,2024-falling,2024,falling,ABSOLUTE_0_5,0.50,2024-05-21,0.5,0.28154264239019061,True,738980.185536192,2024-04-04,-46.814463808,15,1,0,14
PHOTOPERIOD_UNCONSTRAINED,GSI-4372,2024-falling,2024,falling,EVENT_YEAR_RELATIVE,0.50,2024-05-21,0.3394732538775444,0.28154264239019061,True,739013.807052862,2024-05-07,-13.192947138,15,2,1,13
PHOTOPERIOD_UNCONSTRAINED,GSI-4372,2024-rising,2024,rising,ABSOLUTE_0_5,0.50,2024-08-24,0.5,0.20114027680477231,False,,,,15,0,0,15
PHOTOPERIOD_UNCONSTRAINED,GSI-4372,2024-rising,2024,rising,EVENT_YEAR_RELATIVE,0.50,2024-08-24,0.3394732538775444,0.20114027680477231,False,,,,16,0,0,16
PHOTOPERIOD_UNCONSTRAINED,GSI-4372,2025-falling,2025,falling,ABSOLUTE_0_5,0.50,2025-05-01,0.5,0.32723225179457266,True,739344.604309587,2025-04-03,-27.395690413,15,2,1,13
PHOTOPERIOD_UNCONSTRAINED,GSI-4372,2025-falling,2025,falling,EVENT_YEAR_RELATIVE,0.50,2025-05-01,0.43589896398165423,0.32723225179457266,True,739346.817160053,2025-04-05,-25.182839947,16,2,1,14
PHOTOPERIOD_UNCONSTRAINED,GSI-4372,2025-rising,2025,rising,ABSOLUTE_0_5,0.50,2025-09-05,0.5,0.14493079945340548,True,739465.566363698,2025-08-02,-33.433636302,15,2,1,13
PHOTOPERIOD_UNCONSTRAINED,GSI-4372,2025-rising,2025,rising,EVENT_YEAR_RELATIVE,0.50,2025-09-05,0.43589896398165423,0.14493079945340548,True,739456.325593306,2025-07-24,-42.674406694,17,2,1,15
PHOTOPERIOD_UNCONSTRAINED,GSI-4377,2024-falling,2024,falling,ABSOLUTE_0_5,0.50,2024-05-21,0.5,0.28154264239019061,True,738980.185536192,2024-04-04,-46.814463808,15,1,0,14
PHOTOPERIOD_UNCONSTRAINED,GSI-4377,2024-falling,2024,falling,EVENT_YEAR_RELATIVE,0.50,2024-05-21,0.3394732538775444,0.28154264239019061,True,739013.807052862,2024-05-07,-13.192947138,15,2,1,13
PHOTOPERIOD_UNCONSTRAINED,GSI-4377,2024-rising,2024,rising,ABSOLUTE_0_5,0.50,2024-08-24,0.5,0.20114027680477231,False,,,,15,0,0,15
PHOTOPERIOD_UNCONSTRAINED,GSI-4377,2024-rising,2024,rising,EVENT_YEAR_RELATIVE,0.50,2024-08-24,0.3394732538775444,0.20114027680477231,False,,,,16,0,0,16
PHOTOPERIOD_UNCONSTRAINED,GSI-4377,2025-falling,2025,falling,ABSOLUTE_0_5,0.50,2025-05-01,0.5,0.32723225179457266,True,739344.604309587,2025-04-03,-27.395690413,15,2,1,13
PHOTOPERIOD_UNCONSTRAINED,GSI-4377,2025-falling,2025,falling,EVENT_YEAR_RELATIVE,0.50,2025-05-01,0.43589896398165423,0.32723225179457266,True,739346.817160053,2025-04-05,-25.182839947,16,2,1,14
PHOTOPERIOD_UNCONSTRAINED,GSI-4377,2025-rising,2025,rising,ABSOLUTE_0_5,0.50,2025-09-05,0.5,0.14493079945340548,True,739465.566363698,2025-08-02,-33.433636302,15,2,1,13
PHOTOPERIOD_UNCONSTRAINED,GSI-4377,2025-rising,2025,rising,EVENT_YEAR_RELATIVE,0.50,2025-09-05,0.43589896398165423,0.14493079945340548,True,739456.325593306,2025-07-24,-42.674406694,17,2,1,15
PHOTOPERIOD_UNCONSTRAINED,GSI-4393,2024-falling,2024,falling,ABSOLUTE_0_5,0.50,2024-05-21,0.5,0.40026774520408431,True,739012.509040076,2024-05-06,-14.490959924,15,2,1,13
PHOTOPERIOD_UNCONSTRAINED,GSI-4393,2024-falling,2024,falling,EVENT_YEAR_RELATIVE,0.50,2024-05-21,0.42828033862071679,0.40026774520408431,True,738941.686406362,2024-02-25,-85.313593638,11,2,1,9
PHOTOPERIOD_UNCONSTRAINED,GSI-4393,2024-rising,2024,rising,ABSOLUTE_0_5,0.50,2024-08-24,0.5,0.28596011027982277,False,,,,16,0,0,16
PHOTOPERIOD_UNCONSTRAINED,GSI-4393,2024-rising,2024,rising,EVENT_YEAR_RELATIVE,0.50,2024-08-24,0.42828033862071679,0.28596011027982277,False,,,,12,0,0,12
PHOTOPERIOD_UNCONSTRAINED,GSI-4393,2025-falling,2025,falling,ABSOLUTE_0_5,0.50,2025-05-01,0.5,0.46522443091353305,True,739354.278911799,2025-04-13,-17.721088201,15,3,2,12
PHOTOPERIOD_UNCONSTRAINED,GSI-4393,2025-falling,2025,falling,EVENT_YEAR_RELATIVE,0.50,2025-05-01,0.49892745178859782,0.46522443091353305,True,739354.314649952,2025-04-13,-17.685350048,15,3,2,12
PHOTOPERIOD_UNCONSTRAINED,GSI-4393,2025-rising,2025,rising,ABSOLUTE_0_5,0.50,2025-09-05,0.5,0.20604738172288015,False,,,,16,0,0,16
PHOTOPERIOD_UNCONSTRAINED,GSI-4393,2025-rising,2025,rising,EVENT_YEAR_RELATIVE,0.50,2025-09-05,0.49892745178859782,0.20604738172288015,False,,,,16,0,0,16
PHOTOPERIOD_UNCONSTRAINED,GSI-4394,2024-falling,2024,falling,ABSOLUTE_0_5,0.50,2024-05-21,0.5,0.40026774520408431,True,739012.509040076,2024-05-06,-14.490959924,15,2,1,13
PHOTOPERIOD_UNCONSTRAINED,GSI-4394,2024-falling,2024,falling,EVENT_YEAR_RELATIVE,0.50,2024-05-21,0.42828033862071679,0.40026774520408431,True,738941.686406362,2024-02-25,-85.313593638,11,2,1,9
PHOTOPERIOD_UNCONSTRAINED,GSI-4394,2024-rising,2024,rising,ABSOLUTE_0_5,0.50,2024-08-24,0.5,0.28596011027982277,False,,,,16,0,0,16
PHOTOPERIOD_UNCONSTRAINED,GSI-4394,2024-rising,2024,rising,EVENT_YEAR_RELATIVE,0.50,2024-08-24,0.42828033862071679,0.28596011027982277,False,,,,12,0,0,12
PHOTOPERIOD_UNCONSTRAINED,GSI-4394,2025-falling,2025,falling,ABSOLUTE_0_5,0.50,2025-05-01,0.5,0.46522443091353305,True,739354.278911799,2025-04-13,-17.721088201,15,3,2,12
PHOTOPERIOD_UNCONSTRAINED,GSI-4394,2025-falling,2025,falling,EVENT_YEAR_RELATIVE,0.50,2025-05-01,0.49892745178859782,0.46522443091353305,True,739354.314649952,2025-04-13,-17.685350048,15,3,2,12
PHOTOPERIOD_UNCONSTRAINED,GSI-4394,2025-rising,2025,rising,ABSOLUTE_0_5,0.50,2025-09-05,0.5,0.20604738172288015,False,,,,16,0,0,16
PHOTOPERIOD_UNCONSTRAINED,GSI-4394,2025-rising,2025,rising,EVENT_YEAR_RELATIVE,0.50,2025-09-05,0.49892745178859782,0.20604738172288015,False,,,,16,0,0,16
PHOTOPERIOD_UNCONSTRAINED,GSI-4395,2024-falling,2024,falling,ABSOLUTE_0_5,0.50,2024-05-21,0.5,0.40026774520408431,True,739012.509040076,2024-05-06,-14.490959924,15,2,1,13
PHOTOPERIOD_UNCONSTRAINED,GSI-4395,2024-falling,2024,falling,EVENT_YEAR_RELATIVE,0.50,2024-05-21,0.42828033862071679,0.40026774520408431,True,738941.686406362,2024-02-25,-85.313593638,11,2,1,9
PHOTOPERIOD_UNCONSTRAINED,GSI-4395,2024-rising,2024,rising,ABSOLUTE_0_5,0.50,2024-08-24,0.5,0.28596011027982277,False,,,,16,0,0,16
PHOTOPERIOD_UNCONSTRAINED,GSI-4395,2024-rising,2024,rising,EVENT_YEAR_RELATIVE,0.50,2024-08-24,0.42828033862071679,0.28596011027982277,False,,,,12,0,0,12
PHOTOPERIOD_UNCONSTRAINED,GSI-4395,2025-falling,2025,falling,ABSOLUTE_0_5,0.50,2025-05-01,0.5,0.46522443091353305,True,739354.278911799,2025-04-13,-17.721088201,15,3,2,12
PHOTOPERIOD_UNCONSTRAINED,GSI-4395,2025-falling,2025,falling,EVENT_YEAR_RELATIVE,0.50,2025-05-01,0.49892745178859782,0.46522443091353305,True,739354.314649952,2025-04-13,-17.685350048,15,3,2,12
PHOTOPERIOD_UNCONSTRAINED,GSI-4395,2025-rising,2025,rising,ABSOLUTE_0_5,0.50,2025-09-05,0.5,0.20604738172288015,False,,,,16,0,0,16
PHOTOPERIOD_UNCONSTRAINED,GSI-4395,2025-rising,2025,rising,EVENT_YEAR_RELATIVE,0.50,2025-09-05,0.49892745178859782,0.20604738172288015,False,,,,16,0,0,16
PHOTOPERIOD_UNCONSTRAINED,GSI-4398,2024-falling,2024,falling,ABSOLUTE_0_5,0.50,2024-05-21,0.5,0.40026774520408431,True,739012.509040076,2024-05-06,-14.490959924,15,2,1,13
PHOTOPERIOD_UNCONSTRAINED,GSI-4398,2024-falling,2024,falling,EVENT_YEAR_RELATIVE,0.50,2024-05-21,0.42828033862071679,0.40026774520408431,True,738941.686406362,2024-02-25,-85.313593638,11,2,1,9
PHOTOPERIOD_UNCONSTRAINED,GSI-4398,2024-rising,2024,rising,ABSOLUTE_0_5,0.50,2024-08-24,0.5,0.28596011027982277,False,,,,16,0,0,16
PHOTOPERIOD_UNCONSTRAINED,GSI-4398,2024-rising,2024,rising,EVENT_YEAR_RELATIVE,0.50,2024-08-24,0.42828033862071679,0.28596011027982277,False,,,,12,0,0,12
PHOTOPERIOD_UNCONSTRAINED,GSI-4398,2025-falling,2025,falling,ABSOLUTE_0_5,0.50,2025-05-01,0.5,0.46522443091353305,True,739354.278911799,2025-04-13,-17.721088201,15,3,2,12
PHOTOPERIOD_UNCONSTRAINED,GSI-4398,2025-falling,2025,falling,EVENT_YEAR_RELATIVE,0.50,2025-05-01,0.49892745178859782,0.46522443091353305,True,739354.314649952,2025-04-13,-17.685350048,15,3,2,12
PHOTOPERIOD_UNCONSTRAINED,GSI-4398,2025-rising,2025,rising,ABSOLUTE_0_5,0.50,2025-09-05,0.5,0.20604738172288015,False,,,,16,0,0,16
PHOTOPERIOD_UNCONSTRAINED,GSI-4398,2025-rising,2025,rising,EVENT_YEAR_RELATIVE,0.50,2025-09-05,0.49892745178859782,0.20604738172288015,False,,,,16,0,0,16
PHOTOPERIOD_UNCONSTRAINED,GSI-4399,2024-falling,2024,falling,ABSOLUTE_0_5,0.50,2024-05-21,0.5,0.40026774520408431,True,739012.509040076,2024-05-06,-14.490959924,15,2,1,13
PHOTOPERIOD_UNCONSTRAINED,GSI-4399,2024-falling,2024,falling,EVENT_YEAR_RELATIVE,0.50,2024-05-21,0.42828033862071679,0.40026774520408431,True,738941.686406362,2024-02-25,-85.313593638,11,2,1,9
PHOTOPERIOD_UNCONSTRAINED,GSI-4399,2024-rising,2024,rising,ABSOLUTE_0_5,0.50,2024-08-24,0.5,0.28596011027982277,False,,,,16,0,0,16
PHOTOPERIOD_UNCONSTRAINED,GSI-4399,2024-rising,2024,rising,EVENT_YEAR_RELATIVE,0.50,2024-08-24,0.42828033862071679,0.28596011027982277,False,,,,12,0,0,12
PHOTOPERIOD_UNCONSTRAINED,GSI-4399,2025-falling,2025,falling,ABSOLUTE_0_5,0.50,2025-05-01,0.5,0.46522443091353305,True,739354.278911799,2025-04-13,-17.721088201,15,3,2,12
PHOTOPERIOD_UNCONSTRAINED,GSI-4399,2025-falling,2025,falling,EVENT_YEAR_RELATIVE,0.50,2025-05-01,0.49892745178859782,0.46522443091353305,True,739354.314649952,2025-04-13,-17.685350048,15,3,2,12
PHOTOPERIOD_UNCONSTRAINED,GSI-4399,2025-rising,2025,rising,ABSOLUTE_0_5,0.50,2025-09-05,0.5,0.20604738172288015,False,,,,16,0,0,16
PHOTOPERIOD_UNCONSTRAINED,GSI-4399,2025-rising,2025,rising,EVENT_YEAR_RELATIVE,0.50,2025-09-05,0.49892745178859782,0.20604738172288015,False,,,,16,0,0,16
PHOTOPERIOD_UNCONSTRAINED,GSI-4400,2024-falling,2024,falling,ABSOLUTE_0_5,0.50,2024-05-21,0.5,0.40026774520408431,True,739012.509040076,2024-05-06,-14.490959924,15,2,1,13
PHOTOPERIOD_UNCONSTRAINED,GSI-4400,2024-falling,2024,falling,EVENT_YEAR_RELATIVE,0.50,2024-05-21,0.42828033862071679,0.40026774520408431,True,738941.686406362,2024-02-25,-85.313593638,11,2,1,9
PHOTOPERIOD_UNCONSTRAINED,GSI-4400,2024-rising,2024,rising,ABSOLUTE_0_5,0.50,2024-08-24,0.5,0.28596011027982277,False,,,,16,0,0,16
PHOTOPERIOD_UNCONSTRAINED,GSI-4400,2024-rising,2024,rising,EVENT_YEAR_RELATIVE,0.50,2024-08-24,0.42828033862071679,0.28596011027982277,False,,,,12,0,0,12
PHOTOPERIOD_UNCONSTRAINED,GSI-4400,2025-falling,2025,falling,ABSOLUTE_0_5,0.50,2025-05-01,0.5,0.46522443091353305,True,739354.278911799,2025-04-13,-17.721088201,15,3,2,12
PHOTOPERIOD_UNCONSTRAINED,GSI-4400,2025-falling,2025,falling,EVENT_YEAR_RELATIVE,0.50,2025-05-01,0.49892745178859782,0.46522443091353305,True,739354.314649952,2025-04-13,-17.685350048,15,3,2,12
PHOTOPERIOD_UNCONSTRAINED,GSI-4400,2025-rising,2025,rising,ABSOLUTE_0_5,0.50,2025-09-05,0.5,0.20604738172288015,False,,,,16,0,0,16
PHOTOPERIOD_UNCONSTRAINED,GSI-4400,2025-rising,2025,rising,EVENT_YEAR_RELATIVE,0.50,2025-09-05,0.49892745178859782,0.20604738172288015,False,,,,16,0,0,16
PHOTOPERIOD_UNCONSTRAINED,GSI-4402,2024-falling,2024,falling,ABSOLUTE_0_5,0.50,2024-05-21,0.5,0.40026774520408431,True,739012.509040076,2024-05-06,-14.490959924,15,2,1,13
PHOTOPERIOD_UNCONSTRAINED,GSI-4402,2024-falling,2024,falling,EVENT_YEAR_RELATIVE,0.50,2024-05-21,0.42828033862071679,0.40026774520408431,True,738941.686406362,2024-02-25,-85.313593638,11,2,1,9
PHOTOPERIOD_UNCONSTRAINED,GSI-4402,2024-rising,2024,rising,ABSOLUTE_0_5,0.50,2024-08-24,0.5,0.28596011027982277,False,,,,16,0,0,16
PHOTOPERIOD_UNCONSTRAINED,GSI-4402,2024-rising,2024,rising,EVENT_YEAR_RELATIVE,0.50,2024-08-24,0.42828033862071679,0.28596011027982277,False,,,,12,0,0,12
PHOTOPERIOD_UNCONSTRAINED,GSI-4402,2025-falling,2025,falling,ABSOLUTE_0_5,0.50,2025-05-01,0.5,0.46522443091353305,True,739354.278911799,2025-04-13,-17.721088201,15,3,2,12
PHOTOPERIOD_UNCONSTRAINED,GSI-4402,2025-falling,2025,falling,EVENT_YEAR_RELATIVE,0.50,2025-05-01,0.49892745178859782,0.46522443091353305,True,739354.314649952,2025-04-13,-17.685350048,15,3,2,12
PHOTOPERIOD_UNCONSTRAINED,GSI-4402,2025-rising,2025,rising,ABSOLUTE_0_5,0.50,2025-09-05,0.5,0.20604738172288015,False,,,,16,0,0,16
PHOTOPERIOD_UNCONSTRAINED,GSI-4402,2025-rising,2025,rising,EVENT_YEAR_RELATIVE,0.50,2025-09-05,0.49892745178859782,0.20604738172288015,False,,,,16,0,0,16
PHOTOPERIOD_UNCONSTRAINED,GSI-4831,2024-falling,2024,falling,ABSOLUTE_0_5,0.50,2024-05-21,0.5,0.3689887884718781,True,739011.713295531,2024-05-05,-15.286704469,21,2,1,19
PHOTOPERIOD_UNCONSTRAINED,GSI-4831,2024-falling,2024,falling,EVENT_YEAR_RELATIVE,0.50,2024-05-21,0.42791989835615335,0.3689887884718781,True,738941.693975607,2024-02-25,-85.306024393,14,3,2,11
PHOTOPERIOD_UNCONSTRAINED,GSI-4831,2024-rising,2024,rising,ABSOLUTE_0_5,0.50,2024-08-24,0.5,0.23689838027962143,True,739083.361531152,2024-07-16,-38.638468848,22,3,2,19
PHOTOPERIOD_UNCONSTRAINED,GSI-4831,2024-rising,2024,rising,EVENT_YEAR_RELATIVE,0.50,2024-08-24,0.42791989835615335,0.23689838027962143,False,,,,15,0,0,15
PHOTOPERIOD_UNCONSTRAINED,GSI-4831,2025-falling,2025,falling,ABSOLUTE_0_5,0.50,2025-05-01,0.5,0.46238601052190326,True,739354.250207802,2025-04-13,-17.749792198,21,4,3,17
PHOTOPERIOD_UNCONSTRAINED,GSI-4831,2025-falling,2025,falling,EVENT_YEAR_RELATIVE,0.50,2025-05-01,0.49773031128397521,0.46238601052190326,True,739354.326175773,2025-04-13,-17.673824227,21,4,3,17
PHOTOPERIOD_UNCONSTRAINED,GSI-4831,2025-rising,2025,rising,ABSOLUTE_0_5,0.50,2025-09-05,0.5,0.17407523008597334,True,739456.229987868,2025-07-24,-42.770012132,22,2,1,20
PHOTOPERIOD_UNCONSTRAINED,GSI-4831,2025-rising,2025,rising,EVENT_YEAR_RELATIVE,0.50,2025-09-05,0.49773031128397521,0.17407523008597334,True,739456.114049594,2025-07-24,-42.885950406,22,2,1,20
PHOTOPERIOD_UNCONSTRAINED,GSI-4832,2024-falling,2024,falling,ABSOLUTE_0_5,0.50,2024-05-21,0.5,0.3689887884718781,True,739011.713295531,2024-05-05,-15.286704469,21,2,1,19
PHOTOPERIOD_UNCONSTRAINED,GSI-4832,2024-falling,2024,falling,EVENT_YEAR_RELATIVE,0.50,2024-05-21,0.42791989835615335,0.3689887884718781,True,738941.693975607,2024-02-25,-85.306024393,14,3,2,11
PHOTOPERIOD_UNCONSTRAINED,GSI-4832,2024-rising,2024,rising,ABSOLUTE_0_5,0.50,2024-08-24,0.5,0.23689838027962143,True,739083.361531152,2024-07-16,-38.638468848,22,3,2,19
PHOTOPERIOD_UNCONSTRAINED,GSI-4832,2024-rising,2024,rising,EVENT_YEAR_RELATIVE,0.50,2024-08-24,0.42791989835615335,0.23689838027962143,False,,,,15,0,0,15
PHOTOPERIOD_UNCONSTRAINED,GSI-4832,2025-falling,2025,falling,ABSOLUTE_0_5,0.50,2025-05-01,0.5,0.46238601052190326,True,739354.250207802,2025-04-13,-17.749792198,21,4,3,17
PHOTOPERIOD_UNCONSTRAINED,GSI-4832,2025-falling,2025,falling,EVENT_YEAR_RELATIVE,0.50,2025-05-01,0.49773031128397521,0.46238601052190326,True,739354.326175773,2025-04-13,-17.673824227,21,4,3,17
PHOTOPERIOD_UNCONSTRAINED,GSI-4832,2025-rising,2025,rising,ABSOLUTE_0_5,0.50,2025-09-05,0.5,0.17407523008597334,True,739456.229987868,2025-07-24,-42.770012132,22,2,1,20
PHOTOPERIOD_UNCONSTRAINED,GSI-4832,2025-rising,2025,rising,EVENT_YEAR_RELATIVE,0.50,2025-09-05,0.49773031128397521,0.17407523008597334,True,739456.114049594,2025-07-24,-42.885950406,22,2,1,20
PHOTOPERIOD_UNCONSTRAINED,GSI-4833,2024-falling,2024,falling,ABSOLUTE_0_5,0.50,2024-05-21,0.5,0.3689887884718781,True,739011.713295531,2024-05-05,-15.286704469,21,2,1,19
PHOTOPERIOD_UNCONSTRAINED,GSI-4833,2024-falling,2024,falling,EVENT_YEAR_RELATIVE,0.50,2024-05-21,0.42791989835615335,0.3689887884718781,True,738941.693975607,2024-02-25,-85.306024393,14,3,2,11
PHOTOPERIOD_UNCONSTRAINED,GSI-4833,2024-rising,2024,rising,ABSOLUTE_0_5,0.50,2024-08-24,0.5,0.23689838027962143,True,739083.361531152,2024-07-16,-38.638468848,22,3,2,19
PHOTOPERIOD_UNCONSTRAINED,GSI-4833,2024-rising,2024,rising,EVENT_YEAR_RELATIVE,0.50,2024-08-24,0.42791989835615335,0.23689838027962143,False,,,,15,0,0,15
PHOTOPERIOD_UNCONSTRAINED,GSI-4833,2025-falling,2025,falling,ABSOLUTE_0_5,0.50,2025-05-01,0.5,0.46238601052190326,True,739354.250207802,2025-04-13,-17.749792198,21,4,3,17
PHOTOPERIOD_UNCONSTRAINED,GSI-4833,2025-falling,2025,falling,EVENT_YEAR_RELATIVE,0.50,2025-05-01,0.49773031128397521,0.46238601052190326,True,739354.326175773,2025-04-13,-17.673824227,21,4,3,17
PHOTOPERIOD_UNCONSTRAINED,GSI-4833,2025-rising,2025,rising,ABSOLUTE_0_5,0.50,2025-09-05,0.5,0.17407523008597334,True,739456.229987868,2025-07-24,-42.770012132,22,2,1,20
PHOTOPERIOD_UNCONSTRAINED,GSI-4833,2025-rising,2025,rising,EVENT_YEAR_RELATIVE,0.50,2025-09-05,0.49773031128397521,0.17407523008597334,True,739456.114049594,2025-07-24,-42.885950406,22,2,1,20
PHOTOPERIOD_UNCONSTRAINED,GSI-4837,2024-falling,2024,falling,ABSOLUTE_0_5,0.50,2024-05-21,0.5,0.3689887884718781,True,739011.713295531,2024-05-05,-15.286704469,21,2,1,19
PHOTOPERIOD_UNCONSTRAINED,GSI-4837,2024-falling,2024,falling,EVENT_YEAR_RELATIVE,0.50,2024-05-21,0.42791989835615335,0.3689887884718781,True,738941.693975607,2024-02-25,-85.306024393,14,3,2,11
PHOTOPERIOD_UNCONSTRAINED,GSI-4837,2024-rising,2024,rising,ABSOLUTE_0_5,0.50,2024-08-24,0.5,0.23689838027962143,True,739083.361531152,2024-07-16,-38.638468848,22,3,2,19
PHOTOPERIOD_UNCONSTRAINED,GSI-4837,2024-rising,2024,rising,EVENT_YEAR_RELATIVE,0.50,2024-08-24,0.42791989835615335,0.23689838027962143,False,,,,15,0,0,15
PHOTOPERIOD_UNCONSTRAINED,GSI-4837,2025-falling,2025,falling,ABSOLUTE_0_5,0.50,2025-05-01,0.5,0.46238601052190326,True,739354.250207802,2025-04-13,-17.749792198,21,4,3,17
PHOTOPERIOD_UNCONSTRAINED,GSI-4837,2025-falling,2025,falling,EVENT_YEAR_RELATIVE,0.50,2025-05-01,0.49773031128397521,0.46238601052190326,True,739354.326175773,2025-04-13,-17.673824227,21,4,3,17
PHOTOPERIOD_UNCONSTRAINED,GSI-4837,2025-rising,2025,rising,ABSOLUTE_0_5,0.50,2025-09-05,0.5,0.17407523008597334,True,739456.229987868,2025-07-24,-42.770012132,22,2,1,20
PHOTOPERIOD_UNCONSTRAINED,GSI-4837,2025-rising,2025,rising,EVENT_YEAR_RELATIVE,0.50,2025-09-05,0.49773031128397521,0.17407523008597334,True,739456.114049594,2025-07-24,-42.885950406,22,2,1,20
PHOTOPERIOD_UNCONSTRAINED,GSI-4838,2024-falling,2024,falling,ABSOLUTE_0_5,0.50,2024-05-21,0.5,0.3689887884718781,True,739011.713295531,2024-05-05,-15.286704469,21,2,1,19
PHOTOPERIOD_UNCONSTRAINED,GSI-4838,2024-falling,2024,falling,EVENT_YEAR_RELATIVE,0.50,2024-05-21,0.42791989835615335,0.3689887884718781,True,738941.693975607,2024-02-25,-85.306024393,14,3,2,11
PHOTOPERIOD_UNCONSTRAINED,GSI-4838,2024-rising,2024,rising,ABSOLUTE_0_5,0.50,2024-08-24,0.5,0.23689838027962143,True,739083.361531152,2024-07-16,-38.638468848,22,3,2,19
PHOTOPERIOD_UNCONSTRAINED,GSI-4838,2024-rising,2024,rising,EVENT_YEAR_RELATIVE,0.50,2024-08-24,0.42791989835615335,0.23689838027962143,False,,,,15,0,0,15
PHOTOPERIOD_UNCONSTRAINED,GSI-4838,2025-falling,2025,falling,ABSOLUTE_0_5,0.50,2025-05-01,0.5,0.46238601052190326,True,739354.250207802,2025-04-13,-17.749792198,21,4,3,17
PHOTOPERIOD_UNCONSTRAINED,GSI-4838,2025-falling,2025,falling,EVENT_YEAR_RELATIVE,0.50,2025-05-01,0.49773031128397521,0.46238601052190326,True,739354.326175773,2025-04-13,-17.673824227,21,4,3,17
PHOTOPERIOD_UNCONSTRAINED,GSI-4838,2025-rising,2025,rising,ABSOLUTE_0_5,0.50,2025-09-05,0.5,0.17407523008597334,True,739456.229987868,2025-07-24,-42.770012132,22,2,1,20
PHOTOPERIOD_UNCONSTRAINED,GSI-4838,2025-rising,2025,rising,EVENT_YEAR_RELATIVE,0.50,2025-09-05,0.49773031128397521,0.17407523008597334,True,739456.114049594,2025-07-24,-42.885950406,22,2,1,20
PHOTOPERIOD_UNCONSTRAINED,GSI-4842,2024-falling,2024,falling,ABSOLUTE_0_5,0.50,2024-05-21,0.5,0.3689887884718781,True,739011.713295531,2024-05-05,-15.286704469,21,2,1,19
PHOTOPERIOD_UNCONSTRAINED,GSI-4842,2024-falling,2024,falling,EVENT_YEAR_RELATIVE,0.50,2024-05-21,0.42791989835615335,0.3689887884718781,True,738941.693975607,2024-02-25,-85.306024393,14,3,2,11
PHOTOPERIOD_UNCONSTRAINED,GSI-4842,2024-rising,2024,rising,ABSOLUTE_0_5,0.50,2024-08-24,0.5,0.23689838027962143,True,739083.361531152,2024-07-16,-38.638468848,22,3,2,19
PHOTOPERIOD_UNCONSTRAINED,GSI-4842,2024-rising,2024,rising,EVENT_YEAR_RELATIVE,0.50,2024-08-24,0.42791989835615335,0.23689838027962143,False,,,,15,0,0,15
PHOTOPERIOD_UNCONSTRAINED,GSI-4842,2025-falling,2025,falling,ABSOLUTE_0_5,0.50,2025-05-01,0.5,0.46238601052190326,True,739354.250207802,2025-04-13,-17.749792198,21,4,3,17
PHOTOPERIOD_UNCONSTRAINED,GSI-4842,2025-falling,2025,falling,EVENT_YEAR_RELATIVE,0.50,2025-05-01,0.49773031128397521,0.46238601052190326,True,739354.326175773,2025-04-13,-17.673824227,21,4,3,17
PHOTOPERIOD_UNCONSTRAINED,GSI-4842,2025-rising,2025,rising,ABSOLUTE_0_5,0.50,2025-09-05,0.5,0.17407523008597334,True,739456.229987868,2025-07-24,-42.770012132,22,2,1,20
PHOTOPERIOD_UNCONSTRAINED,GSI-4842,2025-rising,2025,rising,EVENT_YEAR_RELATIVE,0.50,2025-09-05,0.49773031128397521,0.17407523008597334,True,739456.114049594,2025-07-24,-42.885950406,22,2,1,20
PHOTOPERIOD_UNCONSTRAINED,GSI-5695,2024-falling,2024,falling,ABSOLUTE_0_5,0.50,2024-05-21,0.5,0.28154264239019061,True,738980.185536192,2024-04-04,-46.814463808,14,1,0,13
PHOTOPERIOD_UNCONSTRAINED,GSI-5695,2024-falling,2024,falling,EVENT_YEAR_RELATIVE,0.50,2024-05-21,0.3394732538775444,0.28154264239019061,True,739013.807052862,2024-05-07,-13.192947138,15,2,1,13
PHOTOPERIOD_UNCONSTRAINED,GSI-5695,2024-rising,2024,rising,ABSOLUTE_0_5,0.50,2024-08-24,0.5,0.20277252575846511,False,,,,14,0,0,14
PHOTOPERIOD_UNCONSTRAINED,GSI-5695,2024-rising,2024,rising,EVENT_YEAR_RELATIVE,0.50,2024-08-24,0.3394732538775444,0.20277252575846511,False,,,,16,0,0,16
PHOTOPERIOD_UNCONSTRAINED,GSI-5695,2025-falling,2025,falling,ABSOLUTE_0_5,0.50,2025-05-01,0.5,0.32723225179457266,True,739344.604309587,2025-04-03,-27.395690413,14,2,1,12
PHOTOPERIOD_UNCONSTRAINED,GSI-5695,2025-falling,2025,falling,EVENT_YEAR_RELATIVE,0.50,2025-05-01,0.43589896398165423,0.32723225179457266,True,739346.817160053,2025-04-05,-25.182839947,17,2,1,15
PHOTOPERIOD_UNCONSTRAINED,GSI-5695,2025-rising,2025,rising,ABSOLUTE_0_5,0.50,2025-09-05,0.5,0.14493079945340548,True,739465.206013923,2025-08-02,-33.793986077,14,1,0,13
PHOTOPERIOD_UNCONSTRAINED,GSI-5695,2025-rising,2025,rising,EVENT_YEAR_RELATIVE,0.50,2025-09-05,0.43589896398165423,0.14493079945340548,True,739456.224244432,2025-07-24,-42.775755568,18,2,1,16
PHOTOPERIOD_UNCONSTRAINED,GSI-5700,2024-falling,2024,falling,ABSOLUTE_0_5,0.50,2024-05-21,0.5,0.28154264239019061,True,738980.185536192,2024-04-04,-46.814463808,14,1,0,13
PHOTOPERIOD_UNCONSTRAINED,GSI-5700,2024-falling,2024,falling,EVENT_YEAR_RELATIVE,0.50,2024-05-21,0.3394732538775444,0.28154264239019061,True,739013.807052862,2024-05-07,-13.192947138,15,2,1,13
PHOTOPERIOD_UNCONSTRAINED,GSI-5700,2024-rising,2024,rising,ABSOLUTE_0_5,0.50,2024-08-24,0.5,0.20277252575846511,False,,,,14,0,0,14
PHOTOPERIOD_UNCONSTRAINED,GSI-5700,2024-rising,2024,rising,EVENT_YEAR_RELATIVE,0.50,2024-08-24,0.3394732538775444,0.20277252575846511,False,,,,16,0,0,16
PHOTOPERIOD_UNCONSTRAINED,GSI-5700,2025-falling,2025,falling,ABSOLUTE_0_5,0.50,2025-05-01,0.5,0.32723225179457266,True,739344.604309587,2025-04-03,-27.395690413,14,2,1,12
PHOTOPERIOD_UNCONSTRAINED,GSI-5700,2025-falling,2025,falling,EVENT_YEAR_RELATIVE,0.50,2025-05-01,0.43589896398165423,0.32723225179457266,True,739346.817160053,2025-04-05,-25.182839947,17,2,1,15
PHOTOPERIOD_UNCONSTRAINED,GSI-5700,2025-rising,2025,rising,ABSOLUTE_0_5,0.50,2025-09-05,0.5,0.14493079945340548,True,739465.206013923,2025-08-02,-33.793986077,14,1,0,13
PHOTOPERIOD_UNCONSTRAINED,GSI-5700,2025-rising,2025,rising,EVENT_YEAR_RELATIVE,0.50,2025-09-05,0.43589896398165423,0.14493079945340548,True,739456.224244432,2025-07-24,-42.775755568,18,2,1,16
PHOTOPERIOD_UNCONSTRAINED,GSI-5716,2024-falling,2024,falling,ABSOLUTE_0_5,0.50,2024-05-21,0.5,0.40026774520408431,True,739012.509040076,2024-05-06,-14.490959924,15,2,1,13
PHOTOPERIOD_UNCONSTRAINED,GSI-5716,2024-falling,2024,falling,EVENT_YEAR_RELATIVE,0.50,2024-05-21,0.42828033862071679,0.40026774520408431,True,738941.686406362,2024-02-25,-85.313593638,11,2,1,9
PHOTOPERIOD_UNCONSTRAINED,GSI-5716,2024-rising,2024,rising,ABSOLUTE_0_5,0.50,2024-08-24,0.5,0.28828067032983773,False,,,,16,0,0,16
PHOTOPERIOD_UNCONSTRAINED,GSI-5716,2024-rising,2024,rising,EVENT_YEAR_RELATIVE,0.50,2024-08-24,0.42828033862071679,0.28828067032983773,False,,,,12,0,0,12
PHOTOPERIOD_UNCONSTRAINED,GSI-5716,2025-falling,2025,falling,ABSOLUTE_0_5,0.50,2025-05-01,0.5,0.46522443091353305,True,739354.278911799,2025-04-13,-17.721088201,15,3,2,12
PHOTOPERIOD_UNCONSTRAINED,GSI-5716,2025-falling,2025,falling,EVENT_YEAR_RELATIVE,0.50,2025-05-01,0.49892745178859782,0.46522443091353305,True,739354.314649952,2025-04-13,-17.685350048,15,3,2,12
PHOTOPERIOD_UNCONSTRAINED,GSI-5716,2025-rising,2025,rising,ABSOLUTE_0_5,0.50,2025-09-05,0.5,0.20604738172288015,False,,,,16,0,0,16
PHOTOPERIOD_UNCONSTRAINED,GSI-5716,2025-rising,2025,rising,EVENT_YEAR_RELATIVE,0.50,2025-09-05,0.49892745178859782,0.20604738172288015,False,,,,16,0,0,16
PHOTOPERIOD_UNCONSTRAINED,GSI-5717,2024-falling,2024,falling,ABSOLUTE_0_5,0.50,2024-05-21,0.5,0.40026774520408431,True,739012.509040076,2024-05-06,-14.490959924,15,2,1,13
PHOTOPERIOD_UNCONSTRAINED,GSI-5717,2024-falling,2024,falling,EVENT_YEAR_RELATIVE,0.50,2024-05-21,0.42828033862071679,0.40026774520408431,True,738941.686406362,2024-02-25,-85.313593638,11,2,1,9
PHOTOPERIOD_UNCONSTRAINED,GSI-5717,2024-rising,2024,rising,ABSOLUTE_0_5,0.50,2024-08-24,0.5,0.28828067032983773,False,,,,16,0,0,16
PHOTOPERIOD_UNCONSTRAINED,GSI-5717,2024-rising,2024,rising,EVENT_YEAR_RELATIVE,0.50,2024-08-24,0.42828033862071679,0.28828067032983773,False,,,,12,0,0,12
PHOTOPERIOD_UNCONSTRAINED,GSI-5717,2025-falling,2025,falling,ABSOLUTE_0_5,0.50,2025-05-01,0.5,0.46522443091353305,True,739354.278911799,2025-04-13,-17.721088201,15,3,2,12
PHOTOPERIOD_UNCONSTRAINED,GSI-5717,2025-falling,2025,falling,EVENT_YEAR_RELATIVE,0.50,2025-05-01,0.49892745178859782,0.46522443091353305,True,739354.314649952,2025-04-13,-17.685350048,15,3,2,12
PHOTOPERIOD_UNCONSTRAINED,GSI-5717,2025-rising,2025,rising,ABSOLUTE_0_5,0.50,2025-09-05,0.5,0.20604738172288015,False,,,,16,0,0,16
PHOTOPERIOD_UNCONSTRAINED,GSI-5717,2025-rising,2025,rising,EVENT_YEAR_RELATIVE,0.50,2025-09-05,0.49892745178859782,0.20604738172288015,False,,,,16,0,0,16
PHOTOPERIOD_UNCONSTRAINED,GSI-5718,2024-falling,2024,falling,ABSOLUTE_0_5,0.50,2024-05-21,0.5,0.40026774520408431,True,739012.509040076,2024-05-06,-14.490959924,15,2,1,13
PHOTOPERIOD_UNCONSTRAINED,GSI-5718,2024-falling,2024,falling,EVENT_YEAR_RELATIVE,0.50,2024-05-21,0.42828033862071679,0.40026774520408431,True,738941.686406362,2024-02-25,-85.313593638,11,2,1,9
PHOTOPERIOD_UNCONSTRAINED,GSI-5718,2024-rising,2024,rising,ABSOLUTE_0_5,0.50,2024-08-24,0.5,0.28828067032983773,False,,,,16,0,0,16
PHOTOPERIOD_UNCONSTRAINED,GSI-5718,2024-rising,2024,rising,EVENT_YEAR_RELATIVE,0.50,2024-08-24,0.42828033862071679,0.28828067032983773,False,,,,12,0,0,12
PHOTOPERIOD_UNCONSTRAINED,GSI-5718,2025-falling,2025,falling,ABSOLUTE_0_5,0.50,2025-05-01,0.5,0.46522443091353305,True,739354.278911799,2025-04-13,-17.721088201,15,3,2,12
PHOTOPERIOD_UNCONSTRAINED,GSI-5718,2025-falling,2025,falling,EVENT_YEAR_RELATIVE,0.50,2025-05-01,0.49892745178859782,0.46522443091353305,True,739354.314649952,2025-04-13,-17.685350048,15,3,2,12
PHOTOPERIOD_UNCONSTRAINED,GSI-5718,2025-rising,2025,rising,ABSOLUTE_0_5,0.50,2025-09-05,0.5,0.20604738172288015,False,,,,16,0,0,16
PHOTOPERIOD_UNCONSTRAINED,GSI-5718,2025-rising,2025,rising,EVENT_YEAR_RELATIVE,0.50,2025-09-05,0.49892745178859782,0.20604738172288015,False,,,,16,0,0,16
PHOTOPERIOD_UNCONSTRAINED,GSI-5721,2024-falling,2024,falling,ABSOLUTE_0_5,0.50,2024-05-21,0.5,0.40026774520408431,True,739012.509040076,2024-05-06,-14.490959924,15,2,1,13
PHOTOPERIOD_UNCONSTRAINED,GSI-5721,2024-falling,2024,falling,EVENT_YEAR_RELATIVE,0.50,2024-05-21,0.42828033862071679,0.40026774520408431,True,738941.686406362,2024-02-25,-85.313593638,11,2,1,9
PHOTOPERIOD_UNCONSTRAINED,GSI-5721,2024-rising,2024,rising,ABSOLUTE_0_5,0.50,2024-08-24,0.5,0.28828067032983773,False,,,,16,0,0,16
PHOTOPERIOD_UNCONSTRAINED,GSI-5721,2024-rising,2024,rising,EVENT_YEAR_RELATIVE,0.50,2024-08-24,0.42828033862071679,0.28828067032983773,False,,,,12,0,0,12
PHOTOPERIOD_UNCONSTRAINED,GSI-5721,2025-falling,2025,falling,ABSOLUTE_0_5,0.50,2025-05-01,0.5,0.46522443091353305,True,739354.278911799,2025-04-13,-17.721088201,15,3,2,12
PHOTOPERIOD_UNCONSTRAINED,GSI-5721,2025-falling,2025,falling,EVENT_YEAR_RELATIVE,0.50,2025-05-01,0.49892745178859782,0.46522443091353305,True,739354.314649952,2025-04-13,-17.685350048,15,3,2,12
PHOTOPERIOD_UNCONSTRAINED,GSI-5721,2025-rising,2025,rising,ABSOLUTE_0_5,0.50,2025-09-05,0.5,0.20604738172288015,False,,,,16,0,0,16
PHOTOPERIOD_UNCONSTRAINED,GSI-5721,2025-rising,2025,rising,EVENT_YEAR_RELATIVE,0.50,2025-09-05,0.49892745178859782,0.20604738172288015,False,,,,16,0,0,16
PHOTOPERIOD_UNCONSTRAINED,GSI-5722,2024-falling,2024,falling,ABSOLUTE_0_5,0.50,2024-05-21,0.5,0.40026774520408431,True,739012.509040076,2024-05-06,-14.490959924,15,2,1,13
PHOTOPERIOD_UNCONSTRAINED,GSI-5722,2024-falling,2024,falling,EVENT_YEAR_RELATIVE,0.50,2024-05-21,0.42828033862071679,0.40026774520408431,True,738941.686406362,2024-02-25,-85.313593638,11,2,1,9
PHOTOPERIOD_UNCONSTRAINED,GSI-5722,2024-rising,2024,rising,ABSOLUTE_0_5,0.50,2024-08-24,0.5,0.28828067032983773,False,,,,16,0,0,16
PHOTOPERIOD_UNCONSTRAINED,GSI-5722,2024-rising,2024,rising,EVENT_YEAR_RELATIVE,0.50,2024-08-24,0.42828033862071679,0.28828067032983773,False,,,,12,0,0,12
PHOTOPERIOD_UNCONSTRAINED,GSI-5722,2025-falling,2025,falling,ABSOLUTE_0_5,0.50,2025-05-01,0.5,0.46522443091353305,True,739354.278911799,2025-04-13,-17.721088201,15,3,2,12
PHOTOPERIOD_UNCONSTRAINED,GSI-5722,2025-falling,2025,falling,EVENT_YEAR_RELATIVE,0.50,2025-05-01,0.49892745178859782,0.46522443091353305,True,739354.314649952,2025-04-13,-17.685350048,15,3,2,12
PHOTOPERIOD_UNCONSTRAINED,GSI-5722,2025-rising,2025,rising,ABSOLUTE_0_5,0.50,2025-09-05,0.5,0.20604738172288015,False,,,,16,0,0,16
PHOTOPERIOD_UNCONSTRAINED,GSI-5722,2025-rising,2025,rising,EVENT_YEAR_RELATIVE,0.50,2025-09-05,0.49892745178859782,0.20604738172288015,False,,,,16,0,0,16
PHOTOPERIOD_UNCONSTRAINED,GSI-5723,2024-falling,2024,falling,ABSOLUTE_0_5,0.50,2024-05-21,0.5,0.40026774520408431,True,739012.509040076,2024-05-06,-14.490959924,15,2,1,13
PHOTOPERIOD_UNCONSTRAINED,GSI-5723,2024-falling,2024,falling,EVENT_YEAR_RELATIVE,0.50,2024-05-21,0.42828033862071679,0.40026774520408431,True,738941.686406362,2024-02-25,-85.313593638,11,2,1,9
PHOTOPERIOD_UNCONSTRAINED,GSI-5723,2024-rising,2024,rising,ABSOLUTE_0_5,0.50,2024-08-24,0.5,0.28828067032983773,False,,,,16,0,0,16
PHOTOPERIOD_UNCONSTRAINED,GSI-5723,2024-rising,2024,rising,EVENT_YEAR_RELATIVE,0.50,2024-08-24,0.42828033862071679,0.28828067032983773,False,,,,12,0,0,12
PHOTOPERIOD_UNCONSTRAINED,GSI-5723,2025-falling,2025,falling,ABSOLUTE_0_5,0.50,2025-05-01,0.5,0.46522443091353305,True,739354.278911799,2025-04-13,-17.721088201,15,3,2,12
PHOTOPERIOD_UNCONSTRAINED,GSI-5723,2025-falling,2025,falling,EVENT_YEAR_RELATIVE,0.50,2025-05-01,0.49892745178859782,0.46522443091353305,True,739354.314649952,2025-04-13,-17.685350048,15,3,2,12
PHOTOPERIOD_UNCONSTRAINED,GSI-5723,2025-rising,2025,rising,ABSOLUTE_0_5,0.50,2025-09-05,0.5,0.20604738172288015,False,,,,16,0,0,16
PHOTOPERIOD_UNCONSTRAINED,GSI-5723,2025-rising,2025,rising,EVENT_YEAR_RELATIVE,0.50,2025-09-05,0.49892745178859782,0.20604738172288015,False,,,,16,0,0,16
PHOTOPERIOD_UNCONSTRAINED,GSI-5725,2024-falling,2024,falling,ABSOLUTE_0_5,0.50,2024-05-21,0.5,0.40026774520408431,True,739012.509040076,2024-05-06,-14.490959924,15,2,1,13
PHOTOPERIOD_UNCONSTRAINED,GSI-5725,2024-falling,2024,falling,EVENT_YEAR_RELATIVE,0.50,2024-05-21,0.42828033862071679,0.40026774520408431,True,738941.686406362,2024-02-25,-85.313593638,11,2,1,9
PHOTOPERIOD_UNCONSTRAINED,GSI-5725,2024-rising,2024,rising,ABSOLUTE_0_5,0.50,2024-08-24,0.5,0.28828067032983773,False,,,,16,0,0,16
PHOTOPERIOD_UNCONSTRAINED,GSI-5725,2024-rising,2024,rising,EVENT_YEAR_RELATIVE,0.50,2024-08-24,0.42828033862071679,0.28828067032983773,False,,,,12,0,0,12
PHOTOPERIOD_UNCONSTRAINED,GSI-5725,2025-falling,2025,falling,ABSOLUTE_0_5,0.50,2025-05-01,0.5,0.46522443091353305,True,739354.278911799,2025-04-13,-17.721088201,15,3,2,12
PHOTOPERIOD_UNCONSTRAINED,GSI-5725,2025-falling,2025,falling,EVENT_YEAR_RELATIVE,0.50,2025-05-01,0.49892745178859782,0.46522443091353305,True,739354.314649952,2025-04-13,-17.685350048,15,3,2,12
PHOTOPERIOD_UNCONSTRAINED,GSI-5725,2025-rising,2025,rising,ABSOLUTE_0_5,0.50,2025-09-05,0.5,0.20604738172288015,False,,,,16,0,0,16
PHOTOPERIOD_UNCONSTRAINED,GSI-5725,2025-rising,2025,rising,EVENT_YEAR_RELATIVE,0.50,2025-09-05,0.49892745178859782,0.20604738172288015,False,,,,16,0,0,16
PHOTOPERIOD_AND_VPD_UNCONSTRAINED,GSI-2198,2024-falling,2024,falling,ABSOLUTE_0_5,0.50,2024-05-21,0.5,1,False,,,,0,0,0,0
PHOTOPERIOD_AND_VPD_UNCONSTRAINED,GSI-2198,2024-falling,2024,falling,EVENT_YEAR_RELATIVE,0.50,2024-05-21,0.99666559870895777,1,True,739066.852631579,2024-06-29,39.852631579,9,2,1,7
PHOTOPERIOD_AND_VPD_UNCONSTRAINED,GSI-2198,2024-rising,2024,rising,ABSOLUTE_0_5,0.50,2024-08-24,0.5,0.99679612687337582,False,,,,0,0,0,0
PHOTOPERIOD_AND_VPD_UNCONSTRAINED,GSI-2198,2024-rising,2024,rising,EVENT_YEAR_RELATIVE,0.50,2024-08-24,0.99666559870895777,0.99679612687337582,True,739092.545454545,2024-07-25,-29.454545455,9,3,2,6
PHOTOPERIOD_AND_VPD_UNCONSTRAINED,GSI-2198,2025-falling,2025,falling,ABSOLUTE_0_5,0.50,2025-05-01,0.5,1,False,,,,0,0,0,0
PHOTOPERIOD_AND_VPD_UNCONSTRAINED,GSI-2198,2025-falling,2025,falling,EVENT_YEAR_RELATIVE,0.50,2025-05-01,0.99158093339503761,1,False,,,,4,0,0,4
PHOTOPERIOD_AND_VPD_UNCONSTRAINED,GSI-2198,2025-rising,2025,rising,ABSOLUTE_0_5,0.50,2025-09-05,0.5,1,False,,,,0,0,0,0
PHOTOPERIOD_AND_VPD_UNCONSTRAINED,GSI-2198,2025-rising,2025,rising,EVENT_YEAR_RELATIVE,0.50,2025-09-05,0.99158093339503761,1,True,739487.246134021,2025-08-24,-11.753865979,4,1,0,3
PHOTOPERIOD_AND_VPD_UNCONSTRAINED,GSI-2199,2024-falling,2024,falling,ABSOLUTE_0_5,0.50,2024-05-21,0.5,1,False,,,,0,0,0,0
PHOTOPERIOD_AND_VPD_UNCONSTRAINED,GSI-2199,2024-falling,2024,falling,EVENT_YEAR_RELATIVE,0.50,2024-05-21,0.99666559870895777,1,True,739066.852631579,2024-06-29,39.852631579,9,2,1,7
PHOTOPERIOD_AND_VPD_UNCONSTRAINED,GSI-2199,2024-rising,2024,rising,ABSOLUTE_0_5,0.50,2024-08-24,0.5,0.99679612687337582,False,,,,0,0,0,0
PHOTOPERIOD_AND_VPD_UNCONSTRAINED,GSI-2199,2024-rising,2024,rising,EVENT_YEAR_RELATIVE,0.50,2024-08-24,0.99666559870895777,0.99679612687337582,True,739092.545454545,2024-07-25,-29.454545455,9,3,2,6
PHOTOPERIOD_AND_VPD_UNCONSTRAINED,GSI-2199,2025-falling,2025,falling,ABSOLUTE_0_5,0.50,2025-05-01,0.5,1,False,,,,0,0,0,0
PHOTOPERIOD_AND_VPD_UNCONSTRAINED,GSI-2199,2025-falling,2025,falling,EVENT_YEAR_RELATIVE,0.50,2025-05-01,0.99158093339503761,1,False,,,,4,0,0,4
PHOTOPERIOD_AND_VPD_UNCONSTRAINED,GSI-2199,2025-rising,2025,rising,ABSOLUTE_0_5,0.50,2025-09-05,0.5,1,False,,,,0,0,0,0
PHOTOPERIOD_AND_VPD_UNCONSTRAINED,GSI-2199,2025-rising,2025,rising,EVENT_YEAR_RELATIVE,0.50,2025-09-05,0.99158093339503761,1,True,739487.246134021,2025-08-24,-11.753865979,4,1,0,3
PHOTOPERIOD_AND_VPD_UNCONSTRAINED,GSI-2629,2024-falling,2024,falling,ABSOLUTE_0_5,0.50,2024-05-21,0.5,0.94801361404776952,False,,,,0,0,0,0
PHOTOPERIOD_AND_VPD_UNCONSTRAINED,GSI-2629,2024-falling,2024,falling,EVENT_YEAR_RELATIVE,0.50,2024-05-21,0.92752226338564103,0.94801361404776952,True,739034.216524217,2024-05-28,7.216524217,5,1,0,4
PHOTOPERIOD_AND_VPD_UNCONSTRAINED,GSI-2629,2024-rising,2024,rising,ABSOLUTE_0_5,0.50,2024-08-24,0.5,0.88237302089294489,False,,,,0,0,0,0
PHOTOPERIOD_AND_VPD_UNCONSTRAINED,GSI-2629,2024-rising,2024,rising,EVENT_YEAR_RELATIVE,0.50,2024-08-24,0.92752226338564103,0.88237302089294489,True,739139.600886918,2024-09-10,17.600886918,4,1,0,3
PHOTOPERIOD_AND_VPD_UNCONSTRAINED,GSI-2629,2025-falling,2025,falling,ABSOLUTE_0_5,0.50,2025-05-01,0.5,0.99698804252883955,False,,,,0,0,0,0
PHOTOPERIOD_AND_VPD_UNCONSTRAINED,GSI-2629,2025-falling,2025,falling,EVENT_YEAR_RELATIVE,0.50,2025-05-01,0.92471612300834305,0.99698804252883955,True,739402.343877551,2025-05-31,30.343877551,5,1,0,4
PHOTOPERIOD_AND_VPD_UNCONSTRAINED,GSI-2629,2025-rising,2025,rising,ABSOLUTE_0_5,0.50,2025-09-05,0.5,0.89850707308012812,False,,,,0,0,0,0
PHOTOPERIOD_AND_VPD_UNCONSTRAINED,GSI-2629,2025-rising,2025,rising,EVENT_YEAR_RELATIVE,0.50,2025-09-05,0.92471612300834305,0.89850707308012812,True,739506.417883212,2025-09-12,7.417883212,4,1,0,3
PHOTOPERIOD_AND_VPD_UNCONSTRAINED,GSI-2630,2024-falling,2024,falling,ABSOLUTE_0_5,0.50,2024-05-21,0.5,0.94801361404776952,False,,,,0,0,0,0
PHOTOPERIOD_AND_VPD_UNCONSTRAINED,GSI-2630,2024-falling,2024,falling,EVENT_YEAR_RELATIVE,0.50,2024-05-21,0.92752226338564103,0.94801361404776952,True,739034.216524217,2024-05-28,7.216524217,5,1,0,4
PHOTOPERIOD_AND_VPD_UNCONSTRAINED,GSI-2630,2024-rising,2024,rising,ABSOLUTE_0_5,0.50,2024-08-24,0.5,0.88237302089294489,False,,,,0,0,0,0
PHOTOPERIOD_AND_VPD_UNCONSTRAINED,GSI-2630,2024-rising,2024,rising,EVENT_YEAR_RELATIVE,0.50,2024-08-24,0.92752226338564103,0.88237302089294489,True,739139.600886918,2024-09-10,17.600886918,4,1,0,3
PHOTOPERIOD_AND_VPD_UNCONSTRAINED,GSI-2630,2025-falling,2025,falling,ABSOLUTE_0_5,0.50,2025-05-01,0.5,0.99698804252883955,False,,,,0,0,0,0
PHOTOPERIOD_AND_VPD_UNCONSTRAINED,GSI-2630,2025-falling,2025,falling,EVENT_YEAR_RELATIVE,0.50,2025-05-01,0.92471612300834305,0.99698804252883955,True,739402.343877551,2025-05-31,30.343877551,5,1,0,4
PHOTOPERIOD_AND_VPD_UNCONSTRAINED,GSI-2630,2025-rising,2025,rising,ABSOLUTE_0_5,0.50,2025-09-05,0.5,0.89850707308012812,False,,,,0,0,0,0
PHOTOPERIOD_AND_VPD_UNCONSTRAINED,GSI-2630,2025-rising,2025,rising,EVENT_YEAR_RELATIVE,0.50,2025-09-05,0.92471612300834305,0.89850707308012812,True,739506.417883212,2025-09-12,7.417883212,4,1,0,3
PHOTOPERIOD_AND_VPD_UNCONSTRAINED,GSI-2631,2024-falling,2024,falling,ABSOLUTE_0_5,0.50,2024-05-21,0.5,0.94801361404776952,False,,,,0,0,0,0
PHOTOPERIOD_AND_VPD_UNCONSTRAINED,GSI-2631,2024-falling,2024,falling,EVENT_YEAR_RELATIVE,0.50,2024-05-21,0.92752226338564103,0.94801361404776952,True,739034.216524217,2024-05-28,7.216524217,5,1,0,4
PHOTOPERIOD_AND_VPD_UNCONSTRAINED,GSI-2631,2024-rising,2024,rising,ABSOLUTE_0_5,0.50,2024-08-24,0.5,0.88237302089294489,False,,,,0,0,0,0
PHOTOPERIOD_AND_VPD_UNCONSTRAINED,GSI-2631,2024-rising,2024,rising,EVENT_YEAR_RELATIVE,0.50,2024-08-24,0.92752226338564103,0.88237302089294489,True,739139.600886918,2024-09-10,17.600886918,4,1,0,3
PHOTOPERIOD_AND_VPD_UNCONSTRAINED,GSI-2631,2025-falling,2025,falling,ABSOLUTE_0_5,0.50,2025-05-01,0.5,0.99698804252883955,False,,,,0,0,0,0
PHOTOPERIOD_AND_VPD_UNCONSTRAINED,GSI-2631,2025-falling,2025,falling,EVENT_YEAR_RELATIVE,0.50,2025-05-01,0.92471612300834305,0.99698804252883955,True,739402.343877551,2025-05-31,30.343877551,5,1,0,4
PHOTOPERIOD_AND_VPD_UNCONSTRAINED,GSI-2631,2025-rising,2025,rising,ABSOLUTE_0_5,0.50,2025-09-05,0.5,0.89850707308012812,False,,,,0,0,0,0
PHOTOPERIOD_AND_VPD_UNCONSTRAINED,GSI-2631,2025-rising,2025,rising,EVENT_YEAR_RELATIVE,0.50,2025-09-05,0.92471612300834305,0.89850707308012812,True,739506.417883212,2025-09-12,7.417883212,4,1,0,3
PHOTOPERIOD_AND_VPD_UNCONSTRAINED,GSI-2634,2024-falling,2024,falling,ABSOLUTE_0_5,0.50,2024-05-21,0.5,0.94801361404776952,False,,,,0,0,0,0
PHOTOPERIOD_AND_VPD_UNCONSTRAINED,GSI-2634,2024-falling,2024,falling,EVENT_YEAR_RELATIVE,0.50,2024-05-21,0.92752226338564103,0.94801361404776952,True,739034.216524217,2024-05-28,7.216524217,5,1,0,4
PHOTOPERIOD_AND_VPD_UNCONSTRAINED,GSI-2634,2024-rising,2024,rising,ABSOLUTE_0_5,0.50,2024-08-24,0.5,0.88237302089294489,False,,,,0,0,0,0
PHOTOPERIOD_AND_VPD_UNCONSTRAINED,GSI-2634,2024-rising,2024,rising,EVENT_YEAR_RELATIVE,0.50,2024-08-24,0.92752226338564103,0.88237302089294489,True,739139.600886918,2024-09-10,17.600886918,4,1,0,3
PHOTOPERIOD_AND_VPD_UNCONSTRAINED,GSI-2634,2025-falling,2025,falling,ABSOLUTE_0_5,0.50,2025-05-01,0.5,0.99698804252883955,False,,,,0,0,0,0
PHOTOPERIOD_AND_VPD_UNCONSTRAINED,GSI-2634,2025-falling,2025,falling,EVENT_YEAR_RELATIVE,0.50,2025-05-01,0.92471612300834305,0.99698804252883955,True,739402.343877551,2025-05-31,30.343877551,5,1,0,4
PHOTOPERIOD_AND_VPD_UNCONSTRAINED,GSI-2634,2025-rising,2025,rising,ABSOLUTE_0_5,0.50,2025-09-05,0.5,0.89850707308012812,False,,,,0,0,0,0
PHOTOPERIOD_AND_VPD_UNCONSTRAINED,GSI-2634,2025-rising,2025,rising,EVENT_YEAR_RELATIVE,0.50,2025-09-05,0.92471612300834305,0.89850707308012812,True,739506.417883212,2025-09-12,7.417883212,4,1,0,3
PHOTOPERIOD_AND_VPD_UNCONSTRAINED,GSI-2635,2024-falling,2024,falling,ABSOLUTE_0_5,0.50,2024-05-21,0.5,0.94801361404776952,False,,,,0,0,0,0
PHOTOPERIOD_AND_VPD_UNCONSTRAINED,GSI-2635,2024-falling,2024,falling,EVENT_YEAR_RELATIVE,0.50,2024-05-21,0.92752226338564103,0.94801361404776952,True,739034.216524217,2024-05-28,7.216524217,5,1,0,4
PHOTOPERIOD_AND_VPD_UNCONSTRAINED,GSI-2635,2024-rising,2024,rising,ABSOLUTE_0_5,0.50,2024-08-24,0.5,0.88237302089294489,False,,,,0,0,0,0
PHOTOPERIOD_AND_VPD_UNCONSTRAINED,GSI-2635,2024-rising,2024,rising,EVENT_YEAR_RELATIVE,0.50,2024-08-24,0.92752226338564103,0.88237302089294489,True,739139.600886918,2024-09-10,17.600886918,4,1,0,3
PHOTOPERIOD_AND_VPD_UNCONSTRAINED,GSI-2635,2025-falling,2025,falling,ABSOLUTE_0_5,0.50,2025-05-01,0.5,0.99698804252883955,False,,,,0,0,0,0
PHOTOPERIOD_AND_VPD_UNCONSTRAINED,GSI-2635,2025-falling,2025,falling,EVENT_YEAR_RELATIVE,0.50,2025-05-01,0.92471612300834305,0.99698804252883955,True,739402.343877551,2025-05-31,30.343877551,5,1,0,4
PHOTOPERIOD_AND_VPD_UNCONSTRAINED,GSI-2635,2025-rising,2025,rising,ABSOLUTE_0_5,0.50,2025-09-05,0.5,0.89850707308012812,False,,,,0,0,0,0
PHOTOPERIOD_AND_VPD_UNCONSTRAINED,GSI-2635,2025-rising,2025,rising,EVENT_YEAR_RELATIVE,0.50,2025-09-05,0.92471612300834305,0.89850707308012812,True,739506.417883212,2025-09-12,7.417883212,4,1,0,3
PHOTOPERIOD_AND_VPD_UNCONSTRAINED,GSI-2636,2024-falling,2024,falling,ABSOLUTE_0_5,0.50,2024-05-21,0.5,0.94801361404776952,False,,,,0,0,0,0
PHOTOPERIOD_AND_VPD_UNCONSTRAINED,GSI-2636,2024-falling,2024,falling,EVENT_YEAR_RELATIVE,0.50,2024-05-21,0.92752226338564103,0.94801361404776952,True,739034.216524217,2024-05-28,7.216524217,5,1,0,4
PHOTOPERIOD_AND_VPD_UNCONSTRAINED,GSI-2636,2024-rising,2024,rising,ABSOLUTE_0_5,0.50,2024-08-24,0.5,0.88237302089294489,False,,,,0,0,0,0
PHOTOPERIOD_AND_VPD_UNCONSTRAINED,GSI-2636,2024-rising,2024,rising,EVENT_YEAR_RELATIVE,0.50,2024-08-24,0.92752226338564103,0.88237302089294489,True,739139.600886918,2024-09-10,17.600886918,4,1,0,3
PHOTOPERIOD_AND_VPD_UNCONSTRAINED,GSI-2636,2025-falling,2025,falling,ABSOLUTE_0_5,0.50,2025-05-01,0.5,0.99698804252883955,False,,,,0,0,0,0
PHOTOPERIOD_AND_VPD_UNCONSTRAINED,GSI-2636,2025-falling,2025,falling,EVENT_YEAR_RELATIVE,0.50,2025-05-01,0.92471612300834305,0.99698804252883955,True,739402.343877551,2025-05-31,30.343877551,5,1,0,4
PHOTOPERIOD_AND_VPD_UNCONSTRAINED,GSI-2636,2025-rising,2025,rising,ABSOLUTE_0_5,0.50,2025-09-05,0.5,0.89850707308012812,False,,,,0,0,0,0
PHOTOPERIOD_AND_VPD_UNCONSTRAINED,GSI-2636,2025-rising,2025,rising,EVENT_YEAR_RELATIVE,0.50,2025-09-05,0.92471612300834305,0.89850707308012812,True,739506.417883212,2025-09-12,7.417883212,4,1,0,3
PHOTOPERIOD_AND_VPD_UNCONSTRAINED,GSI-2638,2024-falling,2024,falling,ABSOLUTE_0_5,0.50,2024-05-21,0.5,0.94801361404776952,False,,,,0,0,0,0
PHOTOPERIOD_AND_VPD_UNCONSTRAINED,GSI-2638,2024-falling,2024,falling,EVENT_YEAR_RELATIVE,0.50,2024-05-21,0.92752226338564103,0.94801361404776952,True,739034.216524217,2024-05-28,7.216524217,5,1,0,4
PHOTOPERIOD_AND_VPD_UNCONSTRAINED,GSI-2638,2024-rising,2024,rising,ABSOLUTE_0_5,0.50,2024-08-24,0.5,0.88237302089294489,False,,,,0,0,0,0
PHOTOPERIOD_AND_VPD_UNCONSTRAINED,GSI-2638,2024-rising,2024,rising,EVENT_YEAR_RELATIVE,0.50,2024-08-24,0.92752226338564103,0.88237302089294489,True,739139.600886918,2024-09-10,17.600886918,4,1,0,3
PHOTOPERIOD_AND_VPD_UNCONSTRAINED,GSI-2638,2025-falling,2025,falling,ABSOLUTE_0_5,0.50,2025-05-01,0.5,0.99698804252883955,False,,,,0,0,0,0
PHOTOPERIOD_AND_VPD_UNCONSTRAINED,GSI-2638,2025-falling,2025,falling,EVENT_YEAR_RELATIVE,0.50,2025-05-01,0.92471612300834305,0.99698804252883955,True,739402.343877551,2025-05-31,30.343877551,5,1,0,4
PHOTOPERIOD_AND_VPD_UNCONSTRAINED,GSI-2638,2025-rising,2025,rising,ABSOLUTE_0_5,0.50,2025-09-05,0.5,0.89850707308012812,False,,,,0,0,0,0
PHOTOPERIOD_AND_VPD_UNCONSTRAINED,GSI-2638,2025-rising,2025,rising,EVENT_YEAR_RELATIVE,0.50,2025-09-05,0.92471612300834305,0.89850707308012812,True,739506.417883212,2025-09-12,7.417883212,4,1,0,3
PHOTOPERIOD_AND_VPD_UNCONSTRAINED,GSI-3941,2024-falling,2024,falling,ABSOLUTE_0_5,0.50,2024-05-21,0.5,1,False,,,,0,0,0,0
PHOTOPERIOD_AND_VPD_UNCONSTRAINED,GSI-3941,2024-falling,2024,falling,EVENT_YEAR_RELATIVE,0.50,2024-05-21,,1,False,,,,0,0,0,0
PHOTOPERIOD_AND_VPD_UNCONSTRAINED,GSI-3941,2024-rising,2024,rising,ABSOLUTE_0_5,0.50,2024-08-24,0.5,1,False,,,,0,0,0,0
PHOTOPERIOD_AND_VPD_UNCONSTRAINED,GSI-3941,2024-rising,2024,rising,EVENT_YEAR_RELATIVE,0.50,2024-08-24,,1,False,,,,0,0,0,0
PHOTOPERIOD_AND_VPD_UNCONSTRAINED,GSI-3941,2025-falling,2025,falling,ABSOLUTE_0_5,0.50,2025-05-01,0.5,1,False,,,,0,0,0,0
PHOTOPERIOD_AND_VPD_UNCONSTRAINED,GSI-3941,2025-falling,2025,falling,EVENT_YEAR_RELATIVE,0.50,2025-05-01,,1,False,,,,0,0,0,0
PHOTOPERIOD_AND_VPD_UNCONSTRAINED,GSI-3941,2025-rising,2025,rising,ABSOLUTE_0_5,0.50,2025-09-05,0.5,1,False,,,,0,0,0,0
PHOTOPERIOD_AND_VPD_UNCONSTRAINED,GSI-3941,2025-rising,2025,rising,EVENT_YEAR_RELATIVE,0.50,2025-09-05,,1,False,,,,0,0,0,0
PHOTOPERIOD_AND_VPD_UNCONSTRAINED,GSI-3942,2024-falling,2024,falling,ABSOLUTE_0_5,0.50,2024-05-21,0.5,1,False,,,,0,0,0,0
PHOTOPERIOD_AND_VPD_UNCONSTRAINED,GSI-3942,2024-falling,2024,falling,EVENT_YEAR_RELATIVE,0.50,2024-05-21,,1,False,,,,0,0,0,0
PHOTOPERIOD_AND_VPD_UNCONSTRAINED,GSI-3942,2024-rising,2024,rising,ABSOLUTE_0_5,0.50,2024-08-24,0.5,1,False,,,,0,0,0,0
PHOTOPERIOD_AND_VPD_UNCONSTRAINED,GSI-3942,2024-rising,2024,rising,EVENT_YEAR_RELATIVE,0.50,2024-08-24,,1,False,,,,0,0,0,0
PHOTOPERIOD_AND_VPD_UNCONSTRAINED,GSI-3942,2025-falling,2025,falling,ABSOLUTE_0_5,0.50,2025-05-01,0.5,1,False,,,,0,0,0,0
PHOTOPERIOD_AND_VPD_UNCONSTRAINED,GSI-3942,2025-falling,2025,falling,EVENT_YEAR_RELATIVE,0.50,2025-05-01,,1,False,,,,0,0,0,0
PHOTOPERIOD_AND_VPD_UNCONSTRAINED,GSI-3942,2025-rising,2025,rising,ABSOLUTE_0_5,0.50,2025-09-05,0.5,1,False,,,,0,0,0,0
PHOTOPERIOD_AND_VPD_UNCONSTRAINED,GSI-3942,2025-rising,2025,rising,EVENT_YEAR_RELATIVE,0.50,2025-09-05,,1,False,,,,0,0,0,0
PHOTOPERIOD_AND_VPD_UNCONSTRAINED,GSI-3962,2024-falling,2024,falling,ABSOLUTE_0_5,0.50,2024-05-21,0.5,1,False,,,,0,0,0,0
PHOTOPERIOD_AND_VPD_UNCONSTRAINED,GSI-3962,2024-falling,2024,falling,EVENT_YEAR_RELATIVE,0.50,2024-05-21,,1,False,,,,0,0,0,0
PHOTOPERIOD_AND_VPD_UNCONSTRAINED,GSI-3962,2024-rising,2024,rising,ABSOLUTE_0_5,0.50,2024-08-24,0.5,1,False,,,,0,0,0,0
PHOTOPERIOD_AND_VPD_UNCONSTRAINED,GSI-3962,2024-rising,2024,rising,EVENT_YEAR_RELATIVE,0.50,2024-08-24,,1,False,,,,0,0,0,0
PHOTOPERIOD_AND_VPD_UNCONSTRAINED,GSI-3962,2025-falling,2025,falling,ABSOLUTE_0_5,0.50,2025-05-01,0.5,1,False,,,,0,0,0,0
PHOTOPERIOD_AND_VPD_UNCONSTRAINED,GSI-3962,2025-falling,2025,falling,EVENT_YEAR_RELATIVE,0.50,2025-05-01,,1,False,,,,0,0,0,0
PHOTOPERIOD_AND_VPD_UNCONSTRAINED,GSI-3962,2025-rising,2025,rising,ABSOLUTE_0_5,0.50,2025-09-05,0.5,1,False,,,,0,0,0,0
PHOTOPERIOD_AND_VPD_UNCONSTRAINED,GSI-3962,2025-rising,2025,rising,EVENT_YEAR_RELATIVE,0.50,2025-09-05,,1,False,,,,0,0,0,0
PHOTOPERIOD_AND_VPD_UNCONSTRAINED,GSI-3963,2024-falling,2024,falling,ABSOLUTE_0_5,0.50,2024-05-21,0.5,1,False,,,,0,0,0,0
PHOTOPERIOD_AND_VPD_UNCONSTRAINED,GSI-3963,2024-falling,2024,falling,EVENT_YEAR_RELATIVE,0.50,2024-05-21,,1,False,,,,0,0,0,0
PHOTOPERIOD_AND_VPD_UNCONSTRAINED,GSI-3963,2024-rising,2024,rising,ABSOLUTE_0_5,0.50,2024-08-24,0.5,1,False,,,,0,0,0,0
PHOTOPERIOD_AND_VPD_UNCONSTRAINED,GSI-3963,2024-rising,2024,rising,EVENT_YEAR_RELATIVE,0.50,2024-08-24,,1,False,,,,0,0,0,0
PHOTOPERIOD_AND_VPD_UNCONSTRAINED,GSI-3963,2025-falling,2025,falling,ABSOLUTE_0_5,0.50,2025-05-01,0.5,1,False,,,,0,0,0,0
PHOTOPERIOD_AND_VPD_UNCONSTRAINED,GSI-3963,2025-falling,2025,falling,EVENT_YEAR_RELATIVE,0.50,2025-05-01,,1,False,,,,0,0,0,0
PHOTOPERIOD_AND_VPD_UNCONSTRAINED,GSI-3963,2025-rising,2025,rising,ABSOLUTE_0_5,0.50,2025-09-05,0.5,1,False,,,,0,0,0,0
PHOTOPERIOD_AND_VPD_UNCONSTRAINED,GSI-3963,2025-rising,2025,rising,EVENT_YEAR_RELATIVE,0.50,2025-09-05,,1,False,,,,0,0,0,0
PHOTOPERIOD_AND_VPD_UNCONSTRAINED,GSI-4372,2024-falling,2024,falling,ABSOLUTE_0_5,0.50,2024-05-21,0.5,1,False,,,,0,0,0,0
PHOTOPERIOD_AND_VPD_UNCONSTRAINED,GSI-4372,2024-falling,2024,falling,EVENT_YEAR_RELATIVE,0.50,2024-05-21,0.99502723957821793,1,True,739066.852631579,2024-06-29,39.852631579,9,2,1,7
PHOTOPERIOD_AND_VPD_UNCONSTRAINED,GSI-4372,2024-rising,2024,rising,ABSOLUTE_0_5,0.50,2024-08-24,0.5,0.99522190279757594,False,,,,0,0,0,0
PHOTOPERIOD_AND_VPD_UNCONSTRAINED,GSI-4372,2024-rising,2024,rising,EVENT_YEAR_RELATIVE,0.50,2024-08-24,0.99502723957821793,0.99522190279757594,True,739092.545454545,2024-07-25,-29.454545455,9,3,2,6
PHOTOPERIOD_AND_VPD_UNCONSTRAINED,GSI-4372,2025-falling,2025,falling,ABSOLUTE_0_5,0.50,2025-05-01,0.5,1,False,,,,0,0,0,0
PHOTOPERIOD_AND_VPD_UNCONSTRAINED,GSI-4372,2025-falling,2025,falling,EVENT_YEAR_RELATIVE,0.50,2025-05-01,0.98744422235140772,1,False,,,,4,0,0,4
PHOTOPERIOD_AND_VPD_UNCONSTRAINED,GSI-4372,2025-rising,2025,rising,ABSOLUTE_0_5,0.50,2025-09-05,0.5,1,False,,,,0,0,0,0
PHOTOPERIOD_AND_VPD_UNCONSTRAINED,GSI-4372,2025-rising,2025,rising,EVENT_YEAR_RELATIVE,0.50,2025-09-05,0.98744422235140772,1,True,739487.246134021,2025-08-24,-11.753865979,4,1,0,3
PHOTOPERIOD_AND_VPD_UNCONSTRAINED,GSI-4377,2024-falling,2024,falling,ABSOLUTE_0_5,0.50,2024-05-21,0.5,1,False,,,,0,0,0,0
PHOTOPERIOD_AND_VPD_UNCONSTRAINED,GSI-4377,2024-falling,2024,falling,EVENT_YEAR_RELATIVE,0.50,2024-05-21,0.99502723957821793,1,True,739066.852631579,2024-06-29,39.852631579,9,2,1,7
PHOTOPERIOD_AND_VPD_UNCONSTRAINED,GSI-4377,2024-rising,2024,rising,ABSOLUTE_0_5,0.50,2024-08-24,0.5,0.99522190279757594,False,,,,0,0,0,0
PHOTOPERIOD_AND_VPD_UNCONSTRAINED,GSI-4377,2024-rising,2024,rising,EVENT_YEAR_RELATIVE,0.50,2024-08-24,0.99502723957821793,0.99522190279757594,True,739092.545454545,2024-07-25,-29.454545455,9,3,2,6
PHOTOPERIOD_AND_VPD_UNCONSTRAINED,GSI-4377,2025-falling,2025,falling,ABSOLUTE_0_5,0.50,2025-05-01,0.5,1,False,,,,0,0,0,0
PHOTOPERIOD_AND_VPD_UNCONSTRAINED,GSI-4377,2025-falling,2025,falling,EVENT_YEAR_RELATIVE,0.50,2025-05-01,0.98744422235140772,1,False,,,,4,0,0,4
PHOTOPERIOD_AND_VPD_UNCONSTRAINED,GSI-4377,2025-rising,2025,rising,ABSOLUTE_0_5,0.50,2025-09-05,0.5,1,False,,,,0,0,0,0
PHOTOPERIOD_AND_VPD_UNCONSTRAINED,GSI-4377,2025-rising,2025,rising,EVENT_YEAR_RELATIVE,0.50,2025-09-05,0.98744422235140772,1,True,739487.246134021,2025-08-24,-11.753865979,4,1,0,3
PHOTOPERIOD_AND_VPD_UNCONSTRAINED,GSI-4393,2024-falling,2024,falling,ABSOLUTE_0_5,0.50,2024-05-21,0.5,1,False,,,,0,0,0,0
PHOTOPERIOD_AND_VPD_UNCONSTRAINED,GSI-4393,2024-falling,2024,falling,EVENT_YEAR_RELATIVE,0.50,2024-05-21,0.99502723957821793,1,True,739066.852631579,2024-06-29,39.852631579,9,2,1,7
PHOTOPERIOD_AND_VPD_UNCONSTRAINED,GSI-4393,2024-rising,2024,rising,ABSOLUTE_0_5,0.50,2024-08-24,0.5,0.99522190279757594,False,,,,0,0,0,0
PHOTOPERIOD_AND_VPD_UNCONSTRAINED,GSI-4393,2024-rising,2024,rising,EVENT_YEAR_RELATIVE,0.50,2024-08-24,0.99502723957821793,0.99522190279757594,True,739092.545454545,2024-07-25,-29.454545455,9,3,2,6
PHOTOPERIOD_AND_VPD_UNCONSTRAINED,GSI-4393,2025-falling,2025,falling,ABSOLUTE_0_5,0.50,2025-05-01,0.5,1,False,,,,0,0,0,0
PHOTOPERIOD_AND_VPD_UNCONSTRAINED,GSI-4393,2025-falling,2025,falling,EVENT_YEAR_RELATIVE,0.50,2025-05-01,0.98744422235140772,1,False,,,,4,0,0,4
PHOTOPERIOD_AND_VPD_UNCONSTRAINED,GSI-4393,2025-rising,2025,rising,ABSOLUTE_0_5,0.50,2025-09-05,0.5,1,False,,,,0,0,0,0
PHOTOPERIOD_AND_VPD_UNCONSTRAINED,GSI-4393,2025-rising,2025,rising,EVENT_YEAR_RELATIVE,0.50,2025-09-05,0.98744422235140772,1,True,739487.246134021,2025-08-24,-11.753865979,4,1,0,3
PHOTOPERIOD_AND_VPD_UNCONSTRAINED,GSI-4394,2024-falling,2024,falling,ABSOLUTE_0_5,0.50,2024-05-21,0.5,1,False,,,,0,0,0,0
PHOTOPERIOD_AND_VPD_UNCONSTRAINED,GSI-4394,2024-falling,2024,falling,EVENT_YEAR_RELATIVE,0.50,2024-05-21,0.99502723957821793,1,True,739066.852631579,2024-06-29,39.852631579,9,2,1,7
PHOTOPERIOD_AND_VPD_UNCONSTRAINED,GSI-4394,2024-rising,2024,rising,ABSOLUTE_0_5,0.50,2024-08-24,0.5,0.99522190279757594,False,,,,0,0,0,0
PHOTOPERIOD_AND_VPD_UNCONSTRAINED,GSI-4394,2024-rising,2024,rising,EVENT_YEAR_RELATIVE,0.50,2024-08-24,0.99502723957821793,0.99522190279757594,True,739092.545454545,2024-07-25,-29.454545455,9,3,2,6
PHOTOPERIOD_AND_VPD_UNCONSTRAINED,GSI-4394,2025-falling,2025,falling,ABSOLUTE_0_5,0.50,2025-05-01,0.5,1,False,,,,0,0,0,0
PHOTOPERIOD_AND_VPD_UNCONSTRAINED,GSI-4394,2025-falling,2025,falling,EVENT_YEAR_RELATIVE,0.50,2025-05-01,0.98744422235140772,1,False,,,,4,0,0,4
PHOTOPERIOD_AND_VPD_UNCONSTRAINED,GSI-4394,2025-rising,2025,rising,ABSOLUTE_0_5,0.50,2025-09-05,0.5,1,False,,,,0,0,0,0
PHOTOPERIOD_AND_VPD_UNCONSTRAINED,GSI-4394,2025-rising,2025,rising,EVENT_YEAR_RELATIVE,0.50,2025-09-05,0.98744422235140772,1,True,739487.246134021,2025-08-24,-11.753865979,4,1,0,3
PHOTOPERIOD_AND_VPD_UNCONSTRAINED,GSI-4395,2024-falling,2024,falling,ABSOLUTE_0_5,0.50,2024-05-21,0.5,1,False,,,,0,0,0,0
PHOTOPERIOD_AND_VPD_UNCONSTRAINED,GSI-4395,2024-falling,2024,falling,EVENT_YEAR_RELATIVE,0.50,2024-05-21,0.99502723957821793,1,True,739066.852631579,2024-06-29,39.852631579,9,2,1,7
PHOTOPERIOD_AND_VPD_UNCONSTRAINED,GSI-4395,2024-rising,2024,rising,ABSOLUTE_0_5,0.50,2024-08-24,0.5,0.99522190279757594,False,,,,0,0,0,0
PHOTOPERIOD_AND_VPD_UNCONSTRAINED,GSI-4395,2024-rising,2024,rising,EVENT_YEAR_RELATIVE,0.50,2024-08-24,0.99502723957821793,0.99522190279757594,True,739092.545454545,2024-07-25,-29.454545455,9,3,2,6
PHOTOPERIOD_AND_VPD_UNCONSTRAINED,GSI-4395,2025-falling,2025,falling,ABSOLUTE_0_5,0.50,2025-05-01,0.5,1,False,,,,0,0,0,0
PHOTOPERIOD_AND_VPD_UNCONSTRAINED,GSI-4395,2025-falling,2025,falling,EVENT_YEAR_RELATIVE,0.50,2025-05-01,0.98744422235140772,1,False,,,,4,0,0,4
PHOTOPERIOD_AND_VPD_UNCONSTRAINED,GSI-4395,2025-rising,2025,rising,ABSOLUTE_0_5,0.50,2025-09-05,0.5,1,False,,,,0,0,0,0
PHOTOPERIOD_AND_VPD_UNCONSTRAINED,GSI-4395,2025-rising,2025,rising,EVENT_YEAR_RELATIVE,0.50,2025-09-05,0.98744422235140772,1,True,739487.246134021,2025-08-24,-11.753865979,4,1,0,3
PHOTOPERIOD_AND_VPD_UNCONSTRAINED,GSI-4398,2024-falling,2024,falling,ABSOLUTE_0_5,0.50,2024-05-21,0.5,1,False,,,,0,0,0,0
PHOTOPERIOD_AND_VPD_UNCONSTRAINED,GSI-4398,2024-falling,2024,falling,EVENT_YEAR_RELATIVE,0.50,2024-05-21,0.99502723957821793,1,True,739066.852631579,2024-06-29,39.852631579,9,2,1,7
PHOTOPERIOD_AND_VPD_UNCONSTRAINED,GSI-4398,2024-rising,2024,rising,ABSOLUTE_0_5,0.50,2024-08-24,0.5,0.99522190279757594,False,,,,0,0,0,0
PHOTOPERIOD_AND_VPD_UNCONSTRAINED,GSI-4398,2024-rising,2024,rising,EVENT_YEAR_RELATIVE,0.50,2024-08-24,0.99502723957821793,0.99522190279757594,True,739092.545454545,2024-07-25,-29.454545455,9,3,2,6
PHOTOPERIOD_AND_VPD_UNCONSTRAINED,GSI-4398,2025-falling,2025,falling,ABSOLUTE_0_5,0.50,2025-05-01,0.5,1,False,,,,0,0,0,0
PHOTOPERIOD_AND_VPD_UNCONSTRAINED,GSI-4398,2025-falling,2025,falling,EVENT_YEAR_RELATIVE,0.50,2025-05-01,0.98744422235140772,1,False,,,,4,0,0,4
PHOTOPERIOD_AND_VPD_UNCONSTRAINED,GSI-4398,2025-rising,2025,rising,ABSOLUTE_0_5,0.50,2025-09-05,0.5,1,False,,,,0,0,0,0
PHOTOPERIOD_AND_VPD_UNCONSTRAINED,GSI-4398,2025-rising,2025,rising,EVENT_YEAR_RELATIVE,0.50,2025-09-05,0.98744422235140772,1,True,739487.246134021,2025-08-24,-11.753865979,4,1,0,3
PHOTOPERIOD_AND_VPD_UNCONSTRAINED,GSI-4399,2024-falling,2024,falling,ABSOLUTE_0_5,0.50,2024-05-21,0.5,1,False,,,,0,0,0,0
PHOTOPERIOD_AND_VPD_UNCONSTRAINED,GSI-4399,2024-falling,2024,falling,EVENT_YEAR_RELATIVE,0.50,2024-05-21,0.99502723957821793,1,True,739066.852631579,2024-06-29,39.852631579,9,2,1,7
PHOTOPERIOD_AND_VPD_UNCONSTRAINED,GSI-4399,2024-rising,2024,rising,ABSOLUTE_0_5,0.50,2024-08-24,0.5,0.99522190279757594,False,,,,0,0,0,0
PHOTOPERIOD_AND_VPD_UNCONSTRAINED,GSI-4399,2024-rising,2024,rising,EVENT_YEAR_RELATIVE,0.50,2024-08-24,0.99502723957821793,0.99522190279757594,True,739092.545454545,2024-07-25,-29.454545455,9,3,2,6
PHOTOPERIOD_AND_VPD_UNCONSTRAINED,GSI-4399,2025-falling,2025,falling,ABSOLUTE_0_5,0.50,2025-05-01,0.5,1,False,,,,0,0,0,0
PHOTOPERIOD_AND_VPD_UNCONSTRAINED,GSI-4399,2025-falling,2025,falling,EVENT_YEAR_RELATIVE,0.50,2025-05-01,0.98744422235140772,1,False,,,,4,0,0,4
PHOTOPERIOD_AND_VPD_UNCONSTRAINED,GSI-4399,2025-rising,2025,rising,ABSOLUTE_0_5,0.50,2025-09-05,0.5,1,False,,,,0,0,0,0
PHOTOPERIOD_AND_VPD_UNCONSTRAINED,GSI-4399,2025-rising,2025,rising,EVENT_YEAR_RELATIVE,0.50,2025-09-05,0.98744422235140772,1,True,739487.246134021,2025-08-24,-11.753865979,4,1,0,3
PHOTOPERIOD_AND_VPD_UNCONSTRAINED,GSI-4400,2024-falling,2024,falling,ABSOLUTE_0_5,0.50,2024-05-21,0.5,1,False,,,,0,0,0,0
PHOTOPERIOD_AND_VPD_UNCONSTRAINED,GSI-4400,2024-falling,2024,falling,EVENT_YEAR_RELATIVE,0.50,2024-05-21,0.99502723957821793,1,True,739066.852631579,2024-06-29,39.852631579,9,2,1,7
PHOTOPERIOD_AND_VPD_UNCONSTRAINED,GSI-4400,2024-rising,2024,rising,ABSOLUTE_0_5,0.50,2024-08-24,0.5,0.99522190279757594,False,,,,0,0,0,0
PHOTOPERIOD_AND_VPD_UNCONSTRAINED,GSI-4400,2024-rising,2024,rising,EVENT_YEAR_RELATIVE,0.50,2024-08-24,0.99502723957821793,0.99522190279757594,True,739092.545454545,2024-07-25,-29.454545455,9,3,2,6
PHOTOPERIOD_AND_VPD_UNCONSTRAINED,GSI-4400,2025-falling,2025,falling,ABSOLUTE_0_5,0.50,2025-05-01,0.5,1,False,,,,0,0,0,0
PHOTOPERIOD_AND_VPD_UNCONSTRAINED,GSI-4400,2025-falling,2025,falling,EVENT_YEAR_RELATIVE,0.50,2025-05-01,0.98744422235140772,1,False,,,,4,0,0,4
PHOTOPERIOD_AND_VPD_UNCONSTRAINED,GSI-4400,2025-rising,2025,rising,ABSOLUTE_0_5,0.50,2025-09-05,0.5,1,False,,,,0,0,0,0
PHOTOPERIOD_AND_VPD_UNCONSTRAINED,GSI-4400,2025-rising,2025,rising,EVENT_YEAR_RELATIVE,0.50,2025-09-05,0.98744422235140772,1,True,739487.246134021,2025-08-24,-11.753865979,4,1,0,3
PHOTOPERIOD_AND_VPD_UNCONSTRAINED,GSI-4402,2024-falling,2024,falling,ABSOLUTE_0_5,0.50,2024-05-21,0.5,1,False,,,,0,0,0,0
PHOTOPERIOD_AND_VPD_UNCONSTRAINED,GSI-4402,2024-falling,2024,falling,EVENT_YEAR_RELATIVE,0.50,2024-05-21,0.99502723957821793,1,True,739066.852631579,2024-06-29,39.852631579,9,2,1,7
PHOTOPERIOD_AND_VPD_UNCONSTRAINED,GSI-4402,2024-rising,2024,rising,ABSOLUTE_0_5,0.50,2024-08-24,0.5,0.99522190279757594,False,,,,0,0,0,0
PHOTOPERIOD_AND_VPD_UNCONSTRAINED,GSI-4402,2024-rising,2024,rising,EVENT_YEAR_RELATIVE,0.50,2024-08-24,0.99502723957821793,0.99522190279757594,True,739092.545454545,2024-07-25,-29.454545455,9,3,2,6
PHOTOPERIOD_AND_VPD_UNCONSTRAINED,GSI-4402,2025-falling,2025,falling,ABSOLUTE_0_5,0.50,2025-05-01,0.5,1,False,,,,0,0,0,0
PHOTOPERIOD_AND_VPD_UNCONSTRAINED,GSI-4402,2025-falling,2025,falling,EVENT_YEAR_RELATIVE,0.50,2025-05-01,0.98744422235140772,1,False,,,,4,0,0,4
PHOTOPERIOD_AND_VPD_UNCONSTRAINED,GSI-4402,2025-rising,2025,rising,ABSOLUTE_0_5,0.50,2025-09-05,0.5,1,False,,,,0,0,0,0
PHOTOPERIOD_AND_VPD_UNCONSTRAINED,GSI-4402,2025-rising,2025,rising,EVENT_YEAR_RELATIVE,0.50,2025-09-05,0.98744422235140772,1,True,739487.246134021,2025-08-24,-11.753865979,4,1,0,3
PHOTOPERIOD_AND_VPD_UNCONSTRAINED,GSI-4831,2024-falling,2024,falling,ABSOLUTE_0_5,0.50,2024-05-21,0.5,0.92792100543098088,False,,,,0,0,0,0
PHOTOPERIOD_AND_VPD_UNCONSTRAINED,GSI-4831,2024-falling,2024,falling,EVENT_YEAR_RELATIVE,0.50,2024-05-21,0.89950979880383397,0.92792100543098088,True,739034.216524217,2024-05-28,7.216524217,5,1,0,4
PHOTOPERIOD_AND_VPD_UNCONSTRAINED,GSI-4831,2024-rising,2024,rising,ABSOLUTE_0_5,0.50,2024-08-24,0.5,0.83691048660281453,False,,,,0,0,0,0
PHOTOPERIOD_AND_VPD_UNCONSTRAINED,GSI-4831,2024-rising,2024,rising,EVENT_YEAR_RELATIVE,0.50,2024-08-24,0.89950979880383397,0.83691048660281453,True,739139.600886918,2024-09-10,17.600886918,4,1,0,3
PHOTOPERIOD_AND_VPD_UNCONSTRAINED,GSI-4831,2025-falling,2025,falling,ABSOLUTE_0_5,0.50,2025-05-01,0.5,0.99582392847224688,False,,,,0,0,0,0
PHOTOPERIOD_AND_VPD_UNCONSTRAINED,GSI-4831,2025-falling,2025,falling,EVENT_YEAR_RELATIVE,0.50,2025-05-01,0.89561909216381053,0.99582392847224688,True,739402.343877551,2025-05-31,30.343877551,5,1,0,4
PHOTOPERIOD_AND_VPD_UNCONSTRAINED,GSI-4831,2025-rising,2025,rising,ABSOLUTE_0_5,0.50,2025-09-05,0.5,0.85928030975314551,False,,,,0,0,0,0
PHOTOPERIOD_AND_VPD_UNCONSTRAINED,GSI-4831,2025-rising,2025,rising,EVENT_YEAR_RELATIVE,0.50,2025-09-05,0.89561909216381053,0.85928030975314551,True,739506.417883212,2025-09-12,7.417883212,4,1,0,3
PHOTOPERIOD_AND_VPD_UNCONSTRAINED,GSI-4832,2024-falling,2024,falling,ABSOLUTE_0_5,0.50,2024-05-21,0.5,0.92792100543098088,False,,,,0,0,0,0
PHOTOPERIOD_AND_VPD_UNCONSTRAINED,GSI-4832,2024-falling,2024,falling,EVENT_YEAR_RELATIVE,0.50,2024-05-21,0.89950979880383397,0.92792100543098088,True,739034.216524217,2024-05-28,7.216524217,5,1,0,4
PHOTOPERIOD_AND_VPD_UNCONSTRAINED,GSI-4832,2024-rising,2024,rising,ABSOLUTE_0_5,0.50,2024-08-24,0.5,0.83691048660281453,False,,,,0,0,0,0
PHOTOPERIOD_AND_VPD_UNCONSTRAINED,GSI-4832,2024-rising,2024,rising,EVENT_YEAR_RELATIVE,0.50,2024-08-24,0.89950979880383397,0.83691048660281453,True,739139.600886918,2024-09-10,17.600886918,4,1,0,3
PHOTOPERIOD_AND_VPD_UNCONSTRAINED,GSI-4832,2025-falling,2025,falling,ABSOLUTE_0_5,0.50,2025-05-01,0.5,0.99582392847224688,False,,,,0,0,0,0
PHOTOPERIOD_AND_VPD_UNCONSTRAINED,GSI-4832,2025-falling,2025,falling,EVENT_YEAR_RELATIVE,0.50,2025-05-01,0.89561909216381053,0.99582392847224688,True,739402.343877551,2025-05-31,30.343877551,5,1,0,4
PHOTOPERIOD_AND_VPD_UNCONSTRAINED,GSI-4832,2025-rising,2025,rising,ABSOLUTE_0_5,0.50,2025-09-05,0.5,0.85928030975314551,False,,,,0,0,0,0
PHOTOPERIOD_AND_VPD_UNCONSTRAINED,GSI-4832,2025-rising,2025,rising,EVENT_YEAR_RELATIVE,0.50,2025-09-05,0.89561909216381053,0.85928030975314551,True,739506.417883212,2025-09-12,7.417883212,4,1,0,3
PHOTOPERIOD_AND_VPD_UNCONSTRAINED,GSI-4833,2024-falling,2024,falling,ABSOLUTE_0_5,0.50,2024-05-21,0.5,0.92792100543098088,False,,,,0,0,0,0
PHOTOPERIOD_AND_VPD_UNCONSTRAINED,GSI-4833,2024-falling,2024,falling,EVENT_YEAR_RELATIVE,0.50,2024-05-21,0.89950979880383397,0.92792100543098088,True,739034.216524217,2024-05-28,7.216524217,5,1,0,4
PHOTOPERIOD_AND_VPD_UNCONSTRAINED,GSI-4833,2024-rising,2024,rising,ABSOLUTE_0_5,0.50,2024-08-24,0.5,0.83691048660281453,False,,,,0,0,0,0
PHOTOPERIOD_AND_VPD_UNCONSTRAINED,GSI-4833,2024-rising,2024,rising,EVENT_YEAR_RELATIVE,0.50,2024-08-24,0.89950979880383397,0.83691048660281453,True,739139.600886918,2024-09-10,17.600886918,4,1,0,3
PHOTOPERIOD_AND_VPD_UNCONSTRAINED,GSI-4833,2025-falling,2025,falling,ABSOLUTE_0_5,0.50,2025-05-01,0.5,0.99582392847224688,False,,,,0,0,0,0
PHOTOPERIOD_AND_VPD_UNCONSTRAINED,GSI-4833,2025-falling,2025,falling,EVENT_YEAR_RELATIVE,0.50,2025-05-01,0.89561909216381053,0.99582392847224688,True,739402.343877551,2025-05-31,30.343877551,5,1,0,4
PHOTOPERIOD_AND_VPD_UNCONSTRAINED,GSI-4833,2025-rising,2025,rising,ABSOLUTE_0_5,0.50,2025-09-05,0.5,0.85928030975314551,False,,,,0,0,0,0
PHOTOPERIOD_AND_VPD_UNCONSTRAINED,GSI-4833,2025-rising,2025,rising,EVENT_YEAR_RELATIVE,0.50,2025-09-05,0.89561909216381053,0.85928030975314551,True,739506.417883212,2025-09-12,7.417883212,4,1,0,3
PHOTOPERIOD_AND_VPD_UNCONSTRAINED,GSI-4837,2024-falling,2024,falling,ABSOLUTE_0_5,0.50,2024-05-21,0.5,0.92792100543098088,False,,,,0,0,0,0
PHOTOPERIOD_AND_VPD_UNCONSTRAINED,GSI-4837,2024-falling,2024,falling,EVENT_YEAR_RELATIVE,0.50,2024-05-21,0.89950979880383397,0.92792100543098088,True,739034.216524217,2024-05-28,7.216524217,5,1,0,4
PHOTOPERIOD_AND_VPD_UNCONSTRAINED,GSI-4837,2024-rising,2024,rising,ABSOLUTE_0_5,0.50,2024-08-24,0.5,0.83691048660281453,False,,,,0,0,0,0
PHOTOPERIOD_AND_VPD_UNCONSTRAINED,GSI-4837,2024-rising,2024,rising,EVENT_YEAR_RELATIVE,0.50,2024-08-24,0.89950979880383397,0.83691048660281453,True,739139.600886918,2024-09-10,17.600886918,4,1,0,3
PHOTOPERIOD_AND_VPD_UNCONSTRAINED,GSI-4837,2025-falling,2025,falling,ABSOLUTE_0_5,0.50,2025-05-01,0.5,0.99582392847224688,False,,,,0,0,0,0
PHOTOPERIOD_AND_VPD_UNCONSTRAINED,GSI-4837,2025-falling,2025,falling,EVENT_YEAR_RELATIVE,0.50,2025-05-01,0.89561909216381053,0.99582392847224688,True,739402.343877551,2025-05-31,30.343877551,5,1,0,4
PHOTOPERIOD_AND_VPD_UNCONSTRAINED,GSI-4837,2025-rising,2025,rising,ABSOLUTE_0_5,0.50,2025-09-05,0.5,0.85928030975314551,False,,,,0,0,0,0
PHOTOPERIOD_AND_VPD_UNCONSTRAINED,GSI-4837,2025-rising,2025,rising,EVENT_YEAR_RELATIVE,0.50,2025-09-05,0.89561909216381053,0.85928030975314551,True,739506.417883212,2025-09-12,7.417883212,4,1,0,3
PHOTOPERIOD_AND_VPD_UNCONSTRAINED,GSI-4838,2024-falling,2024,falling,ABSOLUTE_0_5,0.50,2024-05-21,0.5,0.92792100543098088,False,,,,0,0,0,0
PHOTOPERIOD_AND_VPD_UNCONSTRAINED,GSI-4838,2024-falling,2024,falling,EVENT_YEAR_RELATIVE,0.50,2024-05-21,0.89950979880383397,0.92792100543098088,True,739034.216524217,2024-05-28,7.216524217,5,1,0,4
PHOTOPERIOD_AND_VPD_UNCONSTRAINED,GSI-4838,2024-rising,2024,rising,ABSOLUTE_0_5,0.50,2024-08-24,0.5,0.83691048660281453,False,,,,0,0,0,0
PHOTOPERIOD_AND_VPD_UNCONSTRAINED,GSI-4838,2024-rising,2024,rising,EVENT_YEAR_RELATIVE,0.50,2024-08-24,0.89950979880383397,0.83691048660281453,True,739139.600886918,2024-09-10,17.600886918,4,1,0,3
PHOTOPERIOD_AND_VPD_UNCONSTRAINED,GSI-4838,2025-falling,2025,falling,ABSOLUTE_0_5,0.50,2025-05-01,0.5,0.99582392847224688,False,,,,0,0,0,0
PHOTOPERIOD_AND_VPD_UNCONSTRAINED,GSI-4838,2025-falling,2025,falling,EVENT_YEAR_RELATIVE,0.50,2025-05-01,0.89561909216381053,0.99582392847224688,True,739402.343877551,2025-05-31,30.343877551,5,1,0,4
PHOTOPERIOD_AND_VPD_UNCONSTRAINED,GSI-4838,2025-rising,2025,rising,ABSOLUTE_0_5,0.50,2025-09-05,0.5,0.85928030975314551,False,,,,0,0,0,0
PHOTOPERIOD_AND_VPD_UNCONSTRAINED,GSI-4838,2025-rising,2025,rising,EVENT_YEAR_RELATIVE,0.50,2025-09-05,0.89561909216381053,0.85928030975314551,True,739506.417883212,2025-09-12,7.417883212,4,1,0,3
PHOTOPERIOD_AND_VPD_UNCONSTRAINED,GSI-4842,2024-falling,2024,falling,ABSOLUTE_0_5,0.50,2024-05-21,0.5,0.92792100543098088,False,,,,0,0,0,0
PHOTOPERIOD_AND_VPD_UNCONSTRAINED,GSI-4842,2024-falling,2024,falling,EVENT_YEAR_RELATIVE,0.50,2024-05-21,0.89950979880383397,0.92792100543098088,True,739034.216524217,2024-05-28,7.216524217,5,1,0,4
PHOTOPERIOD_AND_VPD_UNCONSTRAINED,GSI-4842,2024-rising,2024,rising,ABSOLUTE_0_5,0.50,2024-08-24,0.5,0.83691048660281453,False,,,,0,0,0,0
PHOTOPERIOD_AND_VPD_UNCONSTRAINED,GSI-4842,2024-rising,2024,rising,EVENT_YEAR_RELATIVE,0.50,2024-08-24,0.89950979880383397,0.83691048660281453,True,739139.600886918,2024-09-10,17.600886918,4,1,0,3
PHOTOPERIOD_AND_VPD_UNCONSTRAINED,GSI-4842,2025-falling,2025,falling,ABSOLUTE_0_5,0.50,2025-05-01,0.5,0.99582392847224688,False,,,,0,0,0,0
PHOTOPERIOD_AND_VPD_UNCONSTRAINED,GSI-4842,2025-falling,2025,falling,EVENT_YEAR_RELATIVE,0.50,2025-05-01,0.89561909216381053,0.99582392847224688,True,739402.343877551,2025-05-31,30.343877551,5,1,0,4
PHOTOPERIOD_AND_VPD_UNCONSTRAINED,GSI-4842,2025-rising,2025,rising,ABSOLUTE_0_5,0.50,2025-09-05,0.5,0.85928030975314551,False,,,,0,0,0,0
PHOTOPERIOD_AND_VPD_UNCONSTRAINED,GSI-4842,2025-rising,2025,rising,EVENT_YEAR_RELATIVE,0.50,2025-09-05,0.89561909216381053,0.85928030975314551,True,739506.417883212,2025-09-12,7.417883212,4,1,0,3
PHOTOPERIOD_AND_VPD_UNCONSTRAINED,GSI-5695,2024-falling,2024,falling,ABSOLUTE_0_5,0.50,2024-05-21,0.5,1,False,,,,0,0,0,0
PHOTOPERIOD_AND_VPD_UNCONSTRAINED,GSI-5695,2024-falling,2024,falling,EVENT_YEAR_RELATIVE,0.50,2024-05-21,,1,False,,,,0,0,0,0
PHOTOPERIOD_AND_VPD_UNCONSTRAINED,GSI-5695,2024-rising,2024,rising,ABSOLUTE_0_5,0.50,2024-08-24,0.5,1,False,,,,0,0,0,0
PHOTOPERIOD_AND_VPD_UNCONSTRAINED,GSI-5695,2024-rising,2024,rising,EVENT_YEAR_RELATIVE,0.50,2024-08-24,,1,False,,,,0,0,0,0
PHOTOPERIOD_AND_VPD_UNCONSTRAINED,GSI-5695,2025-falling,2025,falling,ABSOLUTE_0_5,0.50,2025-05-01,0.5,1,False,,,,0,0,0,0
PHOTOPERIOD_AND_VPD_UNCONSTRAINED,GSI-5695,2025-falling,2025,falling,EVENT_YEAR_RELATIVE,0.50,2025-05-01,,1,False,,,,0,0,0,0
PHOTOPERIOD_AND_VPD_UNCONSTRAINED,GSI-5695,2025-rising,2025,rising,ABSOLUTE_0_5,0.50,2025-09-05,0.5,1,False,,,,0,0,0,0
PHOTOPERIOD_AND_VPD_UNCONSTRAINED,GSI-5695,2025-rising,2025,rising,EVENT_YEAR_RELATIVE,0.50,2025-09-05,,1,False,,,,0,0,0,0
PHOTOPERIOD_AND_VPD_UNCONSTRAINED,GSI-5700,2024-falling,2024,falling,ABSOLUTE_0_5,0.50,2024-05-21,0.5,1,False,,,,0,0,0,0
PHOTOPERIOD_AND_VPD_UNCONSTRAINED,GSI-5700,2024-falling,2024,falling,EVENT_YEAR_RELATIVE,0.50,2024-05-21,,1,False,,,,0,0,0,0
PHOTOPERIOD_AND_VPD_UNCONSTRAINED,GSI-5700,2024-rising,2024,rising,ABSOLUTE_0_5,0.50,2024-08-24,0.5,1,False,,,,0,0,0,0
PHOTOPERIOD_AND_VPD_UNCONSTRAINED,GSI-5700,2024-rising,2024,rising,EVENT_YEAR_RELATIVE,0.50,2024-08-24,,1,False,,,,0,0,0,0
PHOTOPERIOD_AND_VPD_UNCONSTRAINED,GSI-5700,2025-falling,2025,falling,ABSOLUTE_0_5,0.50,2025-05-01,0.5,1,False,,,,0,0,0,0
PHOTOPERIOD_AND_VPD_UNCONSTRAINED,GSI-5700,2025-falling,2025,falling,EVENT_YEAR_RELATIVE,0.50,2025-05-01,,1,False,,,,0,0,0,0
PHOTOPERIOD_AND_VPD_UNCONSTRAINED,GSI-5700,2025-rising,2025,rising,ABSOLUTE_0_5,0.50,2025-09-05,0.5,1,False,,,,0,0,0,0
PHOTOPERIOD_AND_VPD_UNCONSTRAINED,GSI-5700,2025-rising,2025,rising,EVENT_YEAR_RELATIVE,0.50,2025-09-05,,1,False,,,,0,0,0,0
PHOTOPERIOD_AND_VPD_UNCONSTRAINED,GSI-5716,2024-falling,2024,falling,ABSOLUTE_0_5,0.50,2024-05-21,0.5,1,False,,,,0,0,0,0
PHOTOPERIOD_AND_VPD_UNCONSTRAINED,GSI-5716,2024-falling,2024,falling,EVENT_YEAR_RELATIVE,0.50,2024-05-21,,1,False,,,,0,0,0,0
PHOTOPERIOD_AND_VPD_UNCONSTRAINED,GSI-5716,2024-rising,2024,rising,ABSOLUTE_0_5,0.50,2024-08-24,0.5,1,False,,,,0,0,0,0
PHOTOPERIOD_AND_VPD_UNCONSTRAINED,GSI-5716,2024-rising,2024,rising,EVENT_YEAR_RELATIVE,0.50,2024-08-24,,1,False,,,,0,0,0,0
PHOTOPERIOD_AND_VPD_UNCONSTRAINED,GSI-5716,2025-falling,2025,falling,ABSOLUTE_0_5,0.50,2025-05-01,0.5,1,False,,,,0,0,0,0
PHOTOPERIOD_AND_VPD_UNCONSTRAINED,GSI-5716,2025-falling,2025,falling,EVENT_YEAR_RELATIVE,0.50,2025-05-01,,1,False,,,,0,0,0,0
PHOTOPERIOD_AND_VPD_UNCONSTRAINED,GSI-5716,2025-rising,2025,rising,ABSOLUTE_0_5,0.50,2025-09-05,0.5,1,False,,,,0,0,0,0
PHOTOPERIOD_AND_VPD_UNCONSTRAINED,GSI-5716,2025-rising,2025,rising,EVENT_YEAR_RELATIVE,0.50,2025-09-05,,1,False,,,,0,0,0,0
PHOTOPERIOD_AND_VPD_UNCONSTRAINED,GSI-5717,2024-falling,2024,falling,ABSOLUTE_0_5,0.50,2024-05-21,0.5,1,False,,,,0,0,0,0
PHOTOPERIOD_AND_VPD_UNCONSTRAINED,GSI-5717,2024-falling,2024,falling,EVENT_YEAR_RELATIVE,0.50,2024-05-21,,1,False,,,,0,0,0,0
PHOTOPERIOD_AND_VPD_UNCONSTRAINED,GSI-5717,2024-rising,2024,rising,ABSOLUTE_0_5,0.50,2024-08-24,0.5,1,False,,,,0,0,0,0
PHOTOPERIOD_AND_VPD_UNCONSTRAINED,GSI-5717,2024-rising,2024,rising,EVENT_YEAR_RELATIVE,0.50,2024-08-24,,1,False,,,,0,0,0,0
PHOTOPERIOD_AND_VPD_UNCONSTRAINED,GSI-5717,2025-falling,2025,falling,ABSOLUTE_0_5,0.50,2025-05-01,0.5,1,False,,,,0,0,0,0
PHOTOPERIOD_AND_VPD_UNCONSTRAINED,GSI-5717,2025-falling,2025,falling,EVENT_YEAR_RELATIVE,0.50,2025-05-01,,1,False,,,,0,0,0,0
PHOTOPERIOD_AND_VPD_UNCONSTRAINED,GSI-5717,2025-rising,2025,rising,ABSOLUTE_0_5,0.50,2025-09-05,0.5,1,False,,,,0,0,0,0
PHOTOPERIOD_AND_VPD_UNCONSTRAINED,GSI-5717,2025-rising,2025,rising,EVENT_YEAR_RELATIVE,0.50,2025-09-05,,1,False,,,,0,0,0,0
PHOTOPERIOD_AND_VPD_UNCONSTRAINED,GSI-5718,2024-falling,2024,falling,ABSOLUTE_0_5,0.50,2024-05-21,0.5,1,False,,,,0,0,0,0
PHOTOPERIOD_AND_VPD_UNCONSTRAINED,GSI-5718,2024-falling,2024,falling,EVENT_YEAR_RELATIVE,0.50,2024-05-21,,1,False,,,,0,0,0,0
PHOTOPERIOD_AND_VPD_UNCONSTRAINED,GSI-5718,2024-rising,2024,rising,ABSOLUTE_0_5,0.50,2024-08-24,0.5,1,False,,,,0,0,0,0
PHOTOPERIOD_AND_VPD_UNCONSTRAINED,GSI-5718,2024-rising,2024,rising,EVENT_YEAR_RELATIVE,0.50,2024-08-24,,1,False,,,,0,0,0,0
PHOTOPERIOD_AND_VPD_UNCONSTRAINED,GSI-5718,2025-falling,2025,falling,ABSOLUTE_0_5,0.50,2025-05-01,0.5,1,False,,,,0,0,0,0
PHOTOPERIOD_AND_VPD_UNCONSTRAINED,GSI-5718,2025-falling,2025,falling,EVENT_YEAR_RELATIVE,0.50,2025-05-01,,1,False,,,,0,0,0,0
PHOTOPERIOD_AND_VPD_UNCONSTRAINED,GSI-5718,2025-rising,2025,rising,ABSOLUTE_0_5,0.50,2025-09-05,0.5,1,False,,,,0,0,0,0
PHOTOPERIOD_AND_VPD_UNCONSTRAINED,GSI-5718,2025-rising,2025,rising,EVENT_YEAR_RELATIVE,0.50,2025-09-05,,1,False,,,,0,0,0,0
PHOTOPERIOD_AND_VPD_UNCONSTRAINED,GSI-5721,2024-falling,2024,falling,ABSOLUTE_0_5,0.50,2024-05-21,0.5,1,False,,,,0,0,0,0
PHOTOPERIOD_AND_VPD_UNCONSTRAINED,GSI-5721,2024-falling,2024,falling,EVENT_YEAR_RELATIVE,0.50,2024-05-21,,1,False,,,,0,0,0,0
PHOTOPERIOD_AND_VPD_UNCONSTRAINED,GSI-5721,2024-rising,2024,rising,ABSOLUTE_0_5,0.50,2024-08-24,0.5,1,False,,,,0,0,0,0
PHOTOPERIOD_AND_VPD_UNCONSTRAINED,GSI-5721,2024-rising,2024,rising,EVENT_YEAR_RELATIVE,0.50,2024-08-24,,1,False,,,,0,0,0,0
PHOTOPERIOD_AND_VPD_UNCONSTRAINED,GSI-5721,2025-falling,2025,falling,ABSOLUTE_0_5,0.50,2025-05-01,0.5,1,False,,,,0,0,0,0
PHOTOPERIOD_AND_VPD_UNCONSTRAINED,GSI-5721,2025-falling,2025,falling,EVENT_YEAR_RELATIVE,0.50,2025-05-01,,1,False,,,,0,0,0,0
PHOTOPERIOD_AND_VPD_UNCONSTRAINED,GSI-5721,2025-rising,2025,rising,ABSOLUTE_0_5,0.50,2025-09-05,0.5,1,False,,,,0,0,0,0
PHOTOPERIOD_AND_VPD_UNCONSTRAINED,GSI-5721,2025-rising,2025,rising,EVENT_YEAR_RELATIVE,0.50,2025-09-05,,1,False,,,,0,0,0,0
PHOTOPERIOD_AND_VPD_UNCONSTRAINED,GSI-5722,2024-falling,2024,falling,ABSOLUTE_0_5,0.50,2024-05-21,0.5,1,False,,,,0,0,0,0
PHOTOPERIOD_AND_VPD_UNCONSTRAINED,GSI-5722,2024-falling,2024,falling,EVENT_YEAR_RELATIVE,0.50,2024-05-21,,1,False,,,,0,0,0,0
PHOTOPERIOD_AND_VPD_UNCONSTRAINED,GSI-5722,2024-rising,2024,rising,ABSOLUTE_0_5,0.50,2024-08-24,0.5,1,False,,,,0,0,0,0
PHOTOPERIOD_AND_VPD_UNCONSTRAINED,GSI-5722,2024-rising,2024,rising,EVENT_YEAR_RELATIVE,0.50,2024-08-24,,1,False,,,,0,0,0,0
PHOTOPERIOD_AND_VPD_UNCONSTRAINED,GSI-5722,2025-falling,2025,falling,ABSOLUTE_0_5,0.50,2025-05-01,0.5,1,False,,,,0,0,0,0
PHOTOPERIOD_AND_VPD_UNCONSTRAINED,GSI-5722,2025-falling,2025,falling,EVENT_YEAR_RELATIVE,0.50,2025-05-01,,1,False,,,,0,0,0,0
PHOTOPERIOD_AND_VPD_UNCONSTRAINED,GSI-5722,2025-rising,2025,rising,ABSOLUTE_0_5,0.50,2025-09-05,0.5,1,False,,,,0,0,0,0
PHOTOPERIOD_AND_VPD_UNCONSTRAINED,GSI-5722,2025-rising,2025,rising,EVENT_YEAR_RELATIVE,0.50,2025-09-05,,1,False,,,,0,0,0,0
PHOTOPERIOD_AND_VPD_UNCONSTRAINED,GSI-5723,2024-falling,2024,falling,ABSOLUTE_0_5,0.50,2024-05-21,0.5,1,False,,,,0,0,0,0
PHOTOPERIOD_AND_VPD_UNCONSTRAINED,GSI-5723,2024-falling,2024,falling,EVENT_YEAR_RELATIVE,0.50,2024-05-21,,1,False,,,,0,0,0,0
PHOTOPERIOD_AND_VPD_UNCONSTRAINED,GSI-5723,2024-rising,2024,rising,ABSOLUTE_0_5,0.50,2024-08-24,0.5,1,False,,,,0,0,0,0
PHOTOPERIOD_AND_VPD_UNCONSTRAINED,GSI-5723,2024-rising,2024,rising,EVENT_YEAR_RELATIVE,0.50,2024-08-24,,1,False,,,,0,0,0,0
PHOTOPERIOD_AND_VPD_UNCONSTRAINED,GSI-5723,2025-falling,2025,falling,ABSOLUTE_0_5,0.50,2025-05-01,0.5,1,False,,,,0,0,0,0
PHOTOPERIOD_AND_VPD_UNCONSTRAINED,GSI-5723,2025-falling,2025,falling,EVENT_YEAR_RELATIVE,0.50,2025-05-01,,1,False,,,,0,0,0,0
PHOTOPERIOD_AND_VPD_UNCONSTRAINED,GSI-5723,2025-rising,2025,rising,ABSOLUTE_0_5,0.50,2025-09-05,0.5,1,False,,,,0,0,0,0
PHOTOPERIOD_AND_VPD_UNCONSTRAINED,GSI-5723,2025-rising,2025,rising,EVENT_YEAR_RELATIVE,0.50,2025-09-05,,1,False,,,,0,0,0,0
PHOTOPERIOD_AND_VPD_UNCONSTRAINED,GSI-5725,2024-falling,2024,falling,ABSOLUTE_0_5,0.50,2024-05-21,0.5,1,False,,,,0,0,0,0
PHOTOPERIOD_AND_VPD_UNCONSTRAINED,GSI-5725,2024-falling,2024,falling,EVENT_YEAR_RELATIVE,0.50,2024-05-21,,1,False,,,,0,0,0,0
PHOTOPERIOD_AND_VPD_UNCONSTRAINED,GSI-5725,2024-rising,2024,rising,ABSOLUTE_0_5,0.50,2024-08-24,0.5,1,False,,,,0,0,0,0
PHOTOPERIOD_AND_VPD_UNCONSTRAINED,GSI-5725,2024-rising,2024,rising,EVENT_YEAR_RELATIVE,0.50,2024-08-24,,1,False,,,,0,0,0,0
PHOTOPERIOD_AND_VPD_UNCONSTRAINED,GSI-5725,2025-falling,2025,falling,ABSOLUTE_0_5,0.50,2025-05-01,0.5,1,False,,,,0,0,0,0
PHOTOPERIOD_AND_VPD_UNCONSTRAINED,GSI-5725,2025-falling,2025,falling,EVENT_YEAR_RELATIVE,0.50,2025-05-01,,1,False,,,,0,0,0,0
PHOTOPERIOD_AND_VPD_UNCONSTRAINED,GSI-5725,2025-rising,2025,rising,ABSOLUTE_0_5,0.50,2025-09-05,0.5,1,False,,,,0,0,0,0
PHOTOPERIOD_AND_VPD_UNCONSTRAINED,GSI-5725,2025-rising,2025,rising,EVENT_YEAR_RELATIVE,0.50,2025-09-05,,1,False,,,,0,0,0,0
SC_PLANT_GENERALIZED_DEFAULT,DEFAULT,2024-falling,2024,falling,ABSOLUTE_0_5,0.50,2024-05-21,0.5,0.66168098337441728,True,739048.306889660,2024-06-11,21.306889660,18,1,0,17
SC_PLANT_GENERALIZED_DEFAULT,DEFAULT,2024-falling,2024,falling,EVENT_YEAR_RELATIVE,0.50,2024-05-21,0.5838898070836771,0.66168098337441728,True,739037.883660800,2024-05-31,10.883660800,16,1,0,15
SC_PLANT_GENERALIZED_DEFAULT,DEFAULT,2024-rising,2024,rising,ABSOLUTE_0_5,0.50,2024-08-24,0.5,0.69780603061907287,True,739083.290101825,2024-07-16,-38.709898175,19,3,2,16
SC_PLANT_GENERALIZED_DEFAULT,DEFAULT,2024-rising,2024,rising,EVENT_YEAR_RELATIVE,0.50,2024-08-24,0.5838898070836771,0.69780603061907287,True,739095.256253487,2024-07-28,-26.743746513,16,1,0,15
SC_PLANT_GENERALIZED_DEFAULT,DEFAULT,2025-falling,2025,falling,ABSOLUTE_0_5,0.50,2025-05-01,0.5,0.76104259597849333,True,739415.183107305,2025-06-13,43.183107305,18,1,0,17
SC_PLANT_GENERALIZED_DEFAULT,DEFAULT,2025-falling,2025,falling,EVENT_YEAR_RELATIVE,0.50,2025-05-01,0.62749871238662136,0.76104259597849333,True,739396.911623824,2025-05-25,24.911623824,11,1,0,10
SC_PLANT_GENERALIZED_DEFAULT,DEFAULT,2025-rising,2025,rising,ABSOLUTE_0_5,0.50,2025-09-05,0.5,0.61955688268188003,True,739451.189888147,2025-07-19,-47.810111853,19,4,3,15
SC_PLANT_GENERALIZED_DEFAULT,DEFAULT,2025-rising,2025,rising,EVENT_YEAR_RELATIVE,0.50,2025-09-05,0.62749871238662136,0.61955688268188003,True,739462.588184506,2025-07-30,-36.411815494,11,1,0,10
