info: cargo-llvm-cov currently setting cfg(coverage); you can opt-out it by passing --no-cfg-coverage
    Finished `test` profile [unoptimized + debuginfo] target(s) in 0.25s
     Running unittests src/lib.rs (target/llvm-cov-target/debug/deps/openwepp-27e19b3b0213c17d)

running 0 tests

test result: ok. 0 passed; 0 failed; 0 ignored; 0 measured; 0 filtered out; finished in 0.00s

     Running tests/integration/adr0017_comparator_distrust_ratification_contract.rs (target/llvm-cov-target/debug/deps/adr0017_comparator_distrust_ratification_contract-e18b49d9cb6e73e4)

running 4 tests
test adr0017_is_accepted_and_registered_as_ratified_governance ... ok
test ratification_package_is_autonomous_and_truthfulness_labeled ... ok
test governance_docs_encode_comparator_flag_adjudication_gates ... ok
test sc_contracts_carry_adr0017_invariants_obligations_and_versions ... ok

test result: ok. 4 passed; 0 failed; 0 ignored; 0 measured; 0 filtered out; finished in 0.02s

     Running tests/integration/arch22_typed_state_surface_contract.rs (target/llvm-cov-target/debug/deps/arch22_typed_state_surface_contract-2a1f561f46323a29)

running 17 tests
test arch22_all_dynamic_irrigation_field_suffixes_match_authority_snapshot ... ok
test arch22_all_hillslope_flux_symbol_projections_match_authority_snapshot ... ok
test arch22_all_watershed_channel_symbols_match_authority_snapshot ... ok
test arch22_all_watershed_impoundment_symbols_match_authority_snapshot ... ok
test arch22_climate_forcing_surface_error_display_matches_authority_snapshot ... ok
test arch22_climate_forcing_symbol_surface_accessors_match_authority_snapshot ... ok
test arch22_hillslope_dynamic_irrigation_symbol_projection_matches_authority ... ok
test arch22_hillslope_static_symbol_projection_matches_authority ... ok
test arch22_irrigation_scalar_state_symbols_match_authority_snapshot ... ok
test arch22_peak_method_state_symbols_match_authority_snapshot ... ok
test arch22_plant_hyetograph_soil_state_symbols_match_authority_snapshot ... ok
test arch22_snow_frost_state_symbols_match_authority_snapshot ... ok
test arch22_watershed_guard_accessor_signature_is_typed ... ok
test arch22_watershed_hillslope_payload_symbol_projection_matches_authority ... ok
test arch22_watershed_node_scoped_symbol_projection_matches_authority ... ok
test arch22_wb11_wb12_state_symbols_match_authority_snapshot ... ok
test arch22_hillslope_guard_accessor_signature_is_typed ... ok

test result: ok. 17 passed; 0 failed; 0 ignored; 0 measured; 0 filtered out; finished in 0.01s

     Running tests/integration/assurance_dossier_build_contract.rs (target/llvm-cov-target/debug/deps/assurance_dossier_build_contract-0d0054ef49f290f8)

running 13 tests
test public_reader_path_preserves_snow_science_without_v1_routes ... ok
test workflow_uses_validation_only_for_ordinary_events ... ok
test output_symlink_escape_is_rejected ... ok
test nonempty_catalog_and_retired_routes_fail_closed ... ok
test one_and_repeated_builds_are_byte_deterministic ... ok
test check_detects_byte_drift_and_extra_public_files ... ok
test public_output_and_snapshot_special_entries_are_rejected ... ok
ERROR: release assembly is blocked by assurance/V1_PUBLICATION_TRANSITION.
assurance transition preflight: PASS mode=validate assembly_authorized=false
test snapshot_is_zero_report_deterministic_and_immutable ... ok
test snapshot_target_and_descendant_symlinks_are_rejected ... ok
ERROR: release assembly is blocked by assurance/V1_PUBLICATION_TRANSITION.
ERROR: release assembly rejects nonempty retired v1 route: assurance/dossiers
assurance transition preflight: PASS mode=release publication_state=v1_retired_zero_reports reports=0
ERROR: release assembly requires the exact typed v1-retired zero-report catalog bytes.
ERROR: release assembly rejects retired v1 route: assurance/dossiers
test public_builder_stays_zero_report_while_validation_admits_internal_v2 ... ok
ERROR: release assembly requires the exact typed v1-retired zero-report catalog bytes.
ERROR: release assembly requires a regular, non-symlink assurance/catalog.yaml.
ERROR: release assembly rejects nonempty retired v1 route: assurance/dossiers
test transition_preflight_separates_validation_from_release ... ok
test transition_preflight_rejects_symlink_evasions_before_release_directory ... ok
test frozen_v1_manifest_recovers_every_recorded_blob ... ok

test result: ok. 13 passed; 0 failed; 0 ignored; 0 measured; 0 filtered out; finished in 0.19s

     Running tests/integration/assurance_v2_assembly_contract.rs (target/llvm-cov-target/debug/deps/assurance_v2_assembly_contract-5e48bccd54d53191)

running 7 tests
test rendered_tables_figures_references_objects_and_links_are_real_consumers ... ok
test mtime_changes_do_not_affect_assembly_bytes ... ok
test real_cli_selects_v2_staging_without_weakening_zero_public_operations ... ok
test staging_is_sandboxed_exact_and_named_build_preserves_unrelated_reports ... ok
test malformed_duplicate_unsafe_link_and_inaccessible_figure_fail_closed ... ok
test real_named_and_all_builds_are_deterministic_equivalent_and_checkable ... ok
test stale_missing_unit_precision_orphan_and_figure_drift_fail_closed ... ok

test result: ok. 7 passed; 0 failed; 0 ignored; 0 measured; 0 filtered out; finished in 0.67s

     Running tests/integration/assurance_v2_planner_contract.rs (target/llvm-cov-target/debug/deps/assurance_v2_planner_contract-059f8f114a555967)

running 10 tests
test plan_format_is_plan_only_and_assembly_requires_staging ... ok
test unavailable_or_unparseable_selected_manifest_produces_a_bounded_blocked_plan ... ok
test stale_consumer_cannot_mask_a_blocked_prerequisite ... ok
test unavailable_declared_content_blocks_consumers_with_relative_reasons ... ok
test malformed_authority_is_not_reduced_to_a_plan_state ... ok
test mtime_only_change_does_not_change_plan_bytes ... ok
test content_changes_select_expected_transitive_consumers ... ok
test named_selection_isolated_and_all_plan_does_not_select_unrelated_report ... ok
test manifest_method_figure_review_and_software_changes_select_the_report ... ok
test current_one_and_all_plans_are_equivalent_stable_and_cli_consumed ... ok

test result: ok. 10 passed; 0 failed; 0 ignored; 0 measured; 0 filtered out; finished in 0.25s

     Running tests/integration/assurance_v2_source_contract.rs (target/llvm-cov-target/debug/deps/assurance_v2_source_contract-19d59d91d5d17b0e)

running 12 tests
test protected_public_surface_remains_byte_identical ... ok
test named_validation_isolated_from_an_unselected_broken_report ... ok
test report_specific_assembly_requires_an_explicit_staging_root ... ok
test paths_symlinks_and_special_entries_fail_closed ... ok
test restricted_evidence_and_draft_lifecycle_contradictions_fail_closed ... ok
test schema_required_nullable_fields_cannot_be_omitted ... ok
test real_sources_satisfy_the_declared_draft_2020_12_schemas ... ok
test real_source_and_cli_validate_named_and_all_deterministically ... ok
test content_schema_contract_and_report_versions_are_enforced ... ok
test unknown_missing_duplicate_unresolved_and_unused_fields_fail_closed ... ok
test executable_schemas_reject_practical_identity_and_lifecycle_defects ... ok
test every_record_family_has_executable_field_consumption ... ok

test result: ok. 12 passed; 0 failed; 0 ignored; 0 measured; 0 filtered out; finished in 0.29s

     Running tests/integration/auth04_release_gate_authority_stack_contract.rs (target/llvm-cov-target/debug/deps/auth04_release_gate_authority_stack_contract-9f1570978339c771)

running 5 tests
test auth04_package_and_authority_model_capture_lane_policy ... ok
test auth04_workflow_exposes_periodic_and_manual_authority_lane_triggers ... ok
test auth04_release_gate_script_enforces_lane_and_failure_class_semantics ... ok
test intval_rel001_release_workspace_gate_uses_nextest_process_isolation ... ok
test auth04_release_runbook_and_release_readme_document_authority_stack_outputs ... ok

test result: ok. 5 passed; 0 failed; 0 ignored; 0 measured; 0 filtered out; finished in 0.00s

     Running tests/integration/auth05_level4_constitutive_authority_hardening_contract.rs (target/llvm-cov-target/debug/deps/auth05_level4_constitutive_authority_hardening_contract-11ec6660321a5317)

running 3 tests
test auth05_invalid_fc_wp_and_missing_theta_are_fail_closed ... ok
test auth05_direct_percolation_obeys_fc_cutoff_and_positive_above_fc_response ... ok
test auth05_fc_wp_fixtures_and_typed_runtime_preserve_constitutive_authority ... ok

test result: ok. 3 passed; 0 failed; 0 ignored; 0 measured; 0 filtered out; finished in 0.00s

     Running tests/integration/auth06_fixture_provenance_hash_enforcement_contract.rs (target/llvm-cov-target/debug/deps/auth06_fixture_provenance_hash_enforcement_contract-c3d4b46104f38e20)

running 5 tests
test auth06_schema_requires_fixture_hash_and_source_provenance_fields ... ok
test auth06_release_gate_script_enforces_fixture_integrity_before_lane_execution ... ok
boundary_case.json: OK
invalid_missing_theta_fc.json: OK
nominal_case.json: OK
boundary_case.json: FAILED
invalid_missing_theta_fc.json: OK
nominal_case.json: OK
sha256sum: WARNING: 1 computed checksum did NOT match
test auth06_tamper_detection_rejects_modified_lock_hash ... ok
boundary_case.json: OK
invalid_wp_gt_fc.json: OK
nominal_case.json: OK
above_fc_positive.json: OK
invalid_missing_theta.json: OK
near_fc_cutoff.json: OK
cohort_case.json: OK
h1_high_rock_fc_authority.sol: OK
h1_real_rocky_p1_authority.sol: OK
h1_worked_example_source.md: OK
valid_7778.sol: OK
valid_9002.sol: OK
test intval_auth_prov001_wb19_fixture_provenance_is_git_verifiable ... ok
withdrawal_soilwater_cap_cases.json: OK
layer_pool_withdrawal_cap_cases.json: OK
lateral_saturated_thickness_response_cases.json: OK
wb19_fcwp_coca_watyld_cases.json: OK
solwpv_fcdep_branch_cases.json: OK
test auth06_active_level4_and_level3_suites_publish_fixture_hashes_and_provenance_sidecars ... ok

test result: ok. 5 passed; 0 failed; 0 ignored; 0 measured; 0 filtered out; finished in 0.02s

     Running tests/integration/auth07_fc_authority_cohort_contract.rs (target/llvm-cov-target/debug/deps/auth07_fc_authority_cohort_contract-16749aa578628045)

running 2 tests
test auth07_package_and_suite_authority_sections_exist ... ok
test auth07_profile_fc_authority_cohort_threshold_and_rock_bucket_classification ... ok

test result: ok. 2 passed; 0 failed; 0 ignored; 0 measured; 0 filtered out; finished in 0.00s

     Running tests/integration/auth11_required_suite_obligation_guards_contract.rs (target/llvm-cov-target/debug/deps/auth11_required_suite_obligation_guards_contract-c8902491e9eee5c9)

running 3 tests
test auth11_registry_posture_and_protocol_guard_paths_exist ... ok
test auth11_obligations_schema_and_anchor_bindings_are_enforced ... ok
test auth11_all_active_required_suite_targets_exist_and_are_registered ... ok

test result: ok. 3 passed; 0 failed; 0 ignored; 0 measured; 0 filtered out; finished in 0.00s

     Running tests/integration/cancov_stratified_observations.rs (target/llvm-cov-target/debug/deps/cancov_stratified_observations-963e81c51a43308d)

running 3 tests
test cancov_stratified_observation_regeneration_tool_is_present ... ok
test cancov_stratified_observation_manifest_installs_harvard_and_marcell_sources ... ok
test cancov_stratified_observation_tables_bind_expected_model_strata ... ok

test result: ok. 3 passed; 0 failed; 0 ignored; 0 measured; 0 filtered out; finished in 0.07s

     Running tests/integration/cli01_runner_contract_derived_tests.rs (target/llvm-cov-target/debug/deps/cli01_runner_contract_derived_tests-ec4ef5386c3ed4e9)

running 13 tests
test cli01_contract_surface_declares_release_sidecar_validation_fields ... ok
test cli01_sidecar_contract_missing_required_sidecar_is_hard_failure_in_strict ... ok
test cli01_sidecar_contract_missing_required_sidecar_is_hard_failure_in_compat ... ok
test cli01_contract_surface_declares_runner_commands_and_error_ids ... ok
test cli01_sidecar_contract_unknown_discovery_warns_in_compat ... ok
test cli01_contract_surface_declares_required_hillslope_sidecars_and_manifest_schema ... ok
test hillslope_cli_metadata_manifest_and_io_errors_preserve_codes_display_and_sources ... ok
test hillslope_cli_output_errors_preserve_codes_display_and_sources ... ok
test hillslope_cli_path_and_core_errors_preserve_codes_display_and_sources ... ok
test hillslope_cli_sidecar_and_runtime_errors_preserve_codes_display_and_sources ... ok
test runner_errors_preserve_codes_display_and_sources ... ok
test runner_release_lint_errors_preserve_codes_display_and_sources ... ok
test runner_release_metadata_errors_preserve_codes_display_and_sources ... ok

test result: ok. 13 passed; 0 failed; 0 ignored; 0 measured; 0 filtered out; finished in 0.00s

     Running tests/integration/cli01_runner_hillslope_integration.rs (target/llvm-cov-target/debug/deps/cli01_runner_hillslope_integration-59445a7640af2368)

running 4 tests
test cli01_contract_conformance_runner_crate_declares_hillslope_watershed_and_runner_binaries ... ok
test cli01_contract_conformance_generated_release_sidecar_is_schema_valid ... ok
test cli01_contract_conformance_hillslope_run_emits_required_outputs_and_manifest ... ok
test cli01_contract_conformance_sidecar_policy_warns_on_unknown_discovery ... ok

test result: ok. 4 passed; 0 failed; 0 ignored; 0 measured; 0 filtered out; finished in 25.02s

     Running tests/integration/cli03_runner_contract_derived_tests.rs (target/llvm-cov-target/debug/deps/cli03_runner_contract_derived_tests-597f2e4f0eb2e87a)

running 25 tests
test cli03_contract_surface_declares_output_crate_layout ... ok
test cli03_contract_surface_declares_metric_runfile_and_required_outputs ... ok
test cli03_runner_crate_declares_hillslope_and_watershed_binary_targets ... ok
test cli03_watershed_contract_surface_declares_pw0_inputs_and_hillslope_block ... ok
test cli03_runner_crate_wires_output_surface_dependency ... ok
test cli03_hphys0241_watershed_validator_requires_mofe_hourly_carry_metadata ... ok
test cli03_watershed_cli_surface_uses_runfile_pattern_with_legacy_discovery_flag ... ok
test cli03_fixture_run_emits_required_and_configured_optional_outputs_with_manifest_checksums ... ok
test cli03_fixture_run_publishes_wb16_ealpha_runtime_seed_provenance ... ok
test cli03_legacy_sidecar_discovery_mode_uses_legacy_sidecars_and_ignores_runfile_overrides ... ok
test cli03_mofe02_enables_hillslope_soil_topology_scope_guard_when_slope_and_management_align ... ok
test cli03_mf_multiofe_publication_emits_public_per_ofe_wat_rows has been running for over 60 seconds
test cli03_mofe02_rejects_full_triad_topology_mismatch has been running for over 60 seconds
test cli03_mofe02_rejects_management_soil_mismatch has been running for over 60 seconds
test cli03_mofe02_rejects_slope_management_and_slope_soil_mismatch has been running for over 60 seconds
test cli03_mofe03_no_till_multiofe_runfile_executes_wave1_chain has been running for over 60 seconds
test cli03_mofe03_single_ofe_policy_disables_wave2_by_default has been running for over 60 seconds
test cli03_mofe03_tilled_multiofe_run_does_not_claim_the_wave1_chain has been running for over 60 seconds
test cli03_mofe04_single_ofe_publication_reports_single_contributor_policy has been running for over 60 seconds
test cli03_runfile_validation_rejects_non_metric_unit_system has been running for over 60 seconds
test cli03_runfile_validation_rejects_schema_mismatch has been running for over 60 seconds
test cli03_runfile_validation_rejects_unresolved_required_input_paths has been running for over 60 seconds
test cli03_runtime_accepts_finite_daily_temperature_inversion_records has been running for over 60 seconds
test m07_runfile_error_branch_matrix_preserves_exact_priority has been running for over 60 seconds
test m07_strict_runfile_rejects_missing_pmetpara_override has been running for over 60 seconds
test cli03_mofe02_rejects_full_triad_topology_mismatch ... ok
test cli03_mf_multiofe_publication_emits_public_per_ofe_wat_rows ... ok
test cli03_mofe02_rejects_management_soil_mismatch ... ok
test cli03_mofe03_no_till_multiofe_runfile_executes_wave1_chain ... ok
test cli03_mofe02_rejects_slope_management_and_slope_soil_mismatch ... ok
test cli03_mofe03_single_ofe_policy_disables_wave2_by_default ... ok
test cli03_mofe03_tilled_multiofe_run_does_not_claim_the_wave1_chain ... ok
test cli03_mofe04_single_ofe_publication_reports_single_contributor_policy ... ok
test cli03_runfile_validation_rejects_non_metric_unit_system ... ok
test cli03_runfile_validation_rejects_schema_mismatch ... ok
test cli03_runfile_validation_rejects_unresolved_required_input_paths ... ok
test cli03_runtime_accepts_finite_daily_temperature_inversion_records ... ok
test m07_strict_runfile_rejects_missing_pmetpara_override ... ok
test m07_runfile_error_branch_matrix_preserves_exact_priority ... ok

test result: ok. 25 passed; 0 failed; 0 ignored; 0 measured; 0 filtered out; finished in 123.85s

     Running tests/integration/cli04_runner_wat_parquet_contract_derived_tests.rs (target/llvm-cov-target/debug/deps/cli04_runner_wat_parquet_contract_derived_tests-09450cc068f4248f)

running 2 tests
test cli04_contract_surface_declares_wat_metadata_parity_and_dependency_posture ... ok
test cli04_fixture_run_emits_valid_wat_parquet_with_required_metadata_keys ... ok

test result: ok. 2 passed; 0 failed; 0 ignored; 0 measured; 0 filtered out; finished in 25.05s

     Running tests/integration/comparator_tier_routing_metadata.rs (target/llvm-cov-target/debug/deps/comparator_tier_routing_metadata-e16b59b76d5257c5)

running 7 tests
test candidate_source_class_policy_distinguishes_native_vs_conversion_dat ... ok
test deterministic_tier_mapping_routes_hourly_and_watershed_to_investigation ... ok
test deterministic_tier_mapping_routes_single_ofe_daily_to_higher_confidence ... ok
test missing_required_single_ofe_metadata_is_typed_error ... ok
test strict_lane_policy_mode_is_deterministic_by_candidate_extension ... ok
test summary_constructor_rejects_invalid_routing_metadata ... ok
test summary_rollups_propagate_routing_metadata ... ok

test result: ok. 7 passed; 0 failed; 0 ignored; 0 measured; 0 filtered out; finished in 0.00s

     Running tests/integration/dff_ws1_native_forest_cli.rs (target/llvm-cov-target/debug/deps/dff_ws1_native_forest_cli-a35c065b3804dee5)

running 1 test
test native_forest_hillslope_runs_end_to_end_with_pmet_hit_and_reconciliation ... ok

test result: ok. 1 passed; 0 failed; 0 ignored; 0 measured; 0 filtered out; finished in 39.79s

     Running tests/integration/dff_ws2_ksatadj_direct_runtime.rs (target/llvm-cov-target/debug/deps/dff_ws2_ksatadj_direct_runtime-54838216dc61c6ba)

running 1 test
test dff_ws2_forest_high_severity_loam_runs_with_live_direct_ksatadj_effect ... ok

test result: ok. 1 passed; 0 failed; 0 ignored; 0 measured; 0 filtered out; finished in 40.70s

     Running tests/integration/dff_ws3_directional_burn_validation.rs (target/llvm-cov-target/debug/deps/dff_ws3_directional_burn_validation-bf6276a99256924a)

running 2 tests
test dff_ws3_mckenzie_bridge_matrix_fixture_catalog_is_complete ... ok
test dff_ws3_representative_clay_loam_documents_runoff_peak_and_directional_sediment ... ok

test result: ok. 2 passed; 0 failed; 0 ignored; 0 measured; 0 filtered out; finished in 42.67s

     Running tests/integration/erod11_alias_boundary_ownership_contract.rs (target/llvm-cov-target/debug/deps/erod11_alias_boundary_ownership_contract-d51548b6e712b388)

running 4 tests
test erod11_wave0_hillslope_alias_projection_matches_authority ... ok
test erod11_wave0_watershed_alias_projection_matches_authority ... ok
test erod11_peak_duration_alias_registry_entries_exist ... ok
test erod11_contract_addenda_and_gap_posture_are_present ... ok

test result: ok. 4 passed; 0 failed; 0 ignored; 0 measured; 0 filtered out; finished in 0.01s

     Running tests/integration/erod12_cross_domain_contract_closure_contract.rs (target/llvm-cov-target/debug/deps/erod12_cross_domain_contract_closure_contract-e07ab2e04f810f96)

running 3 tests
test erod12_cross_domain_addenda_are_present ... ok
test erod12_wave0_cross_domain_blockers_are_closed ... ok
test erod12_non_wave0_posture_remains_explicit ... ok

test result: ok. 3 passed; 0 failed; 0 ignored; 0 measured; 0 filtered out; finished in 0.00s

     Running tests/integration/erod13_contract_authority_closure_contract.rs (target/llvm-cov-target/debug/deps/erod13_contract_authority_closure_contract-0ee9923c32235e57)

running 2 tests
test erod13_wave1_addenda_are_present_in_required_contracts ... ok
test erod13_contract_changelog_references_wave1_authority ... ok

test result: ok. 2 passed; 0 failed; 0 ignored; 0 measured; 0 filtered out; finished in 0.00s

     Running tests/integration/erod14_contract_authority_closure_contract.rs (target/llvm-cov-target/debug/deps/erod14_contract_authority_closure_contract-8f82826cb3c0b92f)

running 2 tests
test erod14_contract_changelog_references_wave2_authority ... ok
test erod14_wave2_addenda_are_present_in_required_contracts ... ok

test result: ok. 2 passed; 0 failed; 0 ignored; 0 measured; 0 filtered out; finished in 0.04s

     Running tests/integration/erod15_wave3_contract_authority_closure_contract.rs (target/llvm-cov-target/debug/deps/erod15_wave3_contract_authority_closure_contract-0fa323857fd971d9)

running 3 tests
test erod15_contract_references_wave3_authority ... ok
test erod15_alias_registry_contains_hbp_payload_templates ... ok
test erod15_wave3_addenda_are_present_in_required_contracts ... ok

test result: ok. 3 passed; 0 failed; 0 ignored; 0 measured; 0 filtered out; finished in 0.00s

     Running tests/integration/erod16_wave1_continuity_fixture_conservation.rs (target/llvm-cov-target/debug/deps/erod16_wave1_continuity_fixture_conservation-120125c44f415e42)

running 1 test
test erod16_wave1_continuity_conserves_on_mckenzie_clay_loam_storm_forcing ... ok

test result: ok. 1 passed; 0 failed; 0 ignored; 0 measured; 0 filtered out; finished in 25.95s

     Running tests/integration/erosion_multi_ofe_p102_chain.rs (target/llvm-cov-target/debug/deps/erosion_multi_ofe_p102_chain-1637bba3f7fdf5a9)

running 1 test
test erosion_multi_ofe_p102_wave1_chain_routes_sediment ... ok

test result: ok. 1 passed; 0 failed; 0 ignored; 0 measured; 0 filtered out; finished in 44.94s

     Running tests/integration/erosion_single_ofe_p61_sediment.rs (target/llvm-cov-target/debug/deps/erosion_single_ofe_p61_sediment-e70c2c68e525c7ce)

running 1 test
test erosion_single_ofe_p61_produces_nonzero_sediment_through_direct_runtime ... ok

test result: ok. 1 passed; 0 failed; 0 ignored; 0 measured; 0 filtered out; finished in 30.26s

     Running tests/integration/hparity01_hillslope_wat_lineage_contract.rs (target/llvm-cov-target/debug/deps/hparity01_hillslope_wat_lineage_contract-024335c8e5a9aaf8)

running 3 tests
test hparity01_closure_target_requires_zero_fail_counts ... ignored, HPARITY01 scaffold: expected to fail until HPARITY02-HPARITY05 production closure packages land and rerun evidence is refreshed
test hparity01_baseline_residual_snapshot_covers_expected_column_set ... ok
test hparity01_contract_authority_sections_exist ... ok

test result: ok. 2 passed; 0 failed; 1 ignored; 0 measured; 0 filtered out; finished in 0.01s

     Running tests/integration/hphys0208_fc_threshold_coupled_residual_contract.rs (target/llvm-cov-target/debug/deps/hphys0208_fc_threshold_coupled_residual_contract-a25cedac3af43a27)

running 2 tests
test hphys0208_package_and_contract_authority_sections_exist ... ok
test hphys0208_sat_perturbation_changes_coupled_wb13_publications ... ok

test result: ok. 2 passed; 0 failed; 0 ignored; 0 measured; 0 filtered out; finished in 39.42s

     Running tests/integration/hphys0209_profilewp_adjudication_contract.rs (target/llvm-cov-target/debug/deps/hphys0209_profilewp_adjudication_contract-3b0bb5ad118c5e92)

running 2 tests
test hphys0209_package_and_contract_authority_sections_exist ... ok
test hphys0209_wp_authority_perturbation_changes_profile_wp_without_profile_geometry_regression ... ok

test result: ok. 2 passed; 0 failed; 0 ignored; 0 measured; 0 filtered out; finished in 37.93s

     Running tests/integration/hphys0224_wb19_withdrawal_soilwater_cap_contract.rs (target/llvm-cov-target/debug/deps/hphys0224_wb19_withdrawal_soilwater_cap_contract-ab1c1f9bdc36d6eb)

running 2 tests
test hphys0224_overwithdrawal_is_a_typed_domain_failure ... ok
test hphys0224_realized_withdrawals_subtract_exactly_from_soil_water ... ok

test result: ok. 2 passed; 0 failed; 0 ignored; 0 measured; 0 filtered out; finished in 0.00s

     Running tests/integration/hphys0225_wb19_layer_pool_withdrawal_cap_contract.rs (target/llvm-cov-target/debug/deps/hphys0225_wb19_layer_pool_withdrawal_cap_contract-0da03952b2b7cde4)

running 1 test
test hphys0225_deleted_legacy_scalar_cannot_expand_typed_layer_pool ... ok

test result: ok. 1 passed; 0 failed; 0 ignored; 0 measured; 0 filtered out; finished in 0.00s

     Running tests/integration/hphys0226_wb19_lateral_saturated_thickness_response_contract.rs (target/llvm-cov-target/debug/deps/hphys0226_wb19_lateral_saturated_thickness_response_contract-f5628906444d3f17)

running 1 test
test hphys0226_lateral_flow_increases_with_available_saturated_storage ... ok

test result: ok. 1 passed; 0 failed; 0 ignored; 0 measured; 0 filtered out; finished in 0.00s

     Running tests/integration/hphys0227_wb19_fcwp_coca_watyld_authority_contract.rs (target/llvm-cov-target/debug/deps/hphys0227_wb19_fcwp_coca_watyld_authority_contract-96792dcf65feab39)

running 1 test
test hphys0227_fcwp_theta_lineage_controls_watyld_and_legacy_depth_response ... ok

test result: ok. 1 passed; 0 failed; 0 ignored; 0 measured; 0 filtered out; finished in 0.00s

     Running tests/integration/hphys0276_raw_unit_conversion_guard_contract.rs (target/llvm-cov-target/debug/deps/hphys0276_raw_unit_conversion_guard_contract-b809643fc474935e)

running 5 tests
test hphys0276_raw_unit_conversion_guard_does_not_overapply_allow_marker ... ok
test hphys0276_raw_unit_conversion_guard_rejects_equivalent_rust_spellings ... ok
test hphys0276_raw_unit_conversion_guard_accepts_documented_exception ... ok
test hphys0276_raw_unit_conversion_guard_accepts_helper_based_source ... ok
test hphys0276_raw_unit_conversion_guard_rejects_unauthorized_literal ... ok

test result: ok. 5 passed; 0 failed; 0 ignored; 0 measured; 0 filtered out; finished in 0.09s

     Running tests/integration/hphys0279_sc_unit_compliance_lint_contract.rs (target/llvm-cov-target/debug/deps/hphys0279_sc_unit_compliance_lint_contract-aebc4ad0e64dad46)

running 9 tests
test hphys0279_sc_unit_lint_fails_closed_when_registry_source_is_unparseable ... ok
test hphys0279_sc_unit_lint_reports_empty_variables_table_against_registry ... ok
test hphys0279_sc_unit_lint_fails_closed_when_registry_source_is_missing ... ok
test hphys0279_sc_unit_lint_cross_checks_registry_units ... ok
test hphys0279_sc_unit_lint_requires_canonical_variables_coverage ... ok
test hphys0279_sc_unit_lint_requires_registered_alias_rows ... ok
test hphys0279_sc_unit_lint_rejects_missing_variables_and_alias_sections ... ok
test hphys0279_sc_unit_lint_rejects_missing_alias_units_check ... ok
test hphys0279_sc_unit_lint_accepts_compliant_contract_fixture ... ok

test result: ok. 9 passed; 0 failed; 0 ignored; 0 measured; 0 filtered out; finished in 0.11s

     Running tests/integration/hphys0296_snow_rm_acceptance_authority_contract.rs (target/llvm-cov-target/debug/deps/hphys0296_snow_rm_acceptance_authority_contract-a424d1663fa4b96e)

running 3 tests
test hphys0296_preserves_single_source_negative_melt_boundary_not_bug_compatibility ... ok
test hphys0296_contracts_define_snow_rm_acceptance_authority ... ok
test hphys0296_runner_trace_preserves_snow_rm_acceptance_surfaces ... ok

test result: ok. 3 passed; 0 failed; 0 ignored; 0 measured; 0 filtered out; finished in 0.14s

     Running tests/integration/hphys0297_snow_rm_defect_ledger_contract.rs (target/llvm-cov-target/debug/deps/hphys0297_snow_rm_defect_ledger_contract-91e291d109e703f8)

running 3 tests
test hphys0297_package_is_defect_ledger_not_acceptance_bucket ... ok
test hphys0297_preserves_snowsci_single_source_openwepp_negative_melt_lineage ... ok
test hphys0297_contracts_require_defect_ledger_reconstruction ... ok

test result: ok. 3 passed; 0 failed; 0 ignored; 0 measured; 0 filtered out; finished in 0.01s

     Running tests/integration/hphys0298_paired_lineage_partition_contract.rs (target/llvm-cov-target/debug/deps/hphys0298_paired_lineage_partition_contract-c95abe6f5db7f62c)

running 5 tests
test hphys0298_prompt_is_end_to_end_and_baseline_scoped ... ok
test hphys0298_package_names_all_target_windows_and_outputs ... ok
test hphys0298_harness_checks_forcing_before_raw_melt_and_fails_closed_on_missing_trace ... ok
test hphys0298_contracts_require_paired_lineage_partition ... ok
test hphys0298_harness_rejects_historical_hrsnow_water_equiv_pairing ... ok

test result: ok. 5 passed; 0 failed; 0 ignored; 0 measured; 0 filtered out; finished in 0.60s

     Running tests/integration/hphys0300_raw_hourly_melt_post_raw_routing_contract.rs (target/llvm-cov-target/debug/deps/hphys0300_raw_hourly_melt_post_raw_routing_contract-69f1470f228a3eb8)

running 3 tests
test hphys0300_package_and_prompt_are_autonomous_and_corrected_ledger_scoped ... ok
test hphys0300_runner_routes_special_cases_without_authorizing_edits ... ok
test hphys0300_contracts_require_term_state_evidence_before_melt_edits ... ok

test result: ok. 3 passed; 0 failed; 0 ignored; 0 measured; 0 filtered out; finished in 0.04s

     Running tests/integration/hphys0301_h39_forcing_melt_term_producer_contract.rs (target/llvm-cov-target/debug/deps/hphys0301_h39_forcing_melt_term_producer_contract-2931acab2c471b91)

running 3 tests
test hphys0301_package_and_prompt_require_implementation_or_blocker ... ok
test hphys0301_runner_and_ledger_block_raw_rain_production_edit ... ok
test hphys0301_contracts_reclassify_h39_raw_rain_to_release_lineage ... ok

test result: ok. 3 passed; 0 failed; 0 ignored; 0 measured; 0 filtered out; finished in 0.01s

     Running tests/integration/hphys0302_comparator_surface_audit_contract.rs (target/llvm-cov-target/debug/deps/hphys0302_comparator_surface_audit_contract-e131c0f1e022e21a)

running 3 tests
test hphys0302_package_and_prompt_prohibit_aggregate_delta_edits ... ok
test hphys0302_runner_and_ledger_hold_on_missing_term_surfaces ... ok
test hphys0302_contracts_require_same_surface_before_defect_claims ... ok

test result: ok. 3 passed; 0 failed; 0 ignored; 0 measured; 0 filtered out; finished in 0.01s

     Running tests/integration/hphys0303_adr0016_comparator_ratification_contract.rs (target/llvm-cov-target/debug/deps/hphys0303_adr0016_comparator_ratification_contract-33826dc5c3a91d3a)

running 3 tests
test hphys0303_package_requires_local_only_ratification_gates ... ok
test hphys0303_runner_encodes_fixed_comparator_identity_without_remote_push ... ok
test hphys0303_ledger_and_adrs_are_status_coherent ... ok

test result: ok. 3 passed; 0 failed; 0 ignored; 0 measured; 0 filtered out; finished in 0.01s

     Running tests/integration/hphys0304_fixed_comparator_semantic_rerun_contract.rs (target/llvm-cov-target/debug/deps/hphys0304_fixed_comparator_semantic_rerun_contract-629209acf8e2bbe1)

running 3 tests
test hphys0304_package_executes_adr0016_continuation_order_without_production_edits ... ok
test hphys0304_artifacts_and_follow_on_are_status_coherent_when_executed ... ok
test hphys0304_runner_uses_fixed_baseline_and_requires_fresh_candidate_identity ... ok

test result: ok. 3 passed; 0 failed; 0 ignored; 0 measured; 0 filtered out; finished in 0.00s

     Running tests/integration/hphys0306_baseline_melt_observe_semantics_contract.rs (target/llvm-cov-target/debug/deps/hphys0306_baseline_melt_observe_semantics_contract-b5ad64039c9c438e)

running 4 tests
test hphys0306_package_requires_branch_active_semantics ... ok
test hphys0306_runner_preserves_fixed_comparator_and_no_remote_actions ... ok
test hphys0306_contract_authority_is_registered ... ok
test hphys0306_executed_ledger_is_status_coherent ... ok

test result: ok. 4 passed; 0 failed; 0 ignored; 0 measured; 0 filtered out; finished in 0.01s

     Running tests/integration/hphys0307_melt_call_branch_activation_contract.rs (target/llvm-cov-target/debug/deps/hphys0307_melt_call_branch_activation_contract-049be5479b8c8192)

running 5 tests
test hphys0307_package_requires_source_lineage_before_edits ... ok
test hphys0307_source_lineage_cites_baseline_and_openwepp_predicates ... ok
test hphys0307_executed_ledger_is_classification_coherent ... ok
test hphys0307_runner_preserves_prior_ledger_and_no_remote_actions ... ok
test hphys0307_contract_authority_is_registered ... ok

test result: ok. 5 passed; 0 failed; 0 ignored; 0 measured; 0 filtered out; finished in 0.01s

     Running tests/integration/hphys0308_snowd_branch_state_ordering_contract.rs (target/llvm-cov-target/debug/deps/hphys0308_snowd_branch_state_ordering_contract-97cbf00e988405a9)

running 5 tests
test hphys0308_package_requires_key_level_state_ordering_before_edits ... ok
test hphys0308_source_lineage_cites_predicate_and_state_surfaces ... ok
test hphys0308_runner_uses_prior_ledgers_without_remote_actions ... ok
test hphys0308_executed_ledger_is_key_level_and_hold_gated ... ok
test hphys0308_contract_authority_is_registered ... ok

test result: ok. 5 passed; 0 failed; 0 ignored; 0 measured; 0 filtered out; finished in 0.01s

     Running tests/integration/hphys0309_snow_carry_depletion_lineage_contract.rs (target/llvm-cov-target/debug/deps/hphys0309_snow_carry_depletion_lineage_contract-f86173ab8df4a96f)

running 5 tests
test hphys0309_source_lineage_cites_carry_publication ... ok
test hphys0309_package_requires_carry_state_before_edits ... ok
test hphys0309_runner_uses_prior_ledgers_and_source_lines ... ok
test hphys0309_contract_authority_is_registered ... ok
test hphys0309_executed_ledger_is_complete_and_hold_gated ... ok

test result: ok. 5 passed; 0 failed; 0 ignored; 0 measured; 0 filtered out; finished in 0.01s

     Running tests/integration/hphys0310_prior_day_snow_carry_divergence_contract.rs (target/llvm-cov-target/debug/deps/hphys0310_prior_day_snow_carry_divergence_contract-71fedb0d4f8d6ab8)

running 6 tests
test hphys0310_package_is_autonomous_and_compensation_prohibited ... ok
test hphys0310_source_lineage_cites_carry_and_runtime_surfaces ... ok
test hphys0310_executed_ledger_is_complete_and_hold_gated ... ok
test hphys0310_runner_uses_prior_ledgers_and_fails_closed ... ok
test hphys0310_contract_authority_is_registered ... ok
test hphys0310_runner_negative_fixture_fails_closed_on_missing_pair ... ok

test result: ok. 6 passed; 0 failed; 0 ignored; 0 measured; 0 filtered out; finished in 0.06s

     Running tests/integration/hphys0311_snow_carry_source_line_parity_contract.rs (target/llvm-cov-target/debug/deps/hphys0311_snow_carry_source_line_parity_contract-200975746172a8fb)

running 6 tests
test hphys0311_package_is_autonomous_and_source_line_scoped ... ok
test hphys0311_source_lineage_artifact_verifies_expanded_requirements ... ok
test hphys0311_executed_ledger_is_complete_and_hold_gated ... ok
test hphys0311_runner_fails_closed_and_cites_required_sources ... ok
test hphys0311_contract_authority_is_registered ... ok
HPHYS0311 failed closed: source line mismatch for snowd.for:50-53: expected 'INTENTIONALLY_MISSING_HPHYS0311_SOURCE_TOKEN' at /workdir/wepp-forest_260430_baseline/src/snowd.for:50
test hphys0311_runner_negative_fixture_fails_closed_on_missing_source_line ... ok

test result: ok. 6 passed; 0 failed; 0 ignored; 0 measured; 0 filtered out; finished in 0.06s

     Running tests/integration/hphys0312_prior_year_terminal_snowpack_lineage_contract.rs (target/llvm-cov-target/debug/deps/hphys0312_prior_year_terminal_snowpack_lineage_contract-e42caa158dffe243)

running 6 tests
test hphys0312_package_is_autonomous_and_continuation_scoped ... ok
test hphys0312_source_lineage_artifact_verifies_requirements ... ok
test hphys0312_executed_ledger_is_complete_and_hold_gated ... ok
test hphys0312_runner_fails_closed_and_cites_required_sources ... ok
test hphys0312_contract_authority_is_registered ... ok
HPHYS0312 failed closed: source line mismatch for snowd.for:61-65: expected 'INTENTIONALLY_MISSING_HPHYS0312_SOURCE_TOKEN' at /workdir/wepp-forest_260430_baseline/src/snowd.for:61
test hphys0312_runner_negative_fixture_fails_closed_on_missing_source_line ... ok

test result: ok. 6 passed; 0 failed; 0 ignored; 0 measured; 0 filtered out; finished in 0.05s

     Running tests/integration/hphys0313_snowpack_settling_carry_recursion_contract.rs (target/llvm-cov-target/debug/deps/hphys0313_snowpack_settling_carry_recursion_contract-3cb3652badb9b6fc)

running 6 tests
test hphys0313_package_is_autonomous_and_continuation_scoped ... ok
test hphys0313_source_lineage_and_patch_artifacts_verify_requirements ... ok
test hphys0313_runner_fails_closed_and_cites_required_sources ... ok
test hphys0313_executed_ledger_is_complete_and_hold_gated ... ok
test hphys0313_contract_authority_is_registered ... ok
HPHYS0313 failed closed: source line mismatch for snowd.for:125: expected 'INTENTIONALLY_MISSING_HPHYS0313_SOURCE_TOKEN' at /workdir/wepp-forest_260430_baseline/src/snowd.for:125
test hphys0313_runner_negative_fixture_fails_closed_on_missing_source_line ... ok

test result: ok. 6 passed; 0 failed; 0 ignored; 0 measured; 0 filtered out; finished in 0.08s

     Running tests/integration/hphys0314_adr0017_snow_rm_reclassification_contract.rs (target/llvm-cov-target/debug/deps/hphys0314_adr0017_snow_rm_reclassification_contract-51589633c81e39f2)

running 5 tests
test hphys0314_route_summary_accounts_for_all_carried_rows ... ok
test hphys0314_package_is_autonomous_no_production_edits ... ok
test hphys0314_reclassification_ledger_preserves_routes_and_gates_followons ... ok
test hphys0314_metrics_and_evidence_artifacts_are_not_scaffold_placeholders ... ok
test hphys0314_contract_authority_is_registered ... ok

test result: ok. 5 passed; 0 failed; 0 ignored; 0 measured; 0 filtered out; finished in 0.02s

     Running tests/integration/hphys0315_hourly_snowfall_input_lineage_contract.rs (target/llvm-cov-target/debug/deps/hphys0315_hourly_snowfall_input_lineage_contract-a51c0166a31afca8)

running 5 tests
test hphys0315_ledger_preserves_all_spring_2014_rows_as_unresolved_hold ... ok
test hphys0315_package_is_autonomous_and_scoped_to_no_production_edits ... ok
test hphys0315_source_lineage_records_the_remaining_input_surface_gap ... ok
test hphys0315_artifacts_are_executed_and_gates_are_recorded ... ok
test hphys0315_contract_authority_is_registered ... ok

test result: ok. 5 passed; 0 failed; 0 ignored; 0 measured; 0 filtered out; finished in 0.02s

     Running tests/integration/hphys0316_2013_terminal_carry_recursion_contract.rs (target/llvm-cov-target/debug/deps/hphys0316_2013_terminal_carry_recursion_contract-499a9fd61bed6d04)

running 5 tests
test hphys0316_ledger_routes_all_spring_2016_rows_to_hphys0317_hold ... ok
test hphys0316_source_lineage_records_terminal_carry_and_first_material_lane ... ok
test hphys0316_package_is_autonomous_and_scoped_to_no_production_edits ... ok
test hphys0316_artifacts_are_executed_and_gates_are_recorded ... ok
test hphys0316_contract_authority_is_registered ... ok

test result: ok. 5 passed; 0 failed; 0 ignored; 0 measured; 0 filtered out; finished in 0.02s

     Running tests/integration/hphys0317_hourly_snowfall_input_surface_parity_contract.rs (target/llvm-cov-target/debug/deps/hphys0317_hourly_snowfall_input_surface_parity_contract-9eba63a5eea505e4)

running 5 tests
test hphys0317_ledger_preserves_all_carried_rows_under_instrumentation_hold ... ok
test hphys0317_source_lineage_records_missing_controlling_surface_evidence ... ok
test hphys0317_package_is_autonomous_and_scoped_to_no_production_edits ... ok
test hphys0317_artifacts_are_executed_and_gates_are_recorded ... ok
test hphys0317_contract_authority_is_registered ... ok

test result: ok. 5 passed; 0 failed; 0 ignored; 0 measured; 0 filtered out; finished in 0.02s

     Running tests/integration/hphys0319_fixed_baseline_stmtim_observe_contract.rs (target/llvm-cov-target/debug/deps/hphys0319_fixed_baseline_stmtim_observe_contract-2c7a9ccf402d7aa8)

running 5 tests
test hphys0319_artifacts_publish_paired_observe_classification ... ok
test hphys0319_package_is_autonomous_and_no_production_edit_scoped ... ok
test hphys0319_artifacts_are_executed_and_gates_are_recorded ... ok
test hphys0319_recovery_script_is_scoped_and_records_required_tags ... ok
test hphys0319_contract_authority_is_registered ... ok

test result: ok. 5 passed; 0 failed; 0 ignored; 0 measured; 0 filtered out; finished in 0.02s

     Running tests/integration/hphys0320_stmtim_start_time_source_line_contract.rs (target/llvm-cov-target/debug/deps/hphys0320_stmtim_start_time_source_line_contract-7ff12391e1f7b7f8)

running 3 tests
test hphys0320_package_scope_is_autonomous_and_right_sized ... ok
test hphys0320_artifacts_publish_source_line_classification_and_disposition ... ok
test hphys0320_contract_authority_is_registered ... ok

test result: ok. 3 passed; 0 failed; 0 ignored; 0 measured; 0 filtered out; finished in 0.03s

     Running tests/integration/infile_chaninp_parser_contract.rs (target/llvm-cov-target/debug/deps/infile_chaninp_parser_contract-a97910da7aef0b79)

running 36 tests
test comma_blank_and_trailing_tokens_preserve_physical_line_provenance ... ok
test cbase_namespace_is_explicit_and_not_gwcoeff_alias ... ok
test compatibility_collapses_parse_failure_to_default_branch ... ok
test compatibility_missing_file_defaults_with_chn_w_001 ... ok
test compatibility_non_enoent_open_error_collapses_with_chn_w_002 ... ok
test compatibility_normalization_covers_extremes_capping_and_no_warning_paths ... ok
test compatibility_normalizes_ichout_to_writer_subset_with_warning ... ok
test compatibility_parse_failures_default_with_stable_w003_structure ... ok
test compatibility_retains_raw_count_then_normalizes_closed_record ... ok
test compatibility_warns_for_unknown_id_in_discarded_raw_tail ... ok
test custom_invalid_timestep_options_surface_typed_closure_errors ... ok
test every_error_variant_has_stable_id_display_and_no_nested_source ... ok
test ipeak_le_two_returns_not_applicable_without_file_dependency ... ok
test line4_wrong_arity_precedes_invalid_id_token_in_both_modes ... ok
test options_constructors_and_not_applicable_string_path_are_exact ... ok
test prefixed_detection_covers_numeric_named_and_version_tokens ... ok
test prefixed_variant_is_rejected_in_both_modes ... ok
test raw_negative_count_is_retained_then_normalized_only_in_compatibility ... ok
test record_shape_failures_cover_missing_short_extra_and_conditional_line4 ... ok
test strict_domain_boundaries_and_both_dtchr_limits_are_closed ... ok
test strict_mode_captures_trailing_token_provenance ... ok
test strict_enforces_topology_closure_and_compatibility_clamps_count ... ok
test strict_mode_missing_required_file_is_chn_e_009 ... ok
test strict_mode_enforces_line4_arity ... ok
test strict_mode_non_enoent_open_error_is_chn_e_000 ... ok
test strict_mode_parses_canonical_payload ... ok
test strict_mode_rejects_invalid_ichout_domain ... ok
test strict_rejects_dtchr_out_of_range_and_compatibility_normalizes ... ok
test strict_rejects_negative_cbase_and_compatibility_clamps ... ok
test strict_rejects_unknown_ichnum_and_compatibility_retains_with_w005 ... ok
test token_parse_and_nonfinite_failures_are_field_specific ... ok
test topology_conversion_and_duplicate_unknowns_are_deterministic ... ok
test warning_codes_have_stable_ids_and_display ... ok
test wshedw11d_compat_zero_count_is_parsed_without_default_aliasing ... ok
test wshedw11d_strict_zero_count_closes_after_three_records_and_retains_dtchr ... ok
test wshedw11d_strict_zero_count_rejects_extra_nonempty_record ... ok

test result: ok. 36 passed; 0 failed; 0 ignored; 0 measured; 0 filtered out; finished in 0.00s

     Running tests/integration/infile_climate_parser_contract.rs (target/llvm-cov-target/debug/deps/infile_climate_parser_contract-64edcf0b97031eea)

running 31 tests
test climate_parse_error_display_strings_are_stable_for_breakpoints_and_counts ... ok
test climate_parse_error_display_strings_are_stable_for_domain_errors ... ok
test climate_parse_error_source_is_only_io_source ... ok
test climate_parse_error_display_strings_are_stable_for_io_and_record_shape ... ok
test compat_mode_allows_itemp2_when_enabled ... ok
test compat_mode_can_enable_legacy_zero_drain_non_positive_dtime ... ok
test compatibility_itemp2_parse_is_rejected_by_hillslope_runtime_request ... ok
test direct_day_forcing_reports_out_of_range_runtime_error ... ok
test parse_file_reports_io_error_for_missing_path ... ok
test legacy_datver_zero_projects_direct_runtime_without_v4_intensity_policy ... ok
test strict_climate_parser_projects_non_breakpoint_direct_runtime_request ... ok
test strict_climate_parser_projects_breakpoint_direct_runtime_request ... ok
test strict_mode_accepts_breakpoint_cardinality_51_under_1500_policy ... ok
test strict_mode_accepts_curated_wc1_breakpoint_fixture_with_42_points ... ok
test strict_mode_accepts_datver_5_323_and_canonicalizes_to_5_3 ... ok
test strict_mode_accepts_curated_wc1_breakpoint_fixture_with_zero_points ... ok
test strict_mode_accepts_valid_non_breakpoint_fixture ... ok
test strict_mode_rejects_daily_record_arity_mismatch ... ok
test strict_mode_rejects_datver_5_4_boundary ... ok
test strict_mode_rejects_breakpoint_value_domains_and_missing_pairs ... ok
test strict_mode_rejects_duplicate_breakpoint_times ... ok
test strict_mode_rejects_itemp2_single_storm ... ok
test strict_mode_rejects_date_sequence_and_year_span_invariants ... ok
test strict_mode_rejects_each_flag_domain_in_priority_order ... ok
test strict_mode_rejects_metadata_shape_numyr_and_missing_daily_records ... ok
test strict_mode_rejects_unsupported_datver ... ok
test strict_mode_rejects_non_monotone_breakpoint_precipitation ... ok
test strict_mode_rejects_no_breakpoint_ranges_without_reordering ... ok
test strict_mode_rejects_breakpoint_cardinality_over_1500 ... ok
test compat_mode_can_override_breakpoint_cardinality_policy ... ok
test strict_mode_accepts_breakpoint_cardinality_at_1500_boundary ... ok

test result: ok. 31 passed; 0 failed; 0 ignored; 0 measured; 0 filtered out; finished in 0.01s

     Running tests/integration/infile_frost_parser_contract.rs (target/llvm-cov-target/debug/deps/infile_frost_parser_contract-dddbe5637441af36)

running 11 tests
test compatibility_mode_clamps_out_of_range_values_and_marks_provenance ... ok
test compatibility_mode_defaults_line2_on_arity_failure ... ok
test compatibility_mode_defaults_missing_line2_with_warnings ... ok
test frost_error_display_preserves_all_runner_visible_details ... ok
test missing_file_returns_defaults_with_mode_specific_warning_behavior ... ok
test prefixed_variant_is_rejected_in_both_modes ... ok
test strict_mode_parses_two_line_frost_file ... ok
test strict_mode_rejects_line1_arity_violation ... ok
test strict_mode_rejects_line2_token_parse_error ... ok
test strict_mode_rejects_missing_line2_record ... ok
test strict_mode_rejects_out_of_range_values ... ok

test result: ok. 11 passed; 0 failed; 0 ignored; 0 measured; 0 filtered out; finished in 0.00s

     Running tests/integration/infile_gwcoeff_parser_contract.rs (target/llvm-cov-target/debug/deps/infile_gwcoeff_parser_contract-a20e12bd20a25c0e)

running 12 tests
test compatibility_mode_collapses_non_enoent_open_error_with_warning ... ok
test namespace_conflation_is_rejected_with_typed_cross_file_error ... ok
test compatibility_mode_keeps_record_closure_guard_for_extra_nonempty_line ... ok
test compatibility_mode_missing_file_emits_warning ... ok
test strict_mode_non_enoent_open_error_is_typed_failure ... ok
test strict_mode_missing_file_is_optional_absence_branch_without_defaults ... ok
test strict_mode_rejects_missing_record_count ... ok
test strict_mode_parses_valid_gwcoeff_with_trailing_tokens ... ok
test strict_mode_rejects_negative_domain_values ... ok
test strict_mode_rejects_non_finite_tokens ... ok
test strict_mode_rejects_non_numeric_tokens ... ok
test strict_mode_rejects_prefixed_variant ... ok

test result: ok. 12 passed; 0 failed; 0 ignored; 0 measured; 0 filtered out; finished in 0.00s

     Running tests/integration/infile_hbp_parser_contract.rs (target/llvm-cov-target/debug/deps/infile_hbp_parser_contract-adc73d61a66d8e55)

running 26 tests
test header_truncation_maps_to_hbp_e_013 ... ok
test parser_and_bridge_share_hbp_w_001_warning_id ... ok
test non_enoent_open_error_is_typed_hbp_e_000 ... ok
test required_state_registry_ids_are_covered_by_fixture_schema ... ok
test footer_corruption_maps_to_hbp_e_012 ... ok
test forbidden_pass_suffix_is_rejected ... ok
test latest_event_state_represents_non_runoff_subevent_payload ... ok
test strict_mode_rejects_pass_dat_input_name ... ok
test expected_hillslope_id_mismatch_maps_to_hbp_e_014 ... ok
test bad_magic_maps_to_hbp_e_002 ... ok
test latest_event_state_represents_no_event_without_synthesizing_event_payload ... ok
test legacy_pass_dat_input_is_rejected ... ok
test parser_rejects_legacy_path_while_bridge_compatibility_warning_remains ... ok
test strict_policy_rejects_legacy_forms_across_parser_and_bridge ... ok
test strict_schema1_parse_succeeds_with_expected_hillslope_id ... ok
test payload_validator_state_snapshot_guards_are_typed ... ok
test layout_registry_guards_reject_duplicate_mismatch_and_missing_required_ids ... ok
test payload_validator_header_guards_are_typed ... ok
test schema1_directory_and_footer_layout_guards_are_typed ... ok
test layout_header_control_fields_fail_closed_with_specific_codes ... ok
test strict_schema2_parse_succeeds ... ok
test layout_cursor_truncation_guards_report_typed_contexts ... ok
test payload_validator_crc_and_schema2_raw_payload_crc_guards_are_typed ... ok
test layout_dimension_metadata_and_year_table_guards_are_typed ... ok
test schema2_block_table_and_footer_layout_guards_are_typed ... ok
test schema2_checksum_raw_block_and_day_slice_guards_are_typed ... ok

test result: ok. 26 passed; 0 failed; 0 ignored; 0 measured; 0 filtered out; finished in 5.00s

     Running tests/integration/infile_irrigation_depletion_parser_contract.rs (target/llvm-cov-target/debug/deps/infile_irrigation_depletion_parser_contract-832f288a4ed4d430)

running 21 tests
test compat_accepts_legacy_furrow_datver_and_normalizes_depsrg ... ok
test compat_accepts_legacy_no_datver_and_injects_nozzle_defaults ... ok
test compat_mode_warns_and_marks_disabled_when_furrow_context_is_disallowed ... ok
test compatibility_furrow_zero_start_preserves_transition_and_warning_details ... ok
test missing_file_reports_typed_input_open_error ... ok
test public_error_source_and_default_options_preserve_contract_semantics ... ok
test public_parser_preserves_furrow_guard_locations_and_details ... ok
test rejects_unknown_element_ids_when_topology_context_is_provided ... ok
test remaining_typed_error_displays_preserve_every_public_contract_id ... ok
test reports_cross_file_element_count_mismatch ... ok
test run_option_closure_preserves_cross_file_error_detail ... ok
test sprinkler_rows_preserve_arity_and_nozzle_domain_guards ... ok
test sprinkler_rows_preserve_integer_and_day_year_contract_guards ... ok
test strict_mode_errors_when_furrow_context_is_disallowed ... ok
test strict_parses_valid_sprinkler_with_continuation_rows ... ok
test strict_rejects_invalid_initialization_order ... ok
test strict_rejects_invalid_ktemp_header_domain ... ok
test strict_rejects_legacy_furrow_datver_with_exact_policy_detail ... ok
test strict_rejects_legacy_no_datver_branch ... ok
test typed_error_displays_preserve_every_public_contract_id ... ok
test strict_rejects_non_monotone_continuation_order ... ok

test result: ok. 21 passed; 0 failed; 0 ignored; 0 measured; 0 filtered out; finished in 0.00s

     Running tests/integration/infile_irrigation_fixeddate_parser_contract.rs (target/llvm-cov-target/debug/deps/infile_irrigation_fixeddate_parser_contract-c74f1c2ff7df7c64)

running 27 tests
test comments_blank_lines_and_whitespace_are_normalized_with_physical_line_numbers ... ok
test compatibility_mode_accepts_initial_ordering_anomaly_with_warning ... ok
test compatibility_mode_accepts_legacy_explicit_datver_with_warning ... ok
test compatibility_mode_accepts_legacy_furrow_line5_arity_with_warning ... ok
test compatibility_mode_accepts_no_datver_and_missing_nozzle ... ok
test empty_and_incomplete_preambles_have_typed_structural_errors ... ok
test datver_policy_covers_epsilon_thresholds_and_both_irrigation_domains ... ok
test error_ids_display_and_sources_cover_the_public_error_contract ... ok
test event_ofe_expectation_cycles_across_multiple_sprinkler_events ... ok
test event_stream_closure_errors_cover_sprinkler_and_furrow_successors ... ok
test furrow_surge_range_violation_is_typed ... ok
test furrow_rows_cover_mode_arities_tokens_and_each_range_constraint ... ok
test header_arity_tokens_and_each_domain_are_rejected ... ok
test furrow_surges_cover_arity_tokens_range_and_twenty_row_boundary ... ok
test header_domain_violation_is_typed ... ok
test every_real_field_rejects_nan_and_infinities_in_both_modes ... ok
test missing_event_successor_line3_is_typed_as_closure_error ... ok
test initial_line3_records_cover_missing_arity_token_and_range_errors ... ok
test missing_file_is_typed_open_error ... ok
test strict_mode_parses_valid_furrow_fixture ... ok
test sprinkler_event_covers_arities_tokens_ranges_and_event_ordering ... ok
test strict_mode_parses_valid_sprinkler_fixture ... ok
test strict_mode_rejects_initial_ordering_anomaly ... ok
test strict_mode_rejects_legacy_explicit_datver ... ok
test strict_mode_rejects_legacy_furrow_line5_arity ... ok
test strict_mode_rejects_no_datver_compatibility_branch ... ok
test warning_codes_are_stable_and_complete ... ok

test result: ok. 27 passed; 0 failed; 0 ignored; 0 measured; 0 filtered out; finished in 0.00s

     Running tests/integration/infile_lcwb_parser_contract.rs (target/llvm-cov-target/debug/deps/infile_lcwb_parser_contract-ec3e3f514da220a4)

running 13 tests
test compatibility_missing_sentinel_warns_and_records_divergence ... ok
test compatibility_non_enoent_open_error_collapses_with_warning ... ok
test compatibility_non_watershed_context_is_not_applicable_branch ... ok
test compatibility_nonempty_payload_is_accepted_with_warning ... ok
test strict_missing_sentinel_with_requested_mode_errors ... ok
test strict_missing_sentinel_without_request_is_valid_missing_branch ... ok
test strict_non_watershed_context_is_rejected ... ok
test strict_non_enoent_open_error_is_typed ... ok
test strict_nonwhitespace_payload_is_rejected ... ok
test strict_watershed_accepts_whitespace_only_payload ... ok
test strict_watershed_open_success_with_empty_sentinel_enables_lcwb_mode ... ok
test w4dr_001_legacy_source_authority_presence_controls_lcwbflg ... ok
test w4dr_003_and_w4dr_011_policy_projection_is_derived_not_payload_parsed ... ok

test result: ok. 13 passed; 0 failed; 0 ignored; 0 measured; 0 filtered out; finished in 0.00s

     Running tests/integration/infile_management_parser_contract.rs (target/llvm-cov-target/debug/deps/infile_management_parser_contract-58e2e1dcc4d7d86d)

running 45 tests
test display_includes_contract_ids_for_error_variants ... ok
test compatibility_mode_accepts_tilseq_zero_when_nseq_nonzero ... ok
test dangling_yearly_reference_rejected ... ok
test compatibility_mode_accepts_trailing_tokens_on_control_records ... ok
test dangling_operation_reference_rejected ... ok
test forest_plant_block_missing_operand_fails_closed ... ok
test forest_scenario_in_operation_section_fails_closed ... ok
test missing_required_line_rejected ... ok
test forest_sentinel_rejected_under_legacy_datver ... ok
test forest_scenario_blank_description_slots_preserved ... ok
test forest_yearly_rejects_nonzero_surface_effect_reference ... ok
test invalid_surface_date_domain_rejected ... ok
test open_failure_is_typed ... ok
test native_ow_lanuse_1_datver_parses_forest_scenarios ... ok
test negative_count_rejected ... ok
test native_ow_lanuse_1_forest_parses_routing_coefficients_extension ... ok
test native_ow_lanuse_1_accepts_native_cropland_sentinel_with_routing_coefficients ... ok
test rangeland_landuse_is_explicitly_unsupported ... ok
test strict_mode_parses_2016_annual_cut_records ... ok
test strict_mode_parses_canonical_nonzero_cropland_fixture ... ok
test strict_mode_parses_drain_scenario_references ... ok
test strict_mode_parses_perennial_cutday_yearly_branch ... ok
test strict_mode_parses_contour_scenarios_by_datver_shape ... ok
test strict_mode_parses_perennial_no_action_yearly_branch ... ok
test strict_mode_parses_perennial_grazing_yearly_branch ... ok
test strict_mode_rejects_annual_cut_zero_count ... ok
test strict_mode_parses_initial_understory_and_rejects_invalid_options ... ok
test strict_mode_rejects_annual_cut_short_entry ... ok
test strict_mode_accepts_supported_datver_branches ... ok
test strict_mode_rejects_legacy_annual_residue_management_seven ... ok
test strict_mode_parses_operation_cltpos_and_extension_lines ... ok
test strict_mode_rejects_legacy_perennial_mgtopt_out_of_domain ... ok
test strict_mode_rejects_legacy_contours_perm_extension ... ok
test strict_mode_rejects_perennial_cutday_arity ... ok
test strict_mode_rejects_perennial_grazing_cycle_arity ... ok
test strict_mode_rejects_operation_cltpos_shape_and_domain_errors ... ok
test strict_mode_rejects_trailing_tokens_on_control_records ... ok
test strict_mode_rejects_perennial_zero_grazing_cycle_count ... ok
test strict_mode_rejects_perennial_zero_cut_count ... ok
test strict_mode_rejects_tilseq_zero_when_nseq_nonzero ... ok
test unsupported_datver_rejected ... ok
test strict_mode_rejects_unimplemented_2016_perennial_mgtopt ... ok
test total_year_closure_enforced ... ok
test strict_mode_parses_annual_residue_management_extensions ... ok
test strict_mode_parses_rotation_fixture_with_schedule_expansion ... ok

test result: ok. 45 passed; 0 failed; 0 ignored; 0 measured; 0 filtered out; finished in 0.01s

     Running tests/integration/infile_management_yaml_contract.rs (target/llvm-cov-target/debug/deps/infile_management_yaml_contract-e137cf2d580f8e3b)

running 2 tests
test canonical_management_yaml_projects_route_coefficients_to_pl_surfaces ... ok
test native_cropland_yaml_preserves_annual_residue_extensions ... ok

test result: ok. 2 passed; 0 failed; 0 ignored; 0 measured; 0 filtered out; finished in 0.00s

     Running tests/integration/infile_phosphorus_parser_contract.rs (target/llvm-cov-target/debug/deps/infile_phosphorus_parser_contract-7c78ab077d8c6dd6)

running 13 tests
test compatibility_mode_accepts_noncanonical_header_with_warning ... ok
test negative_concentration_is_typed ... ok
test non_finite_concentration_is_typed ... ok
test non_numeric_concentration_is_typed ... ok
test optional_missing_sidecar_in_compat_mode_emits_warning ... ok
test optional_missing_sidecar_in_strict_mode_defaults_disabled_without_warning ... ok
test required_missing_sidecar_is_typed_open_error ... ok
test phosphorus_error_display_preserves_all_contract_identities ... ok
test short_record_count_is_typed ... ok
test strict_mode_accepts_numeric_leading_lines_with_trailing_tokens ... ok
test strict_mode_parses_canonical_fixture_and_fanout_closes ... ok
test strict_mode_rejects_header_literal_mismatch ... ok
test w4dr_009_non_negative_only_policy_accepts_large_positive_values ... ok

test result: ok. 13 passed; 0 failed; 0 ignored; 0 measured; 0 filtered out; finished in 0.00s

     Running tests/integration/infile_pmetpara_parser_contract.rs (target/llvm-cov-target/debug/deps/infile_pmetpara_parser_contract-1afb3536cf9b66c4)

running 14 tests
test absent_sidecar_optional_sets_iflget_one_and_warning_in_compat ... ok
test compatibility_lookup_uses_first_row_fallback_and_marks_state ... ok
test compatibility_mode_normalizes_multitoken_actlnam_with_warning ... ok
test compatibility_mode_truncates_long_crop_key_with_warning ... ok
test pmetpara_error_display_preserves_all_contract_identities ... ok
test strict_lookup_rejects_crop_name_miss ... ok
test strict_mode_rejects_datver_prefixed_header_variant ... ok
test strict_mode_accepts_canonical_count_and_rows ... ok
test strict_mode_rejects_duplicate_normalized_crop_keys ... ok
test strict_mode_rejects_long_crop_key_width ... ok
test strict_mode_rejects_multitoken_actlnam_form ... ok
test strict_mode_rejects_record_count_mismatch ... ok
test strict_mode_rejects_row_arity_mismatch ... ok
test strict_required_mode_rejects_missing_sidecar ... ok

test result: ok. 14 passed; 0 failed; 0 ignored; 0 measured; 0 filtered out; finished in 0.00s

     Running tests/integration/infile_slope_parser_contract.rs (target/llvm-cov-target/debug/deps/infile_slope_parser_contract-a8c6e4cd57b0be44)

running 27 tests
test compatibility_mode_accepts_cross_ofe_boundary_discontinuity ... ok
test compatibility_mode_accepts_legacy_threshold_datver ... ok
test compatibility_mode_accepts_missing_datver_header ... ok
test compatibility_mode_accepts_near_endpoint_terminal_distance ... ok
test compatibility_mode_rejects_datver_below_threshold ... ok
test compatibility_mode_accepts_shared_geometry_multi_ofe_form ... ok
test parse_file_returns_missing_file_error ... ok
test default_options_match_strict_mode_and_directory_open_errors_are_typed ... ok
test parse_slope_str_reports_top_level_record_count_errors ... ok
test parser_accepts_absolute_distance_mode_without_fractional_mix ... ok
test parser_rejects_cross_ofe_boundary_slope_discontinuity ... ok
test parser_rejects_missing_terminal_endpoint ... ok
test parser_rejects_mixed_distance_mode ... ok
test parser_rejects_non_numeric_tokens ... ok
test parser_rejects_nonfinite_geometry_fields ... ok
test parser_rejects_nonpositive_counts_and_widths ... ok
test parser_rejects_nslpts_less_than_two ... ok
test parser_rejects_peridot_metadata_arity_violation ... ok
test parser_rejects_peridot_non_numeric_pair_token ... ok
test parser_rejects_start_and_monotonic_endpoint_violations ... ok
test parser_rejects_peridot_pair_cardinality_violation ... ok
test slope_parser_error_display_strings_remain_stable ... ok
test strict_mode_accepts_canonical_datver_profile ... ok
test strict_mode_accepts_peridot_2023_3_profile ... ok
test strict_mode_rejects_missing_datver_header ... ok
test strict_mode_rejects_non_canonical_datver ... ok
test strict_mode_rejects_shared_geometry_multi_ofe_form ... ok

test result: ok. 27 passed; 0 failed; 0 ignored; 0 measured; 0 filtered out; finished in 0.00s

     Running tests/integration/infile_snow_parser_contract.rs (target/llvm-cov-target/debug/deps/infile_snow_parser_contract-cb9abb15ef3e83b7)

running 12 tests
test compatibility_mode_accepts_surplus_records_with_warning ... ok
test compatibility_mode_accepts_trailing_tokens_with_provenance_warning ... ok
test compatibility_mode_missing_file_emits_default_warning ... ok
test strict_mode_missing_file_uses_defaults_without_warning ... ok
test prefixed_variant_is_rejected_in_both_modes ... ok
test strict_mode_parses_canonical_three_record_file ... ok
test strict_mode_rejects_non_finite_values ... ok
test strict_mode_rejects_non_numeric_token ... ok
test strict_mode_rejects_non_positive_density_values ... ok
test strict_mode_rejects_record_count_underflow ... ok
test strict_mode_rejects_surplus_records ... ok
test strict_mode_rejects_trailing_tokens ... ok

test result: ok. 12 passed; 0 failed; 0 ignored; 0 measured; 0 filtered out; finished in 0.00s

     Running tests/integration/infile_soil_parser_contract.rs (target/llvm-cov-target/debug/deps/infile_soil_parser_contract-245afdb7889f7d6f)

running 17 tests
test compatibility_accepts_explicit_datver_alias_only_when_enabled ... ok
test compatibility_accepts_quoted_7778_soil_header_form ... ok
test compatibility_accepts_quoted_9002_policy_row_with_whitespace_luse ... ok
test compatibility_accepts_quoted_7778_with_per_ofe_restrictive_rows ... ok
test compatibility_accepts_quoted_9002_policy_first_header_form ... ok
test returns_sol_e_007_on_cross_file_topology_count_mismatch ... ok
test compatibility_parses_9002_policy_first_variant ... ok
test strict_9002_soil_parser_preserves_policy_and_measured_layer_values ... ok
test strict_9002_soil_parser_projects_harmonic_vertical_ssc_below_top_interval ... ok
test strict_9002_soil_parser_projects_corrected_theta_to_typed_state ... ok
test strict_accepts_quoted_7778_with_per_ofe_restrictive_rows ... ok
test strict_parses_9002_profile_with_policy_and_restrictive_footer ... ok
test strict_accepts_quoted_9002_policy_row_with_whitespace_luse ... ok
test strict_parses_97_5_base_profile ... ok
test strict_rejects_layer_arity_mismatch_with_sol_e_006 ... ok
test strict_rejects_non_monotone_layer_depth_with_sol_e_009 ... ok
test strict_rejects_unknown_datver_with_sol_e_003 ... ok

test result: ok. 17 passed; 0 failed; 0 ignored; 0 measured; 0 filtered out; finished in 0.00s

     Running tests/integration/infile_tc_parser_contract.rs (target/llvm-cov-target/debug/deps/infile_tc_parser_contract-4b0929b4457b876c)

running 8 tests
test compatibility_missing_sentinel_emits_tc_w_001 ... ok
test compatibility_non_enoent_open_error_collapses_with_tc_w_002 ... ok
test compatibility_nonempty_payload_emits_tc_w_003_and_marker ... ok
test hillslope_context_is_rejected_with_tc_e_001 ... ok
test strict_missing_sentinel_is_normalized_without_warning ... ok
test strict_non_enoent_open_error_is_typed_tc_e_000 ... ok
test strict_nonempty_payload_is_content_insensitive_without_warning ... ok
test strict_watershed_empty_sentinel_enables_tc_output ... ok

test result: ok. 8 passed; 0 failed; 0 ignored; 0 measured; 0 filtered out; finished in 0.00s

     Running tests/integration/infile_tcr_parser_contract.rs (target/llvm-cov-target/debug/deps/infile_tcr_parser_contract-ee84a524cd668b53)

running 17 tests
test compatibility_mode_accepts_blank_present_file_as_missing_branch ... ok
test compatibility_mode_accepts_relational_invariant_with_tcr_w003 ... ok
test compatibility_mode_missing_file_emits_tcr_w001 ... ok
test compatibility_mode_non_enoent_open_error_collapses_with_tcr_w002 ... ok
test strict_mode_missing_file_uses_optional_absence_branch_without_warning ... ok
test strict_mode_non_enoent_open_error_is_typed_tcr_e_000 ... ok
test strict_mode_parses_valid_tcr_and_applies_override_curve ... ok
test strict_mode_rejects_blank_present_file_with_tcr_e_002 ... ok
test strict_mode_rejects_context_cardinality_mismatch_with_tcr_e_005 ... ok
test strict_mode_rejects_denominator_curve_domain_with_tcr_e_008 ... ok
test strict_mode_rejects_domain_kch_zero_with_tcr_e_004 ... ok
test strict_mode_rejects_missing_line_with_tcr_e_002 ... ok
test strict_mode_rejects_prefixed_variant_with_tcr_e_007 ... ok
test strict_mode_rejects_relational_invariant_with_tcr_e_009 ... ok
test strict_mode_rejects_token_parse_error_with_tcr_e_001 ... ok
test strict_mode_requires_cross_file_context_when_sidecar_present ... ok
test tcr_error_display_preserves_all_contract_identities ... ok

test result: ok. 17 passed; 0 failed; 0 ignored; 0 measured; 0 filtered out; finished in 0.00s

     Running tests/integration/infile_watershed_channel_parser_contract.rs (target/llvm-cov-target/debug/deps/infile_watershed_channel_parser_contract-478d43b8944ee4cf)

running 38 tests
test compatibility_boundaries_and_low_ishape_are_exact ... ok
test compatibility_mode_accepts_legacy_datver_with_warning ... ok
test compatibility_mode_applies_icntrl0_override_with_warning ... ok
test compatibility_mode_normalizes_legacy_ishape ... ok
test compatibility_mode_warns_for_missing_chan_inp_sidecar ... ok
test duplicate_rating_after_enabled_branch_remains_generic_extra_input ... ok
test all_channel_real_domain_families_are_exact ... ok
test exact_numeric_rating_shaped_comment_is_not_reclassified ... ok
test integer_and_record_cardinality_errors_are_exact ... ok
test multi_channel_extra_rating_is_recognized_only_by_unique_suffix_closure ... ok
test parse_errors_have_stable_ids_messages_and_sources ... ok
test final_no_rating_residuals_use_structural_rating_classification ... ok
test neither_suffix_layout_preserves_the_ordinary_retained_error ... ok
test integer_enum_and_count_boundaries_are_exact ... ok
test remaining_parse_errors_have_stable_ids_messages_and_no_sources ... ok
test path_parser_preserves_missing_file_context_and_io_source ... ok
test strict_mode_accepts_naturally_eroded_ishape_class ... ok
test strict_mode_enforces_cross_file_channel_count_closure ... ok
test strict_mode_parses_canonical_single_channel_rating_curve_profile ... ok
test strict_mode_rejects_chnn_less_than_chnnbr ... ok
test strict_mode_rejects_flgout_out_of_domain ... ok
test strict_mode_rejects_extra_trailing_records ... ok
test strict_mode_rejects_icntrl_out_of_domain ... ok
test all_real_token_families_reject_nan_and_infinities ... ok
test strict_mode_rejects_ienslp_out_of_domain ... ok
test strict_mode_rejects_ishape_out_of_domain ... ok
test strict_mode_rejects_missing_rating_curve_line_for_icntrl4 ... ok
test strict_mode_rejects_non_numeric_tokens ... ok
test strict_mode_rejects_rating_curve_rccoef_non_positive ... ok
test strict_mode_rejects_unsupported_datver ... ok
test strict_mode_rejects_rating_curve_rcoset_negative ... ok
test strict_mode_requires_chan_inp_sidecar_when_ipeak_gt_2 ... ok
test strict_mode_requires_slplst_override_for_icntrl0_closure ... ok
test trailing_blank_physical_lines_are_ignored ... ok
test tcr_overlay_presence_is_exported_as_compatibility_warning_marker ... ok
test warning_codes_have_stable_public_strings ... ok
test truncated_channel_records_preserve_error_priority ... ok
test valid_enum_and_nonnegative_boundaries_parse ... ok

test result: ok. 38 passed; 0 failed; 0 ignored; 0 measured; 0 filtered out; finished in 0.00s

     Running tests/integration/infile_watershed_impoundment_parser_contract.rs (target/llvm-cov-target/debug/deps/infile_watershed_impoundment_parser_contract-0e3e957904d992b1)

running 22 tests
test compatibility_mode_accepts_legacy_no_datver_with_warning ... ok
test compatibility_mode_accepts_zero_impoundments_when_structure_declares_none ... ok
test compatibility_mode_truncates_surplus_impoundments_with_warning ... ok
test ies_rating_branch_missing_qes_vector_is_typed_eof_error ... ok
test invalid_drop_spillway_domain_is_typed ... ok
test missing_file_is_typed_open_error ... ok
test negative_initial_timestep_is_typed_physical_domain_error ... ok
test oversupplied_curve_vector_is_typed_branch_arity_error ... ok
test strict_mode_accepts_zero_impoundments_when_structure_declares_none ... ok
test non_monotone_stage_curve_is_typed_invariant_error ... ok
test strict_mode_parses_ids2_drop_spillway_and_open_channel_emergency_branch ... ok
test strict_mode_parses_ids3_drop_spillway_without_optional_branches ... ok
test strict_mode_parses_active_structure_payload_exports ... ok
test strict_mode_rejects_datver_below_minimum ... ok
test strict_mode_parses_minimal_valid_impoundment ... ok
test strict_mode_rejects_legacy_no_datver_preamble ... ok
test strict_mode_rejects_structural_count_mismatch ... ok
test token_parse_error_maps_to_imp_e_001 ... ok
test watershed_impoundment_parse_error_display_strings_are_stable ... ok
test watershed_impoundment_parse_error_source_is_only_input_open_source ... ok
test zero_impoundments_without_structure_context_remains_domain_error ... ok
test zero_impoundments_rejects_positive_structural_count_as_mismatch ... ok

test result: ok. 22 passed; 0 failed; 0 ignored; 0 measured; 0 filtered out; finished in 0.00s

     Running tests/integration/infile_watershed_structure_parser_contract.rs (target/llvm-cov-target/debug/deps/infile_watershed_structure_parser_contract-b8c6ed206bdb6411)

running 22 tests
test compatibility_mode_accepts_legacy_no_datver_and_warns ... ok
test strict_mode_parses_valid_watershed_structure ... ok
test strict_mode_rejects_channel_count_mismatch ... ok
test strict_mode_rejects_disconnected_structure_row ... ok
test strict_mode_rejects_hillslope_coverage_mismatch ... ok
test strict_mode_rejects_impoundment_count_mismatch ... ok
test strict_mode_rejects_invalid_element_type_domain ... ok
test strict_mode_rejects_invalid_hillslope_domain ... ok
test strict_mode_rejects_invalid_nhill_context ... ok
test strict_mode_rejects_invalid_row_arity ... ok
test strict_mode_rejects_invalid_upstream_reference_domain ... ok
test strict_mode_rejects_missing_file_with_typed_open_error ... ok
test strict_mode_rejects_no_datver_path ... ok
test strict_mode_rejects_row_count_mismatch ... ok
test strict_mode_rejects_unsupported_datver ... ok
test strict_mode_requires_expected_rows_context ... ok
test watershed_structure_parse_error_display_strings_are_stable_for_counts ... ok
test watershed_structure_parse_error_display_strings_are_stable_for_domains ... ok
test watershed_structure_parse_error_display_strings_are_stable_for_input_shape ... ok
test watershed_structure_parse_error_source_is_only_input_open_source ... ok
test carnivorous_adobo_committed_fixture_is_repo_local_32_hillslope_gate ... ok
test onshore_xenophobia_committed_fixture_is_full_1305_hillslope_gate ... ok

test result: ok. 22 passed; 0 failed; 0 ignored; 0 measured; 0 filtered out; finished in 1.22s

     Running tests/integration/infile_weppui_parser_contract.rs (target/llvm-cov-target/debug/deps/infile_weppui_parser_contract-128950c3a7501ee6)

running 12 tests
test compatibility_hourly_mode_with_legacy_soil_versions_warns ... ok
test compatibility_missing_sentinel_with_hourly_request_warns_and_diverges ... ok
test compatibility_nonempty_payload_is_accepted_with_warning ... ok
test compatibility_non_enoent_open_error_collapses_with_warning ... ok
test strict_hourly_mode_with_legacy_soil_versions_is_rejected ... ok
test strict_hourly_mode_without_soil_versions_is_rejected ... ok
test strict_missing_sentinel_with_daily_request_defaults_daily_without_error ... ok
test strict_missing_sentinel_with_hourly_request_errors_on_mode_closure_mismatch ... ok
test strict_non_enoent_open_error_is_typed ... ok
test strict_nonempty_sentinel_payload_is_rejected ... ok
test strict_requested_hourly_with_empty_sentinel_and_compatible_soil_enables_hourly_mode ... ok
test wepp_ui_error_display_preserves_all_contract_identities ... ok

test result: ok. 12 passed; 0 failed; 0 ignored; 0 measured; 0 filtered out; finished in 0.00s

     Running tests/integration/landuse_migration_cli_contract.rs (target/llvm-cov-target/debug/deps/landuse_migration_cli_contract-f7c46c2d8d9841f0)

running 1 test
test migrated_legacy_cropland_yaml_is_consumed_by_real_runtime_projection ... ok

test result: ok. 1 passed; 0 failed; 0 ignored; 0 measured; 0 filtered out; finished in 0.01s

     Running tests/integration/laned_shadow_h2637.rs (target/llvm-cov-target/debug/deps/laned_shadow_h2637-ea46e33c66b84c20)

running 10 tests
test abandoned_implicit_selector_env_fails_closed_at_startup ... ok
test h2637_native_active_owner_routes_and_closes ... ignored, D16 H2637 active-owner evidence: runs the full H2637 fixture three times
test h2637_native_shadow_classifies_uniform_shape_after_d12 ... ignored, D12 H2637 shadow evidence: runs the full H2637 fixture twice
test active_trace_selector_requires_active_before_outputs ... ok
test h2637_default_malformed_routing_coefficients_fails_closed ... ok
test h2637_default_mixed_routing_coefficients_fails_closed ... ok
test h2637_active_fails_closed_without_routing_coefficients ... FAILED
test h2637_active_and_disable_are_mutually_exclusive has been running for over 60 seconds
test h2637_active_and_shadow_are_mutually_exclusive has been running for over 60 seconds
test h2637_legacy_shadow_fails_closed_without_routing_coefficients has been running for over 60 seconds
test h2637_legacy_shadow_fails_closed_without_routing_coefficients ... FAILED
test h2637_active_and_shadow_are_mutually_exclusive ... FAILED
test h2637_active_and_disable_are_mutually_exclusive ... FAILED

failures:

---- h2637_active_fails_closed_without_routing_coefficients stdout ----

thread 'h2637_active_fails_closed_without_routing_coefficients' (1876689) panicked at tests/integration/laned_shadow_h2637.rs:451:10:
active selector must fail closed: HillslopeRunReport { output_pass: "/tmp/laned_shadow_h2637_active_legacy_1876684/output/H2637.hbp", output_loss: "/tmp/laned_shadow_h2637_active_legacy_1876684/output/H2637.loss.json", optional_outputs: ["/tmp/laned_shadow_h2637_active_legacy_1876684/output/H2637.pass.parquet"], manifest_path: "/tmp/laned_shadow_h2637_active_legacy_1876684/manifest.json", sidecar_warnings: [] }
note: run with `RUST_BACKTRACE=1` environment variable to display a backtrace

---- h2637_legacy_shadow_fails_closed_without_routing_coefficients stdout ----

thread 'h2637_legacy_shadow_fails_closed_without_routing_coefficients' (1876692) panicked at tests/integration/laned_shadow_h2637.rs:317:10:
legacy H2637 must fail closed when Lane D shadow lacks routing coefficients: ("/tmp/laned_shadow_h2637_on_1876684", Object {"adapter_boundary": Object {"adopt_profile": String("SIMIMPL08-adopt-only"), "defer_surfaces_excluded": Bool(true), "effective_mode": String("hourly"), "guard_id": String("HS-SIMCONS-E-001"), "reject_surfaces_excluded": Bool(true), "requested_mode": String("hourly"), "scheduler_mode": String("hourly"), "selected_lane": String("hourly")}, "argv": Array [String("openwepp-cli-hill")], "binary_path": String("/home/workdir/openWEPP/target/llvm-cov-target/debug/deps/laned_shadow_h2637-ea46e33c66b84c20"), "binary_sha256": String("3968273a38bd748506ad9d0239e47ec16a82d2f1c7f4f23e701d14f431a700bb"), "binary_sidecar_path": String("/home/workdir/openWEPP/target/llvm-cov-target/debug/deps/laned_shadow_h2637-ea46e33c66b84c20.json"), "binary_sidecar_sha256": String("517dd95dfa21b6997d4c91d013b3685fd3fce0424d3b7629b805a480fee13d83"), "coupling_vectors": Object {"frsoil": Object {"active": Bool(true), "dfrost": Number(0.05896633452806455), "dthaw": Number(0.0002362791630510716), "frost_file_present": Bool(false), "infcap_frz": Number(0.000011752854594606729), "nft": Number(58.0), "wint_red_enabled": Bool(true), "ws_frz": Number(0.03966294100362752)}, "guard_id": String("HS-SIMCOUP-E-001"), "hydout_equivalent": Object {"closure_delta": Number(0.0), "closure_tolerance": Number(1e-6), "closure_within_tolerance": Bool(true), "frozwt": Number(39.66294100362752), "snow_water": Number(127.95349246168804), "soil_water_total": Number(830.2913598256252), "source": String("direct-publication-frame"), "total_soil": Number(830.2913598256252)}, "soil": Object {"infcap_within_ssc": Bool(true), "infiltration_capacity_frozen": Number(0.000011752854594606729), "ssc": Number(0.000016666666666666667)}, "winter": Object {"active": Bool(true), "newsnw": Number(100.0), "rst": Number(-2.0), "runtime_swe": Number(0.12795349246168802), "snow_file_present": Bool(true), "ssd": Number(250.0)}}, "direct_runtime_counters": Object {"compatibility_edge_invocations": Number(0), "day_frame_commits": Number(17898), "day_frame_constructions": Number(17881), "direct_compute_operations": Number(411287), "direct_phase_entries": Number(751086), "direct_state_mutations": Number(431337), "downstream_operand_productions": Number(410346), "erod14_qin_clamped_events": Number(0), "executor_constructions": Number(1), "ksatadj_effective_conductivity_evaluations": Number(0), "phase_span_runs": Number(393408), "phase_view_constructions": Number(250572), "publication_capture_runs": Number(1), "run_frame_constructions": Number(1), "shadow_projections": Number(393407), "skeleton_runs": Number(0), "wave1_flux_refused_quanta": Number(48)}, "engine": String("openwepp"), "execution_provenance": Object {"climate_day_count": Number(731), "erod14_qin_sediment_coupled": Bool(true), "erod14_qin_source_policy": String("wave1-hourly-sediment-coupled-handoff"), "erod14_wave2_enabled": Bool(false), "executed_day_count": Number(731), "kernel_phase_message_ids": Array [], "multi_ofe_wave1_chained": Bool(true), "publication_source": String("direct-publication-frame"), "scheduler_kernel_executed": Bool(false), "scheduler_outcome_class": String("completed"), "scheduler_status_message_id": String("R7C-DIRECT-PRODUCTION-EXECUTOR"), "selected_lane": String("hourly"), "simpipe_guard_id": String("HS-SIMPIPE-E-001"), "wb16_ealpha_compatibility_seed_used": Bool(false), "wb16_ealpha_seed_policy": String("runtime_provided")}, "input_checksums": Object {"/tmp/laned_shadow_h2637_on_1876684/gwcoeff.txt": String("ec23463aad0cd1e3000d68b6af5a1a85a327d4952a239c92efeba060007eb7e8"), "/tmp/laned_shadow_h2637_on_1876684/p2637.cli": String("a3800c78000d5d16dea237f66c815b6eecdffad057dd602ee538de2308cb9459"), "/tmp/laned_shadow_h2637_on_1876684/p2637.man": String("732b464650c71792689bebc6897fe6bfc0c1df6c58064e42ee82fd152a50b189"), "/tmp/laned_shadow_h2637_on_1876684/p2637.run.toml": String("fc1761adb0a2b486ca749a6e9f4c20e095eda3503a219e65a34eee5a692a28d0"), "/tmp/laned_shadow_h2637_on_1876684/p2637.slp": String("4017740811aa3ac3215383150e94ac08aa7b9ddba08764a177d62a94cb0aa815"), "/tmp/laned_shadow_h2637_on_1876684/p2637.sol": String("9508cb02263457c5b82cd5168b5efbc95dcda257537019accddb4e17dfcdd3d7"), "/tmp/laned_shadow_h2637_on_1876684/pmetpara.txt": String("f6d58adf7df64c9b1ef6cfc61f4617bc57cbe6150f7654b48d3943be261f9aba"), "/tmp/laned_shadow_h2637_on_1876684/snow.txt": String("cbd4a5d43e909efa3dfd359026bda9ed43971eac36d89d59ef02bceb1bfcc9f5"), "/tmp/laned_shadow_h2637_on_1876684/wepp_ui.txt": String("e3b0c44298fc1c149afbf4c8996fb92427ae41e4649b934ca495991b7852b855")}, "invoked_utc": String("2026-07-16T00:03:58.194527011Z"), "mode_selection": Object {"wepp_ui": Object {"effective": Number(1), "guard_id": String("WUI-E-005"), "mode_divergence": Bool(false), "requested": Number(1), "selected_lane": String("hourly")}}, "mofe_hourly_carry": Object {"active": Bool(true), "current_carry_total_m": Number(509.22834007064864), "policy": String("baseline-wathour-24-slot-copy-forward"), "required_arrays": Array [String("ui_SUrunf"), String("ui_SCrunf"), String("ui_LfUrf"), String("ui_LfCrf")], "substep_count": Number(24), "upstream_carry_total_m": Number(509.22834007064864)}, "output_checksums": Object {"/tmp/laned_shadow_h2637_on_1876684/output/H2637.hbp": String("4aef437c11d1ea747a5ce21627c44df8ef6f2a99ff8252dfa2a7ba3c46def809"), "/tmp/laned_shadow_h2637_on_1876684/output/H2637.loss.json": String("725f57233fd60df097a824a2c20f26992a58b3a457594245a9ac91d2278f3cfb"), "/tmp/laned_shadow_h2637_on_1876684/output/H2637.pass.parquet": String("e008ad85e42ec1f5375ee37e7d670793d45e9e42875e62df5d94e74c90055fdf")}, "resolved_sidecars": Object {"gwcoeff": String("/tmp/laned_shadow_h2637_on_1876684/gwcoeff.txt"), "pmetpara": String("/tmp/laned_shadow_h2637_on_1876684/pmetpara.txt"), "snow": String("/tmp/laned_shadow_h2637_on_1876684/snow.txt"), "wepp_ui": String("/tmp/laned_shadow_h2637_on_1876684/wepp_ui.txt")}, "run_dir": String("/tmp/laned_shadow_h2637_on_1876684"), "run_file": String("/tmp/laned_shadow_h2637_on_1876684/p2637.run.toml"), "runtime_selection": Object {"compatibility_rollback_available": Bool(false), "default_activation_gate": String("direct-production-candidate"), "fallback_reason": Null, "output_policy": String("direct-production-executor/direct-publication-frame"), "requested": String("default-candidate"), "rollback_runtime": String("none"), "selected": String("direct-production-executor"), "selection_reason": String("default-candidate-direct-production-single-authority")}, "schema": String("openwepp-hillslope-run-manifest-v1"), "sidecar_discovery_mode": String("runfile-sidecar-overrides"), "sidecar_policy": String("compat"), "source_commit": String("e704f0202278ebb86c6a8c667caf73d599be04ab"), "timestep_policy": Object {"effective_mode": String("hourly"), "guard_id": String("HS-SIMMODE-E-001"), "physics_enabled": Bool(true), "policy": String("hourly"), "requested_mode": String("hourly"), "scheduler_mode": String("hourly"), "selected_lane": String("hourly"), "subhourly_scaffold_available": Bool(true), "timestep_seconds": Number(3600)}, "wb13_publication": Object {"aggregate_identity_status": String("pass-published-per-ofe-wb13-records"), "aggregate_transfer_cancellation_max_abs_mm": Number(0.0), "area_policy": String("sum-ofe-geometry-area"), "contributor_ofe_count": Number(19), "first_row_key": Object {"julian_day": Number(1), "ofe": Number(1), "sim_day_index": Number(1), "year": Number(1987)}, "guard_id": String("HS-SIMOUT-E-001"), "hillslope_total_identity_max_abs_mm": Number(0.0), "last_row_key": Object {"julian_day": Number(366), "ofe": Number(19), "sim_day_index": Number(731), "year": Number(1988)}, "per_element_identity_max_abs_mm": Number(0.0), "per_element_identity_status": String("pass-published-per-ofe-wb13-records"), "per_ofe_dynamic_water_balance_state": Bool(true), "per_ofe_dynamic_wb_state": Bool(true), "per_ofe_expected_record_count": Number(13889), "per_ofe_internal_day_count": Number(731), "per_ofe_record_count": Number(13889), "per_ofe_state_policy": String("published-per-ofe-wb13-records"), "projection_fallback_used": Bool(false), "publication_area_m2": Number(206522.26699999993), "publication_ofe_policy": String("per-ofe-dynamic-water-balance-state"), "replay_candidate_surfaces": Array [], "row_count": Number(13889), "sim_day_index_monotonic": Bool(true), "source": String("direct-publication-frame"), "static_per_ofe_slice_count": Number(19), "storage_lineage_policy": String("per-ofe-dynamic-wb-state"), "transfer_identity_max_abs_mm": Number(0.0), "transfer_identity_status": String("pass-published-per-ofe-wb13-records")}}, [87, 70, 80, 72, 66, 80, 48, 49, 1, 0, 1, 0, 1, 159, 0, 0, 0, 0, 0, 0, 0, 0, 0, 0, 0, 0, 0, 0, 0, 0, 0, 0, 0, 0, 0, 0, 0, 0, 0, 0, 0, 0, 0, 0, 0, 0, 0, 0, 0, 1, 22, 0, 0, 0, 111, 112, 101, 110, 119, 101, 112, 112, 45, 104, 105, 108, 108, 115, 108, 111, 112, 101, 45, 99, 108, 105, 6, 0, 0, 0, 104, 115, 45, 99, 108, 105, 20, 0, 0, 0, 50, 48, 50, 54, 45, 48, 53, 45, 50, 57, 84, 48, 48, 58, 48, 48, 58, 48, 48, 90, 9, 0, 0, 0, 109, 101, 116, 114, 105, 99, 45, 118, 49, 0, 0, 0, 0, 0, 0, 0, 0, 0, 0, 0, 0, 0, 0, 0, 0, 0, 0, 0, 0, 0, 0, 0, 0, 0, 0, 0, 0, 0, 0, 0, 0, 134, 80, 170, 4, 77, 10, 0, 0, 1, 0, 0, 0, 212, 7, 0, 0, 5, 0, 19, 0, 1, 0, 9, 0, 0, 0, 103, 114, 101, 103, 111, 114, 105, 97, 110, 1, 0, 1, 6, 0, 0, 0, 112, 49, 46, 99, 108, 105, 0, 0, 0, 0, 0, 0, 0, 0, 5, 0, 0, 0, 141, 237, 181, 160, 247, 198, 192, 62, 241, 104, 227, 136, 181, 248, 228, 62, 104, 29, 85, 77, 16, 117, 255, 62, 97, 50, 85, 48, 42, 169, 51, 63, 45, 67, 28, 235, 226, 54, 42, 63, 0, 0, 0, 0, 0, 0, 0, 0, 0, 0, 0, 0, 0, 0, 0, 0, 0, 0, 0, 0, 0, 0, 0, 0, 0, 0, 0, 0, 0, 0, 0, 0, 1, 0, 0, 0, 1, 0, 0, 0, 212, 7, 0, 0, 1, 0, 99, 1, 99, 1, 0, 26, 0, 0, 0, 1, 0, 1, 1, 1, 0, 1, 1, 7, 0, 0, 0, 115, 116, 97, 116, 101, 95, 49, 2, 0, 1, 1, 2, 0, 2, 2, 7, 0, 0, 0, 115, 116, 97, 116, 101, 95, 50, 3, 0, 1, 1, 2, 0, 2, 2, 7, 0, 0, 0, 115, 116, 97, 116, 101, 95, 51, 4, 0, 1, 1, 2, 0, 2, 2, 7, 0, 0, 0, 115, 116, 97, 116, 101, 95, 52, 5, 0, 1, 1, 2, 0, 2, 2, 7, 0, 0, 0, 115, 116, 97, 116, 101, 95, 53, 6, 0, 1, 2, 3, 0, 2, 2, 7, 0, 0, 0, 115, 116, 97, 116, 101, 95, 54, 7, 0, 1, 2, 3, 0, 2, 2, 7, 0, 0, 0, 115, 116, 97, 116, 101, 95, 55, 100, 0, 1, 1, 2, 0, 2, 2, 9, 0, 0, 0, 115, 116, 97, 116, 101, 95, 49, 48, 48, 101, 0, 1, 1, 2, 0, 2, 2, 9, 0, 0, 0, 115, 116, 97, 116, 101, 95, 49, 48, 49, 102, 0, 1, 1, 2, 0, 2, 2, 9, 0, 0, 0, 115, 116, 97, 116, 101, 95, 49, 48, 50, 103, 0, 1, 1, 2, 0, 1, 1, 9, 0, 0, 0, 115, 116, 97, 116, 101, 95, 49, 48, 51, 104, 0, 1, 1, 2, 0, 1, 1, 9, 0, 0, 0, 115, 116, 97, 116, 101, 95, 49, 48, 52, 200, 0, 1, 1, 2, 0, 1, 1, 9, 0, 0, 0, 115, 116, 97, 116, 101, 95, 50, 48, 48, 201, 0, 1, 2, 4, 0, 1, 1, 9, 0, 0, 0, 115, 116, 97, 116, 101, 95, 50, 48, 49, 202, 0, 1, 1, 2, 0, 1, 1, 9, 0, 0, 0, 115, 116, 97, 116, 101, 95, 50, 48, 50, 203, 0, 1, 1, 2, 0, 1, 1, 9, 0, 0, 0, 115, 116, 97, 116, 101, 95, 50, 48, 51, 204, 0, 1, 1, 2, 0, 1, 1, 9, 0, 0, 0, 115, 116, 97, 116, 101, 95, 50, 48, 52, 205, 0, 1, 1, 2, 0, 1, 1, 9, 0, 0, 0, 115, 116, 97, 116, 101, 95, 50, 48, 53, 206, 0, 1, 1, 2, 0, 1, 1, 9, 0, 0, 0, 115, 116, 97, 116, 101, 95, 50, 48, 54, 207, 0, 1, 1, 2, 0, 1, 1, 9, 0, 0, 0, 115, 116, 97, 116, 101, 95, 50, 48, 55, 208, 0, 1, 1, 2, 0, 1, 1, 9, 0, 0, 0, 115, 116, 97, 116, 101, 95, 50, 48, 56, 209, 0, 1, 1, 2, 0, 1, 1, 9, 0, 0, 0, 115, 116, 97, 116, 101, 95, 50, 48, 57, 210, 0, 1, 1, 2, 0, 2, 2, 9, 0, 0, 0, 115, 116, 97, 116, 101, 95, 50, 49, 48, 44, 1, 1, 1, 5, 0, 0, 0, 9, 0, 0, 0, 115, 116, 97, 116, 101, 95, 51, 48, 48, 132, 3, 1, 1, 2, 0, 2, 2, 9, 0, 0, 0, 115, 116, 97, 116, 101, 95, 57, 48, 48, 133, 3, 1, 1, 2, 0, 2, 2, 9, 0, 0, 0, 115, 116, 97, 116, 101, 95, 57, 48, 49, 1, 0, 0, 0, 1, 0, 0, 0, 212, 7, 0, 0, 99, 1, 2, 105, 3, 0, 0, 0, 0, 0, 0, 241, 18, 0, 0, 144, 78, 38, 120, 1, 0, 0, 0, 212, 7, 0, 0, 99, 1, 2, 1, 0, 26, 0, 0, 0, 0, 0, 0, 80, 233, 64, 0, 0, 0, 0, 0, 0, 224, 63, 154, 153, 153, 153, 153, 153, 233, 63, 0, 0, 0, 0, 0, 0, 0, 0, 0, 0, 0, 0, 0, 0, 0, 0, 0, 0, 0, 0, 0, 0, 0, 0, 0, 0, 0, 0, 0, 0, 0, 0, 0, 0, 0, 0, 0, 0, 0, 0, 0, 0, 0, 0, 0, 0, 0, 0, 196, 170, 55, 149, 181, 188, 0, 64, 26, 124, 106, 42, 58, 0, 0, 0, 0, 0, 0, 0, 0, 0, 0, 0, 5, 0, 0, 0, 0, 0, 0, 0, 0, 0, 0, 0, 0, 0, 0, 0, 0, 0, 0, 0, 0, 0, 0, 0, 0, 0, 0, 0, 0, 0, 0, 0, 0, 0, 0, 0, 0, 0, 0, 0, 0, 0, 0, 0, 5, 0, 0, 0, 0, 0, 0, 0, 0, 0, 0, 0, 0, 0, 0, 0, 0, 0, 0, 0, 0, 0, 0, 0, 0, 0, 0, 0, 0, 0, 0, 0, 0, 0, 0, 0, 0, 0, 0, 0, 0, 0, 0, 0, 24, 0, 0, 0, 0, 0, 0, 0, 0, 0, 0, 0, 0, 0, 0, 0, 0, 0, 0, 0, 0, 0, 0, 0, 0, 0, 0, 0, 0, 0, 0, 0, 0, 0, 0, 0, 0, 0, 0, 0, 0, 0, 0, 0, 0, 0, 0, 0, 0, 0, 0, 0, 47, 174, 88, 47, 79, 54, 201, 61, 188, 27, 149, 98, 63, 76, 182, 64, 0, 0, 0, 0, 0, 0, 0, 0, 0, 0, 0, 0, 0, 0, 0, 0, 0, 0, 0, 0, 0, 0, 0, 0, 0, 0, 0, 0, 0, 0, 0, 0, 0, 0, 0, 0, 0, 0, 0, 0, 0, 0, 0, 0, 0, 0, 0, 0, 0, 0, 0, 0, 0, 0, 0, 0, 0, 0, 0, 0, 0, 0, 0, 0, 0, 0, 0, 0, 0, 0, 0, 0, 0, 0, 0, 0, 0, 0, 0, 0, 0, 0, 0, 0, 0, 0, 0, 0, 0, 0, 0, 0, 0, 0, 0, 0, 0, 0, 0, 0, 0, 0, 0, 0, 0, 0, 0, 0, 0, 0, 0, 0, 0, 0, 0, 0, 0, 0, 0, 0, 0, 0, 0, 0, 0, 0, 0, 0, 24, 0, 0, 0, 0, 0, 0, 0, 0, 0, 0, 0, 0, 0, 0, 0, 0, 0, 0, 0, 0, 0, 0, 0, 0, 0, 0, 0, 0, 0, 0, 0, 0, 0, 0, 0, 0, 0, 0, 0, 0, 0, 0, 0, 0, 0, 0, 0, 0, 0, 0, 0, 0, 0, 0, 0, 0, 0, 0, 0, 0, 0, 0, 0, 0, 0, 0, 0, 0, 0, 0, 0, 0, 0, 0, 0, 0, 0, 0, 0, 0, 0, 0, 0, 0, 0, 0, 0, 0, 0, 0, 0, 0, 0, 0, 0, 0, 0, 0, 0, 0, 0, 0, 0, 0, 0, 0, 0, 0, 0, 0, 0, 0, 0, 0, 0, 0, 0, 0, 0, 0, 0, 0, 0, 0, 0, 0, 0, 0, 0, 0, 0, 0, 0, 0, 0, 0, 0, 0, 0, 0, 0, 0, 0, 0, 0, 0, 0, 0, 0, 0, 0, 0, 0, 0, 0, 0, 0, 0, 0, 0, 0, 0, 0, 0, 0, 0, 0, 0, 0, 0, 0, 0, 0, 0, 0, 0, 0, 0, 0, 0, 0, 0, 0, 0, 0, 0, 0, 0, 0, 0, 0, 0, 0, 0, 0, 0, 0, 0, 0, 0, 0, 0, 0, 0, 0, 0, 0, 0, 0, 0, 0, 1, 0, 161, 0, 0, 0, 1, 1, 1, 0, 1, 19, 0, 0, 0, 0, 0, 0, 0, 0, 0, 0, 0, 0, 0, 0, 0, 0, 0, 0, 0, 0, 0, 0, 0, 0, 0, 0, 0, 0, 0, 0, 0, 0, 0, 0, 0, 0, 0, 0, 0, 0, 0, 0, 0, 0, 0, 0, 0, 0, 0, 0, 0, 0, 0, 0, 0, 0, 0, 0, 0, 0, 0, 0, 0, 0, 0, 0, 0, 0, 0, 0, 0, 0, 0, 0, 0, 0, 0, 0, 0, 0, 0, 0, 0, 0, 0, 0, 0, 0, 0, 0, 0, 0, 0, 0, 0, 0, 0, 0, 0, 0, 0, 0, 0, 0, 0, 0, 0, 0, 0, 0, 0, 0, 0, 0, 0, 0, 0, 0, 0, 0, 0, 0, 0, 0, 0, 0, 0, 0, 0, 0, 0, 0, 0, 0, 0, 0, 0, 0, 0, 0, 0, 0, 0, 0, 0, 0, 0, 0, 0, 0, 0, 0, 0, 0, 0, 2, 0, 165, 0, 0, 0, 1, 1, 2, 0, 2, 19, 0, 0, 0, 1, 0, 0, 0, 0, 0, 0, 0, 0, 0, 0, 0, 0, 0, 0, 0, 0, 0, 0, 0, 0, 0, 0, 0, 0, 0, 0, 0, 0, 0, 0, 0, 0, 0, 0, 0, 0, 0, 0, 0, 0, 0, 0, 0, 0, 0, 0, 0, 0, 0, 0, 0, 0, 0, 0, 0, 0, 0, 0, 0, 0, 0, 0, 0, 0, 0, 0, 0, 0, 0, 0, 0, 0, 0, 0, 0, 0, 0, 0, 0, 0, 0, 0, 0, 0, 0, 0, 0, 0, 0, 0, 0, 0, 0, 0, 0, 0, 0, 0, 0, 0, 0, 0, 0, 0, 0, 0, 0, 0, 0, 0, 0, 0, 0, 0, 0, 0, 0, 0, 0, 0, 0, 0, 0, 0, 0, 0, 0, 0, 0, 0, 0, 0, 0, 0, 0, 0, 0, 0, 0, 0, 0, 0, 0, 0, 0, 0, 0, 0, 0, 0, 0, 0, 0, 0, 0, 3, 0, 165, 0, 0, 0, 1, 1, 2, 0, 2, 19, 0, 0, 0, 1, 0, 0, 0, 0, 0, 0, 0, 0, 0, 0, 0, 0, 0, 0, 0, 0, 0, 0, 0, 0, 0, 0, 0, 0, 0, 0, 0, 0, 0, 0, 0, 0, 0, 0, 0, 0, 0, 0, 0, 0, 0, 0, 0, 0, 0, 0, 0, 0, 0, 0, 0, 0, 0, 0, 0, 0, 0, 0, 0, 0, 0, 0, 0, 0, 0, 0, 0, 0, 0, 0, 0, 0, 0, 0, 0, 0, 0, 0, 0, 0, 0, 0, 0, 0, 0, 0, 0, 0, 0, 0, 0, 0, 0, 0, 0, 0, 0, 0, 0, 0, 0, 0, 0, 0, 0, 0, 0, 0, 0, 0, 0, 0, 0, 0, 0, 0, 0, 0, 0, 0, 0, 0, 0, 0, 0, 0, 0, 0, 0, 0, 0, 0, 0, 0, 0, 0, 0, 0, 0, 0, 0, 0, 0, 0, 0, 0, 0, 0, 0, 0, 0, 0, 0, 0, 0, 4, 0, 165, 0, 0, 0, 1, 1, 2, 0, 2, 19, 0, 0, 0, 1, 0, 0, 0, 0, 0, 0, 0, 0, 0, 0, 0, 0, 0, 0, 0, 0, 0, 0, 0, 0, 0, 0, 0, 0, 0, 0, 0, 0, 0, 0, 0, 0, 0, 0, 0, 0, 0, 0, 0, 0, 0, 0, 0, 0, 0, 0, 0, 0, 0, 0, 0, 0, 0, 0, 0, 0, 0, 0, 0, 0, 0, 0, 0, 0, 0, 0, 0, 0, 0, 0, 0, 0, 0, 0, 0, 0, 0, 0, 0, 0, 0, 0, 0, 0, 0, 0, 0, 0, 0, 0, 0, 0, 0, 0, 0, 0, 0, 0, 0, 0, 0, 0, 0, 0, 0, 0, 0, 0, 0, 0, 0, 0, 0, 0, 0, 0, 0, 0, 0, 0, 0, 0, 0, 0, 0, 0, 0, 0, 0, 0, 0, 0, 0, 0, 0, 0, 0, 0, 0, 0, 0, 0, 0, 0, 0, 0, 0, 0, 0, 0, 0, 0, 0, 0, 0, 5, 0, 165, 0, 0, 0, 1, 1, 2, 0, 2, 19, 0, 0, 0, 1, 0, 0, 0, 0, 0, 0, 0, 0, 0, 0, 0, 0, 0, 0, 0, 0, 0, 0, 0, 0, 0, 0, 0, 0, 0, 0, 0, 0, 0, 0, 0, 0, 0, 0, 0, 0, 0, 0, 0, 0, 0, 0, 0, 0, 0, 0, 0, 0, 0, 0, 0, 0, 0, 0, 0, 0, 0, 0, 0, 0, 0, 0, 0, 0, 0, 0, 0, 0, 0, 0, 0, 0, 0, 0, 0, 0, 0, 0, 0, 0, 0, 0, 0, 0, 0, 0, 0, 0, 0, 0, 0, 0, 0, 0, 0, 0, 0, 0, 0, 0, 0, 0, 0, 0, 0, 0, 0, 0, 0, 0, 0, 0, 0, 0, 0, 0, 0, 0, 0, 0, 0, 0, 0, 0, 0, 0, 0, 0, 0, 0, 0, 0, 0, 0, 0, 0, 0, 0, 0, 0, 0, 0, 0, 0, 0, 0, 0, 0, 0, 0, 0, 0, 0, 0, 0, 6, 0, 165, 0, 0, 0, 1, 2, 3, 0, 2, 19, 0, 0, 0, 1, 0, 0, 0, 0, 0, 0, 0, 0, 0, 0, 0, 0, 0, 0, 0, 0, 0, 0, 0, 0, 0, 0, 0, 0, 0, 0, 0, 0, 0, 0, 0, 0, 0, 0, 0, 0, 0, 0, 0, 0, 0, 0, 0, 0, 0, 0, 0, 0, 0, 0, 0, 0, 0, 0, 0, 0, 0, 0, 0, 0, 0, 0, 0, 0, 0, 0, 0, 0, 0, 0, 0, 0, 0, 0, 0, 0, 0, 0, 0, 0, 0, 0, 0, 0, 0, 0, 0, 0, 0, 0, 0, 0, 0, 0, 0, 0, 0, 0, 0, 0, 0, 0, 0, 0, 0, 0, 0, 0, 0, 0, 0, 0, 0, 0, 0, 0, 0, 0, 0, 0, 0, 0, 0, 0, 0, 0, 0, 0, 0, 0, 0, 0, 0, 0, 0, 0, 0, 0, 0, 0, 0, 0, 0, 0, 0, 0, 0, 0, 0, 0, 0, 0, 0, 0, 0, 7, 0, 165, 0, 0, 0, 1, 2, 3, 0, 2, 19, 0, 0, 0, 1, 0, 0, 0, 0, 0, 0, 0, 0, 0, 0, 0, 0, 0, 0, 0, 0, 0, 0, 0, 0, 0, 0, 0, 0, 0, 0, 0, 0, 0, 0, 0, 0, 0, 0, 0, 0, 0, 0, 0, 0, 0, 0, 0, 0, 0, 0, 0, 0, 0, 0, 0, 0, 0, 0, 0, 0, 0, 0, 0, 0, 0, 0, 0, 0, 0, 0, 0, 0, 0, 0, 0, 0, 0, 0, 0, 0, 0, 0, 0, 0, 0, 0, 0, 0, 0, 0, 0, 0, 0, 0, 0, 0, 0, 0, 0, 0, 0, 0, 0, 0, 0, 0, 0, 0, 0, 0, 0, 0, 0, 0, 0, 0, 0, 0, 0, 0, 0, 0, 0, 0, 0, 0, 0, 0, 0, 0, 0, 0, 0, 0, 0, 0, 0, 0, 0, 0, 0, 0, 0, 0, 0, 0, 0, 0, 0, 0, 0, 0, 0, 0, 0, 0, 0, 0, 0, 100, 0, 165, 0, 0, 0, 1, 1, 2, 0, 2, 19, 0, 0, 0, 1, 0, 0, 0, 0, 0, 0, 0, 0, 0, 0, 0, 0, 0, 0, 0, 0, 0, 0, 0, 0, 0, 0, 0, 0, 0, 0, 0, 0, 0, 0, 0, 0, 0, 0, 0, 0, 0, 0, 0, 0, 0, 0, 0, 0, 0, 0, 0, 0, 0, 0, 0, 0, 0, 0, 0, 0, 0, 0, 0, 0, 0, 0, 0, 0, 0, 0, 0, 0, 0, 0, 0, 0, 0, 0, 0, 0, 0, 0, 0, 0, 0, 0, 0, 0, 0, 0, 0, 0, 0, 0, 0, 0, 0, 0, 0, 0, 0, 0, 0, 0, 0, 0, 0, 0, 0, 0, 0, 0, 0, 0, 0, 0, 0, 0, 0, 0, 0, 0, 0, 0, 0, 0, 0, 0, 0, 0, 0, 0, 0, 0, 0, 0, 0, 0, 0, 0, 0, 0, 0, 0, 0, 0, 0, 0, 0, 0, 0, 0, 0, 0, 0, 0, 0, 0, 0, 101, 0, 165, 0, 0, 0, 1, 1, 2, 0, 2, 19, 0, 0, 0, 1, 0, 0, 0, 0, 0, 0, 0, 0, 0, 0, 0, 0, 0, 0, 0, 0, 0, 0, 0, 0, 0, 0, 0, 0, 0, 0, 0, 0, 0, 0, 0, 0, 0, 0, 0, 0, 0, 0, 0, 0, 0, 0, 0, 0, 0, 0, 0, 0, 0, 0, 0, 0, 0, 0, 0, 0, 0, 0, 0, 0, 0, 0, 0, 0, 0, 0, 0, 0, 0, 0, 0, 0, 0, 0, 0, 0, 0, 0, 0, 0, 0, 0, 0, 0, 0, 0, 0, 0, 0, 0, 0, 0, 0, 0, 0, 0, 0, 0, 0, 0, 0, 0, 0, 0, 0, 0, 0, 0, 0, 0, 0, 0, 0, 0, 0, 0, 0, 0, 0, 0, 0, 0, 0, 0, 0, 0, 0, 0, 0, 0, 0, 0, 0, 0, 0, 0, 0, 0, 0, 0, 0, 0, 0, 0, 0, 0, 0, 0, 0, 0, 0, 0, 0, 0, 0, 102, 0, 165, 0, 0, 0, 1, 1, 2, 0, 2, 19, 0, 0, 0, 1, 0, 0, 0, 0, 0, 0, 0, 0, 0, 0, 0, 0, 0, 0, 0, 0, 0, 0, 0, 0, 0, 0, 0, 0, 0, 0, 0, 0, 0, 0, 0, 0, 0, 0, 0, 0, 0, 0, 0, 0, 0, 0, 0, 0, 0, 0, 0, 0, 0, 0, 0, 0, 0, 0, 0, 0, 0, 0, 0, 0, 0, 0, 0, 0, 0, 0, 0, 0, 0, 0, 0, 0, 0, 0, 0, 0, 0, 0, 0, 0, 0, 0, 0, 0, 0, 0, 0, 0, 0, 0, 0, 0, 0, 0, 0, 0, 0, 0, 0, 0, 0, 0, 0, 0, 0, 0, 0, 0, 0, 0, 0, 0, 0, 0, 0, 0, 0, 0, 0, 0, 0, 0, 0, 0, 0, 0, 0, 0, 0, 0, 0, 0, 0, 0, 0, 0, 0, 0, 0, 0, 0, 0, 0, 0, 0, 0, 0, 0, 0, 0, 0, 0, 0, 0, 0, 103, 0, 161, 0, 0, 0, 1, 1, 2, 0, 1, 19, 0, 0, 0, 0, 0, 0, 0, 0, 0, 0, 0, 0, 0, 0, 0, 0, 0, 0, 0, 0, 0, 0, 0, 0, 0, 0, 0, 0, 0, 0, 0, 0, 0, 0, 0, 0, 0, 0, 0, 0, 0, 0, 0, 0, 0, 0, 0, 0, 0, 0, 0, 0, 0, 0, 0, 0, 0, 0, 0, 0, 0, 0, 0, 0, 0, 0, 0, 0, 0, 0, 0, 0, 0, 0, 0, 0, 0, 0, 0, 0, 0, 0, 0, 0, 0, 0, 0, 0, 0, 0, 0, 0, 0, 0, 0, 0, 0, 0, 0, 0, 0, 0, 0, 0, 0, 0, 0, 0, 0, 0, 0, 0, 0, 0, 0, 0, 0, 0, 0, 0, 0, 0, 0, 0, 0, 0, 0, 0, 0, 0, 0, 0, 0, 0, 0, 0, 0, 0, 0, 0, 0, 0, 0, 0, 0, 0, 0, 0, 0, 0, 0, 0, 0, 0, 0, 104, 0, 161, 0, 0, 0, 1, 1, 2, 0, 1, 19, 0, 0, 0, 0, 0, 0, 0, 0, 0, 0, 0, 0, 0, 0, 0, 0, 0, 0, 0, 0, 0, 0, 0, 0, 0, 0, 0, 0, 0, 0, 0, 0, 0, 0, 0, 0, 0, 0, 0, 0, 0, 0, 0, 0, 0, 0, 0, 0, 0, 0, 0, 0, 0, 0, 0, 0, 0, 0, 0, 0, 0, 0, 0, 0, 0, 0, 0, 0, 0, 0, 0, 0, 0, 0, 0, 0, 0, 0, 0, 0, 0, 0, 0, 0, 0, 0, 0, 0, 0, 0, 0, 0, 0, 0, 0, 0, 0, 0, 0, 0, 0, 0, 0, 0, 0, 0, 0, 0, 0, 0, 0, 0, 0, 0, 0, 0, 0, 0, 0, 0, 0, 0, 0, 0, 0, 0, 0, 0, 0, 0, 0, 0, 0, 0, 0, 0, 0, 0, 0, 0, 0, 0, 0, 0, 0, 0, 0, 0, 0, 0, 0, 0, 0, 0, 0, 200, 0, 161, 0, 0, 0, 1, 1, 2, 0, 1, 19, 0, 0, 0, 0, 0, 0, 0, 0, 0, 0, 0, 0, 0, 0, 0, 0, 0, 0, 0, 0, 0, 0, 0, 0, 0, 0, 0, 0, 0, 0, 0, 0, 0, 0, 0, 0, 0, 0, 0, 0, 0, 0, 0, 0, 0, 0, 0, 0, 0, 0, 0, 0, 0, 0, 0, 0, 0, 0, 0, 0, 0, 0, 0, 0, 0, 0, 0, 0, 0, 0, 0, 0, 0, 0, 0, 0, 0, 0, 0, 0, 0, 0, 0, 0, 0, 0, 0, 0, 0, 0, 0, 0, 0, 0, 0, 0, 0, 0, 0, 0, 0, 0, 0, 0, 0, 0, 0, 0, 0, 0, 0, 0, 0, 0, 0, 0, 0, 0, 0, 0, 0, 0, 0, 0, 0, 0, 0, 0, 0, 0, 0, 0, 0, 0, 0, 0, 0, 0, 0, 0, 0, 0, 0, 0, 0, 0, 0, 0, 0, 0, 0, 0, 0, 0, 0, 201, 0, 161, 0, 0, 0, 1, 2, 4, 0, 1, 19, 0, 0, 0, 0, 0, 0, 0, 0, 0, 0, 0, 0, 0, 0, 0, 0, 0, 0, 0, 0, 0, 0, 0, 0, 0, 0, 0, 0, 0, 0, 0, 0, 0, 0, 0, 0, 0, 0, 0, 0, 0, 0, 0, 0, 0, 0, 0, 0, 0, 0, 0, 0, 0, 0, 0, 0, 0, 0, 0, 0, 0, 0, 0, 0, 0, 0, 0, 0, 0, 0, 0, 0, 0, 0, 0, 0, 0, 0, 0, 0, 0, 0, 0, 0, 0, 0, 0, 0, 0, 0, 0, 0, 0, 0, 0, 0, 0, 0, 0, 0, 0, 0, 0, 0, 0, 0, 0, 0, 0, 0, 0, 0, 0, 0, 0, 0, 0, 0, 0, 0, 0, 0, 0, 0, 0, 0, 0, 0, 0, 0, 0, 0, 0, 0, 0, 0, 0, 0, 0, 0, 0, 0, 0, 0, 0, 0, 0, 0, 0, 0, 0, 0, 0, 0, 0, 202, 0, 161, 0, 0, 0, 1, 1, 2, 0, 1, 19, 0, 0, 0, 0, 0, 0, 0, 0, 0, 0, 0, 0, 0, 0, 0, 0, 0, 0, 0, 0, 0, 0, 0, 0, 0, 0, 0, 0, 0, 0, 0, 0, 0, 0, 0, 0, 0, 0, 0, 0, 0, 0, 0, 0, 0, 0, 0, 0, 0, 0, 0, 0, 0, 0, 0, 0, 0, 0, 0, 0, 0, 0, 0, 0, 0, 0, 0, 0, 0, 0, 0, 0, 0, 0, 0, 0, 0, 0, 0, 0, 0, 0, 0, 0, 0, 0, 0, 0, 0, 0, 0, 0, 0, 0, 0, 0, 0, 0, 0, 0, 0, 0, 0, 0, 0, 0, 0, 0, 0, 0, 0, 0, 0, 0, 0, 0, 0, 0, 0, 0, 0, 0, 0, 0, 0, 0, 0, 0, 0, 0, 0, 0, 0, 0, 0, 0, 0, 0, 0, 0, 0, 0, 0, 0, 0, 0, 0, 0, 0, 0, 0, 0, 0, 0, 0, 203, 0, 161, 0, 0, 0, 1, 1, 2, 0, 1, 19, 0, 0, 0, 0, 0, 0, 0, 0, 0, 0, 0, 0, 0, 0, 0, 0, 0, 0, 0, 0, 0, 0, 0, 0, 0, 0, 0, 0, 0, 0, 0, 0, 0, 0, 0, 0, 0, 0, 0, 0, 0, 0, 0, 0, 0, 0, 0, 0, 0, 0, 0, 0, 0, 0, 0, 0, 0, 0, 0, 0, 0, 0, 0, 0, 0, 0, 0, 0, 0, 0, 0, 0, 0, 0, 0, 0, 0, 0, 0, 0, 0, 0, 0, 0, 0, 0, 0, 0, 0, 0, 0, 0, 0, 0, 0, 0, 0, 0, 0, 0, 0, 0, 0, 0, 0, 0, 0, 0, 0, 0, 0, 0, 0, 0, 0, 0, 0, 0, 0, 0, 0, 0, 0, 0, 0, 0, 0, 0, 0, 0, 0, 0, 0, 0, 0, 0, 0, 0, 0, 0, 0, 0, 0, 0, 0, 0, 0, 0, 0, 0, 0, 0, 0, 0, 0, 204, 0, 161, 0, 0, 0, 1, 1, 2, 0, 1, 19, 0, 0, 0, 0, 0, 0, 0, 0, 0, 0, 0, 0, 0, 0, 0, 0, 0, 0, 0, 0, 0, 0, 0, 0, 0, 0, 0, 0, 0, 0, 0, 0, 0, 0, 0, 0, 0, 0, 0, 0, 0, 0, 0, 0, 0, 0, 0, 0, 0, 0, 0, 0, 0, 0, 0, 0, 0, 0, 0, 0, 0, 0, 0, 0, 0, 0, 0, 0, 0, 0, 0, 0, 0, 0, 0, 0, 0, 0, 0, 0, 0, 0, 0, 0, 0, 0, 0, 0, 0, 0, 0, 0, 0, 0, 0, 0, 0, 0, 0, 0, 0, 0, 0, 0, 0, 0, 0, 0, 0, 0, 0, 0, 0, 0, 0, 0, 0, 0, 0, 0, 0, 0, 0, 0, 0, 0, 0, 0, 0, 0, 0, 0, 0, 0, 0, 0, 0, 0, 0, 0, 0, 0, 0, 0, 0, 0, 0, 0, 0, 0, 0, 0, 0, 0, 0, 205, 0, 161, 0, 0, 0, 1, 1, 2, 0, 1, 19, 0, 0, 0, 0, 0, 0, 0, 0, 0, 0, 0, 0, 0, 0, 0, 0, 0, 0, 0, 0, 0, 0, 0, 0, 0, 0, 0, 0, 0, 0, 0, 0, 0, 0, 0, 0, 0, 0, 0, 0, 0, 0, 0, 0, 0, 0, 0, 0, 0, 0, 0, 0, 0, 0, 0, 0, 0, 0, 0, 0, 0, 0, 0, 0, 0, 0, 0, 0, 0, 0, 0, 0, 0, 0, 0, 0, 0, 0, 0, 0, 0, 0, 0, 0, 0, 0, 0, 0, 0, 0, 0, 0, 0, 0, 0, 0, 0, 0, 0, 0, 0, 0, 0, 0, 0, 0, 0, 0, 0, 0, 0, 0, 0, 0, 0, 0, 0, 0, 0, 0, 0, 0, 0, 0, 0, 0, 0, 0, 0, 0, 0, 0, 0, 0, 0, 0, 0, 0, 0, 0, 0, 0, 0, 0, 0, 0, 0, 0, 0, 0, 0, 0, 0, 0, 0, 206, 0, 161, 0, 0, 0, 1, 1, 2, 0, 1, 19, 0, 0, 0, 0, 0, 0, 0, 0, 0, 0, 0, 0, 0, 0, 0, 0, 0, 0, 0, 0, 0, 0, 0, 0, 0, 0, 0, 0, 0, 0, 0, 0, 0, 0, 0, 0, 0, 0, 0, 0, 0, 0, 0, 0, 0, 0, 0, 0, 0, 0, 0, 0, 0, 0, 0, 0, 0, 0, 0, 0, 0, 0, 0, 0, 0, 0, 0, 0, 0, 0, 0, 0, 0, 0, 0, 0, 0, 0, 0, 0, 0, 0, 0, 0, 0, 0, 0, 0, 0, 0, 0, 0, 0, 0, 0, 0, 0, 0, 0, 0, 0, 0, 0, 0, 0, 0, 0, 0, 0, 0, 0, 0, 0, 0, 0, 0, 0, 0, 0, 0, 0, 0, 0, 0, 0, 0, 0, 0, 0, 0, 0, 0, 0, 0, 0, 0, 0, 0, 0, 0, 0, 0, 0, 0, 0, 0, 0, 0, 0, 0, 0, 0, 0, 0, 0, 207, 0, 161, 0, 0, 0, 1, 1, 2, 0, 1, 19, 0, 0, 0, 0, 0, 0, 0, 0, 0, 0, 0, 0, 0, 0, 0, 0, 0, 0, 0, 0, 0, 0, 0, 0, 0, 0, 0, 0, 0, 0, 0, 0, 0, 0, 0, 0, 0, 0, 0, 0, 0, 0, 0, 0, 0, 0, 0, 0, 0, 0, 0, 0, 0, 0, 0, 0, 0, 0, 0, 0, 0, 0, 0, 0, 0, 0, 0, 0, 0, 0, 0, 0, 0, 0, 0, 0, 0, 0, 0, 0, 0, 0, 0, 0, 0, 0, 0, 0, 0, 0, 0, 0, 0, 0, 0, 0, 0, 0, 0, 0, 0, 0, 0, 0, 0, 0, 0, 0, 0, 0, 0, 0, 0, 0, 0, 0, 0, 0, 0, 0, 0, 0, 0, 0, 0, 0, 0, 0, 0, 0, 0, 0, 0, 0, 0, 0, 0, 0, 0, 0, 0, 0, 0, 0, 0, 0, 0, 0, 0, 0, 0, 0, 0, 0, 0, 208, 0, 161, 0, 0, 0, 1, 1, 2, 0, 1, 19, 0, 0, 0, 0, 0, 0, 0, 0, 0, 0, 0, 0, 0, 0, 0, 0, 0, 0, 0, 0, 0, 0, 0, 0, 0, 0, 0, 0, 0, 0, 0, 0, 0, 0, 0, 0, 0, 0, 0, 0, 0, 0, 0, 0, 0, 0, 0, 0, 0, 0, 0, 0, 0, 0, 0, 0, 0, 0, 0, 0, 0, 0, 0, 0, 0, 0, 0, 0, 0, 0, 0, 0, 0, 0, 0, 0, 0, 0, 0, 0, 0, 0, 0, 0, 0, 0, 0, 0, 0, 0, 0, 0, 0, 0, 0, 0, 0, 0, 0, 0, 0, 0, 0, 0, 0, 0, 0, 0, 0, 0, 0, 0, 0, 0, 0, 0, 0, 0, 0, 0, 0, 0, 0, 0, 0, 0, 0, 0, 0, 0, 0, 0, 0, 0, 0, 0, 0, 0, 0, 0, 0, 0, 0, 0, 0, 0, 0, 0, 0, 0, 0, 0, 0, 0, 0, 209, 0, 161, 0, 0, 0, 1, 1, 2, 0, 1, 19, 0, 0, 0, 0, 0, 0, 0, 0, 0, 0, 0, 0, 0, 0, 0, 0, 0, 0, 0, 0, 0, 0, 0, 0, 0, 0, 0, 0, 0, 0, 0, 0, 0, 0, 0, 0, 0, 0, 0, 0, 0, 0, 0, 0, 0, 0, 0, 0, 0, 0, 0, 0, 0, 0, 0, 0, 0, 0, 0, 0, 0, 0, 0, 0, 0, 0, 0, 0, 0, 0, 0, 0, 0, 0, 0, 0, 0, 0, 0, 0, 0, 0, 0, 0, 0, 0, 0, 0, 0, 0, 0, 0, 0, 0, 0, 0, 0, 0, 0, 0, 0, 0, 0, 0, 0, 0, 0, 0, 0, 0, 0, 0, 0, 0, 0, 0, 0, 0, 0, 0, 0, 0, 0, 0, 0, 0, 0, 0, 0, 0, 0, 0, 0, 0, 0, 0, 0, 0, 0, 0, 0, 0, 0, 0, 0, 0, 0, 0, 0, 0, 0, 0, 0, 0, 0, 210, 0, 165, 0, 0, 0, 1, 1, 2, 0, 2, 19, 0, 0, 0, 1, 0, 0, 0, 0, 0, 0, 0, 0, 0, 0, 0, 0, 0, 0, 0, 0, 0, 0, 0, 0, 0, 0, 0, 0, 0, 0, 0, 0, 0, 0, 0, 0, 0, 0, 0, 0, 0, 0, 0, 0, 0, 0, 0, 0, 0, 0, 0, 0, 0, 0, 0, 0, 0, 0, 0, 0, 0, 0, 0, 0, 0, 0, 0, 0, 0, 0, 0, 0, 0, 0, 0, 0, 0, 0, 0, 0, 0, 0, 0, 0, 0, 0, 0, 0, 0, 0, 0, 0, 0, 0, 0, 0, 0, 0, 0, 0, 0, 0, 0, 0, 0, 0, 0, 0, 0, 0, 0, 0, 0, 0, 0, 0, 0, 0, 0, 0, 0, 0, 0, 0, 0, 0, 0, 0, 0, 0, 0, 0, 0, 0, 0, 0, 0, 0, 0, 0, 0, 0, 0, 0, 0, 0, 0, 0, 0, 0, 0, 0, 0, 0, 0, 0, 0, 0, 0, 44, 1, 13, 0, 0, 0, 1, 1, 5, 0, 0, 0, 0, 0, 0, 0, 0, 0, 0, 132, 3, 165, 0, 0, 0, 1, 1, 2, 0, 2, 19, 0, 0, 0, 1, 0, 0, 0, 0, 0, 0, 0, 0, 0, 0, 0, 0, 0, 0, 0, 0, 0, 0, 0, 0, 0, 0, 0, 0, 0, 0, 0, 0, 0, 0, 0, 0, 0, 0, 0, 0, 0, 0, 0, 0, 0, 0, 0, 0, 0, 0, 0, 0, 0, 0, 0, 0, 0, 0, 0, 0, 0, 0, 0, 0, 0, 0, 0, 0, 0, 0, 0, 0, 0, 0, 0, 0, 0, 0, 0, 0, 0, 0, 0, 0, 0, 0, 0, 0, 0, 0, 0, 0, 0, 0, 0, 0, 0, 0, 0, 0, 0, 0, 0, 0, 0, 0, 0, 0, 0, 0, 0, 0, 0, 0, 0, 0, 0, 0, 0, 0, 0, 0, 0, 0, 0, 0, 0, 0, 0, 0, 0, 0, 0, 0, 0, 0, 0, 0, 0, 0, 0, 0, 0, 0, 0, 0, 0, 0, 0, 0, 0, 0, 0, 0, 0, 0, 0, 0, 0, 133, 3, 165, 0, 0, 0, 1, 1, 2, 0, 2, 19, 0, 0, 0, 1, 0, 0, 0, 0, 0, 0, 0, 0, 0, 0, 0, 0, 0, 0, 0, 0, 0, 0, 0, 0, 0, 0, 0, 0, 0, 0, 0, 0, 0, 0, 0, 0, 0, 0, 0, 0, 0, 0, 0, 0, 0, 0, 0, 0, 0, 0, 0, 0, 0, 0, 0, 0, 0, 0, 0, 0, 0, 0, 0, 0, 0, 0, 0, 0, 0, 0, 0, 0, 0, 0, 0, 0, 0, 0, 0, 0, 0, 0, 0, 0, 0, 0, 0, 0, 0, 0, 0, 0, 0, 0, 0, 0, 0, 0, 0, 0, 0, 0, 0, 0, 0, 0, 0, 0, 0, 0, 0, 0, 0, 0, 0, 0, 0, 0, 0, 0, 0, 0, 0, 0, 0, 0, 0, 0, 0, 0, 0, 0, 0, 0, 0, 0, 0, 0, 0, 0, 0, 0, 0, 0, 0, 0, 0, 0, 0, 0, 0, 0, 0, 0, 0, 0, 0, 0, 0, 199, 115, 88, 165, 104, 27, 158, 56, 1, 0, 0, 0, 69, 78, 68, 72, 66, 80, 48, 49], [80, 65, 82, 49, 21, 4, 21, 8, 21, 12, 76, 21, 2, 21, 0, 18, 0, 0, 4, 12, 77, 10, 0, 0, 21, 0, 21, 6, 21, 10, 44, 21, 182, 11, 21, 16, 21, 6, 21, 6, 28, 54, 0, 40, 4, 77, 10, 0, 0, 24, 4, 77, 10, 0, 0, 17, 17, 0, 0, 0, 3, 8, 0, 182, 11, 21, 4, 21, 16, 21, 20, 76, 21, 4, 21, 0, 18, 0, 0, 8, 28, 1, 0, 0, 0, 2, 0, 0, 0, 21, 0, 21, 14, 21, 18, 44, 21, 182, 11, 21, 16, 21, 6, 21, 6, 28, 54, 0, 40, 4, 2, 0, 0, 0, 24, 4, 1, 0, 0, 0, 17, 17, 0, 0, 0, 7, 24, 1, 218, 5, 0, 220, 5, 1, 21, 4, 21, 216, 45, 21, 226, 45, 76, 21, 182, 11, 21, 0, 18, 0, 0, 236, 22, 244, 107, 11, 1, 0, 0, 0, 2, 0, 0, 0, 3, 0, 0, 0, 4, 0, 0, 0, 5, 0, 0, 0, 6, 0, 0, 0, 7, 0, 0, 0, 8, 0, 0, 0, 9, 0, 0, 0, 10, 0, 0, 0, 11, 0, 0, 0, 12, 0, 0, 0, 13, 0, 0, 0, 14, 0, 0, 0, 15, 0, 0, 0, 16, 0, 0, 0, 17, 0, 0, 0, 18, 0, 0, 0, 19, 0, 0, 0, 20, 0, 0, 0, 21, 0, 0, 0, 22, 0, 0, 0, 23, 0, 0, 0, 24, 0, 0, 0, 25, 0, 0, 0, 26, 0, 0, 0, 27, 0, 0, 0, 28, 0, 0, 0, 29, 0, 0, 0, 30, 0, 0, 0, 31, 0, 0, 0, 32, 0, 0, 0, 33, 0, 0, 0, 34, 0, 0, 0, 35, 0, 0, 0, 36, 0, 0, 0, 37, 0, 0, 0, 38, 0, 0, 0, 39, 0, 0, 0, 40, 0, 0, 0, 41, 0, 0, 0, 42, 0, 0, 0, 43, 0, 0, 0, 44, 0, 0, 0, 45, 0, 0, 0, 46, 0, 0, 0, 47, 0, 0, 0, 48, 0, 0, 0, 49, 0, 0, 0, 50, 0, 0, 0, 51, 0, 0, 0, 52, 0, 0, 0, 53, 0, 0, 0, 54, 0, 0, 0, 55, 0, 0, 0, 56, 0, 0, 0, 57, 0, 0, 0, 58, 0, 0, 0, 59, 0, 0, 0, 60, 0, 0, 0, 61, 0, 0, 0, 62, 0, 0, 0, 63, 0, 0, 0, 64, 0, 0, 0, 65, 0, 0, 0, 66, 0, 0, 0, 67, 0, 0, 0, 68, 0, 0, 0, 69, 0, 0, 0, 70, 0, 0, 0, 71, 0, 0, 0, 72, 0, 0, 0, 73, 0, 0, 0, 74, 0, 0, 0, 75, 0, 0, 0, 76, 0, 0, 0, 77, 0, 0, 0, 78, 0, 0, 0, 79, 0, 0, 0, 80, 0, 0, 0, 81, 0, 0, 0, 82, 0, 0, 0, 83, 0, 0, 0, 84, 0, 0, 0, 85, 0, 0, 0, 86, 0, 0, 0, 87, 0, 0, 0, 88, 0, 0, 0, 89, 0, 0, 0, 90, 0, 0, 0, 91, 0, 0, 0, 92, 0, 0, 0, 93, 0, 0, 0, 94, 0, 0, 0, 95, 0, 0, 0, 96, 0, 0, 0, 97, 0, 0, 0, 98, 0, 0, 0, 99, 0, 0, 0, 100, 0, 0, 0, 101, 0, 0, 0, 102, 0, 0, 0, 103, 0, 0, 0, 104, 0, 0, 0, 105, 0, 0, 0, 106, 0, 0, 0, 107, 0, 0, 0, 108, 0, 0, 0, 109, 0, 0, 0, 110, 0, 0, 0, 111, 0, 0, 0, 112, 0, 0, 0, 113, 0, 0, 0, 114, 0, 0, 0, 115, 0, 0, 0, 116, 0, 0, 0, 117, 0, 0, 0, 118, 0, 0, 0, 119, 0, 0, 0, 120, 0, 0, 0, 121, 0, 0, 0, 122, 0, 0, 0, 123, 0, 0, 0, 124, 0, 0, 0, 125, 0, 0, 0, 126, 0, 0, 0, 127, 0, 0, 0, 128, 0, 0, 0, 129, 0, 0, 0, 130, 0, 0, 0, 131, 0, 0, 0, 132, 0, 0, 0, 133, 0, 0, 0, 134, 0, 0, 0, 135, 0, 0, 0, 136, 0, 0, 0, 137, 0, 0, 0, 138, 0, 0, 0, 139, 0, 0, 0, 140, 0, 0, 0, 141, 0, 0, 0, 142, 0, 0, 0, 143, 0, 0, 0, 144, 0, 0, 0, 145, 0, 0, 0, 146, 0, 0, 0, 147, 0, 0, 0, 148, 0, 0, 0, 149, 0, 0, 0, 150, 0, 0, 0, 151, 0, 0, 0, 152, 0, 0, 0, 153, 0, 0, 0, 154, 0, 0, 0, 155, 0, 0, 0, 156, 0, 0, 0, 157, 0, 0, 0, 158, 0, 0, 0, 159, 0, 0, 0, 160, 0, 0, 0, 161, 0, 0, 0, 162, 0, 0, 0, 163, 0, 0, 0, 164, 0, 0, 0, 165, 0, 0, 0, 166, 0, 0, 0, 167, 0, 0, 0, 168, 0, 0, 0, 169, 0, 0, 0, 170, 0, 0, 0, 171, 0, 0, 0, 172, 0, 0, 0, 173, 0, 0, 0, 174, 0, 0, 0, 175, 0, 0, 0, 176, 0, 0, 0, 177, 0, 0, 0, 178, 0, 0, 0, 179, 0, 0, 0, 180, 0, 0, 0, 181, 0, 0, 0, 182, 0, 0, 0, 183, 0, 0, 0, 184, 0, 0, 0, 185, 0, 0, 0, 186, 0, 0, 0, 187, 0, 0, 0, 188, 0, 0, 0, 189, 0, 0, 0, 190, 0, 0, 0, 191, 0, 0, 0, 192, 0, 0, 0, 193, 0, 0, 0, 194, 0, 0, 0, 195, 0, 0, 0, 196, 0, 0, 0, 197, 0, 0, 0, 198, 0, 0, 0, 199, 0, 0, 0, 200, 0, 0, 0, 201, 0, 0, 0, 202, 0, 0, 0, 203, 0, 0, 0, 204, 0, 0, 0, 205, 0, 0, 0, 206, 0, 0, 0, 207, 0, 0, 0, 208, 0, 0, 0, 209, 0, 0, 0, 210, 0, 0, 0, 211, 0, 0, 0, 212, 0, 0, 0, 213, 0, 0, 0, 214, 0, 0, 0, 215, 0, 0, 0, 216, 0, 0, 0, 217, 0, 0, 0, 218, 0, 0, 0, 219, 0, 0, 0, 220, 0, 0, 0, 221, 0, 0, 0, 222, 0, 0, 0, 223, 0, 0, 0, 224, 0, 0, 0, 225, 0, 0, 0, 226, 0, 0, 0, 227, 0, 0, 0, 228, 0, 0, 0, 229, 0, 0, 0, 230, 0, 0, 0, 231, 0, 0, 0, 232, 0, 0, 0, 233, 0, 0, 0, 234, 0, 0, 0, 235, 0, 0, 0, 236, 0, 0, 0, 237, 0, 0, 0, 238, 0, 0, 0, 239, 0, 0, 0, 240, 0, 0, 0, 241, 0, 0, 0, 242, 0, 0, 0, 243, 0, 0, 0, 244, 0, 0, 0, 245, 0, 0, 0, 246, 0, 0, 0, 247, 0, 0, 0, 248, 0, 0, 0, 249, 0, 0, 0, 250, 0, 0, 0, 251, 0, 0, 0, 252, 0, 0, 0, 253, 0, 0, 0, 254, 0, 0, 0, 255, 0, 0, 0, 0, 1, 0, 0, 1, 1, 0, 0, 2, 1, 0, 0, 3, 1, 0, 0, 4, 1, 0, 0, 5, 1, 0, 0, 6, 1, 0, 0, 7, 1, 0, 0, 8, 1, 0, 0, 9, 1, 0, 0, 10, 1, 0, 0, 11, 1, 0, 0, 12, 1, 0, 0, 13, 1, 0, 0, 14, 1, 0, 0, 15, 1, 0, 0, 16, 1, 0, 0, 17, 1, 0, 0, 18, 1, 0, 0, 19, 1, 0, 0, 20, 1, 0, 0, 21, 1, 0, 0, 22, 1, 0, 0, 23, 1, 0, 0, 24, 1, 0, 0, 25, 1, 0, 0, 26, 1, 0, 0, 27, 1, 0, 0, 28, 1, 0, 0, 29, 1, 0, 0, 30, 1, 0, 0, 31, 1, 0, 0, 32, 1, 0, 0, 33, 1, 0, 0, 34, 1, 0, 0, 35, 1, 0, 0, 36, 1, 0, 0, 37, 1, 0, 0, 38, 1, 0, 0, 39, 1, 0, 0, 40, 1, 0, 0, 41, 1, 0, 0, 42, 1, 0, 0, 43, 1, 0, 0, 44, 1, 0, 0, 45, 1, 0, 0, 46, 1, 0, 0, 47, 1, 0, 0, 48, 1, 0, 0, 49, 1, 0, 0, 50, 1, 0, 0, 51, 1, 0, 0, 52, 1, 0, 0, 53, 1, 0, 0, 54, 1, 0, 0, 55, 1, 0, 0, 56, 1, 0, 0, 57, 1, 0, 0, 58, 1, 0, 0, 59, 1, 0, 0, 60, 1, 0, 0, 61, 1, 0, 0, 62, 1, 0, 0, 63, 1, 0, 0, 64, 1, 0, 0, 65, 1, 0, 0, 66, 1, 0, 0, 67, 1, 0, 0, 68, 1, 0, 0, 69, 1, 0, 0, 70, 1, 0, 0, 71, 1, 0, 0, 72, 1, 0, 0, 73, 1, 0, 0, 74, 1, 0, 0, 75, 1, 0, 0, 76, 1, 0, 0, 77, 1, 0, 0, 78, 1, 0, 0, 79, 1, 0, 0, 80, 1, 0, 0, 81, 1, 0, 0, 82, 1, 0, 0, 83, 1, 0, 0, 84, 1, 0, 0, 85, 1, 0, 0, 86, 1, 0, 0, 87, 1, 0, 0, 88, 1, 0, 0, 89, 1, 0, 0, 90, 1, 0, 0, 91, 1, 0, 0, 92, 1, 0, 0, 93, 1, 0, 0, 94, 1, 0, 0, 95, 1, 0, 0, 96, 1, 0, 0, 97, 1, 0, 0, 98, 1, 0, 0, 99, 1, 0, 0, 100, 1, 0, 0, 101, 1, 0, 0, 102, 1, 0, 0, 103, 1, 0, 0, 104, 1, 0, 0, 105, 1, 0, 0, 106, 1, 0, 0, 107, 1, 0, 0, 108, 1, 0, 0, 109, 1, 0, 0, 110, 1, 0, 0, 111, 1, 0, 0, 112, 1, 0, 0, 113, 1, 0, 0, 114, 1, 0, 0, 115, 1, 0, 0, 116, 1, 0, 0, 117, 1, 0, 0, 118, 1, 0, 0, 119, 1, 0, 0, 120, 1, 0, 0, 121, 1, 0, 0, 122, 1, 0, 0, 123, 1, 0, 0, 124, 1, 0, 0, 125, 1, 0, 0, 126, 1, 0, 0, 127, 1, 0, 0, 128, 1, 0, 0, 129, 1, 0, 0, 130, 1, 0, 0, 131, 1, 0, 0, 132, 1, 0, 0, 133, 1, 0, 0, 134, 1, 0, 0, 135, 1, 0, 0, 136, 1, 0, 0, 137, 1, 0, 0, 138, 1, 0, 0, 139, 1, 0, 0, 140, 1, 0, 0, 141, 1, 0, 0, 142, 1, 0, 0, 143, 1, 0, 0, 144, 1, 0, 0, 145, 1, 0, 0, 146, 1, 0, 0, 147, 1, 0, 0, 148, 1, 0, 0, 149, 1, 0, 0, 150, 1, 0, 0, 151, 1, 0, 0, 152, 1, 0, 0, 153, 1, 0, 0, 154, 1, 0, 0, 155, 1, 0, 0, 156, 1, 0, 0, 157, 1, 0, 0, 158, 1, 0, 0, 159, 1, 0, 0, 160, 1, 0, 0, 161, 1, 0, 0, 162, 1, 0, 0, 163, 1, 0, 0, 164, 1, 0, 0, 165, 1, 0, 0, 166, 1, 0, 0, 167, 1, 0, 0, 168, 1, 0, 0, 169, 1, 0, 0, 170, 1, 0, 0, 171, 1, 0, 0, 172, 1, 0, 0, 173, 1, 0, 0, 174, 1, 0, 0, 175, 1, 0, 0, 176, 1, 0, 0, 177, 1, 0, 0, 178, 1, 0, 0, 179, 1, 0, 0, 180, 1, 0, 0, 181, 1, 0, 0, 182, 1, 0, 0, 183, 1, 0, 0, 184, 1, 0, 0, 185, 1, 0, 0, 186, 1, 0, 0, 187, 1, 0, 0, 188, 1, 0, 0, 189, 1, 0, 0, 190, 1, 0, 0, 191, 1, 0, 0, 192, 1, 0, 0, 193, 1, 0, 0, 194, 1, 0, 0, 195, 1, 0, 0, 196, 1, 0, 0, 197, 1, 0, 0, 198, 1, 0, 0, 199, 1, 0, 0, 200, 1, 0, 0, 201, 1, 0, 0, 202, 1, 0, 0, 203, 1, 0, 0, 204, 1, 0, 0, 205, 1, 0, 0, 206, 1, 0, 0, 207, 1, 0, 0, 208, 1, 0, 0, 209, 1, 0, 0, 210, 1, 0, 0, 211, 1, 0, 0, 212, 1, 0, 0, 213, 1, 0, 0, 214, 1, 0, 0, 215, 1, 0, 0, 216, 1, 0, 0, 217, 1, 0, 0, 218, 1, 0, 0, 219, 1, 0, 0, 220, 1, 0, 0, 221, 1, 0, 0, 222, 1, 0, 0, 223, 1, 0, 0, 224, 1, 0, 0, 225, 1, 0, 0, 226, 1, 0, 0, 227, 1, 0, 0, 228, 1, 0, 0, 229, 1, 0, 0, 230, 1, 0, 0, 231, 1, 0, 0, 232, 1, 0, 0, 233, 1, 0, 0, 234, 1, 0, 0, 235, 1, 0, 0, 236, 1, 0, 0, 237, 1, 0, 0, 238, 1, 0, 0, 239, 1, 0, 0, 240, 1, 0, 0, 241, 1, 0, 0, 242, 1, 0, 0, 243, 1, 0, 0, 244, 1, 0, 0, 245, 1, 0, 0, 246, 1, 0, 0, 247, 1, 0, 0, 248, 1, 0, 0, 249, 1, 0, 0, 250, 1, 0, 0, 251, 1, 0, 0, 252, 1, 0, 0, 253, 1, 0, 0, 254, 1, 0, 0, 255, 1, 0, 0, 0, 2, 0, 0, 1, 2, 0, 0, 2, 2, 0, 0, 3, 2, 0, 0, 4, 2, 0, 0, 5, 2, 0, 0, 6, 2, 0, 0, 7, 2, 0, 0, 8, 2, 0, 0, 9, 2, 0, 0, 10, 2, 0, 0, 11, 2, 0, 0, 12, 2, 0, 0, 13, 2, 0, 0, 14, 2, 0, 0, 15, 2, 0, 0, 16, 2, 0, 0, 17, 2, 0, 0, 18, 2, 0, 0, 19, 2, 0, 0, 20, 2, 0, 0, 21, 2, 0, 0, 22, 2, 0, 0, 23, 2, 0, 0, 24, 2, 0, 0, 25, 2, 0, 0, 26, 2, 0, 0, 27, 2, 0, 0, 28, 2, 0, 0, 29, 2, 0, 0, 30, 2, 0, 0, 31, 2, 0, 0, 32, 2, 0, 0, 33, 2, 0, 0, 34, 2, 0, 0, 35, 2, 0, 0, 36, 2, 0, 0, 37, 2, 0, 0, 38, 2, 0, 0, 39, 2, 0, 0, 40, 2, 0, 0, 41, 2, 0, 0, 42, 2, 0, 0, 43, 2, 0, 0, 44, 2, 0, 0, 45, 2, 0, 0, 46, 2, 0, 0, 47, 2, 0, 0, 48, 2, 0, 0, 49, 2, 0, 0, 50, 2, 0, 0, 51, 2, 0, 0, 52, 2, 0, 0, 53, 2, 0, 0, 54, 2, 0, 0, 55, 2, 0, 0, 56, 2, 0, 0, 57, 2, 0, 0, 58, 2, 0, 0, 59, 2, 0, 0, 60, 2, 0, 0, 61, 2, 0, 0, 62, 2, 0, 0, 63, 2, 0, 0, 64, 2, 0, 0, 65, 2, 0, 0, 66, 2, 0, 0, 67, 2, 0, 0, 68, 2, 0, 0, 69, 2, 0, 0, 70, 2, 0, 0, 71, 2, 0, 0, 72, 2, 0, 0, 73, 2, 0, 0, 74, 2, 0, 0, 75, 2, 0, 0, 76, 2, 0, 0, 77, 2, 0, 0, 78, 2, 0, 0, 79, 2, 0, 0, 80, 2, 0, 0, 81, 2, 0, 0, 82, 2, 0, 0, 83, 2, 0, 0, 84, 2, 0, 0, 85, 2, 0, 0, 86, 2, 0, 0, 87, 2, 0, 0, 88, 2, 0, 0, 89, 2, 0, 0, 90, 2, 0, 0, 91, 2, 0, 0, 92, 2, 0, 0, 93, 2, 0, 0, 94, 2, 0, 0, 95, 2, 0, 0, 96, 2, 0, 0, 97, 2, 0, 0, 98, 2, 0, 0, 99, 2, 0, 0, 100, 2, 0, 0, 101, 2, 0, 0, 102, 2, 0, 0, 103, 2, 0, 0, 104, 2, 0, 0, 105, 2, 0, 0, 106, 2, 0, 0, 107, 2, 0, 0, 108, 2, 0, 0, 109, 2, 0, 0, 110, 2, 0, 0, 111, 2, 0, 0, 112, 2, 0, 0, 113, 2, 0, 0, 114, 2, 0, 0, 115, 2, 0, 0, 116, 2, 0, 0, 117, 2, 0, 0, 118, 2, 0, 0, 119, 2, 0, 0, 120, 2, 0, 0, 121, 2, 0, 0, 122, 2, 0, 0, 123, 2, 0, 0, 124, 2, 0, 0, 125, 2, 0, 0, 126, 2, 0, 0, 127, 2, 0, 0, 128, 2, 0, 0, 129, 2, 0, 0, 130, 2, 0, 0, 131, 2, 0, 0, 132, 2, 0, 0, 133, 2, 0, 0, 134, 2, 0, 0, 135, 2, 0, 0, 136, 2, 0, 0, 137, 2, 0, 0, 138, 2, 0, 0, 139, 2, 0, 0, 140, 2, 0, 0, 141, 2, 0, 0, 142, 2, 0, 0, 143, 2, 0, 0, 144, 2, 0, 0, 145, 2, 0, 0, 146, 2, 0, 0, 147, 2, 0, 0, 148, 2, 0, 0, 149, 2, 0, 0, 150, 2, 0, 0, 151, 2, 0, 0, 152, 2, 0, 0, 153, 2, 0, 0, 154, 2, 0, 0, 155, 2, 0, 0, 156, 2, 0, 0, 157, 2, 0, 0, 158, 2, 0, 0, 159, 2, 0, 0, 160, 2, 0, 0, 161, 2, 0, 0, 162, 2, 0, 0, 163, 2, 0, 0, 164, 2, 0, 0, 165, 2, 0, 0, 166, 2, 0, 0, 167, 2, 0, 0, 168, 2, 0, 0, 169, 2, 0, 0, 170, 2, 0, 0, 171, 2, 0, 0, 172, 2, 0, 0, 173, 2, 0, 0, 174, 2, 0, 0, 175, 2, 0, 0, 176, 2, 0, 0, 177, 2, 0, 0, 178, 2, 0, 0, 179, 2, 0, 0, 180, 2, 0, 0, 181, 2, 0, 0, 182, 2, 0, 0, 183, 2, 0, 0, 184, 2, 0, 0, 185, 2, 0, 0, 186, 2, 0, 0, 187, 2, 0, 0, 188, 2, 0, 0, 189, 2, 0, 0, 190, 2, 0, 0, 191, 2, 0, 0, 192, 2, 0, 0, 193, 2, 0, 0, 194, 2, 0, 0, 195, 2, 0, 0, 196, 2, 0, 0, 197, 2, 0, 0, 198, 2, 0, 0, 199, 2, 0, 0, 200, 2, 0, 0, 201, 2, 0, 0, 202, 2, 0, 0, 203, 2, 0, 0, 204, 2, 0, 0, 205, 2, 0, 0, 206, 2, 0, 0, 207, 2, 0, 0, 208, 2, 0, 0, 209, 2, 0, 0, 210, 2, 0, 0, 211, 2, 0, 0, 212, 2, 0, 0, 213, 2, 0, 0, 214, 2, 0, 0, 215, 2, 0, 0, 216, 2, 0, 0, 217, 2, 0, 0, 218, 2, 0, 0, 219, 2, 0, 0, 21, 0, 21, 182, 14, 21, 192, 14, 44, 21, 182, 11, 21, 16, 21, 6, 21, 6, 28, 54, 0, 40, 4, 219, 2, 0, 0, 24, 4, 1, 0, 0, 0, 17, 17, 0, 0, 0, 155, 7, 244, 154, 3, 10, 127, 0, 4, 32, 192, 0, 4, 20, 96, 192, 1, 8, 36, 160, 192, 2, 12, 52, 224, 192, 3, 16, 68, 32, 193, 4, 20, 84, 96, 193, 5, 24, 100, 160, 193, 6, 28, 116, 224, 193, 7, 32, 132, 32, 194, 8, 36, 148, 96, 194, 9, 40, 164, 160, 194, 10, 44, 180, 224, 194, 11, 48, 196, 32, 195, 12, 52, 212, 96, 195, 13, 56, 228, 160, 195, 14, 60, 244, 224, 195, 15, 64, 4, 33, 196, 16, 68, 20, 97, 196, 17, 72, 36, 161, 196, 18, 76, 52, 225, 196, 19, 80, 68, 33, 197, 20, 84, 84, 97, 197, 21, 88, 100, 161, 197, 22, 92, 116, 225, 197, 23, 96, 132, 33, 198, 24, 100, 148, 97, 198, 25, 104, 164, 161, 198, 26, 108, 180, 225, 198, 27, 112, 196, 33, 199, 28, 116, 212, 97, 199, 29, 120, 228, 161, 199, 30, 124, 244, 225, 199, 31, 128, 4, 34, 200, 32, 132, 20, 98, 200, 33, 136, 36, 162, 200, 34, 140, 52, 226, 200, 35, 144, 68, 34, 201, 36, 148, 84, 98, 201, 37, 152, 100, 162, 201, 38, 156, 116, 226, 201, 39, 160, 132, 34, 202, 40, 164, 148, 98, 202, 41, 168, 164, 162, 202, 42, 172, 180, 226, 202, 43, 176, 196, 34, 203, 44, 180, 212, 98, 203, 45, 184, 228, 162, 203, 46, 188, 244, 226, 203, 47, 192, 4, 35, 204, 48, 196, 20, 99, 204, 49, 200, 36, 163, 204, 50, 204, 52, 227, 204, 51, 208, 68, 35, 205, 52, 212, 84, 99, 205, 53, 216, 100, 163, 205, 54, 220, 116, 227, 205, 55, 224, 132, 35, 206, 56, 228, 148, 99, 206, 57, 232, 164, 163, 206, 58, 236, 180, 227, 206, 59, 240, 196, 35, 207, 60, 244, 212, 99, 207, 61, 248, 228, 163, 207, 62, 252, 244, 227, 207, 63, 0, 5, 36, 208, 64, 4, 21, 100, 208, 65, 8, 37, 164, 208, 66, 12, 53, 228, 208, 67, 16, 69, 36, 209, 68, 20, 85, 100, 209, 69, 24, 101, 164, 209, 70, 28, 117, 228, 209, 71, 32, 133, 36, 210, 72, 36, 149, 100, 210, 73, 40, 165, 164, 210, 74, 44, 181, 228, 210, 75, 48, 197, 36, 211, 76, 52, 213, 100, 211, 77, 56, 229, 164, 211, 78, 60, 245, 228, 211, 79, 64, 5, 37, 212, 80, 68, 21, 101, 212, 81, 72, 37, 165, 212, 82, 76, 53, 229, 212, 83, 80, 69, 37, 213, 84, 84, 85, 101, 213, 85, 88, 101, 165, 213, 86, 92, 117, 229, 213, 87, 96, 133, 37, 214, 88, 100, 149, 101, 214, 89, 104, 165, 165, 214, 90, 108, 181, 229, 214, 91, 112, 197, 37, 215, 92, 116, 213, 101, 215, 93, 120, 229, 165, 215, 94, 124, 245, 229, 215, 95, 128, 5, 38, 216, 96, 132, 21, 102, 216, 97, 136, 37, 166, 216, 98, 140, 53, 230, 216, 99, 144, 69, 38, 217, 100, 148, 85, 102, 217, 101, 152, 101, 166, 217, 102, 156, 117, 230, 217, 103, 160, 133, 38, 218, 104, 164, 149, 102, 218, 105, 168, 165, 166, 218, 106, 172, 181, 230, 218, 107, 176, 197, 38, 219, 108, 180, 213, 102, 219, 109, 184, 229, 166, 219, 110, 188, 245, 230, 219, 111, 192, 5, 39, 220, 112, 196, 21, 103, 220, 113, 200, 37, 167, 220, 114, 204, 53, 231, 220, 115, 208, 69, 39, 221, 116, 212, 85, 103, 221, 117, 216, 101, 167, 221, 118, 220, 117, 231, 221, 119, 224, 133, 39, 222, 120, 228, 149, 103, 222, 121, 232, 165, 167, 222, 122, 236, 181, 231, 222, 123, 240, 197, 39, 223, 124, 244, 213, 103, 223, 125, 59, 248, 229, 167, 223, 126, 252, 245, 231, 223, 127, 0, 6, 40, 224, 128, 4, 22, 104, 224, 129, 8, 38, 168, 224, 130, 12, 54, 232, 224, 131, 16, 70, 40, 225, 132, 20, 86, 104, 225, 133, 24, 102, 168, 225, 134, 28, 118, 232, 225, 135, 32, 134, 40, 226, 136, 36, 150, 104, 226, 137, 40, 166, 168, 226, 138, 44, 182, 232, 226, 139, 48, 198, 40, 227, 140, 52, 214, 104, 227, 141, 56, 230, 168, 227, 142, 60, 246, 232, 227, 143, 64, 6, 41, 228, 144, 68, 22, 105, 228, 145, 72, 38, 169, 228, 146, 76, 54, 233, 228, 147, 80, 70, 41, 229, 148, 84, 86, 105, 229, 149, 88, 102, 169, 229, 150, 92, 118, 233, 229, 151, 96, 134, 41, 230, 152, 100, 150, 105, 230, 153, 104, 166, 169, 230, 154, 108, 182, 233, 230, 155, 112, 198, 41, 231, 156, 116, 214, 105, 231, 157, 120, 230, 169, 231, 158, 124, 246, 233, 231, 159, 128, 6, 42, 232, 160, 132, 22, 106, 232, 161, 136, 38, 170, 232, 162, 140, 54, 234, 232, 163, 144, 70, 42, 233, 164, 148, 86, 106, 233, 165, 152, 102, 170, 233, 166, 156, 118, 234, 233, 167, 160, 134, 42, 234, 168, 164, 150, 106, 234, 169, 168, 166, 170, 234, 170, 172, 182, 234, 234, 171, 176, 198, 42, 235, 172, 180, 214, 106, 235, 173, 184, 230, 170, 235, 174, 188, 246, 234, 235, 175, 192, 6, 43, 236, 176, 196, 22, 107, 236, 177, 200, 38, 171, 236, 178, 204, 54, 235, 236, 179, 208, 70, 43, 237, 180, 212, 86, 107, 237, 181, 216, 102, 171, 45, 0, 0, 0, 0, 0, 0, 21, 4, 21, 240, 22, 21, 250, 22, 76, 21, 220, 5, 21, 0, 18, 0, 0, 184, 11, 244, 183, 5, 1, 0, 0, 0, 2, 0, 0, 0, 3, 0, 0, 0, 4, 0, 0, 0, 5, 0, 0, 0, 6, 0, 0, 0, 7, 0, 0, 0, 8, 0, 0, 0, 9, 0, 0, 0, 10, 0, 0, 0, 11, 0, 0, 0, 12, 0, 0, 0, 13, 0, 0, 0, 14, 0, 0, 0, 15, 0, 0, 0, 16, 0, 0, 0, 17, 0, 0, 0, 18, 0, 0, 0, 19, 0, 0, 0, 20, 0, 0, 0, 21, 0, 0, 0, 22, 0, 0, 0, 23, 0, 0, 0, 24, 0, 0, 0, 25, 0, 0, 0, 26, 0, 0, 0, 27, 0, 0, 0, 28, 0, 0, 0, 29, 0, 0, 0, 30, 0, 0, 0, 31, 0, 0, 0, 32, 0, 0, 0, 33, 0, 0, 0, 34, 0, 0, 0, 35, 0, 0, 0, 36, 0, 0, 0, 37, 0, 0, 0, 38, 0, 0, 0, 39, 0, 0, 0, 40, 0, 0, 0, 41, 0, 0, 0, 42, 0, 0, 0, 43, 0, 0, 0, 44, 0, 0, 0, 45, 0, 0, 0, 46, 0, 0, 0, 47, 0, 0, 0, 48, 0, 0, 0, 49, 0, 0, 0, 50, 0, 0, 0, 51, 0, 0, 0, 52, 0, 0, 0, 53, 0, 0, 0, 54, 0, 0, 0, 55, 0, 0, 0, 56, 0, 0, 0, 57, 0, 0, 0, 58, 0, 0, 0, 59, 0, 0, 0, 60, 0, 0, 0, 61, 0, 0, 0, 62, 0, 0, 0, 63, 0, 0, 0, 64, 0, 0, 0, 65, 0, 0, 0, 66, 0, 0, 0, 67, 0, 0, 0, 68, 0, 0, 0, 69, 0, 0, 0, 70, 0, 0, 0, 71, 0, 0, 0, 72, 0, 0, 0, 73, 0, 0, 0, 74, 0, 0, 0, 75, 0, 0, 0, 76, 0, 0, 0, 77, 0, 0, 0, 78, 0, 0, 0, 79, 0, 0, 0, 80, 0, 0, 0, 81, 0, 0, 0, 82, 0, 0, 0, 83, 0, 0, 0, 84, 0, 0, 0, 85, 0, 0, 0, 86, 0, 0, 0, 87, 0, 0, 0, 88, 0, 0, 0, 89, 0, 0, 0, 90, 0, 0, 0, 91, 0, 0, 0, 92, 0, 0, 0, 93, 0, 0, 0, 94, 0, 0, 0, 95, 0, 0, 0, 96, 0, 0, 0, 97, 0, 0, 0, 98, 0, 0, 0, 99, 0, 0, 0, 100, 0, 0, 0, 101, 0, 0, 0, 102, 0, 0, 0, 103, 0, 0, 0, 104, 0, 0, 0, 105, 0, 0, 0, 106, 0, 0, 0, 107, 0, 0, 0, 108, 0, 0, 0, 109, 0, 0, 0, 110, 0, 0, 0, 111, 0, 0, 0, 112, 0, 0, 0, 113, 0, 0, 0, 114, 0, 0, 0, 115, 0, 0, 0, 116, 0, 0, 0, 117, 0, 0, 0, 118, 0, 0, 0, 119, 0, 0, 0, 120, 0, 0, 0, 121, 0, 0, 0, 122, 0, 0, 0, 123, 0, 0, 0, 124, 0, 0, 0, 125, 0, 0, 0, 126, 0, 0, 0, 127, 0, 0, 0, 128, 0, 0, 0, 129, 0, 0, 0, 130, 0, 0, 0, 131, 0, 0, 0, 132, 0, 0, 0, 133, 0, 0, 0, 134, 0, 0, 0, 135, 0, 0, 0, 136, 0, 0, 0, 137, 0, 0, 0, 138, 0, 0, 0, 139, 0, 0, 0, 140, 0, 0, 0, 141, 0, 0, 0, 142, 0, 0, 0, 143, 0, 0, 0, 144, 0, 0, 0, 145, 0, 0, 0, 146, 0, 0, 0, 147, 0, 0, 0, 148, 0, 0, 0, 149, 0, 0, 0, 150, 0, 0, 0, 151, 0, 0, 0, 152, 0, 0, 0, 153, 0, 0, 0, 154, 0, 0, 0, 155, 0, 0, 0, 156, 0, 0, 0, 157, 0, 0, 0, 158, 0, 0, 0, 159, 0, 0, 0, 160, 0, 0, 0, 161, 0, 0, 0, 162, 0, 0, 0, 163, 0, 0, 0, 164, 0, 0, 0, 165, 0, 0, 0, 166, 0, 0, 0, 167, 0, 0, 0, 168, 0, 0, 0, 169, 0, 0, 0, 170, 0, 0, 0, 171, 0, 0, 0, 172, 0, 0, 0, 173, 0, 0, 0, 174, 0, 0, 0, 175, 0, 0, 0, 176, 0, 0, 0, 177, 0, 0, 0, 178, 0, 0, 0, 179, 0, 0, 0, 180, 0, 0, 0, 181, 0, 0, 0, 182, 0, 0, 0, 183, 0, 0, 0, 184, 0, 0, 0, 185, 0, 0, 0, 186, 0, 0, 0, 187, 0, 0, 0, 188, 0, 0, 0, 189, 0, 0, 0, 190, 0, 0, 0, 191, 0, 0, 0, 192, 0, 0, 0, 193, 0, 0, 0, 194, 0, 0, 0, 195, 0, 0, 0, 196, 0, 0, 0, 197, 0, 0, 0, 198, 0, 0, 0, 199, 0, 0, 0, 200, 0, 0, 0, 201, 0, 0, 0, 202, 0, 0, 0, 203, 0, 0, 0, 204, 0, 0, 0, 205, 0, 0, 0, 206, 0, 0, 0, 207, 0, 0, 0, 208, 0, 0, 0, 209, 0, 0, 0, 210, 0, 0, 0, 211, 0, 0, 0, 212, 0, 0, 0, 213, 0, 0, 0, 214, 0, 0, 0, 215, 0, 0, 0, 216, 0, 0, 0, 217, 0, 0, 0, 218, 0, 0, 0, 219, 0, 0, 0, 220, 0, 0, 0, 221, 0, 0, 0, 222, 0, 0, 0, 223, 0, 0, 0, 224, 0, 0, 0, 225, 0, 0, 0, 226, 0, 0, 0, 227, 0, 0, 0, 228, 0, 0, 0, 229, 0, 0, 0, 230, 0, 0, 0, 231, 0, 0, 0, 232, 0, 0, 0, 233, 0, 0, 0, 234, 0, 0, 0, 235, 0, 0, 0, 236, 0, 0, 0, 237, 0, 0, 0, 238, 0, 0, 0, 239, 0, 0, 0, 240, 0, 0, 0, 241, 0, 0, 0, 242, 0, 0, 0, 243, 0, 0, 0, 244, 0, 0, 0, 245, 0, 0, 0, 246, 0, 0, 0, 247, 0, 0, 0, 248, 0, 0, 0, 249, 0, 0, 0, 250, 0, 0, 0, 251, 0, 0, 0, 252, 0, 0, 0, 253, 0, 0, 0, 254, 0, 0, 0, 255, 0, 0, 0, 0, 1, 0, 0, 1, 1, 0, 0, 2, 1, 0, 0, 3, 1, 0, 0, 4, 1, 0, 0, 5, 1, 0, 0, 6, 1, 0, 0, 7, 1, 0, 0, 8, 1, 0, 0, 9, 1, 0, 0, 10, 1, 0, 0, 11, 1, 0, 0, 12, 1, 0, 0, 13, 1, 0, 0, 14, 1, 0, 0, 15, 1, 0, 0, 16, 1, 0, 0, 17, 1, 0, 0, 18, 1, 0, 0, 19, 1, 0, 0, 20, 1, 0, 0, 21, 1, 0, 0, 22, 1, 0, 0, 23, 1, 0, 0, 24, 1, 0, 0, 25, 1, 0, 0, 26, 1, 0, 0, 27, 1, 0, 0, 28, 1, 0, 0, 29, 1, 0, 0, 30, 1, 0, 0, 31, 1, 0, 0, 32, 1, 0, 0, 33, 1, 0, 0, 34, 1, 0, 0, 35, 1, 0, 0, 36, 1, 0, 0, 37, 1, 0, 0, 38, 1, 0, 0, 39, 1, 0, 0, 40, 1, 0, 0, 41, 1, 0, 0, 42, 1, 0, 0, 43, 1, 0, 0, 44, 1, 0, 0, 45, 1, 0, 0, 46, 1, 0, 0, 47, 1, 0, 0, 48, 1, 0, 0, 49, 1, 0, 0, 50, 1, 0, 0, 51, 1, 0, 0, 52, 1, 0, 0, 53, 1, 0, 0, 54, 1, 0, 0, 55, 1, 0, 0, 56, 1, 0, 0, 57, 1, 0, 0, 58, 1, 0, 0, 59, 1, 0, 0, 60, 1, 0, 0, 61, 1, 0, 0, 62, 1, 0, 0, 63, 1, 0, 0, 64, 1, 0, 0, 65, 1, 0, 0, 66, 1, 0, 0, 67, 1, 0, 0, 68, 1, 0, 0, 69, 1, 0, 0, 70, 1, 0, 0, 71, 1, 0, 0, 72, 1, 0, 0, 73, 1, 0, 0, 74, 1, 0, 0, 75, 1, 0, 0, 76, 1, 0, 0, 77, 1, 0, 0, 78, 1, 0, 0, 79, 1, 0, 0, 80, 1, 0, 0, 81, 1, 0, 0, 82, 1, 0, 0, 83, 1, 0, 0, 84, 1, 0, 0, 85, 1, 0, 0, 86, 1, 0, 0, 87, 1, 0, 0, 88, 1, 0, 0, 89, 1, 0, 0, 90, 1, 0, 0, 91, 1, 0, 0, 92, 1, 0, 0, 93, 1, 0, 0, 94, 1, 0, 0, 95, 1, 0, 0, 96, 1, 0, 0, 97, 1, 0, 0, 98, 1, 0, 0, 99, 1, 0, 0, 100, 1, 0, 0, 101, 1, 0, 0, 102, 1, 0, 0, 103, 1, 0, 0, 104, 1, 0, 0, 105, 1, 0, 0, 106, 1, 0, 0, 107, 1, 0, 0, 108, 1, 0, 0, 109, 1, 0, 0, 110, 1, 0, 0, 21, 0, 21, 254, 12, 21, 136, 13, 44, 21, 182, 11, 21, 16, 21, 6, 21, 6, 28, 54, 0, 40, 4, 110, 1, 0, 0, 24, 4, 1, 0, 0, 0, 17, 17, 0, 0, 0, 191, 6, 244, 62, 3, 9, 127, 0, 2, 8, 24, 64, 160, 128, 129, 3, 8, 18, 40, 88, 192, 160, 129, 131, 7, 16, 34, 72, 152, 64, 161, 130, 133, 11, 24, 50, 104, 216, 192, 161, 131, 135, 15, 32, 66, 136, 24, 65, 162, 132, 137, 19, 40, 82, 168, 88, 193, 162, 133, 139, 23, 48, 98, 200, 152, 65, 163, 134, 141, 27, 56, 114, 232, 216, 193, 163, 135, 143, 31, 64, 130, 8, 25, 66, 164, 136, 145, 35, 72, 146, 40, 89, 194, 164, 137, 147, 39, 80, 162, 72, 153, 66, 165, 138, 149, 43, 88, 178, 104, 217, 194, 165, 139, 151, 47, 96, 194, 136, 25, 67, 166, 140, 153, 51, 104, 210, 168, 89, 195, 166, 141, 155, 55, 112, 226, 200, 153, 67, 167, 142, 157, 59, 120, 242, 232, 217, 195, 167, 143, 159, 63, 128, 2, 9, 26, 68, 168, 144, 161, 67, 136, 18, 41, 90, 196, 168, 145, 163, 71, 144, 34, 73, 154, 68, 169, 146, 165, 75, 152, 50, 105, 218, 196, 169, 147, 167, 79, 160, 66, 137, 26, 69, 170, 148, 169, 83, 168, 82, 169, 90, 197, 170, 149, 171, 87, 176, 98, 201, 154, 69, 171, 150, 173, 91, 184, 114, 233, 218, 197, 171, 151, 175, 95, 192, 130, 9, 27, 70, 172, 152, 177, 99, 200, 146, 41, 91, 198, 172, 153, 179, 103, 208, 162, 73, 155, 70, 173, 154, 181, 107, 216, 178, 105, 219, 198, 173, 155, 183, 111, 224, 194, 137, 27, 71, 174, 156, 185, 115, 232, 210, 169, 91, 199, 174, 157, 187, 119, 240, 226, 201, 155, 71, 175, 158, 189, 123, 248, 242, 233, 219, 199, 175, 159, 191, 127, 0, 3, 10, 28, 72, 176, 160, 193, 131, 8, 19, 42, 92, 200, 176, 161, 195, 135, 16, 35, 74, 156, 72, 177, 162, 197, 139, 24, 51, 106, 220, 200, 177, 163, 199, 143, 32, 67, 138, 28, 73, 178, 164, 201, 147, 40, 83, 170, 92, 201, 178, 165, 203, 151, 48, 99, 202, 156, 73, 179, 166, 205, 155, 56, 115, 234, 220, 201, 179, 167, 207, 159, 64, 131, 10, 29, 74, 180, 168, 209, 163, 72, 147, 42, 93, 202, 180, 169, 211, 167, 80, 163, 74, 157, 74, 181, 170, 213, 171, 88, 179, 106, 221, 202, 181, 171, 215, 175, 96, 195, 138, 29, 75, 182, 172, 217, 179, 104, 211, 170, 93, 203, 22, 64, 0, 1, 3, 8, 20, 48, 112, 0, 65, 2, 5, 11, 24, 52, 112, 240, 0, 66, 4, 9, 19, 40, 84, 176, 112, 1, 67, 6, 13, 27, 56, 116, 240, 240, 1, 68, 8, 17, 35, 72, 148, 48, 113, 2, 69, 10, 21, 43, 88, 180, 112, 241, 2, 70, 12, 25, 51, 104, 212, 176, 113, 3, 71, 14, 29, 59, 120, 244, 240, 241, 3, 72, 16, 33, 67, 136, 20, 49, 114, 4, 73, 18, 37, 75, 152, 52, 113, 242, 4, 74, 20, 41, 83, 168, 84, 177, 114, 5, 75, 22, 45, 91, 184, 116, 241, 242, 5, 76, 24, 49, 99, 200, 148, 49, 115, 6, 77, 26, 53, 107, 216, 180, 113, 243, 6, 78, 28, 57, 115, 232, 212, 177, 115, 7, 79, 30, 61, 123, 248, 244, 241, 243, 7, 80, 32, 65, 131, 8, 21, 50, 116, 8, 81, 34, 69, 59, 139, 24, 53, 114, 244, 8, 82, 36, 73, 147, 40, 85, 178, 116, 9, 83, 38, 77, 155, 56, 117, 242, 244, 9, 84, 40, 81, 163, 72, 149, 50, 117, 10, 85, 42, 85, 171, 88, 181, 114, 245, 10, 86, 44, 89, 179, 104, 213, 178, 117, 11, 87, 46, 93, 187, 120, 245, 242, 245, 11, 88, 48, 97, 195, 136, 21, 51, 118, 12, 89, 50, 101, 203, 152, 53, 115, 246, 12, 90, 52, 105, 211, 168, 85, 179, 118, 13, 91, 54, 109, 219, 184, 117, 243, 246, 13, 92, 56, 113, 227, 200, 149, 51, 119, 14, 93, 58, 117, 235, 216, 181, 115, 247, 14, 94, 60, 121, 243, 232, 213, 179, 119, 15, 95, 62, 125, 251, 248, 245, 243, 247, 15, 96, 64, 129, 3, 9, 22, 52, 120, 16, 97, 66, 133, 11, 25, 54, 116, 248, 16, 98, 68, 137, 19, 41, 86, 180, 120, 17, 99, 70, 141, 27, 57, 118, 244, 248, 17, 100, 72, 145, 35, 73, 150, 52, 121, 18, 101, 74, 149, 43, 89, 182, 116, 249, 18, 102, 76, 153, 51, 105, 214, 180, 121, 19, 103, 78, 157, 59, 121, 246, 244, 249, 19, 104, 80, 161, 67, 137, 22, 53, 122, 20, 105, 82, 165, 75, 153, 54, 117, 250, 20, 106, 84, 169, 83, 169, 86, 181, 122, 21, 107, 86, 173, 91, 185, 118, 245, 250, 21, 108, 88, 177, 99, 201, 150, 53, 123, 22, 109, 90, 181, 107, 217, 182, 5, 0, 0, 0, 0, 0, 21, 4, 21, 96, 21, 100, 76, 21, 24, 21, 0, 18, 0, 0, 48, 188, 1, 0, 0, 0, 2, 0, 0, 0, 3, 0, 0, 0, 4, 0, 0, 0, 5, 0, 0, 0, 6, 0, 0, 0, 7, 0, 0, 0, 8, 0, 0, 0, 9, 0, 0, 0, 10, 0, 0, 0, 11, 0, 0, 0, 12, 0, 0, 0, 21, 0, 21, 98, 21, 66, 44, 21, 182, 11, 21, 16, 21, 6, 21, 6, 28, 54, 0, 40, 4, 12, 0, 0, 0, 24, 4, 1, 0, 0, 0, 17, 17, 0, 0, 0, 49, 108, 4, 62, 0, 56, 1, 62, 2, 60, 3, 62, 4, 60, 5, 62, 6, 62, 7, 60, 8, 62, 9, 60, 10, 62, 11, 62, 0, 58, 82, 24, 0, 21, 4, 21, 248, 1, 21, 254, 1, 76, 21, 62, 21, 0, 18, 0, 0, 124, 240, 123, 1, 0, 0, 0, 2, 0, 0, 0, 3, 0, 0, 0, 4, 0, 0, 0, 5, 0, 0, 0, 6, 0, 0, 0, 7, 0, 0, 0, 8, 0, 0, 0, 9, 0, 0, 0, 10, 0, 0, 0, 11, 0, 0, 0, 12, 0, 0, 0, 13, 0, 0, 0, 14, 0, 0, 0, 15, 0, 0, 0, 16, 0, 0, 0, 17, 0, 0, 0, 18, 0, 0, 0, 19, 0, 0, 0, 20, 0, 0, 0, 21, 0, 0, 0, 22, 0, 0, 0, 23, 0, 0, 0, 24, 0, 0, 0, 25, 0, 0, 0, 26, 0, 0, 0, 27, 0, 0, 0, 28, 0, 0, 0, 29, 0, 0, 0, 30, 0, 0, 0, 31, 0, 0, 0, 21, 0, 21, 158, 7, 21, 206, 3, 44, 21, 182, 11, 21, 16, 21, 6, 21, 6, 28, 54, 0, 40, 4, 31, 0, 0, 0, 24, 4, 1, 0, 0, 0, 17, 17, 0, 0, 0, 207, 3, 240, 76, 5, 127, 32, 136, 65, 138, 57, 40, 169, 197, 154, 123, 48, 202, 73, 171, 189, 56, 235, 205, 187, 7, 65, 12, 82, 204, 65, 73, 45, 214, 220, 131, 81, 78, 90, 237, 197, 89, 111, 16, 196, 32, 197, 28, 148, 212, 98, 205, 61, 24, 229, 164, 213, 94, 156, 245, 230, 221, 131, 32, 6, 41, 230, 160, 164, 22, 107, 238, 193, 40, 39, 173, 246, 226, 172, 55, 239, 146, 75, 0, 240, 79, 222, 65, 16, 131, 20, 115, 80, 82, 139, 53, 247, 96, 148, 147, 86, 123, 113, 214, 155, 119, 15, 130, 24, 164, 152, 131, 146, 90, 172, 185, 7, 163, 156, 180, 218, 139, 179, 222, 188, 123, 16, 196, 32, 197, 28, 148, 212, 98, 205, 61, 24, 229, 164, 213, 94, 156, 245, 230, 29, 4, 49, 72, 49, 7, 37, 181, 88, 115, 15, 70, 57, 105, 181, 23, 103, 189, 121, 247, 32, 136, 62, 190, 0, 76, 59, 8, 98, 144, 98, 14, 74, 106, 177, 230, 30, 140, 114, 210, 106, 47, 206, 122, 243, 238, 146, 115, 0, 0, 28, 194, 95, 0, 0, 59, 106, 96, 0, 150, 50, 1, 0, 30, 70, 116, 0, 0, 7, 66, 125, 1, 4, 222, 61, 70, 211, 0, 0, 14, 74, 50, 1, 8, 0, 0, 0, 21, 4, 21, 24, 21, 28, 76, 21, 6, 21, 0, 18, 0, 0, 12, 44, 195, 7, 0, 0, 196, 7, 0, 0, 197, 7, 0, 0, 21, 0, 21, 20, 21, 24, 44, 21, 182, 11, 21, 16, 21, 6, 21, 6, 28, 54, 0, 40, 4, 197, 7, 0, 0, 24, 4, 195, 7, 0, 0, 17, 17, 0, 0, 0, 10, 36, 2, 162, 4, 0, 220, 5, 1, 184, 1, 2, 21, 4, 21, 224, 46, 21, 196, 46, 76, 21, 236, 5, 21, 0, 18, 0, 0, 176, 23, 32, 230, 208, 34, 219, 49, 216, 79, 61, 0, 13, 1, 60, 68, 139, 108, 231, 203, 58, 245, 60, 172, 28, 90, 100, 37, 226, 71, 61, 9, 16, 32, 37, 61, 22, 174, 71, 225, 126, 137, 74, 13, 16, 0, 53, 13, 8, 0, 85, 13, 8, 244, 105, 11, 69, 61, 163, 111, 201, 198, 104, 240, 112, 64, 4, 255, 15, 45, 9, 109, 144, 64, 51, 146, 138, 97, 140, 227, 140, 64, 79, 119, 204, 65, 233, 201, 149, 64, 103, 54, 50, 70, 43, 31, 168, 64, 232, 106, 217, 102, 18, 159, 166, 64, 113, 7, 90, 168, 107, 3, 164, 64, 147, 111, 144, 165, 161, 202, 133, 64, 105, 56, 175, 75, 121, 41, 129, 64, 211, 220, 22, 71, 132, 35, 118, 64, 89, 90, 132, 182, 230, 25, 118, 64, 173, 225, 237, 133, 119, 11, 142, 64, 78, 186, 110, 19, 193, 80, 157, 64, 248, 15, 77, 225, 144, 87, 178, 64, 119, 253, 171, 101, 160, 42, 157, 64, 146, 105, 49, 5, 92, 25, 163, 64, 229, 238, 180, 217, 182, 97, 167, 64, 207, 183, 128, 206, 88, 99, 157, 64, 158, 142, 140, 239, 8, 227, 145, 64, 62, 46, 43, 70, 79, 254, 119, 64, 85, 210, 231, 208, 201, 238, 118, 64, 61, 187, 58, 110, 1, 72, 145, 64, 110, 158, 232, 178, 95, 219, 159, 64, 60, 229, 94, 213, 212, 132, 119, 64, 167, 201, 149, 136, 91, 188, 118, 64, 126, 66, 175, 89, 230, 78, 117, 64, 146, 128, 150, 134, 75, 51, 117, 64, 62, 200, 173, 153, 15, 20, 119, 64, 109, 111, 224, 62, 9, 62, 130, 64, 154, 130, 31, 134, 11, 135, 176, 64, 206, 206, 199, 162, 78, 128, 174, 64, 176, 151, 123, 251, 165, 28, 157, 64, 244, 45, 204, 94, 66, 97, 141, 64, 60, 185, 90, 211, 102, 175, 160, 64, 179, 44, 55, 220, 120, 133, 121, 64, 123, 158, 196, 24, 151, 167, 124, 64, 215, 94, 74, 59, 39, 0, 132, 64, 73, 41, 239, 16, 127, 89, 158, 64, 118, 128, 144, 207, 94, 49, 154, 64, 212, 20, 138, 88, 247, 137, 165, 64, 228, 101, 222, 151, 199, 49, 179, 64, 98, 131, 29, 186, 161, 112, 167, 64, 79, 152, 20, 48, 33, 186, 147, 64, 196, 176, 82, 116, 215, 74, 125, 64, 18, 75, 20, 161, 162, 56, 139, 64, 124, 78, 92, 197, 161, 194, 176, 64, 218, 229, 1, 1, 105, 78, 155, 64, 92, 213, 238, 246, 91, 155, 123, 64, 76, 198, 24, 255, 46, 98, 117, 64, 18, 57, 133, 215, 1, 82, 115, 64, 236, 38, 172, 188, 82, 111, 113, 64, 86, 145, 163, 35, 174, 21, 167, 64, 29, 26, 83, 107, 151, 157, 118, 64, 68, 201, 163, 165, 165, 209, 134, 64, 243, 120, 84, 49, 34, 155, 118, 64, 142, 46, 248, 255, 48, 137, 116, 64, 226, 139, 67, 58, 133, 37, 115, 64, 214, 197, 138, 62, 117, 6, 112, 64, 105, 9, 85, 206, 137, 134, 107, 64, 143, 179, 48, 206, 131, 22, 106, 64, 101, 179, 220, 168, 39, 249, 105, 64, 140, 161, 87, 73, 187, 100, 108, 64, 139, 75, 206, 197, 0, 85, 130, 64, 73, 156, 242, 90, 24, 83, 123, 64, 57, 87, 178, 216, 132, 188, 136, 64, 105, 141, 62, 5, 12, 236, 134, 64, 187, 159, 28, 54, 179, 72, 131, 64, 109, 172, 150, 229, 6, 93, 147, 64, 197, 215, 143, 217, 219, 240, 110, 64, 216, 163, 58, 240, 19, 129, 163, 64, 199, 63, 19, 132, 182, 26, 145, 64, 0, 47, 41, 19, 164, 61, 114, 64, 120, 251, 141, 122, 73, 188, 112, 64, 76, 139, 86, 125, 171, 107, 107, 64, 117, 133, 157, 135, 241, 88, 106, 64, 209, 39, 78, 63, 237, 19, 148, 64, 198, 5, 217, 84, 160, 162, 159, 64, 68, 249, 216, 154, 225, 241, 132, 64, 51, 28, 158, 61, 123, 130, 114, 64, 235, 53, 195, 245, 144, 25, 112, 64, 74, 83, 110, 17, 222, 254, 105, 64, 253, 150, 100, 238, 218, 39, 103, 64, 67, 3, 255, 103, 54, 57, 103, 64, 7, 84, 187, 170, 36, 186, 106, 64, 83, 208, 231, 71, 126, 25, 106, 64, 38, 215, 22, 112, 123, 212, 102, 64, 148, 93, 218, 189, 104, 7, 103, 64, 171, 119, 205, 23, 65, 178, 101, 64, 70, 45, 236, 54, 27, 204, 118, 64, 29, 103, 246, 62, 136, 44, 129, 64, 251, 129, 64, 242, 192, 20, 133, 64, 196, 16, 39, 91, 224, 83, 121, 64, 113, 114, 93, 247, 126, 226, 110, 64, 238, 20, 78, 54, 127, 171, 105, 64, 62, 77, 138, 241, 86, 143, 102, 64, 221, 37, 3, 71, 228, 32, 98, 64, 82, 17, 84, 177, 87, 24, 96, 64, 130, 123, 59, 242, 6, 255, 80, 64, 157, 28, 216, 69, 39, 224, 77, 64, 220, 68, 64, 85, 229, 242, 80, 64, 68, 184, 192, 210, 111, 197, 124, 64, 250, 13, 151, 75, 175, 138, 133, 64, 177, 152, 180, 49, 9, 112, 87, 64, 183, 250, 31, 55, 255, 204, 100, 64, 79, 170, 73, 22, 33, 167, 87, 64, 77, 110, 60, 197, 254, 119, 86, 64, 151, 228, 45, 244, 49, 175, 80, 64, 62, 44, 51, 55, 249, 191, 80, 64, 219, 74, 229, 40, 145, 47, 81, 64, 195, 139, 109, 225, 201, 116, 77, 64, 169, 144, 28, 38, 44, 238, 37, 64, 68, 139, 108, 231, 203, 58, 21, 61, 230, 208, 34, 219, 49, 216, 63, 61, 230, 208, 34, 219, 49, 216, 47, 61, 68, 139, 108, 231, 203, 58, 5, 61, 230, 208, 34, 219, 49, 216, 15, 61, 68, 139, 108, 231, 203, 58, 229, 60, 219, 249, 126, 106, 114, 147, 66, 61, 22, 174, 71, 225, 126, 137, 58, 61, 160, 140, 170, 36, 162, 128, 96, 64, 251, 223, 90, 241, 136, 106, 112, 64, 200, 105, 255, 28, 100, 99, 115, 64, 204, 43, 54, 215, 213, 211, 115, 64, 118, 138, 68, 193, 133, 199, 115, 64, 170, 148, 143, 205, 154, 133, 115, 64, 62, 90, 110, 58, 97, 38, 115, 64, 137, 24, 41, 174, 164, 44, 115, 64, 127, 56, 163, 140, 162, 115, 114, 64, 208, 176, 156, 240, 112, 52, 114, 64, 73, 38, 152, 18, 157, 224, 113, 64, 114, 21, 192, 230, 116, 233, 113, 64, 8, 32, 220, 98, 161, 6, 113, 64, 253, 113, 76, 118, 13, 142, 112, 64, 145, 4, 12, 166, 54, 158, 112, 64, 96, 172, 171, 220, 151, 64, 113, 64, 32, 217, 253, 88, 232, 100, 116, 64, 113, 159, 202, 169, 91, 83, 117, 64, 111, 40, 108, 104, 250, 91, 117, 64, 210, 203, 237, 140, 52, 225, 116, 64, 188, 207, 83, 195, 206, 113, 116, 64, 204, 127, 96, 204, 243, 161, 116, 64, 28, 159, 250, 183, 83, 241, 116, 64, 78, 205, 68, 249, 231, 222, 116, 64, 144, 106, 154, 88, 168, 60, 118, 64, 204, 43, 98, 26, 175, 232, 119, 64, 231, 9, 245, 0, 46, 169, 163, 64, 110, 243, 194, 110, 231, 163, 167, 64, 4, 137, 42, 143, 178, 142, 121, 64, 219, 211, 48, 83, 36, 137, 121, 64, 228, 124, 89, 27, 146, 174, 153, 64, 162, 182, 136, 87, 254, 117, 189, 64, 187, 221, 196, 103, 142, 162, 129, 64, 158, 230, 17, 239, 201, 51, 119, 64, 0, 161, 241, 76, 214, 3, 124, 64, 51, 193, 28, 78, 157, 66, 124, 64, 169, 228, 155, 26, 152, 233, 121, 64, 125, 189, 154, 154, 187, 3, 121, 64, 31, 166, 175, 154, 250, 41, 136, 64, 203, 216, 33, 119, 103, 138, 131, 64, 230, 185, 127, 32, 217, 252, 119, 64, 148, 249, 51, 250, 137, 15, 137, 64, 239, 163, 107, 65, 82, 105, 147, 64, 106, 19, 98, 216, 120, 154, 155, 64, 195, 247, 217, 206, 116, 255, 164, 64, 237, 53, 138, 229, 5, 92, 172, 64, 154, 34, 235, 240, 197, 106, 160, 64, 219, 20, 163, 230, 102, 97, 120, 64, 209, 199, 7, 192, 86, 32, 122, 64, 232, 251, 52, 211, 202, 40, 121, 64, 33, 212, 228, 157, 242, 77, 120, 64, 225, 94, 0, 155, 30, 136, 119, 64, 216, 32, 26, 236, 207, 105, 146, 64, 40, 32, 217, 41, 167, 152, 152, 64, 99, 85, 173, 144, 236, 125, 156, 64, 203, 200, 71, 87, 141, 191, 170, 64, 32, 12, 61, 21, 198, 46, 196, 64, 172, 62, 1, 12, 221, 111, 194, 64, 5, 49, 205, 148, 184, 0, 177, 64, 73, 201, 69, 193, 4, 18, 166, 64, 163, 244, 42, 212, 249, 133, 165, 64, 198, 46, 33, 138, 117, 125, 157, 64, 231, 166, 82, 74, 95, 43, 120, 64, 253, 25, 136, 183, 174, 122, 155, 64, 126, 196, 47, 131, 202, 185, 158, 64, 23, 222, 252, 97, 38, 57, 155, 64, 174, 166, 17, 115, 247, 15, 151, 64, 10, 218, 0, 97, 65, 121, 158, 64, 2, 18, 123, 203, 222, 99, 161, 64, 108, 80, 73, 70, 224, 187, 112, 64, 191, 165, 64, 56, 137, 10, 113, 64, 155, 139, 194, 194, 82, 207, 113, 64, 165, 15, 244, 21, 88, 161, 113, 64, 200, 101, 8, 35, 69, 113, 114, 64, 122, 10, 141, 1, 148, 151, 114, 64, 146, 214, 184, 207, 102, 71, 113, 64, 99, 90, 199, 46, 139, 177, 135, 64, 140, 101, 201, 20, 166, 160, 148, 64, 40, 70, 131, 106, 55, 110, 136, 64, 200, 226, 101, 122, 229, 182, 141, 64, 100, 3, 98, 63, 148, 242, 142, 64, 15, 154, 11, 102, 44, 145, 170, 64, 198, 191, 80, 124, 23, 117, 149, 64, 187, 126, 178, 240, 54, 140, 154, 64, 110, 204, 63, 187, 227, 171, 155, 64, 115, 133, 40, 234, 110, 93, 178, 64, 188, 5, 145, 194, 101, 253, 156, 64, 61, 85, 216, 60, 161, 113, 118, 64, 90, 203, 74, 220, 185, 198, 118, 64, 81, 47, 72, 211, 194, 185, 115, 64, 250, 202, 80, 12, 53, 248, 112, 64, 77, 164, 216, 236, 68, 210, 112, 64, 147, 39, 0, 56, 14, 10, 113, 64, 205, 232, 93, 162, 0, 255, 111, 64, 193, 169, 218, 59, 36, 79, 110, 64, 55, 75, 77, 124, 103, 106, 110, 64, 12, 85, 195, 111, 123, 255, 109, 64, 130, 112, 201, 95, 117, 29, 133, 64, 59, 130, 23, 103, 51, 149, 148, 64, 31, 82, 242, 45, 150, 201, 162, 64, 28, 100, 174, 60, 12, 99, 177, 64, 214, 140, 8, 220, 232, 205, 173, 64, 0, 58, 139, 111, 145, 123, 182, 64, 145, 68, 154, 23, 68, 13, 175, 64, 168, 108, 148, 80, 179, 14, 120, 64, 171, 66, 79, 38, 139, 6, 117, 64, 6, 145, 5, 96, 124, 20, 123, 64, 2, 44, 16, 221, 12, 158, 141, 64, 114, 32, 31, 134, 213, 232, 160, 64, 253, 83, 61, 47, 220, 158, 161, 64, 230, 89, 203, 90, 208, 47, 192, 64, 148, 102, 181, 191, 82, 33, 155, 64, 3, 163, 36, 244, 151, 140, 118, 64, 16, 228, 118, 34, 229, 126, 168, 64, 169, 88, 83, 196, 54, 19, 171, 64, 160, 217, 142, 123, 123, 229, 117, 64, 70, 204, 162, 209, 12, 203, 131, 64, 137, 169, 119, 22, 149, 135, 114, 64, 74, 107, 72, 192, 217, 110, 106, 64, 20, 11, 10, 184, 167, 146, 104, 64, 59, 46, 30, 57, 127, 205, 104, 64, 244, 1, 47, 250, 12, 179, 111, 64, 116, 107, 188, 205, 39, 196, 125, 64, 225, 120, 147, 27, 181, 115, 125, 64, 248, 155, 102, 181, 113, 45, 127, 64, 88, 73, 227, 249, 148, 250, 113, 64, 114, 230, 182, 222, 79, 84, 121, 64, 185, 58, 236, 238, 132, 37, 151, 64, 124, 63, 67, 152, 181, 10, 167, 64, 65, 149, 24, 221, 229, 42, 171, 64, 58, 192, 144, 146, 61, 238, 118, 64, 54, 98, 23, 110, 15, 142, 132, 64, 42, 168, 170, 88, 224, 13, 116, 64, 131, 188, 171, 243, 115, 158, 114, 64, 16, 217, 18, 180, 15, 184, 111, 64, 248, 210, 205, 185, 139, 42, 134, 64, 120, 210, 221, 218, 201, 156, 165, 64, 106, 160, 142, 221, 65, 32, 164, 64, 71, 107, 248, 90, 116, 123, 153, 64, 91, 60, 254, 239, 181, 202, 145, 64, 123, 221, 53, 217, 16, 86, 153, 64, 3, 247, 43, 33, 143, 45, 134, 64, 93, 199, 49, 130, 115, 146, 118, 64, 86, 144, 19, 200, 59, 118, 132, 64, 85, 32, 220, 149, 213, 93, 131, 64, 162, 58, 17, 179, 150, 234, 130, 64, 7, 252, 205, 184, 67, 157, 127, 64, 23, 130, 194, 142, 72, 231, 113, 64, 214, 7, 189, 59, 17, 6, 110, 64, 162, 219, 51, 215, 133, 153, 110, 64, 156, 75, 145, 58, 72, 229, 153, 64, 251, 208, 170, 234, 246, 110, 145, 64, 178, 195, 199, 116, 73, 148, 115, 64, 2, 182, 147, 18, 135, 232, 108, 64, 122, 224, 151, 200, 12, 215, 163, 64, 121, 17, 42, 23, 0, 219, 124, 64, 154, 27, 38, 221, 196, 120, 123, 64, 159, 20, 160, 1, 208, 101, 113, 64, 93, 106, 194, 11, 63, 161, 106, 64, 101, 158, 141, 201, 71, 161, 102, 64, 203, 156, 9, 127, 133, 67, 105, 64, 16, 154, 50, 175, 192, 152, 103, 64, 201, 232, 231, 248, 93, 92, 105, 64, 67, 220, 136, 44, 116, 66, 104, 64, 254, 49, 143, 43, 249, 25, 105, 64, 211, 31, 29, 248, 179, 53, 145, 64, 164, 101, 58, 172, 74, 133, 159, 64, 110, 82, 104, 34, 0, 246, 131, 64, 73, 59, 35, 210, 237, 189, 116, 64, 133, 168, 99, 127, 184, 75, 164, 64, 79, 7, 40, 230, 156, 38, 154, 64, 133, 56, 28, 79, 160, 255, 148, 64, 217, 5, 185, 87, 232, 63, 130, 64, 105, 138, 134, 124, 158, 105, 134, 64, 148, 174, 46, 146, 86, 99, 124, 64, 65, 158, 231, 238, 170, 208, 130, 64, 49, 61, 169, 147, 5, 208, 133, 64, 8, 214, 122, 123, 172, 118, 135, 64, 178, 28, 154, 178, 156, 225, 133, 64, 8, 11, 76, 232, 182, 51, 112, 64, 167, 73, 238, 177, 216, 28, 107, 64, 183, 124, 99, 158, 133, 165, 103, 64, 250, 176, 156, 186, 102, 198, 102, 64, 136, 35, 73, 99, 180, 59, 101, 64, 153, 32, 36, 213, 107, 71, 99, 64, 18, 140, 208, 94, 218, 30, 101, 64, 26, 250, 152, 77, 249, 3, 101, 64, 61, 174, 176, 230, 244, 9, 108, 64, 152, 7, 32, 111, 108, 14, 103, 64, 15, 165, 170, 42, 98, 254, 101, 64, 214, 248, 210, 199, 127, 0, 102, 64, 114, 202, 73, 213, 8, 11, 100, 64, 36, 212, 155, 206, 6, 93, 100, 64, 216, 50, 93, 157, 175, 143, 99, 64, 92, 27, 178, 233, 76, 10, 90, 64, 18, 161, 181, 183, 247, 76, 84, 64, 80, 183, 241, 205, 6, 82, 91, 64, 130, 224, 170, 187, 198, 78, 98, 64, 129, 58, 28, 85, 21, 166, 92, 64, 232, 172, 223, 213, 159, 102, 83, 64, 16, 201, 15, 128, 0, 246, 82, 64, 151, 126, 17, 8, 236, 230, 107, 64, 211, 164, 120, 213, 250, 211, 84, 64, 181, 61, 84, 180, 199, 126, 73, 64, 16, 57, 84, 77, 22, 1, 108, 64, 201, 117, 12, 3, 254, 222, 59, 64, 230, 208, 34, 219, 49, 216, 31, 61, 5, 42, 111, 93, 209, 167, 64, 64, 196, 249, 1, 97, 148, 85, 92, 64, 184, 181, 202, 162, 108, 229, 92, 64, 98, 43, 213, 69, 27, 162, 106, 64, 193, 85, 166, 223, 131, 225, 137, 64, 57, 155, 138, 133, 221, 28, 114, 64, 246, 156, 187, 13, 77, 58, 122, 64, 245, 15, 38, 92, 8, 171, 130, 64, 216, 140, 4, 184, 83, 197, 143, 64, 30, 170, 184, 232, 125, 94, 151, 64, 61, 187, 187, 67, 86, 60, 163, 64, 157, 51, 42, 202, 217, 139, 160, 64, 46, 63, 226, 24, 212, 111, 177, 64, 145, 111, 34, 218, 231, 172, 180, 64, 138, 17, 223, 160, 59, 86, 153, 64, 251, 91, 87, 100, 78, 150, 152, 64, 29, 42, 245, 209, 163, 77, 170, 64, 24, 94, 194, 220, 142, 3, 121, 64, 95, 75, 63, 114, 80, 146, 121, 64, 160, 19, 56, 120, 252, 24, 131, 64, 46, 255, 50, 179, 211, 167, 144, 64, 248, 136, 6, 14, 241, 43, 119, 64, 140, 189, 251, 14, 179, 225, 120, 64, 101, 255, 148, 198, 27, 61, 125, 64, 139, 106, 139, 211, 108, 177, 119, 64, 166, 110, 128, 218, 9, 180, 147, 64, 231, 66, 106, 146, 213, 183, 177, 64, 238, 27, 149, 98, 63, 76, 182, 64, 230, 100, 240, 147, 228, 11, 125, 64, 239, 39, 23, 33, 132, 17, 128, 64, 77, 184, 133, 41, 165, 167, 122, 64, 87, 163, 31, 2, 154, 2, 124, 64, 113, 110, 234, 182, 50, 88, 122, 64, 100, 165, 218, 64, 17, 102, 122, 64, 19, 36, 253, 109, 90, 192, 121, 64, 186, 97, 15, 102, 86, 81, 121, 64, 94, 76, 18, 118, 241, 224, 153, 64, 129, 35, 173, 252, 171, 164, 168, 64, 87, 64, 250, 53, 26, 76, 123, 64, 21, 0, 21, 210, 11, 21, 140, 11, 44, 21, 182, 11, 21, 16, 21, 6, 21, 6, 28, 54, 0, 40, 8, 32, 12, 61, 21, 198, 46, 196, 64, 24, 8, 0, 0, 0, 0, 0, 0, 0, 128, 17, 17, 0, 0, 0, 233, 5, 68, 9, 39, 0, 2, 0, 8, 16, 32, 128, 128, 0, 1, 2, 12, 32, 16, 32, 64, 1, 9, 244, 5, 1, 4, 8, 16, 160, 128, 1, 0, 6, 14, 4, 64, 96, 32, 64, 2, 5, 11, 24, 52, 112, 240, 0, 66, 4, 9, 19, 40, 84, 176, 112, 1, 67, 6, 13, 27, 56, 116, 240, 240, 1, 68, 8, 17, 35, 72, 148, 48, 113, 2, 69, 10, 21, 43, 88, 180, 112, 241, 2, 70, 12, 25, 51, 104, 212, 176, 113, 3, 71, 14, 29, 59, 120, 244, 240, 241, 3, 72, 16, 33, 67, 136, 20, 49, 114, 4, 73, 18, 37, 75, 152, 52, 113, 242, 4, 74, 20, 41, 83, 168, 84, 177, 114, 5, 75, 22, 45, 91, 184, 116, 241, 242, 5, 76, 24, 49, 99, 200, 148, 49, 115, 6, 77, 26, 53, 107, 216, 180, 113, 243, 6, 78, 28, 57, 115, 232, 212, 177, 115, 39, 64, 0, 3, 1, 2, 4, 8, 16, 32, 0, 130, 0, 24, 1, 0, 3, 4, 2, 4, 8, 16, 32, 64, 0, 0, 32, 1, 0, 7, 120, 242, 224, 9, 128, 39, 0, 158, 0, 4, 8, 4, 8, 160, 39, 64, 0, 2, 1, 2, 4, 192, 19, 32, 64, 128, 0, 18, 1, 0, 5, 123, 2, 4, 64, 16, 32, 64, 128, 0, 1, 2, 4, 216, 19, 32, 192, 158, 0, 32, 1, 0, 5, 2, 248, 4, 8, 64, 32, 64, 128, 0, 1, 2, 4, 8, 16, 32, 0, 130, 0, 22, 1, 0, 3, 125, 2, 244, 9, 16, 32, 64, 128, 0, 26, 1, 0, 67, 125, 2, 4, 208, 179, 39, 49, 11, 68, 32, 0, 129, 0, 122, 244, 4, 232, 19, 32, 0, 31, 2, 4, 2, 32, 8, 16, 33, 38, 244, 14, 1, 6, 14, 4, 8, 224, 39, 64, 128, 63, 4, 2, 4, 64, 16, 192, 0, 160, 64, 130, 6, 17, 42, 100, 232, 16, 162, 68, 138, 22, 49, 106, 228, 232, 17, 164, 72, 146, 38, 81, 170, 100, 233, 18, 166, 76, 154, 54, 113, 234, 228, 233, 19, 168, 80, 162, 70, 145, 42, 101, 234, 20, 170, 84, 170, 86, 177, 106, 229, 234, 21, 172, 88, 178, 102, 209, 170, 101, 235, 22, 174, 92, 186, 118, 241, 234, 229, 235, 23, 176, 96, 194, 134, 17, 43, 102, 236, 24, 178, 100, 202, 150, 49, 107, 230, 236, 25, 180, 104, 210, 166, 81, 171, 102, 237, 26, 182, 108, 218, 182, 113, 235, 230, 237, 27, 184, 112, 226, 198, 145, 43, 103, 238, 28, 186, 116, 234, 214, 177, 107, 231, 238, 29, 188, 120, 242, 230, 209, 171, 103, 239, 30, 190, 124, 250, 246, 241, 235, 231, 239, 31, 192, 128, 2, 7, 18, 44, 104, 240, 32, 194, 132, 10, 23, 50, 108, 232, 240, 33, 196, 136, 18, 39, 82, 172, 104, 241, 34, 198, 140, 26, 55, 114, 236, 232, 241, 35, 200, 144, 34, 71, 146, 44, 105, 242, 36, 202, 148, 42, 87, 178, 108, 233, 242, 37, 204, 152, 50, 103, 210, 172, 105, 243, 38, 206, 156, 58, 119, 242, 236, 233, 243, 39, 208, 160, 66, 135, 18, 45, 106, 244, 40, 210, 164, 74, 151, 50, 109, 26, 32, 128, 1, 3, 8, 2, 4, 8, 16, 32, 64, 128, 0, 22, 1, 0, 5, 120, 240, 4, 192, 19, 32, 41, 45, 41, 124, 16, 30, 1, 0, 33, 123, 65, 69, 33, 40, 37, 102, 0, 64, 9, 31, 4, 216, 19, 9, 18, 8, 16, 40, 64, 9, 9, 13, 18, 4, 2, 4, 9, 80, 12, 61, 2, 156, 238, 41, 134, 1, 54, 44, 208, 39, 0, 129, 0, 1, 2, 16, 8, 144, 39, 192, 1, 9, 240, 60, 4, 8, 128, 39, 64, 128, 0, 5, 2, 28, 8, 128, 224, 41, 212, 168, 82, 167, 82, 173, 106, 245, 42, 214, 172, 90, 183, 114, 237, 234, 245, 43, 216, 176, 98, 199, 146, 45, 107, 246, 44, 218, 180, 106, 215, 178, 109, 235, 246, 45, 220, 184, 114, 231, 210, 173, 11, 0, 0, 0, 0, 21, 4, 21, 176, 91, 21, 186, 91, 76, 21, 182, 11, 21, 0, 18, 0, 0, 216, 45, 244, 215, 22, 68, 224, 140, 78, 113, 131, 10, 64, 151, 117, 119, 146, 117, 80, 21, 64, 25, 82, 28, 192, 43, 90, 29, 64, 25, 68, 94, 85, 225, 109, 35, 64, 232, 33, 125, 247, 170, 1, 41, 64, 75, 51, 77, 169, 186, 199, 46, 64, 228, 107, 179, 103, 201, 207, 49, 64, 98, 78, 252, 236, 193, 161, 63, 64, 7, 216, 251, 191, 143, 247, 65, 64, 188, 47, 187, 165, 181, 24, 73, 64, 27, 165, 39, 68, 78, 56, 75, 64, 193, 18, 150, 232, 156, 142, 81, 64, 229, 30, 113, 170, 59, 216, 84, 64, 234, 190, 32, 83, 65, 209, 85, 64, 5, 81, 29, 12, 106, 150, 86, 64, 178, 240, 211, 100, 125, 152, 88, 64, 169, 42, 221, 110, 106, 247, 88, 64, 210, 164, 116, 95, 244, 44, 89, 64, 240, 174, 167, 228, 230, 86, 89, 64, 130, 119, 105, 79, 48, 132, 89, 64, 100, 75, 140, 196, 6, 235, 89, 64, 248, 3, 89, 193, 244, 108, 90, 64, 100, 218, 46, 5, 235, 252, 90, 64, 188, 39, 77, 246, 187, 229, 97, 64, 52, 60, 22, 67, 248, 172, 100, 64, 67, 249, 254, 72, 211, 216, 103, 64, 68, 241, 165, 93, 119, 228, 107, 64, 35, 21, 53, 196, 71, 14, 112, 64, 103, 5, 220, 44, 65, 14, 121, 64, 33, 127, 113, 92, 220, 116, 124, 64, 197, 115, 99, 188, 113, 22, 125, 64, 171, 89, 251, 190, 247, 22, 125, 64, 12, 23, 246, 249, 190, 22, 125, 64, 63, 196, 250, 240, 197, 21, 125, 64, 181, 162, 190, 111, 102, 21, 125, 64, 110, 254, 78, 204, 101, 21, 125, 64, 13, 248, 152, 199, 64, 24, 125, 64, 250, 52, 138, 143, 154, 34, 125, 64, 141, 178, 41, 122, 76, 45, 125, 64, 222, 145, 156, 243, 128, 33, 125, 64, 143, 168, 25, 174, 156, 33, 125, 64, 31, 162, 41, 121, 243, 33, 125, 64, 203, 48, 160, 128, 179, 33, 125, 64, 47, 149, 158, 227, 154, 33, 125, 64, 23, 156, 217, 42, 248, 33, 125, 64, 163, 148, 122, 46, 141, 34, 125, 64, 243, 68, 51, 249, 79, 34, 125, 64, 223, 169, 19, 185, 49, 34, 125, 64, 136, 112, 201, 58, 122, 34, 125, 64, 171, 56, 94, 212, 19, 26, 125, 64, 138, 90, 232, 189, 132, 33, 125, 64, 66, 217, 207, 139, 87, 34, 125, 64, 161, 221, 119, 116, 71, 26, 125, 64, 190, 231, 73, 72, 72, 27, 125, 64, 176, 225, 222, 175, 87, 24, 125, 64, 103, 163, 0, 195, 48, 17, 125, 64, 147, 133, 24, 255, 158, 13, 125, 64, 111, 71, 40, 165, 192, 10, 125, 64, 20, 134, 96, 115, 125, 8, 125, 64, 4, 200, 218, 246, 135, 11, 125, 64, 206, 53, 4, 192, 133, 12, 125, 64, 185, 73, 13, 162, 6, 35, 125, 64, 119, 22, 7, 129, 210, 32, 125, 64, 217, 31, 202, 227, 115, 33, 125, 64, 5, 22, 38, 118, 158, 33, 125, 64, 216, 38, 165, 191, 119, 32, 125, 64, 74, 56, 78, 149, 188, 32, 125, 64, 230, 216, 173, 196, 244, 32, 125, 64, 202, 170, 207, 121, 229, 32, 125, 64, 202, 228, 124, 186, 198, 33, 125, 64, 202, 7, 128, 179, 135, 33, 125, 64, 221, 150, 15, 202, 16, 34, 125, 64, 44, 200, 121, 96, 3, 33, 125, 64, 100, 115, 234, 19, 46, 18, 125, 64, 237, 40, 91, 74, 99, 33, 125, 64, 166, 106, 219, 210, 242, 33, 125, 64, 102, 145, 52, 31, 167, 27, 125, 64, 67, 153, 30, 191, 169, 30, 125, 64, 13, 58, 107, 67, 37, 32, 125, 64, 191, 232, 17, 224, 156, 31, 125, 64, 108, 76, 145, 121, 14, 31, 125, 64, 214, 119, 31, 145, 74, 34, 125, 64, 47, 179, 231, 54, 218, 31, 125, 64, 236, 140, 255, 15, 248, 31, 125, 64, 176, 231, 127, 250, 159, 25, 125, 64, 241, 166, 93, 71, 169, 31, 125, 64, 108, 136, 60, 159, 130, 27, 125, 64, 184, 218, 210, 135, 134, 29, 125, 64, 247, 113, 89, 28, 38, 29, 125, 64, 62, 31, 161, 59, 22, 29, 125, 64, 119, 84, 127, 196, 137, 29, 125, 64, 111, 68, 177, 163, 154, 29, 125, 64, 105, 193, 71, 179, 70, 33, 125, 64, 35, 164, 117, 159, 58, 32, 125, 64, 184, 144, 16, 131, 85, 33, 125, 64, 247, 201, 148, 55, 46, 31, 125, 64, 227, 200, 221, 230, 36, 30, 125, 64, 33, 59, 175, 89, 198, 31, 125, 64, 172, 86, 253, 150, 30, 31, 125, 64, 152, 16, 154, 161, 163, 32, 125, 64, 68, 179, 196, 35, 47, 29, 125, 64, 89, 11, 2, 25, 185, 26, 125, 64, 208, 163, 155, 236, 192, 28, 125, 64, 129, 171, 125, 194, 58, 29, 125, 64, 26, 9, 195, 56, 53, 29, 125, 64, 179, 152, 32, 114, 189, 32, 125, 64, 159, 98, 34, 209, 135, 33, 125, 64, 104, 203, 134, 4, 181, 31, 125, 64, 27, 42, 142, 102, 84, 31, 125, 64, 63, 9, 100, 66, 174, 25, 125, 64, 179, 234, 37, 128, 197, 26, 125, 64, 55, 150, 250, 162, 103, 27, 125, 64, 165, 194, 29, 246, 183, 30, 125, 64, 233, 195, 7, 151, 3, 29, 125, 64, 71, 157, 146, 167, 127, 26, 125, 64, 233, 7, 109, 221, 89, 25, 125, 64, 47, 68, 89, 186, 77, 26, 125, 64, 98, 221, 179, 130, 174, 27, 125, 64, 112, 82, 251, 255, 100, 27, 125, 64, 32, 211, 8, 61, 182, 31, 125, 64, 78, 132, 3, 110, 56, 32, 125, 64, 153, 147, 76, 14, 152, 32, 125, 64, 46, 44, 65, 210, 78, 28, 125, 64, 120, 122, 48, 74, 244, 26, 125, 64, 236, 30, 206, 193, 0, 24, 125, 64, 101, 197, 252, 197, 229, 22, 125, 64, 18, 75, 125, 49, 206, 23, 125, 64, 213, 82, 198, 22, 68, 24, 125, 64, 212, 214, 33, 101, 27, 25, 125, 64, 60, 245, 25, 67, 186, 25, 125, 64, 231, 35, 55, 239, 35, 28, 125, 64, 250, 221, 149, 79, 86, 30, 125, 64, 248, 223, 254, 94, 141, 28, 125, 64, 159, 200, 14, 227, 128, 31, 125, 64, 177, 116, 48, 129, 23, 31, 125, 64, 97, 39, 186, 159, 69, 27, 125, 64, 250, 102, 97, 107, 4, 27, 125, 64, 123, 168, 221, 145, 172, 29, 125, 64, 52, 210, 34, 205, 209, 29, 125, 64, 69, 74, 153, 90, 97, 27, 125, 64, 13, 156, 217, 219, 241, 27, 125, 64, 115, 91, 7, 252, 250, 20, 125, 64, 168, 249, 25, 206, 235, 11, 125, 64, 174, 188, 67, 204, 62, 235, 124, 64, 248, 183, 218, 67, 93, 194, 124, 64, 216, 146, 227, 50, 61, 142, 124, 64, 187, 33, 230, 215, 219, 86, 124, 64, 156, 224, 111, 90, 7, 28, 124, 64, 53, 200, 55, 248, 222, 236, 123, 64, 13, 225, 249, 5, 184, 158, 124, 64, 31, 49, 248, 89, 80, 207, 124, 64, 200, 174, 67, 226, 244, 179, 124, 64, 25, 250, 119, 116, 6, 131, 124, 64, 95, 129, 247, 105, 234, 66, 124, 64, 38, 174, 241, 194, 111, 254, 123, 64, 8, 148, 253, 196, 38, 170, 123, 64, 108, 49, 40, 244, 182, 174, 122, 64, 91, 112, 57, 176, 196, 46, 121, 64, 110, 135, 149, 78, 72, 203, 119, 64, 204, 182, 199, 175, 122, 152, 118, 64, 24, 4, 71, 252, 163, 89, 117, 64, 11, 116, 136, 247, 126, 29, 116, 64, 28, 68, 78, 251, 182, 223, 114, 64, 33, 213, 180, 252, 253, 155, 113, 64, 26, 68, 186, 124, 216, 155, 112, 64, 229, 115, 125, 117, 126, 177, 110, 64, 154, 84, 154, 104, 128, 221, 108, 64, 189, 58, 163, 195, 22, 53, 107, 64, 198, 227, 249, 239, 215, 112, 105, 64, 227, 36, 103, 158, 47, 43, 104, 64, 242, 67, 209, 80, 200, 202, 103, 64, 198, 14, 95, 155, 175, 232, 104, 64, 99, 4, 253, 133, 129, 44, 105, 64, 42, 190, 52, 131, 34, 228, 103, 64, 71, 143, 18, 41, 102, 119, 102, 64, 24, 176, 25, 189, 224, 196, 100, 64, 154, 46, 197, 116, 1, 254, 98, 64, 233, 210, 124, 123, 133, 135, 97, 64, 82, 196, 22, 0, 164, 79, 96, 64, 171, 174, 134, 21, 178, 117, 94, 64, 180, 208, 203, 221, 118, 152, 92, 64, 144, 254, 197, 130, 65, 24, 91, 64, 186, 29, 151, 128, 199, 187, 90, 64, 12, 146, 132, 96, 118, 111, 90, 64, 150, 247, 176, 128, 70, 56, 90, 64, 116, 85, 158, 185, 82, 28, 90, 64, 170, 197, 46, 67, 45, 16, 90, 64, 54, 9, 112, 11, 127, 236, 89, 64, 63, 122, 67, 223, 178, 200, 89, 64, 125, 164, 195, 86, 30, 179, 89, 64, 29, 35, 98, 117, 111, 5, 90, 64, 225, 76, 181, 18, 156, 225, 89, 64, 88, 64, 203, 34, 250, 104, 89, 64, 214, 59, 115, 171, 48, 230, 88, 64, 62, 142, 65, 89, 144, 96, 88, 64, 81, 160, 40, 217, 235, 212, 87, 64, 33, 91, 217, 204, 140, 173, 87, 64, 229, 62, 199, 253, 87, 208, 87, 64, 145, 103, 234, 15, 66, 97, 88, 64, 96, 194, 177, 184, 168, 37, 89, 64, 246, 53, 14, 179, 64, 225, 89, 64, 207, 223, 216, 33, 198, 88, 90, 64, 214, 219, 246, 150, 125, 114, 90, 64, 164, 100, 104, 238, 48, 124, 90, 64, 82, 251, 215, 49, 53, 108, 90, 64, 226, 244, 87, 38, 189, 19, 90, 64, 152, 70, 100, 30, 70, 166, 89, 64, 164, 218, 229, 31, 135, 60, 89, 64, 193, 181, 232, 150, 30, 221, 88, 64, 87, 97, 179, 214, 63, 129, 88, 64, 61, 118, 10, 140, 38, 43, 88, 64, 42, 53, 235, 235, 124, 213, 87, 64, 60, 245, 83, 130, 24, 105, 87, 64, 229, 160, 200, 147, 165, 231, 86, 64, 189, 65, 173, 204, 9, 98, 86, 64, 182, 32, 48, 246, 228, 223, 85, 64, 245, 198, 1, 115, 170, 94, 85, 64, 182, 134, 174, 28, 188, 230, 84, 64, 195, 224, 14, 102, 39, 115, 84, 64, 147, 182, 121, 77, 61, 1, 84, 64, 148, 157, 136, 155, 173, 141, 83, 64, 86, 106, 4, 155, 242, 21, 83, 64, 181, 112, 248, 255, 169, 154, 82, 64, 92, 37, 8, 178, 246, 33, 82, 64, 185, 60, 202, 230, 209, 2, 82, 64, 42, 188, 42, 87, 191, 24, 82, 64, 29, 214, 31, 81, 213, 216, 81, 64, 153, 195, 129, 8, 92, 142, 81, 64, 97, 68, 188, 218, 116, 70, 81, 64, 241, 238, 51, 64, 194, 253, 80, 64, 75, 93, 32, 86, 246, 183, 80, 64, 86, 73, 41, 211, 238, 113, 80, 64, 101, 124, 53, 69, 165, 38, 80, 64, 195, 153, 160, 88, 234, 167, 79, 64, 14, 156, 174, 107, 96, 244, 78, 64, 66, 39, 78, 236, 190, 52, 78, 64, 210, 139, 105, 154, 234, 106, 77, 64, 252, 164, 45, 228, 197, 153, 76, 64, 204, 107, 87, 210, 26, 197, 75, 64, 210, 178, 39, 177, 85, 255, 74, 64, 227, 36, 89, 157, 214, 140, 74, 64, 95, 188, 54, 134, 210, 18, 74, 64, 77, 120, 204, 166, 10, 144, 73, 64, 53, 236, 15, 66, 243, 4, 73, 64, 117, 1, 78, 134, 151, 114, 72, 64, 24, 111, 36, 1, 149, 218, 71, 64, 146, 40, 133, 66, 241, 62, 71, 64, 203, 119, 242, 109, 194, 161, 70, 64, 159, 45, 21, 58, 223, 4, 70, 64, 50, 136, 193, 243, 179, 105, 69, 64, 126, 75, 3, 99, 60, 209, 68, 64, 39, 86, 205, 124, 20, 60, 68, 64, 91, 67, 160, 58, 145, 170, 67, 64, 102, 88, 19, 34, 216, 28, 67, 64, 137, 22, 48, 128, 241, 146, 66, 64, 251, 211, 163, 178, 32, 15, 66, 64, 36, 244, 100, 16, 47, 18, 66, 64, 238, 41, 165, 36, 36, 38, 66, 64, 59, 54, 241, 69, 153, 237, 65, 64, 94, 232, 82, 39, 56, 153, 65, 64, 52, 252, 54, 191, 202, 79, 65, 64, 233, 191, 192, 71, 196, 20, 65, 64, 179, 164, 148, 228, 194, 229, 64, 64, 47, 42, 101, 107, 108, 188, 64, 64, 74, 22, 94, 189, 169, 145, 64, 64, 227, 122, 243, 37, 251, 95, 64, 64, 242, 40, 210, 78, 88, 36, 64, 64, 58, 230, 62, 106, 96, 21, 64, 64, 143, 13, 170, 114, 118, 44, 64, 64, 224, 225, 56, 45, 244, 24, 64, 64, 143, 44, 192, 124, 232, 118, 63, 64, 212, 49, 162, 178, 109, 204, 62, 64, 210, 230, 67, 121, 39, 66, 62, 64, 5, 10, 77, 213, 223, 214, 61, 64, 110, 67, 107, 153, 150, 125, 61, 64, 40, 28, 187, 70, 27, 38, 61, 64, 195, 119, 250, 143, 200, 195, 60, 64, 62, 8, 62, 167, 5, 80, 60, 64, 70, 182, 167, 211, 175, 201, 59, 64, 101, 154, 117, 203, 60, 51, 59, 64, 229, 208, 141, 221, 208, 144, 58, 64, 139, 254, 101, 6, 212, 230, 57, 64, 70, 42, 14, 240, 32, 57, 57, 64, 195, 12, 13, 21, 178, 138, 56, 64, 138, 126, 41, 207, 159, 221, 55, 64, 227, 63, 196, 4, 70, 51, 55, 64, 58, 31, 106, 237, 116, 140, 54, 64, 68, 97, 98, 145, 157, 233, 53, 64, 188, 58, 129, 62, 244, 74, 53, 64, 23, 140, 84, 152, 136, 176, 52, 64, 3, 81, 72, 51, 85, 26, 52, 64, 145, 139, 226, 35, 73, 136, 51, 64, 128, 141, 7, 150, 77, 250, 50, 64, 20, 145, 242, 241, 72, 112, 50, 64, 204, 32, 213, 133, 21, 238, 49, 64, 78, 155, 245, 182, 93, 209, 49, 64, 49, 44, 227, 118, 248, 160, 49, 64, 26, 169, 54, 225, 145, 97, 49, 64, 58, 227, 248, 80, 224, 22, 49, 64, 32, 95, 13, 188, 126, 196, 48, 64, 141, 142, 223, 219, 95, 111, 48, 64, 71, 114, 25, 198, 205, 22, 48, 64, 191, 119, 242, 143, 156, 117, 47, 64, 129, 88, 61, 236, 90, 35, 47, 64, 5, 110, 214, 193, 18, 60, 47, 64, 209, 34, 100, 115, 45, 77, 47, 64, 40, 137, 185, 140, 141, 87, 47, 64, 115, 162, 79, 222, 35, 219, 46, 64, 182, 140, 168, 102, 88, 86, 46, 64, 248, 225, 228, 181, 237, 28, 46, 64, 22, 7, 254, 63, 119, 43, 46, 64, 142, 27, 8, 153, 204, 107, 46, 64, 121, 125, 218, 56, 196, 192, 46, 64, 140, 30, 227, 125, 122, 16, 47, 64, 167, 245, 16, 34, 228, 182, 47, 64, 96, 161, 110, 171, 135, 80, 48, 64, 214, 74, 39, 105, 88, 178, 48, 64, 250, 110, 212, 190, 91, 13, 49, 64, 60, 8, 101, 136, 27, 126, 49, 64, 252, 212, 87, 69, 145, 35, 50, 64, 141, 173, 173, 112, 79, 56, 54, 64, 30, 45, 131, 32, 171, 56, 57, 64, 91, 232, 122, 207, 216, 112, 60, 64, 219, 119, 194, 223, 13, 153, 63, 64, 181, 169, 168, 46, 21, 53, 65, 64, 236, 63, 155, 132, 204, 146, 68, 64, 63, 64, 196, 73, 54, 140, 69, 64, 254, 246, 56, 92, 36, 87, 70, 64, 51, 117, 48, 177, 212, 28, 71, 64, 154, 72, 240, 39, 197, 248, 71, 64, 114, 93, 121, 250, 60, 240, 72, 64, 31, 241, 89, 122, 181, 240, 73, 64, 15, 62, 33, 168, 169, 204, 74, 64, 106, 117, 103, 179, 118, 246, 75, 64, 207, 34, 164, 229, 30, 191, 76, 64, 158, 223, 203, 41, 123, 187, 77, 64, 162, 214, 115, 231, 48, 71, 79, 64, 106, 68, 48, 137, 111, 181, 80, 64, 205, 213, 236, 81, 214, 221, 81, 64, 60, 233, 20, 239, 20, 95, 86, 64, 86, 80, 112, 37, 249, 189, 109, 64, 24, 157, 87, 237, 191, 248, 115, 64, 52, 245, 122, 116, 211, 32, 119, 64, 135, 171, 33, 80, 81, 206, 122, 64, 74, 180, 145, 125, 91, 93, 124, 64, 2, 192, 222, 83, 62, 145, 124, 64, 190, 141, 27, 85, 191, 194, 124, 64, 202, 254, 179, 111, 184, 223, 124, 64, 211, 239, 142, 248, 105, 227, 124, 64, 158, 71, 131, 23, 24, 229, 124, 64, 226, 86, 118, 227, 245, 229, 124, 64, 52, 220, 210, 223, 46, 231, 124, 64, 195, 139, 127, 224, 82, 231, 124, 64, 204, 114, 37, 37, 94, 232, 124, 64, 3, 234, 64, 11, 151, 234, 124, 64, 27, 18, 87, 246, 190, 236, 124, 64, 94, 223, 226, 5, 223, 238, 124, 64, 82, 64, 205, 2, 49, 240, 124, 64, 247, 17, 82, 177, 49, 237, 124, 64, 9, 93, 255, 54, 168, 235, 124, 64, 199, 58, 180, 22, 190, 235, 124, 64, 201, 126, 225, 78, 17, 238, 124, 64, 134, 59, 236, 35, 11, 240, 124, 64, 135, 160, 73, 26, 66, 242, 124, 64, 4, 71, 251, 245, 59, 244, 124, 64, 45, 139, 198, 21, 85, 245, 124, 64, 191, 82, 148, 211, 243, 246, 124, 64, 83, 13, 89, 13, 43, 249, 124, 64, 146, 210, 226, 154, 48, 251, 124, 64, 11, 83, 10, 52, 217, 252, 124, 64, 93, 55, 98, 56, 251, 254, 124, 64, 66, 248, 197, 26, 93, 0, 125, 64, 106, 78, 44, 6, 211, 1, 125, 64, 163, 64, 185, 67, 222, 4, 125, 64, 32, 80, 195, 121, 169, 7, 125, 64, 228, 237, 210, 94, 173, 4, 125, 64, 96, 112, 40, 65, 122, 4, 125, 64, 245, 180, 140, 118, 59, 5, 125, 64, 2, 90, 87, 107, 17, 20, 125, 64, 150, 95, 240, 72, 217, 6, 125, 64, 204, 6, 219, 144, 3, 7, 125, 64, 212, 19, 189, 62, 10, 6, 125, 64, 88, 208, 5, 196, 190, 5, 125, 64, 48, 156, 252, 194, 203, 4, 125, 64, 232, 104, 152, 16, 190, 4, 125, 64, 67, 212, 231, 186, 120, 5, 125, 64, 12, 254, 67, 25, 17, 6, 125, 64, 87, 222, 206, 100, 135, 5, 125, 64, 228, 241, 188, 243, 210, 3, 125, 64, 112, 48, 110, 47, 233, 4, 125, 64, 119, 41, 114, 174, 122, 5, 125, 64, 148, 176, 89, 45, 199, 7, 125, 64, 213, 101, 97, 72, 246, 9, 125, 64, 1, 51, 131, 149, 188, 10, 125, 64, 140, 216, 251, 107, 5, 8, 125, 64, 82, 10, 185, 92, 209, 7, 125, 64, 12, 173, 118, 128, 113, 3, 125, 64, 152, 211, 200, 222, 237, 255, 124, 64, 43, 117, 211, 214, 144, 253, 124, 64, 147, 36, 166, 63, 84, 252, 124, 64, 98, 236, 199, 101, 156, 251, 124, 64, 172, 148, 178, 182, 112, 253, 124, 64, 234, 65, 115, 107, 237, 255, 124, 64, 184, 49, 150, 126, 158, 14, 125, 64, 224, 15, 151, 72, 234, 15, 125, 64, 73, 232, 131, 80, 211, 5, 125, 64, 68, 208, 207, 232, 213, 1, 125, 64, 120, 133, 175, 2, 121, 4, 125, 64, 35, 106, 181, 45, 125, 8, 125, 64, 88, 129, 206, 134, 92, 7, 125, 64, 16, 235, 8, 190, 99, 5, 125, 64, 41, 235, 247, 227, 230, 249, 124, 64, 119, 79, 192, 146, 62, 231, 124, 64, 111, 60, 34, 111, 26, 214, 124, 64, 195, 218, 171, 148, 141, 195, 124, 64, 99, 169, 99, 157, 41, 215, 124, 64, 11, 38, 110, 189, 135, 248, 124, 64, 49, 78, 167, 113, 4, 23, 125, 64, 205, 96, 192, 91, 187, 29, 125, 64, 129, 37, 220, 229, 102, 30, 125, 64, 150, 222, 99, 224, 133, 30, 125, 64, 47, 250, 129, 171, 222, 28, 125, 64, 5, 38, 65, 14, 12, 28, 125, 64, 169, 75, 216, 35, 94, 28, 125, 64, 102, 52, 180, 74, 26, 32, 125, 64, 42, 249, 1, 57, 33, 33, 125, 64, 63, 240, 218, 90, 220, 29, 125, 64, 159, 163, 190, 53, 34, 1, 125, 64, 94, 152, 75, 129, 241, 17, 125, 64, 171, 23, 218, 199, 180, 31, 125, 64, 254, 93, 165, 249, 40, 3, 125, 64, 13, 250, 47, 9, 92, 241, 124, 64, 32, 58, 65, 199, 219, 253, 124, 64, 127, 221, 33, 93, 237, 2, 125, 64, 248, 204, 132, 126, 83, 10, 125, 64, 22, 52, 80, 133, 166, 8, 125, 64, 213, 229, 191, 236, 208, 27, 125, 64, 130, 40, 230, 46, 205, 253, 124, 64, 15, 64, 13, 42, 79, 8, 125, 64, 226, 64, 142, 249, 90, 18, 125, 64, 116, 193, 143, 110, 114, 12, 125, 64, 213, 226, 72, 193, 248, 27, 125, 64, 170, 186, 24, 15, 83, 27, 125, 64, 253, 233, 146, 130, 67, 25, 125, 64, 18, 36, 109, 247, 182, 29, 125, 64, 108, 59, 73, 24, 28, 32, 125, 64, 231, 49, 21, 210, 166, 31, 125, 64, 196, 95, 163, 13, 222, 19, 125, 64, 92, 68, 239, 17, 134, 246, 124, 64, 104, 161, 213, 234, 60, 20, 125, 64, 57, 121, 201, 100, 54, 19, 125, 64, 70, 201, 191, 203, 18, 17, 125, 64, 162, 201, 219, 196, 45, 254, 124, 64, 80, 250, 149, 111, 49, 0, 125, 64, 255, 148, 239, 248, 52, 254, 124, 64, 195, 91, 216, 181, 115, 243, 124, 64, 185, 195, 232, 189, 108, 244, 124, 64, 220, 217, 71, 175, 230, 29, 125, 64, 124, 213, 91, 136, 51, 24, 125, 64, 44, 87, 245, 132, 41, 255, 124, 64, 232, 177, 77, 123, 155, 247, 124, 64, 110, 152, 66, 40, 1, 0, 125, 64, 134, 85, 58, 62, 68, 3, 125, 64, 214, 222, 198, 21, 197, 248, 124, 64, 209, 223, 23, 86, 213, 245, 124, 64, 218, 4, 103, 115, 71, 23, 125, 64, 253, 115, 197, 143, 145, 23, 125, 64, 155, 30, 164, 221, 6, 24, 125, 64, 189, 28, 212, 122, 77, 27, 125, 64, 47, 229, 4, 7, 91, 29, 125, 64, 178, 165, 194, 172, 164, 27, 125, 64, 141, 139, 133, 100, 33, 30, 125, 64, 159, 33, 45, 108, 183, 30, 125, 64, 240, 173, 29, 82, 252, 26, 125, 64, 31, 140, 98, 36, 229, 28, 125, 64, 3, 51, 42, 162, 135, 31, 125, 64, 169, 98, 41, 55, 89, 32, 125, 64, 2, 253, 90, 52, 50, 29, 125, 64, 171, 33, 63, 53, 94, 30, 125, 64, 199, 255, 111, 236, 171, 29, 125, 64, 226, 130, 183, 27, 12, 26, 125, 64, 152, 232, 2, 209, 47, 26, 125, 64, 239, 92, 242, 104, 75, 26, 125, 64, 209, 93, 105, 54, 31, 29, 125, 64, 83, 85, 170, 145, 166, 30, 125, 64, 246, 16, 135, 186, 250, 8, 125, 64, 246, 195, 26, 147, 183, 245, 124, 64, 77, 6, 46, 13, 171, 254, 124, 64, 169, 21, 112, 23, 29, 13, 125, 64, 47, 23, 125, 113, 243, 27, 125, 64, 109, 249, 130, 36, 113, 29, 125, 64, 251, 240, 131, 215, 153, 32, 125, 64, 211, 7, 162, 95, 219, 25, 125, 64, 201, 142, 101, 57, 167, 26, 125, 64, 160, 143, 40, 62, 0, 27, 125, 64, 23, 41, 85, 244, 205, 23, 125, 64, 99, 229, 209, 228, 30, 19, 125, 64, 224, 21, 245, 254, 97, 20, 125, 64, 24, 173, 65, 200, 188, 28, 125, 64, 102, 135, 127, 135, 161, 24, 125, 64, 95, 20, 206, 101, 168, 19, 125, 64, 161, 62, 175, 156, 1, 27, 125, 64, 109, 166, 0, 118, 194, 27, 125, 64, 101, 132, 139, 170, 185, 29, 125, 64, 134, 40, 237, 246, 9, 22, 125, 64, 133, 222, 102, 206, 144, 19, 125, 64, 102, 134, 57, 38, 109, 15, 125, 64, 27, 249, 76, 1, 149, 23, 125, 64, 146, 147, 181, 197, 48, 24, 125, 64, 127, 132, 94, 214, 25, 22, 125, 64, 249, 206, 143, 7, 75, 22, 125, 64, 209, 84, 77, 134, 21, 22, 125, 64, 126, 98, 157, 183, 182, 27, 125, 64, 34, 226, 142, 42, 165, 28, 125, 64, 230, 250, 2, 77, 132, 28, 125, 64, 178, 247, 162, 216, 214, 24, 125, 64, 111, 136, 173, 54, 49, 29, 125, 64, 55, 56, 126, 126, 169, 29, 125, 64, 210, 242, 94, 102, 193, 29, 125, 64, 151, 213, 152, 27, 28, 26, 125, 64, 91, 15, 193, 229, 148, 28, 125, 64, 236, 36, 251, 109, 248, 25, 125, 64, 187, 201, 46, 238, 200, 25, 125, 64, 103, 127, 148, 105, 157, 27, 125, 64, 13, 173, 189, 36, 3, 26, 125, 64, 190, 36, 76, 126, 199, 25, 125, 64, 90, 78, 208, 141, 147, 24, 125, 64, 178, 56, 25, 189, 39, 20, 125, 64, 208, 50, 80, 4, 41, 20, 125, 64, 178, 150, 34, 195, 184, 17, 125, 64, 59, 92, 92, 72, 94, 15, 125, 64, 59, 52, 121, 239, 162, 17, 125, 64, 225, 55, 153, 221, 160, 18, 125, 64, 44, 245, 70, 57, 217, 21, 125, 64, 140, 135, 235, 13, 23, 21, 125, 64, 233, 128, 54, 161, 179, 19, 125, 64, 242, 142, 138, 204, 148, 20, 125, 64, 58, 181, 11, 164, 224, 17, 125, 64, 197, 24, 230, 155, 167, 20, 125, 64, 176, 193, 28, 69, 30, 21, 125, 64, 76, 181, 59, 8, 152, 18, 125, 64, 22, 184, 254, 155, 152, 22, 125, 64, 198, 213, 13, 175, 5, 22, 125, 64, 146, 50, 99, 211, 129, 25, 125, 64, 92, 243, 46, 133, 191, 25, 125, 64, 178, 138, 70, 194, 166, 23, 125, 64, 12, 98, 6, 225, 36, 20, 125, 64, 208, 84, 103, 246, 228, 20, 125, 64, 205, 125, 168, 46, 246, 27, 125, 64, 56, 54, 195, 84, 78, 22, 125, 64, 202, 225, 30, 117, 31, 23, 125, 64, 50, 154, 1, 45, 211, 25, 125, 64, 186, 235, 4, 116, 252, 17, 125, 64, 236, 52, 87, 254, 49, 255, 124, 64, 197, 182, 240, 238, 122, 225, 124, 64, 177, 203, 222, 122, 192, 178, 124, 64, 4, 159, 230, 131, 17, 121, 124, 64, 145, 246, 142, 30, 243, 78, 124, 64, 236, 194, 115, 70, 138, 58, 124, 64, 61, 209, 161, 236, 159, 4, 124, 64, 93, 253, 2, 37, 155, 148, 123, 64, 45, 175, 200, 255, 206, 76, 122, 64, 83, 174, 122, 230, 49, 132, 120, 64, 30, 20, 142, 253, 114, 176, 118, 64, 148, 0, 233, 136, 212, 202, 116, 64, 125, 238, 241, 67, 31, 228, 114, 64, 181, 81, 158, 115, 240, 41, 113, 64, 161, 224, 91, 179, 65, 6, 111, 64, 67, 112, 129, 223, 216, 93, 108, 64, 98, 61, 235, 109, 82, 213, 105, 64, 145, 248, 245, 146, 33, 102, 103, 64, 224, 59, 132, 197, 245, 52, 101, 64, 197, 155, 34, 55, 154, 55, 99, 64, 234, 72, 37, 148, 53, 149, 97, 64, 105, 143, 93, 94, 50, 86, 96, 64, 187, 252, 5, 170, 13, 92, 94, 64, 220, 161, 255, 8, 68, 83, 92, 64, 92, 27, 66, 170, 42, 248, 90, 64, 115, 44, 197, 133, 63, 145, 90, 64, 247, 10, 212, 213, 74, 41, 90, 64, 137, 109, 164, 19, 225, 179, 89, 64, 130, 131, 50, 179, 116, 49, 89, 64, 105, 182, 26, 40, 174, 173, 88, 64, 230, 210, 231, 125, 134, 64, 88, 64, 80, 251, 98, 106, 32, 224, 87, 64, 226, 180, 51, 40, 36, 125, 87, 64, 27, 147, 39, 102, 235, 22, 87, 64, 26, 198, 185, 10, 157, 168, 86, 64, 203, 248, 73, 137, 177, 51, 86, 64, 45, 196, 20, 64, 119, 198, 85, 64, 7, 245, 15, 225, 94, 93, 85, 64, 74, 133, 112, 35, 52, 248, 84, 64, 10, 148, 168, 94, 149, 148, 84, 64, 148, 106, 187, 228, 244, 144, 84, 64, 83, 146, 145, 245, 55, 189, 84, 64, 15, 221, 230, 36, 251, 121, 84, 64, 74, 220, 154, 43, 187, 29, 84, 64, 14, 72, 41, 59, 113, 192, 83, 64, 4, 31, 177, 199, 46, 99, 83, 64, 195, 36, 246, 14, 90, 3, 83, 64, 46, 81, 10, 250, 58, 158, 82, 64, 250, 227, 167, 45, 40, 51, 82, 64, 115, 176, 23, 14, 79, 199, 81, 64, 90, 39, 132, 13, 56, 104, 81, 64, 73, 40, 156, 177, 219, 11, 81, 64, 213, 190, 52, 250, 34, 175, 80, 64, 101, 111, 95, 218, 47, 81, 80, 64, 247, 76, 237, 92, 158, 226, 79, 64, 84, 253, 225, 67, 130, 30, 79, 64, 213, 77, 65, 230, 121, 87, 78, 64, 159, 80, 104, 205, 185, 142, 77, 64, 200, 37, 40, 232, 248, 195, 76, 64, 185, 225, 77, 158, 128, 246, 75, 64, 44, 11, 170, 41, 122, 46, 75, 64, 104, 119, 190, 33, 26, 181, 74, 64, 65, 231, 14, 240, 218, 56, 74, 64, 241, 20, 162, 177, 99, 180, 73, 64, 83, 175, 80, 3, 67, 40, 73, 64, 93, 254, 135, 228, 151, 150, 72, 64, 180, 26, 73, 164, 162, 1, 72, 64, 15, 43, 15, 5, 20, 107, 71, 64, 249, 26, 202, 106, 51, 212, 70, 64, 143, 164, 242, 194, 213, 61, 70, 64, 108, 109, 166, 42, 91, 168, 69, 64, 35, 174, 167, 222, 16, 20, 69, 64, 22, 55, 50, 219, 82, 134, 68, 64, 165, 175, 195, 33, 83, 247, 67, 64, 159, 47, 200, 58, 41, 179, 67, 64, 133, 220, 110, 56, 92, 204, 67, 64, 49, 246, 96, 129, 150, 21, 68, 64, 239, 26, 177, 138, 177, 168, 68, 64, 167, 143, 75, 242, 217, 124, 69, 64, 185, 235, 161, 35, 48, 63, 70, 64, 213, 228, 25, 23, 97, 105, 70, 64, 15, 108, 205, 91, 163, 191, 70, 64, 169, 92, 46, 201, 91, 85, 71, 64, 47, 217, 249, 81, 30, 221, 71, 64, 7, 250, 100, 73, 225, 248, 71, 64, 24, 10, 67, 190, 85, 222, 71, 64, 145, 216, 23, 205, 225, 196, 71, 64, 243, 10, 164, 229, 79, 163, 71, 64, 116, 114, 157, 203, 217, 114, 71, 64, 145, 124, 127, 65, 145, 47, 71, 64, 202, 212, 10, 87, 62, 216, 70, 64, 18, 42, 193, 255, 158, 112, 70, 64, 173, 148, 8, 44, 115, 255, 69, 64, 224, 240, 184, 222, 39, 139, 69, 64, 137, 121, 207, 22, 168, 23, 69, 64, 183, 55, 115, 79, 57, 166, 68, 64, 204, 81, 29, 135, 63, 54, 68, 64, 154, 102, 67, 28, 48, 198, 67, 64, 137, 124, 153, 87, 183, 84, 67, 64, 166, 126, 81, 42, 38, 7, 67, 64, 212, 122, 77, 9, 57, 161, 66, 64, 194, 255, 62, 13, 32, 63, 66, 64, 39, 129, 225, 179, 221, 242, 65, 64, 61, 123, 172, 195, 132, 197, 65, 64, 16, 172, 112, 70, 22, 157, 65, 64, 49, 171, 24, 97, 2, 123, 65, 64, 89, 201, 197, 113, 80, 97, 65, 64, 65, 183, 162, 145, 120, 76, 65, 64, 2, 57, 164, 129, 14, 56, 65, 64, 163, 54, 225, 85, 151, 35, 65, 64, 47, 212, 94, 183, 24, 16, 65, 64, 36, 40, 140, 222, 66, 251, 64, 64, 82, 61, 217, 223, 21, 226, 64, 64, 38, 127, 155, 93, 144, 193, 64, 64, 20, 164, 85, 26, 171, 151, 64, 64, 193, 134, 103, 39, 200, 99, 64, 64, 44, 159, 187, 140, 1, 95, 64, 64, 189, 42, 75, 140, 144, 139, 64, 64, 152, 95, 228, 82, 120, 177, 64, 64, 57, 144, 225, 82, 56, 220, 64, 64, 98, 79, 160, 8, 153, 31, 65, 64, 222, 44, 102, 128, 192, 143, 65, 64, 233, 27, 250, 254, 199, 120, 67, 64, 200, 239, 82, 238, 52, 77, 69, 64, 106, 46, 229, 66, 15, 75, 71, 64, 170, 99, 144, 177, 35, 71, 73, 64, 63, 42, 226, 61, 44, 15, 75, 64, 209, 49, 12, 54, 197, 34, 81, 64, 167, 134, 59, 223, 135, 15, 85, 64, 101, 38, 138, 121, 195, 131, 86, 64, 63, 249, 83, 236, 157, 205, 90, 64, 20, 78, 129, 108, 100, 156, 100, 64, 16, 212, 148, 135, 74, 109, 103, 64, 156, 96, 52, 102, 185, 149, 106, 64, 251, 233, 149, 6, 163, 22, 109, 64, 211, 172, 254, 58, 3, 151, 110, 64, 150, 151, 25, 30, 179, 89, 115, 64, 74, 147, 135, 207, 63, 129, 119, 64, 119, 158, 105, 134, 228, 114, 123, 64, 27, 99, 198, 175, 177, 222, 124, 64, 161, 20, 122, 207, 44, 225, 124, 64, 83, 53, 211, 177, 183, 228, 124, 64, 155, 169, 188, 224, 118, 231, 124, 64, 197, 230, 160, 25, 253, 233, 124, 64, 30, 3, 15, 104, 211, 234, 124, 64, 227, 58, 16, 71, 34, 235, 124, 64, 162, 150, 203, 39, 108, 233, 124, 64, 12, 26, 108, 34, 48, 236, 124, 64, 44, 33, 173, 144, 189, 240, 124, 64, 47, 89, 27, 103, 107, 242, 124, 64, 206, 126, 240, 67, 133, 244, 124, 64, 108, 15, 239, 68, 182, 246, 124, 64, 37, 52, 205, 10, 143, 251, 124, 64, 68, 134, 156, 107, 108, 248, 124, 64, 200, 92, 170, 203, 107, 248, 124, 64, 185, 214, 185, 14, 2, 252, 124, 64, 252, 48, 114, 22, 67, 255, 124, 64, 179, 16, 230, 5, 149, 3, 125, 64, 171, 47, 143, 143, 210, 8, 125, 64, 163, 82, 191, 54, 17, 250, 124, 64, 245, 29, 144, 195, 216, 177, 124, 64, 71, 189, 93, 238, 39, 162, 124, 64, 189, 115, 52, 163, 180, 157, 124, 64, 178, 211, 58, 39, 28, 147, 124, 64, 2, 142, 180, 56, 219, 124, 124, 64, 34, 196, 189, 191, 171, 116, 124, 64, 31, 147, 32, 86, 19, 107, 124, 64, 214, 198, 232, 241, 9, 85, 124, 64, 180, 163, 150, 86, 181, 86, 124, 64, 234, 97, 25, 179, 179, 90, 124, 64, 6, 192, 166, 32, 107, 93, 124, 64, 142, 68, 69, 242, 220, 95, 124, 64, 46, 236, 26, 145, 137, 97, 124, 64, 0, 233, 87, 20, 207, 99, 124, 64, 7, 210, 129, 41, 0, 102, 124, 64, 2, 209, 55, 123, 172, 100, 124, 64, 40, 168, 171, 120, 16, 104, 124, 64, 11, 196, 236, 136, 214, 105, 124, 64, 21, 0, 21, 182, 14, 21, 192, 14, 44, 21, 182, 11, 21, 16, 21, 6, 21, 6, 28, 54, 0, 40, 8, 141, 178, 41, 122, 76, 45, 125, 64, 24, 8, 68, 224, 140, 78, 113, 131, 10, 64, 17, 17, 0, 0, 0, 155, 7, 244, 154, 3, 10, 127, 0, 4, 32, 192, 0, 4, 20, 96, 192, 1, 8, 36, 160, 192, 2, 12, 52, 224, 192, 3, 16, 68, 32, 193, 4, 20, 84, 96, 193, 5, 24, 100, 160, 193, 6, 28, 116, 224, 193, 7, 32, 132, 32, 194, 8, 36, 148, 96, 194, 9, 40, 164, 160, 194, 10, 44, 180, 224, 194, 11, 48, 196, 32, 195, 12, 52, 212, 96, 195, 13, 56, 228, 160, 195, 14, 60, 244, 224, 195, 15, 64, 4, 33, 196, 16, 68, 20, 97, 196, 17, 72, 36, 161, 196, 18, 76, 52, 225, 196, 19, 80, 68, 33, 197, 20, 84, 84, 97, 197, 21, 88, 100, 161, 197, 22, 92, 116, 225, 197, 23, 96, 132, 33, 198, 24, 100, 148, 97, 198, 25, 104, 164, 161, 198, 26, 108, 180, 225, 198, 27, 112, 196, 33, 199, 28, 116, 212, 97, 199, 29, 120, 228, 161, 199, 30, 124, 244, 225, 199, 31, 128, 4, 34, 200, 32, 132, 20, 98, 200, 33, 136, 36, 162, 200, 34, 140, 52, 226, 200, 35, 144, 68, 34, 201, 36, 148, 84, 98, 201, 37, 152, 100, 162, 201, 38, 156, 116, 226, 201, 39, 160, 132, 34, 202, 40, 164, 148, 98, 202, 41, 168, 164, 162, 202, 42, 172, 180, 226, 202, 43, 176, 196, 34, 203, 44, 180, 212, 98, 203, 45, 184, 228, 162, 203, 46, 188, 244, 226, 203, 47, 192, 4, 35, 204, 48, 196, 20, 99, 204, 49, 200, 36, 163, 204, 50, 204, 52, 227, 204, 51, 208, 68, 35, 205, 52, 212, 84, 99, 205, 53, 216, 100, 163, 205, 54, 220, 116, 227, 205, 55, 224, 132, 35, 206, 56, 228, 148, 99, 206, 57, 232, 164, 163, 206, 58, 236, 180, 227, 206, 59, 240, 196, 35, 207, 60, 244, 212, 99, 207, 61, 248, 228, 163, 207, 62, 252, 244, 227, 207, 63, 0, 5, 36, 208, 64, 4, 21, 100, 208, 65, 8, 37, 164, 208, 66, 12, 53, 228, 208, 67, 16, 69, 36, 209, 68, 20, 85, 100, 209, 69, 24, 101, 164, 209, 70, 28, 117, 228, 209, 71, 32, 133, 36, 210, 72, 36, 149, 100, 210, 73, 40, 165, 164, 210, 74, 44, 181, 228, 210, 75, 48, 197, 36, 211, 76, 52, 213, 100, 211, 77, 56, 229, 164, 211, 78, 60, 245, 228, 211, 79, 64, 5, 37, 212, 80, 68, 21, 101, 212, 81, 72, 37, 165, 212, 82, 76, 53, 229, 212, 83, 80, 69, 37, 213, 84, 84, 85, 101, 213, 85, 88, 101, 165, 213, 86, 92, 117, 229, 213, 87, 96, 133, 37, 214, 88, 100, 149, 101, 214, 89, 104, 165, 165, 214, 90, 108, 181, 229, 214, 91, 112, 197, 37, 215, 92, 116, 213, 101, 215, 93, 120, 229, 165, 215, 94, 124, 245, 229, 215, 95, 128, 5, 38, 216, 96, 132, 21, 102, 216, 97, 136, 37, 166, 216, 98, 140, 53, 230, 216, 99, 144, 69, 38, 217, 100, 148, 85, 102, 217, 101, 152, 101, 166, 217, 102, 156, 117, 230, 217, 103, 160, 133, 38, 218, 104, 164, 149, 102, 218, 105, 168, 165, 166, 218, 106, 172, 181, 230, 218, 107, 176, 197, 38, 219, 108, 180, 213, 102, 219, 109, 184, 229, 166, 219, 110, 188, 245, 230, 219, 111, 192, 5, 39, 220, 112, 196, 21, 103, 220, 113, 200, 37, 167, 220, 114, 204, 53, 231, 220, 115, 208, 69, 39, 221, 116, 212, 85, 103, 221, 117, 216, 101, 167, 221, 118, 220, 117, 231, 221, 119, 224, 133, 39, 222, 120, 228, 149, 103, 222, 121, 232, 165, 167, 222, 122, 236, 181, 231, 222, 123, 240, 197, 39, 223, 124, 244, 213, 103, 223, 125, 59, 248, 229, 167, 223, 126, 252, 245, 231, 223, 127, 0, 6, 40, 224, 128, 4, 22, 104, 224, 129, 8, 38, 168, 224, 130, 12, 54, 232, 224, 131, 16, 70, 40, 225, 132, 20, 86, 104, 225, 133, 24, 102, 168, 225, 134, 28, 118, 232, 225, 135, 32, 134, 40, 226, 136, 36, 150, 104, 226, 137, 40, 166, 168, 226, 138, 44, 182, 232, 226, 139, 48, 198, 40, 227, 140, 52, 214, 104, 227, 141, 56, 230, 168, 227, 142, 60, 246, 232, 227, 143, 64, 6, 41, 228, 144, 68, 22, 105, 228, 145, 72, 38, 169, 228, 146, 76, 54, 233, 228, 147, 80, 70, 41, 229, 148, 84, 86, 105, 229, 149, 88, 102, 169, 229, 150, 92, 118, 233, 229, 151, 96, 134, 41, 230, 152, 100, 150, 105, 230, 153, 104, 166, 169, 230, 154, 108, 182, 233, 230, 155, 112, 198, 41, 231, 156, 116, 214, 105, 231, 157, 120, 230, 169, 231, 158, 124, 246, 233, 231, 159, 128, 6, 42, 232, 160, 132, 22, 106, 232, 161, 136, 38, 170, 232, 162, 140, 54, 234, 232, 163, 144, 70, 42, 233, 164, 148, 86, 106, 233, 165, 152, 102, 170, 233, 166, 156, 118, 234, 233, 167, 160, 134, 42, 234, 168, 164, 150, 106, 234, 169, 168, 166, 170, 234, 170, 172, 182, 234, 234, 171, 176, 198, 42, 235, 172, 180, 214, 106, 235, 173, 184, 230, 170, 235, 174, 188, 246, 234, 235, 175, 192, 6, 43, 236, 176, 196, 22, 107, 236, 177, 200, 38, 171, 236, 178, 204, 54, 235, 236, 179, 208, 70, 43, 237, 180, 212, 86, 107, 237, 181, 216, 102, 171, 45, 0, 0, 0, 0, 0, 0, 21, 4, 21, 224, 33, 21, 234, 33, 76, 21, 156, 4, 21, 0, 18, 0, 0, 240, 16, 244, 111, 8, 4, 117, 242, 180, 8, 125, 99, 62, 92, 30, 249, 11, 13, 90, 177, 62, 208, 75, 128, 95, 230, 195, 200, 62, 89, 213, 8, 249, 148, 218, 193, 62, 213, 193, 35, 182, 127, 238, 186, 62, 180, 79, 20, 60, 174, 35, 117, 63, 68, 169, 187, 18, 180, 50, 115, 63, 48, 175, 122, 10, 74, 68, 178, 62, 15, 59, 245, 155, 49, 120, 197, 62, 20, 182, 171, 181, 55, 194, 208, 62, 198, 210, 57, 136, 184, 177, 245, 62, 166, 83, 243, 24, 130, 108, 221, 62, 190, 130, 89, 13, 119, 101, 215, 62, 203, 41, 226, 56, 156, 99, 220, 62, 247, 192, 93, 176, 216, 204, 224, 62, 140, 204, 34, 237, 92, 115, 196, 62, 164, 194, 105, 101, 51, 170, 179, 62, 255, 103, 66, 17, 24, 119, 208, 62, 8, 211, 24, 49, 193, 169, 219, 62, 66, 170, 62, 16, 0, 113, 174, 62, 54, 164, 165, 104, 37, 28, 177, 62, 78, 61, 59, 147, 160, 215, 176, 62, 122, 30, 185, 178, 134, 175, 192, 62, 231, 156, 57, 233, 131, 189, 226, 62, 183, 204, 175, 1, 56, 50, 227, 62, 188, 223, 172, 39, 159, 206, 205, 62, 192, 13, 92, 113, 217, 125, 191, 62, 235, 253, 124, 115, 156, 153, 215, 62, 185, 82, 41, 140, 178, 7, 179, 62, 188, 83, 165, 236, 62, 41, 164, 62, 162, 82, 103, 184, 59, 75, 194, 62, 50, 162, 183, 245, 26, 136, 205, 62, 221, 200, 69, 52, 36, 82, 198, 62, 254, 76, 77, 81, 144, 160, 200, 62, 6, 96, 51, 9, 225, 113, 222, 62, 140, 2, 51, 137, 108, 60, 221, 62, 229, 188, 5, 211, 17, 231, 203, 62, 43, 144, 40, 147, 165, 55, 174, 62, 231, 116, 56, 100, 250, 229, 184, 62, 192, 25, 243, 190, 73, 83, 230, 62, 252, 25, 60, 6, 136, 123, 207, 62, 22, 151, 178, 213, 88, 144, 175, 62, 208, 60, 199, 77, 36, 8, 160, 62, 12, 191, 18, 42, 77, 208, 215, 62, 122, 51, 200, 159, 49, 140, 165, 62, 120, 179, 55, 88, 208, 92, 182, 62, 132, 5, 31, 124, 28, 127, 183, 62, 132, 153, 56, 25, 80, 18, 173, 62, 114, 26, 119, 41, 97, 214, 191, 62, 233, 248, 139, 98, 49, 199, 186, 62, 54, 113, 147, 47, 118, 230, 199, 62, 115, 145, 107, 214, 249, 241, 194, 62, 145, 1, 157, 180, 160, 130, 181, 62, 82, 25, 28, 89, 44, 102, 208, 62, 169, 144, 163, 194, 73, 124, 217, 62, 222, 140, 187, 205, 17, 98, 193, 62, 119, 236, 136, 108, 85, 16, 184, 62, 220, 27, 142, 250, 83, 228, 160, 62, 25, 54, 93, 86, 103, 137, 195, 62, 238, 227, 253, 108, 94, 128, 225, 62, 115, 78, 95, 77, 234, 187, 174, 62, 116, 82, 8, 78, 26, 181, 160, 62, 168, 2, 56, 74, 169, 206, 173, 62, 200, 182, 133, 162, 15, 215, 162, 62, 75, 26, 164, 138, 130, 197, 177, 62, 238, 138, 9, 28, 185, 225, 193, 62, 30, 5, 44, 201, 119, 245, 196, 62, 47, 131, 61, 95, 183, 226, 178, 62, 152, 206, 126, 44, 225, 145, 164, 62, 248, 187, 136, 199, 213, 243, 155, 62, 76, 69, 127, 240, 54, 26, 148, 62, 230, 116, 108, 218, 0, 38, 144, 62, 30, 66, 247, 90, 106, 98, 206, 62, 92, 236, 116, 70, 187, 213, 199, 62, 202, 227, 129, 145, 26, 171, 145, 62, 18, 108, 207, 162, 53, 79, 167, 62, 101, 51, 194, 171, 158, 178, 127, 62, 168, 11, 151, 166, 181, 83, 147, 62, 8, 218, 5, 152, 218, 137, 130, 62, 62, 3, 85, 113, 92, 255, 102, 62, 158, 44, 251, 228, 107, 118, 135, 62, 196, 241, 137, 174, 98, 127, 170, 62, 218, 169, 83, 222, 212, 98, 161, 62, 165, 248, 15, 242, 104, 182, 163, 62, 42, 211, 131, 217, 140, 34, 160, 62, 160, 240, 230, 243, 188, 134, 164, 62, 49, 206, 53, 133, 247, 224, 164, 62, 13, 19, 211, 135, 114, 223, 174, 62, 99, 120, 155, 84, 93, 88, 161, 62, 218, 161, 200, 254, 73, 236, 165, 62, 188, 223, 19, 115, 174, 132, 156, 62, 86, 249, 11, 88, 148, 50, 165, 62, 77, 230, 240, 151, 181, 51, 165, 62, 81, 208, 201, 89, 55, 164, 161, 62, 25, 153, 68, 34, 63, 210, 164, 62, 48, 188, 159, 38, 120, 131, 170, 62, 130, 146, 32, 212, 103, 14, 157, 62, 104, 86, 228, 225, 110, 159, 166, 62, 41, 24, 232, 218, 236, 239, 217, 62, 114, 219, 252, 141, 219, 47, 223, 62, 175, 200, 22, 196, 87, 4, 168, 62, 206, 78, 210, 183, 108, 154, 166, 62, 128, 174, 248, 204, 23, 192, 197, 62, 124, 126, 123, 28, 104, 85, 239, 62, 55, 212, 234, 148, 217, 51, 179, 62, 69, 97, 234, 56, 67, 250, 186, 62, 244, 179, 66, 38, 73, 156, 163, 62, 76, 135, 166, 244, 130, 184, 172, 62, 252, 242, 23, 38, 41, 202, 182, 62, 36, 216, 155, 80, 168, 156, 169, 62, 184, 112, 179, 234, 186, 133, 186, 62, 53, 14, 217, 203, 117, 159, 196, 62, 121, 51, 144, 139, 142, 165, 45, 63, 169, 182, 40, 86, 182, 98, 70, 63, 96, 54, 225, 227, 66, 61, 208, 62, 131, 41, 200, 127, 85, 76, 98, 63, 87, 229, 135, 2, 239, 184, 217, 62, 184, 166, 2, 148, 159, 120, 216, 62, 185, 218, 179, 124, 135, 208, 202, 62, 227, 176, 45, 158, 53, 143, 176, 62, 76, 123, 61, 100, 85, 152, 176, 62, 153, 162, 93, 156, 89, 216, 47, 63, 239, 240, 108, 115, 102, 60, 46, 63, 193, 191, 143, 84, 48, 206, 44, 63, 203, 170, 104, 17, 65, 240, 83, 63, 228, 145, 170, 34, 57, 200, 94, 63, 67, 248, 170, 36, 188, 199, 206, 62, 22, 174, 52, 55, 167, 80, 227, 62, 1, 23, 195, 7, 120, 119, 247, 62, 60, 230, 151, 142, 3, 108, 236, 62, 147, 69, 9, 98, 254, 235, 212, 62, 101, 176, 115, 153, 31, 60, 201, 62, 153, 136, 249, 34, 121, 58, 226, 62, 30, 9, 249, 152, 179, 57, 210, 62, 234, 110, 119, 236, 29, 31, 185, 62, 131, 89, 75, 0, 22, 158, 209, 62, 195, 248, 30, 177, 13, 130, 213, 62, 96, 92, 92, 62, 175, 20, 212, 62, 133, 8, 252, 23, 132, 34, 206, 62, 250, 88, 16, 32, 202, 193, 160, 62, 193, 210, 91, 18, 86, 238, 192, 62, 240, 67, 147, 65, 203, 165, 192, 62, 52, 197, 46, 89, 206, 154, 199, 62, 146, 66, 74, 141, 211, 179, 183, 62, 140, 144, 249, 242, 197, 230, 205, 62, 134, 0, 71, 120, 117, 145, 224, 62, 224, 69, 16, 1, 162, 15, 194, 62, 61, 230, 206, 162, 162, 155, 206, 62, 239, 79, 150, 39, 63, 163, 223, 62, 107, 190, 196, 153, 1, 182, 217, 62, 102, 46, 60, 138, 68, 31, 195, 62, 71, 8, 12, 217, 206, 190, 175, 62, 40, 3, 25, 155, 243, 109, 43, 63, 168, 188, 75, 232, 204, 141, 150, 62, 44, 218, 68, 129, 1, 147, 179, 62, 85, 141, 124, 49, 46, 207, 208, 62, 106, 120, 226, 224, 245, 122, 213, 62, 5, 78, 32, 30, 58, 234, 220, 62, 22, 4, 5, 59, 211, 193, 212, 62, 102, 59, 60, 241, 20, 37, 242, 62, 168, 15, 68, 65, 61, 250, 233, 62, 121, 212, 5, 31, 232, 20, 167, 62, 219, 119, 105, 210, 210, 181, 170, 62, 9, 161, 214, 153, 24, 185, 173, 62, 157, 178, 90, 16, 211, 133, 196, 62, 199, 48, 72, 75, 130, 208, 104, 63, 38, 57, 52, 226, 12, 154, 222, 62, 151, 54, 226, 233, 215, 63, 235, 62, 108, 80, 95, 120, 180, 115, 212, 62, 12, 215, 153, 214, 72, 106, 178, 62, 144, 108, 228, 117, 237, 226, 211, 62, 241, 229, 36, 2, 208, 146, 226, 62, 233, 134, 181, 215, 49, 58, 184, 62, 228, 44, 143, 143, 188, 227, 204, 62, 170, 43, 108, 57, 175, 32, 36, 63, 205, 89, 194, 172, 236, 190, 165, 62, 43, 44, 55, 175, 240, 153, 176, 62, 35, 14, 125, 152, 205, 97, 174, 62, 243, 191, 110, 76, 113, 131, 182, 62, 41, 77, 55, 164, 4, 56, 180, 62, 20, 130, 107, 118, 222, 70, 182, 62, 122, 68, 130, 236, 223, 43, 213, 62, 72, 59, 220, 236, 9, 23, 233, 62, 148, 31, 17, 124, 50, 2, 231, 62, 186, 43, 230, 227, 106, 140, 181, 62, 42, 9, 48, 26, 223, 29, 187, 62, 220, 59, 122, 59, 226, 61, 152, 62, 162, 222, 74, 195, 250, 113, 186, 62, 252, 178, 217, 99, 170, 121, 218, 62, 71, 89, 15, 30, 185, 68, 214, 62, 130, 58, 217, 94, 82, 108, 211, 62, 125, 175, 200, 22, 145, 175, 211, 62, 112, 144, 134, 190, 196, 53, 212, 62, 143, 98, 52, 28, 2, 104, 199, 62, 63, 237, 124, 217, 197, 172, 172, 62, 5, 82, 249, 221, 164, 217, 190, 62, 200, 50, 110, 227, 37, 213, 184, 62, 95, 158, 81, 158, 57, 195, 180, 62, 214, 192, 246, 114, 115, 181, 189, 62, 72, 194, 96, 34, 74, 83, 174, 62, 81, 162, 14, 70, 149, 24, 194, 62, 93, 181, 232, 70, 149, 175, 215, 62, 211, 92, 163, 50, 124, 196, 195, 62, 87, 179, 23, 107, 152, 167, 178, 62, 96, 24, 131, 93, 148, 49, 162, 62, 141, 76, 118, 65, 184, 73, 223, 62, 74, 127, 186, 153, 137, 172, 193, 62, 61, 125, 212, 143, 210, 182, 187, 62, 209, 81, 56, 68, 195, 130, 175, 62, 96, 183, 57, 7, 150, 58, 172, 62, 97, 177, 110, 66, 90, 36, 196, 62, 57, 126, 155, 0, 129, 16, 214, 62, 67, 153, 93, 21, 67, 152, 185, 62, 28, 21, 44, 211, 253, 25, 159, 62, 2, 144, 82, 252, 122, 80, 217, 62, 162, 199, 208, 225, 123, 198, 218, 62, 4, 219, 180, 246, 126, 212, 194, 62, 83, 33, 75, 94, 219, 9, 185, 62, 13, 96, 136, 62, 135, 15, 191, 62, 131, 83, 220, 92, 56, 33, 182, 62, 233, 191, 68, 95, 78, 13, 178, 62, 29, 72, 223, 11, 71, 237, 205, 62, 152, 248, 12, 254, 186, 254, 179, 62, 210, 218, 65, 107, 136, 211, 199, 62, 228, 81, 224, 251, 169, 58, 166, 62, 99, 177, 138, 207, 199, 164, 153, 62, 150, 219, 211, 15, 139, 219, 165, 62, 24, 43, 18, 52, 90, 84, 150, 62, 24, 62, 1, 83, 111, 218, 142, 62, 20, 218, 45, 112, 240, 38, 168, 62, 125, 145, 60, 160, 85, 67, 152, 62, 237, 237, 73, 120, 212, 143, 157, 62, 2, 93, 47, 143, 186, 181, 210, 62, 42, 60, 167, 249, 6, 166, 165, 62, 218, 174, 215, 6, 161, 212, 213, 62, 246, 250, 165, 48, 16, 148, 114, 62, 117, 238, 197, 64, 176, 62, 147, 62, 56, 225, 102, 250, 174, 22, 161, 62, 76, 229, 184, 22, 68, 222, 154, 62, 143, 98, 243, 56, 104, 89, 190, 62, 235, 128, 247, 118, 32, 220, 175, 62, 34, 250, 51, 57, 143, 85, 172, 62, 103, 181, 1, 241, 213, 200, 60, 63, 192, 92, 6, 37, 104, 100, 178, 62, 248, 182, 74, 124, 190, 91, 192, 62, 223, 60, 31, 82, 114, 27, 110, 63, 134, 126, 23, 43, 239, 4, 104, 63, 131, 99, 173, 253, 118, 197, 227, 62, 203, 138, 4, 129, 124, 77, 240, 62, 96, 198, 154, 10, 146, 107, 195, 62, 111, 155, 151, 114, 209, 195, 94, 63, 39, 5, 177, 184, 84, 140, 219, 62, 73, 188, 36, 149, 106, 169, 178, 62, 179, 139, 145, 58, 249, 213, 165, 62, 236, 127, 204, 176, 248, 106, 186, 62, 27, 224, 150, 205, 108, 99, 166, 62, 162, 197, 32, 69, 181, 242, 51, 63, 160, 33, 201, 25, 137, 9, 195, 62, 118, 47, 103, 131, 234, 82, 229, 62, 194, 59, 183, 242, 176, 62, 229, 62, 98, 153, 251, 240, 31, 85, 180, 62, 105, 7, 6, 93, 230, 246, 182, 62, 168, 54, 94, 88, 29, 106, 177, 62, 157, 26, 189, 32, 206, 87, 182, 62, 194, 25, 51, 51, 86, 78, 164, 62, 240, 111, 100, 200, 1, 241, 173, 62, 79, 202, 39, 62, 221, 236, 164, 62, 27, 98, 38, 104, 204, 52, 199, 62, 250, 6, 109, 27, 19, 96, 226, 62, 115, 115, 183, 61, 38, 180, 183, 62, 21, 0, 21, 200, 6, 21, 188, 6, 44, 21, 182, 11, 21, 16, 21, 6, 21, 6, 28, 54, 0, 40, 8, 180, 79, 20, 60, 174, 35, 117, 63, 24, 8, 4, 117, 242, 180, 8, 125, 99, 62, 17, 17, 0, 0, 0, 164, 3, 44, 9, 60, 0, 0, 29, 1, 4, 12, 32, 80, 192, 0, 1, 1, 208, 28, 64, 144, 64, 193, 2, 6, 13, 28, 60, 0, 0, 33, 130, 132, 9, 0, 0, 80, 168, 96, 225, 2, 134, 12, 26, 54, 112, 232, 224, 225, 3, 136, 16, 34, 70, 144, 40, 97, 226, 4, 138, 20, 42, 0, 0, 88, 193, 162, 133, 11, 0, 0, 1, 2, 80, 224, 5, 140, 24, 50, 102, 208, 168, 1, 192, 198, 13, 28, 0, 0, 228, 208, 177, 131, 71, 15, 1, 25, 192, 0, 0, 0, 128, 143, 31, 64, 130, 8, 25, 66, 4, 0, 0, 0, 69, 140, 0, 56, 130, 36, 137, 146, 37, 0, 0, 0, 96, 210, 196, 201, 19, 0, 154, 3, 0, 0, 53, 80, 162, 72, 153, 2, 128, 74, 21, 43, 87, 176, 1, 50, 240, 60, 64, 22, 45, 91, 184, 0, 0, 208, 5, 128, 151, 47, 96, 194, 136, 25, 67, 166, 140, 153, 51, 104, 210, 168, 89, 195, 166, 141, 155, 55, 112, 226, 200, 153, 67, 167, 142, 157, 59, 120, 242, 232, 217, 195, 167, 143, 159, 63, 128, 2, 9, 26, 68, 168, 144, 161, 67, 136, 18, 41, 2, 1, 65, 84, 0, 0, 22, 1, 0, 192, 168, 145, 163, 71, 144, 34, 73, 154, 68, 169, 146, 165, 75, 152, 50, 1, 9, 26, 240, 94, 0, 52, 109, 226, 212, 201, 211, 39, 80, 161, 68, 141, 34, 85, 202, 212, 41, 84, 169, 84, 173, 98, 213, 202, 21, 0, 0, 0, 94, 193, 138, 37, 107, 22, 173, 90, 182, 110, 225, 202, 165, 11, 0, 128, 93, 188, 122, 249, 250, 5, 44, 152, 176, 97, 196, 138, 25, 59, 6, 0, 89, 50, 101, 203, 152, 53, 115, 246, 12, 0, 0, 0, 208, 0, 0, 0, 16, 77, 218, 52, 106, 213, 172, 93, 195, 150, 77, 219, 54, 110, 221, 188, 125, 3, 7, 5, 101, 12, 194, 1, 16, 7, 5, 9, 240, 66, 0, 140, 3, 64, 174, 156, 57, 0, 231, 208, 165, 3, 160, 14, 0, 0, 0, 146, 2, 0, 0, 11, 235, 216, 181, 115, 247, 14, 94, 60, 121, 243, 232, 213, 179, 119, 15, 95, 62, 125, 251, 0, 240, 235, 231, 239, 31, 0, 128, 0, 2, 10, 28, 72, 176, 160, 193, 131, 8, 1, 36, 84, 184, 144, 97, 67, 0, 21, 4, 21, 240, 1, 21, 238, 1, 76, 21, 30, 21, 0, 18, 0, 0, 120, 0, 0, 13, 1, 240, 111, 112, 248, 0, 1, 117, 223, 55, 64, 120, 13, 67, 26, 28, 128, 80, 64, 250, 185, 83, 3, 6, 91, 115, 64, 48, 206, 121, 79, 42, 242, 116, 64, 60, 14, 178, 153, 188, 204, 116, 64, 208, 143, 65, 31, 103, 164, 17, 64, 128, 185, 231, 230, 105, 57, 74, 64, 189, 33, 146, 8, 35, 255, 104, 64, 197, 10, 15, 74, 194, 144, 148, 64, 125, 197, 91, 31, 159, 145, 104, 64, 64, 120, 204, 59, 201, 247, 113, 64, 163, 50, 24, 82, 217, 148, 141, 64, 1, 228, 251, 44, 13, 190, 131, 64, 33, 173, 130, 69, 195, 159, 115, 64, 21, 0, 21, 38, 21, 42, 44, 21, 182, 11, 21, 16, 21, 6, 21, 6, 28, 54, 0, 40, 8, 197, 10, 15, 74, 194, 144, 148, 64, 24, 8, 0, 0, 0, 0, 0, 0, 0, 128, 17, 17, 0, 0, 0, 19, 72, 4, 64, 0, 7, 33, 67, 101, 0, 112, 152, 186, 220, 14, 0, 0, 0, 198, 10, 0, 21, 4, 21, 80, 21, 76, 76, 21, 10, 21, 0, 18, 0, 0, 40, 0, 0, 13, 1, 124, 96, 100, 164, 231, 0, 148, 145, 64, 84, 193, 146, 6, 158, 254, 233, 63, 213, 116, 222, 235, 38, 94, 224, 63, 123, 151, 236, 197, 79, 194, 231, 63, 21, 0, 21, 20, 21, 24, 44, 21, 182, 11, 21, 16, 21, 6, 21, 6, 28, 54, 0, 40, 8, 96, 100, 164, 231, 0, 148, 145, 64, 24, 8, 0, 0, 0, 0, 0, 0, 0, 128, 17, 17, 0, 0, 0, 10, 36, 3, 72, 0, 3, 209, 8, 0, 222, 10, 0, 21, 4, 21, 176, 2, 21, 176, 2, 76, 21, 38, 21, 0, 18, 0, 0, 152, 1, 0, 0, 13, 1, 240, 143, 76, 236, 185, 5, 202, 102, 42, 63, 207, 167, 101, 4, 55, 223, 101, 63, 79, 27, 202, 124, 127, 154, 103, 63, 137, 19, 201, 74, 213, 104, 79, 63, 228, 183, 144, 66, 22, 2, 78, 63, 48, 183, 137, 58, 140, 221, 9, 63, 183, 152, 29, 153, 62, 60, 121, 60, 225, 92, 236, 4, 214, 62, 132, 60, 232, 68, 38, 177, 89, 157, 255, 62, 46, 224, 113, 173, 219, 226, 59, 63, 111, 107, 19, 183, 245, 61, 75, 63, 185, 60, 252, 129, 42, 233, 97, 63, 106, 197, 170, 2, 156, 233, 74, 63, 0, 215, 40, 255, 126, 14, 78, 63, 113, 100, 102, 75, 199, 53, 100, 63, 100, 70, 125, 132, 111, 118, 101, 63, 56, 21, 84, 6, 229, 45, 105, 63, 81, 140, 102, 178, 39, 33, 121, 62, 21, 0, 21, 62, 21, 66, 44, 21, 182, 11, 21, 16, 21, 6, 21, 6, 28, 54, 0, 40, 8, 56, 21, 84, 6, 229, 45, 105, 63, 24, 8, 0, 0, 0, 0, 0, 0, 0, 128, 17, 17, 0, 0, 0, 31, 120, 5, 64, 0, 7, 65, 12, 82, 204, 65, 73, 45, 214, 220, 131, 17, 0, 0, 0, 0, 202, 5, 0, 3, 18, 0, 0, 0, 0, 236, 4, 0, 21, 4, 21, 176, 2, 21, 176, 2, 76, 21, 38, 21, 0, 18, 0, 0, 152, 1, 0, 0, 13, 1, 240, 143, 136, 75, 236, 216, 228, 29, 104, 63, 117, 239, 23, 223, 170, 250, 163, 63, 4, 20, 155, 234, 150, 143, 165, 63, 58, 153, 60, 233, 253, 176, 140, 63, 110, 10, 206, 124, 74, 105, 139, 63, 182, 46, 101, 122, 135, 160, 71, 63, 183, 28, 182, 85, 47, 13, 183, 60, 252, 74, 127, 68, 82, 126, 194, 60, 218, 67, 111, 218, 246, 224, 60, 63, 159, 182, 91, 131, 18, 121, 121, 63, 250, 11, 158, 174, 113, 226, 136, 63, 80, 65, 208, 113, 95, 92, 160, 63, 142, 37, 210, 169, 100, 149, 136, 63, 80, 137, 118, 80, 160, 116, 139, 63, 132, 234, 164, 51, 12, 118, 162, 63, 214, 189, 222, 162, 244, 154, 163, 63, 235, 48, 180, 170, 19, 0, 167, 63, 82, 54, 187, 145, 112, 244, 182, 62, 21, 0, 21, 62, 21, 66, 44, 21, 182, 11, 21, 16, 21, 6, 21, 6, 28, 54, 0, 40, 8, 235, 48, 180, 170, 19, 0, 167, 63, 24, 8, 0, 0, 0, 0, 0, 0, 0, 128, 17, 17, 0, 0, 0, 31, 120, 5, 64, 0, 7, 65, 12, 82, 204, 65, 73, 45, 214, 220, 131, 17, 0, 0, 0, 0, 202, 5, 0, 3, 18, 0, 0, 0, 0, 236, 4, 0, 21, 4, 21, 176, 2, 21, 176, 2, 76, 21, 38, 21, 0, 18, 0, 0, 152, 1, 0, 0, 13, 1, 240, 143, 146, 71, 8, 192, 243, 216, 86, 63, 175, 51, 9, 117, 121, 237, 146, 63, 225, 72, 214, 181, 21, 109, 148, 63, 17, 199, 124, 207, 105, 46, 123, 63, 135, 198, 154, 185, 245, 247, 121, 63, 175, 84, 109, 129, 47, 98, 54, 63, 217, 215, 10, 162, 152, 214, 165, 60, 213, 178, 66, 132, 37, 133, 177, 60, 103, 10, 38, 99, 220, 91, 43, 63, 140, 159, 221, 164, 219, 33, 104, 63, 131, 186, 149, 84, 40, 147, 119, 63, 46, 164, 111, 67, 221, 255, 142, 63, 138, 62, 118, 120, 41, 74, 119, 63, 213, 8, 247, 210, 178, 2, 122, 63, 59, 195, 142, 237, 78, 125, 145, 63, 137, 85, 49, 208, 204, 146, 146, 63, 252, 234, 62, 148, 45, 202, 149, 63, 226, 91, 177, 70, 39, 191, 165, 62, 21, 0, 21, 62, 21, 66, 44, 21, 182, 11, 21, 16, 21, 6, 21, 6, 28, 54, 0, 40, 8, 252, 234, 62, 148, 45, 202, 149, 63, 24, 8, 0, 0, 0, 0, 0, 0, 0, 128, 17, 17, 0, 0, 0, 31, 120, 5, 64, 0, 7, 65, 12, 82, 204, 65, 73, 45, 214, 220, 131, 17, 0, 0, 0, 0, 202, 5, 0, 3, 18, 0, 0, 0, 0, 236, 4, 0, 21, 4, 21, 176, 2, 21, 176, 2, 76, 21, 38, 21, 0, 18, 0, 0, 152, 1, 0, 0, 13, 1, 240, 143, 105, 226, 123, 198, 3, 170, 108, 63, 73, 174, 46, 193, 16, 191, 167, 63, 160, 25, 254, 116, 86, 160, 169, 63, 59, 252, 254, 247, 246, 12, 145, 63, 101, 170, 4, 43, 56, 74, 144, 63, 214, 223, 120, 7, 3, 21, 76, 63, 26, 173, 242, 140, 226, 101, 187, 60, 124, 174, 60, 199, 0, 251, 197, 60, 33, 74, 50, 66, 121, 41, 65, 63, 64, 93, 55, 205, 167, 70, 126, 63, 11, 71, 126, 30, 160, 147, 141, 63, 193, 186, 234, 236, 28, 114, 163, 63, 231, 142, 161, 215, 11, 56, 141, 63, 159, 20, 176, 168, 244, 80, 144, 63, 248, 223, 250, 86, 43, 241, 165, 63, 116, 119, 211, 125, 78, 77, 167, 63, 95, 14, 68, 39, 78, 86, 171, 63, 198, 70, 189, 84, 121, 72, 187, 62, 21, 0, 21, 62, 21, 66, 44, 21, 182, 11, 21, 16, 21, 6, 21, 6, 28, 54, 0, 40, 8, 95, 14, 68, 39, 78, 86, 171, 63, 24, 8, 0, 0, 0, 0, 0, 0, 0, 128, 17, 17, 0, 0, 0, 31, 120, 5, 64, 0, 7, 65, 12, 82, 204, 65, 73, 45, 214, 220, 131, 17, 0, 0, 0, 0, 202, 5, 0, 3, 18, 0, 0, 0, 0, 236, 4, 0, 21, 4, 21, 176, 2, 21, 176, 2, 76, 21, 38, 21, 0, 18, 0, 0, 152, 1, 0, 0, 13, 1, 240, 143, 26, 170, 234, 247, 68, 54, 146, 63, 212, 42, 76, 80, 197, 44, 206, 63, 91, 191, 185, 111, 42, 72, 208, 63, 189, 233, 188, 85, 162, 170, 181, 63, 53, 77, 50, 0, 43, 179, 180, 63, 234, 147, 14, 98, 153, 215, 113, 63, 24, 25, 200, 176, 84, 104, 225, 60, 14, 19, 167, 211, 83, 238, 235, 60, 90, 90, 6, 101, 220, 206, 101, 63, 20, 22, 221, 180, 113, 60, 163, 63, 37, 63, 82, 41, 178, 202, 178, 63, 61, 112, 12, 158, 197, 181, 200, 63, 198, 199, 148, 164, 130, 144, 178, 63, 85, 92, 34, 87, 186, 187, 180, 63, 46, 171, 19, 224, 212, 225, 203, 63, 90, 162, 244, 41, 55, 156, 205, 63, 101, 146, 251, 160, 110, 94, 209, 63, 170, 169, 3, 240, 164, 85, 225, 62, 21, 0, 21, 62, 21, 66, 44, 21, 182, 11, 21, 16, 21, 6, 21, 6, 28, 54, 0, 40, 8, 101, 146, 251, 160, 110, 94, 209, 63, 24, 8, 0, 0, 0, 0, 0, 0, 0, 128, 17, 17, 0, 0, 0, 31, 120, 5, 64, 0, 7, 65, 12, 82, 204, 65, 73, 45, 214, 220, 131, 17, 0, 0, 0, 0, 202, 5, 0, 3, 18, 0, 0, 0, 0, 236, 4, 0, 25, 17, 2, 25, 24, 4, 77, 10, 0, 0, 25, 24, 4, 77, 10, 0, 0, 21, 2, 25, 22, 0, 0, 25, 17, 2, 25, 24, 4, 1, 0, 0, 0, 25, 24, 4, 2, 0, 0, 0, 21, 2, 25, 22, 0, 0, 25, 17, 2, 25, 24, 4, 1, 0, 0, 0, 25, 24, 4, 219, 2, 0, 0, 21, 2, 25, 22, 0, 0, 25, 17, 2, 25, 24, 4, 1, 0, 0, 0, 25, 24, 4, 110, 1, 0, 0, 21, 2, 25, 22, 0, 0, 25, 17, 2, 25, 24, 4, 1, 0, 0, 0, 25, 24, 4, 12, 0, 0, 0, 21, 2, 25, 22, 0, 0, 25, 17, 2, 25, 24, 4, 1, 0, 0, 0, 25, 24, 4, 31, 0, 0, 0, 21, 2, 25, 22, 0, 0, 25, 17, 2, 25, 24, 4, 195, 7, 0, 0, 25, 24, 4, 197, 7, 0, 0, 21, 2, 25, 22, 0, 0, 25, 17, 2, 25, 24, 8, 0, 0, 0, 0, 0, 0, 0, 128, 25, 24, 8, 32, 12, 61, 21, 198, 46, 196, 64, 21, 2, 25, 22, 0, 0, 25, 17, 2, 25, 24, 8, 68, 224, 140, 78, 113, 131, 10, 64, 25, 24, 8, 141, 178, 41, 122, 76, 45, 125, 64, 21, 2, 25, 22, 0, 0, 25, 17, 2, 25, 24, 8, 4, 117, 242, 180, 8, 125, 99, 62, 25, 24, 8, 180, 79, 20, 60, 174, 35, 117, 63, 21, 2, 25, 22, 0, 0, 25, 17, 2, 25, 24, 8, 0, 0, 0, 0, 0, 0, 0, 128, 25, 24, 8, 197, 10, 15, 74, 194, 144, 148, 64, 21, 2, 25, 22, 0, 0, 25, 17, 2, 25, 24, 8, 0, 0, 0, 0, 0, 0, 0, 128, 25, 24, 8, 96, 100, 164, 231, 0, 148, 145, 64, 21, 2, 25, 22, 0, 0, 25, 17, 2, 25, 24, 8, 0, 0, 0, 0, 0, 0, 0, 128, 25, 24, 8, 56, 21, 84, 6, 229, 45, 105, 63, 21, 2, 25, 22, 0, 0, 25, 17, 2, 25, 24, 8, 0, 0, 0, 0, 0, 0, 0, 128, 25, 24, 8, 235, 48, 180, 170, 19, 0, 167, 63, 21, 2, 25, 22, 0, 0, 25, 17, 2, 25, 24, 8, 0, 0, 0, 0, 0, 0, 0, 128, 25, 24, 8, 252, 234, 62, 148, 45, 202, 149, 63, 21, 2, 25, 22, 0, 0, 25, 17, 2, 25, 24, 8, 0, 0, 0, 0, 0, 0, 0, 128, 25, 24, 8, 95, 14, 68, 39, 78, 86, 171, 63, 21, 2, 25, 22, 0, 0, 25, 17, 2, 25, 24, 8, 0, 0, 0, 0, 0, 0, 0, 128, 25, 24, 8, 101, 146, 251, 160, 110, 94, 209, 63, 21, 2, 25, 22, 0, 0, 25, 28, 22, 48, 21, 82, 22, 0, 0, 0, 25, 28, 22, 178, 1, 21, 90, 22, 0, 0, 0, 25, 28, 22, 144, 48, 21, 140, 15, 22, 0, 0, 0, 25, 28, 22, 184, 86, 21, 212, 13, 22, 0, 0, 0, 25, 28, 22, 140, 101, 21, 138, 1, 22, 0, 0, 0, 25, 28, 22, 180, 104, 21, 154, 4, 22, 0, 0, 0, 25, 28, 22, 134, 109, 21, 96, 22, 0, 0, 0, 25, 28, 22, 204, 156, 1, 21, 232, 11, 22, 0, 0, 0, 25, 28, 22, 144, 132, 2, 21, 156, 15, 22, 0, 0, 0, 25, 28, 22, 184, 181, 2, 21, 152, 7, 22, 0, 0, 0, 25, 28, 22, 222, 190, 2, 21, 130, 1, 22, 0, 0, 0, 25, 28, 22, 200, 192, 2, 21, 112, 22, 0, 0, 0, 25, 28, 22, 136, 196, 2, 21, 154, 1, 22, 0, 0, 0, 25, 28, 22, 242, 199, 2, 21, 154, 1, 22, 0, 0, 0, 25, 28, 22, 220, 203, 2, 21, 154, 1, 22, 0, 0, 0, 25, 28, 22, 198, 207, 2, 21, 154, 1, 22, 0, 0, 0, 25, 28, 22, 176, 211, 2, 21, 154, 1, 22, 0, 0, 0, 21, 2, 25, 252, 18, 72, 12, 97, 114, 114, 111, 119, 95, 115, 99, 104, 101, 109, 97, 21, 34, 0, 21, 2, 37, 0, 24, 7, 119, 101, 112, 112, 95, 105, 100, 0, 21, 2, 37, 0, 24, 4, 121, 101, 97, 114, 37, 32, 76, 172, 19, 16, 17, 0, 0, 0, 21, 2, 37, 0, 24, 13, 115, 105, 109, 95, 100, 97, 121, 95, 105, 110, 100, 101, 120, 0, 21, 2, 37, 0, 24, 6, 106, 117, 108, 105, 97, 110, 37, 32, 76, 172, 19, 16, 17, 0, 0, 0, 21, 2, 37, 0, 24, 5, 109, 111, 110, 116, 104, 37, 30, 76, 172, 19, 8, 17, 0, 0, 0, 21, 2, 37, 0, 24, 12, 100, 97, 121, 95, 111, 102, 95, 109, 111, 110, 116, 104, 37, 30, 76, 172, 19, 8, 17, 0, 0, 0, 21, 2, 37, 0, 24, 10, 119, 97, 116, 101, 114, 95, 121, 101, 97, 114, 37, 32, 76, 172, 19, 16, 17, 0, 0, 0, 21, 10, 37, 0, 24, 6, 114, 117, 110, 118, 111, 108, 0, 21, 10, 37, 0, 24, 6, 115, 98, 114, 117, 110, 118, 0, 21, 10, 37, 0, 24, 6, 112, 101, 97, 107, 114, 111, 0, 21, 10, 37, 0, 24, 4, 116, 100, 101, 116, 0, 21, 10, 37, 0, 24, 4, 116, 100, 101, 112, 0, 21, 10, 37, 0, 24, 8, 115, 101, 100, 99, 111, 110, 95, 49, 0, 21, 10, 37, 0, 24, 8, 115, 101, 100, 99, 111, 110, 95, 50, 0, 21, 10, 37, 0, 24, 8, 115, 101, 100, 99, 111, 110, 95, 51, 0, 21, 10, 37, 0, 24, 8, 115, 101, 100, 99, 111, 110, 95, 52, 0, 21, 10, 37, 0, 24, 8, 115, 101, 100, 99, 111, 110, 95, 53, 0, 22, 182, 11, 25, 28, 25, 252, 17, 38, 0, 28, 21, 2, 25, 53, 0, 6, 16, 25, 24, 7, 119, 101, 112, 112, 95, 105, 100, 21, 2, 22, 182, 11, 22, 114, 22, 122, 38, 48, 38, 8, 28, 24, 4, 77, 10, 0, 0, 24, 4, 77, 10, 0, 0, 22, 0, 40, 4, 77, 10, 0, 0, 24, 4, 77, 10, 0, 0, 17, 17, 0, 0, 22, 248, 219, 2, 21, 20, 22, 202, 212, 2, 21, 46, 0, 38, 0, 28, 21, 2, 25, 53, 0, 6, 16, 25, 24, 4, 121, 101, 97, 114, 21, 2, 22, 182, 11, 22, 130, 1, 22, 138, 1, 38, 178, 1, 38, 130, 1, 28, 24, 4, 2, 0, 0, 0, 24, 4, 1, 0, 0, 0, 22, 0, 40, 4, 2, 0, 0, 0, 24, 4, 1, 0, 0, 0, 17, 17, 0, 0, 22, 140, 220, 2, 21, 22, 22, 248, 212, 2, 21, 46, 0, 38, 0, 28, 21, 2, 25, 53, 0, 6, 16, 25, 24, 13, 115, 105, 109, 95, 100, 97, 121, 95, 105, 110, 100, 101, 120, 21, 2, 22, 182, 11, 22, 252, 60, 22, 144, 61, 38, 144, 48, 38, 140, 2, 28, 24, 4, 219, 2, 0, 0, 24, 4, 1, 0, 0, 0, 22, 0, 40, 4, 219, 2, 0, 0, 24, 4, 1, 0, 0, 0, 17, 17, 0, 0, 22, 162, 220, 2, 21, 24, 22, 166, 213, 2, 21, 46, 0, 38, 0, 28, 21, 2, 25, 53, 0, 6, 16, 25, 24, 6, 106, 117, 108, 105, 97, 110, 21, 2, 22, 182, 11, 22, 220, 36, 22, 240, 36, 38, 184, 86, 38, 156, 63, 28, 24, 4, 110, 1, 0, 0, 24, 4, 1, 0, 0, 0, 22, 0, 40, 4, 110, 1, 0, 0, 24, 4, 1, 0, 0, 0, 17, 17, 0, 0, 22, 186, 220, 2, 21, 24, 22, 212, 213, 2, 21, 46, 0, 38, 0, 28, 21, 2, 25, 53, 0, 6, 16, 25, 24, 5, 109, 111, 110, 116, 104, 21, 2, 22, 182, 11, 22, 166, 2, 22, 138, 2, 38, 140, 101, 38, 140, 100, 28, 24, 4, 12, 0, 0, 0, 24, 4, 1, 0, 0, 0, 22, 0, 40, 4, 12, 0, 0, 0, 24, 4, 1, 0, 0, 0, 17, 17, 0, 0, 22, 210, 220, 2, 21, 24, 22, 130, 214, 2, 21, 46, 0, 38, 0, 28, 21, 2, 25, 53, 0, 6, 16, 25, 24, 12, 100, 97, 121, 95, 111, 102, 95, 109, 111, 110, 116, 104, 21, 2, 22, 182, 11, 22, 130, 10, 22, 184, 6, 38, 180, 104, 38, 150, 102, 28, 24, 4, 31, 0, 0, 0, 24, 4, 1, 0, 0, 0, 22, 0, 40, 4, 31, 0, 0, 0, 24, 4, 1, 0, 0, 0, 17, 17, 0, 0, 22, 234, 220, 2, 21, 24, 22, 176, 214, 2, 21, 46, 0, 38, 0, 28, 21, 2, 25, 53, 0, 6, 16, 25, 24, 10, 119, 97, 116, 101, 114, 95, 121, 101, 97, 114, 21, 2, 22, 182, 11, 22, 144, 1, 22, 152, 1, 38, 134, 109, 38, 206, 108, 28, 24, 4, 197, 7, 0, 0, 24, 4, 195, 7, 0, 0, 22, 0, 40, 4, 197, 7, 0, 0, 24, 4, 195, 7, 0, 0, 17, 17, 0, 0, 22, 130, 221, 2, 21, 22, 22, 222, 214, 2, 21, 46, 0, 38, 0, 28, 21, 10, 25, 53, 0, 6, 16, 25, 24, 6, 114, 117, 110, 118, 111, 108, 21, 2, 22, 182, 11, 22, 176, 59, 22, 206, 58, 38, 204, 156, 1, 38, 230, 109, 28, 24, 8, 32, 12, 61, 21, 198, 46, 196, 64, 24, 8, 0, 0, 0, 0, 0, 0, 0, 128, 22, 0, 40, 8, 32, 12, 61, 21, 198, 46, 196, 64, 24, 8, 0, 0, 0, 0, 0, 0, 0, 128, 17, 17, 0, 0, 22, 152, 221, 2, 21, 26, 22, 140, 215, 2, 21, 62, 0, 38, 0, 28, 21, 10, 25, 53, 0, 6, 16, 25, 24, 6, 115, 98, 114, 117, 110, 118, 21, 2, 22, 182, 11, 22, 228, 106, 22, 248, 106, 38, 144, 132, 2, 38, 180, 168, 1, 28, 24, 8, 141, 178, 41, 122, 76, 45, 125, 64, 24, 8, 68, 224, 140, 78, 113, 131, 10, 64, 22, 0, 40, 8, 141, 178, 41, 122, 76, 45, 125, 64, 24, 8, 68, 224, 140, 78, 113, 131, 10, 64, 17, 17, 0, 0, 22, 178, 221, 2, 21, 26, 22, 202, 215, 2, 21, 62, 0, 38, 0, 28, 21, 10, 25, 53, 0, 6, 16, 25, 24, 6, 112, 101, 97, 107, 114, 111, 21, 2, 22, 182, 11, 22, 166, 41, 22, 164, 41, 38, 184, 181, 2, 38, 172, 147, 2, 28, 24, 8, 180, 79, 20, 60, 174, 35, 117, 63, 24, 8, 4, 117, 242, 180, 8, 125, 99, 62, 22, 0, 40, 8, 180, 79, 20, 60, 174, 35, 117, 63, 24, 8, 4, 117, 242, 180, 8, 125, 99, 62, 17, 17, 0, 0, 22, 204, 221, 2, 21, 26, 22, 136, 216, 2, 21, 62, 0, 38, 0, 28, 21, 10, 25, 53, 0, 6, 16, 25, 24, 4, 116, 100, 101, 116, 21, 2, 22, 182, 11, 22, 142, 3, 22, 144, 3, 38, 222, 190, 2, 38, 208, 188, 2, 28, 24, 8, 197, 10, 15, 74, 194, 144, 148, 64, 24, 8, 0, 0, 0, 0, 0, 0, 0, 128, 22, 0, 40, 8, 197, 10, 15, 74, 194, 144, 148, 64, 24, 8, 0, 0, 0, 0, 0, 0, 0, 128, 17, 17, 0, 0, 22, 230, 221, 2, 21, 26, 22, 198, 216, 2, 21, 62, 0, 38, 0, 28, 21, 10, 25, 53, 0, 6, 16, 25, 24, 4, 116, 100, 101, 112, 21, 2, 22, 182, 11, 22, 216, 1, 22, 216, 1, 38, 200, 192, 2, 38, 224, 191, 2, 28, 24, 8, 96, 100, 164, 231, 0, 148, 145, 64, 24, 8, 0, 0, 0, 0, 0, 0, 0, 128, 22, 0, 40, 8, 96, 100, 164, 231, 0, 148, 145, 64, 24, 8, 0, 0, 0, 0, 0, 0, 0, 128, 17, 17, 0, 0, 22, 128, 222, 2, 21, 24, 22, 132, 217, 2, 21, 62, 0, 38, 0, 28, 21, 10, 25, 53, 0, 6, 16, 25, 24, 8, 115, 101, 100, 99, 111, 110, 95, 49, 21, 2, 22, 182, 11, 22, 230, 3, 22, 234, 3, 38, 136, 196, 2, 38, 184, 193, 2, 28, 24, 8, 56, 21, 84, 6, 229, 45, 105, 63, 24, 8, 0, 0, 0, 0, 0, 0, 0, 128, 22, 0, 40, 8, 56, 21, 84, 6, 229, 45, 105, 63, 24, 8, 0, 0, 0, 0, 0, 0, 0, 128, 17, 17, 0, 0, 22, 152, 222, 2, 21, 26, 22, 194, 217, 2, 21, 62, 0, 38, 0, 28, 21, 10, 25, 53, 0, 6, 16, 25, 24, 8, 115, 101, 100, 99, 111, 110, 95, 50, 21, 2, 22, 182, 11, 22, 230, 3, 22, 234, 3, 38, 242, 199, 2, 38, 162, 197, 2, 28, 24, 8, 235, 48, 180, 170, 19, 0, 167, 63, 24, 8, 0, 0, 0, 0, 0, 0, 0, 128, 22, 0, 40, 8, 235, 48, 180, 170, 19, 0, 167, 63, 24, 8, 0, 0, 0, 0, 0, 0, 0, 128, 17, 17, 0, 0, 22, 178, 222, 2, 21, 26, 22, 128, 218, 2, 21, 62, 0, 38, 0, 28, 21, 10, 25, 53, 0, 6, 16, 25, 24, 8, 115, 101, 100, 99, 111, 110, 95, 51, 21, 2, 22, 182, 11, 22, 230, 3, 22, 234, 3, 38, 220, 203, 2, 38, 140, 201, 2, 28, 24, 8, 252, 234, 62, 148, 45, 202, 149, 63, 24, 8, 0, 0, 0, 0, 0, 0, 0, 128, 22, 0, 40, 8, 252, 234, 62, 148, 45, 202, 149, 63, 24, 8, 0, 0, 0, 0, 0, 0, 0, 128, 17, 17, 0, 0, 22, 204, 222, 2, 21, 26, 22, 190, 218, 2, 21, 62, 0, 38, 0, 28, 21, 10, 25, 53, 0, 6, 16, 25, 24, 8, 115, 101, 100, 99, 111, 110, 95, 52, 21, 2, 22, 182, 11, 22, 230, 3, 22, 234, 3, 38, 198, 207, 2, 38, 246, 204, 2, 28, 24, 8, 95, 14, 68, 39, 78, 86, 171, 63, 24, 8, 0, 0, 0, 0, 0, 0, 0, 128, 22, 0, 40, 8, 95, 14, 68, 39, 78, 86, 171, 63, 24, 8, 0, 0, 0, 0, 0, 0, 0, 128, 17, 17, 0, 0, 22, 230, 222, 2, 21, 26, 22, 252, 218, 2, 21, 62, 0, 38, 0, 28, 21, 10, 25, 53, 0, 6, 16, 25, 24, 8, 115, 101, 100, 99, 111, 110, 95, 53, 21, 2, 22, 182, 11, 22, 230, 3, 22, 234, 3, 38, 176, 211, 2, 38, 224, 208, 2, 28, 24, 8, 101, 146, 251, 160, 110, 94, 209, 63, 24, 8, 0, 0, 0, 0, 0, 0, 0, 128, 22, 0, 40, 8, 101, 146, 251, 160, 110, 94, 209, 63, 24, 8, 0, 0, 0, 0, 0, 0, 0, 128, 17, 17, 0, 0, 22, 128, 223, 2, 21, 26, 22, 186, 219, 2, 21, 62, 0, 22, 162, 216, 2, 22, 182, 11, 38, 8, 22, 194, 212, 2, 20, 0, 0, 25, 28, 24, 12, 65, 82, 82, 79, 87, 58, 115, 99, 104, 101, 109, 97, 24, 156, 26, 47, 47, 47, 47, 47, 56, 119, 74, 65, 65, 65, 81, 65, 65, 65, 65, 65, 65, 65, 75, 65, 65, 52, 65, 68, 65, 65, 76, 65, 65, 81, 65, 67, 103, 65, 65, 65, 66, 81, 65, 65, 65, 65, 65, 65, 65, 65, 66, 66, 65, 65, 75, 65, 65, 119, 65, 65, 65, 65, 73, 65, 65, 81, 65, 67, 103, 65, 65, 65, 65, 103, 65, 65, 65, 65, 73, 65, 81, 65, 65, 66, 81, 65, 65, 65, 78, 103, 65, 65, 65, 67, 107, 65, 65, 65, 65, 99, 65, 65, 65, 65, 68, 65, 65, 65, 65, 65, 69, 65, 65, 65, 65, 80, 80, 102, 47, 47, 119, 103, 65, 65, 65, 65, 77, 65, 65, 65, 65, 65, 81, 65, 65, 65, 68, 69, 65, 65, 65, 65, 79, 65, 65, 65, 65, 99, 50, 78, 111, 90, 87, 49, 104, 88, 51, 90, 108, 99, 110, 78, 112, 98, 50, 52, 65, 65, 71, 84, 51, 47, 47, 56, 73, 65, 65, 65, 65, 74, 65, 65, 65, 65, 66, 103, 65, 65, 65, 66, 118, 99, 71, 86, 117, 100, 50, 86, 119, 99, 67, 49, 121, 100, 87, 53, 118, 90, 109, 89, 116, 90, 71, 86, 115, 97, 88, 90, 108, 99, 110, 107, 65, 65, 65, 65, 65, 67, 65, 65, 65, 65, 72, 66, 121, 98, 50, 82, 49, 89, 50, 86, 121, 65, 65, 65, 65, 65, 75, 68, 51, 47, 47, 56, 73, 65, 65, 65, 65, 68, 65, 65, 65, 65, 65, 69, 65, 65, 65, 65, 48, 65, 65, 65, 65, 70, 81, 65, 65, 65, 71, 82, 104, 100, 71, 70, 122, 90, 88, 82, 102, 100, 109, 86, 121, 99, 50, 108, 118, 98, 108, 57, 116, 97, 87, 53, 118, 99, 103, 65, 65, 65, 78, 68, 51, 47, 47, 56, 73, 65, 65, 65, 65, 68, 65, 65, 65, 65, 65, 69, 65, 65, 65, 65, 120, 65, 65, 65, 65, 70, 81, 65, 65, 65, 71, 82, 104, 100, 71, 70, 122, 90, 88, 82, 102, 100, 109, 86, 121, 99, 50, 108, 118, 98, 108, 57, 116, 89, 87, 112, 118, 99, 103, 65, 65, 65, 65, 68, 52, 47, 47, 56, 73, 65, 65, 65, 65, 68, 65, 65, 65, 65, 65, 77, 65, 65, 65, 65, 120, 76, 106, 81, 65, 68, 119, 65, 65, 65, 71, 82, 104, 100, 71, 70, 122, 90, 88, 82, 102, 100, 109, 86, 121, 99, 50, 108, 118, 98, 103, 65, 82, 65, 65, 65, 65, 87, 65, 103, 65, 65, 66, 81, 73, 65, 65, 67, 73, 66, 119, 65, 65, 81, 65, 99, 65, 65, 65, 119, 72, 65, 65, 68, 81, 66, 103, 65, 65, 109, 65, 89, 65, 65, 79, 65, 70, 65, 65, 65, 103, 66, 81, 65, 65, 104, 65, 81, 65, 65, 79, 103, 68, 65, 65, 66, 77, 65, 119, 65, 65, 112, 65, 73, 65, 65, 80, 119, 66, 65, 65, 66, 85, 65, 81, 65, 65, 114, 65, 65, 65, 65, 65, 81, 65, 65, 65, 68, 71, 43, 80, 47, 47, 77, 65, 65, 65, 65, 66, 65, 65, 65, 65, 65, 85, 65, 65, 65, 65, 65, 65, 65, 65, 65, 120, 65, 65, 65, 65, 66, 71, 43, 118, 47, 47, 65, 65, 65, 67, 65, 65, 65, 65, 65, 65, 65, 73, 65, 65, 65, 65, 99, 50, 86, 107, 89, 50, 57, 117, 88, 122, 85, 65, 65, 65, 65, 65, 65, 103, 65, 65, 65, 67, 119, 65, 65, 65, 65, 69, 65, 65, 65, 65, 115, 80, 106, 47, 47, 119, 103, 65, 65, 65, 65, 81, 65, 65, 65, 65, 66, 103, 65, 65, 65, 71, 116, 110, 76, 50, 49, 101, 77, 119, 65, 65, 66, 81, 65, 65, 65, 72, 86, 117, 97, 88, 82, 122, 65, 65, 65, 65, 49, 80, 106, 47, 47, 119, 103, 65, 65, 65, 65, 111, 65, 65, 65, 65, 72, 103, 65, 65, 65, 70, 78, 108, 90, 71, 108, 116, 90, 87, 53, 48, 73, 71, 78, 118, 98, 109, 78, 108, 98, 110, 82, 121, 89, 88, 82, 112, 98, 50, 52, 103, 89, 50, 120, 104, 99, 51, 77, 103, 78, 81, 65, 65, 67, 119, 65, 65, 65, 71, 82, 108, 99, 50, 78, 121, 97, 88, 66, 48, 97, 87, 57, 117, 65, 71, 114, 53, 47, 47, 56, 119, 65, 65, 65, 65, 69, 65, 65, 65, 65, 66, 81, 65, 65, 65, 65, 65, 65, 65, 65, 68, 69, 65, 65, 65, 65, 79, 114, 54, 47, 47, 56, 65, 65, 65, 73, 65, 65, 65, 65, 65, 65, 65, 103, 65, 65, 65, 66, 122, 90, 87, 82, 106, 98, 50, 53, 102, 78, 65, 65, 65, 65, 65, 65, 67, 65, 65, 65, 65, 76, 65, 65, 65, 65, 65, 81, 65, 65, 65, 66, 85, 43, 102, 47, 47, 67, 65, 65, 65, 65, 66, 65, 65, 65, 65, 65, 71, 65, 65, 65, 65, 97, 50, 99, 118, 98, 86, 52, 122, 65, 65, 65, 70, 65, 65, 65, 65, 100, 87, 53, 112, 100, 72, 77, 65, 65, 65, 66, 52, 43, 102, 47, 47, 67, 65, 65, 65, 65, 67, 103, 65, 65, 65, 65, 101, 65, 65, 65, 65, 85, 50, 86, 107, 97, 87, 49, 108, 98, 110, 81, 103, 89, 50, 57, 117, 89, 50, 86, 117, 100, 72, 74, 104, 100, 71, 108, 118, 98, 105, 66, 106, 98, 71, 70, 122, 99, 121, 65, 48, 65, 65, 65, 76, 65, 65, 65, 65, 90, 71, 86, 122, 89, 51, 74, 112, 99, 72, 82, 112, 98, 50, 52, 65, 68, 118, 114, 47, 47, 122, 65, 65, 65, 65, 65, 81, 65, 65, 65, 65, 70, 65, 65, 65, 65, 65, 65, 65, 65, 65, 77, 81, 65, 65, 65, 65, 106, 118, 118, 47, 47, 119, 65, 65, 65, 103, 65, 65, 65, 65, 65, 65, 67, 65, 65, 65, 65, 72, 78, 108, 90, 71, 78, 118, 98, 108, 56, 122, 65, 65, 65, 65, 65, 65, 73, 65, 65, 65, 65, 115, 65, 65, 65, 65, 66, 65, 65, 65, 65, 80, 106, 53, 47, 47, 56, 73, 65, 65, 65, 65, 69, 65, 65, 65, 65, 65, 89, 65, 65, 65, 66, 114, 90, 121, 57, 116, 88, 106, 77, 65, 65, 65, 85, 65, 65, 65, 66, 49, 98, 109, 108, 48, 99, 119, 65, 65, 65, 66, 122, 54, 47, 47, 56, 73, 65, 65, 65, 65, 75, 65, 65, 65, 65, 66, 52, 65, 65, 65, 66, 84, 90, 87, 82, 112, 98, 87, 86, 117, 100, 67, 66, 106, 98, 50, 53, 106, 90, 87, 53, 48, 99, 109, 70, 48, 97, 87, 57, 117, 73, 71, 78, 115, 89, 88, 78, 122, 73, 68, 77, 65, 65, 65, 115, 65, 65, 65, 66, 107, 90, 88, 78, 106, 99, 109, 108, 119, 100, 71, 108, 118, 98, 103, 67, 121, 43, 118, 47, 47, 77, 65, 65, 65, 65, 66, 65, 65, 65, 65, 65, 85, 65, 65, 65, 65, 65, 65, 65, 65, 65, 120, 65, 65, 65, 65, 65, 121, 47, 80, 47, 47, 65, 65, 65, 67, 65, 65, 65, 65, 65, 65, 65, 73, 65, 65, 65, 65, 99, 50, 86, 107, 89, 50, 57, 117, 88, 122, 73, 65, 65, 65, 65, 65, 65, 103, 65, 65, 65, 67, 119, 65, 65, 65, 65, 69, 65, 65, 65, 65, 110, 80, 114, 47, 47, 119, 103, 65, 65, 65, 65, 81, 65, 65, 65, 65, 66, 103, 65, 65, 65, 71, 116, 110, 76, 50, 49, 101, 77, 119, 65, 65, 66, 81, 65, 65, 65, 72, 86, 117, 97, 88, 82, 122, 65, 65, 65, 65, 119, 80, 114, 47, 47, 119, 103, 65, 65, 65, 65, 111, 65, 65, 65, 65, 72, 103, 65, 65, 65, 70, 78, 108, 90, 71, 108, 116, 90, 87, 53, 48, 73, 71, 78, 118, 98, 109, 78, 108, 98, 110, 82, 121, 89, 88, 82, 112, 98, 50, 52, 103, 89, 50, 120, 104, 99, 51, 77, 103, 77, 103, 65, 65, 67, 119, 65, 65, 65, 71, 82, 108, 99, 50, 78, 121, 97, 88, 66, 48, 97, 87, 57, 117, 65, 70, 98, 55, 47, 47, 56, 119, 65, 65, 65, 65, 69, 65, 65, 65, 65, 66, 81, 65, 65, 65, 65, 65, 65, 65, 65, 68, 69, 65, 65, 65, 65, 78, 98, 56, 47, 47, 56, 65, 65, 65, 73, 65, 65, 65, 65, 65, 65, 65, 103, 65, 65, 65, 66, 122, 90, 87, 82, 106, 98, 50, 53, 102, 77, 81, 65, 65, 65, 65, 65, 67, 65, 65, 65, 65, 76, 65, 65, 65, 65, 65, 81, 65, 65, 65, 66, 65, 43, 47, 47, 47, 67, 65, 65, 65, 65, 66, 65, 65, 65, 65, 65, 71, 65, 65, 65, 65, 97, 50, 99, 118, 98, 86, 52, 122, 65, 65, 65, 70, 65, 65, 65, 65, 100, 87, 53, 112, 100, 72, 77, 65, 65, 65, 66, 107, 43, 47, 47, 47, 67, 65, 65, 65, 65, 67, 103, 65, 65, 65, 65, 101, 65, 65, 65, 65, 85, 50, 86, 107, 97, 87, 49, 108, 98, 110, 81, 103, 89, 50, 57, 117, 89, 50, 86, 117, 100, 72, 74, 104, 100, 71, 108, 118, 98, 105, 66, 106, 98, 71, 70, 122, 99, 121, 65, 120, 65, 65, 65, 76, 65, 65, 65, 65, 90, 71, 86, 122, 89, 51, 74, 112, 99, 72, 82, 112, 98, 50, 52, 65, 43, 118, 118, 47, 47, 121, 119, 65, 65, 65, 65, 81, 65, 65, 65, 65, 70, 65, 65, 65, 65, 65, 65, 65, 65, 65, 77, 81, 65, 65, 65, 65, 101, 118, 51, 47, 47, 119, 65, 65, 65, 103, 65, 65, 65, 65, 65, 65, 66, 65, 65, 65, 65, 72, 82, 107, 90, 88, 65, 65, 65, 65, 65, 65, 65, 103, 65, 65, 65, 67, 103, 65, 65, 65, 65, 69, 65, 65, 65, 65, 52, 80, 118, 47, 47, 119, 103, 65, 65, 65, 65, 77, 65, 65, 65, 65, 65, 103, 65, 65, 65, 71, 116, 110, 65, 65, 65, 70, 65, 65, 65, 65, 100, 87, 53, 112, 100, 72, 77, 65, 65, 65, 65, 65, 47, 80, 47, 47, 67, 65, 65, 65, 65, 67, 81, 65, 65, 65, 65, 98, 65, 65, 65, 65, 86, 71, 57, 48, 89, 87, 119, 103, 90, 71, 86, 119, 98, 51, 78, 112, 100, 71, 108, 118, 98, 105, 66, 107, 97, 87, 70, 110, 98, 109, 57, 122, 100, 71, 108, 106, 65, 65, 115, 65, 65, 65, 66, 107, 90, 88, 78, 106, 99, 109, 108, 119, 100, 71, 108, 118, 98, 103, 67, 83, 47, 80, 47, 47, 76, 65, 65, 65, 65, 66, 65, 65, 65, 65, 65, 85, 65, 65, 65, 65, 65, 65, 65, 65, 65, 120, 65, 65, 65, 65, 65, 83, 47, 118, 47, 47, 65, 65, 65, 67, 65, 65, 65, 65, 65, 65, 65, 69, 65, 65, 65, 65, 100, 71, 82, 108, 100, 65, 65, 65, 65, 65, 65, 67, 65, 65, 65, 65, 75, 65, 65, 65, 65, 65, 81, 65, 65, 65, 66, 52, 47, 80, 47, 47, 67, 65, 65, 65, 65, 65, 119, 65, 65, 65, 65, 67, 65, 65, 65, 65, 97, 50, 99, 65, 65, 65, 85, 65, 65, 65, 66, 49, 98, 109, 108, 48, 99, 119, 65, 65, 65, 74, 106, 56, 47, 47, 56, 73, 65, 65, 65, 65, 74, 65, 65, 65, 65, 66, 115, 65, 65, 65, 66, 85, 98, 51, 82, 104, 98, 67, 66, 107, 90, 88, 82, 104, 89, 50, 104, 116, 90, 87, 53, 48, 73, 71, 82, 112, 89, 87, 100, 117, 98, 51, 78, 48, 97, 87, 77, 65, 67, 119, 65, 65, 65, 71, 82, 108, 99, 50, 78, 121, 97, 88, 66, 48, 97, 87, 57, 117, 65, 67, 114, 57, 47, 47, 56, 115, 65, 65, 65, 65, 69, 65, 65, 65, 65, 66, 81, 65, 65, 65, 65, 65, 65, 65, 65, 68, 69, 65, 65, 65, 65, 75, 114, 43, 47, 47, 56, 65, 65, 65, 73, 65, 65, 65, 65, 65, 65, 65, 89, 65, 65, 65, 66, 119, 90, 87, 70, 114, 99, 109, 56, 65, 65, 65, 73, 65, 65, 65, 65, 115, 65, 65, 65, 65, 66, 65, 65, 65, 65, 66, 68, 57, 47, 47, 56, 73, 65, 65, 65, 65, 69, 65, 65, 65, 65, 65, 85, 65, 65, 65, 66, 116, 88, 106, 77, 118, 99, 119, 65, 65, 65, 65, 85, 65, 65, 65, 66, 49, 98, 109, 108, 48, 99, 119, 65, 65, 65, 68, 84, 57, 47, 47, 56, 73, 65, 65, 65, 65, 73, 65, 65, 65, 65, 66, 89, 65, 65, 65, 66, 81, 90, 87, 70, 114, 73, 72, 74, 49, 98, 109, 57, 109, 90, 105, 66, 107, 97, 87, 70, 110, 98, 109, 57, 122, 100, 71, 108, 106, 65, 65, 65, 76, 65, 65, 65, 65, 90, 71, 86, 122, 89, 51, 74, 112, 99, 72, 82, 112, 98, 50, 52, 65, 119, 118, 51, 47, 47, 121, 119, 65, 65, 65, 65, 81, 65, 65, 65, 65, 70, 65, 65, 65, 65, 65, 65, 65, 65, 65, 77, 81, 65, 65, 65, 65, 81, 118, 47, 47, 47, 119, 65, 65, 65, 103, 65, 65, 65, 65, 65, 65, 66, 103, 65, 65, 65, 72, 78, 105, 99, 110, 86, 117, 100, 103, 65, 65, 65, 103, 65, 65, 65, 67, 103, 65, 65, 65, 65, 69, 65, 65, 65, 65, 113, 80, 51, 47, 47, 119, 103, 65, 65, 65, 65, 77, 65, 65, 65, 65, 65, 119, 65, 65, 65, 71, 49, 101, 77, 119, 65, 70, 65, 65, 65, 65, 100, 87, 53, 112, 100, 72, 77, 65, 65, 65, 68, 73, 47, 102, 47, 47, 67, 65, 65, 65, 65, 68, 81, 65, 65, 65, 65, 112, 65, 65, 65, 65, 84, 51, 86, 48, 98, 71, 86, 48, 73, 71, 120, 104, 100, 71, 86, 121, 89, 87, 119, 118, 99, 51, 86, 105, 99, 51, 86, 121, 90, 109, 70, 106, 90, 83, 66, 107, 90, 87, 120, 112, 100, 109, 86, 121, 101, 83, 66, 50, 98, 50, 120, 49, 98, 87, 85, 65, 65, 65, 65, 76, 65, 65, 65, 65, 90, 71, 86, 122, 89, 51, 74, 112, 99, 72, 82, 112, 98, 50, 52, 65, 65, 65, 65, 83, 65, 66, 111, 65, 70, 65, 65, 65, 65, 66, 77, 65, 67, 65, 65, 65, 65, 65, 119, 65, 66, 65, 65, 83, 65, 65, 65, 65, 78, 65, 65, 65, 65, 66, 103, 65, 65, 65, 65, 99, 65, 65, 65, 65, 65, 65, 65, 65, 65, 120, 103, 65, 65, 65, 65, 65, 65, 65, 89, 65, 67, 65, 65, 71, 65, 65, 89, 65, 65, 65, 65, 65, 65, 65, 73, 65, 65, 65, 65, 65, 65, 65, 89, 65, 65, 65, 66, 121, 100, 87, 53, 50, 98, 50, 119, 65, 65, 65, 73, 65, 65, 65, 65, 111, 65, 65, 65, 65, 66, 65, 65, 65, 65, 71, 122, 43, 47, 47, 56, 73, 65, 65, 65, 65, 68, 65, 65, 65, 65, 65, 77, 65, 65, 65, 66, 116, 88, 106, 77, 65, 66, 81, 65, 65, 65, 72, 86, 117, 97, 88, 82, 122, 65, 65, 65, 65, 106, 80, 55, 47, 47, 119, 103, 65, 65, 65, 65, 52, 65, 65, 65, 65, 76, 65, 65, 65, 65, 69, 57, 49, 100, 71, 120, 108, 100, 67, 66, 121, 98, 51, 86, 48, 90, 87, 81, 103, 99, 51, 86, 121, 90, 109, 70, 106, 90, 83, 66, 121, 100, 87, 53, 118, 90, 109, 89, 103, 90, 71, 86, 115, 97, 88, 90, 108, 99, 110, 107, 103, 100, 109, 57, 115, 100, 87, 49, 108, 65, 65, 65, 65, 65, 65, 115, 65, 65, 65, 66, 107, 90, 88, 78, 106, 99, 109, 108, 119, 100, 71, 108, 118, 98, 103, 66, 111, 47, 118, 47, 47, 69, 65, 65, 65, 65, 66, 103, 65, 65, 65, 65, 65, 65, 65, 65, 67, 70, 65, 65, 65, 65, 70, 106, 43, 47, 47, 56, 81, 65, 65, 65, 65, 65, 65, 65, 65, 65, 81, 65, 65, 65, 65, 65, 75, 65, 65, 65, 65, 100, 50, 70, 48, 90, 88, 74, 102, 101, 87, 86, 104, 99, 103, 65, 65, 110, 80, 55, 47, 47, 120, 65, 65, 65, 65, 65, 89, 65, 65, 65, 65, 65, 65, 65, 65, 65, 104, 81, 65, 65, 65, 67, 77, 47, 118, 47, 47, 67, 65, 65, 65, 65, 65, 65, 65, 65, 65, 69, 65, 65, 65, 65, 65, 68, 65, 65, 65, 65, 71, 82, 104, 101, 86, 57, 118, 90, 108, 57, 116, 98, 50, 53, 48, 97, 65, 65, 65, 65, 65, 68, 85, 47, 118, 47, 47, 69, 65, 65, 65, 65, 66, 103, 65, 65, 65, 65, 65, 65, 65, 65, 67, 70, 65, 65, 65, 65, 77, 84, 43, 47, 47, 56, 73, 65, 65, 65, 65, 65, 65, 65, 65, 65, 81, 65, 65, 65, 65, 65, 70, 65, 65, 65, 65, 98, 87, 57, 117, 100, 71, 103, 65, 65, 65, 65, 69, 47, 47, 47, 47, 69, 65, 65, 65, 65, 66, 103, 65, 65, 65, 65, 65, 65, 65, 65, 67, 70, 65, 65, 65, 65, 80, 84, 43, 47, 47, 56, 81, 65, 65, 65, 65, 65, 65, 65, 65, 65, 81, 65, 65, 65, 65, 65, 71, 65, 65, 65, 65, 97, 110, 86, 115, 97, 87, 70, 117, 65, 65, 65, 65, 65, 66, 73, 65, 71, 65, 65, 85, 65, 65, 65, 65, 69, 119, 65, 73, 65, 65, 65, 65, 68, 65, 65, 69, 65, 66, 73, 65, 65, 65, 65, 52, 65, 65, 65, 65, 69, 65, 65, 65, 65, 66, 103, 65, 65, 65, 65, 65, 65, 65, 65, 67, 70, 65, 65, 65, 65, 68, 122, 47, 47, 47, 56, 103, 65, 65, 65, 65, 65, 65, 65, 65, 65, 81, 65, 65, 65, 65, 65, 78, 65, 65, 65, 65, 99, 50, 108, 116, 88, 50, 82, 104, 101, 86, 57, 112, 98, 109, 82, 108, 101, 65, 65, 65, 65, 65, 69, 65, 65, 65, 65, 77, 65, 65, 65, 65, 67, 65, 65, 77, 65, 65, 103, 65, 66, 65, 65, 73, 65, 65, 65, 65, 67, 65, 65, 65, 65, 67, 81, 65, 65, 65, 65, 89, 65, 65, 65, 65, 77, 83, 49, 112, 98, 109, 82, 108, 101, 71, 86, 107, 73, 72, 78, 112, 98, 88, 86, 115, 89, 88, 82, 112, 98, 50, 52, 103, 90, 71, 70, 53, 65, 65, 65, 65, 65, 65, 115, 65, 65, 65, 66, 107, 90, 88, 78, 106, 99, 109, 108, 119, 100, 71, 108, 118, 98, 103, 68, 81, 47, 47, 47, 47, 69, 65, 65, 65, 65, 66, 103, 65, 65, 65, 65, 65, 65, 65, 65, 67, 70, 65, 65, 65, 65, 77, 68, 47, 47, 47, 56, 81, 65, 65, 65, 65, 65, 65, 65, 65, 65, 81, 65, 65, 65, 65, 65, 69, 65, 65, 65, 65, 101, 87, 86, 104, 99, 103, 65, 65, 65, 65, 65, 81, 65, 66, 81, 65, 69, 65, 65, 65, 65, 65, 56, 65, 66, 65, 65, 65, 65, 65, 103, 65, 69, 65, 65, 65, 65, 66, 103, 65, 65, 65, 65, 103, 65, 65, 65, 65, 65, 65, 65, 65, 65, 104, 119, 65, 65, 65, 65, 73, 65, 65, 119, 65, 66, 65, 65, 76, 65, 65, 103, 65, 65, 65, 65, 103, 65, 65, 65, 65, 65, 65, 65, 65, 65, 81, 65, 65, 65, 65, 65, 72, 65, 65, 65, 65, 100, 50, 86, 119, 99, 70, 57, 112, 90, 65, 65, 61, 0, 24, 25, 112, 97, 114, 113, 117, 101, 116, 45, 114, 115, 32, 118, 101, 114, 115, 105, 111, 110, 32, 53, 52, 46, 51, 46, 49, 25, 252, 17, 28, 0, 0, 28, 0, 0, 28, 0, 0, 28, 0, 0, 28, 0, 0, 28, 0, 0, 28, 0, 0, 28, 0, 0, 28, 0, 0, 28, 0, 0, 28, 0, 0, 28, 0, 0, 28, 0, 0, 28, 0, 0, 28, 0, 0, 28, 0, 0, 28, 0, 0, 0, 227, 20, 0, 0, 80, 65, 82, 49])

---- h2637_active_and_shadow_are_mutually_exclusive stdout ----

thread 'h2637_active_and_shadow_are_mutually_exclusive' (1876688) panicked at tests/integration/laned_shadow_h2637.rs:486:10:
active + shadow must fail closed: HillslopeRunReport { output_pass: "/tmp/laned_shadow_h2637_active_shadow_conflict_1876684/output/H2637.hbp", output_loss: "/tmp/laned_shadow_h2637_active_shadow_conflict_1876684/output/H2637.loss.json", optional_outputs: ["/tmp/laned_shadow_h2637_active_shadow_conflict_1876684/output/H2637.pass.parquet"], manifest_path: "/tmp/laned_shadow_h2637_active_shadow_conflict_1876684/manifest.json", sidecar_warnings: [] }

---- h2637_active_and_disable_are_mutually_exclusive stdout ----

thread 'h2637_active_and_disable_are_mutually_exclusive' (1876687) panicked at tests/integration/laned_shadow_h2637.rs:517:10:
active + disable must fail closed: HillslopeRunReport { output_pass: "/tmp/laned_shadow_h2637_active_disable_conflict_1876684/output/H2637.hbp", output_loss: "/tmp/laned_shadow_h2637_active_disable_conflict_1876684/output/H2637.loss.json", optional_outputs: ["/tmp/laned_shadow_h2637_active_disable_conflict_1876684/output/H2637.pass.parquet"], manifest_path: "/tmp/laned_shadow_h2637_active_disable_conflict_1876684/manifest.json", sidecar_warnings: [] }


failures:
    h2637_active_and_disable_are_mutually_exclusive
    h2637_active_and_shadow_are_mutually_exclusive
    h2637_active_fails_closed_without_routing_coefficients
    h2637_legacy_shadow_fails_closed_without_routing_coefficients

test result: FAILED. 4 passed; 4 failed; 2 ignored; 0 measured; 0 filtered out; finished in 288.51s

error: test failed, to rerun pass `-p openwepp --test laned_shadow_h2637`
     Running tests/integration/mofe01_inter_ofe_route_contract.rs (target/llvm-cov-target/debug/deps/mofe01_inter_ofe_route_contract-cb226e23b6c983da)

running 3 tests
test mofe01_mg_erosion_qin_boundary_contract_authority_is_present ... ok
test mofe01_mi_hillslope_total_closure_contract_authority_is_present ... ok
test mofe01_mb_inter_ofe_route_contract_authority_is_present ... ok

test result: ok. 3 passed; 0 failed; 0 ignored; 0 measured; 0 filtered out; finished in 0.02s

     Running tests/integration/mofe04_publication_contract_authority_closure_contract.rs (target/llvm-cov-target/debug/deps/mofe04_publication_contract_authority_closure_contract-a8aa1f935f29e821)

running 1 test
test mofe04_addenda_are_present_in_required_contracts ... ok

test result: ok. 1 passed; 0 failed; 0 ignored; 0 measured; 0 filtered out; finished in 0.05s

     Running tests/integration/mofe05_watershed_contributor_metadata_contract_authority_closure_contract.rs (target/llvm-cov-target/debug/deps/mofe05_watershed_contributor_metadata_contract_authority_closure_contract-97cb53e4694fee99)

running 1 test
test mofe05_addenda_are_present_in_required_contracts ... ok

test result: ok. 1 passed; 0 failed; 0 ignored; 0 measured; 0 filtered out; finished in 0.01s

     Running tests/integration/owcmp_agent_config_contract.rs (target/llvm-cov-target/debug/deps/owcmp_agent_config_contract-34809f9f3fd6b634)

running 2 tests
test comparator_suite_runner_is_registered_and_uses_spark_model ... ok
test comparator_suite_runner_discovers_owcmp_not_retired_legacy_suite ... ok

test result: ok. 2 passed; 0 failed; 0 ignored; 0 measured; 0 filtered out; finished in 0.00s

     Running tests/integration/owcmp_cli_contract.rs (target/llvm-cov-target/debug/deps/owcmp_cli_contract-f8668dfb7f0f0f12)

running 12 tests
test owcmp_declares_pl14s_contract_markers_and_deferred_observe_boundary ... ok
test owcmp_observe_normalize_is_deferred ... ok
test owcmp_summarize_reports_failed_commands_as_failed_verdict ... ok
test owcmp_batch_h1_h39_semantic_missing_inputs_emit_failure_artifacts ... ok
test owcmp_manifest_list_discovers_seeded_suites ... ok
test owcmp_summarize_reports_policy_skipped_commands_as_skipped ... ok
test owcmp_wat_semantic_rejects_duplicate_row_keys ... ok
test owcmp_batch_h1_h39_semantic_command_failure_emits_failure_artifacts ... ok
test owcmp_pl14s_run_emits_provenance_with_strict_and_semantic_lanes ... ok
test owcmp_summarize_emits_compact_json_and_markdown ... ok
test owcmp_batch_h1_h39_semantic_emits_compact_summary ... ok
test owcmp_env_checks_temp_manifest_and_rejects_inventory_run ... ok

test result: ok. 12 passed; 0 failed; 0 ignored; 0 measured; 0 filtered out; finished in 0.42s

     Running tests/integration/paradigm2_multilayer_promotion.rs (target/llvm-cov-target/debug/deps/paradigm2_multilayer_promotion-62b1c1a536ffb185)

running 4 tests
test selector_remains_internal_and_hbp_temperature_serialization_is_deferred ... ok
test direct_publication_consumes_stage3_diagnostics_and_default_path_is_null ... ok
test promotion_contract_and_package_ratify_supported_opt_in_capability ... ok
test meltwater_temperature_is_a_supported_nullable_wat_output ... ok

test result: ok. 4 passed; 0 failed; 0 ignored; 0 measured; 0 filtered out; finished in 0.07s

     Running tests/integration/paradigm2_stage0_surface_energy_balance_contract.rs (target/llvm-cov-target/debug/deps/paradigm2_stage0_surface_energy_balance_contract-121cf19a031e6cd2)

running 4 tests
test clean_room_provenance_records_cc0_and_equation_sources ... ok
test stage0_package_declares_pure_surface_energy_boundary ... ok
test meteorology_surface_energy_module_is_public_and_complete ... ok
test production_runtime_sources_only_wire_stage0_flux_primitives_through_stage3_opt_in ... ok

test result: ok. 4 passed; 0 failed; 0 ignored; 0 measured; 0 filtered out; finished in 0.45s

     Running tests/integration/paradigm2_stage1_layered_snow_density.rs (target/llvm-cov-target/debug/deps/paradigm2_stage1_layered_snow_density-aec75ba96ac262f6)

running 6 tests
test multilayer_density_adds_new_snow_as_surface_layer ... ok
test multilayer_density_respects_aggregate_density_cap ... ok
test multilayer_density_uses_local_overburden_top_to_bottom ... ok
test multilayer_density_fails_closed_on_bad_layer_aggregate ... ok
test r4g_snow_coupling_persists_layer_stack_into_winter_column_and_carry ... ok
test stage1_contract_and_selector_are_package_bound ... ok

test result: ok. 6 passed; 0 failed; 0 ignored; 0 measured; 0 filtered out; finished in 0.02s

     Running tests/integration/paradigm2_stage2_snow_frost_insulation_profile.rs (target/llvm-cov-target/debug/deps/paradigm2_stage2_snow_frost_insulation_profile-3934d99ad4e95ecd)

running 2 tests
test stage2_internal_selector_not_user_cli_exposed ... ok
test stage2_contract_package_and_trace_are_bound ... ok

test result: ok. 2 passed; 0 failed; 0 ignored; 0 measured; 0 filtered out; finished in 0.02s

     Running tests/integration/paradigm2_stage3_decouple_water_temperature.rs (target/llvm-cov-target/debug/deps/paradigm2_stage3_decouple_water_temperature-cbbd5adb55a3d766)

running 3 tests
test stage3_decouple_carries_geometry_but_removes_density_gradient ... ok
test stage3_decouple_synthesizes_bulk_equivalent_layers_without_stage1_density ... ok
test stage3_decouple_contract_package_and_selector_are_bound ... ok

test result: ok. 3 passed; 0 failed; 0 ignored; 0 measured; 0 filtered out; finished in 0.01s

     Running tests/integration/paradigm2_stage3_liquid_routing_meltwater_temperature.rs (target/llvm-cov-target/debug/deps/paradigm2_stage3_liquid_routing_meltwater_temperature-7372b7ab055442a2)

running 6 tests
test stage3_caps_persisted_cold_content_to_current_layer_mass ... ok
test stage3_disabled_default_leaves_diagnostics_off ... ok
test stage3_accepts_bulk_density_model_after_decouple ... ok
test stage3_routes_liquid_closes_energy_and_produces_typed_temperature ... ok
test stage3_internal_selector_not_user_cli_exposed ... ok
test stage3_contract_package_and_selector_are_bound ... ok

test result: ok. 6 passed; 0 failed; 0 ignored; 0 measured; 0 filtered out; finished in 0.02s

     Running tests/integration/pl14_tier_a_candidate_replay_contract.rs (target/llvm-cov-target/debug/deps/pl14_tier_a_candidate_replay_contract-11fbc1c676db2d09)

running 7 tests
test pl14_contract_conformance_rejects_key_domain_mismatch_before_comparator_promotion ... ok
test pl14_contract_conformance_rejects_missing_or_mismatched_single_ofe_metadata ... ok
test pl14_contract_conformance_requires_nonzero_replay_span_overlap_for_promotion ... ok
test pl14_contract_conformance_emits_replay_staging_rows_with_canonical_25_columns ... ok
test pl14_contract_conformance_rejects_missing_required_replay_symbol ... ok
test pl14_contract_conformance_requires_total_soil_in_investigation_columns ... ok
test pl14_contract_conformance_routes_single_ofe_daily_lane_to_higher_confidence ... ok

test result: ok. 7 passed; 0 failed; 0 ignored; 0 measured; 0 filtered out; finished in 0.00s

     Running tests/integration/pl14r_tier_a_replay_rerun_contract.rs (target/llvm-cov-target/debug/deps/pl14r_tier_a_replay_rerun_contract-97f7312455ba2921)

running 9 tests
test pl14r_contract_conformance_holds_when_required_surface_missing_or_strict_failure_present ... ok
test pl14r_contract_conformance_holds_when_strict_source_is_non_promotable ... ok
test pl14r_contract_conformance_rejects_skipped_strict_lane_for_dat_mode ... ok
test pl14r_contract_conformance_rejects_missing_required_single_ofe_metadata ... ok
test pl14r_contract_conformance_requires_complete_hash_provenance_for_pass ... ok
test pl14r_contract_conformance_requires_interchange_wat_and_pass_include_surfaces ... ok
test pl14r_contract_conformance_requires_strict_equivalent_compensation_when_parquet_strict_skips ... ok
test pl14r_contract_conformance_routes_single_ofe_daily_lane_to_higher_confidence ... ok
test pl14r_contract_conformance_wb13_rows_remain_canonical_25_column_schema ... ok

test result: ok. 9 passed; 0 failed; 0 ignored; 0 measured; 0 filtered out; finished in 0.00s

     Running tests/integration/pl14s_tier_a_candidate_emission_and_replay_contract.rs (target/llvm-cov-target/debug/deps/pl14s_tier_a_candidate_emission_and_replay_contract-d2a16be6f4fb3baf)

running 8 tests
test pl14s_contract_conformance_classifies_candidate_source_provenance ... ok
test pl14s_contract_conformance_enforces_strict_lane_required_vs_strict_equivalent_modes ... ok
test pl14s_contract_conformance_requires_conversion_dat_row_consistency_for_evidence_readiness ... ok
test pl14s_contract_conformance_routes_single_ofe_daily_lane_to_higher_confidence ... ok
test pl14s_contract_conformance_declares_semantic_report_and_provenance_schema_markers ... ok
test pl14s_contract_conformance_rejects_duplicate_row_keys_in_semantic_lane_inputs ... ok
test simimpl18_contract_requires_cold_day_partition_zero_rm_and_runtime_snow_storage ... ok
test simimpl18_contract_requires_multi_day_storage_state_mutation ... ok

test result: ok. 8 passed; 0 failed; 0 ignored; 0 measured; 0 filtered out; finished in 38.61s

     Running tests/integration/pl15_tier_a_delta_closeout_contract.rs (target/llvm-cov-target/debug/deps/pl15_tier_a_delta_closeout_contract-ab8e795c73285310)

running 4 tests
test pl15_contract_conformance_flags_plot_artifact_absence_from_pl14_replay ... ok
test pl15_contract_conformance_requires_explicit_risk_acceptance_reference ... ok
test pl15_contract_conformance_routes_tier_a_surface_as_higher_confidence ... ok
test pl15_contract_conformance_flags_wat_structure_delta_from_pl14_replay ... ok

test result: ok. 4 passed; 0 failed; 0 ignored; 0 measured; 0 filtered out; finished in 0.00s

     Running tests/integration/pl15r_tier_a_delta_recloseout_contract.rs (target/llvm-cov-target/debug/deps/pl15r_tier_a_delta_recloseout_contract-c62718104fb41d78)

running 5 tests
test pl15r_contract_conformance_requires_day_by_day_25_measure_parity ... ok
test pl15r_contract_conformance_requires_explicit_risk_acceptance_only_when_blockers_remain ... ok
test pl15r_contract_conformance_requires_schema_aligned_plot_strict_pass ... ok
test pl15r_contract_conformance_routes_tier_a_surface_as_higher_confidence ... ok
test pl15r_contract_conformance_requires_schema_aligned_wat_strict_pass ... ok

test result: ok. 5 passed; 0 failed; 0 ignored; 0 measured; 0 filtered out; finished in 0.00s

     Running tests/integration/sim_contract_boundary_unit_registry.rs (target/llvm-cov-target/debug/deps/sim_contract_boundary_unit_registry-12c3c0f9e79b4c74)

running 21 tests
test cqr16_boundary_registry_authority_field_display_messages_are_stable ... ok
test cqr16_boundary_registry_conflict_display_messages_are_stable ... ok
test cqr16_boundary_registry_required_field_display_messages_are_stable ... ok
test cqr16_boundary_registry_shape_and_lookup_display_messages_are_stable ... ok
test cqr16_output_registry_authority_display_messages_are_stable ... ok
test cqr16_output_registry_display_messages_are_stable ... ok
test registry_rejects_bad_templates_and_ambiguous_template_matches ... ok
test registry_rejects_duplicate_and_ambiguous_aliases ... ok
test registry_rejects_missing_dimensional_units_and_missing_scalar_exception_reasons ... ok
test registry_rejects_duplicate_publication_aliases ... ok
test canonical_registry_contains_hydrology_et_percolation_publication_units ... ok
test canonical_registry_keeps_prcp_meters_distinct_from_p_publication_mm ... ok
test hphys0290_registry_declares_post_winter_rain_flux_metadata ... ok
test wshed01_totalwatsed3_runoff_unit_lineage_is_pass_volume_publication ... ok
test hphys0278_output_registry_rejects_stale_boundary_units_and_unexplained_publication_units ... ok
test canonical_registry_resolves_climate_soil_and_snow_runtime_aliases ... ok
test canonical_registry_gate_rejects_missing_required_aliases ... ok
test hphys0275_registry_marks_only_migrated_aliases_typed_required ... ok
test registry_units_cover_hillslope_wat_schema_metadata ... ok
test hphys0278_dynamic_row_level_output_units_are_registry_governed ... ok
test hphys0278_output_unit_registry_covers_output_schema_unit_metadata ... ok

test result: ok. 21 passed; 0 failed; 0 ignored; 0 measured; 0 filtered out; finished in 0.50s

     Running tests/integration/sim_contract_closure_checks.rs (target/llvm-cov-target/debug/deps/sim_contract_closure_checks-61d2d53d7a2e85a8)

running 6 tests
test count_check_rejects_cardinality_mismatch ... ok
test finite_check_accepts_finite_values ... ok
test finite_check_rejects_nan_with_typed_violation ... ok
test min_check_rejects_negative_values_with_typed_violation ... ok
test range_and_unit_interval_checks_enforce_domain_bounds ... ok
test residual_check_enforces_closure_tolerance ... ok

test result: ok. 6 passed; 0 failed; 0 ignored; 0 measured; 0 filtered out; finished in 0.00s

     Running tests/integration/sim_contract_status_taxonomy.rs (target/llvm-cov-target/debug/deps/sim_contract_status_taxonomy-b47bf54f260e9d04)

running 11 tests
test advisory_constructor_rejects_failure_boundary_class ... ok
test boundary_advisory_class_without_clamp_is_warning ... ok
test boundary_class_strings_mappings_and_advisory_construction_are_exhaustive ... ok
test clamp_status_is_classified_as_advisory ... ok
test clamp_strings_and_classification_severity_mappings_are_exhaustive ... ok
test empty_message_id_is_rejected ... ok
test nominal_status_is_classified_as_ok ... ok
test non_finite_status_is_classified_as_failure ... ok
test simulation_phase_strings_are_exhaustive_and_stable ... ok
test status_construction_and_classification_precedence_are_stable ... ok
test status_error_display_strings_are_stable ... ok

test result: ok. 11 passed; 0 failed; 0 ignored; 0 measured; 0 filtered out; finished in 0.00s

     Running tests/integration/sim_contract_symbol_alias_registry.rs (target/llvm-cov-target/debug/deps/sim_contract_symbol_alias_registry-dbc3f434b2e39b9e)

running 13 tests
test constructor_rejects_ambiguous_boundary_aliases ... ok
test constructor_rejects_ambiguous_template_alias_strings ... ok
test constructor_rejects_invalid_template_token ... ok
test constructor_rejects_duplicate_rows ... ok
test reverse_lookup_reports_ambiguous_template_matches ... ok
test canonical_wepp_registry_contains_pl04_schedule_growth_and_decomp_alias_entries ... ok
test canonical_wepp_registry_contains_arch03_baseline_aliases ... ok
test canonical_wepp_registry_contains_sr04_slope_soil_alias_entries ... ok
test canonical_wepp_registry_contains_pl11_slot_crop_projection_alias_entries ... ok
test missing_canonical_or_boundary_alias_returns_typed_errors ... ok
test reverse_lookup_resolves_each_boundary_alias_to_single_canonical_symbol ... ok
test reverse_lookup_resolves_pl11_slot_crop_projection_aliases ... ok
test reverse_lookup_resolves_pl04_aliases_to_single_canonical_symbol ... ok

test result: ok. 13 passed; 0 failed; 0 ignored; 0 measured; 0 filtered out; finished in 0.00s

     Running tests/integration/snowdensity02_contract_adr_guard.rs (target/llvm-cov-target/debug/deps/snowdensity02_contract_adr_guard-7943bdfe93ff1094)

running 3 tests
test snowdensity02_adr_records_deliberate_legacy_divergence_without_default_activation ... ok
test snowdensity02_package_closes_as_contract_only_with_follow_on_runtime_hold ... ok
test snowdensity02_contract_ratifies_opt_in_physics_bulk_envelope ... ok

test result: ok. 3 passed; 0 failed; 0 ignored; 0 measured; 0 filtered out; finished in 0.01s

     Running tests/integration/snowdensity03_physics_bulk_offline_contract.rs (target/llvm-cov-target/debug/deps/snowdensity03_physics_bulk_offline_contract-4661b963e63ee40b)

running 2 tests
test physics_bulk_runtime_mentions_are_confined_to_authorized_opt_in_surfaces ... ok
test physics_bulk_snowbench_runs_offline_for_snotel_fixture has been running for over 60 seconds
test physics_bulk_snowbench_runs_offline_for_snotel_fixture ... ok

test result: ok. 2 passed; 0 failed; 0 ignored; 0 measured; 0 filtered out; finished in 67.06s

     Running tests/integration/snowdensity05a_melt_contract_guard.rs (target/llvm-cov-target/debug/deps/snowdensity05a_melt_contract_guard-51fe32d292657071)

running 3 tests
test snowdensity05a_package_closes_as_contract_only_with_follow_on_handoff ... ok
test snowdensity05a_contract_reconciles_bmelt_signed_trace_convention ... ok
test snowdensity05a_contract_ratifies_melt_modernization_envelope ... ok

test result: ok. 3 passed; 0 failed; 0 ignored; 0 measured; 0 filtered out; finished in 0.01s

     Running tests/integration/snowdensity05b_shortwave_source_contract.rs (target/llvm-cov-target/debug/deps/snowdensity05b_shortwave_source_contract-e90e624db5a6c5b6)

running 3 tests
test snowdensity05b_package_closes_source_binding_without_runtime_changes ... ok
test snowdensity05b_contract_preserves_climate_and_et_shared_authority ... ok
test snowdensity05b_contract_binds_shortwave_source_authority ... ok

test result: ok. 3 passed; 0 failed; 0 ignored; 0 measured; 0 filtered out; finished in 0.02s

     Running tests/integration/snowdensity05c_albedo_state_core.rs (target/llvm-cov-target/debug/deps/snowdensity05c_albedo_state_core-4e099fc159a0e833)

running 5 tests
test snowdensity05c_brock_core_bounds_decay_and_resets ... ok
test snowdensity05c_core_is_inactive_for_legacy_coe_default ... ok
test snowdensity05c_core_fails_closed_when_opt_in_state_is_missing ... ok
test snowdensity05c_package_closes_with_05d_handoff ... ok
test snowdensity05c_contract_ratifies_albedo_state_core ... ok

test result: ok. 5 passed; 0 failed; 0 ignored; 0 measured; 0 filtered out; finished in 0.02s

     Running tests/integration/snowdensity05d_opt_in_coe_melt.rs (target/llvm-cov-target/debug/deps/snowdensity05d_opt_in_coe_melt-563cf7f45af38b5c)

running 4 tests
test snowdensity05d_missing_active_opt_in_albedo_state_fails_closed ... ok
test snowdensity05d_direct_runtime_projects_routed_melt_and_albedo_carry ... ok
test snowdensity05d_opt_in_changes_only_shortwave_amelt_operand ... ok
test snowdensity05d_contract_markers_bind_opt_in_melt_wiring ... ok

test result: ok. 4 passed; 0 failed; 0 ignored; 0 measured; 0 filtered out; finished in 0.01s

     Running tests/integration/snowdensity05e_melt_adjudication.rs (target/llvm-cov-target/debug/deps/snowdensity05e_melt_adjudication-f05e56c9de689e88)

running 2 tests
test coe_melt_adjudication_tool_is_documented_as_non_activation ... ok
test coe_melt_snowbench_runs_both_models_as_diagnostic_only has been running for over 60 seconds
test coe_melt_snowbench_runs_both_models_as_diagnostic_only ... ok

test result: ok. 2 passed; 0 failed; 0 ignored; 0 measured; 0 filtered out; finished in 155.69s

     Running tests/integration/snowdensity05f_melt_closure_handoff.rs (target/llvm-cov-target/debug/deps/snowdensity05f_melt_closure_handoff-5905dbd160c74fad)

running 3 tests
test snowdensity05f_package_closes_with_density_handoff ... ok
test snowdensity05f_production_default_and_cli_remain_confined ... ok
test snowdensity05f_contract_closes_melt_without_default_activation ... ok

test result: ok. 3 passed; 0 failed; 0 ignored; 0 measured; 0 filtered out; finished in 0.03s

     Running tests/integration/snowdensity05g_harness_fidelity_rerun.rs (target/llvm-cov-target/debug/deps/snowdensity05g_harness_fidelity_rerun-3b38149690046394)

running 3 tests
test snowdensity05g_package_and_source_preserve_diagnostic_confinement ... ok
test snowdensity05g_contract_records_harness_fidelity_gate ... ok
test snowdensity05g_coe_melt_replay_uses_configured_canopy_and_proven_shortwave has been running for over 60 seconds
test snowdensity05g_coe_melt_replay_uses_configured_canopy_and_proven_shortwave ... ok

test result: ok. 3 passed; 0 failed; 0 ignored; 0 measured; 0 filtered out; finished in 76.09s

     Running tests/integration/snowdensity06_density_compaction.rs (target/llvm-cov-target/debug/deps/snowdensity06_density_compaction-687fb55c63200f86)

running 3 tests
test density_compaction_variant_preserves_melt_and_changes_density_only ... ok
test snowdensity06_contract_records_density_only_gate ... ok
test density_compaction_snowbench_runs_offline_with_closure has been running for over 60 seconds
test density_compaction_snowbench_runs_offline_with_closure ... ok

test result: ok. 3 passed; 0 failed; 0 ignored; 0 measured; 0 filtered out; finished in 71.51s

     Running tests/integration/snowdensity06b_coe_bound_density_replay.rs (target/llvm-cov-target/debug/deps/snowdensity06b_coe_bound_density_replay-5d6f6ceaa8637127)

running 3 tests
test coe_bound_density_rejects_non_density_compaction_variants ... ok
test snowdensity06b_contract_records_coe_bound_density_gate ... ok
test coe_bound_density_replay_preserves_coe_swe_and_changes_density_surface has been running for over 60 seconds
test coe_bound_density_replay_preserves_coe_swe_and_changes_density_surface ... ok

test result: ok. 3 passed; 0 failed; 0 ignored; 0 measured; 0 filtered out; finished in 82.16s

     Running tests/integration/snowdensity07_runtime_opt_in.rs (target/llvm-cov-target/debug/deps/snowdensity07_runtime_opt_in-0fafba321bb3ae0a)

running 4 tests
test snowdensity07_r4g_projects_runtime_and_boundary_carry_without_compat_edge ... ok
test snowdensity07_opt_in_changes_only_runtime_density_depth_surface ... ok
test snowdensity07_runtime_opt_in_is_superseded_by_10_3_15_default_activation ... ok
test snowdensity07_contract_and_package_bind_runtime_opt_in_authority ... ok

test result: ok. 4 passed; 0 failed; 0 ignored; 0 measured; 0 filtered out; finished in 0.01s

     Running tests/integration/snowdensity08_gate_rerun.rs (target/llvm-cov-target/debug/deps/snowdensity08_gate_rerun-27311dba54a40bb1)

running 3 tests
test snowdensity08_executed_report_keeps_frost_attribution_blocked ... ok
test snowdensity08_default_is_superseded_by_10_3_15_and_script_reports_blocker ... ok
test snowdensity08_contract_and_package_bind_gate_rerun_authority ... ok

test result: ok. 3 passed; 0 failed; 0 ignored; 0 measured; 0 filtered out; finished in 0.01s

     Running tests/integration/snowdensity09_coupled_wat_rerun.rs (target/llvm-cov-target/debug/deps/snowdensity09_coupled_wat_rerun-889e8c4e1254e003)

running 4 tests
test snowdensity09_script_preserves_coupled_path_and_report_contract ... ok
test snowdensity09_executed_report_is_truthful_if_present ... ok
test snowdensity09_selector_is_now_10_3_15_default_with_legacy_rollback ... ok
test snowdensity09_contract_and_package_authorize_diagnostic_coupled_wat ... ok

test result: ok. 4 passed; 0 failed; 0 ignored; 0 measured; 0 filtered out; finished in 0.01s

     Running tests/integration/snowdensity10_3_10_spring_pack_depletion_compaction.rs (target/llvm-cov-target/debug/deps/snowdensity10_3_10_spring_pack_depletion_compaction-2e0e0e4eabac7839)

running 3 tests
test snowdensity10_3_10_package_defines_density_cap_feasibility_gate ... ok
test snowdensity10_3_10_tool_preserves_diagnostic_boundaries ... ok
test snowdensity10_3_10_committed_report_has_required_disposition ... ok

test result: ok. 3 passed; 0 failed; 0 ignored; 0 measured; 0 filtered out; finished in 0.00s

     Running tests/integration/snowdensity10_3_11_spring_compaction_densification.rs (target/llvm-cov-target/debug/deps/snowdensity10_3_11_spring_compaction_densification-b51185d5256e13ca)

running 4 tests
test runtime_candidate_preserves_swe_and_density_cap ... ok
test selector_and_tool_keep_diagnostic_boundaries ... ok
test executed_report_records_coupled_candidate_disposition ... ok
test contract_and_package_bind_spring_densification_candidate ... ok

test result: ok. 4 passed; 0 failed; 0 ignored; 0 measured; 0 filtered out; finished in 0.01s

     Running tests/integration/snowdensity10_3_12_bundle_activation_adjudication.rs (target/llvm-cov-target/debug/deps/snowdensity10_3_12_bundle_activation_adjudication-b209e2785b41b794)

running 3 tests
test tool_uses_real_direct_bundle_and_preserves_boundaries ... ok
test executed_report_records_hold_not_activation ... ok
test contract_and_package_bind_bundle_activation_boundary ... ok

test result: ok. 3 passed; 0 failed; 0 ignored; 0 measured; 0 filtered out; finished in 0.01s

     Running tests/integration/snowdensity10_3_13_residual_policy_b_diagnostic.rs (target/llvm-cov-target/debug/deps/snowdensity10_3_13_residual_policy_b_diagnostic-822725b396540a48)

running 3 tests
test tool_preserves_diagnostic_boundaries_and_uses_real_wat_lineage ... ok
test executed_report_records_transition_diagnostic_not_activation ... ok
test contract_and_package_bind_residual_policy_b_diagnostic ... ok

test result: ok. 3 passed; 0 failed; 0 ignored; 0 measured; 0 filtered out; finished in 0.01s

     Running tests/integration/snowdensity10_3_14_policy_b_no_regression_cap_authority.rs (target/llvm-cov-target/debug/deps/snowdensity10_3_14_policy_b_no_regression_cap_authority-a75a2854aacde589)

running 3 tests
test tool_preserves_active_cap_and_protected_boundaries ... ok
test executed_report_records_policy_b_readiness_under_active_cap_only ... ok
test contract_and_package_bind_policy_b_cap_authority ... ok

test result: ok. 3 passed; 0 failed; 0 ignored; 0 measured; 0 filtered out; finished in 0.02s

     Running tests/integration/snowdensity10_3_15_default_activation_active_cap.rs (target/llvm-cov-target/debug/deps/snowdensity10_3_15_default_activation_active_cap-ef6382e934d45c02)

running 4 tests
test diagnostic_tool_proves_no_env_default_and_rollback_boundaries ... ok
test implementation_selects_activated_default_without_user_surface ... ok
test executed_report_records_default_activation_and_residual_blocker ... ok
test contract_and_package_bind_default_activation_authority ... ok

test result: ok. 4 passed; 0 failed; 0 ignored; 0 measured; 0 filtered out; finished in 0.02s

     Running tests/integration/snowdensity10_3_16_open_surface_ablation_stage_a.rs (target/llvm-cov-target/debug/deps/snowdensity10_3_16_open_surface_ablation_stage_a-b95870738609d93b)

running 3 tests
test stage_a_exports_vapor_without_routing_it_as_liquid ... ok
test selector_and_trace_are_opt_in_only ... ok
test contract_and_package_bind_stage_a_without_activation ... ok

test result: ok. 3 passed; 0 failed; 0 ignored; 0 measured; 0 filtered out; finished in 0.01s

     Running tests/integration/snowdensity10_3_17_shallow_pack_compaction_guard.rs (target/llvm-cov-target/debug/deps/snowdensity10_3_17_shallow_pack_compaction_guard-6b059053357ec4c1)

running 4 tests
test shallow_guard_reduces_only_shallow_density_aggression ... ok
test selector_and_tool_keep_diagnostic_boundaries ... ok
test executed_report_records_coupled_candidate_disposition ... ok
test contract_and_package_bind_shallow_guard_candidate ... ok

test result: ok. 4 passed; 0 failed; 0 ignored; 0 measured; 0 filtered out; finished in 0.01s

     Running tests/integration/snowdensity10_3_18_cross_snotel_mechanism_rubric.rs (target/llvm-cov-target/debug/deps/snowdensity10_3_18_cross_snotel_mechanism_rubric-12d114e7aba80d02)

running 2 tests
test package_keeps_no_activation_boundary ... ok
test cross_snotel_rubric_tool_is_diagnostic_and_contract_bound ... ok

test result: ok. 2 passed; 0 failed; 0 ignored; 0 measured; 0 filtered out; finished in 0.00s

     Running tests/integration/snowdensity10_3_19_harder_pomeroy_default_activation.rs (target/llvm-cov-target/debug/deps/snowdensity10_3_19_harder_pomeroy_default_activation-38221929dca877a9)

running 4 tests
test activation_tool_is_policy_b_bound_and_not_a_runfile_disable_surface ... ok
test implementation_selects_harder_pomeroy_without_env_and_preserves_rollback ... ok
test contract_and_package_bind_harder_pomeroy_default_activation ... ok
test executed_report_records_activation_gates_and_release_notes ... ok

test result: ok. 4 passed; 0 failed; 0 ignored; 0 measured; 0 filtered out; finished in 0.09s

     Running tests/integration/snowdensity10_3_1a_per_day_cancov.rs (target/llvm-cov-target/debug/deps/snowdensity10_3_1a_per_day_cancov-d17f9538996b3427)

running 3 tests
test snowdensity10_3_1a_source_uses_direct_runtime_series_not_scalar_replay ... ok
test snowdensity10_3_1a_contract_and_package_bind_daily_cancov ... ok
test snowdensity10_3_1a_coe_melt_consumes_daily_canopy_sidecar has been running for over 60 seconds
test snowdensity10_3_1a_coe_melt_consumes_daily_canopy_sidecar ... ok

test result: ok. 3 passed; 0 failed; 0 ignored; 0 measured; 0 filtered out; finished in 76.26s

     Running tests/integration/snowdensity10_3_20_sublimation_stage_b_unlock.rs (target/llvm-cov-target/debug/deps/snowdensity10_3_20_sublimation_stage_b_unlock-7b525b1e7f7fa05a)

running 4 tests
test stage_b_surface_temperature_gate_reduces_stage_a_sublimation_without_liquid_routing ... ok
test stage_b_selector_is_opt_in_and_no_user_surface_is_added ... ok
test contract_and_package_bind_stage_b_unlock_authority ... ok
test tool_and_report_bind_primary_rubric_and_conservation_gates ... ok

test result: ok. 4 passed; 0 failed; 0 ignored; 0 measured; 0 filtered out; finished in 0.17s

     Running tests/integration/snowdensity10_3_21_post_partition_residual_decomposition.rs (target/llvm-cov-target/debug/deps/snowdensity10_3_21_post_partition_residual_decomposition-a87c09ba0f7b5dfc)

running 3 tests
test package_and_tool_are_diagnostic_only_and_authority_bound ... ok
test strategy_records_10_3_21_as_threshold_input_not_frost_unblock ... ok
test committed_report_decomposes_current_default_without_unblocking_frost ... ok

test result: ok. 3 passed; 0 failed; 0 ignored; 0 measured; 0 filtered out; finished in 0.01s

     Running tests/integration/snowdensity10_3_22_climate_class_density_specialization.rs (target/llvm-cov-target/debug/deps/snowdensity10_3_22_climate_class_density_specialization-0109b13ea23d8c3b)

running 5 tests
test climate_class_candidate_requires_authoritative_operands_and_conserves_when_explicit ... ok
test sturm2010_density_parameters_are_explicit_and_ephemeral_fails_closed ... ok
test sturm1995_thresholds_and_tree_are_source_bound_and_fail_closed ... ok
test selector_is_internal_opt_in_only_and_artifact_records_non_promotion ... ok
test contract_and_package_bind_source_verified_climate_class_candidate ... ok

test result: ok. 5 passed; 0 failed; 0 ignored; 0 measured; 0 filtered out; finished in 0.02s

     Running tests/integration/snowdensity10_3_3_gradient_melt_adjudication.rs (target/llvm-cov-target/debug/deps/snowdensity10_3_3_gradient_melt_adjudication-b12aae40108f7fd4)

running 3 tests
test snowdensity10_3_3_package_defines_gradient_melt_gate ... ok
test snowdensity10_3_3_tool_preserves_diagnostic_boundaries ... ok
test snowdensity10_3_3_committed_report_has_required_regime_profiles ... ok

test result: ok. 3 passed; 0 failed; 0 ignored; 0 measured; 0 filtered out; finished in 0.07s

     Running tests/integration/snowdensity10_3_4_maritime_overaccumulation_diagnosis.rs (target/llvm-cov-target/debug/deps/snowdensity10_3_4_maritime_overaccumulation_diagnosis-f56fa858728b6afc)

running 3 tests
test snowdensity10_3_4_package_defines_maritime_diagnosis_gate ... ok
test snowdensity10_3_4_tool_preserves_diagnostic_boundaries ... ok
test snowdensity10_3_4_committed_report_has_ranked_disposition ... ok

test result: ok. 3 passed; 0 failed; 0 ignored; 0 measured; 0 filtered out; finished in 0.00s

     Running tests/integration/snowdensity10_3_5a_meteorology_crate_contract.rs (target/llvm-cov-target/debug/deps/snowdensity10_3_5a_meteorology_crate_contract-b85aeb2c086cedc8)

running 2 tests
test meteorology_crate_is_workspace_member_and_limited_to_authorized_followup_seam ... ok
test contract_declares_candidate_meteorology_scope_without_rst_cutover ... ok

test result: ok. 2 passed; 0 failed; 0 ignored; 0 measured; 0 filtered out; finished in 0.01s

     Running tests/integration/snowdensity10_3_5b_hourly_partition_jennings_contract.rs (target/llvm-cov-target/debug/deps/snowdensity10_3_5b_hourly_partition_jennings_contract-ce76917a62fb1dd5)

running 4 tests
test test_target_is_registered_for_contract_gate_execution ... ok
test jennings_validator_writes_compact_report_from_station_thresholds ... ok
test package_and_index_bind_the_10_3_5b_execution_scope ... ok
test contract_authorizes_only_opt_in_hourly_partition_with_rollback ... ok

test result: ok. 4 passed; 0 failed; 0 ignored; 0 measured; 0 filtered out; finished in 0.02s

     Running tests/integration/snowdensity10_3_5c_phase_partition_snowdepth_impact.rs (target/llvm-cov-target/debug/deps/snowdensity10_3_5c_phase_partition_snowdepth_impact-18044890649b3ad0)

running 4 tests
test package_binds_phase_partition_snow_depth_impact_scope ... ok
test diagnostic_tool_uses_direct_wat_path_not_snowbench_replay ... ok
test work_package_index_and_test_target_are_registered ... ok
test executed_report_records_disposition_and_boundaries ... ok

test result: ok. 4 passed; 0 failed; 0 ignored; 0 measured; 0 filtered out; finished in 0.00s

     Running tests/integration/snowdensity10_3_6_winter_thaw_melt_response.rs (target/llvm-cov-target/debug/deps/snowdensity10_3_6_winter_thaw_melt_response-b6db79de7318274b)

running 4 tests
test package_binds_winter_thaw_melt_response_scope ... ok
test executed_report_records_event_window_disposition ... ok
test work_package_index_and_test_target_are_registered ... ok
test diagnostic_tool_preserves_legacy_coe_replay_boundary ... ok

test result: ok. 4 passed; 0 failed; 0 ignored; 0 measured; 0 filtered out; finished in 0.00s

     Running tests/integration/snowdensity10_3_7_winter_thaw_melt_response_correction.rs (target/llvm-cov-target/debug/deps/snowdensity10_3_7_winter_thaw_melt_response_correction-d157218b3a2e54d4)

running 8 tests
test opt_in_routes_positive_low_density_thaw_melt_to_state_loss ... ok
test opt_in_state_loss_is_conservation_closed_and_routed ... ok
test thaw_state_loss_candidate_does_not_require_albedo_state ... ok
test snowbench_selector_parses_candidate ... ok
test coupled_gate_tool_and_report_record_real_wat_evidence ... ok
test direct_production_exposes_only_package_bound_melt_diagnostic_env ... ok
test diagnostic_tool_and_report_record_improvement_gate ... ok
test contract_and_package_bind_thaw_state_loss_candidate ... ok

test result: ok. 8 passed; 0 failed; 0 ignored; 0 measured; 0 filtered out; finished in 0.02s

     Running tests/integration/snowdensity10_3_8_liquid_holding_capacity.rs (target/llvm-cov-target/debug/deps/snowdensity10_3_8_liquid_holding_capacity-c6371102085c1601)

running 4 tests
test opt_in_retains_liquid_to_capacity_and_routes_excess ... ok
test snowbench_selector_and_diagnostic_columns_are_bound ... ok
test activation_preserves_rollback_identity_and_selector_isolation ... ok
test contract_and_package_bind_liquid_holding_capacity_candidate ... ok

test result: ok. 4 passed; 0 failed; 0 ignored; 0 measured; 0 filtered out; finished in 0.02s

     Running tests/integration/snowdensity10_3_9_march_april_residual_attribution.rs (target/llvm-cov-target/debug/deps/snowdensity10_3_9_march_april_residual_attribution-c59edf66a4506d5a)

running 3 tests
test snowdensity10_3_9_package_defines_march_april_attribution_gate ... ok
test snowdensity10_3_9_tool_preserves_diagnostic_boundaries ... ok
test snowdensity10_3_9_committed_report_has_required_disposition ... ok

test result: ok. 3 passed; 0 failed; 0 ignored; 0 measured; 0 filtered out; finished in 0.00s

     Running tests/integration/snowfreeze_observed_frost_depth_contract.rs (target/llvm-cov-target/debug/deps/snowfreeze_observed_frost_depth_contract-c5e87787df56faa4)

running 5 tests
test snowfreeze_observed_manifest_binds_external_authority_and_source_statuses ... ok
test snowfreeze_observed_harness_documents_no_defect_without_snow_depth_control ... ok
test snowfreeze_observed_snow_depth_correspondence_and_anti_alias_are_contract_bound ... ok
test snowfreeze_observed_frost_ratification_and_default_activation_are_contract_bound ... ok
test snowfreeze_observed_csv_schema_preserves_measurement_correspondence ... ok

test result: ok. 5 passed; 0 failed; 0 ignored; 0 measured; 0 filtered out; finished in 0.24s

     Running tests/integration/snowfrost_fidelity_c_diagnostics_contract.rs (target/llvm-cov-target/debug/deps/snowfrost_fidelity_c_diagnostics_contract-80305f559608622d)

running 4 tests
test snowfrost_c_records_salinity_sensitivity_without_production_promotion ... ok
test snowfrost_c_cli_emits_diagnostic_only_sfcc_frozen_k_payload ... ok
test snowfrost_c_curves_are_bounded_monotonic_and_impedance_ordered ... ok
test snowfrost_c_sources_and_crates_preserve_diagnostic_boundary ... ok

test result: ok. 4 passed; 0 failed; 0 ignored; 0 measured; 0 filtered out; finished in 0.52s

     Running tests/integration/snowfrost_fidelity_g0_pysnobal_bridge_contract.rs (target/llvm-cov-target/debug/deps/snowfrost_fidelity_g0_pysnobal_bridge_contract-b9cd45a2654dace0)

running 2 tests
test g1_openwepp_snow_projection_extracts_wat_swe_and_physical_depth ... ok
test g0_exporter_emits_pysnobal_schema_and_required_anti_alias_lineage has been running for over 60 seconds
test g0_exporter_emits_pysnobal_schema_and_required_anti_alias_lineage ... ok

test result: ok. 2 passed; 0 failed; 0 ignored; 0 measured; 0 filtered out; finished in 91.31s

     Running tests/integration/soilauth02_soil_producer_reconciliation_contract.rs (target/llvm-cov-target/debug/deps/soilauth02_soil_producer_reconciliation_contract-a3c162a59f6edf79)

running 3 tests
test canonical_7778_per_ofe_restrictive_parses_in_strict_and_compat ... ok
test canonical_9002_policy_first_no_avke_parses_in_strict_and_compat ... ok
test canonical_double_quoted_policy_tokens_parse_in_strict_and_compat ... ok

test result: ok. 3 passed; 0 failed; 0 ignored; 0 measured; 0 filtered out; finished in 0.00s

     Running tests/integration/soilauth03_soil_producer_contract_drift_guards_contract.rs (target/llvm-cov-target/debug/deps/soilauth03_soil_producer_contract_drift_guards_contract-9fbdad90ee470877)

running 2 tests
compat_quoted_header_9002_policy_first.sol: FAILED
compat_quoted_header_7778_per_ofe_restrictive.sol: OK
canonical_9002_double_quoted_policy.sol: OK
soilauth03_guard_cases.json: OK
sha256sum: WARNING: 1 computed checksum did NOT match
test soilauth03_injected_drift_vectors_fail_guards ... ok
compat_quoted_header_9002_policy_first.sol: OK
compat_quoted_header_7778_per_ofe_restrictive.sol: OK
canonical_9002_double_quoted_policy.sol: OK
soilauth03_guard_cases.json: OK
test soilauth03_required_suite_obligations_and_contract_guards_hold ... ok

test result: ok. 2 passed; 0 failed; 0 ignored; 0 measured; 0 filtered out; finished in 0.01s

     Running tests/integration/topology_graph_validation_gate.rs (target/llvm-cov-target/debug/deps/topology_graph_validation_gate-91d6800e43401279)

running 13 tests
test declared_count_mismatch_fixture_fails_with_typed_violation ... ok
test canonical_topology_fixture_passes_pre_execution_validation ... ok
test directed_cycle_fixture_fails_with_cycle_violation ... ok
test disconnected_node_fixture_fails_with_typed_violation ... ok
test missing_fixture_file_returns_typed_read_error ... ok
test parser_reports_header_value_and_duplicate_header_errors ... ok
test out_of_domain_reference_fixture_fails_with_typed_violation ... ok
test parser_reports_node_record_and_kind_errors ... ok
test parser_reports_required_header_and_header_format_errors ... ok
test parser_reports_node_value_and_duplicate_node_errors ... ok
test topology_validation_error_wraps_status_source ... ok
test validation_reports_hillslope_and_impoundment_count_failures ... ok
test validation_reports_reference_domain_and_existence_failures ... ok

test result: ok. 13 passed; 0 failed; 0 ignored; 0 measured; 0 filtered out; finished in 0.00s

     Running tests/integration/wb13_daily_water_balance_output_surface_contract.rs (target/llvm-cov-target/debug/deps/wb13_daily_water_balance_output_surface_contract-caad3634bf733706)

running 3 tests
test wb13_contract_conformance_rejects_missing_required_profile_symbol ... ok
test wb13_contract_conformance_rejects_non_finite_and_domain_invalid_symbols ... ok
test wb13_contract_conformance_emits_canonical_25_column_rows_and_monotonic_order ... ok

test result: ok. 3 passed; 0 failed; 0 ignored; 0 measured; 0 filtered out; finished in 0.00s

     Running tests/integration/workspace_integration_ownership_acceptance.rs (target/llvm-cov-target/debug/deps/workspace_integration_ownership_acceptance-73859cab2f43910b)

running 2 tests
test orchestrators_declare_direct_parser_contract_dependency ... ok
test root_crate_stays_non_reexport_aggregator ... ok

test result: ok. 2 passed; 0 failed; 0 ignored; 0 measured; 0 filtered out; finished in 0.00s

     Running tests/integration/wshedw5_typed_watershed_runtime_contract.rs (target/llvm-cov-target/debug/deps/wshedw5_typed_watershed_runtime_contract-e2689652c63cbcaf)

running 20 tests
test chaninp_raw_cardinality_is_observable_while_frame_consumes_normalized_count ... ok
test gwbaseflow_generated_hbp_payload_without_gwcoeff_authority_fails_closed ... ok
test gwbaseflow_bftharea_suppresses_below_threshold_side_baseflow ... ok
test typed_frame_active_impoundment_matches_drop_spillway_min_controller_composition ... ok
test mt3_mixed_or_malformed_hourly_pair_fails_closed_before_routing_state ... ok
test typed_frame_dispatch_fails_closed_on_non_finite_hillslope_payload ... ok
test gwbaseflow_lr_bf1_channel_branch_consumes_generated_hbp_not_cbase ... ok
test typed_frame_dispatch_fails_closed_on_impoundment_domain_violation ... ok
test typed_frame_dispatch_records_and_publishes_direct_routed_state ... ok
test typed_frame_impoundment_projection_preserves_domain_guard_class ... ok
test typed_frame_impoundment_projection_preserves_non_finite_guard_class ... ok
test typed_frame_channel_transport_capacity_responds_to_particle_diameter ... ok
test wshedw10_not_applicable_chaninp_cannot_mask_required_channel_sidecar ... ok
test typed_publication_projects_non_aliased_channel_balance_operands ... ok
test watershed_channel_rating_projection_preserves_optional_fields ... ok
test wshedw10_defaulted_chaninp_states_are_runtime_ready ... ok
test typed_frame_dispatch_executes_ws11_ipeak_branches_with_closure ... ok
test mt3_hourly_contributor_with_dependency_node_fails_closed ... ok
test mt3_all_hourly_contributors_superpose_at_channel_inlet ... ok
test mt3_hourly_pair_distribution_changes_channel_water_and_sediment_outputs ... ok

test result: ok. 20 passed; 0 failed; 0 ignored; 0 measured; 0 filtered out; finished in 0.04s

     Running unittests src/lib.rs (target/llvm-cov-target/debug/deps/openwepp_assurance-1eb112f1058830a7)

running 6 tests
test cli::tests::exactly_one_selection_is_admitted ... ok
test v2::planner::tests::blocked_prerequisite_takes_precedence_over_intrinsic_staleness ... ok
test v2::planner::tests::graph_propagates_stale_and_blocked_with_stable_order ... ok
test v2::planner::tests::graph_rejects_missing_edge_cycle_and_unused_node ... ok
test v2::confined::tests::opened_file_descriptor_survives_final_path_replacement ... ok
test v2::confined::tests::opened_directory_descriptor_survives_path_replacement ... ok

test result: ok. 6 passed; 0 failed; 0 ignored; 0 measured; 0 filtered out; finished in 0.00s

     Running unittests src/main.rs (target/llvm-cov-target/debug/deps/openwepp_assurance-0222f739bb8644c6)

running 0 tests

test result: ok. 0 passed; 0 failed; 0 ignored; 0 measured; 0 filtered out; finished in 0.00s

     Running unittests src/lib.rs (target/llvm-cov-target/debug/deps/openwepp_climate_runtime_adapter-6a9afdb9d6dbbb00)

running 8 tests
test tests::cqr21_shared_climate_runtime_input_error_characterizes_codes_and_display_strings ... ok
test tests::runtime_request_accepts_breakpoint_zero_cardinality_dry_day ... ok
test tests::runtime_request_rejects_malformed_positive_cardinality_with_empty_series ... ok
test tests::runtime_request_rejects_negative_breakpoint_drain_with_e006 ... ok
test tests::runtime_request_rejects_non_monotone_breakpoint_times_with_e009 ... ok
test tests::runtime_request_rejects_breakpoint_cardinality_over_1500_even_with_parser_override ... ok
test tests::runtime_request_rejects_declared_cardinality_over_1500_when_rows_are_truncated ... ok
test tests::runtime_request_accepts_breakpoint_cardinality_at_1500_boundary ... ok

test result: ok. 8 passed; 0 failed; 0 ignored; 0 measured; 0 filtered out; finished in 0.01s

     Running unittests src/lib.rs (target/llvm-cov-target/debug/deps/openwepp_comparator_metadata-24d7edcdd434ed21)

running 5 tests
test tests::missing_single_ofe_count_is_typed_error ... ok
test tests::hourly_and_watershed_route_to_investigation ... ok
test tests::single_ofe_count_mismatch_is_typed_error ... ok
test tests::non_positive_ofe_count_is_typed_error ... ok
test tests::single_ofe_daily_routes_to_higher_confidence ... ok

test result: ok. 5 passed; 0 failed; 0 ignored; 0 measured; 0 filtered out; finished in 0.00s

     Running unittests src/lib.rs (target/llvm-cov-target/debug/deps/openwepp_hillslope_orchestrator-0fe8fb8615324b39)

running 405 tests
test direct_runtime::cqr_direct_runtime_error_display_tests::direct_runtime_audit_counter_records_specialized_events_locally ... ok
test direct_runtime::cqr_direct_runtime_error_display_tests::direct_runtime_error_display_preserves_frame_and_publication_diagnostics ... ok
test direct_runtime::cqr_direct_runtime_error_display_tests::direct_runtime_error_display_preserves_guard_and_execution_diagnostics ... ok
test direct_runtime::cqr_direct_runtime_error_display_tests::direct_runtime_error_display_preserves_identity_and_topology_diagnostics ... ok
test direct_runtime::cqr_direct_runtime_error_display_tests::direct_runtime_error_display_preserves_index_and_domain_diagnostics ... ok
test direct_runtime::cqr_executor_tests::cqr_active_selector_and_first_day_empty_layer_payloads_take_guarded_branches ... ok
test direct_runtime::cqr_executor_tests::cqr_apply_publication_input_covers_optional_payloads_and_guard_priority ... ok
test direct_runtime::cqr_executor_tests::cqr_day_execution_failure_preserves_context_and_runoff_diagnostics ... ok
test direct_runtime::cqr_executor_tests::cqr_publication_layer_inputs_cover_carry_forward_and_cardinality_guards ... ok
test direct_runtime::cqr_executor_tests::cqr_erosion_inflow_publisher_covers_errors_and_downstream_publication ... ok
test direct_runtime::cqr_executor_tests::cqr_day_execution_failure_enriches_aggregate_storage_context ... ok
test direct_runtime::cqr_publication_tests::cqr_frost_projection_covers_absent_valid_and_invalid_domains ... ok
test direct_runtime::cqr_executor_tests::cqr_executor_mode_and_phase_status_cover_both_lifecycle_arms ... ok
test direct_runtime::cqr_publication_tests::cqr_publication_helpers_cover_guards_and_optional_authority_branches ... ok
test direct_runtime::cqr_publication_tests::cqr_publication_input_and_frame_accessors_cover_empty_and_complete_states ... ok
test direct_runtime::cqr_publication_tests::cqr_storage_operands_fail_closed_in_operand_order ... ok
test direct_runtime::cqr_row7_publication_tests::cqr_row7_frost_layer_carry_projection_validates_domains_and_projects_theta ... ok
test direct_runtime::cqr_publication_tests::cqr_water_temperature_accepts_nonpositive_and_rejects_positive_meltwater ... ok
test direct_runtime::cqr_publication_tests::cqr_day_row_reconstructs_distinct_operands_and_rejects_storage_alias_mismatch ... ok
test direct_runtime::cqr_row9_direct_runtime_tests::cqr_row9_commit_day_prefers_latest_layer_sources_and_rejects_wrong_lane ... ok
test direct_runtime::cqr_row9_direct_runtime_tests::cqr_row9_pmet_branch_helpers_cover_coefficient_edges ... ok
test direct_runtime::cqr_row9_direct_runtime_tests::cqr_row9_stage_soil_evaporation_covers_stage_one_stage_two_and_reset ... ok
test direct_runtime::cqr_row9_direct_runtime_tests::cqr_row9_pmet_compute_covers_nominal_storage_and_guard_paths ... ok
test direct_runtime::cqr_row9_direct_runtime_tests::cqr_row9_core_validators_cover_day_lane_snow_and_frost_guards ... ok
test direct_runtime::cqr_row9_direct_runtime_tests::cqr_row9_surface_et_span_covers_pmet_and_staged_manual_demands ... ok
test direct_runtime::erosion::hb01_tests::hb01_a_g_nominal_detachment_satisfies_formulas_and_continuity ... ok
test direct_runtime::erosion::hb01_tests::hb01_b_c_threshold_and_deposition_branches_are_exact ... ok
test direct_runtime::erosion::hb01_tests::hb01_a_real_r7d6_consumer_publishes_wave1_state_and_operands ... ok
test direct_runtime::erosion::hb01_tests::hb01_a_c_g_zero_local_runoff_still_routes_positive_upstream_sediment ... ok
test direct_runtime::erosion::hb01_tests::hb01_b_d_h_partition_and_tcadjf_domains_fail_closed ... ok
test direct_runtime::erosion::hb01_tests::hb01_b_d_h_every_strict_positive_input_rejects_zero_with_exact_field ... ok
test direct_runtime::erosion::hb01_tests::hb01_b_exact_zero_authoritative_runoff_suppresses_only_pointwise_wave1 ... ok
test direct_runtime::erosion::hb01_tests::hb01_d_f_h_malformed_authoritative_runoff_is_not_suppressed ... ok
test direct_runtime::erosion::hb01_tests::hb01_f_h_every_required_scalar_rejects_all_nonfinite_values ... ok
test direct_runtime::erosion::hb01_tests::hb01_g_h_watdur_and_sediment_residuals_fail_closed ... ok
test direct_runtime::erosion::hb01_tests::hb01_h_first_invalid_input_retains_guard_priority ... ok
test direct_runtime::erosion_continuity::hb04_internal_characterization::enrichment_trace_load_floor_preserves_nonnegative_unit_composition ... ok
test direct_runtime::erosion_continuity::hb04_internal_characterization::erod_characterizes_segment_end_and_deposition_onset_outcomes ... ok
test direct_runtime::erosion_continuity::hb04_internal_characterization::erod_march_characterizes_flow_end_zero_capacity_and_grid_end ... ok
test direct_runtime::erosion_continuity::hb04_internal_characterization::erod_onset_characterizes_all_legacy_flags_and_bracket_updates ... ok
test direct_runtime::erosion_continuity::hb04_internal_characterization::erod_preparation_characterizes_complete_and_onset_variants ... ok
test direct_runtime::erosion_continuity::hb04_internal_characterization::geometry_validation_rejects_each_missing_positive_operand_at_its_call_site ... ok
test direct_runtime::erosion_continuity::hb04_internal_characterization::inter_ofe_continuity_characterizes_bounded_ratio_denominators ... ok
test direct_runtime::erosion_continuity::hb04_internal_characterization::xcrit_nonconvex_rising_subinterval_is_characterized ... ok
test direct_runtime::growth::cqr_row6_growth_tests::cqr_row6_annual_schedule_domain_covers_action_and_window_branches ... ok
test direct_runtime::growth::cqr_row6_growth_tests::cqr_row6_equation_input_validation_covers_guard_families ... ok
test direct_runtime::erosion_continuity::hb04_internal_characterization::dispatch_detachment_characterizes_every_shear_regime_and_start_branch ... ok
test direct_runtime::growth::cqr_row6_growth_tests::cqr_row6_perennial_schedule_domain_covers_action_and_optional_day_branches ... ok
test direct_runtime::growth::cqr_row6_growth_tests::intval_zero_perennial_root_cap_uses_saturated_branch_before_division ... ok
test direct_runtime::erosion_continuity::hb04_internal_characterization::route_characterizes_typed_empty_error_flow_end_and_deposition_paths ... ok
test direct_runtime::laned_active::tests::active_config_validation_preserves_guard_priority_and_trace_dependencies ... ok
test direct_runtime::laned_active::tests::day_closure_enforces_cascade_and_identity_tolerances ... ok
test direct_runtime::laned_active::tests::active_route_emits_trace_detail_and_step_trace_together ... ok
test direct_runtime::laned_active::tests::day_window_matches_rev27_rule ... ok
test direct_runtime::laned_active::tests::active_route_validates_dynamic_operands_in_order ... ok
test direct_runtime::laned_active::tests::groundwater_summary_books_enabled_day_and_all_fluxes ... ok
test direct_runtime::laned_active::tests::mesh_policy_defaults_summaries_and_rejects_invalid_variants ... ok
test direct_runtime::laned_active::tests::mesh_policy_resolves_production_dx5_target_floor_and_cap ... ok
test direct_runtime::laned_active::tests::lane_source_binds_upstreams_numeric_guards_and_weighted_depths ... ok
test direct_runtime::laned_active::tests::no_dc01_guard_and_route_guard_priority_fail_closed ... ok
test direct_runtime::laned_active::tests::routed_erosion_weights_degenerate_to_source_shape_on_full_mesh_hold ... ok
test direct_runtime::laned_active::tests::routed_erosion_weights_dry_lane_is_all_zero ... ok
test direct_runtime::laned_active::tests::routed_erosion_weights_hour_align_and_tail_fold ... ok
test direct_runtime::laned_active::tests::trace_filter_and_solver_trace_conversions_preserve_indices_and_width_basis ... ok
test direct_runtime::laned_active::tests::active_route_uses_post_growth_canhgt_not_static_lane_config ... ok
test direct_runtime::subsurface::cqr_row8_trace_tests::cqr_row8_percolation_trace_line_serializes_vectors_and_null_numbers ... ok
test direct_runtime::subsurface::cqr_row8_trace_tests::cqr_row8_subsurface_saturation_trace_line_serializes_filter_fields ... ok
test direct_runtime::subsurface::cqr_row8_trace_tests::cqr_row8_trace_filter_covers_day_and_lane_selectors ... ok
test hydrology::cqr_row5_guard_error_tests::guard_error_codes_cover_phase_and_erosion_families ... ok
test hydrology::cqr_row5_guard_error_tests::guard_error_display_covers_symbol_kinds_and_range_shapes ... ok
test hydrology::cqr_row5_snow_albedo_tests::snow_albedo_error_display_covers_all_variants ... ok
test hydrology::cqr_row5_snow_density_tests::multilayer_boundary_mass_covers_clear_create_trim_and_add_paths ... ok
test hydrology::support_helpers_mod::coupling::frost_entry::cqr_row5_tests::frozen_soil_kfactor_resolves_proxy_classes_and_errors ... ok
test hydrology::support_helpers_mod::coupling::frost_entry::cqr_row5_tests::r7g_json_string_escapes_special_and_control_characters ... ok
test hydrology::support_helpers_mod::infiltration_reconciliation::cqr_row5_tests::simimpl29_melt_hour_covers_zero_wind_rain_and_cap_paths ... ok
test hydrology::support_helpers_mod::infiltration_reconciliation::tests::active_snow_hourly_routed_melt_preserves_shape_and_closes_daily_scalar ... ok
test hydrology::support_helpers_mod::ksatadj::tests::direct_ksatadj_9001_branch_uses_exponential_recovery_formula ... ok
test hydrology::support_helpers_mod::ksatadj::tests::direct_ksatadj_9001_missing_recovery_operand_is_typed_failure ... ok
test hydrology::support_helpers_mod::ksatadj::tests::direct_ksatadj_9003_branch_applies_lkeff_floor ... ok
test hydrology::support_helpers_mod::ksatadj::tests::direct_ksatadj_inactive_returns_no_adjustment ... ok
test hydrology::support_helpers_mod::ksatadj::tests::direct_ksatadj_missing_second_layer_is_typed_failure ... ok
test hydrology::support_helpers_mod::ksatadj::tests::direct_ksatadj_sat_frac_uses_source_intent_avsat_not_ul_surrogate ... ok
test hydrology::support_helpers_mod::ksatadj::tests::direct_ksatadj_saturated_storage_caps_avsat_instead_of_rejecting_ul_excess ... ok
test hydrology::tests::snowsci_stage1_mixed_signed_melt_routes_authoritative_pack_loss ... ok
test hydrology::support_helpers_mod::runoff_reconciliation::cqr_row5_tests::snow_density_guard_error_maps_all_error_variants ... ok
test ofe_routing::cascade::tests::degenerate_cascade_fails_closed ... ok
test ofe_routing::cascade::tests::interpolate_unit_discharge_characterizes_search_endpoints_and_clamp ... ok
test ofe_routing::d10b_reconciliation_tests::unsatisfiable_cfl_fails_closed_not_partial_ok ... ok
test ofe_routing::friction::tests::additive_equivalent_and_chezy ... ok
test ofe_routing::friction::tests::shen_li_low_ko_vector_pins_si_rainfall_intensity ... ok
test ofe_routing::friction::tests::form_resistance_matches_equation_case2 ... ok
test ofe_routing::friction::tests::shen_li_negative_intensity_is_not_silently_zeroed ... ok
test ofe_routing::friction::tests::skin_rain_term_dispatch_is_bit_identical ... ok
test ofe_routing::friction::tests::skin_regime_dispatch_and_continuity ... ok
test ofe_routing::friction::tests::degenerate_inputs_return_zero_not_nan ... ok
test ofe_routing::friction::tests::vegetation_beta_is_capped_and_resistance_positive ... ok
test ofe_routing::d10b_reconciliation_tests::bin_loops_progress_on_non_dyadic_sample_dt ... ok
test ofe_routing::friction::tests::wave_resistance_ramps_below_half_and_decays_above ... ok
test ofe_routing::infiltration::tests::capacity_diverges_at_dry_and_decays_with_cumulative ... ok
test ofe_routing::infiltration::tests::conservation_holds_across_variable_rainfall ... ok
test ofe_routing::infiltration::tests::coupled_run_validates_config_and_soil_domains ... ok
test ofe_routing::infiltration::tests::explicit_ponding_split_conserves_and_delays_excess ... ok
test ofe_routing::infiltration::tests::hyetograph_fails_closed_on_invalid_inputs ... ok
test ofe_routing::infiltration::tests::low_rainfall_below_ks_never_ponds_all_infiltrates ... ok
test ofe_routing::infiltration::tests::impermeable_soil_makes_all_rainfall_excess ... ok
test ofe_routing::iwagaki_oracle::tests::m10_final_storage_preserves_particle_and_shock_geometry ... ok
test ofe_routing::kinematic_wave::tests::bin_recorder_retains_material_terminal_deficit_signal ... ok
test ofe_routing::kinematic_wave::tests::conservation_residual_books_positivity_clamp_after_raw_residual ... ok
test ofe_routing::kinematic_wave::tests::degenerate_configuration_fails_closed ... ok
test ofe_routing::kinematic_wave::tests::final_tvd_scaling_preserves_positivity_and_total ... ok
test ofe_routing::kinematic_wave::tests::invalid_cell_parameter_fails_closed ... ok
test ofe_routing::kinematic_wave::tests::nan_forcing_fails_closed ... ok
test ofe_routing::kinematic_wave::tests::nash_sutcliffe_perfect_and_mean ... ok
test ofe_routing::kinematic_wave::tests::nan_inflow_fails_closed ... ok
test ofe_routing::kinematic_wave::tests::negative_forcing_fails_closed_not_zeroed ... ok
test ofe_routing::kinematic_wave::tests::nonpositive_sample_dt_fails_closed_not_hang ... ok
test ofe_routing::kinematic_wave::tests::post_tier1_prepare_step_alpha_retains_scan_max_celerity ... ok
test ofe_routing::infiltration::tests::high_rainfall_ponds_and_produces_excess_with_decaying_infiltration ... ok
test ofe_routing::kinematic_wave::tests::public_equivalent_friction_covers_manning_and_component_menu ... ok
test ofe_routing::kinematic_wave::tests::rev47_active_vegetation_nonfinite_local_numerics_fail_closed ... ok
test ofe_routing::kinematic_wave::tests::rev47_additive_menu_celerity_matches_small_finite_difference ... ok
test ofe_routing::kinematic_wave::tests::rev47_depth_power_uses_sqrt_identity ... ok
test ofe_routing::kinematic_wave::tests::rev47_dry_and_zero_slope_cells_are_zero_local_hydraulics ... ok
test ofe_routing::kinematic_wave::tests::rev47_dust_residual_floor_matches_contract ... ok
test ofe_routing::kinematic_wave::tests::rev47_hirsch_skin_celerity_uses_exact_turbulent_pow ... ok
test ofe_routing::kinematic_wave::tests::rev47_laminar_skin_celerity_uses_three_q_over_h ... ok
test ofe_routing::kinematic_wave::tests::rev47_manning_celerity_uses_five_thirds_q_over_h ... ok
test ofe_routing::kinematic_wave::tests::rev47_pure_skin_branch_gap_uses_pre_step_branch_without_smoothing ... ok
test ofe_routing::kinematic_wave::tests::stage_face_limiter_records_largest_reduction_and_rejects_nonfinite_availability ... ok
test ofe_routing::kinematic_wave::tests::source_quiet_dry_front_outlet_flux_stays_nonnegative_and_conservative ... ok
test ofe_routing::kinematic_wave::tests::stage_flux_limiter_prevents_positive_clamp_injection ... ok
test ofe_routing::seam::tests::activation_preconditions_fail_closed ... ok
test ofe_routing::seam::tests::gate_fixture_b_subsurface_dominated_closure_vector ... ok
test ofe_routing::seam::tests::source_rate_series_is_the_recorded_unit_helper ... ok
test runtime_inputs::cqr_row3_management_tests::cqr_row3_project_primary_drain_controls_disables_absent_drain ... ok
test runtime_inputs::cqr_row3_management_tests::cqr_row3_project_primary_drain_controls_rejects_dangling_reference ... ok
test runtime_inputs::cqr_row3_management_tests::cqr_row3_project_primary_drain_controls_projects_enabled_geometry ... ok
test runtime_inputs::cqr_row3_management_tests::cqr_row3_project_primary_drain_controls_rejects_zero_geometry ... ok
test runtime_inputs::cqr_row4_projection_helper_tests::cqr_row4_annual_extension_variant_names_cover_all_payloads ... ok
test runtime_inputs::cqr_row4_projection_helper_tests::cqr_row4_perennial_grazing_cycle_symbols_reject_invalid_domains ... ok
test runtime_inputs::cqr_row4_projection_helper_tests::cqr_row4_perennial_grazing_cycle_symbols_project_typed_payload ... ok
test runtime_inputs::cqr_row4_simimpl28_hourly_forcing_tests::cqr_row4_build_forcing_covers_context_guards_and_breakpoint_trigger ... ok
test runtime_inputs::cqr_row4_simimpl28_hourly_forcing_tests::cqr_row4_build_forcing_suppresses_production_and_forces_diagnostic_rows ... ok
test runtime_inputs::cqr_row4_runtime_input_error_tests::cqr_row4_error_codes_and_display_cover_all_runtime_input_variants ... ok
test runtime_inputs::cqr_row4_simimpl28_hourly_forcing_tests::cqr_row4_stmtim_partition_covers_legacy_and_harder_pomeroy_branches ... ok
test runtime_inputs::cqr_row4_simimpl28_hourly_forcing_tests::cqr_row4_sunmap_covers_success_and_domain_errors ... ok
test runtime_inputs::cqr_row3_management_tests::forest_lanuse_projects_full_growth_symbol_surface ... ok
test runtime_inputs::cqr_row3_management_tests::disturbed_native_route_coefficients_project_to_ofe_symbols ... ok
test runtime_inputs::cqr_row3_management_tests::native_lanuse_routing_coefficients_project_to_ofe_symbols ... ok
test runtime_inputs::fq1_soil_corrected_layer_coverage_tests::fq1_mapping_still_fails_closed_for_nonmonotone_parser_layer ... ok
test runtime_inputs::forest_lanuse_reconciliation_tests::cropland_only_management_reconciles_trivially ... ok
test runtime_inputs::fq1_soil_corrected_layer_coverage_tests::fq1_maps_valid_parser_tail_below_legacy_normalized_cap_from_deepest_corrected_layer ... ok
test runtime_inputs::forest_lanuse_reconciliation_tests::missing_disturbed_policy_fails_closed ... ok
test runtime_inputs::forest_lanuse_reconciliation_tests::mismatched_policy_luse_fails_closed ... ok
test runtime_inputs::fq1_soil_corrected_layer_coverage_tests::fq1_runnable_control_mapping_within_normalized_depth_is_unchanged ... ok
test runtime_inputs::forest_lanuse_reconciliation_tests::matching_forest_class_and_policy_luse_reconciles ... ok
test runtime_inputs::forest_lanuse_reconciliation_tests::reconciliation_is_scoped_to_scheduled_forest_class ... ok
test tests::tests_mod::cqr_laned_active_executor::cqr_laned_active_publication_rejects_non_linear_topology_before_input_build ... ok
test tests::tests_mod::direct_runtime::cqr_direct_runtime_audit_api_records_specialized_events ... ok
test tests::tests_mod::direct_runtime::direct_runtime_r3c_r4b::r3c_lane_transfer_span_rejects_invalid_inputs ... ok
test tests::tests_mod::direct_runtime::gwbaseflow_exports_over_accepted_storage_fail_closed ... ok
test tests::tests_mod::direct_runtime::gwbaseflow_linear_reservoir_recurrence_uses_prior_day_exports ... ok
test tests::tests_mod::direct_runtime::direct_runtime_r3c_r4b::r3c_lane_transfer_span_projects_multilane_topology ... FAILED
test tests::tests_mod::direct_runtime::r2a_direct_skeleton_fails_closed_on_invalid_identity ... ok
test tests::tests_mod::cqr_laned_active_executor::cqr_laned_active_zero_source_publication_commits_summary_and_trace ... ok
test tests::tests_mod::direct_runtime::direct_runtime_r3c_r4b::r4b_explicit_frost_storage_rebalance_debits_multiple_layers ... ok
test tests::tests_mod::direct_runtime::gwbaseflow_mofe_recharge_aggregates_lane_deep_percolation ... ok
test tests::tests_mod::direct_runtime::direct_runtime_r3c_r4b::r4b_explicit_frost_storage_rebalance_rejects_insufficient_active_theta ... ok
test tests::tests_mod::direct_runtime::direct_runtime_r3c_r4b::r4b_storage_reconciliation_consumes_r4a_q_and_shadow_projects ... ok
test tests::tests_mod::direct_runtime::direct_runtime_r3c_r4b::r4b_storage_reconciliation_rejects_invalid_values ... ok
test tests::tests_mod::direct_runtime::direct_runtime_r3c_r4b::r4b_storage_reconciliation_rejects_missing_upstream_producers ... ok
test tests::tests_mod::direct_runtime::r3a_input_accounting_span_computes_mutates_downstream_and_shadow_projects ... ok
test tests::tests_mod::direct_runtime::r3b_water_ledger_span_allows_signed_diagnostic_residual ... ok
test tests::tests_mod::direct_runtime::r3a_input_accounting_span_rejects_invalid_inputs ... ok
test tests::tests_mod::direct_runtime::r3b_water_ledger_span_consumes_r3a_state_and_shadow_projects ... ok
test tests::tests_mod::direct_runtime::r3b_water_ledger_span_rejects_invalid_inputs ... ok
test tests::tests_mod::direct_runtime::r4f_evapotranspiration_producer_consumes_direct_handoff_and_updates_r4b_input ... ok
test tests::tests_mod::direct_runtime::r4c_storage_input_producer_rejects_invalid_inputs ... ok
test tests::tests_mod::direct_runtime::r4d_deep_seepage_producer_consumes_direct_handoff_and_updates_r4b_input ... ok
test tests::tests_mod::direct_runtime::r4d_deep_seepage_producer_rejects_invalid_inputs ... ok
test tests::tests_mod::direct_runtime::r5a_direct_skeleton_commits_day_state_back_to_lane_state ... ok
test tests::tests_mod::direct_runtime::r4c_storage_input_producer_consumes_r3a_precipitation_and_direct_storage ... ok
test tests::tests_mod::direct_runtime::r4eh_storage_budget_handoff_producers_reject_invalid_inputs ... ok
test tests::tests_mod::direct_runtime::r4g_snow_coupling_producer_consumes_signed_handoff_and_updates_r4b_input ... ok
test tests::tests_mod::direct_runtime::r5e_direct_endpoint_records_exactly_ordered_fourteen_phase_entries ... ok
test tests::tests_mod::direct_runtime::r5a_direct_skeleton_runs_all_days_and_lanes_with_lifecycle_counters ... ok
test tests::tests_mod::direct_runtime::r5b_normalization_phase_computes_mutates_downstream_and_shadow_projects ... ok
test tests::tests_mod::direct_runtime::r5b_storage_bounds_phase_consumes_normalization_and_shadow_projects ... ok
test tests::tests_mod::direct_runtime::r7b_constructor_type_size_layout_is_bounded ... ok
test tests::tests_mod::direct_runtime::r6i_direct_frost_carry_projection_skips_inactive_frost_storage ... ok
test tests::tests_mod::direct_runtime::r4e_subsurface_loss_producer_consumes_direct_handoff_and_updates_r4b_input ... ok
test tests::tests_mod::direct_runtime::r6a_publication_capture_records_run_bound_rows_without_publication_alias ... ok
test tests::tests_mod::direct_runtime::r6f_publication_capture_accepts_typed_process_inputs_and_carries_layers ... ok
test tests::tests_mod::direct_runtime::r7b_constructor_source_excludes_forbidden_compatibility_storage_tokens ... ok
test tests::tests_mod::direct_runtime::r6h_publication_capture_builds_lane_day_inputs_after_direct_commit ... ok
test tests::tests_mod::direct_runtime::r5b_storage_bounds_phase_rejects_missing_normalization_and_invalid_storage ... ok
test tests::tests_mod::direct_runtime::r7b_typed_constructors_fail_closed_on_invalid_domains ... ok
test tests::tests_mod::direct_runtime::r7b_typed_day_constructor_supplies_r4_r5_inputs ... ok
test tests::tests_mod::direct_runtime::r7b_typed_run_constructor_roundtrips_multiofe_daily_parsed_inputs ... ok
test tests::tests_mod::direct_runtime::r7b_typed_run_constructor_roundtrips_single_ofe_sidecar_defaults ... ok
test tests::tests_mod::direct_runtime_dc01::dc01_dry_runon_day_still_infiltrates ... ok
test tests::tests_mod::direct_runtime_dc01::dc01_hourly_supply_basis_merges_rain_and_runon ... ok
test tests::tests_mod::direct_runtime_dc01::dc01_runon_supply_distribution_uses_shapes_with_uniform_fallback ... ok
test tests::tests_mod::direct_runtime_dc01::dc01_surface_shape_rejects_invalid_routed_melt_limb ... ok
test tests::tests_mod::direct_runtime_dc01::dc01_surface_shape_rejects_nonfinite_inputs ... ok
test tests::tests_mod::direct_runtime_dc01::dc01_surface_shape_returns_zero_weights_without_runoff ... ok
test tests::tests_mod::direct_runtime_dc01::dc01_surface_shape_uses_routed_melt_limb_without_uniform_fallback ... ok
test tests::tests_mod::direct_runtime_dc01::dc01_wb14_supply_admission_increases_infiltration_with_runon ... ok
test tests::tests_mod::direct_runtime::r7d4_publication_capture_copies_mofe_carry_to_downstream_lane_before_r4j ... ok
test tests::tests_mod::direct_runtime_dc01::r4g_rejects_hourly_routed_melt_daily_nonclosure ... ok
test tests::tests_mod::direct_runtime_erosion_adjustments::adjustment_factors_bare_unfrozen_day_zero_recovers_baseline_shape ... ok
test tests::tests_mod::direct_runtime_erosion_adjustments::adjustment_factors_consolidate_toward_baselines_over_time ... ok
test tests::tests_mod::direct_runtime::r7d4_publication_interception_is_external_to_published_soil_storage ... ok
test tests::tests_mod::direct_runtime_erosion_adjustments::adjustment_factors_fail_closed_on_nan_and_negative_inputs ... ok
test tests::tests_mod::direct_runtime_erosion_adjustments::adjustment_factors_floor_and_cap_hold ... ok
test tests::tests_mod::direct_runtime_erosion_adjustments::adjustment_factors_frozen_surface_zeros_erodibility ... ok
test tests::tests_mod::direct_runtime_erosion_adjustments::adjustment_factors_thawing_regime_fails_closed_on_winter_fcycle ... ok
test tests::tests_mod::direct_runtime_erosion_adjustments::consolidation_baselines_fail_closed_on_invalid_erodibility ... ok
test tests::tests_mod::direct_runtime_erosion_adjustments::consolidation_baselines_fail_closed_on_out_of_range_texture ... ok
test tests::tests_mod::direct_runtime_erosion_adjustments::consolidation_baselines_match_legacy_scon_clamps ... ok
test tests::tests_mod::direct_runtime_erosion_adjustments::consolidation_carry_accumulates_and_ages ... ok
test tests::tests_mod::direct_runtime_erosion_adjustments::consolidation_carry_fails_closed_on_nan_and_negative ... ok
test tests::tests_mod::direct_runtime_erosion_adjustments::consolidation_carry_irrigation_split_matches_legacy ... ok
test tests::tests_mod::direct_runtime_erosion_adjustments::consolidation_carry_seed_fails_closed_on_invalid_initial_daydis ... ok
test tests::tests_mod::direct_runtime_erosion_adjustments::consolidation_carry_tillage_resets_age_and_rfcum ... ok
test tests::tests_mod::direct_runtime_erosion_adjustments::frost_regime_fails_closed_on_nan_and_invalid_ifrost ... ok
test tests::tests_mod::direct_runtime_erosion_adjustments::frost_regime_resolves_the_three_soil_for_branches ... ok
test tests::tests_mod::direct_runtime::r7d4_publication_qofe_equals_q_with_independent_runvol_basis ... ok
test tests::tests_mod::direct_runtime_erosion_operands::detinr_fails_closed_on_nan_and_negative_inputs ... ok
test tests::tests_mod::direct_runtime_erosion_operands::detinr_is_zero_only_for_exact_zero_width_or_duration ... ok
test tests::tests_mod::direct_runtime_erosion_operands::detinr_matches_the_legacy_product_form ... ok
test tests::tests_mod::direct_runtime_erosion_operands::effective_particle_is_the_three_class_log_mean ... ok
test tests::tests_mod::direct_runtime_erosion_operands::effint_effdrr_are_the_excess_weighted_sumint_over_durre ... ok
test tests::tests_mod::direct_runtime::r7d5_erosion_active_publication_fails_closed_without_direct_sediment_producer ... ok
test tests::tests_mod::direct_runtime::r7g_peak_runoff_tiny_average_rate_uses_floor_instead_of_domain_error ... ok
test tests::tests_mod::direct_runtime_erosion_operands::effint_effdrr_are_zero_without_any_excess_period ... ok
test tests::tests_mod::direct_runtime_erosion_operands::effint_excludes_snowmelt_intervals_from_sumint_but_not_durre ... ok
test tests::tests_mod::direct_runtime_erosion_operands::effint_fails_closed_on_nan_and_negative_inputs ... ok
test tests::tests_mod::direct_runtime_erosion_operands::falvel_stokes_branch_matches_closed_form_for_small_particles ... ok
test tests::tests_mod::direct_runtime_erosion_operands::falvel_table_branch_is_positive_and_monotone_in_diameter ... ok
test tests::tests_mod::direct_runtime_erosion_operands::hb02_a_g_independent_mass_mineralogy_fall_and_ssa_reconstruction ... ok
test tests::tests_mod::direct_runtime_erosion_operands::hb02_b_c_clay_band_boundaries_preserve_legacy_diameters_and_class_order ... ok
test tests::tests_mod::direct_runtime_erosion_operands::hb02_b_texture_individual_zero_and_one_boundaries_are_admitted ... ok
test tests::tests_mod::direct_runtime_erosion_operands::hb02_d_f_h_texture_mass_fractions_fail_closed ... ok
test tests::tests_mod::direct_runtime::r7g_zero_upstream_lane_publishes_no_erosion_inflow_intake ... ok
test tests::tests_mod::direct_runtime_erosion_operands::interrill_delivery_ratio_branches_on_lanuse ... ok
test tests::tests_mod::direct_runtime_erosion_operands::particle_composition_fails_closed_on_invalid_texture ... ok
test tests::tests_mod::direct_runtime_erosion_operands::particle_composition_sums_to_unity_and_orders_diameters ... ok
test tests::tests_mod::direct_runtime_erosion_operands::prtcmp_per_class_mineralogy_matches_legacy_assignments ... ok
test tests::tests_mod::direct_runtime_erosion_operands::rill_hydraulics_fails_closed_on_nan_and_negative_inputs ... ok
test tests::tests_mod::direct_runtime_erosion_operands::rill_hydraulics_grows_gilley_width_and_floors_shear ... ok
test tests::tests_mod::direct_runtime_erosion_operands::rill_width_is_capped_at_rill_spacing ... ok
test tests::tests_mod::direct_runtime_erosion_operands::shield_interpolates_within_and_extrapolates_outside_the_table ... ok
test tests::tests_mod::direct_runtime_erosion_operands::transport_coefficients_derive_ktrato_and_tcend ... ok
test tests::tests_mod::direct_runtime_erosion_operands::yalin_and_trcoef_fail_closed_on_nonpositive_shear ... ok
test tests::tests_mod::direct_runtime_erosion_operands::yalin_class_shares_sum_to_one_and_survive_the_sandy_adjustment ... ok
test tests::tests_mod::direct_runtime_erosion_operands::yalin_is_nonnegative_and_applies_the_sandy_adjustment ... ok
test tests::tests_mod::direct_runtime_erosion_seed::assembled_dry_day_gates_before_operands_and_solves_inactive ... ok
test tests::tests_mod::direct_runtime::r7h_followup_publication_layers_supersede_carried_layers ... ok
test tests::tests_mod::direct_runtime_erosion_seed::assembled_effint_uses_rainfall_intensity_not_excess_rate ... ok
test tests::tests_mod::direct_runtime_erosion_seed::assembled_frozen_surface_sets_surface_frozen_flag ... ok
test tests::tests_mod::direct_runtime_erosion_seed::assembled_inflow_derivations_use_the_receiver_basis ... ok
test tests::tests_mod::direct_runtime_erosion_seed::assembled_thawing_day_fails_closed ... ok
test tests::tests_mod::direct_runtime_erosion_seed::assembled_rill_width_carries_persistent_state ... ok
test tests::tests_mod::direct_runtime_erosion_seed::assembled_storm_day_produces_a_conserving_solve ... ok
test tests::tests_mod::direct_runtime_erosion_seed::hb03_a_c_positive_standalone_qin_is_preserved_without_handoff ... ok
test tests::tests_mod::direct_runtime_erosion_seed::hb03_d_f_h_qin_authority_rejects_conflict_nonfinite_and_negative_values ... ok
test tests::tests_mod::direct_runtime_erosion_seed::hb03_a_b_c_g_passby_exempt_reinfiltration_routes_only_upstream_authority ... ok
test tests::tests_mod::direct_runtime_r4il::r4a_runoff_partition_consumes_r4il_producers_and_shadow_projects ... ok
test tests::tests_mod::direct_runtime_r4il::r4a_runoff_partition_rejects_missing_r4il_upstreams ... ok
test tests::tests_mod::direct_runtime_r4il::r4a_runoff_partition_rejects_invalid_values ... ok
test tests::tests_mod::direct_runtime_r4il::r4il_runoff_input_producers_reject_invalid_inputs ... ok
test ofe_routing::kinematic_wave::tests::hydrograph_bins_are_conservative_and_rise_at_bin_scale ... ok
test tests::tests_mod::direct_runtime_r4il::r4il_runoff_input_producers_feed_r4a_inputs_and_shadow_project ... ok
test tests::tests_mod::direct_runtime_r4il::r4j_runon_carry_consumes_dynamic_transfer_arrays_and_feeds_total_runon ... ok
test tests::tests_mod::direct_runtime_r4il::r4j_runon_carry_rejects_conflicting_dynamic_and_handoff_sources ... ok
test tests::tests_mod::direct_runtime_r4il::r4k_wb14_producer_feeds_runoff_percolation_and_et_lineage ... ok
test tests::tests_mod::direct_runtime_r4il::r4k_wb14_producer_rejects_malformed_hyetograph ... ok
test tests::tests_mod::direct_runtime_r4mo::r4mo_percolation_hourly_saturated_lower_boundary_uses_frozen_inclusive_storage ... ok
test tests::tests_mod::direct_runtime_r4il::r4l_sums_direct_hourly_saturation_carry_when_r4o_has_run ... ok
test tests::tests_mod::direct_runtime_r4mo::intval_percolation_consumes_every_positive_hourly_same_pass_increment ... ok
test tests::tests_mod::direct_runtime_r4mo::r4mo_subsurface_hourly_drainage_runs_before_lateral_and_populates_carry_arrays ... ok
test tests::tests_mod::direct_runtime_r4mo::r4mo_anti_aliases_deep_lateral_drainage_and_qd ... ok
test tests::tests_mod::direct_runtime_r4mo::r4mo_percolation_hourly_restrictive_branch_matches_wb18_kernel_authority ... ok
test tests::tests_mod::direct_runtime_r4il::r4l_rejects_conflicting_saturation_handoff_when_hourly_carry_exists ... ok
test tests::tests_mod::direct_runtime_r4mo::r4mo_percolation_matches_wb18_kernel_authority_and_feeds_r4b_deep_seepage ... ok
test tests::tests_mod::direct_runtime_r4mo::r4mo_subsurface_compute_feeds_qd_and_shadow_projection ... ok
test tests::tests_mod::direct_runtime_r4mo::intval_percolation_zero_restrictive_conductivity_is_impermeable_daily_and_hourly ... ok
test tests::tests_mod::direct_runtime_r4mo::r4mo_subsurface_requires_percolation_upstream_and_rejects_invalid_domains ... ok
test tests::tests_mod::direct_runtime_r4n::r4n_fails_closed_on_missing_upstream_and_invalid_domain ... ok
test tests::tests_mod::direct_runtime_r4n::r4n_feeds_r4b_final_et_not_handoff_or_publication_aliases ... ok
test tests::tests_mod::direct_runtime_r4n::r4n_root_uptake_matches_swu_fixture_and_finalizes_aggregate_et ... ok
test tests::tests_mod::direct_runtime_r4n::r4n_surface_et_matches_wb17_soil_evaporation_layer_mutation_fixture ... ok
test tests::tests_mod::direct_runtime_r4n::r4o_consumes_r4n_surface_et_mutated_layer_state_when_present ... ok
test tests::tests_mod::direct_runtime_r4pqz::r4pqz_projection_uses_active_snow_and_rejects_numeric_surface_order ... ok
test tests::tests_mod::direct_runtime_r5c::ground_cover_seed_round_trips_the_declared_cover ... ok
test tests::tests_mod::direct_runtime_r5c::ground_pools_hold_constant_without_decay_or_litter ... ok
test tests::tests_mod::direct_runtime_r4pqz::r4pqz_projection_binds_missing_upstream_priority_after_storage ... ok
test tests::tests_mod::direct_runtime_r4pqz::r4pqz_projection_includes_residual_water_in_layer_storage ... ok
test tests::tests_mod::direct_runtime_r5c::r5c_decomposition_phase_rejects_missing_upstream_context_and_invalid_domains ... ok
test tests::tests_mod::direct_runtime_r4pqz::r4pqz_projection_preserves_mofe_transfer_identity_fields ... ok
test tests::tests_mod::direct_runtime_r4pqz::r4pqz_projection_recomputes_storage_from_final_layers_and_projects_direct_operands ... ok
test tests::tests_mod::direct_runtime_r4pqz::r4pqz_projection_rejects_invalid_projection_domains ... ok
test tests::tests_mod::direct_runtime_r5d::r5d_annual_growth_phase_computes_mutates_downstream_shadow_and_r4n_context ... ok
test tests::tests_mod::direct_runtime_r5c::r5c_decomposition_phase_computes_mutates_downstream_and_shadow_projects_annual_cut ... ok
test tests::tests_mod::direct_runtime_r4pqz::r4pqz_projection_is_shadow_only_and_anti_aliases_publication_values ... ok
test tests::tests_mod::direct_runtime_r5c::r5c_decomposition_phase_supports_perennial_grazing_and_zero_decay ... ok
test tests::tests_mod::direct_runtime_r7g_frost::diagnostic_count_to_f64_matches_decimal_string_parse_bit_for_bit ... ok
test tests::tests_mod::direct_runtime_r5c::r5c_residue_partition_consumes_decomposition_and_shadow_projects ... ok
test tests::tests_mod::direct_runtime_r7g_frost::r7g_constructor_prefers_winter_column_frost_over_legacy_carry ... ok
test tests::tests_mod::direct_runtime_r4pqz::r4pqz_projection_fails_closed_on_missing_upstream_and_storage_mismatch ... ok
test tests::tests_mod::direct_runtime_r5d::r5d_growth_rejects_missing_upstream_bad_contexts_and_invalid_domains ... ok
test tests::tests_mod::direct_runtime_r5d::r5d_growth_resolves_annual_rotation_boundary_gddmax_sentinel ... ok
test tests::tests_mod::direct_runtime_r5d::r5d_perennial_growth_phase_supports_grazing_after_annual_phase_identity ... ok
test tests::tests_mod::direct_runtime_r5d::r5d_r4n_required_growth_context_fails_closed_when_absent ... ok
test tests::tests_mod::direct_runtime_r7g_frost::r7g_typed_inactive_winter_outcome_is_inert_without_material ... ok
test tests::tests_mod::direct_runtime_r7g_frost::r7g_typed_active_no_freeze_winter_outcome_has_no_coarse_projection ... ok
test tests::tests_mod::direct_runtime_r5c::r5c_residue_partition_rejects_missing_decomposition_and_invalid_inputs ... ok
test tests::tests_mod::direct_runtime_r7g_frost::r7g_executor_commits_r4a_winter_column_frost_state_to_lane ... ok
test tests::tests_mod::direct_runtime_r7g_frost::r7g_inactive_no_material_frost_clears_stale_coarse_projection_without_storage_delta ... ok
test tests::tests_mod::direct_runtime_r7g_frost::r7g_legacy_constructor_frost_carry_migrates_into_winter_column ... ok
test tests::tests_mod::direct_runtime_r7g_frost::r7g_r4a_frost_partition_mutates_winter_column_frost_state ... ok
test tests::tests_mod::direct_runtime_r7g_frost::r7g_r4a_prior_frozen_water_thaw_credits_liquid_storage ... ok
test tests::tests_mod::direct_runtime_r7g_frost::r7h_active_snowmelt_local_liquid_routes_through_wb18_same_pass ... ok
test tests::tests_mod::direct_runtime_r7g_frost::r7h_explicit_frost_storage_source_is_preserved_for_the_storage_phase ... ok
test tests::tests_mod::direct_runtime_r7g_frost::r7h_mixed_rain_snowmelt_uses_wb14_same_pass_infiltration ... ok
test tests::tests_mod::direct_runtime_wave1_continuity::enrichment_depositing_quantum_fines_the_exit_composition ... ok
test tests::tests_mod::direct_runtime_wave1_continuity::enrichment_inflow_composition_seeds_the_flow_state ... ok
test tests::tests_mod::direct_runtime_wave1_continuity::enrichment_zero_deposition_exit_composition_is_the_detached_frac ... ok
test tests::tests_mod::direct_runtime_wave1_continuity::inter_ofe_continuity_rewrite_matches_hand_computed_param_coefficients ... ok
test tests::tests_mod::direct_runtime_wave1_continuity::inter_ofe_continuity_zero_prior_state_takes_the_qostar_substitution ... ok
test tests::tests_mod::direct_runtime_r7g_frost::r7h_r4a_frost_uses_local_partition_excess_without_rewriting_wb14_capacity ... ok
test tests::tests_mod::direct_runtime_r7g_frost::r7h_r4a_material_frost_retained_liquid_projects_to_storage_layers ... ok
test tests::tests_mod::direct_runtime_wave1_continuity::wave1_continuity_fails_closed_on_missing_operands ... ok
test tests::tests_mod::direct_runtime_wave1_continuity::wave1_continuity_conservation_round_trip ... ok
test tests::tests_mod::direct_runtime_r7g_frost::r7h_r4a_no_material_rainfall_excess_remains_runoff ... ok
test tests::tests_mod::direct_runtime_wave1_continuity::wave1_continuity_inactive_without_runoff_or_below_event_gate ... ok
test tests::tests_mod::direct_runtime_wave1_continuity::wave1_continuity_inert_days_do_not_require_routed_operands ... ok
test tests::tests_mod::direct_runtime_r7g_frost::r7h_winter_local_liquid_projects_after_surface_et_before_saturation ... ok
test tests::tests_mod::direct_runtime_r7g_snow::r7g_constructor_prefers_winter_column_snow_over_legacy_carry ... ok
test tests::tests_mod::direct_runtime_wave1_continuity::wave1_deposition_constant_recovers_onset_rate ... ok
test tests::tests_mod::direct_runtime_wave1_continuity::wave1_deposition_end_zeroes_the_analytic_rate ... ok
test tests::tests_mod::direct_runtime_wave1_continuity::wave1_continuity_transition_detachment_then_deposition ... ok
test tests::tests_mod::direct_runtime_r7g_snow::r7g_legacy_constructor_snow_carry_migrates_into_winter_column ... ok
test tests::tests_mod::direct_runtime_wave1_continuity::wave1_decreasing_flow_quantum_deposits_on_falling_limb ... ok
test tests::tests_mod::direct_runtime_wave1_continuity::wave1_full_reinfiltration_quantum_deposits_incoming_load_without_clamp ... ok
test tests::tests_mod::direct_runtime_wave1_continuity::wave1_profil_segment_fit_matches_legacy_normalization ... ok
test tests::tests_mod::direct_runtime_wave1_continuity::wave1_rk4_interrill_floor_engages_when_rk_undershoots ... ok
test tests::tests_mod::direct_runtime_wave1_continuity::wave1_publication_fails_closed_on_unseeded_class_composition ... ok
test tests::tests_mod::direct_runtime_wave1_continuity::wave1_rk4_matches_analytic_constant_coefficient_solution ... ok
test tests::tests_mod::direct_runtime_wave1_continuity::wave1_publication_splits_concentration_by_detached_composition ... ok
test tests::tests_mod::direct_runtime_r7g_snow::r7g_executor_commits_r4g_winter_column_snow_state_to_lane ... ok
test tests::tests_mod::direct_runtime_r7g_snow::r7g_r4g_snow_coupling_mutates_winter_column_snow_state ... ok
test tests::tests_mod::direct_runtime_wave1_continuity::wave1_span_dry_day_publishes_zero_authority_without_routed_operands ... ok
test tests::tests_mod::direct_runtime_wave1_continuity::wave1_xcrit_classifies_all_five_regimes ... ok
test tests::tests_mod::direct_runtime_wave1_continuity::wave1_xcrit_covers_convex_and_degenerate_classifier_boundaries ... ok
test tests::tests_mod::direct_runtime_wave1_continuity::wave1_xcrit_falling_cross_uses_unclamped_tauchk ... ok
test winter_column::tests::zero_winter_column_state_is_inert ... ok
test winter_column::tests::zero_winter_day_outcome_is_inert ... ok
test tests::tests_mod::direct_runtime_wave1_continuity::wave1_span_hourly_plan_aggregates_and_publishes_paired_surfaces ... ok
test tests::tests_mod::direct_runtime_wave1_continuity::wave1_span_routed_hydrograph_shape_fails_closed_when_nonclosing ... ok
test tests::tests_mod::direct_runtime_wave1_continuity::wave1_span_publishes_continuity_totals_through_the_frame ... ok
test tests::tests_mod::direct_runtime_wave1_continuity::wave1_span_requires_peak_runoff_upstream_when_enabled ... ok
test tests::tests_mod::direct_runtime_wave1_continuity::wave1_route_characterization_matrix_preserves_closure_and_toe_publication ... ok
test tests::tests_mod::direct_runtime_wave1_continuity::wave1_span_routed_hydrograph_shape_fails_closed_when_missing ... ok
test tests::tests_mod::direct_runtime_wave1_continuity::wave1_span_routed_hydrograph_shape_supersedes_dc01_weights ... ok
test ofe_routing::cascade::tests::cascade_profile_counts_setup_and_upstream_interpolation ... ok
test ofe_routing::kinematic_wave::tests::profile_slots_accumulate_when_enabled_and_stay_zero_when_disabled ... ok
test ofe_routing::profile::tests::disabled_profile_accumulates_nothing ... ok
test ofe_routing::profile::tests::enabled_profile_accumulates_and_resets ... ok
test ofe_routing::kinematic_wave::tests::upstream_inflow_boundary_routes_through ... ok
test tests::tests_mod::cqr_laned_active_executor::cqr_laned_active_positive_source_publication_routes_before_consumption ... ok
test tests::tests_mod::direct_runtime::r2a_direct_runtime_source_excludes_compatibility_storage_tokens ... ok
test ofe_routing::d10b_reconciliation_tests::single_ofe_outlet_bins_stay_nonnegative_under_front_arrival ... ok
test ofe_routing::d10b_reconciliation_tests::runon_only_ofe_handoff_is_nonnegative_and_conservative ... ok
test ofe_routing::kinematic_wave::tests::case4_lateral_pulse_conserves_mass_and_captures_front ... ok
test ofe_routing::d10b_reconciliation_tests::partial_final_bin_handoff_is_exact ... ok
test ofe_routing::d10b_reconciliation_tests::handoff_injection_is_flux_integral_conservative ... ok
test ofe_routing::dval::tests::case4_iwagaki_ko_diagnostic_remains_coherent ... ok
test ofe_routing::d10b_reconciliation_tests::solver_ledger_books_scheme_actual_boundary_fluxes ... ok
test ofe_routing::kinematic_wave::tests::case1_bare_surface_reaches_steady_state_and_conserves_mass ... ok
test ofe_routing::kinematic_wave::tests::cfl_adaptive_step_keeps_courant_bounded_on_steep_slope ... ok
test ofe_routing::cascade::tests::two_ofe_cascade_conserves_and_hands_off ... ok
test ofe_routing::cascade::tests::width_change_scales_handoff_for_discharge_continuity ... ok
test ofe_routing::dval::tests::case3_enhanced_peak_exceeds_recorded_rainfall_length_ceiling ... ok
test ofe_routing::cascade::tests::three_ofe_cascade_accumulates_downslope ... ok
test ofe_routing::infiltration::tests::coupled_impermeable_routes_all_rainfall ... ok
test ofe_routing::dval::tests::case4_iwagaki_ko_diagnostic_conserves_and_stays_positive ... ok
test ofe_routing::cascade::tests::case3_vegetated_strip_backs_up_more_water_than_bare ... ok
test ofe_routing::d10b_reconciliation_tests::case4_manning_tvd_dissipation_is_mass_neutral_and_tv_transient_bounded ... ok
test ofe_routing::seam::tests::gate_fixture_a_exfiltration_reaches_the_routed_toe ... ok
test ofe_routing::d10b_reconciliation_tests::case4_solver_and_oracle_source_histories_agree_exactly ... ok
test ofe_routing::infiltration::tests::coupled_case1_rainfall_to_runoff_conserves_and_produces_runoff ... ok
test ofe_routing::dval::tests::case2_underprediction_is_ks_operand_limited ... ok
test ofe_routing::kinematic_wave::tests::conservation_residual_converges_with_resolution ... ok
test ofe_routing::infiltration::tests::coupled_two_ofe_infiltration_varies_runoff_downslope ... ok
test ofe_routing::dval::tests::case1_bare_reproduces_steady_magnitude ... ok
test ofe_routing::dval::tests::case1_rising_limb_lag_is_green_ampt_operand_limited ... ok
test ofe_routing::iwagaki_oracle::tests::m10_characterizes_oracle_result_bitwise ... ok
test ofe_routing::d10b_reconciliation_tests::nineteen_ofe_conservation_is_resolution_convergent ... ok
test ofe_routing::d10b_reconciliation_tests::case4_manning_solver_converges_to_iwagaki_oracle has been running for over 60 seconds
test ofe_routing::iwagaki_oracle::tests::characteristics_fan_cross_validates_upwind_reference has been running for over 60 seconds
test ofe_routing::iwagaki_oracle::tests::upwind_case4_conserves_and_peaks_after_cutoff has been running for over 60 seconds
test ofe_routing::iwagaki_oracle::tests::upwind_case4_self_convergence has been running for over 60 seconds
test ofe_routing::iwagaki_oracle::tests::upwind_single_reach_matches_closed_form has been running for over 60 seconds
test ofe_routing::iwagaki_oracle::tests::upwind_case4_conserves_and_peaks_after_cutoff ... ok
test ofe_routing::iwagaki_oracle::tests::upwind_single_reach_matches_closed_form ... ok
test ofe_routing::iwagaki_oracle::tests::characteristics_fan_cross_validates_upwind_reference ... ok
test ofe_routing::iwagaki_oracle::tests::upwind_case4_self_convergence ... ok
test ofe_routing::d10b_reconciliation_tests::case4_manning_solver_converges_to_iwagaki_oracle ... ok

failures:

---- tests::tests_mod::direct_runtime::direct_runtime_r3c_r4b::r3c_lane_transfer_span_projects_multilane_topology stdout ----

thread 'tests::tests_mod::direct_runtime::direct_runtime_r3c_r4b::r3c_lane_transfer_span_projects_multilane_topology' (1960944) panicked at crates/openwepp-hillslope-orchestrator/src/tests/tests_mod/direct_runtime_r3c_r4b.rs:780:5:
assertion `left == right` failed
  left: 11
 right: 1
note: run with `RUST_BACKTRACE=1` environment variable to display a backtrace


failures:
    tests::tests_mod::direct_runtime::direct_runtime_r3c_r4b::r3c_lane_transfer_span_projects_multilane_topology

test result: FAILED. 404 passed; 1 failed; 0 ignored; 0 measured; 0 filtered out; finished in 319.51s

error: test failed, to rerun pass `-p openwepp-hillslope-orchestrator --lib`
     Running unittests src/lib.rs (target/llvm-cov-target/debug/deps/openwepp_hillslope_output-71befb806a5e9477)

running 17 tests
test contracts::tests::output_contract_rejects_missing_required_pass_path ... ok
test contracts::tests::output_contract_accepts_required_and_optional_output_extensions ... ok
test contracts::tests::output_contract_rejects_optional_output_extension_mismatch ... ok
test contracts::tests::output_contract_rejects_required_output_extension_mismatch ... ok
test contracts::tests::output_contract_reports_only_configured_optional_outputs ... ok
test manifest::tests::manifest_checksum_assembly_rejects_duplicate_paths ... ok
test manifest::tests::manifest_checksum_assembly_rejects_empty_checksum ... ok
test manifest::tests::manifest_checksum_assembly_rejects_empty_output_path ... ok
test manifest::tests::manifest_checksum_assembly_sorts_paths_deterministically ... ok
test writers::tests::writer_paths_include_only_configured_optional_outputs ... ok
test writers::tests::writer_paths_include_required_outputs ... ok
test hillslope_pass::tests::writer_emits_valid_parquet_file_with_schema_metadata ... ok
test hillslope_pass::tests::writer_emits_byte_stable_parquet_for_identical_rows ... ok
test hillslope_wat::tests::schema_includes_required_dataset_metadata_keys ... ok
test hillslope_wat::tests::schema_includes_units_and_description_field_metadata ... ok
test hillslope_wat::tests::writer_emits_valid_parquet_file_with_schema_metadata ... ok
test hillslope_wat::tests::writer_emits_byte_stable_parquet_for_identical_rows ... ok

test result: ok. 17 passed; 0 failed; 0 ignored; 0 measured; 0 filtered out; finished in 0.16s

     Running unittests src/lib.rs (target/llvm-cov-target/debug/deps/openwepp_input_contract-83179a93106c482a)

running 33 tests
test parsers::gwcoeff::m02_tests::invariant_error_priority_is_characterized ... ok
test parsers::hbp::error::m04_tests::all_format_error_code_mappings_are_exact_and_unique ... ok
test parsers::hbp::error::m04_tests::parse_error_ids_display_and_sources_are_exact ... ok
test parsers::slope::tests::tokenizer_skips_blank_and_comment_lines ... ok
test parsers::slope::tests::tokenizer_splits_comma_delimited_pairs ... ok
test parsers::snow::m03_tests::error_display_ids_and_sources_are_exact ... ok
test parsers::snow::m03_tests::finite_and_range_error_order_is_exact ... ok
test parsers::snow::m03_tests::invariant_branches_and_combined_invalid_priority_are_exact ... ok
test parsers::snow::m03_tests::private_token_and_prefix_boundaries_are_characterized ... ok
test parsers::snow::m03_tests::warning_codes_and_messages_are_exact ... ok
test parsers::soil::tests::cqr22_parse_policy_row_characterizes_error_branches ... ok
test parsers::soil::tests::cqr22_parse_policy_row_characterizes_success_variants ... ok
test parsers::soil::tests::cqr23_datver_numeric_and_raw_alias_contracts_are_exact ... ok
test parsers::soil::tests::cqr23_layer_depth_missing_and_restrictive_footer_paths_are_stable ... ok
test parsers::soil::tests::cqr23_line_cursor_strict_and_compatibility_record_selection_is_exact ... ok
test parsers::soil::tests::cqr23_ofe_collection_preserves_restrictive_identity_closure ... ok
test parsers::soil::tests::cqr23_ofe_header_policy_order_and_header_validation_are_stable ... ok
test parsers::soil::tests::cqr23_parse_soil_characterizes_base_and_extended_datver_families ... ok
test parsers::soil::tests::cqr23_parse_soil_characterizes_disturbed_datver_families ... ok
test parsers::soil::tests::cqr23_parser_error_display_and_token_helpers_preserve_exact_contracts ... ok
test parsers::soil::tests::cqr23_primitive_parsers_validators_and_tokenizers_preserve_fail_closed_errors ... ok
test parsers::soil::tests::cqr23_preamble_success_alias_and_failure_paths_are_stable ... ok
test parsers::soil::tests::cqr23_restrictive_row_detection_and_file_tail_rejection_are_stable ... ok
test parsers::soil::tests::cqr23_soil_error_codes_preserve_every_public_label ... ok
test parsers::watershed_structure::tests::compatibility_no_header_is_observable ... ok
test parsers::watershed_structure::tests::context_and_count_closures_fail_closed ... ok
test parsers::watershed_structure::tests::malformed_inputs_preserve_typed_error_priority ... ok
test parsers::watershed_structure::tests::malformed_required_integer_is_str_e_001 ... ok
test parsers::watershed_structure::tests::materialize_lines_skips_comment_and_blank_lines ... ok
test parsers::watershed_structure::tests::nonfinite_datver_is_str_e_003_in_strict_and_compatibility_modes ... ok
test parsers::watershed_structure::tests::parses_ordered_typed_structure_and_cross_file_counts ... ok
test parsers::watershed_structure::tests::public_error_strings_codes_and_sources_cover_every_variant ... ok
test parsers::watershed_structure::tests::path_wrapper_reads_real_file_and_preserves_open_error ... ok

test result: ok. 33 passed; 0 failed; 0 ignored; 0 measured; 0 filtered out; finished in 0.00s

     Running unittests src/lib.rs (target/llvm-cov-target/debug/deps/openwepp_kernel_contract-aceefee11430d009)

running 42 tests
test lib_mod::core_types::cqr_boundary_request_tests::boundary_value_named_constructors_preserve_unit_validation ... ok
test lib_mod::core_types::cqr_boundary_request_tests::boundary_value_units_and_scalars_cover_climate_variants ... ok
test lib_mod::core_types::cqr_boundary_request_tests::boundary_value_units_and_scalars_cover_hydrologic_variants ... ok
test lib_mod::core_types::cqr_boundary_request_tests::dense_slot_request_reads_dense_values_before_indexed_fallback ... ok
test lib_mod::core_types::cqr_boundary_request_tests::dense_symbol_lookup_falls_back_from_empty_view_to_legacy_slots ... ok
test lib_mod::core_types::cqr_boundary_request_tests::phase_and_consumer_labels_cover_all_dispatch_classes ... ok
test lib_mod::core_types::cqr_boundary_request_tests::request_lookup_preserves_legacy_slot_and_indexed_fallback_order ... ok
test lib_mod::core_types::cqr_boundary_request_tests::request_hot_symbol_accessors_preserve_state_and_flux_lookup_identity ... ok
test lib_mod::core_types::cqr_boundary_request_tests::writeback_payloads_and_responses_preserve_typed_fields ... ok
test tests::accepts_finite_domain_valid_payload ... ok
test tests::accepts_unit_boundary_typed_values ... ok
test tests::apply_requires_accept_outcome ... ok
test tests::climate_forcing_symbol_surface_hillslope_uses_canonical_aliases ... ok
test tests::climate_forcing_symbol_surface_rejects_unsupported_point_count ... ok
test tests::climate_forcing_symbol_surface_watershed_scope_uses_canonical_aliases ... ok
test tests::decomposition_context_can_carry_typed_transition_payload ... ok
test tests::growth_context_can_carry_typed_transition_payload ... ok
test tests::hot_symbol_tables_scan_pl_dispatch_symbols_once ... ok
test tests::indexed_request_without_dense_slots_keeps_dense_surface_absent ... ok
test tests::hot_symbol_tables_scan_series_and_grid_symbols_once ... ok
test tests::indexed_surface_rejects_unknown_btreemap_symbol ... ok
test tests::indexed_surface_round_trips_in_sorted_symbol_order ... ok
test tests::indexed_surface_set_updates_in_id_order ... ok
test tests::indexed_writeback_application_requires_accept_outcome ... ok
test tests::indexed_writeback_application_sorts_and_updates_both_surfaces ... ok
test tests::indexed_writeback_evaluation_accepts_inclusive_boundaries ... ok
test tests::indexed_writeback_evaluation_prioritizes_nonfinite_failures ... ok
test tests::indexed_writeback_evaluation_reports_ordered_domain_violations ... ok
test tests::indexed_writeback_resolves_all_ids_before_any_mutation ... ok
test tests::indexed_writeback_surface_round_trips_state_and_flux ... ok
test tests::logical_writeback_application_sorts_and_updates_both_surfaces ... ok
test tests::logical_writeback_evaluation_covers_every_domain_bound_shape ... ok
test tests::phase_class_decomposition_predicate_matches_contract ... ok
test tests::phase_class_growth_predicate_matches_contract ... ok
test tests::phase_class_hydrology_predicate_matches_contract ... ok
test tests::rejects_non_finite_payload_with_typed_status ... ok
test tests::request_with_decomposition_context_preserves_typed_phase_metadata ... ok
test tests::request_with_growth_context_preserves_typed_phase_metadata ... ok
test tests::symbol_registry_assigns_ids_in_sorted_symbol_order ... ok
test tests::symbol_registry_audit_records_post_freeze_unknowns ... ok
test tests::symbol_registry_export_surface_matches_btreemap_order_after_sort ... ok
test tests::writeback_errors_preserve_display_sources_and_conversions ... ok

test result: ok. 42 passed; 0 failed; 0 ignored; 0 measured; 0 filtered out; finished in 0.00s

     Running unittests src/lib.rs (target/llvm-cov-target/debug/deps/openwepp_landuse_migrate-5e650da1ea7025e7)

running 7 tests
test convert::m12_tests::m12_all_yearly_extensions_preserve_distinct_fields_and_bits ... ok
test m11_tests::m11_all_error_displays_sources_and_yaml_conversion_are_stable ... ok
test cli::m13_tests::m13_explicit_target_precedes_args_file_and_absent_target_inherits ... ok
test m11_tests::m11_authority_from_files_conflicts_preserve_precedence ... ok
test m11_tests::m11_authority_from_files_reports_the_first_malformed_stage ... ok
test m11_tests::m11_authority_from_files_merges_in_declared_order ... ok
test convert::m12_tests::m12_all_converted_extensions_roundtrip_through_public_management_yaml ... ok

test result: ok. 7 passed; 0 failed; 0 ignored; 0 measured; 0 filtered out; finished in 0.01s

     Running unittests src/main.rs (target/llvm-cov-target/debug/deps/openwepp_landuse_migrate-ba2cbcfb124f8afd)

running 0 tests

test result: ok. 0 passed; 0 failed; 0 ignored; 0 measured; 0 filtered out; finished in 0.00s

     Running tests/cli.rs (target/llvm-cov-target/debug/deps/cli-c67c996293f34084)

running 19 tests
test conflicting_args_file_and_class_map_fails_closed ... ok
test args_for_legacy_reports_required_disturbed_class ... ok
test partial_class_map_fails_closed ... ok
test unknown_disturbed_class_fails_closed ... ok
test m13_validation_writes_requested_report_and_formats_stdout_independently ... ok
test validate_legacy_without_class_fails_closed ... ok
test unsupported_legacy_rangeland_fails_closed ... ok
test overwrite_without_force_fails_closed ... ok
test dry_run_writes_report_but_no_output_yaml ... ok
test m13_args_file_target_inheritance_runs_real_dry_migration ... ok
test m13_empty_and_help_flags_print_the_exact_help_contract ... ok
test m13_parser_preserves_unknown_multiple_and_missing_input_priority ... ok
test m13_discovery_rejects_each_incompatible_mode_before_source_work ... ok
test flat_ow_lanuse_1_with_coefficients_migrates_without_disturbed_class ... ok
test legacy_global_class_writes_default_man_yaml ... ok
test m13_validation_target_defaults_only_for_yaml_and_migration_requires_target ... ok
test producer_rejects_non_lowercase_yaml_outputs ... ok
test native_yaml_latest_passthrough_preserves_coefficients ... ok
test m13_every_value_option_fails_at_the_missing_value ... ok

test result: ok. 19 passed; 0 failed; 0 ignored; 0 measured; 0 filtered out; finished in 0.02s

     Running unittests src/lib.rs (target/llvm-cov-target/debug/deps/openwepp_legacy_bridge-580fb2e0b4c53ef4)

running 13 tests
test hbp::tests::compat_mode_accepts_legacy_magic_alias_with_warning ... ok
test hbp::tests::reject_short_shard ... ok
test hbp::tests::reject_contract_with_duplicate_alias ... ok
test hbp::tests::reject_unknown_magic ... ok
test hbp::tests::strict_mode_accepts_canonical_magic ... ok
test hbp::tests::strict_mode_rejects_legacy_magic_alias ... ok
test sidecar::tests::compat_mode_accepts_legacy_alias_with_warning ... ok
test sidecar::tests::compat_mode_ignores_unknown_sidecar_with_warning ... ok
test sidecar::tests::duplicate_discovery_file_name_is_rejected ... ok
test sidecar::tests::strict_mode_accepts_canonical_required_and_optional_bindings ... ok
test sidecar::tests::strict_mode_ignores_unknown_sidecar_with_warning ... ok
test sidecar::tests::strict_mode_rejects_legacy_alias ... ok
test sidecar::tests::strict_mode_rejects_missing_required_sidecar ... ok

test result: ok. 13 passed; 0 failed; 0 ignored; 0 measured; 0 filtered out; finished in 0.00s

     Running tests/hbp_error_contract.rs (target/llvm-cov-target/debug/deps/hbp_error_contract-cd9a22b55c42e679)

running 1 test
test hbp_adapter_error_display_preserves_all_contract_identities ... ok

test result: ok. 1 passed; 0 failed; 0 ignored; 0 measured; 0 filtered out; finished in 0.00s

     Running tests/sidecar_error_contract.rs (target/llvm-cov-target/debug/deps/sidecar_error_contract-c93022848a1ed2bf)

running 1 test
test sidecar_adapter_error_display_preserves_all_contract_identities ... ok

test result: ok. 1 passed; 0 failed; 0 ignored; 0 measured; 0 filtered out; finished in 0.00s

     Running unittests src/lib.rs (target/llvm-cov-target/debug/deps/openwepp_management_schema-e8fb0521f3568809)

running 11 tests
test tests::default_migration_path_appends_yaml_to_full_source_name ... ok
test tests::extension_policy_accepts_consumer_aliases_but_producer_only_yaml ... ok
test tests::management_yaml_error_display_and_sources_are_exact ... ok
test tests::document_identity_and_required_field_priority_is_exact ... ok
test tests::cropland_validator_branches_and_priorities_are_bound ... ok
test tests::validation_rejects_missing_route_coefficients ... ok
test tests::schedule_validation_branch_order_and_payloads_are_exact ... ok
test tests::validation_rejects_duplicate_schedule_slot_coverage ... ok
test tests::parser_accepts_uppercase_yml_consumer_extension ... ok
test tests::public_path_parse_and_serialization_error_surfaces_are_bound ... ok
test tests::validation_rejects_invalid_route_coefficient_domains ... ok

test result: ok. 11 passed; 0 failed; 0 ignored; 0 measured; 0 filtered out; finished in 0.00s

     Running unittests src/lib.rs (target/llvm-cov-target/debug/deps/openwepp_meteorology-595391dbc9d780ad)

running 18 tests
test phase::tests::hourly_fraction_reference_values_are_stable ... ok
test phase::tests::rain_fraction_is_monotonic_and_closes_by_timescale ... ok
test phase::tests::bisection_fallback_solves_warm_unsaturated_hydrometeor_temperature ... ok
test phase::tests::saturated_air_identity_holds_for_hydrometeor_temperature ... ok
test phase::tests::solver_reports_non_convergence ... ok
test psychrometrics::tests::dewpoint_and_relative_humidity_round_trip ... ok
test psychrometrics::tests::absolute_zero_guard_rejects_nonphysical_temperature ... ok
test psychrometrics::tests::latent_heat_diffusivity_and_conductivity_reference_values_are_stable ... ok
test psychrometrics::tests::saturation_vapor_pressure_reference_values_are_stable ... ok
test phase::tests::unsaturated_air_cools_hydrometeor_temperature ... ok
test surface_energy::tests::advected_heat_from_precipitation_matches_heat_storage_terms ... ok
test surface_energy::tests::conductive_heat_flux_uses_series_resistance_and_sign_to_surface ... ok
test surface_energy::tests::domain_errors_reject_nonphysical_inputs ... ok
test surface_energy::tests::latent_heat_and_mass_flux_convert_bidirectionally ... ok
test surface_energy::tests::net_all_wave_radiation_closes_from_shortwave_and_longwave_terms ... ok
test surface_energy::tests::surface_energy_balance_sums_all_terms ... ok
test surface_energy::tests::turbulent_fluxes_apply_stability_and_close_latent_mass_coupling ... ok
test surface_energy::tests::turbulent_fluxes_include_potential_temperature_height_correction ... ok

test result: ok. 18 passed; 0 failed; 0 ignored; 0 measured; 0 filtered out; finished in 0.00s

     Running unittests src/lib.rs (target/llvm-cov-target/debug/deps/openwepp_runner-1a60e82059857d0d)

running 129 tests
test hillslope::direct_seed_projections::cqr_row7_seed_projection_tests::cqr_row7_wb16_equivalent_plane_alpha_covers_single_multi_and_error_paths ... ok
test hillslope::direct_seed_projections::cqr_row7_seed_projection_tests::cqr_row7_wb11_frozen_depth_refresh_covers_fine_scalar_and_guard_paths ... ok
test hillslope::direct_production_ksatadj_tests::active_ksatadj_supplies_wb14_effective_conductivity_before_base_fallback ... ok
test hillslope::direct_production_ksatadj_tests::active_ksatadj_final_wb14_conductivity_remains_frost_limited ... ok
test hillslope::erosion_tillage_scope_tests::no_tillage_scope_disables_wave1_for_tilled_cropland_only ... ok
test hillslope::laned_active::tests::diagnostic_max_dt_selector_requires_active_trace ... ok
test hillslope::laned_active::tests::max_dt_parser_defaults_parses_and_rejects_invalid_caps ... ok
test hillslope::laned_active::tests::mesh_policy_parser_defaults_parses_and_rejects_invalid_target_dx ... ok
test hillslope::laned_active::tests::step_trace_selector_requires_explicit_one ... ok
test hillslope::intake_lane_setup::runtime_surface_helpers::forest_pmet_fail_closed_tests::cropland_pmet_miss_keeps_compatibility_first_row_fallback ... ok
test hillslope::laned_active::tests::trace_detail_filter_parses_one_based_day_lane ... ok
test hillslope::intake_lane_setup::runtime_surface_helpers::forest_pmet_fail_closed_tests::native_forest_pmet_miss_fails_closed_no_first_row_fallback ... ok
test hillslope::intake_lane_setup::runtime_surface_helpers::forest_pmet_fail_closed_tests::mixed_cropland_forest_schedule_is_rejected_by_single_pmet_surface ... ok
test hillslope::laned_active::tests::trace_selector_requires_explicit_one ... ok
test hillslope::laned_shadow::tests::day_change_commits_zero_source_day_and_finalize_commits_tail_day ... ok
test hillslope::laned_shadow::tests::diagnostic_profile_helpers_cover_opt_in_surfaces_without_public_outputs ... ok
test hillslope::laned_shadow::tests::dynamic_canopy_operands_reach_cell_parameters ... ok
test hillslope::laned_shadow::tests::missing_buffered_operands_fail_closed_before_cascade ... ok
test hillslope::laned_shadow::tests::observe_row_rejects_invalid_lane_area_and_runoff_domains ... ok
test hillslope::laned_shadow::tests::routing_window_keeps_drain_tail_for_hour_24_source ... ok
test hillslope::laned_shadow::tests::validate_lane_day_operands_rejects_invalid_dynamic_inputs ... ok
test hillslope::laned_shadow_dynamic_operand_tests::laned_shadow_dynamic_operands_preserve_hourly_rainfall_when_valid ... ok
test hillslope::laned_shadow_dynamic_operand_tests::laned_shadow_dynamic_operands_reject_missing_canhgt_when_lai_positive ... ok
test hillslope::laned_shadow_dynamic_operand_tests::laned_shadow_dynamic_operands_reject_zero_canhgt_when_lai_positive ... ok
test hillslope::laned_shadow_dynamic_operand_tests::m08_dynamic_operand_guards_preserve_index_and_priority ... ok
test hillslope::snowbench::tests::date_continuity_accepts_leap_day_sequence ... ok
test hillslope::snowbench::tests::date_continuity_rejects_invalid_calendar_day ... ok
test hillslope::snowbench::tests::date_continuity_rejects_non_uniform_daily_step ... ok
test hillslope::snowbench::tests::openwepp_snow_projection_uses_climate_date_for_sim_day_index ... ok
test hillslope::snowbench_coe_melt::tests::forcing_line_accepts_and_converts_complete_physical_row ... ok
test hillslope::snowbench_coe_melt::tests::forcing_line_rejects_column_and_timestamp_failures ... ok
test hillslope::snowbench_coe_melt::tests::canopy_series_accepts_ordered_finite_unit_interval_rows ... ok
test hillslope::erosion_tillage_scope_tests::lanuse_resolution_is_schedule_scoped_and_fails_closed_without_authority ... ok
test hillslope::snowbench_coe_melt::tests::forcing_line_rejects_numeric_and_physical_domain_failures ... ok
test hillslope::erosion_tillage_scope_tests::tillage_detector_is_schedule_scoped_not_registry_scoped ... ok
test hillslope::snowbench_physics_bulk::tests::excess_liquid_release_ignores_bare_ground_rain ... ok
test hillslope::snowbench_physics_bulk::tests::dry_compaction_increases_density_without_mass_drift ... ok
test hillslope::snowbench_physics_bulk::tests::fresh_snow_density_is_bounded_and_warmer_snow_is_denser ... ok
test hillslope::snowbench_physics_bulk::tests::named_variants_are_global_and_distinct_from_candidate_v1 ... ok
test hillslope::snowbench_physics_bulk::tests::sample_sequence_closes_mass_and_emits_daily_rows ... ok
test hillslope::snowbench_physics_bulk::tests::subfreezing_pack_refreezes_retained_liquid_using_cold_content ... ok
test hillslope::snowbench_physics_bulk::tests::wet_compaction_releases_excess_liquid_and_preserves_mass_balance ... ok
test hillslope::snowbench_coe_melt::tests::canopy_series_rejects_io_header_shape_sequence_and_domain_failures ... ok
test hillslope::tests::cqr_growth_authority::cqr_growth_crop_authority_rejects_infinite_integral_date ... ok
test hillslope::tests::cqr_growth_authority::cqr_growth_crop_authority_rejects_nan_required_scalar ... ok
test hillslope::tests::cqr_laned_active_outputs::cqr_laned_active_configure_subprocess_probe ... ok
test hillslope::tests::cqr_laned_active_outputs::cqr_laned_active_apply_configuration_covers_inactive_active_and_profile_reset ... ok
test hillslope::tests::cqr_laned_active_outputs::cqr_laned_active_pure_selector_decisions_cover_priority_and_configuration ... ok
test hillslope::tests::cqr_growth_authority::cqr_growth_crop_authority_preserves_schedule_precedence_and_integral_guards ... ok
test hillslope::tests::cqr_laned_active_outputs::cqr_laned_active_summary_validation_covers_required_and_optional_states ... ok
test hillslope::tests::cqr_laned_active_outputs::cqr_laned_active_trace_serialization_preserves_absent_detail_as_null ... ok
test hillslope::tests::cqr_laned_active_outputs::cqr_selector_subprocess_probe ... ok
test hillslope::tests::cqr_row7_no_final_frost_rebalance_covers_credit_debit_and_guards ... ok
test hillslope::tests::cqr_row7_priestley_taylor_demand_covers_canopy_and_guard_paths ... ok
test hillslope::tests::cqr_row7_snow_frost_insulation_helpers_cover_layered_and_sturm_paths ... ok
test hillslope::tests::cqr_row7_snow_selector_parsers_cover_defaults_variants_and_rejections ... ok
test hillslope::tests::cqr_row7_retained_publication_frame_validator_covers_count_and_identity_guards ... ok
test hillslope::tests::hb06_wat_projection_consumes_typed_wb13_guard_and_preserves_optional_profile ... ok
test hillslope::tests::cqr_laned_active_outputs::cqr_laned_active_trace_serialization_preserves_schema_indices_and_nested_detail ... ok
test hillslope::tests::cqr_row7_sturm1995_climate_normals_cover_nominal_and_guard_paths ... ok
test hillslope::tests::intval_material_thaw_preserves_layer_basis_until_frwatc_projection ... ok
test hillslope::tests::cqr_growth_authority::cqr_growth_crop_authority_binds_every_required_scalar_error_arm ... ok
test hillslope::tests::r6b_absent_operand_detector_suppresses_marker_for_nonzero_direct_operands ... ok
test hillslope::tests::r6a_direct_projection_consumers_read_publication_frame_operands ... ok
test hillslope::tests::cqr_row7_growth_crop_and_surface_litter_projection_cover_schedule_paths ... ok
test hillslope::tests::r6g_wat_hold_marker_is_reserved_for_exact_pmet_day_state_carry_fields ... ok
test hillslope::tests::r6f_wat_hold_marker_is_reserved_for_exact_producer_gap_fields ... ok
test hillslope::tests::cqr_laned_active_outputs::cqr_laned_active_trace_writer_covers_validation_and_real_file_output ... ok

running 1 test
test hillslope::tests::r6h_wat_hold_marker_is_reserved_for_exact_pmet_layer_ulp_gap ... ok

running 1 test
test hillslope::tests::r6j_direct_manifest_provenance_accepts_multiofe_direct_rows ... ok
test hillslope::tests::r7e_runtime_selection_policy_resolves_only_direct_modes ... ok
test hillslope::tests::cqr_laned_active_outputs::cqr_laned_active_trace_writer_rejects_invalid_numeric_values_before_output ... ok
test hillslope::tests::r7c_direct_production_source_excludes_compatibility_entrypoints ... ok
test hillslope::tests::r7f_production_direct_uses_typed_day_input_builder ... ok
test hillslope::tests::r7h_growth_authority_accepts_unambiguous_lane_local_slot ... ok
test hillslope::tests::r7h_growth_authority_selects_current_ofe_slot_not_primary_ofe ... ok
test hillslope::tests::same_day_frost_hydrology_layers_keep_stale_projection_when_frost_is_final ... ok
test hillslope::tests::r6a_direct_hbp_writer_serializes_groundwater_payload_operands ... ok
test hillslope::tests::simimpl::simimpl09_timestep_policy_scaffolds_subhourly_without_physics_enablement ... ok
test hillslope::tests::simimpl::simimpl09_lane_context_matches_mode_selection_tuple ... ok
test hillslope::tests::same_day_frost_hydrology_layers_clear_stale_projection_and_preserve_target ... ok
test hillslope::tests::simimpl::simimpl11_area_derives_from_aggregate_ofe_geometry ... ok
test hillslope::tests::r7g_runfile_mode_uses_sibling_snow_and_frost_sidecars ... ok
test launch::tests::launch_argv_contains_required_explicit_args ... ok
test hillslope::tests::typed_seed_authority_direct_setup_skips_symbol_map_seed_surface ... ok
test release::tests::lint_release_directory_reports_invalid_binary_name_before_sidecar_read ... ok
test release::tests::release_name_validator_rejects_invalid_patterns ... ok
test release::tests::release_name_validator_accepts_expected_patterns ... ok
test release::tests::lint_release_directory_reports_missing_sidecar_for_candidate ... ok
test release::tests::lint_release_directory_reports_no_release_candidates_after_filtering ... ok
test watershed_wat::tests::aggregate_file_rows_uses_outlet_lateral_and_preserves_optional_wat_fields ... ok
test watershed_wat::tests::display_formats_every_watershed_wat_error_variant ... ok
test watershed_wat::tests::optional_f64_value_treats_all_null_column_as_absent_but_rejects_mixed_nulls ... ok
test watershed_wat::tests::column_and_scalar_guards_cover_type_null_and_nonfinite_errors ... ok
test hillslope::tests::runner_management_intake_dispatches_canonical_yaml_path ... ok
test watershed_wat::tests::read_batch_into_reads_aliases_optional_defaults_and_row_values ... ok
test watershed_wat::tests::read_batch_into_rejects_invalid_area_with_absolute_row_index ... ok
test hillslope::tests::r7g_direct_production_frost_uses_prior_snowpack_not_same_day_projection ... ok
test hillslope::tests::snowdensity1035b_direct_snow_consumer_receives_phase_selector ... ok
test hillslope::tests::r7f_typed_day_input_hot_loop_excludes_runtime_surface_reads ... ok
test hillslope::tests::r7h_direct_production_winter_hourly_forcing_uses_shared_context_geometry ... ok
test hillslope::tests::laned_shadow_consumes_live_dynamic_friction_operands ... ok
test watershed_wat::tests::build_handles_absent_and_partial_wat_sibling_inventories ... ok
test hillslope::tests::r7g_direct_production_hands_active_frost_context_to_r4a_without_material_gate ... ok
test watershed_wat::tests::read_wat_file_reports_open_read_and_schema_failures ... ok
test watershed_wat::tests::build_rejects_non_finite_aggregated_area ... ok
test watershed_wat::tests::build_reads_wat_parquet_and_publishes_daily_rows ... ok
test release::tests::lint_release_directory_reports_hbp_pair_mismatch_after_candidate_scan ... ok
test release::tests::write_release_sidecar_reuses_fresh_sidecar_without_rewrite ... ok
test release::tests::lint_release_directory_reports_sidecar_binary_name_mismatch ... ok
test release::tests::lint_release_directory_accepts_valid_candidates_and_ignores_non_candidates ... ok
test release::tests::m09_public_sidecar_validation_preserves_fail_closed_priority ... ok
test hillslope::tests::r7g_direct_production_reads_winter_column_snow_not_runtime_carry ... ok
test release::tests::write_release_sidecar_rewrites_when_binary_is_newer ... ok
test hillslope::laned_shadow::tests::runner_profile_slots_accumulate_for_routed_day ... ok
test hillslope::tests::r7g_direct_production_reads_winter_column_frost_and_deletes_bridge ... ok
test hillslope::tests::compatibility_runtime_deletion_removes_obsolete_transition_modes ... ok
test hillslope::laned_shadow::tests::dynamic_rainfall_intensity_changes_routed_cascade_result ... ok
test hillslope::laned_shadow::tests::positive_uniform_shape_day_without_routed_melt_classifies_lump_only_source ... ok
test hillslope::laned_shadow::tests::positive_uniform_shape_day_routes_and_classifies_routed_melt_source ... ok
test hillslope::tests::cqr_laned_active_outputs::cqr_selector_subprocess_probe ... ok

test result: ok. 1 passed; 0 failed; 0 ignored; 0 measured; 128 filtered out; finished in 0.08s


running 1 test
test hillslope::tests::cqr_laned_active_outputs::cqr_laned_active_configure_subprocess_probe ... ok

test result: ok. 1 passed; 0 failed; 0 ignored; 0 measured; 128 filtered out; finished in 0.23s

test hillslope::tests::cqr_laned_active_outputs::cqr_laned_active_configure_wrapper_builds_authoritative_active_config_without_routing ... ok
test hillslope::tests::cqr_laned_active_outputs::cqr_execute_direct_publication_stream_runs_real_fixture_consumer ... ok
test hillslope::tests::cqr_laned_active_outputs::cqr_selector_subprocess_probe ... ok

test result: ok. 1 passed; 0 failed; 0 ignored; 0 measured; 128 filtered out; finished in 27.06s


running 1 test
test hillslope::tests::cqr_laned_active_outputs::cqr_selector_subprocess_probe ... ok

test result: ok. 1 passed; 0 failed; 0 ignored; 0 measured; 128 filtered out; finished in 0.08s

test hillslope::tests::cqr_laned_active_outputs::cqr_laned_active_selectors_cover_disable_conflict_shadow_and_profile_paths ... ok
test hillslope::tests::r7c_direct_production_executor_reports_no_day_input_compatibility_edges ... ok
test hillslope::tests::r7e_default_candidate_legacy_sidecar_discovery_uses_direct_manifest ... ok
test hillslope::tests::r7e_default_candidate_activation_selects_direct_runtime_manifest has been running for over 60 seconds
test hillslope::tests::r7e_default_candidate_uses_direct_production_manifest has been running for over 60 seconds
test hillslope::tests::simimpl::simimpl14_contract_gate_continuous_wb13_span_and_keys has been running for over 60 seconds
test hillslope::tests::simimpl::simimpl14_contract_gate_loss_output_is_run_span_truthful has been running for over 60 seconds
test hillslope::tests::r7e_default_candidate_activation_selects_direct_runtime_manifest ... ok
test hillslope::tests::r7e_default_candidate_uses_direct_production_manifest ... ok
test hillslope::tests::simimpl::simimpl14_contract_gate_continuous_wb13_span_and_keys ... ok
test hillslope::tests::simimpl::simimpl14_contract_gate_loss_output_is_run_span_truthful ... ok

test result: ok. 129 passed; 0 failed; 0 ignored; 0 measured; 0 filtered out; finished in 107.46s

     Running unittests src/bin/open_wepp_runner.rs (target/llvm-cov-target/debug/deps/open_wepp_runner-aa409de81f7ba19f)

running 6 tests
test tests::hillslope_command_propagates_parse_failure ... ok
test tests::hillslope_parse_preserves_complete_request ... ok
test tests::hillslope_parse_preserves_value_and_required_guard_priority ... ok
test tests::release_sidecar_command_rejects_unsupported_role_value ... ok
test tests::hillslope_command_launches_real_consumer_with_exact_argv ... ok
test tests::release_sidecar_command_writes_sidecar_for_requested_role ... ok

test result: ok. 6 passed; 0 failed; 0 ignored; 0 measured; 0 filtered out; finished in 0.00s

     Running unittests src/bin/openwepp-cli-hill.rs (target/llvm-cov-target/debug/deps/openwepp_cli_hill-da4b06eeff20fd59)

running 5 tests
test tests::parse_complete_request_preserves_paths_policy_and_runtime_selection ... ok
test tests::parse_required_and_selector_guards_preserve_priority_and_messages ... ok
test tests::parse_help_short_circuits_and_value_flags_keep_exact_errors ... ok
test tests::run_with_args_preserves_help_short_circuit_and_exact_error ... ok
test tests::execute_cli_runs_real_minimal_fixture_and_publishes_outputs ... ok

test result: ok. 5 passed; 0 failed; 0 ignored; 0 measured; 0 filtered out; finished in 25.13s

     Running unittests src/bin/openwepp-cli-totalwatsed3.rs (target/llvm-cov-target/debug/deps/openwepp_cli_totalwatsed3-1390776c91f77f0a)

running 0 tests

test result: ok. 0 passed; 0 failed; 0 ignored; 0 measured; 0 filtered out; finished in 0.00s

     Running unittests src/bin/openwepp-cli-watershed.rs (target/llvm-cov-target/debug/deps/openwepp_cli_watershed-e779e565b358d61d)

running 5 tests
test hb10_tests::simple_boundaries_are_characterized ... ok
test hb10_tests::groundwater_authority_boundaries_are_characterized ... ok
test hb10_tests::crfrac_input_priorities_are_characterized ... ok
test hb10_tests::validator_families_are_characterized ... ok
test hb10_tests::source_area_arithmetic_and_errors_are_characterized ... ok

test result: ok. 5 passed; 0 failed; 0 ignored; 0 measured; 0 filtered out; finished in 0.00s

     Running unittests src/bin/openwepp-snowbench.rs (target/llvm-cov-target/debug/deps/openwepp_snowbench-36f7721deaaafc02)

running 9 tests
test tests::classifies_top_level_help_and_jennings_commands ... ok
test tests::common_snowbench_args_preserve_error_and_help_precedence ... ok
test tests::common_snowbench_args_parse_all_options ... ok
test tests::command_specific_guards_return_before_heavy_work ... ok
test tests::jennings_phase_args_parse_all_options ... ok
test tests::jennings_phase_args_preserve_error_and_help_precedence ... ok
test tests::jennings_phase_run_reports_missing_required_inputs_in_order ... ok
test tests::run_with_args_preserves_command_error_precedence ... ok
test tests::jennings_phase_run_accepts_minimal_valid_fixture ... ok

test result: ok. 9 passed; 0 failed; 0 ignored; 0 measured; 0 filtered out; finished in 0.00s

     Running tests/mt3_hbp_hourly_consumer_contract.rs (target/llvm-cov-target/debug/deps/mt3_hbp_hourly_consumer_contract-4be32fa092001881)

running 7 tests
test wshedw11d_creams_serial_publication_uses_terminal_extensive_outputs ... ok
test wshedw11b_two_channel_cli_consumes_same_grid_sediment_egress ... ok
test mt3_watershed_cli_hbp_hourly_pair_reaches_channel_consumer ... ok
test wshedw11d_release_cli_accepts_admissible_static_and_dynamic_mc_grid ... ok
test wshedw11d_cli_accepts_three_record_zero_count_chaninp_without_defaulting ... ok
test wshedw11d_release_cli_rejects_inadmissible_mc_grids_typed ... ok
test wshedw11c_hourly_routing_sanity_matrix ... ok

test result: ok. 7 passed; 0 failed; 0 ignored; 0 measured; 0 filtered out; finished in 7.48s

     Running tests/simimpl04_runner_kernel_execution_contract.rs (target/llvm-cov-target/debug/deps/simimpl04_runner_kernel_execution_contract-b756c6c3d13194e9)

running 1 test
test simimpl04_contract_requires_runner_kernel_execution_provenance_manifest ... ok

test result: ok. 1 passed; 0 failed; 0 ignored; 0 measured; 0 filtered out; finished in 24.37s

     Running tests/simimpl04_wb13_publication_contract.rs (target/llvm-cov-target/debug/deps/simimpl04_wb13_publication_contract-1d9f1da3d65d0641)

running 3 tests
test simimpl04_contract_requires_simulation_owned_wb13_publication_provenance ... ok
test simimpl14_contract_requires_continuous_wb13_span_and_simulation_year_row_keys ... ok
test simimpl14_contract_requires_run_span_truthful_loss_output_summary ... ok

test result: ok. 3 passed; 0 failed; 0 ignored; 0 measured; 0 filtered out; finished in 51.42s

     Running tests/simimpl04_wepp_ui_mode_closure_contract.rs (target/llvm-cov-target/debug/deps/simimpl04_wepp_ui_mode_closure_contract-6bf85b4040599175)

running 1 test
test simimpl04_contract_requires_wepp_ui_requested_effective_lane_closure_manifest ... ok

test result: ok. 1 passed; 0 failed; 0 ignored; 0 measured; 0 filtered out; finished in 24.16s

     Running tests/snowbench_error_contract.rs (target/llvm-cov-target/debug/deps/snowbench_error_contract-b81ae533c1ea7692)

running 1 test
test snowbench_error_display_preserves_all_contract_identities ... ok

test result: ok. 1 passed; 0 failed; 0 ignored; 0 measured; 0 filtered out; finished in 0.00s

     Running tests/totalwatsed3_cli_contract.rs (target/llvm-cov-target/debug/deps/totalwatsed3_cli_contract-20440cc7d61f48e0)

running 17 tests
test totalwatsed3_error_codes_display_and_sources_are_stable ... ok
test totalwatsed3_cli_fails_closed_when_required_pass_input_is_missing ... ok
test totalwatsed3_cli_help_and_argument_errors_preserve_cli_contract ... ok
test totalwatsed3_cli_rejects_missing_explicit_optional_inputs ... ok
test required_schema_type_and_null_failures_have_exact_priority ... ok
test totalwatsed3_cli_uses_pass_runvol_and_outlet_lateral_flow ... ok
test totalwatsed3_cli_explicit_relative_and_absolute_inputs_override_default_discovery ... ok
test totalwatsed3_cli_reads_openwepp_per_hillslope_pass_and_wat_surfaces ... ok
test direct_writer_closes_required_empty_existing_read_and_write_paths ... ok
test two_day_water_storage_and_sediment_oracle_rejects_wrong_aliases ... ok
test optional_soil_element_outputs_are_independently_area_reconstructed ... ok
test aggregated_area_overflow_and_zero_runoff_paths_fail_or_zero_exactly ... ok
test optional_join_partial_coverage_uses_last_duplicate_wat_key_area ... ok
test alternate_column_names_and_optional_defaults_preserve_output_identity ... ok
test every_pass_float_guard_rejects_nonfinite_and_negative_nonnegative_fields ... ok
test optional_columns_cover_all_null_mixed_null_nonfinite_and_missing_partitions ... ok
test every_wat_float_family_rejects_nonfinite_and_area_rejects_nonpositive ... ok

test result: ok. 17 passed; 0 failed; 0 ignored; 0 measured; 0 filtered out; finished in 1.58s

     Running tests/watershed_cli_behavior_contract.rs (target/llvm-cov-target/debug/deps/watershed_cli_behavior_contract-7d0bb0d1e3b3ea70)

running 29 tests
test hbp_latest_event_payload_exposes_groundwater_baseflow_and_deep_seepage ... ok
test wshedw5_public_cli_uses_typed_network_and_publication_frames ... ok
test watershed_cli_accepts_explicit_zero_impoundment_file_when_structure_has_none ... ok
test watershed_cli_emits_watershed_output_parquet_files ... ok
test watershed_cli_legacy_discovery_matches_hillslope_unknown_sidecar_behavior ... ok
test watershed_cli_mf_accepts_valid_per_ofe_publication_metadata ... ok
test watershed_cli_mofe05_accepts_valid_multiofe_metadata_and_emits_outputs ... ok
test watershed_cli_mofe05_rejects_multiofe_contributor_manifest_shape_violation ... ok
test watershed_cli_mofe05_rejects_multiofe_contributor_without_manifest_metadata ... ok
test watershed_cli_rejects_disallowed_perennial_stream_selector ... ok
test watershed_cli_mofe05_rejects_multiofe_manifest_count_mismatch ... ok
test watershed_cli_rejects_missing_applicability_selector_block ... ok
test watershed_cli_rejects_negative_hbp_payload_via_ws10_domain_guards ... ok
test wshed03_watershed_cli_end_to_end_vector_requires_non_stub_parquet_emission ... ok
test wshedimpl14_baseline_authoritative_cli_lane_replays_baseline_ebe_signature ... ok
test wshedw2_watershed_cli_generated_mode_accepts_relative_output_dir ... ok
test wshedw2_watershed_cli_rejects_ambiguous_reuse_block_with_run_file ... ok
test wshedw2_watershed_cli_rejects_stale_generated_pass_when_child_does_not_publish ... ok
test wshedw2_watershed_cli_rejects_zero_negative_and_invalid_jobs_values ... ok
test wshedw2_watershed_cli_requires_explicit_reuse_mode ... ok
test wshedw2_watershed_cli_serial_supervisor_generates_pass_inventory_and_routes ... ok
test wshedw3_watershed_cli_worker_pool_matches_jobs1_outputs_and_isolates_artifacts has been running for over 60 seconds
test wshedw3_worker_pool_removes_stale_generated_passes_and_fails_inventory_before_routing has been running for over 60 seconds
test wshedw3_worker_pool_stops_pending_jobs_after_child_failure_and_skips_routing has been running for over 60 seconds
test wshedw7_watershed_cli_generated_mode_accepts_relative_run_dir has been running for over 60 seconds
test wshedw7r_p102_sediment_active_fixture_publishes_nonzero_sediment_and_jobs_identity has been running for over 60 seconds
test wshedw9_watershed_cli_accepts_latest_no_event_pass_as_zero_runoff has been running for over 60 seconds
test wshedw9_watershed_cli_rejects_malformed_no_event_groundwater_payload has been running for over 60 seconds
test wshedw9_watershed_cli_uses_latest_no_event_not_stale_prior_event_payload has been running for over 60 seconds
test wshedw3_watershed_cli_worker_pool_matches_jobs1_outputs_and_isolates_artifacts ... ok
test wshedw3_worker_pool_removes_stale_generated_passes_and_fails_inventory_before_routing ... ok
test wshedw3_worker_pool_stops_pending_jobs_after_child_failure_and_skips_routing ... ok
test wshedw7_watershed_cli_generated_mode_accepts_relative_run_dir ... ok
test wshedw7r_p102_sediment_active_fixture_publishes_nonzero_sediment_and_jobs_identity ... ok
test wshedw9_watershed_cli_accepts_latest_no_event_pass_as_zero_runoff ... ok
test wshedw9_watershed_cli_rejects_malformed_no_event_groundwater_payload ... ok
test wshedw9_watershed_cli_uses_latest_no_event_not_stale_prior_event_payload ... ok

test result: ok. 29 passed; 0 failed; 0 ignored; 0 measured; 0 filtered out; finished in 140.23s

     Running tests/wshedw10_chaninp_absent_default_contract.rs (target/llvm-cov-target/debug/deps/wshedw10_chaninp_absent_default_contract-071c3469e7308d62)

running 1 test
test wshedw10_watershed_cli_absent_chaninp_uses_typed_legacy_defaults ... ok

test result: ok. 1 passed; 0 failed; 0 ignored; 0 measured; 0 filtered out; finished in 12.60s

     Running unittests src/lib.rs (target/llvm-cov-target/debug/deps/openwepp_sim_contract-223879c1f7ff1d33)

running 3 tests
test units_mod::registries::m06_tests::staged_invalid_entries_bind_trim_and_guard_priority ... ok
test units_mod::registries::m06_tests::registry_reports_one_based_row_after_a_valid_predecessor ... ok
test units_mod::registries::m06_tests::validate_entry_guards_are_ordered_and_exact ... ok

test result: ok. 3 passed; 0 failed; 0 ignored; 0 measured; 0 filtered out; finished in 0.00s

     Running unittests src/lib.rs (target/llvm-cov-target/debug/deps/openwepp_summary_accumulator-df7a4e9e3b895f0f)

running 20 tests
test tests::accumulates_multiple_samples_within_same_day_before_rollup ... ok
test tests::cqr_hb06_generic_surface_and_calendar_branches_are_characterized ... ok
test tests::finalize_without_samples_is_rejected ... ok
test tests::invalid_comparator_routing_is_rejected_at_construction ... ok
test tests::cqr_hb06_public_accessors_and_error_conversions_are_characterized ... ok
test tests::emits_deterministic_rollups_across_day_month_year_and_eos ... ok
test tests::rejects_duplicate_symbol_in_pair_builder ... ok
test tests::rejects_empty_scalar_surfaces ... ok
test tests::rejects_invalid_calendar_dates ... ok
test tests::rejects_non_finite_scalar_inputs ... ok
test tests::rejects_non_monotonic_days ... ok
test tests::summary_accumulator_error_display_strings_are_stable_for_output_paths ... ok
test tests::summary_accumulator_error_display_strings_are_stable_for_validation_paths ... ok
test tests::summary_accumulator_error_source_is_only_wrapped_errors ... ok
test tests::wb13_distinct_operands_map_without_aliasing_and_reach_writer ... ok
test tests::wb13_per_ofe_marker_does_not_bypass_public_qofe_identity ... ok
test tests::wb13_row_snaps_roundoff_negative_soil_evaporation_only_for_evappm_pmet_branch ... ok
test tests::wb13_typed_input_preserves_operands_and_relationship_guards ... ok
test tests::wb13_typed_input_rejects_nonfinite_scalars_before_range_checks ... ok
test tests::wb13_relationship_guards_preserve_priority_and_exact_symbols ... ok

test result: ok. 20 passed; 0 failed; 0 ignored; 0 measured; 0 filtered out; finished in 0.00s

     Running unittests src/lib.rs (target/llvm-cov-target/debug/deps/openwepp_topology-03869915ea2dab36)

running 0 tests

test result: ok. 0 passed; 0 failed; 0 ignored; 0 measured; 0 filtered out; finished in 0.00s

     Running unittests src/lib.rs (target/llvm-cov-target/debug/deps/openwepp_unit_boundary-10f35f71ff367d25)

running 25 tests
test tests::daily_mj_radiation_preserves_value ... ok
test tests::density_rejects_non_finite_values ... ok
test tests::direction_degrees_rejects_out_of_range ... ok
test tests::elapsed_time_seconds_preserves_value ... ok
test tests::first_wave_helpers_reject_invalid_domains ... ok
test tests::first_wave_length_time_rate_helpers_preserve_direction ... ok
test tests::flow_rate_liters_round_trip ... ok
test tests::fraction_unit_interval_rejects_above_one ... ok
test tests::hour_of_day_rejects_out_of_range ... ok
test tests::legacy_snow_melt_conversion_helpers_preserve_direction ... ok
test tests::linear_rate_meters_per_second_preserves_value ... ok
test tests::process_rate_meters_per_second_round_trip ... ok
test tests::process_rate_rejects_non_finite_conversion ... ok
test tests::radiation_conversion_direction_uses_langley_to_mj_m2 ... ok
test tests::radiation_wrappers_reject_negative_values ... ok
test tests::runoff_depth_meters_round_trip ... ok
test tests::runoff_conversion_rejects_overflow ... ok
test tests::runoff_depth_rejects_negative ... ok
test tests::runoff_depth_rejects_non_finite ... ok
test tests::runoff_depth_to_volume_conversion ... ok
test tests::snow_density_depth_conversions_are_directional ... ok
test tests::storage_volume_to_depth_conversion ... ok
test tests::storage_volume_to_depth_rejects_zero_area ... ok
test tests::temperature_celsius_accepts_signed_finite_values ... ok
test tests::water_depth_meters_rejects_negative ... ok

test result: ok. 25 passed; 0 failed; 0 ignored; 0 measured; 0 filtered out; finished in 0.00s

     Running unittests src/lib.rs (target/llvm-cov-target/debug/deps/openwepp_watershed_orchestrator-cb4d82891ee733b1)

running 128 tests
test lib_mod::kernel::kernel_core::direct_tests::dc_cqr_hb07_rejects_dynamic_cx_below_legacy_admission_bound ... ok
test lib_mod::kernel::kernel_core::direct_tests::direct_channel_peak_helpers_cover_branch_cases ... ok
test lib_mod::kernel::kernel_core::direct_tests::direct_active_sediment_and_publication_guards_are_characterized ... ok
test lib_mod::kernel::kernel_core::direct_tests::direct_channel_runoff_helpers_cover_branch_cases ... ok
test lib_mod::kernel::kernel_core::direct_tests::direct_channel_peak_helpers_cover_zero_and_positive_wave_paths ... ok
test lib_mod::kernel::kernel_core::direct_tests::direct_dependency_sediment_payload_guards_cover_remaining_paths ... ok
test lib_mod::kernel::kernel_core::direct_tests::direct_dependency_baseflow_and_contributor_area_helpers_cover_frame_paths ... ok
test lib_mod::kernel::kernel_core::direct_tests::direct_hillslope_sediment_payload_guards_cover_remaining_paths ... ok
test lib_mod::kernel::kernel_core::direct_tests::direct_dependency_peak_payload_covers_impoundment_and_kind_paths ... ok
test lib_mod::kernel::kernel_core::direct_tests::direct_dependency_peak_payload_covers_channel_paths ... ok
test lib_mod::kernel::kernel_core::direct_tests::direct_hourly_and_sediment_input_validation_helpers_fail_closed ... ok
test lib_mod::kernel::kernel_core::direct_tests::direct_dependency_sediment_accumulation_covers_channel_paths ... ok
test lib_mod::kernel::kernel_core::direct_tests::direct_impoundment_horizon_and_channel_scaffold_guards_are_characterized ... ok
test lib_mod::kernel::kernel_core::direct_tests::direct_range_and_ipeak_branch_helpers_cover_guard_cases ... ok
test lib_mod::kernel::kernel_core::direct_tests::direct_contributor_groundwater_and_area_guards_fail_closed ... ok
test lib_mod::kernel::kernel_core::direct_tests::direct_scalar_validation_helpers_cover_remaining_guard_paths ... ok
test lib_mod::kernel::kernel_core::direct_tests::direct_impoundment_outflow_helper_guards_terminal_values ... ok
test lib_mod::kernel::kernel_core::direct_tests::direct_sediment_accumulator_projects_ingress_and_active_classes ... ok
test lib_mod::kernel::kernel_core::direct_tests::direct_impoundment_outflow_helper_routes_valid_context ... ok
test lib_mod::kernel::kernel_core::direct_tests::direct_sediment_capacity_additional_guard_paths_are_characterized ... ok
test lib_mod::kernel::kernel_core::direct_tests::direct_sediment_capacity_helpers_cover_terminal_and_guard_paths ... ok
test lib_mod::kernel::kernel_core::direct_tests::direct_terminal_sediment_hydraulic_guards_are_characterized ... ok
test lib_mod::kernel::kernel_core::direct_tests::direct_sediment_routing_helpers_cover_disabled_and_enabled_paths ... ok
test lib_mod::kernel::kernel_core::direct_tests::direct_ws11_runon_cases_are_characterized ... ok
test lib_mod::kernel::kernel_core::direct_tests::direct_ws11_runon_guards_fail_closed ... ok
test lib_mod::kernel::kernel_core::direct_tests::direct_ws20_crfrac_normalizes_selected_classes_and_guards_payloads ... ok
test lib_mod::kernel::kernel_core::direct_tests::direct_ws20_profile_guard_cases_are_characterized ... ok
test lib_mod::kernel::kernel_core::direct_tests::direct_ws20_profile_projects_segment_points_and_guards_domains ... ok
test lib_mod::kernel::kernel_core::direct_tests::hb07_muskingum_geometry_characterizes_shapes_and_guard_priority ... ok
test lib_mod::kernel::kernel_core::direct_tests::hb07_static_muskingum_helper_closes_floor ... ok
test lib_mod::kernel::kernel_core::direct_tests::hb07_transitive_manning_and_dynamic_celerity_helpers_close_floors ... ok
test lib_mod::kernel::kernel_core::direct_tests::read_direct_channel_sediment_payload_covers_zero_valid_and_guard_paths ... ok
test lib_mod::kernel::kernel_core::direct_tests::hb07_variable_muskingum_state_characterizes_memory_and_domain_guards ... ok
test lib_mod::kernel::kernel_core::direct_tests::read_direct_hillslope_sediment_payload_prefers_hourly_mass_authority ... ok
test lib_mod::kernel::kernel_core::hourly_tests::hb08_same_source_boundary_helpers_close_production_floors ... ok
test lib_mod::kernel::kernel_core::hourly_tests::wshedw11b_vector01_single_interval_uses_pinned_operands ... ok
test lib_mod::kernel::kernel_core::hourly_tests::wshedw11b_vector03_geometry_carries_to_lower_flow_interval ... ok
test lib_mod::kernel::kernel_core::hourly_tests::wshedw11b_vector04_widening_clock_widens_then_holds ... ok
test lib_mod::kernel::kernel_core::hourly_tests::wshedw11b_vector02_interval_day_and_projection_close ... ok
test lib_mod::kernel::kernel_core::hourly_tests::wshedw11b_vector05_zero_flow_deposits_everything ... ok
test lib_mod::kernel::kernel_core::hourly_tests::wshedw11b_vector07_only_geometry_crosses_day_boundary ... ok
test lib_mod::kernel::kernel_core::hourly_tests::wshedw11b_vector06_water_storage_has_zero_sediment_storage ... ok
test lib_mod::kernel::kernel_core::hourly_tests::wshedw11b_vector08_primary_tillage_reseeds_only_shape_three ... ok
test lib_mod::kernel::kernel_core::hourly_tests::wshedw11b_vector09_invalid_interval_states_fail_closed ... ok
test lib_mod::kernel::kernel_core::hourly_tests::wshedw11b_vector10_contact_budget_and_geometry_mass_are_constructive ... ok
test lib_mod::kernel::kernel_core::hourly_tests::wshedw11b_vector11_hydraulic_profile_rejects_all_aliases ... ok
test lib_mod::kernel::kernel_core::hourly_tests::wshedw11b_wave_reference_flow_keeps_kw_and_mc_branches_distinct ... ok
test lib_mod::kernel::kernel_core::hourly_tests::wshedw11b_vector01_production_owner_matches_one_pinned_core_call ... ok
test lib_mod::kernel::kernel_core::hourly_tests::wshedw11b_wave_epsilon_floor_is_an_outlet_boundary_only ... ok
test lib_mod::kernel::kernel_core::hourly_tests::hb08_wave_series_characterizes_grid_initialization_and_error_priority ... ok
test lib_mod::kernel::kernel_core::impoundment_geometry_and_continuity_guards_fail_closed ... ok
test lib_mod::kernel::kernel_core::impoundment_internal_outflow_helpers_cover_tailwater_and_guards ... ok
test lib_mod::kernel::kernel_core::hourly_tests::wshedw11d_mc_coefficients_enforce_convex_passive_recurrence ... ok
test lib_mod::kernel::kernel_core::impoundment_outflow_at_stage_combines_all_structure_families ... ok
test lib_mod::kernel::kernel_core::impoundment_outflow_at_stage_rejects_bad_culvert_denominator ... ok
test lib_mod::kernel::kernel_core::impoundment_outflow_at_stage_rejects_bad_riser_denominator ... ok
test lib_mod::kernel::kernel_core::impoundment_outflow_at_stage_rejects_negative_total_outflow ... ok
test lib_mod::kernel::kernel_core::impoundment_private_guard_constructors_map_boundary_classes ... ok
test lib_mod::kernel::kernel_core::impoundment_rk4_step_rejects_invalid_timestep ... ok
test lib_mod::kernel::kernel_core::integrate_impoundment_stage_accepts_stable_step ... ok
test lib_mod::kernel::kernel_core::integrate_impoundment_stage_rejects_half_timestep_underflow ... ok
test lib_mod::kernel::kernel_core::integrate_impoundment_stage_rejects_invalid_timestep ... ok
test lib_mod::kernel::kernel_core::integrate_impoundment_stage_rejects_stage_outside_pool_capacity ... ok
test lib_mod::kernel::kernel_core::integrate_impoundment_stage_retries_error_control ... ok
test lib_mod::kernel::kernel_core::integrate_impoundment_stage_retries_regime_transition ... ok
test lib_mod::kernel::kernel_core::route_impoundment_stage_over_duration_advances_across_multiple_steps ... ok
test lib_mod::kernel::kernel_core::route_impoundment_stage_over_duration_rejects_bad_duration ... ok
test lib_mod::kernel::kernel_core::ws22_ws23_ws26_detachment_tests::wshedimpl20_fall_velocity_and_shdist_cover_boundaries ... ok
test lib_mod::kernel::kernel_core::ws22_ws23_ws26_detachment_tests::wshedimpl22_table_lookup_characterizes_direction_and_bounds ... ok
test lib_mod::kernel::kernel_core::ws22_ws23_ws26_detachment_tests::wshedimpl23_detach_case4_closure_path_is_finite ... ok
test lib_mod::kernel::kernel_core::ws22_ws23_ws26_detachment_tests::wshedimpl23_detach_leaf_helpers_characterize_sums_and_flux_guards ... ok
test lib_mod::kernel::kernel_core::route_impoundment_stage_over_duration_rejects_iteration_exhaustion ... ok
test lib_mod::kernel::kernel_core::ws22_ws23_ws26_detachment_tests::wshedimpl23_detach_rejects_invalid_validation_inputs ... ok
test lib_mod::kernel::kernel_core::ws22_ws23_ws26_detachment_tests::wshedimpl23_detach_case4_iterative_loop_low_shear_is_characterized ... ok
test lib_mod::kernel::kernel_core::ws22_ws23_ws26_detachment_tests::wshedimpl24_transition_rejects_nonpositive_length ... ok
test lib_mod::kernel::kernel_core::ws22_ws23_ws26_detachment_tests::wshedimpl23_detach_start_and_iteration_helpers_cover_terminals ... ok
test lib_mod::kernel::kernel_core::ws22_ws23_ws26_detachment_tests::wshedimpl26_dcap_characterizes_expanding_width_path ... ok
test lib_mod::kernel::kernel_core::ws22_ws23_ws26_detachment_tests::wshedimpl26_dcap_expanding_width_characterizes_terminal_and_cap_paths ... ok
test lib_mod::kernel::kernel_core::hourly_tests::wshedw11d_last_projected_slot_reaches_last_terminal_at_both_timesteps ... ok
test lib_mod::kernel::kernel_core::ws22_ws23_ws26_detachment_tests::wshedimpl26_dcap_low_width_shear_outcome_characterizes_terminals ... ok
test lib_mod::kernel::kernel_core::ws22_ws23_ws26_detachment_tests::wshedimpl26_dcap_midlayer_step_characterizes_terminals_and_caps ... ok
test lib_mod::kernel::kernel_core::ws22_ws23_ws26_detachment_tests::wshedimpl27_enddet_bracket_characterizes_iteration_cap ... ok
test lib_mod::kernel::kernel_core::ws22_ws23_ws26_detachment_tests::wshedimpl30_shape_and_rectangular_fallback_characterize_guards ... ok
test lib_mod::kernel::kernel_core::ws22_ws23_ws26_detachment_tests::wshedw11b_enddet_gross_detachment_uses_solved_span ... ok
test lib_mod::kernel::kernel_core::hourly_tests::wshedw11d_zero_peak_retains_available_carried_storage ... ok
test lib_mod::network_frame::network_frame_tests::contributing_area_contract_covers_complete_and_rejected_operands ... ok
test lib_mod::network_frame::network_frame_tests::duration_contract_reachable_dependency_guards ... ok
test lib_mod::network_frame::network_frame_tests::duration_contract_reachable_input_guards ... ok
test lib_mod::network_frame::network_frame_tests::duration_contract_valid_maxima_and_dtchr_floor ... ok
test lib_mod::network_frame::network_frame_tests::sediment_duration_contract_covers_hourly_fallback_and_guards ... ok
test lib_mod::network_frame::network_frame_tests::small_surface_contracts_cover_conversions_helpers_and_error_sources ... ok
test lib_mod::network_frame::network_frame_tests::routing_global_contract_covers_authorized_branches_and_failures ... ok
test lib_mod::network_frame::network_frame_tests::wshedw11d_terminal_selector_and_extensive_sediment_sum_exclude_internal_channel ... ok
test lib_mod::network_frame::network_frame_tests::wshedw11d_terminal_selector_follows_serial_impoundment_path ... ok
test runtime_inputs::runtime_inputs_mod::chaninp::tests::discharge_guards_cover_invalid_payloads ... ok
test runtime_inputs::runtime_inputs_mod::chaninp::tests::drop_spillway_ids2_and_ids3_project_function_families ... ok
test runtime_inputs::runtime_inputs_mod::chaninp::tests::discharge_helpers_cover_thresholds_interpolation_and_errors ... ok
test runtime_inputs::runtime_inputs_mod::chaninp::tests::emergency_open_channel_and_filter_modes_are_projected ... ok
test runtime_inputs::runtime_inputs_mod::chaninp::tests::inactive_impoundment_projection_preserves_defaults ... ok
test lib_mod::network_frame::network_frame_tests::terminal_publication_contract_covers_wrapper_success_and_missing_states ... ok
test runtime_inputs::runtime_inputs_mod::chaninp::tests::power_law_projection_covers_valid_and_invalid_domains ... ok
test runtime_inputs::runtime_inputs_mod::chaninp::tests::projection_guards_preserve_error_classes ... ok
test runtime_inputs::runtime_inputs_mod::chaninp::tests::projection_guards_cover_contract_boundary_failures ... ok
test runtime_inputs::runtime_inputs_mod::chaninp::tests::quartic_fit_and_solver_cover_success_and_failure_modes ... ok
test tests::blocks_dispatch_when_topology_precondition_fails ... ok
test tests::classifies_cycle_as_typed_failure_class ... ok
test tests::inv_route_005a_hourly_eligibility_requires_every_contributor_pair ... ok
test tests::classifies_missing_dependency_as_typed_failure_class ... ok
test tests::inv_route_005a_superposed_hourly_limb_peak_volume_and_span ... ok
test tests::inv_route_005d_sediment_rate_time_base_is_distribution_sensitive ... ok
test tests::wshedimpl26_dcap_flagm2_caps_detachment_rate_at_maxe ... ok
test lib_mod::kernel::kernel_core::hourly_tests::wshedw11b_production_water_route_keeps_qin_and_qlat_distinct ... ok
test tests::wshedimpl27_enddet_helper_exercises_xdbig_and_midpoint_rebracketing ... ok
test runtime_inputs::runtime_inputs_mod::chaninp::tests::piecewise_helpers_cover_remaining_intervals ... ok
test tests::schedules_dispatch_in_deterministic_dependency_order ... ok
test lib_mod::kernel::kernel_core::hourly_tests::wshedw11b_prior_day_wave_seed_rejects_nonfinite_and_negative_state ... ok
test lib_mod::kernel::kernel_core::hourly_tests::wshedw11b_partial_dependency_interval_state_fails_closed ... ok
test lib_mod::kernel::kernel_core::hourly_tests::wshedw11b_production_geometry_carries_and_primary_tillage_reseeds ... ok
test lib_mod::kernel::kernel_core::hourly_tests::wshedw11d_kinematic_wave_advances_first_interval_from_prior_q1 ... ok
test lib_mod::kernel::kernel_core::hourly_tests::wshedw11d_fresh_storage_and_daily_volume_reconstruct_independently ... ok
test lib_mod::kernel::kernel_core::hourly_tests::wshedw11d_wave_branches_publish_or_reject_inadmissible_mc_grids ... ok
test runtime_inputs::runtime_inputs_mod::chaninp::tests::active_impoundment_projection_covers_all_function_families ... ok
test lib_mod::kernel::kernel_core::hourly_tests::wshedw11b_two_channel_direct_consumer_reads_same_grid_class_egress ... ok
test runtime_inputs::runtime_inputs_mod::chaninp::tests::family_projection_guards_cover_invalid_active_payloads ... ok
test runtime_inputs::runtime_inputs_mod::chaninp::tests::riser_sampling_regression_and_qs_branches_are_characterized ... ok
test lib_mod::kernel::kernel_core::hourly_tests::wshedw11b_production_baseflow_is_external_once_across_two_channels ... ok
test lib_mod::kernel::kernel_core::hourly_tests::wshedw11d_kw_terminal_storage_uses_every_spatial_node ... ok
test lib_mod::kernel::kernel_core::hourly_tests::wshedw11d_admissible_static_and_dynamic_mc_execute_full_route ... ok

test result: ok. 128 passed; 0 failed; 0 ignored; 0 measured; 0 filtered out; finished in 0.23s

     Running tests/network_frame_error_contract.rs (target/llvm-cov-target/debug/deps/network_frame_error_contract-a266ee99a4be327c)

running 1 test
test watershed_network_frame_error_display_preserves_all_contract_identities ... ok

test result: ok. 1 passed; 0 failed; 0 ignored; 0 measured; 0 filtered out; finished in 0.00s

     Running unittests src/lib.rs (target/llvm-cov-target/debug/deps/openwepp_watershed_output-b0dce3e299ab7e4e)

running 8 tests
test contracts::tests::output_contract_rejects_extension_mismatch ... ok
test contracts::tests::output_contract_accepts_required_parquet_outputs ... ok
test contracts::tests::output_contract_rejects_missing_required_output_path ... ok
test writers::tests::typed_publication_writer_reads_publication_frame_directly ... ok
test writers::tests::typed_publication_writer_keeps_unavailable_operands_null ... ok
test writers::tests::writer_preserves_multiple_watershed_daily_rows_and_wat_fields ... ok
test writers::tests::writer_emits_all_required_watershed_parquet_outputs ... ok
test writers::tests::hb09_writer_public_helpers_and_error_taxonomy_are_characterized ... ok

test result: ok. 8 passed; 0 failed; 0 ignored; 0 measured; 0 filtered out; finished in 0.69s

error: 2 targets failed:
    `-p openwepp --test laned_shadow_h2637`
    `-p openwepp-hillslope-orchestrator --lib`
warning: process didn't exit successfully: `/home/roger/.rustup/toolchains/stable-x86_64-unknown-linux-gnu/bin/cargo test --no-fail-fast --tests --manifest-path /home/workdir/openWEPP/Cargo.toml --target-dir /home/workdir/openWEPP/target/llvm-cov-target --workspace` (exit status: 101)

    Finished report saved to docs/work-packages/20260715-assure04c-deterministic-manuscript-assembly-001/artifacts/adjudicated-crap-focused/workspace.lcov
