{"case_id": "baseline-burned-h5", "event_rows": 1860, "rows": 16437, "runtime_s": 1.4580834270454943, "status": "ran"}
{"case_id": "baseline-burned-h1", "event_rows": 1832, "rows": 16437, "runtime_s": 1.4712398890405893, "status": "ran"}
{"case_id": "baseline-burned-h6", "event_rows": 1864, "rows": 16437, "runtime_s": 1.4946255919057876, "status": "ran"}
{"case_id": "baseline-burned-h3", "event_rows": 1849, "rows": 16437, "runtime_s": 1.442177529912442, "status": "ran"}
{"case_id": "baseline-burned-h2", "event_rows": 1829, "rows": 16437, "runtime_s": 1.5123220840469003, "status": "ran"}
{"case_id": "baseline-burned-h8", "event_rows": 1844, "rows": 16437, "runtime_s": 1.439514053054154, "status": "ran"}
{"case_id": "baseline-burned-h4", "event_rows": 1839, "rows": 16437, "runtime_s": 1.5074721050914377, "status": "ran"}
{"case_id": "baseline-burned-h7", "event_rows": 1829, "rows": 16437, "runtime_s": 1.4892644239589572, "status": "ran"}
{"case_id": "baseline-burned-h14", "event_rows": 1665, "rows": 16437, "runtime_s": 1.3828929970040917, "status": "ran"}
{"case_id": "baseline-burned-h9", "event_rows": 1843, "rows": 16437, "runtime_s": 1.4961695291567594, "status": "ran"}
{"case_id": "baseline-burned-h15", "event_rows": 1667, "rows": 16437, "runtime_s": 1.4663599119521677, "status": "ran"}
{"case_id": "baseline-burned-h11", "event_rows": 1825, "rows": 16437, "runtime_s": 1.4659705720841885, "status": "ran"}
{"case_id": "baseline-burned-h12", "event_rows": 1847, "rows": 16437, "runtime_s": 1.490243909880519, "status": "ran"}
{"case_id": "baseline-burned-h13", "event_rows": 1818, "rows": 16437, "runtime_s": 1.4840075441170484, "status": "ran"}
{"case_id": "baseline-burned-h10", "event_rows": 1855, "rows": 16437, "runtime_s": 1.48261892888695, "status": "ran"}
{"case_id": "baseline-burned-h16", "event_rows": 1813, "rows": 16437, "runtime_s": 1.4251893069595098, "status": "ran"}
{"case_id": "baseline-burned-h18", "event_rows": 1823, "rows": 16437, "runtime_s": 1.410636680899188, "status": "ran"}
{"case_id": "baseline-burned-h22", "event_rows": 1798, "rows": 16437, "runtime_s": 1.487489561084658, "status": "ran"}
{"case_id": "baseline-burned-h19", "event_rows": 1827, "rows": 16437, "runtime_s": 1.4585233139805496, "status": "ran"}
{"case_id": "baseline-burned-h24", "event_rows": 1833, "rows": 16437, "runtime_s": 1.4785192431882024, "status": "ran"}
{"case_id": "baseline-burned-h17", "event_rows": 1839, "rows": 16437, "runtime_s": 1.5269684109371156, "status": "ran"}
{"case_id": "baseline-burned-h20", "event_rows": 1811, "rows": 16437, "runtime_s": 1.4960033029783517, "status": "ran"}
{"case_id": "baseline-burned-h21", "event_rows": 1817, "rows": 16437, "runtime_s": 1.466717901872471, "status": "ran"}
{"case_id": "baseline-burned-h23", "event_rows": 1824, "rows": 16437, "runtime_s": 1.4832356409169734, "status": "ran"}
{"case_id": "baseline-burned-h25", "event_rows": 1821, "rows": 16437, "runtime_s": 1.432065739063546, "status": "ran"}
{"case_id": "baseline-burned-h26", "event_rows": 1816, "rows": 16437, "runtime_s": 1.3982231500558555, "status": "ran"}
{"case_id": "baseline-burned-h31", "event_rows": 1810, "rows": 16437, "runtime_s": 1.4593019059393555, "status": "ran"}
{"case_id": "baseline-burned-h30", "event_rows": 1820, "rows": 16437, "runtime_s": 1.475936033995822, "status": "ran"}
{"case_id": "baseline-burned-h28", "event_rows": 1829, "rows": 16437, "runtime_s": 1.4588057762011886, "status": "ran"}
{"case_id": "baseline-burned-h29", "event_rows": 1818, "rows": 16437, "runtime_s": 1.5598865689244121, "status": "ran"}
{"case_id": "baseline-burned-h27", "event_rows": 1834, "rows": 16437, "runtime_s": 1.6620143780019134, "status": "ran"}
{"case_id": "baseline-burned-h32", "event_rows": 1813, "rows": 16437, "runtime_s": 1.597622494911775, "status": "ran"}
{"case_id": "baseline-burned-h33", "event_rows": 1769, "rows": 16437, "runtime_s": 1.471391444094479, "status": "ran"}
{"case_id": "baseline-burned-h34", "event_rows": 1830, "rows": 16437, "runtime_s": 1.4672377868555486, "status": "ran"}
{"case_id": "baseline-burned-h38", "event_rows": 1841, "rows": 16437, "runtime_s": 1.5386115740984678, "status": "ran"}
{"case_id": "baseline-burned-h35", "event_rows": 1788, "rows": 16437, "runtime_s": 1.47795669012703, "status": "ran"}
{"case_id": "baseline-burned-h37", "event_rows": 1778, "rows": 16437, "runtime_s": 1.4846182619221509, "status": "ran"}
{"case_id": "baseline-burned-h36", "event_rows": 1823, "rows": 16437, "runtime_s": 1.5303346989676356, "status": "ran"}
{"case_id": "baseline-burned-h40", "event_rows": 1817, "rows": 16437, "runtime_s": 1.491502168122679, "status": "ran"}
{"case_id": "baseline-burned-h39", "event_rows": 1840, "rows": 16437, "runtime_s": 1.5355048791971058, "status": "ran"}
{"case_id": "baseline-burned-h48", "event_rows": 1848, "rows": 16437, "runtime_s": 1.38944604806602, "status": "ran"}
{"case_id": "baseline-burned-h41", "event_rows": 1829, "rows": 16437, "runtime_s": 1.5371727109886706, "status": "ran"}
{"case_id": "baseline-burned-h47", "event_rows": 1844, "rows": 16437, "runtime_s": 1.4798328541219234, "status": "ran"}
{"case_id": "baseline-burned-h42", "event_rows": 1839, "rows": 16437, "runtime_s": 1.5222673178650439, "status": "ran"}
{"case_id": "baseline-burned-h46", "event_rows": 1826, "rows": 16437, "runtime_s": 1.4829124519601464, "status": "ran"}
{"case_id": "baseline-burned-h45", "event_rows": 1837, "rows": 16437, "runtime_s": 1.4882074259221554, "status": "ran"}
{"case_id": "baseline-burned-h44", "event_rows": 1850, "rows": 16437, "runtime_s": 1.4931634918320924, "status": "ran"}
{"case_id": "baseline-burned-h43", "event_rows": 1852, "rows": 16437, "runtime_s": 1.5016255949158221, "status": "ran"}
{"case_id": "baseline-burned-h52", "event_rows": 1830, "rows": 16437, "runtime_s": 1.3690354579593986, "status": "ran"}
{"case_id": "baseline-burned-h49", "event_rows": 1844, "rows": 16437, "runtime_s": 1.4891752048861235, "status": "ran"}
{"case_id": "baseline-burned-h51", "event_rows": 1850, "rows": 16437, "runtime_s": 1.4506346981506795, "status": "ran"}
{"case_id": "baseline-burned-h54", "event_rows": 1851, "rows": 16437, "runtime_s": 1.5656350071076304, "status": "ran"}
{"case_id": "baseline-burned-h55", "event_rows": 1845, "rows": 16437, "runtime_s": 1.8927749269641936, "status": "ran"}
{"case_id": "baseline-burned-h56", "event_rows": 1835, "rows": 16437, "runtime_s": 1.4242006160784513, "status": "ran"}
{"case_id": "baseline-burned-h53", "event_rows": 1813, "rows": 16437, "runtime_s": 1.9021173790097237, "status": "ran"}
{"case_id": "baseline-burned-h50", "event_rows": 1834, "rows": 16437, "runtime_s": 1.5998651259578764, "status": "ran"}
{"case_id": "baseline-burned-h59", "event_rows": 1850, "rows": 16437, "runtime_s": 1.409823187161237, "status": "ran"}
{"case_id": "baseline-burned-h62", "event_rows": 1833, "rows": 16437, "runtime_s": 1.4616526479367167, "status": "ran"}
{"case_id": "baseline-burned-h61", "event_rows": 1834, "rows": 16437, "runtime_s": 1.5019160970114172, "status": "ran"}
{"case_id": "baseline-burned-h60", "event_rows": 1815, "rows": 16437, "runtime_s": 1.4931898589711636, "status": "ran"}
{"case_id": "baseline-burned-h57", "event_rows": 1827, "rows": 16437, "runtime_s": 1.5161763059441, "status": "ran"}
{"case_id": "baseline-burned-h58", "event_rows": 1840, "rows": 16437, "runtime_s": 1.509367377962917, "status": "ran"}
{"case_id": "baseline-burned-h63", "event_rows": 1839, "rows": 16437, "runtime_s": 1.6445857100188732, "status": "ran"}
{"case_id": "baseline-burned-h64", "event_rows": 1839, "rows": 16437, "runtime_s": 1.6254449121188372, "status": "ran"}
{"case_id": "baseline-burned-h71", "event_rows": 1837, "rows": 16437, "runtime_s": 1.400360903935507, "status": "ran"}
{"case_id": "baseline-burned-h67", "event_rows": 1846, "rows": 16437, "runtime_s": 1.5010559549555182, "status": "ran"}
{"case_id": "baseline-burned-h66", "event_rows": 1814, "rows": 16437, "runtime_s": 1.5027790451422334, "status": "ran"}
{"case_id": "baseline-burned-h70", "event_rows": 1804, "rows": 16437, "runtime_s": 1.4840889410115778, "status": "ran"}
{"case_id": "baseline-burned-h69", "event_rows": 1854, "rows": 16437, "runtime_s": 1.4947347328998148, "status": "ran"}
{"case_id": "baseline-burned-h68", "event_rows": 1819, "rows": 16437, "runtime_s": 1.6452502240426838, "status": "ran"}
{"case_id": "baseline-burned-h72", "event_rows": 1852, "rows": 16437, "runtime_s": 1.4894804127980024, "status": "ran"}
{"case_id": "baseline-burned-h65", "event_rows": 1782, "rows": 16437, "runtime_s": 1.5360367510002106, "status": "ran"}
{"case_id": "baseline-burned-h74", "event_rows": 1813, "rows": 16437, "runtime_s": 1.4112218460068107, "status": "ran"}
{"case_id": "baseline-burned-h75", "event_rows": 1821, "rows": 16437, "runtime_s": 1.470963347936049, "status": "ran"}
{"case_id": "baseline-burned-h78", "event_rows": 1794, "rows": 16437, "runtime_s": 1.7729858080856502, "status": "ran"}
{"case_id": "baseline-burned-h76", "event_rows": 1810, "rows": 16437, "runtime_s": 1.489170626970008, "status": "ran"}
{"case_id": "baseline-burned-h80", "event_rows": 1816, "rows": 16437, "runtime_s": 1.7558009130880237, "status": "ran"}
{"case_id": "baseline-burned-h77", "event_rows": 1861, "rows": 16437, "runtime_s": 1.4812941949348897, "status": "ran"}
{"case_id": "baseline-burned-h79", "event_rows": 1891, "rows": 16437, "runtime_s": 1.8363838919904083, "status": "ran"}
{"case_id": "baseline-burned-h73", "event_rows": 1805, "rows": 16437, "runtime_s": 1.7979873670265079, "status": "ran"}
{"case_id": "baseline-burned-h81", "event_rows": 1819, "rows": 16437, "runtime_s": 1.4799018390476704, "status": "ran"}
{"case_id": "baseline-burned-h85", "event_rows": 1822, "rows": 16437, "runtime_s": 1.4713188980240375, "status": "ran"}
{"case_id": "baseline-burned-h88", "event_rows": 1808, "rows": 16437, "runtime_s": 1.5388655171263963, "status": "ran"}
{"case_id": "baseline-burned-h86", "event_rows": 1824, "rows": 16437, "runtime_s": 1.53922955901362, "status": "ran"}
{"case_id": "baseline-burned-h84", "event_rows": 1803, "rows": 16437, "runtime_s": 1.5509003209881485, "status": "ran"}
{"case_id": "baseline-burned-h83", "event_rows": 1801, "rows": 16437, "runtime_s": 1.5490540321916342, "status": "ran"}
{"case_id": "baseline-burned-h82", "event_rows": 1825, "rows": 16437, "runtime_s": 1.5579598539043218, "status": "ran"}
{"case_id": "baseline-burned-h87", "event_rows": 1860, "rows": 16437, "runtime_s": 1.5395312421023846, "status": "ran"}
{"case_id": "baseline-burned-h90", "event_rows": 1848, "rows": 16437, "runtime_s": 1.4624556070193648, "status": "ran"}
{"case_id": "baseline-burned-h96", "event_rows": 1846, "rows": 16437, "runtime_s": 1.4454534579999745, "status": "ran"}
{"case_id": "baseline-burned-h95", "event_rows": 1850, "rows": 16437, "runtime_s": 1.5032969848252833, "status": "ran"}
{"case_id": "baseline-burned-h92", "event_rows": 1827, "rows": 16437, "runtime_s": 1.52153941988945, "status": "ran"}
{"case_id": "baseline-burned-h91", "event_rows": 1915, "rows": 16437, "runtime_s": 2.2147135860286653, "status": "ran"}
{"case_id": "baseline-burned-h94", "event_rows": 1844, "rows": 16437, "runtime_s": 1.5248245380353183, "status": "ran"}
{"case_id": "baseline-burned-h93", "event_rows": 1844, "rows": 16437, "runtime_s": 1.5392880730796605, "status": "ran"}
{"case_id": "baseline-burned-h89", "event_rows": 1813, "rows": 16437, "runtime_s": 1.551466129021719, "status": "ran"}
{"case_id": "baseline-burned-h98", "event_rows": 1838, "rows": 16437, "runtime_s": 1.4359823539853096, "status": "ran"}
{"case_id": "baseline-burned-h99", "event_rows": 1844, "rows": 16437, "runtime_s": 1.4984438931569457, "status": "ran"}
{"case_id": "baseline-burned-h103", "event_rows": 1914, "rows": 16437, "runtime_s": 1.500550182070583, "status": "ran"}
{"case_id": "baseline-burned-h102", "event_rows": 1820, "rows": 16437, "runtime_s": 1.5014098840765655, "status": "ran"}
{"case_id": "baseline-burned-h97", "event_rows": 1816, "rows": 16437, "runtime_s": 1.4904953041113913, "status": "ran"}
{"case_id": "baseline-burned-h104", "event_rows": 1853, "rows": 16437, "runtime_s": 1.4990053330548108, "status": "ran"}
{"case_id": "baseline-burned-h101", "event_rows": 1836, "rows": 16437, "runtime_s": 1.4516114729922265, "status": "ran"}
{"case_id": "baseline-burned-h100", "event_rows": 1839, "rows": 16437, "runtime_s": 2.0066604861058295, "status": "ran"}
{"case_id": "baseline-burned-h105", "event_rows": 1822, "rows": 16437, "runtime_s": 1.4603766810614616, "status": "ran"}
{"case_id": "baseline-burned-h108", "event_rows": 1859, "rows": 16437, "runtime_s": 1.5217641280032694, "status": "ran"}
{"case_id": "baseline-burned-h112", "event_rows": 1811, "rows": 16437, "runtime_s": 1.464728708844632, "status": "ran"}
{"case_id": "baseline-burned-h107", "event_rows": 1817, "rows": 16437, "runtime_s": 1.5203328509815037, "status": "ran"}
{"case_id": "baseline-burned-h110", "event_rows": 1826, "rows": 16437, "runtime_s": 1.5212731091305614, "status": "ran"}
{"case_id": "baseline-burned-h111", "event_rows": 1823, "rows": 16437, "runtime_s": 1.4986899548675865, "status": "ran"}
{"case_id": "baseline-burned-h109", "event_rows": 1836, "rows": 16437, "runtime_s": 1.47269651805982, "status": "ran"}
{"case_id": "baseline-burned-h106", "event_rows": 1830, "rows": 16437, "runtime_s": 1.5353317419067025, "status": "ran"}
{"case_id": "baseline-burned-h116", "event_rows": 1830, "rows": 16437, "runtime_s": 1.4506482589058578, "status": "ran"}
{"case_id": "baseline-burned-h114", "event_rows": 1821, "rows": 16437, "runtime_s": 1.4503360050730407, "status": "ran"}
{"case_id": "baseline-burned-h117", "event_rows": 1833, "rows": 16437, "runtime_s": 1.4530888618901372, "status": "ran"}
{"case_id": "baseline-burned-h118", "event_rows": 1819, "rows": 16437, "runtime_s": 1.529691549949348, "status": "ran"}
{"case_id": "baseline-burned-h120", "event_rows": 1841, "rows": 16437, "runtime_s": 1.561813937034458, "status": "ran"}
{"case_id": "baseline-burned-h115", "event_rows": 1863, "rows": 16437, "runtime_s": 1.5541897751390934, "status": "ran"}
{"case_id": "baseline-burned-h119", "event_rows": 1829, "rows": 16437, "runtime_s": 1.651507908012718, "status": "ran"}
{"case_id": "baseline-burned-h113", "event_rows": 1823, "rows": 16437, "runtime_s": 1.5409592690411955, "status": "ran"}
{"case_id": "baseline-burned-h124", "event_rows": 1841, "rows": 16437, "runtime_s": 1.4735922580584884, "status": "ran"}
{"case_id": "baseline-burned-h123", "event_rows": 1847, "rows": 16437, "runtime_s": 1.4832465420477092, "status": "ran"}
{"case_id": "baseline-burned-h128", "event_rows": 1818, "rows": 16437, "runtime_s": 1.461536165094003, "status": "ran"}
{"case_id": "baseline-burned-h121", "event_rows": 1837, "rows": 16437, "runtime_s": 1.4992289680521935, "status": "ran"}
{"case_id": "baseline-burned-h122", "event_rows": 1851, "rows": 16437, "runtime_s": 1.4860146851278841, "status": "ran"}
{"case_id": "baseline-burned-h125", "event_rows": 1833, "rows": 16437, "runtime_s": 1.5508024638984352, "status": "ran"}
{"case_id": "baseline-burned-h127", "event_rows": 1818, "rows": 16437, "runtime_s": 1.5293708289973438, "status": "ran"}
{"case_id": "baseline-burned-h126", "event_rows": 1852, "rows": 16437, "runtime_s": 1.465858215931803, "status": "ran"}
{"case_id": "baseline-burned-h136", "event_rows": 1855, "rows": 16437, "runtime_s": 1.3929287961218506, "status": "ran"}
{"case_id": "baseline-burned-h134", "event_rows": 1832, "rows": 16437, "runtime_s": 1.487055131001398, "status": "ran"}
{"case_id": "baseline-burned-h129", "event_rows": 1835, "rows": 16437, "runtime_s": 1.5068045710213482, "status": "ran"}
{"case_id": "baseline-burned-h131", "event_rows": 1868, "rows": 16437, "runtime_s": 1.4836460568476468, "status": "ran"}
{"case_id": "baseline-burned-h135", "event_rows": 1839, "rows": 16437, "runtime_s": 1.481750865932554, "status": "ran"}
{"case_id": "baseline-burned-h132", "event_rows": 1852, "rows": 16437, "runtime_s": 2.0024596110451967, "status": "ran"}
{"case_id": "baseline-burned-h133", "event_rows": 1821, "rows": 16437, "runtime_s": 1.496979587012902, "status": "ran"}
{"case_id": "baseline-burned-h130", "event_rows": 1854, "rows": 16437, "runtime_s": 1.5004064631648362, "status": "ran"}
{"case_id": "baseline-burned-h137", "event_rows": 1860, "rows": 16437, "runtime_s": 1.4015118170063943, "status": "ran"}
{"case_id": "baseline-burned-h139", "event_rows": 1838, "rows": 16437, "runtime_s": 1.468529945006594, "status": "ran"}
{"case_id": "baseline-undisturbed-h4", "event_rows": 1839, "rows": 16437, "runtime_s": 1.4531752241309732, "status": "ran"}
{"case_id": "baseline-undisturbed-h1", "event_rows": 1832, "rows": 16437, "runtime_s": 1.5883871288970113, "status": "ran"}
{"case_id": "baseline-burned-h140", "event_rows": 1844, "rows": 16437, "runtime_s": 1.5879969319794327, "status": "ran"}
{"case_id": "baseline-undisturbed-h3", "event_rows": 1849, "rows": 16437, "runtime_s": 1.5628007841296494, "status": "ran"}
{"case_id": "baseline-undisturbed-h2", "event_rows": 1829, "rows": 16437, "runtime_s": 1.5564202251844108, "status": "ran"}
{"case_id": "baseline-burned-h138", "event_rows": 1844, "rows": 16437, "runtime_s": 1.6128862760961056, "status": "ran"}
{"case_id": "baseline-undisturbed-h7", "event_rows": 1643, "rows": 16437, "runtime_s": 1.4053312370087951, "status": "ran"}
{"case_id": "baseline-undisturbed-h11", "event_rows": 1668, "rows": 16437, "runtime_s": 1.4797007699962705, "status": "ran"}
{"case_id": "baseline-undisturbed-h6", "event_rows": 1864, "rows": 16437, "runtime_s": 1.5048866418655962, "status": "ran"}
{"case_id": "baseline-undisturbed-h5", "event_rows": 1860, "rows": 16437, "runtime_s": 1.5453615100122988, "status": "ran"}
{"case_id": "baseline-undisturbed-h8", "event_rows": 1653, "rows": 16437, "runtime_s": 1.4809444141574204, "status": "ran"}
{"case_id": "baseline-undisturbed-h10", "event_rows": 1662, "rows": 16437, "runtime_s": 1.4890694031491876, "status": "ran"}
{"case_id": "baseline-undisturbed-h9", "event_rows": 1671, "rows": 16437, "runtime_s": 1.491361701162532, "status": "ran"}
{"case_id": "baseline-undisturbed-h12", "event_rows": 1666, "rows": 16437, "runtime_s": 1.486265097046271, "status": "ran"}
{"case_id": "baseline-undisturbed-h15", "event_rows": 1667, "rows": 16437, "runtime_s": 1.3961313758045435, "status": "ran"}
{"case_id": "baseline-undisturbed-h17", "event_rows": 1704, "rows": 16437, "runtime_s": 1.4717787818517536, "status": "ran"}
{"case_id": "baseline-undisturbed-h14", "event_rows": 1665, "rows": 16437, "runtime_s": 1.4000115590170026, "status": "ran"}
{"case_id": "baseline-undisturbed-h13", "event_rows": 1654, "rows": 16437, "runtime_s": 1.4975504640024155, "status": "ran"}
{"case_id": "baseline-undisturbed-h16", "event_rows": 1686, "rows": 16437, "runtime_s": 1.474027510965243, "status": "ran"}
{"case_id": "baseline-undisturbed-h19", "event_rows": 1663, "rows": 16437, "runtime_s": 1.4742854519281536, "status": "ran"}
{"case_id": "baseline-undisturbed-h20", "event_rows": 1684, "rows": 16437, "runtime_s": 1.4425940120127052, "status": "ran"}
{"case_id": "baseline-undisturbed-h18", "event_rows": 1674, "rows": 16437, "runtime_s": 1.4776910829823464, "status": "ran"}
{"case_id": "baseline-undisturbed-h26", "event_rows": 1685, "rows": 16437, "runtime_s": 1.3622112760785967, "status": "ran"}
{"case_id": "baseline-undisturbed-h24", "event_rows": 1671, "rows": 16437, "runtime_s": 1.4615868150722235, "status": "ran"}
{"case_id": "baseline-undisturbed-h22", "event_rows": 1662, "rows": 16437, "runtime_s": 1.4592405499424785, "status": "ran"}
{"case_id": "baseline-undisturbed-h28", "event_rows": 1697, "rows": 16437, "runtime_s": 1.426928228000179, "status": "ran"}
{"case_id": "baseline-undisturbed-h27", "event_rows": 1694, "rows": 16437, "runtime_s": 1.4567189940717071, "status": "ran"}
{"case_id": "baseline-undisturbed-h23", "event_rows": 1679, "rows": 16437, "runtime_s": 1.443627662025392, "status": "ran"}
{"case_id": "baseline-undisturbed-h21", "event_rows": 1667, "rows": 16437, "runtime_s": 1.4785953480750322, "status": "ran"}
{"case_id": "baseline-undisturbed-h25", "event_rows": 1693, "rows": 16437, "runtime_s": 1.462960610166192, "status": "ran"}
{"case_id": "baseline-undisturbed-h30", "event_rows": 1681, "rows": 16437, "runtime_s": 1.360634678043425, "status": "ran"}
{"case_id": "baseline-undisturbed-h29", "event_rows": 1679, "rows": 16437, "runtime_s": 1.4342339471913874, "status": "ran"}
{"case_id": "baseline-undisturbed-h33", "event_rows": 1662, "rows": 16437, "runtime_s": 1.4141022111289203, "status": "ran"}
{"case_id": "baseline-undisturbed-h31", "event_rows": 1662, "rows": 16437, "runtime_s": 1.4338502679020166, "status": "ran"}
{"case_id": "baseline-undisturbed-h34", "event_rows": 1669, "rows": 16437, "runtime_s": 1.4380061740521342, "status": "ran"}
{"case_id": "baseline-undisturbed-h32", "event_rows": 1693, "rows": 16437, "runtime_s": 1.4451200959738344, "status": "ran"}
{"case_id": "baseline-undisturbed-h35", "event_rows": 1665, "rows": 16437, "runtime_s": 1.4195302638690919, "status": "ran"}
{"case_id": "baseline-undisturbed-h36", "event_rows": 1676, "rows": 16437, "runtime_s": 1.4316939390264452, "status": "ran"}
{"case_id": "baseline-undisturbed-h37", "event_rows": 1675, "rows": 16437, "runtime_s": 1.4236949910409749, "status": "ran"}
{"case_id": "baseline-undisturbed-h40", "event_rows": 1688, "rows": 16437, "runtime_s": 1.4800981851294637, "status": "ran"}
{"case_id": "baseline-undisturbed-h43", "event_rows": 1708, "rows": 16437, "runtime_s": 1.4736813409253955, "status": "ran"}
{"case_id": "baseline-undisturbed-h44", "event_rows": 1693, "rows": 16437, "runtime_s": 1.4833186471369117, "status": "ran"}
{"case_id": "baseline-undisturbed-h38", "event_rows": 1680, "rows": 16437, "runtime_s": 1.4851891060825437, "status": "ran"}
{"case_id": "baseline-undisturbed-h41", "event_rows": 1707, "rows": 16437, "runtime_s": 1.4811405381187797, "status": "ran"}
{"case_id": "baseline-undisturbed-h39", "event_rows": 1678, "rows": 16437, "runtime_s": 1.4803315089084208, "status": "ran"}
{"case_id": "baseline-undisturbed-h42", "event_rows": 1677, "rows": 16437, "runtime_s": 1.4856384720187634, "status": "ran"}
{"case_id": "baseline-undisturbed-h50", "event_rows": 1700, "rows": 16437, "runtime_s": 1.3754506290424615, "status": "ran"}
{"case_id": "baseline-undisturbed-h45", "event_rows": 1693, "rows": 16437, "runtime_s": 1.3961256460752338, "status": "ran"}
{"case_id": "baseline-undisturbed-h47", "event_rows": 1710, "rows": 16437, "runtime_s": 1.5069979990366846, "status": "ran"}
{"case_id": "baseline-undisturbed-h48", "event_rows": 1636, "rows": 16437, "runtime_s": 1.3676631280686706, "status": "ran"}
{"case_id": "baseline-undisturbed-h46", "event_rows": 1701, "rows": 16437, "runtime_s": 1.5614824290387332, "status": "ran"}
{"case_id": "baseline-undisturbed-h51", "event_rows": 1689, "rows": 16437, "runtime_s": 1.5426049039233476, "status": "ran"}
{"case_id": "baseline-undisturbed-h49", "event_rows": 1698, "rows": 16437, "runtime_s": 1.5458585489541292, "status": "ran"}
{"case_id": "baseline-undisturbed-h52", "event_rows": 1676, "rows": 16437, "runtime_s": 1.48893519397825, "status": "ran"}
{"case_id": "baseline-undisturbed-h56", "event_rows": 1692, "rows": 16437, "runtime_s": 1.3717112599406391, "status": "ran"}
{"case_id": "baseline-undisturbed-h55", "event_rows": 1702, "rows": 16437, "runtime_s": 1.470463303849101, "status": "ran"}
{"case_id": "baseline-undisturbed-h53", "event_rows": 1658, "rows": 16437, "runtime_s": 1.4790153810754418, "status": "ran"}
{"case_id": "baseline-undisturbed-h57", "event_rows": 1693, "rows": 16437, "runtime_s": 1.4523259850684553, "status": "ran"}
{"case_id": "baseline-undisturbed-h59", "event_rows": 1683, "rows": 16437, "runtime_s": 1.4578300029970706, "status": "ran"}
{"case_id": "baseline-undisturbed-h54", "event_rows": 1700, "rows": 16437, "runtime_s": 1.4691460269968957, "status": "ran"}
{"case_id": "baseline-undisturbed-h60", "event_rows": 1668, "rows": 16437, "runtime_s": 1.4542993151117116, "status": "ran"}
{"case_id": "baseline-undisturbed-h58", "event_rows": 1695, "rows": 16437, "runtime_s": 1.4616807450074703, "status": "ran"}
{"case_id": "baseline-undisturbed-h61", "event_rows": 1671, "rows": 16437, "runtime_s": 1.418774191988632, "status": "ran"}
{"case_id": "baseline-undisturbed-h62", "event_rows": 1688, "rows": 16437, "runtime_s": 1.517576206009835, "status": "ran"}
{"case_id": "baseline-undisturbed-h67", "event_rows": 1673, "rows": 16437, "runtime_s": 1.5068216249346733, "status": "ran"}
{"case_id": "baseline-undisturbed-h66", "event_rows": 1696, "rows": 16437, "runtime_s": 1.5083021940663457, "status": "ran"}
{"case_id": "baseline-undisturbed-h63", "event_rows": 1680, "rows": 16437, "runtime_s": 1.4858031840994954, "status": "ran"}
{"case_id": "baseline-undisturbed-h64", "event_rows": 1703, "rows": 16437, "runtime_s": 1.4741126880981028, "status": "ran"}
{"case_id": "baseline-undisturbed-h68", "event_rows": 1681, "rows": 16437, "runtime_s": 1.509235073113814, "status": "ran"}
{"case_id": "baseline-undisturbed-h65", "event_rows": 1665, "rows": 16437, "runtime_s": 1.5168860519770533, "status": "ran"}
{"case_id": "baseline-undisturbed-h69", "event_rows": 1698, "rows": 16437, "runtime_s": 1.411007225047797, "status": "ran"}
{"case_id": "baseline-undisturbed-h75", "event_rows": 1688, "rows": 16437, "runtime_s": 1.3673838190734386, "status": "ran"}
{"case_id": "baseline-undisturbed-h72", "event_rows": 1699, "rows": 16437, "runtime_s": 1.5747058531269431, "status": "ran"}
{"case_id": "baseline-undisturbed-h76", "event_rows": 1694, "rows": 16437, "runtime_s": 1.5888561999890953, "status": "ran"}
{"case_id": "baseline-undisturbed-h71", "event_rows": 1693, "rows": 16437, "runtime_s": 1.5702488468959928, "status": "ran"}
{"case_id": "baseline-undisturbed-h74", "event_rows": 1670, "rows": 16437, "runtime_s": 1.5935627489816397, "status": "ran"}
{"case_id": "baseline-undisturbed-h73", "event_rows": 1681, "rows": 16437, "runtime_s": 1.586133334087208, "status": "ran"}
{"case_id": "baseline-undisturbed-h70", "event_rows": 1646, "rows": 16437, "runtime_s": 1.6054580169729888, "status": "ran"}
{"case_id": "baseline-undisturbed-h77", "event_rows": 1710, "rows": 16437, "runtime_s": 1.46535783004947, "status": "ran"}
{"case_id": "baseline-undisturbed-h84", "event_rows": 1685, "rows": 16437, "runtime_s": 1.52634515799582, "status": "ran"}
{"case_id": "baseline-undisturbed-h79", "event_rows": 1687, "rows": 16437, "runtime_s": 1.5352217201143503, "status": "ran"}
{"case_id": "baseline-undisturbed-h78", "event_rows": 1682, "rows": 16437, "runtime_s": 1.5450810219626874, "status": "ran"}
{"case_id": "baseline-undisturbed-h83", "event_rows": 1670, "rows": 16437, "runtime_s": 1.523045756155625, "status": "ran"}
{"case_id": "baseline-undisturbed-h80", "event_rows": 1681, "rows": 16437, "runtime_s": 1.5251968740485609, "status": "ran"}
{"case_id": "baseline-undisturbed-h82", "event_rows": 1685, "rows": 16437, "runtime_s": 1.5337442960590124, "status": "ran"}
{"case_id": "baseline-undisturbed-h81", "event_rows": 1690, "rows": 16437, "runtime_s": 1.536006323993206, "status": "ran"}
{"case_id": "baseline-undisturbed-h85", "event_rows": 1663, "rows": 16437, "runtime_s": 1.427451316965744, "status": "ran"}
{"case_id": "baseline-undisturbed-h86", "event_rows": 1712, "rows": 16437, "runtime_s": 1.4355746631044894, "status": "ran"}
{"case_id": "baseline-undisturbed-h88", "event_rows": 1660, "rows": 16437, "runtime_s": 1.4261903669685125, "status": "ran"}
{"case_id": "baseline-undisturbed-h89", "event_rows": 1672, "rows": 16437, "runtime_s": 1.595599815947935, "status": "ran"}
{"case_id": "baseline-undisturbed-h92", "event_rows": 1699, "rows": 16437, "runtime_s": 1.5442079831846058, "status": "ran"}
{"case_id": "baseline-undisturbed-h87", "event_rows": 1718, "rows": 16437, "runtime_s": 1.575048326049, "status": "ran"}
{"case_id": "baseline-undisturbed-h90", "event_rows": 1692, "rows": 16437, "runtime_s": 1.5144479339942336, "status": "ran"}
{"case_id": "baseline-undisturbed-h91", "event_rows": 1716, "rows": 16437, "runtime_s": 1.5849473217967898, "status": "ran"}
{"case_id": "baseline-undisturbed-h98", "event_rows": 1724, "rows": 16437, "runtime_s": 1.399062223965302, "status": "ran"}
{"case_id": "baseline-undisturbed-h100", "event_rows": 1678, "rows": 16437, "runtime_s": 1.396874182159081, "status": "ran"}
{"case_id": "baseline-undisturbed-h96", "event_rows": 1717, "rows": 16437, "runtime_s": 1.548715387005359, "status": "ran"}
{"case_id": "baseline-undisturbed-h93", "event_rows": 1705, "rows": 16437, "runtime_s": 1.5743872690945864, "status": "ran"}
{"case_id": "baseline-undisturbed-h95", "event_rows": 1735, "rows": 16437, "runtime_s": 1.5621770981233567, "status": "ran"}
{"case_id": "baseline-undisturbed-h97", "event_rows": 1615, "rows": 16437, "runtime_s": 1.4912744390312582, "status": "ran"}
{"case_id": "baseline-undisturbed-h94", "event_rows": 1705, "rows": 16437, "runtime_s": 1.4274967249948531, "status": "ran"}
{"case_id": "baseline-undisturbed-h99", "event_rows": 1706, "rows": 16437, "runtime_s": 1.5405139541253448, "status": "ran"}
{"case_id": "baseline-undisturbed-h102", "event_rows": 1683, "rows": 16437, "runtime_s": 1.4011980660725385, "status": "ran"}
{"case_id": "baseline-undisturbed-h106", "event_rows": 1707, "rows": 16437, "runtime_s": 1.4703600499778986, "status": "ran"}
{"case_id": "baseline-undisturbed-h108", "event_rows": 1673, "rows": 16437, "runtime_s": 1.4642635688651353, "status": "ran"}
{"case_id": "baseline-undisturbed-h105", "event_rows": 1690, "rows": 16437, "runtime_s": 1.4729919268283993, "status": "ran"}
{"case_id": "baseline-undisturbed-h103", "event_rows": 1914, "rows": 16437, "runtime_s": 1.4941594409756362, "status": "ran"}
{"case_id": "baseline-undisturbed-h107", "event_rows": 1698, "rows": 16437, "runtime_s": 1.4558841669932008, "status": "ran"}
{"case_id": "baseline-undisturbed-h101", "event_rows": 1707, "rows": 16437, "runtime_s": 1.4659100300632417, "status": "ran"}
{"case_id": "baseline-undisturbed-h104", "event_rows": 1697, "rows": 16437, "runtime_s": 1.4690320419613272, "status": "ran"}
{"case_id": "baseline-undisturbed-h109", "event_rows": 1668, "rows": 16437, "runtime_s": 1.39905598689802, "status": "ran"}
{"case_id": "baseline-undisturbed-h111", "event_rows": 1703, "rows": 16437, "runtime_s": 1.4485956721473485, "status": "ran"}
{"case_id": "baseline-undisturbed-h112", "event_rows": 1688, "rows": 16437, "runtime_s": 1.457956740166992, "status": "ran"}
{"case_id": "baseline-undisturbed-h116", "event_rows": 1657, "rows": 16437, "runtime_s": 1.4637153360527009, "status": "ran"}
{"case_id": "baseline-undisturbed-h114", "event_rows": 1689, "rows": 16437, "runtime_s": 1.4441360398195684, "status": "ran"}
{"case_id": "baseline-undisturbed-h113", "event_rows": 1687, "rows": 16437, "runtime_s": 1.4471873270813376, "status": "ran"}
{"case_id": "baseline-undisturbed-h115", "event_rows": 1683, "rows": 16437, "runtime_s": 1.4691142430528998, "status": "ran"}
{"case_id": "baseline-undisturbed-h110", "event_rows": 1689, "rows": 16437, "runtime_s": 1.486591897206381, "status": "ran"}
{"case_id": "baseline-undisturbed-h117", "event_rows": 1681, "rows": 16437, "runtime_s": 1.4163704260718077, "status": "ran"}
{"case_id": "baseline-undisturbed-h118", "event_rows": 1678, "rows": 16437, "runtime_s": 1.4826397839933634, "status": "ran"}
{"case_id": "baseline-undisturbed-h120", "event_rows": 1680, "rows": 16437, "runtime_s": 1.4540923868771642, "status": "ran"}
{"case_id": "baseline-undisturbed-h121", "event_rows": 1656, "rows": 16437, "runtime_s": 1.4473132528364658, "status": "ran"}
{"case_id": "baseline-undisturbed-h124", "event_rows": 1674, "rows": 16437, "runtime_s": 1.4601689300034195, "status": "ran"}
{"case_id": "baseline-undisturbed-h119", "event_rows": 1701, "rows": 16437, "runtime_s": 1.4894446020480245, "status": "ran"}
{"case_id": "baseline-undisturbed-h122", "event_rows": 1659, "rows": 16437, "runtime_s": 1.479828187962994, "status": "ran"}
{"case_id": "baseline-undisturbed-h123", "event_rows": 1676, "rows": 16437, "runtime_s": 1.4775737849995494, "status": "ran"}
{"case_id": "baseline-undisturbed-h126", "event_rows": 1666, "rows": 16437, "runtime_s": 1.4032636841293424, "status": "ran"}
{"case_id": "baseline-undisturbed-h129", "event_rows": 1655, "rows": 16437, "runtime_s": 1.4037567528430372, "status": "ran"}
{"case_id": "baseline-undisturbed-h128", "event_rows": 1685, "rows": 16437, "runtime_s": 1.5510133218485862, "status": "ran"}
{"case_id": "baseline-undisturbed-h132", "event_rows": 1672, "rows": 16437, "runtime_s": 1.5907425791956484, "status": "ran"}
{"case_id": "baseline-undisturbed-h125", "event_rows": 1697, "rows": 16437, "runtime_s": 1.5135228869039565, "status": "ran"}
{"case_id": "baseline-undisturbed-h130", "event_rows": 1659, "rows": 16437, "runtime_s": 1.5099569878075272, "status": "ran"}
{"case_id": "baseline-undisturbed-h131", "event_rows": 1665, "rows": 16437, "runtime_s": 1.5419823059346527, "status": "ran"}
{"case_id": "baseline-undisturbed-h127", "event_rows": 1634, "rows": 16437, "runtime_s": 1.616928952978924, "status": "ran"}
{"case_id": "baseline-undisturbed-h139", "event_rows": 1657, "rows": 16437, "runtime_s": 1.4226287850178778, "status": "ran"}
{"case_id": "baseline-undisturbed-h134", "event_rows": 1691, "rows": 16437, "runtime_s": 1.4954533260315657, "status": "ran"}
{"case_id": "baseline-undisturbed-h140", "event_rows": 1665, "rows": 16437, "runtime_s": 1.4227049930486828, "status": "ran"}
{"case_id": "baseline-undisturbed-h135", "event_rows": 1678, "rows": 16437, "runtime_s": 1.4326256669592112, "status": "ran"}
{"case_id": "baseline-undisturbed-h138", "event_rows": 1678, "rows": 16437, "runtime_s": 1.4759103870019317, "status": "ran"}
{"case_id": "baseline-undisturbed-h136", "event_rows": 1666, "rows": 16437, "runtime_s": 1.4902995200827718, "status": "ran"}
{"case_id": "baseline-undisturbed-h137", "event_rows": 1649, "rows": 16437, "runtime_s": 1.524345369078219, "status": "ran"}
{"case_id": "baseline-undisturbed-h133", "event_rows": 1700, "rows": 16437, "runtime_s": 1.6162468639668077, "status": "ran"}
{"case_id": "topanga-burned-h10-ksat-minus-b575fde4a28c", "event_rows": 1855, "rows": 16437, "runtime_s": 1.4058640040457249, "status": "ran"}
{"case_id": "topanga-burned-h1-ksat-minus-b575fde4a28c", "event_rows": 1832, "rows": 16437, "runtime_s": 1.5011753800790757, "status": "ran"}
{"case_id": "topanga-burned-h100-cover-minus-b575fde4a28c", "event_rows": 1839, "rows": 16437, "runtime_s": 1.4454328659921885, "status": "ran"}
{"case_id": "topanga-burned-h100-cover-plus-b575fde4a28c", "event_rows": 1839, "rows": 16437, "runtime_s": 1.4571162750944495, "status": "ran"}
{"case_id": "topanga-burned-h10-cover-plus-b575fde4a28c", "event_rows": 1855, "rows": 16437, "runtime_s": 1.4712384399026632, "status": "ran"}
{"case_id": "topanga-burned-h10-ksat-plus-b575fde4a28c", "event_rows": 1855, "rows": 16437, "runtime_s": 1.4936288711614907, "status": "ran"}
{"case_id": "topanga-burned-h10-cover-minus-b575fde4a28c", "event_rows": 1855, "rows": 16437, "runtime_s": 1.4779607199598104, "status": "ran"}
{"case_id": "topanga-burned-h1-ksat-plus-b575fde4a28c", "event_rows": 1832, "rows": 16437, "runtime_s": 1.4633799290750176, "status": "ran"}
{"case_id": "topanga-burned-h101-cover-plus-b575fde4a28c", "event_rows": 1836, "rows": 16437, "runtime_s": 1.4286074249539524, "status": "ran"}
{"case_id": "topanga-burned-h100-ksat-minus-b575fde4a28c", "event_rows": 1839, "rows": 16437, "runtime_s": 1.5167717370204628, "status": "ran"}
{"case_id": "topanga-burned-h100-ksat-plus-b575fde4a28c", "event_rows": 1839, "rows": 16437, "runtime_s": 1.4408339420333505, "status": "ran"}
{"case_id": "topanga-burned-h101-cover-minus-b575fde4a28c", "event_rows": 1836, "rows": 16437, "runtime_s": 1.462870768038556, "status": "ran"}
{"case_id": "topanga-burned-h102-cover-minus-b575fde4a28c", "event_rows": 1820, "rows": 16437, "runtime_s": 1.5128836168441921, "status": "ran"}
{"case_id": "topanga-burned-h102-cover-plus-b575fde4a28c", "event_rows": 1820, "rows": 16437, "runtime_s": 1.5047178510576487, "status": "ran"}
{"case_id": "topanga-burned-h101-ksat-minus-b575fde4a28c", "event_rows": 1836, "rows": 16437, "runtime_s": 1.5149147410411388, "status": "ran"}
{"case_id": "topanga-burned-h101-ksat-plus-b575fde4a28c", "event_rows": 1836, "rows": 16437, "runtime_s": 1.5172795590478927, "status": "ran"}
{"case_id": "topanga-burned-h103-ksat-plus-b575fde4a28c", "event_rows": 1914, "rows": 16437, "runtime_s": 1.4299179669469595, "status": "ran"}
{"case_id": "topanga-burned-h104-ksat-plus-b575fde4a28c", "event_rows": 1853, "rows": 16437, "runtime_s": 1.4501467891968787, "status": "ran"}
{"case_id": "topanga-burned-h104-cover-plus-b575fde4a28c", "event_rows": 1853, "rows": 16437, "runtime_s": 1.4692430379800498, "status": "ran"}
{"case_id": "topanga-burned-h104-ksat-minus-b575fde4a28c", "event_rows": 1853, "rows": 16437, "runtime_s": 1.5101005758624524, "status": "ran"}
{"case_id": "topanga-burned-h102-ksat-minus-b575fde4a28c", "event_rows": 1820, "rows": 16437, "runtime_s": 1.4800161740276963, "status": "ran"}
{"case_id": "topanga-burned-h102-ksat-plus-b575fde4a28c", "event_rows": 1820, "rows": 16437, "runtime_s": 1.4887377589475363, "status": "ran"}
{"case_id": "topanga-burned-h104-cover-minus-b575fde4a28c", "event_rows": 1853, "rows": 16437, "runtime_s": 1.485055321129039, "status": "ran"}
{"case_id": "topanga-burned-h103-ksat-minus-b575fde4a28c", "event_rows": 1914, "rows": 16437, "runtime_s": 1.5252498120535165, "status": "ran"}
{"case_id": "topanga-burned-h105-cover-minus-b575fde4a28c", "event_rows": 1822, "rows": 16437, "runtime_s": 1.4418346451129764, "status": "ran"}
{"case_id": "topanga-burned-h106-ksat-minus-b575fde4a28c", "event_rows": 1830, "rows": 16437, "runtime_s": 1.4872082138899714, "status": "ran"}
{"case_id": "topanga-burned-h105-ksat-plus-b575fde4a28c", "event_rows": 1822, "rows": 16437, "runtime_s": 1.4955940099898726, "status": "ran"}
{"case_id": "topanga-burned-h106-ksat-plus-b575fde4a28c", "event_rows": 1830, "rows": 16437, "runtime_s": 1.4482659648638219, "status": "ran"}
{"case_id": "topanga-burned-h106-cover-minus-b575fde4a28c", "event_rows": 1830, "rows": 16437, "runtime_s": 1.4506907609757036, "status": "ran"}
{"case_id": "topanga-burned-h106-cover-plus-b575fde4a28c", "event_rows": 1830, "rows": 16437, "runtime_s": 1.4559937450103462, "status": "ran"}
{"case_id": "topanga-burned-h105-ksat-minus-b575fde4a28c", "event_rows": 1822, "rows": 16437, "runtime_s": 1.4965830179862678, "status": "ran"}
{"case_id": "topanga-burned-h105-cover-plus-b575fde4a28c", "event_rows": 1822, "rows": 16437, "runtime_s": 1.4676488609984517, "status": "ran"}
{"case_id": "topanga-burned-h107-cover-plus-b575fde4a28c", "event_rows": 1817, "rows": 16437, "runtime_s": 1.4697136429604143, "status": "ran"}
{"case_id": "topanga-burned-h107-cover-minus-b575fde4a28c", "event_rows": 1817, "rows": 16437, "runtime_s": 1.4848935820627958, "status": "ran"}
{"case_id": "topanga-burned-h107-ksat-plus-b575fde4a28c", "event_rows": 1817, "rows": 16437, "runtime_s": 1.4206300170626491, "status": "ran"}
{"case_id": "topanga-burned-h108-ksat-minus-b575fde4a28c", "event_rows": 1859, "rows": 16437, "runtime_s": 1.5043026169296354, "status": "ran"}
{"case_id": "topanga-burned-h108-cover-plus-b575fde4a28c", "event_rows": 1859, "rows": 16437, "runtime_s": 1.4831984851043671, "status": "ran"}
{"case_id": "topanga-burned-h108-ksat-plus-b575fde4a28c", "event_rows": 1859, "rows": 16437, "runtime_s": 1.4785396389197558, "status": "ran"}
{"case_id": "topanga-burned-h107-ksat-minus-b575fde4a28c", "event_rows": 1817, "rows": 16437, "runtime_s": 1.4786952920258045, "status": "ran"}
{"case_id": "topanga-burned-h108-cover-minus-b575fde4a28c", "event_rows": 1859, "rows": 16437, "runtime_s": 1.5055864870082587, "status": "ran"}
{"case_id": "topanga-burned-h109-ksat-minus-b575fde4a28c", "event_rows": 1836, "rows": 16437, "runtime_s": 1.4064208180643618, "status": "ran"}
{"case_id": "topanga-burned-h11-ksat-plus-b575fde4a28c", "event_rows": 1825, "rows": 16437, "runtime_s": 1.4782550279051065, "status": "ran"}
{"case_id": "topanga-burned-h11-cover-minus-b575fde4a28c", "event_rows": 1825, "rows": 16437, "runtime_s": 1.4623315229546279, "status": "ran"}
{"case_id": "topanga-burned-h109-cover-minus-b575fde4a28c", "event_rows": 1836, "rows": 16437, "runtime_s": 1.4944717078469694, "status": "ran"}
{"case_id": "topanga-burned-h11-ksat-minus-b575fde4a28c", "event_rows": 1826, "rows": 16437, "runtime_s": 1.4995692390948534, "status": "ran"}
{"case_id": "topanga-burned-h109-cover-plus-b575fde4a28c", "event_rows": 1836, "rows": 16437, "runtime_s": 1.4789646919816732, "status": "ran"}
{"case_id": "topanga-burned-h109-ksat-plus-b575fde4a28c", "event_rows": 1836, "rows": 16437, "runtime_s": 1.4775733191054314, "status": "ran"}
{"case_id": "topanga-burned-h11-cover-plus-b575fde4a28c", "event_rows": 1825, "rows": 16437, "runtime_s": 1.472732680151239, "status": "ran"}
{"case_id": "topanga-burned-h110-cover-plus-b575fde4a28c", "event_rows": 1826, "rows": 16437, "runtime_s": 1.4308805118780583, "status": "ran"}
{"case_id": "topanga-burned-h111-ksat-minus-b575fde4a28c", "event_rows": 1823, "rows": 16437, "runtime_s": 1.4205930300522596, "status": "ran"}
{"case_id": "topanga-burned-h111-cover-plus-b575fde4a28c", "event_rows": 1823, "rows": 16437, "runtime_s": 1.5087208710610867, "status": "ran"}
{"case_id": "topanga-burned-h110-ksat-minus-b575fde4a28c", "event_rows": 1826, "rows": 16437, "runtime_s": 1.455315789906308, "status": "ran"}
{"case_id": "topanga-burned-h110-ksat-plus-b575fde4a28c", "event_rows": 1826, "rows": 16437, "runtime_s": 1.4887307700701058, "status": "ran"}
{"case_id": "topanga-burned-h111-ksat-plus-b575fde4a28c", "event_rows": 1823, "rows": 16437, "runtime_s": 1.4925082109402865, "status": "ran"}
{"case_id": "topanga-burned-h111-cover-minus-b575fde4a28c", "event_rows": 1823, "rows": 16437, "runtime_s": 1.4791388101875782, "status": "ran"}
{"case_id": "topanga-burned-h110-cover-minus-b575fde4a28c", "event_rows": 1826, "rows": 16437, "runtime_s": 1.437405870994553, "status": "ran"}
{"case_id": "topanga-burned-h112-cover-minus-b575fde4a28c", "event_rows": 1811, "rows": 16437, "runtime_s": 1.4276052399072796, "status": "ran"}
{"case_id": "topanga-burned-h112-cover-plus-b575fde4a28c", "event_rows": 1811, "rows": 16437, "runtime_s": 1.4816266158595681, "status": "ran"}
{"case_id": "topanga-burned-h112-ksat-minus-b575fde4a28c", "event_rows": 1811, "rows": 16437, "runtime_s": 1.4734326188918203, "status": "ran"}
{"case_id": "topanga-burned-h113-cover-minus-b575fde4a28c", "event_rows": 1823, "rows": 16437, "runtime_s": 1.472413995070383, "status": "ran"}
{"case_id": "topanga-burned-h113-ksat-minus-b575fde4a28c", "event_rows": 1823, "rows": 16437, "runtime_s": 1.4860475729219615, "status": "ran"}
{"case_id": "topanga-burned-h112-ksat-plus-b575fde4a28c", "event_rows": 1811, "rows": 16437, "runtime_s": 1.449230883968994, "status": "ran"}
{"case_id": "topanga-burned-h113-cover-plus-b575fde4a28c", "event_rows": 1823, "rows": 16437, "runtime_s": 1.4876059559173882, "status": "ran"}
{"case_id": "topanga-burned-h113-ksat-plus-b575fde4a28c", "event_rows": 1823, "rows": 16437, "runtime_s": 1.4557097919750959, "status": "ran"}
{"case_id": "topanga-burned-h114-cover-minus-b575fde4a28c", "event_rows": 1821, "rows": 16437, "runtime_s": 1.4515865240246058, "status": "ran"}
{"case_id": "topanga-burned-h114-cover-plus-b575fde4a28c", "event_rows": 1821, "rows": 16437, "runtime_s": 1.5011544870212674, "status": "ran"}
{"case_id": "topanga-burned-h115-cover-minus-b575fde4a28c", "event_rows": 1863, "rows": 16437, "runtime_s": 1.4753991700708866, "status": "ran"}
{"case_id": "topanga-burned-h115-ksat-plus-b575fde4a28c", "event_rows": 1863, "rows": 16437, "runtime_s": 1.473667797865346, "status": "ran"}
{"case_id": "topanga-burned-h115-ksat-minus-b575fde4a28c", "event_rows": 1863, "rows": 16437, "runtime_s": 1.4880030620843172, "status": "ran"}
{"case_id": "topanga-burned-h115-cover-plus-b575fde4a28c", "event_rows": 1863, "rows": 16437, "runtime_s": 1.4902279989328235, "status": "ran"}
{"case_id": "topanga-burned-h114-ksat-minus-b575fde4a28c", "event_rows": 1821, "rows": 16437, "runtime_s": 1.5041843901854008, "status": "ran"}
{"case_id": "topanga-burned-h114-ksat-plus-b575fde4a28c", "event_rows": 1821, "rows": 16437, "runtime_s": 1.4803106891922653, "status": "ran"}
{"case_id": "topanga-burned-h116-ksat-minus-b575fde4a28c", "event_rows": 1830, "rows": 16437, "runtime_s": 1.453029930125922, "status": "ran"}
{"case_id": "topanga-burned-h117-cover-minus-b575fde4a28c", "event_rows": 1833, "rows": 16437, "runtime_s": 1.4975564670749009, "status": "ran"}
{"case_id": "topanga-burned-h116-cover-minus-b575fde4a28c", "event_rows": 1830, "rows": 16437, "runtime_s": 1.5204900249373168, "status": "ran"}
{"case_id": "topanga-burned-h116-ksat-plus-b575fde4a28c", "event_rows": 1830, "rows": 16437, "runtime_s": 1.4302722688298672, "status": "ran"}
{"case_id": "topanga-burned-h117-ksat-plus-b575fde4a28c", "event_rows": 1833, "rows": 16437, "runtime_s": 1.4850636788178235, "status": "ran"}
{"case_id": "topanga-burned-h117-ksat-minus-b575fde4a28c", "event_rows": 1833, "rows": 16437, "runtime_s": 1.4553636948112398, "status": "ran"}
{"case_id": "topanga-burned-h117-cover-plus-b575fde4a28c", "event_rows": 1833, "rows": 16437, "runtime_s": 1.487524745054543, "status": "ran"}
{"case_id": "topanga-burned-h116-cover-plus-b575fde4a28c", "event_rows": 1830, "rows": 16437, "runtime_s": 1.4495661058463156, "status": "ran"}
{"case_id": "topanga-burned-h118-cover-plus-b575fde4a28c", "event_rows": 1819, "rows": 16437, "runtime_s": 1.4309926151763648, "status": "ran"}
{"case_id": "topanga-burned-h119-ksat-plus-b575fde4a28c", "event_rows": 1829, "rows": 16437, "runtime_s": 1.4450017570052296, "status": "ran"}
{"case_id": "topanga-burned-h119-ksat-minus-b575fde4a28c", "event_rows": 1829, "rows": 16437, "runtime_s": 1.483516895910725, "status": "ran"}
{"case_id": "topanga-burned-h118-cover-minus-b575fde4a28c", "event_rows": 1819, "rows": 16437, "runtime_s": 1.4998255190439522, "status": "ran"}
{"case_id": "topanga-burned-h118-ksat-plus-b575fde4a28c", "event_rows": 1819, "rows": 16437, "runtime_s": 1.4698255020193756, "status": "ran"}
{"case_id": "topanga-burned-h119-cover-minus-b575fde4a28c", "event_rows": 1829, "rows": 16437, "runtime_s": 1.5158632181119174, "status": "ran"}
{"case_id": "topanga-burned-h118-ksat-minus-b575fde4a28c", "event_rows": 1819, "rows": 16437, "runtime_s": 1.5011994049418718, "status": "ran"}
{"case_id": "topanga-burned-h119-cover-plus-b575fde4a28c", "event_rows": 1829, "rows": 16437, "runtime_s": 1.507265067892149, "status": "ran"}
{"case_id": "topanga-burned-h12-cover-plus-b575fde4a28c", "event_rows": 1847, "rows": 16437, "runtime_s": 1.418762407032773, "status": "ran"}
{"case_id": "topanga-burned-h120-cover-minus-b575fde4a28c", "event_rows": 1841, "rows": 16437, "runtime_s": 1.4390545319765806, "status": "ran"}
{"case_id": "topanga-burned-h120-cover-plus-b575fde4a28c", "event_rows": 1841, "rows": 16437, "runtime_s": 1.4796465078834444, "status": "ran"}
{"case_id": "topanga-burned-h12-cover-minus-b575fde4a28c", "event_rows": 1847, "rows": 16437, "runtime_s": 1.4839551441837102, "status": "ran"}
{"case_id": "topanga-burned-h120-ksat-plus-b575fde4a28c", "event_rows": 1841, "rows": 16437, "runtime_s": 1.4817233600188047, "status": "ran"}
{"case_id": "topanga-burned-h120-ksat-minus-b575fde4a28c", "event_rows": 1841, "rows": 16437, "runtime_s": 1.4954731171019375, "status": "ran"}
{"case_id": "topanga-burned-h12-ksat-plus-b575fde4a28c", "event_rows": 1847, "rows": 16437, "runtime_s": 1.4869481700006872, "status": "ran"}
{"case_id": "topanga-burned-h12-ksat-minus-b575fde4a28c", "event_rows": 1847, "rows": 16437, "runtime_s": 1.5075951600447297, "status": "ran"}
{"case_id": "topanga-burned-h121-cover-plus-b575fde4a28c", "event_rows": 1837, "rows": 16437, "runtime_s": 1.3973361810203642, "status": "ran"}
{"case_id": "topanga-burned-h121-cover-minus-b575fde4a28c", "event_rows": 1837, "rows": 16437, "runtime_s": 1.4793834679294378, "status": "ran"}
{"case_id": "topanga-burned-h121-ksat-minus-b575fde4a28c", "event_rows": 1837, "rows": 16437, "runtime_s": 1.4524982508737594, "status": "ran"}
{"case_id": "topanga-burned-h122-cover-minus-b575fde4a28c", "event_rows": 1851, "rows": 16437, "runtime_s": 1.4800377609208226, "status": "ran"}
{"case_id": "topanga-burned-h122-ksat-minus-b575fde4a28c", "event_rows": 1851, "rows": 16437, "runtime_s": 1.5332444608211517, "status": "ran"}
{"case_id": "topanga-burned-h122-ksat-plus-b575fde4a28c", "event_rows": 1851, "rows": 16437, "runtime_s": 1.472695164149627, "status": "ran"}
{"case_id": "topanga-burned-h121-ksat-plus-b575fde4a28c", "event_rows": 1837, "rows": 16437, "runtime_s": 1.4966421970166266, "status": "ran"}
{"case_id": "topanga-burned-h122-cover-plus-b575fde4a28c", "event_rows": 1851, "rows": 16437, "runtime_s": 1.5468372548930347, "status": "ran"}
{"case_id": "topanga-burned-h123-cover-minus-b575fde4a28c", "event_rows": 1847, "rows": 16437, "runtime_s": 1.430918799014762, "status": "ran"}
{"case_id": "topanga-burned-h124-ksat-minus-b575fde4a28c", "event_rows": 1841, "rows": 16437, "runtime_s": 1.5118069220334291, "status": "ran"}
{"case_id": "topanga-burned-h123-cover-plus-b575fde4a28c", "event_rows": 1847, "rows": 16437, "runtime_s": 1.455290385056287, "status": "ran"}
{"case_id": "topanga-burned-h124-ksat-plus-b575fde4a28c", "event_rows": 1841, "rows": 16437, "runtime_s": 1.4506877339445055, "status": "ran"}
{"case_id": "topanga-burned-h124-cover-minus-b575fde4a28c", "event_rows": 1841, "rows": 16437, "runtime_s": 1.5091308678966016, "status": "ran"}
{"case_id": "topanga-burned-h123-ksat-minus-b575fde4a28c", "event_rows": 1847, "rows": 16437, "runtime_s": 1.4637054388877004, "status": "ran"}
{"case_id": "topanga-burned-h124-cover-plus-b575fde4a28c", "event_rows": 1841, "rows": 16437, "runtime_s": 1.4965586951002479, "status": "ran"}
{"case_id": "topanga-burned-h123-ksat-plus-b575fde4a28c", "event_rows": 1847, "rows": 16437, "runtime_s": 1.512629094067961, "status": "ran"}
{"case_id": "topanga-burned-h125-ksat-minus-b575fde4a28c", "event_rows": 1833, "rows": 16437, "runtime_s": 1.4290723260492086, "status": "ran"}
{"case_id": "topanga-burned-h125-cover-minus-b575fde4a28c", "event_rows": 1833, "rows": 16437, "runtime_s": 1.4538744820747524, "status": "ran"}
{"case_id": "topanga-burned-h126-ksat-plus-b575fde4a28c", "event_rows": 1852, "rows": 16437, "runtime_s": 1.489098782185465, "status": "ran"}
{"case_id": "topanga-burned-h125-ksat-plus-b575fde4a28c", "event_rows": 1833, "rows": 16437, "runtime_s": 1.4662609309889376, "status": "ran"}
{"case_id": "topanga-burned-h126-ksat-minus-b575fde4a28c", "event_rows": 1852, "rows": 16437, "runtime_s": 1.4897316719871014, "status": "ran"}
{"case_id": "topanga-burned-h126-cover-minus-b575fde4a28c", "event_rows": 1852, "rows": 16437, "runtime_s": 1.5280826289672405, "status": "ran"}
{"case_id": "topanga-burned-h126-cover-plus-b575fde4a28c", "event_rows": 1852, "rows": 16437, "runtime_s": 1.5058141329791397, "status": "ran"}
{"case_id": "topanga-burned-h125-cover-plus-b575fde4a28c", "event_rows": 1833, "rows": 16437, "runtime_s": 1.4606554110068828, "status": "ran"}
{"case_id": "topanga-burned-h127-cover-minus-b575fde4a28c", "event_rows": 1818, "rows": 16437, "runtime_s": 1.510261510964483, "status": "ran"}
{"case_id": "topanga-burned-h127-cover-plus-b575fde4a28c", "event_rows": 1818, "rows": 16437, "runtime_s": 1.486891838023439, "status": "ran"}
{"case_id": "topanga-burned-h128-ksat-plus-b575fde4a28c", "event_rows": 1818, "rows": 16437, "runtime_s": 1.4736721359658986, "status": "ran"}
{"case_id": "topanga-burned-h128-cover-plus-b575fde4a28c", "event_rows": 1818, "rows": 16437, "runtime_s": 1.5725373961031437, "status": "ran"}
{"case_id": "topanga-burned-h128-cover-minus-b575fde4a28c", "event_rows": 1818, "rows": 16437, "runtime_s": 1.464534749975428, "status": "ran"}
{"case_id": "topanga-burned-h127-ksat-plus-b575fde4a28c", "event_rows": 1818, "rows": 16437, "runtime_s": 1.5434266550000757, "status": "ran"}
{"case_id": "topanga-burned-h127-ksat-minus-b575fde4a28c", "event_rows": 1818, "rows": 16437, "runtime_s": 1.4720628221984953, "status": "ran"}
{"case_id": "topanga-burned-h128-ksat-minus-b575fde4a28c", "event_rows": 1818, "rows": 16437, "runtime_s": 1.5814617408905178, "status": "ran"}
{"case_id": "topanga-burned-h129-cover-minus-b575fde4a28c", "event_rows": 1835, "rows": 16437, "runtime_s": 1.4161578880157322, "status": "ran"}
{"case_id": "topanga-burned-h129-cover-plus-b575fde4a28c", "event_rows": 1835, "rows": 16437, "runtime_s": 1.4599213481415063, "status": "ran"}
{"case_id": "topanga-burned-h129-ksat-minus-b575fde4a28c", "event_rows": 1835, "rows": 16437, "runtime_s": 1.4655485600233078, "status": "ran"}
{"case_id": "topanga-burned-h13-ksat-minus-b575fde4a28c", "event_rows": 1818, "rows": 16437, "runtime_s": 1.4540837011300027, "status": "ran"}
{"case_id": "topanga-burned-h13-cover-minus-b575fde4a28c", "event_rows": 1818, "rows": 16437, "runtime_s": 1.4653514719102532, "status": "ran"}
{"case_id": "topanga-burned-h13-ksat-plus-b575fde4a28c", "event_rows": 1818, "rows": 16437, "runtime_s": 1.4880295989569277, "status": "ran"}
{"case_id": "topanga-burned-h13-cover-plus-b575fde4a28c", "event_rows": 1818, "rows": 16437, "runtime_s": 1.5616240529343486, "status": "ran"}
{"case_id": "topanga-burned-h129-ksat-plus-b575fde4a28c", "event_rows": 1835, "rows": 16437, "runtime_s": 1.507144649978727, "status": "ran"}
{"case_id": "topanga-burned-h130-ksat-minus-b575fde4a28c", "event_rows": 1854, "rows": 16437, "runtime_s": 1.4729095671791583, "status": "ran"}
{"case_id": "topanga-burned-h131-ksat-minus-b575fde4a28c", "event_rows": 1868, "rows": 16437, "runtime_s": 1.513887400040403, "status": "ran"}
{"case_id": "topanga-burned-h130-cover-plus-b575fde4a28c", "event_rows": 1854, "rows": 16437, "runtime_s": 1.4862816401291639, "status": "ran"}
{"case_id": "topanga-burned-h131-ksat-plus-b575fde4a28c", "event_rows": 1868, "rows": 16437, "runtime_s": 1.5140439039096236, "status": "ran"}
{"case_id": "topanga-burned-h131-cover-minus-b575fde4a28c", "event_rows": 1868, "rows": 16437, "runtime_s": 1.4638059469871223, "status": "ran"}
{"case_id": "topanga-burned-h131-cover-plus-b575fde4a28c", "event_rows": 1868, "rows": 16437, "runtime_s": 1.5169542648363858, "status": "ran"}
{"case_id": "topanga-burned-h130-ksat-plus-b575fde4a28c", "event_rows": 1854, "rows": 16437, "runtime_s": 1.4624901679344475, "status": "ran"}
{"case_id": "topanga-burned-h130-cover-minus-b575fde4a28c", "event_rows": 1854, "rows": 16437, "runtime_s": 1.4688778680283576, "status": "ran"}
{"case_id": "topanga-burned-h133-cover-plus-b575fde4a28c", "event_rows": 1821, "rows": 16437, "runtime_s": 1.4619513049256057, "status": "ran"}
{"case_id": "topanga-burned-h133-ksat-plus-b575fde4a28c", "event_rows": 1821, "rows": 16437, "runtime_s": 1.484621763927862, "status": "ran"}
{"case_id": "topanga-burned-h132-cover-plus-b575fde4a28c", "event_rows": 1852, "rows": 16437, "runtime_s": 1.565334658138454, "status": "ran"}
{"case_id": "topanga-burned-h132-ksat-plus-b575fde4a28c", "event_rows": 1852, "rows": 16437, "runtime_s": 1.5275202521588653, "status": "ran"}
{"case_id": "topanga-burned-h133-ksat-minus-b575fde4a28c", "event_rows": 1822, "rows": 16437, "runtime_s": 1.5205962469335645, "status": "ran"}
{"case_id": "topanga-burned-h132-cover-minus-b575fde4a28c", "event_rows": 1852, "rows": 16437, "runtime_s": 1.566236229147762, "status": "ran"}
{"case_id": "topanga-burned-h133-cover-minus-b575fde4a28c", "event_rows": 1821, "rows": 16437, "runtime_s": 1.5218545391689986, "status": "ran"}
{"case_id": "topanga-burned-h132-ksat-minus-b575fde4a28c", "event_rows": 1852, "rows": 16437, "runtime_s": 1.5265129448380321, "status": "ran"}
{"case_id": "topanga-burned-h134-cover-minus-b575fde4a28c", "event_rows": 1832, "rows": 16437, "runtime_s": 1.4371753630694002, "status": "ran"}
{"case_id": "topanga-burned-h134-cover-plus-b575fde4a28c", "event_rows": 1832, "rows": 16437, "runtime_s": 1.4873659359291196, "status": "ran"}
{"case_id": "topanga-burned-h134-ksat-plus-b575fde4a28c", "event_rows": 1832, "rows": 16437, "runtime_s": 1.4651608399581164, "status": "ran"}
{"case_id": "topanga-burned-h135-cover-plus-b575fde4a28c", "event_rows": 1839, "rows": 16437, "runtime_s": 1.459822614910081, "status": "ran"}
{"case_id": "topanga-burned-h135-ksat-minus-b575fde4a28c", "event_rows": 1839, "rows": 16437, "runtime_s": 1.475708473008126, "status": "ran"}
{"case_id": "topanga-burned-h135-cover-minus-b575fde4a28c", "event_rows": 1839, "rows": 16437, "runtime_s": 1.5195691238623112, "status": "ran"}
{"case_id": "topanga-burned-h135-ksat-plus-b575fde4a28c", "event_rows": 1839, "rows": 16437, "runtime_s": 1.4596648782026023, "status": "ran"}
{"case_id": "topanga-burned-h134-ksat-minus-b575fde4a28c", "event_rows": 1832, "rows": 16437, "runtime_s": 1.468592124991119, "status": "ran"}
{"case_id": "topanga-burned-h136-cover-minus-b575fde4a28c", "event_rows": 1855, "rows": 16437, "runtime_s": 1.4309181270655245, "status": "ran"}
{"case_id": "topanga-burned-h136-cover-plus-b575fde4a28c", "event_rows": 1855, "rows": 16437, "runtime_s": 1.4672449419740587, "status": "ran"}
{"case_id": "topanga-burned-h136-ksat-minus-b575fde4a28c", "event_rows": 1855, "rows": 16437, "runtime_s": 1.4952885590028018, "status": "ran"}
{"case_id": "topanga-burned-h137-cover-minus-b575fde4a28c", "event_rows": 1860, "rows": 16437, "runtime_s": 1.5012101461179554, "status": "ran"}
{"case_id": "topanga-burned-h137-ksat-minus-b575fde4a28c", "event_rows": 1860, "rows": 16437, "runtime_s": 1.485493766143918, "status": "ran"}
{"case_id": "topanga-burned-h137-cover-plus-b575fde4a28c", "event_rows": 1860, "rows": 16437, "runtime_s": 1.4972211378626525, "status": "ran"}
{"case_id": "topanga-burned-h136-ksat-plus-b575fde4a28c", "event_rows": 1855, "rows": 16437, "runtime_s": 1.460980410920456, "status": "ran"}
{"case_id": "topanga-burned-h137-ksat-plus-b575fde4a28c", "event_rows": 1860, "rows": 16437, "runtime_s": 1.4935304149985313, "status": "ran"}
{"case_id": "topanga-burned-h138-cover-plus-b575fde4a28c", "event_rows": 1844, "rows": 16437, "runtime_s": 1.4868835199158639, "status": "ran"}
{"case_id": "topanga-burned-h139-cover-minus-b575fde4a28c", "event_rows": 1838, "rows": 16437, "runtime_s": 1.4163627359084785, "status": "ran"}
{"case_id": "topanga-burned-h138-ksat-plus-b575fde4a28c", "event_rows": 1844, "rows": 16437, "runtime_s": 1.4562972870189697, "status": "ran"}
{"case_id": "topanga-burned-h138-cover-minus-b575fde4a28c", "event_rows": 1844, "rows": 16437, "runtime_s": 1.4861566349864006, "status": "ran"}
{"case_id": "topanga-burned-h139-ksat-minus-b575fde4a28c", "event_rows": 1838, "rows": 16437, "runtime_s": 1.4957374290097505, "status": "ran"}
{"case_id": "topanga-burned-h139-ksat-plus-b575fde4a28c", "event_rows": 1838, "rows": 16437, "runtime_s": 1.4902054918929935, "status": "ran"}
{"case_id": "topanga-burned-h139-cover-plus-b575fde4a28c", "event_rows": 1838, "rows": 16437, "runtime_s": 1.4857721489388496, "status": "ran"}
{"case_id": "topanga-burned-h138-ksat-minus-b575fde4a28c", "event_rows": 1844, "rows": 16437, "runtime_s": 1.505586164072156, "status": "ran"}
{"case_id": "topanga-burned-h14-cover-plus-b575fde4a28c", "event_rows": 1665, "rows": 16437, "runtime_s": 1.3922806598711759, "status": "ran"}
{"case_id": "topanga-burned-h14-ksat-minus-b575fde4a28c", "event_rows": 1665, "rows": 16437, "runtime_s": 1.4602713140193373, "status": "ran"}
{"case_id": "topanga-burned-h140-cover-minus-b575fde4a28c", "event_rows": 1844, "rows": 16437, "runtime_s": 1.6828849189914763, "status": "ran"}
{"case_id": "topanga-burned-h140-cover-plus-b575fde4a28c", "event_rows": 1844, "rows": 16437, "runtime_s": 1.4540886119939387, "status": "ran"}
{"case_id": "topanga-burned-h14-ksat-plus-b575fde4a28c", "event_rows": 1665, "rows": 16437, "runtime_s": 1.411398676224053, "status": "ran"}
{"case_id": "topanga-burned-h14-cover-minus-b575fde4a28c", "event_rows": 1665, "rows": 16437, "runtime_s": 1.4573099699337035, "status": "ran"}
{"case_id": "topanga-burned-h140-ksat-plus-b575fde4a28c", "event_rows": 1844, "rows": 16437, "runtime_s": 1.6669535040855408, "status": "ran"}
{"case_id": "topanga-burned-h140-ksat-minus-b575fde4a28c", "event_rows": 1844, "rows": 16437, "runtime_s": 1.6683361309114844, "status": "ran"}
{"case_id": "topanga-burned-h15-cover-minus-b575fde4a28c", "event_rows": 1667, "rows": 16437, "runtime_s": 1.430232340004295, "status": "ran"}
{"case_id": "topanga-burned-h15-cover-plus-b575fde4a28c", "event_rows": 1667, "rows": 16437, "runtime_s": 1.4651544510852545, "status": "ran"}
{"case_id": "topanga-burned-h16-ksat-minus-b575fde4a28c", "event_rows": 1814, "rows": 16437, "runtime_s": 1.545808109920472, "status": "ran"}
{"case_id": "topanga-burned-h15-ksat-plus-b575fde4a28c", "event_rows": 1667, "rows": 16437, "runtime_s": 1.4407846929971129, "status": "ran"}
{"case_id": "topanga-burned-h15-ksat-minus-b575fde4a28c", "event_rows": 1667, "rows": 16437, "runtime_s": 1.4738598559051752, "status": "ran"}
{"case_id": "topanga-burned-h16-ksat-plus-b575fde4a28c", "event_rows": 1813, "rows": 16437, "runtime_s": 1.4893648959696293, "status": "ran"}
{"case_id": "topanga-burned-h16-cover-minus-b575fde4a28c", "event_rows": 1813, "rows": 16437, "runtime_s": 1.5496351651381701, "status": "ran"}
{"case_id": "topanga-burned-h16-cover-plus-b575fde4a28c", "event_rows": 1813, "rows": 16437, "runtime_s": 1.5228276569396257, "status": "ran"}
{"case_id": "topanga-burned-h17-cover-minus-b575fde4a28c", "event_rows": 1839, "rows": 16437, "runtime_s": 1.4527905262075365, "status": "ran"}
{"case_id": "topanga-burned-h18-ksat-minus-b575fde4a28c", "event_rows": 1823, "rows": 16437, "runtime_s": 1.453015070175752, "status": "ran"}
{"case_id": "topanga-burned-h17-cover-plus-b575fde4a28c", "event_rows": 1839, "rows": 16437, "runtime_s": 1.4894789778627455, "status": "ran"}
{"case_id": "topanga-burned-h18-cover-minus-b575fde4a28c", "event_rows": 1823, "rows": 16437, "runtime_s": 1.484148520976305, "status": "ran"}
{"case_id": "topanga-burned-h17-ksat-plus-b575fde4a28c", "event_rows": 1839, "rows": 16437, "runtime_s": 1.5106417587958276, "status": "ran"}
{"case_id": "topanga-burned-h18-cover-plus-b575fde4a28c", "event_rows": 1823, "rows": 16437, "runtime_s": 1.458893024828285, "status": "ran"}
{"case_id": "topanga-burned-h18-ksat-plus-b575fde4a28c", "event_rows": 1823, "rows": 16437, "runtime_s": 1.5986362199764699, "status": "ran"}
{"case_id": "topanga-burned-h17-ksat-minus-b575fde4a28c", "event_rows": 1839, "rows": 16437, "runtime_s": 1.4977871589362621, "status": "ran"}
{"case_id": "topanga-burned-h19-cover-minus-b575fde4a28c", "event_rows": 1827, "rows": 16437, "runtime_s": 1.4321971028111875, "status": "ran"}
{"case_id": "topanga-burned-h19-ksat-plus-b575fde4a28c", "event_rows": 1826, "rows": 16437, "runtime_s": 1.424408575054258, "status": "ran"}
{"case_id": "topanga-burned-h20-cover-minus-b575fde4a28c", "event_rows": 1811, "rows": 16437, "runtime_s": 1.4753568780142814, "status": "ran"}
{"case_id": "topanga-burned-h20-cover-plus-b575fde4a28c", "event_rows": 1811, "rows": 16437, "runtime_s": 1.4427298300433904, "status": "ran"}
{"case_id": "topanga-burned-h19-ksat-minus-b575fde4a28c", "event_rows": 1827, "rows": 16437, "runtime_s": 1.484310656087473, "status": "ran"}
{"case_id": "topanga-burned-h19-cover-plus-b575fde4a28c", "event_rows": 1827, "rows": 16437, "runtime_s": 1.5106328600086272, "status": "ran"}
{"case_id": "topanga-burned-h2-ksat-plus-b575fde4a28c", "event_rows": 1829, "rows": 16437, "runtime_s": 1.5027110769879073, "status": "ran"}
{"case_id": "topanga-burned-h2-ksat-minus-b575fde4a28c", "event_rows": 1829, "rows": 16437, "runtime_s": 1.5805585910566151, "status": "ran"}
{"case_id": "topanga-burned-h20-ksat-minus-b575fde4a28c", "event_rows": 1811, "rows": 16437, "runtime_s": 1.4387233948800713, "status": "ran"}
{"case_id": "topanga-burned-h22-cover-plus-b575fde4a28c", "event_rows": 1798, "rows": 16437, "runtime_s": 1.4686651800293475, "status": "ran"}
{"case_id": "topanga-burned-h21-cover-minus-b575fde4a28c", "event_rows": 1817, "rows": 16437, "runtime_s": 1.477476382162422, "status": "ran"}
{"case_id": "topanga-burned-h21-cover-plus-b575fde4a28c", "event_rows": 1817, "rows": 16437, "runtime_s": 1.4788841230329126, "status": "ran"}
{"case_id": "topanga-burned-h20-ksat-plus-b575fde4a28c", "event_rows": 1811, "rows": 16437, "runtime_s": 1.4344481569714844, "status": "ran"}
{"case_id": "topanga-burned-h21-ksat-minus-b575fde4a28c", "event_rows": 1817, "rows": 16437, "runtime_s": 1.4761400369461626, "status": "ran"}
{"case_id": "topanga-burned-h22-cover-minus-b575fde4a28c", "event_rows": 1798, "rows": 16437, "runtime_s": 1.4528503259643912, "status": "ran"}
{"case_id": "topanga-burned-h21-ksat-plus-b575fde4a28c", "event_rows": 1817, "rows": 16437, "runtime_s": 1.4729634220711887, "status": "ran"}
{"case_id": "topanga-burned-h22-ksat-minus-b575fde4a28c", "event_rows": 1798, "rows": 16437, "runtime_s": 1.436768417013809, "status": "ran"}
{"case_id": "topanga-burned-h23-cover-plus-b575fde4a28c", "event_rows": 1824, "rows": 16437, "runtime_s": 1.4675050410442054, "status": "ran"}
{"case_id": "topanga-burned-h24-cover-plus-b575fde4a28c", "event_rows": 1833, "rows": 16437, "runtime_s": 1.4633973110467196, "status": "ran"}
{"case_id": "topanga-burned-h24-cover-minus-b575fde4a28c", "event_rows": 1833, "rows": 16437, "runtime_s": 1.45605288608931, "status": "ran"}
{"case_id": "topanga-burned-h23-ksat-minus-b575fde4a28c", "event_rows": 1824, "rows": 16437, "runtime_s": 1.4611972079146653, "status": "ran"}
{"case_id": "topanga-burned-h23-cover-minus-b575fde4a28c", "event_rows": 1824, "rows": 16437, "runtime_s": 1.4764296461362392, "status": "ran"}
{"case_id": "topanga-burned-h22-ksat-plus-b575fde4a28c", "event_rows": 1798, "rows": 16437, "runtime_s": 1.4738859420176595, "status": "ran"}
{"case_id": "topanga-burned-h23-ksat-plus-b575fde4a28c", "event_rows": 1824, "rows": 16437, "runtime_s": 1.476562123047188, "status": "ran"}
{"case_id": "topanga-burned-h24-ksat-plus-b575fde4a28c", "event_rows": 1833, "rows": 16437, "runtime_s": 1.4553872840479016, "status": "ran"}
{"case_id": "topanga-burned-h24-ksat-minus-b575fde4a28c", "event_rows": 1833, "rows": 16437, "runtime_s": 1.4973307738546282, "status": "ran"}
{"case_id": "topanga-burned-h25-cover-plus-b575fde4a28c", "event_rows": 1821, "rows": 16437, "runtime_s": 1.5236858809366822, "status": "ran"}
{"case_id": "topanga-burned-h25-ksat-minus-b575fde4a28c", "event_rows": 1821, "rows": 16437, "runtime_s": 1.4835397731512785, "status": "ran"}
{"case_id": "topanga-burned-h26-cover-minus-b575fde4a28c", "event_rows": 1816, "rows": 16437, "runtime_s": 1.4689869359135628, "status": "ran"}
{"case_id": "topanga-burned-h26-cover-plus-b575fde4a28c", "event_rows": 1816, "rows": 16437, "runtime_s": 1.499856926035136, "status": "ran"}
{"case_id": "topanga-burned-h25-ksat-plus-b575fde4a28c", "event_rows": 1821, "rows": 16437, "runtime_s": 1.5358673320151865, "status": "ran"}
{"case_id": "topanga-burned-h25-cover-minus-b575fde4a28c", "event_rows": 1821, "rows": 16437, "runtime_s": 1.5180066311731935, "status": "ran"}
{"case_id": "topanga-burned-h26-ksat-minus-b575fde4a28c", "event_rows": 1816, "rows": 16437, "runtime_s": 1.4328552840743214, "status": "ran"}
{"case_id": "topanga-burned-h28-cover-plus-b575fde4a28c", "event_rows": 1829, "rows": 16437, "runtime_s": 1.4365899530239403, "status": "ran"}
{"case_id": "topanga-burned-h27-ksat-minus-b575fde4a28c", "event_rows": 1834, "rows": 16437, "runtime_s": 1.5168458120897412, "status": "ran"}
{"case_id": "topanga-burned-h27-cover-minus-b575fde4a28c", "event_rows": 1834, "rows": 16437, "runtime_s": 1.5192344870883971, "status": "ran"}
{"case_id": "topanga-burned-h28-cover-minus-b575fde4a28c", "event_rows": 1829, "rows": 16437, "runtime_s": 1.458511610981077, "status": "ran"}
{"case_id": "topanga-burned-h26-ksat-plus-b575fde4a28c", "event_rows": 1816, "rows": 16437, "runtime_s": 1.4933077390305698, "status": "ran"}
{"case_id": "topanga-burned-h27-cover-plus-b575fde4a28c", "event_rows": 1834, "rows": 16437, "runtime_s": 1.5072097149677575, "status": "ran"}
{"case_id": "topanga-burned-h27-ksat-plus-b575fde4a28c", "event_rows": 1834, "rows": 16437, "runtime_s": 1.6870456249453127, "status": "ran"}
{"case_id": "topanga-burned-h3-ksat-minus-b575fde4a28c", "event_rows": 1849, "rows": 16437, "runtime_s": 1.4613885967992246, "status": "ran"}
{"case_id": "topanga-burned-h29-ksat-minus-b575fde4a28c", "event_rows": 1818, "rows": 16437, "runtime_s": 1.5267327080946416, "status": "ran"}
{"case_id": "topanga-burned-h29-ksat-plus-b575fde4a28c", "event_rows": 1818, "rows": 16437, "runtime_s": 1.4530570229981095, "status": "ran"}
{"case_id": "topanga-burned-h28-ksat-minus-b575fde4a28c", "event_rows": 1829, "rows": 16437, "runtime_s": 1.4513134139124304, "status": "ran"}
{"case_id": "topanga-burned-h29-cover-plus-b575fde4a28c", "event_rows": 1818, "rows": 16437, "runtime_s": 1.5279929440002888, "status": "ran"}
{"case_id": "topanga-burned-h28-ksat-plus-b575fde4a28c", "event_rows": 1829, "rows": 16437, "runtime_s": 1.478980760090053, "status": "ran"}
{"case_id": "topanga-burned-h3-ksat-plus-b575fde4a28c", "event_rows": 1849, "rows": 16437, "runtime_s": 1.6103992410935462, "status": "ran"}
{"case_id": "topanga-burned-h29-cover-minus-b575fde4a28c", "event_rows": 1818, "rows": 16437, "runtime_s": 1.4412392710801214, "status": "ran"}
{"case_id": "topanga-burned-h31-cover-plus-b575fde4a28c", "event_rows": 1810, "rows": 16437, "runtime_s": 1.426911154994741, "status": "ran"}
{"case_id": "topanga-burned-h31-ksat-plus-b575fde4a28c", "event_rows": 1809, "rows": 16437, "runtime_s": 1.4588410491123796, "status": "ran"}
{"case_id": "topanga-burned-h31-cover-minus-b575fde4a28c", "event_rows": 1810, "rows": 16437, "runtime_s": 1.5132782889995724, "status": "ran"}
{"case_id": "topanga-burned-h30-cover-plus-b575fde4a28c", "event_rows": 1820, "rows": 16437, "runtime_s": 1.5233457090798765, "status": "ran"}
{"case_id": "topanga-burned-h30-cover-minus-b575fde4a28c", "event_rows": 1820, "rows": 16437, "runtime_s": 1.5218650940805674, "status": "ran"}
{"case_id": "topanga-burned-h30-ksat-plus-b575fde4a28c", "event_rows": 1820, "rows": 16437, "runtime_s": 1.516447424190119, "status": "ran"}
{"case_id": "topanga-burned-h31-ksat-minus-b575fde4a28c", "event_rows": 1810, "rows": 16437, "runtime_s": 1.5084004539530724, "status": "ran"}
{"case_id": "topanga-burned-h30-ksat-minus-b575fde4a28c", "event_rows": 1820, "rows": 16437, "runtime_s": 1.5258295619860291, "status": "ran"}
{"case_id": "topanga-burned-h33-ksat-plus-b575fde4a28c", "event_rows": 1768, "rows": 16437, "runtime_s": 1.414788548834622, "status": "ran"}
{"case_id": "topanga-burned-h33-cover-plus-b575fde4a28c", "event_rows": 1769, "rows": 16437, "runtime_s": 1.4870704740751535, "status": "ran"}
{"case_id": "topanga-burned-h32-cover-minus-b575fde4a28c", "event_rows": 1813, "rows": 16437, "runtime_s": 1.4948610169813037, "status": "ran"}
{"case_id": "topanga-burned-h33-ksat-minus-b575fde4a28c", "event_rows": 1769, "rows": 16437, "runtime_s": 1.4629472529049963, "status": "ran"}
{"case_id": "topanga-burned-h32-ksat-plus-b575fde4a28c", "event_rows": 1813, "rows": 16437, "runtime_s": 1.4559174659661949, "status": "ran"}
{"case_id": "topanga-burned-h33-cover-minus-b575fde4a28c", "event_rows": 1769, "rows": 16437, "runtime_s": 1.4711873549968004, "status": "ran"}
{"case_id": "topanga-burned-h32-cover-plus-b575fde4a28c", "event_rows": 1813, "rows": 16437, "runtime_s": 1.5156502439640462, "status": "ran"}
{"case_id": "topanga-burned-h32-ksat-minus-b575fde4a28c", "event_rows": 1813, "rows": 16437, "runtime_s": 1.516794613795355, "status": "ran"}
{"case_id": "topanga-burned-h35-cover-plus-b575fde4a28c", "event_rows": 1788, "rows": 16437, "runtime_s": 1.3958780190441757, "status": "ran"}
{"case_id": "topanga-burned-h35-ksat-minus-b575fde4a28c", "event_rows": 1788, "rows": 16437, "runtime_s": 1.4789331948850304, "status": "ran"}
{"case_id": "topanga-burned-h34-ksat-plus-b575fde4a28c", "event_rows": 1830, "rows": 16437, "runtime_s": 1.4514371890109032, "status": "ran"}
{"case_id": "topanga-burned-h34-cover-minus-b575fde4a28c", "event_rows": 1830, "rows": 16437, "runtime_s": 1.5030377530492842, "status": "ran"}
{"case_id": "topanga-burned-h35-ksat-plus-b575fde4a28c", "event_rows": 1787, "rows": 16437, "runtime_s": 1.4415369709022343, "status": "ran"}
{"case_id": "topanga-burned-h35-cover-minus-b575fde4a28c", "event_rows": 1788, "rows": 16437, "runtime_s": 1.446509546134621, "status": "ran"}
{"case_id": "topanga-burned-h34-ksat-minus-b575fde4a28c", "event_rows": 1830, "rows": 16437, "runtime_s": 1.4833527109585702, "status": "ran"}
{"case_id": "topanga-burned-h34-cover-plus-b575fde4a28c", "event_rows": 1830, "rows": 16437, "runtime_s": 1.4691672311164439, "status": "ran"}
{"case_id": "topanga-burned-h36-ksat-minus-b575fde4a28c", "event_rows": 1823, "rows": 16437, "runtime_s": 1.416787439957261, "status": "ran"}
{"case_id": "topanga-burned-h37-ksat-plus-b575fde4a28c", "event_rows": 1776, "rows": 16437, "runtime_s": 1.403353821951896, "status": "ran"}
{"case_id": "topanga-burned-h36-ksat-plus-b575fde4a28c", "event_rows": 1823, "rows": 16437, "runtime_s": 1.477073698071763, "status": "ran"}
{"case_id": "topanga-burned-h37-ksat-minus-b575fde4a28c", "event_rows": 1778, "rows": 16437, "runtime_s": 1.5009415880776942, "status": "ran"}
{"case_id": "topanga-burned-h36-cover-plus-b575fde4a28c", "event_rows": 1823, "rows": 16437, "runtime_s": 1.5353242307901382, "status": "ran"}
{"case_id": "topanga-burned-h37-cover-minus-b575fde4a28c", "event_rows": 1778, "rows": 16437, "runtime_s": 1.4928706709761173, "status": "ran"}
{"case_id": "topanga-burned-h36-cover-minus-b575fde4a28c", "event_rows": 1823, "rows": 16437, "runtime_s": 1.530613447073847, "status": "ran"}
{"case_id": "topanga-burned-h37-cover-plus-b575fde4a28c", "event_rows": 1778, "rows": 16437, "runtime_s": 1.4888055310584605, "status": "ran"}
{"case_id": "topanga-burned-h38-cover-plus-b575fde4a28c", "event_rows": 1841, "rows": 16437, "runtime_s": 1.426212060963735, "status": "ran"}
{"case_id": "topanga-burned-h39-cover-minus-b575fde4a28c", "event_rows": 1840, "rows": 16437, "runtime_s": 1.4483544540125877, "status": "ran"}
{"case_id": "topanga-burned-h38-ksat-minus-b575fde4a28c", "event_rows": 1841, "rows": 16437, "runtime_s": 1.450186203001067, "status": "ran"}
{"case_id": "topanga-burned-h38-cover-minus-b575fde4a28c", "event_rows": 1841, "rows": 16437, "runtime_s": 1.4729291968978941, "status": "ran"}
{"case_id": "topanga-burned-h39-ksat-plus-b575fde4a28c", "event_rows": 1840, "rows": 16437, "runtime_s": 1.522851123008877, "status": "ran"}
{"case_id": "topanga-burned-h38-ksat-plus-b575fde4a28c", "event_rows": 1841, "rows": 16437, "runtime_s": 1.484211701899767, "status": "ran"}
{"case_id": "topanga-burned-h39-ksat-minus-b575fde4a28c", "event_rows": 1840, "rows": 16437, "runtime_s": 1.469579678028822, "status": "ran"}
{"case_id": "topanga-burned-h39-cover-plus-b575fde4a28c", "event_rows": 1840, "rows": 16437, "runtime_s": 1.4837657131720334, "status": "ran"}
{"case_id": "topanga-burned-h40-cover-minus-b575fde4a28c", "event_rows": 1817, "rows": 16437, "runtime_s": 1.43490552296862, "status": "ran"}
{"case_id": "topanga-burned-h41-cover-minus-b575fde4a28c", "event_rows": 1829, "rows": 16437, "runtime_s": 1.5035794358700514, "status": "ran"}
{"case_id": "topanga-burned-h41-cover-plus-b575fde4a28c", "event_rows": 1829, "rows": 16437, "runtime_s": 1.4630942901130766, "status": "ran"}
{"case_id": "topanga-burned-h40-ksat-minus-b575fde4a28c", "event_rows": 1817, "rows": 16437, "runtime_s": 1.4829056619200855, "status": "ran"}
{"case_id": "topanga-burned-h40-ksat-plus-b575fde4a28c", "event_rows": 1817, "rows": 16437, "runtime_s": 1.485104562016204, "status": "ran"}
{"case_id": "topanga-burned-h4-ksat-minus-b575fde4a28c", "event_rows": 1839, "rows": 16437, "runtime_s": 1.499639306915924, "status": "ran"}
{"case_id": "topanga-burned-h4-ksat-plus-b575fde4a28c", "event_rows": 1839, "rows": 16437, "runtime_s": 1.5163636240176857, "status": "ran"}
{"case_id": "topanga-burned-h40-cover-plus-b575fde4a28c", "event_rows": 1817, "rows": 16437, "runtime_s": 1.5247280790936202, "status": "ran"}
{"case_id": "topanga-burned-h43-cover-minus-b575fde4a28c", "event_rows": 1852, "rows": 16437, "runtime_s": 1.441675028996542, "status": "ran"}
{"case_id": "topanga-burned-h43-cover-plus-b575fde4a28c", "event_rows": 1852, "rows": 16437, "runtime_s": 1.465740764979273, "status": "ran"}
{"case_id": "topanga-burned-h42-cover-plus-b575fde4a28c", "event_rows": 1839, "rows": 16437, "runtime_s": 1.5206445548683405, "status": "ran"}
{"case_id": "topanga-burned-h42-ksat-minus-b575fde4a28c", "event_rows": 1839, "rows": 16437, "runtime_s": 1.4834907702170312, "status": "ran"}
{"case_id": "topanga-burned-h41-ksat-plus-b575fde4a28c", "event_rows": 1829, "rows": 16437, "runtime_s": 1.4740960949566215, "status": "ran"}
{"case_id": "topanga-burned-h41-ksat-minus-b575fde4a28c", "event_rows": 1829, "rows": 16437, "runtime_s": 1.5210646730847657, "status": "ran"}
{"case_id": "topanga-burned-h42-cover-minus-b575fde4a28c", "event_rows": 1839, "rows": 16437, "runtime_s": 1.4881184718105942, "status": "ran"}
{"case_id": "topanga-burned-h42-ksat-plus-b575fde4a28c", "event_rows": 1839, "rows": 16437, "runtime_s": 1.5146241451147944, "status": "ran"}
{"case_id": "topanga-burned-h44-cover-plus-b575fde4a28c", "event_rows": 1850, "rows": 16437, "runtime_s": 1.4318933659233153, "status": "ran"}
{"case_id": "topanga-burned-h45-cover-minus-b575fde4a28c", "event_rows": 1837, "rows": 16437, "runtime_s": 1.4851559670642018, "status": "ran"}
{"case_id": "topanga-burned-h43-ksat-plus-b575fde4a28c", "event_rows": 1852, "rows": 16437, "runtime_s": 1.5084124410059303, "status": "ran"}
{"case_id": "topanga-burned-h44-ksat-minus-b575fde4a28c", "event_rows": 1850, "rows": 16437, "runtime_s": 1.5055357951205224, "status": "ran"}
{"case_id": "topanga-burned-h43-ksat-minus-b575fde4a28c", "event_rows": 1852, "rows": 16437, "runtime_s": 1.4494294000323862, "status": "ran"}
{"case_id": "topanga-burned-h45-cover-plus-b575fde4a28c", "event_rows": 1837, "rows": 16437, "runtime_s": 1.4813551639672369, "status": "ran"}
{"case_id": "topanga-burned-h44-cover-minus-b575fde4a28c", "event_rows": 1850, "rows": 16437, "runtime_s": 1.5138134369626641, "status": "ran"}
{"case_id": "topanga-burned-h44-ksat-plus-b575fde4a28c", "event_rows": 1850, "rows": 16437, "runtime_s": 1.5100465379655361, "status": "ran"}
{"case_id": "topanga-burned-h45-ksat-plus-b575fde4a28c", "event_rows": 1837, "rows": 16437, "runtime_s": 1.4306040310766548, "status": "ran"}
{"case_id": "topanga-burned-h46-ksat-minus-b575fde4a28c", "event_rows": 1826, "rows": 16437, "runtime_s": 1.4829141499940306, "status": "ran"}
{"case_id": "topanga-burned-h46-ksat-plus-b575fde4a28c", "event_rows": 1826, "rows": 16437, "runtime_s": 1.51668657688424, "status": "ran"}
{"case_id": "topanga-burned-h45-ksat-minus-b575fde4a28c", "event_rows": 1837, "rows": 16437, "runtime_s": 1.5295529109425843, "status": "ran"}
{"case_id": "topanga-burned-h46-cover-minus-b575fde4a28c", "event_rows": 1826, "rows": 16437, "runtime_s": 1.4792373401578516, "status": "ran"}
{"case_id": "topanga-burned-h46-cover-plus-b575fde4a28c", "event_rows": 1826, "rows": 16437, "runtime_s": 1.5245343949645758, "status": "ran"}
{"case_id": "topanga-burned-h47-cover-plus-b575fde4a28c", "event_rows": 1844, "rows": 16437, "runtime_s": 1.4862210121937096, "status": "ran"}
{"case_id": "topanga-burned-h47-cover-minus-b575fde4a28c", "event_rows": 1844, "rows": 16437, "runtime_s": 1.5399313250090927, "status": "ran"}
{"case_id": "topanga-burned-h48-cover-plus-b575fde4a28c", "event_rows": 1848, "rows": 16437, "runtime_s": 1.4972619218751788, "status": "ran"}
{"case_id": "topanga-burned-h48-ksat-minus-b575fde4a28c", "event_rows": 1848, "rows": 16437, "runtime_s": 1.4355482009705156, "status": "ran"}
{"case_id": "topanga-burned-h47-ksat-plus-b575fde4a28c", "event_rows": 1844, "rows": 16437, "runtime_s": 1.4997980990447104, "status": "ran"}
{"case_id": "topanga-burned-h48-cover-minus-b575fde4a28c", "event_rows": 1848, "rows": 16437, "runtime_s": 1.4910438058432192, "status": "ran"}
{"case_id": "topanga-burned-h47-ksat-minus-b575fde4a28c", "event_rows": 1844, "rows": 16437, "runtime_s": 1.5060926082078367, "status": "ran"}
{"case_id": "topanga-burned-h49-cover-plus-b575fde4a28c", "event_rows": 1844, "rows": 16437, "runtime_s": 1.4847215129993856, "status": "ran"}
{"case_id": "topanga-burned-h48-ksat-plus-b575fde4a28c", "event_rows": 1848, "rows": 16437, "runtime_s": 1.5058255658950657, "status": "ran"}
{"case_id": "topanga-burned-h49-cover-minus-b575fde4a28c", "event_rows": 1844, "rows": 16437, "runtime_s": 1.4616827359423041, "status": "ran"}
{"case_id": "topanga-burned-h50-ksat-plus-b575fde4a28c", "event_rows": 1834, "rows": 16437, "runtime_s": 1.4435206661000848, "status": "ran"}
{"case_id": "topanga-burned-h5-ksat-plus-b575fde4a28c", "event_rows": 1860, "rows": 16437, "runtime_s": 1.506582889938727, "status": "ran"}
{"case_id": "topanga-burned-h5-ksat-minus-b575fde4a28c", "event_rows": 1860, "rows": 16437, "runtime_s": 1.5125406719744205, "status": "ran"}
{"case_id": "topanga-burned-h50-ksat-minus-b575fde4a28c", "event_rows": 1834, "rows": 16437, "runtime_s": 1.4808681819122285, "status": "ran"}
{"case_id": "topanga-burned-h49-ksat-minus-b575fde4a28c", "event_rows": 1844, "rows": 16437, "runtime_s": 1.549616415053606, "status": "ran"}
{"case_id": "topanga-burned-h50-cover-plus-b575fde4a28c", "event_rows": 1834, "rows": 16437, "runtime_s": 1.5396278749685735, "status": "ran"}
{"case_id": "topanga-burned-h49-ksat-plus-b575fde4a28c", "event_rows": 1844, "rows": 16437, "runtime_s": 1.493855362990871, "status": "ran"}
{"case_id": "topanga-burned-h50-cover-minus-b575fde4a28c", "event_rows": 1834, "rows": 16437, "runtime_s": 1.5205788910388947, "status": "ran"}
{"case_id": "topanga-burned-h52-ksat-plus-b575fde4a28c", "event_rows": 1829, "rows": 16437, "runtime_s": 1.4157603750936687, "status": "ran"}
{"case_id": "topanga-burned-h52-cover-minus-b575fde4a28c", "event_rows": 1830, "rows": 16437, "runtime_s": 1.5009250401053578, "status": "ran"}
{"case_id": "topanga-burned-h51-ksat-minus-b575fde4a28c", "event_rows": 1850, "rows": 16437, "runtime_s": 1.5331340478733182, "status": "ran"}
{"case_id": "topanga-burned-h51-ksat-plus-b575fde4a28c", "event_rows": 1850, "rows": 16437, "runtime_s": 1.4256358060520142, "status": "ran"}
{"case_id": "topanga-burned-h51-cover-minus-b575fde4a28c", "event_rows": 1850, "rows": 16437, "runtime_s": 1.5228896180633456, "status": "ran"}
{"case_id": "topanga-burned-h52-cover-plus-b575fde4a28c", "event_rows": 1830, "rows": 16437, "runtime_s": 1.5254494468681514, "status": "ran"}
{"case_id": "topanga-burned-h52-ksat-minus-b575fde4a28c", "event_rows": 1830, "rows": 16437, "runtime_s": 1.4926549098454416, "status": "ran"}
{"case_id": "topanga-burned-h51-cover-plus-b575fde4a28c", "event_rows": 1850, "rows": 16437, "runtime_s": 1.523506361991167, "status": "ran"}
{"case_id": "topanga-burned-h54-ksat-plus-b575fde4a28c", "event_rows": 1851, "rows": 16437, "runtime_s": 1.4428390271496028, "status": "ran"}
{"case_id": "topanga-burned-h53-ksat-minus-b575fde4a28c", "event_rows": 1813, "rows": 16437, "runtime_s": 1.5077842159662396, "status": "ran"}
{"case_id": "topanga-burned-h54-cover-plus-b575fde4a28c", "event_rows": 1851, "rows": 16437, "runtime_s": 1.487388321897015, "status": "ran"}
{"case_id": "topanga-burned-h53-cover-minus-b575fde4a28c", "event_rows": 1813, "rows": 16437, "runtime_s": 1.5212660150136799, "status": "ran"}
{"case_id": "topanga-burned-h53-cover-plus-b575fde4a28c", "event_rows": 1813, "rows": 16437, "runtime_s": 1.517990458989516, "status": "ran"}
{"case_id": "topanga-burned-h54-ksat-minus-b575fde4a28c", "event_rows": 1851, "rows": 16437, "runtime_s": 1.4809783131349832, "status": "ran"}
{"case_id": "topanga-burned-h53-ksat-plus-b575fde4a28c", "event_rows": 1813, "rows": 16437, "runtime_s": 1.5129586700350046, "status": "ran"}
{"case_id": "topanga-burned-h54-cover-minus-b575fde4a28c", "event_rows": 1851, "rows": 16437, "runtime_s": 1.473380315117538, "status": "ran"}
{"case_id": "topanga-burned-h56-cover-plus-b575fde4a28c", "event_rows": 1835, "rows": 16437, "runtime_s": 1.4268897229339927, "status": "ran"}
{"case_id": "topanga-burned-h56-ksat-minus-b575fde4a28c", "event_rows": 1835, "rows": 16437, "runtime_s": 1.4662261418998241, "status": "ran"}
{"case_id": "topanga-burned-h55-cover-minus-b575fde4a28c", "event_rows": 1845, "rows": 16437, "runtime_s": 1.5228512650355697, "status": "ran"}
{"case_id": "topanga-burned-h56-cover-minus-b575fde4a28c", "event_rows": 1835, "rows": 16437, "runtime_s": 1.4877317058853805, "status": "ran"}
{"case_id": "topanga-burned-h55-ksat-plus-b575fde4a28c", "event_rows": 1845, "rows": 16437, "runtime_s": 1.560715091181919, "status": "ran"}
{"case_id": "topanga-burned-h55-cover-plus-b575fde4a28c", "event_rows": 1845, "rows": 16437, "runtime_s": 1.5322226129937917, "status": "ran"}
{"case_id": "topanga-burned-h56-ksat-plus-b575fde4a28c", "event_rows": 1835, "rows": 16437, "runtime_s": 1.465889320941642, "status": "ran"}
{"case_id": "topanga-burned-h55-ksat-minus-b575fde4a28c", "event_rows": 1845, "rows": 16437, "runtime_s": 1.5225868609268218, "status": "ran"}
{"case_id": "topanga-burned-h58-ksat-minus-b575fde4a28c", "event_rows": 1841, "rows": 16437, "runtime_s": 1.537914589047432, "status": "ran"}
{"case_id": "topanga-burned-h57-ksat-plus-b575fde4a28c", "event_rows": 1827, "rows": 16437, "runtime_s": 1.4667512900196016, "status": "ran"}
{"case_id": "topanga-burned-h57-cover-minus-b575fde4a28c", "event_rows": 1827, "rows": 16437, "runtime_s": 1.439414758933708, "status": "ran"}
{"case_id": "topanga-burned-h58-cover-plus-b575fde4a28c", "event_rows": 1840, "rows": 16437, "runtime_s": 1.4975128551013768, "status": "ran"}
{"case_id": "topanga-burned-h57-ksat-minus-b575fde4a28c", "event_rows": 1827, "rows": 16437, "runtime_s": 1.4894337099976838, "status": "ran"}
{"case_id": "topanga-burned-h58-ksat-plus-b575fde4a28c", "event_rows": 1840, "rows": 16437, "runtime_s": 1.537456605117768, "status": "ran"}
{"case_id": "topanga-burned-h58-cover-minus-b575fde4a28c", "event_rows": 1840, "rows": 16437, "runtime_s": 1.5423190428409725, "status": "ran"}
{"case_id": "topanga-burned-h57-cover-plus-b575fde4a28c", "event_rows": 1827, "rows": 16437, "runtime_s": 1.4417355118785053, "status": "ran"}
{"case_id": "topanga-burned-h60-cover-minus-b575fde4a28c", "event_rows": 1815, "rows": 16437, "runtime_s": 1.4399157739244401, "status": "ran"}
{"case_id": "topanga-burned-h59-ksat-minus-b575fde4a28c", "event_rows": 1850, "rows": 16437, "runtime_s": 1.545028021093458, "status": "ran"}
{"case_id": "topanga-burned-h59-cover-plus-b575fde4a28c", "event_rows": 1850, "rows": 16437, "runtime_s": 1.5095595768652856, "status": "ran"}
{"case_id": "topanga-burned-h6-ksat-plus-b575fde4a28c", "event_rows": 1864, "rows": 16437, "runtime_s": 1.4452498848550022, "status": "ran"}
{"case_id": "topanga-burned-h6-ksat-minus-b575fde4a28c", "event_rows": 1864, "rows": 16437, "runtime_s": 1.5069234278053045, "status": "ran"}
{"case_id": "topanga-burned-h59-ksat-plus-b575fde4a28c", "event_rows": 1850, "rows": 16437, "runtime_s": 1.5331478440202773, "status": "ran"}
{"case_id": "topanga-burned-h60-cover-plus-b575fde4a28c", "event_rows": 1815, "rows": 16437, "runtime_s": 1.5269027650356293, "status": "ran"}
{"case_id": "topanga-burned-h59-cover-minus-b575fde4a28c", "event_rows": 1850, "rows": 16437, "runtime_s": 1.5320033130701631, "status": "ran"}
{"case_id": "topanga-burned-h61-ksat-minus-b575fde4a28c", "event_rows": 1834, "rows": 16437, "runtime_s": 1.457418852020055, "status": "ran"}
{"case_id": "topanga-burned-h60-ksat-minus-b575fde4a28c", "event_rows": 1815, "rows": 16437, "runtime_s": 1.5343094000127167, "status": "ran"}
{"case_id": "topanga-burned-h61-cover-plus-b575fde4a28c", "event_rows": 1834, "rows": 16437, "runtime_s": 1.510938970837742, "status": "ran"}
{"case_id": "topanga-burned-h61-ksat-plus-b575fde4a28c", "event_rows": 1834, "rows": 16437, "runtime_s": 1.5189538260456175, "status": "ran"}
{"case_id": "topanga-burned-h60-ksat-plus-b575fde4a28c", "event_rows": 1815, "rows": 16437, "runtime_s": 1.4663430030923337, "status": "ran"}
{"case_id": "topanga-burned-h62-cover-plus-b575fde4a28c", "event_rows": 1833, "rows": 16437, "runtime_s": 1.5112813578452915, "status": "ran"}
{"case_id": "topanga-burned-h61-cover-minus-b575fde4a28c", "event_rows": 1834, "rows": 16437, "runtime_s": 1.4979345558676869, "status": "ran"}
{"case_id": "topanga-burned-h62-cover-minus-b575fde4a28c", "event_rows": 1833, "rows": 16437, "runtime_s": 1.581091222120449, "status": "ran"}
{"case_id": "topanga-burned-h62-ksat-minus-b575fde4a28c", "event_rows": 1833, "rows": 16437, "runtime_s": 1.4909366881474853, "status": "ran"}
{"case_id": "topanga-burned-h62-ksat-plus-b575fde4a28c", "event_rows": 1833, "rows": 16437, "runtime_s": 1.4824834379833192, "status": "ran"}
{"case_id": "topanga-burned-h63-ksat-plus-b575fde4a28c", "event_rows": 1839, "rows": 16437, "runtime_s": 1.5420963780488819, "status": "ran"}
{"case_id": "topanga-burned-h63-cover-minus-b575fde4a28c", "event_rows": 1839, "rows": 16437, "runtime_s": 1.5026032170280814, "status": "ran"}
{"case_id": "topanga-burned-h63-ksat-minus-b575fde4a28c", "event_rows": 1839, "rows": 16437, "runtime_s": 1.4995931941084564, "status": "ran"}
{"case_id": "topanga-burned-h64-cover-plus-b575fde4a28c", "event_rows": 1839, "rows": 16437, "runtime_s": 1.491515076952055, "status": "ran"}
{"case_id": "topanga-burned-h63-cover-plus-b575fde4a28c", "event_rows": 1839, "rows": 16437, "runtime_s": 1.5464389950502664, "status": "ran"}
{"case_id": "topanga-burned-h64-cover-minus-b575fde4a28c", "event_rows": 1839, "rows": 16437, "runtime_s": 1.55872629606165, "status": "ran"}
{"case_id": "topanga-burned-h65-cover-minus-b575fde4a28c", "event_rows": 1782, "rows": 16437, "runtime_s": 1.5034298000391573, "status": "ran"}
{"case_id": "topanga-burned-h65-cover-plus-b575fde4a28c", "event_rows": 1782, "rows": 16437, "runtime_s": 1.4687879551202059, "status": "ran"}
{"case_id": "topanga-burned-h64-ksat-plus-b575fde4a28c", "event_rows": 1839, "rows": 16437, "runtime_s": 1.4722478708717972, "status": "ran"}
{"case_id": "topanga-burned-h66-cover-plus-b575fde4a28c", "event_rows": 1814, "rows": 16437, "runtime_s": 1.5335248729679734, "status": "ran"}
{"case_id": "topanga-burned-h65-ksat-minus-b575fde4a28c", "event_rows": 1782, "rows": 16437, "runtime_s": 1.4665629640221596, "status": "ran"}
{"case_id": "topanga-burned-h64-ksat-minus-b575fde4a28c", "event_rows": 1839, "rows": 16437, "runtime_s": 1.5435398709960282, "status": "ran"}
{"case_id": "topanga-burned-h65-ksat-plus-b575fde4a28c", "event_rows": 1782, "rows": 16437, "runtime_s": 1.5121058479417115, "status": "ran"}
{"case_id": "topanga-burned-h66-cover-minus-b575fde4a28c", "event_rows": 1814, "rows": 16437, "runtime_s": 1.5547038249205798, "status": "ran"}
{"case_id": "topanga-burned-h66-ksat-minus-b575fde4a28c", "event_rows": 1814, "rows": 16437, "runtime_s": 1.4661207050085068, "status": "ran"}
{"case_id": "topanga-burned-h66-ksat-plus-b575fde4a28c", "event_rows": 1814, "rows": 16437, "runtime_s": 1.4982869289815426, "status": "ran"}
{"case_id": "topanga-burned-h68-cover-plus-b575fde4a28c", "event_rows": 1819, "rows": 16437, "runtime_s": 1.55605141306296, "status": "ran"}
{"case_id": "topanga-burned-h67-cover-minus-b575fde4a28c", "event_rows": 1846, "rows": 16437, "runtime_s": 1.5169255121145397, "status": "ran"}
{"case_id": "topanga-burned-h67-ksat-plus-b575fde4a28c", "event_rows": 1846, "rows": 16437, "runtime_s": 1.548133417032659, "status": "ran"}
{"case_id": "topanga-burned-h67-cover-plus-b575fde4a28c", "event_rows": 1846, "rows": 16437, "runtime_s": 1.533752121962607, "status": "ran"}
{"case_id": "topanga-burned-h67-ksat-minus-b575fde4a28c", "event_rows": 1846, "rows": 16437, "runtime_s": 1.5097139049321413, "status": "ran"}
{"case_id": "topanga-burned-h68-cover-minus-b575fde4a28c", "event_rows": 1819, "rows": 16437, "runtime_s": 1.5356376951094717, "status": "ran"}
"}
{"case_id": "topanga-burned-h124-ksat-minus-b575fde4a28c", "runtime_s": 0.0, "status": "reused"}
{"case_id": "topanga-burned-h124-ksat-plus-b575fde4a28c", "runtime_s": 0.0, "status": "reused"}
{"case_id": "topanga-burned-h125-cover-minus-b575fde4a28c", "runtime_s": 0.0, "status": "reused"}
{"case_id": "topanga-burned-h124-cover-plus-b575fde4a28c", "runtime_s": 0.0, "status": "reused"}
{"case_id": "topanga-burned-h125-ksat-minus-b575fde4a28c", "runtime_s": 0.0, "status": "reused"}
{"case_id": "topanga-burned-h125-cover-plus-b575fde4a28c", "runtime_s": 0.0, "status": "reused"}
{"case_id": "topanga-burned-h126-cover-minus-b575fde4a28c", "runtime_s": 0.0, "status": "reused"}
{"case_id": "topanga-burned-h125-ksat-plus-b575fde4a28c", "runtime_s": 0.0, "status": "reused"}
{"case_id": "topanga-burned-h126-ksat-minus-b575fde4a28c", "runtime_s": 0.0, "status": "reused"}
{"case_id": "topanga-burned-h126-cover-plus-b575fde4a28c", "runtime_s": 0.0, "status": "reused"}
{"case_id": "topanga-burned-h127-cover-plus-b575fde4a28c", "runtime_s": 0.0, "status": "reused"}
{"case_id": "topanga-burned-h127-cover-minus-b575fde4a28c", "runtime_s": 0.0, "status": "reused"}
{"case_id": "topanga-burned-h126-ksat-plus-b575fde4a28c", "runtime_s": 0.0, "status": "reused"}
{"case_id": "topanga-burned-h127-ksat-plus-b575fde4a28c", "runtime_s": 0.0, "status": "reused"}
{"case_id": "topanga-burned-h127-ksat-minus-b575fde4a28c", "runtime_s": 0.0, "status": "reused"}
{"case_id": "topanga-burned-h128-cover-minus-b575fde4a28c", "runtime_s": 0.0, "status": "reused"}
{"case_id": "topanga-burned-h128-cover-plus-b575fde4a28c", "runtime_s": 0.0, "status": "reused"}
{"case_id": "topanga-burned-h129-cover-plus-b575fde4a28c", "runtime_s": 0.0, "status": "reused"}
{"case_id": "topanga-burned-h129-cover-minus-b575fde4a28c", "runtime_s": 0.0, "status": "reused"}
{"case_id": "topanga-burned-h128-ksat-minus-b575fde4a28c", "runtime_s": 0.0, "status": "reused"}
{"case_id": "topanga-burned-h128-ksat-plus-b575fde4a28c", "runtime_s": 0.0, "status": "reused"}
{"case_id": "topanga-burned-h129-ksat-minus-b575fde4a28c", "runtime_s": 0.0, "status": "reused"}
{"case_id": "topanga-burned-h129-ksat-plus-b575fde4a28c", "runtime_s": 0.0, "status": "reused"}
{"case_id": "topanga-burned-h13-cover-minus-b575fde4a28c", "runtime_s": 0.0, "status": "reused"}
{"case_id": "topanga-burned-h13-cover-plus-b575fde4a28c", "runtime_s": 0.0, "status": "reused"}
{"case_id": "topanga-burned-h13-ksat-plus-b575fde4a28c", "runtime_s": 0.0, "status": "reused"}
{"case_id": "topanga-burned-h13-ksat-minus-b575fde4a28c", "runtime_s": 0.0, "status": "reused"}
{"case_id": "topanga-burned-h130-cover-minus-b575fde4a28c", "runtime_s": 0.0, "status": "reused"}
{"case_id": "topanga-burned-h130-cover-plus-b575fde4a28c", "runtime_s": 0.0, "status": "reused"}
{"case_id": "topanga-burned-h130-ksat-minus-b575fde4a28c", "runtime_s": 0.0, "status": "reused"}
{"case_id": "topanga-burned-h130-ksat-plus-b575fde4a28c", "runtime_s": 0.0, "status": "reused"}
{"case_id": "topanga-burned-h131-cover-minus-b575fde4a28c", "runtime_s": 0.0, "status": "reused"}
{"case_id": "topanga-burned-h131-cover-plus-b575fde4a28c", "runtime_s": 0.0, "status": "reused"}
{"case_id": "topanga-burned-h131-ksat-minus-b575fde4a28c", "runtime_s": 0.0, "status": "reused"}
{"case_id": "topanga-burned-h132-cover-minus-b575fde4a28c", "runtime_s": 0.0, "status": "reused"}
{"case_id": "topanga-burned-h131-ksat-plus-b575fde4a28c", "runtime_s": 0.0, "status": "reused"}
{"case_id": "topanga-burned-h132-ksat-minus-b575fde4a28c", "runtime_s": 0.0, "status": "reused"}
{"case_id": "topanga-burned-h132-cover-plus-b575fde4a28c", "runtime_s": 0.0, "status": "reused"}
{"case_id": "topanga-burned-h132-ksat-plus-b575fde4a28c", "runtime_s": 0.0, "status": "reused"}
{"case_id": "topanga-burned-h133-cover-minus-b575fde4a28c", "runtime_s": 0.0, "status": "reused"}
{"case_id": "topanga-burned-h133-ksat-minus-b575fde4a28c", "runtime_s": 0.0, "status": "reused"}
{"case_id": "topanga-burned-h133-ksat-plus-b575fde4a28c", "runtime_s": 0.0, "status": "reused"}
{"case_id": "topanga-burned-h133-cover-plus-b575fde4a28c", "runtime_s": 0.0, "status": "reused"}
{"case_id": "topanga-burned-h134-ksat-minus-b575fde4a28c", "runtime_s": 0.0, "status": "reused"}
{"case_id": "topanga-burned-h134-cover-minus-b575fde4a28c", "runtime_s": 0.0, "status": "reused"}
{"case_id": "topanga-burned-h134-ksat-plus-b575fde4a28c", "runtime_s": 0.0, "status": "reused"}
{"case_id": "topanga-burned-h134-cover-plus-b575fde4a28c", "runtime_s": 0.0, "status": "reused"}
{"case_id": "topanga-burned-h135-cover-minus-b575fde4a28c", "runtime_s": 0.0, "status": "reused"}
{"case_id": "topanga-burned-h135-cover-plus-b575fde4a28c", "runtime_s": 0.0, "status": "reused"}
{"case_id": "topanga-burned-h135-ksat-minus-b575fde4a28c", "runtime_s": 0.0, "status": "reused"}
{"case_id": "topanga-burned-h135-ksat-plus-b575fde4a28c", "runtime_s": 0.0, "status": "reused"}
{"case_id": "topanga-burned-h136-cover-minus-b575fde4a28c", "runtime_s": 0.0, "status": "reused"}
{"case_id": "topanga-burned-h137-cover-minus-b575fde4a28c", "runtime_s": 0.0, "status": "reused"}
{"case_id": "topanga-burned-h136-ksat-plus-b575fde4a28c", "runtime_s": 0.0, "status": "reused"}
{"case_id": "topanga-burned-h136-cover-plus-b575fde4a28c", "runtime_s": 0.0, "status": "reused"}
{"case_id": "topanga-burned-h136-ksat-minus-b575fde4a28c", "runtime_s": 0.0, "status": "reused"}
{"case_id": "topanga-burned-h137-cover-plus-b575fde4a28c", "runtime_s": 0.0, "status": "reused"}
{"case_id": "topanga-burned-h137-ksat-minus-b575fde4a28c", "runtime_s": 0.0, "status": "reused"}
{"case_id": "topanga-burned-h138-ksat-minus-b575fde4a28c", "runtime_s": 0.0, "status": "reused"}
{"case_id": "topanga-burned-h138-cover-minus-b575fde4a28c", "runtime_s": 0.0, "status": "reused"}
{"case_id": "topanga-burned-h137-ksat-plus-b575fde4a28c", "runtime_s": 0.0, "status": "reused"}
{"case_id": "topanga-burned-h138-cover-plus-b575fde4a28c", "runtime_s": 0.0, "status": "reused"}
{"case_id": "topanga-burned-h138-ksat-plus-b575fde4a28c", "runtime_s": 0.0, "status": "reused"}
{"case_id": "topanga-burned-h139-cover-minus-b575fde4a28c", "runtime_s": 0.0, "status": "reused"}
{"case_id": "topanga-burned-h139-ksat-minus-b575fde4a28c", "runtime_s": 0.0, "status": "reused"}
{"case_id": "topanga-burned-h139-cover-plus-b575fde4a28c", "runtime_s": 0.0, "status": "reused"}
{"case_id": "topanga-burned-h139-ksat-plus-b575fde4a28c", "runtime_s": 0.0, "status": "reused"}
{"case_id": "topanga-burned-h14-ksat-plus-b575fde4a28c", "runtime_s": 0.0, "status": "reused"}
{"case_id": "topanga-burned-h14-cover-plus-b575fde4a28c", "runtime_s": 0.0, "status": "reused"}
{"case_id": "topanga-burned-h14-cover-minus-b575fde4a28c", "runtime_s": 0.0, "status": "reused"}
{"case_id": "topanga-burned-h14-ksat-minus-b575fde4a28c", "runtime_s": 0.0, "status": "reused"}
{"case_id": "topanga-burned-h140-cover-plus-b575fde4a28c", "runtime_s": 0.0, "status": "reused"}
{"case_id": "topanga-burned-h140-cover-minus-b575fde4a28c", "runtime_s": 0.0, "status": "reused"}
{"case_id": "topanga-burned-h140-ksat-minus-b575fde4a28c", "runtime_s": 0.0, "status": "reused"}
{"case_id": "topanga-burned-h15-cover-minus-b575fde4a28c", "runtime_s": 0.0, "status": "reused"}
{"case_id": "topanga-burned-h140-ksat-plus-b575fde4a28c", "runtime_s": 0.0, "status": "reused"}
{"case_id": "topanga-burned-h15-ksat-minus-b575fde4a28c", "runtime_s": 0.0, "status": "reused"}
{"case_id": "topanga-burned-h15-cover-plus-b575fde4a28c", "runtime_s": 0.0, "status": "reused"}
{"case_id": "topanga-burned-h15-ksat-plus-b575fde4a28c", "runtime_s": 0.0, "status": "reused"}
{"case_id": "topanga-burned-h16-cover-minus-b575fde4a28c", "runtime_s": 0.0, "status": "reused"}
{"case_id": "topanga-burned-h16-cover-plus-b575fde4a28c", "runtime_s": 0.0, "status": "reused"}
{"case_id": "topanga-burned-h16-ksat-minus-b575fde4a28c", "runtime_s": 0.0, "status": "reused"}
{"case_id": "topanga-burned-h16-ksat-plus-b575fde4a28c", "runtime_s": 0.0, "status": "reused"}
{"case_id": "topanga-burned-h17-cover-minus-b575fde4a28c", "runtime_s": 0.0, "status": "reused"}
{"case_id": "topanga-burned-h17-cover-plus-b575fde4a28c", "runtime_s": 0.0, "status": "reused"}
{"case_id": "topanga-burned-h17-ksat-plus-b575fde4a28c", "runtime_s": 0.0, "status": "reused"}
{"case_id": "topanga-burned-h18-cover-minus-b575fde4a28c", "runtime_s": 0.0, "status": "reused"}
{"case_id": "topanga-burned-h17-ksat-minus-b575fde4a28c", "runtime_s": 0.0, "status": "reused"}
{"case_id": "topanga-burned-h18-cover-plus-b575fde4a28c", "runtime_s": 0.0, "status": "reused"}
{"case_id": "topanga-burned-h18-ksat-minus-b575fde4a28c", "runtime_s": 0.0, "status": "reused"}
{"case_id": "topanga-burned-h18-ksat-plus-b575fde4a28c", "runtime_s": 0.0, "status": "reused"}
{"case_id": "topanga-burned-h19-cover-minus-b575fde4a28c", "runtime_s": 0.0, "status": "reused"}
{"case_id": "topanga-burned-h19-cover-plus-b575fde4a28c", "runtime_s": 0.0, "status": "reused"}
{"case_id": "topanga-burned-h19-ksat-plus-b575fde4a28c", "runtime_s": 0.0, "status": "reused"}
{"case_id": "topanga-burned-h19-ksat-minus-b575fde4a28c", "runtime_s": 0.0, "status": "reused"}
{"case_id": "topanga-burned-h2-ksat-plus-b575fde4a28c", "runtime_s": 0.0, "status": "reused"}
{"case_id": "topanga-burned-h20-cover-minus-b575fde4a28c", "runtime_s": 0.0, "status": "reused"}
{"case_id": "topanga-burned-h2-ksat-minus-b575fde4a28c", "runtime_s": 0.0, "status": "reused"}
{"case_id": "topanga-burned-h20-cover-plus-b575fde4a28c", "runtime_s": 0.0, "status": "reused"}
{"case_id": "topanga-burned-h20-ksat-minus-b575fde4a28c", "runtime_s": 0.0, "status": "reused"}
{"case_id": "topanga-burned-h20-ksat-plus-b575fde4a28c", "runtime_s": 0.0, "status": "reused"}
{"case_id": "topanga-burned-h21-cover-minus-b575fde4a28c", "runtime_s": 0.0, "status": "reused"}
{"case_id": "topanga-burned-h21-cover-plus-b575fde4a28c", "runtime_s": 0.0, "status": "reused"}
{"case_id": "topanga-burned-h21-ksat-minus-b575fde4a28c", "runtime_s": 0.0, "status": "reused"}
{"case_id": "topanga-burned-h22-cover-minus-b575fde4a28c", "runtime_s": 0.0, "status": "reused"}
{"case_id": "topanga-burned-h22-cover-plus-b575fde4a28c", "runtime_s": 0.0, "status": "reused"}
{"case_id": "topanga-burned-h21-ksat-plus-b575fde4a28c", "runtime_s": 0.0, "status": "reused"}
{"case_id": "topanga-burned-h22-ksat-plus-b575fde4a28c", "runtime_s": 0.0, "status": "reused"}
{"case_id": "topanga-burned-h23-cover-minus-b575fde4a28c", "runtime_s": 0.0, "status": "reused"}
{"case_id": "topanga-burned-h22-ksat-minus-b575fde4a28c", "runtime_s": 0.0, "status": "reused"}
{"case_id": "topanga-burned-h23-ksat-plus-b575fde4a28c", "runtime_s": 0.0, "status": "reused"}
{"case_id": "topanga-burned-h23-cover-plus-b575fde4a28c", "runtime_s": 0.0, "status": "reused"}
{"case_id": "topanga-burned-h23-ksat-minus-b575fde4a28c", "runtime_s": 0.0, "status": "reused"}
{"case_id": "topanga-burned-h24-cover-minus-b575fde4a28c", "runtime_s": 0.0, "status": "reused"}
{"case_id": "topanga-burned-h24-cover-plus-b575fde4a28c", "runtime_s": 0.0, "status": "reused"}
{"case_id": "topanga-burned-h24-ksat-plus-b575fde4a28c", "runtime_s": 0.0, "status": "reused"}
{"case_id": "topanga-burned-h25-cover-minus-b575fde4a28c", "runtime_s": 0.0, "status": "reused"}
{"case_id": "topanga-burned-h25-cover-plus-b575fde4a28c", "runtime_s": 0.0, "status": "reused"}
{"case_id": "topanga-burned-h25-ksat-plus-b575fde4a28c", "runtime_s": 0.0, "status": "reused"}
{"case_id": "topanga-burned-h24-ksat-minus-b575fde4a28c", "runtime_s": 0.0, "status": "reused"}
{"case_id": "topanga-burned-h25-ksat-minus-b575fde4a28c", "runtime_s": 0.0, "status": "reused"}
{"case_id": "topanga-burned-h26-cover-minus-b575fde4a28c", "runtime_s": 0.0, "status": "reused"}
{"case_id": "topanga-burned-h26-cover-plus-b575fde4a28c", "runtime_s": 0.0, "status": "reused"}
{"case_id": "topanga-burned-h26-ksat-minus-b575fde4a28c", "runtime_s": 0.0, "status": "reused"}
{"case_id": "topanga-burned-h26-ksat-plus-b575fde4a28c", "runtime_s": 0.0, "status": "reused"}
{"case_id": "topanga-burned-h27-cover-minus-b575fde4a28c", "runtime_s": 0.0, "status": "reused"}
{"case_id": "topanga-burned-h27-cover-plus-b575fde4a28c", "runtime_s": 0.0, "status": "reused"}
{"case_id": "topanga-burned-h27-ksat-minus-b575fde4a28c", "runtime_s": 0.0, "status": "reused"}
{"case_id": "topanga-burned-h28-cover-plus-b575fde4a28c", "runtime_s": 0.0, "status": "reused"}
{"case_id": "topanga-burned-h27-ksat-plus-b575fde4a28c", "runtime_s": 0.0, "status": "reused"}
{"case_id": "topanga-burned-h28-cover-minus-b575fde4a28c", "runtime_s": 0.0, "status": "reused"}
{"case_id": "topanga-burned-h28-ksat-minus-b575fde4a28c", "runtime_s": 0.0, "status": "reused"}
{"case_id": "topanga-burned-h28-ksat-plus-b575fde4a28c", "runtime_s": 0.0, "status": "reused"}
{"case_id": "topanga-burned-h29-cover-minus-b575fde4a28c", "runtime_s": 0.0, "status": "reused"}
{"case_id": "topanga-burned-h3-ksat-minus-b575fde4a28c", "runtime_s": 0.0, "status": "reused"}
{"case_id": "topanga-burned-h29-cover-plus-b575fde4a28c", "runtime_s": 0.0, "status": "reused"}
{"case_id": "topanga-burned-h29-ksat-plus-b575fde4a28c", "runtime_s": 0.0, "status": "reused"}
{"case_id": "topanga-burned-h29-ksat-minus-b575fde4a28c", "runtime_s": 0.0, "status": "reused"}
{"case_id": "topanga-burned-h3-ksat-plus-b575fde4a28c", "runtime_s": 0.0, "status": "reused"}
{"case_id": "topanga-burned-h30-ksat-minus-b575fde4a28c", "runtime_s": 0.0, "status": "reused"}
{"case_id": "topanga-burned-h30-cover-minus-b575fde4a28c", "runtime_s": 0.0, "status": "reused"}
{"case_id": "topanga-burned-h30-cover-plus-b575fde4a28c", "runtime_s": 0.0, "status": "reused"}
{"case_id": "topanga-burned-h31-cover-minus-b575fde4a28c", "runtime_s": 0.0, "status": "reused"}
{"case_id": "topanga-burned-h30-ksat-plus-b575fde4a28c", "runtime_s": 0.0, "status": "reused"}
{"case_id": "topanga-burned-h31-cover-plus-b575fde4a28c", "runtime_s": 0.0, "status": "reused"}
{"case_id": "topanga-burned-h31-ksat-minus-b575fde4a28c", "runtime_s": 0.0, "status": "reused"}
{"case_id": "topanga-burned-h31-ksat-plus-b575fde4a28c", "runtime_s": 0.0, "status": "reused"}
{"case_id": "topanga-burned-h32-ksat-minus-b575fde4a28c", "runtime_s": 0.0, "status": "reused"}
{"case_id": "topanga-burned-h32-cover-plus-b575fde4a28c", "runtime_s": 0.0, "status": "reused"}
{"case_id": "topanga-burned-h32-cover-minus-b575fde4a28c", "runtime_s": 0.0, "status": "reused"}
{"case_id": "topanga-burned-h32-ksat-plus-b575fde4a28c", "runtime_s": 0.0, "status": "reused"}
{"case_id": "topanga-burned-h33-ksat-minus-b575fde4a28c", "runtime_s": 0.0, "status": "reused"}
{"case_id": "topanga-burned-h33-cover-minus-b575fde4a28c", "runtime_s": 0.0, "status": "reused"}
{"case_id": "topanga-burned-h33-ksat-plus-b575fde4a28c", "runtime_s": 0.0, "status": "reused"}
{"case_id": "topanga-burned-h34-cover-minus-b575fde4a28c", "runtime_s": 0.0, "status": "reused"}
{"case_id": "topanga-burned-h33-cover-plus-b575fde4a28c", "runtime_s": 0.0, "status": "reused"}
{"case_id": "topanga-burned-h34-ksat-minus-b575fde4a28c", "runtime_s": 0.0, "status": "reused"}
{"case_id": "topanga-burned-h34-cover-plus-b575fde4a28c", "runtime_s": 0.0, "status": "reused"}
{"case_id": "topanga-burned-h34-ksat-plus-b575fde4a28c", "runtime_s": 0.0, "status": "reused"}
{"case_id": "topanga-burned-h35-ksat-minus-b575fde4a28c", "runtime_s": 0.0, "status": "reused"}
{"case_id": "topanga-burned-h35-ksat-plus-b575fde4a28c", "runtime_s": 0.0, "status": "reused"}
{"case_id": "topanga-burned-h35-cover-minus-b575fde4a28c", "runtime_s": 0.0, "status": "reused"}
{"case_id": "topanga-burned-h35-cover-plus-b575fde4a28c", "runtime_s": 0.0, "status": "reused"}
{"case_id": "topanga-burned-h36-ksat-minus-b575fde4a28c", "runtime_s": 0.0, "status": "reused"}
{"case_id": "topanga-burned-h36-cover-plus-b575fde4a28c", "runtime_s": 0.0, "status": "reused"}
{"case_id": "topanga-burned-h36-cover-minus-b575fde4a28c", "runtime_s": 0.0, "status": "reused"}
{"case_id": "topanga-burned-h36-ksat-plus-b575fde4a28c", "runtime_s": 0.0, "status": "reused"}
{"case_id": "topanga-burned-h37-cover-minus-b575fde4a28c", "runtime_s": 0.0, "status": "reused"}
{"case_id": "topanga-burned-h37-ksat-plus-b575fde4a28c", "runtime_s": 0.0, "status": "reused"}
{"case_id": "topanga-burned-h38-ksat-minus-b575fde4a28c", "runtime_s": 0.0, "status": "reused"}
{"case_id": "topanga-burned-h37-cover-plus-b575fde4a28c", "runtime_s": 0.0, "status": "reused"}
{"case_id": "topanga-burned-h38-cover-minus-b575fde4a28c", "runtime_s": 0.0, "status": "reused"}
{"case_id": "topanga-burned-h38-cover-plus-b575fde4a28c", "runtime_s": 0.0, "status": "reused"}
{"case_id": "topanga-burned-h37-ksat-minus-b575fde4a28c", "runtime_s": 0.0, "status": "reused"}
{"case_id": "topanga-burned-h38-ksat-plus-b575fde4a28c", "runtime_s": 0.0, "status": "reused"}
{"case_id": "topanga-burned-h39-cover-minus-b575fde4a28c", "runtime_s": 0.0, "status": "reused"}
{"case_id": "topanga-burned-h39-cover-plus-b575fde4a28c", "runtime_s": 0.0, "status": "reused"}
{"case_id": "topanga-burned-h39-ksat-plus-b575fde4a28c", "runtime_s": 0.0, "status": "reused"}
{"case_id": "topanga-burned-h39-ksat-minus-b575fde4a28c", "runtime_s": 0.0, "status": "reused"}
{"case_id": "topanga-burned-h4-ksat-minus-b575fde4a28c", "runtime_s": 0.0, "status": "reused"}
{"case_id": "topanga-burned-h4-ksat-plus-b575fde4a28c", "runtime_s": 0.0, "status": "reused"}
{"case_id": "topanga-burned-h40-cover-minus-b575fde4a28c", "runtime_s": 0.0, "status": "reused"}
{"case_id": "topanga-burned-h40-cover-plus-b575fde4a28c", "runtime_s": 0.0, "status": "reused"}
{"case_id": "topanga-burned-h40-ksat-minus-b575fde4a28c", "runtime_s": 0.0, "status": "reused"}
{"case_id": "topanga-burned-h40-ksat-plus-b575fde4a28c", "runtime_s": 0.0, "status": "reused"}
{"case_id": "topanga-burned-h41-cover-minus-b575fde4a28c", "runtime_s": 0.0, "status": "reused"}
{"case_id": "topanga-burned-h41-ksat-minus-b575fde4a28c", "runtime_s": 0.0, "status": "reused"}
{"case_id": "topanga-burned-h41-ksat-plus-b575fde4a28c", "runtime_s": 0.0, "status": "reused"}
{"case_id": "topanga-burned-h42-ksat-minus-b575fde4a28c", "runtime_s": 0.0, "status": "reused"}
{"case_id": "topanga-burned-h42-cover-minus-b575fde4a28c", "runtime_s": 0.0, "status": "reused"}
{"case_id": "topanga-burned-h41-cover-plus-b575fde4a28c", "runtime_s": 0.0, "status": "reused"}
{"case_id": "topanga-burned-h42-ksat-plus-b575fde4a28c", "runtime_s": 0.0, "status": "reused"}
{"case_id": "topanga-burned-h42-cover-plus-b575fde4a28c", "runtime_s": 0.0, "status": "reused"}
{"case_id": "topanga-burned-h43-cover-minus-b575fde4a28c", "runtime_s": 0.0, "status": "reused"}
{"case_id": "topanga-burned-h43-cover-plus-b575fde4a28c", "runtime_s": 0.0, "status": "reused"}
{"case_id": "topanga-burned-h44-ksat-minus-b575fde4a28c", "runtime_s": 0.0, "status": "reused"}
{"case_id": "topanga-burned-h44-cover-plus-b575fde4a28c", "runtime_s": 0.0, "status": "reused"}
{"case_id": "topanga-burned-h44-cover-minus-b575fde4a28c", "runtime_s": 0.0, "status": "reused"}
{"case_id": "topanga-burned-h43-ksat-minus-b575fde4a28c", "runtime_s": 0.0, "status": "reused"}
{"case_id": "topanga-burned-h44-ksat-plus-b575fde4a28c", "runtime_s": 0.0, "status": "reused"}
{"case_id": "topanga-burned-h43-ksat-plus-b575fde4a28c", "runtime_s": 0.0, "status": "reused"}
{"case_id": "topanga-burned-h45-cover-minus-b575fde4a28c", "runtime_s": 0.0, "status": "reused"}
{"case_id": "topanga-burned-h45-ksat-minus-b575fde4a28c", "runtime_s": 0.0, "status": "reused"}
{"case_id": "topanga-burned-h45-cover-plus-b575fde4a28c", "runtime_s": 0.0, "status": "reused"}
{"case_id": "topanga-burned-h45-ksat-plus-b575fde4a28c", "runtime_s": 0.0, "status": "reused"}
{"case_id": "topanga-burned-h46-ksat-minus-b575fde4a28c", "runtime_s": 0.0, "status": "reused"}
{"case_id": "topanga-burned-h46-cover-plus-b575fde4a28c", "runtime_s": 0.0, "status": "reused"}
{"case_id": "topanga-burned-h46-cover-minus-b575fde4a28c", "runtime_s": 0.0, "status": "reused"}
{"case_id": "topanga-burned-h46-ksat-plus-b575fde4a28c", "runtime_s": 0.0, "status": "reused"}
{"case_id": "topanga-burned-h47-cover-plus-b575fde4a28c", "runtime_s": 0.0, "status": "reused"}
{"case_id": "topanga-burned-h47-ksat-minus-b575fde4a28c", "runtime_s": 0.0, "status": "reused"}
{"case_id": "topanga-burned-h47-cover-minus-b575fde4a28c", "runtime_s": 0.0, "status": "reused"}
{"case_id": "topanga-burned-h48-cover-minus-b575fde4a28c", "runtime_s": 0.0, "status": "reused"}
{"case_id": "topanga-burned-h47-ksat-plus-b575fde4a28c", "runtime_s": 0.0, "status": "reused"}
{"case_id": "topanga-burned-h48-ksat-minus-b575fde4a28c", "runtime_s": 0.0, "status": "reused"}
{"case_id": "topanga-burned-h49-cover-minus-b575fde4a28c", "runtime_s": 0.0, "status": "reused"}
{"case_id": "topanga-burned-h48-cover-plus-b575fde4a28c", "runtime_s": 0.0, "status": "reused"}
{"case_id": "topanga-burned-h48-ksat-plus-b575fde4a28c", "runtime_s": 0.0, "status": "reused"}
{"case_id": "topanga-burned-h49-cover-plus-b575fde4a28c", "runtime_s": 0.0, "status": "reused"}
{"case_id": "topanga-burned-h49-ksat-minus-b575fde4a28c", "runtime_s": 0.0, "status": "reused"}
{"case_id": "topanga-burned-h49-ksat-plus-b575fde4a28c", "runtime_s": 0.0, "status": "reused"}
{"case_id": "topanga-burned-h5-ksat-plus-b575fde4a28c", "runtime_s": 0.0, "status": "reused"}
{"case_id": "topanga-burned-h50-cover-plus-b575fde4a28c", "runtime_s": 0.0, "status": "reused"}
{"case_id": "topanga-burned-h5-ksat-minus-b575fde4a28c", "runtime_s": 0.0, "status": "reused"}
{"case_id": "topanga-burned-h50-cover-minus-b575fde4a28c", "runtime_s": 0.0, "status": "reused"}
{"case_id": "topanga-burned-h50-ksat-minus-b575fde4a28c", "runtime_s": 0.0, "status": "reused"}
{"case_id": "topanga-burned-h51-cover-minus-b575fde4a28c", "runtime_s": 0.0, "status": "reused"}
{"case_id": "topanga-burned-h50-ksat-plus-b575fde4a28c", "runtime_s": 0.0, "status": "reused"}
{"case_id": "topanga-burned-h51-cover-plus-b575fde4a28c", "runtime_s": 0.0, "status": "reused"}
{"case_id": "topanga-burned-h52-cover-minus-b575fde4a28c", "runtime_s": 0.0, "status": "reused"}
{"case_id": "topanga-burned-h51-ksat-minus-b575fde4a28c", "runtime_s": 0.0, "status": "reused"}
{"case_id": "topanga-burned-h52-cover-plus-b575fde4a28c", "runtime_s": 0.0, "status": "reused"}
{"case_id": "topanga-burned-h51-ksat-plus-b575fde4a28c", "runtime_s": 0.0, "status": "reused"}
{"case_id": "topanga-burned-h52-ksat-minus-b575fde4a28c", "runtime_s": 0.0, "status": "reused"}
{"case_id": "topanga-burned-h52-ksat-plus-b575fde4a28c", "runtime_s": 0.0, "status": "reused"}
{"case_id": "topanga-burned-h53-cover-minus-b575fde4a28c", "runtime_s": 0.0, "status": "reused"}
{"case_id": "topanga-burned-h53-cover-plus-b575fde4a28c", "runtime_s": 0.0, "status": "reused"}
{"case_id": "topanga-burned-h53-ksat-minus-b575fde4a28c", "runtime_s": 0.0, "status": "reused"}
{"case_id": "topanga-burned-h53-ksat-plus-b575fde4a28c", "runtime_s": 0.0, "status": "reused"}
{"case_id": "topanga-burned-h54-cover-plus-b575fde4a28c", "runtime_s": 0.0, "status": "reused"}
{"case_id": "topanga-burned-h54-cover-minus-b575fde4a28c", "runtime_s": 0.0, "status": "reused"}
{"case_id": "topanga-burned-h54-ksat-plus-b575fde4a28c", "runtime_s": 0.0, "status": "reused"}
{"case_id": "topanga-burned-h54-ksat-minus-b575fde4a28c", "runtime_s": 0.0, "status": "reused"}
{"case_id": "topanga-burned-h55-cover-minus-b575fde4a28c", "runtime_s": 0.0, "status": "reused"}
{"case_id": "topanga-burned-h55-ksat-minus-b575fde4a28c", "runtime_s": 0.0, "status": "reused"}
{"case_id": "topanga-burned-h55-ksat-plus-b575fde4a28c", "runtime_s": 0.0, "status": "reused"}
{"case_id": "topanga-burned-h55-cover-plus-b575fde4a28c", "runtime_s": 0.0, "status": "reused"}
{"case_id": "topanga-burned-h56-cover-plus-b575fde4a28c", "runtime_s": 0.0, "status": "reused"}
{"case_id": "topanga-burned-h56-ksat-minus-b575fde4a28c", "runtime_s": 0.0, "status": "reused"}
{"case_id": "topanga-burned-h56-cover-minus-b575fde4a28c", "runtime_s": 0.0, "status": "reused"}
{"case_id": "topanga-burned-h56-ksat-plus-b575fde4a28c", "runtime_s": 0.0, "status": "reused"}
{"case_id": "topanga-burned-h57-cover-minus-b575fde4a28c", "runtime_s": 0.0, "status": "reused"}
{"case_id": "topanga-burned-h57-ksat-plus-b575fde4a28c", "runtime_s": 0.0, "status": "reused"}
{"case_id": "topanga-burned-h57-ksat-minus-b575fde4a28c", "runtime_s": 0.0, "status": "reused"}
{"case_id": "topanga-burned-h57-cover-plus-b575fde4a28c", "runtime_s": 0.0, "status": "reused"}
{"case_id": "topanga-burned-h58-cover-minus-b575fde4a28c", "runtime_s": 0.0, "status": "reused"}
{"case_id": "topanga-burned-h58-ksat-minus-b575fde4a28c", "runtime_s": 0.0, "status": "reused"}
{"case_id": "topanga-burned-h58-cover-plus-b575fde4a28c", "runtime_s": 0.0, "status": "reused"}
{"case_id": "topanga-burned-h59-cover-minus-b575fde4a28c", "runtime_s": 0.0, "status": "reused"}
{"case_id": "topanga-burned-h58-ksat-plus-b575fde4a28c", "runtime_s": 0.0, "status": "reused"}
{"case_id": "topanga-burned-h59-cover-plus-b575fde4a28c", "runtime_s": 0.0, "status": "reused"}
{"case_id": "topanga-burned-h59-ksat-plus-b575fde4a28c", "runtime_s": 0.0, "status": "reused"}
{"case_id": "topanga-burned-h59-ksat-minus-b575fde4a28c", "runtime_s": 0.0, "status": "reused"}
{"case_id": "topanga-burned-h6-ksat-minus-b575fde4a28c", "runtime_s": 0.0, "status": "reused"}
{"case_id": "topanga-burned-h60-cover-minus-b575fde4a28c", "runtime_s": 0.0, "status": "reused"}
{"case_id": "topanga-burned-h6-ksat-plus-b575fde4a28c", "runtime_s": 0.0, "status": "reused"}
{"case_id": "topanga-burned-h60-cover-plus-b575fde4a28c", "runtime_s": 0.0, "status": "reused"}
{"case_id": "topanga-burned-h60-ksat-minus-b575fde4a28c", "runtime_s": 0.0, "status": "reused"}
{"case_id": "topanga-burned-h60-ksat-plus-b575fde4a28c", "runtime_s": 0.0, "status": "reused"}
{"case_id": "topanga-burned-h61-cover-minus-b575fde4a28c", "runtime_s": 0.0, "status": "reused"}
{"case_id": "topanga-burned-h61-cover-plus-b575fde4a28c", "runtime_s": 0.0, "status": "reused"}
{"case_id": "topanga-burned-h61-ksat-plus-b575fde4a28c", "runtime_s": 0.0, "status": "reused"}
{"case_id": "topanga-burned-h61-ksat-minus-b575fde4a28c", "runtime_s": 0.0, "status": "reused"}
{"case_id": "topanga-burned-h62-cover-plus-b575fde4a28c", "runtime_s": 0.0, "status": "reused"}
{"case_id": "topanga-burned-h62-cover-minus-b575fde4a28c", "runtime_s": 0.0, "status": "reused"}
{"case_id": "topanga-burned-h63-cover-minus-b575fde4a28c", "runtime_s": 0.0, "status": "reused"}
{"case_id": "topanga-burned-h62-ksat-minus-b575fde4a28c", "runtime_s": 0.0, "status": "reused"}
{"case_id": "topanga-burned-h63-cover-plus-b575fde4a28c", "runtime_s": 0.0, "status": "reused"}
{"case_id": "topanga-burned-h63-ksat-plus-b575fde4a28c", "runtime_s": 0.0, "status": "reused"}
{"case_id": "topanga-burned-h62-ksat-plus-b575fde4a28c", "runtime_s": 0.0, "status": "reused"}
{"case_id": "topanga-burned-h64-cover-minus-b575fde4a28c", "runtime_s": 0.0, "status": "reused"}
{"case_id": "topanga-burned-h63-ksat-minus-b575fde4a28c", "runtime_s": 0.0, "status": "reused"}
{"case_id": "topanga-burned-h64-cover-plus-b575fde4a28c", "runtime_s": 0.0, "status": "reused"}
{"case_id": "topanga-burned-h64-ksat-minus-b575fde4a28c", "runtime_s": 0.0, "status": "reused"}
{"case_id": "topanga-burned-h64-ksat-plus-b575fde4a28c", "runtime_s": 0.0, "status": "reused"}
{"case_id": "topanga-burned-h65-cover-minus-b575fde4a28c", "runtime_s": 0.0, "status": "reused"}
{"case_id": "topanga-burned-h65-cover-plus-b575fde4a28c", "runtime_s": 0.0, "status": "reused"}
{"case_id": "topanga-burned-h65-ksat-minus-b575fde4a28c", "runtime_s": 0.0, "status": "reused"}
{"case_id": "topanga-burned-h66-cover-minus-b575fde4a28c", "runtime_s": 0.0, "status": "reused"}
{"case_id": "topanga-burned-h65-ksat-plus-b575fde4a28c", "runtime_s": 0.0, "status": "reused"}
{"case_id": "topanga-burned-h66-cover-plus-b575fde4a28c", "runtime_s": 0.0, "status": "reused"}
{"case_id": "topanga-burned-h66-ksat-minus-b575fde4a28c", "runtime_s": 0.0, "status": "reused"}
{"case_id": "topanga-burned-h67-cover-plus-b575fde4a28c", "runtime_s": 0.0, "status": "reused"}
{"case_id": "topanga-burned-h66-ksat-plus-b575fde4a28c", "runtime_s": 0.0, "status": "reused"}
{"case_id": "topanga-burned-h67-cover-minus-b575fde4a28c", "runtime_s": 0.0, "status": "reused"}
{"case_id": "topanga-burned-h67-ksat-minus-b575fde4a28c", "runtime_s": 0.0, "status": "reused"}
{"case_id": "topanga-burned-h67-ksat-plus-b575fde4a28c", "runtime_s": 0.0, "status": "reused"}
{"case_id": "topanga-burned-h68-cover-minus-b575fde4a28c", "runtime_s": 0.0, "status": "reused"}
{"case_id": "topanga-burned-h68-cover-plus-b575fde4a28c", "runtime_s": 0.0, "status": "reused"}
__COMMAND_EXIT:1
__COMMAND_DURATION_SECONDS:241
__COMMAND_START_TS:1786317107
__COMMAND_END_TS:1786317348
{"case_id": "topanga-burned-h7-cover-plus-b575fde4a28c", "event_rows": 1829, "rows": 16437, "runtime_s": 1.4869909819681197, "status": "ran"}
{"case_id": "topanga-burned-h68-ksat-minus-b575fde4a28c", "event_rows": 1819, "rows": 16437, "runtime_s": 1.513470557052642, "status": "ran"}
{"case_id": "topanga-burned-h69-cover-minus-b575fde4a28c", "event_rows": 1854, "rows": 16437, "runtime_s": 1.4971652179956436, "status": "ran"}
{"case_id": "topanga-burned-h69-cover-plus-b575fde4a28c", "event_rows": 1854, "rows": 16437, "runtime_s": 1.5356400890741497, "status": "ran"}
{"case_id": "topanga-burned-h68-ksat-plus-b575fde4a28c", "event_rows": 1819, "rows": 16437, "runtime_s": 1.5025906760711223, "status": "ran"}
{"case_id": "topanga-burned-h7-cover-minus-b575fde4a28c", "event_rows": 1829, "rows": 16437, "runtime_s": 1.487487125908956, "status": "ran"}
{"case_id": "topanga-burned-h69-ksat-minus-b575fde4a28c", "event_rows": 1854, "rows": 16437, "runtime_s": 1.4979694420471787, "status": "ran"}
{"case_id": "topanga-burned-h69-ksat-plus-b575fde4a28c", "event_rows": 1853, "rows": 16437, "runtime_s": 1.5133821899071336, "status": "ran"}
{"case_id": "topanga-burned-h7-ksat-minus-b575fde4a28c", "runtime_s": 0.0, "status": "reused"}
{"case_id": "topanga-burned-h70-ksat-plus-b575fde4a28c", "event_rows": 1803, "rows": 16437, "runtime_s": 1.40423647291027, "status": "ran"}
{"case_id": "topanga-burned-h70-cover-minus-b575fde4a28c", "event_rows": 1804, "rows": 16437, "runtime_s": 1.450439466862008, "status": "ran"}
{"case_id": "topanga-burned-h71-cover-plus-b575fde4a28c", "event_rows": 1837, "rows": 16437, "runtime_s": 1.4904208949301392, "status": "ran"}
{"case_id": "topanga-burned-h70-cover-plus-b575fde4a28c", "event_rows": 1804, "rows": 16437, "runtime_s": 1.4892121190205216, "status": "ran"}
{"case_id": "topanga-burned-h7-ksat-plus-b575fde4a28c", "event_rows": 1829, "rows": 16437, "runtime_s": 1.4924180461093783, "status": "ran"}
{"case_id": "topanga-burned-h70-ksat-minus-b575fde4a28c", "event_rows": 1804, "rows": 16437, "runtime_s": 1.4539757680613548, "status": "ran"}
{"case_id": "topanga-burned-h71-cover-minus-b575fde4a28c", "event_rows": 1837, "rows": 16437, "runtime_s": 1.4676120751537383, "status": "ran"}
{"case_id": "topanga-burned-h71-ksat-minus-b575fde4a28c", "event_rows": 1837, "rows": 16437, "runtime_s": 1.485447381157428, "status": "ran"}
{"case_id": "topanga-burned-h72-ksat-plus-b575fde4a28c", "event_rows": 1852, "rows": 16437, "runtime_s": 1.4361706729978323, "status": "ran"}
{"case_id": "topanga-burned-h72-cover-plus-b575fde4a28c", "event_rows": 1852, "rows": 16437, "runtime_s": 1.4954473269172013, "status": "ran"}
{"case_id": "topanga-burned-h73-cover-plus-b575fde4a28c", "event_rows": 1805, "rows": 16437, "runtime_s": 1.4795030900277197, "status": "ran"}
{"case_id": "topanga-burned-h71-ksat-plus-b575fde4a28c", "event_rows": 1837, "rows": 16437, "runtime_s": 1.4866683550644666, "status": "ran"}
{"case_id": "topanga-burned-h73-cover-minus-b575fde4a28c", "event_rows": 1805, "rows": 16437, "runtime_s": 1.5265718579757959, "status": "ran"}
{"case_id": "topanga-burned-h72-cover-minus-b575fde4a28c", "event_rows": 1852, "rows": 16437, "runtime_s": 1.4768478299956769, "status": "ran"}
{"case_id": "topanga-burned-h72-ksat-minus-b575fde4a28c", "event_rows": 1852, "rows": 16437, "runtime_s": 1.475201995112002, "status": "ran"}
{"case_id": "topanga-burned-h73-ksat-minus-b575fde4a28c", "event_rows": 1805, "rows": 16437, "runtime_s": 1.525845553027466, "status": "ran"}
{"case_id": "topanga-burned-h74-cover-plus-b575fde4a28c", "event_rows": 1813, "rows": 16437, "runtime_s": 1.407003829954192, "status": "ran"}
{"case_id": "topanga-burned-h74-cover-minus-b575fde4a28c", "event_rows": 1813, "rows": 16437, "runtime_s": 1.4726168338675052, "status": "ran"}
{"case_id": "topanga-burned-h73-ksat-plus-b575fde4a28c", "event_rows": 1805, "rows": 16437, "runtime_s": 1.5132025599014014, "status": "ran"}
{"case_id": "topanga-burned-h75-ksat-minus-b575fde4a28c", "event_rows": 1822, "rows": 16437, "runtime_s": 1.56601846893318, "status": "ran"}
{"case_id": "topanga-burned-h74-ksat-plus-b575fde4a28c", "event_rows": 1812, "rows": 16437, "runtime_s": 1.5751928449608386, "status": "ran"}
{"case_id": "topanga-burned-h75-cover-plus-b575fde4a28c", "event_rows": 1821, "rows": 16437, "runtime_s": 1.5673670370597392, "status": "ran"}
{"case_id": "topanga-burned-h75-cover-minus-b575fde4a28c", "event_rows": 1821, "rows": 16437, "runtime_s": 1.573027511127293, "status": "ran"}
{"case_id": "topanga-burned-h74-ksat-minus-b575fde4a28c", "event_rows": 1813, "rows": 16437, "runtime_s": 1.5757146480027586, "status": "ran"}
{"case_id": "topanga-burned-h76-cover-minus-b575fde4a28c", "event_rows": 1810, "rows": 16437, "runtime_s": 1.3975451439619064, "status": "ran"}
{"case_id": "topanga-burned-h76-ksat-minus-b575fde4a28c", "event_rows": 1810, "rows": 16437, "runtime_s": 1.43894292996265, "status": "ran"}
{"case_id": "topanga-burned-h77-ksat-minus-b575fde4a28c", "event_rows": 1861, "rows": 16437, "runtime_s": 1.4408522059675306, "status": "ran"}
{"case_id": "topanga-burned-h76-cover-plus-b575fde4a28c", "event_rows": 1810, "rows": 16437, "runtime_s": 1.4749763479921967, "status": "ran"}
{"case_id": "topanga-burned-h76-ksat-plus-b575fde4a28c", "event_rows": 1810, "rows": 16437, "runtime_s": 1.4666913780383766, "status": "ran"}
{"case_id": "topanga-burned-h77-cover-plus-b575fde4a28c", "event_rows": 1861, "rows": 16437, "runtime_s": 1.4635985579807311, "status": "ran"}
{"case_id": "topanga-burned-h75-ksat-plus-b575fde4a28c", "event_rows": 1821, "rows": 16437, "runtime_s": 1.4400224660057575, "status": "ran"}
{"case_id": "topanga-burned-h77-cover-minus-b575fde4a28c", "event_rows": 1861, "rows": 16437, "runtime_s": 1.447774170897901, "status": "ran"}
{"case_id": "topanga-burned-h77-ksat-plus-b575fde4a28c", "event_rows": 1861, "rows": 16437, "runtime_s": 1.4509058820549399, "status": "ran"}
{"case_id": "topanga-burned-h78-ksat-plus-b575fde4a28c", "event_rows": 1793, "rows": 16437, "runtime_s": 1.4791342271491885, "status": "ran"}
{"case_id": "topanga-burned-h78-cover-minus-b575fde4a28c", "event_rows": 1794, "rows": 16437, "runtime_s": 1.4766959899570793, "status": "ran"}
{"case_id": "topanga-burned-h78-ksat-minus-b575fde4a28c", "event_rows": 1795, "rows": 16437, "runtime_s": 1.4757086019963026, "status": "ran"}
{"case_id": "topanga-burned-h78-cover-plus-b575fde4a28c", "event_rows": 1794, "rows": 16437, "runtime_s": 1.4972723149694502, "status": "ran"}
{"case_id": "topanga-burned-h79-cover-minus-b575fde4a28c", "event_rows": 1891, "rows": 16437, "runtime_s": 2.06743650813587, "status": "ran"}
{"case_id": "topanga-burned-h79-ksat-minus-b575fde4a28c", "event_rows": 1892, "rows": 16437, "runtime_s": 2.048175564967096, "status": "ran"}
{"case_id": "topanga-burned-h79-cover-plus-b575fde4a28c", "event_rows": 1891, "rows": 16437, "runtime_s": 2.121940421871841, "status": "ran"}
{"case_id": "topanga-burned-h8-cover-minus-b575fde4a28c", "event_rows": 1844, "rows": 16437, "runtime_s": 1.4420688608661294, "status": "ran"}
{"case_id": "topanga-burned-h80-cover-plus-b575fde4a28c", "event_rows": 1816, "rows": 16437, "runtime_s": 1.5142429720144719, "status": "ran"}
{"case_id": "topanga-burned-h8-ksat-plus-b575fde4a28c", "event_rows": 1844, "rows": 16437, "runtime_s": 1.4722305140458047, "status": "ran"}
{"case_id": "topanga-burned-h80-cover-minus-b575fde4a28c", "event_rows": 1816, "rows": 16437, "runtime_s": 1.5161421890370548, "status": "ran"}
{"case_id": "topanga-burned-h8-ksat-minus-b575fde4a28c", "event_rows": 1844, "rows": 16437, "runtime_s": 1.5065559800714254, "status": "ran"}
{"case_id": "topanga-burned-h8-cover-plus-b575fde4a28c", "event_rows": 1844, "rows": 16437, "runtime_s": 1.5212057610042393, "status": "ran"}
{"case_id": "topanga-burned-h79-ksat-plus-b575fde4a28c", "event_rows": 1891, "rows": 16437, "runtime_s": 1.614377368008718, "status": "ran"}
{"case_id": "topanga-burned-h80-ksat-minus-b575fde4a28c", "event_rows": 1817, "rows": 16437, "runtime_s": 1.5014665119815618, "status": "ran"}
{"case_id": "topanga-burned-h81-cover-plus-b575fde4a28c", "event_rows": 1819, "rows": 16437, "runtime_s": 1.4462538610678166, "status": "ran"}
{"case_id": "topanga-burned-h80-ksat-plus-b575fde4a28c", "event_rows": 1814, "rows": 16437, "runtime_s": 1.5281398370862007, "status": "ran"}
{"case_id": "topanga-burned-h82-cover-minus-b575fde4a28c", "event_rows": 1825, "rows": 16437, "runtime_s": 1.5118259170558304, "status": "ran"}
{"case_id": "topanga-burned-h81-ksat-plus-b575fde4a28c", "event_rows": 1818, "rows": 16437, "runtime_s": 1.483308918075636, "status": "ran"}
{"case_id": "topanga-burned-h81-ksat-minus-b575fde4a28c", "event_rows": 1820, "rows": 16437, "runtime_s": 1.5358775430358946, "status": "ran"}
{"case_id": "topanga-burned-h82-cover-plus-b575fde4a28c", "event_rows": 1825, "rows": 16437, "runtime_s": 1.528356018010527, "status": "ran"}
{"case_id": "topanga-burned-h81-cover-minus-b575fde4a28c", "event_rows": 1819, "rows": 16437, "runtime_s": 1.5412031658925116, "status": "ran"}
{"case_id": "topanga-burned-h82-ksat-minus-b575fde4a28c", "event_rows": 1826, "rows": 16437, "runtime_s": 1.4975257951300591, "status": "ran"}
{"case_id": "topanga-burned-h82-ksat-plus-b575fde4a28c", "event_rows": 1824, "rows": 16437, "runtime_s": 1.4901305809617043, "status": "ran"}
{"case_id": "topanga-burned-h83-cover-plus-b575fde4a28c", "event_rows": 1801, "rows": 16437, "runtime_s": 1.4645132150035352, "status": "ran"}
{"case_id": "topanga-burned-h84-ksat-minus-b575fde4a28c", "event_rows": 1803, "rows": 16437, "runtime_s": 1.5344289280474186, "status": "ran"}
{"case_id": "topanga-burned-h83-cover-minus-b575fde4a28c", "event_rows": 1801, "rows": 16437, "runtime_s": 1.4942361880093813, "status": "ran"}
{"case_id": "topanga-burned-h83-ksat-minus-b575fde4a28c", "event_rows": 1802, "rows": 16437, "runtime_s": 1.5580388258676976, "status": "ran"}
{"case_id": "topanga-burned-h84-cover-plus-b575fde4a28c", "event_rows": 1803, "rows": 16437, "runtime_s": 1.4764429181814194, "status": "ran"}
{"case_id": "topanga-burned-h83-ksat-plus-b575fde4a28c", "event_rows": 1801, "rows": 16437, "runtime_s": 1.5190068678930402, "status": "ran"}
{"case_id": "topanga-burned-h84-cover-minus-b575fde4a28c", "event_rows": 1803, "rows": 16437, "runtime_s": 1.4892443551216274, "status": "ran"}
{"case_id": "topanga-burned-h85-ksat-minus-b575fde4a28c", "event_rows": 1822, "rows": 16437, "runtime_s": 1.4424471510574222, "status": "ran"}
{"case_id": "topanga-burned-h86-cover-minus-b575fde4a28c", "event_rows": 1824, "rows": 16437, "runtime_s": 1.5310256120283157, "status": "ran"}
{"case_id": "topanga-burned-h86-cover-plus-b575fde4a28c", "event_rows": 1824, "rows": 16437, "runtime_s": 1.4698942229151726, "status": "ran"}
{"case_id": "topanga-burned-h85-cover-minus-b575fde4a28c", "event_rows": 1822, "rows": 16437, "runtime_s": 1.5044551501050591, "status": "ran"}
{"case_id": "topanga-burned-h85-cover-plus-b575fde4a28c", "event_rows": 1822, "rows": 16437, "runtime_s": 1.5252378329169005, "status": "ran"}
{"case_id": "topanga-burned-h84-ksat-plus-b575fde4a28c", "event_rows": 1802, "rows": 16437, "runtime_s": 1.5205084439367056, "status": "ran"}
{"case_id": "topanga-burned-h85-ksat-plus-b575fde4a28c", "event_rows": 1821, "rows": 16437, "runtime_s": 1.5249396250583231, "status": "ran"}
{"case_id": "topanga-burned-h86-ksat-minus-b575fde4a28c", "event_rows": 1824, "rows": 16437, "runtime_s": 1.499873188091442, "status": "ran"}
{"case_id": "topanga-burned-h88-cover-minus-b575fde4a28c", "event_rows": 1808, "rows": 16437, "runtime_s": 1.437490863027051, "status": "ran"}
{"case_id": "topanga-burned-h86-ksat-plus-b575fde4a28c", "event_rows": 1823, "rows": 16437, "runtime_s": 1.5243929529096931, "status": "ran"}
{"case_id": "topanga-burned-h88-cover-plus-b575fde4a28c", "event_rows": 1808, "rows": 16437, "runtime_s": 1.5050193429924548, "status": "ran"}
{"case_id": "topanga-burned-h87-ksat-minus-b575fde4a28c", "event_rows": 1860, "rows": 16437, "runtime_s": 1.5414444080088288, "status": "ran"}
{"case_id": "topanga-burned-h87-cover-plus-b575fde4a28c", "event_rows": 1860, "rows": 16437, "runtime_s": 1.516898229951039, "status": "ran"}
{"case_id": "topanga-burned-h88-ksat-minus-b575fde4a28c", "event_rows": 1808, "rows": 16437, "runtime_s": 1.4785521188750863, "status": "ran"}
{"case_id": "topanga-burned-h87-ksat-plus-b575fde4a28c", "event_rows": 1860, "rows": 16437, "runtime_s": 1.5150209309067577, "status": "ran"}
{"case_id": "topanga-burned-h87-cover-minus-b575fde4a28c", "event_rows": 1860, "rows": 16437, "runtime_s": 1.4837377271614969, "status": "ran"}
{"case_id": "topanga-burned-h9-cover-minus-b575fde4a28c", "event_rows": 1843, "rows": 16437, "runtime_s": 1.4241899030748755, "status": "ran"}
{"case_id": "topanga-burned-h9-ksat-minus-b575fde4a28c", "event_rows": 1843, "rows": 16437, "runtime_s": 1.4563823039643466, "status": "ran"}
{"case_id": "topanga-burned-h9-cover-plus-b575fde4a28c", "event_rows": 1843, "rows": 16437, "runtime_s": 1.5089103281497955, "status": "ran"}
{"case_id": "topanga-burned-h88-ksat-plus-b575fde4a28c", "event_rows": 1807, "rows": 16437, "runtime_s": 1.5041121619287878, "status": "ran"}
{"case_id": "topanga-burned-h89-ksat-minus-b575fde4a28c", "event_rows": 1814, "rows": 16437, "runtime_s": 1.5122189109679312, "status": "ran"}
{"case_id": "topanga-burned-h89-ksat-plus-b575fde4a28c", "event_rows": 1813, "rows": 16437, "runtime_s": 1.509425916010514, "status": "ran"}
{"case_id": "topanga-burned-h89-cover-minus-b575fde4a28c", "event_rows": 1813, "rows": 16437, "runtime_s": 1.483438482042402, "status": "ran"}
{"case_id": "topanga-burned-h89-cover-plus-b575fde4a28c", "event_rows": 1813, "rows": 16437, "runtime_s": 1.5042807571589947, "status": "ran"}
{"case_id": "topanga-burned-h90-cover-minus-b575fde4a28c", "event_rows": 1848, "rows": 16437, "runtime_s": 1.4589772259350866, "status": "ran"}
{"case_id": "topanga-burned-h9-ksat-plus-b575fde4a28c", "event_rows": 1843, "rows": 16437, "runtime_s": 1.4728984199464321, "status": "ran"}
{"case_id": "topanga-burned-h91-cover-plus-b575fde4a28c", "event_rows": 1915, "rows": 16437, "runtime_s": 1.6205256178509444, "status": "ran"}
{"case_id": "topanga-burned-h90-ksat-plus-b575fde4a28c", "event_rows": 1847, "rows": 16437, "runtime_s": 1.498145496007055, "status": "ran"}
{"case_id": "topanga-burned-h90-ksat-minus-b575fde4a28c", "event_rows": 1848, "rows": 16437, "runtime_s": 1.5146952141076326, "status": "ran"}
{"case_id": "topanga-burned-h91-ksat-minus-b575fde4a28c", "event_rows": 1915, "rows": 16437, "runtime_s": 1.605232530971989, "status": "ran"}
{"case_id": "topanga-burned-h90-cover-plus-b575fde4a28c", "event_rows": 1848, "rows": 16437, "runtime_s": 1.537767019821331, "status": "ran"}
{"case_id": "topanga-burned-h91-cover-minus-b575fde4a28c", "event_rows": 1915, "rows": 16437, "runtime_s": 1.6091803638264537, "status": "ran"}
{"case_id": "topanga-burned-h93-cover-plus-b575fde4a28c", "event_rows": 1844, "rows": 16437, "runtime_s": 1.474820061121136, "status": "ran"}
{"case_id": "topanga-burned-h93-cover-minus-b575fde4a28c", "event_rows": 1844, "rows": 16437, "runtime_s": 1.502681819954887, "status": "ran"}
{"case_id": "topanga-burned-h91-ksat-plus-b575fde4a28c", "event_rows": 1915, "rows": 16437, "runtime_s": 1.5718004170339555, "status": "ran"}
{"case_id": "topanga-burned-h92-cover-plus-b575fde4a28c", "event_rows": 1827, "rows": 16437, "runtime_s": 1.5187310189940035, "status": "ran"}
{"case_id": "topanga-burned-h93-ksat-minus-b575fde4a28c", "event_rows": 1844, "rows": 16437, "runtime_s": 1.5272896781098098, "status": "ran"}
{"case_id": "topanga-burned-h92-cover-minus-b575fde4a28c", "event_rows": 1827, "rows": 16437, "runtime_s": 1.494396855123341, "status": "ran"}
{"case_id": "topanga-burned-h92-ksat-minus-b575fde4a28c", "event_rows": 1827, "rows": 16437, "runtime_s": 1.525682097999379, "status": "ran"}
{"case_id": "topanga-burned-h92-ksat-plus-b575fde4a28c", "event_rows": 1827, "rows": 16437, "runtime_s": 1.5560150190722197, "status": "ran"}
{"case_id": "topanga-burned-h95-cover-plus-b575fde4a28c", "event_rows": 1850, "rows": 16437, "runtime_s": 1.4325231439433992, "status": "ran"}
{"case_id": "topanga-burned-h94-cover-minus-b575fde4a28c", "event_rows": 1844, "rows": 16437, "runtime_s": 1.5104749859310687, "status": "ran"}
{"case_id": "topanga-burned-h95-cover-minus-b575fde4a28c", "event_rows": 1850, "rows": 16437, "runtime_s": 1.466148372972384, "status": "ran"}
{"case_id": "topanga-burned-h94-cover-plus-b575fde4a28c", "event_rows": 1844, "rows": 16437, "runtime_s": 1.4661383549682796, "status": "ran"}
{"case_id": "topanga-burned-h93-ksat-plus-b575fde4a28c", "event_rows": 1844, "rows": 16437, "runtime_s": 1.5296305078081787, "status": "ran"}
{"case_id": "topanga-burned-h95-ksat-minus-b575fde4a28c", "event_rows": 1850, "rows": 16437, "runtime_s": 1.4994866538327187, "status": "ran"}
{"case_id": "topanga-burned-h94-ksat-plus-b575fde4a28c", "event_rows": 1844, "rows": 16437, "runtime_s": 1.490311310859397, "status": "ran"}
{"case_id": "topanga-burned-h94-ksat-minus-b575fde4a28c", "event_rows": 1844, "rows": 16437, "runtime_s": 1.4765879928600043, "status": "ran"}
{"case_id": "topanga-burned-h97-cover-minus-b575fde4a28c", "event_rows": 1816, "rows": 16437, "runtime_s": 1.5778656501788646, "status": "ran"}
{"case_id": "topanga-burned-h97-ksat-minus-b575fde4a28c", "event_rows": 1816, "rows": 16437, "runtime_s": 1.4584187620785087, "status": "ran"}
{"case_id": "topanga-burned-h96-ksat-plus-b575fde4a28c", "event_rows": 1846, "rows": 16437, "runtime_s": 1.463029425125569, "status": "ran"}
{"case_id": "topanga-burned-h96-ksat-minus-b575fde4a28c", "event_rows": 1846, "rows": 16437, "runtime_s": 1.5580728079658002, "status": "ran"}
{"case_id": "topanga-burned-h96-cover-plus-b575fde4a28c", "event_rows": 1846, "rows": 16437, "runtime_s": 1.5683220110367984, "status": "ran"}
{"case_id": "topanga-burned-h95-ksat-plus-b575fde4a28c", "event_rows": 1850, "rows": 16437, "runtime_s": 1.4703826368786395, "status": "ran"}
{"case_id": "topanga-burned-h96-cover-minus-b575fde4a28c", "event_rows": 1846, "rows": 16437, "runtime_s": 1.5626385028008372, "status": "ran"}
{"case_id": "topanga-burned-h97-cover-plus-b575fde4a28c", "event_rows": 1816, "rows": 16437, "runtime_s": 1.5800460979808122, "status": "ran"}
{"case_id": "topanga-burned-h97-ksat-plus-b575fde4a28c", "event_rows": 1816, "rows": 16437, "runtime_s": 1.3937683701515198, "status": "ran"}
{"case_id": "topanga-burned-h99-cover-plus-b575fde4a28c", "event_rows": 1844, "rows": 16437, "runtime_s": 1.514642630936578, "status": "ran"}
{"case_id": "topanga-burned-h99-ksat-minus-b575fde4a28c", "event_rows": 1844, "rows": 16437, "runtime_s": 1.47449285001494, "status": "ran"}
{"case_id": "topanga-burned-h98-ksat-plus-b575fde4a28c", "event_rows": 1837, "rows": 16437, "runtime_s": 1.4971834819298238, "status": "ran"}
{"case_id": "topanga-burned-h98-cover-minus-b575fde4a28c", "event_rows": 1838, "rows": 16437, "runtime_s": 1.4602728348691016, "status": "ran"}
{"case_id": "topanga-burned-h99-cover-minus-b575fde4a28c", "event_rows": 1844, "rows": 16437, "runtime_s": 1.5162285771220922, "status": "ran"}
{"case_id": "topanga-burned-h98-ksat-minus-b575fde4a28c", "event_rows": 1838, "rows": 16437, "runtime_s": 1.4783564009703696, "status": "ran"}
{"case_id": "topanga-burned-h98-cover-plus-b575fde4a28c", "event_rows": 1838, "rows": 16437, "runtime_s": 1.4906649990007281, "status": "ran"}
{"case_id": "topanga-undisturbed-h100-cover-minus-b575fde4a28c", "event_rows": 1678, "rows": 16437, "runtime_s": 1.4074036008678377, "status": "ran"}
{"case_id": "topanga-undisturbed-h10-ksat-plus-b575fde4a28c", "event_rows": 1662, "rows": 16437, "runtime_s": 1.4582792669534683, "status": "ran"}
{"case_id": "topanga-undisturbed-h10-ksat-minus-b575fde4a28c", "event_rows": 1662, "rows": 16437, "runtime_s": 1.4383156700059772, "status": "ran"}
{"case_id": "topanga-undisturbed-h10-cover-plus-b575fde4a28c", "event_rows": 1662, "rows": 16437, "runtime_s": 1.4419116082135588, "status": "ran"}
{"case_id": "topanga-undisturbed-h1-ksat-minus-b575fde4a28c", "event_rows": 1832, "rows": 16437, "runtime_s": 1.4600935440976173, "status": "ran"}
{"case_id": "topanga-undisturbed-h10-cover-minus-b575fde4a28c", "event_rows": 1662, "rows": 16437, "runtime_s": 1.4806413620244712, "status": "ran"}
{"case_id": "topanga-undisturbed-h1-ksat-plus-b575fde4a28c", "event_rows": 1832, "rows": 16437, "runtime_s": 1.4869726970791817, "status": "ran"}
{"case_id": "topanga-burned-h99-ksat-plus-b575fde4a28c", "event_rows": 1844, "rows": 16437, "runtime_s": 1.489291150122881, "status": "ran"}
{"case_id": "topanga-undisturbed-h101-ksat-plus-b575fde4a28c", "event_rows": 1707, "rows": 16437, "runtime_s": 1.3866947027854621, "status": "ran"}
{"case_id": "topanga-undisturbed-h100-ksat-plus-b575fde4a28c", "event_rows": 1678, "rows": 16437, "runtime_s": 1.416885029990226, "status": "ran"}
{"case_id": "topanga-undisturbed-h102-cover-minus-b575fde4a28c", "event_rows": 1683, "rows": 16437, "runtime_s": 1.413205345859751, "status": "ran"}
{"case_id": "topanga-undisturbed-h100-cover-plus-b575fde4a28c", "event_rows": 1678, "rows": 16437, "runtime_s": 1.455415067030117, "status": "ran"}
{"case_id": "topanga-undisturbed-h101-cover-minus-b575fde4a28c", "event_rows": 1707, "rows": 16437, "runtime_s": 1.4178782310336828, "status": "ran"}
{"case_id": "topanga-undisturbed-h100-ksat-minus-b575fde4a28c", "event_rows": 1678, "rows": 16437, "runtime_s": 1.4444471339229494, "status": "ran"}
{"case_id": "topanga-undisturbed-h101-cover-plus-b575fde4a28c", "event_rows": 1707, "rows": 16437, "runtime_s": 1.4257715579587966, "status": "ran"}
{"case_id": "topanga-undisturbed-h101-ksat-minus-b575fde4a28c", "event_rows": 1707, "rows": 16437, "runtime_s": 1.4336676159873605, "status": "ran"}
{"case_id": "topanga-undisturbed-h102-ksat-minus-b575fde4a28c", "event_rows": 1683, "rows": 16437, "runtime_s": 1.3932633970398456, "status": "ran"}
{"case_id": "topanga-undisturbed-h102-cover-plus-b575fde4a28c", "event_rows": 1683, "rows": 16437, "runtime_s": 1.460845559835434, "status": "ran"}
{"case_id": "topanga-undisturbed-h104-ksat-minus-b575fde4a28c", "event_rows": 1697, "rows": 16437, "runtime_s": 1.4486794869881123, "status": "ran"}
{"case_id": "topanga-undisturbed-h104-cover-plus-b575fde4a28c", "event_rows": 1697, "rows": 16437, "runtime_s": 1.4306073260959238, "status": "ran"}
{"case_id": "topanga-undisturbed-h104-cover-minus-b575fde4a28c", "event_rows": 1697, "rows": 16437, "runtime_s": 1.4122939249500632, "status": "ran"}
{"case_id": "topanga-undisturbed-h103-ksat-plus-b575fde4a28c", "event_rows": 1914, "rows": 16437, "runtime_s": 1.477853090967983, "status": "ran"}
{"case_id": "topanga-undisturbed-h102-ksat-plus-b575fde4a28c", "event_rows": 1683, "rows": 16437, "runtime_s": 1.4428158411756158, "status": "ran"}
{"case_id": "topanga-undisturbed-h103-ksat-minus-b575fde4a28c", "event_rows": 1914, "rows": 16437, "runtime_s": 1.5488959881477058, "status": "ran"}
{"case_id": "topanga-undisturbed-h104-ksat-plus-b575fde4a28c", "event_rows": 1697, "rows": 16437, "runtime_s": 1.3526739380322397, "status": "ran"}
{"case_id": "topanga-undisturbed-h105-cover-plus-b575fde4a28c", "event_rows": 1690, "rows": 16437, "runtime_s": 1.3952061559539288, "status": "ran"}
{"case_id": "topanga-undisturbed-h105-ksat-plus-b575fde4a28c", "event_rows": 1690, "rows": 16437, "runtime_s": 1.4290866269730031, "status": "ran"}
{"case_id": "topanga-undisturbed-h105-cover-minus-b575fde4a28c", "event_rows": 1690, "rows": 16437, "runtime_s": 1.4283067798241973, "status": "ran"}
{"case_id": "topanga-undisturbed-h105-ksat-minus-b575fde4a28c", "event_rows": 1690, "rows": 16437, "runtime_s": 1.408137863036245, "status": "ran"}
{"case_id": "topanga-undisturbed-h106-cover-plus-b575fde4a28c", "event_rows": 1707, "rows": 16437, "runtime_s": 1.4961455629672855, "status": "ran"}
{"case_id": "topanga-undisturbed-h106-cover-minus-b575fde4a28c", "event_rows": 1707, "rows": 16437, "runtime_s": 1.4232952441088855, "status": "ran"}
{"case_id": "topanga-undisturbed-h106-ksat-minus-b575fde4a28c", "event_rows": 1707, "rows": 16437, "runtime_s": 1.4095786439720541, "status": "ran"}
{"case_id": "topanga-undisturbed-h106-ksat-plus-b575fde4a28c", "event_rows": 1707, "rows": 16437, "runtime_s": 1.395462502958253, "status": "ran"}
{"case_id": "topanga-undisturbed-h107-ksat-plus-b575fde4a28c", "event_rows": 1698, "rows": 16437, "runtime_s": 1.4324598270468414, "status": "ran"}
{"case_id": "topanga-undisturbed-h108-cover-plus-b575fde4a28c", "event_rows": 1673, "rows": 16437, "runtime_s": 1.4145542329642922, "status": "ran"}
{"case_id": "topanga-undisturbed-h107-cover-minus-b575fde4a28c", "event_rows": 1698, "rows": 16437, "runtime_s": 1.4256287061143667, "status": "ran"}
{"case_id": "topanga-undisturbed-h108-cover-minus-b575fde4a28c", "event_rows": 1673, "rows": 16437, "runtime_s": 1.426557979080826, "status": "ran"}
{"case_id": "topanga-undisturbed-h107-ksat-minus-b575fde4a28c", "event_rows": 1698, "rows": 16437, "runtime_s": 1.4292475059628487, "status": "ran"}
{"case_id": "topanga-undisturbed-h108-ksat-minus-b575fde4a28c", "event_rows": 1673, "rows": 16437, "runtime_s": 1.4079047099221498, "status": "ran"}
{"case_id": "topanga-undisturbed-h107-cover-plus-b575fde4a28c", "event_rows": 1698, "rows": 16437, "runtime_s": 1.4489630400203168, "status": "ran"}
{"case_id": "topanga-undisturbed-h108-ksat-plus-b575fde4a28c", "event_rows": 1673, "rows": 16437, "runtime_s": 1.3980372820515186, "status": "ran"}
{"case_id": "topanga-undisturbed-h109-ksat-minus-b575fde4a28c", "event_rows": 1668, "rows": 16437, "runtime_s": 1.4325499450787902, "status": "ran"}
{"case_id": "topanga-undisturbed-h109-cover-plus-b575fde4a28c", "event_rows": 1668, "rows": 16437, "runtime_s": 1.4294795009773225, "status": "ran"}
{"case_id": "topanga-undisturbed-h11-ksat-minus-b575fde4a28c", "event_rows": 1668, "rows": 16437, "runtime_s": 1.4655955508351326, "status": "ran"}
{"case_id": "topanga-undisturbed-h109-ksat-plus-b575fde4a28c", "event_rows": 1668, "rows": 16437, "runtime_s": 1.47044807090424, "status": "ran"}
{"case_id": "topanga-undisturbed-h11-cover-minus-b575fde4a28c", "event_rows": 1668, "rows": 16437, "runtime_s": 1.4530904339626431, "status": "ran"}
{"case_id": "topanga-undisturbed-h11-cover-plus-b575fde4a28c", "event_rows": 1668, "rows": 16437, "runtime_s": 1.4667677611578256, "status": "ran"}
{"case_id": "topanga-undisturbed-h109-cover-minus-b575fde4a28c", "event_rows": 1668, "rows": 16437, "runtime_s": 1.4831839890684932, "status": "ran"}
{"case_id": "topanga-undisturbed-h110-ksat-minus-b575fde4a28c", "event_rows": 1689, "rows": 16437, "runtime_s": 1.3668680619448423, "status": "ran"}
{"case_id": "topanga-undisturbed-h111-ksat-minus-b575fde4a28c", "event_rows": 1703, "rows": 16437, "runtime_s": 1.4101146429311484, "status": "ran"}
{"case_id": "topanga-undisturbed-h111-cover-minus-b575fde4a28c", "event_rows": 1703, "rows": 16437, "runtime_s": 1.4363203751854599, "status": "ran"}
{"case_id": "topanga-undisturbed-h110-cover-minus-b575fde4a28c", "event_rows": 1689, "rows": 16437, "runtime_s": 1.4305744250304997, "status": "ran"}
{"case_id": "topanga-undisturbed-h110-ksat-plus-b575fde4a28c", "event_rows": 1689, "rows": 16437, "runtime_s": 1.4369906070642173, "status": "ran"}
{"case_id": "topanga-undisturbed-h11-ksat-plus-b575fde4a28c", "event_rows": 1668, "rows": 16437, "runtime_s": 1.426383406855166, "status": "ran"}
{"case_id": "topanga-undisturbed-h111-cover-plus-b575fde4a28c", "event_rows": 1703, "rows": 16437, "runtime_s": 1.4167179421056062, "status": "ran"}
{"case_id": "topanga-undisturbed-h110-cover-plus-b575fde4a28c", "event_rows": 1689, "rows": 16437, "runtime_s": 1.4238916360773146, "status": "ran"}
{"case_id": "topanga-undisturbed-h111-ksat-plus-b575fde4a28c", "event_rows": 1703, "rows": 16437, "runtime_s": 1.3910073719453067, "status": "ran"}
{"case_id": "topanga-undisturbed-h113-ksat-minus-b575fde4a28c", "event_rows": 1687, "rows": 16437, "runtime_s": 1.4687214000150561, "status": "ran"}
{"case_id": "topanga-undisturbed-h113-cover-minus-b575fde4a28c", "event_rows": 1687, "rows": 16437, "runtime_s": 1.4845260849688202, "status": "ran"}
{"case_id": "topanga-undisturbed-h112-ksat-minus-b575fde4a28c", "event_rows": 1688, "rows": 16437, "runtime_s": 1.4177110940217972, "status": "ran"}
{"case_id": "topanga-undisturbed-h112-ksat-plus-b575fde4a28c", "event_rows": 1688, "rows": 16437, "runtime_s": 1.480924405856058, "status": "ran"}
{"case_id": "topanga-undisturbed-h112-cover-plus-b575fde4a28c", "event_rows": 1688, "rows": 16437, "runtime_s": 1.4249889301136136, "status": "ran"}
{"case_id": "topanga-undisturbed-h112-cover-minus-b575fde4a28c", "event_rows": 1688, "rows": 16437, "runtime_s": 1.447814533021301, "status": "ran"}
{"case_id": "topanga-undisturbed-h113-cover-plus-b575fde4a28c", "event_rows": 1687, "rows": 16437, "runtime_s": 1.483417843002826, "status": "ran"}
{"case_id": "topanga-undisturbed-h114-cover-minus-b575fde4a28c", "event_rows": 1689, "rows": 16437, "runtime_s": 1.3995493378024548, "status": "ran"}
{"case_id": "topanga-undisturbed-h113-ksat-plus-b575fde4a28c", "event_rows": 1687, "rows": 16437, "runtime_s": 1.4369520049076527, "status": "ran"}
{"case_id": "topanga-undisturbed-h114-cover-plus-b575fde4a28c", "event_rows": 1689, "rows": 16437, "runtime_s": 1.48830508091487, "status": "ran"}
{"case_id": "topanga-undisturbed-h114-ksat-minus-b575fde4a28c", "event_rows": 1689, "rows": 16437, "runtime_s": 1.415244302013889, "status": "ran"}
{"case_id": "topanga-undisturbed-h115-cover-plus-b575fde4a28c", "event_rows": 1683, "rows": 16437, "runtime_s": 1.417805892881006, "status": "ran"}
{"case_id": "topanga-undisturbed-h115-cover-minus-b575fde4a28c", "event_rows": 1683, "rows": 16437, "runtime_s": 1.4411057189572603, "status": "ran"}
{"case_id": "topanga-undisturbed-h114-ksat-plus-b575fde4a28c", "event_rows": 1689, "rows": 16437, "runtime_s": 1.4559657729696482, "status": "ran"}
{"case_id": "topanga-undisturbed-h115-ksat-minus-b575fde4a28c", "event_rows": 1683, "rows": 16437, "runtime_s": 1.4756953329779208, "status": "ran"}
{"case_id": "topanga-undisturbed-h117-cover-plus-b575fde4a28c", "event_rows": 1681, "rows": 16437, "runtime_s": 1.3726486419327557, "status": "ran"}
{"case_id": "topanga-undisturbed-h117-cover-minus-b575fde4a28c", "event_rows": 1681, "rows": 16437, "runtime_s": 1.3783455190714449, "status": "ran"}
{"case_id": "topanga-undisturbed-h116-cover-plus-b575fde4a28c", "event_rows": 1657, "rows": 16437, "runtime_s": 1.4531535820569843, "status": "ran"}
{"case_id": "topanga-undisturbed-h115-ksat-plus-b575fde4a28c", "event_rows": 1683, "rows": 16437, "runtime_s": 1.4408399588428438, "status": "ran"}
{"case_id": "topanga-undisturbed-h116-ksat-minus-b575fde4a28c", "event_rows": 1657, "rows": 16437, "runtime_s": 1.4174813360441476, "status": "ran"}
{"case_id": "topanga-undisturbed-h117-ksat-minus-b575fde4a28c", "event_rows": 1681, "rows": 16437, "runtime_s": 1.428472159896046, "status": "ran"}
{"case_id": "topanga-undisturbed-h116-ksat-plus-b575fde4a28c", "event_rows": 1657, "rows": 16437, "runtime_s": 1.4689468450378627, "status": "ran"}
{"case_id": "topanga-undisturbed-h116-cover-minus-b575fde4a28c", "event_rows": 1657, "rows": 16437, "runtime_s": 1.436719360994175, "status": "ran"}
{"case_id": "topanga-undisturbed-h117-ksat-plus-b575fde4a28c", "event_rows": 1681, "rows": 16437, "runtime_s": 1.373107829131186, "status": "ran"}
{"case_id": "topanga-undisturbed-h119-cover-minus-b575fde4a28c", "event_rows": 1701, "rows": 16437, "runtime_s": 1.4337854029145092, "status": "ran"}
{"case_id": "topanga-undisturbed-h118-ksat-plus-b575fde4a28c", "event_rows": 1678, "rows": 16437, "runtime_s": 1.4048506619874388, "status": "ran"}
{"case_id": "topanga-undisturbed-h118-cover-plus-b575fde4a28c", "event_rows": 1678, "rows": 16437, "runtime_s": 1.4462683510500938, "status": "ran"}
{"case_id": "topanga-undisturbed-h118-ksat-minus-b575fde4a28c", "event_rows": 1678, "rows": 16437, "runtime_s": 1.4433848951011896, "status": "ran"}
{"case_id": "topanga-undisturbed-h119-ksat-minus-b575fde4a28c", "event_rows": 1701, "rows": 16437, "runtime_s": 1.4270135581027716, "status": "ran"}
{"case_id": "topanga-undisturbed-h119-cover-plus-b575fde4a28c", "event_rows": 1701, "rows": 16437, "runtime_s": 1.494143201969564, "status": "ran"}
{"case_id": "topanga-undisturbed-h118-cover-minus-b575fde4a28c", "event_rows": 1678, "rows": 16437, "runtime_s": 1.5155474608764052, "status": "ran"}
{"case_id": "topanga-undisturbed-h12-cover-minus-b575fde4a28c", "event_rows": 1666, "rows": 16437, "runtime_s": 1.3866724539548159, "status": "ran"}
{"case_id": "topanga-undisturbed-h12-cover-plus-b575fde4a28c", "event_rows": 1666, "rows": 16437, "runtime_s": 1.4554508160799742, "status": "ran"}
{"case_id": "topanga-undisturbed-h119-ksat-plus-b575fde4a28c", "event_rows": 1701, "rows": 16437, "runtime_s": 1.4115292059723288, "status": "ran"}
{"case_id": "topanga-undisturbed-h120-ksat-minus-b575fde4a28c", "event_rows": 1680, "rows": 16437, "runtime_s": 1.396242269081995, "status": "ran"}
{"case_id": "topanga-undisturbed-h120-cover-plus-b575fde4a28c", "event_rows": 1680, "rows": 16437, "runtime_s": 1.4517985300626606, "status": "ran"}
{"case_id": "topanga-undisturbed-h120-cover-minus-b575fde4a28c", "event_rows": 1680, "rows": 16437, "runtime_s": 1.4674589370843023, "status": "ran"}
{"case_id": "topanga-undisturbed-h12-ksat-plus-b575fde4a28c", "event_rows": 1666, "rows": 16437, "runtime_s": 1.4321965060662478, "status": "ran"}
{"case_id": "topanga-undisturbed-h12-ksat-minus-b575fde4a28c", "event_rows": 1666, "rows": 16437, "runtime_s": 1.471550442976877, "status": "ran"}
{"case_id": "topanga-undisturbed-h122-cover-minus-b575fde4a28c", "event_rows": 1659, "rows": 16437, "runtime_s": 1.4045058079063892, "status": "ran"}
{"case_id": "topanga-undisturbed-h121-cover-plus-b575fde4a28c", "event_rows": 1656, "rows": 16437, "runtime_s": 1.4381793960928917, "status": "ran"}
{"case_id": "topanga-undisturbed-h121-ksat-minus-b575fde4a28c", "event_rows": 1656, "rows": 16437, "runtime_s": 1.4648386531043798, "status": "ran"}
{"case_id": "topanga-undisturbed-h120-ksat-plus-b575fde4a28c", "event_rows": 1680, "rows": 16437, "runtime_s": 1.4787357649765909, "status": "ran"}
{"case_id": "topanga-undisturbed-h122-ksat-minus-b575fde4a28c", "event_rows": 1659, "rows": 16437, "runtime_s": 1.4022038290277123, "status": "ran"}
{"case_id": "topanga-undisturbed-h121-ksat-plus-b575fde4a28c", "event_rows": 1656, "rows": 16437, "runtime_s": 1.4823188141454011, "status": "ran"}
{"case_id": "topanga-undisturbed-h122-cover-plus-b575fde4a28c", "event_rows": 1659, "rows": 16437, "runtime_s": 1.458736205007881, "status": "ran"}
{"case_id": "topanga-undisturbed-h121-cover-minus-b575fde4a28c", "event_rows": 1656, "rows": 16437, "runtime_s": 1.42378625809215, "status": "ran"}
{"case_id": "topanga-undisturbed-h122-ksat-plus-b575fde4a28c", "event_rows": 1659, "rows": 16437, "runtime_s": 1.3839999448973686, "status": "ran"}
{"case_id": "topanga-undisturbed-h123-ksat-minus-b575fde4a28c", "event_rows": 1676, "rows": 16437, "runtime_s": 1.4412788378540426, "status": "ran"}
{"case_id": "topanga-undisturbed-h123-ksat-plus-b575fde4a28c", "event_rows": 1676, "rows": 16437, "runtime_s": 1.4409504898358136, "status": "ran"}
{"case_id": "topanga-undisturbed-h123-cover-minus-b575fde4a28c", "event_rows": 1676, "rows": 16437, "runtime_s": 1.411024842178449, "status": "ran"}
{"case_id": "topanga-undisturbed-h123-cover-plus-b575fde4a28c", "event_rows": 1676, "rows": 16437, "runtime_s": 1.442060587927699, "status": "ran"}
{"case_id": "topanga-undisturbed-h124-ksat-minus-b575fde4a28c", "event_rows": 1674, "rows": 16437, "runtime_s": 1.4415471679531038, "status": "ran"}
{"case_id": "topanga-undisturbed-h124-cover-minus-b575fde4a28c", "event_rows": 1674, "rows": 16437, "runtime_s": 1.4468197252135724, "status": "ran"}
{"case_id": "topanga-undisturbed-h124-cover-plus-b575fde4a28c", "event_rows": 1674, "rows": 16437, "runtime_s": 1.5447088561486453, "status": "ran"}
{"case_id": "topanga-undisturbed-h125-ksat-minus-b575fde4a28c", "event_rows": 1697, "rows": 16437, "runtime_s": 1.3841178419534117, "status": "ran"}
{"case_id": "topanga-undisturbed-h126-cover-minus-b575fde4a28c", "event_rows": 1666, "rows": 16437, "runtime_s": 1.3784781962167472, "status": "ran"}
{"case_id": "topanga-undisturbed-h126-ksat-minus-b575fde4a28c", "event_rows": 1666, "rows": 16437, "runtime_s": 1.508547751000151, "status": "ran"}
{"case_id": "topanga-undisturbed-h125-cover-plus-b575fde4a28c", "event_rows": 1697, "rows": 16437, "runtime_s": 1.518492734991014, "status": "ran"}
{"case_id": "topanga-undisturbed-h125-ksat-plus-b575fde4a28c", "event_rows": 1697, "rows": 16437, "runtime_s": 1.516495536081493, "status": "ran"}
{"case_id": "topanga-undisturbed-h124-ksat-plus-b575fde4a28c", "event_rows": 1674, "rows": 16437, "runtime_s": 1.5695690368302166, "status": "ran"}
{"case_id": "topanga-undisturbed-h126-cover-plus-b575fde4a28c", "event_rows": 1666, "rows": 16437, "runtime_s": 1.5173927978612483, "status": "ran"}
{"case_id": "topanga-undisturbed-h125-cover-minus-b575fde4a28c", "event_rows": 1697, "rows": 16437, "runtime_s": 1.5436126829590648, "status": "ran"}
{"case_id": "topanga-undisturbed-h126-ksat-plus-b575fde4a28c", "event_rows": 1666, "rows": 16437, "runtime_s": 1.383311547106132, "status": "ran"}
{"case_id": "topanga-undisturbed-h127-ksat-plus-b575fde4a28c", "event_rows": 1634, "rows": 16437, "runtime_s": 1.4550378520507365, "status": "ran"}
{"case_id": "topanga-undisturbed-h128-cover-minus-b575fde4a28c", "event_rows": 1685, "rows": 16437, "runtime_s": 1.4567375811748207, "status": "ran"}
{"case_id": "topanga-undisturbed-h128-ksat-minus-b575fde4a28c", "event_rows": 1685, "rows": 16437, "runtime_s": 1.4506379968952388, "status": "ran"}
{"case_id": "topanga-undisturbed-h128-cover-plus-b575fde4a28c", "event_rows": 1685, "rows": 16437, "runtime_s": 1.4507849239744246, "status": "ran"}
{"case_id": "topanga-undisturbed-h127-cover-minus-b575fde4a28c", "event_rows": 1634, "rows": 16437, "runtime_s": 1.5040709448512644, "status": "ran"}
{"case_id": "topanga-undisturbed-h127-ksat-minus-b575fde4a28c", "event_rows": 1634, "rows": 16437, "runtime_s": 1.5411849000956863, "status": "ran"}
{"case_id": "topanga-undisturbed-h127-cover-plus-b575fde4a28c", "event_rows": 1634, "rows": 16437, "runtime_s": 1.5531329079531133, "status": "ran"}
{"case_id": "topanga-undisturbed-h128-ksat-plus-b575fde4a28c", "event_rows": 1685, "rows": 16437, "runtime_s": 1.4118331209756434, "status": "ran"}
{"case_id": "topanga-undisturbed-h129-cover-plus-b575fde4a28c", "event_rows": 1655, "rows": 16437, "runtime_s": 1.4435923451092094, "status": "ran"}
{"case_id": "topanga-undisturbed-h129-cover-minus-b575fde4a28c", "event_rows": 1655, "rows": 16437, "runtime_s": 1.4117320468649268, "status": "ran"}
{"case_id": "topanga-undisturbed-h13-cover-minus-b575fde4a28c", "event_rows": 1654, "rows": 16437, "runtime_s": 1.3976994461845607, "status": "ran"}
{"case_id": "topanga-undisturbed-h129-ksat-plus-b575fde4a28c", "event_rows": 1655, "rows": 16437, "runtime_s": 1.4326819882262498, "status": "ran"}
{"case_id": "topanga-undisturbed-h13-cover-plus-b575fde4a28c", "event_rows": 1654, "rows": 16437, "runtime_s": 1.4338151840493083, "status": "ran"}
{"case_id": "topanga-undisturbed-h129-ksat-minus-b575fde4a28c", "event_rows": 1655, "rows": 16437, "runtime_s": 1.429828624939546, "status": "ran"}
{"case_id": "topanga-undisturbed-h13-ksat-minus-b575fde4a28c", "event_rows": 1654, "rows": 16437, "runtime_s": 1.5255044219084084, "status": "ran"}
{"case_id": "topanga-undisturbed-h130-ksat-plus-b575fde4a28c", "event_rows": 1659, "rows": 16437, "runtime_s": 1.3783997891005129, "status": "ran"}
{"case_id": "topanga-undisturbed-h131-cover-minus-b575fde4a28c", "event_rows": 1665, "rows": 16437, "runtime_s": 1.4655561889521778, "status": "ran"}
{"case_id": "topanga-undisturbed-h130-cover-plus-b575fde4a28c", "event_rows": 1659, "rows": 16437, "runtime_s": 1.465393692953512, "status": "ran"}
{"case_id": "topanga-undisturbed-h130-cover-minus-b575fde4a28c", "event_rows": 1659, "rows": 16437, "runtime_s": 1.4318006241228431, "status": "ran"}
{"case_id": "topanga-undisturbed-h131-cover-plus-b575fde4a28c", "event_rows": 1665, "rows": 16437, "runtime_s": 1.4573230750393122, "status": "ran"}
{"case_id": "topanga-undisturbed-h13-ksat-plus-b575fde4a28c", "event_rows": 1654, "rows": 16437, "runtime_s": 1.4569706309121102, "status": "ran"}
{"case_id": "topanga-undisturbed-h130-ksat-minus-b575fde4a28c", "event_rows": 1659, "rows": 16437, "runtime_s": 1.434029989875853, "status": "ran"}
{"case_id": "topanga-undisturbed-h131-ksat-minus-b575fde4a28c", "event_rows": 1665, "rows": 16437, "runtime_s": 1.4625126088503748, "status": "ran"}
{"case_id": "topanga-undisturbed-h131-ksat-plus-b575fde4a28c", "event_rows": 1665, "rows": 16437, "runtime_s": 1.3849467700347304, "status": "ran"}
{"case_id": "topanga-undisturbed-h133-cover-plus-b575fde4a28c", "event_rows": 1700, "rows": 16437, "runtime_s": 1.419867382152006, "status": "ran"}
{"case_id": "topanga-undisturbed-h132-ksat-minus-b575fde4a28c", "event_rows": 1672, "rows": 16437, "runtime_s": 1.5480101690627635, "status": "ran"}
{"case_id": "topanga-undisturbed-h133-cover-minus-b575fde4a28c", "event_rows": 1700, "rows": 16437, "runtime_s": 1.4429421951062977, "status": "ran"}
{"case_id": "topanga-undisturbed-h132-cover-plus-b575fde4a28c", "event_rows": 1672, "rows": 16437, "runtime_s": 1.5246351989917457, "status": "ran"}
{"case_id": "topanga-undisturbed-h132-ksat-plus-b575fde4a28c", "event_rows": 1672, "rows": 16437, "runtime_s": 1.4882430899888277, "status": "ran"}
{"case_id": "topanga-undisturbed-h132-cover-minus-b575fde4a28c", "event_rows": 1672, "rows": 16437, "runtime_s": 1.502234105952084, "status": "ran"}
{"case_id": "topanga-undisturbed-h133-ksat-minus-b575fde4a28c", "event_rows": 1700, "rows": 16437, "runtime_s": 1.4395469040609896, "status": "ran"}
{"case_id": "topanga-undisturbed-h133-ksat-plus-b575fde4a28c", "event_rows": 1700, "rows": 16437, "runtime_s": 1.4092167192138731, "status": "ran"}
{"case_id": "topanga-undisturbed-h134-cover-minus-b575fde4a28c", "event_rows": 1691, "rows": 16437, "runtime_s": 1.4694089328404516, "status": "ran"}
{"case_id": "topanga-undisturbed-h135-ksat-minus-b575fde4a28c", "event_rows": 1678, "rows": 16437, "runtime_s": 1.4498647300060838, "status": "ran"}
{"case_id": "topanga-undisturbed-h134-cover-plus-b575fde4a28c", "event_rows": 1691, "rows": 16437, "runtime_s": 1.4477108758874238, "status": "ran"}
{"case_id": "topanga-undisturbed-h135-cover-minus-b575fde4a28c", "event_rows": 1678, "rows": 16437, "runtime_s": 1.4605674699414521, "status": "ran"}
{"case_id": "topanga-undisturbed-h134-ksat-minus-b575fde4a28c", "event_rows": 1691, "rows": 16437, "runtime_s": 1.4241056719329208, "status": "ran"}
{"case_id": "topanga-undisturbed-h134-ksat-plus-b575fde4a28c", "event_rows": 1691, "rows": 16437, "runtime_s": 1.454510865965858, "status": "ran"}
{"case_id": "topanga-undisturbed-h135-cover-plus-b575fde4a28c", "event_rows": 1678, "rows": 16437, "runtime_s": 1.450672963866964, "status": "ran"}
{"case_id": "topanga-undisturbed-h137-cover-minus-b575fde4a28c", "event_rows": 1649, "rows": 16437, "runtime_s": 1.391694257967174, "status": "ran"}
{"case_id": "topanga-undisturbed-h136-ksat-plus-b575fde4a28c", "event_rows": 1666, "rows": 16437, "runtime_s": 1.4953815911430866, "status": "ran"}
{"case_id": "topanga-undisturbed-h137-ksat-minus-b575fde4a28c", "event_rows": 1649, "rows": 16437, "runtime_s": 1.4155950469430536, "status": "ran"}
{"case_id": "topanga-undisturbed-h136-cover-plus-b575fde4a28c", "event_rows": 1666, "rows": 16437, "runtime_s": 1.4276707519311458, "status": "ran"}
{"case_id": "topanga-undisturbed-h136-cover-minus-b575fde4a28c", "event_rows": 1666, "rows": 16437, "runtime_s": 1.4805513101164252, "status": "ran"}
{"case_id": "topanga-undisturbed-h136-ksat-minus-b575fde4a28c", "event_rows": 1666, "rows": 16437, "runtime_s": 1.396184640005231, "status": "ran"}
{"case_id": "topanga-undisturbed-h137-cover-plus-b575fde4a28c", "event_rows": 1649, "rows": 16437, "runtime_s": 1.457979106111452, "status": "ran"}
{"case_id": "topanga-undisturbed-h135-ksat-plus-b575fde4a28c", "event_rows": 1678, "rows": 16437, "runtime_s": 1.485256776213646, "status": "ran"}
{"case_id": "topanga-undisturbed-h137-ksat-plus-b575fde4a28c", "event_rows": 1649, "rows": 16437, "runtime_s": 1.39210962690413, "status": "ran"}
{"case_id": "topanga-undisturbed-h138-ksat-plus-b575fde4a28c", "event_rows": 1678, "rows": 16437, "runtime_s": 1.4517777131404728, "status": "ran"}
{"case_id": "topanga-undisturbed-h139-cover-plus-b575fde4a28c", "event_rows": 1657, "rows": 16437, "runtime_s": 1.4341454259119928, "status": "ran"}
{"case_id": "topanga-undisturbed-h138-ksat-minus-b575fde4a28c", "event_rows": 1678, "rows": 16437, "runtime_s": 1.4569729738868773, "status": "ran"}
{"case_id": "topanga-undisturbed-h139-ksat-minus-b575fde4a28c", "event_rows": 1657, "rows": 16437, "runtime_s": 1.4774449770338833, "status": "ran"}
{"case_id": "topanga-undisturbed-h138-cover-plus-b575fde4a28c", "event_rows": 1678, "rows": 16437, "runtime_s": 1.4351982809603214, "status": "ran"}
{"case_id": "topanga-undisturbed-h138-cover-minus-b575fde4a28c", "event_rows": 1678, "rows": 16437, "runtime_s": 1.4677933540660888, "status": "ran"}
{"case_id": "topanga-undisturbed-h139-cover-minus-b575fde4a28c", "event_rows": 1657, "rows": 16437, "runtime_s": 1.4311185230035335, "status": "ran"}
{"case_id": "topanga-undisturbed-h14-cover-plus-b575fde4a28c", "event_rows": 1665, "rows": 16437, "runtime_s": 1.4037714661099017, "status": "ran"}
{"case_id": "topanga-undisturbed-h14-ksat-minus-b575fde4a28c", "event_rows": 1665, "rows": 16437, "runtime_s": 1.4328488919418305, "status": "ran"}
{"case_id": "topanga-undisturbed-h140-cover-plus-b575fde4a28c", "event_rows": 1665, "rows": 16437, "runtime_s": 1.4680714569985867, "status": "ran"}
{"case_id": "topanga-undisturbed-h14-ksat-plus-b575fde4a28c", "event_rows": 1665, "rows": 16437, "runtime_s": 1.4850758449174464, "status": "ran"}
{"case_id": "topanga-undisturbed-h14-cover-minus-b575fde4a28c", "event_rows": 1665, "rows": 16437, "runtime_s": 1.4578123779501766, "status": "ran"}
{"case_id": "topanga-undisturbed-h140-cover-minus-b575fde4a28c", "event_rows": 1665, "rows": 16437, "runtime_s": 1.4498317860998213, "status": "ran"}
{"case_id": "topanga-undisturbed-h139-ksat-plus-b575fde4a28c", "event_rows": 1657, "rows": 16437, "runtime_s": 1.4629702689126134, "status": "ran"}
{"case_id": "topanga-undisturbed-h140-ksat-minus-b575fde4a28c", "event_rows": 1665, "rows": 16437, "runtime_s": 1.437048387946561, "status": "ran"}
{"case_id": "topanga-undisturbed-h140-ksat-plus-b575fde4a28c", "event_rows": 1665, "rows": 16437, "runtime_s": 1.4218438169918954, "status": "ran"}
{"case_id": "topanga-undisturbed-h15-ksat-plus-b575fde4a28c", "event_rows": 1667, "rows": 16437, "runtime_s": 1.4093962120823562, "status": "ran"}
{"case_id": "topanga-undisturbed-h15-cover-minus-b575fde4a28c", "event_rows": 1667, "rows": 16437, "runtime_s": 1.490452785976231, "status": "ran"}
{"case_id": "topanga-undisturbed-h16-cover-minus-b575fde4a28c", "event_rows": 1686, "rows": 16437, "runtime_s": 1.439993386156857, "status": "ran"}
{"case_id": "topanga-undisturbed-h15-ksat-minus-b575fde4a28c", "event_rows": 1667, "rows": 16437, "runtime_s": 1.458783441921696, "status": "ran"}
{"case_id": "topanga-undisturbed-h15-cover-plus-b575fde4a28c", "event_rows": 1667, "rows": 16437, "runtime_s": 1.5647929369006306, "status": "ran"}
{"case_id": "topanga-undisturbed-h16-cover-plus-b575fde4a28c", "event_rows": 1686, "rows": 16437, "runtime_s": 1.4922156219836324, "status": "ran"}
{"case_id": "topanga-undisturbed-h16-ksat-minus-b575fde4a28c", "event_rows": 1686, "rows": 16437, "runtime_s": 1.490254950011149, "status": "ran"}
{"case_id": "topanga-undisturbed-h18-cover-plus-b575fde4a28c", "event_rows": 1674, "rows": 16437, "runtime_s": 1.3883110210299492, "status": "ran"}
{"case_id": "topanga-undisturbed-h18-cover-minus-b575fde4a28c", "event_rows": 1674, "rows": 16437, "runtime_s": 1.4263432580046356, "status": "ran"}
{"case_id": "topanga-undisturbed-h16-ksat-plus-b575fde4a28c", "event_rows": 1686, "rows": 16437, "runtime_s": 1.4573180470615625, "status": "ran"}
{"case_id": "topanga-undisturbed-h17-cover-minus-b575fde4a28c", "event_rows": 1704, "rows": 16437, "runtime_s": 1.4602212018799037, "status": "ran"}
{"case_id": "topanga-undisturbed-h17-ksat-plus-b575fde4a28c", "event_rows": 1704, "rows": 16437, "runtime_s": 1.432091809809208, "status": "ran"}
{"case_id": "topanga-undisturbed-h18-ksat-minus-b575fde4a28c", "event_rows": 1674, "rows": 16437, "runtime_s": 1.4394211960025132, "status": "ran"}
{"case_id": "topanga-undisturbed-h17-cover-plus-b575fde4a28c", "event_rows": 1704, "rows": 16437, "runtime_s": 1.4643218191340566, "status": "ran"}
{"case_id": "topanga-undisturbed-h17-ksat-minus-b575fde4a28c", "event_rows": 1704, "rows": 16437, "runtime_s": 1.4584931400604546, "status": "ran"}
{"case_id": "topanga-undisturbed-h18-ksat-plus-b575fde4a28c", "event_rows": 1674, "rows": 16437, "runtime_s": 1.4117153340484947, "status": "ran"}
{"case_id": "topanga-undisturbed-h2-ksat-plus-b575fde4a28c", "event_rows": 1829, "rows": 16437, "runtime_s": 1.636681498028338, "status": "ran"}
{"case_id": "topanga-undisturbed-h19-cover-minus-b575fde4a28c", "event_rows": 1663, "rows": 16437, "runtime_s": 1.4351954120211303, "status": "ran"}
{"case_id": "topanga-undisturbed-h2-ksat-minus-b575fde4a28c", "event_rows": 1829, "rows": 16437, "runtime_s": 1.4632394819054753, "status": "ran"}
{"case_id": "topanga-undisturbed-h19-ksat-plus-b575fde4a28c", "event_rows": 1663, "rows": 16437, "runtime_s": 1.4300434389151633, "status": "ran"}
{"case_id": "topanga-undisturbed-h19-ksat-minus-b575fde4a28c", "event_rows": 1663, "rows": 16437, "runtime_s": 1.4358884009998292, "status": "ran"}
{"case_id": "topanga-undisturbed-h19-cover-plus-b575fde4a28c", "event_rows": 1663, "rows": 16437, "runtime_s": 1.4394623290281743, "status": "ran"}
{"case_id": "topanga-undisturbed-h20-cover-minus-b575fde4a28c", "event_rows": 1684, "rows": 16437, "runtime_s": 1.4650827429722995, "status": "ran"}
{"case_id": "topanga-undisturbed-h20-ksat-minus-b575fde4a28c", "event_rows": 1684, "rows": 16437, "runtime_s": 1.4044324818532914, "status": "ran"}
{"case_id": "topanga-undisturbed-h22-cover-minus-b575fde4a28c", "event_rows": 1662, "rows": 16437, "runtime_s": 1.40861353604123, "status": "ran"}
{"case_id": "topanga-undisturbed-h21-ksat-plus-b575fde4a28c", "event_rows": 1667, "rows": 16437, "runtime_s": 1.4427254640031606, "status": "ran"}
{"case_id": "topanga-undisturbed-h20-cover-plus-b575fde4a28c", "event_rows": 1684, "rows": 16437, "runtime_s": 1.4334692598786205, "status": "ran"}
{"case_id": "topanga-undisturbed-h21-ksat-minus-b575fde4a28c", "event_rows": 1667, "rows": 16437, "runtime_s": 1.4457007499877363, "status": "ran"}
{"case_id": "topanga-undisturbed-h21-cover-minus-b575fde4a28c", "event_rows": 1667, "rows": 16437, "runtime_s": 1.4188102278858423, "status": "ran"}
{"case_id": "topanga-undisturbed-h21-cover-plus-b575fde4a28c", "event_rows": 1667, "rows": 16437, "runtime_s": 1.4646690681111068, "status": "ran"}
{"case_id": "topanga-undisturbed-h20-ksat-plus-b575fde4a28c", "event_rows": 1684, "rows": 16437, "runtime_s": 1.471484427107498, "status": "ran"}
{"case_id": "topanga-undisturbed-h22-cover-plus-b575fde4a28c", "event_rows": 1662, "rows": 16437, "runtime_s": 1.4020123949740082, "status": "ran"}
{"case_id": "topanga-undisturbed-h22-ksat-plus-b575fde4a28c", "event_rows": 1662, "rows": 16437, "runtime_s": 1.4635903951711953, "status": "ran"}
{"case_id": "topanga-undisturbed-h23-cover-plus-b575fde4a28c", "event_rows": 1679, "rows": 16437, "runtime_s": 1.437498111044988, "status": "ran"}
{"case_id": "topanga-undisturbed-h22-ksat-minus-b575fde4a28c", "event_rows": 1662, "rows": 16437, "runtime_s": 1.4403413101099432, "status": "ran"}
{"case_id": "topanga-undisturbed-h23-cover-minus-b575fde4a28c", "event_rows": 1679, "rows": 16437, "runtime_s": 1.4420487899333239, "status": "ran"}
{"case_id": "topanga-undisturbed-h23-ksat-plus-b575fde4a28c", "event_rows": 1679, "rows": 16437, "runtime_s": 1.4125285588670522, "status": "ran"}
{"case_id": "topanga-undisturbed-h23-ksat-minus-b575fde4a28c", "event_rows": 1679, "rows": 16437, "runtime_s": 1.4383400829974562, "status": "ran"}
{"case_id": "topanga-undisturbed-h24-cover-minus-b575fde4a28c", "event_rows": 1671, "rows": 16437, "runtime_s": 1.4556847990024835, "status": "ran"}
{"case_id": "topanga-undisturbed-h24-cover-plus-b575fde4a28c", "event_rows": 1671, "rows": 16437, "runtime_s": 1.8008444719016552, "status": "ran"}
{"case_id": "topanga-undisturbed-h25-cover-plus-b575fde4a28c", "event_rows": 1693, "rows": 16437, "runtime_s": 1.7770199158694595, "status": "ran"}
{"case_id": "topanga-undisturbed-h25-ksat-minus-b575fde4a28c", "event_rows": 1693, "rows": 16437, "runtime_s": 1.7772234750445932, "status": "ran"}
{"case_id": "topanga-undisturbed-h25-cover-minus-b575fde4a28c", "event_rows": 1693, "rows": 16437, "runtime_s": 1.7839230229146779, "status": "ran"}
{"case_id": "topanga-undisturbed-h26-cover-minus-b575fde4a28c", "event_rows": 1685, "rows": 16437, "runtime_s": 1.7749482949730009, "status": "ran"}
{"case_id": "topanga-undisturbed-h25-ksat-plus-b575fde4a28c", "event_rows": 1693, "rows": 16437, "runtime_s": 1.7765570317860693, "status": "ran"}
{"case_id": "topanga-undisturbed-h24-ksat-minus-b575fde4a28c", "event_rows": 1671, "rows": 16437, "runtime_s": 1.791754135163501, "status": "ran"}
{"case_id": "topanga-undisturbed-h24-ksat-plus-b575fde4a28c", "event_rows": 1671, "rows": 16437, "runtime_s": 1.784000348066911, "status": "ran"}
{"case_id": "topanga-undisturbed-h26-ksat-minus-b575fde4a28c", "event_rows": 1685, "rows": 16437, "runtime_s": 1.4153393260203302, "status": "ran"}
{"case_id": "topanga-undisturbed-h26-cover-plus-b575fde4a28c", "event_rows": 1685, "rows": 16437, "runtime_s": 1.4255366809666157, "status": "ran"}
{"case_id": "topanga-undisturbed-h27-ksat-minus-b575fde4a28c", "event_rows": 1694, "rows": 16437, "runtime_s": 1.403139874106273, "status": "ran"}
{"case_id": "topanga-undisturbed-h28-cover-minus-b575fde4a28c", "event_rows": 1697, "rows": 16437, "runtime_s": 1.4513912051916122, "status": "ran"}
{"case_id": "topanga-undisturbed-h27-ksat-plus-b575fde4a28c", "event_rows": 1694, "rows": 16437, "runtime_s": 1.4788818990346044, "status": "ran"}
{"case_id": "topanga-undisturbed-h26-ksat-plus-b575fde4a28c", "event_rows": 1685, "rows": 16437, "runtime_s": 1.4579065600410104, "status": "ran"}
{"case_id": "topanga-undisturbed-h27-cover-minus-b575fde4a28c", "event_rows": 1694, "rows": 16437, "runtime_s": 1.5382527140900493, "status": "ran"}
{"case_id": "topanga-undisturbed-h27-cover-plus-b575fde4a28c", "event_rows": 1694, "rows": 16437, "runtime_s": 1.4601790190208703, "status": "ran"}
{"case_id": "topanga-undisturbed-h28-ksat-minus-b575fde4a28c", "event_rows": 1697, "rows": 16437, "runtime_s": 1.385990492068231, "status": "ran"}
{"case_id": "topanga-undisturbed-h29-ksat-minus-b575fde4a28c", "event_rows": 1679, "rows": 16437, "runtime_s": 1.397684063995257, "status": "ran"}
{"case_id": "topanga-undisturbed-h29-cover-plus-b575fde4a28c", "event_rows": 1679, "rows": 16437, "runtime_s": 1.4270951880607754, "status": "ran"}
{"case_id": "topanga-undisturbed-h29-ksat-plus-b575fde4a28c", "event_rows": 1679, "rows": 16437, "runtime_s": 1.4611983220092952, "status": "ran"}
{"case_id": "topanga-undisturbed-h29-cover-minus-b575fde4a28c", "event_rows": 1679, "rows": 16437, "runtime_s": 1.4504191370215267, "status": "ran"}
{"case_id": "topanga-undisturbed-h28-cover-plus-b575fde4a28c", "event_rows": 1697, "rows": 16437, "runtime_s": 1.436910946154967, "status": "ran"}
{"case_id": "topanga-undisturbed-h28-ksat-plus-b575fde4a28c", "event_rows": 1697, "rows": 16437, "runtime_s": 1.4510711319744587, "status": "ran"}
{"case_id": "topanga-undisturbed-h3-ksat-minus-b575fde4a28c", "event_rows": 1849, "rows": 16437, "runtime_s": 1.492443345952779, "status": "ran"}
{"case_id": "topanga-undisturbed-h31-cover-minus-b575fde4a28c", "event_rows": 1662, "rows": 16437, "runtime_s": 1.3771331501193345, "status": "ran"}
{"case_id": "topanga-undisturbed-h30-ksat-minus-b575fde4a28c", "event_rows": 1681, "rows": 16437, "runtime_s": 1.4528973039705306, "status": "ran"}
{"case_id": "topanga-undisturbed-h31-cover-plus-b575fde4a28c", "event_rows": 1662, "rows": 16437, "runtime_s": 1.4174517109058797, "status": "ran"}
{"case_id": "topanga-undisturbed-h30-cover-minus-b575fde4a28c", "event_rows": 1681, "rows": 16437, "runtime_s": 1.4534916100092232, "status": "ran"}
{"case_id": "topanga-undisturbed-h30-ksat-plus-b575fde4a28c", "event_rows": 1681, "rows": 16437, "runtime_s": 1.4561095009557903, "status": "ran"}
{"case_id": "topanga-undisturbed-h3-ksat-plus-b575fde4a28c", "event_rows": 1849, "rows": 16437, "runtime_s": 1.4909336161799729, "status": "ran"}
{"case_id": "topanga-undisturbed-h30-cover-plus-b575fde4a28c", "event_rows": 1681, "rows": 16437, "runtime_s": 1.4604736308101565, "status": "ran"}
{"case_id": "topanga-undisturbed-h31-ksat-minus-b575fde4a28c", "event_rows": 1662, "rows": 16437, "runtime_s": 1.4473044979386032, "status": "ran"}
{"case_id": "topanga-undisturbed-h31-ksat-plus-b575fde4a28c", "event_rows": 1662, "rows": 16437, "runtime_s": 1.3936428509186953, "status": "ran"}
{"case_id": "topanga-undisturbed-h33-cover-minus-b575fde4a28c", "event_rows": 1662, "rows": 16437, "runtime_s": 1.4473290871828794, "status": "ran"}
{"case_id": "topanga-undisturbed-h32-ksat-minus-b575fde4a28c", "event_rows": 1693, "rows": 16437, "runtime_s": 1.471583312144503, "status": "ran"}
{"case_id": "topanga-undisturbed-h33-cover-plus-b575fde4a28c", "event_rows": 1662, "rows": 16437, "runtime_s": 1.4785266821272671, "status": "ran"}
{"case_id": "topanga-undisturbed-h32-cover-plus-b575fde4a28c", "event_rows": 1693, "rows": 16437, "runtime_s": 1.4656388368457556, "status": "ran"}
{"case_id": "topanga-undisturbed-h32-ksat-plus-b575fde4a28c", "event_rows": 1693, "rows": 16437, "runtime_s": 1.4786411500535905, "status": "ran"}
{"case_id": "topanga-undisturbed-h32-cover-minus-b575fde4a28c", "event_rows": 1693, "rows": 16437, "runtime_s": 1.4619563750457019, "status": "ran"}
{"case_id": "topanga-undisturbed-h33-ksat-minus-b575fde4a28c", "event_rows": 1662, "rows": 16437, "runtime_s": 1.4250501340720803, "status": "ran"}
{"case_id": "topanga-undisturbed-h34-ksat-minus-b575fde4a28c", "event_rows": 1670, "rows": 16437, "runtime_s": 1.3890614439733326, "status": "ran"}
{"case_id": "topanga-undisturbed-h33-ksat-plus-b575fde4a28c", "event_rows": 1662, "rows": 16437, "runtime_s": 1.4128345898352563, "status": "ran"}
{"case_id": "topanga-undisturbed-h34-ksat-plus-b575fde4a28c", "event_rows": 1669, "rows": 16437, "runtime_s": 1.429662621114403, "status": "ran"}
{"case_id": "topanga-undisturbed-h35-cover-plus-b575fde4a28c", "event_rows": 1665, "rows": 16437, "runtime_s": 1.4329050369560719, "status": "ran"}
{"case_id": "topanga-undisturbed-h34-cover-minus-b575fde4a28c", "event_rows": 1669, "rows": 16437, "runtime_s": 1.4474671471398324, "status": "ran"}
{"case_id": "topanga-undisturbed-h34-cover-plus-b575fde4a28c", "event_rows": 1669, "rows": 16437, "runtime_s": 1.3941790980752558, "status": "ran"}
{"case_id": "topanga-undisturbed-h35-ksat-minus-b575fde4a28c", "event_rows": 1665, "rows": 16437, "runtime_s": 1.4536173809319735, "status": "ran"}
{"case_id": "topanga-undisturbed-h35-cover-minus-b575fde4a28c", "event_rows": 1665, "rows": 16437, "runtime_s": 1.4561871830374002, "status": "ran"}
{"case_id": "topanga-undisturbed-h36-cover-plus-b575fde4a28c", "event_rows": 1676, "rows": 16437, "runtime_s": 1.399176151957363, "status": "ran"}
{"case_id": "topanga-undisturbed-h36-cover-minus-b575fde4a28c", "event_rows": 1676, "rows": 16437, "runtime_s": 1.4707532988395542, "status": "ran"}
{"case_id": "topanga-undisturbed-h37-cover-plus-b575fde4a28c", "event_rows": 1675, "rows": 16437, "runtime_s": 1.4441189549397677, "status": "ran"}
{"case_id": "topanga-undisturbed-h37-ksat-minus-b575fde4a28c", "event_rows": 1675, "rows": 16437, "runtime_s": 1.4445864791050553, "status": "ran"}
{"case_id": "topanga-undisturbed-h35-ksat-plus-b575fde4a28c", "event_rows": 1665, "rows": 16437, "runtime_s": 1.463242882862687, "status": "ran"}
{"case_id": "topanga-undisturbed-h37-cover-minus-b575fde4a28c", "event_rows": 1675, "rows": 16437, "runtime_s": 1.4554889050778002, "status": "ran"}
{"case_id": "topanga-undisturbed-h36-ksat-plus-b575fde4a28c", "event_rows": 1676, "rows": 16437, "runtime_s": 1.4528432411607355, "status": "ran"}
{"case_id": "topanga-undisturbed-h36-ksat-minus-b575fde4a28c", "event_rows": 1676, "rows": 16437, "runtime_s": 1.4155159681104124, "status": "ran"}
{"case_id": "topanga-undisturbed-h37-ksat-plus-b575fde4a28c", "event_rows": 1675, "rows": 16437, "runtime_s": 1.4095950748305768, "status": "ran"}
{"case_id": "topanga-undisturbed-h38-cover-plus-b575fde4a28c", "event_rows": 1680, "rows": 16437, "runtime_s": 1.4494905029423535, "status": "ran"}
{"case_id": "topanga-undisturbed-h39-cover-minus-b575fde4a28c", "event_rows": 1678, "rows": 16437, "runtime_s": 1.424079559976235, "status": "ran"}
{"case_id": "topanga-undisturbed-h38-ksat-plus-b575fde4a28c", "event_rows": 1680, "rows": 16437, "runtime_s": 1.4446376389823854, "status": "ran"}
{"case_id": "topanga-undisturbed-h38-cover-minus-b575fde4a28c", "event_rows": 1680, "rows": 16437, "runtime_s": 1.4538120229262859, "status": "ran"}
{"case_id": "topanga-undisturbed-h39-cover-plus-b575fde4a28c", "event_rows": 1678, "rows": 16437, "runtime_s": 1.4184838831424713, "status": "ran"}
{"case_id": "topanga-undisturbed-h39-ksat-minus-b575fde4a28c", "event_rows": 1678, "rows": 16437, "runtime_s": 1.4482023851014674, "status": "ran"}
{"case_id": "topanga-undisturbed-h38-ksat-minus-b575fde4a28c", "event_rows": 1680, "rows": 16437, "runtime_s": 1.4211689541116357, "status": "ran"}
{"case_id": "topanga-undisturbed-h40-cover-plus-b575fde4a28c", "event_rows": 1688, "rows": 16437, "runtime_s": 1.4556605000980198, "status": "ran"}
{"case_id": "topanga-undisturbed-h39-ksat-plus-b575fde4a28c", "event_rows": 1678, "rows": 16437, "runtime_s": 1.474122823914513, "status": "ran"}
{"case_id": "topanga-undisturbed-h4-ksat-plus-b575fde4a28c", "event_rows": 1839, "rows": 16437, "runtime_s": 1.5505910881329328, "status": "ran"}
{"case_id": "topanga-undisturbed-h40-ksat-plus-b575fde4a28c", "event_rows": 1688, "rows": 16437, "runtime_s": 1.5483098370023072, "status": "ran"}
{"case_id": "topanga-undisturbed-h40-cover-minus-b575fde4a28c", "event_rows": 1688, "rows": 16437, "runtime_s": 1.5863078290130943, "status": "ran"}
{"case_id": "topanga-undisturbed-h4-ksat-minus-b575fde4a28c", "event_rows": 1839, "rows": 16437, "runtime_s": 1.5590912990737706, "status": "ran"}
{"case_id": "topanga-undisturbed-h41-cover-minus-b575fde4a28c", "event_rows": 1707, "rows": 16437, "runtime_s": 1.5104484448675066, "status": "ran"}
{"case_id": "topanga-undisturbed-h40-ksat-minus-b575fde4a28c", "event_rows": 1688, "rows": 16437, "runtime_s": 1.5218968279659748, "status": "ran"}
{"case_id": "topanga-undisturbed-h41-cover-plus-b575fde4a28c", "event_rows": 1707, "rows": 16437, "runtime_s": 1.4068914779927582, "status": "ran"}
{"case_id": "topanga-undisturbed-h41-ksat-minus-b575fde4a28c", "event_rows": 1707, "rows": 16437, "runtime_s": 1.4879963148850948, "status": "ran"}
{"case_id": "topanga-undisturbed-h42-cover-plus-b575fde4a28c", "event_rows": 1677, "rows": 16437, "runtime_s": 1.4033669291529804, "status": "ran"}
{"case_id": "topanga-undisturbed-h43-cover-minus-b575fde4a28c", "event_rows": 1708, "rows": 16437, "runtime_s": 1.4611893082037568, "status": "ran"}
{"case_id": "topanga-undisturbed-h42-ksat-plus-b575fde4a28c", "event_rows": 1677, "rows": 16437, "runtime_s": 1.492183943046257, "status": "ran"}
{"case_id": "topanga-undisturbed-h42-ksat-minus-b575fde4a28c", "event_rows": 1677, "rows": 16437, "runtime_s": 1.4806954709347337, "status": "ran"}
{"case_id": "topanga-undisturbed-h41-ksat-plus-b575fde4a28c", "event_rows": 1707, "rows": 16437, "runtime_s": 1.453186723170802, "status": "ran"}
{"case_id": "topanga-undisturbed-h42-cover-minus-b575fde4a28c", "event_rows": 1677, "rows": 16437, "runtime_s": 1.4352596618700773, "status": "ran"}
{"case_id": "topanga-undisturbed-h43-cover-plus-b575fde4a28c", "event_rows": 1708, "rows": 16437, "runtime_s": 1.406358805950731, "status": "ran"}
{"case_id": "topanga-undisturbed-h43-ksat-minus-b575fde4a28c", "event_rows": 1708, "rows": 16437, "runtime_s": 1.4547846061177552, "status": "ran"}
{"case_id": "topanga-undisturbed-h44-ksat-minus-b575fde4a28c", "event_rows": 1693, "rows": 16437, "runtime_s": 1.4339203389827162, "status": "ran"}
{"case_id": "topanga-undisturbed-h44-ksat-plus-b575fde4a28c", "event_rows": 1693, "rows": 16437, "runtime_s": 1.4262001949828118, "status": "ran"}
{"case_id": "topanga-undisturbed-h43-ksat-plus-b575fde4a28c", "event_rows": 1708, "rows": 16437, "runtime_s": 1.4472858500666916, "status": "ran"}
{"case_id": "topanga-undisturbed-h45-cover-minus-b575fde4a28c", "event_rows": 1693, "rows": 16437, "runtime_s": 1.4248717869631946, "status": "ran"}
{"case_id": "topanga-undisturbed-h44-cover-minus-b575fde4a28c", "event_rows": 1693, "rows": 16437, "runtime_s": 1.4554777170997113, "status": "ran"}
{"case_id": "topanga-undisturbed-h44-cover-plus-b575fde4a28c", "event_rows": 1693, "rows": 16437, "runtime_s": 1.4547906261868775, "status": "ran"}
{"case_id": "topanga-undisturbed-h47-cover-minus-b575fde4a28c", "event_rows": 1710, "rows": 16437, "runtime_s": 1.3914503040723503, "status": "ran"}
{"case_id": "topanga-undisturbed-h46-cover-minus-b575fde4a28c", "event_rows": 1701, "rows": 16437, "runtime_s": 1.467126060044393, "status": "ran"}
{"case_id": "topanga-undisturbed-h45-cover-plus-b575fde4a28c", "event_rows": 1693, "rows": 16437, "runtime_s": 1.4735330890398473, "status": "ran"}
{"case_id": "topanga-undisturbed-h45-ksat-plus-b575fde4a28c", "event_rows": 1693, "rows": 16437, "runtime_s": 1.4263980300165713, "status": "ran"}
{"case_id": "topanga-undisturbed-h46-ksat-minus-b575fde4a28c", "event_rows": 1701, "rows": 16437, "runtime_s": 1.462642083875835, "status": "ran"}
{"case_id": "topanga-undisturbed-h46-cover-plus-b575fde4a28c", "event_rows": 1701, "rows": 16437, "runtime_s": 1.4535821520257741, "status": "ran"}
{"case_id": "topanga-undisturbed-h45-ksat-minus-b575fde4a28c", "event_rows": 1693, "rows": 16437, "runtime_s": 1.4638770909514278, "status": "ran"}
{"case_id": "topanga-undisturbed-h46-ksat-plus-b575fde4a28c", "event_rows": 1701, "rows": 16437, "runtime_s": 1.4608865920454264, "status": "ran"}
{"case_id": "topanga-undisturbed-h49-cover-plus-b575fde4a28c", "event_rows": 1698, "rows": 16437, "runtime_s": 1.4498271669726819, "status": "ran"}
{"case_id": "topanga-undisturbed-h48-ksat-plus-b575fde4a28c", "event_rows": 1636, "rows": 16437, "runtime_s": 1.4532787860371172, "status": "ran"}
{"case_id": "topanga-undisturbed-h49-ksat-minus-b575fde4a28c", "event_rows": 1698, "rows": 16437, "runtime_s": 1.4158295700326562, "status": "ran"}
{"case_id": "topanga-undisturbed-h49-cover-minus-b575fde4a28c", "event_rows": 1698, "rows": 16437, "runtime_s": 1.4306201380677521, "status": "ran"}
{"case_id": "topanga-undisturbed-h47-ksat-plus-b575fde4a28c", "event_rows": 1710, "rows": 16437, "runtime_s": 1.4008228122256696, "status": "ran"}
{"case_id": "topanga-undisturbed-h47-cover-plus-b575fde4a28c", "event_rows": 1710, "rows": 16437, "runtime_s": 1.435597631148994, "status": "ran"}
{"case_id": "topanga-undisturbed-h47-ksat-minus-b575fde4a28c", "event_rows": 1710, "rows": 16437, "runtime_s": 1.4892202240880579, "status": "ran"}
{"case_id": "topanga-undisturbed-h48-ksat-minus-b575fde4a28c", "event_rows": 1636, "rows": 16437, "runtime_s": 1.4839486188720912, "status": "ran"}
{"case_id": "topanga-undisturbed-h50-ksat-minus-b575fde4a28c", "event_rows": 1700, "rows": 16437, "runtime_s": 1.3957992289215326, "status": "ran"}
{"case_id": "topanga-undisturbed-h5-ksat-plus-b575fde4a28c", "event_rows": 1860, "rows": 16437, "runtime_s": 1.4929533749818802, "status": "ran"}
{"case_id": "topanga-undisturbed-h51-cover-minus-b575fde4a28c", "event_rows": 1689, "rows": 16437, "runtime_s": 1.4656702168285847, "status": "ran"}
{"case_id": "topanga-undisturbed-h50-cover-plus-b575fde4a28c", "event_rows": 1700, "rows": 16437, "runtime_s": 1.4887244829442352, "status": "ran"}
{"case_id": "topanga-undisturbed-h50-cover-minus-b575fde4a28c", "event_rows": 1700, "rows": 16437, "runtime_s": 1.4559414179529995, "status": "ran"}
{"case_id": "topanga-undisturbed-h50-ksat-plus-b575fde4a28c", "event_rows": 1700, "rows": 16437, "runtime_s": 1.4207153029274195, "status": "ran"}
{"case_id": "topanga-undisturbed-h49-ksat-plus-b575fde4a28c", "event_rows": 1698, "rows": 16437, "runtime_s": 1.4365397561341524, "status": "ran"}
{"case_id": "topanga-undisturbed-h5-ksat-minus-b575fde4a28c", "event_rows": 1860, "rows": 16437, "runtime_s": 1.554577485891059, "status": "ran"}
{"case_id": "topanga-undisturbed-h51-ksat-plus-b575fde4a28c", "event_rows": 1689, "rows": 16437, "runtime_s": 1.4282556041143835, "status": "ran"}
{"case_id": "topanga-undisturbed-h51-cover-plus-b575fde4a28c", "event_rows": 1689, "rows": 16437, "runtime_s": 1.3989454419352114, "status": "ran"}
{"case_id": "topanga-undisturbed-h52-cover-plus-b575fde4a28c", "event_rows": 1676, "rows": 16437, "runtime_s": 1.411599722923711, "status": "ran"}
{"case_id": "topanga-undisturbed-h52-cover-minus-b575fde4a28c", "event_rows": 1676, "rows": 16437, "runtime_s": 1.3795640720054507, "status": "ran"}
{"case_id": "topanga-undisturbed-h51-ksat-minus-b575fde4a28c", "event_rows": 1689, "rows": 16437, "runtime_s": 1.4427024810574949, "status": "ran"}
{"case_id": "topanga-undisturbed-h52-ksat-minus-b575fde4a28c", "event_rows": 1677, "rows": 16437, "runtime_s": 1.4364417830947787, "status": "ran"}
{"case_id": "topanga-undisturbed-h53-cover-minus-b575fde4a28c", "event_rows": 1658, "rows": 16437, "runtime_s": 1.4958330949302763, "status": "ran"}
{"case_id": "topanga-undisturbed-h52-ksat-plus-b575fde4a28c", "event_rows": 1676, "rows": 16437, "runtime_s": 1.4089935349766165, "status": "ran"}
{"case_id": "topanga-undisturbed-h54-cover-plus-b575fde4a28c", "event_rows": 1700, "rows": 16437, "runtime_s": 1.3980311581399292, "status": "ran"}
{"case_id": "topanga-undisturbed-h54-ksat-minus-b575fde4a28c", "event_rows": 1700, "rows": 16437, "runtime_s": 1.3993032779544592, "status": "ran"}
{"case_id": "topanga-undisturbed-h53-ksat-minus-b575fde4a28c", "event_rows": 1659, "rows": 16437, "runtime_s": 1.6410600650124252, "status": "ran"}
{"case_id": "topanga-undisturbed-h54-cover-minus-b575fde4a28c", "event_rows": 1700, "rows": 16437, "runtime_s": 1.6311484479811043, "status": "ran"}
{"case_id": "topanga-undisturbed-h53-ksat-plus-b575fde4a28c", "event_rows": 1658, "rows": 16437, "runtime_s": 1.6365154539234936, "status": "ran"}
{"case_id": "topanga-undisturbed-h55-cover-minus-b575fde4a28c", "event_rows": 1702, "rows": 16437, "runtime_s": 1.625491846119985, "status": "ran"}
{"case_id": "topanga-undisturbed-h53-cover-plus-b575fde4a28c", "event_rows": 1658, "rows": 16437, "runtime_s": 1.64943738700822, "status": "ran"}
{"case_id": "topanga-undisturbed-h54-ksat-plus-b575fde4a28c", "event_rows": 1700, "rows": 16437, "runtime_s": 1.6247427680063993, "status": "ran"}
{"case_id": "topanga-undisturbed-h56-ksat-plus-b575fde4a28c", "event_rows": 1692, "rows": 16437, "runtime_s": 1.3696866729296744, "status": "ran"}
{"case_id": "topanga-undisturbed-h56-ksat-minus-b575fde4a28c", "event_rows": 1692, "rows": 16437, "runtime_s": 1.441462007118389, "status": "ran"}
{"case_id": "topanga-undisturbed-h57-cover-minus-b575fde4a28c", "event_rows": 1693, "rows": 16437, "runtime_s": 1.4116576700471342, "status": "ran"}
{"case_id": "topanga-undisturbed-h56-cover-minus-b575fde4a28c", "event_rows": 1692, "rows": 16437, "runtime_s": 1.4396469069179147, "status": "ran"}
{"case_id": "topanga-undisturbed-h55-ksat-plus-b575fde4a28c", "event_rows": 1702, "rows": 16437, "runtime_s": 1.4770366749726236, "status": "ran"}
{"case_id": "topanga-undisturbed-h55-ksat-minus-b575fde4a28c", "event_rows": 1702, "rows": 16437, "runtime_s": 1.474193261936307, "status": "ran"}
{"case_id": "topanga-undisturbed-h56-cover-plus-b575fde4a28c", "event_rows": 1692, "rows": 16437, "runtime_s": 1.4143375540152192, "status": "ran"}
{"case_id": "topanga-undisturbed-h55-cover-plus-b575fde4a28c", "event_rows": 1702, "rows": 16437, "runtime_s": 1.5244781549554318, "status": "ran"}
{"case_id": "topanga-undisturbed-h57-cover-plus-b575fde4a28c", "event_rows": 1693, "rows": 16437, "runtime_s": 1.3626403929665685, "status": "ran"}
{"case_id": "topanga-undisturbed-h58-cover-plus-b575fde4a28c", "event_rows": 1695, "rows": 16437, "runtime_s": 1.4293078458867967, "status": "ran"}
{"case_id": "topanga-undisturbed-h57-ksat-minus-b575fde4a28c", "event_rows": 1693, "rows": 16437, "runtime_s": 1.4067435001488775, "status": "ran"}
{"case_id": "topanga-undisturbed-h57-ksat-plus-b575fde4a28c", "event_rows": 1693, "rows": 16437, "runtime_s": 1.434371646028012, "status": "ran"}
{"case_id": "topanga-undisturbed-h59-cover-minus-b575fde4a28c", "event_rows": 1683, "rows": 16437, "runtime_s": 1.4976157571654767, "status": "ran"}
{"case_id": "topanga-undisturbed-h58-ksat-plus-b575fde4a28c", "event_rows": 1695, "rows": 16437, "runtime_s": 1.4890299630351365, "status": "ran"}
{"case_id": "topanga-undisturbed-h58-ksat-minus-b575fde4a28c", "event_rows": 1695, "rows": 16437, "runtime_s": 1.4789263519924134, "status": "ran"}
{"case_id": "topanga-undisturbed-h58-cover-minus-b575fde4a28c", "event_rows": 1695, "rows": 16437, "runtime_s": 1.5218374750111252, "status": "ran"}
{"case_id": "topanga-undisturbed-h60-cover-plus-b575fde4a28c", "event_rows": 1668, "rows": 16437, "runtime_s": 1.4302863120101392, "status": "ran"}
{"case_id": "topanga-undisturbed-h60-cover-minus-b575fde4a28c", "event_rows": 1668, "rows": 16437, "runtime_s": 1.433395406929776, "status": "ran"}
{"case_id": "topanga-undisturbed-h59-ksat-plus-b575fde4a28c", "event_rows": 1683, "rows": 16437, "runtime_s": 1.5005464889109135, "status": "ran"}
{"case_id": "topanga-undisturbed-h60-ksat-minus-b575fde4a28c", "event_rows": 1668, "rows": 16437, "runtime_s": 1.480420723091811, "status": "ran"}
{"case_id": "topanga-undisturbed-h59-ksat-minus-b575fde4a28c", "event_rows": 1683, "rows": 16437, "runtime_s": 1.504980460042134, "status": "ran"}
{"case_id": "topanga-undisturbed-h59-cover-plus-b575fde4a28c", "event_rows": 1683, "rows": 16437, "runtime_s": 1.5025465211365372, "status": "ran"}
{"case_id": "topanga-undisturbed-h6-ksat-minus-b575fde4a28c", "event_rows": 1864, "rows": 16437, "runtime_s": 1.4669364129658788, "status": "ran"}
{"case_id": "topanga-undisturbed-h6-ksat-plus-b575fde4a28c", "event_rows": 1864, "rows": 16437, "runtime_s": 1.5526152891106904, "status": "ran"}
{"case_id": "topanga-undisturbed-h61-cover-minus-b575fde4a28c", "event_rows": 1671, "rows": 16437, "runtime_s": 1.4145619831979275, "status": "ran"}
{"case_id": "topanga-undisturbed-h61-ksat-plus-b575fde4a28c", "event_rows": 1670, "rows": 16437, "runtime_s": 1.4831773359328508, "status": "ran"}
{"case_id": "topanga-undisturbed-h60-ksat-plus-b575fde4a28c", "event_rows": 1668, "rows": 16437, "runtime_s": 1.4789387499913573, "status": "ran"}
{"case_id": "topanga-undisturbed-h61-ksat-minus-b575fde4a28c", "event_rows": 1671, "rows": 16437, "runtime_s": 1.5016455659642816, "status": "ran"}
{"case_id": "topanga-undisturbed-h62-cover-plus-b575fde4a28c", "event_rows": 1688, "rows": 16437, "runtime_s": 1.4321226989850402, "status": "ran"}
{"case_id": "topanga-undisturbed-h61-cover-plus-b575fde4a28c", "event_rows": 1671, "rows": 16437, "runtime_s": 1.4706397440750152, "status": "ran"}
{"case_id": "topanga-undisturbed-h62-cover-minus-b575fde4a28c", "event_rows": 1688, "rows": 16437, "runtime_s": 1.4929913999512792, "status": "ran"}
{"case_id": "topanga-undisturbed-h62-ksat-minus-b575fde4a28c", "event_rows": 1688, "rows": 16437, "runtime_s": 1.4910304509103298, "status": "ran"}
{"case_id": "topanga-undisturbed-h62-ksat-plus-b575fde4a28c", "event_rows": 1688, "rows": 16437, "runtime_s": 1.4311536240857095, "status": "ran"}
{"case_id": "topanga-undisturbed-h64-cover-minus-b575fde4a28c", "event_rows": 1703, "rows": 16437, "runtime_s": 1.473341828910634, "status": "ran"}
{"case_id": "topanga-undisturbed-h63-cover-minus-b575fde4a28c", "event_rows": 1680, "rows": 16437, "runtime_s": 1.4619501780252904, "status": "ran"}
{"case_id": "topanga-undisturbed-h63-ksat-plus-b575fde4a28c", "event_rows": 1680, "rows": 16437, "runtime_s": 1.495790635002777, "status": "ran"}
{"case_id": "topanga-undisturbed-h64-cover-plus-b575fde4a28c", "event_rows": 1703, "rows": 16437, "runtime_s": 1.4796282679308206, "status": "ran"}
{"case_id": "topanga-undisturbed-h64-ksat-minus-b575fde4a28c", "event_rows": 1703, "rows": 16437, "runtime_s": 1.479382773162797, "status": "ran"}
{"case_id": "topanga-undisturbed-h63-ksat-minus-b575fde4a28c", "event_rows": 1680, "rows": 16437, "runtime_s": 1.4974448580760509, "status": "ran"}
{"case_id": "topanga-undisturbed-h63-cover-plus-b575fde4a28c", "event_rows": 1680, "rows": 16437, "runtime_s": 1.4741418159101158, "status": "ran"}
{"case_id": "topanga-undisturbed-h66-cover-plus-b575fde4a28c", "event_rows": 1696, "rows": 16437, "runtime_s": 1.3868268390651792, "status": "ran"}
{"case_id": "topanga-undisturbed-h66-cover-minus-b575fde4a28c", "event_rows": 1696, "rows": 16437, "runtime_s": 1.4519973709248006, "status": "ran"}
{"case_id": "topanga-undisturbed-h65-ksat-minus-b575fde4a28c", "event_rows": 1665, "rows": 16437, "runtime_s": 1.44660525303334, "status": "ran"}
{"case_id": "topanga-undisturbed-h64-ksat-plus-b575fde4a28c", "event_rows": 1703, "rows": 16437, "runtime_s": 1.4668558381963521, "status": "ran"}
{"case_id": "topanga-undisturbed-h65-ksat-plus-b575fde4a28c", "event_rows": 1664, "rows": 16437, "runtime_s": 1.4601869250182062, "status": "ran"}
{"case_id": "topanga-undisturbed-h65-cover-plus-b575fde4a28c", "event_rows": 1665, "rows": 16437, "runtime_s": 1.4883691389113665, "status": "ran"}
{"case_id": "topanga-undisturbed-h65-cover-minus-b575fde4a28c", "event_rows": 1665, "rows": 16437, "runtime_s": 1.4819770141039044, "status": "ran"}
{"case_id": "topanga-undisturbed-h66-ksat-minus-b575fde4a28c", "event_rows": 1696, "rows": 16437, "runtime_s": 1.4642844637855887, "status": "ran"}
{"case_id": "topanga-undisturbed-h68-ksat-minus-b575fde4a28c", "event_rows": 1681, "rows": 16437, "runtime_s": 1.3782980379182845, "status": "ran"}
{"case_id": "topanga-undisturbed-h68-cover-minus-b575fde4a28c", "event_rows": 1681, "rows": 16437, "runtime_s": 1.4719621669501066, "status": "ran"}
{"case_id": "topanga-undisturbed-h67-ksat-plus-b575fde4a28c", "event_rows": 1673, "rows": 16437, "runtime_s": 1.4501118920743465, "status": "ran"}
{"case_id": "topanga-undisturbed-h68-cover-plus-b575fde4a28c", "event_rows": 1681, "rows": 16437, "runtime_s": 1.4366504161152989, "status": "ran"}
{"case_id": "topanga-undisturbed-h67-cover-plus-b575fde4a28c", "event_rows": 1673, "rows": 16437, "runtime_s": 1.4515189009252936, "status": "ran"}
{"case_id": "topanga-undisturbed-h66-ksat-plus-b575fde4a28c", "event_rows": 1696, "rows": 16437, "runtime_s": 1.4705680119805038, "status": "ran"}
{"case_id": "topanga-undisturbed-h67-ksat-minus-b575fde4a28c", "event_rows": 1673, "rows": 16437, "runtime_s": 1.4496102428529412, "status": "ran"}
{"case_id": "topanga-undisturbed-h67-cover-minus-b575fde4a28c", "event_rows": 1673, "rows": 16437, "runtime_s": 1.4785847538150847, "status": "ran"}
{"case_id": "topanga-undisturbed-h68-ksat-plus-b575fde4a28c", "event_rows": 1681, "rows": 16437, "runtime_s": 1.5111817920114845, "status": "ran"}
{"case_id": "topanga-undisturbed-h69-cover-plus-b575fde4a28c", "event_rows": 1698, "rows": 16437, "runtime_s": 1.4909787739161402, "status": "ran"}
{"case_id": "topanga-undisturbed-h69-cover-minus-b575fde4a28c", "event_rows": 1698, "rows": 16437, "runtime_s": 1.4575818970333785, "status": "ran"}
{"case_id": "topanga-undisturbed-h69-ksat-plus-b575fde4a28c", "event_rows": 1698, "rows": 16437, "runtime_s": 1.4668297639582306, "status": "ran"}
{"case_id": "topanga-undisturbed-h69-ksat-minus-b575fde4a28c", "event_rows": 1698, "rows": 16437, "runtime_s": 1.4757793731987476, "status": "ran"}
{"case_id": "topanga-undisturbed-h7-ksat-minus-b575fde4a28c", "event_rows": 1643, "rows": 16437, "runtime_s": 1.3952033168170601, "status": "ran"}
{"case_id": "topanga-undisturbed-h7-cover-minus-b575fde4a28c", "event_rows": 1643, "rows": 16437, "runtime_s": 1.4478436030913144, "status": "ran"}
{"case_id": "topanga-undisturbed-h7-cover-plus-b575fde4a28c", "event_rows": 1643, "rows": 16437, "runtime_s": 1.4299795981496572, "status": "ran"}
{"case_id": "topanga-undisturbed-h70-ksat-plus-b575fde4a28c", "event_rows": 1646, "rows": 16437, "runtime_s": 1.3678702670149505, "status": "ran"}
{"case_id": "topanga-undisturbed-h7-ksat-plus-b575fde4a28c", "event_rows": 1643, "rows": 16437, "runtime_s": 1.4420787149574608, "status": "ran"}
{"case_id": "topanga-undisturbed-h71-ksat-minus-b575fde4a28c", "event_rows": 1693, "rows": 16437, "runtime_s": 1.4386775370221585, "status": "ran"}
{"case_id": "topanga-undisturbed-h70-cover-minus-b575fde4a28c", "event_rows": 1646, "rows": 16437, "runtime_s": 1.3977751238271594, "status": "ran"}
{"case_id": "topanga-undisturbed-h70-ksat-minus-b575fde4a28c", "event_rows": 1646, "rows": 16437, "runtime_s": 1.3669709500391036, "status": "ran"}
{"case_id": "topanga-undisturbed-h71-cover-minus-b575fde4a28c", "event_rows": 1693, "rows": 16437, "runtime_s": 1.398208427010104, "status": "ran"}
{"case_id": "topanga-undisturbed-h71-cover-plus-b575fde4a28c", "event_rows": 1693, "rows": 16437, "runtime_s": 1.4518255039583892, "status": "ran"}
{"case_id": "topanga-undisturbed-h70-cover-plus-b575fde4a28c", "event_rows": 1646, "rows": 16437, "runtime_s": 1.466694361064583, "status": "ran"}
{"case_id": "topanga-undisturbed-h72-cover-minus-b575fde4a28c", "event_rows": 1699, "rows": 16437, "runtime_s": 1.3951992220245302, "status": "ran"}
{"case_id": "topanga-undisturbed-h72-ksat-minus-b575fde4a28c", "event_rows": 1699, "rows": 16437, "runtime_s": 1.4439545010682195, "status": "ran"}
{"case_id": "topanga-undisturbed-h72-cover-plus-b575fde4a28c", "event_rows": 1699, "rows": 16437, "runtime_s": 1.434153140988201, "status": "ran"}
{"case_id": "topanga-undisturbed-h73-cover-plus-b575fde4a28c", "event_rows": 1681, "rows": 16437, "runtime_s": 1.472904371097684, "status": "ran"}
{"case_id": "topanga-undisturbed-h71-ksat-plus-b575fde4a28c", "event_rows": 1693, "rows": 16437, "runtime_s": 1.445526965195313, "status": "ran"}
{"case_id": "topanga-undisturbed-h73-cover-minus-b575fde4a28c", "event_rows": 1681, "rows": 16437, "runtime_s": 1.4614382421132177, "status": "ran"}
{"case_id": "topanga-undisturbed-h72-ksat-plus-b575fde4a28c", "event_rows": 1699, "rows": 16437, "runtime_s": 1.4786962289363146, "status": "ran"}
{"case_id": "topanga-undisturbed-h73-ksat-minus-b575fde4a28c", "event_rows": 1681, "rows": 16437, "runtime_s": 1.4099020292051136, "status": "ran"}
{"case_id": "topanga-undisturbed-h74-cover-minus-b575fde4a28c", "event_rows": 1670, "rows": 16437, "runtime_s": 1.3626053440384567, "status": "ran"}
{"case_id": "topanga-undisturbed-h75-cover-plus-b575fde4a28c", "event_rows": 1688, "rows": 16437, "runtime_s": 1.3950801379978657, "status": "ran"}
{"case_id": "topanga-undisturbed-h74-cover-plus-b575fde4a28c", "event_rows": 1670, "rows": 16437, "runtime_s": 1.4450473841279745, "status": "ran"}
{"case_id": "topanga-undisturbed-h75-ksat-minus-b575fde4a28c", "event_rows": 1688, "rows": 16437, "runtime_s": 1.4039901008363813, "status": "ran"}
{"case_id": "topanga-undisturbed-h75-cover-minus-b575fde4a28c", "event_rows": 1688, "rows": 16437, "runtime_s": 1.438661681022495, "status": "ran"}
{"case_id": "topanga-undisturbed-h73-ksat-plus-b575fde4a28c", "event_rows": 1681, "rows": 16437, "runtime_s": 1.4612797570880502, "status": "ran"}
{"case_id": "topanga-undisturbed-h74-ksat-plus-b575fde4a28c", "event_rows": 1670, "rows": 16437, "runtime_s": 1.4099325330462307, "status": "ran"}
{"case_id": "topanga-undisturbed-h74-ksat-minus-b575fde4a28c", "event_rows": 1670, "rows": 16437, "runtime_s": 1.4408281119540334, "status": "ran"}
{"case_id": "topanga-undisturbed-h75-ksat-plus-b575fde4a28c", "event_rows": 1688, "rows": 16437, "runtime_s": 1.403185062808916, "status": "ran"}
{"case_id": "topanga-undisturbed-h77-cover-plus-b575fde4a28c", "event_rows": 1710, "rows": 16437, "runtime_s": 1.425246189115569, "status": "ran"}
{"case_id": "topanga-undisturbed-h77-cover-minus-b575fde4a28c", "event_rows": 1710, "rows": 16437, "runtime_s": 1.4423072231002152, "status": "ran"}
{"case_id": "topanga-undisturbed-h76-ksat-minus-b575fde4a28c", "event_rows": 1694, "rows": 16437, "runtime_s": 1.414614759851247, "status": "ran"}
{"case_id": "topanga-undisturbed-h77-ksat-minus-b575fde4a28c", "event_rows": 1710, "rows": 16437, "runtime_s": 1.4085079790093005, "status": "ran"}
{"case_id": "topanga-undisturbed-h76-cover-plus-b575fde4a28c", "event_rows": 1694, "rows": 16437, "runtime_s": 1.4502491417806596, "status": "ran"}
{"case_id": "topanga-undisturbed-h76-cover-minus-b575fde4a28c", "event_rows": 1694, "rows": 16437, "runtime_s": 1.4390086480416358, "status": "ran"}
{"case_id": "topanga-undisturbed-h76-ksat-plus-b575fde4a28c", "event_rows": 1694, "rows": 16437, "runtime_s": 1.4285806170664728, "status": "ran"}
{"case_id": "topanga-undisturbed-h77-ksat-plus-b575fde4a28c", "event_rows": 1710, "rows": 16437, "runtime_s": 1.3847349248826504, "status": "ran"}
{"case_id": "topanga-undisturbed-h78-cover-minus-b575fde4a28c", "event_rows": 1682, "rows": 16437, "runtime_s": 1.4690100101288408, "status": "ran"}
{"case_id": "topanga-undisturbed-h78-ksat-minus-b575fde4a28c", "event_rows": 1682, "rows": 16437, "runtime_s": 1.445122922072187, "status": "ran"}
{"case_id": "topanga-undisturbed-h78-cover-plus-b575fde4a28c", "event_rows": 1682, "rows": 16437, "runtime_s": 1.4635076210834086, "status": "ran"}
{"case_id": "topanga-undisturbed-h79-cover-minus-b575fde4a28c", "event_rows": 1687, "rows": 16437, "runtime_s": 1.5071226439904422, "status": "ran"}
{"case_id": "topanga-undisturbed-h78-ksat-plus-b575fde4a28c", "event_rows": 1682, "rows": 16437, "runtime_s": 1.4515217810403556, "status": "ran"}
{"case_id": "topanga-undisturbed-h79-cover-plus-b575fde4a28c", "event_rows": 1687, "rows": 16437, "runtime_s": 1.4574940660968423, "status": "ran"}
{"case_id": "topanga-undisturbed-h79-ksat-minus-b575fde4a28c", "event_rows": 1687, "rows": 16437, "runtime_s": 1.7140023480169475, "status": "ran"}
{"case_id": "topanga-undisturbed-h8-cover-minus-b575fde4a28c", "event_rows": 1653, "rows": 16437, "runtime_s": 1.4066280638799071, "status": "ran"}
{"case_id": "topanga-undisturbed-h8-ksat-minus-b575fde4a28c", "event_rows": 1653, "rows": 16437, "runtime_s": 1.4618516969494522, "status": "ran"}
{"case_id": "topanga-undisturbed-h79-ksat-plus-b575fde4a28c", "event_rows": 1687, "rows": 16437, "runtime_s": 1.480304196011275, "status": "ran"}
{"case_id": "topanga-undisturbed-h80-cover-plus-b575fde4a28c", "event_rows": 1681, "rows": 16437, "runtime_s": 1.4534922470338643, "status": "ran"}
{"case_id": "topanga-undisturbed-h80-cover-minus-b575fde4a28c", "event_rows": 1681, "rows": 16437, "runtime_s": 1.4835258862003684, "status": "ran"}
{"case_id": "topanga-undisturbed-h8-cover-plus-b575fde4a28c", "event_rows": 1653, "rows": 16437, "runtime_s": 1.4898350581061095, "status": "ran"}
{"case_id": "topanga-undisturbed-h8-ksat-plus-b575fde4a28c", "event_rows": 1653, "rows": 16437, "runtime_s": 1.4219300379045308, "status": "ran"}
{"case_id": "topanga-undisturbed-h80-ksat-minus-b575fde4a28c", "event_rows": 1681, "rows": 16437, "runtime_s": 1.4395311360713094, "status": "ran"}
{"case_id": "topanga-undisturbed-h81-ksat-minus-b575fde4a28c", "event_rows": 1690, "rows": 16437, "runtime_s": 1.4161308880429715, "status": "ran"}
{"case_id": "topanga-undisturbed-h82-cover-plus-b575fde4a28c", "event_rows": 1685, "rows": 16437, "runtime_s": 1.4143561930395663, "status": "ran"}
{"case_id": "topanga-undisturbed-h81-cover-plus-b575fde4a28c", "event_rows": 1690, "rows": 16437, "runtime_s": 1.4664185598958284, "status": "ran"}
{"case_id": "topanga-undisturbed-h81-cover-minus-b575fde4a28c", "event_rows": 1690, "rows": 16437, "runtime_s": 1.6090121800079942, "status": "ran"}
{"case_id": "topanga-undisturbed-h80-ksat-plus-b575fde4a28c", "event_rows": 1681, "rows": 16437, "runtime_s": 1.4653574749827385, "status": "ran"}
{"case_id": "topanga-undisturbed-h82-ksat-minus-b575fde4a28c", "event_rows": 1685, "rows": 16437, "runtime_s": 1.4533639659639448, "status": "ran"}
{"case_id": "topanga-undisturbed-h81-ksat-plus-b575fde4a28c", "event_rows": 1690, "rows": 16437, "runtime_s": 1.4561113379895687, "status": "ran"}
{"case_id": "topanga-undisturbed-h82-cover-minus-b575fde4a28c", "event_rows": 1685, "rows": 16437, "runtime_s": 1.4556215771008283, "status": "ran"}
{"case_id": "topanga-undisturbed-h83-cover-plus-b575fde4a28c", "event_rows": 1670, "rows": 16437, "runtime_s": 1.4558299859054387, "status": "ran"}
{"case_id": "topanga-undisturbed-h84-cover-plus-b575fde4a28c", "event_rows": 1685, "rows": 16437, "runtime_s": 1.480676406994462, "status": "ran"}
{"case_id": "topanga-undisturbed-h83-ksat-minus-b575fde4a28c", "event_rows": 1670, "rows": 16437, "runtime_s": 1.4939288010355085, "status": "ran"}
{"case_id": "topanga-undisturbed-h83-ksat-plus-b575fde4a28c", "event_rows": 1670, "rows": 16437, "runtime_s": 1.458647623192519, "status": "ran"}
{"case_id": "topanga-undisturbed-h83-cover-minus-b575fde4a28c", "event_rows": 1670, "rows": 16437, "runtime_s": 1.4877158508170396, "status": "ran"}
{"case_id": "topanga-undisturbed-h82-ksat-plus-b575fde4a28c", "event_rows": 1685, "rows": 16437, "runtime_s": 1.4537665110547096, "status": "ran"}
{"case_id": "topanga-undisturbed-h84-ksat-minus-b575fde4a28c", "event_rows": 1686, "rows": 16437, "runtime_s": 1.4749937739688903, "status": "ran"}
{"case_id": "topanga-undisturbed-h84-cover-minus-b575fde4a28c", "event_rows": 1685, "rows": 16437, "runtime_s": 1.4090562048368156, "status": "ran"}
{"case_id": "topanga-undisturbed-h86-ksat-minus-b575fde4a28c", "event_rows": 1712, "rows": 16437, "runtime_s": 1.4111821339465678, "status": "ran"}
{"case_id": "topanga-undisturbed-h84-ksat-plus-b575fde4a28c", "event_rows": 1685, "rows": 16437, "runtime_s": 1.4740123390220106, "status": "ran"}
{"case_id": "topanga-undisturbed-h85-cover-plus-b575fde4a28c", "event_rows": 1663, "rows": 16437, "runtime_s": 1.4547870219685137, "status": "ran"}
{"case_id": "topanga-undisturbed-h86-cover-plus-b575fde4a28c", "event_rows": 1712, "rows": 16437, "runtime_s": 1.469351472100243, "status": "ran"}
{"case_id": "topanga-undisturbed-h85-ksat-minus-b575fde4a28c", "event_rows": 1664, "rows": 16437, "runtime_s": 1.4186701239086688, "status": "ran"}
{"case_id": "topanga-undisturbed-h85-ksat-plus-b575fde4a28c", "event_rows": 1663, "rows": 16437, "runtime_s": 1.4748719178605825, "status": "ran"}
{"case_id": "topanga-undisturbed-h85-cover-minus-b575fde4a28c", "event_rows": 1663, "rows": 16437, "runtime_s": 1.484764264896512, "status": "ran"}
{"case_id": "topanga-undisturbed-h86-cover-minus-b575fde4a28c", "event_rows": 1712, "rows": 16437, "runtime_s": 1.4386420890223235, "status": "ran"}
{"case_id": "topanga-undisturbed-h86-ksat-plus-b575fde4a28c", "event_rows": 1712, "rows": 16437, "runtime_s": 1.4326933820266277, "status": "ran"}
{"case_id": "topanga-undisturbed-h87-ksat-minus-b575fde4a28c", "event_rows": 1718, "rows": 16437, "runtime_s": 1.4781197160482407, "status": "ran"}
{"case_id": "topanga-undisturbed-h87-cover-plus-b575fde4a28c", "event_rows": 1718, "rows": 16437, "runtime_s": 1.4847903919871897, "status": "ran"}
{"case_id": "topanga-undisturbed-h88-ksat-minus-b575fde4a28c", "event_rows": 1660, "rows": 16437, "runtime_s": 1.4820775850676, "status": "ran"}
{"case_id": "topanga-undisturbed-h87-cover-minus-b575fde4a28c", "event_rows": 1718, "rows": 16437, "runtime_s": 1.4786336640827358, "status": "ran"}
{"case_id": "topanga-undisturbed-h88-cover-minus-b575fde4a28c", "event_rows": 1660, "rows": 16437, "runtime_s": 1.4697348799090832, "status": "ran"}
{"case_id": "topanga-undisturbed-h87-ksat-plus-b575fde4a28c", "event_rows": 1718, "rows": 16437, "runtime_s": 1.4972948629874736, "status": "ran"}
{"case_id": "topanga-undisturbed-h88-cover-plus-b575fde4a28c", "event_rows": 1660, "rows": 16437, "runtime_s": 1.5007534429896623, "status": "ran"}
{"case_id": "topanga-undisturbed-h89-ksat-minus-b575fde4a28c", "event_rows": 1672, "rows": 16437, "runtime_s": 1.3846996689680964, "status": "ran"}
{"case_id": "topanga-undisturbed-h9-cover-minus-b575fde4a28c", "event_rows": 1671, "rows": 16437, "runtime_s": 1.4555012830533087, "status": "ran"}
{"case_id": "topanga-undisturbed-h89-cover-minus-b575fde4a28c", "event_rows": 1672, "rows": 16437, "runtime_s": 1.4426103599835187, "status": "ran"}
{"case_id": "topanga-undisturbed-h89-ksat-plus-b575fde4a28c", "event_rows": 1671, "rows": 16437, "runtime_s": 1.473826094996184, "status": "ran"}
{"case_id": "topanga-undisturbed-h88-ksat-plus-b575fde4a28c", "event_rows": 1660, "rows": 16437, "runtime_s": 1.4879061011597514, "status": "ran"}
{"case_id": "topanga-undisturbed-h9-cover-plus-b575fde4a28c", "event_rows": 1671, "rows": 16437, "runtime_s": 1.4608784299343824, "status": "ran"}
{"case_id": "topanga-undisturbed-h9-ksat-minus-b575fde4a28c", "event_rows": 1671, "rows": 16437, "runtime_s": 1.431792292976752, "status": "ran"}
{"case_id": "topanga-undisturbed-h89-cover-plus-b575fde4a28c", "event_rows": 1672, "rows": 16437, "runtime_s": 1.4562624478712678, "status": "ran"}
{"case_id": "topanga-undisturbed-h9-ksat-plus-b575fde4a28c", "event_rows": 1671, "rows": 16437, "runtime_s": 1.4153049709275365, "status": "ran"}
{"case_id": "topanga-undisturbed-h91-cover-plus-b575fde4a28c", "event_rows": 1716, "rows": 16437, "runtime_s": 1.4477657659444958, "status": "ran"}
{"case_id": "topanga-undisturbed-h90-cover-plus-b575fde4a28c", "event_rows": 1692, "rows": 16437, "runtime_s": 1.4784863127861172, "status": "ran"}
{"case_id": "topanga-undisturbed-h90-ksat-minus-b575fde4a28c", "event_rows": 1692, "rows": 16437, "runtime_s": 1.446725212968886, "status": "ran"}
{"case_id": "topanga-undisturbed-h90-ksat-plus-b575fde4a28c", "event_rows": 1692, "rows": 16437, "runtime_s": 1.4361669970676303, "status": "ran"}
{"case_id": "topanga-undisturbed-h91-cover-minus-b575fde4a28c", "event_rows": 1716, "rows": 16437, "runtime_s": 1.5292559769004583, "status": "ran"}
{"case_id": "topanga-undisturbed-h91-ksat-minus-b575fde4a28c", "event_rows": 1716, "rows": 16437, "runtime_s": 1.4793194998055696, "status": "ran"}
{"case_id": "topanga-undisturbed-h90-cover-minus-b575fde4a28c", "event_rows": 1692, "rows": 16437, "runtime_s": 1.4415379469282925, "status": "ran"}
{"case_id": "topanga-undisturbed-h91-ksat-plus-b575fde4a28c", "event_rows": 1716, "rows": 16437, "runtime_s": 1.4500870739575475, "status": "ran"}
{"case_id": "topanga-undisturbed-h92-ksat-minus-b575fde4a28c", "event_rows": 1699, "rows": 16437, "runtime_s": 1.5073016278911382, "status": "ran"}
{"case_id": "topanga-undisturbed-h92-cover-plus-b575fde4a28c", "event_rows": 1699, "rows": 16437, "runtime_s": 1.532641843194142, "status": "ran"}
{"case_id": "topanga-undisturbed-h92-cover-minus-b575fde4a28c", "event_rows": 1699, "rows": 16437, "runtime_s": 1.4831382450647652, "status": "ran"}
{"case_id": "topanga-undisturbed-h92-ksat-plus-b575fde4a28c", "event_rows": 1699, "rows": 16437, "runtime_s": 1.5053568838629872, "status": "ran"}
{"case_id": "topanga-undisturbed-h93-cover-plus-b575fde4a28c", "event_rows": 1705, "rows": 16437, "runtime_s": 1.4718615128658712, "status": "ran"}
{"case_id": "topanga-undisturbed-h93-cover-minus-b575fde4a28c", "event_rows": 1705, "rows": 16437, "runtime_s": 1.5210602041333914, "status": "ran"}
{"case_id": "topanga-undisturbed-h93-ksat-minus-b575fde4a28c", "event_rows": 1705, "rows": 16437, "runtime_s": 1.5082907769829035, "status": "ran"}
{"case_id": "topanga-undisturbed-h94-ksat-minus-b575fde4a28c", "event_rows": 1705, "rows": 16437, "runtime_s": 1.3926803639624268, "status": "ran"}
{"case_id": "topanga-undisturbed-h94-cover-plus-b575fde4a28c", "event_rows": 1705, "rows": 16437, "runtime_s": 1.449635850964114, "status": "ran"}
{"case_id": "topanga-undisturbed-h94-ksat-plus-b575fde4a28c", "event_rows": 1705, "rows": 16437, "runtime_s": 1.4204399320296943, "status": "ran"}
{"case_id": "topanga-undisturbed-h95-ksat-minus-b575fde4a28c", "event_rows": 1735, "rows": 16437, "runtime_s": 1.497855240944773, "status": "ran"}
{"case_id": "topanga-undisturbed-h95-cover-minus-b575fde4a28c", "event_rows": 1735, "rows": 16437, "runtime_s": 1.454573435941711, "status": "ran"}
{"case_id": "topanga-undisturbed-h93-ksat-plus-b575fde4a28c", "event_rows": 1705, "rows": 16437, "runtime_s": 1.5018871300853789, "status": "ran"}
{"case_id": "topanga-undisturbed-h95-cover-plus-b575fde4a28c", "event_rows": 1735, "rows": 16437, "runtime_s": 1.4588200799189508, "status": "ran"}
{"case_id": "topanga-undisturbed-h94-cover-minus-b575fde4a28c", "event_rows": 1705, "rows": 16437, "runtime_s": 1.4453192299697548, "status": "ran"}
{"case_id": "topanga-undisturbed-h96-cover-minus-b575fde4a28c", "event_rows": 1717, "rows": 16437, "runtime_s": 1.3898212960921228, "status": "ran"}
{"case_id": "topanga-undisturbed-h97-ksat-plus-b575fde4a28c", "event_rows": 1615, "rows": 16437, "runtime_s": 1.4090847850311548, "status": "ran"}
{"case_id": "topanga-undisturbed-h96-ksat-minus-b575fde4a28c", "event_rows": 1717, "rows": 16437, "runtime_s": 1.4176854379475117, "status": "ran"}
{"case_id": "topanga-undisturbed-h97-ksat-minus-b575fde4a28c", "event_rows": 1615, "rows": 16437, "runtime_s": 1.4365221101325005, "status": "ran"}
{"case_id": "topanga-undisturbed-h98-cover-minus-b575fde4a28c", "event_rows": 1724, "rows": 16437, "runtime_s": 1.456150545971468, "status": "ran"}
{"case_id": "topanga-undisturbed-h96-ksat-plus-b575fde4a28c", "event_rows": 1717, "rows": 16437, "runtime_s": 1.4747958350926638, "status": "ran"}
{"case_id": "topanga-undisturbed-h96-cover-plus-b575fde4a28c", "event_rows": 1717, "rows": 16437, "runtime_s": 1.4272936459165066, "status": "ran"}
{"case_id": "topanga-undisturbed-h95-ksat-plus-b575fde4a28c", "event_rows": 1735, "rows": 16437, "runtime_s": 1.4563418398611248, "status": "ran"}
{"case_id": "topanga-undisturbed-h98-ksat-minus-b575fde4a28c", "event_rows": 1724, "rows": 16437, "runtime_s": 1.4077762770466506, "status": "ran"}
{"case_id": "topanga-undisturbed-h98-cover-plus-b575fde4a28c", "event_rows": 1724, "rows": 16437, "runtime_s": 1.4264593531843275, "status": "ran"}
{"case_id": "topanga-undisturbed-h99-cover-minus-b575fde4a28c", "event_rows": 1706, "rows": 16437, "runtime_s": 1.4564203820191324, "status": "ran"}
{"case_id": "topanga-undisturbed-h98-ksat-plus-b575fde4a28c", "event_rows": 1724, "rows": 16437, "runtime_s": 1.4233637140132487, "status": "ran"}
{"case_id": "topanga-undisturbed-h99-ksat-plus-b575fde4a28c", "event_rows": 1706, "rows": 16437, "runtime_s": 1.4432585390750319, "status": "ran"}
{"case_id": "topanga-undisturbed-h99-ksat-minus-b575fde4a28c", "event_rows": 1706, "rows": 16437, "runtime_s": 1.4630946069955826, "status": "ran"}
{"case_id": "topanga-undisturbed-h99-cover-plus-b575fde4a28c", "event_rows": 1706, "rows": 16437, "runtime_s": 1.4636905458755791, "status": "ran"}
{"event_pair_rows": 1913199, "finite_positive_peak_pairs": 1913158, "invalid_max_hour_fraction_count": 0, "max_abs_ratio_decomposition_relative_residual": 4.440892098500626e-16, "max_hour_fraction_ratio_max": 2.755595239734283, "max_hour_fraction_ratio_p99": 1.0000004332094452, "peak_ratio_max": 12965889426731.332, "peak_ratio_p99": 1.0000000000000002, "summary": "/home/workdir/openwepp-hourly-peak-topanga-census-20260809-v4/summary.json", "volume_within_5pct_peak_at_least_2x_count": 0, "zero_runoff_peak_topology_mismatch_count": 0}
__COMMAND_EXIT:0
__COMMAND_DURATION_SECONDS:404
__COMMAND_START_TS:1786317267
__COMMAND_END_TS:1786317671
