{"case_id": "baseline-burned-h7", "event_rows": 1829, "rows": 16437, "runtime_s": 1.940888673067093, "status": "ran"}
{"case_id": "baseline-burned-h4", "event_rows": 1839, "rows": 16437, "runtime_s": 1.959737315075472, "status": "ran"}
{"case_id": "baseline-burned-h3", "event_rows": 1849, "rows": 16437, "runtime_s": 3.0265046930871904, "status": "ran"}
{"case_id": "baseline-burned-h2", "event_rows": 1829, "rows": 16437, "runtime_s": 3.027214480098337, "status": "ran"}
{"case_id": "baseline-burned-h5", "event_rows": 1860, "rows": 16437, "runtime_s": 4.136294359108433, "status": "ran"}
{"case_id": "baseline-burned-h1", "event_rows": 1832, "rows": 16437, "runtime_s": 4.207499397918582, "status": "ran"}
{"case_id": "baseline-burned-h10", "event_rows": 1855, "rows": 16437, "runtime_s": 1.5282073069829494, "status": "ran"}
{"case_id": "baseline-burned-h9", "event_rows": 1843, "rows": 16437, "runtime_s": 1.585119780851528, "status": "ran"}
{"case_id": "baseline-burned-h6", "event_rows": 1864, "rows": 16437, "runtime_s": 4.704313823021948, "status": "ran"}
{"case_id": "baseline-burned-h8", "event_rows": 1844, "rows": 16437, "runtime_s": 4.7042153149377555, "status": "ran"}
{"case_id": "baseline-burned-h11", "event_rows": 1825, "rows": 16437, "runtime_s": 1.6119321810547262, "status": "ran"}
{"case_id": "baseline-burned-h12", "event_rows": 1847, "rows": 16437, "runtime_s": 1.7180183930322528, "status": "ran"}
{"case_id": "baseline-burned-h14", "event_rows": 1665, "rows": 16437, "runtime_s": 2.18168853293173, "status": "ran"}
{"case_id": "baseline-burned-h16", "event_rows": 1813, "rows": 16437, "runtime_s": 1.9803547840565443, "status": "ran"}
{"case_id": "baseline-burned-h15", "event_rows": 1667, "rows": 16437, "runtime_s": 2.0132764000445604, "status": "ran"}
{"case_id": "baseline-burned-h13", "event_rows": 1818, "rows": 16437, "runtime_s": 2.244310498936102, "status": "ran"}
{"case_id": "baseline-burned-h17", "event_rows": 1839, "rows": 16437, "runtime_s": 2.644963772036135, "status": "ran"}
{"case_id": "baseline-burned-h19", "event_rows": 1827, "rows": 16437, "runtime_s": 2.7235646180342883, "status": "ran"}
{"case_id": "baseline-burned-h18", "event_rows": 1823, "rows": 16437, "runtime_s": 2.7256809850223362, "status": "ran"}
{"case_id": "baseline-burned-h20", "event_rows": 1811, "rows": 16437, "runtime_s": 2.6279254851397127, "status": "ran"}
{"case_id": "baseline-burned-h24", "event_rows": 1833, "rows": 16437, "runtime_s": 1.5422174939885736, "status": "ran"}
{"case_id": "baseline-burned-h22", "event_rows": 1798, "rows": 16437, "runtime_s": 1.5472443830221891, "status": "ran"}
{"case_id": "baseline-burned-h21", "event_rows": 1817, "rows": 16437, "runtime_s": 1.6401460110209882, "status": "ran"}
{"case_id": "baseline-burned-h23", "event_rows": 1824, "rows": 16437, "runtime_s": 1.6522564829792827, "status": "ran"}
{"case_id": "baseline-burned-h28", "event_rows": 1829, "rows": 16437, "runtime_s": 1.645423596026376, "status": "ran"}
{"case_id": "baseline-burned-h27", "event_rows": 1834, "rows": 16437, "runtime_s": 1.8037951369769871, "status": "ran"}
{"case_id": "baseline-burned-h26", "event_rows": 1816, "rows": 16437, "runtime_s": 1.8989991948474199, "status": "ran"}
{"case_id": "baseline-burned-h25", "event_rows": 1821, "rows": 16437, "runtime_s": 1.911180071067065, "status": "ran"}
{"case_id": "baseline-burned-h29", "event_rows": 1818, "rows": 16437, "runtime_s": 1.4610421361867338, "status": "ran"}
{"case_id": "baseline-burned-h32", "event_rows": 1813, "rows": 16437, "runtime_s": 1.5430493541061878, "status": "ran"}
{"case_id": "baseline-burned-h31", "event_rows": 1810, "rows": 16437, "runtime_s": 1.544147047912702, "status": "ran"}
{"case_id": "baseline-burned-h30", "event_rows": 1820, "rows": 16437, "runtime_s": 1.5090356869623065, "status": "ran"}
{"case_id": "baseline-burned-h33", "event_rows": 1769, "rows": 16437, "runtime_s": 1.5423738651443273, "status": "ran"}
{"case_id": "baseline-burned-h36", "event_rows": 1823, "rows": 16437, "runtime_s": 1.5402868080418557, "status": "ran"}
{"case_id": "baseline-burned-h35", "event_rows": 1788, "rows": 16437, "runtime_s": 1.4829243950080127, "status": "ran"}
{"case_id": "baseline-burned-h34", "event_rows": 1830, "rows": 16437, "runtime_s": 1.4881052260752767, "status": "ran"}
{"case_id": "baseline-burned-h40", "event_rows": 1817, "rows": 16437, "runtime_s": 1.4878008218947798, "status": "ran"}
{"case_id": "baseline-burned-h38", "event_rows": 1841, "rows": 16437, "runtime_s": 1.5093809720128775, "status": "ran"}
{"case_id": "baseline-burned-h37", "event_rows": 1778, "rows": 16437, "runtime_s": 1.4991682379040867, "status": "ran"}
{"case_id": "baseline-burned-h41", "event_rows": 1829, "rows": 16437, "runtime_s": 1.9267741290386766, "status": "ran"}
{"case_id": "baseline-burned-h39", "event_rows": 1840, "rows": 16437, "runtime_s": 2.7209954359568655, "status": "ran"}
{"case_id": "baseline-burned-h44", "event_rows": 1850, "rows": 16437, "runtime_s": 1.7094014680478722, "status": "ran"}
{"case_id": "baseline-burned-h43", "event_rows": 1852, "rows": 16437, "runtime_s": 1.72176596801728, "status": "ran"}
{"case_id": "baseline-burned-h42", "event_rows": 1839, "rows": 16437, "runtime_s": 1.712625649990514, "status": "ran"}
{"case_id": "baseline-burned-h46", "event_rows": 1826, "rows": 16437, "runtime_s": 1.6589531798381358, "status": "ran"}
{"case_id": "baseline-burned-h47", "event_rows": 1844, "rows": 16437, "runtime_s": 1.6614126760978252, "status": "ran"}
{"case_id": "baseline-burned-h49", "event_rows": 1844, "rows": 16437, "runtime_s": 1.5643588069360703, "status": "ran"}
{"case_id": "baseline-burned-h45", "event_rows": 1837, "rows": 16437, "runtime_s": 1.836916317930445, "status": "ran"}
{"case_id": "baseline-burned-h50", "event_rows": 1834, "rows": 16437, "runtime_s": 1.554823086829856, "status": "ran"}
{"case_id": "baseline-burned-h48", "event_rows": 1848, "rows": 16437, "runtime_s": 1.6148746700491756, "status": "ran"}
{"case_id": "baseline-burned-h51", "event_rows": 1850, "rows": 16437, "runtime_s": 1.6865399340167642, "status": "ran"}
{"case_id": "baseline-burned-h52", "event_rows": 1830, "rows": 16437, "runtime_s": 1.692866642959416, "status": "ran"}
{"case_id": "baseline-burned-h54", "event_rows": 1851, "rows": 16437, "runtime_s": 1.497069417964667, "status": "ran"}
{"case_id": "baseline-burned-h60", "event_rows": 1815, "rows": 16437, "runtime_s": 1.5629916440229863, "status": "ran"}
{"case_id": "baseline-burned-h53", "event_rows": 1813, "rows": 16437, "runtime_s": 1.5882653708104044, "status": "ran"}
{"case_id": "baseline-burned-h57", "event_rows": 1827, "rows": 16437, "runtime_s": 1.5374355628155172, "status": "ran"}
{"case_id": "baseline-burned-h59", "event_rows": 1850, "rows": 16437, "runtime_s": 1.6002878069411963, "status": "ran"}
{"case_id": "baseline-burned-h58", "event_rows": 1840, "rows": 16437, "runtime_s": 1.6447506588883698, "status": "ran"}
{"case_id": "baseline-burned-h56", "event_rows": 1835, "rows": 16437, "runtime_s": 1.6450338778086007, "status": "ran"}
{"case_id": "baseline-burned-h55", "event_rows": 1845, "rows": 16437, "runtime_s": 1.6692034308798611, "status": "ran"}
{"case_id": "baseline-burned-h66", "event_rows": 1814, "rows": 16437, "runtime_s": 1.4982546879909933, "status": "ran"}
{"case_id": "baseline-burned-h65", "event_rows": 1782, "rows": 16437, "runtime_s": 1.56078170100227, "status": "ran"}
{"case_id": "baseline-burned-h63", "event_rows": 1839, "rows": 16437, "runtime_s": 1.6000374727882445, "status": "ran"}
{"case_id": "baseline-burned-h68", "event_rows": 1819, "rows": 16437, "runtime_s": 1.6288803950883448, "status": "ran"}
{"case_id": "baseline-burned-h62", "event_rows": 1833, "rows": 16437, "runtime_s": 1.5789228130597621, "status": "ran"}
{"case_id": "baseline-burned-h64", "event_rows": 1839, "rows": 16437, "runtime_s": 1.5674169529229403, "status": "ran"}
{"case_id": "baseline-burned-h67", "event_rows": 1846, "rows": 16437, "runtime_s": 1.4976094888988882, "status": "ran"}
{"case_id": "baseline-burned-h61", "event_rows": 1834, "rows": 16437, "runtime_s": 1.596262687817216, "status": "ran"}
{"case_id": "baseline-burned-h75", "event_rows": 1821, "rows": 16437, "runtime_s": 1.520741397049278, "status": "ran"}
{"case_id": "baseline-burned-h74", "event_rows": 1813, "rows": 16437, "runtime_s": 1.5217718849889934, "status": "ran"}
{"case_id": "baseline-burned-h73", "event_rows": 1805, "rows": 16437, "runtime_s": 1.694369373144582, "status": "ran"}
{"case_id": "baseline-burned-h69", "event_rows": 1854, "rows": 16437, "runtime_s": 1.6688062429893762, "status": "ran"}
{"case_id": "baseline-burned-h71", "event_rows": 1837, "rows": 16437, "runtime_s": 1.651303943945095, "status": "ran"}
{"case_id": "baseline-burned-h72", "event_rows": 1852, "rows": 16437, "runtime_s": 1.6795260459184647, "status": "ran"}
{"case_id": "baseline-burned-h76", "event_rows": 1810, "rows": 16437, "runtime_s": 1.6324716869276017, "status": "ran"}
{"case_id": "baseline-burned-h70", "event_rows": 1804, "rows": 16437, "runtime_s": 1.7230660680215806, "status": "ran"}
{"case_id": "baseline-burned-h77", "event_rows": 1861, "rows": 16437, "runtime_s": 1.5178073060233146, "status": "ran"}
{"case_id": "baseline-burned-h79", "event_rows": 1891, "rows": 16437, "runtime_s": 1.8300213781185448, "status": "ran"}
{"case_id": "baseline-burned-h78", "event_rows": 1794, "rows": 16437, "runtime_s": 1.580636541126296, "status": "ran"}
{"case_id": "baseline-burned-h80", "event_rows": 1816, "rows": 16437, "runtime_s": 1.599209951935336, "status": "ran"}
{"case_id": "baseline-burned-h84", "event_rows": 1803, "rows": 16437, "runtime_s": 1.589496399043128, "status": "ran"}
{"case_id": "baseline-burned-h82", "event_rows": 1825, "rows": 16437, "runtime_s": 1.591662344057113, "status": "ran"}
{"case_id": "baseline-burned-h81", "event_rows": 1819, "rows": 16437, "runtime_s": 1.6385299731045961, "status": "ran"}
{"case_id": "baseline-burned-h83", "event_rows": 1801, "rows": 16437, "runtime_s": 1.59203205187805, "status": "ran"}
{"case_id": "baseline-burned-h88", "event_rows": 1808, "rows": 16437, "runtime_s": 1.4970544991083443, "status": "ran"}
{"case_id": "baseline-burned-h89", "event_rows": 1813, "rows": 16437, "runtime_s": 1.5521596581675112, "status": "ran"}
{"case_id": "baseline-burned-h87", "event_rows": 1860, "rows": 16437, "runtime_s": 1.6021128071006387, "status": "ran"}
{"case_id": "baseline-burned-h86", "event_rows": 1824, "rows": 16437, "runtime_s": 1.596157813910395, "status": "ran"}
{"case_id": "baseline-burned-h90", "event_rows": 1848, "rows": 16437, "runtime_s": 1.551530421944335, "status": "ran"}
{"case_id": "baseline-burned-h92", "event_rows": 1827, "rows": 16437, "runtime_s": 1.5713639319874346, "status": "ran"}
{"case_id": "baseline-burned-h85", "event_rows": 1822, "rows": 16437, "runtime_s": 1.6070925300009549, "status": "ran"}
{"case_id": "baseline-burned-h91", "event_rows": 1915, "rows": 16437, "runtime_s": 1.7592171009164304, "status": "ran"}
{"case_id": "baseline-burned-h94", "event_rows": 1844, "rows": 16437, "runtime_s": 1.4889002130366862, "status": "ran"}
{"case_id": "baseline-burned-h98", "event_rows": 1838, "rows": 16437, "runtime_s": 1.557164944941178, "status": "ran"}
{"case_id": "baseline-burned-h100", "event_rows": 1839, "rows": 16437, "runtime_s": 1.5686822701245546, "status": "ran"}
{"case_id": "baseline-burned-h99", "event_rows": 1844, "rows": 16437, "runtime_s": 1.5461188529152423, "status": "ran"}
{"case_id": "baseline-burned-h96", "event_rows": 1846, "rows": 16437, "runtime_s": 1.572011843090877, "status": "ran"}
{"case_id": "baseline-burned-h93", "event_rows": 1844, "rows": 16437, "runtime_s": 1.5872615950647742, "status": "ran"}
{"case_id": "baseline-burned-h97", "event_rows": 1816, "rows": 16437, "runtime_s": 1.5727311160881072, "status": "ran"}
{"case_id": "baseline-burned-h95", "event_rows": 1850, "rows": 16437, "runtime_s": 1.5741313809994608, "status": "ran"}
{"case_id": "baseline-burned-h102", "event_rows": 1820, "rows": 16437, "runtime_s": 1.4553923190105706, "status": "ran"}
{"case_id": "baseline-burned-h104", "event_rows": 1853, "rows": 16437, "runtime_s": 1.5376845060382038, "status": "ran"}
{"case_id": "baseline-burned-h101", "event_rows": 1836, "rows": 16437, "runtime_s": 1.534373166039586, "status": "ran"}
{"case_id": "baseline-burned-h103", "event_rows": 1914, "rows": 16437, "runtime_s": 1.532568905968219, "status": "ran"}
{"case_id": "baseline-burned-h108", "event_rows": 1859, "rows": 16437, "runtime_s": 1.6169135780073702, "status": "ran"}
{"case_id": "baseline-burned-h105", "event_rows": 1822, "rows": 16437, "runtime_s": 1.5029047289863229, "status": "ran"}
{"case_id": "baseline-burned-h106", "event_rows": 1830, "rows": 16437, "runtime_s": 1.6218294170685112, "status": "ran"}
{"case_id": "baseline-burned-h107", "event_rows": 1817, "rows": 16437, "runtime_s": 1.528688731836155, "status": "ran"}
{"case_id": "baseline-burned-h111", "event_rows": 1823, "rows": 16437, "runtime_s": 1.5327754910103977, "status": "ran"}
{"case_id": "baseline-burned-h112", "event_rows": 1811, "rows": 16437, "runtime_s": 1.4456166259478778, "status": "ran"}
{"case_id": "baseline-burned-h109", "event_rows": 1836, "rows": 16437, "runtime_s": 1.4653982620220631, "status": "ran"}
{"case_id": "baseline-burned-h116", "event_rows": 1830, "rows": 16437, "runtime_s": 1.5663495091721416, "status": "ran"}
{"case_id": "baseline-burned-h115", "event_rows": 1863, "rows": 16437, "runtime_s": 1.5173263419419527, "status": "ran"}
{"case_id": "baseline-burned-h113", "event_rows": 1823, "rows": 16437, "runtime_s": 1.5932422140613198, "status": "ran"}
{"case_id": "baseline-burned-h114", "event_rows": 1821, "rows": 16437, "runtime_s": 1.6297364109195769, "status": "ran"}
{"case_id": "baseline-burned-h110", "event_rows": 1826, "rows": 16437, "runtime_s": 1.5484121600165963, "status": "ran"}
{"case_id": "baseline-burned-h117", "event_rows": 1833, "rows": 16437, "runtime_s": 1.4900490981526673, "status": "ran"}
{"case_id": "baseline-burned-h121", "event_rows": 1837, "rows": 16437, "runtime_s": 1.5087890699505806, "status": "ran"}
{"case_id": "baseline-burned-h120", "event_rows": 1841, "rows": 16437, "runtime_s": 1.5357347701210529, "status": "ran"}
{"case_id": "baseline-burned-h118", "event_rows": 1819, "rows": 16437, "runtime_s": 1.52176144416444, "status": "ran"}
{"case_id": "baseline-burned-h122", "event_rows": 1851, "rows": 16437, "runtime_s": 1.5280522268731147, "status": "ran"}
{"case_id": "baseline-burned-h124", "event_rows": 1841, "rows": 16437, "runtime_s": 1.6259752071928233, "status": "ran"}
{"case_id": "baseline-burned-h119", "event_rows": 1829, "rows": 16437, "runtime_s": 1.5352069141808897, "status": "ran"}
{"case_id": "baseline-burned-h123", "event_rows": 1847, "rows": 16437, "runtime_s": 1.704562344122678, "status": "ran"}
{"case_id": "baseline-burned-h125", "event_rows": 1833, "rows": 16437, "runtime_s": 1.4766705189831555, "status": "ran"}
{"case_id": "baseline-burned-h126", "event_rows": 1852, "rows": 16437, "runtime_s": 1.5457768042106181, "status": "ran"}
{"case_id": "baseline-burned-h129", "event_rows": 1835, "rows": 16437, "runtime_s": 1.5090411161072552, "status": "ran"}
{"case_id": "baseline-burned-h128", "event_rows": 1818, "rows": 16437, "runtime_s": 1.5229534211102873, "status": "ran"}
{"case_id": "baseline-burned-h132", "event_rows": 1852, "rows": 16437, "runtime_s": 1.5094222899060696, "status": "ran"}
{"case_id": "baseline-burned-h131", "event_rows": 1868, "rows": 16437, "runtime_s": 1.513193614082411, "status": "ran"}
{"case_id": "baseline-burned-h130", "event_rows": 1854, "rows": 16437, "runtime_s": 1.5083951351698488, "status": "ran"}
{"case_id": "baseline-burned-h127", "event_rows": 1818, "rows": 16437, "runtime_s": 1.5253586119506508, "status": "ran"}
{"case_id": "baseline-burned-h135", "event_rows": 1839, "rows": 16437, "runtime_s": 1.4928590601775795, "status": "ran"}
{"case_id": "baseline-burned-h133", "event_rows": 1821, "rows": 16437, "runtime_s": 1.5633210379164666, "status": "ran"}
{"case_id": "baseline-burned-h138", "event_rows": 1844, "rows": 16437, "runtime_s": 1.5804343400523067, "status": "ran"}
{"case_id": "baseline-burned-h137", "event_rows": 1860, "rows": 16437, "runtime_s": 1.5390666781459004, "status": "ran"}
{"case_id": "baseline-burned-h139", "event_rows": 1838, "rows": 16437, "runtime_s": 1.5777764299418777, "status": "ran"}
{"case_id": "baseline-burned-h134", "event_rows": 1832, "rows": 16437, "runtime_s": 1.5215681770350784, "status": "ran"}
{"case_id": "baseline-burned-h140", "event_rows": 1844, "rows": 16437, "runtime_s": 2.0440202658064663, "status": "ran"}
{"case_id": "baseline-burned-h136", "event_rows": 1855, "rows": 16437, "runtime_s": 1.54729769914411, "status": "ran"}
{"case_id": "baseline-undisturbed-h7", "event_rows": 1643, "rows": 16437, "runtime_s": 1.4804559729527682, "status": "ran"}
{"case_id": "baseline-undisturbed-h8", "event_rows": 1653, "rows": 16437, "runtime_s": 1.4820942429360002, "status": "ran"}
{"case_id": "baseline-undisturbed-h4", "event_rows": 1839, "rows": 16437, "runtime_s": 1.5812111978884786, "status": "ran"}
{"case_id": "baseline-undisturbed-h2", "event_rows": 1829, "rows": 16437, "runtime_s": 1.5849711981136352, "status": "ran"}
{"case_id": "baseline-undisturbed-h5", "event_rows": 1860, "rows": 16437, "runtime_s": 1.5691082600969821, "status": "ran"}
{"case_id": "baseline-undisturbed-h6", "event_rows": 1864, "rows": 16437, "runtime_s": 1.5734492999035865, "status": "ran"}
{"case_id": "baseline-undisturbed-h3", "event_rows": 1849, "rows": 16437, "runtime_s": 1.6085942971985787, "status": "ran"}
{"case_id": "baseline-undisturbed-h1", "event_rows": 1832, "rows": 16437, "runtime_s": 1.6121899518184364, "status": "ran"}
{"case_id": "baseline-undisturbed-h9", "event_rows": 1671, "rows": 16437, "runtime_s": 1.4716476069297642, "status": "ran"}
{"case_id": "baseline-undisturbed-h11", "event_rows": 1668, "rows": 16437, "runtime_s": 1.5024221069179475, "status": "ran"}
{"case_id": "baseline-undisturbed-h13", "event_rows": 1654, "rows": 16437, "runtime_s": 1.528225398156792, "status": "ran"}
{"case_id": "baseline-undisturbed-h14", "event_rows": 1665, "rows": 16437, "runtime_s": 1.526599565986544, "status": "ran"}
{"case_id": "baseline-undisturbed-h15", "event_rows": 1667, "rows": 16437, "runtime_s": 1.502670690882951, "status": "ran"}
{"case_id": "baseline-undisturbed-h12", "event_rows": 1666, "rows": 16437, "runtime_s": 1.510636332910508, "status": "ran"}
{"case_id": "baseline-undisturbed-h10", "event_rows": 1662, "rows": 16437, "runtime_s": 1.5347706892061979, "status": "ran"}
{"case_id": "baseline-undisturbed-h16", "event_rows": 1686, "rows": 16437, "runtime_s": 1.5246373368427157, "status": "ran"}
{"case_id": "baseline-undisturbed-h21", "event_rows": 1667, "rows": 16437, "runtime_s": 1.4212563149631023, "status": "ran"}
{"case_id": "baseline-undisturbed-h22", "event_rows": 1662, "rows": 16437, "runtime_s": 1.516261571785435, "status": "ran"}
{"case_id": "baseline-undisturbed-h17", "event_rows": 1704, "rows": 16437, "runtime_s": 1.5015098550356925, "status": "ran"}
{"case_id": "baseline-undisturbed-h20", "event_rows": 1684, "rows": 16437, "runtime_s": 1.4960464090108871, "status": "ran"}
{"case_id": "baseline-undisturbed-h18", "event_rows": 1674, "rows": 16437, "runtime_s": 1.5033088740892708, "status": "ran"}
{"case_id": "baseline-undisturbed-h19", "event_rows": 1663, "rows": 16437, "runtime_s": 1.5045756250619888, "status": "ran"}
{"case_id": "baseline-undisturbed-h24", "event_rows": 1671, "rows": 16437, "runtime_s": 1.5146998860873282, "status": "ran"}
{"case_id": "baseline-undisturbed-h23", "event_rows": 1679, "rows": 16437, "runtime_s": 1.480530652916059, "status": "ran"}
{"case_id": "baseline-undisturbed-h28", "event_rows": 1697, "rows": 16437, "runtime_s": 1.4054799820296466, "status": "ran"}
{"case_id": "baseline-undisturbed-h29", "event_rows": 1679, "rows": 16437, "runtime_s": 1.4866242869757116, "status": "ran"}
{"case_id": "baseline-undisturbed-h27", "event_rows": 1694, "rows": 16437, "runtime_s": 1.4921106700785458, "status": "ran"}
{"case_id": "baseline-undisturbed-h26", "event_rows": 1685, "rows": 16437, "runtime_s": 1.4823998829815537, "status": "ran"}
{"case_id": "baseline-undisturbed-h30", "event_rows": 1681, "rows": 16437, "runtime_s": 1.4716124120168388, "status": "ran"}
{"case_id": "baseline-undisturbed-h31", "event_rows": 1662, "rows": 16437, "runtime_s": 1.4740515800658613, "status": "ran"}
{"case_id": "baseline-undisturbed-h25", "event_rows": 1693, "rows": 16437, "runtime_s": 1.5037950230762362, "status": "ran"}
{"case_id": "baseline-undisturbed-h32", "event_rows": 1693, "rows": 16437, "runtime_s": 1.748951801797375, "status": "ran"}
{"case_id": "baseline-undisturbed-h35", "event_rows": 1665, "rows": 16437, "runtime_s": 1.5068056611344218, "status": "ran"}
{"case_id": "baseline-undisturbed-h38", "event_rows": 1680, "rows": 16437, "runtime_s": 1.5013919551856816, "status": "ran"}
{"case_id": "baseline-undisturbed-h37", "event_rows": 1675, "rows": 16437, "runtime_s": 1.502609004965052, "status": "ran"}
{"case_id": "baseline-undisturbed-h34", "event_rows": 1669, "rows": 16437, "runtime_s": 1.5127071519382298, "status": "ran"}
{"case_id": "baseline-undisturbed-h33", "event_rows": 1662, "rows": 16437, "runtime_s": 1.521429186919704, "status": "ran"}
{"case_id": "baseline-undisturbed-h36", "event_rows": 1676, "rows": 16437, "runtime_s": 1.692059911089018, "status": "ran"}
{"case_id": "baseline-undisturbed-h39", "event_rows": 1678, "rows": 16437, "runtime_s": 1.7134224341716617, "status": "ran"}
{"case_id": "baseline-undisturbed-h40", "event_rows": 1688, "rows": 16437, "runtime_s": 1.7956396220251918, "status": "ran"}
{"case_id": "baseline-undisturbed-h44", "event_rows": 1693, "rows": 16437, "runtime_s": 1.4369943260680884, "status": "ran"}
{"case_id": "baseline-undisturbed-h41", "event_rows": 1707, "rows": 16437, "runtime_s": 1.4416295390110463, "status": "ran"}
{"case_id": "baseline-undisturbed-h45", "event_rows": 1693, "rows": 16437, "runtime_s": 1.5853256629779935, "status": "ran"}
{"case_id": "baseline-undisturbed-h46", "event_rows": 1701, "rows": 16437, "runtime_s": 1.6531713099684566, "status": "ran"}
{"case_id": "baseline-undisturbed-h47", "event_rows": 1710, "rows": 16437, "runtime_s": 1.606053956085816, "status": "ran"}
{"case_id": "baseline-undisturbed-h48", "event_rows": 1636, "rows": 16437, "runtime_s": 1.5938085541129112, "status": "ran"}
{"case_id": "baseline-undisturbed-h42", "event_rows": 1677, "rows": 16437, "runtime_s": 1.6333984590601176, "status": "ran"}
{"case_id": "baseline-undisturbed-h43", "event_rows": 1708, "rows": 16437, "runtime_s": 1.6610876671038568, "status": "ran"}
{"case_id": "baseline-undisturbed-h56", "event_rows": 1692, "rows": 16437, "runtime_s": 1.4576613639947027, "status": "ran"}
{"case_id": "baseline-undisturbed-h52", "event_rows": 1676, "rows": 16437, "runtime_s": 1.4664099721703678, "status": "ran"}
{"case_id": "baseline-undisturbed-h50", "event_rows": 1700, "rows": 16437, "runtime_s": 1.4719305010512471, "status": "ran"}
{"case_id": "baseline-undisturbed-h49", "event_rows": 1698, "rows": 16437, "runtime_s": 1.7437749488744885, "status": "ran"}
{"case_id": "baseline-undisturbed-h53", "event_rows": 1658, "rows": 16437, "runtime_s": 1.737665412016213, "status": "ran"}
{"case_id": "baseline-undisturbed-h55", "event_rows": 1702, "rows": 16437, "runtime_s": 1.7335516300518066, "status": "ran"}
{"case_id": "baseline-undisturbed-h54", "event_rows": 1700, "rows": 16437, "runtime_s": 1.7348804578650743, "status": "ran"}
{"case_id": "baseline-undisturbed-h51", "event_rows": 1689, "rows": 16437, "runtime_s": 1.7334695931058377, "status": "ran"}
{"case_id": "baseline-undisturbed-h57", "event_rows": 1693, "rows": 16437, "runtime_s": 1.4068812688346952, "status": "ran"}
{"case_id": "baseline-undisturbed-h60", "event_rows": 1668, "rows": 16437, "runtime_s": 1.4879124220460653, "status": "ran"}
{"case_id": "baseline-undisturbed-h61", "event_rows": 1671, "rows": 16437, "runtime_s": 1.4871576498262584, "status": "ran"}
{"case_id": "baseline-undisturbed-h58", "event_rows": 1695, "rows": 16437, "runtime_s": 1.4928119031246752, "status": "ran"}
{"case_id": "baseline-undisturbed-h62", "event_rows": 1688, "rows": 16437, "runtime_s": 1.5332143960986286, "status": "ran"}
{"case_id": "baseline-undisturbed-h64", "event_rows": 1703, "rows": 16437, "runtime_s": 1.6520281538832933, "status": "ran"}
{"case_id": "baseline-undisturbed-h59", "event_rows": 1683, "rows": 16437, "runtime_s": 1.493013409897685, "status": "ran"}
{"case_id": "baseline-undisturbed-h63", "event_rows": 1680, "rows": 16437, "runtime_s": 1.6264615070540458, "status": "ran"}
{"case_id": "baseline-undisturbed-h70", "event_rows": 1646, "rows": 16437, "runtime_s": 1.417334591038525, "status": "ran"}
{"case_id": "baseline-undisturbed-h69", "event_rows": 1698, "rows": 16437, "runtime_s": 1.5507250369992107, "status": "ran"}
{"case_id": "baseline-undisturbed-h71", "event_rows": 1693, "rows": 16437, "runtime_s": 1.489008208969608, "status": "ran"}
{"case_id": "baseline-undisturbed-h66", "event_rows": 1696, "rows": 16437, "runtime_s": 1.57575218915008, "status": "ran"}
{"case_id": "baseline-undisturbed-h65", "event_rows": 1665, "rows": 16437, "runtime_s": 1.5548580521717668, "status": "ran"}
{"case_id": "baseline-undisturbed-h68", "event_rows": 1681, "rows": 16437, "runtime_s": 1.5553840820211917, "status": "ran"}
{"case_id": "baseline-undisturbed-h67", "event_rows": 1673, "rows": 16437, "runtime_s": 1.5513267267961055, "status": "ran"}
{"case_id": "baseline-undisturbed-h72", "event_rows": 1699, "rows": 16437, "runtime_s": 1.5185305131599307, "status": "ran"}
{"case_id": "baseline-undisturbed-h76", "event_rows": 1694, "rows": 16437, "runtime_s": 1.4211368460673839, "status": "ran"}
{"case_id": "baseline-undisturbed-h75", "event_rows": 1688, "rows": 16437, "runtime_s": 1.4508457619231194, "status": "ran"}
{"case_id": "baseline-undisturbed-h79", "event_rows": 1687, "rows": 16437, "runtime_s": 1.496218030108139, "status": "ran"}
{"case_id": "baseline-undisturbed-h74", "event_rows": 1670, "rows": 16437, "runtime_s": 1.5119123789481819, "status": "ran"}
{"case_id": "baseline-undisturbed-h80", "event_rows": 1681, "rows": 16437, "runtime_s": 1.504978597164154, "status": "ran"}
{"case_id": "baseline-undisturbed-h78", "event_rows": 1682, "rows": 16437, "runtime_s": 1.4978235610760748, "status": "ran"}
{"case_id": "baseline-undisturbed-h77", "event_rows": 1710, "rows": 16437, "runtime_s": 1.5079360050149262, "status": "ran"}
{"case_id": "baseline-undisturbed-h73", "event_rows": 1681, "rows": 16437, "runtime_s": 1.528382915072143, "status": "ran"}
{"case_id": "baseline-undisturbed-h81", "event_rows": 1690, "rows": 16437, "runtime_s": 1.4398523040581495, "status": "ran"}
{"case_id": "baseline-undisturbed-h83", "event_rows": 1670, "rows": 16437, "runtime_s": 1.549216671148315, "status": "ran"}
{"case_id": "baseline-undisturbed-h84", "event_rows": 1685, "rows": 16437, "runtime_s": 1.5527038029395044, "status": "ran"}
{"case_id": "baseline-undisturbed-h88", "event_rows": 1660, "rows": 16437, "runtime_s": 1.5085211941041052, "status": "ran"}
{"case_id": "baseline-undisturbed-h87", "event_rows": 1718, "rows": 16437, "runtime_s": 1.5489774330053478, "status": "ran"}
{"case_id": "baseline-undisturbed-h85", "event_rows": 1663, "rows": 16437, "runtime_s": 1.5205737790092826, "status": "ran"}
{"case_id": "baseline-undisturbed-h82", "event_rows": 1685, "rows": 16437, "runtime_s": 1.4993529161438346, "status": "ran"}
{"case_id": "baseline-undisturbed-h86", "event_rows": 1712, "rows": 16437, "runtime_s": 1.5510778059251606, "status": "ran"}
{"case_id": "baseline-undisturbed-h89", "event_rows": 1672, "rows": 16437, "runtime_s": 1.4449746350292116, "status": "ran"}
{"case_id": "baseline-undisturbed-h91", "event_rows": 1716, "rows": 16437, "runtime_s": 1.5236423329915851, "status": "ran"}
{"case_id": "baseline-undisturbed-h95", "event_rows": 1735, "rows": 16437, "runtime_s": 1.5116422169376165, "status": "ran"}
{"case_id": "baseline-undisturbed-h94", "event_rows": 1705, "rows": 16437, "runtime_s": 1.4786121149081737, "status": "ran"}
{"case_id": "baseline-undisturbed-h96", "event_rows": 1717, "rows": 16437, "runtime_s": 1.4874752550385892, "status": "ran"}
{"case_id": "baseline-undisturbed-h90", "event_rows": 1692, "rows": 16437, "runtime_s": 1.5307566209230572, "status": "ran"}
{"case_id": "baseline-undisturbed-h92", "event_rows": 1699, "rows": 16437, "runtime_s": 1.5153892780654132, "status": "ran"}
{"case_id": "baseline-undisturbed-h93", "event_rows": 1705, "rows": 16437, "runtime_s": 1.57651969906874, "status": "ran"}
{"case_id": "baseline-undisturbed-h100", "event_rows": 1678, "rows": 16437, "runtime_s": 1.422070389147848, "status": "ran"}
{"case_id": "baseline-undisturbed-h97", "event_rows": 1615, "rows": 16437, "runtime_s": 1.542158444179222, "status": "ran"}
{"case_id": "baseline-undisturbed-h101", "event_rows": 1707, "rows": 16437, "runtime_s": 1.5029966570436954, "status": "ran"}
{"case_id": "baseline-undisturbed-h102", "event_rows": 1683, "rows": 16437, "runtime_s": 1.496259812032804, "status": "ran"}
{"case_id": "baseline-undisturbed-h99", "event_rows": 1706, "rows": 16437, "runtime_s": 1.510080540087074, "status": "ran"}
{"case_id": "baseline-undisturbed-h98", "event_rows": 1724, "rows": 16437, "runtime_s": 1.5219293599948287, "status": "ran"}
{"case_id": "baseline-undisturbed-h104", "event_rows": 1697, "rows": 16437, "runtime_s": 1.5038874270394444, "status": "ran"}
{"case_id": "baseline-undisturbed-h103", "event_rows": 1914, "rows": 16437, "runtime_s": 1.9652972649782896, "status": "ran"}
{"case_id": "baseline-undisturbed-h105", "event_rows": 1690, "rows": 16437, "runtime_s": 1.4682409928645939, "status": "ran"}
{"case_id": "baseline-undisturbed-h111", "event_rows": 1703, "rows": 16437, "runtime_s": 1.5043923428747803, "status": "ran"}
{"case_id": "baseline-undisturbed-h110", "event_rows": 1689, "rows": 16437, "runtime_s": 1.5035306320060045, "status": "ran"}
{"case_id": "baseline-undisturbed-h112", "event_rows": 1688, "rows": 16437, "runtime_s": 1.5318964668549597, "status": "ran"}
{"case_id": "baseline-undisturbed-h108", "event_rows": 1673, "rows": 16437, "runtime_s": 1.5342416760977358, "status": "ran"}
{"case_id": "baseline-undisturbed-h107", "event_rows": 1698, "rows": 16437, "runtime_s": 1.5110911359079182, "status": "ran"}
{"case_id": "baseline-undisturbed-h109", "event_rows": 1668, "rows": 16437, "runtime_s": 1.528967120917514, "status": "ran"}
{"case_id": "baseline-undisturbed-h106", "event_rows": 1707, "rows": 16437, "runtime_s": 1.5180512338411063, "status": "ran"}
{"case_id": "baseline-undisturbed-h114", "event_rows": 1689, "rows": 16437, "runtime_s": 1.442081409972161, "status": "ran"}
{"case_id": "baseline-undisturbed-h117", "event_rows": 1681, "rows": 16437, "runtime_s": 1.4343382930383086, "status": "ran"}
{"case_id": "baseline-undisturbed-h119", "event_rows": 1701, "rows": 16437, "runtime_s": 1.5388202080503106, "status": "ran"}
{"case_id": "baseline-undisturbed-h115", "event_rows": 1683, "rows": 16437, "runtime_s": 1.5748714150395244, "status": "ran"}
{"case_id": "baseline-undisturbed-h120", "event_rows": 1680, "rows": 16437, "runtime_s": 1.5220474610105157, "status": "ran"}
{"case_id": "baseline-undisturbed-h116", "event_rows": 1657, "rows": 16437, "runtime_s": 1.6137651258613914, "status": "ran"}
{"case_id": "baseline-undisturbed-h118", "event_rows": 1678, "rows": 16437, "runtime_s": 1.5973329821135849, "status": "ran"}
{"case_id": "baseline-undisturbed-h113", "event_rows": 1687, "rows": 16437, "runtime_s": 1.5639691047836095, "status": "ran"}
{"case_id": "baseline-undisturbed-h122", "event_rows": 1659, "rows": 16437, "runtime_s": 1.4482861279975623, "status": "ran"}
{"case_id": "baseline-undisturbed-h125", "event_rows": 1697, "rows": 16437, "runtime_s": 1.516060170950368, "status": "ran"}
{"case_id": "baseline-undisturbed-h126", "event_rows": 1666, "rows": 16437, "runtime_s": 1.517493032850325, "status": "ran"}
{"case_id": "baseline-undisturbed-h123", "event_rows": 1676, "rows": 16437, "runtime_s": 1.5240962910465896, "status": "ran"}
{"case_id": "baseline-undisturbed-h127", "event_rows": 1634, "rows": 16437, "runtime_s": 1.6239086729474366, "status": "ran"}
{"case_id": "baseline-undisturbed-h121", "event_rows": 1656, "rows": 16437, "runtime_s": 1.5110223130322993, "status": "ran"}
{"case_id": "baseline-undisturbed-h124", "event_rows": 1674, "rows": 16437, "runtime_s": 1.5224700949620456, "status": "ran"}
{"case_id": "baseline-undisturbed-h128", "event_rows": 1685, "rows": 16437, "runtime_s": 1.6344887679442763, "status": "ran"}
{"case_id": "baseline-undisturbed-h129", "event_rows": 1655, "rows": 16437, "runtime_s": 1.4907574660610408, "status": "ran"}
{"case_id": "baseline-undisturbed-h134", "event_rows": 1691, "rows": 16437, "runtime_s": 1.5523280599154532, "status": "ran"}
{"case_id": "baseline-undisturbed-h135", "event_rows": 1678, "rows": 16437, "runtime_s": 1.562783812172711, "status": "ran"}
{"case_id": "baseline-undisturbed-h132", "event_rows": 1672, "rows": 16437, "runtime_s": 1.5672941929660738, "status": "ran"}
{"case_id": "baseline-undisturbed-h136", "event_rows": 1666, "rows": 16437, "runtime_s": 1.5515903311315924, "status": "ran"}
{"case_id": "baseline-undisturbed-h131", "event_rows": 1665, "rows": 16437, "runtime_s": 1.5712951309978962, "status": "ran"}
{"case_id": "baseline-undisturbed-h133", "event_rows": 1700, "rows": 16437, "runtime_s": 1.5648922098334879, "status": "ran"}
{"case_id": "baseline-undisturbed-h130", "event_rows": 1659, "rows": 16437, "runtime_s": 1.5620725189801306, "status": "ran"}
{"case_id": "baseline-undisturbed-h138", "event_rows": 1678, "rows": 16437, "runtime_s": 1.4655903349630535, "status": "ran"}
{"case_id": "baseline-undisturbed-h140", "event_rows": 1665, "rows": 16437, "runtime_s": 1.5245310689788312, "status": "ran"}
{"case_id": "baseline-undisturbed-h139", "event_rows": 1657, "rows": 16437, "runtime_s": 1.548487313091755, "status": "ran"}
{"case_id": "baseline-undisturbed-h137", "event_rows": 1649, "rows": 16437, "runtime_s": 1.5397560929413885, "status": "ran"}
{"case_id": "topanga-burned-h10-cover-minus-b575fde4a28c", "event_rows": 1855, "rows": 16437, "runtime_s": 1.434999980032444, "status": "ran"}
{"case_id": "topanga-burned-h1-ksat-minus-b575fde4a28c", "event_rows": 1832, "rows": 16437, "runtime_s": 1.4930284949950874, "status": "ran"}
{"case_id": "topanga-burned-h100-cover-minus-b575fde4a28c", "event_rows": 1839, "rows": 16437, "runtime_s": 1.5210226669441909, "status": "ran"}
{"case_id": "topanga-burned-h10-cover-plus-b575fde4a28c", "event_rows": 1855, "rows": 16437, "runtime_s": 1.5548859019763768, "status": "ran"}
{"case_id": "topanga-burned-h1-ksat-plus-b575fde4a28c", "event_rows": 1832, "rows": 16437, "runtime_s": 1.5618996529374272, "status": "ran"}
{"case_id": "topanga-burned-h10-ksat-plus-b575fde4a28c", "event_rows": 1855, "rows": 16437, "runtime_s": 1.5645657621789724, "status": "ran"}
{"case_id": "topanga-burned-h10-ksat-minus-b575fde4a28c", "event_rows": 1855, "rows": 16437, "runtime_s": 1.5780853091273457, "status": "ran"}
{"case_id": "topanga-burned-h100-cover-plus-b575fde4a28c", "event_rows": 1839, "rows": 16437, "runtime_s": 1.5392472660169005, "status": "ran"}
{"case_id": "topanga-burned-h102-cover-plus-b575fde4a28c", "event_rows": 1820, "rows": 16437, "runtime_s": 1.4763425078708678, "status": "ran"}
{"case_id": "topanga-burned-h101-ksat-plus-b575fde4a28c", "event_rows": 1836, "rows": 16437, "runtime_s": 1.4773156209848821, "status": "ran"}
{"case_id": "topanga-burned-h101-cover-minus-b575fde4a28c", "event_rows": 1836, "rows": 16437, "runtime_s": 1.645676250103861, "status": "ran"}
{"case_id": "topanga-burned-h102-cover-minus-b575fde4a28c", "event_rows": 1820, "rows": 16437, "runtime_s": 1.6231312800664455, "status": "ran"}
{"case_id": "topanga-burned-h100-ksat-plus-b575fde4a28c", "event_rows": 1839, "rows": 16437, "runtime_s": 1.6312794189434499, "status": "ran"}
{"case_id": "topanga-burned-h101-ksat-minus-b575fde4a28c", "event_rows": 1836, "rows": 16437, "runtime_s": 1.632972750114277, "status": "ran"}
{"case_id": "topanga-burned-h100-ksat-minus-b575fde4a28c", "event_rows": 1839, "rows": 16437, "runtime_s": 1.6476474420633167, "status": "ran"}
{"case_id": "topanga-burned-h101-cover-plus-b575fde4a28c", "event_rows": 1836, "rows": 16437, "runtime_s": 1.6265112988185138, "status": "ran"}
{"case_id": "topanga-burned-h102-ksat-minus-b575fde4a28c", "event_rows": 1820, "rows": 16437, "runtime_s": 1.4341889899224043, "status": "ran"}
{"case_id": "topanga-burned-h102-ksat-plus-b575fde4a28c", "event_rows": 1820, "rows": 16437, "runtime_s": 1.4844005580525845, "status": "ran"}
{"case_id": "topanga-burned-h103-ksat-minus-b575fde4a28c", "event_rows": 1914, "rows": 16437, "runtime_s": 1.5668842638842762, "status": "ran"}
{"case_id": "topanga-burned-h103-ksat-plus-b575fde4a28c", "event_rows": 1914, "rows": 16437, "runtime_s": 1.6202258069533855, "status": "ran"}
{"case_id": "topanga-burned-h104-cover-minus-b575fde4a28c", "event_rows": 1853, "rows": 16437, "runtime_s": 1.4932732379529625, "status": "ran"}
{"case_id": "topanga-burned-h104-ksat-plus-b575fde4a28c", "event_rows": 1853, "rows": 16437, "runtime_s": 1.6074436560738832, "status": "ran"}
{"case_id": "topanga-burned-h104-cover-plus-b575fde4a28c", "event_rows": 1853, "rows": 16437, "runtime_s": 1.6578006651252508, "status": "ran"}
{"case_id": "topanga-burned-h104-ksat-minus-b575fde4a28c", "event_rows": 1853, "rows": 16437, "runtime_s": 1.577079410199076, "status": "ran"}
{"case_id": "topanga-burned-h106-cover-minus-b575fde4a28c", "event_rows": 1830, "rows": 16437, "runtime_s": 1.4233671510592103, "status": "ran"}
{"case_id": "topanga-burned-h105-cover-plus-b575fde4a28c", "event_rows": 1822, "rows": 16437, "runtime_s": 1.50930400704965, "status": "ran"}
{"case_id": "topanga-burned-h105-ksat-minus-b575fde4a28c", "event_rows": 1822, "rows": 16437, "runtime_s": 1.5027257218025625, "status": "ran"}
{"case_id": "topanga-burned-h106-cover-plus-b575fde4a28c", "event_rows": 1830, "rows": 16437, "runtime_s": 1.4863259429112077, "status": "ran"}
{"case_id": "topanga-burned-h105-ksat-plus-b575fde4a28c", "event_rows": 1822, "rows": 16437, "runtime_s": 1.4292135988362134, "status": "ran"}
{"case_id": "topanga-burned-h105-cover-minus-b575fde4a28c", "event_rows": 1822, "rows": 16437, "runtime_s": 1.4917468959465623, "status": "ran"}
{"case_id": "topanga-burned-h106-ksat-minus-b575fde4a28c", "event_rows": 1830, "rows": 16437, "runtime_s": 1.4900340230669826, "status": "ran"}
{"case_id": "topanga-burned-h106-ksat-plus-b575fde4a28c", "event_rows": 1830, "rows": 16437, "runtime_s": 1.5488610628526658, "status": "ran"}
{"case_id": "topanga-burned-h107-ksat-plus-b575fde4a28c", "event_rows": 1817, "rows": 16437, "runtime_s": 1.4508931320160627, "status": "ran"}
{"case_id": "topanga-burned-h108-cover-plus-b575fde4a28c", "event_rows": 1859, "rows": 16437, "runtime_s": 1.5256394480820745, "status": "ran"}
{"case_id": "topanga-burned-h107-ksat-minus-b575fde4a28c", "event_rows": 1817, "rows": 16437, "runtime_s": 1.4961888398975134, "status": "ran"}
{"case_id": "topanga-burned-h108-ksat-minus-b575fde4a28c", "event_rows": 1859, "rows": 16437, "runtime_s": 1.5330185140483081, "status": "ran"}
{"case_id": "topanga-burned-h108-ksat-plus-b575fde4a28c", "event_rows": 1859, "rows": 16437, "runtime_s": 1.5103200341109186, "status": "ran"}
{"case_id": "topanga-burned-h107-cover-plus-b575fde4a28c", "event_rows": 1817, "rows": 16437, "runtime_s": 1.471231637056917, "status": "ran"}
{"case_id": "topanga-burned-h107-cover-minus-b575fde4a28c", "event_rows": 1817, "rows": 16437, "runtime_s": 1.5251767290756106, "status": "ran"}
{"case_id": "topanga-burned-h108-cover-minus-b575fde4a28c", "event_rows": 1859, "rows": 16437, "runtime_s": 1.493741194019094, "status": "ran"}
{"case_id": "topanga-burned-h109-ksat-minus-b575fde4a28c", "event_rows": 1836, "rows": 16437, "runtime_s": 1.538640648825094, "status": "ran"}
{"case_id": "topanga-burned-h109-cover-minus-b575fde4a28c", "event_rows": 1836, "rows": 16437, "runtime_s": 1.4711410028394312, "status": "ran"}
{"case_id": "topanga-burned-h11-ksat-plus-b575fde4a28c", "event_rows": 1825, "rows": 16437, "runtime_s": 1.5234701258596033, "status": "ran"}
{"case_id": "topanga-burned-h11-cover-plus-b575fde4a28c", "event_rows": 1825, "rows": 16437, "runtime_s": 1.4804168019909412, "status": "ran"}
{"case_id": "topanga-burned-h109-cover-plus-b575fde4a28c", "event_rows": 1836, "rows": 16437, "runtime_s": 1.5029302209150046, "status": "ran"}
{"case_id": "topanga-burned-h109-ksat-plus-b575fde4a28c", "event_rows": 1836, "rows": 16437, "runtime_s": 1.5079958089627326, "status": "ran"}
{"case_id": "topanga-burned-h11-cover-minus-b575fde4a28c", "event_rows": 1825, "rows": 16437, "runtime_s": 1.5165581610053778, "status": "ran"}
{"case_id": "topanga-burned-h11-ksat-minus-b575fde4a28c", "event_rows": 1826, "rows": 16437, "runtime_s": 1.647459871834144, "status": "ran"}
{"case_id": "topanga-burned-h111-cover-minus-b575fde4a28c", "event_rows": 1823, "rows": 16437, "runtime_s": 1.4258169089443982, "status": "ran"}
{"case_id": "topanga-burned-h111-cover-plus-b575fde4a28c", "event_rows": 1823, "rows": 16437, "runtime_s": 1.5086725519504398, "status": "ran"}
{"case_id": "topanga-burned-h110-cover-minus-b575fde4a28c", "event_rows": 1826, "rows": 16437, "runtime_s": 1.5178900440223515, "status": "ran"}
{"case_id": "topanga-burned-h111-ksat-plus-b575fde4a28c", "event_rows": 1823, "rows": 16437, "runtime_s": 1.5050242820288986, "status": "ran"}
{"case_id": "topanga-burned-h110-ksat-minus-b575fde4a28c", "event_rows": 1826, "rows": 16437, "runtime_s": 1.478735436918214, "status": "ran"}
{"case_id": "topanga-burned-h110-cover-plus-b575fde4a28c", "event_rows": 1826, "rows": 16437, "runtime_s": 1.6225216889288276, "status": "ran"}
{"case_id": "topanga-burned-h110-ksat-plus-b575fde4a28c", "event_rows": 1826, "rows": 16437, "runtime_s": 1.7307300369720906, "status": "ran"}
{"case_id": "topanga-burned-h111-ksat-minus-b575fde4a28c", "event_rows": 1823, "rows": 16437, "runtime_s": 1.6036725449375808, "status": "ran"}
{"case_id": "topanga-burned-h112-ksat-minus-b575fde4a28c", "event_rows": 1811, "rows": 16437, "runtime_s": 1.4397524599917233, "status": "ran"}
{"case_id": "topanga-burned-h112-ksat-plus-b575fde4a28c", "event_rows": 1811, "rows": 16437, "runtime_s": 1.5489726311061531, "status": "ran"}
{"case_id": "topanga-burned-h113-ksat-minus-b575fde4a28c", "event_rows": 1823, "rows": 16437, "runtime_s": 1.5830503210891038, "status": "ran"}
{"case_id": "topanga-burned-h112-cover-minus-b575fde4a28c", "event_rows": 1811, "rows": 16437, "runtime_s": 1.6198241089005023, "status": "ran"}
{"case_id": "topanga-burned-h113-ksat-plus-b575fde4a28c", "event_rows": 1823, "rows": 16437, "runtime_s": 1.733740126946941, "status": "ran"}
{"case_id": "topanga-burned-h112-cover-plus-b575fde4a28c", "event_rows": 1811, "rows": 16437, "runtime_s": 1.7490172910038382, "status": "ran"}
{"case_id": "topanga-burned-h113-cover-minus-b575fde4a28c", "event_rows": 1823, "rows": 16437, "runtime_s": 1.8071862168144435, "status": "ran"}
{"case_id": "topanga-burned-h113-cover-plus-b575fde4a28c", "event_rows": 1823, "rows": 16437, "runtime_s": 1.7143077799119055, "status": "ran"}
{"case_id": "topanga-burned-h114-ksat-minus-b575fde4a28c", "event_rows": 1821, "rows": 16437, "runtime_s": 1.4293527188710868, "status": "ran"}
{"case_id": "topanga-burned-h115-ksat-minus-b575fde4a28c", "event_rows": 1863, "rows": 16437, "runtime_s": 1.523463096935302, "status": "ran"}
{"case_id": "topanga-burned-h115-cover-plus-b575fde4a28c", "event_rows": 1863, "rows": 16437, "runtime_s": 1.4966238299384713, "status": "ran"}
{"case_id": "topanga-burned-h114-cover-plus-b575fde4a28c", "event_rows": 1821, "rows": 16437, "runtime_s": 1.5000332579948008, "status": "ran"}
{"case_id": "topanga-burned-h114-ksat-plus-b575fde4a28c", "event_rows": 1821, "rows": 16437, "runtime_s": 1.5440727730747312, "status": "ran"}
{"case_id": "topanga-burned-h115-ksat-plus-b575fde4a28c", "event_rows": 1863, "rows": 16437, "runtime_s": 1.5219900321681052, "status": "ran"}
{"case_id": "topanga-burned-h114-cover-minus-b575fde4a28c", "event_rows": 1821, "rows": 16437, "runtime_s": 1.4798893970437348, "status": "ran"}
{"case_id": "topanga-burned-h115-cover-minus-b575fde4a28c", "event_rows": 1863, "rows": 16437, "runtime_s": 1.4871543529443443, "status": "ran"}
{"case_id": "topanga-burned-h116-cover-minus-b575fde4a28c", "event_rows": 1830, "rows": 16437, "runtime_s": 1.419792118947953, "status": "ran"}
{"case_id": "topanga-burned-h116-ksat-minus-b575fde4a28c", "event_rows": 1830, "rows": 16437, "runtime_s": 1.4730832949280739, "status": "ran"}
{"case_id": "topanga-burned-h116-ksat-plus-b575fde4a28c", "event_rows": 1830, "rows": 16437, "runtime_s": 1.507220236118883, "status": "ran"}
{"case_id": "topanga-burned-h117-cover-plus-b575fde4a28c", "event_rows": 1833, "rows": 16437, "runtime_s": 1.4897424019873142, "status": "ran"}
{"case_id": "topanga-burned-h117-cover-minus-b575fde4a28c", "event_rows": 1833, "rows": 16437, "runtime_s": 1.5766076100990176, "status": "ran"}
{"case_id": "topanga-burned-h117-ksat-plus-b575fde4a28c", "event_rows": 1833, "rows": 16437, "runtime_s": 1.5523565169423819, "status": "ran"}
{"case_id": "topanga-burned-h117-ksat-minus-b575fde4a28c", "event_rows": 1833, "rows": 16437, "runtime_s": 1.5116771659813821, "status": "ran"}
{"case_id": "topanga-burned-h116-cover-plus-b575fde4a28c", "event_rows": 1830, "rows": 16437, "runtime_s": 1.7422394619788975, "status": "ran"}
{"case_id": "topanga-burned-h118-cover-plus-b575fde4a28c", "event_rows": 1819, "rows": 16437, "runtime_s": 1.4777640800457448, "status": "ran"}
{"case_id": "topanga-burned-h118-ksat-minus-b575fde4a28c", "event_rows": 1819, "rows": 16437, "runtime_s": 1.4713257099501789, "status": "ran"}
{"case_id": "topanga-burned-h118-cover-minus-b575fde4a28c", "event_rows": 1819, "rows": 16437, "runtime_s": 1.5917968198191375, "status": "ran"}
{"case_id": "topanga-burned-h118-ksat-plus-b575fde4a28c", "event_rows": 1819, "rows": 16437, "runtime_s": 1.4649681327864528, "status": "ran"}
{"case_id": "topanga-burned-h119-cover-minus-b575fde4a28c", "event_rows": 1829, "rows": 16437, "runtime_s": 1.537226565880701, "status": "ran"}
{"case_id": "topanga-burned-h119-ksat-plus-b575fde4a28c", "event_rows": 1829, "rows": 16437, "runtime_s": 1.5334073128178716, "status": "ran"}
{"case_id": "topanga-burned-h119-ksat-minus-b575fde4a28c", "event_rows": 1829, "rows": 16437, "runtime_s": 1.4913477420341223, "status": "ran"}
{"case_id": "topanga-burned-h119-cover-plus-b575fde4a28c", "event_rows": 1829, "rows": 16437, "runtime_s": 1.5816870341077447, "status": "ran"}
{"case_id": "topanga-burned-h12-cover-minus-b575fde4a28c", "event_rows": 1847, "rows": 16437, "runtime_s": 1.4006742029450834, "status": "ran"}
{"case_id": "topanga-burned-h12-ksat-minus-b575fde4a28c", "event_rows": 1847, "rows": 16437, "runtime_s": 1.5062321780715138, "status": "ran"}
{"case_id": "topanga-burned-h12-cover-plus-b575fde4a28c", "event_rows": 1847, "rows": 16437, "runtime_s": 1.5053554691839963, "status": "ran"}
{"case_id": "topanga-burned-h12-ksat-plus-b575fde4a28c", "event_rows": 1847, "rows": 16437, "runtime_s": 1.4331535128876567, "status": "ran"}
{"case_id": "topanga-burned-h120-ksat-minus-b575fde4a28c", "event_rows": 1841, "rows": 16437, "runtime_s": 1.4870362419169396, "status": "ran"}
{"case_id": "topanga-burned-h120-cover-plus-b575fde4a28c", "event_rows": 1841, "rows": 16437, "runtime_s": 1.5016327418852597, "status": "ran"}
{"case_id": "topanga-burned-h120-cover-minus-b575fde4a28c", "event_rows": 1841, "rows": 16437, "runtime_s": 1.632228379836306, "status": "ran"}
{"case_id": "topanga-burned-h120-ksat-plus-b575fde4a28c", "event_rows": 1841, "rows": 16437, "runtime_s": 1.6455700960941613, "status": "ran"}
{"case_id": "topanga-burned-h121-cover-minus-b575fde4a28c", "event_rows": 1837, "rows": 16437, "runtime_s": 1.4275582958944142, "status": "ran"}
{"case_id": "topanga-burned-h121-ksat-minus-b575fde4a28c", "event_rows": 1837, "rows": 16437, "runtime_s": 1.494890813017264, "status": "ran"}
{"case_id": "topanga-burned-h121-cover-plus-b575fde4a28c", "event_rows": 1837, "rows": 16437, "runtime_s": 1.5424840729683638, "status": "ran"}
{"case_id": "topanga-burned-h121-ksat-plus-b575fde4a28c", "event_rows": 1837, "rows": 16437, "runtime_s": 1.4688778759445995, "status": "ran"}
{"case_id": "topanga-burned-h122-ksat-minus-b575fde4a28c", "event_rows": 1851, "rows": 16437, "runtime_s": 1.5141940070316195, "status": "ran"}
{"case_id": "topanga-burned-h122-cover-plus-b575fde4a28c", "event_rows": 1851, "rows": 16437, "runtime_s": 1.5816462121438235, "status": "ran"}
{"case_id": "topanga-burned-h122-cover-minus-b575fde4a28c", "event_rows": 1851, "rows": 16437, "runtime_s": 1.570055200951174, "status": "ran"}
{"case_id": "topanga-burned-h122-ksat-plus-b575fde4a28c", "event_rows": 1851, "rows": 16437, "runtime_s": 1.6225358739029616, "status": "ran"}
{"case_id": "topanga-burned-h123-cover-minus-b575fde4a28c", "event_rows": 1847, "rows": 16437, "runtime_s": 1.4489290488418192, "status": "ran"}
{"case_id": "topanga-burned-h123-cover-plus-b575fde4a28c", "event_rows": 1847, "rows": 16437, "runtime_s": 1.4893640610389411, "status": "ran"}
{"case_id": "topanga-burned-h123-ksat-minus-b575fde4a28c", "event_rows": 1847, "rows": 16437, "runtime_s": 1.514145866036415, "status": "ran"}
{"case_id": "topanga-burned-h123-ksat-plus-b575fde4a28c", "event_rows": 1847, "rows": 16437, "runtime_s": 1.507999044843018, "status": "ran"}
{"case_id": "topanga-burned-h124-cover-minus-b575fde4a28c", "event_rows": 1841, "rows": 16437, "runtime_s": 1.5590379380155355, "status": "ran"}
{"case_id": "topanga-burned-h124-ksat-minus-b575fde4a28c", "event_rows": 1841, "rows": 16437, "runtime_s": 1.5309787089936435, "status": "ran"}
{"case_id": "topanga-burned-h125-cover-minus-b575fde4a28c", "event_rows": 1833, "rows": 16437, "runtime_s": 1.5129422938916832, "status": "ran"}
{"case_id": "topanga-burned-h124-cover-plus-b575fde4a28c", "event_rows": 1841, "rows": 16437, "runtime_s": 1.5850333340931684, "status": "ran"}
{"case_id": "topanga-burned-h124-ksat-plus-b575fde4a28c", "event_rows": 1841, "rows": 16437, "runtime_s": 1.57786602107808, "status": "ran"}
{"case_id": "topanga-burned-h125-cover-plus-b575fde4a28c", "event_rows": 1833, "rows": 16437, "runtime_s": 1.4615855938754976, "status": "ran"}
{"case_id": "topanga-burned-h125-ksat-minus-b575fde4a28c", "event_rows": 1833, "rows": 16437, "runtime_s": 1.5444159749895334, "status": "ran"}
{"case_id": "topanga-burned-h126-cover-plus-b575fde4a28c", "event_rows": 1852, "rows": 16437, "runtime_s": 1.4961250501219183, "status": "ran"}
{"case_id": "topanga-burned-h127-cover-minus-b575fde4a28c", "event_rows": 1818, "rows": 16437, "runtime_s": 1.5858201819937676, "status": "ran"}
{"case_id": "topanga-burned-h126-cover-minus-b575fde4a28c", "event_rows": 1852, "rows": 16437, "runtime_s": 1.5569024910219014, "status": "ran"}
{"case_id": "topanga-burned-h126-ksat-plus-b575fde4a28c", "event_rows": 1852, "rows": 16437, "runtime_s": 1.536412906134501, "status": "ran"}
{"case_id": "topanga-burned-h125-ksat-plus-b575fde4a28c", "event_rows": 1833, "rows": 16437, "runtime_s": 1.5664843579288572, "status": "ran"}
{"case_id": "topanga-burned-h126-ksat-minus-b575fde4a28c", "event_rows": 1852, "rows": 16437, "runtime_s": 1.514991425909102, "status": "ran"}
{"case_id": "topanga-burned-h127-ksat-minus-b575fde4a28c", "event_rows": 1818, "rows": 16437, "runtime_s": 1.5717452040407807, "status": "ran"}
{"case_id": "topanga-burned-h127-cover-plus-b575fde4a28c", "event_rows": 1818, "rows": 16437, "runtime_s": 1.5578336268663406, "status": "ran"}
{"case_id": "topanga-burned-h128-ksat-plus-b575fde4a28c", "event_rows": 1818, "rows": 16437, "runtime_s": 1.498785984935239, "status": "ran"}
{"case_id": "topanga-burned-h128-cover-plus-b575fde4a28c", "event_rows": 1818, "rows": 16437, "runtime_s": 1.535619492875412, "status": "ran"}
{"case_id": "topanga-burned-h129-cover-plus-b575fde4a28c", "event_rows": 1835, "rows": 16437, "runtime_s": 1.5910689800512046, "status": "ran"}
{"case_id": "topanga-burned-h127-ksat-plus-b575fde4a28c", "event_rows": 1818, "rows": 16437, "runtime_s": 1.6689486589748412, "status": "ran"}
{"case_id": "topanga-burned-h128-ksat-minus-b575fde4a28c", "event_rows": 1818, "rows": 16437, "runtime_s": 1.5486175569240004, "status": "ran"}
{"case_id": "topanga-burned-h129-cover-minus-b575fde4a28c", "event_rows": 1835, "rows": 16437, "runtime_s": 1.5881760269403458, "status": "ran"}
{"case_id": "topanga-burned-h128-cover-minus-b575fde4a28c", "event_rows": 1818, "rows": 16437, "runtime_s": 1.5760235760826617, "status": "ran"}
{"case_id": "topanga-burned-h129-ksat-minus-b575fde4a28c", "event_rows": 1835, "rows": 16437, "runtime_s": 1.582441683858633, "status": "ran"}
{"case_id": "topanga-burned-h130-cover-minus-b575fde4a28c", "event_rows": 1854, "rows": 16437, "runtime_s": 1.4867123530711979, "status": "ran"}
{"case_id": "topanga-burned-h13-ksat-plus-b575fde4a28c", "event_rows": 1818, "rows": 16437, "runtime_s": 1.5309656879398972, "status": "ran"}
{"case_id": "topanga-burned-h13-cover-minus-b575fde4a28c", "event_rows": 1818, "rows": 16437, "runtime_s": 1.568357737036422, "status": "ran"}
{"case_id": "topanga-burned-h130-ksat-minus-b575fde4a28c", "event_rows": 1854, "rows": 16437, "runtime_s": 1.5454748729243875, "status": "ran"}
{"case_id": "topanga-burned-h129-ksat-plus-b575fde4a28c", "event_rows": 1835, "rows": 16437, "runtime_s": 1.5441682171076536, "status": "ran"}
{"case_id": "topanga-burned-h130-cover-plus-b575fde4a28c", "event_rows": 1854, "rows": 16437, "runtime_s": 1.568578233011067, "status": "ran"}
{"case_id": "topanga-burned-h13-cover-plus-b575fde4a28c", "event_rows": 1818, "rows": 16437, "runtime_s": 1.5546264499425888, "status": "ran"}
{"case_id": "topanga-burned-h13-ksat-minus-b575fde4a28c", "event_rows": 1818, "rows": 16437, "runtime_s": 1.610162828117609, "status": "ran"}
{"case_id": "topanga-burned-h130-ksat-plus-b575fde4a28c", "event_rows": 1854, "rows": 16437, "runtime_s": 1.4569559951778501, "status": "ran"}
{"case_id": "topanga-burned-h131-ksat-minus-b575fde4a28c", "event_rows": 1868, "rows": 16437, "runtime_s": 1.5306887419428676, "status": "ran"}
{"case_id": "topanga-burned-h131-ksat-plus-b575fde4a28c", "event_rows": 1868, "rows": 16437, "runtime_s": 1.529281091177836, "status": "ran"}
{"case_id": "topanga-burned-h132-cover-minus-b575fde4a28c", "event_rows": 1852, "rows": 16437, "runtime_s": 1.5223078019917011, "status": "ran"}
{"case_id": "topanga-burned-h131-cover-minus-b575fde4a28c", "event_rows": 1868, "rows": 16437, "runtime_s": 1.5933946748264134, "status": "ran"}
{"case_id": "topanga-burned-h132-cover-plus-b575fde4a28c", "event_rows": 1852, "rows": 16437, "runtime_s": 1.581885248888284, "status": "ran"}
{"case_id": "topanga-burned-h132-ksat-minus-b575fde4a28c", "event_rows": 1852, "rows": 16437, "runtime_s": 1.6032823431305587, "status": "ran"}
{"case_id": "topanga-burned-h131-cover-plus-b575fde4a28c", "event_rows": 1868, "rows": 16437, "runtime_s": 1.634993629064411, "status": "ran"}
{"case_id": "topanga-burned-h133-cover-plus-b575fde4a28c", "event_rows": 1821, "rows": 16437, "runtime_s": 1.4820724530145526, "status": "ran"}
{"case_id": "topanga-burned-h133-ksat-plus-b575fde4a28c", "event_rows": 1821, "rows": 16437, "runtime_s": 1.5199404160957783, "status": "ran"}
{"case_id": "topanga-burned-h134-cover-minus-b575fde4a28c", "event_rows": 1832, "rows": 16437, "runtime_s": 1.527362196939066, "status": "ran"}
{"case_id": "topanga-burned-h134-cover-plus-b575fde4a28c", "event_rows": 1832, "rows": 16437, "runtime_s": 1.5004382119514048, "status": "ran"}
{"case_id": "topanga-burned-h133-ksat-minus-b575fde4a28c", "event_rows": 1822, "rows": 16437, "runtime_s": 1.5676378679927438, "status": "ran"}
{"case_id": "topanga-burned-h132-ksat-plus-b575fde4a28c", "event_rows": 1852, "rows": 16437, "runtime_s": 1.5431013330817223, "status": "ran"}
{"case_id": "topanga-burned-h133-cover-minus-b575fde4a28c", "event_rows": 1821, "rows": 16437, "runtime_s": 1.5694479260127991, "status": "ran"}
{"case_id": "topanga-burned-h134-ksat-minus-b575fde4a28c", "event_rows": 1832, "rows": 16437, "runtime_s": 1.56194289913401, "status": "ran"}
{"case_id": "topanga-burned-h134-ksat-plus-b575fde4a28c", "event_rows": 1832, "rows": 16437, "runtime_s": 1.4715128059033304, "status": "ran"}
{"case_id": "topanga-burned-h136-cover-minus-b575fde4a28c", "event_rows": 1855, "rows": 16437, "runtime_s": 1.4758136300370097, "status": "ran"}
{"case_id": "topanga-burned-h135-cover-minus-b575fde4a28c", "event_rows": 1839, "rows": 16437, "runtime_s": 1.532572696916759, "status": "ran"}
{"case_id": "topanga-burned-h135-cover-plus-b575fde4a28c", "event_rows": 1839, "rows": 16437, "runtime_s": 1.5341901439242065, "status": "ran"}
{"case_id": "topanga-burned-h136-ksat-minus-b575fde4a28c", "event_rows": 1855, "rows": 16437, "runtime_s": 1.5897166940849274, "status": "ran"}
{"case_id": "topanga-burned-h135-ksat-plus-b575fde4a28c", "event_rows": 1839, "rows": 16437, "runtime_s": 1.4978364389389753, "status": "ran"}
{"case_id": "topanga-burned-h135-ksat-minus-b575fde4a28c", "event_rows": 1839, "rows": 16437, "runtime_s": 1.5388436052016914, "status": "ran"}
{"case_id": "topanga-burned-h136-cover-plus-b575fde4a28c", "event_rows": 1855, "rows": 16437, "runtime_s": 1.5375481811352074, "status": "ran"}
{"case_id": "topanga-burned-h138-ksat-minus-b575fde4a28c", "event_rows": 1844, "rows": 16437, "runtime_s": 1.4769842280074954, "status": "ran"}
{"case_id": "topanga-burned-h137-cover-minus-b575fde4a28c", "event_rows": 1860, "rows": 16437, "runtime_s": 1.5616581360809505, "status": "ran"}
{"case_id": "topanga-burned-h138-cover-minus-b575fde4a28c", "event_rows": 1844, "rows": 16437, "runtime_s": 1.4823764110915363, "status": "ran"}
{"case_id": "topanga-burned-h137-cover-plus-b575fde4a28c", "event_rows": 1860, "rows": 16437, "runtime_s": 1.5546346788760275, "status": "ran"}
{"case_id": "topanga-burned-h136-ksat-plus-b575fde4a28c", "event_rows": 1855, "rows": 16437, "runtime_s": 1.567361825844273, "status": "ran"}
{"case_id": "topanga-burned-h137-ksat-plus-b575fde4a28c", "event_rows": 1860, "rows": 16437, "runtime_s": 1.5301570089068264, "status": "ran"}
{"case_id": "topanga-burned-h137-ksat-minus-b575fde4a28c", "event_rows": 1860, "rows": 16437, "runtime_s": 1.556708904914558, "status": "ran"}
{"case_id": "topanga-burned-h138-cover-plus-b575fde4a28c", "event_rows": 1844, "rows": 16437, "runtime_s": 1.5487961831968278, "status": "ran"}
{"case_id": "topanga-burned-h14-cover-plus-b575fde4a28c", "event_rows": 1665, "rows": 16437, "runtime_s": 1.3813589869532734, "status": "ran"}
{"case_id": "topanga-burned-h138-ksat-plus-b575fde4a28c", "event_rows": 1844, "rows": 16437, "runtime_s": 1.4832032630220056, "status": "ran"}
{"case_id": "topanga-burned-h14-ksat-minus-b575fde4a28c", "event_rows": 1665, "rows": 16437, "runtime_s": 1.4687555260024965, "status": "ran"}
{"case_id": "topanga-burned-h14-cover-minus-b575fde4a28c", "event_rows": 1665, "rows": 16437, "runtime_s": 1.4420109679922462, "status": "ran"}
{"case_id": "topanga-burned-h139-cover-plus-b575fde4a28c", "event_rows": 1838, "rows": 16437, "runtime_s": 1.5315914971288294, "status": "ran"}
{"case_id": "topanga-burned-h139-ksat-plus-b575fde4a28c", "event_rows": 1838, "rows": 16437, "runtime_s": 1.4641129279043525, "status": "ran"}
{"case_id": "topanga-burned-h139-cover-minus-b575fde4a28c", "event_rows": 1838, "rows": 16437, "runtime_s": 1.4867686440702528, "status": "ran"}
{"case_id": "topanga-burned-h139-ksat-minus-b575fde4a28c", "event_rows": 1838, "rows": 16437, "runtime_s": 1.4862568581011146, "status": "ran"}
{"case_id": "topanga-burned-h15-cover-plus-b575fde4a28c", "event_rows": 1667, "rows": 16437, "runtime_s": 1.4268214178737253, "status": "ran"}
{"case_id": "topanga-burned-h140-ksat-plus-b575fde4a28c", "event_rows": 1844, "rows": 16437, "runtime_s": 1.4441341860219836, "status": "ran"}
{"case_id": "topanga-burned-h140-cover-minus-b575fde4a28c", "event_rows": 1844, "rows": 16437, "runtime_s": 1.5247902730479836, "status": "ran"}
{"case_id": "topanga-burned-h140-ksat-minus-b575fde4a28c", "event_rows": 1844, "rows": 16437, "runtime_s": 1.5033265601377934, "status": "ran"}
{"case_id": "topanga-burned-h140-cover-plus-b575fde4a28c", "event_rows": 1844, "rows": 16437, "runtime_s": 1.5158793269656599, "status": "ran"}
{"case_id": "topanga-burned-h15-cover-minus-b575fde4a28c", "event_rows": 1667, "rows": 16437, "runtime_s": 1.4578131888993084, "status": "ran"}
{"case_id": "topanga-burned-h15-ksat-minus-b575fde4a28c", "event_rows": 1667, "rows": 16437, "runtime_s": 1.4780386260244995, "status": "ran"}
{"case_id": "topanga-burned-h14-ksat-plus-b575fde4a28c", "event_rows": 1665, "rows": 16437, "runtime_s": 1.534781820839271, "status": "ran"}
{"case_id": "topanga-burned-h15-ksat-plus-b575fde4a28c", "event_rows": 1667, "rows": 16437, "runtime_s": 1.4139881238806993, "status": "ran"}
{"case_id": "topanga-burned-h16-cover-plus-b575fde4a28c", "event_rows": 1813, "rows": 16437, "runtime_s": 1.4897362659685314, "status": "ran"}
{"case_id": "topanga-burned-h16-ksat-plus-b575fde4a28c", "event_rows": 1813, "rows": 16437, "runtime_s": 1.4598477908875793, "status": "ran"}
{"case_id": "topanga-burned-h17-ksat-minus-b575fde4a28c", "event_rows": 1839, "rows": 16437, "runtime_s": 1.4658636800013483, "status": "ran"}
{"case_id": "topanga-burned-h17-cover-minus-b575fde4a28c", "event_rows": 1839, "rows": 16437, "runtime_s": 1.626924694981426, "status": "ran"}
{"case_id": "topanga-burned-h16-ksat-minus-b575fde4a28c", "event_rows": 1814, "rows": 16437, "runtime_s": 1.6287080070469528, "status": "ran"}
{"case_id": "topanga-burned-h17-cover-plus-b575fde4a28c", "event_rows": 1839, "rows": 16437, "runtime_s": 1.5429177170153707, "status": "ran"}
{"case_id": "topanga-burned-h16-cover-minus-b575fde4a28c", "event_rows": 1813, "rows": 16437, "runtime_s": 1.7216745771002024, "status": "ran"}
{"case_id": "topanga-burned-h18-ksat-plus-b575fde4a28c", "event_rows": 1823, "rows": 16437, "runtime_s": 1.4031626579817384, "status": "ran"}
{"case_id": "topanga-burned-h18-cover-plus-b575fde4a28c", "event_rows": 1823, "rows": 16437, "runtime_s": 1.4832225558348, "status": "ran"}
{"case_id": "topanga-burned-h19-ksat-minus-b575fde4a28c", "event_rows": 1827, "rows": 16437, "runtime_s": 1.4870165409520268, "status": "ran"}
{"case_id": "topanga-burned-h19-cover-minus-b575fde4a28c", "event_rows": 1827, "rows": 16437, "runtime_s": 1.4799995019566268, "status": "ran"}
{"case_id": "topanga-burned-h18-cover-minus-b575fde4a28c", "event_rows": 1823, "rows": 16437, "runtime_s": 1.510537093039602, "status": "ran"}
{"case_id": "topanga-burned-h17-ksat-plus-b575fde4a28c", "event_rows": 1839, "rows": 16437, "runtime_s": 1.4677220091689378, "status": "ran"}
{"case_id": "topanga-burned-h19-cover-plus-b575fde4a28c", "event_rows": 1827, "rows": 16437, "runtime_s": 1.4831948808860034, "status": "ran"}
{"case_id": "topanga-burned-h18-ksat-minus-b575fde4a28c", "event_rows": 1823, "rows": 16437, "runtime_s": 1.475272755138576, "status": "ran"}
{"case_id": "topanga-burned-h19-ksat-plus-b575fde4a28c", "event_rows": 1826, "rows": 16437, "runtime_s": 1.4121859590522945, "status": "ran"}
{"case_id": "topanga-burned-h20-ksat-minus-b575fde4a28c", "event_rows": 1811, "rows": 16437, "runtime_s": 1.4079592649359256, "status": "ran"}
{"case_id": "topanga-burned-h20-cover-minus-b575fde4a28c", "event_rows": 1811, "rows": 16437, "runtime_s": 1.4712465750053525, "status": "ran"}
{"case_id": "topanga-burned-h20-cover-plus-b575fde4a28c", "event_rows": 1811, "rows": 16437, "runtime_s": 1.4656373800244182, "status": "ran"}
{"case_id": "topanga-burned-h2-ksat-plus-b575fde4a28c", "event_rows": 1829, "rows": 16437, "runtime_s": 1.5219960869289935, "status": "ran"}
{"case_id": "topanga-burned-h20-ksat-plus-b575fde4a28c", "event_rows": 1811, "rows": 16437, "runtime_s": 1.543662860058248, "status": "ran"}
{"case_id": "topanga-burned-h21-cover-minus-b575fde4a28c", "event_rows": 1817, "rows": 16437, "runtime_s": 1.6293349161278456, "status": "ran"}
{"case_id": "topanga-burned-h2-ksat-minus-b575fde4a28c", "event_rows": 1829, "rows": 16437, "runtime_s": 1.9467218108475208, "status": "ran"}
{"case_id": "topanga-burned-h21-cover-plus-b575fde4a28c", "event_rows": 1817, "rows": 16437, "runtime_s": 1.4191707340069115, "status": "ran"}
{"case_id": "topanga-burned-h22-cover-minus-b575fde4a28c", "event_rows": 1798, "rows": 16437, "runtime_s": 1.479287392925471, "status": "ran"}
{"case_id": "topanga-burned-h21-ksat-plus-b575fde4a28c", "event_rows": 1817, "rows": 16437, "runtime_s": 1.4622099790722132, "status": "ran"}
{"case_id": "topanga-burned-h22-ksat-plus-b575fde4a28c", "event_rows": 1798, "rows": 16437, "runtime_s": 1.461206475039944, "status": "ran"}
{"case_id": "topanga-burned-h21-ksat-minus-b575fde4a28c", "event_rows": 1817, "rows": 16437, "runtime_s": 1.4834340028464794, "status": "ran"}
{"case_id": "topanga-burned-h23-cover-minus-b575fde4a28c", "event_rows": 1824, "rows": 16437, "runtime_s": 1.5331370991189033, "status": "ran"}
{"case_id": "topanga-burned-h22-cover-plus-b575fde4a28c", "event_rows": 1798, "rows": 16437, "runtime_s": 1.464340450009331, "status": "ran"}
{"case_id": "topanga-burned-h22-ksat-minus-b575fde4a28c", "event_rows": 1798, "rows": 16437, "runtime_s": 1.4884586988482624, "status": "ran"}
{"case_id": "topanga-burned-h24-cover-plus-b575fde4a28c", "event_rows": 1833, "rows": 16437, "runtime_s": 1.4231951138935983, "status": "ran"}
{"case_id": "topanga-burned-h24-ksat-minus-b575fde4a28c", "event_rows": 1833, "rows": 16437, "runtime_s": 1.5116769480518997, "status": "ran"}
{"case_id": "topanga-burned-h23-cover-plus-b575fde4a28c", "event_rows": 1824, "rows": 16437, "runtime_s": 1.484391052974388, "status": "ran"}
{"case_id": "topanga-burned-h24-cover-minus-b575fde4a28c", "event_rows": 1833, "rows": 16437, "runtime_s": 1.5134099659044296, "status": "ran"}
{"case_id": "topanga-burned-h25-cover-minus-b575fde4a28c", "event_rows": 1821, "rows": 16437, "runtime_s": 1.5067914710380137, "status": "ran"}
{"case_id": "topanga-burned-h24-ksat-plus-b575fde4a28c", "event_rows": 1833, "rows": 16437, "runtime_s": 1.5990429411176592, "status": "ran"}
{"case_id": "topanga-burned-h23-ksat-plus-b575fde4a28c", "event_rows": 1824, "rows": 16437, "runtime_s": 1.5264987058471888, "status": "ran"}
{"case_id": "topanga-burned-h23-ksat-minus-b575fde4a28c", "event_rows": 1824, "rows": 16437, "runtime_s": 1.6238988449331373, "status": "ran"}
{"case_id": "topanga-burned-h25-cover-plus-b575fde4a28c", "event_rows": 1821, "rows": 16437, "runtime_s": 1.5011066859588027, "status": "ran"}
{"case_id": "topanga-burned-h26-cover-minus-b575fde4a28c", "event_rows": 1816, "rows": 16437, "runtime_s": 1.4755129511468112, "status": "ran"}
{"case_id": "topanga-burned-h26-ksat-plus-b575fde4a28c", "event_rows": 1816, "rows": 16437, "runtime_s": 1.4721302748657763, "status": "ran"}
{"case_id": "topanga-burned-h26-cover-plus-b575fde4a28c", "event_rows": 1816, "rows": 16437, "runtime_s": 1.5288813430815935, "status": "ran"}
{"case_id": "topanga-burned-h27-cover-minus-b575fde4a28c", "event_rows": 1834, "rows": 16437, "runtime_s": 1.506470768013969, "status": "ran"}
{"case_id": "topanga-burned-h25-ksat-plus-b575fde4a28c", "event_rows": 1821, "rows": 16437, "runtime_s": 1.6873255718965083, "status": "ran"}
{"case_id": "topanga-burned-h25-ksat-minus-b575fde4a28c", "event_rows": 1821, "rows": 16437, "runtime_s": 1.5296966910827905, "status": "ran"}
{"case_id": "topanga-burned-h26-ksat-minus-b575fde4a28c", "event_rows": 1816, "rows": 16437, "runtime_s": 1.674569956958294, "status": "ran"}
{"case_id": "topanga-burned-h27-ksat-plus-b575fde4a28c", "event_rows": 1834, "rows": 16437, "runtime_s": 1.443075997987762, "status": "ran"}
{"case_id": "topanga-burned-h28-ksat-minus-b575fde4a28c", "event_rows": 1829, "rows": 16437, "runtime_s": 1.462120729032904, "status": "ran"}
{"case_id": "topanga-burned-h27-cover-plus-b575fde4a28c", "event_rows": 1834, "rows": 16437, "runtime_s": 1.4875686990562826, "status": "ran"}
{"case_id": "topanga-burned-h28-cover-minus-b575fde4a28c", "event_rows": 1829, "rows": 16437, "runtime_s": 1.4866399471648037, "status": "ran"}
{"case_id": "topanga-burned-h28-cover-plus-b575fde4a28c", "event_rows": 1829, "rows": 16437, "runtime_s": 1.5232559109572321, "status": "ran"}
{"case_id": "topanga-burned-h27-ksat-minus-b575fde4a28c", "event_rows": 1834, "rows": 16437, "runtime_s": 1.5320148540195078, "status": "ran"}
{"case_id": "topanga-burned-h29-cover-minus-b575fde4a28c", "event_rows": 1818, "rows": 16437, "runtime_s": 1.523491381900385, "status": "ran"}
{"case_id": "topanga-burned-h28-ksat-plus-b575fde4a28c", "event_rows": 1829, "rows": 16437, "runtime_s": 1.4575291441287845, "status": "ran"}
{"case_id": "topanga-burned-h29-cover-plus-b575fde4a28c", "event_rows": 1818, "rows": 16437, "runtime_s": 1.445990694919601, "status": "ran"}
{"case_id": "topanga-burned-h30-cover-plus-b575fde4a28c", "event_rows": 1820, "rows": 16437, "runtime_s": 1.4710914648603648, "status": "ran"}
{"case_id": "topanga-burned-h30-cover-minus-b575fde4a28c", "event_rows": 1820, "rows": 16437, "runtime_s": 1.4255408009048551, "status": "ran"}
{"case_id": "topanga-burned-h29-ksat-minus-b575fde4a28c", "event_rows": 1818, "rows": 16437, "runtime_s": 1.4928570510819554, "status": "ran"}
{"case_id": "topanga-burned-h29-ksat-plus-b575fde4a28c", "event_rows": 1818, "rows": 16437, "runtime_s": 1.5196674501057714, "status": "ran"}
{"case_id": "topanga-burned-h30-ksat-minus-b575fde4a28c", "event_rows": 1820, "rows": 16437, "runtime_s": 1.5578205690253526, "status": "ran"}
{"case_id": "topanga-burned-h3-ksat-minus-b575fde4a28c", "event_rows": 1849, "rows": 16437, "runtime_s": 1.5338212151546031, "status": "ran"}
{"case_id": "topanga-burned-h3-ksat-plus-b575fde4a28c", "event_rows": 1849, "rows": 16437, "runtime_s": 1.5534411780536175, "status": "ran"}
{"case_id": "topanga-burned-h31-cover-plus-b575fde4a28c", "event_rows": 1810, "rows": 16437, "runtime_s": 1.4545880700461566, "status": "ran"}
{"case_id": "topanga-burned-h31-cover-minus-b575fde4a28c", "event_rows": 1810, "rows": 16437, "runtime_s": 1.5119739780202508, "status": "ran"}
{"case_id": "topanga-burned-h32-cover-minus-b575fde4a28c", "event_rows": 1813, "rows": 16437, "runtime_s": 1.5091959319543093, "status": "ran"}
{"case_id": "topanga-burned-h32-ksat-minus-b575fde4a28c", "event_rows": 1813, "rows": 16437, "runtime_s": 1.4800968479830772, "status": "ran"}
{"case_id": "topanga-burned-h31-ksat-minus-b575fde4a28c", "event_rows": 1810, "rows": 16437, "runtime_s": 1.539610167965293, "status": "ran"}
{"case_id": "topanga-burned-h30-ksat-plus-b575fde4a28c", "event_rows": 1820, "rows": 16437, "runtime_s": 1.5582511879038066, "status": "ran"}
{"case_id": "topanga-burned-h32-cover-plus-b575fde4a28c", "event_rows": 1813, "rows": 16437, "runtime_s": 1.5325174280442297, "status": "ran"}
{"case_id": "topanga-burned-h31-ksat-plus-b575fde4a28c", "event_rows": 1809, "rows": 16437, "runtime_s": 1.5980236032046378, "status": "ran"}
{"case_id": "topanga-burned-h32-ksat-plus-b575fde4a28c", "event_rows": 1813, "rows": 16437, "runtime_s": 1.4482162839267403, "status": "ran"}
{"case_id": "topanga-burned-h34-ksat-minus-b575fde4a28c", "event_rows": 1830, "rows": 16437, "runtime_s": 1.4611072931438684, "status": "ran"}
{"case_id": "topanga-burned-h33-cover-plus-b575fde4a28c", "event_rows": 1769, "rows": 16437, "runtime_s": 1.5232798070646822, "status": "ran"}
{"case_id": "topanga-burned-h34-cover-plus-b575fde4a28c", "event_rows": 1830, "rows": 16437, "runtime_s": 1.49319654610008, "status": "ran"}
{"case_id": "topanga-burned-h33-cover-minus-b575fde4a28c", "event_rows": 1769, "rows": 16437, "runtime_s": 1.5004944789689034, "status": "ran"}
{"case_id": "topanga-burned-h34-cover-minus-b575fde4a28c", "event_rows": 1830, "rows": 16437, "runtime_s": 1.5198404570110142, "status": "ran"}
{"case_id": "topanga-burned-h33-ksat-plus-b575fde4a28c", "event_rows": 1768, "rows": 16437, "runtime_s": 1.4851734160911292, "status": "ran"}
{"case_id": "topanga-burned-h33-ksat-minus-b575fde4a28c", "event_rows": 1769, "rows": 16437, "runtime_s": 1.4763757239561528, "status": "ran"}
{"case_id": "topanga-burned-h36-cover-plus-b575fde4a28c", "event_rows": 1823, "rows": 16437, "runtime_s": 1.4405597490258515, "status": "ran"}
{"case_id": "topanga-burned-h35-cover-minus-b575fde4a28c", "event_rows": 1788, "rows": 16437, "runtime_s": 1.4536943500861526, "status": "ran"}
{"case_id": "topanga-burned-h35-cover-plus-b575fde4a28c", "event_rows": 1788, "rows": 16437, "runtime_s": 1.485615394078195, "status": "ran"}
{"case_id": "topanga-burned-h34-ksat-plus-b575fde4a28c", "event_rows": 1830, "rows": 16437, "runtime_s": 1.5039142740424722, "status": "ran"}
{"case_id": "topanga-burned-h35-ksat-minus-b575fde4a28c", "event_rows": 1788, "rows": 16437, "runtime_s": 1.4437931061256677, "status": "ran"}
{"case_id": "topanga-burned-h35-ksat-plus-b575fde4a28c", "event_rows": 1787, "rows": 16437, "runtime_s": 1.5645863409154117, "status": "ran"}
{"case_id": "topanga-burned-h36-cover-minus-b575fde4a28c", "event_rows": 1823, "rows": 16437, "runtime_s": 1.527805671095848, "status": "ran"}
{"case_id": "topanga-burned-h36-ksat-minus-b575fde4a28c", "event_rows": 1823, "rows": 16437, "runtime_s": 1.5424031680449843, "status": "ran"}
{"case_id": "topanga-burned-h36-ksat-plus-b575fde4a28c", "event_rows": 1823, "rows": 16437, "runtime_s": 1.4168096350040287, "status": "ran"}
{"case_id": "topanga-burned-h38-cover-plus-b575fde4a28c", "event_rows": 1841, "rows": 16437, "runtime_s": 1.46777832088992, "status": "ran"}
{"case_id": "topanga-burned-h38-ksat-minus-b575fde4a28c", "event_rows": 1841, "rows": 16437, "runtime_s": 1.399416736094281, "status": "ran"}
{"case_id": "topanga-burned-h37-cover-minus-b575fde4a28c", "event_rows": 1778, "rows": 16437, "runtime_s": 1.4882664729375392, "status": "ran"}
{"case_id": "topanga-burned-h37-cover-plus-b575fde4a28c", "event_rows": 1778, "rows": 16437, "runtime_s": 1.4674494410865009, "status": "ran"}
{"case_id": "topanga-burned-h37-ksat-minus-b575fde4a28c", "event_rows": 1778, "rows": 16437, "runtime_s": 1.495118394959718, "status": "ran"}
{"case_id": "topanga-burned-h37-ksat-plus-b575fde4a28c", "event_rows": 1776, "rows": 16437, "runtime_s": 1.5448794229887426, "status": "ran"}
{"case_id": "topanga-burned-h38-cover-minus-b575fde4a28c", "event_rows": 1841, "rows": 16437, "runtime_s": 1.5051821370143443, "status": "ran"}
{"case_id": "topanga-burned-h38-ksat-plus-b575fde4a28c", "event_rows": 1841, "rows": 16437, "runtime_s": 1.3908504850696772, "status": "ran"}
{"case_id": "topanga-burned-h40-cover-minus-b575fde4a28c", "event_rows": 1817, "rows": 16437, "runtime_s": 1.468471545027569, "status": "ran"}
{"case_id": "topanga-burned-h4-ksat-plus-b575fde4a28c", "event_rows": 1839, "rows": 16437, "runtime_s": 1.6036931909620762, "status": "ran"}
{"case_id": "topanga-burned-h4-ksat-minus-b575fde4a28c", "event_rows": 1839, "rows": 16437, "runtime_s": 1.6445115508977324, "status": "ran"}
{"case_id": "topanga-burned-h39-ksat-minus-b575fde4a28c", "event_rows": 1840, "rows": 16437, "runtime_s": 1.5213210040237755, "status": "ran"}
{"case_id": "topanga-burned-h39-cover-plus-b575fde4a28c", "event_rows": 1840, "rows": 16437, "runtime_s": 1.6905054750386626, "status": "ran"}
{"case_id": "topanga-burned-h39-cover-minus-b575fde4a28c", "event_rows": 1840, "rows": 16437, "runtime_s": 1.6556554900016636, "status": "ran"}
{"case_id": "topanga-burned-h39-ksat-plus-b575fde4a28c", "event_rows": 1840, "rows": 16437, "runtime_s": 1.4699221088085324, "status": "ran"}
{"case_id": "topanga-burned-h40-cover-plus-b575fde4a28c", "event_rows": 1817, "rows": 16437, "runtime_s": 1.4890932000707835, "status": "ran"}
{"case_id": "topanga-burned-h40-ksat-plus-b575fde4a28c", "event_rows": 1817, "rows": 16437, "runtime_s": 1.4362216060981154, "status": "ran"}
{"case_id": "topanga-burned-h41-cover-plus-b575fde4a28c", "event_rows": 1829, "rows": 16437, "runtime_s": 1.524198808008805, "status": "ran"}
{"case_id": "topanga-burned-h41-cover-minus-b575fde4a28c", "event_rows": 1829, "rows": 16437, "runtime_s": 1.5170298679731786, "status": "ran"}
{"case_id": "topanga-burned-h41-ksat-plus-b575fde4a28c", "event_rows": 1829, "rows": 16437, "runtime_s": 1.6533946928102523, "status": "ran"}
{"case_id": "topanga-burned-h40-ksat-minus-b575fde4a28c", "event_rows": 1817, "rows": 16437, "runtime_s": 1.4931634198874235, "status": "ran"}
{"case_id": "topanga-burned-h42-cover-minus-b575fde4a28c", "event_rows": 1839, "rows": 16437, "runtime_s": 1.6620491410139948, "status": "ran"}
{"case_id": "topanga-burned-h41-ksat-minus-b575fde4a28c", "event_rows": 1829, "rows": 16437, "runtime_s": 1.4832257519010454, "status": "ran"}
{"case_id": "topanga-burned-h42-cover-plus-b575fde4a28c", "event_rows": 1839, "rows": 16437, "runtime_s": 1.4123084770981222, "status": "ran"}
{"case_id": "topanga-burned-h42-ksat-minus-b575fde4a28c", "event_rows": 1839, "rows": 16437, "runtime_s": 1.4455093678552657, "status": "ran"}
{"case_id": "topanga-burned-h43-cover-plus-b575fde4a28c", "event_rows": 1852, "rows": 16437, "runtime_s": 1.50501484493725, "status": "ran"}
{"case_id": "topanga-burned-h44-cover-minus-b575fde4a28c", "event_rows": 1850, "rows": 16437, "runtime_s": 1.5035718269646168, "status": "ran"}
{"case_id": "topanga-burned-h43-cover-minus-b575fde4a28c", "event_rows": 1852, "rows": 16437, "runtime_s": 1.4819819079712033, "status": "ran"}
{"case_id": "topanga-burned-h43-ksat-plus-b575fde4a28c", "event_rows": 1852, "rows": 16437, "runtime_s": 1.5644951071590185, "status": "ran"}
{"case_id": "topanga-burned-h42-ksat-plus-b575fde4a28c", "event_rows": 1839, "rows": 16437, "runtime_s": 1.5096079939976335, "status": "ran"}
{"case_id": "topanga-burned-h43-ksat-minus-b575fde4a28c", "event_rows": 1852, "rows": 16437, "runtime_s": 1.4885206611361355, "status": "ran"}
{"case_id": "topanga-burned-h44-cover-plus-b575fde4a28c", "event_rows": 1850, "rows": 16437, "runtime_s": 1.5174685211386532, "status": "ran"}
{"case_id": "topanga-burned-h46-cover-minus-b575fde4a28c", "event_rows": 1826, "rows": 16437, "runtime_s": 1.4285875828936696, "status": "ran"}
{"case_id": "topanga-burned-h44-ksat-minus-b575fde4a28c", "event_rows": 1850, "rows": 16437, "runtime_s": 1.479856985853985, "status": "ran"}
{"case_id": "topanga-burned-h45-cover-plus-b575fde4a28c", "event_rows": 1837, "rows": 16437, "runtime_s": 1.6109801488928497, "status": "ran"}
{"case_id": "topanga-burned-h46-cover-plus-b575fde4a28c", "event_rows": 1826, "rows": 16437, "runtime_s": 1.5872150710783899, "status": "ran"}
{"case_id": "topanga-burned-h44-ksat-plus-b575fde4a28c", "event_rows": 1850, "rows": 16437, "runtime_s": 1.6504331310279667, "status": "ran"}
{"case_id": "topanga-burned-h45-cover-minus-b575fde4a28c", "event_rows": 1837, "rows": 16437, "runtime_s": 1.6266506589017808, "status": "ran"}
{"case_id": "topanga-burned-h45-ksat-minus-b575fde4a28c", "event_rows": 1837, "rows": 16437, "runtime_s": 1.6121064370963722, "status": "ran"}
{"case_id": "topanga-burned-h45-ksat-plus-b575fde4a28c", "event_rows": 1837, "rows": 16437, "runtime_s": 1.639685072004795, "status": "ran"}
{"case_id": "topanga-burned-h46-ksat-plus-b575fde4a28c", "event_rows": 1826, "rows": 16437, "runtime_s": 1.4593435269780457, "status": "ran"}
{"case_id": "topanga-burned-h48-cover-plus-b575fde4a28c", "event_rows": 1848, "rows": 16437, "runtime_s": 1.4392966961022466, "status": "ran"}
{"case_id": "topanga-burned-h48-cover-minus-b575fde4a28c", "event_rows": 1848, "rows": 16437, "runtime_s": 1.5922084171324968, "status": "ran"}
{"case_id": "topanga-burned-h46-ksat-minus-b575fde4a28c", "event_rows": 1826, "rows": 16437, "runtime_s": 1.6279995772056282, "status": "ran"}
{"case_id": "topanga-burned-h47-ksat-minus-b575fde4a28c", "event_rows": 1844, "rows": 16437, "runtime_s": 1.601813657907769, "status": "ran"}
{"case_id": "topanga-burned-h47-cover-plus-b575fde4a28c", "event_rows": 1844, "rows": 16437, "runtime_s": 1.6171553761232644, "status": "ran"}
{"case_id": "topanga-burned-h47-ksat-plus-b575fde4a28c", "event_rows": 1844, "rows": 16437, "runtime_s": 1.6182876580860466, "status": "ran"}
{"case_id": "topanga-burned-h47-cover-minus-b575fde4a28c", "event_rows": 1844, "rows": 16437, "runtime_s": 1.6078030108474195, "status": "ran"}
{"case_id": "topanga-burned-h48-ksat-minus-b575fde4a28c", "event_rows": 1848, "rows": 16437, "runtime_s": 1.4316501948051155, "status": "ran"}
{"case_id": "topanga-burned-h5-ksat-minus-b575fde4a28c", "event_rows": 1860, "rows": 16437, "runtime_s": 1.489892192184925, "status": "ran"}
{"case_id": "topanga-burned-h49-cover-minus-b575fde4a28c", "event_rows": 1844, "rows": 16437, "runtime_s": 1.5522468599956483, "status": "ran"}
{"case_id": "topanga-burned-h49-ksat-minus-b575fde4a28c", "event_rows": 1844, "rows": 16437, "runtime_s": 1.4602262950502336, "status": "ran"}
{"case_id": "topanga-burned-h49-ksat-plus-b575fde4a28c", "event_rows": 1844, "rows": 16437, "runtime_s": 1.5422697530593723, "status": "ran"}
{"case_id": "topanga-burned-h5-ksat-plus-b575fde4a28c", "event_rows": 1860, "rows": 16437, "runtime_s": 1.5434444309212267, "status": "ran"}
{"case_id": "topanga-burned-h49-cover-plus-b575fde4a28c", "event_rows": 1844, "rows": 16437, "runtime_s": 1.525969625916332, "status": "ran"}
{"case_id": "topanga-burned-h48-ksat-plus-b575fde4a28c", "event_rows": 1848, "rows": 16437, "runtime_s": 1.6014923511538655, "status": "ran"}
{"case_id": "topanga-burned-h51-ksat-minus-b575fde4a28c", "event_rows": 1850, "rows": 16437, "runtime_s": 1.4517734940163791, "status": "ran"}
{"case_id": "topanga-burned-h50-ksat-minus-b575fde4a28c", "event_rows": 1834, "rows": 16437, "runtime_s": 1.459514747140929, "status": "ran"}
{"case_id": "topanga-burned-h51-ksat-plus-b575fde4a28c", "event_rows": 1850, "rows": 16437, "runtime_s": 1.5503586910199374, "status": "ran"}
{"case_id": "topanga-burned-h51-cover-plus-b575fde4a28c", "event_rows": 1850, "rows": 16437, "runtime_s": 1.5829014470800757, "status": "ran"}
{"case_id": "topanga-burned-h50-cover-minus-b575fde4a28c", "event_rows": 1834, "rows": 16437, "runtime_s": 1.5861657438799739, "status": "ran"}
{"case_id": "topanga-burned-h50-cover-plus-b575fde4a28c", "event_rows": 1834, "rows": 16437, "runtime_s": 1.5723227160051465, "status": "ran"}
{"case_id": "topanga-burned-h51-cover-minus-b575fde4a28c", "event_rows": 1850, "rows": 16437, "runtime_s": 1.5453910289797932, "status": "ran"}
{"case_id": "topanga-burned-h50-ksat-plus-b575fde4a28c", "event_rows": 1834, "rows": 16437, "runtime_s": 1.5511663150973618, "status": "ran"}
{"case_id": "topanga-burned-h52-ksat-minus-b575fde4a28c", "event_rows": 1830, "rows": 16437, "runtime_s": 1.4241856369189918, "status": "ran"}
{"case_id": "topanga-burned-h52-ksat-plus-b575fde4a28c", "event_rows": 1829, "rows": 16437, "runtime_s": 1.4498715370427817, "status": "ran"}
{"case_id": "topanga-burned-h52-cover-plus-b575fde4a28c", "event_rows": 1830, "rows": 16437, "runtime_s": 1.4666511919349432, "status": "ran"}
{"case_id": "topanga-burned-h53-ksat-minus-b575fde4a28c", "event_rows": 1813, "rows": 16437, "runtime_s": 1.6787402008194476, "status": "ran"}
{"case_id": "topanga-burned-h53-cover-plus-b575fde4a28c", "event_rows": 1813, "rows": 16437, "runtime_s": 1.6739179578144103, "status": "ran"}
{"case_id": "topanga-burned-h53-ksat-plus-b575fde4a28c", "event_rows": 1813, "rows": 16437, "runtime_s": 1.6788111680652946, "status": "ran"}
{"case_id": "topanga-burned-h53-cover-minus-b575fde4a28c", "event_rows": 1813, "rows": 16437, "runtime_s": 1.683061373187229, "status": "ran"}
{"case_id": "topanga-burned-h52-cover-minus-b575fde4a28c", "event_rows": 1830, "rows": 16437, "runtime_s": 1.6989117928314954, "status": "ran"}
{"case_id": "topanga-burned-h54-ksat-plus-b575fde4a28c", "event_rows": 1851, "rows": 16437, "runtime_s": 1.4206548919901252, "status": "ran"}
{"case_id": "topanga-burned-h55-cover-minus-b575fde4a28c", "event_rows": 1845, "rows": 16437, "runtime_s": 1.4977188620250672, "status": "ran"}
{"case_id": "topanga-burned-h54-cover-plus-b575fde4a28c", "event_rows": 1851, "rows": 16437, "runtime_s": 1.4984330059960485, "status": "ran"}
{"case_id": "topanga-burned-h54-ksat-minus-b575fde4a28c", "event_rows": 1851, "rows": 16437, "runtime_s": 1.5061840352136642, "status": "ran"}
{"case_id": "topanga-burned-h54-cover-minus-b575fde4a28c", "event_rows": 1851, "rows": 16437, "runtime_s": 1.4973178610671312, "status": "ran"}
{"case_id": "topanga-burned-h55-cover-plus-b575fde4a28c", "event_rows": 1845, "rows": 16437, "runtime_s": 1.616142147919163, "status": "ran"}
{"case_id": "topanga-burned-h55-ksat-minus-b575fde4a28c", "event_rows": 1845, "rows": 16437, "runtime_s": 1.624248482985422, "status": "ran"}
{"case_id": "topanga-burned-h55-ksat-plus-b575fde4a28c", "event_rows": 1845, "rows": 16437, "runtime_s": 1.6671734191477299, "status": "ran"}
{"case_id": "topanga-burned-h56-cover-minus-b575fde4a28c", "event_rows": 1835, "rows": 16437, "runtime_s": 1.4278944521211088, "status": "ran"}
{"case_id": "topanga-burned-h56-ksat-plus-b575fde4a28c", "event_rows": 1835, "rows": 16437, "runtime_s": 1.4557199501432478, "status": "ran"}
{"case_id": "topanga-burned-h56-cover-plus-b575fde4a28c", "event_rows": 1835, "rows": 16437, "runtime_s": 1.5112047530710697, "status": "ran"}
{"case_id": "topanga-burned-h56-ksat-minus-b575fde4a28c", "event_rows": 1835, "rows": 16437, "runtime_s": 1.490403959993273, "status": "ran"}
{"case_id": "topanga-burned-h57-ksat-minus-b575fde4a28c", "event_rows": 1827, "rows": 16437, "runtime_s": 1.4610297409817576, "status": "ran"}
{"case_id": "topanga-burned-h57-cover-plus-b575fde4a28c", "event_rows": 1827, "rows": 16437, "runtime_s": 1.5721936400514096, "status": "ran"}
{"case_id": "topanga-burned-h57-cover-minus-b575fde4a28c", "event_rows": 1827, "rows": 16437, "runtime_s": 1.5523825578857213, "status": "ran"}
{"case_id": "topanga-burned-h57-ksat-plus-b575fde4a28c", "event_rows": 1827, "rows": 16437, "runtime_s": 1.538965123007074, "status": "ran"}
{"case_id": "topanga-burned-h58-cover-minus-b575fde4a28c", "event_rows": 1840, "rows": 16437, "runtime_s": 1.4646770199760795, "status": "ran"}
{"case_id": "topanga-burned-h59-ksat-minus-b575fde4a28c", "event_rows": 1850, "rows": 16437, "runtime_s": 1.5395455991383642, "status": "ran"}
{"case_id": "topanga-burned-h59-cover-plus-b575fde4a28c", "event_rows": 1850, "rows": 16437, "runtime_s": 1.5500471061095595, "status": "ran"}
{"case_id": "topanga-burned-h58-ksat-minus-b575fde4a28c", "event_rows": 1841, "rows": 16437, "runtime_s": 1.5597742500249296, "status": "ran"}
{"case_id": "topanga-burned-h58-cover-plus-b575fde4a28c", "event_rows": 1840, "rows": 16437, "runtime_s": 1.5499099509324878, "status": "ran"}
{"case_id": "topanga-burned-h59-ksat-plus-b575fde4a28c", "event_rows": 1850, "rows": 16437, "runtime_s": 1.5156058389693499, "status": "ran"}
{"case_id": "topanga-burned-h58-ksat-plus-b575fde4a28c", "event_rows": 1840, "rows": 16437, "runtime_s": 1.5933880009688437, "status": "ran"}
{"case_id": "topanga-burned-h59-cover-minus-b575fde4a28c", "event_rows": 1850, "rows": 16437, "runtime_s": 1.5580590849276632, "status": "ran"}
{"case_id": "topanga-burned-h6-ksat-minus-b575fde4a28c", "event_rows": 1864, "rows": 16437, "runtime_s": 1.4481344590894878, "status": "ran"}
{"case_id": "topanga-burned-h60-ksat-plus-b575fde4a28c", "event_rows": 1815, "rows": 16437, "runtime_s": 1.4635916268453002, "status": "ran"}
{"case_id": "topanga-burned-h6-ksat-plus-b575fde4a28c", "event_rows": 1864, "rows": 16437, "runtime_s": 1.5241677870508283, "status": "ran"}
{"case_id": "topanga-burned-h61-cover-minus-b575fde4a28c", "event_rows": 1834, "rows": 16437, "runtime_s": 1.5626821878831834, "status": "ran"}
{"case_id": "topanga-burned-h60-cover-plus-b575fde4a28c", "event_rows": 1815, "rows": 16437, "runtime_s": 1.5718796758446842, "status": "ran"}
{"case_id": "topanga-burned-h60-ksat-minus-b575fde4a28c", "event_rows": 1815, "rows": 16437, "runtime_s": 1.6305742107797414, "status": "ran"}
{"case_id": "topanga-burned-h61-cover-plus-b575fde4a28c", "event_rows": 1834, "rows": 16437, "runtime_s": 1.6080328729003668, "status": "ran"}
{"case_id": "topanga-burned-h60-cover-minus-b575fde4a28c", "event_rows": 1815, "rows": 16437, "runtime_s": 1.5008241911418736, "status": "ran"}
{"case_id": "topanga-burned-h61-ksat-minus-b575fde4a28c", "event_rows": 1834, "rows": 16437, "runtime_s": 1.50874362885952, "status": "ran"}
{"case_id": "topanga-burned-h62-cover-minus-b575fde4a28c", "event_rows": 1833, "rows": 16437, "runtime_s": 1.4831914210226387, "status": "ran"}
{"case_id": "topanga-burned-h61-ksat-plus-b575fde4a28c", "event_rows": 1834, "rows": 16437, "runtime_s": 1.5224940951447934, "status": "ran"}
{"case_id": "topanga-burned-h62-cover-plus-b575fde4a28c", "event_rows": 1833, "rows": 16437, "runtime_s": 1.5339287950191647, "status": "ran"}
{"case_id": "topanga-burned-h62-ksat-plus-b575fde4a28c", "event_rows": 1833, "rows": 16437, "runtime_s": 1.5322301180567592, "status": "ran"}
{"case_id": "topanga-burned-h62-ksat-minus-b575fde4a28c", "event_rows": 1833, "rows": 16437, "runtime_s": 1.5133777859155089, "status": "ran"}
{"case_id": "topanga-burned-h63-cover-minus-b575fde4a28c", "event_rows": 1839, "rows": 16437, "runtime_s": 1.500602460000664, "status": "ran"}
{"case_id": "topanga-burned-h63-cover-plus-b575fde4a28c", "event_rows": 1839, "rows": 16437, "runtime_s": 1.5519451580476016, "status": "ran"}
{"case_id": "topanga-burned-h65-cover-plus-b575fde4a28c", "event_rows": 1782, "rows": 16437, "runtime_s": 1.4742896249517798, "status": "ran"}
{"case_id": "topanga-burned-h63-ksat-minus-b575fde4a28c", "event_rows": 1839, "rows": 16437, "runtime_s": 1.5675717589911073, "status": "ran"}
{"case_id": "topanga-burned-h64-cover-minus-b575fde4a28c", "event_rows": 1839, "rows": 16437, "runtime_s": 1.550556886009872, "status": "ran"}
{"case_id": "topanga-burned-h64-cover-plus-b575fde4a28c", "event_rows": 1839, "rows": 16437, "runtime_s": 1.5650898709427565, "status": "ran"}
{"case_id": "topanga-burned-h64-ksat-plus-b575fde4a28c", "event_rows": 1839, "rows": 16437, "runtime_s": 1.5427825069054961, "status": "ran"}
{"case_id": "topanga-burned-h64-ksat-minus-b575fde4a28c", "event_rows": 1839, "rows": 16437, "runtime_s": 1.5406665650662035, "status": "ran"}
{"case_id": "topanga-burned-h65-cover-minus-b575fde4a28c", "event_rows": 1782, "rows": 16437, "runtime_s": 1.498154065106064, "status": "ran"}
{"case_id": "topanga-burned-h63-ksat-plus-b575fde4a28c", "event_rows": 1839, "rows": 16437, "runtime_s": 1.5349143019411713, "status": "ran"}
{"case_id": "topanga-burned-h65-ksat-minus-b575fde4a28c", "event_rows": 1782, "rows": 16437, "runtime_s": 1.5108658669050783, "status": "ran"}
{"case_id": "topanga-burned-h66-ksat-plus-b575fde4a28c", "event_rows": 1814, "rows": 16437, "runtime_s": 1.5245476718991995, "status": "ran"}
{"case_id": "topanga-burned-h66-cover-minus-b575fde4a28c", "event_rows": 1814, "rows": 16437, "runtime_s": 1.4849011730402708, "status": "ran"}
{"case_id": "topanga-burned-h67-cover-plus-b575fde4a28c", "event_rows": 1846, "rows": 16437, "runtime_s": 1.5633214130066335, "status": "ran"}
{"case_id": "topanga-burned-h67-cover-minus-b575fde4a28c", "event_rows": 1846, "rows": 16437, "runtime_s": 1.5389924850314856, "status": "ran"}
{"case_id": "topanga-burned-h66-cover-plus-b575fde4a28c", "event_rows": 1814, "rows": 16437, "runtime_s": 1.5526212451513857, "status": "ran"}
{"case_id": "topanga-burned-h66-ksat-minus-b575fde4a28c", "event_rows": 1814, "rows": 16437, "runtime_s": 1.6258516109082848, "status": "ran"}
{"case_id": "topanga-burned-h65-ksat-plus-b575fde4a28c", "event_rows": 1782, "rows": 16437, "runtime_s": 1.557350844843313, "status": "ran"}
{"case_id": "topanga-burned-h69-cover-plus-b575fde4a28c", "event_rows": 1854, "rows": 16437, "runtime_s": 1.584557707887143, "status": "ran"}
{"case_id": "topanga-burned-h67-ksat-minus-b575fde4a28c", "event_rows": 1846, "rows": 16437, "runtime_s": 1.500225069001317, "status": "ran"}
{"case_id": "topanga-burned-h68-cover-plus-b575fde4a28c", "event_rows": 1819, "rows": 16437, "runtime_s": 1.5202713930048048, "status": "ran"}
{"case_id": "topanga-burned-h67-ksat-plus-b575fde4a28c", "event_rows": 1846, "rows": 16437, "runtime_s": 1.5767389021348208, "status": "ran"}
{"case_id": "topanga-burned-h68-cover-minus-b575fde4a28c", "event_rows": 1819, "rows": 16437, "runtime_s": 1.6171867540106177, "status": "ran"}
{"case_id": "topanga-burned-h68-ksat-minus-b575fde4a28c", "event_rows": 1819, "rows": 16437, "runtime_s": 1.5696096909232438, "status": "ran"}
{"case_id": "topanga-burned-h68-ksat-plus-b575fde4a28c", "event_rows": 1819, "rows": 16437, "runtime_s": 1.5253933060448617, "status": "ran"}
{"case_id": "topanga-burned-h69-cover-minus-b575fde4a28c", "event_rows": 1854, "rows": 16437, "runtime_s": 1.5725493249483407, "status": "ran"}
{"case_id": "topanga-burned-h7-cover-plus-b575fde4a28c", "event_rows": 1829, "rows": 16437, "runtime_s": 1.4397505440283567, "status": "ran"}
{"case_id": "topanga-burned-h7-ksat-minus-b575fde4a28c", "event_rows": 1829, "rows": 16437, "runtime_s": 1.5228663368616253, "status": "ran"}
{"case_id": "topanga-burned-h70-cover-minus-b575fde4a28c", "event_rows": 1804, "rows": 16437, "runtime_s": 1.4763817279599607, "status": "ran"}
{"case_id": "topanga-burned-h70-cover-plus-b575fde4a28c", "event_rows": 1804, "rows": 16437, "runtime_s": 1.5198123699519783, "status": "ran"}
{"case_id": "topanga-burned-h69-ksat-plus-b575fde4a28c", "event_rows": 1853, "rows": 16437, "runtime_s": 1.5193918549921364, "status": "ran"}
{"case_id": "topanga-burned-h7-ksat-plus-b575fde4a28c", "event_rows": 1829, "rows": 16437, "runtime_s": 1.524058461887762, "status": "ran"}
{"case_id": "topanga-burned-h69-ksat-minus-b575fde4a28c", "event_rows": 1854, "rows": 16437, "runtime_s": 1.5763967977836728, "status": "ran"}
{"case_id": "topanga-burned-h7-cover-minus-b575fde4a28c", "event_rows": 1829, "rows": 16437, "runtime_s": 1.5238943540025502, "status": "ran"}
{"case_id": "topanga-burned-h70-ksat-minus-b575fde4a28c", "event_rows": 1804, "rows": 16437, "runtime_s": 1.4426281028427184, "status": "ran"}
{"case_id": "topanga-burned-h70-ksat-plus-b575fde4a28c", "event_rows": 1803, "rows": 16437, "runtime_s": 1.4712404268793762, "status": "ran"}
{"case_id": "topanga-burned-h72-cover-minus-b575fde4a28c", "event_rows": 1852, "rows": 16437, "runtime_s": 1.5676720598712564, "status": "ran"}
{"case_id": "topanga-burned-h71-cover-minus-b575fde4a28c", "event_rows": 1837, "rows": 16437, "runtime_s": 1.5066606539767236, "status": "ran"}
{"case_id": "topanga-burned-h71-cover-plus-b575fde4a28c", "event_rows": 1837, "rows": 16437, "runtime_s": 1.5098943701013923, "status": "ran"}
{"case_id": "topanga-burned-h72-cover-plus-b575fde4a28c", "event_rows": 1852, "rows": 16437, "runtime_s": 1.5106575251556933, "status": "ran"}
{"case_id": "topanga-burned-h71-ksat-plus-b575fde4a28c", "event_rows": 1837, "rows": 16437, "runtime_s": 1.6104657410178334, "status": "ran"}
{"case_id": "topanga-burned-h71-ksat-minus-b575fde4a28c", "event_rows": 1837, "rows": 16437, "runtime_s": 1.5825257629621774, "status": "ran"}
{"case_id": "topanga-burned-h74-cover-plus-b575fde4a28c", "event_rows": 1813, "rows": 16437, "runtime_s": 1.4191589809488505, "status": "ran"}
{"case_id": "topanga-burned-h72-ksat-minus-b575fde4a28c", "event_rows": 1852, "rows": 16437, "runtime_s": 1.4867048480082303, "status": "ran"}
{"case_id": "topanga-burned-h72-ksat-plus-b575fde4a28c", "event_rows": 1852, "rows": 16437, "runtime_s": 1.5535720488987863, "status": "ran"}
{"case_id": "topanga-burned-h74-cover-minus-b575fde4a28c", "event_rows": 1813, "rows": 16437, "runtime_s": 1.5241589930374175, "status": "ran"}
{"case_id": "topanga-burned-h73-cover-minus-b575fde4a28c", "event_rows": 1805, "rows": 16437, "runtime_s": 1.5823699210304767, "status": "ran"}
{"case_id": "topanga-burned-h73-ksat-plus-b575fde4a28c", "event_rows": 1805, "rows": 16437, "runtime_s": 1.5867275861091912, "status": "ran"}
{"case_id": "topanga-burned-h73-ksat-minus-b575fde4a28c", "event_rows": 1805, "rows": 16437, "runtime_s": 1.556414081947878, "status": "ran"}
{"case_id": "topanga-burned-h73-cover-plus-b575fde4a28c", "event_rows": 1805, "rows": 16437, "runtime_s": 1.5398804559372365, "status": "ran"}
{"case_id": "topanga-burned-h74-ksat-minus-b575fde4a28c", "event_rows": 1813, "rows": 16437, "runtime_s": 1.4420893150381744, "status": "ran"}
{"case_id": "topanga-burned-h75-ksat-plus-b575fde4a28c", "event_rows": 1821, "rows": 16437, "runtime_s": 1.4749012719839811, "status": "ran"}
{"case_id": "topanga-burned-h76-cover-minus-b575fde4a28c", "event_rows": 1810, "rows": 16437, "runtime_s": 1.47363404603675, "status": "ran"}
{"case_id": "topanga-burned-h75-cover-plus-b575fde4a28c", "event_rows": 1821, "rows": 16437, "runtime_s": 1.4886162609327585, "status": "ran"}
{"case_id": "topanga-burned-h74-ksat-plus-b575fde4a28c", "event_rows": 1812, "rows": 16437, "runtime_s": 1.460838946979493, "status": "ran"}
{"case_id": "topanga-burned-h75-cover-minus-b575fde4a28c", "event_rows": 1821, "rows": 16437, "runtime_s": 1.4897214320953935, "status": "ran"}
{"case_id": "topanga-burned-h75-ksat-minus-b575fde4a28c", "event_rows": 1822, "rows": 16437, "runtime_s": 1.4761002138257027, "status": "ran"}
{"case_id": "topanga-burned-h76-cover-plus-b575fde4a28c", "event_rows": 1810, "rows": 16437, "runtime_s": 1.5516787278465927, "status": "ran"}
{"case_id": "topanga-burned-h76-ksat-minus-b575fde4a28c", "event_rows": 1810, "rows": 16437, "runtime_s": 1.4519743099808693, "status": "ran"}
{"case_id": "topanga-burned-h77-cover-minus-b575fde4a28c", "event_rows": 1861, "rows": 16437, "runtime_s": 1.5418204851448536, "status": "ran"}
{"case_id": "topanga-burned-h77-ksat-plus-b575fde4a28c", "event_rows": 1861, "rows": 16437, "runtime_s": 1.5178241510875523, "status": "ran"}
{"case_id": "topanga-burned-h78-cover-plus-b575fde4a28c", "event_rows": 1794, "rows": 16437, "runtime_s": 1.560198225080967, "status": "ran"}
{"case_id": "topanga-burned-h76-ksat-plus-b575fde4a28c", "event_rows": 1810, "rows": 16437, "runtime_s": 1.5712662178557366, "status": "ran"}
{"case_id": "topanga-burned-h77-cover-plus-b575fde4a28c", "event_rows": 1861, "rows": 16437, "runtime_s": 1.5254343450069427, "status": "ran"}
{"case_id": "topanga-burned-h77-ksat-minus-b575fde4a28c", "event_rows": 1861, "rows": 16437, "runtime_s": 1.5290446591097862, "status": "ran"}
{"case_id": "topanga-burned-h78-cover-minus-b575fde4a28c", "event_rows": 1794, "rows": 16437, "runtime_s": 1.6367154428735375, "status": "ran"}
{"case_id": "topanga-burned-h78-ksat-minus-b575fde4a28c", "event_rows": 1795, "rows": 16437, "runtime_s": 1.5346427629701793, "status": "ran"}
{"case_id": "topanga-burned-h79-cover-minus-b575fde4a28c", "event_rows": 1891, "rows": 16437, "runtime_s": 1.5870649819262326, "status": "ran"}
{"case_id": "topanga-burned-h78-ksat-plus-b575fde4a28c", "event_rows": 1793, "rows": 16437, "runtime_s": 1.5860706809908152, "status": "ran"}
{"case_id": "topanga-burned-h8-cover-minus-b575fde4a28c", "event_rows": 1844, "rows": 16437, "runtime_s": 1.506452483823523, "status": "ran"}
{"case_id": "topanga-burned-h8-cover-plus-b575fde4a28c", "event_rows": 1844, "rows": 16437, "runtime_s": 1.586415546014905, "status": "ran"}
{"case_id": "topanga-burned-h79-cover-plus-b575fde4a28c", "event_rows": 1891, "rows": 16437, "runtime_s": 1.8139787910040468, "status": "ran"}
{"case_id": "topanga-burned-h79-ksat-minus-b575fde4a28c", "event_rows": 1892, "rows": 16437, "runtime_s": 1.7770592360757291, "status": "ran"}
{"case_id": "topanga-burned-h79-ksat-plus-b575fde4a28c", "event_rows": 1891, "rows": 16437, "runtime_s": 1.7878046568948776, "status": "ran"}
{"case_id": "topanga-burned-h8-ksat-plus-b575fde4a28c", "event_rows": 1844, "rows": 16437, "runtime_s": 1.4426860709208995, "status": "ran"}
{"case_id": "topanga-burned-h80-ksat-plus-b575fde4a28c", "event_rows": 1814, "rows": 16437, "runtime_s": 1.5041722268797457, "status": "ran"}
{"case_id": "topanga-burned-h81-cover-minus-b575fde4a28c", "event_rows": 1819, "rows": 16437, "runtime_s": 1.5017965189181268, "status": "ran"}
{"case_id": "topanga-burned-h81-cover-plus-b575fde4a28c", "event_rows": 1819, "rows": 16437, "runtime_s": 1.501080813119188, "status": "ran"}
{"case_id": "topanga-burned-h8-ksat-minus-b575fde4a28c", "event_rows": 1844, "rows": 16437, "runtime_s": 1.8989589961711317, "status": "ran"}
{"case_id": "topanga-burned-h80-ksat-minus-b575fde4a28c", "event_rows": 1817, "rows": 16437, "runtime_s": 1.744011894101277, "status": "ran"}
{"case_id": "topanga-burned-h80-cover-plus-b575fde4a28c", "event_rows": 1816, "rows": 16437, "runtime_s": 1.7787238161545247, "status": "ran"}
{"case_id": "topanga-burned-h80-cover-minus-b575fde4a28c", "event_rows": 1816, "rows": 16437, "runtime_s": 1.8683317708782852, "status": "ran"}
{"case_id": "topanga-burned-h83-cover-minus-b575fde4a28c", "event_rows": 1801, "rows": 16437, "runtime_s": 1.4419923631940037, "status": "ran"}
{"case_id": "topanga-burned-h81-ksat-minus-b575fde4a28c", "event_rows": 1820, "rows": 16437, "runtime_s": 1.5773472439032048, "status": "ran"}
{"case_id": "topanga-burned-h83-cover-plus-b575fde4a28c", "event_rows": 1801, "rows": 16437, "runtime_s": 1.5279388041235507, "status": "ran"}
{"case_id": "topanga-burned-h81-ksat-plus-b575fde4a28c", "event_rows": 1818, "rows": 16437, "runtime_s": 1.567405821988359, "status": "ran"}
{"case_id": "topanga-burned-h82-ksat-minus-b575fde4a28c", "event_rows": 1826, "rows": 16437, "runtime_s": 1.655114731984213, "status": "ran"}
{"case_id": "topanga-burned-h82-cover-minus-b575fde4a28c", "event_rows": 1825, "rows": 16437, "runtime_s": 1.5520018169190735, "status": "ran"}
{"case_id": "topanga-burned-h82-ksat-plus-b575fde4a28c", "event_rows": 1824, "rows": 16437, "runtime_s": 1.6251487310510129, "status": "ran"}
{"case_id": "topanga-burned-h82-cover-plus-b575fde4a28c", "event_rows": 1825, "rows": 16437, "runtime_s": 1.6396333479788154, "status": "ran"}
{"case_id": "topanga-burned-h85-cover-plus-b575fde4a28c", "event_rows": 1822, "rows": 16437, "runtime_s": 1.451680552214384, "status": "ran"}
{"case_id": "topanga-burned-h83-ksat-plus-b575fde4a28c", "event_rows": 1801, "rows": 16437, "runtime_s": 1.5312345169950277, "status": "ran"}
{"case_id": "topanga-burned-h84-cover-plus-b575fde4a28c", "event_rows": 1803, "rows": 16437, "runtime_s": 1.5823446831200272, "status": "ran"}
{"case_id": "topanga-burned-h84-cover-minus-b575fde4a28c", "event_rows": 1803, "rows": 16437, "runtime_s": 1.5868537770584226, "status": "ran"}
{"case_id": "topanga-burned-h84-ksat-plus-b575fde4a28c", "event_rows": 1802, "rows": 16437, "runtime_s": 1.542228840989992, "status": "ran"}
{"case_id": "topanga-burned-h83-ksat-minus-b575fde4a28c", "event_rows": 1802, "rows": 16437, "runtime_s": 1.5529505680315197, "status": "ran"}
{"case_id": "topanga-burned-h84-ksat-minus-b575fde4a28c", "event_rows": 1803, "rows": 16437, "runtime_s": 1.5653217239305377, "status": "ran"}
{"case_id": "topanga-burned-h85-cover-minus-b575fde4a28c", "event_rows": 1822, "rows": 16437, "runtime_s": 1.5659797431435436, "status": "ran"}
{"case_id": "topanga-burned-h86-ksat-minus-b575fde4a28c", "event_rows": 1824, "rows": 16437, "runtime_s": 1.4638770630117506, "status": "ran"}
{"case_id": "topanga-burned-h86-cover-minus-b575fde4a28c", "event_rows": 1824, "rows": 16437, "runtime_s": 1.4721340609248728, "status": "ran"}
{"case_id": "topanga-burned-h85-ksat-plus-b575fde4a28c", "event_rows": 1821, "rows": 16437, "runtime_s": 1.5132760570850223, "status": "ran"}
{"case_id": "topanga-burned-h85-ksat-minus-b575fde4a28c", "event_rows": 1822, "rows": 16437, "runtime_s": 1.52693190285936, "status": "ran"}
{"case_id": "topanga-burned-h86-ksat-plus-b575fde4a28c", "event_rows": 1823, "rows": 16437, "runtime_s": 1.5242656480986625, "status": "ran"}
{"case_id": "topanga-burned-h86-cover-plus-b575fde4a28c", "event_rows": 1824, "rows": 16437, "runtime_s": 1.572441698051989, "status": "ran"}
{"case_id": "topanga-burned-h87-cover-plus-b575fde4a28c", "event_rows": 1860, "rows": 16437, "runtime_s": 1.5236130261328071, "status": "ran"}
{"case_id": "topanga-burned-h87-cover-minus-b575fde4a28c", "event_rows": 1860, "rows": 16437, "runtime_s": 1.575290439883247, "status": "ran"}
{"case_id": "topanga-burned-h88-cover-plus-b575fde4a28c", "event_rows": 1808, "rows": 16437, "runtime_s": 1.4708885359577835, "status": "ran"}
{"case_id": "topanga-burned-h89-cover-minus-b575fde4a28c", "event_rows": 1813, "rows": 16437, "runtime_s": 1.5089674801565707, "status": "ran"}
{"case_id": "topanga-burned-h87-ksat-plus-b575fde4a28c", "event_rows": 1860, "rows": 16437, "runtime_s": 1.602914763847366, "status": "ran"}
{"case_id": "topanga-burned-h88-ksat-plus-b575fde4a28c", "event_rows": 1807, "rows": 16437, "runtime_s": 1.5994903340470046, "status": "ran"}
{"case_id": "topanga-burned-h88-cover-minus-b575fde4a28c", "event_rows": 1808, "rows": 16437, "runtime_s": 1.531239960109815, "status": "ran"}
{"case_id": "topanga-burned-h89-cover-plus-b575fde4a28c", "event_rows": 1813, "rows": 16437, "runtime_s": 1.4874022928997874, "status": "ran"}
{"case_id": "topanga-burned-h88-ksat-minus-b575fde4a28c", "event_rows": 1808, "rows": 16437, "runtime_s": 1.5312818931415677, "status": "ran"}
{"case_id": "topanga-burned-h87-ksat-minus-b575fde4a28c", "event_rows": 1860, "rows": 16437, "runtime_s": 1.5820400880184025, "status": "ran"}
{"case_id": "topanga-burned-h9-ksat-minus-b575fde4a28c", "event_rows": 1843, "rows": 16437, "runtime_s": 1.470384239917621, "status": "ran"}
{"case_id": "topanga-burned-h90-cover-minus-b575fde4a28c", "event_rows": 1848, "rows": 16437, "runtime_s": 1.5375850889831781, "status": "ran"}
{"case_id": "topanga-burned-h9-cover-plus-b575fde4a28c", "event_rows": 1843, "rows": 16437, "runtime_s": 1.5407063099555671, "status": "ran"}
{"case_id": "topanga-burned-h90-cover-plus-b575fde4a28c", "event_rows": 1848, "rows": 16437, "runtime_s": 1.5519526428543031, "status": "ran"}
{"case_id": "topanga-burned-h9-cover-minus-b575fde4a28c", "event_rows": 1843, "rows": 16437, "runtime_s": 1.5244417239446193, "status": "ran"}
{"case_id": "topanga-burned-h9-ksat-plus-b575fde4a28c", "event_rows": 1843, "rows": 16437, "runtime_s": 1.56089799804613, "status": "ran"}
{"case_id": "topanga-burned-h89-ksat-plus-b575fde4a28c", "event_rows": 1813, "rows": 16437, "runtime_s": 1.5500532891601324, "status": "ran"}
{"case_id": "topanga-burned-h89-ksat-minus-b575fde4a28c", "event_rows": 1814, "rows": 16437, "runtime_s": 1.5125374549534172, "status": "ran"}
{"case_id": "topanga-burned-h92-cover-plus-b575fde4a28c", "event_rows": 1827, "rows": 16437, "runtime_s": 1.4767524900380522, "status": "ran"}
{"case_id": "topanga-burned-h90-ksat-minus-b575fde4a28c", "event_rows": 1848, "rows": 16437, "runtime_s": 1.5049336729571223, "status": "ran"}
{"case_id": "topanga-burned-h90-ksat-plus-b575fde4a28c", "event_rows": 1847, "rows": 16437, "runtime_s": 1.652874601073563, "status": "ran"}
{"case_id": "topanga-burned-h91-ksat-plus-b575fde4a28c", "event_rows": 1915, "rows": 16437, "runtime_s": 1.6510355041828007, "status": "ran"}
{"case_id": "topanga-burned-h92-cover-minus-b575fde4a28c", "event_rows": 1827, "rows": 16437, "runtime_s": 1.6493052588775754, "status": "ran"}
{"case_id": "topanga-burned-h91-cover-plus-b575fde4a28c", "event_rows": 1915, "rows": 16437, "runtime_s": 1.7056285771541297, "status": "ran"}
{"case_id": "topanga-burned-h91-cover-minus-b575fde4a28c", "event_rows": 1915, "rows": 16437, "runtime_s": 1.6320613389834762, "status": "ran"}
{"case_id": "topanga-burned-h91-ksat-minus-b575fde4a28c", "event_rows": 1915, "rows": 16437, "runtime_s": 1.635436249896884, "status": "ran"}
{"case_id": "topanga-burned-h93-ksat-plus-b575fde4a28c", "event_rows": 1844, "rows": 16437, "runtime_s": 1.519990340108052, "status": "ran"}
{"case_id": "topanga-burned-h92-ksat-minus-b575fde4a28c", "event_rows": 1827, "rows": 16437, "runtime_s": 1.6587612191215158, "status": "ran"}
{"case_id": "topanga-burned-h94-cover-minus-b575fde4a28c", "event_rows": 1844, "rows": 16437, "runtime_s": 1.6525477399118245, "status": "ran"}
{"case_id": "topanga-burned-h94-cover-plus-b575fde4a28c", "event_rows": 1844, "rows": 16437, "runtime_s": 1.8045809529721737, "status": "ran"}
{"case_id": "topanga-burned-h93-cover-plus-b575fde4a28c", "event_rows": 1844, "rows": 16437, "runtime_s": 1.829103727126494, "status": "ran"}
{"case_id": "topanga-burned-h93-cover-minus-b575fde4a28c", "event_rows": 1844, "rows": 16437, "runtime_s": 1.8904843351338059, "status": "ran"}
{"case_id": "topanga-burned-h93-ksat-minus-b575fde4a28c", "event_rows": 1844, "rows": 16437, "runtime_s": 1.912413079990074, "status": "ran"}
{"case_id": "topanga-burned-h92-ksat-plus-b575fde4a28c", "event_rows": 1827, "rows": 16437, "runtime_s": 1.869290292961523, "status": "ran"}
{"case_id": "topanga-burned-h94-ksat-minus-b575fde4a28c", "event_rows": 1844, "rows": 16437, "runtime_s": 1.4780080721247941, "status": "ran"}
{"case_id": "topanga-burned-h95-ksat-minus-b575fde4a28c", "event_rows": 1850, "rows": 16437, "runtime_s": 1.4297636470291764, "status": "ran"}
{"case_id": "topanga-burned-h95-ksat-plus-b575fde4a28c", "event_rows": 1850, "rows": 16437, "runtime_s": 1.510014255065471, "status": "ran"}
{"case_id": "topanga-burned-h95-cover-minus-b575fde4a28c", "event_rows": 1850, "rows": 16437, "runtime_s": 1.5280239419080317, "status": "ran"}
{"case_id": "topanga-burned-h96-cover-minus-b575fde4a28c", "event_rows": 1846, "rows": 16437, "runtime_s": 1.5085248139221221, "status": "ran"}
{"case_id": "topanga-burned-h95-cover-plus-b575fde4a28c", "event_rows": 1850, "rows": 16437, "runtime_s": 1.5094610799569637, "status": "ran"}
{"case_id": "topanga-burned-h96-cover-plus-b575fde4a28c", "event_rows": 1846, "rows": 16437, "runtime_s": 1.5135361310094595, "status": "ran"}
{"case_id": "topanga-burned-h94-ksat-plus-b575fde4a28c", "event_rows": 1844, "rows": 16437, "runtime_s": 1.5122766429558396, "status": "ran"}
{"case_id": "topanga-burned-h96-ksat-minus-b575fde4a28c", "event_rows": 1846, "rows": 16437, "runtime_s": 1.4638058959972113, "status": "ran"}
{"case_id": "topanga-burned-h98-cover-plus-b575fde4a28c", "event_rows": 1838, "rows": 16437, "runtime_s": 1.452746389200911, "status": "ran"}
{"case_id": "topanga-burned-h97-cover-minus-b575fde4a28c", "event_rows": 1816, "rows": 16437, "runtime_s": 1.5255971390288323, "status": "ran"}
{"case_id": "topanga-burned-h97-ksat-plus-b575fde4a28c", "event_rows": 1816, "rows": 16437, "runtime_s": 1.524472416145727, "status": "ran"}
{"case_id": "topanga-burned-h97-cover-plus-b575fde4a28c", "event_rows": 1816, "rows": 16437, "runtime_s": 1.5584198189899325, "status": "ran"}
{"case_id": "topanga-burned-h98-cover-minus-b575fde4a28c", "event_rows": 1838, "rows": 16437, "runtime_s": 1.5222100119572133, "status": "ran"}
{"case_id": "topanga-burned-h96-ksat-plus-b575fde4a28c", "event_rows": 1846, "rows": 16437, "runtime_s": 1.5882270659785718, "status": "ran"}
{"case_id": "topanga-burned-h97-ksat-minus-b575fde4a28c", "event_rows": 1816, "rows": 16437, "runtime_s": 1.5568450200371444, "status": "ran"}
{"case_id": "topanga-burned-h98-ksat-minus-b575fde4a28c", "event_rows": 1838, "rows": 16437, "runtime_s": 1.4844177619088441, "status": "ran"}
{"case_id": "topanga-burned-h98-ksat-plus-b575fde4a28c", "event_rows": 1837, "rows": 16437, "runtime_s": 1.4831182949710637, "status": "ran"}
{"case_id": "topanga-burned-h99-ksat-minus-b575fde4a28c", "event_rows": 1844, "rows": 16437, "runtime_s": 1.495077913859859, "status": "ran"}
{"case_id": "topanga-burned-h99-ksat-plus-b575fde4a28c", "event_rows": 1844, "rows": 16437, "runtime_s": 1.5113454579841346, "status": "ran"}
{"case_id": "topanga-undisturbed-h1-ksat-plus-b575fde4a28c", "event_rows": 1832, "rows": 16437, "runtime_s": 1.8070438040886074, "status": "ran"}
{"case_id": "topanga-undisturbed-h1-ksat-minus-b575fde4a28c", "event_rows": 1832, "rows": 16437, "runtime_s": 1.5027515199035406, "status": "ran"}
{"case_id": "topanga-burned-h99-cover-plus-b575fde4a28c", "event_rows": 1844, "rows": 16437, "runtime_s": 1.5329820499755442, "status": "ran"}
{"case_id": "topanga-burned-h99-cover-minus-b575fde4a28c", "event_rows": 1844, "rows": 16437, "runtime_s": 1.524655882967636, "status": "ran"}
{"case_id": "topanga-undisturbed-h10-cover-minus-b575fde4a28c", "event_rows": 1662, "rows": 16437, "runtime_s": 1.5519081680104136, "status": "ran"}
{"case_id": "topanga-undisturbed-h100-ksat-plus-b575fde4a28c", "event_rows": 1678, "rows": 16437, "runtime_s": 1.430519170127809, "status": "ran"}
{"case_id": "topanga-undisturbed-h10-ksat-minus-b575fde4a28c", "event_rows": 1662, "rows": 16437, "runtime_s": 1.4890402019955218, "status": "ran"}
{"case_id": "topanga-undisturbed-h10-ksat-plus-b575fde4a28c", "event_rows": 1662, "rows": 16437, "runtime_s": 1.511260889004916, "status": "ran"}
{"case_id": "topanga-undisturbed-h10-cover-plus-b575fde4a28c", "event_rows": 1662, "rows": 16437, "runtime_s": 1.5094445690046996, "status": "ran"}
{"case_id": "topanga-undisturbed-h100-cover-minus-b575fde4a28c", "event_rows": 1678, "rows": 16437, "runtime_s": 1.487322773085907, "status": "ran"}
{"case_id": "topanga-undisturbed-h100-cover-plus-b575fde4a28c", "event_rows": 1678, "rows": 16437, "runtime_s": 1.5220094611868262, "status": "ran"}
{"case_id": "topanga-undisturbed-h100-ksat-minus-b575fde4a28c", "event_rows": 1678, "rows": 16437, "runtime_s": 1.4570121930446476, "status": "ran"}
{"case_id": "topanga-undisturbed-h101-cover-minus-b575fde4a28c", "event_rows": 1707, "rows": 16437, "runtime_s": 1.4691001460887492, "status": "ran"}
{"case_id": "topanga-undisturbed-h102-ksat-minus-b575fde4a28c", "event_rows": 1683, "rows": 16437, "runtime_s": 1.4259688479360193, "status": "ran"}
{"case_id": "topanga-undisturbed-h101-cover-plus-b575fde4a28c", "event_rows": 1707, "rows": 16437, "runtime_s": 1.4731747161131352, "status": "ran"}
{"case_id": "topanga-undisturbed-h102-cover-minus-b575fde4a28c", "event_rows": 1683, "rows": 16437, "runtime_s": 1.4964218460954726, "status": "ran"}
{"case_id": "topanga-undisturbed-h101-ksat-plus-b575fde4a28c", "event_rows": 1707, "rows": 16437, "runtime_s": 1.5186079209670424, "status": "ran"}
{"case_id": "topanga-undisturbed-h102-cover-plus-b575fde4a28c", "event_rows": 1683, "rows": 16437, "runtime_s": 1.5133142459671944, "status": "ran"}
{"case_id": "topanga-undisturbed-h102-ksat-plus-b575fde4a28c", "event_rows": 1683, "rows": 16437, "runtime_s": 1.5121878709178418, "status": "ran"}
{"case_id": "topanga-undisturbed-h101-ksat-minus-b575fde4a28c", "event_rows": 1707, "rows": 16437, "runtime_s": 1.5193999838083982, "status": "ran"}
{"case_id": "topanga-undisturbed-h103-ksat-minus-b575fde4a28c", "event_rows": 1914, "rows": 16437, "runtime_s": 1.5760546040255576, "status": "ran"}
{"case_id": "topanga-undisturbed-h104-cover-plus-b575fde4a28c", "event_rows": 1697, "rows": 16437, "runtime_s": 1.41268496401608, "status": "ran"}
{"case_id": "topanga-undisturbed-h104-cover-minus-b575fde4a28c", "event_rows": 1697, "rows": 16437, "runtime_s": 1.5056714750826359, "status": "ran"}
{"case_id": "topanga-undisturbed-h104-ksat-minus-b575fde4a28c", "event_rows": 1697, "rows": 16437, "runtime_s": 1.501867684070021, "status": "ran"}
{"case_id": "topanga-undisturbed-h105-cover-plus-b575fde4a28c", "event_rows": 1690, "rows": 16437, "runtime_s": 1.4911411870270967, "status": "ran"}
{"case_id": "topanga-undisturbed-h104-ksat-plus-b575fde4a28c", "event_rows": 1697, "rows": 16437, "runtime_s": 1.4388095440808684, "status": "ran"}
{"case_id": "topanga-undisturbed-h103-ksat-plus-b575fde4a28c", "event_rows": 1914, "rows": 16437, "runtime_s": 1.475202440051362, "status": "ran"}
{"case_id": "topanga-undisturbed-h105-cover-minus-b575fde4a28c", "event_rows": 1690, "rows": 16437, "runtime_s": 1.4906976809725165, "status": "ran"}
{"case_id": "topanga-undisturbed-h105-ksat-minus-b575fde4a28c", "event_rows": 1690, "rows": 16437, "runtime_s": 1.4362151138484478, "status": "ran"}
{"case_id": "topanga-undisturbed-h106-cover-minus-b575fde4a28c", "event_rows": 1707, "rows": 16437, "runtime_s": 1.448286107974127, "status": "ran"}
{"case_id": "topanga-undisturbed-h106-ksat-plus-b575fde4a28c", "event_rows": 1707, "rows": 16437, "runtime_s": 1.441012725001201, "status": "ran"}
{"case_id": "topanga-undisturbed-h107-ksat-minus-b575fde4a28c", "event_rows": 1698, "rows": 16437, "runtime_s": 1.4313858069945127, "status": "ran"}
{"case_id": "topanga-undisturbed-h107-cover-plus-b575fde4a28c", "event_rows": 1698, "rows": 16437, "runtime_s": 1.5572495909873396, "status": "ran"}
{"case_id": "topanga-undisturbed-h106-ksat-minus-b575fde4a28c", "event_rows": 1707, "rows": 16437, "runtime_s": 1.5555961630307138, "status": "ran"}
{"case_id": "topanga-undisturbed-h106-cover-plus-b575fde4a28c", "event_rows": 1707, "rows": 16437, "runtime_s": 1.536772206891328, "status": "ran"}
{"case_id": "topanga-undisturbed-h107-cover-minus-b575fde4a28c", "event_rows": 1698, "rows": 16437, "runtime_s": 1.5610793938394636, "status": "ran"}
{"case_id": "topanga-undisturbed-h105-ksat-plus-b575fde4a28c", "event_rows": 1690, "rows": 16437, "runtime_s": 1.5503045648802072, "status": "ran"}
{"case_id": "topanga-undisturbed-h107-ksat-plus-b575fde4a28c", "event_rows": 1698, "rows": 16437, "runtime_s": 1.4215238350443542, "status": "ran"}
{"case_id": "topanga-undisturbed-h108-cover-plus-b575fde4a28c", "event_rows": 1673, "rows": 16437, "runtime_s": 1.4622109779156744, "status": "ran"}
{"case_id": "topanga-undisturbed-h109-cover-minus-b575fde4a28c", "event_rows": 1668, "rows": 16437, "runtime_s": 1.4570544918533415, "status": "ran"}
{"case_id": "topanga-undisturbed-h109-ksat-minus-b575fde4a28c", "event_rows": 1668, "rows": 16437, "runtime_s": 1.449111680034548, "status": "ran"}
{"case_id": "topanga-undisturbed-h108-cover-minus-b575fde4a28c", "event_rows": 1673, "rows": 16437, "runtime_s": 1.444734353106469, "status": "ran"}
{"case_id": "topanga-undisturbed-h108-ksat-plus-b575fde4a28c", "event_rows": 1673, "rows": 16437, "runtime_s": 1.4578124061226845, "status": "ran"}
{"case_id": "topanga-undisturbed-h109-cover-plus-b575fde4a28c", "event_rows": 1668, "rows": 16437, "runtime_s": 1.5051079879049212, "status": "ran"}
{"case_id": "topanga-undisturbed-h108-ksat-minus-b575fde4a28c", "event_rows": 1673, "rows": 16437, "runtime_s": 1.468231761129573, "status": "ran"}
{"case_id": "topanga-undisturbed-h109-ksat-plus-b575fde4a28c", "event_rows": 1668, "rows": 16437, "runtime_s": 1.4072392489761114, "status": "ran"}
{"case_id": "topanga-undisturbed-h11-cover-minus-b575fde4a28c", "event_rows": 1668, "rows": 16437, "runtime_s": 1.4311224790289998, "status": "ran"}
{"case_id": "topanga-undisturbed-h11-ksat-plus-b575fde4a28c", "event_rows": 1668, "rows": 16437, "runtime_s": 1.4155266021844, "status": "ran"}
{"case_id": "topanga-undisturbed-h11-cover-plus-b575fde4a28c", "event_rows": 1668, "rows": 16437, "runtime_s": 1.5299413241446018, "status": "ran"}
{"case_id": "topanga-undisturbed-h110-ksat-minus-b575fde4a28c", "event_rows": 1689, "rows": 16437, "runtime_s": 1.5367896109819412, "status": "ran"}
{"case_id": "topanga-undisturbed-h110-cover-minus-b575fde4a28c", "event_rows": 1689, "rows": 16437, "runtime_s": 1.481228478020057, "status": "ran"}
{"case_id": "topanga-undisturbed-h110-cover-plus-b575fde4a28c", "event_rows": 1689, "rows": 16437, "runtime_s": 1.597188567975536, "status": "ran"}
{"case_id": "topanga-undisturbed-h11-ksat-minus-b575fde4a28c", "event_rows": 1668, "rows": 16437, "runtime_s": 1.4749890200328082, "status": "ran"}
{"case_id": "topanga-undisturbed-h112-cover-minus-b575fde4a28c", "event_rows": 1688, "rows": 16437, "runtime_s": 1.5033584500197321, "status": "ran"}
{"case_id": "topanga-undisturbed-h111-cover-minus-b575fde4a28c", "event_rows": 1703, "rows": 16437, "runtime_s": 1.4320558297913522, "status": "ran"}
{"case_id": "topanga-undisturbed-h111-ksat-plus-b575fde4a28c", "event_rows": 1703, "rows": 16437, "runtime_s": 1.4175938731059432, "status": "ran"}
{"case_id": "topanga-undisturbed-h110-ksat-plus-b575fde4a28c", "event_rows": 1689, "rows": 16437, "runtime_s": 1.5135752521455288, "status": "ran"}
{"case_id": "topanga-undisturbed-h111-cover-plus-b575fde4a28c", "event_rows": 1703, "rows": 16437, "runtime_s": 1.5288258357904851, "status": "ran"}
{"case_id": "topanga-undisturbed-h112-ksat-minus-b575fde4a28c", "event_rows": 1688, "rows": 16437, "runtime_s": 1.4849133270327002, "status": "ran"}
{"case_id": "topanga-undisturbed-h111-ksat-minus-b575fde4a28c", "event_rows": 1703, "rows": 16437, "runtime_s": 1.5185467249248177, "status": "ran"}
{"case_id": "topanga-undisturbed-h112-cover-plus-b575fde4a28c", "event_rows": 1688, "rows": 16437, "runtime_s": 1.5294968099333346, "status": "ran"}
{"case_id": "topanga-undisturbed-h113-cover-minus-b575fde4a28c", "event_rows": 1687, "rows": 16437, "runtime_s": 1.39496292010881, "status": "ran"}
{"case_id": "topanga-undisturbed-h114-cover-plus-b575fde4a28c", "event_rows": 1689, "rows": 16437, "runtime_s": 1.4674243009649217, "status": "ran"}
{"case_id": "topanga-undisturbed-h113-ksat-plus-b575fde4a28c", "event_rows": 1687, "rows": 16437, "runtime_s": 1.4754145951010287, "status": "ran"}
{"case_id": "topanga-undisturbed-h112-ksat-plus-b575fde4a28c", "event_rows": 1688, "rows": 16437, "runtime_s": 1.4877557901199907, "status": "ran"}
{"case_id": "topanga-undisturbed-h114-cover-minus-b575fde4a28c", "event_rows": 1689, "rows": 16437, "runtime_s": 1.4741308048833162, "status": "ran"}
{"case_id": "topanga-undisturbed-h113-cover-plus-b575fde4a28c", "event_rows": 1687, "rows": 16437, "runtime_s": 1.5192981790751219, "status": "ran"}
{"case_id": "topanga-undisturbed-h113-ksat-minus-b575fde4a28c", "event_rows": 1687, "rows": 16437, "runtime_s": 1.4736865248996764, "status": "ran"}
{"case_id": "topanga-undisturbed-h114-ksat-minus-b575fde4a28c", "event_rows": 1689, "rows": 16437, "runtime_s": 1.443677734117955, "status": "ran"}
{"case_id": "topanga-undisturbed-h116-cover-minus-b575fde4a28c", "event_rows": 1657, "rows": 16437, "runtime_s": 1.4108549568336457, "status": "ran"}
{"case_id": "topanga-undisturbed-h116-ksat-minus-b575fde4a28c", "event_rows": 1657, "rows": 16437, "runtime_s": 1.474425806896761, "status": "ran"}
{"case_id": "topanga-undisturbed-h115-ksat-plus-b575fde4a28c", "event_rows": 1683, "rows": 16437, "runtime_s": 1.47321086213924, "status": "ran"}
{"case_id": "topanga-undisturbed-h115-cover-minus-b575fde4a28c", "event_rows": 1683, "rows": 16437, "runtime_s": 1.4830534278880805, "status": "ran"}
{"case_id": "topanga-undisturbed-h115-cover-plus-b575fde4a28c", "event_rows": 1683, "rows": 16437, "runtime_s": 1.4875838060397655, "status": "ran"}
{"case_id": "topanga-undisturbed-h115-ksat-minus-b575fde4a28c", "event_rows": 1683, "rows": 16437, "runtime_s": 1.5037019869778305, "status": "ran"}
{"case_id": "topanga-undisturbed-h114-ksat-plus-b575fde4a28c", "event_rows": 1689, "rows": 16437, "runtime_s": 1.496750219957903, "status": "ran"}
{"case_id": "topanga-undisturbed-h116-cover-plus-b575fde4a28c", "event_rows": 1657, "rows": 16437, "runtime_s": 1.6339128541294485, "status": "ran"}
{"case_id": "topanga-undisturbed-h117-cover-minus-b575fde4a28c", "event_rows": 1681, "rows": 16437, "runtime_s": 1.4225401130970567, "status": "ran"}
{"case_id": "topanga-undisturbed-h118-cover-plus-b575fde4a28c", "event_rows": 1678, "rows": 16437, "runtime_s": 1.5242070420645177, "status": "ran"}
{"case_id": "topanga-undisturbed-h116-ksat-plus-b575fde4a28c", "event_rows": 1657, "rows": 16437, "runtime_s": 1.4307396528311074, "status": "ran"}
{"case_id": "topanga-undisturbed-h117-ksat-plus-b575fde4a28c", "event_rows": 1681, "rows": 16437, "runtime_s": 1.4207392069511116, "status": "ran"}
{"case_id": "topanga-undisturbed-h117-ksat-minus-b575fde4a28c", "event_rows": 1681, "rows": 16437, "runtime_s": 1.4873919119127095, "status": "ran"}
{"case_id": "topanga-undisturbed-h117-cover-plus-b575fde4a28c", "event_rows": 1681, "rows": 16437, "runtime_s": 1.4815632090903819, "status": "ran"}
{"case_id": "topanga-undisturbed-h118-ksat-minus-b575fde4a28c", "event_rows": 1678, "rows": 16437, "runtime_s": 1.5495895249769092, "status": "ran"}
{"case_id": "topanga-undisturbed-h118-cover-minus-b575fde4a28c", "event_rows": 1678, "rows": 16437, "runtime_s": 1.5671540279872715, "status": "ran"}
{"case_id": "topanga-undisturbed-h118-ksat-plus-b575fde4a28c", "event_rows": 1678, "rows": 16437, "runtime_s": 1.4239014950580895, "status": "ran"}
{"case_id": "topanga-undisturbed-h12-ksat-minus-b575fde4a28c", "event_rows": 1666, "rows": 16437, "runtime_s": 1.5523687249515206, "status": "ran"}
{"case_id": "topanga-undisturbed-h12-cover-plus-b575fde4a28c", "event_rows": 1666, "rows": 16437, "runtime_s": 1.4995966248679906, "status": "ran"}
{"case_id": "topanga-undisturbed-h12-cover-minus-b575fde4a28c", "event_rows": 1666, "rows": 16437, "runtime_s": 1.4985561999492347, "status": "ran"}
{"case_id": "topanga-undisturbed-h119-cover-minus-b575fde4a28c", "event_rows": 1701, "rows": 16437, "runtime_s": 1.491065544076264, "status": "ran"}
{"case_id": "topanga-undisturbed-h119-ksat-plus-b575fde4a28c", "event_rows": 1701, "rows": 16437, "runtime_s": 1.562165254028514, "status": "ran"}
{"case_id": "topanga-undisturbed-h119-ksat-minus-b575fde4a28c", "event_rows": 1701, "rows": 16437, "runtime_s": 1.452080121031031, "status": "ran"}
{"case_id": "topanga-undisturbed-h119-cover-plus-b575fde4a28c", "event_rows": 1701, "rows": 16437, "runtime_s": 2.1221474930644035, "status": "ran"}
{"case_id": "topanga-undisturbed-h12-ksat-plus-b575fde4a28c", "event_rows": 1666, "rows": 16437, "runtime_s": 1.3803310319781303, "status": "ran"}
{"case_id": "topanga-undisturbed-h120-cover-plus-b575fde4a28c", "event_rows": 1680, "rows": 16437, "runtime_s": 1.440805820049718, "status": "ran"}
{"case_id": "topanga-undisturbed-h121-cover-minus-b575fde4a28c", "event_rows": 1656, "rows": 16437, "runtime_s": 1.566138963913545, "status": "ran"}
{"case_id": "topanga-undisturbed-h120-ksat-plus-b575fde4a28c", "event_rows": 1680, "rows": 16437, "runtime_s": 1.516635071951896, "status": "ran"}
{"case_id": "topanga-undisturbed-h120-cover-minus-b575fde4a28c", "event_rows": 1680, "rows": 16437, "runtime_s": 1.4631399910431355, "status": "ran"}
{"case_id": "topanga-undisturbed-h121-ksat-minus-b575fde4a28c", "event_rows": 1656, "rows": 16437, "runtime_s": 1.4808784369379282, "status": "ran"}
{"case_id": "topanga-undisturbed-h120-ksat-minus-b575fde4a28c", "event_rows": 1680, "rows": 16437, "runtime_s": 1.459703294094652, "status": "ran"}
{"case_id": "topanga-undisturbed-h121-cover-plus-b575fde4a28c", "event_rows": 1656, "rows": 16437, "runtime_s": 1.571742292959243, "status": "ran"}
{"case_id": "topanga-undisturbed-h122-cover-plus-b575fde4a28c", "event_rows": 1659, "rows": 16437, "runtime_s": 1.4673233730718493, "status": "ran"}
{"case_id": "topanga-undisturbed-h122-cover-minus-b575fde4a28c", "event_rows": 1659, "rows": 16437, "runtime_s": 1.476441026898101, "status": "ran"}
{"case_id": "topanga-undisturbed-h123-cover-minus-b575fde4a28c", "event_rows": 1676, "rows": 16437, "runtime_s": 1.4592566471546888, "status": "ran"}
{"case_id": "topanga-undisturbed-h122-ksat-minus-b575fde4a28c", "event_rows": 1659, "rows": 16437, "runtime_s": 1.501966387964785, "status": "ran"}
{"case_id": "topanga-undisturbed-h122-ksat-plus-b575fde4a28c", "event_rows": 1659, "rows": 16437, "runtime_s": 1.4980088910087943, "status": "ran"}
{"case_id": "topanga-undisturbed-h121-ksat-plus-b575fde4a28c", "event_rows": 1656, "rows": 16437, "runtime_s": 1.5272042900323868, "status": "ran"}
{"case_id": "topanga-undisturbed-h123-ksat-minus-b575fde4a28c", "event_rows": 1676, "rows": 16437, "runtime_s": 1.5475580219645053, "status": "ran"}
{"case_id": "topanga-undisturbed-h123-cover-plus-b575fde4a28c", "event_rows": 1676, "rows": 16437, "runtime_s": 1.5472103108186275, "status": "ran"}
{"case_id": "topanga-undisturbed-h124-ksat-minus-b575fde4a28c", "event_rows": 1674, "rows": 16437, "runtime_s": 1.429618937894702, "status": "ran"}
{"case_id": "topanga-undisturbed-h125-cover-minus-b575fde4a28c", "event_rows": 1697, "rows": 16437, "runtime_s": 1.5599691038951278, "status": "ran"}
{"case_id": "topanga-undisturbed-h124-cover-minus-b575fde4a28c", "event_rows": 1674, "rows": 16437, "runtime_s": 1.573810830945149, "status": "ran"}
{"case_id": "topanga-undisturbed-h123-ksat-plus-b575fde4a28c", "event_rows": 1676, "rows": 16437, "runtime_s": 1.696550110122189, "status": "ran"}
{"case_id": "topanga-undisturbed-h125-ksat-minus-b575fde4a28c", "event_rows": 1697, "rows": 16437, "runtime_s": 1.558101784903556, "status": "ran"}
{"case_id": "topanga-undisturbed-h124-cover-plus-b575fde4a28c", "event_rows": 1674, "rows": 16437, "runtime_s": 1.5741619809996337, "status": "ran"}
{"case_id": "topanga-undisturbed-h124-ksat-plus-b575fde4a28c", "event_rows": 1674, "rows": 16437, "runtime_s": 1.5672631689812988, "status": "ran"}
{"case_id": "topanga-undisturbed-h125-cover-plus-b575fde4a28c", "event_rows": 1697, "rows": 16437, "runtime_s": 1.7010939109604806, "status": "ran"}
{"case_id": "topanga-undisturbed-h125-ksat-plus-b575fde4a28c", "event_rows": 1697, "rows": 16437, "runtime_s": 1.4213504830840975, "status": "ran"}
{"case_id": "topanga-undisturbed-h126-cover-minus-b575fde4a28c", "event_rows": 1666, "rows": 16437, "runtime_s": 1.4890905139036477, "status": "ran"}
{"case_id": "topanga-undisturbed-h126-cover-plus-b575fde4a28c", "event_rows": 1666, "rows": 16437, "runtime_s": 1.452939254930243, "status": "ran"}
{"case_id": "topanga-undisturbed-h127-ksat-minus-b575fde4a28c", "event_rows": 1634, "rows": 16437, "runtime_s": 1.4787813711445779, "status": "ran"}
{"case_id": "topanga-undisturbed-h126-ksat-minus-b575fde4a28c", "event_rows": 1666, "rows": 16437, "runtime_s": 1.559265336021781, "status": "ran"}
{"case_id": "topanga-undisturbed-h127-cover-minus-b575fde4a28c", "event_rows": 1634, "rows": 16437, "runtime_s": 1.5523128909990191, "status": "ran"}
{"case_id": "topanga-undisturbed-h126-ksat-plus-b575fde4a28c", "event_rows": 1666, "rows": 16437, "runtime_s": 1.5141595271416008, "status": "ran"}
{"case_id": "topanga-undisturbed-h127-cover-plus-b575fde4a28c", "event_rows": 1634, "rows": 16437, "runtime_s": 1.5687437888700515, "status": "ran"}
{"case_id": "topanga-undisturbed-h128-ksat-plus-b575fde4a28c", "event_rows": 1685, "rows": 16437, "runtime_s": 1.4346663851756603, "status": "ran"}
{"case_id": "topanga-undisturbed-h129-ksat-minus-b575fde4a28c", "event_rows": 1655, "rows": 16437, "runtime_s": 1.429131566081196, "status": "ran"}
{"case_id": "topanga-undisturbed-h127-ksat-plus-b575fde4a28c", "event_rows": 1634, "rows": 16437, "runtime_s": 1.5554382579866797, "status": "ran"}
{"case_id": "topanga-undisturbed-h129-cover-plus-b575fde4a28c", "event_rows": 1655, "rows": 16437, "runtime_s": 1.5126312500797212, "status": "ran"}
{"case_id": "topanga-undisturbed-h128-cover-minus-b575fde4a28c", "event_rows": 1685, "rows": 16437, "runtime_s": 1.5743922609835863, "status": "ran"}
{"case_id": "topanga-undisturbed-h128-ksat-minus-b575fde4a28c", "event_rows": 1685, "rows": 16437, "runtime_s": 1.5097689870744944, "status": "ran"}
{"case_id": "topanga-undisturbed-h128-cover-plus-b575fde4a28c", "event_rows": 1685, "rows": 16437, "runtime_s": 1.5189493570942432, "status": "ran"}
{"case_id": "topanga-undisturbed-h129-cover-minus-b575fde4a28c", "event_rows": 1655, "rows": 16437, "runtime_s": 1.5385381218511611, "status": "ran"}
{"case_id": "topanga-undisturbed-h129-ksat-plus-b575fde4a28c", "event_rows": 1655, "rows": 16437, "runtime_s": 1.433500740909949, "status": "ran"}
{"case_id": "topanga-undisturbed-h130-cover-minus-b575fde4a28c", "event_rows": 1659, "rows": 16437, "runtime_s": 1.419200103962794, "status": "ran"}
{"case_id": "topanga-undisturbed-h13-cover-plus-b575fde4a28c", "event_rows": 1654, "rows": 16437, "runtime_s": 1.5842472519725561, "status": "ran"}
{"case_id": "topanga-undisturbed-h13-ksat-plus-b575fde4a28c", "event_rows": 1654, "rows": 16437, "runtime_s": 1.5850753309205174, "status": "ran"}
{"case_id": "topanga-undisturbed-h130-ksat-minus-b575fde4a28c", "event_rows": 1659, "rows": 16437, "runtime_s": 1.5806815188843757, "status": "ran"}
{"case_id": "topanga-undisturbed-h13-ksat-minus-b575fde4a28c", "event_rows": 1654, "rows": 16437, "runtime_s": 1.5878962920978665, "status": "ran"}
{"case_id": "topanga-undisturbed-h130-cover-plus-b575fde4a28c", "event_rows": 1659, "rows": 16437, "runtime_s": 1.5803198099602014, "status": "ran"}
{"case_id": "topanga-undisturbed-h13-cover-minus-b575fde4a28c", "event_rows": 1654, "rows": 16437, "runtime_s": 1.5879525928758085, "status": "ran"}
{"case_id": "topanga-undisturbed-h130-ksat-plus-b575fde4a28c", "event_rows": 1659, "rows": 16437, "runtime_s": 1.442731467075646, "status": "ran"}
{"case_id": "topanga-undisturbed-h131-cover-minus-b575fde4a28c", "event_rows": 1665, "rows": 16437, "runtime_s": 1.4541164310649037, "status": "ran"}
{"case_id": "topanga-undisturbed-h131-ksat-minus-b575fde4a28c", "event_rows": 1665, "rows": 16437, "runtime_s": 1.4970520599745214, "status": "ran"}
{"case_id": "topanga-undisturbed-h131-ksat-plus-b575fde4a28c", "event_rows": 1665, "rows": 16437, "runtime_s": 1.4815341169014573, "status": "ran"}
{"case_id": "topanga-undisturbed-h132-cover-plus-b575fde4a28c", "event_rows": 1672, "rows": 16437, "runtime_s": 1.6081304599065334, "status": "ran"}
{"case_id": "topanga-undisturbed-h132-cover-minus-b575fde4a28c", "event_rows": 1672, "rows": 16437, "runtime_s": 1.6368990109767765, "status": "ran"}
{"case_id": "topanga-undisturbed-h131-cover-plus-b575fde4a28c", "event_rows": 1665, "rows": 16437, "runtime_s": 1.4960792469792068, "status": "ran"}
{"case_id": "topanga-undisturbed-h132-ksat-minus-b575fde4a28c", "event_rows": 1672, "rows": 16437, "runtime_s": 1.632250835886225, "status": "ran"}
{"case_id": "topanga-undisturbed-h134-ksat-minus-b575fde4a28c", "event_rows": 1691, "rows": 16437, "runtime_s": 1.4266563691198826, "status": "ran"}
{"case_id": "topanga-undisturbed-h133-cover-minus-b575fde4a28c", "event_rows": 1700, "rows": 16437, "runtime_s": 1.4372743668500334, "status": "ran"}
{"case_id": "topanga-undisturbed-h134-cover-plus-b575fde4a28c", "event_rows": 1691, "rows": 16437, "runtime_s": 1.6090546359773725, "status": "ran"}
{"case_id": "topanga-undisturbed-h133-cover-plus-b575fde4a28c", "event_rows": 1700, "rows": 16437, "runtime_s": 1.6190870360005647, "status": "ran"}
{"case_id": "topanga-undisturbed-h133-ksat-plus-b575fde4a28c", "event_rows": 1700, "rows": 16437, "runtime_s": 1.6098858918994665, "status": "ran"}
{"case_id": "topanga-undisturbed-h133-ksat-minus-b575fde4a28c", "event_rows": 1700, "rows": 16437, "runtime_s": 1.6095378841273487, "status": "ran"}
{"case_id": "topanga-undisturbed-h134-cover-minus-b575fde4a28c", "event_rows": 1691, "rows": 16437, "runtime_s": 1.6081561499740928, "status": "ran"}
{"case_id": "topanga-undisturbed-h132-ksat-plus-b575fde4a28c", "event_rows": 1672, "rows": 16437, "runtime_s": 1.63076255004853, "status": "ran"}
{"case_id": "topanga-undisturbed-h135-ksat-plus-b575fde4a28c", "event_rows": 1678, "rows": 16437, "runtime_s": 1.4127233379986137, "status": "ran"}
{"case_id": "topanga-undisturbed-h134-ksat-plus-b575fde4a28c", "event_rows": 1691, "rows": 16437, "runtime_s": 1.4547468919772655, "status": "ran"}
{"case_id": "topanga-undisturbed-h135-cover-minus-b575fde4a28c", "event_rows": 1678, "rows": 16437, "runtime_s": 1.4832607749849558, "status": "ran"}
{"case_id": "topanga-undisturbed-h136-cover-plus-b575fde4a28c", "event_rows": 1666, "rows": 16437, "runtime_s": 1.481292064068839, "status": "ran"}
{"case_id": "topanga-undisturbed-h136-ksat-minus-b575fde4a28c", "event_rows": 1666, "rows": 16437, "runtime_s": 1.7536070251371711, "status": "ran"}
{"case_id": "topanga-undisturbed-h135-ksat-minus-b575fde4a28c", "event_rows": 1678, "rows": 16437, "runtime_s": 1.4499251439701766, "status": "ran"}
{"case_id": "topanga-undisturbed-h135-cover-plus-b575fde4a28c", "event_rows": 1678, "rows": 16437, "runtime_s": 1.4848800599575043, "status": "ran"}
{"case_id": "topanga-undisturbed-h136-cover-minus-b575fde4a28c", "event_rows": 1666, "rows": 16437, "runtime_s": 1.4565187820699066, "status": "ran"}
{"case_id": "topanga-undisturbed-h137-ksat-plus-b575fde4a28c", "event_rows": 1649, "rows": 16437, "runtime_s": 1.4318256590049714, "status": "ran"}
{"case_id": "topanga-undisturbed-h136-ksat-plus-b575fde4a28c", "event_rows": 1666, "rows": 16437, "runtime_s": 1.4587658431846648, "status": "ran"}
{"case_id": "topanga-undisturbed-h137-cover-plus-b575fde4a28c", "event_rows": 1649, "rows": 16437, "runtime_s": 1.6217374559491873, "status": "ran"}
{"case_id": "topanga-undisturbed-h138-cover-minus-b575fde4a28c", "event_rows": 1678, "rows": 16437, "runtime_s": 1.5715760260354728, "status": "ran"}
{"case_id": "topanga-undisturbed-h137-cover-minus-b575fde4a28c", "event_rows": 1649, "rows": 16437, "runtime_s": 1.522740321001038, "status": "ran"}
{"case_id": "topanga-undisturbed-h137-ksat-minus-b575fde4a28c", "event_rows": 1649, "rows": 16437, "runtime_s": 1.622347464086488, "status": "ran"}
{"case_id": "topanga-undisturbed-h138-ksat-minus-b575fde4a28c", "event_rows": 1678, "rows": 16437, "runtime_s": 1.54133644211106, "status": "ran"}
{"case_id": "topanga-undisturbed-h138-cover-plus-b575fde4a28c", "event_rows": 1678, "rows": 16437, "runtime_s": 1.6150227840989828, "status": "ran"}
{"case_id": "topanga-undisturbed-h139-ksat-plus-b575fde4a28c", "event_rows": 1657, "rows": 16437, "runtime_s": 1.4570395988412201, "status": "ran"}
{"case_id": "topanga-undisturbed-h14-ksat-minus-b575fde4a28c", "event_rows": 1665, "rows": 16437, "runtime_s": 1.544171652989462, "status": "ran"}
{"case_id": "topanga-undisturbed-h139-ksat-minus-b575fde4a28c", "event_rows": 1657, "rows": 16437, "runtime_s": 1.525396553101018, "status": "ran"}
{"case_id": "topanga-undisturbed-h14-cover-plus-b575fde4a28c", "event_rows": 1665, "rows": 16437, "runtime_s": 1.5240056440234184, "status": "ran"}
{"case_id": "topanga-undisturbed-h139-cover-minus-b575fde4a28c", "event_rows": 1657, "rows": 16437, "runtime_s": 1.5457593519240618, "status": "ran"}
{"case_id": "topanga-undisturbed-h139-cover-plus-b575fde4a28c", "event_rows": 1657, "rows": 16437, "runtime_s": 1.5059774611145258, "status": "ran"}
{"case_id": "topanga-undisturbed-h138-ksat-plus-b575fde4a28c", "event_rows": 1678, "rows": 16437, "runtime_s": 1.561101475963369, "status": "ran"}
{"case_id": "topanga-undisturbed-h14-cover-minus-b575fde4a28c", "event_rows": 1665, "rows": 16437, "runtime_s": 1.5479530040174723, "status": "ran"}
{"case_id": "topanga-undisturbed-h140-cover-minus-b575fde4a28c", "event_rows": 1665, "rows": 16437, "runtime_s": 1.4027327329386026, "status": "ran"}
{"case_id": "topanga-undisturbed-h140-ksat-minus-b575fde4a28c", "event_rows": 1665, "rows": 16437, "runtime_s": 1.5017455420456827, "status": "ran"}
{"case_id": "topanga-undisturbed-h140-ksat-plus-b575fde4a28c", "event_rows": 1665, "rows": 16437, "runtime_s": 1.4935848580207676, "status": "ran"}
{"case_id": "topanga-undisturbed-h15-ksat-minus-b575fde4a28c", "event_rows": 1667, "rows": 16437, "runtime_s": 1.4764988869428635, "status": "ran"}
{"case_id": "topanga-undisturbed-h140-cover-plus-b575fde4a28c", "event_rows": 1665, "rows": 16437, "runtime_s": 1.4954401778522879, "status": "ran"}
{"case_id": "topanga-undisturbed-h15-cover-plus-b575fde4a28c", "event_rows": 1667, "rows": 16437, "runtime_s": 1.6264592639636248, "status": "ran"}
{"case_id": "topanga-undisturbed-h15-cover-minus-b575fde4a28c", "event_rows": 1667, "rows": 16437, "runtime_s": 1.6361605601850897, "status": "ran"}
{"case_id": "topanga-undisturbed-h14-ksat-plus-b575fde4a28c", "event_rows": 1665, "rows": 16437, "runtime_s": 1.4532739478163421, "status": "ran"}
{"case_id": "topanga-undisturbed-h15-ksat-plus-b575fde4a28c", "event_rows": 1667, "rows": 16437, "runtime_s": 1.4004240061622113, "status": "ran"}
{"case_id": "topanga-undisturbed-h16-cover-minus-b575fde4a28c", "event_rows": 1686, "rows": 16437, "runtime_s": 1.438131630886346, "status": "ran"}
{"case_id": "topanga-undisturbed-h16-ksat-minus-b575fde4a28c", "event_rows": 1686, "rows": 16437, "runtime_s": 1.4542381409555674, "status": "ran"}
{"case_id": "topanga-undisturbed-h16-cover-plus-b575fde4a28c", "event_rows": 1686, "rows": 16437, "runtime_s": 1.4790906601119787, "status": "ran"}
{"case_id": "topanga-undisturbed-h17-ksat-minus-b575fde4a28c", "event_rows": 1704, "rows": 16437, "runtime_s": 1.5117058530449867, "status": "ran"}
{"case_id": "topanga-undisturbed-h17-cover-plus-b575fde4a28c", "event_rows": 1704, "rows": 16437, "runtime_s": 1.5100110948551446, "status": "ran"}
{"case_id": "topanga-undisturbed-h17-cover-minus-b575fde4a28c", "event_rows": 1704, "rows": 16437, "runtime_s": 1.6436290238052607, "status": "ran"}
{"case_id": "topanga-undisturbed-h16-ksat-plus-b575fde4a28c", "event_rows": 1686, "rows": 16437, "runtime_s": 1.477010624948889, "status": "ran"}
{"case_id": "topanga-undisturbed-h17-ksat-plus-b575fde4a28c", "event_rows": 1704, "rows": 16437, "runtime_s": 1.4295102329924703, "status": "ran"}
{"case_id": "topanga-undisturbed-h18-ksat-minus-b575fde4a28c", "event_rows": 1674, "rows": 16437, "runtime_s": 1.4414511967916042, "status": "ran"}
{"case_id": "topanga-undisturbed-h19-cover-plus-b575fde4a28c", "event_rows": 1663, "rows": 16437, "runtime_s": 1.4880729189608246, "status": "ran"}
{"case_id": "topanga-undisturbed-h19-ksat-minus-b575fde4a28c", "event_rows": 1663, "rows": 16437, "runtime_s": 1.4946656790561974, "status": "ran"}
{"case_id": "topanga-undisturbed-h18-cover-minus-b575fde4a28c", "event_rows": 1674, "rows": 16437, "runtime_s": 1.4939765071030706, "status": "ran"}
{"case_id": "topanga-undisturbed-h19-cover-minus-b575fde4a28c", "event_rows": 1663, "rows": 16437, "runtime_s": 1.45140768494457, "status": "ran"}
{"case_id": "topanga-undisturbed-h18-ksat-plus-b575fde4a28c", "event_rows": 1674, "rows": 16437, "runtime_s": 1.465999408857897, "status": "ran"}
{"case_id": "topanga-undisturbed-h18-cover-plus-b575fde4a28c", "event_rows": 1674, "rows": 16437, "runtime_s": 1.4953154830727726, "status": "ran"}
{"case_id": "topanga-undisturbed-h20-cover-minus-b575fde4a28c", "event_rows": 1684, "rows": 16437, "runtime_s": 1.4216356431134045, "status": "ran"}
{"case_id": "topanga-undisturbed-h19-ksat-plus-b575fde4a28c", "event_rows": 1663, "rows": 16437, "runtime_s": 1.4278176438529044, "status": "ran"}
{"case_id": "topanga-undisturbed-h2-ksat-plus-b575fde4a28c", "event_rows": 1829, "rows": 16437, "runtime_s": 1.4996847931761295, "status": "ran"}
{"case_id": "topanga-undisturbed-h20-cover-plus-b575fde4a28c", "event_rows": 1684, "rows": 16437, "runtime_s": 1.4955177530646324, "status": "ran"}
{"case_id": "topanga-undisturbed-h2-ksat-minus-b575fde4a28c", "event_rows": 1829, "rows": 16437, "runtime_s": 1.5442872981075197, "status": "ran"}
{"case_id": "topanga-undisturbed-h20-ksat-plus-b575fde4a28c", "event_rows": 1684, "rows": 16437, "runtime_s": 1.4540397368837148, "status": "ran"}
{"case_id": "topanga-undisturbed-h21-cover-minus-b575fde4a28c", "event_rows": 1667, "rows": 16437, "runtime_s": 1.5020810379646719, "status": "ran"}
{"case_id": "topanga-undisturbed-h20-ksat-minus-b575fde4a28c", "event_rows": 1684, "rows": 16437, "runtime_s": 1.455211594933644, "status": "ran"}
{"case_id": "topanga-undisturbed-h21-ksat-minus-b575fde4a28c", "event_rows": 1667, "rows": 16437, "runtime_s": 1.420961347874254, "status": "ran"}
{"case_id": "topanga-undisturbed-h21-cover-plus-b575fde4a28c", "event_rows": 1667, "rows": 16437, "runtime_s": 1.4799074498005211, "status": "ran"}
{"case_id": "topanga-undisturbed-h21-ksat-plus-b575fde4a28c", "event_rows": 1667, "rows": 16437, "runtime_s": 1.5014723669737577, "status": "ran"}
{"case_id": "topanga-undisturbed-h22-cover-minus-b575fde4a28c", "event_rows": 1662, "rows": 16437, "runtime_s": 1.598518047016114, "status": "ran"}
{"case_id": "topanga-undisturbed-h23-cover-minus-b575fde4a28c", "event_rows": 1679, "rows": 16437, "runtime_s": 1.5607846130151302, "status": "ran"}
{"case_id": "topanga-undisturbed-h22-ksat-plus-b575fde4a28c", "event_rows": 1662, "rows": 16437, "runtime_s": 1.4997643250972033, "status": "ran"}
{"case_id": "topanga-undisturbed-h22-ksat-minus-b575fde4a28c", "event_rows": 1662, "rows": 16437, "runtime_s": 1.4431977020576596, "status": "ran"}
{"case_id": "topanga-undisturbed-h22-cover-plus-b575fde4a28c", "event_rows": 1662, "rows": 16437, "runtime_s": 1.5589209331665188, "status": "ran"}
{"case_id": "topanga-undisturbed-h24-ksat-minus-b575fde4a28c", "event_rows": 1671, "rows": 16437, "runtime_s": 1.399719902779907, "status": "ran"}
{"case_id": "topanga-undisturbed-h23-ksat-plus-b575fde4a28c", "event_rows": 1679, "rows": 16437, "runtime_s": 1.4545621590223163, "status": "ran"}
{"case_id": "topanga-undisturbed-h23-cover-plus-b575fde4a28c", "event_rows": 1679, "rows": 16437, "runtime_s": 1.4973003549966961, "status": "ran"}
{"case_id": "topanga-undisturbed-h24-cover-minus-b575fde4a28c", "event_rows": 1671, "rows": 16437, "runtime_s": 1.4554802989587188, "status": "ran"}
{"case_id": "topanga-undisturbed-h24-ksat-plus-b575fde4a28c", "event_rows": 1671, "rows": 16437, "runtime_s": 1.437317012110725, "status": "ran"}
{"case_id": "topanga-undisturbed-h23-ksat-minus-b575fde4a28c", "event_rows": 1679, "rows": 16437, "runtime_s": 1.4901982699520886, "status": "ran"}
{"case_id": "topanga-undisturbed-h24-cover-plus-b575fde4a28c", "event_rows": 1671, "rows": 16437, "runtime_s": 1.4602457268629223, "status": "ran"}
{"case_id": "topanga-undisturbed-h25-cover-minus-b575fde4a28c", "event_rows": 1693, "rows": 16437, "runtime_s": 1.5388991420622915, "status": "ran"}
{"case_id": "topanga-undisturbed-h26-ksat-minus-b575fde4a28c", "event_rows": 1685, "rows": 16437, "runtime_s": 1.4262779508717358, "status": "ran"}
{"case_id": "topanga-undisturbed-h25-cover-plus-b575fde4a28c", "event_rows": 1693, "rows": 16437, "runtime_s": 1.4342644331045449, "status": "ran"}
{"case_id": "topanga-undisturbed-h25-ksat-minus-b575fde4a28c", "event_rows": 1693, "rows": 16437, "runtime_s": 1.5585472260136157, "status": "ran"}
{"case_id": "topanga-undisturbed-h27-cover-minus-b575fde4a28c", "event_rows": 1694, "rows": 16437, "runtime_s": 1.5688173219095916, "status": "ran"}
{"case_id": "topanga-undisturbed-h26-ksat-plus-b575fde4a28c", "event_rows": 1685, "rows": 16437, "runtime_s": 1.5573776569217443, "status": "ran"}
{"case_id": "topanga-undisturbed-h26-cover-plus-b575fde4a28c", "event_rows": 1685, "rows": 16437, "runtime_s": 1.5571866841055453, "status": "ran"}
{"case_id": "topanga-undisturbed-h25-ksat-plus-b575fde4a28c", "event_rows": 1693, "rows": 16437, "runtime_s": 1.4914501588791609, "status": "ran"}
{"case_id": "topanga-undisturbed-h26-cover-minus-b575fde4a28c", "event_rows": 1685, "rows": 16437, "runtime_s": 1.4628761778585613, "status": "ran"}
{"case_id": "topanga-undisturbed-h27-ksat-minus-b575fde4a28c", "event_rows": 1694, "rows": 16437, "runtime_s": 1.4266444139648229, "status": "ran"}
{"case_id": "topanga-undisturbed-h28-ksat-minus-b575fde4a28c", "event_rows": 1697, "rows": 16437, "runtime_s": 1.4516559951007366, "status": "ran"}
{"case_id": "topanga-undisturbed-h27-cover-plus-b575fde4a28c", "event_rows": 1694, "rows": 16437, "runtime_s": 1.4691899258177727, "status": "ran"}
{"case_id": "topanga-undisturbed-h28-ksat-plus-b575fde4a28c", "event_rows": 1697, "rows": 16437, "runtime_s": 1.4651521919295192, "status": "ran"}
{"case_id": "topanga-undisturbed-h27-ksat-plus-b575fde4a28c", "event_rows": 1694, "rows": 16437, "runtime_s": 1.5938072090502828, "status": "ran"}
{"case_id": "topanga-undisturbed-h28-cover-minus-b575fde4a28c", "event_rows": 1697, "rows": 16437, "runtime_s": 1.4797351059969515, "status": "ran"}
{"case_id": "topanga-undisturbed-h29-cover-minus-b575fde4a28c", "event_rows": 1679, "rows": 16437, "runtime_s": 1.5193217149935663, "status": "ran"}
{"case_id": "topanga-undisturbed-h28-cover-plus-b575fde4a28c", "event_rows": 1697, "rows": 16437, "runtime_s": 1.4926214020233601, "status": "ran"}
{"case_id": "topanga-undisturbed-h29-cover-plus-b575fde4a28c", "event_rows": 1679, "rows": 16437, "runtime_s": 1.4327807950321585, "status": "ran"}
{"case_id": "topanga-undisturbed-h30-ksat-minus-b575fde4a28c", "event_rows": 1681, "rows": 16437, "runtime_s": 1.5151421420741826, "status": "ran"}
{"case_id": "topanga-undisturbed-h3-ksat-plus-b575fde4a28c", "event_rows": 1849, "rows": 16437, "runtime_s": 1.5004462900105864, "status": "ran"}
{"case_id": "topanga-undisturbed-h30-cover-plus-b575fde4a28c", "event_rows": 1681, "rows": 16437, "runtime_s": 1.5159093618858606, "status": "ran"}
{"case_id": "topanga-undisturbed-h30-cover-minus-b575fde4a28c", "event_rows": 1681, "rows": 16437, "runtime_s": 1.4731709898915142, "status": "ran"}
{"case_id": "topanga-undisturbed-h29-ksat-minus-b575fde4a28c", "event_rows": 1679, "rows": 16437, "runtime_s": 1.4790610920172185, "status": "ran"}
{"case_id": "topanga-undisturbed-h3-ksat-minus-b575fde4a28c", "event_rows": 1849, "rows": 16437, "runtime_s": 1.487768935970962, "status": "ran"}
{"case_id": "topanga-undisturbed-h29-ksat-plus-b575fde4a28c", "event_rows": 1679, "rows": 16437, "runtime_s": 1.4579755060840398, "status": "ran"}
{"case_id": "topanga-undisturbed-h31-cover-plus-b575fde4a28c", "event_rows": 1662, "rows": 16437, "runtime_s": 1.4717152940575033, "status": "ran"}
{"case_id": "topanga-undisturbed-h31-ksat-plus-b575fde4a28c", "event_rows": 1662, "rows": 16437, "runtime_s": 1.532752508064732, "status": "ran"}
{"case_id": "topanga-undisturbed-h32-cover-minus-b575fde4a28c", "event_rows": 1693, "rows": 16437, "runtime_s": 1.4887465918436646, "status": "ran"}
{"case_id": "topanga-undisturbed-h31-cover-minus-b575fde4a28c", "event_rows": 1662, "rows": 16437, "runtime_s": 1.5153148530516773, "status": "ran"}
{"case_id": "topanga-undisturbed-h32-cover-plus-b575fde4a28c", "event_rows": 1693, "rows": 16437, "runtime_s": 1.4575691709760576, "status": "ran"}
{"case_id": "topanga-undisturbed-h30-ksat-plus-b575fde4a28c", "event_rows": 1681, "rows": 16437, "runtime_s": 1.5532766040414572, "status": "ran"}
{"case_id": "topanga-undisturbed-h31-ksat-minus-b575fde4a28c", "event_rows": 1662, "rows": 16437, "runtime_s": 1.5253959819674492, "status": "ran"}
{"case_id": "topanga-undisturbed-h32-ksat-minus-b575fde4a28c", "event_rows": 1693, "rows": 16437, "runtime_s": 1.4886951970402151, "status": "ran"}
{"case_id": "topanga-undisturbed-h34-cover-minus-b575fde4a28c", "event_rows": 1669, "rows": 16437, "runtime_s": 1.4284092700108886, "status": "ran"}
{"case_id": "topanga-undisturbed-h32-ksat-plus-b575fde4a28c", "event_rows": 1693, "rows": 16437, "runtime_s": 1.4476646617986262, "status": "ran"}
{"case_id": "topanga-undisturbed-h33-cover-plus-b575fde4a28c", "event_rows": 1662, "rows": 16437, "runtime_s": 1.4664628489408642, "status": "ran"}
{"case_id": "topanga-undisturbed-h34-cover-plus-b575fde4a28c", "event_rows": 1669, "rows": 16437, "runtime_s": 1.5222924160771072, "status": "ran"}
{"case_id": "topanga-undisturbed-h33-ksat-plus-b575fde4a28c", "event_rows": 1662, "rows": 16437, "runtime_s": 1.5087526799179614, "status": "ran"}
{"case_id": "topanga-undisturbed-h33-ksat-minus-b575fde4a28c", "event_rows": 1662, "rows": 16437, "runtime_s": 1.5088381029199809, "status": "ran"}
{"case_id": "topanga-undisturbed-h34-ksat-minus-b575fde4a28c", "event_rows": 1670, "rows": 16437, "runtime_s": 1.5430371260736138, "status": "ran"}
{"case_id": "topanga-undisturbed-h33-cover-minus-b575fde4a28c", "event_rows": 1662, "rows": 16437, "runtime_s": 1.5225621161516756, "status": "ran"}
{"case_id": "topanga-undisturbed-h34-ksat-plus-b575fde4a28c", "event_rows": 1669, "rows": 16437, "runtime_s": 1.4026638050563633, "status": "ran"}
{"case_id": "topanga-undisturbed-h36-ksat-minus-b575fde4a28c", "event_rows": 1676, "rows": 16437, "runtime_s": 1.4765344869811088, "status": "ran"}
{"case_id": "topanga-undisturbed-h36-cover-minus-b575fde4a28c", "event_rows": 1676, "rows": 16437, "runtime_s": 1.4916341218631715, "status": "ran"}
{"case_id": "topanga-undisturbed-h36-cover-plus-b575fde4a28c", "event_rows": 1676, "rows": 16437, "runtime_s": 1.4940770389512181, "status": "ran"}
{"case_id": "topanga-undisturbed-h35-ksat-minus-b575fde4a28c", "event_rows": 1665, "rows": 16437, "runtime_s": 1.4514640220440924, "status": "ran"}
{"case_id": "topanga-undisturbed-h35-cover-plus-b575fde4a28c", "event_rows": 1665, "rows": 16437, "runtime_s": 1.5010622770059854, "status": "ran"}
{"case_id": "topanga-undisturbed-h35-ksat-plus-b575fde4a28c", "event_rows": 1665, "rows": 16437, "runtime_s": 1.4473363340366632, "status": "ran"}
{"case_id": "topanga-undisturbed-h35-cover-minus-b575fde4a28c", "event_rows": 1665, "rows": 16437, "runtime_s": 1.556721321074292, "status": "ran"}
{"case_id": "topanga-undisturbed-h37-ksat-plus-b575fde4a28c", "event_rows": 1675, "rows": 16437, "runtime_s": 1.3732772609218955, "status": "ran"}
{"case_id": "topanga-undisturbed-h38-cover-minus-b575fde4a28c", "event_rows": 1680, "rows": 16437, "runtime_s": 1.4133366998285055, "status": "ran"}
{"case_id": "topanga-undisturbed-h36-ksat-plus-b575fde4a28c", "event_rows": 1676, "rows": 16437, "runtime_s": 1.4614612408913672, "status": "ran"}
{"case_id": "topanga-undisturbed-h37-cover-plus-b575fde4a28c", "event_rows": 1675, "rows": 16437, "runtime_s": 1.4352865549735725, "status": "ran"}
{"case_id": "topanga-undisturbed-h37-cover-minus-b575fde4a28c", "event_rows": 1675, "rows": 16437, "runtime_s": 1.552458596182987, "status": "ran"}
{"case_id": "topanga-undisturbed-h38-cover-plus-b575fde4a28c", "event_rows": 1680, "rows": 16437, "runtime_s": 1.5896836670581251, "status": "ran"}
{"case_id": "topanga-undisturbed-h38-ksat-minus-b575fde4a28c", "event_rows": 1680, "rows": 16437, "runtime_s": 1.6112394558731467, "status": "ran"}
{"case_id": "topanga-undisturbed-h37-ksat-minus-b575fde4a28c", "event_rows": 1675, "rows": 16437, "runtime_s": 1.5464551700279117, "status": "ran"}
{"case_id": "topanga-undisturbed-h38-ksat-plus-b575fde4a28c", "event_rows": 1680, "rows": 16437, "runtime_s": 1.4356485200114548, "status": "ran"}
{"case_id": "topanga-undisturbed-h4-ksat-plus-b575fde4a28c", "event_rows": 1839, "rows": 16437, "runtime_s": 1.5119642012286931, "status": "ran"}
{"case_id": "topanga-undisturbed-h39-ksat-minus-b575fde4a28c", "event_rows": 1678, "rows": 16437, "runtime_s": 1.4741944780107588, "status": "ran"}
{"case_id": "topanga-undisturbed-h39-cover-minus-b575fde4a28c", "event_rows": 1678, "rows": 16437, "runtime_s": 1.4766235218849033, "status": "ran"}
{"case_id": "topanga-undisturbed-h39-cover-plus-b575fde4a28c", "event_rows": 1678, "rows": 16437, "runtime_s": 1.472574160899967, "status": "ran"}
{"case_id": "topanga-undisturbed-h40-cover-minus-b575fde4a28c", "event_rows": 1688, "rows": 16437, "runtime_s": 1.6478855980094522, "status": "ran"}
{"case_id": "topanga-undisturbed-h4-ksat-minus-b575fde4a28c", "event_rows": 1839, "rows": 16437, "runtime_s": 1.8258907168637961, "status": "ran"}
{"case_id": "topanga-undisturbed-h39-ksat-plus-b575fde4a28c", "event_rows": 1678, "rows": 16437, "runtime_s": 1.5113741899840534, "status": "ran"}
{"case_id": "topanga-undisturbed-h40-ksat-minus-b575fde4a28c", "event_rows": 1688, "rows": 16437, "runtime_s": 1.4272463601082563, "status": "ran"}
{"case_id": "topanga-undisturbed-h40-cover-plus-b575fde4a28c", "event_rows": 1688, "rows": 16437, "runtime_s": 1.4742778101935983, "status": "ran"}
{"case_id": "topanga-undisturbed-h41-ksat-plus-b575fde4a28c", "event_rows": 1707, "rows": 16437, "runtime_s": 1.4451722530648112, "status": "ran"}
{"case_id": "topanga-undisturbed-h40-ksat-plus-b575fde4a28c", "event_rows": 1688, "rows": 16437, "runtime_s": 1.458789881085977, "status": "ran"}
{"case_id": "topanga-undisturbed-h41-cover-minus-b575fde4a28c", "event_rows": 1707, "rows": 16437, "runtime_s": 1.511659850133583, "status": "ran"}
{"case_id": "topanga-undisturbed-h42-cover-minus-b575fde4a28c", "event_rows": 1677, "rows": 16437, "runtime_s": 1.4931453261524439, "status": "ran"}
{"case_id": "topanga-undisturbed-h41-ksat-minus-b575fde4a28c", "event_rows": 1707, "rows": 16437, "runtime_s": 1.5078397679608315, "status": "ran"}
{"case_id": "topanga-undisturbed-h41-cover-plus-b575fde4a28c", "event_rows": 1707, "rows": 16437, "runtime_s": 1.4941950310021639, "status": "ran"}
{"case_id": "topanga-undisturbed-h42-ksat-plus-b575fde4a28c", "event_rows": 1677, "rows": 16437, "runtime_s": 1.4157063369639218, "status": "ran"}
{"case_id": "topanga-undisturbed-h43-cover-plus-b575fde4a28c", "event_rows": 1708, "rows": 16437, "runtime_s": 1.470971001777798, "status": "ran"}
{"case_id": "topanga-undisturbed-h43-cover-minus-b575fde4a28c", "event_rows": 1708, "rows": 16437, "runtime_s": 1.498599890852347, "status": "ran"}
{"case_id": "topanga-undisturbed-h42-ksat-minus-b575fde4a28c", "event_rows": 1677, "rows": 16437, "runtime_s": 1.452371927909553, "status": "ran"}
{"case_id": "topanga-undisturbed-h44-cover-minus-b575fde4a28c", "event_rows": 1693, "rows": 16437, "runtime_s": 1.4812596561387181, "status": "ran"}
{"case_id": "topanga-undisturbed-h42-cover-plus-b575fde4a28c", "event_rows": 1677, "rows": 16437, "runtime_s": 1.503934175008908, "status": "ran"}
{"case_id": "topanga-undisturbed-h43-ksat-plus-b575fde4a28c", "event_rows": 1708, "rows": 16437, "runtime_s": 1.452498726081103, "status": "ran"}
{"case_id": "topanga-undisturbed-h43-ksat-minus-b575fde4a28c", "event_rows": 1708, "rows": 16437, "runtime_s": 1.4893049709498882, "status": "ran"}
{"case_id": "topanga-undisturbed-h45-cover-minus-b575fde4a28c", "event_rows": 1693, "rows": 16437, "runtime_s": 1.4447661761660129, "status": "ran"}
{"case_id": "topanga-undisturbed-h45-ksat-minus-b575fde4a28c", "event_rows": 1693, "rows": 16437, "runtime_s": 1.4500200140755624, "status": "ran"}
{"case_id": "topanga-undisturbed-h46-cover-minus-b575fde4a28c", "event_rows": 1701, "rows": 16437, "runtime_s": 1.4781036069616675, "status": "ran"}
{"case_id": "topanga-undisturbed-h44-cover-plus-b575fde4a28c", "event_rows": 1693, "rows": 16437, "runtime_s": 1.5163928379770368, "status": "ran"}
{"case_id": "topanga-undisturbed-h45-cover-plus-b575fde4a28c", "event_rows": 1693, "rows": 16437, "runtime_s": 1.499874794157222, "status": "ran"}
{"case_id": "topanga-undisturbed-h45-ksat-plus-b575fde4a28c", "event_rows": 1693, "rows": 16437, "runtime_s": 1.516899683047086, "status": "ran"}
{"case_id": "topanga-undisturbed-h44-ksat-plus-b575fde4a28c", "event_rows": 1693, "rows": 16437, "runtime_s": 1.5214708209969103, "status": "ran"}
{"case_id": "topanga-undisturbed-h44-ksat-minus-b575fde4a28c", "event_rows": 1693, "rows": 16437, "runtime_s": 1.4687970022205263, "status": "ran"}
{"case_id": "topanga-undisturbed-h47-cover-minus-b575fde4a28c", "event_rows": 1710, "rows": 16437, "runtime_s": 1.4437075939495116, "status": "ran"}
{"case_id": "topanga-undisturbed-h47-ksat-minus-b575fde4a28c", "event_rows": 1710, "rows": 16437, "runtime_s": 1.531079303007573, "status": "ran"}
{"case_id": "topanga-undisturbed-h47-ksat-plus-b575fde4a28c", "event_rows": 1710, "rows": 16437, "runtime_s": 1.4892006099689752, "status": "ran"}
{"case_id": "topanga-undisturbed-h47-cover-plus-b575fde4a28c", "event_rows": 1710, "rows": 16437, "runtime_s": 1.5107579480390996, "status": "ran"}
{"case_id": "topanga-undisturbed-h46-ksat-minus-b575fde4a28c", "event_rows": 1701, "rows": 16437, "runtime_s": 1.5799385979771614, "status": "ran"}
{"case_id": "topanga-undisturbed-h48-ksat-minus-b575fde4a28c", "event_rows": 1636, "rows": 16437, "runtime_s": 1.5299139579292387, "status": "ran"}
{"case_id": "topanga-undisturbed-h46-cover-plus-b575fde4a28c", "event_rows": 1701, "rows": 16437, "runtime_s": 1.4690272600855678, "status": "ran"}
{"case_id": "topanga-undisturbed-h46-ksat-plus-b575fde4a28c", "event_rows": 1701, "rows": 16437, "runtime_s": 1.5157769601792097, "status": "ran"}
{"case_id": "topanga-undisturbed-h49-cover-plus-b575fde4a28c", "event_rows": 1698, "rows": 16437, "runtime_s": 1.417308212025091, "status": "ran"}
{"case_id": "topanga-undisturbed-h49-ksat-minus-b575fde4a28c", "event_rows": 1698, "rows": 16437, "runtime_s": 1.4470389869529754, "status": "ran"}
{"case_id": "topanga-undisturbed-h48-ksat-plus-b575fde4a28c", "event_rows": 1636, "rows": 16437, "runtime_s": 1.4855961119756103, "status": "ran"}
{"case_id": "topanga-undisturbed-h5-ksat-plus-b575fde4a28c", "event_rows": 1860, "rows": 16437, "runtime_s": 1.6155868950299919, "status": "ran"}
{"case_id": "topanga-undisturbed-h5-ksat-minus-b575fde4a28c", "event_rows": 1860, "rows": 16437, "runtime_s": 1.5012144930660725, "status": "ran"}
{"case_id": "topanga-undisturbed-h49-ksat-plus-b575fde4a28c", "event_rows": 1698, "rows": 16437, "runtime_s": 1.4865212750155479, "status": "ran"}
{"case_id": "topanga-undisturbed-h49-cover-minus-b575fde4a28c", "event_rows": 1698, "rows": 16437, "runtime_s": 1.5024467462208122, "status": "ran"}
{"case_id": "topanga-undisturbed-h50-cover-minus-b575fde4a28c", "event_rows": 1700, "rows": 16437, "runtime_s": 1.4912821459583938, "status": "ran"}
{"case_id": "topanga-undisturbed-h52-cover-minus-b575fde4a28c", "event_rows": 1676, "rows": 16437, "runtime_s": 1.387792140012607, "status": "ran"}
{"case_id": "topanga-undisturbed-h51-cover-plus-b575fde4a28c", "event_rows": 1689, "rows": 16437, "runtime_s": 1.4555664928629994, "status": "ran"}
{"case_id": "topanga-undisturbed-h50-ksat-minus-b575fde4a28c", "event_rows": 1700, "rows": 16437, "runtime_s": 1.481016824953258, "status": "ran"}
{"case_id": "topanga-undisturbed-h51-ksat-minus-b575fde4a28c", "event_rows": 1689, "rows": 16437, "runtime_s": 1.4679893439169973, "status": "ran"}
{"case_id": "topanga-undisturbed-h51-cover-minus-b575fde4a28c", "event_rows": 1689, "rows": 16437, "runtime_s": 1.4836294429842383, "status": "ran"}
{"case_id": "topanga-undisturbed-h50-cover-plus-b575fde4a28c", "event_rows": 1700, "rows": 16437, "runtime_s": 1.476209158077836, "status": "ran"}
{"case_id": "topanga-undisturbed-h51-ksat-plus-b575fde4a28c", "event_rows": 1689, "rows": 16437, "runtime_s": 1.615896409144625, "status": "ran"}
{"case_id": "topanga-undisturbed-h50-ksat-plus-b575fde4a28c", "event_rows": 1700, "rows": 16437, "runtime_s": 1.4729009279981256, "status": "ran"}
{"case_id": "topanga-undisturbed-h52-ksat-minus-b575fde4a28c", "event_rows": 1677, "rows": 16437, "runtime_s": 1.394812393002212, "status": "ran"}
{"case_id": "topanga-undisturbed-h52-cover-plus-b575fde4a28c", "event_rows": 1676, "rows": 16437, "runtime_s": 1.4640397739131004, "status": "ran"}
{"case_id": "topanga-undisturbed-h52-ksat-plus-b575fde4a28c", "event_rows": 1676, "rows": 16437, "runtime_s": 1.4483790008816868, "status": "ran"}
{"case_id": "topanga-undisturbed-h53-ksat-plus-b575fde4a28c", "event_rows": 1658, "rows": 16437, "runtime_s": 1.5096005098894238, "status": "ran"}
{"case_id": "topanga-undisturbed-h54-cover-minus-b575fde4a28c", "event_rows": 1700, "rows": 16437, "runtime_s": 1.5378583041019738, "status": "ran"}
{"case_id": "topanga-undisturbed-h53-cover-minus-b575fde4a28c", "event_rows": 1658, "rows": 16437, "runtime_s": 1.544507429935038, "status": "ran"}
{"case_id": "topanga-undisturbed-h53-ksat-minus-b575fde4a28c", "event_rows": 1659, "rows": 16437, "runtime_s": 1.5426359709817916, "status": "ran"}
{"case_id": "topanga-undisturbed-h53-cover-plus-b575fde4a28c", "event_rows": 1658, "rows": 16437, "runtime_s": 1.5666800981853157, "status": "ran"}
{"case_id": "topanga-undisturbed-h56-cover-minus-b575fde4a28c", "event_rows": 1692, "rows": 16437, "runtime_s": 1.3944924930110574, "status": "ran"}
{"case_id": "topanga-undisturbed-h55-ksat-plus-b575fde4a28c", "event_rows": 1702, "rows": 16437, "runtime_s": 1.4815731840208173, "status": "ran"}
{"case_id": "topanga-undisturbed-h54-ksat-minus-b575fde4a28c", "event_rows": 1700, "rows": 16437, "runtime_s": 1.4775441389065236, "status": "ran"}
{"case_id": "topanga-undisturbed-h55-ksat-minus-b575fde4a28c", "event_rows": 1702, "rows": 16437, "runtime_s": 1.4677276050206274, "status": "ran"}
{"case_id": "topanga-undisturbed-h54-cover-plus-b575fde4a28c", "event_rows": 1700, "rows": 16437, "runtime_s": 1.4879303420893848, "status": "ran"}
{"case_id": "topanga-undisturbed-h54-ksat-plus-b575fde4a28c", "event_rows": 1700, "rows": 16437, "runtime_s": 1.4564242148771882, "status": "ran"}
{"case_id": "topanga-undisturbed-h55-cover-plus-b575fde4a28c", "event_rows": 1702, "rows": 16437, "runtime_s": 1.9023502639029175, "status": "ran"}
{"case_id": "topanga-undisturbed-h55-cover-minus-b575fde4a28c", "event_rows": 1702, "rows": 16437, "runtime_s": 1.9258321831002831, "status": "ran"}
{"case_id": "topanga-undisturbed-h56-cover-plus-b575fde4a28c", "event_rows": 1692, "rows": 16437, "runtime_s": 1.4457511259242892, "status": "ran"}
{"case_id": "topanga-undisturbed-h57-ksat-minus-b575fde4a28c", "event_rows": 1693, "rows": 16437, "runtime_s": 1.4742398948874325, "status": "ran"}
{"case_id": "topanga-undisturbed-h57-cover-plus-b575fde4a28c", "event_rows": 1693, "rows": 16437, "runtime_s": 1.5058775839861482, "status": "ran"}
{"case_id": "topanga-undisturbed-h58-cover-minus-b575fde4a28c", "event_rows": 1695, "rows": 16437, "runtime_s": 1.5205186719540507, "status": "ran"}
{"case_id": "topanga-undisturbed-h56-ksat-plus-b575fde4a28c", "event_rows": 1692, "rows": 16437, "runtime_s": 1.4592831190675497, "status": "ran"}
{"case_id": "topanga-undisturbed-h57-cover-minus-b575fde4a28c", "event_rows": 1693, "rows": 16437, "runtime_s": 1.487035867990926, "status": "ran"}
{"case_id": "topanga-undisturbed-h56-ksat-minus-b575fde4a28c", "event_rows": 1692, "rows": 16437, "runtime_s": 1.4948222590610385, "status": "ran"}
{"case_id": "topanga-undisturbed-h57-ksat-plus-b575fde4a28c", "event_rows": 1693, "rows": 16437, "runtime_s": 1.4884827081114054, "status": "ran"}
{"case_id": "topanga-undisturbed-h58-ksat-plus-b575fde4a28c", "event_rows": 1695, "rows": 16437, "runtime_s": 1.4837615019641817, "status": "ran"}
{"case_id": "topanga-undisturbed-h58-ksat-minus-b575fde4a28c", "event_rows": 1695, "rows": 16437, "runtime_s": 1.5345824069809169, "status": "ran"}
{"case_id": "topanga-undisturbed-h6-ksat-minus-b575fde4a28c", "event_rows": 1864, "rows": 16437, "runtime_s": 1.5310012809932232, "status": "ran"}
{"case_id": "topanga-undisturbed-h59-ksat-minus-b575fde4a28c", "event_rows": 1683, "rows": 16437, "runtime_s": 1.5612097540870309, "status": "ran"}
{"case_id": "topanga-undisturbed-h59-cover-minus-b575fde4a28c", "event_rows": 1683, "rows": 16437, "runtime_s": 1.5604344171006233, "status": "ran"}
{"case_id": "topanga-undisturbed-h58-cover-plus-b575fde4a28c", "event_rows": 1695, "rows": 16437, "runtime_s": 1.5614011210855097, "status": "ran"}
{"case_id": "topanga-undisturbed-h59-cover-plus-b575fde4a28c", "event_rows": 1683, "rows": 16437, "runtime_s": 1.5757491670083255, "status": "ran"}
{"case_id": "topanga-undisturbed-h59-ksat-plus-b575fde4a28c", "event_rows": 1683, "rows": 16437, "runtime_s": 1.6342658589128405, "status": "ran"}
{"case_id": "topanga-undisturbed-h60-cover-minus-b575fde4a28c", "event_rows": 1668, "rows": 16437, "runtime_s": 1.460550667019561, "status": "ran"}
{"case_id": "topanga-undisturbed-h60-ksat-minus-b575fde4a28c", "event_rows": 1668, "rows": 16437, "runtime_s": 1.5104482928290963, "status": "ran"}
{"case_id": "topanga-undisturbed-h6-ksat-plus-b575fde4a28c", "event_rows": 1864, "rows": 16437, "runtime_s": 1.570413620909676, "status": "ran"}
{"case_id": "topanga-undisturbed-h61-ksat-minus-b575fde4a28c", "event_rows": 1671, "rows": 16437, "runtime_s": 1.5177306931000203, "status": "ran"}
{"case_id": "topanga-undisturbed-h60-cover-plus-b575fde4a28c", "event_rows": 1668, "rows": 16437, "runtime_s": 1.5247588318306953, "status": "ran"}
{"case_id": "topanga-undisturbed-h61-cover-minus-b575fde4a28c", "event_rows": 1671, "rows": 16437, "runtime_s": 1.513607497094199, "status": "ran"}
{"case_id": "topanga-undisturbed-h61-cover-plus-b575fde4a28c", "event_rows": 1671, "rows": 16437, "runtime_s": 1.5241993728559464, "status": "ran"}
{"case_id": "topanga-undisturbed-h60-ksat-plus-b575fde4a28c", "event_rows": 1668, "rows": 16437, "runtime_s": 1.5249824188649654, "status": "ran"}
{"case_id": "topanga-undisturbed-h61-ksat-plus-b575fde4a28c", "event_rows": 1670, "rows": 16437, "runtime_s": 1.4848345799837261, "status": "ran"}
{"case_id": "topanga-undisturbed-h63-cover-minus-b575fde4a28c", "event_rows": 1680, "rows": 16437, "runtime_s": 1.5090675600804389, "status": "ran"}
{"case_id": "topanga-undisturbed-h62-cover-plus-b575fde4a28c", "event_rows": 1688, "rows": 16437, "runtime_s": 1.5136330781970173, "status": "ran"}
{"case_id": "topanga-undisturbed-h62-ksat-plus-b575fde4a28c", "event_rows": 1688, "rows": 16437, "runtime_s": 1.6228506888728589, "status": "ran"}
{"case_id": "topanga-undisturbed-h63-ksat-minus-b575fde4a28c", "event_rows": 1680, "rows": 16437, "runtime_s": 1.5858401078730822, "status": "ran"}
{"case_id": "topanga-undisturbed-h62-cover-minus-b575fde4a28c", "event_rows": 1688, "rows": 16437, "runtime_s": 1.5851950000505894, "status": "ran"}
{"case_id": "topanga-undisturbed-h62-ksat-minus-b575fde4a28c", "event_rows": 1688, "rows": 16437, "runtime_s": 1.6247305511496961, "status": "ran"}
{"case_id": "topanga-undisturbed-h63-cover-plus-b575fde4a28c", "event_rows": 1680, "rows": 16437, "runtime_s": 1.6305396989919245, "status": "ran"}
{"case_id": "topanga-undisturbed-h63-ksat-plus-b575fde4a28c", "event_rows": 1680, "rows": 16437, "runtime_s": 1.4935649090912193, "status": "ran"}
{"case_id": "topanga-undisturbed-h64-ksat-minus-b575fde4a28c", "event_rows": 1703, "rows": 16437, "runtime_s": 1.5329858821351081, "status": "ran"}
{"case_id": "topanga-undisturbed-h65-ksat-minus-b575fde4a28c", "event_rows": 1665, "rows": 16437, "runtime_s": 1.4830031178425997, "status": "ran"}
{"case_id": "topanga-undisturbed-h64-ksat-plus-b575fde4a28c", "event_rows": 1703, "rows": 16437, "runtime_s": 1.599950164090842, "status": "ran"}
{"case_id": "topanga-undisturbed-h65-cover-minus-b575fde4a28c", "event_rows": 1665, "rows": 16437, "runtime_s": 1.5245255350600928, "status": "ran"}
{"case_id": "topanga-undisturbed-h64-cover-minus-b575fde4a28c", "event_rows": 1703, "rows": 16437, "runtime_s": 1.5563187741208822, "status": "ran"}
{"case_id": "topanga-undisturbed-h65-cover-plus-b575fde4a28c", "event_rows": 1665, "rows": 16437, "runtime_s": 1.5290717598982155, "status": "ran"}
{"case_id": "topanga-undisturbed-h64-cover-plus-b575fde4a28c", "event_rows": 1703, "rows": 16437, "runtime_s": 1.5093742290046066, "status": "ran"}
{"case_id": "topanga-undisturbed-h66-cover-minus-b575fde4a28c", "event_rows": 1696, "rows": 16437, "runtime_s": 1.4705498029943556, "status": "ran"}
{"case_id": "topanga-undisturbed-h66-ksat-minus-b575fde4a28c", "event_rows": 1696, "rows": 16437, "runtime_s": 1.5349149152170867, "status": "ran"}
{"case_id": "topanga-undisturbed-h66-cover-plus-b575fde4a28c", "event_rows": 1696, "rows": 16437, "runtime_s": 1.5055037529673427, "status": "ran"}
{"case_id": "topanga-undisturbed-h67-cover-plus-b575fde4a28c", "event_rows": 1673, "rows": 16437, "runtime_s": 1.485694884089753, "status": "ran"}
{"case_id": "topanga-undisturbed-h65-ksat-plus-b575fde4a28c", "event_rows": 1664, "rows": 16437, "runtime_s": 1.5824332879856229, "status": "ran"}
{"case_id": "topanga-undisturbed-h67-cover-minus-b575fde4a28c", "event_rows": 1673, "rows": 16437, "runtime_s": 1.5329170720651746, "status": "ran"}
{"case_id": "topanga-undisturbed-h67-ksat-minus-b575fde4a28c", "event_rows": 1673, "rows": 16437, "runtime_s": 1.4797040119301528, "status": "ran"}
{"case_id": "topanga-undisturbed-h66-ksat-plus-b575fde4a28c", "event_rows": 1696, "rows": 16437, "runtime_s": 1.9436514310073107, "status": "ran"}
{"case_id": "topanga-undisturbed-h68-ksat-plus-b575fde4a28c", "event_rows": 1681, "rows": 16437, "runtime_s": 1.4508284649346024, "status": "ran"}
{"case_id": "topanga-undisturbed-h67-ksat-plus-b575fde4a28c", "event_rows": 1673, "rows": 16437, "runtime_s": 1.5540124820545316, "status": "ran"}
{"case_id": "topanga-undisturbed-h69-cover-plus-b575fde4a28c", "event_rows": 1698, "rows": 16437, "runtime_s": 1.5070922619197518, "status": "ran"}
{"case_id": "topanga-undisturbed-h68-cover-minus-b575fde4a28c", "event_rows": 1681, "rows": 16437, "runtime_s": 1.4885835819877684, "status": "ran"}
{"case_id": "topanga-undisturbed-h68-ksat-minus-b575fde4a28c", "event_rows": 1681, "rows": 16437, "runtime_s": 1.5175776730757207, "status": "ran"}
{"case_id": "topanga-undisturbed-h68-cover-plus-b575fde4a28c", "event_rows": 1681, "rows": 16437, "runtime_s": 1.54317991505377, "status": "ran"}
{"case_id": "topanga-undisturbed-h69-cover-minus-b575fde4a28c", "event_rows": 1698, "rows": 16437, "runtime_s": 1.5299380328506231, "status": "ran"}
{"case_id": "topanga-undisturbed-h69-ksat-minus-b575fde4a28c", "event_rows": 1698, "rows": 16437, "runtime_s": 1.7193731379229575, "status": "ran"}
{"case_id": "topanga-undisturbed-h70-cover-plus-b575fde4a28c", "event_rows": 1646, "rows": 16437, "runtime_s": 1.464537890162319, "status": "ran"}
{"case_id": "topanga-undisturbed-h69-ksat-plus-b575fde4a28c", "event_rows": 1698, "rows": 16437, "runtime_s": 1.4874794071074575, "status": "ran"}
{"case_id": "topanga-undisturbed-h70-cover-minus-b575fde4a28c", "event_rows": 1646, "rows": 16437, "runtime_s": 1.465311454841867, "status": "ran"}
{"case_id": "topanga-undisturbed-h7-ksat-minus-b575fde4a28c", "event_rows": 1643, "rows": 16437, "runtime_s": 1.5734343680087477, "status": "ran"}
{"case_id": "topanga-undisturbed-h7-ksat-plus-b575fde4a28c", "event_rows": 1643, "rows": 16437, "runtime_s": 1.5285439679864794, "status": "ran"}
{"case_id": "topanga-undisturbed-h7-cover-minus-b575fde4a28c", "event_rows": 1643, "rows": 16437, "runtime_s": 1.5423255870118737, "status": "ran"}
{"case_id": "topanga-undisturbed-h7-cover-plus-b575fde4a28c", "event_rows": 1643, "rows": 16437, "runtime_s": 1.5530177021864802, "status": "ran"}
{"case_id": "topanga-undisturbed-h70-ksat-minus-b575fde4a28c", "event_rows": 1646, "rows": 16437, "runtime_s": 1.5491138079669327, "status": "ran"}
{"case_id": "topanga-undisturbed-h71-cover-minus-b575fde4a28c", "event_rows": 1693, "rows": 16437, "runtime_s": 1.4329318241216242, "status": "ran"}
{"case_id": "topanga-undisturbed-h71-ksat-minus-b575fde4a28c", "event_rows": 1693, "rows": 16437, "runtime_s": 1.489029526943341, "status": "ran"}
{"case_id": "topanga-undisturbed-h70-ksat-plus-b575fde4a28c", "event_rows": 1646, "rows": 16437, "runtime_s": 1.4792012791149318, "status": "ran"}
{"case_id": "topanga-undisturbed-h72-cover-plus-b575fde4a28c", "event_rows": 1699, "rows": 16437, "runtime_s": 1.478146290872246, "status": "ran"}
{"case_id": "topanga-undisturbed-h72-cover-minus-b575fde4a28c", "event_rows": 1699, "rows": 16437, "runtime_s": 1.5495224329642951, "status": "ran"}
{"case_id": "topanga-undisturbed-h71-cover-plus-b575fde4a28c", "event_rows": 1693, "rows": 16437, "runtime_s": 1.486975871026516, "status": "ran"}
{"case_id": "topanga-undisturbed-h72-ksat-minus-b575fde4a28c", "event_rows": 1699, "rows": 16437, "runtime_s": 1.4973202128894627, "status": "ran"}
{"case_id": "topanga-undisturbed-h71-ksat-plus-b575fde4a28c", "event_rows": 1693, "rows": 16437, "runtime_s": 1.4899611538276076, "status": "ran"}
{"case_id": "topanga-undisturbed-h74-cover-plus-b575fde4a28c", "event_rows": 1670, "rows": 16437, "runtime_s": 1.4192729969508946, "status": "ran"}
{"case_id": "topanga-undisturbed-h73-cover-minus-b575fde4a28c", "event_rows": 1681, "rows": 16437, "runtime_s": 1.4406451880931854, "status": "ran"}
{"case_id": "topanga-undisturbed-h74-cover-minus-b575fde4a28c", "event_rows": 1670, "rows": 16437, "runtime_s": 1.4886645309161395, "status": "ran"}
{"case_id": "topanga-undisturbed-h72-ksat-plus-b575fde4a28c", "event_rows": 1699, "rows": 16437, "runtime_s": 1.5399898479226977, "status": "ran"}
{"case_id": "topanga-undisturbed-h74-ksat-minus-b575fde4a28c", "event_rows": 1670, "rows": 16437, "runtime_s": 1.4887988069094718, "status": "ran"}
{"case_id": "topanga-undisturbed-h73-ksat-plus-b575fde4a28c", "event_rows": 1681, "rows": 16437, "runtime_s": 1.5112571169156581, "status": "ran"}
{"case_id": "topanga-undisturbed-h73-ksat-minus-b575fde4a28c", "event_rows": 1681, "rows": 16437, "runtime_s": 1.5614220339339226, "status": "ran"}
{"case_id": "topanga-undisturbed-h73-cover-plus-b575fde4a28c", "event_rows": 1681, "rows": 16437, "runtime_s": 1.504594375146553, "status": "ran"}
{"case_id": "topanga-undisturbed-h75-ksat-minus-b575fde4a28c", "event_rows": 1688, "rows": 16437, "runtime_s": 1.427715775091201, "status": "ran"}
{"case_id": "topanga-undisturbed-h74-ksat-plus-b575fde4a28c", "event_rows": 1670, "rows": 16437, "runtime_s": 1.4811704931780696, "status": "ran"}
{"case_id": "topanga-undisturbed-h75-cover-minus-b575fde4a28c", "event_rows": 1688, "rows": 16437, "runtime_s": 1.4856503428891301, "status": "ran"}
{"case_id": "topanga-undisturbed-h75-cover-plus-b575fde4a28c", "event_rows": 1688, "rows": 16437, "runtime_s": 1.4848667120095342, "status": "ran"}
{"case_id": "topanga-undisturbed-h76-cover-minus-b575fde4a28c", "event_rows": 1694, "rows": 16437, "runtime_s": 1.510649612173438, "status": "ran"}
{"case_id": "topanga-undisturbed-h75-ksat-plus-b575fde4a28c", "event_rows": 1688, "rows": 16437, "runtime_s": 1.4877295577898622, "status": "ran"}
{"case_id": "topanga-undisturbed-h76-ksat-minus-b575fde4a28c", "event_rows": 1694, "rows": 16437, "runtime_s": 1.4645005529746413, "status": "ran"}
{"case_id": "topanga-undisturbed-h76-cover-plus-b575fde4a28c", "event_rows": 1694, "rows": 16437, "runtime_s": 1.5457814130932093, "status": "ran"}
{"case_id": "topanga-undisturbed-h77-ksat-plus-b575fde4a28c", "event_rows": 1710, "rows": 16437, "runtime_s": 1.4120752909220755, "status": "ran"}
{"case_id": "topanga-undisturbed-h77-cover-minus-b575fde4a28c", "event_rows": 1710, "rows": 16437, "runtime_s": 1.4616453140042722, "status": "ran"}
{"case_id": "topanga-undisturbed-h78-cover-plus-b575fde4a28c", "event_rows": 1682, "rows": 16437, "runtime_s": 1.504710955079645, "status": "ran"}
{"case_id": "topanga-undisturbed-h78-cover-minus-b575fde4a28c", "event_rows": 1682, "rows": 16437, "runtime_s": 1.5282817299012095, "status": "ran"}
{"case_id": "topanga-undisturbed-h78-ksat-minus-b575fde4a28c", "event_rows": 1682, "rows": 16437, "runtime_s": 1.4934104499407113, "status": "ran"}
{"case_id": "topanga-undisturbed-h76-ksat-plus-b575fde4a28c", "event_rows": 1694, "rows": 16437, "runtime_s": 1.4816188209224492, "status": "ran"}
{"case_id": "topanga-undisturbed-h77-cover-plus-b575fde4a28c", "event_rows": 1710, "rows": 16437, "runtime_s": 1.4991640918888152, "status": "ran"}
{"case_id": "topanga-undisturbed-h77-ksat-minus-b575fde4a28c", "event_rows": 1710, "rows": 16437, "runtime_s": 1.4962282690685242, "status": "ran"}
{"case_id": "topanga-undisturbed-h78-ksat-plus-b575fde4a28c", "event_rows": 1682, "rows": 16437, "runtime_s": 1.4453467649873346, "status": "ran"}
{"case_id": "topanga-undisturbed-h8-cover-minus-b575fde4a28c", "event_rows": 1653, "rows": 16437, "runtime_s": 1.4289419311098754, "status": "ran"}
{"case_id": "topanga-undisturbed-h79-ksat-minus-b575fde4a28c", "event_rows": 1687, "rows": 16437, "runtime_s": 1.5011812208686024, "status": "ran"}
{"case_id": "topanga-undisturbed-h79-ksat-plus-b575fde4a28c", "event_rows": 1687, "rows": 16437, "runtime_s": 1.493237097049132, "status": "ran"}
{"case_id": "topanga-undisturbed-h8-cover-plus-b575fde4a28c", "event_rows": 1653, "rows": 16437, "runtime_s": 1.4873555181548, "status": "ran"}
{"case_id": "topanga-undisturbed-h8-ksat-minus-b575fde4a28c", "event_rows": 1653, "rows": 16437, "runtime_s": 1.5976822939701378, "status": "ran"}
{"case_id": "topanga-undisturbed-h79-cover-plus-b575fde4a28c", "event_rows": 1687, "rows": 16437, "runtime_s": 1.6649702151771635, "status": "ran"}
{"case_id": "topanga-undisturbed-h79-cover-minus-b575fde4a28c", "event_rows": 1687, "rows": 16437, "runtime_s": 1.6191667451057583, "status": "ran"}
{"case_id": "topanga-undisturbed-h80-cover-minus-b575fde4a28c", "event_rows": 1681, "rows": 16437, "runtime_s": 1.5204379130154848, "status": "ran"}
{"case_id": "topanga-undisturbed-h8-ksat-plus-b575fde4a28c", "event_rows": 1653, "rows": 16437, "runtime_s": 1.4781288639642298, "status": "ran"}
{"case_id": "topanga-undisturbed-h81-ksat-minus-b575fde4a28c", "event_rows": 1690, "rows": 16437, "runtime_s": 1.5057511809282005, "status": "ran"}
{"case_id": "topanga-undisturbed-h80-ksat-plus-b575fde4a28c", "event_rows": 1681, "rows": 16437, "runtime_s": 1.5487894779071212, "status": "ran"}
{"case_id": "topanga-undisturbed-h81-cover-minus-b575fde4a28c", "event_rows": 1690, "rows": 16437, "runtime_s": 1.5246602518018335, "status": "ran"}
{"case_id": "topanga-undisturbed-h80-ksat-minus-b575fde4a28c", "event_rows": 1681, "rows": 16437, "runtime_s": 1.631817054003477, "status": "ran"}
{"case_id": "topanga-undisturbed-h81-cover-plus-b575fde4a28c", "event_rows": 1690, "rows": 16437, "runtime_s": 1.5097758120391518, "status": "ran"}
{"case_id": "topanga-undisturbed-h80-cover-plus-b575fde4a28c", "event_rows": 1681, "rows": 16437, "runtime_s": 1.4559064880013466, "status": "ran"}
{"case_id": "topanga-undisturbed-h81-ksat-plus-b575fde4a28c", "event_rows": 1690, "rows": 16437, "runtime_s": 1.4435117240063846, "status": "ran"}
{"case_id": "topanga-undisturbed-h82-cover-plus-b575fde4a28c", "event_rows": 1685, "rows": 16437, "runtime_s": 1.519397584022954, "status": "ran"}
{"case_id": "topanga-undisturbed-h82-ksat-plus-b575fde4a28c", "event_rows": 1685, "rows": 16437, "runtime_s": 1.5499677029438317, "status": "ran"}
{"case_id": "topanga-undisturbed-h83-ksat-minus-b575fde4a28c", "event_rows": 1670, "rows": 16437, "runtime_s": 1.5623385470826179, "status": "ran"}
{"case_id": "topanga-undisturbed-h83-cover-plus-b575fde4a28c", "event_rows": 1670, "rows": 16437, "runtime_s": 1.5940207717940211, "status": "ran"}
{"case_id": "topanga-undisturbed-h82-ksat-minus-b575fde4a28c", "event_rows": 1685, "rows": 16437, "runtime_s": 1.5308909360319376, "status": "ran"}
{"case_id": "topanga-undisturbed-h83-cover-minus-b575fde4a28c", "event_rows": 1670, "rows": 16437, "runtime_s": 1.526509037008509, "status": "ran"}
{"case_id": "topanga-undisturbed-h82-cover-minus-b575fde4a28c", "event_rows": 1685, "rows": 16437, "runtime_s": 1.5614025029353797, "status": "ran"}
{"case_id": "topanga-undisturbed-h83-ksat-plus-b575fde4a28c", "event_rows": 1670, "rows": 16437, "runtime_s": 1.5691290160175413, "status": "ran"}
{"case_id": "topanga-undisturbed-h85-cover-plus-b575fde4a28c", "event_rows": 1663, "rows": 16437, "runtime_s": 1.4728686090093106, "status": "ran"}
{"case_id": "topanga-undisturbed-h84-cover-minus-b575fde4a28c", "event_rows": 1685, "rows": 16437, "runtime_s": 1.520383195951581, "status": "ran"}
{"case_id": "topanga-undisturbed-h84-cover-plus-b575fde4a28c", "event_rows": 1685, "rows": 16437, "runtime_s": 1.554599308874458, "status": "ran"}
{"case_id": "topanga-undisturbed-h84-ksat-minus-b575fde4a28c", "event_rows": 1686, "rows": 16437, "runtime_s": 1.612389744957909, "status": "ran"}
{"case_id": "topanga-undisturbed-h84-ksat-plus-b575fde4a28c", "event_rows": 1685, "rows": 16437, "runtime_s": 1.5388389099389315, "status": "ran"}
{"case_id": "topanga-undisturbed-h85-cover-minus-b575fde4a28c", "event_rows": 1663, "rows": 16437, "runtime_s": 1.531127192080021, "status": "ran"}
{"case_id": "topanga-undisturbed-h85-ksat-minus-b575fde4a28c", "event_rows": 1664, "rows": 16437, "runtime_s": 1.5432260630186647, "status": "ran"}
{"case_id": "topanga-undisturbed-h85-ksat-plus-b575fde4a28c", "event_rows": 1663, "rows": 16437, "runtime_s": 1.4090041269082576, "status": "ran"}
{"case_id": "topanga-undisturbed-h86-ksat-plus-b575fde4a28c", "event_rows": 1712, "rows": 16437, "runtime_s": 1.4490763719659299, "status": "ran"}
{"case_id": "topanga-undisturbed-h86-cover-minus-b575fde4a28c", "event_rows": 1712, "rows": 16437, "runtime_s": 1.5106907449662685, "status": "ran"}
{"case_id": "topanga-undisturbed-h86-ksat-minus-b575fde4a28c", "event_rows": 1712, "rows": 16437, "runtime_s": 1.479848810005933, "status": "ran"}
{"case_id": "topanga-undisturbed-h87-cover-minus-b575fde4a28c", "event_rows": 1718, "rows": 16437, "runtime_s": 1.4464630200527608, "status": "ran"}
{"case_id": "topanga-undisturbed-h87-cover-plus-b575fde4a28c", "event_rows": 1718, "rows": 16437, "runtime_s": 1.6511097671464086, "status": "ran"}
{"case_id": "topanga-undisturbed-h87-ksat-minus-b575fde4a28c", "event_rows": 1718, "rows": 16437, "runtime_s": 1.5728012800682336, "status": "ran"}
{"case_id": "topanga-undisturbed-h86-cover-plus-b575fde4a28c", "event_rows": 1712, "rows": 16437, "runtime_s": 1.512679933104664, "status": "ran"}
{"case_id": "topanga-undisturbed-h87-ksat-plus-b575fde4a28c", "event_rows": 1718, "rows": 16437, "runtime_s": 1.498152774060145, "status": "ran"}
{"case_id": "topanga-undisturbed-h88-ksat-plus-b575fde4a28c", "event_rows": 1660, "rows": 16437, "runtime_s": 1.4461485440842807, "status": "ran"}
{"case_id": "topanga-undisturbed-h88-cover-minus-b575fde4a28c", "event_rows": 1660, "rows": 16437, "runtime_s": 1.5251226958353072, "status": "ran"}
{"case_id": "topanga-undisturbed-h88-ksat-minus-b575fde4a28c", "event_rows": 1660, "rows": 16437, "runtime_s": 1.4685562239028513, "status": "ran"}
{"case_id": "topanga-undisturbed-h89-cover-plus-b575fde4a28c", "event_rows": 1672, "rows": 16437, "runtime_s": 1.4981720938812941, "status": "ran"}
{"case_id": "topanga-undisturbed-h89-ksat-minus-b575fde4a28c", "event_rows": 1672, "rows": 16437, "runtime_s": 1.5355049690697342, "status": "ran"}
{"case_id": "topanga-undisturbed-h89-ksat-plus-b575fde4a28c", "event_rows": 1671, "rows": 16437, "runtime_s": 1.4585192787926644, "status": "ran"}
{"case_id": "topanga-undisturbed-h89-cover-minus-b575fde4a28c", "event_rows": 1672, "rows": 16437, "runtime_s": 1.5323291728273034, "status": "ran"}
{"case_id": "topanga-undisturbed-h88-cover-plus-b575fde4a28c", "event_rows": 1660, "rows": 16437, "runtime_s": 1.5506739800330251, "status": "ran"}
{"case_id": "topanga-undisturbed-h9-ksat-minus-b575fde4a28c", "event_rows": 1671, "rows": 16437, "runtime_s": 1.4650016580708325, "status": "ran"}
{"case_id": "topanga-undisturbed-h90-ksat-plus-b575fde4a28c", "event_rows": 1692, "rows": 16437, "runtime_s": 1.497851393185556, "status": "ran"}
{"case_id": "topanga-undisturbed-h90-cover-plus-b575fde4a28c", "event_rows": 1692, "rows": 16437, "runtime_s": 1.5198866119608283, "status": "ran"}
{"case_id": "topanga-undisturbed-h90-cover-minus-b575fde4a28c", "event_rows": 1692, "rows": 16437, "runtime_s": 1.5183246820233762, "status": "ran"}
{"case_id": "topanga-undisturbed-h90-ksat-minus-b575fde4a28c", "event_rows": 1692, "rows": 16437, "runtime_s": 1.5320379121694714, "status": "ran"}
{"case_id": "topanga-undisturbed-h9-cover-minus-b575fde4a28c", "event_rows": 1671, "rows": 16437, "runtime_s": 1.5340701488312334, "status": "ran"}
{"case_id": "topanga-undisturbed-h9-cover-plus-b575fde4a28c", "event_rows": 1671, "rows": 16437, "runtime_s": 1.5493684099055827, "status": "ran"}
{"case_id": "topanga-undisturbed-h9-ksat-plus-b575fde4a28c", "event_rows": 1671, "rows": 16437, "runtime_s": 1.8413328789174557, "status": "ran"}
{"case_id": "topanga-undisturbed-h91-cover-minus-b575fde4a28c", "event_rows": 1716, "rows": 16437, "runtime_s": 1.4931143580470234, "status": "ran"}
{"case_id": "topanga-undisturbed-h91-ksat-minus-b575fde4a28c", "event_rows": 1716, "rows": 16437, "runtime_s": 1.5313003859482706, "status": "ran"}
{"case_id": "topanga-undisturbed-h92-ksat-minus-b575fde4a28c", "event_rows": 1699, "rows": 16437, "runtime_s": 1.4709192998707294, "status": "ran"}
{"case_id": "topanga-undisturbed-h92-cover-minus-b575fde4a28c", "event_rows": 1699, "rows": 16437, "runtime_s": 1.55434150993824, "status": "ran"}
{"case_id": "topanga-undisturbed-h91-ksat-plus-b575fde4a28c", "event_rows": 1716, "rows": 16437, "runtime_s": 1.5161426069680601, "status": "ran"}
{"case_id": "topanga-undisturbed-h91-cover-plus-b575fde4a28c", "event_rows": 1716, "rows": 16437, "runtime_s": 1.5482206309679896, "status": "ran"}
{"case_id": "topanga-undisturbed-h92-ksat-plus-b575fde4a28c", "event_rows": 1699, "rows": 16437, "runtime_s": 1.557062165113166, "status": "ran"}
{"case_id": "topanga-undisturbed-h92-cover-plus-b575fde4a28c", "event_rows": 1699, "rows": 16437, "runtime_s": 1.5621112040244043, "status": "ran"}
{"case_id": "topanga-undisturbed-h94-ksat-plus-b575fde4a28c", "event_rows": 1705, "rows": 16437, "runtime_s": 1.4630625061690807, "status": "ran"}
{"case_id": "topanga-undisturbed-h94-ksat-minus-b575fde4a28c", "event_rows": 1705, "rows": 16437, "runtime_s": 1.4987051428761333, "status": "ran"}
{"case_id": "topanga-undisturbed-h93-cover-minus-b575fde4a28c", "event_rows": 1705, "rows": 16437, "runtime_s": 1.581009621033445, "status": "ran"}
{"case_id": "topanga-undisturbed-h94-cover-minus-b575fde4a28c", "event_rows": 1705, "rows": 16437, "runtime_s": 1.5046461538877338, "status": "ran"}
{"case_id": "topanga-undisturbed-h93-ksat-plus-b575fde4a28c", "event_rows": 1705, "rows": 16437, "runtime_s": 1.5662492089904845, "status": "ran"}
{"case_id": "topanga-undisturbed-h94-cover-plus-b575fde4a28c", "event_rows": 1705, "rows": 16437, "runtime_s": 1.5031309810001403, "status": "ran"}
{"case_id": "topanga-undisturbed-h93-cover-plus-b575fde4a28c", "event_rows": 1705, "rows": 16437, "runtime_s": 1.5806729579344392, "status": "ran"}
{"case_id": "topanga-undisturbed-h93-ksat-minus-b575fde4a28c", "event_rows": 1705, "rows": 16437, "runtime_s": 1.5739258942194283, "status": "ran"}
{"case_id": "topanga-undisturbed-h96-cover-plus-b575fde4a28c", "event_rows": 1717, "rows": 16437, "runtime_s": 1.4100646360311657, "status": "ran"}
{"case_id": "topanga-undisturbed-h96-cover-minus-b575fde4a28c", "event_rows": 1717, "rows": 16437, "runtime_s": 1.4495047361124307, "status": "ran"}
{"case_id": "topanga-undisturbed-h95-cover-plus-b575fde4a28c", "event_rows": 1735, "rows": 16437, "runtime_s": 1.4758552499115467, "status": "ran"}
{"case_id": "topanga-undisturbed-h95-ksat-minus-b575fde4a28c", "event_rows": 1735, "rows": 16437, "runtime_s": 1.4502994378563017, "status": "ran"}
{"case_id": "topanga-undisturbed-h96-ksat-minus-b575fde4a28c", "event_rows": 1717, "rows": 16437, "runtime_s": 1.482625279808417, "status": "ran"}
{"case_id": "topanga-undisturbed-h96-ksat-plus-b575fde4a28c", "event_rows": 1717, "rows": 16437, "runtime_s": 1.4597012989688665, "status": "ran"}
{"case_id": "topanga-undisturbed-h95-ksat-plus-b575fde4a28c", "event_rows": 1735, "rows": 16437, "runtime_s": 1.5140558360144496, "status": "ran"}
{"case_id": "topanga-undisturbed-h95-cover-minus-b575fde4a28c", "event_rows": 1735, "rows": 16437, "runtime_s": 1.508680110797286, "status": "ran"}
{"case_id": "topanga-undisturbed-h97-ksat-plus-b575fde4a28c", "event_rows": 1615, "rows": 16437, "runtime_s": 1.4431896610185504, "status": "ran"}
{"case_id": "topanga-undisturbed-h98-cover-minus-b575fde4a28c", "event_rows": 1724, "rows": 16437, "runtime_s": 1.586268317187205, "status": "ran"}
{"case_id": "topanga-undisturbed-h97-ksat-minus-b575fde4a28c", "event_rows": 1615, "rows": 16437, "runtime_s": 1.525663270847872, "status": "ran"}
{"case_id": "topanga-undisturbed-h98-cover-plus-b575fde4a28c", "event_rows": 1724, "rows": 16437, "runtime_s": 1.6030032120179385, "status": "ran"}
{"case_id": "topanga-undisturbed-h98-ksat-plus-b575fde4a28c", "event_rows": 1724, "rows": 16437, "runtime_s": 1.5028485129587352, "status": "ran"}
{"case_id": "topanga-undisturbed-h99-cover-plus-b575fde4a28c", "event_rows": 1706, "rows": 16437, "runtime_s": 1.5016540950164199, "status": "ran"}
{"case_id": "topanga-undisturbed-h98-ksat-minus-b575fde4a28c", "event_rows": 1724, "rows": 16437, "runtime_s": 1.5480869319289923, "status": "ran"}
{"case_id": "topanga-undisturbed-h99-cover-minus-b575fde4a28c", "event_rows": 1706, "rows": 16437, "runtime_s": 1.5637457261327654, "status": "ran"}
{"case_id": "topanga-undisturbed-h99-ksat-minus-b575fde4a28c", "event_rows": 1706, "rows": 16437, "runtime_s": 1.425297155044973, "status": "ran"}
{"case_id": "topanga-undisturbed-h99-ksat-plus-b575fde4a28c", "event_rows": 1706, "rows": 16437, "runtime_s": 1.4503547938074917, "status": "ran"}
{"event_pair_rows": 1913199, "finite_positive_peak_pairs": 1913158, "invalid_max_hour_fraction_count": 0, "max_abs_ratio_decomposition_relative_residual": 4.440892098500626e-16, "max_hour_fraction_ratio_max": 2.755595239734283, "max_hour_fraction_ratio_p99": 1.0000004332094452, "peak_ratio_max": 12965889426731.332, "peak_ratio_p99": 1.0000000000000002, "summary": "/home/workdir/openwepp-hourly-peak-topanga-census-20260809-v5/summary.json", "volume_within_5pct_peak_at_least_2x_count": 0, "zero_runoff_peak_topology_mismatch_count": 0}
