openWEPP Nix shell
  target:  /workdir/.cache/openwepp/targets/openWEPP-295c6e060aa9
  scratch: /tmp/openwepp-roger-openWEPP-295c6e060aa9
  cache:   /workdir/.cache/openwepp
warning: unused import: `v11_covered::physical_outcome_ledger::TerminalSnowSoilHeatReceiptV1`
   --> crates/openwepp-hillslope-orchestrator/src/v9_real_consumer_shadow.rs:101:16
    |
101 | pub(crate) use v11_covered::physical_outcome_ledger::TerminalSnowSoilHeatReceiptV1;
    |                ^^^^^^^^^^^^^^^^^^^^^^^^^^^^^^^^^^^^^^^^^^^^^^^^^^^^^^^^^^^^^^^^^^^
    |
    = note: `#[warn(unused_imports)]` (part of `#[warn(unused)]`) on by default

warning: unused imports: `ENERGY_ABSOLUTE_TOLERANCE_J_M2`, `MASS_ABSOLUTE_TOLERANCE_KG_M2`, and `RELATIVE_ERROR_TOLERANCE`
  --> crates/openwepp-hillslope-orchestrator/src/hydrology/support_helpers_mod/runoff_reconciliation/stage3_solver.rs:10:5
   |
10 |     ENERGY_ABSOLUTE_TOLERANCE_J_M2, MASS_ABSOLUTE_TOLERANCE_KG_M2,
   |     ^^^^^^^^^^^^^^^^^^^^^^^^^^^^^^  ^^^^^^^^^^^^^^^^^^^^^^^^^^^^^
11 |     RELATIVE_ERROR_TOLERANCE,
   |     ^^^^^^^^^^^^^^^^^^^^^^^^

warning: unused imports: `CoveredTerminalBatchCarrierCandidatesV2`, `CoveredTerminalBatchHydrologyJoinV2`, `CoveredTerminalBatchJoinedResultV2`, `CoveredTerminalBatchPrefixRequestV2`, `CoveredTerminalBatchProviderV2`, `CoveredTerminalBatchTrialProviderV2`, `CoveredTerminalBatchTrialRequestV2`, `CoveredTerminalBatchTrialResultV2`, `CoveredTerminalEndingSnowHintV1`, `CoveredTerminalLaneTrialStateV2`, `CoveredTerminalTrialProviderV1`, and `CoveredTerminalTrialRoleV1`
    --> crates/openwepp-hillslope-orchestrator/src/hydrology/03_kernel_support_00_support_helpers.rs:1470:5
     |
1470 |     CoveredTerminalBatchCarrierCandidatesV2, CoveredTerminalBatchHydrologyJoinV2,
     |     ^^^^^^^^^^^^^^^^^^^^^^^^^^^^^^^^^^^^^^^  ^^^^^^^^^^^^^^^^^^^^^^^^^^^^^^^^^^^
1471 |     CoveredTerminalBatchJoinedResultV2, CoveredTerminalBatchPrefixRequestV2,
     |     ^^^^^^^^^^^^^^^^^^^^^^^^^^^^^^^^^^  ^^^^^^^^^^^^^^^^^^^^^^^^^^^^^^^^^^^
1472 |     CoveredTerminalBatchProviderV2, CoveredTerminalBatchTrialProviderV2,
     |     ^^^^^^^^^^^^^^^^^^^^^^^^^^^^^^  ^^^^^^^^^^^^^^^^^^^^^^^^^^^^^^^^^^^
1473 |     CoveredTerminalBatchTrialRequestV2, CoveredTerminalBatchTrialResultV2,
     |     ^^^^^^^^^^^^^^^^^^^^^^^^^^^^^^^^^^  ^^^^^^^^^^^^^^^^^^^^^^^^^^^^^^^^^
1474 |     CoveredTerminalLaneTrialStateV2,
     |     ^^^^^^^^^^^^^^^^^^^^^^^^^^^^^^^
1475 |     CoveredTerminalEndingSnowHintV1, CoveredTerminalJointTrialStateV1,
     |     ^^^^^^^^^^^^^^^^^^^^^^^^^^^^^^^
1476 |     CoveredTerminalTrialProviderV1, JointTrialAuthorityV1, ProbeChildAuthorityV1,
     |     ^^^^^^^^^^^^^^^^^^^^^^^^^^^^^^
1477 |     CoveredTerminalTrialRequestV1, CoveredTerminalTrialRoleV1,
     |                                    ^^^^^^^^^^^^^^^^^^^^^^^^^^

warning: variable does not need to be mutable
   --> crates/openwepp-hillslope-orchestrator/src/hydrology/support_helpers_mod/runoff_reconciliation/stage3_solver/evaluation.rs:125:9
    |
125 |         mut layers: Vec<DirectSnowLayerState>,
    |         ----^^^^^^
    |         |
    |         help: remove this `mut`
    |
    = note: `#[warn(unused_mut)]` (part of `#[warn(unused)]`) on by default

warning: variable does not need to be mutable
   --> crates/openwepp-hillslope-orchestrator/src/hydrology/support_helpers_mod/runoff_reconciliation/stage3_solver/evaluation.rs:126:9
    |
126 |         mut cold_content_by_layer: Vec<f64>,
    |         ----^^^^^^^^^^^^^^^^^^^^^
    |         |
    |         help: remove this `mut`

warning: variable does not need to be mutable
   --> crates/openwepp-hillslope-orchestrator/src/hydrology/support_helpers_mod/runoff_reconciliation/stage3_solver/evaluation.rs:128:9
    |
128 |         mut terminal_detached_liquid_kg_m2: f64,
    |         ----^^^^^^^^^^^^^^^^^^^^^^^^^^^^^^
    |         |
    |         help: remove this `mut`

warning: method `solver_ready_tiles_with_authority` is never used
   --> crates/openwepp-hillslope-orchestrator/src/land_surface_energy_shadow/v8_input_projection.rs:517:19
    |
505 | impl ValidatedV8RuntimeInputProjection {
    | -------------------------------------- method in this implementation
...
517 |     pub(crate) fn solver_ready_tiles_with_authority(
    |                   ^^^^^^^^^^^^^^^^^^^^^^^^^^^^^^^^^
    |
    = note: `#[warn(dead_code)]` (part of `#[warn(unused)]`) on by default

warning: function `project_v8_runtime_inputs` is never used
    --> crates/openwepp-hillslope-orchestrator/src/land_surface_energy_shadow/v8_input_projection.rs:1243:15
     |
1243 | pub(crate) fn project_v8_runtime_inputs(
     |               ^^^^^^^^^^^^^^^^^^^^^^^^^

warning: function `evaluate_covered_terminal_candidate_v1` is never used
   --> crates/openwepp-hillslope-orchestrator/src/snow_stage3_v11_terminal_execution.rs:334:4
    |
334 | fn evaluate_covered_terminal_candidate_v1(
    |    ^^^^^^^^^^^^^^^^^^^^^^^^^^^^^^^^^^^^^^

warning: function `try_actual_terminal_subslab` is never used
   --> crates/openwepp-hillslope-orchestrator/src/snow_stage3_v11_terminal_execution.rs:628:4
    |
628 | fn try_actual_terminal_subslab(
    |    ^^^^^^^^^^^^^^^^^^^^^^^^^^^

warning: variant `Persistent` is never constructed
  --> crates/openwepp-hillslope-orchestrator/src/v11_covered/carrier_phase.rs:19:5
   |
18 | pub(crate) enum CoveredSnowBoundaryStateV1 {
   |                 -------------------------- variant in this enum
19 |     Persistent,
   |     ^^^^^^^^^^
   |
   = note: `CoveredSnowBoundaryStateV1` has derived impls for the traits `Debug` and `Clone`, but these are intentionally ignored during dead code analysis

warning: variant `Accepted` is never constructed
  --> crates/openwepp-hillslope-orchestrator/src/v11_covered/carrier_phase.rs:36:5
   |
34 | pub(crate) enum CoveredCarrierExecutionIdentityV1 {
   |                 --------------------------------- variant in this enum
35 |     Probe(CoveredProbeChildIdentityV1),
36 |     Accepted,
   |     ^^^^^^^^
   |
   = note: `CoveredCarrierExecutionIdentityV1` has derived impls for the traits `Debug` and `Clone`, but these are intentionally ignored during dead code analysis

warning: function `canonical_stage3_snow_owner_bytes_v11_with_receipts` is never used
   --> crates/openwepp-hillslope-orchestrator/src/v11_covered/owner_finalization.rs:638:15
    |
638 | pub(crate) fn canonical_stage3_snow_owner_bytes_v11_with_receipts(
    |               ^^^^^^^^^^^^^^^^^^^^^^^^^^^^^^^^^^^^^^^^^^^^^^^^^^^

warning: constant `SIGMA_W_M2_K4` is never used
  --> crates/openwepp-hillslope-orchestrator/src/direct_runtime/snow_stage3_shadow.rs:32:7
   |
32 | const SIGMA_W_M2_K4: f64 = 5.670_374_419e-8;
   |       ^^^^^^^^^^^^^

warning: constant `TERMINAL_TEMPERATURE_K` is never used
  --> crates/openwepp-hillslope-orchestrator/src/direct_runtime/snow_stage3_shadow.rs:33:7
   |
33 | const TERMINAL_TEMPERATURE_K: f64 = 273.15;
   |       ^^^^^^^^^^^^^^^^^^^^^^

warning: constant `TERMINAL_ENTHALPY_J_KG` is never used
  --> crates/openwepp-hillslope-orchestrator/src/direct_runtime/snow_stage3_shadow.rs:34:7
   |
34 | const TERMINAL_ENTHALPY_J_KG: f64 = 0.0;
   |       ^^^^^^^^^^^^^^^^^^^^^^

warning: constant `NS_PER_SECOND` is never used
  --> crates/openwepp-hillslope-orchestrator/src/direct_runtime/snow_stage3_shadow.rs:35:7
   |
35 | const NS_PER_SECOND: f64 = 1.0e9;
   |       ^^^^^^^^^^^^^

warning: constant `WATER_DENSITY_KG_M3` is never used
  --> crates/openwepp-hillslope-orchestrator/src/direct_runtime/snow_stage3_shadow.rs:36:7
   |
36 | const WATER_DENSITY_KG_M3: f64 = 1_000.0;
   |       ^^^^^^^^^^^^^^^^^^^

warning: methods `stage_after_live_day`, `commit_after_live_day`, `derive_shared_carrier`, `derive_terminal_event`, and `advance_remaining_surface_support` are never used
   --> crates/openwepp-hillslope-orchestrator/src/direct_runtime/snow_stage3_shadow.rs:207:19
    |
101 | impl DirectSnowStage3ShadowAttachment {
    | ------------------------------------- methods in this implementation
...
207 |     pub(crate) fn stage_after_live_day(
    |                   ^^^^^^^^^^^^^^^^^^^^
...
312 |     pub(crate) fn commit_after_live_day(
    |                   ^^^^^^^^^^^^^^^^^^^^^
...
345 |     fn derive_shared_carrier(
    |        ^^^^^^^^^^^^^^^^^^^^^
...
429 |     fn derive_terminal_event(
    |        ^^^^^^^^^^^^^^^^^^^^^
...
495 |     fn advance_remaining_surface_support(
    |        ^^^^^^^^^^^^^^^^^^^^^^^^^^^^^^^^^

warning: function `owner_set_after_sequential_consumers` is never used
   --> crates/openwepp-hillslope-orchestrator/src/direct_runtime/snow_stage3_shadow.rs:721:4
    |
721 | fn owner_set_after_sequential_consumers(
    |    ^^^^^^^^^^^^^^^^^^^^^^^^^^^^^^^^^^^^

warning: function `terminal_liquid_from_live_snow` is never used
   --> crates/openwepp-hillslope-orchestrator/src/direct_runtime/snow_stage3_shadow.rs:766:4
    |
766 | fn terminal_liquid_from_live_snow(day_frame: &DirectDayFrame) -> Result<f64, DirectRuntimeError> {
    |    ^^^^^^^^^^^^^^^^^^^^^^^^^^^^^^

warning: function `snow_depth_to_mass` is never used
   --> crates/openwepp-hillslope-orchestrator/src/direct_runtime/snow_stage3_shadow.rs:789:4
    |
789 | fn snow_depth_to_mass(value: f64, field: &'static str) -> Result<f64, DirectRuntimeError> {
    |    ^^^^^^^^^^^^^^^^^^

warning: function `nonnegative_live` is never used
   --> crates/openwepp-hillslope-orchestrator/src/direct_runtime/snow_stage3_shadow.rs:800:4
    |
800 | fn nonnegative_live(value: f64, field: &'static str) -> Result<f64, DirectRuntimeError> {
    |    ^^^^^^^^^^^^^^^^

warning: function `surface_liquid_runtime_error` is never used
   --> crates/openwepp-hillslope-orchestrator/src/direct_runtime/snow_stage3_shadow.rs:819:4
    |
819 | fn surface_liquid_runtime_error(
    |    ^^^^^^^^^^^^^^^^^^^^^^^^^^^^

warning: function `ordered_receipt_set_sha256` is never used
   --> crates/openwepp-hillslope-orchestrator/src/direct_runtime/surface_liquid_ingress_coordinator.rs:141:4
    |
141 | fn ordered_receipt_set_sha256<'a>(
    |    ^^^^^^^^^^^^^^^^^^^^^^^^^^

warning: function `execute_surface_liquid_ingress_with_parent_finalization` is never used
   --> crates/openwepp-hillslope-orchestrator/src/direct_runtime/surface_liquid_ingress.rs:871:15
    |
871 | pub(crate) fn execute_surface_liquid_ingress_with_parent_finalization(
    |               ^^^^^^^^^^^^^^^^^^^^^^^^^^^^^^^^^^^^^^^^^^^^^^^^^^^^^^^

warning: function `execute_surface_liquid_ingress_with_parent_state` is never used
   --> crates/openwepp-hillslope-orchestrator/src/direct_runtime/surface_liquid_ingress.rs:886:15
    |
886 | pub(crate) fn execute_surface_liquid_ingress_with_parent_state(
    |               ^^^^^^^^^^^^^^^^^^^^^^^^^^^^^^^^^^^^^^^^^^^^^^^^

warning: fields `duration_s`, `proposed_next_duration_s`, `components`, `scaled_error`, and `rejected` are never read
   --> crates/openwepp-hillslope-orchestrator/src/hydrology/support_helpers_mod/runoff_reconciliation.rs:236:9
    |
235 | pub(crate) struct TerminalPairEvidenceHook {
    |                   ------------------------ fields in this struct
236 |     pub duration_s: f64,
    |         ^^^^^^^^^^
237 |     pub proposed_next_duration_s: f64,
    |         ^^^^^^^^^^^^^^^^^^^^^^^^
238 |     pub components: [(f64, f64, f64, f64, f64); 5],
    |         ^^^^^^^^^^
239 |     pub scaled_error: f64,
    |         ^^^^^^^^^^^^
240 |     pub rejected: bool,
    |         ^^^^^^^^
    |
    = note: `TerminalPairEvidenceHook` has a derived impl for the trait `Clone`, but this is intentionally ignored during dead code analysis

warning: fields `proposed_duration_s`, `required_half_duration_s`, `minimum_duration_s`, `outcome`, `provider_calls_before`, and `provider_calls_after` are never read
   --> crates/openwepp-hillslope-orchestrator/src/hydrology/support_helpers_mod/runoff_reconciliation.rs:245:9
    |
244 | pub(crate) struct TerminalAdmissionEvidenceHook<'a> {
    |                   ----------------------------- fields in this struct
245 |     pub proposed_duration_s: f64,
    |         ^^^^^^^^^^^^^^^^^^^
246 |     pub required_half_duration_s: f64,
    |         ^^^^^^^^^^^^^^^^^^^^^^^^
247 |     pub minimum_duration_s: f64,
    |         ^^^^^^^^^^^^^^^^^^
248 |     pub outcome: &'a SnowTerminalNumericsFailure,
    |         ^^^^^^^
249 |     pub provider_calls_before: u64,
    |         ^^^^^^^^^^^^^^^^^^^^^
250 |     pub provider_calls_after: u64,
    |         ^^^^^^^^^^^^^^^^^^^^
    |
    = note: `TerminalAdmissionEvidenceHook` has a derived impl for the trait `Clone`, but this is intentionally ignored during dead code analysis

warning: fields `request`, `outgoing`, `comparisons`, and `converged` are never read
   --> crates/openwepp-hillslope-orchestrator/src/hydrology/support_helpers_mod/runoff_reconciliation.rs:306:9
    |
305 | pub(crate) struct TerminalCouplingIterationHook {
    |                   ----------------------------- fields in this struct
306 |     pub request: CoveredTerminalTrialRequestV1,
    |         ^^^^^^^
307 |     pub outgoing: CoveredTerminalEndingSnowHintV1,
    |         ^^^^^^^^
308 |     pub comparisons: Option<[(f64, f64, f64, f64, bool); 4]>,
    |         ^^^^^^^^^^^
309 |     pub converged: bool,
    |         ^^^^^^^^^
    |
    = note: `TerminalCouplingIterationHook` has a derived impl for the trait `Clone`, but this is intentionally ignored during dead code analysis

warning: fields `request`, `reason`, and `post_loop_three_component_check` are never read
   --> crates/openwepp-hillslope-orchestrator/src/hydrology/support_helpers_mod/runoff_reconciliation.rs:320:9
    |
319 | pub(crate) struct TerminalCouplingSelectionHook {
    |                   ----------------------------- fields in this struct
320 |     pub request: CoveredTerminalTrialRequestV1,
    |         ^^^^^^^
321 |     pub reason: TerminalCouplingSelectionReason,
    |         ^^^^^^
322 |     pub post_loop_three_component_check: bool,
    |         ^^^^^^^^^^^^^^^^^^^^^^^^^^^^^^^
    |
    = note: `TerminalCouplingSelectionHook` has a derived impl for the trait `Clone`, but this is intentionally ignored during dead code analysis

warning: multiple fields are never read
   --> crates/openwepp-hillslope-orchestrator/src/hydrology/support_helpers_mod/runoff_reconciliation.rs:329:9
    |
328 | pub(crate) struct TerminalSelectedTrialHook<'a, J> {
    |                   ------------------------- fields in this struct
329 |     pub position: TerminalPairPosition,
    |         ^^^^^^^^
330 |     pub role: CoveredTerminalTrialRoleV1,
    |         ^^^^
331 |     pub attempt_ordinal: u32,
    |         ^^^^^^^^^^^^^^^
332 |     pub relative_start_s: f64,
    |         ^^^^^^^^^^^^^^^^
333 |     pub duration_s: f64,
    |         ^^^^^^^^^^
334 |     pub beginning: TerminalStateEvidence,
    |         ^^^^^^^^^
335 |     pub ending: TerminalStateEvidence,
    |         ^^^^^^
336 |     pub ledger: TerminalLedgerEvidence,
    |         ^^^^^^
337 |     pub beginning_joint: &'a J,
    |         ^^^^^^^^^^^^^^^
338 |     pub carrier_ending_joint: &'a J,
    |         ^^^^^^^^^^^^^^^^^^^^
339 |     pub hydrology_ending_joint: &'a J,
    |         ^^^^^^^^^^^^^^^^^^^^^^

warning: fields `coupling_iteration` and `ending_snow_hint` are never read
   --> crates/openwepp-hillslope-orchestrator/src/hydrology/support_helpers_mod/runoff_reconciliation.rs:919:9
    |
912 | pub(crate) struct CoveredTerminalTrialRequestV1 {
    |                   ----------------------------- fields in this struct
...
919 |     pub coupling_iteration: u32,
    |         ^^^^^^^^^^^^^^^^^^
...
928 |     pub ending_snow_hint: Option<CoveredTerminalEndingSnowHintV1>,
    |         ^^^^^^^^^^^^^^^^
    |
    = note: `CoveredTerminalTrialRequestV1` has derived impls for the traits `Debug` and `Clone`, but these are intentionally ignored during dead code analysis

warning: field `trial_snow_soil_receipt` is never read
    --> crates/openwepp-hillslope-orchestrator/src/hydrology/support_helpers_mod/runoff_reconciliation.rs:1307:9
     |
1302 | pub(crate) struct CoveredTerminalTrialTransitionV1 {
     |                   -------------------------------- field in this struct
...
1307 |     pub trial_snow_soil_receipt:
     |         ^^^^^^^^^^^^^^^^^^^^^^^
     |
     = note: `CoveredTerminalTrialTransitionV1` has derived impls for the traits `Debug` and `Clone`, but these are intentionally ignored during dead code analysis

warning: variants `BracketLower` and `BracketUpper` are never constructed
    --> crates/openwepp-hillslope-orchestrator/src/hydrology/support_helpers_mod/runoff_reconciliation.rs:1318:5
     |
1313 | pub(crate) enum CoveredTerminalTrialRoleV1 {
     |                 -------------------------- variants in this enum
...
1318 |     BracketLower = 4,
     |     ^^^^^^^^^^^^
1319 |     BracketUpper = 5,
     |     ^^^^^^^^^^^^
     |
     = note: `CoveredTerminalTrialRoleV1` has derived impls for the traits `Debug` and `Clone`, but these are intentionally ignored during dead code analysis

warning: struct `CoveredTerminalLaneTrialStateV2` is never constructed
    --> crates/openwepp-hillslope-orchestrator/src/hydrology/support_helpers_mod/runoff_reconciliation.rs:1329:19
     |
1329 | pub(crate) struct CoveredTerminalLaneTrialStateV2 {
     |                   ^^^^^^^^^^^^^^^^^^^^^^^^^^^^^^^

warning: struct `CoveredTerminalBatchTrialRequestV2` is never constructed
    --> crates/openwepp-hillslope-orchestrator/src/hydrology/support_helpers_mod/runoff_reconciliation.rs:1342:19
     |
1342 | pub(crate) struct CoveredTerminalBatchTrialRequestV2 {
     |                   ^^^^^^^^^^^^^^^^^^^^^^^^^^^^^^^^^^

warning: struct `CoveredTerminalBatchCarrierCandidatesV2` is never constructed
    --> crates/openwepp-hillslope-orchestrator/src/hydrology/support_helpers_mod/runoff_reconciliation.rs:1351:19
     |
1351 | pub(crate) struct CoveredTerminalBatchCarrierCandidatesV2 {
     |                   ^^^^^^^^^^^^^^^^^^^^^^^^^^^^^^^^^^^^^^^

warning: struct `CoveredTerminalBatchTrialResultV2` is never constructed
    --> crates/openwepp-hillslope-orchestrator/src/hydrology/support_helpers_mod/runoff_reconciliation.rs:1363:19
     |
1363 | pub(crate) struct CoveredTerminalBatchTrialResultV2 {
     |                   ^^^^^^^^^^^^^^^^^^^^^^^^^^^^^^^^^

warning: type alias `CoveredTerminalBatchTrialProviderV2` is never used
    --> crates/openwepp-hillslope-orchestrator/src/hydrology/support_helpers_mod/runoff_reconciliation.rs:1370:17
     |
1370 | pub(crate) type CoveredTerminalBatchTrialProviderV2<'a> = dyn FnMut(
     |                 ^^^^^^^^^^^^^^^^^^^^^^^^^^^^^^^^^^^

warning: type alias `CoveredTerminalBatchHydrologyJoinV2` is never used
    --> crates/openwepp-hillslope-orchestrator/src/hydrology/support_helpers_mod/runoff_reconciliation.rs:1375:17
     |
1375 | pub(crate) type CoveredTerminalBatchHydrologyJoinV2<'a> = dyn FnMut(
     |                 ^^^^^^^^^^^^^^^^^^^^^^^^^^^^^^^^^^^

warning: type alias `CoveredTerminalBatchPrefixRequestV2` is never used
    --> crates/openwepp-hillslope-orchestrator/src/hydrology/support_helpers_mod/runoff_reconciliation.rs:1384:17
     |
1384 | pub(crate) type CoveredTerminalBatchPrefixRequestV2 = CoveredTerminalBatchTrialRequestV2;
     |                 ^^^^^^^^^^^^^^^^^^^^^^^^^^^^^^^^^^^

warning: type alias `CoveredTerminalBatchJoinedResultV2` is never used
    --> crates/openwepp-hillslope-orchestrator/src/hydrology/support_helpers_mod/runoff_reconciliation.rs:1385:17
     |
1385 | pub(crate) type CoveredTerminalBatchJoinedResultV2 = CoveredTerminalBatchTrialResultV2;
     |                 ^^^^^^^^^^^^^^^^^^^^^^^^^^^^^^^^^^

warning: type alias `CoveredTerminalBatchProviderV2` is never used
    --> crates/openwepp-hillslope-orchestrator/src/hydrology/support_helpers_mod/runoff_reconciliation.rs:1386:17
     |
1386 | pub(crate) type CoveredTerminalBatchProviderV2<'a> = CoveredTerminalBatchTrialProviderV2<'a>;
     |                 ^^^^^^^^^^^^^^^^^^^^^^^^^^^^^^

warning: associated functions `covered_terminal_batch_common_earliest_lanes_v2`, `join_covered_terminal_batch_prefix_v2`, and `evaluate_stage3_terminal_support_with_trial_provider_v1` are never used
   --> crates/openwepp-hillslope-orchestrator/src/hydrology/support_helpers_mod/runoff_reconciliation/stage3_solver/support.rs:5:19
    |
  4 | impl Wb11HydrologyKernel {
    | ------------------------ associated functions in this implementation
  5 |     pub(crate) fn covered_terminal_batch_common_earliest_lanes_v2(
    |                   ^^^^^^^^^^^^^^^^^^^^^^^^^^^^^^^^^^^^^^^^^^^^^^^
...
 21 |     pub(crate) fn join_covered_terminal_batch_prefix_v2(
    |                   ^^^^^^^^^^^^^^^^^^^^^^^^^^^^^^^^^^^^^
...
349 |     pub(crate) fn evaluate_stage3_terminal_support_with_trial_provider_v1(
    |                   ^^^^^^^^^^^^^^^^^^^^^^^^^^^^^^^^^^^^^^^^^^^^^^^^^^^^^^^

warning: associated function `solve_terminal_enthalpy_event` is never used
   --> crates/openwepp-hillslope-orchestrator/src/hydrology/support_helpers_mod/runoff_reconciliation/stage3_solver/terminal_event.rs:229:19
    |
 99 | impl Wb11HydrologyKernel {
    | ------------------------ associated function in this implementation
...
229 |     pub(super) fn solve_terminal_enthalpy_event<F, G, J>(
    |                   ^^^^^^^^^^^^^^^^^^^^^^^^^^^^^

warning: unreachable `pub` item
   --> crates/openwepp-hillslope-orchestrator/src/hydrology/support_helpers_mod/runoff_reconciliation.rs:231:5
    |
231 |     pub trait Sealed {}
    |     ---^^^^^^^^^^^^^
    |     |
    |     help: consider restricting its visibility: `pub(crate)`
    |
    = help: or consider exporting it for use by other crates
    = note: requested on the command line with `-W unreachable-pub`

warning: `openwepp-hillslope-orchestrator` (lib) generated 47 warnings (run `cargo fix --lib -p openwepp-hillslope-orchestrator` to apply 7 suggestions)
   Compiling openwepp v0.1.0 (/workdir/openWEPP)
   Compiling openwepp-runner v0.1.0 (/workdir/openWEPP/crates/openwepp-runner)
warning: unused imports: `CoveredTerminalBatchCarrierCandidatesV2`, `CoveredTerminalBatchHydrologyJoinV2`, `CoveredTerminalBatchJoinedResultV2`, `CoveredTerminalBatchPrefixRequestV2`, `CoveredTerminalBatchProviderV2`, `CoveredTerminalBatchTrialProviderV2`, `CoveredTerminalBatchTrialRequestV2`, `CoveredTerminalBatchTrialResultV2`, `CoveredTerminalEndingSnowHintV1`, `CoveredTerminalLaneTrialStateV2`, and `CoveredTerminalTrialProviderV1`
    --> crates/openwepp-hillslope-orchestrator/src/hydrology/03_kernel_support_00_support_helpers.rs:1470:5
     |
1470 |     CoveredTerminalBatchCarrierCandidatesV2, CoveredTerminalBatchHydrologyJoinV2,
     |     ^^^^^^^^^^^^^^^^^^^^^^^^^^^^^^^^^^^^^^^  ^^^^^^^^^^^^^^^^^^^^^^^^^^^^^^^^^^^
1471 |     CoveredTerminalBatchJoinedResultV2, CoveredTerminalBatchPrefixRequestV2,
     |     ^^^^^^^^^^^^^^^^^^^^^^^^^^^^^^^^^^  ^^^^^^^^^^^^^^^^^^^^^^^^^^^^^^^^^^^
1472 |     CoveredTerminalBatchProviderV2, CoveredTerminalBatchTrialProviderV2,
     |     ^^^^^^^^^^^^^^^^^^^^^^^^^^^^^^  ^^^^^^^^^^^^^^^^^^^^^^^^^^^^^^^^^^^
1473 |     CoveredTerminalBatchTrialRequestV2, CoveredTerminalBatchTrialResultV2,
     |     ^^^^^^^^^^^^^^^^^^^^^^^^^^^^^^^^^^  ^^^^^^^^^^^^^^^^^^^^^^^^^^^^^^^^^
1474 |     CoveredTerminalLaneTrialStateV2,
     |     ^^^^^^^^^^^^^^^^^^^^^^^^^^^^^^^
1475 |     CoveredTerminalEndingSnowHintV1, CoveredTerminalJointTrialStateV1,
     |     ^^^^^^^^^^^^^^^^^^^^^^^^^^^^^^^
1476 |     CoveredTerminalTrialProviderV1, JointTrialAuthorityV1, ProbeChildAuthorityV1,
     |     ^^^^^^^^^^^^^^^^^^^^^^^^^^^^^^

warning: function `project_v8_runtime_inputs` is never used
    --> crates/openwepp-hillslope-orchestrator/src/land_surface_energy_shadow/v8_input_projection.rs:1243:15
     |
1243 | pub(crate) fn project_v8_runtime_inputs(
     |               ^^^^^^^^^^^^^^^^^^^^^^^^^
     |
     = note: `#[warn(dead_code)]` (part of `#[warn(unused)]`) on by default

warning: field `0` is never read
   --> crates/openwepp-hillslope-orchestrator/src/hydrology/support_helpers_mod/runoff_reconciliation.rs:381:13
    |
381 |     Failure(CapturedProviderFailure),
    |     ------- ^^^^^^^^^^^^^^^^^^^^^^^
    |     |
    |     field in this variant
    |
    = note: `CapturedProviderOutcome` has a derived impl for the trait `Clone`, but this is intentionally ignored during dead code analysis
help: consider changing the field to be of unit type to suppress this warning while preserving the field numbering, or remove the field
    |
381 -     Failure(CapturedProviderFailure),
381 +     Failure(()),
    |

warning: field `provider_ordinal` is never read
   --> crates/openwepp-hillslope-orchestrator/src/hydrology/support_helpers_mod/runoff_reconciliation.rs:394:92
    |
394 | pub(crate) struct CapturedCouplingIteration { pub hook: TerminalCouplingIterationHook, pub provider_ordinal: Option<u64> }
    |                   ------------------------- field in this struct                           ^^^^^^^^^^^^^^^^
    |
    = note: `CapturedCouplingIteration` has a derived impl for the trait `Clone`, but this is intentionally ignored during dead code analysis

warning: fields `provider_calls`, `coupling_iterations`, and `coupling_selections` are never read
   --> crates/openwepp-hillslope-orchestrator/src/hydrology/support_helpers_mod/runoff_reconciliation.rs:408:9
    |
407 | pub(crate) struct ValidatedCaptureState {
    |                   --------------------- fields in this struct
408 |     pub provider_calls: Vec<CapturedProviderCall>,
    |         ^^^^^^^^^^^^^^
409 |     pub coupling_iterations: Vec<ValidatedCouplingIteration>,
    |         ^^^^^^^^^^^^^^^^^^^
410 |     pub coupling_selections: Vec<TerminalCouplingSelectionHook>,
    |         ^^^^^^^^^^^^^^^^^^^

warning: fields `draft`, `support`, `coupling_selection_index`, and `selected_provider_ordinal` are never read
   --> crates/openwepp-hillslope-orchestrator/src/hydrology/support_helpers_mod/runoff_reconciliation.rs:425:9
    |
424 | pub(crate) struct ValidatedSelectedTrial {
    |                   ---------------------- fields in this struct
425 |     pub draft: CapturedSelectedTrial,
    |         ^^^^^
426 |     pub support: TimeSupport,
    |         ^^^^^^^
427 |     pub coupling_selection_index: usize,
    |         ^^^^^^^^^^^^^^^^^^^^^^^^
428 |     pub selected_provider_ordinal: u64,
    |         ^^^^^^^^^^^^^^^^^^^^^^^^^

warning: fields `proposed_duration_s`, `required_half_duration_s`, and `minimum_duration_s` are never read
   --> crates/openwepp-hillslope-orchestrator/src/hydrology/support_helpers_mod/runoff_reconciliation.rs:439:9
    |
438 | pub(crate) struct ValidatedFloorAdmission {
    |                   ----------------------- fields in this struct
439 |     pub proposed_duration_s: f64,
    |         ^^^^^^^^^^^^^^^^^^^
440 |     pub required_half_duration_s: f64,
    |         ^^^^^^^^^^^^^^^^^^^^^^^^
441 |     pub minimum_duration_s: f64,
    |         ^^^^^^^^^^^^^^^^^^

warning: variant `BracketLower` is never constructed
    --> crates/openwepp-hillslope-orchestrator/src/hydrology/support_helpers_mod/runoff_reconciliation.rs:1318:5
     |
1313 | pub(crate) enum CoveredTerminalTrialRoleV1 {
     |                 -------------------------- variant in this enum
...
1318 |     BracketLower = 4,
     |     ^^^^^^^^^^^^
     |
     = note: `CoveredTerminalTrialRoleV1` has derived impls for the traits `Debug` and `Clone`, but these are intentionally ignored during dead code analysis

warning: multiple fields are never read
    --> crates/openwepp-hillslope-orchestrator/src/hydrology/support_helpers_mod/runoff_reconciliation.rs:1330:9
     |
1329 | pub(crate) struct CoveredTerminalLaneTrialStateV2 {
     |                   ------------------------------- fields in this struct
1330 |     pub lane_id: u32,
     |         ^^^^^^^
1331 |     pub ice_kg_m2: f64,
     |         ^^^^^^^^^
1332 |     pub liquid_kg_m2: f64,
     |         ^^^^^^^^^^^^
1333 |     pub cold_content_j_m2: f64,
     |         ^^^^^^^^^^^^^^^^^
1334 |     pub surface_temperature_c: f64,
     |         ^^^^^^^^^^^^^^^^^^^^^
1335 |     pub snow_depth_m: f64,
     |         ^^^^^^^^^^^^
1336 |     pub snow_density_kg_m3: f64,
     |         ^^^^^^^^^^^^^^^^^^
     |
     = note: `CoveredTerminalLaneTrialStateV2` has derived impls for the traits `Debug` and `Clone`, but these are intentionally ignored during dead code analysis

warning: fields `support`, `role`, and `attempt_ordinal` are never read
    --> crates/openwepp-hillslope-orchestrator/src/hydrology/support_helpers_mod/runoff_reconciliation.rs:1343:9
     |
1342 | pub(crate) struct CoveredTerminalBatchTrialRequestV2 {
     |                   ---------------------------------- fields in this struct
1343 |     pub support: TimeSupport,
     |         ^^^^^^^
1344 |     pub role: CoveredTerminalTrialRoleV1,
     |         ^^^^
1345 |     pub attempt_ordinal: u32,
     |         ^^^^^^^^^^^^^^^
     |
     = note: `CoveredTerminalBatchTrialRequestV2` has derived impls for the traits `Debug` and `Clone`, but these are intentionally ignored during dead code analysis

warning: associated function `join_covered_terminal_batch_prefix_v2` is never used
  --> crates/openwepp-hillslope-orchestrator/src/hydrology/support_helpers_mod/runoff_reconciliation/stage3_solver/support.rs:21:19
   |
 4 | impl Wb11HydrologyKernel {
   | ------------------------ associated function in this implementation
...
21 |     pub(crate) fn join_covered_terminal_batch_prefix_v2(
   |                   ^^^^^^^^^^^^^^^^^^^^^^^^^^^^^^^^^^^^^

warning: `openwepp-hillslope-orchestrator` (lib test) generated 30 warnings (19 duplicates) (run `cargo fix --lib -p openwepp-hillslope-orchestrator --tests` to apply 1 suggestion)
    Finished `test` profile [unoptimized + debuginfo] target(s) in 27.94s
────────────
 Nextest run ID 069f044d-888f-473e-a443-91d6a2f51bff with nextest profile: default
    Starting 3351 tests across 246 binaries (6 tests skipped)
        FAIL [   0.029s] (  38/3351) openwepp::assurance_v2_amendment_contract attribution_check_is_read_only_and_apply_is_layer_proportional
  stdout ───

    running 1 test
    test attribution_check_is_read_only_and_apply_is_layer_proportional ... FAILED

    failures:

    failures:
        attribution_check_is_read_only_and_apply_is_layer_proportional

    test result: FAILED. 0 passed; 1 failed; 0 ignored; 0 measured; 24 filtered out; finished in 0.03s

  stderr ───

    thread 'attribution_check_is_read_only_and_apply_is_layer_proportional' (319863) panicked at tests/integration/assurance_v2_amendment_contract.rs:1498:80:
    called `Result::unwrap()` on an `Err` value: Drift("generated identity member changed: docs/specifications/science-contracts/contracts/SC-SNOWENERGY-001.md")
    note: run with `RUST_BACKTRACE=1` environment variable to display a backtrace

        FAIL [   0.028s] (  39/3351) openwepp::assurance_v2_amendment_contract implementation_rebind_adopts_only_the_finite_contract_surface
  stdout ───

    running 1 test
    test implementation_rebind_adopts_only_the_finite_contract_surface ... FAILED

    failures:

    failures:
        implementation_rebind_adopts_only_the_finite_contract_surface

    test result: FAILED. 0 passed; 1 failed; 0 ignored; 0 measured; 24 filtered out; finished in 0.02s

  stderr ───

    thread 'implementation_rebind_adopts_only_the_finite_contract_surface' (319916) panicked at tests/integration/assurance_v2_amendment_contract.rs:1498:80:
    called `Result::unwrap()` on an `Err` value: Drift("generated identity member changed: docs/specifications/science-contracts/contracts/SC-SNOWENERGY-001.md")
    note: run with `RUST_BACKTRACE=1` environment variable to display a backtrace

        FAIL [   0.030s] (  40/3351) openwepp::assurance_v2_amendment_contract inspect_exposes_layered_identity_without_mutation
  stdout ───

    running 1 test
    test inspect_exposes_layered_identity_without_mutation ... FAILED

    failures:

    failures:
        inspect_exposes_layered_identity_without_mutation

    test result: FAILED. 0 passed; 1 failed; 0 ignored; 0 measured; 24 filtered out; finished in 0.02s

  stderr ───

    thread 'inspect_exposes_layered_identity_without_mutation' (319958) panicked at tests/integration/assurance_v2_amendment_contract.rs:251:50:
    called `Result::unwrap()` on an `Err` value: Drift("generated identity member changed: docs/specifications/science-contracts/contracts/SC-SNOWENERGY-001.md")
    note: run with `RUST_BACKTRACE=1` environment variable to display a backtrace

        FAIL [   0.029s] (  42/3351) openwepp::assurance_v2_amendment_contract manifest_adoption_accepts_complete_owned_internal_source_set
  stdout ───

    running 1 test
    test manifest_adoption_accepts_complete_owned_internal_source_set ... FAILED

    failures:

    failures:
        manifest_adoption_accepts_complete_owned_internal_source_set

    test result: FAILED. 0 passed; 1 failed; 0 ignored; 0 measured; 24 filtered out; finished in 0.03s

  stderr ───

    thread 'manifest_adoption_accepts_complete_owned_internal_source_set' (320001) panicked at tests/integration/assurance_v2_amendment_contract.rs:1498:80:
    called `Result::unwrap()` on an `Err` value: Drift("generated identity member changed: docs/specifications/science-contracts/contracts/SC-SNOWENERGY-001.md")
    note: run with `RUST_BACKTRACE=1` environment variable to display a backtrace

        FAIL [   0.027s] (  44/3351) openwepp::assurance_v2_amendment_contract manifest_adoption_admits_new_declared_external_local_content
  stdout ───

    running 1 test
    test manifest_adoption_admits_new_declared_external_local_content ... FAILED

    failures:

    failures:
        manifest_adoption_admits_new_declared_external_local_content

    test result: FAILED. 0 passed; 1 failed; 0 ignored; 0 measured; 24 filtered out; finished in 0.02s

  stderr ───

    thread 'manifest_adoption_admits_new_declared_external_local_content' (320031) panicked at tests/integration/assurance_v2_amendment_contract.rs:1498:80:
    called `Result::unwrap()` on an `Err` value: Drift("generated identity member changed: docs/specifications/science-contracts/contracts/SC-SNOWENERGY-001.md")
    note: run with `RUST_BACKTRACE=1` environment variable to display a backtrace

        FAIL [   0.028s] (  45/3351) openwepp::assurance_v2_amendment_contract manifest_adoption_rejects_invalid_new_external_sources_without_mutation
  stdout ───

    running 1 test
    test manifest_adoption_rejects_invalid_new_external_sources_without_mutation ... FAILED

    failures:

    failures:
        manifest_adoption_rejects_invalid_new_external_sources_without_mutation

    test result: FAILED. 0 passed; 1 failed; 0 ignored; 0 measured; 24 filtered out; finished in 0.02s

  stderr ───

    thread 'manifest_adoption_rejects_invalid_new_external_sources_without_mutation' (320044) panicked at tests/integration/assurance_v2_amendment_contract.rs:1498:80:
    called `Result::unwrap()` on an `Err` value: Drift("generated identity member changed: docs/specifications/science-contracts/contracts/SC-SNOWENERGY-001.md")
    note: run with `RUST_BACKTRACE=1` environment variable to display a backtrace

        FAIL [   0.042s] (  47/3351) openwepp::assurance_v2_amendment_contract manifest_adoption_rejects_drift_owned_by_another_report
  stdout ───

    running 1 test
    test manifest_adoption_rejects_drift_owned_by_another_report ... FAILED

    failures:

    failures:
        manifest_adoption_rejects_drift_owned_by_another_report

    test result: FAILED. 0 passed; 1 failed; 0 ignored; 0 measured; 24 filtered out; finished in 0.04s

  stderr ───

    thread 'manifest_adoption_rejects_drift_owned_by_another_report' (320041) panicked at tests/integration/assurance_v2_amendment_contract.rs:1498:80:
    called `Result::unwrap()` on an `Err` value: Drift("generated identity member changed: docs/specifications/science-contracts/contracts/SC-SNOWENERGY-001.md")
    note: run with `RUST_BACKTRACE=1` environment variable to display a backtrace

        FAIL [   0.026s] (  48/3351) openwepp::assurance_v2_amendment_contract new_report_admission_checks_applies_and_repeats_as_no_op
  stdout ───

    running 1 test
    test new_report_admission_checks_applies_and_repeats_as_no_op ... FAILED

    failures:

    failures:
        new_report_admission_checks_applies_and_repeats_as_no_op

    test result: FAILED. 0 passed; 1 failed; 0 ignored; 0 measured; 24 filtered out; finished in 0.02s

  stderr ───

    thread 'new_report_admission_checks_applies_and_repeats_as_no_op' (320050) panicked at tests/integration/assurance_v2_amendment_contract.rs:1498:80:
    called `Result::unwrap()` on an `Err` value: Drift("generated identity member changed: docs/specifications/science-contracts/contracts/SC-SNOWENERGY-001.md")
    note: run with `RUST_BACKTRACE=1` environment variable to display a backtrace

        FAIL [   0.027s] (  49/3351) openwepp::assurance_v2_amendment_contract production_generation_chain_and_recovery_inspection_are_current
  stdout ───

    running 1 test
    test production_generation_chain_and_recovery_inspection_are_current ... FAILED

    failures:

    failures:
        production_generation_chain_and_recovery_inspection_are_current

    test result: FAILED. 0 passed; 1 failed; 0 ignored; 0 measured; 24 filtered out; finished in 0.02s

  stderr ───

    thread 'production_generation_chain_and_recovery_inspection_are_current' (320057) panicked at tests/integration/assurance_v2_amendment_contract.rs:627:55:
    called `Result::unwrap()` on an `Err` value: Drift("generated identity member changed: docs/specifications/science-contracts/contracts/SC-SNOWENERGY-001.md")
    note: run with `RUST_BACKTRACE=1` environment variable to display a backtrace

        FAIL [   0.043s] (  52/3351) openwepp::assurance_v2_amendment_contract report_source_adoption_rejects_noncanonical_unchanged_reset_repair
  stdout ───

    running 1 test
    test report_source_adoption_rejects_noncanonical_unchanged_reset_repair ... FAILED

    failures:

    failures:
        report_source_adoption_rejects_noncanonical_unchanged_reset_repair

    test result: FAILED. 0 passed; 1 failed; 0 ignored; 0 measured; 24 filtered out; finished in 0.04s

  stderr ───

    thread 'report_source_adoption_rejects_noncanonical_unchanged_reset_repair' (320065) panicked at tests/integration/assurance_v2_amendment_contract.rs:1498:80:
    called `Result::unwrap()` on an `Err` value: Drift("generated identity member changed: docs/specifications/science-contracts/contracts/SC-SNOWENERGY-001.md")
    note: run with `RUST_BACKTRACE=1` environment variable to display a backtrace

        FAIL [   0.029s] (  55/3351) openwepp::assurance_v2_amendment_contract role_assignment_is_typed_receipted_and_idempotent
  stdout ───

    running 1 test
    test role_assignment_is_typed_receipted_and_idempotent ... FAILED

    failures:

    failures:
        role_assignment_is_typed_receipted_and_idempotent

    test result: FAILED. 0 passed; 1 failed; 0 ignored; 0 measured; 24 filtered out; finished in 0.02s

  stderr ───

    thread 'role_assignment_is_typed_receipted_and_idempotent' (320101) panicked at tests/integration/assurance_v2_amendment_contract.rs:1498:80:
    called `Result::unwrap()` on an `Err` value: Drift("generated identity member changed: docs/specifications/science-contracts/contracts/SC-SNOWENERGY-001.md")
    note: run with `RUST_BACKTRACE=1` environment variable to display a backtrace

        FAIL [   0.046s] (  56/3351) openwepp::assurance_v2_amendment_contract stale_optional_generation_rejects_check_and_apply_without_writes
  stdout ───

    running 1 test
    test stale_optional_generation_rejects_check_and_apply_without_writes ... FAILED

    failures:

    failures:
        stale_optional_generation_rejects_check_and_apply_without_writes

    test result: FAILED. 0 passed; 1 failed; 0 ignored; 0 measured; 24 filtered out; finished in 0.04s

  stderr ───

    thread 'stale_optional_generation_rejects_check_and_apply_without_writes' (320103) panicked at tests/integration/assurance_v2_amendment_contract.rs:1498:80:
    called `Result::unwrap()` on an `Err` value: Drift("generated identity member changed: docs/specifications/science-contracts/contracts/SC-SNOWENERGY-001.md")
    note: run with `RUST_BACKTRACE=1` environment variable to display a backtrace

        FAIL [   2.193s] (  57/3351) openwepp::assurance_dossier_build_contract public_builder_stays_zero_report_while_validation_admits_internal_v2
  stdout ───

    running 1 test
    test public_builder_stays_zero_report_while_validation_admits_internal_v2 ... FAILED

    failures:

    failures:
        public_builder_stays_zero_report_while_validation_admits_internal_v2

    test result: FAILED. 0 passed; 1 failed; 0 ignored; 0 measured; 12 filtered out; finished in 2.19s

  stderr ───

    thread 'public_builder_stays_zero_report_while_validation_admits_internal_v2' (319830) panicked at tests/integration/assurance_dossier_build_contract.rs:38:10:
    run public and internal-source validate CLI: Invalid("SHA-256 mismatch for identified source 'docs/specifications/science-contracts/contracts/SC-SNOWFREEZE-001.md'")
    note: run with `RUST_BACKTRACE=1` environment variable to display a backtrace

        FAIL [  11.927s] (  58/3351) openwepp::assurance_v2_assembly_contract canopy_named_and_all_builds_are_byte_equivalent_and_complete
  stdout ───

    running 1 test
    test canopy_named_and_all_builds_are_byte_equivalent_and_complete ... FAILED

    failures:

    failures:
        canopy_named_and_all_builds_are_byte_equivalent_and_complete

    test result: FAILED. 0 passed; 1 failed; 0 ignored; 0 measured; 8 filtered out; finished in 11.92s

  stderr ───

    thread 'canopy_named_and_all_builds_are_byte_equivalent_and_complete' (320218) panicked at tests/integration/assurance_v2_assembly_contract.rs:101:10:
    build complete catalog: Invalid("report 'snow-and-frozen-soil-process-evaluation' is not current and cannot be assembled")
    note: run with `RUST_BACKTRACE=1` environment variable to display a backtrace

        FAIL [   0.041s] (  59/3351) openwepp::assurance_v2_assembly_contract malformed_duplicate_unsafe_link_and_inaccessible_figure_fail_closed
  stdout ───

    running 1 test
    test malformed_duplicate_unsafe_link_and_inaccessible_figure_fail_closed ... FAILED

    failures:

    failures:
        malformed_duplicate_unsafe_link_and_inaccessible_figure_fail_closed

    test result: FAILED. 0 passed; 1 failed; 0 ignored; 0 measured; 8 filtered out; finished in 0.04s

  stderr ───

    thread 'malformed_duplicate_unsafe_link_and_inaccessible_figure_fail_closed' (320287) panicked at tests/integration/assurance_v2_assembly_contract.rs:738:69:
    called `Result::unwrap()` on an `Err` value: Drift("generated identity member changed: docs/specifications/science-contracts/contracts/SC-SNOWENERGY-001.md")
    note: run with `RUST_BACKTRACE=1` environment variable to display a backtrace

        FAIL [   0.043s] (  60/3351) openwepp::assurance_v2_assembly_contract manifest_markdown_metadata_is_escaped_without_creating_external_links
  stdout ───

    running 1 test
    test manifest_markdown_metadata_is_escaped_without_creating_external_links ... FAILED

    failures:

    failures:
        manifest_markdown_metadata_is_escaped_without_creating_external_links

    test result: FAILED. 0 passed; 1 failed; 0 ignored; 0 measured; 8 filtered out; finished in 0.04s

  stderr ───

    thread 'manifest_markdown_metadata_is_escaped_without_creating_external_links' (320289) panicked at tests/integration/assurance_v2_assembly_contract.rs:738:69:
    called `Result::unwrap()` on an `Err` value: Drift("generated identity member changed: docs/specifications/science-contracts/contracts/SC-SNOWENERGY-001.md")
    note: run with `RUST_BACKTRACE=1` environment variable to display a backtrace

        FAIL [   0.042s] (  61/3351) openwepp::assurance_v2_assembly_contract mtime_changes_do_not_affect_assembly_bytes
  stdout ───

    running 1 test
    test mtime_changes_do_not_affect_assembly_bytes ... FAILED

    failures:

    failures:
        mtime_changes_do_not_affect_assembly_bytes

    test result: FAILED. 0 passed; 1 failed; 0 ignored; 0 measured; 8 filtered out; finished in 0.04s

  stderr ───

    thread 'mtime_changes_do_not_affect_assembly_bytes' (320291) panicked at tests/integration/assurance_v2_assembly_contract.rs:738:69:
    called `Result::unwrap()` on an `Err` value: Drift("generated identity member changed: docs/specifications/science-contracts/contracts/SC-SNOWENERGY-001.md")
    note: run with `RUST_BACKTRACE=1` environment variable to display a backtrace

        FAIL [   2.265s] (  62/3351) openwepp::assurance_v2_assembly_contract real_cli_selects_v2_staging_without_weakening_zero_public_operations
  stdout ───

    running 1 test
    test real_cli_selects_v2_staging_without_weakening_zero_public_operations ... FAILED

    failures:

    failures:
        real_cli_selects_v2_staging_without_weakening_zero_public_operations

    test result: FAILED. 0 passed; 1 failed; 0 ignored; 0 measured; 8 filtered out; finished in 2.26s

  stderr ───

    thread 'real_cli_selects_v2_staging_without_weakening_zero_public_operations' (320293) panicked at tests/integration/assurance_v2_assembly_contract.rs:558:6:
    build all reports through real CLI: Invalid("report 'snow-and-frozen-soil-process-evaluation' is not current and cannot be assembled")
    note: run with `RUST_BACKTRACE=1` environment variable to display a backtrace

        FAIL [   1.666s] (  63/3351) openwepp::assurance_v2_assembly_contract real_named_and_all_builds_are_deterministic_equivalent_and_checkable
  stdout ───

    running 1 test
    test real_named_and_all_builds_are_deterministic_equivalent_and_checkable ... FAILED

    failures:

    failures:
        real_named_and_all_builds_are_deterministic_equivalent_and_checkable

    test result: FAILED. 0 passed; 1 failed; 0 ignored; 0 measured; 8 filtered out; finished in 1.66s

  stderr ───

    thread 'real_named_and_all_builds_are_deterministic_equivalent_and_checkable' (320361) panicked at tests/integration/assurance_v2_assembly_contract.rs:37:10:
    build all reports: Invalid("report 'snow-and-frozen-soil-process-evaluation' is not current and cannot be assembled")
    note: run with `RUST_BACKTRACE=1` environment variable to display a backtrace

        FAIL [   0.044s] (  66/3351) openwepp::assurance_v2_assembly_contract stale_missing_unit_precision_orphan_and_figure_drift_fail_closed
  stdout ───

    running 1 test
    test stale_missing_unit_precision_orphan_and_figure_drift_fail_closed ... FAILED

    failures:

    failures:
        stale_missing_unit_precision_orphan_and_figure_drift_fail_closed

    test result: FAILED. 0 passed; 1 failed; 0 ignored; 0 measured; 8 filtered out; finished in 0.04s

  stderr ───

    thread 'stale_missing_unit_precision_orphan_and_figure_drift_fail_closed' (320433) panicked at tests/integration/assurance_v2_assembly_contract.rs:738:69:
    called `Result::unwrap()` on an `Err` value: Drift("generated identity member changed: docs/specifications/science-contracts/contracts/SC-SNOWENERGY-001.md")
    note: run with `RUST_BACKTRACE=1` environment variable to display a backtrace

        FAIL [   0.054s] (  70/3351) openwepp::assurance_v2_normalization_contract apply_rebinds_complete_graph_builds_and_is_idempotent
  stdout ───

    running 1 test
    test apply_rebinds_complete_graph_builds_and_is_idempotent ... FAILED

    failures:

    failures:
        apply_rebinds_complete_graph_builds_and_is_idempotent

    test result: FAILED. 0 passed; 1 failed; 0 ignored; 0 measured; 4 filtered out; finished in 0.04s

  stderr ───

    thread 'apply_rebinds_complete_graph_builds_and_is_idempotent' (320464) panicked at tests/integration/assurance_v2_normalization_contract.rs:250:69:
    called `Result::unwrap()` on an `Err` value: Drift("generated identity member changed: docs/specifications/science-contracts/contracts/SC-SNOWENERGY-001.md")
    note: run with `RUST_BACKTRACE=1` environment variable to display a backtrace

        FAIL [   0.042s] (  71/3351) openwepp::assurance_v2_normalization_contract check_detects_converter_diff_without_writing
  stdout ───

    running 1 test
    test check_detects_converter_diff_without_writing ... FAILED

    failures:

    failures:
        check_detects_converter_diff_without_writing

    test result: FAILED. 0 passed; 1 failed; 0 ignored; 0 measured; 4 filtered out; finished in 0.04s

  stderr ───

    thread 'check_detects_converter_diff_without_writing' (320466) panicked at tests/integration/assurance_v2_normalization_contract.rs:250:69:
    called `Result::unwrap()` on an `Err` value: Drift("generated identity member changed: docs/specifications/science-contracts/contracts/SC-SNOWENERGY-001.md")
    note: run with `RUST_BACKTRACE=1` environment variable to display a backtrace

        FAIL [   2.576s] (  72/3351) openwepp::assurance_v2_normalization_contract current_report_is_american_english_and_check_is_read_only
  stdout ───

    running 1 test
    test current_report_is_american_english_and_check_is_read_only ... FAILED

    failures:

    failures:
        current_report_is_american_english_and_check_is_read_only

    test result: FAILED. 0 passed; 1 failed; 0 ignored; 0 measured; 4 filtered out; finished in 2.57s

  stderr ───

    thread 'current_report_is_american_english_and_check_is_read_only' (320468) panicked at tests/integration/assurance_v2_normalization_contract.rs:28:10:
    current production DRAFT is normalized: Drift("generated identity member changed: docs/specifications/science-contracts/contracts/SC-SNOWENERGY-001.md")
    note: run with `RUST_BACKTRACE=1` environment variable to display a backtrace

        FAIL [   0.042s] (  73/3351) openwepp::assurance_v2_normalization_contract equivalent_inputs_emit_identical_receipts
  stdout ───

    running 1 test
    test equivalent_inputs_emit_identical_receipts ... FAILED

    failures:

    failures:
        equivalent_inputs_emit_identical_receipts

    test result: FAILED. 0 passed; 1 failed; 0 ignored; 0 measured; 4 filtered out; finished in 0.04s

  stderr ───

    thread 'equivalent_inputs_emit_identical_receipts' (320593) panicked at tests/integration/assurance_v2_normalization_contract.rs:250:69:
    called `Result::unwrap()` on an `Err` value: Drift("generated identity member changed: docs/specifications/science-contracts/contracts/SC-SNOWENERGY-001.md")
    note: run with `RUST_BACKTRACE=1` environment variable to display a backtrace

        FAIL [   0.042s] (  74/3351) openwepp::assurance_v2_normalization_contract lifecycle_review_and_packet_boundaries_fail_before_writing
  stdout ───

    running 1 test
    test lifecycle_review_and_packet_boundaries_fail_before_writing ... FAILED

    failures:

    failures:
        lifecycle_review_and_packet_boundaries_fail_before_writing

    test result: FAILED. 0 passed; 1 failed; 0 ignored; 0 measured; 4 filtered out; finished in 0.04s

  stderr ───

    thread 'lifecycle_review_and_packet_boundaries_fail_before_writing' (320595) panicked at tests/integration/assurance_v2_normalization_contract.rs:250:69:
    called `Result::unwrap()` on an `Err` value: Drift("generated identity member changed: docs/specifications/science-contracts/contracts/SC-SNOWENERGY-001.md")
    note: run with `RUST_BACKTRACE=1` environment variable to display a backtrace

        FAIL [   0.048s] (  75/3351) openwepp::assurance_v2_planner_contract content_changes_select_expected_transitive_consumers
  stdout ───

    running 1 test
    test content_changes_select_expected_transitive_consumers ... FAILED

    failures:

    failures:
        content_changes_select_expected_transitive_consumers

    test result: FAILED. 0 passed; 1 failed; 0 ignored; 0 measured; 9 filtered out; finished in 0.04s

  stderr ───

    thread 'content_changes_select_expected_transitive_consumers' (320597) panicked at tests/integration/assurance_v2_planner_contract.rs:448:69:
    called `Result::unwrap()` on an `Err` value: Drift("generated identity member changed: docs/specifications/science-contracts/contracts/SC-SNOWENERGY-001.md")
    note: run with `RUST_BACKTRACE=1` environment variable to display a backtrace

        FAIL [   1.542s] (  76/3351) openwepp::assurance_v2_planner_contract current_one_and_all_plans_are_equivalent_stable_and_cli_consumed
  stdout ───

    running 1 test
    test current_one_and_all_plans_are_equivalent_stable_and_cli_consumed ... FAILED

    failures:

    failures:
        current_one_and_all_plans_are_equivalent_stable_and_cli_consumed

    test result: FAILED. 0 passed; 1 failed; 0 ignored; 0 measured; 9 filtered out; finished in 1.53s

  stderr ───

    thread 'current_one_and_all_plans_are_equivalent_stable_and_cli_consumed' (320599) panicked at tests/integration/assurance_v2_planner_contract.rs:46:5:
    assertion `left == right` failed
      left: Selected
     right: Current
    note: run with `RUST_BACKTRACE=1` environment variable to display a backtrace

        FAIL [   0.027s] (  77/3351) openwepp::assurance_v2_planner_contract malformed_authority_remains_an_explicit_blocker
  stdout ───

    running 1 test
    test malformed_authority_remains_an_explicit_blocker ... FAILED

    failures:

    failures:
        malformed_authority_remains_an_explicit_blocker

    test result: FAILED. 0 passed; 1 failed; 0 ignored; 0 measured; 9 filtered out; finished in 0.02s

  stderr ───

    thread 'malformed_authority_remains_an_explicit_blocker' (320667) panicked at tests/integration/assurance_v2_planner_contract.rs:448:69:
    called `Result::unwrap()` on an `Err` value: Drift("generated identity member changed: docs/specifications/science-contracts/contracts/SC-SNOWENERGY-001.md")
    note: run with `RUST_BACKTRACE=1` environment variable to display a backtrace

        FAIL [   0.026s] (  78/3351) openwepp::assurance_v2_planner_contract manifest_method_figure_review_and_software_changes_select_the_report
  stdout ───

    running 1 test
    test manifest_method_figure_review_and_software_changes_select_the_report ... FAILED

    failures:

    failures:
        manifest_method_figure_review_and_software_changes_select_the_report

    test result: FAILED. 0 passed; 1 failed; 0 ignored; 0 measured; 9 filtered out; finished in 0.02s

  stderr ───

    thread 'manifest_method_figure_review_and_software_changes_select_the_report' (320669) panicked at tests/integration/assurance_v2_planner_contract.rs:448:69:
    called `Result::unwrap()` on an `Err` value: Drift("generated identity member changed: docs/specifications/science-contracts/contracts/SC-SNOWENERGY-001.md")
    note: run with `RUST_BACKTRACE=1` environment variable to display a backtrace

        FAIL [   0.028s] (  79/3351) openwepp::assurance_v2_planner_contract mtime_only_change_does_not_change_plan_bytes
  stdout ───

    running 1 test
    test mtime_only_change_does_not_change_plan_bytes ... FAILED

    failures:

    failures:
        mtime_only_change_does_not_change_plan_bytes

    test result: FAILED. 0 passed; 1 failed; 0 ignored; 0 measured; 9 filtered out; finished in 0.02s

  stderr ───

    thread 'mtime_only_change_does_not_change_plan_bytes' (320671) panicked at tests/integration/assurance_v2_planner_contract.rs:448:69:
    called `Result::unwrap()` on an `Err` value: Drift("generated identity member changed: docs/specifications/science-contracts/contracts/SC-SNOWENERGY-001.md")
    note: run with `RUST_BACKTRACE=1` environment variable to display a backtrace

        FAIL [   0.026s] (  80/3351) openwepp::assurance_v2_planner_contract named_selection_isolated_and_all_plan_does_not_select_unrelated_report
  stdout ───

    running 1 test
    test named_selection_isolated_and_all_plan_does_not_select_unrelated_report ... FAILED

    failures:

    failures:
        named_selection_isolated_and_all_plan_does_not_select_unrelated_report

    test result: FAILED. 0 passed; 1 failed; 0 ignored; 0 measured; 9 filtered out; finished in 0.02s

  stderr ───

    thread 'named_selection_isolated_and_all_plan_does_not_select_unrelated_report' (320673) panicked at tests/integration/assurance_v2_planner_contract.rs:448:69:
    called `Result::unwrap()` on an `Err` value: Drift("generated identity member changed: docs/specifications/science-contracts/contracts/SC-SNOWENERGY-001.md")
    note: run with `RUST_BACKTRACE=1` environment variable to display a backtrace

        FAIL [   0.025s] (  82/3351) openwepp::assurance_v2_planner_contract stale_consumer_cannot_mask_a_blocked_prerequisite
  stdout ───

    running 1 test
    test stale_consumer_cannot_mask_a_blocked_prerequisite ... FAILED

    failures:

    failures:
        stale_consumer_cannot_mask_a_blocked_prerequisite

    test result: FAILED. 0 passed; 1 failed; 0 ignored; 0 measured; 9 filtered out; finished in 0.02s

  stderr ───

    thread 'stale_consumer_cannot_mask_a_blocked_prerequisite' (320677) panicked at tests/integration/assurance_v2_planner_contract.rs:448:69:
    called `Result::unwrap()` on an `Err` value: Drift("generated identity member changed: docs/specifications/science-contracts/contracts/SC-SNOWENERGY-001.md")
    note: run with `RUST_BACKTRACE=1` environment variable to display a backtrace

        FAIL [   0.036s] (  83/3351) openwepp::assurance_v2_planner_contract unavailable_declared_content_blocks_consumers_with_relative_reasons
  stdout ───

    running 1 test
    test unavailable_declared_content_blocks_consumers_with_relative_reasons ... FAILED

    failures:

    failures:
        unavailable_declared_content_blocks_consumers_with_relative_reasons

    test result: FAILED. 0 passed; 1 failed; 0 ignored; 0 measured; 9 filtered out; finished in 0.03s

  stderr ───

    thread 'unavailable_declared_content_blocks_consumers_with_relative_reasons' (320679) panicked at tests/integration/assurance_v2_planner_contract.rs:448:69:
    called `Result::unwrap()` on an `Err` value: Drift("generated identity member changed: docs/specifications/science-contracts/contracts/SC-SNOWENERGY-001.md")
    note: run with `RUST_BACKTRACE=1` environment variable to display a backtrace

        FAIL [   0.026s] (  84/3351) openwepp::assurance_v2_planner_contract unavailable_or_unparseable_selected_manifest_produces_a_bounded_blocked_plan
  stdout ───

    running 1 test
    test unavailable_or_unparseable_selected_manifest_produces_a_bounded_blocked_plan ... FAILED

    failures:

    failures:
        unavailable_or_unparseable_selected_manifest_produces_a_bounded_blocked_plan

    test result: FAILED. 0 passed; 1 failed; 0 ignored; 0 measured; 9 filtered out; finished in 0.02s

  stderr ───

    thread 'unavailable_or_unparseable_selected_manifest_produces_a_bounded_blocked_plan' (320681) panicked at tests/integration/assurance_v2_planner_contract.rs:448:69:
    called `Result::unwrap()` on an `Err` value: Drift("generated identity member changed: docs/specifications/science-contracts/contracts/SC-SNOWENERGY-001.md")
    note: run with `RUST_BACKTRACE=1` environment variable to display a backtrace

        FAIL [   0.048s] (  86/3351) openwepp::assurance_v2_publication_contract aliased_usersum_root_fails_closed
  stdout ───

    running 1 test
    test aliased_usersum_root_fails_closed ... FAILED

    failures:

    failures:
        aliased_usersum_root_fails_closed

    test result: FAILED. 0 passed; 1 failed; 0 ignored; 0 measured; 36 filtered out; finished in 0.04s

  stderr ───

    thread 'aliased_usersum_root_fails_closed' (320747) panicked at tests/integration/assurance_v2_publication_contract.rs:1752:68:
    called `Result::unwrap()` on an `Err` value: Drift("generated identity member changed: docs/specifications/science-contracts/contracts/SC-SNOWENERGY-001.md")
    note: run with `RUST_BACKTRACE=1` environment variable to display a backtrace

        FAIL [   0.026s] (  87/3351) openwepp::assurance_v2_publication_contract all_mode_extra_staging_and_overlapping_roots_fail_without_public_mutation
  stdout ───

    running 1 test
    test all_mode_extra_staging_and_overlapping_roots_fail_without_public_mutation ... FAILED

    failures:

    failures:
        all_mode_extra_staging_and_overlapping_roots_fail_without_public_mutation

    test result: FAILED. 0 passed; 1 failed; 0 ignored; 0 measured; 36 filtered out; finished in 0.02s

  stderr ───

    thread 'all_mode_extra_staging_and_overlapping_roots_fail_without_public_mutation' (320750) panicked at tests/integration/assurance_v2_publication_contract.rs:1752:68:
    called `Result::unwrap()` on an `Err` value: Drift("generated identity member changed: docs/specifications/science-contracts/contracts/SC-SNOWENERGY-001.md")
    note: run with `RUST_BACKTRACE=1` environment variable to display a backtrace

        FAIL [   0.032s] (  88/3351) openwepp::assurance_v2_publication_contract approval_conflicts_and_release_mismatch_fail_before_publication
  stdout ───

    running 1 test
    test approval_conflicts_and_release_mismatch_fail_before_publication ... FAILED

    failures:

    failures:
        approval_conflicts_and_release_mismatch_fail_before_publication

    test result: FAILED. 0 passed; 1 failed; 0 ignored; 0 measured; 36 filtered out; finished in 0.03s

  stderr ───

    thread 'approval_conflicts_and_release_mismatch_fail_before_publication' (320753) panicked at tests/integration/assurance_v2_publication_contract.rs:1752:68:
    called `Result::unwrap()` on an `Err` value: Drift("generated identity member changed: docs/specifications/science-contracts/contracts/SC-SNOWENERGY-001.md")
    note: run with `RUST_BACKTRACE=1` environment variable to display a backtrace

        FAIL [   0.044s] (  89/3351) openwepp::assurance_v2_publication_contract authority_bound_byte_negative_matrix_is_fail_closed
  stdout ───

    running 1 test
    test authority_bound_byte_negative_matrix_is_fail_closed ... FAILED

    failures:

    failures:
        authority_bound_byte_negative_matrix_is_fail_closed

    test result: FAILED. 0 passed; 1 failed; 0 ignored; 0 measured; 36 filtered out; finished in 0.04s

  stderr ───

    thread 'authority_bound_byte_negative_matrix_is_fail_closed' (320755) panicked at tests/integration/assurance_v2_publication_contract.rs:1752:68:
    called `Result::unwrap()` on an `Err` value: Drift("generated identity member changed: docs/specifications/science-contracts/contracts/SC-SNOWENERGY-001.md")
    note: run with `RUST_BACKTRACE=1` environment variable to display a backtrace

        FAIL [   0.040s] (  90/3351) openwepp::assurance_v2_publication_contract bootstrap_empty_directory_fails_closed
  stdout ───

    running 1 test
    test bootstrap_empty_directory_fails_closed ... FAILED

    failures:

    failures:
        bootstrap_empty_directory_fails_closed

    test result: FAILED. 0 passed; 1 failed; 0 ignored; 0 measured; 36 filtered out; finished in 0.03s

  stderr ───

    thread 'bootstrap_empty_directory_fails_closed' (320757) panicked at tests/integration/assurance_v2_publication_contract.rs:1752:68:
    called `Result::unwrap()` on an `Err` value: Drift("generated identity member changed: docs/specifications/science-contracts/contracts/SC-SNOWENERGY-001.md")
    note: run with `RUST_BACKTRACE=1` environment variable to display a backtrace

        FAIL [   0.041s] (  91/3351) openwepp::assurance_v2_publication_contract bootstrap_unowned_readme_fails_closed
  stdout ───

    running 1 test
    test bootstrap_unowned_readme_fails_closed ... FAILED

    failures:

    failures:
        bootstrap_unowned_readme_fails_closed

    test result: FAILED. 0 passed; 1 failed; 0 ignored; 0 measured; 36 filtered out; finished in 0.04s

  stderr ───

    thread 'bootstrap_unowned_readme_fails_closed' (320759) panicked at tests/integration/assurance_v2_publication_contract.rs:1752:68:
    called `Result::unwrap()` on an `Err` value: Drift("generated identity member changed: docs/specifications/science-contracts/contracts/SC-SNOWENERGY-001.md")
    note: run with `RUST_BACKTRACE=1` environment variable to display a backtrace

        FAIL [   0.039s] (  92/3351) openwepp::assurance_v2_publication_contract canonical_public_path_and_real_markdown_narrative_link_are_mandatory
  stdout ───

    running 1 test
    test canonical_public_path_and_real_markdown_narrative_link_are_mandatory ... FAILED

    failures:

    failures:
        canonical_public_path_and_real_markdown_narrative_link_are_mandatory

    test result: FAILED. 0 passed; 1 failed; 0 ignored; 0 measured; 36 filtered out; finished in 0.03s

  stderr ───

    thread 'canonical_public_path_and_real_markdown_narrative_link_are_mandatory' (320761) panicked at tests/integration/assurance_v2_publication_contract.rs:1752:68:
    called `Result::unwrap()` on an `Err` value: Drift("generated identity member changed: docs/specifications/science-contracts/contracts/SC-SNOWENERGY-001.md")
    note: run with `RUST_BACKTRACE=1` environment variable to display a backtrace

        FAIL [   0.027s] (  94/3351) openwepp::assurance_v2_publication_contract concurrent_reader_observes_only_complete_old_or_new_report_bytes
  stdout ───

    running 1 test
    test concurrent_reader_observes_only_complete_old_or_new_report_bytes ... FAILED

    failures:

    failures:
        concurrent_reader_observes_only_complete_old_or_new_report_bytes

    test result: FAILED. 0 passed; 1 failed; 0 ignored; 0 measured; 36 filtered out; finished in 0.02s

  stderr ───

    thread 'concurrent_reader_observes_only_complete_old_or_new_report_bytes' (320765) panicked at tests/integration/assurance_v2_publication_contract.rs:1752:68:
    called `Result::unwrap()` on an `Err` value: Drift("generated identity member changed: docs/specifications/science-contracts/contracts/SC-SNOWENERGY-001.md")
    note: run with `RUST_BACKTRACE=1` environment variable to display a backtrace

        FAIL [   0.041s] (  96/3351) openwepp::assurance_v2_publication_contract every_precommit_fault_boundary_preserves_the_prior_public_generation
  stdout ───

    running 1 test
    test every_precommit_fault_boundary_preserves_the_prior_public_generation ... FAILED

    failures:

    failures:
        every_precommit_fault_boundary_preserves_the_prior_public_generation

    test result: FAILED. 0 passed; 1 failed; 0 ignored; 0 measured; 36 filtered out; finished in 0.04s

  stderr ───

    thread 'every_precommit_fault_boundary_preserves_the_prior_public_generation' (320769) panicked at tests/integration/assurance_v2_publication_contract.rs:1752:68:
    called `Result::unwrap()` on an `Err` value: Drift("generated identity member changed: docs/specifications/science-contracts/contracts/SC-SNOWENERGY-001.md")
    note: run with `RUST_BACKTRACE=1` environment variable to display a backtrace

        FAIL [   0.043s] (  97/3351) openwepp::assurance_v2_publication_contract in_review_source_cannot_publish
  stdout ───

    running 1 test
    test in_review_source_cannot_publish ... FAILED

    failures:

    failures:
        in_review_source_cannot_publish

    test result: FAILED. 0 passed; 1 failed; 0 ignored; 0 measured; 36 filtered out; finished in 0.04s

  stderr ───

    thread 'in_review_source_cannot_publish' (320771) panicked at tests/integration/assurance_v2_publication_contract.rs:1752:68:
    called `Result::unwrap()` on an `Err` value: Drift("generated identity member changed: docs/specifications/science-contracts/contracts/SC-SNOWENERGY-001.md")
    note: run with `RUST_BACKTRACE=1` environment variable to display a backtrace

        FAIL [   0.042s] (  98/3351) openwepp::assurance_v2_publication_contract missing_competence_fails_closed
  stdout ───

    running 1 test
    test missing_competence_fails_closed ... FAILED

    failures:

    failures:
        missing_competence_fails_closed

    test result: FAILED. 0 passed; 1 failed; 0 ignored; 0 measured; 36 filtered out; finished in 0.04s

  stderr ───

    thread 'missing_competence_fails_closed' (320794) panicked at tests/integration/assurance_v2_publication_contract.rs:1752:68:
    called `Result::unwrap()` on an `Err` value: Drift("generated identity member changed: docs/specifications/science-contracts/contracts/SC-SNOWENERGY-001.md")
    note: run with `RUST_BACKTRACE=1` environment variable to display a backtrace

        FAIL [   0.041s] (  99/3351) openwepp::assurance_v2_publication_contract missing_independence_fails_closed
  stdout ───

    running 1 test
    test missing_independence_fails_closed ... FAILED

    failures:

    failures:
        missing_independence_fails_closed

    test result: FAILED. 0 passed; 1 failed; 0 ignored; 0 measured; 36 filtered out; finished in 0.04s

  stderr ───

    thread 'missing_independence_fails_closed' (320796) panicked at tests/integration/assurance_v2_publication_contract.rs:1752:68:
    called `Result::unwrap()` on an `Err` value: Drift("generated identity member changed: docs/specifications/science-contracts/contracts/SC-SNOWENERGY-001.md")
    note: run with `RUST_BACKTRACE=1` environment variable to display a backtrace

        FAIL [   0.051s] ( 100/3351) openwepp::assurance_v2_publication_contract missing_release_transfer_fails_closed
  stdout ───

    running 1 test
    test missing_release_transfer_fails_closed ... FAILED

    failures:

    failures:
        missing_release_transfer_fails_closed

    test result: FAILED. 0 passed; 1 failed; 0 ignored; 0 measured; 36 filtered out; finished in 0.05s

  stderr ───

    thread 'missing_release_transfer_fails_closed' (320798) panicked at tests/integration/assurance_v2_publication_contract.rs:1752:68:
    called `Result::unwrap()` on an `Err` value: Drift("generated identity member changed: docs/specifications/science-contracts/contracts/SC-SNOWENERGY-001.md")
    note: run with `RUST_BACKTRACE=1` environment variable to display a backtrace

        FAIL [   0.049s] ( 101/3351) openwepp::assurance_v2_publication_contract multi_report_production_snapshot_replays_complete_authority
  stdout ───

    running 1 test
    test multi_report_production_snapshot_replays_complete_authority ... FAILED

    failures:

    failures:
        multi_report_production_snapshot_replays_complete_authority

    test result: FAILED. 0 passed; 1 failed; 0 ignored; 0 measured; 36 filtered out; finished in 0.04s

  stderr ───

    thread 'multi_report_production_snapshot_replays_complete_authority' (320801) panicked at tests/integration/assurance_v2_publication_contract.rs:1752:68:
    called `Result::unwrap()` on an `Err` value: Drift("generated identity member changed: docs/specifications/science-contracts/contracts/SC-SNOWENERGY-001.md")
    note: run with `RUST_BACKTRACE=1` environment variable to display a backtrace

        FAIL [   0.040s] ( 103/3351) openwepp::assurance_v2_publication_contract multiply_linked_staging_bytes_fail_before_publication
  stdout ───

    running 1 test
    test multiply_linked_staging_bytes_fail_before_publication ... FAILED

    failures:

    failures:
        multiply_linked_staging_bytes_fail_before_publication

    test result: FAILED. 0 passed; 1 failed; 0 ignored; 0 measured; 36 filtered out; finished in 0.03s

  stderr ───

    thread 'multiply_linked_staging_bytes_fail_before_publication' (320824) panicked at tests/integration/assurance_v2_publication_contract.rs:1752:68:
    called `Result::unwrap()` on an `Err` value: Drift("generated identity member changed: docs/specifications/science-contracts/contracts/SC-SNOWENERGY-001.md")
    note: run with `RUST_BACKTRACE=1` environment variable to display a backtrace

        FAIL [   0.028s] ( 104/3351) openwepp::assurance_v2_publication_contract named_publication_preserves_receipted_peer_and_all_mode_converges
  stdout ───

    running 1 test
    test named_publication_preserves_receipted_peer_and_all_mode_converges ... FAILED

    failures:

    failures:
        named_publication_preserves_receipted_peer_and_all_mode_converges

    test result: FAILED. 0 passed; 1 failed; 0 ignored; 0 measured; 36 filtered out; finished in 0.02s

  stderr ───

    thread 'named_publication_preserves_receipted_peer_and_all_mode_converges' (320826) panicked at tests/integration/assurance_v2_publication_contract.rs:1752:68:
    called `Result::unwrap()` on an `Err` value: Drift("generated identity member changed: docs/specifications/science-contracts/contracts/SC-SNOWENERGY-001.md")
    note: run with `RUST_BACKTRACE=1` environment variable to display a backtrace

        FAIL [   0.029s] ( 105/3351) openwepp::assurance_v2_publication_contract named_publication_rejects_unreceipted_prior_catalog_entries
  stdout ───

    running 1 test
    test named_publication_rejects_unreceipted_prior_catalog_entries ... FAILED

    failures:

    failures:
        named_publication_rejects_unreceipted_prior_catalog_entries

    test result: FAILED. 0 passed; 1 failed; 0 ignored; 0 measured; 36 filtered out; finished in 0.02s

  stderr ───

    thread 'named_publication_rejects_unreceipted_prior_catalog_entries' (320829) panicked at tests/integration/assurance_v2_publication_contract.rs:1752:68:
    called `Result::unwrap()` on an `Err` value: Drift("generated identity member changed: docs/specifications/science-contracts/contracts/SC-SNOWENERGY-001.md")
    note: run with `RUST_BACKTRACE=1` environment variable to display a backtrace

        FAIL [   0.044s] ( 106/3351) openwepp::assurance_v2_publication_contract narrative_drift_fails_closed
  stdout ───

    running 1 test
    test narrative_drift_fails_closed ... FAILED

    failures:

    failures:
        narrative_drift_fails_closed

    test result: FAILED. 0 passed; 1 failed; 0 ignored; 0 measured; 36 filtered out; finished in 0.04s

  stderr ───

    thread 'narrative_drift_fails_closed' (320851) panicked at tests/integration/assurance_v2_publication_contract.rs:1752:68:
    called `Result::unwrap()` on an `Err` value: Drift("generated identity member changed: docs/specifications/science-contracts/contracts/SC-SNOWENERGY-001.md")
    note: run with `RUST_BACKTRACE=1` environment variable to display a backtrace

        FAIL [   0.041s] ( 108/3351) openwepp::assurance_v2_publication_contract receipt_preparation_is_reused_only_when_bytes_match
  stdout ───

    running 1 test
    test receipt_preparation_is_reused_only_when_bytes_match ... FAILED

    failures:

    failures:
        receipt_preparation_is_reused_only_when_bytes_match

    test result: FAILED. 0 passed; 1 failed; 0 ignored; 0 measured; 36 filtered out; finished in 0.04s

  stderr ───

    thread 'receipt_preparation_is_reused_only_when_bytes_match' (320858) panicked at tests/integration/assurance_v2_publication_contract.rs:1752:68:
    called `Result::unwrap()` on an `Err` value: Drift("generated identity member changed: docs/specifications/science-contracts/contracts/SC-SNOWENERGY-001.md")
    note: run with `RUST_BACKTRACE=1` environment variable to display a backtrace

        FAIL [   0.030s] ( 109/3351) openwepp::assurance_v2_publication_contract reconstructed_production_snapshot_passes_and_forged_roots_fail
  stdout ───

    running 1 test
    test reconstructed_production_snapshot_passes_and_forged_roots_fail ... FAILED

    failures:

    failures:
        reconstructed_production_snapshot_passes_and_forged_roots_fail

    test result: FAILED. 0 passed; 1 failed; 0 ignored; 0 measured; 36 filtered out; finished in 0.02s

  stderr ───

    thread 'reconstructed_production_snapshot_passes_and_forged_roots_fail' (320860) panicked at tests/integration/assurance_v2_publication_contract.rs:1752:68:
    called `Result::unwrap()` on an `Err` value: Drift("generated identity member changed: docs/specifications/science-contracts/contracts/SC-SNOWENERGY-001.md")
    note: run with `RUST_BACKTRACE=1` environment variable to display a backtrace

        FAIL [   0.031s] ( 110/3351) openwepp::assurance_v2_publication_contract release_driver_persists_verified_v2_artifacts_and_discovery_sidecar
  stdout ───

    running 1 test
    test release_driver_persists_verified_v2_artifacts_and_discovery_sidecar ... FAILED

    failures:

    failures:
        release_driver_persists_verified_v2_artifacts_and_discovery_sidecar

    test result: FAILED. 0 passed; 1 failed; 0 ignored; 0 measured; 36 filtered out; finished in 0.03s

  stderr ───

    thread 'release_driver_persists_verified_v2_artifacts_and_discovery_sidecar' (320862) panicked at tests/integration/assurance_v2_publication_contract.rs:1752:68:
    called `Result::unwrap()` on an `Err` value: Drift("generated identity member changed: docs/specifications/science-contracts/contracts/SC-SNOWENERGY-001.md")
    note: run with `RUST_BACKTRACE=1` environment variable to display a backtrace

        FAIL [   0.039s] ( 113/3351) openwepp::assurance_v2_publication_contract simultaneous_publishers_serialize_and_converge_on_one_generation
  stdout ───

    running 1 test
    test simultaneous_publishers_serialize_and_converge_on_one_generation ... FAILED

    failures:

    failures:
        simultaneous_publishers_serialize_and_converge_on_one_generation

    test result: FAILED. 0 passed; 1 failed; 0 ignored; 0 measured; 36 filtered out; finished in 0.03s

  stderr ───

    thread 'simultaneous_publishers_serialize_and_converge_on_one_generation' (320869) panicked at tests/integration/assurance_v2_publication_contract.rs:1752:68:
    called `Result::unwrap()` on an `Err` value: Drift("generated identity member changed: docs/specifications/science-contracts/contracts/SC-SNOWENERGY-001.md")
    note: run with `RUST_BACKTRACE=1` environment variable to display a backtrace

        FAIL [   0.031s] ( 114/3351) openwepp::assurance_v2_publication_contract special_files_on_public_and_immutable_surfaces_fail_closed
  stdout ───

    running 1 test
    test special_files_on_public_and_immutable_surfaces_fail_closed ... FAILED

    failures:

    failures:
        special_files_on_public_and_immutable_surfaces_fail_closed

    test result: FAILED. 0 passed; 1 failed; 0 ignored; 0 measured; 36 filtered out; finished in 0.03s

  stderr ───

    thread 'special_files_on_public_and_immutable_surfaces_fail_closed' (320871) panicked at tests/integration/assurance_v2_publication_contract.rs:1752:68:
    called `Result::unwrap()` on an `Err` value: Drift("generated identity member changed: docs/specifications/science-contracts/contracts/SC-SNOWENERGY-001.md")
    note: run with `RUST_BACKTRACE=1` environment variable to display a backtrace

        FAIL [   0.028s] ( 115/3351) openwepp::assurance_v2_publication_contract staging_fifo_fails_closed
  stdout ───

    running 1 test
    test staging_fifo_fails_closed ... FAILED

    failures:

    failures:
        staging_fifo_fails_closed

    test result: FAILED. 0 passed; 1 failed; 0 ignored; 0 measured; 36 filtered out; finished in 0.02s

  stderr ───

    thread 'staging_fifo_fails_closed' (320873) panicked at tests/integration/assurance_v2_publication_contract.rs:1752:68:
    called `Result::unwrap()` on an `Err` value: Drift("generated identity member changed: docs/specifications/science-contracts/contracts/SC-SNOWENERGY-001.md")
    note: run with `RUST_BACKTRACE=1` environment variable to display a backtrace

        FAIL [   0.032s] ( 116/3351) openwepp::assurance_v2_publication_contract staging_symlink_fails_closed
  stdout ───

    running 1 test
    test staging_symlink_fails_closed ... FAILED

    failures:

    failures:
        staging_symlink_fails_closed

    test result: FAILED. 0 passed; 1 failed; 0 ignored; 0 measured; 36 filtered out; finished in 0.03s

  stderr ───

    thread 'staging_symlink_fails_closed' (320875) panicked at tests/integration/assurance_v2_publication_contract.rs:1752:68:
    called `Result::unwrap()` on an `Err` value: Drift("generated identity member changed: docs/specifications/science-contracts/contracts/SC-SNOWENERGY-001.md")
    note: run with `RUST_BACKTRACE=1` environment variable to display a backtrace

        FAIL [   0.031s] ( 117/3351) openwepp::assurance_v2_publication_contract stale_roots_open_findings_conflicts_and_release_mismatch_fail_before_publication
  stdout ───

    running 1 test
    test stale_roots_open_findings_conflicts_and_release_mismatch_fail_before_publication ... FAILED

    failures:

    failures:
        stale_roots_open_findings_conflicts_and_release_mismatch_fail_before_publication

    test result: FAILED. 0 passed; 1 failed; 0 ignored; 0 measured; 36 filtered out; finished in 0.03s

  stderr ───

    thread 'stale_roots_open_findings_conflicts_and_release_mismatch_fail_before_publication' (320877) panicked at tests/integration/assurance_v2_publication_contract.rs:1752:68:
    called `Result::unwrap()` on an `Err` value: Drift("generated identity member changed: docs/specifications/science-contracts/contracts/SC-SNOWENERGY-001.md")
    note: run with `RUST_BACKTRACE=1` environment variable to display a backtrace

        FAIL [   0.039s] ( 118/3351) openwepp::assurance_v2_publication_contract superseded_report_fails_closed
  stdout ───

    running 1 test
    test superseded_report_fails_closed ... FAILED

    failures:

    failures:
        superseded_report_fails_closed

    test result: FAILED. 0 passed; 1 failed; 0 ignored; 0 measured; 36 filtered out; finished in 0.03s

  stderr ───

    thread 'superseded_report_fails_closed' (320879) panicked at tests/integration/assurance_v2_publication_contract.rs:1752:68:
    called `Result::unwrap()` on an `Err` value: Drift("generated identity member changed: docs/specifications/science-contracts/contracts/SC-SNOWENERGY-001.md")
    note: run with `RUST_BACKTRACE=1` environment variable to display a backtrace

        FAIL [   0.028s] ( 119/3351) openwepp::assurance_v2_publication_contract synthetic_approved_fixture_publishes_idempotently_and_release_rejects_it
  stdout ───

    running 1 test
    test synthetic_approved_fixture_publishes_idempotently_and_release_rejects_it ... FAILED

    failures:

    failures:
        synthetic_approved_fixture_publishes_idempotently_and_release_rejects_it

    test result: FAILED. 0 passed; 1 failed; 0 ignored; 0 measured; 36 filtered out; finished in 0.02s

  stderr ───

    thread 'synthetic_approved_fixture_publishes_idempotently_and_release_rejects_it' (320881) panicked at tests/integration/assurance_v2_publication_contract.rs:1752:68:
    called `Result::unwrap()` on an `Err` value: Drift("generated identity member changed: docs/specifications/science-contracts/contracts/SC-SNOWENERGY-001.md")
    note: run with `RUST_BACKTRACE=1` environment variable to display a backtrace

        FAIL [   0.031s] ( 120/3351) openwepp::assurance_v2_publication_contract withdrawn_report_fails_closed
  stdout ───

    running 1 test
    test withdrawn_report_fails_closed ... FAILED

    failures:

    failures:
        withdrawn_report_fails_closed

    test result: FAILED. 0 passed; 1 failed; 0 ignored; 0 measured; 36 filtered out; finished in 0.03s

  stderr ───

    thread 'withdrawn_report_fails_closed' (320883) panicked at tests/integration/assurance_v2_publication_contract.rs:1752:68:
    called `Result::unwrap()` on an `Err` value: Drift("generated identity member changed: docs/specifications/science-contracts/contracts/SC-SNOWENERGY-001.md")
    note: run with `RUST_BACKTRACE=1` environment variable to display a backtrace

        FAIL [   0.031s] ( 121/3351) openwepp::assurance_v2_publication_contract wrong_principal_kind_fails_closed
  stdout ───

    running 1 test
    test wrong_principal_kind_fails_closed ... FAILED

    failures:

    failures:
        wrong_principal_kind_fails_closed

    test result: FAILED. 0 passed; 1 failed; 0 ignored; 0 measured; 36 filtered out; finished in 0.03s

  stderr ───

    thread 'wrong_principal_kind_fails_closed' (320885) panicked at tests/integration/assurance_v2_publication_contract.rs:1752:68:
    called `Result::unwrap()` on an `Err` value: Drift("generated identity member changed: docs/specifications/science-contracts/contracts/SC-SNOWENERGY-001.md")
    note: run with `RUST_BACKTRACE=1` environment variable to display a backtrace

        FAIL [   0.031s] ( 123/3351) openwepp::assurance_v2_publication_contract wrong_principal_trust_domain_fails_closed
  stdout ───

    running 1 test
    test wrong_principal_trust_domain_fails_closed ... FAILED

    failures:

    failures:
        wrong_principal_trust_domain_fails_closed

    test result: FAILED. 0 passed; 1 failed; 0 ignored; 0 measured; 36 filtered out; finished in 0.03s

  stderr ───

    thread 'wrong_principal_trust_domain_fails_closed' (320889) panicked at tests/integration/assurance_v2_publication_contract.rs:1752:68:
    called `Result::unwrap()` on an `Err` value: Drift("generated identity member changed: docs/specifications/science-contracts/contracts/SC-SNOWENERGY-001.md")
    note: run with `RUST_BACKTRACE=1` environment variable to display a backtrace

        FAIL [   0.038s] ( 124/3351) openwepp::assurance_v2_publication_contract wrong_principal_role_fails_closed
  stdout ───

    running 1 test
    test wrong_principal_role_fails_closed ... FAILED

    failures:

    failures:
        wrong_principal_role_fails_closed

    test result: FAILED. 0 passed; 1 failed; 0 ignored; 0 measured; 36 filtered out; finished in 0.03s

  stderr ───

    thread 'wrong_principal_role_fails_closed' (320888) panicked at tests/integration/assurance_v2_publication_contract.rs:1752:68:
    called `Result::unwrap()` on an `Err` value: Drift("generated identity member changed: docs/specifications/science-contracts/contracts/SC-SNOWENERGY-001.md")
    note: run with `RUST_BACKTRACE=1` environment variable to display a backtrace

        FAIL [   0.030s] ( 125/3351) openwepp::assurance_v2_source_contract named_validation_isolated_from_an_unselected_broken_report
  stdout ───

    running 1 test
    test named_validation_isolated_from_an_unselected_broken_report ... FAILED

    failures:

    failures:
        named_validation_isolated_from_an_unselected_broken_report

    test result: FAILED. 0 passed; 1 failed; 0 ignored; 0 measured; 11 filtered out; finished in 0.02s

  stderr ───

    thread 'named_validation_isolated_from_an_unselected_broken_report' (320897) panicked at tests/integration/assurance_v2_source_contract.rs:662:69:
    called `Result::unwrap()` on an `Err` value: Drift("generated identity member changed: docs/specifications/science-contracts/contracts/SC-SNOWENERGY-001.md")
    note: run with `RUST_BACKTRACE=1` environment variable to display a backtrace

        FAIL [   0.035s] ( 126/3351) openwepp::assurance_v2_source_contract content_schema_contract_and_report_versions_are_enforced
  stdout ───

    running 1 test
    test content_schema_contract_and_report_versions_are_enforced ... FAILED

    failures:

    failures:
        content_schema_contract_and_report_versions_are_enforced

    test result: FAILED. 0 passed; 1 failed; 0 ignored; 0 measured; 11 filtered out; finished in 0.03s

  stderr ───

    thread 'content_schema_contract_and_report_versions_are_enforced' (320895) panicked at tests/integration/assurance_v2_source_contract.rs:662:69:
    called `Result::unwrap()` on an `Err` value: Drift("generated identity member changed: docs/specifications/science-contracts/contracts/SC-SNOWENERGY-001.md")
    note: run with `RUST_BACKTRACE=1` environment variable to display a backtrace

        FAIL [   0.049s] ( 128/3351) openwepp::assurance_v2_source_contract every_record_family_has_executable_field_consumption
  stdout ───

    running 1 test
    test every_record_family_has_executable_field_consumption ... FAILED

    failures:

    failures:
        every_record_family_has_executable_field_consumption

    test result: FAILED. 0 passed; 1 failed; 0 ignored; 0 measured; 11 filtered out; finished in 0.04s

  stderr ───

    thread 'every_record_family_has_executable_field_consumption' (320894) panicked at tests/integration/assurance_v2_source_contract.rs:662:69:
    called `Result::unwrap()` on an `Err` value: Drift("generated identity member changed: docs/specifications/science-contracts/contracts/SC-SNOWENERGY-001.md")
    note: run with `RUST_BACKTRACE=1` environment variable to display a backtrace

        FAIL [   0.030s] ( 129/3351) openwepp::assurance_v2_source_contract paths_symlinks_and_special_entries_fail_closed
  stdout ───

    running 1 test
    test paths_symlinks_and_special_entries_fail_closed ... FAILED

    failures:

    failures:
        paths_symlinks_and_special_entries_fail_closed

    test result: FAILED. 0 passed; 1 failed; 0 ignored; 0 measured; 11 filtered out; finished in 0.03s

  stderr ───

    thread 'paths_symlinks_and_special_entries_fail_closed' (320901) panicked at tests/integration/assurance_v2_source_contract.rs:662:69:
    called `Result::unwrap()` on an `Err` value: Drift("generated identity member changed: docs/specifications/science-contracts/contracts/SC-SNOWENERGY-001.md")
    note: run with `RUST_BACKTRACE=1` environment variable to display a backtrace

        FAIL [   0.048s] ( 131/3351) openwepp::assurance_v2_source_contract restricted_evidence_and_draft_lifecycle_contradictions_fail_closed
  stdout ───

    running 1 test
    test restricted_evidence_and_draft_lifecycle_contradictions_fail_closed ... FAILED

    failures:

    failures:
        restricted_evidence_and_draft_lifecycle_contradictions_fail_closed

    test result: FAILED. 0 passed; 1 failed; 0 ignored; 0 measured; 11 filtered out; finished in 0.04s

  stderr ───

    thread 'restricted_evidence_and_draft_lifecycle_contradictions_fail_closed' (320909) panicked at tests/integration/assurance_v2_source_contract.rs:662:69:
    called `Result::unwrap()` on an `Err` value: Drift("generated identity member changed: docs/specifications/science-contracts/contracts/SC-SNOWENERGY-001.md")
    note: run with `RUST_BACKTRACE=1` environment variable to display a backtrace

        FAIL [   0.026s] ( 133/3351) openwepp::assurance_v2_source_contract unknown_missing_duplicate_unresolved_and_unused_fields_fail_closed
  stdout ───

    running 1 test
    test unknown_missing_duplicate_unresolved_and_unused_fields_fail_closed ... FAILED

    failures:

    failures:
        unknown_missing_duplicate_unresolved_and_unused_fields_fail_closed

    test result: FAILED. 0 passed; 1 failed; 0 ignored; 0 measured; 11 filtered out; finished in 0.02s

  stderr ───

    thread 'unknown_missing_duplicate_unresolved_and_unused_fields_fail_closed' (320934) panicked at tests/integration/assurance_v2_source_contract.rs:662:69:
    called `Result::unwrap()` on an `Err` value: Drift("generated identity member changed: docs/specifications/science-contracts/contracts/SC-SNOWENERGY-001.md")
    note: run with `RUST_BACKTRACE=1` environment variable to display a backtrace

        FAIL [   0.046s] ( 134/3351) openwepp::assurance_v2_source_contract schema_required_nullable_fields_cannot_be_omitted
  stdout ───

    running 1 test
    test schema_required_nullable_fields_cannot_be_omitted ... FAILED

    failures:

    failures:
        schema_required_nullable_fields_cannot_be_omitted

    test result: FAILED. 0 passed; 1 failed; 0 ignored; 0 measured; 11 filtered out; finished in 0.04s

  stderr ───

    thread 'schema_required_nullable_fields_cannot_be_omitted' (320932) panicked at tests/integration/assurance_v2_source_contract.rs:662:69:
    called `Result::unwrap()` on an `Err` value: Drift("generated identity member changed: docs/specifications/science-contracts/contracts/SC-SNOWENERGY-001.md")
    note: run with `RUST_BACKTRACE=1` environment variable to display a backtrace

        FAIL [   2.134s] ( 212/3351) openwepp::assurance_v2_source_contract real_source_and_cli_validate_named_and_all_deterministically
  stdout ───

    running 1 test
    test real_source_and_cli_validate_named_and_all_deterministically ... FAILED

    failures:

    failures:
        real_source_and_cli_validate_named_and_all_deterministically

    test result: FAILED. 0 passed; 1 failed; 0 ignored; 0 measured; 11 filtered out; finished in 2.13s

  stderr ───

    thread 'real_source_and_cli_validate_named_and_all_deterministically' (320903) panicked at tests/integration/assurance_v2_source_contract.rs:34:41:
    validate all sources: Invalid("SHA-256 mismatch for identified source 'docs/specifications/science-contracts/contracts/SC-SNOWFREEZE-001.md'")
    note: run with `RUST_BACKTRACE=1` environment variable to display a backtrace

        SLOW [> 60.000s] (─────────) openwepp::assurance_v2_amendment_contract report_source_adoption_is_read_only_deterministic_and_invalidates_review_authority
        SLOW [> 90.000s] (─────────) openwepp::cqr_quality_evidence_handoff_contract cqr_quality_evidence_self_test_passes
        SLOW [>180.000s] (─────────) openwepp::cqr_quality_evidence_handoff_contract cqr_quality_evidence_self_test_passes
        SLOW [>270.000s] (─────────) openwepp::cqr_quality_evidence_handoff_contract cqr_quality_evidence_self_test_passes
        FAIL [   0.131s] ( 896/3351) openwepp::paradigm2_stage0_surface_energy_balance_contract production_runtime_sources_only_wire_stage0_flux_primitives_through_stage3_opt_in
  stdout ───

    running 1 test
    test production_runtime_sources_only_wire_stage0_flux_primitives_through_stage3_opt_in ... FAILED

    failures:

    failures:
        production_runtime_sources_only_wire_stage0_flux_primitives_through_stage3_opt_in

    test result: FAILED. 0 passed; 1 failed; 0 ignored; 0 measured; 3 filtered out; finished in 0.13s

  stderr ───

    thread 'production_runtime_sources_only_wire_stage0_flux_primitives_through_stage3_opt_in' (411826) panicked at tests/integration/paradigm2_stage0_surface_energy_balance_contract.rs:190:5:
    Stage 0 surface-energy primitives must remain unwired outside the Stage 3 opt-in boundary:
    /workdir/openWEPP/crates/openwepp-hillslope-orchestrator/src/v11_covered/physical_outcome_ledger.rs contains openwepp_meteorology::surface_energy
    note: run with `RUST_BACKTRACE=1` environment variable to display a backtrace

        FAIL [   0.008s] (1051/3351) openwepp::snow_stage3_legacy_predecessor_bridge_contract v130_protocol_and_registry_retain_claim_limits
  stdout ───

    running 1 test
    test v130_protocol_and_registry_retain_claim_limits ... FAILED

    failures:

    failures:
        v130_protocol_and_registry_retain_claim_limits

    test result: FAILED. 0 passed; 1 failed; 0 ignored; 0 measured; 4 filtered out; finished in 0.00s

  stderr ───

    thread 'v130_protocol_and_registry_retain_claim_limits' (412456) panicked at tests/integration/snow_stage3_legacy_predecessor_bridge_contract.rs:115:5:
    docs/specifications/science-contracts/index.md missing v136
    note: run with `RUST_BACKTRACE=1` environment variable to display a backtrace

        FAIL [   0.016s] (1056/3351) openwepp::snow_stage3_persistent_accumulation_shadow_contract v134_admits_exactly_one_mechanics_only_persistent_operator
  stdout ───

    running 1 test
    test v134_admits_exactly_one_mechanics_only_persistent_operator ... FAILED

    failures:

    failures:
        v134_admits_exactly_one_mechanics_only_persistent_operator

    test result: FAILED. 0 passed; 1 failed; 0 ignored; 0 measured; 2 filtered out; finished in 0.01s

  stderr ───

    thread 'v134_admits_exactly_one_mechanics_only_persistent_operator' (412469) panicked at tests/integration/snow_stage3_persistent_accumulation_shadow_contract.rs:31:5:
    assertion failed: read(INDEX).contains("v136 admits a separate default-off terminal receiver chronology")
    note: run with `RUST_BACKTRACE=1` environment variable to display a backtrace

        FAIL [   0.014s] (1065/3351) openwepp::snow_stage3_shared_carrier_authority_contract snow_energy_v18_physical_custody_is_approved_and_preserves_v17_precipitation
  stdout ───

    running 1 test
    test snow_energy_v18_physical_custody_is_approved_and_preserves_v17_precipitation ... FAILED

    failures:

    failures:
        snow_energy_v18_physical_custody_is_approved_and_preserves_v17_precipitation

    test result: FAILED. 0 passed; 1 failed; 0 ignored; 0 measured; 5 filtered out; finished in 0.01s

  stderr ───

    thread 'snow_energy_v18_physical_custody_is_approved_and_preserves_v17_precipitation' (412538) panicked at tests/integration/snow_stage3_shared_carrier_authority_contract.rs:208:5:
    assertion failed: registry.contains("v18 admits OFE/lane snow--soil boundary custody")
    note: run with `RUST_BACKTRACE=1` environment variable to display a backtrace

        FAIL [   0.008s] (1080/3351) openwepp::snow_stage3_terminal_receiver_authority_contract all_owner_failure_rolls_back_and_index_records_lifecycle
  stdout ───

    running 1 test
    test all_owner_failure_rolls_back_and_index_records_lifecycle ... FAILED

    failures:

    failures:
        all_owner_failure_rolls_back_and_index_records_lifecycle

    test result: FAILED. 0 passed; 1 failed; 0 ignored; 0 measured; 8 filtered out; finished in 0.00s

  stderr ───

    thread 'all_owner_failure_rolls_back_and_index_records_lifecycle' (412568) panicked at tests/integration/snow_stage3_terminal_receiver_authority_contract.rs:152:9:
    docs/specifications/science-contracts/index.md missing v136 admits a separate default-off terminal receiver chronology
    note: run with `RUST_BACKTRACE=1` environment variable to display a backtrace

        FAIL [   0.006s] (1095/3351) openwepp::snow_stage3_turbulent_operator_reconciliation_contract v130_retains_production_and_claim_holds
  stdout ───

    running 1 test
    test v130_retains_production_and_claim_holds ... FAILED

    failures:

    failures:
        v130_retains_production_and_claim_holds

    test result: FAILED. 0 passed; 1 failed; 0 ignored; 0 measured; 10 filtered out; finished in 0.00s

  stderr ───

    thread 'v130_retains_production_and_claim_holds' (412600) panicked at tests/integration/snow_stage3_turbulent_operator_reconciliation_contract.rs:305:9:
    docs/specifications/science-contracts/index.md missing v136
    note: run with `RUST_BACKTRACE=1` environment variable to display a backtrace

        FAIL [   0.009s] (1098/3351) openwepp::snow_stage3_turbulent_operator_reconciliation_contract v131_retains_fail_closed_authority_gaps_and_protected_boundaries
  stdout ───

    running 1 test
    test v131_retains_fail_closed_authority_gaps_and_protected_boundaries ... FAILED

    failures:

    failures:
        v131_retains_fail_closed_authority_gaps_and_protected_boundaries

    test result: FAILED. 0 passed; 1 failed; 0 ignored; 0 measured; 10 filtered out; finished in 0.01s

  stderr ───

    thread 'v131_retains_fail_closed_authority_gaps_and_protected_boundaries' (412608) panicked at tests/integration/snow_stage3_turbulent_operator_reconciliation_contract.rs:732:5:
    assertion failed: index.contains("v136 admits a separate default-off terminal receiver chronology")
    note: run with `RUST_BACKTRACE=1` environment variable to display a backtrace

        FAIL [   0.006s] (1103/3351) openwepp::snow_stage3_v11_constitutive_boundary_contract typed_attachment_excludes_rejected_live_carrier_and_rate_surfaces
  stdout ───

    running 1 test
    test typed_attachment_excludes_rejected_live_carrier_and_rate_surfaces ... FAILED

    failures:

    failures:
        typed_attachment_excludes_rejected_live_carrier_and_rate_surfaces

    test result: FAILED. 0 passed; 1 failed; 0 ignored; 0 measured; 2 filtered out; finished in 0.00s

  stderr ───

    thread 'typed_attachment_excludes_rejected_live_carrier_and_rate_surfaces' (412615) panicked at tests/integration/snow_stage3_v11_constitutive_boundary_contract.rs:64:5:
    assertion failed: attachment.contains("terminal_parcels_from_event")
    note: run with `RUST_BACKTRACE=1` environment variable to display a backtrace

        FAIL [   0.006s] (1155/3351) openwepp::snow_terminal_enthalpy_event_numerics_contract package_and_index_preserve_receiving_surface_and_production_boundaries
  stdout ───

    running 1 test
    test package_and_index_preserve_receiving_surface_and_production_boundaries ... FAILED

    failures:

    failures:
        package_and_index_preserve_receiving_surface_and_production_boundaries

    test result: FAILED. 0 passed; 1 failed; 0 ignored; 0 measured; 2 filtered out; finished in 0.00s

  stderr ───

    thread 'package_and_index_preserve_receiving_surface_and_production_boundaries' (412721) panicked at tests/integration/snow_terminal_enthalpy_event_numerics_contract.rs:66:5:
    assertion failed: index.contains("v18 admits OFE/lane snow--soil boundary custody")
    note: run with `RUST_BACKTRACE=1` environment variable to display a backtrace

        FAIL [   0.027s] (1382/3351) openwepp-assurance cli::tests::amendment_recovery_command_reaches_typed_backend
  stdout ───

    running 1 test
    test cli::tests::amendment_recovery_command_reaches_typed_backend ... FAILED

    failures:

    failures:
        cli::tests::amendment_recovery_command_reaches_typed_backend

    test result: FAILED. 0 passed; 1 failed; 0 ignored; 0 measured; 31 filtered out; finished in 0.02s

  stderr ───

    thread 'cli::tests::amendment_recovery_command_reaches_typed_backend' (413996) panicked at crates/openwepp-assurance/src/cli.rs:1271:18:
    calculate implementation rebind: Drift("generated identity member changed: docs/specifications/science-contracts/contracts/SC-SNOWENERGY-001.md")
    note: run with `RUST_BACKTRACE=1` environment variable to display a backtrace

        FAIL [   0.026s] (1384/3351) openwepp-assurance cli::tests::inspect_and_lifecycle_commands_cover_human_json_and_request_paths
  stdout ───

    running 1 test
    test cli::tests::inspect_and_lifecycle_commands_cover_human_json_and_request_paths ... FAILED

    failures:

    failures:
        cli::tests::inspect_and_lifecycle_commands_cover_human_json_and_request_paths

    test result: FAILED. 0 passed; 1 failed; 0 ignored; 0 measured; 31 filtered out; finished in 0.02s

  stderr ───

    thread 'cli::tests::inspect_and_lifecycle_commands_cover_human_json_and_request_paths' (414000) panicked at crates/openwepp-assurance/src/cli.rs:1413:14:
    called `Result::unwrap()` on an `Err` value: Drift("generated identity member changed: docs/specifications/science-contracts/contracts/SC-SNOWENERGY-001.md")
    note: run with `RUST_BACKTRACE=1` environment variable to display a backtrace

        FAIL [   0.033s] (1388/3351) openwepp-assurance v2::assembly::tests::post_install_source_drift_restores_prior_bytes_without_timing
  stdout ───

    running 1 test
    test v2::assembly::tests::post_install_source_drift_restores_prior_bytes_without_timing ... FAILED

    failures:

    failures:
        v2::assembly::tests::post_install_source_drift_restores_prior_bytes_without_timing

    test result: FAILED. 0 passed; 1 failed; 0 ignored; 0 measured; 31 filtered out; finished in 0.03s

  stderr ───

    thread 'v2::assembly::tests::post_install_source_drift_restores_prior_bytes_without_timing' (414008) panicked at crates/openwepp-assurance/src/v2/assembly.rs:2065:60:
    copy exact v2 fixture: Drift("generated identity member changed: docs/specifications/science-contracts/contracts/SC-SNOWENERGY-001.md")
    note: run with `RUST_BACKTRACE=1` environment variable to display a backtrace

        FAIL [   0.027s] (1408/3351) openwepp-assurance v2::transaction::tests::adoption_selected_source_race_preserves_the_active_generation
  stdout ───

    running 1 test
    test v2::transaction::tests::adoption_selected_source_race_preserves_the_active_generation ... FAILED

    failures:

    failures:
        v2::transaction::tests::adoption_selected_source_race_preserves_the_active_generation

    test result: FAILED. 0 passed; 1 failed; 0 ignored; 0 measured; 31 filtered out; finished in 0.02s

  stderr ───

    thread 'v2::transaction::tests::adoption_selected_source_race_preserves_the_active_generation' (414048) panicked at crates/openwepp-assurance/src/v2/transaction.rs:710:65:
    copy fixture: Drift("generated identity member changed: docs/specifications/science-contracts/contracts/SC-SNOWENERGY-001.md")
    note: run with `RUST_BACKTRACE=1` environment variable to display a backtrace

        FAIL [   0.031s] (1409/3351) openwepp-assurance v2::transaction::tests::committed_cleanup_fault_leaves_new_generation_and_typed_recovery_state
  stdout ───

    running 1 test
    test v2::transaction::tests::committed_cleanup_fault_leaves_new_generation_and_typed_recovery_state ... FAILED

    failures:

    failures:
        v2::transaction::tests::committed_cleanup_fault_leaves_new_generation_and_typed_recovery_state

    test result: FAILED. 0 passed; 1 failed; 0 ignored; 0 measured; 31 filtered out; finished in 0.03s

  stderr ───

    thread 'v2::transaction::tests::committed_cleanup_fault_leaves_new_generation_and_typed_recovery_state' (414050) panicked at crates/openwepp-assurance/src/v2/transaction.rs:742:65:
    copy fixture: Drift("generated identity member changed: docs/specifications/science-contracts/contracts/SC-SNOWENERGY-001.md")
    note: run with `RUST_BACKTRACE=1` environment variable to display a backtrace

        FAIL [   0.032s] (1410/3351) openwepp-assurance v2::transaction::tests::every_precommit_fault_preserves_the_active_generation
  stdout ───

    running 1 test
    test v2::transaction::tests::every_precommit_fault_preserves_the_active_generation ... FAILED

    failures:

    failures:
        v2::transaction::tests::every_precommit_fault_preserves_the_active_generation

    test result: FAILED. 0 passed; 1 failed; 0 ignored; 0 measured; 31 filtered out; finished in 0.03s

  stderr ───

    thread 'v2::transaction::tests::every_precommit_fault_preserves_the_active_generation' (414052) panicked at crates/openwepp-assurance/src/v2/transaction.rs:690:69:
    copy fixture: Drift("generated identity member changed: docs/specifications/science-contracts/contracts/SC-SNOWENERGY-001.md")
    note: run with `RUST_BACKTRACE=1` environment variable to display a backtrace

        FAIL [   0.027s] (1411/3351) openwepp-assurance v2::transaction::tests::recovery_tree_verifier_checks_the_selected_generation_members
  stdout ───

    running 1 test
    test v2::transaction::tests::recovery_tree_verifier_checks_the_selected_generation_members ... FAILED

    failures:

    failures:
        v2::transaction::tests::recovery_tree_verifier_checks_the_selected_generation_members

    test result: FAILED. 0 passed; 1 failed; 0 ignored; 0 measured; 31 filtered out; finished in 0.02s

  stderr ───

    thread 'v2::transaction::tests::recovery_tree_verifier_checks_the_selected_generation_members' (414054) panicked at crates/openwepp-assurance/src/v2/transaction.rs:771:65:
    copy fixture: Drift("generated identity member changed: docs/specifications/science-contracts/contracts/SC-SNOWENERGY-001.md")
    note: run with `RUST_BACKTRACE=1` environment variable to display a backtrace

        FAIL [   0.024s] (1707/3351) openwepp-hillslope-orchestrator hydrology::support_helpers_mod::runoff_reconciliation::stage3_solver::stage3_evaluation_validation_tests::persistent_tests::persistent_support_evaluator_runs_one_admitted_parent_support
  stdout ───

    running 1 test
    test hydrology::support_helpers_mod::runoff_reconciliation::stage3_solver::stage3_evaluation_validation_tests::persistent_tests::persistent_support_evaluator_runs_one_admitted_parent_support ... FAILED

    failures:

    failures:
        hydrology::support_helpers_mod::runoff_reconciliation::stage3_solver::stage3_evaluation_validation_tests::persistent_tests::persistent_support_evaluator_runs_one_admitted_parent_support

    test result: FAILED. 0 passed; 1 failed; 0 ignored; 0 measured; 860 filtered out; finished in 0.02s

  stderr ───

    thread 'hydrology::support_helpers_mod::runoff_reconciliation::stage3_solver::stage3_evaluation_validation_tests::persistent_tests::persistent_support_evaluator_runs_one_admitted_parent_support' (414714) panicked at crates/openwepp-hillslope-orchestrator/src/hydrology/support_helpers_mod/runoff_reconciliation/stage3_solver/stage3_evaluation_validation_tests/persistent_tests.rs:224:6:
    one parent support must use the actual terminal solver: TerminalNumerics(BelowCarrierDomain)
    note: run with `RUST_BACKTRACE=1` environment variable to display a backtrace

        FAIL [   0.006s] (1709/3351) openwepp-hillslope-orchestrator hydrology::support_helpers_mod::runoff_reconciliation::stage3_solver::stage3_evaluation_validation_tests::persistent_tests::terminal_event_request_is_state_bound_and_censors_remaining_time
  stdout ───

    running 1 test
    test hydrology::support_helpers_mod::runoff_reconciliation::stage3_solver::stage3_evaluation_validation_tests::persistent_tests::terminal_event_request_is_state_bound_and_censors_remaining_time ... FAILED

    failures:

    failures:
        hydrology::support_helpers_mod::runoff_reconciliation::stage3_solver::stage3_evaluation_validation_tests::persistent_tests::terminal_event_request_is_state_bound_and_censors_remaining_time

    test result: FAILED. 0 passed; 1 failed; 0 ignored; 0 measured; 860 filtered out; finished in 0.00s

  stderr ───

    thread 'hydrology::support_helpers_mod::runoff_reconciliation::stage3_solver::stage3_evaluation_validation_tests::persistent_tests::terminal_event_request_is_state_bound_and_censors_remaining_time' (414719) panicked at crates/openwepp-hillslope-orchestrator/src/hydrology/support_helpers_mod/runoff_reconciliation/stage3_solver/stage3_evaluation_validation_tests/persistent_tests.rs:181:6:
    called `Result::unwrap()` on an `Err` value: TerminalNumerics(BelowCarrierDomain)
    note: run with `RUST_BACKTRACE=1` environment variable to display a backtrace

        FAIL [   0.006s] (1711/3351) openwepp-hillslope-orchestrator hydrology::support_helpers_mod::runoff_reconciliation::stage3_solver::stage3_evaluation_validation_tests::persistent_tests::terminal_no_event_refreeze_closes_persistent_day
  stdout ───

    running 1 test
    test hydrology::support_helpers_mod::runoff_reconciliation::stage3_solver::stage3_evaluation_validation_tests::persistent_tests::terminal_no_event_refreeze_closes_persistent_day ... FAILED

    failures:

    failures:
        hydrology::support_helpers_mod::runoff_reconciliation::stage3_solver::stage3_evaluation_validation_tests::persistent_tests::terminal_no_event_refreeze_closes_persistent_day

    test result: FAILED. 0 passed; 1 failed; 0 ignored; 0 measured; 860 filtered out; finished in 0.00s

  stderr ───

    thread 'hydrology::support_helpers_mod::runoff_reconciliation::stage3_solver::stage3_evaluation_validation_tests::persistent_tests::terminal_no_event_refreeze_closes_persistent_day' (414723) panicked at crates/openwepp-hillslope-orchestrator/src/hydrology/support_helpers_mod/runoff_reconciliation/stage3_solver/stage3_evaluation_validation_tests/persistent_tests.rs:341:6:
    called `Result::unwrap()` on an `Err` value: TerminalNumerics(BelowCarrierDomain)
    note: run with `RUST_BACKTRACE=1` environment variable to display a backtrace

        FAIL [   1.568s] (2215/3351) openwepp-hillslope-orchestrator v9_real_consumer_shadow::tests::coupled_hard_boundary_truncates_selected_900_second_child
  stdout ───

    running 1 test
    test v9_real_consumer_shadow::tests::coupled_hard_boundary_truncates_selected_900_second_child ... FAILED

    failures:

    failures:
        v9_real_consumer_shadow::tests::coupled_hard_boundary_truncates_selected_900_second_child

    test result: FAILED. 0 passed; 1 failed; 0 ignored; 0 measured; 860 filtered out; finished in 1.56s

  stderr ───

    thread 'v9_real_consumer_shadow::tests::coupled_hard_boundary_truncates_selected_900_second_child' (415990) panicked at crates/openwepp-hillslope-orchestrator/src/v9_real_consumer_shadow_wb14_tests.rs:1296:10:
    synchronized covered parent cadence: Stage3(Kernel(StateSymbolOutOfRange { phase_class: HydrologyRunoffReconciliation, symbol: BoundarySymbol("snow.stage3_terminal_persistent_identity_or_model"), value: 1.0, minimum: Some(0.0), maximum: Some(0.0) }))
    note: run with `RUST_BACKTRACE=1` environment variable to display a backtrace

        FAIL [   1.581s] (2223/3351) openwepp-hillslope-orchestrator v9_real_consumer_shadow::tests::latest_accepted_stage3_state_changes_next_wb14_proposal
  stdout ───

    running 1 test
    test v9_real_consumer_shadow::tests::latest_accepted_stage3_state_changes_next_wb14_proposal ... FAILED

    failures:

    failures:
        v9_real_consumer_shadow::tests::latest_accepted_stage3_state_changes_next_wb14_proposal

    test result: FAILED. 0 passed; 1 failed; 0 ignored; 0 measured; 860 filtered out; finished in 1.57s

  stderr ───

    thread 'v9_real_consumer_shadow::tests::latest_accepted_stage3_state_changes_next_wb14_proposal' (416145) panicked at crates/openwepp-hillslope-orchestrator/src/v9_real_consumer_shadow_wb14_tests.rs:1296:10:
    synchronized covered parent cadence: Stage3(Kernel(StateSymbolOutOfRange { phase_class: HydrologyRunoffReconciliation, symbol: BoundarySymbol("snow.stage3_terminal_persistent_identity_or_model"), value: 1.0, minimum: Some(0.0), maximum: Some(0.0) }))
    note: run with `RUST_BACKTRACE=1` environment variable to display a backtrace

        FAIL [   1.649s] (2228/3351) openwepp-hillslope-orchestrator v9_real_consumer_shadow::tests::one_1800_second_child_matches_complete_historical_candidate
  stdout ───

    running 1 test
    test v9_real_consumer_shadow::tests::one_1800_second_child_matches_complete_historical_candidate ... FAILED

    failures:

    failures:
        v9_real_consumer_shadow::tests::one_1800_second_child_matches_complete_historical_candidate

    test result: FAILED. 0 passed; 1 failed; 0 ignored; 0 measured; 860 filtered out; finished in 1.64s

  stderr ───

    thread 'v9_real_consumer_shadow::tests::one_1800_second_child_matches_complete_historical_candidate' (416221) panicked at crates/openwepp-hillslope-orchestrator/src/v9_real_consumer_shadow_wb14_tests.rs:1296:10:
    synchronized covered parent cadence: Stage3(Kernel(StateSymbolOutOfRange { phase_class: HydrologyRunoffReconciliation, symbol: BoundarySymbol("snow.stage3_terminal_persistent_identity_or_model"), value: 1.0, minimum: Some(0.0), maximum: Some(0.0) }))
    note: run with `RUST_BACKTRACE=1` environment variable to display a backtrace

        FAIL [  21.716s] (2232/3351) openwepp-hillslope-orchestrator v9_real_consumer_shadow::tests::interior_terminal_event_runs_covered_event_and_snow_free_remainder
  stdout ───

    running 1 test
    test v9_real_consumer_shadow::tests::interior_terminal_event_runs_covered_event_and_snow_free_remainder ... FAILED

    failures:

    failures:
        v9_real_consumer_shadow::tests::interior_terminal_event_runs_covered_event_and_snow_free_remainder

    test result: FAILED. 0 passed; 1 failed; 0 ignored; 0 measured; 860 filtered out; finished in 21.71s

  stderr ───

    thread 'v9_real_consumer_shadow::tests::interior_terminal_event_runs_covered_event_and_snow_free_remainder' (416141) panicked at crates/openwepp-hillslope-orchestrator/src/v9_real_consumer_shadow_wb14_tests.rs:1296:10:
    synchronized covered parent cadence: Stage3(TerminalNumerics(BelowCarrierDomain))
    note: run with `RUST_BACKTRACE=1` environment variable to display a backtrace

        FAIL [   0.154s] (2233/3351) openwepp-hillslope-orchestrator v9_real_consumer_shadow::tests::resolved_snow_and_snow_free_lanes_publish_one_atomic_parent
  stdout ───

    running 1 test
    test v9_real_consumer_shadow::tests::resolved_snow_and_snow_free_lanes_publish_one_atomic_parent ... FAILED

    failures:

    failures:
        v9_real_consumer_shadow::tests::resolved_snow_and_snow_free_lanes_publish_one_atomic_parent

    test result: FAILED. 0 passed; 1 failed; 0 ignored; 0 measured; 860 filtered out; finished in 0.15s

  stderr ───

    thread 'v9_real_consumer_shadow::tests::resolved_snow_and_snow_free_lanes_publish_one_atomic_parent' (416488) panicked at crates/openwepp-hillslope-orchestrator/src/v9_real_consumer_shadow_wb14_tests.rs:498:10:
    real mixed covered/open OFE execution: Executor(Identity("covered carrier lane/OFE set"))
    note: run with `RUST_BACKTRACE=1` environment variable to display a backtrace

        FAIL [   0.156s] (2239/3351) openwepp-hillslope-orchestrator v9_real_consumer_shadow::tests::two_resolved_snow_lanes_choose_common_earliest_cadence
  stdout ───

    running 1 test
    test v9_real_consumer_shadow::tests::two_resolved_snow_lanes_choose_common_earliest_cadence ... FAILED

    failures:

    failures:
        v9_real_consumer_shadow::tests::two_resolved_snow_lanes_choose_common_earliest_cadence

    test result: FAILED. 0 passed; 1 failed; 0 ignored; 0 measured; 860 filtered out; finished in 0.15s

  stderr ───

    thread 'v9_real_consumer_shadow::tests::two_resolved_snow_lanes_choose_common_earliest_cadence' (416567) panicked at crates/openwepp-hillslope-orchestrator/src/v9_real_consumer_shadow_wb14_tests.rs:498:10:
    real mixed covered/open OFE execution: Executor(Identity("covered carrier lane/OFE set"))
    note: run with `RUST_BACKTRACE=1` environment variable to display a backtrace

        FAIL [   0.052s] (2243/3351) openwepp-hillslope-orchestrator v9_real_consumer_shadow::tests::v10_midnight_failure_rolls_back_every_shadow_owner_exactly
  stdout ───

    running 1 test
    test v9_real_consumer_shadow::tests::v10_midnight_failure_rolls_back_every_shadow_owner_exactly ... FAILED

    failures:

    failures:
        v9_real_consumer_shadow::tests::v10_midnight_failure_rolls_back_every_shadow_owner_exactly

    test result: FAILED. 0 passed; 1 failed; 0 ignored; 0 measured; 860 filtered out; finished in 0.05s

  stderr ───

    thread 'v9_real_consumer_shadow::tests::v10_midnight_failure_rolls_back_every_shadow_owner_exactly' (416577) panicked at crates/openwepp-hillslope-orchestrator/src/v9_real_consumer_shadow_tests.rs:1925:9:
    assertion failed: matches!(shadow.execute_first_interval_for_test(&input),
        Err(DirectV10RealConsumerError::Runtime(DirectV9RealConsumerError::Unsupported("forcing transaction, cadence, or snow domain"))))
    note: run with `RUST_BACKTRACE=1` environment variable to display a backtrace

        FAIL [   1.471s] (2244/3351) openwepp-hillslope-orchestrator v9_real_consumer_shadow::tests::two_900_second_complete_owner_children_publish_one_parent
  stdout ───

    running 1 test
    test v9_real_consumer_shadow::tests::two_900_second_complete_owner_children_publish_one_parent ... FAILED

    failures:

    failures:
        v9_real_consumer_shadow::tests::two_900_second_complete_owner_children_publish_one_parent

    test result: FAILED. 0 passed; 1 failed; 0 ignored; 0 measured; 860 filtered out; finished in 1.46s

  stderr ───

    thread 'v9_real_consumer_shadow::tests::two_900_second_complete_owner_children_publish_one_parent' (416565) panicked at crates/openwepp-hillslope-orchestrator/src/v9_real_consumer_shadow_wb14_tests.rs:1296:10:
    synchronized covered parent cadence: Stage3(Kernel(StateSymbolOutOfRange { phase_class: HydrologyRunoffReconciliation, symbol: BoundarySymbol("snow.stage3_terminal_persistent_identity_or_model"), value: 1.0, minimum: Some(0.0), maximum: Some(0.0) }))
    note: run with `RUST_BACKTRACE=1` environment variable to display a backtrace

        SLOW [> 90.000s] (─────────) openwepp::snowdensity05e_melt_adjudication coe_melt_snowbench_runs_both_models_as_diagnostic_only
────────────
     Summary [ 732.538s] 3351 tests run: 3250 passed (3 slow), 101 failed, 6 skipped
        FAIL [   0.029s] (  38/3351) openwepp::assurance_v2_amendment_contract attribution_check_is_read_only_and_apply_is_layer_proportional
  stdout ───

    running 1 test
    test attribution_check_is_read_only_and_apply_is_layer_proportional ... FAILED

    failures:

    failures:
        attribution_check_is_read_only_and_apply_is_layer_proportional

    test result: FAILED. 0 passed; 1 failed; 0 ignored; 0 measured; 24 filtered out; finished in 0.03s

  stderr ───

    thread 'attribution_check_is_read_only_and_apply_is_layer_proportional' (319863) panicked at tests/integration/assurance_v2_amendment_contract.rs:1498:80:
    called `Result::unwrap()` on an `Err` value: Drift("generated identity member changed: docs/specifications/science-contracts/contracts/SC-SNOWENERGY-001.md")
    note: run with `RUST_BACKTRACE=1` environment variable to display a backtrace

        FAIL [   0.028s] (  39/3351) openwepp::assurance_v2_amendment_contract implementation_rebind_adopts_only_the_finite_contract_surface
  stdout ───

    running 1 test
    test implementation_rebind_adopts_only_the_finite_contract_surface ... FAILED

    failures:

    failures:
        implementation_rebind_adopts_only_the_finite_contract_surface

    test result: FAILED. 0 passed; 1 failed; 0 ignored; 0 measured; 24 filtered out; finished in 0.02s

  stderr ───

    thread 'implementation_rebind_adopts_only_the_finite_contract_surface' (319916) panicked at tests/integration/assurance_v2_amendment_contract.rs:1498:80:
    called `Result::unwrap()` on an `Err` value: Drift("generated identity member changed: docs/specifications/science-contracts/contracts/SC-SNOWENERGY-001.md")
    note: run with `RUST_BACKTRACE=1` environment variable to display a backtrace

        FAIL [   0.030s] (  40/3351) openwepp::assurance_v2_amendment_contract inspect_exposes_layered_identity_without_mutation
  stdout ───

    running 1 test
    test inspect_exposes_layered_identity_without_mutation ... FAILED

    failures:

    failures:
        inspect_exposes_layered_identity_without_mutation

    test result: FAILED. 0 passed; 1 failed; 0 ignored; 0 measured; 24 filtered out; finished in 0.02s

  stderr ───

    thread 'inspect_exposes_layered_identity_without_mutation' (319958) panicked at tests/integration/assurance_v2_amendment_contract.rs:251:50:
    called `Result::unwrap()` on an `Err` value: Drift("generated identity member changed: docs/specifications/science-contracts/contracts/SC-SNOWENERGY-001.md")
    note: run with `RUST_BACKTRACE=1` environment variable to display a backtrace

        FAIL [   0.029s] (  42/3351) openwepp::assurance_v2_amendment_contract manifest_adoption_accepts_complete_owned_internal_source_set
  stdout ───

    running 1 test
    test manifest_adoption_accepts_complete_owned_internal_source_set ... FAILED

    failures:

    failures:
        manifest_adoption_accepts_complete_owned_internal_source_set

    test result: FAILED. 0 passed; 1 failed; 0 ignored; 0 measured; 24 filtered out; finished in 0.03s

  stderr ───

    thread 'manifest_adoption_accepts_complete_owned_internal_source_set' (320001) panicked at tests/integration/assurance_v2_amendment_contract.rs:1498:80:
    called `Result::unwrap()` on an `Err` value: Drift("generated identity member changed: docs/specifications/science-contracts/contracts/SC-SNOWENERGY-001.md")
    note: run with `RUST_BACKTRACE=1` environment variable to display a backtrace

        FAIL [   0.027s] (  44/3351) openwepp::assurance_v2_amendment_contract manifest_adoption_admits_new_declared_external_local_content
  stdout ───

    running 1 test
    test manifest_adoption_admits_new_declared_external_local_content ... FAILED

    failures:

    failures:
        manifest_adoption_admits_new_declared_external_local_content

    test result: FAILED. 0 passed; 1 failed; 0 ignored; 0 measured; 24 filtered out; finished in 0.02s

  stderr ───

    thread 'manifest_adoption_admits_new_declared_external_local_content' (320031) panicked at tests/integration/assurance_v2_amendment_contract.rs:1498:80:
    called `Result::unwrap()` on an `Err` value: Drift("generated identity member changed: docs/specifications/science-contracts/contracts/SC-SNOWENERGY-001.md")
    note: run with `RUST_BACKTRACE=1` environment variable to display a backtrace

        FAIL [   0.028s] (  45/3351) openwepp::assurance_v2_amendment_contract manifest_adoption_rejects_invalid_new_external_sources_without_mutation
  stdout ───

    running 1 test
    test manifest_adoption_rejects_invalid_new_external_sources_without_mutation ... FAILED

    failures:

    failures:
        manifest_adoption_rejects_invalid_new_external_sources_without_mutation

    test result: FAILED. 0 passed; 1 failed; 0 ignored; 0 measured; 24 filtered out; finished in 0.02s

  stderr ───

    thread 'manifest_adoption_rejects_invalid_new_external_sources_without_mutation' (320044) panicked at tests/integration/assurance_v2_amendment_contract.rs:1498:80:
    called `Result::unwrap()` on an `Err` value: Drift("generated identity member changed: docs/specifications/science-contracts/contracts/SC-SNOWENERGY-001.md")
    note: run with `RUST_BACKTRACE=1` environment variable to display a backtrace

        FAIL [   0.042s] (  47/3351) openwepp::assurance_v2_amendment_contract manifest_adoption_rejects_drift_owned_by_another_report
  stdout ───

    running 1 test
    test manifest_adoption_rejects_drift_owned_by_another_report ... FAILED

    failures:

    failures:
        manifest_adoption_rejects_drift_owned_by_another_report

    test result: FAILED. 0 passed; 1 failed; 0 ignored; 0 measured; 24 filtered out; finished in 0.04s

  stderr ───

    thread 'manifest_adoption_rejects_drift_owned_by_another_report' (320041) panicked at tests/integration/assurance_v2_amendment_contract.rs:1498:80:
    called `Result::unwrap()` on an `Err` value: Drift("generated identity member changed: docs/specifications/science-contracts/contracts/SC-SNOWENERGY-001.md")
    note: run with `RUST_BACKTRACE=1` environment variable to display a backtrace

        FAIL [   0.026s] (  48/3351) openwepp::assurance_v2_amendment_contract new_report_admission_checks_applies_and_repeats_as_no_op
  stdout ───

    running 1 test
    test new_report_admission_checks_applies_and_repeats_as_no_op ... FAILED

    failures:

    failures:
        new_report_admission_checks_applies_and_repeats_as_no_op

    test result: FAILED. 0 passed; 1 failed; 0 ignored; 0 measured; 24 filtered out; finished in 0.02s

  stderr ───

    thread 'new_report_admission_checks_applies_and_repeats_as_no_op' (320050) panicked at tests/integration/assurance_v2_amendment_contract.rs:1498:80:
    called `Result::unwrap()` on an `Err` value: Drift("generated identity member changed: docs/specifications/science-contracts/contracts/SC-SNOWENERGY-001.md")
    note: run with `RUST_BACKTRACE=1` environment variable to display a backtrace

        FAIL [   0.027s] (  49/3351) openwepp::assurance_v2_amendment_contract production_generation_chain_and_recovery_inspection_are_current
  stdout ───

    running 1 test
    test production_generation_chain_and_recovery_inspection_are_current ... FAILED

    failures:

    failures:
        production_generation_chain_and_recovery_inspection_are_current

    test result: FAILED. 0 passed; 1 failed; 0 ignored; 0 measured; 24 filtered out; finished in 0.02s

  stderr ───

    thread 'production_generation_chain_and_recovery_inspection_are_current' (320057) panicked at tests/integration/assurance_v2_amendment_contract.rs:627:55:
    called `Result::unwrap()` on an `Err` value: Drift("generated identity member changed: docs/specifications/science-contracts/contracts/SC-SNOWENERGY-001.md")
    note: run with `RUST_BACKTRACE=1` environment variable to display a backtrace

        FAIL [   0.043s] (  52/3351) openwepp::assurance_v2_amendment_contract report_source_adoption_rejects_noncanonical_unchanged_reset_repair
  stdout ───

    running 1 test
    test report_source_adoption_rejects_noncanonical_unchanged_reset_repair ... FAILED

    failures:

    failures:
        report_source_adoption_rejects_noncanonical_unchanged_reset_repair

    test result: FAILED. 0 passed; 1 failed; 0 ignored; 0 measured; 24 filtered out; finished in 0.04s

  stderr ───

    thread 'report_source_adoption_rejects_noncanonical_unchanged_reset_repair' (320065) panicked at tests/integration/assurance_v2_amendment_contract.rs:1498:80:
    called `Result::unwrap()` on an `Err` value: Drift("generated identity member changed: docs/specifications/science-contracts/contracts/SC-SNOWENERGY-001.md")
    note: run with `RUST_BACKTRACE=1` environment variable to display a backtrace

        FAIL [   0.029s] (  55/3351) openwepp::assurance_v2_amendment_contract role_assignment_is_typed_receipted_and_idempotent
  stdout ───

    running 1 test
    test role_assignment_is_typed_receipted_and_idempotent ... FAILED

    failures:

    failures:
        role_assignment_is_typed_receipted_and_idempotent

    test result: FAILED. 0 passed; 1 failed; 0 ignored; 0 measured; 24 filtered out; finished in 0.02s

  stderr ───

    thread 'role_assignment_is_typed_receipted_and_idempotent' (320101) panicked at tests/integration/assurance_v2_amendment_contract.rs:1498:80:
    called `Result::unwrap()` on an `Err` value: Drift("generated identity member changed: docs/specifications/science-contracts/contracts/SC-SNOWENERGY-001.md")
    note: run with `RUST_BACKTRACE=1` environment variable to display a backtrace

        FAIL [   0.046s] (  56/3351) openwepp::assurance_v2_amendment_contract stale_optional_generation_rejects_check_and_apply_without_writes
  stdout ───

    running 1 test
    test stale_optional_generation_rejects_check_and_apply_without_writes ... FAILED

    failures:

    failures:
        stale_optional_generation_rejects_check_and_apply_without_writes

    test result: FAILED. 0 passed; 1 failed; 0 ignored; 0 measured; 24 filtered out; finished in 0.04s

  stderr ───

    thread 'stale_optional_generation_rejects_check_and_apply_without_writes' (320103) panicked at tests/integration/assurance_v2_amendment_contract.rs:1498:80:
    called `Result::unwrap()` on an `Err` value: Drift("generated identity member changed: docs/specifications/science-contracts/contracts/SC-SNOWENERGY-001.md")
    note: run with `RUST_BACKTRACE=1` environment variable to display a backtrace

        FAIL [   2.193s] (  57/3351) openwepp::assurance_dossier_build_contract public_builder_stays_zero_report_while_validation_admits_internal_v2
  stdout ───

    running 1 test
    test public_builder_stays_zero_report_while_validation_admits_internal_v2 ... FAILED

    failures:

    failures:
        public_builder_stays_zero_report_while_validation_admits_internal_v2

    test result: FAILED. 0 passed; 1 failed; 0 ignored; 0 measured; 12 filtered out; finished in 2.19s

  stderr ───

    thread 'public_builder_stays_zero_report_while_validation_admits_internal_v2' (319830) panicked at tests/integration/assurance_dossier_build_contract.rs:38:10:
    run public and internal-source validate CLI: Invalid("SHA-256 mismatch for identified source 'docs/specifications/science-contracts/contracts/SC-SNOWFREEZE-001.md'")
    note: run with `RUST_BACKTRACE=1` environment variable to display a backtrace

        FAIL [  11.927s] (  58/3351) openwepp::assurance_v2_assembly_contract canopy_named_and_all_builds_are_byte_equivalent_and_complete
  stdout ───

    running 1 test
    test canopy_named_and_all_builds_are_byte_equivalent_and_complete ... FAILED

    failures:

    failures:
        canopy_named_and_all_builds_are_byte_equivalent_and_complete

    test result: FAILED. 0 passed; 1 failed; 0 ignored; 0 measured; 8 filtered out; finished in 11.92s

  stderr ───

    thread 'canopy_named_and_all_builds_are_byte_equivalent_and_complete' (320218) panicked at tests/integration/assurance_v2_assembly_contract.rs:101:10:
    build complete catalog: Invalid("report 'snow-and-frozen-soil-process-evaluation' is not current and cannot be assembled")
    note: run with `RUST_BACKTRACE=1` environment variable to display a backtrace

        FAIL [   0.041s] (  59/3351) openwepp::assurance_v2_assembly_contract malformed_duplicate_unsafe_link_and_inaccessible_figure_fail_closed
  stdout ───

    running 1 test
    test malformed_duplicate_unsafe_link_and_inaccessible_figure_fail_closed ... FAILED

    failures:

    failures:
        malformed_duplicate_unsafe_link_and_inaccessible_figure_fail_closed

    test result: FAILED. 0 passed; 1 failed; 0 ignored; 0 measured; 8 filtered out; finished in 0.04s

  stderr ───

    thread 'malformed_duplicate_unsafe_link_and_inaccessible_figure_fail_closed' (320287) panicked at tests/integration/assurance_v2_assembly_contract.rs:738:69:
    called `Result::unwrap()` on an `Err` value: Drift("generated identity member changed: docs/specifications/science-contracts/contracts/SC-SNOWENERGY-001.md")
    note: run with `RUST_BACKTRACE=1` environment variable to display a backtrace

        FAIL [   0.043s] (  60/3351) openwepp::assurance_v2_assembly_contract manifest_markdown_metadata_is_escaped_without_creating_external_links
  stdout ───

    running 1 test
    test manifest_markdown_metadata_is_escaped_without_creating_external_links ... FAILED

    failures:

    failures:
        manifest_markdown_metadata_is_escaped_without_creating_external_links

    test result: FAILED. 0 passed; 1 failed; 0 ignored; 0 measured; 8 filtered out; finished in 0.04s

  stderr ───

    thread 'manifest_markdown_metadata_is_escaped_without_creating_external_links' (320289) panicked at tests/integration/assurance_v2_assembly_contract.rs:738:69:
    called `Result::unwrap()` on an `Err` value: Drift("generated identity member changed: docs/specifications/science-contracts/contracts/SC-SNOWENERGY-001.md")
    note: run with `RUST_BACKTRACE=1` environment variable to display a backtrace

        FAIL [   0.042s] (  61/3351) openwepp::assurance_v2_assembly_contract mtime_changes_do_not_affect_assembly_bytes
  stdout ───

    running 1 test
    test mtime_changes_do_not_affect_assembly_bytes ... FAILED

    failures:

    failures:
        mtime_changes_do_not_affect_assembly_bytes

    test result: FAILED. 0 passed; 1 failed; 0 ignored; 0 measured; 8 filtered out; finished in 0.04s

  stderr ───

    thread 'mtime_changes_do_not_affect_assembly_bytes' (320291) panicked at tests/integration/assurance_v2_assembly_contract.rs:738:69:
    called `Result::unwrap()` on an `Err` value: Drift("generated identity member changed: docs/specifications/science-contracts/contracts/SC-SNOWENERGY-001.md")
    note: run with `RUST_BACKTRACE=1` environment variable to display a backtrace

        FAIL [   2.265s] (  62/3351) openwepp::assurance_v2_assembly_contract real_cli_selects_v2_staging_without_weakening_zero_public_operations
  stdout ───

    running 1 test
    test real_cli_selects_v2_staging_without_weakening_zero_public_operations ... FAILED

    failures:

    failures:
        real_cli_selects_v2_staging_without_weakening_zero_public_operations

    test result: FAILED. 0 passed; 1 failed; 0 ignored; 0 measured; 8 filtered out; finished in 2.26s

  stderr ───

    thread 'real_cli_selects_v2_staging_without_weakening_zero_public_operations' (320293) panicked at tests/integration/assurance_v2_assembly_contract.rs:558:6:
    build all reports through real CLI: Invalid("report 'snow-and-frozen-soil-process-evaluation' is not current and cannot be assembled")
    note: run with `RUST_BACKTRACE=1` environment variable to display a backtrace

        FAIL [   1.666s] (  63/3351) openwepp::assurance_v2_assembly_contract real_named_and_all_builds_are_deterministic_equivalent_and_checkable
  stdout ───

    running 1 test
    test real_named_and_all_builds_are_deterministic_equivalent_and_checkable ... FAILED

    failures:

    failures:
        real_named_and_all_builds_are_deterministic_equivalent_and_checkable

    test result: FAILED. 0 passed; 1 failed; 0 ignored; 0 measured; 8 filtered out; finished in 1.66s

  stderr ───

    thread 'real_named_and_all_builds_are_deterministic_equivalent_and_checkable' (320361) panicked at tests/integration/assurance_v2_assembly_contract.rs:37:10:
    build all reports: Invalid("report 'snow-and-frozen-soil-process-evaluation' is not current and cannot be assembled")
    note: run with `RUST_BACKTRACE=1` environment variable to display a backtrace

        FAIL [   0.044s] (  66/3351) openwepp::assurance_v2_assembly_contract stale_missing_unit_precision_orphan_and_figure_drift_fail_closed
  stdout ───

    running 1 test
    test stale_missing_unit_precision_orphan_and_figure_drift_fail_closed ... FAILED

    failures:

    failures:
        stale_missing_unit_precision_orphan_and_figure_drift_fail_closed

    test result: FAILED. 0 passed; 1 failed; 0 ignored; 0 measured; 8 filtered out; finished in 0.04s

  stderr ───

    thread 'stale_missing_unit_precision_orphan_and_figure_drift_fail_closed' (320433) panicked at tests/integration/assurance_v2_assembly_contract.rs:738:69:
    called `Result::unwrap()` on an `Err` value: Drift("generated identity member changed: docs/specifications/science-contracts/contracts/SC-SNOWENERGY-001.md")
    note: run with `RUST_BACKTRACE=1` environment variable to display a backtrace

        FAIL [   0.054s] (  70/3351) openwepp::assurance_v2_normalization_contract apply_rebinds_complete_graph_builds_and_is_idempotent
  stdout ───

    running 1 test
    test apply_rebinds_complete_graph_builds_and_is_idempotent ... FAILED

    failures:

    failures:
        apply_rebinds_complete_graph_builds_and_is_idempotent

    test result: FAILED. 0 passed; 1 failed; 0 ignored; 0 measured; 4 filtered out; finished in 0.04s

  stderr ───

    thread 'apply_rebinds_complete_graph_builds_and_is_idempotent' (320464) panicked at tests/integration/assurance_v2_normalization_contract.rs:250:69:
    called `Result::unwrap()` on an `Err` value: Drift("generated identity member changed: docs/specifications/science-contracts/contracts/SC-SNOWENERGY-001.md")
    note: run with `RUST_BACKTRACE=1` environment variable to display a backtrace

        FAIL [   0.042s] (  71/3351) openwepp::assurance_v2_normalization_contract check_detects_converter_diff_without_writing
  stdout ───

    running 1 test
    test check_detects_converter_diff_without_writing ... FAILED

    failures:

    failures:
        check_detects_converter_diff_without_writing

    test result: FAILED. 0 passed; 1 failed; 0 ignored; 0 measured; 4 filtered out; finished in 0.04s

  stderr ───

    thread 'check_detects_converter_diff_without_writing' (320466) panicked at tests/integration/assurance_v2_normalization_contract.rs:250:69:
    called `Result::unwrap()` on an `Err` value: Drift("generated identity member changed: docs/specifications/science-contracts/contracts/SC-SNOWENERGY-001.md")
    note: run with `RUST_BACKTRACE=1` environment variable to display a backtrace

        FAIL [   2.576s] (  72/3351) openwepp::assurance_v2_normalization_contract current_report_is_american_english_and_check_is_read_only
  stdout ───

    running 1 test
    test current_report_is_american_english_and_check_is_read_only ... FAILED

    failures:

    failures:
        current_report_is_american_english_and_check_is_read_only

    test result: FAILED. 0 passed; 1 failed; 0 ignored; 0 measured; 4 filtered out; finished in 2.57s

  stderr ───

    thread 'current_report_is_american_english_and_check_is_read_only' (320468) panicked at tests/integration/assurance_v2_normalization_contract.rs:28:10:
    current production DRAFT is normalized: Drift("generated identity member changed: docs/specifications/science-contracts/contracts/SC-SNOWENERGY-001.md")
    note: run with `RUST_BACKTRACE=1` environment variable to display a backtrace

        FAIL [   0.042s] (  73/3351) openwepp::assurance_v2_normalization_contract equivalent_inputs_emit_identical_receipts
  stdout ───

    running 1 test
    test equivalent_inputs_emit_identical_receipts ... FAILED

    failures:

    failures:
        equivalent_inputs_emit_identical_receipts

    test result: FAILED. 0 passed; 1 failed; 0 ignored; 0 measured; 4 filtered out; finished in 0.04s

  stderr ───

    thread 'equivalent_inputs_emit_identical_receipts' (320593) panicked at tests/integration/assurance_v2_normalization_contract.rs:250:69:
    called `Result::unwrap()` on an `Err` value: Drift("generated identity member changed: docs/specifications/science-contracts/contracts/SC-SNOWENERGY-001.md")
    note: run with `RUST_BACKTRACE=1` environment variable to display a backtrace

        FAIL [   0.042s] (  74/3351) openwepp::assurance_v2_normalization_contract lifecycle_review_and_packet_boundaries_fail_before_writing
  stdout ───

    running 1 test
    test lifecycle_review_and_packet_boundaries_fail_before_writing ... FAILED

    failures:

    failures:
        lifecycle_review_and_packet_boundaries_fail_before_writing

    test result: FAILED. 0 passed; 1 failed; 0 ignored; 0 measured; 4 filtered out; finished in 0.04s

  stderr ───

    thread 'lifecycle_review_and_packet_boundaries_fail_before_writing' (320595) panicked at tests/integration/assurance_v2_normalization_contract.rs:250:69:
    called `Result::unwrap()` on an `Err` value: Drift("generated identity member changed: docs/specifications/science-contracts/contracts/SC-SNOWENERGY-001.md")
    note: run with `RUST_BACKTRACE=1` environment variable to display a backtrace

        FAIL [   0.048s] (  75/3351) openwepp::assurance_v2_planner_contract content_changes_select_expected_transitive_consumers
  stdout ───

    running 1 test
    test content_changes_select_expected_transitive_consumers ... FAILED

    failures:

    failures:
        content_changes_select_expected_transitive_consumers

    test result: FAILED. 0 passed; 1 failed; 0 ignored; 0 measured; 9 filtered out; finished in 0.04s

  stderr ───

    thread 'content_changes_select_expected_transitive_consumers' (320597) panicked at tests/integration/assurance_v2_planner_contract.rs:448:69:
    called `Result::unwrap()` on an `Err` value: Drift("generated identity member changed: docs/specifications/science-contracts/contracts/SC-SNOWENERGY-001.md")
    note: run with `RUST_BACKTRACE=1` environment variable to display a backtrace

        FAIL [   1.542s] (  76/3351) openwepp::assurance_v2_planner_contract current_one_and_all_plans_are_equivalent_stable_and_cli_consumed
  stdout ───

    running 1 test
    test current_one_and_all_plans_are_equivalent_stable_and_cli_consumed ... FAILED

    failures:

    failures:
        current_one_and_all_plans_are_equivalent_stable_and_cli_consumed

    test result: FAILED. 0 passed; 1 failed; 0 ignored; 0 measured; 9 filtered out; finished in 1.53s

  stderr ───

    thread 'current_one_and_all_plans_are_equivalent_stable_and_cli_consumed' (320599) panicked at tests/integration/assurance_v2_planner_contract.rs:46:5:
    assertion `left == right` failed
      left: Selected
     right: Current
    note: run with `RUST_BACKTRACE=1` environment variable to display a backtrace

        FAIL [   0.027s] (  77/3351) openwepp::assurance_v2_planner_contract malformed_authority_remains_an_explicit_blocker
  stdout ───

    running 1 test
    test malformed_authority_remains_an_explicit_blocker ... FAILED

    failures:

    failures:
        malformed_authority_remains_an_explicit_blocker

    test result: FAILED. 0 passed; 1 failed; 0 ignored; 0 measured; 9 filtered out; finished in 0.02s

  stderr ───

    thread 'malformed_authority_remains_an_explicit_blocker' (320667) panicked at tests/integration/assurance_v2_planner_contract.rs:448:69:
    called `Result::unwrap()` on an `Err` value: Drift("generated identity member changed: docs/specifications/science-contracts/contracts/SC-SNOWENERGY-001.md")
    note: run with `RUST_BACKTRACE=1` environment variable to display a backtrace

        FAIL [   0.026s] (  78/3351) openwepp::assurance_v2_planner_contract manifest_method_figure_review_and_software_changes_select_the_report
  stdout ───

    running 1 test
    test manifest_method_figure_review_and_software_changes_select_the_report ... FAILED

    failures:

    failures:
        manifest_method_figure_review_and_software_changes_select_the_report

    test result: FAILED. 0 passed; 1 failed; 0 ignored; 0 measured; 9 filtered out; finished in 0.02s

  stderr ───

    thread 'manifest_method_figure_review_and_software_changes_select_the_report' (320669) panicked at tests/integration/assurance_v2_planner_contract.rs:448:69:
    called `Result::unwrap()` on an `Err` value: Drift("generated identity member changed: docs/specifications/science-contracts/contracts/SC-SNOWENERGY-001.md")
    note: run with `RUST_BACKTRACE=1` environment variable to display a backtrace

        FAIL [   0.028s] (  79/3351) openwepp::assurance_v2_planner_contract mtime_only_change_does_not_change_plan_bytes
  stdout ───

    running 1 test
    test mtime_only_change_does_not_change_plan_bytes ... FAILED

    failures:

    failures:
        mtime_only_change_does_not_change_plan_bytes

    test result: FAILED. 0 passed; 1 failed; 0 ignored; 0 measured; 9 filtered out; finished in 0.02s

  stderr ───

    thread 'mtime_only_change_does_not_change_plan_bytes' (320671) panicked at tests/integration/assurance_v2_planner_contract.rs:448:69:
    called `Result::unwrap()` on an `Err` value: Drift("generated identity member changed: docs/specifications/science-contracts/contracts/SC-SNOWENERGY-001.md")
    note: run with `RUST_BACKTRACE=1` environment variable to display a backtrace

        FAIL [   0.026s] (  80/3351) openwepp::assurance_v2_planner_contract named_selection_isolated_and_all_plan_does_not_select_unrelated_report
  stdout ───

    running 1 test
    test named_selection_isolated_and_all_plan_does_not_select_unrelated_report ... FAILED

    failures:

    failures:
        named_selection_isolated_and_all_plan_does_not_select_unrelated_report

    test result: FAILED. 0 passed; 1 failed; 0 ignored; 0 measured; 9 filtered out; finished in 0.02s

  stderr ───

    thread 'named_selection_isolated_and_all_plan_does_not_select_unrelated_report' (320673) panicked at tests/integration/assurance_v2_planner_contract.rs:448:69:
    called `Result::unwrap()` on an `Err` value: Drift("generated identity member changed: docs/specifications/science-contracts/contracts/SC-SNOWENERGY-001.md")
    note: run with `RUST_BACKTRACE=1` environment variable to display a backtrace

        FAIL [   0.025s] (  82/3351) openwepp::assurance_v2_planner_contract stale_consumer_cannot_mask_a_blocked_prerequisite
  stdout ───

    running 1 test
    test stale_consumer_cannot_mask_a_blocked_prerequisite ... FAILED

    failures:

    failures:
        stale_consumer_cannot_mask_a_blocked_prerequisite

    test result: FAILED. 0 passed; 1 failed; 0 ignored; 0 measured; 9 filtered out; finished in 0.02s

  stderr ───

    thread 'stale_consumer_cannot_mask_a_blocked_prerequisite' (320677) panicked at tests/integration/assurance_v2_planner_contract.rs:448:69:
    called `Result::unwrap()` on an `Err` value: Drift("generated identity member changed: docs/specifications/science-contracts/contracts/SC-SNOWENERGY-001.md")
    note: run with `RUST_BACKTRACE=1` environment variable to display a backtrace

        FAIL [   0.036s] (  83/3351) openwepp::assurance_v2_planner_contract unavailable_declared_content_blocks_consumers_with_relative_reasons
  stdout ───

    running 1 test
    test unavailable_declared_content_blocks_consumers_with_relative_reasons ... FAILED

    failures:

    failures:
        unavailable_declared_content_blocks_consumers_with_relative_reasons

    test result: FAILED. 0 passed; 1 failed; 0 ignored; 0 measured; 9 filtered out; finished in 0.03s

  stderr ───

    thread 'unavailable_declared_content_blocks_consumers_with_relative_reasons' (320679) panicked at tests/integration/assurance_v2_planner_contract.rs:448:69:
    called `Result::unwrap()` on an `Err` value: Drift("generated identity member changed: docs/specifications/science-contracts/contracts/SC-SNOWENERGY-001.md")
    note: run with `RUST_BACKTRACE=1` environment variable to display a backtrace

        FAIL [   0.026s] (  84/3351) openwepp::assurance_v2_planner_contract unavailable_or_unparseable_selected_manifest_produces_a_bounded_blocked_plan
  stdout ───

    running 1 test
    test unavailable_or_unparseable_selected_manifest_produces_a_bounded_blocked_plan ... FAILED

    failures:

    failures:
        unavailable_or_unparseable_selected_manifest_produces_a_bounded_blocked_plan

    test result: FAILED. 0 passed; 1 failed; 0 ignored; 0 measured; 9 filtered out; finished in 0.02s

  stderr ───

    thread 'unavailable_or_unparseable_selected_manifest_produces_a_bounded_blocked_plan' (320681) panicked at tests/integration/assurance_v2_planner_contract.rs:448:69:
    called `Result::unwrap()` on an `Err` value: Drift("generated identity member changed: docs/specifications/science-contracts/contracts/SC-SNOWENERGY-001.md")
    note: run with `RUST_BACKTRACE=1` environment variable to display a backtrace

        FAIL [   0.048s] (  86/3351) openwepp::assurance_v2_publication_contract aliased_usersum_root_fails_closed
  stdout ───

    running 1 test
    test aliased_usersum_root_fails_closed ... FAILED

    failures:

    failures:
        aliased_usersum_root_fails_closed

    test result: FAILED. 0 passed; 1 failed; 0 ignored; 0 measured; 36 filtered out; finished in 0.04s

  stderr ───

    thread 'aliased_usersum_root_fails_closed' (320747) panicked at tests/integration/assurance_v2_publication_contract.rs:1752:68:
    called `Result::unwrap()` on an `Err` value: Drift("generated identity member changed: docs/specifications/science-contracts/contracts/SC-SNOWENERGY-001.md")
    note: run with `RUST_BACKTRACE=1` environment variable to display a backtrace

        FAIL [   0.026s] (  87/3351) openwepp::assurance_v2_publication_contract all_mode_extra_staging_and_overlapping_roots_fail_without_public_mutation
  stdout ───

    running 1 test
    test all_mode_extra_staging_and_overlapping_roots_fail_without_public_mutation ... FAILED

    failures:

    failures:
        all_mode_extra_staging_and_overlapping_roots_fail_without_public_mutation

    test result: FAILED. 0 passed; 1 failed; 0 ignored; 0 measured; 36 filtered out; finished in 0.02s

  stderr ───

    thread 'all_mode_extra_staging_and_overlapping_roots_fail_without_public_mutation' (320750) panicked at tests/integration/assurance_v2_publication_contract.rs:1752:68:
    called `Result::unwrap()` on an `Err` value: Drift("generated identity member changed: docs/specifications/science-contracts/contracts/SC-SNOWENERGY-001.md")
    note: run with `RUST_BACKTRACE=1` environment variable to display a backtrace

        FAIL [   0.032s] (  88/3351) openwepp::assurance_v2_publication_contract approval_conflicts_and_release_mismatch_fail_before_publication
  stdout ───

    running 1 test
    test approval_conflicts_and_release_mismatch_fail_before_publication ... FAILED

    failures:

    failures:
        approval_conflicts_and_release_mismatch_fail_before_publication

    test result: FAILED. 0 passed; 1 failed; 0 ignored; 0 measured; 36 filtered out; finished in 0.03s

  stderr ───

    thread 'approval_conflicts_and_release_mismatch_fail_before_publication' (320753) panicked at tests/integration/assurance_v2_publication_contract.rs:1752:68:
    called `Result::unwrap()` on an `Err` value: Drift("generated identity member changed: docs/specifications/science-contracts/contracts/SC-SNOWENERGY-001.md")
    note: run with `RUST_BACKTRACE=1` environment variable to display a backtrace

        FAIL [   0.044s] (  89/3351) openwepp::assurance_v2_publication_contract authority_bound_byte_negative_matrix_is_fail_closed
  stdout ───

    running 1 test
    test authority_bound_byte_negative_matrix_is_fail_closed ... FAILED

    failures:

    failures:
        authority_bound_byte_negative_matrix_is_fail_closed

    test result: FAILED. 0 passed; 1 failed; 0 ignored; 0 measured; 36 filtered out; finished in 0.04s

  stderr ───

    thread 'authority_bound_byte_negative_matrix_is_fail_closed' (320755) panicked at tests/integration/assurance_v2_publication_contract.rs:1752:68:
    called `Result::unwrap()` on an `Err` value: Drift("generated identity member changed: docs/specifications/science-contracts/contracts/SC-SNOWENERGY-001.md")
    note: run with `RUST_BACKTRACE=1` environment variable to display a backtrace

        FAIL [   0.040s] (  90/3351) openwepp::assurance_v2_publication_contract bootstrap_empty_directory_fails_closed
  stdout ───

    running 1 test
    test bootstrap_empty_directory_fails_closed ... FAILED

    failures:

    failures:
        bootstrap_empty_directory_fails_closed

    test result: FAILED. 0 passed; 1 failed; 0 ignored; 0 measured; 36 filtered out; finished in 0.03s

  stderr ───

    thread 'bootstrap_empty_directory_fails_closed' (320757) panicked at tests/integration/assurance_v2_publication_contract.rs:1752:68:
    called `Result::unwrap()` on an `Err` value: Drift("generated identity member changed: docs/specifications/science-contracts/contracts/SC-SNOWENERGY-001.md")
    note: run with `RUST_BACKTRACE=1` environment variable to display a backtrace

        FAIL [   0.041s] (  91/3351) openwepp::assurance_v2_publication_contract bootstrap_unowned_readme_fails_closed
  stdout ───

    running 1 test
    test bootstrap_unowned_readme_fails_closed ... FAILED

    failures:

    failures:
        bootstrap_unowned_readme_fails_closed

    test result: FAILED. 0 passed; 1 failed; 0 ignored; 0 measured; 36 filtered out; finished in 0.04s

  stderr ───

    thread 'bootstrap_unowned_readme_fails_closed' (320759) panicked at tests/integration/assurance_v2_publication_contract.rs:1752:68:
    called `Result::unwrap()` on an `Err` value: Drift("generated identity member changed: docs/specifications/science-contracts/contracts/SC-SNOWENERGY-001.md")
    note: run with `RUST_BACKTRACE=1` environment variable to display a backtrace

        FAIL [   0.039s] (  92/3351) openwepp::assurance_v2_publication_contract canonical_public_path_and_real_markdown_narrative_link_are_mandatory
  stdout ───

    running 1 test
    test canonical_public_path_and_real_markdown_narrative_link_are_mandatory ... FAILED

    failures:

    failures:
        canonical_public_path_and_real_markdown_narrative_link_are_mandatory

    test result: FAILED. 0 passed; 1 failed; 0 ignored; 0 measured; 36 filtered out; finished in 0.03s

  stderr ───

    thread 'canonical_public_path_and_real_markdown_narrative_link_are_mandatory' (320761) panicked at tests/integration/assurance_v2_publication_contract.rs:1752:68:
    called `Result::unwrap()` on an `Err` value: Drift("generated identity member changed: docs/specifications/science-contracts/contracts/SC-SNOWENERGY-001.md")
    note: run with `RUST_BACKTRACE=1` environment variable to display a backtrace

        FAIL [   0.027s] (  94/3351) openwepp::assurance_v2_publication_contract concurrent_reader_observes_only_complete_old_or_new_report_bytes
  stdout ───

    running 1 test
    test concurrent_reader_observes_only_complete_old_or_new_report_bytes ... FAILED

    failures:

    failures:
        concurrent_reader_observes_only_complete_old_or_new_report_bytes

    test result: FAILED. 0 passed; 1 failed; 0 ignored; 0 measured; 36 filtered out; finished in 0.02s

  stderr ───

    thread 'concurrent_reader_observes_only_complete_old_or_new_report_bytes' (320765) panicked at tests/integration/assurance_v2_publication_contract.rs:1752:68:
    called `Result::unwrap()` on an `Err` value: Drift("generated identity member changed: docs/specifications/science-contracts/contracts/SC-SNOWENERGY-001.md")
    note: run with `RUST_BACKTRACE=1` environment variable to display a backtrace

        FAIL [   0.041s] (  96/3351) openwepp::assurance_v2_publication_contract every_precommit_fault_boundary_preserves_the_prior_public_generation
  stdout ───

    running 1 test
    test every_precommit_fault_boundary_preserves_the_prior_public_generation ... FAILED

    failures:

    failures:
        every_precommit_fault_boundary_preserves_the_prior_public_generation

    test result: FAILED. 0 passed; 1 failed; 0 ignored; 0 measured; 36 filtered out; finished in 0.04s

  stderr ───

    thread 'every_precommit_fault_boundary_preserves_the_prior_public_generation' (320769) panicked at tests/integration/assurance_v2_publication_contract.rs:1752:68:
    called `Result::unwrap()` on an `Err` value: Drift("generated identity member changed: docs/specifications/science-contracts/contracts/SC-SNOWENERGY-001.md")
    note: run with `RUST_BACKTRACE=1` environment variable to display a backtrace

        FAIL [   0.043s] (  97/3351) openwepp::assurance_v2_publication_contract in_review_source_cannot_publish
  stdout ───

    running 1 test
    test in_review_source_cannot_publish ... FAILED

    failures:

    failures:
        in_review_source_cannot_publish

    test result: FAILED. 0 passed; 1 failed; 0 ignored; 0 measured; 36 filtered out; finished in 0.04s

  stderr ───

    thread 'in_review_source_cannot_publish' (320771) panicked at tests/integration/assurance_v2_publication_contract.rs:1752:68:
    called `Result::unwrap()` on an `Err` value: Drift("generated identity member changed: docs/specifications/science-contracts/contracts/SC-SNOWENERGY-001.md")
    note: run with `RUST_BACKTRACE=1` environment variable to display a backtrace

        FAIL [   0.042s] (  98/3351) openwepp::assurance_v2_publication_contract missing_competence_fails_closed
  stdout ───

    running 1 test
    test missing_competence_fails_closed ... FAILED

    failures:

    failures:
        missing_competence_fails_closed

    test result: FAILED. 0 passed; 1 failed; 0 ignored; 0 measured; 36 filtered out; finished in 0.04s

  stderr ───

    thread 'missing_competence_fails_closed' (320794) panicked at tests/integration/assurance_v2_publication_contract.rs:1752:68:
    called `Result::unwrap()` on an `Err` value: Drift("generated identity member changed: docs/specifications/science-contracts/contracts/SC-SNOWENERGY-001.md")
    note: run with `RUST_BACKTRACE=1` environment variable to display a backtrace

        FAIL [   0.041s] (  99/3351) openwepp::assurance_v2_publication_contract missing_independence_fails_closed
  stdout ───

    running 1 test
    test missing_independence_fails_closed ... FAILED

    failures:

    failures:
        missing_independence_fails_closed

    test result: FAILED. 0 passed; 1 failed; 0 ignored; 0 measured; 36 filtered out; finished in 0.04s

  stderr ───

    thread 'missing_independence_fails_closed' (320796) panicked at tests/integration/assurance_v2_publication_contract.rs:1752:68:
    called `Result::unwrap()` on an `Err` value: Drift("generated identity member changed: docs/specifications/science-contracts/contracts/SC-SNOWENERGY-001.md")
    note: run with `RUST_BACKTRACE=1` environment variable to display a backtrace

        FAIL [   0.051s] ( 100/3351) openwepp::assurance_v2_publication_contract missing_release_transfer_fails_closed
  stdout ───

    running 1 test
    test missing_release_transfer_fails_closed ... FAILED

    failures:

    failures:
        missing_release_transfer_fails_closed

    test result: FAILED. 0 passed; 1 failed; 0 ignored; 0 measured; 36 filtered out; finished in 0.05s

  stderr ───

    thread 'missing_release_transfer_fails_closed' (320798) panicked at tests/integration/assurance_v2_publication_contract.rs:1752:68:
    called `Result::unwrap()` on an `Err` value: Drift("generated identity member changed: docs/specifications/science-contracts/contracts/SC-SNOWENERGY-001.md")
    note: run with `RUST_BACKTRACE=1` environment variable to display a backtrace

        FAIL [   0.049s] ( 101/3351) openwepp::assurance_v2_publication_contract multi_report_production_snapshot_replays_complete_authority
  stdout ───

    running 1 test
    test multi_report_production_snapshot_replays_complete_authority ... FAILED

    failures:

    failures:
        multi_report_production_snapshot_replays_complete_authority

    test result: FAILED. 0 passed; 1 failed; 0 ignored; 0 measured; 36 filtered out; finished in 0.04s

  stderr ───

    thread 'multi_report_production_snapshot_replays_complete_authority' (320801) panicked at tests/integration/assurance_v2_publication_contract.rs:1752:68:
    called `Result::unwrap()` on an `Err` value: Drift("generated identity member changed: docs/specifications/science-contracts/contracts/SC-SNOWENERGY-001.md")
    note: run with `RUST_BACKTRACE=1` environment variable to display a backtrace

        FAIL [   0.040s] ( 103/3351) openwepp::assurance_v2_publication_contract multiply_linked_staging_bytes_fail_before_publication
  stdout ───

    running 1 test
    test multiply_linked_staging_bytes_fail_before_publication ... FAILED

    failures:

    failures:
        multiply_linked_staging_bytes_fail_before_publication

    test result: FAILED. 0 passed; 1 failed; 0 ignored; 0 measured; 36 filtered out; finished in 0.03s

  stderr ───

    thread 'multiply_linked_staging_bytes_fail_before_publication' (320824) panicked at tests/integration/assurance_v2_publication_contract.rs:1752:68:
    called `Result::unwrap()` on an `Err` value: Drift("generated identity member changed: docs/specifications/science-contracts/contracts/SC-SNOWENERGY-001.md")
    note: run with `RUST_BACKTRACE=1` environment variable to display a backtrace

        FAIL [   0.028s] ( 104/3351) openwepp::assurance_v2_publication_contract named_publication_preserves_receipted_peer_and_all_mode_converges
  stdout ───

    running 1 test
    test named_publication_preserves_receipted_peer_and_all_mode_converges ... FAILED

    failures:

    failures:
        named_publication_preserves_receipted_peer_and_all_mode_converges

    test result: FAILED. 0 passed; 1 failed; 0 ignored; 0 measured; 36 filtered out; finished in 0.02s

  stderr ───

    thread 'named_publication_preserves_receipted_peer_and_all_mode_converges' (320826) panicked at tests/integration/assurance_v2_publication_contract.rs:1752:68:
    called `Result::unwrap()` on an `Err` value: Drift("generated identity member changed: docs/specifications/science-contracts/contracts/SC-SNOWENERGY-001.md")
    note: run with `RUST_BACKTRACE=1` environment variable to display a backtrace

        FAIL [   0.029s] ( 105/3351) openwepp::assurance_v2_publication_contract named_publication_rejects_unreceipted_prior_catalog_entries
  stdout ───

    running 1 test
    test named_publication_rejects_unreceipted_prior_catalog_entries ... FAILED

    failures:

    failures:
        named_publication_rejects_unreceipted_prior_catalog_entries

    test result: FAILED. 0 passed; 1 failed; 0 ignored; 0 measured; 36 filtered out; finished in 0.02s

  stderr ───

    thread 'named_publication_rejects_unreceipted_prior_catalog_entries' (320829) panicked at tests/integration/assurance_v2_publication_contract.rs:1752:68:
    called `Result::unwrap()` on an `Err` value: Drift("generated identity member changed: docs/specifications/science-contracts/contracts/SC-SNOWENERGY-001.md")
    note: run with `RUST_BACKTRACE=1` environment variable to display a backtrace

        FAIL [   0.044s] ( 106/3351) openwepp::assurance_v2_publication_contract narrative_drift_fails_closed
  stdout ───

    running 1 test
    test narrative_drift_fails_closed ... FAILED

    failures:

    failures:
        narrative_drift_fails_closed

    test result: FAILED. 0 passed; 1 failed; 0 ignored; 0 measured; 36 filtered out; finished in 0.04s

  stderr ───

    thread 'narrative_drift_fails_closed' (320851) panicked at tests/integration/assurance_v2_publication_contract.rs:1752:68:
    called `Result::unwrap()` on an `Err` value: Drift("generated identity member changed: docs/specifications/science-contracts/contracts/SC-SNOWENERGY-001.md")
    note: run with `RUST_BACKTRACE=1` environment variable to display a backtrace

        FAIL [   0.041s] ( 108/3351) openwepp::assurance_v2_publication_contract receipt_preparation_is_reused_only_when_bytes_match
  stdout ───

    running 1 test
    test receipt_preparation_is_reused_only_when_bytes_match ... FAILED

    failures:

    failures:
        receipt_preparation_is_reused_only_when_bytes_match

    test result: FAILED. 0 passed; 1 failed; 0 ignored; 0 measured; 36 filtered out; finished in 0.04s

  stderr ───

    thread 'receipt_preparation_is_reused_only_when_bytes_match' (320858) panicked at tests/integration/assurance_v2_publication_contract.rs:1752:68:
    called `Result::unwrap()` on an `Err` value: Drift("generated identity member changed: docs/specifications/science-contracts/contracts/SC-SNOWENERGY-001.md")
    note: run with `RUST_BACKTRACE=1` environment variable to display a backtrace

        FAIL [   0.030s] ( 109/3351) openwepp::assurance_v2_publication_contract reconstructed_production_snapshot_passes_and_forged_roots_fail
  stdout ───

    running 1 test
    test reconstructed_production_snapshot_passes_and_forged_roots_fail ... FAILED

    failures:

    failures:
        reconstructed_production_snapshot_passes_and_forged_roots_fail

    test result: FAILED. 0 passed; 1 failed; 0 ignored; 0 measured; 36 filtered out; finished in 0.02s

  stderr ───

    thread 'reconstructed_production_snapshot_passes_and_forged_roots_fail' (320860) panicked at tests/integration/assurance_v2_publication_contract.rs:1752:68:
    called `Result::unwrap()` on an `Err` value: Drift("generated identity member changed: docs/specifications/science-contracts/contracts/SC-SNOWENERGY-001.md")
    note: run with `RUST_BACKTRACE=1` environment variable to display a backtrace

        FAIL [   0.031s] ( 110/3351) openwepp::assurance_v2_publication_contract release_driver_persists_verified_v2_artifacts_and_discovery_sidecar
  stdout ───

    running 1 test
    test release_driver_persists_verified_v2_artifacts_and_discovery_sidecar ... FAILED

    failures:

    failures:
        release_driver_persists_verified_v2_artifacts_and_discovery_sidecar

    test result: FAILED. 0 passed; 1 failed; 0 ignored; 0 measured; 36 filtered out; finished in 0.03s

  stderr ───

    thread 'release_driver_persists_verified_v2_artifacts_and_discovery_sidecar' (320862) panicked at tests/integration/assurance_v2_publication_contract.rs:1752:68:
    called `Result::unwrap()` on an `Err` value: Drift("generated identity member changed: docs/specifications/science-contracts/contracts/SC-SNOWENERGY-001.md")
    note: run with `RUST_BACKTRACE=1` environment variable to display a backtrace

        FAIL [   0.039s] ( 113/3351) openwepp::assurance_v2_publication_contract simultaneous_publishers_serialize_and_converge_on_one_generation
  stdout ───

    running 1 test
    test simultaneous_publishers_serialize_and_converge_on_one_generation ... FAILED

    failures:

    failures:
        simultaneous_publishers_serialize_and_converge_on_one_generation

    test result: FAILED. 0 passed; 1 failed; 0 ignored; 0 measured; 36 filtered out; finished in 0.03s

  stderr ───

    thread 'simultaneous_publishers_serialize_and_converge_on_one_generation' (320869) panicked at tests/integration/assurance_v2_publication_contract.rs:1752:68:
    called `Result::unwrap()` on an `Err` value: Drift("generated identity member changed: docs/specifications/science-contracts/contracts/SC-SNOWENERGY-001.md")
    note: run with `RUST_BACKTRACE=1` environment variable to display a backtrace

        FAIL [   0.031s] ( 114/3351) openwepp::assurance_v2_publication_contract special_files_on_public_and_immutable_surfaces_fail_closed
  stdout ───

    running 1 test
    test special_files_on_public_and_immutable_surfaces_fail_closed ... FAILED

    failures:

    failures:
        special_files_on_public_and_immutable_surfaces_fail_closed

    test result: FAILED. 0 passed; 1 failed; 0 ignored; 0 measured; 36 filtered out; finished in 0.03s

  stderr ───

    thread 'special_files_on_public_and_immutable_surfaces_fail_closed' (320871) panicked at tests/integration/assurance_v2_publication_contract.rs:1752:68:
    called `Result::unwrap()` on an `Err` value: Drift("generated identity member changed: docs/specifications/science-contracts/contracts/SC-SNOWENERGY-001.md")
    note: run with `RUST_BACKTRACE=1` environment variable to display a backtrace

        FAIL [   0.028s] ( 115/3351) openwepp::assurance_v2_publication_contract staging_fifo_fails_closed
  stdout ───

    running 1 test
    test staging_fifo_fails_closed ... FAILED

    failures:

    failures:
        staging_fifo_fails_closed

    test result: FAILED. 0 passed; 1 failed; 0 ignored; 0 measured; 36 filtered out; finished in 0.02s

  stderr ───

    thread 'staging_fifo_fails_closed' (320873) panicked at tests/integration/assurance_v2_publication_contract.rs:1752:68:
    called `Result::unwrap()` on an `Err` value: Drift("generated identity member changed: docs/specifications/science-contracts/contracts/SC-SNOWENERGY-001.md")
    note: run with `RUST_BACKTRACE=1` environment variable to display a backtrace

        FAIL [   0.032s] ( 116/3351) openwepp::assurance_v2_publication_contract staging_symlink_fails_closed
  stdout ───

    running 1 test
    test staging_symlink_fails_closed ... FAILED

    failures:

    failures:
        staging_symlink_fails_closed

    test result: FAILED. 0 passed; 1 failed; 0 ignored; 0 measured; 36 filtered out; finished in 0.03s

  stderr ───

    thread 'staging_symlink_fails_closed' (320875) panicked at tests/integration/assurance_v2_publication_contract.rs:1752:68:
    called `Result::unwrap()` on an `Err` value: Drift("generated identity member changed: docs/specifications/science-contracts/contracts/SC-SNOWENERGY-001.md")
    note: run with `RUST_BACKTRACE=1` environment variable to display a backtrace

        FAIL [   0.031s] ( 117/3351) openwepp::assurance_v2_publication_contract stale_roots_open_findings_conflicts_and_release_mismatch_fail_before_publication
  stdout ───

    running 1 test
    test stale_roots_open_findings_conflicts_and_release_mismatch_fail_before_publication ... FAILED

    failures:

    failures:
        stale_roots_open_findings_conflicts_and_release_mismatch_fail_before_publication

    test result: FAILED. 0 passed; 1 failed; 0 ignored; 0 measured; 36 filtered out; finished in 0.03s

  stderr ───

    thread 'stale_roots_open_findings_conflicts_and_release_mismatch_fail_before_publication' (320877) panicked at tests/integration/assurance_v2_publication_contract.rs:1752:68:
    called `Result::unwrap()` on an `Err` value: Drift("generated identity member changed: docs/specifications/science-contracts/contracts/SC-SNOWENERGY-001.md")
    note: run with `RUST_BACKTRACE=1` environment variable to display a backtrace

        FAIL [   0.039s] ( 118/3351) openwepp::assurance_v2_publication_contract superseded_report_fails_closed
  stdout ───

    running 1 test
    test superseded_report_fails_closed ... FAILED

    failures:

    failures:
        superseded_report_fails_closed

    test result: FAILED. 0 passed; 1 failed; 0 ignored; 0 measured; 36 filtered out; finished in 0.03s

  stderr ───

    thread 'superseded_report_fails_closed' (320879) panicked at tests/integration/assurance_v2_publication_contract.rs:1752:68:
    called `Result::unwrap()` on an `Err` value: Drift("generated identity member changed: docs/specifications/science-contracts/contracts/SC-SNOWENERGY-001.md")
    note: run with `RUST_BACKTRACE=1` environment variable to display a backtrace

        FAIL [   0.028s] ( 119/3351) openwepp::assurance_v2_publication_contract synthetic_approved_fixture_publishes_idempotently_and_release_rejects_it
  stdout ───

    running 1 test
    test synthetic_approved_fixture_publishes_idempotently_and_release_rejects_it ... FAILED

    failures:

    failures:
        synthetic_approved_fixture_publishes_idempotently_and_release_rejects_it

    test result: FAILED. 0 passed; 1 failed; 0 ignored; 0 measured; 36 filtered out; finished in 0.02s

  stderr ───

    thread 'synthetic_approved_fixture_publishes_idempotently_and_release_rejects_it' (320881) panicked at tests/integration/assurance_v2_publication_contract.rs:1752:68:
    called `Result::unwrap()` on an `Err` value: Drift("generated identity member changed: docs/specifications/science-contracts/contracts/SC-SNOWENERGY-001.md")
    note: run with `RUST_BACKTRACE=1` environment variable to display a backtrace

        FAIL [   0.031s] ( 120/3351) openwepp::assurance_v2_publication_contract withdrawn_report_fails_closed
  stdout ───

    running 1 test
    test withdrawn_report_fails_closed ... FAILED

    failures:

    failures:
        withdrawn_report_fails_closed

    test result: FAILED. 0 passed; 1 failed; 0 ignored; 0 measured; 36 filtered out; finished in 0.03s

  stderr ───

    thread 'withdrawn_report_fails_closed' (320883) panicked at tests/integration/assurance_v2_publication_contract.rs:1752:68:
    called `Result::unwrap()` on an `Err` value: Drift("generated identity member changed: docs/specifications/science-contracts/contracts/SC-SNOWENERGY-001.md")
    note: run with `RUST_BACKTRACE=1` environment variable to display a backtrace

        FAIL [   0.031s] ( 121/3351) openwepp::assurance_v2_publication_contract wrong_principal_kind_fails_closed
  stdout ───

    running 1 test
    test wrong_principal_kind_fails_closed ... FAILED

    failures:

    failures:
        wrong_principal_kind_fails_closed

    test result: FAILED. 0 passed; 1 failed; 0 ignored; 0 measured; 36 filtered out; finished in 0.03s

  stderr ───

    thread 'wrong_principal_kind_fails_closed' (320885) panicked at tests/integration/assurance_v2_publication_contract.rs:1752:68:
    called `Result::unwrap()` on an `Err` value: Drift("generated identity member changed: docs/specifications/science-contracts/contracts/SC-SNOWENERGY-001.md")
    note: run with `RUST_BACKTRACE=1` environment variable to display a backtrace

        FAIL [   0.031s] ( 123/3351) openwepp::assurance_v2_publication_contract wrong_principal_trust_domain_fails_closed
  stdout ───

    running 1 test
    test wrong_principal_trust_domain_fails_closed ... FAILED

    failures:

    failures:
        wrong_principal_trust_domain_fails_closed

    test result: FAILED. 0 passed; 1 failed; 0 ignored; 0 measured; 36 filtered out; finished in 0.03s

  stderr ───

    thread 'wrong_principal_trust_domain_fails_closed' (320889) panicked at tests/integration/assurance_v2_publication_contract.rs:1752:68:
    called `Result::unwrap()` on an `Err` value: Drift("generated identity member changed: docs/specifications/science-contracts/contracts/SC-SNOWENERGY-001.md")
    note: run with `RUST_BACKTRACE=1` environment variable to display a backtrace

        FAIL [   0.038s] ( 124/3351) openwepp::assurance_v2_publication_contract wrong_principal_role_fails_closed
  stdout ───

    running 1 test
    test wrong_principal_role_fails_closed ... FAILED

    failures:

    failures:
        wrong_principal_role_fails_closed

    test result: FAILED. 0 passed; 1 failed; 0 ignored; 0 measured; 36 filtered out; finished in 0.03s

  stderr ───

    thread 'wrong_principal_role_fails_closed' (320888) panicked at tests/integration/assurance_v2_publication_contract.rs:1752:68:
    called `Result::unwrap()` on an `Err` value: Drift("generated identity member changed: docs/specifications/science-contracts/contracts/SC-SNOWENERGY-001.md")
    note: run with `RUST_BACKTRACE=1` environment variable to display a backtrace

        FAIL [   0.030s] ( 125/3351) openwepp::assurance_v2_source_contract named_validation_isolated_from_an_unselected_broken_report
  stdout ───

    running 1 test
    test named_validation_isolated_from_an_unselected_broken_report ... FAILED

    failures:

    failures:
        named_validation_isolated_from_an_unselected_broken_report

    test result: FAILED. 0 passed; 1 failed; 0 ignored; 0 measured; 11 filtered out; finished in 0.02s

  stderr ───

    thread 'named_validation_isolated_from_an_unselected_broken_report' (320897) panicked at tests/integration/assurance_v2_source_contract.rs:662:69:
    called `Result::unwrap()` on an `Err` value: Drift("generated identity member changed: docs/specifications/science-contracts/contracts/SC-SNOWENERGY-001.md")
    note: run with `RUST_BACKTRACE=1` environment variable to display a backtrace

        FAIL [   0.035s] ( 126/3351) openwepp::assurance_v2_source_contract content_schema_contract_and_report_versions_are_enforced
  stdout ───

    running 1 test
    test content_schema_contract_and_report_versions_are_enforced ... FAILED

    failures:

    failures:
        content_schema_contract_and_report_versions_are_enforced

    test result: FAILED. 0 passed; 1 failed; 0 ignored; 0 measured; 11 filtered out; finished in 0.03s

  stderr ───

    thread 'content_schema_contract_and_report_versions_are_enforced' (320895) panicked at tests/integration/assurance_v2_source_contract.rs:662:69:
    called `Result::unwrap()` on an `Err` value: Drift("generated identity member changed: docs/specifications/science-contracts/contracts/SC-SNOWENERGY-001.md")
    note: run with `RUST_BACKTRACE=1` environment variable to display a backtrace

        FAIL [   0.049s] ( 128/3351) openwepp::assurance_v2_source_contract every_record_family_has_executable_field_consumption
  stdout ───

    running 1 test
    test every_record_family_has_executable_field_consumption ... FAILED

    failures:

    failures:
        every_record_family_has_executable_field_consumption

    test result: FAILED. 0 passed; 1 failed; 0 ignored; 0 measured; 11 filtered out; finished in 0.04s

  stderr ───

    thread 'every_record_family_has_executable_field_consumption' (320894) panicked at tests/integration/assurance_v2_source_contract.rs:662:69:
    called `Result::unwrap()` on an `Err` value: Drift("generated identity member changed: docs/specifications/science-contracts/contracts/SC-SNOWENERGY-001.md")
    note: run with `RUST_BACKTRACE=1` environment variable to display a backtrace

        FAIL [   0.030s] ( 129/3351) openwepp::assurance_v2_source_contract paths_symlinks_and_special_entries_fail_closed
  stdout ───

    running 1 test
    test paths_symlinks_and_special_entries_fail_closed ... FAILED

    failures:

    failures:
        paths_symlinks_and_special_entries_fail_closed

    test result: FAILED. 0 passed; 1 failed; 0 ignored; 0 measured; 11 filtered out; finished in 0.03s

  stderr ───

    thread 'paths_symlinks_and_special_entries_fail_closed' (320901) panicked at tests/integration/assurance_v2_source_contract.rs:662:69:
    called `Result::unwrap()` on an `Err` value: Drift("generated identity member changed: docs/specifications/science-contracts/contracts/SC-SNOWENERGY-001.md")
    note: run with `RUST_BACKTRACE=1` environment variable to display a backtrace

        FAIL [   0.048s] ( 131/3351) openwepp::assurance_v2_source_contract restricted_evidence_and_draft_lifecycle_contradictions_fail_closed
  stdout ───

    running 1 test
    test restricted_evidence_and_draft_lifecycle_contradictions_fail_closed ... FAILED

    failures:

    failures:
        restricted_evidence_and_draft_lifecycle_contradictions_fail_closed

    test result: FAILED. 0 passed; 1 failed; 0 ignored; 0 measured; 11 filtered out; finished in 0.04s

  stderr ───

    thread 'restricted_evidence_and_draft_lifecycle_contradictions_fail_closed' (320909) panicked at tests/integration/assurance_v2_source_contract.rs:662:69:
    called `Result::unwrap()` on an `Err` value: Drift("generated identity member changed: docs/specifications/science-contracts/contracts/SC-SNOWENERGY-001.md")
    note: run with `RUST_BACKTRACE=1` environment variable to display a backtrace

        FAIL [   0.026s] ( 133/3351) openwepp::assurance_v2_source_contract unknown_missing_duplicate_unresolved_and_unused_fields_fail_closed
  stdout ───

    running 1 test
    test unknown_missing_duplicate_unresolved_and_unused_fields_fail_closed ... FAILED

    failures:

    failures:
        unknown_missing_duplicate_unresolved_and_unused_fields_fail_closed

    test result: FAILED. 0 passed; 1 failed; 0 ignored; 0 measured; 11 filtered out; finished in 0.02s

  stderr ───

    thread 'unknown_missing_duplicate_unresolved_and_unused_fields_fail_closed' (320934) panicked at tests/integration/assurance_v2_source_contract.rs:662:69:
    called `Result::unwrap()` on an `Err` value: Drift("generated identity member changed: docs/specifications/science-contracts/contracts/SC-SNOWENERGY-001.md")
    note: run with `RUST_BACKTRACE=1` environment variable to display a backtrace

        FAIL [   0.046s] ( 134/3351) openwepp::assurance_v2_source_contract schema_required_nullable_fields_cannot_be_omitted
  stdout ───

    running 1 test
    test schema_required_nullable_fields_cannot_be_omitted ... FAILED

    failures:

    failures:
        schema_required_nullable_fields_cannot_be_omitted

    test result: FAILED. 0 passed; 1 failed; 0 ignored; 0 measured; 11 filtered out; finished in 0.04s

  stderr ───

    thread 'schema_required_nullable_fields_cannot_be_omitted' (320932) panicked at tests/integration/assurance_v2_source_contract.rs:662:69:
    called `Result::unwrap()` on an `Err` value: Drift("generated identity member changed: docs/specifications/science-contracts/contracts/SC-SNOWENERGY-001.md")
    note: run with `RUST_BACKTRACE=1` environment variable to display a backtrace

        FAIL [   2.134s] ( 212/3351) openwepp::assurance_v2_source_contract real_source_and_cli_validate_named_and_all_deterministically
  stdout ───

    running 1 test
    test real_source_and_cli_validate_named_and_all_deterministically ... FAILED

    failures:

    failures:
        real_source_and_cli_validate_named_and_all_deterministically

    test result: FAILED. 0 passed; 1 failed; 0 ignored; 0 measured; 11 filtered out; finished in 2.13s

  stderr ───

    thread 'real_source_and_cli_validate_named_and_all_deterministically' (320903) panicked at tests/integration/assurance_v2_source_contract.rs:34:41:
    validate all sources: Invalid("SHA-256 mismatch for identified source 'docs/specifications/science-contracts/contracts/SC-SNOWFREEZE-001.md'")
    note: run with `RUST_BACKTRACE=1` environment variable to display a backtrace

        FAIL [   0.131s] ( 896/3351) openwepp::paradigm2_stage0_surface_energy_balance_contract production_runtime_sources_only_wire_stage0_flux_primitives_through_stage3_opt_in
  stdout ───

    running 1 test
    test production_runtime_sources_only_wire_stage0_flux_primitives_through_stage3_opt_in ... FAILED

    failures:

    failures:
        production_runtime_sources_only_wire_stage0_flux_primitives_through_stage3_opt_in

    test result: FAILED. 0 passed; 1 failed; 0 ignored; 0 measured; 3 filtered out; finished in 0.13s

  stderr ───

    thread 'production_runtime_sources_only_wire_stage0_flux_primitives_through_stage3_opt_in' (411826) panicked at tests/integration/paradigm2_stage0_surface_energy_balance_contract.rs:190:5:
    Stage 0 surface-energy primitives must remain unwired outside the Stage 3 opt-in boundary:
    /workdir/openWEPP/crates/openwepp-hillslope-orchestrator/src/v11_covered/physical_outcome_ledger.rs contains openwepp_meteorology::surface_energy
    note: run with `RUST_BACKTRACE=1` environment variable to display a backtrace

        FAIL [   0.008s] (1051/3351) openwepp::snow_stage3_legacy_predecessor_bridge_contract v130_protocol_and_registry_retain_claim_limits
  stdout ───

    running 1 test
    test v130_protocol_and_registry_retain_claim_limits ... FAILED

    failures:

    failures:
        v130_protocol_and_registry_retain_claim_limits

    test result: FAILED. 0 passed; 1 failed; 0 ignored; 0 measured; 4 filtered out; finished in 0.00s

  stderr ───

    thread 'v130_protocol_and_registry_retain_claim_limits' (412456) panicked at tests/integration/snow_stage3_legacy_predecessor_bridge_contract.rs:115:5:
    docs/specifications/science-contracts/index.md missing v136
    note: run with `RUST_BACKTRACE=1` environment variable to display a backtrace

        FAIL [   0.016s] (1056/3351) openwepp::snow_stage3_persistent_accumulation_shadow_contract v134_admits_exactly_one_mechanics_only_persistent_operator
  stdout ───

    running 1 test
    test v134_admits_exactly_one_mechanics_only_persistent_operator ... FAILED

    failures:

    failures:
        v134_admits_exactly_one_mechanics_only_persistent_operator

    test result: FAILED. 0 passed; 1 failed; 0 ignored; 0 measured; 2 filtered out; finished in 0.01s

  stderr ───

    thread 'v134_admits_exactly_one_mechanics_only_persistent_operator' (412469) panicked at tests/integration/snow_stage3_persistent_accumulation_shadow_contract.rs:31:5:
    assertion failed: read(INDEX).contains("v136 admits a separate default-off terminal receiver chronology")
    note: run with `RUST_BACKTRACE=1` environment variable to display a backtrace

        FAIL [   0.014s] (1065/3351) openwepp::snow_stage3_shared_carrier_authority_contract snow_energy_v18_physical_custody_is_approved_and_preserves_v17_precipitation
  stdout ───

    running 1 test
    test snow_energy_v18_physical_custody_is_approved_and_preserves_v17_precipitation ... FAILED

    failures:

    failures:
        snow_energy_v18_physical_custody_is_approved_and_preserves_v17_precipitation

    test result: FAILED. 0 passed; 1 failed; 0 ignored; 0 measured; 5 filtered out; finished in 0.01s

  stderr ───

    thread 'snow_energy_v18_physical_custody_is_approved_and_preserves_v17_precipitation' (412538) panicked at tests/integration/snow_stage3_shared_carrier_authority_contract.rs:208:5:
    assertion failed: registry.contains("v18 admits OFE/lane snow--soil boundary custody")
    note: run with `RUST_BACKTRACE=1` environment variable to display a backtrace

        FAIL [   0.008s] (1080/3351) openwepp::snow_stage3_terminal_receiver_authority_contract all_owner_failure_rolls_back_and_index_records_lifecycle
  stdout ───

    running 1 test
    test all_owner_failure_rolls_back_and_index_records_lifecycle ... FAILED

    failures:

    failures:
        all_owner_failure_rolls_back_and_index_records_lifecycle

    test result: FAILED. 0 passed; 1 failed; 0 ignored; 0 measured; 8 filtered out; finished in 0.00s

  stderr ───

    thread 'all_owner_failure_rolls_back_and_index_records_lifecycle' (412568) panicked at tests/integration/snow_stage3_terminal_receiver_authority_contract.rs:152:9:
    docs/specifications/science-contracts/index.md missing v136 admits a separate default-off terminal receiver chronology
    note: run with `RUST_BACKTRACE=1` environment variable to display a backtrace

        FAIL [   0.006s] (1095/3351) openwepp::snow_stage3_turbulent_operator_reconciliation_contract v130_retains_production_and_claim_holds
  stdout ───

    running 1 test
    test v130_retains_production_and_claim_holds ... FAILED

    failures:

    failures:
        v130_retains_production_and_claim_holds

    test result: FAILED. 0 passed; 1 failed; 0 ignored; 0 measured; 10 filtered out; finished in 0.00s

  stderr ───

    thread 'v130_retains_production_and_claim_holds' (412600) panicked at tests/integration/snow_stage3_turbulent_operator_reconciliation_contract.rs:305:9:
    docs/specifications/science-contracts/index.md missing v136
    note: run with `RUST_BACKTRACE=1` environment variable to display a backtrace

        FAIL [   0.009s] (1098/3351) openwepp::snow_stage3_turbulent_operator_reconciliation_contract v131_retains_fail_closed_authority_gaps_and_protected_boundaries
  stdout ───

    running 1 test
    test v131_retains_fail_closed_authority_gaps_and_protected_boundaries ... FAILED

    failures:

    failures:
        v131_retains_fail_closed_authority_gaps_and_protected_boundaries

    test result: FAILED. 0 passed; 1 failed; 0 ignored; 0 measured; 10 filtered out; finished in 0.01s

  stderr ───

    thread 'v131_retains_fail_closed_authority_gaps_and_protected_boundaries' (412608) panicked at tests/integration/snow_stage3_turbulent_operator_reconciliation_contract.rs:732:5:
    assertion failed: index.contains("v136 admits a separate default-off terminal receiver chronology")
    note: run with `RUST_BACKTRACE=1` environment variable to display a backtrace

        FAIL [   0.006s] (1103/3351) openwepp::snow_stage3_v11_constitutive_boundary_contract typed_attachment_excludes_rejected_live_carrier_and_rate_surfaces
  stdout ───

    running 1 test
    test typed_attachment_excludes_rejected_live_carrier_and_rate_surfaces ... FAILED

    failures:

    failures:
        typed_attachment_excludes_rejected_live_carrier_and_rate_surfaces

    test result: FAILED. 0 passed; 1 failed; 0 ignored; 0 measured; 2 filtered out; finished in 0.00s

  stderr ───

    thread 'typed_attachment_excludes_rejected_live_carrier_and_rate_surfaces' (412615) panicked at tests/integration/snow_stage3_v11_constitutive_boundary_contract.rs:64:5:
    assertion failed: attachment.contains("terminal_parcels_from_event")
    note: run with `RUST_BACKTRACE=1` environment variable to display a backtrace

        FAIL [   0.006s] (1155/3351) openwepp::snow_terminal_enthalpy_event_numerics_contract package_and_index_preserve_receiving_surface_and_production_boundaries
  stdout ───

    running 1 test
    test package_and_index_preserve_receiving_surface_and_production_boundaries ... FAILED

    failures:

    failures:
        package_and_index_preserve_receiving_surface_and_production_boundaries

    test result: FAILED. 0 passed; 1 failed; 0 ignored; 0 measured; 2 filtered out; finished in 0.00s

  stderr ───

    thread 'package_and_index_preserve_receiving_surface_and_production_boundaries' (412721) panicked at tests/integration/snow_terminal_enthalpy_event_numerics_contract.rs:66:5:
    assertion failed: index.contains("v18 admits OFE/lane snow--soil boundary custody")
    note: run with `RUST_BACKTRACE=1` environment variable to display a backtrace

        FAIL [   0.027s] (1382/3351) openwepp-assurance cli::tests::amendment_recovery_command_reaches_typed_backend
  stdout ───

    running 1 test
    test cli::tests::amendment_recovery_command_reaches_typed_backend ... FAILED

    failures:

    failures:
        cli::tests::amendment_recovery_command_reaches_typed_backend

    test result: FAILED. 0 passed; 1 failed; 0 ignored; 0 measured; 31 filtered out; finished in 0.02s

  stderr ───

    thread 'cli::tests::amendment_recovery_command_reaches_typed_backend' (413996) panicked at crates/openwepp-assurance/src/cli.rs:1271:18:
    calculate implementation rebind: Drift("generated identity member changed: docs/specifications/science-contracts/contracts/SC-SNOWENERGY-001.md")
    note: run with `RUST_BACKTRACE=1` environment variable to display a backtrace

        FAIL [   0.026s] (1384/3351) openwepp-assurance cli::tests::inspect_and_lifecycle_commands_cover_human_json_and_request_paths
  stdout ───

    running 1 test
    test cli::tests::inspect_and_lifecycle_commands_cover_human_json_and_request_paths ... FAILED

    failures:

    failures:
        cli::tests::inspect_and_lifecycle_commands_cover_human_json_and_request_paths

    test result: FAILED. 0 passed; 1 failed; 0 ignored; 0 measured; 31 filtered out; finished in 0.02s

  stderr ───

    thread 'cli::tests::inspect_and_lifecycle_commands_cover_human_json_and_request_paths' (414000) panicked at crates/openwepp-assurance/src/cli.rs:1413:14:
    called `Result::unwrap()` on an `Err` value: Drift("generated identity member changed: docs/specifications/science-contracts/contracts/SC-SNOWENERGY-001.md")
    note: run with `RUST_BACKTRACE=1` environment variable to display a backtrace

        FAIL [   0.033s] (1388/3351) openwepp-assurance v2::assembly::tests::post_install_source_drift_restores_prior_bytes_without_timing
  stdout ───

    running 1 test
    test v2::assembly::tests::post_install_source_drift_restores_prior_bytes_without_timing ... FAILED

    failures:

    failures:
        v2::assembly::tests::post_install_source_drift_restores_prior_bytes_without_timing

    test result: FAILED. 0 passed; 1 failed; 0 ignored; 0 measured; 31 filtered out; finished in 0.03s

  stderr ───

    thread 'v2::assembly::tests::post_install_source_drift_restores_prior_bytes_without_timing' (414008) panicked at crates/openwepp-assurance/src/v2/assembly.rs:2065:60:
    copy exact v2 fixture: Drift("generated identity member changed: docs/specifications/science-contracts/contracts/SC-SNOWENERGY-001.md")
    note: run with `RUST_BACKTRACE=1` environment variable to display a backtrace

        FAIL [   0.027s] (1408/3351) openwepp-assurance v2::transaction::tests::adoption_selected_source_race_preserves_the_active_generation
  stdout ───

    running 1 test
    test v2::transaction::tests::adoption_selected_source_race_preserves_the_active_generation ... FAILED

    failures:

    failures:
        v2::transaction::tests::adoption_selected_source_race_preserves_the_active_generation

    test result: FAILED. 0 passed; 1 failed; 0 ignored; 0 measured; 31 filtered out; finished in 0.02s

  stderr ───

    thread 'v2::transaction::tests::adoption_selected_source_race_preserves_the_active_generation' (414048) panicked at crates/openwepp-assurance/src/v2/transaction.rs:710:65:
    copy fixture: Drift("generated identity member changed: docs/specifications/science-contracts/contracts/SC-SNOWENERGY-001.md")
    note: run with `RUST_BACKTRACE=1` environment variable to display a backtrace

        FAIL [   0.031s] (1409/3351) openwepp-assurance v2::transaction::tests::committed_cleanup_fault_leaves_new_generation_and_typed_recovery_state
  stdout ───

    running 1 test
    test v2::transaction::tests::committed_cleanup_fault_leaves_new_generation_and_typed_recovery_state ... FAILED

    failures:

    failures:
        v2::transaction::tests::committed_cleanup_fault_leaves_new_generation_and_typed_recovery_state

    test result: FAILED. 0 passed; 1 failed; 0 ignored; 0 measured; 31 filtered out; finished in 0.03s

  stderr ───

    thread 'v2::transaction::tests::committed_cleanup_fault_leaves_new_generation_and_typed_recovery_state' (414050) panicked at crates/openwepp-assurance/src/v2/transaction.rs:742:65:
    copy fixture: Drift("generated identity member changed: docs/specifications/science-contracts/contracts/SC-SNOWENERGY-001.md")
    note: run with `RUST_BACKTRACE=1` environment variable to display a backtrace

        FAIL [   0.032s] (1410/3351) openwepp-assurance v2::transaction::tests::every_precommit_fault_preserves_the_active_generation
  stdout ───

    running 1 test
    test v2::transaction::tests::every_precommit_fault_preserves_the_active_generation ... FAILED

    failures:

    failures:
        v2::transaction::tests::every_precommit_fault_preserves_the_active_generation

    test result: FAILED. 0 passed; 1 failed; 0 ignored; 0 measured; 31 filtered out; finished in 0.03s

  stderr ───

    thread 'v2::transaction::tests::every_precommit_fault_preserves_the_active_generation' (414052) panicked at crates/openwepp-assurance/src/v2/transaction.rs:690:69:
    copy fixture: Drift("generated identity member changed: docs/specifications/science-contracts/contracts/SC-SNOWENERGY-001.md")
    note: run with `RUST_BACKTRACE=1` environment variable to display a backtrace

        FAIL [   0.027s] (1411/3351) openwepp-assurance v2::transaction::tests::recovery_tree_verifier_checks_the_selected_generation_members
  stdout ───

    running 1 test
    test v2::transaction::tests::recovery_tree_verifier_checks_the_selected_generation_members ... FAILED

    failures:

    failures:
        v2::transaction::tests::recovery_tree_verifier_checks_the_selected_generation_members

    test result: FAILED. 0 passed; 1 failed; 0 ignored; 0 measured; 31 filtered out; finished in 0.02s

  stderr ───

    thread 'v2::transaction::tests::recovery_tree_verifier_checks_the_selected_generation_members' (414054) panicked at crates/openwepp-assurance/src/v2/transaction.rs:771:65:
    copy fixture: Drift("generated identity member changed: docs/specifications/science-contracts/contracts/SC-SNOWENERGY-001.md")
    note: run with `RUST_BACKTRACE=1` environment variable to display a backtrace

        FAIL [   0.024s] (1707/3351) openwepp-hillslope-orchestrator hydrology::support_helpers_mod::runoff_reconciliation::stage3_solver::stage3_evaluation_validation_tests::persistent_tests::persistent_support_evaluator_runs_one_admitted_parent_support
  stdout ───

    running 1 test
    test hydrology::support_helpers_mod::runoff_reconciliation::stage3_solver::stage3_evaluation_validation_tests::persistent_tests::persistent_support_evaluator_runs_one_admitted_parent_support ... FAILED

    failures:

    failures:
        hydrology::support_helpers_mod::runoff_reconciliation::stage3_solver::stage3_evaluation_validation_tests::persistent_tests::persistent_support_evaluator_runs_one_admitted_parent_support

    test result: FAILED. 0 passed; 1 failed; 0 ignored; 0 measured; 860 filtered out; finished in 0.02s

  stderr ───

    thread 'hydrology::support_helpers_mod::runoff_reconciliation::stage3_solver::stage3_evaluation_validation_tests::persistent_tests::persistent_support_evaluator_runs_one_admitted_parent_support' (414714) panicked at crates/openwepp-hillslope-orchestrator/src/hydrology/support_helpers_mod/runoff_reconciliation/stage3_solver/stage3_evaluation_validation_tests/persistent_tests.rs:224:6:
    one parent support must use the actual terminal solver: TerminalNumerics(BelowCarrierDomain)
    note: run with `RUST_BACKTRACE=1` environment variable to display a backtrace

        FAIL [   0.006s] (1709/3351) openwepp-hillslope-orchestrator hydrology::support_helpers_mod::runoff_reconciliation::stage3_solver::stage3_evaluation_validation_tests::persistent_tests::terminal_event_request_is_state_bound_and_censors_remaining_time
  stdout ───

    running 1 test
    test hydrology::support_helpers_mod::runoff_reconciliation::stage3_solver::stage3_evaluation_validation_tests::persistent_tests::terminal_event_request_is_state_bound_and_censors_remaining_time ... FAILED

    failures:

    failures:
        hydrology::support_helpers_mod::runoff_reconciliation::stage3_solver::stage3_evaluation_validation_tests::persistent_tests::terminal_event_request_is_state_bound_and_censors_remaining_time

    test result: FAILED. 0 passed; 1 failed; 0 ignored; 0 measured; 860 filtered out; finished in 0.00s

  stderr ───

    thread 'hydrology::support_helpers_mod::runoff_reconciliation::stage3_solver::stage3_evaluation_validation_tests::persistent_tests::terminal_event_request_is_state_bound_and_censors_remaining_time' (414719) panicked at crates/openwepp-hillslope-orchestrator/src/hydrology/support_helpers_mod/runoff_reconciliation/stage3_solver/stage3_evaluation_validation_tests/persistent_tests.rs:181:6:
    called `Result::unwrap()` on an `Err` value: TerminalNumerics(BelowCarrierDomain)
    note: run with `RUST_BACKTRACE=1` environment variable to display a backtrace

        FAIL [   0.006s] (1711/3351) openwepp-hillslope-orchestrator hydrology::support_helpers_mod::runoff_reconciliation::stage3_solver::stage3_evaluation_validation_tests::persistent_tests::terminal_no_event_refreeze_closes_persistent_day
  stdout ───

    running 1 test
    test hydrology::support_helpers_mod::runoff_reconciliation::stage3_solver::stage3_evaluation_validation_tests::persistent_tests::terminal_no_event_refreeze_closes_persistent_day ... FAILED

    failures:

    failures:
        hydrology::support_helpers_mod::runoff_reconciliation::stage3_solver::stage3_evaluation_validation_tests::persistent_tests::terminal_no_event_refreeze_closes_persistent_day

    test result: FAILED. 0 passed; 1 failed; 0 ignored; 0 measured; 860 filtered out; finished in 0.00s

  stderr ───

    thread 'hydrology::support_helpers_mod::runoff_reconciliation::stage3_solver::stage3_evaluation_validation_tests::persistent_tests::terminal_no_event_refreeze_closes_persistent_day' (414723) panicked at crates/openwepp-hillslope-orchestrator/src/hydrology/support_helpers_mod/runoff_reconciliation/stage3_solver/stage3_evaluation_validation_tests/persistent_tests.rs:341:6:
    called `Result::unwrap()` on an `Err` value: TerminalNumerics(BelowCarrierDomain)
    note: run with `RUST_BACKTRACE=1` environment variable to display a backtrace

        FAIL [   1.568s] (2215/3351) openwepp-hillslope-orchestrator v9_real_consumer_shadow::tests::coupled_hard_boundary_truncates_selected_900_second_child
  stdout ───

    running 1 test
    test v9_real_consumer_shadow::tests::coupled_hard_boundary_truncates_selected_900_second_child ... FAILED

    failures:

    failures:
        v9_real_consumer_shadow::tests::coupled_hard_boundary_truncates_selected_900_second_child

    test result: FAILED. 0 passed; 1 failed; 0 ignored; 0 measured; 860 filtered out; finished in 1.56s

  stderr ───

    thread 'v9_real_consumer_shadow::tests::coupled_hard_boundary_truncates_selected_900_second_child' (415990) panicked at crates/openwepp-hillslope-orchestrator/src/v9_real_consumer_shadow_wb14_tests.rs:1296:10:
    synchronized covered parent cadence: Stage3(Kernel(StateSymbolOutOfRange { phase_class: HydrologyRunoffReconciliation, symbol: BoundarySymbol("snow.stage3_terminal_persistent_identity_or_model"), value: 1.0, minimum: Some(0.0), maximum: Some(0.0) }))
    note: run with `RUST_BACKTRACE=1` environment variable to display a backtrace

        FAIL [   1.581s] (2223/3351) openwepp-hillslope-orchestrator v9_real_consumer_shadow::tests::latest_accepted_stage3_state_changes_next_wb14_proposal
  stdout ───

    running 1 test
    test v9_real_consumer_shadow::tests::latest_accepted_stage3_state_changes_next_wb14_proposal ... FAILED

    failures:

    failures:
        v9_real_consumer_shadow::tests::latest_accepted_stage3_state_changes_next_wb14_proposal

    test result: FAILED. 0 passed; 1 failed; 0 ignored; 0 measured; 860 filtered out; finished in 1.57s

  stderr ───

    thread 'v9_real_consumer_shadow::tests::latest_accepted_stage3_state_changes_next_wb14_proposal' (416145) panicked at crates/openwepp-hillslope-orchestrator/src/v9_real_consumer_shadow_wb14_tests.rs:1296:10:
    synchronized covered parent cadence: Stage3(Kernel(StateSymbolOutOfRange { phase_class: HydrologyRunoffReconciliation, symbol: BoundarySymbol("snow.stage3_terminal_persistent_identity_or_model"), value: 1.0, minimum: Some(0.0), maximum: Some(0.0) }))
    note: run with `RUST_BACKTRACE=1` environment variable to display a backtrace

        FAIL [   1.649s] (2228/3351) openwepp-hillslope-orchestrator v9_real_consumer_shadow::tests::one_1800_second_child_matches_complete_historical_candidate
  stdout ───

    running 1 test
    test v9_real_consumer_shadow::tests::one_1800_second_child_matches_complete_historical_candidate ... FAILED

    failures:

    failures:
        v9_real_consumer_shadow::tests::one_1800_second_child_matches_complete_historical_candidate

    test result: FAILED. 0 passed; 1 failed; 0 ignored; 0 measured; 860 filtered out; finished in 1.64s

  stderr ───

    thread 'v9_real_consumer_shadow::tests::one_1800_second_child_matches_complete_historical_candidate' (416221) panicked at crates/openwepp-hillslope-orchestrator/src/v9_real_consumer_shadow_wb14_tests.rs:1296:10:
    synchronized covered parent cadence: Stage3(Kernel(StateSymbolOutOfRange { phase_class: HydrologyRunoffReconciliation, symbol: BoundarySymbol("snow.stage3_terminal_persistent_identity_or_model"), value: 1.0, minimum: Some(0.0), maximum: Some(0.0) }))
    note: run with `RUST_BACKTRACE=1` environment variable to display a backtrace

        FAIL [  21.716s] (2232/3351) openwepp-hillslope-orchestrator v9_real_consumer_shadow::tests::interior_terminal_event_runs_covered_event_and_snow_free_remainder
  stdout ───

    running 1 test
    test v9_real_consumer_shadow::tests::interior_terminal_event_runs_covered_event_and_snow_free_remainder ... FAILED

    failures:

    failures:
        v9_real_consumer_shadow::tests::interior_terminal_event_runs_covered_event_and_snow_free_remainder

    test result: FAILED. 0 passed; 1 failed; 0 ignored; 0 measured; 860 filtered out; finished in 21.71s

  stderr ───

    thread 'v9_real_consumer_shadow::tests::interior_terminal_event_runs_covered_event_and_snow_free_remainder' (416141) panicked at crates/openwepp-hillslope-orchestrator/src/v9_real_consumer_shadow_wb14_tests.rs:1296:10:
    synchronized covered parent cadence: Stage3(TerminalNumerics(BelowCarrierDomain))
    note: run with `RUST_BACKTRACE=1` environment variable to display a backtrace

        FAIL [   0.154s] (2233/3351) openwepp-hillslope-orchestrator v9_real_consumer_shadow::tests::resolved_snow_and_snow_free_lanes_publish_one_atomic_parent
  stdout ───

    running 1 test
    test v9_real_consumer_shadow::tests::resolved_snow_and_snow_free_lanes_publish_one_atomic_parent ... FAILED

    failures:

    failures:
        v9_real_consumer_shadow::tests::resolved_snow_and_snow_free_lanes_publish_one_atomic_parent

    test result: FAILED. 0 passed; 1 failed; 0 ignored; 0 measured; 860 filtered out; finished in 0.15s

  stderr ───

    thread 'v9_real_consumer_shadow::tests::resolved_snow_and_snow_free_lanes_publish_one_atomic_parent' (416488) panicked at crates/openwepp-hillslope-orchestrator/src/v9_real_consumer_shadow_wb14_tests.rs:498:10:
    real mixed covered/open OFE execution: Executor(Identity("covered carrier lane/OFE set"))
    note: run with `RUST_BACKTRACE=1` environment variable to display a backtrace

        FAIL [   0.156s] (2239/3351) openwepp-hillslope-orchestrator v9_real_consumer_shadow::tests::two_resolved_snow_lanes_choose_common_earliest_cadence
  stdout ───

    running 1 test
    test v9_real_consumer_shadow::tests::two_resolved_snow_lanes_choose_common_earliest_cadence ... FAILED

    failures:

    failures:
        v9_real_consumer_shadow::tests::two_resolved_snow_lanes_choose_common_earliest_cadence

    test result: FAILED. 0 passed; 1 failed; 0 ignored; 0 measured; 860 filtered out; finished in 0.15s

  stderr ───

    thread 'v9_real_consumer_shadow::tests::two_resolved_snow_lanes_choose_common_earliest_cadence' (416567) panicked at crates/openwepp-hillslope-orchestrator/src/v9_real_consumer_shadow_wb14_tests.rs:498:10:
    real mixed covered/open OFE execution: Executor(Identity("covered carrier lane/OFE set"))
    note: run with `RUST_BACKTRACE=1` environment variable to display a backtrace

        FAIL [   0.052s] (2243/3351) openwepp-hillslope-orchestrator v9_real_consumer_shadow::tests::v10_midnight_failure_rolls_back_every_shadow_owner_exactly
  stdout ───

    running 1 test
    test v9_real_consumer_shadow::tests::v10_midnight_failure_rolls_back_every_shadow_owner_exactly ... FAILED

    failures:

    failures:
        v9_real_consumer_shadow::tests::v10_midnight_failure_rolls_back_every_shadow_owner_exactly

    test result: FAILED. 0 passed; 1 failed; 0 ignored; 0 measured; 860 filtered out; finished in 0.05s

  stderr ───

    thread 'v9_real_consumer_shadow::tests::v10_midnight_failure_rolls_back_every_shadow_owner_exactly' (416577) panicked at crates/openwepp-hillslope-orchestrator/src/v9_real_consumer_shadow_tests.rs:1925:9:
    assertion failed: matches!(shadow.execute_first_interval_for_test(&input),
        Err(DirectV10RealConsumerError::Runtime(DirectV9RealConsumerError::Unsupported("forcing transaction, cadence, or snow domain"))))
    note: run with `RUST_BACKTRACE=1` environment variable to display a backtrace

        FAIL [   1.471s] (2244/3351) openwepp-hillslope-orchestrator v9_real_consumer_shadow::tests::two_900_second_complete_owner_children_publish_one_parent
  stdout ───

    running 1 test
    test v9_real_consumer_shadow::tests::two_900_second_complete_owner_children_publish_one_parent ... FAILED

    failures:

    failures:
        v9_real_consumer_shadow::tests::two_900_second_complete_owner_children_publish_one_parent

    test result: FAILED. 0 passed; 1 failed; 0 ignored; 0 measured; 860 filtered out; finished in 1.46s

  stderr ───

    thread 'v9_real_consumer_shadow::tests::two_900_second_complete_owner_children_publish_one_parent' (416565) panicked at crates/openwepp-hillslope-orchestrator/src/v9_real_consumer_shadow_wb14_tests.rs:1296:10:
    synchronized covered parent cadence: Stage3(Kernel(StateSymbolOutOfRange { phase_class: HydrologyRunoffReconciliation, symbol: BoundarySymbol("snow.stage3_terminal_persistent_identity_or_model"), value: 1.0, minimum: Some(0.0), maximum: Some(0.0) }))
    note: run with `RUST_BACKTRACE=1` environment variable to display a backtrace

error: test run failed
Command exited with non-zero status 100
WALL_TIME=764.42
EXIT_CODE=100
