record_id,year,species,plot_id,source_elevation_m,interval_start_doy,interval_end_doy,interval_width_days,descriptive_midpoint_doy_not_truth,start_tmin_c,end_tmin_c,end_21d_mean_tmin_c,start_vpd_pa,end_vpd_pa,end_21d_mean_vpd_pa,start_photoperiod_hours,end_photoperiod_hours,end_21d_mean_photoperiod_hours
CAL0405-HB-1989-SPRING-ACSA3-1B-HALF_EXPANSION,1989,ACSA3,1B,472.1352,135,142,7,138.500,4.45,5.92,4.600952,762.572541,514.253670,662.810022,14.560640840369,14.797995538807,14.436766338
CAL0405-HB-1989-SPRING-ACSA3-4B-HALF_EXPANSION,1989,ACSA3,4B,528.2184,135,142,7,138.500,4.45,5.92,4.600952,762.572541,514.253670,662.810022,14.560538132297,14.797882442328,14.436668863
CAL0405-HB-1989-SPRING-ACSA3-4T-HALF_EXPANSION,1989,ACSA3,4T,608.3808,135,142,7,138.500,4.08,5.58,4.292381,696.196687,455.095162,607.557721,14.561284606542,14.798704421262,14.437377305
CAL0405-HB-1989-SPRING-ACSA3-5B-HALF_EXPANSION,1989,ACSA3,5B,474.2688,135,142,7,138.500,4.45,5.92,4.600952,762.572541,514.253670,662.810022,14.560371856580,14.797699348895,14.436511058
CAL0405-HB-1989-SPRING-ACSA3-5T-HALF_EXPANSION,1989,ACSA3,5T,726.9480,142,150,8,146.000,5.41,7.56,6.274286,434.459368,540.984374,648.313015,14.798546045006,15.020522285264,14.720241301
CAL0405-HB-1989-SPRING-ACSA3-6T-HALF_EXPANSION,1989,ACSA3,6T,767.4864,135,142,7,138.500,3.89,5.41,4.150476,667.699064,434.459368,583.332092,14.560968512508,14.798356354091,14.437077316
CAL0405-HB-1989-SPRING-ACSA3-7B-HALF_EXPANSION,1989,ACSA3,7B,605.0280,135,142,7,138.500,4.30,5.86,4.527619,729.756103,494.005102,637.328223,14.558495181826,14.795632881046,14.434729987
CAL0405-HB-1989-SPRING-ACSA3-7T-HALF_EXPANSION,1989,ACSA3,7T,822.9600,142,150,8,146.000,5.37,7.62,6.207619,423.927788,538.782966,624.917853,14.794552210579,15.016177512215,14.716366444
CAL0405-HB-1989-SPRING-BEAL2-1B-HALF_EXPANSION,1989,BEAL2,1B,472.1352,135,142,7,138.500,4.45,5.92,4.600952,762.572541,514.253670,662.810022,14.560640840369,14.797995538807,14.436766338
CAL0405-HB-1989-SPRING-BEAL2-4B-HALF_EXPANSION,1989,BEAL2,4B,528.2184,135,142,7,138.500,4.45,5.92,4.600952,762.572541,514.253670,662.810022,14.560538132297,14.797882442328,14.436668863
CAL0405-HB-1989-SPRING-BEAL2-4T-HALF_EXPANSION,1989,BEAL2,4T,608.3808,135,142,7,138.500,4.08,5.58,4.292381,696.196687,455.095162,607.557721,14.561284606542,14.798704421262,14.437377305
CAL0405-HB-1989-SPRING-BEAL2-5B-HALF_EXPANSION,1989,BEAL2,5B,474.2688,135,142,7,138.500,4.45,5.92,4.600952,762.572541,514.253670,662.810022,14.560371856580,14.797699348895,14.436511058
CAL0405-HB-1989-SPRING-BEAL2-5T-HALF_EXPANSION,1989,BEAL2,5T,726.9480,135,142,7,138.500,3.89,5.41,4.150476,667.699064,434.459368,583.332092,14.561140778707,14.798546045006,14.437240806
CAL0405-HB-1989-SPRING-BEAL2-6T-HALF_EXPANSION,1989,BEAL2,6T,767.4864,135,142,7,138.500,3.89,5.41,4.150476,667.699064,434.459368,583.332092,14.560968512508,14.798356354091,14.437077316
CAL0405-HB-1989-SPRING-BEAL2-7B-HALF_EXPANSION,1989,BEAL2,7B,605.0280,142,150,8,146.000,5.86,7.69,6.669048,494.005102,594.453301,707.694781,14.795632881046,15.017353125540,14.717414924
CAL0405-HB-1989-SPRING-BEAL2-7T-HALF_EXPANSION,1989,BEAL2,7T,822.9600,142,150,8,146.000,5.37,7.62,6.207619,423.927788,538.782966,624.917853,14.794552210579,15.016177512215,14.716366444
CAL0405-HB-1989-SPRING-FAGR-1B-HALF_EXPANSION,1989,FAGR,1B,472.1352,135,142,7,138.500,4.45,5.92,4.600952,762.572541,514.253670,662.810022,14.560640840369,14.797995538807,14.436766338
CAL0405-HB-1989-SPRING-FAGR-4B-HALF_EXPANSION,1989,FAGR,4B,528.2184,135,142,7,138.500,4.45,5.92,4.600952,762.572541,514.253670,662.810022,14.560538132297,14.797882442328,14.436668863
CAL0405-HB-1989-SPRING-FAGR-4T-HALF_EXPANSION,1989,FAGR,4T,608.3808,135,142,7,138.500,4.08,5.58,4.292381,696.196687,455.095162,607.557721,14.561284606542,14.798704421262,14.437377305
CAL0405-HB-1989-SPRING-FAGR-5B-HALF_EXPANSION,1989,FAGR,5B,474.2688,135,142,7,138.500,4.45,5.92,4.600952,762.572541,514.253670,662.810022,14.560371856580,14.797699348895,14.436511058
CAL0405-HB-1989-SPRING-FAGR-5T-HALF_EXPANSION,1989,FAGR,5T,726.9480,135,142,7,138.500,3.89,5.41,4.150476,667.699064,434.459368,583.332092,14.561140778707,14.798546045006,14.437240806
CAL0405-HB-1989-SPRING-FAGR-6T-HALF_EXPANSION,1989,FAGR,6T,767.4864,135,142,7,138.500,3.89,5.41,4.150476,667.699064,434.459368,583.332092,14.560968512508,14.798356354091,14.437077316
CAL0405-HB-1989-SPRING-FAGR-7B-HALF_EXPANSION,1989,FAGR,7B,605.0280,135,142,7,138.500,4.30,5.86,4.527619,729.756103,494.005102,637.328223,14.558495181826,14.795632881046,14.434729987
CAL0405-HB-1989-SPRING-FAGR-7T-HALF_EXPANSION,1989,FAGR,7T,822.9600,142,150,8,146.000,5.37,7.62,6.207619,423.927788,538.782966,624.917853,14.794552210579,15.016177512215,14.716366444
CAL0405-HB-1990-SPRING-ACSA3-1B-HALF_EXPANSION,1990,ACSA3,1B,472.1352,141,149,8,145.000,2.19,7.16,3.290476,148.776516,434.112300,537.985787,14.766385864569,14.995360596196,14.686866861
CAL0405-HB-1990-SPRING-ACSA3-4B-HALF_EXPANSION,1990,ACSA3,4B,528.2184,141,149,8,145.000,2.19,7.16,3.290476,148.776516,434.112300,537.985787,14.766274165397,14.995238671964,14.686758572
CAL0405-HB-1990-SPRING-ACSA3-4T-HALF_EXPANSION,1990,ACSA3,4T,608.3808,141,149,8,145.000,1.60,6.63,2.877143,143.812206,404.281762,491.606558,14.767085988435,14.996124813081,14.687545610
CAL0405-HB-1990-SPRING-ACSA3-5B-HALF_EXPANSION,1990,ACSA3,5B,474.2688,141,149,8,145.000,2.19,7.16,3.290476,148.776516,434.112300,537.985787,14.766093334048,14.995041287398,14.686583261
CAL0405-HB-1990-SPRING-ACSA3-5T-HALF_EXPANSION,1990,ACSA3,5T,726.9480,141,149,8,145.000,1.33,6.36,2.692857,141.102600,389.630347,470.911102,14.766929569049,14.995954073801,14.687393966
CAL0405-HB-1990-SPRING-ACSA3-6T-HALF_EXPANSION,1990,ACSA3,6T,767.4864,141,149,8,145.000,1.33,6.36,2.692857,141.102600,389.630347,470.911102,14.766742221881,14.995749575695,14.687212339
CAL0405-HB-1990-SPRING-ACSA3-7B-HALF_EXPANSION,1990,ACSA3,7B,605.0280,141,149,8,145.000,1.94,6.93,3.166667,147.175115,421.098863,515.256040,14.764052394183,14.992813544335,14.684604626
CAL0405-HB-1990-SPRING-ACSA3-7T-HALF_EXPANSION,1990,ACSA3,7T,822.9600,149,155,6,152.000,6.16,7.20,3.424286,377.868965,375.202892,494.758286,14.991648549042,15.124114450078,14.868333649
CAL0405-HB-1990-SPRING-BEAL2-1B-HALF_EXPANSION,1990,BEAL2,1B,472.1352,141,149,8,145.000,2.19,7.16,3.290476,148.776516,434.112300,537.985787,14.766385864569,14.995360596196,14.686866861
CAL0405-HB-1990-SPRING-BEAL2-4B-HALF_EXPANSION,1990,BEAL2,4B,528.2184,141,149,8,145.000,2.19,7.16,3.290476,148.776516,434.112300,537.985787,14.766274165397,14.995238671964,14.686758572
CAL0405-HB-1990-SPRING-BEAL2-4T-HALF_EXPANSION,1990,BEAL2,4T,608.3808,149,155,6,152.000,6.63,8.26,3.709524,404.281762,377.452782,539.978272,14.996124813081,15.128812397311,14.872608906
CAL0405-HB-1990-SPRING-BEAL2-5B-HALF_EXPANSION,1990,BEAL2,5B,474.2688,141,149,8,145.000,2.19,7.16,3.290476,148.776516,434.112300,537.985787,14.766093334048,14.995041287398,14.686583261
CAL0405-HB-1990-SPRING-BEAL2-5T-HALF_EXPANSION,1990,BEAL2,5T,726.9480,141,149,8,145.000,1.33,6.36,2.692857,141.102600,389.630347,470.911102,14.766929569049,14.995954073801,14.687393966
CAL0405-HB-1990-SPRING-BEAL2-6T-HALF_EXPANSION,1990,BEAL2,6T,767.4864,149,155,6,152.000,6.36,7.68,3.516190,389.630347,372.949905,516.891857,14.995749575695,15.128418572175,14.872250522
CAL0405-HB-1990-SPRING-BEAL2-7B-HALF_EXPANSION,1990,BEAL2,7B,605.0280,141,149,8,145.000,1.94,6.93,3.166667,147.175115,421.098863,515.256040,14.764052394183,14.992813544335,14.684604626
CAL0405-HB-1990-SPRING-BEAL2-7T-HALF_EXPANSION,1990,BEAL2,7T,822.9600,155,162,7,158.500,7.20,7.55,4.152381,375.202892,296.826358,561.101537,15.124114450078,15.231383434199,15.044212520
CAL0405-HB-1990-SPRING-FAGR-1B-HALF_EXPANSION,1990,FAGR,1B,472.1352,141,149,8,145.000,2.19,7.16,3.290476,148.776516,434.112300,537.985787,14.766385864569,14.995360596196,14.686866861
CAL0405-HB-1990-SPRING-FAGR-4B-HALF_EXPANSION,1990,FAGR,4B,528.2184,141,149,8,145.000,2.19,7.16,3.290476,148.776516,434.112300,537.985787,14.766274165397,14.995238671964,14.686758572
CAL0405-HB-1990-SPRING-FAGR-4T-HALF_EXPANSION,1990,FAGR,4T,608.3808,149,155,6,152.000,6.63,8.26,3.709524,404.281762,377.452782,539.978272,14.996124813081,15.128812397311,14.872608906
CAL0405-HB-1990-SPRING-FAGR-5B-HALF_EXPANSION,1990,FAGR,5B,474.2688,141,149,8,145.000,2.19,7.16,3.290476,148.776516,434.112300,537.985787,14.766093334048,14.995041287398,14.686583261
CAL0405-HB-1990-SPRING-FAGR-5T-HALF_EXPANSION,1990,FAGR,5T,726.9480,141,149,8,145.000,1.33,6.36,2.692857,141.102600,389.630347,470.911102,14.766929569049,14.995954073801,14.687393966
CAL0405-HB-1990-SPRING-FAGR-6T-HALF_EXPANSION,1990,FAGR,6T,767.4864,149,155,6,152.000,6.36,7.68,3.516190,389.630347,372.949905,516.891857,14.995749575695,15.128418572175,14.872250522
CAL0405-HB-1990-SPRING-FAGR-7B-HALF_EXPANSION,1990,FAGR,7B,605.0280,141,149,8,145.000,1.94,6.93,3.166667,147.175115,421.098863,515.256040,14.764052394183,14.992813544335,14.684604626
CAL0405-HB-1990-SPRING-FAGR-7T-HALF_EXPANSION,1990,FAGR,7T,822.9600,149,155,6,152.000,6.16,7.20,3.424286,377.868965,375.202892,494.758286,14.991648549042,15.124114450078,14.868333649
CAL0405-HB-1991-SPRING-ACSA3-1B-HALF_EXPANSION,1991,ACSA3,1B,472.1352,127,133,6,130.000,3.73,4.29,2.097143,312.509565,1090.454380,609.365258,14.248713421574,14.486387223147,14.070670375
CAL0405-HB-1991-SPRING-ACSA3-4B-HALF_EXPANSION,1991,ACSA3,4B,528.2184,127,133,6,130.000,3.73,4.29,2.097143,312.509565,1090.454380,609.365258,14.248624031623,14.486287718007,14.070588334
CAL0405-HB-1991-SPRING-ACSA3-4T-HALF_EXPANSION,1991,ACSA3,4T,608.3808,133,140,7,136.500,4.15,0.30,2.930000,983.247879,989.707567,613.848209,14.487010912939,14.734669632746,14.359954003
CAL0405-HB-1991-SPRING-ACSA3-5B-HALF_EXPANSION,1991,ACSA3,5B,474.2688,127,133,6,130.000,3.73,4.29,2.097143,312.509565,1090.454380,609.365258,14.248479316606,14.486126627507,14.070455516
CAL0405-HB-1991-SPRING-ACSA3-5T-HALF_EXPANSION,1991,ACSA3,5T,726.9480,140,148,8,144.000,0.32,11.47,4.941429,955.418994,648.608547,760.972922,14.734515213251,14.970442286320,14.653787375
CAL0405-HB-1991-SPRING-ACSA3-6T-HALF_EXPANSION,1991,ACSA3,6T,767.4864,133,140,7,136.500,4.11,0.32,2.784286,937.356013,955.418994,588.977080,14.486704676700,14.734330261361,14.359664171
CAL0405-HB-1991-SPRING-ACSA3-7B-HALF_EXPANSION,1991,ACSA3,7B,605.0280,133,140,7,136.500,4.25,0.29,3.142857,1033.406571,1031.704011,644.610050,14.484308470628,14.731674818926,14.357396310
CAL0405-HB-1991-SPRING-ACSA3-7T-HALF_EXPANSION,1991,ACSA3,7T,822.9600,140,148,8,144.000,0.39,11.34,4.907619,920.162723,634.895084,733.137492,14.730621137954,14.966177407162,14.650015081
CAL0405-HB-1991-SPRING-BEAL2-1B-HALF_EXPANSION,1991,BEAL2,1B,472.1352,133,140,7,136.500,4.29,0.26,3.249048,1090.454380,1047.199767,671.564403,14.486387223147,14.733978460040,14.359363722
CAL0405-HB-1991-SPRING-BEAL2-4B-HALF_EXPANSION,1991,BEAL2,4B,528.2184,127,133,6,130.000,3.73,4.29,2.097143,312.509565,1090.454380,609.365258,14.248624031623,14.486287718007,14.070588334
CAL0405-HB-1991-SPRING-BEAL2-4T-HALF_EXPANSION,1991,BEAL2,4T,608.3808,140,148,8,144.000,0.30,11.68,5.047143,989.707567,670.379071,793.173436,14.734669632746,14.970611413379,14.653936964
CAL0405-HB-1991-SPRING-BEAL2-5B-HALF_EXPANSION,1991,BEAL2,5B,474.2688,140,148,8,144.000,0.26,12.07,5.263810,1047.199767,732.239441,863.327585,14.733689669373,14.969538118487,14.652987651
CAL0405-HB-1991-SPRING-BEAL2-5T-HALF_EXPANSION,1991,BEAL2,5T,726.9480,133,140,7,136.500,4.11,0.32,2.784286,937.356013,955.418994,588.977080,14.486871570592,14.734515213251,14.359822125
CAL0405-HB-1991-SPRING-BEAL2-6T-HALF_EXPANSION,1991,BEAL2,6T,767.4864,133,140,7,136.500,4.11,0.32,2.784286,937.356013,955.418994,588.977080,14.486704676700,14.734330261361,14.359664171
CAL0405-HB-1991-SPRING-BEAL2-7B-HALF_EXPANSION,1991,BEAL2,7B,605.0280,133,140,7,136.500,4.25,0.29,3.142857,1033.406571,1031.704011,644.610050,14.484308470628,14.731674818926,14.357396310
CAL0405-HB-1991-SPRING-BEAL2-7T-HALF_EXPANSION,1991,BEAL2,7T,822.9600,140,148,8,144.000,0.39,11.34,4.907619,920.162723,634.895084,733.137492,14.730621137954,14.966177407162,14.650015081
CAL0405-HB-1991-SPRING-FAGR-1B-HALF_EXPANSION,1991,FAGR,1B,472.1352,133,140,7,136.500,4.29,0.26,3.249048,1090.454380,1047.199767,671.564403,14.486387223147,14.733978460040,14.359363722
CAL0405-HB-1991-SPRING-FAGR-4B-HALF_EXPANSION,1991,FAGR,4B,528.2184,127,133,6,130.000,3.73,4.29,2.097143,312.509565,1090.454380,609.365258,14.248624031623,14.486287718007,14.070588334
CAL0405-HB-1991-SPRING-FAGR-4T-HALF_EXPANSION,1991,FAGR,4T,608.3808,140,148,8,144.000,0.30,11.68,5.047143,989.707567,670.379071,793.173436,14.734669632746,14.970611413379,14.653936964
CAL0405-HB-1991-SPRING-FAGR-5B-HALF_EXPANSION,1991,FAGR,5B,474.2688,140,148,8,144.000,0.26,12.07,5.263810,1047.199767,732.239441,863.327585,14.733689669373,14.969538118487,14.652987651
CAL0405-HB-1991-SPRING-FAGR-5T-HALF_EXPANSION,1991,FAGR,5T,726.9480,140,148,8,144.000,0.32,11.47,4.941429,955.418994,648.608547,760.972922,14.734515213251,14.970442286320,14.653787375
CAL0405-HB-1991-SPRING-FAGR-6T-HALF_EXPANSION,1991,FAGR,6T,767.4864,133,140,7,136.500,4.11,0.32,2.784286,937.356013,955.418994,588.977080,14.486704676700,14.734330261361,14.359664171
CAL0405-HB-1991-SPRING-FAGR-7B-HALF_EXPANSION,1991,FAGR,7B,605.0280,133,140,7,136.500,4.25,0.29,3.142857,1033.406571,1031.704011,644.610050,14.484308470628,14.731674818926,14.357396310
CAL0405-HB-1991-SPRING-FAGR-7T-HALF_EXPANSION,1991,FAGR,7T,822.9600,140,148,8,144.000,0.39,11.34,4.907619,920.162723,634.895084,733.137492,14.730621137954,14.966177407162,14.650015081
CAL0405-HB-1992-SPRING-ACSA3-1B-HALF_EXPANSION,1992,ACSA3,1B,472.1352,139,147,8,143.000,6.71,-0.04,2.782857,594.523569,414.450638,816.200825,14.700792295943,14.943422125232,14.618927362
CAL0405-HB-1992-SPRING-ACSA3-4B-HALF_EXPANSION,1992,ACSA3,4B,528.2184,139,147,8,143.000,6.71,-0.04,2.782857,594.523569,414.450638,816.200825,14.700683482459,14.943302541861,14.618822034
CAL0405-HB-1992-SPRING-ACSA3-4T-HALF_EXPANSION,1992,ACSA3,4T,608.3808,147,154,7,150.500,-0.29,6.46,3.671429,370.201460,611.523104,708.656062,14.944171668998,15.109205580150,14.843831183
CAL0405-HB-1992-SPRING-ACSA3-5B-HALF_EXPANSION,1992,ACSA3,5B,474.2688,139,147,8,143.000,6.71,-0.04,2.782857,594.523569,414.450638,816.200825,14.700507322725,14.943108946879,14.618651518
CAL0405-HB-1992-SPRING-ACSA3-5T-HALF_EXPANSION,1992,ACSA3,5T,726.9480,147,154,7,150.500,-0.39,6.30,3.561429,351.974790,585.874387,680.534441,14.944004208049,15.109027640718,14.843669902
CAL0405-HB-1992-SPRING-ACSA3-6T-HALF_EXPANSION,1992,ACSA3,6T,767.4864,147,154,7,150.500,-0.39,6.30,3.561429,351.974790,585.874387,680.534441,14.943803636393,15.108814519022,14.843476733
CAL0405-HB-1992-SPRING-ACSA3-7B-HALF_EXPANSION,1992,ACSA3,7B,605.0280,139,147,8,143.000,6.45,-0.10,2.730476,570.965201,395.226749,781.949012,14.698519103124,14.940923968773,14.616726982
CAL0405-HB-1992-SPRING-ACSA3-7T-HALF_EXPANSION,1992,ACSA3,7T,822.9600,139,147,8,143.000,5.70,-0.40,2.487619,514.311093,336.748740,694.452199,14.697479346900,14.939781333372,14.615720527
CAL0405-HB-1992-SPRING-BEAL2-1B-HALF_EXPANSION,1992,BEAL2,1B,472.1352,139,147,8,143.000,6.71,-0.04,2.782857,594.523569,414.450638,816.200825,14.700792295943,14.943422125232,14.618927362
CAL0405-HB-1992-SPRING-BEAL2-4B-HALF_EXPANSION,1992,BEAL2,4B,528.2184,139,147,8,143.000,6.71,-0.04,2.782857,594.523569,414.450638,816.200825,14.700683482459,14.943302541861,14.618822034
CAL0405-HB-1992-SPRING-BEAL2-4T-HALF_EXPANSION,1992,BEAL2,4T,608.3808,147,154,7,150.500,-0.29,6.46,3.671429,370.201460,611.523104,708.656062,14.944171668998,15.109205580150,14.843831183
CAL0405-HB-1992-SPRING-BEAL2-5B-HALF_EXPANSION,1992,BEAL2,5B,474.2688,139,147,8,143.000,6.71,-0.04,2.782857,594.523569,414.450638,816.200825,14.700507322725,14.943108946879,14.618651518
CAL0405-HB-1992-SPRING-BEAL2-5T-HALF_EXPANSION,1992,BEAL2,5T,726.9480,147,154,7,150.500,-0.39,6.30,3.561429,351.974790,585.874387,680.534441,14.944004208049,15.109027640718,14.843669902
CAL0405-HB-1992-SPRING-BEAL2-6T-HALF_EXPANSION,1992,BEAL2,6T,767.4864,147,154,7,150.500,-0.39,6.30,3.561429,351.974790,585.874387,680.534441,14.943803636393,15.108814519022,14.843476733
CAL0405-HB-1992-SPRING-BEAL2-7B-HALF_EXPANSION,1992,BEAL2,7B,605.0280,139,147,8,143.000,6.45,-0.10,2.730476,570.965201,395.226749,781.949012,14.698519103124,14.940923968773,14.616726982
CAL0405-HB-1992-SPRING-BEAL2-7T-HALF_EXPANSION,1992,BEAL2,7T,822.9600,139,147,8,143.000,5.70,-0.40,2.487619,514.311093,336.748740,694.452199,14.697479346900,14.939781333372,14.615720527
CAL0405-HB-1992-SPRING-FAGR-1B-HALF_EXPANSION,1992,FAGR,1B,472.1352,139,147,8,143.000,6.71,-0.04,2.782857,594.523569,414.450638,816.200825,14.700792295943,14.943422125232,14.618927362
CAL0405-HB-1992-SPRING-FAGR-4B-HALF_EXPANSION,1992,FAGR,4B,528.2184,139,147,8,143.000,6.71,-0.04,2.782857,594.523569,414.450638,816.200825,14.700683482459,14.943302541861,14.618822034
CAL0405-HB-1992-SPRING-FAGR-4T-HALF_EXPANSION,1992,FAGR,4T,608.3808,147,154,7,150.500,-0.29,6.46,3.671429,370.201460,611.523104,708.656062,14.944171668998,15.109205580150,14.843831183
CAL0405-HB-1992-SPRING-FAGR-5B-HALF_EXPANSION,1992,FAGR,5B,474.2688,139,147,8,143.000,6.71,-0.04,2.782857,594.523569,414.450638,816.200825,14.700507322725,14.943108946879,14.618651518
CAL0405-HB-1992-SPRING-FAGR-5T-HALF_EXPANSION,1992,FAGR,5T,726.9480,147,154,7,150.500,-0.39,6.30,3.561429,351.974790,585.874387,680.534441,14.944004208049,15.109027640718,14.843669902
CAL0405-HB-1992-SPRING-FAGR-6T-HALF_EXPANSION,1992,FAGR,6T,767.4864,147,154,7,150.500,-0.39,6.30,3.561429,351.974790,585.874387,680.534441,14.943803636393,15.108814519022,14.843476733
CAL0405-HB-1992-SPRING-FAGR-7B-HALF_EXPANSION,1992,FAGR,7B,605.0280,139,147,8,143.000,6.45,-0.10,2.730476,570.965201,395.226749,781.949012,14.698519103124,14.940923968773,14.616726982
CAL0405-HB-1992-SPRING-FAGR-7T-HALF_EXPANSION,1992,FAGR,7T,822.9600,139,147,8,143.000,5.70,-0.40,2.487619,514.311093,336.748740,694.452199,14.697479346900,14.939781333372,14.615720527
CAL0405-HB-1993-SPRING-ACSA3-1B-HALF_EXPANSION,1993,ACSA3,1B,472.1352,123,130,7,126.500,2.90,4.06,2.193333,564.791764,512.386470,649.696196,14.079284669973,14.370208214899,13.939505204
CAL0405-HB-1993-SPRING-ACSA3-4B-HALF_EXPANSION,1993,ACSA3,4B,528.2184,123,130,7,126.500,2.90,4.06,2.193333,564.791764,512.386470,649.696196,14.079202373898,14.370113679429,13.939428593
CAL0405-HB-1993-SPRING-ACSA3-4T-HALF_EXPANSION,1993,ACSA3,4T,608.3808,137,144,7,140.500,0.78,2.39,3.235238,376.162158,404.754872,573.956013,14.632823061682,14.859472088509,14.512280102
CAL0405-HB-1993-SPRING-ACSA3-5B-HALF_EXPANSION,1993,ACSA3,5B,474.2688,130,137,7,133.500,4.06,1.31,2.603333,512.386470,423.758570,717.817956,14.369960634324,14.631882712677,14.238616854
CAL0405-HB-1993-SPRING-ACSA3-5T-HALF_EXPANSION,1993,ACSA3,5T,726.9480,137,144,7,140.500,0.60,2.39,3.112381,357.088403,397.577614,552.894988,14.632674884730,14.859309933774,14.512139102
CAL0405-HB-1993-SPRING-ACSA3-6T-HALF_EXPANSION,1993,ACSA3,6T,767.4864,130,137,7,133.500,3.81,0.60,2.242857,482.749648,357.088403,633.694831,14.370509813327,14.632497409564,14.239134326
CAL0405-HB-1993-SPRING-ACSA3-7B-HALF_EXPANSION,1993,ACSA3,7B,605.0280,137,144,7,140.500,1.27,2.52,3.514762,399.743228,423.368731,603.693251,14.629949299999,14.856327279775,14.509545526
CAL0405-HB-1993-SPRING-ACSA3-7T-HALF_EXPANSION,1993,ACSA3,7T,822.9600,153,158,5,155.500,0.00,3.09,2.237143,444.425761,528.464285,405.541518,15.083944728391,15.176562716799,14.949253875
CAL0405-HB-1993-SPRING-ACSA3-HQ-HALF_EXPANSION,1993,ACSA3,HQ,228.6000,123,130,7,126.500,3.27,4.47,2.865714,687.525070,548.974742,773.446419,14.078816334019,14.369670227402,13.939069220
CAL0405-HB-1993-SPRING-BEAL2-1B-HALF_EXPANSION,1993,BEAL2,1B,472.1352,130,137,7,133.500,4.06,1.31,2.603333,512.386470,423.758570,717.817956,14.370208214899,14.632159829545,14.238850140
CAL0405-HB-1993-SPRING-BEAL2-4B-HALF_EXPANSION,1993,BEAL2,4B,528.2184,123,130,7,126.500,2.90,4.06,2.193333,564.791764,512.386470,649.696196,14.079202373898,14.370113679429,13.939428593
CAL0405-HB-1993-SPRING-BEAL2-4T-HALF_EXPANSION,1993,BEAL2,4T,608.3808,137,144,7,140.500,0.78,2.39,3.235238,376.162158,404.754872,573.956013,14.632823061682,14.859472088509,14.512280102
CAL0405-HB-1993-SPRING-BEAL2-5B-HALF_EXPANSION,1993,BEAL2,5B,474.2688,130,137,7,133.500,4.06,1.31,2.603333,512.386470,423.758570,717.817956,14.369960634324,14.631882712677,14.238616854
CAL0405-HB-1993-SPRING-BEAL2-5T-HALF_EXPANSION,1993,BEAL2,5T,726.9480,137,144,7,140.500,0.60,2.39,3.112381,357.088403,397.577614,552.894988,14.632674884730,14.859309933774,14.512139102
CAL0405-HB-1993-SPRING-BEAL2-6T-HALF_EXPANSION,1993,BEAL2,6T,767.4864,144,158,14,151.000,2.39,3.20,2.344762,397.577614,551.651277,418.656438,14.859115717368,15.180948093270,14.953292494
CAL0405-HB-1993-SPRING-BEAL2-7B-HALF_EXPANSION,1993,BEAL2,7B,605.0280,137,144,7,140.500,1.27,2.52,3.514762,399.743228,423.368731,603.693251,14.629949299999,14.856327279775,14.509545526
CAL0405-HB-1993-SPRING-BEAL2-7T-HALF_EXPANSION,1993,BEAL2,7T,822.9600,153,158,5,155.500,0.00,3.09,2.237143,444.425761,528.464285,405.541518,15.083944728391,15.176562716799,14.949253875
CAL0405-HB-1993-SPRING-BEAL2-HQ-HALF_EXPANSION,1993,BEAL2,HQ,228.6000,123,130,7,126.500,3.27,4.47,2.865714,687.525070,548.974742,773.446419,14.078816334019,14.369670227402,13.939069220
CAL0405-HB-1993-SPRING-FAGR-1B-HALF_EXPANSION,1993,FAGR,1B,472.1352,130,137,7,133.500,4.06,1.31,2.603333,512.386470,423.758570,717.817956,14.370208214899,14.632159829545,14.238850140
CAL0405-HB-1993-SPRING-FAGR-4B-HALF_EXPANSION,1993,FAGR,4B,528.2184,130,137,7,133.500,4.06,1.31,2.603333,512.386470,423.758570,717.817956,14.370113679429,14.632054015935,14.238761063
CAL0405-HB-1993-SPRING-FAGR-4T-HALF_EXPANSION,1993,FAGR,4T,608.3808,144,158,14,151.000,2.39,3.46,2.543810,404.754872,576.699568,436.630479,14.859472088509,15.181349355184,14.953662020
CAL0405-HB-1993-SPRING-FAGR-5B-HALF_EXPANSION,1993,FAGR,5B,474.2688,130,137,7,133.500,4.06,1.31,2.603333,512.386470,423.758570,717.817956,14.369960634324,14.631882712677,14.238616854
CAL0405-HB-1993-SPRING-FAGR-5T-HALF_EXPANSION,1993,FAGR,5T,726.9480,137,144,7,140.500,0.60,2.39,3.112381,357.088403,397.577614,552.894988,14.632674884730,14.859309933774,14.512139102
CAL0405-HB-1993-SPRING-FAGR-6T-HALF_EXPANSION,1993,FAGR,6T,767.4864,144,158,14,151.000,2.39,3.20,2.344762,397.577614,551.651277,418.656438,14.859115717368,15.180948093270,14.953292494
CAL0405-HB-1993-SPRING-FAGR-7B-HALF_EXPANSION,1993,FAGR,7B,605.0280,144,153,9,148.500,2.52,0.71,2.788095,423.368731,514.469425,458.507080,14.856327279775,15.085149825609,14.811110652
CAL0405-HB-1993-SPRING-FAGR-7T-HALF_EXPANSION,1993,FAGR,7T,822.9600,153,158,5,155.500,0.00,3.09,2.237143,444.425761,528.464285,405.541518,15.083944728391,15.176562716799,14.949253875
CAL0405-HB-1993-SPRING-FAGR-HQ-HALF_EXPANSION,1993,FAGR,HQ,228.6000,123,130,7,126.500,3.27,4.47,2.865714,687.525070,548.974742,773.446419,14.078816334019,14.369670227402,13.939069220
CAL0405-HB-1994-SPRING-ACSA3-1B-HALF_EXPANSION,1994,ACSA3,1B,472.1352,137,143,6,140.000,4.54,8.16,1.714762,259.390831,850.915442,573.526149,14.632159829545,14.828788601585,14.474531774
CAL0405-HB-1994-SPRING-ACSA3-4B-HALF_EXPANSION,1994,ACSA3,4B,528.2184,129,143,14,136.000,4.41,8.16,1.714762,660.730841,850.915442,573.526149,14.330183517678,14.828674139629,14.474432681
CAL0405-HB-1994-SPRING-ACSA3-4T-HALF_EXPANSION,1994,ACSA3,4T,608.3808,143,151,8,147.000,7.68,11.21,2.614762,785.473126,981.173659,583.160370,14.829506043141,15.044303807883,14.752466532
CAL0405-HB-1994-SPRING-ACSA3-5B-HALF_EXPANSION,1994,ACSA3,5B,474.2688,137,143,6,140.000,4.54,8.16,1.714762,259.390831,850.915442,573.526149,14.631882712677,14.828488835638,14.474272257
CAL0405-HB-1994-SPRING-ACSA3-5T-HALF_EXPANSION,1994,ACSA3,5T,726.9480,143,151,8,147.000,7.49,11.12,2.458571,761.670578,943.200616,562.320975,14.829345754585,15.044130011910,14.752310903
CAL0405-HB-1994-SPRING-ACSA3-6T-HALF_EXPANSION,1994,ACSA3,6T,767.4864,137,143,6,140.000,3.74,7.49,1.114762,222.991438,761.670578,507.055110,14.632497409564,14.829153773303,14.474847914
CAL0405-HB-1994-SPRING-ACSA3-7B-HALF_EXPANSION,1994,ACSA3,7B,605.0280,137,143,6,140.000,4.36,8.04,1.609048,248.273831,831.234154,554.320282,14.629949299999,14.826397421392,14.472461627
CAL0405-HB-1994-SPRING-ACSA3-7T-HALF_EXPANSION,1994,ACSA3,7T,822.9600,143,151,8,147.000,7.45,11.12,2.417143,748.275860,909.539460,545.561625,14.825303707169,15.039747425826,14.748386326
CAL0405-HB-1994-SPRING-ACSA3-HQ-HALF_EXPANSION,1994,ACSA3,HQ,228.6000,137,143,6,140.000,5.80,9.25,2.665714,323.954204,1004.793883,690.601370,14.631557661218,14.828137218196,14.473967849
CAL0405-HB-1994-SPRING-BEAL2-1B-HALF_EXPANSION,1994,BEAL2,1B,472.1352,137,143,6,140.000,4.54,8.16,1.714762,259.390831,850.915442,573.526149,14.632159829545,14.828788601585,14.474531774
CAL0405-HB-1994-SPRING-BEAL2-4B-HALF_EXPANSION,1994,BEAL2,4B,528.2184,129,143,14,136.000,4.41,8.16,1.714762,660.730841,850.915442,573.526149,14.330183517678,14.828674139629,14.474432681
CAL0405-HB-1994-SPRING-BEAL2-4T-HALF_EXPANSION,1994,BEAL2,4T,608.3808,143,151,8,147.000,7.68,11.21,2.614762,785.473126,981.173659,583.160370,14.829506043141,15.044303807883,14.752466532
CAL0405-HB-1994-SPRING-BEAL2-5B-HALF_EXPANSION,1994,BEAL2,5B,474.2688,137,143,6,140.000,4.54,8.16,1.714762,259.390831,850.915442,573.526149,14.631882712677,14.828488835638,14.474272257
CAL0405-HB-1994-SPRING-BEAL2-5T-HALF_EXPANSION,1994,BEAL2,5T,726.9480,143,151,8,147.000,7.49,11.12,2.458571,761.670578,943.200616,562.320975,14.829345754585,15.044130011910,14.752310903
CAL0405-HB-1994-SPRING-BEAL2-6T-HALF_EXPANSION,1994,BEAL2,6T,767.4864,151,157,6,154.000,11.12,8.81,4.033333,943.200616,614.064484,619.037525,15.043921852813,15.164498895148,14.927175795
CAL0405-HB-1994-SPRING-BEAL2-7B-HALF_EXPANSION,1994,BEAL2,7B,605.0280,137,143,6,140.000,4.36,8.04,1.609048,248.273831,831.234154,554.320282,14.629949299999,14.826397421392,14.472461627
CAL0405-HB-1994-SPRING-BEAL2-7T-HALF_EXPANSION,1994,BEAL2,7T,822.9600,143,151,8,147.000,7.45,11.12,2.417143,748.275860,909.539460,545.561625,14.825303707169,15.039747425826,14.748386326
CAL0405-HB-1994-SPRING-BEAL2-HQ-HALF_EXPANSION,1994,BEAL2,HQ,228.6000,137,143,6,140.000,5.80,9.25,2.665714,323.954204,1004.793883,690.601370,14.631557661218,14.828137218196,14.473967849
CAL0405-HB-1994-SPRING-FAGR-1B-HALF_EXPANSION,1994,FAGR,1B,472.1352,137,143,6,140.000,4.54,8.16,1.714762,259.390831,850.915442,573.526149,14.632159829545,14.828788601585,14.474531774
CAL0405-HB-1994-SPRING-FAGR-4B-HALF_EXPANSION,1994,FAGR,4B,528.2184,129,143,14,136.000,4.41,8.16,1.714762,660.730841,850.915442,573.526149,14.330183517678,14.828674139629,14.474432681
CAL0405-HB-1994-SPRING-FAGR-4T-HALF_EXPANSION,1994,FAGR,4T,608.3808,143,151,8,147.000,7.68,11.21,2.614762,785.473126,981.173659,583.160370,14.829506043141,15.044303807883,14.752466532
CAL0405-HB-1994-SPRING-FAGR-5B-HALF_EXPANSION,1994,FAGR,5B,474.2688,137,143,6,140.000,4.54,8.16,1.714762,259.390831,850.915442,573.526149,14.631882712677,14.828488835638,14.474272257
CAL0405-HB-1994-SPRING-FAGR-5T-HALF_EXPANSION,1994,FAGR,5T,726.9480,143,151,8,147.000,7.49,11.12,2.458571,761.670578,943.200616,562.320975,14.829345754585,15.044130011910,14.752310903
CAL0405-HB-1994-SPRING-FAGR-6T-HALF_EXPANSION,1994,FAGR,6T,767.4864,143,151,8,147.000,7.49,11.12,2.458571,761.670578,943.200616,562.320975,14.829153773303,15.043921852813,14.752124501
CAL0405-HB-1994-SPRING-FAGR-7B-HALF_EXPANSION,1994,FAGR,7B,605.0280,137,143,6,140.000,4.36,8.04,1.609048,248.273831,831.234154,554.320282,14.629949299999,14.826397421392,14.472461627
CAL0405-HB-1994-SPRING-FAGR-7T-HALF_EXPANSION,1994,FAGR,7T,822.9600,143,151,8,147.000,7.45,11.12,2.417143,748.275860,909.539460,545.561625,14.825303707169,15.039747425826,14.748386326
CAL0405-HB-1994-SPRING-FAGR-HQ-HALF_EXPANSION,1994,FAGR,HQ,228.6000,137,143,6,140.000,5.80,9.25,2.665714,323.954204,1004.793883,690.601370,14.631557661218,14.828137218196,14.473967849
CAL0405-HB-1995-SPRING-ACSA3-1B-HALF_EXPANSION,1995,ACSA3,1B,472.1352,136,142,6,139.000,2.44,2.59,1.836190,478.395084,626.254706,509.010452,14.596751635401,14.797995538807,14.436766338
CAL0405-HB-1995-SPRING-ACSA3-4B-HALF_EXPANSION,1995,ACSA3,4B,528.2184,136,142,6,139.000,2.44,2.59,1.836190,478.395084,626.254706,509.010452,14.596647361876,14.797882442328,14.436668863
CAL0405-HB-1995-SPRING-ACSA3-4T-HALF_EXPANSION,1995,ACSA3,4T,608.3808,142,150,8,146.000,2.13,8.27,4.019048,548.229521,426.127087,473.805499,14.798704421262,15.020694581351,14.720394958
CAL0405-HB-1995-SPRING-ACSA3-5B-HALF_EXPANSION,1995,ACSA3,5B,474.2688,136,142,6,139.000,2.44,2.59,1.836190,478.395084,626.254706,509.010452,14.596478551853,14.797699348895,14.436511058
CAL0405-HB-1995-SPRING-ACSA3-5T-HALF_EXPANSION,1995,ACSA3,5T,726.9480,142,150,8,146.000,1.92,8.10,3.844762,516.998032,404.844627,453.215760,14.798546045006,15.020522285264,14.720241301
CAL0405-HB-1995-SPRING-ACSA3-6T-HALF_EXPANSION,1995,ACSA3,6T,767.4864,150,156,6,153.000,8.10,5.63,5.661905,404.844627,885.440927,596.622951,15.020315922575,15.146984649051,14.900156052
CAL0405-HB-1995-SPRING-ACSA3-7B-HALF_EXPANSION,1995,ACSA3,7B,605.0280,142,150,8,146.000,2.45,8.71,4.324286,583.460440,448.375756,496.648697,14.795632881046,15.017353125540,14.717414924
CAL0405-HB-1995-SPRING-ACSA3-7T-HALF_EXPANSION,1995,ACSA3,7T,822.9600,150,156,6,153.000,8.11,5.51,5.566667,384.348060,849.477729,574.643989,15.016177512215,15.142651864086,14.896197369
CAL0405-HB-1995-SPRING-ACSA3-HQ-HALF_EXPANSION,1995,ACSA3,HQ,228.6000,136,142,6,139.000,3.74,3.67,2.742857,639.495689,809.571255,631.314236,14.596158231250,14.797351925912,14.436211620
CAL0405-HB-1995-SPRING-BEAL2-1B-HALF_EXPANSION,1995,BEAL2,1B,472.1352,142,150,8,146.000,2.59,8.69,4.440952,626.254706,474.664471,521.706949,14.797995538807,15.019923396536,14.719707196
CAL0405-HB-1995-SPRING-BEAL2-4B-HALF_EXPANSION,1995,BEAL2,4B,528.2184,142,150,8,146.000,2.59,8.69,4.440952,626.254706,474.664471,521.706949,14.797882442328,15.019800360685,14.719597469
CAL0405-HB-1995-SPRING-BEAL2-4T-HALF_EXPANSION,1995,BEAL2,4T,608.3808,142,150,8,146.000,2.13,8.27,4.019048,548.229521,426.127087,473.805499,14.798704421262,15.020694581351,14.720394958
CAL0405-HB-1995-SPRING-BEAL2-5B-HALF_EXPANSION,1995,BEAL2,5B,474.2688,142,150,8,146.000,2.59,8.69,4.440952,626.254706,474.664471,521.706949,14.797699348895,15.019601176537,14.719419831
CAL0405-HB-1995-SPRING-BEAL2-5T-HALF_EXPANSION,1995,BEAL2,5T,726.9480,142,150,8,146.000,1.92,8.10,3.844762,516.998032,404.844627,453.215760,14.798546045006,15.020522285264,14.720241301
CAL0405-HB-1995-SPRING-BEAL2-6T-HALF_EXPANSION,1995,BEAL2,6T,767.4864,150,156,6,153.000,8.10,5.63,5.661905,404.844627,885.440927,596.622951,15.020315922575,15.146984649051,14.900156052
CAL0405-HB-1995-SPRING-BEAL2-7B-HALF_EXPANSION,1995,BEAL2,7B,605.0280,142,150,8,146.000,2.45,8.71,4.324286,583.460440,448.375756,496.648697,14.795632881046,15.017353125540,14.717414924
CAL0405-HB-1995-SPRING-BEAL2-7T-HALF_EXPANSION,1995,BEAL2,7T,822.9600,150,156,6,153.000,8.11,5.51,5.566667,384.348060,849.477729,574.643989,15.016177512215,15.142651864086,14.896197369
CAL0405-HB-1995-SPRING-BEAL2-HQ-HALF_EXPANSION,1995,BEAL2,HQ,228.6000,136,142,6,139.000,3.74,3.67,2.742857,639.495689,809.571255,631.314236,14.596158231250,14.797351925912,14.436211620
CAL0405-HB-1995-SPRING-FAGR-1B-HALF_EXPANSION,1995,FAGR,1B,472.1352,142,150,8,146.000,2.59,8.69,4.440952,626.254706,474.664471,521.706949,14.797995538807,15.019923396536,14.719707196
CAL0405-HB-1995-SPRING-FAGR-4B-HALF_EXPANSION,1995,FAGR,4B,528.2184,142,150,8,146.000,2.59,8.69,4.440952,626.254706,474.664471,521.706949,14.797882442328,15.019800360685,14.719597469
CAL0405-HB-1995-SPRING-FAGR-4T-HALF_EXPANSION,1995,FAGR,4T,608.3808,150,156,6,153.000,8.27,5.79,5.840952,426.127087,932.249980,623.775546,15.020694581351,15.147381097533,14.900518263
CAL0405-HB-1995-SPRING-FAGR-5B-HALF_EXPANSION,1995,FAGR,5B,474.2688,142,150,8,146.000,2.59,8.69,4.440952,626.254706,474.664471,521.706949,14.797699348895,15.019601176537,14.719419831
CAL0405-HB-1995-SPRING-FAGR-5T-HALF_EXPANSION,1995,FAGR,5T,726.9480,142,150,8,146.000,1.92,8.10,3.844762,516.998032,404.844627,453.215760,14.798546045006,15.020522285264,14.720241301
CAL0405-HB-1995-SPRING-FAGR-6T-HALF_EXPANSION,1995,FAGR,6T,767.4864,150,156,6,153.000,8.10,5.63,5.661905,404.844627,885.440927,596.622951,15.020315922575,15.146984649051,14.900156052
CAL0405-HB-1995-SPRING-FAGR-7B-HALF_EXPANSION,1995,FAGR,7B,605.0280,142,150,8,146.000,2.45,8.71,4.324286,583.460440,448.375756,496.648697,14.795632881046,15.017353125540,14.717414924
CAL0405-HB-1995-SPRING-FAGR-7T-HALF_EXPANSION,1995,FAGR,7T,822.9600,150,156,6,153.000,8.11,5.51,5.566667,384.348060,849.477729,574.643989,15.016177512215,15.142651864086,14.896197369
CAL0405-HB-1995-SPRING-FAGR-HQ-HALF_EXPANSION,1995,FAGR,HQ,228.6000,136,142,6,139.000,3.74,3.67,2.742857,639.495689,809.571255,631.314236,14.596158231250,14.797351925912,14.436211620
CAL0405-HB-1996-SPRING-ACSA3-1B-HALF_EXPANSION,1996,ACSA3,1B,472.1352,141,149,8,145.000,11.77,0.62,3.201905,1064.051935,773.351067,557.575792,14.766385864569,14.995360596196,14.686866861
CAL0405-HB-1996-SPRING-ACSA3-4B-HALF_EXPANSION,1996,ACSA3,4B,528.2184,134,141,7,137.500,-0.79,11.77,1.898571,181.146875,1064.051935,490.033553,14.523745290791,14.766274165397,14.398275107
CAL0405-HB-1996-SPRING-ACSA3-4T-HALF_EXPANSION,1996,ACSA3,4T,608.3808,149,155,6,152.000,0.56,6.27,3.242381,709.058177,673.958940,620.652098,14.996124813081,15.128812397311,14.872608906
CAL0405-HB-1996-SPRING-ACSA3-5B-HALF_EXPANSION,1996,ACSA3,5B,474.2688,134,141,7,137.500,-0.79,11.77,1.898571,181.146875,1064.051935,490.033553,14.523581588791,14.766093334048,14.398119957
CAL0405-HB-1996-SPRING-ACSA3-5T-HALF_EXPANSION,1996,ACSA3,5T,726.9480,149,155,6,152.000,0.55,6.29,3.095714,680.224260,642.504435,595.338232,14.995954073801,15.128633200193,14.872445835
CAL0405-HB-1996-SPRING-ACSA3-6T-HALF_EXPANSION,1996,ACSA3,6T,767.4864,149,155,6,152.000,0.55,6.29,3.095714,680.224260,642.504435,595.338232,14.995749575695,15.128418572175,14.872250522
CAL0405-HB-1996-SPRING-ACSA3-7B-HALF_EXPANSION,1996,ACSA3,7B,605.0280,141,149,8,145.000,11.90,0.66,3.067619,1015.178423,742.178340,537.839488,14.764052394183,14.992813544335,14.684604626
CAL0405-HB-1996-SPRING-ACSA3-7T-HALF_EXPANSION,1996,ACSA3,7T,822.9600,149,155,6,152.000,0.62,6.34,3.041429,654.615757,618.931745,575.398309,14.991648549042,15.124114450078,14.868333649
CAL0405-HB-1996-SPRING-ACSA3-HQ-HALF_EXPANSION,1996,ACSA3,HQ,228.6000,134,141,7,137.500,1.00,11.98,2.833333,228.428468,1332.204611,589.883055,14.523270960561,14.765750203297,14.397825556
CAL0405-HB-1996-SPRING-BEAL2-1B-HALF_EXPANSION,1996,BEAL2,1B,472.1352,141,149,8,145.000,11.77,0.62,3.201905,1064.051935,773.351067,557.575792,14.766385864569,14.995360596196,14.686866861
CAL0405-HB-1996-SPRING-BEAL2-4B-HALF_EXPANSION,1996,BEAL2,4B,528.2184,141,149,8,145.000,11.77,0.62,3.201905,1064.051935,773.351067,557.575792,14.766274165397,14.995238671964,14.686758572
CAL0405-HB-1996-SPRING-BEAL2-4T-HALF_EXPANSION,1996,BEAL2,4T,608.3808,149,155,6,152.000,0.56,6.27,3.242381,709.058177,673.958940,620.652098,14.996124813081,15.128812397311,14.872608906
CAL0405-HB-1996-SPRING-BEAL2-5B-HALF_EXPANSION,1996,BEAL2,5B,474.2688,141,149,8,145.000,11.77,0.62,3.201905,1064.051935,773.351067,557.575792,14.766093334048,14.995041287398,14.686583261
CAL0405-HB-1996-SPRING-BEAL2-5T-HALF_EXPANSION,1996,BEAL2,5T,726.9480,141,149,8,145.000,11.60,0.55,2.533810,911.065804,680.224260,491.756325,14.766929569049,14.995954073801,14.687393966
CAL0405-HB-1996-SPRING-BEAL2-6T-HALF_EXPANSION,1996,BEAL2,6T,767.4864,149,155,6,152.000,0.55,6.29,3.095714,680.224260,642.504435,595.338232,14.995749575695,15.128418572175,14.872250522
CAL0405-HB-1996-SPRING-BEAL2-7B-HALF_EXPANSION,1996,BEAL2,7B,605.0280,149,155,6,152.000,0.66,6.26,3.501905,742.178340,713.697205,655.165922,14.992813544335,15.125337129665,14.869446338
CAL0405-HB-1996-SPRING-BEAL2-7T-HALF_EXPANSION,1996,BEAL2,7T,822.9600,149,155,6,152.000,0.62,6.34,3.041429,654.615757,618.931745,575.398309,14.991648549042,15.124114450078,14.868333649
CAL0405-HB-1996-SPRING-BEAL2-HQ-HALF_EXPANSION,1996,BEAL2,HQ,228.6000,134,141,7,137.500,1.00,11.98,2.833333,228.428468,1332.204611,589.883055,14.523270960561,14.765750203297,14.397825556
CAL0405-HB-1996-SPRING-FAGR-1B-HALF_EXPANSION,1996,FAGR,1B,472.1352,141,149,8,145.000,11.77,0.62,3.201905,1064.051935,773.351067,557.575792,14.766385864569,14.995360596196,14.686866861
CAL0405-HB-1996-SPRING-FAGR-4B-HALF_EXPANSION,1996,FAGR,4B,528.2184,141,149,8,145.000,11.77,0.62,3.201905,1064.051935,773.351067,557.575792,14.766274165397,14.995238671964,14.686758572
CAL0405-HB-1996-SPRING-FAGR-4T-HALF_EXPANSION,1996,FAGR,4T,608.3808,149,155,6,152.000,0.56,6.27,3.242381,709.058177,673.958940,620.652098,14.996124813081,15.128812397311,14.872608906
CAL0405-HB-1996-SPRING-FAGR-5B-HALF_EXPANSION,1996,FAGR,5B,474.2688,141,149,8,145.000,11.77,0.62,3.201905,1064.051935,773.351067,557.575792,14.766093334048,14.995041287398,14.686583261
CAL0405-HB-1996-SPRING-FAGR-5T-HALF_EXPANSION,1996,FAGR,5T,726.9480,149,155,6,152.000,0.55,6.29,3.095714,680.224260,642.504435,595.338232,14.995954073801,15.128633200193,14.872445835
CAL0405-HB-1996-SPRING-FAGR-6T-HALF_EXPANSION,1996,FAGR,6T,767.4864,149,155,6,152.000,0.55,6.29,3.095714,680.224260,642.504435,595.338232,14.995749575695,15.128418572175,14.872250522
CAL0405-HB-1996-SPRING-FAGR-7B-HALF_EXPANSION,1996,FAGR,7B,605.0280,141,149,8,145.000,11.90,0.66,3.067619,1015.178423,742.178340,537.839488,14.764052394183,14.992813544335,14.684604626
CAL0405-HB-1996-SPRING-FAGR-7T-HALF_EXPANSION,1996,FAGR,7T,822.9600,149,155,6,152.000,0.62,6.34,3.041429,654.615757,618.931745,575.398309,14.991648549042,15.124114450078,14.868333649
CAL0405-HB-1996-SPRING-FAGR-HQ-HALF_EXPANSION,1996,FAGR,HQ,228.6000,134,141,7,137.500,1.00,11.98,2.833333,228.428468,1332.204611,589.883055,14.523270960561,14.765750203297,14.397825556
CAL0405-HB-1997-SPRING-ACSA3-1B-HALF_EXPANSION,1997,ACSA3,1B,472.1352,147,153,6,150.000,-1.83,8.21,3.545238,635.270122,497.888591,432.767058,14.943422125232,15.087784571613,14.813489210
CAL0405-HB-1997-SPRING-ACSA3-4B-HALF_EXPANSION,1997,ACSA3,4B,528.2184,140,147,7,143.500,4.30,-1.83,1.587143,436.254704,635.270122,355.911064,14.733868188897,14.943302541861,14.618822034
CAL0405-HB-1997-SPRING-ACSA3-4T-HALF_EXPANSION,1997,ACSA3,4T,608.3808,153,160,7,156.500,7.68,5.50,3.733333,469.694359,1116.335581,523.977114,15.088575105190,15.211007349786,15.003125689
CAL0405-HB-1997-SPRING-ACSA3-5B-HALF_EXPANSION,1997,ACSA3,5B,474.2688,147,153,6,150.000,-1.83,8.21,3.545238,635.270122,497.888591,432.767058,14.943108946879,15.087454267725,14.813191027
CAL0405-HB-1997-SPRING-ACSA3-5T-HALF_EXPANSION,1997,ACSA3,5T,726.9480,153,160,7,156.500,7.46,5.56,3.557143,450.971025,1062.495270,500.225692,15.088398486107,15.210822849412,15.002954434
CAL0405-HB-1997-SPRING-ACSA3-6T-HALF_EXPANSION,1997,ACSA3,6T,767.4864,153,160,7,156.500,7.46,5.56,3.557143,450.971025,1062.495270,500.225692,15.088186945784,15.210601869723,15.002749318
CAL0405-HB-1997-SPRING-ACSA3-7B-HALF_EXPANSION,1997,ACSA3,7B,605.0280,153,160,7,156.500,8.03,5.48,3.973333,476.956652,1210.085918,558.726661,15.085149825609,15.207429253297,14.999804424
CAL0405-HB-1997-SPRING-ACSA3-7T-HALF_EXPANSION,1997,ACSA3,7T,822.9600,153,160,7,156.500,7.36,5.60,3.452857,426.540625,1043.871568,484.201428,15.083944728391,15.206170406223,14.998635914
CAL0405-HB-1997-SPRING-ACSA3-HQ-HALF_EXPANSION,1997,ACSA3,HQ,228.6000,147,153,6,150.000,-1.31,9.34,4.703333,825.968517,575.691970,533.652098,14.942741597600,15.087066831469,14.812841265
CAL0405-HB-1997-SPRING-BEAL2-1B-HALF_EXPANSION,1997,BEAL2,1B,472.1352,147,153,6,150.000,-1.83,8.21,3.545238,635.270122,497.888591,432.767058,14.943422125232,15.087784571613,14.813489210
CAL0405-HB-1997-SPRING-BEAL2-4B-HALF_EXPANSION,1997,BEAL2,4B,528.2184,147,153,6,150.000,-1.83,8.21,3.545238,635.270122,497.888591,432.767058,14.943302541861,15.087658448991,14.813375353
CAL0405-HB-1997-SPRING-BEAL2-4T-HALF_EXPANSION,1997,BEAL2,4T,608.3808,153,160,7,156.500,7.68,5.50,3.733333,469.694359,1116.335581,523.977114,15.088575105190,15.211007349786,15.003125689
CAL0405-HB-1997-SPRING-BEAL2-5B-HALF_EXPANSION,1997,BEAL2,5B,474.2688,147,153,6,150.000,-1.83,8.21,3.545238,635.270122,497.888591,432.767058,14.943108946879,15.087454267725,14.813191027
CAL0405-HB-1997-SPRING-BEAL2-5T-HALF_EXPANSION,1997,BEAL2,5T,726.9480,153,160,7,156.500,7.46,5.56,3.557143,450.971025,1062.495270,500.225692,15.088398486107,15.210822849412,15.002954434
CAL0405-HB-1997-SPRING-BEAL2-6T-HALF_EXPANSION,1997,BEAL2,6T,767.4864,153,160,7,156.500,7.46,5.56,3.557143,450.971025,1062.495270,500.225692,15.088186945784,15.210601869723,15.002749318
CAL0405-HB-1997-SPRING-BEAL2-7B-HALF_EXPANSION,1997,BEAL2,7B,605.0280,153,160,7,156.500,8.03,5.48,3.973333,476.956652,1210.085918,558.726661,15.085149825609,15.207429253297,14.999804424
CAL0405-HB-1997-SPRING-BEAL2-7T-HALF_EXPANSION,1997,BEAL2,7T,822.9600,160,167,7,163.500,5.60,5.71,5.585238,1043.871568,718.304081,648.920901,15.206170406223,15.274701750046,15.140708524
CAL0405-HB-1997-SPRING-BEAL2-HQ-HALF_EXPANSION,1997,BEAL2,HQ,228.6000,147,153,6,150.000,-1.31,9.34,4.703333,825.968517,575.691970,533.652098,14.942741597600,15.087066831469,14.812841265
CAL0405-HB-1997-SPRING-FAGR-1B-HALF_EXPANSION,1997,FAGR,1B,472.1352,147,153,6,150.000,-1.83,8.21,3.545238,635.270122,497.888591,432.767058,14.943422125232,15.087784571613,14.813489210
CAL0405-HB-1997-SPRING-FAGR-4B-HALF_EXPANSION,1997,FAGR,4B,528.2184,147,153,6,150.000,-1.83,8.21,3.545238,635.270122,497.888591,432.767058,14.943302541861,15.087658448991,14.813375353
CAL0405-HB-1997-SPRING-FAGR-4T-HALF_EXPANSION,1997,FAGR,4T,608.3808,153,160,7,156.500,7.68,5.50,3.733333,469.694359,1116.335581,523.977114,15.088575105190,15.211007349786,15.003125689
CAL0405-HB-1997-SPRING-FAGR-5B-HALF_EXPANSION,1997,FAGR,5B,474.2688,147,153,6,150.000,-1.83,8.21,3.545238,635.270122,497.888591,432.767058,14.943108946879,15.087454267725,14.813191027
CAL0405-HB-1997-SPRING-FAGR-5T-HALF_EXPANSION,1997,FAGR,5T,726.9480,153,160,7,156.500,7.46,5.56,3.557143,450.971025,1062.495270,500.225692,15.088398486107,15.210822849412,15.002954434
CAL0405-HB-1997-SPRING-FAGR-6T-HALF_EXPANSION,1997,FAGR,6T,767.4864,153,160,7,156.500,7.46,5.56,3.557143,450.971025,1062.495270,500.225692,15.088186945784,15.210601869723,15.002749318
CAL0405-HB-1997-SPRING-FAGR-7B-HALF_EXPANSION,1997,FAGR,7B,605.0280,147,153,6,150.000,-1.81,8.03,3.360000,602.357265,476.956652,415.309905,14.940923968773,15.085149825609,14.811110652
CAL0405-HB-1997-SPRING-FAGR-7T-HALF_EXPANSION,1997,FAGR,7T,822.9600,153,160,7,156.500,7.36,5.60,3.452857,426.540625,1043.871568,484.201428,15.083944728391,15.206170406223,14.998635914
CAL0405-HB-1997-SPRING-FAGR-HQ-HALF_EXPANSION,1997,FAGR,HQ,228.6000,147,153,6,150.000,-1.31,9.34,4.703333,825.968517,575.691970,533.652098,14.942741597600,15.087066831469,14.812841265
CAL0405-HB-1998-SPRING-ACSA3-1B-HALF_EXPANSION,1998,ACSA3,1B,472.1352,117,124,7,120.500,-4.91,8.67,-0.072381,208.082037,508.814253,509.471465,13.811402036504,14.122386511509,13.666095960
CAL0405-HB-1998-SPRING-ACSA3-4B-HALF_EXPANSION,1998,ACSA3,4B,528.2184,117,124,7,120.500,-4.91,8.67,-0.072381,208.082037,508.814253,509.471465,13.811330781717,14.122302419406,13.666030521
CAL0405-HB-1998-SPRING-ACSA3-4T-HALF_EXPANSION,1998,ACSA3,4T,608.3808,131,138,7,134.500,5.92,7.27,5.255238,360.337522,702.481357,574.232239,14.410152609394,14.667519120743,14.280154682
CAL0405-HB-1998-SPRING-ACSA3-5B-HALF_EXPANSION,1998,ACSA3,5B,474.2688,124,131,7,127.500,8.67,6.56,3.187143,508.814253,395.035872,448.953877,14.122166281099,14.409297583149,13.983467922
CAL0405-HB-1998-SPRING-ACSA3-5T-HALF_EXPANSION,1998,ACSA3,5T,726.9480,131,138,7,134.500,5.69,7.11,5.135714,338.653245,673.889151,550.713117,14.410017877742,14.667368823977,14.280027537
CAL0405-HB-1998-SPRING-ACSA3-6T-HALF_EXPANSION,1998,ACSA3,6T,767.4864,131,138,7,134.500,5.69,7.11,5.135714,338.653245,673.889151,550.713117,14.409856506129,14.667188809898,14.279875252
CAL0405-HB-1998-SPRING-ACSA3-7B-HALF_EXPANSION,1998,ACSA3,7B,605.0280,124,131,7,127.500,8.60,6.42,3.081429,485.834308,365.483337,429.215783,14.120629729342,14.407539578519,13.982034751
CAL0405-HB-1998-SPRING-ACSA3-7T-HALF_EXPANSION,1998,ACSA3,7T,822.9600,131,138,7,134.500,5.67,6.99,5.099524,304.877270,654.499473,528.027912,14.406620200499,14.663578693852,14.276821165
CAL0405-HB-1998-SPRING-ACSA3-HQ-HALF_EXPANSION,1998,ACSA3,HQ,228.6000,124,131,7,127.500,9.40,7.90,4.091429,627.796460,494.667124,545.862950,14.121907954748,14.409002023780,13.983226977
CAL0405-HB-1998-SPRING-BEAL2-1B-HALF_EXPANSION,1998,BEAL2,1B,472.1352,124,131,7,127.500,8.67,6.56,3.187143,508.814253,395.035872,448.953877,14.122386511509,14.409549556441,13.983673335
CAL0405-HB-1998-SPRING-BEAL2-4B-HALF_EXPANSION,1998,BEAL2,4B,528.2184,124,131,7,127.500,8.67,6.56,3.187143,508.814253,395.035872,448.953877,14.122302419406,14.409453343658,13.983594901
CAL0405-HB-1998-SPRING-BEAL2-4T-HALF_EXPANSION,1998,BEAL2,4T,608.3808,131,138,7,134.500,5.92,7.27,5.255238,360.337522,702.481357,574.232239,14.410152609394,14.667519120743,14.280154682
CAL0405-HB-1998-SPRING-BEAL2-5B-HALF_EXPANSION,1998,BEAL2,5B,474.2688,124,131,7,127.500,8.67,6.56,3.187143,508.814253,395.035872,448.953877,14.122166281099,14.409297583149,13.983467922
CAL0405-HB-1998-SPRING-BEAL2-5T-HALF_EXPANSION,1998,BEAL2,5T,726.9480,131,138,7,134.500,5.69,7.11,5.135714,338.653245,673.889151,550.713117,14.410017877742,14.667368823977,14.280027537
CAL0405-HB-1998-SPRING-BEAL2-6T-HALF_EXPANSION,1998,BEAL2,6T,767.4864,131,138,7,134.500,5.69,7.11,5.135714,338.653245,673.889151,550.713117,14.409856506129,14.667188809898,14.279875252
CAL0405-HB-1998-SPRING-BEAL2-7B-HALF_EXPANSION,1998,BEAL2,7B,605.0280,124,131,7,127.500,8.60,6.42,3.081429,485.834308,365.483337,429.215783,14.120629729342,14.407539578519,13.982034751
CAL0405-HB-1998-SPRING-BEAL2-7T-HALF_EXPANSION,1998,BEAL2,7T,822.9600,138,147,9,142.500,6.99,0.43,5.005238,654.499473,781.481431,631.698854,14.663578693852,14.939781333372,14.615720527
CAL0405-HB-1998-SPRING-BEAL2-HQ-HALF_EXPANSION,1998,BEAL2,HQ,228.6000,124,131,7,127.500,9.40,7.90,4.091429,627.796460,494.667124,545.862950,14.121907954748,14.409002023780,13.983226977
CAL0405-HB-1998-SPRING-FAGR-1B-HALF_EXPANSION,1998,FAGR,1B,472.1352,124,131,7,127.500,8.67,6.56,3.187143,508.814253,395.035872,448.953877,14.122386511509,14.409549556441,13.983673335
CAL0405-HB-1998-SPRING-FAGR-4B-HALF_EXPANSION,1998,FAGR,4B,528.2184,124,131,7,127.500,8.67,6.56,3.187143,508.814253,395.035872,448.953877,14.122302419406,14.409453343658,13.983594901
CAL0405-HB-1998-SPRING-FAGR-4T-HALF_EXPANSION,1998,FAGR,4T,608.3808,131,138,7,134.500,5.92,7.27,5.255238,360.337522,702.481357,574.232239,14.410152609394,14.667519120743,14.280154682
CAL0405-HB-1998-SPRING-FAGR-5B-HALF_EXPANSION,1998,FAGR,5B,474.2688,124,131,7,127.500,8.67,6.56,3.187143,508.814253,395.035872,448.953877,14.122166281099,14.409297583149,13.983467922
CAL0405-HB-1998-SPRING-FAGR-5T-HALF_EXPANSION,1998,FAGR,5T,726.9480,131,138,7,134.500,5.69,7.11,5.135714,338.653245,673.889151,550.713117,14.410017877742,14.667368823977,14.280027537
CAL0405-HB-1998-SPRING-FAGR-6T-HALF_EXPANSION,1998,FAGR,6T,767.4864,131,138,7,134.500,5.69,7.11,5.135714,338.653245,673.889151,550.713117,14.409856506129,14.667188809898,14.279875252
CAL0405-HB-1998-SPRING-FAGR-7B-HALF_EXPANSION,1998,FAGR,7B,605.0280,124,131,7,127.500,8.60,6.42,3.081429,485.834308,365.483337,429.215783,14.120629729342,14.407539578519,13.982034751
CAL0405-HB-1998-SPRING-FAGR-7T-HALF_EXPANSION,1998,FAGR,7T,822.9600,131,138,7,134.500,5.67,6.99,5.099524,304.877270,654.499473,528.027912,14.406620200499,14.663578693852,14.276821165
CAL0405-HB-1998-SPRING-FAGR-HQ-HALF_EXPANSION,1998,FAGR,HQ,228.6000,124,131,7,127.500,9.40,7.90,4.091429,627.796460,494.667124,545.862950,14.121907954748,14.409002023780,13.983226977
CAL0405-HB-1999-SPRING-ACSA3-1B-HALF_EXPANSION,1999,ACSA3,1B,472.1352,130,137,7,133.500,6.26,2.80,2.609048,174.754641,1004.535145,651.475649,14.370208214899,14.632159829545,14.238850140
CAL0405-HB-1999-SPRING-ACSA3-4B-HALF_EXPANSION,1999,ACSA3,4B,528.2184,123,130,7,126.500,1.91,6.26,2.013810,921.475402,174.754641,522.435494,14.079202373898,14.370113679429,13.939428593
CAL0405-HB-1999-SPRING-ACSA3-4T-HALF_EXPANSION,1999,ACSA3,4T,608.3808,137,145,8,141.000,2.94,6.33,4.584286,918.213581,361.801913,581.858845,14.632823061682,14.888583948363,14.548740595
CAL0405-HB-1999-SPRING-ACSA3-5B-HALF_EXPANSION,1999,ACSA3,5B,474.2688,123,130,7,126.500,1.91,6.26,2.013810,921.475402,174.754641,522.435494,14.079069143192,14.369960634324,13.939304565
CAL0405-HB-1999-SPRING-ACSA3-5T-HALF_EXPANSION,1999,ACSA3,5T,726.9480,137,145,8,141.000,2.99,5.96,4.407619,884.846453,352.050334,560.754784,14.632674884730,14.888419975130,14.548597394
CAL0405-HB-1999-SPRING-ACSA3-6T-HALF_EXPANSION,1999,ACSA3,6T,767.4864,130,137,7,133.500,4.86,2.99,2.151429,175.166122,884.846453,568.739651,14.370509813327,14.632497409564,14.239134326
CAL0405-HB-1999-SPRING-ACSA3-7B-HALF_EXPANSION,1999,ACSA3,7B,605.0280,130,137,7,133.500,5.83,2.90,2.503333,181.452755,961.084154,619.392539,14.368233274891,14.629949299999,14.236989218
CAL0405-HB-1999-SPRING-ACSA3-7T-HALF_EXPANSION,1999,ACSA3,7T,822.9600,137,145,8,141.000,3.07,5.65,4.342381,850.834730,340.451087,536.525330,14.628938201501,14.884285030580,14.544986196
CAL0405-HB-1999-SPRING-ACSA3-HQ-HALF_EXPANSION,1999,ACSA3,HQ,228.6000,123,130,7,126.500,1.70,8.44,3.051905,1150.955836,171.371176,642.385339,14.078816334019,14.369670227402,13.939069220
CAL0405-HB-1999-SPRING-BEAL2-1B-HALF_EXPANSION,1999,BEAL2,1B,472.1352,130,137,7,133.500,6.26,2.80,2.609048,174.754641,1004.535145,651.475649,14.370208214899,14.632159829545,14.238850140
CAL0405-HB-1999-SPRING-BEAL2-4B-HALF_EXPANSION,1999,BEAL2,4B,528.2184,130,137,7,133.500,6.26,2.80,2.609048,174.754641,1004.535145,651.475649,14.370113679429,14.632054015935,14.238761063
CAL0405-HB-1999-SPRING-BEAL2-4T-HALF_EXPANSION,1999,BEAL2,4T,608.3808,137,145,8,141.000,2.94,6.33,4.584286,918.213581,361.801913,581.858845,14.632823061682,14.888583948363,14.548740595
CAL0405-HB-1999-SPRING-BEAL2-5B-HALF_EXPANSION,1999,BEAL2,5B,474.2688,130,137,7,133.500,6.26,2.80,2.609048,174.754641,1004.535145,651.475649,14.369960634324,14.631882712677,14.238616854
CAL0405-HB-1999-SPRING-BEAL2-5T-HALF_EXPANSION,1999,BEAL2,5T,726.9480,137,145,8,141.000,2.99,5.96,4.407619,884.846453,352.050334,560.754784,14.632674884730,14.888419975130,14.548597394
CAL0405-HB-1999-SPRING-BEAL2-6T-HALF_EXPANSION,1999,BEAL2,6T,767.4864,137,145,8,141.000,2.99,5.96,4.407619,884.846453,352.050334,560.754784,14.632497409564,14.888223580709,14.548425880
CAL0405-HB-1999-SPRING-BEAL2-7B-HALF_EXPANSION,1999,BEAL2,7B,605.0280,130,137,7,133.500,5.83,2.90,2.503333,181.452755,961.084154,619.392539,14.368233274891,14.629949299999,14.236989218
CAL0405-HB-1999-SPRING-BEAL2-7T-HALF_EXPANSION,1999,BEAL2,7T,822.9600,137,145,8,141.000,3.07,5.65,4.342381,850.834730,340.451087,536.525330,14.628938201501,14.884285030580,14.544986196
CAL0405-HB-1999-SPRING-BEAL2-HQ-HALF_EXPANSION,1999,BEAL2,HQ,228.6000,123,130,7,126.500,1.70,8.44,3.051905,1150.955836,171.371176,642.385339,14.078816334019,14.369670227402,13.939069220
CAL0405-HB-1999-SPRING-FAGR-1B-HALF_EXPANSION,1999,FAGR,1B,472.1352,130,137,7,133.500,6.26,2.80,2.609048,174.754641,1004.535145,651.475649,14.370208214899,14.632159829545,14.238850140
CAL0405-HB-1999-SPRING-FAGR-4B-HALF_EXPANSION,1999,FAGR,4B,528.2184,130,137,7,133.500,6.26,2.80,2.609048,174.754641,1004.535145,651.475649,14.370113679429,14.632054015935,14.238761063
CAL0405-HB-1999-SPRING-FAGR-4T-HALF_EXPANSION,1999,FAGR,4T,608.3808,137,145,8,141.000,2.94,6.33,4.584286,918.213581,361.801913,581.858845,14.632823061682,14.888583948363,14.548740595
CAL0405-HB-1999-SPRING-FAGR-5B-HALF_EXPANSION,1999,FAGR,5B,474.2688,130,137,7,133.500,6.26,2.80,2.609048,174.754641,1004.535145,651.475649,14.369960634324,14.631882712677,14.238616854
CAL0405-HB-1999-SPRING-FAGR-5T-HALF_EXPANSION,1999,FAGR,5T,726.9480,137,145,8,141.000,2.99,5.96,4.407619,884.846453,352.050334,560.754784,14.632674884730,14.888419975130,14.548597394
CAL0405-HB-1999-SPRING-FAGR-6T-HALF_EXPANSION,1999,FAGR,6T,767.4864,130,137,7,133.500,4.86,2.99,2.151429,175.166122,884.846453,568.739651,14.370509813327,14.632497409564,14.239134326
CAL0405-HB-1999-SPRING-FAGR-7B-HALF_EXPANSION,1999,FAGR,7B,605.0280,130,137,7,133.500,5.83,2.90,2.503333,181.452755,961.084154,619.392539,14.368233274891,14.629949299999,14.236989218
CAL0405-HB-1999-SPRING-FAGR-7T-HALF_EXPANSION,1999,FAGR,7T,822.9600,137,145,8,141.000,3.07,5.65,4.342381,850.834730,340.451087,536.525330,14.628938201501,14.884285030580,14.544986196
CAL0405-HB-1999-SPRING-FAGR-HQ-HALF_EXPANSION,1999,FAGR,HQ,228.6000,123,130,7,126.500,1.70,8.44,3.051905,1150.955836,171.371176,642.385339,14.078816334019,14.369670227402,13.939069220
CAL0405-HB-2000-SPRING-ACSA3-1B-HALF_EXPANSION,2000,ACSA3,1B,472.1352,129,136,7,132.500,10.07,0.68,1.877619,746.971076,357.112438,537.297704,14.330276356311,14.596751635401,14.197573772
CAL0405-HB-2000-SPRING-ACSA3-4B-HALF_EXPANSION,2000,ACSA3,4B,528.2184,124,129,5,126.500,-3.81,10.07,0.392857,692.844179,746.971076,451.301844,14.122302419406,14.330183517678,13.894836969
CAL0405-HB-2000-SPRING-ACSA3-4T-HALF_EXPANSION,2000,ACSA3,4T,608.3808,143,151,8,147.000,5.80,3.79,3.314762,271.822109,673.079262,398.327420,14.829506043141,15.044303807883,14.752466532
CAL0405-HB-2000-SPRING-ACSA3-5B-HALF_EXPANSION,2000,ACSA3,5B,474.2688,136,143,7,139.500,0.68,6.22,3.301905,357.112438,283.098064,566.920785,14.596478551853,14.828488835638,14.474272257
CAL0405-HB-2000-SPRING-ACSA3-5T-HALF_EXPANSION,2000,ACSA3,5T,726.9480,143,151,8,147.000,5.65,3.64,3.111429,264.313399,647.684144,385.221414,14.829345754585,15.044130011910,14.752310903
CAL0405-HB-2000-SPRING-ACSA3-6T-HALF_EXPANSION,2000,ACSA3,6T,767.4864,143,151,8,147.000,5.65,3.64,3.111429,264.313399,647.684144,385.221414,14.829153773303,15.043921852813,14.752124501
CAL0405-HB-2000-SPRING-ACSA3-7B-HALF_EXPANSION,2000,ACSA3,7B,605.0280,136,143,7,139.500,0.38,6.14,3.217143,338.386791,269.554778,546.986911,14.594573276322,14.826397421392,14.472461627
CAL0405-HB-2000-SPRING-ACSA3-7T-HALF_EXPANSION,2000,ACSA3,7T,822.9600,143,151,8,147.000,5.66,3.48,2.998571,249.467085,625.500464,371.252921,14.825303707169,15.039747425826,14.748386326
CAL0405-HB-2000-SPRING-ACSA3-HQ-HALF_EXPANSION,2000,ACSA3,HQ,228.6000,124,129,5,126.500,-3.18,10.57,1.205714,847.720135,890.686810,545.224907,14.121907954748,14.329748025087,13.894486205
CAL0405-HB-2000-SPRING-BEAL2-1B-HALF_EXPANSION,2000,BEAL2,1B,472.1352,136,143,7,139.500,0.68,6.22,3.301905,357.112438,283.098064,566.920785,14.596751635401,14.828788601585,14.474531774
CAL0405-HB-2000-SPRING-BEAL2-4B-HALF_EXPANSION,2000,BEAL2,4B,528.2184,129,136,7,132.500,10.07,0.68,1.877619,746.971076,357.112438,537.297704,14.330183517678,14.596647361876,14.197486429
CAL0405-HB-2000-SPRING-BEAL2-4T-HALF_EXPANSION,2000,BEAL2,4T,608.3808,143,151,8,147.000,5.80,3.79,3.314762,271.822109,673.079262,398.327420,14.829506043141,15.044303807883,14.752466532
CAL0405-HB-2000-SPRING-BEAL2-5B-HALF_EXPANSION,2000,BEAL2,5B,474.2688,136,143,7,139.500,0.68,6.22,3.301905,357.112438,283.098064,566.920785,14.596478551853,14.828488835638,14.474272257
CAL0405-HB-2000-SPRING-BEAL2-5T-HALF_EXPANSION,2000,BEAL2,5T,726.9480,143,151,8,147.000,5.65,3.64,3.111429,264.313399,647.684144,385.221414,14.829345754585,15.044130011910,14.752310903
CAL0405-HB-2000-SPRING-BEAL2-6T-HALF_EXPANSION,2000,BEAL2,6T,767.4864,151,157,6,154.000,3.64,3.97,3.944286,647.684144,376.369130,453.939329,15.043921852813,15.164498895148,14.927175795
CAL0405-HB-2000-SPRING-BEAL2-7B-HALF_EXPANSION,2000,BEAL2,7B,605.0280,136,143,7,139.500,0.38,6.14,3.217143,338.386791,269.554778,546.986911,14.594573276322,14.826397421392,14.472461627
CAL0405-HB-2000-SPRING-BEAL2-7T-HALF_EXPANSION,2000,BEAL2,7T,822.9600,151,157,6,154.000,3.48,4.13,3.872381,625.500464,348.220226,437.869057,15.039747425826,15.160139015443,14.923176517
CAL0405-HB-2000-SPRING-BEAL2-HQ-HALF_EXPANSION,2000,BEAL2,HQ,228.6000,129,136,7,132.500,10.57,2.03,2.656190,890.686810,460.771252,642.992121,14.329748025087,14.596158231250,14.197076719
CAL0405-HB-2000-SPRING-FAGR-1B-HALF_EXPANSION,2000,FAGR,1B,472.1352,129,136,7,132.500,10.07,0.68,1.877619,746.971076,357.112438,537.297704,14.330276356311,14.596751635401,14.197573772
CAL0405-HB-2000-SPRING-FAGR-4B-HALF_EXPANSION,2000,FAGR,4B,528.2184,136,143,7,139.500,0.68,6.22,3.301905,357.112438,283.098064,566.920785,14.596647361876,14.828674139629,14.474432681
CAL0405-HB-2000-SPRING-FAGR-4T-HALF_EXPANSION,2000,FAGR,4T,608.3808,143,151,8,147.000,5.80,3.79,3.314762,271.822109,673.079262,398.327420,14.829506043141,15.044303807883,14.752466532
CAL0405-HB-2000-SPRING-FAGR-5B-HALF_EXPANSION,2000,FAGR,5B,474.2688,136,143,7,139.500,0.68,6.22,3.301905,357.112438,283.098064,566.920785,14.596478551853,14.828488835638,14.474272257
CAL0405-HB-2000-SPRING-FAGR-5T-HALF_EXPANSION,2000,FAGR,5T,726.9480,143,151,8,147.000,5.65,3.64,3.111429,264.313399,647.684144,385.221414,14.829345754585,15.044130011910,14.752310903
CAL0405-HB-2000-SPRING-FAGR-6T-HALF_EXPANSION,2000,FAGR,6T,767.4864,143,151,8,147.000,5.65,3.64,3.111429,264.313399,647.684144,385.221414,14.829153773303,15.043921852813,14.752124501
CAL0405-HB-2000-SPRING-FAGR-7B-HALF_EXPANSION,2000,FAGR,7B,605.0280,136,143,7,139.500,0.38,6.14,3.217143,338.386791,269.554778,546.986911,14.594573276322,14.826397421392,14.472461627
CAL0405-HB-2000-SPRING-FAGR-7T-HALF_EXPANSION,2000,FAGR,7T,822.9600,151,157,6,154.000,3.48,4.13,3.872381,625.500464,348.220226,437.869057,15.039747425826,15.160139015443,14.923176517
CAL0405-HB-2000-SPRING-FAGR-HQ-HALF_EXPANSION,2000,FAGR,HQ,228.6000,129,136,7,132.500,10.57,2.03,2.656190,890.686810,460.771252,642.992121,14.329748025087,14.596158231250,14.197076719
CAL0405-HB-2001-SPRING-ACSA3-4T-HALF_EXPANSION,2001,ACSA3,4T,608.3808,134,141,7,137.500,-1.50,4.14,3.230952,435.191091,612.086317,758.793248,14.524480210181,14.767085988435,14.398971633
CAL0405-HB-2001-SPRING-ACSA3-5B-HALF_EXPANSION,2001,ACSA3,5B,474.2688,128,134,6,131.000,-0.05,-1.31,1.278571,1193.444361,489.236005,875.715302,14.289533471403,14.523581588791,14.113247466
CAL0405-HB-2001-SPRING-ACSA3-5T-HALF_EXPANSION,2001,ACSA3,5T,726.9480,141,149,8,145.000,4.10,3.94,4.349524,584.898006,399.359228,547.227720,14.766929569049,14.995954073801,14.687393966
CAL0405-HB-2001-SPRING-ACSA3-6T-HALF_EXPANSION,2001,ACSA3,6T,767.4864,134,141,7,137.500,-1.56,4.10,3.108571,411.852876,584.898006,728.713120,14.524169009137,14.766742221881,14.398676690
CAL0405-HB-2001-SPRING-ACSA3-7B-HALF_EXPANSION,2001,ACSA3,7B,605.0280,128,134,6,131.000,0.03,-1.34,1.184286,1129.062451,463.192952,832.812231,14.287868456506,14.521733959717,14.111715828
CAL0405-HB-2001-SPRING-ACSA3-7T-HALF_EXPANSION,2001,ACSA3,7T,822.9600,134,141,7,137.500,-1.67,4.14,3.053333,390.918171,562.149611,697.469381,14.520767716864,14.762985071644,14.395453071
CAL0405-HB-2001-SPRING-BEAL2-1B-HALF_EXPANSION,2001,BEAL2,1B,472.1352,128,134,6,131.000,-0.05,-1.31,1.278571,1193.444361,489.236005,875.715302,14.289772115501,14.523846409065,14.113466993
CAL0405-HB-2001-SPRING-BEAL2-4B-HALF_EXPANSION,2001,BEAL2,4B,528.2184,128,134,6,131.000,-0.05,-1.31,1.278571,1193.444361,489.236005,875.715302,14.289680992332,14.523745290791,14.113383169
CAL0405-HB-2001-SPRING-BEAL2-4T-HALF_EXPANSION,2001,BEAL2,4T,608.3808,128,134,6,131.000,0.09,-1.50,0.990000,1092.078934,435.191091,797.777606,14.290343266342,14.524480210181,14.113992388
CAL0405-HB-2001-SPRING-BEAL2-5B-HALF_EXPANSION,2001,BEAL2,5B,474.2688,128,134,6,131.000,-0.05,-1.31,1.278571,1193.444361,489.236005,875.715302,14.289533471403,14.523581588791,14.113247466
CAL0405-HB-2001-SPRING-BEAL2-5T-HALF_EXPANSION,2001,BEAL2,5T,726.9480,141,149,8,145.000,4.10,3.94,4.349524,584.898006,399.359228,547.227720,14.766929569049,14.995954073801,14.687393966
CAL0405-HB-2001-SPRING-BEAL2-6T-HALF_EXPANSION,2001,BEAL2,6T,767.4864,134,141,7,137.500,-1.56,4.10,3.108571,411.852876,584.898006,728.713120,14.524169009137,14.766742221881,14.398676690
CAL0405-HB-2001-SPRING-BEAL2-7B-HALF_EXPANSION,2001,BEAL2,7B,605.0280,128,134,6,131.000,0.03,-1.34,1.184286,1129.062451,463.192952,832.812231,14.287868456506,14.521733959717,14.111715828
CAL0405-HB-2001-SPRING-BEAL2-7T-HALF_EXPANSION,2001,BEAL2,7T,822.9600,141,149,8,145.000,4.14,3.69,4.280476,562.149611,373.559820,521.022108,14.762985071644,14.991648549042,14.683569883
CAL0405-HB-2001-SPRING-FAGR-1B-HALF_EXPANSION,2001,FAGR,1B,472.1352,128,134,6,131.000,-0.05,-1.31,1.278571,1193.444361,489.236005,875.715302,14.289772115501,14.523846409065,14.113466993
CAL0405-HB-2001-SPRING-FAGR-4T-HALF_EXPANSION,2001,FAGR,4T,608.3808,134,141,7,137.500,-1.50,4.14,3.230952,435.191091,612.086317,758.793248,14.524480210181,14.767085988435,14.398971633
CAL0405-HB-2001-SPRING-FAGR-5B-HALF_EXPANSION,2001,FAGR,5B,474.2688,128,134,6,131.000,-0.05,-1.31,1.278571,1193.444361,489.236005,875.715302,14.289533471403,14.523581588791,14.113247466
CAL0405-HB-2001-SPRING-FAGR-5T-HALF_EXPANSION,2001,FAGR,5T,726.9480,134,141,7,137.500,-1.56,4.10,3.108571,411.852876,584.898006,728.713120,14.524338608751,14.766929569049,14.398837429
CAL0405-HB-2001-SPRING-FAGR-6T-HALF_EXPANSION,2001,FAGR,6T,767.4864,134,141,7,137.500,-1.56,4.10,3.108571,411.852876,584.898006,728.713120,14.524169009137,14.766742221881,14.398676690
CAL0405-HB-2001-SPRING-FAGR-7B-HALF_EXPANSION,2001,FAGR,7B,605.0280,128,134,6,131.000,0.03,-1.34,1.184286,1129.062451,463.192952,832.812231,14.287868456506,14.521733959717,14.111715828
CAL0405-HB-2001-SPRING-FAGR-7T-HALF_EXPANSION,2001,FAGR,7T,822.9600,149,155,6,152.000,3.69,6.91,4.124286,373.559820,379.368646,406.232241,14.991648549042,15.124114450078,14.868333649
CAL0405-HB-2002-SPRING-ACSA3-1B-HALF_EXPANSION,2002,ACSA3,1B,472.1352,140,148,8,144.000,-4.44,6.41,1.103333,307.384554,1008.867782,534.045647,14.733978460040,14.969854412453,14.653267409
CAL0405-HB-2002-SPRING-ACSA3-4B-HALF_EXPANSION,2002,ACSA3,4B,528.2184,134,140,6,137.000,0.01,-4.44,0.287619,293.043187,307.384554,418.581122,14.523745290791,14.733868188897,14.359269547
CAL0405-HB-2002-SPRING-ACSA3-4T-HALF_EXPANSION,2002,ACSA3,4T,608.3808,140,148,8,144.000,-4.85,6.37,0.528095,273.408767,933.111235,494.457176,14.734669632746,14.970611413379,14.653936964
CAL0405-HB-2002-SPRING-ACSA3-5B-HALF_EXPANSION,2002,ACSA3,5B,474.2688,134,140,6,137.000,0.01,-4.44,0.287619,293.043187,307.384554,418.581122,14.523581588791,14.733689669373,14.359117085
CAL0405-HB-2002-SPRING-ACSA3-5T-HALF_EXPANSION,2002,ACSA3,5T,726.9480,148,154,6,151.000,6.45,0.22,2.222381,896.367360,435.735769,536.828848,14.970442286320,15.109027640718,14.843669902
CAL0405-HB-2002-SPRING-ACSA3-6T-HALF_EXPANSION,2002,ACSA3,6T,767.4864,140,148,8,144.000,-5.01,6.45,0.302857,258.339441,896.367360,477.339125,14.734330261361,14.970239719167,14.653608208
CAL0405-HB-2002-SPRING-ACSA3-7B-HALF_EXPANSION,2002,ACSA3,7B,605.0280,140,148,8,144.000,-4.53,6.67,0.923333,287.867128,969.575171,516.080070,14.731674818926,14.967331406350,14.651035812
CAL0405-HB-2002-SPRING-ACSA3-7T-HALF_EXPANSION,2002,ACSA3,7T,822.9600,148,154,6,151.000,6.77,-0.08,2.143333,859.466677,430.961701,518.428139,14.966177407162,15.104540596848,14.839602852
CAL0405-HB-2002-SPRING-ACSA3-HQ-HALF_EXPANSION,2002,ACSA3,HQ,228.6000,126,134,8,130.000,1.28,1.29,0.952381,1347.813429,340.492887,461.302819,14.206619236414,14.523270960561,14.112989966
CAL0405-HB-2002-SPRING-BEAL2-1B-HALF_EXPANSION,2002,BEAL2,1B,472.1352,140,148,8,144.000,-4.44,6.41,1.103333,307.384554,1008.867782,534.045647,14.733978460040,14.969854412453,14.653267409
CAL0405-HB-2002-SPRING-BEAL2-4B-HALF_EXPANSION,2002,BEAL2,4B,528.2184,140,148,8,144.000,-4.44,6.41,1.103333,307.384554,1008.867782,534.045647,14.733868188897,14.969733639411,14.653160587
CAL0405-HB-2002-SPRING-BEAL2-4T-HALF_EXPANSION,2002,BEAL2,4T,608.3808,148,154,6,151.000,6.37,0.56,2.417619,933.111235,447.218484,557.162587,14.970611413379,15.109205580150,14.843831183
CAL0405-HB-2002-SPRING-BEAL2-5B-HALF_EXPANSION,2002,BEAL2,5B,474.2688,140,148,8,144.000,-4.44,6.41,1.103333,307.384554,1008.867782,534.045647,14.733689669373,14.969538118487,14.652987651
CAL0405-HB-2002-SPRING-BEAL2-5T-HALF_EXPANSION,2002,BEAL2,5T,726.9480,148,154,6,151.000,6.45,0.22,2.222381,896.367360,435.735769,536.828848,14.970442286320,15.109027640718,14.843669902
CAL0405-HB-2002-SPRING-BEAL2-6T-HALF_EXPANSION,2002,BEAL2,6T,767.4864,148,154,6,151.000,6.45,0.22,2.222381,896.367360,435.735769,536.828848,14.970239719167,15.108814519022,14.843476733
CAL0405-HB-2002-SPRING-BEAL2-7B-HALF_EXPANSION,2002,BEAL2,7B,605.0280,140,148,8,144.000,-4.53,6.67,0.923333,287.867128,969.575171,516.080070,14.731674818926,14.967331406350,14.651035812
CAL0405-HB-2002-SPRING-BEAL2-7T-HALF_EXPANSION,2002,BEAL2,7T,822.9600,148,154,6,151.000,6.77,-0.08,2.143333,859.466677,430.961701,518.428139,14.966177407162,15.104540596848,14.839602852
CAL0405-HB-2002-SPRING-BEAL2-HQ-HALF_EXPANSION,2002,BEAL2,HQ,228.6000,134,140,6,137.000,1.29,-3.54,1.634762,340.492887,395.322393,495.998976,14.523270960561,14.733350925238,14.358827785
CAL0405-HB-2002-SPRING-FAGR-1B-HALF_EXPANSION,2002,FAGR,1B,472.1352,140,148,8,144.000,-4.44,6.41,1.103333,307.384554,1008.867782,534.045647,14.733978460040,14.969854412453,14.653267409
CAL0405-HB-2002-SPRING-FAGR-4B-HALF_EXPANSION,2002,FAGR,4B,528.2184,140,148,8,144.000,-4.44,6.41,1.103333,307.384554,1008.867782,534.045647,14.733868188897,14.969733639411,14.653160587
CAL0405-HB-2002-SPRING-FAGR-4T-HALF_EXPANSION,2002,FAGR,4T,608.3808,148,154,6,151.000,6.37,0.56,2.417619,933.111235,447.218484,557.162587,14.970611413379,15.109205580150,14.843831183
CAL0405-HB-2002-SPRING-FAGR-5B-HALF_EXPANSION,2002,FAGR,5B,474.2688,140,148,8,144.000,-4.44,6.41,1.103333,307.384554,1008.867782,534.045647,14.733689669373,14.969538118487,14.652987651
CAL0405-HB-2002-SPRING-FAGR-5T-HALF_EXPANSION,2002,FAGR,5T,726.9480,148,154,6,151.000,6.45,0.22,2.222381,896.367360,435.735769,536.828848,14.970442286320,15.109027640718,14.843669902
CAL0405-HB-2002-SPRING-FAGR-6T-HALF_EXPANSION,2002,FAGR,6T,767.4864,148,154,6,151.000,6.45,0.22,2.222381,896.367360,435.735769,536.828848,14.970239719167,15.108814519022,14.843476733
CAL0405-HB-2002-SPRING-FAGR-7B-HALF_EXPANSION,2002,FAGR,7B,605.0280,140,148,8,144.000,-4.53,6.67,0.923333,287.867128,969.575171,516.080070,14.731674818926,14.967331406350,14.651035812
CAL0405-HB-2002-SPRING-FAGR-7T-HALF_EXPANSION,2002,FAGR,7T,822.9600,148,154,6,151.000,6.77,-0.08,2.143333,859.466677,430.961701,518.428139,14.966177407162,15.104540596848,14.839602852
CAL0405-HB-2002-SPRING-FAGR-HQ-HALF_EXPANSION,2002,FAGR,HQ,228.6000,126,134,8,130.000,1.28,1.29,0.952381,1347.813429,340.492887,461.302819,14.206619236414,14.523270960561,14.112989966
CAL0405-HB-2003-SPRING-ACSA3-7T-HALF_EXPANSION,2003,ACSA3,7T,822.9600,147,167,20,157.000,6.52,3.31,6.699048,331.529190,650.989431,446.644153,14.939781333372,15.274701750046,15.140708524
CAL0405-HB-2003-SPRING-BEAL2-7B-HALF_EXPANSION,2003,BEAL2,7B,605.0280,147,167,20,157.000,7.31,3.63,7.410952,362.291342,731.018098,500.364879,14.940923968773,15.275991069991,15.141938756
CAL0405-HB-2003-SPRING-BEAL2-7T-HALF_EXPANSION,2003,BEAL2,7T,822.9600,147,167,20,157.000,6.52,3.31,6.699048,331.529190,650.989431,446.644153,14.939781333372,15.274701750046,15.140708524
CAL0405-HB-2003-SPRING-BEAL2-HQ-HALF_EXPANSION,2003,BEAL2,HQ,228.6000,147,161,14,154.000,8.77,11.08,8.266190,430.326597,600.199074,550.479782,14.942741597600,15.222607989372,15.024961176
CAL0405-HB-2003-SPRING-FAGR-7T-HALF_EXPANSION,2003,FAGR,7T,822.9600,147,167,20,157.000,6.52,3.31,6.699048,331.529190,650.989431,446.644153,14.939781333372,15.274701750046,15.140708524
CAL0405-HB-2004-SPRING-ACSA3-1B-HALF_EXPANSION,2004,ACSA3,1B,472.1352,131,138,7,134.500,3.47,7.51,4.289048,448.917799,724.393666,732.241106,14.409549556441,14.666846400665,14.279585586
CAL0405-HB-2004-SPRING-ACSA3-4B-HALF_EXPANSION,2004,ACSA3,4B,528.2184,125,131,6,128.000,-0.70,3.47,1.609524,228.642208,448.917799,555.469909,14.164917397234,14.409453343658,13.983594901
CAL0405-HB-2004-SPRING-ACSA3-4T-HALF_EXPANSION,2004,ACSA3,4T,608.3808,138,145,7,141.500,6.95,6.49,4.659048,685.895814,236.952816,594.809248,14.667519120743,14.888583948363,14.548740595
CAL0405-HB-2004-SPRING-ACSA3-5B-HALF_EXPANSION,2004,ACSA3,5B,474.2688,131,138,7,134.500,3.47,7.51,4.289048,448.917799,724.393666,732.241106,14.409297583149,14.666565319651,14.279347801
CAL0405-HB-2004-SPRING-ACSA3-5T-HALF_EXPANSION,2004,ACSA3,5T,726.9480,138,145,7,141.500,6.81,6.27,4.519524,663.532185,233.885880,571.864912,14.667368823977,14.888419975130,14.548597394
CAL0405-HB-2004-SPRING-ACSA3-6T-HALF_EXPANSION,2004,ACSA3,6T,767.4864,138,145,7,141.500,6.81,6.27,4.519524,663.532185,233.885880,571.864912,14.667188809898,14.888223580709,14.548425880
CAL0405-HB-2004-SPRING-ACSA3-7B-HALF_EXPANSION,2004,ACSA3,7B,605.0280,131,138,7,134.500,3.56,7.40,4.210952,435.746716,708.011497,696.518113,14.407539578519,14.664604252504,14.277688781
CAL0405-HB-2004-SPRING-ACSA3-7T-HALF_EXPANSION,2004,ACSA3,7T,822.9600,131,138,7,134.500,3.54,6.75,3.725714,403.274291,650.274778,615.940804,14.406620200499,14.663578693852,14.276821165
CAL0405-HB-2004-SPRING-ACSA3-HQ-HALF_EXPANSION,2004,ACSA3,HQ,228.6000,131,138,7,134.500,3.56,8.61,5.053333,516.002479,825.956951,878.030890,14.409002023780,14.666235618476,14.279068884
CAL0405-HB-2004-SPRING-BEAL2-1B-HALF_EXPANSION,2004,BEAL2,1B,472.1352,131,138,7,134.500,3.47,7.51,4.289048,448.917799,724.393666,732.241106,14.409549556441,14.666846400665,14.279585586
CAL0405-HB-2004-SPRING-BEAL2-4B-HALF_EXPANSION,2004,BEAL2,4B,528.2184,131,138,7,134.500,3.47,7.51,4.289048,448.917799,724.393666,732.241106,14.409453343658,14.666739073383,14.279494791
CAL0405-HB-2004-SPRING-BEAL2-4T-HALF_EXPANSION,2004,BEAL2,4T,608.3808,138,145,7,141.500,6.95,6.49,4.659048,685.895814,236.952816,594.809248,14.667519120743,14.888583948363,14.548740595
CAL0405-HB-2004-SPRING-BEAL2-5B-HALF_EXPANSION,2004,BEAL2,5B,474.2688,131,138,7,134.500,3.47,7.51,4.289048,448.917799,724.393666,732.241106,14.409297583149,14.666565319651,14.279347801
CAL0405-HB-2004-SPRING-BEAL2-5T-HALF_EXPANSION,2004,BEAL2,5T,726.9480,138,145,7,141.500,6.81,6.27,4.519524,663.532185,233.885880,571.864912,14.667368823977,14.888419975130,14.548597394
CAL0405-HB-2004-SPRING-BEAL2-6T-HALF_EXPANSION,2004,BEAL2,6T,767.4864,138,145,7,141.500,6.81,6.27,4.519524,663.532185,233.885880,571.864912,14.667188809898,14.888223580709,14.548425880
CAL0405-HB-2004-SPRING-BEAL2-7B-HALF_EXPANSION,2004,BEAL2,7B,605.0280,131,138,7,134.500,3.56,7.40,4.210952,435.746716,708.011497,696.518113,14.407539578519,14.664604252504,14.277688781
CAL0405-HB-2004-SPRING-BEAL2-7T-HALF_EXPANSION,2004,BEAL2,7T,822.9600,138,145,7,141.500,6.75,6.13,4.453333,650.274778,232.476880,548.167823,14.663578693852,14.884285030580,14.544986196
CAL0405-HB-2004-SPRING-BEAL2-HQ-HALF_EXPANSION,2004,BEAL2,HQ,228.6000,131,138,7,134.500,3.56,8.61,5.053333,516.002479,825.956951,878.030890,14.409002023780,14.666235618476,14.279068884
CAL0405-HB-2004-SPRING-FAGR-1B-HALF_EXPANSION,2004,FAGR,1B,472.1352,131,138,7,134.500,3.47,7.51,4.289048,448.917799,724.393666,732.241106,14.409549556441,14.666846400665,14.279585586
CAL0405-HB-2004-SPRING-FAGR-4B-HALF_EXPANSION,2004,FAGR,4B,528.2184,131,138,7,134.500,3.47,7.51,4.289048,448.917799,724.393666,732.241106,14.409453343658,14.666739073383,14.279494791
CAL0405-HB-2004-SPRING-FAGR-4T-HALF_EXPANSION,2004,FAGR,4T,608.3808,138,145,7,141.500,6.95,6.49,4.659048,685.895814,236.952816,594.809248,14.667519120743,14.888583948363,14.548740595
CAL0405-HB-2004-SPRING-FAGR-5B-HALF_EXPANSION,2004,FAGR,5B,474.2688,131,138,7,134.500,3.47,7.51,4.289048,448.917799,724.393666,732.241106,14.409297583149,14.666565319651,14.279347801
CAL0405-HB-2004-SPRING-FAGR-5T-HALF_EXPANSION,2004,FAGR,5T,726.9480,138,145,7,141.500,6.81,6.27,4.519524,663.532185,233.885880,571.864912,14.667368823977,14.888419975130,14.548597394
CAL0405-HB-2004-SPRING-FAGR-6T-HALF_EXPANSION,2004,FAGR,6T,767.4864,138,145,7,141.500,6.81,6.27,4.519524,663.532185,233.885880,571.864912,14.667188809898,14.888223580709,14.548425880
CAL0405-HB-2004-SPRING-FAGR-7B-HALF_EXPANSION,2004,FAGR,7B,605.0280,131,138,7,134.500,3.56,7.40,4.210952,435.746716,708.011497,696.518113,14.407539578519,14.664604252504,14.277688781
CAL0405-HB-2004-SPRING-FAGR-7T-HALF_EXPANSION,2004,FAGR,7T,822.9600,138,145,7,141.500,6.75,6.13,4.453333,650.274778,232.476880,548.167823,14.663578693852,14.884285030580,14.544986196
CAL0405-HB-2004-SPRING-FAGR-HQ-HALF_EXPANSION,2004,FAGR,HQ,228.6000,131,138,7,134.500,3.56,8.61,5.053333,516.002479,825.956951,878.030890,14.409002023780,14.666235618476,14.279068884
CAL0405-HB-2005-SPRING-ACSA3-1B-HALF_EXPANSION,2005,ACSA3,1B,472.1352,137,144,7,140.500,2.35,4.63,1.390476,379.519931,214.029927,436.616176,14.632159829545,14.858746294294,14.511648994
CAL0405-HB-2005-SPRING-ACSA3-4B-HALF_EXPANSION,2005,ACSA3,4B,528.2184,129,137,8,133.000,4.13,2.35,0.806667,650.849776,379.519931,422.851374,14.330183517678,14.632054015935,14.238761063
CAL0405-HB-2005-SPRING-ACSA3-4T-HALF_EXPANSION,2005,ACSA3,4T,608.3808,144,151,7,147.500,3.98,8.51,3.133810,203.040053,325.459937,374.823386,14.859472088509,15.044303807883,14.752466532
CAL0405-HB-2005-SPRING-ACSA3-5B-HALF_EXPANSION,2005,ACSA3,5B,474.2688,144,151,7,147.500,4.63,9.07,3.615238,214.029927,342.646678,403.697973,14.858443038570,15.043200885155,14.751478890
CAL0405-HB-2005-SPRING-ACSA3-5T-HALF_EXPANSION,2005,ACSA3,5T,726.9480,151,157,6,154.000,8.25,11.56,5.245238,317.965505,344.261234,471.613762,15.044130011910,15.164716304286,14.927375218
CAL0405-HB-2005-SPRING-ACSA3-6T-HALF_EXPANSION,2005,ACSA3,6T,767.4864,151,157,6,154.000,8.25,11.56,5.245238,317.965505,344.261234,471.613762,15.043921852813,15.164498895148,14.927175795
CAL0405-HB-2005-SPRING-ACSA3-7B-HALF_EXPANSION,2005,ACSA3,7B,605.0280,144,151,7,147.500,4.31,8.83,3.423810,210.265589,342.585230,392.301562,14.856327279775,15.040933268849,14.749448257
CAL0405-HB-2005-SPRING-ACSA3-7T-HALF_EXPANSION,2005,ACSA3,7T,822.9600,151,157,6,154.000,8.04,11.40,5.091905,319.290853,353.498944,458.186222,15.039747425826,15.160139015443,14.923176517
CAL0405-HB-2005-SPRING-ACSA3-HQ-HALF_EXPANSION,2005,ACSA3,HQ,228.6000,137,144,7,140.500,3.82,6.13,2.359524,466.105976,240.778227,516.097281,14.631557661218,14.858087327852,14.511075992
CAL0405-HB-2005-SPRING-BEAL2-1B-HALF_EXPANSION,2005,BEAL2,1B,472.1352,144,151,7,147.500,4.63,9.07,3.615238,214.029927,342.646678,403.697973,14.858746294294,15.043525909908,14.751769944
CAL0405-HB-2005-SPRING-BEAL2-4B-HALF_EXPANSION,2005,BEAL2,4B,528.2184,144,151,7,147.500,4.63,9.07,3.615238,214.029927,342.646678,403.697973,14.858630499797,15.043401803083,14.751658808
CAL0405-HB-2005-SPRING-BEAL2-4T-HALF_EXPANSION,2005,BEAL2,4T,608.3808,151,157,6,154.000,8.51,11.76,5.459048,325.459937,355.534546,489.649510,15.044303807883,15.164897823467,14.927541720
CAL0405-HB-2005-SPRING-BEAL2-5B-HALF_EXPANSION,2005,BEAL2,5B,474.2688,144,151,7,147.500,4.63,9.07,3.615238,214.029927,342.646678,403.697973,14.858443038570,15.043200885155,14.751478890
CAL0405-HB-2005-SPRING-BEAL2-5T-HALF_EXPANSION,2005,BEAL2,5T,726.9480,151,157,6,154.000,8.25,11.56,5.245238,317.965505,344.261234,471.613762,15.044130011910,15.164716304286,14.927375218
CAL0405-HB-2005-SPRING-BEAL2-6T-HALF_EXPANSION,2005,BEAL2,6T,767.4864,151,157,6,154.000,8.25,11.56,5.245238,317.965505,344.261234,471.613762,15.043921852813,15.164498895148,14.927175795
CAL0405-HB-2005-SPRING-BEAL2-7B-HALF_EXPANSION,2005,BEAL2,7B,605.0280,151,157,6,154.000,8.83,11.99,5.718095,342.585230,365.735433,512.567946,15.040933268849,15.161377531368,14.924312612
CAL0405-HB-2005-SPRING-BEAL2-7T-HALF_EXPANSION,2005,BEAL2,7T,822.9600,151,157,6,154.000,8.04,11.40,5.091905,319.290853,353.498944,458.186222,15.039747425826,15.160139015443,14.923176517
CAL0405-HB-2005-SPRING-BEAL2-HQ-HALF_EXPANSION,2005,BEAL2,HQ,228.6000,144,151,7,147.500,6.13,10.32,4.712381,240.778227,380.720067,474.594902,14.858087327852,15.042819640917,14.751137492
CAL0405-HB-2005-SPRING-FAGR-1B-HALF_EXPANSION,2005,FAGR,1B,472.1352,144,151,7,147.500,4.63,9.07,3.615238,214.029927,342.646678,403.697973,14.858746294294,15.043525909908,14.751769944
CAL0405-HB-2005-SPRING-FAGR-4B-HALF_EXPANSION,2005,FAGR,4B,528.2184,144,151,7,147.500,4.63,9.07,3.615238,214.029927,342.646678,403.697973,14.858630499797,15.043401803083,14.751658808
CAL0405-HB-2005-SPRING-FAGR-4T-HALF_EXPANSION,2005,FAGR,4T,608.3808,151,157,6,154.000,8.51,11.76,5.459048,325.459937,355.534546,489.649510,15.044303807883,15.164897823467,14.927541720
CAL0405-HB-2005-SPRING-FAGR-5B-HALF_EXPANSION,2005,FAGR,5B,474.2688,144,151,7,147.500,4.63,9.07,3.615238,214.029927,342.646678,403.697973,14.858443038570,15.043200885155,14.751478890
CAL0405-HB-2005-SPRING-FAGR-5T-HALF_EXPANSION,2005,FAGR,5T,726.9480,151,157,6,154.000,8.25,11.56,5.245238,317.965505,344.261234,471.613762,15.044130011910,15.164716304286,14.927375218
CAL0405-HB-2005-SPRING-FAGR-6T-HALF_EXPANSION,2005,FAGR,6T,767.4864,151,157,6,154.000,8.25,11.56,5.245238,317.965505,344.261234,471.613762,15.043921852813,15.164498895148,14.927175795
CAL0405-HB-2005-SPRING-FAGR-7B-HALF_EXPANSION,2005,FAGR,7B,605.0280,144,151,7,147.500,4.31,8.83,3.423810,210.265589,342.585230,392.301562,14.856327279775,15.040933268849,14.749448257
CAL0405-HB-2005-SPRING-FAGR-7T-HALF_EXPANSION,2005,FAGR,7T,822.9600,151,157,6,154.000,8.04,11.40,5.091905,319.290853,353.498944,458.186222,15.039747425826,15.160139015443,14.923176517
CAL0405-HB-2005-SPRING-FAGR-HQ-HALF_EXPANSION,2005,FAGR,HQ,228.6000,137,144,7,140.500,3.82,6.13,2.359524,466.105976,240.778227,516.097281,14.631557661218,14.858087327852,14.511075992
CAL0405-HB-2006-SPRING-ACSA3-1B-HALF_EXPANSION,2006,ACSA3,1B,472.1352,128,137,9,132.500,-1.10,6.21,3.086190,763.524101,378.589155,455.014814,14.289772115501,14.632159829545,14.238850140
CAL0405-HB-2006-SPRING-ACSA3-4B-HALF_EXPANSION,2006,ACSA3,4B,528.2184,121,128,7,124.500,-0.06,-1.10,0.676190,659.121570,763.524101,520.186845,13.991613583845,14.289680992332,13.849835497
CAL0405-HB-2006-SPRING-ACSA3-4T-HALF_EXPANSION,2006,ACSA3,4T,608.3808,142,150,8,146.000,1.85,11.32,5.852381,193.877707,826.341718,444.050385,14.798704421262,15.020694581351,14.720394958
CAL0405-HB-2006-SPRING-ACSA3-5B-HALF_EXPANSION,2006,ACSA3,5B,474.2688,128,137,9,132.500,-1.10,6.21,3.086190,763.524101,378.589155,455.014814,14.289533471403,14.631882712677,14.238616854
CAL0405-HB-2006-SPRING-ACSA3-5T-HALF_EXPANSION,2006,ACSA3,5T,726.9480,142,150,8,146.000,1.52,11.18,5.603333,190.050342,802.627178,429.205892,14.798546045006,15.020522285264,14.720241301
CAL0405-HB-2006-SPRING-ACSA3-6T-HALF_EXPANSION,2006,ACSA3,6T,767.4864,142,150,8,146.000,1.52,11.18,5.603333,190.050342,802.627178,429.205892,14.798356354091,15.020315922575,14.720057261
CAL0405-HB-2006-SPRING-ACSA3-7B-HALF_EXPANSION,2006,ACSA3,7B,605.0280,128,137,9,132.500,-1.03,5.92,2.943810,714.396895,365.279879,430.248928,14.287868456506,14.629949299999,14.236989218
CAL0405-HB-2006-SPRING-ACSA3-7T-HALF_EXPANSION,2006,ACSA3,7T,822.9600,137,142,5,139.500,5.04,1.26,4.130952,319.150079,185.552173,322.340054,14.628938201501,14.794552210579,14.433798550
CAL0405-HB-2006-SPRING-ACSA3-HQ-HALF_EXPANSION,2006,ACSA3,HQ,228.6000,128,137,9,132.500,-0.79,7.58,4.081905,917.613303,465.593403,548.803631,14.289253546560,14.631557661218,14.238343213
CAL0405-HB-2006-SPRING-BEAL2-1B-HALF_EXPANSION,2006,BEAL2,1B,472.1352,142,150,8,146.000,2.57,11.56,6.339524,213.109543,877.336377,479.754071,14.797995538807,15.019923396536,14.719707196
CAL0405-HB-2006-SPRING-BEAL2-4B-HALF_EXPANSION,2006,BEAL2,4B,528.2184,142,150,8,146.000,2.57,11.56,6.339524,213.109543,877.336377,479.754071,14.797882442328,15.019800360685,14.719597469
CAL0405-HB-2006-SPRING-BEAL2-4T-HALF_EXPANSION,2006,BEAL2,4T,608.3808,142,150,8,146.000,1.85,11.32,5.852381,193.877707,826.341718,444.050385,14.798704421262,15.020694581351,14.720394958
CAL0405-HB-2006-SPRING-BEAL2-5B-HALF_EXPANSION,2006,BEAL2,5B,474.2688,142,150,8,146.000,2.57,11.56,6.339524,213.109543,877.336377,479.754071,14.797699348895,15.019601176537,14.719419831
CAL0405-HB-2006-SPRING-BEAL2-5T-HALF_EXPANSION,2006,BEAL2,5T,726.9480,150,156,6,153.000,11.18,8.33,6.941905,802.627178,352.645163,483.909522,15.020522285264,15.147200706734,14.900353451
CAL0405-HB-2006-SPRING-BEAL2-6T-HALF_EXPANSION,2006,BEAL2,6T,767.4864,150,156,6,153.000,11.18,8.33,6.941905,802.627178,352.645163,483.909522,15.020315922575,15.146984649051,14.900156052
CAL0405-HB-2006-SPRING-BEAL2-7B-HALF_EXPANSION,2006,BEAL2,7B,605.0280,137,142,5,139.500,5.92,2.27,4.909048,365.279879,206.231075,360.278696,14.629949299999,14.795632881046,14.434729987
CAL0405-HB-2006-SPRING-BEAL2-7T-HALF_EXPANSION,2006,BEAL2,7T,822.9600,137,142,5,139.500,5.04,1.26,4.130952,319.150079,185.552173,322.340054,14.628938201501,14.794552210579,14.433798550
CAL0405-HB-2006-SPRING-BEAL2-HQ-HALF_EXPANSION,2006,BEAL2,HQ,228.6000,137,142,5,139.500,7.58,4.20,6.328095,465.593403,252.984339,453.430679,14.631557661218,14.797351925912,14.436211620
CAL0405-HB-2006-SPRING-FAGR-1B-HALF_EXPANSION,2006,FAGR,1B,472.1352,137,142,5,139.500,6.21,2.57,5.110476,378.589155,213.109543,378.498158,14.632159829545,14.797995538807,14.436766338
CAL0405-HB-2006-SPRING-FAGR-4B-HALF_EXPANSION,2006,FAGR,4B,528.2184,137,142,5,139.500,6.21,2.57,5.110476,378.589155,213.109543,378.498158,14.632054015935,14.797882442328,14.436668863
CAL0405-HB-2006-SPRING-FAGR-4T-HALF_EXPANSION,2006,FAGR,4T,608.3808,142,150,8,146.000,1.85,11.32,5.852381,193.877707,826.341718,444.050385,14.798704421262,15.020694581351,14.720394958
CAL0405-HB-2006-SPRING-FAGR-5B-HALF_EXPANSION,2006,FAGR,5B,474.2688,137,142,5,139.500,6.21,2.57,5.110476,378.589155,213.109543,378.498158,14.631882712677,14.797699348895,14.436511058
CAL0405-HB-2006-SPRING-FAGR-5T-HALF_EXPANSION,2006,FAGR,5T,726.9480,142,150,8,146.000,1.52,11.18,5.603333,190.050342,802.627178,429.205892,14.798546045006,15.020522285264,14.720241301
CAL0405-HB-2006-SPRING-FAGR-6T-HALF_EXPANSION,2006,FAGR,6T,767.4864,142,150,8,146.000,1.52,11.18,5.603333,190.050342,802.627178,429.205892,14.798356354091,15.020315922575,14.720057261
CAL0405-HB-2006-SPRING-FAGR-7B-HALF_EXPANSION,2006,FAGR,7B,605.0280,142,150,8,146.000,2.27,11.52,6.140476,206.231075,855.460844,463.906945,14.795632881046,15.017353125540,14.717414924
CAL0405-HB-2006-SPRING-FAGR-7T-HALF_EXPANSION,2006,FAGR,7T,822.9600,142,150,8,146.000,1.26,11.23,5.423810,185.552173,784.150379,414.569223,14.794552210579,15.016177512215,14.716366444
CAL0405-HB-2006-SPRING-FAGR-HQ-HALF_EXPANSION,2006,FAGR,HQ,228.6000,137,142,5,139.500,7.58,4.20,6.328095,465.593403,252.984339,453.430679,14.631557661218,14.797351925912,14.436211620
CAL0405-HB-2007-SPRING-ACSA3-1B-HALF_EXPANSION,2007,ACSA3,1B,472.1352,134,142,8,138.000,-1.09,0.21,2.797143,778.749802,712.160599,582.347438,14.523846409065,14.797995538807,14.436766338
CAL0405-HB-2007-SPRING-ACSA3-4B-HALF_EXPANSION,2007,ACSA3,4B,528.2184,127,134,7,130.500,-0.55,-1.09,2.137143,868.159521,778.749802,574.940400,14.248624031623,14.523745290791,14.113383169
CAL0405-HB-2007-SPRING-ACSA3-4T-HALF_EXPANSION,2007,ACSA3,4T,608.3808,142,149,7,145.500,-0.10,8.04,5.116190,648.196185,520.131721,631.566157,14.798704421262,14.996124813081,14.687545610
CAL0405-HB-2007-SPRING-ACSA3-5B-HALF_EXPANSION,2007,ACSA3,5B,474.2688,127,134,7,130.500,-0.55,-1.09,2.137143,868.159521,778.749802,574.940400,14.248479316606,14.523581588791,14.113247466
CAL0405-HB-2007-SPRING-ACSA3-5T-HALF_EXPANSION,2007,ACSA3,5T,726.9480,142,149,7,145.500,-0.21,7.79,4.951905,618.606273,496.334538,608.132384,14.798546045006,14.995954073801,14.687393966
CAL0405-HB-2007-SPRING-ACSA3-6T-HALF_EXPANSION,2007,ACSA3,6T,767.4864,142,149,7,145.500,-0.21,7.79,4.951905,618.606273,496.334538,608.132384,14.798356354091,14.995749575695,14.687212339
CAL0405-HB-2007-SPRING-ACSA3-7B-HALF_EXPANSION,2007,ACSA3,7B,605.0280,134,142,8,138.000,-1.13,0.06,2.622381,747.803465,681.239032,561.796582,14.521733959717,14.795632881046,14.434729987
CAL0405-HB-2007-SPRING-ACSA3-7T-HALF_EXPANSION,2007,ACSA3,7T,822.9600,142,149,7,145.500,-0.33,7.47,4.780952,590.969614,485.206157,590.614150,14.794552210579,14.991648549042,14.683569883
CAL0405-HB-2007-SPRING-ACSA3-HQ-HALF_EXPANSION,2007,ACSA3,HQ,228.6000,127,134,7,130.500,-0.72,-0.59,3.053333,1038.692445,943.457851,688.930045,14.248204715966,14.523270960561,14.112989966
CAL0405-HB-2007-SPRING-BEAL2-1B-HALF_EXPANSION,2007,BEAL2,1B,472.1352,127,134,7,130.500,-0.55,-1.09,2.137143,868.159521,778.749802,574.940400,14.248713421574,14.523846409065,14.113466993
CAL0405-HB-2007-SPRING-BEAL2-4B-HALF_EXPANSION,2007,BEAL2,4B,528.2184,134,142,8,138.000,-1.09,0.21,2.797143,778.749802,712.160599,582.347438,14.523745290791,14.797882442328,14.436668863
CAL0405-HB-2007-SPRING-BEAL2-4T-HALF_EXPANSION,2007,BEAL2,4T,608.3808,142,149,7,145.500,-0.10,8.04,5.116190,648.196185,520.131721,631.566157,14.798704421262,14.996124813081,14.687545610
CAL0405-HB-2007-SPRING-BEAL2-5B-HALF_EXPANSION,2007,BEAL2,5B,474.2688,127,134,7,130.500,-0.55,-1.09,2.137143,868.159521,778.749802,574.940400,14.248479316606,14.523581588791,14.113247466
CAL0405-HB-2007-SPRING-BEAL2-5T-HALF_EXPANSION,2007,BEAL2,5T,726.9480,142,149,7,145.500,-0.21,7.79,4.951905,618.606273,496.334538,608.132384,14.798546045006,14.995954073801,14.687393966
CAL0405-HB-2007-SPRING-BEAL2-6T-HALF_EXPANSION,2007,BEAL2,6T,767.4864,142,149,7,145.500,-0.21,7.79,4.951905,618.606273,496.334538,608.132384,14.798356354091,14.995749575695,14.687212339
CAL0405-HB-2007-SPRING-BEAL2-7B-HALF_EXPANSION,2007,BEAL2,7B,605.0280,142,149,7,145.500,0.06,8.41,5.377143,681.239032,551.346389,658.361821,14.795632881046,14.992813544335,14.684604626
CAL0405-HB-2007-SPRING-BEAL2-7T-HALF_EXPANSION,2007,BEAL2,7T,822.9600,142,149,7,145.500,-0.33,7.47,4.780952,590.969614,485.206157,590.614150,14.794552210579,14.991648549042,14.683569883
CAL0405-HB-2007-SPRING-BEAL2-HQ-HALF_EXPANSION,2007,BEAL2,HQ,228.6000,134,142,8,138.000,-0.59,0.84,3.712381,943.457851,876.328060,695.046164,14.523270960561,14.797351925912,14.436211620
CAL0405-HB-2007-SPRING-FAGR-1B-HALF_EXPANSION,2007,FAGR,1B,472.1352,134,142,8,138.000,-1.09,0.21,2.797143,778.749802,712.160599,582.347438,14.523846409065,14.797995538807,14.436766338
CAL0405-HB-2007-SPRING-FAGR-4B-HALF_EXPANSION,2007,FAGR,4B,528.2184,127,134,7,130.500,-0.55,-1.09,2.137143,868.159521,778.749802,574.940400,14.248624031623,14.523745290791,14.113383169
CAL0405-HB-2007-SPRING-FAGR-4T-HALF_EXPANSION,2007,FAGR,4T,608.3808,142,149,7,145.500,-0.10,8.04,5.116190,648.196185,520.131721,631.566157,14.798704421262,14.996124813081,14.687545610
CAL0405-HB-2007-SPRING-FAGR-5B-HALF_EXPANSION,2007,FAGR,5B,474.2688,127,134,7,130.500,-0.55,-1.09,2.137143,868.159521,778.749802,574.940400,14.248479316606,14.523581588791,14.113247466
CAL0405-HB-2007-SPRING-FAGR-5T-HALF_EXPANSION,2007,FAGR,5T,726.9480,142,149,7,145.500,-0.21,7.79,4.951905,618.606273,496.334538,608.132384,14.798546045006,14.995954073801,14.687393966
CAL0405-HB-2007-SPRING-FAGR-6T-HALF_EXPANSION,2007,FAGR,6T,767.4864,142,149,7,145.500,-0.21,7.79,4.951905,618.606273,496.334538,608.132384,14.798356354091,14.995749575695,14.687212339
CAL0405-HB-2007-SPRING-FAGR-7B-HALF_EXPANSION,2007,FAGR,7B,605.0280,134,142,8,138.000,-1.13,0.06,2.622381,747.803465,681.239032,561.796582,14.521733959717,14.795632881046,14.434729987
CAL0405-HB-2007-SPRING-FAGR-7T-HALF_EXPANSION,2007,FAGR,7T,822.9600,142,149,7,145.500,-0.33,7.47,4.780952,590.969614,485.206157,590.614150,14.794552210579,14.991648549042,14.683569883
CAL0405-HB-2007-SPRING-FAGR-HQ-HALF_EXPANSION,2007,FAGR,HQ,228.6000,127,134,7,130.500,-0.72,-0.59,3.053333,1038.692445,943.457851,688.930045,14.248204715966,14.523270960561,14.112989966
CAL0405-HB-2008-SPRING-ACSA3-1B-HALF_EXPANSION,2008,ACSA3,1B,472.1352,126,133,7,129.500,1.83,1.58,1.360000,647.953609,444.202330,526.081176,14.207117982458,14.486387223147,14.070670375
CAL0405-HB-2008-SPRING-ACSA3-4B-HALF_EXPANSION,2008,ACSA3,4B,528.2184,126,133,7,129.500,1.83,1.58,1.360000,647.953609,444.202330,526.081176,14.207030342633,14.486287718007,14.070588334
CAL0405-HB-2008-SPRING-ACSA3-4T-HALF_EXPANSION,2008,ACSA3,4T,608.3808,141,148,7,144.500,0.21,5.74,2.834286,503.314589,910.080870,548.758656,14.767085988435,14.970611413379,14.653936964
CAL0405-HB-2008-SPRING-ACSA3-5B-HALF_EXPANSION,2008,ACSA3,5B,474.2688,133,141,8,137.000,1.58,0.96,1.800476,444.202330,549.154672,519.273953,14.486126627507,14.766093334048,14.398119957
CAL0405-HB-2008-SPRING-ACSA3-5T-HALF_EXPANSION,2008,ACSA3,5T,726.9480,141,148,7,144.500,-0.20,5.35,2.640952,487.235521,891.063613,527.117289,14.766929569049,14.970442286320,14.653787375
CAL0405-HB-2008-SPRING-ACSA3-6T-HALF_EXPANSION,2008,ACSA3,6T,767.4864,141,148,7,144.500,-0.20,5.35,2.640952,487.235521,891.063613,527.117289,14.766742221881,14.970239719167,14.653608208
CAL0405-HB-2008-SPRING-ACSA3-7B-HALF_EXPANSION,2008,ACSA3,7B,605.0280,133,141,8,137.000,1.43,0.71,1.642857,426.391091,525.844814,500.454942,14.484308470628,14.764052394183,14.396368844
CAL0405-HB-2008-SPRING-ACSA3-7T-HALF_EXPANSION,2008,ACSA3,7T,822.9600,133,141,8,137.000,0.60,-0.27,1.016667,373.640098,462.635838,445.073082,14.483357638762,14.762985071644,14.395453071
CAL0405-HB-2008-SPRING-ACSA3-HQ-HALF_EXPANSION,2008,ACSA3,HQ,228.6000,126,133,7,129.500,2.95,2.86,2.177619,756.905386,545.420555,626.616429,14.206619236414,14.485820954553,14.070203491
CAL0405-HB-2008-SPRING-BEAL2-1B-HALF_EXPANSION,2008,BEAL2,1B,472.1352,133,141,8,137.000,1.58,0.96,1.800476,444.202330,549.154672,519.273953,14.486387223147,14.766385864569,14.398370943
CAL0405-HB-2008-SPRING-BEAL2-4B-HALF_EXPANSION,2008,BEAL2,4B,528.2184,133,141,8,137.000,1.58,0.96,1.800476,444.202330,549.154672,519.273953,14.486287718007,14.766274165397,14.398275107
CAL0405-HB-2008-SPRING-BEAL2-4T-HALF_EXPANSION,2008,BEAL2,4T,608.3808,148,154,6,151.000,5.74,8.74,3.819048,910.080870,501.603926,551.578487,14.970611413379,15.109205580150,14.843831183
CAL0405-HB-2008-SPRING-BEAL2-5B-HALF_EXPANSION,2008,BEAL2,5B,474.2688,141,148,7,144.500,0.96,6.75,3.362857,549.154672,969.279394,596.773896,14.766093334048,14.969538118487,14.652987651
CAL0405-HB-2008-SPRING-BEAL2-5T-HALF_EXPANSION,2008,BEAL2,5T,726.9480,141,148,7,144.500,-0.20,5.35,2.640952,487.235521,891.063613,527.117289,14.766929569049,14.970442286320,14.653787375
CAL0405-HB-2008-SPRING-BEAL2-6T-HALF_EXPANSION,2008,BEAL2,6T,767.4864,148,154,6,151.000,5.35,8.45,3.625238,891.063613,482.830680,530.973913,14.970239719167,15.108814519022,14.843476733
CAL0405-HB-2008-SPRING-BEAL2-7B-HALF_EXPANSION,2008,BEAL2,7B,605.0280,133,141,8,137.000,1.43,0.71,1.642857,426.391091,525.844814,500.454942,14.484308470628,14.764052394183,14.396368844
CAL0405-HB-2008-SPRING-BEAL2-7T-HALF_EXPANSION,2008,BEAL2,7T,822.9600,148,154,6,151.000,4.89,8.15,3.455238,865.463668,476.003330,514.950055,14.966177407162,15.104540596848,14.839602852
CAL0405-HB-2008-SPRING-BEAL2-HQ-HALF_EXPANSION,2008,BEAL2,HQ,228.6000,133,141,8,137.000,2.86,2.87,2.802857,545.420555,654.661252,621.575146,14.485820954553,14.765750203297,14.397825556
CAL0405-HB-2008-SPRING-FAGR-1B-HALF_EXPANSION,2008,FAGR,1B,472.1352,133,141,8,137.000,1.58,0.96,1.800476,444.202330,549.154672,519.273953,14.486387223147,14.766385864569,14.398370943
CAL0405-HB-2008-SPRING-FAGR-4B-HALF_EXPANSION,2008,FAGR,4B,528.2184,133,141,8,137.000,1.58,0.96,1.800476,444.202330,549.154672,519.273953,14.486287718007,14.766274165397,14.398275107
CAL0405-HB-2008-SPRING-FAGR-4T-HALF_EXPANSION,2008,FAGR,4T,608.3808,148,154,6,151.000,5.74,8.74,3.819048,910.080870,501.603926,551.578487,14.970611413379,15.109205580150,14.843831183
CAL0405-HB-2008-SPRING-FAGR-5B-HALF_EXPANSION,2008,FAGR,5B,474.2688,133,141,8,137.000,1.58,0.96,1.800476,444.202330,549.154672,519.273953,14.486126627507,14.766093334048,14.398119957
CAL0405-HB-2008-SPRING-FAGR-5T-HALF_EXPANSION,2008,FAGR,5T,726.9480,141,148,7,144.500,-0.20,5.35,2.640952,487.235521,891.063613,527.117289,14.766929569049,14.970442286320,14.653787375
CAL0405-HB-2008-SPRING-FAGR-6T-HALF_EXPANSION,2008,FAGR,6T,767.4864,148,154,6,151.000,5.35,8.45,3.625238,891.063613,482.830680,530.973913,14.970239719167,15.108814519022,14.843476733
CAL0405-HB-2008-SPRING-FAGR-7B-HALF_EXPANSION,2008,FAGR,7B,605.0280,133,141,8,137.000,1.43,0.71,1.642857,426.391091,525.844814,500.454942,14.484308470628,14.764052394183,14.396368844
CAL0405-HB-2008-SPRING-FAGR-7T-HALF_EXPANSION,2008,FAGR,7T,822.9600,141,148,7,144.500,-0.27,4.89,2.478095,462.635838,865.463668,511.651987,14.762985071644,14.966177407162,14.650015081
CAL0405-HB-2008-SPRING-FAGR-HQ-HALF_EXPANSION,2008,FAGR,HQ,228.6000,126,133,7,129.500,2.95,2.86,2.177619,756.905386,545.420555,626.616429,14.206619236414,14.485820954553,14.070203491
CAL0405-HB-2009-SPRING-ACSA3-1B-HALF_EXPANSION,2009,ACSA3,1B,472.1352,131,138,7,134.500,1.57,1.06,3.883333,403.632912,261.696851,523.169723,14.409549556441,14.666846400665,14.279585586
CAL0405-HB-2009-SPRING-ACSA3-4B-HALF_EXPANSION,2009,ACSA3,4B,528.2184,124,131,7,127.500,3.19,1.57,3.807619,670.366872,403.632912,577.267337,14.122302419406,14.409453343658,13.983594901
CAL0405-HB-2009-SPRING-ACSA3-4T-HALF_EXPANSION,2009,ACSA3,4T,608.3808,138,145,7,141.500,0.38,2.67,4.377143,238.586985,548.476970,508.782123,14.667519120743,14.888583948363,14.548740595
CAL0405-HB-2009-SPRING-ACSA3-5B-HALF_EXPANSION,2009,ACSA3,5B,474.2688,124,131,7,127.500,3.19,1.57,3.807619,670.366872,403.632912,577.267337,14.122166281099,14.409297583149,13.983467922
CAL0405-HB-2009-SPRING-ACSA3-5T-HALF_EXPANSION,2009,ACSA3,5T,726.9480,138,145,7,141.500,0.15,2.47,4.230000,227.339257,524.862337,488.327551,14.667368823977,14.888419975130,14.548597394
CAL0405-HB-2009-SPRING-ACSA3-6T-HALF_EXPANSION,2009,ACSA3,6T,767.4864,138,145,7,141.500,0.15,2.47,4.230000,227.339257,524.862337,488.327551,14.667188809898,14.888223580709,14.548425880
CAL0405-HB-2009-SPRING-ACSA3-7B-HALF_EXPANSION,2009,ACSA3,7B,605.0280,131,138,7,134.500,1.37,0.79,3.753333,385.745292,254.931396,505.050917,14.407539578519,14.664604252504,14.277688781
CAL0405-HB-2009-SPRING-ACSA3-7T-HALF_EXPANSION,2009,ACSA3,7T,822.9600,138,145,7,141.500,-0.10,2.34,4.129048,226.216233,514.792964,477.133300,14.663578693852,14.884285030580,14.544986196
CAL0405-HB-2009-SPRING-ACSA3-HQ-HALF_EXPANSION,2009,ACSA3,HQ,228.6000,124,131,7,127.500,3.58,2.98,4.824286,827.941513,517.498605,692.236858,14.121907954748,14.409002023780,13.983226977
CAL0405-HB-2009-SPRING-BEAL2-1B-HALF_EXPANSION,2009,BEAL2,1B,472.1352,131,138,7,134.500,1.57,1.06,3.883333,403.632912,261.696851,523.169723,14.409549556441,14.666846400665,14.279585586
CAL0405-HB-2009-SPRING-BEAL2-4B-HALF_EXPANSION,2009,BEAL2,4B,528.2184,131,138,7,134.500,1.57,1.06,3.883333,403.632912,261.696851,523.169723,14.409453343658,14.666739073383,14.279494791
CAL0405-HB-2009-SPRING-BEAL2-4T-HALF_EXPANSION,2009,BEAL2,4T,608.3808,138,145,7,141.500,0.38,2.67,4.377143,238.586985,548.476970,508.782123,14.667519120743,14.888583948363,14.548740595
CAL0405-HB-2009-SPRING-BEAL2-5B-HALF_EXPANSION,2009,BEAL2,5B,474.2688,131,138,7,134.500,1.57,1.06,3.883333,403.632912,261.696851,523.169723,14.409297583149,14.666565319651,14.279347801
CAL0405-HB-2009-SPRING-BEAL2-5T-HALF_EXPANSION,2009,BEAL2,5T,726.9480,138,145,7,141.500,0.15,2.47,4.230000,227.339257,524.862337,488.327551,14.667368823977,14.888419975130,14.548597394
CAL0405-HB-2009-SPRING-BEAL2-6T-HALF_EXPANSION,2009,BEAL2,6T,767.4864,138,145,7,141.500,0.15,2.47,4.230000,227.339257,524.862337,488.327551,14.667188809898,14.888223580709,14.548425880
CAL0405-HB-2009-SPRING-BEAL2-7B-HALF_EXPANSION,2009,BEAL2,7B,605.0280,138,145,7,141.500,0.79,3.13,4.712857,254.931396,581.355669,535.524581,14.664604252504,14.885403877407,14.545963342
CAL0405-HB-2009-SPRING-BEAL2-7T-HALF_EXPANSION,2009,BEAL2,7T,822.9600,138,145,7,141.500,-0.10,2.34,4.129048,226.216233,514.792964,477.133300,14.663578693852,14.884285030580,14.544986196
CAL0405-HB-2009-SPRING-BEAL2-HQ-HALF_EXPANSION,2009,BEAL2,HQ,228.6000,131,138,7,134.500,2.98,2.38,4.848095,517.498605,325.430899,631.749562,14.409002023780,14.666235618476,14.279068884
CAL0405-HB-2009-SPRING-FAGR-1B-HALF_EXPANSION,2009,FAGR,1B,472.1352,131,138,7,134.500,1.57,1.06,3.883333,403.632912,261.696851,523.169723,14.409549556441,14.666846400665,14.279585586
CAL0405-HB-2009-SPRING-FAGR-4B-HALF_EXPANSION,2009,FAGR,4B,528.2184,131,138,7,134.500,1.57,1.06,3.883333,403.632912,261.696851,523.169723,14.409453343658,14.666739073383,14.279494791
CAL0405-HB-2009-SPRING-FAGR-4T-HALF_EXPANSION,2009,FAGR,4T,608.3808,138,145,7,141.500,0.38,2.67,4.377143,238.586985,548.476970,508.782123,14.667519120743,14.888583948363,14.548740595
CAL0405-HB-2009-SPRING-FAGR-5B-HALF_EXPANSION,2009,FAGR,5B,474.2688,131,138,7,134.500,1.57,1.06,3.883333,403.632912,261.696851,523.169723,14.409297583149,14.666565319651,14.279347801
CAL0405-HB-2009-SPRING-FAGR-5T-HALF_EXPANSION,2009,FAGR,5T,726.9480,138,145,7,141.500,0.15,2.47,4.230000,227.339257,524.862337,488.327551,14.667368823977,14.888419975130,14.548597394
CAL0405-HB-2009-SPRING-FAGR-6T-HALF_EXPANSION,2009,FAGR,6T,767.4864,138,145,7,141.500,0.15,2.47,4.230000,227.339257,524.862337,488.327551,14.667188809898,14.888223580709,14.548425880
CAL0405-HB-2009-SPRING-FAGR-7B-HALF_EXPANSION,2009,FAGR,7B,605.0280,131,138,7,134.500,1.37,0.79,3.753333,385.745292,254.931396,505.050917,14.407539578519,14.664604252504,14.277688781
CAL0405-HB-2009-SPRING-FAGR-7T-HALF_EXPANSION,2009,FAGR,7T,822.9600,138,145,7,141.500,-0.10,2.34,4.129048,226.216233,514.792964,477.133300,14.663578693852,14.884285030580,14.544986196
CAL0405-HB-2009-SPRING-FAGR-HQ-HALF_EXPANSION,2009,FAGR,HQ,228.6000,131,138,7,134.500,2.98,2.38,4.848095,517.498605,325.430899,631.749562,14.409002023780,14.666235618476,14.279068884
CAL0405-HB-2010-SPRING-ACSA3-1B-HALF_EXPANSION,2010,ACSA3,1B,472.1352,116,124,8,120.000,4.24,7.79,0.990952,500.290200,637.377729,489.100401,13.765356086995,14.122386511509,13.666095960
CAL0405-HB-2010-SPRING-ACSA3-4B-HALF_EXPANSION,2010,ACSA3,4B,528.2184,116,124,8,120.000,4.24,7.79,0.990952,500.290200,637.377729,489.100401,13.765286710506,14.122302419406,13.666030521
CAL0405-HB-2010-SPRING-ACSA3-4T-HALF_EXPANSION,2010,ACSA3,4T,608.3808,137,144,7,140.500,1.04,11.65,3.505714,850.224999,979.263857,538.373004,14.632823061682,14.859472088509,14.512280102
CAL0405-HB-2010-SPRING-ACSA3-5B-HALF_EXPANSION,2010,ACSA3,5B,474.2688,116,124,8,120.000,4.24,7.79,0.990952,500.290200,637.377729,489.100401,13.765174395440,14.122166281099,13.665924579
CAL0405-HB-2010-SPRING-ACSA3-5T-HALF_EXPANSION,2010,ACSA3,5T,726.9480,130,137,7,133.500,-3.10,1.11,1.495238,193.531703,813.039081,459.227069,14.370668371586,14.632674884730,14.239283730
CAL0405-HB-2010-SPRING-ACSA3-6T-HALF_EXPANSION,2010,ACSA3,6T,767.4864,137,144,7,140.500,1.11,11.58,3.340476,813.039081,942.533381,517.374413,14.632497409564,14.859115717368,14.511970223
CAL0405-HB-2010-SPRING-ACSA3-7B-HALF_EXPANSION,2010,ACSA3,7B,605.0280,116,124,8,120.000,4.37,7.52,0.857143,475.381635,609.506760,472.313425,13.763906716738,14.120629729342,13.664728839
CAL0405-HB-2010-SPRING-ACSA3-7T-HALF_EXPANSION,2010,ACSA3,7T,822.9600,124,130,6,127.000,6.71,-3.38,1.393810,530.226226,188.036630,443.420360,14.119826152981,14.367329921508,13.937172606
CAL0405-HB-2010-SPRING-ACSA3-HQ-HALF_EXPANSION,2010,ACSA3,HQ,228.6000,116,124,8,120.000,4.81,9.18,1.965238,618.383232,788.074617,591.283108,13.764961273872,14.121907954748,13.665723552
CAL0405-HB-2010-SPRING-BEAL2-1B-HALF_EXPANSION,2010,BEAL2,1B,472.1352,130,137,7,133.500,-1.93,1.07,2.290000,225.607761,933.498063,516.946502,14.370208214899,14.632159829545,14.238850140
CAL0405-HB-2010-SPRING-BEAL2-4B-HALF_EXPANSION,2010,BEAL2,4B,528.2184,124,130,6,127.000,7.79,-1.93,2.314286,637.377729,225.607761,514.451750,14.122302419406,14.370113679429,13.939428593
CAL0405-HB-2010-SPRING-BEAL2-4T-HALF_EXPANSION,2010,BEAL2,4T,608.3808,137,144,7,140.500,1.04,11.65,3.505714,850.224999,979.263857,538.373004,14.632823061682,14.859472088509,14.512280102
CAL0405-HB-2010-SPRING-BEAL2-5B-HALF_EXPANSION,2010,BEAL2,5B,474.2688,130,137,7,133.500,-1.93,1.07,2.290000,225.607761,933.498063,516.946502,14.369960634324,14.631882712677,14.238616854
CAL0405-HB-2010-SPRING-BEAL2-5T-HALF_EXPANSION,2010,BEAL2,5T,726.9480,137,144,7,140.500,1.11,11.58,3.340476,813.039081,942.533381,517.374413,14.632674884730,14.859309933774,14.512139102
CAL0405-HB-2010-SPRING-BEAL2-6T-HALF_EXPANSION,2010,BEAL2,6T,767.4864,137,144,7,140.500,1.11,11.58,3.340476,813.039081,942.533381,517.374413,14.632497409564,14.859115717368,14.511970223
CAL0405-HB-2010-SPRING-BEAL2-7B-HALF_EXPANSION,2010,BEAL2,7B,605.0280,130,137,7,133.500,-2.24,1.14,2.080476,216.954904,894.359984,500.766329,14.368233274891,14.629949299999,14.236989218
CAL0405-HB-2010-SPRING-BEAL2-7T-HALF_EXPANSION,2010,BEAL2,7T,822.9600,130,137,7,133.500,-3.38,1.29,1.344286,188.036630,780.105886,447.004073,14.367329921508,14.628938201501,14.236138013
CAL0405-HB-2010-SPRING-BEAL2-HQ-HALF_EXPANSION,2010,BEAL2,HQ,228.6000,116,124,8,120.000,4.81,9.18,1.965238,618.383232,788.074617,591.283108,13.764961273872,14.121907954748,13.665723552
CAL0405-HB-2010-SPRING-FAGR-1B-HALF_EXPANSION,2010,FAGR,1B,472.1352,130,137,7,133.500,-1.93,1.07,2.290000,225.607761,933.498063,516.946502,14.370208214899,14.632159829545,14.238850140
CAL0405-HB-2010-SPRING-FAGR-4B-HALF_EXPANSION,2010,FAGR,4B,528.2184,124,130,6,127.000,7.79,-1.93,2.314286,637.377729,225.607761,514.451750,14.122302419406,14.370113679429,13.939428593
CAL0405-HB-2010-SPRING-FAGR-4T-HALF_EXPANSION,2010,FAGR,4T,608.3808,137,144,7,140.500,1.04,11.65,3.505714,850.224999,979.263857,538.373004,14.632823061682,14.859472088509,14.512280102
CAL0405-HB-2010-SPRING-FAGR-5B-HALF_EXPANSION,2010,FAGR,5B,474.2688,130,137,7,133.500,-1.93,1.07,2.290000,225.607761,933.498063,516.946502,14.369960634324,14.631882712677,14.238616854
CAL0405-HB-2010-SPRING-FAGR-5T-HALF_EXPANSION,2010,FAGR,5T,726.9480,137,144,7,140.500,1.11,11.58,3.340476,813.039081,942.533381,517.374413,14.632674884730,14.859309933774,14.512139102
CAL0405-HB-2010-SPRING-FAGR-6T-HALF_EXPANSION,2010,FAGR,6T,767.4864,137,144,7,140.500,1.11,11.58,3.340476,813.039081,942.533381,517.374413,14.632497409564,14.859115717368,14.511970223
CAL0405-HB-2010-SPRING-FAGR-7B-HALF_EXPANSION,2010,FAGR,7B,605.0280,130,137,7,133.500,-2.24,1.14,2.080476,216.954904,894.359984,500.766329,14.368233274891,14.629949299999,14.236989218
CAL0405-HB-2010-SPRING-FAGR-7T-HALF_EXPANSION,2010,FAGR,7T,822.9600,130,137,7,133.500,-3.38,1.29,1.344286,188.036630,780.105886,447.004073,14.367329921508,14.628938201501,14.236138013
CAL0405-HB-2010-SPRING-FAGR-HQ-HALF_EXPANSION,2010,FAGR,HQ,228.6000,116,124,8,120.000,4.81,9.18,1.965238,618.383232,788.074617,591.283108,13.764961273872,14.121907954748,13.665723552
CAL0405-HB-2011-SPRING-ACSA3-1B-HALF_EXPANSION,2011,ACSA3,1B,472.1352,130,136,6,133.000,3.25,6.18,4.094762,474.797449,210.623205,505.010593,14.370208214899,14.596751635401,14.197573772
CAL0405-HB-2011-SPRING-ACSA3-4B-HALF_EXPANSION,2011,ACSA3,4B,528.2184,130,136,6,133.000,3.25,6.18,4.094762,474.797449,210.623205,505.010593,14.370113679429,14.596647361876,14.197486429
CAL0405-HB-2011-SPRING-ACSA3-4T-HALF_EXPANSION,2011,ACSA3,4T,608.3808,143,151,8,147.000,6.66,11.78,8.875714,208.644923,929.668911,484.595418,14.829506043141,15.044303807883,14.752466532
CAL0405-HB-2011-SPRING-ACSA3-5B-HALF_EXPANSION,2011,ACSA3,5B,474.2688,130,136,6,133.000,3.25,6.18,4.094762,474.797449,210.623205,505.010593,14.369960634324,14.596478551853,14.197345029
CAL0405-HB-2011-SPRING-ACSA3-5T-HALF_EXPANSION,2011,ACSA3,5T,726.9480,143,151,8,147.000,6.40,11.78,8.724762,199.423471,885.860172,461.569347,14.829345754585,15.044130011910,14.752310903
CAL0405-HB-2011-SPRING-ACSA3-6T-HALF_EXPANSION,2011,ACSA3,6T,767.4864,143,151,8,147.000,6.40,11.78,8.724762,199.423471,885.860172,461.569347,14.829153773303,15.043921852813,14.752124501
CAL0405-HB-2011-SPRING-ACSA3-7B-HALF_EXPANSION,2011,ACSA3,7B,605.0280,136,143,7,139.500,5.73,6.50,5.700000,211.551743,194.172390,395.169675,14.594573276322,14.826397421392,14.472461627
CAL0405-HB-2011-SPRING-ACSA3-7T-HALF_EXPANSION,2011,ACSA3,7T,822.9600,143,151,8,147.000,5.62,12.30,8.613333,165.761196,806.952701,424.407124,14.825303707169,15.039747425826,14.748386326
CAL0405-HB-2011-SPRING-ACSA3-HQ-HALF_EXPANSION,2011,ACSA3,HQ,228.6000,130,136,6,133.000,3.79,7.46,4.856667,598.751740,193.907756,605.943233,14.369670227402,14.596158231250,14.197076719
CAL0405-HB-2011-SPRING-BEAL2-1B-HALF_EXPANSION,2011,BEAL2,1B,472.1352,130,136,6,133.000,3.25,6.18,4.094762,474.797449,210.623205,505.010593,14.370208214899,14.596751635401,14.197573772
CAL0405-HB-2011-SPRING-BEAL2-4B-HALF_EXPANSION,2011,BEAL2,4B,528.2184,136,143,7,139.500,6.18,7.06,5.776667,210.623205,221.531497,418.952658,14.596647361876,14.828674139629,14.474432681
CAL0405-HB-2011-SPRING-BEAL2-4T-HALF_EXPANSION,2011,BEAL2,4T,608.3808,143,151,8,147.000,6.66,11.78,8.875714,208.644923,929.668911,484.595418,14.829506043141,15.044303807883,14.752466532
CAL0405-HB-2011-SPRING-BEAL2-5B-HALF_EXPANSION,2011,BEAL2,5B,474.2688,130,136,6,133.000,3.25,6.18,4.094762,474.797449,210.623205,505.010593,14.369960634324,14.596478551853,14.197345029
CAL0405-HB-2011-SPRING-BEAL2-5T-HALF_EXPANSION,2011,BEAL2,5T,726.9480,143,151,8,147.000,6.40,11.78,8.724762,199.423471,885.860172,461.569347,14.829345754585,15.044130011910,14.752310903
CAL0405-HB-2011-SPRING-BEAL2-6T-HALF_EXPANSION,2011,BEAL2,6T,767.4864,143,151,8,147.000,6.40,11.78,8.724762,199.423471,885.860172,461.569347,14.829153773303,15.043921852813,14.752124501
CAL0405-HB-2011-SPRING-BEAL2-7B-HALF_EXPANSION,2011,BEAL2,7B,605.0280,136,143,7,139.500,5.73,6.50,5.700000,211.551743,194.172390,395.169675,14.594573276322,14.826397421392,14.472461627
CAL0405-HB-2011-SPRING-BEAL2-7T-HALF_EXPANSION,2011,BEAL2,7T,822.9600,143,151,8,147.000,5.62,12.30,8.613333,165.761196,806.952701,424.407124,14.825303707169,15.039747425826,14.748386326
CAL0405-HB-2011-SPRING-BEAL2-HQ-HALF_EXPANSION,2011,BEAL2,HQ,228.6000,130,136,6,133.000,3.79,7.46,4.856667,598.751740,193.907756,605.943233,14.369670227402,14.596158231250,14.197076719
CAL0405-HB-2011-SPRING-FAGR-1B-HALF_EXPANSION,2011,FAGR,1B,472.1352,130,136,6,133.000,3.25,6.18,4.094762,474.797449,210.623205,505.010593,14.370208214899,14.596751635401,14.197573772
CAL0405-HB-2011-SPRING-FAGR-4B-HALF_EXPANSION,2011,FAGR,4B,528.2184,136,143,7,139.500,6.18,7.06,5.776667,210.623205,221.531497,418.952658,14.596647361876,14.828674139629,14.474432681
CAL0405-HB-2011-SPRING-FAGR-4T-HALF_EXPANSION,2011,FAGR,4T,608.3808,143,151,8,147.000,6.66,11.78,8.875714,208.644923,929.668911,484.595418,14.829506043141,15.044303807883,14.752466532
CAL0405-HB-2011-SPRING-FAGR-5B-HALF_EXPANSION,2011,FAGR,5B,474.2688,130,136,6,133.000,3.25,6.18,4.094762,474.797449,210.623205,505.010593,14.369960634324,14.596478551853,14.197345029
CAL0405-HB-2011-SPRING-FAGR-5T-HALF_EXPANSION,2011,FAGR,5T,726.9480,143,151,8,147.000,6.40,11.78,8.724762,199.423471,885.860172,461.569347,14.829345754585,15.044130011910,14.752310903
CAL0405-HB-2011-SPRING-FAGR-6T-HALF_EXPANSION,2011,FAGR,6T,767.4864,143,151,8,147.000,6.40,11.78,8.724762,199.423471,885.860172,461.569347,14.829153773303,15.043921852813,14.752124501
CAL0405-HB-2011-SPRING-FAGR-7B-HALF_EXPANSION,2011,FAGR,7B,605.0280,136,143,7,139.500,5.73,6.50,5.700000,211.551743,194.172390,395.169675,14.594573276322,14.826397421392,14.472461627
CAL0405-HB-2011-SPRING-FAGR-7T-HALF_EXPANSION,2011,FAGR,7T,822.9600,143,151,8,147.000,5.62,12.30,8.613333,165.761196,806.952701,424.407124,14.825303707169,15.039747425826,14.748386326
CAL0405-HB-2011-SPRING-FAGR-HQ-HALF_EXPANSION,2011,FAGR,HQ,228.6000,136,143,7,139.500,7.46,7.92,6.612857,193.907756,247.420345,497.754789,14.596158231250,14.828137218196,14.473967849
CAL0405-HB-2012-SPRING-ACSA3-1B-HALF_EXPANSION,2012,ACSA3,1B,472.1352,122,128,6,125.000,0.08,1.24,1.357143,256.094730,836.159594,492.933927,14.035714442477,14.289772115501,13.849908427
CAL0405-HB-2012-SPRING-ACSA3-4B-HALF_EXPANSION,2012,ACSA3,4B,528.2184,114,122,8,118.000,2.15,0.08,0.165238,433.769732,256.094730,599.840585,13.672134018840,14.035633956209,13.572050104
CAL0405-HB-2012-SPRING-ACSA3-4T-HALF_EXPANSION,2012,ACSA3,4T,608.3808,128,135,7,131.500,1.21,8.05,1.477619,714.486236,477.487641,370.153673,14.290343266342,14.561284606542,14.156310191
CAL0405-HB-2012-SPRING-ACSA3-5B-HALF_EXPANSION,2012,ACSA3,5B,474.2688,122,128,6,125.000,0.08,1.24,1.357143,256.094730,836.159594,492.933927,14.035503655411,14.289533471403,13.849717431
CAL0405-HB-2012-SPRING-ACSA3-5T-HALF_EXPANSION,2012,ACSA3,5T,726.9480,128,135,7,131.500,1.32,8.04,1.300476,679.988715,454.841227,354.223184,14.290215662263,14.561140778707,14.156190335
CAL0405-HB-2012-SPRING-ACSA3-6T-HALF_EXPANSION,2012,ACSA3,6T,767.4864,135,142,7,138.500,8.04,9.18,4.635238,454.841227,811.737621,478.158003,14.560968512508,14.798356354091,14.437077316
CAL0405-HB-2012-SPRING-ACSA3-7B-HALF_EXPANSION,2012,ACSA3,7B,605.0280,128,135,7,131.500,1.33,8.48,1.778095,706.559775,500.308205,376.402560,14.287868456506,14.558495181826,14.153985632
CAL0405-HB-2012-SPRING-ACSA3-7T-HALF_EXPANSION,2012,ACSA3,7T,822.9600,135,142,7,138.500,8.48,9.55,4.609048,423.548066,740.996175,432.441709,14.557513751101,14.794552210579,14.433798550
CAL0405-HB-2012-SPRING-ACSA3-HQ-HALF_EXPANSION,2012,ACSA3,HQ,228.6000,128,135,7,131.500,1.07,8.70,2.999524,933.493392,631.467899,487.091636,14.289253546560,14.560056344769,14.155286633
CAL0405-HB-2012-SPRING-BEAL2-1B-HALF_EXPANSION,2012,BEAL2,1B,472.1352,128,135,7,131.500,1.24,8.30,1.991905,836.159594,524.399479,406.306546,14.289772115501,14.560640840369,14.155773718
CAL0405-HB-2012-SPRING-BEAL2-4B-HALF_EXPANSION,2012,BEAL2,4B,528.2184,128,135,7,131.500,1.24,8.30,1.991905,836.159594,524.399479,406.306546,14.289680992332,14.560538132297,14.155688127
CAL0405-HB-2012-SPRING-BEAL2-4T-HALF_EXPANSION,2012,BEAL2,4T,608.3808,135,142,7,138.500,8.05,9.16,4.733810,477.487641,853.466608,501.966611,14.561284606542,14.798704421262,14.437377305
CAL0405-HB-2012-SPRING-BEAL2-5B-HALF_EXPANSION,2012,BEAL2,5B,474.2688,128,135,7,131.500,1.24,8.30,1.991905,836.159594,524.399479,406.306546,14.289533471403,14.560371856580,14.155549563
CAL0405-HB-2012-SPRING-BEAL2-5T-HALF_EXPANSION,2012,BEAL2,5T,726.9480,135,142,7,138.500,8.04,9.18,4.635238,454.841227,811.737621,478.158003,14.561140778707,14.798546045006,14.437240806
CAL0405-HB-2012-SPRING-BEAL2-6T-HALF_EXPANSION,2012,BEAL2,6T,767.4864,135,142,7,138.500,8.04,9.18,4.635238,454.841227,811.737621,478.158003,14.560968512508,14.798356354091,14.437077316
CAL0405-HB-2012-SPRING-BEAL2-7B-HALF_EXPANSION,2012,BEAL2,7B,605.0280,128,135,7,131.500,1.33,8.48,1.778095,706.559775,500.308205,376.402560,14.287868456506,14.558495181826,14.153985632
CAL0405-HB-2012-SPRING-BEAL2-7T-HALF_EXPANSION,2012,BEAL2,7T,822.9600,142,150,8,146.000,9.55,11.59,7.795238,740.996175,454.366821,502.664636,14.794552210579,15.016177512215,14.716366444
CAL0405-HB-2012-SPRING-BEAL2-HQ-HALF_EXPANSION,2012,BEAL2,HQ,228.6000,128,135,7,131.500,1.07,8.70,2.999524,933.493392,631.467899,487.091636,14.289253546560,14.560056344769,14.155286633
CAL0405-HB-2012-SPRING-FAGR-1B-HALF_EXPANSION,2012,FAGR,1B,472.1352,128,135,7,131.500,1.24,8.30,1.991905,836.159594,524.399479,406.306546,14.289772115501,14.560640840369,14.155773718
CAL0405-HB-2012-SPRING-FAGR-4B-HALF_EXPANSION,2012,FAGR,4B,528.2184,135,142,7,138.500,8.30,9.27,5.088571,524.399479,959.551278,552.143645,14.560538132297,14.797882442328,14.436668863
CAL0405-HB-2012-SPRING-FAGR-4T-HALF_EXPANSION,2012,FAGR,4T,608.3808,135,142,7,138.500,8.05,9.16,4.733810,477.487641,853.466608,501.966611,14.561284606542,14.798704421262,14.437377305
CAL0405-HB-2012-SPRING-FAGR-5B-HALF_EXPANSION,2012,FAGR,5B,474.2688,135,142,7,138.500,8.30,9.27,5.088571,524.399479,959.551278,552.143645,14.560371856580,14.797699348895,14.436511058
CAL0405-HB-2012-SPRING-FAGR-5T-HALF_EXPANSION,2012,FAGR,5T,726.9480,135,142,7,138.500,8.04,9.18,4.635238,454.841227,811.737621,478.158003,14.561140778707,14.798546045006,14.437240806
CAL0405-HB-2012-SPRING-FAGR-6T-HALF_EXPANSION,2012,FAGR,6T,767.4864,135,142,7,138.500,8.04,9.18,4.635238,454.841227,811.737621,478.158003,14.560968512508,14.798356354091,14.437077316
CAL0405-HB-2012-SPRING-FAGR-7B-HALF_EXPANSION,2012,FAGR,7B,605.0280,135,142,7,138.500,8.48,9.43,4.977619,500.308205,885.665243,506.967541,14.558495181826,14.795632881046,14.434729987
CAL0405-HB-2012-SPRING-FAGR-7T-HALF_EXPANSION,2012,FAGR,7T,822.9600,142,150,8,146.000,9.55,11.59,7.795238,740.996175,454.366821,502.664636,14.794552210579,15.016177512215,14.716366444
CAL0405-HB-2012-SPRING-FAGR-HQ-HALF_EXPANSION,2012,FAGR,HQ,228.6000,128,135,7,131.500,1.07,8.70,2.999524,933.493392,631.467899,487.091636,14.289253546560,14.560056344769,14.155286633
CAL0405-HB-2013-SPRING-ACSA3-1B-HALF_EXPANSION,2013,ACSA3,1B,472.1352,119,126,7,122.500,1.66,1.82,-0.179048,830.386537,1119.981567,713.853992,13.902356192620,14.207117982458,13.758732663
CAL0405-HB-2013-SPRING-ACSA3-4B-HALF_EXPANSION,2013,ACSA3,4B,528.2184,119,126,7,122.500,1.66,1.82,-0.179048,830.386537,1119.981567,713.853992,13.902281211391,14.207030342633,13.758663459
CAL0405-HB-2013-SPRING-ACSA3-4T-HALF_EXPANSION,2013,ACSA3,4T,608.3808,126,133,7,129.500,1.96,-0.50,2.310000,1041.202717,315.543179,726.552991,14.207667299488,14.487010912939,14.071184598
CAL0405-HB-2013-SPRING-ACSA3-5B-HALF_EXPANSION,2013,ACSA3,5B,474.2688,119,126,7,122.500,1.66,1.82,-0.179048,830.386537,1119.981567,713.853992,13.902159822749,14.206888460904,13.758551424
CAL0405-HB-2013-SPRING-ACSA3-5T-HALF_EXPANSION,2013,ACSA3,5T,726.9480,133,141,8,137.000,-0.80,8.86,3.594286,300.527289,477.137621,691.444426,14.486871570592,14.766929569049,14.398837429
CAL0405-HB-2013-SPRING-ACSA3-6T-HALF_EXPANSION,2013,ACSA3,6T,767.4864,126,133,7,129.500,2.01,-0.80,2.276667,997.899154,300.527289,695.355034,14.207397581242,14.486704676700,14.070932111
CAL0405-HB-2013-SPRING-ACSA3-7B-HALF_EXPANSION,2013,ACSA3,7B,605.0280,126,133,7,129.500,1.93,0.11,2.598571,1056.824309,325.026565,738.747259,14.205287089187,14.484308470628,14.068956444
CAL0405-HB-2013-SPRING-ACSA3-7T-HALF_EXPANSION,2013,ACSA3,7T,822.9600,133,141,8,137.000,-0.89,8.89,3.657143,284.415439,454.992156,646.917275,14.483357638762,14.762985071644,14.395453071
CAL0405-HB-2013-SPRING-ACSA3-HQ-HALF_EXPANSION,2013,ACSA3,HQ,228.6000,119,126,7,122.500,1.47,1.58,0.230476,1020.504838,1326.093349,847.209530,13.901929483964,14.206619236414,13.758338833
CAL0405-HB-2013-SPRING-BEAL2-1B-HALF_EXPANSION,2013,BEAL2,1B,472.1352,126,133,7,129.500,1.82,0.31,2.557143,1119.981567,347.863245,787.109075,14.207117982458,14.486387223147,14.070670375
CAL0405-HB-2013-SPRING-BEAL2-4B-HALF_EXPANSION,2013,BEAL2,4B,528.2184,126,133,7,129.500,1.82,0.31,2.557143,1119.981567,347.863245,787.109075,14.207030342633,14.486287718007,14.070588334
CAL0405-HB-2013-SPRING-BEAL2-4T-HALF_EXPANSION,2013,BEAL2,4T,608.3808,133,141,8,137.000,-0.50,9.01,3.687619,315.543179,488.691919,722.567107,14.487010912939,14.767085988435,14.398971633
CAL0405-HB-2013-SPRING-BEAL2-5B-HALF_EXPANSION,2013,BEAL2,5B,474.2688,126,133,7,129.500,1.82,0.31,2.557143,1119.981567,347.863245,787.109075,14.206888460904,14.486126627507,14.070455516
CAL0405-HB-2013-SPRING-BEAL2-5T-HALF_EXPANSION,2013,BEAL2,5T,726.9480,133,141,8,137.000,-0.80,8.86,3.594286,300.527289,477.137621,691.444426,14.486871570592,14.766929569049,14.398837429
CAL0405-HB-2013-SPRING-BEAL2-6T-HALF_EXPANSION,2013,BEAL2,6T,767.4864,141,148,7,144.500,8.86,1.56,4.287143,477.137621,678.438494,489.805308,14.766742221881,14.970239719167,14.653608208
CAL0405-HB-2013-SPRING-BEAL2-7B-HALF_EXPANSION,2013,BEAL2,7B,605.0280,133,141,8,137.000,0.11,9.41,3.991905,325.026565,497.472750,734.452954,14.484308470628,14.764052394183,14.396368844
CAL0405-HB-2013-SPRING-BEAL2-7T-HALF_EXPANSION,2013,BEAL2,7T,822.9600,141,148,7,144.500,8.89,1.99,4.197619,454.992156,619.697182,458.286246,14.762985071644,14.966177407162,14.650015081
CAL0405-HB-2013-SPRING-BEAL2-HQ-HALF_EXPANSION,2013,BEAL2,HQ,228.6000,133,141,8,137.000,2.11,10.28,4.688095,412.072874,536.060110,918.085963,14.485820954553,14.765750203297,14.397825556
CAL0405-HB-2013-SPRING-FAGR-1B-HALF_EXPANSION,2013,FAGR,1B,472.1352,126,133,7,129.500,1.82,0.31,2.557143,1119.981567,347.863245,787.109075,14.207117982458,14.486387223147,14.070670375
CAL0405-HB-2013-SPRING-FAGR-4B-HALF_EXPANSION,2013,FAGR,4B,528.2184,126,133,7,129.500,1.82,0.31,2.557143,1119.981567,347.863245,787.109075,14.207030342633,14.486287718007,14.070588334
CAL0405-HB-2013-SPRING-FAGR-4T-HALF_EXPANSION,2013,FAGR,4T,608.3808,133,141,8,137.000,-0.50,9.01,3.687619,315.543179,488.691919,722.567107,14.487010912939,14.767085988435,14.398971633
CAL0405-HB-2013-SPRING-FAGR-5B-HALF_EXPANSION,2013,FAGR,5B,474.2688,126,133,7,129.500,1.82,0.31,2.557143,1119.981567,347.863245,787.109075,14.206888460904,14.486126627507,14.070455516
CAL0405-HB-2013-SPRING-FAGR-5T-HALF_EXPANSION,2013,FAGR,5T,726.9480,133,141,8,137.000,-0.80,8.86,3.594286,300.527289,477.137621,691.444426,14.486871570592,14.766929569049,14.398837429
CAL0405-HB-2013-SPRING-FAGR-6T-HALF_EXPANSION,2013,FAGR,6T,767.4864,133,141,8,137.000,-0.80,8.86,3.594286,300.527289,477.137621,691.444426,14.486704676700,14.766742221881,14.398676690
CAL0405-HB-2013-SPRING-FAGR-7B-HALF_EXPANSION,2013,FAGR,7B,605.0280,133,141,8,137.000,0.11,9.41,3.991905,325.026565,497.472750,734.452954,14.484308470628,14.764052394183,14.396368844
CAL0405-HB-2013-SPRING-FAGR-7T-HALF_EXPANSION,2013,FAGR,7T,822.9600,141,148,7,144.500,8.89,1.99,4.197619,454.992156,619.697182,458.286246,14.762985071644,14.966177407162,14.650015081
CAL0405-HB-2013-SPRING-FAGR-HQ-HALF_EXPANSION,2013,FAGR,HQ,228.6000,126,133,7,129.500,1.58,2.11,3.011905,1326.093349,412.072874,936.733343,14.206619236414,14.485820954553,14.070203491
CAL0405-HB-2014-SPRING-ACSA3-1B-HALF_EXPANSION,2014,ACSA3,1B,472.1352,132,139,7,135.500,4.64,1.77,4.028571,907.542511,433.884783,489.316221,14.448282057264,14.700792295943,14.319762661
CAL0405-HB-2014-SPRING-ACSA3-4B-HALF_EXPANSION,2014,ACSA3,4B,528.2184,132,139,7,135.500,4.64,1.77,4.028571,907.542511,433.884783,489.316221,14.448184187610,14.700683482459,14.319670167
CAL0405-HB-2014-SPRING-ACSA3-4T-HALF_EXPANSION,2014,ACSA3,4T,608.3808,139,147,8,143.000,1.30,8.88,5.408095,397.403906,340.036667,518.395031,14.701474331786,14.944171668998,14.619587550
CAL0405-HB-2014-SPRING-ACSA3-5B-HALF_EXPANSION,2014,ACSA3,5B,474.2688,132,139,7,135.500,4.64,1.77,4.028571,907.542511,433.884783,489.316221,14.448025744794,14.700507322725,14.319520425
CAL0405-HB-2014-SPRING-ACSA3-5T-HALF_EXPANSION,2014,ACSA3,5T,726.9480,139,147,8,143.000,1.21,8.54,5.232381,379.740825,349.110280,498.876028,14.701321953671,14.944004208049,14.619440053
CAL0405-HB-2014-SPRING-ACSA3-6T-HALF_EXPANSION,2014,ACSA3,6T,767.4864,139,147,8,143.000,1.21,8.54,5.232381,379.740825,349.110280,498.876028,14.701139446750,14.943803636393,14.619263393
CAL0405-HB-2014-SPRING-ACSA3-7B-HALF_EXPANSION,2014,ACSA3,7B,605.0280,139,147,8,143.000,1.72,9.13,5.749048,417.593631,385.834678,544.049517,14.698519103124,14.940923968773,14.616726982
CAL0405-HB-2014-SPRING-ACSA3-7T-HALF_EXPANSION,2014,ACSA3,7T,822.9600,139,147,8,143.000,1.34,8.07,5.153810,362.432476,391.035071,481.960119,14.697479346900,14.939781333372,14.615720527
CAL0405-HB-2014-SPRING-ACSA3-HQ-HALF_EXPANSION,2014,ACSA3,HQ,228.6000,132,139,7,135.500,5.20,2.65,5.125714,1147.530447,527.030591,593.711532,14.447725095782,14.700173056227,14.319236287
CAL0405-HB-2014-SPRING-BEAL2-1B-HALF_EXPANSION,2014,BEAL2,1B,472.1352,139,147,8,143.000,1.77,9.50,5.892857,433.884783,349.906032,563.173788,14.700792295943,14.943422125232,14.618927362
CAL0405-HB-2014-SPRING-BEAL2-4B-HALF_EXPANSION,2014,BEAL2,4B,528.2184,139,147,8,143.000,1.77,9.50,5.892857,433.884783,349.906032,563.173788,14.700683482459,14.943302541861,14.618822034
CAL0405-HB-2014-SPRING-BEAL2-4T-HALF_EXPANSION,2014,BEAL2,4T,608.3808,147,153,6,150.000,8.88,6.46,5.978095,340.036667,1063.592267,525.823730,14.944171668998,15.088575105190,14.814202865
CAL0405-HB-2014-SPRING-BEAL2-5B-HALF_EXPANSION,2014,BEAL2,5B,474.2688,139,147,8,143.000,1.77,9.50,5.892857,433.884783,349.906032,563.173788,14.700507322725,14.943108946879,14.618651518
CAL0405-HB-2014-SPRING-BEAL2-5T-HALF_EXPANSION,2014,BEAL2,5T,726.9480,139,147,8,143.000,1.21,8.54,5.232381,379.740825,349.110280,498.876028,14.701321953671,14.944004208049,14.619440053
CAL0405-HB-2014-SPRING-BEAL2-6T-HALF_EXPANSION,2014,BEAL2,6T,767.4864,147,153,6,150.000,8.54,6.47,5.794286,349.110280,1038.044515,507.635148,14.943803636393,15.088186945784,14.813852455
CAL0405-HB-2014-SPRING-BEAL2-7B-HALF_EXPANSION,2014,BEAL2,7B,605.0280,139,147,8,143.000,1.72,9.13,5.749048,417.593631,385.834678,544.049517,14.698519103124,14.940923968773,14.616726982
CAL0405-HB-2014-SPRING-BEAL2-7T-HALF_EXPANSION,2014,BEAL2,7T,822.9600,147,153,6,150.000,8.07,6.61,5.658571,391.035071,1032.817326,492.504797,14.939781333372,15.083944728391,14.810022711
CAL0405-HB-2014-SPRING-BEAL2-HQ-HALF_EXPANSION,2014,BEAL2,HQ,228.6000,132,139,7,135.500,5.20,2.65,5.125714,1147.530447,527.030591,593.711532,14.447725095782,14.700173056227,14.319236287
CAL0405-HB-2014-SPRING-FAGR-1B-HALF_EXPANSION,2014,FAGR,1B,472.1352,139,147,8,143.000,1.77,9.50,5.892857,433.884783,349.906032,563.173788,14.700792295943,14.943422125232,14.618927362
CAL0405-HB-2014-SPRING-FAGR-4B-HALF_EXPANSION,2014,FAGR,4B,528.2184,139,147,8,143.000,1.77,9.50,5.892857,433.884783,349.906032,563.173788,14.700683482459,14.943302541861,14.618822034
CAL0405-HB-2014-SPRING-FAGR-4T-HALF_EXPANSION,2014,FAGR,4T,608.3808,147,153,6,150.000,8.88,6.46,5.978095,340.036667,1063.592267,525.823730,14.944171668998,15.088575105190,14.814202865
CAL0405-HB-2014-SPRING-FAGR-5B-HALF_EXPANSION,2014,FAGR,5B,474.2688,139,147,8,143.000,1.77,9.50,5.892857,433.884783,349.906032,563.173788,14.700507322725,14.943108946879,14.618651518
CAL0405-HB-2014-SPRING-FAGR-5T-HALF_EXPANSION,2014,FAGR,5T,726.9480,147,153,6,150.000,8.54,6.47,5.794286,349.110280,1038.044515,507.635148,14.944004208049,15.088398486107,14.814043423
CAL0405-HB-2014-SPRING-FAGR-6T-HALF_EXPANSION,2014,FAGR,6T,767.4864,147,153,6,150.000,8.54,6.47,5.794286,349.110280,1038.044515,507.635148,14.943803636393,15.088186945784,14.813852455
CAL0405-HB-2014-SPRING-FAGR-7B-HALF_EXPANSION,2014,FAGR,7B,605.0280,147,153,6,150.000,9.13,6.63,6.268571,385.834678,1122.352142,549.770468,14.940923968773,15.085149825609,14.811110652
CAL0405-HB-2014-SPRING-FAGR-7T-HALF_EXPANSION,2014,FAGR,7T,822.9600,147,153,6,150.000,8.07,6.61,5.658571,391.035071,1032.817326,492.504797,14.939781333372,15.083944728391,14.810022711
CAL0405-HB-2014-SPRING-FAGR-HQ-HALF_EXPANSION,2014,FAGR,HQ,228.6000,132,139,7,135.500,5.20,2.65,5.125714,1147.530447,527.030591,593.711532,14.447725095782,14.700173056227,14.319236287
CAL0405-HB-2015-SPRING-ACSA3-1B-HALF_EXPANSION,2015,ACSA3,1B,472.1352,125,133,8,129.000,4.70,5.62,2.901905,931.048761,290.777147,661.509952,14.165003270844,14.486387223147,14.070670375
CAL0405-HB-2015-SPRING-ACSA3-4B-HALF_EXPANSION,2015,ACSA3,4B,528.2184,125,133,8,129.000,4.70,5.62,2.901905,931.048761,290.777147,661.509952,14.164917397234,14.486287718007,14.070588334
CAL0405-HB-2015-SPRING-ACSA3-4T-HALF_EXPANSION,2015,ACSA3,4T,608.3808,133,138,5,135.500,4.88,9.29,3.990476,266.187694,629.747882,731.534667,14.487010912939,14.667519120743,14.280154682
CAL0405-HB-2015-SPRING-ACSA3-5B-HALF_EXPANSION,2015,ACSA3,5B,474.2688,133,138,5,135.500,5.62,9.47,4.329048,290.777147,682.308937,811.526900,14.486126627507,14.666565319651,14.279347801
CAL0405-HB-2015-SPRING-ACSA3-5T-HALF_EXPANSION,2015,ACSA3,5T,726.9480,138,146,8,142.000,9.27,11.12,4.404762,593.872516,1082.417096,753.824484,14.667368823977,14.916657462745,14.584370547
CAL0405-HB-2015-SPRING-ACSA3-6T-HALF_EXPANSION,2015,ACSA3,6T,767.4864,133,138,5,135.500,4.57,9.27,3.909048,252.640734,593.872516,703.269956,14.486704676700,14.667188809898,14.279875252
CAL0405-HB-2015-SPRING-ACSA3-7B-HALF_EXPANSION,2015,ACSA3,7B,605.0280,133,138,5,135.500,5.38,9.56,4.277143,277.381577,651.135311,772.774092,14.484308470628,14.664604252504,14.277688781
CAL0405-HB-2015-SPRING-ACSA3-7T-HALF_EXPANSION,2015,ACSA3,7T,822.9600,133,138,5,135.500,4.30,9.43,3.962381,239.501005,564.043951,672.406698,14.483357638762,14.663578693852,14.276821165
CAL0405-HB-2015-SPRING-ACSA3-HQ-HALF_EXPANSION,2015,ACSA3,HQ,228.6000,125,133,8,129.000,6.04,7.25,3.843333,1175.145758,354.308164,827.022525,14.164514575926,14.485820954553,14.070203491
CAL0405-HB-2015-SPRING-BEAL2-1B-HALF_EXPANSION,2015,BEAL2,1B,472.1352,125,133,8,129.000,4.70,5.62,2.901905,931.048761,290.777147,661.509952,14.165003270844,14.486387223147,14.070670375
CAL0405-HB-2015-SPRING-BEAL2-4B-HALF_EXPANSION,2015,BEAL2,4B,528.2184,125,133,8,129.000,4.70,5.62,2.901905,931.048761,290.777147,661.509952,14.164917397234,14.486287718007,14.070588334
CAL0405-HB-2015-SPRING-BEAL2-4T-HALF_EXPANSION,2015,BEAL2,4T,608.3808,133,138,5,135.500,4.88,9.29,3.990476,266.187694,629.747882,731.534667,14.487010912939,14.667519120743,14.280154682
CAL0405-HB-2015-SPRING-BEAL2-5B-HALF_EXPANSION,2015,BEAL2,5B,474.2688,133,138,5,135.500,5.62,9.47,4.329048,290.777147,682.308937,811.526900,14.486126627507,14.666565319651,14.279347801
CAL0405-HB-2015-SPRING-BEAL2-5T-HALF_EXPANSION,2015,BEAL2,5T,726.9480,133,138,5,135.500,4.57,9.27,3.909048,252.640734,593.872516,703.269956,14.486871570592,14.667368823977,14.280027537
CAL0405-HB-2015-SPRING-BEAL2-6T-HALF_EXPANSION,2015,BEAL2,6T,767.4864,133,138,5,135.500,4.57,9.27,3.909048,252.640734,593.872516,703.269956,14.486704676700,14.667188809898,14.279875252
CAL0405-HB-2015-SPRING-BEAL2-7B-HALF_EXPANSION,2015,BEAL2,7B,605.0280,133,138,5,135.500,5.38,9.56,4.277143,277.381577,651.135311,772.774092,14.484308470628,14.664604252504,14.277688781
CAL0405-HB-2015-SPRING-BEAL2-7T-HALF_EXPANSION,2015,BEAL2,7T,822.9600,138,146,8,142.000,9.43,11.34,4.420476,564.043951,1033.967755,723.804908,14.663578693852,14.912477912629,14.580704731
CAL0405-HB-2015-SPRING-BEAL2-HQ-HALF_EXPANSION,2015,BEAL2,HQ,228.6000,125,133,8,129.000,6.04,7.25,3.843333,1175.145758,354.308164,827.022525,14.164514575926,14.485820954553,14.070203491
CAL0405-HB-2015-SPRING-FAGR-1B-HALF_EXPANSION,2015,FAGR,1B,472.1352,133,138,5,135.500,5.62,9.47,4.329048,290.777147,682.308937,811.526900,14.486387223147,14.666846400665,14.279585586
CAL0405-HB-2015-SPRING-FAGR-4B-HALF_EXPANSION,2015,FAGR,4B,528.2184,125,133,8,129.000,4.70,5.62,2.901905,931.048761,290.777147,661.509952,14.164917397234,14.486287718007,14.070588334
CAL0405-HB-2015-SPRING-FAGR-4T-HALF_EXPANSION,2015,FAGR,4T,608.3808,138,146,8,142.000,9.29,11.13,4.510952,629.747882,1128.216405,782.914900,14.667519120743,14.916823205235,14.584515913
CAL0405-HB-2015-SPRING-FAGR-5B-HALF_EXPANSION,2015,FAGR,5B,474.2688,133,138,5,135.500,5.62,9.47,4.329048,290.777147,682.308937,811.526900,14.486126627507,14.666565319651,14.279347801
CAL0405-HB-2015-SPRING-FAGR-5T-HALF_EXPANSION,2015,FAGR,5T,726.9480,138,146,8,142.000,9.27,11.12,4.404762,593.872516,1082.417096,753.824484,14.667368823977,14.916657462745,14.584370547
CAL0405-HB-2015-SPRING-FAGR-6T-HALF_EXPANSION,2015,FAGR,6T,767.4864,138,146,8,142.000,9.27,11.12,4.404762,593.872516,1082.417096,753.824484,14.667188809898,14.916458949286,14.584196438
CAL0405-HB-2015-SPRING-FAGR-7B-HALF_EXPANSION,2015,FAGR,7B,605.0280,133,138,5,135.500,5.38,9.56,4.277143,277.381577,651.135311,772.774092,14.484308470628,14.664604252504,14.277688781
CAL0405-HB-2015-SPRING-FAGR-7T-HALF_EXPANSION,2015,FAGR,7T,822.9600,146,154,8,150.000,11.34,1.77,5.387619,1033.967755,433.834783,655.833579,14.912477912629,15.104540596848,14.839602852
CAL0405-HB-2015-SPRING-FAGR-HQ-HALF_EXPANSION,2015,FAGR,HQ,228.6000,133,138,5,135.500,7.25,9.79,4.975714,354.308164,838.842874,1016.427252,14.485820954553,14.666235618476,14.279068884
CAL0405-HB-2016-SPRING-ACSA3-1B-HALF_EXPANSION,2016,ACSA3,1B,472.1352,139,144,5,141.500,0.88,6.79,2.761429,576.610150,894.267183,547.848772,14.700792295943,14.858746294294,14.511648994
CAL0405-HB-2016-SPRING-ACSA3-4B-HALF_EXPANSION,2016,ACSA3,4B,528.2184,131,139,8,135.000,-1.43,0.88,0.977143,598.879603,576.610150,465.987300,14.409453343658,14.700683482459,14.319670167
CAL0405-HB-2016-SPRING-ACSA3-4T-HALF_EXPANSION,2016,ACSA3,4T,608.3808,144,153,9,148.500,6.56,8.92,6.177619,814.510255,859.346740,697.928450,14.859472088509,15.088575105190,14.814202865
CAL0405-HB-2016-SPRING-ACSA3-5B-HALF_EXPANSION,2016,ACSA3,5B,474.2688,139,144,5,141.500,0.88,6.79,2.761429,576.610150,894.267183,547.848772,14.700507322725,14.858443038570,14.511385300
CAL0405-HB-2016-SPRING-ACSA3-5T-HALF_EXPANSION,2016,ACSA3,5T,726.9480,144,153,9,148.500,6.54,8.87,6.050952,781.747482,818.833514,671.204904,14.859309933774,15.088398486107,14.814043423
CAL0405-HB-2016-SPRING-ACSA3-6T-HALF_EXPANSION,2016,ACSA3,6T,767.4864,139,144,5,141.500,0.15,6.54,2.089524,506.527023,781.747482,486.265015,14.701139446750,14.859115717368,14.511970223
CAL0405-HB-2016-SPRING-ACSA3-7B-HALF_EXPANSION,2016,ACSA3,7B,605.0280,144,153,9,148.500,6.86,9.30,6.534286,867.287786,886.800559,728.663051,14.856327279775,15.085149825609,14.811110652
CAL0405-HB-2016-SPRING-ACSA3-7T-HALF_EXPANSION,2016,ACSA3,7T,822.9600,144,153,9,148.500,6.72,9.04,6.101429,766.667200,776.585644,646.863349,14.855220836559,15.083944728391,14.810022711
CAL0405-HB-2016-SPRING-ACSA3-HQ-HALF_EXPANSION,2016,ACSA3,HQ,228.6000,131,139,8,135.000,-0.05,2.06,2.063810,746.933531,698.921195,551.303600,14.409002023780,14.700173056227,14.319236287
CAL0405-HB-2016-SPRING-BEAL2-1B-HALF_EXPANSION,2016,BEAL2,1B,472.1352,139,144,5,141.500,0.88,6.79,2.761429,576.610150,894.267183,547.848772,14.700792295943,14.858746294294,14.511648994
CAL0405-HB-2016-SPRING-BEAL2-4B-HALF_EXPANSION,2016,BEAL2,4B,528.2184,139,144,5,141.500,0.88,6.79,2.761429,576.610150,894.267183,547.848772,14.700683482459,14.858630499797,14.511548306
CAL0405-HB-2016-SPRING-BEAL2-4T-HALF_EXPANSION,2016,BEAL2,4T,608.3808,144,153,9,148.500,6.56,8.92,6.177619,814.510255,859.346740,697.928450,14.859472088509,15.088575105190,14.814202865
CAL0405-HB-2016-SPRING-BEAL2-5B-HALF_EXPANSION,2016,BEAL2,5B,474.2688,139,144,5,141.500,0.88,6.79,2.761429,576.610150,894.267183,547.848772,14.700507322725,14.858443038570,14.511385300
CAL0405-HB-2016-SPRING-BEAL2-5T-HALF_EXPANSION,2016,BEAL2,5T,726.9480,144,153,9,148.500,6.54,8.87,6.050952,781.747482,818.833514,671.204904,14.859309933774,15.088398486107,14.814043423
CAL0405-HB-2016-SPRING-BEAL2-6T-HALF_EXPANSION,2016,BEAL2,6T,767.4864,144,153,9,148.500,6.54,8.87,6.050952,781.747482,818.833514,671.204904,14.859115717368,15.088186945784,14.813852455
CAL0405-HB-2016-SPRING-BEAL2-7B-HALF_EXPANSION,2016,BEAL2,7B,605.0280,144,153,9,148.500,6.86,9.30,6.534286,867.287786,886.800559,728.663051,14.856327279775,15.085149825609,14.811110652
CAL0405-HB-2016-SPRING-BEAL2-7T-HALF_EXPANSION,2016,BEAL2,7T,822.9600,144,153,9,148.500,6.72,9.04,6.101429,766.667200,776.585644,646.863349,14.855220836559,15.083944728391,14.810022711
CAL0405-HB-2016-SPRING-BEAL2-HQ-HALF_EXPANSION,2016,BEAL2,HQ,228.6000,139,144,5,141.500,2.06,7.16,3.810952,698.921195,1086.659189,653.630970,14.700173056227,14.858087327852,14.511075992
CAL0405-HB-2016-SPRING-FAGR-1B-HALF_EXPANSION,2016,FAGR,1B,472.1352,139,144,5,141.500,0.88,6.79,2.761429,576.610150,894.267183,547.848772,14.700792295943,14.858746294294,14.511648994
CAL0405-HB-2016-SPRING-FAGR-4B-HALF_EXPANSION,2016,FAGR,4B,528.2184,139,144,5,141.500,0.88,6.79,2.761429,576.610150,894.267183,547.848772,14.700683482459,14.858630499797,14.511548306
CAL0405-HB-2016-SPRING-FAGR-4T-HALF_EXPANSION,2016,FAGR,4T,608.3808,144,153,9,148.500,6.56,8.92,6.177619,814.510255,859.346740,697.928450,14.859472088509,15.088575105190,14.814202865
CAL0405-HB-2016-SPRING-FAGR-5B-HALF_EXPANSION,2016,FAGR,5B,474.2688,139,144,5,141.500,0.88,6.79,2.761429,576.610150,894.267183,547.848772,14.700507322725,14.858443038570,14.511385300
CAL0405-HB-2016-SPRING-FAGR-5T-HALF_EXPANSION,2016,FAGR,5T,726.9480,144,153,9,148.500,6.54,8.87,6.050952,781.747482,818.833514,671.204904,14.859309933774,15.088398486107,14.814043423
CAL0405-HB-2016-SPRING-FAGR-6T-HALF_EXPANSION,2016,FAGR,6T,767.4864,144,153,9,148.500,6.54,8.87,6.050952,781.747482,818.833514,671.204904,14.859115717368,15.088186945784,14.813852455
CAL0405-HB-2016-SPRING-FAGR-7B-HALF_EXPANSION,2016,FAGR,7B,605.0280,144,153,9,148.500,6.86,9.30,6.534286,867.287786,886.800559,728.663051,14.856327279775,15.085149825609,14.811110652
CAL0405-HB-2016-SPRING-FAGR-7T-HALF_EXPANSION,2016,FAGR,7T,822.9600,144,153,9,148.500,6.72,9.04,6.101429,766.667200,776.585644,646.863349,14.855220836559,15.083944728391,14.810022711
CAL0405-HB-2016-SPRING-FAGR-HQ-HALF_EXPANSION,2016,FAGR,HQ,228.6000,139,144,5,141.500,2.06,7.16,3.810952,698.921195,1086.659189,653.630970,14.700173056227,14.858087327852,14.511075992
CAL0405-HB-2017-SPRING-ACSA3-1B-HALF_EXPANSION,2017,ACSA3,1B,472.1352,136,142,6,139.000,4.24,1.75,2.916190,591.381505,421.803709,529.836436,14.596751635401,14.797995538807,14.436766338
CAL0405-HB-2017-SPRING-ACSA3-4B-HALF_EXPANSION,2017,ACSA3,4B,528.2184,128,136,8,132.000,1.12,4.24,2.653810,226.734002,591.381505,404.998408,14.289680992332,14.596647361876,14.197486429
CAL0405-HB-2017-SPRING-ACSA3-4T-HALF_EXPANSION,2017,ACSA3,4T,608.3808,136,142,6,139.000,3.80,0.99,2.369524,537.999807,416.485660,491.959416,14.597405214058,14.798704421262,14.437377305
CAL0405-HB-2017-SPRING-ACSA3-5B-HALF_EXPANSION,2017,ACSA3,5B,474.2688,136,142,6,139.000,4.24,1.75,2.916190,591.381505,421.803709,529.836436,14.596478551853,14.797699348895,14.436511058
CAL0405-HB-2017-SPRING-ACSA3-5T-HALF_EXPANSION,2017,ACSA3,5T,726.9480,142,150,8,146.000,0.72,6.51,4.094762,407.952587,190.970048,513.946176,14.798546045006,15.020522285264,14.720241301
CAL0405-HB-2017-SPRING-ACSA3-6T-HALF_EXPANSION,2017,ACSA3,6T,767.4864,136,142,6,139.000,3.64,0.72,2.175714,520.441609,407.952587,474.823055,14.597084301948,14.798356354091,14.437077316
CAL0405-HB-2017-SPRING-ACSA3-7B-HALF_EXPANSION,2017,ACSA3,7B,605.0280,136,142,6,139.000,4.12,1.43,2.781905,587.479169,400.638978,510.435435,14.594573276322,14.795632881046,14.434729987
CAL0405-HB-2017-SPRING-ACSA3-7T-HALF_EXPANSION,2017,ACSA3,7T,822.9600,136,142,6,139.000,3.64,0.69,2.180000,540.013627,364.964395,455.602194,14.593576890451,14.794552210579,14.433798550
CAL0405-HB-2017-SPRING-ACSA3-HQ-HALF_EXPANSION,2017,ACSA3,HQ,228.6000,128,136,8,132.000,2.95,5.11,3.814286,264.210420,712.749357,470.330332,14.289253546560,14.596158231250,14.197076719
CAL0405-HB-2017-SPRING-BEAL2-1B-HALF_EXPANSION,2017,BEAL2,1B,472.1352,136,142,6,139.000,4.24,1.75,2.916190,591.381505,421.803709,529.836436,14.596751635401,14.797995538807,14.436766338
CAL0405-HB-2017-SPRING-BEAL2-4B-HALF_EXPANSION,2017,BEAL2,4B,528.2184,136,142,6,139.000,4.24,1.75,2.916190,591.381505,421.803709,529.836436,14.596647361876,14.797882442328,14.436668863
CAL0405-HB-2017-SPRING-BEAL2-4T-HALF_EXPANSION,2017,BEAL2,4T,608.3808,142,150,8,146.000,0.99,6.64,4.271905,416.485660,192.142054,533.073249,14.798704421262,15.020694581351,14.720394958
CAL0405-HB-2017-SPRING-BEAL2-5B-HALF_EXPANSION,2017,BEAL2,5B,474.2688,136,142,6,139.000,4.24,1.75,2.916190,591.381505,421.803709,529.836436,14.596478551853,14.797699348895,14.436511058
CAL0405-HB-2017-SPRING-BEAL2-5T-HALF_EXPANSION,2017,BEAL2,5T,726.9480,142,150,8,146.000,0.72,6.51,4.094762,407.952587,190.970048,513.946176,14.798546045006,15.020522285264,14.720241301
CAL0405-HB-2017-SPRING-BEAL2-6T-HALF_EXPANSION,2017,BEAL2,6T,767.4864,142,150,8,146.000,0.72,6.51,4.094762,407.952587,190.970048,513.946176,14.798356354091,15.020315922575,14.720057261
CAL0405-HB-2017-SPRING-BEAL2-7B-HALF_EXPANSION,2017,BEAL2,7B,605.0280,136,142,6,139.000,4.12,1.43,2.781905,587.479169,400.638978,510.435435,14.594573276322,14.795632881046,14.434729987
CAL0405-HB-2017-SPRING-BEAL2-7T-HALF_EXPANSION,2017,BEAL2,7T,822.9600,142,150,8,146.000,0.69,6.46,4.098095,364.964395,196.428269,493.826362,14.794552210579,15.016177512215,14.716366444
CAL0405-HB-2017-SPRING-BEAL2-HQ-HALF_EXPANSION,2017,BEAL2,HQ,228.6000,136,142,6,139.000,5.11,3.25,4.034762,712.749357,444.666940,625.376763,14.596158231250,14.797351925912,14.436211620
CAL0405-HB-2017-SPRING-FAGR-1B-HALF_EXPANSION,2017,FAGR,1B,472.1352,136,142,6,139.000,4.24,1.75,2.916190,591.381505,421.803709,529.836436,14.596751635401,14.797995538807,14.436766338
CAL0405-HB-2017-SPRING-FAGR-4B-HALF_EXPANSION,2017,FAGR,4B,528.2184,136,142,6,139.000,4.24,1.75,2.916190,591.381505,421.803709,529.836436,14.596647361876,14.797882442328,14.436668863
CAL0405-HB-2017-SPRING-FAGR-4T-HALF_EXPANSION,2017,FAGR,4T,608.3808,136,142,6,139.000,3.80,0.99,2.369524,537.999807,416.485660,491.959416,14.597405214058,14.798704421262,14.437377305
CAL0405-HB-2017-SPRING-FAGR-5B-HALF_EXPANSION,2017,FAGR,5B,474.2688,136,142,6,139.000,4.24,1.75,2.916190,591.381505,421.803709,529.836436,14.596478551853,14.797699348895,14.436511058
CAL0405-HB-2017-SPRING-FAGR-5T-HALF_EXPANSION,2017,FAGR,5T,726.9480,142,150,8,146.000,0.72,6.51,4.094762,407.952587,190.970048,513.946176,14.798546045006,15.020522285264,14.720241301
CAL0405-HB-2017-SPRING-FAGR-6T-HALF_EXPANSION,2017,FAGR,6T,767.4864,142,150,8,146.000,0.72,6.51,4.094762,407.952587,190.970048,513.946176,14.798356354091,15.020315922575,14.720057261
CAL0405-HB-2017-SPRING-FAGR-7B-HALF_EXPANSION,2017,FAGR,7B,605.0280,136,142,6,139.000,4.12,1.43,2.781905,587.479169,400.638978,510.435435,14.594573276322,14.795632881046,14.434729987
CAL0405-HB-2017-SPRING-FAGR-7T-HALF_EXPANSION,2017,FAGR,7T,822.9600,142,150,8,146.000,0.69,6.46,4.098095,364.964395,196.428269,493.826362,14.794552210579,15.016177512215,14.716366444
CAL0405-HB-2017-SPRING-FAGR-HQ-HALF_EXPANSION,2017,FAGR,HQ,228.6000,128,136,8,132.000,2.95,5.11,3.814286,264.210420,712.749357,470.330332,14.289253546560,14.596158231250,14.197076719
CAL0405-HB-2018-SPRING-ACSA3-1B-HALF_EXPANSION,2018,ACSA3,1B,472.1352,127,134,7,130.500,5.81,1.26,2.776667,567.664645,1119.902119,646.636287,14.248713421574,14.523846409065,14.113466993
CAL0405-HB-2018-SPRING-ACSA3-4B-HALF_EXPANSION,2018,ACSA3,4B,528.2184,134,141,7,137.500,1.26,4.14,3.340000,1119.902119,910.554913,765.104000,14.523745290791,14.766274165397,14.398275107
CAL0405-HB-2018-SPRING-ACSA3-4T-HALF_EXPANSION,2018,ACSA3,4T,608.3808,134,141,7,137.500,1.16,3.63,2.888095,1022.266007,839.736883,707.555024,14.524480210181,14.767085988435,14.398971633
CAL0405-HB-2018-SPRING-ACSA3-5B-HALF_EXPANSION,2018,ACSA3,5B,474.2688,134,141,7,137.500,1.26,4.14,3.340000,1119.902119,910.554913,765.104000,14.523581588791,14.766093334048,14.398119957
CAL0405-HB-2018-SPRING-ACSA3-5T-HALF_EXPANSION,2018,ACSA3,5T,726.9480,141,149,8,145.000,3.44,8.46,3.798571,807.944251,955.506603,687.084547,14.766929569049,14.995954073801,14.687393966
CAL0405-HB-2018-SPRING-ACSA3-6T-HALF_EXPANSION,2018,ACSA3,6T,767.4864,141,149,8,145.000,3.44,8.46,3.798571,807.944251,955.506603,687.084547,14.766742221881,14.995749575695,14.687212339
CAL0405-HB-2018-SPRING-ACSA3-7B-HALF_EXPANSION,2018,ACSA3,7B,605.0280,134,141,7,137.500,1.39,3.94,3.312381,1064.617605,875.154617,736.998460,14.521733959717,14.764052394183,14.396368844
CAL0405-HB-2018-SPRING-ACSA3-7T-HALF_EXPANSION,2018,ACSA3,7T,822.9600,141,149,8,145.000,3.33,8.41,3.854762,774.111958,939.337524,665.999053,14.762985071644,14.991648549042,14.683569883
CAL0405-HB-2018-SPRING-ACSA3-HQ-HALF_EXPANSION,2018,ACSA3,HQ,228.6000,127,134,7,130.500,7.32,1.54,3.823810,681.004921,1330.868916,765.814987,14.248204715966,14.523270960561,14.112989966
CAL0405-HB-2018-SPRING-BEAL2-1B-HALF_EXPANSION,2018,BEAL2,1B,472.1352,141,149,8,145.000,4.14,8.79,4.363810,910.554913,1071.472975,764.236361,14.766385864569,14.995360596196,14.686866861
CAL0405-HB-2018-SPRING-BEAL2-4B-HALF_EXPANSION,2018,BEAL2,4B,528.2184,134,141,7,137.500,1.26,4.14,3.340000,1119.902119,910.554913,765.104000,14.523745290791,14.766274165397,14.398275107
CAL0405-HB-2018-SPRING-BEAL2-4T-HALF_EXPANSION,2018,BEAL2,4T,608.3808,141,149,8,145.000,3.63,8.54,3.949524,839.736883,993.178773,708.629734,14.767085988435,14.996124813081,14.687545610
CAL0405-HB-2018-SPRING-BEAL2-5B-HALF_EXPANSION,2018,BEAL2,5B,474.2688,134,141,7,137.500,1.26,4.14,3.340000,1119.902119,910.554913,765.104000,14.523581588791,14.766093334048,14.398119957
CAL0405-HB-2018-SPRING-BEAL2-5T-HALF_EXPANSION,2018,BEAL2,5T,726.9480,141,149,8,145.000,3.44,8.46,3.798571,807.944251,955.506603,687.084547,14.766929569049,14.995954073801,14.687393966
CAL0405-HB-2018-SPRING-BEAL2-6T-HALF_EXPANSION,2018,BEAL2,6T,767.4864,141,149,8,145.000,3.44,8.46,3.798571,807.944251,955.506603,687.084547,14.766742221881,14.995749575695,14.687212339
CAL0405-HB-2018-SPRING-BEAL2-7B-HALF_EXPANSION,2018,BEAL2,7B,605.0280,134,141,7,137.500,1.39,3.94,3.312381,1064.617605,875.154617,736.998460,14.521733959717,14.764052394183,14.396368844
CAL0405-HB-2018-SPRING-BEAL2-7T-HALF_EXPANSION,2018,BEAL2,7T,822.9600,149,155,6,152.000,8.41,4.44,6.019048,939.337524,147.207290,677.242038,14.991648549042,15.124114450078,14.868333649
CAL0405-HB-2018-SPRING-BEAL2-HQ-HALF_EXPANSION,2018,BEAL2,HQ,228.6000,134,141,7,137.500,1.54,5.20,4.385714,1330.868916,1105.204347,902.795078,14.523270960561,14.765750203297,14.397825556
CAL0405-HB-2018-SPRING-FAGR-1B-HALF_EXPANSION,2018,FAGR,1B,472.1352,127,134,7,130.500,5.81,1.26,2.776667,567.664645,1119.902119,646.636287,14.248713421574,14.523846409065,14.113466993
CAL0405-HB-2018-SPRING-FAGR-4B-HALF_EXPANSION,2018,FAGR,4B,528.2184,134,141,7,137.500,1.26,4.14,3.340000,1119.902119,910.554913,765.104000,14.523745290791,14.766274165397,14.398275107
CAL0405-HB-2018-SPRING-FAGR-4T-HALF_EXPANSION,2018,FAGR,4T,608.3808,141,149,8,145.000,3.63,8.54,3.949524,839.736883,993.178773,708.629734,14.767085988435,14.996124813081,14.687545610
CAL0405-HB-2018-SPRING-FAGR-5B-HALF_EXPANSION,2018,FAGR,5B,474.2688,134,141,7,137.500,1.26,4.14,3.340000,1119.902119,910.554913,765.104000,14.523581588791,14.766093334048,14.398119957
CAL0405-HB-2018-SPRING-FAGR-5T-HALF_EXPANSION,2018,FAGR,5T,726.9480,141,149,8,145.000,3.44,8.46,3.798571,807.944251,955.506603,687.084547,14.766929569049,14.995954073801,14.687393966
CAL0405-HB-2018-SPRING-FAGR-6T-HALF_EXPANSION,2018,FAGR,6T,767.4864,141,149,8,145.000,3.44,8.46,3.798571,807.944251,955.506603,687.084547,14.766742221881,14.995749575695,14.687212339
CAL0405-HB-2018-SPRING-FAGR-7B-HALF_EXPANSION,2018,FAGR,7B,605.0280,134,141,7,137.500,1.39,3.94,3.312381,1064.617605,875.154617,736.998460,14.521733959717,14.764052394183,14.396368844
CAL0405-HB-2018-SPRING-FAGR-7T-HALF_EXPANSION,2018,FAGR,7T,822.9600,141,149,8,145.000,3.33,8.41,3.854762,774.111958,939.337524,665.999053,14.762985071644,14.991648549042,14.683569883
CAL0405-HB-2018-SPRING-FAGR-HQ-HALF_EXPANSION,2018,FAGR,HQ,228.6000,127,134,7,130.500,7.32,1.54,3.823810,681.004921,1330.868916,765.814987,14.248204715966,14.523270960561,14.112989966
CAL0405-HB-2019-SPRING-ACSA3-1B-HALF_EXPANSION,2019,ACSA3,1B,472.1352,133,140,7,136.500,2.42,8.89,2.713333,317.129255,738.319713,384.583221,14.486387223147,14.733978460040,14.359363722
CAL0405-HB-2019-SPRING-ACSA3-4B-HALF_EXPANSION,2019,ACSA3,4B,528.2184,140,148,8,144.000,8.89,3.35,3.781905,738.319713,374.323450,468.391181,14.733868188897,14.969733639411,14.653160587
CAL0405-HB-2019-SPRING-ACSA3-4T-HALF_EXPANSION,2019,ACSA3,4T,608.3808,148,154,6,151.000,2.98,2.66,4.463333,337.121408,403.617060,460.363012,14.970611413379,15.109205580150,14.843831183
CAL0405-HB-2019-SPRING-ACSA3-5B-HALF_EXPANSION,2019,ACSA3,5B,474.2688,140,148,8,144.000,8.89,3.35,3.781905,738.319713,374.323450,468.391181,14.733689669373,14.969538118487,14.652987651
CAL0405-HB-2019-SPRING-ACSA3-5T-HALF_EXPANSION,2019,ACSA3,5T,726.9480,148,154,6,151.000,2.88,2.36,4.256667,320.460612,390.276223,445.425029,14.970442286320,15.109027640718,14.843669902
CAL0405-HB-2019-SPRING-ACSA3-6T-HALF_EXPANSION,2019,ACSA3,6T,767.4864,148,154,6,151.000,2.88,2.36,4.256667,320.460612,390.276223,445.425029,14.970239719167,15.108814519022,14.843476733
CAL0405-HB-2019-SPRING-ACSA3-7B-HALF_EXPANSION,2019,ACSA3,7B,605.0280,148,154,6,151.000,3.35,3.11,4.881905,332.759935,422.133964,484.254927,14.967331406350,15.105754698974,14.840703329
CAL0405-HB-2019-SPRING-ACSA3-7T-HALF_EXPANSION,2019,ACSA3,7T,822.9600,148,154,6,151.000,2.95,2.21,4.245714,272.219719,384.359329,435.656656,14.966177407162,15.104540596848,14.839602852
CAL0405-HB-2019-SPRING-ACSA3-HQ-HALF_EXPANSION,2019,ACSA3,HQ,228.6000,133,140,7,136.500,4.05,10.22,3.779524,379.713945,857.389206,451.377274,14.485820954553,14.733350925238,14.358827785
CAL0405-HB-2019-SPRING-BEAL2-1B-HALF_EXPANSION,2019,BEAL2,1B,472.1352,140,148,8,144.000,8.89,3.35,3.781905,738.319713,374.323450,468.391181,14.733978460040,14.969854412453,14.653267409
CAL0405-HB-2019-SPRING-BEAL2-4B-HALF_EXPANSION,2019,BEAL2,4B,528.2184,140,148,8,144.000,8.89,3.35,3.781905,738.319713,374.323450,468.391181,14.733868188897,14.969733639411,14.653160587
CAL0405-HB-2019-SPRING-BEAL2-4T-HALF_EXPANSION,2019,BEAL2,4T,608.3808,148,154,6,151.000,2.98,2.66,4.463333,337.121408,403.617060,460.363012,14.970611413379,15.109205580150,14.843831183
CAL0405-HB-2019-SPRING-BEAL2-5B-HALF_EXPANSION,2019,BEAL2,5B,474.2688,140,148,8,144.000,8.89,3.35,3.781905,738.319713,374.323450,468.391181,14.733689669373,14.969538118487,14.652987651
CAL0405-HB-2019-SPRING-BEAL2-5T-HALF_EXPANSION,2019,BEAL2,5T,726.9480,154,161,7,157.500,2.36,8.10,5.067143,390.276223,1024.039763,562.141049,15.109027640718,15.224005509472,15.026263496
CAL0405-HB-2019-SPRING-BEAL2-6T-HALF_EXPANSION,2019,BEAL2,6T,767.4864,148,154,6,151.000,2.88,2.36,4.256667,320.460612,390.276223,445.425029,14.970239719167,15.108814519022,14.843476733
CAL0405-HB-2019-SPRING-BEAL2-7B-HALF_EXPANSION,2019,BEAL2,7B,605.0280,148,154,6,151.000,3.35,3.11,4.881905,332.759935,422.133964,484.254927,14.967331406350,15.105754698974,14.840703329
CAL0405-HB-2019-SPRING-BEAL2-7T-HALF_EXPANSION,2019,BEAL2,7T,822.9600,148,154,6,151.000,2.95,2.21,4.245714,272.219719,384.359329,435.656656,14.966177407162,15.104540596848,14.839602852
CAL0405-HB-2019-SPRING-BEAL2-HQ-HALF_EXPANSION,2019,BEAL2,HQ,228.6000,140,148,8,144.000,10.22,4.07,4.941429,857.389206,454.747737,556.956811,14.733350925238,14.969167114818,14.652659501
CAL0405-HB-2019-SPRING-FAGR-1B-HALF_EXPANSION,2019,FAGR,1B,472.1352,140,148,8,144.000,8.89,3.35,3.781905,738.319713,374.323450,468.391181,14.733978460040,14.969854412453,14.653267409
CAL0405-HB-2019-SPRING-FAGR-4B-HALF_EXPANSION,2019,FAGR,4B,528.2184,140,148,8,144.000,8.89,3.35,3.781905,738.319713,374.323450,468.391181,14.733868188897,14.969733639411,14.653160587
CAL0405-HB-2019-SPRING-FAGR-4T-HALF_EXPANSION,2019,FAGR,4T,608.3808,154,161,7,157.500,2.66,8.08,5.229048,403.617060,1060.140881,582.327724,15.109205580150,15.224190865171,15.026436224
CAL0405-HB-2019-SPRING-FAGR-5B-HALF_EXPANSION,2019,FAGR,5B,474.2688,140,148,8,144.000,8.89,3.35,3.781905,738.319713,374.323450,468.391181,14.733689669373,14.969538118487,14.652987651
CAL0405-HB-2019-SPRING-FAGR-5T-HALF_EXPANSION,2019,FAGR,5T,726.9480,154,161,7,157.500,2.36,8.10,5.067143,390.276223,1024.039763,562.141049,15.109027640718,15.224005509472,15.026263496
CAL0405-HB-2019-SPRING-FAGR-6T-HALF_EXPANSION,2019,FAGR,6T,767.4864,154,161,7,157.500,2.36,8.10,5.067143,390.276223,1024.039763,562.141049,15.108814519022,15.223783505370,15.026056615
CAL0405-HB-2019-SPRING-FAGR-7B-HALF_EXPANSION,2019,FAGR,7B,605.0280,148,154,6,151.000,3.35,3.11,4.881905,332.759935,422.133964,484.254927,14.967331406350,15.105754698974,14.840703329
CAL0405-HB-2019-SPRING-FAGR-7T-HALF_EXPANSION,2019,FAGR,7T,822.9600,148,154,6,151.000,2.95,2.21,4.245714,272.219719,384.359329,435.656656,14.966177407162,15.104540596848,14.839602852
CAL0405-HB-2019-SPRING-FAGR-HQ-HALF_EXPANSION,2019,FAGR,HQ,228.6000,133,140,7,136.500,4.05,10.22,3.779524,379.713945,857.389206,451.377274,14.485820954553,14.733350925238,14.358827785
CAL0405-HB-2020-SPRING-ACSA3-1B-HALF_EXPANSION,2020,ACSA3,1B,472.1352,139,147,8,143.000,6.55,7.80,1.440476,628.466839,1128.663654,639.318076,14.700792295943,14.943422125232,14.618927362
CAL0405-HB-2020-SPRING-ACSA3-4B-HALF_EXPANSION,2020,ACSA3,4B,528.2184,139,147,8,143.000,6.55,7.80,1.440476,628.466839,1128.663654,639.318076,14.700683482459,14.943302541861,14.618822034
CAL0405-HB-2020-SPRING-ACSA3-4T-HALF_EXPANSION,2020,ACSA3,4T,608.3808,147,153,6,150.000,7.82,-1.59,4.781429,1074.433722,405.552728,698.565347,14.944171668998,15.088575105190,14.814202865
CAL0405-HB-2020-SPRING-ACSA3-5B-HALF_EXPANSION,2020,ACSA3,5B,474.2688,139,147,8,143.000,6.55,7.80,1.440476,628.466839,1128.663654,639.318076,14.700507322725,14.943108946879,14.618651518
CAL0405-HB-2020-SPRING-ACSA3-5T-HALF_EXPANSION,2020,ACSA3,5T,726.9480,147,153,6,150.000,7.84,-1.87,4.641905,1052.712938,394.426096,672.402535,14.944004208049,15.088398486107,14.814043423
CAL0405-HB-2020-SPRING-ACSA3-6T-HALF_EXPANSION,2020,ACSA3,6T,767.4864,147,153,6,150.000,7.84,-1.87,4.641905,1052.712938,394.426096,672.402535,14.943803636393,15.088186945784,14.813852455
CAL0405-HB-2020-SPRING-ACSA3-7B-HALF_EXPANSION,2020,ACSA3,7B,605.0280,139,147,8,143.000,6.46,7.97,1.356190,591.135332,1133.873713,619.143566,14.698519103124,14.940923968773,14.616726982
CAL0405-HB-2020-SPRING-ACSA3-7T-HALF_EXPANSION,2020,ACSA3,7T,822.9600,147,153,6,150.000,8.18,-2.06,4.632381,1064.378976,388.959397,646.291686,14.939781333372,15.083944728391,14.810022711
CAL0405-HB-2020-SPRING-ACSA3-HQ-HALF_EXPANSION,2020,ACSA3,HQ,228.6000,139,147,8,143.000,7.68,7.77,2.294762,784.315286,1269.061100,750.903440,14.700173056227,14.942741597600,14.618327958
CAL0405-HB-2020-SPRING-BEAL2-1B-HALF_EXPANSION,2020,BEAL2,1B,472.1352,139,147,8,143.000,6.55,7.80,1.440476,628.466839,1128.663654,639.318076,14.700792295943,14.943422125232,14.618927362
CAL0405-HB-2020-SPRING-BEAL2-4B-HALF_EXPANSION,2020,BEAL2,4B,528.2184,139,147,8,143.000,6.55,7.80,1.440476,628.466839,1128.663654,639.318076,14.700683482459,14.943302541861,14.618822034
CAL0405-HB-2020-SPRING-BEAL2-4T-HALF_EXPANSION,2020,BEAL2,4T,608.3808,147,153,6,150.000,7.82,-1.59,4.781429,1074.433722,405.552728,698.565347,14.944171668998,15.088575105190,14.814202865
CAL0405-HB-2020-SPRING-BEAL2-5B-HALF_EXPANSION,2020,BEAL2,5B,474.2688,139,147,8,143.000,6.55,7.80,1.440476,628.466839,1128.663654,639.318076,14.700507322725,14.943108946879,14.618651518
CAL0405-HB-2020-SPRING-BEAL2-5T-HALF_EXPANSION,2020,BEAL2,5T,726.9480,147,153,6,150.000,7.84,-1.87,4.641905,1052.712938,394.426096,672.402535,14.944004208049,15.088398486107,14.814043423
CAL0405-HB-2020-SPRING-BEAL2-6T-HALF_EXPANSION,2020,BEAL2,6T,767.4864,147,153,6,150.000,7.84,-1.87,4.641905,1052.712938,394.426096,672.402535,14.943803636393,15.088186945784,14.813852455
CAL0405-HB-2020-SPRING-BEAL2-7B-HALF_EXPANSION,2020,BEAL2,7B,605.0280,147,153,6,150.000,7.97,-1.23,5.071905,1133.873713,425.110842,728.300537,14.940923968773,15.085149825609,14.811110652
CAL0405-HB-2020-SPRING-BEAL2-7T-HALF_EXPANSION,2020,BEAL2,7T,822.9600,147,153,6,150.000,8.18,-2.06,4.632381,1064.378976,388.959397,646.291686,14.939781333372,15.083944728391,14.810022711
CAL0405-HB-2020-SPRING-BEAL2-HQ-HALF_EXPANSION,2020,BEAL2,HQ,228.6000,139,147,8,143.000,7.68,7.77,2.294762,784.315286,1269.061100,750.903440,14.700173056227,14.942741597600,14.618327958
CAL0405-HB-2020-SPRING-FAGR-1B-HALF_EXPANSION,2020,FAGR,1B,472.1352,139,147,8,143.000,6.55,7.80,1.440476,628.466839,1128.663654,639.318076,14.700792295943,14.943422125232,14.618927362
CAL0405-HB-2020-SPRING-FAGR-4B-HALF_EXPANSION,2020,FAGR,4B,528.2184,139,147,8,143.000,6.55,7.80,1.440476,628.466839,1128.663654,639.318076,14.700683482459,14.943302541861,14.618822034
CAL0405-HB-2020-SPRING-FAGR-4T-HALF_EXPANSION,2020,FAGR,4T,608.3808,147,153,6,150.000,7.82,-1.59,4.781429,1074.433722,405.552728,698.565347,14.944171668998,15.088575105190,14.814202865
CAL0405-HB-2020-SPRING-FAGR-5B-HALF_EXPANSION,2020,FAGR,5B,474.2688,139,147,8,143.000,6.55,7.80,1.440476,628.466839,1128.663654,639.318076,14.700507322725,14.943108946879,14.618651518
CAL0405-HB-2020-SPRING-FAGR-5T-HALF_EXPANSION,2020,FAGR,5T,726.9480,147,153,6,150.000,7.84,-1.87,4.641905,1052.712938,394.426096,672.402535,14.944004208049,15.088398486107,14.814043423
CAL0405-HB-2020-SPRING-FAGR-6T-HALF_EXPANSION,2020,FAGR,6T,767.4864,147,153,6,150.000,7.84,-1.87,4.641905,1052.712938,394.426096,672.402535,14.943803636393,15.088186945784,14.813852455
CAL0405-HB-2020-SPRING-FAGR-7B-HALF_EXPANSION,2020,FAGR,7B,605.0280,147,153,6,150.000,7.97,-1.23,5.071905,1133.873713,425.110842,728.300537,14.940923968773,15.085149825609,14.811110652
CAL0405-HB-2020-SPRING-FAGR-7T-HALF_EXPANSION,2020,FAGR,7T,822.9600,147,153,6,150.000,8.18,-2.06,4.632381,1064.378976,388.959397,646.291686,14.939781333372,15.083944728391,14.810022711
CAL0405-HB-2020-SPRING-FAGR-HQ-HALF_EXPANSION,2020,FAGR,HQ,228.6000,139,147,8,143.000,7.68,7.77,2.294762,784.315286,1269.061100,750.903440,14.700173056227,14.942741597600,14.618327958
CAL0405-HB-2021-SPRING-ACSA3-1B-HALF_EXPANSION,2021,ACSA3,1B,472.1352,137,144,7,140.500,3.72,1.33,4.333810,907.641682,876.065255,698.310738,14.632159829545,14.858746294294,14.511648994
CAL0405-HB-2021-SPRING-ACSA3-4B-HALF_EXPANSION,2021,ACSA3,4B,528.2184,130,137,7,133.500,2.90,3.72,2.298095,434.443061,907.641682,475.185155,14.370113679429,14.632054015935,14.238761063
CAL0405-HB-2021-SPRING-ACSA3-4T-HALF_EXPANSION,2021,ACSA3,4T,608.3808,137,144,7,140.500,3.48,0.95,3.899524,818.376235,848.899717,639.769791,14.632823061682,14.859472088509,14.512280102
CAL0405-HB-2021-SPRING-ACSA3-5B-HALF_EXPANSION,2021,ACSA3,5B,474.2688,130,137,7,133.500,2.90,3.72,2.298095,434.443061,907.641682,475.185155,14.369960634324,14.631882712677,14.238616854
CAL0405-HB-2021-SPRING-ACSA3-5T-HALF_EXPANSION,2021,ACSA3,5T,726.9480,137,144,7,140.500,3.35,0.88,3.719524,786.179392,820.662856,615.541451,14.632674884730,14.859309933774,14.512139102
CAL0405-HB-2021-SPRING-ACSA3-6T-HALF_EXPANSION,2021,ACSA3,6T,767.4864,137,144,7,140.500,3.35,0.88,3.719524,786.179392,820.662856,615.541451,14.632497409564,14.859115717368,14.511970223
CAL0405-HB-2021-SPRING-ACSA3-7B-HALF_EXPANSION,2021,ACSA3,7B,605.0280,137,144,7,140.500,3.57,1.36,4.182381,871.822727,858.701015,672.323292,14.629949299999,14.856327279775,14.509545526
CAL0405-HB-2021-SPRING-ACSA3-7T-HALF_EXPANSION,2021,ACSA3,7T,822.9600,144,152,8,148.000,1.02,3.16,4.658571,782.309940,697.033124,690.663662,14.855220836559,15.062341832915,14.779611165
CAL0405-HB-2021-SPRING-ACSA3-HQ-HALF_EXPANSION,2021,ACSA3,HQ,228.6000,130,137,7,133.500,4.15,4.29,3.451905,570.556481,1099.670054,563.399494,14.369670227402,14.631557661218,14.238343213
CAL0405-HB-2021-SPRING-BEAL2-1B-HALF_EXPANSION,2021,BEAL2,1B,472.1352,137,144,7,140.500,3.72,1.33,4.333810,907.641682,876.065255,698.310738,14.632159829545,14.858746294294,14.511648994
CAL0405-HB-2021-SPRING-BEAL2-4B-HALF_EXPANSION,2021,BEAL2,4B,528.2184,137,144,7,140.500,3.72,1.33,4.333810,907.641682,876.065255,698.310738,14.632054015935,14.858630499797,14.511548306
CAL0405-HB-2021-SPRING-BEAL2-4T-HALF_EXPANSION,2021,BEAL2,4T,608.3808,144,152,8,148.000,0.95,3.63,4.930952,848.899717,670.185143,733.997794,14.859472088509,15.066935996890,14.783741932
CAL0405-HB-2021-SPRING-BEAL2-5B-HALF_EXPANSION,2021,BEAL2,5B,474.2688,137,144,7,140.500,3.72,1.33,4.333810,907.641682,876.065255,698.310738,14.631882712677,14.858443038570,14.511385300
CAL0405-HB-2021-SPRING-BEAL2-5T-HALF_EXPANSION,2021,BEAL2,5T,726.9480,144,152,8,148.000,0.88,3.43,4.758571,820.662856,666.484259,709.131493,14.859309933774,15.066760759433,14.783584373
CAL0405-HB-2021-SPRING-BEAL2-6T-HALF_EXPANSION,2021,BEAL2,6T,767.4864,144,152,8,148.000,0.88,3.43,4.758571,820.662856,666.484259,709.131493,14.859115717368,15.066550873878,14.783395662
CAL0405-HB-2021-SPRING-BEAL2-7B-HALF_EXPANSION,2021,BEAL2,7B,605.0280,144,152,8,148.000,1.36,3.85,5.247619,858.701015,707.569172,768.468938,14.856327279775,15.063537507205,14.780686254
CAL0405-HB-2021-SPRING-BEAL2-7T-HALF_EXPANSION,2021,BEAL2,7T,822.9600,152,159,7,155.500,3.16,15.97,7.785238,697.033124,766.420686,740.189730,15.062341832915,15.191910451369,14.974412530
CAL0405-HB-2021-SPRING-BEAL2-HQ-HALF_EXPANSION,2021,BEAL2,HQ,228.6000,130,137,7,133.500,4.15,4.29,3.451905,570.556481,1099.670054,563.399494,14.369670227402,14.631557661218,14.238343213
CAL0405-HB-2021-SPRING-FAGR-1B-HALF_EXPANSION,2021,FAGR,1B,472.1352,137,144,7,140.500,3.72,1.33,4.333810,907.641682,876.065255,698.310738,14.632159829545,14.858746294294,14.511648994
CAL0405-HB-2021-SPRING-FAGR-4B-HALF_EXPANSION,2021,FAGR,4B,528.2184,137,144,7,140.500,3.72,1.33,4.333810,907.641682,876.065255,698.310738,14.632054015935,14.858630499797,14.511548306
CAL0405-HB-2021-SPRING-FAGR-4T-HALF_EXPANSION,2021,FAGR,4T,608.3808,137,144,7,140.500,3.48,0.95,3.899524,818.376235,848.899717,639.769791,14.632823061682,14.859472088509,14.512280102
CAL0405-HB-2021-SPRING-FAGR-5B-HALF_EXPANSION,2021,FAGR,5B,474.2688,137,144,7,140.500,3.72,1.33,4.333810,907.641682,876.065255,698.310738,14.631882712677,14.858443038570,14.511385300
CAL0405-HB-2021-SPRING-FAGR-5T-HALF_EXPANSION,2021,FAGR,5T,726.9480,144,152,8,148.000,0.88,3.43,4.758571,820.662856,666.484259,709.131493,14.859309933774,15.066760759433,14.783584373
CAL0405-HB-2021-SPRING-FAGR-6T-HALF_EXPANSION,2021,FAGR,6T,767.4864,144,152,8,148.000,0.88,3.43,4.758571,820.662856,666.484259,709.131493,14.859115717368,15.066550873878,14.783395662
CAL0405-HB-2021-SPRING-FAGR-7B-HALF_EXPANSION,2021,FAGR,7B,605.0280,144,152,8,148.000,1.36,3.85,5.247619,858.701015,707.569172,768.468938,14.856327279775,15.063537507205,14.780686254
CAL0405-HB-2021-SPRING-FAGR-7T-HALF_EXPANSION,2021,FAGR,7T,822.9600,144,152,8,148.000,1.02,3.16,4.658571,782.309940,697.033124,690.663662,14.855220836559,15.062341832915,14.779611165
CAL0405-HB-2021-SPRING-FAGR-HQ-HALF_EXPANSION,2021,FAGR,HQ,228.6000,130,137,7,133.500,4.15,4.29,3.451905,570.556481,1099.670054,563.399494,14.369670227402,14.631557661218,14.238343213
CAL0405-HB-2022-SPRING-ACSA3-1B-HALF_EXPANSION,2022,ACSA3,1B,472.1352,129,136,7,132.500,-1.72,13.76,3.009524,822.120206,624.565596,618.890289,14.330276356311,14.596751635401,14.197573772
CAL0405-HB-2022-SPRING-ACSA3-4B-HALF_EXPANSION,2022,ACSA3,4B,528.2184,129,136,7,132.500,-1.72,13.76,3.009524,822.120206,624.565596,618.890289,14.330183517678,14.596647361876,14.197486429
CAL0405-HB-2022-SPRING-ACSA3-4T-HALF_EXPANSION,2022,ACSA3,4T,608.3808,136,143,7,139.500,13.19,8.02,5.122381,569.171855,481.482059,682.316051,14.597405214058,14.829506043141,14.475152883
CAL0405-HB-2022-SPRING-ACSA3-5B-HALF_EXPANSION,2022,ACSA3,5B,474.2688,129,136,7,132.500,-1.72,13.76,3.009524,822.120206,624.565596,618.890289,14.330033219583,14.596478551853,14.197345029
CAL0405-HB-2022-SPRING-ACSA3-5T-HALF_EXPANSION,2022,ACSA3,5T,726.9480,136,143,7,139.500,12.90,7.73,4.956190,544.890459,475.809044,659.984731,14.597259193903,14.829345754585,14.475014117
CAL0405-HB-2022-SPRING-ACSA3-6T-HALF_EXPANSION,2022,ACSA3,6T,767.4864,136,143,7,139.500,12.90,7.73,4.956190,544.890459,475.809044,659.984731,14.597084301948,14.829153773303,14.474847914
CAL0405-HB-2022-SPRING-ACSA3-7B-HALF_EXPANSION,2022,ACSA3,7B,605.0280,129,136,7,132.500,-1.68,13.45,2.848571,797.406436,607.675835,596.193924,14.328336862183,14.594573276322,14.195749095
CAL0405-HB-2022-SPRING-ACSA3-7T-HALF_EXPANSION,2022,ACSA3,7T,822.9600,136,143,7,139.500,12.68,7.50,4.869524,529.035552,466.351282,639.495551,14.593576890451,14.825303707169,14.471514733
CAL0405-HB-2022-SPRING-ACSA3-HQ-HALF_EXPANSION,2022,ACSA3,HQ,228.6000,129,137,8,133.000,-1.46,10.66,4.103333,960.337824,493.094250,747.350914,14.329748025087,14.631557661218,14.238343213
CAL0405-HB-2022-SPRING-BEAL2-1B-HALF_EXPANSION,2022,BEAL2,1B,472.1352,136,143,7,139.500,13.76,8.71,5.497143,624.565596,517.551107,737.014070,14.596751635401,14.828788601585,14.474531774
CAL0405-HB-2022-SPRING-BEAL2-4B-HALF_EXPANSION,2022,BEAL2,4B,528.2184,136,143,7,139.500,13.76,8.71,5.497143,624.565596,517.551107,737.014070,14.596647361876,14.828674139629,14.474432681
CAL0405-HB-2022-SPRING-BEAL2-4T-HALF_EXPANSION,2022,BEAL2,4T,608.3808,136,143,7,139.500,13.19,8.02,5.122381,569.171855,481.482059,682.316051,14.597405214058,14.829506043141,14.475152883
CAL0405-HB-2022-SPRING-BEAL2-5B-HALF_EXPANSION,2022,BEAL2,5B,474.2688,136,143,7,139.500,13.76,8.71,5.497143,624.565596,517.551107,737.014070,14.596478551853,14.828488835638,14.474272257
CAL0405-HB-2022-SPRING-BEAL2-5T-HALF_EXPANSION,2022,BEAL2,5T,726.9480,136,143,7,139.500,12.90,7.73,4.956190,544.890459,475.809044,659.984731,14.597259193903,14.829345754585,14.475014117
CAL0405-HB-2022-SPRING-BEAL2-6T-HALF_EXPANSION,2022,BEAL2,6T,767.4864,136,143,7,139.500,12.90,7.73,4.956190,544.890459,475.809044,659.984731,14.597084301948,14.829153773303,14.474847914
CAL0405-HB-2022-SPRING-BEAL2-7B-HALF_EXPANSION,2022,BEAL2,7B,605.0280,136,143,7,139.500,13.45,8.38,5.354762,607.675835,509.510401,713.861845,14.594573276322,14.826397421392,14.472461627
CAL0405-HB-2022-SPRING-BEAL2-7T-HALF_EXPANSION,2022,BEAL2,7T,822.9600,143,151,8,147.000,7.50,10.82,7.460000,466.351282,695.903073,738.168855,14.825303707169,15.039747425826,14.748386326
CAL0405-HB-2022-SPRING-BEAL2-HQ-HALF_EXPANSION,2022,BEAL2,HQ,228.6000,129,137,8,133.000,-1.46,10.66,4.103333,960.337824,493.094250,747.350914,14.329748025087,14.631557661218,14.238343213
CAL0405-HB-2022-SPRING-FAGR-1B-HALF_EXPANSION,2022,FAGR,1B,472.1352,136,143,7,139.500,13.76,8.71,5.497143,624.565596,517.551107,737.014070,14.596751635401,14.828788601585,14.474531774
CAL0405-HB-2022-SPRING-FAGR-4B-HALF_EXPANSION,2022,FAGR,4B,528.2184,129,136,7,132.500,-1.72,13.76,3.009524,822.120206,624.565596,618.890289,14.330183517678,14.596647361876,14.197486429
CAL0405-HB-2022-SPRING-FAGR-4T-HALF_EXPANSION,2022,FAGR,4T,608.3808,136,143,7,139.500,13.19,8.02,5.122381,569.171855,481.482059,682.316051,14.597405214058,14.829506043141,14.475152883
CAL0405-HB-2022-SPRING-FAGR-5B-HALF_EXPANSION,2022,FAGR,5B,474.2688,129,136,7,132.500,-1.72,13.76,3.009524,822.120206,624.565596,618.890289,14.330033219583,14.596478551853,14.197345029
CAL0405-HB-2022-SPRING-FAGR-5T-HALF_EXPANSION,2022,FAGR,5T,726.9480,136,143,7,139.500,12.90,7.73,4.956190,544.890459,475.809044,659.984731,14.597259193903,14.829345754585,14.475014117
CAL0405-HB-2022-SPRING-FAGR-6T-HALF_EXPANSION,2022,FAGR,6T,767.4864,136,143,7,139.500,12.90,7.73,4.956190,544.890459,475.809044,659.984731,14.597084301948,14.829153773303,14.474847914
CAL0405-HB-2022-SPRING-FAGR-7B-HALF_EXPANSION,2022,FAGR,7B,605.0280,136,143,7,139.500,13.45,8.38,5.354762,607.675835,509.510401,713.861845,14.594573276322,14.826397421392,14.472461627
CAL0405-HB-2022-SPRING-FAGR-7T-HALF_EXPANSION,2022,FAGR,7T,822.9600,143,151,8,147.000,7.50,10.82,7.460000,466.351282,695.903073,738.168855,14.825303707169,15.039747425826,14.748386326
CAL0405-HB-2022-SPRING-FAGR-HQ-HALF_EXPANSION,2022,FAGR,HQ,228.6000,129,137,8,133.000,-1.46,10.66,4.103333,960.337824,493.094250,747.350914,14.329748025087,14.631557661218,14.238343213
CAL0405-HB-2023-SPRING-ACSA3-1B-HALF_EXPANSION,2023,ACSA3,1B,472.1352,128,135,7,131.500,5.01,1.22,1.960000,461.714171,695.079193,482.457825,14.289772115501,14.560640840369,14.155773718
CAL0405-HB-2023-SPRING-ACSA3-4B-HALF_EXPANSION,2023,ACSA3,4B,528.2184,128,135,7,131.500,5.01,1.22,1.960000,461.714171,695.079193,482.457825,14.289680992332,14.560538132297,14.155688127
CAL0405-HB-2023-SPRING-ACSA3-4T-HALF_EXPANSION,2023,ACSA3,4T,608.3808,135,143,8,139.000,0.88,2.89,1.899048,636.333155,698.969579,544.114544,14.561284606542,14.829506043141,14.475152883
CAL0405-HB-2023-SPRING-ACSA3-5B-HALF_EXPANSION,2023,ACSA3,5B,474.2688,128,135,7,131.500,5.01,1.22,1.960000,461.714171,695.079193,482.457825,14.289533471403,14.560371856580,14.155549563
CAL0405-HB-2023-SPRING-ACSA3-5T-HALF_EXPANSION,2023,ACSA3,5T,726.9480,135,143,8,139.000,0.71,2.84,1.698095,612.227168,670.130317,523.309199,14.561140778707,14.829345754585,14.475014117
CAL0405-HB-2023-SPRING-ACSA3-6T-HALF_EXPANSION,2023,ACSA3,6T,767.4864,135,143,8,139.000,0.71,2.84,1.698095,612.227168,670.130317,523.309199,14.560968512508,14.829153773303,14.474847914
CAL0405-HB-2023-SPRING-ACSA3-7B-HALF_EXPANSION,2023,ACSA3,7B,605.0280,128,135,7,131.500,4.58,0.89,1.736190,443.316662,676.708291,466.107370,14.287868456506,14.558495181826,14.153985632
CAL0405-HB-2023-SPRING-ACSA3-7T-HALF_EXPANSION,2023,ACSA3,7T,822.9600,135,143,8,139.000,0.40,2.86,1.520000,599.595072,646.533147,507.438013,14.557513751101,14.825303707169,14.471514733
CAL0405-HB-2023-SPRING-ACSA3-HQ-HALF_EXPANSION,2023,ACSA3,HQ,228.6000,128,135,7,131.500,6.58,1.94,3.048571,604.452916,841.260189,587.309150,14.289253546560,14.560056344769,14.155286633
CAL0405-HB-2023-SPRING-BEAL2-1B-HALF_EXPANSION,2023,BEAL2,1B,472.1352,135,144,9,139.500,1.22,3.40,2.442381,695.079193,541.347896,610.760033,14.560640840369,14.858746294294,14.511648994
CAL0405-HB-2023-SPRING-BEAL2-4B-HALF_EXPANSION,2023,BEAL2,4B,528.2184,135,144,9,139.500,1.22,3.40,2.442381,695.079193,541.347896,610.760033,14.560538132297,14.858630499797,14.511548306
CAL0405-HB-2023-SPRING-BEAL2-4T-HALF_EXPANSION,2023,BEAL2,4T,608.3808,143,157,14,150.000,2.89,4.76,4.100476,698.969579,416.905088,697.310145,14.829506043141,15.164897823467,14.927541720
CAL0405-HB-2023-SPRING-BEAL2-5B-HALF_EXPANSION,2023,BEAL2,5B,474.2688,135,144,9,139.500,1.22,3.40,2.442381,695.079193,541.347896,610.760033,14.560371856580,14.858443038570,14.511385300
CAL0405-HB-2023-SPRING-BEAL2-5T-HALF_EXPANSION,2023,BEAL2,5T,726.9480,143,150,7,146.500,2.84,4.74,2.340952,670.130317,995.462320,647.051609,14.829345754585,15.020522285264,14.720241301
CAL0405-HB-2023-SPRING-BEAL2-6T-HALF_EXPANSION,2023,BEAL2,6T,767.4864,143,150,7,146.500,2.84,4.74,2.340952,670.130317,995.462320,647.051609,14.829153773303,15.020315922575,14.720057261
CAL0405-HB-2023-SPRING-BEAL2-7B-HALF_EXPANSION,2023,BEAL2,7B,605.0280,135,143,8,139.000,0.89,3.10,2.159048,676.708291,734.540665,573.254365,14.558495181826,14.826397421392,14.472461627
CAL0405-HB-2023-SPRING-BEAL2-7T-HALF_EXPANSION,2023,BEAL2,7T,822.9600,143,150,7,146.500,2.86,4.81,2.222381,646.533147,962.592356,629.253819,14.825303707169,15.016177512215,14.716366444
CAL0405-HB-2023-SPRING-BEAL2-HQ-HALF_EXPANSION,2023,BEAL2,HQ,228.6000,128,135,7,131.500,6.58,1.94,3.048571,604.452916,841.260189,587.309150,14.289253546560,14.560056344769,14.155286633
CAL0405-HB-2023-SPRING-FAGR-1B-HALF_EXPANSION,2023,FAGR,1B,472.1352,128,135,7,131.500,5.01,1.22,1.960000,461.714171,695.079193,482.457825,14.289772115501,14.560640840369,14.155773718
CAL0405-HB-2023-SPRING-FAGR-4B-HALF_EXPANSION,2023,FAGR,4B,528.2184,128,135,7,131.500,5.01,1.22,1.960000,461.714171,695.079193,482.457825,14.289680992332,14.560538132297,14.155688127
CAL0405-HB-2023-SPRING-FAGR-4T-HALF_EXPANSION,2023,FAGR,4T,608.3808,135,143,8,139.000,0.88,2.89,1.899048,636.333155,698.969579,544.114544,14.561284606542,14.829506043141,14.475152883
CAL0405-HB-2023-SPRING-FAGR-5B-HALF_EXPANSION,2023,FAGR,5B,474.2688,128,135,7,131.500,5.01,1.22,1.960000,461.714171,695.079193,482.457825,14.289533471403,14.560371856580,14.155549563
CAL0405-HB-2023-SPRING-FAGR-5T-HALF_EXPANSION,2023,FAGR,5T,726.9480,143,150,7,146.500,2.84,4.74,2.340952,670.130317,995.462320,647.051609,14.829345754585,15.020522285264,14.720241301
CAL0405-HB-2023-SPRING-FAGR-6T-HALF_EXPANSION,2023,FAGR,6T,767.4864,143,150,7,146.500,2.84,4.74,2.340952,670.130317,995.462320,647.051609,14.829153773303,15.020315922575,14.720057261
CAL0405-HB-2023-SPRING-FAGR-7B-HALF_EXPANSION,2023,FAGR,7B,605.0280,135,143,8,139.000,0.89,3.10,2.159048,676.708291,734.540665,573.254365,14.558495181826,14.826397421392,14.472461627
CAL0405-HB-2023-SPRING-FAGR-7T-HALF_EXPANSION,2023,FAGR,7T,822.9600,135,143,8,139.000,0.40,2.86,1.520000,599.595072,646.533147,507.438013,14.557513751101,14.825303707169,14.471514733
CAL0405-HB-2023-SPRING-FAGR-HQ-HALF_EXPANSION,2023,FAGR,HQ,228.6000,128,135,7,131.500,6.58,1.94,3.048571,604.452916,841.260189,587.309150,14.289253546560,14.560056344769,14.155286633
CAL0405-HB-2024-SPRING-ACSA3-1B-HALF_EXPANSION,2024,ACSA3,1B,472.1352,134,141,7,137.500,2.54,9.48,5.780000,561.794993,745.458649,466.954097,14.523846409065,14.766385864569,14.398370943
CAL0405-HB-2024-SPRING-ACSA3-4B-HALF_EXPANSION,2024,ACSA3,4B,528.2184,134,141,7,137.500,2.54,9.48,5.780000,561.794993,745.458649,466.954097,14.523745290791,14.766274165397,14.398275107
CAL0405-HB-2024-SPRING-ACSA3-4T-HALF_EXPANSION,2024,ACSA3,4T,608.3808,134,141,7,137.500,2.20,8.94,5.342381,525.891337,718.654010,433.591445,14.524480210181,14.767085988435,14.398971633
CAL0405-HB-2024-SPRING-ACSA3-5B-HALF_EXPANSION,2024,ACSA3,5B,474.2688,134,141,7,137.500,2.54,9.48,5.780000,561.794993,745.458649,466.954097,14.523581588791,14.766093334048,14.398119957
CAL0405-HB-2024-SPRING-ACSA3-5T-HALF_EXPANSION,2024,ACSA3,5T,726.9480,141,150,9,145.500,8.60,9.00,7.312381,707.428303,394.047619,567.808637,14.766929569049,15.020522285264,14.720241301
CAL0405-HB-2024-SPRING-ACSA3-6T-HALF_EXPANSION,2024,ACSA3,6T,767.4864,141,150,9,145.500,8.60,9.00,7.312381,707.428303,394.047619,567.808637,14.766742221881,15.020315922575,14.720057261
CAL0405-HB-2024-SPRING-ACSA3-7B-HALF_EXPANSION,2024,ACSA3,7B,605.0280,134,141,7,137.500,2.58,8.97,5.637619,564.869967,777.278526,457.244500,14.521733959717,14.764052394183,14.396368844
CAL0405-HB-2024-SPRING-ACSA3-7T-HALF_EXPANSION,2024,ACSA3,7T,822.9600,141,150,9,145.500,7.91,8.65,7.201905,757.950735,372.481002,550.650135,14.762985071644,15.016177512215,14.716366444
CAL0405-HB-2024-SPRING-ACSA3-HQ-HALF_EXPANSION,2024,ACSA3,HQ,228.6000,128,135,7,131.500,4.56,6.61,3.471905,931.227763,1002.125896,515.059396,14.289253546560,14.560056344769,14.155286633
CAL0405-HB-2024-SPRING-BEAL2-1B-HALF_EXPANSION,2024,BEAL2,1B,472.1352,134,141,7,137.500,2.54,9.48,5.780000,561.794993,745.458649,466.954097,14.523846409065,14.766385864569,14.398370943
CAL0405-HB-2024-SPRING-BEAL2-4B-HALF_EXPANSION,2024,BEAL2,4B,528.2184,134,141,7,137.500,2.54,9.48,5.780000,561.794993,745.458649,466.954097,14.523745290791,14.766274165397,14.398275107
CAL0405-HB-2024-SPRING-BEAL2-4T-HALF_EXPANSION,2024,BEAL2,4T,608.3808,141,150,9,145.500,8.94,9.29,7.529524,718.654010,411.425905,589.371841,14.767085988435,15.020694581351,14.720394958
CAL0405-HB-2024-SPRING-BEAL2-5B-HALF_EXPANSION,2024,BEAL2,5B,474.2688,134,141,7,137.500,2.54,9.48,5.780000,561.794993,745.458649,466.954097,14.523581588791,14.766093334048,14.398119957
CAL0405-HB-2024-SPRING-BEAL2-5T-HALF_EXPANSION,2024,BEAL2,5T,726.9480,141,150,9,145.500,8.60,9.00,7.312381,707.428303,394.047619,567.808637,14.766929569049,15.020522285264,14.720241301
CAL0405-HB-2024-SPRING-BEAL2-6T-HALF_EXPANSION,2024,BEAL2,6T,767.4864,141,150,9,145.500,8.60,9.00,7.312381,707.428303,394.047619,567.808637,14.766742221881,15.020315922575,14.720057261
CAL0405-HB-2024-SPRING-BEAL2-7B-HALF_EXPANSION,2024,BEAL2,7B,605.0280,134,141,7,137.500,2.58,8.97,5.637619,564.869967,777.278526,457.244500,14.521733959717,14.764052394183,14.396368844
CAL0405-HB-2024-SPRING-BEAL2-7T-HALF_EXPANSION,2024,BEAL2,7T,822.9600,141,150,9,145.500,7.91,8.65,7.201905,757.950735,372.481002,550.650135,14.762985071644,15.016177512215,14.716366444
CAL0405-HB-2024-SPRING-BEAL2-HQ-HALF_EXPANSION,2024,BEAL2,HQ,228.6000,135,142,7,138.500,6.61,10.74,6.974286,1002.125896,1340.891984,599.404717,14.560056344769,14.797351925912,14.436211620
CAL0405-HB-2024-SPRING-FAGR-1B-HALF_EXPANSION,2024,FAGR,1B,472.1352,134,141,7,137.500,2.54,9.48,5.780000,561.794993,745.458649,466.954097,14.523846409065,14.766385864569,14.398370943
CAL0405-HB-2024-SPRING-FAGR-4B-HALF_EXPANSION,2024,FAGR,4B,528.2184,134,141,7,137.500,2.54,9.48,5.780000,561.794993,745.458649,466.954097,14.523745290791,14.766274165397,14.398275107
CAL0405-HB-2024-SPRING-FAGR-4T-HALF_EXPANSION,2024,FAGR,4T,608.3808,141,150,9,145.500,8.94,9.29,7.529524,718.654010,411.425905,589.371841,14.767085988435,15.020694581351,14.720394958
CAL0405-HB-2024-SPRING-FAGR-5B-HALF_EXPANSION,2024,FAGR,5B,474.2688,134,141,7,137.500,2.54,9.48,5.780000,561.794993,745.458649,466.954097,14.523581588791,14.766093334048,14.398119957
CAL0405-HB-2024-SPRING-FAGR-5T-HALF_EXPANSION,2024,FAGR,5T,726.9480,141,150,9,145.500,8.60,9.00,7.312381,707.428303,394.047619,567.808637,14.766929569049,15.020522285264,14.720241301
CAL0405-HB-2024-SPRING-FAGR-6T-HALF_EXPANSION,2024,FAGR,6T,767.4864,141,150,9,145.500,8.60,9.00,7.312381,707.428303,394.047619,567.808637,14.766742221881,15.020315922575,14.720057261
CAL0405-HB-2024-SPRING-FAGR-7B-HALF_EXPANSION,2024,FAGR,7B,605.0280,134,141,7,137.500,2.58,8.97,5.637619,564.869967,777.278526,457.244500,14.521733959717,14.764052394183,14.396368844
CAL0405-HB-2024-SPRING-FAGR-7T-HALF_EXPANSION,2024,FAGR,7T,822.9600,141,150,9,145.500,7.91,8.65,7.201905,757.950735,372.481002,550.650135,14.762985071644,15.016177512215,14.716366444
CAL0405-HB-2024-SPRING-FAGR-HQ-HALF_EXPANSION,2024,FAGR,HQ,228.6000,135,142,7,138.500,6.61,10.74,6.974286,1002.125896,1340.891984,599.404717,14.560056344769,14.797351925912,14.436211620
