 DAILY WATER BALANCE - HOURLY SEEPAGE UPDATE FROM UI

 J=julian day, Y=simulation year
 P= precipitation       
 RM=rainfall+irrigation+snowmelt
 Q=daily runoff over eff length, Ep=plant transpiration
 Es=soil evaporation, Er=residue evaporation
 Dp=deep percolationlatqcc=lateral subsurface flow 
 UpStrmQ=Runon added to OFE
 SubRIn=Subsurface runon added to OFE
 Total Soil Water=Unfrozen water in soil profile
 frozwt=Frozen water in soil profile
 Snow Water=Water in surface snow
 QOFE=daily runoff scaled to single OFE 
 Tile=Tile drainage (mm)
 Irr=Irigation (mm)
 Area=Area that depths apply over (m^2)
 SoilWaterTotal=Full-profile soil water (mm)
 ProfileDepth=Full-profile depth (mm)
 ProfilePorosityCap=Full-profile porosity capacity (mm)
 ProfileFCStore=Full-profile field capacity storage (mm)
 ProfileWPStore=Full-profile wilting point storage (mm)

 --------------------------------------------------------------------------------------------------------------------------------------------------------------------------------------------------------------------------------------------------------------------
  OFE    J    Y      P      RM     Q                Ep      Es      Er     Dp       UpStrmQ   SubRIn    latqcc Total-Soil frozwt Snow-Water QOFE            Tile    Irr        Area SoilWaterTotal ProfileDepth ProfilePorosityCap ProfileFCStore ProfileWPStore
  #      -    -      mm     mm     mm               mm      mm      mm       mm      mm           mm      mm   Water(mm)   mm        mm      mm             mm      mm         m^2             mm           mm                 mm             mm             mm
 --------------------------------------------------------------------------------------------------------------------------------------------------------------------------------------------------------------------------------------------------------------------

1 1 1 4.40 0.00 0.0000000E+00 0.57 0.61 0.00 0.02 0.0000000E+00 0.00 0.80 71.30 0.00 4.40 0.0000000E+00 0.00 0.00 9891.92 71.30 400.00 171.48 38.75 14.38
1 2 1 0.60 0.00 0.0000000E+00 0.46 0.49 0.00 0.02 0.0000000E+00 0.00 1.05 69.28 0.00 5.00 0.0000000E+00 0.00 0.00 9891.92 69.28 400.00 171.48 38.75 14.38
1 3 1 0.00 0.00 0.0000000E+00 1.31 1.40 0.00 0.02 0.0000000E+00 0.00 1.13 65.42 0.00 5.00 0.0000000E+00 0.00 0.00 9891.92 65.42 400.00 171.48 38.75 14.38
1 4 1 2.40 0.00 0.0000000E+00 0.49 0.52 0.00 0.02 0.0000000E+00 0.00 1.10 63.28 0.00 7.40 0.0000000E+00 0.00 0.00 9891.92 63.28 400.00 171.48 38.75 14.38
1 5 1 1.00 0.00 0.0000000E+00 0.76 0.81 0.00 0.02 0.0000000E+00 0.00 1.05 60.63 0.00 8.40 0.0000000E+00 0.00 0.00 9891.92 60.63 400.00 171.48 38.75 14.38
1 6 1 0.00 0.00 0.0000000E+00 0.40 0.41 0.00 0.02 0.0000000E+00 0.00 1.00 58.80 0.00 8.40 0.0000000E+00 0.00 0.00 9891.92 58.80 400.00 171.48 38.75 14.38
1 7 1 0.00 0.00 0.0000000E+00 0.55 0.46 0.00 0.02 0.0000000E+00 0.00 0.95 56.81 0.00 8.40 0.0000000E+00 0.00 0.00 9891.92 56.81 400.00 171.48 38.75 14.38
1 8 1 4.20 0.00 0.0000000E+00 0.83 0.53 0.00 0.02 0.0000000E+00 0.00 0.91 54.52 0.00 12.60 0.0000000E+00 0.00 0.00 9891.92 54.52 400.00 171.48 38.75 14.38
1 9 1 0.60 0.00 0.0000000E+00 0.55 0.26 0.00 0.02 0.0000000E+00 0.00 0.86 52.82 0.00 13.20 0.0000000E+00 0.00 0.00 9891.92 52.82 400.00 171.48 38.75 14.38
1 10 1 0.00 0.00 0.0000000E+00 0.28 0.11 0.00 0.02 0.0000000E+00 0.00 0.82 51.57 0.00 13.20 0.0000000E+00 0.00 0.00 9891.92 51.57 400.00 171.48 38.75 14.38
1 11 1 0.00 0.00 0.0000000E+00 0.59 0.22 0.00 0.02 0.0000000E+00 0.00 0.78 49.95 0.00 13.20 0.0000000E+00 0.00 0.00 9891.92 49.95 400.00 171.48 38.75 14.38
1 12 1 0.00 0.00 0.0000000E+00 0.49 0.10 0.00 0.02 0.0000000E+00 0.00 0.75 48.59 0.00 13.20 0.0000000E+00 0.00 0.00 9891.92 48.59 400.00 171.48 38.75 14.38
1 13 1 0.00 0.00 0.0000000E+00 0.42 0.00 0.00 0.02 0.0000000E+00 0.00 0.71 47.43 0.00 13.20 0.0000000E+00 0.00 0.00 9891.92 47.43 400.00 171.48 38.75 14.38
1 14 1 0.00 0.00 0.0000000E+00 0.58 0.00 0.00 0.02 0.0000000E+00 0.00 0.68 46.15 0.00 13.20 0.0000000E+00 0.00 0.00 9891.92 46.15 400.00 171.48 38.75 14.38
1 15 1 0.00 0.00 0.0000000E+00 0.53 0.00 0.00 0.02 0.0000000E+00 0.00 0.64 44.95 0.00 13.20 0.0000000E+00 0.00 0.00 9891.92 44.95 400.00 171.48 38.75 14.38
1 16 1 0.00 0.00 0.0000000E+00 0.63 0.00 0.00 0.02 0.0000000E+00 0.00 0.61 43.69 0.00 13.20 0.0000000E+00 0.00 0.00 9891.92 43.69 400.00 171.48 38.75 14.38
1 17 1 0.00 0.00 0.0000000E+00 0.56 0.00 0.00 0.02 0.0000000E+00 0.00 0.57 42.53 0.00 13.20 0.0000000E+00 0.00 0.00 9891.92 42.53 400.00 171.48 38.75 14.38
1 18 1 0.00 0.00 0.0000000E+00 0.49 0.00 0.00 0.02 0.0000000E+00 0.00 0.53 41.48 0.00 13.20 0.0000000E+00 0.00 0.00 9891.92 41.48 400.00 171.48 38.75 14.38
1 19 1 0.00 0.00 0.0000000E+00 0.41 0.00 0.00 0.02 0.0000000E+00 0.00 0.50 40.55 0.00 13.20 0.0000000E+00 0.00 0.00 9891.92 40.55 400.00 171.48 38.75 14.38
1 20 1 0.00 0.07 0.0000000E+00 0.66 0.04 0.00 0.02 0.0000000E+00 0.00 0.46 39.40 0.00 13.13 0.0000000E+00 0.00 0.00 9891.92 39.40 400.00 171.48 38.75 14.38
1 21 1 0.30 0.00 0.0000000E+00 0.24 0.00 0.00 0.02 0.0000000E+00 0.00 0.42 38.71 0.00 13.43 0.0000000E+00 0.00 0.00 9891.92 38.71 400.00 171.48 38.75 14.38
1 22 1 1.90 0.63 0.0000000E+00 0.60 0.31 0.00 0.02 0.0000000E+00 0.00 0.40 38.02 0.00 14.69 0.0000000E+00 0.00 0.00 9891.92 38.02 400.00 171.48 38.75 14.38
1 23 1 0.80 0.00 0.0000000E+00 0.66 0.01 0.00 0.02 0.0000000E+00 0.00 0.36 36.96 0.00 15.49 0.0000000E+00 0.00 0.00 9891.92 36.96 400.00 171.48 38.75 14.38
1 24 1 0.80 0.00 0.0000000E+00 0.98 0.00 0.00 0.02 0.0000000E+00 0.00 0.33 35.63 0.00 16.29 0.0000000E+00 0.00 0.00 9891.92 35.63 400.00 171.48 38.75 14.38
1 25 1 0.30 0.00 0.0000000E+00 0.42 0.00 0.00 0.02 0.0000000E+00 0.00 0.28 34.91 0.00 16.59 0.0000000E+00 0.00 0.00 9891.92 34.91 400.00 171.48 38.75 14.38
1 26 1 0.00 0.00 0.0000000E+00 0.51 0.00 0.00 0.02 0.0000000E+00 0.00 0.25 34.12 0.00 16.59 0.0000000E+00 0.00 0.00 9891.92 34.12 400.00 171.48 38.75 14.38
1 27 1 0.00 0.00 0.0000000E+00 0.79 0.00 0.00 0.02 0.0000000E+00 0.00 0.22 33.09 0.00 16.59 0.0000000E+00 0.00 0.00 9891.92 33.09 400.00 171.48 38.75 14.38
1 28 1 2.60 6.78 0.0000000E+00 1.19 1.27 0.00 0.02 0.0000000E+00 0.00 0.18 37.21 0.00 12.41 0.0000000E+00 0.00 0.00 9891.92 37.21 400.00 171.48 38.75 14.38
1 29 1 0.00 0.00 0.0000000E+00 0.58 0.41 0.00 0.02 0.0000000E+00 0.00 0.17 36.03 0.00 12.41 0.0000000E+00 0.00 0.00 9891.92 36.03 400.00 171.48 38.75 14.38
1 30 1 0.00 12.41 0.0000000E+00 1.04 1.12 0.00 0.02 0.0000000E+00 0.00 0.16 46.11 0.00 0.00 0.0000000E+00 0.00 0.00 9891.92 46.11 400.00 171.48 38.75 14.38
1 31 1 0.00 0.00 0.0000000E+00 0.59 0.63 0.00 0.02 0.0000000E+00 0.00 0.17 44.69 0.00 0.00 0.0000000E+00 0.00 0.00 9891.92 44.69 400.00 171.48 38.75 14.38
1 32 1 0.40 0.00 0.0000000E+00 0.83 0.88 0.00 0.02 0.0000000E+00 0.00 0.18 42.77 0.00 0.40 0.0000000E+00 0.00 0.00 9891.92 42.77 400.00 171.48 38.75 14.38
1 33 1 0.00 0.00 0.0000000E+00 0.93 1.00 0.00 0.02 0.0000000E+00 0.00 0.17 40.65 0.00 0.40 0.0000000E+00 0.00 0.00 9891.92 40.65 400.00 171.48 38.75 14.38
1 34 1 0.00 0.00 0.0000000E+00 0.61 0.50 0.00 0.02 0.0000000E+00 0.00 0.16 39.35 0.00 0.40 0.0000000E+00 0.00 0.00 9891.92 39.35 400.00 171.48 38.75 14.38
1 35 1 0.00 0.00 0.0000000E+00 0.68 0.42 0.00 0.02 0.0000000E+00 0.00 0.15 38.07 0.00 0.40 0.0000000E+00 0.00 0.00 9891.92 38.07 400.00 171.48 38.75 14.38
1 36 1 0.00 0.00 0.0000000E+00 0.69 0.33 0.00 0.02 0.0000000E+00 0.00 0.14 36.89 0.00 0.40 0.0000000E+00 0.00 0.00 9891.92 36.89 400.00 171.48 38.75 14.38
1 37 1 0.00 0.40 0.0000000E+00 1.03 0.66 0.00 0.02 0.0000000E+00 0.00 0.13 35.45 0.00 0.00 0.0000000E+00 0.00 0.00 9891.92 35.45 400.00 171.48 38.75 14.38
1 38 1 0.00 0.00 0.0000000E+00 1.07 0.13 0.00 0.02 0.0000000E+00 0.00 0.12 34.11 0.00 0.00 0.0000000E+00 0.00 0.00 9891.92 34.11 400.00 171.48 38.75 14.38
1 39 1 0.00 0.00 0.0000000E+00 0.67 0.00 0.00 0.02 0.0000000E+00 0.00 0.11 33.31 0.00 0.00 0.0000000E+00 0.00 0.00 9891.92 33.31 400.00 171.48 38.75 14.38
1 40 1 0.00 0.00 0.0000000E+00 0.84 0.00 0.00 0.02 0.0000000E+00 0.00 0.09 32.36 0.00 0.00 0.0000000E+00 0.00 0.00 9891.92 32.36 400.00 171.48 38.75 14.38
1 41 1 0.00 0.00 0.0000000E+00 0.43 0.00 0.00 0.02 0.0000000E+00 0.00 0.08 31.83 0.00 0.00 0.0000000E+00 0.00 0.00 9891.92 31.83 400.00 171.48 38.75 14.38
1 42 1 0.00 0.00 0.0000000E+00 0.89 0.00 0.00 0.02 0.0000000E+00 0.00 0.06 30.85 0.00 0.00 0.0000000E+00 0.00 0.00 9891.92 30.85 400.00 171.48 38.75 14.38
1 43 1 0.00 0.00 0.0000000E+00 0.43 0.00 0.00 0.02 0.0000000E+00 0.00 0.04 30.35 0.00 0.00 0.0000000E+00 0.00 0.00 9891.92 30.35 400.00 171.48 38.75 14.38
1 44 1 2.30 2.30 0.0000000E+00 0.74 0.78 0.00 0.02 0.0000000E+00 0.00 0.02 31.09 0.00 0.00 0.0000000E+00 0.00 0.00 9891.92 31.09 400.00 171.48 38.75 14.38
1 45 1 0.00 0.00 0.0000000E+00 0.73 0.31 0.00 0.02 0.0000000E+00 0.00 0.01 30.02 0.00 0.00 0.0000000E+00 0.00 0.00 9891.92 30.02 400.00 171.48 38.75 14.38
1 46 1 0.00 0.00 0.0000000E+00 0.85 0.24 0.00 0.02 0.0000000E+00 0.00 0.00 28.89 0.00 0.00 0.0000000E+00 0.00 0.00 9891.92 28.89 400.00 171.48 38.75 14.38
1 47 1 0.50 0.00 0.0000000E+00 0.52 0.00 0.00 0.02 0.0000000E+00 0.00 0.00 28.35 0.00 0.50 0.0000000E+00 0.00 0.00 9891.92 28.35 400.00 171.48 38.75 14.38
1 48 1 0.50 0.25 0.0000000E+00 0.64 0.12 0.00 0.02 0.0000000E+00 0.00 0.00 27.68 0.00 0.75 0.0000000E+00 0.00 0.00 9891.92 27.68 400.00 171.48 38.75 14.38
1 49 1 0.00 0.00 0.0000000E+00 0.63 0.00 0.00 0.02 0.0000000E+00 0.00 0.00 27.03 0.00 0.75 0.0000000E+00 0.00 0.00 9891.92 27.03 400.00 171.48 38.75 14.38
1 50 1 0.00 0.00 0.0000000E+00 1.01 0.00 0.00 0.02 0.0000000E+00 0.00 0.00 25.99 0.00 0.75 0.0000000E+00 0.00 0.00 9891.92 25.99 400.00 171.48 38.75 14.38
1 51 1 1.00 1.75 0.0000000E+00 1.14 1.02 0.00 0.02 0.0000000E+00 0.00 0.00 25.55 0.00 0.00 0.0000000E+00 0.00 0.00 9891.92 25.55 400.00 171.48 38.75 14.38
1 52 1 0.50 0.00 0.0000000E+00 0.61 0.13 0.00 0.02 0.0000000E+00 0.00 0.00 24.79 0.00 0.50 0.0000000E+00 0.00 0.00 9891.92 24.79 400.00 171.48 38.75 14.38
1 53 1 0.00 0.00 0.0000000E+00 0.76 0.00 0.00 0.00 0.0000000E+00 0.00 0.00 24.03 0.00 0.50 0.0000000E+00 0.00 0.00 9891.92 24.03 400.00 171.48 38.75 14.38
1 54 1 0.60 1.10 0.0000000E+00 1.14 0.86 0.00 0.00 0.0000000E+00 0.00 0.00 23.13 0.00 0.00 0.0000000E+00 0.00 0.00 9891.92 23.13 400.00 171.48 38.75 14.38
1 55 1 2.20 0.00 0.0000000E+00 0.69 0.00 0.00 0.00 0.0000000E+00 0.00 0.00 22.44 0.00 2.20 0.0000000E+00 0.00 0.00 9891.92 22.44 400.00 171.48 38.75 14.38
1 56 1 0.10 0.00 0.0000000E+00 0.91 0.00 0.00 0.00 0.0000000E+00 0.00 0.00 21.54 0.00 2.30 0.0000000E+00 0.00 0.00 9891.92 21.54 400.00 171.48 38.75 14.38
1 57 1 0.00 2.24 0.0000000E+00 1.11 1.12 0.00 0.00 0.0000000E+00 0.00 0.00 21.55 0.00 0.06 0.0000000E+00 0.00 0.00 9891.92 21.55 400.00 171.48 38.75 14.38
1 58 1 0.00 0.00 0.0000000E+00 0.42 0.00 0.00 0.00 0.0000000E+00 0.00 0.00 21.13 0.00 0.06 0.0000000E+00 0.00 0.00 9891.92 21.13 400.00 171.48 38.75 14.38
1 59 1 0.50 0.56 0.0000000E+00 0.77 0.56 0.00 0.00 0.0000000E+00 0.00 0.00 20.36 0.00 0.00 0.0000000E+00 0.00 0.00 9891.92 20.36 400.00 171.48 38.75 14.38
1 60 1 0.90 0.90 0.0000000E+00 0.84 0.76 0.00 0.00 0.0000000E+00 0.00 0.00 19.52 0.00 0.00 0.0000000E+00 0.00 0.00 9891.92 19.52 400.00 171.48 38.75 14.38
1 61 1 0.70 0.70 0.0000000E+00 0.95 0.66 0.00 0.00 0.0000000E+00 0.00 0.00 18.56 0.00 0.00 0.0000000E+00 0.00 0.00 9891.92 18.56 400.00 171.48 38.75 14.38
1 62 1 1.30 1.30 0.0000000E+00 0.83 0.96 0.00 0.00 0.0000000E+00 0.00 0.00 18.08 0.00 0.00 0.0000000E+00 0.00 0.00 9891.92 18.08 400.00 171.48 38.75 14.38
1 63 1 0.00 0.00 0.0000000E+00 0.44 0.00 0.00 0.00 0.0000000E+00 0.00 0.00 17.64 0.00 0.00 0.0000000E+00 0.00 0.00 9891.92 17.64 400.00 171.48 38.75 14.38
1 64 1 0.00 0.00 0.0000000E+00 0.57 0.00 0.00 0.00 0.0000000E+00 0.00 0.00 17.07 0.00 0.00 0.0000000E+00 0.00 0.00 9891.92 17.07 400.00 171.48 38.75 14.38
1 65 1 0.40 0.40 0.0000000E+00 0.35 0.40 0.00 0.00 0.0000000E+00 0.00 0.00 16.71 0.00 0.00 0.0000000E+00 0.00 0.00 9891.92 16.71 400.00 171.48 38.75 14.38
1 66 1 0.60 0.60 0.0000000E+00 0.57 0.60 0.00 0.00 0.0000000E+00 0.00 0.00 16.14 0.00 0.00 0.0000000E+00 0.00 0.00 9891.92 16.14 400.00 171.48 38.75 14.38
1 67 1 0.90 0.90 0.0000000E+00 0.23 0.76 0.00 0.00 0.0000000E+00 0.00 0.00 15.92 0.00 0.00 0.0000000E+00 0.00 0.00 9891.92 15.92 400.00 171.48 38.75 14.38
1 68 1 2.20 2.20 0.0000000E+00 0.45 1.23 0.00 0.00 0.0000000E+00 0.00 0.00 16.43 0.00 0.00 0.0000000E+00 0.00 0.00 9891.92 16.43 400.00 171.48 38.75 14.38
1 69 1 3.50 0.00 0.0000000E+00 0.23 0.14 0.00 0.00 0.0000000E+00 0.00 0.00 16.06 0.00 3.50 0.0000000E+00 0.00 0.00 9891.92 16.06 400.00 171.48 38.75 14.38
1 70 1 6.90 6.88 0.0000000E+00 1.12 1.30 0.00 0.00 0.0000000E+00 0.00 0.00 20.52 0.00 3.52 0.0000000E+00 0.00 0.00 9891.92 20.52 400.00 171.48 38.75 14.38
1 71 1 0.40 0.40 0.0000000E+00 0.98 1.07 0.00 0.00 0.0000000E+00 0.00 0.00 18.67 0.00 3.52 0.0000000E+00 0.00 0.00 9891.92 18.67 400.00 171.48 38.75 14.38
1 72 1 0.00 3.52 0.0000000E+00 1.31 1.51 0.00 0.00 0.0000000E+00 0.00 0.00 19.37 0.00 0.00 0.0000000E+00 0.00 0.00 9891.92 19.37 400.00 171.48 38.75 14.38
1 73 1 0.90 0.90 0.0000000E+00 1.39 1.40 0.00 0.00 0.0000000E+00 0.00 0.00 17.34 0.00 0.00 0.0000000E+00 0.00 0.00 9891.92 17.34 400.00 171.48 38.75 14.38
1 74 1 2.60 2.60 0.0000000E+00 1.00 1.52 0.00 0.00 0.0000000E+00 0.00 0.00 17.41 0.00 0.00 0.0000000E+00 0.00 0.00 9891.92 17.41 400.00 171.48 38.75 14.38
1 75 1 0.00 0.00 0.0000000E+00 0.59 0.20 0.00 0.00 0.0000000E+00 0.00 0.00 16.63 0.00 0.00 0.0000000E+00 0.00 0.00 9891.92 16.63 400.00 171.48 38.75 14.38
1 76 1 1.10 0.00 0.0000000E+00 0.46 0.00 0.00 0.00 0.0000000E+00 0.00 0.00 16.17 0.00 1.10 0.0000000E+00 0.00 0.00 9891.92 16.17 400.00 171.48 38.75 14.38
1 77 1 0.00 1.10 0.0000000E+00 0.61 0.86 0.00 0.00 0.0000000E+00 0.00 0.00 15.80 0.00 0.00 0.0000000E+00 0.00 0.00 9891.92 15.80 400.00 171.48 38.75 14.38
1 78 1 0.90 0.90 0.0000000E+00 0.33 0.76 0.00 0.00 0.0000000E+00 0.00 0.00 15.47 0.00 0.00 0.0000000E+00 0.00 0.00 9891.92 15.47 400.00 171.48 38.75 14.38
1 79 1 0.00 0.00 0.0000000E+00 0.21 0.00 0.00 0.00 0.0000000E+00 0.00 0.00 15.27 0.00 0.00 0.0000000E+00 0.00 0.00 9891.92 15.27 400.00 171.48 38.75 14.38
1 80 1 1.50 1.50 0.0000000E+00 0.30 0.99 0.00 0.00 0.0000000E+00 0.00 0.00 15.48 0.00 0.00 0.0000000E+00 0.00 0.00 9891.92 15.48 400.00 171.48 38.75 14.38
1 81 1 0.00 0.00 0.0000000E+00 0.26 0.05 0.00 0.00 0.0000000E+00 0.00 0.00 15.17 0.00 0.00 0.0000000E+00 0.00 0.00 9891.92 15.17 400.00 171.48 38.75 14.38
1 82 1 0.00 0.00 0.0000000E+00 0.18 0.00 0.00 0.00 0.0000000E+00 0.00 0.00 14.99 0.00 0.00 0.0000000E+00 0.00 0.00 9891.92 14.99 400.00 171.48 38.75 14.38
1 83 1 1.40 0.00 0.0000000E+00 0.07 0.00 0.00 0.00 0.0000000E+00 0.00 0.00 14.92 0.00 1.40 0.0000000E+00 0.00 0.00 9891.92 14.92 400.00 171.48 38.75 14.38
1 84 1 0.50 0.00 0.0000000E+00 0.09 0.00 0.00 0.00 0.0000000E+00 0.00 0.00 14.83 0.00 1.90 0.0000000E+00 0.00 0.00 9891.92 14.83 400.00 171.48 38.75 14.38
1 85 1 0.00 0.00 0.0000000E+00 0.07 0.00 0.00 0.00 0.0000000E+00 0.00 0.00 14.77 0.00 1.90 0.0000000E+00 0.00 0.00 9891.92 14.77 400.00 171.48 38.75 14.38
1 86 1 0.00 1.90 0.0000000E+00 0.28 1.12 0.00 0.00 0.0000000E+00 0.00 0.00 15.27 0.00 0.00 0.0000000E+00 0.00 0.00 9891.92 15.27 400.00 171.48 38.75 14.38
1 87 1 0.00 0.00 0.0000000E+00 0.19 0.11 0.00 0.00 0.0000000E+00 0.00 0.00 14.97 0.00 0.00 0.0000000E+00 0.00 0.00 9891.92 14.97 400.00 171.48 38.75 14.38
1 88 1 0.00 0.00 0.0000000E+00 0.14 0.00 0.00 0.00 0.0000000E+00 0.00 0.00 14.82 0.00 0.00 0.0000000E+00 0.00 0.00 9891.92 14.82 400.00 171.48 38.75 14.38
1 89 1 0.00 0.00 0.0000000E+00 0.13 0.00 0.00 0.00 0.0000000E+00 0.00 0.00 14.69 0.00 0.00 0.0000000E+00 0.00 0.00 9891.92 14.69 400.00 171.48 38.75 14.38
1 90 1 0.60 0.60 0.0000000E+00 0.07 0.60 0.00 0.00 0.0000000E+00 0.00 0.00 14.62 0.00 0.00 0.0000000E+00 0.00 0.00 9891.92 14.62 400.00 171.48 38.75 14.38
1 91 1 0.00 0.00 0.0000000E+00 0.08 0.00 0.00 0.00 0.0000000E+00 0.00 0.00 14.53 0.00 0.00 0.0000000E+00 0.00 0.00 9891.92 14.53 400.00 171.48 38.75 14.38
1 92 1 0.00 0.00 0.0000000E+00 0.05 0.00 0.00 0.00 0.0000000E+00 0.00 0.00 14.48 0.00 0.00 0.0000000E+00 0.00 0.00 9891.92 14.48 400.00 171.48 38.75 14.38
1 93 1 0.00 0.00 0.0000000E+00 0.02 0.00 0.00 0.00 0.0000000E+00 0.00 0.00 14.46 0.00 0.00 0.0000000E+00 0.00 0.00 9891.92 14.46 400.00 171.48 38.75 14.38
1 94 1 4.20 4.20 0.0000000E+00 0.77 1.62 0.00 0.00 0.0000000E+00 0.00 0.00 16.27 0.00 0.00 0.0000000E+00 0.00 0.00 9891.92 16.27 400.00 171.48 38.75 14.38
1 95 1 3.50 3.50 0.0000000E+00 0.87 1.31 0.00 0.00 0.0000000E+00 0.00 0.00 17.58 0.00 0.00 0.0000000E+00 0.00 0.00 9891.92 17.58 400.00 171.48 38.75 14.38
1 96 1 0.00 0.00 0.0000000E+00 0.92 0.97 0.00 0.00 0.0000000E+00 0.00 0.00 15.70 0.00 0.00 0.0000000E+00 0.00 0.00 9891.92 15.70 400.00 171.48 38.75 14.38
1 97 1 2.60 2.60 0.0000000E+00 0.84 1.66 0.00 0.00 0.0000000E+00 0.00 0.00 15.80 0.00 0.00 0.0000000E+00 0.00 0.00 9891.92 15.80 400.00 171.48 38.75 14.38
1 98 1 0.00 0.00 0.0000000E+00 0.53 0.00 0.00 0.00 0.0000000E+00 0.00 0.00 15.28 0.00 0.00 0.0000000E+00 0.00 0.00 9891.92 15.28 400.00 171.48 38.75 14.38
1 99 1 0.00 0.00 0.0000000E+00 0.24 0.00 0.00 0.00 0.0000000E+00 0.00 0.00 15.04 0.00 0.00 0.0000000E+00 0.00 0.00 9891.92 15.04 400.00 171.48 38.75 14.38
1 100 1 0.00 0.00 0.0000000E+00 0.22 0.00 0.00 0.00 0.0000000E+00 0.00 0.00 14.82 0.00 0.00 0.0000000E+00 0.00 0.00 9891.92 14.82 400.00 171.48 38.75 14.38
1 101 1 0.00 0.00 0.0000000E+00 0.20 0.00 0.00 0.00 0.0000000E+00 0.00 0.00 14.62 0.00 0.00 0.0000000E+00 0.00 0.00 9891.92 14.62 400.00 171.48 38.75 14.38
1 102 1 15.30 0.00 0.0000000E+00 0.05 0.00 0.00 0.00 0.0000000E+00 0.00 0.00 14.58 0.00 15.30 0.0000000E+00 0.00 0.00 9891.92 14.58 400.00 171.48 38.75 14.38
1 103 1 0.50 15.80 0.0000000E+00 1.81 2.12 0.00 0.00 0.0000000E+00 0.00 0.00 26.45 0.00 0.00 0.0000000E+00 0.00 0.00 9891.92 26.45 400.00 171.48 38.75 14.38
1 104 1 7.00 0.85 0.0000000E+00 1.11 1.29 0.00 0.00 0.0000000E+00 0.00 0.00 24.90 0.00 6.15 0.0000000E+00 0.00 0.00 9891.92 24.90 400.00 171.48 38.75 14.38
1 105 1 1.00 7.15 0.0000000E+00 1.73 1.99 0.00 0.00 0.0000000E+00 0.00 0.00 28.34 0.00 0.00 0.0000000E+00 0.00 0.00 9891.92 28.34 400.00 171.48 38.75 14.38
1 106 1 0.00 0.00 0.0000000E+00 1.52 1.73 0.00 0.00 0.0000000E+00 0.00 0.00 25.09 0.00 0.00 0.0000000E+00 0.00 0.00 9891.92 25.09 400.00 171.48 38.75 14.38
1 107 1 0.90 0.90 0.0000000E+00 1.47 1.38 0.00 0.00 0.0000000E+00 0.00 0.00 23.00 0.00 0.00 0.0000000E+00 0.00 0.00 9891.92 23.00 400.00 171.48 38.75 14.38
1 108 1 1.80 1.80 0.0000000E+00 3.10 1.79 0.00 0.00 0.0000000E+00 0.00 0.00 19.91 0.00 0.00 0.0000000E+00 0.00 0.00 9891.92 19.91 400.00 171.48 38.75 14.38
1 109 1 0.00 0.00 0.0000000E+00 2.13 0.00 0.00 0.00 0.0000000E+00 0.00 0.00 17.78 0.00 0.00 0.0000000E+00 0.00 0.00 9891.92 17.78 400.00 171.48 38.75 14.38
1 110 1 0.00 0.00 0.0000000E+00 0.83 0.00 0.00 0.00 0.0000000E+00 0.00 0.00 16.95 0.00 0.00 0.0000000E+00 0.00 0.00 9891.92 16.95 400.00 171.48 38.75 14.38
1 111 1 0.00 0.00 0.0000000E+00 0.51 0.00 0.00 0.00 0.0000000E+00 0.00 0.00 16.44 0.00 0.00 0.0000000E+00 0.00 0.00 9891.92 16.44 400.00 171.48 38.75 14.38
1 112 1 0.00 0.00 0.0000000E+00 0.43 0.00 0.00 0.00 0.0000000E+00 0.00 0.00 16.02 0.00 0.00 0.0000000E+00 0.00 0.00 9891.92 16.02 400.00 171.48 38.75 14.38
1 113 1 0.00 0.00 0.0000000E+00 0.44 0.00 0.00 0.00 0.0000000E+00 0.00 0.00 15.58 0.00 0.00 0.0000000E+00 0.00 0.00 9891.92 15.58 400.00 171.48 38.75 14.38
1 114 1 10.50 10.50 0.0000000E+00 1.25 1.45 0.00 0.00 0.0000000E+00 0.00 0.00 23.38 0.00 0.00 0.0000000E+00 0.00 0.00 9891.92 23.38 400.00 171.48 38.75 14.38
1 115 1 1.30 1.30 0.0000000E+00 1.03 1.20 0.00 0.00 0.0000000E+00 0.00 0.00 22.45 0.00 0.00 0.0000000E+00 0.00 0.00 9891.92 22.45 400.00 171.48 38.75 14.38
1 116 1 0.00 0.00 0.0000000E+00 1.57 1.60 0.00 0.00 0.0000000E+00 0.00 0.00 19.27 0.00 0.00 0.0000000E+00 0.00 0.00 9891.92 19.27 400.00 171.48 38.75 14.38
1 117 1 0.00 0.00 0.0000000E+00 1.55 0.55 0.00 0.00 0.0000000E+00 0.00 0.00 17.18 0.00 0.00 0.0000000E+00 0.00 0.00 9891.92 17.18 400.00 171.48 38.75 14.38
1 118 1 0.00 0.00 0.0000000E+00 0.88 0.00 0.00 0.00 0.0000000E+00 0.00 0.00 16.30 0.00 0.00 0.0000000E+00 0.00 0.00 9891.92 16.30 400.00 171.48 38.75 14.38
1 119 1 0.00 0.00 0.0000000E+00 0.63 0.00 0.00 0.00 0.0000000E+00 0.00 0.00 15.66 0.00 0.00 0.0000000E+00 0.00 0.00 9891.92 15.66 400.00 171.48 38.75 14.38
1 120 1 1.00 1.00 0.0000000E+00 0.22 0.80 0.00 0.00 0.0000000E+00 0.00 0.00 15.46 0.00 0.00 0.0000000E+00 0.00 0.00 9891.92 15.46 400.00 171.48 38.75 14.38
1 121 1 0.50 0.50 0.0000000E+00 0.34 0.51 0.00 0.00 0.0000000E+00 0.00 0.00 15.11 0.00 0.00 0.0000000E+00 0.00 0.00 9891.92 15.11 400.00 171.48 38.75 14.38
1 122 1 0.40 0.40 0.0000000E+00 0.23 0.40 0.00 0.00 0.0000000E+00 0.00 0.00 14.88 0.00 0.00 0.0000000E+00 0.00 0.00 9891.92 14.88 400.00 171.48 38.75 14.38
1 123 1 1.50 1.50 0.0000000E+00 0.27 1.06 0.00 0.00 0.0000000E+00 0.00 0.00 15.05 0.00 0.00 0.0000000E+00 0.00 0.00 9891.92 15.05 400.00 171.48 38.75 14.38
1 124 1 1.80 1.80 0.0000000E+00 0.56 1.21 0.00 0.00 0.0000000E+00 0.00 0.00 15.08 0.00 0.00 0.0000000E+00 0.00 0.00 9891.92 15.08 400.00 171.48 38.75 14.38
1 125 1 0.00 0.00 0.0000000E+00 0.27 0.00 0.00 0.00 0.0000000E+00 0.00 0.00 14.81 0.00 0.00 0.0000000E+00 0.00 0.00 9891.92 14.81 400.00 171.48 38.75 14.38
1 126 1 11.10 11.10 0.0000000E+00 1.51 1.77 0.00 0.00 0.0000000E+00 0.00 0.00 22.62 0.00 0.00 0.0000000E+00 0.00 0.00 9891.92 22.62 400.00 171.48 38.75 14.38
1 127 1 0.00 0.00 0.0000000E+00 1.55 1.81 0.00 0.00 0.0000000E+00 0.00 0.00 19.26 0.00 0.00 0.0000000E+00 0.00 0.00 9891.92 19.26 400.00 171.48 38.75 14.38
1 128 1 0.00 0.00 0.0000000E+00 2.30 0.82 0.00 0.00 0.0000000E+00 0.00 0.00 16.14 0.00 0.00 0.0000000E+00 0.00 0.00 9891.92 16.14 400.00 171.48 38.75 14.38
1 129 1 0.00 0.00 0.0000000E+00 0.78 0.00 0.00 0.00 0.0000000E+00 0.00 0.00 15.36 0.00 0.00 0.0000000E+00 0.00 0.00 9891.92 15.36 400.00 171.48 38.75 14.38
1 130 1 0.00 0.00 0.0000000E+00 0.42 0.00 0.00 0.00 0.0000000E+00 0.00 0.00 14.94 0.00 0.00 0.0000000E+00 0.00 0.00 9891.92 14.94 400.00 171.48 38.75 14.38
1 131 1 0.00 0.00 0.0000000E+00 0.23 0.00 0.00 0.00 0.0000000E+00 0.00 0.00 14.71 0.00 0.00 0.0000000E+00 0.00 0.00 9891.92 14.71 400.00 171.48 38.75 14.38
1 132 1 0.00 0.00 0.0000000E+00 0.12 0.00 0.00 0.00 0.0000000E+00 0.00 0.00 14.58 0.00 0.00 0.0000000E+00 0.00 0.00 9891.92 14.58 400.00 171.48 38.75 14.38
1 133 1 0.00 0.00 0.0000000E+00 0.07 0.00 0.00 0.00 0.0000000E+00 0.00 0.00 14.51 0.00 0.00 0.0000000E+00 0.00 0.00 9891.92 14.51 400.00 171.48 38.75 14.38
1 134 1 0.00 0.00 0.0000000E+00 0.04 0.00 0.00 0.00 0.0000000E+00 0.00 0.00 14.47 0.00 0.00 0.0000000E+00 0.00 0.00 9891.92 14.47 400.00 171.48 38.75 14.38
1 135 1 0.00 0.00 0.0000000E+00 0.03 0.00 0.00 0.00 0.0000000E+00 0.00 0.00 14.44 0.00 0.00 0.0000000E+00 0.00 0.00 9891.92 14.44 400.00 171.48 38.75 14.38
1 136 1 0.00 0.00 0.0000000E+00 0.02 0.00 0.00 0.00 0.0000000E+00 0.00 0.00 14.42 0.00 0.00 0.0000000E+00 0.00 0.00 9891.92 14.42 400.00 171.48 38.75 14.38
1 137 1 0.00 0.00 0.0000000E+00 0.01 0.00 0.00 0.00 0.0000000E+00 0.00 0.00 14.41 0.00 0.00 0.0000000E+00 0.00 0.00 9891.92 14.41 400.00 171.48 38.75 14.38
1 138 1 11.90 11.90 0.0000000E+00 1.67 1.96 0.00 0.00 0.0000000E+00 0.00 0.00 22.68 0.00 0.00 0.0000000E+00 0.00 0.00 9891.92 22.68 400.00 171.48 38.75 14.38
1 139 1 0.00 0.00 0.0000000E+00 3.53 3.07 0.00 0.00 0.0000000E+00 0.00 0.00 16.08 0.00 0.00 0.0000000E+00 0.00 0.00 9891.92 16.08 400.00 171.48 38.75 14.38
1 140 1 0.00 0.00 0.0000000E+00 0.78 0.00 0.00 0.00 0.0000000E+00 0.00 0.00 15.30 0.00 0.00 0.0000000E+00 0.00 0.00 9891.92 15.30 400.00 171.48 38.75 14.38
1 141 1 2.90 2.90 0.0000000E+00 1.02 1.76 0.00 0.00 0.0000000E+00 0.00 0.00 15.43 0.00 0.00 0.0000000E+00 0.00 0.00 9891.92 15.43 400.00 171.48 38.75 14.38
1 142 1 0.00 0.00 0.0000000E+00 0.48 0.00 0.00 0.00 0.0000000E+00 0.00 0.00 14.95 0.00 0.00 0.0000000E+00 0.00 0.00 9891.92 14.95 400.00 171.48 38.75 14.38
1 143 1 0.00 0.00 0.0000000E+00 0.26 0.00 0.00 0.00 0.0000000E+00 0.00 0.00 14.69 0.00 0.00 0.0000000E+00 0.00 0.00 9891.92 14.69 400.00 171.48 38.75 14.38
1 144 1 0.00 0.00 0.0000000E+00 0.11 0.00 0.00 0.00 0.0000000E+00 0.00 0.00 14.58 0.00 0.00 0.0000000E+00 0.00 0.00 9891.92 14.58 400.00 171.48 38.75 14.38
1 145 1 0.00 0.00 0.0000000E+00 0.09 0.00 0.00 0.00 0.0000000E+00 0.00 0.00 14.49 0.00 0.00 0.0000000E+00 0.00 0.00 9891.92 14.49 400.00 171.48 38.75 14.38
1 146 1 0.00 0.00 0.0000000E+00 0.05 0.00 0.00 0.00 0.0000000E+00 0.00 0.00 14.44 0.00 0.00 0.0000000E+00 0.00 0.00 9891.92 14.44 400.00 171.48 38.75 14.38
1 147 1 0.00 0.00 0.0000000E+00 0.03 0.00 0.00 0.00 0.0000000E+00 0.00 0.00 14.42 0.00 0.00 0.0000000E+00 0.00 0.00 9891.92 14.42 400.00 171.48 38.75 14.38
1 148 1 0.00 0.00 0.0000000E+00 0.01 0.00 0.00 0.00 0.0000000E+00 0.00 0.00 14.40 0.00 0.00 0.0000000E+00 0.00 0.00 9891.92 14.40 400.00 171.48 38.75 14.38
1 149 1 2.70 2.70 0.0000000E+00 0.51 1.66 0.00 0.00 0.0000000E+00 0.00 0.00 14.93 0.00 0.00 0.0000000E+00 0.00 0.00 9891.92 14.93 400.00 171.48 38.75 14.38
1 150 1 1.20 1.20 0.0000000E+00 0.42 0.91 0.00 0.00 0.0000000E+00 0.00 0.00 14.81 0.00 0.00 0.0000000E+00 0.00 0.00 9891.92 14.81 400.00 171.48 38.75 14.38
1 151 1 0.50 0.50 0.0000000E+00 0.20 0.50 0.00 0.00 0.0000000E+00 0.00 0.00 14.61 0.00 0.00 0.0000000E+00 0.00 0.00 9891.92 14.61 400.00 171.48 38.75 14.38
1 152 1 0.30 0.30 0.0000000E+00 0.10 0.30 0.00 0.00 0.0000000E+00 0.00 0.00 14.51 0.00 0.00 0.0000000E+00 0.00 0.00 9891.92 14.51 400.00 171.48 38.75 14.38
1 153 1 3.10 3.10 0.0000000E+00 1.25 1.86 0.00 0.00 0.0000000E+00 0.00 0.00 14.50 0.00 0.00 0.0000000E+00 0.00 0.00 9891.92 14.50 400.00 171.48 38.75 14.38
1 154 1 0.00 0.00 0.0000000E+00 0.05 0.00 0.00 0.00 0.0000000E+00 0.00 0.00 14.45 0.00 0.00 0.0000000E+00 0.00 0.00 9891.92 14.45 400.00 171.48 38.75 14.38
1 155 1 0.00 0.00 0.0000000E+00 0.03 0.00 0.00 0.00 0.0000000E+00 0.00 0.00 14.42 0.00 0.00 0.0000000E+00 0.00 0.00 9891.92 14.42 400.00 171.48 38.75 14.38
1 156 1 0.00 0.00 0.0000000E+00 0.02 0.00 0.00 0.00 0.0000000E+00 0.00 0.00 14.40 0.00 0.00 0.0000000E+00 0.00 0.00 9891.92 14.40 400.00 171.48 38.75 14.38
1 157 1 0.00 0.00 0.0000000E+00 0.01 0.00 0.00 0.00 0.0000000E+00 0.00 0.00 14.39 0.00 0.00 0.0000000E+00 0.00 0.00 9891.92 14.39 400.00 171.48 38.75 14.38
1 158 1 0.00 0.00 0.0000000E+00 0.00 0.00 0.00 0.00 0.0000000E+00 0.00 0.00 14.39 0.00 0.00 0.0000000E+00 0.00 0.00 9891.92 14.39 400.00 171.48 38.75 14.38
1 159 1 0.00 0.00 0.0000000E+00 0.00 0.00 0.00 0.00 0.0000000E+00 0.00 0.00 14.39 0.00 0.00 0.0000000E+00 0.00 0.00 9891.92 14.39 400.00 171.48 38.75 14.38
1 160 1 0.00 0.00 0.0000000E+00 0.00 0.00 0.00 0.00 0.0000000E+00 0.00 0.00 14.39 0.00 0.00 0.0000000E+00 0.00 0.00 9891.92 14.39 400.00 171.48 38.75 14.38
1 161 1 0.00 0.00 0.0000000E+00 0.00 0.00 0.00 0.00 0.0000000E+00 0.00 0.00 14.39 0.00 0.00 0.0000000E+00 0.00 0.00 9891.92 14.39 400.00 171.48 38.75 14.38
1 162 1 0.90 0.90 0.0000000E+00 0.00 0.76 0.00 0.00 0.0000000E+00 0.00 0.00 14.39 0.00 0.00 0.0000000E+00 0.00 0.00 9891.92 14.39 400.00 171.48 38.75 14.38
1 163 1 0.30 0.30 0.0000000E+00 0.00 0.30 0.00 0.00 0.0000000E+00 0.00 0.00 14.39 0.00 0.00 0.0000000E+00 0.00 0.00 9891.92 14.39 400.00 171.48 38.75 14.38
1 164 1 0.00 0.00 0.0000000E+00 0.00 0.00 0.00 0.00 0.0000000E+00 0.00 0.00 14.39 0.00 0.00 0.0000000E+00 0.00 0.00 9891.92 14.39 400.00 171.48 38.75 14.38
1 165 1 1.40 1.40 0.0000000E+00 0.25 1.01 0.00 0.00 0.0000000E+00 0.00 0.00 14.53 0.00 0.00 0.0000000E+00 0.00 0.00 9891.92 14.53 400.00 171.48 38.75 14.38
1 166 1 0.00 0.00 0.0000000E+00 0.07 0.00 0.00 0.00 0.0000000E+00 0.00 0.00 14.46 0.00 0.00 0.0000000E+00 0.00 0.00 9891.92 14.46 400.00 171.48 38.75 14.38
1 167 1 0.00 0.00 0.0000000E+00 0.04 0.00 0.00 0.00 0.0000000E+00 0.00 0.00 14.43 0.00 0.00 0.0000000E+00 0.00 0.00 9891.92 14.43 400.00 171.48 38.75 14.38
1 168 1 0.00 0.00 0.0000000E+00 0.02 0.00 0.00 0.00 0.0000000E+00 0.00 0.00 14.41 0.00 0.00 0.0000000E+00 0.00 0.00 9891.92 14.41 400.00 171.48 38.75 14.38
1 169 1 0.00 0.00 0.0000000E+00 0.01 0.00 0.00 0.00 0.0000000E+00 0.00 0.00 14.40 0.00 0.00 0.0000000E+00 0.00 0.00 9891.92 14.40 400.00 171.48 38.75 14.38
1 170 1 3.90 3.90 0.0000000E+00 1.40 2.26 0.00 0.00 0.0000000E+00 0.00 0.00 14.64 0.00 0.00 0.0000000E+00 0.00 0.00 9891.92 14.64 400.00 171.48 38.75 14.38
1 171 1 0.00 0.00 0.0000000E+00 0.12 0.00 0.00 0.00 0.0000000E+00 0.00 0.00 14.52 0.00 0.00 0.0000000E+00 0.00 0.00 9891.92 14.52 400.00 171.48 38.75 14.38
1 172 1 0.00 0.00 0.0000000E+00 0.06 0.00 0.00 0.00 0.0000000E+00 0.00 0.00 14.46 0.00 0.00 0.0000000E+00 0.00 0.00 9891.92 14.46 400.00 171.48 38.75 14.38
1 173 1 0.00 0.00 0.0000000E+00 0.03 0.00 0.00 0.00 0.0000000E+00 0.00 0.00 14.42 0.00 0.00 0.0000000E+00 0.00 0.00 9891.92 14.42 400.00 171.48 38.75 14.38
1 174 1 0.00 0.00 0.0000000E+00 0.02 0.00 0.00 0.00 0.0000000E+00 0.00 0.00 14.41 0.00 0.00 0.0000000E+00 0.00 0.00 9891.92 14.41 400.00 171.48 38.75 14.38
1 175 1 0.00 0.00 0.0000000E+00 0.01 0.00 0.00 0.00 0.0000000E+00 0.00 0.00 14.40 0.00 0.00 0.0000000E+00 0.00 0.00 9891.92 14.40 400.00 171.48 38.75 14.38
1 176 1 0.00 0.00 0.0000000E+00 0.01 0.00 0.00 0.00 0.0000000E+00 0.00 0.00 14.39 0.00 0.00 0.0000000E+00 0.00 0.00 9891.92 14.39 400.00 171.48 38.75 14.38
1 177 1 0.00 0.00 0.0000000E+00 0.00 0.00 0.00 0.00 0.0000000E+00 0.00 0.00 14.39 0.00 0.00 0.0000000E+00 0.00 0.00 9891.92 14.39 400.00 171.48 38.75 14.38
1 178 1 0.00 0.00 0.0000000E+00 0.00 0.00 0.00 0.00 0.0000000E+00 0.00 0.00 14.39 0.00 0.00 0.0000000E+00 0.00 0.00 9891.92 14.39 400.00 171.48 38.75 14.38
1 179 1 0.00 0.00 0.0000000E+00 0.00 0.00 0.00 0.00 0.0000000E+00 0.00 0.00 14.39 0.00 0.00 0.0000000E+00 0.00 0.00 9891.92 14.39 400.00 171.48 38.75 14.38
1 180 1 0.00 0.00 0.0000000E+00 0.00 0.00 0.00 0.00 0.0000000E+00 0.00 0.00 14.39 0.00 0.00 0.0000000E+00 0.00 0.00 9891.92 14.39 400.00 171.48 38.75 14.38
1 181 1 0.00 0.00 0.0000000E+00 0.00 0.00 0.00 0.00 0.0000000E+00 0.00 0.00 14.39 0.00 0.00 0.0000000E+00 0.00 0.00 9891.92 14.39 400.00 171.48 38.75 14.38
1 182 1 0.00 0.00 0.0000000E+00 0.00 0.00 0.00 0.00 0.0000000E+00 0.00 0.00 14.39 0.00 0.00 0.0000000E+00 0.00 0.00 9891.92 14.39 400.00 171.48 38.75 14.38
1 183 1 0.00 0.00 0.0000000E+00 0.00 0.00 0.00 0.00 0.0000000E+00 0.00 0.00 14.39 0.00 0.00 0.0000000E+00 0.00 0.00 9891.92 14.39 400.00 171.48 38.75 14.38
1 184 1 0.00 0.00 0.0000000E+00 0.00 0.00 0.00 0.00 0.0000000E+00 0.00 0.00 14.39 0.00 0.00 0.0000000E+00 0.00 0.00 9891.92 14.39 400.00 171.48 38.75 14.38
1 185 1 0.00 0.00 0.0000000E+00 0.00 0.00 0.00 0.00 0.0000000E+00 0.00 0.00 14.39 0.00 0.00 0.0000000E+00 0.00 0.00 9891.92 14.39 400.00 171.48 38.75 14.38
1 186 1 0.00 0.00 0.0000000E+00 0.00 0.00 0.00 0.00 0.0000000E+00 0.00 0.00 14.39 0.00 0.00 0.0000000E+00 0.00 0.00 9891.92 14.39 400.00 171.48 38.75 14.38
1 187 1 0.00 0.00 0.0000000E+00 0.00 0.00 0.00 0.00 0.0000000E+00 0.00 0.00 14.39 0.00 0.00 0.0000000E+00 0.00 0.00 9891.92 14.39 400.00 171.48 38.75 14.38
1 188 1 0.00 0.00 0.0000000E+00 0.00 0.00 0.00 0.00 0.0000000E+00 0.00 0.00 14.38 0.00 0.00 0.0000000E+00 0.00 0.00 9891.92 14.38 400.00 171.48 38.75 14.38
1 189 1 0.00 0.00 0.0000000E+00 0.00 0.00 0.00 0.00 0.0000000E+00 0.00 0.00 14.38 0.00 0.00 0.0000000E+00 0.00 0.00 9891.92 14.38 400.00 171.48 38.75 14.38
1 190 1 0.70 0.70 0.0000000E+00 0.00 0.66 0.00 0.00 0.0000000E+00 0.00 0.00 14.38 0.00 0.00 0.0000000E+00 0.00 0.00 9891.92 14.38 400.00 171.48 38.75 14.38
1 191 1 0.00 0.00 0.0000000E+00 0.00 0.00 0.00 0.00 0.0000000E+00 0.00 0.00 14.38 0.00 0.00 0.0000000E+00 0.00 0.00 9891.92 14.38 400.00 171.48 38.75 14.38
1 192 1 0.00 0.00 0.0000000E+00 0.00 0.00 0.00 0.00 0.0000000E+00 0.00 0.00 14.38 0.00 0.00 0.0000000E+00 0.00 0.00 9891.92 14.38 400.00 171.48 38.75 14.38
1 193 1 0.70 0.70 0.0000000E+00 0.00 0.66 0.00 0.00 0.0000000E+00 0.00 0.00 14.38 0.00 0.00 0.0000000E+00 0.00 0.00 9891.92 14.38 400.00 171.48 38.75 14.38
1 194 1 0.70 0.70 0.0000000E+00 0.00 0.66 0.00 0.00 0.0000000E+00 0.00 0.00 14.38 0.00 0.00 0.0000000E+00 0.00 0.00 9891.92 14.38 400.00 171.48 38.75 14.38
1 195 1 0.00 0.00 0.0000000E+00 0.00 0.00 0.00 0.00 0.0000000E+00 0.00 0.00 14.38 0.00 0.00 0.0000000E+00 0.00 0.00 9891.92 14.38 400.00 171.48 38.75 14.38
1 196 1 0.00 0.00 0.0000000E+00 0.00 0.00 0.00 0.00 0.0000000E+00 0.00 0.00 14.38 0.00 0.00 0.0000000E+00 0.00 0.00 9891.92 14.38 400.00 171.48 38.75 14.38
1 197 1 1.40 1.40 0.0000000E+00 0.19 1.01 0.00 0.00 0.0000000E+00 0.00 0.00 14.59 0.00 0.00 0.0000000E+00 0.00 0.00 9891.92 14.59 400.00 171.48 38.75 14.38
1 198 1 1.20 1.20 0.0000000E+00 0.29 0.91 0.00 0.00 0.0000000E+00 0.00 0.00 14.59 0.00 0.00 0.0000000E+00 0.00 0.00 9891.92 14.59 400.00 171.48 38.75 14.38
1 199 1 0.80 0.80 0.0000000E+00 0.10 0.71 0.00 0.00 0.0000000E+00 0.00 0.00 14.48 0.00 0.00 0.0000000E+00 0.00 0.00 9891.92 14.48 400.00 171.48 38.75 14.38
1 200 1 1.80 1.80 0.0000000E+00 0.36 1.21 0.00 0.00 0.0000000E+00 0.00 0.00 14.72 0.00 0.00 0.0000000E+00 0.00 0.00 9891.92 14.72 400.00 171.48 38.75 14.38
1 201 1 7.40 7.40 0.0000000E+00 2.32 2.79 0.00 0.00 0.0000000E+00 0.00 0.00 17.01 0.00 0.00 0.0000000E+00 0.00 0.00 9891.92 17.01 400.00 171.48 38.75 14.38
1 202 1 1.80 1.80 0.0000000E+00 1.85 1.87 0.00 0.00 0.0000000E+00 0.00 0.00 15.09 0.00 0.00 0.0000000E+00 0.00 0.00 9891.92 15.09 400.00 171.48 38.75 14.38
1 203 1 0.00 0.00 0.0000000E+00 0.33 0.00 0.00 0.00 0.0000000E+00 0.00 0.00 14.76 0.00 0.00 0.0000000E+00 0.00 0.00 9891.92 14.76 400.00 171.48 38.75 14.38
1 204 1 0.00 0.00 0.0000000E+00 0.18 0.00 0.00 0.00 0.0000000E+00 0.00 0.00 14.59 0.00 0.00 0.0000000E+00 0.00 0.00 9891.92 14.59 400.00 171.48 38.75 14.38
1 205 1 0.70 0.70 0.0000000E+00 0.10 0.66 0.00 0.00 0.0000000E+00 0.00 0.00 14.49 0.00 0.00 0.0000000E+00 0.00 0.00 9891.92 14.49 400.00 171.48 38.75 14.38
1 206 1 0.00 0.00 0.0000000E+00 0.05 0.00 0.00 0.00 0.0000000E+00 0.00 0.00 14.44 0.00 0.00 0.0000000E+00 0.00 0.00 9891.92 14.44 400.00 171.48 38.75 14.38
1 207 1 0.00 0.00 0.0000000E+00 0.03 0.00 0.00 0.00 0.0000000E+00 0.00 0.00 14.42 0.00 0.00 0.0000000E+00 0.00 0.00 9891.92 14.42 400.00 171.48 38.75 14.38
1 208 1 0.00 0.00 0.0000000E+00 0.01 0.00 0.00 0.00 0.0000000E+00 0.00 0.00 14.40 0.00 0.00 0.0000000E+00 0.00 0.00 9891.92 14.40 400.00 171.48 38.75 14.38
1 209 1 0.00 0.00 0.0000000E+00 0.01 0.00 0.00 0.00 0.0000000E+00 0.00 0.00 14.39 0.00 0.00 0.0000000E+00 0.00 0.00 9891.92 14.39 400.00 171.48 38.75 14.38
1 210 1 5.20 5.20 0.0000000E+00 1.66 2.91 0.00 0.00 0.0000000E+00 0.00 0.00 15.03 0.00 0.00 0.0000000E+00 0.00 0.00 9891.92 15.03 400.00 171.48 38.75 14.38
1 211 1 9.70 9.70 0.0000000E+00 2.74 3.22 0.00 0.00 0.0000000E+00 0.00 0.00 18.77 0.00 0.00 0.0000000E+00 0.00 0.00 9891.92 18.77 400.00 171.48 38.75 14.38
1 212 1 0.00 0.00 0.0000000E+00 2.07 0.92 0.00 0.00 0.0000000E+00 0.00 0.00 15.77 0.00 0.00 0.0000000E+00 0.00 0.00 9891.92 15.77 400.00 171.48 38.75 14.38
1 213 1 2.60 2.60 0.0000000E+00 1.68 1.61 0.00 0.00 0.0000000E+00 0.00 0.00 15.08 0.00 0.00 0.0000000E+00 0.00 0.00 9891.92 15.08 400.00 171.48 38.75 14.38
1 214 1 0.60 0.60 0.0000000E+00 0.32 0.60 0.00 0.00 0.0000000E+00 0.00 0.00 14.76 0.00 0.00 0.0000000E+00 0.00 0.00 9891.92 14.76 400.00 171.48 38.75 14.38
1 215 1 0.70 0.70 0.0000000E+00 0.18 0.66 0.00 0.00 0.0000000E+00 0.00 0.00 14.58 0.00 0.00 0.0000000E+00 0.00 0.00 9891.92 14.58 400.00 171.48 38.75 14.38
1 216 1 5.10 5.10 0.0000000E+00 1.50 2.73 0.00 0.00 0.0000000E+00 0.00 0.00 15.45 0.00 0.00 0.0000000E+00 0.00 0.00 9891.92 15.45 400.00 171.48 38.75 14.38
1 217 1 1.30 1.30 0.0000000E+00 0.84 1.03 0.00 0.00 0.0000000E+00 0.00 0.00 14.89 0.00 0.00 0.0000000E+00 0.00 0.00 9891.92 14.89 400.00 171.48 38.75 14.38
1 218 1 0.00 0.00 0.0000000E+00 0.23 0.00 0.00 0.00 0.0000000E+00 0.00 0.00 14.66 0.00 0.00 0.0000000E+00 0.00 0.00 9891.92 14.66 400.00 171.48 38.75 14.38
1 219 1 6.60 6.60 0.0000000E+00 2.27 3.08 0.00 0.00 0.0000000E+00 0.00 0.00 15.91 0.00 0.00 0.0000000E+00 0.00 0.00 9891.92 15.91 400.00 171.48 38.75 14.38
1 220 1 3.00 3.00 0.0000000E+00 1.21 2.07 0.00 0.00 0.0000000E+00 0.00 0.00 15.63 0.00 0.00 0.0000000E+00 0.00 0.00 9891.92 15.63 400.00 171.48 38.75 14.38
1 221 1 0.00 0.00 0.0000000E+00 0.58 0.00 0.00 0.00 0.0000000E+00 0.00 0.00 15.06 0.00 0.00 0.0000000E+00 0.00 0.00 9891.92 15.06 400.00 171.48 38.75 14.38
1 222 1 11.70 11.70 0.0000000E+00 2.50 2.93 0.00 0.00 0.0000000E+00 0.00 0.00 21.33 0.00 0.00 0.0000000E+00 0.00 0.00 9891.92 21.33 400.00 171.48 38.75 14.38
1 223 1 0.00 0.00 0.0000000E+00 2.29 1.68 0.00 0.00 0.0000000E+00 0.00 0.00 17.35 0.00 0.00 0.0000000E+00 0.00 0.00 9891.92 17.35 400.00 171.48 38.75 14.38
1 224 1 1.20 1.20 0.0000000E+00 1.67 0.91 0.00 0.00 0.0000000E+00 0.00 0.00 15.97 0.00 0.00 0.0000000E+00 0.00 0.00 9891.92 15.97 400.00 171.48 38.75 14.38
1 225 1 0.00 0.00 0.0000000E+00 0.73 0.00 0.00 0.00 0.0000000E+00 0.00 0.00 15.24 0.00 0.00 0.0000000E+00 0.00 0.00 9891.92 15.24 400.00 171.48 38.75 14.38
1 226 1 0.00 0.00 0.0000000E+00 0.39 0.00 0.00 0.00 0.0000000E+00 0.00 0.00 14.84 0.00 0.00 0.0000000E+00 0.00 0.00 9891.92 14.84 400.00 171.48 38.75 14.38
1 227 1 0.00 0.00 0.0000000E+00 0.21 0.00 0.00 0.00 0.0000000E+00 0.00 0.00 14.63 0.00 0.00 0.0000000E+00 0.00 0.00 9891.92 14.63 400.00 171.48 38.75 14.38
1 228 1 3.70 3.70 0.0000000E+00 1.09 2.16 0.00 0.00 0.0000000E+00 0.00 0.00 15.08 0.00 0.00 0.0000000E+00 0.00 0.00 9891.92 15.08 400.00 171.48 38.75 14.38
1 229 1 1.90 1.90 0.0000000E+00 0.82 1.26 0.00 0.00 0.0000000E+00 0.00 0.00 14.90 0.00 0.00 0.0000000E+00 0.00 0.00 9891.92 14.90 400.00 171.48 38.75 14.38
1 230 1 3.60 3.60 0.0000000E+00 1.97 2.11 0.00 0.00 0.0000000E+00 0.00 0.00 14.42 0.00 0.00 0.0000000E+00 0.00 0.00 9891.92 14.42 400.00 171.48 38.75 14.38
1 231 1 0.00 0.00 0.0000000E+00 0.02 0.00 0.00 0.00 0.0000000E+00 0.00 0.00 14.40 0.00 0.00 0.0000000E+00 0.00 0.00 9891.92 14.40 400.00 171.48 38.75 14.38
1 232 1 0.00 0.00 0.0000000E+00 0.01 0.00 0.00 0.00 0.0000000E+00 0.00 0.00 14.40 0.00 0.00 0.0000000E+00 0.00 0.00 9891.92 14.40 400.00 171.48 38.75 14.38
1 233 1 0.70 0.70 0.0000000E+00 0.00 0.66 0.00 0.00 0.0000000E+00 0.00 0.00 14.39 0.00 0.00 0.0000000E+00 0.00 0.00 9891.92 14.39 400.00 171.48 38.75 14.38
1 234 1 0.00 0.00 0.0000000E+00 0.00 0.00 0.00 0.00 0.0000000E+00 0.00 0.00 14.39 0.00 0.00 0.0000000E+00 0.00 0.00 9891.92 14.39 400.00 171.48 38.75 14.38
1 235 1 0.70 0.70 0.0000000E+00 0.00 0.66 0.00 0.00 0.0000000E+00 0.00 0.00 14.39 0.00 0.00 0.0000000E+00 0.00 0.00 9891.92 14.39 400.00 171.48 38.75 14.38
1 236 1 0.00 0.00 0.0000000E+00 0.00 0.00 0.00 0.00 0.0000000E+00 0.00 0.00 14.39 0.00 0.00 0.0000000E+00 0.00 0.00 9891.92 14.39 400.00 171.48 38.75 14.38
1 237 1 0.00 0.00 0.0000000E+00 0.00 0.00 0.00 0.00 0.0000000E+00 0.00 0.00 14.39 0.00 0.00 0.0000000E+00 0.00 0.00 9891.92 14.39 400.00 171.48 38.75 14.38
1 238 1 0.00 0.00 0.0000000E+00 0.00 0.00 0.00 0.00 0.0000000E+00 0.00 0.00 14.39 0.00 0.00 0.0000000E+00 0.00 0.00 9891.92 14.39 400.00 171.48 38.75 14.38
1 239 1 7.70 7.70 0.0000000E+00 1.60 1.96 0.00 0.00 0.0000000E+00 0.00 0.00 18.53 0.00 0.00 0.0000000E+00 0.00 0.00 9891.92 18.53 400.00 171.48 38.75 14.38
1 240 1 2.00 2.00 0.0000000E+00 2.26 2.80 0.00 0.00 0.0000000E+00 0.00 0.00 15.47 0.00 0.00 0.0000000E+00 0.00 0.00 9891.92 15.47 400.00 171.48 38.75 14.38
1 241 1 1.50 1.50 0.0000000E+00 0.89 1.06 0.00 0.00 0.0000000E+00 0.00 0.00 15.02 0.00 0.00 0.0000000E+00 0.00 0.00 9891.92 15.02 400.00 171.48 38.75 14.38
1 242 1 0.40 0.40 0.0000000E+00 0.30 0.40 0.00 0.00 0.0000000E+00 0.00 0.00 14.73 0.00 0.00 0.0000000E+00 0.00 0.00 9891.92 14.73 400.00 171.48 38.75 14.38
1 243 1 7.10 7.10 0.0000000E+00 1.77 2.18 0.00 0.00 0.0000000E+00 0.00 0.00 17.88 0.00 0.00 0.0000000E+00 0.00 0.00 9891.92 17.88 400.00 171.48 38.75 14.38
1 244 1 0.30 0.30 0.0000000E+00 1.17 1.26 0.00 0.00 0.0000000E+00 0.00 0.00 15.75 0.00 0.00 0.0000000E+00 0.00 0.00 9891.92 15.75 400.00 171.48 38.75 14.38
1 245 1 0.50 0.50 0.0000000E+00 0.51 0.58 0.00 0.00 0.0000000E+00 0.00 0.00 15.16 0.00 0.00 0.0000000E+00 0.00 0.00 9891.92 15.16 400.00 171.48 38.75 14.38
1 246 1 1.20 1.20 0.0000000E+00 0.37 0.91 0.00 0.00 0.0000000E+00 0.00 0.00 15.07 0.00 0.00 0.0000000E+00 0.00 0.00 9891.92 15.07 400.00 171.48 38.75 14.38
1 247 1 0.00 0.00 0.0000000E+00 0.32 0.00 0.00 0.00 0.0000000E+00 0.00 0.00 14.76 0.00 0.00 0.0000000E+00 0.00 0.00 9891.92 14.76 400.00 171.48 38.75 14.38
1 248 1 0.00 0.00 0.0000000E+00 0.17 0.00 0.00 0.00 0.0000000E+00 0.00 0.00 14.58 0.00 0.00 0.0000000E+00 0.00 0.00 9891.92 14.58 400.00 171.48 38.75 14.38
1 249 1 0.60 0.60 0.0000000E+00 0.09 0.60 0.00 0.00 0.0000000E+00 0.00 0.00 14.50 0.00 0.00 0.0000000E+00 0.00 0.00 9891.92 14.50 400.00 171.48 38.75 14.38
1 250 1 1.10 1.10 0.0000000E+00 0.15 0.86 0.00 0.00 0.0000000E+00 0.00 0.00 14.59 0.00 0.00 0.0000000E+00 0.00 0.00 9891.92 14.59 400.00 171.48 38.75 14.38
1 251 1 9.90 9.90 0.0000000E+00 2.31 2.71 0.00 0.00 0.0000000E+00 0.00 0.00 19.47 0.00 0.00 0.0000000E+00 0.00 0.00 9891.92 19.47 400.00 171.48 38.75 14.38
1 252 1 0.00 0.00 0.0000000E+00 2.01 1.42 0.00 0.00 0.0000000E+00 0.00 0.00 16.04 0.00 0.00 0.0000000E+00 0.00 0.00 9891.92 16.04 400.00 171.48 38.75 14.38
1 253 1 0.00 0.00 0.0000000E+00 0.76 0.00 0.00 0.00 0.0000000E+00 0.00 0.00 15.28 0.00 0.00 0.0000000E+00 0.00 0.00 9891.92 15.28 400.00 171.48 38.75 14.38
1 254 1 0.00 0.00 0.0000000E+00 0.33 0.00 0.00 0.00 0.0000000E+00 0.00 0.00 14.95 0.00 0.00 0.0000000E+00 0.00 0.00 9891.92 14.95 400.00 171.48 38.75 14.38
1 255 1 0.50 0.50 0.0000000E+00 0.26 0.50 0.00 0.00 0.0000000E+00 0.00 0.00 14.69 0.00 0.00 0.0000000E+00 0.00 0.00 9891.92 14.69 400.00 171.48 38.75 14.38
1 256 1 0.00 0.00 0.0000000E+00 0.14 0.00 0.00 0.00 0.0000000E+00 0.00 0.00 14.55 0.00 0.00 0.0000000E+00 0.00 0.00 9891.92 14.55 400.00 171.48 38.75 14.38
1 257 1 0.00 0.00 0.0000000E+00 0.08 0.00 0.00 0.00 0.0000000E+00 0.00 0.00 14.47 0.00 0.00 0.0000000E+00 0.00 0.00 9891.92 14.47 400.00 171.48 38.75 14.38
1 258 1 0.00 0.00 0.0000000E+00 0.04 0.00 0.00 0.00 0.0000000E+00 0.00 0.00 14.43 0.00 0.00 0.0000000E+00 0.00 0.00 9891.92 14.43 400.00 171.48 38.75 14.38
1 259 1 0.70 0.70 0.0000000E+00 0.02 0.66 0.00 0.00 0.0000000E+00 0.00 0.00 14.41 0.00 0.00 0.0000000E+00 0.00 0.00 9891.92 14.41 400.00 171.48 38.75 14.38
1 260 1 2.60 2.60 0.0000000E+00 0.63 1.61 0.00 0.00 0.0000000E+00 0.00 0.00 14.78 0.00 0.00 0.0000000E+00 0.00 0.00 9891.92 14.78 400.00 171.48 38.75 14.38
1 261 1 0.00 0.00 0.0000000E+00 0.14 0.00 0.00 0.00 0.0000000E+00 0.00 0.00 14.64 0.00 0.00 0.0000000E+00 0.00 0.00 9891.92 14.64 400.00 171.48 38.75 14.38
1 262 1 0.00 0.00 0.0000000E+00 0.12 0.00 0.00 0.00 0.0000000E+00 0.00 0.00 14.52 0.00 0.00 0.0000000E+00 0.00 0.00 9891.92 14.52 400.00 171.48 38.75 14.38
1 263 1 18.80 18.80 0.0000000E+00 1.96 2.29 0.00 0.00 0.0000000E+00 0.00 0.00 29.07 0.00 0.00 0.0000000E+00 0.00 0.00 9891.92 29.07 400.00 171.48 38.75 14.38
1 264 1 0.00 0.00 0.0000000E+00 2.43 2.81 0.00 0.00 0.0000000E+00 0.00 0.00 23.83 0.00 0.00 0.0000000E+00 0.00 0.00 9891.92 23.83 400.00 171.48 38.75 14.38
1 265 1 0.00 0.00 0.0000000E+00 2.45 1.60 0.00 0.00 0.0000000E+00 0.00 0.00 19.79 0.00 0.00 0.0000000E+00 0.00 0.00 9891.92 19.79 400.00 171.48 38.75 14.38
1 266 1 0.00 0.00 0.0000000E+00 2.13 0.00 0.00 0.00 0.0000000E+00 0.00 0.00 17.65 0.00 0.00 0.0000000E+00 0.00 0.00 9891.92 17.65 400.00 171.48 38.75 14.38
1 267 1 0.00 0.00 0.0000000E+00 0.88 0.00 0.00 0.00 0.0000000E+00 0.00 0.00 16.77 0.00 0.00 0.0000000E+00 0.00 0.00 9891.92 16.77 400.00 171.48 38.75 14.38
1 268 1 0.70 0.70 0.0000000E+00 0.67 0.66 0.00 0.00 0.0000000E+00 0.00 0.00 16.10 0.00 0.00 0.0000000E+00 0.00 0.00 9891.92 16.10 400.00 171.48 38.75 14.38
1 269 1 3.10 3.10 0.0000000E+00 0.72 1.30 0.00 0.00 0.0000000E+00 0.00 0.00 17.18 0.00 0.00 0.0000000E+00 0.00 0.00 9891.92 17.18 400.00 171.48 38.75 14.38
1 270 1 1.20 1.20 0.0000000E+00 1.02 1.34 0.00 0.00 0.0000000E+00 0.00 0.00 16.02 0.00 0.00 0.0000000E+00 0.00 0.00 9891.92 16.02 400.00 171.48 38.75 14.38
1 271 1 0.00 0.00 0.0000000E+00 0.57 0.00 0.00 0.00 0.0000000E+00 0.00 0.00 15.45 0.00 0.00 0.0000000E+00 0.00 0.00 9891.92 15.45 400.00 171.48 38.75 14.38
1 272 1 0.00 0.00 0.0000000E+00 0.38 0.00 0.00 0.00 0.0000000E+00 0.00 0.00 15.06 0.00 0.00 0.0000000E+00 0.00 0.00 9891.92 15.06 400.00 171.48 38.75 14.38
1 273 1 0.00 0.00 0.0000000E+00 0.19 0.00 0.00 0.00 0.0000000E+00 0.00 0.00 14.88 0.00 0.00 0.0000000E+00 0.00 0.00 9891.92 14.88 400.00 171.48 38.75 14.38
1 274 1 0.00 0.00 0.0000000E+00 0.16 0.00 0.00 0.00 0.0000000E+00 0.00 0.00 14.72 0.00 0.00 0.0000000E+00 0.00 0.00 9891.92 14.72 400.00 171.48 38.75 14.38
1 275 1 0.20 0.20 0.0000000E+00 0.08 0.20 0.00 0.00 0.0000000E+00 0.00 0.00 14.64 0.00 0.00 0.0000000E+00 0.00 0.00 9891.92 14.64 400.00 171.48 38.75 14.38
1 276 1 2.00 0.20 0.0000000E+00 0.04 0.10 0.00 0.00 0.0000000E+00 0.00 0.00 14.60 0.00 1.80 0.0000000E+00 0.00 0.00 9891.92 14.60 400.00 171.48 38.75 14.38
1 277 1 0.00 1.80 0.0000000E+00 0.24 1.21 0.00 0.00 0.0000000E+00 0.00 0.00 14.95 0.00 0.00 0.0000000E+00 0.00 0.00 9891.92 14.95 400.00 171.48 38.75 14.38
1 278 1 0.00 0.00 0.0000000E+00 0.23 0.00 0.00 0.00 0.0000000E+00 0.00 0.00 14.72 0.00 0.00 0.0000000E+00 0.00 0.00 9891.92 14.72 400.00 171.48 38.75 14.38
1 279 1 0.00 0.00 0.0000000E+00 0.10 0.00 0.00 0.00 0.0000000E+00 0.00 0.00 14.62 0.00 0.00 0.0000000E+00 0.00 0.00 9891.92 14.62 400.00 171.48 38.75 14.38
1 280 1 0.00 0.00 0.0000000E+00 0.04 0.00 0.00 0.00 0.0000000E+00 0.00 0.00 14.59 0.00 0.00 0.0000000E+00 0.00 0.00 9891.92 14.59 400.00 171.48 38.75 14.38
1 281 1 0.00 0.00 0.0000000E+00 0.03 0.00 0.00 0.00 0.0000000E+00 0.00 0.00 14.55 0.00 0.00 0.0000000E+00 0.00 0.00 9891.92 14.55 400.00 171.48 38.75 14.38
1 282 1 3.80 3.80 0.0000000E+00 0.82 2.10 0.00 0.00 0.0000000E+00 0.00 0.00 15.43 0.00 0.00 0.0000000E+00 0.00 0.00 9891.92 15.43 400.00 171.48 38.75 14.38
1 283 1 1.70 1.70 0.0000000E+00 0.51 1.23 0.00 0.00 0.0000000E+00 0.00 0.00 15.40 0.00 0.00 0.0000000E+00 0.00 0.00 9891.92 15.40 400.00 171.48 38.75 14.38
1 284 1 2.60 0.00 0.0000000E+00 0.28 0.00 0.00 0.00 0.0000000E+00 0.00 0.00 15.12 0.00 2.60 0.0000000E+00 0.00 0.00 9891.92 15.12 400.00 171.48 38.75 14.38
1 285 1 0.00 2.60 0.0000000E+00 0.47 1.12 0.00 0.00 0.0000000E+00 0.00 0.00 16.13 0.00 0.00 0.0000000E+00 0.00 0.00 9891.92 16.13 400.00 171.48 38.75 14.38
1 286 1 0.00 0.00 0.0000000E+00 0.69 0.40 0.00 0.00 0.0000000E+00 0.00 0.00 15.04 0.00 0.00 0.0000000E+00 0.00 0.00 9891.92 15.04 400.00 171.48 38.75 14.38
1 287 1 0.00 0.00 0.0000000E+00 0.10 0.00 0.00 0.00 0.0000000E+00 0.00 0.00 14.94 0.00 0.00 0.0000000E+00 0.00 0.00 9891.92 14.94 400.00 171.48 38.75 14.38
1 288 1 0.00 0.00 0.0000000E+00 0.14 0.00 0.00 0.00 0.0000000E+00 0.00 0.00 14.79 0.00 0.00 0.0000000E+00 0.00 0.00 9891.92 14.79 400.00 171.48 38.75 14.38
1 289 1 0.00 0.00 0.0000000E+00 0.12 0.00 0.00 0.00 0.0000000E+00 0.00 0.00 14.68 0.00 0.00 0.0000000E+00 0.00 0.00 9891.92 14.68 400.00 171.48 38.75 14.38
1 290 1 0.30 0.30 0.0000000E+00 0.08 0.30 0.00 0.00 0.0000000E+00 0.00 0.00 14.60 0.00 0.00 0.0000000E+00 0.00 0.00 9891.92 14.60 400.00 171.48 38.75 14.38
1 291 1 1.00 1.00 0.0000000E+00 0.05 0.76 0.00 0.00 0.0000000E+00 0.00 0.00 14.59 0.00 0.00 0.0000000E+00 0.00 0.00 9891.92 14.59 400.00 171.48 38.75 14.38
1 292 1 0.00 0.00 0.0000000E+00 0.05 0.04 0.00 0.00 0.0000000E+00 0.00 0.00 14.51 0.00 0.00 0.0000000E+00 0.00 0.00 9891.92 14.51 400.00 171.48 38.75 14.38
1 293 1 0.00 0.00 0.0000000E+00 0.03 0.00 0.00 0.00 0.0000000E+00 0.00 0.00 14.48 0.00 0.00 0.0000000E+00 0.00 0.00 9891.92 14.48 400.00 171.48 38.75 14.38
1 294 1 0.00 0.00 0.0000000E+00 0.04 0.00 0.00 0.00 0.0000000E+00 0.00 0.00 14.44 0.00 0.00 0.0000000E+00 0.00 0.00 9891.92 14.44 400.00 171.48 38.75 14.38
1 295 1 4.00 4.00 0.0000000E+00 1.43 2.31 0.00 0.00 0.0000000E+00 0.00 0.00 14.70 0.00 0.00 0.0000000E+00 0.00 0.00 9891.92 14.70 400.00 171.48 38.75 14.38
1 296 1 12.80 12.80 0.0000000E+00 0.70 0.83 0.00 0.00 0.0000000E+00 0.00 0.00 25.97 0.00 0.00 0.0000000E+00 0.00 0.00 9891.92 25.97 400.00 171.48 38.75 14.38
1 297 1 1.50 1.50 0.0000000E+00 1.54 1.80 0.00 0.00 0.0000000E+00 0.00 0.00 24.13 0.00 0.00 0.0000000E+00 0.00 0.00 9891.92 24.13 400.00 171.48 38.75 14.38
1 298 1 0.00 0.00 0.0000000E+00 1.51 1.77 0.00 0.00 0.0000000E+00 0.00 0.00 20.85 0.00 0.00 0.0000000E+00 0.00 0.00 9891.92 20.85 400.00 171.48 38.75 14.38
1 299 1 0.00 0.00 0.0000000E+00 1.09 0.70 0.00 0.00 0.0000000E+00 0.00 0.00 19.05 0.00 0.00 0.0000000E+00 0.00 0.00 9891.92 19.05 400.00 171.48 38.75 14.38
1 300 1 0.00 0.00 0.0000000E+00 1.17 0.41 0.00 0.00 0.0000000E+00 0.00 0.00 17.48 0.00 0.00 0.0000000E+00 0.00 0.00 9891.92 17.48 400.00 171.48 38.75 14.38
1 301 1 0.00 0.00 0.0000000E+00 0.59 0.00 0.00 0.00 0.0000000E+00 0.00 0.00 16.88 0.00 0.00 0.0000000E+00 0.00 0.00 9891.92 16.88 400.00 171.48 38.75 14.38
1 302 1 0.00 0.00 0.0000000E+00 0.90 0.00 0.00 0.00 0.0000000E+00 0.00 0.00 15.98 0.00 0.00 0.0000000E+00 0.00 0.00 9891.92 15.98 400.00 171.48 38.75 14.38
1 303 1 0.00 0.00 0.0000000E+00 0.50 0.00 0.00 0.00 0.0000000E+00 0.00 0.00 15.49 0.00 0.00 0.0000000E+00 0.00 0.00 9891.92 15.49 400.00 171.48 38.75 14.38
1 304 1 0.00 0.00 0.0000000E+00 0.51 0.00 0.00 0.00 0.0000000E+00 0.00 0.00 14.98 0.00 0.00 0.0000000E+00 0.00 0.00 9891.92 14.98 400.00 171.48 38.75 14.38
1 305 1 0.00 0.00 0.0000000E+00 0.18 0.00 0.00 0.00 0.0000000E+00 0.00 0.00 14.80 0.00 0.00 0.0000000E+00 0.00 0.00 9891.92 14.80 400.00 171.48 38.75 14.38
1 306 1 1.60 1.56 0.0000000E+00 0.24 0.78 0.00 0.00 0.0000000E+00 0.00 0.00 15.34 0.00 0.04 0.0000000E+00 0.00 0.00 9891.92 15.34 400.00 171.48 38.75 14.38
1 307 1 0.00 0.00 0.0000000E+00 0.17 0.00 0.00 0.00 0.0000000E+00 0.00 0.00 15.17 0.00 0.04 0.0000000E+00 0.00 0.00 9891.92 15.17 400.00 171.48 38.75 14.38
1 308 1 0.00 0.00 0.0000000E+00 0.16 0.00 0.00 0.00 0.0000000E+00 0.00 0.00 15.01 0.00 0.04 0.0000000E+00 0.00 0.00 9891.92 15.01 400.00 171.48 38.75 14.38
1 309 1 0.00 0.04 0.0000000E+00 0.23 0.02 0.00 0.00 0.0000000E+00 0.00 0.00 14.78 0.00 0.00 0.0000000E+00 0.00 0.00 9891.92 14.78 400.00 171.48 38.75 14.38
1 310 1 0.00 0.00 0.0000000E+00 0.06 0.00 0.00 0.00 0.0000000E+00 0.00 0.00 14.72 0.00 0.00 0.0000000E+00 0.00 0.00 9891.92 14.72 400.00 171.48 38.75 14.38
1 311 1 0.60 0.60 0.0000000E+00 0.05 0.60 0.00 0.00 0.0000000E+00 0.00 0.00 14.66 0.00 0.00 0.0000000E+00 0.00 0.00 9891.92 14.66 400.00 171.48 38.75 14.38
1 312 1 0.00 0.00 0.0000000E+00 0.04 0.00 0.00 0.00 0.0000000E+00 0.00 0.00 14.62 0.00 0.00 0.0000000E+00 0.00 0.00 9891.92 14.62 400.00 171.48 38.75 14.38
1 313 1 0.00 0.00 0.0000000E+00 0.04 0.00 0.00 0.00 0.0000000E+00 0.00 0.00 14.59 0.00 0.00 0.0000000E+00 0.00 0.00 9891.92 14.59 400.00 171.48 38.75 14.38
1 314 1 2.10 2.10 0.0000000E+00 0.32 1.36 0.00 0.00 0.0000000E+00 0.00 0.00 15.01 0.00 0.00 0.0000000E+00 0.00 0.00 9891.92 15.01 400.00 171.48 38.75 14.38
1 315 1 0.30 0.00 0.0000000E+00 0.13 0.00 0.00 0.00 0.0000000E+00 0.00 0.00 14.88 0.00 0.30 0.0000000E+00 0.00 0.00 9891.92 14.88 400.00 171.48 38.75 14.38
1 316 1 0.00 0.30 0.0000000E+00 0.09 0.30 0.00 0.00 0.0000000E+00 0.00 0.00 14.79 0.00 0.00 0.0000000E+00 0.00 0.00 9891.92 14.79 400.00 171.48 38.75 14.38
1 317 1 0.00 0.00 0.0000000E+00 0.09 0.00 0.00 0.00 0.0000000E+00 0.00 0.00 14.70 0.00 0.00 0.0000000E+00 0.00 0.00 9891.92 14.70 400.00 171.48 38.75 14.38
1 318 1 0.00 0.00 0.0000000E+00 0.05 0.00 0.00 0.00 0.0000000E+00 0.00 0.00 14.65 0.00 0.00 0.0000000E+00 0.00 0.00 9891.92 14.65 400.00 171.48 38.75 14.38
1 319 1 0.00 0.00 0.0000000E+00 0.06 0.00 0.00 0.00 0.0000000E+00 0.00 0.00 14.59 0.00 0.00 0.0000000E+00 0.00 0.00 9891.92 14.59 400.00 171.48 38.75 14.38
1 320 1 0.00 0.00 0.0000000E+00 0.04 0.00 0.00 0.00 0.0000000E+00 0.00 0.00 14.55 0.00 0.00 0.0000000E+00 0.00 0.00 9891.92 14.55 400.00 171.48 38.75 14.38
1 321 1 0.50 0.50 0.0000000E+00 0.04 0.50 0.00 0.00 0.0000000E+00 0.00 0.00 14.52 0.00 0.00 0.0000000E+00 0.00 0.00 9891.92 14.52 400.00 171.48 38.75 14.38
1 322 1 0.00 0.00 0.0000000E+00 0.03 0.00 0.00 0.00 0.0000000E+00 0.00 0.00 14.48 0.00 0.00 0.0000000E+00 0.00 0.00 9891.92 14.48 400.00 171.48 38.75 14.38
1 323 1 0.00 0.00 0.0000000E+00 0.02 0.00 0.00 0.00 0.0000000E+00 0.00 0.00 14.47 0.00 0.00 0.0000000E+00 0.00 0.00 9891.92 14.47 400.00 171.48 38.75 14.38
1 324 1 0.00 0.00 0.0000000E+00 0.02 0.00 0.00 0.00 0.0000000E+00 0.00 0.00 14.45 0.00 0.00 0.0000000E+00 0.00 0.00 9891.92 14.45 400.00 171.48 38.75 14.38
1 325 1 2.30 2.30 0.0000000E+00 0.27 1.00 0.00 0.00 0.0000000E+00 0.00 0.00 15.48 0.00 0.00 0.0000000E+00 0.00 0.00 9891.92 15.48 400.00 171.48 38.75 14.38
1 326 1 0.00 0.00 0.0000000E+00 0.16 0.36 0.00 0.00 0.0000000E+00 0.00 0.00 14.96 0.00 0.00 0.0000000E+00 0.00 0.00 9891.92 14.96 400.00 171.48 38.75 14.38
1 327 1 0.00 0.00 0.0000000E+00 0.05 0.02 0.00 0.00 0.0000000E+00 0.00 0.00 14.90 0.00 0.00 0.0000000E+00 0.00 0.00 9891.92 14.90 400.00 171.48 38.75 14.38
1 328 1 0.00 0.00 0.0000000E+00 0.06 0.00 0.00 0.00 0.0000000E+00 0.00 0.00 14.84 0.00 0.00 0.0000000E+00 0.00 0.00 9891.92 14.84 400.00 171.48 38.75 14.38
1 329 1 1.00 0.00 0.0000000E+00 0.06 0.00 0.00 0.00 0.0000000E+00 0.00 0.00 14.78 0.00 1.00 0.0000000E+00 0.00 0.00 9891.92 14.78 400.00 171.48 38.75 14.38
1 330 1 0.00 0.00 0.0000000E+00 0.08 0.00 0.00 0.00 0.0000000E+00 0.00 0.00 14.70 0.00 1.00 0.0000000E+00 0.00 0.00 9891.92 14.70 400.00 171.48 38.75 14.38
1 331 1 0.00 0.00 0.0000000E+00 0.04 0.00 0.00 0.00 0.0000000E+00 0.00 0.00 14.66 0.00 1.00 0.0000000E+00 0.00 0.00 9891.92 14.66 400.00 171.48 38.75 14.38
1 332 1 0.00 1.00 0.0000000E+00 0.08 0.81 0.00 0.00 0.0000000E+00 0.00 0.00 14.57 0.00 0.00 0.0000000E+00 0.00 0.00 9891.92 14.57 400.00 171.48 38.75 14.38
1 333 1 0.00 0.00 0.0000000E+00 0.06 0.00 0.00 0.00 0.0000000E+00 0.00 0.00 14.52 0.00 0.00 0.0000000E+00 0.00 0.00 9891.92 14.52 400.00 171.48 38.75 14.38
1 334 1 0.00 0.00 0.0000000E+00 0.02 0.00 0.00 0.00 0.0000000E+00 0.00 0.00 14.49 0.00 0.00 0.0000000E+00 0.00 0.00 9891.92 14.49 400.00 171.48 38.75 14.38
1 335 1 0.40 0.00 0.0000000E+00 0.01 0.00 0.00 0.00 0.0000000E+00 0.00 0.00 14.49 0.00 0.40 0.0000000E+00 0.00 0.00 9891.92 14.49 400.00 171.48 38.75 14.38
1 336 1 2.90 0.00 0.0000000E+00 0.03 0.00 0.00 0.00 0.0000000E+00 0.00 0.00 14.46 0.00 3.30 0.0000000E+00 0.00 0.00 9891.92 14.46 400.00 171.48 38.75 14.38
1 337 1 0.10 3.40 0.0000000E+00 0.42 0.99 0.00 0.00 0.0000000E+00 0.00 0.00 16.45 0.00 0.00 0.0000000E+00 0.00 0.00 9891.92 16.45 400.00 171.48 38.75 14.38
1 338 1 0.40 0.24 0.0000000E+00 0.17 0.27 0.00 0.00 0.0000000E+00 0.00 0.00 16.12 0.00 0.16 0.0000000E+00 0.00 0.00 9891.92 16.12 400.00 171.48 38.75 14.38
1 339 1 0.80 0.00 0.0000000E+00 0.12 0.17 0.00 0.00 0.0000000E+00 0.00 0.00 15.83 0.00 0.96 0.0000000E+00 0.00 0.00 9891.92 15.83 400.00 171.48 38.75 14.38
1 340 1 0.60 0.00 0.0000000E+00 0.15 0.22 0.00 0.00 0.0000000E+00 0.00 0.00 15.47 0.00 1.56 0.0000000E+00 0.00 0.00 9891.92 15.47 400.00 171.48 38.75 14.38
1 341 1 3.40 3.40 0.0000000E+00 0.35 0.55 0.00 0.00 0.0000000E+00 0.00 0.00 17.96 0.00 1.56 0.0000000E+00 0.00 0.00 9891.92 17.96 400.00 171.48 38.75 14.38
1 342 1 0.00 0.13 0.0000000E+00 0.40 0.41 0.00 0.00 0.0000000E+00 0.00 0.00 17.21 0.00 1.43 0.0000000E+00 0.00 0.00 9891.92 17.21 400.00 171.48 38.75 14.38
1 343 1 0.90 0.90 0.0000000E+00 0.30 0.39 0.00 0.00 0.0000000E+00 0.00 0.00 17.43 0.00 1.43 0.0000000E+00 0.00 0.00 9891.92 17.43 400.00 171.48 38.75 14.38
1 344 1 0.00 0.00 0.0000000E+00 0.46 0.38 0.00 0.00 0.0000000E+00 0.00 0.00 16.58 0.00 1.43 0.0000000E+00 0.00 0.00 9891.92 16.58 400.00 171.48 38.75 14.38
1 345 1 0.00 0.83 0.0000000E+00 0.84 0.75 0.00 0.00 0.0000000E+00 0.00 0.00 15.82 0.00 0.60 0.0000000E+00 0.00 0.00 9891.92 15.82 400.00 171.48 38.75 14.38
1 346 1 0.50 1.10 0.0000000E+00 0.27 0.64 0.00 0.00 0.0000000E+00 0.00 0.00 16.01 0.00 0.00 0.0000000E+00 0.00 0.00 9891.92 16.01 400.00 171.48 38.75 14.38
1 347 1 0.30 0.00 0.0000000E+00 0.21 0.19 0.00 0.00 0.0000000E+00 0.00 0.00 15.61 0.00 0.30 0.0000000E+00 0.00 0.00 9891.92 15.61 400.00 171.48 38.75 14.38
1 348 1 0.10 0.00 0.0000000E+00 0.13 0.00 0.00 0.00 0.0000000E+00 0.00 0.00 15.48 0.00 0.40 0.0000000E+00 0.00 0.00 9891.92 15.48 400.00 171.48 38.75 14.38
1 349 1 2.40 2.80 0.0000000E+00 0.45 0.82 0.00 0.00 0.0000000E+00 0.00 0.00 17.02 0.00 0.00 0.0000000E+00 0.00 0.00 9891.92 17.02 400.00 171.48 38.75 14.38
1 350 1 0.70 0.00 0.0000000E+00 0.21 0.21 0.00 0.00 0.0000000E+00 0.00 0.00 16.59 0.00 0.70 0.0000000E+00 0.00 0.00 9891.92 16.59 400.00 171.48 38.75 14.38
1 351 1 2.00 0.00 0.0000000E+00 0.24 0.23 0.00 0.00 0.0000000E+00 0.00 0.00 16.13 0.00 2.70 0.0000000E+00 0.00 0.00 9891.92 16.13 400.00 171.48 38.75 14.38
1 352 1 0.30 0.00 0.0000000E+00 0.09 0.08 0.00 0.00 0.0000000E+00 0.00 0.00 15.95 0.00 3.00 0.0000000E+00 0.00 0.00 9891.92 15.95 400.00 171.48 38.75 14.38
1 353 1 0.70 0.00 0.0000000E+00 0.16 0.16 0.00 0.00 0.0000000E+00 0.00 0.00 15.63 0.00 3.70 0.0000000E+00 0.00 0.00 9891.92 15.63 400.00 171.48 38.75 14.38
1 354 1 0.00 0.00 0.0000000E+00 0.12 0.01 0.00 0.00 0.0000000E+00 0.00 0.00 15.50 0.00 3.70 0.0000000E+00 0.00 0.00 9891.92 15.50 400.00 171.48 38.75 14.38
1 355 1 1.10 0.00 0.0000000E+00 0.16 0.00 0.00 0.00 0.0000000E+00 0.00 0.00 15.34 0.00 4.80 0.0000000E+00 0.00 0.00 9891.92 15.34 400.00 171.48 38.75 14.38
1 356 1 0.10 0.00 0.0000000E+00 0.09 0.00 0.00 0.00 0.0000000E+00 0.00 0.00 15.25 0.00 4.90 0.0000000E+00 0.00 0.00 9891.92 15.25 400.00 171.48 38.75 14.38
1 357 1 0.20 0.00 0.0000000E+00 0.04 0.00 0.00 0.00 0.0000000E+00 0.00 0.00 15.21 0.00 5.10 0.0000000E+00 0.00 0.00 9891.92 15.21 400.00 171.48 38.75 14.38
1 358 1 0.00 0.00 0.0000000E+00 0.04 0.00 0.00 0.00 0.0000000E+00 0.00 0.00 15.17 0.00 5.10 0.0000000E+00 0.00 0.00 9891.92 15.17 400.00 171.48 38.75 14.38
1 359 1 0.00 0.00 0.0000000E+00 0.04 0.00 0.00 0.00 0.0000000E+00 0.00 0.00 15.13 0.00 5.10 0.0000000E+00 0.00 0.00 9891.92 15.13 400.00 171.48 38.75 14.38
1 360 1 0.00 0.00 0.0000000E+00 0.17 0.00 0.00 0.00 0.0000000E+00 0.00 0.00 14.96 0.00 5.10 0.0000000E+00 0.00 0.00 9891.92 14.96 400.00 171.48 38.75 14.38
1 361 1 2.60 0.52 0.0000000E+00 0.15 0.26 0.00 0.00 0.0000000E+00 0.00 0.00 15.07 0.00 7.18 0.0000000E+00 0.00 0.00 9891.92 15.07 400.00 171.48 38.75 14.38
1 362 1 0.00 0.00 0.0000000E+00 0.09 0.00 0.00 0.00 0.0000000E+00 0.00 0.00 14.98 0.00 7.18 0.0000000E+00 0.00 0.00 9891.92 14.98 400.00 171.48 38.75 14.38
1 363 1 0.00 0.00 0.0000000E+00 0.03 0.00 0.00 0.00 0.0000000E+00 0.00 0.00 14.95 0.00 7.18 0.0000000E+00 0.00 0.00 9891.92 14.95 400.00 171.48 38.75 14.38
1 364 1 0.60 0.60 0.0000000E+00 0.10 0.25 0.00 0.00 0.0000000E+00 0.00 0.00 15.20 0.00 7.18 0.0000000E+00 0.00 0.00 9891.92 15.20 400.00 171.48 38.75 14.38
1 365 1 0.50 0.00 0.0000000E+00 0.10 0.05 0.00 0.00 0.0000000E+00 0.00 0.00 15.05 0.00 7.68 0.0000000E+00 0.00 0.00 9891.92 15.05 400.00 171.48 38.75 14.38
1 1 2 3.00 0.00 0.0000000E+00 0.05 0.00 0.00 0.00 0.0000000E+00 0.00 0.00 15.00 0.00 10.68 0.0000000E+00 0.00 0.00 9891.92 15.00 400.00 171.48 38.75 14.38
1 2 2 0.50 0.00 0.0000000E+00 0.13 0.00 0.00 0.00 0.0000000E+00 0.00 0.00 14.87 0.00 11.18 0.0000000E+00 0.00 0.00 9891.92 14.87 400.00 171.48 38.75 14.38
1 3 2 0.20 0.00 0.0000000E+00 0.13 0.00 0.00 0.00 0.0000000E+00 0.00 0.00 14.74 0.00 11.38 0.0000000E+00 0.00 0.00 9891.92 14.74 400.00 171.48 38.75 14.38
1 4 2 0.00 0.00 0.0000000E+00 0.05 0.00 0.00 0.00 0.0000000E+00 0.00 0.00 14.69 0.00 11.38 0.0000000E+00 0.00 0.00 9891.92 14.69 400.00 171.48 38.75 14.38
1 5 2 0.00 0.00 0.0000000E+00 0.05 0.00 0.00 0.00 0.0000000E+00 0.00 0.00 14.64 0.00 11.38 0.0000000E+00 0.00 0.00 9891.92 14.64 400.00 171.48 38.75 14.38
1 6 2 0.00 0.00 0.0000000E+00 0.04 0.00 0.00 0.00 0.0000000E+00 0.00 0.00 14.60 0.00 11.38 0.0000000E+00 0.00 0.00 9891.92 14.60 400.00 171.48 38.75 14.38
1 7 2 0.00 0.00 0.0000000E+00 0.02 0.00 0.00 0.00 0.0000000E+00 0.00 0.00 14.59 0.00 11.38 0.0000000E+00 0.00 0.00 9891.92 14.59 400.00 171.48 38.75 14.38
1 8 2 0.00 0.00 0.0000000E+00 0.03 0.00 0.00 0.00 0.0000000E+00 0.00 0.00 14.56 0.00 11.38 0.0000000E+00 0.00 0.00 9891.92 14.56 400.00 171.48 38.75 14.38
1 9 2 0.00 1.80 0.0000000E+00 0.22 0.90 0.00 0.00 0.0000000E+00 0.00 0.00 15.24 0.00 9.58 0.0000000E+00 0.00 0.00 9891.92 15.24 400.00 171.48 38.75 14.38
1 10 2 0.00 0.00 0.0000000E+00 0.14 0.00 0.00 0.00 0.0000000E+00 0.00 0.00 15.10 0.00 9.58 0.0000000E+00 0.00 0.00 9891.92 15.10 400.00 171.48 38.75 14.38
1 11 2 0.00 0.00 0.0000000E+00 0.09 0.00 0.00 0.00 0.0000000E+00 0.00 0.00 15.01 0.00 9.58 0.0000000E+00 0.00 0.00 9891.92 15.01 400.00 171.48 38.75 14.38
1 12 2 0.00 0.00 0.0000000E+00 0.09 0.00 0.00 0.00 0.0000000E+00 0.00 0.00 14.92 0.00 9.58 0.0000000E+00 0.00 0.00 9891.92 14.92 400.00 171.48 38.75 14.38
1 13 2 0.00 0.00 0.0000000E+00 0.09 0.00 0.00 0.00 0.0000000E+00 0.00 0.00 14.82 0.00 9.58 0.0000000E+00 0.00 0.00 9891.92 14.82 400.00 171.48 38.75 14.38
1 14 2 0.00 4.92 0.0000000E+00 0.47 0.66 0.00 0.00 0.0000000E+00 0.00 0.00 18.60 0.00 4.66 0.0000000E+00 0.00 0.00 9891.92 18.60 400.00 171.48 38.75 14.38
1 15 2 0.00 0.00 0.0000000E+00 0.32 0.33 0.00 0.00 0.0000000E+00 0.00 0.00 17.95 0.00 4.66 0.0000000E+00 0.00 0.00 9891.92 17.95 400.00 171.48 38.75 14.38
1 16 2 0.00 0.00 0.0000000E+00 0.37 0.34 0.00 0.00 0.0000000E+00 0.00 0.00 17.25 0.00 4.66 0.0000000E+00 0.00 0.00 9891.92 17.25 400.00 171.48 38.75 14.38
1 17 2 0.00 0.00 0.0000000E+00 0.24 0.21 0.00 0.00 0.0000000E+00 0.00 0.00 16.79 0.00 4.66 0.0000000E+00 0.00 0.00 9891.92 16.79 400.00 171.48 38.75 14.38
1 18 2 0.00 0.00 0.0000000E+00 0.36 0.31 0.00 0.00 0.0000000E+00 0.00 0.00 16.13 0.00 4.66 0.0000000E+00 0.00 0.00 9891.92 16.13 400.00 171.48 38.75 14.38
1 19 2 0.00 0.00 0.0000000E+00 0.37 0.16 0.00 0.00 0.0000000E+00 0.00 0.00 15.60 0.00 4.66 0.0000000E+00 0.00 0.00 9891.92 15.60 400.00 171.48 38.75 14.38
1 20 2 0.00 0.00 0.0000000E+00 0.17 0.00 0.00 0.00 0.0000000E+00 0.00 0.00 15.43 0.00 4.66 0.0000000E+00 0.00 0.00 9891.92 15.43 400.00 171.48 38.75 14.38
1 21 2 0.00 0.00 0.0000000E+00 0.31 0.00 0.00 0.00 0.0000000E+00 0.00 0.00 15.12 0.00 4.66 0.0000000E+00 0.00 0.00 9891.92 15.12 400.00 171.48 38.75 14.38
1 22 2 0.00 0.00 0.0000000E+00 0.14 0.00 0.00 0.00 0.0000000E+00 0.00 0.00 14.99 0.00 4.66 0.0000000E+00 0.00 0.00 9891.92 14.99 400.00 171.48 38.75 14.38
1 23 2 0.00 0.00 0.0000000E+00 0.07 0.00 0.00 0.00 0.0000000E+00 0.00 0.00 14.91 0.00 4.66 0.0000000E+00 0.00 0.00 9891.92 14.91 400.00 171.48 38.75 14.38
1 24 2 0.00 0.00 0.0000000E+00 0.06 0.00 0.00 0.00 0.0000000E+00 0.00 0.00 14.85 0.00 4.66 0.0000000E+00 0.00 0.00 9891.92 14.85 400.00 171.48 38.75 14.38
1 25 2 2.90 0.00 0.0000000E+00 0.05 0.00 0.00 0.00 0.0000000E+00 0.00 0.00 14.80 0.00 7.56 0.0000000E+00 0.00 0.00 9891.92 14.80 400.00 171.48 38.75 14.38
1 26 2 0.50 0.00 0.0000000E+00 0.03 0.00 0.00 0.00 0.0000000E+00 0.00 0.00 14.77 0.00 8.06 0.0000000E+00 0.00 0.00 9891.92 14.77 400.00 171.48 38.75 14.38
1 27 2 0.00 0.00 0.0000000E+00 0.06 0.00 0.00 0.00 0.0000000E+00 0.00 0.00 14.71 0.00 8.06 0.0000000E+00 0.00 0.00 9891.92 14.71 400.00 171.48 38.75 14.38
1 28 2 0.10 0.00 0.0000000E+00 0.03 0.00 0.00 0.00 0.0000000E+00 0.00 0.00 14.68 0.00 8.16 0.0000000E+00 0.00 0.00 9891.92 14.68 400.00 171.48 38.75 14.38
1 29 2 0.20 0.00 0.0000000E+00 0.03 0.00 0.00 0.00 0.0000000E+00 0.00 0.00 14.65 0.00 8.36 0.0000000E+00 0.00 0.00 9891.92 14.65 400.00 171.48 38.75 14.38
1 30 2 0.00 0.00 0.0000000E+00 0.02 0.00 0.00 0.00 0.0000000E+00 0.00 0.00 14.62 0.00 8.36 0.0000000E+00 0.00 0.00 9891.92 14.62 400.00 171.48 38.75 14.38
1 31 2 0.80 0.00 0.0000000E+00 0.04 0.00 0.00 0.00 0.0000000E+00 0.00 0.00 14.59 0.00 9.16 0.0000000E+00 0.00 0.00 9891.92 14.59 400.00 171.48 38.75 14.38
1 32 2 0.60 0.00 0.0000000E+00 0.02 0.00 0.00 0.00 0.0000000E+00 0.00 0.00 14.57 0.00 9.76 0.0000000E+00 0.00 0.00 9891.92 14.57 400.00 171.48 38.75 14.38
1 33 2 1.10 0.00 0.0000000E+00 0.02 0.00 0.00 0.00 0.0000000E+00 0.00 0.00 14.55 0.00 10.86 0.0000000E+00 0.00 0.00 9891.92 14.55 400.00 171.48 38.75 14.38
1 34 2 0.50 0.00 0.0000000E+00 0.02 0.00 0.00 0.00 0.0000000E+00 0.00 0.00 14.53 0.00 11.36 0.0000000E+00 0.00 0.00 9891.92 14.53 400.00 171.48 38.75 14.38
1 35 2 0.60 0.00 0.0000000E+00 0.02 0.00 0.00 0.00 0.0000000E+00 0.00 0.00 14.51 0.00 11.96 0.0000000E+00 0.00 0.00 9891.92 14.51 400.00 171.48 38.75 14.38
1 36 2 0.00 0.00 0.0000000E+00 0.02 0.00 0.00 0.00 0.0000000E+00 0.00 0.00 14.48 0.00 11.96 0.0000000E+00 0.00 0.00 9891.92 14.48 400.00 171.48 38.75 14.38
1 37 2 0.00 0.00 0.0000000E+00 0.02 0.00 0.00 0.00 0.0000000E+00 0.00 0.00 14.46 0.00 11.96 0.0000000E+00 0.00 0.00 9891.92 14.46 400.00 171.48 38.75 14.38
1 38 2 1.70 1.13 0.0000000E+00 0.11 0.45 0.00 0.00 0.0000000E+00 0.00 0.00 15.04 0.00 12.53 0.0000000E+00 0.00 0.00 9891.92 15.04 400.00 171.48 38.75 14.38
1 39 2 1.00 1.00 0.0000000E+00 0.16 0.39 0.00 0.00 0.0000000E+00 0.00 0.00 15.50 0.00 12.53 0.0000000E+00 0.00 0.00 9891.92 15.50 400.00 171.48 38.75 14.38
1 40 2 0.00 6.35 0.0000000E+00 0.97 1.14 0.00 0.00 0.0000000E+00 0.00 0.00 19.73 0.00 6.18 0.0000000E+00 0.00 0.00 9891.92 19.73 400.00 171.48 38.75 14.38
1 41 2 0.00 0.00 0.0000000E+00 0.98 0.87 0.00 0.00 0.0000000E+00 0.00 0.00 17.87 0.00 6.18 0.0000000E+00 0.00 0.00 9891.92 17.87 400.00 171.48 38.75 14.38
1 42 2 0.00 0.00 0.0000000E+00 0.61 0.42 0.00 0.00 0.0000000E+00 0.00 0.00 16.84 0.00 6.18 0.0000000E+00 0.00 0.00 9891.92 16.84 400.00 171.48 38.75 14.38
1 43 2 0.00 0.00 0.0000000E+00 0.24 0.16 0.00 0.00 0.0000000E+00 0.00 0.00 16.44 0.00 6.18 0.0000000E+00 0.00 0.00 9891.92 16.44 400.00 171.48 38.75 14.38
1 44 2 0.00 0.00 0.0000000E+00 0.36 0.10 0.00 0.00 0.0000000E+00 0.00 0.00 15.98 0.00 6.18 0.0000000E+00 0.00 0.00 9891.92 15.98 400.00 171.48 38.75 14.38
1 45 2 0.00 0.00 0.0000000E+00 0.23 0.00 0.00 0.00 0.0000000E+00 0.00 0.00 15.75 0.00 6.18 0.0000000E+00 0.00 0.00 9891.92 15.75 400.00 171.48 38.75 14.38
1 46 2 0.00 6.18 0.0000000E+00 1.03 1.21 0.00 0.00 0.0000000E+00 0.00 0.00 19.69 0.00 0.00 0.0000000E+00 0.00 0.00 9891.92 19.69 400.00 171.48 38.75 14.38
1 47 2 0.00 0.00 0.0000000E+00 0.65 0.56 0.00 0.00 0.0000000E+00 0.00 0.00 18.48 0.00 0.00 0.0000000E+00 0.00 0.00 9891.92 18.48 400.00 171.48 38.75 14.38
1 48 2 0.00 0.00 0.0000000E+00 0.89 0.65 0.00 0.00 0.0000000E+00 0.00 0.00 16.93 0.00 0.00 0.0000000E+00 0.00 0.00 9891.92 16.93 400.00 171.48 38.75 14.38
1 49 2 0.00 0.00 0.0000000E+00 0.27 0.18 0.00 0.00 0.0000000E+00 0.00 0.00 16.48 0.00 0.00 0.0000000E+00 0.00 0.00 9891.92 16.48 400.00 171.48 38.75 14.38
1 50 2 0.00 0.00 0.0000000E+00 0.36 0.11 0.00 0.00 0.0000000E+00 0.00 0.00 16.01 0.00 0.00 0.0000000E+00 0.00 0.00 9891.92 16.01 400.00 171.48 38.75 14.38
1 51 2 0.70 0.00 0.0000000E+00 0.26 0.00 0.00 0.00 0.0000000E+00 0.00 0.00 15.75 0.00 0.70 0.0000000E+00 0.00 0.00 9891.92 15.75 400.00 171.48 38.75 14.38
1 52 2 0.00 0.00 0.0000000E+00 0.28 0.00 0.00 0.00 0.0000000E+00 0.00 0.00 15.47 0.00 0.70 0.0000000E+00 0.00 0.00 9891.92 15.47 400.00 171.48 38.75 14.38
1 53 2 6.70 2.64 0.0000000E+00 0.46 0.82 0.00 0.00 0.0000000E+00 0.00 0.00 16.83 0.00 4.76 0.0000000E+00 0.00 0.00 9891.92 16.83 400.00 171.48 38.75 14.38
1 54 2 0.00 0.00 0.0000000E+00 0.26 0.21 0.00 0.00 0.0000000E+00 0.00 0.00 16.36 0.00 4.76 0.0000000E+00 0.00 0.00 9891.92 16.36 400.00 171.48 38.75 14.38
1 55 2 0.00 0.00 0.0000000E+00 0.31 0.21 0.00 0.00 0.0000000E+00 0.00 0.00 15.85 0.00 4.76 0.0000000E+00 0.00 0.00 9891.92 15.85 400.00 171.48 38.75 14.38
1 56 2 0.00 4.76 0.0000000E+00 0.83 1.03 0.00 0.00 0.0000000E+00 0.00 0.00 18.76 0.00 0.00 0.0000000E+00 0.00 0.00 9891.92 18.76 400.00 171.48 38.75 14.38
1 57 2 0.00 0.00 0.0000000E+00 0.45 0.38 0.00 0.00 0.0000000E+00 0.00 0.00 17.93 0.00 0.00 0.0000000E+00 0.00 0.00 9891.92 17.93 400.00 171.48 38.75 14.38
1 58 2 0.60 0.00 0.0000000E+00 0.41 0.32 0.00 0.00 0.0000000E+00 0.00 0.00 17.20 0.00 0.60 0.0000000E+00 0.00 0.00 9891.92 17.20 400.00 171.48 38.75 14.38
1 59 2 1.10 1.70 0.0000000E+00 0.69 0.97 0.00 0.00 0.0000000E+00 0.00 0.00 17.24 0.00 0.00 0.0000000E+00 0.00 0.00 9891.92 17.24 400.00 171.48 38.75 14.38
1 60 2 0.00 0.00 0.0000000E+00 1.17 0.59 0.00 0.00 0.0000000E+00 0.00 0.00 15.48 0.00 0.00 0.0000000E+00 0.00 0.00 9891.92 15.48 400.00 171.48 38.75 14.38
1 61 2 0.00 0.00 0.0000000E+00 0.26 0.00 0.00 0.00 0.0000000E+00 0.00 0.00 15.22 0.00 0.00 0.0000000E+00 0.00 0.00 9891.92 15.22 400.00 171.48 38.75 14.38
1 62 2 2.10 1.40 0.0000000E+00 0.45 0.70 0.00 0.00 0.0000000E+00 0.00 0.00 15.47 0.00 0.70 0.0000000E+00 0.00 0.00 9891.92 15.47 400.00 171.48 38.75 14.38
1 63 2 1.90 0.00 0.0000000E+00 0.23 0.00 0.00 0.00 0.0000000E+00 0.00 0.00 15.24 0.00 2.60 0.0000000E+00 0.00 0.00 9891.92 15.24 400.00 171.48 38.75 14.38
1 64 2 0.40 0.40 0.0000000E+00 0.20 0.20 0.00 0.00 0.0000000E+00 0.00 0.00 15.03 0.00 2.60 0.0000000E+00 0.00 0.00 9891.92 15.03 400.00 171.48 38.75 14.38
1 65 2 0.00 2.60 0.0000000E+00 0.58 1.59 0.00 0.00 0.0000000E+00 0.00 0.00 15.47 0.00 0.00 0.0000000E+00 0.00 0.00 9891.92 15.47 400.00 171.48 38.75 14.38
1 66 2 0.00 0.00 0.0000000E+00 0.40 0.01 0.00 0.00 0.0000000E+00 0.00 0.00 15.05 0.00 0.00 0.0000000E+00 0.00 0.00 9891.92 15.05 400.00 171.48 38.75 14.38
1 67 2 0.00 0.00 0.0000000E+00 0.26 0.00 0.00 0.00 0.0000000E+00 0.00 0.00 14.79 0.00 0.00 0.0000000E+00 0.00 0.00 9891.92 14.79 400.00 171.48 38.75 14.38
1 68 2 0.00 0.00 0.0000000E+00 0.08 0.00 0.00 0.00 0.0000000E+00 0.00 0.00 14.70 0.00 0.00 0.0000000E+00 0.00 0.00 9891.92 14.70 400.00 171.48 38.75 14.38
1 69 2 1.80 0.00 0.0000000E+00 0.06 0.00 0.00 0.00 0.0000000E+00 0.00 0.00 14.65 0.00 1.80 0.0000000E+00 0.00 0.00 9891.92 14.65 400.00 171.48 38.75 14.38
1 70 2 0.60 2.40 0.0000000E+00 0.37 1.32 0.00 0.00 0.0000000E+00 0.00 0.00 15.35 0.00 0.00 0.0000000E+00 0.00 0.00 9891.92 15.35 400.00 171.48 38.75 14.38
1 71 2 0.00 0.00 0.0000000E+00 0.17 0.14 0.00 0.00 0.0000000E+00 0.00 0.00 15.04 0.00 0.00 0.0000000E+00 0.00 0.00 9891.92 15.04 400.00 171.48 38.75 14.38
1 72 2 0.00 0.00 0.0000000E+00 0.27 0.00 0.00 0.00 0.0000000E+00 0.00 0.00 14.77 0.00 0.00 0.0000000E+00 0.00 0.00 9891.92 14.77 400.00 171.48 38.75 14.38
1 73 2 0.60 0.40 0.0000000E+00 0.10 0.20 0.00 0.00 0.0000000E+00 0.00 0.00 14.67 0.00 0.20 0.0000000E+00 0.00 0.00 9891.92 14.67 400.00 171.48 38.75 14.38
1 74 2 0.00 0.20 0.0000000E+00 0.06 0.20 0.00 0.00 0.0000000E+00 0.00 0.00 14.61 0.00 0.00 0.0000000E+00 0.00 0.00 9891.92 14.61 400.00 171.48 38.75 14.38
1 75 2 0.00 0.00 0.0000000E+00 0.08 0.00 0.00 0.00 0.0000000E+00 0.00 0.00 14.53 0.00 0.00 0.0000000E+00 0.00 0.00 9891.92 14.53 400.00 171.48 38.75 14.38
1 76 2 0.00 0.00 0.0000000E+00 0.04 0.00 0.00 0.00 0.0000000E+00 0.00 0.00 14.49 0.00 0.00 0.0000000E+00 0.00 0.00 9891.92 14.49 400.00 171.48 38.75 14.38
1 77 2 0.60 0.60 0.0000000E+00 0.03 0.60 0.00 0.00 0.0000000E+00 0.00 0.00 14.46 0.00 0.00 0.0000000E+00 0.00 0.00 9891.92 14.46 400.00 171.48 38.75 14.38
1 78 2 0.00 0.00 0.0000000E+00 0.02 0.00 0.00 0.00 0.0000000E+00 0.00 0.00 14.44 0.00 0.00 0.0000000E+00 0.00 0.00 9891.92 14.44 400.00 171.48 38.75 14.38
1 79 2 0.70 0.00 0.0000000E+00 0.02 0.00 0.00 0.00 0.0000000E+00 0.00 0.00 14.42 0.00 0.70 0.0000000E+00 0.00 0.00 9891.92 14.42 400.00 171.48 38.75 14.38
1 80 2 0.00 0.70 0.0000000E+00 0.01 0.66 0.00 0.00 0.0000000E+00 0.00 0.00 14.41 0.00 0.00 0.0000000E+00 0.00 0.00 9891.92 14.41 400.00 171.48 38.75 14.38
1 81 2 0.00 0.00 0.0000000E+00 0.01 0.00 0.00 0.00 0.0000000E+00 0.00 0.00 14.41 0.00 0.00 0.0000000E+00 0.00 0.00 9891.92 14.41 400.00 171.48 38.75 14.38
1 82 2 0.60 0.60 0.0000000E+00 0.00 0.60 0.00 0.00 0.0000000E+00 0.00 0.00 14.40 0.00 0.00 0.0000000E+00 0.00 0.00 9891.92 14.40 400.00 171.48 38.75 14.38
1 83 2 0.00 0.00 0.0000000E+00 0.00 0.00 0.00 0.00 0.0000000E+00 0.00 0.00 14.40 0.00 0.00 0.0000000E+00 0.00 0.00 9891.92 14.40 400.00 171.48 38.75 14.38
1 84 2 4.50 4.50 0.0000000E+00 0.88 1.77 0.00 0.00 0.0000000E+00 0.00 0.00 16.24 0.00 0.00 0.0000000E+00 0.00 0.00 9891.92 16.24 400.00 171.48 38.75 14.38
1 85 2 0.00 0.00 0.0000000E+00 0.63 0.56 0.00 0.00 0.0000000E+00 0.00 0.00 15.05 0.00 0.00 0.0000000E+00 0.00 0.00 9891.92 15.05 400.00 171.48 38.75 14.38
1 86 2 0.00 0.00 0.0000000E+00 0.12 0.00 0.00 0.00 0.0000000E+00 0.00 0.00 14.93 0.00 0.00 0.0000000E+00 0.00 0.00 9891.92 14.93 400.00 171.48 38.75 14.38
1 87 2 0.00 0.00 0.0000000E+00 0.12 0.00 0.00 0.00 0.0000000E+00 0.00 0.00 14.81 0.00 0.00 0.0000000E+00 0.00 0.00 9891.92 14.81 400.00 171.48 38.75 14.38
1 88 2 10.00 10.00 0.0000000E+00 0.87 1.02 0.00 0.00 0.0000000E+00 0.00 0.00 22.93 0.00 0.00 0.0000000E+00 0.00 0.00 9891.92 22.93 400.00 171.48 38.75 14.38
1 89 2 0.30 0.30 0.0000000E+00 1.15 1.34 0.00 0.00 0.0000000E+00 0.00 0.00 20.74 0.00 0.00 0.0000000E+00 0.00 0.00 9891.92 20.74 400.00 171.48 38.75 14.38
1 90 2 4.30 4.30 0.0000000E+00 1.09 1.27 0.00 0.00 0.0000000E+00 0.00 0.00 22.68 0.00 0.00 0.0000000E+00 0.00 0.00 9891.92 22.68 400.00 171.48 38.75 14.38
1 91 2 2.50 2.00 0.0000000E+00 0.83 0.97 0.00 0.00 0.0000000E+00 0.00 0.00 22.88 0.00 0.50 0.0000000E+00 0.00 0.00 9891.92 22.88 400.00 171.48 38.75 14.38
1 92 2 0.60 0.60 0.0000000E+00 1.14 1.33 0.00 0.00 0.0000000E+00 0.00 0.00 21.01 0.00 0.50 0.0000000E+00 0.00 0.00 9891.92 21.01 400.00 171.48 38.75 14.38
1 93 2 7.40 7.90 0.0000000E+00 1.25 1.46 0.00 0.00 0.0000000E+00 0.00 0.00 26.20 0.00 0.00 0.0000000E+00 0.00 0.00 9891.92 26.20 400.00 171.48 38.75 14.38
1 94 2 1.30 1.30 0.0000000E+00 1.46 1.68 0.00 0.00 0.0000000E+00 0.00 0.00 24.36 0.00 0.00 0.0000000E+00 0.00 0.00 9891.92 24.36 400.00 171.48 38.75 14.38
1 95 2 0.00 0.00 0.0000000E+00 1.44 1.04 0.00 0.00 0.0000000E+00 0.00 0.00 21.89 0.00 0.00 0.0000000E+00 0.00 0.00 9891.92 21.89 400.00 171.48 38.75 14.38
1 96 2 0.00 0.00 0.0000000E+00 1.23 0.35 0.00 0.00 0.0000000E+00 0.00 0.00 20.30 0.00 0.00 0.0000000E+00 0.00 0.00 9891.92 20.30 400.00 171.48 38.75 14.38
1 97 2 0.00 0.00 0.0000000E+00 1.95 0.00 0.00 0.00 0.0000000E+00 0.00 0.00 18.35 0.00 0.00 0.0000000E+00 0.00 0.00 9891.92 18.35 400.00 171.48 38.75 14.38
1 98 2 0.00 0.00 0.0000000E+00 1.21 0.00 0.00 0.00 0.0000000E+00 0.00 0.00 17.15 0.00 0.00 0.0000000E+00 0.00 0.00 9891.92 17.15 400.00 171.48 38.75 14.38
1 99 2 0.00 0.00 0.0000000E+00 0.69 0.00 0.00 0.00 0.0000000E+00 0.00 0.00 16.46 0.00 0.00 0.0000000E+00 0.00 0.00 9891.92 16.46 400.00 171.48 38.75 14.38
1 100 2 0.00 0.00 0.0000000E+00 0.40 0.00 0.00 0.00 0.0000000E+00 0.00 0.00 16.05 0.00 0.00 0.0000000E+00 0.00 0.00 9891.92 16.05 400.00 171.48 38.75 14.38
1 101 2 6.30 6.30 0.0000000E+00 1.04 1.26 0.00 0.00 0.0000000E+00 0.00 0.00 20.06 0.00 0.00 0.0000000E+00 0.00 0.00 9891.92 20.06 400.00 171.48 38.75 14.38
1 102 2 0.00 0.00 0.0000000E+00 0.82 0.79 0.00 0.00 0.0000000E+00 0.00 0.00 18.45 0.00 0.00 0.0000000E+00 0.00 0.00 9891.92 18.45 400.00 171.48 38.75 14.38
1 103 2 0.00 0.00 0.0000000E+00 1.33 0.78 0.00 0.00 0.0000000E+00 0.00 0.00 16.33 0.00 0.00 0.0000000E+00 0.00 0.00 9891.92 16.33 400.00 171.48 38.75 14.38
1 104 2 2.70 2.70 0.0000000E+00 0.89 1.66 0.00 0.00 0.0000000E+00 0.00 0.00 16.48 0.00 0.00 0.0000000E+00 0.00 0.00 9891.92 16.48 400.00 171.48 38.75 14.38
1 105 2 6.40 5.00 0.0000000E+00 1.26 1.46 0.00 0.00 0.0000000E+00 0.00 0.00 18.76 0.00 1.40 0.0000000E+00 0.00 0.00 9891.92 18.76 400.00 171.48 38.75 14.38
1 106 2 2.80 4.20 0.0000000E+00 0.95 1.11 0.00 0.00 0.0000000E+00 0.00 0.00 20.90 0.00 0.00 0.0000000E+00 0.00 0.00 9891.92 20.90 400.00 171.48 38.75 14.38
1 107 2 0.00 0.00 0.0000000E+00 1.80 1.42 0.00 0.00 0.0000000E+00 0.00 0.00 17.69 0.00 0.00 0.0000000E+00 0.00 0.00 9891.92 17.69 400.00 171.48 38.75 14.38
1 108 2 0.00 0.00 0.0000000E+00 0.91 0.20 0.00 0.00 0.0000000E+00 0.00 0.00 16.58 0.00 0.00 0.0000000E+00 0.00 0.00 9891.92 16.58 400.00 171.48 38.75 14.38
1 109 2 0.00 0.00 0.0000000E+00 0.90 0.00 0.00 0.00 0.0000000E+00 0.00 0.00 15.68 0.00 0.00 0.0000000E+00 0.00 0.00 9891.92 15.68 400.00 171.48 38.75 14.38
1 110 2 0.00 0.00 0.0000000E+00 0.48 0.00 0.00 0.00 0.0000000E+00 0.00 0.00 15.21 0.00 0.00 0.0000000E+00 0.00 0.00 9891.92 15.21 400.00 171.48 38.75 14.38
1 111 2 0.00 0.00 0.0000000E+00 0.26 0.00 0.00 0.00 0.0000000E+00 0.00 0.00 14.94 0.00 0.00 0.0000000E+00 0.00 0.00 9891.92 14.94 400.00 171.48 38.75 14.38
1 112 2 0.00 0.00 0.0000000E+00 0.19 0.00 0.00 0.00 0.0000000E+00 0.00 0.00 14.75 0.00 0.00 0.0000000E+00 0.00 0.00 9891.92 14.75 400.00 171.48 38.75 14.38
1 113 2 0.00 0.00 0.0000000E+00 0.11 0.00 0.00 0.00 0.0000000E+00 0.00 0.00 14.65 0.00 0.00 0.0000000E+00 0.00 0.00 9891.92 14.65 400.00 171.48 38.75 14.38
1 114 2 0.00 0.00 0.0000000E+00 0.04 0.00 0.00 0.00 0.0000000E+00 0.00 0.00 14.61 0.00 0.00 0.0000000E+00 0.00 0.00 9891.92 14.61 400.00 171.48 38.75 14.38
1 115 2 0.00 0.00 0.0000000E+00 0.04 0.00 0.00 0.00 0.0000000E+00 0.00 0.00 14.56 0.00 0.00 0.0000000E+00 0.00 0.00 9891.92 14.56 400.00 171.48 38.75 14.38
1 116 2 0.00 0.00 0.0000000E+00 0.05 0.00 0.00 0.00 0.0000000E+00 0.00 0.00 14.51 0.00 0.00 0.0000000E+00 0.00 0.00 9891.92 14.51 400.00 171.48 38.75 14.38
1 117 2 0.90 0.90 0.0000000E+00 0.03 0.76 0.00 0.00 0.0000000E+00 0.00 0.00 14.49 0.00 0.00 0.0000000E+00 0.00 0.00 9891.92 14.49 400.00 171.48 38.75 14.38
1 118 2 0.00 0.00 0.0000000E+00 0.02 0.00 0.00 0.00 0.0000000E+00 0.00 0.00 14.46 0.00 0.00 0.0000000E+00 0.00 0.00 9891.92 14.46 400.00 171.48 38.75 14.38
1 119 2 0.00 0.00 0.0000000E+00 0.02 0.00 0.00 0.00 0.0000000E+00 0.00 0.00 14.44 0.00 0.00 0.0000000E+00 0.00 0.00 9891.92 14.44 400.00 171.48 38.75 14.38
1 120 2 0.60 0.60 0.0000000E+00 0.01 0.60 0.00 0.00 0.0000000E+00 0.00 0.00 14.43 0.00 0.00 0.0000000E+00 0.00 0.00 9891.92 14.43 400.00 171.48 38.75 14.38
1 121 2 0.00 0.00 0.0000000E+00 0.01 0.00 0.00 0.00 0.0000000E+00 0.00 0.00 14.42 0.00 0.00 0.0000000E+00 0.00 0.00 9891.92 14.42 400.00 171.48 38.75 14.38
1 122 2 0.00 0.00 0.0000000E+00 0.01 0.00 0.00 0.00 0.0000000E+00 0.00 0.00 14.41 0.00 0.00 0.0000000E+00 0.00 0.00 9891.92 14.41 400.00 171.48 38.75 14.38
1 123 2 1.70 1.70 0.0000000E+00 0.32 1.16 0.00 0.00 0.0000000E+00 0.00 0.00 14.63 0.00 0.00 0.0000000E+00 0.00 0.00 9891.92 14.63 400.00 171.48 38.75 14.38
1 124 2 0.00 0.00 0.0000000E+00 0.10 0.00 0.00 0.00 0.0000000E+00 0.00 0.00 14.54 0.00 0.00 0.0000000E+00 0.00 0.00 9891.92 14.54 400.00 171.48 38.75 14.38
1 125 2 11.20 11.20 0.0000000E+00 1.95 2.29 0.00 0.00 0.0000000E+00 0.00 0.00 21.49 0.00 0.00 0.0000000E+00 0.00 0.00 9891.92 21.49 400.00 171.48 38.75 14.38
1 126 2 0.00 0.00 0.0000000E+00 2.50 2.26 0.00 0.00 0.0000000E+00 0.00 0.00 16.73 0.00 0.00 0.0000000E+00 0.00 0.00 9891.92 16.73 400.00 171.48 38.75 14.38
1 127 2 0.00 0.00 0.0000000E+00 0.81 0.00 0.00 0.00 0.0000000E+00 0.00 0.00 15.92 0.00 0.00 0.0000000E+00 0.00 0.00 9891.92 15.92 400.00 171.48 38.75 14.38
1 128 2 0.00 0.00 0.0000000E+00 0.71 0.00 0.00 0.00 0.0000000E+00 0.00 0.00 15.21 0.00 0.00 0.0000000E+00 0.00 0.00 9891.92 15.21 400.00 171.48 38.75 14.38
1 129 2 0.00 0.00 0.0000000E+00 0.38 0.00 0.00 0.00 0.0000000E+00 0.00 0.00 14.83 0.00 0.00 0.0000000E+00 0.00 0.00 9891.92 14.83 400.00 171.48 38.75 14.38
1 130 2 0.00 0.00 0.0000000E+00 0.21 0.00 0.00 0.00 0.0000000E+00 0.00 0.00 14.63 0.00 0.00 0.0000000E+00 0.00 0.00 9891.92 14.63 400.00 171.48 38.75 14.38
1 131 2 0.00 0.00 0.0000000E+00 0.11 0.00 0.00 0.00 0.0000000E+00 0.00 0.00 14.52 0.00 0.00 0.0000000E+00 0.00 0.00 9891.92 14.52 400.00 171.48 38.75 14.38
1 132 2 0.00 0.00 0.0000000E+00 0.06 0.00 0.00 0.00 0.0000000E+00 0.00 0.00 14.46 0.00 0.00 0.0000000E+00 0.00 0.00 9891.92 14.46 400.00 171.48 38.75 14.38
1 133 2 0.00 0.00 0.0000000E+00 0.03 0.00 0.00 0.00 0.0000000E+00 0.00 0.00 14.42 0.00 0.00 0.0000000E+00 0.00 0.00 9891.92 14.42 400.00 171.48 38.75 14.38
1 134 2 0.00 0.00 0.0000000E+00 0.02 0.00 0.00 0.00 0.0000000E+00 0.00 0.00 14.41 0.00 0.00 0.0000000E+00 0.00 0.00 9891.92 14.41 400.00 171.48 38.75 14.38
1 135 2 9.80 9.80 0.0000000E+00 2.00 2.35 0.00 0.00 0.0000000E+00 0.00 0.00 19.86 0.00 0.00 0.0000000E+00 0.00 0.00 9891.92 19.86 400.00 171.48 38.75 14.38
1 136 2 1.90 1.90 0.0000000E+00 1.36 1.60 0.00 0.00 0.0000000E+00 0.00 0.00 18.80 0.00 0.00 0.0000000E+00 0.00 0.00 9891.92 18.80 400.00 171.48 38.75 14.38
1 137 2 0.00 0.00 0.0000000E+00 1.84 1.06 0.00 0.00 0.0000000E+00 0.00 0.00 15.90 0.00 0.00 0.0000000E+00 0.00 0.00 9891.92 15.90 400.00 171.48 38.75 14.38
1 138 2 0.00 0.00 0.0000000E+00 0.70 0.00 0.00 0.00 0.0000000E+00 0.00 0.00 15.20 0.00 0.00 0.0000000E+00 0.00 0.00 9891.92 15.20 400.00 171.48 38.75 14.38
1 139 2 0.00 0.00 0.0000000E+00 0.38 0.00 0.00 0.00 0.0000000E+00 0.00 0.00 14.82 0.00 0.00 0.0000000E+00 0.00 0.00 9891.92 14.82 400.00 171.48 38.75 14.38
1 140 2 0.00 0.00 0.0000000E+00 0.20 0.00 0.00 0.00 0.0000000E+00 0.00 0.00 14.62 0.00 0.00 0.0000000E+00 0.00 0.00 9891.92 14.62 400.00 171.48 38.75 14.38
1 141 2 0.00 0.00 0.0000000E+00 0.11 0.00 0.00 0.00 0.0000000E+00 0.00 0.00 14.52 0.00 0.00 0.0000000E+00 0.00 0.00 9891.92 14.52 400.00 171.48 38.75 14.38
1 142 2 0.00 0.00 0.0000000E+00 0.06 0.00 0.00 0.00 0.0000000E+00 0.00 0.00 14.46 0.00 0.00 0.0000000E+00 0.00 0.00 9891.92 14.46 400.00 171.48 38.75 14.38
1 143 2 0.00 0.00 0.0000000E+00 0.03 0.00 0.00 0.00 0.0000000E+00 0.00 0.00 14.42 0.00 0.00 0.0000000E+00 0.00 0.00 9891.92 14.42 400.00 171.48 38.75 14.38
1 144 2 3.90 3.90 0.0000000E+00 0.92 2.26 0.00 0.00 0.0000000E+00 0.00 0.00 15.15 0.00 0.00 0.0000000E+00 0.00 0.00 9891.92 15.15 400.00 171.48 38.75 14.38
1 145 2 0.80 0.80 0.0000000E+00 0.37 0.71 0.00 0.00 0.0000000E+00 0.00 0.00 14.77 0.00 0.00 0.0000000E+00 0.00 0.00 9891.92 14.77 400.00 171.48 38.75 14.38
1 146 2 5.10 5.10 0.0000000E+00 2.09 2.86 0.00 0.00 0.0000000E+00 0.00 0.00 14.92 0.00 0.00 0.0000000E+00 0.00 0.00 9891.92 14.92 400.00 171.48 38.75 14.38
1 147 2 0.30 0.30 0.0000000E+00 0.21 0.30 0.00 0.00 0.0000000E+00 0.00 0.00 14.71 0.00 0.00 0.0000000E+00 0.00 0.00 9891.92 14.71 400.00 171.48 38.75 14.38
1 148 2 0.00 0.00 0.0000000E+00 0.14 0.00 0.00 0.00 0.0000000E+00 0.00 0.00 14.57 0.00 0.00 0.0000000E+00 0.00 0.00 9891.92 14.57 400.00 171.48 38.75 14.38
1 149 2 0.00 0.00 0.0000000E+00 0.09 0.00 0.00 0.00 0.0000000E+00 0.00 0.00 14.49 0.00 0.00 0.0000000E+00 0.00 0.00 9891.92 14.49 400.00 171.48 38.75 14.38
1 150 2 0.00 0.00 0.0000000E+00 0.04 0.00 0.00 0.00 0.0000000E+00 0.00 0.00 14.44 0.00 0.00 0.0000000E+00 0.00 0.00 9891.92 14.44 400.00 171.48 38.75 14.38
1 151 2 1.90 1.90 0.0000000E+00 0.32 1.26 0.00 0.00 0.0000000E+00 0.00 0.00 14.77 0.00 0.00 0.0000000E+00 0.00 0.00 9891.92 14.77 400.00 171.48 38.75 14.38
1 152 2 0.00 0.00 0.0000000E+00 0.18 0.00 0.00 0.00 0.0000000E+00 0.00 0.00 14.59 0.00 0.00 0.0000000E+00 0.00 0.00 9891.92 14.59 400.00 171.48 38.75 14.38
1 153 2 0.00 0.00 0.0000000E+00 0.10 0.00 0.00 0.00 0.0000000E+00 0.00 0.00 14.50 0.00 0.00 0.0000000E+00 0.00 0.00 9891.92 14.50 400.00 171.48 38.75 14.38
1 154 2 0.00 0.00 0.0000000E+00 0.05 0.00 0.00 0.00 0.0000000E+00 0.00 0.00 14.45 0.00 0.00 0.0000000E+00 0.00 0.00 9891.92 14.45 400.00 171.48 38.75 14.38
1 155 2 0.00 0.00 0.0000000E+00 0.03 0.00 0.00 0.00 0.0000000E+00 0.00 0.00 14.42 0.00 0.00 0.0000000E+00 0.00 0.00 9891.92 14.42 400.00 171.48 38.75 14.38
1 156 2 2.10 2.10 0.0000000E+00 0.55 1.36 0.00 0.00 0.0000000E+00 0.00 0.00 14.61 0.00 0.00 0.0000000E+00 0.00 0.00 9891.92 14.61 400.00 171.48 38.75 14.38
1 157 2 5.10 5.10 0.0000000E+00 1.47 2.62 0.00 0.00 0.0000000E+00 0.00 0.00 15.63 0.00 0.00 0.0000000E+00 0.00 0.00 9891.92 15.63 400.00 171.48 38.75 14.38
1 158 2 2.70 2.70 0.0000000E+00 1.23 1.80 0.00 0.00 0.0000000E+00 0.00 0.00 15.30 0.00 0.00 0.0000000E+00 0.00 0.00 9891.92 15.30 400.00 171.48 38.75 14.38
1 159 2 0.30 0.30 0.0000000E+00 0.42 0.30 0.00 0.00 0.0000000E+00 0.00 0.00 14.88 0.00 0.00 0.0000000E+00 0.00 0.00 9891.92 14.88 400.00 171.48 38.75 14.38
1 160 2 0.00 0.00 0.0000000E+00 0.23 0.00 0.00 0.00 0.0000000E+00 0.00 0.00 14.65 0.00 0.00 0.0000000E+00 0.00 0.00 9891.92 14.65 400.00 171.48 38.75 14.38
1 161 2 0.00 0.00 0.0000000E+00 0.12 0.00 0.00 0.00 0.0000000E+00 0.00 0.00 14.53 0.00 0.00 0.0000000E+00 0.00 0.00 9891.92 14.53 400.00 171.48 38.75 14.38
1 162 2 0.00 0.00 0.0000000E+00 0.07 0.00 0.00 0.00 0.0000000E+00 0.00 0.00 14.46 0.00 0.00 0.0000000E+00 0.00 0.00 9891.92 14.46 400.00 171.48 38.75 14.38
1 163 2 0.00 0.00 0.0000000E+00 0.04 0.00 0.00 0.00 0.0000000E+00 0.00 0.00 14.43 0.00 0.00 0.0000000E+00 0.00 0.00 9891.92 14.43 400.00 171.48 38.75 14.38
1 164 2 0.00 0.00 0.0000000E+00 0.02 0.00 0.00 0.00 0.0000000E+00 0.00 0.00 14.41 0.00 0.00 0.0000000E+00 0.00 0.00 9891.92 14.41 400.00 171.48 38.75 14.38
1 165 2 0.00 0.00 0.0000000E+00 0.01 0.00 0.00 0.00 0.0000000E+00 0.00 0.00 14.40 0.00 0.00 0.0000000E+00 0.00 0.00 9891.92 14.40 400.00 171.48 38.75 14.38
1 166 2 0.00 0.00 0.0000000E+00 0.01 0.00 0.00 0.00 0.0000000E+00 0.00 0.00 14.39 0.00 0.00 0.0000000E+00 0.00 0.00 9891.92 14.39 400.00 171.48 38.75 14.38
1 167 2 0.30 0.30 0.0000000E+00 0.00 0.30 0.00 0.00 0.0000000E+00 0.00 0.00 14.39 0.00 0.00 0.0000000E+00 0.00 0.00 9891.92 14.39 400.00 171.48 38.75 14.38
1 168 2 1.10 1.10 0.0000000E+00 0.14 0.86 0.00 0.00 0.0000000E+00 0.00 0.00 14.49 0.00 0.00 0.0000000E+00 0.00 0.00 9891.92 14.49 400.00 171.48 38.75 14.38
1 169 2 3.60 3.60 0.0000000E+00 1.09 2.11 0.00 0.00 0.0000000E+00 0.00 0.00 14.89 0.00 0.00 0.0000000E+00 0.00 0.00 9891.92 14.89 400.00 171.48 38.75 14.38
1 170 2 0.00 0.00 0.0000000E+00 0.23 0.00 0.00 0.00 0.0000000E+00 0.00 0.00 14.66 0.00 0.00 0.0000000E+00 0.00 0.00 9891.92 14.66 400.00 171.48 38.75 14.38
1 171 2 0.00 0.00 0.0000000E+00 0.13 0.00 0.00 0.00 0.0000000E+00 0.00 0.00 14.53 0.00 0.00 0.0000000E+00 0.00 0.00 9891.92 14.53 400.00 171.48 38.75 14.38
1 172 2 0.00 0.00 0.0000000E+00 0.07 0.00 0.00 0.00 0.0000000E+00 0.00 0.00 14.46 0.00 0.00 0.0000000E+00 0.00 0.00 9891.92 14.46 400.00 171.48 38.75 14.38
1 173 2 0.00 0.00 0.0000000E+00 0.04 0.00 0.00 0.00 0.0000000E+00 0.00 0.00 14.43 0.00 0.00 0.0000000E+00 0.00 0.00 9891.92 14.43 400.00 171.48 38.75 14.38
1 174 2 0.60 0.60 0.0000000E+00 0.02 0.60 0.00 0.00 0.0000000E+00 0.00 0.00 14.41 0.00 0.00 0.0000000E+00 0.00 0.00 9891.92 14.41 400.00 171.48 38.75 14.38
1 175 2 0.00 0.00 0.0000000E+00 0.01 0.00 0.00 0.00 0.0000000E+00 0.00 0.00 14.40 0.00 0.00 0.0000000E+00 0.00 0.00 9891.92 14.40 400.00 171.48 38.75 14.38
1 176 2 0.00 0.00 0.0000000E+00 0.01 0.00 0.00 0.00 0.0000000E+00 0.00 0.00 14.39 0.00 0.00 0.0000000E+00 0.00 0.00 9891.92 14.39 400.00 171.48 38.75 14.38
1 177 2 0.00 0.00 0.0000000E+00 0.00 0.00 0.00 0.00 0.0000000E+00 0.00 0.00 14.39 0.00 0.00 0.0000000E+00 0.00 0.00 9891.92 14.39 400.00 171.48 38.75 14.38
1 178 2 0.00 0.00 0.0000000E+00 0.00 0.00 0.00 0.00 0.0000000E+00 0.00 0.00 14.39 0.00 0.00 0.0000000E+00 0.00 0.00 9891.92 14.39 400.00 171.48 38.75 14.38
1 179 2 0.00 0.00 0.0000000E+00 0.00 0.00 0.00 0.00 0.0000000E+00 0.00 0.00 14.39 0.00 0.00 0.0000000E+00 0.00 0.00 9891.92 14.39 400.00 171.48 38.75 14.38
1 180 2 0.00 0.00 0.0000000E+00 0.00 0.00 0.00 0.00 0.0000000E+00 0.00 0.00 14.39 0.00 0.00 0.0000000E+00 0.00 0.00 9891.92 14.39 400.00 171.48 38.75 14.38
1 181 2 0.00 0.00 0.0000000E+00 0.00 0.00 0.00 0.00 0.0000000E+00 0.00 0.00 14.39 0.00 0.00 0.0000000E+00 0.00 0.00 9891.92 14.39 400.00 171.48 38.75 14.38
1 182 2 0.00 0.00 0.0000000E+00 0.00 0.00 0.00 0.00 0.0000000E+00 0.00 0.00 14.39 0.00 0.00 0.0000000E+00 0.00 0.00 9891.92 14.39 400.00 171.48 38.75 14.38
1 183 2 0.00 0.00 0.0000000E+00 0.00 0.00 0.00 0.00 0.0000000E+00 0.00 0.00 14.39 0.00 0.00 0.0000000E+00 0.00 0.00 9891.92 14.39 400.00 171.48 38.75 14.38
1 184 2 3.30 3.30 0.0000000E+00 0.95 1.96 0.00 0.00 0.0000000E+00 0.00 0.00 14.78 0.00 0.00 0.0000000E+00 0.00 0.00 9891.92 14.78 400.00 171.48 38.75 14.38
1 185 2 0.80 0.80 0.0000000E+00 0.20 0.71 0.00 0.00 0.0000000E+00 0.00 0.00 14.58 0.00 0.00 0.0000000E+00 0.00 0.00 9891.92 14.58 400.00 171.48 38.75 14.38
1 186 2 0.00 0.00 0.0000000E+00 0.09 0.00 0.00 0.00 0.0000000E+00 0.00 0.00 14.49 0.00 0.00 0.0000000E+00 0.00 0.00 9891.92 14.49 400.00 171.48 38.75 14.38
1 187 2 0.00 0.00 0.0000000E+00 0.05 0.00 0.00 0.00 0.0000000E+00 0.00 0.00 14.44 0.00 0.00 0.0000000E+00 0.00 0.00 9891.92 14.44 400.00 171.48 38.75 14.38
1 188 2 0.00 0.00 0.0000000E+00 0.03 0.00 0.00 0.00 0.0000000E+00 0.00 0.00 14.42 0.00 0.00 0.0000000E+00 0.00 0.00 9891.92 14.42 400.00 171.48 38.75 14.38
1 189 2 0.00 0.00 0.0000000E+00 0.01 0.00 0.00 0.00 0.0000000E+00 0.00 0.00 14.40 0.00 0.00 0.0000000E+00 0.00 0.00 9891.92 14.40 400.00 171.48 38.75 14.38
1 190 2 0.00 0.00 0.0000000E+00 0.01 0.00 0.00 0.00 0.0000000E+00 0.00 0.00 14.39 0.00 0.00 0.0000000E+00 0.00 0.00 9891.92 14.39 400.00 171.48 38.75 14.38
1 191 2 0.00 0.00 0.0000000E+00 0.00 0.00 0.00 0.00 0.0000000E+00 0.00 0.00 14.39 0.00 0.00 0.0000000E+00 0.00 0.00 9891.92 14.39 400.00 171.48 38.75 14.38
1 192 2 0.00 0.00 0.0000000E+00 0.00 0.00 0.00 0.00 0.0000000E+00 0.00 0.00 14.39 0.00 0.00 0.0000000E+00 0.00 0.00 9891.92 14.39 400.00 171.48 38.75 14.38
1 193 2 0.00 0.00 0.0000000E+00 0.00 0.00 0.00 0.00 0.0000000E+00 0.00 0.00 14.39 0.00 0.00 0.0000000E+00 0.00 0.00 9891.92 14.39 400.00 171.48 38.75 14.38
1 194 2 0.00 0.00 0.0000000E+00 0.00 0.00 0.00 0.00 0.0000000E+00 0.00 0.00 14.39 0.00 0.00 0.0000000E+00 0.00 0.00 9891.92 14.39 400.00 171.48 38.75 14.38
1 195 2 0.00 0.00 0.0000000E+00 0.00 0.00 0.00 0.00 0.0000000E+00 0.00 0.00 14.39 0.00 0.00 0.0000000E+00 0.00 0.00 9891.92 14.39 400.00 171.48 38.75 14.38
1 196 2 0.00 0.00 0.0000000E+00 0.00 0.00 0.00 0.00 0.0000000E+00 0.00 0.00 14.39 0.00 0.00 0.0000000E+00 0.00 0.00 9891.92 14.39 400.00 171.48 38.75 14.38
1 197 2 0.00 0.00 0.0000000E+00 0.00 0.00 0.00 0.00 0.0000000E+00 0.00 0.00 14.39 0.00 0.00 0.0000000E+00 0.00 0.00 9891.92 14.39 400.00 171.48 38.75 14.38
1 198 2 5.30 5.30 0.0000000E+00 1.68 2.96 0.00 0.00 0.0000000E+00 0.00 0.00 15.05 0.00 0.00 0.0000000E+00 0.00 0.00 9891.92 15.05 400.00 171.48 38.75 14.38
1 199 2 0.00 0.00 0.0000000E+00 0.31 0.00 0.00 0.00 0.0000000E+00 0.00 0.00 14.74 0.00 0.00 0.0000000E+00 0.00 0.00 9891.92 14.74 400.00 171.48 38.75 14.38
1 200 2 0.00 0.00 0.0000000E+00 0.17 0.00 0.00 0.00 0.0000000E+00 0.00 0.00 14.58 0.00 0.00 0.0000000E+00 0.00 0.00 9891.92 14.58 400.00 171.48 38.75 14.38
1 201 2 0.00 0.00 0.0000000E+00 0.09 0.00 0.00 0.00 0.0000000E+00 0.00 0.00 14.49 0.00 0.00 0.0000000E+00 0.00 0.00 9891.92 14.49 400.00 171.48 38.75 14.38
1 202 2 0.70 0.70 0.0000000E+00 0.05 0.66 0.00 0.00 0.0000000E+00 0.00 0.00 14.44 0.00 0.00 0.0000000E+00 0.00 0.00 9891.92 14.44 400.00 171.48 38.75 14.38
1 203 2 0.70 0.70 0.0000000E+00 0.03 0.66 0.00 0.00 0.0000000E+00 0.00 0.00 14.41 0.00 0.00 0.0000000E+00 0.00 0.00 9891.92 14.41 400.00 171.48 38.75 14.38
1 204 2 0.00 0.00 0.0000000E+00 0.01 0.00 0.00 0.00 0.0000000E+00 0.00 0.00 14.40 0.00 0.00 0.0000000E+00 0.00 0.00 9891.92 14.40 400.00 171.48 38.75 14.38
1 205 2 0.00 0.00 0.0000000E+00 0.01 0.00 0.00 0.00 0.0000000E+00 0.00 0.00 14.39 0.00 0.00 0.0000000E+00 0.00 0.00 9891.92 14.39 400.00 171.48 38.75 14.38
1 206 2 0.00 0.00 0.0000000E+00 0.00 0.00 0.00 0.00 0.0000000E+00 0.00 0.00 14.39 0.00 0.00 0.0000000E+00 0.00 0.00 9891.92 14.39 400.00 171.48 38.75 14.38
1 207 2 0.00 0.00 0.0000000E+00 0.00 0.00 0.00 0.00 0.0000000E+00 0.00 0.00 14.39 0.00 0.00 0.0000000E+00 0.00 0.00 9891.92 14.39 400.00 171.48 38.75 14.38
1 208 2 0.00 0.00 0.0000000E+00 0.00 0.00 0.00 0.00 0.0000000E+00 0.00 0.00 14.39 0.00 0.00 0.0000000E+00 0.00 0.00 9891.92 14.39 400.00 171.48 38.75 14.38
1 209 2 0.00 0.00 0.0000000E+00 0.00 0.00 0.00 0.00 0.0000000E+00 0.00 0.00 14.39 0.00 0.00 0.0000000E+00 0.00 0.00 9891.92 14.39 400.00 171.48 38.75 14.38
1 210 2 5.50 5.50 0.0000000E+00 1.30 2.20 0.00 0.00 0.0000000E+00 0.00 0.00 16.38 0.00 0.00 0.0000000E+00 0.00 0.00 9891.92 16.38 400.00 171.48 38.75 14.38
1 211 2 0.00 0.00 0.0000000E+00 0.79 0.55 0.00 0.00 0.0000000E+00 0.00 0.00 15.04 0.00 0.00 0.0000000E+00 0.00 0.00 9891.92 15.04 400.00 171.48 38.75 14.38
1 212 2 0.00 0.00 0.0000000E+00 0.31 0.00 0.00 0.00 0.0000000E+00 0.00 0.00 14.74 0.00 0.00 0.0000000E+00 0.00 0.00 9891.92 14.74 400.00 171.48 38.75 14.38
1 213 2 0.00 0.00 0.0000000E+00 0.16 0.00 0.00 0.00 0.0000000E+00 0.00 0.00 14.58 0.00 0.00 0.0000000E+00 0.00 0.00 9891.92 14.58 400.00 171.48 38.75 14.38
1 214 2 0.80 0.80 0.0000000E+00 0.10 0.71 0.00 0.00 0.0000000E+00 0.00 0.00 14.48 0.00 0.00 0.0000000E+00 0.00 0.00 9891.92 14.48 400.00 171.48 38.75 14.38
1 215 2 0.00 0.00 0.0000000E+00 0.04 0.00 0.00 0.00 0.0000000E+00 0.00 0.00 14.44 0.00 0.00 0.0000000E+00 0.00 0.00 9891.92 14.44 400.00 171.48 38.75 14.38
1 216 2 0.00 0.00 0.0000000E+00 0.02 0.00 0.00 0.00 0.0000000E+00 0.00 0.00 14.41 0.00 0.00 0.0000000E+00 0.00 0.00 9891.92 14.41 400.00 171.48 38.75 14.38
1 217 2 4.60 4.60 0.0000000E+00 1.17 2.61 0.00 0.00 0.0000000E+00 0.00 0.00 15.24 0.00 0.00 0.0000000E+00 0.00 0.00 9891.92 15.24 400.00 171.48 38.75 14.38
1 218 2 0.00 0.00 0.0000000E+00 0.39 0.00 0.00 0.00 0.0000000E+00 0.00 0.00 14.84 0.00 0.00 0.0000000E+00 0.00 0.00 9891.92 14.84 400.00 171.48 38.75 14.38
1 219 2 17.30 17.30 0.0000000E+00 2.08 2.44 0.00 0.00 0.0000000E+00 0.00 0.00 27.62 0.00 0.00 0.0000000E+00 0.00 0.00 9891.92 27.62 400.00 171.48 38.75 14.38
1 220 2 0.00 0.00 0.0000000E+00 2.99 3.48 0.00 0.00 0.0000000E+00 0.00 0.00 21.15 0.00 0.00 0.0000000E+00 0.00 0.00 9891.92 21.15 400.00 171.48 38.75 14.38
1 221 2 0.00 0.00 0.0000000E+00 1.91 0.61 0.00 0.00 0.0000000E+00 0.00 0.00 18.63 0.00 0.00 0.0000000E+00 0.00 0.00 9891.92 18.63 400.00 171.48 38.75 14.38
1 222 2 0.00 0.00 0.0000000E+00 1.84 0.00 0.00 0.00 0.0000000E+00 0.00 0.00 16.78 0.00 0.00 0.0000000E+00 0.00 0.00 9891.92 16.78 400.00 171.48 38.75 14.38
1 223 2 0.00 0.00 0.0000000E+00 0.95 0.00 0.00 0.00 0.0000000E+00 0.00 0.00 15.84 0.00 0.00 0.0000000E+00 0.00 0.00 9891.92 15.84 400.00 171.48 38.75 14.38
1 224 2 0.00 0.00 0.0000000E+00 0.56 0.00 0.00 0.00 0.0000000E+00 0.00 0.00 15.28 0.00 0.00 0.0000000E+00 0.00 0.00 9891.92 15.28 400.00 171.48 38.75 14.38
1 225 2 0.00 0.00 0.0000000E+00 0.32 0.00 0.00 0.00 0.0000000E+00 0.00 0.00 14.96 0.00 0.00 0.0000000E+00 0.00 0.00 9891.92 14.96 400.00 171.48 38.75 14.38
1 226 2 1.60 1.60 0.0000000E+00 0.45 1.11 0.00 0.00 0.0000000E+00 0.00 0.00 15.01 0.00 0.00 0.0000000E+00 0.00 0.00 9891.92 15.01 400.00 171.48 38.75 14.38
1 227 2 0.80 0.80 0.0000000E+00 0.25 0.71 0.00 0.00 0.0000000E+00 0.00 0.00 14.76 0.00 0.00 0.0000000E+00 0.00 0.00 9891.92 14.76 400.00 171.48 38.75 14.38
1 228 2 0.70 0.70 0.0000000E+00 0.13 0.66 0.00 0.00 0.0000000E+00 0.00 0.00 14.62 0.00 0.00 0.0000000E+00 0.00 0.00 9891.92 14.62 400.00 171.48 38.75 14.38
1 229 2 0.00 0.00 0.0000000E+00 0.08 0.00 0.00 0.00 0.0000000E+00 0.00 0.00 14.55 0.00 0.00 0.0000000E+00 0.00 0.00 9891.92 14.55 400.00 171.48 38.75 14.38
1 230 2 0.70 0.70 0.0000000E+00 0.05 0.66 0.00 0.00 0.0000000E+00 0.00 0.00 14.50 0.00 0.00 0.0000000E+00 0.00 0.00 9891.92 14.50 400.00 171.48 38.75 14.38
1 231 2 0.70 0.70 0.0000000E+00 0.03 0.66 0.00 0.00 0.0000000E+00 0.00 0.00 14.46 0.00 0.00 0.0000000E+00 0.00 0.00 9891.92 14.46 400.00 171.48 38.75 14.38
1 232 2 1.20 1.20 0.0000000E+00 0.18 0.91 0.00 0.00 0.0000000E+00 0.00 0.00 14.58 0.00 0.00 0.0000000E+00 0.00 0.00 9891.92 14.58 400.00 171.48 38.75 14.38
1 233 2 0.00 0.00 0.0000000E+00 0.08 0.00 0.00 0.00 0.0000000E+00 0.00 0.00 14.50 0.00 0.00 0.0000000E+00 0.00 0.00 9891.92 14.50 400.00 171.48 38.75 14.38
1 234 2 0.00 0.00 0.0000000E+00 0.04 0.00 0.00 0.00 0.0000000E+00 0.00 0.00 14.45 0.00 0.00 0.0000000E+00 0.00 0.00 9891.92 14.45 400.00 171.48 38.75 14.38
1 235 2 0.00 0.00 0.0000000E+00 0.03 0.00 0.00 0.00 0.0000000E+00 0.00 0.00 14.43 0.00 0.00 0.0000000E+00 0.00 0.00 9891.92 14.43 400.00 171.48 38.75 14.38
1 236 2 0.90 0.90 0.0000000E+00 0.02 0.76 0.00 0.00 0.0000000E+00 0.00 0.00 14.41 0.00 0.00 0.0000000E+00 0.00 0.00 9891.92 14.41 400.00 171.48 38.75 14.38
1 237 2 0.70 0.70 0.0000000E+00 0.01 0.66 0.00 0.00 0.0000000E+00 0.00 0.00 14.40 0.00 0.00 0.0000000E+00 0.00 0.00 9891.92 14.40 400.00 171.48 38.75 14.38
1 238 2 2.70 2.70 0.0000000E+00 0.66 1.66 0.00 0.00 0.0000000E+00 0.00 0.00 14.79 0.00 0.00 0.0000000E+00 0.00 0.00 9891.92 14.79 400.00 171.48 38.75 14.38
1 239 2 0.80 0.80 0.0000000E+00 0.20 0.71 0.00 0.00 0.0000000E+00 0.00 0.00 14.59 0.00 0.00 0.0000000E+00 0.00 0.00 9891.92 14.59 400.00 171.48 38.75 14.38
1 240 2 9.00 9.00 0.0000000E+00 2.38 2.79 0.00 0.00 0.0000000E+00 0.00 0.00 18.42 0.00 0.00 0.0000000E+00 0.00 0.00 9891.92 18.42 400.00 171.48 38.75 14.38
1 241 2 1.00 1.00 0.0000000E+00 1.58 1.82 0.00 0.00 0.0000000E+00 0.00 0.00 15.83 0.00 0.00 0.0000000E+00 0.00 0.00 9891.92 15.83 400.00 171.48 38.75 14.38
1 242 2 7.40 7.40 0.0000000E+00 2.38 2.79 0.00 0.00 0.0000000E+00 0.00 0.00 18.07 0.00 0.00 0.0000000E+00 0.00 0.00 9891.92 18.07 400.00 171.48 38.75 14.38
1 243 2 0.00 0.00 0.0000000E+00 1.35 0.70 0.00 0.00 0.0000000E+00 0.00 0.00 16.02 0.00 0.00 0.0000000E+00 0.00 0.00 9891.92 16.02 400.00 171.48 38.75 14.38
1 244 2 0.00 0.00 0.0000000E+00 0.75 0.00 0.00 0.00 0.0000000E+00 0.00 0.00 15.26 0.00 0.00 0.0000000E+00 0.00 0.00 9891.92 15.26 400.00 171.48 38.75 14.38
1 245 2 0.00 0.00 0.0000000E+00 0.41 0.00 0.00 0.00 0.0000000E+00 0.00 0.00 14.86 0.00 0.00 0.0000000E+00 0.00 0.00 9891.92 14.86 400.00 171.48 38.75 14.38
1 246 2 0.70 0.70 0.0000000E+00 0.21 0.66 0.00 0.00 0.0000000E+00 0.00 0.00 14.65 0.00 0.00 0.0000000E+00 0.00 0.00 9891.92 14.65 400.00 171.48 38.75 14.38
1 247 2 0.00 0.00 0.0000000E+00 0.12 0.00 0.00 0.00 0.0000000E+00 0.00 0.00 14.53 0.00 0.00 0.0000000E+00 0.00 0.00 9891.92 14.53 400.00 171.48 38.75 14.38
1 248 2 0.00 0.00 0.0000000E+00 0.06 0.00 0.00 0.00 0.0000000E+00 0.00 0.00 14.47 0.00 0.00 0.0000000E+00 0.00 0.00 9891.92 14.47 400.00 171.48 38.75 14.38
1 249 2 0.00 0.00 0.0000000E+00 0.04 0.00 0.00 0.00 0.0000000E+00 0.00 0.00 14.43 0.00 0.00 0.0000000E+00 0.00 0.00 9891.92 14.43 400.00 171.48 38.75 14.38
1 250 2 0.00 0.00 0.0000000E+00 0.02 0.00 0.00 0.00 0.0000000E+00 0.00 0.00 14.41 0.00 0.00 0.0000000E+00 0.00 0.00 9891.92 14.41 400.00 171.48 38.75 14.38
1 251 2 3.70 3.70 0.0000000E+00 0.70 1.88 0.00 0.00 0.0000000E+00 0.00 0.00 15.53 0.00 0.00 0.0000000E+00 0.00 0.00 9891.92 15.53 400.00 171.48 38.75 14.38
1 252 2 0.30 0.30 0.0000000E+00 0.47 0.49 0.00 0.00 0.0000000E+00 0.00 0.00 14.87 0.00 0.00 0.0000000E+00 0.00 0.00 9891.92 14.87 400.00 171.48 38.75 14.38
1 253 2 0.00 0.00 0.0000000E+00 0.22 0.00 0.00 0.00 0.0000000E+00 0.00 0.00 14.65 0.00 0.00 0.0000000E+00 0.00 0.00 9891.92 14.65 400.00 171.48 38.75 14.38
1 254 2 0.00 0.00 0.0000000E+00 0.12 0.00 0.00 0.00 0.0000000E+00 0.00 0.00 14.53 0.00 0.00 0.0000000E+00 0.00 0.00 9891.92 14.53 400.00 171.48 38.75 14.38
1 255 2 3.50 3.50 0.0000000E+00 0.66 1.72 0.00 0.00 0.0000000E+00 0.00 0.00 15.64 0.00 0.00 0.0000000E+00 0.00 0.00 9891.92 15.64 400.00 171.48 38.75 14.38
1 256 2 0.50 0.50 0.0000000E+00 0.51 0.74 0.00 0.00 0.0000000E+00 0.00 0.00 14.90 0.00 0.00 0.0000000E+00 0.00 0.00 9891.92 14.90 400.00 171.48 38.75 14.38
1 257 2 3.50 3.50 0.0000000E+00 1.02 2.06 0.00 0.00 0.0000000E+00 0.00 0.00 15.32 0.00 0.00 0.0000000E+00 0.00 0.00 9891.92 15.32 400.00 171.48 38.75 14.38
1 258 2 0.00 0.00 0.0000000E+00 0.43 0.00 0.00 0.00 0.0000000E+00 0.00 0.00 14.89 0.00 0.00 0.0000000E+00 0.00 0.00 9891.92 14.89 400.00 171.48 38.75 14.38
1 259 2 0.60 0.60 0.0000000E+00 0.21 0.60 0.00 0.00 0.0000000E+00 0.00 0.00 14.67 0.00 0.00 0.0000000E+00 0.00 0.00 9891.92 14.67 400.00 171.48 38.75 14.38
1 260 2 0.00 0.00 0.0000000E+00 0.13 0.00 0.00 0.00 0.0000000E+00 0.00 0.00 14.54 0.00 0.00 0.0000000E+00 0.00 0.00 9891.92 14.54 400.00 171.48 38.75 14.38
1 261 2 0.00 0.00 0.0000000E+00 0.07 0.00 0.00 0.00 0.0000000E+00 0.00 0.00 14.47 0.00 0.00 0.0000000E+00 0.00 0.00 9891.92 14.47 400.00 171.48 38.75 14.38
1 262 2 0.00 0.00 0.0000000E+00 0.03 0.00 0.00 0.00 0.0000000E+00 0.00 0.00 14.44 0.00 0.00 0.0000000E+00 0.00 0.00 9891.92 14.44 400.00 171.48 38.75 14.38
1 263 2 0.00 0.00 0.0000000E+00 0.02 0.00 0.00 0.00 0.0000000E+00 0.00 0.00 14.42 0.00 0.00 0.0000000E+00 0.00 0.00 9891.92 14.42 400.00 171.48 38.75 14.38
1 264 2 0.00 0.00 0.0000000E+00 0.02 0.00 0.00 0.00 0.0000000E+00 0.00 0.00 14.40 0.00 0.00 0.0000000E+00 0.00 0.00 9891.92 14.40 400.00 171.48 38.75 14.38
1 265 2 0.00 0.00 0.0000000E+00 0.00 0.00 0.00 0.00 0.0000000E+00 0.00 0.00 14.40 0.00 0.00 0.0000000E+00 0.00 0.00 9891.92 14.40 400.00 171.48 38.75 14.38
1 266 2 0.00 0.00 0.0000000E+00 0.01 0.00 0.00 0.00 0.0000000E+00 0.00 0.00 14.39 0.00 0.00 0.0000000E+00 0.00 0.00 9891.92 14.39 400.00 171.48 38.75 14.38
1 267 2 1.40 1.40 0.0000000E+00 0.12 0.94 0.00 0.00 0.0000000E+00 0.00 0.00 14.73 0.00 0.00 0.0000000E+00 0.00 0.00 9891.92 14.73 400.00 171.48 38.75 14.38
1 268 2 0.00 0.00 0.0000000E+00 0.14 0.05 0.00 0.00 0.0000000E+00 0.00 0.00 14.54 0.00 0.00 0.0000000E+00 0.00 0.00 9891.92 14.54 400.00 171.48 38.75 14.38
1 269 2 0.00 0.00 0.0000000E+00 0.07 0.00 0.00 0.00 0.0000000E+00 0.00 0.00 14.47 0.00 0.00 0.0000000E+00 0.00 0.00 9891.92 14.47 400.00 171.48 38.75 14.38
1 270 2 0.00 0.00 0.0000000E+00 0.04 0.00 0.00 0.00 0.0000000E+00 0.00 0.00 14.43 0.00 0.00 0.0000000E+00 0.00 0.00 9891.92 14.43 400.00 171.48 38.75 14.38
1 271 2 0.00 0.00 0.0000000E+00 0.02 0.00 0.00 0.00 0.0000000E+00 0.00 0.00 14.41 0.00 0.00 0.0000000E+00 0.00 0.00 9891.92 14.41 400.00 171.48 38.75 14.38
1 272 2 0.00 0.00 0.0000000E+00 0.01 0.00 0.00 0.00 0.0000000E+00 0.00 0.00 14.40 0.00 0.00 0.0000000E+00 0.00 0.00 9891.92 14.40 400.00 171.48 38.75 14.38
1 273 2 0.00 0.00 0.0000000E+00 0.01 0.00 0.00 0.00 0.0000000E+00 0.00 0.00 14.39 0.00 0.00 0.0000000E+00 0.00 0.00 9891.92 14.39 400.00 171.48 38.75 14.38
1 274 2 0.00 0.00 0.0000000E+00 0.00 0.00 0.00 0.00 0.0000000E+00 0.00 0.00 14.39 0.00 0.00 0.0000000E+00 0.00 0.00 9891.92 14.39 400.00 171.48 38.75 14.38
1 275 2 1.30 1.30 0.0000000E+00 0.10 0.92 0.00 0.00 0.0000000E+00 0.00 0.00 14.67 0.00 0.00 0.0000000E+00 0.00 0.00 9891.92 14.67 400.00 171.48 38.75 14.38
1 276 2 0.60 0.60 0.0000000E+00 0.11 0.63 0.00 0.00 0.0000000E+00 0.00 0.00 14.53 0.00 0.00 0.0000000E+00 0.00 0.00 9891.92 14.53 400.00 171.48 38.75 14.38
1 277 2 0.80 0.80 0.0000000E+00 0.06 0.71 0.00 0.00 0.0000000E+00 0.00 0.00 14.47 0.00 0.00 0.0000000E+00 0.00 0.00 9891.92 14.47 400.00 171.48 38.75 14.38
1 278 2 0.00 0.00 0.0000000E+00 0.03 0.00 0.00 0.00 0.0000000E+00 0.00 0.00 14.45 0.00 0.00 0.0000000E+00 0.00 0.00 9891.92 14.45 400.00 171.48 38.75 14.38
1 279 2 0.00 0.00 0.0000000E+00 0.03 0.00 0.00 0.00 0.0000000E+00 0.00 0.00 14.42 0.00 0.00 0.0000000E+00 0.00 0.00 9891.92 14.42 400.00 171.48 38.75 14.38
1 280 2 5.30 5.30 0.0000000E+00 0.93 1.50 0.00 0.00 0.0000000E+00 0.00 0.00 17.29 0.00 0.00 0.0000000E+00 0.00 0.00 9891.92 17.29 400.00 171.48 38.75 14.38
1 281 2 0.00 0.00 0.0000000E+00 0.76 0.95 0.00 0.00 0.0000000E+00 0.00 0.00 15.58 0.00 0.00 0.0000000E+00 0.00 0.00 9891.92 15.58 400.00 171.48 38.75 14.38
1 282 2 0.00 0.00 0.0000000E+00 0.27 0.10 0.00 0.00 0.0000000E+00 0.00 0.00 15.21 0.00 0.00 0.0000000E+00 0.00 0.00 9891.92 15.21 400.00 171.48 38.75 14.38
1 283 2 0.00 0.00 0.0000000E+00 0.38 0.00 0.00 0.00 0.0000000E+00 0.00 0.00 14.83 0.00 0.00 0.0000000E+00 0.00 0.00 9891.92 14.83 400.00 171.48 38.75 14.38
1 284 2 0.00 0.00 0.0000000E+00 0.18 0.00 0.00 0.00 0.0000000E+00 0.00 0.00 14.64 0.00 0.00 0.0000000E+00 0.00 0.00 9891.92 14.64 400.00 171.48 38.75 14.38
1 285 2 11.50 0.00 0.0000000E+00 0.09 0.00 0.00 0.00 0.0000000E+00 0.00 0.00 14.56 0.00 11.50 0.0000000E+00 0.00 0.00 9891.92 14.56 400.00 171.48 38.75 14.38
1 286 2 0.90 1.85 0.0000000E+00 0.46 0.93 0.00 0.00 0.0000000E+00 0.00 0.00 15.03 0.00 10.55 0.0000000E+00 0.00 0.00 9891.92 15.03 400.00 171.48 38.75 14.38
1 287 2 0.20 10.75 0.0000000E+00 0.93 1.09 0.00 0.00 0.0000000E+00 0.00 0.00 23.75 0.00 0.00 0.0000000E+00 0.00 0.00 9891.92 23.75 400.00 171.48 38.75 14.38
1 288 2 0.20 0.07 0.0000000E+00 0.46 0.54 0.00 0.00 0.0000000E+00 0.00 0.00 22.79 0.00 0.13 0.0000000E+00 0.00 0.00 9891.92 22.79 400.00 171.48 38.75 14.38
1 289 2 0.00 0.13 0.0000000E+00 1.21 1.42 0.00 0.00 0.0000000E+00 0.00 0.00 20.30 0.00 0.00 0.0000000E+00 0.00 0.00 9891.92 20.30 400.00 171.48 38.75 14.38
1 290 2 0.20 0.20 0.0000000E+00 1.48 1.11 0.00 0.00 0.0000000E+00 0.00 0.00 17.91 0.00 0.00 0.0000000E+00 0.00 0.00 9891.92 17.91 400.00 171.48 38.75 14.38
1 291 2 1.50 1.50 0.0000000E+00 1.27 1.27 0.00 0.00 0.0000000E+00 0.00 0.00 16.87 0.00 0.00 0.0000000E+00 0.00 0.00 9891.92 16.87 400.00 171.48 38.75 14.38
1 292 2 0.20 0.20 0.0000000E+00 0.93 0.31 0.00 0.00 0.0000000E+00 0.00 0.00 15.83 0.00 0.00 0.0000000E+00 0.00 0.00 9891.92 15.83 400.00 171.48 38.75 14.38
1 293 2 6.20 6.20 0.0000000E+00 1.40 1.64 0.00 0.00 0.0000000E+00 0.00 0.00 18.99 0.00 0.00 0.0000000E+00 0.00 0.00 9891.92 18.99 400.00 171.48 38.75 14.38
1 294 2 1.90 1.90 0.0000000E+00 1.33 1.56 0.00 0.00 0.0000000E+00 0.00 0.00 18.00 0.00 0.00 0.0000000E+00 0.00 0.00 9891.92 18.00 400.00 171.48 38.75 14.38
1 295 2 0.00 0.00 0.0000000E+00 0.99 0.67 0.00 0.00 0.0000000E+00 0.00 0.00 16.35 0.00 0.00 0.0000000E+00 0.00 0.00 9891.92 16.35 400.00 171.48 38.75 14.38
1 296 2 8.50 8.50 0.0000000E+00 1.60 1.88 0.00 0.00 0.0000000E+00 0.00 0.00 21.37 0.00 0.00 0.0000000E+00 0.00 0.00 9891.92 21.37 400.00 171.48 38.75 14.38
1 297 2 1.30 1.30 0.0000000E+00 1.70 1.99 0.00 0.00 0.0000000E+00 0.00 0.00 18.97 0.00 0.00 0.0000000E+00 0.00 0.00 9891.92 18.97 400.00 171.48 38.75 14.38
1 298 2 0.80 0.80 0.0000000E+00 1.21 0.99 0.00 0.00 0.0000000E+00 0.00 0.00 17.48 0.00 0.00 0.0000000E+00 0.00 0.00 9891.92 17.48 400.00 171.48 38.75 14.38
1 299 2 0.90 0.90 0.0000000E+00 0.41 0.62 0.00 0.00 0.0000000E+00 0.00 0.00 17.22 0.00 0.00 0.0000000E+00 0.00 0.00 9891.92 17.22 400.00 171.48 38.75 14.38
1 300 2 4.10 2.60 0.0000000E+00 0.80 0.95 0.00 0.00 0.0000000E+00 0.00 0.00 18.07 0.00 1.50 0.0000000E+00 0.00 0.00 9891.92 18.07 400.00 171.48 38.75 14.38
1 301 2 0.00 1.04 0.0000000E+00 1.37 1.10 0.00 0.00 0.0000000E+00 0.00 0.00 16.64 0.00 0.46 0.0000000E+00 0.00 0.00 9891.92 16.64 400.00 171.48 38.75 14.38
1 302 2 0.00 0.46 0.0000000E+00 0.84 0.46 0.00 0.00 0.0000000E+00 0.00 0.00 15.81 0.00 0.00 0.0000000E+00 0.00 0.00 9891.92 15.81 400.00 171.48 38.75 14.38
1 303 2 0.00 0.00 0.0000000E+00 0.66 0.00 0.00 0.00 0.0000000E+00 0.00 0.00 15.15 0.00 0.00 0.0000000E+00 0.00 0.00 9891.92 15.15 400.00 171.48 38.75 14.38
1 304 2 0.00 0.00 0.0000000E+00 0.16 0.00 0.00 0.00 0.0000000E+00 0.00 0.00 14.99 0.00 0.00 0.0000000E+00 0.00 0.00 9891.92 14.99 400.00 171.48 38.75 14.38
1 305 2 0.00 0.00 0.0000000E+00 0.14 0.00 0.00 0.00 0.0000000E+00 0.00 0.00 14.85 0.00 0.00 0.0000000E+00 0.00 0.00 9891.92 14.85 400.00 171.48 38.75 14.38
1 306 2 0.00 0.00 0.0000000E+00 0.09 0.00 0.00 0.00 0.0000000E+00 0.00 0.00 14.77 0.00 0.00 0.0000000E+00 0.00 0.00 9891.92 14.77 400.00 171.48 38.75 14.38
1 307 2 0.00 0.00 0.0000000E+00 0.06 0.00 0.00 0.00 0.0000000E+00 0.00 0.00 14.70 0.00 0.00 0.0000000E+00 0.00 0.00 9891.92 14.70 400.00 171.48 38.75 14.38
1 308 2 0.00 0.00 0.0000000E+00 0.04 0.00 0.00 0.00 0.0000000E+00 0.00 0.00 14.66 0.00 0.00 0.0000000E+00 0.00 0.00 9891.92 14.66 400.00 171.48 38.75 14.38
1 309 2 0.80 0.00 0.0000000E+00 0.04 0.00 0.00 0.00 0.0000000E+00 0.00 0.00 14.62 0.00 0.80 0.0000000E+00 0.00 0.00 9891.92 14.62 400.00 171.48 38.75 14.38
1 310 2 1.70 0.00 0.0000000E+00 0.04 0.00 0.00 0.00 0.0000000E+00 0.00 0.00 14.58 0.00 2.50 0.0000000E+00 0.00 0.00 9891.92 14.58 400.00 171.48 38.75 14.38
1 311 2 0.40 0.16 0.0000000E+00 0.03 0.08 0.00 0.00 0.0000000E+00 0.00 0.00 14.54 0.00 2.74 0.0000000E+00 0.00 0.00 9891.92 14.54 400.00 171.48 38.75 14.38
1 312 2 0.00 0.00 0.0000000E+00 0.05 0.00 0.00 0.00 0.0000000E+00 0.00 0.00 14.49 0.00 2.74 0.0000000E+00 0.00 0.00 9891.92 14.49 400.00 171.48 38.75 14.38
1 313 2 0.90 3.64 0.0000000E+00 0.48 1.03 0.00 0.00 0.0000000E+00 0.00 0.00 16.62 0.00 0.00 0.0000000E+00 0.00 0.00 9891.92 16.62 400.00 171.48 38.75 14.38
1 314 2 0.00 0.00 0.0000000E+00 0.32 0.44 0.00 0.00 0.0000000E+00 0.00 0.00 15.87 0.00 0.00 0.0000000E+00 0.00 0.00 9891.92 15.87 400.00 171.48 38.75 14.38
1 315 2 0.00 0.00 0.0000000E+00 0.19 0.27 0.00 0.00 0.0000000E+00 0.00 0.00 15.41 0.00 0.00 0.0000000E+00 0.00 0.00 9891.92 15.41 400.00 171.48 38.75 14.38
1 316 2 0.00 0.00 0.0000000E+00 0.16 0.12 0.00 0.00 0.0000000E+00 0.00 0.00 15.13 0.00 0.00 0.0000000E+00 0.00 0.00 9891.92 15.13 400.00 171.48 38.75 14.38
1 317 2 0.00 0.00 0.0000000E+00 0.25 0.00 0.00 0.00 0.0000000E+00 0.00 0.00 14.88 0.00 0.00 0.0000000E+00 0.00 0.00 9891.92 14.88 400.00 171.48 38.75 14.38
1 318 2 0.00 0.00 0.0000000E+00 0.05 0.00 0.00 0.00 0.0000000E+00 0.00 0.00 14.84 0.00 0.00 0.0000000E+00 0.00 0.00 9891.92 14.84 400.00 171.48 38.75 14.38
1 319 2 0.00 0.00 0.0000000E+00 0.04 0.00 0.00 0.00 0.0000000E+00 0.00 0.00 14.80 0.00 0.00 0.0000000E+00 0.00 0.00 9891.92 14.80 400.00 171.48 38.75 14.38
1 320 2 0.00 0.00 0.0000000E+00 0.03 0.00 0.00 0.00 0.0000000E+00 0.00 0.00 14.77 0.00 0.00 0.0000000E+00 0.00 0.00 9891.92 14.77 400.00 171.48 38.75 14.38
1 321 2 0.00 0.00 0.0000000E+00 0.05 0.00 0.00 0.00 0.0000000E+00 0.00 0.00 14.72 0.00 0.00 0.0000000E+00 0.00 0.00 9891.92 14.72 400.00 171.48 38.75 14.38
1 322 2 0.00 0.00 0.0000000E+00 0.09 0.00 0.00 0.00 0.0000000E+00 0.00 0.00 14.63 0.00 0.00 0.0000000E+00 0.00 0.00 9891.92 14.63 400.00 171.48 38.75 14.38
1 323 2 0.30 0.00 0.0000000E+00 0.03 0.00 0.00 0.00 0.0000000E+00 0.00 0.00 14.60 0.00 0.30 0.0000000E+00 0.00 0.00 9891.92 14.60 400.00 171.48 38.75 14.38
1 324 2 0.30 0.60 0.0000000E+00 0.07 0.60 0.00 0.00 0.0000000E+00 0.00 0.00 14.53 0.00 0.00 0.0000000E+00 0.00 0.00 9891.92 14.53 400.00 171.48 38.75 14.38
1 325 2 0.40 0.40 0.0000000E+00 0.02 0.40 0.00 0.00 0.0000000E+00 0.00 0.00 14.51 0.00 0.00 0.0000000E+00 0.00 0.00 9891.92 14.51 400.00 171.48 38.75 14.38
1 326 2 2.80 2.62 0.0000000E+00 0.38 1.12 0.00 0.00 0.0000000E+00 0.00 0.00 15.63 0.00 0.18 0.0000000E+00 0.00 0.00 9891.92 15.63 400.00 171.48 38.75 14.38
1 327 2 0.00 0.18 0.0000000E+00 0.30 0.34 0.00 0.00 0.0000000E+00 0.00 0.00 15.18 0.00 0.00 0.0000000E+00 0.00 0.00 9891.92 15.18 400.00 171.48 38.75 14.38
1 328 2 0.00 0.00 0.0000000E+00 0.15 0.00 0.00 0.00 0.0000000E+00 0.00 0.00 15.03 0.00 0.00 0.0000000E+00 0.00 0.00 9891.92 15.03 400.00 171.48 38.75 14.38
1 329 2 2.40 2.40 0.0000000E+00 0.31 0.73 0.00 0.00 0.0000000E+00 0.00 0.00 16.39 0.00 0.00 0.0000000E+00 0.00 0.00 9891.92 16.39 400.00 171.48 38.75 14.38
1 330 2 1.70 0.00 0.0000000E+00 0.18 0.22 0.00 0.00 0.0000000E+00 0.00 0.00 15.99 0.00 1.70 0.0000000E+00 0.00 0.00 9891.92 15.99 400.00 171.48 38.75 14.38
1 331 2 0.00 1.70 0.0000000E+00 0.37 0.76 0.00 0.00 0.0000000E+00 0.00 0.00 16.56 0.00 0.00 0.0000000E+00 0.00 0.00 9891.92 16.56 400.00 171.48 38.75 14.38
1 332 2 2.00 0.00 0.0000000E+00 0.20 0.23 0.00 0.00 0.0000000E+00 0.00 0.00 16.13 0.00 2.00 0.0000000E+00 0.00 0.00 9891.92 16.13 400.00 171.48 38.75 14.38
1 333 2 0.00 2.00 0.0000000E+00 0.65 1.31 0.00 0.00 0.0000000E+00 0.00 0.00 16.16 0.00 0.00 0.0000000E+00 0.00 0.00 9891.92 16.16 400.00 171.48 38.75 14.38
1 334 2 0.00 0.00 0.0000000E+00 0.29 0.31 0.00 0.00 0.0000000E+00 0.00 0.00 15.55 0.00 0.00 0.0000000E+00 0.00 0.00 9891.92 15.55 400.00 171.48 38.75 14.38
1 335 2 0.30 0.06 0.0000000E+00 0.14 0.05 0.00 0.00 0.0000000E+00 0.00 0.00 15.39 0.00 0.24 0.0000000E+00 0.00 0.00 9891.92 15.39 400.00 171.48 38.75 14.38
1 336 2 1.80 0.00 0.0000000E+00 0.14 0.00 0.00 0.00 0.0000000E+00 0.00 0.00 15.25 0.00 2.04 0.0000000E+00 0.00 0.00 9891.92 15.25 400.00 171.48 38.75 14.38
1 337 2 0.50 0.17 0.0000000E+00 0.14 0.08 0.00 0.00 0.0000000E+00 0.00 0.00 15.11 0.00 2.37 0.0000000E+00 0.00 0.00 9891.92 15.11 400.00 171.48 38.75 14.38
1 338 2 1.50 3.87 0.0000000E+00 0.47 0.76 0.00 0.00 0.0000000E+00 0.00 0.00 17.76 0.00 0.00 0.0000000E+00 0.00 0.00 9891.92 17.76 400.00 171.48 38.75 14.38
1 339 2 0.00 0.00 0.0000000E+00 0.29 0.31 0.00 0.00 0.0000000E+00 0.00 0.00 17.16 0.00 0.00 0.0000000E+00 0.00 0.00 9891.92 17.16 400.00 171.48 38.75 14.38
1 340 2 0.00 0.00 0.0000000E+00 0.29 0.29 0.00 0.00 0.0000000E+00 0.00 0.00 16.58 0.00 0.00 0.0000000E+00 0.00 0.00 9891.92 16.58 400.00 171.48 38.75 14.38
1 341 2 2.90 2.90 0.0000000E+00 0.30 0.43 0.00 0.00 0.0000000E+00 0.00 0.00 18.75 0.00 0.00 0.0000000E+00 0.00 0.00 9891.92 18.75 400.00 171.48 38.75 14.38
1 342 2 1.40 1.40 0.0000000E+00 0.51 0.69 0.00 0.00 0.0000000E+00 0.00 0.00 18.95 0.00 0.00 0.0000000E+00 0.00 0.00 9891.92 18.95 400.00 171.48 38.75 14.38
1 343 2 0.20 0.20 0.0000000E+00 0.31 0.38 0.00 0.00 0.0000000E+00 0.00 0.00 18.46 0.00 0.00 0.0000000E+00 0.00 0.00 9891.92 18.46 400.00 171.48 38.75 14.38
1 344 2 0.40 0.00 0.0000000E+00 0.36 0.36 0.00 0.00 0.0000000E+00 0.00 0.00 17.74 0.00 0.40 0.0000000E+00 0.00 0.00 9891.92 17.74 400.00 171.48 38.75 14.38
1 345 2 0.00 0.00 0.0000000E+00 0.41 0.38 0.00 0.00 0.0000000E+00 0.00 0.00 16.95 0.00 0.40 0.0000000E+00 0.00 0.00 9891.92 16.95 400.00 171.48 38.75 14.38
1 346 2 0.00 0.40 0.0000000E+00 0.47 0.64 0.00 0.00 0.0000000E+00 0.00 0.00 16.24 0.00 0.00 0.0000000E+00 0.00 0.00 9891.92 16.24 400.00 171.48 38.75 14.38
1 347 2 0.00 0.00 0.0000000E+00 0.21 0.21 0.00 0.00 0.0000000E+00 0.00 0.00 15.82 0.00 0.00 0.0000000E+00 0.00 0.00 9891.92 15.82 400.00 171.48 38.75 14.38
1 348 2 0.00 0.00 0.0000000E+00 0.20 0.08 0.00 0.00 0.0000000E+00 0.00 0.00 15.53 0.00 0.00 0.0000000E+00 0.00 0.00 9891.92 15.53 400.00 171.48 38.75 14.38
1 349 2 0.40 0.30 0.0000000E+00 0.11 0.15 0.00 0.00 0.0000000E+00 0.00 0.00 15.42 0.00 0.10 0.0000000E+00 0.00 0.00 9891.92 15.42 400.00 171.48 38.75 14.38
1 350 2 2.90 3.00 0.0000000E+00 0.18 0.30 0.00 0.00 0.0000000E+00 0.00 0.00 17.94 0.00 0.00 0.0000000E+00 0.00 0.00 9891.92 17.94 400.00 171.48 38.75 14.38
1 351 2 0.00 0.00 0.0000000E+00 0.32 0.35 0.00 0.00 0.0000000E+00 0.00 0.00 17.28 0.00 0.00 0.0000000E+00 0.00 0.00 9891.92 17.28 400.00 171.48 38.75 14.38
1 352 2 0.00 0.00 0.0000000E+00 0.36 0.37 0.00 0.00 0.0000000E+00 0.00 0.00 16.56 0.00 0.00 0.0000000E+00 0.00 0.00 9891.92 16.56 400.00 171.48 38.75 14.38
1 353 2 0.00 0.00 0.0000000E+00 0.17 0.17 0.00 0.00 0.0000000E+00 0.00 0.00 16.21 0.00 0.00 0.0000000E+00 0.00 0.00 9891.92 16.21 400.00 171.48 38.75 14.38
1 354 2 0.00 0.00 0.0000000E+00 0.22 0.22 0.00 0.00 0.0000000E+00 0.00 0.00 15.77 0.00 0.00 0.0000000E+00 0.00 0.00 9891.92 15.77 400.00 171.48 38.75 14.38
1 355 2 0.00 0.00 0.0000000E+00 0.20 0.11 0.00 0.00 0.0000000E+00 0.00 0.00 15.46 0.00 0.00 0.0000000E+00 0.00 0.00 9891.92 15.46 400.00 171.48 38.75 14.38
1 356 2 5.90 5.90 0.0000000E+00 0.56 0.67 0.00 0.00 0.0000000E+00 0.00 0.00 20.14 0.00 0.00 0.0000000E+00 0.00 0.00 9891.92 20.14 400.00 171.48 38.75 14.38
1 357 2 0.90 0.00 0.0000000E+00 0.17 0.18 0.00 0.00 0.0000000E+00 0.00 0.00 19.79 0.00 0.90 0.0000000E+00 0.00 0.00 9891.92 19.79 400.00 171.48 38.75 14.38
1 358 2 0.10 0.00 0.0000000E+00 0.63 0.63 0.00 0.00 0.0000000E+00 0.00 0.00 18.52 0.00 1.00 0.0000000E+00 0.00 0.00 9891.92 18.52 400.00 171.48 38.75 14.38
1 359 2 1.50 0.00 0.0000000E+00 0.50 0.41 0.00 0.00 0.0000000E+00 0.00 0.00 17.61 0.00 2.50 0.0000000E+00 0.00 0.00 9891.92 17.61 400.00 171.48 38.75 14.38
1 360 2 0.90 0.00 0.0000000E+00 0.53 0.40 0.00 0.00 0.0000000E+00 0.00 0.00 16.68 0.00 3.40 0.0000000E+00 0.00 0.00 9891.92 16.68 400.00 171.48 38.75 14.38
1 361 2 1.50 0.00 0.0000000E+00 0.14 0.10 0.00 0.00 0.0000000E+00 0.00 0.00 16.45 0.00 4.90 0.0000000E+00 0.00 0.00 9891.92 16.45 400.00 171.48 38.75 14.38
1 362 2 0.00 4.90 0.0000000E+00 0.59 0.69 0.00 0.00 0.0000000E+00 0.00 0.00 20.06 0.00 0.00 0.0000000E+00 0.00 0.00 9891.92 20.06 400.00 171.48 38.75 14.38
1 363 2 0.00 0.00 0.0000000E+00 0.40 0.37 0.00 0.00 0.0000000E+00 0.00 0.00 19.29 0.00 0.00 0.0000000E+00 0.00 0.00 9891.92 19.29 400.00 171.48 38.75 14.38
1 364 2 2.20 0.00 0.0000000E+00 0.37 0.29 0.00 0.00 0.0000000E+00 0.00 0.00 18.64 0.00 2.20 0.0000000E+00 0.00 0.00 9891.92 18.64 400.00 171.48 38.75 14.38
1 365 2 0.20 0.00 0.0000000E+00 0.37 0.27 0.00 0.00 0.0000000E+00 0.00 0.00 17.99 0.00 2.40 0.0000000E+00 0.00 0.00 9891.92 17.99 400.00 171.48 38.75 14.38
1 1 3 0.00 0.00 0.0000000E+00 0.41 0.27 0.00 0.00 0.0000000E+00 0.00 0.00 17.32 0.00 2.40 0.0000000E+00 0.00 0.00 9891.92 17.32 400.00 171.48 38.75 14.38
1 2 3 2.10 4.50 0.0000000E+00 0.57 0.66 0.00 0.00 0.0000000E+00 0.00 0.00 20.59 0.00 0.00 0.0000000E+00 0.00 0.00 9891.92 20.59 400.00 171.48 38.75 14.38
1 3 3 0.00 0.00 0.0000000E+00 0.72 0.67 0.00 0.00 0.0000000E+00 0.00 0.00 19.19 0.00 0.00 0.0000000E+00 0.00 0.00 9891.92 19.19 400.00 171.48 38.75 14.38
1 4 3 0.00 0.00 0.0000000E+00 0.67 0.46 0.00 0.00 0.0000000E+00 0.00 0.00 18.07 0.00 0.00 0.0000000E+00 0.00 0.00 9891.92 18.07 400.00 171.48 38.75 14.38
1 5 3 0.00 0.00 0.0000000E+00 0.60 0.37 0.00 0.00 0.0000000E+00 0.00 0.00 17.10 0.00 0.00 0.0000000E+00 0.00 0.00 9891.92 17.10 400.00 171.48 38.75 14.38
1 6 3 0.80 0.80 0.0000000E+00 0.45 0.69 0.00 0.00 0.0000000E+00 0.00 0.00 16.67 0.00 0.00 0.0000000E+00 0.00 0.00 9891.92 16.67 400.00 171.48 38.75 14.38
1 7 3 0.50 0.00 0.0000000E+00 0.27 0.19 0.00 0.00 0.0000000E+00 0.00 0.00 16.21 0.00 0.50 0.0000000E+00 0.00 0.00 9891.92 16.21 400.00 171.48 38.75 14.38
1 8 3 0.00 0.50 0.0000000E+00 0.31 0.54 0.00 0.00 0.0000000E+00 0.00 0.00 15.86 0.00 0.00 0.0000000E+00 0.00 0.00 9891.92 15.86 400.00 171.48 38.75 14.38
1 9 3 0.00 0.00 0.0000000E+00 0.17 0.00 0.00 0.00 0.0000000E+00 0.00 0.00 15.70 0.00 0.00 0.0000000E+00 0.00 0.00 9891.92 15.70 400.00 171.48 38.75 14.38
1 10 3 0.00 0.00 0.0000000E+00 0.19 0.00 0.00 0.00 0.0000000E+00 0.00 0.00 15.50 0.00 0.00 0.0000000E+00 0.00 0.00 9891.92 15.50 400.00 171.48 38.75 14.38
1 11 3 1.40 0.00 0.0000000E+00 0.12 0.00 0.00 0.00 0.0000000E+00 0.00 0.00 15.39 0.00 1.40 0.0000000E+00 0.00 0.00 9891.92 15.39 400.00 171.48 38.75 14.38
1 12 3 0.00 0.00 0.0000000E+00 0.14 0.00 0.00 0.00 0.0000000E+00 0.00 0.00 15.24 0.00 1.40 0.0000000E+00 0.00 0.00 9891.92 15.24 400.00 171.48 38.75 14.38
1 13 3 1.70 3.10 0.0000000E+00 0.36 0.64 0.00 0.00 0.0000000E+00 0.00 0.00 17.34 0.00 0.00 0.0000000E+00 0.00 0.00 9891.92 17.34 400.00 171.48 38.75 14.38
1 14 3 0.10 0.10 0.0000000E+00 0.29 0.36 0.00 0.00 0.0000000E+00 0.00 0.00 16.80 0.00 0.00 0.0000000E+00 0.00 0.00 9891.92 16.80 400.00 171.48 38.75 14.38
1 15 3 1.50 1.50 0.0000000E+00 0.42 0.73 0.00 0.00 0.0000000E+00 0.00 0.00 17.15 0.00 0.00 0.0000000E+00 0.00 0.00 9891.92 17.15 400.00 171.48 38.75 14.38
1 16 3 0.00 0.00 0.0000000E+00 0.16 0.17 0.00 0.00 0.0000000E+00 0.00 0.00 16.81 0.00 0.00 0.0000000E+00 0.00 0.00 9891.92 16.81 400.00 171.48 38.75 14.38
1 17 3 0.00 0.00 0.0000000E+00 0.32 0.34 0.00 0.00 0.0000000E+00 0.00 0.00 16.16 0.00 0.00 0.0000000E+00 0.00 0.00 9891.92 16.16 400.00 171.48 38.75 14.38
1 18 3 0.00 0.00 0.0000000E+00 0.21 0.22 0.00 0.00 0.0000000E+00 0.00 0.00 15.73 0.00 0.00 0.0000000E+00 0.00 0.00 9891.92 15.73 400.00 171.48 38.75 14.38
1 19 3 0.80 0.00 0.0000000E+00 0.14 0.11 0.00 0.00 0.0000000E+00 0.00 0.00 15.48 0.00 0.80 0.0000000E+00 0.00 0.00 9891.92 15.48 400.00 171.48 38.75 14.38
1 20 3 3.70 1.85 0.0000000E+00 0.30 0.63 0.00 0.00 0.0000000E+00 0.00 0.00 16.40 0.00 2.65 0.0000000E+00 0.00 0.00 9891.92 16.40 400.00 171.48 38.75 14.38
1 21 3 2.80 5.45 0.0000000E+00 0.79 0.92 0.00 0.00 0.0000000E+00 0.00 0.00 20.14 0.00 0.00 0.0000000E+00 0.00 0.00 9891.92 20.14 400.00 171.48 38.75 14.38
1 22 3 1.10 0.00 0.0000000E+00 0.31 0.29 0.00 0.00 0.0000000E+00 0.00 0.00 19.54 0.00 1.10 0.0000000E+00 0.00 0.00 9891.92 19.54 400.00 171.48 38.75 14.38
1 23 3 0.00 0.00 0.0000000E+00 0.55 0.45 0.00 0.00 0.0000000E+00 0.00 0.00 18.53 0.00 1.10 0.0000000E+00 0.00 0.00 9891.92 18.53 400.00 171.48 38.75 14.38
1 24 3 0.00 0.00 0.0000000E+00 0.45 0.32 0.00 0.00 0.0000000E+00 0.00 0.00 17.76 0.00 1.10 0.0000000E+00 0.00 0.00 9891.92 17.76 400.00 171.48 38.75 14.38
1 25 3 0.00 0.00 0.0000000E+00 0.27 0.18 0.00 0.00 0.0000000E+00 0.00 0.00 17.31 0.00 1.10 0.0000000E+00 0.00 0.00 9891.92 17.31 400.00 171.48 38.75 14.38
1 26 3 0.50 0.00 0.0000000E+00 0.30 0.20 0.00 0.00 0.0000000E+00 0.00 0.00 16.81 0.00 1.60 0.0000000E+00 0.00 0.00 9891.92 16.81 400.00 171.48 38.75 14.38
1 27 3 0.00 0.00 0.0000000E+00 0.29 0.19 0.00 0.00 0.0000000E+00 0.00 0.00 16.33 0.00 1.60 0.0000000E+00 0.00 0.00 9891.92 16.33 400.00 171.48 38.75 14.38
1 28 3 0.00 1.60 0.0000000E+00 0.40 0.67 0.00 0.00 0.0000000E+00 0.00 0.00 16.86 0.00 0.00 0.0000000E+00 0.00 0.00 9891.92 16.86 400.00 171.48 38.75 14.38
1 29 3 0.30 0.00 0.0000000E+00 0.39 0.30 0.00 0.00 0.0000000E+00 0.00 0.00 16.17 0.00 0.30 0.0000000E+00 0.00 0.00 9891.92 16.17 400.00 171.48 38.75 14.38
1 30 3 0.00 0.30 0.0000000E+00 0.28 0.39 0.00 0.00 0.0000000E+00 0.00 0.00 15.80 0.00 0.00 0.0000000E+00 0.00 0.00 9891.92 15.80 400.00 171.48 38.75 14.38
1 31 3 0.10 0.00 0.0000000E+00 0.19 0.00 0.00 0.00 0.0000000E+00 0.00 0.00 15.61 0.00 0.10 0.0000000E+00 0.00 0.00 9891.92 15.61 400.00 171.48 38.75 14.38
1 32 3 0.00 0.00 0.0000000E+00 0.21 0.00 0.00 0.00 0.0000000E+00 0.00 0.00 15.40 0.00 0.10 0.0000000E+00 0.00 0.00 9891.92 15.40 400.00 171.48 38.75 14.38
1 33 3 0.00 0.00 0.0000000E+00 0.14 0.00 0.00 0.00 0.0000000E+00 0.00 0.00 15.26 0.00 0.10 0.0000000E+00 0.00 0.00 9891.92 15.26 400.00 171.48 38.75 14.38
1 34 3 0.00 0.00 0.0000000E+00 0.17 0.00 0.00 0.00 0.0000000E+00 0.00 0.00 15.08 0.00 0.10 0.0000000E+00 0.00 0.00 9891.92 15.08 400.00 171.48 38.75 14.38
1 35 3 0.00 0.10 0.0000000E+00 0.16 0.10 0.00 0.00 0.0000000E+00 0.00 0.00 14.93 0.00 0.00 0.0000000E+00 0.00 0.00 9891.92 14.93 400.00 171.48 38.75 14.38
1 36 3 2.40 2.40 0.0000000E+00 0.37 1.00 0.00 0.00 0.0000000E+00 0.00 0.00 15.95 0.00 0.00 0.0000000E+00 0.00 0.00 9891.92 15.95 400.00 171.48 38.75 14.38
1 37 3 0.60 0.60 0.0000000E+00 0.27 0.73 0.00 0.00 0.0000000E+00 0.00 0.00 15.55 0.00 0.00 0.0000000E+00 0.00 0.00 9891.92 15.55 400.00 171.48 38.75 14.38
1 38 3 3.40 2.91 0.0000000E+00 0.53 0.93 0.00 0.00 0.0000000E+00 0.00 0.00 17.00 0.00 0.49 0.0000000E+00 0.00 0.00 9891.92 17.00 400.00 171.48 38.75 14.38
1 39 3 0.60 1.09 0.0000000E+00 0.37 0.69 0.00 0.00 0.0000000E+00 0.00 0.00 16.78 0.00 0.00 0.0000000E+00 0.00 0.00 9891.92 16.78 400.00 171.48 38.75 14.38
1 40 3 0.00 0.00 0.0000000E+00 0.35 0.38 0.00 0.00 0.0000000E+00 0.00 0.00 16.05 0.00 0.00 0.0000000E+00 0.00 0.00 9891.92 16.05 400.00 171.48 38.75 14.38
1 41 3 0.00 0.00 0.0000000E+00 0.32 0.29 0.00 0.00 0.0000000E+00 0.00 0.00 15.44 0.00 0.00 0.0000000E+00 0.00 0.00 9891.92 15.44 400.00 171.48 38.75 14.38
1 42 3 0.00 0.00 0.0000000E+00 0.11 0.00 0.00 0.00 0.0000000E+00 0.00 0.00 15.33 0.00 0.00 0.0000000E+00 0.00 0.00 9891.92 15.33 400.00 171.48 38.75 14.38
1 43 3 0.00 0.00 0.0000000E+00 0.23 0.00 0.00 0.00 0.0000000E+00 0.00 0.00 15.10 0.00 0.00 0.0000000E+00 0.00 0.00 9891.92 15.10 400.00 171.48 38.75 14.38
1 44 3 2.50 2.50 0.0000000E+00 0.64 1.56 0.00 0.00 0.0000000E+00 0.00 0.00 15.40 0.00 0.00 0.0000000E+00 0.00 0.00 9891.92 15.40 400.00 171.48 38.75 14.38
1 45 3 0.70 0.00 0.0000000E+00 0.13 0.00 0.00 0.00 0.0000000E+00 0.00 0.00 15.27 0.00 0.70 0.0000000E+00 0.00 0.00 9891.92 15.27 400.00 171.48 38.75 14.38
1 46 3 0.00 0.00 0.0000000E+00 0.18 0.00 0.00 0.00 0.0000000E+00 0.00 0.00 15.09 0.00 0.70 0.0000000E+00 0.00 0.00 9891.92 15.09 400.00 171.48 38.75 14.38
1 47 3 0.00 0.00 0.0000000E+00 0.13 0.00 0.00 0.00 0.0000000E+00 0.00 0.00 14.97 0.00 0.70 0.0000000E+00 0.00 0.00 9891.92 14.97 400.00 171.48 38.75 14.38
1 48 3 0.00 0.00 0.0000000E+00 0.10 0.00 0.00 0.00 0.0000000E+00 0.00 0.00 14.86 0.00 0.70 0.0000000E+00 0.00 0.00 9891.92 14.86 400.00 171.48 38.75 14.38
1 49 3 0.00 0.70 0.0000000E+00 0.21 0.66 0.00 0.00 0.0000000E+00 0.00 0.00 14.65 0.00 0.00 0.0000000E+00 0.00 0.00 9891.92 14.65 400.00 171.48 38.75 14.38
1 50 3 0.00 0.00 0.0000000E+00 0.05 0.00 0.00 0.00 0.0000000E+00 0.00 0.00 14.60 0.00 0.00 0.0000000E+00 0.00 0.00 9891.92 14.60 400.00 171.48 38.75 14.38
1 51 3 0.00 0.00 0.0000000E+00 0.04 0.00 0.00 0.00 0.0000000E+00 0.00 0.00 14.56 0.00 0.00 0.0000000E+00 0.00 0.00 9891.92 14.56 400.00 171.48 38.75 14.38
1 52 3 0.20 0.10 0.0000000E+00 0.04 0.05 0.00 0.00 0.0000000E+00 0.00 0.00 14.53 0.00 0.10 0.0000000E+00 0.00 0.00 9891.92 14.53 400.00 171.48 38.75 14.38
1 53 3 0.40 0.50 0.0000000E+00 0.04 0.50 0.00 0.00 0.0000000E+00 0.00 0.00 14.49 0.00 0.00 0.0000000E+00 0.00 0.00 9891.92 14.49 400.00 171.48 38.75 14.38
1 54 3 0.60 0.00 0.0000000E+00 0.01 0.00 0.00 0.00 0.0000000E+00 0.00 0.00 14.48 0.00 0.60 0.0000000E+00 0.00 0.00 9891.92 14.48 400.00 171.48 38.75 14.38
1 55 3 0.50 1.10 0.0000000E+00 0.10 0.86 0.00 0.00 0.0000000E+00 0.00 0.00 14.62 0.00 0.00 0.0000000E+00 0.00 0.00 9891.92 14.62 400.00 171.48 38.75 14.38
1 56 3 0.00 0.00 0.0000000E+00 0.03 0.00 0.00 0.00 0.0000000E+00 0.00 0.00 14.59 0.00 0.00 0.0000000E+00 0.00 0.00 9891.92 14.59 400.00 171.48 38.75 14.38
1 57 3 0.00 0.00 0.0000000E+00 0.03 0.00 0.00 0.00 0.0000000E+00 0.00 0.00 14.56 0.00 0.00 0.0000000E+00 0.00 0.00 9891.92 14.56 400.00 171.48 38.75 14.38
1 58 3 0.00 0.00 0.0000000E+00 0.04 0.00 0.00 0.00 0.0000000E+00 0.00 0.00 14.52 0.00 0.00 0.0000000E+00 0.00 0.00 9891.92 14.52 400.00 171.48 38.75 14.38
1 59 3 0.00 0.00 0.0000000E+00 0.03 0.00 0.00 0.00 0.0000000E+00 0.00 0.00 14.49 0.00 0.00 0.0000000E+00 0.00 0.00 9891.92 14.49 400.00 171.48 38.75 14.38
1 60 3 0.60 0.00 0.0000000E+00 0.02 0.00 0.00 0.00 0.0000000E+00 0.00 0.00 14.47 0.00 0.60 0.0000000E+00 0.00 0.00 9891.92 14.47 400.00 171.48 38.75 14.38
1 61 3 0.00 0.60 0.0000000E+00 0.03 0.60 0.00 0.00 0.0000000E+00 0.00 0.00 14.44 0.00 0.00 0.0000000E+00 0.00 0.00 9891.92 14.44 400.00 171.48 38.75 14.38
1 62 3 0.60 0.60 0.0000000E+00 0.02 0.60 0.00 0.00 0.0000000E+00 0.00 0.00 14.42 0.00 0.00 0.0000000E+00 0.00 0.00 9891.92 14.42 400.00 171.48 38.75 14.38
1 63 3 1.90 1.90 0.0000000E+00 0.22 1.23 0.00 0.00 0.0000000E+00 0.00 0.00 14.87 0.00 0.00 0.0000000E+00 0.00 0.00 9891.92 14.87 400.00 171.48 38.75 14.38
1 64 3 7.70 7.70 0.0000000E+00 1.15 1.35 0.00 0.00 0.0000000E+00 0.00 0.00 20.07 0.00 0.00 0.0000000E+00 0.00 0.00 9891.92 20.07 400.00 171.48 38.75 14.38
1 65 3 0.00 0.00 0.0000000E+00 1.18 1.24 0.00 0.00 0.0000000E+00 0.00 0.00 17.65 0.00 0.00 0.0000000E+00 0.00 0.00 9891.92 17.65 400.00 171.48 38.75 14.38
1 66 3 0.00 0.00 0.0000000E+00 0.72 0.54 0.00 0.00 0.0000000E+00 0.00 0.00 16.38 0.00 0.00 0.0000000E+00 0.00 0.00 9891.92 16.38 400.00 171.48 38.75 14.38
1 67 3 0.00 0.00 0.0000000E+00 0.43 0.15 0.00 0.00 0.0000000E+00 0.00 0.00 15.81 0.00 0.00 0.0000000E+00 0.00 0.00 9891.92 15.81 400.00 171.48 38.75 14.38
1 68 3 0.70 0.47 0.0000000E+00 0.29 0.23 0.00 0.00 0.0000000E+00 0.00 0.00 15.52 0.00 0.23 0.0000000E+00 0.00 0.00 9891.92 15.52 400.00 171.48 38.75 14.38
1 69 3 0.00 0.23 0.0000000E+00 0.42 0.23 0.00 0.00 0.0000000E+00 0.00 0.00 15.10 0.00 0.00 0.0000000E+00 0.00 0.00 9891.92 15.10 400.00 171.48 38.75 14.38
1 70 3 3.50 3.50 0.0000000E+00 0.80 1.55 0.00 0.00 0.0000000E+00 0.00 0.00 16.25 0.00 0.00 0.0000000E+00 0.00 0.00 9891.92 16.25 400.00 171.48 38.75 14.38
1 71 3 0.00 0.00 0.0000000E+00 0.33 0.36 0.00 0.00 0.0000000E+00 0.00 0.00 15.56 0.00 0.00 0.0000000E+00 0.00 0.00 9891.92 15.56 400.00 171.48 38.75 14.38
1 72 3 0.00 0.00 0.0000000E+00 0.31 0.02 0.00 0.00 0.0000000E+00 0.00 0.00 15.23 0.00 0.00 0.0000000E+00 0.00 0.00 9891.92 15.23 400.00 171.48 38.75 14.38
1 73 3 0.00 0.00 0.0000000E+00 0.19 0.00 0.00 0.00 0.0000000E+00 0.00 0.00 15.04 0.00 0.00 0.0000000E+00 0.00 0.00 9891.92 15.04 400.00 171.48 38.75 14.38
1 74 3 1.60 0.00 0.0000000E+00 0.16 0.00 0.00 0.00 0.0000000E+00 0.00 0.00 14.88 0.00 1.60 0.0000000E+00 0.00 0.00 9891.92 14.88 400.00 171.48 38.75 14.38
1 75 3 0.90 2.50 0.0000000E+00 0.57 1.56 0.00 0.00 0.0000000E+00 0.00 0.00 15.26 0.00 0.00 0.0000000E+00 0.00 0.00 9891.92 15.26 400.00 171.48 38.75 14.38
1 76 3 1.60 0.00 0.0000000E+00 0.19 0.00 0.00 0.00 0.0000000E+00 0.00 0.00 15.06 0.00 1.60 0.0000000E+00 0.00 0.00 9891.92 15.06 400.00 171.48 38.75 14.38
1 77 3 0.00 1.60 0.0000000E+00 0.37 1.11 0.00 0.00 0.0000000E+00 0.00 0.00 15.19 0.00 0.00 0.0000000E+00 0.00 0.00 9891.92 15.19 400.00 171.48 38.75 14.38
1 78 3 0.00 0.00 0.0000000E+00 0.24 0.00 0.00 0.00 0.0000000E+00 0.00 0.00 14.95 0.00 0.00 0.0000000E+00 0.00 0.00 9891.92 14.95 400.00 171.48 38.75 14.38
1 79 3 0.00 0.00 0.0000000E+00 0.18 0.00 0.00 0.00 0.0000000E+00 0.00 0.00 14.77 0.00 0.00 0.0000000E+00 0.00 0.00 9891.92 14.77 400.00 171.48 38.75 14.38
1 80 3 0.20 0.20 0.0000000E+00 0.14 0.20 0.00 0.00 0.0000000E+00 0.00 0.00 14.63 0.00 0.00 0.0000000E+00 0.00 0.00 9891.92 14.63 400.00 171.48 38.75 14.38
1 81 3 0.00 0.00 0.0000000E+00 0.07 0.00 0.00 0.00 0.0000000E+00 0.00 0.00 14.56 0.00 0.00 0.0000000E+00 0.00 0.00 9891.92 14.56 400.00 171.48 38.75 14.38
1 82 3 0.00 0.00 0.0000000E+00 0.04 0.00 0.00 0.00 0.0000000E+00 0.00 0.00 14.51 0.00 0.00 0.0000000E+00 0.00 0.00 9891.92 14.51 400.00 171.48 38.75 14.38
1 83 3 0.00 0.00 0.0000000E+00 0.05 0.00 0.00 0.00 0.0000000E+00 0.00 0.00 14.47 0.00 0.00 0.0000000E+00 0.00 0.00 9891.92 14.47 400.00 171.48 38.75 14.38
1 84 3 0.00 0.00 0.0000000E+00 0.02 0.00 0.00 0.00 0.0000000E+00 0.00 0.00 14.45 0.00 0.00 0.0000000E+00 0.00 0.00 9891.92 14.45 400.00 171.48 38.75 14.38
1 85 3 1.60 1.60 0.0000000E+00 0.17 1.00 0.00 0.00 0.0000000E+00 0.00 0.00 14.88 0.00 0.00 0.0000000E+00 0.00 0.00 9891.92 14.88 400.00 171.48 38.75 14.38
1 86 3 0.60 0.60 0.0000000E+00 0.18 0.69 0.00 0.00 0.0000000E+00 0.00 0.00 14.61 0.00 0.00 0.0000000E+00 0.00 0.00 9891.92 14.61 400.00 171.48 38.75 14.38
1 87 3 0.00 0.00 0.0000000E+00 0.09 0.00 0.00 0.00 0.0000000E+00 0.00 0.00 14.53 0.00 0.00 0.0000000E+00 0.00 0.00 9891.92 14.53 400.00 171.48 38.75 14.38
1 88 3 0.00 0.00 0.0000000E+00 0.03 0.00 0.00 0.00 0.0000000E+00 0.00 0.00 14.49 0.00 0.00 0.0000000E+00 0.00 0.00 9891.92 14.49 400.00 171.48 38.75 14.38
1 89 3 0.00 0.00 0.0000000E+00 0.04 0.00 0.00 0.00 0.0000000E+00 0.00 0.00 14.46 0.00 0.00 0.0000000E+00 0.00 0.00 9891.92 14.46 400.00 171.48 38.75 14.38
1 90 3 0.00 0.00 0.0000000E+00 0.03 0.00 0.00 0.00 0.0000000E+00 0.00 0.00 14.43 0.00 0.00 0.0000000E+00 0.00 0.00 9891.92 14.43 400.00 171.48 38.75 14.38
1 91 3 0.00 0.00 0.0000000E+00 0.02 0.00 0.00 0.00 0.0000000E+00 0.00 0.00 14.41 0.00 0.00 0.0000000E+00 0.00 0.00 9891.92 14.41 400.00 171.48 38.75 14.38
1 92 3 0.00 0.00 0.0000000E+00 0.01 0.00 0.00 0.00 0.0000000E+00 0.00 0.00 14.40 0.00 0.00 0.0000000E+00 0.00 0.00 9891.92 14.40 400.00 171.48 38.75 14.38
1 93 3 0.60 0.60 0.0000000E+00 0.01 0.60 0.00 0.00 0.0000000E+00 0.00 0.00 14.40 0.00 0.00 0.0000000E+00 0.00 0.00 9891.92 14.40 400.00 171.48 38.75 14.38
1 94 3 0.00 0.00 0.0000000E+00 0.00 0.00 0.00 0.00 0.0000000E+00 0.00 0.00 14.39 0.00 0.00 0.0000000E+00 0.00 0.00 9891.92 14.39 400.00 171.48 38.75 14.38
1 95 3 0.00 0.00 0.0000000E+00 0.00 0.00 0.00 0.00 0.0000000E+00 0.00 0.00 14.39 0.00 0.00 0.0000000E+00 0.00 0.00 9891.92 14.39 400.00 171.48 38.75 14.38
1 96 3 0.00 0.00 0.0000000E+00 0.00 0.00 0.00 0.00 0.0000000E+00 0.00 0.00 14.39 0.00 0.00 0.0000000E+00 0.00 0.00 9891.92 14.39 400.00 171.48 38.75 14.38
1 97 3 0.00 0.00 0.0000000E+00 0.00 0.00 0.00 0.00 0.0000000E+00 0.00 0.00 14.39 0.00 0.00 0.0000000E+00 0.00 0.00 9891.92 14.39 400.00 171.48 38.75 14.38
1 98 3 0.00 0.00 0.0000000E+00 0.00 0.00 0.00 0.00 0.0000000E+00 0.00 0.00 14.39 0.00 0.00 0.0000000E+00 0.00 0.00 9891.92 14.39 400.00 171.48 38.75 14.38
1 99 3 0.00 0.00 0.0000000E+00 0.00 0.00 0.00 0.00 0.0000000E+00 0.00 0.00 14.39 0.00 0.00 0.0000000E+00 0.00 0.00 9891.92 14.39 400.00 171.48 38.75 14.38
1 100 3 0.00 0.00 0.0000000E+00 0.00 0.00 0.00 0.00 0.0000000E+00 0.00 0.00 14.39 0.00 0.00 0.0000000E+00 0.00 0.00 9891.92 14.39 400.00 171.48 38.75 14.38
1 101 3 0.00 0.00 0.0000000E+00 0.00 0.00 0.00 0.00 0.0000000E+00 0.00 0.00 14.39 0.00 0.00 0.0000000E+00 0.00 0.00 9891.92 14.39 400.00 171.48 38.75 14.38
1 102 3 0.00 0.00 0.0000000E+00 0.00 0.00 0.00 0.00 0.0000000E+00 0.00 0.00 14.39 0.00 0.00 0.0000000E+00 0.00 0.00 9891.92 14.39 400.00 171.48 38.75 14.38
1 103 3 0.00 0.00 0.0000000E+00 0.00 0.00 0.00 0.00 0.0000000E+00 0.00 0.00 14.39 0.00 0.00 0.0000000E+00 0.00 0.00 9891.92 14.39 400.00 171.48 38.75 14.38
1 104 3 4.80 0.00 0.0000000E+00 0.00 0.00 0.00 0.00 0.0000000E+00 0.00 0.00 14.39 0.00 4.80 0.0000000E+00 0.00 0.00 9891.92 14.39 400.00 171.48 38.75 14.38
1 105 3 1.00 5.80 0.0000000E+00 1.41 2.25 0.00 0.00 0.0000000E+00 0.00 0.00 16.53 0.00 0.00 0.0000000E+00 0.00 0.00 9891.92 16.53 400.00 171.48 38.75 14.38
1 106 3 0.80 0.00 0.0000000E+00 0.55 0.61 0.00 0.00 0.0000000E+00 0.00 0.00 15.37 0.00 0.80 0.0000000E+00 0.00 0.00 9891.92 15.37 400.00 171.48 38.75 14.38
1 107 3 2.60 3.40 0.0000000E+00 1.15 2.01 0.00 0.00 0.0000000E+00 0.00 0.00 15.61 0.00 0.00 0.0000000E+00 0.00 0.00 9891.92 15.61 400.00 171.48 38.75 14.38
1 108 3 0.00 0.00 0.0000000E+00 0.47 0.00 0.00 0.00 0.0000000E+00 0.00 0.00 15.14 0.00 0.00 0.0000000E+00 0.00 0.00 9891.92 15.14 400.00 171.48 38.75 14.38
1 109 3 0.00 0.00 0.0000000E+00 0.28 0.00 0.00 0.00 0.0000000E+00 0.00 0.00 14.87 0.00 0.00 0.0000000E+00 0.00 0.00 9891.92 14.87 400.00 171.48 38.75 14.38
1 110 3 0.00 0.00 0.0000000E+00 0.20 0.00 0.00 0.00 0.0000000E+00 0.00 0.00 14.66 0.00 0.00 0.0000000E+00 0.00 0.00 9891.92 14.66 400.00 171.48 38.75 14.38
1 111 3 0.00 0.00 0.0000000E+00 0.12 0.00 0.00 0.00 0.0000000E+00 0.00 0.00 14.54 0.00 0.00 0.0000000E+00 0.00 0.00 9891.92 14.54 400.00 171.48 38.75 14.38
1 112 3 0.00 0.00 0.0000000E+00 0.07 0.00 0.00 0.00 0.0000000E+00 0.00 0.00 14.47 0.00 0.00 0.0000000E+00 0.00 0.00 9891.92 14.47 400.00 171.48 38.75 14.38
1 113 3 0.00 0.00 0.0000000E+00 0.03 0.00 0.00 0.00 0.0000000E+00 0.00 0.00 14.44 0.00 0.00 0.0000000E+00 0.00 0.00 9891.92 14.44 400.00 171.48 38.75 14.38
1 114 3 0.00 0.00 0.0000000E+00 0.02 0.00 0.00 0.00 0.0000000E+00 0.00 0.00 14.41 0.00 0.00 0.0000000E+00 0.00 0.00 9891.92 14.41 400.00 171.48 38.75 14.38
1 115 3 3.80 3.80 0.0000000E+00 0.54 1.19 0.00 0.00 0.0000000E+00 0.00 0.00 16.49 0.00 0.00 0.0000000E+00 0.00 0.00 9891.92 16.49 400.00 171.48 38.75 14.38
1 116 3 0.00 0.00 0.0000000E+00 0.53 0.82 0.00 0.00 0.0000000E+00 0.00 0.00 15.13 0.00 0.00 0.0000000E+00 0.00 0.00 9891.92 15.13 400.00 171.48 38.75 14.38
1 117 3 0.00 0.00 0.0000000E+00 0.23 0.00 0.00 0.00 0.0000000E+00 0.00 0.00 14.89 0.00 0.00 0.0000000E+00 0.00 0.00 9891.92 14.89 400.00 171.48 38.75 14.38
1 118 3 0.00 0.00 0.0000000E+00 0.24 0.00 0.00 0.00 0.0000000E+00 0.00 0.00 14.66 0.00 0.00 0.0000000E+00 0.00 0.00 9891.92 14.66 400.00 171.48 38.75 14.38
1 119 3 0.00 0.00 0.0000000E+00 0.13 0.00 0.00 0.00 0.0000000E+00 0.00 0.00 14.53 0.00 0.00 0.0000000E+00 0.00 0.00 9891.92 14.53 400.00 171.48 38.75 14.38
1 120 3 0.00 0.00 0.0000000E+00 0.04 0.00 0.00 0.00 0.0000000E+00 0.00 0.00 14.49 0.00 0.00 0.0000000E+00 0.00 0.00 9891.92 14.49 400.00 171.48 38.75 14.38
1 121 3 0.00 0.00 0.0000000E+00 0.04 0.00 0.00 0.00 0.0000000E+00 0.00 0.00 14.44 0.00 0.00 0.0000000E+00 0.00 0.00 9891.92 14.44 400.00 171.48 38.75 14.38
1 122 3 0.00 0.00 0.0000000E+00 0.03 0.00 0.00 0.00 0.0000000E+00 0.00 0.00 14.42 0.00 0.00 0.0000000E+00 0.00 0.00 9891.92 14.42 400.00 171.48 38.75 14.38
1 123 3 0.00 0.00 0.0000000E+00 0.01 0.00 0.00 0.00 0.0000000E+00 0.00 0.00 14.40 0.00 0.00 0.0000000E+00 0.00 0.00 9891.92 14.40 400.00 171.48 38.75 14.38
1 124 3 0.00 0.00 0.0000000E+00 0.01 0.00 0.00 0.00 0.0000000E+00 0.00 0.00 14.39 0.00 0.00 0.0000000E+00 0.00 0.00 9891.92 14.39 400.00 171.48 38.75 14.38
1 125 3 0.00 0.00 0.0000000E+00 0.00 0.00 0.00 0.00 0.0000000E+00 0.00 0.00 14.39 0.00 0.00 0.0000000E+00 0.00 0.00 9891.92 14.39 400.00 171.48 38.75 14.38
1 126 3 0.00 0.00 0.0000000E+00 0.00 0.00 0.00 0.00 0.0000000E+00 0.00 0.00 14.39 0.00 0.00 0.0000000E+00 0.00 0.00 9891.92 14.39 400.00 171.48 38.75 14.38
1 127 3 0.00 0.00 0.0000000E+00 0.00 0.00 0.00 0.00 0.0000000E+00 0.00 0.00 14.39 0.00 0.00 0.0000000E+00 0.00 0.00 9891.92 14.39 400.00 171.48 38.75 14.38
1 128 3 0.00 0.00 0.0000000E+00 0.00 0.00 0.00 0.00 0.0000000E+00 0.00 0.00 14.39 0.00 0.00 0.0000000E+00 0.00 0.00 9891.92 14.39 400.00 171.48 38.75 14.38
1 129 3 6.10 6.10 0.0000000E+00 1.02 1.46 0.00 0.00 0.0000000E+00 0.00 0.00 18.01 0.00 0.00 0.0000000E+00 0.00 0.00 9891.92 18.01 400.00 171.48 38.75 14.38
1 130 3 0.00 0.00 0.0000000E+00 0.93 1.11 0.00 0.00 0.0000000E+00 0.00 0.00 15.96 0.00 0.00 0.0000000E+00 0.00 0.00 9891.92 15.96 400.00 171.48 38.75 14.38
1 131 3 0.00 0.00 0.0000000E+00 0.67 0.23 0.00 0.00 0.0000000E+00 0.00 0.00 15.06 0.00 0.00 0.0000000E+00 0.00 0.00 9891.92 15.06 400.00 171.48 38.75 14.38
1 132 3 0.00 0.00 0.0000000E+00 0.27 0.00 0.00 0.00 0.0000000E+00 0.00 0.00 14.79 0.00 0.00 0.0000000E+00 0.00 0.00 9891.92 14.79 400.00 171.48 38.75 14.38
1 133 3 1.30 1.30 0.0000000E+00 0.36 0.96 0.00 0.00 0.0000000E+00 0.00 0.00 14.77 0.00 0.00 0.0000000E+00 0.00 0.00 9891.92 14.77 400.00 171.48 38.75 14.38
1 134 3 0.00 0.00 0.0000000E+00 0.18 0.00 0.00 0.00 0.0000000E+00 0.00 0.00 14.59 0.00 0.00 0.0000000E+00 0.00 0.00 9891.92 14.59 400.00 171.48 38.75 14.38
1 135 3 0.00 0.00 0.0000000E+00 0.10 0.00 0.00 0.00 0.0000000E+00 0.00 0.00 14.50 0.00 0.00 0.0000000E+00 0.00 0.00 9891.92 14.50 400.00 171.48 38.75 14.38
1 136 3 0.00 0.00 0.0000000E+00 0.05 0.00 0.00 0.00 0.0000000E+00 0.00 0.00 14.44 0.00 0.00 0.0000000E+00 0.00 0.00 9891.92 14.44 400.00 171.48 38.75 14.38
1 137 3 0.00 0.00 0.0000000E+00 0.03 0.00 0.00 0.00 0.0000000E+00 0.00 0.00 14.42 0.00 0.00 0.0000000E+00 0.00 0.00 9891.92 14.42 400.00 171.48 38.75 14.38
1 138 3 0.00 0.00 0.0000000E+00 0.01 0.00 0.00 0.00 0.0000000E+00 0.00 0.00 14.40 0.00 0.00 0.0000000E+00 0.00 0.00 9891.92 14.40 400.00 171.48 38.75 14.38
1 139 3 0.00 0.00 0.0000000E+00 0.01 0.00 0.00 0.00 0.0000000E+00 0.00 0.00 14.40 0.00 0.00 0.0000000E+00 0.00 0.00 9891.92 14.40 400.00 171.48 38.75 14.38
1 140 3 5.80 5.80 0.0000000E+00 1.46 2.34 0.00 0.00 0.0000000E+00 0.00 0.00 16.40 0.00 0.00 0.0000000E+00 0.00 0.00 9891.92 16.40 400.00 171.48 38.75 14.38
1 141 3 0.30 0.30 0.0000000E+00 0.50 0.77 0.00 0.00 0.0000000E+00 0.00 0.00 15.43 0.00 0.00 0.0000000E+00 0.00 0.00 9891.92 15.43 400.00 171.48 38.75 14.38
1 142 3 0.00 0.00 0.0000000E+00 0.36 0.05 0.00 0.00 0.0000000E+00 0.00 0.00 15.01 0.00 0.00 0.0000000E+00 0.00 0.00 9891.92 15.01 400.00 171.48 38.75 14.38
1 143 3 0.00 0.00 0.0000000E+00 0.29 0.00 0.00 0.00 0.0000000E+00 0.00 0.00 14.72 0.00 0.00 0.0000000E+00 0.00 0.00 9891.92 14.72 400.00 171.48 38.75 14.38
1 144 3 0.00 0.00 0.0000000E+00 0.14 0.00 0.00 0.00 0.0000000E+00 0.00 0.00 14.58 0.00 0.00 0.0000000E+00 0.00 0.00 9891.92 14.58 400.00 171.48 38.75 14.38
1 145 3 0.30 0.30 0.0000000E+00 0.07 0.30 0.00 0.00 0.0000000E+00 0.00 0.00 14.51 0.00 0.00 0.0000000E+00 0.00 0.00 9891.92 14.51 400.00 171.48 38.75 14.38
1 146 3 1.90 1.90 0.0000000E+00 0.47 1.26 0.00 0.00 0.0000000E+00 0.00 0.00 14.69 0.00 0.00 0.0000000E+00 0.00 0.00 9891.92 14.69 400.00 171.48 38.75 14.38
1 147 3 1.50 1.50 0.0000000E+00 0.35 1.06 0.00 0.00 0.0000000E+00 0.00 0.00 14.78 0.00 0.00 0.0000000E+00 0.00 0.00 9891.92 14.78 400.00 171.48 38.75 14.38
1 148 3 4.50 4.50 0.0000000E+00 1.31 2.53 0.00 0.00 0.0000000E+00 0.00 0.00 15.43 0.00 0.00 0.0000000E+00 0.00 0.00 9891.92 15.43 400.00 171.48 38.75 14.38
1 149 3 0.00 0.00 0.0000000E+00 0.48 0.01 0.00 0.00 0.0000000E+00 0.00 0.00 14.94 0.00 0.00 0.0000000E+00 0.00 0.00 9891.92 14.94 400.00 171.48 38.75 14.38
1 150 3 0.00 0.00 0.0000000E+00 0.25 0.00 0.00 0.00 0.0000000E+00 0.00 0.00 14.68 0.00 0.00 0.0000000E+00 0.00 0.00 9891.92 14.68 400.00 171.48 38.75 14.38
1 151 3 0.00 0.00 0.0000000E+00 0.14 0.00 0.00 0.00 0.0000000E+00 0.00 0.00 14.54 0.00 0.00 0.0000000E+00 0.00 0.00 9891.92 14.54 400.00 171.48 38.75 14.38
1 152 3 0.00 0.00 0.0000000E+00 0.07 0.00 0.00 0.00 0.0000000E+00 0.00 0.00 14.47 0.00 0.00 0.0000000E+00 0.00 0.00 9891.92 14.47 400.00 171.48 38.75 14.38
1 153 3 19.60 19.60 0.0000000E+00 2.15 2.51 0.00 0.00 0.0000000E+00 0.00 0.00 29.41 0.00 0.00 0.0000000E+00 0.00 0.00 9891.92 29.41 400.00 171.48 38.75 14.38
1 154 3 2.60 2.60 0.0000000E+00 3.13 3.60 0.00 0.00 0.0000000E+00 0.00 0.00 25.28 0.00 0.00 0.0000000E+00 0.00 0.00 9891.92 25.28 400.00 171.48 38.75 14.38
1 155 3 4.80 4.80 0.0000000E+00 3.27 3.71 0.00 0.00 0.0000000E+00 0.00 0.00 23.10 0.00 0.00 0.0000000E+00 0.00 0.00 9891.92 23.10 400.00 171.48 38.75 14.38
1 156 3 0.00 0.00 0.0000000E+00 2.44 0.21 0.00 0.00 0.0000000E+00 0.00 0.00 20.44 0.00 0.00 0.0000000E+00 0.00 0.00 9891.92 20.44 400.00 171.48 38.75 14.38
1 157 3 0.00 0.00 0.0000000E+00 1.89 0.00 0.00 0.00 0.0000000E+00 0.00 0.00 18.55 0.00 0.00 0.0000000E+00 0.00 0.00 9891.92 18.55 400.00 171.48 38.75 14.38
1 158 3 0.00 0.00 0.0000000E+00 1.59 0.00 0.00 0.00 0.0000000E+00 0.00 0.00 16.96 0.00 0.00 0.0000000E+00 0.00 0.00 9891.92 16.96 400.00 171.48 38.75 14.38
1 159 3 0.00 0.00 0.0000000E+00 0.90 0.00 0.00 0.00 0.0000000E+00 0.00 0.00 16.05 0.00 0.00 0.0000000E+00 0.00 0.00 9891.92 16.05 400.00 171.48 38.75 14.38
1 160 3 0.00 0.00 0.0000000E+00 0.54 0.00 0.00 0.00 0.0000000E+00 0.00 0.00 15.52 0.00 0.00 0.0000000E+00 0.00 0.00 9891.92 15.52 400.00 171.48 38.75 14.38
1 161 3 0.00 0.00 0.0000000E+00 0.34 0.00 0.00 0.00 0.0000000E+00 0.00 0.00 15.18 0.00 0.00 0.0000000E+00 0.00 0.00 9891.92 15.18 400.00 171.48 38.75 14.38
1 162 3 0.00 0.00 0.0000000E+00 0.22 0.00 0.00 0.00 0.0000000E+00 0.00 0.00 14.95 0.00 0.00 0.0000000E+00 0.00 0.00 9891.92 14.95 400.00 171.48 38.75 14.38
1 163 3 0.00 0.00 0.0000000E+00 0.15 0.00 0.00 0.00 0.0000000E+00 0.00 0.00 14.80 0.00 0.00 0.0000000E+00 0.00 0.00 9891.92 14.80 400.00 171.48 38.75 14.38
1 164 3 15.60 15.60 0.0000000E+00 2.16 2.52 0.00 0.00 0.0000000E+00 0.00 0.00 25.73 0.00 0.00 0.0000000E+00 0.00 0.00 9891.92 25.73 400.00 171.48 38.75 14.38
1 165 3 0.00 0.00 0.0000000E+00 2.75 3.21 0.00 0.00 0.0000000E+00 0.00 0.00 19.76 0.00 0.00 0.0000000E+00 0.00 0.00 9891.92 19.76 400.00 171.48 38.75 14.38
1 166 3 0.00 0.00 0.0000000E+00 1.99 0.37 0.00 0.00 0.0000000E+00 0.00 0.00 17.40 0.00 0.00 0.0000000E+00 0.00 0.00 9891.92 17.40 400.00 171.48 38.75 14.38
1 167 3 0.00 0.00 0.0000000E+00 1.33 0.00 0.00 0.00 0.0000000E+00 0.00 0.00 16.07 0.00 0.00 0.0000000E+00 0.00 0.00 9891.92 16.07 400.00 171.48 38.75 14.38
1 168 3 0.00 0.00 0.0000000E+00 0.71 0.00 0.00 0.00 0.0000000E+00 0.00 0.00 15.36 0.00 0.00 0.0000000E+00 0.00 0.00 9891.92 15.36 400.00 171.48 38.75 14.38
1 169 3 0.00 0.00 0.0000000E+00 0.39 0.00 0.00 0.00 0.0000000E+00 0.00 0.00 14.96 0.00 0.00 0.0000000E+00 0.00 0.00 9891.92 14.96 400.00 171.48 38.75 14.38
1 170 3 0.00 0.00 0.0000000E+00 0.22 0.00 0.00 0.00 0.0000000E+00 0.00 0.00 14.74 0.00 0.00 0.0000000E+00 0.00 0.00 9891.92 14.74 400.00 171.48 38.75 14.38
1 171 3 0.00 0.00 0.0000000E+00 0.13 0.00 0.00 0.00 0.0000000E+00 0.00 0.00 14.61 0.00 0.00 0.0000000E+00 0.00 0.00 9891.92 14.61 400.00 171.48 38.75 14.38
1 172 3 1.20 1.20 0.0000000E+00 0.27 0.91 0.00 0.00 0.0000000E+00 0.00 0.00 14.63 0.00 0.00 0.0000000E+00 0.00 0.00 9891.92 14.63 400.00 171.48 38.75 14.38
1 173 3 11.20 11.20 0.0000000E+00 2.86 3.35 0.00 0.00 0.0000000E+00 0.00 0.00 19.63 0.00 0.00 0.0000000E+00 0.00 0.00 9891.92 19.63 400.00 171.48 38.75 14.38
1 174 3 0.30 0.30 0.0000000E+00 2.47 1.46 0.00 0.00 0.0000000E+00 0.00 0.00 16.00 0.00 0.00 0.0000000E+00 0.00 0.00 9891.92 16.00 400.00 171.48 38.75 14.38
1 175 3 0.00 0.00 0.0000000E+00 0.73 0.00 0.00 0.00 0.0000000E+00 0.00 0.00 15.27 0.00 0.00 0.0000000E+00 0.00 0.00 9891.92 15.27 400.00 171.48 38.75 14.38
1 176 3 0.00 0.00 0.0000000E+00 0.39 0.00 0.00 0.00 0.0000000E+00 0.00 0.00 14.87 0.00 0.00 0.0000000E+00 0.00 0.00 9891.92 14.87 400.00 171.48 38.75 14.38
1 177 3 9.30 9.30 0.0000000E+00 3.75 4.39 0.00 0.00 0.0000000E+00 0.00 0.00 16.04 0.00 0.00 0.0000000E+00 0.00 0.00 9891.92 16.04 400.00 171.48 38.75 14.38
1 178 3 0.80 0.80 0.0000000E+00 0.77 0.87 0.00 0.00 0.0000000E+00 0.00 0.00 15.10 0.00 0.00 0.0000000E+00 0.00 0.00 9891.92 15.10 400.00 171.48 38.75 14.38
1 179 3 0.30 0.30 0.0000000E+00 0.32 0.30 0.00 0.00 0.0000000E+00 0.00 0.00 14.78 0.00 0.00 0.0000000E+00 0.00 0.00 9891.92 14.78 400.00 171.48 38.75 14.38
1 180 3 0.00 0.00 0.0000000E+00 0.18 0.00 0.00 0.00 0.0000000E+00 0.00 0.00 14.61 0.00 0.00 0.0000000E+00 0.00 0.00 9891.92 14.61 400.00 171.48 38.75 14.38
1 181 3 0.00 0.00 0.0000000E+00 0.10 0.00 0.00 0.00 0.0000000E+00 0.00 0.00 14.51 0.00 0.00 0.0000000E+00 0.00 0.00 9891.92 14.51 400.00 171.48 38.75 14.38
1 182 3 0.90 0.90 0.0000000E+00 0.06 0.76 0.00 0.00 0.0000000E+00 0.00 0.00 14.45 0.00 0.00 0.0000000E+00 0.00 0.00 9891.92 14.45 400.00 171.48 38.75 14.38
1 183 3 0.00 0.00 0.0000000E+00 0.03 0.00 0.00 0.00 0.0000000E+00 0.00 0.00 14.42 0.00 0.00 0.0000000E+00 0.00 0.00 9891.92 14.42 400.00 171.48 38.75 14.38
1 184 3 9.00 9.00 0.0000000E+00 3.60 4.23 0.00 0.00 0.0000000E+00 0.00 0.00 15.59 0.00 0.00 0.0000000E+00 0.00 0.00 9891.92 15.59 400.00 171.48 38.75 14.38
1 185 3 0.00 0.00 0.0000000E+00 0.50 0.18 0.00 0.00 0.0000000E+00 0.00 0.00 14.91 0.00 0.00 0.0000000E+00 0.00 0.00 9891.92 14.91 400.00 171.48 38.75 14.38
1 186 3 0.00 0.00 0.0000000E+00 0.24 0.00 0.00 0.00 0.0000000E+00 0.00 0.00 14.67 0.00 0.00 0.0000000E+00 0.00 0.00 9891.92 14.67 400.00 171.48 38.75 14.38
1 187 3 0.00 0.00 0.0000000E+00 0.13 0.00 0.00 0.00 0.0000000E+00 0.00 0.00 14.54 0.00 0.00 0.0000000E+00 0.00 0.00 9891.92 14.54 400.00 171.48 38.75 14.38
1 188 3 0.80 0.80 0.0000000E+00 0.08 0.71 0.00 0.00 0.0000000E+00 0.00 0.00 14.46 0.00 0.00 0.0000000E+00 0.00 0.00 9891.92 14.46 400.00 171.48 38.75 14.38
1 189 3 0.90 0.90 0.0000000E+00 0.04 0.76 0.00 0.00 0.0000000E+00 0.00 0.00 14.42 0.00 0.00 0.0000000E+00 0.00 0.00 9891.92 14.42 400.00 171.48 38.75 14.38
1 190 3 0.00 0.00 0.0000000E+00 0.02 0.00 0.00 0.00 0.0000000E+00 0.00 0.00 14.41 0.00 0.00 0.0000000E+00 0.00 0.00 9891.92 14.41 400.00 171.48 38.75 14.38
1 191 3 0.00 0.00 0.0000000E+00 0.01 0.00 0.00 0.00 0.0000000E+00 0.00 0.00 14.40 0.00 0.00 0.0000000E+00 0.00 0.00 9891.92 14.40 400.00 171.48 38.75 14.38
1 192 3 0.00 0.00 0.0000000E+00 0.01 0.00 0.00 0.00 0.0000000E+00 0.00 0.00 14.39 0.00 0.00 0.0000000E+00 0.00 0.00 9891.92 14.39 400.00 171.48 38.75 14.38
1 193 3 0.00 0.00 0.0000000E+00 0.00 0.00 0.00 0.00 0.0000000E+00 0.00 0.00 14.39 0.00 0.00 0.0000000E+00 0.00 0.00 9891.92 14.39 400.00 171.48 38.75 14.38
1 194 3 0.00 0.00 0.0000000E+00 0.00 0.00 0.00 0.00 0.0000000E+00 0.00 0.00 14.39 0.00 0.00 0.0000000E+00 0.00 0.00 9891.92 14.39 400.00 171.48 38.75 14.38
1 195 3 0.00 0.00 0.0000000E+00 0.00 0.00 0.00 0.00 0.0000000E+00 0.00 0.00 14.39 0.00 0.00 0.0000000E+00 0.00 0.00 9891.92 14.39 400.00 171.48 38.75 14.38
1 196 3 4.30 4.30 0.0000000E+00 1.52 2.46 0.00 0.00 0.0000000E+00 0.00 0.00 14.71 0.00 0.00 0.0000000E+00 0.00 0.00 9891.92 14.71 400.00 171.48 38.75 14.38
1 197 3 0.00 0.00 0.0000000E+00 0.15 0.00 0.00 0.00 0.0000000E+00 0.00 0.00 14.56 0.00 0.00 0.0000000E+00 0.00 0.00 9891.92 14.56 400.00 171.48 38.75 14.38
1 198 3 0.00 0.00 0.0000000E+00 0.08 0.00 0.00 0.00 0.0000000E+00 0.00 0.00 14.48 0.00 0.00 0.0000000E+00 0.00 0.00 9891.92 14.48 400.00 171.48 38.75 14.38
1 199 3 0.90 0.90 0.0000000E+00 0.05 0.76 0.00 0.00 0.0000000E+00 0.00 0.00 14.43 0.00 0.00 0.0000000E+00 0.00 0.00 9891.92 14.43 400.00 171.48 38.75 14.38
1 200 3 1.30 1.30 0.0000000E+00 0.24 0.96 0.00 0.00 0.0000000E+00 0.00 0.00 14.53 0.00 0.00 0.0000000E+00 0.00 0.00 9891.92 14.53 400.00 171.48 38.75 14.38
1 201 3 0.00 0.00 0.0000000E+00 0.07 0.00 0.00 0.00 0.0000000E+00 0.00 0.00 14.47 0.00 0.00 0.0000000E+00 0.00 0.00 9891.92 14.47 400.00 171.48 38.75 14.38
1 202 3 0.00 0.00 0.0000000E+00 0.04 0.00 0.00 0.00 0.0000000E+00 0.00 0.00 14.43 0.00 0.00 0.0000000E+00 0.00 0.00 9891.92 14.43 400.00 171.48 38.75 14.38
1 203 3 0.00 0.00 0.0000000E+00 0.02 0.00 0.00 0.00 0.0000000E+00 0.00 0.00 14.41 0.00 0.00 0.0000000E+00 0.00 0.00 9891.92 14.41 400.00 171.48 38.75 14.38
1 204 3 10.00 10.00 0.0000000E+00 2.66 3.12 0.00 0.00 0.0000000E+00 0.00 0.00 18.62 0.00 0.00 0.0000000E+00 0.00 0.00 9891.92 18.62 400.00 171.48 38.75 14.38
1 205 3 0.00 0.00 0.0000000E+00 1.72 1.07 0.00 0.00 0.0000000E+00 0.00 0.00 15.83 0.00 0.00 0.0000000E+00 0.00 0.00 9891.92 15.83 400.00 171.48 38.75 14.38
1 206 3 0.00 0.00 0.0000000E+00 0.67 0.00 0.00 0.00 0.0000000E+00 0.00 0.00 15.16 0.00 0.00 0.0000000E+00 0.00 0.00 9891.92 15.16 400.00 171.48 38.75 14.38
1 207 3 0.00 0.00 0.0000000E+00 0.36 0.00 0.00 0.00 0.0000000E+00 0.00 0.00 14.80 0.00 0.00 0.0000000E+00 0.00 0.00 9891.92 14.80 400.00 171.48 38.75 14.38
1 208 3 0.00 0.00 0.0000000E+00 0.19 0.00 0.00 0.00 0.0000000E+00 0.00 0.00 14.61 0.00 0.00 0.0000000E+00 0.00 0.00 9891.92 14.61 400.00 171.48 38.75 14.38
1 209 3 0.00 0.00 0.0000000E+00 0.10 0.00 0.00 0.00 0.0000000E+00 0.00 0.00 14.51 0.00 0.00 0.0000000E+00 0.00 0.00 9891.92 14.51 400.00 171.48 38.75 14.38
1 210 3 0.00 0.00 0.0000000E+00 0.06 0.00 0.00 0.00 0.0000000E+00 0.00 0.00 14.45 0.00 0.00 0.0000000E+00 0.00 0.00 9891.92 14.45 400.00 171.48 38.75 14.38
1 211 3 0.00 0.00 0.0000000E+00 0.03 0.00 0.00 0.00 0.0000000E+00 0.00 0.00 14.42 0.00 0.00 0.0000000E+00 0.00 0.00 9891.92 14.42 400.00 171.48 38.75 14.38
1 212 3 0.00 0.00 0.0000000E+00 0.02 0.00 0.00 0.00 0.0000000E+00 0.00 0.00 14.40 0.00 0.00 0.0000000E+00 0.00 0.00 9891.92 14.40 400.00 171.48 38.75 14.38
1 213 3 1.20 1.20 0.0000000E+00 0.18 0.91 0.00 0.00 0.0000000E+00 0.00 0.00 14.51 0.00 0.00 0.0000000E+00 0.00 0.00 9891.92 14.51 400.00 171.48 38.75 14.38
1 214 3 3.90 3.90 0.0000000E+00 1.08 2.26 0.00 0.00 0.0000000E+00 0.00 0.00 15.07 0.00 0.00 0.0000000E+00 0.00 0.00 9891.92 15.07 400.00 171.48 38.75 14.38
1 215 3 0.70 0.70 0.0000000E+00 0.33 0.66 0.00 0.00 0.0000000E+00 0.00 0.00 14.74 0.00 0.00 0.0000000E+00 0.00 0.00 9891.92 14.74 400.00 171.48 38.75 14.38
1 216 3 0.00 0.00 0.0000000E+00 0.16 0.00 0.00 0.00 0.0000000E+00 0.00 0.00 14.58 0.00 0.00 0.0000000E+00 0.00 0.00 9891.92 14.58 400.00 171.48 38.75 14.38
1 217 3 0.00 0.00 0.0000000E+00 0.09 0.00 0.00 0.00 0.0000000E+00 0.00 0.00 14.49 0.00 0.00 0.0000000E+00 0.00 0.00 9891.92 14.49 400.00 171.48 38.75 14.38
1 218 3 0.00 0.00 0.0000000E+00 0.04 0.00 0.00 0.00 0.0000000E+00 0.00 0.00 14.44 0.00 0.00 0.0000000E+00 0.00 0.00 9891.92 14.44 400.00 171.48 38.75 14.38
1 219 3 0.70 0.70 0.0000000E+00 0.03 0.66 0.00 0.00 0.0000000E+00 0.00 0.00 14.42 0.00 0.00 0.0000000E+00 0.00 0.00 9891.92 14.42 400.00 171.48 38.75 14.38
1 220 3 0.80 0.80 0.0000000E+00 0.02 0.71 0.00 0.00 0.0000000E+00 0.00 0.00 14.40 0.00 0.00 0.0000000E+00 0.00 0.00 9891.92 14.40 400.00 171.48 38.75 14.38
1 221 3 2.90 2.90 0.0000000E+00 0.70 1.76 0.00 0.00 0.0000000E+00 0.00 0.00 14.84 0.00 0.00 0.0000000E+00 0.00 0.00 9891.92 14.84 400.00 171.48 38.75 14.38
1 222 3 0.30 0.30 0.0000000E+00 0.21 0.30 0.00 0.00 0.0000000E+00 0.00 0.00 14.63 0.00 0.00 0.0000000E+00 0.00 0.00 9891.92 14.63 400.00 171.48 38.75 14.38
1 223 3 0.00 0.00 0.0000000E+00 0.11 0.00 0.00 0.00 0.0000000E+00 0.00 0.00 14.52 0.00 0.00 0.0000000E+00 0.00 0.00 9891.92 14.52 400.00 171.48 38.75 14.38
1 224 3 0.00 0.00 0.0000000E+00 0.06 0.00 0.00 0.00 0.0000000E+00 0.00 0.00 14.46 0.00 0.00 0.0000000E+00 0.00 0.00 9891.92 14.46 400.00 171.48 38.75 14.38
1 225 3 0.70 0.70 0.0000000E+00 0.03 0.66 0.00 0.00 0.0000000E+00 0.00 0.00 14.42 0.00 0.00 0.0000000E+00 0.00 0.00 9891.92 14.42 400.00 171.48 38.75 14.38
1 226 3 0.70 0.70 0.0000000E+00 0.02 0.66 0.00 0.00 0.0000000E+00 0.00 0.00 14.40 0.00 0.00 0.0000000E+00 0.00 0.00 9891.92 14.40 400.00 171.48 38.75 14.38
1 227 3 0.00 0.00 0.0000000E+00 0.01 0.00 0.00 0.00 0.0000000E+00 0.00 0.00 14.40 0.00 0.00 0.0000000E+00 0.00 0.00 9891.92 14.40 400.00 171.48 38.75 14.38
1 228 3 0.00 0.00 0.0000000E+00 0.00 0.00 0.00 0.00 0.0000000E+00 0.00 0.00 14.39 0.00 0.00 0.0000000E+00 0.00 0.00 9891.92 14.39 400.00 171.48 38.75 14.38
1 229 3 0.00 0.00 0.0000000E+00 0.00 0.00 0.00 0.00 0.0000000E+00 0.00 0.00 14.39 0.00 0.00 0.0000000E+00 0.00 0.00 9891.92 14.39 400.00 171.48 38.75 14.38
1 230 3 0.70 0.70 0.0000000E+00 0.00 0.66 0.00 0.00 0.0000000E+00 0.00 0.00 14.39 0.00 0.00 0.0000000E+00 0.00 0.00 9891.92 14.39 400.00 171.48 38.75 14.38
1 231 3 0.70 0.70 0.0000000E+00 0.00 0.66 0.00 0.00 0.0000000E+00 0.00 0.00 14.39 0.00 0.00 0.0000000E+00 0.00 0.00 9891.92 14.39 400.00 171.48 38.75 14.38
1 232 3 5.40 5.40 0.0000000E+00 1.44 2.59 0.00 0.00 0.0000000E+00 0.00 0.00 15.76 0.00 0.00 0.0000000E+00 0.00 0.00 9891.92 15.76 400.00 171.48 38.75 14.38
1 233 3 0.00 0.00 0.0000000E+00 0.56 0.24 0.00 0.00 0.0000000E+00 0.00 0.00 14.95 0.00 0.00 0.0000000E+00 0.00 0.00 9891.92 14.95 400.00 171.48 38.75 14.38
1 234 3 0.00 0.00 0.0000000E+00 0.26 0.00 0.00 0.00 0.0000000E+00 0.00 0.00 14.69 0.00 0.00 0.0000000E+00 0.00 0.00 9891.92 14.69 400.00 171.48 38.75 14.38
1 235 3 0.00 0.00 0.0000000E+00 0.14 0.00 0.00 0.00 0.0000000E+00 0.00 0.00 14.55 0.00 0.00 0.0000000E+00 0.00 0.00 9891.92 14.55 400.00 171.48 38.75 14.38
1 236 3 13.70 13.70 0.0000000E+00 2.81 3.29 0.00 0.00 0.0000000E+00 0.00 0.00 22.15 0.00 0.00 0.0000000E+00 0.00 0.00 9891.92 22.15 400.00 171.48 38.75 14.38
1 237 3 0.30 0.30 0.0000000E+00 1.75 1.53 0.00 0.00 0.0000000E+00 0.00 0.00 19.17 0.00 0.00 0.0000000E+00 0.00 0.00 9891.92 19.17 400.00 171.48 38.75 14.38
1 238 3 6.20 6.20 0.0000000E+00 2.31 2.71 0.00 0.00 0.0000000E+00 0.00 0.00 20.34 0.00 0.00 0.0000000E+00 0.00 0.00 9891.92 20.34 400.00 171.48 38.75 14.38
1 239 3 0.80 0.80 0.0000000E+00 2.28 1.31 0.00 0.00 0.0000000E+00 0.00 0.00 17.47 0.00 0.00 0.0000000E+00 0.00 0.00 9891.92 17.47 400.00 171.48 38.75 14.38
1 240 3 0.70 0.70 0.0000000E+00 1.48 0.66 0.00 0.00 0.0000000E+00 0.00 0.00 15.98 0.00 0.00 0.0000000E+00 0.00 0.00 9891.92 15.98 400.00 171.48 38.75 14.38
1 241 3 7.90 7.90 0.0000000E+00 2.50 2.93 0.00 0.00 0.0000000E+00 0.00 0.00 18.45 0.00 0.00 0.0000000E+00 0.00 0.00 9891.92 18.45 400.00 171.48 38.75 14.38
1 242 3 0.70 0.70 0.0000000E+00 1.97 1.35 0.00 0.00 0.0000000E+00 0.00 0.00 15.79 0.00 0.00 0.0000000E+00 0.00 0.00 9891.92 15.79 400.00 171.48 38.75 14.38
1 243 3 0.00 0.00 0.0000000E+00 0.65 0.00 0.00 0.00 0.0000000E+00 0.00 0.00 15.14 0.00 0.00 0.0000000E+00 0.00 0.00 9891.92 15.14 400.00 171.48 38.75 14.38
1 244 3 0.00 0.00 0.0000000E+00 0.32 0.00 0.00 0.00 0.0000000E+00 0.00 0.00 14.82 0.00 0.00 0.0000000E+00 0.00 0.00 9891.92 14.82 400.00 171.48 38.75 14.38
1 245 3 0.00 0.00 0.0000000E+00 0.15 0.00 0.00 0.00 0.0000000E+00 0.00 0.00 14.68 0.00 0.00 0.0000000E+00 0.00 0.00 9891.92 14.68 400.00 171.48 38.75 14.38
1 246 3 0.50 0.50 0.0000000E+00 0.13 0.50 0.00 0.00 0.0000000E+00 0.00 0.00 14.55 0.00 0.00 0.0000000E+00 0.00 0.00 9891.92 14.55 400.00 171.48 38.75 14.38
1 247 3 1.80 1.80 0.0000000E+00 0.45 1.21 0.00 0.00 0.0000000E+00 0.00 0.00 14.69 0.00 0.00 0.0000000E+00 0.00 0.00 9891.92 14.69 400.00 171.48 38.75 14.38
1 248 3 0.50 0.50 0.0000000E+00 0.14 0.50 0.00 0.00 0.0000000E+00 0.00 0.00 14.55 0.00 0.00 0.0000000E+00 0.00 0.00 9891.92 14.55 400.00 171.48 38.75 14.38
1 249 3 0.00 0.00 0.0000000E+00 0.07 0.00 0.00 0.00 0.0000000E+00 0.00 0.00 14.48 0.00 0.00 0.0000000E+00 0.00 0.00 9891.92 14.48 400.00 171.48 38.75 14.38
1 250 3 0.00 0.00 0.0000000E+00 0.04 0.00 0.00 0.00 0.0000000E+00 0.00 0.00 14.44 0.00 0.00 0.0000000E+00 0.00 0.00 9891.92 14.44 400.00 171.48 38.75 14.38
1 251 3 1.30 1.30 0.0000000E+00 0.24 0.96 0.00 0.00 0.0000000E+00 0.00 0.00 14.54 0.00 0.00 0.0000000E+00 0.00 0.00 9891.92 14.54 400.00 171.48 38.75 14.38
1 252 3 0.30 0.30 0.0000000E+00 0.07 0.30 0.00 0.00 0.0000000E+00 0.00 0.00 14.47 0.00 0.00 0.0000000E+00 0.00 0.00 9891.92 14.47 400.00 171.48 38.75 14.38
1 253 3 0.00 0.00 0.0000000E+00 0.03 0.00 0.00 0.00 0.0000000E+00 0.00 0.00 14.43 0.00 0.00 0.0000000E+00 0.00 0.00 9891.92 14.43 400.00 171.48 38.75 14.38
1 254 3 0.00 0.00 0.0000000E+00 0.02 0.00 0.00 0.00 0.0000000E+00 0.00 0.00 14.41 0.00 0.00 0.0000000E+00 0.00 0.00 9891.92 14.41 400.00 171.48 38.75 14.38
1 255 3 0.00 0.00 0.0000000E+00 0.01 0.00 0.00 0.00 0.0000000E+00 0.00 0.00 14.40 0.00 0.00 0.0000000E+00 0.00 0.00 9891.92 14.40 400.00 171.48 38.75 14.38
1 256 3 0.00 0.00 0.0000000E+00 0.01 0.00 0.00 0.00 0.0000000E+00 0.00 0.00 14.39 0.00 0.00 0.0000000E+00 0.00 0.00 9891.92 14.39 400.00 171.48 38.75 14.38
1 257 3 3.10 3.10 0.0000000E+00 0.67 1.86 0.00 0.00 0.0000000E+00 0.00 0.00 14.96 0.00 0.00 0.0000000E+00 0.00 0.00 9891.92 14.96 400.00 171.48 38.75 14.38
1 258 3 2.20 2.20 0.0000000E+00 0.50 1.41 0.00 0.00 0.0000000E+00 0.00 0.00 15.25 0.00 0.00 0.0000000E+00 0.00 0.00 9891.92 15.25 400.00 171.48 38.75 14.38
1 259 3 0.90 0.90 0.0000000E+00 0.35 0.76 0.00 0.00 0.0000000E+00 0.00 0.00 14.90 0.00 0.00 0.0000000E+00 0.00 0.00 9891.92 14.90 400.00 171.48 38.75 14.38
1 260 3 0.00 0.00 0.0000000E+00 0.24 0.00 0.00 0.00 0.0000000E+00 0.00 0.00 14.66 0.00 0.00 0.0000000E+00 0.00 0.00 9891.92 14.66 400.00 171.48 38.75 14.38
1 261 3 0.30 0.30 0.0000000E+00 0.13 0.30 0.00 0.00 0.0000000E+00 0.00 0.00 14.54 0.00 0.00 0.0000000E+00 0.00 0.00 9891.92 14.54 400.00 171.48 38.75 14.38
1 262 3 0.50 0.50 0.0000000E+00 0.07 0.50 0.00 0.00 0.0000000E+00 0.00 0.00 14.47 0.00 0.00 0.0000000E+00 0.00 0.00 9891.92 14.47 400.00 171.48 38.75 14.38
1 263 3 0.00 0.00 0.0000000E+00 0.04 0.00 0.00 0.00 0.0000000E+00 0.00 0.00 14.43 0.00 0.00 0.0000000E+00 0.00 0.00 9891.92 14.43 400.00 171.48 38.75 14.38
1 264 3 0.00 0.00 0.0000000E+00 0.02 0.00 0.00 0.00 0.0000000E+00 0.00 0.00 14.41 0.00 0.00 0.0000000E+00 0.00 0.00 9891.92 14.41 400.00 171.48 38.75 14.38
1 265 3 0.50 0.50 0.0000000E+00 0.01 0.50 0.00 0.00 0.0000000E+00 0.00 0.00 14.40 0.00 0.00 0.0000000E+00 0.00 0.00 9891.92 14.40 400.00 171.48 38.75 14.38
1 266 3 0.50 0.50 0.0000000E+00 0.01 0.50 0.00 0.00 0.0000000E+00 0.00 0.00 14.39 0.00 0.00 0.0000000E+00 0.00 0.00 9891.92 14.39 400.00 171.48 38.75 14.38
1 267 3 0.30 0.30 0.0000000E+00 0.00 0.30 0.00 0.00 0.0000000E+00 0.00 0.00 14.39 0.00 0.00 0.0000000E+00 0.00 0.00 9891.92 14.39 400.00 171.48 38.75 14.38
1 268 3 0.00 0.00 0.0000000E+00 0.00 0.00 0.00 0.00 0.0000000E+00 0.00 0.00 14.39 0.00 0.00 0.0000000E+00 0.00 0.00 9891.92 14.39 400.00 171.48 38.75 14.38
1 269 3 0.00 0.00 0.0000000E+00 0.00 0.00 0.00 0.00 0.0000000E+00 0.00 0.00 14.39 0.00 0.00 0.0000000E+00 0.00 0.00 9891.92 14.39 400.00 171.48 38.75 14.38
1 270 3 0.00 0.00 0.0000000E+00 0.00 0.00 0.00 0.00 0.0000000E+00 0.00 0.00 14.39 0.00 0.00 0.0000000E+00 0.00 0.00 9891.92 14.39 400.00 171.48 38.75 14.38
1 271 3 0.00 0.00 0.0000000E+00 0.00 0.00 0.00 0.00 0.0000000E+00 0.00 0.00 14.39 0.00 0.00 0.0000000E+00 0.00 0.00 9891.92 14.39 400.00 171.48 38.75 14.38
1 272 3 0.00 0.00 0.0000000E+00 0.00 0.00 0.00 0.00 0.0000000E+00 0.00 0.00 14.39 0.00 0.00 0.0000000E+00 0.00 0.00 9891.92 14.39 400.00 171.48 38.75 14.38
1 273 3 0.00 0.00 0.0000000E+00 0.00 0.00 0.00 0.00 0.0000000E+00 0.00 0.00 14.39 0.00 0.00 0.0000000E+00 0.00 0.00 9891.92 14.39 400.00 171.48 38.75 14.38
1 274 3 0.00 0.00 0.0000000E+00 0.00 0.00 0.00 0.00 0.0000000E+00 0.00 0.00 14.39 0.00 0.00 0.0000000E+00 0.00 0.00 9891.92 14.39 400.00 171.48 38.75 14.38
1 275 3 0.00 0.00 0.0000000E+00 0.00 0.00 0.00 0.00 0.0000000E+00 0.00 0.00 14.39 0.00 0.00 0.0000000E+00 0.00 0.00 9891.92 14.39 400.00 171.48 38.75 14.38
1 276 3 0.00 0.00 0.0000000E+00 0.00 0.00 0.00 0.00 0.0000000E+00 0.00 0.00 14.39 0.00 0.00 0.0000000E+00 0.00 0.00 9891.92 14.39 400.00 171.48 38.75 14.38
1 277 3 0.00 0.00 0.0000000E+00 0.00 0.00 0.00 0.00 0.0000000E+00 0.00 0.00 14.39 0.00 0.00 0.0000000E+00 0.00 0.00 9891.92 14.39 400.00 171.48 38.75 14.38
1 278 3 0.00 0.00 0.0000000E+00 0.00 0.00 0.00 0.00 0.0000000E+00 0.00 0.00 14.39 0.00 0.00 0.0000000E+00 0.00 0.00 9891.92 14.39 400.00 171.48 38.75 14.38
1 279 3 0.00 0.00 0.0000000E+00 0.00 0.00 0.00 0.00 0.0000000E+00 0.00 0.00 14.39 0.00 0.00 0.0000000E+00 0.00 0.00 9891.92 14.39 400.00 171.48 38.75 14.38
1 280 3 0.00 0.00 0.0000000E+00 0.00 0.00 0.00 0.00 0.0000000E+00 0.00 0.00 14.39 0.00 0.00 0.0000000E+00 0.00 0.00 9891.92 14.39 400.00 171.48 38.75 14.38
1 281 3 5.70 4.35 0.0000000E+00 0.72 1.33 0.00 0.00 0.0000000E+00 0.00 0.00 16.68 0.00 1.35 0.0000000E+00 0.00 0.00 9891.92 16.68 400.00 171.48 38.75 14.38
1 282 3 0.00 1.35 0.0000000E+00 1.10 1.65 0.00 0.00 0.0000000E+00 0.00 0.00 15.29 0.00 0.00 0.0000000E+00 0.00 0.00 9891.92 15.29 400.00 171.48 38.75 14.38
1 283 3 0.00 0.00 0.0000000E+00 0.42 0.00 0.00 0.00 0.0000000E+00 0.00 0.00 14.87 0.00 0.00 0.0000000E+00 0.00 0.00 9891.92 14.87 400.00 171.48 38.75 14.38
1 284 3 0.00 0.00 0.0000000E+00 0.22 0.00 0.00 0.00 0.0000000E+00 0.00 0.00 14.65 0.00 0.00 0.0000000E+00 0.00 0.00 9891.92 14.65 400.00 171.48 38.75 14.38
1 285 3 0.00 0.00 0.0000000E+00 0.10 0.00 0.00 0.00 0.0000000E+00 0.00 0.00 14.54 0.00 0.00 0.0000000E+00 0.00 0.00 9891.92 14.54 400.00 171.48 38.75 14.38
1 286 3 0.00 0.00 0.0000000E+00 0.03 0.00 0.00 0.00 0.0000000E+00 0.00 0.00 14.51 0.00 0.00 0.0000000E+00 0.00 0.00 9891.92 14.51 400.00 171.48 38.75 14.38
1 287 3 0.00 0.00 0.0000000E+00 0.04 0.00 0.00 0.00 0.0000000E+00 0.00 0.00 14.48 0.00 0.00 0.0000000E+00 0.00 0.00 9891.92 14.48 400.00 171.48 38.75 14.38
1 288 3 0.00 0.00 0.0000000E+00 0.04 0.00 0.00 0.00 0.0000000E+00 0.00 0.00 14.44 0.00 0.00 0.0000000E+00 0.00 0.00 9891.92 14.44 400.00 171.48 38.75 14.38
1 289 3 0.20 0.20 0.0000000E+00 0.01 0.20 0.00 0.00 0.0000000E+00 0.00 0.00 14.42 0.00 0.00 0.0000000E+00 0.00 0.00 9891.92 14.42 400.00 171.48 38.75 14.38
1 290 3 0.00 0.00 0.0000000E+00 0.01 0.00 0.00 0.00 0.0000000E+00 0.00 0.00 14.41 0.00 0.00 0.0000000E+00 0.00 0.00 9891.92 14.41 400.00 171.48 38.75 14.38
1 291 3 1.20 1.20 0.0000000E+00 0.11 0.91 0.00 0.00 0.0000000E+00 0.00 0.00 14.59 0.00 0.00 0.0000000E+00 0.00 0.00 9891.92 14.59 400.00 171.48 38.75 14.38
1 292 3 7.60 7.60 0.0000000E+00 1.23 1.47 0.00 0.00 0.0000000E+00 0.00 0.00 19.50 0.00 0.00 0.0000000E+00 0.00 0.00 9891.92 19.50 400.00 171.48 38.75 14.38
1 293 3 14.40 14.40 0.0000000E+00 1.25 1.45 0.00 0.00 0.0000000E+00 0.00 0.00 31.20 0.00 0.00 0.0000000E+00 0.00 0.00 9891.92 31.20 400.00 171.48 38.75 14.38
1 294 3 0.20 0.20 0.0000000E+00 1.57 1.80 0.00 0.00 0.0000000E+00 0.00 0.00 28.03 0.00 0.00 0.0000000E+00 0.00 0.00 9891.92 28.03 400.00 171.48 38.75 14.38
1 295 3 1.00 1.00 0.0000000E+00 1.25 1.43 0.00 0.00 0.0000000E+00 0.00 0.00 26.15 0.00 0.00 0.0000000E+00 0.00 0.00 9891.92 26.15 400.00 171.48 38.75 14.38
1 296 3 0.70 0.70 0.0000000E+00 2.27 2.60 0.00 0.00 0.0000000E+00 0.00 0.00 21.93 0.00 0.00 0.0000000E+00 0.00 0.00 9891.92 21.93 400.00 171.48 38.75 14.38
1 297 3 0.20 0.20 0.0000000E+00 0.68 0.42 0.00 0.00 0.0000000E+00 0.00 0.00 21.04 0.00 0.00 0.0000000E+00 0.00 0.00 9891.92 21.04 400.00 171.48 38.75 14.38
1 298 3 1.60 1.60 0.0000000E+00 0.93 0.92 0.00 0.00 0.0000000E+00 0.00 0.00 20.79 0.00 0.00 0.0000000E+00 0.00 0.00 9891.92 20.79 400.00 171.48 38.75 14.38
1 299 3 0.30 0.30 0.0000000E+00 1.04 0.61 0.00 0.00 0.0000000E+00 0.00 0.00 19.44 0.00 0.00 0.0000000E+00 0.00 0.00 9891.92 19.44 400.00 171.48 38.75 14.38
1 300 3 6.50 6.50 0.0000000E+00 1.18 1.36 0.00 0.00 0.0000000E+00 0.00 0.00 23.40 0.00 0.00 0.0000000E+00 0.00 0.00 9891.92 23.40 400.00 171.48 38.75 14.38
1 301 3 0.00 0.00 0.0000000E+00 1.53 1.20 0.00 0.00 0.0000000E+00 0.00 0.00 20.67 0.00 0.00 0.0000000E+00 0.00 0.00 9891.92 20.67 400.00 171.48 38.75 14.38
1 302 3 0.00 0.00 0.0000000E+00 1.51 0.38 0.00 0.00 0.0000000E+00 0.00 0.00 18.79 0.00 0.00 0.0000000E+00 0.00 0.00 9891.92 18.79 400.00 171.48 38.75 14.38
1 303 3 0.00 0.00 0.0000000E+00 0.76 0.00 0.00 0.00 0.0000000E+00 0.00 0.00 18.02 0.00 0.00 0.0000000E+00 0.00 0.00 9891.92 18.02 400.00 171.48 38.75 14.38
1 304 3 0.00 0.00 0.0000000E+00 0.59 0.00 0.00 0.00 0.0000000E+00 0.00 0.00 17.43 0.00 0.00 0.0000000E+00 0.00 0.00 9891.92 17.43 400.00 171.48 38.75 14.38
1 305 3 0.00 0.00 0.0000000E+00 0.68 0.00 0.00 0.00 0.0000000E+00 0.00 0.00 16.75 0.00 0.00 0.0000000E+00 0.00 0.00 9891.92 16.75 400.00 171.48 38.75 14.38
1 306 3 0.00 0.00 0.0000000E+00 0.19 0.00 0.00 0.00 0.0000000E+00 0.00 0.00 16.56 0.00 0.00 0.0000000E+00 0.00 0.00 9891.92 16.56 400.00 171.48 38.75 14.38
1 307 3 0.00 0.00 0.0000000E+00 0.31 0.00 0.00 0.00 0.0000000E+00 0.00 0.00 16.25 0.00 0.00 0.0000000E+00 0.00 0.00 9891.92 16.25 400.00 171.48 38.75 14.38
1 308 3 0.00 0.00 0.0000000E+00 0.44 0.00 0.00 0.00 0.0000000E+00 0.00 0.00 15.81 0.00 0.00 0.0000000E+00 0.00 0.00 9891.92 15.81 400.00 171.48 38.75 14.38
1 309 3 0.00 0.00 0.0000000E+00 0.23 0.00 0.00 0.00 0.0000000E+00 0.00 0.00 15.58 0.00 0.00 0.0000000E+00 0.00 0.00 9891.92 15.58 400.00 171.48 38.75 14.38
1 310 3 0.00 0.00 0.0000000E+00 0.19 0.00 0.00 0.00 0.0000000E+00 0.00 0.00 15.39 0.00 0.00 0.0000000E+00 0.00 0.00 9891.92 15.39 400.00 171.48 38.75 14.38
1 311 3 4.70 4.70 0.0000000E+00 0.68 1.06 0.00 0.00 0.0000000E+00 0.00 0.00 18.35 0.00 0.00 0.0000000E+00 0.00 0.00 9891.92 18.35 400.00 171.48 38.75 14.38
1 312 3 1.70 1.70 0.0000000E+00 1.15 1.90 0.00 0.00 0.0000000E+00 0.00 0.00 17.01 0.00 0.00 0.0000000E+00 0.00 0.00 9891.92 17.01 400.00 171.48 38.75 14.38
1 313 3 0.90 0.30 0.0000000E+00 0.30 0.34 0.00 0.00 0.0000000E+00 0.00 0.00 16.52 0.00 0.60 0.0000000E+00 0.00 0.00 9891.92 16.52 400.00 171.48 38.75 14.38
1 314 3 0.00 0.60 0.0000000E+00 0.31 0.69 0.00 0.00 0.0000000E+00 0.00 0.00 16.12 0.00 0.00 0.0000000E+00 0.00 0.00 9891.92 16.12 400.00 171.48 38.75 14.38
1 315 3 0.70 0.70 0.0000000E+00 0.43 0.75 0.00 0.00 0.0000000E+00 0.00 0.00 15.61 0.00 0.00 0.0000000E+00 0.00 0.00 9891.92 15.61 400.00 171.48 38.75 14.38
1 316 3 1.20 1.20 0.0000000E+00 0.22 0.67 0.00 0.00 0.0000000E+00 0.00 0.00 15.92 0.00 0.00 0.0000000E+00 0.00 0.00 9891.92 15.92 400.00 171.48 38.75 14.38
1 317 3 0.00 0.00 0.0000000E+00 0.14 0.19 0.00 0.00 0.0000000E+00 0.00 0.00 15.59 0.00 0.00 0.0000000E+00 0.00 0.00 9891.92 15.59 400.00 171.48 38.75 14.38
1 318 3 0.30 0.30 0.0000000E+00 0.21 0.31 0.00 0.00 0.0000000E+00 0.00 0.00 15.36 0.00 0.00 0.0000000E+00 0.00 0.00 9891.92 15.36 400.00 171.48 38.75 14.38
1 319 3 0.00 0.00 0.0000000E+00 0.09 0.00 0.00 0.00 0.0000000E+00 0.00 0.00 15.27 0.00 0.00 0.0000000E+00 0.00 0.00 9891.92 15.27 400.00 171.48 38.75 14.38
1 320 3 0.00 0.00 0.0000000E+00 0.09 0.00 0.00 0.00 0.0000000E+00 0.00 0.00 15.18 0.00 0.00 0.0000000E+00 0.00 0.00 9891.92 15.18 400.00 171.48 38.75 14.38
1 321 3 0.00 0.00 0.0000000E+00 0.19 0.00 0.00 0.00 0.0000000E+00 0.00 0.00 14.99 0.00 0.00 0.0000000E+00 0.00 0.00 9891.92 14.99 400.00 171.48 38.75 14.38
1 322 3 0.00 0.00 0.0000000E+00 0.14 0.00 0.00 0.00 0.0000000E+00 0.00 0.00 14.85 0.00 0.00 0.0000000E+00 0.00 0.00 9891.92 14.85 400.00 171.48 38.75 14.38
1 323 3 0.00 0.00 0.0000000E+00 0.07 0.00 0.00 0.00 0.0000000E+00 0.00 0.00 14.78 0.00 0.00 0.0000000E+00 0.00 0.00 9891.92 14.78 400.00 171.48 38.75 14.38
1 324 3 1.20 0.00 0.0000000E+00 0.07 0.00 0.00 0.00 0.0000000E+00 0.00 0.00 14.71 0.00 1.20 0.0000000E+00 0.00 0.00 9891.92 14.71 400.00 171.48 38.75 14.38
1 325 3 0.00 1.20 0.0000000E+00 0.13 0.77 0.00 0.00 0.0000000E+00 0.00 0.00 15.02 0.00 0.00 0.0000000E+00 0.00 0.00 9891.92 15.02 400.00 171.48 38.75 14.38
1 326 3 0.00 0.00 0.0000000E+00 0.06 0.11 0.00 0.00 0.0000000E+00 0.00 0.00 14.84 0.00 0.00 0.0000000E+00 0.00 0.00 9891.92 14.84 400.00 171.48 38.75 14.38
1 327 3 0.00 0.00 0.0000000E+00 0.05 0.00 0.00 0.00 0.0000000E+00 0.00 0.00 14.79 0.00 0.00 0.0000000E+00 0.00 0.00 9891.92 14.79 400.00 171.48 38.75 14.38
1 328 3 0.00 0.00 0.0000000E+00 0.05 0.00 0.00 0.00 0.0000000E+00 0.00 0.00 14.75 0.00 0.00 0.0000000E+00 0.00 0.00 9891.92 14.75 400.00 171.48 38.75 14.38
1 329 3 0.00 0.00 0.0000000E+00 0.05 0.00 0.00 0.00 0.0000000E+00 0.00 0.00 14.70 0.00 0.00 0.0000000E+00 0.00 0.00 9891.92 14.70 400.00 171.48 38.75 14.38
1 330 3 0.40 0.40 0.0000000E+00 0.09 0.40 0.00 0.00 0.0000000E+00 0.00 0.00 14.61 0.00 0.00 0.0000000E+00 0.00 0.00 9891.92 14.61 400.00 171.48 38.75 14.38
1 331 3 0.30 0.00 0.0000000E+00 0.03 0.00 0.00 0.00 0.0000000E+00 0.00 0.00 14.58 0.00 0.30 0.0000000E+00 0.00 0.00 9891.92 14.58 400.00 171.48 38.75 14.38
1 332 3 0.30 0.60 0.0000000E+00 0.03 0.60 0.00 0.00 0.0000000E+00 0.00 0.00 14.55 0.00 0.00 0.0000000E+00 0.00 0.00 9891.92 14.55 400.00 171.48 38.75 14.38
1 333 3 0.30 0.30 0.0000000E+00 0.03 0.30 0.00 0.00 0.0000000E+00 0.00 0.00 14.52 0.00 0.00 0.0000000E+00 0.00 0.00 9891.92 14.52 400.00 171.48 38.75 14.38
1 334 3 1.70 1.70 0.0000000E+00 0.09 0.35 0.00 0.00 0.0000000E+00 0.00 0.00 15.79 0.00 0.00 0.0000000E+00 0.00 0.00 9891.92 15.79 400.00 171.48 38.75 14.38
1 335 3 0.90 0.90 0.0000000E+00 0.17 0.64 0.00 0.00 0.0000000E+00 0.00 0.00 15.74 0.00 0.00 0.0000000E+00 0.00 0.00 9891.92 15.74 400.00 171.48 38.75 14.38
1 336 3 0.50 0.00 0.0000000E+00 0.11 0.26 0.00 0.00 0.0000000E+00 0.00 0.00 15.36 0.00 0.50 0.0000000E+00 0.00 0.00 9891.92 15.36 400.00 171.48 38.75 14.38
1 337 3 0.30 0.15 0.0000000E+00 0.09 0.26 0.00 0.00 0.0000000E+00 0.00 0.00 15.09 0.00 0.65 0.0000000E+00 0.00 0.00 9891.92 15.09 400.00 171.48 38.75 14.38
1 338 3 0.50 0.30 0.0000000E+00 0.07 0.26 0.00 0.00 0.0000000E+00 0.00 0.00 14.91 0.00 0.85 0.0000000E+00 0.00 0.00 9891.92 14.91 400.00 171.48 38.75 14.38
1 339 3 0.10 0.95 0.0000000E+00 0.09 0.70 0.00 0.00 0.0000000E+00 0.00 0.00 14.91 0.00 0.00 0.0000000E+00 0.00 0.00 9891.92 14.91 400.00 171.48 38.75 14.38
1 340 3 0.00 0.00 0.0000000E+00 0.05 0.20 0.00 0.00 0.0000000E+00 0.00 0.00 14.66 0.00 0.00 0.0000000E+00 0.00 0.00 9891.92 14.66 400.00 171.48 38.75 14.38
1 341 3 0.00 0.00 0.0000000E+00 0.05 0.00 0.00 0.00 0.0000000E+00 0.00 0.00 14.61 0.00 0.00 0.0000000E+00 0.00 0.00 9891.92 14.61 400.00 171.48 38.75 14.38
1 342 3 0.00 0.00 0.0000000E+00 0.01 0.00 0.00 0.00 0.0000000E+00 0.00 0.00 14.60 0.00 0.00 0.0000000E+00 0.00 0.00 9891.92 14.60 400.00 171.48 38.75 14.38
1 343 3 0.80 0.00 0.0000000E+00 0.02 0.00 0.00 0.00 0.0000000E+00 0.00 0.00 14.58 0.00 0.80 0.0000000E+00 0.00 0.00 9891.92 14.58 400.00 171.48 38.75 14.38
1 344 3 1.30 1.30 0.0000000E+00 0.10 0.32 0.00 0.00 0.0000000E+00 0.00 0.00 15.47 0.00 0.80 0.0000000E+00 0.00 0.00 9891.92 15.47 400.00 171.48 38.75 14.38
1 345 3 0.00 0.00 0.0000000E+00 0.10 0.18 0.00 0.00 0.0000000E+00 0.00 0.00 15.19 0.00 0.80 0.0000000E+00 0.00 0.00 9891.92 15.19 400.00 171.48 38.75 14.38
1 346 3 0.00 0.80 0.0000000E+00 0.12 0.66 0.00 0.00 0.0000000E+00 0.00 0.00 15.12 0.00 0.00 0.0000000E+00 0.00 0.00 9891.92 15.12 400.00 171.48 38.75 14.38
1 347 3 0.00 0.00 0.0000000E+00 0.12 0.15 0.00 0.00 0.0000000E+00 0.00 0.00 14.84 0.00 0.00 0.0000000E+00 0.00 0.00 9891.92 14.84 400.00 171.48 38.75 14.38
1 348 3 0.00 0.00 0.0000000E+00 0.03 0.00 0.00 0.00 0.0000000E+00 0.00 0.00 14.81 0.00 0.00 0.0000000E+00 0.00 0.00 9891.92 14.81 400.00 171.48 38.75 14.38
1 349 3 4.20 2.10 0.0000000E+00 0.23 0.62 0.00 0.00 0.0000000E+00 0.00 0.00 16.06 0.00 2.10 0.0000000E+00 0.00 0.00 9891.92 16.06 400.00 171.48 38.75 14.38
1 350 3 0.80 0.00 0.0000000E+00 0.19 0.23 0.00 0.00 0.0000000E+00 0.00 0.00 15.64 0.00 2.90 0.0000000E+00 0.00 0.00 9891.92 15.64 400.00 171.48 38.75 14.38
1 351 3 3.20 0.00 0.0000000E+00 0.12 0.14 0.00 0.00 0.0000000E+00 0.00 0.00 15.38 0.00 6.10 0.0000000E+00 0.00 0.00 9891.92 15.38 400.00 171.48 38.75 14.38
1 352 3 0.00 0.00 0.0000000E+00 0.10 0.00 0.00 0.00 0.0000000E+00 0.00 0.00 15.28 0.00 6.10 0.0000000E+00 0.00 0.00 9891.92 15.28 400.00 171.48 38.75 14.38
1 353 3 0.00 0.00 0.0000000E+00 0.20 0.00 0.00 0.00 0.0000000E+00 0.00 0.00 15.08 0.00 6.10 0.0000000E+00 0.00 0.00 9891.92 15.08 400.00 171.48 38.75 14.38
1 354 3 0.00 0.00 0.0000000E+00 0.10 0.00 0.00 0.00 0.0000000E+00 0.00 0.00 14.98 0.00 6.10 0.0000000E+00 0.00 0.00 9891.92 14.98 400.00 171.48 38.75 14.38
1 355 3 1.30 0.00 0.0000000E+00 0.09 0.00 0.00 0.00 0.0000000E+00 0.00 0.00 14.89 0.00 7.40 0.0000000E+00 0.00 0.00 9891.92 14.89 400.00 171.48 38.75 14.38
1 356 3 0.00 0.00 0.0000000E+00 0.06 0.00 0.00 0.00 0.0000000E+00 0.00 0.00 14.84 0.00 7.40 0.0000000E+00 0.00 0.00 9891.92 14.84 400.00 171.48 38.75 14.38
1 357 3 0.00 0.00 0.0000000E+00 0.07 0.00 0.00 0.00 0.0000000E+00 0.00 0.00 14.77 0.00 7.40 0.0000000E+00 0.00 0.00 9891.92 14.77 400.00 171.48 38.75 14.38
1 358 3 0.00 0.00 0.0000000E+00 0.07 0.00 0.00 0.00 0.0000000E+00 0.00 0.00 14.71 0.00 7.40 0.0000000E+00 0.00 0.00 9891.92 14.71 400.00 171.48 38.75 14.38
1 359 3 0.00 0.00 0.0000000E+00 0.04 0.00 0.00 0.00 0.0000000E+00 0.00 0.00 14.67 0.00 7.40 0.0000000E+00 0.00 0.00 9891.92 14.67 400.00 171.48 38.75 14.38
1 360 3 0.00 0.00 0.0000000E+00 0.04 0.00 0.00 0.00 0.0000000E+00 0.00 0.00 14.63 0.00 7.40 0.0000000E+00 0.00 0.00 9891.92 14.63 400.00 171.48 38.75 14.38
1 361 3 0.00 0.00 0.0000000E+00 0.01 0.00 0.00 0.00 0.0000000E+00 0.00 0.00 14.62 0.00 7.40 0.0000000E+00 0.00 0.00 9891.92 14.62 400.00 171.48 38.75 14.38
1 362 3 0.00 0.00 0.0000000E+00 0.03 0.00 0.00 0.00 0.0000000E+00 0.00 0.00 14.59 0.00 7.40 0.0000000E+00 0.00 0.00 9891.92 14.59 400.00 171.48 38.75 14.38
1 363 3 0.00 0.00 0.0000000E+00 0.03 0.00 0.00 0.00 0.0000000E+00 0.00 0.00 14.56 0.00 7.40 0.0000000E+00 0.00 0.00 9891.92 14.56 400.00 171.48 38.75 14.38
1 364 3 0.30 7.70 0.0000000E+00 0.83 0.99 0.00 0.00 0.0000000E+00 0.00 0.00 20.44 0.00 0.00 0.0000000E+00 0.00 0.00 9891.92 20.44 400.00 171.48 38.75 14.38
1 365 3 0.20 0.20 0.0000000E+00 0.52 0.64 0.00 0.00 0.0000000E+00 0.00 0.00 19.49 0.00 0.00 0.0000000E+00 0.00 0.00 9891.92 19.49 400.00 171.48 38.75 14.38
