run_id,site,stratum,fixture,member_id,state,trace_sha256,trace_bytes,wat_sha256,wat_bytes,stderr_sha256,command
harvard_deciduous_ma__GSI-2198,harvard,deciduous,harvard_deciduous_ma,GSI-2198,PASS,5b00f43bc209059765e4978d15d5f019a96be9cd0665edd3bed07676fd850ae1,38145626,c5764597571640c2db40d1533ad6fa8e19baf774fc7268ad1f678d8761cfa8d1,1088464,EPHEMERAL_PATH_BEARING_NOT_RETAINED,/home/workdir/openWEPP/target/release/openwepp-cli-hill --run-dir <scratch>/harvard_deciduous_ma__GSI-2198/fixture --run-file p6.native.run.toml --output-dir <scratch>/harvard_deciduous_ma__GSI-2198/output --legacy-sidecar-discovery --direct-production-executor
harvard_deciduous_ma__GSI-2199,harvard,deciduous,harvard_deciduous_ma,GSI-2199,PASS,486f9fc072aac2340857e8f32ec8a098c91721f5f6e5ffc40ef3563a9e25f93d,38140656,abbeebecdd0a7c6edb05397e3d7b57207713452742f7fc47ff10cb10455a3da7,1088557,EPHEMERAL_PATH_BEARING_NOT_RETAINED,/home/workdir/openWEPP/target/release/openwepp-cli-hill --run-dir <scratch>/harvard_deciduous_ma__GSI-2199/fixture --run-file p6.native.run.toml --output-dir <scratch>/harvard_deciduous_ma__GSI-2199/output --legacy-sidecar-discovery --direct-production-executor
harvard_deciduous_ma__GSI-2629,harvard,deciduous,harvard_deciduous_ma,GSI-2629,PASS,13347adc5178979fb7fa1554ded17585db70f6010e7123948da313e152f56a2e,38932699,c47612ece926cf46254f45e08bfcb8d8df6ea3f4ccb643b5817c7e4920f2a042,1125210,EPHEMERAL_PATH_BEARING_NOT_RETAINED,/home/workdir/openWEPP/target/release/openwepp-cli-hill --run-dir <scratch>/harvard_deciduous_ma__GSI-2629/fixture --run-file p6.native.run.toml --output-dir <scratch>/harvard_deciduous_ma__GSI-2629/output --legacy-sidecar-discovery --direct-production-executor
harvard_deciduous_ma__GSI-2630,harvard,deciduous,harvard_deciduous_ma,GSI-2630,PASS,fc141be0856f8a10e932368fedff071beb54193f70159ca0b2071c40bbaa33ee,38953039,6fde3f059239b1733fc817a6d2c220c7d35ccf2138cf9e6dd2ae2af5117fb409,1125839,EPHEMERAL_PATH_BEARING_NOT_RETAINED,/home/workdir/openWEPP/target/release/openwepp-cli-hill --run-dir <scratch>/harvard_deciduous_ma__GSI-2630/fixture --run-file p6.native.run.toml --output-dir <scratch>/harvard_deciduous_ma__GSI-2630/output --legacy-sidecar-discovery --direct-production-executor
harvard_deciduous_ma__GSI-2631,harvard,deciduous,harvard_deciduous_ma,GSI-2631,PASS,19b56b999adf600d6150a1f0904d7e2c187454df1f14fb0250f327c4e383578a,38955428,86c71779132f2fd673521e1e5a9e315b2ca7f1d57354fc8c288b221538868374,1125938,EPHEMERAL_PATH_BEARING_NOT_RETAINED,/home/workdir/openWEPP/target/release/openwepp-cli-hill --run-dir <scratch>/harvard_deciduous_ma__GSI-2631/fixture --run-file p6.native.run.toml --output-dir <scratch>/harvard_deciduous_ma__GSI-2631/output --legacy-sidecar-discovery --direct-production-executor
harvard_deciduous_ma__GSI-2634,harvard,deciduous,harvard_deciduous_ma,GSI-2634,PASS,80b40594c0ff358596774e2a8fb4a62a44da80e970a42d7e600ab00ea76eb3ea,38771670,662dff48723aa1d26e75d73a03d0b9e73a6881cfbd8cb5bd9df8e85b6e0b1871,1117837,EPHEMERAL_PATH_BEARING_NOT_RETAINED,/home/workdir/openWEPP/target/release/openwepp-cli-hill --run-dir <scratch>/harvard_deciduous_ma__GSI-2634/fixture --run-file p6.native.run.toml --output-dir <scratch>/harvard_deciduous_ma__GSI-2634/output --legacy-sidecar-discovery --direct-production-executor
harvard_deciduous_ma__GSI-2635,harvard,deciduous,harvard_deciduous_ma,GSI-2635,PASS,1254c5b828b6c6a12fd3c8a788020da292b8ee7a9519a8e259e2f7763ce5d2c9,38786467,f0fd773d19988c3744c82f3be969afa0a017ca2dd09503b73db03bbf2d89b8fb,1118613,EPHEMERAL_PATH_BEARING_NOT_RETAINED,/home/workdir/openWEPP/target/release/openwepp-cli-hill --run-dir <scratch>/harvard_deciduous_ma__GSI-2635/fixture --run-file p6.native.run.toml --output-dir <scratch>/harvard_deciduous_ma__GSI-2635/output --legacy-sidecar-discovery --direct-production-executor
harvard_deciduous_ma__GSI-2636,harvard,deciduous,harvard_deciduous_ma,GSI-2636,PASS,ce64a7f37d921ad03b1a347ed6495963adde691c2b5054626cc40f7720a19676,38776669,99ca0d798e827b7112fef83918122feca55667c202e5e5cbe39a3ce434e94f03,1118494,EPHEMERAL_PATH_BEARING_NOT_RETAINED,/home/workdir/openWEPP/target/release/openwepp-cli-hill --run-dir <scratch>/harvard_deciduous_ma__GSI-2636/fixture --run-file p6.native.run.toml --output-dir <scratch>/harvard_deciduous_ma__GSI-2636/output --legacy-sidecar-discovery --direct-production-executor
harvard_deciduous_ma__GSI-2638,harvard,deciduous,harvard_deciduous_ma,GSI-2638,PASS,3ed735e84422b375e45f973cf3828c648c492b7162d3f52ed12dacc812884a94,38142822,a5dea0fb3bf613b9f4628ec630e6504ad81ed8f00d2aa9592b9687ecbcdb1396,1089171,EPHEMERAL_PATH_BEARING_NOT_RETAINED,/home/workdir/openWEPP/target/release/openwepp-cli-hill --run-dir <scratch>/harvard_deciduous_ma__GSI-2638/fixture --run-file p6.native.run.toml --output-dir <scratch>/harvard_deciduous_ma__GSI-2638/output --legacy-sidecar-discovery --direct-production-executor
harvard_deciduous_ma__GSI-3941,harvard,deciduous,harvard_deciduous_ma,GSI-3941,PASS,bf5a95b247eb08b48eac8445f74c9c1ef8ccd82173f751ef4228da0e32576625,38141150,e42827bab3f81d4e82bb7a84016ccd0a68066d250ce5bc20278320bbbe8c04e7,1088379,EPHEMERAL_PATH_BEARING_NOT_RETAINED,/home/workdir/openWEPP/target/release/openwepp-cli-hill --run-dir <scratch>/harvard_deciduous_ma__GSI-3941/fixture --run-file p6.native.run.toml --output-dir <scratch>/harvard_deciduous_ma__GSI-3941/output --legacy-sidecar-discovery --direct-production-executor
harvard_deciduous_ma__GSI-3942,harvard,deciduous,harvard_deciduous_ma,GSI-3942,PASS,8770b733eb89f0d76ff310b382d1e2b73b4675e9a4033212eda9d583b07b28e3,38132716,d05d75f98af074aa282cba366087f3086e08f0fcc3c59050559c0a14b9c071fb,1088330,EPHEMERAL_PATH_BEARING_NOT_RETAINED,/home/workdir/openWEPP/target/release/openwepp-cli-hill --run-dir <scratch>/harvard_deciduous_ma__GSI-3942/fixture --run-file p6.native.run.toml --output-dir <scratch>/harvard_deciduous_ma__GSI-3942/output --legacy-sidecar-discovery --direct-production-executor
harvard_deciduous_ma__GSI-3962,harvard,deciduous,harvard_deciduous_ma,GSI-3962,PASS,54ab98655dec26d4e1f0ef4261424e218b16b0570f960efc2c9a040ae4761a8d,38071683,c9f7e67e18092e9042d82442658322818bfbc24f23a8aa61260f1f7df62c8fc5,1087508,EPHEMERAL_PATH_BEARING_NOT_RETAINED,/home/workdir/openWEPP/target/release/openwepp-cli-hill --run-dir <scratch>/harvard_deciduous_ma__GSI-3962/fixture --run-file p6.native.run.toml --output-dir <scratch>/harvard_deciduous_ma__GSI-3962/output --legacy-sidecar-discovery --direct-production-executor
harvard_deciduous_ma__GSI-3963,harvard,deciduous,harvard_deciduous_ma,GSI-3963,PASS,d3e8c9b6a689c6db65d4c83facd9f11d128ab9441d29a219a26542011a0b6fcc,38071521,c1e8c2aff8fdff414e7e855c26ee0188a32ea4fc590b075d71640438c00af63f,1087521,EPHEMERAL_PATH_BEARING_NOT_RETAINED,/home/workdir/openWEPP/target/release/openwepp-cli-hill --run-dir <scratch>/harvard_deciduous_ma__GSI-3963/fixture --run-file p6.native.run.toml --output-dir <scratch>/harvard_deciduous_ma__GSI-3963/output --legacy-sidecar-discovery --direct-production-executor
harvard_deciduous_ma__GSI-4372,harvard,deciduous,harvard_deciduous_ma,GSI-4372,PASS,31eff83658926efdcd6d8edd6a0e88ae58d9607aec9f61d9dc6c6424c3cb63fa,38891920,8545cda80ff2395a854a13653b8e1d97148a0c1e12592c2e5d4b3e995dbac9e4,1123498,EPHEMERAL_PATH_BEARING_NOT_RETAINED,/home/workdir/openWEPP/target/release/openwepp-cli-hill --run-dir <scratch>/harvard_deciduous_ma__GSI-4372/fixture --run-file p6.native.run.toml --output-dir <scratch>/harvard_deciduous_ma__GSI-4372/output --legacy-sidecar-discovery --direct-production-executor
harvard_deciduous_ma__GSI-4377,harvard,deciduous,harvard_deciduous_ma,GSI-4377,PASS,314990c4e5ae1b91aca3c86cad99b8718c71ba42d62fec947c56edb546504b14,38728477,73f5bce1201e2378bdcf2796d1cd1ca81981e0aa634dda8a1acc10857e9682c1,1116145,EPHEMERAL_PATH_BEARING_NOT_RETAINED,/home/workdir/openWEPP/target/release/openwepp-cli-hill --run-dir <scratch>/harvard_deciduous_ma__GSI-4377/fixture --run-file p6.native.run.toml --output-dir <scratch>/harvard_deciduous_ma__GSI-4377/output --legacy-sidecar-discovery --direct-production-executor
harvard_deciduous_ma__GSI-4393,harvard,deciduous,harvard_deciduous_ma,GSI-4393,PASS,3c77e4be076b697eb3717eae57114935ddc0905064e63db2c4d9154fd557c8c6,38821401,ffafbc1eeab12a26a0daa44e90a11a20c6a8ba932d5ab352932ec9cb7e4c5f59,1123457,EPHEMERAL_PATH_BEARING_NOT_RETAINED,/home/workdir/openWEPP/target/release/openwepp-cli-hill --run-dir <scratch>/harvard_deciduous_ma__GSI-4393/fixture --run-file p6.native.run.toml --output-dir <scratch>/harvard_deciduous_ma__GSI-4393/output --legacy-sidecar-discovery --direct-production-executor
harvard_deciduous_ma__GSI-4394,harvard,deciduous,harvard_deciduous_ma,GSI-4394,PASS,657a0fa83912d8855e7864d3b2a5edf531aa1922779eb1da1d3e6c0c9d8ad20e,38849058,9db7dba7fb81c211905f765548c3db693db9eb4a578bcaca90e1c72b7db6ed7e,1123946,EPHEMERAL_PATH_BEARING_NOT_RETAINED,/home/workdir/openWEPP/target/release/openwepp-cli-hill --run-dir <scratch>/harvard_deciduous_ma__GSI-4394/fixture --run-file p6.native.run.toml --output-dir <scratch>/harvard_deciduous_ma__GSI-4394/output --legacy-sidecar-discovery --direct-production-executor
harvard_deciduous_ma__GSI-4395,harvard,deciduous,harvard_deciduous_ma,GSI-4395,PASS,c8e7057382db33c6545b0665064a1d9802d14328d0abf2f9496ac0ae3e038ddc,38850518,0ab008cdf88752ba973f37822a1097dd8b2a4d6145c50af2f4c037262c6073d7,1124054,EPHEMERAL_PATH_BEARING_NOT_RETAINED,/home/workdir/openWEPP/target/release/openwepp-cli-hill --run-dir <scratch>/harvard_deciduous_ma__GSI-4395/fixture --run-file p6.native.run.toml --output-dir <scratch>/harvard_deciduous_ma__GSI-4395/output --legacy-sidecar-discovery --direct-production-executor
harvard_deciduous_ma__GSI-4398,harvard,deciduous,harvard_deciduous_ma,GSI-4398,PASS,26a9a9bcb9d02669c10456b932e2c6e7eace4dc3e753a5708db2678c066fc852,38661460,3630d6e22e1ab62366753037627fdfe046935db8ce1eb45d281049764e9d9dd4,1116126,EPHEMERAL_PATH_BEARING_NOT_RETAINED,/home/workdir/openWEPP/target/release/openwepp-cli-hill --run-dir <scratch>/harvard_deciduous_ma__GSI-4398/fixture --run-file p6.native.run.toml --output-dir <scratch>/harvard_deciduous_ma__GSI-4398/output --legacy-sidecar-discovery --direct-production-executor
harvard_deciduous_ma__GSI-4399,harvard,deciduous,harvard_deciduous_ma,GSI-4399,PASS,4ff617612e1d9c74e78ebcf8cb97c1228a20f9c051b4db04195dba799ade405e,38691179,0f16e784c3cf70bce0ec05b7eb0b8570c9525d7219710da0f955e02204e8c8eb,1116727,EPHEMERAL_PATH_BEARING_NOT_RETAINED,/home/workdir/openWEPP/target/release/openwepp-cli-hill --run-dir <scratch>/harvard_deciduous_ma__GSI-4399/fixture --run-file p6.native.run.toml --output-dir <scratch>/harvard_deciduous_ma__GSI-4399/output --legacy-sidecar-discovery --direct-production-executor
harvard_deciduous_ma__GSI-4400,harvard,deciduous,harvard_deciduous_ma,GSI-4400,PASS,61fbc68e6d97746d9e6b4c2089ca86e5b626c4fe3f2301879a9aa8b3ee533030,38686456,afe37110accd9cd4325b02a6db404fcec0aad8362b3e16cba5d70934096ad383,1116852,EPHEMERAL_PATH_BEARING_NOT_RETAINED,/home/workdir/openWEPP/target/release/openwepp-cli-hill --run-dir <scratch>/harvard_deciduous_ma__GSI-4400/fixture --run-file p6.native.run.toml --output-dir <scratch>/harvard_deciduous_ma__GSI-4400/output --legacy-sidecar-discovery --direct-production-executor
harvard_deciduous_ma__GSI-4402,harvard,deciduous,harvard_deciduous_ma,GSI-4402,PASS,ce9dafa2090053d3ad87cacde5d32dcef66474a7c61087f13104db53243b3eac,38073089,90b64b2cb5881e1f409dab942522f5edf59817adde9e3ec0a248ef5a41f62656,1087660,EPHEMERAL_PATH_BEARING_NOT_RETAINED,/home/workdir/openWEPP/target/release/openwepp-cli-hill --run-dir <scratch>/harvard_deciduous_ma__GSI-4402/fixture --run-file p6.native.run.toml --output-dir <scratch>/harvard_deciduous_ma__GSI-4402/output --legacy-sidecar-discovery --direct-production-executor
harvard_deciduous_ma__GSI-4831,harvard,deciduous,harvard_deciduous_ma,GSI-4831,PASS,d66074a774e96c9423c257930a4a840795c67ff1a5c9118d8c057abc3d36bb8a,38758770,ea523bb395bb5dd89a313d229993dbe2ce380d5b01b886fe9f5002c764d4dfe8,1123387,EPHEMERAL_PATH_BEARING_NOT_RETAINED,/home/workdir/openWEPP/target/release/openwepp-cli-hill --run-dir <scratch>/harvard_deciduous_ma__GSI-4831/fixture --run-file p6.native.run.toml --output-dir <scratch>/harvard_deciduous_ma__GSI-4831/output --legacy-sidecar-discovery --direct-production-executor
harvard_deciduous_ma__GSI-4832,harvard,deciduous,harvard_deciduous_ma,GSI-4832,PASS,8c71eb6f0bfc66b11aa702acde31292046694b38ee4aacc0c80188908473e318,38782060,550136d829ff613c12d7e7839a1e9d974760784a6073e97ef4081ece6e46ba82,1123731,EPHEMERAL_PATH_BEARING_NOT_RETAINED,/home/workdir/openWEPP/target/release/openwepp-cli-hill --run-dir <scratch>/harvard_deciduous_ma__GSI-4832/fixture --run-file p6.native.run.toml --output-dir <scratch>/harvard_deciduous_ma__GSI-4832/output --legacy-sidecar-discovery --direct-production-executor
harvard_deciduous_ma__GSI-4833,harvard,deciduous,harvard_deciduous_ma,GSI-4833,PASS,b024584e0eb088a9202f33ffcf03d3a9ca4d068a038dfe0b1933719ca1c086cd,38812128,56840f0a8d8a248fad782863de27d90bb038dee1695ac82ec4bc92c3abca74c1,1123956,EPHEMERAL_PATH_BEARING_NOT_RETAINED,/home/workdir/openWEPP/target/release/openwepp-cli-hill --run-dir <scratch>/harvard_deciduous_ma__GSI-4833/fixture --run-file p6.native.run.toml --output-dir <scratch>/harvard_deciduous_ma__GSI-4833/output --legacy-sidecar-discovery --direct-production-executor
harvard_deciduous_ma__GSI-4837,harvard,deciduous,harvard_deciduous_ma,GSI-4837,PASS,ce56dfa1cbf53f5629350ac4a7f5d23c992b95fd628b7678db34ba22a2a85df4,38623463,744e8702d5957255442fd6be668ba0d65b5bd01c1a6eec0f4d60d778fc834c7b,1116307,EPHEMERAL_PATH_BEARING_NOT_RETAINED,/home/workdir/openWEPP/target/release/openwepp-cli-hill --run-dir <scratch>/harvard_deciduous_ma__GSI-4837/fixture --run-file p6.native.run.toml --output-dir <scratch>/harvard_deciduous_ma__GSI-4837/output --legacy-sidecar-discovery --direct-production-executor
harvard_deciduous_ma__GSI-4838,harvard,deciduous,harvard_deciduous_ma,GSI-4838,PASS,bd141c9300a3a9b3390a521dfeb90875afc747703edd6bbdb56b6e50dd5e807a,38649948,ff131aa03aa43e44ced8fa53114b41a7296f29af7e91bc78e3d67c6caa6459c2,1116147,EPHEMERAL_PATH_BEARING_NOT_RETAINED,/home/workdir/openWEPP/target/release/openwepp-cli-hill --run-dir <scratch>/harvard_deciduous_ma__GSI-4838/fixture --run-file p6.native.run.toml --output-dir <scratch>/harvard_deciduous_ma__GSI-4838/output --legacy-sidecar-discovery --direct-production-executor
harvard_deciduous_ma__GSI-4842,harvard,deciduous,harvard_deciduous_ma,GSI-4842,PASS,3c7c6c04bb0c10eae0b0b13562f36edbe3b713df8dc9dd881d4782acb0ac0c65,38067001,bb60aeee5803c54ef59a8bbae93065d44a21f958de9c6e1428a15c1e25c67331,1087567,EPHEMERAL_PATH_BEARING_NOT_RETAINED,/home/workdir/openWEPP/target/release/openwepp-cli-hill --run-dir <scratch>/harvard_deciduous_ma__GSI-4842/fixture --run-file p6.native.run.toml --output-dir <scratch>/harvard_deciduous_ma__GSI-4842/output --legacy-sidecar-discovery --direct-production-executor
harvard_deciduous_ma__GSI-5695,harvard,deciduous,harvard_deciduous_ma,GSI-5695,PASS,51ab4bc83ee51ece9717a1693305e8f6beed4d9c4543850776c710d4aab71b4b,38701337,b1b06d48e3701db9153b32868e1acae0c2b465826d205a151647f8e23ef8d467,1120482,EPHEMERAL_PATH_BEARING_NOT_RETAINED,/home/workdir/openWEPP/target/release/openwepp-cli-hill --run-dir <scratch>/harvard_deciduous_ma__GSI-5695/fixture --run-file p6.native.run.toml --output-dir <scratch>/harvard_deciduous_ma__GSI-5695/output --legacy-sidecar-discovery --direct-production-executor
harvard_deciduous_ma__GSI-5700,harvard,deciduous,harvard_deciduous_ma,GSI-5700,PASS,5fa64d6ac4a259cd6bf434486d38fafc80f1323a523f4a0c6ac397703891c913,38573240,a1909423d67c0db28f1f10aa3785a1e8aa3f31e0e6425fd33449821bb9321523,1113892,EPHEMERAL_PATH_BEARING_NOT_RETAINED,/home/workdir/openWEPP/target/release/openwepp-cli-hill --run-dir <scratch>/harvard_deciduous_ma__GSI-5700/fixture --run-file p6.native.run.toml --output-dir <scratch>/harvard_deciduous_ma__GSI-5700/output --legacy-sidecar-discovery --direct-production-executor
harvard_deciduous_ma__GSI-5716,harvard,deciduous,harvard_deciduous_ma,GSI-5716,PASS,f7df4e95c991bc1ffb7bdcb6164f024f8b0cc8f859368427f0eb4b5b83772aad,38645992,4a0c55afbf09d4b16e57222a9bd6f8bc7e34e0a3ff98e4cee4d0adc55a4450c3,1120244,EPHEMERAL_PATH_BEARING_NOT_RETAINED,/home/workdir/openWEPP/target/release/openwepp-cli-hill --run-dir <scratch>/harvard_deciduous_ma__GSI-5716/fixture --run-file p6.native.run.toml --output-dir <scratch>/harvard_deciduous_ma__GSI-5716/output --legacy-sidecar-discovery --direct-production-executor
harvard_deciduous_ma__GSI-5717,harvard,deciduous,harvard_deciduous_ma,GSI-5717,PASS,f8381523d38e3f1128ea2b85c9ba86c2981b908240227b036d1a8dbf254fd0fa,38695184,9ec4d0cd6c8dc159be0f9079eed1a02cddd63c20fd2eb90d45007db16e26237c,1120726,EPHEMERAL_PATH_BEARING_NOT_RETAINED,/home/workdir/openWEPP/target/release/openwepp-cli-hill --run-dir <scratch>/harvard_deciduous_ma__GSI-5717/fixture --run-file p6.native.run.toml --output-dir <scratch>/harvard_deciduous_ma__GSI-5717/output --legacy-sidecar-discovery --direct-production-executor
harvard_deciduous_ma__GSI-5718,harvard,deciduous,harvard_deciduous_ma,GSI-5718,PASS,524e8ae1db1c42fc87c964d492d7787908356531caaa3fc328209a3e573c3f80,38686945,7d53b032a3e9d72f0878ad7c3e6b9f761e7325d165b7419d0a727011f472e746,1121062,EPHEMERAL_PATH_BEARING_NOT_RETAINED,/home/workdir/openWEPP/target/release/openwepp-cli-hill --run-dir <scratch>/harvard_deciduous_ma__GSI-5718/fixture --run-file p6.native.run.toml --output-dir <scratch>/harvard_deciduous_ma__GSI-5718/output --legacy-sidecar-discovery --direct-production-executor
harvard_deciduous_ma__GSI-5721,harvard,deciduous,harvard_deciduous_ma,GSI-5721,PASS,73ff61457226ea8ce3fda356d519875459b4318edc211b3994711ce9ada5dd58,38500828,1ed1a7dac4b0cb2550457f1509d0075e5e2b50e2b0c0c5d4c8fc7074bd669a70,1113559,EPHEMERAL_PATH_BEARING_NOT_RETAINED,/home/workdir/openWEPP/target/release/openwepp-cli-hill --run-dir <scratch>/harvard_deciduous_ma__GSI-5721/fixture --run-file p6.native.run.toml --output-dir <scratch>/harvard_deciduous_ma__GSI-5721/output --legacy-sidecar-discovery --direct-production-executor
harvard_deciduous_ma__GSI-5722,harvard,deciduous,harvard_deciduous_ma,GSI-5722,PASS,e82fb9284a5da9cb443867d5ab5c73728a18ca1bb0e68e8a048de9ba19695d2a,38552336,b076719788da50ec9ea06c4873fb69fcbf6a2efb73da7f86b8e13df27d502827,1114331,EPHEMERAL_PATH_BEARING_NOT_RETAINED,/home/workdir/openWEPP/target/release/openwepp-cli-hill --run-dir <scratch>/harvard_deciduous_ma__GSI-5722/fixture --run-file p6.native.run.toml --output-dir <scratch>/harvard_deciduous_ma__GSI-5722/output --legacy-sidecar-discovery --direct-production-executor
harvard_deciduous_ma__GSI-5723,harvard,deciduous,harvard_deciduous_ma,GSI-5723,PASS,97f69bf80c7e91e634ce6c06dc13a9d1ea754d50eb0f2d5ff61d9a57e70295f9,38555679,f4434b6384d904e6b455f42c47401a8d07e4ab3a29bc889fea66fdd3ac257d15,1114389,EPHEMERAL_PATH_BEARING_NOT_RETAINED,/home/workdir/openWEPP/target/release/openwepp-cli-hill --run-dir <scratch>/harvard_deciduous_ma__GSI-5723/fixture --run-file p6.native.run.toml --output-dir <scratch>/harvard_deciduous_ma__GSI-5723/output --legacy-sidecar-discovery --direct-production-executor
harvard_deciduous_ma__GSI-5725,harvard,deciduous,harvard_deciduous_ma,GSI-5725,PASS,c8971e6f26f5e34072ff06c357ce292166cc77d38a02d6b67971ade860955978,37955647,accd12ae723833d206d86efd46a82f35f217848728b861ed6c345605f8e64ff2,1086440,EPHEMERAL_PATH_BEARING_NOT_RETAINED,/home/workdir/openWEPP/target/release/openwepp-cli-hill --run-dir <scratch>/harvard_deciduous_ma__GSI-5725/fixture --run-file p6.native.run.toml --output-dir <scratch>/harvard_deciduous_ma__GSI-5725/output --legacy-sidecar-discovery --direct-production-executor
harvard_mixed_ma__GSI-2198,harvard,mixed,harvard_mixed_ma,GSI-2198,PASS,91843cad651df108fb4a355c4460677eb766894219a14ce861a27336c28ac50c,38982647,4017005c53feb191e8758be2cc88d251c2e8e3f52ee0cd1d88abfd79bdc878af,1187826,EPHEMERAL_PATH_BEARING_NOT_RETAINED,/home/workdir/openWEPP/target/release/openwepp-cli-hill --run-dir <scratch>/harvard_mixed_ma__GSI-2198/fixture --run-file p8.native.run.toml --output-dir <scratch>/harvard_mixed_ma__GSI-2198/output --legacy-sidecar-discovery --direct-production-executor
harvard_mixed_ma__GSI-2199,harvard,mixed,harvard_mixed_ma,GSI-2199,PASS,48d86621e59dd6e1046946cc84f51aa1d32d0353dd7cb81d0b05eb79dc406f08,38976777,e8ce4cb1590b61eb9e859f55aa18d0275b868b184656d1516dbe8621d320a2cf,1187961,EPHEMERAL_PATH_BEARING_NOT_RETAINED,/home/workdir/openWEPP/target/release/openwepp-cli-hill --run-dir <scratch>/harvard_mixed_ma__GSI-2199/fixture --run-file p8.native.run.toml --output-dir <scratch>/harvard_mixed_ma__GSI-2199/output --legacy-sidecar-discovery --direct-production-executor
harvard_mixed_ma__GSI-2629,harvard,mixed,harvard_mixed_ma,GSI-2629,PASS,af637f0fbc3795f9b05eb67edf01bbd5ba0a09fe97e389331aa4d62d7a135903,39587418,31b80bdc721031428817ec3f0869d85eae9d8dcfeafa60233c1476ff69fe52fb,1194892,EPHEMERAL_PATH_BEARING_NOT_RETAINED,/home/workdir/openWEPP/target/release/openwepp-cli-hill --run-dir <scratch>/harvard_mixed_ma__GSI-2629/fixture --run-file p8.native.run.toml --output-dir <scratch>/harvard_mixed_ma__GSI-2629/output --legacy-sidecar-discovery --direct-production-executor
harvard_mixed_ma__GSI-2630,harvard,mixed,harvard_mixed_ma,GSI-2630,PASS,03bc110fab9a0da5e7ce6e260a366d4d438be334a9ca94b2b3662095d7f1e39e,39633403,41fc43d1c7834c248455fe97bf32c257ef6c833500399be42b2e5e1f79abba06,1195869,EPHEMERAL_PATH_BEARING_NOT_RETAINED,/home/workdir/openWEPP/target/release/openwepp-cli-hill --run-dir <scratch>/harvard_mixed_ma__GSI-2630/fixture --run-file p8.native.run.toml --output-dir <scratch>/harvard_mixed_ma__GSI-2630/output --legacy-sidecar-discovery --direct-production-executor
harvard_mixed_ma__GSI-2631,harvard,mixed,harvard_mixed_ma,GSI-2631,PASS,96055669bfa5d2186552313b2d8823e436ba9bf607b78cdc6aa0f0217f2a92f7,39631268,5c0df93275dd3e272f4cea3972b860a9bb821bdff37799d922aba8155e2a0616,1195963,EPHEMERAL_PATH_BEARING_NOT_RETAINED,/home/workdir/openWEPP/target/release/openwepp-cli-hill --run-dir <scratch>/harvard_mixed_ma__GSI-2631/fixture --run-file p8.native.run.toml --output-dir <scratch>/harvard_mixed_ma__GSI-2631/output --legacy-sidecar-discovery --direct-production-executor
harvard_mixed_ma__GSI-2634,harvard,mixed,harvard_mixed_ma,GSI-2634,PASS,fcd87383d1cad2b7ffd15974fa74c1582685c82483273cc19569bdecfdc3c60d,39449204,f019a481cf958145ceafe79edc8e8dcab6b3edca7197ae93826e4e64b0e54a6b,1193106,EPHEMERAL_PATH_BEARING_NOT_RETAINED,/home/workdir/openWEPP/target/release/openwepp-cli-hill --run-dir <scratch>/harvard_mixed_ma__GSI-2634/fixture --run-file p8.native.run.toml --output-dir <scratch>/harvard_mixed_ma__GSI-2634/output --legacy-sidecar-discovery --direct-production-executor
harvard_mixed_ma__GSI-2635,harvard,mixed,harvard_mixed_ma,GSI-2635,PASS,970c8e75eb2de25dffd8d2b087a7aff3fa58f45a3238727aa9784841fa78f471,39505438,846f7903e0cc3a72178a56e1533b3415639aa54f52968a5eae033be8723c1896,1193889,EPHEMERAL_PATH_BEARING_NOT_RETAINED,/home/workdir/openWEPP/target/release/openwepp-cli-hill --run-dir <scratch>/harvard_mixed_ma__GSI-2635/fixture --run-file p8.native.run.toml --output-dir <scratch>/harvard_mixed_ma__GSI-2635/output --legacy-sidecar-discovery --direct-production-executor
harvard_mixed_ma__GSI-2636,harvard,mixed,harvard_mixed_ma,GSI-2636,PASS,2b23cbcd5b4d96ba3ea930ac142aeda994720ce0535e10f8ff0f000c6edbe75b,39501743,78f75ce51928e2c69df12054bace7ba8e45a962413a1cd2139859228f7898d2d,1193677,EPHEMERAL_PATH_BEARING_NOT_RETAINED,/home/workdir/openWEPP/target/release/openwepp-cli-hill --run-dir <scratch>/harvard_mixed_ma__GSI-2636/fixture --run-file p8.native.run.toml --output-dir <scratch>/harvard_mixed_ma__GSI-2636/output --legacy-sidecar-discovery --direct-production-executor
harvard_mixed_ma__GSI-2638,harvard,mixed,harvard_mixed_ma,GSI-2638,PASS,3bf654d0f73bebb34b40fbf3c7730a73436c7f8b6bae7a361c9787e57de68a03,39018595,ed6f5ff1687adad6144b6331c6c523b64242d7357ba61d3e6297338f23a23d28,1188506,EPHEMERAL_PATH_BEARING_NOT_RETAINED,/home/workdir/openWEPP/target/release/openwepp-cli-hill --run-dir <scratch>/harvard_mixed_ma__GSI-2638/fixture --run-file p8.native.run.toml --output-dir <scratch>/harvard_mixed_ma__GSI-2638/output --legacy-sidecar-discovery --direct-production-executor
harvard_mixed_ma__GSI-3941,harvard,mixed,harvard_mixed_ma,GSI-3941,PASS,5275b2cb02342e287f668d7ec0f346f42a0a402507c9a7d26580f7559145a667,38985020,2e6f6054ca38b41864545968937d478b7fbc5329a67cfb06f01738adee85eda6,1187800,EPHEMERAL_PATH_BEARING_NOT_RETAINED,/home/workdir/openWEPP/target/release/openwepp-cli-hill --run-dir <scratch>/harvard_mixed_ma__GSI-3941/fixture --run-file p8.native.run.toml --output-dir <scratch>/harvard_mixed_ma__GSI-3941/output --legacy-sidecar-discovery --direct-production-executor
harvard_mixed_ma__GSI-3942,harvard,mixed,harvard_mixed_ma,GSI-3942,PASS,6c7e9097699744d32d5a9480845ca6314fa1a23fed0e482679c51423142e60a6,38977560,02ca10e97efda2c3f261aa4a07542934e6966742939d95712927694633de67ac,1187599,EPHEMERAL_PATH_BEARING_NOT_RETAINED,/home/workdir/openWEPP/target/release/openwepp-cli-hill --run-dir <scratch>/harvard_mixed_ma__GSI-3942/fixture --run-file p8.native.run.toml --output-dir <scratch>/harvard_mixed_ma__GSI-3942/output --legacy-sidecar-discovery --direct-production-executor
harvard_mixed_ma__GSI-3962,harvard,mixed,harvard_mixed_ma,GSI-3962,PASS,7a22e06d002747630815a9d0fc87983c20e90aed7511980b030143564aada030,38895219,56847d17ee9ae2de0124ac840ab4f776e9c8693da5d71a6b1fda2cee8aaf2118,1186858,EPHEMERAL_PATH_BEARING_NOT_RETAINED,/home/workdir/openWEPP/target/release/openwepp-cli-hill --run-dir <scratch>/harvard_mixed_ma__GSI-3962/fixture --run-file p8.native.run.toml --output-dir <scratch>/harvard_mixed_ma__GSI-3962/output --legacy-sidecar-discovery --direct-production-executor
harvard_mixed_ma__GSI-3963,harvard,mixed,harvard_mixed_ma,GSI-3963,PASS,bdfe252cce8995254c342247ad915220794eab36adb84c4b366197a6b94155f3,38901881,8929365db490c232768ea0115069262a538b3fac3858cef35758ddfb868bdb84,1187110,EPHEMERAL_PATH_BEARING_NOT_RETAINED,/home/workdir/openWEPP/target/release/openwepp-cli-hill --run-dir <scratch>/harvard_mixed_ma__GSI-3963/fixture --run-file p8.native.run.toml --output-dir <scratch>/harvard_mixed_ma__GSI-3963/output --legacy-sidecar-discovery --direct-production-executor
harvard_mixed_ma__GSI-4372,harvard,mixed,harvard_mixed_ma,GSI-4372,PASS,8aa6eadcd01582432d7847af38fc6d29edfed328d9e5a7022a76adf3520a9f09,39555717,311385f409f963b68f0355c3d22097b2c609526aa1e95b8297be82506cd3392e,1194602,EPHEMERAL_PATH_BEARING_NOT_RETAINED,/home/workdir/openWEPP/target/release/openwepp-cli-hill --run-dir <scratch>/harvard_mixed_ma__GSI-4372/fixture --run-file p8.native.run.toml --output-dir <scratch>/harvard_mixed_ma__GSI-4372/output --legacy-sidecar-discovery --direct-production-executor
harvard_mixed_ma__GSI-4377,harvard,mixed,harvard_mixed_ma,GSI-4377,PASS,e335d754df7173c33d35360c4de9fb3ec7dd9841f2c0e99e62eae897a294616f,39428168,3dcd305152ed04bfb67711172ac66fcb5bd8372a38f1cb67fd954d6c02c38360,1192353,EPHEMERAL_PATH_BEARING_NOT_RETAINED,/home/workdir/openWEPP/target/release/openwepp-cli-hill --run-dir <scratch>/harvard_mixed_ma__GSI-4377/fixture --run-file p8.native.run.toml --output-dir <scratch>/harvard_mixed_ma__GSI-4377/output --legacy-sidecar-discovery --direct-production-executor
harvard_mixed_ma__GSI-4393,harvard,mixed,harvard_mixed_ma,GSI-4393,PASS,0ee5eed3b4181d6d2191141da7f214d810a391b0d28c3884ccc676c624bbfd6c,39472800,3b139d416e0f8951403c75dc8b6b1a4316e3f8ff2ff4a5f66369c6cfe8c2b884,1194688,EPHEMERAL_PATH_BEARING_NOT_RETAINED,/home/workdir/openWEPP/target/release/openwepp-cli-hill --run-dir <scratch>/harvard_mixed_ma__GSI-4393/fixture --run-file p8.native.run.toml --output-dir <scratch>/harvard_mixed_ma__GSI-4393/output --legacy-sidecar-discovery --direct-production-executor
harvard_mixed_ma__GSI-4394,harvard,mixed,harvard_mixed_ma,GSI-4394,PASS,cb8fde78b478f24e7eb35d3a90ab6565d8d9a0e243212fedb07353fcb1f10f32,39526157,dc2ca40fc6e9fcbe315584f73a2374838054af9bace8f20d7fccab1e1da630bb,1194412,EPHEMERAL_PATH_BEARING_NOT_RETAINED,/home/workdir/openWEPP/target/release/openwepp-cli-hill --run-dir <scratch>/harvard_mixed_ma__GSI-4394/fixture --run-file p8.native.run.toml --output-dir <scratch>/harvard_mixed_ma__GSI-4394/output --legacy-sidecar-discovery --direct-production-executor
harvard_mixed_ma__GSI-4395,harvard,mixed,harvard_mixed_ma,GSI-4395,PASS,68bc8d2cb805489d4a2cdf7283f9d37266fceffa9e935870e4ea7e4f47707ecd,39525393,300e0b9a36291821e50d1eccec524d3fe9ad17f114ab87e09a40a63f4396813c,1194511,EPHEMERAL_PATH_BEARING_NOT_RETAINED,/home/workdir/openWEPP/target/release/openwepp-cli-hill --run-dir <scratch>/harvard_mixed_ma__GSI-4395/fixture --run-file p8.native.run.toml --output-dir <scratch>/harvard_mixed_ma__GSI-4395/output --legacy-sidecar-discovery --direct-production-executor
harvard_mixed_ma__GSI-4398,harvard,mixed,harvard_mixed_ma,GSI-4398,PASS,a467b407d9e3a07d516d1cfd8a3053a062b52cdd74e3b48622dd6b523aa5d7fb,39358333,a3c0a74230e7909c76d6386fac9933b8429c31170e03e5978ba4cd5f62d223bd,1192301,EPHEMERAL_PATH_BEARING_NOT_RETAINED,/home/workdir/openWEPP/target/release/openwepp-cli-hill --run-dir <scratch>/harvard_mixed_ma__GSI-4398/fixture --run-file p8.native.run.toml --output-dir <scratch>/harvard_mixed_ma__GSI-4398/output --legacy-sidecar-discovery --direct-production-executor
harvard_mixed_ma__GSI-4399,harvard,mixed,harvard_mixed_ma,GSI-4399,PASS,4c3f67aa613e1369ea575c1ba03497cb7ba9d7431d604a0b053b38614a17fcb0,39405399,0126cc04d3a84afcafc8b5c77df88867c98f63ccec2a46ee523c17878b752eee,1192485,EPHEMERAL_PATH_BEARING_NOT_RETAINED,/home/workdir/openWEPP/target/release/openwepp-cli-hill --run-dir <scratch>/harvard_mixed_ma__GSI-4399/fixture --run-file p8.native.run.toml --output-dir <scratch>/harvard_mixed_ma__GSI-4399/output --legacy-sidecar-discovery --direct-production-executor
harvard_mixed_ma__GSI-4400,harvard,mixed,harvard_mixed_ma,GSI-4400,PASS,a96e779069ea437d9bd5504089c250e67bb3a6d22a41ba0ca4e7c08ad5cb642b,39398390,7e4d12634fded429b4077a3560e01e405bf5a4b2a7891894f7cec41c6090fd9a,1192246,EPHEMERAL_PATH_BEARING_NOT_RETAINED,/home/workdir/openWEPP/target/release/openwepp-cli-hill --run-dir <scratch>/harvard_mixed_ma__GSI-4400/fixture --run-file p8.native.run.toml --output-dir <scratch>/harvard_mixed_ma__GSI-4400/output --legacy-sidecar-discovery --direct-production-executor
harvard_mixed_ma__GSI-4402,harvard,mixed,harvard_mixed_ma,GSI-4402,PASS,ba4a8a87f1745e9e334f58c32fbabc02146785daf26ba737a156b4043ad10e6c,38905660,eaf113120565e45edf8f5b9d2883bd08635038dc4bd5b64f0b00fec9181a63bf,1187419,EPHEMERAL_PATH_BEARING_NOT_RETAINED,/home/workdir/openWEPP/target/release/openwepp-cli-hill --run-dir <scratch>/harvard_mixed_ma__GSI-4402/fixture --run-file p8.native.run.toml --output-dir <scratch>/harvard_mixed_ma__GSI-4402/output --legacy-sidecar-discovery --direct-production-executor
harvard_mixed_ma__GSI-4831,harvard,mixed,harvard_mixed_ma,GSI-4831,PASS,525350a92b08396888b11d92a2cc54bdcd6df82d5da84d8782833df06aecb7fe,39323283,75f7cda43afc83cf0bec85e7bd047d7450f91ead61df2a179ad66d2586ead98f,1192600,EPHEMERAL_PATH_BEARING_NOT_RETAINED,/home/workdir/openWEPP/target/release/openwepp-cli-hill --run-dir <scratch>/harvard_mixed_ma__GSI-4831/fixture --run-file p8.native.run.toml --output-dir <scratch>/harvard_mixed_ma__GSI-4831/output --legacy-sidecar-discovery --direct-production-executor
harvard_mixed_ma__GSI-4832,harvard,mixed,harvard_mixed_ma,GSI-4832,PASS,371753964f83639e7867d677b5602ff634eb3f706cccf0070b455eb8a4cbe4be,39387957,3ca8e5f674d88234feed90120a1f962a90eb2aa58309bc11e55d9d898db86cf2,1193192,EPHEMERAL_PATH_BEARING_NOT_RETAINED,/home/workdir/openWEPP/target/release/openwepp-cli-hill --run-dir <scratch>/harvard_mixed_ma__GSI-4832/fixture --run-file p8.native.run.toml --output-dir <scratch>/harvard_mixed_ma__GSI-4832/output --legacy-sidecar-discovery --direct-production-executor
harvard_mixed_ma__GSI-4833,harvard,mixed,harvard_mixed_ma,GSI-4833,PASS,1b3e45e1a678a9abb46062126dae1816dbc49cc110c0558c4cc41002b8b0ae24,39485707,b909bf412fef6e46755b98a08e0960d98be15a93ba6f97c93060bfdc6782254d,1194643,EPHEMERAL_PATH_BEARING_NOT_RETAINED,/home/workdir/openWEPP/target/release/openwepp-cli-hill --run-dir <scratch>/harvard_mixed_ma__GSI-4833/fixture --run-file p8.native.run.toml --output-dir <scratch>/harvard_mixed_ma__GSI-4833/output --legacy-sidecar-discovery --direct-production-executor
harvard_mixed_ma__GSI-4837,harvard,mixed,harvard_mixed_ma,GSI-4837,PASS,86675e638a66b6eb8aa6b90cefed64b425494fd7e63b71b849bc0be875e4f16a,39266597,9e19dab3f00e4b379575c32dcd769a2260cc894a678aea0efb9243642051cbc9,1192337,EPHEMERAL_PATH_BEARING_NOT_RETAINED,/home/workdir/openWEPP/target/release/openwepp-cli-hill --run-dir <scratch>/harvard_mixed_ma__GSI-4837/fixture --run-file p8.native.run.toml --output-dir <scratch>/harvard_mixed_ma__GSI-4837/output --legacy-sidecar-discovery --direct-production-executor
harvard_mixed_ma__GSI-4838,harvard,mixed,harvard_mixed_ma,GSI-4838,PASS,8975916d79753c3890de000dbbf8d9b1232c90e45a2b527cfe5a5b49a9d10452,39353239,2bdaeadd975db1034c0b9bfa5b4b7901f221f4e145e1540dcb153c7f6811bb3a,1192204,EPHEMERAL_PATH_BEARING_NOT_RETAINED,/home/workdir/openWEPP/target/release/openwepp-cli-hill --run-dir <scratch>/harvard_mixed_ma__GSI-4838/fixture --run-file p8.native.run.toml --output-dir <scratch>/harvard_mixed_ma__GSI-4838/output --legacy-sidecar-discovery --direct-production-executor
harvard_mixed_ma__GSI-4842,harvard,mixed,harvard_mixed_ma,GSI-4842,PASS,ee90b10d08c25e43265f9da81f564aaad9c1f4484418e22085ccb572927d3840,38884557,85895d8127a888fdf1933307170b96eac30f00357d756cce9edfe693cd270b28,1187520,EPHEMERAL_PATH_BEARING_NOT_RETAINED,/home/workdir/openWEPP/target/release/openwepp-cli-hill --run-dir <scratch>/harvard_mixed_ma__GSI-4842/fixture --run-file p8.native.run.toml --output-dir <scratch>/harvard_mixed_ma__GSI-4842/output --legacy-sidecar-discovery --direct-production-executor
harvard_mixed_ma__GSI-5695,harvard,mixed,harvard_mixed_ma,GSI-5695,PASS,3008d2842e1d56cc42d12fbcef0a594bb04c5d0db6e44535e663e7c8da40f0dd,39383282,126f422a07f7de13d22c2f064c2e256bdce385d631eb23dcdb3cffd5b576e206,1193572,EPHEMERAL_PATH_BEARING_NOT_RETAINED,/home/workdir/openWEPP/target/release/openwepp-cli-hill --run-dir <scratch>/harvard_mixed_ma__GSI-5695/fixture --run-file p8.native.run.toml --output-dir <scratch>/harvard_mixed_ma__GSI-5695/output --legacy-sidecar-discovery --direct-production-executor
harvard_mixed_ma__GSI-5700,harvard,mixed,harvard_mixed_ma,GSI-5700,PASS,4304546fd896d63b75361f1a43bcc7229a2c8b4310786e40f24dc26f5b925942,39269263,25735e26fe919e30aaf2802850ae7dbdbffa24d472d4aaff9f755b779c59d697,1191458,EPHEMERAL_PATH_BEARING_NOT_RETAINED,/home/workdir/openWEPP/target/release/openwepp-cli-hill --run-dir <scratch>/harvard_mixed_ma__GSI-5700/fixture --run-file p8.native.run.toml --output-dir <scratch>/harvard_mixed_ma__GSI-5700/output --legacy-sidecar-discovery --direct-production-executor
harvard_mixed_ma__GSI-5716,harvard,mixed,harvard_mixed_ma,GSI-5716,PASS,c62fc6977b49d55203929c7a133aa62d8a309a5d99236c0a05bdd79cc221afe0,39310827,18c2132a295e2b60ebf3f93980002014c72d9ec1ff2388f4837c9678eea9ec70,1192148,EPHEMERAL_PATH_BEARING_NOT_RETAINED,/home/workdir/openWEPP/target/release/openwepp-cli-hill --run-dir <scratch>/harvard_mixed_ma__GSI-5716/fixture --run-file p8.native.run.toml --output-dir <scratch>/harvard_mixed_ma__GSI-5716/output --legacy-sidecar-discovery --direct-production-executor
harvard_mixed_ma__GSI-5717,harvard,mixed,harvard_mixed_ma,GSI-5717,PASS,455fce3e241bc9d98fba9534ea5b719036d975c6103d020e038bb00f12c1d3b8,39372799,120f94c50c7bc253da47853a7345fb0686331adb0d3f6c7ac66e51d45e4c2a25,1192815,EPHEMERAL_PATH_BEARING_NOT_RETAINED,/home/workdir/openWEPP/target/release/openwepp-cli-hill --run-dir <scratch>/harvard_mixed_ma__GSI-5717/fixture --run-file p8.native.run.toml --output-dir <scratch>/harvard_mixed_ma__GSI-5717/output --legacy-sidecar-discovery --direct-production-executor
harvard_mixed_ma__GSI-5718,harvard,mixed,harvard_mixed_ma,GSI-5718,PASS,b65842df5d5e2589f0f777aad5b18221927f63db0d03b49a13c205b3089a7be9,39365615,56626add3cbb4f460f1b2a542a98c6287a355050efa62e54f7ef4923c5815887,1193088,EPHEMERAL_PATH_BEARING_NOT_RETAINED,/home/workdir/openWEPP/target/release/openwepp-cli-hill --run-dir <scratch>/harvard_mixed_ma__GSI-5718/fixture --run-file p8.native.run.toml --output-dir <scratch>/harvard_mixed_ma__GSI-5718/output --legacy-sidecar-discovery --direct-production-executor
harvard_mixed_ma__GSI-5721,harvard,mixed,harvard_mixed_ma,GSI-5721,PASS,17bb38b5a584c1a5cb0df607633fee1e37519af8191a585551dcc7ce0d23f370,39206283,cee5e3fa35ad15ca7195d8bbca7ea4046231df1540ad1d692bb9c81d4dcb1845,1191096,EPHEMERAL_PATH_BEARING_NOT_RETAINED,/home/workdir/openWEPP/target/release/openwepp-cli-hill --run-dir <scratch>/harvard_mixed_ma__GSI-5721/fixture --run-file p8.native.run.toml --output-dir <scratch>/harvard_mixed_ma__GSI-5721/output --legacy-sidecar-discovery --direct-production-executor
harvard_mixed_ma__GSI-5722,harvard,mixed,harvard_mixed_ma,GSI-5722,PASS,06f324e36320f54cabc36103b5b4cb9bbd418d55b9c4e3278e66cec56c4cee14,39251466,df73e5aa718f3add143dcb77be904453ea0fe7fc354df179f971714880fbae7f,1192034,EPHEMERAL_PATH_BEARING_NOT_RETAINED,/home/workdir/openWEPP/target/release/openwepp-cli-hill --run-dir <scratch>/harvard_mixed_ma__GSI-5722/fixture --run-file p8.native.run.toml --output-dir <scratch>/harvard_mixed_ma__GSI-5722/output --legacy-sidecar-discovery --direct-production-executor
harvard_mixed_ma__GSI-5723,harvard,mixed,harvard_mixed_ma,GSI-5723,PASS,b507833139766881cf44ffed48a12155d5eb8a3f1ff66f72bce7d8845890a956,39254460,b6809ffb8b1de1a894c51d1244f767a6ad62303350acbac18e2c34b3b2916d9a,1192102,EPHEMERAL_PATH_BEARING_NOT_RETAINED,/home/workdir/openWEPP/target/release/openwepp-cli-hill --run-dir <scratch>/harvard_mixed_ma__GSI-5723/fixture --run-file p8.native.run.toml --output-dir <scratch>/harvard_mixed_ma__GSI-5723/output --legacy-sidecar-discovery --direct-production-executor
harvard_mixed_ma__GSI-5725,harvard,mixed,harvard_mixed_ma,GSI-5725,PASS,9053089d9ef4b51dc9d1dd58e5da8da8dfdf63693b7db2b392f832309f5733c6,38780789,cb0d807372a188a4dfb084e1a16faea7cdd5df22366ef67efee9ddc0c7bd4e5c,1186746,EPHEMERAL_PATH_BEARING_NOT_RETAINED,/home/workdir/openWEPP/target/release/openwepp-cli-hill --run-dir <scratch>/harvard_mixed_ma__GSI-5725/fixture --run-file p8.native.run.toml --output-dir <scratch>/harvard_mixed_ma__GSI-5725/output --legacy-sidecar-discovery --direct-production-executor
harvard_open_ma__OPEN-CONTROL,harvard,open,harvard_open_ma,OPEN-CONTROL,PASS,,0,7d6cfd25801e99d0b70a8452936c07cc45814e4a6bc98121d5193a4687fca174,1184283,EPHEMERAL_PATH_BEARING_NOT_RETAINED,/home/workdir/openWEPP/target/release/openwepp-cli-hill --run-dir <scratch>/harvard_open_ma__OPEN-CONTROL/fixture --run-file p3.native.run.toml --output-dir <scratch>/harvard_open_ma__OPEN-CONTROL/output --legacy-sidecar-discovery --direct-production-executor
hubbardbrook_deciduous_nh__GSI-2198,hubbard_brook,deciduous,hubbardbrook_deciduous_nh,GSI-2198,PASS,0a23ec28f3cac6c5d8ef556af9aa7dcdbcc179587623b6e2928ead2c3bba288c,38245183,9ffb29f9a7f5c61a260df569123015998d168cbe9cc774411e1e6c768df264e6,1214839,EPHEMERAL_PATH_BEARING_NOT_RETAINED,/home/workdir/openWEPP/target/release/openwepp-cli-hill --run-dir <scratch>/hubbardbrook_deciduous_nh__GSI-2198/fixture --run-file p10.native.run.toml --output-dir <scratch>/hubbardbrook_deciduous_nh__GSI-2198/output --legacy-sidecar-discovery --direct-production-executor
hubbardbrook_deciduous_nh__GSI-2199,hubbard_brook,deciduous,hubbardbrook_deciduous_nh,GSI-2199,PASS,7811b80191845e9b275d365df94c36071f251aa0b385c14fe65e622c1b8472a7,38256961,426e76cf2e39377fe05f313c94b9d6bbd13420eaa716000bae0415360dc7f5f7,1214772,EPHEMERAL_PATH_BEARING_NOT_RETAINED,/home/workdir/openWEPP/target/release/openwepp-cli-hill --run-dir <scratch>/hubbardbrook_deciduous_nh__GSI-2199/fixture --run-file p10.native.run.toml --output-dir <scratch>/hubbardbrook_deciduous_nh__GSI-2199/output --legacy-sidecar-discovery --direct-production-executor
hubbardbrook_deciduous_nh__GSI-2629,hubbard_brook,deciduous,hubbardbrook_deciduous_nh,GSI-2629,PASS,63741371136816cac11ed2854b935e58a967c998b9a07707435f20a42340a697,38989570,76af0632b36521951073c036dc40d0240b25115cf9ba28d128107ed217f3c7b8,1243778,EPHEMERAL_PATH_BEARING_NOT_RETAINED,/home/workdir/openWEPP/target/release/openwepp-cli-hill --run-dir <scratch>/hubbardbrook_deciduous_nh__GSI-2629/fixture --run-file p10.native.run.toml --output-dir <scratch>/hubbardbrook_deciduous_nh__GSI-2629/output --legacy-sidecar-discovery --direct-production-executor
hubbardbrook_deciduous_nh__GSI-2630,hubbard_brook,deciduous,hubbardbrook_deciduous_nh,GSI-2630,PASS,0f44c7cd61c64b055b87421fbe293938994d8c931952c38076574575d75ad402,39021884,9073d1292d49c1f7163245de4ea701a1b781776e216b2a8bc10ee27d2a6da9cc,1237659,EPHEMERAL_PATH_BEARING_NOT_RETAINED,/home/workdir/openWEPP/target/release/openwepp-cli-hill --run-dir <scratch>/hubbardbrook_deciduous_nh__GSI-2630/fixture --run-file p10.native.run.toml --output-dir <scratch>/hubbardbrook_deciduous_nh__GSI-2630/output --legacy-sidecar-discovery --direct-production-executor
hubbardbrook_deciduous_nh__GSI-2631,hubbard_brook,deciduous,hubbardbrook_deciduous_nh,GSI-2631,PASS,f32190c78749e07004a638e8c991137f66630ba31709bddf6ccd22c39af7354f,39014526,9c60bb7bac68021d9654f6fb36cc7443e32046a998ad8083c045c482acb10585,1237665,EPHEMERAL_PATH_BEARING_NOT_RETAINED,/home/workdir/openWEPP/target/release/openwepp-cli-hill --run-dir <scratch>/hubbardbrook_deciduous_nh__GSI-2631/fixture --run-file p10.native.run.toml --output-dir <scratch>/hubbardbrook_deciduous_nh__GSI-2631/output --legacy-sidecar-discovery --direct-production-executor
hubbardbrook_deciduous_nh__GSI-2634,hubbard_brook,deciduous,hubbardbrook_deciduous_nh,GSI-2634,PASS,94664bb7e7a475be4a0f77b4934e788b796dfa36554f638e74ea6c50dcb4dba4,38853349,348d506d2cd63cbd9262c4d4b997533bbf93fffd7d5d92f4356555d89beb01b2,1236773,EPHEMERAL_PATH_BEARING_NOT_RETAINED,/home/workdir/openWEPP/target/release/openwepp-cli-hill --run-dir <scratch>/hubbardbrook_deciduous_nh__GSI-2634/fixture --run-file p10.native.run.toml --output-dir <scratch>/hubbardbrook_deciduous_nh__GSI-2634/output --legacy-sidecar-discovery --direct-production-executor
hubbardbrook_deciduous_nh__GSI-2635,hubbard_brook,deciduous,hubbardbrook_deciduous_nh,GSI-2635,PASS,9ba2567c90f2e9a7746fa6e4d9eac9d617799abd030a4b69453a1cebb08e509b,38875517,3ff4af3eb0a89e9539676c984ae8a0d33a8b431b812f62241adbb182e9a5c61e,1229497,EPHEMERAL_PATH_BEARING_NOT_RETAINED,/home/workdir/openWEPP/target/release/openwepp-cli-hill --run-dir <scratch>/hubbardbrook_deciduous_nh__GSI-2635/fixture --run-file p10.native.run.toml --output-dir <scratch>/hubbardbrook_deciduous_nh__GSI-2635/output --legacy-sidecar-discovery --direct-production-executor
hubbardbrook_deciduous_nh__GSI-2636,hubbard_brook,deciduous,hubbardbrook_deciduous_nh,GSI-2636,PASS,3692db6e8b1db8632421ce0296b0c52ec1f631f520d8a64472fb4e42854007f4,38863116,36dc2bc4363c251075c23b9715d009814bfb777c3c84151cfc837f7a099180cb,1229410,EPHEMERAL_PATH_BEARING_NOT_RETAINED,/home/workdir/openWEPP/target/release/openwepp-cli-hill --run-dir <scratch>/hubbardbrook_deciduous_nh__GSI-2636/fixture --run-file p10.native.run.toml --output-dir <scratch>/hubbardbrook_deciduous_nh__GSI-2636/output --legacy-sidecar-discovery --direct-production-executor
hubbardbrook_deciduous_nh__GSI-2638,hubbard_brook,deciduous,hubbardbrook_deciduous_nh,GSI-2638,PASS,dd1397b519ca5bc7219140c1719901522f4dbf596e8f7135c084557b43b18000,38276733,5b779e7dc68f5befe60c9ca3103b0018a1ef5fb77f1179dd9549eaa67dc2dccf,1204334,EPHEMERAL_PATH_BEARING_NOT_RETAINED,/home/workdir/openWEPP/target/release/openwepp-cli-hill --run-dir <scratch>/hubbardbrook_deciduous_nh__GSI-2638/fixture --run-file p10.native.run.toml --output-dir <scratch>/hubbardbrook_deciduous_nh__GSI-2638/output --legacy-sidecar-discovery --direct-production-executor
hubbardbrook_deciduous_nh__GSI-3941,hubbard_brook,deciduous,hubbardbrook_deciduous_nh,GSI-3941,PASS,add56c9b903b98de0435c08d1bb78fbd515a5f6dd15623bbd118a4c6dc2bc958,38229570,37a16fadabd8276c450bf49699d00e63368869456b6d838e68f4a87e022e66b2,1214468,EPHEMERAL_PATH_BEARING_NOT_RETAINED,/home/workdir/openWEPP/target/release/openwepp-cli-hill --run-dir <scratch>/hubbardbrook_deciduous_nh__GSI-3941/fixture --run-file p10.native.run.toml --output-dir <scratch>/hubbardbrook_deciduous_nh__GSI-3941/output --legacy-sidecar-discovery --direct-production-executor
hubbardbrook_deciduous_nh__GSI-3942,hubbard_brook,deciduous,hubbardbrook_deciduous_nh,GSI-3942,PASS,d84fb53cbcaabcaf897b23191810ef1c2be2a07dfc2007a8c24ab3ef12aa97fd,38239622,030d962073172485dcf1f7f9faf8b454e059e6d7c6d5c570863c6466325bc080,1214353,EPHEMERAL_PATH_BEARING_NOT_RETAINED,/home/workdir/openWEPP/target/release/openwepp-cli-hill --run-dir <scratch>/hubbardbrook_deciduous_nh__GSI-3942/fixture --run-file p10.native.run.toml --output-dir <scratch>/hubbardbrook_deciduous_nh__GSI-3942/output --legacy-sidecar-discovery --direct-production-executor
hubbardbrook_deciduous_nh__GSI-3962,hubbard_brook,deciduous,hubbardbrook_deciduous_nh,GSI-3962,PASS,f32c9e094e052417b2cbae514f5e45b3589b42be1818b3d70e720a20a36f1229,38173611,5d6f77c426810d5ee49e25f6cf0379d993f6f99154d6ef7c02a139d712deecab,1213813,EPHEMERAL_PATH_BEARING_NOT_RETAINED,/home/workdir/openWEPP/target/release/openwepp-cli-hill --run-dir <scratch>/hubbardbrook_deciduous_nh__GSI-3962/fixture --run-file p10.native.run.toml --output-dir <scratch>/hubbardbrook_deciduous_nh__GSI-3962/output --legacy-sidecar-discovery --direct-production-executor
hubbardbrook_deciduous_nh__GSI-3963,hubbard_brook,deciduous,hubbardbrook_deciduous_nh,GSI-3963,PASS,3d5c9526dfae0c931d48ef6b9468367d3492080f0a2c0d906b4ca9bad72966b5,38175669,0211a2df6bd17e39321d520bc70dacdf8b1fb5aaf3ca4acd105275eb5d109f2f,1213621,EPHEMERAL_PATH_BEARING_NOT_RETAINED,/home/workdir/openWEPP/target/release/openwepp-cli-hill --run-dir <scratch>/hubbardbrook_deciduous_nh__GSI-3963/fixture --run-file p10.native.run.toml --output-dir <scratch>/hubbardbrook_deciduous_nh__GSI-3963/output --legacy-sidecar-discovery --direct-production-executor
hubbardbrook_deciduous_nh__GSI-4372,hubbard_brook,deciduous,hubbardbrook_deciduous_nh,GSI-4372,PASS,2ce98746f8c769f322d9be2b488ae07de5f9a20db825210b17fe679a55955283,38940248,c77590dc0754aebbaa7a83ca7dac4abbe066040c07f02963e417c653bdc2c8f3,1247032,EPHEMERAL_PATH_BEARING_NOT_RETAINED,/home/workdir/openWEPP/target/release/openwepp-cli-hill --run-dir <scratch>/hubbardbrook_deciduous_nh__GSI-4372/fixture --run-file p10.native.run.toml --output-dir <scratch>/hubbardbrook_deciduous_nh__GSI-4372/output --legacy-sidecar-discovery --direct-production-executor
hubbardbrook_deciduous_nh__GSI-4377,hubbard_brook,deciduous,hubbardbrook_deciduous_nh,GSI-4377,PASS,b4ee123114cc408fbd86c2547e0500e56ab6683139da92db2d11240bb6cfad59,38805792,fcd9c62403c8e092c3acbc20f6f43b9fa51419cbc611d9278de9c08b59e56874,1240946,EPHEMERAL_PATH_BEARING_NOT_RETAINED,/home/workdir/openWEPP/target/release/openwepp-cli-hill --run-dir <scratch>/hubbardbrook_deciduous_nh__GSI-4377/fixture --run-file p10.native.run.toml --output-dir <scratch>/hubbardbrook_deciduous_nh__GSI-4377/output --legacy-sidecar-discovery --direct-production-executor
hubbardbrook_deciduous_nh__GSI-4393,hubbard_brook,deciduous,hubbardbrook_deciduous_nh,GSI-4393,PASS,25c2f0a25766acc350a82fb223be321ee8c85cdcdcdc7b9e3f20c7f2bb4677c0,38870961,903a5af7d2955f31ab288e864713bfa0a83bff5f16de112f947567c653a13319,1247291,EPHEMERAL_PATH_BEARING_NOT_RETAINED,/home/workdir/openWEPP/target/release/openwepp-cli-hill --run-dir <scratch>/hubbardbrook_deciduous_nh__GSI-4393/fixture --run-file p10.native.run.toml --output-dir <scratch>/hubbardbrook_deciduous_nh__GSI-4393/output --legacy-sidecar-discovery --direct-production-executor
hubbardbrook_deciduous_nh__GSI-4394,hubbard_brook,deciduous,hubbardbrook_deciduous_nh,GSI-4394,PASS,1c34fa8881d6b3b13bf17c57700221a6d6b6e2c902132b71ce6550250c41df67,38914193,7c9ab1d80476c0f712a810b839cec8e7d20e675590eabe49480ac07e5802a836,1247254,EPHEMERAL_PATH_BEARING_NOT_RETAINED,/home/workdir/openWEPP/target/release/openwepp-cli-hill --run-dir <scratch>/hubbardbrook_deciduous_nh__GSI-4394/fixture --run-file p10.native.run.toml --output-dir <scratch>/hubbardbrook_deciduous_nh__GSI-4394/output --legacy-sidecar-discovery --direct-production-executor
hubbardbrook_deciduous_nh__GSI-4395,hubbard_brook,deciduous,hubbardbrook_deciduous_nh,GSI-4395,PASS,9891b8829344483c890f9b666cc539adee1383ed7cd0fbb3435615d04c587d65,38908439,a5d7aad87872ae5248dad4171f133c9c77e7ee5f5d75af7eb5fb0045804cdafa,1247585,EPHEMERAL_PATH_BEARING_NOT_RETAINED,/home/workdir/openWEPP/target/release/openwepp-cli-hill --run-dir <scratch>/hubbardbrook_deciduous_nh__GSI-4395/fixture --run-file p10.native.run.toml --output-dir <scratch>/hubbardbrook_deciduous_nh__GSI-4395/output --legacy-sidecar-discovery --direct-production-executor
hubbardbrook_deciduous_nh__GSI-4398,hubbard_brook,deciduous,hubbardbrook_deciduous_nh,GSI-4398,PASS,0be770c4c540317dfb5bad34319b6e982a6ee5c6804b7a8dd13ca9ff0317fd47,38738607,197d21d915521b1e5e658ac10826b180f921832381520e2c8e7ab119da3ea5cd,1240696,EPHEMERAL_PATH_BEARING_NOT_RETAINED,/home/workdir/openWEPP/target/release/openwepp-cli-hill --run-dir <scratch>/hubbardbrook_deciduous_nh__GSI-4398/fixture --run-file p10.native.run.toml --output-dir <scratch>/hubbardbrook_deciduous_nh__GSI-4398/output --legacy-sidecar-discovery --direct-production-executor
hubbardbrook_deciduous_nh__GSI-4399,hubbard_brook,deciduous,hubbardbrook_deciduous_nh,GSI-4399,PASS,dd0c95dd3d3a0ea74acb27db079b17009b254d2fb89832f53a8199d6f9b7f1e8,38769075,71f84941b7ac684b9a0ba891f6ce26bc08cea0fba3610d661f0033ee6997fa9c,1240993,EPHEMERAL_PATH_BEARING_NOT_RETAINED,/home/workdir/openWEPP/target/release/openwepp-cli-hill --run-dir <scratch>/hubbardbrook_deciduous_nh__GSI-4399/fixture --run-file p10.native.run.toml --output-dir <scratch>/hubbardbrook_deciduous_nh__GSI-4399/output --legacy-sidecar-discovery --direct-production-executor
hubbardbrook_deciduous_nh__GSI-4400,hubbard_brook,deciduous,hubbardbrook_deciduous_nh,GSI-4400,PASS,3b0a74753714718ccf9f98a598ccaaf588053452f727fd25dfb2395034696ec7,38768336,be0fcc96da4abeee4aa4e9d5ca5b18cf101c0a3a58723ed7133b7c52fffd0c77,1241322,EPHEMERAL_PATH_BEARING_NOT_RETAINED,/home/workdir/openWEPP/target/release/openwepp-cli-hill --run-dir <scratch>/hubbardbrook_deciduous_nh__GSI-4400/fixture --run-file p10.native.run.toml --output-dir <scratch>/hubbardbrook_deciduous_nh__GSI-4400/output --legacy-sidecar-discovery --direct-production-executor
hubbardbrook_deciduous_nh__GSI-4402,hubbard_brook,deciduous,hubbardbrook_deciduous_nh,GSI-4402,PASS,0e712eed1084fd305f53f872fc418a930cd55539879c1b719bca336d772df16e,38182076,731bcacd16eb4195f2e49dae0f5d79606ad1926e16a2c9f04a75d6cc60e8666a,1214481,EPHEMERAL_PATH_BEARING_NOT_RETAINED,/home/workdir/openWEPP/target/release/openwepp-cli-hill --run-dir <scratch>/hubbardbrook_deciduous_nh__GSI-4402/fixture --run-file p10.native.run.toml --output-dir <scratch>/hubbardbrook_deciduous_nh__GSI-4402/output --legacy-sidecar-discovery --direct-production-executor
hubbardbrook_deciduous_nh__GSI-4831,hubbard_brook,deciduous,hubbardbrook_deciduous_nh,GSI-4831,PASS,60442e489828b3cd132ac9460ffa90bee06987e9ad963e5f10e4b945870d049e,38855112,ca7d932b5c15beb66dc2cba013d4ac543227094c28db0ed701e53944536da2ab,1248520,EPHEMERAL_PATH_BEARING_NOT_RETAINED,/home/workdir/openWEPP/target/release/openwepp-cli-hill --run-dir <scratch>/hubbardbrook_deciduous_nh__GSI-4831/fixture --run-file p10.native.run.toml --output-dir <scratch>/hubbardbrook_deciduous_nh__GSI-4831/output --legacy-sidecar-discovery --direct-production-executor
hubbardbrook_deciduous_nh__GSI-4832,hubbard_brook,deciduous,hubbardbrook_deciduous_nh,GSI-4832,PASS,fefd9989f8cd981b2d173b9fe4ef78dff005e2ec502802b4e8603c90ed5960ce,38852299,1300ad8a57d5843f9d808c016a7ea001c671166d0ae747d5aa3c886ba566f17c,1248258,EPHEMERAL_PATH_BEARING_NOT_RETAINED,/home/workdir/openWEPP/target/release/openwepp-cli-hill --run-dir <scratch>/hubbardbrook_deciduous_nh__GSI-4832/fixture --run-file p10.native.run.toml --output-dir <scratch>/hubbardbrook_deciduous_nh__GSI-4832/output --legacy-sidecar-discovery --direct-production-executor
hubbardbrook_deciduous_nh__GSI-4833,hubbard_brook,deciduous,hubbardbrook_deciduous_nh,GSI-4833,PASS,857dd96eb2f97a8446edcd000b411654fab85cae8ff48b9944b4338d5b3d1061,38893122,b034698fbfa8ef89c62b31326f3d241cdf9c250b15939bc3893cd2cae16b70e9,1246496,EPHEMERAL_PATH_BEARING_NOT_RETAINED,/home/workdir/openWEPP/target/release/openwepp-cli-hill --run-dir <scratch>/hubbardbrook_deciduous_nh__GSI-4833/fixture --run-file p10.native.run.toml --output-dir <scratch>/hubbardbrook_deciduous_nh__GSI-4833/output --legacy-sidecar-discovery --direct-production-executor
hubbardbrook_deciduous_nh__GSI-4837,hubbard_brook,deciduous,hubbardbrook_deciduous_nh,GSI-4837,PASS,d4adb0dba426f17c115964055b143f06919b4f021797e34f40383d0fb9f9f859,38709133,a265bac36c37c54d24d71b5525e464fb4786b5c5e4d460d41c5a07331b745486,1241063,EPHEMERAL_PATH_BEARING_NOT_RETAINED,/home/workdir/openWEPP/target/release/openwepp-cli-hill --run-dir <scratch>/hubbardbrook_deciduous_nh__GSI-4837/fixture --run-file p10.native.run.toml --output-dir <scratch>/hubbardbrook_deciduous_nh__GSI-4837/output --legacy-sidecar-discovery --direct-production-executor
hubbardbrook_deciduous_nh__GSI-4838,hubbard_brook,deciduous,hubbardbrook_deciduous_nh,GSI-4838,PASS,7bd786c0270db61959db146ec2f11796fd446480c5376d6c0ab7b3afcda97d6e,38752554,bd5807d54c43c43a146ee9eb5f431f4569f82a3ecfe4660a4cd59926b62be8c9,1240036,EPHEMERAL_PATH_BEARING_NOT_RETAINED,/home/workdir/openWEPP/target/release/openwepp-cli-hill --run-dir <scratch>/hubbardbrook_deciduous_nh__GSI-4838/fixture --run-file p10.native.run.toml --output-dir <scratch>/hubbardbrook_deciduous_nh__GSI-4838/output --legacy-sidecar-discovery --direct-production-executor
hubbardbrook_deciduous_nh__GSI-4842,hubbard_brook,deciduous,hubbardbrook_deciduous_nh,GSI-4842,PASS,35eadc5216d0dedeb3d3df7c3eff756e7e92f0c52a7394a072a2a99e6bd4a886,38206035,849161a3a993e89a112aa1f1df3e0b214718f3f53604c60cfec1bb437ec94190,1214091,EPHEMERAL_PATH_BEARING_NOT_RETAINED,/home/workdir/openWEPP/target/release/openwepp-cli-hill --run-dir <scratch>/hubbardbrook_deciduous_nh__GSI-4842/fixture --run-file p10.native.run.toml --output-dir <scratch>/hubbardbrook_deciduous_nh__GSI-4842/output --legacy-sidecar-discovery --direct-production-executor
hubbardbrook_deciduous_nh__GSI-5695,hubbard_brook,deciduous,hubbardbrook_deciduous_nh,GSI-5695,PASS,56daadab1ec427d9651653eccabc8320ce8444cd9ddfb799e49470439c43e52b,38706794,615341326ba5bb36d1bc8f66bf718c8c55f8452ffa9a1f054deb86f7f95e0efd,1244912,EPHEMERAL_PATH_BEARING_NOT_RETAINED,/home/workdir/openWEPP/target/release/openwepp-cli-hill --run-dir <scratch>/hubbardbrook_deciduous_nh__GSI-5695/fixture --run-file p10.native.run.toml --output-dir <scratch>/hubbardbrook_deciduous_nh__GSI-5695/output --legacy-sidecar-discovery --direct-production-executor
hubbardbrook_deciduous_nh__GSI-5700,hubbard_brook,deciduous,hubbardbrook_deciduous_nh,GSI-5700,PASS,b5fd6bcaf44bc799aa2bcf6fb7b297e219b34b471c65cdf7ea639ddfc72e75c5,38601088,7638a60398ab11a5e79bc9b46bf7658b9bfbed7ce0d35be786c05e4ac9b65409,1239037,EPHEMERAL_PATH_BEARING_NOT_RETAINED,/home/workdir/openWEPP/target/release/openwepp-cli-hill --run-dir <scratch>/hubbardbrook_deciduous_nh__GSI-5700/fixture --run-file p10.native.run.toml --output-dir <scratch>/hubbardbrook_deciduous_nh__GSI-5700/output --legacy-sidecar-discovery --direct-production-executor
hubbardbrook_deciduous_nh__GSI-5716,hubbard_brook,deciduous,hubbardbrook_deciduous_nh,GSI-5716,PASS,a80b0db1b00c3ca70d0cfb08ca3d09a977977c596e70496cb345d8dfa32dae0e,38650777,15fc922c8dd4c114696ae9880cb0c4a1a0e2e897b032aba6d12ca31a0e902b3d,1243309,EPHEMERAL_PATH_BEARING_NOT_RETAINED,/home/workdir/openWEPP/target/release/openwepp-cli-hill --run-dir <scratch>/hubbardbrook_deciduous_nh__GSI-5716/fixture --run-file p10.native.run.toml --output-dir <scratch>/hubbardbrook_deciduous_nh__GSI-5716/output --legacy-sidecar-discovery --direct-production-executor
hubbardbrook_deciduous_nh__GSI-5717,hubbard_brook,deciduous,hubbardbrook_deciduous_nh,GSI-5717,PASS,9f1b0790e3b8c0491ca5c7453da8a29f35549a943247ee739b425c73d74c629f,38708618,c9c0f1eeceed2e51a59fb364daa9004fc69f5cb705855aff8faced9c8a320fd5,1244448,EPHEMERAL_PATH_BEARING_NOT_RETAINED,/home/workdir/openWEPP/target/release/openwepp-cli-hill --run-dir <scratch>/hubbardbrook_deciduous_nh__GSI-5717/fixture --run-file p10.native.run.toml --output-dir <scratch>/hubbardbrook_deciduous_nh__GSI-5717/output --legacy-sidecar-discovery --direct-production-executor
hubbardbrook_deciduous_nh__GSI-5718,hubbard_brook,deciduous,hubbardbrook_deciduous_nh,GSI-5718,PASS,173934712fb2ea3d7026eaee86361ecf8314f9d4d09b775b7d193f8cffb3cd6a,38707538,62c1027f102f1e5f147e19f7aba8d8e99835c2a6362f8d7429bc2cf4b786984d,1244589,EPHEMERAL_PATH_BEARING_NOT_RETAINED,/home/workdir/openWEPP/target/release/openwepp-cli-hill --run-dir <scratch>/hubbardbrook_deciduous_nh__GSI-5718/fixture --run-file p10.native.run.toml --output-dir <scratch>/hubbardbrook_deciduous_nh__GSI-5718/output --legacy-sidecar-discovery --direct-production-executor
hubbardbrook_deciduous_nh__GSI-5721,hubbard_brook,deciduous,hubbardbrook_deciduous_nh,GSI-5721,PASS,24273a361bbe953ad97565a4be3534effeb257cf7b82eadafc40a408680c3b2c,38535328,9edcad432d1d85b57cca71eca191ecc9aa3a84e9f22384a35d633a5faebd6f58,1237216,EPHEMERAL_PATH_BEARING_NOT_RETAINED,/home/workdir/openWEPP/target/release/openwepp-cli-hill --run-dir <scratch>/hubbardbrook_deciduous_nh__GSI-5721/fixture --run-file p10.native.run.toml --output-dir <scratch>/hubbardbrook_deciduous_nh__GSI-5721/output --legacy-sidecar-discovery --direct-production-executor
hubbardbrook_deciduous_nh__GSI-5722,hubbard_brook,deciduous,hubbardbrook_deciduous_nh,GSI-5722,PASS,24b40df82a6cbcb31ea1408b4ebe2c9165046de61692c2e3d99c49d1f884ee36,38596404,a574cf97d1e61b4ebceeb9ea6f60935ec68e7b1e326437bd433f6a61a714826e,1238762,EPHEMERAL_PATH_BEARING_NOT_RETAINED,/home/workdir/openWEPP/target/release/openwepp-cli-hill --run-dir <scratch>/hubbardbrook_deciduous_nh__GSI-5722/fixture --run-file p10.native.run.toml --output-dir <scratch>/hubbardbrook_deciduous_nh__GSI-5722/output --legacy-sidecar-discovery --direct-production-executor
hubbardbrook_deciduous_nh__GSI-5723,hubbard_brook,deciduous,hubbardbrook_deciduous_nh,GSI-5723,PASS,7336b3e6b28705e4341a2f2179a904c09f57abf74198b1520446b29c8716657e,38587949,da950a0e5ff2cd283268cd61a2eb59acaf7679d18aecd13e4db511cb514dd06b,1238552,EPHEMERAL_PATH_BEARING_NOT_RETAINED,/home/workdir/openWEPP/target/release/openwepp-cli-hill --run-dir <scratch>/hubbardbrook_deciduous_nh__GSI-5723/fixture --run-file p10.native.run.toml --output-dir <scratch>/hubbardbrook_deciduous_nh__GSI-5723/output --legacy-sidecar-discovery --direct-production-executor
hubbardbrook_deciduous_nh__GSI-5725,hubbard_brook,deciduous,hubbardbrook_deciduous_nh,GSI-5725,PASS,f4f38f84de5eb167e881c1f7bc0ba50272c661b0ba9318d443f23998d22be88f,38028269,3c11aa49235eb350d26d5f679ba0dd2052607c4e67e64c2b22fc0251f21f3018,1211865,EPHEMERAL_PATH_BEARING_NOT_RETAINED,/home/workdir/openWEPP/target/release/openwepp-cli-hill --run-dir <scratch>/hubbardbrook_deciduous_nh__GSI-5725/fixture --run-file p10.native.run.toml --output-dir <scratch>/hubbardbrook_deciduous_nh__GSI-5725/output --legacy-sidecar-discovery --direct-production-executor
hubbardbrook_mixed_nh__GSI-2198,hubbard_brook,mixed,hubbardbrook_mixed_nh,GSI-2198,PASS,035d2722c259983383f11489eb226aeab1e04e91d4c4da678f347351f9f9592e,39124461,74f335391ffc8f07c65423b772a87522912aa194826609a77b4c50e4ed8f0803,1217616,EPHEMERAL_PATH_BEARING_NOT_RETAINED,/home/workdir/openWEPP/target/release/openwepp-cli-hill --run-dir <scratch>/hubbardbrook_mixed_nh__GSI-2198/fixture --run-file p4.native.run.toml --output-dir <scratch>/hubbardbrook_mixed_nh__GSI-2198/output --legacy-sidecar-discovery --direct-production-executor
hubbardbrook_mixed_nh__GSI-2199,hubbard_brook,mixed,hubbardbrook_mixed_nh,GSI-2199,PASS,d5d73d97e623cff7af7423f5b0e8a443b6d4611efd061e372756bafc98d6a864,39136051,ca279c5df36c0aa136546e9c159928dbc4fbf35078ab4a0c055ac96fb8d8223c,1217805,EPHEMERAL_PATH_BEARING_NOT_RETAINED,/home/workdir/openWEPP/target/release/openwepp-cli-hill --run-dir <scratch>/hubbardbrook_mixed_nh__GSI-2199/fixture --run-file p4.native.run.toml --output-dir <scratch>/hubbardbrook_mixed_nh__GSI-2199/output --legacy-sidecar-discovery --direct-production-executor
hubbardbrook_mixed_nh__GSI-2629,hubbard_brook,mixed,hubbardbrook_mixed_nh,GSI-2629,PASS,903012cbfd0964bef0c3c535f283706a8a5f39e74a9de8ab96fd1566cd2af306,39714480,c251c28301547c0d53b572ace185a55ce6eaf97d2919536128800ba07d254012,1222914,EPHEMERAL_PATH_BEARING_NOT_RETAINED,/home/workdir/openWEPP/target/release/openwepp-cli-hill --run-dir <scratch>/hubbardbrook_mixed_nh__GSI-2629/fixture --run-file p4.native.run.toml --output-dir <scratch>/hubbardbrook_mixed_nh__GSI-2629/output --legacy-sidecar-discovery --direct-production-executor
hubbardbrook_mixed_nh__GSI-2630,hubbard_brook,mixed,hubbardbrook_mixed_nh,GSI-2630,PASS,d14f5b6abcfcd8708fb739c97b12aed63f08eb4c3da2d9bd4045fc4cf399f0c6,39738196,280fd8a063a2eb048eb07968ea93e6d794aa37074c5fccb4c096c46e42cb3186,1223063,EPHEMERAL_PATH_BEARING_NOT_RETAINED,/home/workdir/openWEPP/target/release/openwepp-cli-hill --run-dir <scratch>/hubbardbrook_mixed_nh__GSI-2630/fixture --run-file p4.native.run.toml --output-dir <scratch>/hubbardbrook_mixed_nh__GSI-2630/output --legacy-sidecar-discovery --direct-production-executor
hubbardbrook_mixed_nh__GSI-2631,hubbard_brook,mixed,hubbardbrook_mixed_nh,GSI-2631,PASS,bd2d22610b34876b62fc6e5d5fc36229faba131cef385a8b4596352a34bf4651,39735512,28a208ae5bc17555f2852dcab5b7daa683bdbe21aa85e4e5d6e215850b64abc0,1222754,EPHEMERAL_PATH_BEARING_NOT_RETAINED,/home/workdir/openWEPP/target/release/openwepp-cli-hill --run-dir <scratch>/hubbardbrook_mixed_nh__GSI-2631/fixture --run-file p4.native.run.toml --output-dir <scratch>/hubbardbrook_mixed_nh__GSI-2631/output --legacy-sidecar-discovery --direct-production-executor
hubbardbrook_mixed_nh__GSI-2634,hubbard_brook,mixed,hubbardbrook_mixed_nh,GSI-2634,PASS,0a9609498d4add5bb9b5f5c6595f12e43b3ad902e166b14425ae6f00f6c663ac,39600162,92cae6314cd6cde0dfff3ee7c8f632957197f462529edeaf4f258735e3cc884a,1221814,EPHEMERAL_PATH_BEARING_NOT_RETAINED,/home/workdir/openWEPP/target/release/openwepp-cli-hill --run-dir <scratch>/hubbardbrook_mixed_nh__GSI-2634/fixture --run-file p4.native.run.toml --output-dir <scratch>/hubbardbrook_mixed_nh__GSI-2634/output --legacy-sidecar-discovery --direct-production-executor
hubbardbrook_mixed_nh__GSI-2635,hubbard_brook,mixed,hubbardbrook_mixed_nh,GSI-2635,PASS,f77dc7d31b54e5f678ecb42edb0a6528a0c7a79c8e040d1626cf2f2674a7b73f,39640366,afbe15479b2a36310e0275e0370852c66b3af3d46ae861f005b32a07d294302d,1221924,EPHEMERAL_PATH_BEARING_NOT_RETAINED,/home/workdir/openWEPP/target/release/openwepp-cli-hill --run-dir <scratch>/hubbardbrook_mixed_nh__GSI-2635/fixture --run-file p4.native.run.toml --output-dir <scratch>/hubbardbrook_mixed_nh__GSI-2635/output --legacy-sidecar-discovery --direct-production-executor
hubbardbrook_mixed_nh__GSI-2636,hubbard_brook,mixed,hubbardbrook_mixed_nh,GSI-2636,PASS,589a231d50c1b581e743f699269b102ae42567c3fa96d71d2e819848e705b126,39635184,91e5c8444fcd4f647f194a4a66a645a99eb0c808fdaac92fdfb0b3a23fe325e9,1221762,EPHEMERAL_PATH_BEARING_NOT_RETAINED,/home/workdir/openWEPP/target/release/openwepp-cli-hill --run-dir <scratch>/hubbardbrook_mixed_nh__GSI-2636/fixture --run-file p4.native.run.toml --output-dir <scratch>/hubbardbrook_mixed_nh__GSI-2636/output --legacy-sidecar-discovery --direct-production-executor
hubbardbrook_mixed_nh__GSI-2638,hubbard_brook,mixed,hubbardbrook_mixed_nh,GSI-2638,PASS,64ff93ab35f088844cd5f5826cfc868b086eda6b7e2ea7f0e84e269aa5ddedda,39178155,19b5dc21905b8aa3b9137cf7086aa4098f565ecd95fef5f81fe905eaa06b6357,1217154,EPHEMERAL_PATH_BEARING_NOT_RETAINED,/home/workdir/openWEPP/target/release/openwepp-cli-hill --run-dir <scratch>/hubbardbrook_mixed_nh__GSI-2638/fixture --run-file p4.native.run.toml --output-dir <scratch>/hubbardbrook_mixed_nh__GSI-2638/output --legacy-sidecar-discovery --direct-production-executor
hubbardbrook_mixed_nh__GSI-3941,hubbard_brook,mixed,hubbardbrook_mixed_nh,GSI-3941,PASS,c96eec3ae4bcf9e9b89561cb677b568ba178489caee4fae89ec4051ec2a6532f,39114371,d653d3caa2b4323ed36856218f03065e5f3e015ddc57112ae2b859b6d8252d9c,1217448,EPHEMERAL_PATH_BEARING_NOT_RETAINED,/home/workdir/openWEPP/target/release/openwepp-cli-hill --run-dir <scratch>/hubbardbrook_mixed_nh__GSI-3941/fixture --run-file p4.native.run.toml --output-dir <scratch>/hubbardbrook_mixed_nh__GSI-3941/output --legacy-sidecar-discovery --direct-production-executor
hubbardbrook_mixed_nh__GSI-3942,hubbard_brook,mixed,hubbardbrook_mixed_nh,GSI-3942,PASS,cef1e288ba61324c8c4f3c2b236b5a944896ee61ff0daa3da8ee925b3923ef3e,39104808,233e3577577d27f1c4dfc26cde846767d2e838875ba6935352da3c0ac77550bb,1217080,EPHEMERAL_PATH_BEARING_NOT_RETAINED,/home/workdir/openWEPP/target/release/openwepp-cli-hill --run-dir <scratch>/hubbardbrook_mixed_nh__GSI-3942/fixture --run-file p4.native.run.toml --output-dir <scratch>/hubbardbrook_mixed_nh__GSI-3942/output --legacy-sidecar-discovery --direct-production-executor
hubbardbrook_mixed_nh__GSI-3962,hubbard_brook,mixed,hubbardbrook_mixed_nh,GSI-3962,PASS,2d51081fc42ee54859d6c515c7d312a0dad0f8ec09073b3690da2514516bab88,39044558,c3d8e80e33638d30af3882734d408f5722630a639956a1525655bfad8935b3ff,1216957,EPHEMERAL_PATH_BEARING_NOT_RETAINED,/home/workdir/openWEPP/target/release/openwepp-cli-hill --run-dir <scratch>/hubbardbrook_mixed_nh__GSI-3962/fixture --run-file p4.native.run.toml --output-dir <scratch>/hubbardbrook_mixed_nh__GSI-3962/output --legacy-sidecar-discovery --direct-production-executor
hubbardbrook_mixed_nh__GSI-3963,hubbard_brook,mixed,hubbardbrook_mixed_nh,GSI-3963,PASS,243dbfbf7fdab5f6fcaaa22a718bce3ab3fe7d9494bf9ad1a260f72364d509ec,39044480,9961d2abb68ee2b1c859be6b837bd9708081485d19fb57be6f65f0cf6fc8fc4a,1217162,EPHEMERAL_PATH_BEARING_NOT_RETAINED,/home/workdir/openWEPP/target/release/openwepp-cli-hill --run-dir <scratch>/hubbardbrook_mixed_nh__GSI-3963/fixture --run-file p4.native.run.toml --output-dir <scratch>/hubbardbrook_mixed_nh__GSI-3963/output --legacy-sidecar-discovery --direct-production-executor
hubbardbrook_mixed_nh__GSI-4372,hubbard_brook,mixed,hubbardbrook_mixed_nh,GSI-4372,PASS,3c6cf505e2e527ae27d054f1d690f1ddfba8d3ee6702802c1dd9f4fefb5edb46,39652636,3f175a27e1cc37edd62b8c56d6c6b7a5bcf1249d3a538dc6fd4df3bf1e59e742,1222821,EPHEMERAL_PATH_BEARING_NOT_RETAINED,/home/workdir/openWEPP/target/release/openwepp-cli-hill --run-dir <scratch>/hubbardbrook_mixed_nh__GSI-4372/fixture --run-file p4.native.run.toml --output-dir <scratch>/hubbardbrook_mixed_nh__GSI-4372/output --legacy-sidecar-discovery --direct-production-executor
hubbardbrook_mixed_nh__GSI-4377,hubbard_brook,mixed,hubbardbrook_mixed_nh,GSI-4377,PASS,efe6bba93534eb4679ca29cb593c28646ec16ebb75a65ddb06ba1a2dd5e4209e,39543753,8f9b656096278f4054f9bc0ee76ef4571a34108de9f2573ca757ac3cc66b16d1,1222667,EPHEMERAL_PATH_BEARING_NOT_RETAINED,/home/workdir/openWEPP/target/release/openwepp-cli-hill --run-dir <scratch>/hubbardbrook_mixed_nh__GSI-4377/fixture --run-file p4.native.run.toml --output-dir <scratch>/hubbardbrook_mixed_nh__GSI-4377/output --legacy-sidecar-discovery --direct-production-executor
hubbardbrook_mixed_nh__GSI-4393,hubbard_brook,mixed,hubbardbrook_mixed_nh,GSI-4393,PASS,9e221f740ddac139deffe2b2eec0b5696003ce8196f8e067e9eb52519be4c34f,39589402,fa3a8ec714b5bddf5e4d47b69b2b6037ea2aba3939ca91d3bc9633a148c97d00,1222529,EPHEMERAL_PATH_BEARING_NOT_RETAINED,/home/workdir/openWEPP/target/release/openwepp-cli-hill --run-dir <scratch>/hubbardbrook_mixed_nh__GSI-4393/fixture --run-file p4.native.run.toml --output-dir <scratch>/hubbardbrook_mixed_nh__GSI-4393/output --legacy-sidecar-discovery --direct-production-executor
hubbardbrook_mixed_nh__GSI-4394,hubbard_brook,mixed,hubbardbrook_mixed_nh,GSI-4394,PASS,3ec6240958668ca007e3e6b65ba93508d79054d1553f931420ee6f451c40be24,39621278,2b27eec1596fb91f63151aef26ff04fc0c16d64257bd53e41b1008ef948bb1a3,1223170,EPHEMERAL_PATH_BEARING_NOT_RETAINED,/home/workdir/openWEPP/target/release/openwepp-cli-hill --run-dir <scratch>/hubbardbrook_mixed_nh__GSI-4394/fixture --run-file p4.native.run.toml --output-dir <scratch>/hubbardbrook_mixed_nh__GSI-4394/output --legacy-sidecar-discovery --direct-production-executor
hubbardbrook_mixed_nh__GSI-4395,hubbard_brook,mixed,hubbardbrook_mixed_nh,GSI-4395,PASS,41df4dd2322782c636bcc3cda2337555d1992f6d98f88a4d59a92fb5bd74b5ba,39628469,ab60129552d6250221a31350c5a0a9baf658cb29b635249667a8982ed2ba8a77,1223296,EPHEMERAL_PATH_BEARING_NOT_RETAINED,/home/workdir/openWEPP/target/release/openwepp-cli-hill --run-dir <scratch>/hubbardbrook_mixed_nh__GSI-4395/fixture --run-file p4.native.run.toml --output-dir <scratch>/hubbardbrook_mixed_nh__GSI-4395/output --legacy-sidecar-discovery --direct-production-executor
hubbardbrook_mixed_nh__GSI-4398,hubbard_brook,mixed,hubbardbrook_mixed_nh,GSI-4398,PASS,a23f21f54ea5d9f99b6daf286d1ea623b731fc2f9b4b8d096eea04ed4a5db322,39481129,f976737a590d916573458581ee346392738075a24deb8a72a7edc2cfc637a017,1221945,EPHEMERAL_PATH_BEARING_NOT_RETAINED,/home/workdir/openWEPP/target/release/openwepp-cli-hill --run-dir <scratch>/hubbardbrook_mixed_nh__GSI-4398/fixture --run-file p4.native.run.toml --output-dir <scratch>/hubbardbrook_mixed_nh__GSI-4398/output --legacy-sidecar-discovery --direct-production-executor
hubbardbrook_mixed_nh__GSI-4399,hubbard_brook,mixed,hubbardbrook_mixed_nh,GSI-4399,PASS,e6aa2fc2f2ad750957f3d79ad3ce600c7657de0066d3aea13d9ca95ce6de02f8,39522263,e4ee2467f778832365233d6006e48ab6adc7c0310d12b08f7676ebde513188ae,1223072,EPHEMERAL_PATH_BEARING_NOT_RETAINED,/home/workdir/openWEPP/target/release/openwepp-cli-hill --run-dir <scratch>/hubbardbrook_mixed_nh__GSI-4399/fixture --run-file p4.native.run.toml --output-dir <scratch>/hubbardbrook_mixed_nh__GSI-4399/output --legacy-sidecar-discovery --direct-production-executor
hubbardbrook_mixed_nh__GSI-4400,hubbard_brook,mixed,hubbardbrook_mixed_nh,GSI-4400,PASS,c2d5ae1fd2836e9515d5899c653577667924171d9c2ae615c3db2b63d137753e,39507453,a9d6c949e2a16aac82c02f00ceaa26c865341dba64736efc18b9986f8d27734f,1223105,EPHEMERAL_PATH_BEARING_NOT_RETAINED,/home/workdir/openWEPP/target/release/openwepp-cli-hill --run-dir <scratch>/hubbardbrook_mixed_nh__GSI-4400/fixture --run-file p4.native.run.toml --output-dir <scratch>/hubbardbrook_mixed_nh__GSI-4400/output --legacy-sidecar-discovery --direct-production-executor
hubbardbrook_mixed_nh__GSI-4402,hubbard_brook,mixed,hubbardbrook_mixed_nh,GSI-4402,PASS,9967751961d5e0fbb621943d447e3bed9a524b6a942335f51d6851f84950f9b1,39066339,25cb7e14e5747a877442a9670c42264ba71585e30a9cba884b30654a66e6b678,1215849,EPHEMERAL_PATH_BEARING_NOT_RETAINED,/home/workdir/openWEPP/target/release/openwepp-cli-hill --run-dir <scratch>/hubbardbrook_mixed_nh__GSI-4402/fixture --run-file p4.native.run.toml --output-dir <scratch>/hubbardbrook_mixed_nh__GSI-4402/output --legacy-sidecar-discovery --direct-production-executor
hubbardbrook_mixed_nh__GSI-4831,hubbard_brook,mixed,hubbardbrook_mixed_nh,GSI-4831,PASS,a029411460130b0475ae9bf98ca4ce8ba9255ce56e09c4d0e1f0eb6ed51ceb26,39460480,7bc31aab6784514bfcf53d14f18acde4ad6ddb0d23d57932557c9f6c1151e6f5,1222508,EPHEMERAL_PATH_BEARING_NOT_RETAINED,/home/workdir/openWEPP/target/release/openwepp-cli-hill --run-dir <scratch>/hubbardbrook_mixed_nh__GSI-4831/fixture --run-file p4.native.run.toml --output-dir <scratch>/hubbardbrook_mixed_nh__GSI-4831/output --legacy-sidecar-discovery --direct-production-executor
hubbardbrook_mixed_nh__GSI-4832,hubbard_brook,mixed,hubbardbrook_mixed_nh,GSI-4832,PASS,3e26d493df171b96b480b8e0cf8f656bdf3ffca87e15c898745abb5ef714e624,39518208,88e96a5d3110f3eb86e59d6138315570d26d03ddb82c46fcb16d3b39f6f7e35f,1223365,EPHEMERAL_PATH_BEARING_NOT_RETAINED,/home/workdir/openWEPP/target/release/openwepp-cli-hill --run-dir <scratch>/hubbardbrook_mixed_nh__GSI-4832/fixture --run-file p4.native.run.toml --output-dir <scratch>/hubbardbrook_mixed_nh__GSI-4832/output --legacy-sidecar-discovery --direct-production-executor
hubbardbrook_mixed_nh__GSI-4833,hubbard_brook,mixed,hubbardbrook_mixed_nh,GSI-4833,PASS,3437cd1fe8063a05e57f28c3dff94cb3be761d382e266719558e9f5bbeb5cec9,39611067,40d4c115db457df3367f4fc13f6f1ecb49d80b83fe5577a17413398f0d9bdaa0,1222030,EPHEMERAL_PATH_BEARING_NOT_RETAINED,/home/workdir/openWEPP/target/release/openwepp-cli-hill --run-dir <scratch>/hubbardbrook_mixed_nh__GSI-4833/fixture --run-file p4.native.run.toml --output-dir <scratch>/hubbardbrook_mixed_nh__GSI-4833/output --legacy-sidecar-discovery --direct-production-executor
hubbardbrook_mixed_nh__GSI-4837,hubbard_brook,mixed,hubbardbrook_mixed_nh,GSI-4837,PASS,149db19e24a8dd688a7d416aa3158e224d49ede752adbddae407dd3dd2c4fab5,39416988,65635463da1d1c59999b618b46957e60f64afd398ac30d503414c533b19b2cf1,1221177,EPHEMERAL_PATH_BEARING_NOT_RETAINED,/home/workdir/openWEPP/target/release/openwepp-cli-hill --run-dir <scratch>/hubbardbrook_mixed_nh__GSI-4837/fixture --run-file p4.native.run.toml --output-dir <scratch>/hubbardbrook_mixed_nh__GSI-4837/output --legacy-sidecar-discovery --direct-production-executor
hubbardbrook_mixed_nh__GSI-4838,hubbard_brook,mixed,hubbardbrook_mixed_nh,GSI-4838,PASS,702f08727a3a255d2884c44ce33b6c98eec911aad02cd6fbefd5428f151ec94a,39494146,2197538e97201c8f3cfadcbea4bb340e36bded71b76c865268ee79657e9bedb1,1220371,EPHEMERAL_PATH_BEARING_NOT_RETAINED,/home/workdir/openWEPP/target/release/openwepp-cli-hill --run-dir <scratch>/hubbardbrook_mixed_nh__GSI-4838/fixture --run-file p4.native.run.toml --output-dir <scratch>/hubbardbrook_mixed_nh__GSI-4838/output --legacy-sidecar-discovery --direct-production-executor
hubbardbrook_mixed_nh__GSI-4842,hubbard_brook,mixed,hubbardbrook_mixed_nh,GSI-4842,PASS,16369a2592d684a37db2b310e93c8a5f3a5c0f3641b016b1cebd1a6733a980ab,39083060,8ec1ff60f19279dd5ce3b9e5e69b555823f8b4f61d2a256161a62902723fe28c,1215958,EPHEMERAL_PATH_BEARING_NOT_RETAINED,/home/workdir/openWEPP/target/release/openwepp-cli-hill --run-dir <scratch>/hubbardbrook_mixed_nh__GSI-4842/fixture --run-file p4.native.run.toml --output-dir <scratch>/hubbardbrook_mixed_nh__GSI-4842/output --legacy-sidecar-discovery --direct-production-executor
hubbardbrook_mixed_nh__GSI-5695,hubbard_brook,mixed,hubbardbrook_mixed_nh,GSI-5695,PASS,aec157c2accad3f3e2c928c5460fc4dd2f9fa371d05e5a5f93c391bed40e24ff,39441104,fdcda4ea4e5edef624fa311655f4ce59e3be8781e8aab9a7f717ca1292834185,1220876,EPHEMERAL_PATH_BEARING_NOT_RETAINED,/home/workdir/openWEPP/target/release/openwepp-cli-hill --run-dir <scratch>/hubbardbrook_mixed_nh__GSI-5695/fixture --run-file p4.native.run.toml --output-dir <scratch>/hubbardbrook_mixed_nh__GSI-5695/output --legacy-sidecar-discovery --direct-production-executor
hubbardbrook_mixed_nh__GSI-5700,hubbard_brook,mixed,hubbardbrook_mixed_nh,GSI-5700,PASS,0129ea8a27b4c693352bcf55a6e982e67b97afad8f24a366e8234f5d4d8c0da4,39359055,9fc6b9a4c5f37041650d7e6d1190e714cf51b373cb5118bbd8b9bb52e7438238,1220586,EPHEMERAL_PATH_BEARING_NOT_RETAINED,/home/workdir/openWEPP/target/release/openwepp-cli-hill --run-dir <scratch>/hubbardbrook_mixed_nh__GSI-5700/fixture --run-file p4.native.run.toml --output-dir <scratch>/hubbardbrook_mixed_nh__GSI-5700/output --legacy-sidecar-discovery --direct-production-executor
hubbardbrook_mixed_nh__GSI-5716,hubbard_brook,mixed,hubbardbrook_mixed_nh,GSI-5716,PASS,eb30dfdf8a727719aeeb822c49a7f4d5a91ba059b02a0273172c02e494ed6b40,39365102,47c218eb5954b77d8fb1dd85b2ef6fb1477f5ddc13c02889bb4a0048248e0bfd,1220837,EPHEMERAL_PATH_BEARING_NOT_RETAINED,/home/workdir/openWEPP/target/release/openwepp-cli-hill --run-dir <scratch>/hubbardbrook_mixed_nh__GSI-5716/fixture --run-file p4.native.run.toml --output-dir <scratch>/hubbardbrook_mixed_nh__GSI-5716/output --legacy-sidecar-discovery --direct-production-executor
hubbardbrook_mixed_nh__GSI-5717,hubbard_brook,mixed,hubbardbrook_mixed_nh,GSI-5717,PASS,fb9175c604b5a7f7f712e13915af065999c66767ac9913c0198efbb57408d8ce,39436884,43a636f266231246c418f29945bfbf3be805d8d5c8005a675b346601d444a318,1222195,EPHEMERAL_PATH_BEARING_NOT_RETAINED,/home/workdir/openWEPP/target/release/openwepp-cli-hill --run-dir <scratch>/hubbardbrook_mixed_nh__GSI-5717/fixture --run-file p4.native.run.toml --output-dir <scratch>/hubbardbrook_mixed_nh__GSI-5717/output --legacy-sidecar-discovery --direct-production-executor
hubbardbrook_mixed_nh__GSI-5718,hubbard_brook,mixed,hubbardbrook_mixed_nh,GSI-5718,PASS,f5ed2e89b3605d65d87d3fb182871700c42005c6eaa2e6664989b3d6ff4f2fb1,39440983,63b1b5d3d57abeae07ce56b241efff1620cdd6894a8369d2a48442a72627c640,1221867,EPHEMERAL_PATH_BEARING_NOT_RETAINED,/home/workdir/openWEPP/target/release/openwepp-cli-hill --run-dir <scratch>/hubbardbrook_mixed_nh__GSI-5718/fixture --run-file p4.native.run.toml --output-dir <scratch>/hubbardbrook_mixed_nh__GSI-5718/output --legacy-sidecar-discovery --direct-production-executor
hubbardbrook_mixed_nh__GSI-5721,hubbard_brook,mixed,hubbardbrook_mixed_nh,GSI-5721,PASS,ecd36d47767a0c13909ce63d7449546b077273076c6b785c64c3dd675b17eb91,39282790,1c969444869c45d29f1608cc5298bdab44dace847398c74832c56841642726fc,1219853,EPHEMERAL_PATH_BEARING_NOT_RETAINED,/home/workdir/openWEPP/target/release/openwepp-cli-hill --run-dir <scratch>/hubbardbrook_mixed_nh__GSI-5721/fixture --run-file p4.native.run.toml --output-dir <scratch>/hubbardbrook_mixed_nh__GSI-5721/output --legacy-sidecar-discovery --direct-production-executor
hubbardbrook_mixed_nh__GSI-5722,hubbard_brook,mixed,hubbardbrook_mixed_nh,GSI-5722,PASS,cff071dbe3891860f375aaed8310263d2c63a49e94514ef411521266c853dae7,39358361,66cc4904657f6ab5fff813f3b248046fcb11f70140701f6f3807c1d4b70d98db,1221056,EPHEMERAL_PATH_BEARING_NOT_RETAINED,/home/workdir/openWEPP/target/release/openwepp-cli-hill --run-dir <scratch>/hubbardbrook_mixed_nh__GSI-5722/fixture --run-file p4.native.run.toml --output-dir <scratch>/hubbardbrook_mixed_nh__GSI-5722/output --legacy-sidecar-discovery --direct-production-executor
hubbardbrook_mixed_nh__GSI-5723,hubbard_brook,mixed,hubbardbrook_mixed_nh,GSI-5723,PASS,69c0ff790d810c8771327bf10e5eaae4d440b13d687e37d68deac3b03c9a458a,39348535,a87d31f270501992f2c465ea89229bf4698f3ef25282fcebe139907e0e388c78,1220900,EPHEMERAL_PATH_BEARING_NOT_RETAINED,/home/workdir/openWEPP/target/release/openwepp-cli-hill --run-dir <scratch>/hubbardbrook_mixed_nh__GSI-5723/fixture --run-file p4.native.run.toml --output-dir <scratch>/hubbardbrook_mixed_nh__GSI-5723/output --legacy-sidecar-discovery --direct-production-executor
hubbardbrook_mixed_nh__GSI-5725,hubbard_brook,mixed,hubbardbrook_mixed_nh,GSI-5725,PASS,9ee9bfac3da5da83432648d0d60f3057a25661d526e08b922fe814e6c7b1f355,38905289,1af784dcde7060120711a46b7157844d79a19e8d67165a2cdf2379db54cffb1a,1213989,EPHEMERAL_PATH_BEARING_NOT_RETAINED,/home/workdir/openWEPP/target/release/openwepp-cli-hill --run-dir <scratch>/hubbardbrook_mixed_nh__GSI-5725/fixture --run-file p4.native.run.toml --output-dir <scratch>/hubbardbrook_mixed_nh__GSI-5725/output --legacy-sidecar-discovery --direct-production-executor
marcell_conifer_mn__GSI-2198,marcell,conifer,marcell_conifer_mn,GSI-2198,PASS,de0888bd30e26068bc82653a5508210886916a6f3fcd888685a93ff27e08d001,38377567,26c11a097ed61ba3a61675f4168575e5c07561a18ea69c991c4b6dcf731e0f00,1265403,EPHEMERAL_PATH_BEARING_NOT_RETAINED,/home/workdir/openWEPP/target/release/openwepp-cli-hill --run-dir <scratch>/marcell_conifer_mn__GSI-2198/fixture --run-file p8.native.run.toml --output-dir <scratch>/marcell_conifer_mn__GSI-2198/output --legacy-sidecar-discovery --direct-production-executor
marcell_conifer_mn__GSI-2199,marcell,conifer,marcell_conifer_mn,GSI-2199,PASS,169e7cdde2876d053ca77353043dfc936a7847a7929029915beac7652cb72f28,38377510,26c11a097ed61ba3a61675f4168575e5c07561a18ea69c991c4b6dcf731e0f00,1265403,EPHEMERAL_PATH_BEARING_NOT_RETAINED,/home/workdir/openWEPP/target/release/openwepp-cli-hill --run-dir <scratch>/marcell_conifer_mn__GSI-2199/fixture --run-file p8.native.run.toml --output-dir <scratch>/marcell_conifer_mn__GSI-2199/output --legacy-sidecar-discovery --direct-production-executor
marcell_conifer_mn__GSI-2629,marcell,conifer,marcell_conifer_mn,GSI-2629,PASS,c04041de0a1877f0d1e529672d86dbb0f8d5007ff024c6e67dad0e59d05e9b5e,38515353,26c11a097ed61ba3a61675f4168575e5c07561a18ea69c991c4b6dcf731e0f00,1265403,EPHEMERAL_PATH_BEARING_NOT_RETAINED,/home/workdir/openWEPP/target/release/openwepp-cli-hill --run-dir <scratch>/marcell_conifer_mn__GSI-2629/fixture --run-file p8.native.run.toml --output-dir <scratch>/marcell_conifer_mn__GSI-2629/output --legacy-sidecar-discovery --direct-production-executor
marcell_conifer_mn__GSI-2630,marcell,conifer,marcell_conifer_mn,GSI-2630,PASS,ac45adf65a5eda9ca093df450fbe2f1e08877bbf85fd7afba99d6180254e0286,38524993,26c11a097ed61ba3a61675f4168575e5c07561a18ea69c991c4b6dcf731e0f00,1265403,EPHEMERAL_PATH_BEARING_NOT_RETAINED,/home/workdir/openWEPP/target/release/openwepp-cli-hill --run-dir <scratch>/marcell_conifer_mn__GSI-2630/fixture --run-file p8.native.run.toml --output-dir <scratch>/marcell_conifer_mn__GSI-2630/output --legacy-sidecar-discovery --direct-production-executor
marcell_conifer_mn__GSI-2631,marcell,conifer,marcell_conifer_mn,GSI-2631,PASS,27f404687a6a6a28c3f0fca31bd8697c6f1c19746eec4f0dfe31eb05cf86e8d1,38525089,26c11a097ed61ba3a61675f4168575e5c07561a18ea69c991c4b6dcf731e0f00,1265403,EPHEMERAL_PATH_BEARING_NOT_RETAINED,/home/workdir/openWEPP/target/release/openwepp-cli-hill --run-dir <scratch>/marcell_conifer_mn__GSI-2631/fixture --run-file p8.native.run.toml --output-dir <scratch>/marcell_conifer_mn__GSI-2631/output --legacy-sidecar-discovery --direct-production-executor
marcell_conifer_mn__GSI-2634,marcell,conifer,marcell_conifer_mn,GSI-2634,PASS,74c9397429a96de4d6f73f37e8156c0b092553af42b5b6c677f7747f3d251d40,38494703,26c11a097ed61ba3a61675f4168575e5c07561a18ea69c991c4b6dcf731e0f00,1265403,EPHEMERAL_PATH_BEARING_NOT_RETAINED,/home/workdir/openWEPP/target/release/openwepp-cli-hill --run-dir <scratch>/marcell_conifer_mn__GSI-2634/fixture --run-file p8.native.run.toml --output-dir <scratch>/marcell_conifer_mn__GSI-2634/output --legacy-sidecar-discovery --direct-production-executor
marcell_conifer_mn__GSI-2635,marcell,conifer,marcell_conifer_mn,GSI-2635,PASS,3bcb5ec98d48db304825c2ce74a541b840c7a59213a6359b73c78975dd75f300,38504460,26c11a097ed61ba3a61675f4168575e5c07561a18ea69c991c4b6dcf731e0f00,1265403,EPHEMERAL_PATH_BEARING_NOT_RETAINED,/home/workdir/openWEPP/target/release/openwepp-cli-hill --run-dir <scratch>/marcell_conifer_mn__GSI-2635/fixture --run-file p8.native.run.toml --output-dir <scratch>/marcell_conifer_mn__GSI-2635/output --legacy-sidecar-discovery --direct-production-executor
marcell_conifer_mn__GSI-2636,marcell,conifer,marcell_conifer_mn,GSI-2636,PASS,24c2e751507f3a0021a9e83678c3e9c8ac68c43307a627d6165ba4108c123953,38504565,26c11a097ed61ba3a61675f4168575e5c07561a18ea69c991c4b6dcf731e0f00,1265403,EPHEMERAL_PATH_BEARING_NOT_RETAINED,/home/workdir/openWEPP/target/release/openwepp-cli-hill --run-dir <scratch>/marcell_conifer_mn__GSI-2636/fixture --run-file p8.native.run.toml --output-dir <scratch>/marcell_conifer_mn__GSI-2636/output --legacy-sidecar-discovery --direct-production-executor
marcell_conifer_mn__GSI-2638,marcell,conifer,marcell_conifer_mn,GSI-2638,PASS,187d3224b3bfeeccab379656822ddf16a89e8180fc149deaf21ea449f8760a8c,38407339,26c11a097ed61ba3a61675f4168575e5c07561a18ea69c991c4b6dcf731e0f00,1265403,EPHEMERAL_PATH_BEARING_NOT_RETAINED,/home/workdir/openWEPP/target/release/openwepp-cli-hill --run-dir <scratch>/marcell_conifer_mn__GSI-2638/fixture --run-file p8.native.run.toml --output-dir <scratch>/marcell_conifer_mn__GSI-2638/output --legacy-sidecar-discovery --direct-production-executor
marcell_conifer_mn__GSI-3941,marcell,conifer,marcell_conifer_mn,GSI-3941,PASS,7a139ae656dd6bc416cdd44a455f4b986e68c01bb45ccf4ecbbfb9c269850cc5,38350513,26c11a097ed61ba3a61675f4168575e5c07561a18ea69c991c4b6dcf731e0f00,1265403,EPHEMERAL_PATH_BEARING_NOT_RETAINED,/home/workdir/openWEPP/target/release/openwepp-cli-hill --run-dir <scratch>/marcell_conifer_mn__GSI-3941/fixture --run-file p8.native.run.toml --output-dir <scratch>/marcell_conifer_mn__GSI-3941/output --legacy-sidecar-discovery --direct-production-executor
marcell_conifer_mn__GSI-3942,marcell,conifer,marcell_conifer_mn,GSI-3942,PASS,f6102b8df80a5c31ef4a7ff58c43e212d379d2df8f2800f18f98542627b9b10a,38350299,26c11a097ed61ba3a61675f4168575e5c07561a18ea69c991c4b6dcf731e0f00,1265403,EPHEMERAL_PATH_BEARING_NOT_RETAINED,/home/workdir/openWEPP/target/release/openwepp-cli-hill --run-dir <scratch>/marcell_conifer_mn__GSI-3942/fixture --run-file p8.native.run.toml --output-dir <scratch>/marcell_conifer_mn__GSI-3942/output --legacy-sidecar-discovery --direct-production-executor
marcell_conifer_mn__GSI-3962,marcell,conifer,marcell_conifer_mn,GSI-3962,PASS,524560816b076ae25eb60dbc09ea96fa67a519a24cc35d13c2b9deb0c9e51c92,38281043,26c11a097ed61ba3a61675f4168575e5c07561a18ea69c991c4b6dcf731e0f00,1265403,EPHEMERAL_PATH_BEARING_NOT_RETAINED,/home/workdir/openWEPP/target/release/openwepp-cli-hill --run-dir <scratch>/marcell_conifer_mn__GSI-3962/fixture --run-file p8.native.run.toml --output-dir <scratch>/marcell_conifer_mn__GSI-3962/output --legacy-sidecar-discovery --direct-production-executor
marcell_conifer_mn__GSI-3963,marcell,conifer,marcell_conifer_mn,GSI-3963,PASS,38c26cec6631ec688f664d6e4a0e4e6b11c2a1f8e56f805ed743c4012f75d474,38280908,26c11a097ed61ba3a61675f4168575e5c07561a18ea69c991c4b6dcf731e0f00,1265403,EPHEMERAL_PATH_BEARING_NOT_RETAINED,/home/workdir/openWEPP/target/release/openwepp-cli-hill --run-dir <scratch>/marcell_conifer_mn__GSI-3963/fixture --run-file p8.native.run.toml --output-dir <scratch>/marcell_conifer_mn__GSI-3963/output --legacy-sidecar-discovery --direct-production-executor
marcell_conifer_mn__GSI-4372,marcell,conifer,marcell_conifer_mn,GSI-4372,PASS,746745d4cc20d1709f49b1a282d19091168f092d552dec938afdbc72362f9d9c,38497457,26c11a097ed61ba3a61675f4168575e5c07561a18ea69c991c4b6dcf731e0f00,1265403,EPHEMERAL_PATH_BEARING_NOT_RETAINED,/home/workdir/openWEPP/target/release/openwepp-cli-hill --run-dir <scratch>/marcell_conifer_mn__GSI-4372/fixture --run-file p8.native.run.toml --output-dir <scratch>/marcell_conifer_mn__GSI-4372/output --legacy-sidecar-discovery --direct-production-executor
marcell_conifer_mn__GSI-4377,marcell,conifer,marcell_conifer_mn,GSI-4377,PASS,54d7a5b1720d6c67b9e9bf511ca98b1a291b7518562c91d1fdee07f67c6d240d,38478542,26c11a097ed61ba3a61675f4168575e5c07561a18ea69c991c4b6dcf731e0f00,1265403,EPHEMERAL_PATH_BEARING_NOT_RETAINED,/home/workdir/openWEPP/target/release/openwepp-cli-hill --run-dir <scratch>/marcell_conifer_mn__GSI-4377/fixture --run-file p8.native.run.toml --output-dir <scratch>/marcell_conifer_mn__GSI-4377/output --legacy-sidecar-discovery --direct-production-executor
marcell_conifer_mn__GSI-4393,marcell,conifer,marcell_conifer_mn,GSI-4393,PASS,20cef0dbfc4a17db497b7a82932446ecc1cf01abee9940be46382478f5a2cb5a,38435052,26c11a097ed61ba3a61675f4168575e5c07561a18ea69c991c4b6dcf731e0f00,1265403,EPHEMERAL_PATH_BEARING_NOT_RETAINED,/home/workdir/openWEPP/target/release/openwepp-cli-hill --run-dir <scratch>/marcell_conifer_mn__GSI-4393/fixture --run-file p8.native.run.toml --output-dir <scratch>/marcell_conifer_mn__GSI-4393/output --legacy-sidecar-discovery --direct-production-executor
marcell_conifer_mn__GSI-4394,marcell,conifer,marcell_conifer_mn,GSI-4394,PASS,93679be07f09c0c92dc189f2c60d2ddc86199927381a54116271a352f8fe0f8b,38446646,26c11a097ed61ba3a61675f4168575e5c07561a18ea69c991c4b6dcf731e0f00,1265403,EPHEMERAL_PATH_BEARING_NOT_RETAINED,/home/workdir/openWEPP/target/release/openwepp-cli-hill --run-dir <scratch>/marcell_conifer_mn__GSI-4394/fixture --run-file p8.native.run.toml --output-dir <scratch>/marcell_conifer_mn__GSI-4394/output --legacy-sidecar-discovery --direct-production-executor
marcell_conifer_mn__GSI-4395,marcell,conifer,marcell_conifer_mn,GSI-4395,PASS,9c208893bc55e105b5789b602388660db1ea6c76fd1efb5349cde8ed4a79fec7,38446743,26c11a097ed61ba3a61675f4168575e5c07561a18ea69c991c4b6dcf731e0f00,1265403,EPHEMERAL_PATH_BEARING_NOT_RETAINED,/home/workdir/openWEPP/target/release/openwepp-cli-hill --run-dir <scratch>/marcell_conifer_mn__GSI-4395/fixture --run-file p8.native.run.toml --output-dir <scratch>/marcell_conifer_mn__GSI-4395/output --legacy-sidecar-discovery --direct-production-executor
marcell_conifer_mn__GSI-4398,marcell,conifer,marcell_conifer_mn,GSI-4398,PASS,3cc590a85e67058d8e4618f52909233b524bb9f9cb44c8b4c6d243e0142cc35d,38416148,26c11a097ed61ba3a61675f4168575e5c07561a18ea69c991c4b6dcf731e0f00,1265403,EPHEMERAL_PATH_BEARING_NOT_RETAINED,/home/workdir/openWEPP/target/release/openwepp-cli-hill --run-dir <scratch>/marcell_conifer_mn__GSI-4398/fixture --run-file p8.native.run.toml --output-dir <scratch>/marcell_conifer_mn__GSI-4398/output --legacy-sidecar-discovery --direct-production-executor
marcell_conifer_mn__GSI-4399,marcell,conifer,marcell_conifer_mn,GSI-4399,PASS,a2d58f00e764cfac37ec3fabdf2821084737d7a116b7c3c34c762ba6c3ef77df,38427769,26c11a097ed61ba3a61675f4168575e5c07561a18ea69c991c4b6dcf731e0f00,1265403,EPHEMERAL_PATH_BEARING_NOT_RETAINED,/home/workdir/openWEPP/target/release/openwepp-cli-hill --run-dir <scratch>/marcell_conifer_mn__GSI-4399/fixture --run-file p8.native.run.toml --output-dir <scratch>/marcell_conifer_mn__GSI-4399/output --legacy-sidecar-discovery --direct-production-executor
marcell_conifer_mn__GSI-4400,marcell,conifer,marcell_conifer_mn,GSI-4400,PASS,5214eab5858979da16fe149b9e06404ef729f2a0991298d402b75481ca97684f,38427851,26c11a097ed61ba3a61675f4168575e5c07561a18ea69c991c4b6dcf731e0f00,1265403,EPHEMERAL_PATH_BEARING_NOT_RETAINED,/home/workdir/openWEPP/target/release/openwepp-cli-hill --run-dir <scratch>/marcell_conifer_mn__GSI-4400/fixture --run-file p8.native.run.toml --output-dir <scratch>/marcell_conifer_mn__GSI-4400/output --legacy-sidecar-discovery --direct-production-executor
marcell_conifer_mn__GSI-4402,marcell,conifer,marcell_conifer_mn,GSI-4402,PASS,012ba52672c4e5f8ddf7f9d8563e8b34b22f69d24c26a502d0b2fd2c2604eb48,38332608,26c11a097ed61ba3a61675f4168575e5c07561a18ea69c991c4b6dcf731e0f00,1265403,EPHEMERAL_PATH_BEARING_NOT_RETAINED,/home/workdir/openWEPP/target/release/openwepp-cli-hill --run-dir <scratch>/marcell_conifer_mn__GSI-4402/fixture --run-file p8.native.run.toml --output-dir <scratch>/marcell_conifer_mn__GSI-4402/output --legacy-sidecar-discovery --direct-production-executor
marcell_conifer_mn__GSI-4831,marcell,conifer,marcell_conifer_mn,GSI-4831,PASS,b7e65866c9be265b631f1e28425bdce7f20528b1b535d574c8a80ae5f3eaa931,38372573,26c11a097ed61ba3a61675f4168575e5c07561a18ea69c991c4b6dcf731e0f00,1265403,EPHEMERAL_PATH_BEARING_NOT_RETAINED,/home/workdir/openWEPP/target/release/openwepp-cli-hill --run-dir <scratch>/marcell_conifer_mn__GSI-4831/fixture --run-file p8.native.run.toml --output-dir <scratch>/marcell_conifer_mn__GSI-4831/output --legacy-sidecar-discovery --direct-production-executor
marcell_conifer_mn__GSI-4832,marcell,conifer,marcell_conifer_mn,GSI-4832,PASS,7f9565e06e912ec9424cc10b4e947293e3773df7cbce122a16e29faf20f485ac,38403272,26c11a097ed61ba3a61675f4168575e5c07561a18ea69c991c4b6dcf731e0f00,1265403,EPHEMERAL_PATH_BEARING_NOT_RETAINED,/home/workdir/openWEPP/target/release/openwepp-cli-hill --run-dir <scratch>/marcell_conifer_mn__GSI-4832/fixture --run-file p8.native.run.toml --output-dir <scratch>/marcell_conifer_mn__GSI-4832/output --legacy-sidecar-discovery --direct-production-executor
marcell_conifer_mn__GSI-4833,marcell,conifer,marcell_conifer_mn,GSI-4833,PASS,c276ef66f143dcfd5b347a8e3c9ff3d01860b456a8e9ddc56e981cd21f1477c3,38442719,26c11a097ed61ba3a61675f4168575e5c07561a18ea69c991c4b6dcf731e0f00,1265403,EPHEMERAL_PATH_BEARING_NOT_RETAINED,/home/workdir/openWEPP/target/release/openwepp-cli-hill --run-dir <scratch>/marcell_conifer_mn__GSI-4833/fixture --run-file p8.native.run.toml --output-dir <scratch>/marcell_conifer_mn__GSI-4833/output --legacy-sidecar-discovery --direct-production-executor
marcell_conifer_mn__GSI-4837,marcell,conifer,marcell_conifer_mn,GSI-4837,PASS,efe6e4c995e3dbc695358fd0c8c366ba617c779e1c3f4245830404843957f64e,38383916,26c11a097ed61ba3a61675f4168575e5c07561a18ea69c991c4b6dcf731e0f00,1265403,EPHEMERAL_PATH_BEARING_NOT_RETAINED,/home/workdir/openWEPP/target/release/openwepp-cli-hill --run-dir <scratch>/marcell_conifer_mn__GSI-4837/fixture --run-file p8.native.run.toml --output-dir <scratch>/marcell_conifer_mn__GSI-4837/output --legacy-sidecar-discovery --direct-production-executor
marcell_conifer_mn__GSI-4838,marcell,conifer,marcell_conifer_mn,GSI-4838,PASS,eea11a060fb9d1ca02437c7d1788a5aa6094eff85477001b17a5099c8e37f6b4,38423459,26c11a097ed61ba3a61675f4168575e5c07561a18ea69c991c4b6dcf731e0f00,1265403,EPHEMERAL_PATH_BEARING_NOT_RETAINED,/home/workdir/openWEPP/target/release/openwepp-cli-hill --run-dir <scratch>/marcell_conifer_mn__GSI-4838/fixture --run-file p8.native.run.toml --output-dir <scratch>/marcell_conifer_mn__GSI-4838/output --legacy-sidecar-discovery --direct-production-executor
marcell_conifer_mn__GSI-4842,marcell,conifer,marcell_conifer_mn,GSI-4842,PASS,e3f3639535787f9d9f99526d181bfd76961cc21230f76f098c9489c152174c69,38339558,26c11a097ed61ba3a61675f4168575e5c07561a18ea69c991c4b6dcf731e0f00,1265403,EPHEMERAL_PATH_BEARING_NOT_RETAINED,/home/workdir/openWEPP/target/release/openwepp-cli-hill --run-dir <scratch>/marcell_conifer_mn__GSI-4842/fixture --run-file p8.native.run.toml --output-dir <scratch>/marcell_conifer_mn__GSI-4842/output --legacy-sidecar-discovery --direct-production-executor
marcell_conifer_mn__GSI-5695,marcell,conifer,marcell_conifer_mn,GSI-5695,PASS,bdbae99d913d0dc9c4ddb4931c9d70860825aeb076c5041ed128936b85aade5e,38377114,26c11a097ed61ba3a61675f4168575e5c07561a18ea69c991c4b6dcf731e0f00,1265403,EPHEMERAL_PATH_BEARING_NOT_RETAINED,/home/workdir/openWEPP/target/release/openwepp-cli-hill --run-dir <scratch>/marcell_conifer_mn__GSI-5695/fixture --run-file p8.native.run.toml --output-dir <scratch>/marcell_conifer_mn__GSI-5695/output --legacy-sidecar-discovery --direct-production-executor
marcell_conifer_mn__GSI-5700,marcell,conifer,marcell_conifer_mn,GSI-5700,PASS,a176f86054450dce0efacfb1147ac05c02c6c99ec911c60ffa519c78f04cec00,38360072,26c11a097ed61ba3a61675f4168575e5c07561a18ea69c991c4b6dcf731e0f00,1265403,EPHEMERAL_PATH_BEARING_NOT_RETAINED,/home/workdir/openWEPP/target/release/openwepp-cli-hill --run-dir <scratch>/marcell_conifer_mn__GSI-5700/fixture --run-file p8.native.run.toml --output-dir <scratch>/marcell_conifer_mn__GSI-5700/output --legacy-sidecar-discovery --direct-production-executor
marcell_conifer_mn__GSI-5716,marcell,conifer,marcell_conifer_mn,GSI-5716,PASS,f8f57cac03b0b59dd626870865d71bbdded1f1e80410594a4fee8a9495836ff2,38304134,26c11a097ed61ba3a61675f4168575e5c07561a18ea69c991c4b6dcf731e0f00,1265403,EPHEMERAL_PATH_BEARING_NOT_RETAINED,/home/workdir/openWEPP/target/release/openwepp-cli-hill --run-dir <scratch>/marcell_conifer_mn__GSI-5716/fixture --run-file p8.native.run.toml --output-dir <scratch>/marcell_conifer_mn__GSI-5716/output --legacy-sidecar-discovery --direct-production-executor
marcell_conifer_mn__GSI-5717,marcell,conifer,marcell_conifer_mn,GSI-5717,PASS,bf90940cde27e981dccdaef9ff3dcce45ffcf8122874e1758cc5a908de913a5f,38318812,26c11a097ed61ba3a61675f4168575e5c07561a18ea69c991c4b6dcf731e0f00,1265403,EPHEMERAL_PATH_BEARING_NOT_RETAINED,/home/workdir/openWEPP/target/release/openwepp-cli-hill --run-dir <scratch>/marcell_conifer_mn__GSI-5717/fixture --run-file p8.native.run.toml --output-dir <scratch>/marcell_conifer_mn__GSI-5717/output --legacy-sidecar-discovery --direct-production-executor
marcell_conifer_mn__GSI-5718,marcell,conifer,marcell_conifer_mn,GSI-5718,PASS,70f615332ce37851b0dade6b10b334482db9d8fc374010474faa44849a285861,38319036,26c11a097ed61ba3a61675f4168575e5c07561a18ea69c991c4b6dcf731e0f00,1265403,EPHEMERAL_PATH_BEARING_NOT_RETAINED,/home/workdir/openWEPP/target/release/openwepp-cli-hill --run-dir <scratch>/marcell_conifer_mn__GSI-5718/fixture --run-file p8.native.run.toml --output-dir <scratch>/marcell_conifer_mn__GSI-5718/output --legacy-sidecar-discovery --direct-production-executor
marcell_conifer_mn__GSI-5721,marcell,conifer,marcell_conifer_mn,GSI-5721,PASS,52db61de44ebcdb5d5c82a27256d65a63535c829aaa6a88dc4dc4a96f82e84b2,38287012,26c11a097ed61ba3a61675f4168575e5c07561a18ea69c991c4b6dcf731e0f00,1265403,EPHEMERAL_PATH_BEARING_NOT_RETAINED,/home/workdir/openWEPP/target/release/openwepp-cli-hill --run-dir <scratch>/marcell_conifer_mn__GSI-5721/fixture --run-file p8.native.run.toml --output-dir <scratch>/marcell_conifer_mn__GSI-5721/output --legacy-sidecar-discovery --direct-production-executor
marcell_conifer_mn__GSI-5722,marcell,conifer,marcell_conifer_mn,GSI-5722,PASS,5c8d8da2f984ac710befa84b69555abc6a96c94bc04357ff09ecfc0853988713,38302219,26c11a097ed61ba3a61675f4168575e5c07561a18ea69c991c4b6dcf731e0f00,1265403,EPHEMERAL_PATH_BEARING_NOT_RETAINED,/home/workdir/openWEPP/target/release/openwepp-cli-hill --run-dir <scratch>/marcell_conifer_mn__GSI-5722/fixture --run-file p8.native.run.toml --output-dir <scratch>/marcell_conifer_mn__GSI-5722/output --legacy-sidecar-discovery --direct-production-executor
marcell_conifer_mn__GSI-5723,marcell,conifer,marcell_conifer_mn,GSI-5723,PASS,fd90f45ba7c50ff8a3aae8e4f78d316246673f5670dab3f9ab7eda5f4be1cb4a,38302118,26c11a097ed61ba3a61675f4168575e5c07561a18ea69c991c4b6dcf731e0f00,1265403,EPHEMERAL_PATH_BEARING_NOT_RETAINED,/home/workdir/openWEPP/target/release/openwepp-cli-hill --run-dir <scratch>/marcell_conifer_mn__GSI-5723/fixture --run-file p8.native.run.toml --output-dir <scratch>/marcell_conifer_mn__GSI-5723/output --legacy-sidecar-discovery --direct-production-executor
marcell_conifer_mn__GSI-5725,marcell,conifer,marcell_conifer_mn,GSI-5725,PASS,e4288ea21eab5af8ab0b23cd3d492cb98a9d9bb94a17653f0c92f9a39ad5e749,38213348,26c11a097ed61ba3a61675f4168575e5c07561a18ea69c991c4b6dcf731e0f00,1265403,EPHEMERAL_PATH_BEARING_NOT_RETAINED,/home/workdir/openWEPP/target/release/openwepp-cli-hill --run-dir <scratch>/marcell_conifer_mn__GSI-5725/fixture --run-file p8.native.run.toml --output-dir <scratch>/marcell_conifer_mn__GSI-5725/output --legacy-sidecar-discovery --direct-production-executor
marcell_deciduous_mn__GSI-2198,marcell,deciduous,marcell_deciduous_mn,GSI-2198,PASS,3c5feb75f56208a616f7c07c037e926b72d1969a46525cdd33518a0478287828,38124186,fac80b4aaf064180622d33d54bb536edde38806a652625e9bfc0e51f015f0026,1119358,EPHEMERAL_PATH_BEARING_NOT_RETAINED,/home/workdir/openWEPP/target/release/openwepp-cli-hill --run-dir <scratch>/marcell_deciduous_mn__GSI-2198/fixture --run-file p15.native.run.toml --output-dir <scratch>/marcell_deciduous_mn__GSI-2198/output --legacy-sidecar-discovery --direct-production-executor
marcell_deciduous_mn__GSI-2199,marcell,deciduous,marcell_deciduous_mn,GSI-2199,PASS,261027a08f2a17d62a738c8f9a46845dc260700993bc69539eda61c7b0a9602e,38131827,39c5f412ec697e2d365bbaea45afb8517d952cfdd3faa0872c4d606032a36da4,1119280,EPHEMERAL_PATH_BEARING_NOT_RETAINED,/home/workdir/openWEPP/target/release/openwepp-cli-hill --run-dir <scratch>/marcell_deciduous_mn__GSI-2199/fixture --run-file p15.native.run.toml --output-dir <scratch>/marcell_deciduous_mn__GSI-2199/output --legacy-sidecar-discovery --direct-production-executor
marcell_deciduous_mn__GSI-2629,marcell,deciduous,marcell_deciduous_mn,GSI-2629,PASS,da0be695b53620b30a61738b6ebdf70d44de0cc603e280f15ece1f3e050553e0,38824142,0f6e8da356088f3a84e2097f19a09806a06da2b63c94c5aeef334580efb76c91,1149330,EPHEMERAL_PATH_BEARING_NOT_RETAINED,/home/workdir/openWEPP/target/release/openwepp-cli-hill --run-dir <scratch>/marcell_deciduous_mn__GSI-2629/fixture --run-file p15.native.run.toml --output-dir <scratch>/marcell_deciduous_mn__GSI-2629/output --legacy-sidecar-discovery --direct-production-executor
marcell_deciduous_mn__GSI-2630,marcell,deciduous,marcell_deciduous_mn,GSI-2630,PASS,48b7a0db82c65d63aaaf2f926f5d266cb0e968de16176e883c5f9caab4c6d1ee,38829978,d1ec258181ba4294d760eeea0793df629376b04f18f22456fddea74b1ac8c1c3,1149056,EPHEMERAL_PATH_BEARING_NOT_RETAINED,/home/workdir/openWEPP/target/release/openwepp-cli-hill --run-dir <scratch>/marcell_deciduous_mn__GSI-2630/fixture --run-file p15.native.run.toml --output-dir <scratch>/marcell_deciduous_mn__GSI-2630/output --legacy-sidecar-discovery --direct-production-executor
marcell_deciduous_mn__GSI-2631,marcell,deciduous,marcell_deciduous_mn,GSI-2631,PASS,299ed5b25de35f2f52054af7b0ba55b5198ad148c07cb192c6a921b9de76e827,38834707,a3dd128ba35a8ce80903bfaff17dc65d6b8772c749ac3df7a7696c99277a005d,1149196,EPHEMERAL_PATH_BEARING_NOT_RETAINED,/home/workdir/openWEPP/target/release/openwepp-cli-hill --run-dir <scratch>/marcell_deciduous_mn__GSI-2631/fixture --run-file p15.native.run.toml --output-dir <scratch>/marcell_deciduous_mn__GSI-2631/output --legacy-sidecar-discovery --direct-production-executor
marcell_deciduous_mn__GSI-2634,marcell,deciduous,marcell_deciduous_mn,GSI-2634,PASS,6f18a6d44ecd7cebe3e62a7c10a05f0af3ae927ed5414aede8eb1bb92731e772,38701869,4d129e08f20b29659556e823283ec199463a57ca3e337f97f84d7b5e62a2b538,1144401,EPHEMERAL_PATH_BEARING_NOT_RETAINED,/home/workdir/openWEPP/target/release/openwepp-cli-hill --run-dir <scratch>/marcell_deciduous_mn__GSI-2634/fixture --run-file p15.native.run.toml --output-dir <scratch>/marcell_deciduous_mn__GSI-2634/output --legacy-sidecar-discovery --direct-production-executor
marcell_deciduous_mn__GSI-2635,marcell,deciduous,marcell_deciduous_mn,GSI-2635,PASS,8f1995b8f61ac1008023ebc8438564176d6de975347d80c294d7e51643c2f6b1,38710947,8cafae40c9fd85695157ed4baa2ad4e8f7f1c87b685ad9c690d9942a4b5eb4c8,1144781,EPHEMERAL_PATH_BEARING_NOT_RETAINED,/home/workdir/openWEPP/target/release/openwepp-cli-hill --run-dir <scratch>/marcell_deciduous_mn__GSI-2635/fixture --run-file p15.native.run.toml --output-dir <scratch>/marcell_deciduous_mn__GSI-2635/output --legacy-sidecar-discovery --direct-production-executor
marcell_deciduous_mn__GSI-2636,marcell,deciduous,marcell_deciduous_mn,GSI-2636,PASS,ae31fafe203b597eaf411acf7385e3d9cb02290a1d65a48045f9f2070d29004e,38714558,f152393126d7759a02862582798c6c1c7c7c3f46abb38964f2333f7210f468b0,1144969,EPHEMERAL_PATH_BEARING_NOT_RETAINED,/home/workdir/openWEPP/target/release/openwepp-cli-hill --run-dir <scratch>/marcell_deciduous_mn__GSI-2636/fixture --run-file p15.native.run.toml --output-dir <scratch>/marcell_deciduous_mn__GSI-2636/output --legacy-sidecar-discovery --direct-production-executor
marcell_deciduous_mn__GSI-2638,marcell,deciduous,marcell_deciduous_mn,GSI-2638,PASS,ee615c2409a6e020e53c9bac7fb667994817f838eab22db2d6e7aca2dd542dda,38183694,573151466ddf27e4e5671890c28aa3967f0c7b68f3a5910bba6ab020739810d4,1121916,EPHEMERAL_PATH_BEARING_NOT_RETAINED,/home/workdir/openWEPP/target/release/openwepp-cli-hill --run-dir <scratch>/marcell_deciduous_mn__GSI-2638/fixture --run-file p15.native.run.toml --output-dir <scratch>/marcell_deciduous_mn__GSI-2638/output --legacy-sidecar-discovery --direct-production-executor
marcell_deciduous_mn__GSI-3941,marcell,deciduous,marcell_deciduous_mn,GSI-3941,PASS,c59d3f64c0f43b244ee9eb3316621e00d4134d6cd46c45be543ae865bf6a05b2,38103375,de749317f6b634bd750f76006c92836a4bb2b0475a7582e50402263f16dd9828,1119313,EPHEMERAL_PATH_BEARING_NOT_RETAINED,/home/workdir/openWEPP/target/release/openwepp-cli-hill --run-dir <scratch>/marcell_deciduous_mn__GSI-3941/fixture --run-file p15.native.run.toml --output-dir <scratch>/marcell_deciduous_mn__GSI-3941/output --legacy-sidecar-discovery --direct-production-executor
marcell_deciduous_mn__GSI-3942,marcell,deciduous,marcell_deciduous_mn,GSI-3942,PASS,9595f37a3ddcced0d8bba7043b68dafce52918ebc24d0d09fb34fb49d2129921,38114875,8fe75889df7683d69df69346c8c350cdaa125496e0f9f72d02f1805faf4cf4aa,1119331,EPHEMERAL_PATH_BEARING_NOT_RETAINED,/home/workdir/openWEPP/target/release/openwepp-cli-hill --run-dir <scratch>/marcell_deciduous_mn__GSI-3942/fixture --run-file p15.native.run.toml --output-dir <scratch>/marcell_deciduous_mn__GSI-3942/output --legacy-sidecar-discovery --direct-production-executor
marcell_deciduous_mn__GSI-3962,marcell,deciduous,marcell_deciduous_mn,GSI-3962,PASS,9497d4f395a31edc3eb55d82eae9fcc44745a19203bfcf9f97a1163c48f3f47a,38027392,ee22075fcfc63a9754b4b0df0814553c169dd621387f876b545931762af39b6e,1119095,EPHEMERAL_PATH_BEARING_NOT_RETAINED,/home/workdir/openWEPP/target/release/openwepp-cli-hill --run-dir <scratch>/marcell_deciduous_mn__GSI-3962/fixture --run-file p15.native.run.toml --output-dir <scratch>/marcell_deciduous_mn__GSI-3962/output --legacy-sidecar-discovery --direct-production-executor
marcell_deciduous_mn__GSI-3963,marcell,deciduous,marcell_deciduous_mn,GSI-3963,PASS,017497e8e45b76584e1982db773896a1355773cf15c6f99931724b0afa7d984e,38019295,ff6ce2474f70eaca0487bb8ac909394b721801df7e1ed060499d4b3490a64734,1119350,EPHEMERAL_PATH_BEARING_NOT_RETAINED,/home/workdir/openWEPP/target/release/openwepp-cli-hill --run-dir <scratch>/marcell_deciduous_mn__GSI-3963/fixture --run-file p15.native.run.toml --output-dir <scratch>/marcell_deciduous_mn__GSI-3963/output --legacy-sidecar-discovery --direct-production-executor
marcell_deciduous_mn__GSI-4372,marcell,deciduous,marcell_deciduous_mn,GSI-4372,PASS,98820cb264f59da3726bfd97987020027dabe60a7ceade0e61565587426a2d45,38756256,42ff82664a8f4066abeb7adbf5f76c64f2e037096b82300d2f24a26db9d3adbe,1147014,EPHEMERAL_PATH_BEARING_NOT_RETAINED,/home/workdir/openWEPP/target/release/openwepp-cli-hill --run-dir <scratch>/marcell_deciduous_mn__GSI-4372/fixture --run-file p15.native.run.toml --output-dir <scratch>/marcell_deciduous_mn__GSI-4372/output --legacy-sidecar-discovery --direct-production-executor
marcell_deciduous_mn__GSI-4377,marcell,deciduous,marcell_deciduous_mn,GSI-4377,PASS,dc2e81ac3a1fa1d603ed24be27d638212061034504b17a4a0d37227bfa36cd3a,38640866,83a174f2c03c421f1289c03d5ef800d8c1fd29d582ebcaa9085d09b5e7e2e994,1142064,EPHEMERAL_PATH_BEARING_NOT_RETAINED,/home/workdir/openWEPP/target/release/openwepp-cli-hill --run-dir <scratch>/marcell_deciduous_mn__GSI-4377/fixture --run-file p15.native.run.toml --output-dir <scratch>/marcell_deciduous_mn__GSI-4377/output --legacy-sidecar-discovery --direct-production-executor
marcell_deciduous_mn__GSI-4393,marcell,deciduous,marcell_deciduous_mn,GSI-4393,PASS,7d129d2ee52fa46e31e9ae3bf04592904228da739f36fd10c8a42571ec27f316,38682148,d54c4486ee3bb0a9368b658114f83c4606fd42c59cc7348b47545ed821daae32,1146938,EPHEMERAL_PATH_BEARING_NOT_RETAINED,/home/workdir/openWEPP/target/release/openwepp-cli-hill --run-dir <scratch>/marcell_deciduous_mn__GSI-4393/fixture --run-file p15.native.run.toml --output-dir <scratch>/marcell_deciduous_mn__GSI-4393/output --legacy-sidecar-discovery --direct-production-executor
marcell_deciduous_mn__GSI-4394,marcell,deciduous,marcell_deciduous_mn,GSI-4394,PASS,eb755e0d99043b9e8f1cb9e8a28f37c49ca3289caef3e01bb77e8c033010e9d5,38687871,030eb27034f0119bf1a8e6f50cc5b53d5f69e3028444e52edfe15f41ff9f7613,1146333,EPHEMERAL_PATH_BEARING_NOT_RETAINED,/home/workdir/openWEPP/target/release/openwepp-cli-hill --run-dir <scratch>/marcell_deciduous_mn__GSI-4394/fixture --run-file p15.native.run.toml --output-dir <scratch>/marcell_deciduous_mn__GSI-4394/output --legacy-sidecar-discovery --direct-production-executor
marcell_deciduous_mn__GSI-4395,marcell,deciduous,marcell_deciduous_mn,GSI-4395,PASS,42af5118b2d589125b1b231e48d909c45798fc68eccc34762f9e2061263bebe1,38696074,549b32da26e5ac7ef369c0043caf3e3b453703cdd43a0e9eaac540d59e51cc85,1146145,EPHEMERAL_PATH_BEARING_NOT_RETAINED,/home/workdir/openWEPP/target/release/openwepp-cli-hill --run-dir <scratch>/marcell_deciduous_mn__GSI-4395/fixture --run-file p15.native.run.toml --output-dir <scratch>/marcell_deciduous_mn__GSI-4395/output --legacy-sidecar-discovery --direct-production-executor
marcell_deciduous_mn__GSI-4398,marcell,deciduous,marcell_deciduous_mn,GSI-4398,PASS,3720ff6d8352ab7a0becdebf10d1c0fc1e39ddbc1df4811ca3e6d87b5e41f074,38571095,43026fe7d4841d7710a36c04f328807eb1f5d5daad62002f4d612b301ddae18f,1142808,EPHEMERAL_PATH_BEARING_NOT_RETAINED,/home/workdir/openWEPP/target/release/openwepp-cli-hill --run-dir <scratch>/marcell_deciduous_mn__GSI-4398/fixture --run-file p15.native.run.toml --output-dir <scratch>/marcell_deciduous_mn__GSI-4398/output --legacy-sidecar-discovery --direct-production-executor
marcell_deciduous_mn__GSI-4399,marcell,deciduous,marcell_deciduous_mn,GSI-4399,PASS,57e8db9af8126c377c494a681875824697f73b8a71ed029d7b4a25023b0e1697,38580418,38f7ab178a2d5a6846cbf4dbdfc544618a7abb91b5c75bb08885b0dc6c41843a,1142053,EPHEMERAL_PATH_BEARING_NOT_RETAINED,/home/workdir/openWEPP/target/release/openwepp-cli-hill --run-dir <scratch>/marcell_deciduous_mn__GSI-4399/fixture --run-file p15.native.run.toml --output-dir <scratch>/marcell_deciduous_mn__GSI-4399/output --legacy-sidecar-discovery --direct-production-executor
marcell_deciduous_mn__GSI-4400,marcell,deciduous,marcell_deciduous_mn,GSI-4400,PASS,397f74844d4da664b5b155497fee36ac07bb77d22de796839c31158ac981967a,38584349,4dd2d09b4645147a2a5c1d9258ef1425a33f83dd40ffc635431ea4d664bb3390,1141539,EPHEMERAL_PATH_BEARING_NOT_RETAINED,/home/workdir/openWEPP/target/release/openwepp-cli-hill --run-dir <scratch>/marcell_deciduous_mn__GSI-4400/fixture --run-file p15.native.run.toml --output-dir <scratch>/marcell_deciduous_mn__GSI-4400/output --legacy-sidecar-discovery --direct-production-executor
marcell_deciduous_mn__GSI-4402,marcell,deciduous,marcell_deciduous_mn,GSI-4402,PASS,7ae02061f5087d15b1ae3479efb79375139252b5d862e74eda00ae6837457fcf,38073823,647a4befa057e85db5df6aa5db48367248c444e6c995fcf856e1c368b64af514,1120311,EPHEMERAL_PATH_BEARING_NOT_RETAINED,/home/workdir/openWEPP/target/release/openwepp-cli-hill --run-dir <scratch>/marcell_deciduous_mn__GSI-4402/fixture --run-file p15.native.run.toml --output-dir <scratch>/marcell_deciduous_mn__GSI-4402/output --legacy-sidecar-discovery --direct-production-executor
marcell_deciduous_mn__GSI-4831,marcell,deciduous,marcell_deciduous_mn,GSI-4831,PASS,65a211401191d12c2380edc7708c85f188d93a8c465af3e99d45224ff8eab839,38666822,a71bb8cb02cff8a1424f95f952475ababd7f1cd0258c5e3e16d13bbc60af904c,1146955,EPHEMERAL_PATH_BEARING_NOT_RETAINED,/home/workdir/openWEPP/target/release/openwepp-cli-hill --run-dir <scratch>/marcell_deciduous_mn__GSI-4831/fixture --run-file p15.native.run.toml --output-dir <scratch>/marcell_deciduous_mn__GSI-4831/output --legacy-sidecar-discovery --direct-production-executor
marcell_deciduous_mn__GSI-4832,marcell,deciduous,marcell_deciduous_mn,GSI-4832,PASS,9c07be5f6c4117d70e75cdf483770768865ed345234fe268403d11fee1389f41,38672133,352b0489eb919ed6b7aa2c8136881407faec8d4b11b506a584ee67cd0f7ef5a9,1146600,EPHEMERAL_PATH_BEARING_NOT_RETAINED,/home/workdir/openWEPP/target/release/openwepp-cli-hill --run-dir <scratch>/marcell_deciduous_mn__GSI-4832/fixture --run-file p15.native.run.toml --output-dir <scratch>/marcell_deciduous_mn__GSI-4832/output --legacy-sidecar-discovery --direct-production-executor
marcell_deciduous_mn__GSI-4833,marcell,deciduous,marcell_deciduous_mn,GSI-4833,PASS,80018d1a01b571948b1424a029cd30829338800185e456952ef815d807b9120f,38691401,f63203ee2524b906b5c8737c7ecf4b3492c6bca5d58ded936d636c3014c30ad5,1147038,EPHEMERAL_PATH_BEARING_NOT_RETAINED,/home/workdir/openWEPP/target/release/openwepp-cli-hill --run-dir <scratch>/marcell_deciduous_mn__GSI-4833/fixture --run-file p15.native.run.toml --output-dir <scratch>/marcell_deciduous_mn__GSI-4833/output --legacy-sidecar-discovery --direct-production-executor
marcell_deciduous_mn__GSI-4837,marcell,deciduous,marcell_deciduous_mn,GSI-4837,PASS,8b359e5ae46575f20308f9986c31111989f81334611c780e432bcbb67bdbd3f3,38563737,60a7aa396d4d6fe92dd12b8ba3a6194538020d8d4a3cdbe6bba047ce43c1f4de,1140987,EPHEMERAL_PATH_BEARING_NOT_RETAINED,/home/workdir/openWEPP/target/release/openwepp-cli-hill --run-dir <scratch>/marcell_deciduous_mn__GSI-4837/fixture --run-file p15.native.run.toml --output-dir <scratch>/marcell_deciduous_mn__GSI-4837/output --legacy-sidecar-discovery --direct-production-executor
marcell_deciduous_mn__GSI-4838,marcell,deciduous,marcell_deciduous_mn,GSI-4838,PASS,53b353c77e21449e366ea481a59254963bf38323716c0266491d1eb841755a64,38590250,5708cc81fb28ba081a54d219d91d3a57ab81ac3c5e34ff8815648cfed9d19dbe,1142660,EPHEMERAL_PATH_BEARING_NOT_RETAINED,/home/workdir/openWEPP/target/release/openwepp-cli-hill --run-dir <scratch>/marcell_deciduous_mn__GSI-4838/fixture --run-file p15.native.run.toml --output-dir <scratch>/marcell_deciduous_mn__GSI-4838/output --legacy-sidecar-discovery --direct-production-executor
marcell_deciduous_mn__GSI-4842,marcell,deciduous,marcell_deciduous_mn,GSI-4842,PASS,b377d2b1ae85304adaeebfdde62778f63eb22c7cd0265440970f29f92f03a32b,38091176,7cee6ea5396f475b510cfba83aed6d8157813d46314e2e784cb8194541a37fd6,1120818,EPHEMERAL_PATH_BEARING_NOT_RETAINED,/home/workdir/openWEPP/target/release/openwepp-cli-hill --run-dir <scratch>/marcell_deciduous_mn__GSI-4842/fixture --run-file p15.native.run.toml --output-dir <scratch>/marcell_deciduous_mn__GSI-4842/output --legacy-sidecar-discovery --direct-production-executor
marcell_deciduous_mn__GSI-5695,marcell,deciduous,marcell_deciduous_mn,GSI-5695,PASS,05183fc2f7e059e6403a8c6b205d9d2b6724ba77bdc3c2eaffaf54c8a745576c,38520107,93a7075c84149d953b3d179f92f977ee4f9fc604868f73c84a54da2d0e794b49,1144937,EPHEMERAL_PATH_BEARING_NOT_RETAINED,/home/workdir/openWEPP/target/release/openwepp-cli-hill --run-dir <scratch>/marcell_deciduous_mn__GSI-5695/fixture --run-file p15.native.run.toml --output-dir <scratch>/marcell_deciduous_mn__GSI-5695/output --legacy-sidecar-discovery --direct-production-executor
marcell_deciduous_mn__GSI-5700,marcell,deciduous,marcell_deciduous_mn,GSI-5700,PASS,695ea16f5c7ba7634c63a58943b486b5601c32b7e4c03b437efc8579c7147fe4,38421331,52fcc33a84ea3f92235038cf85fa62ac70eec8de547bba2c0ec3fb2031581980,1140216,EPHEMERAL_PATH_BEARING_NOT_RETAINED,/home/workdir/openWEPP/target/release/openwepp-cli-hill --run-dir <scratch>/marcell_deciduous_mn__GSI-5700/fixture --run-file p15.native.run.toml --output-dir <scratch>/marcell_deciduous_mn__GSI-5700/output --legacy-sidecar-discovery --direct-production-executor
marcell_deciduous_mn__GSI-5716,marcell,deciduous,marcell_deciduous_mn,GSI-5716,PASS,64abef653c44f4167b413f5bb7a4600c9a78324312f89a8b5e674632d722522d,38426050,a2f237c12e728babe43814c4f77ce5d5197aeeef9872b37b533b806303afc85e,1143668,EPHEMERAL_PATH_BEARING_NOT_RETAINED,/home/workdir/openWEPP/target/release/openwepp-cli-hill --run-dir <scratch>/marcell_deciduous_mn__GSI-5716/fixture --run-file p15.native.run.toml --output-dir <scratch>/marcell_deciduous_mn__GSI-5716/output --legacy-sidecar-discovery --direct-production-executor
marcell_deciduous_mn__GSI-5717,marcell,deciduous,marcell_deciduous_mn,GSI-5717,PASS,576e573fe4b660c6a9e4cd235ab8d1526e448897fa78f9cbe63e3f54db39ae4d,38450627,d150f05bfd4494e80630885d8b7b92c2874e30b7b713905e5ac6fd2668bc97ab,1144118,EPHEMERAL_PATH_BEARING_NOT_RETAINED,/home/workdir/openWEPP/target/release/openwepp-cli-hill --run-dir <scratch>/marcell_deciduous_mn__GSI-5717/fixture --run-file p15.native.run.toml --output-dir <scratch>/marcell_deciduous_mn__GSI-5717/output --legacy-sidecar-discovery --direct-production-executor
marcell_deciduous_mn__GSI-5718,marcell,deciduous,marcell_deciduous_mn,GSI-5718,PASS,ad5ef1d4cfb63de08c2045f827d5acc17f8fe526b7dfd1931e4e9b2a27ac8797,38456413,a8b81e63aab13d9eea6f5007fee380782d59e7abcfd4cb12b9ba1756680dbf09,1144182,EPHEMERAL_PATH_BEARING_NOT_RETAINED,/home/workdir/openWEPP/target/release/openwepp-cli-hill --run-dir <scratch>/marcell_deciduous_mn__GSI-5718/fixture --run-file p15.native.run.toml --output-dir <scratch>/marcell_deciduous_mn__GSI-5718/output --legacy-sidecar-discovery --direct-production-executor
marcell_deciduous_mn__GSI-5721,marcell,deciduous,marcell_deciduous_mn,GSI-5721,PASS,76c57da3ede9d34db793d39f64894009f62753a3055edb40ad0d77a9300bfbc1,38327326,1446c444f6407826bd876b297493df39367fcb09fcae14917f07f4bf431dc060,1138971,EPHEMERAL_PATH_BEARING_NOT_RETAINED,/home/workdir/openWEPP/target/release/openwepp-cli-hill --run-dir <scratch>/marcell_deciduous_mn__GSI-5721/fixture --run-file p15.native.run.toml --output-dir <scratch>/marcell_deciduous_mn__GSI-5721/output --legacy-sidecar-discovery --direct-production-executor
marcell_deciduous_mn__GSI-5722,marcell,deciduous,marcell_deciduous_mn,GSI-5722,PASS,e797bcb140c3f6be048549f625594056a9ace02ea4725e48494bb0ede11909a8,38354110,6f01b7780e9e3c46a0986b34e264e28a7313028a09e58c7a8f30112ee43af541,1139616,EPHEMERAL_PATH_BEARING_NOT_RETAINED,/home/workdir/openWEPP/target/release/openwepp-cli-hill --run-dir <scratch>/marcell_deciduous_mn__GSI-5722/fixture --run-file p15.native.run.toml --output-dir <scratch>/marcell_deciduous_mn__GSI-5722/output --legacy-sidecar-discovery --direct-production-executor
marcell_deciduous_mn__GSI-5723,marcell,deciduous,marcell_deciduous_mn,GSI-5723,PASS,da535b4b66587a06ca79ef26f77e0d31e75bd5f84c62e94e4908596ea7b7eedb,38354680,b73e65ea14eaad4d6a95f4663abd5f9feb0ca6f8411a5fc1a4ccfbe63c193c0e,1139286,EPHEMERAL_PATH_BEARING_NOT_RETAINED,/home/workdir/openWEPP/target/release/openwepp-cli-hill --run-dir <scratch>/marcell_deciduous_mn__GSI-5723/fixture --run-file p15.native.run.toml --output-dir <scratch>/marcell_deciduous_mn__GSI-5723/output --legacy-sidecar-discovery --direct-production-executor
marcell_deciduous_mn__GSI-5725,marcell,deciduous,marcell_deciduous_mn,GSI-5725,PASS,ebe84b1110c5a43c349997d7856713dc1b2169860ea4be784c8e5dce71853cd7,37886598,b81d93209f9ef34d85db7a16448f5bfde312a4b5c69af7b815dea85d74155ce4,1116883,EPHEMERAL_PATH_BEARING_NOT_RETAINED,/home/workdir/openWEPP/target/release/openwepp-cli-hill --run-dir <scratch>/marcell_deciduous_mn__GSI-5725/fixture --run-file p15.native.run.toml --output-dir <scratch>/marcell_deciduous_mn__GSI-5725/output --legacy-sidecar-discovery --direct-production-executor
marcell_mixed_mn__GSI-2198,marcell,mixed,marcell_mixed_mn,GSI-2198,PASS,288cf186333bf915dc2597a9fbdbc9182e0e564e58150059683e322b9dd4b3dc,38971536,afc75974f66b4138d4850fe69d9674ab4ced29b3589509d758250d5adcc55696,1182441,EPHEMERAL_PATH_BEARING_NOT_RETAINED,/home/workdir/openWEPP/target/release/openwepp-cli-hill --run-dir <scratch>/marcell_mixed_mn__GSI-2198/fixture --run-file p10.native.run.toml --output-dir <scratch>/marcell_mixed_mn__GSI-2198/output --legacy-sidecar-discovery --direct-production-executor
marcell_mixed_mn__GSI-2199,marcell,mixed,marcell_mixed_mn,GSI-2199,PASS,83d5d4b2f044fb67b32098a1abba37f5eac38e2958c2db0fd98d9cbc8b6571af,38958941,8326a5292327472c2499592a7f357a1f56f30151a1a564218cc3426f14d4f0c0,1182084,EPHEMERAL_PATH_BEARING_NOT_RETAINED,/home/workdir/openWEPP/target/release/openwepp-cli-hill --run-dir <scratch>/marcell_mixed_mn__GSI-2199/fixture --run-file p10.native.run.toml --output-dir <scratch>/marcell_mixed_mn__GSI-2199/output --legacy-sidecar-discovery --direct-production-executor
marcell_mixed_mn__GSI-2629,marcell,mixed,marcell_mixed_mn,GSI-2629,PASS,2703d5ea27f06c8532f353187c05c2f5b5cb0d1e6ad35579ae6a87fc5072a0ae,39495213,bfbdf363336456df1d36132318012b10291f2585ed09090ac7677c7024aa079f,1186244,EPHEMERAL_PATH_BEARING_NOT_RETAINED,/home/workdir/openWEPP/target/release/openwepp-cli-hill --run-dir <scratch>/marcell_mixed_mn__GSI-2629/fixture --run-file p10.native.run.toml --output-dir <scratch>/marcell_mixed_mn__GSI-2629/output --legacy-sidecar-discovery --direct-production-executor
marcell_mixed_mn__GSI-2630,marcell,mixed,marcell_mixed_mn,GSI-2630,PASS,477db5e45f0be81ab8a48ac414de70862bec7facf73e598258ed1fe02983f416,39534706,eacfe34a4ba97da8cc5c752dadd05ddc671750fe7d54cd24a4b828d4e1d72e51,1186316,EPHEMERAL_PATH_BEARING_NOT_RETAINED,/home/workdir/openWEPP/target/release/openwepp-cli-hill --run-dir <scratch>/marcell_mixed_mn__GSI-2630/fixture --run-file p10.native.run.toml --output-dir <scratch>/marcell_mixed_mn__GSI-2630/output --legacy-sidecar-discovery --direct-production-executor
marcell_mixed_mn__GSI-2631,marcell,mixed,marcell_mixed_mn,GSI-2631,PASS,b1194e4ec947a437f5588abd10fdf2827e49a2383e25ffa309a03452589c0301,39535238,92ac90e9b2577effc2f9092e1576083ff3eaad1617291b5db738978e4a79f9bf,1186241,EPHEMERAL_PATH_BEARING_NOT_RETAINED,/home/workdir/openWEPP/target/release/openwepp-cli-hill --run-dir <scratch>/marcell_mixed_mn__GSI-2631/fixture --run-file p10.native.run.toml --output-dir <scratch>/marcell_mixed_mn__GSI-2631/output --legacy-sidecar-discovery --direct-production-executor
marcell_mixed_mn__GSI-2634,marcell,mixed,marcell_mixed_mn,GSI-2634,PASS,d3fc8d20f3987c222eeb0fa7326b87ed6bd50a39eaa7724bac8d625f7b11ae14,39431742,f43f9b72f367447ac8cf8f1b4a7e954b751165da97657de59ca64af59dbe7b5e,1185617,EPHEMERAL_PATH_BEARING_NOT_RETAINED,/home/workdir/openWEPP/target/release/openwepp-cli-hill --run-dir <scratch>/marcell_mixed_mn__GSI-2634/fixture --run-file p10.native.run.toml --output-dir <scratch>/marcell_mixed_mn__GSI-2634/output --legacy-sidecar-discovery --direct-production-executor
marcell_mixed_mn__GSI-2635,marcell,mixed,marcell_mixed_mn,GSI-2635,PASS,2b136b64effb7d13413067ed0aa89777c9a5f79033e697779ed68088f6a7c3f0,39446167,0a706ab419333fa9783b0a5f26cc47aa05e1e719a6684fdfef95a7b2184959a2,1185320,EPHEMERAL_PATH_BEARING_NOT_RETAINED,/home/workdir/openWEPP/target/release/openwepp-cli-hill --run-dir <scratch>/marcell_mixed_mn__GSI-2635/fixture --run-file p10.native.run.toml --output-dir <scratch>/marcell_mixed_mn__GSI-2635/output --legacy-sidecar-discovery --direct-production-executor
marcell_mixed_mn__GSI-2636,marcell,mixed,marcell_mixed_mn,GSI-2636,PASS,522aef3e7acf9face0bcc0fa0f101a807f84ae507c18075efda3ee237b05eb54,39446632,801bb6b7d947857cd1e82dcb475d853fa407b8a2511cb07ab0bc1b8e7820619d,1185685,EPHEMERAL_PATH_BEARING_NOT_RETAINED,/home/workdir/openWEPP/target/release/openwepp-cli-hill --run-dir <scratch>/marcell_mixed_mn__GSI-2636/fixture --run-file p10.native.run.toml --output-dir <scratch>/marcell_mixed_mn__GSI-2636/output --legacy-sidecar-discovery --direct-production-executor
marcell_mixed_mn__GSI-2638,marcell,mixed,marcell_mixed_mn,GSI-2638,PASS,605b4e6c249537f97c22a1683521ea97b812434fa5e1aaf13cb00fda4c88443b,39047394,4608a6ebe006f13ec44e8da70b9ae26d61e076fe0bf1d53c0c9f9abb249c8609,1182228,EPHEMERAL_PATH_BEARING_NOT_RETAINED,/home/workdir/openWEPP/target/release/openwepp-cli-hill --run-dir <scratch>/marcell_mixed_mn__GSI-2638/fixture --run-file p10.native.run.toml --output-dir <scratch>/marcell_mixed_mn__GSI-2638/output --legacy-sidecar-discovery --direct-production-executor
marcell_mixed_mn__GSI-3941,marcell,mixed,marcell_mixed_mn,GSI-3941,PASS,2db96a96008fd99aeb54122b35c36e2d9271dd3704fdfd8d1fb6f6002d97ef73,38947108,46dcdcd1190ee9f52de60c37dec60658ea8589ecc686a18d13d6ba8e3dc47213,1182620,EPHEMERAL_PATH_BEARING_NOT_RETAINED,/home/workdir/openWEPP/target/release/openwepp-cli-hill --run-dir <scratch>/marcell_mixed_mn__GSI-3941/fixture --run-file p10.native.run.toml --output-dir <scratch>/marcell_mixed_mn__GSI-3941/output --legacy-sidecar-discovery --direct-production-executor
marcell_mixed_mn__GSI-3942,marcell,mixed,marcell_mixed_mn,GSI-3942,PASS,26fb567f59b60ddcc92ab281643606f1e40c753e90741ea3c27edbdafe60a0ab,38945854,8b3ed9468ef09ec4a24368773f521a7cb4663a155d9a6d06985b5ac91cdd5d82,1182609,EPHEMERAL_PATH_BEARING_NOT_RETAINED,/home/workdir/openWEPP/target/release/openwepp-cli-hill --run-dir <scratch>/marcell_mixed_mn__GSI-3942/fixture --run-file p10.native.run.toml --output-dir <scratch>/marcell_mixed_mn__GSI-3942/output --legacy-sidecar-discovery --direct-production-executor
marcell_mixed_mn__GSI-3962,marcell,mixed,marcell_mixed_mn,GSI-3962,PASS,2ba5ac6bd138cb631d5829d2d7d881d7e45867b1a65056eb0cfb44025b89bc8d,38851090,493b2b88cdaba175fbc9b99444be776847c7f68aaa5b88b82cd2888aef3aae06,1181161,EPHEMERAL_PATH_BEARING_NOT_RETAINED,/home/workdir/openWEPP/target/release/openwepp-cli-hill --run-dir <scratch>/marcell_mixed_mn__GSI-3962/fixture --run-file p10.native.run.toml --output-dir <scratch>/marcell_mixed_mn__GSI-3962/output --legacy-sidecar-discovery --direct-production-executor
marcell_mixed_mn__GSI-3963,marcell,mixed,marcell_mixed_mn,GSI-3963,PASS,71fd7e367dbc16bad343e9a46f97facb0d9b09364f02f103fbedf3ada64e28d1,38857297,cd09078d92b748eadb07d73a740ae1c645aa1bd846fad179c467798a14518f1c,1181207,EPHEMERAL_PATH_BEARING_NOT_RETAINED,/home/workdir/openWEPP/target/release/openwepp-cli-hill --run-dir <scratch>/marcell_mixed_mn__GSI-3963/fixture --run-file p10.native.run.toml --output-dir <scratch>/marcell_mixed_mn__GSI-3963/output --legacy-sidecar-discovery --direct-production-executor
marcell_mixed_mn__GSI-4372,marcell,mixed,marcell_mixed_mn,GSI-4372,PASS,741fdb650b9fb3d2cc29ece6da7250b874924867bd7a2079fcfdc8f5a4566635,39448324,936a9f3d711243ad3a79868de3bc5d3193e0e8b3188940a949f1e15759b691a3,1187597,EPHEMERAL_PATH_BEARING_NOT_RETAINED,/home/workdir/openWEPP/target/release/openwepp-cli-hill --run-dir <scratch>/marcell_mixed_mn__GSI-4372/fixture --run-file p10.native.run.toml --output-dir <scratch>/marcell_mixed_mn__GSI-4372/output --legacy-sidecar-discovery --direct-production-executor
marcell_mixed_mn__GSI-4377,marcell,mixed,marcell_mixed_mn,GSI-4377,PASS,05ea375095f107cedb8854aa14dc3f23625f5cdf28f0396008620b47b80a25a5,39359007,35e5b12c3fb8874cb1930a83d8bf42701ea193df17b0763104974965ab42143f,1186703,EPHEMERAL_PATH_BEARING_NOT_RETAINED,/home/workdir/openWEPP/target/release/openwepp-cli-hill --run-dir <scratch>/marcell_mixed_mn__GSI-4377/fixture --run-file p10.native.run.toml --output-dir <scratch>/marcell_mixed_mn__GSI-4377/output --legacy-sidecar-discovery --direct-production-executor
marcell_mixed_mn__GSI-4393,marcell,mixed,marcell_mixed_mn,GSI-4393,PASS,fe24ae03a0a4d0f790d2dcbc83b62c8cf4c7e5cd79650742c4075851c43cbc5a,39376731,530ea4917a37109ed46b48670366b363a4ac3f5ec8ab40809382d3be2ee5d48b,1186369,EPHEMERAL_PATH_BEARING_NOT_RETAINED,/home/workdir/openWEPP/target/release/openwepp-cli-hill --run-dir <scratch>/marcell_mixed_mn__GSI-4393/fixture --run-file p10.native.run.toml --output-dir <scratch>/marcell_mixed_mn__GSI-4393/output --legacy-sidecar-discovery --direct-production-executor
marcell_mixed_mn__GSI-4394,marcell,mixed,marcell_mixed_mn,GSI-4394,PASS,6b926fe7dc69bfc3add8413bb350c997dd6fef1bf7c43aa9dab6738c2de78611,39396185,7235c37dc90edab5df96506fe03d0992ece7fc14bddf8b0d034038a91ced2ef6,1187016,EPHEMERAL_PATH_BEARING_NOT_RETAINED,/home/workdir/openWEPP/target/release/openwepp-cli-hill --run-dir <scratch>/marcell_mixed_mn__GSI-4394/fixture --run-file p10.native.run.toml --output-dir <scratch>/marcell_mixed_mn__GSI-4394/output --legacy-sidecar-discovery --direct-production-executor
marcell_mixed_mn__GSI-4395,marcell,mixed,marcell_mixed_mn,GSI-4395,PASS,68912fdd7b72be65d51d220a90beec6ce01a980dc016f2338bd3492fb21d7c14,39401684,4c86180457278a9825dc859d14b588f1f934950f0bcfde45fd24d99398477788,1186904,EPHEMERAL_PATH_BEARING_NOT_RETAINED,/home/workdir/openWEPP/target/release/openwepp-cli-hill --run-dir <scratch>/marcell_mixed_mn__GSI-4395/fixture --run-file p10.native.run.toml --output-dir <scratch>/marcell_mixed_mn__GSI-4395/output --legacy-sidecar-discovery --direct-production-executor
marcell_mixed_mn__GSI-4398,marcell,mixed,marcell_mixed_mn,GSI-4398,PASS,313731c068973b9bfe3224cecc34473a36e097ca5a8ff119dacf0261729db34c,39287817,c8f55856dc2d9517b6b74f55af5347cec63dea44dafbcafa1d179987b747e272,1185695,EPHEMERAL_PATH_BEARING_NOT_RETAINED,/home/workdir/openWEPP/target/release/openwepp-cli-hill --run-dir <scratch>/marcell_mixed_mn__GSI-4398/fixture --run-file p10.native.run.toml --output-dir <scratch>/marcell_mixed_mn__GSI-4398/output --legacy-sidecar-discovery --direct-production-executor
marcell_mixed_mn__GSI-4399,marcell,mixed,marcell_mixed_mn,GSI-4399,PASS,b06af57262a0de1a45917e532f0b58c67ce810cd4f76c21fa1f5a55d6871f990,39306012,fcbea9ee11b7e0f667aff384d74f6dce0725490466ce540ca42abe07c8e2d008,1186399,EPHEMERAL_PATH_BEARING_NOT_RETAINED,/home/workdir/openWEPP/target/release/openwepp-cli-hill --run-dir <scratch>/marcell_mixed_mn__GSI-4399/fixture --run-file p10.native.run.toml --output-dir <scratch>/marcell_mixed_mn__GSI-4399/output --legacy-sidecar-discovery --direct-production-executor
marcell_mixed_mn__GSI-4400,marcell,mixed,marcell_mixed_mn,GSI-4400,PASS,6a9b53c2ec76f222a74791ba08764dfeb148241b035b195c6d8eb61659400479,39314000,b15aac15518ce48c659d55e2406e6d24bbb12b68269d72f6e9a31ff4fb6b5bac,1186517,EPHEMERAL_PATH_BEARING_NOT_RETAINED,/home/workdir/openWEPP/target/release/openwepp-cli-hill --run-dir <scratch>/marcell_mixed_mn__GSI-4400/fixture --run-file p10.native.run.toml --output-dir <scratch>/marcell_mixed_mn__GSI-4400/output --legacy-sidecar-discovery --direct-production-executor
marcell_mixed_mn__GSI-4402,marcell,mixed,marcell_mixed_mn,GSI-4402,PASS,d303f9f867ca70e7590e3db5186fa3887ce42aac7a369765bd58835da97d9683,38913927,0a1b502c7e62436e2ae3f30ff9a7b98d75d2313f120750b13dd46dec54688d05,1182489,EPHEMERAL_PATH_BEARING_NOT_RETAINED,/home/workdir/openWEPP/target/release/openwepp-cli-hill --run-dir <scratch>/marcell_mixed_mn__GSI-4402/fixture --run-file p10.native.run.toml --output-dir <scratch>/marcell_mixed_mn__GSI-4402/output --legacy-sidecar-discovery --direct-production-executor
marcell_mixed_mn__GSI-4831,marcell,mixed,marcell_mixed_mn,GSI-4831,PASS,1afad361fcdc58a94a5d1bf3de072fdce6d8c527c42e39a658f91edc05cfee3a,39267173,6edbd6601a50cf6f1c35a8b55ed835e41923e6f48bb202793a38f6c29dd2175b,1186101,EPHEMERAL_PATH_BEARING_NOT_RETAINED,/home/workdir/openWEPP/target/release/openwepp-cli-hill --run-dir <scratch>/marcell_mixed_mn__GSI-4831/fixture --run-file p10.native.run.toml --output-dir <scratch>/marcell_mixed_mn__GSI-4831/output --legacy-sidecar-discovery --direct-production-executor
marcell_mixed_mn__GSI-4832,marcell,mixed,marcell_mixed_mn,GSI-4832,PASS,c755fa1919efd34fc4f973fc8298168c1359132fcc24c3f1e98b18c7790534de,39325876,d43c51c12d877674fdb3b485ab6fbe432e292218103009048d36f5648c2f1ea4,1186519,EPHEMERAL_PATH_BEARING_NOT_RETAINED,/home/workdir/openWEPP/target/release/openwepp-cli-hill --run-dir <scratch>/marcell_mixed_mn__GSI-4832/fixture --run-file p10.native.run.toml --output-dir <scratch>/marcell_mixed_mn__GSI-4832/output --legacy-sidecar-discovery --direct-production-executor
marcell_mixed_mn__GSI-4833,marcell,mixed,marcell_mixed_mn,GSI-4833,PASS,b691da151ae2c95030ebd345f9840fead6da622602ad5ff0eebc210ca2ba88d4,39409991,e587ea533b1a50704138e1f269a7f40e823963b39141299c0f84833462804d79,1185740,EPHEMERAL_PATH_BEARING_NOT_RETAINED,/home/workdir/openWEPP/target/release/openwepp-cli-hill --run-dir <scratch>/marcell_mixed_mn__GSI-4833/fixture --run-file p10.native.run.toml --output-dir <scratch>/marcell_mixed_mn__GSI-4833/output --legacy-sidecar-discovery --direct-production-executor
marcell_mixed_mn__GSI-4837,marcell,mixed,marcell_mixed_mn,GSI-4837,PASS,1d634b622f1f50c77276b121cdb5cc904fb7d3678898ee391e09d09a23902f3a,39250929,9dc0b62aadd1b457f97a06173473f380b4173d6b5ad02db6b0f5adaa204c884e,1185974,EPHEMERAL_PATH_BEARING_NOT_RETAINED,/home/workdir/openWEPP/target/release/openwepp-cli-hill --run-dir <scratch>/marcell_mixed_mn__GSI-4837/fixture --run-file p10.native.run.toml --output-dir <scratch>/marcell_mixed_mn__GSI-4837/output --legacy-sidecar-discovery --direct-production-executor
marcell_mixed_mn__GSI-4838,marcell,mixed,marcell_mixed_mn,GSI-4838,PASS,da48c3ec3b03da2e414bf753f05e1637774d2ea3e02e9251a69b55cc83e1c3e9,39319421,3951ba4b876cef68bcf54474581352089b6693735a486d4ca2b722a72749bed6,1185455,EPHEMERAL_PATH_BEARING_NOT_RETAINED,/home/workdir/openWEPP/target/release/openwepp-cli-hill --run-dir <scratch>/marcell_mixed_mn__GSI-4838/fixture --run-file p10.native.run.toml --output-dir <scratch>/marcell_mixed_mn__GSI-4838/output --legacy-sidecar-discovery --direct-production-executor
marcell_mixed_mn__GSI-4842,marcell,mixed,marcell_mixed_mn,GSI-4842,PASS,a7241de465076c23acfefd077b49063bfea15e63360ac1097abe3d676fdb9035,38943306,4007cb72e1cce3bf298a45afcee5bd8b5d99f9fbbf8671340fa46a8c6d01bafe,1181714,EPHEMERAL_PATH_BEARING_NOT_RETAINED,/home/workdir/openWEPP/target/release/openwepp-cli-hill --run-dir <scratch>/marcell_mixed_mn__GSI-4842/fixture --run-file p10.native.run.toml --output-dir <scratch>/marcell_mixed_mn__GSI-4842/output --legacy-sidecar-discovery --direct-production-executor
marcell_mixed_mn__GSI-5695,marcell,mixed,marcell_mixed_mn,GSI-5695,PASS,b99a1a8ffa3df1f733a0859909e81fa00637ae57f6f6d579428b14b473c9a130,39247040,2b904863374e79f7a35b297beea00531d65c597e0cdb8d75821e0cd9a17c0d1e,1185991,EPHEMERAL_PATH_BEARING_NOT_RETAINED,/home/workdir/openWEPP/target/release/openwepp-cli-hill --run-dir <scratch>/marcell_mixed_mn__GSI-5695/fixture --run-file p10.native.run.toml --output-dir <scratch>/marcell_mixed_mn__GSI-5695/output --legacy-sidecar-discovery --direct-production-executor
marcell_mixed_mn__GSI-5700,marcell,mixed,marcell_mixed_mn,GSI-5700,PASS,42a97e2ecc309b90601f0a849325998fbb71a7ece0f992c5427876cb23314eec,39171898,52abed244d6330da5da2d7170a188d34e6146bd48ca9669ef05e2396f70b65d1,1186239,EPHEMERAL_PATH_BEARING_NOT_RETAINED,/home/workdir/openWEPP/target/release/openwepp-cli-hill --run-dir <scratch>/marcell_mixed_mn__GSI-5700/fixture --run-file p10.native.run.toml --output-dir <scratch>/marcell_mixed_mn__GSI-5700/output --legacy-sidecar-discovery --direct-production-executor
marcell_mixed_mn__GSI-5716,marcell,mixed,marcell_mixed_mn,GSI-5716,PASS,e71cbd62852cfba5d8ae3e3f0fc57c63132940d8b1533e9eb2596b45f5d8c65b,39156260,4aa9eec1f6e9e0e3356bb67e5ee7f5584a61bafc788e2b0778abb6fccce43390,1185018,EPHEMERAL_PATH_BEARING_NOT_RETAINED,/home/workdir/openWEPP/target/release/openwepp-cli-hill --run-dir <scratch>/marcell_mixed_mn__GSI-5716/fixture --run-file p10.native.run.toml --output-dir <scratch>/marcell_mixed_mn__GSI-5716/output --legacy-sidecar-discovery --direct-production-executor
marcell_mixed_mn__GSI-5717,marcell,mixed,marcell_mixed_mn,GSI-5717,PASS,dc4a02587ae67417d36467f5a694226ccb428d65aff30230aa52f07a91eb8578,39185361,34987efb2d8a15d9d962c3c28f7b498d3e183984ff9ce53da8d868e13f46ca25,1184787,EPHEMERAL_PATH_BEARING_NOT_RETAINED,/home/workdir/openWEPP/target/release/openwepp-cli-hill --run-dir <scratch>/marcell_mixed_mn__GSI-5717/fixture --run-file p10.native.run.toml --output-dir <scratch>/marcell_mixed_mn__GSI-5717/output --legacy-sidecar-discovery --direct-production-executor
marcell_mixed_mn__GSI-5718,marcell,mixed,marcell_mixed_mn,GSI-5718,PASS,d042849c12127593c54cfed0fc5c1ae7d9e13ede69ae6ada85f9f53018d2b116,39187289,366c02c22d77bd8ce2de09d43af94b6849e5fa6bdfe7e996d1a91f1d6ae235f2,1184546,EPHEMERAL_PATH_BEARING_NOT_RETAINED,/home/workdir/openWEPP/target/release/openwepp-cli-hill --run-dir <scratch>/marcell_mixed_mn__GSI-5718/fixture --run-file p10.native.run.toml --output-dir <scratch>/marcell_mixed_mn__GSI-5718/output --legacy-sidecar-discovery --direct-production-executor
marcell_mixed_mn__GSI-5721,marcell,mixed,marcell_mixed_mn,GSI-5721,PASS,0d7d7dabd028dbe356e740eb08f02d0f3b4f61806404be3c3005d05c3a05fa7d,39075571,7095fcfcad63b416d6b40d3b3e1d45ffb1dc4c8dc60dd21be3b00d2e3d933856,1184785,EPHEMERAL_PATH_BEARING_NOT_RETAINED,/home/workdir/openWEPP/target/release/openwepp-cli-hill --run-dir <scratch>/marcell_mixed_mn__GSI-5721/fixture --run-file p10.native.run.toml --output-dir <scratch>/marcell_mixed_mn__GSI-5721/output --legacy-sidecar-discovery --direct-production-executor
marcell_mixed_mn__GSI-5722,marcell,mixed,marcell_mixed_mn,GSI-5722,PASS,95aad2873e11610d59e8cb6d9ac98435303d8be4be9c8b46a4fd1d5ee275a9fa,39111662,1839f6738f0fac697487733f3eecfa14d40253c15713097b5bfc5a109e0b8ad1,1184419,EPHEMERAL_PATH_BEARING_NOT_RETAINED,/home/workdir/openWEPP/target/release/openwepp-cli-hill --run-dir <scratch>/marcell_mixed_mn__GSI-5722/fixture --run-file p10.native.run.toml --output-dir <scratch>/marcell_mixed_mn__GSI-5722/output --legacy-sidecar-discovery --direct-production-executor
marcell_mixed_mn__GSI-5723,marcell,mixed,marcell_mixed_mn,GSI-5723,PASS,d618c3e44f8e1941d2c5c0c0da09b3480c190ea27c76c046e03fa2e39086cc8e,39108088,be95c42d3b5a555a7d1aa54b8303f6b03b44ccef745952f6e66eeec8b2fc20d8,1184385,EPHEMERAL_PATH_BEARING_NOT_RETAINED,/home/workdir/openWEPP/target/release/openwepp-cli-hill --run-dir <scratch>/marcell_mixed_mn__GSI-5723/fixture --run-file p10.native.run.toml --output-dir <scratch>/marcell_mixed_mn__GSI-5723/output --legacy-sidecar-discovery --direct-production-executor
marcell_mixed_mn__GSI-5725,marcell,mixed,marcell_mixed_mn,GSI-5725,PASS,445ea18f214f5c7d30c9ec37448f9cb4f8970483e77e8894becefbed413201a3,38732265,928a54e23e7992fe2080a5a96cd54ef126126c763e613567853c4b7cca5f2b48,1180756,EPHEMERAL_PATH_BEARING_NOT_RETAINED,/home/workdir/openWEPP/target/release/openwepp-cli-hill --run-dir <scratch>/marcell_mixed_mn__GSI-5725/fixture --run-file p10.native.run.toml --output-dir <scratch>/marcell_mixed_mn__GSI-5725/output --legacy-sidecar-discovery --direct-production-executor
marcell_open_mn__OPEN-CONTROL,marcell,open,marcell_open_mn,OPEN-CONTROL,PASS,,0,37b88d4e0eb11079cc970ae632827745c4046fc9da6e3cfc44d6783974921dca,1391274,EPHEMERAL_PATH_BEARING_NOT_RETAINED,/home/workdir/openWEPP/target/release/openwepp-cli-hill --run-dir <scratch>/marcell_open_mn__OPEN-CONTROL/fixture --run-file p6.native.run.toml --output-dir <scratch>/marcell_open_mn__OPEN-CONTROL/output --legacy-sidecar-discovery --direct-production-executor
