warning: Git tree '/workdir/openWEPP' is dirty
   Compiling openwepp-land-surface-energy v0.1.0 (/home/roger/openwepp-experiments/cold-canopy-m1-20260920/crates/openwepp-land-surface-energy)
   Compiling openwepp-hillslope-orchestrator v0.1.0 (/home/roger/openwepp-experiments/cold-canopy-m1-20260920/crates/openwepp-hillslope-orchestrator)
warning: unused import: `DirectRunConstructorInputs`
   --> crates/openwepp-hillslope-orchestrator/src/v9_real_consumer_shadow.rs:109:13
    |
109 | use crate::{DirectRunConstructorInputs, vegetation_real_hydrology_shadow::RealHydrologyOfeLaneId};
    |             ^^^^^^^^^^^^^^^^^^^^^^^^^^
    |
    = note: `#[warn(unused_imports)]` (part of `#[warn(unused)]`) on by default

warning: unused import: `v11_covered::physical_outcome_ledger::TerminalSnowSoilHeatReceiptV1`
   --> crates/openwepp-hillslope-orchestrator/src/v9_real_consumer_shadow.rs:131:16
    |
131 | pub(crate) use v11_covered::physical_outcome_ledger::TerminalSnowSoilHeatReceiptV1;
    |                ^^^^^^^^^^^^^^^^^^^^^^^^^^^^^^^^^^^^^^^^^^^^^^^^^^^^^^^^^^^^^^^^^^^

warning: method `diagnostic_source_climate_sha256_v1` is never used
    --> crates/openwepp-hillslope-orchestrator/src/runtime_inputs/09_snow_free_half_hour_forcing.rs:1229:19
     |
1227 | impl HillslopeClimateRuntimeRequest {
     | ----------------------------------- method in this implementation
1228 |     #[cfg(test)]
1229 |     pub(crate) fn diagnostic_source_climate_sha256_v1(
     |                   ^^^^^^^^^^^^^^^^^^^^^^^^^^^^^^^^^^^
     |
     = note: `#[warn(dead_code)]` (part of `#[warn(unused)]`) on by default

warning: function `diagnostic_native_field` is never used
   --> crates/openwepp-hillslope-orchestrator/src/v9_real_consumer_shadow.rs:643:4
    |
643 | fn diagnostic_native_field<T: serde::de::DeserializeOwned>(
    |    ^^^^^^^^^^^^^^^^^^^^^^^

warning: fields `position` and `lse_configuration_sha256` are never read
  --> crates/openwepp-hillslope-orchestrator/src/v9_real_consumer_shadow/native_soil_restart_admission.rs:13:5
   |
 9 | pub struct NativeSoilRestartAdmissionV1 {
   |            ---------------------------- fields in this struct
...
13 |     position: NativeSoilRestartPositionV1,
   |     ^^^^^^^^
...
17 |     lse_configuration_sha256: openwepp_land_surface_energy::Sha256Digest,
   |     ^^^^^^^^^^^^^^^^^^^^^^^^

warning: associated items `diagnostic_validate_inactive_scheduler_v1` and `validate_constructor_context` are never used
   --> crates/openwepp-hillslope-orchestrator/src/v9_real_consumer_shadow/native_soil_restart_admission.rs:189:19
    |
 20 | impl NativeSoilRestartAdmissionV1 {
    | --------------------------------- associated items in this implementation
...
189 |     pub(crate) fn diagnostic_validate_inactive_scheduler_v1(count: u64,
    |                   ^^^^^^^^^^^^^^^^^^^^^^^^^^^^^^^^^^^^^^^^^
...
257 |     fn validate_constructor_context(&self, resident: &DirectSoilThermalResident,
    |        ^^^^^^^^^^^^^^^^^^^^^^^^^^^^

warning: fields `count`, `surface_bytes`, and `configuration_sha256` are never read
   --> crates/openwepp-hillslope-orchestrator/src/v9_real_consumer_shadow/native_soil_restart_admission.rs:303:5
    |
302 | struct NativeInactiveSchedulerCustodyV1 {
    |        -------------------------------- fields in this struct
303 |     count: u64,
    |     ^^^^^
304 |     surface_bytes: Vec<u8>,
    |     ^^^^^^^^^^^^^
305 |     configuration_sha256: String,
    |     ^^^^^^^^^^^^^^^^^^^^

warning: associated function `diagnostic_restore_native_lane_maps_v1` is never used
    --> crates/openwepp-hillslope-orchestrator/src/v9_real_consumer_shadow.rs:1691:19
     |
 796 | impl DirectV10RealConsumerShadow {
     | -------------------------------- associated function in this implementation
...
1691 |     pub(crate) fn diagnostic_restore_native_lane_maps_v1(
     |                   ^^^^^^^^^^^^^^^^^^^^^^^^^^^^^^^^^^^^^^

warning: method `diagnostic_install_hydrology_constructor_inputs_v1` is never used
    --> crates/openwepp-hillslope-orchestrator/src/v9_real_consumer_shadow.rs:4328:19
     |
3338 | impl DirectV10RealConsumerShadow {
     | -------------------------------- method in this implementation
...
4328 |     pub(crate) fn diagnostic_install_hydrology_constructor_inputs_v1(
     |                   ^^^^^^^^^^^^^^^^^^^^^^^^^^^^^^^^^^^^^^^^^^^^^^^^^^

warning: function `publication_input_from_constructor` is never used
   --> crates/openwepp-hillslope-orchestrator/src/v9_real_consumer_shadow_tests.rs:487:8
    |
487 |     fn publication_input_from_constructor(
    |        ^^^^^^^^^^^^^^^^^^^^^^^^^^^^^^^^^^

warning: function `native_archive_day_input` is never used
   --> crates/openwepp-hillslope-orchestrator/src/v9_real_consumer_shadow_tests.rs:528:8
    |
528 |     fn native_archive_day_input(
    |        ^^^^^^^^^^^^^^^^^^^^^^^^

warning: function `validated_native_archive_publication_input` is never used
   --> crates/openwepp-hillslope-orchestrator/src/v9_real_consumer_shadow_tests.rs:576:8
    |
576 |     fn validated_native_archive_publication_input(
    |        ^^^^^^^^^^^^^^^^^^^^^^^^^^^^^^^^^^^^^^^^^^

warning: function `native_complete_attachment_supports` is never used
   --> crates/openwepp-hillslope-orchestrator/src/v9_real_consumer_shadow_tests.rs:770:8
    |
770 |     fn native_complete_attachment_supports(
    |        ^^^^^^^^^^^^^^^^^^^^^^^^^^^^^^^^^^^

warning: function `assert_bound_native_destinations_materialized` is never used
   --> crates/openwepp-hillslope-orchestrator/src/v9_real_consumer_shadow_tests.rs:957:8
    |
957 |     fn assert_bound_native_destinations_materialized(
    |        ^^^^^^^^^^^^^^^^^^^^^^^^^^^^^^^^^^^^^^^^^^^^^

warning: function `assert_no_snow_free_physics_calls` is never used
    --> crates/openwepp-hillslope-orchestrator/src/v9_real_consumer_shadow_tests.rs:1695:8
     |
1695 |     fn assert_no_snow_free_physics_calls(
     |        ^^^^^^^^^^^^^^^^^^^^^^^^^^^^^^^^^

warning: function `restore_covered_interval` is never used
   --> crates/openwepp-hillslope-orchestrator/src/snow_stage3_v11_current_context_capture.rs:671:4
    |
671 | fn restore_covered_interval(
    |    ^^^^^^^^^^^^^^^^^^^^^^^^

warning: function `restore_destination_capability` is never used
   --> crates/openwepp-hillslope-orchestrator/src/snow_stage3_v11_current_context_capture.rs:687:4
    |
687 | fn restore_destination_capability(
    |    ^^^^^^^^^^^^^^^^^^^^^^^^^^^^^^

warning: function `provider_interval_for_destination` is never used
   --> crates/openwepp-hillslope-orchestrator/src/snow_stage3_v11_current_context_capture.rs:735:4
    |
735 | fn provider_interval_for_destination<'a>(
    |    ^^^^^^^^^^^^^^^^^^^^^^^^^^^^^^^^^

warning: function `restore_prepared_support` is never used
   --> crates/openwepp-hillslope-orchestrator/src/snow_stage3_v11_current_context_capture.rs:773:4
    |
773 | fn restore_prepared_support(
    |    ^^^^^^^^^^^^^^^^^^^^^^^^

warning: function `restore_support_forcing` is never used
   --> crates/openwepp-hillslope-orchestrator/src/snow_stage3_v11_current_context_capture.rs:891:4
    |
891 | fn restore_support_forcing(
    |    ^^^^^^^^^^^^^^^^^^^^^^^

warning: function `active_snow_restore` is never used
    --> crates/openwepp-hillslope-orchestrator/src/snow_stage3_v11_current_context_capture.rs:1004:4
     |
1004 | fn active_snow_restore(
     |    ^^^^^^^^^^^^^^^^^^^

warning: struct `ProviderCaptureV1` is never constructed
    --> crates/openwepp-hillslope-orchestrator/src/snow_stage3_v11_current_context_capture.rs:1165:8
     |
1165 | struct ProviderCaptureV1 {
     |        ^^^^^^^^^^^^^^^^^

warning: method `validate_against` is never used
    --> crates/openwepp-hillslope-orchestrator/src/snow_stage3_v11_current_context_capture.rs:1212:19
     |
1190 | impl ProviderStaticConfigurationCaptureV1 {
     | ----------------------------------------- method in this implementation
...
1212 |     pub(crate) fn validate_against(
     |                   ^^^^^^^^^^^^^^^^

warning: struct `PreparedDayCaptureV1` is never constructed
    --> crates/openwepp-hillslope-orchestrator/src/snow_stage3_v11_current_context_capture.rs:1246:8
     |
1246 | struct PreparedDayCaptureV1 {
     |        ^^^^^^^^^^^^^^^^^^^^

warning: function `capture_row_for_test` is never used
    --> crates/openwepp-hillslope-orchestrator/src/snow_stage3_v11_current_context_capture.rs:1864:15
     |
1864 | pub(crate) fn capture_row_for_test(
     |               ^^^^^^^^^^^^^^^^^^^^

warning: function `restore_coupled_clock` is never used
    --> crates/openwepp-hillslope-orchestrator/src/snow_stage3_v11_current_context_capture.rs:2691:15
     |
2691 | pub(crate) fn restore_coupled_clock(
     |               ^^^^^^^^^^^^^^^^^^^^^

warning: function `restore_parent_with_configured_bgc_scope` is never used
    --> crates/openwepp-hillslope-orchestrator/src/snow_stage3_v11_current_context_capture.rs:2704:15
     |
2704 | pub(crate) fn restore_parent_with_configured_bgc_scope(
     |               ^^^^^^^^^^^^^^^^^^^^^^^^^^^^^^^^^^^^^^^^

warning: function `reconstruct_provisional_on_clone` is never used
    --> crates/openwepp-hillslope-orchestrator/src/snow_stage3_v11_current_context_capture.rs:2721:15
     |
2721 | pub(crate) fn reconstruct_provisional_on_clone(
     |               ^^^^^^^^^^^^^^^^^^^^^^^^^^^^^^^^

warning: function `reconstruct_provisional_on_clone_for_constraint_owner` is never used
    --> crates/openwepp-hillslope-orchestrator/src/snow_stage3_v11_current_context_capture.rs:2748:4
     |
2748 | fn reconstruct_provisional_on_clone_for_constraint_owner(
     |    ^^^^^^^^^^^^^^^^^^^^^^^^^^^^^^^^^^^^^^^^^^^^^^^^^^^^^

warning: function `reconstruct_provisional_on_clone_with_authorities` is never used
    --> crates/openwepp-hillslope-orchestrator/src/snow_stage3_v11_current_context_capture.rs:2776:4
     |
2776 | fn reconstruct_provisional_on_clone_with_authorities(
     |    ^^^^^^^^^^^^^^^^^^^^^^^^^^^^^^^^^^^^^^^^^^^^^^^^^

warning: function `import_and_reconstruct_pre_child_context` is never used
    --> crates/openwepp-hillslope-orchestrator/src/snow_stage3_v11_current_context_capture.rs:2845:15
     |
2845 | pub(crate) fn import_and_reconstruct_pre_child_context(
     |               ^^^^^^^^^^^^^^^^^^^^^^^^^^^^^^^^^^^^^^^^

warning: struct `PreChildProvisionalInputsV1` is never constructed
    --> crates/openwepp-hillslope-orchestrator/src/snow_stage3_v11_current_context_capture.rs:2883:8
     |
2883 | struct PreChildProvisionalInputsV1 {
     |        ^^^^^^^^^^^^^^^^^^^^^^^^^^^

warning: function `restore_pre_child_provisional_inputs` is never used
    --> crates/openwepp-hillslope-orchestrator/src/snow_stage3_v11_current_context_capture.rs:2894:4
     |
2894 | fn restore_pre_child_provisional_inputs(
     |    ^^^^^^^^^^^^^^^^^^^^^^^^^^^^^^^^^^^^

warning: function `validate_pre_child_provisional_evidence` is never used
    --> crates/openwepp-hillslope-orchestrator/src/snow_stage3_v11_current_context_capture.rs:3000:4
     |
3000 | fn validate_pre_child_provisional_evidence(
     |    ^^^^^^^^^^^^^^^^^^^^^^^^^^^^^^^^^^^^^^^

warning: function `validate_pre_child_binding_and_owners` is never used
    --> crates/openwepp-hillslope-orchestrator/src/snow_stage3_v11_current_context_capture.rs:3032:4
     |
3032 | fn validate_pre_child_binding_and_owners(
     |    ^^^^^^^^^^^^^^^^^^^^^^^^^^^^^^^^^^^^^

warning: struct `RestoredCapturedPreChildContextV1` is never constructed
    --> crates/openwepp-hillslope-orchestrator/src/snow_stage3_v11_current_context_capture.rs:3324:19
     |
3324 | pub(crate) struct RestoredCapturedPreChildContextV1 {
     |                   ^^^^^^^^^^^^^^^^^^^^^^^^^^^^^^^^^

warning: function `restore_captured_clock_parent` is never used
    --> crates/openwepp-hillslope-orchestrator/src/snow_stage3_v11_current_context_capture.rs:3339:4
     |
3339 | fn restore_captured_clock_parent(
     |    ^^^^^^^^^^^^^^^^^^^^^^^^^^^^^

warning: function `restore_captured_pre_child_context` is never used
    --> crates/openwepp-hillslope-orchestrator/src/snow_stage3_v11_current_context_capture.rs:3391:4
     |
3391 | fn restore_captured_pre_child_context(
     |    ^^^^^^^^^^^^^^^^^^^^^^^^^^^^^^^^^^

warning: function `attach_member_backed_value_v1` is never used
    --> crates/openwepp-hillslope-orchestrator/src/snow_stage3_v11_current_context_capture.rs:4185:4
     |
4185 | fn attach_member_backed_value_v1(
     |    ^^^^^^^^^^^^^^^^^^^^^^^^^^^^^

warning: function `validate_member_backed_external_end_v1` is never used
    --> crates/openwepp-hillslope-orchestrator/src/snow_stage3_v11_current_context_capture.rs:4214:4
     |
4214 | fn validate_member_backed_external_end_v1(
     |    ^^^^^^^^^^^^^^^^^^^^^^^^^^^^^^^^^^^^^^

warning: function `decode_member_backed_scalar_event_v1` is never used
    --> crates/openwepp-hillslope-orchestrator/src/snow_stage3_v11_current_context_capture.rs:4243:4
     |
4243 | fn decode_member_backed_scalar_event_v1(
     |    ^^^^^^^^^^^^^^^^^^^^^^^^^^^^^^^^^^^^

warning: function `decode_member_backed_row_v1` is never used
    --> crates/openwepp-hillslope-orchestrator/src/snow_stage3_v11_current_context_capture.rs:4265:4
     |
4265 | fn decode_member_backed_row_v1(
     |    ^^^^^^^^^^^^^^^^^^^^^^^^^^^

warning: `openwepp-hillslope-orchestrator` (lib test) generated 42 warnings (run `cargo fix --lib -p openwepp-hillslope-orchestrator --tests` to apply 2 suggestions)
    Finished `test` profile [unoptimized + debuginfo] target(s) in 11.60s
────────────
 Nextest run ID 0b3f7f2d-1738-4600-aae8-3a5bd0257ea9 with nextest profile: default
    Starting 3 tests across 1 binary (1482 tests skipped)
        FAIL [   0.076s] (2/3) openwepp-hillslope-orchestrator land_surface_energy_shadow::m1_coupled_expected_red::m1_receiver_fixed_failures_restore_each_actual_owner_byte_record
  stdout ───

    running 1 test
    test land_surface_energy_shadow::m1_coupled_expected_red::m1_receiver_fixed_failures_restore_each_actual_owner_byte_record ... FAILED

    failures:

    failures:
        land_surface_energy_shadow::m1_coupled_expected_red::m1_receiver_fixed_failures_restore_each_actual_owner_byte_record

    test result: FAILED. 0 passed; 1 failed; 0 ignored; 0 measured; 1484 filtered out; finished in 0.07s

  stderr ───

    thread 'land_surface_energy_shadow::m1_coupled_expected_red::m1_receiver_fixed_failures_restore_each_actual_owner_byte_record' (2358916) panicked at crates/openwepp-hillslope-orchestrator/src/land_surface_energy_shadow/m1_coupled_expected_red.rs:1255:18:
    fixed receiver rejection: M1ReceiverDiagnosticResult { actual_candidate: UnifiedRealHydrologyCandidate { transaction_id: TransactionId(41), beginning_frame: DirectRunFrame { identity: DirectRunIdentity { run_id: 83, hillslope_id: 11, lane_count: 1, day_count: 1 }, lanes: [DirectLaneFrame { lane_id: 1, upstream_lane_id: 0, downstream_lane_id: 0, upstream_area_ratio: 1.0, area_m2: 100.0, runoff_publication_q_scale: 1.0, runoff_publication_qofe_scale: 1.0, runoff_publication_efflen_m: 1.0, runoff_publication_cumulative_length_m: 1.0, runoff_publication_ofe_length_m: 1.0, water: DirectWaterState { soil_water_m: 0.12000000000000001, infiltration_m: 0.0, runoff_m: 0.0, evapotranspiration_m: 0.0, drainage_m: 0.0, lateral_flow_m: 0.0 }, transfer: DirectTransferBuffers { surface_carry_m: [0.0, 0.0, 0.0, 0.0, 0.0, 0.0, 0.0, 0.0, 0.0, 0.0, 0.0, 0.0, 0.0, 0.0, 0.0, 0.0, 0.0, 0.0, 0.0, 0.0, 0.0, 0.0, 0.0, 0.0], surface_hourly_weights: [0.0, 0.0, 0.0, 0.0, 0.0, 0.0, 0.0, 0.0, 0.0, 0.0, 0.0, 0.0, 0.0, 0.0, 0.0, 0.0, 0.0, 0.0, 0.0, 0.0, 0.0, 0.0, 0.0, 0.0], lateral_carry_m: [0.0, 0.0, 0.0, 0.0, 0.0, 0.0, 0.0, 0.0, 0.0, 0.0, 0.0, 0.0, 0.0, 0.0, 0.0, 0.0, 0.0, 0.0, 0.0, 0.0, 0.0, 0.0, 0.0, 0.0], upstream_flow_m: 0.0, subsurface_input_m: 0.0 }, publication: DirectPublicationFrame { runoff_m: 0.0, infiltration_m: 0.0, evapotranspiration_m: 0.0, drainage_m: 0.0, lateral_flow_m: 0.0 }, erosion_downstream_operands: DirectErosionDownstreamOperands { publication_authority: false, publication: DirectPublicationErosionOperands { peak_runoff_rate_m_s: Some(0.0), runoff_duration_s: Some(0.0), total_detachment_kg: Some(0.0), total_deposition_kg: Some(0.0), hbp_total_detachment_kg: Some(0.0), hbp_total_deposition_kg: Some(0.0), hbp_sediment_concentration_kg_m3: Some(0.0), sediment_concentration_kg_m3: Some([0.0, 0.0, 0.0, 0.0, 0.0]), hourly_runoff_fraction: None, hourly_sediment_mass_kg: None, enrichment_ratio: None } }, erosion_inflow_intake: None, subsurface_layers: [DirectSubsurfaceLayerState { theta_m: 0.02, field_capacity_m: 0.02, upper_limit_m: 0.2, conductivity_m_s: 1e-6, depth_m: 0.3, residual_theta: 0.0, frozen_depth_m: 0.0, frozen_water_m: 0.0, porosity: 0.45, field_capacity_theta: 0.25, coca: 0.1, lateral_conductivity_m_s: 1e-7 }, DirectSubsurfaceLayerState { theta_m: 0.02, field_capacity_m: 0.02, upper_limit_m: 0.2, conductivity_m_s: 1e-6, depth_m: 0.3, residual_theta: 0.0, frozen_depth_m: 0.0, frozen_water_m: 0.0, porosity: 0.45, field_capacity_theta: 0.25, coca: 0.1, lateral_conductivity_m_s: 1e-7 }, DirectSubsurfaceLayerState { theta_m: 0.02, field_capacity_m: 0.02, upper_limit_m: 0.2, conductivity_m_s: 1e-6, depth_m: 0.3, residual_theta: 0.0, frozen_depth_m: 0.0, frozen_water_m: 0.0, porosity: 0.45, field_capacity_theta: 0.25, coca: 0.1, lateral_conductivity_m_s: 1e-7 }, DirectSubsurfaceLayerState { theta_m: 0.02, field_capacity_m: 0.02, upper_limit_m: 0.2, conductivity_m_s: 1e-6, depth_m: 0.3, residual_theta: 0.0, frozen_depth_m: 0.0, frozen_water_m: 0.0, porosity: 0.45, field_capacity_theta: 0.25, coca: 0.1, lateral_conductivity_m_s: 1e-7 }, DirectSubsurfaceLayerState { theta_m: 0.02, field_capacity_m: 0.02, upper_limit_m: 0.2, conductivity_m_s: 1e-6, depth_m: 0.3, residual_theta: 0.0, frozen_depth_m: 0.0, frozen_water_m: 0.0, porosity: 0.45, field_capacity_theta: 0.25, coca: 0.1, lateral_conductivity_m_s: 1e-7 }, DirectSubsurfaceLayerState { theta_m: 0.02, field_capacity_m: 0.02, upper_limit_m: 0.2, conductivity_m_s: 1e-6, depth_m: 0.3, residual_theta: 0.0, frozen_depth_m: 0.0, frozen_water_m: 0.0, porosity: 0.45, field_capacity_theta: 0.25, coca: 0.1, lateral_conductivity_m_s: 1e-7 }], evapotranspiration_stage_state: None, plant_growth_state: DirectGrowthStateSurface { sumgdd: 0.0, live_biomass_kg_m2: 0.0, interception_live_biomass_kg_m2: 0.0, canopy_height_m: 0.0, canopy_cover_fraction: 0.0, leaf_area_index: 0.0, root_mass_kg_m2: 0.0, root_depth_m: 0.0, harvest_index: 0.0 }, plant_water_stress: 1.0, winter_column: DirectWinterColumnState { snow: DirectSnowLaneState { runtime_swe_m: 0.0, runtime_depth_m: 0.0, runtime_density_kg_m3: 0.0, runtime_settle_day_count: 0.0, coe_boundary_depth_m: 0.0, coe_boundary_density_kg_m3: 0.0, coe_boundary_settle_day_count: 0.0, liquid_water_retained_m: 0.0, snow_albedo_state: None, layers: [] }, frost: DirectFrostLaneState { active_frost_coupling: false, dfrost_m: 0.0, dthaw_m: 0.0, nft: 0.0, ws_frz_m: 0.0, infcap_frz_m_s: 0.0, frwatc_soil_water_before_m: 0.0, frwatc_soil_water_after_m: 0.0, frwatc_frozen_water_before_m: 0.0, frwatc_frozen_water_after_m: 0.0, frwatc_freeze_debit_m: 0.0, frwatc_thaw_credit_m: 0.0, frwatc_net_liquid_delta_m: 0.0, frdp_m: 0.0, thdp_m: 0.0, tfrdp_m: 0.0, tthawd_m: 0.0, fgthwd_flag: 0.0, total_fine_layer_count: 0.0, conductivity_tilled_w_m_k: 0.0, conductivity_untilled_w_m_k: 0.0, conductivity_residue_w_m_k: 0.0, shadow_total_water_before_m: 0.0, shadow_total_water_after_m: 0.0, shadow_wb_delta_m: 0.0, shadow_frwatc_residual_m: 0.0, watpdg_m: 0.0, watbtm_m: 0.0, layer_shadows: [], fine_layers: [] } }, snow_runtime_carry: None, frost_runtime_carry: None, erosion_runtime_carry: DirectErosionRuntimeCarry { consolidation: DirectErosionConsolidationCarry { rfcum_m: 0.0, daydis: 0.0 }, ifrost: ErosionIfrostCarry(0), rill_width_m: 0.0 }, day_inputs: [] }], phase_plan: DirectPhasePlan { phases: [Normalization, StorageBounds, DecompositionTransition, ResiduePartitionTransition, AnnualGrowthTransition, PerennialGrowthTransition, PercolationDeepSeepage, Evapotranspiration, Drainage, LateralTransfer, PlantRootUptake, RunoffReconciliation, StorageReconciliation, ClosureDiagnostics] }, publication: DirectPublicationFrame { runoff_m: 0.0, infiltration_m: 0.0, evapotranspiration_m: 0.0, drainage_m: 0.0, lateral_flow_m: 0.0 }, lane_transfer_ledger: [DirectLaneTransferLedger { lane_id: 0, upstream_lane_id: 0, downstream_lane_id: 0, upstream_area_ratio: 0.0, area_m2: 0.0, outgoing_surface_m: 0.0, outgoing_lateral_m: 0.0, received_surface_m: 0.0, received_lateral_m: 0.0, net_transfer_m: 0.0 }], lane_transfer_downstream_operands: DirectRunTransferDownstreamOperands { lane_count: 0, outlet_lane_id: 0, total_outgoing_surface_m: 0.0, total_outgoing_lateral_m: 0.0, total_received_surface_m: 0.0, total_received_lateral_m: 0.0, total_net_transfer_m: 0.0 }, lane_transfer_shadow_projection: None, groundwater: DirectGroundwaterRunState { authority: Disabled, storage_m3: 0.0, previous_baseflow_m3: 0.0, previous_deep_seepage_m3: 0.0, initialized_area_m2: None }, surface_liquid_shadow: Some(DirectSurfaceLiquidOwnedState { owner_id: ResourceOwnerId("production-hydrology"), configuration_sha256: "a25b600e898017500147cd87919e81b1e663f24bd6b6c60748cd78c22cef1c86", state_sha256: "5051c218a63d2e050adcd209ef8c8ee2ebfad077bcd9d16db7e59c96b82400d6", records: [DirectSurfaceLiquidStateRecord { key: DirectSurfaceLiquidStoreKey { run_id: 83, ofe_id: OfeId("ofe-1"), tile_id: TileId("forest"), surface_id: SurfaceId("surface:ofe-1:forest"), surface_class: ForestLitter, source_type: LitterLiquid, source_id: SourceId("liquid:ofe-1:forest") }, liquid_kg_m2_tile: 4.0, last_accepted_transaction_id: None }, DirectSurfaceLiquidStateRecord { key: DirectSurfaceLiquidStoreKey { run_id: 83, ofe_id: OfeId("ofe-1"), tile_id: TileId("open"), surface_id: SurfaceId("surface:ofe-1:open"), surface_class: BareMineralSoil, source_type: SurfaceLiquid, source_id: SourceId("liquid:ofe-1:open") }, liquid_kg_m2_tile: 0.0, last_accepted_transaction_id: None }], continuations: [DirectSurfaceLiquidContinuationState { ofe_id: OfeId("ofe-1"), day_index: 0, next_interval_index: 0, cumulative_supply_m: 0.0, cumulative_infiltration_m: 0.0, last_accepted_transaction_id: None }] }), snow_stage3_shadow: None, snow_stage3_v11_attachment: None, laned_active: None, laned_active_summary: None }, ending_frame: DirectRunFrame { identity: DirectRunIdentity { run_id: 83, hillslope_id: 11, lane_count: 1, day_count: 1 }, lanes: [DirectLaneFrame { lane_id: 1, upstream_lane_id: 0, downstream_lane_id: 0, upstream_area_ratio: 1.0, area_m2: 100.0, runoff_publication_q_scale: 1.0, runoff_publication_qofe_scale: 1.0, runoff_publication_efflen_m: 1.0, runoff_publication_cumulative_length_m: 1.0, runoff_publication_ofe_length_m: 1.0, water: DirectWaterState { soil_water_m: 0.12000666315659221, infiltration_m: 0.0, runoff_m: 0.0, evapotranspiration_m: 0.0, drainage_m: 0.0, lateral_flow_m: 0.0 }, transfer: DirectTransferBuffers { surface_carry_m: [0.0, 0.0, 0.0, 0.0, 0.0, 0.0, 0.0, 0.0, 0.0, 0.0, 0.0, 0.0, 0.0, 0.0, 0.0, 0.0, 0.0, 0.0, 0.0, 0.0, 0.0, 0.0, 0.0, 0.0], surface_hourly_weights: [0.0, 0.0, 0.0, 0.0, 0.0, 0.0, 0.0, 0.0, 0.0, 0.0, 0.0, 0.0, 0.0, 0.0, 0.0, 0.0, 0.0, 0.0, 0.0, 0.0, 0.0, 0.0, 0.0, 0.0], lateral_carry_m: [0.0, 0.0, 0.0, 0.0, 0.0, 0.0, 0.0, 0.0, 0.0, 0.0, 0.0, 0.0, 0.0, 0.0, 0.0, 0.0, 0.0, 0.0, 0.0, 0.0, 0.0, 0.0, 0.0, 0.0], upstream_flow_m: 0.0, subsurface_input_m: 0.0 }, publication: DirectPublicationFrame { runoff_m: 0.0, infiltration_m: 0.0, evapotranspiration_m: 0.0, drainage_m: 0.0, lateral_flow_m: 0.0 }, erosion_downstream_operands: DirectErosionDownstreamOperands { publication_authority: false, publication: DirectPublicationErosionOperands { peak_runoff_rate_m_s: Some(0.0), runoff_duration_s: Some(0.0), total_detachment_kg: Some(0.0), total_deposition_kg: Some(0.0), hbp_total_detachment_kg: Some(0.0), hbp_total_deposition_kg: Some(0.0), hbp_sediment_concentration_kg_m3: Some(0.0), sediment_concentration_kg_m3: Some([0.0, 0.0, 0.0, 0.0, 0.0]), hourly_runoff_fraction: None, hourly_sediment_mass_kg: None, enrichment_ratio: None } }, erosion_inflow_intake: None, subsurface_layers: [DirectSubsurfaceLayerState { theta_m: 0.02000802234018713, field_capacity_m: 0.02, upper_limit_m: 0.2, conductivity_m_s: 1e-6, depth_m: 0.3, residual_theta: 0.0, frozen_depth_m: 0.0, frozen_water_m: 0.0, porosity: 0.45, field_capacity_theta: 0.25, coca: 0.1, lateral_conductivity_m_s: 1e-7 }, DirectSubsurfaceLayerState { theta_m: 0.02, field_capacity_m: 0.02, upper_limit_m: 0.2, conductivity_m_s: 1e-6, depth_m: 0.3, residual_theta: 0.0, frozen_depth_m: 0.0, frozen_water_m: 0.0, porosity: 0.45, field_capacity_theta: 0.25, coca: 0.1, lateral_conductivity_m_s: 1e-7 }, DirectSubsurfaceLayerState { theta_m: 0.019999157306171144, field_capacity_m: 0.02, upper_limit_m: 0.2, conductivity_m_s: 1e-6, depth_m: 0.3, residual_theta: 0.0, frozen_depth_m: 0.0, frozen_water_m: 0.0, porosity: 0.45, field_capacity_theta: 0.25, coca: 0.1, lateral_conductivity_m_s: 1e-7 }, DirectSubsurfaceLayerState { theta_m: 0.019999483510233926, field_capacity_m: 0.02, upper_limit_m: 0.2, conductivity_m_s: 1e-6, depth_m: 0.3, residual_theta: 0.0, frozen_depth_m: 0.0, frozen_water_m: 0.0, porosity: 0.45, field_capacity_theta: 0.25, coca: 0.1, lateral_conductivity_m_s: 1e-7 }, DirectSubsurfaceLayerState { theta_m: 0.02, field_capacity_m: 0.02, upper_limit_m: 0.2, conductivity_m_s: 1e-6, depth_m: 0.3, residual_theta: 0.0, frozen_depth_m: 0.0, frozen_water_m: 0.0, porosity: 0.45, field_capacity_theta: 0.25, coca: 0.1, lateral_conductivity_m_s: 1e-7 }, DirectSubsurfaceLayerState { theta_m: 0.02, field_capacity_m: 0.02, upper_limit_m: 0.2, conductivity_m_s: 1e-6, depth_m: 0.3, residual_theta: 0.0, frozen_depth_m: 0.0, frozen_water_m: 0.0, porosity: 0.45, field_capacity_theta: 0.25, coca: 0.1, lateral_conductivity_m_s: 1e-7 }], evapotranspiration_stage_state: None, plant_growth_state: DirectGrowthStateSurface { sumgdd: 0.0, live_biomass_kg_m2: 0.0, interception_live_biomass_kg_m2: 0.0, canopy_height_m: 0.0, canopy_cover_fraction: 0.0, leaf_area_index: 0.0, root_mass_kg_m2: 0.0, root_depth_m: 0.0, harvest_index: 0.0 }, plant_water_stress: 1.0, winter_column: DirectWinterColumnState { snow: DirectSnowLaneState { runtime_swe_m: 0.0, runtime_depth_m: 0.0, runtime_density_kg_m3: 0.0, runtime_settle_day_count: 0.0, coe_boundary_depth_m: 0.0, coe_boundary_density_kg_m3: 0.0, coe_boundary_settle_day_count: 0.0, liquid_water_retained_m: 0.0, snow_albedo_state: None, layers: [] }, frost: DirectFrostLaneState { active_frost_coupling: false, dfrost_m: 0.0, dthaw_m: 0.0, nft: 0.0, ws_frz_m: 0.0, infcap_frz_m_s: 0.0, frwatc_soil_water_before_m: 0.0, frwatc_soil_water_after_m: 0.0, frwatc_frozen_water_before_m: 0.0, frwatc_frozen_water_after_m: 0.0, frwatc_freeze_debit_m: 0.0, frwatc_thaw_credit_m: 0.0, frwatc_net_liquid_delta_m: 0.0, frdp_m: 0.0, thdp_m: 0.0, tfrdp_m: 0.0, tthawd_m: 0.0, fgthwd_flag: 0.0, total_fine_layer_count: 0.0, conductivity_tilled_w_m_k: 0.0, conductivity_untilled_w_m_k: 0.0, conductivity_residue_w_m_k: 0.0, shadow_total_water_before_m: 0.0, shadow_total_water_after_m: 0.0, shadow_wb_delta_m: 0.0, shadow_frwatc_residual_m: 0.0, watpdg_m: 0.0, watbtm_m: 0.0, layer_shadows: [], fine_layers: [] } }, snow_runtime_carry: None, frost_runtime_carry: None, erosion_runtime_carry: DirectErosionRuntimeCarry { consolidation: DirectErosionConsolidationCarry { rfcum_m: 0.0, daydis: 0.0 }, ifrost: ErosionIfrostCarry(0), rill_width_m: 0.0 }, day_inputs: [] }], phase_plan: DirectPhasePlan { phases: [Normalization, StorageBounds, DecompositionTransition, ResiduePartitionTransition, AnnualGrowthTransition, PerennialGrowthTransition, PercolationDeepSeepage, Evapotranspiration, Drainage, LateralTransfer, PlantRootUptake, RunoffReconciliation, StorageReconciliation, ClosureDiagnostics] }, publication: DirectPublicationFrame { runoff_m: 0.0, infiltration_m: 0.0, evapotranspiration_m: 0.0, drainage_m: 0.0, lateral_flow_m: 0.0 }, lane_transfer_ledger: [DirectLaneTransferLedger { lane_id: 0, upstream_lane_id: 0, downstream_lane_id: 0, upstream_area_ratio: 0.0, area_m2: 0.0, outgoing_surface_m: 0.0, outgoing_lateral_m: 0.0, received_surface_m: 0.0, received_lateral_m: 0.0, net_transfer_m: 0.0 }], lane_transfer_downstream_operands: DirectRunTransferDownstreamOperands { lane_count: 0, outlet_lane_id: 0, total_outgoing_surface_m: 0.0, total_outgoing_lateral_m: 0.0, total_received_surface_m: 0.0, total_received_lateral_m: 0.0, total_net_transfer_m: 0.0 }, lane_transfer_shadow_projection: None, groundwater: DirectGroundwaterRunState { authority: Disabled, storage_m3: 0.0, previous_baseflow_m3: 0.0, previous_deep_seepage_m3: 0.0, initialized_area_m2: None }, surface_liquid_shadow: Some(DirectSurfaceLiquidOwnedState { owner_id: ResourceOwnerId("production-hydrology"), configuration_sha256: "a25b600e898017500147cd87919e81b1e663f24bd6b6c60748cd78c22cef1c86", state_sha256: "4fbc7d5b7c2520672b2cf5d7f9d18b087bc6793e7c8edfffadf038f88220f662", records: [DirectSurfaceLiquidStateRecord { key: DirectSurfaceLiquidStoreKey { run_id: 83, ofe_id: OfeId("ofe-1"), tile_id: TileId("forest"), surface_id: SurfaceId("surface:ofe-1:forest"), surface_class: ForestLitter, source_type: LitterLiquid, source_id: SourceId("liquid:ofe-1:forest") }, liquid_kg_m2_tile: 3.9965960176244177, last_accepted_transaction_id: Some(TransactionId(41)) }, DirectSurfaceLiquidStateRecord { key: DirectSurfaceLiquidStoreKey { run_id: 83, ofe_id: OfeId("ofe-1"), tile_id: TileId("open"), surface_id: SurfaceId("surface:ofe-1:open"), surface_class: BareMineralSoil, source_type: SurfaceLiquid, source_id: SourceId("liquid:ofe-1:open") }, liquid_kg_m2_tile: 0.0, last_accepted_transaction_id: Some(TransactionId(41)) }], continuations: [DirectSurfaceLiquidContinuationState { ofe_id: OfeId("ofe-1"), day_index: 0, next_interval_index: 1, cumulative_supply_m: 8.022340187130082e-6, cumulative_infiltration_m: 8.022340187130082e-6, last_accepted_transaction_id: Some(TransactionId(41)) }] }), snow_stage3_shadow: None, snow_stage3_v11_attachment: None, laned_active: None, laned_active_summary: None }, arbitration: UnifiedRealHydrologyArbitration { transaction_id: TransactionId(41), requests: [WaterAmount { key: GroundWaterKey { transaction_id: TransactionId(41), requesting_owner_id: ResourceOwnerId("vegetation-v8"), requesting_component: VegetationRoot, ofe_id: OfeId("ofe-1"), requesting_tile_id: TileId("forest"), occupancy_id: Some(ComponentId("stratum-z-upper::forest")), surface_id: None, surface_class: None, source_type: SoilLayerLiquid, source_id: SourceId("soil-1"), source_tile_id: None, soil_layer_id: Some(SoilLayerId("soil-1")), amount_basis: KgH2oM2StandGroundInterval }, amount_kg_m2_stand_ground: 0.0005065401788855218 }, WaterAmount { key: GroundWaterKey { transaction_id: TransactionId(41), requesting_owner_id: ResourceOwnerId("vegetation-v8"), requesting_component: VegetationRoot, ofe_id: OfeId("ofe-1"), requesting_tile_id: TileId("forest"), occupancy_id: Some(ComponentId("stratum-z-upper::forest")), surface_id: None, surface_class: None, source_type: SoilLayerLiquid, source_id: SourceId("soil-2"), source_tile_id: None, soil_layer_id: Some(SoilLayerId("soil-2")), amount_basis: KgH2oM2StandGroundInterval }, amount_kg_m2_stand_ground: 0.0003104601096395134 }, WaterAmount { key: GroundWaterKey { transaction_id: TransactionId(41), requesting_owner_id: ResourceOwnerId("vegetation-v8"), requesting_component: VegetationRoot, ofe_id: OfeId("ofe-1"), requesting_tile_id: TileId("forest"), occupancy_id: Some(ComponentId("stratum-z-upper::forest")), surface_id: None, surface_class: None, source_type: SoilLayerLiquid, source_id: SourceId("soil-dry"), source_tile_id: None, soil_layer_id: Some(SoilLayerId("soil-dry")), amount_basis: KgH2oM2StandGroundInterval }, amount_kg_m2_stand_ground: 0.0 }, WaterAmount { key: GroundWaterKey { transaction_id: TransactionId(41), requesting_owner_id: ResourceOwnerId("vegetation-v8"), requesting_component: VegetationRoot, ofe_id: OfeId("ofe-1"), requesting_tile_id: TileId("forest"), occupancy_id: Some(ComponentId("stratum-z-upper::forest")), surface_id: None, surface_class: None, source_type: SoilLayerLiquid, source_id: SourceId("soil-frozen"), source_tile_id: None, soil_layer_id: Some(SoilLayerId("soil-frozen")), amount_basis: KgH2oM2StandGroundInterval }, amount_kg_m2_stand_ground: 0.0 }, WaterAmount { key: GroundWaterKey { transaction_id: TransactionId(41), requesting_owner_id: ResourceOwnerId("vegetation-v8"), requesting_component: VegetationRoot, ofe_id: OfeId("ofe-1"), requesting_tile_id: TileId("forest"), occupancy_id: Some(ComponentId("stratum-a-lower::forest")), surface_id: None, surface_class: None, source_type: SoilLayerLiquid, source_id: SourceId("soil-1"), source_tile_id: None, soil_layer_id: Some(SoilLayerId("soil-1")), amount_basis: KgH2oM2StandGroundInterval }, amount_kg_m2_stand_ground: 0.00033615364997301265 }, WaterAmount { key: GroundWaterKey { transaction_id: TransactionId(41), requesting_owner_id: ResourceOwnerId("vegetation-v8"), requesting_component: VegetationRoot, ofe_id: OfeId("ofe-1"), requesting_tile_id: TileId("forest"), occupancy_id: Some(ComponentId("stratum-a-lower::forest")), surface_id: None, surface_class: None, source_type: SoilLayerLiquid, source_id: SourceId("soil-2"), source_tile_id: None, soil_layer_id: Some(SoilLayerId("soil-2")), amount_basis: KgH2oM2StandGroundInterval }, amount_kg_m2_stand_ground: 0.0002060296564350723 }, WaterAmount { key: GroundWaterKey { transaction_id: TransactionId(41), requesting_owner_id: ResourceOwnerId("vegetation-v8"), requesting_component: VegetationRoot, ofe_id: OfeId("ofe-1"), requesting_tile_id: TileId("forest"), occupancy_id: Some(ComponentId("stratum-a-lower::forest")), surface_id: None, surface_class: None, source_type: SoilLayerLiquid, source_id: SourceId("soil-dry"), source_tile_id: None, soil_layer_id: Some(SoilLayerId("soil-dry")), amount_basis: KgH2oM2StandGroundInterval }, amount_kg_m2_stand_ground: 0.0 }, WaterAmount { key: GroundWaterKey { transaction_id: TransactionId(41), requesting_owner_id: ResourceOwnerId("vegetation-v8"), requesting_component: VegetationRoot, ofe_id: OfeId("ofe-1"), requesting_tile_id: TileId("forest"), occupancy_id: Some(ComponentId("stratum-a-lower::forest")), surface_id: None, surface_class: None, source_type: SoilLayerLiquid, source_id: SourceId("soil-frozen"), source_tile_id: None, soil_layer_id: Some(SoilLayerId("soil-frozen")), amount_basis: KgH2oM2StandGroundInterval }, amount_kg_m2_stand_ground: 0.0 }, WaterAmount { key: GroundWaterKey { transaction_id: TransactionId(41), requesting_owner_id: ResourceOwnerId("land-surface-energy-v1"), requesting_component: GroundSurface, ofe_id: OfeId("ofe-1"), requesting_tile_id: TileId("forest"), occupancy_id: None, surface_id: Some(SurfaceId("surface:ofe-1:forest")), surface_class: Some(ForestLitter), source_type: LitterLiquid, source_id: SourceId("liquid:ofe-1:forest"), source_tile_id: Some(TileId("forest")), soil_layer_id: None, amount_basis: KgH2oM2StandGroundInterval }, amount_kg_m2_stand_ground: 0.0012935133027212706 }, WaterAmount { key: GroundWaterKey { transaction_id: TransactionId(41), requesting_owner_id: ResourceOwnerId("land-surface-energy-v1"), requesting_component: GroundSurface, ofe_id: OfeId("ofe-1"), requesting_tile_id: TileId("open"), occupancy_id: None, surface_id: Some(SurfaceId("surface:ofe-1:open")), surface_class: Some(BareMineralSoil), source_type: SurfaceLiquid, source_id: SourceId("liquid:ofe-1:open"), source_tile_id: Some(TileId("open")), soil_layer_id: None, amount_basis: KgH2oM2StandGroundInterval }, amount_kg_m2_stand_ground: 0.0041489547083943135 }], authorizations: [WaterAuthorization { key: GroundWaterKey { transaction_id: TransactionId(41), requesting_owner_id: ResourceOwnerId("vegetation-v8"), requesting_component: VegetationRoot, ofe_id: OfeId("ofe-1"), requesting_tile_id: TileId("forest"), occupancy_id: Some(ComponentId("stratum-z-upper::forest")), surface_id: None, surface_class: None, source_type: SoilLayerLiquid, source_id: SourceId("soil-1"), source_tile_id: None, soil_layer_id: Some(SoilLayerId("soil-1")), amount_basis: KgH2oM2StandGroundInterval }, amount_kg_m2_stand_ground: 0.0005065401788855218, reason: FullSupply }, WaterAuthorization { key: GroundWaterKey { transaction_id: TransactionId(41), requesting_owner_id: ResourceOwnerId("vegetation-v8"), requesting_component: VegetationRoot, ofe_id: OfeId("ofe-1"), requesting_tile_id: TileId("forest"), occupancy_id: Some(ComponentId("stratum-z-upper::forest")), surface_id: None, surface_class: None, source_type: SoilLayerLiquid, source_id: SourceId("soil-2"), source_tile_id: None, soil_layer_id: Some(SoilLayerId("soil-2")), amount_basis: KgH2oM2StandGroundInterval }, amount_kg_m2_stand_ground: 0.0003104601096395134, reason: FullSupply }, WaterAuthorization { key: GroundWaterKey { transaction_id: TransactionId(41), requesting_owner_id: ResourceOwnerId("vegetation-v8"), requesting_component: VegetationRoot, ofe_id: OfeId("ofe-1"), requesting_tile_id: TileId("forest"), occupancy_id: Some(ComponentId("stratum-z-upper::forest")), surface_id: None, surface_class: None, source_type: SoilLayerLiquid, source_id: SourceId("soil-dry"), source_tile_id: None, soil_layer_id: Some(SoilLayerId("soil-dry")), amount_basis: KgH2oM2StandGroundInterval }, amount_kg_m2_stand_ground: 0.0, reason: ZeroSupply }, WaterAuthorization { key: GroundWaterKey { transaction_id: TransactionId(41), requesting_owner_id: ResourceOwnerId("vegetation-v8"), requesting_component: VegetationRoot, ofe_id: OfeId("ofe-1"), requesting_tile_id: TileId("forest"), occupancy_id: Some(ComponentId("stratum-z-upper::forest")), surface_id: None, surface_class: None, source_type: SoilLayerLiquid, source_id: SourceId("soil-frozen"), source_tile_id: None, soil_layer_id: Some(SoilLayerId("soil-frozen")), amount_basis: KgH2oM2StandGroundInterval }, amount_kg_m2_stand_ground: 0.0, reason: ZeroSupply }, WaterAuthorization { key: GroundWaterKey { transaction_id: TransactionId(41), requesting_owner_id: ResourceOwnerId("vegetation-v8"), requesting_component: VegetationRoot, ofe_id: OfeId("ofe-1"), requesting_tile_id: TileId("forest"), occupancy_id: Some(ComponentId("stratum-a-lower::forest")), surface_id: None, surface_class: None, source_type: SoilLayerLiquid, source_id: SourceId("soil-1"), source_tile_id: None, soil_layer_id: Some(SoilLayerId("soil-1")), amount_basis: KgH2oM2StandGroundInterval }, amount_kg_m2_stand_ground: 0.00033615364997301265, reason: FullSupply }, WaterAuthorization { key: GroundWaterKey { transaction_id: TransactionId(41), requesting_owner_id: ResourceOwnerId("vegetation-v8"), requesting_component: VegetationRoot, ofe_id: OfeId("ofe-1"), requesting_tile_id: TileId("forest"), occupancy_id: Some(ComponentId("stratum-a-lower::forest")), surface_id: None, surface_class: None, source_type: SoilLayerLiquid, source_id: SourceId("soil-2"), source_tile_id: None, soil_layer_id: Some(SoilLayerId("soil-2")), amount_basis: KgH2oM2StandGroundInterval }, amount_kg_m2_stand_ground: 0.0002060296564350723, reason: FullSupply }, WaterAuthorization { key: GroundWaterKey { transaction_id: TransactionId(41), requesting_owner_id: ResourceOwnerId("vegetation-v8"), requesting_component: VegetationRoot, ofe_id: OfeId("ofe-1"), requesting_tile_id: TileId("forest"), occupancy_id: Some(ComponentId("stratum-a-lower::forest")), surface_id: None, surface_class: None, source_type: SoilLayerLiquid, source_id: SourceId("soil-dry"), source_tile_id: None, soil_layer_id: Some(SoilLayerId("soil-dry")), amount_basis: KgH2oM2StandGroundInterval }, amount_kg_m2_stand_ground: 0.0, reason: ZeroSupply }, WaterAuthorization { key: GroundWaterKey { transaction_id: TransactionId(41), requesting_owner_id: ResourceOwnerId("vegetation-v8"), requesting_component: VegetationRoot, ofe_id: OfeId("ofe-1"), requesting_tile_id: TileId("forest"), occupancy_id: Some(ComponentId("stratum-a-lower::forest")), surface_id: None, surface_class: None, source_type: SoilLayerLiquid, source_id: SourceId("soil-frozen"), source_tile_id: None, soil_layer_id: Some(SoilLayerId("soil-frozen")), amount_basis: KgH2oM2StandGroundInterval }, amount_kg_m2_stand_ground: 0.0, reason: ZeroSupply }, WaterAuthorization { key: GroundWaterKey { transaction_id: TransactionId(41), requesting_owner_id: ResourceOwnerId("land-surface-energy-v1"), requesting_component: GroundSurface, ofe_id: OfeId("ofe-1"), requesting_tile_id: TileId("forest"), occupancy_id: None, surface_id: Some(SurfaceId("surface:ofe-1:forest")), surface_class: Some(ForestLitter), source_type: LitterLiquid, source_id: SourceId("liquid:ofe-1:forest"), source_tile_id: Some(TileId("forest")), soil_layer_id: None, amount_basis: KgH2oM2StandGroundInterval }, amount_kg_m2_stand_ground: 0.0012935133027212706, reason: FullSupply }, WaterAuthorization { key: GroundWaterKey { transaction_id: TransactionId(41), requesting_owner_id: ResourceOwnerId("land-surface-energy-v1"), requesting_component: GroundSurface, ofe_id: OfeId("ofe-1"), requesting_tile_id: TileId("open"), occupancy_id: None, surface_id: Some(SurfaceId("surface:ofe-1:open")), surface_class: Some(BareMineralSoil), source_type: SurfaceLiquid, source_id: SourceId("liquid:ofe-1:open"), source_tile_id: Some(TileId("open")), soil_layer_id: None, amount_basis: KgH2oM2StandGroundInterval }, amount_kg_m2_stand_ground: 0.0, reason: DrySource }], soil: MixedRealHydrologyArbitration { requests: [MixedRealHydrologyRequest { request: WaterAmount { key: GroundWaterKey { transaction_id: TransactionId(41), requesting_owner_id: ResourceOwnerId("vegetation-v8"), requesting_component: VegetationRoot, ofe_id: OfeId("ofe-1"), requesting_tile_id: TileId("forest"), occupancy_id: Some(ComponentId("stratum-z-upper::forest")), surface_id: None, surface_class: None, source_type: SoilLayerLiquid, source_id: SourceId("soil-1"), source_tile_id: None, soil_layer_id: Some(SoilLayerId("soil-1")), amount_basis: KgH2oM2StandGroundInterval }, amount_kg_m2_stand_ground: 0.0005065401788855218 }, source: RealHydrologySourceKey { ofe_lane: RealHydrologyOfeLaneId { lane_index: 0, lane_id: 1 }, layer_id: SoilLayerId("soil-1") } }, MixedRealHydrologyRequest { request: WaterAmount { key: GroundWaterKey { transaction_id: TransactionId(41), requesting_owner_id: ResourceOwnerId("vegetation-v8"), requesting_component: VegetationRoot, ofe_id: OfeId("ofe-1"), requesting_tile_id: TileId("forest"), occupancy_id: Some(ComponentId("stratum-z-upper::forest")), surface_id: None, surface_class: None, source_type: SoilLayerLiquid, source_id: SourceId("soil-2"), source_tile_id: None, soil_layer_id: Some(SoilLayerId("soil-2")), amount_basis: KgH2oM2StandGroundInterval }, amount_kg_m2_stand_ground: 0.0003104601096395134 }, source: RealHydrologySourceKey { ofe_lane: RealHydrologyOfeLaneId { lane_index: 0, lane_id: 1 }, layer_id: SoilLayerId("soil-2") } }, MixedRealHydrologyRequest { request: WaterAmount { key: GroundWaterKey { transaction_id: TransactionId(41), requesting_owner_id: ResourceOwnerId("vegetation-v8"), requesting_component: VegetationRoot, ofe_id: OfeId("ofe-1"), requesting_tile_id: TileId("forest"), occupancy_id: Some(ComponentId("stratum-z-upper::forest")), surface_id: None, surface_class: None, source_type: SoilLayerLiquid, source_id: SourceId("soil-dry"), source_tile_id: None, soil_layer_id: Some(SoilLayerId("soil-dry")), amount_basis: KgH2oM2StandGroundInterval }, amount_kg_m2_stand_ground: 0.0 }, source: RealHydrologySourceKey { ofe_lane: RealHydrologyOfeLaneId { lane_index: 0, lane_id: 1 }, layer_id: SoilLayerId("soil-dry") } }, MixedRealHydrologyRequest { request: WaterAmount { key: GroundWaterKey { transaction_id: TransactionId(41), requesting_owner_id: ResourceOwnerId("vegetation-v8"), requesting_component: VegetationRoot, ofe_id: OfeId("ofe-1"), requesting_tile_id: TileId("forest"), occupancy_id: Some(ComponentId("stratum-z-upper::forest")), surface_id: None, surface_class: None, source_type: SoilLayerLiquid, source_id: SourceId("soil-frozen"), source_tile_id: None, soil_layer_id: Some(SoilLayerId("soil-frozen")), amount_basis: KgH2oM2StandGroundInterval }, amount_kg_m2_stand_ground: 0.0 }, source: RealHydrologySourceKey { ofe_lane: RealHydrologyOfeLaneId { lane_index: 0, lane_id: 1 }, layer_id: SoilLayerId("soil-frozen") } }, MixedRealHydrologyRequest { request: WaterAmount { key: GroundWaterKey { transaction_id: TransactionId(41), requesting_owner_id: ResourceOwnerId("vegetation-v8"), requesting_component: VegetationRoot, ofe_id: OfeId("ofe-1"), requesting_tile_id: TileId("forest"), occupancy_id: Some(ComponentId("stratum-a-lower::forest")), surface_id: None, surface_class: None, source_type: SoilLayerLiquid, source_id: SourceId("soil-1"), source_tile_id: None, soil_layer_id: Some(SoilLayerId("soil-1")), amount_basis: KgH2oM2StandGroundInterval }, amount_kg_m2_stand_ground: 0.00033615364997301265 }, source: RealHydrologySourceKey { ofe_lane: RealHydrologyOfeLaneId { lane_index: 0, lane_id: 1 }, layer_id: SoilLayerId("soil-1") } }, MixedRealHydrologyRequest { request: WaterAmount { key: GroundWaterKey { transaction_id: TransactionId(41), requesting_owner_id: ResourceOwnerId("vegetation-v8"), requesting_component: VegetationRoot, ofe_id: OfeId("ofe-1"), requesting_tile_id: TileId("forest"), occupancy_id: Some(ComponentId("stratum-a-lower::forest")), surface_id: None, surface_class: None, source_type: SoilLayerLiquid, source_id: SourceId("soil-2"), source_tile_id: None, soil_layer_id: Some(SoilLayerId("soil-2")), amount_basis: KgH2oM2StandGroundInterval }, amount_kg_m2_stand_ground: 0.0002060296564350723 }, source: RealHydrologySourceKey { ofe_lane: RealHydrologyOfeLaneId { lane_index: 0, lane_id: 1 }, layer_id: SoilLayerId("soil-2") } }, MixedRealHydrologyRequest { request: WaterAmount { key: GroundWaterKey { transaction_id: TransactionId(41), requesting_owner_id: ResourceOwnerId("vegetation-v8"), requesting_component: VegetationRoot, ofe_id: OfeId("ofe-1"), requesting_tile_id: TileId("forest"), occupancy_id: Some(ComponentId("stratum-a-lower::forest")), surface_id: None, surface_class: None, source_type: SoilLayerLiquid, source_id: SourceId("soil-dry"), source_tile_id: None, soil_layer_id: Some(SoilLayerId("soil-dry")), amount_basis: KgH2oM2StandGroundInterval }, amount_kg_m2_stand_ground: 0.0 }, source: RealHydrologySourceKey { ofe_lane: RealHydrologyOfeLaneId { lane_index: 0, lane_id: 1 }, layer_id: SoilLayerId("soil-dry") } }, MixedRealHydrologyRequest { request: WaterAmount { key: GroundWaterKey { transaction_id: TransactionId(41), requesting_owner_id: ResourceOwnerId("vegetation-v8"), requesting_component: VegetationRoot, ofe_id: OfeId("ofe-1"), requesting_tile_id: TileId("forest"), occupancy_id: Some(ComponentId("stratum-a-lower::forest")), surface_id: None, surface_class: None, source_type: SoilLayerLiquid, source_id: SourceId("soil-frozen"), source_tile_id: None, soil_layer_id: Some(SoilLayerId("soil-frozen")), amount_basis: KgH2oM2StandGroundInterval }, amount_kg_m2_stand_ground: 0.0 }, source: RealHydrologySourceKey { ofe_lane: RealHydrologyOfeLaneId { lane_index: 0, lane_id: 1 }, layer_id: SoilLayerId("soil-frozen") } }], authorizations: [MixedRealHydrologyAuthorization { authorization: WaterAuthorization { key: GroundWaterKey { transaction_id: TransactionId(41), requesting_owner_id: ResourceOwnerId("vegetation-v8"), requesting_component: VegetationRoot, ofe_id: OfeId("ofe-1"), requesting_tile_id: TileId("forest"), occupancy_id: Some(ComponentId("stratum-z-upper::forest")), surface_id: None, surface_class: None, source_type: SoilLayerLiquid, source_id: SourceId("soil-1"), source_tile_id: None, soil_layer_id: Some(SoilLayerId("soil-1")), amount_basis: KgH2oM2StandGroundInterval }, amount_kg_m2_stand_ground: 0.0005065401788855218, reason: FullSupply }, source: RealHydrologySourceKey { ofe_lane: RealHydrologyOfeLaneId { lane_index: 0, lane_id: 1 }, layer_id: SoilLayerId("soil-1") } }, MixedRealHydrologyAuthorization { authorization: WaterAuthorization { key: GroundWaterKey { transaction_id: TransactionId(41), requesting_owner_id: ResourceOwnerId("vegetation-v8"), requesting_component: VegetationRoot, ofe_id: OfeId("ofe-1"), requesting_tile_id: TileId("forest"), occupancy_id: Some(ComponentId("stratum-z-upper::forest")), surface_id: None, surface_class: None, source_type: SoilLayerLiquid, source_id: SourceId("soil-2"), source_tile_id: None, soil_layer_id: Some(SoilLayerId("soil-2")), amount_basis: KgH2oM2StandGroundInterval }, amount_kg_m2_stand_ground: 0.0003104601096395134, reason: FullSupply }, source: RealHydrologySourceKey { ofe_lane: RealHydrologyOfeLaneId { lane_index: 0, lane_id: 1 }, layer_id: SoilLayerId("soil-2") } }, MixedRealHydrologyAuthorization { authorization: WaterAuthorization { key: GroundWaterKey { transaction_id: TransactionId(41), requesting_owner_id: ResourceOwnerId("vegetation-v8"), requesting_component: VegetationRoot, ofe_id: OfeId("ofe-1"), requesting_tile_id: TileId("forest"), occupancy_id: Some(ComponentId("stratum-z-upper::forest")), surface_id: None, surface_class: None, source_type: SoilLayerLiquid, source_id: SourceId("soil-dry"), source_tile_id: None, soil_layer_id: Some(SoilLayerId("soil-dry")), amount_basis: KgH2oM2StandGroundInterval }, amount_kg_m2_stand_ground: 0.0, reason: ZeroSupply }, source: RealHydrologySourceKey { ofe_lane: RealHydrologyOfeLaneId { lane_index: 0, lane_id: 1 }, layer_id: SoilLayerId("soil-dry") } }, MixedRealHydrologyAuthorization { authorization: WaterAuthorization { key: GroundWaterKey { transaction_id: TransactionId(41), requesting_owner_id: ResourceOwnerId("vegetation-v8"), requesting_component: VegetationRoot, ofe_id: OfeId("ofe-1"), requesting_tile_id: TileId("forest"), occupancy_id: Some(ComponentId("stratum-z-upper::forest")), surface_id: None, surface_class: None, source_type: SoilLayerLiquid, source_id: SourceId("soil-frozen"), source_tile_id: None, soil_layer_id: Some(SoilLayerId("soil-frozen")), amount_basis: KgH2oM2StandGroundInterval }, amount_kg_m2_stand_ground: 0.0, reason: ZeroSupply }, source: RealHydrologySourceKey { ofe_lane: RealHydrologyOfeLaneId { lane_index: 0, lane_id: 1 }, layer_id: SoilLayerId("soil-frozen") } }, MixedRealHydrologyAuthorization { authorization: WaterAuthorization { key: GroundWaterKey { transaction_id: TransactionId(41), requesting_owner_id: ResourceOwnerId("vegetation-v8"), requesting_component: VegetationRoot, ofe_id: OfeId("ofe-1"), requesting_tile_id: TileId("forest"), occupancy_id: Some(ComponentId("stratum-a-lower::forest")), surface_id: None, surface_class: None, source_type: SoilLayerLiquid, source_id: SourceId("soil-1"), source_tile_id: None, soil_layer_id: Some(SoilLayerId("soil-1")), amount_basis: KgH2oM2StandGroundInterval }, amount_kg_m2_stand_ground: 0.00033615364997301265, reason: FullSupply }, source: RealHydrologySourceKey { ofe_lane: RealHydrologyOfeLaneId { lane_index: 0, lane_id: 1 }, layer_id: SoilLayerId("soil-1") } }, MixedRealHydrologyAuthorization { authorization: WaterAuthorization { key: GroundWaterKey { transaction_id: TransactionId(41), requesting_owner_id: ResourceOwnerId("vegetation-v8"), requesting_component: VegetationRoot, ofe_id: OfeId("ofe-1"), requesting_tile_id: TileId("forest"), occupancy_id: Some(ComponentId("stratum-a-lower::forest")), surface_id: None, surface_class: None, source_type: SoilLayerLiquid, source_id: SourceId("soil-2"), source_tile_id: None, soil_layer_id: Some(SoilLayerId("soil-2")), amount_basis: KgH2oM2StandGroundInterval }, amount_kg_m2_stand_ground: 0.0002060296564350723, reason: FullSupply }, source: RealHydrologySourceKey { ofe_lane: RealHydrologyOfeLaneId { lane_index: 0, lane_id: 1 }, layer_id: SoilLayerId("soil-2") } }, MixedRealHydrologyAuthorization { authorization: WaterAuthorization { key: GroundWaterKey { transaction_id: TransactionId(41), requesting_owner_id: ResourceOwnerId("vegetation-v8"), requesting_component: VegetationRoot, ofe_id: OfeId("ofe-1"), requesting_tile_id: TileId("forest"), occupancy_id: Some(ComponentId("stratum-a-lower::forest")), surface_id: None, surface_class: None, source_type: SoilLayerLiquid, source_id: SourceId("soil-dry"), source_tile_id: None, soil_layer_id: Some(SoilLayerId("soil-dry")), amount_basis: KgH2oM2StandGroundInterval }, amount_kg_m2_stand_ground: 0.0, reason: ZeroSupply }, source: RealHydrologySourceKey { ofe_lane: RealHydrologyOfeLaneId { lane_index: 0, lane_id: 1 }, layer_id: SoilLayerId("soil-dry") } }, MixedRealHydrologyAuthorization { authorization: WaterAuthorization { key: GroundWaterKey { transaction_id: TransactionId(41), requesting_owner_id: ResourceOwnerId("vegetation-v8"), requesting_component: VegetationRoot, ofe_id: OfeId("ofe-1"), requesting_tile_id: TileId("forest"), occupancy_id: Some(ComponentId("stratum-a-lower::forest")), surface_id: None, surface_class: None, source_type: SoilLayerLiquid, source_id: SourceId("soil-frozen"), source_tile_id: None, soil_layer_id: Some(SoilLayerId("soil-frozen")), amount_basis: KgH2oM2StandGroundInterval }, amount_kg_m2_stand_ground: 0.0, reason: ZeroSupply }, source: RealHydrologySourceKey { ofe_lane: RealHydrologyOfeLaneId { lane_index: 0, lane_id: 1 }, layer_id: SoilLayerId("soil-frozen") } }], beginning_frame: DirectRunFrame { identity: DirectRunIdentity { run_id: 83, hillslope_id: 11, lane_count: 1, day_count: 1 }, lanes: [DirectLaneFrame { lane_id: 1, upstream_lane_id: 0, downstream_lane_id: 0, upstream_area_ratio: 1.0, area_m2: 100.0, runoff_publication_q_scale: 1.0, runoff_publication_qofe_scale: 1.0, runoff_publication_efflen_m: 1.0, runoff_publication_cumulative_length_m: 1.0, runoff_publication_ofe_length_m: 1.0, water: DirectWaterState { soil_water_m: 0.12000000000000001, infiltration_m: 0.0, runoff_m: 0.0, evapotranspiration_m: 0.0, drainage_m: 0.0, lateral_flow_m: 0.0 }, transfer: DirectTransferBuffers { surface_carry_m: [0.0, 0.0, 0.0, 0.0, 0.0, 0.0, 0.0, 0.0, 0.0, 0.0, 0.0, 0.0, 0.0, 0.0, 0.0, 0.0, 0.0, 0.0, 0.0, 0.0, 0.0, 0.0, 0.0, 0.0], surface_hourly_weights: [0.0, 0.0, 0.0, 0.0, 0.0, 0.0, 0.0, 0.0, 0.0, 0.0, 0.0, 0.0, 0.0, 0.0, 0.0, 0.0, 0.0, 0.0, 0.0, 0.0, 0.0, 0.0, 0.0, 0.0], lateral_carry_m: [0.0, 0.0, 0.0, 0.0, 0.0, 0.0, 0.0, 0.0, 0.0, 0.0, 0.0, 0.0, 0.0, 0.0, 0.0, 0.0, 0.0, 0.0, 0.0, 0.0, 0.0, 0.0, 0.0, 0.0], upstream_flow_m: 0.0, subsurface_input_m: 0.0 }, publication: DirectPublicationFrame { runoff_m: 0.0, infiltration_m: 0.0, evapotranspiration_m: 0.0, drainage_m: 0.0, lateral_flow_m: 0.0 }, erosion_downstream_operands: DirectErosionDownstreamOperands { publication_authority: false, publication: DirectPublicationErosionOperands { peak_runoff_rate_m_s: Some(0.0), runoff_duration_s: Some(0.0), total_detachment_kg: Some(0.0), total_deposition_kg: Some(0.0), hbp_total_detachment_kg: Some(0.0), hbp_total_deposition_kg: Some(0.0), hbp_sediment_concentration_kg_m3: Some(0.0), sediment_concentration_kg_m3: Some([0.0, 0.0, 0.0, 0.0, 0.0]), hourly_runoff_fraction: None, hourly_sediment_mass_kg: None, enrichment_ratio: None } }, erosion_inflow_intake: None, subsurface_layers: [DirectSubsurfaceLayerState { theta_m: 0.02, field_capacity_m: 0.02, upper_limit_m: 0.2, conductivity_m_s: 1e-6, depth_m: 0.3, residual_theta: 0.0, frozen_depth_m: 0.0, frozen_water_m: 0.0, porosity: 0.45, field_capacity_theta: 0.25, coca: 0.1, lateral_conductivity_m_s: 1e-7 }, DirectSubsurfaceLayerState { theta_m: 0.02, field_capacity_m: 0.02, upper_limit_m: 0.2, conductivity_m_s: 1e-6, depth_m: 0.3, residual_theta: 0.0, frozen_depth_m: 0.0, frozen_water_m: 0.0, porosity: 0.45, field_capacity_theta: 0.25, coca: 0.1, lateral_conductivity_m_s: 1e-7 }, DirectSubsurfaceLayerState { theta_m: 0.02, field_capacity_m: 0.02, upper_limit_m: 0.2, conductivity_m_s: 1e-6, depth_m: 0.3, residual_theta: 0.0, frozen_depth_m: 0.0, frozen_water_m: 0.0, porosity: 0.45, field_capacity_theta: 0.25, coca: 0.1, lateral_conductivity_m_s: 1e-7 }, DirectSubsurfaceLayerState { theta_m: 0.02, field_capacity_m: 0.02, upper_limit_m: 0.2, conductivity_m_s: 1e-6, depth_m: 0.3, residual_theta: 0.0, frozen_depth_m: 0.0, frozen_water_m: 0.0, porosity: 0.45, field_capacity_theta: 0.25, coca: 0.1, lateral_conductivity_m_s: 1e-7 }, DirectSubsurfaceLayerState { theta_m: 0.02, field_capacity_m: 0.02, upper_limit_m: 0.2, conductivity_m_s: 1e-6, depth_m: 0.3, residual_theta: 0.0, frozen_depth_m: 0.0, frozen_water_m: 0.0, porosity: 0.45, field_capacity_theta: 0.25, coca: 0.1, lateral_conductivity_m_s: 1e-7 }, DirectSubsurfaceLayerState { theta_m: 0.02, field_capacity_m: 0.02, upper_limit_m: 0.2, conductivity_m_s: 1e-6, depth_m: 0.3, residual_theta: 0.0, frozen_depth_m: 0.0, frozen_water_m: 0.0, porosity: 0.45, field_capacity_theta: 0.25, coca: 0.1, lateral_conductivity_m_s: 1e-7 }], evapotranspiration_stage_state: None, plant_growth_state: DirectGrowthStateSurface { sumgdd: 0.0, live_biomass_kg_m2: 0.0, interception_live_biomass_kg_m2: 0.0, canopy_height_m: 0.0, canopy_cover_fraction: 0.0, leaf_area_index: 0.0, root_mass_kg_m2: 0.0, root_depth_m: 0.0, harvest_index: 0.0 }, plant_water_stress: 1.0, winter_column: DirectWinterColumnState { snow: DirectSnowLaneState { runtime_swe_m: 0.0, runtime_depth_m: 0.0, runtime_density_kg_m3: 0.0, runtime_settle_day_count: 0.0, coe_boundary_depth_m: 0.0, coe_boundary_density_kg_m3: 0.0, coe_boundary_settle_day_count: 0.0, liquid_water_retained_m: 0.0, snow_albedo_state: None, layers: [] }, frost: DirectFrostLaneState { active_frost_coupling: false, dfrost_m: 0.0, dthaw_m: 0.0, nft: 0.0, ws_frz_m: 0.0, infcap_frz_m_s: 0.0, frwatc_soil_water_before_m: 0.0, frwatc_soil_water_after_m: 0.0, frwatc_frozen_water_before_m: 0.0, frwatc_frozen_water_after_m: 0.0, frwatc_freeze_debit_m: 0.0, frwatc_thaw_credit_m: 0.0, frwatc_net_liquid_delta_m: 0.0, frdp_m: 0.0, thdp_m: 0.0, tfrdp_m: 0.0, tthawd_m: 0.0, fgthwd_flag: 0.0, total_fine_layer_count: 0.0, conductivity_tilled_w_m_k: 0.0, conductivity_untilled_w_m_k: 0.0, conductivity_residue_w_m_k: 0.0, shadow_total_water_before_m: 0.0, shadow_total_water_after_m: 0.0, shadow_wb_delta_m: 0.0, shadow_frwatc_residual_m: 0.0, watpdg_m: 0.0, watbtm_m: 0.0, layer_shadows: [], fine_layers: [] } }, snow_runtime_carry: None, frost_runtime_carry: None, erosion_runtime_carry: DirectErosionRuntimeCarry { consolidation: DirectErosionConsolidationCarry { rfcum_m: 0.0, daydis: 0.0 }, ifrost: ErosionIfrostCarry(0), rill_width_m: 0.0 }, day_inputs: [] }], phase_plan: DirectPhasePlan { phases: [Normalization, StorageBounds, DecompositionTransition, ResiduePartitionTransition, AnnualGrowthTransition, PerennialGrowthTransition, PercolationDeepSeepage, Evapotranspiration, Drainage, LateralTransfer, PlantRootUptake, RunoffReconciliation, StorageReconciliation, ClosureDiagnostics] }, publication: DirectPublicationFrame { runoff_m: 0.0, infiltration_m: 0.0, evapotranspiration_m: 0.0, drainage_m: 0.0, lateral_flow_m: 0.0 }, lane_transfer_ledger: [DirectLaneTransferLedger { lane_id: 0, upstream_lane_id: 0, downstream_lane_id: 0, upstream_area_ratio: 0.0, area_m2: 0.0, outgoing_surface_m: 0.0, outgoing_lateral_m: 0.0, received_surface_m: 0.0, received_lateral_m: 0.0, net_transfer_m: 0.0 }], lane_transfer_downstream_operands: DirectRunTransferDownstreamOperands { lane_count: 0, outlet_lane_id: 0, total_outgoing_surface_m: 0.0, total_outgoing_lateral_m: 0.0, total_received_surface_m: 0.0, total_received_lateral_m: 0.0, total_net_transfer_m: 0.0 }, lane_transfer_shadow_projection: None, groundwater: DirectGroundwaterRunState { authority: Disabled, storage_m3: 0.0, previous_baseflow_m3: 0.0, previous_deep_seepage_m3: 0.0, initialized_area_m2: None }, surface_liquid_shadow: Some(DirectSurfaceLiquidOwnedState { owner_id: ResourceOwnerId("production-hydrology"), configuration_sha256: "a25b600e898017500147cd87919e81b1e663f24bd6b6c60748cd78c22cef1c86", state_sha256: "5051c218a63d2e050adcd209ef8c8ee2ebfad077bcd9d16db7e59c96b82400d6", records: [DirectSurfaceLiquidStateRecord { key: DirectSurfaceLiquidStoreKey { run_id: 83, ofe_id: OfeId("ofe-1"), tile_id: TileId("forest"), surface_id: SurfaceId("surface:ofe-1:forest"), surface_class: ForestLitter, source_type: LitterLiquid, source_id: SourceId("liquid:ofe-1:forest") }, liquid_kg_m2_tile: 4.0, last_accepted_transaction_id: None }, DirectSurfaceLiquidStateRecord { key: DirectSurfaceLiquidStoreKey { run_id: 83, ofe_id: OfeId("ofe-1"), tile_id: TileId("open"), surface_id: SurfaceId("surface:ofe-1:open"), surface_class: BareMineralSoil, source_type: SurfaceLiquid, source_id: SourceId("liquid:ofe-1:open") }, liquid_kg_m2_tile: 0.0, last_accepted_transaction_id: None }], continuations: [DirectSurfaceLiquidContinuationState { ofe_id: OfeId("ofe-1"), day_index: 0, next_interval_index: 0, cumulative_supply_m: 0.0, cumulative_infiltration_m: 0.0, last_accepted_transaction_id: None }] }), snow_stage3_shadow: None, snow_stage3_v11_attachment: None, laned_active: None, laned_active_summary: None }, transaction_id: TransactionId(41) }, surface: Some(DirectSurfaceLiquidArbitration { transaction_id: TransactionId(41), expected_predecessor: None, beginning_state: DirectSurfaceLiquidOwnedState { owner_id: ResourceOwnerId("production-hydrology"), configuration_sha256: "a25b600e898017500147cd87919e81b1e663f24bd6b6c60748cd78c22cef1c86", state_sha256: "5051c218a63d2e050adcd209ef8c8ee2ebfad077bcd9d16db7e59c96b82400d6", records: [DirectSurfaceLiquidStateRecord { key: DirectSurfaceLiquidStoreKey { run_id: 83, ofe_id: OfeId("ofe-1"), tile_id: TileId("forest"), surface_id: SurfaceId("surface:ofe-1:forest"), surface_class: ForestLitter, source_type: LitterLiquid, source_id: SourceId("liquid:ofe-1:forest") }, liquid_kg_m2_tile: 4.0, last_accepted_transaction_id: None }, DirectSurfaceLiquidStateRecord { key: DirectSurfaceLiquidStoreKey { run_id: 83, ofe_id: OfeId("ofe-1"), tile_id: TileId("open"), surface_id: SurfaceId("surface:ofe-1:open"), surface_class: BareMineralSoil, source_type: SurfaceLiquid, source_id: SourceId("liquid:ofe-1:open") }, liquid_kg_m2_tile: 0.0, last_accepted_transaction_id: None }], continuations: [DirectSurfaceLiquidContinuationState { ofe_id: OfeId("ofe-1"), day_index: 0, next_interval_index: 0, cumulative_supply_m: 0.0, cumulative_infiltration_m: 0.0, last_accepted_transaction_id: None }] }, requests: [WaterAmount { key: GroundWaterKey { transaction_id: TransactionId(41), requesting_owner_id: ResourceOwnerId("land-surface-energy-v1"), requesting_component: GroundSurface, ofe_id: OfeId("ofe-1"), requesting_tile_id: TileId("forest"), occupancy_id: None, surface_id: Some(SurfaceId("surface:ofe-1:forest")), surface_class: Some(ForestLitter), source_type: LitterLiquid, source_id: SourceId("liquid:ofe-1:forest"), source_tile_id: Some(TileId("forest")), soil_layer_id: None, amount_basis: KgH2oM2StandGroundInterval }, amount_kg_m2_stand_ground: 0.0012935133027212706 }, WaterAmount { key: GroundWaterKey { transaction_id: TransactionId(41), requesting_owner_id: ResourceOwnerId("land-surface-energy-v1"), requesting_component: GroundSurface, ofe_id: OfeId("ofe-1"), requesting_tile_id: TileId("open"), occupancy_id: None, surface_id: Some(SurfaceId("surface:ofe-1:open")), surface_class: Some(BareMineralSoil), source_type: SurfaceLiquid, source_id: SourceId("liquid:ofe-1:open"), source_tile_id: Some(TileId("open")), soil_layer_id: None, amount_basis: KgH2oM2StandGroundInterval }, amount_kg_m2_stand_ground: 0.0041489547083943135 }], authorizations: [WaterAuthorization { key: GroundWaterKey { transaction_id: TransactionId(41), requesting_owner_id: ResourceOwnerId("land-surface-energy-v1"), requesting_component: GroundSurface, ofe_id: OfeId("ofe-1"), requesting_tile_id: TileId("forest"), occupancy_id: None, surface_id: Some(SurfaceId("surface:ofe-1:forest")), surface_class: Some(ForestLitter), source_type: LitterLiquid, source_id: SourceId("liquid:ofe-1:forest"), source_tile_id: Some(TileId("forest")), soil_layer_id: None, amount_basis: KgH2oM2StandGroundInterval }, amount_kg_m2_stand_ground: 0.0012935133027212706, reason: FullSupply }, WaterAuthorization { key: GroundWaterKey { transaction_id: TransactionId(41), requesting_owner_id: ResourceOwnerId("land-surface-energy-v1"), requesting_component: GroundSurface, ofe_id: OfeId("ofe-1"), requesting_tile_id: TileId("open"), occupancy_id: None, surface_id: Some(SurfaceId("surface:ofe-1:open")), surface_class: Some(BareMineralSoil), source_type: SurfaceLiquid, source_id: SourceId("liquid:ofe-1:open"), source_tile_id: Some(TileId("open")), soil_layer_id: None, amount_basis: KgH2oM2StandGroundInterval }, amount_kg_m2_stand_ground: 0.0, reason: DrySource }], request_store_keys: [DirectSurfaceLiquidStoreKey { run_id: 83, ofe_id: OfeId("ofe-1"), tile_id: TileId("forest"), surface_id: SurfaceId("surface:ofe-1:forest"), surface_class: ForestLitter, source_type: LitterLiquid, source_id: SourceId("liquid:ofe-1:forest") }, DirectSurfaceLiquidStoreKey { run_id: 83, ofe_id: OfeId("ofe-1"), tile_id: TileId("open"), surface_id: SurfaceId("surface:ofe-1:open"), surface_class: BareMineralSoil, source_type: SurfaceLiquid, source_id: SourceId("liquid:ofe-1:open") }] }) }, finalized_uses: [WaterAmount { key: GroundWaterKey { transaction_id: TransactionId(41), requesting_owner_id: ResourceOwnerId("vegetation-v8"), requesting_component: VegetationRoot, ofe_id: OfeId("ofe-1"), requesting_tile_id: TileId("forest"), occupancy_id: Some(ComponentId("stratum-z-upper::forest")), surface_id: None, surface_class: None, source_type: SoilLayerLiquid, source_id: SourceId("soil-1"), source_tile_id: None, soil_layer_id: Some(SoilLayerId("soil-1")), amount_basis: KgH2oM2StandGroundInterval }, amount_kg_m2_stand_ground: 0.0005065401788849635 }, WaterAmount { key: GroundWaterKey { transaction_id: TransactionId(41), requesting_owner_id: ResourceOwnerId("vegetation-v8"), requesting_component: VegetationRoot, ofe_id: OfeId("ofe-1"), requesting_tile_id: TileId("forest"), occupancy_id: Some(ComponentId("stratum-z-upper::forest")), surface_id: None, surface_class: None, source_type: SoilLayerLiquid, source_id: SourceId("soil-2"), source_tile_id: None, soil_layer_id: Some(SoilLayerId("soil-2")), amount_basis: KgH2oM2StandGroundInterval }, amount_kg_m2_stand_ground: 0.0003104601096391712 }, WaterAmount { key: GroundWaterKey { transaction_id: TransactionId(41), requesting_owner_id: ResourceOwnerId("vegetation-v8"), requesting_component: VegetationRoot, ofe_id: OfeId("ofe-1"), requesting_tile_id: TileId("forest"), occupancy_id: Some(ComponentId("stratum-z-upper::forest")), surface_id: None, surface_class: None, source_type: SoilLayerLiquid, source_id: SourceId("soil-dry"), source_tile_id: None, soil_layer_id: Some(SoilLayerId("soil-dry")), amount_basis: KgH2oM2StandGroundInterval }, amount_kg_m2_stand_ground: 0.0 }, WaterAmount { key: GroundWaterKey { transaction_id: TransactionId(41), requesting_owner_id: ResourceOwnerId("vegetation-v8"), requesting_component: VegetationRoot, ofe_id: OfeId("ofe-1"), requesting_tile_id: TileId("forest"), occupancy_id: Some(ComponentId("stratum-z-upper::forest")), surface_id: None, surface_class: None, source_type: SoilLayerLiquid, source_id: SourceId("soil-frozen"), source_tile_id: None, soil_layer_id: Some(SoilLayerId("soil-frozen")), amount_basis: KgH2oM2StandGroundInterval }, amount_kg_m2_stand_ground: 0.0 }, WaterAmount { key: GroundWaterKey { transaction_id: TransactionId(41), requesting_owner_id: ResourceOwnerId("vegetation-v8"), requesting_component: VegetationRoot, ofe_id: OfeId("ofe-1"), requesting_tile_id: TileId("forest"), occupancy_id: Some(ComponentId("stratum-a-lower::forest")), surface_id: None, surface_class: None, source_type: SoilLayerLiquid, source_id: SourceId("soil-1"), source_tile_id: None, soil_layer_id: Some(SoilLayerId("soil-1")), amount_basis: KgH2oM2StandGroundInterval }, amount_kg_m2_stand_ground: 0.00033615364997301265 }, WaterAmount { key: GroundWaterKey { transaction_id: TransactionId(41), requesting_owner_id: ResourceOwnerId("vegetation-v8"), requesting_component: VegetationRoot, ofe_id: OfeId("ofe-1"), requesting_tile_id: TileId("forest"), occupancy_id: Some(ComponentId("stratum-a-lower::forest")), surface_id: None, surface_class: None, source_type: SoilLayerLiquid, source_id: SourceId("soil-2"), source_tile_id: None, soil_layer_id: Some(SoilLayerId("soil-2")), amount_basis: KgH2oM2StandGroundInterval }, amount_kg_m2_stand_ground: 0.0002060296564350723 }, WaterAmount { key: GroundWaterKey { transaction_id: TransactionId(41), requesting_owner_id: ResourceOwnerId("vegetation-v8"), requesting_component: VegetationRoot, ofe_id: OfeId("ofe-1"), requesting_tile_id: TileId("forest"), occupancy_id: Some(ComponentId("stratum-a-lower::forest")), surface_id: None, surface_class: None, source_type: SoilLayerLiquid, source_id: SourceId("soil-dry"), source_tile_id: None, soil_layer_id: Some(SoilLayerId("soil-dry")), amount_basis: KgH2oM2StandGroundInterval }, amount_kg_m2_stand_ground: 0.0 }, WaterAmount { key: GroundWaterKey { transaction_id: TransactionId(41), requesting_owner_id: ResourceOwnerId("vegetation-v8"), requesting_component: VegetationRoot, ofe_id: OfeId("ofe-1"), requesting_tile_id: TileId("forest"), occupancy_id: Some(ComponentId("stratum-a-lower::forest")), surface_id: None, surface_class: None, source_type: SoilLayerLiquid, source_id: SourceId("soil-frozen"), source_tile_id: None, soil_layer_id: Some(SoilLayerId("soil-frozen")), amount_basis: KgH2oM2StandGroundInterval }, amount_kg_m2_stand_ground: 0.0 }, WaterAmount { key: GroundWaterKey { transaction_id: TransactionId(41), requesting_owner_id: ResourceOwnerId("land-surface-energy-v1"), requesting_component: GroundSurface, ofe_id: OfeId("ofe-1"), requesting_tile_id: TileId("forest"), occupancy_id: None, surface_id: Some(SurfaceId("surface:ofe-1:forest")), surface_class: Some(ForestLitter), source_type: LitterLiquid, source_id: SourceId("liquid:ofe-1:forest"), source_tile_id: Some(TileId("forest")), soil_layer_id: None, amount_basis: KgH2oM2StandGroundInterval }, amount_kg_m2_stand_ground: 0.0012935133027212693 }, WaterAmount { key: GroundWaterKey { transaction_id: TransactionId(41), requesting_owner_id: ResourceOwnerId("land-surface-energy-v1"), requesting_component: GroundSurface, ofe_id: OfeId("ofe-1"), requesting_tile_id: TileId("open"), occupancy_id: None, surface_id: Some(SurfaceId("surface:ofe-1:open")), surface_class: Some(BareMineralSoil), source_type: SurfaceLiquid, source_id: SourceId("liquid:ofe-1:open"), source_tile_id: Some(TileId("open")), soil_layer_id: None, amount_basis: KgH2oM2StandGroundInterval }, amount_kg_m2_stand_ground: 0.0 }], condensation_credits: [], surface_resource: DirectSurfaceLiquidResourceCandidate { transaction_id: TransactionId(41), beginning_state: DirectSurfaceLiquidOwnedState { owner_id: ResourceOwnerId("production-hydrology"), configuration_sha256: "a25b600e898017500147cd87919e81b1e663f24bd6b6c60748cd78c22cef1c86", state_sha256: "5051c218a63d2e050adcd209ef8c8ee2ebfad077bcd9d16db7e59c96b82400d6", records: [DirectSurfaceLiquidStateRecord { key: DirectSurfaceLiquidStoreKey { run_id: 83, ofe_id: OfeId("ofe-1"), tile_id: TileId("forest"), surface_id: SurfaceId("surface:ofe-1:forest"), surface_class: ForestLitter, source_type: LitterLiquid, source_id: SourceId("liquid:ofe-1:forest") }, liquid_kg_m2_tile: 4.0, last_accepted_transaction_id: None }, DirectSurfaceLiquidStateRecord { key: DirectSurfaceLiquidStoreKey { run_id: 83, ofe_id: OfeId("ofe-1"), tile_id: TileId("open"), surface_id: SurfaceId("surface:ofe-1:open"), surface_class: BareMineralSoil, source_type: SurfaceLiquid, source_id: SourceId("liquid:ofe-1:open") }, liquid_kg_m2_tile: 0.0, last_accepted_transaction_id: None }], continuations: [DirectSurfaceLiquidContinuationState { ofe_id: OfeId("ofe-1"), day_index: 0, next_interval_index: 0, cumulative_supply_m: 0.0, cumulative_infiltration_m: 0.0, last_accepted_transaction_id: None }] }, working_state: DirectSurfaceLiquidOwnedState { owner_id: ResourceOwnerId("production-hydrology"), configuration_sha256: "a25b600e898017500147cd87919e81b1e663f24bd6b6c60748cd78c22cef1c86", state_sha256: "5051c218a63d2e050adcd209ef8c8ee2ebfad077bcd9d16db7e59c96b82400d6", records: [DirectSurfaceLiquidStateRecord { key: DirectSurfaceLiquidStoreKey { run_id: 83, ofe_id: OfeId("ofe-1"), tile_id: TileId("forest"), surface_id: SurfaceId("surface:ofe-1:forest"), surface_class: ForestLitter, source_type: LitterLiquid, source_id: SourceId("liquid:ofe-1:forest") }, liquid_kg_m2_tile: 3.9965960176244177, last_accepted_transaction_id: None }, DirectSurfaceLiquidStateRecord { key: DirectSurfaceLiquidStoreKey { run_id: 83, ofe_id: OfeId("ofe-1"), tile_id: TileId("open"), surface_id: SurfaceId("surface:ofe-1:open"), surface_class: BareMineralSoil, source_type: SurfaceLiquid, source_id: SourceId("liquid:ofe-1:open") }, liquid_kg_m2_tile: 0.0, last_accepted_transaction_id: None }], continuations: [DirectSurfaceLiquidContinuationState { ofe_id: OfeId("ofe-1"), day_index: 0, next_interval_index: 0, cumulative_supply_m: 0.0, cumulative_infiltration_m: 0.0, last_accepted_transaction_id: None }] }, finalized_uses: [WaterAmount { key: GroundWaterKey { transaction_id: TransactionId(41), requesting_owner_id: ResourceOwnerId("land-surface-energy-v1"), requesting_component: GroundSurface, ofe_id: OfeId("ofe-1"), requesting_tile_id: TileId("forest"), occupancy_id: None, surface_id: Some(SurfaceId("surface:ofe-1:forest")), surface_class: Some(ForestLitter), source_type: LitterLiquid, source_id: SourceId("liquid:ofe-1:forest"), source_tile_id: Some(TileId("forest")), soil_layer_id: None, amount_basis: KgH2oM2StandGroundInterval }, amount_kg_m2_stand_ground: 0.0012935133027212693 }, WaterAmount { key: GroundWaterKey { transaction_id: TransactionId(41), requesting_owner_id: ResourceOwnerId("land-surface-energy-v1"), requesting_component: GroundSurface, ofe_id: OfeId("ofe-1"), requesting_tile_id: TileId("open"), occupancy_id: None, surface_id: Some(SurfaceId("surface:ofe-1:open")), surface_class: Some(BareMineralSoil), source_type: SurfaceLiquid, source_id: SourceId("liquid:ofe-1:open"), source_tile_id: Some(TileId("open")), soil_layer_id: None, amount_basis: KgH2oM2StandGroundInterval }, amount_kg_m2_stand_ground: 0.0 }], condensation_credits: [], condensation_overflow: [], requests: [WaterAmount { key: GroundWaterKey { transaction_id: TransactionId(41), requesting_owner_id: ResourceOwnerId("land-surface-energy-v1"), requesting_component: GroundSurface, ofe_id: OfeId("ofe-1"), requesting_tile_id: TileId("forest"), occupancy_id: None, surface_id: Some(SurfaceId("surface:ofe-1:forest")), surface_class: Some(ForestLitter), source_type: LitterLiquid, source_id: SourceId("liquid:ofe-1:forest"), source_tile_id: Some(TileId("forest")), soil_layer_id: None, amount_basis: KgH2oM2StandGroundInterval }, amount_kg_m2_stand_ground: 0.0012935133027212706 }, WaterAmount { key: GroundWaterKey { transaction_id: TransactionId(41), requesting_owner_id: ResourceOwnerId("land-surface-energy-v1"), requesting_component: GroundSurface, ofe_id: OfeId("ofe-1"), requesting_tile_id: TileId("open"), occupancy_id: None, surface_id: Some(SurfaceId("surface:ofe-1:open")), surface_class: Some(BareMineralSoil), source_type: SurfaceLiquid, source_id: SourceId("liquid:ofe-1:open"), source_tile_id: Some(TileId("open")), soil_layer_id: None, amount_basis: KgH2oM2StandGroundInterval }, amount_kg_m2_stand_ground: 0.0041489547083943135 }], authorizations: [WaterAuthorization { key: GroundWaterKey { transaction_id: TransactionId(41), requesting_owner_id: ResourceOwnerId("land-surface-energy-v1"), requesting_component: GroundSurface, ofe_id: OfeId("ofe-1"), requesting_tile_id: TileId("forest"), occupancy_id: None, surface_id: Some(SurfaceId("surface:ofe-1:forest")), surface_class: Some(ForestLitter), source_type: LitterLiquid, source_id: SourceId("liquid:ofe-1:forest"), source_tile_id: Some(TileId("forest")), soil_layer_id: None, amount_basis: KgH2oM2StandGroundInterval }, amount_kg_m2_stand_ground: 0.0012935133027212706, reason: FullSupply }, WaterAuthorization { key: GroundWaterKey { transaction_id: TransactionId(41), requesting_owner_id: ResourceOwnerId("land-surface-energy-v1"), requesting_component: GroundSurface, ofe_id: OfeId("ofe-1"), requesting_tile_id: TileId("open"), occupancy_id: None, surface_id: Some(SurfaceId("surface:ofe-1:open")), surface_class: Some(BareMineralSoil), source_type: SurfaceLiquid, source_id: SourceId("liquid:ofe-1:open"), source_tile_id: Some(TileId("open")), soil_layer_id: None, amount_basis: KgH2oM2StandGroundInterval }, amount_kg_m2_stand_ground: 0.0, reason: DrySource }], request_store_keys: [DirectSurfaceLiquidStoreKey { run_id: 83, ofe_id: OfeId("ofe-1"), tile_id: TileId("forest"), surface_id: SurfaceId("surface:ofe-1:forest"), surface_class: ForestLitter, source_type: LitterLiquid, source_id: SourceId("liquid:ofe-1:forest") }, DirectSurfaceLiquidStoreKey { run_id: 83, ofe_id: OfeId("ofe-1"), tile_id: TileId("open"), surface_id: SurfaceId("surface:ofe-1:open"), surface_class: BareMineralSoil, source_type: SurfaceLiquid, source_id: SourceId("liquid:ofe-1:open") }], expected_predecessor: None }, surface_ingress: DirectSurfaceLiquidIngressCandidate { transaction_id: TransactionId(41), beginning_state: DirectSurfaceLiquidOwnedState { owner_id: ResourceOwnerId("production-hydrology"), configuration_sha256: "a25b600e898017500147cd87919e81b1e663f24bd6b6c60748cd78c22cef1c86", state_sha256: "5051c218a63d2e050adcd209ef8c8ee2ebfad077bcd9d16db7e59c96b82400d6", records: [DirectSurfaceLiquidStateRecord { key: DirectSurfaceLiquidStoreKey { run_id: 83, ofe_id: OfeId("ofe-1"), tile_id: TileId("forest"), surface_id: SurfaceId("surface:ofe-1:forest"), surface_class: ForestLitter, source_type: LitterLiquid, source_id: SourceId("liquid:ofe-1:forest") }, liquid_kg_m2_tile: 4.0, last_accepted_transaction_id: None }, DirectSurfaceLiquidStateRecord { key: DirectSurfaceLiquidStoreKey { run_id: 83, ofe_id: OfeId("ofe-1"), tile_id: TileId("open"), surface_id: SurfaceId("surface:ofe-1:open"), surface_class: BareMineralSoil, source_type: SurfaceLiquid, source_id: SourceId("liquid:ofe-1:open") }, liquid_kg_m2_tile: 0.0, last_accepted_transaction_id: None }], continuations: [DirectSurfaceLiquidContinuationState { ofe_id: OfeId("ofe-1"), day_index: 0, next_interval_index: 0, cumulative_supply_m: 0.0, cumulative_infiltration_m: 0.0, last_accepted_transaction_id: None }] }, ending_state: DirectSurfaceLiquidOwnedState { owner_id: ResourceOwnerId("production-hydrology"), configuration_sha256: "a25b600e898017500147cd87919e81b1e663f24bd6b6c60748cd78c22cef1c86", state_sha256: "4fbc7d5b7c2520672b2cf5d7f9d18b087bc6793e7c8edfffadf038f88220f662", records: [DirectSurfaceLiquidStateRecord { key: DirectSurfaceLiquidStoreKey { run_id: 83, ofe_id: OfeId("ofe-1"), tile_id: TileId("forest"), surface_id: SurfaceId("surface:ofe-1:forest"), surface_class: ForestLitter, source_type: LitterLiquid, source_id: SourceId("liquid:ofe-1:forest") }, liquid_kg_m2_tile: 3.9965960176244177, last_accepted_transaction_id: Some(TransactionId(41)) }, DirectSurfaceLiquidStateRecord { key: DirectSurfaceLiquidStoreKey { run_id: 83, ofe_id: OfeId("ofe-1"), tile_id: TileId("open"), surface_id: SurfaceId("surface:ofe-1:open"), surface_class: BareMineralSoil, source_type: SurfaceLiquid, source_id: SourceId("liquid:ofe-1:open") }, liquid_kg_m2_tile: 0.0, last_accepted_transaction_id: Some(TransactionId(41)) }], continuations: [DirectSurfaceLiquidContinuationState { ofe_id: OfeId("ofe-1"), day_index: 0, next_interval_index: 1, cumulative_supply_m: 8.022340187130082e-6, cumulative_infiltration_m: 8.022340187130082e-6, last_accepted_transaction_id: Some(TransactionId(41)) }] }, receipts: [DirectSurfaceLiquidParcelReceipt { parcel_id: "m1-prescribed-terminal-receiver:Infiltration:OfeId(\"ofe-1\"):0000000000000000:404e000000000000", source_parcel_id: "m1-prescribed-terminal-receiver", transaction_id: TransactionId(41), origin_store_key: DirectSurfaceLiquidStoreKey { run_id: 83, ofe_id: OfeId("ofe-1"), tile_id: TileId("forest"), surface_id: SurfaceId("surface:ofe-1:forest"), surface_class: ForestLitter, source_type: LitterLiquid, source_id: SourceId("liquid:ofe-1:forest") }, recipient_store_key: DirectSurfaceLiquidStoreKey { run_id: 83, ofe_id: OfeId("ofe-1"), tile_id: TileId("forest"), surface_id: SurfaceId("surface:ofe-1:forest"), surface_class: ForestLitter, source_type: LitterLiquid, source_id: SourceId("liquid:ofe-1:forest") }, recipient: SoilInfiltration { ofe_id: OfeId("ofe-1"), production_lane_index: 0, production_lane_id: 1, ordered_soil_layer_ids: [SoilLayerId("thermal-1"), SoilLayerId("thermal-2"), SoilLayerId("soil-1"), SoilLayerId("soil-2"), SoilLayerId("soil-dry"), SoilLayerId("soil-frozen")], soil_thermal_layer_id: SoilLayerId("thermal-1") }, basis_ofe_id: OfeId("ofe-1"), kind: TerminalReceiver, disposition: Infiltration, start_s: 0.0, end_s: 60.0, mass_kg_m2_basis_ofe_ground: 0.008022340187130082, temperature_k: 276.95370292009534, enthalpy_j_m2_basis_ofe_ground: 128.7105777206214 }], ledgers: [DirectSurfaceLiquidIngressLedger { ofe_id: OfeId("ofe-1"), ingress_mass_kg_m2_ofe_ground: 0.008022340187130082, ingress_enthalpy_j_m2_ofe_ground: 128.7105777206214, infiltration_mass_kg_m2_ofe_ground: 0.008022340187130082, infiltration_enthalpy_j_m2_ofe_ground: 128.7105777206214, retained_mass_kg_m2_ofe_ground: 0.0, retained_enthalpy_j_m2_ofe_ground: 0.0, runoff_mass_kg_m2_ofe_ground: 0.0, runoff_enthalpy_j_m2_ofe_ground: 0.0 }], wb14_calls_by_ofe: {OfeId("ofe-1"): 1}, closure_operands: DirectSurfaceLiquidClosureOperands { transaction_id: TransactionId(41), interval_s: 60.0, stores: [DirectSurfaceLiquidStoreClosureOperands { store_key: DirectSurfaceLiquidStoreKey { run_id: 83, ofe_id: OfeId("ofe-1"), tile_id: TileId("forest"), surface_id: SurfaceId("surface:ofe-1:forest"), surface_class: ForestLitter, source_type: LitterLiquid, source_id: SourceId("liquid:ofe-1:forest") }, tile_fraction: 0.38, beginning_liquid_kg_m2_tile: 4.0, finalized_withdrawal_kg_m2_ofe_ground: 0.0012935133027212693, condensation_credit_kg_m2_ofe_ground: 0.0, condensation_overflow_kg_m2_ofe_ground: 0.0, retained_excess_kg_m2_ofe_ground: 0.0, ending_liquid_kg_m2_tile: 3.9965960176244177 }, DirectSurfaceLiquidStoreClosureOperands { store_key: DirectSurfaceLiquidStoreKey { run_id: 83, ofe_id: OfeId("ofe-1"), tile_id: TileId("open"), surface_id: SurfaceId("surface:ofe-1:open"), surface_class: BareMineralSoil, source_type: SurfaceLiquid, source_id: SourceId("liquid:ofe-1:open") }, tile_fraction: 0.62, beginning_liquid_kg_m2_tile: 0.0, finalized_withdrawal_kg_m2_ofe_ground: 0.0, condensation_credit_kg_m2_ofe_ground: 0.0, condensation_overflow_kg_m2_ofe_ground: 0.0, retained_excess_kg_m2_ofe_ground: 0.0, ending_liquid_kg_m2_tile: 0.0 }], source_parcels: [DirectSurfaceLiquidParcelClosureOperands { source_parcel_id: "local:OfeId(\"ofe-1\"):TileId(\"forest\"):CanopyThroughfall", origin_store_key: DirectSurfaceLiquidStoreKey { run_id: 83, ofe_id: OfeId("ofe-1"), tile_id: TileId("forest"), surface_id: SurfaceId("surface:ofe-1:forest"), surface_class: ForestLitter, source_type: LitterLiquid, source_id: SourceId("liquid:ofe-1:forest") }, basis_ofe_id: OfeId("ofe-1"), kind: CanopyThroughfall, start_s: 0.0, end_s: 60.0, temperature_k: 273.15, specific_liquid_enthalpy_j_kg: 0.0, mass_kg_m2_basis_ofe_ground: 0.0, enthalpy_j_m2_basis_ofe_ground: 0.0 }, DirectSurfaceLiquidParcelClosureOperands { source_parcel_id: "local:OfeId(\"ofe-1\"):TileId(\"forest\"):CanopyInitialDrainage", origin_store_key: DirectSurfaceLiquidStoreKey { run_id: 83, ofe_id: OfeId("ofe-1"), tile_id: TileId("forest"), surface_id: SurfaceId("surface:ofe-1:forest"), surface_class: ForestLitter, source_type: LitterLiquid, source_id: SourceId("liquid:ofe-1:forest") }, basis_ofe_id: OfeId("ofe-1"), kind: CanopyInitialDrainage, start_s: 0.0, end_s: 60.0, temperature_k: 273.15, specific_liquid_enthalpy_j_kg: 0.0, mass_kg_m2_basis_ofe_ground: 0.0, enthalpy_j_m2_basis_ofe_ground: 0.0 }, DirectSurfaceLiquidParcelClosureOperands { source_parcel_id: "local:OfeId(\"ofe-1\"):TileId(\"forest\"):CanopySecondDrainage", origin_store_key: DirectSurfaceLiquidStoreKey { run_id: 83, ofe_id: OfeId("ofe-1"), tile_id: TileId("forest"), surface_id: SurfaceId("surface:ofe-1:forest"), surface_class: ForestLitter, source_type: LitterLiquid, source_id: SourceId("liquid:ofe-1:forest") }, basis_ofe_id: OfeId("ofe-1"), kind: CanopySecondDrainage, start_s: 0.0, end_s: 60.0, temperature_k: 273.15, specific_liquid_enthalpy_j_kg: 0.0, mass_kg_m2_basis_ofe_ground: 0.0, enthalpy_j_m2_basis_ofe_ground: 0.0 }, DirectSurfaceLiquidParcelClosureOperands { source_parcel_id: "local:OfeId(\"ofe-1\"):TileId(\"forest\"):CanopyStemflow", origin_store_key: DirectSurfaceLiquidStoreKey { run_id: 83, ofe_id: OfeId("ofe-1"), tile_id: TileId("forest"), surface_id: SurfaceId("surface:ofe-1:forest"), surface_class: ForestLitter, source_type: LitterLiquid, source_id: SourceId("liquid:ofe-1:forest") }, basis_ofe_id: OfeId("ofe-1"), kind: CanopyStemflow, start_s: 0.0, end_s: 60.0, temperature_k: 273.15, specific_liquid_enthalpy_j_kg: 0.0, mass_kg_m2_basis_ofe_ground: 0.0, enthalpy_j_m2_basis_ofe_ground: 0.0 }, DirectSurfaceLiquidParcelClosureOperands { source_parcel_id: "m1-prescribed-terminal-receiver", origin_store_key: DirectSurfaceLiquidStoreKey { run_id: 83, ofe_id: OfeId("ofe-1"), tile_id: TileId("forest"), surface_id: SurfaceId("surface:ofe-1:forest"), surface_class: ForestLitter, source_type: LitterLiquid, source_id: SourceId("liquid:ofe-1:forest") }, basis_ofe_id: OfeId("ofe-1"), kind: TerminalReceiver, start_s: 0.0, end_s: 60.0, temperature_k: 276.95370292009534, specific_liquid_enthalpy_j_kg: 16044.018916962234, mass_kg_m2_basis_ofe_ground: 0.008022340187130082, enthalpy_j_m2_basis_ofe_ground: 128.7105777206214 }, DirectSurfaceLiquidParcelClosureOperands { source_parcel_id: "local:OfeId(\"ofe-1\"):TileId(\"open\"):RawPrecipitation", origin_store_key: DirectSurfaceLiquidStoreKey { run_id: 83, ofe_id: OfeId("ofe-1"), tile_id: TileId("open"), surface_id: SurfaceId("surface:ofe-1:open"), surface_class: BareMineralSoil, source_type: SurfaceLiquid, source_id: SourceId("liquid:ofe-1:open") }, basis_ofe_id: OfeId("ofe-1"), kind: RawPrecipitation, start_s: 0.0, end_s: 60.0, temperature_k: 273.15, specific_liquid_enthalpy_j_kg: 0.0, mass_kg_m2_basis_ofe_ground: 0.0, enthalpy_j_m2_basis_ofe_ground: 0.0 }], partition_inputs: [DirectSurfaceLiquidPartitionClosureOperands { ofe_id: OfeId("ofe-1"), effective_conductivity_m_s: 1e-6, matric_potential_m: 0.1, infiltration_storage_capacity_m: 0.04, beginning_cumulative_supply_m: 0.0, beginning_cumulative_infiltration_m: 0.0, ending_day_index: 0, ending_next_interval_index: 1 }] }, open_ingress_parcels: [DirectOpenLiquidIngressParcel { kind: TerminalReceiver, parcel_id: ParcelId("m1-prescribed-terminal-receiver"), source_owner_id: ResourceOwnerId("vegetation-v8"), source_ofe_id: OfeId("ofe-1"), source_tile_id: TileId("forest"), destination_ofe_id: OfeId("ofe-1"), destination_tile_id: TileId("forest"), accepted_source_state_sha256: Sha256Digest("a155d478091375697f6ccf7bc114b48351e82b55f29e7f624b1cc23a2c605344"), amount: DirectIngressAmount { mass_kg_m2_tile_ground: 0.02111142154507916, temperature_k: 276.95370292009534, specific_liquid_enthalpy_j_kg: 16044.018916962234, start_s: 0.0, end_s: 60.0 } }], parent_child_mode: false, finalize_parent_interval: true, input_parent_working_state: None, parent_working_state: None, wb14_child_receipt_set_sha256: Sha256Digest("fdc2f2c17ab24309cb97ae49044cf1654a72f9cfe3e15fe9c3e8f4c75d67cf0a"), wb14_parent_receipt_set_sha256: None, wb14_child_replay_bytes: [91, 91, 34, 111, 102, 101, 45, 49, 34, 44, 123, 34, 97, 117, 116, 104, 111, 114, 105, 116, 121, 34, 58, 123, 34, 112, 97, 114, 101, 110, 116, 95, 105, 100, 34, 58, 91, 49, 48, 53, 44, 49, 52, 55, 44, 50, 49, 51, 44, 50, 48, 51, 44, 54, 49, 44, 50, 51, 56, 44, 49, 54, 54, 44, 49, 49, 52, 44, 54, 49, 44, 49, 52, 52, 44, 49, 50, 48, 44, 53, 55, 44, 49, 49, 50, 44, 49, 53, 55, 44, 50, 48, 55, 44, 51, 48, 44, 56, 53, 44, 51, 53, 44, 49, 53, 55, 44, 49, 55, 56, 44, 50, 51, 50, 44, 51, 57, 44, 50, 53, 48, 44, 49, 52, 52, 44, 53, 57, 44, 52, 53, 44, 55, 48, 44, 55, 57, 44, 50, 53, 53, 44, 53, 53, 44, 49, 56, 50, 44, 50, 48, 53, 93, 44, 34, 99, 111, 117, 112, 108, 101, 100, 95, 112, 97, 114, 101, 110, 116, 95, 116, 114, 97, 110, 115, 97, 99, 116, 105, 111, 110, 95, 115, 104, 97, 50, 53, 54, 34, 58, 91, 49, 54, 52, 44, 49, 56, 50, 44, 50, 50, 48, 44, 49, 48, 52, 44, 49, 44, 57, 54, 44, 56, 56, 44, 50, 49, 55, 44, 50, 50, 51, 44, 50, 52, 54, 44, 50, 48, 49, 44, 57, 54, 44, 49, 51, 54, 44, 49, 55, 56, 44, 49, 56, 56, 44, 49, 52, 52, 44, 50, 50, 55, 44, 50, 52, 52, 44, 50, 56, 44, 49, 51, 44, 49, 56, 51, 44, 49, 56, 51, 44, 49, 51, 52, 44, 50, 53, 53, 44, 49, 53, 52, 44, 54, 57, 44, 49, 52, 54, 44, 51, 54, 44, 53, 53, 44, 49, 56, 54, 44, 49, 48, 57, 44, 49, 49, 56, 93, 44, 34, 112, 97, 114, 101, 110, 116, 95, 100, 97, 121, 95, 105, 110, 100, 101, 120, 34, 58, 48, 44, 34, 112, 97, 114, 101, 110, 116, 95, 105, 110, 116, 101, 114, 118, 97, 108, 95, 105, 110, 100, 101, 120, 34, 58, 48, 44, 34, 115, 117, 112, 112, 111, 114, 116, 95, 115, 116, 97, 114, 116, 95, 110, 115, 34, 58, 48, 44, 34, 115, 117, 112, 112, 111, 114, 116, 95, 101, 110, 100, 95, 110, 115, 34, 58, 49, 56, 48, 48, 48, 48, 48, 48, 48, 48, 48, 48, 48, 44, 34, 112, 97, 114, 101, 110, 116, 95, 98, 101, 103, 105, 110, 110, 105, 110, 103, 95, 111, 119, 110, 101, 114, 95, 115, 104, 97, 50, 53, 54, 34, 58, 91, 56, 48, 44, 56, 49, 44, 49, 57, 52, 44, 50, 52, 44, 49, 54, 54, 44, 54, 49, 44, 52, 54, 44, 53, 44, 49, 48, 44, 50, 50, 48, 44, 50, 49, 48, 44, 57, 44, 50, 51, 57, 44, 49, 52, 48, 44, 49, 52, 50, 44, 50, 50, 54, 44, 50, 51, 53, 44, 50, 53, 48, 44, 50, 48, 56, 44, 49, 49, 57, 44, 49, 56, 56, 44, 50, 49, 55, 44, 50, 48, 57, 44, 49, 48, 57, 44, 49, 56, 51, 44, 50, 50, 57, 44, 49, 53, 54, 44, 49, 53, 48, 44, 49, 56, 52, 44, 51, 54, 44, 48, 44, 50, 49, 52, 93, 44, 34, 98, 101, 103, 105, 110, 110, 105, 110, 103, 95, 99, 117, 114, 115, 111, 114, 95, 115, 104, 97, 50, 53, 54, 34, 58, 91, 50, 48, 48, 44, 53, 53, 44, 49, 53, 54, 44, 49, 54, 50, 44, 56, 44, 49, 52, 44, 49, 51, 57, 44, 49, 54, 56, 44, 49, 51, 57, 44, 50, 51, 57, 44, 50, 50, 48, 44, 50, 53, 48, 44, 49, 56, 55, 44, 50, 52, 48, 44, 51, 55, 44, 55, 51, 44, 49, 54, 53, 44, 50, 52, 55, 44, 55, 48, 44, 50, 49, 49, 44, 57, 56, 44, 49, 48, 52, 44, 50, 49, 56, 44, 50, 50, 56, 44, 50, 51, 51, 44, 49, 54, 52, 44, 49, 57, 51, 44, 51, 55, 44, 50, 55, 44, 49, 49, 51, 44, 50, 52, 55, 44, 56, 54, 93, 44, 34, 115, 99, 104, 101, 109, 97, 95, 115, 104, 97, 50, 53, 54, 34, 58, 91, 49, 50, 48, 44, 50, 48, 56, 44, 49, 53, 50, 44, 49, 51, 54, 44, 50, 48, 56, 44, 50, 51, 48, 44, 49, 53, 56, 44, 49, 49, 44, 53, 56, 44, 49, 49, 57, 44, 49, 50, 51, 44, 50, 53, 49, 44, 50, 53, 53, 44, 49, 48, 49, 44, 50, 50, 48, 44, 55, 49, 44, 49, 49, 48, 44, 49, 57, 49, 44, 49, 49, 53, 44, 52, 53, 44, 49, 52, 50, 44, 50, 51, 56, 44, 50, 51, 53, 44, 49, 51, 57, 44, 50, 50, 56, 44, 49, 56, 55, 44, 56, 55, 44, 57, 57, 44, 53, 49, 44, 57, 48, 44, 50, 52, 53, 44, 50, 48, 48, 93, 44, 34, 111, 102, 101, 95, 105, 100, 95, 115, 104, 97, 50, 53, 54, 34, 58, 91, 49, 50, 57, 44, 50, 51, 53, 44, 49, 54, 50, 44, 49, 48, 55, 44, 55, 48, 44, 49, 49, 44, 50, 51, 49, 44, 53, 57, 44, 54, 53, 44, 56, 56, 44, 50, 49, 55, 44, 50, 49, 57, 44, 49, 53, 51, 44, 50, 53, 51, 44, 49, 57, 54, 44, 50, 51, 50, 44, 49, 54, 57, 44, 53, 54, 44, 49, 53, 57, 44, 49, 55, 52, 44, 49, 52, 48, 44, 50, 52, 53, 44, 49, 55, 52, 44, 52, 51, 44, 49, 48, 49, 44, 57, 54, 44, 50, 49, 52, 44, 49, 51, 48, 44, 53, 56, 44, 49, 50, 44, 49, 51, 48, 44, 50, 52, 93, 44, 34, 112, 114, 111, 100, 117, 99, 116, 105, 111, 110, 95, 108, 97, 110, 101, 95, 105, 100, 34, 58, 49, 44, 34, 115, 117, 114, 102, 97, 99, 101, 95, 108, 105, 113, 117, 105, 100, 95, 99, 111, 110, 102, 105, 103, 117, 114, 97, 116, 105, 111, 110, 95, 115, 104, 97, 50, 53, 54, 34, 58, 91, 49, 54, 50, 44, 57, 49, 44, 57, 54, 44, 49, 52, 44, 49, 51, 55, 44, 49, 50, 56, 44, 50, 51, 44, 56, 48, 44, 49, 44, 55, 49, 44, 50, 48, 53, 44, 49, 51, 53, 44, 49, 52, 53, 44, 49, 53, 56, 44, 49, 50, 57, 44, 49, 55, 55, 44, 50, 51, 48, 44, 57, 57, 44, 50, 52, 50, 44, 55, 53, 44, 50, 49, 52, 44, 49, 56, 50, 44, 49, 57, 56, 44, 55, 44, 55, 50, 44, 50, 48, 53, 44, 49, 50, 48, 44, 49, 57, 52, 44, 52, 52, 44, 50, 51, 57, 44, 50, 56, 44, 49, 51, 52, 93, 44, 34, 119, 98, 49, 52, 95, 99, 111, 110, 102, 105, 103, 117, 114, 97, 116, 105, 111, 110, 95, 115, 104, 97, 50, 53, 54, 34, 58, 91, 51, 55, 44, 50, 52, 54, 44, 49, 52, 52, 44, 49, 52, 44, 50, 52, 52, 44, 52, 57, 44, 49, 56, 49, 44, 50, 52, 56, 44, 50, 49, 48, 44, 49, 52, 48, 44, 49, 54, 49, 44, 49, 50, 57, 44, 50, 49, 54, 44, 55, 52, 44, 57, 57, 44, 49, 57, 53, 44, 49, 51, 57, 44, 55, 54, 44, 50, 48, 51, 44, 50, 51, 50, 44, 50, 51, 44, 51, 44, 49, 49, 53, 44, 49, 54, 44, 55, 48, 44, 50, 44, 49, 55, 51, 44, 50, 44, 50, 56, 44, 56, 52, 44, 49, 55, 54, 44, 56, 49, 93, 44, 34, 119, 98, 49, 52, 95, 109, 111, 100, 101, 108, 95, 100, 101, 102, 105, 110, 105, 116, 105, 111, 110, 95, 115, 104, 97, 50, 53, 54, 34, 58, 91, 51, 52, 44, 50, 49, 57, 44, 49, 54, 44, 50, 49, 52, 44, 49, 50, 52, 44, 49, 50, 50, 44, 55, 54, 44, 54, 53, 44, 49, 51, 44, 49, 52, 51, 44, 50, 51, 56, 44, 49, 50, 57, 44, 49, 53, 44, 50, 53, 50, 44, 50, 50, 51, 44, 49, 51, 51, 44, 51, 44, 50, 52, 56, 44, 49, 55, 52, 44, 49, 56, 55, 44, 49, 50, 48, 44, 49, 54, 49, 44, 50, 50, 56, 44, 50, 53, 49, 44, 51, 52, 44, 49, 49, 50, 44, 51, 54, 44, 56, 54, 44, 50, 50, 50, 44, 49, 50, 50, 44, 50, 48, 49, 44, 50, 52, 51, 93, 44, 34, 101, 102, 102, 101, 99, 116, 105, 118, 101, 95, 99, 111, 110, 100, 117, 99, 116, 105, 118, 105, 116, 121, 95, 109, 95, 115, 95, 98, 105, 116, 115, 34, 58, 52, 53, 49, 55, 51, 50, 57, 49, 57, 51, 49, 48, 56, 49, 48, 54, 54, 51, 55, 44, 34, 109, 97, 116, 114, 105, 99, 95, 112, 111, 116, 101, 110, 116, 105, 97, 108, 95, 109, 95, 98, 105, 116, 115, 34, 58, 52, 53, 57, 49, 56, 55, 48, 49, 56, 48, 48, 54, 54, 57, 53, 55, 55, 50, 50, 44, 34, 115, 116, 111, 114, 97, 103, 101, 95, 99, 97, 112, 97, 99, 105, 116, 121, 95, 109, 95, 98, 105, 116, 115, 34, 58, 52, 53, 56, 53, 57, 50, 53, 52, 50, 56, 53, 53, 56, 56, 50, 56, 54, 54, 55, 125, 44, 34, 98, 101, 103, 105, 110, 110, 105, 110, 103, 95, 99, 117, 114, 115, 111, 114, 34, 58, 123, 34, 100, 97, 121, 95, 105, 110, 100, 101, 120, 34, 58, 48, 44, 34, 110, 101, 120, 116, 95, 105, 110, 116, 101, 114, 118, 97, 108, 95, 105, 110, 100, 101, 120, 34, 58, 48, 44, 34, 99, 117, 109, 117, 108, 97, 116, 105, 118, 101, 95, 115, 117, 112, 112, 108, 121, 95, 109, 34, 58, 48, 46, 48, 44, 34, 99, 117, 109, 117, 108, 97, 116, 105, 118, 101, 95, 105, 110, 102, 105, 108, 116, 114, 97, 116, 105, 111, 110, 95, 109, 34, 58, 48, 46, 48, 125, 44, 34, 119, 111, 114, 107, 105, 110, 103, 34, 58, 123, 34, 97, 99, 99, 101, 112, 116, 101, 100, 95, 117, 110, 116, 105, 108, 95, 110, 115, 34, 58, 54, 48, 48, 48, 48, 48, 48, 48, 48, 48, 48, 44, 34, 110, 101, 120, 116, 95, 99, 104, 105, 108, 100, 95, 111, 114, 100, 105, 110, 97, 108, 34, 58, 49, 44, 34, 99, 117, 109, 117, 108, 97, 116, 105, 118, 101, 95, 115, 117, 112, 112, 108, 121, 95, 109, 34, 58, 56, 46, 48, 50, 50, 51, 52, 48, 49, 56, 55, 49, 51, 48, 48, 56, 50, 101, 45, 54, 44, 34, 99, 117, 109, 117, 108, 97, 116, 105, 118, 101, 95, 105, 110, 102, 105, 108, 116, 114, 97, 116, 105, 111, 110, 95, 109, 34, 58, 56, 46, 48, 50, 50, 51, 52, 48, 49, 56, 55, 49, 51, 48, 48, 56, 50, 101, 45, 54, 44, 34, 114, 101, 99, 101, 105, 112, 116, 95, 99, 104, 97, 105, 110, 95, 115, 104, 97, 50, 53, 54, 34, 58, 91, 51, 50, 44, 50, 48, 44, 56, 50, 44, 49, 48, 52, 44, 49, 50, 50, 44, 50, 49, 55, 44, 50, 50, 57, 44, 49, 53, 44, 50, 53, 53, 44, 49, 53, 44, 50, 52, 56, 44, 52, 44, 50, 49, 55, 44, 49, 51, 48, 44, 51, 44, 50, 57, 44, 55, 57, 44, 49, 56, 56, 44, 49, 48, 51, 44, 53, 51, 44, 49, 52, 52, 44, 49, 48, 57, 44, 50, 51, 52, 44, 50, 49, 52, 44, 50, 52, 44, 54, 53, 44, 50, 52, 50, 44, 49, 48, 57, 44, 57, 57, 44, 49, 48, 44, 50, 49, 49, 44, 54, 93, 125, 44, 34, 114, 101, 99, 101, 105, 112, 116, 115, 34, 58, 91, 123, 34, 112, 97, 114, 101, 110, 116, 95, 105, 100, 34, 58, 91, 49, 48, 53, 44, 49, 52, 55, 44, 50, 49, 51, 44, 50, 48, 51, 44, 54, 49, 44, 50, 51, 56, 44, 49, 54, 54, 44, 49, 49, 52, 44, 54, 49, 44, 49, 52, 52, 44, 49, 50, 48, 44, 53, 55, 44, 49, 49, 50, 44, 49, 53, 55, 44, 50, 48, 55, 44, 51, 48, 44, 56, 53, 44, 51, 53, 44, 49, 53, 55, 44, 49, 55, 56, 44, 50, 51, 50, 44, 51, 57, 44, 50, 53, 48, 44, 49, 52, 52, 44, 53, 57, 44, 52, 53, 44, 55, 48, 44, 55, 57, 44, 50, 53, 53, 44, 53, 53, 44, 49, 56, 50, 44, 50, 48, 53, 93, 44, 34, 111, 102, 101, 95, 105, 100, 95, 115, 104, 97, 50, 53, 54, 34, 58, 91, 49, 50, 57, 44, 50, 51, 53, 44, 49, 54, 50, 44, 49, 48, 55, 44, 55, 48, 44, 49, 49, 44, 50, 51, 49, 44, 53, 57, 44, 54, 53, 44, 56, 56, 44, 50, 49, 55, 44, 50, 49, 57, 44, 49, 53, 51, 44, 50, 53, 51, 44, 49, 57, 54, 44, 50, 51, 50, 44, 49, 54, 57, 44, 53, 54, 44, 49, 53, 57, 44, 49, 55, 52, 44, 49, 52, 48, 44, 50, 52, 53, 44, 49, 55, 52, 44, 52, 51, 44, 49, 48, 49, 44, 57, 54, 44, 50, 49, 52, 44, 49, 51, 48, 44, 53, 56, 44, 49, 50, 44, 49, 51, 48, 44, 50, 52, 93, 44, 34, 112, 114, 111, 100, 117, 99, 116, 105, 111, 110, 95, 108, 97, 110, 101, 95, 105, 100, 34, 58, 49, 44, 34, 115, 117, 114, 102, 97, 99, 101, 95, 108, 105, 113, 117, 105, 100, 95, 99, 111, 110, 102, 105, 103, 117, 114, 97, 116, 105, 111, 110, 95, 115, 104, 97, 50, 53, 54, 34, 58, 91, 49, 54, 50, 44, 57, 49, 44, 57, 54, 44, 49, 52, 44, 49, 51, 55, 44, 49, 50, 56, 44, 50, 51, 44, 56, 48, 44, 49, 44, 55, 49, 44, 50, 48, 53, 44, 49, 51, 53, 44, 49, 52, 53, 44, 49, 53, 56, 44, 49, 50, 57, 44, 49, 55, 55, 44, 50, 51, 48, 44, 57, 57, 44, 50, 52, 50, 44, 55, 53, 44, 50, 49, 52, 44, 49, 56, 50, 44, 49, 57, 56, 44, 55, 44, 55, 50, 44, 50, 48, 53, 44, 49, 50, 48, 44, 49, 57, 52, 44, 52, 52, 44, 50, 51, 57, 44, 50, 56, 44, 49, 51, 52, 93, 44, 34, 119, 98, 49, 52, 95, 99, 111, 110, 102, 105, 103, 117, 114, 97, 116, 105, 111, 110, 95, 115, 104, 97, 50, 53, 54, 34, 58, 91, 51, 55, 44, 50, 52, 54, 44, 49, 52, 52, 44, 49, 52, 44, 50, 52, 52, 44, 52, 57, 44, 49, 56, 49, 44, 50, 52, 56, 44, 50, 49, 48, 44, 49, 52, 48, 44, 49, 54, 49, 44, 49, 50, 57, 44, 50, 49, 54, 44, 55, 52, 44, 57, 57, 44, 49, 57, 53, 44, 49, 51, 57, 44, 55, 54, 44, 50, 48, 51, 44, 50, 51, 50, 44, 50, 51, 44, 51, 44, 49, 49, 53, 44, 49, 54, 44, 55, 48, 44, 50, 44, 49, 55, 51, 44, 50, 44, 50, 56, 44, 56, 52, 44, 49, 55, 54, 44, 56, 49, 93, 44, 34, 119, 98, 49, 52, 95, 109, 111, 100, 101, 108, 95, 100, 101, 102, 105, 110, 105, 116, 105, 111, 110, 95, 115, 104, 97, 50, 53, 54, 34, 58, 91, 51, 52, 44, 50, 49, 57, 44, 49, 54, 44, 50, 49, 52, 44, 49, 50, 52, 44, 49, 50, 50, 44, 55, 54, 44, 54, 53, 44, 49, 51, 44, 49, 52, 51, 44, 50, 51, 56, 44, 49, 50, 57, 44, 49, 53, 44, 50, 53, 50, 44, 50, 50, 51, 44, 49, 51, 51, 44, 51, 44, 50, 52, 56, 44, 49, 55, 52, 44, 49, 56, 55, 44, 49, 50, 48, 44, 49, 54, 49, 44, 50, 50, 56, 44, 50, 53, 49, 44, 51, 52, 44, 49, 49, 50, 44, 51, 54, 44, 56, 54, 44, 50, 50, 50, 44, 49, 50, 50, 44, 50, 48, 49, 44, 50, 52, 51, 93, 44, 34, 101, 102, 102, 101, 99, 116, 105, 118, 101, 95, 99, 111, 110, 100, 117, 99, 116, 105, 118, 105, 116, 121, 95, 109, 95, 115, 95, 98, 105, 116, 115, 34, 58, 52, 53, 49, 55, 51, 50, 57, 49, 57, 51, 49, 48, 56, 49, 48, 54, 54, 51, 55, 44, 34, 109, 97, 116, 114, 105, 99, 95, 112, 111, 116, 101, 110, 116, 105, 97, 108, 95, 109, 95, 98, 105, 116, 115, 34, 58, 52, 53, 57, 49, 56, 55, 48, 49, 56, 48, 48, 54, 54, 57, 53, 55, 55, 50, 50, 44, 34, 115, 116, 111, 114, 97, 103, 101, 95, 99, 97, 112, 97, 99, 105, 116, 121, 95, 109, 95, 98, 105, 116, 115, 34, 58, 52, 53, 56, 53, 57, 50, 53, 52, 50, 56, 53, 53, 56, 56, 50, 56, 54, 54, 55, 44, 34, 112, 97, 114, 101, 110, 116, 95, 98, 101, 103, 105, 110, 110, 105, 110, 103, 95, 111, 119, 110, 101, 114, 95, 115, 104, 97, 50, 53, 54, 34, 58, 91, 56, 48, 44, 56, 49, 44, 49, 57, 52, 44, 50, 52, 44, 49, 54, 54, 44, 54, 49, 44, 52, 54, 44, 53, 44, 49, 48, 44, 50, 50, 48, 44, 50, 49, 48, 44, 57, 44, 50, 51, 57, 44, 49, 52, 48, 44, 49, 52, 50, 44, 50, 50, 54, 44, 50, 51, 53, 44, 50, 53, 48, 44, 50, 48, 56, 44, 49, 49, 57, 44, 49, 56, 56, 44, 50, 49, 55, 44, 50, 48, 57, 44, 49, 48, 57, 44, 49, 56, 51, 44, 50, 50, 57, 44, 49, 53, 54, 44, 49, 53, 48, 44, 49, 56, 52, 44, 51, 54, 44, 48, 44, 50, 49, 52, 93, 44, 34, 112, 97, 114, 101, 110, 116, 95, 98, 101, 103, 105, 110, 110, 105, 110, 103, 95, 99, 117, 114, 115, 111, 114, 95, 115, 104, 97, 50, 53, 54, 34, 58, 91, 50, 48, 48, 44, 53, 53, 44, 49, 53, 54, 44, 49, 54, 50, 44, 56, 44, 49, 52, 44, 49, 51, 57, 44, 49, 54, 56, 44, 49, 51, 57, 44, 50, 51, 57, 44, 50, 50, 48, 44, 50, 53, 48, 44, 49, 56, 55, 44, 50, 52, 48, 44, 51, 55, 44, 55, 51, 44, 49, 54, 53, 44, 50, 52, 55, 44, 55, 48, 44, 50, 49, 49, 44, 57, 56, 44, 49, 48, 52, 44, 50, 49, 56, 44, 50, 50, 56, 44, 50, 51, 51, 44, 49, 54, 52, 44, 49, 57, 51, 44, 51, 55, 44, 50, 55, 44, 49, 49, 51, 44, 50, 52, 55, 44, 56, 54, 93, 44, 34, 111, 114, 100, 105, 110, 97, 108, 34, 58, 48, 44, 34, 115, 117, 112, 112, 111, 114, 116, 95, 115, 116, 97, 114, 116, 95, 110, 115, 34, 58, 48, 44, 34, 115, 117, 112, 112, 111, 114, 116, 95, 101, 110, 100, 95, 110, 115, 34, 58, 54, 48, 48, 48, 48, 48, 48, 48, 48, 48, 48, 44, 34, 98, 101, 103, 105, 110, 110, 105, 110, 103, 95, 119, 111, 114, 107, 105, 110, 103, 95, 115, 116, 97, 116, 101, 95, 115, 104, 97, 50, 53, 54, 34, 58, 91, 49, 55, 57, 44, 53, 52, 44, 49, 56, 53, 44, 55, 51, 44, 50, 54, 44, 49, 51, 56, 44, 50, 52, 49, 44, 51, 50, 44, 49, 54, 57, 44, 49, 53, 49, 44, 55, 54, 44, 49, 54, 56, 44, 50, 48, 48, 44, 49, 55, 52, 44, 49, 53, 50, 44, 51, 52, 44, 50, 50, 50, 44, 49, 52, 48, 44, 55, 48, 44, 56, 57, 44, 50, 50, 48, 44, 49, 52, 51, 44, 49, 48, 51, 44, 50, 52, 51, 44, 50, 50, 44, 49, 53, 54, 44, 49, 57, 51, 44, 52, 54, 44, 49, 54, 54, 44, 54, 53, 44, 49, 53, 54, 44, 54, 57, 93, 44, 34, 101, 110, 100, 105, 110, 103, 95, 119, 111, 114, 107, 105, 110, 103, 95, 115, 116, 97, 116, 101, 95, 115, 104, 97, 50, 53, 54, 34, 58, 91, 50, 53, 51, 44, 53, 48, 44, 49, 48, 56, 44, 52, 53, 44, 50, 54, 44, 49, 49, 56, 44, 50, 52, 48, 44, 50, 51, 52, 44, 49, 50, 53, 44, 50, 48, 56, 44, 49, 48, 48, 44, 49, 53, 48, 44, 49, 56, 50, 44, 49, 51, 52, 44, 50, 49, 56, 44, 50, 51, 44, 55, 57, 44, 55, 50, 44, 55, 57, 44, 54, 50, 44, 49, 55, 48, 44, 49, 55, 52, 44, 49, 56, 50, 44, 49, 55, 54, 44, 49, 55, 56, 44, 50, 51, 49, 44, 50, 48, 48, 44, 50, 51, 53, 44, 49, 48, 53, 44, 49, 56, 56, 44, 49, 54, 52, 44, 50, 48, 50, 93, 44, 34, 112, 114, 101, 100, 101, 99, 101, 115, 115, 111, 114, 95, 114, 101, 99, 101, 105, 112, 116, 95, 115, 104, 97, 50, 53, 54, 34, 58, 91, 49, 52, 55, 44, 52, 44, 54, 44, 54, 52, 44, 49, 49, 56, 44, 50, 51, 49, 44, 49, 50, 48, 44, 54, 52, 44, 54, 49, 44, 57, 48, 44, 55, 52, 44, 49, 50, 49, 44, 49, 56, 53, 44, 49, 55, 50, 44, 50, 52, 57, 44, 50, 49, 57, 44, 49, 49, 53, 44, 57, 56, 44, 50, 51, 55, 44, 49, 56, 51, 44, 55, 53, 44, 49, 50, 56, 44, 50, 48, 54, 44, 50, 49, 49, 44, 49, 56, 56, 44, 50, 48, 57, 44, 54, 44, 56, 53, 44, 52, 57, 44, 50, 48, 48, 44, 49, 53, 53, 44, 51, 50, 93, 44, 34, 97, 99, 99, 101, 112, 116, 101, 100, 95, 99, 111, 117, 112, 108, 101, 100, 95, 115, 108, 97, 98, 95, 115, 104, 97, 50, 53, 54, 34, 58, 91, 48, 44, 48, 44, 48, 44, 48, 44, 48, 44, 48, 44, 48, 44, 48, 44, 48, 44, 48, 44, 48, 44, 48, 44, 48, 44, 48, 44, 48, 44, 48, 44, 48, 44, 48, 44, 48, 44, 48, 44, 48, 44, 48, 44, 48, 44, 48, 44, 48, 44, 48, 44, 48, 44, 48, 44, 48, 44, 48, 44, 48, 44, 48, 93, 44, 34, 99, 104, 105, 108, 100, 95, 98, 101, 103, 105, 110, 110, 105, 110, 103, 95, 99, 111, 109, 112, 108, 101, 116, 101, 95, 111, 119, 110, 101, 114, 95, 115, 101, 116, 95, 115, 104, 97, 50, 53, 54, 34, 58, 91, 48, 44, 48, 44, 48, 44, 48, 44, 48, 44, 48, 44, 48, 44, 48, 44, 48, 44, 48, 44, 48, 44, 48, 44, 48, 44, 48, 44, 48, 44, 48, 44, 48, 44, 48, 44, 48, 44, 48, 44, 48, 44, 48, 44, 48, 44, 48, 44, 48, 44, 48, 44, 48, 44, 48, 44, 48, 44, 48, 44, 48, 44, 48, 93, 44, 34, 112, 101, 110, 100, 105, 110, 103, 95, 114, 111, 117, 116, 101, 100, 95, 112, 97, 114, 99, 101, 108, 115, 95, 98, 101, 102, 111, 114, 101, 95, 115, 104, 97, 50, 53, 54, 34, 58, 91, 57, 56, 44, 55, 55, 44, 50, 51, 53, 44, 49, 51, 44, 49, 55, 51, 44, 51, 57, 44, 50, 50, 50, 44, 49, 57, 48, 44, 52, 51, 44, 49, 57, 56, 44, 49, 57, 50, 44, 54, 51, 44, 49, 54, 48, 44, 53, 51, 44, 55, 55, 44, 49, 52, 50, 44, 50, 50, 57, 44, 50, 50, 48, 44, 49, 57, 52, 44, 53, 49, 44, 50, 49, 48, 44, 54, 54, 44, 53, 52, 44, 52, 55, 44, 54, 54, 44, 53, 48, 44, 50, 50, 56, 44, 49, 51, 51, 44, 49, 55, 55, 44, 49, 48, 51, 44, 52, 52, 44, 52, 50, 93, 44, 34, 112, 101, 110, 100, 105, 110, 103, 95, 114, 111, 117, 116, 101, 100, 95, 112, 97, 114, 99, 101, 108, 115, 95, 97, 102, 116, 101, 114, 95, 115, 104, 97, 50, 53, 54, 34, 58, 91, 49, 53, 48, 44, 49, 49, 52, 44, 49, 52, 57, 44, 49, 48, 57, 44, 50, 49, 50, 44, 53, 50, 44, 52, 56, 44, 55, 56, 44, 53, 48, 44, 56, 44, 49, 54, 50, 44, 50, 48, 57, 44, 49, 56, 56, 44, 54, 54, 44, 50, 49, 53, 44, 49, 53, 57, 44, 50, 49, 53, 44, 49, 52, 56, 44, 57, 51, 44, 49, 51, 53, 44, 49, 55, 53, 44, 50, 50, 49, 44, 50, 49, 53, 44, 49, 49, 49, 44, 49, 57, 57, 44, 49, 48, 57, 44, 50, 50, 52, 44, 50, 48, 50, 44, 52, 57, 44, 49, 55, 57, 44, 49, 53, 54, 44, 52, 48, 93, 44, 34, 99, 104, 105, 108, 100, 95, 105, 110, 112, 117, 116, 115, 95, 115, 104, 97, 50, 53, 54, 34, 58, 91, 49, 49, 48, 44, 50, 51, 53, 44, 56, 51, 44, 50, 51, 52, 44, 50, 49, 54, 44, 53, 56, 44, 57, 44, 50, 48, 50, 44, 51, 55, 44, 56, 55, 44, 49, 48, 50, 44, 57, 48, 44, 49, 57, 49, 44, 49, 57, 54, 44, 50, 48, 53, 44, 53, 57, 44, 50, 51, 57, 44, 50, 48, 57, 44, 50, 49, 54, 44, 49, 49, 52, 44, 56, 44, 52, 53, 44, 50, 52, 53, 44, 52, 51, 44, 50, 48, 51, 44, 50, 48, 53, 44, 49, 53, 49, 44, 50, 51, 57, 44, 49, 57, 44, 51, 52, 44, 55, 55, 44, 51, 55, 93, 44, 34, 116, 114, 97, 110, 115, 105, 116, 105, 111, 110, 115, 34, 58, 91, 123, 34, 99, 117, 109, 117, 108, 97, 116, 105, 118, 101, 95, 115, 117, 112, 112, 108, 121, 95, 109, 95, 98, 105, 116, 115, 34, 58, 48, 44, 34, 99, 117, 109, 117, 108, 97, 116, 105, 118, 101, 95, 105, 110, 102, 105, 108, 116, 114, 97, 116, 105, 111, 110, 95, 109, 95, 98, 105, 116, 115, 34, 58, 48, 44, 34, 105, 110, 116, 101, 114, 118, 97, 108, 95, 115, 117, 112, 112, 108, 121, 95, 109, 95, 98, 105, 116, 115, 34, 58, 52, 53, 51, 48, 56, 53, 51, 49, 55, 57, 51, 48, 57, 48, 56, 51, 54, 52, 50, 44, 34, 105, 110, 116, 101, 114, 118, 97, 108, 95, 100, 117, 114, 97, 116, 105, 111, 110, 95, 115, 95, 98, 105, 116, 115, 34, 58, 52, 54, 51, 51, 54, 52, 49, 48, 54, 54, 54, 49, 48, 56, 49, 57, 48, 55, 50, 44, 34, 101, 102, 102, 101, 99, 116, 105, 118, 101, 95, 99, 111, 110, 100, 117, 99, 116, 105, 118, 105, 116, 121, 95, 109, 95, 115, 95, 98, 105, 116, 115, 34, 58, 52, 53, 49, 55, 51, 50, 57, 49, 57, 51, 49, 48, 56, 49, 48, 54, 54, 51, 55, 44, 34, 109, 97, 116, 114, 105, 99, 95, 112, 111, 116, 101, 110, 116, 105, 97, 108, 95, 109, 95, 98, 105, 116, 115, 34, 58, 52, 53, 57, 49, 56, 55, 48, 49, 56, 48, 48, 54, 54, 57, 53, 55, 55, 50, 50, 44, 34, 115, 116, 111, 114, 97, 103, 101, 95, 99, 97, 112, 97, 99, 105, 116, 121, 95, 109, 95, 98, 105, 116, 115, 34, 58, 52, 53, 56, 53, 57, 50, 53, 52, 50, 56, 53, 53, 56, 56, 50, 56, 54, 54, 55, 125, 93, 44, 34, 112, 114, 111, 112, 111, 115, 101, 100, 95, 117, 112, 112, 101, 114, 95, 98, 111, 117, 110, 100, 95, 115, 95, 98, 105, 116, 115, 34, 58, 52, 54, 51, 51, 54, 52, 49, 48, 54, 54, 54, 49, 48, 56, 49, 57, 48, 55, 50, 44, 34, 97, 99, 99, 101, 112, 116, 101, 100, 95, 100, 117, 114, 97, 116, 105, 111, 110, 95, 115, 95, 98, 105, 116, 115, 34, 58, 52, 54, 51, 51, 54, 52, 49, 48, 54, 54, 54, 49, 48, 56, 49, 57, 48, 55, 50, 44, 34, 99, 117, 109, 117, 108, 97, 116, 105, 118, 101, 95, 115, 117, 112, 112, 108, 121, 95, 109, 95, 98, 105, 116, 115, 34, 58, 48, 44, 34, 99, 117, 109, 117, 108, 97, 116, 105, 118, 101, 95, 105, 110, 102, 105, 108, 116, 114, 97, 116, 105, 111, 110, 95, 109, 95, 98, 105, 116, 115, 34, 58, 48, 44, 34, 105, 110, 116, 101, 114, 118, 97, 108, 95, 115, 117, 112, 112, 108, 121, 95, 109, 95, 98, 105, 116, 115, 34, 58, 52, 53, 51, 48, 56, 53, 51, 49, 55, 57, 51, 48, 57, 48, 56, 51, 54, 52, 50, 44, 34, 105, 110, 116, 101, 114, 118, 97, 108, 95, 105, 110, 102, 105, 108, 116, 114, 97, 116, 105, 111, 110, 95, 109, 95, 98, 105, 116, 115, 34, 58, 52, 53, 51, 48, 56, 53, 51, 49, 55, 57, 51, 48, 57, 48, 56, 51, 54, 52, 50, 44, 34, 105, 110, 116, 101, 114, 118, 97, 108, 95, 101, 120, 99, 101, 115, 115, 95, 109, 95, 98, 105, 116, 115, 34, 58, 48, 44, 34, 114, 101, 99, 101, 105, 112, 116, 95, 115, 104, 97, 50, 53, 54, 34, 58, 91, 49, 57, 51, 44, 49, 53, 50, 44, 49, 44, 49, 55, 51, 44, 49, 50, 51, 44, 50, 50, 53, 44, 49, 49, 55, 44, 49, 57, 57, 44, 49, 52, 55, 44, 49, 56, 51, 44, 50, 52, 54, 44, 49, 51, 51, 44, 50, 50, 49, 44, 49, 50, 52, 44, 57, 49, 44, 54, 51, 44, 54, 56, 44, 49, 48, 51, 44, 52, 55, 44, 50, 49, 56, 44, 49, 57, 55, 44, 50, 52, 57, 44, 49, 48, 54, 44, 49, 51, 55, 44, 49, 55, 51, 44, 50, 48, 48, 44, 49, 54, 50, 44, 50, 51, 51, 44, 55, 56, 44, 49, 50, 49, 44, 49, 53, 50, 44, 52, 52, 93, 125, 93, 125, 93, 93], wb14_parent_replay_bytes: None, stage3_covered_native_inactive: false }, ending_lse_tile_states: [TileState { ofe_id: OfeId("ofe-1"), tile_id: TileId("forest"), surface_enthalpy_j_m2_tile_ground: 447051.3930449809, surface_temperature_warm_start_k: 295.39875473517634 }, TileState { ofe_id: OfeId("ofe-1"), tile_id: TileId("open"), surface_enthalpy_j_m2_tile_ground: 953889.0491499327, surface_temperature_warm_start_k: 295.8616440273793 }], pre_ingress_soil_thermal_candidates: [SoilThermalTileCandidate { owner_id: ResourceOwnerId("soil-thermal"), beginning_state_sha256: Sha256Digest("4444444444444444444444444444444444444444444444444444444444444444"), beginning_identity: V1 { configuration_sha256: Sha256Digest("5555555555555555555555555555555555555555555555555555555555555555"), last_accepted_transaction_id: None }, ofe_id: OfeId("ofe-1"), tile_id: TileId("forest"), layers: [SoilThermalLayerCandidate { layer_id: SoilLayerId("thermal-1"), beginning_enthalpy_j_m2_ofe_ground: 1000000.0, beginning_enthalpy_carry: ExactDyadicEnthalpy { sign: 0, coefficient_hex: "0", exponent2: 0 }, ground_heat_credit_j_m2_ofe_ground: 365.8740165240224, infiltration_enthalpy_credit_j_m2_ofe_ground: 0.0, ending_enthalpy_j_m2_ofe_ground: 999991.1837401942, ending_temperature_k: 291.49980666096917 }, SoilThermalLayerCandidate { layer_id: SoilLayerId("thermal-2"), beginning_enthalpy_j_m2_ofe_ground: 2000000.0, beginning_enthalpy_carry: ExactDyadicEnthalpy { sign: 0, coefficient_hex: "0", exponent2: 0 }, ground_heat_credit_j_m2_ofe_ground: 374.69027633053287, infiltration_enthalpy_credit_j_m2_ofe_ground: 0.0, ending_enthalpy_j_m2_ofe_ground: 2000920.0593332332, ending_temperature_k: 289.8134511598426 }, SoilThermalLayerCandidate { layer_id: SoilLayerId("soil-1"), beginning_enthalpy_j_m2_ofe_ground: 2000000.0, beginning_enthalpy_carry: ExactDyadicEnthalpy { sign: 0, coefficient_hex: "0", exponent2: 0 }, ground_heat_credit_j_m2_ofe_ground: -545.3690569034275, infiltration_enthalpy_credit_j_m2_ofe_ground: 0.0, ending_enthalpy_j_m2_ofe_ground: 1999455.3048559767, ending_temperature_k: 292.9920366207014 }, SoilThermalLayerCandidate { layer_id: SoilLayerId("soil-2"), beginning_enthalpy_j_m2_ofe_ground: 2000000.0, beginning_enthalpy_carry: ExactDyadicEnthalpy { sign: 0, coefficient_hex: "0", exponent2: 0 }, ground_heat_credit_j_m2_ofe_ground: -0.6739128790113398, infiltration_enthalpy_credit_j_m2_ofe_ground: 0.0, ending_enthalpy_j_m2_ofe_ground: 1999994.4351591857, ending_temperature_k: 292.99991864267815 }, SoilThermalLayerCandidate { layer_id: SoilLayerId("soil-dry"), beginning_enthalpy_j_m2_ofe_ground: 2000000.0, beginning_enthalpy_carry: ExactDyadicEnthalpy { sign: 0, coefficient_hex: "0", exponent2: 0 }, ground_heat_credit_j_m2_ofe_ground: 4.890927937018262, infiltration_enthalpy_credit_j_m2_ofe_ground: 0.0, ending_enthalpy_j_m2_ofe_ground: 1996081.692809571, ending_temperature_k: 292.9427148071575 }, SoilThermalLayerCandidate { layer_id: SoilLayerId("soil-frozen"), beginning_enthalpy_j_m2_ofe_ground: 2000000.0, beginning_enthalpy_carry: ExactDyadicEnthalpy { sign: 0, coefficient_hex: "0", exponent2: 0 }, ground_heat_credit_j_m2_ofe_ground: 3923.1981183640078, infiltration_enthalpy_credit_j_m2_ofe_ground: 0.0, ending_enthalpy_j_m2_ofe_ground: 2003923.1981183654, ending_temperature_k: 270.0573566976369 }] }, SoilThermalTileCandidate { owner_id: ResourceOwnerId("soil-thermal"), beginning_state_sha256: Sha256Digest("4444444444444444444444444444444444444444444444444444444444444444"), beginning_identity: V1 { configuration_sha256: Sha256Digest("5555555555555555555555555555555555555555555555555555555555555555"), last_accepted_transaction_id: None }, ofe_id: OfeId("ofe-1"), tile_id: TileId("open"), layers: [SoilThermalLayerCandidate { layer_id: SoilLayerId("thermal-1"), beginning_enthalpy_j_m2_ofe_ground: 1000000.0, beginning_enthalpy_carry: ExactDyadicEnthalpy { sign: 0, coefficient_hex: "0", exponent2: 0 }, ground_heat_credit_j_m2_ofe_ground: 2930.7248066735874, infiltration_enthalpy_credit_j_m2_ofe_ground: 0.0, ending_enthalpy_j_m2_ofe_ground: 1002313.7480073634, ending_temperature_k: 291.53109876353983 }, SoilThermalLayerCandidate { layer_id: SoilLayerId("thermal-2"), beginning_enthalpy_j_m2_ofe_ground: 2000000.0, beginning_enthalpy_carry: ExactDyadicEnthalpy { sign: 0, coefficient_hex: "0", exponent2: 0 }, ground_heat_credit_j_m2_ofe_ground: 616.9767993083175, infiltration_enthalpy_credit_j_m2_ofe_ground: 0.0, ending_enthalpy_j_m2_ofe_ground: 2001506.7824386281, ending_temperature_k: 289.81350163475474 }, SoilThermalLayerCandidate { layer_id: SoilLayerId("soil-1"), beginning_enthalpy_j_m2_ofe_ground: 2000000.0, beginning_enthalpy_carry: ExactDyadicEnthalpy { sign: 0, coefficient_hex: "0", exponent2: 0 }, ground_heat_credit_j_m2_ofe_ground: -889.8056393191878, infiltration_enthalpy_credit_j_m2_ofe_ground: 0.0, ending_enthalpy_j_m2_ofe_ground: 1999111.2938939808, ending_temperature_k: 292.9920366836378 }, SoilThermalLayerCandidate { layer_id: SoilLayerId("soil-2"), beginning_enthalpy_j_m2_ofe_ground: 2000000.0, beginning_enthalpy_carry: ExactDyadicEnthalpy { sign: 0, coefficient_hex: "0", exponent2: 0 }, ground_heat_credit_j_m2_ofe_ground: -1.0995332970693426, infiltration_enthalpy_credit_j_m2_ofe_ground: 0.0, ending_enthalpy_j_m2_ofe_ground: 1999990.9205316363, ending_temperature_k: 292.9999186427566 }, SoilThermalLayerCandidate { layer_id: SoilLayerId("soil-dry"), beginning_enthalpy_j_m2_ofe_ground: 2000000.0, beginning_enthalpy_carry: ExactDyadicEnthalpy { sign: 0, coefficient_hex: "0", exponent2: 0 }, ground_heat_credit_j_m2_ofe_ground: 7.979935066062126, infiltration_enthalpy_credit_j_m2_ofe_ground: 0.0, ending_enthalpy_j_m2_ofe_ground: 1993606.9724787865, ending_temperature_k: 292.9427148071576 }, SoilThermalLayerCandidate { layer_id: SoilLayerId("soil-frozen"), beginning_enthalpy_j_m2_ofe_ground: 2000000.0, beginning_enthalpy_carry: ExactDyadicEnthalpy { sign: 0, coefficient_hex: "0", exponent2: 0 }, ground_heat_credit_j_m2_ofe_ground: 6401.007456278133, infiltration_enthalpy_credit_j_m2_ofe_ground: 0.0, ending_enthalpy_j_m2_ofe_ground: 2006401.0074562803, ending_temperature_k: 270.0573566976369 }] }], pre_ingress_soil_thermal_sha256: "ae92acb8c02ff4f2d314b4af14ab3a09b20abbec28952a90874d1be1f5232a5e", soil_thermal_candidates: [SoilThermalTileCandidate { owner_id: ResourceOwnerId("soil-thermal"), beginning_state_sha256: Sha256Digest("4444444444444444444444444444444444444444444444444444444444444444"), beginning_identity: V1 { configuration_sha256: Sha256Digest("5555555555555555555555555555555555555555555555555555555555555555"), last_accepted_transaction_id: None }, ofe_id: OfeId("ofe-1"), tile_id: TileId("forest"), layers: [SoilThermalLayerCandidate { layer_id: SoilLayerId("thermal-1"), beginning_enthalpy_j_m2_ofe_ground: 1000000.0, beginning_enthalpy_carry: ExactDyadicEnthalpy { sign: 0, coefficient_hex: "0", exponent2: 0 }, ground_heat_credit_j_m2_ofe_ground: 365.8740165240224, infiltration_enthalpy_credit_j_m2_ofe_ground: 128.7105777206214, ending_enthalpy_j_m2_ofe_ground: 1000119.8943179148, ending_temperature_k: 291.49980666096917 }, SoilThermalLayerCandidate { layer_id: SoilLayerId("thermal-2"), beginning_enthalpy_j_m2_ofe_ground: 2000000.0, beginning_enthalpy_carry: ExactDyadicEnthalpy { sign: 0, coefficient_hex: "0", exponent2: 0 }, ground_heat_credit_j_m2_ofe_ground: 374.69027633053287, infiltration_enthalpy_credit_j_m2_ofe_ground: 0.0, ending_enthalpy_j_m2_ofe_ground: 2000920.0593332332, ending_temperature_k: 289.8134511598426 }, SoilThermalLayerCandidate { layer_id: SoilLayerId("soil-1"), beginning_enthalpy_j_m2_ofe_ground: 2000000.0, beginning_enthalpy_carry: ExactDyadicEnthalpy { sign: 0, coefficient_hex: "0", exponent2: 0 }, ground_heat_credit_j_m2_ofe_ground: -545.3690569034275, infiltration_enthalpy_credit_j_m2_ofe_ground: 0.0, ending_enthalpy_j_m2_ofe_ground: 1999455.3048559767, ending_temperature_k: 292.9920366207014 }, SoilThermalLayerCandidate { layer_id: SoilLayerId("soil-2"), beginning_enthalpy_j_m2_ofe_ground: 2000000.0, beginning_enthalpy_carry: ExactDyadicEnthalpy { sign: 0, coefficient_hex: "0", exponent2: 0 }, ground_heat_credit_j_m2_ofe_ground: -0.6739128790113398, infiltration_enthalpy_credit_j_m2_ofe_ground: 0.0, ending_enthalpy_j_m2_ofe_ground: 1999994.4351591857, ending_temperature_k: 292.99991864267815 }, SoilThermalLayerCandidate { layer_id: SoilLayerId("soil-dry"), beginning_enthalpy_j_m2_ofe_ground: 2000000.0, beginning_enthalpy_carry: ExactDyadicEnthalpy { sign: 0, coefficient_hex: "0", exponent2: 0 }, ground_heat_credit_j_m2_ofe_ground: 4.890927937018262, infiltration_enthalpy_credit_j_m2_ofe_ground: 0.0, ending_enthalpy_j_m2_ofe_ground: 1996081.692809571, ending_temperature_k: 292.9427148071575 }, SoilThermalLayerCandidate { layer_id: SoilLayerId("soil-frozen"), beginning_enthalpy_j_m2_ofe_ground: 2000000.0, beginning_enthalpy_carry: ExactDyadicEnthalpy { sign: 0, coefficient_hex: "0", exponent2: 0 }, ground_heat_credit_j_m2_ofe_ground: 3923.1981183640078, infiltration_enthalpy_credit_j_m2_ofe_ground: 0.0, ending_enthalpy_j_m2_ofe_ground: 2003923.1981183654, ending_temperature_k: 270.0573566976369 }] }, SoilThermalTileCandidate { owner_id: ResourceOwnerId("soil-thermal"), beginning_state_sha256: Sha256Digest("4444444444444444444444444444444444444444444444444444444444444444"), beginning_identity: V1 { configuration_sha256: Sha256Digest("5555555555555555555555555555555555555555555555555555555555555555"), last_accepted_transaction_id: None }, ofe_id: OfeId("ofe-1"), tile_id: TileId("open"), layers: [SoilThermalLayerCandidate { layer_id: SoilLayerId("thermal-1"), beginning_enthalpy_j_m2_ofe_ground: 1000000.0, beginning_enthalpy_carry: ExactDyadicEnthalpy { sign: 0, coefficient_hex: "0", exponent2: 0 }, ground_heat_credit_j_m2_ofe_ground: 2930.7248066735874, infiltration_enthalpy_credit_j_m2_ofe_ground: 0.0, ending_enthalpy_j_m2_ofe_ground: 1002313.7480073634, ending_temperature_k: 291.53109876353983 }, SoilThermalLayerCandidate { layer_id: SoilLayerId("thermal-2"), beginning_enthalpy_j_m2_ofe_ground: 2000000.0, beginning_enthalpy_carry: ExactDyadicEnthalpy { sign: 0, coefficient_hex: "0", exponent2: 0 }, ground_heat_credit_j_m2_ofe_ground: 616.9767993083175, infiltration_enthalpy_credit_j_m2_ofe_ground: 0.0, ending_enthalpy_j_m2_ofe_ground: 2001506.7824386281, ending_temperature_k: 289.81350163475474 }, SoilThermalLayerCandidate { layer_id: SoilLayerId("soil-1"), beginning_enthalpy_j_m2_ofe_ground: 2000000.0, beginning_enthalpy_carry: ExactDyadicEnthalpy { sign: 0, coefficient_hex: "0", exponent2: 0 }, ground_heat_credit_j_m2_ofe_ground: -889.8056393191878, infiltration_enthalpy_credit_j_m2_ofe_ground: 0.0, ending_enthalpy_j_m2_ofe_ground: 1999111.2938939808, ending_temperature_k: 292.9920366836378 }, SoilThermalLayerCandidate { layer_id: SoilLayerId("soil-2"), beginning_enthalpy_j_m2_ofe_ground: 2000000.0, beginning_enthalpy_carry: ExactDyadicEnthalpy { sign: 0, coefficient_hex: "0", exponent2: 0 }, ground_heat_credit_j_m2_ofe_ground: -1.0995332970693426, infiltration_enthalpy_credit_j_m2_ofe_ground: 0.0, ending_enthalpy_j_m2_ofe_ground: 1999990.9205316363, ending_temperature_k: 292.9999186427566 }, SoilThermalLayerCandidate { layer_id: SoilLayerId("soil-dry"), beginning_enthalpy_j_m2_ofe_ground: 2000000.0, beginning_enthalpy_carry: ExactDyadicEnthalpy { sign: 0, coefficient_hex: "0", exponent2: 0 }, ground_heat_credit_j_m2_ofe_ground: 7.979935066062126, infiltration_enthalpy_credit_j_m2_ofe_ground: 0.0, ending_enthalpy_j_m2_ofe_ground: 1993606.9724787865, ending_temperature_k: 292.9427148071576 }, SoilThermalLayerCandidate { layer_id: SoilLayerId("soil-frozen"), beginning_enthalpy_j_m2_ofe_ground: 2000000.0, beginning_enthalpy_carry: ExactDyadicEnthalpy { sign: 0, coefficient_hex: "0", exponent2: 0 }, ground_heat_credit_j_m2_ofe_ground: 6401.007456278133, infiltration_enthalpy_credit_j_m2_ofe_ground: 0.0, ending_enthalpy_j_m2_ofe_ground: 2006401.0074562803, ending_temperature_k: 270.0573566976369 }] }], receiver_closure_operands: RealReceiverClosureOperands { transaction_id: TransactionId(41), hydrology_owner_id: ResourceOwnerId("production-hydrology"), lse_owner_id: ResourceOwnerId("land-surface-energy-v1"), soil_thermal_owner_id: ResourceOwnerId("soil-thermal"), beginning_hydrology_snapshot_sha256: Sha256Digest("97c321bba739aea8d36ff155f946a2d02b902030c9a71586be52f44f7d052fc6"), beginning_lse_state_sha256: Sha256Digest("fb13fe0a3af53742cabf64ec76d302e445fbbadcb66fe59d52178bb1ea6a10fd"), beginning_soil_thermal_state_sha256: Sha256Digest("4444444444444444444444444444444444444444444444444444444444444444"), rollback_hashes: [OwnerRollbackHash { owner_kind: LandSurfaceEnergy, owner_id: "land-surface-energy-v1", before_sha256: Sha256Digest("fb13fe0a3af53742cabf64ec76d302e445fbbadcb66fe59d52178bb1ea6a10fd"), after_sha256: Sha256Digest("fb13fe0a3af53742cabf64ec76d302e445fbbadcb66fe59d52178bb1ea6a10fd") }, OwnerRollbackHash { owner_kind: Hydrology, owner_id: "production-hydrology", before_sha256: Sha256Digest("97c321bba739aea8d36ff155f946a2d02b902030c9a71586be52f44f7d052fc6"), after_sha256: Sha256Digest("97c321bba739aea8d36ff155f946a2d02b902030c9a71586be52f44f7d052fc6") }, OwnerRollbackHash { owner_kind: SoilThermal, owner_id: "soil-thermal", before_sha256: Sha256Digest("4444444444444444444444444444444444444444444444444444444444444444"), after_sha256: Sha256Digest("4444444444444444444444444444444444444444444444444444444444444444") }], production_soil: [ProductionSoilReceiverOperands { ofe_id: OfeId("ofe-1"), production_lane_index: 0, production_lane_id: 1, tillage_depth_m: 0.0, infiltration_m: 8.022340187130082e-6, beginning_aggregate_soil_water_m: 0.11999864081640507, ending_aggregate_soil_water_m: 0.12000666315659221, ordered_layers: [ProductionSoilLayerReceiverOperands { layer_id: SoilLayerId("thermal-1"), beginning_liquid_m: 0.02, ending_liquid_m: 0.02000802234018713, layer_depth_m: 0.3, residual_theta: 0.0, frozen_depth_m: 0.0 }, ProductionSoilLayerReceiverOperands { layer_id: SoilLayerId("thermal-2"), beginning_liquid_m: 0.02, ending_liquid_m: 0.02, layer_depth_m: 0.3, residual_theta: 0.0, frozen_depth_m: 0.0 }, ProductionSoilLayerReceiverOperands { layer_id: SoilLayerId("soil-1"), beginning_liquid_m: 0.019999157306171144, ending_liquid_m: 0.019999157306171144, layer_depth_m: 0.3, residual_theta: 0.0, frozen_depth_m: 0.0 }, ProductionSoilLayerReceiverOperands { layer_id: SoilLayerId("soil-2"), beginning_liquid_m: 0.019999483510233926, ending_liquid_m: 0.019999483510233926, layer_depth_m: 0.3, residual_theta: 0.0, frozen_depth_m: 0.0 }, ProductionSoilLayerReceiverOperands { layer_id: SoilLayerId("soil-dry"), beginning_liquid_m: 0.02, ending_liquid_m: 0.02, layer_depth_m: 0.3, residual_theta: 0.0, frozen_depth_m: 0.0 }, ProductionSoilLayerReceiverOperands { layer_id: SoilLayerId("soil-frozen"), beginning_liquid_m: 0.02, ending_liquid_m: 0.02, layer_depth_m: 0.3, residual_theta: 0.0, frozen_depth_m: 0.0 }] }], soil_thermal: [SoilThermalReceiverOperands { ofe_id: OfeId("ofe-1"), tile_id: TileId("forest"), layer_id: SoilLayerId("thermal-1"), beginning_infiltration_credit_j_m2_ofe_ground: 0.0, ending_infiltration_credit_j_m2_ofe_ground: 128.7105777206214, beginning_enthalpy_j_m2_ofe_ground: 999991.1837401942, infiltration_enthalpy_j_m2_ofe_ground: 128.7105777206214, ending_enthalpy_j_m2_ofe_ground: 1000119.8943179148 }, SoilThermalReceiverOperands { ofe_id: OfeId("ofe-1"), tile_id: TileId("open"), layer_id: SoilLayerId("thermal-1"), beginning_infiltration_credit_j_m2_ofe_ground: 0.0, ending_infiltration_credit_j_m2_ofe_ground: 0.0, beginning_enthalpy_j_m2_ofe_ground: 1002313.7480073634, infiltration_enthalpy_j_m2_ofe_ground: 0.0, ending_enthalpy_j_m2_ofe_ground: 1002313.7480073634 }], lse_tiles: [LseTileReceiverOperands { ofe_id: OfeId("ofe-1"), tile_id: TileId("forest"), tile_fraction: 0.38, beginning_enthalpy_j_m2_tile_ground: 447051.3930449809, retained_enthalpy_j_m2_ofe_ground: 0.0, ending_enthalpy_j_m2_tile_ground: 447051.3930449809 }, LseTileReceiverOperands { ofe_id: OfeId("ofe-1"), tile_id: TileId("open"), tile_fraction: 0.62, beginning_enthalpy_j_m2_tile_ground: 953889.0491499327, retained_enthalpy_j_m2_ofe_ground: 0.0, ending_enthalpy_j_m2_tile_ground: 953889.0491499327 }], expected_production_soil: [(OfeId("ofe-1"), 0, 1, [SoilLayerId("thermal-1"), SoilLayerId("thermal-2"), SoilLayerId("soil-1"), SoilLayerId("soil-2"), SoilLayerId("soil-dry"), SoilLayerId("soil-frozen")])], expected_soil_thermal: [(OfeId("ofe-1"), TileId("forest"), SoilLayerId("thermal-1")), (OfeId("ofe-1"), TileId("open"), SoilLayerId("thermal-1"))], expected_lse_tiles: [(OfeId("ofe-1"), TileId("forest")), (OfeId("ofe-1"), TileId("open"))], configured_surface_context: [(OfeId("ofe-1"), TileId("forest"), SurfaceId("surface:ofe-1:forest"), SourceId("liquid:ofe-1:forest")), (OfeId("ofe-1"), TileId("open"), SurfaceId("surface:ofe-1:open"), SourceId("liquid:ofe-1:open"))] }, rollback_hashes: [OwnerRollbackHash { owner_kind: LandSurfaceEnergy, owner_id: "land-surface-energy-v1", before_sha256: Sha256Digest("fb13fe0a3af53742cabf64ec76d302e445fbbadcb66fe59d52178bb1ea6a10fd"), after_sha256: Sha256Digest("fb13fe0a3af53742cabf64ec76d302e445fbbadcb66fe59d52178bb1ea6a10fd") }, OwnerRollbackHash { owner_kind: Hydrology, owner_id: "production-hydrology", before_sha256: Sha256Digest("97c321bba739aea8d36ff155f946a2d02b902030c9a71586be52f44f7d052fc6"), after_sha256: Sha256Digest("97c321bba739aea8d36ff155f946a2d02b902030c9a71586be52f44f7d052fc6") }, OwnerRollbackHash { owner_kind: SoilThermal, owner_id: "soil-thermal", before_sha256: Sha256Digest("4444444444444444444444444444444444444444444444444444444444444444"), after_sha256: Sha256Digest("4444444444444444444444444444444444444444444444444444444444444444") }] }, contribution_join: M1ReceiverContributionJoin { contributors: [M1ReceiverContribution { origin: "upper_stemflow", source_parcel_id: "m1-prescribed-terminal-receiver", kind: TerminalReceiver, transaction_id: TransactionId(41), mass: 0.002251893424227986, enthalpy: 21090.0, fraction: 0.38 }, M1ReceiverContribution { origin: "upper_throughfall_stemflow", source_parcel_id: "m1-prescribed-terminal-receiver", kind: TerminalReceiver, transaction_id: TransactionId(41), mass: 0.0026016843462896497, enthalpy: 21090.0, fraction: 0.38 }, M1ReceiverContribution { origin: "upper_throughfall_throughfall", source_parcel_id: "m1-prescribed-terminal-receiver", kind: TerminalReceiver, transaction_id: TransactionId(41), mass: 0.010406737385158599, enthalpy: 21090.0, fraction: 0.38 }, M1ReceiverContribution { origin: "upper_drainage_stemflow", source_parcel_id: "m1-prescribed-terminal-receiver", kind: TerminalReceiver, transaction_id: TransactionId(41), mass: 0.0007702212778805854, enthalpy: 0.0, fraction: 0.38 }, M1ReceiverContribution { origin: "upper_drainage_throughfall", source_parcel_id: "m1-prescribed-terminal-receiver", kind: TerminalReceiver, transaction_id: TransactionId(41), mass: 0.003080885111522341, enthalpy: 0.0, fraction: 0.38 }, M1ReceiverContribution { origin: "lower_drainage", source_parcel_id: "m1-prescribed-terminal-receiver", kind: TerminalReceiver, transaction_id: TransactionId(41), mass: 0.002, enthalpy: 8436.0, fraction: 0.38 }] } }
    note: run with `RUST_BACKTRACE=1` environment variable to display a backtrace

────────────
     Summary [   0.087s] 3 tests run: 2 passed, 1 failed, 1482 skipped
        FAIL [   0.076s] (2/3) openwepp-hillslope-orchestrator land_surface_energy_shadow::m1_coupled_expected_red::m1_receiver_fixed_failures_restore_each_actual_owner_byte_record
  stdout ───

    running 1 test
    test land_surface_energy_shadow::m1_coupled_expected_red::m1_receiver_fixed_failures_restore_each_actual_owner_byte_record ... FAILED

    failures:

    failures:
        land_surface_energy_shadow::m1_coupled_expected_red::m1_receiver_fixed_failures_restore_each_actual_owner_byte_record

    test result: FAILED. 0 passed; 1 failed; 0 ignored; 0 measured; 1484 filtered out; finished in 0.07s

  stderr ───

    thread 'land_surface_energy_shadow::m1_coupled_expected_red::m1_receiver_fixed_failures_restore_each_actual_owner_byte_record' (2358916) panicked at crates/openwepp-hillslope-orchestrator/src/land_surface_energy_shadow/m1_coupled_expected_red.rs:1255:18:
    fixed receiver rejection: M1ReceiverDiagnosticResult { actual_candidate: UnifiedRealHydrologyCandidate { transaction_id: TransactionId(41), beginning_frame: DirectRunFrame { identity: DirectRunIdentity { run_id: 83, hillslope_id: 11, lane_count: 1, day_count: 1 }, lanes: [DirectLaneFrame { lane_id: 1, upstream_lane_id: 0, downstream_lane_id: 0, upstream_area_ratio: 1.0, area_m2: 100.0, runoff_publication_q_scale: 1.0, runoff_publication_qofe_scale: 1.0, runoff_publication_efflen_m: 1.0, runoff_publication_cumulative_length_m: 1.0, runoff_publication_ofe_length_m: 1.0, water: DirectWaterState { soil_water_m: 0.12000000000000001, infiltration_m: 0.0, runoff_m: 0.0, evapotranspiration_m: 0.0, drainage_m: 0.0, lateral_flow_m: 0.0 }, transfer: DirectTransferBuffers { surface_carry_m: [0.0, 0.0, 0.0, 0.0, 0.0, 0.0, 0.0, 0.0, 0.0, 0.0, 0.0, 0.0, 0.0, 0.0, 0.0, 0.0, 0.0, 0.0, 0.0, 0.0, 0.0, 0.0, 0.0, 0.0], surface_hourly_weights: [0.0, 0.0, 0.0, 0.0, 0.0, 0.0, 0.0, 0.0, 0.0, 0.0, 0.0, 0.0, 0.0, 0.0, 0.0, 0.0, 0.0, 0.0, 0.0, 0.0, 0.0, 0.0, 0.0, 0.0], lateral_carry_m: [0.0, 0.0, 0.0, 0.0, 0.0, 0.0, 0.0, 0.0, 0.0, 0.0, 0.0, 0.0, 0.0, 0.0, 0.0, 0.0, 0.0, 0.0, 0.0, 0.0, 0.0, 0.0, 0.0, 0.0], upstream_flow_m: 0.0, subsurface_input_m: 0.0 }, publication: DirectPublicationFrame { runoff_m: 0.0, infiltration_m: 0.0, evapotranspiration_m: 0.0, drainage_m: 0.0, lateral_flow_m: 0.0 }, erosion_downstream_operands: DirectErosionDownstreamOperands { publication_authority: false, publication: DirectPublicationErosionOperands { peak_runoff_rate_m_s: Some(0.0), runoff_duration_s: Some(0.0), total_detachment_kg: Some(0.0), total_deposition_kg: Some(0.0), hbp_total_detachment_kg: Some(0.0), hbp_total_deposition_kg: Some(0.0), hbp_sediment_concentration_kg_m3: Some(0.0), sediment_concentration_kg_m3: Some([0.0, 0.0, 0.0, 0.0, 0.0]), hourly_runoff_fraction: None, hourly_sediment_mass_kg: None, enrichment_ratio: None } }, erosion_inflow_intake: None, subsurface_layers: [DirectSubsurfaceLayerState { theta_m: 0.02, field_capacity_m: 0.02, upper_limit_m: 0.2, conductivity_m_s: 1e-6, depth_m: 0.3, residual_theta: 0.0, frozen_depth_m: 0.0, frozen_water_m: 0.0, porosity: 0.45, field_capacity_theta: 0.25, coca: 0.1, lateral_conductivity_m_s: 1e-7 }, DirectSubsurfaceLayerState { theta_m: 0.02, field_capacity_m: 0.02, upper_limit_m: 0.2, conductivity_m_s: 1e-6, depth_m: 0.3, residual_theta: 0.0, frozen_depth_m: 0.0, frozen_water_m: 0.0, porosity: 0.45, field_capacity_theta: 0.25, coca: 0.1, lateral_conductivity_m_s: 1e-7 }, DirectSubsurfaceLayerState { theta_m: 0.02, field_capacity_m: 0.02, upper_limit_m: 0.2, conductivity_m_s: 1e-6, depth_m: 0.3, residual_theta: 0.0, frozen_depth_m: 0.0, frozen_water_m: 0.0, porosity: 0.45, field_capacity_theta: 0.25, coca: 0.1, lateral_conductivity_m_s: 1e-7 }, DirectSubsurfaceLayerState { theta_m: 0.02, field_capacity_m: 0.02, upper_limit_m: 0.2, conductivity_m_s: 1e-6, depth_m: 0.3, residual_theta: 0.0, frozen_depth_m: 0.0, frozen_water_m: 0.0, porosity: 0.45, field_capacity_theta: 0.25, coca: 0.1, lateral_conductivity_m_s: 1e-7 }, DirectSubsurfaceLayerState { theta_m: 0.02, field_capacity_m: 0.02, upper_limit_m: 0.2, conductivity_m_s: 1e-6, depth_m: 0.3, residual_theta: 0.0, frozen_depth_m: 0.0, frozen_water_m: 0.0, porosity: 0.45, field_capacity_theta: 0.25, coca: 0.1, lateral_conductivity_m_s: 1e-7 }, DirectSubsurfaceLayerState { theta_m: 0.02, field_capacity_m: 0.02, upper_limit_m: 0.2, conductivity_m_s: 1e-6, depth_m: 0.3, residual_theta: 0.0, frozen_depth_m: 0.0, frozen_water_m: 0.0, porosity: 0.45, field_capacity_theta: 0.25, coca: 0.1, lateral_conductivity_m_s: 1e-7 }], evapotranspiration_stage_state: None, plant_growth_state: DirectGrowthStateSurface { sumgdd: 0.0, live_biomass_kg_m2: 0.0, interception_live_biomass_kg_m2: 0.0, canopy_height_m: 0.0, canopy_cover_fraction: 0.0, leaf_area_index: 0.0, root_mass_kg_m2: 0.0, root_depth_m: 0.0, harvest_index: 0.0 }, plant_water_stress: 1.0, winter_column: DirectWinterColumnState { snow: DirectSnowLaneState { runtime_swe_m: 0.0, runtime_depth_m: 0.0, runtime_density_kg_m3: 0.0, runtime_settle_day_count: 0.0, coe_boundary_depth_m: 0.0, coe_boundary_density_kg_m3: 0.0, coe_boundary_settle_day_count: 0.0, liquid_water_retained_m: 0.0, snow_albedo_state: None, layers: [] }, frost: DirectFrostLaneState { active_frost_coupling: false, dfrost_m: 0.0, dthaw_m: 0.0, nft: 0.0, ws_frz_m: 0.0, infcap_frz_m_s: 0.0, frwatc_soil_water_before_m: 0.0, frwatc_soil_water_after_m: 0.0, frwatc_frozen_water_before_m: 0.0, frwatc_frozen_water_after_m: 0.0, frwatc_freeze_debit_m: 0.0, frwatc_thaw_credit_m: 0.0, frwatc_net_liquid_delta_m: 0.0, frdp_m: 0.0, thdp_m: 0.0, tfrdp_m: 0.0, tthawd_m: 0.0, fgthwd_flag: 0.0, total_fine_layer_count: 0.0, conductivity_tilled_w_m_k: 0.0, conductivity_untilled_w_m_k: 0.0, conductivity_residue_w_m_k: 0.0, shadow_total_water_before_m: 0.0, shadow_total_water_after_m: 0.0, shadow_wb_delta_m: 0.0, shadow_frwatc_residual_m: 0.0, watpdg_m: 0.0, watbtm_m: 0.0, layer_shadows: [], fine_layers: [] } }, snow_runtime_carry: None, frost_runtime_carry: None, erosion_runtime_carry: DirectErosionRuntimeCarry { consolidation: DirectErosionConsolidationCarry { rfcum_m: 0.0, daydis: 0.0 }, ifrost: ErosionIfrostCarry(0), rill_width_m: 0.0 }, day_inputs: [] }], phase_plan: DirectPhasePlan { phases: [Normalization, StorageBounds, DecompositionTransition, ResiduePartitionTransition, AnnualGrowthTransition, PerennialGrowthTransition, PercolationDeepSeepage, Evapotranspiration, Drainage, LateralTransfer, PlantRootUptake, RunoffReconciliation, StorageReconciliation, ClosureDiagnostics] }, publication: DirectPublicationFrame { runoff_m: 0.0, infiltration_m: 0.0, evapotranspiration_m: 0.0, drainage_m: 0.0, lateral_flow_m: 0.0 }, lane_transfer_ledger: [DirectLaneTransferLedger { lane_id: 0, upstream_lane_id: 0, downstream_lane_id: 0, upstream_area_ratio: 0.0, area_m2: 0.0, outgoing_surface_m: 0.0, outgoing_lateral_m: 0.0, received_surface_m: 0.0, received_lateral_m: 0.0, net_transfer_m: 0.0 }], lane_transfer_downstream_operands: DirectRunTransferDownstreamOperands { lane_count: 0, outlet_lane_id: 0, total_outgoing_surface_m: 0.0, total_outgoing_lateral_m: 0.0, total_received_surface_m: 0.0, total_received_lateral_m: 0.0, total_net_transfer_m: 0.0 }, lane_transfer_shadow_projection: None, groundwater: DirectGroundwaterRunState { authority: Disabled, storage_m3: 0.0, previous_baseflow_m3: 0.0, previous_deep_seepage_m3: 0.0, initialized_area_m2: None }, surface_liquid_shadow: Some(DirectSurfaceLiquidOwnedState { owner_id: ResourceOwnerId("production-hydrology"), configuration_sha256: "a25b600e898017500147cd87919e81b1e663f24bd6b6c60748cd78c22cef1c86", state_sha256: "5051c218a63d2e050adcd209ef8c8ee2ebfad077bcd9d16db7e59c96b82400d6", records: [DirectSurfaceLiquidStateRecord { key: DirectSurfaceLiquidStoreKey { run_id: 83, ofe_id: OfeId("ofe-1"), tile_id: TileId("forest"), surface_id: SurfaceId("surface:ofe-1:forest"), surface_class: ForestLitter, source_type: LitterLiquid, source_id: SourceId("liquid:ofe-1:forest") }, liquid_kg_m2_tile: 4.0, last_accepted_transaction_id: None }, DirectSurfaceLiquidStateRecord { key: DirectSurfaceLiquidStoreKey { run_id: 83, ofe_id: OfeId("ofe-1"), tile_id: TileId("open"), surface_id: SurfaceId("surface:ofe-1:open"), surface_class: BareMineralSoil, source_type: SurfaceLiquid, source_id: SourceId("liquid:ofe-1:open") }, liquid_kg_m2_tile: 0.0, last_accepted_transaction_id: None }], continuations: [DirectSurfaceLiquidContinuationState { ofe_id: OfeId("ofe-1"), day_index: 0, next_interval_index: 0, cumulative_supply_m: 0.0, cumulative_infiltration_m: 0.0, last_accepted_transaction_id: None }] }), snow_stage3_shadow: None, snow_stage3_v11_attachment: None, laned_active: None, laned_active_summary: None }, ending_frame: DirectRunFrame { identity: DirectRunIdentity { run_id: 83, hillslope_id: 11, lane_count: 1, day_count: 1 }, lanes: [DirectLaneFrame { lane_id: 1, upstream_lane_id: 0, downstream_lane_id: 0, upstream_area_ratio: 1.0, area_m2: 100.0, runoff_publication_q_scale: 1.0, runoff_publication_qofe_scale: 1.0, runoff_publication_efflen_m: 1.0, runoff_publication_cumulative_length_m: 1.0, runoff_publication_ofe_length_m: 1.0, water: DirectWaterState { soil_water_m: 0.12000666315659221, infiltration_m: 0.0, runoff_m: 0.0, evapotranspiration_m: 0.0, drainage_m: 0.0, lateral_flow_m: 0.0 }, transfer: DirectTransferBuffers { surface_carry_m: [0.0, 0.0, 0.0, 0.0, 0.0, 0.0, 0.0, 0.0, 0.0, 0.0, 0.0, 0.0, 0.0, 0.0, 0.0, 0.0, 0.0, 0.0, 0.0, 0.0, 0.0, 0.0, 0.0, 0.0], surface_hourly_weights: [0.0, 0.0, 0.0, 0.0, 0.0, 0.0, 0.0, 0.0, 0.0, 0.0, 0.0, 0.0, 0.0, 0.0, 0.0, 0.0, 0.0, 0.0, 0.0, 0.0, 0.0, 0.0, 0.0, 0.0], lateral_carry_m: [0.0, 0.0, 0.0, 0.0, 0.0, 0.0, 0.0, 0.0, 0.0, 0.0, 0.0, 0.0, 0.0, 0.0, 0.0, 0.0, 0.0, 0.0, 0.0, 0.0, 0.0, 0.0, 0.0, 0.0], upstream_flow_m: 0.0, subsurface_input_m: 0.0 }, publication: DirectPublicationFrame { runoff_m: 0.0, infiltration_m: 0.0, evapotranspiration_m: 0.0, drainage_m: 0.0, lateral_flow_m: 0.0 }, erosion_downstream_operands: DirectErosionDownstreamOperands { publication_authority: false, publication: DirectPublicationErosionOperands { peak_runoff_rate_m_s: Some(0.0), runoff_duration_s: Some(0.0), total_detachment_kg: Some(0.0), total_deposition_kg: Some(0.0), hbp_total_detachment_kg: Some(0.0), hbp_total_deposition_kg: Some(0.0), hbp_sediment_concentration_kg_m3: Some(0.0), sediment_concentration_kg_m3: Some([0.0, 0.0, 0.0, 0.0, 0.0]), hourly_runoff_fraction: None, hourly_sediment_mass_kg: None, enrichment_ratio: None } }, erosion_inflow_intake: None, subsurface_layers: [DirectSubsurfaceLayerState { theta_m: 0.02000802234018713, field_capacity_m: 0.02, upper_limit_m: 0.2, conductivity_m_s: 1e-6, depth_m: 0.3, residual_theta: 0.0, frozen_depth_m: 0.0, frozen_water_m: 0.0, porosity: 0.45, field_capacity_theta: 0.25, coca: 0.1, lateral_conductivity_m_s: 1e-7 }, DirectSubsurfaceLayerState { theta_m: 0.02, field_capacity_m: 0.02, upper_limit_m: 0.2, conductivity_m_s: 1e-6, depth_m: 0.3, residual_theta: 0.0, frozen_depth_m: 0.0, frozen_water_m: 0.0, porosity: 0.45, field_capacity_theta: 0.25, coca: 0.1, lateral_conductivity_m_s: 1e-7 }, DirectSubsurfaceLayerState { theta_m: 0.019999157306171144, field_capacity_m: 0.02, upper_limit_m: 0.2, conductivity_m_s: 1e-6, depth_m: 0.3, residual_theta: 0.0, frozen_depth_m: 0.0, frozen_water_m: 0.0, porosity: 0.45, field_capacity_theta: 0.25, coca: 0.1, lateral_conductivity_m_s: 1e-7 }, DirectSubsurfaceLayerState { theta_m: 0.019999483510233926, field_capacity_m: 0.02, upper_limit_m: 0.2, conductivity_m_s: 1e-6, depth_m: 0.3, residual_theta: 0.0, frozen_depth_m: 0.0, frozen_water_m: 0.0, porosity: 0.45, field_capacity_theta: 0.25, coca: 0.1, lateral_conductivity_m_s: 1e-7 }, DirectSubsurfaceLayerState { theta_m: 0.02, field_capacity_m: 0.02, upper_limit_m: 0.2, conductivity_m_s: 1e-6, depth_m: 0.3, residual_theta: 0.0, frozen_depth_m: 0.0, frozen_water_m: 0.0, porosity: 0.45, field_capacity_theta: 0.25, coca: 0.1, lateral_conductivity_m_s: 1e-7 }, DirectSubsurfaceLayerState { theta_m: 0.02, field_capacity_m: 0.02, upper_limit_m: 0.2, conductivity_m_s: 1e-6, depth_m: 0.3, residual_theta: 0.0, frozen_depth_m: 0.0, frozen_water_m: 0.0, porosity: 0.45, field_capacity_theta: 0.25, coca: 0.1, lateral_conductivity_m_s: 1e-7 }], evapotranspiration_stage_state: None, plant_growth_state: DirectGrowthStateSurface { sumgdd: 0.0, live_biomass_kg_m2: 0.0, interception_live_biomass_kg_m2: 0.0, canopy_height_m: 0.0, canopy_cover_fraction: 0.0, leaf_area_index: 0.0, root_mass_kg_m2: 0.0, root_depth_m: 0.0, harvest_index: 0.0 }, plant_water_stress: 1.0, winter_column: DirectWinterColumnState { snow: DirectSnowLaneState { runtime_swe_m: 0.0, runtime_depth_m: 0.0, runtime_density_kg_m3: 0.0, runtime_settle_day_count: 0.0, coe_boundary_depth_m: 0.0, coe_boundary_density_kg_m3: 0.0, coe_boundary_settle_day_count: 0.0, liquid_water_retained_m: 0.0, snow_albedo_state: None, layers: [] }, frost: DirectFrostLaneState { active_frost_coupling: false, dfrost_m: 0.0, dthaw_m: 0.0, nft: 0.0, ws_frz_m: 0.0, infcap_frz_m_s: 0.0, frwatc_soil_water_before_m: 0.0, frwatc_soil_water_after_m: 0.0, frwatc_frozen_water_before_m: 0.0, frwatc_frozen_water_after_m: 0.0, frwatc_freeze_debit_m: 0.0, frwatc_thaw_credit_m: 0.0, frwatc_net_liquid_delta_m: 0.0, frdp_m: 0.0, thdp_m: 0.0, tfrdp_m: 0.0, tthawd_m: 0.0, fgthwd_flag: 0.0, total_fine_layer_count: 0.0, conductivity_tilled_w_m_k: 0.0, conductivity_untilled_w_m_k: 0.0, conductivity_residue_w_m_k: 0.0, shadow_total_water_before_m: 0.0, shadow_total_water_after_m: 0.0, shadow_wb_delta_m: 0.0, shadow_frwatc_residual_m: 0.0, watpdg_m: 0.0, watbtm_m: 0.0, layer_shadows: [], fine_layers: [] } }, snow_runtime_carry: None, frost_runtime_carry: None, erosion_runtime_carry: DirectErosionRuntimeCarry { consolidation: DirectErosionConsolidationCarry { rfcum_m: 0.0, daydis: 0.0 }, ifrost: ErosionIfrostCarry(0), rill_width_m: 0.0 }, day_inputs: [] }], phase_plan: DirectPhasePlan { phases: [Normalization, StorageBounds, DecompositionTransition, ResiduePartitionTransition, AnnualGrowthTransition, PerennialGrowthTransition, PercolationDeepSeepage, Evapotranspiration, Drainage, LateralTransfer, PlantRootUptake, RunoffReconciliation, StorageReconciliation, ClosureDiagnostics] }, publication: DirectPublicationFrame { runoff_m: 0.0, infiltration_m: 0.0, evapotranspiration_m: 0.0, drainage_m: 0.0, lateral_flow_m: 0.0 }, lane_transfer_ledger: [DirectLaneTransferLedger { lane_id: 0, upstream_lane_id: 0, downstream_lane_id: 0, upstream_area_ratio: 0.0, area_m2: 0.0, outgoing_surface_m: 0.0, outgoing_lateral_m: 0.0, received_surface_m: 0.0, received_lateral_m: 0.0, net_transfer_m: 0.0 }], lane_transfer_downstream_operands: DirectRunTransferDownstreamOperands { lane_count: 0, outlet_lane_id: 0, total_outgoing_surface_m: 0.0, total_outgoing_lateral_m: 0.0, total_received_surface_m: 0.0, total_received_lateral_m: 0.0, total_net_transfer_m: 0.0 }, lane_transfer_shadow_projection: None, groundwater: DirectGroundwaterRunState { authority: Disabled, storage_m3: 0.0, previous_baseflow_m3: 0.0, previous_deep_seepage_m3: 0.0, initialized_area_m2: None }, surface_liquid_shadow: Some(DirectSurfaceLiquidOwnedState { owner_id: ResourceOwnerId("production-hydrology"), configuration_sha256: "a25b600e898017500147cd87919e81b1e663f24bd6b6c60748cd78c22cef1c86", state_sha256: "4fbc7d5b7c2520672b2cf5d7f9d18b087bc6793e7c8edfffadf038f88220f662", records: [DirectSurfaceLiquidStateRecord { key: DirectSurfaceLiquidStoreKey { run_id: 83, ofe_id: OfeId("ofe-1"), tile_id: TileId("forest"), surface_id: SurfaceId("surface:ofe-1:forest"), surface_class: ForestLitter, source_type: LitterLiquid, source_id: SourceId("liquid:ofe-1:forest") }, liquid_kg_m2_tile: 3.9965960176244177, last_accepted_transaction_id: Some(TransactionId(41)) }, DirectSurfaceLiquidStateRecord { key: DirectSurfaceLiquidStoreKey { run_id: 83, ofe_id: OfeId("ofe-1"), tile_id: TileId("open"), surface_id: SurfaceId("surface:ofe-1:open"), surface_class: BareMineralSoil, source_type: SurfaceLiquid, source_id: SourceId("liquid:ofe-1:open") }, liquid_kg_m2_tile: 0.0, last_accepted_transaction_id: Some(TransactionId(41)) }], continuations: [DirectSurfaceLiquidContinuationState { ofe_id: OfeId("ofe-1"), day_index: 0, next_interval_index: 1, cumulative_supply_m: 8.022340187130082e-6, cumulative_infiltration_m: 8.022340187130082e-6, last_accepted_transaction_id: Some(TransactionId(41)) }] }), snow_stage3_shadow: None, snow_stage3_v11_attachment: None, laned_active: None, laned_active_summary: None }, arbitration: UnifiedRealHydrologyArbitration { transaction_id: TransactionId(41), requests: [WaterAmount { key: GroundWaterKey { transaction_id: TransactionId(41), requesting_owner_id: ResourceOwnerId("vegetation-v8"), requesting_component: VegetationRoot, ofe_id: OfeId("ofe-1"), requesting_tile_id: TileId("forest"), occupancy_id: Some(ComponentId("stratum-z-upper::forest")), surface_id: None, surface_class: None, source_type: SoilLayerLiquid, source_id: SourceId("soil-1"), source_tile_id: None, soil_layer_id: Some(SoilLayerId("soil-1")), amount_basis: KgH2oM2StandGroundInterval }, amount_kg_m2_stand_ground: 0.0005065401788855218 }, WaterAmount { key: GroundWaterKey { transaction_id: TransactionId(41), requesting_owner_id: ResourceOwnerId("vegetation-v8"), requesting_component: VegetationRoot, ofe_id: OfeId("ofe-1"), requesting_tile_id: TileId("forest"), occupancy_id: Some(ComponentId("stratum-z-upper::forest")), surface_id: None, surface_class: None, source_type: SoilLayerLiquid, source_id: SourceId("soil-2"), source_tile_id: None, soil_layer_id: Some(SoilLayerId("soil-2")), amount_basis: KgH2oM2StandGroundInterval }, amount_kg_m2_stand_ground: 0.0003104601096395134 }, WaterAmount { key: GroundWaterKey { transaction_id: TransactionId(41), requesting_owner_id: ResourceOwnerId("vegetation-v8"), requesting_component: VegetationRoot, ofe_id: OfeId("ofe-1"), requesting_tile_id: TileId("forest"), occupancy_id: Some(ComponentId("stratum-z-upper::forest")), surface_id: None, surface_class: None, source_type: SoilLayerLiquid, source_id: SourceId("soil-dry"), source_tile_id: None, soil_layer_id: Some(SoilLayerId("soil-dry")), amount_basis: KgH2oM2StandGroundInterval }, amount_kg_m2_stand_ground: 0.0 }, WaterAmount { key: GroundWaterKey { transaction_id: TransactionId(41), requesting_owner_id: ResourceOwnerId("vegetation-v8"), requesting_component: VegetationRoot, ofe_id: OfeId("ofe-1"), requesting_tile_id: TileId("forest"), occupancy_id: Some(ComponentId("stratum-z-upper::forest")), surface_id: None, surface_class: None, source_type: SoilLayerLiquid, source_id: SourceId("soil-frozen"), source_tile_id: None, soil_layer_id: Some(SoilLayerId("soil-frozen")), amount_basis: KgH2oM2StandGroundInterval }, amount_kg_m2_stand_ground: 0.0 }, WaterAmount { key: GroundWaterKey { transaction_id: TransactionId(41), requesting_owner_id: ResourceOwnerId("vegetation-v8"), requesting_component: VegetationRoot, ofe_id: OfeId("ofe-1"), requesting_tile_id: TileId("forest"), occupancy_id: Some(ComponentId("stratum-a-lower::forest")), surface_id: None, surface_class: None, source_type: SoilLayerLiquid, source_id: SourceId("soil-1"), source_tile_id: None, soil_layer_id: Some(SoilLayerId("soil-1")), amount_basis: KgH2oM2StandGroundInterval }, amount_kg_m2_stand_ground: 0.00033615364997301265 }, WaterAmount { key: GroundWaterKey { transaction_id: TransactionId(41), requesting_owner_id: ResourceOwnerId("vegetation-v8"), requesting_component: VegetationRoot, ofe_id: OfeId("ofe-1"), requesting_tile_id: TileId("forest"), occupancy_id: Some(ComponentId("stratum-a-lower::forest")), surface_id: None, surface_class: None, source_type: SoilLayerLiquid, source_id: SourceId("soil-2"), source_tile_id: None, soil_layer_id: Some(SoilLayerId("soil-2")), amount_basis: KgH2oM2StandGroundInterval }, amount_kg_m2_stand_ground: 0.0002060296564350723 }, WaterAmount { key: GroundWaterKey { transaction_id: TransactionId(41), requesting_owner_id: ResourceOwnerId("vegetation-v8"), requesting_component: VegetationRoot, ofe_id: OfeId("ofe-1"), requesting_tile_id: TileId("forest"), occupancy_id: Some(ComponentId("stratum-a-lower::forest")), surface_id: None, surface_class: None, source_type: SoilLayerLiquid, source_id: SourceId("soil-dry"), source_tile_id: None, soil_layer_id: Some(SoilLayerId("soil-dry")), amount_basis: KgH2oM2StandGroundInterval }, amount_kg_m2_stand_ground: 0.0 }, WaterAmount { key: GroundWaterKey { transaction_id: TransactionId(41), requesting_owner_id: ResourceOwnerId("vegetation-v8"), requesting_component: VegetationRoot, ofe_id: OfeId("ofe-1"), requesting_tile_id: TileId("forest"), occupancy_id: Some(ComponentId("stratum-a-lower::forest")), surface_id: None, surface_class: None, source_type: SoilLayerLiquid, source_id: SourceId("soil-frozen"), source_tile_id: None, soil_layer_id: Some(SoilLayerId("soil-frozen")), amount_basis: KgH2oM2StandGroundInterval }, amount_kg_m2_stand_ground: 0.0 }, WaterAmount { key: GroundWaterKey { transaction_id: TransactionId(41), requesting_owner_id: ResourceOwnerId("land-surface-energy-v1"), requesting_component: GroundSurface, ofe_id: OfeId("ofe-1"), requesting_tile_id: TileId("forest"), occupancy_id: None, surface_id: Some(SurfaceId("surface:ofe-1:forest")), surface_class: Some(ForestLitter), source_type: LitterLiquid, source_id: SourceId("liquid:ofe-1:forest"), source_tile_id: Some(TileId("forest")), soil_layer_id: None, amount_basis: KgH2oM2StandGroundInterval }, amount_kg_m2_stand_ground: 0.0012935133027212706 }, WaterAmount { key: GroundWaterKey { transaction_id: TransactionId(41), requesting_owner_id: ResourceOwnerId("land-surface-energy-v1"), requesting_component: GroundSurface, ofe_id: OfeId("ofe-1"), requesting_tile_id: TileId("open"), occupancy_id: None, surface_id: Some(SurfaceId("surface:ofe-1:open")), surface_class: Some(BareMineralSoil), source_type: SurfaceLiquid, source_id: SourceId("liquid:ofe-1:open"), source_tile_id: Some(TileId("open")), soil_layer_id: None, amount_basis: KgH2oM2StandGroundInterval }, amount_kg_m2_stand_ground: 0.0041489547083943135 }], authorizations: [WaterAuthorization { key: GroundWaterKey { transaction_id: TransactionId(41), requesting_owner_id: ResourceOwnerId("vegetation-v8"), requesting_component: VegetationRoot, ofe_id: OfeId("ofe-1"), requesting_tile_id: TileId("forest"), occupancy_id: Some(ComponentId("stratum-z-upper::forest")), surface_id: None, surface_class: None, source_type: SoilLayerLiquid, source_id: SourceId("soil-1"), source_tile_id: None, soil_layer_id: Some(SoilLayerId("soil-1")), amount_basis: KgH2oM2StandGroundInterval }, amount_kg_m2_stand_ground: 0.0005065401788855218, reason: FullSupply }, WaterAuthorization { key: GroundWaterKey { transaction_id: TransactionId(41), requesting_owner_id: ResourceOwnerId("vegetation-v8"), requesting_component: VegetationRoot, ofe_id: OfeId("ofe-1"), requesting_tile_id: TileId("forest"), occupancy_id: Some(ComponentId("stratum-z-upper::forest")), surface_id: None, surface_class: None, source_type: SoilLayerLiquid, source_id: SourceId("soil-2"), source_tile_id: None, soil_layer_id: Some(SoilLayerId("soil-2")), amount_basis: KgH2oM2StandGroundInterval }, amount_kg_m2_stand_ground: 0.0003104601096395134, reason: FullSupply }, WaterAuthorization { key: GroundWaterKey { transaction_id: TransactionId(41), requesting_owner_id: ResourceOwnerId("vegetation-v8"), requesting_component: VegetationRoot, ofe_id: OfeId("ofe-1"), requesting_tile_id: TileId("forest"), occupancy_id: Some(ComponentId("stratum-z-upper::forest")), surface_id: None, surface_class: None, source_type: SoilLayerLiquid, source_id: SourceId("soil-dry"), source_tile_id: None, soil_layer_id: Some(SoilLayerId("soil-dry")), amount_basis: KgH2oM2StandGroundInterval }, amount_kg_m2_stand_ground: 0.0, reason: ZeroSupply }, WaterAuthorization { key: GroundWaterKey { transaction_id: TransactionId(41), requesting_owner_id: ResourceOwnerId("vegetation-v8"), requesting_component: VegetationRoot, ofe_id: OfeId("ofe-1"), requesting_tile_id: TileId("forest"), occupancy_id: Some(ComponentId("stratum-z-upper::forest")), surface_id: None, surface_class: None, source_type: SoilLayerLiquid, source_id: SourceId("soil-frozen"), source_tile_id: None, soil_layer_id: Some(SoilLayerId("soil-frozen")), amount_basis: KgH2oM2StandGroundInterval }, amount_kg_m2_stand_ground: 0.0, reason: ZeroSupply }, WaterAuthorization { key: GroundWaterKey { transaction_id: TransactionId(41), requesting_owner_id: ResourceOwnerId("vegetation-v8"), requesting_component: VegetationRoot, ofe_id: OfeId("ofe-1"), requesting_tile_id: TileId("forest"), occupancy_id: Some(ComponentId("stratum-a-lower::forest")), surface_id: None, surface_class: None, source_type: SoilLayerLiquid, source_id: SourceId("soil-1"), source_tile_id: None, soil_layer_id: Some(SoilLayerId("soil-1")), amount_basis: KgH2oM2StandGroundInterval }, amount_kg_m2_stand_ground: 0.00033615364997301265, reason: FullSupply }, WaterAuthorization { key: GroundWaterKey { transaction_id: TransactionId(41), requesting_owner_id: ResourceOwnerId("vegetation-v8"), requesting_component: VegetationRoot, ofe_id: OfeId("ofe-1"), requesting_tile_id: TileId("forest"), occupancy_id: Some(ComponentId("stratum-a-lower::forest")), surface_id: None, surface_class: None, source_type: SoilLayerLiquid, source_id: SourceId("soil-2"), source_tile_id: None, soil_layer_id: Some(SoilLayerId("soil-2")), amount_basis: KgH2oM2StandGroundInterval }, amount_kg_m2_stand_ground: 0.0002060296564350723, reason: FullSupply }, WaterAuthorization { key: GroundWaterKey { transaction_id: TransactionId(41), requesting_owner_id: ResourceOwnerId("vegetation-v8"), requesting_component: VegetationRoot, ofe_id: OfeId("ofe-1"), requesting_tile_id: TileId("forest"), occupancy_id: Some(ComponentId("stratum-a-lower::forest")), surface_id: None, surface_class: None, source_type: SoilLayerLiquid, source_id: SourceId("soil-dry"), source_tile_id: None, soil_layer_id: Some(SoilLayerId("soil-dry")), amount_basis: KgH2oM2StandGroundInterval }, amount_kg_m2_stand_ground: 0.0, reason: ZeroSupply }, WaterAuthorization { key: GroundWaterKey { transaction_id: TransactionId(41), requesting_owner_id: ResourceOwnerId("vegetation-v8"), requesting_component: VegetationRoot, ofe_id: OfeId("ofe-1"), requesting_tile_id: TileId("forest"), occupancy_id: Some(ComponentId("stratum-a-lower::forest")), surface_id: None, surface_class: None, source_type: SoilLayerLiquid, source_id: SourceId("soil-frozen"), source_tile_id: None, soil_layer_id: Some(SoilLayerId("soil-frozen")), amount_basis: KgH2oM2StandGroundInterval }, amount_kg_m2_stand_ground: 0.0, reason: ZeroSupply }, WaterAuthorization { key: GroundWaterKey { transaction_id: TransactionId(41), requesting_owner_id: ResourceOwnerId("land-surface-energy-v1"), requesting_component: GroundSurface, ofe_id: OfeId("ofe-1"), requesting_tile_id: TileId("forest"), occupancy_id: None, surface_id: Some(SurfaceId("surface:ofe-1:forest")), surface_class: Some(ForestLitter), source_type: LitterLiquid, source_id: SourceId("liquid:ofe-1:forest"), source_tile_id: Some(TileId("forest")), soil_layer_id: None, amount_basis: KgH2oM2StandGroundInterval }, amount_kg_m2_stand_ground: 0.0012935133027212706, reason: FullSupply }, WaterAuthorization { key: GroundWaterKey { transaction_id: TransactionId(41), requesting_owner_id: ResourceOwnerId("land-surface-energy-v1"), requesting_component: GroundSurface, ofe_id: OfeId("ofe-1"), requesting_tile_id: TileId("open"), occupancy_id: None, surface_id: Some(SurfaceId("surface:ofe-1:open")), surface_class: Some(BareMineralSoil), source_type: SurfaceLiquid, source_id: SourceId("liquid:ofe-1:open"), source_tile_id: Some(TileId("open")), soil_layer_id: None, amount_basis: KgH2oM2StandGroundInterval }, amount_kg_m2_stand_ground: 0.0, reason: DrySource }], soil: MixedRealHydrologyArbitration { requests: [MixedRealHydrologyRequest { request: WaterAmount { key: GroundWaterKey { transaction_id: TransactionId(41), requesting_owner_id: ResourceOwnerId("vegetation-v8"), requesting_component: VegetationRoot, ofe_id: OfeId("ofe-1"), requesting_tile_id: TileId("forest"), occupancy_id: Some(ComponentId("stratum-z-upper::forest")), surface_id: None, surface_class: None, source_type: SoilLayerLiquid, source_id: SourceId("soil-1"), source_tile_id: None, soil_layer_id: Some(SoilLayerId("soil-1")), amount_basis: KgH2oM2StandGroundInterval }, amount_kg_m2_stand_ground: 0.0005065401788855218 }, source: RealHydrologySourceKey { ofe_lane: RealHydrologyOfeLaneId { lane_index: 0, lane_id: 1 }, layer_id: SoilLayerId("soil-1") } }, MixedRealHydrologyRequest { request: WaterAmount { key: GroundWaterKey { transaction_id: TransactionId(41), requesting_owner_id: ResourceOwnerId("vegetation-v8"), requesting_component: VegetationRoot, ofe_id: OfeId("ofe-1"), requesting_tile_id: TileId("forest"), occupancy_id: Some(ComponentId("stratum-z-upper::forest")), surface_id: None, surface_class: None, source_type: SoilLayerLiquid, source_id: SourceId("soil-2"), source_tile_id: None, soil_layer_id: Some(SoilLayerId("soil-2")), amount_basis: KgH2oM2StandGroundInterval }, amount_kg_m2_stand_ground: 0.0003104601096395134 }, source: RealHydrologySourceKey { ofe_lane: RealHydrologyOfeLaneId { lane_index: 0, lane_id: 1 }, layer_id: SoilLayerId("soil-2") } }, MixedRealHydrologyRequest { request: WaterAmount { key: GroundWaterKey { transaction_id: TransactionId(41), requesting_owner_id: ResourceOwnerId("vegetation-v8"), requesting_component: VegetationRoot, ofe_id: OfeId("ofe-1"), requesting_tile_id: TileId("forest"), occupancy_id: Some(ComponentId("stratum-z-upper::forest")), surface_id: None, surface_class: None, source_type: SoilLayerLiquid, source_id: SourceId("soil-dry"), source_tile_id: None, soil_layer_id: Some(SoilLayerId("soil-dry")), amount_basis: KgH2oM2StandGroundInterval }, amount_kg_m2_stand_ground: 0.0 }, source: RealHydrologySourceKey { ofe_lane: RealHydrologyOfeLaneId { lane_index: 0, lane_id: 1 }, layer_id: SoilLayerId("soil-dry") } }, MixedRealHydrologyRequest { request: WaterAmount { key: GroundWaterKey { transaction_id: TransactionId(41), requesting_owner_id: ResourceOwnerId("vegetation-v8"), requesting_component: VegetationRoot, ofe_id: OfeId("ofe-1"), requesting_tile_id: TileId("forest"), occupancy_id: Some(ComponentId("stratum-z-upper::forest")), surface_id: None, surface_class: None, source_type: SoilLayerLiquid, source_id: SourceId("soil-frozen"), source_tile_id: None, soil_layer_id: Some(SoilLayerId("soil-frozen")), amount_basis: KgH2oM2StandGroundInterval }, amount_kg_m2_stand_ground: 0.0 }, source: RealHydrologySourceKey { ofe_lane: RealHydrologyOfeLaneId { lane_index: 0, lane_id: 1 }, layer_id: SoilLayerId("soil-frozen") } }, MixedRealHydrologyRequest { request: WaterAmount { key: GroundWaterKey { transaction_id: TransactionId(41), requesting_owner_id: ResourceOwnerId("vegetation-v8"), requesting_component: VegetationRoot, ofe_id: OfeId("ofe-1"), requesting_tile_id: TileId("forest"), occupancy_id: Some(ComponentId("stratum-a-lower::forest")), surface_id: None, surface_class: None, source_type: SoilLayerLiquid, source_id: SourceId("soil-1"), source_tile_id: None, soil_layer_id: Some(SoilLayerId("soil-1")), amount_basis: KgH2oM2StandGroundInterval }, amount_kg_m2_stand_ground: 0.00033615364997301265 }, source: RealHydrologySourceKey { ofe_lane: RealHydrologyOfeLaneId { lane_index: 0, lane_id: 1 }, layer_id: SoilLayerId("soil-1") } }, MixedRealHydrologyRequest { request: WaterAmount { key: GroundWaterKey { transaction_id: TransactionId(41), requesting_owner_id: ResourceOwnerId("vegetation-v8"), requesting_component: VegetationRoot, ofe_id: OfeId("ofe-1"), requesting_tile_id: TileId("forest"), occupancy_id: Some(ComponentId("stratum-a-lower::forest")), surface_id: None, surface_class: None, source_type: SoilLayerLiquid, source_id: SourceId("soil-2"), source_tile_id: None, soil_layer_id: Some(SoilLayerId("soil-2")), amount_basis: KgH2oM2StandGroundInterval }, amount_kg_m2_stand_ground: 0.0002060296564350723 }, source: RealHydrologySourceKey { ofe_lane: RealHydrologyOfeLaneId { lane_index: 0, lane_id: 1 }, layer_id: SoilLayerId("soil-2") } }, MixedRealHydrologyRequest { request: WaterAmount { key: GroundWaterKey { transaction_id: TransactionId(41), requesting_owner_id: ResourceOwnerId("vegetation-v8"), requesting_component: VegetationRoot, ofe_id: OfeId("ofe-1"), requesting_tile_id: TileId("forest"), occupancy_id: Some(ComponentId("stratum-a-lower::forest")), surface_id: None, surface_class: None, source_type: SoilLayerLiquid, source_id: SourceId("soil-dry"), source_tile_id: None, soil_layer_id: Some(SoilLayerId("soil-dry")), amount_basis: KgH2oM2StandGroundInterval }, amount_kg_m2_stand_ground: 0.0 }, source: RealHydrologySourceKey { ofe_lane: RealHydrologyOfeLaneId { lane_index: 0, lane_id: 1 }, layer_id: SoilLayerId("soil-dry") } }, MixedRealHydrologyRequest { request: WaterAmount { key: GroundWaterKey { transaction_id: TransactionId(41), requesting_owner_id: ResourceOwnerId("vegetation-v8"), requesting_component: VegetationRoot, ofe_id: OfeId("ofe-1"), requesting_tile_id: TileId("forest"), occupancy_id: Some(ComponentId("stratum-a-lower::forest")), surface_id: None, surface_class: None, source_type: SoilLayerLiquid, source_id: SourceId("soil-frozen"), source_tile_id: None, soil_layer_id: Some(SoilLayerId("soil-frozen")), amount_basis: KgH2oM2StandGroundInterval }, amount_kg_m2_stand_ground: 0.0 }, source: RealHydrologySourceKey { ofe_lane: RealHydrologyOfeLaneId { lane_index: 0, lane_id: 1 }, layer_id: SoilLayerId("soil-frozen") } }], authorizations: [MixedRealHydrologyAuthorization { authorization: WaterAuthorization { key: GroundWaterKey { transaction_id: TransactionId(41), requesting_owner_id: ResourceOwnerId("vegetation-v8"), requesting_component: VegetationRoot, ofe_id: OfeId("ofe-1"), requesting_tile_id: TileId("forest"), occupancy_id: Some(ComponentId("stratum-z-upper::forest")), surface_id: None, surface_class: None, source_type: SoilLayerLiquid, source_id: SourceId("soil-1"), source_tile_id: None, soil_layer_id: Some(SoilLayerId("soil-1")), amount_basis: KgH2oM2StandGroundInterval }, amount_kg_m2_stand_ground: 0.0005065401788855218, reason: FullSupply }, source: RealHydrologySourceKey { ofe_lane: RealHydrologyOfeLaneId { lane_index: 0, lane_id: 1 }, layer_id: SoilLayerId("soil-1") } }, MixedRealHydrologyAuthorization { authorization: WaterAuthorization { key: GroundWaterKey { transaction_id: TransactionId(41), requesting_owner_id: ResourceOwnerId("vegetation-v8"), requesting_component: VegetationRoot, ofe_id: OfeId("ofe-1"), requesting_tile_id: TileId("forest"), occupancy_id: Some(ComponentId("stratum-z-upper::forest")), surface_id: None, surface_class: None, source_type: SoilLayerLiquid, source_id: SourceId("soil-2"), source_tile_id: None, soil_layer_id: Some(SoilLayerId("soil-2")), amount_basis: KgH2oM2StandGroundInterval }, amount_kg_m2_stand_ground: 0.0003104601096395134, reason: FullSupply }, source: RealHydrologySourceKey { ofe_lane: RealHydrologyOfeLaneId { lane_index: 0, lane_id: 1 }, layer_id: SoilLayerId("soil-2") } }, MixedRealHydrologyAuthorization { authorization: WaterAuthorization { key: GroundWaterKey { transaction_id: TransactionId(41), requesting_owner_id: ResourceOwnerId("vegetation-v8"), requesting_component: VegetationRoot, ofe_id: OfeId("ofe-1"), requesting_tile_id: TileId("forest"), occupancy_id: Some(ComponentId("stratum-z-upper::forest")), surface_id: None, surface_class: None, source_type: SoilLayerLiquid, source_id: SourceId("soil-dry"), source_tile_id: None, soil_layer_id: Some(SoilLayerId("soil-dry")), amount_basis: KgH2oM2StandGroundInterval }, amount_kg_m2_stand_ground: 0.0, reason: ZeroSupply }, source: RealHydrologySourceKey { ofe_lane: RealHydrologyOfeLaneId { lane_index: 0, lane_id: 1 }, layer_id: SoilLayerId("soil-dry") } }, MixedRealHydrologyAuthorization { authorization: WaterAuthorization { key: GroundWaterKey { transaction_id: TransactionId(41), requesting_owner_id: ResourceOwnerId("vegetation-v8"), requesting_component: VegetationRoot, ofe_id: OfeId("ofe-1"), requesting_tile_id: TileId("forest"), occupancy_id: Some(ComponentId("stratum-z-upper::forest")), surface_id: None, surface_class: None, source_type: SoilLayerLiquid, source_id: SourceId("soil-frozen"), source_tile_id: None, soil_layer_id: Some(SoilLayerId("soil-frozen")), amount_basis: KgH2oM2StandGroundInterval }, amount_kg_m2_stand_ground: 0.0, reason: ZeroSupply }, source: RealHydrologySourceKey { ofe_lane: RealHydrologyOfeLaneId { lane_index: 0, lane_id: 1 }, layer_id: SoilLayerId("soil-frozen") } }, MixedRealHydrologyAuthorization { authorization: WaterAuthorization { key: GroundWaterKey { transaction_id: TransactionId(41), requesting_owner_id: ResourceOwnerId("vegetation-v8"), requesting_component: VegetationRoot, ofe_id: OfeId("ofe-1"), requesting_tile_id: TileId("forest"), occupancy_id: Some(ComponentId("stratum-a-lower::forest")), surface_id: None, surface_class: None, source_type: SoilLayerLiquid, source_id: SourceId("soil-1"), source_tile_id: None, soil_layer_id: Some(SoilLayerId("soil-1")), amount_basis: KgH2oM2StandGroundInterval }, amount_kg_m2_stand_ground: 0.00033615364997301265, reason: FullSupply }, source: RealHydrologySourceKey { ofe_lane: RealHydrologyOfeLaneId { lane_index: 0, lane_id: 1 }, layer_id: SoilLayerId("soil-1") } }, MixedRealHydrologyAuthorization { authorization: WaterAuthorization { key: GroundWaterKey { transaction_id: TransactionId(41), requesting_owner_id: ResourceOwnerId("vegetation-v8"), requesting_component: VegetationRoot, ofe_id: OfeId("ofe-1"), requesting_tile_id: TileId("forest"), occupancy_id: Some(ComponentId("stratum-a-lower::forest")), surface_id: None, surface_class: None, source_type: SoilLayerLiquid, source_id: SourceId("soil-2"), source_tile_id: None, soil_layer_id: Some(SoilLayerId("soil-2")), amount_basis: KgH2oM2StandGroundInterval }, amount_kg_m2_stand_ground: 0.0002060296564350723, reason: FullSupply }, source: RealHydrologySourceKey { ofe_lane: RealHydrologyOfeLaneId { lane_index: 0, lane_id: 1 }, layer_id: SoilLayerId("soil-2") } }, MixedRealHydrologyAuthorization { authorization: WaterAuthorization { key: GroundWaterKey { transaction_id: TransactionId(41), requesting_owner_id: ResourceOwnerId("vegetation-v8"), requesting_component: VegetationRoot, ofe_id: OfeId("ofe-1"), requesting_tile_id: TileId("forest"), occupancy_id: Some(ComponentId("stratum-a-lower::forest")), surface_id: None, surface_class: None, source_type: SoilLayerLiquid, source_id: SourceId("soil-dry"), source_tile_id: None, soil_layer_id: Some(SoilLayerId("soil-dry")), amount_basis: KgH2oM2StandGroundInterval }, amount_kg_m2_stand_ground: 0.0, reason: ZeroSupply }, source: RealHydrologySourceKey { ofe_lane: RealHydrologyOfeLaneId { lane_index: 0, lane_id: 1 }, layer_id: SoilLayerId("soil-dry") } }, MixedRealHydrologyAuthorization { authorization: WaterAuthorization { key: GroundWaterKey { transaction_id: TransactionId(41), requesting_owner_id: ResourceOwnerId("vegetation-v8"), requesting_component: VegetationRoot, ofe_id: OfeId("ofe-1"), requesting_tile_id: TileId("forest"), occupancy_id: Some(ComponentId("stratum-a-lower::forest")), surface_id: None, surface_class: None, source_type: SoilLayerLiquid, source_id: SourceId("soil-frozen"), source_tile_id: None, soil_layer_id: Some(SoilLayerId("soil-frozen")), amount_basis: KgH2oM2StandGroundInterval }, amount_kg_m2_stand_ground: 0.0, reason: ZeroSupply }, source: RealHydrologySourceKey { ofe_lane: RealHydrologyOfeLaneId { lane_index: 0, lane_id: 1 }, layer_id: SoilLayerId("soil-frozen") } }], beginning_frame: DirectRunFrame { identity: DirectRunIdentity { run_id: 83, hillslope_id: 11, lane_count: 1, day_count: 1 }, lanes: [DirectLaneFrame { lane_id: 1, upstream_lane_id: 0, downstream_lane_id: 0, upstream_area_ratio: 1.0, area_m2: 100.0, runoff_publication_q_scale: 1.0, runoff_publication_qofe_scale: 1.0, runoff_publication_efflen_m: 1.0, runoff_publication_cumulative_length_m: 1.0, runoff_publication_ofe_length_m: 1.0, water: DirectWaterState { soil_water_m: 0.12000000000000001, infiltration_m: 0.0, runoff_m: 0.0, evapotranspiration_m: 0.0, drainage_m: 0.0, lateral_flow_m: 0.0 }, transfer: DirectTransferBuffers { surface_carry_m: [0.0, 0.0, 0.0, 0.0, 0.0, 0.0, 0.0, 0.0, 0.0, 0.0, 0.0, 0.0, 0.0, 0.0, 0.0, 0.0, 0.0, 0.0, 0.0, 0.0, 0.0, 0.0, 0.0, 0.0], surface_hourly_weights: [0.0, 0.0, 0.0, 0.0, 0.0, 0.0, 0.0, 0.0, 0.0, 0.0, 0.0, 0.0, 0.0, 0.0, 0.0, 0.0, 0.0, 0.0, 0.0, 0.0, 0.0, 0.0, 0.0, 0.0], lateral_carry_m: [0.0, 0.0, 0.0, 0.0, 0.0, 0.0, 0.0, 0.0, 0.0, 0.0, 0.0, 0.0, 0.0, 0.0, 0.0, 0.0, 0.0, 0.0, 0.0, 0.0, 0.0, 0.0, 0.0, 0.0], upstream_flow_m: 0.0, subsurface_input_m: 0.0 }, publication: DirectPublicationFrame { runoff_m: 0.0, infiltration_m: 0.0, evapotranspiration_m: 0.0, drainage_m: 0.0, lateral_flow_m: 0.0 }, erosion_downstream_operands: DirectErosionDownstreamOperands { publication_authority: false, publication: DirectPublicationErosionOperands { peak_runoff_rate_m_s: Some(0.0), runoff_duration_s: Some(0.0), total_detachment_kg: Some(0.0), total_deposition_kg: Some(0.0), hbp_total_detachment_kg: Some(0.0), hbp_total_deposition_kg: Some(0.0), hbp_sediment_concentration_kg_m3: Some(0.0), sediment_concentration_kg_m3: Some([0.0, 0.0, 0.0, 0.0, 0.0]), hourly_runoff_fraction: None, hourly_sediment_mass_kg: None, enrichment_ratio: None } }, erosion_inflow_intake: None, subsurface_layers: [DirectSubsurfaceLayerState { theta_m: 0.02, field_capacity_m: 0.02, upper_limit_m: 0.2, conductivity_m_s: 1e-6, depth_m: 0.3, residual_theta: 0.0, frozen_depth_m: 0.0, frozen_water_m: 0.0, porosity: 0.45, field_capacity_theta: 0.25, coca: 0.1, lateral_conductivity_m_s: 1e-7 }, DirectSubsurfaceLayerState { theta_m: 0.02, field_capacity_m: 0.02, upper_limit_m: 0.2, conductivity_m_s: 1e-6, depth_m: 0.3, residual_theta: 0.0, frozen_depth_m: 0.0, frozen_water_m: 0.0, porosity: 0.45, field_capacity_theta: 0.25, coca: 0.1, lateral_conductivity_m_s: 1e-7 }, DirectSubsurfaceLayerState { theta_m: 0.02, field_capacity_m: 0.02, upper_limit_m: 0.2, conductivity_m_s: 1e-6, depth_m: 0.3, residual_theta: 0.0, frozen_depth_m: 0.0, frozen_water_m: 0.0, porosity: 0.45, field_capacity_theta: 0.25, coca: 0.1, lateral_conductivity_m_s: 1e-7 }, DirectSubsurfaceLayerState { theta_m: 0.02, field_capacity_m: 0.02, upper_limit_m: 0.2, conductivity_m_s: 1e-6, depth_m: 0.3, residual_theta: 0.0, frozen_depth_m: 0.0, frozen_water_m: 0.0, porosity: 0.45, field_capacity_theta: 0.25, coca: 0.1, lateral_conductivity_m_s: 1e-7 }, DirectSubsurfaceLayerState { theta_m: 0.02, field_capacity_m: 0.02, upper_limit_m: 0.2, conductivity_m_s: 1e-6, depth_m: 0.3, residual_theta: 0.0, frozen_depth_m: 0.0, frozen_water_m: 0.0, porosity: 0.45, field_capacity_theta: 0.25, coca: 0.1, lateral_conductivity_m_s: 1e-7 }, DirectSubsurfaceLayerState { theta_m: 0.02, field_capacity_m: 0.02, upper_limit_m: 0.2, conductivity_m_s: 1e-6, depth_m: 0.3, residual_theta: 0.0, frozen_depth_m: 0.0, frozen_water_m: 0.0, porosity: 0.45, field_capacity_theta: 0.25, coca: 0.1, lateral_conductivity_m_s: 1e-7 }], evapotranspiration_stage_state: None, plant_growth_state: DirectGrowthStateSurface { sumgdd: 0.0, live_biomass_kg_m2: 0.0, interception_live_biomass_kg_m2: 0.0, canopy_height_m: 0.0, canopy_cover_fraction: 0.0, leaf_area_index: 0.0, root_mass_kg_m2: 0.0, root_depth_m: 0.0, harvest_index: 0.0 }, plant_water_stress: 1.0, winter_column: DirectWinterColumnState { snow: DirectSnowLaneState { runtime_swe_m: 0.0, runtime_depth_m: 0.0, runtime_density_kg_m3: 0.0, runtime_settle_day_count: 0.0, coe_boundary_depth_m: 0.0, coe_boundary_density_kg_m3: 0.0, coe_boundary_settle_day_count: 0.0, liquid_water_retained_m: 0.0, snow_albedo_state: None, layers: [] }, frost: DirectFrostLaneState { active_frost_coupling: false, dfrost_m: 0.0, dthaw_m: 0.0, nft: 0.0, ws_frz_m: 0.0, infcap_frz_m_s: 0.0, frwatc_soil_water_before_m: 0.0, frwatc_soil_water_after_m: 0.0, frwatc_frozen_water_before_m: 0.0, frwatc_frozen_water_after_m: 0.0, frwatc_freeze_debit_m: 0.0, frwatc_thaw_credit_m: 0.0, frwatc_net_liquid_delta_m: 0.0, frdp_m: 0.0, thdp_m: 0.0, tfrdp_m: 0.0, tthawd_m: 0.0, fgthwd_flag: 0.0, total_fine_layer_count: 0.0, conductivity_tilled_w_m_k: 0.0, conductivity_untilled_w_m_k: 0.0, conductivity_residue_w_m_k: 0.0, shadow_total_water_before_m: 0.0, shadow_total_water_after_m: 0.0, shadow_wb_delta_m: 0.0, shadow_frwatc_residual_m: 0.0, watpdg_m: 0.0, watbtm_m: 0.0, layer_shadows: [], fine_layers: [] } }, snow_runtime_carry: None, frost_runtime_carry: None, erosion_runtime_carry: DirectErosionRuntimeCarry { consolidation: DirectErosionConsolidationCarry { rfcum_m: 0.0, daydis: 0.0 }, ifrost: ErosionIfrostCarry(0), rill_width_m: 0.0 }, day_inputs: [] }], phase_plan: DirectPhasePlan { phases: [Normalization, StorageBounds, DecompositionTransition, ResiduePartitionTransition, AnnualGrowthTransition, PerennialGrowthTransition, PercolationDeepSeepage, Evapotranspiration, Drainage, LateralTransfer, PlantRootUptake, RunoffReconciliation, StorageReconciliation, ClosureDiagnostics] }, publication: DirectPublicationFrame { runoff_m: 0.0, infiltration_m: 0.0, evapotranspiration_m: 0.0, drainage_m: 0.0, lateral_flow_m: 0.0 }, lane_transfer_ledger: [DirectLaneTransferLedger { lane_id: 0, upstream_lane_id: 0, downstream_lane_id: 0, upstream_area_ratio: 0.0, area_m2: 0.0, outgoing_surface_m: 0.0, outgoing_lateral_m: 0.0, received_surface_m: 0.0, received_lateral_m: 0.0, net_transfer_m: 0.0 }], lane_transfer_downstream_operands: DirectRunTransferDownstreamOperands { lane_count: 0, outlet_lane_id: 0, total_outgoing_surface_m: 0.0, total_outgoing_lateral_m: 0.0, total_received_surface_m: 0.0, total_received_lateral_m: 0.0, total_net_transfer_m: 0.0 }, lane_transfer_shadow_projection: None, groundwater: DirectGroundwaterRunState { authority: Disabled, storage_m3: 0.0, previous_baseflow_m3: 0.0, previous_deep_seepage_m3: 0.0, initialized_area_m2: None }, surface_liquid_shadow: Some(DirectSurfaceLiquidOwnedState { owner_id: ResourceOwnerId("production-hydrology"), configuration_sha256: "a25b600e898017500147cd87919e81b1e663f24bd6b6c60748cd78c22cef1c86", state_sha256: "5051c218a63d2e050adcd209ef8c8ee2ebfad077bcd9d16db7e59c96b82400d6", records: [DirectSurfaceLiquidStateRecord { key: DirectSurfaceLiquidStoreKey { run_id: 83, ofe_id: OfeId("ofe-1"), tile_id: TileId("forest"), surface_id: SurfaceId("surface:ofe-1:forest"), surface_class: ForestLitter, source_type: LitterLiquid, source_id: SourceId("liquid:ofe-1:forest") }, liquid_kg_m2_tile: 4.0, last_accepted_transaction_id: None }, DirectSurfaceLiquidStateRecord { key: DirectSurfaceLiquidStoreKey { run_id: 83, ofe_id: OfeId("ofe-1"), tile_id: TileId("open"), surface_id: SurfaceId("surface:ofe-1:open"), surface_class: BareMineralSoil, source_type: SurfaceLiquid, source_id: SourceId("liquid:ofe-1:open") }, liquid_kg_m2_tile: 0.0, last_accepted_transaction_id: None }], continuations: [DirectSurfaceLiquidContinuationState { ofe_id: OfeId("ofe-1"), day_index: 0, next_interval_index: 0, cumulative_supply_m: 0.0, cumulative_infiltration_m: 0.0, last_accepted_transaction_id: None }] }), snow_stage3_shadow: None, snow_stage3_v11_attachment: None, laned_active: None, laned_active_summary: None }, transaction_id: TransactionId(41) }, surface: Some(DirectSurfaceLiquidArbitration { transaction_id: TransactionId(41), expected_predecessor: None, beginning_state: DirectSurfaceLiquidOwnedState { owner_id: ResourceOwnerId("production-hydrology"), configuration_sha256: "a25b600e898017500147cd87919e81b1e663f24bd6b6c60748cd78c22cef1c86", state_sha256: "5051c218a63d2e050adcd209ef8c8ee2ebfad077bcd9d16db7e59c96b82400d6", records: [DirectSurfaceLiquidStateRecord { key: DirectSurfaceLiquidStoreKey { run_id: 83, ofe_id: OfeId("ofe-1"), tile_id: TileId("forest"), surface_id: SurfaceId("surface:ofe-1:forest"), surface_class: ForestLitter, source_type: LitterLiquid, source_id: SourceId("liquid:ofe-1:forest") }, liquid_kg_m2_tile: 4.0, last_accepted_transaction_id: None }, DirectSurfaceLiquidStateRecord { key: DirectSurfaceLiquidStoreKey { run_id: 83, ofe_id: OfeId("ofe-1"), tile_id: TileId("open"), surface_id: SurfaceId("surface:ofe-1:open"), surface_class: BareMineralSoil, source_type: SurfaceLiquid, source_id: SourceId("liquid:ofe-1:open") }, liquid_kg_m2_tile: 0.0, last_accepted_transaction_id: None }], continuations: [DirectSurfaceLiquidContinuationState { ofe_id: OfeId("ofe-1"), day_index: 0, next_interval_index: 0, cumulative_supply_m: 0.0, cumulative_infiltration_m: 0.0, last_accepted_transaction_id: None }] }, requests: [WaterAmount { key: GroundWaterKey { transaction_id: TransactionId(41), requesting_owner_id: ResourceOwnerId("land-surface-energy-v1"), requesting_component: GroundSurface, ofe_id: OfeId("ofe-1"), requesting_tile_id: TileId("forest"), occupancy_id: None, surface_id: Some(SurfaceId("surface:ofe-1:forest")), surface_class: Some(ForestLitter), source_type: LitterLiquid, source_id: SourceId("liquid:ofe-1:forest"), source_tile_id: Some(TileId("forest")), soil_layer_id: None, amount_basis: KgH2oM2StandGroundInterval }, amount_kg_m2_stand_ground: 0.0012935133027212706 }, WaterAmount { key: GroundWaterKey { transaction_id: TransactionId(41), requesting_owner_id: ResourceOwnerId("land-surface-energy-v1"), requesting_component: GroundSurface, ofe_id: OfeId("ofe-1"), requesting_tile_id: TileId("open"), occupancy_id: None, surface_id: Some(SurfaceId("surface:ofe-1:open")), surface_class: Some(BareMineralSoil), source_type: SurfaceLiquid, source_id: SourceId("liquid:ofe-1:open"), source_tile_id: Some(TileId("open")), soil_layer_id: None, amount_basis: KgH2oM2StandGroundInterval }, amount_kg_m2_stand_ground: 0.0041489547083943135 }], authorizations: [WaterAuthorization { key: GroundWaterKey { transaction_id: TransactionId(41), requesting_owner_id: ResourceOwnerId("land-surface-energy-v1"), requesting_component: GroundSurface, ofe_id: OfeId("ofe-1"), requesting_tile_id: TileId("forest"), occupancy_id: None, surface_id: Some(SurfaceId("surface:ofe-1:forest")), surface_class: Some(ForestLitter), source_type: LitterLiquid, source_id: SourceId("liquid:ofe-1:forest"), source_tile_id: Some(TileId("forest")), soil_layer_id: None, amount_basis: KgH2oM2StandGroundInterval }, amount_kg_m2_stand_ground: 0.0012935133027212706, reason: FullSupply }, WaterAuthorization { key: GroundWaterKey { transaction_id: TransactionId(41), requesting_owner_id: ResourceOwnerId("land-surface-energy-v1"), requesting_component: GroundSurface, ofe_id: OfeId("ofe-1"), requesting_tile_id: TileId("open"), occupancy_id: None, surface_id: Some(SurfaceId("surface:ofe-1:open")), surface_class: Some(BareMineralSoil), source_type: SurfaceLiquid, source_id: SourceId("liquid:ofe-1:open"), source_tile_id: Some(TileId("open")), soil_layer_id: None, amount_basis: KgH2oM2StandGroundInterval }, amount_kg_m2_stand_ground: 0.0, reason: DrySource }], request_store_keys: [DirectSurfaceLiquidStoreKey { run_id: 83, ofe_id: OfeId("ofe-1"), tile_id: TileId("forest"), surface_id: SurfaceId("surface:ofe-1:forest"), surface_class: ForestLitter, source_type: LitterLiquid, source_id: SourceId("liquid:ofe-1:forest") }, DirectSurfaceLiquidStoreKey { run_id: 83, ofe_id: OfeId("ofe-1"), tile_id: TileId("open"), surface_id: SurfaceId("surface:ofe-1:open"), surface_class: BareMineralSoil, source_type: SurfaceLiquid, source_id: SourceId("liquid:ofe-1:open") }] }) }, finalized_uses: [WaterAmount { key: GroundWaterKey { transaction_id: TransactionId(41), requesting_owner_id: ResourceOwnerId("vegetation-v8"), requesting_component: VegetationRoot, ofe_id: OfeId("ofe-1"), requesting_tile_id: TileId("forest"), occupancy_id: Some(ComponentId("stratum-z-upper::forest")), surface_id: None, surface_class: None, source_type: SoilLayerLiquid, source_id: SourceId("soil-1"), source_tile_id: None, soil_layer_id: Some(SoilLayerId("soil-1")), amount_basis: KgH2oM2StandGroundInterval }, amount_kg_m2_stand_ground: 0.0005065401788849635 }, WaterAmount { key: GroundWaterKey { transaction_id: TransactionId(41), requesting_owner_id: ResourceOwnerId("vegetation-v8"), requesting_component: VegetationRoot, ofe_id: OfeId("ofe-1"), requesting_tile_id: TileId("forest"), occupancy_id: Some(ComponentId("stratum-z-upper::forest")), surface_id: None, surface_class: None, source_type: SoilLayerLiquid, source_id: SourceId("soil-2"), source_tile_id: None, soil_layer_id: Some(SoilLayerId("soil-2")), amount_basis: KgH2oM2StandGroundInterval }, amount_kg_m2_stand_ground: 0.0003104601096391712 }, WaterAmount { key: GroundWaterKey { transaction_id: TransactionId(41), requesting_owner_id: ResourceOwnerId("vegetation-v8"), requesting_component: VegetationRoot, ofe_id: OfeId("ofe-1"), requesting_tile_id: TileId("forest"), occupancy_id: Some(ComponentId("stratum-z-upper::forest")), surface_id: None, surface_class: None, source_type: SoilLayerLiquid, source_id: SourceId("soil-dry"), source_tile_id: None, soil_layer_id: Some(SoilLayerId("soil-dry")), amount_basis: KgH2oM2StandGroundInterval }, amount_kg_m2_stand_ground: 0.0 }, WaterAmount { key: GroundWaterKey { transaction_id: TransactionId(41), requesting_owner_id: ResourceOwnerId("vegetation-v8"), requesting_component: VegetationRoot, ofe_id: OfeId("ofe-1"), requesting_tile_id: TileId("forest"), occupancy_id: Some(ComponentId("stratum-z-upper::forest")), surface_id: None, surface_class: None, source_type: SoilLayerLiquid, source_id: SourceId("soil-frozen"), source_tile_id: None, soil_layer_id: Some(SoilLayerId("soil-frozen")), amount_basis: KgH2oM2StandGroundInterval }, amount_kg_m2_stand_ground: 0.0 }, WaterAmount { key: GroundWaterKey { transaction_id: TransactionId(41), requesting_owner_id: ResourceOwnerId("vegetation-v8"), requesting_component: VegetationRoot, ofe_id: OfeId("ofe-1"), requesting_tile_id: TileId("forest"), occupancy_id: Some(ComponentId("stratum-a-lower::forest")), surface_id: None, surface_class: None, source_type: SoilLayerLiquid, source_id: SourceId("soil-1"), source_tile_id: None, soil_layer_id: Some(SoilLayerId("soil-1")), amount_basis: KgH2oM2StandGroundInterval }, amount_kg_m2_stand_ground: 0.00033615364997301265 }, WaterAmount { key: GroundWaterKey { transaction_id: TransactionId(41), requesting_owner_id: ResourceOwnerId("vegetation-v8"), requesting_component: VegetationRoot, ofe_id: OfeId("ofe-1"), requesting_tile_id: TileId("forest"), occupancy_id: Some(ComponentId("stratum-a-lower::forest")), surface_id: None, surface_class: None, source_type: SoilLayerLiquid, source_id: SourceId("soil-2"), source_tile_id: None, soil_layer_id: Some(SoilLayerId("soil-2")), amount_basis: KgH2oM2StandGroundInterval }, amount_kg_m2_stand_ground: 0.0002060296564350723 }, WaterAmount { key: GroundWaterKey { transaction_id: TransactionId(41), requesting_owner_id: ResourceOwnerId("vegetation-v8"), requesting_component: VegetationRoot, ofe_id: OfeId("ofe-1"), requesting_tile_id: TileId("forest"), occupancy_id: Some(ComponentId("stratum-a-lower::forest")), surface_id: None, surface_class: None, source_type: SoilLayerLiquid, source_id: SourceId("soil-dry"), source_tile_id: None, soil_layer_id: Some(SoilLayerId("soil-dry")), amount_basis: KgH2oM2StandGroundInterval }, amount_kg_m2_stand_ground: 0.0 }, WaterAmount { key: GroundWaterKey { transaction_id: TransactionId(41), requesting_owner_id: ResourceOwnerId("vegetation-v8"), requesting_component: VegetationRoot, ofe_id: OfeId("ofe-1"), requesting_tile_id: TileId("forest"), occupancy_id: Some(ComponentId("stratum-a-lower::forest")), surface_id: None, surface_class: None, source_type: SoilLayerLiquid, source_id: SourceId("soil-frozen"), source_tile_id: None, soil_layer_id: Some(SoilLayerId("soil-frozen")), amount_basis: KgH2oM2StandGroundInterval }, amount_kg_m2_stand_ground: 0.0 }, WaterAmount { key: GroundWaterKey { transaction_id: TransactionId(41), requesting_owner_id: ResourceOwnerId("land-surface-energy-v1"), requesting_component: GroundSurface, ofe_id: OfeId("ofe-1"), requesting_tile_id: TileId("forest"), occupancy_id: None, surface_id: Some(SurfaceId("surface:ofe-1:forest")), surface_class: Some(ForestLitter), source_type: LitterLiquid, source_id: SourceId("liquid:ofe-1:forest"), source_tile_id: Some(TileId("forest")), soil_layer_id: None, amount_basis: KgH2oM2StandGroundInterval }, amount_kg_m2_stand_ground: 0.0012935133027212693 }, WaterAmount { key: GroundWaterKey { transaction_id: TransactionId(41), requesting_owner_id: ResourceOwnerId("land-surface-energy-v1"), requesting_component: GroundSurface, ofe_id: OfeId("ofe-1"), requesting_tile_id: TileId("open"), occupancy_id: None, surface_id: Some(SurfaceId("surface:ofe-1:open")), surface_class: Some(BareMineralSoil), source_type: SurfaceLiquid, source_id: SourceId("liquid:ofe-1:open"), source_tile_id: Some(TileId("open")), soil_layer_id: None, amount_basis: KgH2oM2StandGroundInterval }, amount_kg_m2_stand_ground: 0.0 }], condensation_credits: [], surface_resource: DirectSurfaceLiquidResourceCandidate { transaction_id: TransactionId(41), beginning_state: DirectSurfaceLiquidOwnedState { owner_id: ResourceOwnerId("production-hydrology"), configuration_sha256: "a25b600e898017500147cd87919e81b1e663f24bd6b6c60748cd78c22cef1c86", state_sha256: "5051c218a63d2e050adcd209ef8c8ee2ebfad077bcd9d16db7e59c96b82400d6", records: [DirectSurfaceLiquidStateRecord { key: DirectSurfaceLiquidStoreKey { run_id: 83, ofe_id: OfeId("ofe-1"), tile_id: TileId("forest"), surface_id: SurfaceId("surface:ofe-1:forest"), surface_class: ForestLitter, source_type: LitterLiquid, source_id: SourceId("liquid:ofe-1:forest") }, liquid_kg_m2_tile: 4.0, last_accepted_transaction_id: None }, DirectSurfaceLiquidStateRecord { key: DirectSurfaceLiquidStoreKey { run_id: 83, ofe_id: OfeId("ofe-1"), tile_id: TileId("open"), surface_id: SurfaceId("surface:ofe-1:open"), surface_class: BareMineralSoil, source_type: SurfaceLiquid, source_id: SourceId("liquid:ofe-1:open") }, liquid_kg_m2_tile: 0.0, last_accepted_transaction_id: None }], continuations: [DirectSurfaceLiquidContinuationState { ofe_id: OfeId("ofe-1"), day_index: 0, next_interval_index: 0, cumulative_supply_m: 0.0, cumulative_infiltration_m: 0.0, last_accepted_transaction_id: None }] }, working_state: DirectSurfaceLiquidOwnedState { owner_id: ResourceOwnerId("production-hydrology"), configuration_sha256: "a25b600e898017500147cd87919e81b1e663f24bd6b6c60748cd78c22cef1c86", state_sha256: "5051c218a63d2e050adcd209ef8c8ee2ebfad077bcd9d16db7e59c96b82400d6", records: [DirectSurfaceLiquidStateRecord { key: DirectSurfaceLiquidStoreKey { run_id: 83, ofe_id: OfeId("ofe-1"), tile_id: TileId("forest"), surface_id: SurfaceId("surface:ofe-1:forest"), surface_class: ForestLitter, source_type: LitterLiquid, source_id: SourceId("liquid:ofe-1:forest") }, liquid_kg_m2_tile: 3.9965960176244177, last_accepted_transaction_id: None }, DirectSurfaceLiquidStateRecord { key: DirectSurfaceLiquidStoreKey { run_id: 83, ofe_id: OfeId("ofe-1"), tile_id: TileId("open"), surface_id: SurfaceId("surface:ofe-1:open"), surface_class: BareMineralSoil, source_type: SurfaceLiquid, source_id: SourceId("liquid:ofe-1:open") }, liquid_kg_m2_tile: 0.0, last_accepted_transaction_id: None }], continuations: [DirectSurfaceLiquidContinuationState { ofe_id: OfeId("ofe-1"), day_index: 0, next_interval_index: 0, cumulative_supply_m: 0.0, cumulative_infiltration_m: 0.0, last_accepted_transaction_id: None }] }, finalized_uses: [WaterAmount { key: GroundWaterKey { transaction_id: TransactionId(41), requesting_owner_id: ResourceOwnerId("land-surface-energy-v1"), requesting_component: GroundSurface, ofe_id: OfeId("ofe-1"), requesting_tile_id: TileId("forest"), occupancy_id: None, surface_id: Some(SurfaceId("surface:ofe-1:forest")), surface_class: Some(ForestLitter), source_type: LitterLiquid, source_id: SourceId("liquid:ofe-1:forest"), source_tile_id: Some(TileId("forest")), soil_layer_id: None, amount_basis: KgH2oM2StandGroundInterval }, amount_kg_m2_stand_ground: 0.0012935133027212693 }, WaterAmount { key: GroundWaterKey { transaction_id: TransactionId(41), requesting_owner_id: ResourceOwnerId("land-surface-energy-v1"), requesting_component: GroundSurface, ofe_id: OfeId("ofe-1"), requesting_tile_id: TileId("open"), occupancy_id: None, surface_id: Some(SurfaceId("surface:ofe-1:open")), surface_class: Some(BareMineralSoil), source_type: SurfaceLiquid, source_id: SourceId("liquid:ofe-1:open"), source_tile_id: Some(TileId("open")), soil_layer_id: None, amount_basis: KgH2oM2StandGroundInterval }, amount_kg_m2_stand_ground: 0.0 }], condensation_credits: [], condensation_overflow: [], requests: [WaterAmount { key: GroundWaterKey { transaction_id: TransactionId(41), requesting_owner_id: ResourceOwnerId("land-surface-energy-v1"), requesting_component: GroundSurface, ofe_id: OfeId("ofe-1"), requesting_tile_id: TileId("forest"), occupancy_id: None, surface_id: Some(SurfaceId("surface:ofe-1:forest")), surface_class: Some(ForestLitter), source_type: LitterLiquid, source_id: SourceId("liquid:ofe-1:forest"), source_tile_id: Some(TileId("forest")), soil_layer_id: None, amount_basis: KgH2oM2StandGroundInterval }, amount_kg_m2_stand_ground: 0.0012935133027212706 }, WaterAmount { key: GroundWaterKey { transaction_id: TransactionId(41), requesting_owner_id: ResourceOwnerId("land-surface-energy-v1"), requesting_component: GroundSurface, ofe_id: OfeId("ofe-1"), requesting_tile_id: TileId("open"), occupancy_id: None, surface_id: Some(SurfaceId("surface:ofe-1:open")), surface_class: Some(BareMineralSoil), source_type: SurfaceLiquid, source_id: SourceId("liquid:ofe-1:open"), source_tile_id: Some(TileId("open")), soil_layer_id: None, amount_basis: KgH2oM2StandGroundInterval }, amount_kg_m2_stand_ground: 0.0041489547083943135 }], authorizations: [WaterAuthorization { key: GroundWaterKey { transaction_id: TransactionId(41), requesting_owner_id: ResourceOwnerId("land-surface-energy-v1"), requesting_component: GroundSurface, ofe_id: OfeId("ofe-1"), requesting_tile_id: TileId("forest"), occupancy_id: None, surface_id: Some(SurfaceId("surface:ofe-1:forest")), surface_class: Some(ForestLitter), source_type: LitterLiquid, source_id: SourceId("liquid:ofe-1:forest"), source_tile_id: Some(TileId("forest")), soil_layer_id: None, amount_basis: KgH2oM2StandGroundInterval }, amount_kg_m2_stand_ground: 0.0012935133027212706, reason: FullSupply }, WaterAuthorization { key: GroundWaterKey { transaction_id: TransactionId(41), requesting_owner_id: ResourceOwnerId("land-surface-energy-v1"), requesting_component: GroundSurface, ofe_id: OfeId("ofe-1"), requesting_tile_id: TileId("open"), occupancy_id: None, surface_id: Some(SurfaceId("surface:ofe-1:open")), surface_class: Some(BareMineralSoil), source_type: SurfaceLiquid, source_id: SourceId("liquid:ofe-1:open"), source_tile_id: Some(TileId("open")), soil_layer_id: None, amount_basis: KgH2oM2StandGroundInterval }, amount_kg_m2_stand_ground: 0.0, reason: DrySource }], request_store_keys: [DirectSurfaceLiquidStoreKey { run_id: 83, ofe_id: OfeId("ofe-1"), tile_id: TileId("forest"), surface_id: SurfaceId("surface:ofe-1:forest"), surface_class: ForestLitter, source_type: LitterLiquid, source_id: SourceId("liquid:ofe-1:forest") }, DirectSurfaceLiquidStoreKey { run_id: 83, ofe_id: OfeId("ofe-1"), tile_id: TileId("open"), surface_id: SurfaceId("surface:ofe-1:open"), surface_class: BareMineralSoil, source_type: SurfaceLiquid, source_id: SourceId("liquid:ofe-1:open") }], expected_predecessor: None }, surface_ingress: DirectSurfaceLiquidIngressCandidate { transaction_id: TransactionId(41), beginning_state: DirectSurfaceLiquidOwnedState { owner_id: ResourceOwnerId("production-hydrology"), configuration_sha256: "a25b600e898017500147cd87919e81b1e663f24bd6b6c60748cd78c22cef1c86", state_sha256: "5051c218a63d2e050adcd209ef8c8ee2ebfad077bcd9d16db7e59c96b82400d6", records: [DirectSurfaceLiquidStateRecord { key: DirectSurfaceLiquidStoreKey { run_id: 83, ofe_id: OfeId("ofe-1"), tile_id: TileId("forest"), surface_id: SurfaceId("surface:ofe-1:forest"), surface_class: ForestLitter, source_type: LitterLiquid, source_id: SourceId("liquid:ofe-1:forest") }, liquid_kg_m2_tile: 4.0, last_accepted_transaction_id: None }, DirectSurfaceLiquidStateRecord { key: DirectSurfaceLiquidStoreKey { run_id: 83, ofe_id: OfeId("ofe-1"), tile_id: TileId("open"), surface_id: SurfaceId("surface:ofe-1:open"), surface_class: BareMineralSoil, source_type: SurfaceLiquid, source_id: SourceId("liquid:ofe-1:open") }, liquid_kg_m2_tile: 0.0, last_accepted_transaction_id: None }], continuations: [DirectSurfaceLiquidContinuationState { ofe_id: OfeId("ofe-1"), day_index: 0, next_interval_index: 0, cumulative_supply_m: 0.0, cumulative_infiltration_m: 0.0, last_accepted_transaction_id: None }] }, ending_state: DirectSurfaceLiquidOwnedState { owner_id: ResourceOwnerId("production-hydrology"), configuration_sha256: "a25b600e898017500147cd87919e81b1e663f24bd6b6c60748cd78c22cef1c86", state_sha256: "4fbc7d5b7c2520672b2cf5d7f9d18b087bc6793e7c8edfffadf038f88220f662", records: [DirectSurfaceLiquidStateRecord { key: DirectSurfaceLiquidStoreKey { run_id: 83, ofe_id: OfeId("ofe-1"), tile_id: TileId("forest"), surface_id: SurfaceId("surface:ofe-1:forest"), surface_class: ForestLitter, source_type: LitterLiquid, source_id: SourceId("liquid:ofe-1:forest") }, liquid_kg_m2_tile: 3.9965960176244177, last_accepted_transaction_id: Some(TransactionId(41)) }, DirectSurfaceLiquidStateRecord { key: DirectSurfaceLiquidStoreKey { run_id: 83, ofe_id: OfeId("ofe-1"), tile_id: TileId("open"), surface_id: SurfaceId("surface:ofe-1:open"), surface_class: BareMineralSoil, source_type: SurfaceLiquid, source_id: SourceId("liquid:ofe-1:open") }, liquid_kg_m2_tile: 0.0, last_accepted_transaction_id: Some(TransactionId(41)) }], continuations: [DirectSurfaceLiquidContinuationState { ofe_id: OfeId("ofe-1"), day_index: 0, next_interval_index: 1, cumulative_supply_m: 8.022340187130082e-6, cumulative_infiltration_m: 8.022340187130082e-6, last_accepted_transaction_id: Some(TransactionId(41)) }] }, receipts: [DirectSurfaceLiquidParcelReceipt { parcel_id: "m1-prescribed-terminal-receiver:Infiltration:OfeId(\"ofe-1\"):0000000000000000:404e000000000000", source_parcel_id: "m1-prescribed-terminal-receiver", transaction_id: TransactionId(41), origin_store_key: DirectSurfaceLiquidStoreKey { run_id: 83, ofe_id: OfeId("ofe-1"), tile_id: TileId("forest"), surface_id: SurfaceId("surface:ofe-1:forest"), surface_class: ForestLitter, source_type: LitterLiquid, source_id: SourceId("liquid:ofe-1:forest") }, recipient_store_key: DirectSurfaceLiquidStoreKey { run_id: 83, ofe_id: OfeId("ofe-1"), tile_id: TileId("forest"), surface_id: SurfaceId("surface:ofe-1:forest"), surface_class: ForestLitter, source_type: LitterLiquid, source_id: SourceId("liquid:ofe-1:forest") }, recipient: SoilInfiltration { ofe_id: OfeId("ofe-1"), production_lane_index: 0, production_lane_id: 1, ordered_soil_layer_ids: [SoilLayerId("thermal-1"), SoilLayerId("thermal-2"), SoilLayerId("soil-1"), SoilLayerId("soil-2"), SoilLayerId("soil-dry"), SoilLayerId("soil-frozen")], soil_thermal_layer_id: SoilLayerId("thermal-1") }, basis_ofe_id: OfeId("ofe-1"), kind: TerminalReceiver, disposition: Infiltration, start_s: 0.0, end_s: 60.0, mass_kg_m2_basis_ofe_ground: 0.008022340187130082, temperature_k: 276.95370292009534, enthalpy_j_m2_basis_ofe_ground: 128.7105777206214 }], ledgers: [DirectSurfaceLiquidIngressLedger { ofe_id: OfeId("ofe-1"), ingress_mass_kg_m2_ofe_ground: 0.008022340187130082, ingress_enthalpy_j_m2_ofe_ground: 128.7105777206214, infiltration_mass_kg_m2_ofe_ground: 0.008022340187130082, infiltration_enthalpy_j_m2_ofe_ground: 128.7105777206214, retained_mass_kg_m2_ofe_ground: 0.0, retained_enthalpy_j_m2_ofe_ground: 0.0, runoff_mass_kg_m2_ofe_ground: 0.0, runoff_enthalpy_j_m2_ofe_ground: 0.0 }], wb14_calls_by_ofe: {OfeId("ofe-1"): 1}, closure_operands: DirectSurfaceLiquidClosureOperands { transaction_id: TransactionId(41), interval_s: 60.0, stores: [DirectSurfaceLiquidStoreClosureOperands { store_key: DirectSurfaceLiquidStoreKey { run_id: 83, ofe_id: OfeId("ofe-1"), tile_id: TileId("forest"), surface_id: SurfaceId("surface:ofe-1:forest"), surface_class: ForestLitter, source_type: LitterLiquid, source_id: SourceId("liquid:ofe-1:forest") }, tile_fraction: 0.38, beginning_liquid_kg_m2_tile: 4.0, finalized_withdrawal_kg_m2_ofe_ground: 0.0012935133027212693, condensation_credit_kg_m2_ofe_ground: 0.0, condensation_overflow_kg_m2_ofe_ground: 0.0, retained_excess_kg_m2_ofe_ground: 0.0, ending_liquid_kg_m2_tile: 3.9965960176244177 }, DirectSurfaceLiquidStoreClosureOperands { store_key: DirectSurfaceLiquidStoreKey { run_id: 83, ofe_id: OfeId("ofe-1"), tile_id: TileId("open"), surface_id: SurfaceId("surface:ofe-1:open"), surface_class: BareMineralSoil, source_type: SurfaceLiquid, source_id: SourceId("liquid:ofe-1:open") }, tile_fraction: 0.62, beginning_liquid_kg_m2_tile: 0.0, finalized_withdrawal_kg_m2_ofe_ground: 0.0, condensation_credit_kg_m2_ofe_ground: 0.0, condensation_overflow_kg_m2_ofe_ground: 0.0, retained_excess_kg_m2_ofe_ground: 0.0, ending_liquid_kg_m2_tile: 0.0 }], source_parcels: [DirectSurfaceLiquidParcelClosureOperands { source_parcel_id: "local:OfeId(\"ofe-1\"):TileId(\"forest\"):CanopyThroughfall", origin_store_key: DirectSurfaceLiquidStoreKey { run_id: 83, ofe_id: OfeId("ofe-1"), tile_id: TileId("forest"), surface_id: SurfaceId("surface:ofe-1:forest"), surface_class: ForestLitter, source_type: LitterLiquid, source_id: SourceId("liquid:ofe-1:forest") }, basis_ofe_id: OfeId("ofe-1"), kind: CanopyThroughfall, start_s: 0.0, end_s: 60.0, temperature_k: 273.15, specific_liquid_enthalpy_j_kg: 0.0, mass_kg_m2_basis_ofe_ground: 0.0, enthalpy_j_m2_basis_ofe_ground: 0.0 }, DirectSurfaceLiquidParcelClosureOperands { source_parcel_id: "local:OfeId(\"ofe-1\"):TileId(\"forest\"):CanopyInitialDrainage", origin_store_key: DirectSurfaceLiquidStoreKey { run_id: 83, ofe_id: OfeId("ofe-1"), tile_id: TileId("forest"), surface_id: SurfaceId("surface:ofe-1:forest"), surface_class: ForestLitter, source_type: LitterLiquid, source_id: SourceId("liquid:ofe-1:forest") }, basis_ofe_id: OfeId("ofe-1"), kind: CanopyInitialDrainage, start_s: 0.0, end_s: 60.0, temperature_k: 273.15, specific_liquid_enthalpy_j_kg: 0.0, mass_kg_m2_basis_ofe_ground: 0.0, enthalpy_j_m2_basis_ofe_ground: 0.0 }, DirectSurfaceLiquidParcelClosureOperands { source_parcel_id: "local:OfeId(\"ofe-1\"):TileId(\"forest\"):CanopySecondDrainage", origin_store_key: DirectSurfaceLiquidStoreKey { run_id: 83, ofe_id: OfeId("ofe-1"), tile_id: TileId("forest"), surface_id: SurfaceId("surface:ofe-1:forest"), surface_class: ForestLitter, source_type: LitterLiquid, source_id: SourceId("liquid:ofe-1:forest") }, basis_ofe_id: OfeId("ofe-1"), kind: CanopySecondDrainage, start_s: 0.0, end_s: 60.0, temperature_k: 273.15, specific_liquid_enthalpy_j_kg: 0.0, mass_kg_m2_basis_ofe_ground: 0.0, enthalpy_j_m2_basis_ofe_ground: 0.0 }, DirectSurfaceLiquidParcelClosureOperands { source_parcel_id: "local:OfeId(\"ofe-1\"):TileId(\"forest\"):CanopyStemflow", origin_store_key: DirectSurfaceLiquidStoreKey { run_id: 83, ofe_id: OfeId("ofe-1"), tile_id: TileId("forest"), surface_id: SurfaceId("surface:ofe-1:forest"), surface_class: ForestLitter, source_type: LitterLiquid, source_id: SourceId("liquid:ofe-1:forest") }, basis_ofe_id: OfeId("ofe-1"), kind: CanopyStemflow, start_s: 0.0, end_s: 60.0, temperature_k: 273.15, specific_liquid_enthalpy_j_kg: 0.0, mass_kg_m2_basis_ofe_ground: 0.0, enthalpy_j_m2_basis_ofe_ground: 0.0 }, DirectSurfaceLiquidParcelClosureOperands { source_parcel_id: "m1-prescribed-terminal-receiver", origin_store_key: DirectSurfaceLiquidStoreKey { run_id: 83, ofe_id: OfeId("ofe-1"), tile_id: TileId("forest"), surface_id: SurfaceId("surface:ofe-1:forest"), surface_class: ForestLitter, source_type: LitterLiquid, source_id: SourceId("liquid:ofe-1:forest") }, basis_ofe_id: OfeId("ofe-1"), kind: TerminalReceiver, start_s: 0.0, end_s: 60.0, temperature_k: 276.95370292009534, specific_liquid_enthalpy_j_kg: 16044.018916962234, mass_kg_m2_basis_ofe_ground: 0.008022340187130082, enthalpy_j_m2_basis_ofe_ground: 128.7105777206214 }, DirectSurfaceLiquidParcelClosureOperands { source_parcel_id: "local:OfeId(\"ofe-1\"):TileId(\"open\"):RawPrecipitation", origin_store_key: DirectSurfaceLiquidStoreKey { run_id: 83, ofe_id: OfeId("ofe-1"), tile_id: TileId("open"), surface_id: SurfaceId("surface:ofe-1:open"), surface_class: BareMineralSoil, source_type: SurfaceLiquid, source_id: SourceId("liquid:ofe-1:open") }, basis_ofe_id: OfeId("ofe-1"), kind: RawPrecipitation, start_s: 0.0, end_s: 60.0, temperature_k: 273.15, specific_liquid_enthalpy_j_kg: 0.0, mass_kg_m2_basis_ofe_ground: 0.0, enthalpy_j_m2_basis_ofe_ground: 0.0 }], partition_inputs: [DirectSurfaceLiquidPartitionClosureOperands { ofe_id: OfeId("ofe-1"), effective_conductivity_m_s: 1e-6, matric_potential_m: 0.1, infiltration_storage_capacity_m: 0.04, beginning_cumulative_supply_m: 0.0, beginning_cumulative_infiltration_m: 0.0, ending_day_index: 0, ending_next_interval_index: 1 }] }, open_ingress_parcels: [DirectOpenLiquidIngressParcel { kind: TerminalReceiver, parcel_id: ParcelId("m1-prescribed-terminal-receiver"), source_owner_id: ResourceOwnerId("vegetation-v8"), source_ofe_id: OfeId("ofe-1"), source_tile_id: TileId("forest"), destination_ofe_id: OfeId("ofe-1"), destination_tile_id: TileId("forest"), accepted_source_state_sha256: Sha256Digest("a155d478091375697f6ccf7bc114b48351e82b55f29e7f624b1cc23a2c605344"), amount: DirectIngressAmount { mass_kg_m2_tile_ground: 0.02111142154507916, temperature_k: 276.95370292009534, specific_liquid_enthalpy_j_kg: 16044.018916962234, start_s: 0.0, end_s: 60.0 } }], parent_child_mode: false, finalize_parent_interval: true, input_parent_working_state: None, parent_working_state: None, wb14_child_receipt_set_sha256: Sha256Digest("fdc2f2c17ab24309cb97ae49044cf1654a72f9cfe3e15fe9c3e8f4c75d67cf0a"), wb14_parent_receipt_set_sha256: None, wb14_child_replay_bytes: [91, 91, 34, 111, 102, 101, 45, 49, 34, 44, 123, 34, 97, 117, 116, 104, 111, 114, 105, 116, 121, 34, 58, 123, 34, 112, 97, 114, 101, 110, 116, 95, 105, 100, 34, 58, 91, 49, 48, 53, 44, 49, 52, 55, 44, 50, 49, 51, 44, 50, 48, 51, 44, 54, 49, 44, 50, 51, 56, 44, 49, 54, 54, 44, 49, 49, 52, 44, 54, 49, 44, 49, 52, 52, 44, 49, 50, 48, 44, 53, 55, 44, 49, 49, 50, 44, 49, 53, 55, 44, 50, 48, 55, 44, 51, 48, 44, 56, 53, 44, 51, 53, 44, 49, 53, 55, 44, 49, 55, 56, 44, 50, 51, 50, 44, 51, 57, 44, 50, 53, 48, 44, 49, 52, 52, 44, 53, 57, 44, 52, 53, 44, 55, 48, 44, 55, 57, 44, 50, 53, 53, 44, 53, 53, 44, 49, 56, 50, 44, 50, 48, 53, 93, 44, 34, 99, 111, 117, 112, 108, 101, 100, 95, 112, 97, 114, 101, 110, 116, 95, 116, 114, 97, 110, 115, 97, 99, 116, 105, 111, 110, 95, 115, 104, 97, 50, 53, 54, 34, 58, 91, 49, 54, 52, 44, 49, 56, 50, 44, 50, 50, 48, 44, 49, 48, 52, 44, 49, 44, 57, 54, 44, 56, 56, 44, 50, 49, 55, 44, 50, 50, 51, 44, 50, 52, 54, 44, 50, 48, 49, 44, 57, 54, 44, 49, 51, 54, 44, 49, 55, 56, 44, 49, 56, 56, 44, 49, 52, 52, 44, 50, 50, 55, 44, 50, 52, 52, 44, 50, 56, 44, 49, 51, 44, 49, 56, 51, 44, 49, 56, 51, 44, 49, 51, 52, 44, 50, 53, 53, 44, 49, 53, 52, 44, 54, 57, 44, 49, 52, 54, 44, 51, 54, 44, 53, 53, 44, 49, 56, 54, 44, 49, 48, 57, 44, 49, 49, 56, 93, 44, 34, 112, 97, 114, 101, 110, 116, 95, 100, 97, 121, 95, 105, 110, 100, 101, 120, 34, 58, 48, 44, 34, 112, 97, 114, 101, 110, 116, 95, 105, 110, 116, 101, 114, 118, 97, 108, 95, 105, 110, 100, 101, 120, 34, 58, 48, 44, 34, 115, 117, 112, 112, 111, 114, 116, 95, 115, 116, 97, 114, 116, 95, 110, 115, 34, 58, 48, 44, 34, 115, 117, 112, 112, 111, 114, 116, 95, 101, 110, 100, 95, 110, 115, 34, 58, 49, 56, 48, 48, 48, 48, 48, 48, 48, 48, 48, 48, 48, 44, 34, 112, 97, 114, 101, 110, 116, 95, 98, 101, 103, 105, 110, 110, 105, 110, 103, 95, 111, 119, 110, 101, 114, 95, 115, 104, 97, 50, 53, 54, 34, 58, 91, 56, 48, 44, 56, 49, 44, 49, 57, 52, 44, 50, 52, 44, 49, 54, 54, 44, 54, 49, 44, 52, 54, 44, 53, 44, 49, 48, 44, 50, 50, 48, 44, 50, 49, 48, 44, 57, 44, 50, 51, 57, 44, 49, 52, 48, 44, 49, 52, 50, 44, 50, 50, 54, 44, 50, 51, 53, 44, 50, 53, 48, 44, 50, 48, 56, 44, 49, 49, 57, 44, 49, 56, 56, 44, 50, 49, 55, 44, 50, 48, 57, 44, 49, 48, 57, 44, 49, 56, 51, 44, 50, 50, 57, 44, 49, 53, 54, 44, 49, 53, 48, 44, 49, 56, 52, 44, 51, 54, 44, 48, 44, 50, 49, 52, 93, 44, 34, 98, 101, 103, 105, 110, 110, 105, 110, 103, 95, 99, 117, 114, 115, 111, 114, 95, 115, 104, 97, 50, 53, 54, 34, 58, 91, 50, 48, 48, 44, 53, 53, 44, 49, 53, 54, 44, 49, 54, 50, 44, 56, 44, 49, 52, 44, 49, 51, 57, 44, 49, 54, 56, 44, 49, 51, 57, 44, 50, 51, 57, 44, 50, 50, 48, 44, 50, 53, 48, 44, 49, 56, 55, 44, 50, 52, 48, 44, 51, 55, 44, 55, 51, 44, 49, 54, 53, 44, 50, 52, 55, 44, 55, 48, 44, 50, 49, 49, 44, 57, 56, 44, 49, 48, 52, 44, 50, 49, 56, 44, 50, 50, 56, 44, 50, 51, 51, 44, 49, 54, 52, 44, 49, 57, 51, 44, 51, 55, 44, 50, 55, 44, 49, 49, 51, 44, 50, 52, 55, 44, 56, 54, 93, 44, 34, 115, 99, 104, 101, 109, 97, 95, 115, 104, 97, 50, 53, 54, 34, 58, 91, 49, 50, 48, 44, 50, 48, 56, 44, 49, 53, 50, 44, 49, 51, 54, 44, 50, 48, 56, 44, 50, 51, 48, 44, 49, 53, 56, 44, 49, 49, 44, 53, 56, 44, 49, 49, 57, 44, 49, 50, 51, 44, 50, 53, 49, 44, 50, 53, 53, 44, 49, 48, 49, 44, 50, 50, 48, 44, 55, 49, 44, 49, 49, 48, 44, 49, 57, 49, 44, 49, 49, 53, 44, 52, 53, 44, 49, 52, 50, 44, 50, 51, 56, 44, 50, 51, 53, 44, 49, 51, 57, 44, 50, 50, 56, 44, 49, 56, 55, 44, 56, 55, 44, 57, 57, 44, 53, 49, 44, 57, 48, 44, 50, 52, 53, 44, 50, 48, 48, 93, 44, 34, 111, 102, 101, 95, 105, 100, 95, 115, 104, 97, 50, 53, 54, 34, 58, 91, 49, 50, 57, 44, 50, 51, 53, 44, 49, 54, 50, 44, 49, 48, 55, 44, 55, 48, 44, 49, 49, 44, 50, 51, 49, 44, 53, 57, 44, 54, 53, 44, 56, 56, 44, 50, 49, 55, 44, 50, 49, 57, 44, 49, 53, 51, 44, 50, 53, 51, 44, 49, 57, 54, 44, 50, 51, 50, 44, 49, 54, 57, 44, 53, 54, 44, 49, 53, 57, 44, 49, 55, 52, 44, 49, 52, 48, 44, 50, 52, 53, 44, 49, 55, 52, 44, 52, 51, 44, 49, 48, 49, 44, 57, 54, 44, 50, 49, 52, 44, 49, 51, 48, 44, 53, 56, 44, 49, 50, 44, 49, 51, 48, 44, 50, 52, 93, 44, 34, 112, 114, 111, 100, 117, 99, 116, 105, 111, 110, 95, 108, 97, 110, 101, 95, 105, 100, 34, 58, 49, 44, 34, 115, 117, 114, 102, 97, 99, 101, 95, 108, 105, 113, 117, 105, 100, 95, 99, 111, 110, 102, 105, 103, 117, 114, 97, 116, 105, 111, 110, 95, 115, 104, 97, 50, 53, 54, 34, 58, 91, 49, 54, 50, 44, 57, 49, 44, 57, 54, 44, 49, 52, 44, 49, 51, 55, 44, 49, 50, 56, 44, 50, 51, 44, 56, 48, 44, 49, 44, 55, 49, 44, 50, 48, 53, 44, 49, 51, 53, 44, 49, 52, 53, 44, 49, 53, 56, 44, 49, 50, 57, 44, 49, 55, 55, 44, 50, 51, 48, 44, 57, 57, 44, 50, 52, 50, 44, 55, 53, 44, 50, 49, 52, 44, 49, 56, 50, 44, 49, 57, 56, 44, 55, 44, 55, 50, 44, 50, 48, 53, 44, 49, 50, 48, 44, 49, 57, 52, 44, 52, 52, 44, 50, 51, 57, 44, 50, 56, 44, 49, 51, 52, 93, 44, 34, 119, 98, 49, 52, 95, 99, 111, 110, 102, 105, 103, 117, 114, 97, 116, 105, 111, 110, 95, 115, 104, 97, 50, 53, 54, 34, 58, 91, 51, 55, 44, 50, 52, 54, 44, 49, 52, 52, 44, 49, 52, 44, 50, 52, 52, 44, 52, 57, 44, 49, 56, 49, 44, 50, 52, 56, 44, 50, 49, 48, 44, 49, 52, 48, 44, 49, 54, 49, 44, 49, 50, 57, 44, 50, 49, 54, 44, 55, 52, 44, 57, 57, 44, 49, 57, 53, 44, 49, 51, 57, 44, 55, 54, 44, 50, 48, 51, 44, 50, 51, 50, 44, 50, 51, 44, 51, 44, 49, 49, 53, 44, 49, 54, 44, 55, 48, 44, 50, 44, 49, 55, 51, 44, 50, 44, 50, 56, 44, 56, 52, 44, 49, 55, 54, 44, 56, 49, 93, 44, 34, 119, 98, 49, 52, 95, 109, 111, 100, 101, 108, 95, 100, 101, 102, 105, 110, 105, 116, 105, 111, 110, 95, 115, 104, 97, 50, 53, 54, 34, 58, 91, 51, 52, 44, 50, 49, 57, 44, 49, 54, 44, 50, 49, 52, 44, 49, 50, 52, 44, 49, 50, 50, 44, 55, 54, 44, 54, 53, 44, 49, 51, 44, 49, 52, 51, 44, 50, 51, 56, 44, 49, 50, 57, 44, 49, 53, 44, 50, 53, 50, 44, 50, 50, 51, 44, 49, 51, 51, 44, 51, 44, 50, 52, 56, 44, 49, 55, 52, 44, 49, 56, 55, 44, 49, 50, 48, 44, 49, 54, 49, 44, 50, 50, 56, 44, 50, 53, 49, 44, 51, 52, 44, 49, 49, 50, 44, 51, 54, 44, 56, 54, 44, 50, 50, 50, 44, 49, 50, 50, 44, 50, 48, 49, 44, 50, 52, 51, 93, 44, 34, 101, 102, 102, 101, 99, 116, 105, 118, 101, 95, 99, 111, 110, 100, 117, 99, 116, 105, 118, 105, 116, 121, 95, 109, 95, 115, 95, 98, 105, 116, 115, 34, 58, 52, 53, 49, 55, 51, 50, 57, 49, 57, 51, 49, 48, 56, 49, 48, 54, 54, 51, 55, 44, 34, 109, 97, 116, 114, 105, 99, 95, 112, 111, 116, 101, 110, 116, 105, 97, 108, 95, 109, 95, 98, 105, 116, 115, 34, 58, 52, 53, 57, 49, 56, 55, 48, 49, 56, 48, 48, 54, 54, 57, 53, 55, 55, 50, 50, 44, 34, 115, 116, 111, 114, 97, 103, 101, 95, 99, 97, 112, 97, 99, 105, 116, 121, 95, 109, 95, 98, 105, 116, 115, 34, 58, 52, 53, 56, 53, 57, 50, 53, 52, 50, 56, 53, 53, 56, 56, 50, 56, 54, 54, 55, 125, 44, 34, 98, 101, 103, 105, 110, 110, 105, 110, 103, 95, 99, 117, 114, 115, 111, 114, 34, 58, 123, 34, 100, 97, 121, 95, 105, 110, 100, 101, 120, 34, 58, 48, 44, 34, 110, 101, 120, 116, 95, 105, 110, 116, 101, 114, 118, 97, 108, 95, 105, 110, 100, 101, 120, 34, 58, 48, 44, 34, 99, 117, 109, 117, 108, 97, 116, 105, 118, 101, 95, 115, 117, 112, 112, 108, 121, 95, 109, 34, 58, 48, 46, 48, 44, 34, 99, 117, 109, 117, 108, 97, 116, 105, 118, 101, 95, 105, 110, 102, 105, 108, 116, 114, 97, 116, 105, 111, 110, 95, 109, 34, 58, 48, 46, 48, 125, 44, 34, 119, 111, 114, 107, 105, 110, 103, 34, 58, 123, 34, 97, 99, 99, 101, 112, 116, 101, 100, 95, 117, 110, 116, 105, 108, 95, 110, 115, 34, 58, 54, 48, 48, 48, 48, 48, 48, 48, 48, 48, 48, 44, 34, 110, 101, 120, 116, 95, 99, 104, 105, 108, 100, 95, 111, 114, 100, 105, 110, 97, 108, 34, 58, 49, 44, 34, 99, 117, 109, 117, 108, 97, 116, 105, 118, 101, 95, 115, 117, 112, 112, 108, 121, 95, 109, 34, 58, 56, 46, 48, 50, 50, 51, 52, 48, 49, 56, 55, 49, 51, 48, 48, 56, 50, 101, 45, 54, 44, 34, 99, 117, 109, 117, 108, 97, 116, 105, 118, 101, 95, 105, 110, 102, 105, 108, 116, 114, 97, 116, 105, 111, 110, 95, 109, 34, 58, 56, 46, 48, 50, 50, 51, 52, 48, 49, 56, 55, 49, 51, 48, 48, 56, 50, 101, 45, 54, 44, 34, 114, 101, 99, 101, 105, 112, 116, 95, 99, 104, 97, 105, 110, 95, 115, 104, 97, 50, 53, 54, 34, 58, 91, 51, 50, 44, 50, 48, 44, 56, 50, 44, 49, 48, 52, 44, 49, 50, 50, 44, 50, 49, 55, 44, 50, 50, 57, 44, 49, 53, 44, 50, 53, 53, 44, 49, 53, 44, 50, 52, 56, 44, 52, 44, 50, 49, 55, 44, 49, 51, 48, 44, 51, 44, 50, 57, 44, 55, 57, 44, 49, 56, 56, 44, 49, 48, 51, 44, 53, 51, 44, 49, 52, 52, 44, 49, 48, 57, 44, 50, 51, 52, 44, 50, 49, 52, 44, 50, 52, 44, 54, 53, 44, 50, 52, 50, 44, 49, 48, 57, 44, 57, 57, 44, 49, 48, 44, 50, 49, 49, 44, 54, 93, 125, 44, 34, 114, 101, 99, 101, 105, 112, 116, 115, 34, 58, 91, 123, 34, 112, 97, 114, 101, 110, 116, 95, 105, 100, 34, 58, 91, 49, 48, 53, 44, 49, 52, 55, 44, 50, 49, 51, 44, 50, 48, 51, 44, 54, 49, 44, 50, 51, 56, 44, 49, 54, 54, 44, 49, 49, 52, 44, 54, 49, 44, 49, 52, 52, 44, 49, 50, 48, 44, 53, 55, 44, 49, 49, 50, 44, 49, 53, 55, 44, 50, 48, 55, 44, 51, 48, 44, 56, 53, 44, 51, 53, 44, 49, 53, 55, 44, 49, 55, 56, 44, 50, 51, 50, 44, 51, 57, 44, 50, 53, 48, 44, 49, 52, 52, 44, 53, 57, 44, 52, 53, 44, 55, 48, 44, 55, 57, 44, 50, 53, 53, 44, 53, 53, 44, 49, 56, 50, 44, 50, 48, 53, 93, 44, 34, 111, 102, 101, 95, 105, 100, 95, 115, 104, 97, 50, 53, 54, 34, 58, 91, 49, 50, 57, 44, 50, 51, 53, 44, 49, 54, 50, 44, 49, 48, 55, 44, 55, 48, 44, 49, 49, 44, 50, 51, 49, 44, 53, 57, 44, 54, 53, 44, 56, 56, 44, 50, 49, 55, 44, 50, 49, 57, 44, 49, 53, 51, 44, 50, 53, 51, 44, 49, 57, 54, 44, 50, 51, 50, 44, 49, 54, 57, 44, 53, 54, 44, 49, 53, 57, 44, 49, 55, 52, 44, 49, 52, 48, 44, 50, 52, 53, 44, 49, 55, 52, 44, 52, 51, 44, 49, 48, 49, 44, 57, 54, 44, 50, 49, 52, 44, 49, 51, 48, 44, 53, 56, 44, 49, 50, 44, 49, 51, 48, 44, 50, 52, 93, 44, 34, 112, 114, 111, 100, 117, 99, 116, 105, 111, 110, 95, 108, 97, 110, 101, 95, 105, 100, 34, 58, 49, 44, 34, 115, 117, 114, 102, 97, 99, 101, 95, 108, 105, 113, 117, 105, 100, 95, 99, 111, 110, 102, 105, 103, 117, 114, 97, 116, 105, 111, 110, 95, 115, 104, 97, 50, 53, 54, 34, 58, 91, 49, 54, 50, 44, 57, 49, 44, 57, 54, 44, 49, 52, 44, 49, 51, 55, 44, 49, 50, 56, 44, 50, 51, 44, 56, 48, 44, 49, 44, 55, 49, 44, 50, 48, 53, 44, 49, 51, 53, 44, 49, 52, 53, 44, 49, 53, 56, 44, 49, 50, 57, 44, 49, 55, 55, 44, 50, 51, 48, 44, 57, 57, 44, 50, 52, 50, 44, 55, 53, 44, 50, 49, 52, 44, 49, 56, 50, 44, 49, 57, 56, 44, 55, 44, 55, 50, 44, 50, 48, 53, 44, 49, 50, 48, 44, 49, 57, 52, 44, 52, 52, 44, 50, 51, 57, 44, 50, 56, 44, 49, 51, 52, 93, 44, 34, 119, 98, 49, 52, 95, 99, 111, 110, 102, 105, 103, 117, 114, 97, 116, 105, 111, 110, 95, 115, 104, 97, 50, 53, 54, 34, 58, 91, 51, 55, 44, 50, 52, 54, 44, 49, 52, 52, 44, 49, 52, 44, 50, 52, 52, 44, 52, 57, 44, 49, 56, 49, 44, 50, 52, 56, 44, 50, 49, 48, 44, 49, 52, 48, 44, 49, 54, 49, 44, 49, 50, 57, 44, 50, 49, 54, 44, 55, 52, 44, 57, 57, 44, 49, 57, 53, 44, 49, 51, 57, 44, 55, 54, 44, 50, 48, 51, 44, 50, 51, 50, 44, 50, 51, 44, 51, 44, 49, 49, 53, 44, 49, 54, 44, 55, 48, 44, 50, 44, 49, 55, 51, 44, 50, 44, 50, 56, 44, 56, 52, 44, 49, 55, 54, 44, 56, 49, 93, 44, 34, 119, 98, 49, 52, 95, 109, 111, 100, 101, 108, 95, 100, 101, 102, 105, 110, 105, 116, 105, 111, 110, 95, 115, 104, 97, 50, 53, 54, 34, 58, 91, 51, 52, 44, 50, 49, 57, 44, 49, 54, 44, 50, 49, 52, 44, 49, 50, 52, 44, 49, 50, 50, 44, 55, 54, 44, 54, 53, 44, 49, 51, 44, 49, 52, 51, 44, 50, 51, 56, 44, 49, 50, 57, 44, 49, 53, 44, 50, 53, 50, 44, 50, 50, 51, 44, 49, 51, 51, 44, 51, 44, 50, 52, 56, 44, 49, 55, 52, 44, 49, 56, 55, 44, 49, 50, 48, 44, 49, 54, 49, 44, 50, 50, 56, 44, 50, 53, 49, 44, 51, 52, 44, 49, 49, 50, 44, 51, 54, 44, 56, 54, 44, 50, 50, 50, 44, 49, 50, 50, 44, 50, 48, 49, 44, 50, 52, 51, 93, 44, 34, 101, 102, 102, 101, 99, 116, 105, 118, 101, 95, 99, 111, 110, 100, 117, 99, 116, 105, 118, 105, 116, 121, 95, 109, 95, 115, 95, 98, 105, 116, 115, 34, 58, 52, 53, 49, 55, 51, 50, 57, 49, 57, 51, 49, 48, 56, 49, 48, 54, 54, 51, 55, 44, 34, 109, 97, 116, 114, 105, 99, 95, 112, 111, 116, 101, 110, 116, 105, 97, 108, 95, 109, 95, 98, 105, 116, 115, 34, 58, 52, 53, 57, 49, 56, 55, 48, 49, 56, 48, 48, 54, 54, 57, 53, 55, 55, 50, 50, 44, 34, 115, 116, 111, 114, 97, 103, 101, 95, 99, 97, 112, 97, 99, 105, 116, 121, 95, 109, 95, 98, 105, 116, 115, 34, 58, 52, 53, 56, 53, 57, 50, 53, 52, 50, 56, 53, 53, 56, 56, 50, 56, 54, 54, 55, 44, 34, 112, 97, 114, 101, 110, 116, 95, 98, 101, 103, 105, 110, 110, 105, 110, 103, 95, 111, 119, 110, 101, 114, 95, 115, 104, 97, 50, 53, 54, 34, 58, 91, 56, 48, 44, 56, 49, 44, 49, 57, 52, 44, 50, 52, 44, 49, 54, 54, 44, 54, 49, 44, 52, 54, 44, 53, 44, 49, 48, 44, 50, 50, 48, 44, 50, 49, 48, 44, 57, 44, 50, 51, 57, 44, 49, 52, 48, 44, 49, 52, 50, 44, 50, 50, 54, 44, 50, 51, 53, 44, 50, 53, 48, 44, 50, 48, 56, 44, 49, 49, 57, 44, 49, 56, 56, 44, 50, 49, 55, 44, 50, 48, 57, 44, 49, 48, 57, 44, 49, 56, 51, 44, 50, 50, 57, 44, 49, 53, 54, 44, 49, 53, 48, 44, 49, 56, 52, 44, 51, 54, 44, 48, 44, 50, 49, 52, 93, 44, 34, 112, 97, 114, 101, 110, 116, 95, 98, 101, 103, 105, 110, 110, 105, 110, 103, 95, 99, 117, 114, 115, 111, 114, 95, 115, 104, 97, 50, 53, 54, 34, 58, 91, 50, 48, 48, 44, 53, 53, 44, 49, 53, 54, 44, 49, 54, 50, 44, 56, 44, 49, 52, 44, 49, 51, 57, 44, 49, 54, 56, 44, 49, 51, 57, 44, 50, 51, 57, 44, 50, 50, 48, 44, 50, 53, 48, 44, 49, 56, 55, 44, 50, 52, 48, 44, 51, 55, 44, 55, 51, 44, 49, 54, 53, 44, 50, 52, 55, 44, 55, 48, 44, 50, 49, 49, 44, 57, 56, 44, 49, 48, 52, 44, 50, 49, 56, 44, 50, 50, 56, 44, 50, 51, 51, 44, 49, 54, 52, 44, 49, 57, 51, 44, 51, 55, 44, 50, 55, 44, 49, 49, 51, 44, 50, 52, 55, 44, 56, 54, 93, 44, 34, 111, 114, 100, 105, 110, 97, 108, 34, 58, 48, 44, 34, 115, 117, 112, 112, 111, 114, 116, 95, 115, 116, 97, 114, 116, 95, 110, 115, 34, 58, 48, 44, 34, 115, 117, 112, 112, 111, 114, 116, 95, 101, 110, 100, 95, 110, 115, 34, 58, 54, 48, 48, 48, 48, 48, 48, 48, 48, 48, 48, 44, 34, 98, 101, 103, 105, 110, 110, 105, 110, 103, 95, 119, 111, 114, 107, 105, 110, 103, 95, 115, 116, 97, 116, 101, 95, 115, 104, 97, 50, 53, 54, 34, 58, 91, 49, 55, 57, 44, 53, 52, 44, 49, 56, 53, 44, 55, 51, 44, 50, 54, 44, 49, 51, 56, 44, 50, 52, 49, 44, 51, 50, 44, 49, 54, 57, 44, 49, 53, 49, 44, 55, 54, 44, 49, 54, 56, 44, 50, 48, 48, 44, 49, 55, 52, 44, 49, 53, 50, 44, 51, 52, 44, 50, 50, 50, 44, 49, 52, 48, 44, 55, 48, 44, 56, 57, 44, 50, 50, 48, 44, 49, 52, 51, 44, 49, 48, 51, 44, 50, 52, 51, 44, 50, 50, 44, 49, 53, 54, 44, 49, 57, 51, 44, 52, 54, 44, 49, 54, 54, 44, 54, 53, 44, 49, 53, 54, 44, 54, 57, 93, 44, 34, 101, 110, 100, 105, 110, 103, 95, 119, 111, 114, 107, 105, 110, 103, 95, 115, 116, 97, 116, 101, 95, 115, 104, 97, 50, 53, 54, 34, 58, 91, 50, 53, 51, 44, 53, 48, 44, 49, 48, 56, 44, 52, 53, 44, 50, 54, 44, 49, 49, 56, 44, 50, 52, 48, 44, 50, 51, 52, 44, 49, 50, 53, 44, 50, 48, 56, 44, 49, 48, 48, 44, 49, 53, 48, 44, 49, 56, 50, 44, 49, 51, 52, 44, 50, 49, 56, 44, 50, 51, 44, 55, 57, 44, 55, 50, 44, 55, 57, 44, 54, 50, 44, 49, 55, 48, 44, 49, 55, 52, 44, 49, 56, 50, 44, 49, 55, 54, 44, 49, 55, 56, 44, 50, 51, 49, 44, 50, 48, 48, 44, 50, 51, 53, 44, 49, 48, 53, 44, 49, 56, 56, 44, 49, 54, 52, 44, 50, 48, 50, 93, 44, 34, 112, 114, 101, 100, 101, 99, 101, 115, 115, 111, 114, 95, 114, 101, 99, 101, 105, 112, 116, 95, 115, 104, 97, 50, 53, 54, 34, 58, 91, 49, 52, 55, 44, 52, 44, 54, 44, 54, 52, 44, 49, 49, 56, 44, 50, 51, 49, 44, 49, 50, 48, 44, 54, 52, 44, 54, 49, 44, 57, 48, 44, 55, 52, 44, 49, 50, 49, 44, 49, 56, 53, 44, 49, 55, 50, 44, 50, 52, 57, 44, 50, 49, 57, 44, 49, 49, 53, 44, 57, 56, 44, 50, 51, 55, 44, 49, 56, 51, 44, 55, 53, 44, 49, 50, 56, 44, 50, 48, 54, 44, 50, 49, 49, 44, 49, 56, 56, 44, 50, 48, 57, 44, 54, 44, 56, 53, 44, 52, 57, 44, 50, 48, 48, 44, 49, 53, 53, 44, 51, 50, 93, 44, 34, 97, 99, 99, 101, 112, 116, 101, 100, 95, 99, 111, 117, 112, 108, 101, 100, 95, 115, 108, 97, 98, 95, 115, 104, 97, 50, 53, 54, 34, 58, 91, 48, 44, 48, 44, 48, 44, 48, 44, 48, 44, 48, 44, 48, 44, 48, 44, 48, 44, 48, 44, 48, 44, 48, 44, 48, 44, 48, 44, 48, 44, 48, 44, 48, 44, 48, 44, 48, 44, 48, 44, 48, 44, 48, 44, 48, 44, 48, 44, 48, 44, 48, 44, 48, 44, 48, 44, 48, 44, 48, 44, 48, 44, 48, 93, 44, 34, 99, 104, 105, 108, 100, 95, 98, 101, 103, 105, 110, 110, 105, 110, 103, 95, 99, 111, 109, 112, 108, 101, 116, 101, 95, 111, 119, 110, 101, 114, 95, 115, 101, 116, 95, 115, 104, 97, 50, 53, 54, 34, 58, 91, 48, 44, 48, 44, 48, 44, 48, 44, 48, 44, 48, 44, 48, 44, 48, 44, 48, 44, 48, 44, 48, 44, 48, 44, 48, 44, 48, 44, 48, 44, 48, 44, 48, 44, 48, 44, 48, 44, 48, 44, 48, 44, 48, 44, 48, 44, 48, 44, 48, 44, 48, 44, 48, 44, 48, 44, 48, 44, 48, 44, 48, 44, 48, 93, 44, 34, 112, 101, 110, 100, 105, 110, 103, 95, 114, 111, 117, 116, 101, 100, 95, 112, 97, 114, 99, 101, 108, 115, 95, 98, 101, 102, 111, 114, 101, 95, 115, 104, 97, 50, 53, 54, 34, 58, 91, 57, 56, 44, 55, 55, 44, 50, 51, 53, 44, 49, 51, 44, 49, 55, 51, 44, 51, 57, 44, 50, 50, 50, 44, 49, 57, 48, 44, 52, 51, 44, 49, 57, 56, 44, 49, 57, 50, 44, 54, 51, 44, 49, 54, 48, 44, 53, 51, 44, 55, 55, 44, 49, 52, 50, 44, 50, 50, 57, 44, 50, 50, 48, 44, 49, 57, 52, 44, 53, 49, 44, 50, 49, 48, 44, 54, 54, 44, 53, 52, 44, 52, 55, 44, 54, 54, 44, 53, 48, 44, 50, 50, 56, 44, 49, 51, 51, 44, 49, 55, 55, 44, 49, 48, 51, 44, 52, 52, 44, 52, 50, 93, 44, 34, 112, 101, 110, 100, 105, 110, 103, 95, 114, 111, 117, 116, 101, 100, 95, 112, 97, 114, 99, 101, 108, 115, 95, 97, 102, 116, 101, 114, 95, 115, 104, 97, 50, 53, 54, 34, 58, 91, 49, 53, 48, 44, 49, 49, 52, 44, 49, 52, 57, 44, 49, 48, 57, 44, 50, 49, 50, 44, 53, 50, 44, 52, 56, 44, 55, 56, 44, 53, 48, 44, 56, 44, 49, 54, 50, 44, 50, 48, 57, 44, 49, 56, 56, 44, 54, 54, 44, 50, 49, 53, 44, 49, 53, 57, 44, 50, 49, 53, 44, 49, 52, 56, 44, 57, 51, 44, 49, 51, 53, 44, 49, 55, 53, 44, 50, 50, 49, 44, 50, 49, 53, 44, 49, 49, 49, 44, 49, 57, 57, 44, 49, 48, 57, 44, 50, 50, 52, 44, 50, 48, 50, 44, 52, 57, 44, 49, 55, 57, 44, 49, 53, 54, 44, 52, 48, 93, 44, 34, 99, 104, 105, 108, 100, 95, 105, 110, 112, 117, 116, 115, 95, 115, 104, 97, 50, 53, 54, 34, 58, 91, 49, 49, 48, 44, 50, 51, 53, 44, 56, 51, 44, 50, 51, 52, 44, 50, 49, 54, 44, 53, 56, 44, 57, 44, 50, 48, 50, 44, 51, 55, 44, 56, 55, 44, 49, 48, 50, 44, 57, 48, 44, 49, 57, 49, 44, 49, 57, 54, 44, 50, 48, 53, 44, 53, 57, 44, 50, 51, 57, 44, 50, 48, 57, 44, 50, 49, 54, 44, 49, 49, 52, 44, 56, 44, 52, 53, 44, 50, 52, 53, 44, 52, 51, 44, 50, 48, 51, 44, 50, 48, 53, 44, 49, 53, 49, 44, 50, 51, 57, 44, 49, 57, 44, 51, 52, 44, 55, 55, 44, 51, 55, 93, 44, 34, 116, 114, 97, 110, 115, 105, 116, 105, 111, 110, 115, 34, 58, 91, 123, 34, 99, 117, 109, 117, 108, 97, 116, 105, 118, 101, 95, 115, 117, 112, 112, 108, 121, 95, 109, 95, 98, 105, 116, 115, 34, 58, 48, 44, 34, 99, 117, 109, 117, 108, 97, 116, 105, 118, 101, 95, 105, 110, 102, 105, 108, 116, 114, 97, 116, 105, 111, 110, 95, 109, 95, 98, 105, 116, 115, 34, 58, 48, 44, 34, 105, 110, 116, 101, 114, 118, 97, 108, 95, 115, 117, 112, 112, 108, 121, 95, 109, 95, 98, 105, 116, 115, 34, 58, 52, 53, 51, 48, 56, 53, 51, 49, 55, 57, 51, 48, 57, 48, 56, 51, 54, 52, 50, 44, 34, 105, 110, 116, 101, 114, 118, 97, 108, 95, 100, 117, 114, 97, 116, 105, 111, 110, 95, 115, 95, 98, 105, 116, 115, 34, 58, 52, 54, 51, 51, 54, 52, 49, 48, 54, 54, 54, 49, 48, 56, 49, 57, 48, 55, 50, 44, 34, 101, 102, 102, 101, 99, 116, 105, 118, 101, 95, 99, 111, 110, 100, 117, 99, 116, 105, 118, 105, 116, 121, 95, 109, 95, 115, 95, 98, 105, 116, 115, 34, 58, 52, 53, 49, 55, 51, 50, 57, 49, 57, 51, 49, 48, 56, 49, 48, 54, 54, 51, 55, 44, 34, 109, 97, 116, 114, 105, 99, 95, 112, 111, 116, 101, 110, 116, 105, 97, 108, 95, 109, 95, 98, 105, 116, 115, 34, 58, 52, 53, 57, 49, 56, 55, 48, 49, 56, 48, 48, 54, 54, 57, 53, 55, 55, 50, 50, 44, 34, 115, 116, 111, 114, 97, 103, 101, 95, 99, 97, 112, 97, 99, 105, 116, 121, 95, 109, 95, 98, 105, 116, 115, 34, 58, 52, 53, 56, 53, 57, 50, 53, 52, 50, 56, 53, 53, 56, 56, 50, 56, 54, 54, 55, 125, 93, 44, 34, 112, 114, 111, 112, 111, 115, 101, 100, 95, 117, 112, 112, 101, 114, 95, 98, 111, 117, 110, 100, 95, 115, 95, 98, 105, 116, 115, 34, 58, 52, 54, 51, 51, 54, 52, 49, 48, 54, 54, 54, 49, 48, 56, 49, 57, 48, 55, 50, 44, 34, 97, 99, 99, 101, 112, 116, 101, 100, 95, 100, 117, 114, 97, 116, 105, 111, 110, 95, 115, 95, 98, 105, 116, 115, 34, 58, 52, 54, 51, 51, 54, 52, 49, 48, 54, 54, 54, 49, 48, 56, 49, 57, 48, 55, 50, 44, 34, 99, 117, 109, 117, 108, 97, 116, 105, 118, 101, 95, 115, 117, 112, 112, 108, 121, 95, 109, 95, 98, 105, 116, 115, 34, 58, 48, 44, 34, 99, 117, 109, 117, 108, 97, 116, 105, 118, 101, 95, 105, 110, 102, 105, 108, 116, 114, 97, 116, 105, 111, 110, 95, 109, 95, 98, 105, 116, 115, 34, 58, 48, 44, 34, 105, 110, 116, 101, 114, 118, 97, 108, 95, 115, 117, 112, 112, 108, 121, 95, 109, 95, 98, 105, 116, 115, 34, 58, 52, 53, 51, 48, 56, 53, 51, 49, 55, 57, 51, 48, 57, 48, 56, 51, 54, 52, 50, 44, 34, 105, 110, 116, 101, 114, 118, 97, 108, 95, 105, 110, 102, 105, 108, 116, 114, 97, 116, 105, 111, 110, 95, 109, 95, 98, 105, 116, 115, 34, 58, 52, 53, 51, 48, 56, 53, 51, 49, 55, 57, 51, 48, 57, 48, 56, 51, 54, 52, 50, 44, 34, 105, 110, 116, 101, 114, 118, 97, 108, 95, 101, 120, 99, 101, 115, 115, 95, 109, 95, 98, 105, 116, 115, 34, 58, 48, 44, 34, 114, 101, 99, 101, 105, 112, 116, 95, 115, 104, 97, 50, 53, 54, 34, 58, 91, 49, 57, 51, 44, 49, 53, 50, 44, 49, 44, 49, 55, 51, 44, 49, 50, 51, 44, 50, 50, 53, 44, 49, 49, 55, 44, 49, 57, 57, 44, 49, 52, 55, 44, 49, 56, 51, 44, 50, 52, 54, 44, 49, 51, 51, 44, 50, 50, 49, 44, 49, 50, 52, 44, 57, 49, 44, 54, 51, 44, 54, 56, 44, 49, 48, 51, 44, 52, 55, 44, 50, 49, 56, 44, 49, 57, 55, 44, 50, 52, 57, 44, 49, 48, 54, 44, 49, 51, 55, 44, 49, 55, 51, 44, 50, 48, 48, 44, 49, 54, 50, 44, 50, 51, 51, 44, 55, 56, 44, 49, 50, 49, 44, 49, 53, 50, 44, 52, 52, 93, 125, 93, 125, 93, 93], wb14_parent_replay_bytes: None, stage3_covered_native_inactive: false }, ending_lse_tile_states: [TileState { ofe_id: OfeId("ofe-1"), tile_id: TileId("forest"), surface_enthalpy_j_m2_tile_ground: 447051.3930449809, surface_temperature_warm_start_k: 295.39875473517634 }, TileState { ofe_id: OfeId("ofe-1"), tile_id: TileId("open"), surface_enthalpy_j_m2_tile_ground: 953889.0491499327, surface_temperature_warm_start_k: 295.8616440273793 }], pre_ingress_soil_thermal_candidates: [SoilThermalTileCandidate { owner_id: ResourceOwnerId("soil-thermal"), beginning_state_sha256: Sha256Digest("4444444444444444444444444444444444444444444444444444444444444444"), beginning_identity: V1 { configuration_sha256: Sha256Digest("5555555555555555555555555555555555555555555555555555555555555555"), last_accepted_transaction_id: None }, ofe_id: OfeId("ofe-1"), tile_id: TileId("forest"), layers: [SoilThermalLayerCandidate { layer_id: SoilLayerId("thermal-1"), beginning_enthalpy_j_m2_ofe_ground: 1000000.0, beginning_enthalpy_carry: ExactDyadicEnthalpy { sign: 0, coefficient_hex: "0", exponent2: 0 }, ground_heat_credit_j_m2_ofe_ground: 365.8740165240224, infiltration_enthalpy_credit_j_m2_ofe_ground: 0.0, ending_enthalpy_j_m2_ofe_ground: 999991.1837401942, ending_temperature_k: 291.49980666096917 }, SoilThermalLayerCandidate { layer_id: SoilLayerId("thermal-2"), beginning_enthalpy_j_m2_ofe_ground: 2000000.0, beginning_enthalpy_carry: ExactDyadicEnthalpy { sign: 0, coefficient_hex: "0", exponent2: 0 }, ground_heat_credit_j_m2_ofe_ground: 374.69027633053287, infiltration_enthalpy_credit_j_m2_ofe_ground: 0.0, ending_enthalpy_j_m2_ofe_ground: 2000920.0593332332, ending_temperature_k: 289.8134511598426 }, SoilThermalLayerCandidate { layer_id: SoilLayerId("soil-1"), beginning_enthalpy_j_m2_ofe_ground: 2000000.0, beginning_enthalpy_carry: ExactDyadicEnthalpy { sign: 0, coefficient_hex: "0", exponent2: 0 }, ground_heat_credit_j_m2_ofe_ground: -545.3690569034275, infiltration_enthalpy_credit_j_m2_ofe_ground: 0.0, ending_enthalpy_j_m2_ofe_ground: 1999455.3048559767, ending_temperature_k: 292.9920366207014 }, SoilThermalLayerCandidate { layer_id: SoilLayerId("soil-2"), beginning_enthalpy_j_m2_ofe_ground: 2000000.0, beginning_enthalpy_carry: ExactDyadicEnthalpy { sign: 0, coefficient_hex: "0", exponent2: 0 }, ground_heat_credit_j_m2_ofe_ground: -0.6739128790113398, infiltration_enthalpy_credit_j_m2_ofe_ground: 0.0, ending_enthalpy_j_m2_ofe_ground: 1999994.4351591857, ending_temperature_k: 292.99991864267815 }, SoilThermalLayerCandidate { layer_id: SoilLayerId("soil-dry"), beginning_enthalpy_j_m2_ofe_ground: 2000000.0, beginning_enthalpy_carry: ExactDyadicEnthalpy { sign: 0, coefficient_hex: "0", exponent2: 0 }, ground_heat_credit_j_m2_ofe_ground: 4.890927937018262, infiltration_enthalpy_credit_j_m2_ofe_ground: 0.0, ending_enthalpy_j_m2_ofe_ground: 1996081.692809571, ending_temperature_k: 292.9427148071575 }, SoilThermalLayerCandidate { layer_id: SoilLayerId("soil-frozen"), beginning_enthalpy_j_m2_ofe_ground: 2000000.0, beginning_enthalpy_carry: ExactDyadicEnthalpy { sign: 0, coefficient_hex: "0", exponent2: 0 }, ground_heat_credit_j_m2_ofe_ground: 3923.1981183640078, infiltration_enthalpy_credit_j_m2_ofe_ground: 0.0, ending_enthalpy_j_m2_ofe_ground: 2003923.1981183654, ending_temperature_k: 270.0573566976369 }] }, SoilThermalTileCandidate { owner_id: ResourceOwnerId("soil-thermal"), beginning_state_sha256: Sha256Digest("4444444444444444444444444444444444444444444444444444444444444444"), beginning_identity: V1 { configuration_sha256: Sha256Digest("5555555555555555555555555555555555555555555555555555555555555555"), last_accepted_transaction_id: None }, ofe_id: OfeId("ofe-1"), tile_id: TileId("open"), layers: [SoilThermalLayerCandidate { layer_id: SoilLayerId("thermal-1"), beginning_enthalpy_j_m2_ofe_ground: 1000000.0, beginning_enthalpy_carry: ExactDyadicEnthalpy { sign: 0, coefficient_hex: "0", exponent2: 0 }, ground_heat_credit_j_m2_ofe_ground: 2930.7248066735874, infiltration_enthalpy_credit_j_m2_ofe_ground: 0.0, ending_enthalpy_j_m2_ofe_ground: 1002313.7480073634, ending_temperature_k: 291.53109876353983 }, SoilThermalLayerCandidate { layer_id: SoilLayerId("thermal-2"), beginning_enthalpy_j_m2_ofe_ground: 2000000.0, beginning_enthalpy_carry: ExactDyadicEnthalpy { sign: 0, coefficient_hex: "0", exponent2: 0 }, ground_heat_credit_j_m2_ofe_ground: 616.9767993083175, infiltration_enthalpy_credit_j_m2_ofe_ground: 0.0, ending_enthalpy_j_m2_ofe_ground: 2001506.7824386281, ending_temperature_k: 289.81350163475474 }, SoilThermalLayerCandidate { layer_id: SoilLayerId("soil-1"), beginning_enthalpy_j_m2_ofe_ground: 2000000.0, beginning_enthalpy_carry: ExactDyadicEnthalpy { sign: 0, coefficient_hex: "0", exponent2: 0 }, ground_heat_credit_j_m2_ofe_ground: -889.8056393191878, infiltration_enthalpy_credit_j_m2_ofe_ground: 0.0, ending_enthalpy_j_m2_ofe_ground: 1999111.2938939808, ending_temperature_k: 292.9920366836378 }, SoilThermalLayerCandidate { layer_id: SoilLayerId("soil-2"), beginning_enthalpy_j_m2_ofe_ground: 2000000.0, beginning_enthalpy_carry: ExactDyadicEnthalpy { sign: 0, coefficient_hex: "0", exponent2: 0 }, ground_heat_credit_j_m2_ofe_ground: -1.0995332970693426, infiltration_enthalpy_credit_j_m2_ofe_ground: 0.0, ending_enthalpy_j_m2_ofe_ground: 1999990.9205316363, ending_temperature_k: 292.9999186427566 }, SoilThermalLayerCandidate { layer_id: SoilLayerId("soil-dry"), beginning_enthalpy_j_m2_ofe_ground: 2000000.0, beginning_enthalpy_carry: ExactDyadicEnthalpy { sign: 0, coefficient_hex: "0", exponent2: 0 }, ground_heat_credit_j_m2_ofe_ground: 7.979935066062126, infiltration_enthalpy_credit_j_m2_ofe_ground: 0.0, ending_enthalpy_j_m2_ofe_ground: 1993606.9724787865, ending_temperature_k: 292.9427148071576 }, SoilThermalLayerCandidate { layer_id: SoilLayerId("soil-frozen"), beginning_enthalpy_j_m2_ofe_ground: 2000000.0, beginning_enthalpy_carry: ExactDyadicEnthalpy { sign: 0, coefficient_hex: "0", exponent2: 0 }, ground_heat_credit_j_m2_ofe_ground: 6401.007456278133, infiltration_enthalpy_credit_j_m2_ofe_ground: 0.0, ending_enthalpy_j_m2_ofe_ground: 2006401.0074562803, ending_temperature_k: 270.0573566976369 }] }], pre_ingress_soil_thermal_sha256: "ae92acb8c02ff4f2d314b4af14ab3a09b20abbec28952a90874d1be1f5232a5e", soil_thermal_candidates: [SoilThermalTileCandidate { owner_id: ResourceOwnerId("soil-thermal"), beginning_state_sha256: Sha256Digest("4444444444444444444444444444444444444444444444444444444444444444"), beginning_identity: V1 { configuration_sha256: Sha256Digest("5555555555555555555555555555555555555555555555555555555555555555"), last_accepted_transaction_id: None }, ofe_id: OfeId("ofe-1"), tile_id: TileId("forest"), layers: [SoilThermalLayerCandidate { layer_id: SoilLayerId("thermal-1"), beginning_enthalpy_j_m2_ofe_ground: 1000000.0, beginning_enthalpy_carry: ExactDyadicEnthalpy { sign: 0, coefficient_hex: "0", exponent2: 0 }, ground_heat_credit_j_m2_ofe_ground: 365.8740165240224, infiltration_enthalpy_credit_j_m2_ofe_ground: 128.7105777206214, ending_enthalpy_j_m2_ofe_ground: 1000119.8943179148, ending_temperature_k: 291.49980666096917 }, SoilThermalLayerCandidate { layer_id: SoilLayerId("thermal-2"), beginning_enthalpy_j_m2_ofe_ground: 2000000.0, beginning_enthalpy_carry: ExactDyadicEnthalpy { sign: 0, coefficient_hex: "0", exponent2: 0 }, ground_heat_credit_j_m2_ofe_ground: 374.69027633053287, infiltration_enthalpy_credit_j_m2_ofe_ground: 0.0, ending_enthalpy_j_m2_ofe_ground: 2000920.0593332332, ending_temperature_k: 289.8134511598426 }, SoilThermalLayerCandidate { layer_id: SoilLayerId("soil-1"), beginning_enthalpy_j_m2_ofe_ground: 2000000.0, beginning_enthalpy_carry: ExactDyadicEnthalpy { sign: 0, coefficient_hex: "0", exponent2: 0 }, ground_heat_credit_j_m2_ofe_ground: -545.3690569034275, infiltration_enthalpy_credit_j_m2_ofe_ground: 0.0, ending_enthalpy_j_m2_ofe_ground: 1999455.3048559767, ending_temperature_k: 292.9920366207014 }, SoilThermalLayerCandidate { layer_id: SoilLayerId("soil-2"), beginning_enthalpy_j_m2_ofe_ground: 2000000.0, beginning_enthalpy_carry: ExactDyadicEnthalpy { sign: 0, coefficient_hex: "0", exponent2: 0 }, ground_heat_credit_j_m2_ofe_ground: -0.6739128790113398, infiltration_enthalpy_credit_j_m2_ofe_ground: 0.0, ending_enthalpy_j_m2_ofe_ground: 1999994.4351591857, ending_temperature_k: 292.99991864267815 }, SoilThermalLayerCandidate { layer_id: SoilLayerId("soil-dry"), beginning_enthalpy_j_m2_ofe_ground: 2000000.0, beginning_enthalpy_carry: ExactDyadicEnthalpy { sign: 0, coefficient_hex: "0", exponent2: 0 }, ground_heat_credit_j_m2_ofe_ground: 4.890927937018262, infiltration_enthalpy_credit_j_m2_ofe_ground: 0.0, ending_enthalpy_j_m2_ofe_ground: 1996081.692809571, ending_temperature_k: 292.9427148071575 }, SoilThermalLayerCandidate { layer_id: SoilLayerId("soil-frozen"), beginning_enthalpy_j_m2_ofe_ground: 2000000.0, beginning_enthalpy_carry: ExactDyadicEnthalpy { sign: 0, coefficient_hex: "0", exponent2: 0 }, ground_heat_credit_j_m2_ofe_ground: 3923.1981183640078, infiltration_enthalpy_credit_j_m2_ofe_ground: 0.0, ending_enthalpy_j_m2_ofe_ground: 2003923.1981183654, ending_temperature_k: 270.0573566976369 }] }, SoilThermalTileCandidate { owner_id: ResourceOwnerId("soil-thermal"), beginning_state_sha256: Sha256Digest("4444444444444444444444444444444444444444444444444444444444444444"), beginning_identity: V1 { configuration_sha256: Sha256Digest("5555555555555555555555555555555555555555555555555555555555555555"), last_accepted_transaction_id: None }, ofe_id: OfeId("ofe-1"), tile_id: TileId("open"), layers: [SoilThermalLayerCandidate { layer_id: SoilLayerId("thermal-1"), beginning_enthalpy_j_m2_ofe_ground: 1000000.0, beginning_enthalpy_carry: ExactDyadicEnthalpy { sign: 0, coefficient_hex: "0", exponent2: 0 }, ground_heat_credit_j_m2_ofe_ground: 2930.7248066735874, infiltration_enthalpy_credit_j_m2_ofe_ground: 0.0, ending_enthalpy_j_m2_ofe_ground: 1002313.7480073634, ending_temperature_k: 291.53109876353983 }, SoilThermalLayerCandidate { layer_id: SoilLayerId("thermal-2"), beginning_enthalpy_j_m2_ofe_ground: 2000000.0, beginning_enthalpy_carry: ExactDyadicEnthalpy { sign: 0, coefficient_hex: "0", exponent2: 0 }, ground_heat_credit_j_m2_ofe_ground: 616.9767993083175, infiltration_enthalpy_credit_j_m2_ofe_ground: 0.0, ending_enthalpy_j_m2_ofe_ground: 2001506.7824386281, ending_temperature_k: 289.81350163475474 }, SoilThermalLayerCandidate { layer_id: SoilLayerId("soil-1"), beginning_enthalpy_j_m2_ofe_ground: 2000000.0, beginning_enthalpy_carry: ExactDyadicEnthalpy { sign: 0, coefficient_hex: "0", exponent2: 0 }, ground_heat_credit_j_m2_ofe_ground: -889.8056393191878, infiltration_enthalpy_credit_j_m2_ofe_ground: 0.0, ending_enthalpy_j_m2_ofe_ground: 1999111.2938939808, ending_temperature_k: 292.9920366836378 }, SoilThermalLayerCandidate { layer_id: SoilLayerId("soil-2"), beginning_enthalpy_j_m2_ofe_ground: 2000000.0, beginning_enthalpy_carry: ExactDyadicEnthalpy { sign: 0, coefficient_hex: "0", exponent2: 0 }, ground_heat_credit_j_m2_ofe_ground: -1.0995332970693426, infiltration_enthalpy_credit_j_m2_ofe_ground: 0.0, ending_enthalpy_j_m2_ofe_ground: 1999990.9205316363, ending_temperature_k: 292.9999186427566 }, SoilThermalLayerCandidate { layer_id: SoilLayerId("soil-dry"), beginning_enthalpy_j_m2_ofe_ground: 2000000.0, beginning_enthalpy_carry: ExactDyadicEnthalpy { sign: 0, coefficient_hex: "0", exponent2: 0 }, ground_heat_credit_j_m2_ofe_ground: 7.979935066062126, infiltration_enthalpy_credit_j_m2_ofe_ground: 0.0, ending_enthalpy_j_m2_ofe_ground: 1993606.9724787865, ending_temperature_k: 292.9427148071576 }, SoilThermalLayerCandidate { layer_id: SoilLayerId("soil-frozen"), beginning_enthalpy_j_m2_ofe_ground: 2000000.0, beginning_enthalpy_carry: ExactDyadicEnthalpy { sign: 0, coefficient_hex: "0", exponent2: 0 }, ground_heat_credit_j_m2_ofe_ground: 6401.007456278133, infiltration_enthalpy_credit_j_m2_ofe_ground: 0.0, ending_enthalpy_j_m2_ofe_ground: 2006401.0074562803, ending_temperature_k: 270.0573566976369 }] }], receiver_closure_operands: RealReceiverClosureOperands { transaction_id: TransactionId(41), hydrology_owner_id: ResourceOwnerId("production-hydrology"), lse_owner_id: ResourceOwnerId("land-surface-energy-v1"), soil_thermal_owner_id: ResourceOwnerId("soil-thermal"), beginning_hydrology_snapshot_sha256: Sha256Digest("97c321bba739aea8d36ff155f946a2d02b902030c9a71586be52f44f7d052fc6"), beginning_lse_state_sha256: Sha256Digest("fb13fe0a3af53742cabf64ec76d302e445fbbadcb66fe59d52178bb1ea6a10fd"), beginning_soil_thermal_state_sha256: Sha256Digest("4444444444444444444444444444444444444444444444444444444444444444"), rollback_hashes: [OwnerRollbackHash { owner_kind: LandSurfaceEnergy, owner_id: "land-surface-energy-v1", before_sha256: Sha256Digest("fb13fe0a3af53742cabf64ec76d302e445fbbadcb66fe59d52178bb1ea6a10fd"), after_sha256: Sha256Digest("fb13fe0a3af53742cabf64ec76d302e445fbbadcb66fe59d52178bb1ea6a10fd") }, OwnerRollbackHash { owner_kind: Hydrology, owner_id: "production-hydrology", before_sha256: Sha256Digest("97c321bba739aea8d36ff155f946a2d02b902030c9a71586be52f44f7d052fc6"), after_sha256: Sha256Digest("97c321bba739aea8d36ff155f946a2d02b902030c9a71586be52f44f7d052fc6") }, OwnerRollbackHash { owner_kind: SoilThermal, owner_id: "soil-thermal", before_sha256: Sha256Digest("4444444444444444444444444444444444444444444444444444444444444444"), after_sha256: Sha256Digest("4444444444444444444444444444444444444444444444444444444444444444") }], production_soil: [ProductionSoilReceiverOperands { ofe_id: OfeId("ofe-1"), production_lane_index: 0, production_lane_id: 1, tillage_depth_m: 0.0, infiltration_m: 8.022340187130082e-6, beginning_aggregate_soil_water_m: 0.11999864081640507, ending_aggregate_soil_water_m: 0.12000666315659221, ordered_layers: [ProductionSoilLayerReceiverOperands { layer_id: SoilLayerId("thermal-1"), beginning_liquid_m: 0.02, ending_liquid_m: 0.02000802234018713, layer_depth_m: 0.3, residual_theta: 0.0, frozen_depth_m: 0.0 }, ProductionSoilLayerReceiverOperands { layer_id: SoilLayerId("thermal-2"), beginning_liquid_m: 0.02, ending_liquid_m: 0.02, layer_depth_m: 0.3, residual_theta: 0.0, frozen_depth_m: 0.0 }, ProductionSoilLayerReceiverOperands { layer_id: SoilLayerId("soil-1"), beginning_liquid_m: 0.019999157306171144, ending_liquid_m: 0.019999157306171144, layer_depth_m: 0.3, residual_theta: 0.0, frozen_depth_m: 0.0 }, ProductionSoilLayerReceiverOperands { layer_id: SoilLayerId("soil-2"), beginning_liquid_m: 0.019999483510233926, ending_liquid_m: 0.019999483510233926, layer_depth_m: 0.3, residual_theta: 0.0, frozen_depth_m: 0.0 }, ProductionSoilLayerReceiverOperands { layer_id: SoilLayerId("soil-dry"), beginning_liquid_m: 0.02, ending_liquid_m: 0.02, layer_depth_m: 0.3, residual_theta: 0.0, frozen_depth_m: 0.0 }, ProductionSoilLayerReceiverOperands { layer_id: SoilLayerId("soil-frozen"), beginning_liquid_m: 0.02, ending_liquid_m: 0.02, layer_depth_m: 0.3, residual_theta: 0.0, frozen_depth_m: 0.0 }] }], soil_thermal: [SoilThermalReceiverOperands { ofe_id: OfeId("ofe-1"), tile_id: TileId("forest"), layer_id: SoilLayerId("thermal-1"), beginning_infiltration_credit_j_m2_ofe_ground: 0.0, ending_infiltration_credit_j_m2_ofe_ground: 128.7105777206214, beginning_enthalpy_j_m2_ofe_ground: 999991.1837401942, infiltration_enthalpy_j_m2_ofe_ground: 128.7105777206214, ending_enthalpy_j_m2_ofe_ground: 1000119.8943179148 }, SoilThermalReceiverOperands { ofe_id: OfeId("ofe-1"), tile_id: TileId("open"), layer_id: SoilLayerId("thermal-1"), beginning_infiltration_credit_j_m2_ofe_ground: 0.0, ending_infiltration_credit_j_m2_ofe_ground: 0.0, beginning_enthalpy_j_m2_ofe_ground: 1002313.7480073634, infiltration_enthalpy_j_m2_ofe_ground: 0.0, ending_enthalpy_j_m2_ofe_ground: 1002313.7480073634 }], lse_tiles: [LseTileReceiverOperands { ofe_id: OfeId("ofe-1"), tile_id: TileId("forest"), tile_fraction: 0.38, beginning_enthalpy_j_m2_tile_ground: 447051.3930449809, retained_enthalpy_j_m2_ofe_ground: 0.0, ending_enthalpy_j_m2_tile_ground: 447051.3930449809 }, LseTileReceiverOperands { ofe_id: OfeId("ofe-1"), tile_id: TileId("open"), tile_fraction: 0.62, beginning_enthalpy_j_m2_tile_ground: 953889.0491499327, retained_enthalpy_j_m2_ofe_ground: 0.0, ending_enthalpy_j_m2_tile_ground: 953889.0491499327 }], expected_production_soil: [(OfeId("ofe-1"), 0, 1, [SoilLayerId("thermal-1"), SoilLayerId("thermal-2"), SoilLayerId("soil-1"), SoilLayerId("soil-2"), SoilLayerId("soil-dry"), SoilLayerId("soil-frozen")])], expected_soil_thermal: [(OfeId("ofe-1"), TileId("forest"), SoilLayerId("thermal-1")), (OfeId("ofe-1"), TileId("open"), SoilLayerId("thermal-1"))], expected_lse_tiles: [(OfeId("ofe-1"), TileId("forest")), (OfeId("ofe-1"), TileId("open"))], configured_surface_context: [(OfeId("ofe-1"), TileId("forest"), SurfaceId("surface:ofe-1:forest"), SourceId("liquid:ofe-1:forest")), (OfeId("ofe-1"), TileId("open"), SurfaceId("surface:ofe-1:open"), SourceId("liquid:ofe-1:open"))] }, rollback_hashes: [OwnerRollbackHash { owner_kind: LandSurfaceEnergy, owner_id: "land-surface-energy-v1", before_sha256: Sha256Digest("fb13fe0a3af53742cabf64ec76d302e445fbbadcb66fe59d52178bb1ea6a10fd"), after_sha256: Sha256Digest("fb13fe0a3af53742cabf64ec76d302e445fbbadcb66fe59d52178bb1ea6a10fd") }, OwnerRollbackHash { owner_kind: Hydrology, owner_id: "production-hydrology", before_sha256: Sha256Digest("97c321bba739aea8d36ff155f946a2d02b902030c9a71586be52f44f7d052fc6"), after_sha256: Sha256Digest("97c321bba739aea8d36ff155f946a2d02b902030c9a71586be52f44f7d052fc6") }, OwnerRollbackHash { owner_kind: SoilThermal, owner_id: "soil-thermal", before_sha256: Sha256Digest("4444444444444444444444444444444444444444444444444444444444444444"), after_sha256: Sha256Digest("4444444444444444444444444444444444444444444444444444444444444444") }] }, contribution_join: M1ReceiverContributionJoin { contributors: [M1ReceiverContribution { origin: "upper_stemflow", source_parcel_id: "m1-prescribed-terminal-receiver", kind: TerminalReceiver, transaction_id: TransactionId(41), mass: 0.002251893424227986, enthalpy: 21090.0, fraction: 0.38 }, M1ReceiverContribution { origin: "upper_throughfall_stemflow", source_parcel_id: "m1-prescribed-terminal-receiver", kind: TerminalReceiver, transaction_id: TransactionId(41), mass: 0.0026016843462896497, enthalpy: 21090.0, fraction: 0.38 }, M1ReceiverContribution { origin: "upper_throughfall_throughfall", source_parcel_id: "m1-prescribed-terminal-receiver", kind: TerminalReceiver, transaction_id: TransactionId(41), mass: 0.010406737385158599, enthalpy: 21090.0, fraction: 0.38 }, M1ReceiverContribution { origin: "upper_drainage_stemflow", source_parcel_id: "m1-prescribed-terminal-receiver", kind: TerminalReceiver, transaction_id: TransactionId(41), mass: 0.0007702212778805854, enthalpy: 0.0, fraction: 0.38 }, M1ReceiverContribution { origin: "upper_drainage_throughfall", source_parcel_id: "m1-prescribed-terminal-receiver", kind: TerminalReceiver, transaction_id: TransactionId(41), mass: 0.003080885111522341, enthalpy: 0.0, fraction: 0.38 }, M1ReceiverContribution { origin: "lower_drainage", source_parcel_id: "m1-prescribed-terminal-receiver", kind: TerminalReceiver, transaction_id: TransactionId(41), mass: 0.002, enthalpy: 8436.0, fraction: 0.38 }] } }
    note: run with `RUST_BACKTRACE=1` environment variable to display a backtrace

error: test run failed
