warning: Git tree '/workdir/openWEPP' is dirty
    Checking openwepp-land-surface-energy v0.1.0 (/home/roger/openwepp-experiments/cold-canopy-m1-20260920/crates/openwepp-land-surface-energy)
error: binding's name is too similar to existing binding
   --> crates/openwepp-land-surface-energy/src/m1_liquid_routing.rs:267:9
    |
267 |     let captured =
    |         ^^^^^^^^
    |
note: existing binding defined here
   --> crates/openwepp-land-surface-energy/src/m1_liquid_routing.rs:265:5
    |
265 |     captures: &mut Vec<M1LiquidCapture>,
    |     ^^^^^^^^
    = help: for further information visit https://rust-lang.github.io/rust-clippy/master/index.html#similar_names
    = note: `-D clippy::similar-names` implied by `-D warnings`
    = help: to override `-D warnings` add `#[allow(clippy::similar_names)]`

error: long literal lacking separators
   --> crates/openwepp-land-surface-energy/src/litter_phase_tests.rs:229:65
    |
229 |         post_vapor_ice.min(2.0 * (920.0 * 2106.0 * 0.04 * 5.0 / 333700.0_f64).min(post_vapor_ice));
    |                                                                 ^^^^^^^^^^^^ help: consider: `333_700.0_f64`
    |
    = help: for further information visit https://rust-lang.github.io/rust-clippy/master/index.html#unreadable_literal
    = note: `-D clippy::unreadable-literal` implied by `-D warnings`
    = help: to override `-D warnings` add `#[allow(clippy::unreadable_literal)]`

error: long literal lacking separators
   --> crates/openwepp-land-surface-energy/src/litter_phase_tests.rs:232:62
    |
232 |     assert!((candidate.receipt.transfer.fusion_energy_j_m2 + 333700.0 * melted).abs() < 1e-8);
    |                                                              ^^^^^^^^ help: consider: `333_700.0`
    |
    = help: for further information visit https://rust-lang.github.io/rust-clippy/master/index.html#unreadable_literal

error: long literal lacking separators
   --> crates/openwepp-land-surface-energy/src/solver_litter_open.rs:311:77
    |
311 |                 * crate::physics::saturation_specific_humidity(temperature, 101325.0).unwrap()
    |                                                                             ^^^^^^^^ help: consider: `101_325.0`
    |
    = help: for further information visit https://rust-lang.github.io/rust-clippy/master/index.html#unreadable_literal

error: long literal lacking separators
   --> crates/openwepp-land-surface-energy/src/solver_litter_open.rs:334:30
    |
334 |             air_pressure_pa: 101325.0,
    |                              ^^^^^^^^ help: consider: `101_325.0`
    |
    = help: for further information visit https://rust-lang.github.io/rust-clippy/master/index.html#unreadable_literal

error: long literal lacking separators
   --> crates/openwepp-land-surface-energy/src/solver_litter_open.rs:336:49
    |
336 |             atmospheric_downward_longwave_w_m2: 5.670374419e-8 * temperature.powi(4),
    |                                                 ^^^^^^^^^^^^^^ help: consider: `5.670_374_419e-8`
    |
    = help: for further information visit https://rust-lang.github.io/rust-clippy/master/index.html#unreadable_literal

error: long literal lacking separators
   --> crates/openwepp-land-surface-energy/src/solver_litter_open.rs:345:39
    |
345 |                 heat_capacity_j_m2_k: 120000.0,
    |                                       ^^^^^^^^ help: consider: `120_000.0`
    |
    = help: for further information visit https://rust-lang.github.io/rust-clippy/master/index.html#unreadable_literal

error: long literal lacking separators
   --> crates/openwepp-land-surface-energy/src/solver_litter_open.rs:522:70
    |
522 |         let radiation = problem.atmospheric_downward_longwave_w_m2 - 5.670374419e-8 * t.powi(4);
    |                                                                      ^^^^^^^^^^^^^^ help: consider: `5.670_374_419e-8`
    |
    = help: for further information visit https://rust-lang.github.io/rust-clippy/master/index.html#unreadable_literal

error: long literal lacking separators
   --> crates/openwepp-land-surface-energy/src/solver_litter_open.rs:531:48
    |
531 |         let ql = ml * (4218.0 * (t - 273.15) + 2501000.0 - 2369.0 * (t - 273.15));
    |                                                ^^^^^^^^^ help: consider: `2_501_000.0`
    |
    = help: for further information visit https://rust-lang.github.io/rust-clippy/master/index.html#unreadable_literal

error: long literal lacking separators
   --> crates/openwepp-land-surface-energy/src/solver_litter_open.rs:532:48
    |
532 |         let qi = mi * (2106.0 * (t - 273.15) + 2501000.0 - 2369.0 * (t - 273.15) + 333700.0);
    |                                                ^^^^^^^^^ help: consider: `2_501_000.0`
    |
    = help: for further information visit https://rust-lang.github.io/rust-clippy/master/index.html#unreadable_literal

error: long literal lacking separators
   --> crates/openwepp-land-surface-energy/src/solver_litter_open.rs:532:84
    |
532 |         let qi = mi * (2106.0 * (t - 273.15) + 2501000.0 - 2369.0 * (t - 273.15) + 333700.0);
    |                                                                                    ^^^^^^^^ help: consider: `333_700.0`
    |
    = help: for further information visit https://rust-lang.github.io/rust-clippy/master/index.html#unreadable_literal

error: long literal lacking separators
   --> crates/openwepp-land-surface-energy/src/solver_litter_open.rs:548:27
    |
548 |         let soil_energy = 120000.0 * (soil_t - problem.soil_nodes[0].beginning_temperature_k);
    |                           ^^^^^^^^ help: consider: `120_000.0`
    |
    = help: for further information visit https://rust-lang.github.io/rust-clippy/master/index.html#unreadable_literal

error: 5 bindings with single-character names in scope
   --> crates/openwepp-land-surface-energy/src/transaction_v3_tests.rs:641:13
    |
641 |     let mut c = column();
    |             ^
642 |     c.top_rain_kg_m2_tile = 2.0;
643 |     let o = &mut c.occupancies[0];
    |         ^
...
653 |     let f = transparent_test_forcing(&c, vec![(2.0, 280.0)]);
    |         ^
...
657 |     let mut x = initial_trial();
    |             ^
658 |     x[8] = 300.0;
659 |     let r = crate::evaluate_covered_occupancy_block(
    |         ^
    |
    = help: for further information visit https://rust-lang.github.io/rust-clippy/master/index.html#many_single_char_names
    = note: `-D clippy::many-single-char-names` implied by `-D warnings`
    = help: to override `-D warnings` add `#[allow(clippy::many_single_char_names)]`

error: 5 bindings with single-character names in scope
   --> crates/openwepp-land-surface-energy/src/transaction_v3_tests.rs:726:13
    |
726 |     let mut c = column();
    |             ^
...
729 |     let mut o = c.occupancies[0].clone();
    |             ^
...
846 |     let mut x = initial_trial()[..10].to_vec();
    |             ^
...
861 |         let l = &o.liquid;
    |             ^
862 |         let m = l.stemflow_kg_m2_tile
    |             ^
    |
    = help: for further information visit https://rust-lang.github.io/rust-clippy/master/index.html#many_single_char_names

error: 6 bindings with single-character names in scope
   --> crates/openwepp-land-surface-energy/src/transaction_v3_tests.rs:726:13
    |
726 |     let mut c = column();
    |             ^
...
729 |     let mut o = c.occupancies[0].clone();
    |             ^
...
846 |     let mut x = initial_trial()[..10].to_vec();
    |             ^
...
879 |     let n = 64.0 * (2.0 + 4.0 * 2.0 + 8.0);
    |         ^
...
886 |     let p = crate::evaluate_covered_column(&c, &perturbed, None, None).unwrap();
    |         ^
...
898 |         let crate::CoveredColumnSolveOutcome::Accepted(a) = ordinary else {
    |                                                        ^
    |
    = help: for further information visit https://rust-lang.github.io/rust-clippy/master/index.html#many_single_char_names

error: 5 bindings with single-character names in scope
   --> crates/openwepp-land-surface-energy/src/transaction_v3_tests.rs:726:13
    |
726 |     let mut c = column();
    |             ^
...
729 |     let mut o = c.occupancies[0].clone();
    |             ^
...
846 |     let mut x = initial_trial()[..10].to_vec();
    |             ^
...
879 |     let n = 64.0 * (2.0 + 4.0 * 2.0 + 8.0);
    |         ^
...
886 |     let p = crate::evaluate_covered_column(&c, &perturbed, None, None).unwrap();
    |         ^
    |
    = help: for further information visit https://rust-lang.github.io/rust-clippy/master/index.html#many_single_char_names

error: long literal lacking separators
   --> crates/openwepp-land-surface-energy/src/transaction_v3_tests.rs:937:29
    |
937 |     c.top_rain_kg_m2_tile = 9.400473273461845e-8;
    |                             ^^^^^^^^^^^^^^^^^^^^ help: consider: `9.400_473_273_461_845e-8`
    |
    = help: for further information visit https://rust-lang.github.io/rust-clippy/master/index.html#unreadable_literal

error: long literal lacking separators
   --> crates/openwepp-land-surface-energy/src/transaction_v3_tests.rs:946:71
    |
946 |     let f = transparent_test_forcing(&c, vec![(c.top_rain_kg_m2_tile, 265.28179297231515)]);
    |                                                                       ^^^^^^^^^^^^^^^^^^ help: consider: `265.281_792_972_315_15`
    |
    = help: for further information visit https://rust-lang.github.io/rust-clippy/master/index.html#unreadable_literal

error: long literal lacking separators
   --> crates/openwepp-land-surface-energy/src/transaction_v3_tests.rs:967:54
    |
967 |         assert_eq!(ledger.wet_surface_temperature_k, 265.28179297231515);
    |                                                      ^^^^^^^^^^^^^^^^^^ help: consider: `265.281_792_972_315_15`
    |
    = help: for further information visit https://rust-lang.github.io/rust-clippy/master/index.html#unreadable_literal

error: long literal lacking separators
   --> crates/openwepp-land-surface-energy/src/transaction_v3_tests.rs:977:71
    |
977 |             crate::covered_liquid::finalize_covered_liquid(prep, 0.0, 265.28179297231515, pass)
    |                                                                       ^^^^^^^^^^^^^^^^^^ help: consider: `265.281_792_972_315_15`
    |
    = help: for further information visit https://rust-lang.github.io/rust-clippy/master/index.html#unreadable_literal

error: long literal lacking separators
   --> crates/openwepp-land-surface-energy/src/transaction_v3_tests.rs:997:53
    |
997 |     let f = transparent_test_forcing(&c, vec![(2.0, 265.28179297231515)]);
    |                                                     ^^^^^^^^^^^^^^^^^^ help: consider: `265.281_792_972_315_15`
    |
    = help: for further information visit https://rust-lang.github.io/rust-clippy/master/index.html#unreadable_literal

error: long literal lacking separators
    --> crates/openwepp-land-surface-energy/src/m1_coupled_tests.rs:2287:32
     |
2287 |     for canopy_temperature in [266.85496453757526, 273.15, 280.0] {
     |                                ^^^^^^^^^^^^^^^^^^ help: consider: `266.854_964_537_575_26`
     |
     = help: for further information visit https://rust-lang.github.io/rust-clippy/master/index.html#unreadable_literal

error: long literal lacking separators
   --> crates/openwepp-land-surface-energy/src/transaction_v3_open.rs:254:75
    |
254 |                 0.3 * crate::physics::saturation_specific_humidity(285.0, 101325.0).unwrap();
    |                                                                           ^^^^^^^^ help: consider: `101_325.0`
    |
    = help: for further information visit https://rust-lang.github.io/rust-clippy/master/index.html#unreadable_literal

error: long literal lacking separators
   --> crates/openwepp-land-surface-energy/src/transaction_v3_open.rs:289:51
    |
289 |                         enthalpy_j_m2_ofe_ground: 120000.0 * (285.0 - 273.15),
    |                                                   ^^^^^^^^ help: consider: `120_000.0`
    |
    = help: for further information visit https://rust-lang.github.io/rust-clippy/master/index.html#unreadable_literal

error: long literal lacking separators
   --> crates/openwepp-land-surface-energy/src/transaction_v3_open.rs:343:30
    |
343 |         problem.interval_s = 59.999999999;
    |                              ^^^^^^^^^^^^ help: consider: `59.999_999_999`
    |
    = help: for further information visit https://rust-lang.github.io/rust-clippy/master/index.html#unreadable_literal

error: unused variable: `iteration`
    --> crates/openwepp-land-surface-energy/src/solver_covered_evaluation/m1_coupled.rs:2866:5
     |
2866 |     iteration: u32,
     |     ^^^^^^^^^ help: if this is intentional, prefix it with an underscore: `_iteration`
     |
     = note: `-D unused-variables` implied by `-D warnings`
     = help: to override `-D warnings` add `#[allow(unused_variables)]`

error: unused variable: `corrected_assembly`
    --> crates/openwepp-land-surface-energy/src/solver_covered_evaluation/m1_coupled.rs:2867:5
     |
2867 |     corrected_assembly: bool,
     |     ^^^^^^^^^^^^^^^^^^ help: if this is intentional, prefix it with an underscore: `_corrected_assembly`

error: unused variable: `error`
    --> crates/openwepp-land-surface-energy/src/solver_covered_evaluation/m1_coupled.rs:4584:21
     |
4584 |                 Err(error) => {
     |                     ^^^^^ help: if this is intentional, prefix it with an underscore: `_error`

error: unused variable: `error`
    --> crates/openwepp-land-surface-energy/src/solver_covered_evaluation/m1_coupled.rs:4616:21
     |
4616 |                 Err(error) => {
     |                     ^^^^^ help: if this is intentional, prefix it with an underscore: `_error`

error: field `linear_dimension` is never read
    --> crates/openwepp-land-surface-energy/src/solver_covered_evaluation/m1_coupled.rs:2685:5
     |
2665 | pub struct M1PhaseJoinControllerReport {
     |            --------------------------- field in this struct
...
2685 |     linear_dimension: usize,
     |     ^^^^^^^^^^^^^^^^
     |
     = note: `M1PhaseJoinControllerReport` has a derived impl for the trait `Clone`, but this is intentionally ignored during dead code analysis
     = note: `-D dead-code` implied by `-D warnings`
     = help: to override `-D warnings` add `#[expect(dead_code)]` or `#[allow(dead_code)]`

error: redundant closure
   --> crates/openwepp-land-surface-energy/src/covered_liquid.rs:217:65
    |
217 |     let temperature = proof.map_or(numerical_wet_temperature_k, |p| p.release_temperature_k());
    |                                                                 ^^^^^^^^^^^^^^^^^^^^^^^^^^^^^ help: replace the closure with the method itself: `super::transparent_canopy::TransparentCanopyPassageProofV1::release_temperature_k`
    |
    = help: for further information visit https://rust-lang.github.io/rust-clippy/master/index.html#redundant_closure_for_method_calls
    = note: `-D clippy::redundant-closure-for-method-calls` implied by `-D warnings`
    = help: to override `-D warnings` add `#[allow(clippy::redundant_closure_for_method_calls)]`

error: docs for function returning `Result` missing `# Errors` section
  --> crates/openwepp-land-surface-energy/src/m1_liquid_routing.rs:31:5
   |
31 | /     pub fn new(
32 | |         upper: M1RoutingOccupancyInput,
33 | |         lower: M1RoutingOccupancyInput,
34 | |         tile_fraction: f64,
35 | |     ) -> Result<Self, LandSurfaceEnergyError> {
   | |_____________________________________________^
   |
   = help: for further information visit https://rust-lang.github.io/rust-clippy/master/index.html#missing_errors_doc
   = note: `-D clippy::missing-errors-doc` implied by `-D warnings`
   = help: to override `-D warnings` add `#[allow(clippy::missing_errors_doc)]`

error: docs for function returning `Result` missing `# Errors` section
   --> crates/openwepp-land-surface-energy/src/m1_liquid_routing.rs:132:1
    |
132 | / pub fn m1_liquid_interception_fraction(
133 | |     plant_area_m2_m2_tile: f64,
134 | |     interception_fraction: f64,
135 | | ) -> Result<f64, LandSurfaceEnergyError> {
    | |________________________________________^
    |
    = help: for further information visit https://rust-lang.github.io/rust-clippy/master/index.html#missing_errors_doc

error: docs for function returning `Result` missing `# Errors` section
   --> crates/openwepp-land-surface-energy/src/m1_liquid_routing.rs:318:1
    |
318 | / pub fn route_m1_column_liquid(
319 | |     input: &M1ColumnLiquidRoutingInput,
320 | | ) -> Result<M1ColumnLiquidRouting, LandSurfaceEnergyError> {
    | |__________________________________________________________^
    |
    = help: for further information visit https://rust-lang.github.io/rust-clippy/master/index.html#missing_errors_doc

error: this function has too many lines (114/100)
   --> crates/openwepp-land-surface-energy/src/m1_liquid_routing.rs:318:1
    |
318 | / pub fn route_m1_column_liquid(
319 | |     input: &M1ColumnLiquidRoutingInput,
320 | | ) -> Result<M1ColumnLiquidRouting, LandSurfaceEnergyError> {
    | |__________________________________________________________^
    |
    = help: for further information visit https://rust-lang.github.io/rust-clippy/master/index.html#too_many_lines
    = note: `-D clippy::too-many-lines` implied by `-D warnings`
    = help: to override `-D warnings` add `#[allow(clippy::too_many_lines)]`

error: the `Err`-variant returned from this function is very large
   --> crates/openwepp-land-surface-energy/src/solver_covered_evaluation/m1_hydraulics.rs:21:6
    |
 21 | ) -> Result<M1FullSupplyHydraulics, M1CoupledError> {
    |      ^^^^^^^^^^^^^^^^^^^^^^^^^^^^^^^^^^^^^^^^^^^^^^
    |
   ::: crates/openwepp-land-surface-energy/src/solver_covered_evaluation.rs:676:5
    |
676 |     Numerical(crate::numerics::NumericalFailure),
    |     -------------------------------------------- the largest variant contains at least 248 bytes
    |
    = help: try reducing the size of `solver::M1CoupledError`, for example by boxing large elements or replacing it with `Box<solver::M1CoupledError>`
    = help: for further information visit https://rust-lang.github.io/rust-clippy/master/index.html#result_large_err
    = note: `-D clippy::result-large-err` implied by `-D warnings`
    = help: to override `-D warnings` add `#[allow(clippy::result_large_err)]`

error: usage of wildcard import
 --> crates/openwepp-land-surface-energy/src/solver_covered_evaluation/m1_coupled.rs:3:5
  |
3 | use super::*;
  |     ^^^^^^^^ help: try: `super::{Digest, CoveredColumnInputs, M1CoupledError, LandSurfaceEnergyError, CoveredColumnAuthority, validate_covered_shortwave_inputs, M1ZeroParLeafState, m1_zero_par_leaf_state, inactive_component_temperature_anchor_k, StepNorms, solve_m1_full_supply_hydraulics, NormalizedResidual, ResidualUnit}`
  |
  = help: for further information visit https://rust-lang.github.io/rust-clippy/master/index.html#wildcard_imports
  = note: `-D clippy::wildcard-imports` implied by `-D warnings`
  = help: to override `-D warnings` add `#[allow(clippy::wildcard_imports)]`

error: the `Err`-variant returned from this function is very large
   --> crates/openwepp-land-surface-energy/src/solver_covered_evaluation/m1_coupled.rs:572:10
    |
572 |     ) -> Result<Self, M1CoupledError> {
    |          ^^^^^^^^^^^^^^^^^^^^^^^^^^^^
    |
   ::: crates/openwepp-land-surface-energy/src/solver_covered_evaluation.rs:676:5
    |
676 |     Numerical(crate::numerics::NumericalFailure),
    |     -------------------------------------------- the largest variant contains at least 248 bytes
    |
    = help: try reducing the size of `solver::M1CoupledError`, for example by boxing large elements or replacing it with `Box<solver::M1CoupledError>`
    = help: for further information visit https://rust-lang.github.io/rust-clippy/master/index.html#result_large_err

error: this function has a `#[must_use]` attribute with no message, but returns a type already marked as `#[must_use]`
   --> crates/openwepp-land-surface-energy/src/solver_covered_evaluation/m1_coupled.rs:661:5
    |
661 |     pub fn jacobian(&self) -> Result<&[Vec<f64>], M1CoupledError> {
    |     ^^^^^^^^^^^^^^^^^^^^^^^^^^^^^^^^^^^^^^^^^^^^^^^^^^^^^^^^^^^^^
    |
    = help: either add some descriptive message or remove the attribute
    = help: for further information visit https://rust-lang.github.io/rust-clippy/master/index.html#double_must_use
    = note: `-D clippy::double-must-use` implied by `-D warnings`
    = help: to override `-D warnings` add `#[allow(clippy::double_must_use)]`

error: the `Err`-variant returned from this function is very large
   --> crates/openwepp-land-surface-energy/src/solver_covered_evaluation/m1_coupled.rs:661:31
    |
661 |     pub fn jacobian(&self) -> Result<&[Vec<f64>], M1CoupledError> {
    |                               ^^^^^^^^^^^^^^^^^^^^^^^^^^^^^^^^^^^
    |
   ::: crates/openwepp-land-surface-energy/src/solver_covered_evaluation.rs:676:5
    |
676 |     Numerical(crate::numerics::NumericalFailure),
    |     -------------------------------------------- the largest variant contains at least 248 bytes
    |
    = help: try reducing the size of `solver::M1CoupledError`, for example by boxing large elements or replacing it with `Box<solver::M1CoupledError>`
    = help: for further information visit https://rust-lang.github.io/rust-clippy/master/index.html#result_large_err

error: this function has a `#[must_use]` attribute with no message, but returns a type already marked as `#[must_use]`
   --> crates/openwepp-land-surface-energy/src/solver_covered_evaluation/m1_coupled.rs:667:5
    |
667 |     pub fn jacobian_column(&self, index: usize) -> Result<Vec<f64>, M1CoupledError> {
    |     ^^^^^^^^^^^^^^^^^^^^^^^^^^^^^^^^^^^^^^^^^^^^^^^^^^^^^^^^^^^^^^^^^^^^^^^^^^^^^^^
    |
    = help: either add some descriptive message or remove the attribute
    = help: for further information visit https://rust-lang.github.io/rust-clippy/master/index.html#double_must_use

error: the `Err`-variant returned from this function is very large
   --> crates/openwepp-land-surface-energy/src/solver_covered_evaluation/m1_coupled.rs:667:52
    |
667 |     pub fn jacobian_column(&self, index: usize) -> Result<Vec<f64>, M1CoupledError> {
    |                                                    ^^^^^^^^^^^^^^^^^^^^^^^^^^^^^^^^
    |
   ::: crates/openwepp-land-surface-energy/src/solver_covered_evaluation.rs:676:5
    |
676 |     Numerical(crate::numerics::NumericalFailure),
    |     -------------------------------------------- the largest variant contains at least 248 bytes
    |
    = help: try reducing the size of `solver::M1CoupledError`, for example by boxing large elements or replacing it with `Box<solver::M1CoupledError>`
    = help: for further information visit https://rust-lang.github.io/rust-clippy/master/index.html#result_large_err

error: the `Err`-variant returned from this function is very large
   --> crates/openwepp-land-surface-energy/src/solver_covered_evaluation/m1_coupled.rs:691:42
    |
691 |     pub fn occupancy(&self, id: &str) -> Result<&M1OccupancyEvaluation, M1CoupledError> {
    |                                          ^^^^^^^^^^^^^^^^^^^^^^^^^^^^^^^^^^^^^^^^^^^^^^
    |
   ::: crates/openwepp-land-surface-energy/src/solver_covered_evaluation.rs:676:5
    |
676 |     Numerical(crate::numerics::NumericalFailure),
    |     -------------------------------------------- the largest variant contains at least 248 bytes
    |
    = help: try reducing the size of `solver::M1CoupledError`, for example by boxing large elements or replacing it with `Box<solver::M1CoupledError>`
    = help: for further information visit https://rust-lang.github.io/rust-clippy/master/index.html#result_large_err

error: the `Err`-variant returned from this function is very large
   --> crates/openwepp-land-surface-energy/src/solver_covered_evaluation/m1_coupled.rs:714:6
    |
714 | ) -> Result<(), M1CoupledError> {
    |      ^^^^^^^^^^^^^^^^^^^^^^^^^^
    |
   ::: crates/openwepp-land-surface-energy/src/solver_covered_evaluation.rs:676:5
    |
676 |     Numerical(crate::numerics::NumericalFailure),
    |     -------------------------------------------- the largest variant contains at least 248 bytes
    |
    = help: try reducing the size of `solver::M1CoupledError`, for example by boxing large elements or replacing it with `Box<solver::M1CoupledError>`
    = help: for further information visit https://rust-lang.github.io/rust-clippy/master/index.html#result_large_err

error: the use of negated comparison operators on partially ordered types produces code that is hard to read and refactor, please consider using the `partial_cmp` method instead, to make it clear that the two values could be incomparable
   --> crates/openwepp-land-surface-energy/src/solver_covered_evaluation/m1_coupled.rs:793:12
    |
793 |         if !(trial.coordinates[base + 3] > 0.0)
    |            ^^^^^^^^^^^^^^^^^^^^^^^^^^^^^^^^^^^^
    |
    = help: for further information visit https://rust-lang.github.io/rust-clippy/master/index.html#neg_cmp_op_on_partial_ord
    = note: `-D clippy::neg-cmp-op-on-partial-ord` implied by `-D warnings`
    = help: to override `-D warnings` add `#[allow(clippy::neg_cmp_op_on_partial_ord)]`

error: the `Err`-variant returned from this function is very large
   --> crates/openwepp-land-surface-energy/src/solver_covered_evaluation/m1_coupled.rs:872:6
    |
872 | ) -> Result<(), M1CoupledError> {
    |      ^^^^^^^^^^^^^^^^^^^^^^^^^^
    |
   ::: crates/openwepp-land-surface-energy/src/solver_covered_evaluation.rs:676:5
    |
676 |     Numerical(crate::numerics::NumericalFailure),
    |     -------------------------------------------- the largest variant contains at least 248 bytes
    |
    = help: try reducing the size of `solver::M1CoupledError`, for example by boxing large elements or replacing it with `Box<solver::M1CoupledError>`
    = help: for further information visit https://rust-lang.github.io/rust-clippy/master/index.html#result_large_err

error: unnecessary closure used to substitute value for `Option::None`
   --> crates/openwepp-land-surface-energy/src/solver_covered_evaluation/m1_coupled.rs:908:20
    |
908 |       let boundary = input
    |  ____________________^
909 | |         .column
910 | |         .stage3_lower_boundary
911 | |         .as_ref()
912 | |         .ok_or_else(|| LandSurfaceEnergyError::UnsupportedDomain("m1_diagnostic_envelope"))?;
    | |___________________________________________________________________________________________^
    |
    = help: for further information visit https://rust-lang.github.io/rust-clippy/master/index.html#unnecessary_lazy_evaluations
    = note: `-D clippy::unnecessary-lazy-evaluations` implied by `-D warnings`
    = help: to override `-D warnings` add `#[allow(clippy::unnecessary_lazy_evaluations)]`
help: use `ok_or` instead
    |
912 -         .ok_or_else(|| LandSurfaceEnergyError::UnsupportedDomain("m1_diagnostic_envelope"))?;
912 +         .ok_or(LandSurfaceEnergyError::UnsupportedDomain("m1_diagnostic_envelope"))?;
    |

error: unnecessary closure used to substitute value for `Option::None`
   --> crates/openwepp-land-surface-energy/src/solver_covered_evaluation/m1_coupled.rs:914:19
    |
914 |       let optical = input
    |  ___________________^
915 | |         .column
916 | |         .stage3_optical
917 | |         .as_ref()
918 | |         .ok_or_else(|| LandSurfaceEnergyError::UnsupportedDomain("m1_diagnostic_envelope"))?;
    | |___________________________________________________________________________________________^
    |
    = help: for further information visit https://rust-lang.github.io/rust-clippy/master/index.html#unnecessary_lazy_evaluations
help: use `ok_or` instead
    |
918 -         .ok_or_else(|| LandSurfaceEnergyError::UnsupportedDomain("m1_diagnostic_envelope"))?;
918 +         .ok_or(LandSurfaceEnergyError::UnsupportedDomain("m1_diagnostic_envelope"))?;
    |

error: casting `f64` to `u128` may truncate the value
   --> crates/openwepp-land-surface-energy/src/solver_covered_evaluation/m1_coupled.rs:958:27
    |
958 |             requested_ns: (input.column.interval_s * 1_000_000_000.0) as u128,
    |                           ^^^^^^^^^^^^^^^^^^^^^^^^^^^^^^^^^^^^^^^^^^^^^^^^^^^
    |
    = help: if this is intentional allow the lint with `#[allow(clippy::cast_possible_truncation)]` ...
    = help: for further information visit https://rust-lang.github.io/rust-clippy/master/index.html#cast_possible_truncation
    = note: `-D clippy::cast-possible-truncation` implied by `-D warnings`
    = help: to override `-D warnings` add `#[allow(clippy::cast_possible_truncation)]`

error: casting `f64` to `u128` may lose the sign of the value
   --> crates/openwepp-land-surface-energy/src/solver_covered_evaluation/m1_coupled.rs:958:27
    |
958 |             requested_ns: (input.column.interval_s * 1_000_000_000.0) as u128,
    |                           ^^^^^^^^^^^^^^^^^^^^^^^^^^^^^^^^^^^^^^^^^^^^^^^^^^^
    |
    = help: for further information visit https://rust-lang.github.io/rust-clippy/master/index.html#cast_sign_loss
    = note: `-D clippy::cast-sign-loss` implied by `-D warnings`
    = help: to override `-D warnings` add `#[allow(clippy::cast_sign_loss)]`

error: the `Err`-variant returned from this function is very large
    --> crates/openwepp-land-surface-energy/src/solver_covered_evaluation/m1_coupled.rs:1074:6
     |
1074 | ) -> Result<(Option<f64>, f64, f64), M1CoupledError> {
     |      ^^^^^^^^^^^^^^^^^^^^^^^^^^^^^^^^^^^^^^^^^^^^^^^
     |
    ::: crates/openwepp-land-surface-energy/src/solver_covered_evaluation.rs:676:5
     |
 676 |     Numerical(crate::numerics::NumericalFailure),
     |     -------------------------------------------- the largest variant contains at least 248 bytes
     |
     = help: try reducing the size of `solver::M1CoupledError`, for example by boxing large elements or replacing it with `Box<solver::M1CoupledError>`
     = help: for further information visit https://rust-lang.github.io/rust-clippy/master/index.html#result_large_err

error: the `Err`-variant returned from this function is very large
    --> crates/openwepp-land-surface-energy/src/solver_covered_evaluation/m1_coupled.rs:1097:6
     |
1097 | ) -> Result<Core, M1CoupledError> {
     |      ^^^^^^^^^^^^^^^^^^^^^^^^^^^^
     |
    ::: crates/openwepp-land-surface-energy/src/solver_covered_evaluation.rs:676:5
     |
 676 |     Numerical(crate::numerics::NumericalFailure),
     |     -------------------------------------------- the largest variant contains at least 248 bytes
     |
     = help: try reducing the size of `solver::M1CoupledError`, for example by boxing large elements or replacing it with `Box<solver::M1CoupledError>`
     = help: for further information visit https://rust-lang.github.io/rust-clippy/master/index.html#result_large_err

error: unnecessary closure used to substitute value for `Option::None`
    --> crates/openwepp-land-surface-energy/src/solver_covered_evaluation/m1_coupled.rs:1106:20
     |
1106 |       let boundary = column
     |  ____________________^
1107 | |         .stage3_lower_boundary
1108 | |         .as_ref()
1109 | |         .ok_or_else(|| LandSurfaceEnergyError::UnsupportedDomain("m1_diagnostic_envelope"))?;
     | |___________________________________________________________________________________________^
     |
     = help: for further information visit https://rust-lang.github.io/rust-clippy/master/index.html#unnecessary_lazy_evaluations
help: use `ok_or` instead
     |
1109 -         .ok_or_else(|| LandSurfaceEnergyError::UnsupportedDomain("m1_diagnostic_envelope"))?;
1109 +         .ok_or(LandSurfaceEnergyError::UnsupportedDomain("m1_diagnostic_envelope"))?;
     |

error: the `Err`-variant returned from this function is very large
    --> crates/openwepp-land-surface-energy/src/solver_covered_evaluation/m1_coupled.rs:1898:6
     |
1898 | ) -> Result<(), M1CoupledError> {
     |      ^^^^^^^^^^^^^^^^^^^^^^^^^^
     |
    ::: crates/openwepp-land-surface-energy/src/solver_covered_evaluation.rs:676:5
     |
 676 |     Numerical(crate::numerics::NumericalFailure),
     |     -------------------------------------------- the largest variant contains at least 248 bytes
     |
     = help: try reducing the size of `solver::M1CoupledError`, for example by boxing large elements or replacing it with `Box<solver::M1CoupledError>`
     = help: for further information visit https://rust-lang.github.io/rust-clippy/master/index.html#result_large_err

error: the `Err`-variant returned from this function is very large
    --> crates/openwepp-land-surface-energy/src/solver_covered_evaluation/m1_coupled.rs:1958:6
     |
1958 | ) -> Result<(Core, Vec<Vec<f64>>, Vec<Vec<f64>>), M1CoupledError> {
     |      ^^^^^^^^^^^^^^^^^^^^^^^^^^^^^^^^^^^^^^^^^^^^^^^^^^^^^^^^^^^^
     |
    ::: crates/openwepp-land-surface-energy/src/solver_covered_evaluation.rs:676:5
     |
 676 |     Numerical(crate::numerics::NumericalFailure),
     |     -------------------------------------------- the largest variant contains at least 248 bytes
     |
     = help: try reducing the size of `solver::M1CoupledError`, for example by boxing large elements or replacing it with `Box<solver::M1CoupledError>`
     = help: for further information visit https://rust-lang.github.io/rust-clippy/master/index.html#result_large_err

error: very complex type used. Consider factoring parts into `type` definitions
    --> crates/openwepp-land-surface-energy/src/solver_covered_evaluation/m1_coupled.rs:1958:6
     |
1958 | ) -> Result<(Core, Vec<Vec<f64>>, Vec<Vec<f64>>), M1CoupledError> {
     |      ^^^^^^^^^^^^^^^^^^^^^^^^^^^^^^^^^^^^^^^^^^^^^^^^^^^^^^^^^^^^
     |
     = help: for further information visit https://rust-lang.github.io/rust-clippy/master/index.html#type_complexity
     = note: `-D clippy::type-complexity` implied by `-D warnings`
     = help: to override `-D warnings` add `#[allow(clippy::type_complexity)]`

error: these match arms have identical bodies
    --> crates/openwepp-land-surface-energy/src/solver_covered_evaluation/m1_coupled.rs:1981:13
     |
1981 |             3 | 9 => 1.0e-8,
     |             ^^^^^^^^^^^^^^^
...
1984 |             13 => 1.0e-8,
     |             ^^^^^^^^^^^^
     |
     = help: if this is unintentional make the arms return different values
     = help: for further information visit https://rust-lang.github.io/rust-clippy/master/index.html#match_same_arms
     = note: `-D clippy::match-same-arms` implied by `-D warnings`
     = help: to override `-D warnings` add `#[allow(clippy::match_same_arms)]`
help: otherwise merge the patterns into a single arm
     |
1981 ~             4 | 10 => 1.0e-3,
1982 |             5 | 11 => 1.0e-10,
1983 ~             3 | 9 | 13 => 1.0e-8,
     |

error: the `Err`-variant returned from this closure is very large
    --> crates/openwepp-land-surface-energy/src/solver_covered_evaluation/m1_coupled.rs:2041:23
     |
2041 |                 .then(|| core(input, &high_trial))
     |                       ^^^^^^^^^^^^^^^^^^^^^^^^^^^
     |
    ::: crates/openwepp-land-surface-energy/src/solver_covered_evaluation.rs:676:5
     |
 676 |     Numerical(crate::numerics::NumericalFailure),
     |     -------------------------------------------- the largest variant contains at least 248 bytes
     |
     = help: try reducing the size of `solver::M1CoupledError`, for example by boxing large elements or replacing it with `Box<solver::M1CoupledError>`
     = help: for further information visit https://rust-lang.github.io/rust-clippy/master/index.html#result_large_err

error: the `Err`-variant returned from this closure is very large
    --> crates/openwepp-land-surface-energy/src/solver_covered_evaluation/m1_coupled.rs:2050:23
     |
2050 |                 .then(|| core(input, &low_trial))
     |                       ^^^^^^^^^^^^^^^^^^^^^^^^^^
     |
    ::: crates/openwepp-land-surface-energy/src/solver_covered_evaluation.rs:676:5
     |
 676 |     Numerical(crate::numerics::NumericalFailure),
     |     -------------------------------------------- the largest variant contains at least 248 bytes
     |
     = help: try reducing the size of `solver::M1CoupledError`, for example by boxing large elements or replacing it with `Box<solver::M1CoupledError>`
     = help: for further information visit https://rust-lang.github.io/rust-clippy/master/index.html#result_large_err

error: the `Err`-variant returned from this function is very large
    --> crates/openwepp-land-surface-energy/src/solver_covered_evaluation/m1_coupled.rs:2165:6
     |
2165 | ) -> Result<M1CoupledEvaluation, M1CoupledError> {
     |      ^^^^^^^^^^^^^^^^^^^^^^^^^^^^^^^^^^^^^^^^^^^
     |
    ::: crates/openwepp-land-surface-energy/src/solver_covered_evaluation.rs:676:5
     |
 676 |     Numerical(crate::numerics::NumericalFailure),
     |     -------------------------------------------- the largest variant contains at least 248 bytes
     |
     = help: try reducing the size of `solver::M1CoupledError`, for example by boxing large elements or replacing it with `Box<solver::M1CoupledError>`
     = help: for further information visit https://rust-lang.github.io/rust-clippy/master/index.html#result_large_err

error: the `Err`-variant returned from this function is very large
    --> crates/openwepp-land-surface-energy/src/solver_covered_evaluation/m1_coupled.rs:2312:6
     |
2312 | ) -> Result<M1CoupledEvaluation, M1CoupledError> {
     |      ^^^^^^^^^^^^^^^^^^^^^^^^^^^^^^^^^^^^^^^^^^^
     |
    ::: crates/openwepp-land-surface-energy/src/solver_covered_evaluation.rs:676:5
     |
 676 |     Numerical(crate::numerics::NumericalFailure),
     |     -------------------------------------------- the largest variant contains at least 248 bytes
     |
     = help: try reducing the size of `solver::M1CoupledError`, for example by boxing large elements or replacing it with `Box<solver::M1CoupledError>`
     = help: for further information visit https://rust-lang.github.io/rust-clippy/master/index.html#result_large_err

error: the `Err`-variant returned from this function is very large
    --> crates/openwepp-land-surface-energy/src/solver_covered_evaluation/m1_coupled.rs:2659:6
     |
2659 | ) -> Result<Vec<f64>, M1CoupledError> {
     |      ^^^^^^^^^^^^^^^^^^^^^^^^^^^^^^^^
     |
    ::: crates/openwepp-land-surface-energy/src/solver_covered_evaluation.rs:676:5
     |
 676 |     Numerical(crate::numerics::NumericalFailure),
     |     -------------------------------------------- the largest variant contains at least 248 bytes
     |
     = help: try reducing the size of `solver::M1CoupledError`, for example by boxing large elements or replacing it with `Box<solver::M1CoupledError>`
     = help: for further information visit https://rust-lang.github.io/rust-clippy/master/index.html#result_large_err

error: very complex type used. Consider factoring parts into `type` definitions
    --> crates/openwepp-land-surface-energy/src/solver_covered_evaluation/m1_coupled.rs:2869:6
     |
2869 | ) -> Result<(Vec<f64>, f64, f64, [bool; 2], usize), M1DrainageLinearFailure> {
     |      ^^^^^^^^^^^^^^^^^^^^^^^^^^^^^^^^^^^^^^^^^^^^^^^^^^^^^^^^^^^^^^^^^^^^^^^
     |
     = help: for further information visit https://rust-lang.github.io/rust-clippy/master/index.html#type_complexity

error: the `Err`-variant returned from this function is very large
    --> crates/openwepp-land-surface-energy/src/solver_covered_evaluation/m1_coupled.rs:3094:6
     |
3094 | ) -> Result<([f64; 21], f64, f64, [bool; 2], usize), M1CoupledError> {
     |      ^^^^^^^^^^^^^^^^^^^^^^^^^^^^^^^^^^^^^^^^^^^^^^^^^^^^^^^^^^^^^^^
     |
    ::: crates/openwepp-land-surface-energy/src/solver_covered_evaluation.rs:676:5
     |
 676 |     Numerical(crate::numerics::NumericalFailure),
     |     -------------------------------------------- the largest variant contains at least 248 bytes
     |
     = help: try reducing the size of `solver::M1CoupledError`, for example by boxing large elements or replacing it with `Box<solver::M1CoupledError>`
     = help: for further information visit https://rust-lang.github.io/rust-clippy/master/index.html#result_large_err

error: very complex type used. Consider factoring parts into `type` definitions
    --> crates/openwepp-land-surface-energy/src/solver_covered_evaluation/m1_coupled.rs:3094:6
     |
3094 | ) -> Result<([f64; 21], f64, f64, [bool; 2], usize), M1CoupledError> {
     |      ^^^^^^^^^^^^^^^^^^^^^^^^^^^^^^^^^^^^^^^^^^^^^^^^^^^^^^^^^^^^^^^
     |
     = help: for further information visit https://rust-lang.github.io/rust-clippy/master/index.html#type_complexity

error: this function has too many arguments (11/7)
    --> crates/openwepp-land-surface-energy/src/solver_covered_evaluation/m1_coupled.rs:3082:1
     |
3082 | / fn solve_selected_drainage_system(
3083 | |     matrix: &[Vec<f64>],
3084 | |     rhs: &[f64],
3085 | |     raw: &[Vec<f64>],
...    |
3093 | |     activity: &mut M1PhaseJoinActivity,
3094 | | ) -> Result<([f64; 21], f64, f64, [bool; 2], usize), M1CoupledError> {
     | |____________________________________________________________________^
     |
     = help: for further information visit https://rust-lang.github.io/rust-clippy/master/index.html#too_many_arguments
     = note: `-D clippy::too-many-arguments` implied by `-D warnings`
     = help: to override `-D warnings` add `#[allow(clippy::too_many_arguments)]`

error: the `Err`-variant returned from this function is very large
    --> crates/openwepp-land-surface-energy/src/solver_covered_evaluation/m1_coupled.rs:3237:6
     |
3237 | ) -> Result<M1PhaseJoinControllerReport, M1PhaseJoinControllerError> {
     |      ^^^^^^^^^^^^^^^^^^^^^^^^^^^^^^^^^^^^^^^^^^^^^^^^^^^^^^^^^^^^^^^ the `Err`-variant is at least 288 bytes
     |
     = help: try reducing the size of `solver::m1_coupled::M1PhaseJoinControllerError`, for example by boxing large elements or replacing it with `Box<solver::m1_coupled::M1PhaseJoinControllerError>`
     = help: for further information visit https://rust-lang.github.io/rust-clippy/master/index.html#result_large_err

error: this function has too many arguments (9/7)
    --> crates/openwepp-land-surface-energy/src/solver_covered_evaluation/m1_coupled.rs:4212:1
     |
4212 | / fn m1_failure(
4213 | |     kind: crate::numerics::NumericalFailureKind,
4214 | |     iterations: u32,
4215 | |     input: &M1CoupledColumnInput,
...    |
4221 | |     matrix_norm: Option<f64>,
4222 | | ) -> M1CoupledError {
     | |___________________^
     |
     = help: for further information visit https://rust-lang.github.io/rust-clippy/master/index.html#too_many_arguments

error: the `Err`-variant returned from this function is very large
    --> crates/openwepp-land-surface-energy/src/solver_covered_evaluation/m1_coupled.rs:4281:6
     |
4281 | ) -> Result<Vec<f64>, M1CoupledError> {
     |      ^^^^^^^^^^^^^^^^^^^^^^^^^^^^^^^^
     |
    ::: crates/openwepp-land-surface-energy/src/solver_covered_evaluation.rs:676:5
     |
 676 |     Numerical(crate::numerics::NumericalFailure),
     |     -------------------------------------------- the largest variant contains at least 248 bytes
     |
     = help: try reducing the size of `solver::M1CoupledError`, for example by boxing large elements or replacing it with `Box<solver::M1CoupledError>`
     = help: for further information visit https://rust-lang.github.io/rust-clippy/master/index.html#result_large_err

error: the `Err`-variant returned from this function is very large
    --> crates/openwepp-land-surface-energy/src/solver_covered_evaluation/m1_coupled.rs:4310:6
     |
4310 | ) -> Result<M1CoupledEvaluation, M1CoupledError> {
     |      ^^^^^^^^^^^^^^^^^^^^^^^^^^^^^^^^^^^^^^^^^^^
     |
    ::: crates/openwepp-land-surface-energy/src/solver_covered_evaluation.rs:676:5
     |
 676 |     Numerical(crate::numerics::NumericalFailure),
     |     -------------------------------------------- the largest variant contains at least 248 bytes
     |
     = help: try reducing the size of `solver::M1CoupledError`, for example by boxing large elements or replacing it with `Box<solver::M1CoupledError>`
     = help: for further information visit https://rust-lang.github.io/rust-clippy/master/index.html#result_large_err

error: the `Err`-variant returned from this function is very large
    --> crates/openwepp-land-surface-energy/src/solver_covered_evaluation/m1_coupled.rs:4343:6
     |
4343 | ) -> Result<M1CoupledEvaluation, M1CoupledError> {
     |      ^^^^^^^^^^^^^^^^^^^^^^^^^^^^^^^^^^^^^^^^^^^
     |
    ::: crates/openwepp-land-surface-energy/src/solver_covered_evaluation.rs:676:5
     |
 676 |     Numerical(crate::numerics::NumericalFailure),
     |     -------------------------------------------- the largest variant contains at least 248 bytes
     |
     = help: try reducing the size of `solver::M1CoupledError`, for example by boxing large elements or replacing it with `Box<solver::M1CoupledError>`
     = help: for further information visit https://rust-lang.github.io/rust-clippy/master/index.html#result_large_err

error: unnecessary closure used to substitute value for `Option::None`
    --> crates/openwepp-land-surface-energy/src/solver_covered_evaluation/m1_coupled.rs:4376:20
     |
4376 |       let boundary = input
     |  ____________________^
4377 | |         .column
4378 | |         .stage3_lower_boundary
4379 | |         .as_ref()
4380 | |         .ok_or_else(|| LandSurfaceEnergyError::UnsupportedDomain("m1_diagnostic_envelope"))?;
     | |___________________________________________________________________________________________^
     |
     = help: for further information visit https://rust-lang.github.io/rust-clippy/master/index.html#unnecessary_lazy_evaluations
help: use `ok_or` instead
     |
4380 -         .ok_or_else(|| LandSurfaceEnergyError::UnsupportedDomain("m1_diagnostic_envelope"))?;
4380 +         .ok_or(LandSurfaceEnergyError::UnsupportedDomain("m1_diagnostic_envelope"))?;
     |

error: casting `u32` to `i32` may wrap around the value
    --> crates/openwepp-land-surface-energy/src/solver_covered_evaluation/m1_coupled.rs:4497:39
     |
4497 |             let factor = 0.5_f64.powi(exponent as i32);
     |                                       ^^^^^^^^^^^^^^^
     |
     = help: for further information visit https://rust-lang.github.io/rust-clippy/master/index.html#cast_possible_wrap
     = note: `-D clippy::cast-possible-wrap` implied by `-D warnings`
     = help: to override `-D warnings` add `#[allow(clippy::cast_possible_wrap)]`

error: the `Err`-variant returned from this function is very large
   --> crates/openwepp-land-surface-energy/src/solver_covered_evaluation.rs:741:6
    |
676 |     Numerical(crate::numerics::NumericalFailure),
    |     -------------------------------------------- the largest variant contains at least 248 bytes
...
741 | ) -> Result<M1ZeroParLeafState, M1CoupledError> {
    |      ^^^^^^^^^^^^^^^^^^^^^^^^^^^^^^^^^^^^^^^^^^
    |
    = help: try reducing the size of `solver::M1CoupledError`, for example by boxing large elements or replacing it with `Box<solver::M1CoupledError>`
    = help: for further information visit https://rust-lang.github.io/rust-clippy/master/index.html#result_large_err

error: casting `u128` to `f64` may cause a loss of precision (`u128` is 128 bits wide, but `f64`'s mantissa is only 52 bits wide)
    --> crates/openwepp-land-surface-energy/src/solver_covered_evaluation.rs:2255:29
     |
2255 |                         || ((exchange.end_ns - exchange.start_ns) as f64 / 1e9).to_bits()
     |                             ^^^^^^^^^^^^^^^^^^^^^^^^^^^^^^^^^^^^^^^^^^^^
     |
     = help: for further information visit https://rust-lang.github.io/rust-clippy/master/index.html#cast_precision_loss
     = note: `-D clippy::cast-precision-loss` implied by `-D warnings`
     = help: to override `-D warnings` add `#[allow(clippy::cast_precision_loss)]`

error: this argument (360 byte) is passed by value, but might be more efficient if passed by reference (limit: 256 byte)
   --> crates/openwepp-land-surface-energy/src/solver_litter_open.rs:164:16
    |
164 |         vapor: V3OpenVapor,
    |                ^^^^^^^^^^^ help: consider passing by reference instead: `&V3OpenVapor`
    |
    = help: for further information visit https://rust-lang.github.io/rust-clippy/master/index.html#large_types_passed_by_value
    = note: `-D clippy::large-types-passed-by-value` implied by `-D warnings`
    = help: to override `-D warnings` add `#[allow(clippy::large_types_passed_by_value)]`

error: adding items after statements is confusing, since items exist from the start of the scope
   --> crates/openwepp-land-surface-energy/src/solver_litter_open.rs:217:5
    |
217 | /     struct Detail {
218 | |         natural: Option<V3PhaseFreeOpenEvaluation>,
219 | |         branches: PhaseBranches,
220 | |     }
    | |_____^
    |
    = help: for further information visit https://rust-lang.github.io/rust-clippy/master/index.html#items_after_statements
    = note: `-D clippy::items-after-statements` implied by `-D warnings`
    = help: to override `-D warnings` add `#[allow(clippy::items_after_statements)]`

error: strict comparison of `f32` or `f64`
    --> crates/openwepp-land-surface-energy/src/transaction.rs:2211:12
     |
2211 |         && ground_vapor != boundary.vapor_to_canopy_air_kg_m2_s
     |            ^^^^^^^^^^^^^^^^^^^^^^^^^^^^^^^^^^^^^^^^^^^^^^^^^^^^ help: consider comparing them within some margin of error: `(ground_vapor - boundary.vapor_to_canopy_air_kg_m2_s).abs() > error_margin`
     |
     = help: for further information visit https://rust-lang.github.io/rust-clippy/master/index.html#float_cmp
     = note: `-D clippy::float-cmp` implied by `-D warnings`
     = help: to override `-D warnings` add `#[allow(clippy::float_cmp)]`

error: strict comparison of `f32` or `f64`
    --> crates/openwepp-land-surface-energy/src/transaction.rs:2219:12
     |
2219 |         && ground_sensible != boundary.sensible_to_canopy_air_w_m2
     |            ^^^^^^^^^^^^^^^^^^^^^^^^^^^^^^^^^^^^^^^^^^^^^^^^^^^^^^^ help: consider comparing them within some margin of error: `(ground_sensible - boundary.sensible_to_canopy_air_w_m2).abs() > error_margin`
     |
     = help: for further information visit https://rust-lang.github.io/rust-clippy/master/index.html#float_cmp

error: this method could have a `#[must_use]` attribute
    --> crates/openwepp-land-surface-energy/src/transaction.rs:2999:12
     |
2999 |     pub fn accuracy_observation_beginning(&self) -> &OpenSurfaceProblem {
     |            ^^^^^^^^^^^^^^^^^^^^^^^^^^^^^^
     |
     = help: for further information visit https://rust-lang.github.io/rust-clippy/master/index.html#must_use_candidate
     = note: `-D clippy::must-use-candidate` implied by `-D warnings`
     = help: to override `-D warnings` add `#[allow(clippy::must_use_candidate)]`
help: add the attribute
     |
2999 ~     #[must_use] 
3000 ~     pub fn accuracy_observation_beginning(&self) -> &OpenSurfaceProblem {
     |

error: this method could have a `#[must_use]` attribute
    --> crates/openwepp-land-surface-energy/src/transaction.rs:3006:12
     |
3006 |     pub fn accuracy_observation_beginning(&self) -> &CoveredColumnInputs {
     |            ^^^^^^^^^^^^^^^^^^^^^^^^^^^^^^
     |
     = help: for further information visit https://rust-lang.github.io/rust-clippy/master/index.html#must_use_candidate
help: add the attribute
     |
3006 ~     #[must_use] 
3007 ~     pub fn accuracy_observation_beginning(&self) -> &CoveredColumnInputs {
     |

error: usage of wildcard import
 --> crates/openwepp-land-surface-energy/src/transaction_v3_open.rs:4:5
  |
4 | use crate::*;
  |     ^^^^^^^^ help: try: `crate::{RuntimeTileIdentity, OpenSurfaceProblem, V3LitterResidualContext, V3PhaseFreeOpenEvaluation, PotentialWaterRequestBatch, V3PhaseSpecificVaporAuthorization, WaterProtocol, SoilThermalTileCandidate, OwnerRollbackHash, NormalizedSolveOutcome, LandSurfaceEnergyError, SurfaceClass, SurfaceClassKind, WaterSourceType, LitterPhaseConfiguration, BeginningLitterPhaseState, solve_v3_phase_free_open_surface, WaterAmount, Sha256Digest, WaterAuthorization, SoilThermalFinalizationBeginning, validate_ground_heat_join}`
  |
  = help: for further information visit https://rust-lang.github.io/rust-clippy/master/index.html#wildcard_imports

error: this method could have a `#[must_use]` attribute
  --> crates/openwepp-land-surface-energy/src/transaction_v3_open.rs:15:12
   |
15 |     pub fn identity(&self) -> &RuntimeTileIdentity {
   |            ^^^^^^^^
   |
   = help: for further information visit https://rust-lang.github.io/rust-clippy/master/index.html#must_use_candidate
help: add the attribute
   |
15 ~     #[must_use] 
16 ~     pub fn identity(&self) -> &RuntimeTileIdentity {
   |

error: this method could have a `#[must_use]` attribute
  --> crates/openwepp-land-surface-energy/src/transaction_v3_open.rs:18:12
   |
18 |     pub fn accepted(&self) -> &V3PhaseFreeOpenEvaluation {
   |            ^^^^^^^^
   |
   = help: for further information visit https://rust-lang.github.io/rust-clippy/master/index.html#must_use_candidate
help: add the attribute
   |
18 ~     #[must_use] 
19 ~     pub fn accepted(&self) -> &V3PhaseFreeOpenEvaluation {
   |

error: this method could have a `#[must_use]` attribute
  --> crates/openwepp-land-surface-energy/src/transaction_v3_open.rs:21:12
   |
21 |     pub fn request_batch(&self) -> &PotentialWaterRequestBatch {
   |            ^^^^^^^^^^^^^
   |
   = help: for further information visit https://rust-lang.github.io/rust-clippy/master/index.html#must_use_candidate
help: add the attribute
   |
21 ~     #[must_use] 
22 ~     pub fn request_batch(&self) -> &PotentialWaterRequestBatch {
   |

error: this method could have a `#[must_use]` attribute
   --> crates/openwepp-land-surface-energy/src/transaction_v3_open.rs:359:12
    |
359 |     pub fn accuracy_observation_beginning(&self) -> &OpenSurfaceProblem {
    |            ^^^^^^^^^^^^^^^^^^^^^^^^^^^^^^
    |
    = help: for further information visit https://rust-lang.github.io/rust-clippy/master/index.html#must_use_candidate
help: add the attribute
    |
359 ~     #[must_use] 
360 ~     pub fn accuracy_observation_beginning(&self) -> &OpenSurfaceProblem {
    |

error: docs for function returning `Result` missing `# Errors` section
  --> crates/openwepp-land-surface-energy/src/transparent_canopy.rs:45:5
   |
45 | /     pub fn try_new(
46 | |         forcing: &LandSurfaceForcing,
47 | |         ofe_id: &OfeId,
48 | |         tile_id: &TileId,
49 | |         tile_fraction: f64,
50 | |     ) -> Result<Self, LandSurfaceEnergyError> {
   | |_____________________________________________^
   |
   = help: for further information visit https://rust-lang.github.io/rust-clippy/master/index.html#missing_errors_doc

error: docs for function returning `Result` missing `# Errors` section
   --> crates/openwepp-land-surface-energy/src/transparent_canopy.rs:109:5
    |
109 | /     pub fn validate_against_actual_forcing(
110 | |         &self,
111 | |         forcing: &LandSurfaceForcing,
112 | |         ofe: &OfeId,
113 | |         tile: &TileId,
114 | |         fraction: f64,
115 | |     ) -> Result<(), LandSurfaceEnergyError> {
    | |___________________________________________^
    |
    = help: for further information visit https://rust-lang.github.io/rust-clippy/master/index.html#missing_errors_doc

error: assigning the result of `Clone::clone()` may be inefficient
   --> crates/openwepp-land-surface-energy/src/transparent_canopy.rs:117:9
    |
117 |         expected.configuration_sha256 = self.configuration_sha256.clone();
    |         ^^^^^^^^^^^^^^^^^^^^^^^^^^^^^^^^^^^^^^^^^^^^^^^^^^^^^^^^^^^^^^^^^ help: use `clone_from()`: `expected.configuration_sha256.clone_from(&self.configuration_sha256)`
    |
    = help: for further information visit https://rust-lang.github.io/rust-clippy/master/index.html#assigning_clones
    = note: `-D clippy::assigning-clones` implied by `-D warnings`
    = help: to override `-D warnings` add `#[allow(clippy::assigning_clones)]`

error: this method could have a `#[must_use]` attribute
   --> crates/openwepp-land-surface-energy/src/transparent_canopy.rs:136:12
    |
136 |     pub fn is_wholly_transparent_canopy(&self) -> bool {
    |            ^^^^^^^^^^^^^^^^^^^^^^^^^^^^
    |
    = help: for further information visit https://rust-lang.github.io/rust-clippy/master/index.html#must_use_candidate
help: add the attribute
    |
136 ~     #[must_use] 
137 ~     pub fn is_wholly_transparent_canopy(&self) -> bool {
    |

error: docs for function returning `Result` missing `# Errors` section
   --> crates/openwepp-land-surface-energy/src/transparent_canopy.rs:151:5
    |
151 | /     pub fn bind_transparent_liquid(
152 | |         &mut self,
153 | |         forcing: &LandSurfaceForcing,
154 | |         identity: &RuntimeTileIdentity,
155 | |     ) -> Result<(), LandSurfaceEnergyError> {
    | |___________________________________________^
    |
    = help: for further information visit https://rust-lang.github.io/rust-clippy/master/index.html#missing_errors_doc

error: docs for function returning `Result` missing `# Errors` section
   --> crates/openwepp-land-surface-energy/src/transparent_canopy.rs:171:5
    |
171 | /     pub fn validate_transparent_liquid(
172 | |         &self,
173 | |         identity: Option<&RuntimeTileIdentity>,
174 | |     ) -> Result<(), LandSurfaceEnergyError> {
    | |___________________________________________^
    |
    = help: for further information visit https://rust-lang.github.io/rust-clippy/master/index.html#missing_errors_doc

error: unused `self` argument
   --> crates/openwepp-land-surface-energy/src/transparent_canopy.rs:212:47
    |
212 |     pub(crate) fn inactive_component_anchor_k(&self, component: usize, canopy: f64) -> f64 {
    |                                               ^^^^^
    |
    = help: consider refactoring to an associated function
    = help: for further information visit https://rust-lang.github.io/rust-clippy/master/index.html#unused_self
    = note: `-D clippy::unused-self` implied by `-D warnings`
    = help: to override `-D warnings` add `#[allow(clippy::unused_self)]`

error: this `if` statement can be collapsed
   --> crates/openwepp-land-surface-energy/src/transparent_canopy.rs:333:9
    |
333 | /         if l.transparent_passage.is_some() {
334 | |             if l.stemflow_kg_m2_tile.to_bits()
335 | |                 != product(occupancy.stemflow_fraction, l.incident_rain_kg_m2_tile)?.to_bits()
336 | |                 || l.throughfall_kg_m2_tile.to_bits()
...   |
347 | |         }
    | |_________^
    |
    = help: for further information visit https://rust-lang.github.io/rust-clippy/master/index.html#collapsible_if
    = note: `-D clippy::collapsible-if` implied by `-D warnings`
    = help: to override `-D warnings` add `#[allow(clippy::collapsible_if)]`
help: collapse nested if block
    |
333 ~         if l.transparent_passage.is_some()
334 ~             && (l.stemflow_kg_m2_tile.to_bits()
335 |                 != product(occupancy.stemflow_fraction, l.incident_rain_kg_m2_tile)?.to_bits()
...
340 |                     )?
341 ~                     .to_bits())
342 |             {
...
345 |                 ));
346 ~             }
    |

error: docs for function returning `Result` missing `# Errors` section
   --> crates/openwepp-land-surface-energy/src/transparent_canopy.rs:355:5
    |
355 | /     pub fn rebind_transparent_liquid_native_configuration(
356 | |         &mut self,
357 | |         forcing: &LandSurfaceForcing,
358 | |         predecessor: &RuntimeTileIdentity,
359 | |         native: &RuntimeTileIdentity,
360 | |     ) -> Result<(), LandSurfaceEnergyError> {
    | |___________________________________________^
    |
    = help: for further information visit https://rust-lang.github.io/rust-clippy/master/index.html#missing_errors_doc

error: could not compile `openwepp-land-surface-energy` (lib) due to 71 previous errors
warning: build failed, waiting for other jobs to finish...
error: strict comparison of `f32` or `f64`
   --> crates/openwepp-land-surface-energy/src/m1_liquid_routing.rs:522:9
    |
522 |         assert_eq!(routed.terminal_parcels()[3].enthalpy_j_kg(), 0.0);
    |         ^^^^^^^^^^^^^^^^^^^^^^^^^^^^^^^^^^^^^^^^^^^^^^^^^^^^^^^^^^^^^
    |
    = help: for further information visit https://rust-lang.github.io/rust-clippy/master/index.html#float_cmp
    = note: `-D clippy::float-cmp` implied by `-D warnings`
    = help: to override `-D warnings` add `#[allow(clippy::float_cmp)]`

error: this function has too many lines (110/100)
   --> crates/openwepp-land-surface-energy/src/m1_liquid_routing.rs:602:5
    |
602 |     fn routing_has_exhaustive_reference_capture_and_terminal_lineage() {
    |     ^^^^^^^^^^^^^^^^^^^^^^^^^^^^^^^^^^^^^^^^^^^^^^^^^^^^^^^^^^^^^^^^^^
    |
    = help: for further information visit https://rust-lang.github.io/rust-clippy/master/index.html#too_many_lines

error: redundant closure
   --> crates/openwepp-land-surface-energy/src/solver_covered_evaluation/m1_coupled.rs:119:36
    |
119 |     M1_DIAGNOSTIC_FORCE_FAULT.with(|value| value.get())
    |                                    ^^^^^^^^^^^^^^^^^^^ help: replace the closure with the method itself: `std::cell::Cell::get`
    |
    = help: for further information visit https://rust-lang.github.io/rust-clippy/master/index.html#redundant_closure_for_method_calls

error: redundant closure
   --> crates/openwepp-land-surface-energy/src/solver_covered_evaluation/m1_coupled.rs:127:39
    |
127 |     M1_DIAGNOSTIC_FORCE_OVERFLOW.with(|value| value.get())
    |                                       ^^^^^^^^^^^^^^^^^^^ help: replace the closure with the method itself: `std::cell::Cell::get`
    |
    = help: for further information visit https://rust-lang.github.io/rust-clippy/master/index.html#redundant_closure_for_method_calls

error: this function has too many arguments (10/7)
   --> crates/openwepp-land-surface-energy/src/solver_covered_evaluation/m1_coupled.rs:325:1
    |
325 | / fn m1_diagnostic_linear_solve(
326 | |     iteration: u32,
327 | |     corrected_assembly: bool,
328 | |     full_matrix: &[Vec<f64>],
...   |
335 | |     full_direction: &[f64],
336 | | ) {
    | |_^
    |
    = help: for further information visit https://rust-lang.github.io/rust-clippy/master/index.html#too_many_arguments
    = note: `-D clippy::too-many-arguments` implied by `-D warnings`
    = help: to override `-D warnings` add `#[allow(clippy::too_many_arguments)]`

error: this function could have a `#[must_use]` attribute
    --> crates/openwepp-land-surface-energy/src/solver_covered_evaluation/m1_coupled.rs:1781:8
     |
1781 | pub fn m1_phase_join_set_matches_direction(
     |        ^^^^^^^^^^^^^^^^^^^^^^^^^^^^^^^^^^^
     |
     = help: for further information visit https://rust-lang.github.io/rust-clippy/master/index.html#must_use_candidate
     = note: `-D clippy::must-use-candidate` implied by `-D warnings`
     = help: to override `-D warnings` add `#[allow(clippy::must_use_candidate)]`
help: add the attribute
     |
1781 + #[must_use] 
1782 | pub fn m1_phase_join_set_matches_direction(
     |

error: consider adding a `;` to the last statement for consistent formatting
    --> crates/openwepp-land-surface-energy/src/solver_covered_evaluation/m1_coupled.rs:2288:13
     |
2288 | /             evaluation.occupancies[0]
2289 | |                 .hydraulics
2290 | |                 .root_fluxes_kg_m2_tile_s[0] = f64::NAN
     | |_______________________________________________________^
     |
     = help: for further information visit https://rust-lang.github.io/rust-clippy/master/index.html#semicolon_if_nothing_returned
     = note: `-D clippy::semicolon-if-nothing-returned` implied by `-D warnings`
     = help: to override `-D warnings` add `#[allow(clippy::semicolon_if_nothing_returned)]`
help: add a `;` here
     |
2288 |             evaluation.occupancies[0]
2289 |                 .hydraulics
2290 ~                 .root_fluxes_kg_m2_tile_s[0] = f64::NAN;
     |

error: consider adding a `;` to the last statement for consistent formatting
    --> crates/openwepp-land-surface-energy/src/solver_covered_evaluation/m1_coupled.rs:2293:13
     |
2293 | /             evaluation.occupancies[0]
2294 | |                 .hydraulics
2295 | |                 .continuity_residuals_kg_m2_tile_s[0] = f64::NAN
     | |________________________________________________________________^
     |
     = help: for further information visit https://rust-lang.github.io/rust-clippy/master/index.html#semicolon_if_nothing_returned
help: add a `;` here
     |
2293 |             evaluation.occupancies[0]
2294 |                 .hydraulics
2295 ~                 .continuity_residuals_kg_m2_tile_s[0] = f64::NAN;
     |

error: this function has too many arguments (11/7)
    --> crates/openwepp-land-surface-energy/src/solver_covered_evaluation/m1_coupled.rs:3082:1
     |
3082 | / fn solve_selected_drainage_system(
3083 | |     matrix: &[Vec<f64>],
3084 | |     rhs: &[f64],
3085 | |     raw: &[Vec<f64>],
...    |
3093 | |     activity: &mut M1PhaseJoinActivity,
3094 | | ) -> Result<([f64; 21], f64, f64, [bool; 2], usize), M1CoupledError> {
     | |____________________________________________________________________^
     |
     = help: for further information visit https://rust-lang.github.io/rust-clippy/master/index.html#too_many_arguments

error: this function could have a `#[must_use]` attribute
    --> crates/openwepp-land-surface-energy/src/solver_covered_evaluation/m1_coupled.rs:3212:8
     |
3212 | pub fn m1_controller_failure_activity_for_test(
     |        ^^^^^^^^^^^^^^^^^^^^^^^^^^^^^^^^^^^^^^^
     |
     = help: for further information visit https://rust-lang.github.io/rust-clippy/master/index.html#must_use_candidate
help: add the attribute
     |
3212 + #[must_use] 
3213 | pub fn m1_controller_failure_activity_for_test(
     |

error: this function could have a `#[must_use]` attribute
    --> crates/openwepp-land-surface-energy/src/solver_covered_evaluation/m1_coupled.rs:3225:8
     |
3225 | pub fn m1_last_controller_failure_activity_for_test() -> Option<M1PhaseJoinActivity> {
     |        ^^^^^^^^^^^^^^^^^^^^^^^^^^^^^^^^^^^^^^^^^^^^
     |
     = help: for further information visit https://rust-lang.github.io/rust-clippy/master/index.html#must_use_candidate
help: add the attribute
     |
3225 + #[must_use] 
3226 | pub fn m1_last_controller_failure_activity_for_test() -> Option<M1PhaseJoinActivity> {
     |

error: docs for function which may panic missing `# Panics` section
    --> crates/openwepp-land-surface-energy/src/solver_covered_evaluation/m1_coupled.rs:3560:1
     |
3560 | / pub fn m1_current_unreduced_candidate_for_test(
3561 | |     coordinates: [f64; 21],
3562 | |     direction: [f64; 21],
3563 | |     alpha: f64,
3564 | |     drainage_selected: [bool; 2],
3565 | | ) -> [f64; 21] {
     | |______________^
     |
note: first possible panic found here
    --> crates/openwepp-land-surface-energy/src/solver_covered_evaluation/m1_coupled.rs:3567:9
     |
3567 | /         m1_candidate_coordinate(
3568 | |             coordinates[index],
3569 | |             direction[index],
3570 | |             alpha,
...    |
3574 | |         .expect("test candidate inputs valid")
     | |______________________________________________^
     = help: for further information visit https://rust-lang.github.io/rust-clippy/master/index.html#missing_panics_doc
     = note: `-D clippy::missing-panics-doc` implied by `-D warnings`
     = help: to override `-D warnings` add `#[allow(clippy::missing_panics_doc)]`

error: this function could have a `#[must_use]` attribute
    --> crates/openwepp-land-surface-energy/src/solver_covered_evaluation/m1_coupled.rs:3560:8
     |
3560 | pub fn m1_current_unreduced_candidate_for_test(
     |        ^^^^^^^^^^^^^^^^^^^^^^^^^^^^^^^^^^^^^^^
     |
     = help: for further information visit https://rust-lang.github.io/rust-clippy/master/index.html#must_use_candidate
help: add the attribute
     |
3560 + #[must_use] 
3561 | pub fn m1_current_unreduced_candidate_for_test(
     |

error: this function could have a `#[must_use]` attribute
    --> crates/openwepp-land-surface-energy/src/solver_covered_evaluation/m1_coupled.rs:3579:8
     |
3579 | pub fn m1_trial_coordinates_for_test(trial: &M1CoupledColumnTrial) -> [f64; 21] {
     |        ^^^^^^^^^^^^^^^^^^^^^^^^^^^^^
     |
     = help: for further information visit https://rust-lang.github.io/rust-clippy/master/index.html#must_use_candidate
help: add the attribute
     |
3579 + #[must_use] 
3580 | pub fn m1_trial_coordinates_for_test(trial: &M1CoupledColumnTrial) -> [f64; 21] {
     |

error: the `Err`-variant returned from this function is very large
    --> crates/openwepp-land-surface-energy/src/solver_covered_evaluation/m1_coupled.rs:3587:6
     |
3587 | ) -> Result<(), M1CoupledError> {
     |      ^^^^^^^^^^^^^^^^^^^^^^^^^^
     |
    ::: crates/openwepp-land-surface-energy/src/solver_covered_evaluation.rs:676:5
     |
 676 |     Numerical(crate::numerics::NumericalFailure),
     |     -------------------------------------------- the largest variant contains at least 248 bytes
     |
     = help: try reducing the size of `solver::M1CoupledError`, for example by boxing large elements or replacing it with `Box<solver::M1CoupledError>`
     = help: for further information visit https://rust-lang.github.io/rust-clippy/master/index.html#result_large_err

error: the `Err`-variant returned from this function is very large
    --> crates/openwepp-land-surface-energy/src/solver_covered_evaluation/m1_coupled.rs:3627:6
     |
3627 | ) -> Result<M1CoupledEvaluation, M1CoupledError> {
     |      ^^^^^^^^^^^^^^^^^^^^^^^^^^^^^^^^^^^^^^^^^^^
     |
    ::: crates/openwepp-land-surface-energy/src/solver_covered_evaluation.rs:676:5
     |
 676 |     Numerical(crate::numerics::NumericalFailure),
     |     -------------------------------------------- the largest variant contains at least 248 bytes
     |
     = help: try reducing the size of `solver::M1CoupledError`, for example by boxing large elements or replacing it with `Box<solver::M1CoupledError>`
     = help: for further information visit https://rust-lang.github.io/rust-clippy/master/index.html#result_large_err

error: the `Err`-variant returned from this function is very large
    --> crates/openwepp-land-surface-energy/src/solver_covered_evaluation/m1_coupled.rs:3642:6
     |
3642 | ) -> Result<M1CoupledEvaluation, M1CoupledError> {
     |      ^^^^^^^^^^^^^^^^^^^^^^^^^^^^^^^^^^^^^^^^^^^
     |
    ::: crates/openwepp-land-surface-energy/src/solver_covered_evaluation.rs:676:5
     |
 676 |     Numerical(crate::numerics::NumericalFailure),
     |     -------------------------------------------- the largest variant contains at least 248 bytes
     |
     = help: try reducing the size of `solver::M1CoupledError`, for example by boxing large elements or replacing it with `Box<solver::M1CoupledError>`
     = help: for further information visit https://rust-lang.github.io/rust-clippy/master/index.html#result_large_err

error: consider adding a `;` to the last statement for consistent formatting
    --> crates/openwepp-land-surface-energy/src/solver_covered_evaluation/m1_coupled.rs:3649:17
     |
3649 |                 M1_MATERIALIZATION_OUTPUT_POISON.with(|flag| flag.set(4))
     |                 ^^^^^^^^^^^^^^^^^^^^^^^^^^^^^^^^^^^^^^^^^^^^^^^^^^^^^^^^^ help: add a `;` here: `M1_MATERIALIZATION_OUTPUT_POISON.with(|flag| flag.set(4));`
     |
     = help: for further information visit https://rust-lang.github.io/rust-clippy/master/index.html#semicolon_if_nothing_returned

error: consider adding a `;` to the last statement for consistent formatting
    --> crates/openwepp-land-surface-energy/src/solver_covered_evaluation/m1_coupled.rs:3652:17
     |
3652 |                 M1_MATERIALIZATION_OUTPUT_POISON.with(|flag| flag.set(1))
     |                 ^^^^^^^^^^^^^^^^^^^^^^^^^^^^^^^^^^^^^^^^^^^^^^^^^^^^^^^^^ help: add a `;` here: `M1_MATERIALIZATION_OUTPUT_POISON.with(|flag| flag.set(1));`
     |
     = help: for further information visit https://rust-lang.github.io/rust-clippy/master/index.html#semicolon_if_nothing_returned

error: consider adding a `;` to the last statement for consistent formatting
    --> crates/openwepp-land-surface-energy/src/solver_covered_evaluation/m1_coupled.rs:3655:17
     |
3655 |                 M1_MATERIALIZATION_OUTPUT_POISON.with(|flag| flag.set(2))
     |                 ^^^^^^^^^^^^^^^^^^^^^^^^^^^^^^^^^^^^^^^^^^^^^^^^^^^^^^^^^ help: add a `;` here: `M1_MATERIALIZATION_OUTPUT_POISON.with(|flag| flag.set(2));`
     |
     = help: for further information visit https://rust-lang.github.io/rust-clippy/master/index.html#semicolon_if_nothing_returned

error: consider adding a `;` to the last statement for consistent formatting
    --> crates/openwepp-land-surface-energy/src/solver_covered_evaluation/m1_coupled.rs:3658:17
     |
3658 |                 M1_MATERIALIZATION_OUTPUT_POISON.with(|flag| flag.set(3))
     |                 ^^^^^^^^^^^^^^^^^^^^^^^^^^^^^^^^^^^^^^^^^^^^^^^^^^^^^^^^^ help: add a `;` here: `M1_MATERIALIZATION_OUTPUT_POISON.with(|flag| flag.set(3));`
     |
     = help: for further information visit https://rust-lang.github.io/rust-clippy/master/index.html#semicolon_if_nothing_returned

error: consider adding a `;` to the last statement for consistent formatting
    --> crates/openwepp-land-surface-energy/src/solver_covered_evaluation/m1_coupled.rs:3661:17
     |
3661 |                 M1_MATERIALIZATION_OUTPUT_POISON.with(|flag| flag.set(5))
     |                 ^^^^^^^^^^^^^^^^^^^^^^^^^^^^^^^^^^^^^^^^^^^^^^^^^^^^^^^^^ help: add a `;` here: `M1_MATERIALIZATION_OUTPUT_POISON.with(|flag| flag.set(5));`
     |
     = help: for further information visit https://rust-lang.github.io/rust-clippy/master/index.html#semicolon_if_nothing_returned

error: consider adding a `;` to the last statement for consistent formatting
    --> crates/openwepp-land-surface-energy/src/solver_covered_evaluation/m1_coupled.rs:3664:17
     |
3664 |                 M1_MATERIALIZATION_OUTPUT_POISON.with(|flag| flag.set(6))
     |                 ^^^^^^^^^^^^^^^^^^^^^^^^^^^^^^^^^^^^^^^^^^^^^^^^^^^^^^^^^ help: add a `;` here: `M1_MATERIALIZATION_OUTPUT_POISON.with(|flag| flag.set(6));`
     |
     = help: for further information visit https://rust-lang.github.io/rust-clippy/master/index.html#semicolon_if_nothing_returned

error: consider adding a `;` to the last statement for consistent formatting
    --> crates/openwepp-land-surface-energy/src/solver_covered_evaluation/m1_coupled.rs:3667:17
     |
3667 |                 M1_MATERIALIZATION_OUTPUT_POISON.with(|flag| flag.set(7))
     |                 ^^^^^^^^^^^^^^^^^^^^^^^^^^^^^^^^^^^^^^^^^^^^^^^^^^^^^^^^^ help: add a `;` here: `M1_MATERIALIZATION_OUTPUT_POISON.with(|flag| flag.set(7));`
     |
     = help: for further information visit https://rust-lang.github.io/rust-clippy/master/index.html#semicolon_if_nothing_returned

error: consider adding a `;` to the last statement for consistent formatting
    --> crates/openwepp-land-surface-energy/src/solver_covered_evaluation/m1_coupled.rs:3670:17
     |
3670 |                 core.occupancies[0].non_vapor = f64::NAN
     |                 ^^^^^^^^^^^^^^^^^^^^^^^^^^^^^^^^^^^^^^^^ help: add a `;` here: `core.occupancies[0].non_vapor = f64::NAN;`
     |
     = help: for further information visit https://rust-lang.github.io/rust-clippy/master/index.html#semicolon_if_nothing_returned

error: consider adding a `;` to the last statement for consistent formatting
    --> crates/openwepp-land-surface-energy/src/solver_covered_evaluation/m1_coupled.rs:3673:17
     |
3673 |                 input.column.interval_s = f64::NAN
     |                 ^^^^^^^^^^^^^^^^^^^^^^^^^^^^^^^^^^ help: add a `;` here: `input.column.interval_s = f64::NAN;`
     |
     = help: for further information visit https://rust-lang.github.io/rust-clippy/master/index.html#semicolon_if_nothing_returned

error: consider adding a `;` to the last statement for consistent formatting
    --> crates/openwepp-land-surface-energy/src/solver_covered_evaluation/m1_coupled.rs:3680:17
     |
3680 |                 trial.coordinates[5] = -f64::MIN_POSITIVE
     |                 ^^^^^^^^^^^^^^^^^^^^^^^^^^^^^^^^^^^^^^^^^ help: add a `;` here: `trial.coordinates[5] = -f64::MIN_POSITIVE;`
     |
     = help: for further information visit https://rust-lang.github.io/rust-clippy/master/index.html#semicolon_if_nothing_returned

error: consider adding a `;` to the last statement for consistent formatting
    --> crates/openwepp-land-surface-energy/src/solver_covered_evaluation/m1_coupled.rs:3691:17
     |
3691 |                 core.occupancies[0].mass_residual = 1.0
     |                 ^^^^^^^^^^^^^^^^^^^^^^^^^^^^^^^^^^^^^^^ help: add a `;` here: `core.occupancies[0].mass_residual = 1.0;`
     |
     = help: for further information visit https://rust-lang.github.io/rust-clippy/master/index.html#semicolon_if_nothing_returned

error: consider adding a `;` to the last statement for consistent formatting
    --> crates/openwepp-land-surface-energy/src/solver_covered_evaluation/m1_coupled.rs:3694:17
     |
3694 |                 core.occupancies[0].enthalpy_residual = 1.0
     |                 ^^^^^^^^^^^^^^^^^^^^^^^^^^^^^^^^^^^^^^^^^^^ help: add a `;` here: `core.occupancies[0].enthalpy_residual = 1.0;`
     |
     = help: for further information visit https://rust-lang.github.io/rust-clippy/master/index.html#semicolon_if_nothing_returned

error: consider adding a `;` to the last statement for consistent formatting
    --> crates/openwepp-land-surface-energy/src/solver_covered_evaluation/m1_coupled.rs:3702:17
     |
3702 |                 core.occupancies[0].capacity = f64::NAN
     |                 ^^^^^^^^^^^^^^^^^^^^^^^^^^^^^^^^^^^^^^^ help: add a `;` here: `core.occupancies[0].capacity = f64::NAN;`
     |
     = help: for further information visit https://rust-lang.github.io/rust-clippy/master/index.html#semicolon_if_nothing_returned

error: docs for function which may panic missing `# Panics` section
    --> crates/openwepp-land-surface-energy/src/solver_covered_evaluation/m1_coupled.rs:3717:1
     |
3717 | / pub fn m1_materialize_captured_accepted_poison_for_test(
3718 | |     poison: M1AcceptedMaterializationPoison,
3719 | | ) -> Result<M1CoupledEvaluation, M1CoupledError> {
     | |________________________________________________^
     |
note: first possible panic found here
    --> crates/openwepp-land-surface-energy/src/solver_covered_evaluation/m1_coupled.rs:3720:32
     |
3720 |       let (input, trial, core) = M1_ACCEPTED_CAPTURE
     |  ________________________________^
3721 | |         .with(|capture| capture.borrow().clone())
3722 | |         .expect("accepted materialization capture");
     | |___________________________________________________^
     = help: for further information visit https://rust-lang.github.io/rust-clippy/master/index.html#missing_panics_doc

error: the `Err`-variant returned from this function is very large
    --> crates/openwepp-land-surface-energy/src/solver_covered_evaluation/m1_coupled.rs:3719:6
     |
3719 | ) -> Result<M1CoupledEvaluation, M1CoupledError> {
     |      ^^^^^^^^^^^^^^^^^^^^^^^^^^^^^^^^^^^^^^^^^^^
     |
    ::: crates/openwepp-land-surface-energy/src/solver_covered_evaluation.rs:676:5
     |
 676 |     Numerical(crate::numerics::NumericalFailure),
     |     -------------------------------------------- the largest variant contains at least 248 bytes
     |
     = help: try reducing the size of `solver::M1CoupledError`, for example by boxing large elements or replacing it with `Box<solver::M1CoupledError>`
     = help: for further information visit https://rust-lang.github.io/rust-clippy/master/index.html#result_large_err

error: docs for function which may panic missing `# Panics` section
    --> crates/openwepp-land-surface-energy/src/solver_covered_evaluation/m1_coupled.rs:3727:1
     |
3727 | pub fn m1_materialize_captured_accepted_for_test() -> Result<M1CoupledEvaluation, M1CoupledError> {
     | ^^^^^^^^^^^^^^^^^^^^^^^^^^^^^^^^^^^^^^^^^^^^^^^^^^^^^^^^^^^^^^^^^^^^^^^^^^^^^^^^^^^^^^^^^^^^^^^^^
     |
note: first possible panic found here
    --> crates/openwepp-land-surface-energy/src/solver_covered_evaluation/m1_coupled.rs:3728:32
     |
3728 |       let (input, trial, core) = M1_ACCEPTED_CAPTURE
     |  ________________________________^
3729 | |         .with(|capture| capture.borrow().clone())
3730 | |         .expect("accepted materialization capture");
     | |___________________________________________________^
     = help: for further information visit https://rust-lang.github.io/rust-clippy/master/index.html#missing_panics_doc

error: the `Err`-variant returned from this function is very large
    --> crates/openwepp-land-surface-energy/src/solver_covered_evaluation/m1_coupled.rs:3727:55
     |
3727 | pub fn m1_materialize_captured_accepted_for_test() -> Result<M1CoupledEvaluation, M1CoupledError> {
     |                                                       ^^^^^^^^^^^^^^^^^^^^^^^^^^^^^^^^^^^^^^^^^^^
     |
    ::: crates/openwepp-land-surface-energy/src/solver_covered_evaluation.rs:676:5
     |
 676 |     Numerical(crate::numerics::NumericalFailure),
     |     -------------------------------------------- the largest variant contains at least 248 bytes
     |
     = help: try reducing the size of `solver::M1CoupledError`, for example by boxing large elements or replacing it with `Box<solver::M1CoupledError>`
     = help: for further information visit https://rust-lang.github.io/rust-clippy/master/index.html#result_large_err

error: docs for function which may panic missing `# Panics` section
    --> crates/openwepp-land-surface-energy/src/solver_covered_evaluation/m1_coupled.rs:3735:1
     |
3735 | pub fn m1_captured_finite_overcapacity_core_for_test() -> Result<(f64, f64, f64), M1CoupledError> {
     | ^^^^^^^^^^^^^^^^^^^^^^^^^^^^^^^^^^^^^^^^^^^^^^^^^^^^^^^^^^^^^^^^^^^^^^^^^^^^^^^^^^^^^^^^^^^^^^^^^
     |
note: first possible panic found here
    --> crates/openwepp-land-surface-energy/src/solver_covered_evaluation/m1_coupled.rs:3736:43
     |
3736 |       let (input, mut trial, core_result) = M1_ACCEPTED_CAPTURE
     |  ___________________________________________^
3737 | |         .with(|capture| capture.borrow().clone())
3738 | |         .expect("accepted materialization capture");
     | |___________________________________________________^
     = help: for further information visit https://rust-lang.github.io/rust-clippy/master/index.html#missing_panics_doc

error: the `Err`-variant returned from this function is very large
    --> crates/openwepp-land-surface-energy/src/solver_covered_evaluation/m1_coupled.rs:3735:59
     |
3735 | pub fn m1_captured_finite_overcapacity_core_for_test() -> Result<(f64, f64, f64), M1CoupledError> {
     |                                                           ^^^^^^^^^^^^^^^^^^^^^^^^^^^^^^^^^^^^^^^
     |
    ::: crates/openwepp-land-surface-energy/src/solver_covered_evaluation.rs:676:5
     |
 676 |     Numerical(crate::numerics::NumericalFailure),
     |     -------------------------------------------- the largest variant contains at least 248 bytes
     |
     = help: try reducing the size of `solver::M1CoupledError`, for example by boxing large elements or replacing it with `Box<solver::M1CoupledError>`
     = help: for further information visit https://rust-lang.github.io/rust-clippy/master/index.html#result_large_err

error: docs for function which may panic missing `# Panics` section
    --> crates/openwepp-land-surface-energy/src/solver_covered_evaluation/m1_coupled.rs:3748:1
     |
3748 | pub fn m1_captured_accepted_guard_binding_for_test() -> (f64, f64, f64, f64, f64, f64) {
     | ^^^^^^^^^^^^^^^^^^^^^^^^^^^^^^^^^^^^^^^^^^^^^^^^^^^^^^^^^^^^^^^^^^^^^^^^^^^^^^^^^^^^^^
     |
note: first possible panic found here
    --> crates/openwepp-land-surface-energy/src/solver_covered_evaluation/m1_coupled.rs:3749:32
     |
3749 |       let (input, trial, core) = M1_ACCEPTED_CAPTURE
     |  ________________________________^
3750 | |         .with(|capture| capture.borrow().clone())
3751 | |         .expect("accepted materialization capture");
     | |___________________________________________________^
     = help: for further information visit https://rust-lang.github.io/rust-clippy/master/index.html#missing_panics_doc

error: this function could have a `#[must_use]` attribute
    --> crates/openwepp-land-surface-energy/src/solver_covered_evaluation/m1_coupled.rs:3748:8
     |
3748 | pub fn m1_captured_accepted_guard_binding_for_test() -> (f64, f64, f64, f64, f64, f64) {
     |        ^^^^^^^^^^^^^^^^^^^^^^^^^^^^^^^^^^^^^^^^^^^
     |
     = help: for further information visit https://rust-lang.github.io/rust-clippy/master/index.html#must_use_candidate
help: add the attribute
     |
3748 + #[must_use] 
3749 | pub fn m1_captured_accepted_guard_binding_for_test() -> (f64, f64, f64, f64, f64, f64) {
     |

error: very complex type used. Consider factoring parts into `type` definitions
    --> crates/openwepp-land-surface-energy/src/solver_covered_evaluation/m1_coupled.rs:3794:6
     |
3794 | ) -> (Result<(Vec<f64>, f64, f64), &'static str>, u32) {
     |      ^^^^^^^^^^^^^^^^^^^^^^^^^^^^^^^^^^^^^^^^^^^^^^^^^
     |
     = help: for further information visit https://rust-lang.github.io/rust-clippy/master/index.html#type_complexity

error: this argument is passed by value, but not consumed in the function body
    --> crates/openwepp-land-surface-energy/src/solver_covered_evaluation/m1_coupled.rs:3793:15
     |
3793 |     metadata: M1DrainageMetadataTestView,
     |               ^^^^^^^^^^^^^^^^^^^^^^^^^^
     |
help: or consider marking this type as `Copy`
    --> crates/openwepp-land-surface-energy/src/solver_covered_evaluation/m1_coupled.rs:3768:1
     |
3768 | pub struct M1DrainageMetadataTestView {
     | ^^^^^^^^^^^^^^^^^^^^^^^^^^^^^^^^^^^^^
     = help: for further information visit https://rust-lang.github.io/rust-clippy/master/index.html#needless_pass_by_value
     = note: `-D clippy::needless-pass-by-value` implied by `-D warnings`
     = help: to override `-D warnings` add `#[allow(clippy::needless_pass_by_value)]`
help: consider taking a reference instead
     |
3793 |     metadata: &M1DrainageMetadataTestView,
     |               +

error: redundant closure
    --> crates/openwepp-land-surface-energy/src/solver_covered_evaluation/m1_coupled.rs:4203:107
     |
4203 | ...s[3], trial.coordinates[4]).ok().map(|value| value.liquid_mass_kg_m2()),
     |                                         ^^^^^^^^^^^^^^^^^^^^^^^^^^^^^^^^^ help: replace the closure with the method itself: `openwepp_vegetation::cold_canopy_m1::M1PhaseReservoir::liquid_mass_kg_m2`
     |
     = help: for further information visit https://rust-lang.github.io/rust-clippy/master/index.html#redundant_closure_for_method_calls

error: redundant closure
    --> crates/openwepp-land-surface-energy/src/solver_covered_evaluation/m1_coupled.rs:4204:108
     |
4204 | ...[9], trial.coordinates[10]).ok().map(|value| value.liquid_mass_kg_m2()),
     |                                         ^^^^^^^^^^^^^^^^^^^^^^^^^^^^^^^^^ help: replace the closure with the method itself: `openwepp_vegetation::cold_canopy_m1::M1PhaseReservoir::liquid_mass_kg_m2`
     |
     = help: for further information visit https://rust-lang.github.io/rust-clippy/master/index.html#redundant_closure_for_method_calls

error: redundant closure
    --> crates/openwepp-land-surface-energy/src/solver_covered_evaluation/m1_coupled.rs:4237:107
     |
4237 | ...s[3], trial.coordinates[4]).ok().map(|value| value.liquid_mass_kg_m2()),
     |                                         ^^^^^^^^^^^^^^^^^^^^^^^^^^^^^^^^^ help: replace the closure with the method itself: `openwepp_vegetation::cold_canopy_m1::M1PhaseReservoir::liquid_mass_kg_m2`
     |
     = help: for further information visit https://rust-lang.github.io/rust-clippy/master/index.html#redundant_closure_for_method_calls

error: redundant closure
    --> crates/openwepp-land-surface-energy/src/solver_covered_evaluation/m1_coupled.rs:4238:108
     |
4238 | ...[9], trial.coordinates[10]).ok().map(|value| value.liquid_mass_kg_m2()),
     |                                         ^^^^^^^^^^^^^^^^^^^^^^^^^^^^^^^^^ help: replace the closure with the method itself: `openwepp_vegetation::cold_canopy_m1::M1PhaseReservoir::liquid_mass_kg_m2`
     |
     = help: for further information visit https://rust-lang.github.io/rust-clippy/master/index.html#redundant_closure_for_method_calls

error: very complex type used. Consider factoring parts into `type` definitions
    --> crates/openwepp-land-surface-energy/src/solver_covered_evaluation/m1_coupled.rs:4834:6
     |
4834 |   ) -> (
     |  ______^
4835 | |     Result<M1CoupledEvaluation, M1CoupledError>,
4836 | |     Vec<(u32, bool)>,
4837 | |     Vec<(u32, bool)>,
4838 | | ) {
     | |_^
     |
     = help: for further information visit https://rust-lang.github.io/rust-clippy/master/index.html#type_complexity

error: this function could have a `#[must_use]` attribute
    --> crates/openwepp-land-surface-energy/src/solver_covered_evaluation/m1_coupled.rs:4855:8
     |
4855 | pub fn m1_solve_with_halved_hydraulic_incomplete_for_test(
     |        ^^^^^^^^^^^^^^^^^^^^^^^^^^^^^^^^^^^^^^^^^^^^^^^^^^
     |
     = help: for further information visit https://rust-lang.github.io/rust-clippy/master/index.html#must_use_candidate
help: add the attribute
     |
4855 + #[must_use] 
4856 | pub fn m1_solve_with_halved_hydraulic_incomplete_for_test(
     |

error: very complex type used. Consider factoring parts into `type` definitions
    --> crates/openwepp-land-surface-energy/src/solver_covered_evaluation/m1_coupled.rs:4858:6
     |
4858 | ) -> (Vec<(u32, bool)>, Vec<(u32, bool)>) {
     |      ^^^^^^^^^^^^^^^^^^^^^^^^^^^^^^^^^^^^
     |
     = help: for further information visit https://rust-lang.github.io/rust-clippy/master/index.html#type_complexity

error: this function could have a `#[must_use]` attribute
    --> crates/openwepp-land-surface-energy/src/solver_covered_evaluation/m1_coupled.rs:4926:8
     |
4926 | pub fn m1_solve_with_full_witness_for_test(input: &M1CoupledColumnInput) -> Vec<(u32, bool)> {
     |        ^^^^^^^^^^^^^^^^^^^^^^^^^^^^^^^^^^^
     |
     = help: for further information visit https://rust-lang.github.io/rust-clippy/master/index.html#must_use_candidate
help: add the attribute
     |
4926 + #[must_use] 
4927 | pub fn m1_solve_with_full_witness_for_test(input: &M1CoupledColumnInput) -> Vec<(u32, bool)> {
     |

error: the `Err`-variant returned from this function is very large
    --> crates/openwepp-land-surface-energy/src/solver_covered_evaluation/m1_coupled.rs:4981:6
     |
4981 | ) -> Result<M1CoupledEvaluation, M1CoupledError> {
     |      ^^^^^^^^^^^^^^^^^^^^^^^^^^^^^^^^^^^^^^^^^^^
     |
    ::: crates/openwepp-land-surface-energy/src/solver_covered_evaluation.rs:676:5
     |
 676 |     Numerical(crate::numerics::NumericalFailure),
     |     -------------------------------------------- the largest variant contains at least 248 bytes
     |
     = help: try reducing the size of `solver::M1CoupledError`, for example by boxing large elements or replacing it with `Box<solver::M1CoupledError>`
     = help: for further information visit https://rust-lang.github.io/rust-clippy/master/index.html#result_large_err

error: this function could have a `#[must_use]` attribute
    --> crates/openwepp-land-surface-energy/src/solver_covered_evaluation/m1_coupled.rs:4992:8
     |
4992 | pub fn m1_solve_with_first_halved_step_poison_for_test(
     |        ^^^^^^^^^^^^^^^^^^^^^^^^^^^^^^^^^^^^^^^^^^^^^^^
     |
     = help: for further information visit https://rust-lang.github.io/rust-clippy/master/index.html#must_use_candidate
help: add the attribute
     |
4992 + #[must_use] 
4993 | pub fn m1_solve_with_first_halved_step_poison_for_test(
     |

error: strict comparison of `f32` or `f64`
   --> crates/openwepp-land-surface-energy/src/solver_litter_open.rs:395:9
    |
395 |         assert_eq!(detail.vapor.liquid_signed_mass_kg_m2, 0.0);
    |         ^^^^^^^^^^^^^^^^^^^^^^^^^^^^^^^^^^^^^^^^^^^^^^^^^^^^^^
    |
    = help: for further information visit https://rust-lang.github.io/rust-clippy/master/index.html#float_cmp

error: strict comparison of `f32` or `f64`
   --> crates/openwepp-land-surface-energy/src/solver_litter_open.rs:396:9
    |
396 | /         assert_eq!(
397 | |             detail.vapor.ice_signed_mass_kg_m2,
398 | |             1e-8 * problem.interval_s
399 | |         );
    | |_________^
    |
    = help: for further information visit https://rust-lang.github.io/rust-clippy/master/index.html#float_cmp

error: strict comparison of `f32` or `f64`
   --> crates/openwepp-land-surface-energy/src/solver_litter_open.rs:518:9
    |
518 |         assert_eq!(detail.post_vapor.liquid_kg_m2_tile, wl);
    |         ^^^^^^^^^^^^^^^^^^^^^^^^^^^^^^^^^^^^^^^^^^^^^^^^^^^
    |
    = help: for further information visit https://rust-lang.github.io/rust-clippy/master/index.html#float_cmp

error: strict comparison of `f32` or `f64`
   --> crates/openwepp-land-surface-energy/src/solver_litter_open.rs:519:9
    |
519 |         assert_eq!(detail.post_vapor.ice_kg_m2_tile, wi);
    |         ^^^^^^^^^^^^^^^^^^^^^^^^^^^^^^^^^^^^^^^^^^^^^^^^
    |
    = help: for further information visit https://rust-lang.github.io/rust-clippy/master/index.html#float_cmp

error: strict comparison of `f32` or `f64`
   --> crates/openwepp-land-surface-energy/src/solver_litter_open.rs:521:9
    |
521 |         assert_eq!(detail.post_vapor.sensible_energy_j_m2_tile, u);
    |         ^^^^^^^^^^^^^^^^^^^^^^^^^^^^^^^^^^^^^^^^^^^^^^^^^^^^^^^^^^
    |
    = help: for further information visit https://rust-lang.github.io/rust-clippy/master/index.html#float_cmp

error: consider adding a `;` to the last statement for consistent formatting
    --> crates/openwepp-land-surface-energy/src/solver_mechanism_audit.rs:1100:17
     |
1100 | /                 cell.borrow_mut().as_mut().unwrap().last =
1101 | |                     Some(start + std::time::Duration::from_secs(1))
     | |___________________________________________________________________^
     |
     = help: for further information visit https://rust-lang.github.io/rust-clippy/master/index.html#semicolon_if_nothing_returned
help: add a `;` here
     |
1100 |                 cell.borrow_mut().as_mut().unwrap().last =
1101 ~                     Some(start + std::time::Duration::from_secs(1));
     |

error: item in documentation is missing backticks
  --> crates/openwepp-land-surface-energy/src/solver_residual_corpus_capture.rs:73:51
   |
73 |     /// Positive/zero executed component area, or not_applicable for other coordinates.
   |                                                   ^^^^^^^^^^^^^^
   |
   = help: for further information visit https://rust-lang.github.io/rust-clippy/master/index.html#doc_markdown
   = note: `-D clippy::doc-markdown` implied by `-D warnings`
   = help: to override `-D warnings` add `#[allow(clippy::doc_markdown)]`
help: try
   |
73 -     /// Positive/zero executed component area, or not_applicable for other coordinates.
73 +     /// Positive/zero executed component area, or `not_applicable` for other coordinates.
   |

error: item in documentation is missing backticks
  --> crates/openwepp-land-surface-energy/src/solver_residual_corpus_capture.rs:75:20
   |
75 |     /// lifecycle, finite_difference, or identity_anchor.
   |                    ^^^^^^^^^^^^^^^^^
   |
   = help: for further information visit https://rust-lang.github.io/rust-clippy/master/index.html#doc_markdown
help: try
   |
75 -     /// lifecycle, finite_difference, or identity_anchor.
75 +     /// lifecycle, `finite_difference`, or identity_anchor.
   |

error: item in documentation is missing backticks
  --> crates/openwepp-land-surface-energy/src/solver_residual_corpus_capture.rs:75:42
   |
75 |     /// lifecycle, finite_difference, or identity_anchor.
   |                                          ^^^^^^^^^^^^^^^
   |
   = help: for further information visit https://rust-lang.github.io/rust-clippy/master/index.html#doc_markdown
help: try
   |
75 -     /// lifecycle, finite_difference, or identity_anchor.
75 +     /// lifecycle, finite_difference, or `identity_anchor`.
   |

error: item in documentation is missing backticks
   --> crates/openwepp-land-surface-energy/src/solver_residual_corpus_capture.rs:428:60
    |
428 | /// Bounded test-support evidence; the full-supply Covered FixedFinal vector is
    |                                                            ^^^^^^^^^^
    |
    = help: for further information visit https://rust-lang.github.io/rust-clippy/master/index.html#doc_markdown
help: try
    |
428 - /// Bounded test-support evidence; the full-supply Covered FixedFinal vector is
428 + /// Bounded test-support evidence; the full-supply Covered `FixedFinal` vector is
    |

error: large size difference between variants
   --> crates/openwepp-land-surface-energy/src/solver_residual_corpus_capture.rs:440:1
    |
440 | /  enum ObserverSolveResult {
441 | |      Covered(Result<crate::CoveredColumnSolveOutcome, crate::LandSurfaceEnergyError>),
    | |      -------------------------------------------------------------------------------- the second-largest variant contains at least 256 bytes
442 | |/     V3(
443 | ||         Result<
444 | ||             crate::NormalizedSolveOutcome<crate::V3PhaseFreeCoveredEvaluation>,
445 | ||             crate::LandSurfaceEnergyError,
446 | ||         >,
447 | ||     ),
    | ||_____- the largest variant contains at least 816 bytes
448 | |  }
    | |__^ the entire enum is at least 816 bytes
    |
    = help: for further information visit https://rust-lang.github.io/rust-clippy/master/index.html#large_enum_variant
    = note: `-D clippy::large-enum-variant` implied by `-D warnings`
    = help: to override `-D warnings` add `#[allow(clippy::large_enum_variant)]`
help: consider boxing the large fields or introducing indirection in some other way to reduce the total size of the enum
    |
443 ~         Box<Result<
444 +             crate::NormalizedSolveOutcome<crate::V3PhaseFreeCoveredEvaluation>,
445 +             crate::LandSurfaceEnergyError,
446 ~         >>,
    |

error: consider adding a `;` to the last statement for consistent formatting
    --> crates/openwepp-land-surface-energy/src/solver_residual_corpus_capture.rs:1084:13
     |
1084 | /             active.borrow_mut().as_mut().expect("active").current =
1085 | |                 Some((Family::GenericV3, Pass::Potential, vec![[1.0; 4]; 2], 25))
     | |_________________________________________________________________________________^
     |
     = help: for further information visit https://rust-lang.github.io/rust-clippy/master/index.html#semicolon_if_nothing_returned
help: add a `;` here
     |
1084 |             active.borrow_mut().as_mut().expect("active").current =
1085 ~                 Some((Family::GenericV3, Pass::Potential, vec![[1.0; 4]; 2], 25));
     |

error: consider adding a `;` to the last statement for consistent formatting
    --> crates/openwepp-land-surface-energy/src/solver_residual_corpus_capture.rs:1150:13
     |
1150 | /             active.borrow_mut().as_mut().expect("active").current = Some((
1151 | |                 Family::Covered,
1152 | |                 Pass::FixedFinal,
1153 | |                 vec![[1.0, 0.0, 2.0, 0.0]; 30],
1154 | |                 305,
1155 | |             ))
     | |______________^
     |
     = help: for further information visit https://rust-lang.github.io/rust-clippy/master/index.html#semicolon_if_nothing_returned
help: add a `;` here
     |
1150 |             active.borrow_mut().as_mut().expect("active").current = Some((
 ...
1154 |                 305,
1155 ~             ));
     |

error: strict comparison of `f32` or `f64`
    --> crates/openwepp-land-surface-energy/src/transaction.rs:2211:12
     |
2211 |         && ground_vapor != boundary.vapor_to_canopy_air_kg_m2_s
     |            ^^^^^^^^^^^^^^^^^^^^^^^^^^^^^^^^^^^^^^^^^^^^^^^^^^^^ help: consider comparing them within some margin of error: `(ground_vapor - boundary.vapor_to_canopy_air_kg_m2_s).abs() > error_margin`
     |
     = help: for further information visit https://rust-lang.github.io/rust-clippy/master/index.html#float_cmp

error: this method could have a `#[must_use]` attribute
    --> crates/openwepp-land-surface-energy/src/transaction.rs:2999:12
     |
2999 |     pub fn accuracy_observation_beginning(&self) -> &OpenSurfaceProblem {
     |            ^^^^^^^^^^^^^^^^^^^^^^^^^^^^^^
     |
     = help: for further information visit https://rust-lang.github.io/rust-clippy/master/index.html#must_use_candidate
help: add the attribute
     |
2999 ~     #[must_use] 
3000 ~     pub fn accuracy_observation_beginning(&self) -> &OpenSurfaceProblem {
     |

error: this function has too many lines (124/100)
   --> crates/openwepp-land-surface-energy/src/transaction_v3_tests.rs:509:1
    |
509 | fn native_snow_shared_node_evaluates_constitutive_fluxes_independent_of_guess() {
    | ^^^^^^^^^^^^^^^^^^^^^^^^^^^^^^^^^^^^^^^^^^^^^^^^^^^^^^^^^^^^^^^^^^^^^^^^^^^^^^^
    |
    = help: for further information visit https://rust-lang.github.io/rust-clippy/master/index.html#too_many_lines

error: strict comparison of `f32` or `f64`
   --> crates/openwepp-land-surface-energy/src/transaction_v3_tests.rs:587:9
    |
587 |         assert_eq!(actual.ground_sensible_to_canopy_air_w_m2, expected_h);
    |         ^^^^^^^^^^^^^^^^^^^^^^^^^^^^^^^^^^^^^^^^^^^^^^^^^^^^^^^^^^^^^^^^^
    |
    = help: for further information visit https://rust-lang.github.io/rust-clippy/master/index.html#float_cmp

error: strict comparison of `f32` or `f64`
   --> crates/openwepp-land-surface-energy/src/transaction_v3_tests.rs:588:9
    |
588 | /         assert_eq!(
589 | |             actual.lower_boundary_vapor_to_canopy_air_kg_m2_s,
590 | |             expected_v
591 | |         );
    | |_________^
    |
    = help: for further information visit https://rust-lang.github.io/rust-clippy/master/index.html#float_cmp

error: strict comparison of `f32` or `f64`
   --> crates/openwepp-land-surface-energy/src/transaction_v3_tests.rs:668:5
    |
668 | /     assert_eq!(
669 | |         r[8], 0.0,
670 | |         "transparent numerical coordinate retains canonical anchor; passage temperature is separate"
671 | |     );
    | |_____^
    |
    = help: for further information visit https://rust-lang.github.io/rust-clippy/master/index.html#float_cmp

error: this function has too many lines (203/100)
   --> crates/openwepp-land-surface-energy/src/transaction_v3_tests.rs:724:1
    |
724 | fn transparent_liquid_source_poisons_two_ranks_and_solver_parity() {
    | ^^^^^^^^^^^^^^^^^^^^^^^^^^^^^^^^^^^^^^^^^^^^^^^^^^^^^^^^^^^^^^^^^^
    |
    = help: for further information visit https://rust-lang.github.io/rust-clippy/master/index.html#too_many_lines

error: strict comparison of `f32` or `f64`
   --> crates/openwepp-land-surface-energy/src/transaction_v3_tests.rs:769:5
    |
769 |     assert_eq!(c.inactive_component_anchor_k(2, 310.0), 310.0);
    |     ^^^^^^^^^^^^^^^^^^^^^^^^^^^^^^^^^^^^^^^^^^^^^^^^^^^^^^^^^^
    |
    = help: for further information visit https://rust-lang.github.io/rust-clippy/master/index.html#float_cmp

error: consider adding a `;` to the last statement for consistent formatting
   --> crates/openwepp-land-surface-energy/src/transaction_v3_tests.rs:796:17
    |
796 | /                 foreign.precipitation_parcels[0].temperature_provider =
797 | |                     crate::LiquidTemperatureProvider::AcceptedUpstreamOutletParcel
    | |__________________________________________________________________________________^
    |
    = help: for further information visit https://rust-lang.github.io/rust-clippy/master/index.html#semicolon_if_nothing_returned
help: add a `;` here
    |
796 |                 foreign.precipitation_parcels[0].temperature_provider =
797 ~                     crate::LiquidTemperatureProvider::AcceptedUpstreamOutletParcel;
    |

error: consider adding a `;` to the last statement for consistent formatting
   --> crates/openwepp-land-surface-energy/src/transaction_v3_tests.rs:802:17
    |
802 | /                 foreign.precipitation_parcels[0].amount_kg_m2_destination_tile_ground =
803 | |                     f64::from_bits(1)
    | |_____________________________________^
    |
    = help: for further information visit https://rust-lang.github.io/rust-clippy/master/index.html#semicolon_if_nothing_returned
help: add a `;` here
    |
802 |                 foreign.precipitation_parcels[0].amount_kg_m2_destination_tile_ground =
803 ~                     f64::from_bits(1);
    |

error: strict comparison of `f32` or `f64`
   --> crates/openwepp-land-surface-energy/src/transaction_v3_tests.rs:845:5
    |
845 |     assert_eq!(dry.inactive_component_anchor_k(2, 300.0), 300.0);
    |     ^^^^^^^^^^^^^^^^^^^^^^^^^^^^^^^^^^^^^^^^^^^^^^^^^^^^^^^^^^^^
    |
    = help: for further information visit https://rust-lang.github.io/rust-clippy/master/index.html#float_cmp

error: strict comparison of `f32` or `f64`
   --> crates/openwepp-land-surface-energy/src/transaction_v3_tests.rs:949:5
    |
949 |     assert_eq!(c.inactive_component_anchor_k(2, 265.0), 273.15);
    |     ^^^^^^^^^^^^^^^^^^^^^^^^^^^^^^^^^^^^^^^^^^^^^^^^^^^^^^^^^^^
    |
    = help: for further information visit https://rust-lang.github.io/rust-clippy/master/index.html#float_cmp

error: strict comparison of `f32` or `f64`
   --> crates/openwepp-land-surface-energy/src/transaction_v3_tests.rs:950:5
    |
950 |     assert_eq!(c.inactive_component_anchor_k(2, 300.0), 300.0);
    |     ^^^^^^^^^^^^^^^^^^^^^^^^^^^^^^^^^^^^^^^^^^^^^^^^^^^^^^^^^^
    |
    = help: for further information visit https://rust-lang.github.io/rust-clippy/master/index.html#float_cmp

error: strict comparison of `f32` or `f64`
   --> crates/openwepp-land-surface-energy/src/transaction_v3_tests.rs:967:9
    |
967 |         assert_eq!(ledger.wet_surface_temperature_k, 265.28179297231515);
    |         ^^^^^^^^^^^^^^^^^^^^^^^^^^^^^^^^^^^^^^^^^^^^^^^^^^^^^^^^^^^^^^^^
    |
    = help: for further information visit https://rust-lang.github.io/rust-clippy/master/index.html#float_cmp

error: strict comparison of `f32` or `f64` arrays
   --> crates/openwepp-land-surface-energy/src/m1_coupled_tests.rs:172:5
    |
172 | /     assert_ne!(
173 | |         installed_current_coordinates,
174 | |         installed_candidate_coordinates
175 | |     );
    | |_____^
    |
    = help: for further information visit https://rust-lang.github.io/rust-clippy/master/index.html#float_cmp

error: strict comparison of `f32` or `f64`
    --> crates/openwepp-land-surface-energy/src/m1_coupled_tests.rs:1951:5
     |
1951 |     assert_eq!(seed[5], 0.0);
     |     ^^^^^^^^^^^^^^^^^^^^^^^^
     |
     = help: for further information visit https://rust-lang.github.io/rust-clippy/master/index.html#float_cmp

error: strict comparison of `f32` or `f64`
    --> crates/openwepp-land-surface-energy/src/m1_coupled_tests.rs:1952:5
     |
1952 |     assert_eq!(seed[11], 0.0);
     |     ^^^^^^^^^^^^^^^^^^^^^^^^^
     |
     = help: for further information visit https://rust-lang.github.io/rust-clippy/master/index.html#float_cmp

error: strict comparison of `f32` or `f64`
    --> crates/openwepp-land-surface-energy/src/m1_coupled_tests.rs:2297:17
     |
2297 | /                 assert_eq!(
2298 | |                     column[inactive_row],
2299 | |                     if column_index == inactive_row {
2300 | |                         1.0
...    |
2304 | |                 );
     | |_________________^
     |
     = help: for further information visit https://rust-lang.github.io/rust-clippy/master/index.html#float_cmp

error: strict comparison of `f32` or `f64`
    --> crates/openwepp-land-surface-energy/src/m1_coupled_tests.rs:2327:5
     |
2327 |     assert_eq!(result.support_duration_s(), 60.0);
     |     ^^^^^^^^^^^^^^^^^^^^^^^^^^^^^^^^^^^^^^^^^^^^^
     |
     = help: for further information visit https://rust-lang.github.io/rust-clippy/master/index.html#float_cmp

error: strict comparison of `f32` or `f64`
    --> crates/openwepp-land-surface-energy/src/m1_coupled_tests.rs:2362:5
     |
2362 |     assert_eq!(solved.support_duration_s(), 60.);
     |     ^^^^^^^^^^^^^^^^^^^^^^^^^^^^^^^^^^^^^^^^^^^^
     |
     = help: for further information visit https://rust-lang.github.io/rust-clippy/master/index.html#float_cmp

error: strict comparison of `f32` or `f64`
    --> crates/openwepp-land-surface-energy/src/m1_coupled_tests.rs:2372:9
     |
2372 |         assert_eq!(operand.beginning_mass_kg_m2, 0.018);
     |         ^^^^^^^^^^^^^^^^^^^^^^^^^^^^^^^^^^^^^^^^^^^^^^^
     |
     = help: for further information visit https://rust-lang.github.io/rust-clippy/master/index.html#float_cmp

error: strict comparison of `f32` or `f64`
    --> crates/openwepp-land-surface-energy/src/m1_coupled_tests.rs:2373:9
     |
2373 |         assert_eq!(operand.beginning_enthalpy_j_m2, 0.0);
     |         ^^^^^^^^^^^^^^^^^^^^^^^^^^^^^^^^^^^^^^^^^^^^^^^^
     |
     = help: for further information visit https://rust-lang.github.io/rust-clippy/master/index.html#float_cmp

error: strict comparison of `f32` or `f64`
    --> crates/openwepp-land-surface-energy/src/m1_coupled_tests.rs:2377:13
     |
2377 |             operand.ending_mass_kg_m2 != operand.beginning_mass_kg_m2
     |             ^^^^^^^^^^^^^^^^^^^^^^^^^^^^^^^^^^^^^^^^^^^^^^^^^^^^^^^^^ help: consider comparing them within some margin of error: `(operand.ending_mass_kg_m2 - operand.beginning_mass_kg_m2).abs() > error_margin`
     |
     = help: for further information visit https://rust-lang.github.io/rust-clippy/master/index.html#float_cmp

error: strict comparison of `f32` or `f64`
    --> crates/openwepp-land-surface-energy/src/m1_coupled_tests.rs:2378:20
     |
2378 |                 || operand.ending_enthalpy_j_m2 != operand.beginning_enthalpy_j_m2
     |                    ^^^^^^^^^^^^^^^^^^^^^^^^^^^^^^^^^^^^^^^^^^^^^^^^^^^^^^^^^^^^^^^ help: consider comparing them within some margin of error: `(operand.ending_enthalpy_j_m2 - operand.beginning_enthalpy_j_m2).abs() > error_margin`
     |
     = help: for further information visit https://rust-lang.github.io/rust-clippy/master/index.html#float_cmp

error: this function has too many lines (153/100)
    --> crates/openwepp-land-surface-energy/src/m1_coupled_tests.rs:2429:1
     |
2429 | fn m1_guard_expected_red_actual_materializer_rejects_published_and_accepted_state_poisons() {
     | ^^^^^^^^^^^^^^^^^^^^^^^^^^^^^^^^^^^^^^^^^^^^^^^^^^^^^^^^^^^^^^^^^^^^^^^^^^^^^^^^^^^^^^^^^^^
     |
     = help: for further information visit https://rust-lang.github.io/rust-clippy/master/index.html#too_many_lines

error: strict comparison of `f32` or `f64`
    --> crates/openwepp-land-surface-energy/src/m1_coupled_tests.rs:2461:5
     |
2461 |     assert_eq!(beginning_mass, 0.018, "captured accepted M0");
     |     ^^^^^^^^^^^^^^^^^^^^^^^^^^^^^^^^^^^^^^^^^^^^^^^^^^^^^^^^^
     |
     = help: for further information visit https://rust-lang.github.io/rust-clippy/master/index.html#float_cmp

error: consider adding a `;` to the last statement for consistent formatting
    --> crates/openwepp-land-surface-energy/src/m1_coupled_tests.rs:2574:17
     |
2574 |                 unexpected.push(format!("{poison:?}: {}, expected {code}", error.code()))
     |                 ^^^^^^^^^^^^^^^^^^^^^^^^^^^^^^^^^^^^^^^^^^^^^^^^^^^^^^^^^^^^^^^^^^^^^^^^^ help: add a `;` here: `unexpected.push(format!("{poison:?}: {}, expected {code}", error.code()));`
     |
     = help: for further information visit https://rust-lang.github.io/rust-clippy/master/index.html#semicolon_if_nothing_returned

error: this function has too many lines (136/100)
    --> crates/openwepp-land-surface-energy/src/m1_coupled_tests.rs:2586:1
     |
2586 | fn m1_guard_expected_red_empty_positive_components_reject_external_supersaturation() {
     | ^^^^^^^^^^^^^^^^^^^^^^^^^^^^^^^^^^^^^^^^^^^^^^^^^^^^^^^^^^^^^^^^^^^^^^^^^^^^^^^^^^^^
     |
     = help: for further information visit https://rust-lang.github.io/rust-clippy/master/index.html#too_many_lines

error: strict comparison of `f32` or `f64`
    --> crates/openwepp-land-surface-energy/src/m1_coupled_tests.rs:2998:5
     |
2998 |     assert_ne!(matrix[0][5], 0.0);
     |     ^^^^^^^^^^^^^^^^^^^^^^^^^^^^^
     |
     = help: for further information visit https://rust-lang.github.io/rust-clippy/master/index.html#float_cmp

error: strict comparison of `f32` or `f64`
    --> crates/openwepp-land-surface-energy/src/m1_coupled_tests.rs:2999:5
     |
2999 |     assert_ne!(matrix[1][11], 0.0);
     |     ^^^^^^^^^^^^^^^^^^^^^^^^^^^^^^
     |
     = help: for further information visit https://rust-lang.github.io/rust-clippy/master/index.html#float_cmp

error: strict comparison of `f32` or `f64`
    --> crates/openwepp-land-surface-energy/src/m1_coupled_tests.rs:3008:9
     |
3008 |         assert_eq!(direction[0], 0.5);
     |         ^^^^^^^^^^^^^^^^^^^^^^^^^^^^^
     |
     = help: for further information visit https://rust-lang.github.io/rust-clippy/master/index.html#float_cmp

error: strict comparison of `f32` or `f64`
    --> crates/openwepp-land-surface-energy/src/m1_coupled_tests.rs:3009:9
     |
3009 |         assert_eq!(direction[1], -1.5);
     |         ^^^^^^^^^^^^^^^^^^^^^^^^^^^^^^
     |
     = help: for further information visit https://rust-lang.github.io/rust-clippy/master/index.html#float_cmp

error: strict comparison of `f32` or `f64`
    --> crates/openwepp-land-surface-energy/src/m1_coupled_tests.rs:3010:9
     |
3010 |         assert_eq!(direction[5], -2.0);
     |         ^^^^^^^^^^^^^^^^^^^^^^^^^^^^^^
     |
     = help: for further information visit https://rust-lang.github.io/rust-clippy/master/index.html#float_cmp

error: strict comparison of `f32` or `f64`
    --> crates/openwepp-land-surface-energy/src/m1_coupled_tests.rs:3011:9
     |
3011 |         assert_eq!(direction[11], -3.0);
     |         ^^^^^^^^^^^^^^^^^^^^^^^^^^^^^^^
     |
     = help: for further information visit https://rust-lang.github.io/rust-clippy/master/index.html#float_cmp

error: strict comparison of `f32` or `f64`
    --> crates/openwepp-land-surface-energy/src/m1_coupled_tests.rs:3014:17
     |
3014 |                 assert_eq!(*value, 0.0, "closed-form row {index}");
     |                 ^^^^^^^^^^^^^^^^^^^^^^^^^^^^^^^^^^^^^^^^^^^^^^^^^^
     |
     = help: for further information visit https://rust-lang.github.io/rust-clippy/master/index.html#float_cmp

error: strict comparison of `f32` or `f64`
    --> crates/openwepp-land-surface-energy/src/m1_coupled_tests.rs:3023:13
     |
3023 |             assert_eq!(reconstructed, rhs[row], "reconstructed full row {row}");
     |             ^^^^^^^^^^^^^^^^^^^^^^^^^^^^^^^^^^^^^^^^^^^^^^^^^^^^^^^^^^^^^^^^^^^
     |
     = help: for further information visit https://rust-lang.github.io/rust-clippy/master/index.html#float_cmp

error: strict comparison of `f32` or `f64`
    --> crates/openwepp-land-surface-energy/src/m1_coupled_tests.rs:3061:9
     |
3061 |         assert_eq!(direction[5], expected_d5, "E/F upper");
     |         ^^^^^^^^^^^^^^^^^^^^^^^^^^^^^^^^^^^^^^^^^^^^^^^^^^
     |
     = help: for further information visit https://rust-lang.github.io/rust-clippy/master/index.html#float_cmp

error: strict comparison of `f32` or `f64`
    --> crates/openwepp-land-surface-energy/src/m1_coupled_tests.rs:3062:9
     |
3062 |         assert_eq!(direction[11], expected_d11, "E/F lower");
     |         ^^^^^^^^^^^^^^^^^^^^^^^^^^^^^^^^^^^^^^^^^^^^^^^^^^^^
     |
     = help: for further information visit https://rust-lang.github.io/rust-clippy/master/index.html#float_cmp

error: strict comparison of `f32` or `f64`
    --> crates/openwepp-land-surface-energy/src/m1_coupled_tests.rs:3064:13
     |
3064 | /             assert_eq!(
3065 | |                 matrix[row]
3066 | |                     .iter()
3067 | |                     .zip(&direction)
...    |
3071 | |                 "E/F reconstructed row {row}"
3072 | |             );
     | |_____________^
     |
     = help: for further information visit https://rust-lang.github.io/rust-clippy/master/index.html#float_cmp

error: strict comparison of `f32` or `f64`
    --> crates/openwepp-land-surface-energy/src/m1_coupled_tests.rs:3098:5
     |
3098 | /     assert_ne!(
3099 | |         current.direction[5], 0.0,
3100 | |         "actual coupled LU supplies the release delta"
3101 | |     );
     | |_____^
     |
     = help: for further information visit https://rust-lang.github.io/rust-clippy/master/index.html#float_cmp

error: strict comparison of `f32` or `f64`
    --> crates/openwepp-land-surface-energy/src/m1_coupled_tests.rs:3109:5
     |
3109 | /     assert_ne!(
3110 | |         candidate[5], coordinates[5],
3111 | |         "capacity-selected D remains a solved nonzero release coordinate"
3112 | |     );
     | |_____^
     |
     = help: for further information visit https://rust-lang.github.io/rust-clippy/master/index.html#float_cmp

error: this function has too many lines (151/100)
    --> crates/openwepp-land-surface-energy/src/m1_coupled_tests.rs:3116:1
     |
3116 | fn m1_structural_drainage_current_phase_controller_retains_real_tie_work_controls() {
     | ^^^^^^^^^^^^^^^^^^^^^^^^^^^^^^^^^^^^^^^^^^^^^^^^^^^^^^^^^^^^^^^^^^^^^^^^^^^^^^^^^^^
     |
     = help: for further information visit https://rust-lang.github.io/rust-clippy/master/index.html#too_many_lines

error: strict comparison of `f32` or `f64`
    --> crates/openwepp-land-surface-energy/src/m1_coupled_tests.rs:3147:9
     |
3147 | /         assert_eq!(
3148 | |             current.raw_jacobian[row][row], 60.0,
3149 | |             "reported selected raw affine diagonal"
3150 | |         );
     | |_________^
     |
     = help: for further information visit https://rust-lang.github.io/rust-clippy/master/index.html#float_cmp

error: strict comparison of `f32` or `f64`
    --> crates/openwepp-land-surface-energy/src/m1_coupled_tests.rs:3151:9
     |
3151 | /         assert_eq!(
3152 | |             current.raw_residuals[row],
3153 | |             60.0 * join_coordinates[row],
3154 | |             "reported selected raw affine residual"
3155 | |         );
     | |_________^
     |
     = help: for further information visit https://rust-lang.github.io/rust-clippy/master/index.html#float_cmp

error: strict comparison of `f32` or `f64`
    --> crates/openwepp-land-surface-energy/src/m1_coupled_tests.rs:3156:9
     |
3156 | /         assert_eq!(
3157 | |             current.rhs[row],
3158 | |             -current.raw_residuals[row]
3159 | |                 / (current.raw_jacobian[row][row] / current.normalized_jacobian[row][row])
3160 | |         );
     | |_________^
     |
     = help: for further information visit https://rust-lang.github.io/rust-clippy/master/index.html#float_cmp

error: strict comparison of `f32` or `f64`
    --> crates/openwepp-land-surface-energy/src/m1_coupled_tests.rs:3233:5
     |
3233 |     assert_eq!(60.0 * exact_drainage, capacity_value - 0.018);
     |     ^^^^^^^^^^^^^^^^^^^^^^^^^^^^^^^^^^^^^^^^^^^^^^^^^^^^^^^^^
     |
     = help: for further information visit https://rust-lang.github.io/rust-clippy/master/index.html#float_cmp

error: strict comparison of `f32` or `f64`
    --> crates/openwepp-land-surface-energy/src/m1_coupled_tests.rs:3414:5
     |
3414 |     assert_eq!(norm, 1.0, "actual reduced F norm");
     |     ^^^^^^^^^^^^^^^^^^^^^^^^^^^^^^^^^^^^^^^^^^^^^^
     |
     = help: for further information visit https://rust-lang.github.io/rust-clippy/master/index.html#float_cmp

error: the loop variable `row` is used to index `norm_control`
    --> crates/openwepp-land-surface-energy/src/m1_coupled_tests.rs:3415:16
     |
3415 |     for row in 0..21 {
     |                ^^^^^
     |
     = help: for further information visit https://rust-lang.github.io/rust-clippy/master/index.html#needless_range_loop
     = note: `-D clippy::needless-range-loop` implied by `-D warnings`
     = help: to override `-D warnings` add `#[allow(clippy::needless_range_loop)]`
help: consider using an iterator and enumerate()
     |
3415 -     for row in 0..21 {
3415 +     for (row, <item>) in norm_control.iter().enumerate().take(21) {
     |

error: strict comparison of `f32` or `f64`
    --> crates/openwepp-land-surface-energy/src/m1_coupled_tests.rs:3416:9
     |
3416 | /         assert_eq!(
3417 | |             norm_control[row]
3418 | |                 .iter()
3419 | |                 .zip(&direction)
...    |
3423 | |             "reconstructed reduced row {row}"
3424 | |         );
     | |_________^
     |
     = help: for further information visit https://rust-lang.github.io/rust-clippy/master/index.html#float_cmp

error: strict comparison of `f32` or `f64`
    --> crates/openwepp-land-surface-energy/src/m1_coupled_tests.rs:3426:5
     |
3426 |     assert_eq!(direction[5], 0.0, "upper affine dD=-D");
     |     ^^^^^^^^^^^^^^^^^^^^^^^^^^^^^^^^^^^^^^^^^^^^^^^^^^^
     |
     = help: for further information visit https://rust-lang.github.io/rust-clippy/master/index.html#float_cmp

error: strict comparison of `f32` or `f64`
    --> crates/openwepp-land-surface-energy/src/m1_coupled_tests.rs:3427:5
     |
3427 |     assert_eq!(direction[11], 0.0, "lower affine dD=-D");
     |     ^^^^^^^^^^^^^^^^^^^^^^^^^^^^^^^^^^^^^^^^^^^^^^^^^^^^
     |
     = help: for further information visit https://rust-lang.github.io/rust-clippy/master/index.html#float_cmp

error: the loop variable `index` is used to index `matrix`
    --> crates/openwepp-land-surface-energy/src/m1_coupled_tests.rs:3435:18
     |
3435 |     for index in 0..21 {
     |                  ^^^^^
     |
     = help: for further information visit https://rust-lang.github.io/rust-clippy/master/index.html#needless_range_loop
help: consider using an iterator and enumerate()
     |
3435 -     for index in 0..21 {
3435 +     for (index, <item>) in matrix.iter_mut().enumerate().take(21) {
     |

error: strict comparison of `f32` or `f64`
    --> crates/openwepp-land-surface-energy/src/m1_coupled_tests.rs:3445:5
     |
3445 | /     assert_eq!(
3446 | |         matrix[5][5],
3447 | |         metadata.duration_s[0] / metadata.row_scales[0]
3448 | |     );
     | |_____^
     |
     = help: for further information visit https://rust-lang.github.io/rust-clippy/master/index.html#float_cmp

error: strict comparison of `f32` or `f64`
    --> crates/openwepp-land-surface-energy/src/m1_coupled_tests.rs:3449:5
     |
3449 | /     assert_eq!(
3450 | |         rhs[5],
3451 | |         -(metadata.raw_drainage_residual[0] / metadata.row_scales[0])
3452 | |     );
     | |_____^
     |
     = help: for further information visit https://rust-lang.github.io/rust-clippy/master/index.html#float_cmp

error: strict comparison of `f32` or `f64`
    --> crates/openwepp-land-surface-energy/src/m1_coupled_tests.rs:3606:5
     |
3606 |     assert_eq!(-333_700.0 / 8192.0 + 333_700.0 * (1.0 / 8192.0), 0.0);
     |     ^^^^^^^^^^^^^^^^^^^^^^^^^^^^^^^^^^^^^^^^^^^^^^^^^^^^^^^^^^^^^^^^^
     |
     = help: for further information visit https://rust-lang.github.io/rust-clippy/master/index.html#float_cmp

error: strict comparison of `f32` or `f64`
    --> crates/openwepp-land-surface-energy/src/m1_coupled_tests.rs:3607:5
     |
3607 |     assert_eq!(1.0 / 8192.0 + (-333_700.0 / 8192.0) / 333_700.0, 0.0);
     |     ^^^^^^^^^^^^^^^^^^^^^^^^^^^^^^^^^^^^^^^^^^^^^^^^^^^^^^^^^^^^^^^^^
     |
     = help: for further information visit https://rust-lang.github.io/rust-clippy/master/index.html#float_cmp

error: this function has too many lines (166/100)
    --> crates/openwepp-land-surface-energy/src/m1_coupled_tests.rs:3728:1
     |
3728 | fn m1_phase_join_expected_red_binds_all_primal_rows_and_bounded_work() {
     | ^^^^^^^^^^^^^^^^^^^^^^^^^^^^^^^^^^^^^^^^^^^^^^^^^^^^^^^^^^^^^^^^^^^^^^
     |
     = help: for further information visit https://rust-lang.github.io/rust-clippy/master/index.html#too_many_lines

error: this argument is passed by value, but not consumed in the function body
    --> crates/openwepp-land-surface-energy/src/m1_coupled_tests.rs:4124:41
     |
4124 | fn assert_m1_diagnostic_envelope(error: M1CoupledError) {
     |                                         ^^^^^^^^^^^^^^
     |
     = help: for further information visit https://rust-lang.github.io/rust-clippy/master/index.html#needless_pass_by_value
help: consider taking a reference instead
     |
4124 | fn assert_m1_diagnostic_envelope(error: &M1CoupledError) {
     |                                         +

error: this function has too many lines (109/100)
    --> crates/openwepp-land-surface-energy/src/m1_coupled_tests.rs:4161:1
     |
4161 | fn m1_diagnostic_envelope_binds_actual_topology_and_rejects_structural_poison_first() {
     | ^^^^^^^^^^^^^^^^^^^^^^^^^^^^^^^^^^^^^^^^^^^^^^^^^^^^^^^^^^^^^^^^^^^^^^^^^^^^^^^^^^^^^
     |
     = help: for further information visit https://rust-lang.github.io/rust-clippy/master/index.html#too_many_lines

error: strict comparison of `f32` or `f64`
    --> crates/openwepp-land-surface-energy/src/m1_coupled_tests.rs:4313:5
     |
4313 | /     assert_eq!(
4314 | |         evaluation.reservoir_operands()[0].incident_enthalpy_j_kg,
4315 | |         0.0
4316 | |     );
     | |_____^
     |
     = help: for further information visit https://rust-lang.github.io/rust-clippy/master/index.html#float_cmp

error: these match arms have identical bodies
    --> crates/openwepp-land-surface-energy/src/m1_coupled_tests.rs:4526:13
     |
4526 |             3 | 9 => 1e-8,
     |             ^^^^^^^^^^^^^
...
4529 |             13 => 1e-8,
     |             ^^^^^^^^^^
     |
     = help: if this is unintentional make the arms return different values
     = help: for further information visit https://rust-lang.github.io/rust-clippy/master/index.html#match_same_arms
help: otherwise merge the patterns into a single arm
     |
4526 ~             4 | 10 => 1e-3,
4527 |             5 | 11 => 1e-10,
4528 ~             3 | 9 | 13 => 1e-8,
     |

error: this function has too many lines (200/100)
    --> crates/openwepp-land-surface-energy/src/m1_coupled_tests.rs:4643:1
     |
4643 | fn m1_frozen_radiation_columns_and_all_four_gas_rows_bind_physical_outputs() {
     | ^^^^^^^^^^^^^^^^^^^^^^^^^^^^^^^^^^^^^^^^^^^^^^^^^^^^^^^^^^^^^^^^^^^^^^^^^^^^
     |
     = help: for further information visit https://rust-lang.github.io/rust-clippy/master/index.html#too_many_lines

error: strict comparison of `f32` or `f64`
    --> crates/openwepp-land-surface-energy/src/m1_coupled_tests.rs:4748:9
     |
4748 |         assert_eq!(actual.sun.beta, decimal(&sun["beta"]));
     |         ^^^^^^^^^^^^^^^^^^^^^^^^^^^^^^^^^^^^^^^^^^^^^^^^^^
     |
     = help: for further information visit https://rust-lang.github.io/rust-clippy/master/index.html#float_cmp

error: strict comparison of `f32` or `f64`
    --> crates/openwepp-land-surface-energy/src/m1_coupled_tests.rs:4749:9
     |
4749 |         assert_eq!(actual.shade.beta, decimal(&shade["beta"]));
     |         ^^^^^^^^^^^^^^^^^^^^^^^^^^^^^^^^^^^^^^^^^^^^^^^^^^^^^^
     |
     = help: for further information visit https://rust-lang.github.io/rust-clippy/master/index.html#float_cmp

error: strict comparison of `f32` or `f64`
    --> crates/openwepp-land-surface-energy/src/m1_coupled_tests.rs:4787:9
     |
4787 |         assert_eq!(actual.sun.vapor_kg_m2_tile_s, 0.0);
     |         ^^^^^^^^^^^^^^^^^^^^^^^^^^^^^^^^^^^^^^^^^^^^^^
     |
     = help: for further information visit https://rust-lang.github.io/rust-clippy/master/index.html#float_cmp

error: strict comparison of `f32` or `f64`
    --> crates/openwepp-land-surface-energy/src/m1_coupled_tests.rs:4788:9
     |
4788 |         assert_eq!(actual.sun.net_assimilation, 0.0);
     |         ^^^^^^^^^^^^^^^^^^^^^^^^^^^^^^^^^^^^^^^^^^^^
     |
     = help: for further information visit https://rust-lang.github.io/rust-clippy/master/index.html#float_cmp

error: this function has too many lines (173/100)
  --> crates/openwepp-land-surface-energy/src/m1_zero_par_tests.rs:34:1
   |
34 | fn m1_internal_liquid_zero_par_rows_match_frozen_gas_controls() {
   | ^^^^^^^^^^^^^^^^^^^^^^^^^^^^^^^^^^^^^^^^^^^^^^^^^^^^^^^^^^^^^^^
   |
   = help: for further information visit https://rust-lang.github.io/rust-clippy/master/index.html#too_many_lines

error: strict comparison of `f32` or `f64`
  --> crates/openwepp-land-surface-energy/src/m1_zero_par_tests.rs:85:9
   |
85 |         assert_eq!(sun.beta, decimal(&leaves[0]["beta"]));
   |         ^^^^^^^^^^^^^^^^^^^^^^^^^^^^^^^^^^^^^^^^^^^^^^^^^
   |
   = help: for further information visit https://rust-lang.github.io/rust-clippy/master/index.html#float_cmp

error: strict comparison of `f32` or `f64`
  --> crates/openwepp-land-surface-energy/src/m1_zero_par_tests.rs:86:9
   |
86 |         assert_eq!(shade.beta, decimal(&leaves[1]["beta"]));
   |         ^^^^^^^^^^^^^^^^^^^^^^^^^^^^^^^^^^^^^^^^^^^^^^^^^^^
   |
   = help: for further information visit https://rust-lang.github.io/rust-clippy/master/index.html#float_cmp

error: strict comparison of `f32` or `f64`
  --> crates/openwepp-land-surface-energy/src/m1_zero_par_tests.rs:98:9
   |
98 |         assert_eq!(sun.gross_assimilation_umol_co2_m2_leaf_s, 0.0);
   |         ^^^^^^^^^^^^^^^^^^^^^^^^^^^^^^^^^^^^^^^^^^^^^^^^^^^^^^^^^^
   |
   = help: for further information visit https://rust-lang.github.io/rust-clippy/master/index.html#float_cmp

error: strict comparison of `f32` or `f64`
  --> crates/openwepp-land-surface-energy/src/m1_zero_par_tests.rs:99:9
   |
99 |         assert_eq!(sun.net_assimilation_umol_co2_m2_leaf_s, 0.0);
   |         ^^^^^^^^^^^^^^^^^^^^^^^^^^^^^^^^^^^^^^^^^^^^^^^^^^^^^^^^
   |
   = help: for further information visit https://rust-lang.github.io/rust-clippy/master/index.html#float_cmp

error: strict comparison of `f32` or `f64`
   --> crates/openwepp-land-surface-energy/src/m1_zero_par_tests.rs:100:9
    |
100 |         assert_eq!(sun.dark_respiration_umol_co2_m2_leaf_s, 0.0);
    |         ^^^^^^^^^^^^^^^^^^^^^^^^^^^^^^^^^^^^^^^^^^^^^^^^^^^^^^^^
    |
    = help: for further information visit https://rust-lang.github.io/rust-clippy/master/index.html#float_cmp

error: strict comparison of `f32` or `f64`
   --> crates/openwepp-land-surface-energy/src/m1_zero_par_tests.rs:136:9
    |
136 |         assert_eq!(sun.vapor_kg_m2_tile_s, 0.0);
    |         ^^^^^^^^^^^^^^^^^^^^^^^^^^^^^^^^^^^^^^^
    |
    = help: for further information visit https://rust-lang.github.io/rust-clippy/master/index.html#float_cmp

error: the `Err`-variant returned from this closure is very large
   --> crates/openwepp-land-surface-energy/src/m1_zero_par_tests.rs:218:18
    |
218 |       let invoke = |leaf, q, pressure| {
    |  __________________^
219 | |         m1_zero_par_leaf_state(
220 | |             leaf,
221 | |             column.occupancies[0].biochemical,
...   |
231 | |     };
    | |_____^
    |
   ::: crates/openwepp-land-surface-energy/src/solver_covered_evaluation.rs:676:5
    |
676 |       Numerical(crate::numerics::NumericalFailure),
    |       -------------------------------------------- the largest variant contains at least 248 bytes
    |
    = help: try reducing the size of `solver::M1CoupledError`, for example by boxing large elements or replacing it with `Box<solver::M1CoupledError>`
    = help: for further information visit https://rust-lang.github.io/rust-clippy/master/index.html#result_large_err

error: this function has too many lines (176/100)
   --> crates/openwepp-land-surface-energy/src/m1_zero_par_tests.rs:265:1
    |
265 | fn m1_zero_par_leaf_rejects_every_nonfinite_gas_operand_with_saturation_code() {
    | ^^^^^^^^^^^^^^^^^^^^^^^^^^^^^^^^^^^^^^^^^^^^^^^^^^^^^^^^^^^^^^^^^^^^^^^^^^^^^^
    |
    = help: for further information visit https://rust-lang.github.io/rust-clippy/master/index.html#too_many_lines

error: the `Err`-variant returned from this closure is very large
   --> crates/openwepp-land-surface-energy/src/m1_zero_par_tests.rs:271:18
    |
271 |       let invoke = |leaf, leaf_t, canopy_t, q, p, ca, gb, g0, fw| {
    |  __________________^
272 | |         m1_zero_par_leaf_state(leaf, biochemical, leaf_t, canopy_t, q, p, ca, gb, g0, fw)
273 | |     };
    | |_____^
    |
   ::: crates/openwepp-land-surface-energy/src/solver_covered_evaluation.rs:676:5
    |
676 |       Numerical(crate::numerics::NumericalFailure),
    |       -------------------------------------------- the largest variant contains at least 248 bytes
    |
    = help: try reducing the size of `solver::M1CoupledError`, for example by boxing large elements or replacing it with `Box<solver::M1CoupledError>`
    = help: for further information visit https://rust-lang.github.io/rust-clippy/master/index.html#result_large_err

error: strict comparison of `f32` or `f64`
  --> crates/openwepp-land-surface-energy/src/snow_accuracy_policy_tests.rs:47:9
   |
47 |         assert_eq!(support_seconds(), 60.0);
   |         ^^^^^^^^^^^^^^^^^^^^^^^^^^^^^^^^^^^
   |
   = help: for further information visit https://rust-lang.github.io/rust-clippy/master/index.html#float_cmp

error: strict comparison of `f32` or `f64`
  --> crates/openwepp-land-surface-energy/src/snow_accuracy_policy_tests.rs:49:5
   |
49 |     assert_eq!(support_seconds(), 600.0);
   |     ^^^^^^^^^^^^^^^^^^^^^^^^^^^^^^^^^^^^
   |
   = help: for further information visit https://rust-lang.github.io/rust-clippy/master/index.html#float_cmp

error: items after a test module
   --> crates/openwepp-land-surface-energy/src/transaction_v3_open.rs:204:1
    |
204 | mod tests {
    | ^^^^^^^^^
...
357 | impl V3OpenPotentialPhase {
    | ^^^^^^^^^^^^^^^^^^^^^^^^^
    |
    = help: for further information visit https://rust-lang.github.io/rust-clippy/master/index.html#items_after_test_module
    = note: `-D clippy::items-after-test-module` implied by `-D warnings`
    = help: to override `-D warnings` add `#[allow(clippy::items_after_test_module)]`
    = help: move the items to before the test module was defined

error: this function has too many lines (110/100)
   --> crates/openwepp-land-surface-energy/src/transaction_v3_open.rs:242:5
    |
242 |     fn v3_open_transaction_phase_custody_and_rejection() {
    |     ^^^^^^^^^^^^^^^^^^^^^^^^^^^^^^^^^^^^^^^^^^^^^^^^^^^^
    |
    = help: for further information visit https://rust-lang.github.io/rust-clippy/master/index.html#too_many_lines

error: could not compile `openwepp-land-surface-energy` (lib test) due to 228 previous errors
