openWEPP Nix shell
  target:  /workdir/.cache/openwepp/targets/cold-canopy-m1-20260920-addb8c0a2f84
  scratch: /tmp/openwepp-roger-cold-canopy-m1-20260920-addb8c0a2f84
  cache:   /workdir/.cache/openwepp
openwepp-hillslope-orchestrator coupled_time_reference::tests::closed_protocol_is_restart_equivalent_and_atomic
openwepp-hillslope-orchestrator coupled_time_reference::tests::outbox_is_durable_across_commit_delivery_and_ack_crashes
openwepp-hillslope-orchestrator coupled_time_reference::tests::reconstructor_separates_rejected_and_nominal_duration_aliases
openwepp-hillslope-orchestrator direct_runtime::cqr_direct_runtime_error_display_tests::direct_runtime_audit_counter_records_specialized_events_locally
openwepp-hillslope-orchestrator direct_runtime::cqr_direct_runtime_error_display_tests::direct_runtime_error_display_preserves_frame_and_publication_diagnostics
openwepp-hillslope-orchestrator direct_runtime::cqr_direct_runtime_error_display_tests::direct_runtime_error_display_preserves_guard_and_execution_diagnostics
openwepp-hillslope-orchestrator direct_runtime::cqr_direct_runtime_error_display_tests::direct_runtime_error_display_preserves_identity_and_topology_diagnostics
openwepp-hillslope-orchestrator direct_runtime::cqr_direct_runtime_error_display_tests::direct_runtime_error_display_preserves_index_and_domain_diagnostics
openwepp-hillslope-orchestrator direct_runtime::cqr_direct_runtime_error_display_tests::snow_mass_transition_error_remains_a_typed_direct_runtime_source
openwepp-hillslope-orchestrator direct_runtime::cqr_executor_tests::cqr_active_selector_and_first_day_empty_layer_payloads_take_guarded_branches
openwepp-hillslope-orchestrator direct_runtime::cqr_executor_tests::cqr_apply_publication_input_covers_optional_payloads_and_guard_priority
openwepp-hillslope-orchestrator direct_runtime::cqr_executor_tests::cqr_day_execution_failure_enriches_aggregate_storage_context
openwepp-hillslope-orchestrator direct_runtime::cqr_executor_tests::cqr_day_execution_failure_preserves_context_and_runoff_diagnostics
openwepp-hillslope-orchestrator direct_runtime::cqr_executor_tests::cqr_erosion_inflow_publisher_covers_errors_and_downstream_publication
openwepp-hillslope-orchestrator direct_runtime::cqr_executor_tests::cqr_executor_mode_and_phase_status_cover_both_lifecycle_arms
openwepp-hillslope-orchestrator direct_runtime::cqr_executor_tests::cqr_publication_layer_inputs_cover_carry_forward_and_cardinality_guards
openwepp-hillslope-orchestrator direct_runtime::cqr_executor_tests::cqr_stage3_active_day_defers_to_the_exact_committed_owner
openwepp-hillslope-orchestrator direct_runtime::cqr_executor_tests::laned_active_nonterminal_public_runoff_preserves_accepted_scalars
openwepp-hillslope-orchestrator direct_runtime::cqr_executor_tests::laned_active_public_day_ledger_closes_storage_and_clamp_or_rejects
openwepp-hillslope-orchestrator direct_runtime::cqr_executor_tests::laned_active_public_hourly_pair_invalid_sediment_rolls_back
openwepp-hillslope-orchestrator direct_runtime::cqr_executor_tests::laned_active_public_hourly_pair_mismatch_rolls_back
openwepp-hillslope-orchestrator direct_runtime::cqr_executor_tests::laned_active_public_hourly_pair_missing_sources_roll_back
openwepp-hillslope-orchestrator direct_runtime::cqr_executor_tests::laned_active_public_hourly_pair_preserves_all_24_bins_and_peak
openwepp-hillslope-orchestrator direct_runtime::cqr_executor_tests::laned_active_public_hourly_pair_preserves_matching_nonzero_sediment
openwepp-hillslope-orchestrator direct_runtime::cqr_executor_tests::laned_active_terminal_public_runoff_invalid_weights_roll_back
openwepp-hillslope-orchestrator direct_runtime::cqr_executor_tests::laned_active_terminal_public_runoff_uses_exact_outlet_and_hourly_peak
openwepp-hillslope-orchestrator direct_runtime::cqr_executor_tests::native_continuation_preserves_restored_routing_before_first_prepare
openwepp-hillslope-orchestrator direct_runtime::cqr_executor_tests::stage3_publication_requires_routing_only_for_the_authoritative_active_posture
openwepp-hillslope-orchestrator direct_runtime::cqr_publication_tests::cqr_day_row_reconstructs_distinct_operands_and_rejects_storage_alias_mismatch
openwepp-hillslope-orchestrator direct_runtime::cqr_publication_tests::cqr_frost_projection_covers_absent_valid_and_invalid_domains
openwepp-hillslope-orchestrator direct_runtime::cqr_publication_tests::cqr_publication_helpers_cover_guards_and_optional_authority_branches
openwepp-hillslope-orchestrator direct_runtime::cqr_publication_tests::cqr_publication_input_and_frame_accessors_cover_empty_and_complete_states
openwepp-hillslope-orchestrator direct_runtime::cqr_publication_tests::cqr_storage_operands_fail_closed_in_operand_order
openwepp-hillslope-orchestrator direct_runtime::cqr_publication_tests::cqr_water_temperature_accepts_nonpositive_and_ledger_rejects_positive_meltwater
openwepp-hillslope-orchestrator direct_runtime::cqr_publication_tests::publication_peak_scales_area_once_and_guards_its_boundary
openwepp-hillslope-orchestrator direct_runtime::cqr_row7_publication_tests::cqr_row7_frost_layer_carry_projection_validates_domains_and_projects_theta
openwepp-hillslope-orchestrator direct_runtime::cqr_row9_direct_runtime_tests::cqr_row9_commit_day_prefers_latest_layer_sources_and_rejects_wrong_lane
openwepp-hillslope-orchestrator direct_runtime::cqr_row9_direct_runtime_tests::cqr_row9_core_validators_cover_day_lane_snow_and_frost_guards
openwepp-hillslope-orchestrator direct_runtime::cqr_row9_direct_runtime_tests::cqr_row9_pmet_branch_helpers_cover_coefficient_edges
openwepp-hillslope-orchestrator direct_runtime::cqr_row9_direct_runtime_tests::cqr_row9_pmet_compute_covers_nominal_storage_and_guard_paths
openwepp-hillslope-orchestrator direct_runtime::cqr_row9_direct_runtime_tests::cqr_row9_stage_soil_evaporation_covers_stage_one_stage_two_and_reset
openwepp-hillslope-orchestrator direct_runtime::cqr_row9_direct_runtime_tests::cqr_row9_surface_et_span_covers_pmet_and_staged_manual_demands
openwepp-hillslope-orchestrator direct_runtime::erosion::hb01_tests::hb01_a_c_g_zero_local_runoff_still_routes_positive_upstream_sediment
openwepp-hillslope-orchestrator direct_runtime::erosion::hb01_tests::hb01_a_g_nominal_detachment_satisfies_formulas_and_continuity
openwepp-hillslope-orchestrator direct_runtime::erosion::hb01_tests::hb01_a_real_r7d6_consumer_publishes_wave1_state_and_operands
openwepp-hillslope-orchestrator direct_runtime::erosion::hb01_tests::hb01_b_c_threshold_and_deposition_branches_are_exact
openwepp-hillslope-orchestrator direct_runtime::erosion::hb01_tests::hb01_b_d_h_every_strict_positive_input_rejects_zero_with_exact_field
openwepp-hillslope-orchestrator direct_runtime::erosion::hb01_tests::hb01_b_d_h_partition_and_tcadjf_domains_fail_closed
openwepp-hillslope-orchestrator direct_runtime::erosion::hb01_tests::hb01_b_exact_zero_authoritative_runoff_suppresses_only_pointwise_wave1
openwepp-hillslope-orchestrator direct_runtime::erosion::hb01_tests::hb01_d_f_h_malformed_authoritative_runoff_is_not_suppressed
openwepp-hillslope-orchestrator direct_runtime::erosion::hb01_tests::hb01_f_h_every_required_scalar_rejects_all_nonfinite_values
openwepp-hillslope-orchestrator direct_runtime::erosion::hb01_tests::hb01_g_duration_custody_uses_absolute_seconds_at_multiple_scales
openwepp-hillslope-orchestrator direct_runtime::erosion::hb01_tests::hb01_g_h_watdur_and_sediment_residuals_fail_closed
openwepp-hillslope-orchestrator direct_runtime::erosion::hb01_tests::hb01_h_first_invalid_input_retains_guard_priority
openwepp-hillslope-orchestrator direct_runtime::erosion_continuity::hb04_internal_characterization::dispatch_detachment_characterizes_every_shear_regime_and_start_branch
openwepp-hillslope-orchestrator direct_runtime::erosion_continuity::hb04_internal_characterization::eb04w2c_flux_closure_reports_single_and_long_run_scale
openwepp-hillslope-orchestrator direct_runtime::erosion_continuity::hb04_internal_characterization::eb04w2c_flux_closure_splits_numerical_zones_regions_and_clamps
openwepp-hillslope-orchestrator direct_runtime::erosion_continuity::hb04_internal_characterization::eb04w2c_flux_gate_rejects_a_perturbed_committed_load
openwepp-hillslope-orchestrator direct_runtime::erosion_continuity::hb04_internal_characterization::eb04w2c_grid_alignment_tolerance_has_inside_and_outside_edges
openwepp-hillslope-orchestrator direct_runtime::erosion_continuity::hb04_internal_characterization::eb04w2c_hourly_consumer_surfaces_only_flux_refusals
openwepp-hillslope-orchestrator direct_runtime::erosion_continuity::hb04_internal_characterization::eb04w2c_matched_order_flux_quadrature_covers_even_and_odd_blocks
openwepp-hillslope-orchestrator direct_runtime::erosion_continuity::hb04_internal_characterization::eb04w2c_non_grid_solver_boundaries_start_new_diagnostic_zones
openwepp-hillslope-orchestrator direct_runtime::erosion_continuity::hb04_internal_characterization::enrichment_trace_load_floor_preserves_nonnegative_unit_composition
openwepp-hillslope-orchestrator direct_runtime::erosion_continuity::hb04_internal_characterization::erod_characterizes_segment_end_and_deposition_onset_outcomes
openwepp-hillslope-orchestrator direct_runtime::erosion_continuity::hb04_internal_characterization::erod_march_characterizes_flow_end_zero_capacity_and_grid_end
openwepp-hillslope-orchestrator direct_runtime::erosion_continuity::hb04_internal_characterization::erod_onset_characterizes_all_legacy_flags_and_bracket_updates
openwepp-hillslope-orchestrator direct_runtime::erosion_continuity::hb04_internal_characterization::erod_preparation_characterizes_complete_and_onset_variants
openwepp-hillslope-orchestrator direct_runtime::erosion_continuity::hb04_internal_characterization::geometry_validation_rejects_each_missing_positive_operand_at_its_call_site
openwepp-hillslope-orchestrator direct_runtime::erosion_continuity::hb04_internal_characterization::inter_ofe_continuity_characterizes_bounded_ratio_denominators
openwepp-hillslope-orchestrator direct_runtime::erosion_continuity::hb04_internal_characterization::route_characterizes_typed_empty_error_flow_end_and_deposition_paths
openwepp-hillslope-orchestrator direct_runtime::erosion_continuity::hb04_internal_characterization::xcrit_nonconvex_rising_subinterval_is_characterized
openwepp-hillslope-orchestrator direct_runtime::growth::cqr_row6_growth_tests::cqr_row6_annual_schedule_domain_covers_action_and_window_branches
openwepp-hillslope-orchestrator direct_runtime::growth::cqr_row6_growth_tests::cqr_row6_equation_input_validation_covers_guard_families
openwepp-hillslope-orchestrator direct_runtime::growth::cqr_row6_growth_tests::cqr_row6_perennial_schedule_domain_covers_action_and_optional_day_branches
openwepp-hillslope-orchestrator direct_runtime::growth::cqr_row6_growth_tests::intval_zero_perennial_root_cap_uses_saturated_branch_before_division
openwepp-hillslope-orchestrator direct_runtime::growth::cqr_row6_growth_tests::legacy_canopy_height_preserves_exact_zero_short_circuits
openwepp-hillslope-orchestrator direct_runtime::growth::cqr_row6_growth_tests::native_canopy_height_is_monotone_and_allows_finite_saturation
openwepp-hillslope-orchestrator direct_runtime::growth::cqr_row6_growth_tests::native_canopy_height_rejects_invalid_and_incoherent_arithmetic
openwepp-hillslope-orchestrator direct_runtime::growth::cqr_row6_growth_tests::native_canopy_height_reprojects_gsi_transition_states
openwepp-hillslope-orchestrator direct_runtime::growth::cqr_row6_growth_tests::native_canopy_height_zero_positive_and_structural_vectors
openwepp-hillslope-orchestrator direct_runtime::growth::cqr_row6_growth_tests::typed_state_override_is_the_published_perennial_state
openwepp-hillslope-orchestrator direct_runtime::hydrology_frame_projection_changes_for_physical_lane_field_poison
openwepp-hillslope-orchestrator direct_runtime::laned_active::tests::active_config_validation_preserves_guard_priority_and_trace_dependencies
openwepp-hillslope-orchestrator direct_runtime::laned_active::tests::active_route_emits_trace_detail_and_step_trace_together
openwepp-hillslope-orchestrator direct_runtime::laned_active::tests::active_route_uses_post_growth_canhgt_not_static_lane_config
openwepp-hillslope-orchestrator direct_runtime::laned_active::tests::active_route_validates_dynamic_operands_in_order
openwepp-hillslope-orchestrator direct_runtime::laned_active::tests::day_closure_enforces_cascade_and_identity_tolerances
openwepp-hillslope-orchestrator direct_runtime::laned_active::tests::day_window_matches_rev27_rule
openwepp-hillslope-orchestrator direct_runtime::laned_active::tests::groundwater_summary_books_enabled_day_and_all_fluxes
openwepp-hillslope-orchestrator direct_runtime::laned_active::tests::lane_source_binds_upstreams_numeric_guards_and_weighted_depths
openwepp-hillslope-orchestrator direct_runtime::laned_active::tests::mesh_policy_defaults_summaries_and_rejects_invalid_variants
openwepp-hillslope-orchestrator direct_runtime::laned_active::tests::mesh_policy_resolves_production_dx5_target_floor_and_cap
openwepp-hillslope-orchestrator direct_runtime::laned_active::tests::no_dc01_guard_and_route_guard_priority_fail_closed
openwepp-hillslope-orchestrator direct_runtime::laned_active::tests::routed_erosion_weights_degenerate_to_source_shape_on_full_mesh_hold
openwepp-hillslope-orchestrator direct_runtime::laned_active::tests::routed_erosion_weights_dry_lane_is_all_zero
openwepp-hillslope-orchestrator direct_runtime::laned_active::tests::routed_erosion_weights_hour_align_and_tail_fold
openwepp-hillslope-orchestrator direct_runtime::laned_active::tests::trace_filter_and_solver_trace_conversions_preserve_indices_and_width_basis
openwepp-hillslope-orchestrator direct_runtime::snow_stage3_shadow::tests::disabled_attachment_is_absent_from_the_default_frame
openwepp-hillslope-orchestrator direct_runtime::snow_stage3_shadow::tests::ordinary_attachment_stages_terminal_receiver_and_restart_round_trips
openwepp-hillslope-orchestrator direct_runtime::snow_stage3_shadow::tests::publication_batch_discards_late_failure_and_owner_candidates
openwepp-hillslope-orchestrator direct_runtime::snow_stage3_v11_scheduler::tests::production_chronology_builds_exactly_48_contiguous_supports
openwepp-hillslope-orchestrator direct_runtime::snow_stage3_v11_scheduler::tests::production_chronology_joins_days_without_midnight_gap_or_overlap
openwepp-hillslope-orchestrator direct_runtime::snow_stage3_v11_scheduler_tests::stage3_scheduler_builds_48_support_days_just_in_time_across_midnight
openwepp-hillslope-orchestrator direct_runtime::snow_stage3_v11_scheduler_tests::stage3_scheduler_prepares_and_commits_every_day_of_a_complete_season_once
openwepp-hillslope-orchestrator direct_runtime::snow_stage3_v11_scheduler_tests::stage3_scheduler_prepares_once_before_two_lanes_and_commits_after_complete_day
openwepp-hillslope-orchestrator direct_runtime::stage3_committed_publication::tests::accepted_precipitation_identity_rejects_substitution_without_conflating_temperature_means
openwepp-hillslope-orchestrator direct_runtime::stage3_committed_publication::tests::accepted_publication_source_contains_no_forbidden_operand_fabrication
openwepp-hillslope-orchestrator direct_runtime::stage3_committed_publication::tests::accepted_runon_receipts_close_destination_basis_and_reject_adjacent_aliases
openwepp-hillslope-orchestrator direct_runtime::stage3_committed_publication::tests::accepted_terminal_liquid_requires_exact_sealed_receiver_custody
openwepp-hillslope-orchestrator direct_runtime::stage3_committed_publication::tests::accepted_wat5_hyetograph_preserves_overlapping_segment_shape_and_magnitude
openwepp-hillslope-orchestrator direct_runtime::stage3_committed_publication::tests::accepted_wat5_receipt_profile_preserves_source_and_disposition_ledgers_without_second_solve
openwepp-hillslope-orchestrator direct_runtime::stage3_committed_publication::tests::accepted_wat5_receipt_profile_rejects_source_disposition_omission_or_duplication
openwepp-hillslope-orchestrator direct_runtime::stage3_committed_publication::tests::accepted_wb14_partition_poison_rolls_back_without_mutation
openwepp-hillslope-orchestrator direct_runtime::stage3_committed_publication::tests::accepted_wb14_partition_preserves_exact_bins_and_excludes_subsurface_carry
openwepp-hillslope-orchestrator direct_runtime::stage3_committed_publication::tests::accepted_wb14_partition_rejects_subsurface_carry_as_a_surface_bin
openwepp-hillslope-orchestrator direct_runtime::stage3_committed_publication::tests::accepted_wb14_scalar_material_mismatch_fails_without_mutation
openwepp-hillslope-orchestrator direct_runtime::stage3_committed_publication::tests::accepted_wb14_scalar_reconciliation_accepts_below_and_at_contract_bound
openwepp-hillslope-orchestrator direct_runtime::stage3_committed_publication::tests::accepted_wb14_scalar_reconciliation_preserves_subthreshold_positive_source
openwepp-hillslope-orchestrator direct_runtime::stage3_committed_publication::tests::adaptive_day_support_gate_accepts_exact_48_parent_groups
openwepp-hillslope-orchestrator direct_runtime::stage3_committed_publication::tests::adaptive_day_support_gate_rejects_omission_duplicate_and_reorder
openwepp-hillslope-orchestrator direct_runtime::stage3_committed_publication::tests::adaptive_day_support_gate_rejects_parent_and_interval_substitution
openwepp-hillslope-orchestrator direct_runtime::stage3_committed_publication::tests::adaptive_day_support_gate_rejects_subfloor_and_off_grid_microsteps
openwepp-hillslope-orchestrator direct_runtime::stage3_committed_publication::tests::adaptive_day_support_gate_traverses_authenticated_event_owner_bridges
openwepp-hillslope-orchestrator direct_runtime::stage3_committed_publication::tests::committed_capability_rejects_missing_incomplete_and_poisoned_frames
openwepp-hillslope-orchestrator direct_runtime::stage3_committed_publication::tests::committed_producer_is_the_real_row_consumer_and_never_overwritten
openwepp-hillslope-orchestrator direct_runtime::stage3_committed_publication::tests::compact_accepted_validation_is_bounded_and_trial_count_independent
openwepp-hillslope-orchestrator direct_runtime::stage3_committed_publication::tests::frame_layer_substitution_cannot_replace_sealed_accepted_ending_layers
openwepp-hillslope-orchestrator direct_runtime::stage3_committed_publication::tests::meltwater_phase_reference_preserves_wb11_activity_threshold
openwepp-hillslope-orchestrator direct_runtime::stage3_committed_publication::tests::meltwater_phase_reference_rejects_omitted_or_substituted_custody_temperature
openwepp-hillslope-orchestrator direct_runtime::stage3_committed_publication::tests::mixed_terminal_custody_temperature_does_not_replace_meltwater_phase_reference
openwepp-hillslope-orchestrator direct_runtime::stage3_committed_publication::tests::native_wat5_source_dispositions_are_not_a_closing_residual
openwepp-hillslope-orchestrator direct_runtime::stage3_committed_publication::tests::parsed_soil_profile_authority_installs_exact_values_and_rejects_poisons
openwepp-hillslope-orchestrator direct_runtime::stage3_committed_publication::tests::support_liquid_publication_routes_source_runoff_and_destination_runon_once
openwepp-hillslope-orchestrator direct_runtime::stage3_committed_publication::tests::support_liquid_publication_uses_exact_capacity_dispositions_and_rejects_poisons
openwepp-hillslope-orchestrator direct_runtime::stage3_committed_publication::tests::terminal_liquid_canonicalizes_only_the_exact_one_ulp_phase_reference
openwepp-hillslope-orchestrator direct_runtime::stage3_committed_publication::tests::terminal_output_classification_is_exact_lane_support_and_mass_independent
openwepp-hillslope-orchestrator direct_runtime::stage3_committed_publication::tests::wat5_exact_segments_keep_rain_and_snow_terminal_distinct
openwepp-hillslope-orchestrator direct_runtime::stage3_committed_publication::tests::wat5_exact_segments_preserve_litter_overflow_phase_receipt_support
openwepp-hillslope-orchestrator direct_runtime::stage3_committed_publication::tests::wat5_exact_segments_preserve_routed_runon_receipt_support
openwepp-hillslope-orchestrator direct_runtime::stage3_committed_publication::tests::wat5_exact_segments_reconstruct_hourly_additional_supply_without_double_count
openwepp-hillslope-orchestrator direct_runtime::stage3_committed_publication::tests::wat5_exact_segments_reject_unknown_retimed_or_substituted_source
openwepp-hillslope-orchestrator direct_runtime::stage3_committed_publication::tests::wat5_overlapping_sources_advance_piecewise_wb14_once
openwepp-hillslope-orchestrator direct_runtime::stage3_committed_publication::tests::wb11_outcome_threshold_does_not_alias_exact_subthreshold_receiver_custody
openwepp-hillslope-orchestrator direct_runtime::stage3_cutover_source_guards::retired_snow_stage3_shadow_is_not_compiled_or_exported_in_production
openwepp-hillslope-orchestrator direct_runtime::subhourly_generation::tests::any_positive_additional_supply_fails_even_below_closure_tolerance
openwepp-hillslope-orchestrator direct_runtime::subhourly_generation::tests::constant_intensity_is_stable_across_required_input_resolutions
openwepp-hillslope-orchestrator direct_runtime::subhourly_generation::tests::delayed_ponding_is_solved_at_five_minute_boundaries
openwepp-hillslope-orchestrator direct_runtime::subhourly_generation::tests::dry_day_emits_an_empty_event
openwepp-hillslope-orchestrator direct_runtime::subhourly_generation::tests::exact_and_hour_crossing_boundaries_use_day_wide_bins
openwepp-hillslope-orchestrator direct_runtime::subhourly_generation::tests::multiple_source_intervals_accumulate_within_one_bin
openwepp-hillslope-orchestrator direct_runtime::subhourly_generation::tests::nonfinite_and_negative_source_values_fail_typed_validation
openwepp-hillslope-orchestrator direct_runtime::subhourly_generation::tests::nonponding_rain_is_retained_as_diagnostic_support_without_runoff
openwepp-hillslope-orchestrator direct_runtime::subhourly_generation::tests::out_of_day_hyetograph_support_fails_before_splitting
openwepp-hillslope-orchestrator direct_runtime::subhourly_generation::tests::positive_additional_supply_fails_without_subhourly_timing
openwepp-hillslope-orchestrator direct_runtime::subhourly_generation::tests::positive_authority_without_raw_support_fails_closed
openwepp-hillslope-orchestrator direct_runtime::subhourly_generation::tests::positive_rain_below_closure_tolerance_is_not_omitted
openwepp-hillslope-orchestrator direct_runtime::subhourly_generation::tests::pulse_crossing_a_boundary_closes_to_wb14_and_keeps_power_null
openwepp-hillslope-orchestrator direct_runtime::subhourly_generation::tests::rain_and_saturation_compose_to_the_authoritative_hour
openwepp-hillslope-orchestrator direct_runtime::subhourly_generation::tests::raw_event_closure_carries_depression_storage
openwepp-hillslope-orchestrator direct_runtime::subhourly_generation::tests::saturation_only_hour_is_a_labeled_zero_order_hold
openwepp-hillslope-orchestrator direct_runtime::subhourly_generation::tests::wat5_bounded_reconciliation_accepts_exact_tolerance_boundary
openwepp-hillslope-orchestrator direct_runtime::subhourly_generation::tests::wat5_bounded_reconciliation_is_source_order_independent
openwepp-hillslope-orchestrator direct_runtime::subhourly_generation::tests::wat5_bounded_reconciliation_places_on_latest_positive_source_piece
openwepp-hillslope-orchestrator direct_runtime::subhourly_generation::tests::wat5_bounded_reconciliation_preserves_authoritative_positive_hour
openwepp-hillslope-orchestrator direct_runtime::subhourly_generation::tests::wat5_bounded_reconciliation_preserves_raw_supply_infiltration_closure
openwepp-hillslope-orchestrator direct_runtime::subhourly_generation::tests::wat5_bounded_reconciliation_rejects_first_uniform_or_duplicate_placement
openwepp-hillslope-orchestrator direct_runtime::subhourly_generation::tests::wat5_bounded_reconciliation_rejects_first_value_above_tolerance
openwepp-hillslope-orchestrator direct_runtime::subhourly_generation::tests::wat5_bounded_reconciliation_rejects_zero_foreign_or_missing_source_support
openwepp-hillslope-orchestrator direct_runtime::subhourly_generation::tests::wat5_e004_rejects_hour_and_day_closure_mismatches
openwepp-hillslope-orchestrator direct_runtime::subsurface::cqr_row8_trace_tests::cqr_row8_percolation_trace_line_serializes_vectors_and_null_numbers
openwepp-hillslope-orchestrator direct_runtime::subsurface::cqr_row8_trace_tests::cqr_row8_subsurface_saturation_trace_line_serializes_filter_fields
openwepp-hillslope-orchestrator direct_runtime::subsurface::cqr_row8_trace_tests::cqr_row8_trace_filter_covers_day_and_lane_selectors
openwepp-hillslope-orchestrator direct_runtime::surface_liquid_closure::enthalpy_reconstruction::tests::binary_split_children_reconstruct_each_parent_q_bit_exactly
openwepp-hillslope-orchestrator direct_runtime::surface_liquid_closure::enthalpy_reconstruction::tests::canonical_last_ordered_child_reconstructs_parent_q_bit_exactly
openwepp-hillslope-orchestrator direct_runtime::surface_liquid_closure::enthalpy_reconstruction::tests::exact_full_retention_carries_child_mass_and_enthalpy_without_negative_runoff
openwepp-hillslope-orchestrator direct_runtime::surface_liquid_closure::enthalpy_reconstruction::tests::infiltration_partition_rejects_poisoned_and_overdrawn_operands
openwepp-hillslope-orchestrator direct_runtime::surface_liquid_closure::enthalpy_reconstruction::tests::near_full_infiltration_allocates_exact_nonnegative_excess_complement
openwepp-hillslope-orchestrator direct_runtime::surface_liquid_closure::enthalpy_reconstruction::tests::retained_mass_allocation_rejects_poisoned_or_nonphysical_operands
openwepp-hillslope-orchestrator direct_runtime::surface_liquid_closure::full_capacity_projection_tests::independent_projection_reconstructs_exact_full_capacity_endpoint
openwepp-hillslope-orchestrator direct_runtime::surface_liquid_closure::full_capacity_projection_tests::independent_projection_rejects_substituted_capacity_basis
openwepp-hillslope-orchestrator direct_runtime::surface_liquid_ingress::cadence_tests::exact_sixty_second_proposal_grid_rejects_one_tick_below_and_admits_larger_support
openwepp-hillslope-orchestrator direct_runtime::surface_liquid_ingress::context_tests::b01_wb14_captured_first_physical_child_must_enter_real_ingress
openwepp-hillslope-orchestrator direct_runtime::surface_liquid_ingress::context_tests::b01_wb14_captured_parent_context_passes_source_defined_joins
openwepp-hillslope-orchestrator direct_runtime::surface_liquid_ingress::context_tests::cadence_failure_is_e008_with_exact_transaction_and_attempt_hash
openwepp-hillslope-orchestrator direct_runtime::surface_liquid_ingress::context_tests::candidate_validation_preflights_public_schema_and_identity_before_closure_arithmetic
openwepp-hillslope-orchestrator direct_runtime::surface_liquid_ingress::context_tests::canonical_last_enthalpy_remainders_close_exactly_and_reject_one_ulp_loss
openwepp-hillslope-orchestrator direct_runtime::surface_liquid_ingress::context_tests::five_window_temporal_mass_uses_exact_parent_remainder_and_rejects_one_ulp_loss
openwepp-hillslope-orchestrator direct_runtime::surface_liquid_ingress::context_tests::full_infiltration_preserves_exact_source_mass_and_never_debits_surface_store
openwepp-hillslope-orchestrator direct_runtime::surface_liquid_ingress::context_tests::identity_mismatch_does_not_hide_later_comparison_scale_overflow
openwepp-hillslope-orchestrator direct_runtime::surface_liquid_ingress::context_tests::nonfinite_interval_is_e003_before_cadence
openwepp-hillslope-orchestrator direct_runtime::surface_liquid_ingress::context_tests::projection_arithmetic_e003_precedes_reordered_partition_e009
openwepp-hillslope-orchestrator direct_runtime::surface_liquid_ingress::context_tests::public_ingress_failures_retain_available_owner_and_exact_offender_context
openwepp-hillslope-orchestrator direct_runtime::surface_liquid_ingress::context_tests::unknown_ingress_identity_precedes_cardinality
openwepp-hillslope-orchestrator direct_runtime::surface_liquid_ingress::tests::arithmetic_preflight_finds_aggregate_e003_before_producer_and_finite_closure_errors
openwepp-hillslope-orchestrator direct_runtime::surface_liquid_ingress::tests::arithmetic_preflight_finds_later_store_e003_after_earlier_finite_mismatch
openwepp-hillslope-orchestrator direct_runtime::surface_liquid_ingress::tests::caller_tile_ingress_order_does_not_change_canonical_sources_or_results
openwepp-hillslope-orchestrator direct_runtime::surface_liquid_ingress::tests::capacity_endpoint_rejects_false_full_and_substituted_basis_operands
openwepp-hillslope-orchestrator direct_runtime::surface_liquid_ingress::tests::chronological_partial_overlap_closure_and_support_identity
openwepp-hillslope-orchestrator direct_runtime::surface_liquid_ingress::tests::condensation_overflow_becomes_timed_outlet_parcel
openwepp-hillslope-orchestrator direct_runtime::surface_liquid_ingress::tests::continuation_advances_48_intervals_then_requires_new_day_zero
openwepp-hillslope-orchestrator direct_runtime::surface_liquid_ingress::tests::covered_fixed_final_release_and_external_runon_share_typed_ingress
openwepp-hillslope-orchestrator direct_runtime::surface_liquid_ingress::tests::covered_terminal_ground_retains_sources_and_refuses_posture_poison_without_mutation
openwepp-hillslope-orchestrator direct_runtime::surface_liquid_ingress::tests::exact_full_capacity_retention_uses_sealed_tile_remainder_without_basis_overrun
openwepp-hillslope-orchestrator direct_runtime::surface_liquid_ingress::tests::exhaustive_source_and_receipt_domains_fail_e003_before_producer_comparison
openwepp-hillslope-orchestrator direct_runtime::surface_liquid_ingress::tests::external_precipitation_and_runon_ids_pass_independent_frozen_identity_closure
openwepp-hillslope-orchestrator direct_runtime::surface_liquid_ingress::tests::frozen_source_identity_rejects_zero_row_deletion_rekey_duplicate_and_kind_swap
openwepp-hillslope-orchestrator direct_runtime::surface_liquid_ingress::tests::independent_closure_rejects_large_finite_store_arithmetic_overflow
openwepp-hillslope-orchestrator direct_runtime::surface_liquid_ingress::tests::independent_closure_rejects_poisoned_source_operand
openwepp-hillslope-orchestrator direct_runtime::surface_liquid_ingress::tests::independent_closure_rejects_wrong_infiltration_recipient
openwepp-hillslope-orchestrator direct_runtime::surface_liquid_ingress::tests::independent_partition_rejects_owner_and_cross_tile_receipt_swaps
openwepp-hillslope-orchestrator direct_runtime::surface_liquid_ingress::tests::independent_projection_binds_persistent_stores_continuations_and_digest
openwepp-hillslope-orchestrator direct_runtime::surface_liquid_ingress::tests::mixed_kinds_unequal_area_and_downstream_local_overlap_preserve_canonical_mix
openwepp-hillslope-orchestrator direct_runtime::surface_liquid_ingress::tests::multi_tile_ofe_aggregate_failure_does_not_invent_a_tile_identity
openwepp-hillslope-orchestrator direct_runtime::surface_liquid_ingress::tests::one_1800_second_parent_child_is_bit_identical_to_production_owner_candidate
openwepp-hillslope-orchestrator direct_runtime::surface_liquid_ingress::tests::open_and_covered_ingress_are_structurally_exclusive
openwepp-hillslope-orchestrator direct_runtime::surface_liquid_ingress::tests::partial_support_routes_independently_across_multiple_hops
openwepp-hillslope-orchestrator direct_runtime::surface_liquid_ingress::tests::partition_input_membership_is_e009_and_arithmetic_e003_outranks_identity
openwepp-hillslope-orchestrator direct_runtime::surface_liquid_ingress::tests::per_source_comparison_scale_overflow_is_e003
openwepp-hillslope-orchestrator direct_runtime::surface_liquid_ingress::tests::private_ingress_projection_changes_for_retained_parent_mode_poison
openwepp-hillslope-orchestrator direct_runtime::surface_liquid_ingress::tests::producer_identity_helper_attributes_reorder_and_replacement_to_actual_rows
openwepp-hillslope-orchestrator direct_runtime::surface_liquid_ingress::tests::producer_second_store_ledger_and_wb14_mismatches_report_exact_identity
openwepp-hillslope-orchestrator direct_runtime::surface_liquid_ingress::tests::producer_upper_and_middle_deletions_report_the_missing_identity
openwepp-hillslope-orchestrator direct_runtime::surface_liquid_ingress::tests::production_full_retention_carries_exact_source_mass
openwepp-hillslope-orchestrator direct_runtime::surface_liquid_ingress::tests::production_infiltration_partition_rejects_negative_and_overdrawn_operands
openwepp-hillslope-orchestrator direct_runtime::surface_liquid_ingress::tests::production_near_full_infiltration_allocates_nonnegative_exact_excess
openwepp-hillslope-orchestrator direct_runtime::surface_liquid_ingress::tests::production_retained_allocation_rejects_poisoned_or_nonphysical_operands
openwepp-hillslope-orchestrator direct_runtime::surface_liquid_ingress::tests::representational_credit_is_bounded_at_the_declared_mass_envelope
openwepp-hillslope-orchestrator direct_runtime::surface_liquid_ingress::tests::same_ofe_input_order_preserves_mixture_but_raw_enthalpy_swap_is_e003
openwepp-hillslope-orchestrator direct_runtime::surface_liquid_ingress::tests::second_child_resource_phase_starts_from_parent_local_surface_candidate
openwepp-hillslope-orchestrator direct_runtime::surface_liquid_ingress::tests::short_complete_owner_children_advance_persistent_cursor_once
openwepp-hillslope-orchestrator direct_runtime::surface_liquid_ingress::tests::simultaneous_canopy_sources_share_retention_proportionally
openwepp-hillslope-orchestrator direct_runtime::surface_liquid_ingress::tests::source_specific_output_temperature_is_not_the_interval_mixture
openwepp-hillslope-orchestrator direct_runtime::surface_liquid_ingress::tests::terminal_tests::coupled_child_requires_and_advances_exact_predecessor_parent_cursor
openwepp-hillslope-orchestrator direct_runtime::surface_liquid_ingress::tests::terminal_tests::finite_ingress_enthalpy_overflow_fails_before_candidate
openwepp-hillslope-orchestrator direct_runtime::surface_liquid_ingress::tests::terminal_tests::finite_routing_area_underflow_fails_before_receipt
openwepp-hillslope-orchestrator direct_runtime::surface_liquid_ingress::tests::terminal_tests::sealed_ingress_candidate_reconstructs_and_rejects_forgery
openwepp-hillslope-orchestrator direct_runtime::surface_liquid_ingress::tests::terminal_tests::wb14_failure_preserves_every_resource_candidate_byte
openwepp-hillslope-orchestrator direct_runtime::surface_liquid_ingress::tests::unequal_area_runoff_routes_once_and_preserves_mass_and_enthalpy
openwepp-hillslope-orchestrator direct_runtime::surface_liquid_ingress::wb14_rebind_binding_tests::final_slab_rebind_rejects_every_non_slab_binding_substitution
openwepp-hillslope-orchestrator direct_runtime::surface_liquid_owner::tests::adjacent_large_finite_same_store_demands_authorize_proportionally
openwepp-hillslope-orchestrator direct_runtime::surface_liquid_owner::tests::attachment_and_authorization_preflight_complete_configuration_identity_before_domains
openwepp-hillslope-orchestrator direct_runtime::surface_liquid_owner::tests::attachment_and_authorization_preflight_complete_restart_identity_before_domains
openwepp-hillslope-orchestrator direct_runtime::surface_liquid_owner::tests::authorization_is_reconstructed_before_and_after_resource_construction
openwepp-hillslope-orchestrator direct_runtime::surface_liquid_owner::tests::canonical_bytes_keep_schema_names_and_exact_bit_hex
openwepp-hillslope-orchestrator direct_runtime::surface_liquid_owner::tests::canonical_error_codes_cover_e001_through_e011_exactly
openwepp-hillslope-orchestrator direct_runtime::surface_liquid_owner::tests::canonical_last_tiny_request_is_checked_before_remainder_in_any_caller_order
openwepp-hillslope-orchestrator direct_runtime::surface_liquid_owner::tests::checked_unit_closure_rejects_large_finite_tolerance_overflow_and_underflow
openwepp-hillslope-orchestrator direct_runtime::surface_liquid_owner::tests::complete_configuration_identity_set_precedes_record_domains_in_any_row_position
openwepp-hillslope-orchestrator direct_runtime::surface_liquid_owner::tests::complete_restart_identity_set_precedes_nan_and_overcapacity_in_any_row_position
openwepp-hillslope-orchestrator direct_runtime::surface_liquid_owner::tests::condensation_over_capacity_is_a_typed_ingress_parcel_not_clipped
openwepp-hillslope-orchestrator direct_runtime::surface_liquid_owner::tests::condensation_rejects_one_bit_temperature_enthalpy_alias
openwepp-hillslope-orchestrator direct_runtime::surface_liquid_owner::tests::configuration_and_restart_record_failures_preserve_available_identity
openwepp-hillslope-orchestrator direct_runtime::surface_liquid_owner::tests::configuration_rejects_duplicate_tile_and_lexical_topology_inference
openwepp-hillslope-orchestrator direct_runtime::surface_liquid_owner::tests::every_configuration_and_binding_field_changes_the_digest
openwepp-hillslope-orchestrator direct_runtime::surface_liquid_owner::tests::exact_zero_store_dry_authorization_and_resource_candidate_are_noops
openwepp-hillslope-orchestrator direct_runtime::surface_liquid_owner::tests::finite_condensation_area_conversion_overflow_fails_before_candidate
openwepp-hillslope-orchestrator direct_runtime::surface_liquid_owner::tests::first_invalid_production_lane_projection_is_ordered_and_finite_positive
openwepp-hillslope-orchestrator direct_runtime::surface_liquid_owner::tests::ingress_identity_precedes_configuration_and_state_domains
openwepp-hillslope-orchestrator direct_runtime::surface_liquid_owner::tests::invalid_restart_cannot_emit_canonical_persistence_bytes
openwepp-hillslope-orchestrator direct_runtime::surface_liquid_owner::tests::inverse_basis_authorization_scales_one_ulp_overdraw_without_candidate_clamp
openwepp-hillslope-orchestrator direct_runtime::surface_liquid_owner::tests::joint_supply_rounding_uses_one_symmetric_scale_and_exact_final_debit
openwepp-hillslope-orchestrator direct_runtime::surface_liquid_owner::tests::public_authorization_preserves_identity_domain_protocol_bound_precedence
openwepp-hillslope-orchestrator direct_runtime::surface_liquid_owner::tests::public_failure_constructors_carry_identity_and_rollback_context
openwepp-hillslope-orchestrator direct_runtime::surface_liquid_owner::tests::public_owner_hashes_bind_raw_invalid_state_request_and_resource_bits
openwepp-hillslope-orchestrator direct_runtime::surface_liquid_owner::tests::public_resource_phase_classifies_condensation_domain_and_bound_exactly
openwepp-hillslope-orchestrator direct_runtime::surface_liquid_owner::tests::public_resource_phase_classifies_finalized_use_before_later_structure
openwepp-hillslope-orchestrator direct_runtime::surface_liquid_owner::tests::resource_candidate_debits_finalized_use_and_credits_signed_condensation
openwepp-hillslope-orchestrator direct_runtime::surface_liquid_owner::tests::resource_candidate_rejects_authorization_as_finalized_use_and_preserves_beginning
openwepp-hillslope-orchestrator direct_runtime::surface_liquid_owner::tests::resource_input_identity_precedes_configuration_and_state_domains
openwepp-hillslope-orchestrator direct_runtime::surface_liquid_owner::tests::restart_store_capacity_is_domain_and_identity_precedes_capacity
openwepp-hillslope-orchestrator direct_runtime::surface_liquid_owner::tests::retained_protocol_preflight_obeys_identity_domain_cardinality_bound_order
openwepp-hillslope-orchestrator direct_runtime::surface_liquid_owner::tests::same_store_finite_demand_overflow_fails_before_authorization_or_candidate
openwepp-hillslope-orchestrator direct_runtime::surface_liquid_owner::tests::same_store_requests_are_authorized_proportionally_from_one_snapshot
openwepp-hillslope-orchestrator direct_runtime::surface_liquid_owner::tests::sealed_candidate_revalidation_preserves_identity_and_numeric_codes
openwepp-hillslope-orchestrator direct_runtime::surface_liquid_owner::tests::sealed_candidate_revalidation_rejects_forged_and_stale_state_with_e009
openwepp-hillslope-orchestrator direct_runtime::surface_liquid_owner::tests::state_digest_binds_every_restart_field_and_rejects_invalid_combinations
openwepp-hillslope-orchestrator direct_runtime::surface_liquid_owner::tests::strict_configuration_and_state_round_trip_bind_topology_and_ingress
openwepp-hillslope-orchestrator direct_runtime::surface_liquid_owner::tests::three_distinct_finalized_uses_debit_in_key_order_not_caller_order
openwepp-hillslope-orchestrator direct_runtime::surface_liquid_owner::tests::three_equal_demands_use_exact_formula_bits_without_canonical_last_priority
openwepp-hillslope-orchestrator direct_runtime::surface_liquid_owner::tests::tiny_positive_same_store_oversubscription_fails_closed_without_key_priority
openwepp-hillslope-orchestrator direct_runtime::surface_liquid_owner::tests::valid_noncanonical_bytes_preserve_parsed_public_failure_context
openwepp-hillslope-orchestrator direct_runtime::surface_liquid_owner::v2_ingress_tests::current_ingress_uses_actual_wb14_with_liquid_only_and_carries_ice_bitwise
openwepp-hillslope-orchestrator direct_runtime::surface_liquid_owner::v2_ingress_tests::heterogeneous_v3_resource_join_accepts_finalized_use_below_authorization
openwepp-hillslope-orchestrator direct_runtime::surface_liquid_owner::v2_ingress_tests::heterogeneous_v3_resource_join_debits_ordinary_finalized_use_once
openwepp-hillslope-orchestrator direct_runtime::surface_liquid_owner::v2_ingress_tests::heterogeneous_v3_resource_join_executes_one_ingress
openwepp-hillslope-orchestrator direct_runtime::surface_liquid_owner::v2_ingress_tests::heterogeneous_v3_resource_join_rejects_foreign_or_duplicate_finalized_use
openwepp-hillslope-orchestrator direct_runtime::surface_liquid_owner::v2_ingress_tests::heterogeneous_v3_resource_join_rejects_native_vapor_replay_as_ordinary_use
openwepp-hillslope-orchestrator direct_runtime::surface_liquid_owner::v2_ingress_tests::heterogeneous_v3_resource_join_rejects_out_of_bound_or_nonfinite_amounts
openwepp-hillslope-orchestrator direct_runtime::surface_liquid_owner::v2_ingress_tests::heterogeneous_v3_resource_join_retains_native_phase_and_spill_custody
openwepp-hillslope-orchestrator direct_runtime::surface_liquid_owner::v2_ingress_tests::litter_phase_capacity_spill_rejects_condensation_alias
openwepp-hillslope-orchestrator direct_runtime::surface_liquid_owner::v2_ingress_tests::litter_phase_capacity_spill_routes_once_through_wb14
openwepp-hillslope-orchestrator direct_runtime::surface_liquid_owner::v2_ingress_tests::native_drain_active_parent_updates_only_candidate_mirrors_and_rejects_stale_join
openwepp-hillslope-orchestrator direct_runtime::surface_liquid_owner::v2_ingress_tests::resource_and_ingress_poisons_fail_closed_without_mutating_v2_bytes
openwepp-hillslope-orchestrator direct_runtime::surface_liquid_owner::v2_ingress_tests::staged_v1_parent_advances_native_v2_into_the_real_coupled_child_join
openwepp-hillslope-orchestrator direct_runtime::surface_liquid_owner::v2_ingress_tests::surface_resource_candidate_validates_each_revision_once
openwepp-hillslope-orchestrator direct_runtime::surface_liquid_owner::v2_ingress_tests::surface_resource_mutation_invalidates_validation_proof
openwepp-hillslope-orchestrator direct_runtime::surface_liquid_owner::v2_ingress_tests::surface_resource_wrong_configuration_or_nested_owner_rejects
openwepp-hillslope-orchestrator direct_runtime::surface_liquid_owner::v2_ingress_tests::v2_parent_restart_and_two_children_preserve_ice_and_finalize_once
openwepp-hillslope-orchestrator direct_runtime::surface_liquid_owner::v2_ingress_tests::validated_surface_ingress_avoids_owner_reserialization
openwepp-hillslope-orchestrator direct_runtime::surface_liquid_owner::v2_ingress_tests::validated_surface_resource_output_and_rollback_are_unchanged
openwepp-hillslope-orchestrator direct_runtime::surface_liquid_owner::v2_tests::configuration_state_envelope_and_restart_round_trip_canonical_bytes
openwepp-hillslope-orchestrator direct_runtime::surface_liquid_owner::v2_tests::explicit_ice_seed_is_finite_bounded_and_never_donates_to_bare_surface
openwepp-hillslope-orchestrator direct_runtime::surface_liquid_owner::v2_tests::failed_candidate_replacement_preserves_exact_beginning_envelope
openwepp-hillslope-orchestrator direct_runtime::surface_liquid_owner::v2_tests::generic_phase_separated_owner_mass_closure_is_independently_checked
openwepp-hillslope-orchestrator direct_runtime::surface_liquid_owner::v2_tests::model_and_configuration_bytes_bind_exact_sources_constants_and_capacity_basis
openwepp-hillslope-orchestrator direct_runtime::surface_liquid_owner::v2_tests::named_v1_to_v2_migration_is_equivalent_and_rejects_poisoned_v1_identity
openwepp-hillslope-orchestrator direct_runtime::surface_liquid_owner::v2_tests::v1_envelope_wrap_does_not_rewrite_frozen_v1_state_bytes
openwepp-hillslope-orchestrator direct_runtime::surface_liquid_owner::v2_tests::v1_migration_preserves_frozen_bytes_and_initializes_positive_zero_ice
openwepp-hillslope-orchestrator direct_runtime::surface_liquid_owner::v3_projection::tests::canonical_roundtrip_binds_every_exact_frame_and_preserves_v2_bytes
openwepp-hillslope-orchestrator direct_runtime::surface_liquid_owner::v3_projection::tests::finalized_wb14_projection_requires_exact_parent_end_and_no_open_parent_bytes
openwepp-hillslope-orchestrator direct_runtime::surface_liquid_owner::v3_projection::tests::mixed_identity_cross_version_and_digest_poisons_fail_closed
openwepp-hillslope-orchestrator direct_runtime::surface_liquid_owner::v3_projection::tests::omission_reorder_and_replay_are_rejected_even_if_projection_is_resealed
openwepp-hillslope-orchestrator direct_runtime::surface_liquid_owner::v3_projection::tests::pre_soil_target_projection_bytes_fail_closed
openwepp-hillslope-orchestrator direct_runtime::surface_liquid_owner::v3_projection::tests::promoted_owner_support_contains_exact_child_local_candidate_support
openwepp-hillslope-orchestrator direct_runtime::surface_liquid_owner::v3_projection::tests::soil_carry_substitution_and_wb14_ice_donation_are_rejected
openwepp-hillslope-orchestrator direct_runtime::surface_liquid_owner::v3_projection::tests::split_physical_source_and_soil_target_are_bound_without_rebasing
openwepp-hillslope-orchestrator direct_runtime::surface_liquid_owner::zero_duration_snow_liquid_tests::all_runoff_surface_delta_is_exact_lineage_only_and_poisons_reject
openwepp-hillslope-orchestrator direct_runtime::surface_liquid_owner::zero_duration_snow_liquid_tests::destination_fraction_partition_redistribution_replay_and_tamper_fail_closed
openwepp-hillslope-orchestrator direct_runtime::surface_liquid_owner::zero_duration_snow_liquid_tests::insufficient_capacity_retains_exactly_and_routes_mass_and_enthalpy_to_outlet
openwepp-hillslope-orchestrator direct_runtime::surface_liquid_owner::zero_duration_snow_liquid_tests::overflow_routes_with_exact_area_mass_and_enthalpy_custody
openwepp-hillslope-orchestrator direct_runtime::surface_liquid_owner_v3_exact_enthalpy::parent_local_chronology_tests::first_middle_and_final_child_postures_are_derived_from_sealed_bounds
openwepp-hillslope-orchestrator direct_runtime::surface_liquid_owner_v3_exact_enthalpy::parent_local_chronology_tests::old_receipt_wire_and_marker_poison_leave_inputs_byte_exact
openwepp-hillslope-orchestrator direct_runtime::surface_liquid_owner_v3_exact_enthalpy::parent_local_chronology_tests::partial_retains_predecessor_and_final_stamps_once_without_mixed_markers
openwepp-hillslope-orchestrator direct_runtime::surface_liquid_owner_v3_exact_enthalpy::parent_local_chronology_tests::wrong_parent_bounds_and_caller_selected_posture_fail_closed
openwepp-hillslope-orchestrator direct_runtime::surface_liquid_wb14::linear_reseal_tests::linear_final_slab_reseal_failure_is_transactional_for_zero_one_and_many_children
openwepp-hillslope-orchestrator direct_runtime::surface_liquid_wb14::linear_reseal_tests::linear_final_slab_reseal_matches_reference_and_counts_real_work
openwepp-hillslope-orchestrator direct_runtime::surface_liquid_wb14::linear_reseal_tests::linear_reseal_rejects_transition_amount_owner_and_order_poisons
openwepp-hillslope-orchestrator direct_runtime::surface_liquid_wb14::linear_reseal_tests::multi_ofe_linear_reseal_matches_reference_with_one_set_validation_pair
openwepp-hillslope-orchestrator direct_runtime::surface_liquid_wb14::tests::accepted_support_may_be_truncated_below_the_selected_upper_bound
openwepp-hillslope-orchestrator direct_runtime::surface_liquid_wb14::tests::beginning_bounds_guards_match_the_shared_transition
openwepp-hillslope-orchestrator direct_runtime::surface_liquid_wb14::tests::child_and_parent_receipts_validate_and_detect_substitution
openwepp-hillslope-orchestrator direct_runtime::surface_liquid_wb14::tests::child_chronology_and_replay_poisons_preserve_parent_bytes
openwepp-hillslope-orchestrator direct_runtime::surface_liquid_wb14::tests::day_rollover_selects_next_day_zero_and_advances_once
openwepp-hillslope-orchestrator direct_runtime::surface_liquid_wb14::tests::dense_decimal_transition_partition_uses_exact_nanosecond_support
openwepp-hillslope-orchestrator direct_runtime::surface_liquid_wb14::tests::endpoint_subtraction_partition_joins_exact_outer_support
openwepp-hillslope-orchestrator direct_runtime::surface_liquid_wb14::tests::failure_after_child_and_parent_finalization_are_atomic_candidates
openwepp-hillslope-orchestrator direct_runtime::surface_liquid_wb14::tests::forty_eight_stateful_intervals_match_the_existing_daily_wb14_wrapper
openwepp-hillslope-orchestrator direct_runtime::surface_liquid_wb14::tests::immutable_identity_parameter_and_beginning_state_poisons_reject
openwepp-hillslope-orchestrator direct_runtime::surface_liquid_wb14::tests::mixed_cadence_and_zero_supply_children_close_cumulatively
openwepp-hillslope-orchestrator direct_runtime::surface_liquid_wb14::tests::native_inactive_prefix_does_not_admit_the_prefix_beginning_as_successor_owner
openwepp-hillslope-orchestrator direct_runtime::surface_liquid_wb14::tests::native_inactive_prefix_duplicate_first_child_rejects_without_mutation
openwepp-hillslope-orchestrator direct_runtime::surface_liquid_wb14::tests::native_inactive_prefix_refuses_advanced_cursor_and_nonzero_first_ordinal
openwepp-hillslope-orchestrator direct_runtime::surface_liquid_wb14::tests::native_inactive_prefix_starts_first_physical_child_without_wb14_receipt
openwepp-hillslope-orchestrator direct_runtime::surface_liquid_wb14::tests::native_inactive_prefix_successor_taxonomy_distinguishes_support_from_identity
openwepp-hillslope-orchestrator direct_runtime::surface_liquid_wb14::tests::nonlinear_partial_transition_is_not_proportional_full_bin_scaling
openwepp-hillslope-orchestrator direct_runtime::surface_liquid_wb14::tests::one_parent_child_is_bitwise_identical_to_historical_interval_transition
openwepp-hillslope-orchestrator direct_runtime::surface_liquid_wb14::tests::ordinary_parent_replay_refuses_advanced_working_cursor_without_prefix_proof
openwepp-hillslope-orchestrator direct_runtime::surface_liquid_wb14::tests::ordinary_parent_replay_remains_prefix_free
openwepp-hillslope-orchestrator direct_runtime::surface_liquid_wb14::tests::roundoff_clamp_branch_matches_daily_wrapper
openwepp-hillslope-orchestrator direct_runtime::surface_liquid_wb14::tests::shared_receipt_history_preserves_exact_legacy_json_and_forced_deep_reference
openwepp-hillslope-orchestrator direct_runtime::surface_liquid_wb14::tests::storage_capacity_clamp_branch_matches_daily_wrapper
openwepp-hillslope-orchestrator direct_runtime::surface_liquid_wb14::tests::two_900_and_thirty_60_children_cover_one_parent_and_advance_once
openwepp-hillslope-orchestrator direct_runtime::surface_liquid_wb14::tests::variable_duration_shared_kernel_matches_independent_nonlinear_oracle
openwepp-hillslope-orchestrator direct_runtime::surface_liquid_wb14::tests::zero_threshold_branch_matches_daily_wrapper
openwepp-hillslope-orchestrator discrete_terminal_support_root::tests::cursor_interior_and_parent_end_events_are_exact
openwepp-hillslope-orchestrator discrete_terminal_support_root::tests::fixed_point_cycle_and_no_progress_reject_typed
openwepp-hillslope-orchestrator discrete_terminal_support_root::tests::invalid_lane_cannot_survive_or_share_an_accepted_joint_candidate
openwepp-hillslope-orchestrator discrete_terminal_support_root::tests::multiple_brackets_and_order_permutations_select_identically
openwepp-hillslope-orchestrator discrete_terminal_support_root::tests::no_event_and_floor_boundaries_are_typed
openwepp-hillslope-orchestrator discrete_terminal_support_root::tests::nonmonotone_replay_and_candidate_poisons_fail_closed
openwepp-hillslope-orchestrator discrete_terminal_support_root::tests::probe_endpoint_event_and_successor_failures_roll_back_exactly
openwepp-hillslope-orchestrator discrete_terminal_support_root::tests::result_blind_algorithms_agree_before_bisection_is_frozen
openwepp-hillslope-orchestrator discrete_terminal_support_root::tests::same_and_different_tick_lanes_use_one_joint_candidate
openwepp-hillslope-orchestrator hydrology::cqr_row5_guard_error_tests::guard_error_codes_cover_phase_and_erosion_families
openwepp-hillslope-orchestrator hydrology::cqr_row5_guard_error_tests::guard_error_display_covers_symbol_kinds_and_range_shapes
openwepp-hillslope-orchestrator hydrology::cqr_row5_guard_error_tests::snow_mass_transition_errors_preserve_boundary_category_code_and_source
openwepp-hillslope-orchestrator hydrology::cqr_row5_snow_albedo_tests::snow_albedo_error_display_covers_all_variants
openwepp-hillslope-orchestrator hydrology::cqr_row5_snow_density_tests::eb04d_layer_lifecycle_uses_mass_units_not_meter_residual_tolerance
openwepp-hillslope-orchestrator hydrology::cqr_row5_snow_density_tests::eb04v_bulk_ledger_closes_and_keeps_fresh_density_direct
openwepp-hillslope-orchestrator hydrology::cqr_row5_snow_density_tests::eb04v_inapplicable_and_invalid_ledgers_fail_closed_without_aliasing
openwepp-hillslope-orchestrator hydrology::cqr_row5_snow_density_tests::eb04v_isolated_dry_vectors_separate_ptm_and_poc
openwepp-hillslope-orchestrator hydrology::cqr_row5_snow_density_tests::eb04v_isolated_fresh_and_wet_vectors_match_independent_equations
openwepp-hillslope-orchestrator hydrology::cqr_row5_snow_density_tests::eb04v_isolated_structural_fallback_and_stage3_vectors_are_explicit
openwepp-hillslope-orchestrator hydrology::cqr_row5_snow_density_tests::eb04v_multilayer_internal_cap_is_exact_in_bulk_density_space
openwepp-hillslope-orchestrator hydrology::cqr_row5_snow_density_tests::eb04v_multilayer_ledger_separates_surface_metamorphism_and_loaded_overburden
openwepp-hillslope-orchestrator hydrology::cqr_row5_snow_density_tests::eb04v_omitted_process_aliases_fail_the_closure_tolerance
openwepp-hillslope-orchestrator hydrology::cqr_row5_snow_density_tests::eb04v_runtime_cap_and_snow_free_inapplicability_are_explicit
openwepp-hillslope-orchestrator hydrology::cqr_row5_snow_density_tests::multilayer_boundary_mass_covers_clear_create_trim_and_add_paths
openwepp-hillslope-orchestrator hydrology::support_helpers_mod::coupling::frost_entry::cqr_row5_tests::frozen_soil_kfactor_resolves_proxy_classes_and_errors
openwepp-hillslope-orchestrator hydrology::support_helpers_mod::coupling::frost_entry::cqr_row5_tests::r7g_json_string_escapes_special_and_control_characters
openwepp-hillslope-orchestrator hydrology::support_helpers_mod::infiltration_reconciliation::cqr_row5_tests::simimpl29_melt_hour_covers_zero_wind_rain_and_cap_paths
openwepp-hillslope-orchestrator hydrology::support_helpers_mod::infiltration_reconciliation::tests::active_snow_hourly_routed_melt_preserves_shape_and_closes_daily_scalar
openwepp-hillslope-orchestrator hydrology::support_helpers_mod::infiltration_reconciliation::tests::phase_fraction_closure_distinguishes_dry_and_active_hours
openwepp-hillslope-orchestrator hydrology::support_helpers_mod::infiltration_reconciliation::wet_compaction_operand_tests::helper_sums_positive_melt_and_contact_rain_and_fails_closed
openwepp-hillslope-orchestrator hydrology::support_helpers_mod::ksatadj::tests::direct_ksatadj_9001_branch_uses_exponential_recovery_formula
openwepp-hillslope-orchestrator hydrology::support_helpers_mod::ksatadj::tests::direct_ksatadj_9001_missing_recovery_operand_is_typed_failure
openwepp-hillslope-orchestrator hydrology::support_helpers_mod::ksatadj::tests::direct_ksatadj_9003_branch_applies_lkeff_floor
openwepp-hillslope-orchestrator hydrology::support_helpers_mod::ksatadj::tests::direct_ksatadj_inactive_returns_no_adjustment
openwepp-hillslope-orchestrator hydrology::support_helpers_mod::ksatadj::tests::direct_ksatadj_missing_second_layer_is_typed_failure
openwepp-hillslope-orchestrator hydrology::support_helpers_mod::ksatadj::tests::direct_ksatadj_sat_frac_uses_source_intent_avsat_not_ul_surrogate
openwepp-hillslope-orchestrator hydrology::support_helpers_mod::ksatadj::tests::direct_ksatadj_saturated_storage_caps_avsat_instead_of_rejecting_ul_excess
openwepp-hillslope-orchestrator hydrology::support_helpers_mod::runoff_reconciliation::cqr_row5_tests::child1_term_coupling_020_exhaustion_fails_closed_with_complete_diagnostics
openwepp-hillslope-orchestrator hydrology::support_helpers_mod::runoff_reconciliation::cqr_row5_tests::eb04c_lower_volume_threshold_is_strict_on_native_swe
openwepp-hillslope-orchestrator hydrology::support_helpers_mod::runoff_reconciliation::cqr_row5_tests::eb04w2b_storage_guard_enforces_exact_tolerance_and_nonfinite_rejection
openwepp-hillslope-orchestrator hydrology::support_helpers_mod::runoff_reconciliation::cqr_row5_tests::partial_sublimation_retains_mass_resolved_subnanometer_swe_remainder
openwepp-hillslope-orchestrator hydrology::support_helpers_mod::runoff_reconciliation::cqr_row5_tests::snow_density_guard_error_maps_all_error_variants
openwepp-hillslope-orchestrator hydrology::support_helpers_mod::runoff_reconciliation::cqr_row5_tests::stage3_target_trim_continues_below_residual_tolerance_across_layers
openwepp-hillslope-orchestrator hydrology::support_helpers_mod::runoff_reconciliation::cqr_row5_tests::stage3_target_trim_preserves_coupled_mass_resolved_remainder
openwepp-hillslope-orchestrator hydrology::support_helpers_mod::runoff_reconciliation::cqr_row5_tests::subthreshold_sublimation_is_an_exact_material_debit
openwepp-hillslope-orchestrator hydrology::support_helpers_mod::runoff_reconciliation::stage3_solver::stage3_evaluation_validation_tests::bottom_volume_projection_rejects_invalid_state_and_pressure
openwepp-hillslope-orchestrator hydrology::support_helpers_mod::runoff_reconciliation::stage3_solver::stage3_evaluation_validation_tests::bottom_volume_projection_selects_lower_partition_for_multiple_layers
openwepp-hillslope-orchestrator hydrology::support_helpers_mod::runoff_reconciliation::stage3_solver::stage3_evaluation_validation_tests::bottom_volume_projection_uses_whole_pack_for_one_layer
openwepp-hillslope-orchestrator hydrology::support_helpers_mod::runoff_reconciliation::stage3_solver::stage3_evaluation_validation_tests::nonexhausting_melt_has_exact_zero_terminal_energy
openwepp-hillslope-orchestrator hydrology::support_helpers_mod::runoff_reconciliation::stage3_solver::stage3_evaluation_validation_tests::operator_tags_have_exact_distinct_cadence
openwepp-hillslope-orchestrator hydrology::support_helpers_mod::runoff_reconciliation::stage3_solver::stage3_evaluation_validation_tests::paired_arm_fingerprint_mismatch_fails_closed
openwepp-hillslope-orchestrator hydrology::support_helpers_mod::runoff_reconciliation::stage3_solver::stage3_evaluation_validation_tests::persistent_tests::covered_resolved_source_routes_provider_boundary_into_carrier
openwepp-hillslope-orchestrator hydrology::support_helpers_mod::runoff_reconciliation::stage3_solver::stage3_evaluation_validation_tests::persistent_tests::persistent_cold_rain_on_snow_refreezes_and_closes_linked_ledgers
openwepp-hillslope-orchestrator hydrology::support_helpers_mod::runoff_reconciliation::stage3_solver::stage3_evaluation_validation_tests::persistent_tests::persistent_operator_requires_stateful_api
openwepp-hillslope-orchestrator hydrology::support_helpers_mod::runoff_reconciliation::stage3_solver::stage3_evaluation_validation_tests::persistent_tests::persistent_rain_disposition_failure_preserves_beginning_owner
openwepp-hillslope-orchestrator hydrology::support_helpers_mod::runoff_reconciliation::stage3_solver::stage3_evaluation_validation_tests::persistent_tests::persistent_refreeze_capacity_roundoff_canonicalizes_zero_and_closes_ledgers
openwepp-hillslope-orchestrator hydrology::support_helpers_mod::runoff_reconciliation::stage3_solver::stage3_evaluation_validation_tests::persistent_tests::persistent_refreeze_roundoff_poison_rejects_material_or_wrong_branch_negative
openwepp-hillslope-orchestrator hydrology::support_helpers_mod::runoff_reconciliation::stage3_solver::stage3_evaluation_validation_tests::persistent_tests::persistent_shadow_accumulates_snow_and_censors_external_liquid
openwepp-hillslope-orchestrator hydrology::support_helpers_mod::runoff_reconciliation::stage3_solver::stage3_evaluation_validation_tests::persistent_tests::persistent_shadow_disappears_dorms_and_reappears
openwepp-hillslope-orchestrator hydrology::support_helpers_mod::runoff_reconciliation::stage3_solver::stage3_evaluation_validation_tests::persistent_tests::persistent_shadow_restore_is_exact_and_order_is_fail_closed
openwepp-hillslope-orchestrator hydrology::support_helpers_mod::runoff_reconciliation::stage3_solver::stage3_evaluation_validation_tests::persistent_tests::persistent_support_evaluator_runs_one_admitted_parent_support
openwepp-hillslope-orchestrator hydrology::support_helpers_mod::runoff_reconciliation::stage3_solver::stage3_evaluation_validation_tests::persistent_tests::persistent_warm_rain_on_isothermal_snow_does_not_refreeze
openwepp-hillslope-orchestrator hydrology::support_helpers_mod::runoff_reconciliation::stage3_solver::stage3_evaluation_validation_tests::persistent_tests::resolved_terminal_model_calls_covered_provider_before_any_raw_carrier
openwepp-hillslope-orchestrator hydrology::support_helpers_mod::runoff_reconciliation::stage3_solver::stage3_evaluation_validation_tests::persistent_tests::terminal_event_request_is_state_bound_and_censors_remaining_time
openwepp-hillslope-orchestrator hydrology::support_helpers_mod::runoff_reconciliation::stage3_solver::stage3_evaluation_validation_tests::persistent_tests::terminal_no_event_refreeze_closes_persistent_day
openwepp-hillslope-orchestrator hydrology::support_helpers_mod::runoff_reconciliation::stage3_solver::stage3_evaluation_validation_tests::reconciliation_validator_rejects_global_order_reason_and_projection_mutations
openwepp-hillslope-orchestrator hydrology::support_helpers_mod::runoff_reconciliation::stage3_solver::stage3_evaluation_validation_tests::same_state_suppresses_day_start_pack_at_resolved_mass_boundary
openwepp-hillslope-orchestrator hydrology::support_helpers_mod::runoff_reconciliation::stage3_solver::stage3_evaluation_validation_tests::sequential_reconciliation_mass_guard_uses_mass_scale_tolerance
openwepp-hillslope-orchestrator hydrology::support_helpers_mod::runoff_reconciliation::stage3_solver::stage3_evaluation_validation_tests::sequential_reconciliation_serializes_exact_transition_continuity
openwepp-hillslope-orchestrator hydrology::support_helpers_mod::runoff_reconciliation::stage3_solver::stage3_evaluation_validation_tests::stage3_intake_rejects_obsolete_physics_selectors
openwepp-hillslope-orchestrator hydrology::support_helpers_mod::runoff_reconciliation::stage3_solver::stage3_evaluation_validation_tests::stage3_neutral_bulk_vapor_transfer_preserves_bounded_mass_and_latent_custody
openwepp-hillslope-orchestrator hydrology::support_helpers_mod::runoff_reconciliation::stage3_solver::stage3_evaluation_validation_tests::surface_projection_crosses_density_boundary_and_uses_active_cold_content
openwepp-hillslope-orchestrator hydrology::support_helpers_mod::runoff_reconciliation::stage3_solver::stage3_evaluation_validation_tests::surface_projection_selects_parent_medium_and_small_cadence
openwepp-hillslope-orchestrator hydrology::support_helpers_mod::runoff_reconciliation::stage3_solver::stage3_evaluation_validation_tests::thermal_fragment_rejoin_preserves_exact_settling_chronology_bits
openwepp-hillslope-orchestrator hydrology::support_helpers_mod::runoff_reconciliation::stage3_solver::stage3_evaluation_validation_tests::thermal_fragment_rejoin_rejects_adjacent_ulp_settling_chronology
openwepp-hillslope-orchestrator hydrology::support_helpers_mod::runoff_reconciliation::stage3_solver::support::batch_prefix_tests::accepted_hydrology_state_preserves_authority_and_appends_one_predecessor
openwepp-hillslope-orchestrator hydrology::support_helpers_mod::runoff_reconciliation::stage3_solver::support::batch_prefix_tests::batch_decision_receipt_binds_attempt_and_lane_phase_posture
openwepp-hillslope-orchestrator hydrology::support_helpers_mod::runoff_reconciliation::stage3_solver::support::batch_prefix_tests::batch_rejects_lane_omission_before_hydrology_join
openwepp-hillslope-orchestrator hydrology::support_helpers_mod::runoff_reconciliation::stage3_solver::support::batch_prefix_tests::batch_rejects_out_of_support_event_without_calling_shared_owner
openwepp-hillslope-orchestrator hydrology::support_helpers_mod::runoff_reconciliation::stage3_solver::support::batch_prefix_tests::different_ticks_select_only_common_earliest_and_preserve_survivors
openwepp-hillslope-orchestrator hydrology::support_helpers_mod::runoff_reconciliation::stage3_solver::support::batch_prefix_tests::joint_authority_poisoning_changes_wire_identity_and_duplicate_predecessors_fail
openwepp-hillslope-orchestrator hydrology::support_helpers_mod::runoff_reconciliation::stage3_solver::support::batch_prefix_tests::later_lane_event_remains_a_survivor_until_its_later_boundary
openwepp-hillslope-orchestrator hydrology::support_helpers_mod::runoff_reconciliation::stage3_solver::support::batch_prefix_tests::probe_child_identity_binds_every_authority_operand_and_support
openwepp-hillslope-orchestrator hydrology::support_helpers_mod::runoff_reconciliation::stage3_solver::support::batch_prefix_tests::same_tick_batch_is_one_joint_event_and_one_shared_advancement
openwepp-hillslope-orchestrator hydrology::support_helpers_mod::runoff_reconciliation::stage3_solver::support::batch_prefix_tests::same_tick_lanes_are_one_ordered_common_group
openwepp-hillslope-orchestrator hydrology::support_helpers_mod::runoff_reconciliation::stage3_solver::support::batch_prefix_tests::terminal_and_survivor_install_from_one_joint_candidate
openwepp-hillslope-orchestrator hydrology::support_helpers_mod::runoff_reconciliation::stage3_solver::terminal_cumulative_cold_energy_order_tests::discovery_prefix_and_accepted_trace_use_bit_exact_canonical_order
openwepp-hillslope-orchestrator hydrology::support_helpers_mod::runoff_reconciliation::stage3_solver::terminal_event::tests::absolute_prefix_candidates_cover_zero_event_tick_and_predecessor_tick
openwepp-hillslope-orchestrator hydrology::support_helpers_mod::runoff_reconciliation::stage3_solver::terminal_event::tests::bounded_sublimation_truncates_mass_and_latent_energy_together
openwepp-hillslope-orchestrator hydrology::support_helpers_mod::runoff_reconciliation::stage3_solver::terminal_event::tests::capture_mode_retains_rejected_pair_and_separate_floor_admission
openwepp-hillslope-orchestrator hydrology::support_helpers_mod::runoff_reconciliation::stage3_solver::terminal_event::tests::cooling_deposition_and_refreeze_do_not_create_false_event
openwepp-hillslope-orchestrator hydrology::support_helpers_mod::runoff_reconciliation::stage3_solver::terminal_event::tests::deposition_at_meltout_and_nearby_energy_vapor_controls_use_same_projection
openwepp-hillslope-orchestrator hydrology::support_helpers_mod::runoff_reconciliation::stage3_solver::terminal_event::tests::deterministic_refinement_replay_and_attempt_diagnostics_do_not_change_physics
openwepp-hillslope-orchestrator hydrology::support_helpers_mod::runoff_reconciliation::stage3_solver::terminal_event::tests::every_adaptive_composition_trial_carries_its_exact_relative_start
openwepp-hillslope-orchestrator hydrology::support_helpers_mod::runoff_reconciliation::stage3_solver::terminal_event::tests::joint_trial_state_advances_only_along_the_accepted_fine_chain
openwepp-hillslope-orchestrator hydrology::support_helpers_mod::runoff_reconciliation::stage3_solver::terminal_event::tests::manufactured_state_dependent_event_converges_first_order
openwepp-hillslope-orchestrator hydrology::support_helpers_mod::runoff_reconciliation::stage3_solver::terminal_event::tests::odd_quantum_composition_tiles_exact_nanoseconds_and_installs_children
openwepp-hillslope-orchestrator hydrology::support_helpers_mod::runoff_reconciliation::stage3_solver::terminal_event::tests::production_solver_phase_matrix_closes_every_enthalpy_branch
openwepp-hillslope-orchestrator hydrology::support_helpers_mod::runoff_reconciliation::stage3_solver::terminal_event::tests::production_solver_rejects_bounded_vapor_and_component_poison_cases
openwepp-hillslope-orchestrator hydrology::support_helpers_mod::runoff_reconciliation::stage3_solver::terminal_event::tests::pure_melt_localizes_analytical_event
openwepp-hillslope-orchestrator hydrology::support_helpers_mod::runoff_reconciliation::stage3_solver::terminal_event::tests::pure_sublimation_and_joint_exhaustion_localize_same_event
openwepp-hillslope-orchestrator hydrology::support_helpers_mod::runoff_reconciliation::stage3_solver::terminal_event::tests::sublimation_is_reserved_before_over_demanded_melt
openwepp-hillslope-orchestrator hydrology::support_helpers_mod::runoff_reconciliation::stage3_solver::terminal_event::tests::temporal_floor_rejects_without_provider_call_and_accepts_exactly_one_quantum
openwepp-hillslope-orchestrator hydrology::tests::snowsci_stage1_mixed_signed_melt_routes_authoritative_pack_loss
openwepp-hillslope-orchestrator land_surface_energy_shadow::covered_derived_ingress::tests::derived_release_rejects_wrong_mass_temperature_missing_duplicate_and_potential
openwepp-hillslope-orchestrator land_surface_energy_shadow::covered_derived_ingress::tests::fixed_cap_release_preserves_bottom_releases_and_mass_weighted_stemflow_heat
openwepp-hillslope-orchestrator land_surface_energy_shadow::covered_v8_owner::tests::actual_owner_rows_preserve_complete_key_and_exact_amount
openwepp-hillslope-orchestrator land_surface_energy_shadow::covered_v8_owner::tests::duplicate_actual_owner_key_is_rejected_before_join
openwepp-hillslope-orchestrator land_surface_energy_shadow::covered_v8_owner::tests::v50_envelope_material_receipt_substitution_refuses
openwepp-hillslope-orchestrator land_surface_energy_shadow::covered_v8_owner::tests::v50_envelope_transaction_join_refuses_each_owner_substitution
openwepp-hillslope-orchestrator land_surface_energy_shadow::m1_coupled_expected_red::m1_combined_support_and_raw_domain_guards_preserve_precedence
openwepp-hillslope-orchestrator land_surface_energy_shadow::m1_coupled_expected_red::m1_diagnostic_envelope_binds_actual_topology_and_rejects_structural_poison_first
openwepp-hillslope-orchestrator land_surface_energy_shadow::m1_coupled_expected_red::m1_frozen_radiation_columns_and_all_four_gas_rows_bind_physical_outputs
openwepp-hillslope-orchestrator land_surface_energy_shadow::m1_coupled_expected_red::m1_original_sixty_second_solve_has_original_geometry_active_cold_shade_and_real_closure
openwepp-hillslope-orchestrator land_surface_energy_shadow::m1_coupled_expected_red::m1_positive_top_liquid_requires_explicit_finite_nonnegative_enthalpy
openwepp-hillslope-orchestrator land_surface_energy_shadow::m1_coupled_expected_red::m1_prescribed_twenty_one_coordinate_physical_evaluator_has_all_fd_columns
openwepp-hillslope-orchestrator land_surface_energy_shadow::m1_coupled_expected_red::m1_receiver_fixed_failures_restore_each_actual_owner_byte_record
openwepp-hillslope-orchestrator land_surface_energy_shadow::m1_coupled_expected_red::m1_receiver_prescribed_routing_uses_shared_geometry_and_once_only_tile_conversion
openwepp-hillslope-orchestrator land_surface_energy_shadow::m1_coupled_expected_red::m1_receiver_uses_prescribed_release_components_and_actual_raw_owners
openwepp-hillslope-orchestrator land_surface_energy_shadow::m1_coupled_expected_red::owner_txn_original60_m1_executes_direct_unified_callback_without_v8_runtime
openwepp-hillslope-orchestrator land_surface_energy_shadow::m1_coupled_expected_red::owner_txn_original60_stages_native_ending_and_advances_cursor
openwepp-hillslope-orchestrator land_surface_energy_shadow::m1_coupled_expected_red::owner_txn_prepared_m1_context_authenticates_plant_area_and_accepted_beginning
openwepp-hillslope-orchestrator land_surface_energy_shadow::m1_coupled_expected_red::owner_txn_prepared_m1_context_rejects_a_foreign_accepted_input
openwepp-hillslope-orchestrator land_surface_energy_shadow::m1_fixed_sequence_provider::native_water_custody_tests::native_root_depth_reconstruction_rejects_aggregate_over_supply
openwepp-hillslope-orchestrator land_surface_energy_shadow::m1_fixed_sequence_provider::native_water_custody_tests::native_root_depth_reconstruction_uses_the_whole_layer_branch
openwepp-hillslope-orchestrator land_surface_energy_shadow::m1_fixed_sequence_provider::native_water_custody_tests::native_root_use_order_bijection_rejects_a_duplicate_source_key
openwepp-hillslope-orchestrator land_surface_energy_shadow::m1_fixed_sequence_provider::native_water_custody_tests::run05_native_root_depth_reconstruction_retains_the_real_ending_bit
openwepp-hillslope-orchestrator land_surface_energy_shadow::m1_fixed_sequence_provider::native_water_custody_tests::run05_wrong_ending_one_ulp_is_rejected_by_the_custody_predicate
openwepp-hillslope-orchestrator land_surface_energy_shadow::m1_fixed_sequence_provider_controls::m1_adjacent_json_identifiers_preserve_u128_max_as_decimal_strings
openwepp-hillslope-orchestrator land_surface_energy_shadow::m1_fixed_sequence_provider_controls::m1_provider_actual_caller_refuses_wrong_cycle_and_out_of_sequence_parent
openwepp-hillslope-orchestrator land_surface_energy_shadow::m1_fixed_sequence_provider_controls::m1_provider_actual_seven_owner_bytes_match_independent_canonical_projections
openwepp-hillslope-orchestrator land_surface_energy_shadow::m1_fixed_sequence_provider_controls::m1_provider_adjacent_observer_disabled_baseline_retains_prefix
openwepp-hillslope-orchestrator land_surface_energy_shadow::m1_fixed_sequence_provider_controls::m1_provider_adjacent_supports_retain_actual_soil_and_custody_operands
openwepp-hillslope-orchestrator land_surface_energy_shadow::m1_fixed_sequence_provider_controls::m1_provider_both_cycles_expand_every_frozen_record_parent_day_and_phase
openwepp-hillslope-orchestrator land_surface_energy_shadow::m1_fixed_sequence_provider_controls::m1_provider_canonical_ascii_escape_vectors_are_independent
openwepp-hillslope-orchestrator land_surface_energy_shadow::m1_fixed_sequence_provider_controls::m1_provider_first_refused_support_retains_preparation_and_caller_prefix
openwepp-hillslope-orchestrator land_surface_energy_shadow::m1_fixed_sequence_provider_controls::m1_provider_real_source_encoding_and_parent_slice_oracle
openwepp-hillslope-orchestrator land_surface_energy_shadow::m1_fixed_sequence_provider_controls::m1_provider_refusal_preserves_real_caller_owners_clock_staging_and_publication
openwepp-hillslope-orchestrator land_surface_energy_shadow::m1_fixed_sequence_provider_controls::m1_provider_rejects_each_contract_mutation_before_owner_staging
openwepp-hillslope-orchestrator land_surface_energy_shadow::m1_fixed_sequence_provider_controls::m1_provider_rejects_missing_foreign_reordered_and_stale_gsi_receipts
openwepp-hillslope-orchestrator land_surface_energy_shadow::m1_provider_parent_controls::m1_parent_first_support_prints_actual_custody_operands_and_retains_parent_bgc_lineage
openwepp-hillslope-orchestrator land_surface_energy_shadow::m1_provider_parent_controls::m1_parent_late_owning_rejection_follows_an_actual_prefix_and_positive_capability
openwepp-hillslope-orchestrator land_surface_energy_shadow::m1_provider_parent_controls::m1_parent_owns_admission_thirty_actual_supports_and_one_consuming_commit
openwepp-hillslope-orchestrator land_surface_energy_shadow::multi_tile_runtime::tests::covered_weighting_uses_every_external_column_boundary
openwepp-hillslope-orchestrator land_surface_energy_shadow::multi_tile_runtime::tests::finalized_tile_type_requires_real_open_or_covered_candidate
openwepp-hillslope-orchestrator land_surface_energy_shadow::multi_tile_runtime::tests::public_problem_surface_has_no_companion_owner_arrays
openwepp-hillslope-orchestrator land_surface_energy_shadow::multi_tile_runtime::tests::topology_closure_uses_configured_tolerance_without_normalizing
openwepp-hillslope-orchestrator land_surface_energy_shadow::raw_boundary_contract_tests::final_protocol_cardinality_and_bounds_are_canonical
openwepp-hillslope-orchestrator land_surface_energy_shadow::raw_boundary_contract_tests::first_surface_attachment_preserves_invalid_restart_attempt_hash_without_beginning_hash
openwepp-hillslope-orchestrator land_surface_energy_shadow::raw_boundary_contract_tests::full_supply_frozen_duplicate_wrong_layer_and_rollback_are_fail_closed
openwepp-hillslope-orchestrator land_surface_energy_shadow::raw_boundary_contract_tests::independent_real_receiver_equations_reject_layer_and_enthalpy_poisons
openwepp-hillslope-orchestrator land_surface_energy_shadow::raw_boundary_contract_tests::invalid_expectation_precedes_receiver_construction_overflow
openwepp-hillslope-orchestrator land_surface_energy_shadow::raw_boundary_contract_tests::later_request_and_protocol_validation_preserve_exact_offender_context
openwepp-hillslope-orchestrator land_surface_energy_shadow::raw_boundary_contract_tests::lse_shadow_has_no_runner_or_production_dispatch_path
openwepp-hillslope-orchestrator land_surface_energy_shadow::raw_boundary_contract_tests::open_surface_is_rebuilt_from_beginning_after_one_mixed_authorization
openwepp-hillslope-orchestrator land_surface_energy_shadow::raw_boundary_contract_tests::precedence_tests::attachment_lane_identity_precedes_nonfinite_area_in_any_position
openwepp-hillslope-orchestrator land_surface_energy_shadow::raw_boundary_contract_tests::precedence_tests::attachment_state_identity_precedes_nonfinite_lane_area_without_mutation
openwepp-hillslope-orchestrator land_surface_energy_shadow::raw_boundary_contract_tests::precedence_tests::configured_surface_source_identity_precedes_request_and_winter_e003
openwepp-hillslope-orchestrator land_surface_energy_shadow::raw_boundary_contract_tests::precedence_tests::every_cross_input_e002_precedes_config_or_state_e003_without_callback
openwepp-hillslope-orchestrator land_surface_energy_shadow::raw_boundary_contract_tests::precedence_tests::exact_one_custody_precedes_finite_cadence_failure
openwepp-hillslope-orchestrator land_surface_energy_shadow::raw_boundary_contract_tests::precedence_tests::final_protocol_identity_and_cardinality_precede_nonfinite_and_negative_amounts
openwepp-hillslope-orchestrator land_surface_energy_shadow::raw_boundary_contract_tests::precedence_tests::finalization_applies_precedence_across_protocol_and_all_receiver_sets
openwepp-hillslope-orchestrator land_surface_energy_shadow::raw_boundary_contract_tests::precedence_tests::ingress_identity_precedes_request_and_winter_e003_without_callback
openwepp-hillslope-orchestrator land_surface_energy_shadow::raw_boundary_contract_tests::precedence_tests::public_attachment_rejects_each_nonfinite_production_lane_area_as_e003
openwepp-hillslope-orchestrator land_surface_energy_shadow::raw_boundary_contract_tests::precedence_tests::receiver_rejects_every_invalid_lane_area_as_e003_without_mutation_or_callback
openwepp-hillslope-orchestrator land_surface_energy_shadow::raw_boundary_contract_tests::precedence_tests::receiver_state_identity_precedes_invalid_lane_domain_without_mutation_or_callback
openwepp-hillslope-orchestrator land_surface_energy_shadow::raw_boundary_contract_tests::precedence_tests::request_identity_native_domain_cardinality_and_bound_precedence_is_canonical
openwepp-hillslope-orchestrator land_surface_energy_shadow::raw_boundary_contract_tests::precedence_tests::request_identity_precedes_nonfinite_beginning_surface_state
openwepp-hillslope-orchestrator land_surface_energy_shadow::raw_boundary_contract_tests::precedence_tests::request_identity_precedes_stale_digest_nonfinite_configuration_and_binds_raw_bits
openwepp-hillslope-orchestrator land_surface_energy_shadow::raw_boundary_contract_tests::precedence_tests::source_mapping_e002_attempt_hash_binds_wb14_inputs
openwepp-hillslope-orchestrator land_surface_energy_shadow::raw_boundary_contract_tests::precedence_tests::stale_config_or_state_digest_with_nonfinite_bits_is_identity_failure_without_callback
openwepp-hillslope-orchestrator land_surface_energy_shadow::raw_boundary_contract_tests::precedence_tests::unified_attempt_hash_distinguishes_ingress_component_and_wb14_operands
openwepp-hillslope-orchestrator land_surface_energy_shadow::raw_boundary_contract_tests::precedence_tests::unified_snapshot_mismatch_reports_computed_beginning_hash
openwepp-hillslope-orchestrator land_surface_energy_shadow::raw_boundary_contract_tests::production_aggregate_reconstructs_nonzero_residual_unfrozen_water
openwepp-hillslope-orchestrator land_surface_energy_shadow::raw_boundary_contract_tests::public_bridge_rejects_deleted_first_independent_thermal_expectation_before_callback
openwepp-hillslope-orchestrator land_surface_energy_shadow::raw_boundary_contract_tests::public_bridge_rejects_wrong_second_independent_thermal_expectation_before_callback
openwepp-hillslope-orchestrator land_surface_energy_shadow::raw_boundary_contract_tests::raw_hash_tests::ingress_identity_attempt_binds_differing_raw_invalid_configuration_bits
openwepp-hillslope-orchestrator land_surface_energy_shadow::raw_boundary_contract_tests::raw_hash_tests::surface_attachment_attempt_hashes_bind_raw_invalid_bits_not_stale_declared_digests
openwepp-hillslope-orchestrator land_surface_energy_shadow::raw_boundary_contract_tests::raw_hash_tests::unified_entry_joins_raw_configuration_and_state_attempts_with_v3_envelope
openwepp-hillslope-orchestrator land_surface_energy_shadow::raw_boundary_contract_tests::raw_hash_tests::unified_snapshot_failure_hashes_bind_raw_invalid_configuration_bits
openwepp-hillslope-orchestrator land_surface_energy_shadow::raw_boundary_contract_tests::receiver_expectation_hashes_are_framed_and_invalid_cardinality_is_canonical
openwepp-hillslope-orchestrator land_surface_energy_shadow::raw_boundary_contract_tests::request_numeric_preflight_precedes_duplicate_validation
openwepp-hillslope-orchestrator land_surface_energy_shadow::raw_boundary_contract_tests::root_and_bare_ground_share_one_real_layer_authorization_and_clone_only_debit
openwepp-hillslope-orchestrator land_surface_energy_shadow::raw_boundary_contract_tests::sealed_receiver_context_tests::missing_sealed_thermal_receiver_never_borrows_lse_ownership
openwepp-hillslope-orchestrator land_surface_energy_shadow::raw_boundary_contract_tests::sealed_receiver_context_tests::sealed_finalization_requires_one_exact_rollback_row_per_owner
openwepp-hillslope-orchestrator land_surface_energy_shadow::raw_boundary_contract_tests::sealed_receiver_context_tests::sealed_receiver_hash_covers_all_thermal_fields_and_numeric_preflight_precedes_topology
openwepp-hillslope-orchestrator land_surface_energy_shadow::raw_boundary_contract_tests::sealed_receiver_context_tests::standalone_sealing_requires_complete_ground_daf_coverage
openwepp-hillslope-orchestrator land_surface_energy_shadow::raw_boundary_contract_tests::sealed_two_tile_finalization_reports_the_actual_second_thermal_receiver
openwepp-hillslope-orchestrator land_surface_energy_shadow::raw_boundary_contract_tests::snow_preflight_tests::empty_frost_state_and_runtime_carry_remain_valid_initial_states
openwepp-hillslope-orchestrator land_surface_energy_shadow::raw_boundary_contract_tests::snow_preflight_tests::frost_container_structure_precedes_unsupported_state_and_carry
openwepp-hillslope-orchestrator land_surface_energy_shadow::raw_boundary_contract_tests::snow_preflight_tests::frost_lane_and_runtime_carry_scalar_domains_precede_e004
openwepp-hillslope-orchestrator land_surface_energy_shadow::raw_boundary_contract_tests::snow_preflight_tests::frost_nested_layer_and_fine_layer_domains_precede_e004
openwepp-hillslope-orchestrator land_surface_energy_shadow::raw_boundary_contract_tests::snow_preflight_tests::snow_nested_and_cross_field_domains_precede_e004
openwepp-hillslope-orchestrator land_surface_energy_shadow::raw_boundary_contract_tests::snow_preflight_tests::snow_runtime_carry_reuses_complete_nested_validation
openwepp-hillslope-orchestrator land_surface_energy_shadow::raw_boundary_contract_tests::snow_preflight_tests::snow_top_level_scalars_reject_invalid_before_unsupported_winter
openwepp-hillslope-orchestrator land_surface_energy_shadow::raw_boundary_contract_tests::snow_preflight_tests::winter_e004_attempt_hash_binds_wb14_inputs
openwepp-hillslope-orchestrator land_surface_energy_shadow::raw_boundary_contract_tests::source_binding_tests::multi_ofe_snapshot_binding_failure_reports_the_later_offender
openwepp-hillslope-orchestrator land_surface_energy_shadow::raw_boundary_contract_tests::surface_attachment_preserves_invalid_configuration_failure_and_rolls_back
openwepp-hillslope-orchestrator land_surface_energy_shadow::raw_boundary_contract_tests::surface_attachment_preserves_invalid_restart_failure_and_rolls_back
openwepp-hillslope-orchestrator land_surface_energy_shadow::raw_boundary_contract_tests::surface_attachment_rejects_wrong_area_and_adapter_layer_map
openwepp-hillslope-orchestrator land_surface_energy_shadow::raw_boundary_contract_tests::surface_runtime_rejects_wrong_day_and_lse_ofe_receiver
openwepp-hillslope-orchestrator land_surface_energy_shadow::raw_boundary_contract_tests::unified_boundary_tests::attempted_hash_binds_every_receiver_expectation_field_and_expected_snapshot
openwepp-hillslope-orchestrator land_surface_energy_shadow::raw_boundary_contract_tests::unified_boundary_tests::callback_lse_taxonomy_is_exhaustive_and_rebound_to_resource_candidate
openwepp-hillslope-orchestrator land_surface_energy_shadow::raw_boundary_contract_tests::unified_boundary_tests::configured_infiltration_thermal_layer_must_be_first_before_callback
openwepp-hillslope-orchestrator land_surface_energy_shadow::raw_boundary_contract_tests::unified_boundary_tests::invalid_expectation_lineage_and_topology_reject_before_callback
openwepp-hillslope-orchestrator land_surface_energy_shadow::raw_boundary_contract_tests::unified_boundary_tests::raw_and_canonical_surface_errors_rebind_and_preserve_exact_lower_identity
openwepp-hillslope-orchestrator land_surface_energy_shadow::raw_boundary_contract_tests::unified_boundary_tests::raw_callback_errors_are_canonicalized_without_fabricated_row_identity
openwepp-hillslope-orchestrator land_surface_energy_shadow::raw_boundary_contract_tests::unified_bridge_rejects_a_valid_but_wrong_lineage_final_protocol
openwepp-hillslope-orchestrator land_surface_energy_shadow::raw_boundary_contract_tests::unified_entry_rejects_frozen_snow_and_duplicate_legacy_surface_custody
openwepp-hillslope-orchestrator land_surface_energy_shadow::raw_boundary_contract_tests::unified_ingress_updates_exact_real_receivers_and_preserves_rollback
openwepp-hillslope-orchestrator land_surface_energy_shadow::raw_boundary_contract_tests::unified_receiver_join_poisons_return_no_partial_candidate
openwepp-hillslope-orchestrator land_surface_energy_shadow::raw_boundary_contract_tests::unified_snapshot_sha256_frames_the_canonical_soil_snapshot_bytes
openwepp-hillslope-orchestrator land_surface_energy_shadow::raw_boundary_contract_tests::unified_surface_authorization_failure_retains_complete_request_attempt_hash
openwepp-hillslope-orchestrator land_surface_energy_shadow::raw_boundary_contract_tests::unified_surface_owner_accepts_open_and_litter_without_rewriting_keys
openwepp-hillslope-orchestrator land_surface_energy_shadow::raw_boundary_contract_tests::unified_surface_owner_applies_signed_condensation_credit_before_ingress
openwepp-hillslope-orchestrator land_surface_energy_shadow::raw_boundary_contract_tests::unified_surface_owner_consumes_the_actual_fixed_cap_lse_water_protocol
openwepp-hillslope-orchestrator land_surface_energy_shadow::receiver_preflight::tests::derived_arithmetic_uses_unique_implicated_owner_rollback_hash_or_absence
openwepp-hillslope-orchestrator land_surface_energy_shadow::receiver_preflight::tests::shared_aggregation_is_context_independent_and_bit_exact
openwepp-hillslope-orchestrator land_surface_energy_shadow::receiver_preflight::tests::shared_aggregation_poison_reports_first_e003_owner_and_receipt
openwepp-hillslope-orchestrator land_surface_energy_shadow::receiver_validation::tests::later_receiver_equation_mismatches_are_e010_and_cardinality_is_e011
openwepp-hillslope-orchestrator land_surface_energy_shadow::receiver_validation::tests::post_ingress_numeric_preflight_uses_implicated_owner_rollback_hash_or_absence
openwepp-hillslope-orchestrator land_surface_energy_shadow::receiver_validation::tests::receiver_close_e010_and_e003_carry_configured_surface_context
openwepp-hillslope-orchestrator land_surface_energy_shadow::receiver_validation::tests::topology_join_and_context_digest_bind_configured_ids
openwepp-hillslope-orchestrator land_surface_energy_shadow::strict_v8_endpoint::endpoint_rollback_tests::every_injected_phase_preserves_all_six_actual_owner_byte_records
openwepp-hillslope-orchestrator land_surface_energy_shadow::strict_v8_endpoint::endpoint_rollback_tests::native_v2_provisional_refuses_identity_order_and_carry_poison_without_install
openwepp-hillslope-orchestrator land_surface_energy_shadow::strict_v8_endpoint::endpoint_rollback_tests::native_v2_suffix_support_joins_outer_authority_to_exact_child_and_refuses_poisons
openwepp-hillslope-orchestrator land_surface_energy_shadow::strict_v8_endpoint::endpoint_rollback_tests::native_v2_zero_and_nonzero_carry_preserve_constitutive_image_and_owner_bytes
openwepp-hillslope-orchestrator land_surface_energy_shadow::strict_v8_endpoint::tests::open_ingress_is_rederived_when_forcing_parcel_mass_changes
openwepp-hillslope-orchestrator land_surface_energy_shadow::strict_v8_endpoint::tests::precipitation_and_runon_retain_distinct_type_thermal_and_lineage
openwepp-hillslope-orchestrator land_surface_energy_shadow::strict_v8_endpoint::tests::public_endpoint_has_no_raw_open_ingress_parameter
openwepp-hillslope-orchestrator land_surface_energy_shadow::strict_v8_endpoint::tests::source_lineage_and_type_mutations_change_strict_ingress_bytes
openwepp-hillslope-orchestrator land_surface_energy_shadow::v16_retained_surface_high_custody_tests::sub_ulp_retained_credit_requires_exact_v4_custody
openwepp-hillslope-orchestrator land_surface_energy_shadow::v39_soil_energy_transaction_authority_tests::v39_legacy_v1_candidates_retain_exact_single_transaction_operand_identity
openwepp-hillslope-orchestrator land_surface_energy_shadow::v39_soil_energy_transaction_authority_tests::v39_legacy_v1_refuses_split_target_mixed_posture_or_identity_substitution
openwepp-hillslope-orchestrator land_surface_energy_shadow::v39_soil_energy_transaction_authority_tests::v39_physical_soil_energy_operands_bind_outer_source_and_soil_target_transactions
openwepp-hillslope-orchestrator land_surface_energy_shadow::v39_soil_energy_transaction_authority_tests::v39_second_child_soil_operands_keep_outer_ingress_transaction
openwepp-hillslope-orchestrator land_surface_energy_shadow::v39_soil_energy_transaction_authority_tests::v39_soil_operand_transaction_substitution_refuses_without_publication
openwepp-hillslope-orchestrator land_surface_energy_shadow::v3_multitile_adoption::tests::candidate_boundary_is_pre_ingress_and_crate_private
openwepp-hillslope-orchestrator land_surface_energy_shadow::v3_multitile_adoption::tests::exact_sixty_second_grid_is_bound_before_solve
openwepp-hillslope-orchestrator land_surface_energy_shadow::v3_multitile_adoption::tests::forest_litter_has_no_legacy_solve_branch
openwepp-hillslope-orchestrator land_surface_energy_shadow::v3_multitile_adoption::tests::wrong_occupancy_identity_and_order_fail_closed
openwepp-hillslope-orchestrator land_surface_energy_shadow::v3_tests::complete_projection_joins_surface_owner_soil_v2_and_canonical_replay
openwepp-hillslope-orchestrator land_surface_energy_shadow::v3_tests::direct_runtime_exposes_only_the_crate_private_v2_ingress_handoff
openwepp-hillslope-orchestrator land_surface_energy_shadow::v3_tests::exact_floor_and_off_grid_support_are_rejected_without_physics
openwepp-hillslope-orchestrator land_surface_energy_shadow::v3_tests::exact_surface_authentic_retained_sub_ulp_credits_and_poisons_are_fail_closed
openwepp-hillslope-orchestrator land_surface_energy_shadow::v3_tests::exact_surface_groups_multiple_parcels_and_distinct_tile_credits_with_fusion
openwepp-hillslope-orchestrator land_surface_energy_shadow::v3_tests::exact_surface_noncanonical_carry_and_stale_restart_checkpoint_refuse
openwepp-hillslope-orchestrator land_surface_energy_shadow::v3_tests::exact_surface_operands_refuse_reorder_omission_owner_and_source_substitution
openwepp-hillslope-orchestrator land_surface_energy_shadow::v3_tests::exact_surface_owner_accepts_configured_ofe_9_then_ofe_10_topology
openwepp-hillslope-orchestrator land_surface_energy_shadow::v3_tests::exact_surface_owner_accepts_opaque_nonlexical_ofe_topology
openwepp-hillslope-orchestrator land_surface_energy_shadow::v3_tests::exact_surface_owner_preserves_within_ofe_and_operand_order
openwepp-hillslope-orchestrator land_surface_energy_shadow::v3_tests::exact_surface_owner_rejects_duplicate_omitted_or_substituted_topology_keys
openwepp-hillslope-orchestrator land_surface_energy_shadow::v3_tests::exact_surface_owner_rejects_stale_configuration_digest
openwepp-hillslope-orchestrator land_surface_energy_shadow::v3_tests::exact_surface_owner_rejects_topology_relative_or_within_ofe_reorder
openwepp-hillslope-orchestrator land_surface_energy_shadow::v3_tests::exact_surface_owner_topology_failure_rolls_back_all_bytes
openwepp-hillslope-orchestrator land_surface_energy_shadow::v3_tests::exact_surface_refuses_retained_credit_omission_before_candidate_seal
openwepp-hillslope-orchestrator land_surface_energy_shadow::v3_tests::exact_surface_rounding_vectors_cover_sub_ulp_ties_crossing_cancellation_and_subnormal
openwepp-hillslope-orchestrator land_surface_energy_shadow::v3_tests::exact_surface_successor_joins_v3_mirrors_receipt_and_projection_v4
openwepp-hillslope-orchestrator land_surface_energy_shadow::v3_tests::exact_surface_true_noop_preserves_negative_zero_high_bits
openwepp-hillslope-orchestrator land_surface_energy_shadow::v3_tests::exact_surface_v2_v3_high_mirror_poisons_roll_back_all_beginning_bytes
openwepp-hillslope-orchestrator land_surface_energy_shadow::v3_tests::frozen_and_thawing_phase_precede_current_ingress_and_wb14
openwepp-hillslope-orchestrator land_surface_energy_shadow::v3_tests::heterogeneous_v3_resource_join_rolls_back_all_owners
openwepp-hillslope-orchestrator land_surface_energy_shadow::v3_tests::litter_phase_capacity_spill_rolls_back_all_owners
openwepp-hillslope-orchestrator land_surface_energy_shadow::v3_tests::native_composite_owner_preserves_roles_and_refuses_component_poisons
openwepp-hillslope-orchestrator land_surface_energy_shadow::v3_tests::native_litter_phase_order_preserves_payloads_and_rejects_bad_key_sets
openwepp-hillslope-orchestrator land_surface_energy_shadow::v3_tests::native_snow_liquid_candidate_preserves_ice_and_reprojects_zero_heat_credit
openwepp-hillslope-orchestrator land_surface_energy_shadow::v3_tests::native_snow_liquid_candidate_rejects_unrepresentable_temperature_before_install
openwepp-hillslope-orchestrator land_surface_energy_shadow::v3_tests::native_snow_liquid_publication_authenticates_replay_and_rejects_substitution
openwepp-hillslope-orchestrator land_surface_energy_shadow::v3_tests::phase_specific_vapor_has_no_double_debit_and_fusion_closes
openwepp-hillslope-orchestrator land_surface_energy_shadow::v3_tests::soil_transaction_authority_admits_split_source_target_and_refuses_rebinding
openwepp-hillslope-orchestrator land_surface_energy_shadow::v3_tests::wrong_constant_order_and_identity_poisons_fail_closed
openwepp-hillslope-orchestrator land_surface_energy_shadow::v3_tests::wrong_vapor_sign_is_rejected_and_beginning_bytes_roll_back_exactly
openwepp-hillslope-orchestrator land_surface_energy_shadow::v8_input_projection::tests::canopy_receipt_digest_detects_one_bit_in_each_forcing_family
openwepp-hillslope-orchestrator land_surface_energy_shadow::v8_input_projection::tests::covered_precipitation_join_rejects_missing_extra_wrong_destination_and_one_bit
openwepp-hillslope-orchestrator land_surface_energy_shadow::v8_input_projection::tests::forcing_families_are_bit_exact_and_independent
openwepp-hillslope-orchestrator land_surface_energy_shadow::v8_input_projection::tests::litter_conductivity_uses_beginning_litter_water_not_top_soil_conductivity
openwepp-hillslope-orchestrator land_surface_energy_shadow::v8_input_projection::tests::shared_stratum_component_identity_is_tile_qualified
openwepp-hillslope-orchestrator land_surface_energy_shadow::v8_projection::tests::all_open_topology_projects_empty_canonical_v8_passes
openwepp-hillslope-orchestrator land_surface_energy_shadow::v8_projection::tests::component_identity_is_converted_without_string_parsing_or_normalization
openwepp-hillslope-orchestrator land_surface_energy_shadow::v8_projection::tests::duplicate_unified_root_rows_are_rejected_before_projection
openwepp-hillslope-orchestrator land_surface_energy_shadow::v8_rollback::tests::copied_hash_from_another_owner_is_rejected
openwepp-hillslope-orchestrator land_surface_energy_shadow::v8_rollback::tests::duplicate_owner_class_is_rejected_even_with_distinct_id_and_bytes
openwepp-hillslope-orchestrator land_surface_energy_shadow::v8_rollback::tests::duplicate_real_owner_identity_is_rejected
openwepp-hillslope-orchestrator land_surface_energy_shadow::v8_rollback::tests::exact_bytes_pass_and_owner_hashes_do_not_alias
openwepp-hillslope-orchestrator land_surface_energy_shadow::v8_rollback::tests::framing_distinguishes_boundaries_and_preserves_payload_bytes
openwepp-hillslope-orchestrator land_surface_energy_shadow::v8_rollback::tests::omitted_owner_class_is_rejected
openwepp-hillslope-orchestrator land_surface_energy_shadow::v8_rollback::tests::one_byte_owner_mutation_fails_even_with_a_copied_hash
openwepp-hillslope-orchestrator land_surface_energy_shadow::v8_rollback::tests::rehashed_post_failure_mutation_reports_exact_owner
openwepp-hillslope-orchestrator land_surface_energy_shadow::v8_rollback::tests::typed_owner_serialization_hashes_actual_fields_not_declared_digest_aliases
openwepp-hillslope-orchestrator ofe_routing::cascade::tests::cascade_profile_counts_setup_and_upstream_interpolation
openwepp-hillslope-orchestrator ofe_routing::cascade::tests::case3_vegetated_strip_backs_up_more_water_than_bare
openwepp-hillslope-orchestrator ofe_routing::cascade::tests::degenerate_cascade_fails_closed
openwepp-hillslope-orchestrator ofe_routing::cascade::tests::interpolate_unit_discharge_characterizes_search_endpoints_and_clamp
openwepp-hillslope-orchestrator ofe_routing::cascade::tests::three_ofe_cascade_accumulates_downslope
openwepp-hillslope-orchestrator ofe_routing::cascade::tests::two_ofe_cascade_conserves_and_hands_off
openwepp-hillslope-orchestrator ofe_routing::cascade::tests::width_change_scales_handoff_for_discharge_continuity
openwepp-hillslope-orchestrator ofe_routing::d10b_reconciliation_tests::bin_loops_progress_on_non_dyadic_sample_dt
openwepp-hillslope-orchestrator ofe_routing::d10b_reconciliation_tests::case4_manning_solver_converges_to_iwagaki_oracle
openwepp-hillslope-orchestrator ofe_routing::d10b_reconciliation_tests::case4_manning_tvd_dissipation_is_mass_neutral_and_tv_transient_bounded
openwepp-hillslope-orchestrator ofe_routing::d10b_reconciliation_tests::case4_solver_and_oracle_source_histories_agree_exactly
openwepp-hillslope-orchestrator ofe_routing::d10b_reconciliation_tests::handoff_injection_is_flux_integral_conservative
openwepp-hillslope-orchestrator ofe_routing::d10b_reconciliation_tests::nineteen_ofe_conservation_is_resolution_convergent
openwepp-hillslope-orchestrator ofe_routing::d10b_reconciliation_tests::partial_final_bin_handoff_is_exact
openwepp-hillslope-orchestrator ofe_routing::d10b_reconciliation_tests::runon_only_ofe_handoff_is_nonnegative_and_conservative
openwepp-hillslope-orchestrator ofe_routing::d10b_reconciliation_tests::single_ofe_outlet_bins_stay_nonnegative_under_front_arrival
openwepp-hillslope-orchestrator ofe_routing::d10b_reconciliation_tests::solver_ledger_books_scheme_actual_boundary_fluxes
openwepp-hillslope-orchestrator ofe_routing::d10b_reconciliation_tests::unsatisfiable_cfl_fails_closed_not_partial_ok
openwepp-hillslope-orchestrator ofe_routing::dval::tests::case1_bare_reproduces_steady_magnitude
openwepp-hillslope-orchestrator ofe_routing::dval::tests::case1_rising_limb_lag_is_green_ampt_operand_limited
openwepp-hillslope-orchestrator ofe_routing::dval::tests::case2_underprediction_is_ks_operand_limited
openwepp-hillslope-orchestrator ofe_routing::dval::tests::case3_enhanced_peak_exceeds_recorded_rainfall_length_ceiling
openwepp-hillslope-orchestrator ofe_routing::dval::tests::case4_iwagaki_ko_diagnostic_conserves_and_stays_positive
openwepp-hillslope-orchestrator ofe_routing::dval::tests::case4_iwagaki_ko_diagnostic_remains_coherent
openwepp-hillslope-orchestrator ofe_routing::friction::tests::additive_equivalent_and_chezy
openwepp-hillslope-orchestrator ofe_routing::friction::tests::degenerate_inputs_return_zero_not_nan
openwepp-hillslope-orchestrator ofe_routing::friction::tests::form_resistance_matches_equation_case2
openwepp-hillslope-orchestrator ofe_routing::friction::tests::shen_li_low_ko_vector_pins_si_rainfall_intensity
openwepp-hillslope-orchestrator ofe_routing::friction::tests::shen_li_negative_intensity_is_not_silently_zeroed
openwepp-hillslope-orchestrator ofe_routing::friction::tests::skin_rain_term_dispatch_is_bit_identical
openwepp-hillslope-orchestrator ofe_routing::friction::tests::skin_regime_dispatch_and_continuity
openwepp-hillslope-orchestrator ofe_routing::friction::tests::vegetation_beta_is_capped_and_resistance_positive
openwepp-hillslope-orchestrator ofe_routing::friction::tests::wave_resistance_ramps_below_half_and_decays_above
openwepp-hillslope-orchestrator ofe_routing::infiltration::tests::capacity_diverges_at_dry_and_decays_with_cumulative
openwepp-hillslope-orchestrator ofe_routing::infiltration::tests::conservation_holds_across_variable_rainfall
openwepp-hillslope-orchestrator ofe_routing::infiltration::tests::coupled_case1_rainfall_to_runoff_conserves_and_produces_runoff
openwepp-hillslope-orchestrator ofe_routing::infiltration::tests::coupled_impermeable_routes_all_rainfall
openwepp-hillslope-orchestrator ofe_routing::infiltration::tests::coupled_run_validates_config_and_soil_domains
openwepp-hillslope-orchestrator ofe_routing::infiltration::tests::coupled_two_ofe_infiltration_varies_runoff_downslope
openwepp-hillslope-orchestrator ofe_routing::infiltration::tests::explicit_ponding_split_conserves_and_delays_excess
openwepp-hillslope-orchestrator ofe_routing::infiltration::tests::high_rainfall_ponds_and_produces_excess_with_decaying_infiltration
openwepp-hillslope-orchestrator ofe_routing::infiltration::tests::hyetograph_fails_closed_on_invalid_inputs
openwepp-hillslope-orchestrator ofe_routing::infiltration::tests::impermeable_soil_makes_all_rainfall_excess
openwepp-hillslope-orchestrator ofe_routing::infiltration::tests::low_rainfall_below_ks_never_ponds_all_infiltrates
openwepp-hillslope-orchestrator ofe_routing::iwagaki_oracle::tests::characteristics_fan_cross_validates_upwind_reference
openwepp-hillslope-orchestrator ofe_routing::iwagaki_oracle::tests::m10_characterizes_oracle_result_bitwise
openwepp-hillslope-orchestrator ofe_routing::iwagaki_oracle::tests::m10_final_storage_preserves_particle_and_shock_geometry
openwepp-hillslope-orchestrator ofe_routing::iwagaki_oracle::tests::upwind_case4_conserves_and_peaks_after_cutoff
openwepp-hillslope-orchestrator ofe_routing::iwagaki_oracle::tests::upwind_case4_self_convergence
openwepp-hillslope-orchestrator ofe_routing::iwagaki_oracle::tests::upwind_single_reach_matches_closed_form
openwepp-hillslope-orchestrator ofe_routing::kinematic_wave::tests::bin_recorder_retains_material_terminal_deficit_signal
openwepp-hillslope-orchestrator ofe_routing::kinematic_wave::tests::case1_bare_surface_reaches_steady_state_and_conserves_mass
openwepp-hillslope-orchestrator ofe_routing::kinematic_wave::tests::case4_lateral_pulse_conserves_mass_and_captures_front
openwepp-hillslope-orchestrator ofe_routing::kinematic_wave::tests::cfl_adaptive_step_keeps_courant_bounded_on_steep_slope
openwepp-hillslope-orchestrator ofe_routing::kinematic_wave::tests::conservation_residual_books_positivity_clamp_after_raw_residual
openwepp-hillslope-orchestrator ofe_routing::kinematic_wave::tests::conservation_residual_converges_with_resolution
openwepp-hillslope-orchestrator ofe_routing::kinematic_wave::tests::degenerate_configuration_fails_closed
openwepp-hillslope-orchestrator ofe_routing::kinematic_wave::tests::final_tvd_scaling_preserves_positivity_and_total
openwepp-hillslope-orchestrator ofe_routing::kinematic_wave::tests::hydrograph_bins_are_conservative_and_rise_at_bin_scale
openwepp-hillslope-orchestrator ofe_routing::kinematic_wave::tests::invalid_cell_parameter_fails_closed
openwepp-hillslope-orchestrator ofe_routing::kinematic_wave::tests::nan_forcing_fails_closed
openwepp-hillslope-orchestrator ofe_routing::kinematic_wave::tests::nan_inflow_fails_closed
openwepp-hillslope-orchestrator ofe_routing::kinematic_wave::tests::nash_sutcliffe_perfect_and_mean
openwepp-hillslope-orchestrator ofe_routing::kinematic_wave::tests::negative_forcing_fails_closed_not_zeroed
openwepp-hillslope-orchestrator ofe_routing::kinematic_wave::tests::nonpositive_sample_dt_fails_closed_not_hang
openwepp-hillslope-orchestrator ofe_routing::kinematic_wave::tests::post_tier1_prepare_step_alpha_retains_scan_max_celerity
openwepp-hillslope-orchestrator ofe_routing::kinematic_wave::tests::profile_slots_accumulate_when_enabled_and_stay_zero_when_disabled
openwepp-hillslope-orchestrator ofe_routing::kinematic_wave::tests::public_equivalent_friction_covers_manning_and_component_menu
openwepp-hillslope-orchestrator ofe_routing::kinematic_wave::tests::rev47_active_vegetation_nonfinite_local_numerics_fail_closed
openwepp-hillslope-orchestrator ofe_routing::kinematic_wave::tests::rev47_additive_menu_celerity_matches_small_finite_difference
openwepp-hillslope-orchestrator ofe_routing::kinematic_wave::tests::rev47_depth_power_uses_sqrt_identity
openwepp-hillslope-orchestrator ofe_routing::kinematic_wave::tests::rev47_dry_and_zero_slope_cells_are_zero_local_hydraulics
openwepp-hillslope-orchestrator ofe_routing::kinematic_wave::tests::rev47_dust_residual_floor_matches_contract
openwepp-hillslope-orchestrator ofe_routing::kinematic_wave::tests::rev47_hirsch_skin_celerity_uses_exact_turbulent_pow
openwepp-hillslope-orchestrator ofe_routing::kinematic_wave::tests::rev47_laminar_skin_celerity_uses_three_q_over_h
openwepp-hillslope-orchestrator ofe_routing::kinematic_wave::tests::rev47_manning_celerity_uses_five_thirds_q_over_h
openwepp-hillslope-orchestrator ofe_routing::kinematic_wave::tests::rev47_pure_skin_branch_gap_uses_pre_step_branch_without_smoothing
openwepp-hillslope-orchestrator ofe_routing::kinematic_wave::tests::source_quiet_dry_front_outlet_flux_stays_nonnegative_and_conservative
openwepp-hillslope-orchestrator ofe_routing::kinematic_wave::tests::stage_face_limiter_records_largest_reduction_and_rejects_nonfinite_availability
openwepp-hillslope-orchestrator ofe_routing::kinematic_wave::tests::stage_flux_limiter_prevents_positive_clamp_injection
openwepp-hillslope-orchestrator ofe_routing::kinematic_wave::tests::upstream_inflow_boundary_routes_through
openwepp-hillslope-orchestrator ofe_routing::profile::tests::disabled_profile_accumulates_nothing
openwepp-hillslope-orchestrator ofe_routing::profile::tests::enabled_profile_accumulates_and_resets
openwepp-hillslope-orchestrator ofe_routing::seam::tests::activation_preconditions_fail_closed
openwepp-hillslope-orchestrator ofe_routing::seam::tests::gate_fixture_a_exfiltration_reaches_the_routed_toe
openwepp-hillslope-orchestrator ofe_routing::seam::tests::gate_fixture_b_subsurface_dominated_closure_vector
openwepp-hillslope-orchestrator ofe_routing::seam::tests::source_rate_series_is_the_recorded_unit_helper
openwepp-hillslope-orchestrator runtime_inputs::cqr_row3_management_tests::cqr_row3_project_primary_drain_controls_disables_absent_drain
openwepp-hillslope-orchestrator runtime_inputs::cqr_row3_management_tests::cqr_row3_project_primary_drain_controls_projects_enabled_geometry
openwepp-hillslope-orchestrator runtime_inputs::cqr_row3_management_tests::cqr_row3_project_primary_drain_controls_rejects_dangling_reference
openwepp-hillslope-orchestrator runtime_inputs::cqr_row3_management_tests::cqr_row3_project_primary_drain_controls_rejects_zero_geometry
openwepp-hillslope-orchestrator runtime_inputs::cqr_row3_management_tests::disturbed_native_route_coefficients_project_to_ofe_symbols
openwepp-hillslope-orchestrator runtime_inputs::cqr_row3_management_tests::forest_lanuse_projects_full_growth_symbol_surface
openwepp-hillslope-orchestrator runtime_inputs::cqr_row3_management_tests::native_lanuse_routing_coefficients_project_to_ofe_symbols
openwepp-hillslope-orchestrator runtime_inputs::cqr_row4_projection_helper_tests::cqr_row4_annual_extension_variant_names_cover_all_payloads
openwepp-hillslope-orchestrator runtime_inputs::cqr_row4_projection_helper_tests::cqr_row4_perennial_grazing_cycle_symbols_project_typed_payload
openwepp-hillslope-orchestrator runtime_inputs::cqr_row4_projection_helper_tests::cqr_row4_perennial_grazing_cycle_symbols_reject_invalid_domains
openwepp-hillslope-orchestrator runtime_inputs::cqr_row4_runtime_input_error_tests::cqr_row4_error_codes_and_display_cover_all_runtime_input_variants
openwepp-hillslope-orchestrator runtime_inputs::cqr_row4_simimpl28_hourly_forcing_tests::cqr_row4_build_forcing_covers_context_guards_and_breakpoint_trigger
openwepp-hillslope-orchestrator runtime_inputs::cqr_row4_simimpl28_hourly_forcing_tests::cqr_row4_build_forcing_resolves_warm_precip_and_suppresses_warm_dry_days
openwepp-hillslope-orchestrator runtime_inputs::cqr_row4_simimpl28_hourly_forcing_tests::cqr_row4_stmtim_partition_covers_legacy_and_harder_pomeroy_branches
openwepp-hillslope-orchestrator runtime_inputs::cqr_row4_simimpl28_hourly_forcing_tests::cqr_row4_sunmap_covers_success_and_domain_errors
openwepp-hillslope-orchestrator runtime_inputs::cqr_row4_simimpl28_hourly_forcing_tests::eb03_polar_night_publishes_explicit_unavailable_solar_state
openwepp-hillslope-orchestrator runtime_inputs::forest_lanuse_reconciliation_tests::cropland_only_management_reconciles_trivially
openwepp-hillslope-orchestrator runtime_inputs::forest_lanuse_reconciliation_tests::matching_forest_class_and_policy_luse_reconciles
openwepp-hillslope-orchestrator runtime_inputs::forest_lanuse_reconciliation_tests::mismatched_policy_luse_fails_closed
openwepp-hillslope-orchestrator runtime_inputs::forest_lanuse_reconciliation_tests::missing_disturbed_policy_fails_closed
openwepp-hillslope-orchestrator runtime_inputs::forest_lanuse_reconciliation_tests::reconciliation_is_scoped_to_scheduled_forest_class
openwepp-hillslope-orchestrator runtime_inputs::fq1_soil_corrected_layer_coverage_tests::fq1_mapping_still_fails_closed_for_nonmonotone_parser_layer
openwepp-hillslope-orchestrator runtime_inputs::fq1_soil_corrected_layer_coverage_tests::fq1_maps_valid_parser_tail_below_legacy_normalized_cap_from_deepest_corrected_layer
openwepp-hillslope-orchestrator runtime_inputs::fq1_soil_corrected_layer_coverage_tests::fq1_runnable_control_mapping_within_normalized_depth_is_unchanged
openwepp-hillslope-orchestrator runtime_inputs::snow_free_half_hour_phase_tests::dry_phase_metadata_and_mixed_geometric_closure_poisons_fail_closed
openwepp-hillslope-orchestrator runtime_inputs::snow_free_half_hour_phase_tests::solid_parcel_enthalpy_poison_fails_closed
openwepp-hillslope-orchestrator runtime_inputs::snow_free_half_hour_phase_tests::warm_mixed_phase_splits_solid_temperature_without_changing_liquid_custody
openwepp-hillslope-orchestrator snow_owner_v4::tests::exact_v4_is_deterministic
openwepp-hillslope-orchestrator snow_owner_v4::tests::reappearance_projection_binds_v4_lanes_and_ordered_boundary_receipts
openwepp-hillslope-orchestrator snow_owner_v4::tests::reappearance_projection_rejects_noncanonical_receipt_order
openwepp-hillslope-orchestrator snow_owner_v4::tests::rejects_miskey_and_consumed
openwepp-hillslope-orchestrator snow_stage3_open_boundary::tests::equal_open_snow_humidity_emits_positive_zero_and_one_bit_poison_uses_flux
openwepp-hillslope-orchestrator snow_stage3_open_boundary::tests::open_exposure_identity_is_destination_specific
openwepp-hillslope-orchestrator snow_stage3_open_boundary::tests::open_precipitation_custody_is_sealed_and_domain_checked
openwepp-hillslope-orchestrator snow_stage3_open_boundary::tests::swapped_open_exposure_destination_rejects
openwepp-hillslope-orchestrator snow_stage3_terminal_handoff::tests::boundary_identity_rejects_partial_final_sealing
openwepp-hillslope-orchestrator snow_stage3_terminal_handoff::tests::covered_boundary_preserves_signed_snow_soil_energy_as_distinct_operand
openwepp-hillslope-orchestrator snow_stage3_terminal_handoff::tests::covered_boundary_receipt_binds_latent_mass_and_energy
openwepp-hillslope-orchestrator snow_stage3_terminal_handoff::tests::final_covered_boundary_receipt_is_sealed_and_one_bit_poisoned
openwepp-hillslope-orchestrator snow_stage3_terminal_handoff::tests::mixed_open_covered_lane_uses_ofe_ground_sum_without_renormalization
openwepp-hillslope-orchestrator snow_stage3_terminal_handoff::tests::ofe_ground_lane_receipt_requires_complete_fraction_and_binds_area_basis
openwepp-hillslope-orchestrator snow_stage3_terminal_handoff::tests::outward_snow_exchange_is_inverted_at_stage3_control_volume
openwepp-hillslope-orchestrator snow_stage3_terminal_handoff::tests::terminal_bounded_vapor_receipt_retains_raw_opportunity_and_seals_actual_transfer
openwepp-hillslope-orchestrator snow_stage3_v11_attachment::adaptive_covered_child_memo_authority_tests::covered_child_memo_requires_every_physical_and_authorization_key_field
openwepp-hillslope-orchestrator snow_stage3_v11_attachment::adaptive_receipt_accumulator_serialization_tests::restart_accumulator_omits_diagnostic_counters_and_rejects_unknown_counter
openwepp-hillslope-orchestrator snow_stage3_v11_attachment::adaptive_receipt_tests::attempt_identity_is_diagnostic_and_does_not_change_physical_endpoint
openwepp-hillslope-orchestrator snow_stage3_v11_attachment::adaptive_receipt_tests::canonical_receipt_sets_reject_duplicate_and_reordered_requests
openwepp-hillslope-orchestrator snow_stage3_v11_attachment::adaptive_receipt_tests::comparison_receipt_seals_pending_parcel_cardinality_identity_and_order
openwepp-hillslope-orchestrator snow_stage3_v11_attachment::adaptive_receipt_tests::composed_receipt_chain_is_acyclic_and_installs_the_split_endpoint
openwepp-hillslope-orchestrator snow_stage3_v11_attachment::adaptive_receipt_tests::controller_telemetry_is_derived_from_authoritative_receipt_vectors
openwepp-hillslope-orchestrator snow_stage3_v11_attachment::adaptive_receipt_tests::discrete_rejection_retains_a_finite_physical_error_and_rejects_infinity
openwepp-hillslope-orchestrator snow_stage3_v11_attachment::adaptive_receipt_tests::floor_decisions_have_one_trial_and_cannot_fabricate_split_children
openwepp-hillslope-orchestrator snow_stage3_v11_attachment::adaptive_receipt_tests::receipt_chain_rejects_identity_support_owner_phase_event_and_order_poisons
openwepp-hillslope-orchestrator snow_stage3_v11_attachment::adaptive_receipt_tests::support_receipt_serialization_omits_diagnostics_and_rejects_unknown_diagnostic_field
openwepp-hillslope-orchestrator snow_stage3_v11_attachment::adaptive_trial_failure_classification_tests::below_absolute_zero_resolved_projection_refines_above_floor
openwepp-hillslope-orchestrator snow_stage3_v11_attachment::adaptive_trial_failure_classification_tests::below_absolute_zero_terminal_projection_refines_only_above_floor
openwepp-hillslope-orchestrator snow_stage3_v11_attachment::adaptive_trial_failure_classification_tests::canonical_controller_uses_one_bounded_map_chronology_without_replay
openwepp-hillslope-orchestrator snow_stage3_v11_attachment::adaptive_trial_failure_classification_tests::cold_coarse_open_snow_candidate_refines_when_composed_children_succeed
openwepp-hillslope-orchestrator snow_stage3_v11_attachment::adaptive_trial_failure_classification_tests::cold_conductivity_snapshot_identity_poison_remains_non_refinable
openwepp-hillslope-orchestrator snow_stage3_v11_attachment::adaptive_trial_failure_classification_tests::cold_open_snow_candidate_at_exact_floor_fails_closed
openwepp-hillslope-orchestrator snow_stage3_v11_attachment::adaptive_trial_failure_classification_tests::direct_invalid_composed_valid_retains_composed_for_typed_rejection_receipt
openwepp-hillslope-orchestrator snow_stage3_v11_attachment::adaptive_trial_failure_classification_tests::direct_owner_candidate_refinement_uses_same_narrow_classifier
openwepp-hillslope-orchestrator snow_stage3_v11_attachment::adaptive_trial_failure_classification_tests::exact_floor_historical_midpoint_is_deleted_from_canonical_controller
openwepp-hillslope-orchestrator snow_stage3_v11_attachment::adaptive_trial_failure_classification_tests::non_refinable_composed_failure_has_deterministic_precedence
openwepp-hillslope-orchestrator snow_stage3_v11_attachment::adaptive_trial_failure_classification_tests::physical_active_sets_are_derived_inside_authentic_map
openwepp-hillslope-orchestrator snow_stage3_v11_attachment::adaptive_trial_failure_classification_tests::structural_trial_failure_propagates_without_refinement
openwepp-hillslope-orchestrator snow_stage3_v11_attachment::adaptive_trial_failure_classification_tests::trial_context_preserves_support_phase_source_and_refinement_classification
openwepp-hillslope-orchestrator snow_stage3_v11_attachment::adaptive_trial_failure_classification_tests::trial_local_numerical_failures_refine_without_weakening_constitutive_guards
openwepp-hillslope-orchestrator snow_stage3_v11_attachment::committed_day_archive_tests::archived_prefix_folds_exact_days_and_rejects_owner_delta_and_sequence_poisons
openwepp-hillslope-orchestrator snow_stage3_v11_attachment::committed_day_archive_tests::committed_day_manifest_is_append_only_and_rejects_archive_poisons
openwepp-hillslope-orchestrator snow_stage3_v11_attachment::fixed_point_limiter_audit_tests::limiter_audit_is_explicit_thread_local_and_retains_a_bounded_tail
openwepp-hillslope-orchestrator snow_stage3_v11_attachment::native_inactive_parent_placement_uses_validated_custody
openwepp-hillslope-orchestrator snow_stage3_v11_attachment::parent_chronology_tests::production_adaptive_deposition_meltout_reports_exact_event_tick
openwepp-hillslope-orchestrator snow_stage3_v11_attachment::parent_chronology_tests::production_parent_chronology_fixture_constructs_live_owner
openwepp-hillslope-orchestrator snow_stage3_v11_attachment::parent_chronology_tests::production_parent_end_event_consumes_same_tick_without_successor_support
openwepp-hillslope-orchestrator snow_stage3_v11_attachment::parent_chronology_tests::stage3_support_precipitation_custody_uses_geometric_snowfall_depth
openwepp-hillslope-orchestrator snow_stage3_v11_attachment::parent_chronology_tests::terminal_provisional_publication_deferral_matches_forced_current_double_and_rejects_poisons
openwepp-hillslope-orchestrator snow_stage3_v11_attachment::parent_chronology_tests::v50_native_v2_real_finalizer_uses_validated_envelope_transition
openwepp-hillslope-orchestrator snow_stage3_v11_attachment::parent_chronology_tests::validated_handoff::lineage_mutation_requires_new_digest_and_validation
openwepp-hillslope-orchestrator snow_stage3_v11_attachment::parent_chronology_tests::validated_handoff::parent_finalization_reuses_one_validated_vegetation_image
openwepp-hillslope-orchestrator snow_stage3_v11_attachment::parent_chronology_tests::validated_handoff::untrusted_v11_executor_ending_is_independently_validated_once
openwepp-hillslope-orchestrator snow_stage3_v11_attachment::parent_chronology_tests::validated_handoff::validated_vegetation_proof_is_not_transferable
openwepp-hillslope-orchestrator snow_stage3_v11_attachment::parent_chronology_tests::validated_handoff::vegetation_restart_reparses_and_revalidates_complete_state
openwepp-hillslope-orchestrator snow_stage3_v11_attachment::pending_parent_physical_posture_tests::pending_parent_physical_posture_requires_exact_successor
openwepp-hillslope-orchestrator snow_stage3_v11_attachment::production_qualification_tests::qualification_accumulator_failed_fold_preserves_exact_beginning_bytes
openwepp-hillslope-orchestrator snow_stage3_v11_attachment::production_qualification_tests::qualification_accumulator_omission_substitution_and_order_poisons_fail_closed
openwepp-hillslope-orchestrator snow_stage3_v11_attachment::production_qualification_tests::qualification_accumulator_stream_reconstruction_is_exact_and_bounded
openwepp-hillslope-orchestrator snow_stage3_v11_attachment::production_qualification_tests::qualification_adaptive_envelopes_bind_ordered_exact_replay_partitions
openwepp-hillslope-orchestrator snow_stage3_v11_attachment::production_qualification_tests::qualification_adaptive_publication_crossjoin_rejects_child_poisons
openwepp-hillslope-orchestrator snow_stage3_v11_attachment::production_qualification_tests::qualification_adaptive_subset_excludes_same_parent_snow_free_successors_and_rejects_poisons
openwepp-hillslope-orchestrator snow_stage3_v11_attachment::production_qualification_tests::qualification_daily_beginning_event_omission_and_substitution_fail_closed
openwepp-hillslope-orchestrator snow_stage3_v11_attachment::production_qualification_tests::qualification_daily_beginning_traverses_real_pre_support_event
openwepp-hillslope-orchestrator snow_stage3_v11_attachment::production_qualification_tests::qualification_daily_endpoint_event_tail_substitution_fails_closed
openwepp-hillslope-orchestrator snow_stage3_v11_attachment::production_qualification_tests::qualification_daily_endpoint_uses_committed_publication_event_tail
openwepp-hillslope-orchestrator snow_stage3_v11_attachment::production_qualification_tests::qualification_derived_publication_frame_substitution_poison_fails_closed
openwepp-hillslope-orchestrator snow_stage3_v11_attachment::production_qualification_tests::qualification_ending_owner_source_substitution_poison_fails_closed
openwepp-hillslope-orchestrator snow_stage3_v11_attachment::production_qualification_tests::qualification_finalization_skew_keeps_subslab_join_as_predecessor_evidence
openwepp-hillslope-orchestrator snow_stage3_v11_attachment::production_qualification_tests::qualification_nonempty_route_wire_order_duplicate_and_substitution_poisons_fail_closed
openwepp-hillslope-orchestrator snow_stage3_v11_attachment::production_qualification_tests::qualification_nonempty_route_wire_roundtrips_and_binds_every_entry
openwepp-hillslope-orchestrator snow_stage3_v11_attachment::production_qualification_tests::qualification_owner_substitution_poison_fails_closed
openwepp-hillslope-orchestrator snow_stage3_v11_attachment::production_qualification_tests::qualification_partial_day_poison_fails_closed
openwepp-hillslope-orchestrator snow_stage3_v11_attachment::production_qualification_tests::qualification_post_receiver_physical_owner_with_coupled_snow_is_authoritative
openwepp-hillslope-orchestrator snow_stage3_v11_attachment::production_qualification_tests::qualification_pre_receiver_owner_substitution_poison_fails_closed
openwepp-hillslope-orchestrator snow_stage3_v11_attachment::production_qualification_tests::qualification_predecessor_substitution_and_order_poisons_fail_closed
openwepp-hillslope-orchestrator snow_stage3_v11_attachment::production_qualification_tests::qualification_publication_receipt_count_poison_fails_closed
openwepp-hillslope-orchestrator snow_stage3_v11_attachment::production_qualification_tests::qualification_publication_receipt_omission_fails_closed
openwepp-hillslope-orchestrator snow_stage3_v11_attachment::production_qualification_tests::qualification_publication_receipt_vector_is_the_count_authority
openwepp-hillslope-orchestrator snow_stage3_v11_attachment::production_qualification_tests::qualification_rejects_successor_crossing_the_sealed_terminal_child
openwepp-hillslope-orchestrator snow_stage3_v11_attachment::production_qualification_tests::qualification_serialized_surfaces_omit_microstep_diagnostics
openwepp-hillslope-orchestrator snow_stage3_v11_attachment::production_qualification_tests::qualification_surface_identity_counts_repeated_parent_receipt_per_support_occurrence
openwepp-hillslope-orchestrator snow_stage3_v11_attachment::production_qualification_tests::qualification_surface_identity_zero_duplicate_order_and_substitution_fail_closed
openwepp-hillslope-orchestrator snow_stage3_v11_attachment::production_qualification_tests::qualification_terminal_child_requires_exact_physical_and_successor_partition
openwepp-hillslope-orchestrator snow_stage3_v11_attachment::production_qualification_tests::qualification_trial_receipt_visibility_poison_fails_closed
openwepp-hillslope-orchestrator snow_stage3_v11_attachment::profile::release_qualification_tests::qualification_lane_d_event_outside_lane_scope_fails_closed
openwepp-hillslope-orchestrator snow_stage3_v11_attachment::profile::release_qualification_tests::qualification_map_counter_fails_closed_when_unscoped_or_zero
openwepp-hillslope-orchestrator snow_stage3_v11_attachment::profile::release_qualification_tests::qualification_map_counts_publish_only_when_explicitly_accepted
openwepp-hillslope-orchestrator snow_stage3_v11_attachment::profile::release_qualification_tests::qualification_profile_is_exclusive_balanced_and_preserves_route_order
openwepp-hillslope-orchestrator snow_stage3_v11_attachment::profile::release_qualification_tests::qualification_take_closes_timing_window_before_post_run_work
openwepp-hillslope-orchestrator snow_stage3_v11_attachment::restart_adaptive_trial_grid_tests::endpoint_event_posture_retains_nonzero_completed_trial_count
openwepp-hillslope-orchestrator snow_stage3_v11_attachment::restart_adaptive_trial_grid_tests::exact_floor_count_and_cursor_cross_join_rejects_poisons
openwepp-hillslope-orchestrator snow_stage3_v11_attachment::sealed_hydrology_successor_tests::sealed_successor_distinguishes_identical_non_snow_candidates_and_refuses_foreign_chain
openwepp-hillslope-orchestrator snow_stage3_v11_attachment::solid_reappearance_beginning_owner_tests::reappearance_joins_exact_v1_or_post_terminal_v4_without_losing_receipt_authority
openwepp-hillslope-orchestrator snow_stage3_v11_attachment::solid_reappearance_publication_posture_tests::accepted_support_requires_event_as_ordered_publication_tail
openwepp-hillslope-orchestrator snow_stage3_v11_attachment::solid_reappearance_publication_posture_tests::open_parent_requires_transitioned_state_without_orphan_publication
openwepp-hillslope-orchestrator snow_stage3_v11_attachment::solid_reappearance_thermodynamics_tests::warm_mixed_bulk_temperature_cannot_override_sealed_solid_parcel
openwepp-hillslope-orchestrator snow_stage3_v11_attachment::subslab_owner_adjacency_tests::parent_receipt_snow_owner_uses_exact_coupled_authority_and_rejects_omission
openwepp-hillslope-orchestrator snow_stage3_v11_attachment::subslab_owner_adjacency_tests::pre_support_event_bridges_subslabs_and_poisons_fail_closed
openwepp-hillslope-orchestrator snow_stage3_v11_attachment::subslab_owner_adjacency_tests::sparse_retained_subslabs_defer_only_sealed_gap_to_complete_publication_history
openwepp-hillslope-orchestrator snow_stage3_v11_attachment::support_liquid_receiver_mutation_tests::per_output_first_hop_reconstruction_is_exact_and_rejects_split_receipt_poisons
openwepp-hillslope-orchestrator snow_stage3_v11_attachment::support_liquid_receiver_mutation_tests::receipt_bearing_full_runoff_noop_is_exact_and_false_noops_reject
openwepp-hillslope-orchestrator snow_stage3_v11_attachment::support_liquid_receiver_mutation_tests::retained_mass_requires_exact_surface_and_enthalpy_mutations
openwepp-hillslope-orchestrator snow_stage3_v11_attachment::terminal_event_ordinal_tests::complete_event_index_admits_terminal_subset_after_reappearance_and_rejects_poisons
openwepp-hillslope-orchestrator snow_stage3_v11_attachment::terminal_event_ordinal_tests::coupled_receipt_ordinal_duplicate_gap_and_nonzero_start_fail
openwepp-hillslope-orchestrator snow_stage3_v11_attachment::terminal_event_ordinal_tests::coupled_receipt_ordinals_are_parent_local_and_contiguous
openwepp-hillslope-orchestrator snow_stage3_v11_attachment::terminal_event_ordinal_tests::terminal_group_uses_exact_post_support_clock_ordinal_and_rejects_skips
openwepp-hillslope-orchestrator snow_stage3_v11_attachment::terminal_event_ordinal_tests::terminal_then_post_support_receiver_ordinals_are_one_exact_sequence
openwepp-hillslope-orchestrator snow_stage3_v11_attachment::terminal_exact_installation_source_guards::adaptive_preterminal_closure_is_reconstructed_from_exact_operands
openwepp-hillslope-orchestrator snow_stage3_v11_attachment::terminal_exact_installation_source_guards::adaptive_preterminal_closure_rejects_projected_beginning_substitution
openwepp-hillslope-orchestrator snow_stage3_v11_attachment::terminal_exact_installation_source_guards::adaptive_preterminal_closure_rejects_solid_liquid_and_energy_poison
openwepp-hillslope-orchestrator snow_stage3_v11_attachment::terminal_exact_installation_source_guards::adaptive_preterminal_non_event_accepts_exact_full_resolved_support
openwepp-hillslope-orchestrator snow_stage3_v11_attachment::terminal_exact_installation_source_guards::adaptive_preterminal_non_event_rejects_timing_domain_state_and_order_poisons
openwepp-hillslope-orchestrator snow_stage3_v11_attachment::terminal_exact_installation_source_guards::deferred_native_v2_preterminal_join_reauthenticates_the_retained_trial
openwepp-hillslope-orchestrator snow_stage3_v11_attachment::terminal_exact_installation_source_guards::deferred_native_v2_stack_input_remains_the_immutable_iterate_beginning
openwepp-hillslope-orchestrator snow_stage3_v11_attachment::terminal_exact_installation_source_guards::exact_terminal_installation_uses_only_precomputed_executor
openwepp-hillslope-orchestrator snow_stage3_v11_attachment::terminal_exact_installation_source_guards::exact_terminal_installer_requires_the_typed_parent_lineage_projection
openwepp-hillslope-orchestrator snow_stage3_v11_attachment::terminal_exact_installation_source_guards::obsolete_terminal_consumer_and_duplicate_ordinal_authority_are_absent
openwepp-hillslope-orchestrator snow_stage3_v11_attachment::terminal_exact_installation_source_guards::parent_end_zero_duration_receiver_cannot_invoke_a_physical_lse_solve
openwepp-hillslope-orchestrator snow_stage3_v11_attachment::terminal_exact_installation_source_guards::positive_solid_forcing_excludes_enclosing_trace_reuse_and_requires_its_sealed_parcel
openwepp-hillslope-orchestrator snow_stage3_v11_attachment::terminal_exact_installation_source_guards::terminal_batch_non_event_paths_preserve_deferred_native_v2_child_custody
openwepp-hillslope-orchestrator snow_stage3_v11_attachment::terminal_exact_installation_source_guards::terminal_discovery_localizes_before_any_microstep_can_seal_as_accepted_liquid
openwepp-hillslope-orchestrator snow_stage3_v11_attachment::terminal_exact_installation_source_guards::terminal_discovery_offsets_bind_entry_plus_localized_duration
openwepp-hillslope-orchestrator snow_stage3_v11_attachment::terminal_exact_installation_source_guards::terminal_liquid_enthalpy_binds_exact_unallocated_energy_and_rejects_too_hot
openwepp-hillslope-orchestrator snow_stage3_v11_attachment::terminal_exact_installation_source_guards::terminal_zero_event_and_subminimum_paths_are_fail_closed
openwepp-hillslope-orchestrator snow_stage3_v11_attachment::terminal_exact_installation_source_guards::touched_real_consumer_host_remains_below_hard_source_ceiling
openwepp-hillslope-orchestrator snow_stage3_v11_attachment::terminal_proposal_core_regression_tests::distinct_lane_receiver_topologies_form_one_ordered_group_identity
openwepp-hillslope-orchestrator snow_stage3_v11_attachment::terminal_provider_retention_tests::provider_retains_exact_joint_phase_without_deep_clone_until_unwind
openwepp-hillslope-orchestrator snow_stage3_v11_attachment::terminal_successor_partition_tests::producer_derives_terminal_successor_boundary_from_sealed_child
openwepp-hillslope-orchestrator snow_stage3_v11_attachment::terminal_successor_partition_tests::terminal_child_end_derivation_is_restart_equivalent_and_seal_guarded
openwepp-hillslope-orchestrator snow_stage3_v11_attachment::tests::exact_terminal_domain_crosses_parent_without_parcel_or_stale_state
openwepp-hillslope-orchestrator snow_stage3_v11_attachment::tests::lane_destination_permutation_fails_exact_lane_ofe_join
openwepp-hillslope-orchestrator snow_stage3_v11_attachment::tests::lane_lifecycle_uses_owner_represented_and_terminal_predicates
openwepp-hillslope-orchestrator snow_stage3_v11_attachment::tests::multi_lane_covered_lifecycle_is_lane_keyed_without_candidate_mutation
openwepp-hillslope-orchestrator snow_stage3_v11_attachment::tests::parent_forcing_digest_binds_interval_receipt_identity
openwepp-hillslope-orchestrator snow_stage3_v11_attachment::tests::parent_interval_identity_binds_run_relative_support
openwepp-hillslope-orchestrator snow_stage3_v11_attachment::tests::parent_support_cadence_is_exactly_1_800_seconds
openwepp-hillslope-orchestrator snow_stage3_v11_attachment::tests::precipitation_phase_parcel_set_closes_mass_and_advection_from_same_ordered_set
openwepp-hillslope-orchestrator snow_stage3_v11_attachment::tests::precipitation_phase_parcel_set_rejects_exclusivity_order_and_identity_poisons
openwepp-hillslope-orchestrator snow_stage3_v11_attachment::tests::run_relative_day_supports_are_contiguous_across_midnight
openwepp-hillslope-orchestrator snow_stage3_v11_attachment::tests::sequential_state_selects_meltout_then_solid_reappearance_without_future_regime_input
openwepp-hillslope-orchestrator snow_stage3_v11_attachment::tests::snow_free_successor_retains_authoritative_terminal_v4_owner
openwepp-hillslope-orchestrator snow_stage3_v11_attachment::tests::snow_soil_heat_reconstructs_positive_zero_and_negative_cn_flux
openwepp-hillslope-orchestrator snow_stage3_v11_attachment::tests::snow_soil_heat_rejects_substitution_nonfinite_and_one_bit_poisons
openwepp-hillslope-orchestrator snow_stage3_v11_attachment::tests::solid_reappearance_phase_debit_rejects_omission_and_substitution_without_mutation
openwepp-hillslope-orchestrator snow_stage3_v11_attachment::tests::solid_reappearance_phase_debit_seals_rain_only_successor_forcing
openwepp-hillslope-orchestrator snow_stage3_v11_attachment::tests::terminal_physical_ledger_is_nonempty_and_self_reconstructing
openwepp-hillslope-orchestrator snow_stage3_v11_attachment::tests::terminal_physical_ledger_rejects_owner_parcel_and_heat_poisons
openwepp-hillslope-orchestrator snow_stage3_v11_attachment::transient_native_v2_soil_custody_tests::accepted_terminal_custody_replacement_retains_duplicate_poison_guard
openwepp-hillslope-orchestrator snow_stage3_v11_attachment::transient_native_v2_soil_custody_tests::custody_is_a_typed_pair_and_stays_out_of_checkpoint_shapes
openwepp-hillslope-orchestrator snow_stage3_v11_attachment::transient_native_v2_soil_custody_tests::interruption_and_memo_paths_do_not_persist_custody
openwepp-hillslope-orchestrator snow_stage3_v11_attachment::transient_native_v2_soil_custody_tests::parent_end_native_v2_close_is_atomic_and_clears_only_after_validation
openwepp-hillslope-orchestrator snow_stage3_v11_attachment::transient_native_v2_soil_custody_tests::parent_end_native_v2_close_is_soil_only_exact_once_and_receipted
openwepp-hillslope-orchestrator snow_stage3_v11_attachment::transient_native_v2_soil_custody_tests::parent_end_native_v2_close_refuses_missing_or_substituted_custody
openwepp-hillslope-orchestrator snow_stage3_v11_attachment::transient_native_v2_soil_custody_tests::parent_end_native_v2_close_requires_pending_finalization_authority_without_rebasing
openwepp-hillslope-orchestrator snow_stage3_v11_attachment::transient_native_v2_soil_custody_tests::rejected_direct_and_composed_trials_share_an_immutable_custody_clone
openwepp-hillslope-orchestrator snow_stage3_v11_attachment::transient_native_v2_soil_custody_tests::successor_clears_custody_only_after_successful_handoff
openwepp-hillslope-orchestrator snow_stage3_v11_attachment::transient_native_v2_soil_custody_tests::successor_failure_rolls_back_without_consuming_custody
openwepp-hillslope-orchestrator snow_stage3_v11_attachment::transient_native_v2_soil_custody_tests::terminal_composition_replaces_transient_custody_only_after_each_child_succeeds
openwepp-hillslope-orchestrator snow_stage3_v11_attachment::wb14_parent_finalization_placement_tests::nonfinal_and_final_subslabs_bind_replay_to_exact_parent_end
openwepp-hillslope-orchestrator snow_stage3_v11_attachment::wb14_parent_finalization_placement_tests::restarted_active_prefix_may_end_before_snow_free_parent_finalization
openwepp-hillslope-orchestrator snow_stage3_v11_current_context_capture::b01_pre_child_selector_requires_every_exact_coordinate
openwepp-hillslope-orchestrator snow_stage3_v11_current_context_capture::constructor_encoder_matches_independent_serde_and_literal_enum_names_v1
openwepp-hillslope-orchestrator snow_stage3_v11_snow_enthalpy_carry::tests::aliases_order_stale_candidate_and_carry_poison_fail_closed
openwepp-hillslope-orchestrator snow_stage3_v11_snow_enthalpy_carry::tests::compound_owner_is_canonical_and_whole_equal
openwepp-hillslope-orchestrator snow_stage3_v11_snow_enthalpy_carry::tests::receipt_substitution_and_noncanonical_bytes_refuse
openwepp-hillslope-orchestrator snow_stage3_v11_snow_enthalpy_carry::tests::zero_migration_admits_and_nonzero_downgrade_refuses
openwepp-hillslope-orchestrator snow_terminal_phase_competition::tests::event_start_interior_and_end_are_distinct
openwepp-hillslope-orchestrator snow_terminal_phase_competition::tests::invalid_domains_and_typed_unsupported_fail_closed
openwepp-hillslope-orchestrator snow_terminal_phase_competition::tests::persistent_deposition_reappears_and_beginning_frost_can_melt_later
openwepp-hillslope-orchestrator snow_terminal_phase_competition::tests::residual_frost_lag_is_materially_partition_dependent
openwepp-hillslope-orchestrator snow_terminal_phase_competition::tests::result_blind_phase_matrix_closes_and_separates_aliases
openwepp-hillslope-orchestrator snow_terminal_phase_competition::tests::simultaneous_model_is_materially_order_dependent_at_meltout
openwepp-hillslope-orchestrator snow_terminal_phase_competition::tests::simultaneous_model_matches_a_proportional_additive_partition
openwepp-hillslope-orchestrator snow_terminal_phase_competition::tests::vapor_energy_is_counted_exactly_once_and_poison_rejects
openwepp-hillslope-orchestrator snow_terminal_phase_trajectory::tests::chronology_domain_and_tick_failures_are_typed
openwepp-hillslope-orchestrator snow_terminal_phase_trajectory::tests::exact_latent_custody_and_failure_rollback_are_fail_closed
openwepp-hillslope-orchestrator snow_terminal_phase_trajectory::tests::fixed_path_refinement_converges_but_reordering_changes_chronology
openwepp-hillslope-orchestrator snow_terminal_phase_trajectory::tests::hybrid_and_tagged_subtype_retain_frost_without_alias_or_deletion
openwepp-hillslope-orchestrator snow_terminal_phase_trajectory::tests::released_ordering_fails_fixed_path_refinement_at_meltout
openwepp-hillslope-orchestrator snow_terminal_phase_trajectory::tests::released_ordering_retains_meltout_then_reappearance
openwepp-hillslope-orchestrator snow_terminal_phase_trajectory::tests::result_blind_matrix_closes_for_all_four_models
openwepp-hillslope-orchestrator snow_terminal_phase_trajectory::tests::sign_changing_energy_path_is_deterministic_and_replays_exactly
openwepp-hillslope-orchestrator stage3_mechanism_experiment_audit::tests::equal_payloads_have_distinct_authentic_invocation_ordinals_and_bounded_records
openwepp-hillslope-orchestrator stage3_mechanism_experiment_audit::tests::explicit_compact_session_never_evaluates_details_and_accounts_errors
openwepp-hillslope-orchestrator stage3_mechanism_experiment_audit::tests::successful_provider_does_not_complete_failed_evaluator_tail
openwepp-hillslope-orchestrator stage3_mechanism_experiment_audit::tests::unfinished_scopes_and_overflow_reject_evidence
openwepp-hillslope-orchestrator terminal_candidate_numerics::tests::analytical_hermite_gauss_rows_match_package_python
openwepp-hillslope-orchestrator terminal_candidate_numerics::tests::numerical_guards_preserve_exact_support_amounts_and_absolute_time
openwepp-hillslope-orchestrator terminal_candidate_numerics::tests::same_support_cn_and_reference_methods_have_expected_affine_accuracy
openwepp-hillslope-orchestrator terminal_candidate_numerics::tests::scaled_newton_checks_residual_step_and_conditioning
openwepp-hillslope-orchestrator tests::tests_mod::cqr_laned_active_executor::cqr_laned_active_positive_source_publication_routes_before_consumption
openwepp-hillslope-orchestrator tests::tests_mod::cqr_laned_active_executor::cqr_laned_active_publication_rejects_non_linear_topology_before_input_build
openwepp-hillslope-orchestrator tests::tests_mod::cqr_laned_active_executor::cqr_laned_active_zero_source_publication_commits_summary_and_trace
openwepp-hillslope-orchestrator tests::tests_mod::direct_runtime::cqr_direct_runtime_audit_api_records_specialized_events
openwepp-hillslope-orchestrator tests::tests_mod::direct_runtime::direct_runtime_r3_r4::r3a_input_accounting_span_computes_mutates_downstream_and_shadow_projects
openwepp-hillslope-orchestrator tests::tests_mod::direct_runtime::direct_runtime_r3_r4::r3a_input_accounting_span_rejects_invalid_inputs
openwepp-hillslope-orchestrator tests::tests_mod::direct_runtime::direct_runtime_r3_r4::r3b_water_ledger_span_allows_signed_diagnostic_residual
openwepp-hillslope-orchestrator tests::tests_mod::direct_runtime::direct_runtime_r3_r4::r3b_water_ledger_span_consumes_r3a_state_and_shadow_projects
openwepp-hillslope-orchestrator tests::tests_mod::direct_runtime::direct_runtime_r3_r4::r3b_water_ledger_span_rejects_invalid_inputs
openwepp-hillslope-orchestrator tests::tests_mod::direct_runtime::direct_runtime_r3_r4::r4c_storage_input_producer_consumes_r3a_precipitation_and_direct_storage
openwepp-hillslope-orchestrator tests::tests_mod::direct_runtime::direct_runtime_r3_r4::r4c_storage_input_producer_rejects_invalid_inputs
openwepp-hillslope-orchestrator tests::tests_mod::direct_runtime::direct_runtime_r3_r4::r4d_deep_seepage_producer_consumes_direct_handoff_and_updates_r4b_input
openwepp-hillslope-orchestrator tests::tests_mod::direct_runtime::direct_runtime_r3_r4::r4d_deep_seepage_producer_rejects_invalid_inputs
openwepp-hillslope-orchestrator tests::tests_mod::direct_runtime::direct_runtime_r3_r4::r4e_subsurface_loss_producer_consumes_direct_handoff_and_updates_r4b_input
openwepp-hillslope-orchestrator tests::tests_mod::direct_runtime::direct_runtime_r3_r4::r4eh_storage_budget_handoff_producers_reject_invalid_inputs
openwepp-hillslope-orchestrator tests::tests_mod::direct_runtime::direct_runtime_r3_r4::r4f_evapotranspiration_producer_consumes_direct_handoff_and_updates_r4b_input
openwepp-hillslope-orchestrator tests::tests_mod::direct_runtime::direct_runtime_r3_r4::r4g_snow_coupling_producer_consumes_signed_handoff_and_updates_r4b_input
openwepp-hillslope-orchestrator tests::tests_mod::direct_runtime::direct_runtime_r3_r4::r5b_normalization_phase_computes_mutates_downstream_and_shadow_projects
openwepp-hillslope-orchestrator tests::tests_mod::direct_runtime::direct_runtime_r3_r4::r5b_storage_bounds_phase_consumes_normalization_and_shadow_projects
openwepp-hillslope-orchestrator tests::tests_mod::direct_runtime::direct_runtime_r3_r4::r5b_storage_bounds_phase_rejects_missing_normalization_and_invalid_storage
openwepp-hillslope-orchestrator tests::tests_mod::direct_runtime::direct_runtime_r3c_r4b::r3c_lane_transfer_span_projects_multilane_topology
openwepp-hillslope-orchestrator tests::tests_mod::direct_runtime::direct_runtime_r3c_r4b::r3c_lane_transfer_span_rejects_invalid_inputs
openwepp-hillslope-orchestrator tests::tests_mod::direct_runtime::direct_runtime_r3c_r4b::r4b_explicit_frost_storage_rebalance_debits_multiple_layers
openwepp-hillslope-orchestrator tests::tests_mod::direct_runtime::direct_runtime_r3c_r4b::r4b_explicit_frost_storage_rebalance_rejects_insufficient_active_theta
openwepp-hillslope-orchestrator tests::tests_mod::direct_runtime::direct_runtime_r3c_r4b::r4b_storage_reconciliation_consumes_r4a_q_and_shadow_projects
openwepp-hillslope-orchestrator tests::tests_mod::direct_runtime::direct_runtime_r3c_r4b::r4b_storage_reconciliation_rejects_invalid_values
openwepp-hillslope-orchestrator tests::tests_mod::direct_runtime::direct_runtime_r3c_r4b::r4b_storage_reconciliation_rejects_missing_upstream_producers
openwepp-hillslope-orchestrator tests::tests_mod::direct_runtime::gwbaseflow_exports_over_accepted_storage_fail_closed
openwepp-hillslope-orchestrator tests::tests_mod::direct_runtime::gwbaseflow_linear_reservoir_recurrence_uses_prior_day_exports
openwepp-hillslope-orchestrator tests::tests_mod::direct_runtime::gwbaseflow_mofe_recharge_aggregates_lane_deep_percolation
openwepp-hillslope-orchestrator tests::tests_mod::direct_runtime::r2a_direct_runtime_source_excludes_compatibility_storage_tokens
openwepp-hillslope-orchestrator tests::tests_mod::direct_runtime::r2a_direct_skeleton_fails_closed_on_invalid_identity
openwepp-hillslope-orchestrator tests::tests_mod::direct_runtime::r5a_direct_skeleton_commits_day_state_back_to_lane_state
openwepp-hillslope-orchestrator tests::tests_mod::direct_runtime::r5a_direct_skeleton_runs_all_days_and_lanes_with_lifecycle_counters
openwepp-hillslope-orchestrator tests::tests_mod::direct_runtime::r5e_direct_endpoint_records_exactly_ordered_fourteen_phase_entries
openwepp-hillslope-orchestrator tests::tests_mod::direct_runtime::r6a_publication_capture_records_run_bound_rows_without_publication_alias
openwepp-hillslope-orchestrator tests::tests_mod::direct_runtime::r6f_publication_capture_accepts_typed_process_inputs_and_carries_layers
openwepp-hillslope-orchestrator tests::tests_mod::direct_runtime::r6h_publication_capture_builds_lane_day_inputs_after_direct_commit
openwepp-hillslope-orchestrator tests::tests_mod::direct_runtime::r6i_direct_frost_carry_projection_skips_inactive_frost_storage
openwepp-hillslope-orchestrator tests::tests_mod::direct_runtime::r7b_constructor_source_excludes_forbidden_compatibility_storage_tokens
openwepp-hillslope-orchestrator tests::tests_mod::direct_runtime::r7b_constructor_type_size_layout_is_bounded
openwepp-hillslope-orchestrator tests::tests_mod::direct_runtime::r7b_typed_constructors_fail_closed_on_invalid_domains
openwepp-hillslope-orchestrator tests::tests_mod::direct_runtime::r7b_typed_day_constructor_supplies_r4_r5_inputs
openwepp-hillslope-orchestrator tests::tests_mod::direct_runtime::r7b_typed_run_constructor_roundtrips_multiofe_daily_parsed_inputs
openwepp-hillslope-orchestrator tests::tests_mod::direct_runtime::r7b_typed_run_constructor_roundtrips_single_ofe_sidecar_defaults
openwepp-hillslope-orchestrator tests::tests_mod::direct_runtime::r7d4_publication_capture_copies_mofe_carry_to_downstream_lane_before_r4j
openwepp-hillslope-orchestrator tests::tests_mod::direct_runtime::r7d4_publication_interception_is_external_to_published_soil_storage
openwepp-hillslope-orchestrator tests::tests_mod::direct_runtime::r7d4_publication_qofe_equals_q_with_independent_runvol_basis
openwepp-hillslope-orchestrator tests::tests_mod::direct_runtime::r7d5_erosion_active_publication_fails_closed_without_direct_sediment_producer
openwepp-hillslope-orchestrator tests::tests_mod::direct_runtime::r7g_peak_runoff_tiny_hourly_depth_retains_positive_rate_without_floor
openwepp-hillslope-orchestrator tests::tests_mod::direct_runtime::r7g_zero_upstream_lane_publishes_no_erosion_inflow_intake
openwepp-hillslope-orchestrator tests::tests_mod::direct_runtime::r7h_followup_publication_layers_supersede_carried_layers
openwepp-hillslope-orchestrator tests::tests_mod::direct_runtime_dc01::dc01_dry_runon_day_still_infiltrates
openwepp-hillslope-orchestrator tests::tests_mod::direct_runtime_dc01::dc01_hourly_supply_basis_merges_rain_and_runon
openwepp-hillslope-orchestrator tests::tests_mod::direct_runtime_dc01::dc01_runon_supply_distribution_uses_produced_shapes_and_rejects_missing_shapes
openwepp-hillslope-orchestrator tests::tests_mod::direct_runtime_dc01::dc01_surface_shape_rejects_hourly_source_total_mismatch
openwepp-hillslope-orchestrator tests::tests_mod::direct_runtime_dc01::dc01_surface_shape_rejects_nonfinite_inputs
openwepp-hillslope-orchestrator tests::tests_mod::direct_runtime_dc01::dc01_surface_shape_returns_zero_weights_without_runoff_and_sources
openwepp-hillslope-orchestrator tests::tests_mod::direct_runtime_dc01::dc01_wb14_supply_admission_increases_infiltration_with_runon
openwepp-hillslope-orchestrator tests::tests_mod::direct_runtime_dc01::dc01_zero_storage_capacity_preserves_all_supply_as_hourly_excess
openwepp-hillslope-orchestrator tests::tests_mod::direct_runtime_dc01::hourly_partition_reconciliation_clears_full_frost_retention_without_timing
openwepp-hillslope-orchestrator tests::tests_mod::direct_runtime_dc01::hourly_partition_reconciliation_is_bounded_and_hourly_authoritative
openwepp-hillslope-orchestrator tests::tests_mod::direct_runtime_dc01::hourly_partition_reconciliation_rejects_partial_daily_frost_timing
openwepp-hillslope-orchestrator tests::tests_mod::direct_runtime_dc01::hourly_partition_reconciliation_rejects_positive_empty_ledger
openwepp-hillslope-orchestrator tests::tests_mod::direct_runtime_dc01::hourly_peak_fails_closed_for_positive_runoff_without_source_timing
openwepp-hillslope-orchestrator tests::tests_mod::direct_runtime_dc01::hourly_peak_fails_closed_when_weights_do_not_reconstruct_event_runoff
openwepp-hillslope-orchestrator tests::tests_mod::direct_runtime_dc01::hourly_peak_orders_equal_volume_concentrated_and_spread_shapes
openwepp-hillslope-orchestrator tests::tests_mod::direct_runtime_dc01::hourly_peak_typed_guard_covers_nonfinite_and_closure_failures
openwepp-hillslope-orchestrator tests::tests_mod::direct_runtime_dc01::hourly_peak_uses_runon_only_wb14_excess_timing
openwepp-hillslope-orchestrator tests::tests_mod::direct_runtime_dc01::hourly_peak_uses_saturation_return_in_its_produced_hour
openwepp-hillslope-orchestrator tests::tests_mod::direct_runtime_dc01::partition_runoff_only_canonicalizes_source_free_roundoff
openwepp-hillslope-orchestrator tests::tests_mod::direct_runtime_dc01::positive_runon_without_a_wb14_producer_fails_closed
openwepp-hillslope-orchestrator tests::tests_mod::direct_runtime_dc01::r4g_rejects_hourly_routed_melt_daily_nonclosure
openwepp-hillslope-orchestrator tests::tests_mod::direct_runtime_dc01::routed_melt_can_infiltrate_without_creating_a_runoff_limb
openwepp-hillslope-orchestrator tests::tests_mod::direct_runtime_dc01::routed_melt_enters_wb14_once_and_carries_peak_timing_after_partition
openwepp-hillslope-orchestrator tests::tests_mod::direct_runtime_dc01::wb14_preserves_tiny_positive_supply_and_rejects_invalid_supply_bins
openwepp-hillslope-orchestrator tests::tests_mod::direct_runtime_erosion_adjustments::adjustment_factors_bare_unfrozen_day_zero_recovers_baseline_shape
openwepp-hillslope-orchestrator tests::tests_mod::direct_runtime_erosion_adjustments::adjustment_factors_consolidate_toward_baselines_over_time
openwepp-hillslope-orchestrator tests::tests_mod::direct_runtime_erosion_adjustments::adjustment_factors_fail_closed_on_nan_and_negative_inputs
openwepp-hillslope-orchestrator tests::tests_mod::direct_runtime_erosion_adjustments::adjustment_factors_floor_and_cap_hold
openwepp-hillslope-orchestrator tests::tests_mod::direct_runtime_erosion_adjustments::adjustment_factors_frozen_surface_zeros_erodibility
openwepp-hillslope-orchestrator tests::tests_mod::direct_runtime_erosion_adjustments::adjustment_factors_thawing_regime_fails_closed_on_winter_fcycle
openwepp-hillslope-orchestrator tests::tests_mod::direct_runtime_erosion_adjustments::consolidation_baselines_fail_closed_on_invalid_erodibility
openwepp-hillslope-orchestrator tests::tests_mod::direct_runtime_erosion_adjustments::consolidation_baselines_fail_closed_on_out_of_range_texture
openwepp-hillslope-orchestrator tests::tests_mod::direct_runtime_erosion_adjustments::consolidation_baselines_match_legacy_scon_clamps
openwepp-hillslope-orchestrator tests::tests_mod::direct_runtime_erosion_adjustments::consolidation_carry_accumulates_and_ages
openwepp-hillslope-orchestrator tests::tests_mod::direct_runtime_erosion_adjustments::consolidation_carry_fails_closed_on_nan_and_negative
openwepp-hillslope-orchestrator tests::tests_mod::direct_runtime_erosion_adjustments::consolidation_carry_irrigation_split_matches_legacy
openwepp-hillslope-orchestrator tests::tests_mod::direct_runtime_erosion_adjustments::consolidation_carry_seed_fails_closed_on_invalid_initial_daydis
openwepp-hillslope-orchestrator tests::tests_mod::direct_runtime_erosion_adjustments::consolidation_carry_tillage_resets_age_and_rfcum
openwepp-hillslope-orchestrator tests::tests_mod::direct_runtime_erosion_adjustments::frost_regime_fails_closed_on_nan_and_invalid_ifrost
openwepp-hillslope-orchestrator tests::tests_mod::direct_runtime_erosion_adjustments::frost_regime_resolves_the_three_soil_for_branches
openwepp-hillslope-orchestrator tests::tests_mod::direct_runtime_erosion_operands::detinr_fails_closed_on_nan_and_negative_inputs
openwepp-hillslope-orchestrator tests::tests_mod::direct_runtime_erosion_operands::detinr_is_zero_only_for_exact_zero_width_or_duration
openwepp-hillslope-orchestrator tests::tests_mod::direct_runtime_erosion_operands::detinr_matches_the_legacy_product_form
openwepp-hillslope-orchestrator tests::tests_mod::direct_runtime_erosion_operands::effective_particle_is_the_three_class_log_mean
openwepp-hillslope-orchestrator tests::tests_mod::direct_runtime_erosion_operands::effint_effdrr_are_the_excess_weighted_sumint_over_durre
openwepp-hillslope-orchestrator tests::tests_mod::direct_runtime_erosion_operands::effint_effdrr_are_zero_without_any_excess_period
openwepp-hillslope-orchestrator tests::tests_mod::direct_runtime_erosion_operands::effint_excludes_snowmelt_intervals_from_sumint_but_not_durre
openwepp-hillslope-orchestrator tests::tests_mod::direct_runtime_erosion_operands::effint_fails_closed_on_nan_and_negative_inputs
openwepp-hillslope-orchestrator tests::tests_mod::direct_runtime_erosion_operands::falvel_stokes_branch_matches_closed_form_for_small_particles
openwepp-hillslope-orchestrator tests::tests_mod::direct_runtime_erosion_operands::falvel_table_branch_is_positive_and_monotone_in_diameter
openwepp-hillslope-orchestrator tests::tests_mod::direct_runtime_erosion_operands::hb02_a_g_independent_mass_mineralogy_fall_and_ssa_reconstruction
openwepp-hillslope-orchestrator tests::tests_mod::direct_runtime_erosion_operands::hb02_b_c_clay_band_boundaries_preserve_legacy_diameters_and_class_order
openwepp-hillslope-orchestrator tests::tests_mod::direct_runtime_erosion_operands::hb02_b_texture_individual_zero_and_one_boundaries_are_admitted
openwepp-hillslope-orchestrator tests::tests_mod::direct_runtime_erosion_operands::hb02_d_f_h_texture_mass_fractions_fail_closed
openwepp-hillslope-orchestrator tests::tests_mod::direct_runtime_erosion_operands::interrill_delivery_ratio_branches_on_lanuse
openwepp-hillslope-orchestrator tests::tests_mod::direct_runtime_erosion_operands::particle_composition_fails_closed_on_invalid_texture
openwepp-hillslope-orchestrator tests::tests_mod::direct_runtime_erosion_operands::particle_composition_sums_to_unity_and_orders_diameters
openwepp-hillslope-orchestrator tests::tests_mod::direct_runtime_erosion_operands::prtcmp_per_class_mineralogy_matches_legacy_assignments
openwepp-hillslope-orchestrator tests::tests_mod::direct_runtime_erosion_operands::rill_hydraulics_fails_closed_on_nan_and_negative_inputs
openwepp-hillslope-orchestrator tests::tests_mod::direct_runtime_erosion_operands::rill_hydraulics_grows_gilley_width_and_floors_shear
openwepp-hillslope-orchestrator tests::tests_mod::direct_runtime_erosion_operands::rill_width_is_capped_at_rill_spacing
openwepp-hillslope-orchestrator tests::tests_mod::direct_runtime_erosion_operands::shield_interpolates_within_and_extrapolates_outside_the_table
openwepp-hillslope-orchestrator tests::tests_mod::direct_runtime_erosion_operands::transport_coefficients_derive_ktrato_and_tcend
openwepp-hillslope-orchestrator tests::tests_mod::direct_runtime_erosion_operands::yalin_and_trcoef_fail_closed_on_nonpositive_shear
openwepp-hillslope-orchestrator tests::tests_mod::direct_runtime_erosion_operands::yalin_class_shares_sum_to_one_and_survive_the_sandy_adjustment
openwepp-hillslope-orchestrator tests::tests_mod::direct_runtime_erosion_operands::yalin_is_nonnegative_and_applies_the_sandy_adjustment
openwepp-hillslope-orchestrator tests::tests_mod::direct_runtime_erosion_seed::assembled_dry_day_gates_before_operands_and_solves_inactive
openwepp-hillslope-orchestrator tests::tests_mod::direct_runtime_erosion_seed::assembled_effint_uses_rainfall_intensity_not_excess_rate
openwepp-hillslope-orchestrator tests::tests_mod::direct_runtime_erosion_seed::assembled_frozen_surface_sets_surface_frozen_flag
openwepp-hillslope-orchestrator tests::tests_mod::direct_runtime_erosion_seed::assembled_inflow_derivations_use_the_receiver_basis
openwepp-hillslope-orchestrator tests::tests_mod::direct_runtime_erosion_seed::assembled_rill_width_carries_persistent_state
openwepp-hillslope-orchestrator tests::tests_mod::direct_runtime_erosion_seed::assembled_storm_day_produces_a_conserving_solve
openwepp-hillslope-orchestrator tests::tests_mod::direct_runtime_erosion_seed::assembled_thawing_day_fails_closed
openwepp-hillslope-orchestrator tests::tests_mod::direct_runtime_erosion_seed::hb03_a_b_c_g_passby_exempt_reinfiltration_routes_only_upstream_authority
openwepp-hillslope-orchestrator tests::tests_mod::direct_runtime_erosion_seed::hb03_a_c_positive_standalone_qin_is_preserved_without_handoff
openwepp-hillslope-orchestrator tests::tests_mod::direct_runtime_erosion_seed::hb03_d_f_h_qin_authority_rejects_conflict_nonfinite_and_negative_values
openwepp-hillslope-orchestrator tests::tests_mod::direct_runtime_r4il::r4a_runoff_partition_consumes_r4il_producers_and_shadow_projects
openwepp-hillslope-orchestrator tests::tests_mod::direct_runtime_r4il::r4a_runoff_partition_rejects_invalid_values
openwepp-hillslope-orchestrator tests::tests_mod::direct_runtime_r4il::r4a_runoff_partition_rejects_missing_r4il_upstreams
openwepp-hillslope-orchestrator tests::tests_mod::direct_runtime_r4il::r4il_runoff_input_producers_feed_r4a_inputs_and_shadow_project
openwepp-hillslope-orchestrator tests::tests_mod::direct_runtime_r4il::r4il_runoff_input_producers_reject_invalid_inputs
openwepp-hillslope-orchestrator tests::tests_mod::direct_runtime_r4il::r4j_runon_carry_consumes_dynamic_transfer_arrays_and_feeds_total_runon
openwepp-hillslope-orchestrator tests::tests_mod::direct_runtime_r4il::r4j_runon_carry_rejects_conflicting_dynamic_and_handoff_sources
openwepp-hillslope-orchestrator tests::tests_mod::direct_runtime_r4il::r4k_wb14_producer_feeds_runoff_percolation_and_et_lineage
openwepp-hillslope-orchestrator tests::tests_mod::direct_runtime_r4il::r4k_wb14_producer_rejects_malformed_hyetograph
openwepp-hillslope-orchestrator tests::tests_mod::direct_runtime_r4il::r4l_rejects_conflicting_saturation_handoff_when_hourly_carry_exists
openwepp-hillslope-orchestrator tests::tests_mod::direct_runtime_r4il::r4l_sums_direct_hourly_saturation_carry_when_r4o_has_run
openwepp-hillslope-orchestrator tests::tests_mod::direct_runtime_r4mo::intval_percolation_consumes_every_positive_hourly_same_pass_increment
openwepp-hillslope-orchestrator tests::tests_mod::direct_runtime_r4mo::intval_percolation_zero_restrictive_conductivity_is_impermeable_daily_and_hourly
openwepp-hillslope-orchestrator tests::tests_mod::direct_runtime_r4mo::r4mo_anti_aliases_deep_lateral_drainage_and_qd
openwepp-hillslope-orchestrator tests::tests_mod::direct_runtime_r4mo::r4mo_percolation_hourly_restrictive_branch_matches_wb18_kernel_authority
openwepp-hillslope-orchestrator tests::tests_mod::direct_runtime_r4mo::r4mo_percolation_hourly_saturated_lower_boundary_uses_frozen_inclusive_storage
openwepp-hillslope-orchestrator tests::tests_mod::direct_runtime_r4mo::r4mo_percolation_matches_wb18_kernel_authority_and_feeds_r4b_deep_seepage
openwepp-hillslope-orchestrator tests::tests_mod::direct_runtime_r4mo::r4mo_subsurface_compute_feeds_qd_and_shadow_projection
openwepp-hillslope-orchestrator tests::tests_mod::direct_runtime_r4mo::r4mo_subsurface_hourly_drainage_runs_before_lateral_and_populates_carry_arrays
openwepp-hillslope-orchestrator tests::tests_mod::direct_runtime_r4mo::r4mo_subsurface_requires_percolation_upstream_and_rejects_invalid_domains
openwepp-hillslope-orchestrator tests::tests_mod::direct_runtime_r4n::r4n_fails_closed_on_missing_upstream_and_invalid_domain
openwepp-hillslope-orchestrator tests::tests_mod::direct_runtime_r4n::r4n_feeds_r4b_final_et_not_handoff_or_publication_aliases
openwepp-hillslope-orchestrator tests::tests_mod::direct_runtime_r4n::r4n_root_uptake_matches_swu_fixture_and_finalizes_aggregate_et
openwepp-hillslope-orchestrator tests::tests_mod::direct_runtime_r4n::r4n_surface_et_matches_wb17_soil_evaporation_layer_mutation_fixture
openwepp-hillslope-orchestrator tests::tests_mod::direct_runtime_r4n::r4o_consumes_r4n_surface_et_mutated_layer_state_when_present
openwepp-hillslope-orchestrator tests::tests_mod::direct_runtime_r4pqz::r4pqz_projection_binds_missing_upstream_priority_after_storage
openwepp-hillslope-orchestrator tests::tests_mod::direct_runtime_r4pqz::r4pqz_projection_fails_closed_on_missing_upstream_and_storage_mismatch
openwepp-hillslope-orchestrator tests::tests_mod::direct_runtime_r4pqz::r4pqz_projection_includes_residual_water_in_layer_storage
openwepp-hillslope-orchestrator tests::tests_mod::direct_runtime_r4pqz::r4pqz_projection_is_shadow_only_and_anti_aliases_publication_values
openwepp-hillslope-orchestrator tests::tests_mod::direct_runtime_r4pqz::r4pqz_projection_preserves_mofe_transfer_identity_fields
openwepp-hillslope-orchestrator tests::tests_mod::direct_runtime_r4pqz::r4pqz_projection_recomputes_storage_from_final_layers_and_projects_direct_operands
openwepp-hillslope-orchestrator tests::tests_mod::direct_runtime_r4pqz::r4pqz_projection_rejects_invalid_projection_domains
openwepp-hillslope-orchestrator tests::tests_mod::direct_runtime_r4pqz::r4pqz_projection_uses_active_snow_and_rejects_numeric_surface_order
openwepp-hillslope-orchestrator tests::tests_mod::direct_runtime_r5c::ground_cover_seed_round_trips_the_declared_cover
openwepp-hillslope-orchestrator tests::tests_mod::direct_runtime_r5c::ground_pools_hold_constant_without_decay_or_litter
openwepp-hillslope-orchestrator tests::tests_mod::direct_runtime_r5c::r5c_decomposition_phase_computes_mutates_downstream_and_shadow_projects_annual_cut
openwepp-hillslope-orchestrator tests::tests_mod::direct_runtime_r5c::r5c_decomposition_phase_rejects_missing_upstream_context_and_invalid_domains
openwepp-hillslope-orchestrator tests::tests_mod::direct_runtime_r5c::r5c_decomposition_phase_supports_perennial_grazing_and_zero_decay
openwepp-hillslope-orchestrator tests::tests_mod::direct_runtime_r5c::r5c_residue_partition_consumes_decomposition_and_shadow_projects
openwepp-hillslope-orchestrator tests::tests_mod::direct_runtime_r5c::r5c_residue_partition_rejects_missing_decomposition_and_invalid_inputs
openwepp-hillslope-orchestrator tests::tests_mod::direct_runtime_r5d::r5d_annual_growth_phase_computes_mutates_downstream_shadow_and_r4n_context
openwepp-hillslope-orchestrator tests::tests_mod::direct_runtime_r5d::r5d_growth_rejects_missing_upstream_bad_contexts_and_invalid_domains
openwepp-hillslope-orchestrator tests::tests_mod::direct_runtime_r5d::r5d_growth_resolves_annual_rotation_boundary_gddmax_sentinel
openwepp-hillslope-orchestrator tests::tests_mod::direct_runtime_r5d::r5d_perennial_growth_phase_supports_grazing_after_annual_phase_identity
openwepp-hillslope-orchestrator tests::tests_mod::direct_runtime_r5d::r5d_r4n_required_growth_context_fails_closed_when_absent
openwepp-hillslope-orchestrator tests::tests_mod::direct_runtime_r7g_frost::diagnostic_count_to_f64_matches_decimal_string_parse_bit_for_bit
openwepp-hillslope-orchestrator tests::tests_mod::direct_runtime_r7g_frost::r7g_constructor_prefers_winter_column_frost_over_legacy_carry
openwepp-hillslope-orchestrator tests::tests_mod::direct_runtime_r7g_frost::r7g_executor_commits_r4a_winter_column_frost_state_to_lane
openwepp-hillslope-orchestrator tests::tests_mod::direct_runtime_r7g_frost::r7g_inactive_no_material_frost_clears_stale_coarse_projection_without_storage_delta
openwepp-hillslope-orchestrator tests::tests_mod::direct_runtime_r7g_frost::r7g_legacy_constructor_frost_carry_migrates_into_winter_column
openwepp-hillslope-orchestrator tests::tests_mod::direct_runtime_r7g_frost::r7g_r4a_frost_partition_mutates_winter_column_frost_state
openwepp-hillslope-orchestrator tests::tests_mod::direct_runtime_r7g_frost::r7g_r4a_prior_frozen_water_thaw_credits_liquid_storage
openwepp-hillslope-orchestrator tests::tests_mod::direct_runtime_r7g_frost::r7g_typed_active_no_freeze_winter_outcome_has_no_coarse_projection
openwepp-hillslope-orchestrator tests::tests_mod::direct_runtime_r7g_frost::r7g_typed_inactive_winter_outcome_is_inert_without_material
openwepp-hillslope-orchestrator tests::tests_mod::direct_runtime_r7g_frost::r7h_active_snowmelt_local_liquid_routes_through_wb18_same_pass
openwepp-hillslope-orchestrator tests::tests_mod::direct_runtime_r7g_frost::r7h_explicit_frost_storage_source_is_preserved_for_the_storage_phase
openwepp-hillslope-orchestrator tests::tests_mod::direct_runtime_r7g_frost::r7h_mixed_rain_snowmelt_uses_wb14_same_pass_infiltration
openwepp-hillslope-orchestrator tests::tests_mod::direct_runtime_r7g_frost::r7h_pure_melt_r4k_preserves_wb14_capacity_and_residual_hour
openwepp-hillslope-orchestrator tests::tests_mod::direct_runtime_r7g_frost::r7h_r4a_frost_uses_local_partition_excess_without_rewriting_wb14_capacity
openwepp-hillslope-orchestrator tests::tests_mod::direct_runtime_r7g_frost::r7h_r4a_material_frost_retained_liquid_projects_to_storage_layers
openwepp-hillslope-orchestrator tests::tests_mod::direct_runtime_r7g_frost::r7h_r4a_no_material_rainfall_excess_remains_runoff
openwepp-hillslope-orchestrator tests::tests_mod::direct_runtime_r7g_frost::r7h_winter_local_liquid_projects_after_surface_et_before_saturation
openwepp-hillslope-orchestrator tests::tests_mod::direct_runtime_r7g_snow::r7g_constructor_prefers_winter_column_snow_over_legacy_carry
openwepp-hillslope-orchestrator tests::tests_mod::direct_runtime_r7g_snow::r7g_executor_commits_r4g_winter_column_snow_state_to_lane
openwepp-hillslope-orchestrator tests::tests_mod::direct_runtime_r7g_snow::r7g_legacy_constructor_snow_carry_migrates_into_winter_column
openwepp-hillslope-orchestrator tests::tests_mod::direct_runtime_r7g_snow::r7g_r4g_snow_coupling_mutates_winter_column_snow_state
openwepp-hillslope-orchestrator tests::tests_mod::direct_runtime_wave1_continuity::enrichment_depositing_quantum_fines_the_exit_composition
openwepp-hillslope-orchestrator tests::tests_mod::direct_runtime_wave1_continuity::enrichment_inflow_composition_seeds_the_flow_state
openwepp-hillslope-orchestrator tests::tests_mod::direct_runtime_wave1_continuity::enrichment_zero_deposition_exit_composition_is_the_detached_frac
openwepp-hillslope-orchestrator tests::tests_mod::direct_runtime_wave1_continuity::inter_ofe_continuity_rewrite_matches_hand_computed_param_coefficients
openwepp-hillslope-orchestrator tests::tests_mod::direct_runtime_wave1_continuity::inter_ofe_continuity_zero_prior_state_takes_the_qostar_substitution
openwepp-hillslope-orchestrator tests::tests_mod::direct_runtime_wave1_continuity::wave1_continuity_conservation_round_trip
openwepp-hillslope-orchestrator tests::tests_mod::direct_runtime_wave1_continuity::wave1_continuity_fails_closed_on_missing_operands
openwepp-hillslope-orchestrator tests::tests_mod::direct_runtime_wave1_continuity::wave1_continuity_inactive_without_runoff_or_below_event_gate
openwepp-hillslope-orchestrator tests::tests_mod::direct_runtime_wave1_continuity::wave1_continuity_inert_days_do_not_require_routed_operands
openwepp-hillslope-orchestrator tests::tests_mod::direct_runtime_wave1_continuity::wave1_continuity_transition_detachment_then_deposition
openwepp-hillslope-orchestrator tests::tests_mod::direct_runtime_wave1_continuity::wave1_decreasing_flow_quantum_deposits_on_falling_limb
openwepp-hillslope-orchestrator tests::tests_mod::direct_runtime_wave1_continuity::wave1_deposition_constant_recovers_onset_rate
openwepp-hillslope-orchestrator tests::tests_mod::direct_runtime_wave1_continuity::wave1_deposition_end_zeroes_the_analytic_rate
openwepp-hillslope-orchestrator tests::tests_mod::direct_runtime_wave1_continuity::wave1_full_reinfiltration_quantum_deposits_incoming_load_without_clamp
openwepp-hillslope-orchestrator tests::tests_mod::direct_runtime_wave1_continuity::wave1_profil_segment_fit_matches_legacy_normalization
openwepp-hillslope-orchestrator tests::tests_mod::direct_runtime_wave1_continuity::wave1_publication_fails_closed_on_unseeded_class_composition
openwepp-hillslope-orchestrator tests::tests_mod::direct_runtime_wave1_continuity::wave1_publication_splits_concentration_by_detached_composition
openwepp-hillslope-orchestrator tests::tests_mod::direct_runtime_wave1_continuity::wave1_rk4_interrill_floor_engages_when_rk_undershoots
openwepp-hillslope-orchestrator tests::tests_mod::direct_runtime_wave1_continuity::wave1_rk4_matches_analytic_constant_coefficient_solution
openwepp-hillslope-orchestrator tests::tests_mod::direct_runtime_wave1_continuity::wave1_route_characterization_matrix_preserves_closure_and_toe_publication
openwepp-hillslope-orchestrator tests::tests_mod::direct_runtime_wave1_continuity::wave1_span_dry_day_publishes_zero_authority_without_routed_operands
openwepp-hillslope-orchestrator tests::tests_mod::direct_runtime_wave1_continuity::wave1_span_hourly_plan_aggregates_and_publishes_paired_surfaces
openwepp-hillslope-orchestrator tests::tests_mod::direct_runtime_wave1_continuity::wave1_span_publishes_continuity_totals_through_the_frame
openwepp-hillslope-orchestrator tests::tests_mod::direct_runtime_wave1_continuity::wave1_span_requires_peak_runoff_upstream_when_enabled
openwepp-hillslope-orchestrator tests::tests_mod::direct_runtime_wave1_continuity::wave1_span_routed_hydrograph_shape_fails_closed_when_missing
openwepp-hillslope-orchestrator tests::tests_mod::direct_runtime_wave1_continuity::wave1_span_routed_hydrograph_shape_fails_closed_when_nonclosing
openwepp-hillslope-orchestrator tests::tests_mod::direct_runtime_wave1_continuity::wave1_span_routed_hydrograph_shape_supersedes_dc01_weights
openwepp-hillslope-orchestrator tests::tests_mod::direct_runtime_wave1_continuity::wave1_xcrit_classifies_all_five_regimes
openwepp-hillslope-orchestrator tests::tests_mod::direct_runtime_wave1_continuity::wave1_xcrit_covers_convex_and_degenerate_classifier_boundaries
openwepp-hillslope-orchestrator tests::tests_mod::direct_runtime_wave1_continuity::wave1_xcrit_falling_cross_uses_unclamped_tauchk
openwepp-hillslope-orchestrator v9_real_consumer_shadow::accepted_publication_chronology_tests::persistent_wb14_replay_materializes_exact_bytes_and_delta_poisons_fail_closed
openwepp-hillslope-orchestrator v9_real_consumer_shadow::accepted_publication_chronology_tests::pre_support_event_is_atomic_with_following_support_and_poisons_fail_closed
openwepp-hillslope-orchestrator v9_real_consumer_shadow::accepted_publication_chronology_tests::terminal_event_tail_is_the_effective_ending_and_chronology_poisons_reject
openwepp-hillslope-orchestrator v9_real_consumer_shadow::accepted_publication_rotation_tests::sealed_prefix_is_exact_and_bounded_and_rotation_ack_poisons_reject
openwepp-hillslope-orchestrator v9_real_consumer_shadow::accepted_publication_subsequence_tests::covered_subslabs_may_begin_late_but_owner_substitution_rejects
openwepp-hillslope-orchestrator v9_real_consumer_shadow::accepted_publication_subsequence_tests::genesis_event_requires_exact_committed_owner_tick_and_zero_ordinal
openwepp-hillslope-orchestrator v9_real_consumer_shadow::accepted_publication_support_capability_tests::accepted_publication_rotation_invalidates_pre_rotation_support_capability
openwepp-hillslope-orchestrator v9_real_consumer_shadow::accepted_publication_support_capability_tests::accepted_publication_support_capability_is_private_move_only_non_wire
openwepp-hillslope-orchestrator v9_real_consumer_shadow::accepted_publication_support_capability_tests::accepted_publication_support_capability_rejects_stale_foreign_replayed_and_restart_revisions_atomically
openwepp-hillslope-orchestrator v9_real_consumer_shadow::accepted_publication_support_capability_tests::accepted_publication_support_capability_validates_once_and_appends_by_exact_live_tail
openwepp-hillslope-orchestrator v9_real_consumer_shadow::accepted_publication_support_capability_tests::accepted_publication_support_forbidden_append_work_audit_is_non_vacuous
openwepp-hillslope-orchestrator v9_real_consumer_shadow::accepted_publication_support_capability_tests::accepted_publication_support_tail_revision_poison_matrix_is_exhaustive
openwepp-hillslope-orchestrator v9_real_consumer_shadow::accepted_publication_support_capability_tests::accepted_publication_support_untrusted_restore_revalidates_every_support_and_never_restores_capability
openwepp-hillslope-orchestrator v9_real_consumer_shadow::accepted_snow_liquid_output_tests::native_retained_donor_lookup_selects_exact_history_without_weakening_chronology
openwepp-hillslope-orchestrator v9_real_consumer_shadow::accepted_snow_liquid_output_tests::output_zero_posture_and_six_source_thermodynamics_are_fail_closed
openwepp-hillslope-orchestrator v9_real_consumer_shadow::canonical_owner_bytes::adaptive_comparison_tests::adaptive_tolerance_authority_substitution_fails_closed
openwepp-hillslope-orchestrator v9_real_consumer_shadow::canonical_owner_bytes::adaptive_comparison_tests::comparison_matrix_includes_complete_persistent_owner_state
openwepp-hillslope-orchestrator v9_real_consumer_shadow::canonical_owner_bytes::adaptive_comparison_tests::derived_area_caches_are_authority_bound_but_not_independent_prognostic_scalars
openwepp-hillslope-orchestrator v9_real_consumer_shadow::canonical_owner_bytes::adaptive_comparison_tests::discrete_poison_matrix_covers_schema_topology_active_set_and_exact_snow_fields
openwepp-hillslope-orchestrator v9_real_consumer_shadow::canonical_owner_bytes::adaptive_comparison_tests::duplicate_scalar_identity_is_rejected_instead_of_aliased
openwepp-hillslope-orchestrator v9_real_consumer_shadow::canonical_owner_bytes::adaptive_comparison_tests::malformed_owner_set_and_nonfinite_physical_bits_fail_closed
openwepp-hillslope-orchestrator v9_real_consumer_shadow::canonical_owner_bytes::adaptive_comparison_tests::numerical_warm_starts_are_authority_bound_but_not_physical_error_scalars
openwepp-hillslope-orchestrator v9_real_consumer_shadow::canonical_owner_bytes::adaptive_comparison_tests::physical_scalar_poison_matrix_changes_the_scaled_error
openwepp-hillslope-orchestrator v9_real_consumer_shadow::canonical_owner_bytes::adaptive_comparison_tests::receipt_factorization_lineage_is_bound_per_path_but_not_cross_path_physics
openwepp-hillslope-orchestrator v9_real_consumer_shadow::canonical_owner_bytes::adaptive_comparison_tests::receipt_identities_are_not_numerical_state_but_receipt_ordering_is_exact
openwepp-hillslope-orchestrator v9_real_consumer_shadow::canonical_owner_bytes::adaptive_comparison_tests::scalar_identity_mismatch_is_discrete_and_keeps_finite_intersection_error
openwepp-hillslope-orchestrator v9_real_consumer_shadow::canonical_owner_bytes::adaptive_comparison_tests::snow_layer_geometry_and_settle_are_inv043_derived_classifications
openwepp-hillslope-orchestrator v9_real_consumer_shadow::canonical_owner_bytes::adaptive_comparison_tests::snow_refrozen_layer_history_is_factorization_lineage_not_a_physical_error_scalar
openwepp-hillslope-orchestrator v9_real_consumer_shadow::canonical_owner_bytes::adaptive_comparison_tests::snow_tolerances_are_contract_dimensional_and_cumulatives_are_not_omitted
openwepp-hillslope-orchestrator v9_real_consumer_shadow::canonical_owner_bytes::adaptive_comparison_tests::vegetation_t10_is_prognostic_temperature_with_bound_authority
openwepp-hillslope-orchestrator v9_real_consumer_shadow::canonical_owner_bytes::adaptive_comparison_tests::wb14_per_ofe_receipt_keys_are_lineage_while_other_receipt_ordering_is_exact
openwepp-hillslope-orchestrator v9_real_consumer_shadow::canonical_owner_bytes::hydrology_projection_tests::hydrology_projection_preserves_v10_schema_field_order_and_bit_encoding
openwepp-hillslope-orchestrator v9_real_consumer_shadow::covered_support_receipt_selection_tests::covered_receipt_mismatch_is_exact_rollback_with_no_publication
openwepp-hillslope-orchestrator v9_real_consumer_shadow::covered_support_receipt_selection_tests::covered_receipt_refuses_legacy_or_v3_downgrade_after_v4_adoption
openwepp-hillslope-orchestrator v9_real_consumer_shadow::covered_support_receipt_selection_tests::covered_receipt_rejects_mismatched_or_missing_native_owner
openwepp-hillslope-orchestrator v9_real_consumer_shadow::covered_support_receipt_selection_tests::covered_receipt_selects_exact_legacy_staged_bytes
openwepp-hillslope-orchestrator v9_real_consumer_shadow::covered_support_receipt_selection_tests::covered_receipt_selects_exact_native_v3_staged_bytes
openwepp-hillslope-orchestrator v9_real_consumer_shadow::covered_support_receipt_selection_tests::covered_receipt_selects_exact_native_v4_staged_bytes
openwepp-hillslope-orchestrator v9_real_consumer_shadow::covered_support_receipt_selection_tests::represented_snow_selects_active_inner_with_inactive_native_v4
openwepp-hillslope-orchestrator v9_real_consumer_shadow::direct_v10_soil_thermal_v2_tests::acceptance_poison_preserves_resident_bytes
openwepp-hillslope-orchestrator v9_real_consumer_shadow::direct_v10_soil_thermal_v2_tests::accepted_exact_carry_is_joined_into_the_next_support_read_view
openwepp-hillslope-orchestrator v9_real_consumer_shadow::direct_v10_soil_thermal_v2_tests::authoritative_beginning_installs_once_and_reuses_exact_ending_without_second_install
openwepp-hillslope-orchestrator v9_real_consumer_shadow::direct_v10_soil_thermal_v2_tests::authoritative_install_refuses_stale_and_substituted_beginnings_with_byte_rollback
openwepp-hillslope-orchestrator v9_real_consumer_shadow::direct_v10_soil_thermal_v2_tests::authoritative_successor_support_retains_nonzero_carry_and_one_install_custody
openwepp-hillslope-orchestrator v9_real_consumer_shadow::direct_v10_soil_thermal_v2_tests::direct_v10_try_new_v2_is_single_resident_and_poisoned_install_is_atomic
openwepp-hillslope-orchestrator v9_real_consumer_shadow::direct_v10_soil_thermal_v2_tests::native_soil_restart_preserves_full_custody_and_rejects_poison
openwepp-hillslope-orchestrator v9_real_consumer_shadow::direct_v10_soil_thermal_v2_tests::numerical_coordinate_projection_retains_authority_and_never_installs
openwepp-hillslope-orchestrator v9_real_consumer_shadow::direct_v10_soil_thermal_v2_tests::receipt_free_resident_has_exactly_one_v2_owner_and_no_v1_projection
openwepp-hillslope-orchestrator v9_real_consumer_shadow::direct_v10_soil_thermal_v2_tests::unpublished_continuation_lineage_poison_families_have_stable_closure_reasons
openwepp-hillslope-orchestrator v9_real_consumer_shadow::direct_v10_soil_thermal_v2_tests::unpublished_continuation_refuses_substitution_support_receipt_and_carry_poisons
openwepp-hillslope-orchestrator v9_real_consumer_shadow::direct_v10_soil_thermal_v2_tests::unpublished_physical_beginning_rebuilds_same_support_prior_from_installed_resident
openwepp-hillslope-orchestrator v9_real_consumer_shadow::direct_v10_soil_thermal_v2_tests::unpublished_physical_beginning_rejects_same_support_predecessor_reuse
openwepp-hillslope-orchestrator v9_real_consumer_shadow::direct_v10_soil_thermal_v2_tests::unpublished_physical_beginning_uses_authenticated_prior_original_support_start
openwepp-hillslope-orchestrator v9_real_consumer_shadow::direct_v10_soil_thermal_v2_tests::v39_second_child_continuation_uses_authenticated_soil_transaction_and_refuses_foreign_custody
openwepp-hillslope-orchestrator v9_real_consumer_shadow::direct_v10_soil_thermal_v2_tests::v43_projected_fixed_point_accepts_typed_coordinate_custody
openwepp-hillslope-orchestrator v9_real_consumer_shadow::direct_v10_soil_thermal_v2_tests::v43_projected_fixed_point_cannot_advance_accept_install_or_publish
openwepp-hillslope-orchestrator v9_real_consumer_shadow::direct_v10_soil_thermal_v2_tests::v43_projected_fixed_point_refuses_erased_mixed_or_foreign_custody
openwepp-hillslope-orchestrator v9_real_consumer_shadow::direct_v10_soil_thermal_v2_tests::v43_projected_fixed_point_refuses_support_receipt_authority_or_order_poison
openwepp-hillslope-orchestrator v9_real_consumer_shadow::direct_v10_soil_thermal_v2_tests::v43_projected_fixed_point_retains_base_reconstruction_byte_lock
openwepp-hillslope-orchestrator v9_real_consumer_shadow::direct_v10_soil_thermal_v2_tests::v44_numerical_projection_selects_resident_v8_and_rejects_double_use
openwepp-hillslope-orchestrator v9_real_consumer_shadow::direct_v10_soil_thermal_v2_tests::v47_atomic_install_rolls_back_and_never_publishes_on_refusal
openwepp-hillslope-orchestrator v9_real_consumer_shadow::direct_v10_soil_thermal_v2_tests::v47_atomic_transaction_posture_accepts_exact_authenticated_soil_successor
openwepp-hillslope-orchestrator v9_real_consumer_shadow::direct_v10_soil_thermal_v2_tests::v47_atomic_transaction_posture_accepts_same_source_and_soil_target
openwepp-hillslope-orchestrator v9_real_consumer_shadow::direct_v10_soil_thermal_v2_tests::v47_atomic_transaction_posture_refuses_foreign_swapped_or_missing_identity
openwepp-hillslope-orchestrator v9_real_consumer_shadow::direct_v10_soil_thermal_v2_tests::v47_atomic_transaction_posture_refuses_source_owner_disagreement
openwepp-hillslope-orchestrator v9_real_consumer_shadow::direct_v10_soil_thermal_v2_tests::v47_composed_second_child_installs_with_exact_source_target_predecessor_chain
openwepp-hillslope-orchestrator v9_real_consumer_shadow::direct_v10_soil_thermal_v2_tests::v48_authenticated_final_install_rolls_back_on_refusal
openwepp-hillslope-orchestrator v9_real_consumer_shadow::direct_v10_soil_thermal_v2_tests::v48_authenticated_prepared_beginning_installs_exact_split
openwepp-hillslope-orchestrator v9_real_consumer_shadow::direct_v10_soil_thermal_v2_tests::v48_authenticated_prepared_custody_poison_matrix
openwepp-hillslope-orchestrator v9_real_consumer_shadow::direct_v10_soil_thermal_v2_tests::v48_authenticated_same_id_and_exact_noop_do_not_publish
openwepp-hillslope-orchestrator v9_real_consumer_shadow::direct_v10_soil_thermal_v2_tests::v48_generic_install_remains_strict_same_id
openwepp-hillslope-orchestrator v9_real_consumer_shadow::direct_v10_soil_thermal_v2_tests::v48_prepared_beginning_authority_refuses_substitution
openwepp-hillslope-orchestrator v9_real_consumer_shadow::direct_v10_soil_thermal_v2_v49_tests::frozen_litter_partial_complete_envelope_uses_three_domain_split_and_refuses_foreign_predecessor
openwepp-hillslope-orchestrator v9_real_consumer_shadow::direct_v10_soil_thermal_v2_v49_tests::unpublished_soil_beginning_authenticates_exact_contiguous_child
openwepp-hillslope-orchestrator v9_real_consumer_shadow::direct_v10_soil_thermal_v2_v49_tests::unpublished_soil_beginning_final_acceptance_replays_outer_owner_once
openwepp-hillslope-orchestrator v9_real_consumer_shadow::direct_v10_soil_thermal_v2_v49_tests::unpublished_soil_beginning_never_emits_owner_or_restart_bytes
openwepp-hillslope-orchestrator v9_real_consumer_shadow::direct_v10_soil_thermal_v2_v49_tests::unpublished_soil_beginning_rejects_predecessor_trial_substitution
openwepp-hillslope-orchestrator v9_real_consumer_shadow::direct_v10_soil_thermal_v2_v49_tests::unpublished_soil_beginning_rejects_support_rebind
openwepp-hillslope-orchestrator v9_real_consumer_shadow::direct_v10_soil_thermal_v2_v49_tests::unpublished_soil_beginning_rolls_back_without_intermediate_install
openwepp-hillslope-orchestrator v9_real_consumer_shadow::direct_v10_soil_thermal_v2_v49_tests::v49_prepared_install_authority_refuses_accepted_and_authority_substitution
openwepp-hillslope-orchestrator v9_real_consumer_shadow::direct_v10_soil_thermal_v2_v49_tests::v49_prepared_install_authority_refuses_resident_and_prepared_substitution
openwepp-hillslope-orchestrator v9_real_consumer_shadow::direct_v10_soil_thermal_v2_v49_tests::v49_prepared_install_consumes_the_private_validated_authority_once
openwepp-hillslope-orchestrator v9_real_consumer_shadow::direct_v10_soil_thermal_v2_v49_tests::v49_prepared_install_rolls_back_noops_and_never_publishes
openwepp-hillslope-orchestrator v9_real_consumer_shadow::direct_v10_soil_thermal_v2_v49_tests::v49_r124_three_domain_prepared_install_succeeds
openwepp-hillslope-orchestrator v9_real_consumer_shadow::direct_v10_soil_thermal_v2_v49_tests::v49_repeated_same_parent_soil_successors_remain_exact
openwepp-hillslope-orchestrator v9_real_consumer_shadow::direct_v10_soil_thermal_v2_v49_tests::v50_envelope_source_and_candidate_owner_poisons_refuse
openwepp-hillslope-orchestrator v9_real_consumer_shadow::direct_v10_soil_thermal_v2_v49_tests::v50_mixed_beginning_uses_exact_envelope_source
openwepp-hillslope-orchestrator v9_real_consumer_shadow::frozen_litter_v3_adoption::complete_envelope_soil_source_order_guards::complete_envelope_stages_non_soil_source_before_the_v3_soil_install
openwepp-hillslope-orchestrator v9_real_consumer_shadow::frozen_litter_v3_adoption::complete_envelope_soil_source_order_guards::trusted_wb14_staging_does_not_cross_the_restart_byte_boundary
openwepp-hillslope-orchestrator v9_real_consumer_shadow::frozen_litter_v4_adoption::complete_lse_owner_bytes_tests::changed_exact_carry_changes_complete_owner_identity
openwepp-hillslope-orchestrator v9_real_consumer_shadow::frozen_litter_v4_adoption::complete_lse_owner_bytes_tests::covered_native_map_retains_one_physical_exact_pair_without_final_replay
openwepp-hillslope-orchestrator v9_real_consumer_shadow::frozen_litter_v4_adoption::complete_lse_owner_bytes_tests::exact_owner_key_collision_and_malformed_nested_owner_fail_closed
openwepp-hillslope-orchestrator v9_real_consumer_shadow::native_v4_deferred_soil_join_source_guards::v4_uses_the_authenticated_deferred_join_and_v3_remains_refused
openwepp-hillslope-orchestrator v9_real_consumer_shadow::snow_free_physical_reuse::tests::final_reseal_is_identity_only_and_never_calls_the_broad_physical_finalizer
openwepp-hillslope-orchestrator v9_real_consumer_shadow::snow_free_physical_reuse::tests::proof_surface_is_private_non_wire_and_single_use
openwepp-hillslope-orchestrator v9_real_consumer_shadow::snow_free_physical_reuse::tests::slab_only_binding_gate_rejects_every_non_slab_coordinate
openwepp-hillslope-orchestrator v9_real_consumer_shadow::soil_thermal_exact_carry_v2_tests::authoritative_lse_v2_configuration_is_admitted_without_weakening_v1
openwepp-hillslope-orchestrator v9_real_consumer_shadow::soil_thermal_exact_carry_v2_tests::canonical_multi_operand_cancellation_is_order_bound_and_exact
openwepp-hillslope-orchestrator v9_real_consumer_shadow::soil_thermal_exact_carry_v2_tests::external_expected_set_and_all_seals_reject_substitution_without_mutation
openwepp-hillslope-orchestrator v9_real_consumer_shadow::soil_thermal_exact_carry_v2_tests::typed_top_boundary_credit_binds_support_owner_layer_and_receipt
openwepp-hillslope-orchestrator v9_real_consumer_shadow::soil_thermal_exact_carry_v2_tests::v1_bytes_are_frozen_across_checked_zero_carry_migration
openwepp-hillslope-orchestrator v9_real_consumer_shadow::soil_thermal_exact_carry_v2_tests::wat5_credit_retains_exact_carry_and_seals_restart_checkpoint
openwepp-hillslope-orchestrator v9_real_consumer_shadow::tests::active_routing_is_typed_unsupported_before_any_shadow_or_production_change
openwepp-hillslope-orchestrator v9_real_consumer_shadow::tests::adaptive_production_path_coverage::actual_covered_and_snow_free_producers_record_phase_correct_operands_without_model_effect
openwepp-hillslope-orchestrator v9_real_consumer_shadow::tests::adaptive_production_path_coverage::actual_covered_producer_recorder_controls_are_independently_selectable
openwepp-hillslope-orchestrator v9_real_consumer_shadow::tests::adaptive_production_path_coverage::actual_first_snow_free_producer_recorder_controls_are_independently_selectable
openwepp-hillslope-orchestrator v9_real_consumer_shadow::tests::adaptive_production_path_coverage::adaptive_comparison_audit_excludes_lineage_but_retains_receipt_ordering
openwepp-hillslope-orchestrator v9_real_consumer_shadow::tests::adaptive_production_path_coverage::adaptive_trace_replay_is_exact_and_attempt_ordinals_are_contiguous
openwepp-hillslope-orchestrator v9_real_consumer_shadow::tests::adaptive_production_path_coverage::canonical_covered_failure_matrix_never_completes_or_publishes_a_failed_envelope
openwepp-hillslope-orchestrator v9_real_consumer_shadow::tests::adaptive_production_path_coverage::canonical_covered_physical_prefix_matches_forced_complete_regime_matrix
openwepp-hillslope-orchestrator v9_real_consumer_shadow::tests::adaptive_production_path_coverage::canonical_covered_physical_prefix_poisons_reject_with_exact_rollback
openwepp-hillslope-orchestrator v9_real_consumer_shadow::tests::adaptive_production_path_coverage::canonical_covered_success_has_m_minus_one_private_maps_and_one_private_final_envelope
openwepp-hillslope-orchestrator v9_real_consumer_shadow::tests::adaptive_production_path_coverage::cold_transient_rejects_coarse_trial_then_accepts_at_floor_on_three_quanta_parent
openwepp-hillslope-orchestrator v9_real_consumer_shadow::tests::adaptive_production_path_coverage::covered_physical_only_provisional_is_canonical_to_forced_full_envelope
openwepp-hillslope-orchestrator v9_real_consumer_shadow::tests::adaptive_production_path_coverage::equilibrium_carrier_humidity_is_exact_stage3_saturation_authority
openwepp-hillslope-orchestrator v9_real_consumer_shadow::tests::adaptive_production_path_coverage::initial_proposal_and_growth_policy_preserve_final_physical_owner_state
openwepp-hillslope-orchestrator v9_real_consumer_shadow::tests::adaptive_production_path_coverage::native_inactive_prefix_validator_consumes_real_ordered_terminal_chronology
openwepp-hillslope-orchestrator v9_real_consumer_shadow::tests::adaptive_production_path_coverage::native_mixed_phase_fixture_characterization_payload
openwepp-hillslope-orchestrator v9_real_consumer_shadow::tests::adaptive_production_path_coverage::native_mixed_phase_fixture_observer_write_failure_preserves_local_append
openwepp-hillslope-orchestrator v9_real_consumer_shadow::tests::adaptive_production_path_coverage::native_mixed_phase_fixture_prefers_publishable_guard_before_wrong_original
openwepp-hillslope-orchestrator v9_real_consumer_shadow::tests::adaptive_production_path_coverage::native_mixed_phase_fixture_reaches_deferred_v4_promotion_boundary
openwepp-hillslope-orchestrator v9_real_consumer_shadow::tests::adaptive_production_path_coverage::native_mixed_phase_fixture_rejects_accumulated_source_identity_at_final_replay
openwepp-hillslope-orchestrator v9_real_consumer_shadow::tests::adaptive_production_path_coverage::native_mixed_phase_fixture_rejects_credit_lineage_at_final_replay
openwepp-hillslope-orchestrator v9_real_consumer_shadow::tests::adaptive_production_path_coverage::native_mixed_phase_fixture_rejects_late_v4_exact_receipt_after_private_projection
openwepp-hillslope-orchestrator v9_real_consumer_shadow::tests::adaptive_production_path_coverage::native_mixed_phase_fixture_rejects_missing_accepted_replay_at_promotion_entry
openwepp-hillslope-orchestrator v9_real_consumer_shadow::tests::adaptive_production_path_coverage::native_mixed_phase_fixture_rejects_original_predecessor_at_promotion_entry
openwepp-hillslope-orchestrator v9_real_consumer_shadow::tests::adaptive_production_path_coverage::native_mixed_phase_fixture_rejects_original_receipt_chain_at_promotion_entry
openwepp-hillslope-orchestrator v9_real_consumer_shadow::tests::adaptive_production_path_coverage::native_mixed_phase_fixture_rejects_original_support_at_promotion_entry
openwepp-hillslope-orchestrator v9_real_consumer_shadow::tests::adaptive_production_path_coverage::native_mixed_phase_fixture_rejects_second_promotion_of_publishable_candidate
openwepp-hillslope-orchestrator v9_real_consumer_shadow::tests::adaptive_production_path_coverage::native_mixed_phase_fixture_rejects_selected_ending_at_final_replay
openwepp-hillslope-orchestrator v9_real_consumer_shadow::tests::adaptive_production_path_coverage::native_mixed_phase_fixture_rejects_wrong_accepted_restart_at_promotion_entry
openwepp-hillslope-orchestrator v9_real_consumer_shadow::tests::adaptive_production_path_coverage::native_mixed_phase_fixture_rejects_wrong_original_owner_at_promotion_entry
openwepp-hillslope-orchestrator v9_real_consumer_shadow::tests::adaptive_production_path_coverage::native_mixed_phase_fixture_rolls_back_final_owner_join_fault
openwepp-hillslope-orchestrator v9_real_consumer_shadow::tests::adaptive_production_path_coverage::native_terminal_batch_dispatch_accepts_exact_physical_marker_topology
openwepp-hillslope-orchestrator v9_real_consumer_shadow::tests::adaptive_production_path_coverage::odd_quanta_tile_exactly_and_never_call_carrier_below_floor
openwepp-hillslope-orchestrator v9_real_consumer_shadow::tests::adaptive_production_path_coverage::ordinary_physical_reuse_is_byte_identical_to_forced_double_evaluation
openwepp-hillslope-orchestrator v9_real_consumer_shadow::tests::adaptive_production_path_coverage::real_two_active_lane_terminal_and_survivor_use_one_joint_batch_decision
openwepp-hillslope-orchestrator v9_real_consumer_shadow::tests::adaptive_production_path_coverage::reject_child_memo_is_canonical_byte_identical_to_forced_recomputation
openwepp-hillslope-orchestrator v9_real_consumer_shadow::tests::adaptive_production_path_coverage::stable_minimum_production_support_accepts_one_direct_trial
openwepp-hillslope-orchestrator v9_real_consumer_shadow::tests::bare_root_zone_allows_empty_strata_but_v10_rejects_canopy_mismatch
openwepp-hillslope-orchestrator v9_real_consumer_shadow::tests::child2c_scheduler_commits_the_concrete_v11_lse_bgc_soil_owner_candidate
openwepp-hillslope-orchestrator v9_real_consumer_shadow::tests::complete_owner_two_ofe_child_routes_upstream_runoff_as_downstream_runon
openwepp-hillslope-orchestrator v9_real_consumer_shadow::tests::coupled_hard_boundary_truncates_selected_900_second_child
openwepp-hillslope-orchestrator v9_real_consumer_shadow::tests::coupled_time_one_nanosecond_support_is_structurally_admitted
openwepp-hillslope-orchestrator v9_real_consumer_shadow::tests::downstream_scheduler_failure_discards_production_and_complete_shadow_candidate
openwepp-hillslope-orchestrator v9_real_consumer_shadow::tests::explicit_scheduler_consumer_advances_shadow_without_changing_production
openwepp-hillslope-orchestrator v9_real_consumer_shadow::tests::failed_late_interval_rolls_back_every_shadow_and_production_byte
openwepp-hillslope-orchestrator v9_real_consumer_shadow::tests::forty_eight_interval_day_replaces_only_complete_shadow_state
openwepp-hillslope-orchestrator v9_real_consumer_shadow::tests::imported_v10_snow_free_successor_installs_only_v10_inactive_anchor_authority
openwepp-hillslope-orchestrator v9_real_consumer_shadow::tests::interior_terminal_event_capture_reproduces_below_carrier_domain
openwepp-hillslope-orchestrator v9_real_consumer_shadow::tests::interior_terminal_event_runs_covered_event_and_snow_free_remainder
openwepp-hillslope-orchestrator v9_real_consumer_shadow::tests::latest_accepted_stage3_state_changes_next_wb14_proposal
openwepp-hillslope-orchestrator v9_real_consumer_shadow::tests::mixed_complete_owner_lineage_is_rejected_before_execution
openwepp-hillslope-orchestrator v9_real_consumer_shadow::tests::mixed_open_covered_stack_executes_complete_ofe_ground_boundary
openwepp-hillslope-orchestrator v9_real_consumer_shadow::tests::ofe_top_boundary_credit_is_applied_once_and_is_tile_order_independent
openwepp-hillslope-orchestrator v9_real_consumer_shadow::tests::ofe_top_boundary_credit_rejects_identity_duplicate_sign_and_support_poisons
openwepp-hillslope-orchestrator v9_real_consumer_shadow::tests::one_1800_second_child_matches_complete_historical_candidate
openwepp-hillslope-orchestrator v9_real_consumer_shadow::tests::prepared_gsi_provider_day_rolls_back_every_owner_on_downstream_failure
openwepp-hillslope-orchestrator v9_real_consumer_shadow::tests::prepared_provider_chain_accepts_two_days_and_rejects_sequence_poisons
openwepp-hillslope-orchestrator v9_real_consumer_shadow::tests::repository_day_receipt_mismatch_discards_both_candidates
openwepp-hillslope-orchestrator v9_real_consumer_shadow::tests::resolved_snow_and_snow_free_lanes_publish_one_atomic_parent
openwepp-hillslope-orchestrator v9_real_consumer_shadow::tests::retained_half_day_restart_is_byte_identical_to_uninterrupted_day
openwepp-hillslope-orchestrator v9_real_consumer_shadow::tests::scheduler_consumes_repository_prepared_v10_day_without_changing_production
openwepp-hillslope-orchestrator v9_real_consumer_shadow::tests::sealed_repository_receipts_project_into_real_child4_forcing_types
openwepp-hillslope-orchestrator v9_real_consumer_shadow::tests::shared_soil_thermal_aggregation_is_ordered_complete_and_owner_bound
openwepp-hillslope-orchestrator v9_real_consumer_shadow::tests::snow_free_publication_reseal_mints_one_fresh_validated_support_capability
openwepp-hillslope-orchestrator v9_real_consumer_shadow::tests::snow_free_two_ofe_parent_executes_two_routed_900_second_children
openwepp-hillslope-orchestrator v9_real_consumer_shadow::tests::solid_precipitation_reappears_through_the_adaptive_owner_path
openwepp-hillslope-orchestrator v9_real_consumer_shadow::tests::three_trial_accepted_publication_capture_stays_within_budget
openwepp-hillslope-orchestrator v9_real_consumer_shadow::tests::two_900_second_complete_owner_children_publish_one_parent
openwepp-hillslope-orchestrator v9_real_consumer_shadow::tests::two_resolved_snow_lanes_choose_common_earliest_cadence
openwepp-hillslope-orchestrator v9_real_consumer_shadow::tests::v10_canonicalizes_dead_global_ground_scalars_for_heterogeneous_tiles
openwepp-hillslope-orchestrator v9_real_consumer_shadow::tests::v10_constructor_rejects_independently_valid_wrong_vegetation_receipt
openwepp-hillslope-orchestrator v9_real_consumer_shadow::tests::v10_ignores_caller_root_hydraulic_template_operands
openwepp-hillslope-orchestrator v9_real_consumer_shadow::tests::v10_interval_15_failure_rolls_back_every_shadow_owner_exactly
openwepp-hillslope-orchestrator v9_real_consumer_shadow::tests::v10_midnight_failure_rolls_back_every_shadow_owner_exactly
openwepp-hillslope-orchestrator v9_real_consumer_shadow::tests::v10_positive_radiation_provider_day_executes_low_light_and_daylight
openwepp-hillslope-orchestrator v9_real_consumer_shadow::tests::v10_rejects_unowned_external_runon_without_mutation
openwepp-hillslope-orchestrator v9_real_consumer_shadow::tests::v10_zero_radiation_provider_day_executes_all_48_intervals
openwepp-hillslope-orchestrator v9_real_consumer_shadow::tests::v11_actual_stack_accepts_sequential_unequal_supports_once_per_parent
openwepp-hillslope-orchestrator v9_real_consumer_shadow::tests::v11_actual_stack_accepts_the_declared_lse_minimum_support
openwepp-hillslope-orchestrator v9_real_consumer_shadow::tests::v11_actual_stack_is_forcing_order_observable
openwepp-hillslope-orchestrator v9_real_consumer_shadow::tests::v11_actual_stack_rejects_one_tick_below_lse_minimum_before_newton
openwepp-hillslope-orchestrator v9_real_consumer_shadow::tests::v11_full_support_runs_actual_v10_stack_and_finalizes_once
openwepp-hillslope-orchestrator v9_real_consumer_shadow::tests::v11_open_first_vegetated_second_executes_complete_bgc_consumer_atomically
openwepp-hillslope-orchestrator v9_real_consumer_shadow::tests::v11_rejected_duration_attempt_leaves_parent_and_live_stack_unchanged
openwepp-hillslope-orchestrator v9_real_consumer_shadow::tests::v11_repository_projection_binds_fresh_gsi_on_unpublished_candidate
openwepp-hillslope-orchestrator v9_real_consumer_shadow::tests::v11_repository_projection_failure_rolls_back_unpublished_binding
openwepp-hillslope-orchestrator v9_real_consumer_shadow::tests::v11_repository_projection_rejects_substituted_gsi_receipt_digest
openwepp-hillslope-orchestrator v9_real_consumer_shadow::v11_covered::accepted_carrier_evidence_tests::accepted_carrier_beginning_rebinds_only_parent_cadence_cursor
openwepp-hillslope-orchestrator v9_real_consumer_shadow::v11_covered::accepted_carrier_evidence_tests::accepted_carrier_beginning_rejects_physical_and_topology_substitution
openwepp-hillslope-orchestrator v9_real_consumer_shadow::v11_covered::accepted_carrier_evidence_tests::accepted_sealer_is_value_only_and_does_not_publish
openwepp-hillslope-orchestrator v9_real_consumer_shadow::v11_covered::accepted_carrier_evidence_tests::charged_native_map_uses_one_native_candidate_envelope_tuple
openwepp-hillslope-orchestrator v9_real_consumer_shadow::v11_covered::accepted_carrier_evidence_tests::mixed_open_and_covered_join_retains_open_marker_and_rejects_topology_poison
openwepp-hillslope-orchestrator v9_real_consumer_shadow::v11_covered::accepted_carrier_evidence_tests::only_finite_cold_covered_boundary_is_refinable
openwepp-hillslope-orchestrator v9_real_consumer_shadow::v11_covered::accepted_carrier_evidence_tests::provisional_envelope_clears_all_accepted_boundary_identities
openwepp-hillslope-orchestrator v9_real_consumer_shadow::v11_covered::canonical_covered_convergence_poison_is_execution_thread_scoped
openwepp-hillslope-orchestrator v9_real_consumer_shadow::v11_covered::canonical_covered_invalid_finite_multisecant_proposals_reject_before_next_charge
openwepp-hillslope-orchestrator v9_real_consumer_shadow::v11_covered::canonical_covered_outer_nonclosure_consumes_pending_map_to_history
openwepp-hillslope-orchestrator v9_real_consumer_shadow::v11_covered::canonical_covered_stable_two_map_chronology_is_physically_reachable
openwepp-hillslope-orchestrator v9_real_consumer_shadow::v11_covered::canonical_covered_two_map_adjudication_failures_never_replay_or_fall_through
openwepp-hillslope-orchestrator v9_real_consumer_shadow::v11_covered::canonical_map_allowance_tests::canonical_map_budget_and_role_boundaries_are_identical
openwepp-hillslope-orchestrator v9_real_consumer_shadow::v11_covered::component_carrier_tests::component_carrier_rejects_duplicate_occupancy_across_vertical_ordinals
openwepp-hillslope-orchestrator v9_real_consumer_shadow::v11_covered::component_carrier_tests::component_carrier_rejects_stale_inner_seal_and_fresh_boundary_substitution
openwepp-hillslope-orchestrator v9_real_consumer_shadow::v11_covered::component_carrier_tests::component_carrier_retains_lse_shared_air_residual_authority_and_poisons
openwepp-hillslope-orchestrator v9_real_consumer_shadow::v11_covered::component_carrier_tests::component_carrier_uses_vertical_order_not_lexical_occupancy_order
openwepp-hillslope-orchestrator v9_real_consumer_shadow::v11_covered::covered_carrier_phase_tests::batch_phase_enters_the_shared_physical_prefix_once_with_complete_lane_state
openwepp-hillslope-orchestrator v9_real_consumer_shadow::v11_covered::covered_carrier_phase_tests::native_v2_deferred_custody_seeds_joint_and_seals_exact_typed_trial
openwepp-hillslope-orchestrator v9_real_consumer_shadow::v11_covered::covered_carrier_phase_tests::native_v2_second_child_beginning_rejects_sealed_typed_carry_substitution
openwepp-hillslope-orchestrator v9_real_consumer_shadow::v11_covered::covered_carrier_phase_tests::native_v2_selected_joint_rejects_stale_carry_and_substituted_owner
openwepp-hillslope-orchestrator v9_real_consumer_shadow::v11_covered::covered_carrier_phase_tests::native_v2_selected_joint_retains_resident_owner_and_binds_typed_trial_exactly
openwepp-hillslope-orchestrator v9_real_consumer_shadow::v11_covered::covered_carrier_phase_tests::native_v2_soil_read_proof_is_seal_and_pointer_bound
openwepp-hillslope-orchestrator v9_real_consumer_shadow::v11_covered::covered_carrier_phase_tests::normalized_v10_owner_proof_is_bound_to_the_exact_borrowed_revision
openwepp-hillslope-orchestrator v9_real_consumer_shadow::v11_covered::covered_carrier_phase_tests::phase_has_no_stage3_evaluation_or_publication_surface
openwepp-hillslope-orchestrator v9_real_consumer_shadow::v11_covered::covered_carrier_phase_tests::phase_receiver_is_immutable_and_trial_identity_is_exact
openwepp-hillslope-orchestrator v9_real_consumer_shadow::v11_covered::covered_carrier_phase_tests::represented_snow_carrier_synchronizes_the_native_wb14_successor_only_when_present
openwepp-hillslope-orchestrator v9_real_consumer_shadow::v11_covered::covered_carrier_phase_tests::retained_custody_original_start_outlives_current_carrier_resident_start
openwepp-hillslope-orchestrator v9_real_consumer_shadow::v11_covered::covered_carrier_phase_tests::same_support_raw_iterate_reuses_immutable_prior_child_custody
openwepp-hillslope-orchestrator v9_real_consumer_shadow::v11_covered::covered_carrier_phase_tests::terminal_trial_rebinds_common_temperature_and_latent_heat_together
openwepp-hillslope-orchestrator v9_real_consumer_shadow::v11_covered::covered_carrier_phase_tests::v2_carrier_composition_is_trial_only_and_receipt_free
openwepp-hillslope-orchestrator v9_real_consumer_shadow::v11_covered::covered_carrier_phase_tests::v2_soil_temporal_posture_separates_replay_successor_overlap_and_gap
openwepp-hillslope-orchestrator v9_real_consumer_shadow::v11_covered::covered_convergence_policy_tests::b01_authentic_mixed_phase_trial_preserves_phase_and_depth
openwepp-hillslope-orchestrator v9_real_consumer_shadow::v11_covered::covered_convergence_policy_tests::canonical_covered_multisecant_admits_oscillatory_contraction_and_guards_endpoints
openwepp-hillslope-orchestrator v9_real_consumer_shadow::v11_covered::covered_convergence_policy_tests::canonical_covered_multisecant_reconstructs_the_v22_cold_phase_at_snow_reappearance
openwepp-hillslope-orchestrator v9_real_consumer_shadow::v11_covered::covered_convergence_policy_tests::canonical_covered_multisecant_refuses_predictor_replay_histories_before_a_map_charge
openwepp-hillslope-orchestrator v9_real_consumer_shadow::v11_covered::covered_convergence_policy_tests::canonical_covered_stopping_uses_the_charged_candidate_not_prior_map_output
openwepp-hillslope-orchestrator v9_real_consumer_shadow::v11_covered::covered_convergence_policy_tests::canonical_tol_snowenergy_007_crosses_only_at_literal_binary64_boundary
openwepp-hillslope-orchestrator v9_real_consumer_shadow::v11_covered::covered_convergence_policy_tests::production_convergence_compares_fresh_layer_density_and_exact_template_to_proposal
openwepp-hillslope-orchestrator v9_real_consumer_shadow::v11_covered::covered_convergence_policy_tests::production_convergence_does_not_compare_per_layer_density_across_maps
openwepp-hillslope-orchestrator v9_real_consumer_shadow::v11_covered::covered_convergence_policy_tests::real_open_snow_source_calls_outer_canonical_execution_without_admission_shim
openwepp-hillslope-orchestrator v9_real_consumer_shadow::v11_covered::covered_convergence_policy_tests::stable_two_map_eligibility_uses_adjudication_candidate_vs_output_not_prior_equality
openwepp-hillslope-orchestrator v9_real_consumer_shadow::v11_covered::covered_convergence_policy_tests::structural_call_lexer_removes_every_literal_and_comment_decoy
openwepp-hillslope-orchestrator v9_real_consumer_shadow::v11_covered::covered_convergence_policy_tests::structural_call_result_flow_rejects_argument_and_dead_use_decoys
openwepp-hillslope-orchestrator v9_real_consumer_shadow::v11_covered::covered_ordinary_physical_reuse_gate_tests::rainy_and_reappearance_reuse_gate_rejects_every_authority_substitution_and_terminal_mode
openwepp-hillslope-orchestrator v9_real_consumer_shadow::v11_covered::covered_terminal_reuse_trial_binding_tests::terminal_reuse_allows_only_sealed_discovery_trial_identity_rebinding
openwepp-hillslope-orchestrator v9_real_consumer_shadow::v11_covered::deferred_native_v2_snow_free_replay_tests::overlap_gap_and_zero_width_refuse_without_changing_the_input_vector
openwepp-hillslope-orchestrator v9_real_consumer_shadow::v11_covered::deferred_native_v2_snow_free_replay_tests::same_support_and_contiguous_successor_are_distinct_exact_postures
openwepp-hillslope-orchestrator v9_real_consumer_shadow::v11_covered::deferred_native_v2_snow_free_replay_tests::same_support_replay_validates_operand_suffix_without_advancing_or_installing
openwepp-hillslope-orchestrator v9_real_consumer_shadow::v11_covered::exact_inactive_component_carrier_tests::exact_inactive_carrier_rejects_nonzero_component_emissive_and_flux_aggregates
openwepp-hillslope-orchestrator v9_real_consumer_shadow::v11_covered::native_snow_cold_refinement_excludes_other_defects_and_is_atomic
openwepp-hillslope-orchestrator v9_real_consumer_shadow::v11_covered::owner_finalization::nitrogen_protocol_cardinality_tests::bgc_linkage_uses_pre_hash_three_stratum_nonassociative_order
openwepp-hillslope-orchestrator v9_real_consumer_shadow::v11_covered::owner_finalization::nitrogen_protocol_cardinality_tests::bgc_ofe_resolution_admits_multi_tile_stratum_within_one_ofe
openwepp-hillslope-orchestrator v9_real_consumer_shadow::v11_covered::owner_finalization::nitrogen_protocol_cardinality_tests::bgc_ofe_resolution_rejects_two_covered_vegetated_ofes
openwepp-hillslope-orchestrator v9_real_consumer_shadow::v11_covered::owner_finalization::nitrogen_protocol_cardinality_tests::bgc_ofe_resolution_uses_explicit_vegetation_tile_mapping
openwepp-hillslope-orchestrator v9_real_consumer_shadow::v11_covered::owner_finalization::nitrogen_protocol_cardinality_tests::empty_protocol_is_admissible_and_every_partial_empty_protocol_rejects
openwepp-hillslope-orchestrator v9_real_consumer_shadow::v11_covered::owner_finalization::nitrogen_protocol_cardinality_tests::repeated_local_lse_tile_ids_do_not_replace_vegetation_mapping
openwepp-hillslope-orchestrator v9_real_consumer_shadow::v11_covered::owner_finalization::owner_join_tests::compositional_pool_roundoff_accepts_only_one_ulp
openwepp-hillslope-orchestrator v9_real_consumer_shadow::v11_covered::owner_finalization::owner_join_tests::final_owner_join_seal_rejects_each_owner_digest_substitution
openwepp-hillslope-orchestrator v9_real_consumer_shadow::v11_covered::owner_finalization::owner_join_tests::valid_alternate_snow_owner_rejects_against_unchanged_physical_bytes
openwepp-hillslope-orchestrator v9_real_consumer_shadow::v11_covered::owner_finalization::terminal_custody_lane_set_tests::accepted_vegetation_lineage_rejects_noncontiguous_or_split_support_identity
openwepp-hillslope-orchestrator v9_real_consumer_shadow::v11_covered::owner_finalization::terminal_custody_lane_set_tests::adaptive_snow_derived_cache_requires_candidate_local_identities
openwepp-hillslope-orchestrator v9_real_consumer_shadow::v11_covered::owner_finalization::terminal_custody_lane_set_tests::adaptive_terminal_domain_receipt_without_event_is_admitted
openwepp-hillslope-orchestrator v9_real_consumer_shadow::v11_covered::owner_finalization::terminal_custody_lane_set_tests::deferred_native_v2_outward_lineage_rejects_advanced_or_poisoned_transactions
openwepp-hillslope-orchestrator v9_real_consumer_shadow::v11_covered::owner_finalization::terminal_custody_lane_set_tests::deferred_native_v2_outward_lineage_retains_exact_outer_predecessor
openwepp-hillslope-orchestrator v9_real_consumer_shadow::v11_covered::owner_finalization::terminal_custody_lane_set_tests::deferred_native_v2_record_lineage_follows_only_sealed_parent_posture
openwepp-hillslope-orchestrator v9_real_consumer_shadow::v11_covered::owner_finalization::terminal_custody_lane_set_tests::deferred_native_v2_shadow_retains_beginning_while_final_install_retains_trial
openwepp-hillslope-orchestrator v9_real_consumer_shadow::v11_covered::owner_finalization::terminal_custody_lane_set_tests::deferred_native_v2_transaction_refusal_precedes_outward_lineage_mutation
openwepp-hillslope-orchestrator v9_real_consumer_shadow::v11_covered::owner_finalization::terminal_custody_lane_set_tests::native_v2_accepted_vegetation_lineage_matches_support_transaction
openwepp-hillslope-orchestrator v9_real_consumer_shadow::v11_covered::owner_finalization::terminal_custody_lane_set_tests::native_v2_accepted_vegetation_lineage_rejects_transaction_poisons
openwepp-hillslope-orchestrator v9_real_consumer_shadow::v11_covered::owner_finalization::terminal_custody_lane_set_tests::native_v2_preinstall_soil_posture_requires_one_exact_owner
openwepp-hillslope-orchestrator v9_real_consumer_shadow::v11_covered::owner_finalization::terminal_custody_lane_set_tests::reused_native_v2_physical_ending_refreshes_exact_envelope_non_soil_owners
openwepp-hillslope-orchestrator v9_real_consumer_shadow::v11_covered::owner_finalization::terminal_custody_lane_set_tests::solid_reappearance_has_no_persistent_snow_soil_exchange_receipt
openwepp-hillslope-orchestrator v9_real_consumer_shadow::v11_covered::owner_finalization::terminal_custody_lane_set_tests::terminal_lane_without_physical_ledger_is_rejected
openwepp-hillslope-orchestrator v9_real_consumer_shadow::v11_covered::owner_finalization::terminal_custody_lane_set_tests::terminal_receipts_require_exact_event_set_and_ledgers
openwepp-hillslope-orchestrator v9_real_consumer_shadow::v11_covered::owner_finalization::terminal_custody_lane_set_tests::terminal_to_terminal_uses_only_adaptive_trial_custody
openwepp-hillslope-orchestrator v9_real_consumer_shadow::v11_covered::owner_finalization::terminal_custody_lane_set_tests::v1_reused_vegetation_lineage_admits_only_exact_staged_or_accepted_revision
openwepp-hillslope-orchestrator v9_real_consumer_shadow::v11_covered::owner_finalization::terminal_custody_lane_set_tests::v2_finalization_has_one_accepted_receiver_and_one_install
openwepp-hillslope-orchestrator v9_real_consumer_shadow::v11_covered::owner_finalization::terminal_custody_lane_set_tests::v48_real_finalizer_source_never_erases_split_authority
openwepp-hillslope-orchestrator v9_real_consumer_shadow::v11_covered::owner_finalization::v50_native_pair_binding_source_guards::authenticated_transition_binds_only_the_charged_exact_pair
openwepp-hillslope-orchestrator v9_real_consumer_shadow::v11_covered::physical_outcome_ledger::tests::destination_vector_order_cardinality_and_redistribution_poisons_fail_closed
openwepp-hillslope-orchestrator v9_real_consumer_shadow::v11_covered::physical_outcome_ledger::tests::identity_and_physics_poisons_fail_closed
openwepp-hillslope-orchestrator v9_real_consumer_shadow::v11_covered::physical_outcome_ledger::tests::independent_ledger_closes
openwepp-hillslope-orchestrator v9_real_consumer_shadow::v11_covered::physical_outcome_ledger::tests::resealed_ending_material_owner_mutation_fails_physical_closure
openwepp-hillslope-orchestrator v9_real_consumer_shadow::v11_covered::physical_outcome_ledger::tests::resealed_substitution_does_not_replace_external_authority
openwepp-hillslope-orchestrator v9_real_consumer_shadow::v11_covered::physical_outcome_ledger::tests::terminal_bottom_soil_trial_closes_and_matches_one_volume_persistent_conductivity
openwepp-hillslope-orchestrator v9_real_consumer_shadow::v11_covered::physical_outcome_ledger::tests::terminal_bottom_soil_trial_rejects_inconsistent_scalar_volume
openwepp-hillslope-orchestrator v9_real_consumer_shadow::v11_covered::physical_outcome_ledger::tests::terminal_bottom_soil_v2_trial_retains_exact_carry_and_owner_identity
openwepp-hillslope-orchestrator v9_real_consumer_shadow::v11_covered::physical_outcome_ledger::tests::terminal_snow_soil_receipt_has_no_endpoint_temperature_and_closes_custody
openwepp-hillslope-orchestrator v9_real_consumer_shadow::v11_covered::precomputed_terminal_accepted_executor_tests::accepted_branch_seals_then_finalizes_then_publishes
openwepp-hillslope-orchestrator v9_real_consumer_shadow::v11_covered::precomputed_terminal_accepted_executor_tests::identity_poisons_precede_acceptance_and_physics_rerun_is_absent
openwepp-hillslope-orchestrator v9_real_consumer_shadow::v11_covered::precomputed_terminal_accepted_executor_tests::pre_finalize_failure_has_no_publication_or_new_parcel_mutation
openwepp-hillslope-orchestrator v9_real_consumer_shadow::v11_covered::retained_native_context_refuses_enclosing_and_sibling_supports
openwepp-hillslope-orchestrator v9_real_consumer_shadow::v11_covered::shared_carrier_specific_humidity_tests::equal_active_nodes_are_exact_and_active_one_bit_poison_uses_weighted_solve
openwepp-hillslope-orchestrator v9_real_consumer_shadow::v11_covered::snow_soil_receipt_reseal_roundoff_tests::exact_threshold_sides_are_fail_closed
openwepp-hillslope-orchestrator v9_real_consumer_shadow::v11_covered::snow_soil_receipt_reseal_roundoff_tests::v2_replay_refuses_one_ulp_physical_ending_change
openwepp-hillslope-orchestrator v9_real_consumer_shadow::v11_covered::snow_soil_receipt_reseal_roundoff_tests::v2_replay_refuses_topology_change
openwepp-hillslope-orchestrator v9_real_consumer_shadow::v11_covered::snow_soil_receipt_reseal_roundoff_tests::v2_replay_selects_final_receipt_custody_when_physical_ending_is_exact
openwepp-hillslope-orchestrator v9_real_consumer_shadow::v11_covered::stage3_phase_forcing_reconstruction_tests::solid_geometric_depth_reconstructs_water_equivalent_and_rejects_raw_depth_alias
openwepp-hillslope-orchestrator v9_real_consumer_shadow::v3_publication_retention_tests::canonical_roundtrip_restores_projection_and_ordered_model_receipts
openwepp-hillslope-orchestrator v9_real_consumer_shadow::v3_publication_retention_tests::frozen_litter_restart_revalidates_complete_publication_history
openwepp-hillslope-orchestrator v9_real_consumer_shadow::v3_publication_retention_tests::install_frozen_litter_v3_resident_moves_validated_history_without_roundtrip
openwepp-hillslope-orchestrator v9_real_consumer_shadow::v3_publication_retention_tests::native_composite_support_role_rejects_half_owner_and_stale_active
openwepp-hillslope-orchestrator v9_real_consumer_shadow::v3_publication_retention_tests::native_dirty_parent_survives_actual_partial_phase_and_rejects_foreign_drain
openwepp-hillslope-orchestrator v9_real_consumer_shadow::v3_publication_retention_tests::native_donor_summary_keeps_vector_seal_and_receipt_sorted_arithmetic
openwepp-hillslope-orchestrator v9_real_consumer_shadow::v3_publication_retention_tests::native_drain_histories_retain_partial_state_finalize_dry_tail_and_reject_replay
openwepp-hillslope-orchestrator v9_real_consumer_shadow::v3_publication_retention_tests::native_restart_rejects_valid_initial_owner_reset_under_evolved_phase_history
openwepp-hillslope-orchestrator v9_real_consumer_shadow::v3_publication_retention_tests::nested_projection_and_receipt_chain_substitution_fail_closed
openwepp-hillslope-orchestrator v9_real_consumer_shadow::v3_publication_retention_tests::omission_reorder_and_model_substitution_fail_even_after_reseal
openwepp-hillslope-orchestrator v9_real_consumer_shadow::v3_publication_retention_tests::real_candidate_only_v4_factory_uses_authenticated_aggregate_custody
openwepp-hillslope-orchestrator v9_real_consumer_shadow::v3_publication_retention_tests::v39_native_second_child_candidate_only_v4_factory
openwepp-hillslope-orchestrator v9_real_consumer_shadow::v3_publication_retention_tests::v3_shared_and_forced_deep_histories_match_production_acceptance_and_rejection
openwepp-hillslope-orchestrator v9_real_consumer_shadow::v3_publication_retention_tests::v4_nonempty_restore_then_shared_and_forced_deep_production_flows_match
openwepp-hillslope-orchestrator v9_real_consumer_shadow::v3_publication_retention_tests::validated_resident_append_checks_only_new_tail_and_preserves_prefix
openwepp-hillslope-orchestrator v9_real_consumer_shadow::v3_publication_retention_tests::validated_resident_install_cost_is_history_length_independent
openwepp-hillslope-orchestrator v9_real_consumer_shadow::v3_publication_retention_tests::validated_resident_tail_poison_rolls_back
openwepp-hillslope-orchestrator vegetation_energy_owner::tests::independently_reconstructs_component_and_weighted_stand_energy
openwepp-hillslope-orchestrator vegetation_energy_owner::tests::reconstructs_nonzero_evaporation_and_condensation_with_signed_latent_energy
openwepp-hillslope-orchestrator vegetation_energy_owner::tests::rejects_identity_basis_component_and_finalized_water_poisons
openwepp-hillslope-orchestrator vegetation_energy_owner::tests::uses_interval_scaled_stand_threshold_and_typed_transaction_overflow
openwepp-hillslope-orchestrator vegetation_real_hydrology_shadow::tests::every_rounded_maximum_can_be_finalized_without_source_overdraw
openwepp-hillslope-orchestrator vegetation_real_hydrology_shadow::tests::exact_full_depletion_survives_mass_depth_round_trip
openwepp-hillslope-orchestrator vegetation_real_hydrology_shadow::tests::finalized_use_only_debits_configured_vector_index_and_preserves_full_clone
openwepp-hillslope-orchestrator vegetation_real_hydrology_shadow::tests::multi_lane_same_v7_key_uses_distinct_real_sources
openwepp-hillslope-orchestrator vegetation_real_hydrology_shadow::tests::partial_frost_is_typed_unsupported_instead_of_whole_layer_exclusion
openwepp-hillslope-orchestrator vegetation_real_hydrology_shadow::tests::signed_zero_request_supply_and_frost_share_the_exact_zero_class
openwepp-hillslope-orchestrator vegetation_real_hydrology_shadow::tests::single_lane_reasons_cover_full_partial_zero_frozen_and_rooting
openwepp-hillslope-orchestrator vegetation_real_hydrology_shadow::tests::single_request_nonzero_shortfall_is_a_liquid_storage_limit
openwepp-hillslope-orchestrator vegetation_real_hydrology_shadow::tests::wrong_identity_basis_layer_and_failed_finalization_roll_back_exactly
openwepp-hillslope-orchestrator vegetation_real_hydrology_shadow::tests_extra::real_owner_competes_equal_status_and_debits_finalized_use_only
openwepp-hillslope-orchestrator vegetation_real_hydrology_shadow::tests_extra::real_owner_preserves_requester_identity_and_configured_layer_order
openwepp-hillslope-orchestrator vegetation_real_hydrology_shadow::tests_extra::real_owner_rejects_wrong_source_and_overuse_without_mutation
openwepp-hillslope-orchestrator vegetation_real_hydrology_shadow::tests_extra::real_owner_retains_zero_frozen_and_rooting_facts
openwepp-hillslope-orchestrator winter_column::tests::zero_winter_column_state_is_inert
openwepp-hillslope-orchestrator winter_column::tests::zero_winter_day_outcome_is_inert
openwepp-land-surface-energy authority_schema_tests::frozen_configuration_and_state_validate_with_exact_canonical_digests
openwepp-land-surface-energy authority_schema_tests::frozen_forcing_water_and_diagnostics_validate
openwepp-land-surface-energy authority_schema_tests::genuine_receipt_owner_set_failures_remain_owner_envelope_errors
openwepp-land-surface-energy authority_schema_tests::owner_envelope_identity_set_precedes_every_protocol_numeric_stage
openwepp-land-surface-energy authority_schema_tests::protocol_identity_stage_precedes_earlier_row_domain_in_direct_and_owner_envelope_paths
openwepp-land-surface-energy authority_schema_tests::unknown_fields_and_digest_mutations_fail_closed
openwepp-land-surface-energy closure::tests::authorization_is_not_accepted_as_use_when_demand_is_lower
openwepp-land-surface-energy closure::tests::condensation_retains_signed_mass_and_energy
openwepp-land-surface-energy closure::tests::ground_heat_must_be_equal_and_opposite
openwepp-land-surface-energy closure::tests::tile_fraction_is_applied_once_after_local_closure
openwepp-land-surface-energy closure::tests::weighted_energy_decomposition_exposes_residual_and_primitive_scale
openwepp-land-surface-energy closure::tests::weighted_energy_integrates_absolute_rate_tolerance_over_interval
openwepp-land-surface-energy closure::tests::weighted_energy_rejects_invalid_interval
openwepp-land-surface-energy closure::tests::weighted_energy_relative_tolerance_has_exact_authorized_boundary
openwepp-land-surface-energy closure::tests::weighted_energy_scale_precedes_signed_and_cross_tile_cancellation
openwepp-land-surface-energy closure::tests::weighted_energy_uses_canonical_tile_fraction_boundary
openwepp-land-surface-energy closure::tests::zero_mass_parcel_cannot_carry_temperature_or_energy
openwepp-land-surface-energy covered_liquid::tests::exact_first_upward_reference_neighbor_is_canonicalized
openwepp-land-surface-energy covered_liquid::tests::liquid_reference_canonicalization_has_an_exact_bit_boundary
openwepp-land-surface-energy covered_liquid::tests::saturated_fixture_drainage_retains_exact_capacity
openwepp-land-surface-energy covered_liquid::tests::wet_fraction_above_one_remains_a_typed_poison
openwepp-land-surface-energy covered_oracle_conformance_tests::covered_failed_solution_reports_beta_component_shared_and_soil_bounds
openwepp-land-surface-energy covered_oracle_conformance_tests::covered_multirank_potential_fixed_cap_and_alternate_start_match_frozen_oracle
openwepp-land-surface-energy covered_oracle_conformance_tests::covered_natural_failures_match_frozen_diagnostics_and_publish_no_candidate
openwepp-land-surface-energy covered_oracle_conformance_tests::covered_natural_iteration_limit_matches_declared_rust_outcome
openwepp-land-surface-energy covered_oracle_conformance_tests::covered_single_rank_potential_fixed_cap_and_alternate_start_match_frozen_oracle
openwepp-land-surface-energy covered_oracle_conformance_tests::v10_exact_zero_par_is_identity_gated_and_replaces_daytime_vulnerability_rows
openwepp-land-surface-energy covered_oracle_conformance_tests::v10_iteration_zero_residual_boundary_rejects_one_ulp_outside
openwepp-land-surface-energy covered_oracle_conformance_tests::v10_zero_par_branch_requires_positive_leaf_area
openwepp-land-surface-energy covered_output::tests::authorization_cannot_replace_finalized_water_in_covered_latent_join
openwepp-land-surface-energy covered_output::tests::complete_covered_energy_operands_reconstruct_without_producer_residual
openwepp-land-surface-energy covered_output::tests::covered_component_shared_air_and_radiation_poisons_fail_closed
openwepp-land-surface-energy covered_output::tests::exact_inactive_longwave_requires_zero_area_and_zero_component_flux
openwepp-land-surface-energy covered_output::tests::stage3_lower_boundary_and_column_joins_reject_one_bit_poison
openwepp-land-surface-energy error::tests::every_error_variant_and_typed_subcategory_has_an_explicit_class
openwepp-land-surface-energy exact_dyadic_enthalpy::tests::both_signs_and_overflow_refuse_without_clamping
openwepp-land-surface-energy exact_dyadic_enthalpy::tests::canonical_wat5_credit_retains_unchanged_high_and_nonzero_carry
openwepp-land-surface-energy exact_dyadic_enthalpy::tests::exact_reconstructed_enthalpy_absolute_tolerance_boundaries_are_inclusive
openwepp-land-surface-energy exact_dyadic_enthalpy::tests::exact_reconstructed_enthalpy_comparison_joins_high_and_carry_without_mutation
openwepp-land-surface-energy exact_dyadic_enthalpy::tests::nearest_even_halfway_and_adjacent_crossing_vectors
openwepp-land-surface-energy exact_dyadic_enthalpy::tests::no_op_candidate_preserves_negative_zero_high_bits
openwepp-land-surface-energy exact_dyadic_enthalpy::tests::normal_energy_delta_requires_authoritative_temperature_change
openwepp-land-surface-energy exact_dyadic_enthalpy::tests::receipt_omission_duplication_reorder_and_identity_substitution_refuse
openwepp-land-surface-energy exact_dyadic_enthalpy::tests::signed_cancellation_subnormal_boundary_and_order_are_exact
openwepp-land-surface-energy exact_dyadic_enthalpy::tests::typed_credit_binds_wat5_beginning_ending_and_exact_q
openwepp-land-surface-energy exact_dyadic_enthalpy::tests::v1_bytes_are_frozen_and_migration_is_zero_carry_with_no_downgrade
openwepp-land-surface-energy exact_dyadic_enthalpy::tests::wire_schema_rejects_all_equivalent_noncanonical_forms
openwepp-land-surface-energy exact_dyadic_enthalpy::v56_tests::checked_exact_multiplication_covers_subnormal_overflow_and_resource_refusals
openwepp-land-surface-energy exact_dyadic_enthalpy::v56_tests::exact_multiply_rounding_cells_cover_even_odd_ties_and_carry
openwepp-land-surface-energy exact_dyadic_enthalpy::v56_tests::exact_product_and_difference_cover_sign_zero_and_frozen_vector
openwepp-land-surface-energy exact_dyadic_enthalpy::v56_tests::frozen_snow_enthalpy_frozen_vectors_retain_exact_high_and_carry
openwepp-land-surface-energy exact_dyadic_enthalpy::v56_tests::frozen_snow_enthalpy_rejects_nonfinite_and_nonfrozen_domains
openwepp-land-surface-energy forcing::tests::invalid_liquid_parcel_support_rejects
openwepp-land-surface-energy forcing::tests::non_full_liquid_parcel_support_is_admitted_exactly
openwepp-land-surface-energy identity::tests::cpython_exponent_portability_never_rewrites_strings
openwepp-land-surface-energy identity::tests::digest_rejects_uppercase_and_wrong_length
openwepp-land-surface-energy identity::tests::identities_reject_empty_values_during_deserialization
openwepp-land-surface-energy litter_phase::tests::canonical_phase_vapor_vectors_include_humid_empty_and_opposing_phases
openwepp-land-surface-energy litter_phase::tests::condensation_and_deposition_credit_only_their_named_phases
openwepp-land-surface-energy litter_phase::tests::exact_floor_and_larger_supports_apply_one_bounded_phase_operation
openwepp-land-surface-energy litter_phase::tests::freezing_is_bounded_by_liquid_water_equivalent_ice_capacity
openwepp-land-surface-energy litter_phase::tests::litter_phase_capacity_boundary_does_not_spill
openwepp-land-surface-energy litter_phase::tests::litter_phase_capacity_spill_rejects_transaction_support_receipt_substitution
openwepp-land-surface-energy litter_phase::tests::melt_created_litter_phase_capacity_spill_preserves_mass_and_enthalpy
openwepp-land-surface-energy litter_phase::tests::mixed_outbound_vapor_uses_separate_pools_and_ice_enthalpy
openwepp-land-surface-energy litter_phase::tests::model_definition_bytes_match_the_compiled_identity
openwepp-land-surface-energy litter_phase::tests::nonempty_exact_reference_temperature_has_zero_phase_transfer
openwepp-land-surface-energy litter_phase::tests::phase_closure_distinguishes_old_capacity_and_wrong_sign_mutants
openwepp-land-surface-energy litter_phase::tests::phase_free_energy_closure_rejects_phase_alias_vapor_only_and_producer_mutants
openwepp-land-surface-energy litter_phase::tests::receipt_round_trip_is_exact_and_tampering_fails_closed
openwepp-land-surface-energy litter_phase::tests::sub_floor_support_and_rho_i_capacity_fail_closed
openwepp-land-surface-energy litter_phase::tests::total_pool_vapor_cap_and_failed_candidate_are_rejected_without_mutation
openwepp-land-surface-energy litter_phase::tests::vector_artifact_retains_independent_constants_and_mutants
openwepp-land-surface-energy litter_phase::tests::warm_all_ice_melts_with_conservation_resolved_sign
openwepp-land-surface-energy m1_coupled_tests::m1_actual_candidate_current_norms_use_rounded_primitives_and_derived_beta_ci
openwepp-land-surface-energy m1_coupled_tests::m1_combined_support_and_raw_domain_guards_preserve_precedence
openwepp-land-surface-energy m1_coupled_tests::m1_complete_success_observes_real_evaluator_hydraulic_trial_materialization_work
openwepp-land-surface-energy m1_coupled_tests::m1_diagnostic_capture_fault_preserves_preflight_error
openwepp-land-surface-energy m1_coupled_tests::m1_diagnostic_envelope_binds_actual_topology_and_rejects_structural_poison_first
openwepp-land-surface-energy m1_coupled_tests::m1_diagnostic_observation_cancels_mismatch_and_rearm_is_a_new_generation
openwepp-land-surface-energy m1_coupled_tests::m1_early_incomplete_first_witness_keeps_real_later_strict_decrease_installable
openwepp-land-surface-energy m1_coupled_tests::m1_expected_red_controller_error_retains_actual_activity_through_source_conversion
openwepp-land-surface-energy m1_coupled_tests::m1_expected_red_first_domain_valid_halving_is_consumed_before_evaluation
openwepp-land-surface-energy m1_coupled_tests::m1_expected_red_latent_heat_nonfinite_precedes_finite_domain
openwepp-land-surface-energy m1_coupled_tests::m1_expected_red_nonfinite_current_residual_cannot_enable_no_update
openwepp-land-surface-energy m1_coupled_tests::m1_finite_unbounded_ci_remains_diagnostic_at_the_real_halved_seam
openwepp-land-surface-energy m1_coupled_tests::m1_first_domain_valid_halving_is_consumed_before_hydraulics
openwepp-land-surface-energy m1_coupled_tests::m1_first_halved_governed_and_ci_nonfinite_norms_refuse_no_update
openwepp-land-surface-energy m1_coupled_tests::m1_frozen_radiation_columns_and_all_four_gas_rows_bind_physical_outputs
openwepp-land-surface-energy m1_coupled_tests::m1_full_evaluation_failure_cannot_enable_halved_witness
openwepp-land-surface-energy m1_coupled_tests::m1_full_governed_excess_enables_only_first_complete_halved_witness
openwepp-land-surface-energy m1_coupled_tests::m1_full_witness_has_priority_without_halved_admission
openwepp-land-surface-energy m1_coupled_tests::m1_guard_accepted_output_has_no_diagnostic_jacobian
openwepp-land-surface-energy m1_coupled_tests::m1_guard_expected_red_accepted_materialization_does_not_rebuild_jacobian
openwepp-land-surface-energy m1_coupled_tests::m1_guard_expected_red_actual_materializer_rejects_published_and_accepted_state_poisons
openwepp-land-surface-energy m1_coupled_tests::m1_guard_expected_red_empty_positive_components_reject_external_supersaturation
openwepp-land-surface-energy m1_coupled_tests::m1_inactive_sun_rows_freeze_current_anchor_in_newton_system
openwepp-land-surface-energy m1_coupled_tests::m1_no_update_records_exact_b1_and_b2_cumulative_backtracking
openwepp-land-surface-energy m1_coupled_tests::m1_opt_in_diagnostic_observation_records_one_real_solve_and_then_drops
openwepp-land-surface-energy m1_coupled_tests::m1_opt_in_diagnostic_observation_retains_physical_preflight_error
openwepp-land-surface-energy m1_coupled_tests::m1_original_sixty_second_solve_has_original_geometry_active_cold_shade_and_real_closure
openwepp-land-surface-energy m1_coupled_tests::m1_phase_join_expected_red_binds_all_primal_rows_and_bounded_work
openwepp-land-surface-energy m1_coupled_tests::m1_phase_join_expected_red_fails_closed_without_mutation_or_backtracking
openwepp-land-surface-energy m1_coupled_tests::m1_phase_join_expected_red_rejects_nonfinite_and_final_set_mismatch_before_backtracking
openwepp-land-surface-energy m1_coupled_tests::m1_phase_join_expected_red_selects_directional_phase_and_capacity_controls
openwepp-land-surface-energy m1_coupled_tests::m1_positive_top_liquid_requires_explicit_finite_nonnegative_enthalpy
openwepp-land-surface-energy m1_coupled_tests::m1_postinstalled_beta_guard_prevents_materialization
openwepp-land-surface-energy m1_coupled_tests::m1_postinstalled_ci_guard_prevents_materialization
openwepp-land-surface-energy m1_coupled_tests::m1_postinstalled_passing_diagnostic_materializes
openwepp-land-surface-energy m1_coupled_tests::m1_prescribed_twenty_one_coordinate_physical_evaluator_has_all_fd_columns
openwepp-land-surface-energy m1_coupled_tests::m1_release_support_timing_observes_inner_solve_and_real_work
openwepp-land-surface-energy m1_coupled_tests::m1_runtime_observation_is_current_solve_only_without_external_reset
openwepp-land-surface-energy m1_coupled_tests::m1_structural_drainage_candidate_boundary_vectors_preserve_masked_current_expression
openwepp-land-surface-energy m1_coupled_tests::m1_structural_drainage_current_lu_exposes_coupled_nonzero_columns_for_each_effective_set
openwepp-land-surface-energy m1_coupled_tests::m1_structural_drainage_current_phase_controller_retains_real_tie_work_controls
openwepp-land-surface-energy m1_coupled_tests::m1_structural_drainage_effective_set_keeps_capacity_rows_in_f_with_distinct_solution
openwepp-land-surface-energy m1_coupled_tests::m1_structural_drainage_empty_effective_set_nan_pivot_keeps_generic_singular_failure
openwepp-land-surface-energy m1_coupled_tests::m1_structural_drainage_empty_effective_set_nan_rhs_keeps_nonfinite_result
openwepp-land-surface-energy m1_coupled_tests::m1_structural_drainage_expected_red_affine_pivot_is_checked_before_lu
openwepp-land-surface-energy m1_coupled_tests::m1_structural_drainage_expected_red_current_candidate_cancels_positive_drainage
openwepp-land-surface-energy m1_coupled_tests::m1_structural_drainage_expected_red_current_lu_rejects_affine_zero_direction
openwepp-land-surface-energy m1_coupled_tests::m1_structural_drainage_expected_red_reduced_norm_uses_f_not_full_a
openwepp-land-surface-energy m1_coupled_tests::m1_structural_drainage_expected_red_selected_assembly_integrity_refuses_before_old_lu
openwepp-land-surface-energy m1_coupled_tests::m1_structural_drainage_expected_red_valid_baseline_normalized_row_and_rhs_poison
openwepp-land-surface-energy m1_coupled_tests::m1_structural_drainage_expected_red_valid_baseline_single_field_integrity_poison
openwepp-land-surface-energy m1_coupled_tests::m1_structural_drainage_noneligible_capacity_branch_retains_solved_nonzero_release
openwepp-land-surface-energy m1_coupled_tests::m1_structural_drainage_reduced_overflow_is_typed_not_integrity
openwepp-land-surface-energy m1_coupled_tests::m1_structural_drainage_reduced_singular_is_numerical_not_integrity
openwepp-land-surface-energy m1_coupled_tests::m1_structural_drainage_selected_finite_full_norm_overflow_is_nonfinite_result
openwepp-land-surface-energy m1_coupled_tests::m1_structural_drainage_selected_infinite_normalized_diagonal_is_integrity_before_lu
openwepp-land-surface-energy m1_coupled_tests::m1_structural_drainage_selected_nan_coupling_or_retained_rhs_is_nonfinite_result
openwepp-land-surface-energy m1_coupled_tests::m1_structural_drainage_valid_affine_baseline_reaches_current_lu
openwepp-land-surface-energy m1_coupled_tests::m1_trust_region_active_bound_release_and_tie_follow_real_kkt_faces
openwepp-land-surface-energy m1_coupled_tests::m1_trust_region_drainage_bound_uses_current_plus_step_and_retains_both_columns
openwepp-land-surface-energy m1_coupled_tests::m1_trust_region_exact_bound_starts_move_only_inward_and_preserve_start
openwepp-land-surface-energy m1_coupled_tests::m1_trust_region_exact_frozen_merit_operation_controls
openwepp-land-surface-energy m1_coupled_tests::m1_trust_region_exact_jacobi_hypot_control
openwepp-land-surface-energy m1_coupled_tests::m1_trust_region_frozen_merit_and_degenerate_faces_are_numeric
openwepp-land-surface-energy m1_coupled_tests::m1_trust_region_jacobi_pair_order_and_singular_sort_are_observed
openwepp-land-surface-energy m1_coupled_tests::m1_trust_region_kkt_upper_sign_and_largest_violation_variants_are_observed
openwepp-land-surface-energy m1_coupled_tests::m1_trust_region_nonunit_weights_change_the_actual_subproblem
openwepp-land-surface-energy m1_coupled_tests::m1_trust_region_real_post_bisection_ball_guard_has_boundary_pass_and_fail
openwepp-land-surface-energy m1_coupled_tests::m1_trust_region_stage1_numeric_refusals_are_input_derived
openwepp-land-surface-energy m1_coupled_tests::m1_trust_region_subproblem_uses_raw_jacobian_not_scalar_damping
openwepp-land-surface-energy m1_coupled_tests::m1_trust_region_svd_overflow_controls_are_real_face_operations
openwepp-land-surface-energy m1_liquid_routing::tests::routing_has_exhaustive_reference_capture_and_terminal_lineage
openwepp-land-surface-energy m1_liquid_routing::tests::routing_preserves_contributions_and_converts_area_once
openwepp-land-surface-energy m1_liquid_routing::tests::routing_preserves_positive_second_drainage_lineage
openwepp-land-surface-energy m1_liquid_routing::tests::routing_refuses_nonliquid_source_enthalpy_overflow_and_unbound_area
openwepp-land-surface-energy m1_liquid_routing::tests::routing_rejects_finite_terminal_products_whose_aggregate_overflows
openwepp-land-surface-energy m1_zero_par_tests::m1_full_supply_hydraulics_rejects_nonfinite_and_invalid_branch_operands
openwepp-land-surface-energy m1_zero_par_tests::m1_internal_liquid_zero_par_rows_match_frozen_gas_controls
openwepp-land-surface-energy m1_zero_par_tests::m1_zero_par_leaf_rejects_every_nonfinite_gas_operand_with_saturation_code
openwepp-land-surface-energy m1_zero_par_tests::m1_zero_par_leaf_rejects_vpd_area_humidity_and_pressure_domain_poison
openwepp-land-surface-energy physics::tests::open_resistances_match_frozen_four_layer_vector
openwepp-land-surface-energy physics::tests::reciprocal_longwave_keeps_component_temperature_identity
openwepp-land-surface-energy physics::tests::shortwave_preserves_every_band_and_direction
openwepp-land-surface-energy physics::tests::signed_vapor_enthalpy_is_not_latent_only_or_unsigned
openwepp-land-surface-energy physics::tests::wind_floor_is_not_admitted
openwepp-land-surface-energy snow_accuracy_policy::tests::accounting_is_independent_and_invalid_never_passes
openwepp-land-surface-energy snow_accuracy_policy::tests::dimensional_policy_and_no_tightening
openwepp-land-surface-energy snow_accuracy_policy::tests::support_scope_restores_and_rejects_invalid
openwepp-land-surface-energy solver::covered_finite_difference_stencil_tests::beta_zero_and_one_select_only_the_unique_inward_probe
openwepp-land-surface-energy solver::covered_finite_difference_stencil_tests::centered_and_inward_formulas_are_exact_and_missing_probes_reject
openwepp-land-surface-energy solver::covered_finite_difference_stencil_tests::exact_phase_bound_outward_newton_direction_has_no_admitted_backtracking_factor
openwepp-land-surface-energy solver::covered_finite_difference_stencil_tests::exact_phase_minimum_uses_inward_probe_for_active_or_zero_area_coordinates
openwepp-land-surface-energy solver::covered_finite_difference_stencil_tests::interior_coordinate_retains_exact_centered_stencil
openwepp-land-surface-energy solver::covered_finite_difference_stencil_tests::outside_current_and_two_inadmissible_probes_fail_closed
openwepp-land-surface-energy solver::covered_halved_no_update_witness_tests::complete_residual_passing_full_and_later_domain_valid_poisons_refuse_the_witness
openwepp-land-surface-energy solver::covered_halved_no_update_witness_tests::each_full_witness_refusal_and_first_domain_valid_halving_admit_no_update
openwepp-land-surface-energy solver::covered_halved_no_update_witness_tests::each_governed_prospective_step_coordinate_poison_refuses_the_witness
openwepp-land-surface-energy solver::covered_halved_no_update_witness_tests::enclosing_preflight_does_not_skip_incomplete_or_failed_first_domain_valid_trial
openwepp-land-surface-energy solver::covered_halved_no_update_witness_tests::enclosing_preflight_skips_domain_invalid_trials_and_returns_first_complete_witness
openwepp-land-surface-energy solver::covered_halved_no_update_witness_tests::full_trial_threshold_excess_classification_requires_every_governed_step_finite
openwepp-land-surface-energy solver::inactive_component_temperature_anchor_tests::cold_canopy_zero_area_liquid_vapor_coordinates_stay_inside_phase_domain
openwepp-land-surface-energy solver::inactive_component_temperature_anchor_tests::warm_canopy_inactive_coordinates_preserve_the_canopy_temperature
openwepp-land-surface-energy solver::inactive_hydraulic_source_tests::inactive_source_requires_exact_zero_flow_demand_and_inactive_branch
openwepp-land-surface-energy solver::tests::alternate_warm_start_converges_to_same_accepted_state
openwepp-land-surface-energy solver::tests::covered_v8_block_matches_frozen_joint_solution
openwepp-land-surface-energy solver::tests::equality_is_cap_active
openwepp-land-surface-energy solver::tests::fixed_cap_rebuild_matches_independent_four_layer_vector
openwepp-land-surface-energy solver::tests::normalized_solver_rejects_increase_remaining_below_one
openwepp-land-surface-energy solver::tests::normalized_solver_rejects_stagnation_below_one
openwepp-land-surface-energy solver::tests::normalized_solver_uses_inward_jacobian_probe_at_closed_lower_bound
openwepp-land-surface-energy solver::tests::numerical_failure_debug_excludes_failed_iterate
openwepp-land-surface-energy solver::tests::open_failed_solution_reports_every_temperature_bound_hit
openwepp-land-surface-energy solver::tests::potential_and_final_do_not_mutate_beginning_problem
openwepp-land-surface-energy solver::tests::stage3_optical_boundary_receipt_is_band_directional_and_digest_bound
openwepp-land-surface-energy solver::tests::v10_and_v11_leaf_gas_match_frozen_dark_low_light_and_positive_vectors
openwepp-land-surface-energy solver_litter_open::tests::v3_open_litter_caps_are_phase_specific_and_invalid_inputs_reject
openwepp-land-surface-energy solver_litter_open::tests::v3_open_litter_equilibrium_uses_reference_air_and_named_phase_capacity
openwepp-land-surface-energy solver_litter_open::tests::v3_open_litter_near_exhaustion_probe_is_not_a_physical_candidate
openwepp-land-surface-energy solver_litter_open::tests::v3_open_litter_nonzero_flux_uses_independent_energy_and_mass_operands
openwepp-land-surface-energy solver_litter_open::tests::v3_open_litter_phase_ties_freeze_private_probes_only
openwepp-land-surface-energy solver_mechanism_audit::compact_cost::tests::compact_cost_accounting_and_off_neutrality
openwepp-land-surface-energy solver_mechanism_audit::compact_cost::tests::compact_cost_live_stale_order_and_overflow
openwepp-land-surface-energy solver_mechanism_audit::compact_cost::tests::compact_cost_rejects_clock_reversal_and_preserves_errors
openwepp-land-surface-energy solver_mechanism_audit::tests::compact_counts_and_errors_without_events
openwepp-land-surface-energy solver_mechanism_audit::tests::detail_bound_drop_and_overflow_are_visible
openwepp-land-surface-energy solver_mechanism_audit::tests::finish_rejects_open_lifecycle
openwepp-land-surface-energy solver_mechanism_audit::tests::map_token_from_another_thread_is_not_a_local_join
openwepp-land-surface-energy solver_mechanism_audit::tests::potential_and_final_solves_join_one_authentic_map
openwepp-land-surface-energy solver_mechanism_audit::tests::stale_tokens_scopes_and_joins_cannot_modify_a_new_session
openwepp-land-surface-energy solver_residual_corpus_capture::tests::actual_column_participation_is_bounded_and_reconciles_failures
openwepp-land-surface-energy solver_residual_corpus_capture::tests::bounds_and_session_ownership_fail_closed
openwepp-land-surface-energy solver_residual_corpus_capture::tests::corpus_wire_rejects_malformed_schema_and_empty_payload
openwepp-land-surface-energy solver_residual_corpus_capture::tests::float_wire_words_are_bit_exact_and_deterministic
openwepp-land-surface-energy solver_residual_corpus_capture::tests::live_finish_and_stale_drops_cannot_poison_a_new_session
openwepp-land-surface-energy solver_residual_corpus_capture::tests::malformed_and_nonfinite_float_words_fail_closed
openwepp-land-surface-energy solver_residual_corpus_capture::tests::observer_counter_overflow_fails_closed
openwepp-land-surface-energy solver_residual_corpus_capture::tests::participation_rejects_bad_buckets_counts_and_missing_columns
openwepp-land-surface-energy solver_stem_jacobian_tests::v33_oracle_selector_self_tests_precede_candidate_code
openwepp-land-surface-energy state::tests::canonical_state_projection_matches_old_value_bytes_for_low_transaction
openwepp-land-surface-energy state::tests::high_transaction_state_roundtrips_and_hashes_without_value_conversion
openwepp-land-surface-energy support::tests::decimal_and_hex_domains_are_closed
openwepp-land-surface-energy support::tests::exact_sixty_second_support_floor_rejects_one_tick_below_and_admits_stable_larger_support
openwepp-land-surface-energy support::tests::frozen_authority_receipt_digest_and_forgery_are_exact
openwepp-land-surface-energy transaction::native_v2_finalization_tests::native_v2_finalization_rejects_stale_reordered_duplicate_and_physical_poison
openwepp-land-surface-energy transaction::native_v2_finalization_tests::native_v2_finalization_retains_zero_and_nonzero_exact_carry_without_mutation
openwepp-land-surface-energy transaction::native_v2_finalization_tests::native_v2_finalization_separates_outer_and_second_child_soil_transactions
openwepp-land-surface-energy transaction::native_v2_finalization_tests::v1_wrapper_is_bitwise_identical_to_typed_v1_finalization
openwepp-land-surface-energy transaction::soil_thermal_v2_cutover_tests::composed_trial_binds_child_support_but_recomputes_from_original_beginning
openwepp-land-surface-energy transaction::soil_thermal_v2_cutover_tests::numerical_coordinate_projection_is_exact_private_and_fail_closed
openwepp-land-surface-energy transaction::soil_thermal_v2_cutover_tests::prepared_read_trial_and_receipt_free_seals_are_native_and_fail_closed
openwepp-land-surface-energy transaction::soil_thermal_v2_cutover_tests::receipt_free_serialization_has_no_adaptive_diagnostic_metadata
openwepp-land-surface-energy transaction::soil_thermal_v2_cutover_tests::top_layer_coordinate_projection_preserves_lower_layers_bit_exact
openwepp-land-surface-energy transaction::tests::accepted_v8_payload_rejects_pass_derived_and_identity_poisons
openwepp-land-surface-energy transaction::tests::accepted_v8_payload_validates_identity_state_carbon_and_root_daf
openwepp-land-surface-energy transaction::tests::condensation_receipt_binds_exact_surface_identity_temperature_and_enthalpy
openwepp-land-surface-energy transaction::tests::covered_phase_lineage_rejects_resealed_batch_identity
openwepp-land-surface-energy transaction::tests::ending_state_digest_binds_transaction_and_every_tile
openwepp-land-surface-energy transaction::tests::numerical_failure_errors_preserve_kind_diagnostics_and_rollback_lineage
openwepp-land-surface-energy transaction::tests::open_transaction_binds_frozen_vector_and_rebuilds_from_beginning
openwepp-land-surface-energy transaction::tests::post_ingress_carries_exact_enthalpy_to_surface_and_soil
openwepp-land-surface-energy transaction::tests::potential_request_batch_constructor_preserves_error_precedence
openwepp-land-surface-energy transaction::tests::rejected_covered_caps_distinguish_active_inactive_tie_and_request_order
openwepp-land-surface-energy transaction::tests::rejected_open_cap_diagnostics_distinguish_active_inactive_and_tie
openwepp-land-surface-energy transaction::tests::stale_potential_and_producer_residual_evasion_fail_closed
openwepp-land-surface-energy transaction::tests::v10_finalization_rejects_wrong_sealed_gas_branch_receipt
openwepp-land-surface-energy transaction::tests::v10_full_supply_requires_exact_amount_reason_and_identity
openwepp-land-surface-energy transaction_v3::covered_transaction_tests::aggregate_and_named_authorization_mismatch_fails_closed
openwepp-land-surface-energy transaction_v3::covered_transaction_tests::native_snow_shared_node_evaluates_constitutive_fluxes_independent_of_guess
openwepp-land-surface-energy transaction_v3::covered_transaction_tests::off_grid_support_rejects_before_any_v3_solve
openwepp-land-surface-energy transaction_v3::covered_transaction_tests::phase_free_v3_evaluation_admits_subfreezing_litter_without_legacy_liquid_domain
openwepp-land-surface-energy transaction_v3::covered_transaction_tests::potential_and_fixed_final_use_v3_and_return_the_accepted_evaluation
openwepp-land-surface-energy transaction_v3::covered_transaction_tests::successor_producer_binds_only_the_v3_covered_solver
openwepp-land-surface-energy transaction_v3_open::tests::v3_open_transaction_phase_custody_and_rejection
openwepp-land-surface-energy v3_state::tests::mixed_v2_v3_identity_fails_without_mutating_source
openwepp-land-surface-energy v3_state::tests::successor_constants_are_distinct_from_v2
openwepp-land-surface-energy v3_state::tests::v2_to_v3_migration_preserves_scientific_values_and_rebinds_identity
