warning: Git tree '/workdir/openWEPP' is dirty
    Checking openwepp-land-surface-energy v0.1.0 (/home/roger/openwepp-experiments/cold-canopy-m1-20260920/crates/openwepp-land-surface-energy)
error: binding's name is too similar to existing binding
   --> crates/openwepp-land-surface-energy/src/m1_liquid_routing.rs:267:9
    |
267 |     let captured =
    |         ^^^^^^^^
    |
note: existing binding defined here
   --> crates/openwepp-land-surface-energy/src/m1_liquid_routing.rs:265:5
    |
265 |     captures: &mut Vec<M1LiquidCapture>,
    |     ^^^^^^^^
    = help: for further information visit https://rust-lang.github.io/rust-clippy/master/index.html#similar_names
    = note: `-D clippy::similar-names` implied by `-D warnings`
    = help: to override `-D warnings` add `#[allow(clippy::similar_names)]`

error: long literal lacking separators
   --> crates/openwepp-land-surface-energy/src/litter_phase_tests.rs:229:65
    |
229 |         post_vapor_ice.min(2.0 * (920.0 * 2106.0 * 0.04 * 5.0 / 333700.0_f64).min(post_vapor_ice));
    |                                                                 ^^^^^^^^^^^^ help: consider: `333_700.0_f64`
    |
    = help: for further information visit https://rust-lang.github.io/rust-clippy/master/index.html#unreadable_literal
    = note: `-D clippy::unreadable-literal` implied by `-D warnings`
    = help: to override `-D warnings` add `#[allow(clippy::unreadable_literal)]`

error: long literal lacking separators
   --> crates/openwepp-land-surface-energy/src/litter_phase_tests.rs:232:62
    |
232 |     assert!((candidate.receipt.transfer.fusion_energy_j_m2 + 333700.0 * melted).abs() < 1e-8);
    |                                                              ^^^^^^^^ help: consider: `333_700.0`
    |
    = help: for further information visit https://rust-lang.github.io/rust-clippy/master/index.html#unreadable_literal

error: long literal lacking separators
   --> crates/openwepp-land-surface-energy/src/solver_litter_open.rs:311:77
    |
311 |                 * crate::physics::saturation_specific_humidity(temperature, 101325.0).unwrap()
    |                                                                             ^^^^^^^^ help: consider: `101_325.0`
    |
    = help: for further information visit https://rust-lang.github.io/rust-clippy/master/index.html#unreadable_literal

error: long literal lacking separators
   --> crates/openwepp-land-surface-energy/src/solver_litter_open.rs:334:30
    |
334 |             air_pressure_pa: 101325.0,
    |                              ^^^^^^^^ help: consider: `101_325.0`
    |
    = help: for further information visit https://rust-lang.github.io/rust-clippy/master/index.html#unreadable_literal

error: long literal lacking separators
   --> crates/openwepp-land-surface-energy/src/solver_litter_open.rs:336:49
    |
336 |             atmospheric_downward_longwave_w_m2: 5.670374419e-8 * temperature.powi(4),
    |                                                 ^^^^^^^^^^^^^^ help: consider: `5.670_374_419e-8`
    |
    = help: for further information visit https://rust-lang.github.io/rust-clippy/master/index.html#unreadable_literal

error: long literal lacking separators
   --> crates/openwepp-land-surface-energy/src/solver_litter_open.rs:345:39
    |
345 |                 heat_capacity_j_m2_k: 120000.0,
    |                                       ^^^^^^^^ help: consider: `120_000.0`
    |
    = help: for further information visit https://rust-lang.github.io/rust-clippy/master/index.html#unreadable_literal

error: long literal lacking separators
   --> crates/openwepp-land-surface-energy/src/solver_litter_open.rs:522:70
    |
522 |         let radiation = problem.atmospheric_downward_longwave_w_m2 - 5.670374419e-8 * t.powi(4);
    |                                                                      ^^^^^^^^^^^^^^ help: consider: `5.670_374_419e-8`
    |
    = help: for further information visit https://rust-lang.github.io/rust-clippy/master/index.html#unreadable_literal

error: long literal lacking separators
   --> crates/openwepp-land-surface-energy/src/solver_litter_open.rs:531:48
    |
531 |         let ql = ml * (4218.0 * (t - 273.15) + 2501000.0 - 2369.0 * (t - 273.15));
    |                                                ^^^^^^^^^ help: consider: `2_501_000.0`
    |
    = help: for further information visit https://rust-lang.github.io/rust-clippy/master/index.html#unreadable_literal

error: long literal lacking separators
   --> crates/openwepp-land-surface-energy/src/solver_litter_open.rs:532:48
    |
532 |         let qi = mi * (2106.0 * (t - 273.15) + 2501000.0 - 2369.0 * (t - 273.15) + 333700.0);
    |                                                ^^^^^^^^^ help: consider: `2_501_000.0`
    |
    = help: for further information visit https://rust-lang.github.io/rust-clippy/master/index.html#unreadable_literal

error: long literal lacking separators
   --> crates/openwepp-land-surface-energy/src/solver_litter_open.rs:532:84
    |
532 |         let qi = mi * (2106.0 * (t - 273.15) + 2501000.0 - 2369.0 * (t - 273.15) + 333700.0);
    |                                                                                    ^^^^^^^^ help: consider: `333_700.0`
    |
    = help: for further information visit https://rust-lang.github.io/rust-clippy/master/index.html#unreadable_literal

error: long literal lacking separators
   --> crates/openwepp-land-surface-energy/src/solver_litter_open.rs:548:27
    |
548 |         let soil_energy = 120000.0 * (soil_t - problem.soil_nodes[0].beginning_temperature_k);
    |                           ^^^^^^^^ help: consider: `120_000.0`
    |
    = help: for further information visit https://rust-lang.github.io/rust-clippy/master/index.html#unreadable_literal

error: 5 bindings with single-character names in scope
   --> crates/openwepp-land-surface-energy/src/transaction_v3_tests.rs:641:13
    |
641 |     let mut c = column();
    |             ^
642 |     c.top_rain_kg_m2_tile = 2.0;
643 |     let o = &mut c.occupancies[0];
    |         ^
...
653 |     let f = transparent_test_forcing(&c, vec![(2.0, 280.0)]);
    |         ^
...
657 |     let mut x = initial_trial();
    |             ^
658 |     x[8] = 300.0;
659 |     let r = crate::evaluate_covered_occupancy_block(
    |         ^
    |
    = help: for further information visit https://rust-lang.github.io/rust-clippy/master/index.html#many_single_char_names
    = note: `-D clippy::many-single-char-names` implied by `-D warnings`
    = help: to override `-D warnings` add `#[allow(clippy::many_single_char_names)]`

error: 5 bindings with single-character names in scope
   --> crates/openwepp-land-surface-energy/src/transaction_v3_tests.rs:726:13
    |
726 |     let mut c = column();
    |             ^
...
729 |     let mut o = c.occupancies[0].clone();
    |             ^
...
846 |     let mut x = initial_trial()[..10].to_vec();
    |             ^
...
861 |         let l = &o.liquid;
    |             ^
862 |         let m = l.stemflow_kg_m2_tile
    |             ^
    |
    = help: for further information visit https://rust-lang.github.io/rust-clippy/master/index.html#many_single_char_names

error: 6 bindings with single-character names in scope
   --> crates/openwepp-land-surface-energy/src/transaction_v3_tests.rs:726:13
    |
726 |     let mut c = column();
    |             ^
...
729 |     let mut o = c.occupancies[0].clone();
    |             ^
...
846 |     let mut x = initial_trial()[..10].to_vec();
    |             ^
...
879 |     let n = 64.0 * (2.0 + 4.0 * 2.0 + 8.0);
    |         ^
...
886 |     let p = crate::evaluate_covered_column(&c, &perturbed, None, None).unwrap();
    |         ^
...
898 |         let crate::CoveredColumnSolveOutcome::Accepted(a) = ordinary else {
    |                                                        ^
    |
    = help: for further information visit https://rust-lang.github.io/rust-clippy/master/index.html#many_single_char_names

error: 5 bindings with single-character names in scope
   --> crates/openwepp-land-surface-energy/src/transaction_v3_tests.rs:726:13
    |
726 |     let mut c = column();
    |             ^
...
729 |     let mut o = c.occupancies[0].clone();
    |             ^
...
846 |     let mut x = initial_trial()[..10].to_vec();
    |             ^
...
879 |     let n = 64.0 * (2.0 + 4.0 * 2.0 + 8.0);
    |         ^
...
886 |     let p = crate::evaluate_covered_column(&c, &perturbed, None, None).unwrap();
    |         ^
    |
    = help: for further information visit https://rust-lang.github.io/rust-clippy/master/index.html#many_single_char_names

error: long literal lacking separators
   --> crates/openwepp-land-surface-energy/src/transaction_v3_tests.rs:937:29
    |
937 |     c.top_rain_kg_m2_tile = 9.400473273461845e-8;
    |                             ^^^^^^^^^^^^^^^^^^^^ help: consider: `9.400_473_273_461_845e-8`
    |
    = help: for further information visit https://rust-lang.github.io/rust-clippy/master/index.html#unreadable_literal

error: long literal lacking separators
   --> crates/openwepp-land-surface-energy/src/transaction_v3_tests.rs:946:71
    |
946 |     let f = transparent_test_forcing(&c, vec![(c.top_rain_kg_m2_tile, 265.28179297231515)]);
    |                                                                       ^^^^^^^^^^^^^^^^^^ help: consider: `265.281_792_972_315_15`
    |
    = help: for further information visit https://rust-lang.github.io/rust-clippy/master/index.html#unreadable_literal

error: long literal lacking separators
   --> crates/openwepp-land-surface-energy/src/transaction_v3_tests.rs:967:54
    |
967 |         assert_eq!(ledger.wet_surface_temperature_k, 265.28179297231515);
    |                                                      ^^^^^^^^^^^^^^^^^^ help: consider: `265.281_792_972_315_15`
    |
    = help: for further information visit https://rust-lang.github.io/rust-clippy/master/index.html#unreadable_literal

error: long literal lacking separators
   --> crates/openwepp-land-surface-energy/src/transaction_v3_tests.rs:977:71
    |
977 |             crate::covered_liquid::finalize_covered_liquid(prep, 0.0, 265.28179297231515, pass)
    |                                                                       ^^^^^^^^^^^^^^^^^^ help: consider: `265.281_792_972_315_15`
    |
    = help: for further information visit https://rust-lang.github.io/rust-clippy/master/index.html#unreadable_literal

error: long literal lacking separators
   --> crates/openwepp-land-surface-energy/src/transaction_v3_tests.rs:997:53
    |
997 |     let f = transparent_test_forcing(&c, vec![(2.0, 265.28179297231515)]);
    |                                                     ^^^^^^^^^^^^^^^^^^ help: consider: `265.281_792_972_315_15`
    |
    = help: for further information visit https://rust-lang.github.io/rust-clippy/master/index.html#unreadable_literal

error: long literal lacking separators
    --> crates/openwepp-land-surface-energy/src/m1_coupled_tests.rs:2287:32
     |
2287 |     for canopy_temperature in [266.85496453757526, 273.15, 280.0] {
     |                                ^^^^^^^^^^^^^^^^^^ help: consider: `266.854_964_537_575_26`
     |
     = help: for further information visit https://rust-lang.github.io/rust-clippy/master/index.html#unreadable_literal

error: 5 bindings with single-character names in scope
    --> crates/openwepp-land-surface-energy/src/m1_trust_region_stage1.rs:6482:18
     |
6482 |         let (mut p, mut s) = refinement_dot2_two_product(terms[0], weights[0], &mut counters)?;
     |                  ^      ^
...
6485 |             let (h, r) = refinement_dot2_two_product(terms[index], weights[index], &mut counters)?;
     |                  ^  ^
6486 |             let (next_p, q) = refinement_dot2_two_sum(p, h, &mut counters)?;
     |                          ^
     |
     = help: for further information visit https://rust-lang.github.io/rust-clippy/master/index.html#many_single_char_names

error: long literal lacking separators
   --> crates/openwepp-land-surface-energy/src/transaction_v3_open.rs:254:75
    |
254 |                 0.3 * crate::physics::saturation_specific_humidity(285.0, 101325.0).unwrap();
    |                                                                           ^^^^^^^^ help: consider: `101_325.0`
    |
    = help: for further information visit https://rust-lang.github.io/rust-clippy/master/index.html#unreadable_literal

error: long literal lacking separators
   --> crates/openwepp-land-surface-energy/src/transaction_v3_open.rs:289:51
    |
289 |                         enthalpy_j_m2_ofe_ground: 120000.0 * (285.0 - 273.15),
    |                                                   ^^^^^^^^ help: consider: `120_000.0`
    |
    = help: for further information visit https://rust-lang.github.io/rust-clippy/master/index.html#unreadable_literal

error: long literal lacking separators
   --> crates/openwepp-land-surface-energy/src/transaction_v3_open.rs:343:30
    |
343 |         problem.interval_s = 59.999999999;
    |                              ^^^^^^^^^^^^ help: consider: `59.999_999_999`
    |
    = help: for further information visit https://rust-lang.github.io/rust-clippy/master/index.html#unreadable_literal

error: unused variable: `iteration`
    --> crates/openwepp-land-surface-energy/src/solver_covered_evaluation/m1_coupled.rs:3251:5
     |
3251 |     iteration: u32,
     |     ^^^^^^^^^ help: if this is intentional, prefix it with an underscore: `_iteration`
     |
     = note: `-D unused-variables` implied by `-D warnings`
     = help: to override `-D warnings` add `#[allow(unused_variables)]`

error: unused variable: `corrected_assembly`
    --> crates/openwepp-land-surface-energy/src/solver_covered_evaluation/m1_coupled.rs:3252:5
     |
3252 |     corrected_assembly: bool,
     |     ^^^^^^^^^^^^^^^^^^ help: if this is intentional, prefix it with an underscore: `_corrected_assembly`

error: unused variable: `error`
    --> crates/openwepp-land-surface-energy/src/solver_covered_evaluation/m1_coupled.rs:4997:21
     |
4997 |                 Err(error) => {
     |                     ^^^^^ help: if this is intentional, prefix it with an underscore: `_error`

error: unused variable: `error`
    --> crates/openwepp-land-surface-energy/src/solver_covered_evaluation/m1_coupled.rs:5046:21
     |
5046 |                 Err(error) => {
     |                     ^^^^^ help: if this is intentional, prefix it with an underscore: `_error`

error: field `linear_dimension` is never read
    --> crates/openwepp-land-surface-energy/src/solver_covered_evaluation/m1_coupled.rs:3068:5
     |
3048 | pub struct M1PhaseJoinControllerReport {
     |            --------------------------- field in this struct
...
3068 |     linear_dimension: usize,
     |     ^^^^^^^^^^^^^^^^
     |
     = note: `M1PhaseJoinControllerReport` has a derived impl for the trait `Clone`, but this is intentionally ignored during dead code analysis
     = note: `-D dead-code` implied by `-D warnings`
     = help: to override `-D warnings` add `#[expect(dead_code)]` or `#[allow(dead_code)]`

error: redundant closure
   --> crates/openwepp-land-surface-energy/src/covered_liquid.rs:217:65
    |
217 |     let temperature = proof.map_or(numerical_wet_temperature_k, |p| p.release_temperature_k());
    |                                                                 ^^^^^^^^^^^^^^^^^^^^^^^^^^^^^ help: replace the closure with the method itself: `super::transparent_canopy::TransparentCanopyPassageProofV1::release_temperature_k`
    |
    = help: for further information visit https://rust-lang.github.io/rust-clippy/master/index.html#redundant_closure_for_method_calls
    = note: `-D clippy::redundant-closure-for-method-calls` implied by `-D warnings`
    = help: to override `-D warnings` add `#[allow(clippy::redundant_closure_for_method_calls)]`

error: docs for function returning `Result` missing `# Errors` section
  --> crates/openwepp-land-surface-energy/src/m1_liquid_routing.rs:31:5
   |
31 | /     pub fn new(
32 | |         upper: M1RoutingOccupancyInput,
33 | |         lower: M1RoutingOccupancyInput,
34 | |         tile_fraction: f64,
35 | |     ) -> Result<Self, LandSurfaceEnergyError> {
   | |_____________________________________________^
   |
   = help: for further information visit https://rust-lang.github.io/rust-clippy/master/index.html#missing_errors_doc
   = note: `-D clippy::missing-errors-doc` implied by `-D warnings`
   = help: to override `-D warnings` add `#[allow(clippy::missing_errors_doc)]`

error: docs for function returning `Result` missing `# Errors` section
   --> crates/openwepp-land-surface-energy/src/m1_liquid_routing.rs:132:1
    |
132 | / pub fn m1_liquid_interception_fraction(
133 | |     plant_area_m2_m2_tile: f64,
134 | |     interception_fraction: f64,
135 | | ) -> Result<f64, LandSurfaceEnergyError> {
    | |________________________________________^
    |
    = help: for further information visit https://rust-lang.github.io/rust-clippy/master/index.html#missing_errors_doc

error: docs for function returning `Result` missing `# Errors` section
   --> crates/openwepp-land-surface-energy/src/m1_liquid_routing.rs:318:1
    |
318 | / pub fn route_m1_column_liquid(
319 | |     input: &M1ColumnLiquidRoutingInput,
320 | | ) -> Result<M1ColumnLiquidRouting, LandSurfaceEnergyError> {
    | |__________________________________________________________^
    |
    = help: for further information visit https://rust-lang.github.io/rust-clippy/master/index.html#missing_errors_doc

error: this function has too many lines (114/100)
   --> crates/openwepp-land-surface-energy/src/m1_liquid_routing.rs:318:1
    |
318 | / pub fn route_m1_column_liquid(
319 | |     input: &M1ColumnLiquidRoutingInput,
320 | | ) -> Result<M1ColumnLiquidRouting, LandSurfaceEnergyError> {
    | |__________________________________________________________^
    |
    = help: for further information visit https://rust-lang.github.io/rust-clippy/master/index.html#too_many_lines
    = note: `-D clippy::too-many-lines` implied by `-D warnings`
    = help: to override `-D warnings` add `#[allow(clippy::too_many_lines)]`

error: the `Err`-variant returned from this function is very large
   --> crates/openwepp-land-surface-energy/src/solver_covered_evaluation/m1_hydraulics.rs:21:6
    |
 21 | ) -> Result<M1FullSupplyHydraulics, M1CoupledError> {
    |      ^^^^^^^^^^^^^^^^^^^^^^^^^^^^^^^^^^^^^^^^^^^^^^
    |
   ::: crates/openwepp-land-surface-energy/src/solver_covered_evaluation.rs:784:5
    |
784 |     Numerical(crate::numerics::NumericalFailure),
    |     -------------------------------------------- the largest variant contains at least 248 bytes
    |
    = help: try reducing the size of `solver::M1CoupledError`, for example by boxing large elements or replacing it with `Box<solver::M1CoupledError>`
    = help: for further information visit https://rust-lang.github.io/rust-clippy/master/index.html#result_large_err
    = note: `-D clippy::result-large-err` implied by `-D warnings`
    = help: to override `-D warnings` add `#[allow(clippy::result_large_err)]`

error: usage of wildcard import
 --> crates/openwepp-land-surface-energy/src/solver_covered_evaluation/m1_coupled.rs:3:5
  |
3 | use super::*;
  |     ^^^^^^^^ help: try: `super::{Digest, CoveredColumnInputs, M1CoupledError, LandSurfaceEnergyError, CoveredColumnAuthority, validate_covered_shortwave_inputs, M1ZeroParLeafState, m1_zero_par_leaf_state, inactive_component_temperature_anchor_k, StepNorms, solve_m1_full_supply_hydraulics, NormalizedResidual, ResidualUnit}`
  |
  = help: for further information visit https://rust-lang.github.io/rust-clippy/master/index.html#wildcard_imports
  = note: `-D clippy::wildcard-imports` implied by `-D warnings`
  = help: to override `-D warnings` add `#[allow(clippy::wildcard_imports)]`

error: the `Err`-variant returned from this function is very large
   --> crates/openwepp-land-surface-energy/src/solver_covered_evaluation/m1_coupled.rs:599:10
    |
599 |     ) -> Result<Self, M1CoupledError> {
    |          ^^^^^^^^^^^^^^^^^^^^^^^^^^^^
    |
   ::: crates/openwepp-land-surface-energy/src/solver_covered_evaluation.rs:784:5
    |
784 |     Numerical(crate::numerics::NumericalFailure),
    |     -------------------------------------------- the largest variant contains at least 248 bytes
    |
    = help: try reducing the size of `solver::M1CoupledError`, for example by boxing large elements or replacing it with `Box<solver::M1CoupledError>`
    = help: for further information visit https://rust-lang.github.io/rust-clippy/master/index.html#result_large_err

error: this function has a `#[must_use]` attribute with no message, but returns a type already marked as `#[must_use]`
   --> crates/openwepp-land-surface-energy/src/solver_covered_evaluation/m1_coupled.rs:688:5
    |
688 |     pub fn jacobian(&self) -> Result<&[Vec<f64>], M1CoupledError> {
    |     ^^^^^^^^^^^^^^^^^^^^^^^^^^^^^^^^^^^^^^^^^^^^^^^^^^^^^^^^^^^^^
    |
    = help: either add some descriptive message or remove the attribute
    = help: for further information visit https://rust-lang.github.io/rust-clippy/master/index.html#double_must_use
    = note: `-D clippy::double-must-use` implied by `-D warnings`
    = help: to override `-D warnings` add `#[allow(clippy::double_must_use)]`

error: the `Err`-variant returned from this function is very large
   --> crates/openwepp-land-surface-energy/src/solver_covered_evaluation/m1_coupled.rs:688:31
    |
688 |     pub fn jacobian(&self) -> Result<&[Vec<f64>], M1CoupledError> {
    |                               ^^^^^^^^^^^^^^^^^^^^^^^^^^^^^^^^^^^
    |
   ::: crates/openwepp-land-surface-energy/src/solver_covered_evaluation.rs:784:5
    |
784 |     Numerical(crate::numerics::NumericalFailure),
    |     -------------------------------------------- the largest variant contains at least 248 bytes
    |
    = help: try reducing the size of `solver::M1CoupledError`, for example by boxing large elements or replacing it with `Box<solver::M1CoupledError>`
    = help: for further information visit https://rust-lang.github.io/rust-clippy/master/index.html#result_large_err

error: this function has a `#[must_use]` attribute with no message, but returns a type already marked as `#[must_use]`
   --> crates/openwepp-land-surface-energy/src/solver_covered_evaluation/m1_coupled.rs:694:5
    |
694 |     pub fn jacobian_column(&self, index: usize) -> Result<Vec<f64>, M1CoupledError> {
    |     ^^^^^^^^^^^^^^^^^^^^^^^^^^^^^^^^^^^^^^^^^^^^^^^^^^^^^^^^^^^^^^^^^^^^^^^^^^^^^^^
    |
    = help: either add some descriptive message or remove the attribute
    = help: for further information visit https://rust-lang.github.io/rust-clippy/master/index.html#double_must_use

error: the `Err`-variant returned from this function is very large
   --> crates/openwepp-land-surface-energy/src/solver_covered_evaluation/m1_coupled.rs:694:52
    |
694 |     pub fn jacobian_column(&self, index: usize) -> Result<Vec<f64>, M1CoupledError> {
    |                                                    ^^^^^^^^^^^^^^^^^^^^^^^^^^^^^^^^
    |
   ::: crates/openwepp-land-surface-energy/src/solver_covered_evaluation.rs:784:5
    |
784 |     Numerical(crate::numerics::NumericalFailure),
    |     -------------------------------------------- the largest variant contains at least 248 bytes
    |
    = help: try reducing the size of `solver::M1CoupledError`, for example by boxing large elements or replacing it with `Box<solver::M1CoupledError>`
    = help: for further information visit https://rust-lang.github.io/rust-clippy/master/index.html#result_large_err

error: the `Err`-variant returned from this function is very large
   --> crates/openwepp-land-surface-energy/src/solver_covered_evaluation/m1_coupled.rs:718:42
    |
718 |     pub fn occupancy(&self, id: &str) -> Result<&M1OccupancyEvaluation, M1CoupledError> {
    |                                          ^^^^^^^^^^^^^^^^^^^^^^^^^^^^^^^^^^^^^^^^^^^^^^
    |
   ::: crates/openwepp-land-surface-energy/src/solver_covered_evaluation.rs:784:5
    |
784 |     Numerical(crate::numerics::NumericalFailure),
    |     -------------------------------------------- the largest variant contains at least 248 bytes
    |
    = help: try reducing the size of `solver::M1CoupledError`, for example by boxing large elements or replacing it with `Box<solver::M1CoupledError>`
    = help: for further information visit https://rust-lang.github.io/rust-clippy/master/index.html#result_large_err

error: the `Err`-variant returned from this function is very large
   --> crates/openwepp-land-surface-energy/src/solver_covered_evaluation/m1_coupled.rs:741:6
    |
741 | ) -> Result<(), M1CoupledError> {
    |      ^^^^^^^^^^^^^^^^^^^^^^^^^^
    |
   ::: crates/openwepp-land-surface-energy/src/solver_covered_evaluation.rs:784:5
    |
784 |     Numerical(crate::numerics::NumericalFailure),
    |     -------------------------------------------- the largest variant contains at least 248 bytes
    |
    = help: try reducing the size of `solver::M1CoupledError`, for example by boxing large elements or replacing it with `Box<solver::M1CoupledError>`
    = help: for further information visit https://rust-lang.github.io/rust-clippy/master/index.html#result_large_err

error: the use of negated comparison operators on partially ordered types produces code that is hard to read and refactor, please consider using the `partial_cmp` method instead, to make it clear that the two values could be incomparable
   --> crates/openwepp-land-surface-energy/src/solver_covered_evaluation/m1_coupled.rs:820:12
    |
820 |         if !(trial.coordinates[base + 3] > 0.0)
    |            ^^^^^^^^^^^^^^^^^^^^^^^^^^^^^^^^^^^^
    |
    = help: for further information visit https://rust-lang.github.io/rust-clippy/master/index.html#neg_cmp_op_on_partial_ord
    = note: `-D clippy::neg-cmp-op-on-partial-ord` implied by `-D warnings`
    = help: to override `-D warnings` add `#[allow(clippy::neg_cmp_op_on_partial_ord)]`

error: the `Err`-variant returned from this function is very large
   --> crates/openwepp-land-surface-energy/src/solver_covered_evaluation/m1_coupled.rs:899:6
    |
899 | ) -> Result<(), M1CoupledError> {
    |      ^^^^^^^^^^^^^^^^^^^^^^^^^^
    |
   ::: crates/openwepp-land-surface-energy/src/solver_covered_evaluation.rs:784:5
    |
784 |     Numerical(crate::numerics::NumericalFailure),
    |     -------------------------------------------- the largest variant contains at least 248 bytes
    |
    = help: try reducing the size of `solver::M1CoupledError`, for example by boxing large elements or replacing it with `Box<solver::M1CoupledError>`
    = help: for further information visit https://rust-lang.github.io/rust-clippy/master/index.html#result_large_err

error: unnecessary closure used to substitute value for `Option::None`
   --> crates/openwepp-land-surface-energy/src/solver_covered_evaluation/m1_coupled.rs:935:20
    |
935 |       let boundary = input
    |  ____________________^
936 | |         .column
937 | |         .stage3_lower_boundary
938 | |         .as_ref()
939 | |         .ok_or_else(|| LandSurfaceEnergyError::UnsupportedDomain("m1_diagnostic_envelope"))?;
    | |___________________________________________________________________________________________^
    |
    = help: for further information visit https://rust-lang.github.io/rust-clippy/master/index.html#unnecessary_lazy_evaluations
    = note: `-D clippy::unnecessary-lazy-evaluations` implied by `-D warnings`
    = help: to override `-D warnings` add `#[allow(clippy::unnecessary_lazy_evaluations)]`
help: use `ok_or` instead
    |
939 -         .ok_or_else(|| LandSurfaceEnergyError::UnsupportedDomain("m1_diagnostic_envelope"))?;
939 +         .ok_or(LandSurfaceEnergyError::UnsupportedDomain("m1_diagnostic_envelope"))?;
    |

error: unnecessary closure used to substitute value for `Option::None`
   --> crates/openwepp-land-surface-energy/src/solver_covered_evaluation/m1_coupled.rs:941:19
    |
941 |       let optical = input
    |  ___________________^
942 | |         .column
943 | |         .stage3_optical
944 | |         .as_ref()
945 | |         .ok_or_else(|| LandSurfaceEnergyError::UnsupportedDomain("m1_diagnostic_envelope"))?;
    | |___________________________________________________________________________________________^
    |
    = help: for further information visit https://rust-lang.github.io/rust-clippy/master/index.html#unnecessary_lazy_evaluations
help: use `ok_or` instead
    |
945 -         .ok_or_else(|| LandSurfaceEnergyError::UnsupportedDomain("m1_diagnostic_envelope"))?;
945 +         .ok_or(LandSurfaceEnergyError::UnsupportedDomain("m1_diagnostic_envelope"))?;
    |

error: casting `f64` to `u128` may truncate the value
   --> crates/openwepp-land-surface-energy/src/solver_covered_evaluation/m1_coupled.rs:985:27
    |
985 |             requested_ns: (input.column.interval_s * 1_000_000_000.0) as u128,
    |                           ^^^^^^^^^^^^^^^^^^^^^^^^^^^^^^^^^^^^^^^^^^^^^^^^^^^
    |
    = help: if this is intentional allow the lint with `#[allow(clippy::cast_possible_truncation)]` ...
    = help: for further information visit https://rust-lang.github.io/rust-clippy/master/index.html#cast_possible_truncation
    = note: `-D clippy::cast-possible-truncation` implied by `-D warnings`
    = help: to override `-D warnings` add `#[allow(clippy::cast_possible_truncation)]`

error: casting `f64` to `u128` may lose the sign of the value
   --> crates/openwepp-land-surface-energy/src/solver_covered_evaluation/m1_coupled.rs:985:27
    |
985 |             requested_ns: (input.column.interval_s * 1_000_000_000.0) as u128,
    |                           ^^^^^^^^^^^^^^^^^^^^^^^^^^^^^^^^^^^^^^^^^^^^^^^^^^^
    |
    = help: for further information visit https://rust-lang.github.io/rust-clippy/master/index.html#cast_sign_loss
    = note: `-D clippy::cast-sign-loss` implied by `-D warnings`
    = help: to override `-D warnings` add `#[allow(clippy::cast_sign_loss)]`

error: the `Err`-variant returned from this function is very large
    --> crates/openwepp-land-surface-energy/src/solver_covered_evaluation/m1_coupled.rs:1101:6
     |
1101 | ) -> Result<(Option<f64>, f64, f64), M1CoupledError> {
     |      ^^^^^^^^^^^^^^^^^^^^^^^^^^^^^^^^^^^^^^^^^^^^^^^
     |
    ::: crates/openwepp-land-surface-energy/src/solver_covered_evaluation.rs:784:5
     |
 784 |     Numerical(crate::numerics::NumericalFailure),
     |     -------------------------------------------- the largest variant contains at least 248 bytes
     |
     = help: try reducing the size of `solver::M1CoupledError`, for example by boxing large elements or replacing it with `Box<solver::M1CoupledError>`
     = help: for further information visit https://rust-lang.github.io/rust-clippy/master/index.html#result_large_err

error: the `Err`-variant returned from this function is very large
    --> crates/openwepp-land-surface-energy/src/solver_covered_evaluation/m1_coupled.rs:1124:6
     |
1124 | ) -> Result<Core, M1CoupledError> {
     |      ^^^^^^^^^^^^^^^^^^^^^^^^^^^^
     |
    ::: crates/openwepp-land-surface-energy/src/solver_covered_evaluation.rs:784:5
     |
 784 |     Numerical(crate::numerics::NumericalFailure),
     |     -------------------------------------------- the largest variant contains at least 248 bytes
     |
     = help: try reducing the size of `solver::M1CoupledError`, for example by boxing large elements or replacing it with `Box<solver::M1CoupledError>`
     = help: for further information visit https://rust-lang.github.io/rust-clippy/master/index.html#result_large_err

error: unnecessary closure used to substitute value for `Option::None`
    --> crates/openwepp-land-surface-energy/src/solver_covered_evaluation/m1_coupled.rs:1136:20
     |
1136 |       let boundary = column
     |  ____________________^
1137 | |         .stage3_lower_boundary
1138 | |         .as_ref()
1139 | |         .ok_or_else(|| LandSurfaceEnergyError::UnsupportedDomain("m1_diagnostic_envelope"))?;
     | |___________________________________________________________________________________________^
     |
     = help: for further information visit https://rust-lang.github.io/rust-clippy/master/index.html#unnecessary_lazy_evaluations
help: use `ok_or` instead
     |
1139 -         .ok_or_else(|| LandSurfaceEnergyError::UnsupportedDomain("m1_diagnostic_envelope"))?;
1139 +         .ok_or(LandSurfaceEnergyError::UnsupportedDomain("m1_diagnostic_envelope"))?;
     |

error: the `Err`-variant returned from this function is very large
    --> crates/openwepp-land-surface-energy/src/solver_covered_evaluation/m1_coupled.rs:1928:6
     |
1928 | ) -> Result<(), M1CoupledError> {
     |      ^^^^^^^^^^^^^^^^^^^^^^^^^^
     |
    ::: crates/openwepp-land-surface-energy/src/solver_covered_evaluation.rs:784:5
     |
 784 |     Numerical(crate::numerics::NumericalFailure),
     |     -------------------------------------------- the largest variant contains at least 248 bytes
     |
     = help: try reducing the size of `solver::M1CoupledError`, for example by boxing large elements or replacing it with `Box<solver::M1CoupledError>`
     = help: for further information visit https://rust-lang.github.io/rust-clippy/master/index.html#result_large_err

error: the `Err`-variant returned from this function is very large
    --> crates/openwepp-land-surface-energy/src/solver_covered_evaluation/m1_coupled.rs:1988:6
     |
1988 | ) -> Result<(Core, Vec<Vec<f64>>, Vec<Vec<f64>>), M1CoupledError> {
     |      ^^^^^^^^^^^^^^^^^^^^^^^^^^^^^^^^^^^^^^^^^^^^^^^^^^^^^^^^^^^^
     |
    ::: crates/openwepp-land-surface-energy/src/solver_covered_evaluation.rs:784:5
     |
 784 |     Numerical(crate::numerics::NumericalFailure),
     |     -------------------------------------------- the largest variant contains at least 248 bytes
     |
     = help: try reducing the size of `solver::M1CoupledError`, for example by boxing large elements or replacing it with `Box<solver::M1CoupledError>`
     = help: for further information visit https://rust-lang.github.io/rust-clippy/master/index.html#result_large_err

error: very complex type used. Consider factoring parts into `type` definitions
    --> crates/openwepp-land-surface-energy/src/solver_covered_evaluation/m1_coupled.rs:1988:6
     |
1988 | ) -> Result<(Core, Vec<Vec<f64>>, Vec<Vec<f64>>), M1CoupledError> {
     |      ^^^^^^^^^^^^^^^^^^^^^^^^^^^^^^^^^^^^^^^^^^^^^^^^^^^^^^^^^^^^
     |
     = help: for further information visit https://rust-lang.github.io/rust-clippy/master/index.html#type_complexity
     = note: `-D clippy::type-complexity` implied by `-D warnings`
     = help: to override `-D warnings` add `#[allow(clippy::type_complexity)]`

error: these match arms have identical bodies
    --> crates/openwepp-land-surface-energy/src/solver_covered_evaluation/m1_coupled.rs:2014:13
     |
2014 |             3 | 9 => 1.0e-8,
     |             ^^^^^^^^^^^^^^^
...
2017 |             13 => 1.0e-8,
     |             ^^^^^^^^^^^^
     |
     = help: if this is unintentional make the arms return different values
     = help: for further information visit https://rust-lang.github.io/rust-clippy/master/index.html#match_same_arms
     = note: `-D clippy::match-same-arms` implied by `-D warnings`
     = help: to override `-D warnings` add `#[allow(clippy::match_same_arms)]`
help: otherwise merge the patterns into a single arm
     |
2014 ~             4 | 10 => 1.0e-3,
2015 |             5 | 11 => 1.0e-10,
2016 ~             3 | 9 | 13 => 1.0e-8,
     |

error: the `Err`-variant returned from this closure is very large
    --> crates/openwepp-land-surface-energy/src/solver_covered_evaluation/m1_coupled.rs:2074:23
     |
2074 |                 .then(|| core(input, &high_trial))
     |                       ^^^^^^^^^^^^^^^^^^^^^^^^^^^
     |
    ::: crates/openwepp-land-surface-energy/src/solver_covered_evaluation.rs:784:5
     |
 784 |     Numerical(crate::numerics::NumericalFailure),
     |     -------------------------------------------- the largest variant contains at least 248 bytes
     |
     = help: try reducing the size of `solver::M1CoupledError`, for example by boxing large elements or replacing it with `Box<solver::M1CoupledError>`
     = help: for further information visit https://rust-lang.github.io/rust-clippy/master/index.html#result_large_err

error: the `Err`-variant returned from this closure is very large
    --> crates/openwepp-land-surface-energy/src/solver_covered_evaluation/m1_coupled.rs:2083:23
     |
2083 |                 .then(|| core(input, &low_trial))
     |                       ^^^^^^^^^^^^^^^^^^^^^^^^^^
     |
    ::: crates/openwepp-land-surface-energy/src/solver_covered_evaluation.rs:784:5
     |
 784 |     Numerical(crate::numerics::NumericalFailure),
     |     -------------------------------------------- the largest variant contains at least 248 bytes
     |
     = help: try reducing the size of `solver::M1CoupledError`, for example by boxing large elements or replacing it with `Box<solver::M1CoupledError>`
     = help: for further information visit https://rust-lang.github.io/rust-clippy/master/index.html#result_large_err

error: the `Err`-variant returned from this function is very large
    --> crates/openwepp-land-surface-energy/src/solver_covered_evaluation/m1_coupled.rs:2198:6
     |
2198 | ) -> Result<M1CoupledEvaluation, M1CoupledError> {
     |      ^^^^^^^^^^^^^^^^^^^^^^^^^^^^^^^^^^^^^^^^^^^
     |
    ::: crates/openwepp-land-surface-energy/src/solver_covered_evaluation.rs:784:5
     |
 784 |     Numerical(crate::numerics::NumericalFailure),
     |     -------------------------------------------- the largest variant contains at least 248 bytes
     |
     = help: try reducing the size of `solver::M1CoupledError`, for example by boxing large elements or replacing it with `Box<solver::M1CoupledError>`
     = help: for further information visit https://rust-lang.github.io/rust-clippy/master/index.html#result_large_err

error: the `Err`-variant returned from this function is very large
    --> crates/openwepp-land-surface-energy/src/solver_covered_evaluation/m1_coupled.rs:2346:6
     |
2346 | ) -> Result<M1CoupledEvaluation, M1CoupledError> {
     |      ^^^^^^^^^^^^^^^^^^^^^^^^^^^^^^^^^^^^^^^^^^^
     |
    ::: crates/openwepp-land-surface-energy/src/solver_covered_evaluation.rs:784:5
     |
 784 |     Numerical(crate::numerics::NumericalFailure),
     |     -------------------------------------------- the largest variant contains at least 248 bytes
     |
     = help: try reducing the size of `solver::M1CoupledError`, for example by boxing large elements or replacing it with `Box<solver::M1CoupledError>`
     = help: for further information visit https://rust-lang.github.io/rust-clippy/master/index.html#result_large_err

error: the `Err`-variant returned from this function is very large
    --> crates/openwepp-land-surface-energy/src/solver_covered_evaluation/m1_coupled.rs:3042:6
     |
3042 | ) -> Result<Vec<f64>, M1CoupledError> {
     |      ^^^^^^^^^^^^^^^^^^^^^^^^^^^^^^^^
     |
    ::: crates/openwepp-land-surface-energy/src/solver_covered_evaluation.rs:784:5
     |
 784 |     Numerical(crate::numerics::NumericalFailure),
     |     -------------------------------------------- the largest variant contains at least 248 bytes
     |
     = help: try reducing the size of `solver::M1CoupledError`, for example by boxing large elements or replacing it with `Box<solver::M1CoupledError>`
     = help: for further information visit https://rust-lang.github.io/rust-clippy/master/index.html#result_large_err

error: very complex type used. Consider factoring parts into `type` definitions
    --> crates/openwepp-land-surface-energy/src/solver_covered_evaluation/m1_coupled.rs:3254:6
     |
3254 | ) -> Result<(Vec<f64>, f64, f64, [bool; 2], usize), M1DrainageLinearFailure> {
     |      ^^^^^^^^^^^^^^^^^^^^^^^^^^^^^^^^^^^^^^^^^^^^^^^^^^^^^^^^^^^^^^^^^^^^^^^
     |
     = help: for further information visit https://rust-lang.github.io/rust-clippy/master/index.html#type_complexity

error: the `Err`-variant returned from this function is very large
    --> crates/openwepp-land-surface-energy/src/solver_covered_evaluation/m1_coupled.rs:3479:6
     |
3479 | ) -> Result<([f64; 21], f64, f64, [bool; 2], usize), M1CoupledError> {
     |      ^^^^^^^^^^^^^^^^^^^^^^^^^^^^^^^^^^^^^^^^^^^^^^^^^^^^^^^^^^^^^^^
     |
    ::: crates/openwepp-land-surface-energy/src/solver_covered_evaluation.rs:784:5
     |
 784 |     Numerical(crate::numerics::NumericalFailure),
     |     -------------------------------------------- the largest variant contains at least 248 bytes
     |
     = help: try reducing the size of `solver::M1CoupledError`, for example by boxing large elements or replacing it with `Box<solver::M1CoupledError>`
     = help: for further information visit https://rust-lang.github.io/rust-clippy/master/index.html#result_large_err

error: very complex type used. Consider factoring parts into `type` definitions
    --> crates/openwepp-land-surface-energy/src/solver_covered_evaluation/m1_coupled.rs:3479:6
     |
3479 | ) -> Result<([f64; 21], f64, f64, [bool; 2], usize), M1CoupledError> {
     |      ^^^^^^^^^^^^^^^^^^^^^^^^^^^^^^^^^^^^^^^^^^^^^^^^^^^^^^^^^^^^^^^
     |
     = help: for further information visit https://rust-lang.github.io/rust-clippy/master/index.html#type_complexity

error: this function has too many arguments (11/7)
    --> crates/openwepp-land-surface-energy/src/solver_covered_evaluation/m1_coupled.rs:3467:1
     |
3467 | / fn solve_selected_drainage_system(
3468 | |     matrix: &[Vec<f64>],
3469 | |     rhs: &[f64],
3470 | |     raw: &[Vec<f64>],
...    |
3478 | |     activity: &mut M1PhaseJoinActivity,
3479 | | ) -> Result<([f64; 21], f64, f64, [bool; 2], usize), M1CoupledError> {
     | |____________________________________________________________________^
     |
     = help: for further information visit https://rust-lang.github.io/rust-clippy/master/index.html#too_many_arguments
     = note: `-D clippy::too-many-arguments` implied by `-D warnings`
     = help: to override `-D warnings` add `#[allow(clippy::too_many_arguments)]`

error: the `Err`-variant returned from this function is very large
    --> crates/openwepp-land-surface-energy/src/solver_covered_evaluation/m1_coupled.rs:3621:6
     |
3621 | ) -> Result<M1PhaseJoinControllerReport, M1PhaseJoinControllerError> {
     |      ^^^^^^^^^^^^^^^^^^^^^^^^^^^^^^^^^^^^^^^^^^^^^^^^^^^^^^^^^^^^^^^ the `Err`-variant is at least 288 bytes
     |
     = help: try reducing the size of `solver::m1_coupled::M1PhaseJoinControllerError`, for example by boxing large elements or replacing it with `Box<solver::m1_coupled::M1PhaseJoinControllerError>`
     = help: for further information visit https://rust-lang.github.io/rust-clippy/master/index.html#result_large_err

error: this function has too many arguments (9/7)
    --> crates/openwepp-land-surface-energy/src/solver_covered_evaluation/m1_coupled.rs:4614:1
     |
4614 | / fn m1_failure(
4615 | |     kind: crate::numerics::NumericalFailureKind,
4616 | |     iterations: u32,
4617 | |     input: &M1CoupledColumnInput,
...    |
4623 | |     matrix_norm: Option<f64>,
4624 | | ) -> M1CoupledError {
     | |___________________^
     |
     = help: for further information visit https://rust-lang.github.io/rust-clippy/master/index.html#too_many_arguments

error: the `Err`-variant returned from this function is very large
    --> crates/openwepp-land-surface-energy/src/solver_covered_evaluation/m1_coupled.rs:4683:6
     |
4683 | ) -> Result<Vec<f64>, M1CoupledError> {
     |      ^^^^^^^^^^^^^^^^^^^^^^^^^^^^^^^^
     |
    ::: crates/openwepp-land-surface-energy/src/solver_covered_evaluation.rs:784:5
     |
 784 |     Numerical(crate::numerics::NumericalFailure),
     |     -------------------------------------------- the largest variant contains at least 248 bytes
     |
     = help: try reducing the size of `solver::M1CoupledError`, for example by boxing large elements or replacing it with `Box<solver::M1CoupledError>`
     = help: for further information visit https://rust-lang.github.io/rust-clippy/master/index.html#result_large_err

error: the `Err`-variant returned from this function is very large
    --> crates/openwepp-land-surface-energy/src/solver_covered_evaluation/m1_coupled.rs:4712:6
     |
4712 | ) -> Result<M1CoupledEvaluation, M1CoupledError> {
     |      ^^^^^^^^^^^^^^^^^^^^^^^^^^^^^^^^^^^^^^^^^^^
     |
    ::: crates/openwepp-land-surface-energy/src/solver_covered_evaluation.rs:784:5
     |
 784 |     Numerical(crate::numerics::NumericalFailure),
     |     -------------------------------------------- the largest variant contains at least 248 bytes
     |
     = help: try reducing the size of `solver::M1CoupledError`, for example by boxing large elements or replacing it with `Box<solver::M1CoupledError>`
     = help: for further information visit https://rust-lang.github.io/rust-clippy/master/index.html#result_large_err

error: the `Err`-variant returned from this function is very large
    --> crates/openwepp-land-surface-energy/src/solver_covered_evaluation/m1_coupled.rs:4745:6
     |
4745 | ) -> Result<M1CoupledEvaluation, M1CoupledError> {
     |      ^^^^^^^^^^^^^^^^^^^^^^^^^^^^^^^^^^^^^^^^^^^
     |
    ::: crates/openwepp-land-surface-energy/src/solver_covered_evaluation.rs:784:5
     |
 784 |     Numerical(crate::numerics::NumericalFailure),
     |     -------------------------------------------- the largest variant contains at least 248 bytes
     |
     = help: try reducing the size of `solver::M1CoupledError`, for example by boxing large elements or replacing it with `Box<solver::M1CoupledError>`
     = help: for further information visit https://rust-lang.github.io/rust-clippy/master/index.html#result_large_err

error: unnecessary closure used to substitute value for `Option::None`
    --> crates/openwepp-land-surface-energy/src/solver_covered_evaluation/m1_coupled.rs:4779:20
     |
4779 |       let boundary = input
     |  ____________________^
4780 | |         .column
4781 | |         .stage3_lower_boundary
4782 | |         .as_ref()
4783 | |         .ok_or_else(|| LandSurfaceEnergyError::UnsupportedDomain("m1_diagnostic_envelope"))?;
     | |___________________________________________________________________________________________^
     |
     = help: for further information visit https://rust-lang.github.io/rust-clippy/master/index.html#unnecessary_lazy_evaluations
help: use `ok_or` instead
     |
4783 -         .ok_or_else(|| LandSurfaceEnergyError::UnsupportedDomain("m1_diagnostic_envelope"))?;
4783 +         .ok_or(LandSurfaceEnergyError::UnsupportedDomain("m1_diagnostic_envelope"))?;
     |

error: casting `u32` to `i32` may wrap around the value
    --> crates/openwepp-land-surface-energy/src/solver_covered_evaluation/m1_coupled.rs:4900:39
     |
4900 |             let factor = 0.5_f64.powi(exponent as i32);
     |                                       ^^^^^^^^^^^^^^^
     |
     = help: for further information visit https://rust-lang.github.io/rust-clippy/master/index.html#cast_possible_wrap
     = note: `-D clippy::cast-possible-wrap` implied by `-D warnings`
     = help: to override `-D warnings` add `#[allow(clippy::cast_possible_wrap)]`

error: the `Err`-variant returned from this function is very large
   --> crates/openwepp-land-surface-energy/src/solver_covered_evaluation.rs:853:6
    |
784 |     Numerical(crate::numerics::NumericalFailure),
    |     -------------------------------------------- the largest variant contains at least 248 bytes
...
853 | ) -> Result<M1ZeroParLeafState, M1CoupledError> {
    |      ^^^^^^^^^^^^^^^^^^^^^^^^^^^^^^^^^^^^^^^^^^
    |
    = help: try reducing the size of `solver::M1CoupledError`, for example by boxing large elements or replacing it with `Box<solver::M1CoupledError>`
    = help: for further information visit https://rust-lang.github.io/rust-clippy/master/index.html#result_large_err

error: casting `u128` to `f64` may cause a loss of precision (`u128` is 128 bits wide, but `f64`'s mantissa is only 52 bits wide)
    --> crates/openwepp-land-surface-energy/src/solver_covered_evaluation.rs:2367:29
     |
2367 |                         || ((exchange.end_ns - exchange.start_ns) as f64 / 1e9).to_bits()
     |                             ^^^^^^^^^^^^^^^^^^^^^^^^^^^^^^^^^^^^^^^^^^^^
     |
     = help: for further information visit https://rust-lang.github.io/rust-clippy/master/index.html#cast_precision_loss
     = note: `-D clippy::cast-precision-loss` implied by `-D warnings`
     = help: to override `-D warnings` add `#[allow(clippy::cast_precision_loss)]`

error: this argument (360 byte) is passed by value, but might be more efficient if passed by reference (limit: 256 byte)
   --> crates/openwepp-land-surface-energy/src/solver_litter_open.rs:164:16
    |
164 |         vapor: V3OpenVapor,
    |                ^^^^^^^^^^^ help: consider passing by reference instead: `&V3OpenVapor`
    |
    = help: for further information visit https://rust-lang.github.io/rust-clippy/master/index.html#large_types_passed_by_value
    = note: `-D clippy::large-types-passed-by-value` implied by `-D warnings`
    = help: to override `-D warnings` add `#[allow(clippy::large_types_passed_by_value)]`

error: adding items after statements is confusing, since items exist from the start of the scope
   --> crates/openwepp-land-surface-energy/src/solver_litter_open.rs:217:5
    |
217 | /     struct Detail {
218 | |         natural: Option<V3PhaseFreeOpenEvaluation>,
219 | |         branches: PhaseBranches,
220 | |     }
    | |_____^
    |
    = help: for further information visit https://rust-lang.github.io/rust-clippy/master/index.html#items_after_statements
    = note: `-D clippy::items-after-statements` implied by `-D warnings`
    = help: to override `-D warnings` add `#[allow(clippy::items_after_statements)]`

error: strict comparison of `f32` or `f64`
    --> crates/openwepp-land-surface-energy/src/transaction.rs:2211:12
     |
2211 |         && ground_vapor != boundary.vapor_to_canopy_air_kg_m2_s
     |            ^^^^^^^^^^^^^^^^^^^^^^^^^^^^^^^^^^^^^^^^^^^^^^^^^^^^ help: consider comparing them within some margin of error: `(ground_vapor - boundary.vapor_to_canopy_air_kg_m2_s).abs() > error_margin`
     |
     = help: for further information visit https://rust-lang.github.io/rust-clippy/master/index.html#float_cmp
     = note: `-D clippy::float-cmp` implied by `-D warnings`
     = help: to override `-D warnings` add `#[allow(clippy::float_cmp)]`

error: strict comparison of `f32` or `f64`
    --> crates/openwepp-land-surface-energy/src/transaction.rs:2219:12
     |
2219 |         && ground_sensible != boundary.sensible_to_canopy_air_w_m2
     |            ^^^^^^^^^^^^^^^^^^^^^^^^^^^^^^^^^^^^^^^^^^^^^^^^^^^^^^^ help: consider comparing them within some margin of error: `(ground_sensible - boundary.sensible_to_canopy_air_w_m2).abs() > error_margin`
     |
     = help: for further information visit https://rust-lang.github.io/rust-clippy/master/index.html#float_cmp

error: this method could have a `#[must_use]` attribute
    --> crates/openwepp-land-surface-energy/src/transaction.rs:2999:12
     |
2999 |     pub fn accuracy_observation_beginning(&self) -> &OpenSurfaceProblem {
     |            ^^^^^^^^^^^^^^^^^^^^^^^^^^^^^^
     |
     = help: for further information visit https://rust-lang.github.io/rust-clippy/master/index.html#must_use_candidate
     = note: `-D clippy::must-use-candidate` implied by `-D warnings`
     = help: to override `-D warnings` add `#[allow(clippy::must_use_candidate)]`
help: add the attribute
     |
2999 ~     #[must_use] 
3000 ~     pub fn accuracy_observation_beginning(&self) -> &OpenSurfaceProblem {
     |

error: this method could have a `#[must_use]` attribute
    --> crates/openwepp-land-surface-energy/src/transaction.rs:3006:12
     |
3006 |     pub fn accuracy_observation_beginning(&self) -> &CoveredColumnInputs {
     |            ^^^^^^^^^^^^^^^^^^^^^^^^^^^^^^
     |
     = help: for further information visit https://rust-lang.github.io/rust-clippy/master/index.html#must_use_candidate
help: add the attribute
     |
3006 ~     #[must_use] 
3007 ~     pub fn accuracy_observation_beginning(&self) -> &CoveredColumnInputs {
     |

error: usage of wildcard import
 --> crates/openwepp-land-surface-energy/src/transaction_v3_open.rs:4:5
  |
4 | use crate::*;
  |     ^^^^^^^^ help: try: `crate::{RuntimeTileIdentity, OpenSurfaceProblem, V3LitterResidualContext, V3PhaseFreeOpenEvaluation, PotentialWaterRequestBatch, V3PhaseSpecificVaporAuthorization, WaterProtocol, SoilThermalTileCandidate, OwnerRollbackHash, NormalizedSolveOutcome, LandSurfaceEnergyError, SurfaceClass, SurfaceClassKind, WaterSourceType, LitterPhaseConfiguration, BeginningLitterPhaseState, solve_v3_phase_free_open_surface, WaterAmount, Sha256Digest, WaterAuthorization, SoilThermalFinalizationBeginning, validate_ground_heat_join}`
  |
  = help: for further information visit https://rust-lang.github.io/rust-clippy/master/index.html#wildcard_imports

error: this method could have a `#[must_use]` attribute
  --> crates/openwepp-land-surface-energy/src/transaction_v3_open.rs:15:12
   |
15 |     pub fn identity(&self) -> &RuntimeTileIdentity {
   |            ^^^^^^^^
   |
   = help: for further information visit https://rust-lang.github.io/rust-clippy/master/index.html#must_use_candidate
help: add the attribute
   |
15 ~     #[must_use] 
16 ~     pub fn identity(&self) -> &RuntimeTileIdentity {
   |

error: this method could have a `#[must_use]` attribute
  --> crates/openwepp-land-surface-energy/src/transaction_v3_open.rs:18:12
   |
18 |     pub fn accepted(&self) -> &V3PhaseFreeOpenEvaluation {
   |            ^^^^^^^^
   |
   = help: for further information visit https://rust-lang.github.io/rust-clippy/master/index.html#must_use_candidate
help: add the attribute
   |
18 ~     #[must_use] 
19 ~     pub fn accepted(&self) -> &V3PhaseFreeOpenEvaluation {
   |

error: this method could have a `#[must_use]` attribute
  --> crates/openwepp-land-surface-energy/src/transaction_v3_open.rs:21:12
   |
21 |     pub fn request_batch(&self) -> &PotentialWaterRequestBatch {
   |            ^^^^^^^^^^^^^
   |
   = help: for further information visit https://rust-lang.github.io/rust-clippy/master/index.html#must_use_candidate
help: add the attribute
   |
21 ~     #[must_use] 
22 ~     pub fn request_batch(&self) -> &PotentialWaterRequestBatch {
   |

error: this method could have a `#[must_use]` attribute
   --> crates/openwepp-land-surface-energy/src/transaction_v3_open.rs:359:12
    |
359 |     pub fn accuracy_observation_beginning(&self) -> &OpenSurfaceProblem {
    |            ^^^^^^^^^^^^^^^^^^^^^^^^^^^^^^
    |
    = help: for further information visit https://rust-lang.github.io/rust-clippy/master/index.html#must_use_candidate
help: add the attribute
    |
359 ~     #[must_use] 
360 ~     pub fn accuracy_observation_beginning(&self) -> &OpenSurfaceProblem {
    |

error: docs for function returning `Result` missing `# Errors` section
  --> crates/openwepp-land-surface-energy/src/transparent_canopy.rs:45:5
   |
45 | /     pub fn try_new(
46 | |         forcing: &LandSurfaceForcing,
47 | |         ofe_id: &OfeId,
48 | |         tile_id: &TileId,
49 | |         tile_fraction: f64,
50 | |     ) -> Result<Self, LandSurfaceEnergyError> {
   | |_____________________________________________^
   |
   = help: for further information visit https://rust-lang.github.io/rust-clippy/master/index.html#missing_errors_doc

error: docs for function returning `Result` missing `# Errors` section
   --> crates/openwepp-land-surface-energy/src/transparent_canopy.rs:109:5
    |
109 | /     pub fn validate_against_actual_forcing(
110 | |         &self,
111 | |         forcing: &LandSurfaceForcing,
112 | |         ofe: &OfeId,
113 | |         tile: &TileId,
114 | |         fraction: f64,
115 | |     ) -> Result<(), LandSurfaceEnergyError> {
    | |___________________________________________^
    |
    = help: for further information visit https://rust-lang.github.io/rust-clippy/master/index.html#missing_errors_doc

error: assigning the result of `Clone::clone()` may be inefficient
   --> crates/openwepp-land-surface-energy/src/transparent_canopy.rs:117:9
    |
117 |         expected.configuration_sha256 = self.configuration_sha256.clone();
    |         ^^^^^^^^^^^^^^^^^^^^^^^^^^^^^^^^^^^^^^^^^^^^^^^^^^^^^^^^^^^^^^^^^ help: use `clone_from()`: `expected.configuration_sha256.clone_from(&self.configuration_sha256)`
    |
    = help: for further information visit https://rust-lang.github.io/rust-clippy/master/index.html#assigning_clones
    = note: `-D clippy::assigning-clones` implied by `-D warnings`
    = help: to override `-D warnings` add `#[allow(clippy::assigning_clones)]`

error: this method could have a `#[must_use]` attribute
   --> crates/openwepp-land-surface-energy/src/transparent_canopy.rs:136:12
    |
136 |     pub fn is_wholly_transparent_canopy(&self) -> bool {
    |            ^^^^^^^^^^^^^^^^^^^^^^^^^^^^
    |
    = help: for further information visit https://rust-lang.github.io/rust-clippy/master/index.html#must_use_candidate
help: add the attribute
    |
136 ~     #[must_use] 
137 ~     pub fn is_wholly_transparent_canopy(&self) -> bool {
    |

error: docs for function returning `Result` missing `# Errors` section
   --> crates/openwepp-land-surface-energy/src/transparent_canopy.rs:151:5
    |
151 | /     pub fn bind_transparent_liquid(
152 | |         &mut self,
153 | |         forcing: &LandSurfaceForcing,
154 | |         identity: &RuntimeTileIdentity,
155 | |     ) -> Result<(), LandSurfaceEnergyError> {
    | |___________________________________________^
    |
    = help: for further information visit https://rust-lang.github.io/rust-clippy/master/index.html#missing_errors_doc

error: docs for function returning `Result` missing `# Errors` section
   --> crates/openwepp-land-surface-energy/src/transparent_canopy.rs:171:5
    |
171 | /     pub fn validate_transparent_liquid(
172 | |         &self,
173 | |         identity: Option<&RuntimeTileIdentity>,
174 | |     ) -> Result<(), LandSurfaceEnergyError> {
    | |___________________________________________^
    |
    = help: for further information visit https://rust-lang.github.io/rust-clippy/master/index.html#missing_errors_doc

error: unused `self` argument
   --> crates/openwepp-land-surface-energy/src/transparent_canopy.rs:212:47
    |
212 |     pub(crate) fn inactive_component_anchor_k(&self, component: usize, canopy: f64) -> f64 {
    |                                               ^^^^^
    |
    = help: consider refactoring to an associated function
    = help: for further information visit https://rust-lang.github.io/rust-clippy/master/index.html#unused_self
    = note: `-D clippy::unused-self` implied by `-D warnings`
    = help: to override `-D warnings` add `#[allow(clippy::unused_self)]`

error: this `if` statement can be collapsed
   --> crates/openwepp-land-surface-energy/src/transparent_canopy.rs:333:9
    |
333 | /         if l.transparent_passage.is_some() {
334 | |             if l.stemflow_kg_m2_tile.to_bits()
335 | |                 != product(occupancy.stemflow_fraction, l.incident_rain_kg_m2_tile)?.to_bits()
336 | |                 || l.throughfall_kg_m2_tile.to_bits()
...   |
347 | |         }
    | |_________^
    |
    = help: for further information visit https://rust-lang.github.io/rust-clippy/master/index.html#collapsible_if
    = note: `-D clippy::collapsible-if` implied by `-D warnings`
    = help: to override `-D warnings` add `#[allow(clippy::collapsible_if)]`
help: collapse nested if block
    |
333 ~         if l.transparent_passage.is_some()
334 ~             && (l.stemflow_kg_m2_tile.to_bits()
335 |                 != product(occupancy.stemflow_fraction, l.incident_rain_kg_m2_tile)?.to_bits()
...
340 |                     )?
341 ~                     .to_bits())
342 |             {
...
345 |                 ));
346 ~             }
    |

error: docs for function returning `Result` missing `# Errors` section
   --> crates/openwepp-land-surface-energy/src/transparent_canopy.rs:355:5
    |
355 | /     pub fn rebind_transparent_liquid_native_configuration(
356 | |         &mut self,
357 | |         forcing: &LandSurfaceForcing,
358 | |         predecessor: &RuntimeTileIdentity,
359 | |         native: &RuntimeTileIdentity,
360 | |     ) -> Result<(), LandSurfaceEnergyError> {
    | |___________________________________________^
    |
    = help: for further information visit https://rust-lang.github.io/rust-clippy/master/index.html#missing_errors_doc

error: could not compile `openwepp-land-surface-energy` (lib) due to 71 previous errors
warning: build failed, waiting for other jobs to finish...
error: unused variable: `lower_before`
    --> crates/openwepp-land-surface-energy/src/m1_trust_region_stage1.rs:4102:9
     |
4102 |     let lower_before = state.lower_active.to_vec();
     |         ^^^^^^^^^^^^ help: if this is intentional, prefix it with an underscore: `_lower_before`
     |
     = note: `-D unused-variables` implied by `-D warnings`
     = help: to override `-D warnings` add `#[allow(unused_variables)]`

error: unused variable: `upper_before`
    --> crates/openwepp-land-surface-energy/src/m1_trust_region_stage1.rs:4103:9
     |
4103 |     let upper_before = state.upper_active.to_vec();
     |         ^^^^^^^^^^^^ help: if this is intentional, prefix it with an underscore: `_upper_before`

error: fields `refinement_scalar_operations`, `refinement_guard_events`, `refinement_attempted_entries`, and `refinement_denied_entries` are never read
   --> crates/openwepp-land-surface-energy/src/m1_trust_region_controller_interface.rs:127:16
    |
123 | pub(crate) struct M1TrustRegionControllerRun {
    |                   -------------------------- fields in this struct
...
127 |     pub(crate) refinement_scalar_operations: u64,
    |                ^^^^^^^^^^^^^^^^^^^^^^^^^^^^
128 |     pub(crate) refinement_guard_events: u64,
    |                ^^^^^^^^^^^^^^^^^^^^^^^
129 |     pub(crate) refinement_attempted_entries: u16,
    |                ^^^^^^^^^^^^^^^^^^^^^^^^^^^^
130 |     pub(crate) refinement_denied_entries: u16,
    |                ^^^^^^^^^^^^^^^^^^^^^^^^^
    |
    = note: `M1TrustRegionControllerRun` has derived impls for the traits `Debug` and `Clone`, but these are intentionally ignored during dead code analysis
    = note: `-D dead-code` implied by `-D warnings`
    = help: to override `-D warnings` add `#[expect(dead_code)]` or `#[allow(dead_code)]`

error: fields `original_lower`, `original_upper`, `base`, `scale`, and `radius` are never read
   --> crates/openwepp-land-surface-energy/src/m1_trust_region_stage1.rs:205:9
    |
202 |     FinalBox {
    |     -------- fields in this variant
...
205 |         original_lower: f64,
    |         ^^^^^^^^^^^^^^
206 |         original_upper: f64,
    |         ^^^^^^^^^^^^^^
207 |         base: f64,
    |         ^^^^
208 |         scale: f64,
    |         ^^^^^
209 |         radius: f64,
    |         ^^^^^^
    |
    = note: `RefinementRawCandidateMutation` has derived impls for the traits `Debug` and `Clone`, but these are intentionally ignored during dead code analysis

error: fields `original_lower`, `original_upper`, `base`, and `scale` are never read
   --> crates/openwepp-land-surface-energy/src/m1_trust_region_stage1.rs:214:9
    |
211 |     ScratchRadius {
    |     ------------- fields in this variant
...
214 |         original_lower: f64,
    |         ^^^^^^^^^^^^^^
215 |         original_upper: f64,
    |         ^^^^^^^^^^^^^^
216 |         base: f64,
    |         ^^^^
217 |         scale: f64,
    |         ^^^^^
    |
    = note: `RefinementRawCandidateMutation` has derived impls for the traits `Debug` and `Clone`, but these are intentionally ignored during dead code analysis

error: fields `original_lower`, `original_upper`, `base`, `scale`, and `radius` are never read
   --> crates/openwepp-land-surface-energy/src/m1_trust_region_stage1.rs:223:9
    |
220 |     ActiveValue {
    |     ----------- fields in this variant
...
223 |         original_lower: f64,
    |         ^^^^^^^^^^^^^^
224 |         original_upper: f64,
    |         ^^^^^^^^^^^^^^
225 |         base: f64,
    |         ^^^^
226 |         scale: f64,
    |         ^^^^^
227 |         radius: f64,
    |         ^^^^^^
    |
    = note: `RefinementRawCandidateMutation` has derived impls for the traits `Debug` and `Clone`, but these are intentionally ignored during dead code analysis

error: function `refinement_observation_begin` is never used
   --> crates/openwepp-land-surface-energy/src/m1_trust_region_stage1.rs:287:4
    |
287 | fn refinement_observation_begin() {
    |    ^^^^^^^^^^^^^^^^^^^^^^^^^^^^

error: function `upward_operand` is never used
    --> crates/openwepp-land-surface-energy/src/m1_trust_region_stage1.rs:2664:4
     |
2664 | fn upward_operand(value: f64, coordinate: usize) -> Result<f64, OptimalityFailure> {
     |    ^^^^^^^^^^^^^^

error: function `upward_add` is never used
    --> crates/openwepp-land-surface-energy/src/m1_trust_region_stage1.rs:2749:4
     |
2749 | fn upward_add(
     |    ^^^^^^^^^^

error: fields `required_scalar_operations` and `required_guard_events` are never read
    --> crates/openwepp-land-surface-energy/src/m1_trust_region_stage1.rs:3327:5
     |
3324 | struct RefinementWorkReservation {
     |        ------------------------- fields in this struct
...
3327 |     required_scalar_operations: u64,
     |     ^^^^^^^^^^^^^^^^^^^^^^^^^^
3328 |     required_guard_events: u64,
     |     ^^^^^^^^^^^^^^^^^^^^^
     |
     = note: `RefinementWorkReservation` has derived impls for the traits `Debug` and `Clone`, but these are intentionally ignored during dead code analysis

error: field `p1_box_feasible` is never read
    --> crates/openwepp-land-surface-energy/src/m1_trust_region_stage1.rs:3339:5
     |
3333 | struct RefinementRetainedFaceObservation {
     |        --------------------------------- field in this struct
...
3339 |     p1_box_feasible: bool,
     |     ^^^^^^^^^^^^^^^
     |
     = note: `RefinementRetainedFaceObservation` has derived impls for the traits `Debug` and `Clone`, but these are intentionally ignored during dead code analysis

error: multiple fields are never read
    --> crates/openwepp-land-surface-energy/src/m1_trust_region_stage1.rs:3383:5
     |
3381 | struct RefinementObservationRefusal {
     |        ---------------------------- fields in this struct
3382 |     reason: &'static str,
3383 |     returned_step: Option<[f64; 21]>,
     |     ^^^^^^^^^^^^^
3384 |     bvls02_fallback_calls: u8,
     |     ^^^^^^^^^^^^^^^^^^^^^
3385 |     materialization_calls: u8,
     |     ^^^^^^^^^^^^^^^^^^^^^
3386 |     physical_evaluator_calls: u8,
     |     ^^^^^^^^^^^^^^^^^^^^^^^^
3387 |     hook_log: Vec<&'static str>,
     |     ^^^^^^^^
3388 |     owner_snapshot_before: [u64; 21],
     |     ^^^^^^^^^^^^^^^^^^^^^
3389 |     owner_snapshot_after: [u64; 21],
     |     ^^^^^^^^^^^^^^^^^^^^
     |
     = note: `RefinementObservationRefusal` has derived impls for the traits `Debug` and `Clone`, but these are intentionally ignored during dead code analysis

error: fields `bvls02_outcome`, `lower_mask_before`, `upper_mask_before`, `lower_mask_after`, `upper_mask_after`, and `bvls02_work` are never read
    --> crates/openwepp-land-surface-energy/src/m1_trust_region_stage1.rs:4017:5
     |
4014 | struct RefinementEligibilityObservation {
     |        -------------------------------- fields in this struct
...
4017 |     bvls02_outcome: String,
     |     ^^^^^^^^^^^^^^
4018 |     bvls02: RefinementBvls02Outcome,
4019 |     lower_mask_before: Vec<bool>,
     |     ^^^^^^^^^^^^^^^^^
4020 |     upper_mask_before: Vec<bool>,
     |     ^^^^^^^^^^^^^^^^^
4021 |     lower_mask_after: Vec<bool>,
     |     ^^^^^^^^^^^^^^^^
4022 |     upper_mask_after: Vec<bool>,
     |     ^^^^^^^^^^^^^^^^
4023 |     bvls02_work: u64,
     |     ^^^^^^^^^^^
     |
     = note: `RefinementEligibilityObservation` has derived impls for the traits `Debug` and `Clone`, but these are intentionally ignored during dead code analysis

error: function `mask` is never used
    --> crates/openwepp-land-surface-energy/src/m1_trust_region_stage1.rs:5232:8
     |
5232 |     fn mask(values: &Value) -> Vec<bool> {
     |        ^^^^

error: strict comparison of `f32` or `f64`
   --> crates/openwepp-land-surface-energy/src/m1_liquid_routing.rs:522:9
    |
522 |         assert_eq!(routed.terminal_parcels()[3].enthalpy_j_kg(), 0.0);
    |         ^^^^^^^^^^^^^^^^^^^^^^^^^^^^^^^^^^^^^^^^^^^^^^^^^^^^^^^^^^^^^
    |
    = help: for further information visit https://rust-lang.github.io/rust-clippy/master/index.html#float_cmp
    = note: `-D clippy::float-cmp` implied by `-D warnings`
    = help: to override `-D warnings` add `#[allow(clippy::float_cmp)]`

error: this function has too many lines (110/100)
   --> crates/openwepp-land-surface-energy/src/m1_liquid_routing.rs:602:5
    |
602 |     fn routing_has_exhaustive_reference_capture_and_terminal_lineage() {
    |     ^^^^^^^^^^^^^^^^^^^^^^^^^^^^^^^^^^^^^^^^^^^^^^^^^^^^^^^^^^^^^^^^^^
    |
    = help: for further information visit https://rust-lang.github.io/rust-clippy/master/index.html#too_many_lines

error: the `Err`-variant returned from this function is very large
  --> crates/openwepp-land-surface-energy/src/m1_trust_region_controller.rs:31:10
   |
 8 |     Subproblem(super::M1TrustRegionSubproblemRefusal),
   |     ------------------------------------------------- the largest variant contains at least 128 bytes
...
31 |     ) -> Result<M1TrustRegionControllerEvaluation<P>, M1TrustRegionControllerError<E>> {
   |          ^^^^^^^^^^^^^^^^^^^^^^^^^^^^^^^^^^^^^^^^^^^^^^^^^^^^^^^^^^^^^^^^^^^^^^^^^^^^^
   |
   = help: try reducing the size of `m1_trust_region_controller::M1TrustRegionControllerError<E>`, for example by boxing large elements or replacing it with `Box<m1_trust_region_controller::M1TrustRegionControllerError<E>>`
   = help: for further information visit https://rust-lang.github.io/rust-clippy/master/index.html#result_large_err
   = note: `-D clippy::result-large-err` implied by `-D warnings`
   = help: to override `-D warnings` add `#[allow(clippy::result_large_err)]`

error: the `Err`-variant returned from this function is very large
   --> crates/openwepp-land-surface-energy/src/m1_trust_region_controller.rs:125:10
    |
  8 |     Subproblem(super::M1TrustRegionSubproblemRefusal),
    |     ------------------------------------------------- the largest variant contains at least 128 bytes
...
125 |     ) -> Result<Self, M1TrustRegionControllerError<E>> {
    |          ^^^^^^^^^^^^^^^^^^^^^^^^^^^^^^^^^^^^^^^^^^^^^
    |
    = help: try reducing the size of `m1_trust_region_controller::M1TrustRegionControllerError<E>`, for example by boxing large elements or replacing it with `Box<m1_trust_region_controller::M1TrustRegionControllerError<E>>`
    = help: for further information visit https://rust-lang.github.io/rust-clippy/master/index.html#result_large_err

error: the `Err`-variant returned from this function is very large
   --> crates/openwepp-land-surface-energy/src/m1_trust_region_controller.rs:154:10
    |
  8 |     Subproblem(super::M1TrustRegionSubproblemRefusal),
    |     ------------------------------------------------- the largest variant contains at least 128 bytes
...
154 |     ) -> Result<ProposalModel, M1TrustRegionControllerError<core::convert::Infallible>> {
    |          ^^^^^^^^^^^^^^^^^^^^^^^^^^^^^^^^^^^^^^^^^^^^^^^^^^^^^^^^^^^^^^^^^^^^^^^^^^^^^^
    |
    = help: try reducing the size of `m1_trust_region_controller::M1TrustRegionControllerError<std::convert::Infallible>`, for example by boxing large elements or replacing it with `Box<m1_trust_region_controller::M1TrustRegionControllerError<std::convert::Infallible>>`
    = help: for further information visit https://rust-lang.github.io/rust-clippy/master/index.html#result_large_err

error: the `Err`-variant returned from this function is very large
   --> crates/openwepp-land-surface-energy/src/m1_trust_region_controller.rs:346:10
    |
  8 |     Subproblem(super::M1TrustRegionSubproblemRefusal),
    |     ------------------------------------------------- the largest variant contains at least 128 bytes
...
346 |     ) -> Result<TrialMerit, M1TrustRegionControllerError<E>> {
    |          ^^^^^^^^^^^^^^^^^^^^^^^^^^^^^^^^^^^^^^^^^^^^^^^^^^^
    |
    = help: try reducing the size of `m1_trust_region_controller::M1TrustRegionControllerError<E>`, for example by boxing large elements or replacing it with `Box<m1_trust_region_controller::M1TrustRegionControllerError<E>>`
    = help: for further information visit https://rust-lang.github.io/rust-clippy/master/index.html#result_large_err

error: the `Err`-variant returned from this function is very large
   --> crates/openwepp-land-surface-energy/src/m1_trust_region_controller.rs:374:10
    |
  8 |     Subproblem(super::M1TrustRegionSubproblemRefusal),
    |     ------------------------------------------------- the largest variant contains at least 128 bytes
...
374 |     ) -> Result<(), M1TrustRegionControllerError<E>>
    |          ^^^^^^^^^^^^^^^^^^^^^^^^^^^^^^^^^^^^^^^^^^^
    |
    = help: try reducing the size of `m1_trust_region_controller::M1TrustRegionControllerError<E>`, for example by boxing large elements or replacing it with `Box<m1_trust_region_controller::M1TrustRegionControllerError<E>>`
    = help: for further information visit https://rust-lang.github.io/rust-clippy/master/index.html#result_large_err

error: the `Err`-variant returned from this function is very large
   --> crates/openwepp-land-surface-energy/src/m1_trust_region_controller.rs:392:10
    |
  8 |       Subproblem(super::M1TrustRegionSubproblemRefusal),
    |       ------------------------------------------------- the largest variant contains at least 128 bytes
...
392 |       ) -> Result<
    |  __________^
393 | |         super::m1_trust_region_controller_interface::M1TrustRegionControllerTransition,
394 | |         M1TrustRegionControllerError<E>,
395 | |     > {
    | |_____^
    |
    = help: try reducing the size of `m1_trust_region_controller::M1TrustRegionControllerError<E>`, for example by boxing large elements or replacing it with `Box<m1_trust_region_controller::M1TrustRegionControllerError<E>>`
    = help: for further information visit https://rust-lang.github.io/rust-clippy/master/index.html#result_large_err

error: the `Err`-variant returned from this function is very large
   --> crates/openwepp-land-surface-energy/src/m1_trust_region_controller.rs:526:10
    |
  8 |       Subproblem(super::M1TrustRegionSubproblemRefusal),
    |       ------------------------------------------------- the largest variant contains at least 128 bytes
...
526 |       ) -> Result<
    |  __________^
527 | |         super::m1_trust_region_controller_interface::M1TrustRegionControllerTransition,
528 | |         M1TrustRegionControllerError<E>,
529 | |     >
    | |_____^
    |
    = help: try reducing the size of `m1_trust_region_controller::M1TrustRegionControllerError<E>`, for example by boxing large elements or replacing it with `Box<m1_trust_region_controller::M1TrustRegionControllerError<E>>`
    = help: for further information visit https://rust-lang.github.io/rust-clippy/master/index.html#result_large_err

error: the `Err`-variant returned from this function is very large
   --> crates/openwepp-land-surface-energy/src/m1_trust_region_controller.rs:554:10
    |
  8 |     Subproblem(super::M1TrustRegionSubproblemRefusal),
    |     ------------------------------------------------- the largest variant contains at least 128 bytes
...
554 |     ) -> Result<(), M1TrustRegionControllerError<E>>
    |          ^^^^^^^^^^^^^^^^^^^^^^^^^^^^^^^^^^^^^^^^^^^
    |
    = help: try reducing the size of `m1_trust_region_controller::M1TrustRegionControllerError<E>`, for example by boxing large elements or replacing it with `Box<m1_trust_region_controller::M1TrustRegionControllerError<E>>`
    = help: for further information visit https://rust-lang.github.io/rust-clippy/master/index.html#result_large_err

error: the `Err`-variant returned from this function is very large
   --> crates/openwepp-land-surface-energy/src/m1_trust_region_controller.rs:574:10
    |
  8 |       Subproblem(super::M1TrustRegionSubproblemRefusal),
    |       ------------------------------------------------- the largest variant contains at least 128 bytes
...
574 |       ) -> Result<
    |  __________^
575 | |         super::m1_trust_region_controller_interface::M1TrustRegionControllerTransition,
576 | |         M1TrustRegionControllerError<E>,
577 | |     >
    | |_____^
    |
    = help: try reducing the size of `m1_trust_region_controller::M1TrustRegionControllerError<E>`, for example by boxing large elements or replacing it with `Box<m1_trust_region_controller::M1TrustRegionControllerError<E>>`
    = help: for further information visit https://rust-lang.github.io/rust-clippy/master/index.html#result_large_err

error: the `Err`-variant returned from this function is very large
   --> crates/openwepp-land-surface-energy/src/m1_trust_region_controller.rs:682:36
    |
  8 |     Subproblem(super::M1TrustRegionSubproblemRefusal),
    |     ------------------------------------------------- the largest variant contains at least 128 bytes
...
682 |     fn proposal_model<E>(&self) -> Result<ProposalModel, M1TrustRegionControllerError<E>> {
    |                                    ^^^^^^^^^^^^^^^^^^^^^^^^^^^^^^^^^^^^^^^^^^^^^^^^^^^^^^
    |
    = help: try reducing the size of `m1_trust_region_controller::M1TrustRegionControllerError<E>`, for example by boxing large elements or replacing it with `Box<m1_trust_region_controller::M1TrustRegionControllerError<E>>`
    = help: for further information visit https://rust-lang.github.io/rust-clippy/master/index.html#result_large_err

error: the `Err`-variant returned from this function is very large
   --> crates/openwepp-land-surface-energy/src/m1_trust_region_controller.rs:701:10
    |
  8 |     Subproblem(super::M1TrustRegionSubproblemRefusal),
    |     ------------------------------------------------- the largest variant contains at least 128 bytes
...
701 |     ) -> Result<ProposalModel, M1TrustRegionControllerError<E>>
    |          ^^^^^^^^^^^^^^^^^^^^^^^^^^^^^^^^^^^^^^^^^^^^^^^^^^^^^^
    |
    = help: try reducing the size of `m1_trust_region_controller::M1TrustRegionControllerError<E>`, for example by boxing large elements or replacing it with `Box<m1_trust_region_controller::M1TrustRegionControllerError<E>>`
    = help: for further information visit https://rust-lang.github.io/rust-clippy/master/index.html#result_large_err

error: the `Err`-variant returned from this function is very large
   --> crates/openwepp-land-surface-energy/src/m1_trust_region_controller.rs:766:10
    |
  8 |     Subproblem(super::M1TrustRegionSubproblemRefusal),
    |     ------------------------------------------------- the largest variant contains at least 128 bytes
...
766 |     ) -> Result<bool, M1TrustRegionControllerError<E>>
    |          ^^^^^^^^^^^^^^^^^^^^^^^^^^^^^^^^^^^^^^^^^^^^^
    |
    = help: try reducing the size of `m1_trust_region_controller::M1TrustRegionControllerError<E>`, for example by boxing large elements or replacing it with `Box<m1_trust_region_controller::M1TrustRegionControllerError<E>>`
    = help: for further information visit https://rust-lang.github.io/rust-clippy/master/index.html#result_large_err

error: the `Err`-variant returned from this function is very large
   --> crates/openwepp-land-surface-energy/src/m1_trust_region_controller.rs:846:10
    |
  8 |     Subproblem(super::M1TrustRegionSubproblemRefusal),
    |     ------------------------------------------------- the largest variant contains at least 128 bytes
...
846 |     ) -> Result<(), M1TrustRegionControllerError<E>>
    |          ^^^^^^^^^^^^^^^^^^^^^^^^^^^^^^^^^^^^^^^^^^^
    |
    = help: try reducing the size of `m1_trust_region_controller::M1TrustRegionControllerError<E>`, for example by boxing large elements or replacing it with `Box<m1_trust_region_controller::M1TrustRegionControllerError<E>>`
    = help: for further information visit https://rust-lang.github.io/rust-clippy/master/index.html#result_large_err

error: the `Err`-variant returned from this function is very large
   --> crates/openwepp-land-surface-energy/src/m1_trust_region_controller.rs:865:6
    |
  8 |       Subproblem(super::M1TrustRegionSubproblemRefusal),
    |       ------------------------------------------------- the largest variant contains at least 128 bytes
...
865 |   ) -> Result<
    |  ______^
866 | |     super::m1_trust_region_controller_interface::M1TrustRegionControllerTransition,
867 | |     M1TrustRegionControllerError<E>,
868 | | >
    | |_^
    |
    = help: try reducing the size of `m1_trust_region_controller::M1TrustRegionControllerError<E>`, for example by boxing large elements or replacing it with `Box<m1_trust_region_controller::M1TrustRegionControllerError<E>>`
    = help: for further information visit https://rust-lang.github.io/rust-clippy/master/index.html#result_large_err

error: the `Err`-variant returned from this function is very large
   --> crates/openwepp-land-surface-energy/src/m1_trust_region_controller.rs:880:6
    |
  8 |       Subproblem(super::M1TrustRegionSubproblemRefusal),
    |       ------------------------------------------------- the largest variant contains at least 128 bytes
...
880 |   ) -> Result<
    |  ______^
881 | |     super::m1_trust_region_controller_interface::M1TrustRegionControllerRun,
882 | |     M1TrustRegionControllerError<E>,
883 | | >
    | |_^
    |
    = help: try reducing the size of `m1_trust_region_controller::M1TrustRegionControllerError<E>`, for example by boxing large elements or replacing it with `Box<m1_trust_region_controller::M1TrustRegionControllerError<E>>`
    = help: for further information visit https://rust-lang.github.io/rust-clippy/master/index.html#result_large_err

error: the `Err`-variant returned from this function is very large
   --> crates/openwepp-land-surface-energy/src/m1_trust_region_controller.rs:984:6
    |
  8 |     Subproblem(super::M1TrustRegionSubproblemRefusal),
    |     ------------------------------------------------- the largest variant contains at least 128 bytes
...
984 | ) -> Result<M1TrustRegionSeededEntryGuard<E>, M1TrustRegionControllerError<E>> {
    |      ^^^^^^^^^^^^^^^^^^^^^^^^^^^^^^^^^^^^^^^^^^^^^^^^^^^^^^^^^^^^^^^^^^^^^^^^^
    |
    = help: try reducing the size of `m1_trust_region_controller::M1TrustRegionControllerError<E>`, for example by boxing large elements or replacing it with `Box<m1_trust_region_controller::M1TrustRegionControllerError<E>>`
    = help: for further information visit https://rust-lang.github.io/rust-clippy/master/index.html#result_large_err

error: the `Err`-variant returned from this function is very large
   --> crates/openwepp-land-surface-energy/src/solver_covered_evaluation/m1_hydraulics.rs:21:6
    |
 21 | ) -> Result<M1FullSupplyHydraulics, M1CoupledError> {
    |      ^^^^^^^^^^^^^^^^^^^^^^^^^^^^^^^^^^^^^^^^^^^^^^
    |
   ::: crates/openwepp-land-surface-energy/src/solver_covered_evaluation.rs:784:5
    |
784 |     Numerical(crate::numerics::NumericalFailure),
    |     -------------------------------------------- the largest variant contains at least 248 bytes
    |
    = help: try reducing the size of `solver::M1CoupledError`, for example by boxing large elements or replacing it with `Box<solver::M1CoupledError>`
    = help: for further information visit https://rust-lang.github.io/rust-clippy/master/index.html#result_large_err

error: redundant closure
   --> crates/openwepp-land-surface-energy/src/solver_covered_evaluation/m1_coupled.rs:129:36
    |
129 |     M1_DIAGNOSTIC_FORCE_FAULT.with(|value| value.get())
    |                                    ^^^^^^^^^^^^^^^^^^^ help: replace the closure with the method itself: `std::cell::Cell::get`
    |
    = help: for further information visit https://rust-lang.github.io/rust-clippy/master/index.html#redundant_closure_for_method_calls

error: redundant closure
   --> crates/openwepp-land-surface-energy/src/solver_covered_evaluation/m1_coupled.rs:137:39
    |
137 |     M1_DIAGNOSTIC_FORCE_OVERFLOW.with(|value| value.get())
    |                                       ^^^^^^^^^^^^^^^^^^^ help: replace the closure with the method itself: `std::cell::Cell::get`
    |
    = help: for further information visit https://rust-lang.github.io/rust-clippy/master/index.html#redundant_closure_for_method_calls

error: this function has too many arguments (10/7)
   --> crates/openwepp-land-surface-energy/src/solver_covered_evaluation/m1_coupled.rs:334:1
    |
334 | / fn m1_diagnostic_linear_solve(
335 | |     iteration: u32,
336 | |     corrected_assembly: bool,
337 | |     full_matrix: &[Vec<f64>],
...   |
344 | |     full_direction: &[f64],
345 | | ) {
    | |_^
    |
    = help: for further information visit https://rust-lang.github.io/rust-clippy/master/index.html#too_many_arguments
    = note: `-D clippy::too-many-arguments` implied by `-D warnings`
    = help: to override `-D warnings` add `#[allow(clippy::too_many_arguments)]`

error: this function could have a `#[must_use]` attribute
    --> crates/openwepp-land-surface-energy/src/solver_covered_evaluation/m1_coupled.rs:1811:8
     |
1811 | pub fn m1_phase_join_set_matches_direction(
     |        ^^^^^^^^^^^^^^^^^^^^^^^^^^^^^^^^^^^
     |
     = help: for further information visit https://rust-lang.github.io/rust-clippy/master/index.html#must_use_candidate
     = note: `-D clippy::must-use-candidate` implied by `-D warnings`
     = help: to override `-D warnings` add `#[allow(clippy::must_use_candidate)]`
help: add the attribute
     |
1811 + #[must_use] 
1812 | pub fn m1_phase_join_set_matches_direction(
     |

error: consider adding a `;` to the last statement for consistent formatting
    --> crates/openwepp-land-surface-energy/src/solver_covered_evaluation/m1_coupled.rs:2316:13
     |
2316 | /             evaluation.occupancies[0]
2317 | |                 .hydraulics
2318 | |                 .root_fluxes_kg_m2_tile_s[0] = f64::NAN
     | |_______________________________________________________^
     |
     = help: for further information visit https://rust-lang.github.io/rust-clippy/master/index.html#semicolon_if_nothing_returned
     = note: `-D clippy::semicolon-if-nothing-returned` implied by `-D warnings`
     = help: to override `-D warnings` add `#[allow(clippy::semicolon_if_nothing_returned)]`
help: add a `;` here
     |
2316 |             evaluation.occupancies[0]
2317 |                 .hydraulics
2318 ~                 .root_fluxes_kg_m2_tile_s[0] = f64::NAN;
     |

error: consider adding a `;` to the last statement for consistent formatting
    --> crates/openwepp-land-surface-energy/src/solver_covered_evaluation/m1_coupled.rs:2321:13
     |
2321 | /             evaluation.occupancies[0]
2322 | |                 .hydraulics
2323 | |                 .continuity_residuals_kg_m2_tile_s[0] = f64::NAN
     | |________________________________________________________________^
     |
     = help: for further information visit https://rust-lang.github.io/rust-clippy/master/index.html#semicolon_if_nothing_returned
help: add a `;` here
     |
2321 |             evaluation.occupancies[0]
2322 |                 .hydraulics
2323 ~                 .continuity_residuals_kg_m2_tile_s[0] = f64::NAN;
     |

error: the `Err`-variant returned from this function is very large
    --> crates/openwepp-land-surface-energy/src/solver_covered_evaluation/m1_coupled.rs:2519:6
     |
2519 |   ) -> Result<
     |  ______^
2520 | |     (),
2521 | |     crate::m1_trust_region_controller::M1TrustRegionControllerError<
2522 | |         M1PhysicalTrustRegionAdapterOwnError,
2523 | |     >,
2524 | | > {
     | |_^
     |
    ::: crates/openwepp-land-surface-energy/src/m1_trust_region_controller.rs:8:5
     |
   8 |       Subproblem(super::M1TrustRegionSubproblemRefusal),
     |       ------------------------------------------------- the largest variant contains at least 128 bytes
     |
     = help: try reducing the size of `m1_trust_region_controller::M1TrustRegionControllerError<solver::m1_coupled::M1PhysicalTrustRegionAdapterOwnError>`, for example by boxing large elements or replacing it with `Box<m1_trust_region_controller::M1TrustRegionControllerError<solver::m1_coupled::M1PhysicalTrustRegionAdapterOwnError>>`
     = help: for further information visit https://rust-lang.github.io/rust-clippy/master/index.html#result_large_err

error: the `Err`-variant returned from this function is very large
    --> crates/openwepp-land-surface-energy/src/solver_covered_evaluation/m1_coupled.rs:2538:6
     |
2538 |   ) -> Result<
     |  ______^
2539 | |     M1PhysicalTrustRegionAdapterOutcome,
2540 | |     crate::m1_trust_region_controller::M1TrustRegionControllerError<
2541 | |         M1PhysicalTrustRegionAdapterOwnError,
2542 | |     >,
2543 | | > {
     | |_^
     |
    ::: crates/openwepp-land-surface-energy/src/m1_trust_region_controller.rs:8:5
     |
   8 |       Subproblem(super::M1TrustRegionSubproblemRefusal),
     |       ------------------------------------------------- the largest variant contains at least 128 bytes
     |
     = help: try reducing the size of `m1_trust_region_controller::M1TrustRegionControllerError<solver::m1_coupled::M1PhysicalTrustRegionAdapterOwnError>`, for example by boxing large elements or replacing it with `Box<m1_trust_region_controller::M1TrustRegionControllerError<solver::m1_coupled::M1PhysicalTrustRegionAdapterOwnError>>`
     = help: for further information visit https://rust-lang.github.io/rust-clippy/master/index.html#result_large_err

error: the `Err`-variant returned from this function is very large
    --> crates/openwepp-land-surface-energy/src/solver_covered_evaluation/m1_coupled.rs:2558:6
     |
2558 |   ) -> Result<
     |  ______^
2559 | |     M1PhysicalTrustRegionAdapterOutcome,
2560 | |     crate::m1_trust_region_controller::M1TrustRegionControllerError<
2561 | |         M1PhysicalTrustRegionAdapterOwnError,
2562 | |     >,
2563 | | > {
     | |_^
     |
    ::: crates/openwepp-land-surface-energy/src/m1_trust_region_controller.rs:8:5
     |
   8 |       Subproblem(super::M1TrustRegionSubproblemRefusal),
     |       ------------------------------------------------- the largest variant contains at least 128 bytes
     |
     = help: try reducing the size of `m1_trust_region_controller::M1TrustRegionControllerError<solver::m1_coupled::M1PhysicalTrustRegionAdapterOwnError>`, for example by boxing large elements or replacing it with `Box<m1_trust_region_controller::M1TrustRegionControllerError<solver::m1_coupled::M1PhysicalTrustRegionAdapterOwnError>>`
     = help: for further information visit https://rust-lang.github.io/rust-clippy/master/index.html#result_large_err

error: the `Err`-variant returned from this function is very large
    --> crates/openwepp-land-surface-energy/src/solver_covered_evaluation/m1_coupled.rs:2570:6
     |
2570 |   ) -> Result<
     |  ______^
2571 | |     M1PhysicalTrustRegionAdapterOutcome,
2572 | |     crate::m1_trust_region_controller::M1TrustRegionControllerError<
2573 | |         M1PhysicalTrustRegionAdapterOwnError,
2574 | |     >,
2575 | | > {
     | |_^
     |
    ::: crates/openwepp-land-surface-energy/src/m1_trust_region_controller.rs:8:5
     |
   8 |       Subproblem(super::M1TrustRegionSubproblemRefusal),
     |       ------------------------------------------------- the largest variant contains at least 128 bytes
     |
     = help: try reducing the size of `m1_trust_region_controller::M1TrustRegionControllerError<solver::m1_coupled::M1PhysicalTrustRegionAdapterOwnError>`, for example by boxing large elements or replacing it with `Box<m1_trust_region_controller::M1TrustRegionControllerError<solver::m1_coupled::M1PhysicalTrustRegionAdapterOwnError>>`
     = help: for further information visit https://rust-lang.github.io/rust-clippy/master/index.html#result_large_err

error: the `Err`-variant returned from this closure is very large
    --> crates/openwepp-land-surface-energy/src/solver_covered_evaluation/m1_coupled.rs:2577:18
     |
2577 |       let result = (|| {
     |  __________________^
2578 | |         let run =
2579 | |             crate::m1_trust_region_controller::m1_trust_region_controller_run_for_test(adapter)?;
2580 | |         adapter.observation.controller_run = Some(M1PhysicalTrustRegionControllerRunObservation {
...    |
2598 | |         m1_trust_region_physical_adapter_finalize_run_for_test(adapter, &run)
2599 | |     })();
     | |______^
     |
    ::: crates/openwepp-land-surface-energy/src/m1_trust_region_controller.rs:8:5
     |
   8 |       Subproblem(super::M1TrustRegionSubproblemRefusal),
     |       ------------------------------------------------- the largest variant contains at least 128 bytes
     |
     = help: try reducing the size of `m1_trust_region_controller::M1TrustRegionControllerError<solver::m1_coupled::M1PhysicalTrustRegionAdapterOwnError>`, for example by boxing large elements or replacing it with `Box<m1_trust_region_controller::M1TrustRegionControllerError<solver::m1_coupled::M1PhysicalTrustRegionAdapterOwnError>>`
     = help: for further information visit https://rust-lang.github.io/rust-clippy/master/index.html#result_large_err

error: the `Err`-variant returned from this function is very large
    --> crates/openwepp-land-surface-energy/src/solver_covered_evaluation/m1_coupled.rs:2608:6
     |
2608 |   ) -> Result<
     |  ______^
2609 | |     M1CoupledEvaluation,
2610 | |     crate::m1_trust_region_controller::M1TrustRegionControllerError<
2611 | |         M1PhysicalTrustRegionAdapterOwnError,
2612 | |     >,
2613 | | > {
     | |_^
     |
    ::: crates/openwepp-land-surface-energy/src/m1_trust_region_controller.rs:8:5
     |
   8 |       Subproblem(super::M1TrustRegionSubproblemRefusal),
     |       ------------------------------------------------- the largest variant contains at least 128 bytes
     |
     = help: try reducing the size of `m1_trust_region_controller::M1TrustRegionControllerError<solver::m1_coupled::M1PhysicalTrustRegionAdapterOwnError>`, for example by boxing large elements or replacing it with `Box<m1_trust_region_controller::M1TrustRegionControllerError<solver::m1_coupled::M1PhysicalTrustRegionAdapterOwnError>>`
     = help: for further information visit https://rust-lang.github.io/rust-clippy/master/index.html#result_large_err

error: this function has too many arguments (11/7)
    --> crates/openwepp-land-surface-energy/src/solver_covered_evaluation/m1_coupled.rs:3467:1
     |
3467 | / fn solve_selected_drainage_system(
3468 | |     matrix: &[Vec<f64>],
3469 | |     rhs: &[f64],
3470 | |     raw: &[Vec<f64>],
...    |
3478 | |     activity: &mut M1PhaseJoinActivity,
3479 | | ) -> Result<([f64; 21], f64, f64, [bool; 2], usize), M1CoupledError> {
     | |____________________________________________________________________^
     |
     = help: for further information visit https://rust-lang.github.io/rust-clippy/master/index.html#too_many_arguments

error: this function could have a `#[must_use]` attribute
    --> crates/openwepp-land-surface-energy/src/solver_covered_evaluation/m1_coupled.rs:3596:8
     |
3596 | pub fn m1_controller_failure_activity_for_test(
     |        ^^^^^^^^^^^^^^^^^^^^^^^^^^^^^^^^^^^^^^^
     |
     = help: for further information visit https://rust-lang.github.io/rust-clippy/master/index.html#must_use_candidate
help: add the attribute
     |
3596 + #[must_use] 
3597 | pub fn m1_controller_failure_activity_for_test(
     |

error: this function could have a `#[must_use]` attribute
    --> crates/openwepp-land-surface-energy/src/solver_covered_evaluation/m1_coupled.rs:3609:8
     |
3609 | pub fn m1_last_controller_failure_activity_for_test() -> Option<M1PhaseJoinActivity> {
     |        ^^^^^^^^^^^^^^^^^^^^^^^^^^^^^^^^^^^^^^^^^^^^
     |
     = help: for further information visit https://rust-lang.github.io/rust-clippy/master/index.html#must_use_candidate
help: add the attribute
     |
3609 + #[must_use] 
3610 | pub fn m1_last_controller_failure_activity_for_test() -> Option<M1PhaseJoinActivity> {
     |

error: docs for function which may panic missing `# Panics` section
    --> crates/openwepp-land-surface-energy/src/solver_covered_evaluation/m1_coupled.rs:3944:1
     |
3944 | / pub fn m1_current_unreduced_candidate_for_test(
3945 | |     coordinates: [f64; 21],
3946 | |     direction: [f64; 21],
3947 | |     alpha: f64,
3948 | |     drainage_selected: [bool; 2],
3949 | | ) -> [f64; 21] {
     | |______________^
     |
note: first possible panic found here
    --> crates/openwepp-land-surface-energy/src/solver_covered_evaluation/m1_coupled.rs:3951:9
     |
3951 | /         m1_candidate_coordinate(
3952 | |             coordinates[index],
3953 | |             direction[index],
3954 | |             alpha,
...    |
3958 | |         .expect("test candidate inputs valid")
     | |______________________________________________^
     = help: for further information visit https://rust-lang.github.io/rust-clippy/master/index.html#missing_panics_doc
     = note: `-D clippy::missing-panics-doc` implied by `-D warnings`
     = help: to override `-D warnings` add `#[allow(clippy::missing_panics_doc)]`

error: this function could have a `#[must_use]` attribute
    --> crates/openwepp-land-surface-energy/src/solver_covered_evaluation/m1_coupled.rs:3944:8
     |
3944 | pub fn m1_current_unreduced_candidate_for_test(
     |        ^^^^^^^^^^^^^^^^^^^^^^^^^^^^^^^^^^^^^^^
     |
     = help: for further information visit https://rust-lang.github.io/rust-clippy/master/index.html#must_use_candidate
help: add the attribute
     |
3944 + #[must_use] 
3945 | pub fn m1_current_unreduced_candidate_for_test(
     |

error: this function could have a `#[must_use]` attribute
    --> crates/openwepp-land-surface-energy/src/solver_covered_evaluation/m1_coupled.rs:3963:8
     |
3963 | pub fn m1_trial_coordinates_for_test(trial: &M1CoupledColumnTrial) -> [f64; 21] {
     |        ^^^^^^^^^^^^^^^^^^^^^^^^^^^^^
     |
     = help: for further information visit https://rust-lang.github.io/rust-clippy/master/index.html#must_use_candidate
help: add the attribute
     |
3963 + #[must_use] 
3964 | pub fn m1_trial_coordinates_for_test(trial: &M1CoupledColumnTrial) -> [f64; 21] {
     |

error: the `Err`-variant returned from this function is very large
    --> crates/openwepp-land-surface-energy/src/solver_covered_evaluation/m1_coupled.rs:3971:6
     |
3971 | ) -> Result<(), M1CoupledError> {
     |      ^^^^^^^^^^^^^^^^^^^^^^^^^^
     |
    ::: crates/openwepp-land-surface-energy/src/solver_covered_evaluation.rs:784:5
     |
 784 |     Numerical(crate::numerics::NumericalFailure),
     |     -------------------------------------------- the largest variant contains at least 248 bytes
     |
     = help: try reducing the size of `solver::M1CoupledError`, for example by boxing large elements or replacing it with `Box<solver::M1CoupledError>`
     = help: for further information visit https://rust-lang.github.io/rust-clippy/master/index.html#result_large_err

error: the `Err`-variant returned from this function is very large
    --> crates/openwepp-land-surface-energy/src/solver_covered_evaluation/m1_coupled.rs:4023:6
     |
4023 | ) -> Result<M1CoupledEvaluation, M1CoupledError> {
     |      ^^^^^^^^^^^^^^^^^^^^^^^^^^^^^^^^^^^^^^^^^^^
     |
    ::: crates/openwepp-land-surface-energy/src/solver_covered_evaluation.rs:784:5
     |
 784 |     Numerical(crate::numerics::NumericalFailure),
     |     -------------------------------------------- the largest variant contains at least 248 bytes
     |
     = help: try reducing the size of `solver::M1CoupledError`, for example by boxing large elements or replacing it with `Box<solver::M1CoupledError>`
     = help: for further information visit https://rust-lang.github.io/rust-clippy/master/index.html#result_large_err

error: the `Err`-variant returned from this function is very large
    --> crates/openwepp-land-surface-energy/src/solver_covered_evaluation/m1_coupled.rs:4049:6
     |
4049 | ) -> Result<M1CoupledEvaluation, M1CoupledError> {
     |      ^^^^^^^^^^^^^^^^^^^^^^^^^^^^^^^^^^^^^^^^^^^
     |
    ::: crates/openwepp-land-surface-energy/src/solver_covered_evaluation.rs:784:5
     |
 784 |     Numerical(crate::numerics::NumericalFailure),
     |     -------------------------------------------- the largest variant contains at least 248 bytes
     |
     = help: try reducing the size of `solver::M1CoupledError`, for example by boxing large elements or replacing it with `Box<solver::M1CoupledError>`
     = help: for further information visit https://rust-lang.github.io/rust-clippy/master/index.html#result_large_err

error: consider adding a `;` to the last statement for consistent formatting
    --> crates/openwepp-land-surface-energy/src/solver_covered_evaluation/m1_coupled.rs:4056:17
     |
4056 |                 M1_MATERIALIZATION_OUTPUT_POISON.with(|flag| flag.set(4))
     |                 ^^^^^^^^^^^^^^^^^^^^^^^^^^^^^^^^^^^^^^^^^^^^^^^^^^^^^^^^^ help: add a `;` here: `M1_MATERIALIZATION_OUTPUT_POISON.with(|flag| flag.set(4));`
     |
     = help: for further information visit https://rust-lang.github.io/rust-clippy/master/index.html#semicolon_if_nothing_returned

error: consider adding a `;` to the last statement for consistent formatting
    --> crates/openwepp-land-surface-energy/src/solver_covered_evaluation/m1_coupled.rs:4059:17
     |
4059 |                 M1_MATERIALIZATION_OUTPUT_POISON.with(|flag| flag.set(1))
     |                 ^^^^^^^^^^^^^^^^^^^^^^^^^^^^^^^^^^^^^^^^^^^^^^^^^^^^^^^^^ help: add a `;` here: `M1_MATERIALIZATION_OUTPUT_POISON.with(|flag| flag.set(1));`
     |
     = help: for further information visit https://rust-lang.github.io/rust-clippy/master/index.html#semicolon_if_nothing_returned

error: consider adding a `;` to the last statement for consistent formatting
    --> crates/openwepp-land-surface-energy/src/solver_covered_evaluation/m1_coupled.rs:4062:17
     |
4062 |                 M1_MATERIALIZATION_OUTPUT_POISON.with(|flag| flag.set(2))
     |                 ^^^^^^^^^^^^^^^^^^^^^^^^^^^^^^^^^^^^^^^^^^^^^^^^^^^^^^^^^ help: add a `;` here: `M1_MATERIALIZATION_OUTPUT_POISON.with(|flag| flag.set(2));`
     |
     = help: for further information visit https://rust-lang.github.io/rust-clippy/master/index.html#semicolon_if_nothing_returned

error: consider adding a `;` to the last statement for consistent formatting
    --> crates/openwepp-land-surface-energy/src/solver_covered_evaluation/m1_coupled.rs:4065:17
     |
4065 |                 M1_MATERIALIZATION_OUTPUT_POISON.with(|flag| flag.set(3))
     |                 ^^^^^^^^^^^^^^^^^^^^^^^^^^^^^^^^^^^^^^^^^^^^^^^^^^^^^^^^^ help: add a `;` here: `M1_MATERIALIZATION_OUTPUT_POISON.with(|flag| flag.set(3));`
     |
     = help: for further information visit https://rust-lang.github.io/rust-clippy/master/index.html#semicolon_if_nothing_returned

error: consider adding a `;` to the last statement for consistent formatting
    --> crates/openwepp-land-surface-energy/src/solver_covered_evaluation/m1_coupled.rs:4068:17
     |
4068 |                 M1_MATERIALIZATION_OUTPUT_POISON.with(|flag| flag.set(5))
     |                 ^^^^^^^^^^^^^^^^^^^^^^^^^^^^^^^^^^^^^^^^^^^^^^^^^^^^^^^^^ help: add a `;` here: `M1_MATERIALIZATION_OUTPUT_POISON.with(|flag| flag.set(5));`
     |
     = help: for further information visit https://rust-lang.github.io/rust-clippy/master/index.html#semicolon_if_nothing_returned

error: consider adding a `;` to the last statement for consistent formatting
    --> crates/openwepp-land-surface-energy/src/solver_covered_evaluation/m1_coupled.rs:4071:17
     |
4071 |                 M1_MATERIALIZATION_OUTPUT_POISON.with(|flag| flag.set(6))
     |                 ^^^^^^^^^^^^^^^^^^^^^^^^^^^^^^^^^^^^^^^^^^^^^^^^^^^^^^^^^ help: add a `;` here: `M1_MATERIALIZATION_OUTPUT_POISON.with(|flag| flag.set(6));`
     |
     = help: for further information visit https://rust-lang.github.io/rust-clippy/master/index.html#semicolon_if_nothing_returned

error: consider adding a `;` to the last statement for consistent formatting
    --> crates/openwepp-land-surface-energy/src/solver_covered_evaluation/m1_coupled.rs:4074:17
     |
4074 |                 M1_MATERIALIZATION_OUTPUT_POISON.with(|flag| flag.set(7))
     |                 ^^^^^^^^^^^^^^^^^^^^^^^^^^^^^^^^^^^^^^^^^^^^^^^^^^^^^^^^^ help: add a `;` here: `M1_MATERIALIZATION_OUTPUT_POISON.with(|flag| flag.set(7));`
     |
     = help: for further information visit https://rust-lang.github.io/rust-clippy/master/index.html#semicolon_if_nothing_returned

error: consider adding a `;` to the last statement for consistent formatting
    --> crates/openwepp-land-surface-energy/src/solver_covered_evaluation/m1_coupled.rs:4077:17
     |
4077 |                 core.occupancies[0].non_vapor = f64::NAN
     |                 ^^^^^^^^^^^^^^^^^^^^^^^^^^^^^^^^^^^^^^^^ help: add a `;` here: `core.occupancies[0].non_vapor = f64::NAN;`
     |
     = help: for further information visit https://rust-lang.github.io/rust-clippy/master/index.html#semicolon_if_nothing_returned

error: consider adding a `;` to the last statement for consistent formatting
    --> crates/openwepp-land-surface-energy/src/solver_covered_evaluation/m1_coupled.rs:4080:17
     |
4080 |                 input.column.interval_s = f64::NAN
     |                 ^^^^^^^^^^^^^^^^^^^^^^^^^^^^^^^^^^ help: add a `;` here: `input.column.interval_s = f64::NAN;`
     |
     = help: for further information visit https://rust-lang.github.io/rust-clippy/master/index.html#semicolon_if_nothing_returned

error: consider adding a `;` to the last statement for consistent formatting
    --> crates/openwepp-land-surface-energy/src/solver_covered_evaluation/m1_coupled.rs:4087:17
     |
4087 |                 trial.coordinates[5] = -f64::MIN_POSITIVE
     |                 ^^^^^^^^^^^^^^^^^^^^^^^^^^^^^^^^^^^^^^^^^ help: add a `;` here: `trial.coordinates[5] = -f64::MIN_POSITIVE;`
     |
     = help: for further information visit https://rust-lang.github.io/rust-clippy/master/index.html#semicolon_if_nothing_returned

error: consider adding a `;` to the last statement for consistent formatting
    --> crates/openwepp-land-surface-energy/src/solver_covered_evaluation/m1_coupled.rs:4093:17
     |
4093 |                 core.occupancies[0].mass_residual = 1.0
     |                 ^^^^^^^^^^^^^^^^^^^^^^^^^^^^^^^^^^^^^^^ help: add a `;` here: `core.occupancies[0].mass_residual = 1.0;`
     |
     = help: for further information visit https://rust-lang.github.io/rust-clippy/master/index.html#semicolon_if_nothing_returned

error: consider adding a `;` to the last statement for consistent formatting
    --> crates/openwepp-land-surface-energy/src/solver_covered_evaluation/m1_coupled.rs:4096:17
     |
4096 |                 core.occupancies[0].enthalpy_residual = 1.0
     |                 ^^^^^^^^^^^^^^^^^^^^^^^^^^^^^^^^^^^^^^^^^^^ help: add a `;` here: `core.occupancies[0].enthalpy_residual = 1.0;`
     |
     = help: for further information visit https://rust-lang.github.io/rust-clippy/master/index.html#semicolon_if_nothing_returned

error: consider adding a `;` to the last statement for consistent formatting
    --> crates/openwepp-land-surface-energy/src/solver_covered_evaluation/m1_coupled.rs:4104:17
     |
4104 |                 core.occupancies[0].capacity = f64::NAN
     |                 ^^^^^^^^^^^^^^^^^^^^^^^^^^^^^^^^^^^^^^^ help: add a `;` here: `core.occupancies[0].capacity = f64::NAN;`
     |
     = help: for further information visit https://rust-lang.github.io/rust-clippy/master/index.html#semicolon_if_nothing_returned

error: docs for function which may panic missing `# Panics` section
    --> crates/openwepp-land-surface-energy/src/solver_covered_evaluation/m1_coupled.rs:4119:1
     |
4119 | / pub fn m1_materialize_captured_accepted_poison_for_test(
4120 | |     poison: M1AcceptedMaterializationPoison,
4121 | | ) -> Result<M1CoupledEvaluation, M1CoupledError> {
     | |________________________________________________^
     |
note: first possible panic found here
    --> crates/openwepp-land-surface-energy/src/solver_covered_evaluation/m1_coupled.rs:4122:32
     |
4122 |       let (input, trial, core) = M1_ACCEPTED_CAPTURE
     |  ________________________________^
4123 | |         .with(|capture| capture.borrow().clone())
4124 | |         .expect("accepted materialization capture");
     | |___________________________________________________^
     = help: for further information visit https://rust-lang.github.io/rust-clippy/master/index.html#missing_panics_doc

error: the `Err`-variant returned from this function is very large
    --> crates/openwepp-land-surface-energy/src/solver_covered_evaluation/m1_coupled.rs:4121:6
     |
4121 | ) -> Result<M1CoupledEvaluation, M1CoupledError> {
     |      ^^^^^^^^^^^^^^^^^^^^^^^^^^^^^^^^^^^^^^^^^^^
     |
    ::: crates/openwepp-land-surface-energy/src/solver_covered_evaluation.rs:784:5
     |
 784 |     Numerical(crate::numerics::NumericalFailure),
     |     -------------------------------------------- the largest variant contains at least 248 bytes
     |
     = help: try reducing the size of `solver::M1CoupledError`, for example by boxing large elements or replacing it with `Box<solver::M1CoupledError>`
     = help: for further information visit https://rust-lang.github.io/rust-clippy/master/index.html#result_large_err

error: docs for function which may panic missing `# Panics` section
    --> crates/openwepp-land-surface-energy/src/solver_covered_evaluation/m1_coupled.rs:4129:1
     |
4129 | pub fn m1_materialize_captured_accepted_for_test() -> Result<M1CoupledEvaluation, M1CoupledError> {
     | ^^^^^^^^^^^^^^^^^^^^^^^^^^^^^^^^^^^^^^^^^^^^^^^^^^^^^^^^^^^^^^^^^^^^^^^^^^^^^^^^^^^^^^^^^^^^^^^^^
     |
note: first possible panic found here
    --> crates/openwepp-land-surface-energy/src/solver_covered_evaluation/m1_coupled.rs:4130:32
     |
4130 |       let (input, trial, core) = M1_ACCEPTED_CAPTURE
     |  ________________________________^
4131 | |         .with(|capture| capture.borrow().clone())
4132 | |         .expect("accepted materialization capture");
     | |___________________________________________________^
     = help: for further information visit https://rust-lang.github.io/rust-clippy/master/index.html#missing_panics_doc

error: the `Err`-variant returned from this function is very large
    --> crates/openwepp-land-surface-energy/src/solver_covered_evaluation/m1_coupled.rs:4129:55
     |
4129 | pub fn m1_materialize_captured_accepted_for_test() -> Result<M1CoupledEvaluation, M1CoupledError> {
     |                                                       ^^^^^^^^^^^^^^^^^^^^^^^^^^^^^^^^^^^^^^^^^^^
     |
    ::: crates/openwepp-land-surface-energy/src/solver_covered_evaluation.rs:784:5
     |
 784 |     Numerical(crate::numerics::NumericalFailure),
     |     -------------------------------------------- the largest variant contains at least 248 bytes
     |
     = help: try reducing the size of `solver::M1CoupledError`, for example by boxing large elements or replacing it with `Box<solver::M1CoupledError>`
     = help: for further information visit https://rust-lang.github.io/rust-clippy/master/index.html#result_large_err

error: docs for function which may panic missing `# Panics` section
    --> crates/openwepp-land-surface-energy/src/solver_covered_evaluation/m1_coupled.rs:4137:1
     |
4137 | pub fn m1_captured_finite_overcapacity_core_for_test() -> Result<(f64, f64, f64), M1CoupledError> {
     | ^^^^^^^^^^^^^^^^^^^^^^^^^^^^^^^^^^^^^^^^^^^^^^^^^^^^^^^^^^^^^^^^^^^^^^^^^^^^^^^^^^^^^^^^^^^^^^^^^
     |
note: first possible panic found here
    --> crates/openwepp-land-surface-energy/src/solver_covered_evaluation/m1_coupled.rs:4138:43
     |
4138 |       let (input, mut trial, core_result) = M1_ACCEPTED_CAPTURE
     |  ___________________________________________^
4139 | |         .with(|capture| capture.borrow().clone())
4140 | |         .expect("accepted materialization capture");
     | |___________________________________________________^
     = help: for further information visit https://rust-lang.github.io/rust-clippy/master/index.html#missing_panics_doc

error: the `Err`-variant returned from this function is very large
    --> crates/openwepp-land-surface-energy/src/solver_covered_evaluation/m1_coupled.rs:4137:59
     |
4137 | pub fn m1_captured_finite_overcapacity_core_for_test() -> Result<(f64, f64, f64), M1CoupledError> {
     |                                                           ^^^^^^^^^^^^^^^^^^^^^^^^^^^^^^^^^^^^^^^
     |
    ::: crates/openwepp-land-surface-energy/src/solver_covered_evaluation.rs:784:5
     |
 784 |     Numerical(crate::numerics::NumericalFailure),
     |     -------------------------------------------- the largest variant contains at least 248 bytes
     |
     = help: try reducing the size of `solver::M1CoupledError`, for example by boxing large elements or replacing it with `Box<solver::M1CoupledError>`
     = help: for further information visit https://rust-lang.github.io/rust-clippy/master/index.html#result_large_err

error: docs for function which may panic missing `# Panics` section
    --> crates/openwepp-land-surface-energy/src/solver_covered_evaluation/m1_coupled.rs:4150:1
     |
4150 | pub fn m1_captured_accepted_guard_binding_for_test() -> (f64, f64, f64, f64, f64, f64) {
     | ^^^^^^^^^^^^^^^^^^^^^^^^^^^^^^^^^^^^^^^^^^^^^^^^^^^^^^^^^^^^^^^^^^^^^^^^^^^^^^^^^^^^^^
     |
note: first possible panic found here
    --> crates/openwepp-land-surface-energy/src/solver_covered_evaluation/m1_coupled.rs:4151:32
     |
4151 |       let (input, trial, core) = M1_ACCEPTED_CAPTURE
     |  ________________________________^
4152 | |         .with(|capture| capture.borrow().clone())
4153 | |         .expect("accepted materialization capture");
     | |___________________________________________________^
     = help: for further information visit https://rust-lang.github.io/rust-clippy/master/index.html#missing_panics_doc

error: this function could have a `#[must_use]` attribute
    --> crates/openwepp-land-surface-energy/src/solver_covered_evaluation/m1_coupled.rs:4150:8
     |
4150 | pub fn m1_captured_accepted_guard_binding_for_test() -> (f64, f64, f64, f64, f64, f64) {
     |        ^^^^^^^^^^^^^^^^^^^^^^^^^^^^^^^^^^^^^^^^^^^
     |
     = help: for further information visit https://rust-lang.github.io/rust-clippy/master/index.html#must_use_candidate
help: add the attribute
     |
4150 + #[must_use] 
4151 | pub fn m1_captured_accepted_guard_binding_for_test() -> (f64, f64, f64, f64, f64, f64) {
     |

error: very complex type used. Consider factoring parts into `type` definitions
    --> crates/openwepp-land-surface-energy/src/solver_covered_evaluation/m1_coupled.rs:4196:6
     |
4196 | ) -> (Result<(Vec<f64>, f64, f64), &'static str>, u32) {
     |      ^^^^^^^^^^^^^^^^^^^^^^^^^^^^^^^^^^^^^^^^^^^^^^^^^
     |
     = help: for further information visit https://rust-lang.github.io/rust-clippy/master/index.html#type_complexity

error: this argument is passed by value, but not consumed in the function body
    --> crates/openwepp-land-surface-energy/src/solver_covered_evaluation/m1_coupled.rs:4195:15
     |
4195 |     metadata: M1DrainageMetadataTestView,
     |               ^^^^^^^^^^^^^^^^^^^^^^^^^^
     |
help: or consider marking this type as `Copy`
    --> crates/openwepp-land-surface-energy/src/solver_covered_evaluation/m1_coupled.rs:4170:1
     |
4170 | pub struct M1DrainageMetadataTestView {
     | ^^^^^^^^^^^^^^^^^^^^^^^^^^^^^^^^^^^^^
     = help: for further information visit https://rust-lang.github.io/rust-clippy/master/index.html#needless_pass_by_value
     = note: `-D clippy::needless-pass-by-value` implied by `-D warnings`
     = help: to override `-D warnings` add `#[allow(clippy::needless_pass_by_value)]`
help: consider taking a reference instead
     |
4195 |     metadata: &M1DrainageMetadataTestView,
     |               +

error: redundant closure
    --> crates/openwepp-land-surface-energy/src/solver_covered_evaluation/m1_coupled.rs:4605:107
     |
4605 | ...s[3], trial.coordinates[4]).ok().map(|value| value.liquid_mass_kg_m2()),
     |                                         ^^^^^^^^^^^^^^^^^^^^^^^^^^^^^^^^^ help: replace the closure with the method itself: `openwepp_vegetation::cold_canopy_m1::M1PhaseReservoir::liquid_mass_kg_m2`
     |
     = help: for further information visit https://rust-lang.github.io/rust-clippy/master/index.html#redundant_closure_for_method_calls

error: redundant closure
    --> crates/openwepp-land-surface-energy/src/solver_covered_evaluation/m1_coupled.rs:4606:108
     |
4606 | ...[9], trial.coordinates[10]).ok().map(|value| value.liquid_mass_kg_m2()),
     |                                         ^^^^^^^^^^^^^^^^^^^^^^^^^^^^^^^^^ help: replace the closure with the method itself: `openwepp_vegetation::cold_canopy_m1::M1PhaseReservoir::liquid_mass_kg_m2`
     |
     = help: for further information visit https://rust-lang.github.io/rust-clippy/master/index.html#redundant_closure_for_method_calls

error: redundant closure
    --> crates/openwepp-land-surface-energy/src/solver_covered_evaluation/m1_coupled.rs:4639:107
     |
4639 | ...s[3], trial.coordinates[4]).ok().map(|value| value.liquid_mass_kg_m2()),
     |                                         ^^^^^^^^^^^^^^^^^^^^^^^^^^^^^^^^^ help: replace the closure with the method itself: `openwepp_vegetation::cold_canopy_m1::M1PhaseReservoir::liquid_mass_kg_m2`
     |
     = help: for further information visit https://rust-lang.github.io/rust-clippy/master/index.html#redundant_closure_for_method_calls

error: redundant closure
    --> crates/openwepp-land-surface-energy/src/solver_covered_evaluation/m1_coupled.rs:4640:108
     |
4640 | ...[9], trial.coordinates[10]).ok().map(|value| value.liquid_mass_kg_m2()),
     |                                         ^^^^^^^^^^^^^^^^^^^^^^^^^^^^^^^^^ help: replace the closure with the method itself: `openwepp_vegetation::cold_canopy_m1::M1PhaseReservoir::liquid_mass_kg_m2`
     |
     = help: for further information visit https://rust-lang.github.io/rust-clippy/master/index.html#redundant_closure_for_method_calls

error: very complex type used. Consider factoring parts into `type` definitions
    --> crates/openwepp-land-surface-energy/src/solver_covered_evaluation/m1_coupled.rs:5311:6
     |
5311 |   ) -> (
     |  ______^
5312 | |     Result<M1CoupledEvaluation, M1CoupledError>,
5313 | |     Vec<(u32, bool)>,
5314 | |     Vec<(u32, bool)>,
5315 | | ) {
     | |_^
     |
     = help: for further information visit https://rust-lang.github.io/rust-clippy/master/index.html#type_complexity

error: this function could have a `#[must_use]` attribute
    --> crates/openwepp-land-surface-energy/src/solver_covered_evaluation/m1_coupled.rs:5332:8
     |
5332 | pub fn m1_solve_with_halved_hydraulic_incomplete_for_test(
     |        ^^^^^^^^^^^^^^^^^^^^^^^^^^^^^^^^^^^^^^^^^^^^^^^^^^
     |
     = help: for further information visit https://rust-lang.github.io/rust-clippy/master/index.html#must_use_candidate
help: add the attribute
     |
5332 + #[must_use] 
5333 | pub fn m1_solve_with_halved_hydraulic_incomplete_for_test(
     |

error: very complex type used. Consider factoring parts into `type` definitions
    --> crates/openwepp-land-surface-energy/src/solver_covered_evaluation/m1_coupled.rs:5335:6
     |
5335 | ) -> (Vec<(u32, bool)>, Vec<(u32, bool)>) {
     |      ^^^^^^^^^^^^^^^^^^^^^^^^^^^^^^^^^^^^
     |
     = help: for further information visit https://rust-lang.github.io/rust-clippy/master/index.html#type_complexity

error: this function could have a `#[must_use]` attribute
    --> crates/openwepp-land-surface-energy/src/solver_covered_evaluation/m1_coupled.rs:5403:8
     |
5403 | pub fn m1_solve_with_full_witness_for_test(input: &M1CoupledColumnInput) -> Vec<(u32, bool)> {
     |        ^^^^^^^^^^^^^^^^^^^^^^^^^^^^^^^^^^^
     |
     = help: for further information visit https://rust-lang.github.io/rust-clippy/master/index.html#must_use_candidate
help: add the attribute
     |
5403 + #[must_use] 
5404 | pub fn m1_solve_with_full_witness_for_test(input: &M1CoupledColumnInput) -> Vec<(u32, bool)> {
     |

error: the `Err`-variant returned from this function is very large
    --> crates/openwepp-land-surface-energy/src/solver_covered_evaluation/m1_coupled.rs:5458:6
     |
5458 | ) -> Result<M1CoupledEvaluation, M1CoupledError> {
     |      ^^^^^^^^^^^^^^^^^^^^^^^^^^^^^^^^^^^^^^^^^^^
     |
    ::: crates/openwepp-land-surface-energy/src/solver_covered_evaluation.rs:784:5
     |
 784 |     Numerical(crate::numerics::NumericalFailure),
     |     -------------------------------------------- the largest variant contains at least 248 bytes
     |
     = help: try reducing the size of `solver::M1CoupledError`, for example by boxing large elements or replacing it with `Box<solver::M1CoupledError>`
     = help: for further information visit https://rust-lang.github.io/rust-clippy/master/index.html#result_large_err

error: this function could have a `#[must_use]` attribute
    --> crates/openwepp-land-surface-energy/src/solver_covered_evaluation/m1_coupled.rs:5469:8
     |
5469 | pub fn m1_solve_with_first_halved_step_poison_for_test(
     |        ^^^^^^^^^^^^^^^^^^^^^^^^^^^^^^^^^^^^^^^^^^^^^^^
     |
     = help: for further information visit https://rust-lang.github.io/rust-clippy/master/index.html#must_use_candidate
help: add the attribute
     |
5469 + #[must_use] 
5470 | pub fn m1_solve_with_first_halved_step_poison_for_test(
     |

error: strict comparison of `f32` or `f64`
   --> crates/openwepp-land-surface-energy/src/solver_litter_open.rs:395:9
    |
395 |         assert_eq!(detail.vapor.liquid_signed_mass_kg_m2, 0.0);
    |         ^^^^^^^^^^^^^^^^^^^^^^^^^^^^^^^^^^^^^^^^^^^^^^^^^^^^^^
    |
    = help: for further information visit https://rust-lang.github.io/rust-clippy/master/index.html#float_cmp

error: strict comparison of `f32` or `f64`
   --> crates/openwepp-land-surface-energy/src/solver_litter_open.rs:396:9
    |
396 | /         assert_eq!(
397 | |             detail.vapor.ice_signed_mass_kg_m2,
398 | |             1e-8 * problem.interval_s
399 | |         );
    | |_________^
    |
    = help: for further information visit https://rust-lang.github.io/rust-clippy/master/index.html#float_cmp

error: strict comparison of `f32` or `f64`
   --> crates/openwepp-land-surface-energy/src/solver_litter_open.rs:518:9
    |
518 |         assert_eq!(detail.post_vapor.liquid_kg_m2_tile, wl);
    |         ^^^^^^^^^^^^^^^^^^^^^^^^^^^^^^^^^^^^^^^^^^^^^^^^^^^
    |
    = help: for further information visit https://rust-lang.github.io/rust-clippy/master/index.html#float_cmp

error: strict comparison of `f32` or `f64`
   --> crates/openwepp-land-surface-energy/src/solver_litter_open.rs:519:9
    |
519 |         assert_eq!(detail.post_vapor.ice_kg_m2_tile, wi);
    |         ^^^^^^^^^^^^^^^^^^^^^^^^^^^^^^^^^^^^^^^^^^^^^^^^
    |
    = help: for further information visit https://rust-lang.github.io/rust-clippy/master/index.html#float_cmp

error: strict comparison of `f32` or `f64`
   --> crates/openwepp-land-surface-energy/src/solver_litter_open.rs:521:9
    |
521 |         assert_eq!(detail.post_vapor.sensible_energy_j_m2_tile, u);
    |         ^^^^^^^^^^^^^^^^^^^^^^^^^^^^^^^^^^^^^^^^^^^^^^^^^^^^^^^^^^
    |
    = help: for further information visit https://rust-lang.github.io/rust-clippy/master/index.html#float_cmp

error: consider adding a `;` to the last statement for consistent formatting
    --> crates/openwepp-land-surface-energy/src/solver_mechanism_audit.rs:1100:17
     |
1100 | /                 cell.borrow_mut().as_mut().unwrap().last =
1101 | |                     Some(start + std::time::Duration::from_secs(1))
     | |___________________________________________________________________^
     |
     = help: for further information visit https://rust-lang.github.io/rust-clippy/master/index.html#semicolon_if_nothing_returned
help: add a `;` here
     |
1100 |                 cell.borrow_mut().as_mut().unwrap().last =
1101 ~                     Some(start + std::time::Duration::from_secs(1));
     |

error: item in documentation is missing backticks
  --> crates/openwepp-land-surface-energy/src/solver_residual_corpus_capture.rs:73:51
   |
73 |     /// Positive/zero executed component area, or not_applicable for other coordinates.
   |                                                   ^^^^^^^^^^^^^^
   |
   = help: for further information visit https://rust-lang.github.io/rust-clippy/master/index.html#doc_markdown
   = note: `-D clippy::doc-markdown` implied by `-D warnings`
   = help: to override `-D warnings` add `#[allow(clippy::doc_markdown)]`
help: try
   |
73 -     /// Positive/zero executed component area, or not_applicable for other coordinates.
73 +     /// Positive/zero executed component area, or `not_applicable` for other coordinates.
   |

error: item in documentation is missing backticks
  --> crates/openwepp-land-surface-energy/src/solver_residual_corpus_capture.rs:75:20
   |
75 |     /// lifecycle, finite_difference, or identity_anchor.
   |                    ^^^^^^^^^^^^^^^^^
   |
   = help: for further information visit https://rust-lang.github.io/rust-clippy/master/index.html#doc_markdown
help: try
   |
75 -     /// lifecycle, finite_difference, or identity_anchor.
75 +     /// lifecycle, `finite_difference`, or identity_anchor.
   |

error: item in documentation is missing backticks
  --> crates/openwepp-land-surface-energy/src/solver_residual_corpus_capture.rs:75:42
   |
75 |     /// lifecycle, finite_difference, or identity_anchor.
   |                                          ^^^^^^^^^^^^^^^
   |
   = help: for further information visit https://rust-lang.github.io/rust-clippy/master/index.html#doc_markdown
help: try
   |
75 -     /// lifecycle, finite_difference, or identity_anchor.
75 +     /// lifecycle, finite_difference, or `identity_anchor`.
   |

error: item in documentation is missing backticks
   --> crates/openwepp-land-surface-energy/src/solver_residual_corpus_capture.rs:428:60
    |
428 | /// Bounded test-support evidence; the full-supply Covered FixedFinal vector is
    |                                                            ^^^^^^^^^^
    |
    = help: for further information visit https://rust-lang.github.io/rust-clippy/master/index.html#doc_markdown
help: try
    |
428 - /// Bounded test-support evidence; the full-supply Covered FixedFinal vector is
428 + /// Bounded test-support evidence; the full-supply Covered `FixedFinal` vector is
    |

error: large size difference between variants
   --> crates/openwepp-land-surface-energy/src/solver_residual_corpus_capture.rs:440:1
    |
440 | /  enum ObserverSolveResult {
441 | |      Covered(Result<crate::CoveredColumnSolveOutcome, crate::LandSurfaceEnergyError>),
    | |      -------------------------------------------------------------------------------- the second-largest variant contains at least 256 bytes
442 | |/     V3(
443 | ||         Result<
444 | ||             crate::NormalizedSolveOutcome<crate::V3PhaseFreeCoveredEvaluation>,
445 | ||             crate::LandSurfaceEnergyError,
446 | ||         >,
447 | ||     ),
    | ||_____- the largest variant contains at least 816 bytes
448 | |  }
    | |__^ the entire enum is at least 816 bytes
    |
    = help: for further information visit https://rust-lang.github.io/rust-clippy/master/index.html#large_enum_variant
    = note: `-D clippy::large-enum-variant` implied by `-D warnings`
    = help: to override `-D warnings` add `#[allow(clippy::large_enum_variant)]`
help: consider boxing the large fields or introducing indirection in some other way to reduce the total size of the enum
    |
443 ~         Box<Result<
444 +             crate::NormalizedSolveOutcome<crate::V3PhaseFreeCoveredEvaluation>,
445 +             crate::LandSurfaceEnergyError,
446 ~         >>,
    |

error: consider adding a `;` to the last statement for consistent formatting
    --> crates/openwepp-land-surface-energy/src/solver_residual_corpus_capture.rs:1084:13
     |
1084 | /             active.borrow_mut().as_mut().expect("active").current =
1085 | |                 Some((Family::GenericV3, Pass::Potential, vec![[1.0; 4]; 2], 25))
     | |_________________________________________________________________________________^
     |
     = help: for further information visit https://rust-lang.github.io/rust-clippy/master/index.html#semicolon_if_nothing_returned
help: add a `;` here
     |
1084 |             active.borrow_mut().as_mut().expect("active").current =
1085 ~                 Some((Family::GenericV3, Pass::Potential, vec![[1.0; 4]; 2], 25));
     |

error: consider adding a `;` to the last statement for consistent formatting
    --> crates/openwepp-land-surface-energy/src/solver_residual_corpus_capture.rs:1150:13
     |
1150 | /             active.borrow_mut().as_mut().expect("active").current = Some((
1151 | |                 Family::Covered,
1152 | |                 Pass::FixedFinal,
1153 | |                 vec![[1.0, 0.0, 2.0, 0.0]; 30],
1154 | |                 305,
1155 | |             ))
     | |______________^
     |
     = help: for further information visit https://rust-lang.github.io/rust-clippy/master/index.html#semicolon_if_nothing_returned
help: add a `;` here
     |
1150 |             active.borrow_mut().as_mut().expect("active").current = Some((
 ...
1154 |                 305,
1155 ~             ));
     |

error: strict comparison of `f32` or `f64`
    --> crates/openwepp-land-surface-energy/src/transaction.rs:2211:12
     |
2211 |         && ground_vapor != boundary.vapor_to_canopy_air_kg_m2_s
     |            ^^^^^^^^^^^^^^^^^^^^^^^^^^^^^^^^^^^^^^^^^^^^^^^^^^^^ help: consider comparing them within some margin of error: `(ground_vapor - boundary.vapor_to_canopy_air_kg_m2_s).abs() > error_margin`
     |
     = help: for further information visit https://rust-lang.github.io/rust-clippy/master/index.html#float_cmp

error: this method could have a `#[must_use]` attribute
    --> crates/openwepp-land-surface-energy/src/transaction.rs:2999:12
     |
2999 |     pub fn accuracy_observation_beginning(&self) -> &OpenSurfaceProblem {
     |            ^^^^^^^^^^^^^^^^^^^^^^^^^^^^^^
     |
     = help: for further information visit https://rust-lang.github.io/rust-clippy/master/index.html#must_use_candidate
help: add the attribute
     |
2999 ~     #[must_use] 
3000 ~     pub fn accuracy_observation_beginning(&self) -> &OpenSurfaceProblem {
     |

error: this function has too many lines (124/100)
   --> crates/openwepp-land-surface-energy/src/transaction_v3_tests.rs:509:1
    |
509 | fn native_snow_shared_node_evaluates_constitutive_fluxes_independent_of_guess() {
    | ^^^^^^^^^^^^^^^^^^^^^^^^^^^^^^^^^^^^^^^^^^^^^^^^^^^^^^^^^^^^^^^^^^^^^^^^^^^^^^^
    |
    = help: for further information visit https://rust-lang.github.io/rust-clippy/master/index.html#too_many_lines

error: strict comparison of `f32` or `f64`
   --> crates/openwepp-land-surface-energy/src/transaction_v3_tests.rs:587:9
    |
587 |         assert_eq!(actual.ground_sensible_to_canopy_air_w_m2, expected_h);
    |         ^^^^^^^^^^^^^^^^^^^^^^^^^^^^^^^^^^^^^^^^^^^^^^^^^^^^^^^^^^^^^^^^^
    |
    = help: for further information visit https://rust-lang.github.io/rust-clippy/master/index.html#float_cmp

error: strict comparison of `f32` or `f64`
   --> crates/openwepp-land-surface-energy/src/transaction_v3_tests.rs:588:9
    |
588 | /         assert_eq!(
589 | |             actual.lower_boundary_vapor_to_canopy_air_kg_m2_s,
590 | |             expected_v
591 | |         );
    | |_________^
    |
    = help: for further information visit https://rust-lang.github.io/rust-clippy/master/index.html#float_cmp

error: strict comparison of `f32` or `f64`
   --> crates/openwepp-land-surface-energy/src/transaction_v3_tests.rs:668:5
    |
668 | /     assert_eq!(
669 | |         r[8], 0.0,
670 | |         "transparent numerical coordinate retains canonical anchor; passage temperature is separate"
671 | |     );
    | |_____^
    |
    = help: for further information visit https://rust-lang.github.io/rust-clippy/master/index.html#float_cmp

error: this function has too many lines (203/100)
   --> crates/openwepp-land-surface-energy/src/transaction_v3_tests.rs:724:1
    |
724 | fn transparent_liquid_source_poisons_two_ranks_and_solver_parity() {
    | ^^^^^^^^^^^^^^^^^^^^^^^^^^^^^^^^^^^^^^^^^^^^^^^^^^^^^^^^^^^^^^^^^^
    |
    = help: for further information visit https://rust-lang.github.io/rust-clippy/master/index.html#too_many_lines

error: strict comparison of `f32` or `f64`
   --> crates/openwepp-land-surface-energy/src/transaction_v3_tests.rs:769:5
    |
769 |     assert_eq!(c.inactive_component_anchor_k(2, 310.0), 310.0);
    |     ^^^^^^^^^^^^^^^^^^^^^^^^^^^^^^^^^^^^^^^^^^^^^^^^^^^^^^^^^^
    |
    = help: for further information visit https://rust-lang.github.io/rust-clippy/master/index.html#float_cmp

error: consider adding a `;` to the last statement for consistent formatting
   --> crates/openwepp-land-surface-energy/src/transaction_v3_tests.rs:796:17
    |
796 | /                 foreign.precipitation_parcels[0].temperature_provider =
797 | |                     crate::LiquidTemperatureProvider::AcceptedUpstreamOutletParcel
    | |__________________________________________________________________________________^
    |
    = help: for further information visit https://rust-lang.github.io/rust-clippy/master/index.html#semicolon_if_nothing_returned
help: add a `;` here
    |
796 |                 foreign.precipitation_parcels[0].temperature_provider =
797 ~                     crate::LiquidTemperatureProvider::AcceptedUpstreamOutletParcel;
    |

error: consider adding a `;` to the last statement for consistent formatting
   --> crates/openwepp-land-surface-energy/src/transaction_v3_tests.rs:802:17
    |
802 | /                 foreign.precipitation_parcels[0].amount_kg_m2_destination_tile_ground =
803 | |                     f64::from_bits(1)
    | |_____________________________________^
    |
    = help: for further information visit https://rust-lang.github.io/rust-clippy/master/index.html#semicolon_if_nothing_returned
help: add a `;` here
    |
802 |                 foreign.precipitation_parcels[0].amount_kg_m2_destination_tile_ground =
803 ~                     f64::from_bits(1);
    |

error: strict comparison of `f32` or `f64`
   --> crates/openwepp-land-surface-energy/src/transaction_v3_tests.rs:845:5
    |
845 |     assert_eq!(dry.inactive_component_anchor_k(2, 300.0), 300.0);
    |     ^^^^^^^^^^^^^^^^^^^^^^^^^^^^^^^^^^^^^^^^^^^^^^^^^^^^^^^^^^^^
    |
    = help: for further information visit https://rust-lang.github.io/rust-clippy/master/index.html#float_cmp

error: strict comparison of `f32` or `f64`
   --> crates/openwepp-land-surface-energy/src/transaction_v3_tests.rs:949:5
    |
949 |     assert_eq!(c.inactive_component_anchor_k(2, 265.0), 273.15);
    |     ^^^^^^^^^^^^^^^^^^^^^^^^^^^^^^^^^^^^^^^^^^^^^^^^^^^^^^^^^^^
    |
    = help: for further information visit https://rust-lang.github.io/rust-clippy/master/index.html#float_cmp

error: strict comparison of `f32` or `f64`
   --> crates/openwepp-land-surface-energy/src/transaction_v3_tests.rs:950:5
    |
950 |     assert_eq!(c.inactive_component_anchor_k(2, 300.0), 300.0);
    |     ^^^^^^^^^^^^^^^^^^^^^^^^^^^^^^^^^^^^^^^^^^^^^^^^^^^^^^^^^^
    |
    = help: for further information visit https://rust-lang.github.io/rust-clippy/master/index.html#float_cmp

error: strict comparison of `f32` or `f64`
   --> crates/openwepp-land-surface-energy/src/transaction_v3_tests.rs:967:9
    |
967 |         assert_eq!(ledger.wet_surface_temperature_k, 265.28179297231515);
    |         ^^^^^^^^^^^^^^^^^^^^^^^^^^^^^^^^^^^^^^^^^^^^^^^^^^^^^^^^^^^^^^^^
    |
    = help: for further information visit https://rust-lang.github.io/rust-clippy/master/index.html#float_cmp

error: strict comparison of `f32` or `f64` arrays
   --> crates/openwepp-land-surface-energy/src/m1_coupled_tests.rs:172:5
    |
172 | /     assert_ne!(
173 | |         installed_current_coordinates,
174 | |         installed_candidate_coordinates
175 | |     );
    | |_____^
    |
    = help: for further information visit https://rust-lang.github.io/rust-clippy/master/index.html#float_cmp

error: strict comparison of `f32` or `f64`
    --> crates/openwepp-land-surface-energy/src/m1_coupled_tests.rs:1951:5
     |
1951 |     assert_eq!(seed[5], 0.0);
     |     ^^^^^^^^^^^^^^^^^^^^^^^^
     |
     = help: for further information visit https://rust-lang.github.io/rust-clippy/master/index.html#float_cmp

error: strict comparison of `f32` or `f64`
    --> crates/openwepp-land-surface-energy/src/m1_coupled_tests.rs:1952:5
     |
1952 |     assert_eq!(seed[11], 0.0);
     |     ^^^^^^^^^^^^^^^^^^^^^^^^^
     |
     = help: for further information visit https://rust-lang.github.io/rust-clippy/master/index.html#float_cmp

error: strict comparison of `f32` or `f64`
    --> crates/openwepp-land-surface-energy/src/m1_coupled_tests.rs:2297:17
     |
2297 | /                 assert_eq!(
2298 | |                     column[inactive_row],
2299 | |                     if column_index == inactive_row {
2300 | |                         1.0
...    |
2304 | |                 );
     | |_________________^
     |
     = help: for further information visit https://rust-lang.github.io/rust-clippy/master/index.html#float_cmp

error: strict comparison of `f32` or `f64`
    --> crates/openwepp-land-surface-energy/src/m1_coupled_tests.rs:2327:5
     |
2327 |     assert_eq!(result.support_duration_s(), 60.0);
     |     ^^^^^^^^^^^^^^^^^^^^^^^^^^^^^^^^^^^^^^^^^^^^^
     |
     = help: for further information visit https://rust-lang.github.io/rust-clippy/master/index.html#float_cmp

error: strict comparison of `f32` or `f64`
    --> crates/openwepp-land-surface-energy/src/m1_coupled_tests.rs:2362:5
     |
2362 |     assert_eq!(solved.support_duration_s(), 60.);
     |     ^^^^^^^^^^^^^^^^^^^^^^^^^^^^^^^^^^^^^^^^^^^^
     |
     = help: for further information visit https://rust-lang.github.io/rust-clippy/master/index.html#float_cmp

error: strict comparison of `f32` or `f64`
    --> crates/openwepp-land-surface-energy/src/m1_coupled_tests.rs:2372:9
     |
2372 |         assert_eq!(operand.beginning_mass_kg_m2, 0.018);
     |         ^^^^^^^^^^^^^^^^^^^^^^^^^^^^^^^^^^^^^^^^^^^^^^^
     |
     = help: for further information visit https://rust-lang.github.io/rust-clippy/master/index.html#float_cmp

error: strict comparison of `f32` or `f64`
    --> crates/openwepp-land-surface-energy/src/m1_coupled_tests.rs:2373:9
     |
2373 |         assert_eq!(operand.beginning_enthalpy_j_m2, 0.0);
     |         ^^^^^^^^^^^^^^^^^^^^^^^^^^^^^^^^^^^^^^^^^^^^^^^^
     |
     = help: for further information visit https://rust-lang.github.io/rust-clippy/master/index.html#float_cmp

error: strict comparison of `f32` or `f64`
    --> crates/openwepp-land-surface-energy/src/m1_coupled_tests.rs:2377:13
     |
2377 |             operand.ending_mass_kg_m2 != operand.beginning_mass_kg_m2
     |             ^^^^^^^^^^^^^^^^^^^^^^^^^^^^^^^^^^^^^^^^^^^^^^^^^^^^^^^^^ help: consider comparing them within some margin of error: `(operand.ending_mass_kg_m2 - operand.beginning_mass_kg_m2).abs() > error_margin`
     |
     = help: for further information visit https://rust-lang.github.io/rust-clippy/master/index.html#float_cmp

error: strict comparison of `f32` or `f64`
    --> crates/openwepp-land-surface-energy/src/m1_coupled_tests.rs:2378:20
     |
2378 |                 || operand.ending_enthalpy_j_m2 != operand.beginning_enthalpy_j_m2
     |                    ^^^^^^^^^^^^^^^^^^^^^^^^^^^^^^^^^^^^^^^^^^^^^^^^^^^^^^^^^^^^^^^ help: consider comparing them within some margin of error: `(operand.ending_enthalpy_j_m2 - operand.beginning_enthalpy_j_m2).abs() > error_margin`
     |
     = help: for further information visit https://rust-lang.github.io/rust-clippy/master/index.html#float_cmp

error: this function has too many lines (153/100)
    --> crates/openwepp-land-surface-energy/src/m1_coupled_tests.rs:2429:1
     |
2429 | fn m1_guard_expected_red_actual_materializer_rejects_published_and_accepted_state_poisons() {
     | ^^^^^^^^^^^^^^^^^^^^^^^^^^^^^^^^^^^^^^^^^^^^^^^^^^^^^^^^^^^^^^^^^^^^^^^^^^^^^^^^^^^^^^^^^^^
     |
     = help: for further information visit https://rust-lang.github.io/rust-clippy/master/index.html#too_many_lines

error: strict comparison of `f32` or `f64`
    --> crates/openwepp-land-surface-energy/src/m1_coupled_tests.rs:2461:5
     |
2461 |     assert_eq!(beginning_mass, 0.018, "captured accepted M0");
     |     ^^^^^^^^^^^^^^^^^^^^^^^^^^^^^^^^^^^^^^^^^^^^^^^^^^^^^^^^^
     |
     = help: for further information visit https://rust-lang.github.io/rust-clippy/master/index.html#float_cmp

error: consider adding a `;` to the last statement for consistent formatting
    --> crates/openwepp-land-surface-energy/src/m1_coupled_tests.rs:2574:17
     |
2574 |                 unexpected.push(format!("{poison:?}: {}, expected {code}", error.code()))
     |                 ^^^^^^^^^^^^^^^^^^^^^^^^^^^^^^^^^^^^^^^^^^^^^^^^^^^^^^^^^^^^^^^^^^^^^^^^^ help: add a `;` here: `unexpected.push(format!("{poison:?}: {}, expected {code}", error.code()));`
     |
     = help: for further information visit https://rust-lang.github.io/rust-clippy/master/index.html#semicolon_if_nothing_returned

error: this function has too many lines (136/100)
    --> crates/openwepp-land-surface-energy/src/m1_coupled_tests.rs:2586:1
     |
2586 | fn m1_guard_expected_red_empty_positive_components_reject_external_supersaturation() {
     | ^^^^^^^^^^^^^^^^^^^^^^^^^^^^^^^^^^^^^^^^^^^^^^^^^^^^^^^^^^^^^^^^^^^^^^^^^^^^^^^^^^^^
     |
     = help: for further information visit https://rust-lang.github.io/rust-clippy/master/index.html#too_many_lines

error: strict comparison of `f32` or `f64`
    --> crates/openwepp-land-surface-energy/src/m1_coupled_tests.rs:2998:5
     |
2998 |     assert_ne!(matrix[0][5], 0.0);
     |     ^^^^^^^^^^^^^^^^^^^^^^^^^^^^^
     |
     = help: for further information visit https://rust-lang.github.io/rust-clippy/master/index.html#float_cmp

error: strict comparison of `f32` or `f64`
    --> crates/openwepp-land-surface-energy/src/m1_coupled_tests.rs:2999:5
     |
2999 |     assert_ne!(matrix[1][11], 0.0);
     |     ^^^^^^^^^^^^^^^^^^^^^^^^^^^^^^
     |
     = help: for further information visit https://rust-lang.github.io/rust-clippy/master/index.html#float_cmp

error: strict comparison of `f32` or `f64`
    --> crates/openwepp-land-surface-energy/src/m1_coupled_tests.rs:3008:9
     |
3008 |         assert_eq!(direction[0], 0.5);
     |         ^^^^^^^^^^^^^^^^^^^^^^^^^^^^^
     |
     = help: for further information visit https://rust-lang.github.io/rust-clippy/master/index.html#float_cmp

error: strict comparison of `f32` or `f64`
    --> crates/openwepp-land-surface-energy/src/m1_coupled_tests.rs:3009:9
     |
3009 |         assert_eq!(direction[1], -1.5);
     |         ^^^^^^^^^^^^^^^^^^^^^^^^^^^^^^
     |
     = help: for further information visit https://rust-lang.github.io/rust-clippy/master/index.html#float_cmp

error: strict comparison of `f32` or `f64`
    --> crates/openwepp-land-surface-energy/src/m1_coupled_tests.rs:3010:9
     |
3010 |         assert_eq!(direction[5], -2.0);
     |         ^^^^^^^^^^^^^^^^^^^^^^^^^^^^^^
     |
     = help: for further information visit https://rust-lang.github.io/rust-clippy/master/index.html#float_cmp

error: strict comparison of `f32` or `f64`
    --> crates/openwepp-land-surface-energy/src/m1_coupled_tests.rs:3011:9
     |
3011 |         assert_eq!(direction[11], -3.0);
     |         ^^^^^^^^^^^^^^^^^^^^^^^^^^^^^^^
     |
     = help: for further information visit https://rust-lang.github.io/rust-clippy/master/index.html#float_cmp

error: strict comparison of `f32` or `f64`
    --> crates/openwepp-land-surface-energy/src/m1_coupled_tests.rs:3014:17
     |
3014 |                 assert_eq!(*value, 0.0, "closed-form row {index}");
     |                 ^^^^^^^^^^^^^^^^^^^^^^^^^^^^^^^^^^^^^^^^^^^^^^^^^^
     |
     = help: for further information visit https://rust-lang.github.io/rust-clippy/master/index.html#float_cmp

error: strict comparison of `f32` or `f64`
    --> crates/openwepp-land-surface-energy/src/m1_coupled_tests.rs:3023:13
     |
3023 |             assert_eq!(reconstructed, rhs[row], "reconstructed full row {row}");
     |             ^^^^^^^^^^^^^^^^^^^^^^^^^^^^^^^^^^^^^^^^^^^^^^^^^^^^^^^^^^^^^^^^^^^
     |
     = help: for further information visit https://rust-lang.github.io/rust-clippy/master/index.html#float_cmp

error: strict comparison of `f32` or `f64`
    --> crates/openwepp-land-surface-energy/src/m1_coupled_tests.rs:3061:9
     |
3061 |         assert_eq!(direction[5], expected_d5, "E/F upper");
     |         ^^^^^^^^^^^^^^^^^^^^^^^^^^^^^^^^^^^^^^^^^^^^^^^^^^
     |
     = help: for further information visit https://rust-lang.github.io/rust-clippy/master/index.html#float_cmp

error: strict comparison of `f32` or `f64`
    --> crates/openwepp-land-surface-energy/src/m1_coupled_tests.rs:3062:9
     |
3062 |         assert_eq!(direction[11], expected_d11, "E/F lower");
     |         ^^^^^^^^^^^^^^^^^^^^^^^^^^^^^^^^^^^^^^^^^^^^^^^^^^^^
     |
     = help: for further information visit https://rust-lang.github.io/rust-clippy/master/index.html#float_cmp

error: strict comparison of `f32` or `f64`
    --> crates/openwepp-land-surface-energy/src/m1_coupled_tests.rs:3064:13
     |
3064 | /             assert_eq!(
3065 | |                 matrix[row]
3066 | |                     .iter()
3067 | |                     .zip(&direction)
...    |
3071 | |                 "E/F reconstructed row {row}"
3072 | |             );
     | |_____________^
     |
     = help: for further information visit https://rust-lang.github.io/rust-clippy/master/index.html#float_cmp

error: strict comparison of `f32` or `f64`
    --> crates/openwepp-land-surface-energy/src/m1_coupled_tests.rs:3098:5
     |
3098 | /     assert_ne!(
3099 | |         current.direction[5], 0.0,
3100 | |         "actual coupled LU supplies the release delta"
3101 | |     );
     | |_____^
     |
     = help: for further information visit https://rust-lang.github.io/rust-clippy/master/index.html#float_cmp

error: strict comparison of `f32` or `f64`
    --> crates/openwepp-land-surface-energy/src/m1_coupled_tests.rs:3109:5
     |
3109 | /     assert_ne!(
3110 | |         candidate[5], coordinates[5],
3111 | |         "capacity-selected D remains a solved nonzero release coordinate"
3112 | |     );
     | |_____^
     |
     = help: for further information visit https://rust-lang.github.io/rust-clippy/master/index.html#float_cmp

error: this function has too many lines (151/100)
    --> crates/openwepp-land-surface-energy/src/m1_coupled_tests.rs:3116:1
     |
3116 | fn m1_structural_drainage_current_phase_controller_retains_real_tie_work_controls() {
     | ^^^^^^^^^^^^^^^^^^^^^^^^^^^^^^^^^^^^^^^^^^^^^^^^^^^^^^^^^^^^^^^^^^^^^^^^^^^^^^^^^^^
     |
     = help: for further information visit https://rust-lang.github.io/rust-clippy/master/index.html#too_many_lines

error: strict comparison of `f32` or `f64`
    --> crates/openwepp-land-surface-energy/src/m1_coupled_tests.rs:3147:9
     |
3147 | /         assert_eq!(
3148 | |             current.raw_jacobian[row][row], 60.0,
3149 | |             "reported selected raw affine diagonal"
3150 | |         );
     | |_________^
     |
     = help: for further information visit https://rust-lang.github.io/rust-clippy/master/index.html#float_cmp

error: strict comparison of `f32` or `f64`
    --> crates/openwepp-land-surface-energy/src/m1_coupled_tests.rs:3151:9
     |
3151 | /         assert_eq!(
3152 | |             current.raw_residuals[row],
3153 | |             60.0 * join_coordinates[row],
3154 | |             "reported selected raw affine residual"
3155 | |         );
     | |_________^
     |
     = help: for further information visit https://rust-lang.github.io/rust-clippy/master/index.html#float_cmp

error: strict comparison of `f32` or `f64`
    --> crates/openwepp-land-surface-energy/src/m1_coupled_tests.rs:3156:9
     |
3156 | /         assert_eq!(
3157 | |             current.rhs[row],
3158 | |             -current.raw_residuals[row]
3159 | |                 / (current.raw_jacobian[row][row] / current.normalized_jacobian[row][row])
3160 | |         );
     | |_________^
     |
     = help: for further information visit https://rust-lang.github.io/rust-clippy/master/index.html#float_cmp

error: strict comparison of `f32` or `f64`
    --> crates/openwepp-land-surface-energy/src/m1_coupled_tests.rs:3233:5
     |
3233 |     assert_eq!(60.0 * exact_drainage, capacity_value - 0.018);
     |     ^^^^^^^^^^^^^^^^^^^^^^^^^^^^^^^^^^^^^^^^^^^^^^^^^^^^^^^^^
     |
     = help: for further information visit https://rust-lang.github.io/rust-clippy/master/index.html#float_cmp

error: strict comparison of `f32` or `f64`
    --> crates/openwepp-land-surface-energy/src/m1_coupled_tests.rs:3414:5
     |
3414 |     assert_eq!(norm, 1.0, "actual reduced F norm");
     |     ^^^^^^^^^^^^^^^^^^^^^^^^^^^^^^^^^^^^^^^^^^^^^^
     |
     = help: for further information visit https://rust-lang.github.io/rust-clippy/master/index.html#float_cmp

error: the loop variable `row` is used to index `norm_control`
    --> crates/openwepp-land-surface-energy/src/m1_coupled_tests.rs:3415:16
     |
3415 |     for row in 0..21 {
     |                ^^^^^
     |
     = help: for further information visit https://rust-lang.github.io/rust-clippy/master/index.html#needless_range_loop
     = note: `-D clippy::needless-range-loop` implied by `-D warnings`
     = help: to override `-D warnings` add `#[allow(clippy::needless_range_loop)]`
help: consider using an iterator and enumerate()
     |
3415 -     for row in 0..21 {
3415 +     for (row, <item>) in norm_control.iter().enumerate().take(21) {
     |

error: strict comparison of `f32` or `f64`
    --> crates/openwepp-land-surface-energy/src/m1_coupled_tests.rs:3416:9
     |
3416 | /         assert_eq!(
3417 | |             norm_control[row]
3418 | |                 .iter()
3419 | |                 .zip(&direction)
...    |
3423 | |             "reconstructed reduced row {row}"
3424 | |         );
     | |_________^
     |
     = help: for further information visit https://rust-lang.github.io/rust-clippy/master/index.html#float_cmp

error: strict comparison of `f32` or `f64`
    --> crates/openwepp-land-surface-energy/src/m1_coupled_tests.rs:3426:5
     |
3426 |     assert_eq!(direction[5], 0.0, "upper affine dD=-D");
     |     ^^^^^^^^^^^^^^^^^^^^^^^^^^^^^^^^^^^^^^^^^^^^^^^^^^^
     |
     = help: for further information visit https://rust-lang.github.io/rust-clippy/master/index.html#float_cmp

error: strict comparison of `f32` or `f64`
    --> crates/openwepp-land-surface-energy/src/m1_coupled_tests.rs:3427:5
     |
3427 |     assert_eq!(direction[11], 0.0, "lower affine dD=-D");
     |     ^^^^^^^^^^^^^^^^^^^^^^^^^^^^^^^^^^^^^^^^^^^^^^^^^^^^
     |
     = help: for further information visit https://rust-lang.github.io/rust-clippy/master/index.html#float_cmp

error: the loop variable `index` is used to index `matrix`
    --> crates/openwepp-land-surface-energy/src/m1_coupled_tests.rs:3435:18
     |
3435 |     for index in 0..21 {
     |                  ^^^^^
     |
     = help: for further information visit https://rust-lang.github.io/rust-clippy/master/index.html#needless_range_loop
help: consider using an iterator and enumerate()
     |
3435 -     for index in 0..21 {
3435 +     for (index, <item>) in matrix.iter_mut().enumerate().take(21) {
     |

error: strict comparison of `f32` or `f64`
    --> crates/openwepp-land-surface-energy/src/m1_coupled_tests.rs:3445:5
     |
3445 | /     assert_eq!(
3446 | |         matrix[5][5],
3447 | |         metadata.duration_s[0] / metadata.row_scales[0]
3448 | |     );
     | |_____^
     |
     = help: for further information visit https://rust-lang.github.io/rust-clippy/master/index.html#float_cmp

error: strict comparison of `f32` or `f64`
    --> crates/openwepp-land-surface-energy/src/m1_coupled_tests.rs:3449:5
     |
3449 | /     assert_eq!(
3450 | |         rhs[5],
3451 | |         -(metadata.raw_drainage_residual[0] / metadata.row_scales[0])
3452 | |     );
     | |_____^
     |
     = help: for further information visit https://rust-lang.github.io/rust-clippy/master/index.html#float_cmp

error: strict comparison of `f32` or `f64`
    --> crates/openwepp-land-surface-energy/src/m1_coupled_tests.rs:3606:5
     |
3606 |     assert_eq!(-333_700.0 / 8192.0 + 333_700.0 * (1.0 / 8192.0), 0.0);
     |     ^^^^^^^^^^^^^^^^^^^^^^^^^^^^^^^^^^^^^^^^^^^^^^^^^^^^^^^^^^^^^^^^^
     |
     = help: for further information visit https://rust-lang.github.io/rust-clippy/master/index.html#float_cmp

error: strict comparison of `f32` or `f64`
    --> crates/openwepp-land-surface-energy/src/m1_coupled_tests.rs:3607:5
     |
3607 |     assert_eq!(1.0 / 8192.0 + (-333_700.0 / 8192.0) / 333_700.0, 0.0);
     |     ^^^^^^^^^^^^^^^^^^^^^^^^^^^^^^^^^^^^^^^^^^^^^^^^^^^^^^^^^^^^^^^^^
     |
     = help: for further information visit https://rust-lang.github.io/rust-clippy/master/index.html#float_cmp

error: this function has too many lines (166/100)
    --> crates/openwepp-land-surface-energy/src/m1_coupled_tests.rs:3728:1
     |
3728 | fn m1_phase_join_expected_red_binds_all_primal_rows_and_bounded_work() {
     | ^^^^^^^^^^^^^^^^^^^^^^^^^^^^^^^^^^^^^^^^^^^^^^^^^^^^^^^^^^^^^^^^^^^^^^
     |
     = help: for further information visit https://rust-lang.github.io/rust-clippy/master/index.html#too_many_lines

error: this argument is passed by value, but not consumed in the function body
    --> crates/openwepp-land-surface-energy/src/m1_coupled_tests.rs:4124:41
     |
4124 | fn assert_m1_diagnostic_envelope(error: M1CoupledError) {
     |                                         ^^^^^^^^^^^^^^
     |
     = help: for further information visit https://rust-lang.github.io/rust-clippy/master/index.html#needless_pass_by_value
help: consider taking a reference instead
     |
4124 | fn assert_m1_diagnostic_envelope(error: &M1CoupledError) {
     |                                         +

error: this function has too many lines (109/100)
    --> crates/openwepp-land-surface-energy/src/m1_coupled_tests.rs:4161:1
     |
4161 | fn m1_diagnostic_envelope_binds_actual_topology_and_rejects_structural_poison_first() {
     | ^^^^^^^^^^^^^^^^^^^^^^^^^^^^^^^^^^^^^^^^^^^^^^^^^^^^^^^^^^^^^^^^^^^^^^^^^^^^^^^^^^^^^
     |
     = help: for further information visit https://rust-lang.github.io/rust-clippy/master/index.html#too_many_lines

error: strict comparison of `f32` or `f64`
    --> crates/openwepp-land-surface-energy/src/m1_coupled_tests.rs:4313:5
     |
4313 | /     assert_eq!(
4314 | |         evaluation.reservoir_operands()[0].incident_enthalpy_j_kg,
4315 | |         0.0
4316 | |     );
     | |_____^
     |
     = help: for further information visit https://rust-lang.github.io/rust-clippy/master/index.html#float_cmp

error: these match arms have identical bodies
    --> crates/openwepp-land-surface-energy/src/m1_coupled_tests.rs:4526:13
     |
4526 |             3 | 9 => 1e-8,
     |             ^^^^^^^^^^^^^
...
4529 |             13 => 1e-8,
     |             ^^^^^^^^^^
     |
     = help: if this is unintentional make the arms return different values
     = help: for further information visit https://rust-lang.github.io/rust-clippy/master/index.html#match_same_arms
help: otherwise merge the patterns into a single arm
     |
4526 ~             4 | 10 => 1e-3,
4527 |             5 | 11 => 1e-10,
4528 ~             3 | 9 | 13 => 1e-8,
     |

error: this function has too many lines (200/100)
    --> crates/openwepp-land-surface-energy/src/m1_coupled_tests.rs:5560:1
     |
5560 | fn m1_frozen_radiation_columns_and_all_four_gas_rows_bind_physical_outputs() {
     | ^^^^^^^^^^^^^^^^^^^^^^^^^^^^^^^^^^^^^^^^^^^^^^^^^^^^^^^^^^^^^^^^^^^^^^^^^^^^
     |
     = help: for further information visit https://rust-lang.github.io/rust-clippy/master/index.html#too_many_lines

error: strict comparison of `f32` or `f64`
    --> crates/openwepp-land-surface-energy/src/m1_coupled_tests.rs:5665:9
     |
5665 |         assert_eq!(actual.sun.beta, decimal(&sun["beta"]));
     |         ^^^^^^^^^^^^^^^^^^^^^^^^^^^^^^^^^^^^^^^^^^^^^^^^^^
     |
     = help: for further information visit https://rust-lang.github.io/rust-clippy/master/index.html#float_cmp

error: strict comparison of `f32` or `f64`
    --> crates/openwepp-land-surface-energy/src/m1_coupled_tests.rs:5666:9
     |
5666 |         assert_eq!(actual.shade.beta, decimal(&shade["beta"]));
     |         ^^^^^^^^^^^^^^^^^^^^^^^^^^^^^^^^^^^^^^^^^^^^^^^^^^^^^^
     |
     = help: for further information visit https://rust-lang.github.io/rust-clippy/master/index.html#float_cmp

error: strict comparison of `f32` or `f64`
    --> crates/openwepp-land-surface-energy/src/m1_coupled_tests.rs:5704:9
     |
5704 |         assert_eq!(actual.sun.vapor_kg_m2_tile_s, 0.0);
     |         ^^^^^^^^^^^^^^^^^^^^^^^^^^^^^^^^^^^^^^^^^^^^^^
     |
     = help: for further information visit https://rust-lang.github.io/rust-clippy/master/index.html#float_cmp

error: strict comparison of `f32` or `f64`
    --> crates/openwepp-land-surface-energy/src/m1_coupled_tests.rs:5705:9
     |
5705 |         assert_eq!(actual.sun.net_assimilation, 0.0);
     |         ^^^^^^^^^^^^^^^^^^^^^^^^^^^^^^^^^^^^^^^^^^^^
     |
     = help: for further information visit https://rust-lang.github.io/rust-clippy/master/index.html#float_cmp

error: derefed type is same as origin
    --> crates/openwepp-land-surface-energy/src/m1_trust_region_stage1.rs:1534:25
     |
1534 |     if let Some(work) = refinement_work.as_deref_mut() {
     |                         ^^^^^^^^^^^^^^^^^^^^^^^^^^^^^^ help: try: `refinement_work`
     |
     = help: for further information visit https://rust-lang.github.io/rust-clippy/master/index.html#needless_option_as_deref
     = note: `-D clippy::needless-option-as-deref` implied by `-D warnings`
     = help: to override `-D warnings` add `#[allow(clippy::needless_option_as_deref)]`

error: this function has too many arguments (8/7)
    --> crates/openwepp-land-surface-energy/src/m1_trust_region_stage1.rs:2886:1
     |
2886 | / fn assess_optimality(
2887 | |     prepared: &PreparedSubproblem,
2888 | |     p: &[f64; 21],
2889 | |     lower_active: &[bool; 21],
...    |
2894 | |     accounting: &mut KktAccounting<'_>,
2895 | | ) -> Result<OptimalityAssessment, OptimalityFailure> {
     | |____________________________________________________^
     |
     = help: for further information visit https://rust-lang.github.io/rust-clippy/master/index.html#too_many_arguments

error: this function has too many lines (103/100)
    --> crates/openwepp-land-surface-energy/src/m1_trust_region_stage1.rs:2886:1
     |
2886 | / fn assess_optimality(
2887 | |     prepared: &PreparedSubproblem,
2888 | |     p: &[f64; 21],
2889 | |     lower_active: &[bool; 21],
...    |
2894 | |     accounting: &mut KktAccounting<'_>,
2895 | | ) -> Result<OptimalityAssessment, OptimalityFailure> {
     | |____________________________________________________^
     |
     = help: for further information visit https://rust-lang.github.io/rust-clippy/master/index.html#too_many_lines

error: the `Err`-variant returned from this function is very large
    --> crates/openwepp-land-surface-energy/src/m1_trust_region_stage1.rs:3003:6
     |
3003 | ) -> Result<PreparedSubproblem, super::M1TrustRegionSubproblemRefusal> {
     |      ^^^^^^^^^^^^^^^^^^^^^^^^^^^^^^^^^^^^^^^^^^^^^^^^^^^^^^^^^^^^^^^^^ the `Err`-variant is at least 128 bytes
     |
     = help: try reducing the size of `M1TrustRegionSubproblemRefusal`, for example by boxing large elements or replacing it with `Box<M1TrustRegionSubproblemRefusal>`
     = help: for further information visit https://rust-lang.github.io/rust-clippy/master/index.html#result_large_err

error: the `Err`-variant returned from this function is very large
    --> crates/openwepp-land-surface-energy/src/m1_trust_region_stage1.rs:3127:6
     |
3127 | ) -> Result<FaceSolution, super::M1TrustRegionSubproblemRefusal> {
     |      ^^^^^^^^^^^^^^^^^^^^^^^^^^^^^^^^^^^^^^^^^^^^^^^^^^^^^^^^^^^ the `Err`-variant is at least 128 bytes
     |
     = help: try reducing the size of `M1TrustRegionSubproblemRefusal`, for example by boxing large elements or replacing it with `Box<M1TrustRegionSubproblemRefusal>`
     = help: for further information visit https://rust-lang.github.io/rust-clippy/master/index.html#result_large_err

error: the following explicit lifetimes could be elided: 'a
    --> crates/openwepp-land-surface-energy/src/m1_trust_region_stage1.rs:3254:33
     |
3254 | fn refinement_capture_operation<'a>(
     |                                 ^^
3255 |     capture: &'a serde_json::Value,
     |               ^^
3256 | ) -> Result<&'a serde_json::Value, String> {
     |              ^^
     |
     = help: for further information visit https://rust-lang.github.io/rust-clippy/master/index.html#needless_lifetimes
     = note: `-D clippy::needless-lifetimes` implied by `-D warnings`
     = help: to override `-D warnings` add `#[allow(clippy::needless_lifetimes)]`
help: elide the lifetimes
     |
3254 ~ fn refinement_capture_operation(
3255 ~     capture: &serde_json::Value,
3256 ~ ) -> Result<&serde_json::Value, String> {
     |

error: more than 3 bools in a struct
    --> crates/openwepp-land-surface-energy/src/m1_trust_region_stage1.rs:3333:1
     |
3333 | / struct RefinementRetainedFaceObservation {
3334 | |     live_state_bits_entry: [u64; 21],
3335 | |     live_state_bits_exit: [u64; 21],
3336 | |     p0_bits: Vec<u64>,
...    |
3376 | |     budget_after: Option<crate::M1PhysicalBudgetSnapshot>,
3377 | | }
     | |_^
     |
     = help: consider using a state machine or refactoring bools into two-variant enums
     = help: for further information visit https://rust-lang.github.io/rust-clippy/master/index.html#struct_excessive_bools
     = note: `-D clippy::struct-excessive-bools` implied by `-D warnings`
     = help: to override `-D warnings` add `#[allow(clippy::struct_excessive_bools)]`

error: the `Err`-variant returned from this function is very large
    --> crates/openwepp-land-surface-energy/src/m1_trust_region_stage1.rs:3473:6
     |
3473 | ) -> Result<RefinementRetainedFaceObservation, RefinementObservationRefusal> {
     |      ^^^^^^^^^^^^^^^^^^^^^^^^^^^^^^^^^^^^^^^^^^^^^^^^^^^^^^^^^^^^^^^^^^^^^^^ the `Err`-variant is at least 7968 bytes
     |
     = help: try reducing the size of `m1_trust_region_stage1::RefinementObservationRefusal`, for example by boxing large elements or replacing it with `Box<m1_trust_region_stage1::RefinementObservationRefusal>`
     = help: for further information visit https://rust-lang.github.io/rust-clippy/master/index.html#result_large_err

error: this function has too many lines (196/100)
    --> crates/openwepp-land-surface-energy/src/m1_trust_region_stage1.rs:3470:1
     |
3470 | / fn m1_trust_region_refinement_retained_face_raw_for_test(
3471 | |     capture: &serde_json::Value,
3472 | |     reservation: Option<RefinementWorkReservation>,
3473 | | ) -> Result<RefinementRetainedFaceObservation, RefinementObservationRefusal> {
     | |____________________________________________________________________________^
     |
     = help: for further information visit https://rust-lang.github.io/rust-clippy/master/index.html#too_many_lines

error: reference as raw pointer
    --> crates/openwepp-land-surface-energy/src/m1_trust_region_stage1.rs:3494:29
     |
3494 |         .map_or(0, |factor| factor as *const JacobiFactor as usize);
     |                             ^^^^^^^^^^^^^^^^^^^^^^^^^^^^^ help: try: `std::ptr::from_ref::<JacobiFactor>(factor)`
     |
     = help: for further information visit https://rust-lang.github.io/rust-clippy/master/index.html#ref_as_ptr
     = note: `-D clippy::ref-as-ptr` implied by `-D warnings`
     = help: to override `-D warnings` add `#[allow(clippy::ref_as_ptr)]`

error: reference as raw pointer
    --> crates/openwepp-land-surface-energy/src/m1_trust_region_stage1.rs:3582:29
     |
3582 |         .map_or(0, |factor| factor as *const JacobiFactor as usize);
     |                             ^^^^^^^^^^^^^^^^^^^^^^^^^^^^^ help: try: `std::ptr::from_ref::<JacobiFactor>(factor)`
     |
     = help: for further information visit https://rust-lang.github.io/rust-clippy/master/index.html#ref_as_ptr

error: the `Err`-variant returned from this function is very large
    --> crates/openwepp-land-surface-energy/src/m1_trust_region_stage1.rs:3678:6
     |
3678 | ) -> Result<RefinementRetainedFaceObservation, RefinementObservationRefusal> {
     |      ^^^^^^^^^^^^^^^^^^^^^^^^^^^^^^^^^^^^^^^^^^^^^^^^^^^^^^^^^^^^^^^^^^^^^^^ the `Err`-variant is at least 7968 bytes
     |
     = help: try reducing the size of `m1_trust_region_stage1::RefinementObservationRefusal`, for example by boxing large elements or replacing it with `Box<m1_trust_region_stage1::RefinementObservationRefusal>`
     = help: for further information visit https://rust-lang.github.io/rust-clippy/master/index.html#result_large_err

error: unneeded `return` statement
    --> crates/openwepp-land-surface-energy/src/m1_trust_region_stage1.rs:3693:9
     |
3693 | /         return match result {
3694 | |             Ok(mut observation) => {
3695 | |                 observation.budget_before = before;
3696 | |                 observation.budget_after = after;
...    |
3704 | |         };
     | |_________^
     |
     = help: for further information visit https://rust-lang.github.io/rust-clippy/master/index.html#needless_return
     = note: `-D clippy::needless-return` implied by `-D warnings`
     = help: to override `-D warnings` add `#[allow(clippy::needless_return)]`
help: remove `return`
     |
3693 ~         match result {
3694 +             Ok(mut observation) => {
3695 +                 observation.budget_before = before;
3696 +                 observation.budget_after = after;
3697 +                 Ok(observation)
3698 +             }
3699 +             Err(mut refusal) => {
3700 +                 refusal.budget_before = before;
3701 +                 refusal.budget_after = after;
3702 +                 Err(refusal)
3703 +             }
3704 ~         }
     |

error: the `Err`-variant returned from this function is very large
    --> crates/openwepp-land-surface-energy/src/m1_trust_region_stage1.rs:3800:6
     |
3800 | ) -> Result<RefinementScratchHooksObservation, RefinementObservationRefusal> {
     |      ^^^^^^^^^^^^^^^^^^^^^^^^^^^^^^^^^^^^^^^^^^^^^^^^^^^^^^^^^^^^^^^^^^^^^^^ the `Err`-variant is at least 7968 bytes
     |
     = help: try reducing the size of `m1_trust_region_stage1::RefinementObservationRefusal`, for example by boxing large elements or replacing it with `Box<m1_trust_region_stage1::RefinementObservationRefusal>`
     = help: for further information visit https://rust-lang.github.io/rust-clippy/master/index.html#result_large_err

error: casting `u32` to `u8` may truncate the value
    --> crates/openwepp-land-surface-energy/src/m1_trust_region_stage1.rs:3851:17
     |
3851 | /                 (global_after.complete_evaluator_entries - global_before.complete_evaluator_entries)
3852 | |                     as u8
     | |_________________________^
     |
     = help: if this is intentional allow the lint with `#[allow(clippy::cast_possible_truncation)]` ...
     = help: for further information visit https://rust-lang.github.io/rust-clippy/master/index.html#cast_possible_truncation
help: ... or use `try_from` and handle the error accordingly
     |
3851 -                 (global_after.complete_evaluator_entries - global_before.complete_evaluator_entries)
3852 -                     as u8
3851 +                 u8::try_from(global_after.complete_evaluator_entries - global_before.complete_evaluator_entries)
     |

error: casting `u32` to `u8` may truncate the value
    --> crates/openwepp-land-surface-energy/src/m1_trust_region_stage1.rs:3862:17
     |
3862 | /                 (global_after.actual_hydraulic_entries - global_before.actual_hydraulic_entries)
3863 | |                     as u8
     | |_________________________^
     |
     = help: if this is intentional allow the lint with `#[allow(clippy::cast_possible_truncation)]` ...
     = help: for further information visit https://rust-lang.github.io/rust-clippy/master/index.html#cast_possible_truncation
help: ... or use `try_from` and handle the error accordingly
     |
3862 -                 (global_after.actual_hydraulic_entries - global_before.actual_hydraulic_entries)
3863 -                     as u8
3862 +                 u8::try_from(global_after.actual_hydraulic_entries - global_before.actual_hydraulic_entries)
     |

error: casting `u32` to `u8` may truncate the value
    --> crates/openwepp-land-surface-energy/src/m1_trust_region_stage1.rs:3873:17
     |
3873 |                 (global_after.materialization_entries - global_before.materialization_entries) as u8
     |                 ^^^^^^^^^^^^^^^^^^^^^^^^^^^^^^^^^^^^^^^^^^^^^^^^^^^^^^^^^^^^^^^^^^^^^^^^^^^^^^^^^^^^
     |
     = help: if this is intentional allow the lint with `#[allow(clippy::cast_possible_truncation)]` ...
     = help: for further information visit https://rust-lang.github.io/rust-clippy/master/index.html#cast_possible_truncation
help: ... or use `try_from` and handle the error accordingly
     |
3873 -                 (global_after.materialization_entries - global_before.materialization_entries) as u8
3873 +                 u8::try_from(global_after.materialization_entries - global_before.materialization_entries)
     |

error: the `Err`-variant returned from this function is very large
    --> crates/openwepp-land-surface-energy/src/m1_trust_region_stage1.rs:4053:6
     |
4053 | ) -> Result<RefinementBvls02Outcome, RefinementObservationRefusal> {
     |      ^^^^^^^^^^^^^^^^^^^^^^^^^^^^^^^^^^^^^^^^^^^^^^^^^^^^^^^^^^^^^ the `Err`-variant is at least 7968 bytes
     |
     = help: try reducing the size of `m1_trust_region_stage1::RefinementObservationRefusal`, for example by boxing large elements or replacing it with `Box<m1_trust_region_stage1::RefinementObservationRefusal>`
     = help: for further information visit https://rust-lang.github.io/rust-clippy/master/index.html#result_large_err

error: the `Err`-variant returned from this function is very large
    --> crates/openwepp-land-surface-energy/src/m1_trust_region_stage1.rs:4082:6
     |
4082 | ) -> Result<RefinementEligibilityObservation, RefinementObservationRefusal> {
     |      ^^^^^^^^^^^^^^^^^^^^^^^^^^^^^^^^^^^^^^^^^^^^^^^^^^^^^^^^^^^^^^^^^^^^^^ the `Err`-variant is at least 7968 bytes
     |
     = help: try reducing the size of `m1_trust_region_stage1::RefinementObservationRefusal`, for example by boxing large elements or replacing it with `Box<m1_trust_region_stage1::RefinementObservationRefusal>`
     = help: for further information visit https://rust-lang.github.io/rust-clippy/master/index.html#result_large_err

error: this `map_or` can be simplified
    --> crates/openwepp-land-surface-energy/src/m1_trust_region_stage1.rs:4108:12
     |
4108 |           && trace
     |  ____________^
4109 | |             .as_ref()
4110 | |             .map_or(false, |value| value.factor_applications == 2);
     | |__________________________________________________________________^
     |
     = help: for further information visit https://rust-lang.github.io/rust-clippy/master/index.html#unnecessary_map_or
     = note: `-D clippy::unnecessary-map-or` implied by `-D warnings`
     = help: to override `-D warnings` add `#[allow(clippy::unnecessary_map_or)]`
help: use `is_some_and` instead
     |
4110 -             .map_or(false, |value| value.factor_applications == 2);
4110 +             .is_some_and(|value| value.factor_applications == 2);
     |

error: the loop variable `column` is used to index `p`
    --> crates/openwepp-land-surface-energy/src/m1_trust_region_stage1.rs:4273:27
     |
4273 |             for column in 0..21 {
     |                           ^^^^^
     |
     = help: for further information visit https://rust-lang.github.io/rust-clippy/master/index.html#needless_range_loop
help: consider using an iterator and enumerate()
     |
4273 -             for column in 0..21 {
4273 +             for (column, <item>) in p.iter().enumerate().take(21) {
     |

error: the loop variable `row` is used to index `residual`
    --> crates/openwepp-land-surface-energy/src/m1_trust_region_stage1.rs:4306:16
     |
4306 |     for row in 0..21 {
     |                ^^^^^
     |
     = help: for further information visit https://rust-lang.github.io/rust-clippy/master/index.html#needless_range_loop
help: consider using an iterator and enumerate()
     |
4306 -     for row in 0..21 {
4306 +     for (row, <item>) in residual.iter_mut().enumerate() {
     |

error: it looks like you're manually copying between slices
    --> crates/openwepp-land-surface-energy/src/m1_trust_region_stage1.rs:4311:9
     |
4311 | /         for column in 0..21 {
4312 | |             terms[column + 1] = prepared.weighted_matrix[row][column];
4313 | |             weights[column + 1] = p[column];
4314 | |         }
     | |_________^
     |
     = help: for further information visit https://rust-lang.github.io/rust-clippy/master/index.html#manual_memcpy
     = note: `-D clippy::manual-memcpy` implied by `-D warnings`
     = help: to override `-D warnings` add `#[allow(clippy::manual_memcpy)]`
help: try replacing the loop by
     |
4311 ~         terms[1..(21 + 1)].copy_from_slice(&prepared.weighted_matrix[row][..21]);
4312 +     weights[1..(21 + 1)].copy_from_slice(&p);
     |

error: the `Err`-variant returned from this function is very large
    --> crates/openwepp-land-surface-energy/src/m1_trust_region_stage1.rs:4346:6
     |
4346 | ) -> Result<(), super::M1TrustRegionSubproblemRefusal> {
     |      ^^^^^^^^^^^^^^^^^^^^^^^^^^^^^^^^^^^^^^^^^^^^^^^^^ the `Err`-variant is at least 128 bytes
     |
     = help: try reducing the size of `M1TrustRegionSubproblemRefusal`, for example by boxing large elements or replacing it with `Box<M1TrustRegionSubproblemRefusal>`
     = help: for further information visit https://rust-lang.github.io/rust-clippy/master/index.html#result_large_err

error: this function has too many lines (308/100)
    --> crates/openwepp-land-surface-energy/src/m1_trust_region_stage1.rs:4341:1
     |
4341 | / fn refine_face_before_crossing_inner(
4342 | |     input: &super::M1TrustRegionSubproblemInput,
4343 | |     prepared: &PreparedSubproblem,
4344 | |     state: &mut SubproblemState,
4345 | |     solution: &mut FaceSolution,
4346 | | ) -> Result<(), super::M1TrustRegionSubproblemRefusal> {
     | |______________________________________________________^
     |
     = help: for further information visit https://rust-lang.github.io/rust-clippy/master/index.html#too_many_lines

error: the use of negated comparison operators on partially ordered types produces code that is hard to read and refactor, please consider using the `partial_cmp` method instead, to make it clear that the two values could be incomparable
    --> crates/openwepp-land-surface-energy/src/m1_trust_region_stage1.rs:4376:8
     |
4376 |     if !(p0_norm < input.initial_radius) {
     |        ^^^^^^^^^^^^^^^^^^^^^^^^^^^^^^^^^
     |
     = help: for further information visit https://rust-lang.github.io/rust-clippy/master/index.html#neg_cmp_op_on_partial_ord

error: consider adding a `;` to the last statement for consistent formatting
    --> crates/openwepp-land-surface-energy/src/m1_trust_region_stage1.rs:4425:9
     |
4425 |         trace.factor_identity = Some(factor as *const JacobiFactor as usize)
     |         ^^^^^^^^^^^^^^^^^^^^^^^^^^^^^^^^^^^^^^^^^^^^^^^^^^^^^^^^^^^^^^^^^^^^ help: add a `;` here: `trace.factor_identity = Some(factor as *const JacobiFactor as usize);`
     |
     = help: for further information visit https://rust-lang.github.io/rust-clippy/master/index.html#semicolon_if_nothing_returned

error: reference as raw pointer
    --> crates/openwepp-land-surface-energy/src/m1_trust_region_stage1.rs:4425:38
     |
4425 |         trace.factor_identity = Some(factor as *const JacobiFactor as usize)
     |                                      ^^^^^^^^^^^^^^^^^^^^^^^^^^^^^ help: try: `std::ptr::from_ref::<JacobiFactor>(factor)`
     |
     = help: for further information visit https://rust-lang.github.io/rust-clippy/master/index.html#ref_as_ptr

error: reference as raw pointer
    --> crates/openwepp-land-surface-energy/src/m1_trust_region_stage1.rs:4454:19
     |
4454 |             .push(factor as *const JacobiFactor as usize);
     |                   ^^^^^^^^^^^^^^^^^^^^^^^^^^^^^ help: try: `std::ptr::from_ref::<JacobiFactor>(factor)`
     |
     = help: for further information visit https://rust-lang.github.io/rust-clippy/master/index.html#ref_as_ptr

error: reference as raw pointer
    --> crates/openwepp-land-surface-energy/src/m1_trust_region_stage1.rs:4571:19
     |
4571 |             .push(factor as *const JacobiFactor as usize);
     |                   ^^^^^^^^^^^^^^^^^^^^^^^^^^^^^ help: try: `std::ptr::from_ref::<JacobiFactor>(factor)`
     |
     = help: for further information visit https://rust-lang.github.io/rust-clippy/master/index.html#ref_as_ptr

error: the `Err`-variant returned from this function is very large
    --> crates/openwepp-land-surface-energy/src/m1_trust_region_stage1.rs:4666:6
     |
4666 | ) -> Result<(), super::M1TrustRegionSubproblemRefusal> {
     |      ^^^^^^^^^^^^^^^^^^^^^^^^^^^^^^^^^^^^^^^^^^^^^^^^^ the `Err`-variant is at least 128 bytes
     |
     = help: try reducing the size of `M1TrustRegionSubproblemRefusal`, for example by boxing large elements or replacing it with `Box<M1TrustRegionSubproblemRefusal>`
     = help: for further information visit https://rust-lang.github.io/rust-clippy/master/index.html#result_large_err

error: the `Err`-variant returned from this function is very large
    --> crates/openwepp-land-surface-energy/src/m1_trust_region_stage1.rs:4679:6
     |
4679 | ) -> Result<bool, super::M1TrustRegionSubproblemRefusal> {
     |      ^^^^^^^^^^^^^^^^^^^^^^^^^^^^^^^^^^^^^^^^^^^^^^^^^^^ the `Err`-variant is at least 128 bytes
     |
     = help: try reducing the size of `M1TrustRegionSubproblemRefusal`, for example by boxing large elements or replacing it with `Box<M1TrustRegionSubproblemRefusal>`
     = help: for further information visit https://rust-lang.github.io/rust-clippy/master/index.html#result_large_err

error: the `Err`-variant returned from this function is very large
    --> crates/openwepp-land-surface-energy/src/m1_trust_region_stage1.rs:4777:6
     |
4777 | ) -> Result<KktTransitionOutcome, super::M1TrustRegionSubproblemRefusal> {
     |      ^^^^^^^^^^^^^^^^^^^^^^^^^^^^^^^^^^^^^^^^^^^^^^^^^^^^^^^^^^^^^^^^^^^ the `Err`-variant is at least 128 bytes
     |
     = help: try reducing the size of `M1TrustRegionSubproblemRefusal`, for example by boxing large elements or replacing it with `Box<M1TrustRegionSubproblemRefusal>`
     = help: for further information visit https://rust-lang.github.io/rust-clippy/master/index.html#result_large_err

error: in a `match` scrutinee, avoid complex blocks or closures with blocks; instead, move the block or closure higher and bind it with a `let`
    --> crates/openwepp-land-surface-energy/src/m1_trust_region_stage1.rs:4779:18
     |
4779 |       let values = match {
     |  __________________^
4780 | |         let mut accounting = KktAccounting::tracked(&mut state.refinement_work, solution.refined);
4781 | |         box_feasible_kkt_values_with_accounting(
4782 | |             &prepared.weighted_matrix,
...    |
4788 | |     } {
     | |_____^
     |
     = help: for further information visit https://rust-lang.github.io/rust-clippy/master/index.html#blocks_in_conditions
     = note: `-D clippy::blocks-in-conditions` implied by `-D warnings`
     = help: to override `-D warnings` add `#[allow(clippy::blocks_in_conditions)]`
help: try
     |
4779 ~     let values = let res = {
4780 +         let mut accounting = KktAccounting::tracked(&mut state.refinement_work, solution.refined);
4781 +         box_feasible_kkt_values_with_accounting(
4782 +             &prepared.weighted_matrix,
4783 +             &prepared.weighted_residual,
4784 +             &state.p,
4785 +             lambda,
4786 +             &mut accounting,
4787 +         )
4788 ~     }; match res {
     |

error: in a `match` scrutinee, avoid complex blocks or closures with blocks; instead, move the block or closure higher and bind it with a `let`
    --> crates/openwepp-land-surface-energy/src/m1_trust_region_stage1.rs:4805:22
     |
4805 |       let assessment = match {
     |  ______________________^
4806 | |         let mut accounting = KktAccounting::tracked(&mut state.refinement_work, solution.refined);
4807 | |         assess_optimality(
4808 | |             prepared,
...    |
4817 | |     } {
     | |_____^
     |
     = help: for further information visit https://rust-lang.github.io/rust-clippy/master/index.html#blocks_in_conditions
help: try
     |
4805 ~     let assessment = let res = {
4806 +         let mut accounting = KktAccounting::tracked(&mut state.refinement_work, solution.refined);
4807 +         assess_optimality(
4808 +             prepared,
4809 +             &p,
4810 +             &lower_active,
4811 +             &upper_active,
4812 +             &initial_free,
4813 +             &values,
4814 +             lambda,
4815 +             &mut accounting,
4816 +         )
4817 ~     }; match res {
     |

error: the `Err`-variant returned from this function is very large
    --> crates/openwepp-land-surface-energy/src/m1_trust_region_stage1.rs:4839:6
     |
4839 | ) -> Result<KktTransitionOutcome, super::M1TrustRegionSubproblemRefusal> {
     |      ^^^^^^^^^^^^^^^^^^^^^^^^^^^^^^^^^^^^^^^^^^^^^^^^^^^^^^^^^^^^^^^^^^^ the `Err`-variant is at least 128 bytes
     |
     = help: try reducing the size of `M1TrustRegionSubproblemRefusal`, for example by boxing large elements or replacing it with `Box<M1TrustRegionSubproblemRefusal>`
     = help: for further information visit https://rust-lang.github.io/rust-clippy/master/index.html#result_large_err

error: the `Err`-variant returned from this function is very large
    --> crates/openwepp-land-surface-energy/src/m1_trust_region_stage1.rs:4964:6
     |
4964 | ) -> Result<super::M1TrustRegionSubproblemObservation, super::M1TrustRegionSubproblemRefusal> {
     |      ^^^^^^^^^^^^^^^^^^^^^^^^^^^^^^^^^^^^^^^^^^^^^^^^^^^^^^^^^^^^^^^^^^^^^^^^^^^^^^^^^^^^^^^^ the `Err`-variant is at least 128 bytes
     |
     = help: try reducing the size of `M1TrustRegionSubproblemRefusal`, for example by boxing large elements or replacing it with `Box<M1TrustRegionSubproblemRefusal>`
     = help: for further information visit https://rust-lang.github.io/rust-clippy/master/index.html#result_large_err

error: the `Err`-variant returned from this function is very large
    --> crates/openwepp-land-surface-energy/src/m1_trust_region_stage1.rs:5064:6
     |
5064 | ) -> Result<super::M1TrustRegionSubproblemObservation, super::M1TrustRegionSubproblemRefusal> {
     |      ^^^^^^^^^^^^^^^^^^^^^^^^^^^^^^^^^^^^^^^^^^^^^^^^^^^^^^^^^^^^^^^^^^^^^^^^^^^^^^^^^^^^^^^^ the `Err`-variant is at least 128 bytes
     |
     = help: try reducing the size of `M1TrustRegionSubproblemRefusal`, for example by boxing large elements or replacing it with `Box<M1TrustRegionSubproblemRefusal>`
     = help: for further information visit https://rust-lang.github.io/rust-clippy/master/index.html#result_large_err

error: the `Err`-variant returned from this function is very large
    --> crates/openwepp-land-surface-energy/src/m1_trust_region_stage1.rs:5077:6
     |
5077 | ) -> Result<super::M1TrustRegionKktTransitionObservation, super::M1TrustRegionSubproblemRefusal> {
     |      ^^^^^^^^^^^^^^^^^^^^^^^^^^^^^^^^^^^^^^^^^^^^^^^^^^^^^^^^^^^^^^^^^^^^^^^^^^^^^^^^^^^^^^^^^^^ the `Err`-variant is at least 128 bytes
     |
     = help: try reducing the size of `M1TrustRegionSubproblemRefusal`, for example by boxing large elements or replacing it with `Box<M1TrustRegionSubproblemRefusal>`
     = help: for further information visit https://rust-lang.github.io/rust-clippy/master/index.html#result_large_err

error: the `Err`-variant returned from this function is very large
    --> crates/openwepp-land-surface-energy/src/m1_trust_region_stage1.rs:5149:6
     |
5149 | ) -> Result<(f64, Vec<super::M1TrustRegionKktAction>), super::M1TrustRegionSubproblemRefusal> {
     |      ^^^^^^^^^^^^^^^^^^^^^^^^^^^^^^^^^^^^^^^^^^^^^^^^^^^^^^^^^^^^^^^^^^^^^^^^^^^^^^^^^^^^^^^^ the `Err`-variant is at least 128 bytes
     |
     = help: try reducing the size of `M1TrustRegionSubproblemRefusal`, for example by boxing large elements or replacing it with `Box<M1TrustRegionSubproblemRefusal>`
     = help: for further information visit https://rust-lang.github.io/rust-clippy/master/index.html#result_large_err

error: this function has too many lines (124/100)
    --> crates/openwepp-land-surface-energy/src/m1_trust_region_stage1.rs:6758:5
     |
6758 |     fn m1_trust_region_refinement_retained_face_reuses_factor_and_reproduces_all_bits() {
     |     ^^^^^^^^^^^^^^^^^^^^^^^^^^^^^^^^^^^^^^^^^^^^^^^^^^^^^^^^^^^^^^^^^^^^^^^^^^^^^^^^^^^
     |
     = help: for further information visit https://rust-lang.github.io/rust-clippy/master/index.html#too_many_lines

error: the `Err`-variant returned from this closure is very large
    --> crates/openwepp-land-surface-energy/src/m1_trust_region_stage1.rs:7002:23
     |
7002 |                 .then(|| m1_trust_region_bvls02_outcome_for_test(&capture, probe))
     |                       ^^^^^^^^^^^^^^^^^^^^^^^^^^^^^^^^^^^^^^^^^^^^^^^^^^^^^^^^^^^ the `Err`-variant is at least 7968 bytes
     |
     = help: try reducing the size of `m1_trust_region_stage1::RefinementObservationRefusal`, for example by boxing large elements or replacing it with `Box<m1_trust_region_stage1::RefinementObservationRefusal>`
     = help: for further information visit https://rust-lang.github.io/rust-clippy/master/index.html#result_large_err

error: this function has too many lines (173/100)
  --> crates/openwepp-land-surface-energy/src/m1_zero_par_tests.rs:34:1
   |
34 | fn m1_internal_liquid_zero_par_rows_match_frozen_gas_controls() {
   | ^^^^^^^^^^^^^^^^^^^^^^^^^^^^^^^^^^^^^^^^^^^^^^^^^^^^^^^^^^^^^^^
   |
   = help: for further information visit https://rust-lang.github.io/rust-clippy/master/index.html#too_many_lines

error: strict comparison of `f32` or `f64`
  --> crates/openwepp-land-surface-energy/src/m1_zero_par_tests.rs:85:9
   |
85 |         assert_eq!(sun.beta, decimal(&leaves[0]["beta"]));
   |         ^^^^^^^^^^^^^^^^^^^^^^^^^^^^^^^^^^^^^^^^^^^^^^^^^
   |
   = help: for further information visit https://rust-lang.github.io/rust-clippy/master/index.html#float_cmp

error: strict comparison of `f32` or `f64`
  --> crates/openwepp-land-surface-energy/src/m1_zero_par_tests.rs:86:9
   |
86 |         assert_eq!(shade.beta, decimal(&leaves[1]["beta"]));
   |         ^^^^^^^^^^^^^^^^^^^^^^^^^^^^^^^^^^^^^^^^^^^^^^^^^^^
   |
   = help: for further information visit https://rust-lang.github.io/rust-clippy/master/index.html#float_cmp

error: strict comparison of `f32` or `f64`
  --> crates/openwepp-land-surface-energy/src/m1_zero_par_tests.rs:98:9
   |
98 |         assert_eq!(sun.gross_assimilation_umol_co2_m2_leaf_s, 0.0);
   |         ^^^^^^^^^^^^^^^^^^^^^^^^^^^^^^^^^^^^^^^^^^^^^^^^^^^^^^^^^^
   |
   = help: for further information visit https://rust-lang.github.io/rust-clippy/master/index.html#float_cmp

error: strict comparison of `f32` or `f64`
  --> crates/openwepp-land-surface-energy/src/m1_zero_par_tests.rs:99:9
   |
99 |         assert_eq!(sun.net_assimilation_umol_co2_m2_leaf_s, 0.0);
   |         ^^^^^^^^^^^^^^^^^^^^^^^^^^^^^^^^^^^^^^^^^^^^^^^^^^^^^^^^
   |
   = help: for further information visit https://rust-lang.github.io/rust-clippy/master/index.html#float_cmp

error: strict comparison of `f32` or `f64`
   --> crates/openwepp-land-surface-energy/src/m1_zero_par_tests.rs:100:9
    |
100 |         assert_eq!(sun.dark_respiration_umol_co2_m2_leaf_s, 0.0);
    |         ^^^^^^^^^^^^^^^^^^^^^^^^^^^^^^^^^^^^^^^^^^^^^^^^^^^^^^^^
    |
    = help: for further information visit https://rust-lang.github.io/rust-clippy/master/index.html#float_cmp

error: strict comparison of `f32` or `f64`
   --> crates/openwepp-land-surface-energy/src/m1_zero_par_tests.rs:136:9
    |
136 |         assert_eq!(sun.vapor_kg_m2_tile_s, 0.0);
    |         ^^^^^^^^^^^^^^^^^^^^^^^^^^^^^^^^^^^^^^^
    |
    = help: for further information visit https://rust-lang.github.io/rust-clippy/master/index.html#float_cmp

error: the `Err`-variant returned from this closure is very large
   --> crates/openwepp-land-surface-energy/src/m1_zero_par_tests.rs:218:18
    |
218 |       let invoke = |leaf, q, pressure| {
    |  __________________^
219 | |         m1_zero_par_leaf_state(
220 | |             leaf,
221 | |             column.occupancies[0].biochemical,
...   |
231 | |     };
    | |_____^
    |
   ::: crates/openwepp-land-surface-energy/src/solver_covered_evaluation.rs:784:5
    |
784 |       Numerical(crate::numerics::NumericalFailure),
    |       -------------------------------------------- the largest variant contains at least 248 bytes
    |
    = help: try reducing the size of `solver::M1CoupledError`, for example by boxing large elements or replacing it with `Box<solver::M1CoupledError>`
    = help: for further information visit https://rust-lang.github.io/rust-clippy/master/index.html#result_large_err

error: this function has too many lines (176/100)
   --> crates/openwepp-land-surface-energy/src/m1_zero_par_tests.rs:265:1
    |
265 | fn m1_zero_par_leaf_rejects_every_nonfinite_gas_operand_with_saturation_code() {
    | ^^^^^^^^^^^^^^^^^^^^^^^^^^^^^^^^^^^^^^^^^^^^^^^^^^^^^^^^^^^^^^^^^^^^^^^^^^^^^^
    |
    = help: for further information visit https://rust-lang.github.io/rust-clippy/master/index.html#too_many_lines

error: the `Err`-variant returned from this closure is very large
   --> crates/openwepp-land-surface-energy/src/m1_zero_par_tests.rs:271:18
    |
271 |       let invoke = |leaf, leaf_t, canopy_t, q, p, ca, gb, g0, fw| {
    |  __________________^
272 | |         m1_zero_par_leaf_state(leaf, biochemical, leaf_t, canopy_t, q, p, ca, gb, g0, fw)
273 | |     };
    | |_____^
    |
   ::: crates/openwepp-land-surface-energy/src/solver_covered_evaluation.rs:784:5
    |
784 |       Numerical(crate::numerics::NumericalFailure),
    |       -------------------------------------------- the largest variant contains at least 248 bytes
    |
    = help: try reducing the size of `solver::M1CoupledError`, for example by boxing large elements or replacing it with `Box<solver::M1CoupledError>`
    = help: for further information visit https://rust-lang.github.io/rust-clippy/master/index.html#result_large_err

error: strict comparison of `f32` or `f64`
  --> crates/openwepp-land-surface-energy/src/snow_accuracy_policy_tests.rs:47:9
   |
47 |         assert_eq!(support_seconds(), 60.0);
   |         ^^^^^^^^^^^^^^^^^^^^^^^^^^^^^^^^^^^
   |
   = help: for further information visit https://rust-lang.github.io/rust-clippy/master/index.html#float_cmp

error: strict comparison of `f32` or `f64`
  --> crates/openwepp-land-surface-energy/src/snow_accuracy_policy_tests.rs:49:5
   |
49 |     assert_eq!(support_seconds(), 600.0);
   |     ^^^^^^^^^^^^^^^^^^^^^^^^^^^^^^^^^^^^
   |
   = help: for further information visit https://rust-lang.github.io/rust-clippy/master/index.html#float_cmp

error: items after a test module
   --> crates/openwepp-land-surface-energy/src/transaction_v3_open.rs:204:1
    |
204 | mod tests {
    | ^^^^^^^^^
...
357 | impl V3OpenPotentialPhase {
    | ^^^^^^^^^^^^^^^^^^^^^^^^^
    |
    = help: for further information visit https://rust-lang.github.io/rust-clippy/master/index.html#items_after_test_module
    = note: `-D clippy::items-after-test-module` implied by `-D warnings`
    = help: to override `-D warnings` add `#[allow(clippy::items_after_test_module)]`
    = help: move the items to before the test module was defined

error: this function has too many lines (110/100)
   --> crates/openwepp-land-surface-energy/src/transaction_v3_open.rs:242:5
    |
242 |     fn v3_open_transaction_phase_custody_and_rejection() {
    |     ^^^^^^^^^^^^^^^^^^^^^^^^^^^^^^^^^^^^^^^^^^^^^^^^^^^^
    |
    = help: for further information visit https://rust-lang.github.io/rust-clippy/master/index.html#too_many_lines

error: could not compile `openwepp-land-surface-energy` (lib test) due to 307 previous errors
