Breakpoint 1 at 0x17947d0
warning: File "/nix/store/avld9cdn23zab2ssl30h2r6444rqh6ms-glibc-2.42-67/lib/libthread_db.so.1" auto-loading has been declined by your `auto-load safe-path' set to "$debugdir:$datadir/auto-load".
To enable execution of this file add
	add-auto-load-safe-path /nix/store/avld9cdn23zab2ssl30h2r6444rqh6ms-glibc-2.42-67/lib/libthread_db.so.1
line to your configuration file "/home/roger/.config/gdb/gdbinit".
To completely disable this security protection add
	set auto-load safe-path /
line to your configuration file "/home/roger/.config/gdb/gdbinit".
For more information about this security protection see the
"Auto-loading safe path" section in the GDB manual.  E.g., run from the shell:
	info "(gdb)Auto-loading safe path"
warning: Unable to find libthread_db matching inferior's thread library, thread debugging will not be available.

running 1 test
test hillslope::tests::stage3_laned_release_one_ofe_positive_baseline_profile ... [New LWP 3301673]
[Detaching after vfork from child process 3301757]
[Switching to LWP 3301673]
TAKE_ENTRY=1 OUTPUT=0x7ffff7bfd090 RETURN=0x55555584ca9f
Temporary breakpoint 2 at 0x55555584ca9f
TAKE_RETURN=1 OUTPUT=0x7ffff7bfd090
0x7ffff7bfd090:	0x0000000000000800	0x00007ffff17fe260
0x7ffff7bfd0a0:	0x00000000000007d0	0x0000000000000400
0x7ffff7bfd0b0:	0x00007ffff16bed80	0x0000000000000320
0x7ffff7bfd0c0:	0x0000000000000000	0x0000000000000010
0x7ffff7bfd0d0:	0x0000000000000000	0x0000000000000004
0x7ffff7bfd0e0:	0x00007ffff1ecb120	0x0000000000000001
0x7ffff7bfd0f0:	0x0000000000000005	0x00007fff09cc745f
0x7ffff7bfd100:	0x0000000000000000	0x0000000014563054
0x7ffff7bfd110:	0x0000000000000004	0x0000000018d97f36
0x7ffff7bfd120:	0x0000000000000000	0x00007fff000b7361
0x7ffff7bfd130:	0x0000000000000000	0x00000000182c1b74
0x7ffff7bfd140:	0x0000000000000001	0x0000000000000008
0x7ffff7bfd150:	0x0000000000000001	0x0000000000000101
0x7ffff7bfd160:	0x0000000000000000	0x0000000000000000
0x7ffff7bfd170:	0x0000000000000000	0x0000000000000000
0x7ffff7bfd180:	0x0000000000000000	0x0000000000000000
0x7ffff7bfd190:	0x0000000000000000	0x0000000000000000
0x7ffff7bfd1a0:	0x0000000000000000	0x0000000000000000
0x7ffff7bfd1b0:	0x0000000000000000	0x0000000000000000
0x7ffff7bfd1c0:	0x0000000000000000	0x0000000000000000
0x7ffff7bfd1d0:	0x0000000000000000	0x0000000000000000
0x7ffff7bfd1e0:	0x0000000000000000	0x0000000000000000
0x7ffff7bfd1f0:	0x0000000000000000	0x0000000000000000
0x7ffff7bfd200:	0x0000000000000000	0x0000000000000000
0x7ffff7bfd210:	0x0000000000000000	0x0000000000000000
0x7ffff7bfd220:	0x0000000000000000	0x0000000000000000
0x7ffff7bfd230:	0x0000000000000000	0x0000000000000000
0x7ffff7bfd240:	0x0000000000000000	0x0000000000000000
0x7ffff7bfd250:	0x0000000000000000	0x0000000000000000
0x7ffff7bfd260:	0x0000000000000000	0x0000000000000000
0x7ffff7bfd270:	0x0000000000000000	0x0000000000000000
0x7ffff7bfd280:	0x0000000000000000	0x0000000000000000
TAKE_VECS SWEEP_PTR=0x7ffff17fe260 SWEEP_LEN=2000 INTERNAL_PTR=0x7ffff16bed80 INTERNAL_LEN=800
N2S6_SWEEP i=0 solve=0 map=0 iter=0 sweep=0 logical=48 identity=14 component=10 complete=24 collecting=1 completed=1 failed=0
N2S6_STENCILS i=0 PTR=0x7ffff0428080 LEN=29
0x7ffff0428080:	0	0	0	0	2	2	1	1
0x7ffff0428088:	1	0	0	0	0	0	2	2
0x7ffff0428090:	1	1	1	0	0	0	0	0
0x7ffff0428098:	0	0	0	0	0	0	0	0
0x7ffff04280a0:	48	0	0	0	0	0	0	0
N2S6_SWEEP i=1 solve=0 map=0 iter=1 sweep=1 logical=48 identity=14 component=10 complete=24 collecting=1 completed=1 failed=0
N2S6_SWEEP i=2 solve=0 map=0 iter=2 sweep=2 logical=54 identity=14 component=16 complete=24 collecting=1 completed=1 failed=0
N2S6_STENCILS i=2 PTR=0x7ffff0415430 LEN=29
0x7ffff0415430:	0	0	0	0	2	2	0	0
0x7ffff0415438:	0	0	0	0	0	0	2	2
0x7ffff0415440:	0	0	0	0	0	0	0	0
0x7ffff0415448:	0	0	0	0	0	127	0	0
0x7ffff0415450:	48	0	0	0	0	0	0	0
N2S6_SWEEP i=3 solve=0 map=0 iter=3 sweep=3 logical=54 identity=14 component=16 complete=24 collecting=1 completed=1 failed=0
N2S6_SWEEP i=4 solve=0 map=0 iter=4 sweep=4 logical=54 identity=14 component=16 complete=24 collecting=1 completed=1 failed=0
N2S6_SWEEP i=5 solve=0 map=1 iter=0 sweep=0 logical=48 identity=14 component=10 complete=24 collecting=1 completed=1 failed=0
N2S6_SWEEP i=6 solve=0 map=1 iter=1 sweep=1 logical=48 identity=14 component=10 complete=24 collecting=1 completed=1 failed=0
N2S6_SWEEP i=7 solve=0 map=1 iter=2 sweep=2 logical=54 identity=14 component=16 complete=24 collecting=1 completed=1 failed=0
N2S6_SWEEP i=8 solve=0 map=1 iter=3 sweep=3 logical=54 identity=14 component=16 complete=24 collecting=1 completed=1 failed=0
N2S6_SWEEP i=9 solve=0 map=1 iter=4 sweep=4 logical=54 identity=14 component=16 complete=24 collecting=1 completed=1 failed=0
N2S6_SWEEP i=10 solve=0 map=2 iter=0 sweep=0 logical=48 identity=14 component=10 complete=24 collecting=1 completed=1 failed=0
N2S6_SWEEP i=11 solve=0 map=2 iter=1 sweep=1 logical=48 identity=14 component=10 complete=24 collecting=1 completed=1 failed=0
N2S6_SWEEP i=12 solve=0 map=2 iter=2 sweep=2 logical=54 identity=14 component=16 complete=24 collecting=1 completed=1 failed=0
N2S6_SWEEP i=13 solve=0 map=2 iter=3 sweep=3 logical=54 identity=14 component=16 complete=24 collecting=1 completed=1 failed=0
N2S6_SWEEP i=14 solve=0 map=2 iter=4 sweep=4 logical=54 identity=14 component=16 complete=24 collecting=1 completed=1 failed=0
N2S6_SWEEP i=15 solve=0 map=3 iter=0 sweep=0 logical=48 identity=14 component=10 complete=24 collecting=1 completed=1 failed=0
N2S6_SWEEP i=16 solve=0 map=3 iter=1 sweep=1 logical=48 identity=14 component=10 complete=24 collecting=1 completed=1 failed=0
N2S6_SWEEP i=17 solve=0 map=3 iter=2 sweep=2 logical=54 identity=14 component=16 complete=24 collecting=1 completed=1 failed=0
N2S6_SWEEP i=18 solve=0 map=3 iter=3 sweep=3 logical=54 identity=14 component=16 complete=24 collecting=1 completed=1 failed=0
N2S6_SWEEP i=19 solve=0 map=3 iter=4 sweep=4 logical=54 identity=14 component=16 complete=24 collecting=1 completed=1 failed=0
N2S6_SWEEP i=20 solve=0 map=4 iter=0 sweep=0 logical=48 identity=14 component=10 complete=24 collecting=1 completed=1 failed=0
N2S6_SWEEP i=21 solve=0 map=4 iter=1 sweep=1 logical=48 identity=14 component=10 complete=24 collecting=1 completed=1 failed=0
N2S6_SWEEP i=22 solve=0 map=4 iter=2 sweep=2 logical=54 identity=14 component=16 complete=24 collecting=1 completed=1 failed=0
N2S6_SWEEP i=23 solve=0 map=4 iter=3 sweep=3 logical=54 identity=14 component=16 complete=24 collecting=1 completed=1 failed=0
N2S6_SWEEP i=24 solve=0 map=4 iter=4 sweep=4 logical=54 identity=14 component=16 complete=24 collecting=1 completed=1 failed=0
N2S6_SWEEP i=25 solve=0 map=5 iter=0 sweep=0 logical=48 identity=14 component=10 complete=24 collecting=1 completed=1 failed=0
N2S6_SWEEP i=26 solve=0 map=5 iter=1 sweep=1 logical=48 identity=14 component=10 complete=24 collecting=1 completed=1 failed=0
N2S6_SWEEP i=27 solve=0 map=5 iter=2 sweep=2 logical=54 identity=14 component=16 complete=24 collecting=1 completed=1 failed=0
N2S6_SWEEP i=28 solve=0 map=5 iter=3 sweep=3 logical=54 identity=14 component=16 complete=24 collecting=1 completed=1 failed=0
N2S6_SWEEP i=29 solve=0 map=5 iter=4 sweep=4 logical=54 identity=14 component=16 complete=24 collecting=1 completed=1 failed=0
N2S6_SWEEP i=30 solve=0 map=6 iter=0 sweep=0 logical=48 identity=14 component=10 complete=24 collecting=1 completed=1 failed=0
N2S6_SWEEP i=31 solve=0 map=6 iter=1 sweep=1 logical=48 identity=14 component=10 complete=24 collecting=1 completed=1 failed=0
N2S6_SWEEP i=32 solve=0 map=6 iter=2 sweep=2 logical=54 identity=14 component=16 complete=24 collecting=1 completed=1 failed=0
N2S6_SWEEP i=33 solve=0 map=6 iter=3 sweep=3 logical=54 identity=14 component=16 complete=24 collecting=1 completed=1 failed=0
N2S6_SWEEP i=34 solve=0 map=6 iter=4 sweep=4 logical=54 identity=14 component=16 complete=24 collecting=1 completed=1 failed=0
N2S6_SWEEP i=35 solve=0 map=7 iter=0 sweep=0 logical=48 identity=14 component=10 complete=24 collecting=1 completed=1 failed=0
N2S6_SWEEP i=36 solve=0 map=7 iter=1 sweep=1 logical=48 identity=14 component=10 complete=24 collecting=1 completed=1 failed=0
N2S6_SWEEP i=37 solve=0 map=7 iter=2 sweep=2 logical=54 identity=14 component=16 complete=24 collecting=1 completed=1 failed=0
N2S6_SWEEP i=38 solve=0 map=7 iter=3 sweep=3 logical=54 identity=14 component=16 complete=24 collecting=1 completed=1 failed=0
N2S6_SWEEP i=39 solve=0 map=7 iter=4 sweep=4 logical=54 identity=14 component=16 complete=24 collecting=1 completed=1 failed=0
N2S6_SWEEP i=40 solve=0 map=8 iter=0 sweep=0 logical=48 identity=14 component=10 complete=24 collecting=1 completed=1 failed=0
N2S6_SWEEP i=41 solve=0 map=8 iter=1 sweep=1 logical=48 identity=14 component=10 complete=24 collecting=1 completed=1 failed=0
N2S6_SWEEP i=42 solve=0 map=8 iter=2 sweep=2 logical=54 identity=14 component=16 complete=24 collecting=1 completed=1 failed=0
N2S6_SWEEP i=43 solve=0 map=8 iter=3 sweep=3 logical=54 identity=14 component=16 complete=24 collecting=1 completed=1 failed=0
N2S6_SWEEP i=44 solve=0 map=8 iter=4 sweep=4 logical=54 identity=14 component=16 complete=24 collecting=1 completed=1 failed=0
N2S6_SWEEP i=45 solve=0 map=9 iter=0 sweep=0 logical=48 identity=14 component=10 complete=24 collecting=1 completed=1 failed=0
N2S6_SWEEP i=46 solve=0 map=9 iter=1 sweep=1 logical=48 identity=14 component=10 complete=24 collecting=1 completed=1 failed=0
N2S6_SWEEP i=47 solve=0 map=9 iter=2 sweep=2 logical=54 identity=14 component=16 complete=24 collecting=1 completed=1 failed=0
N2S6_SWEEP i=48 solve=0 map=9 iter=3 sweep=3 logical=54 identity=14 component=16 complete=24 collecting=1 completed=1 failed=0
N2S6_SWEEP i=49 solve=0 map=9 iter=4 sweep=4 logical=54 identity=14 component=16 complete=24 collecting=1 completed=1 failed=0
N2S6_SWEEP i=50 solve=0 map=10 iter=0 sweep=0 logical=48 identity=14 component=10 complete=24 collecting=1 completed=1 failed=0
N2S6_SWEEP i=51 solve=0 map=10 iter=1 sweep=1 logical=48 identity=14 component=10 complete=24 collecting=1 completed=1 failed=0
N2S6_SWEEP i=52 solve=0 map=10 iter=2 sweep=2 logical=54 identity=14 component=16 complete=24 collecting=1 completed=1 failed=0
N2S6_SWEEP i=53 solve=0 map=10 iter=3 sweep=3 logical=54 identity=14 component=16 complete=24 collecting=1 completed=1 failed=0
N2S6_SWEEP i=54 solve=0 map=10 iter=4 sweep=4 logical=54 identity=14 component=16 complete=24 collecting=1 completed=1 failed=0
N2S6_SWEEP i=55 solve=0 map=11 iter=0 sweep=0 logical=48 identity=14 component=10 complete=24 collecting=1 completed=1 failed=0
N2S6_SWEEP i=56 solve=0 map=11 iter=1 sweep=1 logical=48 identity=14 component=10 complete=24 collecting=1 completed=1 failed=0
N2S6_SWEEP i=57 solve=0 map=11 iter=2 sweep=2 logical=54 identity=14 component=16 complete=24 collecting=1 completed=1 failed=0
N2S6_SWEEP i=58 solve=0 map=11 iter=3 sweep=3 logical=54 identity=14 component=16 complete=24 collecting=1 completed=1 failed=0
N2S6_SWEEP i=59 solve=0 map=11 iter=4 sweep=4 logical=54 identity=14 component=16 complete=24 collecting=1 completed=1 failed=0
N2S6_SWEEP i=60 solve=0 map=12 iter=0 sweep=0 logical=48 identity=14 component=10 complete=24 collecting=1 completed=1 failed=0
N2S6_SWEEP i=61 solve=0 map=12 iter=1 sweep=1 logical=48 identity=14 component=10 complete=24 collecting=1 completed=1 failed=0
N2S6_SWEEP i=62 solve=0 map=12 iter=2 sweep=2 logical=54 identity=14 component=16 complete=24 collecting=1 completed=1 failed=0
N2S6_SWEEP i=63 solve=0 map=12 iter=3 sweep=3 logical=54 identity=14 component=16 complete=24 collecting=1 completed=1 failed=0
N2S6_SWEEP i=64 solve=0 map=12 iter=4 sweep=4 logical=54 identity=14 component=16 complete=24 collecting=1 completed=1 failed=0
N2S6_SWEEP i=65 solve=0 map=13 iter=0 sweep=0 logical=48 identity=14 component=10 complete=24 collecting=1 completed=1 failed=0
N2S6_SWEEP i=66 solve=0 map=13 iter=1 sweep=1 logical=48 identity=14 component=10 complete=24 collecting=1 completed=1 failed=0
N2S6_SWEEP i=67 solve=0 map=13 iter=2 sweep=2 logical=54 identity=14 component=16 complete=24 collecting=1 completed=1 failed=0
N2S6_SWEEP i=68 solve=0 map=13 iter=3 sweep=3 logical=54 identity=14 component=16 complete=24 collecting=1 completed=1 failed=0
N2S6_SWEEP i=69 solve=0 map=13 iter=4 sweep=4 logical=54 identity=14 component=16 complete=24 collecting=1 completed=1 failed=0
N2S6_SWEEP i=70 solve=0 map=14 iter=0 sweep=0 logical=48 identity=14 component=10 complete=24 collecting=1 completed=1 failed=0
N2S6_SWEEP i=71 solve=0 map=14 iter=1 sweep=1 logical=48 identity=14 component=10 complete=24 collecting=1 completed=1 failed=0
N2S6_SWEEP i=72 solve=0 map=14 iter=2 sweep=2 logical=54 identity=14 component=16 complete=24 collecting=1 completed=1 failed=0
N2S6_SWEEP i=73 solve=0 map=14 iter=3 sweep=3 logical=54 identity=14 component=16 complete=24 collecting=1 completed=1 failed=0
N2S6_SWEEP i=74 solve=0 map=14 iter=4 sweep=4 logical=54 identity=14 component=16 complete=24 collecting=1 completed=1 failed=0
N2S6_SWEEP i=75 solve=0 map=15 iter=0 sweep=0 logical=48 identity=14 component=10 complete=24 collecting=1 completed=1 failed=0
N2S6_SWEEP i=76 solve=0 map=15 iter=1 sweep=1 logical=48 identity=14 component=10 complete=24 collecting=1 completed=1 failed=0
N2S6_SWEEP i=77 solve=0 map=15 iter=2 sweep=2 logical=54 identity=14 component=16 complete=24 collecting=1 completed=1 failed=0
N2S6_SWEEP i=78 solve=0 map=15 iter=3 sweep=3 logical=54 identity=14 component=16 complete=24 collecting=1 completed=1 failed=0
N2S6_SWEEP i=79 solve=0 map=15 iter=4 sweep=4 logical=54 identity=14 component=16 complete=24 collecting=1 completed=1 failed=0
N2S6_SWEEP i=80 solve=0 map=16 iter=0 sweep=0 logical=48 identity=14 component=10 complete=24 collecting=1 completed=1 failed=0
N2S6_SWEEP i=81 solve=0 map=16 iter=1 sweep=1 logical=48 identity=14 component=10 complete=24 collecting=1 completed=1 failed=0
N2S6_SWEEP i=82 solve=0 map=16 iter=2 sweep=2 logical=54 identity=14 component=16 complete=24 collecting=1 completed=1 failed=0
N2S6_SWEEP i=83 solve=0 map=16 iter=3 sweep=3 logical=54 identity=14 component=16 complete=24 collecting=1 completed=1 failed=0
N2S6_SWEEP i=84 solve=0 map=16 iter=4 sweep=4 logical=54 identity=14 component=16 complete=24 collecting=1 completed=1 failed=0
N2S6_SWEEP i=85 solve=0 map=17 iter=0 sweep=0 logical=48 identity=14 component=10 complete=24 collecting=1 completed=1 failed=0
N2S6_SWEEP i=86 solve=0 map=17 iter=1 sweep=1 logical=48 identity=14 component=10 complete=24 collecting=1 completed=1 failed=0
N2S6_SWEEP i=87 solve=0 map=17 iter=2 sweep=2 logical=54 identity=14 component=16 complete=24 collecting=1 completed=1 failed=0
N2S6_SWEEP i=88 solve=0 map=17 iter=3 sweep=3 logical=54 identity=14 component=16 complete=24 collecting=1 completed=1 failed=0
N2S6_SWEEP i=89 solve=0 map=17 iter=4 sweep=4 logical=54 identity=14 component=16 complete=24 collecting=1 completed=1 failed=0
N2S6_SWEEP i=90 solve=0 map=18 iter=0 sweep=0 logical=48 identity=14 component=10 complete=24 collecting=1 completed=1 failed=0
N2S6_SWEEP i=91 solve=0 map=18 iter=1 sweep=1 logical=48 identity=14 component=10 complete=24 collecting=1 completed=1 failed=0
N2S6_SWEEP i=92 solve=0 map=18 iter=2 sweep=2 logical=54 identity=14 component=16 complete=24 collecting=1 completed=1 failed=0
N2S6_SWEEP i=93 solve=0 map=18 iter=3 sweep=3 logical=54 identity=14 component=16 complete=24 collecting=1 completed=1 failed=0
N2S6_SWEEP i=94 solve=0 map=18 iter=4 sweep=4 logical=54 identity=14 component=16 complete=24 collecting=1 completed=1 failed=0
N2S6_SWEEP i=95 solve=0 map=19 iter=0 sweep=0 logical=48 identity=14 component=10 complete=24 collecting=1 completed=1 failed=0
N2S6_SWEEP i=96 solve=0 map=19 iter=1 sweep=1 logical=48 identity=14 component=10 complete=24 collecting=1 completed=1 failed=0
N2S6_SWEEP i=97 solve=0 map=19 iter=2 sweep=2 logical=54 identity=14 component=16 complete=24 collecting=1 completed=1 failed=0
N2S6_SWEEP i=98 solve=0 map=19 iter=3 sweep=3 logical=54 identity=14 component=16 complete=24 collecting=1 completed=1 failed=0
N2S6_SWEEP i=99 solve=0 map=19 iter=4 sweep=4 logical=54 identity=14 component=16 complete=24 collecting=1 completed=1 failed=0
N2S6_SWEEP i=100 solve=0 map=20 iter=0 sweep=0 logical=48 identity=14 component=10 complete=24 collecting=1 completed=1 failed=0
N2S6_SWEEP i=101 solve=0 map=20 iter=1 sweep=1 logical=48 identity=14 component=10 complete=24 collecting=1 completed=1 failed=0
N2S6_SWEEP i=102 solve=0 map=20 iter=2 sweep=2 logical=54 identity=14 component=16 complete=24 collecting=1 completed=1 failed=0
N2S6_SWEEP i=103 solve=0 map=20 iter=3 sweep=3 logical=54 identity=14 component=16 complete=24 collecting=1 completed=1 failed=0
N2S6_SWEEP i=104 solve=0 map=20 iter=4 sweep=4 logical=54 identity=14 component=16 complete=24 collecting=1 completed=1 failed=0
N2S6_SWEEP i=105 solve=0 map=21 iter=0 sweep=0 logical=48 identity=14 component=10 complete=24 collecting=1 completed=1 failed=0
N2S6_SWEEP i=106 solve=0 map=21 iter=1 sweep=1 logical=48 identity=14 component=10 complete=24 collecting=1 completed=1 failed=0
N2S6_SWEEP i=107 solve=0 map=21 iter=2 sweep=2 logical=54 identity=14 component=16 complete=24 collecting=1 completed=1 failed=0
N2S6_SWEEP i=108 solve=0 map=21 iter=3 sweep=3 logical=54 identity=14 component=16 complete=24 collecting=1 completed=1 failed=0
N2S6_SWEEP i=109 solve=0 map=21 iter=4 sweep=4 logical=54 identity=14 component=16 complete=24 collecting=1 completed=1 failed=0
N2S6_SWEEP i=110 solve=0 map=22 iter=0 sweep=0 logical=48 identity=14 component=10 complete=24 collecting=1 completed=1 failed=0
N2S6_SWEEP i=111 solve=0 map=22 iter=1 sweep=1 logical=48 identity=14 component=10 complete=24 collecting=1 completed=1 failed=0
N2S6_SWEEP i=112 solve=0 map=22 iter=2 sweep=2 logical=54 identity=14 component=16 complete=24 collecting=1 completed=1 failed=0
N2S6_SWEEP i=113 solve=0 map=22 iter=3 sweep=3 logical=54 identity=14 component=16 complete=24 collecting=1 completed=1 failed=0
N2S6_SWEEP i=114 solve=0 map=22 iter=4 sweep=4 logical=54 identity=14 component=16 complete=24 collecting=1 completed=1 failed=0
N2S6_SWEEP i=115 solve=0 map=23 iter=0 sweep=0 logical=48 identity=14 component=10 complete=24 collecting=1 completed=1 failed=0
N2S6_SWEEP i=116 solve=0 map=23 iter=1 sweep=1 logical=48 identity=14 component=10 complete=24 collecting=1 completed=1 failed=0
N2S6_SWEEP i=117 solve=0 map=23 iter=2 sweep=2 logical=54 identity=14 component=16 complete=24 collecting=1 completed=1 failed=0
N2S6_SWEEP i=118 solve=0 map=23 iter=3 sweep=3 logical=54 identity=14 component=16 complete=24 collecting=1 completed=1 failed=0
N2S6_SWEEP i=119 solve=0 map=23 iter=4 sweep=4 logical=54 identity=14 component=16 complete=24 collecting=1 completed=1 failed=0
N2S6_SWEEP i=120 solve=0 map=24 iter=0 sweep=0 logical=48 identity=14 component=10 complete=24 collecting=1 completed=1 failed=0
N2S6_SWEEP i=121 solve=0 map=24 iter=1 sweep=1 logical=48 identity=14 component=10 complete=24 collecting=1 completed=1 failed=0
N2S6_SWEEP i=122 solve=0 map=24 iter=2 sweep=2 logical=54 identity=14 component=16 complete=24 collecting=1 completed=1 failed=0
N2S6_SWEEP i=123 solve=0 map=24 iter=3 sweep=3 logical=54 identity=14 component=16 complete=24 collecting=1 completed=1 failed=0
N2S6_SWEEP i=124 solve=0 map=24 iter=4 sweep=4 logical=54 identity=14 component=16 complete=24 collecting=1 completed=1 failed=0
N2S6_SWEEP i=125 solve=0 map=25 iter=0 sweep=0 logical=48 identity=14 component=10 complete=24 collecting=1 completed=1 failed=0
N2S6_SWEEP i=126 solve=0 map=25 iter=1 sweep=1 logical=48 identity=14 component=10 complete=24 collecting=1 completed=1 failed=0
N2S6_SWEEP i=127 solve=0 map=25 iter=2 sweep=2 logical=54 identity=14 component=16 complete=24 collecting=1 completed=1 failed=0
N2S6_SWEEP i=128 solve=0 map=25 iter=3 sweep=3 logical=54 identity=14 component=16 complete=24 collecting=1 completed=1 failed=0
N2S6_SWEEP i=129 solve=0 map=25 iter=4 sweep=4 logical=54 identity=14 component=16 complete=24 collecting=1 completed=1 failed=0
N2S6_SWEEP i=130 solve=0 map=26 iter=0 sweep=0 logical=48 identity=14 component=10 complete=24 collecting=1 completed=1 failed=0
N2S6_SWEEP i=131 solve=0 map=26 iter=1 sweep=1 logical=48 identity=14 component=10 complete=24 collecting=1 completed=1 failed=0
N2S6_SWEEP i=132 solve=0 map=26 iter=2 sweep=2 logical=54 identity=14 component=16 complete=24 collecting=1 completed=1 failed=0
N2S6_SWEEP i=133 solve=0 map=26 iter=3 sweep=3 logical=54 identity=14 component=16 complete=24 collecting=1 completed=1 failed=0
N2S6_SWEEP i=134 solve=0 map=26 iter=4 sweep=4 logical=54 identity=14 component=16 complete=24 collecting=1 completed=1 failed=0
N2S6_SWEEP i=135 solve=0 map=27 iter=0 sweep=0 logical=48 identity=14 component=10 complete=24 collecting=1 completed=1 failed=0
N2S6_SWEEP i=136 solve=0 map=27 iter=1 sweep=1 logical=48 identity=14 component=10 complete=24 collecting=1 completed=1 failed=0
N2S6_SWEEP i=137 solve=0 map=27 iter=2 sweep=2 logical=54 identity=14 component=16 complete=24 collecting=1 completed=1 failed=0
N2S6_SWEEP i=138 solve=0 map=27 iter=3 sweep=3 logical=54 identity=14 component=16 complete=24 collecting=1 completed=1 failed=0
N2S6_SWEEP i=139 solve=0 map=27 iter=4 sweep=4 logical=54 identity=14 component=16 complete=24 collecting=1 completed=1 failed=0
N2S6_SWEEP i=140 solve=0 map=28 iter=0 sweep=0 logical=48 identity=14 component=10 complete=24 collecting=1 completed=1 failed=0
N2S6_SWEEP i=141 solve=0 map=28 iter=1 sweep=1 logical=48 identity=14 component=10 complete=24 collecting=1 completed=1 failed=0
N2S6_SWEEP i=142 solve=0 map=28 iter=2 sweep=2 logical=54 identity=14 component=16 complete=24 collecting=1 completed=1 failed=0
N2S6_SWEEP i=143 solve=0 map=28 iter=3 sweep=3 logical=54 identity=14 component=16 complete=24 collecting=1 completed=1 failed=0
N2S6_SWEEP i=144 solve=0 map=28 iter=4 sweep=4 logical=54 identity=14 component=16 complete=24 collecting=1 completed=1 failed=0
N2S6_SWEEP i=145 solve=0 map=29 iter=0 sweep=0 logical=48 identity=14 component=10 complete=24 collecting=1 completed=1 failed=0
N2S6_SWEEP i=146 solve=0 map=29 iter=1 sweep=1 logical=48 identity=14 component=10 complete=24 collecting=1 completed=1 failed=0
N2S6_SWEEP i=147 solve=0 map=29 iter=2 sweep=2 logical=54 identity=14 component=16 complete=24 collecting=1 completed=1 failed=0
N2S6_SWEEP i=148 solve=0 map=29 iter=3 sweep=3 logical=54 identity=14 component=16 complete=24 collecting=1 completed=1 failed=0
N2S6_SWEEP i=149 solve=0 map=29 iter=4 sweep=4 logical=54 identity=14 component=16 complete=24 collecting=1 completed=1 failed=0
N2S6_SWEEP i=150 solve=0 map=30 iter=0 sweep=0 logical=48 identity=14 component=10 complete=24 collecting=1 completed=1 failed=0
N2S6_SWEEP i=151 solve=0 map=30 iter=1 sweep=1 logical=48 identity=14 component=10 complete=24 collecting=1 completed=1 failed=0
N2S6_SWEEP i=152 solve=0 map=30 iter=2 sweep=2 logical=54 identity=14 component=16 complete=24 collecting=1 completed=1 failed=0
N2S6_SWEEP i=153 solve=0 map=30 iter=3 sweep=3 logical=54 identity=14 component=16 complete=24 collecting=1 completed=1 failed=0
N2S6_SWEEP i=154 solve=0 map=30 iter=4 sweep=4 logical=54 identity=14 component=16 complete=24 collecting=1 completed=1 failed=0
N2S6_SWEEP i=155 solve=0 map=31 iter=0 sweep=0 logical=48 identity=14 component=10 complete=24 collecting=1 completed=1 failed=0
N2S6_SWEEP i=156 solve=0 map=31 iter=1 sweep=1 logical=48 identity=14 component=10 complete=24 collecting=1 completed=1 failed=0
N2S6_SWEEP i=157 solve=0 map=31 iter=2 sweep=2 logical=54 identity=14 component=16 complete=24 collecting=1 completed=1 failed=0
N2S6_SWEEP i=158 solve=0 map=31 iter=3 sweep=3 logical=54 identity=14 component=16 complete=24 collecting=1 completed=1 failed=0
N2S6_SWEEP i=159 solve=0 map=31 iter=4 sweep=4 logical=54 identity=14 component=16 complete=24 collecting=1 completed=1 failed=0
N2S6_SWEEP i=160 solve=0 map=32 iter=0 sweep=0 logical=48 identity=14 component=10 complete=24 collecting=1 completed=1 failed=0
N2S6_SWEEP i=161 solve=0 map=32 iter=1 sweep=1 logical=48 identity=14 component=10 complete=24 collecting=1 completed=1 failed=0
N2S6_SWEEP i=162 solve=0 map=32 iter=2 sweep=2 logical=54 identity=14 component=16 complete=24 collecting=1 completed=1 failed=0
N2S6_SWEEP i=163 solve=0 map=32 iter=3 sweep=3 logical=54 identity=14 component=16 complete=24 collecting=1 completed=1 failed=0
N2S6_SWEEP i=164 solve=0 map=32 iter=4 sweep=4 logical=54 identity=14 component=16 complete=24 collecting=1 completed=1 failed=0
N2S6_SWEEP i=165 solve=0 map=33 iter=0 sweep=0 logical=48 identity=14 component=10 complete=24 collecting=1 completed=1 failed=0
N2S6_SWEEP i=166 solve=0 map=33 iter=1 sweep=1 logical=48 identity=14 component=10 complete=24 collecting=1 completed=1 failed=0
N2S6_SWEEP i=167 solve=0 map=33 iter=2 sweep=2 logical=54 identity=14 component=16 complete=24 collecting=1 completed=1 failed=0
N2S6_SWEEP i=168 solve=0 map=33 iter=3 sweep=3 logical=54 identity=14 component=16 complete=24 collecting=1 completed=1 failed=0
N2S6_SWEEP i=169 solve=0 map=33 iter=4 sweep=4 logical=54 identity=14 component=16 complete=24 collecting=1 completed=1 failed=0
N2S6_SWEEP i=170 solve=0 map=34 iter=0 sweep=0 logical=48 identity=14 component=10 complete=24 collecting=1 completed=1 failed=0
N2S6_SWEEP i=171 solve=0 map=34 iter=1 sweep=1 logical=48 identity=14 component=10 complete=24 collecting=1 completed=1 failed=0
N2S6_SWEEP i=172 solve=0 map=34 iter=2 sweep=2 logical=54 identity=14 component=16 complete=24 collecting=1 completed=1 failed=0
N2S6_SWEEP i=173 solve=0 map=34 iter=3 sweep=3 logical=54 identity=14 component=16 complete=24 collecting=1 completed=1 failed=0
N2S6_SWEEP i=174 solve=0 map=34 iter=4 sweep=4 logical=54 identity=14 component=16 complete=24 collecting=1 completed=1 failed=0
N2S6_SWEEP i=175 solve=0 map=35 iter=0 sweep=0 logical=48 identity=14 component=10 complete=24 collecting=1 completed=1 failed=0
N2S6_SWEEP i=176 solve=0 map=35 iter=1 sweep=1 logical=48 identity=14 component=10 complete=24 collecting=1 completed=1 failed=0
N2S6_SWEEP i=177 solve=0 map=35 iter=2 sweep=2 logical=54 identity=14 component=16 complete=24 collecting=1 completed=1 failed=0
N2S6_SWEEP i=178 solve=0 map=35 iter=3 sweep=3 logical=54 identity=14 component=16 complete=24 collecting=1 completed=1 failed=0
N2S6_SWEEP i=179 solve=0 map=35 iter=4 sweep=4 logical=54 identity=14 component=16 complete=24 collecting=1 completed=1 failed=0
N2S6_SWEEP i=180 solve=0 map=36 iter=0 sweep=0 logical=48 identity=14 component=10 complete=24 collecting=1 completed=1 failed=0
N2S6_SWEEP i=181 solve=0 map=36 iter=1 sweep=1 logical=48 identity=14 component=10 complete=24 collecting=1 completed=1 failed=0
N2S6_SWEEP i=182 solve=0 map=36 iter=2 sweep=2 logical=54 identity=14 component=16 complete=24 collecting=1 completed=1 failed=0
N2S6_SWEEP i=183 solve=0 map=36 iter=3 sweep=3 logical=54 identity=14 component=16 complete=24 collecting=1 completed=1 failed=0
N2S6_SWEEP i=184 solve=0 map=36 iter=4 sweep=4 logical=54 identity=14 component=16 complete=24 collecting=1 completed=1 failed=0
N2S6_SWEEP i=185 solve=0 map=37 iter=0 sweep=0 logical=48 identity=14 component=10 complete=24 collecting=1 completed=1 failed=0
N2S6_SWEEP i=186 solve=0 map=37 iter=1 sweep=1 logical=48 identity=14 component=10 complete=24 collecting=1 completed=1 failed=0
N2S6_SWEEP i=187 solve=0 map=37 iter=2 sweep=2 logical=54 identity=14 component=16 complete=24 collecting=1 completed=1 failed=0
N2S6_SWEEP i=188 solve=0 map=37 iter=3 sweep=3 logical=54 identity=14 component=16 complete=24 collecting=1 completed=1 failed=0
N2S6_SWEEP i=189 solve=0 map=37 iter=4 sweep=4 logical=54 identity=14 component=16 complete=24 collecting=1 completed=1 failed=0
N2S6_SWEEP i=190 solve=0 map=38 iter=0 sweep=0 logical=48 identity=14 component=10 complete=24 collecting=1 completed=1 failed=0
N2S6_SWEEP i=191 solve=0 map=38 iter=1 sweep=1 logical=48 identity=14 component=10 complete=24 collecting=1 completed=1 failed=0
N2S6_SWEEP i=192 solve=0 map=38 iter=2 sweep=2 logical=54 identity=14 component=16 complete=24 collecting=1 completed=1 failed=0
N2S6_SWEEP i=193 solve=0 map=38 iter=3 sweep=3 logical=54 identity=14 component=16 complete=24 collecting=1 completed=1 failed=0
N2S6_SWEEP i=194 solve=0 map=38 iter=4 sweep=4 logical=54 identity=14 component=16 complete=24 collecting=1 completed=1 failed=0
N2S6_SWEEP i=195 solve=0 map=39 iter=0 sweep=0 logical=48 identity=14 component=10 complete=24 collecting=1 completed=1 failed=0
N2S6_SWEEP i=196 solve=0 map=39 iter=1 sweep=1 logical=48 identity=14 component=10 complete=24 collecting=1 completed=1 failed=0
N2S6_SWEEP i=197 solve=0 map=39 iter=2 sweep=2 logical=54 identity=14 component=16 complete=24 collecting=1 completed=1 failed=0
N2S6_SWEEP i=198 solve=0 map=39 iter=3 sweep=3 logical=54 identity=14 component=16 complete=24 collecting=1 completed=1 failed=0
N2S6_SWEEP i=199 solve=0 map=39 iter=4 sweep=4 logical=54 identity=14 component=16 complete=24 collecting=1 completed=1 failed=0
N2S6_SWEEP i=200 solve=0 map=40 iter=0 sweep=0 logical=48 identity=14 component=10 complete=24 collecting=1 completed=1 failed=0
N2S6_SWEEP i=201 solve=0 map=40 iter=1 sweep=1 logical=48 identity=14 component=10 complete=24 collecting=1 completed=1 failed=0
N2S6_SWEEP i=202 solve=0 map=40 iter=2 sweep=2 logical=54 identity=14 component=16 complete=24 collecting=1 completed=1 failed=0
N2S6_SWEEP i=203 solve=0 map=40 iter=3 sweep=3 logical=54 identity=14 component=16 complete=24 collecting=1 completed=1 failed=0
N2S6_SWEEP i=204 solve=0 map=40 iter=4 sweep=4 logical=54 identity=14 component=16 complete=24 collecting=1 completed=1 failed=0
N2S6_SWEEP i=205 solve=0 map=41 iter=0 sweep=0 logical=48 identity=14 component=10 complete=24 collecting=1 completed=1 failed=0
N2S6_SWEEP i=206 solve=0 map=41 iter=1 sweep=1 logical=48 identity=14 component=10 complete=24 collecting=1 completed=1 failed=0
N2S6_SWEEP i=207 solve=0 map=41 iter=2 sweep=2 logical=54 identity=14 component=16 complete=24 collecting=1 completed=1 failed=0
N2S6_SWEEP i=208 solve=0 map=41 iter=3 sweep=3 logical=54 identity=14 component=16 complete=24 collecting=1 completed=1 failed=0
N2S6_SWEEP i=209 solve=0 map=41 iter=4 sweep=4 logical=54 identity=14 component=16 complete=24 collecting=1 completed=1 failed=0
N2S6_SWEEP i=210 solve=0 map=42 iter=0 sweep=0 logical=48 identity=14 component=10 complete=24 collecting=1 completed=1 failed=0
N2S6_SWEEP i=211 solve=0 map=42 iter=1 sweep=1 logical=48 identity=14 component=10 complete=24 collecting=1 completed=1 failed=0
N2S6_SWEEP i=212 solve=0 map=42 iter=2 sweep=2 logical=54 identity=14 component=16 complete=24 collecting=1 completed=1 failed=0
N2S6_SWEEP i=213 solve=0 map=42 iter=3 sweep=3 logical=54 identity=14 component=16 complete=24 collecting=1 completed=1 failed=0
N2S6_SWEEP i=214 solve=0 map=42 iter=4 sweep=4 logical=54 identity=14 component=16 complete=24 collecting=1 completed=1 failed=0
N2S6_SWEEP i=215 solve=0 map=43 iter=0 sweep=0 logical=48 identity=14 component=10 complete=24 collecting=1 completed=1 failed=0
N2S6_SWEEP i=216 solve=0 map=43 iter=1 sweep=1 logical=48 identity=14 component=10 complete=24 collecting=1 completed=1 failed=0
N2S6_SWEEP i=217 solve=0 map=43 iter=2 sweep=2 logical=54 identity=14 component=16 complete=24 collecting=1 completed=1 failed=0
N2S6_SWEEP i=218 solve=0 map=43 iter=3 sweep=3 logical=54 identity=14 component=16 complete=24 collecting=1 completed=1 failed=0
N2S6_SWEEP i=219 solve=0 map=43 iter=4 sweep=4 logical=54 identity=14 component=16 complete=24 collecting=1 completed=1 failed=0
N2S6_SWEEP i=220 solve=0 map=44 iter=0 sweep=0 logical=48 identity=14 component=10 complete=24 collecting=1 completed=1 failed=0
N2S6_SWEEP i=221 solve=0 map=44 iter=1 sweep=1 logical=48 identity=14 component=10 complete=24 collecting=1 completed=1 failed=0
N2S6_SWEEP i=222 solve=0 map=44 iter=2 sweep=2 logical=54 identity=14 component=16 complete=24 collecting=1 completed=1 failed=0
N2S6_SWEEP i=223 solve=0 map=44 iter=3 sweep=3 logical=54 identity=14 component=16 complete=24 collecting=1 completed=1 failed=0
N2S6_SWEEP i=224 solve=0 map=44 iter=4 sweep=4 logical=54 identity=14 component=16 complete=24 collecting=1 completed=1 failed=0
N2S6_SWEEP i=225 solve=0 map=45 iter=0 sweep=0 logical=48 identity=14 component=10 complete=24 collecting=1 completed=1 failed=0
N2S6_SWEEP i=226 solve=0 map=45 iter=1 sweep=1 logical=48 identity=14 component=10 complete=24 collecting=1 completed=1 failed=0
N2S6_SWEEP i=227 solve=0 map=45 iter=2 sweep=2 logical=54 identity=14 component=16 complete=24 collecting=1 completed=1 failed=0
N2S6_SWEEP i=228 solve=0 map=45 iter=3 sweep=3 logical=54 identity=14 component=16 complete=24 collecting=1 completed=1 failed=0
N2S6_SWEEP i=229 solve=0 map=45 iter=4 sweep=4 logical=54 identity=14 component=16 complete=24 collecting=1 completed=1 failed=0
N2S6_SWEEP i=230 solve=0 map=46 iter=0 sweep=0 logical=48 identity=14 component=10 complete=24 collecting=1 completed=1 failed=0
N2S6_SWEEP i=231 solve=0 map=46 iter=1 sweep=1 logical=48 identity=14 component=10 complete=24 collecting=1 completed=1 failed=0
N2S6_SWEEP i=232 solve=0 map=46 iter=2 sweep=2 logical=54 identity=14 component=16 complete=24 collecting=1 completed=1 failed=0
N2S6_SWEEP i=233 solve=0 map=46 iter=3 sweep=3 logical=54 identity=14 component=16 complete=24 collecting=1 completed=1 failed=0
N2S6_SWEEP i=234 solve=0 map=46 iter=4 sweep=4 logical=54 identity=14 component=16 complete=24 collecting=1 completed=1 failed=0
N2S6_SWEEP i=235 solve=0 map=47 iter=0 sweep=0 logical=48 identity=14 component=10 complete=24 collecting=1 completed=1 failed=0
N2S6_SWEEP i=236 solve=0 map=47 iter=1 sweep=1 logical=48 identity=14 component=10 complete=24 collecting=1 completed=1 failed=0
N2S6_SWEEP i=237 solve=0 map=47 iter=2 sweep=2 logical=54 identity=14 component=16 complete=24 collecting=1 completed=1 failed=0
N2S6_SWEEP i=238 solve=0 map=47 iter=3 sweep=3 logical=54 identity=14 component=16 complete=24 collecting=1 completed=1 failed=0
N2S6_SWEEP i=239 solve=0 map=47 iter=4 sweep=4 logical=54 identity=14 component=16 complete=24 collecting=1 completed=1 failed=0
N2S6_SWEEP i=240 solve=0 map=48 iter=0 sweep=0 logical=48 identity=14 component=10 complete=24 collecting=1 completed=1 failed=0
N2S6_SWEEP i=241 solve=0 map=48 iter=1 sweep=1 logical=48 identity=14 component=10 complete=24 collecting=1 completed=1 failed=0
N2S6_SWEEP i=242 solve=0 map=48 iter=2 sweep=2 logical=54 identity=14 component=16 complete=24 collecting=1 completed=1 failed=0
N2S6_SWEEP i=243 solve=0 map=48 iter=3 sweep=3 logical=54 identity=14 component=16 complete=24 collecting=1 completed=1 failed=0
N2S6_SWEEP i=244 solve=0 map=48 iter=4 sweep=4 logical=54 identity=14 component=16 complete=24 collecting=1 completed=1 failed=0
N2S6_SWEEP i=245 solve=0 map=49 iter=0 sweep=0 logical=48 identity=14 component=10 complete=24 collecting=1 completed=1 failed=0
N2S6_SWEEP i=246 solve=0 map=49 iter=1 sweep=1 logical=48 identity=14 component=10 complete=24 collecting=1 completed=1 failed=0
N2S6_SWEEP i=247 solve=0 map=49 iter=2 sweep=2 logical=54 identity=14 component=16 complete=24 collecting=1 completed=1 failed=0
N2S6_SWEEP i=248 solve=0 map=49 iter=3 sweep=3 logical=54 identity=14 component=16 complete=24 collecting=1 completed=1 failed=0
N2S6_SWEEP i=249 solve=0 map=49 iter=4 sweep=4 logical=54 identity=14 component=16 complete=24 collecting=1 completed=1 failed=0
N2S6_SWEEP i=250 solve=0 map=50 iter=0 sweep=0 logical=48 identity=14 component=10 complete=24 collecting=1 completed=1 failed=0
N2S6_SWEEP i=251 solve=0 map=50 iter=1 sweep=1 logical=48 identity=14 component=10 complete=24 collecting=1 completed=1 failed=0
N2S6_SWEEP i=252 solve=0 map=50 iter=2 sweep=2 logical=54 identity=14 component=16 complete=24 collecting=1 completed=1 failed=0
N2S6_SWEEP i=253 solve=0 map=50 iter=3 sweep=3 logical=54 identity=14 component=16 complete=24 collecting=1 completed=1 failed=0
N2S6_SWEEP i=254 solve=0 map=50 iter=4 sweep=4 logical=54 identity=14 component=16 complete=24 collecting=1 completed=1 failed=0
N2S6_SWEEP i=255 solve=0 map=51 iter=0 sweep=0 logical=48 identity=14 component=10 complete=24 collecting=1 completed=1 failed=0
N2S6_SWEEP i=256 solve=0 map=51 iter=1 sweep=1 logical=48 identity=14 component=10 complete=24 collecting=1 completed=1 failed=0
N2S6_SWEEP i=257 solve=0 map=51 iter=2 sweep=2 logical=54 identity=14 component=16 complete=24 collecting=1 completed=1 failed=0
N2S6_SWEEP i=258 solve=0 map=51 iter=3 sweep=3 logical=54 identity=14 component=16 complete=24 collecting=1 completed=1 failed=0
N2S6_SWEEP i=259 solve=0 map=51 iter=4 sweep=4 logical=54 identity=14 component=16 complete=24 collecting=1 completed=1 failed=0
N2S6_SWEEP i=260 solve=0 map=52 iter=0 sweep=0 logical=48 identity=14 component=10 complete=24 collecting=1 completed=1 failed=0
N2S6_SWEEP i=261 solve=0 map=52 iter=1 sweep=1 logical=48 identity=14 component=10 complete=24 collecting=1 completed=1 failed=0
N2S6_SWEEP i=262 solve=0 map=52 iter=2 sweep=2 logical=54 identity=14 component=16 complete=24 collecting=1 completed=1 failed=0
N2S6_SWEEP i=263 solve=0 map=52 iter=3 sweep=3 logical=54 identity=14 component=16 complete=24 collecting=1 completed=1 failed=0
N2S6_SWEEP i=264 solve=0 map=52 iter=4 sweep=4 logical=54 identity=14 component=16 complete=24 collecting=1 completed=1 failed=0
N2S6_SWEEP i=265 solve=0 map=53 iter=0 sweep=0 logical=48 identity=14 component=10 complete=24 collecting=1 completed=1 failed=0
N2S6_SWEEP i=266 solve=0 map=53 iter=1 sweep=1 logical=48 identity=14 component=10 complete=24 collecting=1 completed=1 failed=0
N2S6_SWEEP i=267 solve=0 map=53 iter=2 sweep=2 logical=54 identity=14 component=16 complete=24 collecting=1 completed=1 failed=0
N2S6_SWEEP i=268 solve=0 map=53 iter=3 sweep=3 logical=54 identity=14 component=16 complete=24 collecting=1 completed=1 failed=0
N2S6_SWEEP i=269 solve=0 map=53 iter=4 sweep=4 logical=54 identity=14 component=16 complete=24 collecting=1 completed=1 failed=0
N2S6_SWEEP i=270 solve=0 map=54 iter=0 sweep=0 logical=48 identity=14 component=10 complete=24 collecting=1 completed=1 failed=0
N2S6_SWEEP i=271 solve=0 map=54 iter=1 sweep=1 logical=48 identity=14 component=10 complete=24 collecting=1 completed=1 failed=0
N2S6_SWEEP i=272 solve=0 map=54 iter=2 sweep=2 logical=54 identity=14 component=16 complete=24 collecting=1 completed=1 failed=0
N2S6_SWEEP i=273 solve=0 map=54 iter=3 sweep=3 logical=54 identity=14 component=16 complete=24 collecting=1 completed=1 failed=0
N2S6_SWEEP i=274 solve=0 map=54 iter=4 sweep=4 logical=54 identity=14 component=16 complete=24 collecting=1 completed=1 failed=0
N2S6_SWEEP i=275 solve=0 map=55 iter=0 sweep=0 logical=48 identity=14 component=10 complete=24 collecting=1 completed=1 failed=0
N2S6_SWEEP i=276 solve=0 map=55 iter=1 sweep=1 logical=48 identity=14 component=10 complete=24 collecting=1 completed=1 failed=0
N2S6_SWEEP i=277 solve=0 map=55 iter=2 sweep=2 logical=54 identity=14 component=16 complete=24 collecting=1 completed=1 failed=0
N2S6_SWEEP i=278 solve=0 map=55 iter=3 sweep=3 logical=54 identity=14 component=16 complete=24 collecting=1 completed=1 failed=0
N2S6_SWEEP i=279 solve=0 map=55 iter=4 sweep=4 logical=54 identity=14 component=16 complete=24 collecting=1 completed=1 failed=0
N2S6_SWEEP i=280 solve=0 map=56 iter=0 sweep=0 logical=48 identity=14 component=10 complete=24 collecting=1 completed=1 failed=0
N2S6_SWEEP i=281 solve=0 map=56 iter=1 sweep=1 logical=48 identity=14 component=10 complete=24 collecting=1 completed=1 failed=0
N2S6_SWEEP i=282 solve=0 map=56 iter=2 sweep=2 logical=54 identity=14 component=16 complete=24 collecting=1 completed=1 failed=0
N2S6_SWEEP i=283 solve=0 map=56 iter=3 sweep=3 logical=54 identity=14 component=16 complete=24 collecting=1 completed=1 failed=0
N2S6_SWEEP i=284 solve=0 map=56 iter=4 sweep=4 logical=54 identity=14 component=16 complete=24 collecting=1 completed=1 failed=0
N2S6_SWEEP i=285 solve=0 map=57 iter=0 sweep=0 logical=48 identity=14 component=10 complete=24 collecting=1 completed=1 failed=0
N2S6_SWEEP i=286 solve=0 map=57 iter=1 sweep=1 logical=48 identity=14 component=10 complete=24 collecting=1 completed=1 failed=0
N2S6_SWEEP i=287 solve=0 map=57 iter=2 sweep=2 logical=54 identity=14 component=16 complete=24 collecting=1 completed=1 failed=0
N2S6_SWEEP i=288 solve=0 map=57 iter=3 sweep=3 logical=54 identity=14 component=16 complete=24 collecting=1 completed=1 failed=0
N2S6_SWEEP i=289 solve=0 map=57 iter=4 sweep=4 logical=54 identity=14 component=16 complete=24 collecting=1 completed=1 failed=0
N2S6_SWEEP i=290 solve=0 map=58 iter=0 sweep=0 logical=48 identity=14 component=10 complete=24 collecting=1 completed=1 failed=0
N2S6_SWEEP i=291 solve=0 map=58 iter=1 sweep=1 logical=48 identity=14 component=10 complete=24 collecting=1 completed=1 failed=0
N2S6_SWEEP i=292 solve=0 map=58 iter=2 sweep=2 logical=54 identity=14 component=16 complete=24 collecting=1 completed=1 failed=0
N2S6_SWEEP i=293 solve=0 map=58 iter=3 sweep=3 logical=54 identity=14 component=16 complete=24 collecting=1 completed=1 failed=0
N2S6_SWEEP i=294 solve=0 map=58 iter=4 sweep=4 logical=54 identity=14 component=16 complete=24 collecting=1 completed=1 failed=0
N2S6_SWEEP i=295 solve=0 map=59 iter=0 sweep=0 logical=48 identity=14 component=10 complete=24 collecting=1 completed=1 failed=0
N2S6_SWEEP i=296 solve=0 map=59 iter=1 sweep=1 logical=48 identity=14 component=10 complete=24 collecting=1 completed=1 failed=0
N2S6_SWEEP i=297 solve=0 map=59 iter=2 sweep=2 logical=54 identity=14 component=16 complete=24 collecting=1 completed=1 failed=0
N2S6_SWEEP i=298 solve=0 map=59 iter=3 sweep=3 logical=54 identity=14 component=16 complete=24 collecting=1 completed=1 failed=0
N2S6_SWEEP i=299 solve=0 map=59 iter=4 sweep=4 logical=54 identity=14 component=16 complete=24 collecting=1 completed=1 failed=0
N2S6_SWEEP i=300 solve=0 map=60 iter=0 sweep=0 logical=48 identity=14 component=10 complete=24 collecting=1 completed=1 failed=0
N2S6_SWEEP i=301 solve=0 map=60 iter=1 sweep=1 logical=48 identity=14 component=10 complete=24 collecting=1 completed=1 failed=0
N2S6_SWEEP i=302 solve=0 map=60 iter=2 sweep=2 logical=54 identity=14 component=16 complete=24 collecting=1 completed=1 failed=0
N2S6_SWEEP i=303 solve=0 map=60 iter=3 sweep=3 logical=54 identity=14 component=16 complete=24 collecting=1 completed=1 failed=0
N2S6_SWEEP i=304 solve=0 map=60 iter=4 sweep=4 logical=54 identity=14 component=16 complete=24 collecting=1 completed=1 failed=0
N2S6_SWEEP i=305 solve=0 map=61 iter=0 sweep=0 logical=48 identity=14 component=10 complete=24 collecting=1 completed=1 failed=0
N2S6_SWEEP i=306 solve=0 map=61 iter=1 sweep=1 logical=48 identity=14 component=10 complete=24 collecting=1 completed=1 failed=0
N2S6_SWEEP i=307 solve=0 map=61 iter=2 sweep=2 logical=54 identity=14 component=16 complete=24 collecting=1 completed=1 failed=0
N2S6_SWEEP i=308 solve=0 map=61 iter=3 sweep=3 logical=54 identity=14 component=16 complete=24 collecting=1 completed=1 failed=0
N2S6_SWEEP i=309 solve=0 map=61 iter=4 sweep=4 logical=54 identity=14 component=16 complete=24 collecting=1 completed=1 failed=0
N2S6_SWEEP i=310 solve=0 map=62 iter=0 sweep=0 logical=48 identity=14 component=10 complete=24 collecting=1 completed=1 failed=0
N2S6_SWEEP i=311 solve=0 map=62 iter=1 sweep=1 logical=48 identity=14 component=10 complete=24 collecting=1 completed=1 failed=0
N2S6_SWEEP i=312 solve=0 map=62 iter=2 sweep=2 logical=54 identity=14 component=16 complete=24 collecting=1 completed=1 failed=0
N2S6_SWEEP i=313 solve=0 map=62 iter=3 sweep=3 logical=54 identity=14 component=16 complete=24 collecting=1 completed=1 failed=0
N2S6_SWEEP i=314 solve=0 map=62 iter=4 sweep=4 logical=54 identity=14 component=16 complete=24 collecting=1 completed=1 failed=0
N2S6_SWEEP i=315 solve=0 map=63 iter=0 sweep=0 logical=48 identity=14 component=10 complete=24 collecting=1 completed=1 failed=0
N2S6_SWEEP i=316 solve=0 map=63 iter=1 sweep=1 logical=48 identity=14 component=10 complete=24 collecting=1 completed=1 failed=0
N2S6_SWEEP i=317 solve=0 map=63 iter=2 sweep=2 logical=54 identity=14 component=16 complete=24 collecting=1 completed=1 failed=0
N2S6_SWEEP i=318 solve=0 map=63 iter=3 sweep=3 logical=54 identity=14 component=16 complete=24 collecting=1 completed=1 failed=0
N2S6_SWEEP i=319 solve=0 map=63 iter=4 sweep=4 logical=54 identity=14 component=16 complete=24 collecting=1 completed=1 failed=0
N2S6_SWEEP i=320 solve=0 map=64 iter=0 sweep=0 logical=48 identity=14 component=10 complete=24 collecting=1 completed=1 failed=0
N2S6_SWEEP i=321 solve=0 map=64 iter=1 sweep=1 logical=48 identity=14 component=10 complete=24 collecting=1 completed=1 failed=0
N2S6_SWEEP i=322 solve=0 map=64 iter=2 sweep=2 logical=54 identity=14 component=16 complete=24 collecting=1 completed=1 failed=0
N2S6_SWEEP i=323 solve=0 map=64 iter=3 sweep=3 logical=54 identity=14 component=16 complete=24 collecting=1 completed=1 failed=0
N2S6_SWEEP i=324 solve=0 map=64 iter=4 sweep=4 logical=54 identity=14 component=16 complete=24 collecting=1 completed=1 failed=0
N2S6_SWEEP i=325 solve=0 map=65 iter=0 sweep=0 logical=48 identity=14 component=10 complete=24 collecting=1 completed=1 failed=0
N2S6_SWEEP i=326 solve=0 map=65 iter=1 sweep=1 logical=48 identity=14 component=10 complete=24 collecting=1 completed=1 failed=0
N2S6_SWEEP i=327 solve=0 map=65 iter=2 sweep=2 logical=54 identity=14 component=16 complete=24 collecting=1 completed=1 failed=0
N2S6_SWEEP i=328 solve=0 map=65 iter=3 sweep=3 logical=54 identity=14 component=16 complete=24 collecting=1 completed=1 failed=0
N2S6_SWEEP i=329 solve=0 map=65 iter=4 sweep=4 logical=54 identity=14 component=16 complete=24 collecting=1 completed=1 failed=0
N2S6_SWEEP i=330 solve=0 map=66 iter=0 sweep=0 logical=48 identity=14 component=10 complete=24 collecting=1 completed=1 failed=0
N2S6_SWEEP i=331 solve=0 map=66 iter=1 sweep=1 logical=48 identity=14 component=10 complete=24 collecting=1 completed=1 failed=0
N2S6_SWEEP i=332 solve=0 map=66 iter=2 sweep=2 logical=54 identity=14 component=16 complete=24 collecting=1 completed=1 failed=0
N2S6_SWEEP i=333 solve=0 map=66 iter=3 sweep=3 logical=54 identity=14 component=16 complete=24 collecting=1 completed=1 failed=0
N2S6_SWEEP i=334 solve=0 map=66 iter=4 sweep=4 logical=54 identity=14 component=16 complete=24 collecting=1 completed=1 failed=0
N2S6_SWEEP i=335 solve=0 map=67 iter=0 sweep=0 logical=48 identity=14 component=10 complete=24 collecting=1 completed=1 failed=0
N2S6_SWEEP i=336 solve=0 map=67 iter=1 sweep=1 logical=48 identity=14 component=10 complete=24 collecting=1 completed=1 failed=0
N2S6_SWEEP i=337 solve=0 map=67 iter=2 sweep=2 logical=54 identity=14 component=16 complete=24 collecting=1 completed=1 failed=0
N2S6_SWEEP i=338 solve=0 map=67 iter=3 sweep=3 logical=54 identity=14 component=16 complete=24 collecting=1 completed=1 failed=0
N2S6_SWEEP i=339 solve=0 map=67 iter=4 sweep=4 logical=54 identity=14 component=16 complete=24 collecting=1 completed=1 failed=0
N2S6_SWEEP i=340 solve=0 map=68 iter=0 sweep=0 logical=48 identity=14 component=10 complete=24 collecting=1 completed=1 failed=0
N2S6_SWEEP i=341 solve=0 map=68 iter=1 sweep=1 logical=48 identity=14 component=10 complete=24 collecting=1 completed=1 failed=0
N2S6_SWEEP i=342 solve=0 map=68 iter=2 sweep=2 logical=54 identity=14 component=16 complete=24 collecting=1 completed=1 failed=0
N2S6_SWEEP i=343 solve=0 map=68 iter=3 sweep=3 logical=54 identity=14 component=16 complete=24 collecting=1 completed=1 failed=0
N2S6_SWEEP i=344 solve=0 map=68 iter=4 sweep=4 logical=54 identity=14 component=16 complete=24 collecting=1 completed=1 failed=0
N2S6_SWEEP i=345 solve=0 map=69 iter=0 sweep=0 logical=48 identity=14 component=10 complete=24 collecting=1 completed=1 failed=0
N2S6_SWEEP i=346 solve=0 map=69 iter=1 sweep=1 logical=48 identity=14 component=10 complete=24 collecting=1 completed=1 failed=0
N2S6_SWEEP i=347 solve=0 map=69 iter=2 sweep=2 logical=54 identity=14 component=16 complete=24 collecting=1 completed=1 failed=0
N2S6_SWEEP i=348 solve=0 map=69 iter=3 sweep=3 logical=54 identity=14 component=16 complete=24 collecting=1 completed=1 failed=0
N2S6_SWEEP i=349 solve=0 map=69 iter=4 sweep=4 logical=54 identity=14 component=16 complete=24 collecting=1 completed=1 failed=0
N2S6_SWEEP i=350 solve=0 map=70 iter=0 sweep=0 logical=48 identity=14 component=10 complete=24 collecting=1 completed=1 failed=0
N2S6_SWEEP i=351 solve=0 map=70 iter=1 sweep=1 logical=48 identity=14 component=10 complete=24 collecting=1 completed=1 failed=0
N2S6_SWEEP i=352 solve=0 map=70 iter=2 sweep=2 logical=54 identity=14 component=16 complete=24 collecting=1 completed=1 failed=0
N2S6_SWEEP i=353 solve=0 map=70 iter=3 sweep=3 logical=54 identity=14 component=16 complete=24 collecting=1 completed=1 failed=0
N2S6_SWEEP i=354 solve=0 map=70 iter=4 sweep=4 logical=54 identity=14 component=16 complete=24 collecting=1 completed=1 failed=0
N2S6_SWEEP i=355 solve=0 map=71 iter=0 sweep=0 logical=48 identity=14 component=10 complete=24 collecting=1 completed=1 failed=0
N2S6_SWEEP i=356 solve=0 map=71 iter=1 sweep=1 logical=48 identity=14 component=10 complete=24 collecting=1 completed=1 failed=0
N2S6_SWEEP i=357 solve=0 map=71 iter=2 sweep=2 logical=54 identity=14 component=16 complete=24 collecting=1 completed=1 failed=0
N2S6_SWEEP i=358 solve=0 map=71 iter=3 sweep=3 logical=54 identity=14 component=16 complete=24 collecting=1 completed=1 failed=0
N2S6_SWEEP i=359 solve=0 map=71 iter=4 sweep=4 logical=54 identity=14 component=16 complete=24 collecting=1 completed=1 failed=0
N2S6_SWEEP i=360 solve=0 map=72 iter=0 sweep=0 logical=48 identity=14 component=10 complete=24 collecting=1 completed=1 failed=0
N2S6_SWEEP i=361 solve=0 map=72 iter=1 sweep=1 logical=48 identity=14 component=10 complete=24 collecting=1 completed=1 failed=0
N2S6_SWEEP i=362 solve=0 map=72 iter=2 sweep=2 logical=54 identity=14 component=16 complete=24 collecting=1 completed=1 failed=0
N2S6_SWEEP i=363 solve=0 map=72 iter=3 sweep=3 logical=54 identity=14 component=16 complete=24 collecting=1 completed=1 failed=0
N2S6_SWEEP i=364 solve=0 map=72 iter=4 sweep=4 logical=54 identity=14 component=16 complete=24 collecting=1 completed=1 failed=0
N2S6_SWEEP i=365 solve=0 map=73 iter=0 sweep=0 logical=48 identity=14 component=10 complete=24 collecting=1 completed=1 failed=0
N2S6_SWEEP i=366 solve=0 map=73 iter=1 sweep=1 logical=48 identity=14 component=10 complete=24 collecting=1 completed=1 failed=0
N2S6_SWEEP i=367 solve=0 map=73 iter=2 sweep=2 logical=54 identity=14 component=16 complete=24 collecting=1 completed=1 failed=0
N2S6_SWEEP i=368 solve=0 map=73 iter=3 sweep=3 logical=54 identity=14 component=16 complete=24 collecting=1 completed=1 failed=0
N2S6_SWEEP i=369 solve=0 map=73 iter=4 sweep=4 logical=54 identity=14 component=16 complete=24 collecting=1 completed=1 failed=0
N2S6_SWEEP i=370 solve=0 map=74 iter=0 sweep=0 logical=48 identity=14 component=10 complete=24 collecting=1 completed=1 failed=0
N2S6_SWEEP i=371 solve=0 map=74 iter=1 sweep=1 logical=48 identity=14 component=10 complete=24 collecting=1 completed=1 failed=0
N2S6_SWEEP i=372 solve=0 map=74 iter=2 sweep=2 logical=54 identity=14 component=16 complete=24 collecting=1 completed=1 failed=0
N2S6_SWEEP i=373 solve=0 map=74 iter=3 sweep=3 logical=54 identity=14 component=16 complete=24 collecting=1 completed=1 failed=0
N2S6_SWEEP i=374 solve=0 map=74 iter=4 sweep=4 logical=54 identity=14 component=16 complete=24 collecting=1 completed=1 failed=0
N2S6_SWEEP i=375 solve=0 map=75 iter=0 sweep=0 logical=48 identity=14 component=10 complete=24 collecting=1 completed=1 failed=0
N2S6_SWEEP i=376 solve=0 map=75 iter=1 sweep=1 logical=48 identity=14 component=10 complete=24 collecting=1 completed=1 failed=0
N2S6_SWEEP i=377 solve=0 map=75 iter=2 sweep=2 logical=54 identity=14 component=16 complete=24 collecting=1 completed=1 failed=0
N2S6_SWEEP i=378 solve=0 map=75 iter=3 sweep=3 logical=54 identity=14 component=16 complete=24 collecting=1 completed=1 failed=0
N2S6_SWEEP i=379 solve=0 map=75 iter=4 sweep=4 logical=54 identity=14 component=16 complete=24 collecting=1 completed=1 failed=0
N2S6_SWEEP i=380 solve=0 map=76 iter=0 sweep=0 logical=48 identity=14 component=10 complete=24 collecting=1 completed=1 failed=0
N2S6_SWEEP i=381 solve=0 map=76 iter=1 sweep=1 logical=48 identity=14 component=10 complete=24 collecting=1 completed=1 failed=0
N2S6_SWEEP i=382 solve=0 map=76 iter=2 sweep=2 logical=54 identity=14 component=16 complete=24 collecting=1 completed=1 failed=0
N2S6_SWEEP i=383 solve=0 map=76 iter=3 sweep=3 logical=54 identity=14 component=16 complete=24 collecting=1 completed=1 failed=0
N2S6_SWEEP i=384 solve=0 map=76 iter=4 sweep=4 logical=54 identity=14 component=16 complete=24 collecting=1 completed=1 failed=0
N2S6_SWEEP i=385 solve=0 map=77 iter=0 sweep=0 logical=48 identity=14 component=10 complete=24 collecting=1 completed=1 failed=0
N2S6_SWEEP i=386 solve=0 map=77 iter=1 sweep=1 logical=48 identity=14 component=10 complete=24 collecting=1 completed=1 failed=0
N2S6_SWEEP i=387 solve=0 map=77 iter=2 sweep=2 logical=54 identity=14 component=16 complete=24 collecting=1 completed=1 failed=0
N2S6_SWEEP i=388 solve=0 map=77 iter=3 sweep=3 logical=54 identity=14 component=16 complete=24 collecting=1 completed=1 failed=0
N2S6_SWEEP i=389 solve=0 map=77 iter=4 sweep=4 logical=54 identity=14 component=16 complete=24 collecting=1 completed=1 failed=0
N2S6_SWEEP i=390 solve=0 map=78 iter=0 sweep=0 logical=48 identity=14 component=10 complete=24 collecting=1 completed=1 failed=0
N2S6_SWEEP i=391 solve=0 map=78 iter=1 sweep=1 logical=48 identity=14 component=10 complete=24 collecting=1 completed=1 failed=0
N2S6_SWEEP i=392 solve=0 map=78 iter=2 sweep=2 logical=54 identity=14 component=16 complete=24 collecting=1 completed=1 failed=0
N2S6_SWEEP i=393 solve=0 map=78 iter=3 sweep=3 logical=54 identity=14 component=16 complete=24 collecting=1 completed=1 failed=0
N2S6_SWEEP i=394 solve=0 map=78 iter=4 sweep=4 logical=54 identity=14 component=16 complete=24 collecting=1 completed=1 failed=0
N2S6_SWEEP i=395 solve=0 map=79 iter=0 sweep=0 logical=48 identity=14 component=10 complete=24 collecting=1 completed=1 failed=0
N2S6_SWEEP i=396 solve=0 map=79 iter=1 sweep=1 logical=48 identity=14 component=10 complete=24 collecting=1 completed=1 failed=0
N2S6_SWEEP i=397 solve=0 map=79 iter=2 sweep=2 logical=54 identity=14 component=16 complete=24 collecting=1 completed=1 failed=0
N2S6_SWEEP i=398 solve=0 map=79 iter=3 sweep=3 logical=54 identity=14 component=16 complete=24 collecting=1 completed=1 failed=0
N2S6_SWEEP i=399 solve=0 map=79 iter=4 sweep=4 logical=54 identity=14 component=16 complete=24 collecting=1 completed=1 failed=0
N2S6_SWEEP i=400 solve=0 map=80 iter=0 sweep=0 logical=48 identity=14 component=10 complete=24 collecting=1 completed=1 failed=0
N2S6_SWEEP i=401 solve=0 map=80 iter=1 sweep=1 logical=48 identity=14 component=10 complete=24 collecting=1 completed=1 failed=0
N2S6_SWEEP i=402 solve=0 map=80 iter=2 sweep=2 logical=54 identity=14 component=16 complete=24 collecting=1 completed=1 failed=0
N2S6_SWEEP i=403 solve=0 map=80 iter=3 sweep=3 logical=54 identity=14 component=16 complete=24 collecting=1 completed=1 failed=0
N2S6_SWEEP i=404 solve=0 map=80 iter=4 sweep=4 logical=54 identity=14 component=16 complete=24 collecting=1 completed=1 failed=0
N2S6_SWEEP i=405 solve=0 map=81 iter=0 sweep=0 logical=48 identity=14 component=10 complete=24 collecting=1 completed=1 failed=0
N2S6_SWEEP i=406 solve=0 map=81 iter=1 sweep=1 logical=48 identity=14 component=10 complete=24 collecting=1 completed=1 failed=0
N2S6_SWEEP i=407 solve=0 map=81 iter=2 sweep=2 logical=54 identity=14 component=16 complete=24 collecting=1 completed=1 failed=0
N2S6_SWEEP i=408 solve=0 map=81 iter=3 sweep=3 logical=54 identity=14 component=16 complete=24 collecting=1 completed=1 failed=0
N2S6_SWEEP i=409 solve=0 map=81 iter=4 sweep=4 logical=54 identity=14 component=16 complete=24 collecting=1 completed=1 failed=0
N2S6_SWEEP i=410 solve=0 map=82 iter=0 sweep=0 logical=48 identity=14 component=10 complete=24 collecting=1 completed=1 failed=0
N2S6_SWEEP i=411 solve=0 map=82 iter=1 sweep=1 logical=48 identity=14 component=10 complete=24 collecting=1 completed=1 failed=0
N2S6_SWEEP i=412 solve=0 map=82 iter=2 sweep=2 logical=54 identity=14 component=16 complete=24 collecting=1 completed=1 failed=0
N2S6_SWEEP i=413 solve=0 map=82 iter=3 sweep=3 logical=54 identity=14 component=16 complete=24 collecting=1 completed=1 failed=0
N2S6_SWEEP i=414 solve=0 map=82 iter=4 sweep=4 logical=54 identity=14 component=16 complete=24 collecting=1 completed=1 failed=0
N2S6_SWEEP i=415 solve=0 map=83 iter=0 sweep=0 logical=48 identity=14 component=10 complete=24 collecting=1 completed=1 failed=0
N2S6_SWEEP i=416 solve=0 map=83 iter=1 sweep=1 logical=48 identity=14 component=10 complete=24 collecting=1 completed=1 failed=0
N2S6_SWEEP i=417 solve=0 map=83 iter=2 sweep=2 logical=54 identity=14 component=16 complete=24 collecting=1 completed=1 failed=0
N2S6_SWEEP i=418 solve=0 map=83 iter=3 sweep=3 logical=54 identity=14 component=16 complete=24 collecting=1 completed=1 failed=0
N2S6_SWEEP i=419 solve=0 map=83 iter=4 sweep=4 logical=54 identity=14 component=16 complete=24 collecting=1 completed=1 failed=0
N2S6_SWEEP i=420 solve=0 map=84 iter=0 sweep=0 logical=48 identity=14 component=10 complete=24 collecting=1 completed=1 failed=0
N2S6_SWEEP i=421 solve=0 map=84 iter=1 sweep=1 logical=48 identity=14 component=10 complete=24 collecting=1 completed=1 failed=0
N2S6_SWEEP i=422 solve=0 map=84 iter=2 sweep=2 logical=54 identity=14 component=16 complete=24 collecting=1 completed=1 failed=0
N2S6_SWEEP i=423 solve=0 map=84 iter=3 sweep=3 logical=54 identity=14 component=16 complete=24 collecting=1 completed=1 failed=0
N2S6_SWEEP i=424 solve=0 map=84 iter=4 sweep=4 logical=54 identity=14 component=16 complete=24 collecting=1 completed=1 failed=0
N2S6_SWEEP i=425 solve=0 map=85 iter=0 sweep=0 logical=48 identity=14 component=10 complete=24 collecting=1 completed=1 failed=0
N2S6_SWEEP i=426 solve=0 map=85 iter=1 sweep=1 logical=48 identity=14 component=10 complete=24 collecting=1 completed=1 failed=0
N2S6_SWEEP i=427 solve=0 map=85 iter=2 sweep=2 logical=54 identity=14 component=16 complete=24 collecting=1 completed=1 failed=0
N2S6_SWEEP i=428 solve=0 map=85 iter=3 sweep=3 logical=54 identity=14 component=16 complete=24 collecting=1 completed=1 failed=0
N2S6_SWEEP i=429 solve=0 map=85 iter=4 sweep=4 logical=54 identity=14 component=16 complete=24 collecting=1 completed=1 failed=0
N2S6_SWEEP i=430 solve=0 map=86 iter=0 sweep=0 logical=48 identity=14 component=10 complete=24 collecting=1 completed=1 failed=0
N2S6_SWEEP i=431 solve=0 map=86 iter=1 sweep=1 logical=48 identity=14 component=10 complete=24 collecting=1 completed=1 failed=0
N2S6_SWEEP i=432 solve=0 map=86 iter=2 sweep=2 logical=54 identity=14 component=16 complete=24 collecting=1 completed=1 failed=0
N2S6_SWEEP i=433 solve=0 map=86 iter=3 sweep=3 logical=54 identity=14 component=16 complete=24 collecting=1 completed=1 failed=0
N2S6_SWEEP i=434 solve=0 map=86 iter=4 sweep=4 logical=54 identity=14 component=16 complete=24 collecting=1 completed=1 failed=0
N2S6_SWEEP i=435 solve=0 map=87 iter=0 sweep=0 logical=48 identity=14 component=10 complete=24 collecting=1 completed=1 failed=0
N2S6_SWEEP i=436 solve=0 map=87 iter=1 sweep=1 logical=48 identity=14 component=10 complete=24 collecting=1 completed=1 failed=0
N2S6_SWEEP i=437 solve=0 map=87 iter=2 sweep=2 logical=54 identity=14 component=16 complete=24 collecting=1 completed=1 failed=0
N2S6_SWEEP i=438 solve=0 map=87 iter=3 sweep=3 logical=54 identity=14 component=16 complete=24 collecting=1 completed=1 failed=0
N2S6_SWEEP i=439 solve=0 map=87 iter=4 sweep=4 logical=54 identity=14 component=16 complete=24 collecting=1 completed=1 failed=0
N2S6_SWEEP i=440 solve=0 map=88 iter=0 sweep=0 logical=48 identity=14 component=10 complete=24 collecting=1 completed=1 failed=0
N2S6_SWEEP i=441 solve=0 map=88 iter=1 sweep=1 logical=48 identity=14 component=10 complete=24 collecting=1 completed=1 failed=0
N2S6_SWEEP i=442 solve=0 map=88 iter=2 sweep=2 logical=54 identity=14 component=16 complete=24 collecting=1 completed=1 failed=0
N2S6_SWEEP i=443 solve=0 map=88 iter=3 sweep=3 logical=54 identity=14 component=16 complete=24 collecting=1 completed=1 failed=0
N2S6_SWEEP i=444 solve=0 map=88 iter=4 sweep=4 logical=54 identity=14 component=16 complete=24 collecting=1 completed=1 failed=0
N2S6_SWEEP i=445 solve=0 map=89 iter=0 sweep=0 logical=48 identity=14 component=10 complete=24 collecting=1 completed=1 failed=0
N2S6_SWEEP i=446 solve=0 map=89 iter=1 sweep=1 logical=48 identity=14 component=10 complete=24 collecting=1 completed=1 failed=0
N2S6_SWEEP i=447 solve=0 map=89 iter=2 sweep=2 logical=54 identity=14 component=16 complete=24 collecting=1 completed=1 failed=0
N2S6_SWEEP i=448 solve=0 map=89 iter=3 sweep=3 logical=54 identity=14 component=16 complete=24 collecting=1 completed=1 failed=0
N2S6_SWEEP i=449 solve=0 map=89 iter=4 sweep=4 logical=54 identity=14 component=16 complete=24 collecting=1 completed=1 failed=0
N2S6_SWEEP i=450 solve=0 map=90 iter=0 sweep=0 logical=48 identity=14 component=10 complete=24 collecting=1 completed=1 failed=0
N2S6_SWEEP i=451 solve=0 map=90 iter=1 sweep=1 logical=48 identity=14 component=10 complete=24 collecting=1 completed=1 failed=0
N2S6_SWEEP i=452 solve=0 map=90 iter=2 sweep=2 logical=54 identity=14 component=16 complete=24 collecting=1 completed=1 failed=0
N2S6_SWEEP i=453 solve=0 map=90 iter=3 sweep=3 logical=54 identity=14 component=16 complete=24 collecting=1 completed=1 failed=0
N2S6_SWEEP i=454 solve=0 map=90 iter=4 sweep=4 logical=54 identity=14 component=16 complete=24 collecting=1 completed=1 failed=0
N2S6_SWEEP i=455 solve=0 map=91 iter=0 sweep=0 logical=48 identity=14 component=10 complete=24 collecting=1 completed=1 failed=0
N2S6_SWEEP i=456 solve=0 map=91 iter=1 sweep=1 logical=48 identity=14 component=10 complete=24 collecting=1 completed=1 failed=0
N2S6_SWEEP i=457 solve=0 map=91 iter=2 sweep=2 logical=54 identity=14 component=16 complete=24 collecting=1 completed=1 failed=0
N2S6_SWEEP i=458 solve=0 map=91 iter=3 sweep=3 logical=54 identity=14 component=16 complete=24 collecting=1 completed=1 failed=0
N2S6_SWEEP i=459 solve=0 map=91 iter=4 sweep=4 logical=54 identity=14 component=16 complete=24 collecting=1 completed=1 failed=0
N2S6_SWEEP i=460 solve=0 map=92 iter=0 sweep=0 logical=48 identity=14 component=10 complete=24 collecting=1 completed=1 failed=0
N2S6_SWEEP i=461 solve=0 map=92 iter=1 sweep=1 logical=48 identity=14 component=10 complete=24 collecting=1 completed=1 failed=0
N2S6_SWEEP i=462 solve=0 map=92 iter=2 sweep=2 logical=54 identity=14 component=16 complete=24 collecting=1 completed=1 failed=0
N2S6_SWEEP i=463 solve=0 map=92 iter=3 sweep=3 logical=54 identity=14 component=16 complete=24 collecting=1 completed=1 failed=0
N2S6_SWEEP i=464 solve=0 map=92 iter=4 sweep=4 logical=54 identity=14 component=16 complete=24 collecting=1 completed=1 failed=0
N2S6_SWEEP i=465 solve=0 map=93 iter=0 sweep=0 logical=48 identity=14 component=10 complete=24 collecting=1 completed=1 failed=0
N2S6_SWEEP i=466 solve=0 map=93 iter=1 sweep=1 logical=48 identity=14 component=10 complete=24 collecting=1 completed=1 failed=0
N2S6_SWEEP i=467 solve=0 map=93 iter=2 sweep=2 logical=54 identity=14 component=16 complete=24 collecting=1 completed=1 failed=0
N2S6_SWEEP i=468 solve=0 map=93 iter=3 sweep=3 logical=54 identity=14 component=16 complete=24 collecting=1 completed=1 failed=0
N2S6_SWEEP i=469 solve=0 map=93 iter=4 sweep=4 logical=54 identity=14 component=16 complete=24 collecting=1 completed=1 failed=0
N2S6_SWEEP i=470 solve=0 map=94 iter=0 sweep=0 logical=48 identity=14 component=10 complete=24 collecting=1 completed=1 failed=0
N2S6_SWEEP i=471 solve=0 map=94 iter=1 sweep=1 logical=48 identity=14 component=10 complete=24 collecting=1 completed=1 failed=0
N2S6_SWEEP i=472 solve=0 map=94 iter=2 sweep=2 logical=54 identity=14 component=16 complete=24 collecting=1 completed=1 failed=0
N2S6_SWEEP i=473 solve=0 map=94 iter=3 sweep=3 logical=54 identity=14 component=16 complete=24 collecting=1 completed=1 failed=0
N2S6_SWEEP i=474 solve=0 map=94 iter=4 sweep=4 logical=54 identity=14 component=16 complete=24 collecting=1 completed=1 failed=0
N2S6_SWEEP i=475 solve=0 map=95 iter=0 sweep=0 logical=48 identity=14 component=10 complete=24 collecting=1 completed=1 failed=0
N2S6_SWEEP i=476 solve=0 map=95 iter=1 sweep=1 logical=48 identity=14 component=10 complete=24 collecting=1 completed=1 failed=0
N2S6_SWEEP i=477 solve=0 map=95 iter=2 sweep=2 logical=54 identity=14 component=16 complete=24 collecting=1 completed=1 failed=0
N2S6_SWEEP i=478 solve=0 map=95 iter=3 sweep=3 logical=54 identity=14 component=16 complete=24 collecting=1 completed=1 failed=0
N2S6_SWEEP i=479 solve=0 map=95 iter=4 sweep=4 logical=54 identity=14 component=16 complete=24 collecting=1 completed=1 failed=0
N2S6_SWEEP i=480 solve=0 map=96 iter=0 sweep=0 logical=48 identity=14 component=10 complete=24 collecting=1 completed=1 failed=0
N2S6_SWEEP i=481 solve=0 map=96 iter=1 sweep=1 logical=48 identity=14 component=10 complete=24 collecting=1 completed=1 failed=0
N2S6_SWEEP i=482 solve=0 map=96 iter=2 sweep=2 logical=54 identity=14 component=16 complete=24 collecting=1 completed=1 failed=0
N2S6_SWEEP i=483 solve=0 map=96 iter=3 sweep=3 logical=54 identity=14 component=16 complete=24 collecting=1 completed=1 failed=0
N2S6_SWEEP i=484 solve=0 map=96 iter=4 sweep=4 logical=54 identity=14 component=16 complete=24 collecting=1 completed=1 failed=0
N2S6_SWEEP i=485 solve=0 map=97 iter=0 sweep=0 logical=48 identity=14 component=10 complete=24 collecting=1 completed=1 failed=0
N2S6_SWEEP i=486 solve=0 map=97 iter=1 sweep=1 logical=48 identity=14 component=10 complete=24 collecting=1 completed=1 failed=0
N2S6_SWEEP i=487 solve=0 map=97 iter=2 sweep=2 logical=54 identity=14 component=16 complete=24 collecting=1 completed=1 failed=0
N2S6_SWEEP i=488 solve=0 map=97 iter=3 sweep=3 logical=54 identity=14 component=16 complete=24 collecting=1 completed=1 failed=0
N2S6_SWEEP i=489 solve=0 map=97 iter=4 sweep=4 logical=54 identity=14 component=16 complete=24 collecting=1 completed=1 failed=0
N2S6_SWEEP i=490 solve=0 map=98 iter=0 sweep=0 logical=48 identity=14 component=10 complete=24 collecting=1 completed=1 failed=0
N2S6_SWEEP i=491 solve=0 map=98 iter=1 sweep=1 logical=48 identity=14 component=10 complete=24 collecting=1 completed=1 failed=0
N2S6_SWEEP i=492 solve=0 map=98 iter=2 sweep=2 logical=54 identity=14 component=16 complete=24 collecting=1 completed=1 failed=0
N2S6_SWEEP i=493 solve=0 map=98 iter=3 sweep=3 logical=54 identity=14 component=16 complete=24 collecting=1 completed=1 failed=0
N2S6_SWEEP i=494 solve=0 map=98 iter=4 sweep=4 logical=54 identity=14 component=16 complete=24 collecting=1 completed=1 failed=0
N2S6_SWEEP i=495 solve=0 map=99 iter=0 sweep=0 logical=48 identity=14 component=10 complete=24 collecting=1 completed=1 failed=0
N2S6_SWEEP i=496 solve=0 map=99 iter=1 sweep=1 logical=48 identity=14 component=10 complete=24 collecting=1 completed=1 failed=0
N2S6_SWEEP i=497 solve=0 map=99 iter=2 sweep=2 logical=54 identity=14 component=16 complete=24 collecting=1 completed=1 failed=0
N2S6_SWEEP i=498 solve=0 map=99 iter=3 sweep=3 logical=54 identity=14 component=16 complete=24 collecting=1 completed=1 failed=0
N2S6_SWEEP i=499 solve=0 map=99 iter=4 sweep=4 logical=54 identity=14 component=16 complete=24 collecting=1 completed=1 failed=0
N2S6_SWEEP i=500 solve=0 map=102 iter=0 sweep=0 logical=54 identity=14 component=16 complete=24 collecting=1 completed=1 failed=0
N2S6_SWEEP i=501 solve=0 map=102 iter=1 sweep=1 logical=54 identity=14 component=16 complete=24 collecting=1 completed=1 failed=0
N2S6_SWEEP i=502 solve=0 map=102 iter=2 sweep=2 logical=54 identity=14 component=16 complete=24 collecting=1 completed=1 failed=0
N2S6_SWEEP i=503 solve=0 map=102 iter=3 sweep=3 logical=54 identity=14 component=16 complete=24 collecting=1 completed=1 failed=0
N2S6_SWEEP i=504 solve=0 map=102 iter=4 sweep=4 logical=54 identity=14 component=16 complete=24 collecting=1 completed=1 failed=0
N2S6_SWEEP i=505 solve=0 map=103 iter=0 sweep=0 logical=54 identity=14 component=16 complete=24 collecting=1 completed=1 failed=0
N2S6_SWEEP i=506 solve=0 map=103 iter=1 sweep=1 logical=54 identity=14 component=16 complete=24 collecting=1 completed=1 failed=0
N2S6_SWEEP i=507 solve=0 map=103 iter=2 sweep=2 logical=54 identity=14 component=16 complete=24 collecting=1 completed=1 failed=0
N2S6_SWEEP i=508 solve=0 map=103 iter=3 sweep=3 logical=54 identity=14 component=16 complete=24 collecting=1 completed=1 failed=0
N2S6_SWEEP i=509 solve=0 map=103 iter=4 sweep=4 logical=54 identity=14 component=16 complete=24 collecting=1 completed=1 failed=0
N2S6_SWEEP i=510 solve=0 map=104 iter=0 sweep=0 logical=54 identity=14 component=16 complete=24 collecting=1 completed=1 failed=0
N2S6_SWEEP i=511 solve=0 map=104 iter=1 sweep=1 logical=54 identity=14 component=16 complete=24 collecting=1 completed=1 failed=0
N2S6_SWEEP i=512 solve=0 map=104 iter=2 sweep=2 logical=54 identity=14 component=16 complete=24 collecting=1 completed=1 failed=0
N2S6_SWEEP i=513 solve=0 map=104 iter=3 sweep=3 logical=54 identity=14 component=16 complete=24 collecting=1 completed=1 failed=0
N2S6_SWEEP i=514 solve=0 map=104 iter=4 sweep=4 logical=54 identity=14 component=16 complete=24 collecting=1 completed=1 failed=0
N2S6_SWEEP i=515 solve=0 map=105 iter=0 sweep=0 logical=54 identity=14 component=16 complete=24 collecting=1 completed=1 failed=0
N2S6_SWEEP i=516 solve=0 map=105 iter=1 sweep=1 logical=54 identity=14 component=16 complete=24 collecting=1 completed=1 failed=0
N2S6_SWEEP i=517 solve=0 map=105 iter=2 sweep=2 logical=54 identity=14 component=16 complete=24 collecting=1 completed=1 failed=0
N2S6_SWEEP i=518 solve=0 map=105 iter=3 sweep=3 logical=54 identity=14 component=16 complete=24 collecting=1 completed=1 failed=0
N2S6_SWEEP i=519 solve=0 map=105 iter=4 sweep=4 logical=54 identity=14 component=16 complete=24 collecting=1 completed=1 failed=0
N2S6_SWEEP i=520 solve=0 map=106 iter=0 sweep=0 logical=54 identity=14 component=16 complete=24 collecting=1 completed=1 failed=0
N2S6_SWEEP i=521 solve=0 map=106 iter=1 sweep=1 logical=54 identity=14 component=16 complete=24 collecting=1 completed=1 failed=0
N2S6_SWEEP i=522 solve=0 map=106 iter=2 sweep=2 logical=54 identity=14 component=16 complete=24 collecting=1 completed=1 failed=0
N2S6_SWEEP i=523 solve=0 map=106 iter=3 sweep=3 logical=54 identity=14 component=16 complete=24 collecting=1 completed=1 failed=0
N2S6_SWEEP i=524 solve=0 map=106 iter=4 sweep=4 logical=54 identity=14 component=16 complete=24 collecting=1 completed=1 failed=0
N2S6_SWEEP i=525 solve=0 map=107 iter=0 sweep=0 logical=54 identity=14 component=16 complete=24 collecting=1 completed=1 failed=0
N2S6_SWEEP i=526 solve=0 map=107 iter=1 sweep=1 logical=54 identity=14 component=16 complete=24 collecting=1 completed=1 failed=0
N2S6_SWEEP i=527 solve=0 map=107 iter=2 sweep=2 logical=54 identity=14 component=16 complete=24 collecting=1 completed=1 failed=0
N2S6_SWEEP i=528 solve=0 map=107 iter=3 sweep=3 logical=54 identity=14 component=16 complete=24 collecting=1 completed=1 failed=0
N2S6_SWEEP i=529 solve=0 map=107 iter=4 sweep=4 logical=54 identity=14 component=16 complete=24 collecting=1 completed=1 failed=0
N2S6_SWEEP i=530 solve=0 map=108 iter=0 sweep=0 logical=54 identity=14 component=16 complete=24 collecting=1 completed=1 failed=0
N2S6_SWEEP i=531 solve=0 map=108 iter=1 sweep=1 logical=54 identity=14 component=16 complete=24 collecting=1 completed=1 failed=0
N2S6_SWEEP i=532 solve=0 map=108 iter=2 sweep=2 logical=54 identity=14 component=16 complete=24 collecting=1 completed=1 failed=0
N2S6_SWEEP i=533 solve=0 map=108 iter=3 sweep=3 logical=54 identity=14 component=16 complete=24 collecting=1 completed=1 failed=0
N2S6_SWEEP i=534 solve=0 map=108 iter=4 sweep=4 logical=54 identity=14 component=16 complete=24 collecting=1 completed=1 failed=0
N2S6_SWEEP i=535 solve=0 map=109 iter=0 sweep=0 logical=54 identity=14 component=16 complete=24 collecting=1 completed=1 failed=0
N2S6_SWEEP i=536 solve=0 map=109 iter=1 sweep=1 logical=54 identity=14 component=16 complete=24 collecting=1 completed=1 failed=0
N2S6_SWEEP i=537 solve=0 map=109 iter=2 sweep=2 logical=54 identity=14 component=16 complete=24 collecting=1 completed=1 failed=0
N2S6_SWEEP i=538 solve=0 map=109 iter=3 sweep=3 logical=54 identity=14 component=16 complete=24 collecting=1 completed=1 failed=0
N2S6_SWEEP i=539 solve=0 map=109 iter=4 sweep=4 logical=54 identity=14 component=16 complete=24 collecting=1 completed=1 failed=0
N2S6_SWEEP i=540 solve=0 map=110 iter=0 sweep=0 logical=54 identity=14 component=16 complete=24 collecting=1 completed=1 failed=0
N2S6_SWEEP i=541 solve=0 map=110 iter=1 sweep=1 logical=54 identity=14 component=16 complete=24 collecting=1 completed=1 failed=0
N2S6_SWEEP i=542 solve=0 map=110 iter=2 sweep=2 logical=54 identity=14 component=16 complete=24 collecting=1 completed=1 failed=0
N2S6_SWEEP i=543 solve=0 map=110 iter=3 sweep=3 logical=54 identity=14 component=16 complete=24 collecting=1 completed=1 failed=0
N2S6_SWEEP i=544 solve=0 map=110 iter=4 sweep=4 logical=54 identity=14 component=16 complete=24 collecting=1 completed=1 failed=0
N2S6_SWEEP i=545 solve=0 map=111 iter=0 sweep=0 logical=54 identity=14 component=16 complete=24 collecting=1 completed=1 failed=0
N2S6_SWEEP i=546 solve=0 map=111 iter=1 sweep=1 logical=54 identity=14 component=16 complete=24 collecting=1 completed=1 failed=0
N2S6_SWEEP i=547 solve=0 map=111 iter=2 sweep=2 logical=54 identity=14 component=16 complete=24 collecting=1 completed=1 failed=0
N2S6_SWEEP i=548 solve=0 map=111 iter=3 sweep=3 logical=54 identity=14 component=16 complete=24 collecting=1 completed=1 failed=0
N2S6_SWEEP i=549 solve=0 map=111 iter=4 sweep=4 logical=54 identity=14 component=16 complete=24 collecting=1 completed=1 failed=0
N2S6_SWEEP i=550 solve=0 map=112 iter=0 sweep=0 logical=54 identity=14 component=16 complete=24 collecting=1 completed=1 failed=0
N2S6_SWEEP i=551 solve=0 map=112 iter=1 sweep=1 logical=54 identity=14 component=16 complete=24 collecting=1 completed=1 failed=0
N2S6_SWEEP i=552 solve=0 map=112 iter=2 sweep=2 logical=54 identity=14 component=16 complete=24 collecting=1 completed=1 failed=0
N2S6_SWEEP i=553 solve=0 map=112 iter=3 sweep=3 logical=54 identity=14 component=16 complete=24 collecting=1 completed=1 failed=0
N2S6_SWEEP i=554 solve=0 map=112 iter=4 sweep=4 logical=54 identity=14 component=16 complete=24 collecting=1 completed=1 failed=0
N2S6_SWEEP i=555 solve=0 map=113 iter=0 sweep=0 logical=54 identity=14 component=16 complete=24 collecting=1 completed=1 failed=0
N2S6_SWEEP i=556 solve=0 map=113 iter=1 sweep=1 logical=54 identity=14 component=16 complete=24 collecting=1 completed=1 failed=0
N2S6_SWEEP i=557 solve=0 map=113 iter=2 sweep=2 logical=54 identity=14 component=16 complete=24 collecting=1 completed=1 failed=0
N2S6_SWEEP i=558 solve=0 map=113 iter=3 sweep=3 logical=54 identity=14 component=16 complete=24 collecting=1 completed=1 failed=0
N2S6_SWEEP i=559 solve=0 map=113 iter=4 sweep=4 logical=54 identity=14 component=16 complete=24 collecting=1 completed=1 failed=0
N2S6_SWEEP i=560 solve=0 map=114 iter=0 sweep=0 logical=54 identity=14 component=16 complete=24 collecting=1 completed=1 failed=0
N2S6_SWEEP i=561 solve=0 map=114 iter=1 sweep=1 logical=54 identity=14 component=16 complete=24 collecting=1 completed=1 failed=0
N2S6_SWEEP i=562 solve=0 map=114 iter=2 sweep=2 logical=54 identity=14 component=16 complete=24 collecting=1 completed=1 failed=0
N2S6_SWEEP i=563 solve=0 map=114 iter=3 sweep=3 logical=54 identity=14 component=16 complete=24 collecting=1 completed=1 failed=0
N2S6_SWEEP i=564 solve=0 map=114 iter=4 sweep=4 logical=54 identity=14 component=16 complete=24 collecting=1 completed=1 failed=0
N2S6_SWEEP i=565 solve=0 map=115 iter=0 sweep=0 logical=54 identity=14 component=16 complete=24 collecting=1 completed=1 failed=0
N2S6_SWEEP i=566 solve=0 map=115 iter=1 sweep=1 logical=54 identity=14 component=16 complete=24 collecting=1 completed=1 failed=0
N2S6_SWEEP i=567 solve=0 map=115 iter=2 sweep=2 logical=54 identity=14 component=16 complete=24 collecting=1 completed=1 failed=0
N2S6_SWEEP i=568 solve=0 map=115 iter=3 sweep=3 logical=54 identity=14 component=16 complete=24 collecting=1 completed=1 failed=0
N2S6_SWEEP i=569 solve=0 map=115 iter=4 sweep=4 logical=54 identity=14 component=16 complete=24 collecting=1 completed=1 failed=0
N2S6_SWEEP i=570 solve=0 map=116 iter=0 sweep=0 logical=54 identity=14 component=16 complete=24 collecting=1 completed=1 failed=0
N2S6_SWEEP i=571 solve=0 map=116 iter=1 sweep=1 logical=54 identity=14 component=16 complete=24 collecting=1 completed=1 failed=0
N2S6_SWEEP i=572 solve=0 map=116 iter=2 sweep=2 logical=54 identity=14 component=16 complete=24 collecting=1 completed=1 failed=0
N2S6_SWEEP i=573 solve=0 map=116 iter=3 sweep=3 logical=54 identity=14 component=16 complete=24 collecting=1 completed=1 failed=0
N2S6_SWEEP i=574 solve=0 map=116 iter=4 sweep=4 logical=54 identity=14 component=16 complete=24 collecting=1 completed=1 failed=0
N2S6_SWEEP i=575 solve=0 map=117 iter=0 sweep=0 logical=54 identity=14 component=16 complete=24 collecting=1 completed=1 failed=0
N2S6_SWEEP i=576 solve=0 map=117 iter=1 sweep=1 logical=54 identity=14 component=16 complete=24 collecting=1 completed=1 failed=0
N2S6_SWEEP i=577 solve=0 map=117 iter=2 sweep=2 logical=54 identity=14 component=16 complete=24 collecting=1 completed=1 failed=0
N2S6_SWEEP i=578 solve=0 map=117 iter=3 sweep=3 logical=54 identity=14 component=16 complete=24 collecting=1 completed=1 failed=0
N2S6_SWEEP i=579 solve=0 map=117 iter=4 sweep=4 logical=54 identity=14 component=16 complete=24 collecting=1 completed=1 failed=0
N2S6_SWEEP i=580 solve=0 map=118 iter=0 sweep=0 logical=54 identity=14 component=16 complete=24 collecting=1 completed=1 failed=0
N2S6_SWEEP i=581 solve=0 map=118 iter=1 sweep=1 logical=54 identity=14 component=16 complete=24 collecting=1 completed=1 failed=0
N2S6_SWEEP i=582 solve=0 map=118 iter=2 sweep=2 logical=54 identity=14 component=16 complete=24 collecting=1 completed=1 failed=0
N2S6_SWEEP i=583 solve=0 map=118 iter=3 sweep=3 logical=54 identity=14 component=16 complete=24 collecting=1 completed=1 failed=0
N2S6_SWEEP i=584 solve=0 map=118 iter=4 sweep=4 logical=54 identity=14 component=16 complete=24 collecting=1 completed=1 failed=0
N2S6_SWEEP i=585 solve=0 map=119 iter=0 sweep=0 logical=54 identity=14 component=16 complete=24 collecting=1 completed=1 failed=0
N2S6_SWEEP i=586 solve=0 map=119 iter=1 sweep=1 logical=54 identity=14 component=16 complete=24 collecting=1 completed=1 failed=0
N2S6_SWEEP i=587 solve=0 map=119 iter=2 sweep=2 logical=54 identity=14 component=16 complete=24 collecting=1 completed=1 failed=0
N2S6_SWEEP i=588 solve=0 map=119 iter=3 sweep=3 logical=54 identity=14 component=16 complete=24 collecting=1 completed=1 failed=0
N2S6_SWEEP i=589 solve=0 map=119 iter=4 sweep=4 logical=54 identity=14 component=16 complete=24 collecting=1 completed=1 failed=0
N2S6_SWEEP i=590 solve=0 map=120 iter=0 sweep=0 logical=54 identity=14 component=16 complete=24 collecting=1 completed=1 failed=0
N2S6_SWEEP i=591 solve=0 map=120 iter=1 sweep=1 logical=54 identity=14 component=16 complete=24 collecting=1 completed=1 failed=0
N2S6_SWEEP i=592 solve=0 map=120 iter=2 sweep=2 logical=54 identity=14 component=16 complete=24 collecting=1 completed=1 failed=0
N2S6_SWEEP i=593 solve=0 map=120 iter=3 sweep=3 logical=54 identity=14 component=16 complete=24 collecting=1 completed=1 failed=0
N2S6_SWEEP i=594 solve=0 map=120 iter=4 sweep=4 logical=54 identity=14 component=16 complete=24 collecting=1 completed=1 failed=0
N2S6_SWEEP i=595 solve=0 map=121 iter=0 sweep=0 logical=54 identity=14 component=16 complete=24 collecting=1 completed=1 failed=0
N2S6_SWEEP i=596 solve=0 map=121 iter=1 sweep=1 logical=54 identity=14 component=16 complete=24 collecting=1 completed=1 failed=0
N2S6_SWEEP i=597 solve=0 map=121 iter=2 sweep=2 logical=54 identity=14 component=16 complete=24 collecting=1 completed=1 failed=0
N2S6_SWEEP i=598 solve=0 map=121 iter=3 sweep=3 logical=54 identity=14 component=16 complete=24 collecting=1 completed=1 failed=0
N2S6_SWEEP i=599 solve=0 map=121 iter=4 sweep=4 logical=54 identity=14 component=16 complete=24 collecting=1 completed=1 failed=0
N2S6_SWEEP i=600 solve=0 map=122 iter=0 sweep=0 logical=54 identity=14 component=16 complete=24 collecting=1 completed=1 failed=0
N2S6_SWEEP i=601 solve=0 map=122 iter=1 sweep=1 logical=54 identity=14 component=16 complete=24 collecting=1 completed=1 failed=0
N2S6_SWEEP i=602 solve=0 map=122 iter=2 sweep=2 logical=54 identity=14 component=16 complete=24 collecting=1 completed=1 failed=0
N2S6_SWEEP i=603 solve=0 map=122 iter=3 sweep=3 logical=54 identity=14 component=16 complete=24 collecting=1 completed=1 failed=0
N2S6_SWEEP i=604 solve=0 map=122 iter=4 sweep=4 logical=54 identity=14 component=16 complete=24 collecting=1 completed=1 failed=0
N2S6_SWEEP i=605 solve=0 map=123 iter=0 sweep=0 logical=54 identity=14 component=16 complete=24 collecting=1 completed=1 failed=0
N2S6_SWEEP i=606 solve=0 map=123 iter=1 sweep=1 logical=54 identity=14 component=16 complete=24 collecting=1 completed=1 failed=0
N2S6_SWEEP i=607 solve=0 map=123 iter=2 sweep=2 logical=54 identity=14 component=16 complete=24 collecting=1 completed=1 failed=0
N2S6_SWEEP i=608 solve=0 map=123 iter=3 sweep=3 logical=54 identity=14 component=16 complete=24 collecting=1 completed=1 failed=0
N2S6_SWEEP i=609 solve=0 map=123 iter=4 sweep=4 logical=54 identity=14 component=16 complete=24 collecting=1 completed=1 failed=0
N2S6_SWEEP i=610 solve=0 map=124 iter=0 sweep=0 logical=54 identity=14 component=16 complete=24 collecting=1 completed=1 failed=0
N2S6_SWEEP i=611 solve=0 map=124 iter=1 sweep=1 logical=54 identity=14 component=16 complete=24 collecting=1 completed=1 failed=0
N2S6_SWEEP i=612 solve=0 map=124 iter=2 sweep=2 logical=54 identity=14 component=16 complete=24 collecting=1 completed=1 failed=0
N2S6_SWEEP i=613 solve=0 map=124 iter=3 sweep=3 logical=54 identity=14 component=16 complete=24 collecting=1 completed=1 failed=0
N2S6_SWEEP i=614 solve=0 map=124 iter=4 sweep=4 logical=54 identity=14 component=16 complete=24 collecting=1 completed=1 failed=0
N2S6_SWEEP i=615 solve=0 map=125 iter=0 sweep=0 logical=54 identity=14 component=16 complete=24 collecting=1 completed=1 failed=0
N2S6_SWEEP i=616 solve=0 map=125 iter=1 sweep=1 logical=54 identity=14 component=16 complete=24 collecting=1 completed=1 failed=0
N2S6_SWEEP i=617 solve=0 map=125 iter=2 sweep=2 logical=54 identity=14 component=16 complete=24 collecting=1 completed=1 failed=0
N2S6_SWEEP i=618 solve=0 map=125 iter=3 sweep=3 logical=54 identity=14 component=16 complete=24 collecting=1 completed=1 failed=0
N2S6_SWEEP i=619 solve=0 map=125 iter=4 sweep=4 logical=54 identity=14 component=16 complete=24 collecting=1 completed=1 failed=0
N2S6_SWEEP i=620 solve=0 map=126 iter=0 sweep=0 logical=54 identity=14 component=16 complete=24 collecting=1 completed=1 failed=0
N2S6_SWEEP i=621 solve=0 map=126 iter=1 sweep=1 logical=54 identity=14 component=16 complete=24 collecting=1 completed=1 failed=0
N2S6_SWEEP i=622 solve=0 map=126 iter=2 sweep=2 logical=54 identity=14 component=16 complete=24 collecting=1 completed=1 failed=0
N2S6_SWEEP i=623 solve=0 map=126 iter=3 sweep=3 logical=54 identity=14 component=16 complete=24 collecting=1 completed=1 failed=0
N2S6_SWEEP i=624 solve=0 map=126 iter=4 sweep=4 logical=54 identity=14 component=16 complete=24 collecting=1 completed=1 failed=0
N2S6_SWEEP i=625 solve=0 map=127 iter=0 sweep=0 logical=54 identity=14 component=16 complete=24 collecting=1 completed=1 failed=0
N2S6_SWEEP i=626 solve=0 map=127 iter=1 sweep=1 logical=54 identity=14 component=16 complete=24 collecting=1 completed=1 failed=0
N2S6_SWEEP i=627 solve=0 map=127 iter=2 sweep=2 logical=54 identity=14 component=16 complete=24 collecting=1 completed=1 failed=0
N2S6_SWEEP i=628 solve=0 map=127 iter=3 sweep=3 logical=54 identity=14 component=16 complete=24 collecting=1 completed=1 failed=0
N2S6_SWEEP i=629 solve=0 map=127 iter=4 sweep=4 logical=54 identity=14 component=16 complete=24 collecting=1 completed=1 failed=0
N2S6_SWEEP i=630 solve=0 map=128 iter=0 sweep=0 logical=54 identity=14 component=16 complete=24 collecting=1 completed=1 failed=0
N2S6_SWEEP i=631 solve=0 map=128 iter=1 sweep=1 logical=54 identity=14 component=16 complete=24 collecting=1 completed=1 failed=0
N2S6_SWEEP i=632 solve=0 map=128 iter=2 sweep=2 logical=54 identity=14 component=16 complete=24 collecting=1 completed=1 failed=0
N2S6_SWEEP i=633 solve=0 map=128 iter=3 sweep=3 logical=54 identity=14 component=16 complete=24 collecting=1 completed=1 failed=0
N2S6_SWEEP i=634 solve=0 map=128 iter=4 sweep=4 logical=54 identity=14 component=16 complete=24 collecting=1 completed=1 failed=0
N2S6_SWEEP i=635 solve=0 map=129 iter=0 sweep=0 logical=54 identity=14 component=16 complete=24 collecting=1 completed=1 failed=0
N2S6_SWEEP i=636 solve=0 map=129 iter=1 sweep=1 logical=54 identity=14 component=16 complete=24 collecting=1 completed=1 failed=0
N2S6_SWEEP i=637 solve=0 map=129 iter=2 sweep=2 logical=54 identity=14 component=16 complete=24 collecting=1 completed=1 failed=0
N2S6_SWEEP i=638 solve=0 map=129 iter=3 sweep=3 logical=54 identity=14 component=16 complete=24 collecting=1 completed=1 failed=0
N2S6_SWEEP i=639 solve=0 map=129 iter=4 sweep=4 logical=54 identity=14 component=16 complete=24 collecting=1 completed=1 failed=0
N2S6_SWEEP i=640 solve=0 map=130 iter=0 sweep=0 logical=54 identity=14 component=16 complete=24 collecting=1 completed=1 failed=0
N2S6_SWEEP i=641 solve=0 map=130 iter=1 sweep=1 logical=54 identity=14 component=16 complete=24 collecting=1 completed=1 failed=0
N2S6_SWEEP i=642 solve=0 map=130 iter=2 sweep=2 logical=54 identity=14 component=16 complete=24 collecting=1 completed=1 failed=0
N2S6_SWEEP i=643 solve=0 map=130 iter=3 sweep=3 logical=54 identity=14 component=16 complete=24 collecting=1 completed=1 failed=0
N2S6_SWEEP i=644 solve=0 map=130 iter=4 sweep=4 logical=54 identity=14 component=16 complete=24 collecting=1 completed=1 failed=0
N2S6_SWEEP i=645 solve=0 map=131 iter=0 sweep=0 logical=54 identity=14 component=16 complete=24 collecting=1 completed=1 failed=0
N2S6_SWEEP i=646 solve=0 map=131 iter=1 sweep=1 logical=54 identity=14 component=16 complete=24 collecting=1 completed=1 failed=0
N2S6_SWEEP i=647 solve=0 map=131 iter=2 sweep=2 logical=54 identity=14 component=16 complete=24 collecting=1 completed=1 failed=0
N2S6_SWEEP i=648 solve=0 map=131 iter=3 sweep=3 logical=54 identity=14 component=16 complete=24 collecting=1 completed=1 failed=0
N2S6_SWEEP i=649 solve=0 map=131 iter=4 sweep=4 logical=54 identity=14 component=16 complete=24 collecting=1 completed=1 failed=0
N2S6_SWEEP i=650 solve=0 map=132 iter=0 sweep=0 logical=54 identity=14 component=16 complete=24 collecting=1 completed=1 failed=0
N2S6_SWEEP i=651 solve=0 map=132 iter=1 sweep=1 logical=54 identity=14 component=16 complete=24 collecting=1 completed=1 failed=0
N2S6_SWEEP i=652 solve=0 map=132 iter=2 sweep=2 logical=54 identity=14 component=16 complete=24 collecting=1 completed=1 failed=0
N2S6_SWEEP i=653 solve=0 map=132 iter=3 sweep=3 logical=54 identity=14 component=16 complete=24 collecting=1 completed=1 failed=0
N2S6_SWEEP i=654 solve=0 map=132 iter=4 sweep=4 logical=54 identity=14 component=16 complete=24 collecting=1 completed=1 failed=0
N2S6_SWEEP i=655 solve=0 map=133 iter=0 sweep=0 logical=54 identity=14 component=16 complete=24 collecting=1 completed=1 failed=0
N2S6_SWEEP i=656 solve=0 map=133 iter=1 sweep=1 logical=54 identity=14 component=16 complete=24 collecting=1 completed=1 failed=0
N2S6_SWEEP i=657 solve=0 map=133 iter=2 sweep=2 logical=54 identity=14 component=16 complete=24 collecting=1 completed=1 failed=0
N2S6_SWEEP i=658 solve=0 map=133 iter=3 sweep=3 logical=54 identity=14 component=16 complete=24 collecting=1 completed=1 failed=0
N2S6_SWEEP i=659 solve=0 map=133 iter=4 sweep=4 logical=54 identity=14 component=16 complete=24 collecting=1 completed=1 failed=0
N2S6_SWEEP i=660 solve=0 map=134 iter=0 sweep=0 logical=54 identity=14 component=16 complete=24 collecting=1 completed=1 failed=0
N2S6_SWEEP i=661 solve=0 map=134 iter=1 sweep=1 logical=54 identity=14 component=16 complete=24 collecting=1 completed=1 failed=0
N2S6_SWEEP i=662 solve=0 map=134 iter=2 sweep=2 logical=54 identity=14 component=16 complete=24 collecting=1 completed=1 failed=0
N2S6_SWEEP i=663 solve=0 map=134 iter=3 sweep=3 logical=54 identity=14 component=16 complete=24 collecting=1 completed=1 failed=0
N2S6_SWEEP i=664 solve=0 map=134 iter=4 sweep=4 logical=54 identity=14 component=16 complete=24 collecting=1 completed=1 failed=0
N2S6_SWEEP i=665 solve=0 map=135 iter=0 sweep=0 logical=54 identity=14 component=16 complete=24 collecting=1 completed=1 failed=0
N2S6_SWEEP i=666 solve=0 map=135 iter=1 sweep=1 logical=54 identity=14 component=16 complete=24 collecting=1 completed=1 failed=0
N2S6_SWEEP i=667 solve=0 map=135 iter=2 sweep=2 logical=54 identity=14 component=16 complete=24 collecting=1 completed=1 failed=0
N2S6_SWEEP i=668 solve=0 map=135 iter=3 sweep=3 logical=54 identity=14 component=16 complete=24 collecting=1 completed=1 failed=0
N2S6_SWEEP i=669 solve=0 map=135 iter=4 sweep=4 logical=54 identity=14 component=16 complete=24 collecting=1 completed=1 failed=0
N2S6_SWEEP i=670 solve=0 map=136 iter=0 sweep=0 logical=54 identity=14 component=16 complete=24 collecting=1 completed=1 failed=0
N2S6_SWEEP i=671 solve=0 map=136 iter=1 sweep=1 logical=54 identity=14 component=16 complete=24 collecting=1 completed=1 failed=0
N2S6_SWEEP i=672 solve=0 map=136 iter=2 sweep=2 logical=54 identity=14 component=16 complete=24 collecting=1 completed=1 failed=0
N2S6_SWEEP i=673 solve=0 map=136 iter=3 sweep=3 logical=54 identity=14 component=16 complete=24 collecting=1 completed=1 failed=0
N2S6_SWEEP i=674 solve=0 map=136 iter=4 sweep=4 logical=54 identity=14 component=16 complete=24 collecting=1 completed=1 failed=0
N2S6_SWEEP i=675 solve=0 map=137 iter=0 sweep=0 logical=54 identity=14 component=16 complete=24 collecting=1 completed=1 failed=0
N2S6_SWEEP i=676 solve=0 map=137 iter=1 sweep=1 logical=54 identity=14 component=16 complete=24 collecting=1 completed=1 failed=0
N2S6_SWEEP i=677 solve=0 map=137 iter=2 sweep=2 logical=54 identity=14 component=16 complete=24 collecting=1 completed=1 failed=0
N2S6_SWEEP i=678 solve=0 map=137 iter=3 sweep=3 logical=54 identity=14 component=16 complete=24 collecting=1 completed=1 failed=0
N2S6_SWEEP i=679 solve=0 map=137 iter=4 sweep=4 logical=54 identity=14 component=16 complete=24 collecting=1 completed=1 failed=0
N2S6_SWEEP i=680 solve=0 map=138 iter=0 sweep=0 logical=54 identity=14 component=16 complete=24 collecting=1 completed=1 failed=0
N2S6_SWEEP i=681 solve=0 map=138 iter=1 sweep=1 logical=54 identity=14 component=16 complete=24 collecting=1 completed=1 failed=0
N2S6_SWEEP i=682 solve=0 map=138 iter=2 sweep=2 logical=54 identity=14 component=16 complete=24 collecting=1 completed=1 failed=0
N2S6_SWEEP i=683 solve=0 map=138 iter=3 sweep=3 logical=54 identity=14 component=16 complete=24 collecting=1 completed=1 failed=0
N2S6_SWEEP i=684 solve=0 map=138 iter=4 sweep=4 logical=54 identity=14 component=16 complete=24 collecting=1 completed=1 failed=0
N2S6_SWEEP i=685 solve=0 map=139 iter=0 sweep=0 logical=54 identity=14 component=16 complete=24 collecting=1 completed=1 failed=0
N2S6_SWEEP i=686 solve=0 map=139 iter=1 sweep=1 logical=54 identity=14 component=16 complete=24 collecting=1 completed=1 failed=0
N2S6_SWEEP i=687 solve=0 map=139 iter=2 sweep=2 logical=54 identity=14 component=16 complete=24 collecting=1 completed=1 failed=0
N2S6_SWEEP i=688 solve=0 map=139 iter=3 sweep=3 logical=54 identity=14 component=16 complete=24 collecting=1 completed=1 failed=0
N2S6_SWEEP i=689 solve=0 map=139 iter=4 sweep=4 logical=54 identity=14 component=16 complete=24 collecting=1 completed=1 failed=0
N2S6_SWEEP i=690 solve=0 map=140 iter=0 sweep=0 logical=54 identity=14 component=16 complete=24 collecting=1 completed=1 failed=0
N2S6_SWEEP i=691 solve=0 map=140 iter=1 sweep=1 logical=54 identity=14 component=16 complete=24 collecting=1 completed=1 failed=0
N2S6_SWEEP i=692 solve=0 map=140 iter=2 sweep=2 logical=54 identity=14 component=16 complete=24 collecting=1 completed=1 failed=0
N2S6_SWEEP i=693 solve=0 map=140 iter=3 sweep=3 logical=54 identity=14 component=16 complete=24 collecting=1 completed=1 failed=0
N2S6_SWEEP i=694 solve=0 map=140 iter=4 sweep=4 logical=54 identity=14 component=16 complete=24 collecting=1 completed=1 failed=0
N2S6_SWEEP i=695 solve=0 map=141 iter=0 sweep=0 logical=54 identity=14 component=16 complete=24 collecting=1 completed=1 failed=0
N2S6_SWEEP i=696 solve=0 map=141 iter=1 sweep=1 logical=54 identity=14 component=16 complete=24 collecting=1 completed=1 failed=0
N2S6_SWEEP i=697 solve=0 map=141 iter=2 sweep=2 logical=54 identity=14 component=16 complete=24 collecting=1 completed=1 failed=0
N2S6_SWEEP i=698 solve=0 map=141 iter=3 sweep=3 logical=54 identity=14 component=16 complete=24 collecting=1 completed=1 failed=0
N2S6_SWEEP i=699 solve=0 map=141 iter=4 sweep=4 logical=54 identity=14 component=16 complete=24 collecting=1 completed=1 failed=0
N2S6_SWEEP i=700 solve=0 map=142 iter=0 sweep=0 logical=54 identity=14 component=16 complete=24 collecting=1 completed=1 failed=0
N2S6_SWEEP i=701 solve=0 map=142 iter=1 sweep=1 logical=54 identity=14 component=16 complete=24 collecting=1 completed=1 failed=0
N2S6_SWEEP i=702 solve=0 map=142 iter=2 sweep=2 logical=54 identity=14 component=16 complete=24 collecting=1 completed=1 failed=0
N2S6_SWEEP i=703 solve=0 map=142 iter=3 sweep=3 logical=54 identity=14 component=16 complete=24 collecting=1 completed=1 failed=0
N2S6_SWEEP i=704 solve=0 map=142 iter=4 sweep=4 logical=54 identity=14 component=16 complete=24 collecting=1 completed=1 failed=0
N2S6_SWEEP i=705 solve=0 map=143 iter=0 sweep=0 logical=54 identity=14 component=16 complete=24 collecting=1 completed=1 failed=0
N2S6_SWEEP i=706 solve=0 map=143 iter=1 sweep=1 logical=54 identity=14 component=16 complete=24 collecting=1 completed=1 failed=0
N2S6_SWEEP i=707 solve=0 map=143 iter=2 sweep=2 logical=54 identity=14 component=16 complete=24 collecting=1 completed=1 failed=0
N2S6_SWEEP i=708 solve=0 map=143 iter=3 sweep=3 logical=54 identity=14 component=16 complete=24 collecting=1 completed=1 failed=0
N2S6_SWEEP i=709 solve=0 map=143 iter=4 sweep=4 logical=54 identity=14 component=16 complete=24 collecting=1 completed=1 failed=0
N2S6_SWEEP i=710 solve=0 map=144 iter=0 sweep=0 logical=54 identity=14 component=16 complete=24 collecting=1 completed=1 failed=0
N2S6_SWEEP i=711 solve=0 map=144 iter=1 sweep=1 logical=54 identity=14 component=16 complete=24 collecting=1 completed=1 failed=0
N2S6_SWEEP i=712 solve=0 map=144 iter=2 sweep=2 logical=54 identity=14 component=16 complete=24 collecting=1 completed=1 failed=0
N2S6_SWEEP i=713 solve=0 map=144 iter=3 sweep=3 logical=54 identity=14 component=16 complete=24 collecting=1 completed=1 failed=0
N2S6_SWEEP i=714 solve=0 map=144 iter=4 sweep=4 logical=54 identity=14 component=16 complete=24 collecting=1 completed=1 failed=0
N2S6_SWEEP i=715 solve=0 map=145 iter=0 sweep=0 logical=54 identity=14 component=16 complete=24 collecting=1 completed=1 failed=0
N2S6_SWEEP i=716 solve=0 map=145 iter=1 sweep=1 logical=54 identity=14 component=16 complete=24 collecting=1 completed=1 failed=0
N2S6_SWEEP i=717 solve=0 map=145 iter=2 sweep=2 logical=54 identity=14 component=16 complete=24 collecting=1 completed=1 failed=0
N2S6_SWEEP i=718 solve=0 map=145 iter=3 sweep=3 logical=54 identity=14 component=16 complete=24 collecting=1 completed=1 failed=0
N2S6_SWEEP i=719 solve=0 map=145 iter=4 sweep=4 logical=54 identity=14 component=16 complete=24 collecting=1 completed=1 failed=0
N2S6_SWEEP i=720 solve=0 map=146 iter=0 sweep=0 logical=54 identity=14 component=16 complete=24 collecting=1 completed=1 failed=0
N2S6_SWEEP i=721 solve=0 map=146 iter=1 sweep=1 logical=54 identity=14 component=16 complete=24 collecting=1 completed=1 failed=0
N2S6_SWEEP i=722 solve=0 map=146 iter=2 sweep=2 logical=54 identity=14 component=16 complete=24 collecting=1 completed=1 failed=0
N2S6_SWEEP i=723 solve=0 map=146 iter=3 sweep=3 logical=54 identity=14 component=16 complete=24 collecting=1 completed=1 failed=0
N2S6_SWEEP i=724 solve=0 map=146 iter=4 sweep=4 logical=54 identity=14 component=16 complete=24 collecting=1 completed=1 failed=0
N2S6_SWEEP i=725 solve=0 map=147 iter=0 sweep=0 logical=54 identity=14 component=16 complete=24 collecting=1 completed=1 failed=0
N2S6_SWEEP i=726 solve=0 map=147 iter=1 sweep=1 logical=54 identity=14 component=16 complete=24 collecting=1 completed=1 failed=0
N2S6_SWEEP i=727 solve=0 map=147 iter=2 sweep=2 logical=54 identity=14 component=16 complete=24 collecting=1 completed=1 failed=0
N2S6_SWEEP i=728 solve=0 map=147 iter=3 sweep=3 logical=54 identity=14 component=16 complete=24 collecting=1 completed=1 failed=0
N2S6_SWEEP i=729 solve=0 map=147 iter=4 sweep=4 logical=54 identity=14 component=16 complete=24 collecting=1 completed=1 failed=0
N2S6_SWEEP i=730 solve=0 map=148 iter=0 sweep=0 logical=54 identity=14 component=16 complete=24 collecting=1 completed=1 failed=0
N2S6_SWEEP i=731 solve=0 map=148 iter=1 sweep=1 logical=54 identity=14 component=16 complete=24 collecting=1 completed=1 failed=0
N2S6_SWEEP i=732 solve=0 map=148 iter=2 sweep=2 logical=54 identity=14 component=16 complete=24 collecting=1 completed=1 failed=0
N2S6_SWEEP i=733 solve=0 map=148 iter=3 sweep=3 logical=54 identity=14 component=16 complete=24 collecting=1 completed=1 failed=0
N2S6_SWEEP i=734 solve=0 map=148 iter=4 sweep=4 logical=54 identity=14 component=16 complete=24 collecting=1 completed=1 failed=0
N2S6_SWEEP i=735 solve=0 map=149 iter=0 sweep=0 logical=54 identity=14 component=16 complete=24 collecting=1 completed=1 failed=0
N2S6_SWEEP i=736 solve=0 map=149 iter=1 sweep=1 logical=54 identity=14 component=16 complete=24 collecting=1 completed=1 failed=0
N2S6_SWEEP i=737 solve=0 map=149 iter=2 sweep=2 logical=54 identity=14 component=16 complete=24 collecting=1 completed=1 failed=0
N2S6_SWEEP i=738 solve=0 map=149 iter=3 sweep=3 logical=54 identity=14 component=16 complete=24 collecting=1 completed=1 failed=0
N2S6_SWEEP i=739 solve=0 map=149 iter=4 sweep=4 logical=54 identity=14 component=16 complete=24 collecting=1 completed=1 failed=0
N2S6_SWEEP i=740 solve=0 map=150 iter=0 sweep=0 logical=54 identity=14 component=16 complete=24 collecting=1 completed=1 failed=0
N2S6_SWEEP i=741 solve=0 map=150 iter=1 sweep=1 logical=54 identity=14 component=16 complete=24 collecting=1 completed=1 failed=0
N2S6_SWEEP i=742 solve=0 map=150 iter=2 sweep=2 logical=54 identity=14 component=16 complete=24 collecting=1 completed=1 failed=0
N2S6_SWEEP i=743 solve=0 map=150 iter=3 sweep=3 logical=54 identity=14 component=16 complete=24 collecting=1 completed=1 failed=0
N2S6_SWEEP i=744 solve=0 map=150 iter=4 sweep=4 logical=54 identity=14 component=16 complete=24 collecting=1 completed=1 failed=0
N2S6_SWEEP i=745 solve=0 map=151 iter=0 sweep=0 logical=54 identity=14 component=16 complete=24 collecting=1 completed=1 failed=0
N2S6_SWEEP i=746 solve=0 map=151 iter=1 sweep=1 logical=54 identity=14 component=16 complete=24 collecting=1 completed=1 failed=0
N2S6_SWEEP i=747 solve=0 map=151 iter=2 sweep=2 logical=54 identity=14 component=16 complete=24 collecting=1 completed=1 failed=0
N2S6_SWEEP i=748 solve=0 map=151 iter=3 sweep=3 logical=54 identity=14 component=16 complete=24 collecting=1 completed=1 failed=0
N2S6_SWEEP i=749 solve=0 map=151 iter=4 sweep=4 logical=54 identity=14 component=16 complete=24 collecting=1 completed=1 failed=0
N2S6_SWEEP i=750 solve=0 map=152 iter=0 sweep=0 logical=54 identity=14 component=16 complete=24 collecting=1 completed=1 failed=0
N2S6_SWEEP i=751 solve=0 map=152 iter=1 sweep=1 logical=54 identity=14 component=16 complete=24 collecting=1 completed=1 failed=0
N2S6_SWEEP i=752 solve=0 map=152 iter=2 sweep=2 logical=54 identity=14 component=16 complete=24 collecting=1 completed=1 failed=0
N2S6_SWEEP i=753 solve=0 map=152 iter=3 sweep=3 logical=54 identity=14 component=16 complete=24 collecting=1 completed=1 failed=0
N2S6_SWEEP i=754 solve=0 map=152 iter=4 sweep=4 logical=54 identity=14 component=16 complete=24 collecting=1 completed=1 failed=0
N2S6_SWEEP i=755 solve=0 map=153 iter=0 sweep=0 logical=54 identity=14 component=16 complete=24 collecting=1 completed=1 failed=0
N2S6_SWEEP i=756 solve=0 map=153 iter=1 sweep=1 logical=54 identity=14 component=16 complete=24 collecting=1 completed=1 failed=0
N2S6_SWEEP i=757 solve=0 map=153 iter=2 sweep=2 logical=54 identity=14 component=16 complete=24 collecting=1 completed=1 failed=0
N2S6_SWEEP i=758 solve=0 map=153 iter=3 sweep=3 logical=54 identity=14 component=16 complete=24 collecting=1 completed=1 failed=0
N2S6_SWEEP i=759 solve=0 map=153 iter=4 sweep=4 logical=54 identity=14 component=16 complete=24 collecting=1 completed=1 failed=0
N2S6_SWEEP i=760 solve=0 map=154 iter=0 sweep=0 logical=54 identity=14 component=16 complete=24 collecting=1 completed=1 failed=0
N2S6_SWEEP i=761 solve=0 map=154 iter=1 sweep=1 logical=54 identity=14 component=16 complete=24 collecting=1 completed=1 failed=0
N2S6_SWEEP i=762 solve=0 map=154 iter=2 sweep=2 logical=54 identity=14 component=16 complete=24 collecting=1 completed=1 failed=0
N2S6_SWEEP i=763 solve=0 map=154 iter=3 sweep=3 logical=54 identity=14 component=16 complete=24 collecting=1 completed=1 failed=0
N2S6_SWEEP i=764 solve=0 map=154 iter=4 sweep=4 logical=54 identity=14 component=16 complete=24 collecting=1 completed=1 failed=0
N2S6_SWEEP i=765 solve=0 map=155 iter=0 sweep=0 logical=54 identity=14 component=16 complete=24 collecting=1 completed=1 failed=0
N2S6_SWEEP i=766 solve=0 map=155 iter=1 sweep=1 logical=54 identity=14 component=16 complete=24 collecting=1 completed=1 failed=0
N2S6_SWEEP i=767 solve=0 map=155 iter=2 sweep=2 logical=54 identity=14 component=16 complete=24 collecting=1 completed=1 failed=0
N2S6_SWEEP i=768 solve=0 map=155 iter=3 sweep=3 logical=54 identity=14 component=16 complete=24 collecting=1 completed=1 failed=0
N2S6_SWEEP i=769 solve=0 map=155 iter=4 sweep=4 logical=54 identity=14 component=16 complete=24 collecting=1 completed=1 failed=0
N2S6_SWEEP i=770 solve=0 map=156 iter=0 sweep=0 logical=54 identity=14 component=16 complete=24 collecting=1 completed=1 failed=0
N2S6_SWEEP i=771 solve=0 map=156 iter=1 sweep=1 logical=54 identity=14 component=16 complete=24 collecting=1 completed=1 failed=0
N2S6_SWEEP i=772 solve=0 map=156 iter=2 sweep=2 logical=54 identity=14 component=16 complete=24 collecting=1 completed=1 failed=0
N2S6_SWEEP i=773 solve=0 map=156 iter=3 sweep=3 logical=54 identity=14 component=16 complete=24 collecting=1 completed=1 failed=0
N2S6_SWEEP i=774 solve=0 map=156 iter=4 sweep=4 logical=54 identity=14 component=16 complete=24 collecting=1 completed=1 failed=0
N2S6_SWEEP i=775 solve=0 map=157 iter=0 sweep=0 logical=54 identity=14 component=16 complete=24 collecting=1 completed=1 failed=0
N2S6_SWEEP i=776 solve=0 map=157 iter=1 sweep=1 logical=54 identity=14 component=16 complete=24 collecting=1 completed=1 failed=0
N2S6_SWEEP i=777 solve=0 map=157 iter=2 sweep=2 logical=54 identity=14 component=16 complete=24 collecting=1 completed=1 failed=0
N2S6_SWEEP i=778 solve=0 map=157 iter=3 sweep=3 logical=54 identity=14 component=16 complete=24 collecting=1 completed=1 failed=0
N2S6_SWEEP i=779 solve=0 map=157 iter=4 sweep=4 logical=54 identity=14 component=16 complete=24 collecting=1 completed=1 failed=0
N2S6_SWEEP i=780 solve=0 map=158 iter=0 sweep=0 logical=54 identity=14 component=16 complete=24 collecting=1 completed=1 failed=0
N2S6_SWEEP i=781 solve=0 map=158 iter=1 sweep=1 logical=54 identity=14 component=16 complete=24 collecting=1 completed=1 failed=0
N2S6_SWEEP i=782 solve=0 map=158 iter=2 sweep=2 logical=54 identity=14 component=16 complete=24 collecting=1 completed=1 failed=0
N2S6_SWEEP i=783 solve=0 map=158 iter=3 sweep=3 logical=54 identity=14 component=16 complete=24 collecting=1 completed=1 failed=0
N2S6_SWEEP i=784 solve=0 map=158 iter=4 sweep=4 logical=54 identity=14 component=16 complete=24 collecting=1 completed=1 failed=0
N2S6_SWEEP i=785 solve=0 map=159 iter=0 sweep=0 logical=54 identity=14 component=16 complete=24 collecting=1 completed=1 failed=0
N2S6_SWEEP i=786 solve=0 map=159 iter=1 sweep=1 logical=54 identity=14 component=16 complete=24 collecting=1 completed=1 failed=0
N2S6_SWEEP i=787 solve=0 map=159 iter=2 sweep=2 logical=54 identity=14 component=16 complete=24 collecting=1 completed=1 failed=0
N2S6_SWEEP i=788 solve=0 map=159 iter=3 sweep=3 logical=54 identity=14 component=16 complete=24 collecting=1 completed=1 failed=0
N2S6_SWEEP i=789 solve=0 map=159 iter=4 sweep=4 logical=54 identity=14 component=16 complete=24 collecting=1 completed=1 failed=0
N2S6_SWEEP i=790 solve=0 map=160 iter=0 sweep=0 logical=54 identity=14 component=16 complete=24 collecting=1 completed=1 failed=0
N2S6_SWEEP i=791 solve=0 map=160 iter=1 sweep=1 logical=54 identity=14 component=16 complete=24 collecting=1 completed=1 failed=0
N2S6_SWEEP i=792 solve=0 map=160 iter=2 sweep=2 logical=54 identity=14 component=16 complete=24 collecting=1 completed=1 failed=0
N2S6_SWEEP i=793 solve=0 map=160 iter=3 sweep=3 logical=54 identity=14 component=16 complete=24 collecting=1 completed=1 failed=0
N2S6_SWEEP i=794 solve=0 map=160 iter=4 sweep=4 logical=54 identity=14 component=16 complete=24 collecting=1 completed=1 failed=0
N2S6_SWEEP i=795 solve=0 map=161 iter=0 sweep=0 logical=54 identity=14 component=16 complete=24 collecting=1 completed=1 failed=0
N2S6_SWEEP i=796 solve=0 map=161 iter=1 sweep=1 logical=54 identity=14 component=16 complete=24 collecting=1 completed=1 failed=0
N2S6_SWEEP i=797 solve=0 map=161 iter=2 sweep=2 logical=54 identity=14 component=16 complete=24 collecting=1 completed=1 failed=0
N2S6_SWEEP i=798 solve=0 map=161 iter=3 sweep=3 logical=54 identity=14 component=16 complete=24 collecting=1 completed=1 failed=0
N2S6_SWEEP i=799 solve=0 map=161 iter=4 sweep=4 logical=54 identity=14 component=16 complete=24 collecting=1 completed=1 failed=0
N2S6_SWEEP i=800 solve=0 map=162 iter=0 sweep=0 logical=54 identity=14 component=16 complete=24 collecting=1 completed=1 failed=0
N2S6_SWEEP i=801 solve=0 map=162 iter=1 sweep=1 logical=54 identity=14 component=16 complete=24 collecting=1 completed=1 failed=0
N2S6_SWEEP i=802 solve=0 map=162 iter=2 sweep=2 logical=54 identity=14 component=16 complete=24 collecting=1 completed=1 failed=0
N2S6_SWEEP i=803 solve=0 map=162 iter=3 sweep=3 logical=54 identity=14 component=16 complete=24 collecting=1 completed=1 failed=0
N2S6_SWEEP i=804 solve=0 map=162 iter=4 sweep=4 logical=54 identity=14 component=16 complete=24 collecting=1 completed=1 failed=0
N2S6_SWEEP i=805 solve=0 map=163 iter=0 sweep=0 logical=54 identity=14 component=16 complete=24 collecting=1 completed=1 failed=0
N2S6_SWEEP i=806 solve=0 map=163 iter=1 sweep=1 logical=54 identity=14 component=16 complete=24 collecting=1 completed=1 failed=0
N2S6_SWEEP i=807 solve=0 map=163 iter=2 sweep=2 logical=54 identity=14 component=16 complete=24 collecting=1 completed=1 failed=0
N2S6_SWEEP i=808 solve=0 map=163 iter=3 sweep=3 logical=54 identity=14 component=16 complete=24 collecting=1 completed=1 failed=0
N2S6_SWEEP i=809 solve=0 map=163 iter=4 sweep=4 logical=54 identity=14 component=16 complete=24 collecting=1 completed=1 failed=0
N2S6_SWEEP i=810 solve=0 map=164 iter=0 sweep=0 logical=54 identity=14 component=16 complete=24 collecting=1 completed=1 failed=0
N2S6_SWEEP i=811 solve=0 map=164 iter=1 sweep=1 logical=54 identity=14 component=16 complete=24 collecting=1 completed=1 failed=0
N2S6_SWEEP i=812 solve=0 map=164 iter=2 sweep=2 logical=54 identity=14 component=16 complete=24 collecting=1 completed=1 failed=0
N2S6_SWEEP i=813 solve=0 map=164 iter=3 sweep=3 logical=54 identity=14 component=16 complete=24 collecting=1 completed=1 failed=0
N2S6_SWEEP i=814 solve=0 map=164 iter=4 sweep=4 logical=54 identity=14 component=16 complete=24 collecting=1 completed=1 failed=0
N2S6_SWEEP i=815 solve=0 map=165 iter=0 sweep=0 logical=54 identity=14 component=16 complete=24 collecting=1 completed=1 failed=0
N2S6_SWEEP i=816 solve=0 map=165 iter=1 sweep=1 logical=54 identity=14 component=16 complete=24 collecting=1 completed=1 failed=0
N2S6_SWEEP i=817 solve=0 map=165 iter=2 sweep=2 logical=54 identity=14 component=16 complete=24 collecting=1 completed=1 failed=0
N2S6_SWEEP i=818 solve=0 map=165 iter=3 sweep=3 logical=54 identity=14 component=16 complete=24 collecting=1 completed=1 failed=0
N2S6_SWEEP i=819 solve=0 map=165 iter=4 sweep=4 logical=54 identity=14 component=16 complete=24 collecting=1 completed=1 failed=0
N2S6_SWEEP i=820 solve=0 map=166 iter=0 sweep=0 logical=54 identity=14 component=16 complete=24 collecting=1 completed=1 failed=0
N2S6_SWEEP i=821 solve=0 map=166 iter=1 sweep=1 logical=54 identity=14 component=16 complete=24 collecting=1 completed=1 failed=0
N2S6_SWEEP i=822 solve=0 map=166 iter=2 sweep=2 logical=54 identity=14 component=16 complete=24 collecting=1 completed=1 failed=0
N2S6_SWEEP i=823 solve=0 map=166 iter=3 sweep=3 logical=54 identity=14 component=16 complete=24 collecting=1 completed=1 failed=0
N2S6_SWEEP i=824 solve=0 map=166 iter=4 sweep=4 logical=54 identity=14 component=16 complete=24 collecting=1 completed=1 failed=0
N2S6_SWEEP i=825 solve=0 map=167 iter=0 sweep=0 logical=54 identity=14 component=16 complete=24 collecting=1 completed=1 failed=0
N2S6_SWEEP i=826 solve=0 map=167 iter=1 sweep=1 logical=54 identity=14 component=16 complete=24 collecting=1 completed=1 failed=0
N2S6_SWEEP i=827 solve=0 map=167 iter=2 sweep=2 logical=54 identity=14 component=16 complete=24 collecting=1 completed=1 failed=0
N2S6_SWEEP i=828 solve=0 map=167 iter=3 sweep=3 logical=54 identity=14 component=16 complete=24 collecting=1 completed=1 failed=0
N2S6_SWEEP i=829 solve=0 map=167 iter=4 sweep=4 logical=54 identity=14 component=16 complete=24 collecting=1 completed=1 failed=0
N2S6_SWEEP i=830 solve=0 map=168 iter=0 sweep=0 logical=54 identity=14 component=16 complete=24 collecting=1 completed=1 failed=0
N2S6_SWEEP i=831 solve=0 map=168 iter=1 sweep=1 logical=54 identity=14 component=16 complete=24 collecting=1 completed=1 failed=0
N2S6_SWEEP i=832 solve=0 map=168 iter=2 sweep=2 logical=54 identity=14 component=16 complete=24 collecting=1 completed=1 failed=0
N2S6_SWEEP i=833 solve=0 map=168 iter=3 sweep=3 logical=54 identity=14 component=16 complete=24 collecting=1 completed=1 failed=0
N2S6_SWEEP i=834 solve=0 map=168 iter=4 sweep=4 logical=54 identity=14 component=16 complete=24 collecting=1 completed=1 failed=0
N2S6_SWEEP i=835 solve=0 map=169 iter=0 sweep=0 logical=54 identity=14 component=16 complete=24 collecting=1 completed=1 failed=0
N2S6_SWEEP i=836 solve=0 map=169 iter=1 sweep=1 logical=54 identity=14 component=16 complete=24 collecting=1 completed=1 failed=0
N2S6_SWEEP i=837 solve=0 map=169 iter=2 sweep=2 logical=54 identity=14 component=16 complete=24 collecting=1 completed=1 failed=0
N2S6_SWEEP i=838 solve=0 map=169 iter=3 sweep=3 logical=54 identity=14 component=16 complete=24 collecting=1 completed=1 failed=0
N2S6_SWEEP i=839 solve=0 map=169 iter=4 sweep=4 logical=54 identity=14 component=16 complete=24 collecting=1 completed=1 failed=0
N2S6_SWEEP i=840 solve=0 map=170 iter=0 sweep=0 logical=54 identity=14 component=16 complete=24 collecting=1 completed=1 failed=0
N2S6_SWEEP i=841 solve=0 map=170 iter=1 sweep=1 logical=54 identity=14 component=16 complete=24 collecting=1 completed=1 failed=0
N2S6_SWEEP i=842 solve=0 map=170 iter=2 sweep=2 logical=54 identity=14 component=16 complete=24 collecting=1 completed=1 failed=0
N2S6_SWEEP i=843 solve=0 map=170 iter=3 sweep=3 logical=54 identity=14 component=16 complete=24 collecting=1 completed=1 failed=0
N2S6_SWEEP i=844 solve=0 map=170 iter=4 sweep=4 logical=54 identity=14 component=16 complete=24 collecting=1 completed=1 failed=0
N2S6_SWEEP i=845 solve=0 map=171 iter=0 sweep=0 logical=54 identity=14 component=16 complete=24 collecting=1 completed=1 failed=0
N2S6_SWEEP i=846 solve=0 map=171 iter=1 sweep=1 logical=54 identity=14 component=16 complete=24 collecting=1 completed=1 failed=0
N2S6_SWEEP i=847 solve=0 map=171 iter=2 sweep=2 logical=54 identity=14 component=16 complete=24 collecting=1 completed=1 failed=0
N2S6_SWEEP i=848 solve=0 map=171 iter=3 sweep=3 logical=54 identity=14 component=16 complete=24 collecting=1 completed=1 failed=0
N2S6_SWEEP i=849 solve=0 map=171 iter=4 sweep=4 logical=54 identity=14 component=16 complete=24 collecting=1 completed=1 failed=0
N2S6_SWEEP i=850 solve=0 map=172 iter=0 sweep=0 logical=54 identity=14 component=16 complete=24 collecting=1 completed=1 failed=0
N2S6_SWEEP i=851 solve=0 map=172 iter=1 sweep=1 logical=54 identity=14 component=16 complete=24 collecting=1 completed=1 failed=0
N2S6_SWEEP i=852 solve=0 map=172 iter=2 sweep=2 logical=54 identity=14 component=16 complete=24 collecting=1 completed=1 failed=0
N2S6_SWEEP i=853 solve=0 map=172 iter=3 sweep=3 logical=54 identity=14 component=16 complete=24 collecting=1 completed=1 failed=0
N2S6_SWEEP i=854 solve=0 map=172 iter=4 sweep=4 logical=54 identity=14 component=16 complete=24 collecting=1 completed=1 failed=0
N2S6_SWEEP i=855 solve=0 map=173 iter=0 sweep=0 logical=54 identity=14 component=16 complete=24 collecting=1 completed=1 failed=0
N2S6_SWEEP i=856 solve=0 map=173 iter=1 sweep=1 logical=54 identity=14 component=16 complete=24 collecting=1 completed=1 failed=0
N2S6_SWEEP i=857 solve=0 map=173 iter=2 sweep=2 logical=54 identity=14 component=16 complete=24 collecting=1 completed=1 failed=0
N2S6_SWEEP i=858 solve=0 map=173 iter=3 sweep=3 logical=54 identity=14 component=16 complete=24 collecting=1 completed=1 failed=0
N2S6_SWEEP i=859 solve=0 map=173 iter=4 sweep=4 logical=54 identity=14 component=16 complete=24 collecting=1 completed=1 failed=0
N2S6_SWEEP i=860 solve=0 map=174 iter=0 sweep=0 logical=54 identity=14 component=16 complete=24 collecting=1 completed=1 failed=0
N2S6_SWEEP i=861 solve=0 map=174 iter=1 sweep=1 logical=54 identity=14 component=16 complete=24 collecting=1 completed=1 failed=0
N2S6_SWEEP i=862 solve=0 map=174 iter=2 sweep=2 logical=54 identity=14 component=16 complete=24 collecting=1 completed=1 failed=0
N2S6_SWEEP i=863 solve=0 map=174 iter=3 sweep=3 logical=54 identity=14 component=16 complete=24 collecting=1 completed=1 failed=0
N2S6_SWEEP i=864 solve=0 map=174 iter=4 sweep=4 logical=54 identity=14 component=16 complete=24 collecting=1 completed=1 failed=0
N2S6_SWEEP i=865 solve=0 map=175 iter=0 sweep=0 logical=54 identity=14 component=16 complete=24 collecting=1 completed=1 failed=0
N2S6_SWEEP i=866 solve=0 map=175 iter=1 sweep=1 logical=54 identity=14 component=16 complete=24 collecting=1 completed=1 failed=0
N2S6_SWEEP i=867 solve=0 map=175 iter=2 sweep=2 logical=54 identity=14 component=16 complete=24 collecting=1 completed=1 failed=0
N2S6_SWEEP i=868 solve=0 map=175 iter=3 sweep=3 logical=54 identity=14 component=16 complete=24 collecting=1 completed=1 failed=0
N2S6_SWEEP i=869 solve=0 map=175 iter=4 sweep=4 logical=54 identity=14 component=16 complete=24 collecting=1 completed=1 failed=0
N2S6_SWEEP i=870 solve=0 map=176 iter=0 sweep=0 logical=54 identity=14 component=16 complete=24 collecting=1 completed=1 failed=0
N2S6_SWEEP i=871 solve=0 map=176 iter=1 sweep=1 logical=54 identity=14 component=16 complete=24 collecting=1 completed=1 failed=0
N2S6_SWEEP i=872 solve=0 map=176 iter=2 sweep=2 logical=54 identity=14 component=16 complete=24 collecting=1 completed=1 failed=0
N2S6_SWEEP i=873 solve=0 map=176 iter=3 sweep=3 logical=54 identity=14 component=16 complete=24 collecting=1 completed=1 failed=0
N2S6_SWEEP i=874 solve=0 map=176 iter=4 sweep=4 logical=54 identity=14 component=16 complete=24 collecting=1 completed=1 failed=0
N2S6_SWEEP i=875 solve=0 map=177 iter=0 sweep=0 logical=54 identity=14 component=16 complete=24 collecting=1 completed=1 failed=0
N2S6_SWEEP i=876 solve=0 map=177 iter=1 sweep=1 logical=54 identity=14 component=16 complete=24 collecting=1 completed=1 failed=0
N2S6_SWEEP i=877 solve=0 map=177 iter=2 sweep=2 logical=54 identity=14 component=16 complete=24 collecting=1 completed=1 failed=0
N2S6_SWEEP i=878 solve=0 map=177 iter=3 sweep=3 logical=54 identity=14 component=16 complete=24 collecting=1 completed=1 failed=0
N2S6_SWEEP i=879 solve=0 map=177 iter=4 sweep=4 logical=54 identity=14 component=16 complete=24 collecting=1 completed=1 failed=0
N2S6_SWEEP i=880 solve=0 map=178 iter=0 sweep=0 logical=54 identity=14 component=16 complete=24 collecting=1 completed=1 failed=0
N2S6_SWEEP i=881 solve=0 map=178 iter=1 sweep=1 logical=54 identity=14 component=16 complete=24 collecting=1 completed=1 failed=0
N2S6_SWEEP i=882 solve=0 map=178 iter=2 sweep=2 logical=54 identity=14 component=16 complete=24 collecting=1 completed=1 failed=0
N2S6_SWEEP i=883 solve=0 map=178 iter=3 sweep=3 logical=54 identity=14 component=16 complete=24 collecting=1 completed=1 failed=0
N2S6_SWEEP i=884 solve=0 map=178 iter=4 sweep=4 logical=54 identity=14 component=16 complete=24 collecting=1 completed=1 failed=0
N2S6_SWEEP i=885 solve=0 map=179 iter=0 sweep=0 logical=54 identity=14 component=16 complete=24 collecting=1 completed=1 failed=0
N2S6_SWEEP i=886 solve=0 map=179 iter=1 sweep=1 logical=54 identity=14 component=16 complete=24 collecting=1 completed=1 failed=0
N2S6_SWEEP i=887 solve=0 map=179 iter=2 sweep=2 logical=54 identity=14 component=16 complete=24 collecting=1 completed=1 failed=0
N2S6_SWEEP i=888 solve=0 map=179 iter=3 sweep=3 logical=54 identity=14 component=16 complete=24 collecting=1 completed=1 failed=0
N2S6_SWEEP i=889 solve=0 map=179 iter=4 sweep=4 logical=54 identity=14 component=16 complete=24 collecting=1 completed=1 failed=0
N2S6_SWEEP i=890 solve=0 map=180 iter=0 sweep=0 logical=54 identity=14 component=16 complete=24 collecting=1 completed=1 failed=0
N2S6_SWEEP i=891 solve=0 map=180 iter=1 sweep=1 logical=54 identity=14 component=16 complete=24 collecting=1 completed=1 failed=0
N2S6_SWEEP i=892 solve=0 map=180 iter=2 sweep=2 logical=54 identity=14 component=16 complete=24 collecting=1 completed=1 failed=0
N2S6_SWEEP i=893 solve=0 map=180 iter=3 sweep=3 logical=54 identity=14 component=16 complete=24 collecting=1 completed=1 failed=0
N2S6_SWEEP i=894 solve=0 map=180 iter=4 sweep=4 logical=54 identity=14 component=16 complete=24 collecting=1 completed=1 failed=0
N2S6_SWEEP i=895 solve=0 map=181 iter=0 sweep=0 logical=54 identity=14 component=16 complete=24 collecting=1 completed=1 failed=0
N2S6_SWEEP i=896 solve=0 map=181 iter=1 sweep=1 logical=54 identity=14 component=16 complete=24 collecting=1 completed=1 failed=0
N2S6_SWEEP i=897 solve=0 map=181 iter=2 sweep=2 logical=54 identity=14 component=16 complete=24 collecting=1 completed=1 failed=0
N2S6_SWEEP i=898 solve=0 map=181 iter=3 sweep=3 logical=54 identity=14 component=16 complete=24 collecting=1 completed=1 failed=0
N2S6_SWEEP i=899 solve=0 map=181 iter=4 sweep=4 logical=54 identity=14 component=16 complete=24 collecting=1 completed=1 failed=0
N2S6_SWEEP i=900 solve=0 map=182 iter=0 sweep=0 logical=54 identity=14 component=16 complete=24 collecting=1 completed=1 failed=0
N2S6_SWEEP i=901 solve=0 map=182 iter=1 sweep=1 logical=54 identity=14 component=16 complete=24 collecting=1 completed=1 failed=0
N2S6_SWEEP i=902 solve=0 map=182 iter=2 sweep=2 logical=54 identity=14 component=16 complete=24 collecting=1 completed=1 failed=0
N2S6_SWEEP i=903 solve=0 map=182 iter=3 sweep=3 logical=54 identity=14 component=16 complete=24 collecting=1 completed=1 failed=0
N2S6_SWEEP i=904 solve=0 map=182 iter=4 sweep=4 logical=54 identity=14 component=16 complete=24 collecting=1 completed=1 failed=0
N2S6_SWEEP i=905 solve=0 map=183 iter=0 sweep=0 logical=54 identity=14 component=16 complete=24 collecting=1 completed=1 failed=0
N2S6_SWEEP i=906 solve=0 map=183 iter=1 sweep=1 logical=54 identity=14 component=16 complete=24 collecting=1 completed=1 failed=0
N2S6_SWEEP i=907 solve=0 map=183 iter=2 sweep=2 logical=54 identity=14 component=16 complete=24 collecting=1 completed=1 failed=0
N2S6_SWEEP i=908 solve=0 map=183 iter=3 sweep=3 logical=54 identity=14 component=16 complete=24 collecting=1 completed=1 failed=0
N2S6_SWEEP i=909 solve=0 map=183 iter=4 sweep=4 logical=54 identity=14 component=16 complete=24 collecting=1 completed=1 failed=0
N2S6_SWEEP i=910 solve=0 map=184 iter=0 sweep=0 logical=54 identity=14 component=16 complete=24 collecting=1 completed=1 failed=0
N2S6_SWEEP i=911 solve=0 map=184 iter=1 sweep=1 logical=54 identity=14 component=16 complete=24 collecting=1 completed=1 failed=0
N2S6_SWEEP i=912 solve=0 map=184 iter=2 sweep=2 logical=54 identity=14 component=16 complete=24 collecting=1 completed=1 failed=0
N2S6_SWEEP i=913 solve=0 map=184 iter=3 sweep=3 logical=54 identity=14 component=16 complete=24 collecting=1 completed=1 failed=0
N2S6_SWEEP i=914 solve=0 map=184 iter=4 sweep=4 logical=54 identity=14 component=16 complete=24 collecting=1 completed=1 failed=0
N2S6_SWEEP i=915 solve=0 map=185 iter=0 sweep=0 logical=54 identity=14 component=16 complete=24 collecting=1 completed=1 failed=0
N2S6_SWEEP i=916 solve=0 map=185 iter=1 sweep=1 logical=54 identity=14 component=16 complete=24 collecting=1 completed=1 failed=0
N2S6_SWEEP i=917 solve=0 map=185 iter=2 sweep=2 logical=54 identity=14 component=16 complete=24 collecting=1 completed=1 failed=0
N2S6_SWEEP i=918 solve=0 map=185 iter=3 sweep=3 logical=54 identity=14 component=16 complete=24 collecting=1 completed=1 failed=0
N2S6_SWEEP i=919 solve=0 map=185 iter=4 sweep=4 logical=54 identity=14 component=16 complete=24 collecting=1 completed=1 failed=0
N2S6_SWEEP i=920 solve=0 map=186 iter=0 sweep=0 logical=54 identity=14 component=16 complete=24 collecting=1 completed=1 failed=0
N2S6_SWEEP i=921 solve=0 map=186 iter=1 sweep=1 logical=54 identity=14 component=16 complete=24 collecting=1 completed=1 failed=0
N2S6_SWEEP i=922 solve=0 map=186 iter=2 sweep=2 logical=54 identity=14 component=16 complete=24 collecting=1 completed=1 failed=0
N2S6_SWEEP i=923 solve=0 map=186 iter=3 sweep=3 logical=54 identity=14 component=16 complete=24 collecting=1 completed=1 failed=0
N2S6_SWEEP i=924 solve=0 map=186 iter=4 sweep=4 logical=54 identity=14 component=16 complete=24 collecting=1 completed=1 failed=0
N2S6_SWEEP i=925 solve=0 map=187 iter=0 sweep=0 logical=54 identity=14 component=16 complete=24 collecting=1 completed=1 failed=0
N2S6_SWEEP i=926 solve=0 map=187 iter=1 sweep=1 logical=54 identity=14 component=16 complete=24 collecting=1 completed=1 failed=0
N2S6_SWEEP i=927 solve=0 map=187 iter=2 sweep=2 logical=54 identity=14 component=16 complete=24 collecting=1 completed=1 failed=0
N2S6_SWEEP i=928 solve=0 map=187 iter=3 sweep=3 logical=54 identity=14 component=16 complete=24 collecting=1 completed=1 failed=0
N2S6_SWEEP i=929 solve=0 map=187 iter=4 sweep=4 logical=54 identity=14 component=16 complete=24 collecting=1 completed=1 failed=0
N2S6_SWEEP i=930 solve=0 map=188 iter=0 sweep=0 logical=54 identity=14 component=16 complete=24 collecting=1 completed=1 failed=0
N2S6_SWEEP i=931 solve=0 map=188 iter=1 sweep=1 logical=54 identity=14 component=16 complete=24 collecting=1 completed=1 failed=0
N2S6_SWEEP i=932 solve=0 map=188 iter=2 sweep=2 logical=54 identity=14 component=16 complete=24 collecting=1 completed=1 failed=0
N2S6_SWEEP i=933 solve=0 map=188 iter=3 sweep=3 logical=54 identity=14 component=16 complete=24 collecting=1 completed=1 failed=0
N2S6_SWEEP i=934 solve=0 map=188 iter=4 sweep=4 logical=54 identity=14 component=16 complete=24 collecting=1 completed=1 failed=0
N2S6_SWEEP i=935 solve=0 map=189 iter=0 sweep=0 logical=54 identity=14 component=16 complete=24 collecting=1 completed=1 failed=0
N2S6_SWEEP i=936 solve=0 map=189 iter=1 sweep=1 logical=54 identity=14 component=16 complete=24 collecting=1 completed=1 failed=0
N2S6_SWEEP i=937 solve=0 map=189 iter=2 sweep=2 logical=54 identity=14 component=16 complete=24 collecting=1 completed=1 failed=0
N2S6_SWEEP i=938 solve=0 map=189 iter=3 sweep=3 logical=54 identity=14 component=16 complete=24 collecting=1 completed=1 failed=0
N2S6_SWEEP i=939 solve=0 map=189 iter=4 sweep=4 logical=54 identity=14 component=16 complete=24 collecting=1 completed=1 failed=0
N2S6_SWEEP i=940 solve=0 map=190 iter=0 sweep=0 logical=54 identity=14 component=16 complete=24 collecting=1 completed=1 failed=0
N2S6_SWEEP i=941 solve=0 map=190 iter=1 sweep=1 logical=54 identity=14 component=16 complete=24 collecting=1 completed=1 failed=0
N2S6_SWEEP i=942 solve=0 map=190 iter=2 sweep=2 logical=54 identity=14 component=16 complete=24 collecting=1 completed=1 failed=0
N2S6_SWEEP i=943 solve=0 map=190 iter=3 sweep=3 logical=54 identity=14 component=16 complete=24 collecting=1 completed=1 failed=0
N2S6_SWEEP i=944 solve=0 map=190 iter=4 sweep=4 logical=54 identity=14 component=16 complete=24 collecting=1 completed=1 failed=0
N2S6_SWEEP i=945 solve=0 map=191 iter=0 sweep=0 logical=54 identity=14 component=16 complete=24 collecting=1 completed=1 failed=0
N2S6_SWEEP i=946 solve=0 map=191 iter=1 sweep=1 logical=54 identity=14 component=16 complete=24 collecting=1 completed=1 failed=0
N2S6_SWEEP i=947 solve=0 map=191 iter=2 sweep=2 logical=54 identity=14 component=16 complete=24 collecting=1 completed=1 failed=0
N2S6_SWEEP i=948 solve=0 map=191 iter=3 sweep=3 logical=54 identity=14 component=16 complete=24 collecting=1 completed=1 failed=0
N2S6_SWEEP i=949 solve=0 map=191 iter=4 sweep=4 logical=54 identity=14 component=16 complete=24 collecting=1 completed=1 failed=0
N2S6_SWEEP i=950 solve=0 map=192 iter=0 sweep=0 logical=54 identity=14 component=16 complete=24 collecting=1 completed=1 failed=0
N2S6_SWEEP i=951 solve=0 map=192 iter=1 sweep=1 logical=54 identity=14 component=16 complete=24 collecting=1 completed=1 failed=0
N2S6_SWEEP i=952 solve=0 map=192 iter=2 sweep=2 logical=54 identity=14 component=16 complete=24 collecting=1 completed=1 failed=0
N2S6_SWEEP i=953 solve=0 map=192 iter=3 sweep=3 logical=54 identity=14 component=16 complete=24 collecting=1 completed=1 failed=0
N2S6_SWEEP i=954 solve=0 map=192 iter=4 sweep=4 logical=54 identity=14 component=16 complete=24 collecting=1 completed=1 failed=0
N2S6_SWEEP i=955 solve=0 map=193 iter=0 sweep=0 logical=54 identity=14 component=16 complete=24 collecting=1 completed=1 failed=0
N2S6_SWEEP i=956 solve=0 map=193 iter=1 sweep=1 logical=54 identity=14 component=16 complete=24 collecting=1 completed=1 failed=0
N2S6_SWEEP i=957 solve=0 map=193 iter=2 sweep=2 logical=54 identity=14 component=16 complete=24 collecting=1 completed=1 failed=0
N2S6_SWEEP i=958 solve=0 map=193 iter=3 sweep=3 logical=54 identity=14 component=16 complete=24 collecting=1 completed=1 failed=0
N2S6_SWEEP i=959 solve=0 map=193 iter=4 sweep=4 logical=54 identity=14 component=16 complete=24 collecting=1 completed=1 failed=0
N2S6_SWEEP i=960 solve=0 map=194 iter=0 sweep=0 logical=54 identity=14 component=16 complete=24 collecting=1 completed=1 failed=0
N2S6_SWEEP i=961 solve=0 map=194 iter=1 sweep=1 logical=54 identity=14 component=16 complete=24 collecting=1 completed=1 failed=0
N2S6_SWEEP i=962 solve=0 map=194 iter=2 sweep=2 logical=54 identity=14 component=16 complete=24 collecting=1 completed=1 failed=0
N2S6_SWEEP i=963 solve=0 map=194 iter=3 sweep=3 logical=54 identity=14 component=16 complete=24 collecting=1 completed=1 failed=0
N2S6_SWEEP i=964 solve=0 map=194 iter=4 sweep=4 logical=54 identity=14 component=16 complete=24 collecting=1 completed=1 failed=0
N2S6_SWEEP i=965 solve=0 map=195 iter=0 sweep=0 logical=54 identity=14 component=16 complete=24 collecting=1 completed=1 failed=0
N2S6_SWEEP i=966 solve=0 map=195 iter=1 sweep=1 logical=54 identity=14 component=16 complete=24 collecting=1 completed=1 failed=0
N2S6_SWEEP i=967 solve=0 map=195 iter=2 sweep=2 logical=54 identity=14 component=16 complete=24 collecting=1 completed=1 failed=0
N2S6_SWEEP i=968 solve=0 map=195 iter=3 sweep=3 logical=54 identity=14 component=16 complete=24 collecting=1 completed=1 failed=0
N2S6_SWEEP i=969 solve=0 map=195 iter=4 sweep=4 logical=54 identity=14 component=16 complete=24 collecting=1 completed=1 failed=0
N2S6_SWEEP i=970 solve=0 map=196 iter=0 sweep=0 logical=54 identity=14 component=16 complete=24 collecting=1 completed=1 failed=0
N2S6_SWEEP i=971 solve=0 map=196 iter=1 sweep=1 logical=54 identity=14 component=16 complete=24 collecting=1 completed=1 failed=0
N2S6_SWEEP i=972 solve=0 map=196 iter=2 sweep=2 logical=54 identity=14 component=16 complete=24 collecting=1 completed=1 failed=0
N2S6_SWEEP i=973 solve=0 map=196 iter=3 sweep=3 logical=54 identity=14 component=16 complete=24 collecting=1 completed=1 failed=0
N2S6_SWEEP i=974 solve=0 map=196 iter=4 sweep=4 logical=54 identity=14 component=16 complete=24 collecting=1 completed=1 failed=0
N2S6_SWEEP i=975 solve=0 map=197 iter=0 sweep=0 logical=54 identity=14 component=16 complete=24 collecting=1 completed=1 failed=0
N2S6_SWEEP i=976 solve=0 map=197 iter=1 sweep=1 logical=54 identity=14 component=16 complete=24 collecting=1 completed=1 failed=0
N2S6_SWEEP i=977 solve=0 map=197 iter=2 sweep=2 logical=54 identity=14 component=16 complete=24 collecting=1 completed=1 failed=0
N2S6_SWEEP i=978 solve=0 map=197 iter=3 sweep=3 logical=54 identity=14 component=16 complete=24 collecting=1 completed=1 failed=0
N2S6_SWEEP i=979 solve=0 map=197 iter=4 sweep=4 logical=54 identity=14 component=16 complete=24 collecting=1 completed=1 failed=0
N2S6_SWEEP i=980 solve=0 map=198 iter=0 sweep=0 logical=54 identity=14 component=16 complete=24 collecting=1 completed=1 failed=0
N2S6_SWEEP i=981 solve=0 map=198 iter=1 sweep=1 logical=54 identity=14 component=16 complete=24 collecting=1 completed=1 failed=0
N2S6_SWEEP i=982 solve=0 map=198 iter=2 sweep=2 logical=54 identity=14 component=16 complete=24 collecting=1 completed=1 failed=0
N2S6_SWEEP i=983 solve=0 map=198 iter=3 sweep=3 logical=54 identity=14 component=16 complete=24 collecting=1 completed=1 failed=0
N2S6_SWEEP i=984 solve=0 map=198 iter=4 sweep=4 logical=54 identity=14 component=16 complete=24 collecting=1 completed=1 failed=0
N2S6_SWEEP i=985 solve=0 map=199 iter=0 sweep=0 logical=54 identity=14 component=16 complete=24 collecting=1 completed=1 failed=0
N2S6_SWEEP i=986 solve=0 map=199 iter=1 sweep=1 logical=54 identity=14 component=16 complete=24 collecting=1 completed=1 failed=0
N2S6_SWEEP i=987 solve=0 map=199 iter=2 sweep=2 logical=54 identity=14 component=16 complete=24 collecting=1 completed=1 failed=0
N2S6_SWEEP i=988 solve=0 map=199 iter=3 sweep=3 logical=54 identity=14 component=16 complete=24 collecting=1 completed=1 failed=0
N2S6_SWEEP i=989 solve=0 map=199 iter=4 sweep=4 logical=54 identity=14 component=16 complete=24 collecting=1 completed=1 failed=0
N2S6_SWEEP i=990 solve=0 map=200 iter=0 sweep=0 logical=54 identity=14 component=16 complete=24 collecting=1 completed=1 failed=0
N2S6_SWEEP i=991 solve=0 map=200 iter=1 sweep=1 logical=54 identity=14 component=16 complete=24 collecting=1 completed=1 failed=0
N2S6_SWEEP i=992 solve=0 map=200 iter=2 sweep=2 logical=54 identity=14 component=16 complete=24 collecting=1 completed=1 failed=0
N2S6_SWEEP i=993 solve=0 map=200 iter=3 sweep=3 logical=54 identity=14 component=16 complete=24 collecting=1 completed=1 failed=0
N2S6_SWEEP i=994 solve=0 map=200 iter=4 sweep=4 logical=54 identity=14 component=16 complete=24 collecting=1 completed=1 failed=0
N2S6_SWEEP i=995 solve=0 map=201 iter=0 sweep=0 logical=54 identity=14 component=16 complete=24 collecting=1 completed=1 failed=0
N2S6_SWEEP i=996 solve=0 map=201 iter=1 sweep=1 logical=54 identity=14 component=16 complete=24 collecting=1 completed=1 failed=0
N2S6_SWEEP i=997 solve=0 map=201 iter=2 sweep=2 logical=54 identity=14 component=16 complete=24 collecting=1 completed=1 failed=0
N2S6_SWEEP i=998 solve=0 map=201 iter=3 sweep=3 logical=54 identity=14 component=16 complete=24 collecting=1 completed=1 failed=0
N2S6_SWEEP i=999 solve=0 map=201 iter=4 sweep=4 logical=54 identity=14 component=16 complete=24 collecting=1 completed=1 failed=0
N2S6_SWEEP i=1000 solve=0 map=204 iter=0 sweep=0 logical=54 identity=14 component=16 complete=24 collecting=1 completed=1 failed=0
N2S6_SWEEP i=1001 solve=0 map=204 iter=1 sweep=1 logical=54 identity=14 component=16 complete=24 collecting=1 completed=1 failed=0
N2S6_SWEEP i=1002 solve=0 map=204 iter=2 sweep=2 logical=54 identity=14 component=16 complete=24 collecting=1 completed=1 failed=0
N2S6_SWEEP i=1003 solve=0 map=204 iter=3 sweep=3 logical=54 identity=14 component=16 complete=24 collecting=1 completed=1 failed=0
N2S6_SWEEP i=1004 solve=0 map=204 iter=4 sweep=4 logical=54 identity=14 component=16 complete=24 collecting=1 completed=1 failed=0
N2S6_SWEEP i=1005 solve=0 map=205 iter=0 sweep=0 logical=54 identity=14 component=16 complete=24 collecting=1 completed=1 failed=0
N2S6_SWEEP i=1006 solve=0 map=205 iter=1 sweep=1 logical=54 identity=14 component=16 complete=24 collecting=1 completed=1 failed=0
N2S6_SWEEP i=1007 solve=0 map=205 iter=2 sweep=2 logical=54 identity=14 component=16 complete=24 collecting=1 completed=1 failed=0
N2S6_SWEEP i=1008 solve=0 map=205 iter=3 sweep=3 logical=54 identity=14 component=16 complete=24 collecting=1 completed=1 failed=0
N2S6_SWEEP i=1009 solve=0 map=205 iter=4 sweep=4 logical=54 identity=14 component=16 complete=24 collecting=1 completed=1 failed=0
N2S6_SWEEP i=1010 solve=0 map=206 iter=0 sweep=0 logical=54 identity=14 component=16 complete=24 collecting=1 completed=1 failed=0
N2S6_SWEEP i=1011 solve=0 map=206 iter=1 sweep=1 logical=54 identity=14 component=16 complete=24 collecting=1 completed=1 failed=0
N2S6_SWEEP i=1012 solve=0 map=206 iter=2 sweep=2 logical=54 identity=14 component=16 complete=24 collecting=1 completed=1 failed=0
N2S6_SWEEP i=1013 solve=0 map=206 iter=3 sweep=3 logical=54 identity=14 component=16 complete=24 collecting=1 completed=1 failed=0
N2S6_SWEEP i=1014 solve=0 map=206 iter=4 sweep=4 logical=54 identity=14 component=16 complete=24 collecting=1 completed=1 failed=0
N2S6_SWEEP i=1015 solve=0 map=207 iter=0 sweep=0 logical=54 identity=14 component=16 complete=24 collecting=1 completed=1 failed=0
N2S6_SWEEP i=1016 solve=0 map=207 iter=1 sweep=1 logical=54 identity=14 component=16 complete=24 collecting=1 completed=1 failed=0
N2S6_SWEEP i=1017 solve=0 map=207 iter=2 sweep=2 logical=54 identity=14 component=16 complete=24 collecting=1 completed=1 failed=0
N2S6_SWEEP i=1018 solve=0 map=207 iter=3 sweep=3 logical=54 identity=14 component=16 complete=24 collecting=1 completed=1 failed=0
N2S6_SWEEP i=1019 solve=0 map=207 iter=4 sweep=4 logical=54 identity=14 component=16 complete=24 collecting=1 completed=1 failed=0
N2S6_SWEEP i=1020 solve=0 map=208 iter=0 sweep=0 logical=54 identity=14 component=16 complete=24 collecting=1 completed=1 failed=0
N2S6_SWEEP i=1021 solve=0 map=208 iter=1 sweep=1 logical=54 identity=14 component=16 complete=24 collecting=1 completed=1 failed=0
N2S6_SWEEP i=1022 solve=0 map=208 iter=2 sweep=2 logical=54 identity=14 component=16 complete=24 collecting=1 completed=1 failed=0
N2S6_SWEEP i=1023 solve=0 map=208 iter=3 sweep=3 logical=54 identity=14 component=16 complete=24 collecting=1 completed=1 failed=0
N2S6_SWEEP i=1024 solve=0 map=208 iter=4 sweep=4 logical=54 identity=14 component=16 complete=24 collecting=1 completed=1 failed=0
N2S6_SWEEP i=1025 solve=0 map=209 iter=0 sweep=0 logical=54 identity=14 component=16 complete=24 collecting=1 completed=1 failed=0
N2S6_SWEEP i=1026 solve=0 map=209 iter=1 sweep=1 logical=54 identity=14 component=16 complete=24 collecting=1 completed=1 failed=0
N2S6_SWEEP i=1027 solve=0 map=209 iter=2 sweep=2 logical=54 identity=14 component=16 complete=24 collecting=1 completed=1 failed=0
N2S6_SWEEP i=1028 solve=0 map=209 iter=3 sweep=3 logical=54 identity=14 component=16 complete=24 collecting=1 completed=1 failed=0
N2S6_SWEEP i=1029 solve=0 map=209 iter=4 sweep=4 logical=54 identity=14 component=16 complete=24 collecting=1 completed=1 failed=0
N2S6_SWEEP i=1030 solve=0 map=210 iter=0 sweep=0 logical=54 identity=14 component=16 complete=24 collecting=1 completed=1 failed=0
N2S6_SWEEP i=1031 solve=0 map=210 iter=1 sweep=1 logical=54 identity=14 component=16 complete=24 collecting=1 completed=1 failed=0
N2S6_SWEEP i=1032 solve=0 map=210 iter=2 sweep=2 logical=54 identity=14 component=16 complete=24 collecting=1 completed=1 failed=0
N2S6_SWEEP i=1033 solve=0 map=210 iter=3 sweep=3 logical=54 identity=14 component=16 complete=24 collecting=1 completed=1 failed=0
N2S6_SWEEP i=1034 solve=0 map=210 iter=4 sweep=4 logical=54 identity=14 component=16 complete=24 collecting=1 completed=1 failed=0
N2S6_SWEEP i=1035 solve=0 map=211 iter=0 sweep=0 logical=54 identity=14 component=16 complete=24 collecting=1 completed=1 failed=0
N2S6_SWEEP i=1036 solve=0 map=211 iter=1 sweep=1 logical=54 identity=14 component=16 complete=24 collecting=1 completed=1 failed=0
N2S6_SWEEP i=1037 solve=0 map=211 iter=2 sweep=2 logical=54 identity=14 component=16 complete=24 collecting=1 completed=1 failed=0
N2S6_SWEEP i=1038 solve=0 map=211 iter=3 sweep=3 logical=54 identity=14 component=16 complete=24 collecting=1 completed=1 failed=0
N2S6_SWEEP i=1039 solve=0 map=211 iter=4 sweep=4 logical=54 identity=14 component=16 complete=24 collecting=1 completed=1 failed=0
N2S6_SWEEP i=1040 solve=0 map=212 iter=0 sweep=0 logical=54 identity=14 component=16 complete=24 collecting=1 completed=1 failed=0
N2S6_SWEEP i=1041 solve=0 map=212 iter=1 sweep=1 logical=54 identity=14 component=16 complete=24 collecting=1 completed=1 failed=0
N2S6_SWEEP i=1042 solve=0 map=212 iter=2 sweep=2 logical=54 identity=14 component=16 complete=24 collecting=1 completed=1 failed=0
N2S6_SWEEP i=1043 solve=0 map=212 iter=3 sweep=3 logical=54 identity=14 component=16 complete=24 collecting=1 completed=1 failed=0
N2S6_SWEEP i=1044 solve=0 map=212 iter=4 sweep=4 logical=54 identity=14 component=16 complete=24 collecting=1 completed=1 failed=0
N2S6_SWEEP i=1045 solve=0 map=213 iter=0 sweep=0 logical=54 identity=14 component=16 complete=24 collecting=1 completed=1 failed=0
N2S6_SWEEP i=1046 solve=0 map=213 iter=1 sweep=1 logical=54 identity=14 component=16 complete=24 collecting=1 completed=1 failed=0
N2S6_SWEEP i=1047 solve=0 map=213 iter=2 sweep=2 logical=54 identity=14 component=16 complete=24 collecting=1 completed=1 failed=0
N2S6_SWEEP i=1048 solve=0 map=213 iter=3 sweep=3 logical=54 identity=14 component=16 complete=24 collecting=1 completed=1 failed=0
N2S6_SWEEP i=1049 solve=0 map=213 iter=4 sweep=4 logical=54 identity=14 component=16 complete=24 collecting=1 completed=1 failed=0
N2S6_SWEEP i=1050 solve=0 map=214 iter=0 sweep=0 logical=54 identity=14 component=16 complete=24 collecting=1 completed=1 failed=0
N2S6_SWEEP i=1051 solve=0 map=214 iter=1 sweep=1 logical=54 identity=14 component=16 complete=24 collecting=1 completed=1 failed=0
N2S6_SWEEP i=1052 solve=0 map=214 iter=2 sweep=2 logical=54 identity=14 component=16 complete=24 collecting=1 completed=1 failed=0
N2S6_SWEEP i=1053 solve=0 map=214 iter=3 sweep=3 logical=54 identity=14 component=16 complete=24 collecting=1 completed=1 failed=0
N2S6_SWEEP i=1054 solve=0 map=214 iter=4 sweep=4 logical=54 identity=14 component=16 complete=24 collecting=1 completed=1 failed=0
N2S6_SWEEP i=1055 solve=0 map=215 iter=0 sweep=0 logical=54 identity=14 component=16 complete=24 collecting=1 completed=1 failed=0
N2S6_SWEEP i=1056 solve=0 map=215 iter=1 sweep=1 logical=54 identity=14 component=16 complete=24 collecting=1 completed=1 failed=0
N2S6_SWEEP i=1057 solve=0 map=215 iter=2 sweep=2 logical=54 identity=14 component=16 complete=24 collecting=1 completed=1 failed=0
N2S6_SWEEP i=1058 solve=0 map=215 iter=3 sweep=3 logical=54 identity=14 component=16 complete=24 collecting=1 completed=1 failed=0
N2S6_SWEEP i=1059 solve=0 map=215 iter=4 sweep=4 logical=54 identity=14 component=16 complete=24 collecting=1 completed=1 failed=0
N2S6_SWEEP i=1060 solve=0 map=216 iter=0 sweep=0 logical=54 identity=14 component=16 complete=24 collecting=1 completed=1 failed=0
N2S6_SWEEP i=1061 solve=0 map=216 iter=1 sweep=1 logical=54 identity=14 component=16 complete=24 collecting=1 completed=1 failed=0
N2S6_SWEEP i=1062 solve=0 map=216 iter=2 sweep=2 logical=54 identity=14 component=16 complete=24 collecting=1 completed=1 failed=0
N2S6_SWEEP i=1063 solve=0 map=216 iter=3 sweep=3 logical=54 identity=14 component=16 complete=24 collecting=1 completed=1 failed=0
N2S6_SWEEP i=1064 solve=0 map=216 iter=4 sweep=4 logical=54 identity=14 component=16 complete=24 collecting=1 completed=1 failed=0
N2S6_SWEEP i=1065 solve=0 map=217 iter=0 sweep=0 logical=54 identity=14 component=16 complete=24 collecting=1 completed=1 failed=0
N2S6_SWEEP i=1066 solve=0 map=217 iter=1 sweep=1 logical=54 identity=14 component=16 complete=24 collecting=1 completed=1 failed=0
N2S6_SWEEP i=1067 solve=0 map=217 iter=2 sweep=2 logical=54 identity=14 component=16 complete=24 collecting=1 completed=1 failed=0
N2S6_SWEEP i=1068 solve=0 map=217 iter=3 sweep=3 logical=54 identity=14 component=16 complete=24 collecting=1 completed=1 failed=0
N2S6_SWEEP i=1069 solve=0 map=217 iter=4 sweep=4 logical=54 identity=14 component=16 complete=24 collecting=1 completed=1 failed=0
N2S6_SWEEP i=1070 solve=0 map=218 iter=0 sweep=0 logical=54 identity=14 component=16 complete=24 collecting=1 completed=1 failed=0
N2S6_SWEEP i=1071 solve=0 map=218 iter=1 sweep=1 logical=54 identity=14 component=16 complete=24 collecting=1 completed=1 failed=0
N2S6_SWEEP i=1072 solve=0 map=218 iter=2 sweep=2 logical=54 identity=14 component=16 complete=24 collecting=1 completed=1 failed=0
N2S6_SWEEP i=1073 solve=0 map=218 iter=3 sweep=3 logical=54 identity=14 component=16 complete=24 collecting=1 completed=1 failed=0
N2S6_SWEEP i=1074 solve=0 map=218 iter=4 sweep=4 logical=54 identity=14 component=16 complete=24 collecting=1 completed=1 failed=0
N2S6_SWEEP i=1075 solve=0 map=219 iter=0 sweep=0 logical=54 identity=14 component=16 complete=24 collecting=1 completed=1 failed=0
N2S6_SWEEP i=1076 solve=0 map=219 iter=1 sweep=1 logical=54 identity=14 component=16 complete=24 collecting=1 completed=1 failed=0
N2S6_SWEEP i=1077 solve=0 map=219 iter=2 sweep=2 logical=54 identity=14 component=16 complete=24 collecting=1 completed=1 failed=0
N2S6_SWEEP i=1078 solve=0 map=219 iter=3 sweep=3 logical=54 identity=14 component=16 complete=24 collecting=1 completed=1 failed=0
N2S6_SWEEP i=1079 solve=0 map=219 iter=4 sweep=4 logical=54 identity=14 component=16 complete=24 collecting=1 completed=1 failed=0
N2S6_SWEEP i=1080 solve=0 map=220 iter=0 sweep=0 logical=54 identity=14 component=16 complete=24 collecting=1 completed=1 failed=0
N2S6_SWEEP i=1081 solve=0 map=220 iter=1 sweep=1 logical=54 identity=14 component=16 complete=24 collecting=1 completed=1 failed=0
N2S6_SWEEP i=1082 solve=0 map=220 iter=2 sweep=2 logical=54 identity=14 component=16 complete=24 collecting=1 completed=1 failed=0
N2S6_SWEEP i=1083 solve=0 map=220 iter=3 sweep=3 logical=54 identity=14 component=16 complete=24 collecting=1 completed=1 failed=0
N2S6_SWEEP i=1084 solve=0 map=220 iter=4 sweep=4 logical=54 identity=14 component=16 complete=24 collecting=1 completed=1 failed=0
N2S6_SWEEP i=1085 solve=0 map=221 iter=0 sweep=0 logical=54 identity=14 component=16 complete=24 collecting=1 completed=1 failed=0
N2S6_SWEEP i=1086 solve=0 map=221 iter=1 sweep=1 logical=54 identity=14 component=16 complete=24 collecting=1 completed=1 failed=0
N2S6_SWEEP i=1087 solve=0 map=221 iter=2 sweep=2 logical=54 identity=14 component=16 complete=24 collecting=1 completed=1 failed=0
N2S6_SWEEP i=1088 solve=0 map=221 iter=3 sweep=3 logical=54 identity=14 component=16 complete=24 collecting=1 completed=1 failed=0
N2S6_SWEEP i=1089 solve=0 map=221 iter=4 sweep=4 logical=54 identity=14 component=16 complete=24 collecting=1 completed=1 failed=0
N2S6_SWEEP i=1090 solve=0 map=222 iter=0 sweep=0 logical=54 identity=14 component=16 complete=24 collecting=1 completed=1 failed=0
N2S6_SWEEP i=1091 solve=0 map=222 iter=1 sweep=1 logical=54 identity=14 component=16 complete=24 collecting=1 completed=1 failed=0
N2S6_SWEEP i=1092 solve=0 map=222 iter=2 sweep=2 logical=54 identity=14 component=16 complete=24 collecting=1 completed=1 failed=0
N2S6_SWEEP i=1093 solve=0 map=222 iter=3 sweep=3 logical=54 identity=14 component=16 complete=24 collecting=1 completed=1 failed=0
N2S6_SWEEP i=1094 solve=0 map=222 iter=4 sweep=4 logical=54 identity=14 component=16 complete=24 collecting=1 completed=1 failed=0
N2S6_SWEEP i=1095 solve=0 map=223 iter=0 sweep=0 logical=54 identity=14 component=16 complete=24 collecting=1 completed=1 failed=0
N2S6_SWEEP i=1096 solve=0 map=223 iter=1 sweep=1 logical=54 identity=14 component=16 complete=24 collecting=1 completed=1 failed=0
N2S6_SWEEP i=1097 solve=0 map=223 iter=2 sweep=2 logical=54 identity=14 component=16 complete=24 collecting=1 completed=1 failed=0
N2S6_SWEEP i=1098 solve=0 map=223 iter=3 sweep=3 logical=54 identity=14 component=16 complete=24 collecting=1 completed=1 failed=0
N2S6_SWEEP i=1099 solve=0 map=223 iter=4 sweep=4 logical=54 identity=14 component=16 complete=24 collecting=1 completed=1 failed=0
N2S6_SWEEP i=1100 solve=0 map=224 iter=0 sweep=0 logical=54 identity=14 component=16 complete=24 collecting=1 completed=1 failed=0
N2S6_SWEEP i=1101 solve=0 map=224 iter=1 sweep=1 logical=54 identity=14 component=16 complete=24 collecting=1 completed=1 failed=0
N2S6_SWEEP i=1102 solve=0 map=224 iter=2 sweep=2 logical=54 identity=14 component=16 complete=24 collecting=1 completed=1 failed=0
N2S6_SWEEP i=1103 solve=0 map=224 iter=3 sweep=3 logical=54 identity=14 component=16 complete=24 collecting=1 completed=1 failed=0
N2S6_SWEEP i=1104 solve=0 map=224 iter=4 sweep=4 logical=54 identity=14 component=16 complete=24 collecting=1 completed=1 failed=0
N2S6_SWEEP i=1105 solve=0 map=225 iter=0 sweep=0 logical=54 identity=14 component=16 complete=24 collecting=1 completed=1 failed=0
N2S6_SWEEP i=1106 solve=0 map=225 iter=1 sweep=1 logical=54 identity=14 component=16 complete=24 collecting=1 completed=1 failed=0
N2S6_SWEEP i=1107 solve=0 map=225 iter=2 sweep=2 logical=54 identity=14 component=16 complete=24 collecting=1 completed=1 failed=0
N2S6_SWEEP i=1108 solve=0 map=225 iter=3 sweep=3 logical=54 identity=14 component=16 complete=24 collecting=1 completed=1 failed=0
N2S6_SWEEP i=1109 solve=0 map=225 iter=4 sweep=4 logical=54 identity=14 component=16 complete=24 collecting=1 completed=1 failed=0
N2S6_SWEEP i=1110 solve=0 map=226 iter=0 sweep=0 logical=54 identity=14 component=16 complete=24 collecting=1 completed=1 failed=0
N2S6_SWEEP i=1111 solve=0 map=226 iter=1 sweep=1 logical=54 identity=14 component=16 complete=24 collecting=1 completed=1 failed=0
N2S6_SWEEP i=1112 solve=0 map=226 iter=2 sweep=2 logical=54 identity=14 component=16 complete=24 collecting=1 completed=1 failed=0
N2S6_SWEEP i=1113 solve=0 map=226 iter=3 sweep=3 logical=54 identity=14 component=16 complete=24 collecting=1 completed=1 failed=0
N2S6_SWEEP i=1114 solve=0 map=226 iter=4 sweep=4 logical=54 identity=14 component=16 complete=24 collecting=1 completed=1 failed=0
N2S6_SWEEP i=1115 solve=0 map=227 iter=0 sweep=0 logical=54 identity=14 component=16 complete=24 collecting=1 completed=1 failed=0
N2S6_SWEEP i=1116 solve=0 map=227 iter=1 sweep=1 logical=54 identity=14 component=16 complete=24 collecting=1 completed=1 failed=0
N2S6_SWEEP i=1117 solve=0 map=227 iter=2 sweep=2 logical=54 identity=14 component=16 complete=24 collecting=1 completed=1 failed=0
N2S6_SWEEP i=1118 solve=0 map=227 iter=3 sweep=3 logical=54 identity=14 component=16 complete=24 collecting=1 completed=1 failed=0
N2S6_SWEEP i=1119 solve=0 map=227 iter=4 sweep=4 logical=54 identity=14 component=16 complete=24 collecting=1 completed=1 failed=0
N2S6_SWEEP i=1120 solve=0 map=228 iter=0 sweep=0 logical=54 identity=14 component=16 complete=24 collecting=1 completed=1 failed=0
N2S6_SWEEP i=1121 solve=0 map=228 iter=1 sweep=1 logical=54 identity=14 component=16 complete=24 collecting=1 completed=1 failed=0
N2S6_SWEEP i=1122 solve=0 map=228 iter=2 sweep=2 logical=54 identity=14 component=16 complete=24 collecting=1 completed=1 failed=0
N2S6_SWEEP i=1123 solve=0 map=228 iter=3 sweep=3 logical=54 identity=14 component=16 complete=24 collecting=1 completed=1 failed=0
N2S6_SWEEP i=1124 solve=0 map=228 iter=4 sweep=4 logical=54 identity=14 component=16 complete=24 collecting=1 completed=1 failed=0
N2S6_SWEEP i=1125 solve=0 map=229 iter=0 sweep=0 logical=54 identity=14 component=16 complete=24 collecting=1 completed=1 failed=0
N2S6_SWEEP i=1126 solve=0 map=229 iter=1 sweep=1 logical=54 identity=14 component=16 complete=24 collecting=1 completed=1 failed=0
N2S6_SWEEP i=1127 solve=0 map=229 iter=2 sweep=2 logical=54 identity=14 component=16 complete=24 collecting=1 completed=1 failed=0
N2S6_SWEEP i=1128 solve=0 map=229 iter=3 sweep=3 logical=54 identity=14 component=16 complete=24 collecting=1 completed=1 failed=0
N2S6_SWEEP i=1129 solve=0 map=229 iter=4 sweep=4 logical=54 identity=14 component=16 complete=24 collecting=1 completed=1 failed=0
N2S6_SWEEP i=1130 solve=0 map=230 iter=0 sweep=0 logical=54 identity=14 component=16 complete=24 collecting=1 completed=1 failed=0
N2S6_SWEEP i=1131 solve=0 map=230 iter=1 sweep=1 logical=54 identity=14 component=16 complete=24 collecting=1 completed=1 failed=0
N2S6_SWEEP i=1132 solve=0 map=230 iter=2 sweep=2 logical=54 identity=14 component=16 complete=24 collecting=1 completed=1 failed=0
N2S6_SWEEP i=1133 solve=0 map=230 iter=3 sweep=3 logical=54 identity=14 component=16 complete=24 collecting=1 completed=1 failed=0
N2S6_SWEEP i=1134 solve=0 map=230 iter=4 sweep=4 logical=54 identity=14 component=16 complete=24 collecting=1 completed=1 failed=0
N2S6_SWEEP i=1135 solve=0 map=231 iter=0 sweep=0 logical=54 identity=14 component=16 complete=24 collecting=1 completed=1 failed=0
N2S6_SWEEP i=1136 solve=0 map=231 iter=1 sweep=1 logical=54 identity=14 component=16 complete=24 collecting=1 completed=1 failed=0
N2S6_SWEEP i=1137 solve=0 map=231 iter=2 sweep=2 logical=54 identity=14 component=16 complete=24 collecting=1 completed=1 failed=0
N2S6_SWEEP i=1138 solve=0 map=231 iter=3 sweep=3 logical=54 identity=14 component=16 complete=24 collecting=1 completed=1 failed=0
N2S6_SWEEP i=1139 solve=0 map=231 iter=4 sweep=4 logical=54 identity=14 component=16 complete=24 collecting=1 completed=1 failed=0
N2S6_SWEEP i=1140 solve=0 map=232 iter=0 sweep=0 logical=54 identity=14 component=16 complete=24 collecting=1 completed=1 failed=0
N2S6_SWEEP i=1141 solve=0 map=232 iter=1 sweep=1 logical=54 identity=14 component=16 complete=24 collecting=1 completed=1 failed=0
N2S6_SWEEP i=1142 solve=0 map=232 iter=2 sweep=2 logical=54 identity=14 component=16 complete=24 collecting=1 completed=1 failed=0
N2S6_SWEEP i=1143 solve=0 map=232 iter=3 sweep=3 logical=54 identity=14 component=16 complete=24 collecting=1 completed=1 failed=0
N2S6_SWEEP i=1144 solve=0 map=232 iter=4 sweep=4 logical=54 identity=14 component=16 complete=24 collecting=1 completed=1 failed=0
N2S6_SWEEP i=1145 solve=0 map=233 iter=0 sweep=0 logical=54 identity=14 component=16 complete=24 collecting=1 completed=1 failed=0
N2S6_SWEEP i=1146 solve=0 map=233 iter=1 sweep=1 logical=54 identity=14 component=16 complete=24 collecting=1 completed=1 failed=0
N2S6_SWEEP i=1147 solve=0 map=233 iter=2 sweep=2 logical=54 identity=14 component=16 complete=24 collecting=1 completed=1 failed=0
N2S6_SWEEP i=1148 solve=0 map=233 iter=3 sweep=3 logical=54 identity=14 component=16 complete=24 collecting=1 completed=1 failed=0
N2S6_SWEEP i=1149 solve=0 map=233 iter=4 sweep=4 logical=54 identity=14 component=16 complete=24 collecting=1 completed=1 failed=0
N2S6_SWEEP i=1150 solve=0 map=234 iter=0 sweep=0 logical=54 identity=14 component=16 complete=24 collecting=1 completed=1 failed=0
N2S6_SWEEP i=1151 solve=0 map=234 iter=1 sweep=1 logical=54 identity=14 component=16 complete=24 collecting=1 completed=1 failed=0
N2S6_SWEEP i=1152 solve=0 map=234 iter=2 sweep=2 logical=54 identity=14 component=16 complete=24 collecting=1 completed=1 failed=0
N2S6_SWEEP i=1153 solve=0 map=234 iter=3 sweep=3 logical=54 identity=14 component=16 complete=24 collecting=1 completed=1 failed=0
N2S6_SWEEP i=1154 solve=0 map=234 iter=4 sweep=4 logical=54 identity=14 component=16 complete=24 collecting=1 completed=1 failed=0
N2S6_SWEEP i=1155 solve=0 map=235 iter=0 sweep=0 logical=54 identity=14 component=16 complete=24 collecting=1 completed=1 failed=0
N2S6_SWEEP i=1156 solve=0 map=235 iter=1 sweep=1 logical=54 identity=14 component=16 complete=24 collecting=1 completed=1 failed=0
N2S6_SWEEP i=1157 solve=0 map=235 iter=2 sweep=2 logical=54 identity=14 component=16 complete=24 collecting=1 completed=1 failed=0
N2S6_SWEEP i=1158 solve=0 map=235 iter=3 sweep=3 logical=54 identity=14 component=16 complete=24 collecting=1 completed=1 failed=0
N2S6_SWEEP i=1159 solve=0 map=235 iter=4 sweep=4 logical=54 identity=14 component=16 complete=24 collecting=1 completed=1 failed=0
N2S6_SWEEP i=1160 solve=0 map=236 iter=0 sweep=0 logical=54 identity=14 component=16 complete=24 collecting=1 completed=1 failed=0
N2S6_SWEEP i=1161 solve=0 map=236 iter=1 sweep=1 logical=54 identity=14 component=16 complete=24 collecting=1 completed=1 failed=0
N2S6_SWEEP i=1162 solve=0 map=236 iter=2 sweep=2 logical=54 identity=14 component=16 complete=24 collecting=1 completed=1 failed=0
N2S6_SWEEP i=1163 solve=0 map=236 iter=3 sweep=3 logical=54 identity=14 component=16 complete=24 collecting=1 completed=1 failed=0
N2S6_SWEEP i=1164 solve=0 map=236 iter=4 sweep=4 logical=54 identity=14 component=16 complete=24 collecting=1 completed=1 failed=0
N2S6_SWEEP i=1165 solve=0 map=237 iter=0 sweep=0 logical=54 identity=14 component=16 complete=24 collecting=1 completed=1 failed=0
N2S6_SWEEP i=1166 solve=0 map=237 iter=1 sweep=1 logical=54 identity=14 component=16 complete=24 collecting=1 completed=1 failed=0
N2S6_SWEEP i=1167 solve=0 map=237 iter=2 sweep=2 logical=54 identity=14 component=16 complete=24 collecting=1 completed=1 failed=0
N2S6_SWEEP i=1168 solve=0 map=237 iter=3 sweep=3 logical=54 identity=14 component=16 complete=24 collecting=1 completed=1 failed=0
N2S6_SWEEP i=1169 solve=0 map=237 iter=4 sweep=4 logical=54 identity=14 component=16 complete=24 collecting=1 completed=1 failed=0
N2S6_SWEEP i=1170 solve=0 map=238 iter=0 sweep=0 logical=54 identity=14 component=16 complete=24 collecting=1 completed=1 failed=0
N2S6_SWEEP i=1171 solve=0 map=238 iter=1 sweep=1 logical=54 identity=14 component=16 complete=24 collecting=1 completed=1 failed=0
N2S6_SWEEP i=1172 solve=0 map=238 iter=2 sweep=2 logical=54 identity=14 component=16 complete=24 collecting=1 completed=1 failed=0
N2S6_SWEEP i=1173 solve=0 map=238 iter=3 sweep=3 logical=54 identity=14 component=16 complete=24 collecting=1 completed=1 failed=0
N2S6_SWEEP i=1174 solve=0 map=238 iter=4 sweep=4 logical=54 identity=14 component=16 complete=24 collecting=1 completed=1 failed=0
N2S6_SWEEP i=1175 solve=0 map=239 iter=0 sweep=0 logical=54 identity=14 component=16 complete=24 collecting=1 completed=1 failed=0
N2S6_SWEEP i=1176 solve=0 map=239 iter=1 sweep=1 logical=54 identity=14 component=16 complete=24 collecting=1 completed=1 failed=0
N2S6_SWEEP i=1177 solve=0 map=239 iter=2 sweep=2 logical=54 identity=14 component=16 complete=24 collecting=1 completed=1 failed=0
N2S6_SWEEP i=1178 solve=0 map=239 iter=3 sweep=3 logical=54 identity=14 component=16 complete=24 collecting=1 completed=1 failed=0
N2S6_SWEEP i=1179 solve=0 map=239 iter=4 sweep=4 logical=54 identity=14 component=16 complete=24 collecting=1 completed=1 failed=0
N2S6_SWEEP i=1180 solve=0 map=240 iter=0 sweep=0 logical=54 identity=14 component=16 complete=24 collecting=1 completed=1 failed=0
N2S6_SWEEP i=1181 solve=0 map=240 iter=1 sweep=1 logical=54 identity=14 component=16 complete=24 collecting=1 completed=1 failed=0
N2S6_SWEEP i=1182 solve=0 map=240 iter=2 sweep=2 logical=54 identity=14 component=16 complete=24 collecting=1 completed=1 failed=0
N2S6_SWEEP i=1183 solve=0 map=240 iter=3 sweep=3 logical=54 identity=14 component=16 complete=24 collecting=1 completed=1 failed=0
N2S6_SWEEP i=1184 solve=0 map=240 iter=4 sweep=4 logical=54 identity=14 component=16 complete=24 collecting=1 completed=1 failed=0
N2S6_SWEEP i=1185 solve=0 map=241 iter=0 sweep=0 logical=54 identity=14 component=16 complete=24 collecting=1 completed=1 failed=0
N2S6_SWEEP i=1186 solve=0 map=241 iter=1 sweep=1 logical=54 identity=14 component=16 complete=24 collecting=1 completed=1 failed=0
N2S6_SWEEP i=1187 solve=0 map=241 iter=2 sweep=2 logical=54 identity=14 component=16 complete=24 collecting=1 completed=1 failed=0
N2S6_SWEEP i=1188 solve=0 map=241 iter=3 sweep=3 logical=54 identity=14 component=16 complete=24 collecting=1 completed=1 failed=0
N2S6_SWEEP i=1189 solve=0 map=241 iter=4 sweep=4 logical=54 identity=14 component=16 complete=24 collecting=1 completed=1 failed=0
N2S6_SWEEP i=1190 solve=0 map=242 iter=0 sweep=0 logical=54 identity=14 component=16 complete=24 collecting=1 completed=1 failed=0
N2S6_SWEEP i=1191 solve=0 map=242 iter=1 sweep=1 logical=54 identity=14 component=16 complete=24 collecting=1 completed=1 failed=0
N2S6_SWEEP i=1192 solve=0 map=242 iter=2 sweep=2 logical=54 identity=14 component=16 complete=24 collecting=1 completed=1 failed=0
N2S6_SWEEP i=1193 solve=0 map=242 iter=3 sweep=3 logical=54 identity=14 component=16 complete=24 collecting=1 completed=1 failed=0
N2S6_SWEEP i=1194 solve=0 map=242 iter=4 sweep=4 logical=54 identity=14 component=16 complete=24 collecting=1 completed=1 failed=0
N2S6_SWEEP i=1195 solve=0 map=243 iter=0 sweep=0 logical=54 identity=14 component=16 complete=24 collecting=1 completed=1 failed=0
N2S6_SWEEP i=1196 solve=0 map=243 iter=1 sweep=1 logical=54 identity=14 component=16 complete=24 collecting=1 completed=1 failed=0
N2S6_SWEEP i=1197 solve=0 map=243 iter=2 sweep=2 logical=54 identity=14 component=16 complete=24 collecting=1 completed=1 failed=0
N2S6_SWEEP i=1198 solve=0 map=243 iter=3 sweep=3 logical=54 identity=14 component=16 complete=24 collecting=1 completed=1 failed=0
N2S6_SWEEP i=1199 solve=0 map=243 iter=4 sweep=4 logical=54 identity=14 component=16 complete=24 collecting=1 completed=1 failed=0
N2S6_SWEEP i=1200 solve=0 map=244 iter=0 sweep=0 logical=54 identity=14 component=16 complete=24 collecting=1 completed=1 failed=0
N2S6_SWEEP i=1201 solve=0 map=244 iter=1 sweep=1 logical=54 identity=14 component=16 complete=24 collecting=1 completed=1 failed=0
N2S6_SWEEP i=1202 solve=0 map=244 iter=2 sweep=2 logical=54 identity=14 component=16 complete=24 collecting=1 completed=1 failed=0
N2S6_SWEEP i=1203 solve=0 map=244 iter=3 sweep=3 logical=54 identity=14 component=16 complete=24 collecting=1 completed=1 failed=0
N2S6_SWEEP i=1204 solve=0 map=244 iter=4 sweep=4 logical=54 identity=14 component=16 complete=24 collecting=1 completed=1 failed=0
N2S6_SWEEP i=1205 solve=0 map=245 iter=0 sweep=0 logical=54 identity=14 component=16 complete=24 collecting=1 completed=1 failed=0
N2S6_SWEEP i=1206 solve=0 map=245 iter=1 sweep=1 logical=54 identity=14 component=16 complete=24 collecting=1 completed=1 failed=0
N2S6_SWEEP i=1207 solve=0 map=245 iter=2 sweep=2 logical=54 identity=14 component=16 complete=24 collecting=1 completed=1 failed=0
N2S6_SWEEP i=1208 solve=0 map=245 iter=3 sweep=3 logical=54 identity=14 component=16 complete=24 collecting=1 completed=1 failed=0
N2S6_SWEEP i=1209 solve=0 map=245 iter=4 sweep=4 logical=54 identity=14 component=16 complete=24 collecting=1 completed=1 failed=0
N2S6_SWEEP i=1210 solve=0 map=246 iter=0 sweep=0 logical=54 identity=14 component=16 complete=24 collecting=1 completed=1 failed=0
N2S6_SWEEP i=1211 solve=0 map=246 iter=1 sweep=1 logical=54 identity=14 component=16 complete=24 collecting=1 completed=1 failed=0
N2S6_SWEEP i=1212 solve=0 map=246 iter=2 sweep=2 logical=54 identity=14 component=16 complete=24 collecting=1 completed=1 failed=0
N2S6_SWEEP i=1213 solve=0 map=246 iter=3 sweep=3 logical=54 identity=14 component=16 complete=24 collecting=1 completed=1 failed=0
N2S6_SWEEP i=1214 solve=0 map=246 iter=4 sweep=4 logical=54 identity=14 component=16 complete=24 collecting=1 completed=1 failed=0
N2S6_SWEEP i=1215 solve=0 map=247 iter=0 sweep=0 logical=54 identity=14 component=16 complete=24 collecting=1 completed=1 failed=0
N2S6_SWEEP i=1216 solve=0 map=247 iter=1 sweep=1 logical=54 identity=14 component=16 complete=24 collecting=1 completed=1 failed=0
N2S6_SWEEP i=1217 solve=0 map=247 iter=2 sweep=2 logical=54 identity=14 component=16 complete=24 collecting=1 completed=1 failed=0
N2S6_SWEEP i=1218 solve=0 map=247 iter=3 sweep=3 logical=54 identity=14 component=16 complete=24 collecting=1 completed=1 failed=0
N2S6_SWEEP i=1219 solve=0 map=247 iter=4 sweep=4 logical=54 identity=14 component=16 complete=24 collecting=1 completed=1 failed=0
N2S6_SWEEP i=1220 solve=0 map=248 iter=0 sweep=0 logical=54 identity=14 component=16 complete=24 collecting=1 completed=1 failed=0
N2S6_SWEEP i=1221 solve=0 map=248 iter=1 sweep=1 logical=54 identity=14 component=16 complete=24 collecting=1 completed=1 failed=0
N2S6_SWEEP i=1222 solve=0 map=248 iter=2 sweep=2 logical=54 identity=14 component=16 complete=24 collecting=1 completed=1 failed=0
N2S6_SWEEP i=1223 solve=0 map=248 iter=3 sweep=3 logical=54 identity=14 component=16 complete=24 collecting=1 completed=1 failed=0
N2S6_SWEEP i=1224 solve=0 map=248 iter=4 sweep=4 logical=54 identity=14 component=16 complete=24 collecting=1 completed=1 failed=0
N2S6_SWEEP i=1225 solve=0 map=249 iter=0 sweep=0 logical=54 identity=14 component=16 complete=24 collecting=1 completed=1 failed=0
N2S6_SWEEP i=1226 solve=0 map=249 iter=1 sweep=1 logical=54 identity=14 component=16 complete=24 collecting=1 completed=1 failed=0
N2S6_SWEEP i=1227 solve=0 map=249 iter=2 sweep=2 logical=54 identity=14 component=16 complete=24 collecting=1 completed=1 failed=0
N2S6_SWEEP i=1228 solve=0 map=249 iter=3 sweep=3 logical=54 identity=14 component=16 complete=24 collecting=1 completed=1 failed=0
N2S6_SWEEP i=1229 solve=0 map=249 iter=4 sweep=4 logical=54 identity=14 component=16 complete=24 collecting=1 completed=1 failed=0
N2S6_SWEEP i=1230 solve=0 map=250 iter=0 sweep=0 logical=54 identity=14 component=16 complete=24 collecting=1 completed=1 failed=0
N2S6_SWEEP i=1231 solve=0 map=250 iter=1 sweep=1 logical=54 identity=14 component=16 complete=24 collecting=1 completed=1 failed=0
N2S6_SWEEP i=1232 solve=0 map=250 iter=2 sweep=2 logical=54 identity=14 component=16 complete=24 collecting=1 completed=1 failed=0
N2S6_SWEEP i=1233 solve=0 map=250 iter=3 sweep=3 logical=54 identity=14 component=16 complete=24 collecting=1 completed=1 failed=0
N2S6_SWEEP i=1234 solve=0 map=250 iter=4 sweep=4 logical=54 identity=14 component=16 complete=24 collecting=1 completed=1 failed=0
N2S6_SWEEP i=1235 solve=0 map=251 iter=0 sweep=0 logical=54 identity=14 component=16 complete=24 collecting=1 completed=1 failed=0
N2S6_SWEEP i=1236 solve=0 map=251 iter=1 sweep=1 logical=54 identity=14 component=16 complete=24 collecting=1 completed=1 failed=0
N2S6_SWEEP i=1237 solve=0 map=251 iter=2 sweep=2 logical=54 identity=14 component=16 complete=24 collecting=1 completed=1 failed=0
N2S6_SWEEP i=1238 solve=0 map=251 iter=3 sweep=3 logical=54 identity=14 component=16 complete=24 collecting=1 completed=1 failed=0
N2S6_SWEEP i=1239 solve=0 map=251 iter=4 sweep=4 logical=54 identity=14 component=16 complete=24 collecting=1 completed=1 failed=0
N2S6_SWEEP i=1240 solve=0 map=252 iter=0 sweep=0 logical=54 identity=14 component=16 complete=24 collecting=1 completed=1 failed=0
N2S6_SWEEP i=1241 solve=0 map=252 iter=1 sweep=1 logical=54 identity=14 component=16 complete=24 collecting=1 completed=1 failed=0
N2S6_SWEEP i=1242 solve=0 map=252 iter=2 sweep=2 logical=54 identity=14 component=16 complete=24 collecting=1 completed=1 failed=0
N2S6_SWEEP i=1243 solve=0 map=252 iter=3 sweep=3 logical=54 identity=14 component=16 complete=24 collecting=1 completed=1 failed=0
N2S6_SWEEP i=1244 solve=0 map=252 iter=4 sweep=4 logical=54 identity=14 component=16 complete=24 collecting=1 completed=1 failed=0
N2S6_SWEEP i=1245 solve=0 map=253 iter=0 sweep=0 logical=54 identity=14 component=16 complete=24 collecting=1 completed=1 failed=0
N2S6_SWEEP i=1246 solve=0 map=253 iter=1 sweep=1 logical=54 identity=14 component=16 complete=24 collecting=1 completed=1 failed=0
N2S6_SWEEP i=1247 solve=0 map=253 iter=2 sweep=2 logical=54 identity=14 component=16 complete=24 collecting=1 completed=1 failed=0
N2S6_SWEEP i=1248 solve=0 map=253 iter=3 sweep=3 logical=54 identity=14 component=16 complete=24 collecting=1 completed=1 failed=0
N2S6_SWEEP i=1249 solve=0 map=253 iter=4 sweep=4 logical=54 identity=14 component=16 complete=24 collecting=1 completed=1 failed=0
N2S6_SWEEP i=1250 solve=0 map=254 iter=0 sweep=0 logical=54 identity=14 component=16 complete=24 collecting=1 completed=1 failed=0
N2S6_SWEEP i=1251 solve=0 map=254 iter=1 sweep=1 logical=54 identity=14 component=16 complete=24 collecting=1 completed=1 failed=0
N2S6_SWEEP i=1252 solve=0 map=254 iter=2 sweep=2 logical=54 identity=14 component=16 complete=24 collecting=1 completed=1 failed=0
N2S6_SWEEP i=1253 solve=0 map=254 iter=3 sweep=3 logical=54 identity=14 component=16 complete=24 collecting=1 completed=1 failed=0
N2S6_SWEEP i=1254 solve=0 map=254 iter=4 sweep=4 logical=54 identity=14 component=16 complete=24 collecting=1 completed=1 failed=0
N2S6_SWEEP i=1255 solve=0 map=255 iter=0 sweep=0 logical=54 identity=14 component=16 complete=24 collecting=1 completed=1 failed=0
N2S6_SWEEP i=1256 solve=0 map=255 iter=1 sweep=1 logical=54 identity=14 component=16 complete=24 collecting=1 completed=1 failed=0
N2S6_SWEEP i=1257 solve=0 map=255 iter=2 sweep=2 logical=54 identity=14 component=16 complete=24 collecting=1 completed=1 failed=0
N2S6_SWEEP i=1258 solve=0 map=255 iter=3 sweep=3 logical=54 identity=14 component=16 complete=24 collecting=1 completed=1 failed=0
N2S6_SWEEP i=1259 solve=0 map=255 iter=4 sweep=4 logical=54 identity=14 component=16 complete=24 collecting=1 completed=1 failed=0
N2S6_SWEEP i=1260 solve=0 map=256 iter=0 sweep=0 logical=54 identity=14 component=16 complete=24 collecting=1 completed=1 failed=0
N2S6_SWEEP i=1261 solve=0 map=256 iter=1 sweep=1 logical=54 identity=14 component=16 complete=24 collecting=1 completed=1 failed=0
N2S6_SWEEP i=1262 solve=0 map=256 iter=2 sweep=2 logical=54 identity=14 component=16 complete=24 collecting=1 completed=1 failed=0
N2S6_SWEEP i=1263 solve=0 map=256 iter=3 sweep=3 logical=54 identity=14 component=16 complete=24 collecting=1 completed=1 failed=0
N2S6_SWEEP i=1264 solve=0 map=256 iter=4 sweep=4 logical=54 identity=14 component=16 complete=24 collecting=1 completed=1 failed=0
N2S6_SWEEP i=1265 solve=0 map=257 iter=0 sweep=0 logical=54 identity=14 component=16 complete=24 collecting=1 completed=1 failed=0
N2S6_SWEEP i=1266 solve=0 map=257 iter=1 sweep=1 logical=54 identity=14 component=16 complete=24 collecting=1 completed=1 failed=0
N2S6_SWEEP i=1267 solve=0 map=257 iter=2 sweep=2 logical=54 identity=14 component=16 complete=24 collecting=1 completed=1 failed=0
N2S6_SWEEP i=1268 solve=0 map=257 iter=3 sweep=3 logical=54 identity=14 component=16 complete=24 collecting=1 completed=1 failed=0
N2S6_SWEEP i=1269 solve=0 map=257 iter=4 sweep=4 logical=54 identity=14 component=16 complete=24 collecting=1 completed=1 failed=0
N2S6_SWEEP i=1270 solve=0 map=258 iter=0 sweep=0 logical=54 identity=14 component=16 complete=24 collecting=1 completed=1 failed=0
N2S6_SWEEP i=1271 solve=0 map=258 iter=1 sweep=1 logical=54 identity=14 component=16 complete=24 collecting=1 completed=1 failed=0
N2S6_SWEEP i=1272 solve=0 map=258 iter=2 sweep=2 logical=54 identity=14 component=16 complete=24 collecting=1 completed=1 failed=0
N2S6_SWEEP i=1273 solve=0 map=258 iter=3 sweep=3 logical=54 identity=14 component=16 complete=24 collecting=1 completed=1 failed=0
N2S6_SWEEP i=1274 solve=0 map=258 iter=4 sweep=4 logical=54 identity=14 component=16 complete=24 collecting=1 completed=1 failed=0
N2S6_SWEEP i=1275 solve=0 map=259 iter=0 sweep=0 logical=54 identity=14 component=16 complete=24 collecting=1 completed=1 failed=0
N2S6_SWEEP i=1276 solve=0 map=259 iter=1 sweep=1 logical=54 identity=14 component=16 complete=24 collecting=1 completed=1 failed=0
N2S6_SWEEP i=1277 solve=0 map=259 iter=2 sweep=2 logical=54 identity=14 component=16 complete=24 collecting=1 completed=1 failed=0
N2S6_SWEEP i=1278 solve=0 map=259 iter=3 sweep=3 logical=54 identity=14 component=16 complete=24 collecting=1 completed=1 failed=0
N2S6_SWEEP i=1279 solve=0 map=259 iter=4 sweep=4 logical=54 identity=14 component=16 complete=24 collecting=1 completed=1 failed=0
N2S6_SWEEP i=1280 solve=0 map=260 iter=0 sweep=0 logical=54 identity=14 component=16 complete=24 collecting=1 completed=1 failed=0
N2S6_SWEEP i=1281 solve=0 map=260 iter=1 sweep=1 logical=54 identity=14 component=16 complete=24 collecting=1 completed=1 failed=0
N2S6_SWEEP i=1282 solve=0 map=260 iter=2 sweep=2 logical=54 identity=14 component=16 complete=24 collecting=1 completed=1 failed=0
N2S6_SWEEP i=1283 solve=0 map=260 iter=3 sweep=3 logical=54 identity=14 component=16 complete=24 collecting=1 completed=1 failed=0
N2S6_SWEEP i=1284 solve=0 map=260 iter=4 sweep=4 logical=54 identity=14 component=16 complete=24 collecting=1 completed=1 failed=0
N2S6_SWEEP i=1285 solve=0 map=261 iter=0 sweep=0 logical=54 identity=14 component=16 complete=24 collecting=1 completed=1 failed=0
N2S6_SWEEP i=1286 solve=0 map=261 iter=1 sweep=1 logical=54 identity=14 component=16 complete=24 collecting=1 completed=1 failed=0
N2S6_SWEEP i=1287 solve=0 map=261 iter=2 sweep=2 logical=54 identity=14 component=16 complete=24 collecting=1 completed=1 failed=0
N2S6_SWEEP i=1288 solve=0 map=261 iter=3 sweep=3 logical=54 identity=14 component=16 complete=24 collecting=1 completed=1 failed=0
N2S6_SWEEP i=1289 solve=0 map=261 iter=4 sweep=4 logical=54 identity=14 component=16 complete=24 collecting=1 completed=1 failed=0
N2S6_SWEEP i=1290 solve=0 map=262 iter=0 sweep=0 logical=54 identity=14 component=16 complete=24 collecting=1 completed=1 failed=0
N2S6_SWEEP i=1291 solve=0 map=262 iter=1 sweep=1 logical=54 identity=14 component=16 complete=24 collecting=1 completed=1 failed=0
N2S6_SWEEP i=1292 solve=0 map=262 iter=2 sweep=2 logical=54 identity=14 component=16 complete=24 collecting=1 completed=1 failed=0
N2S6_SWEEP i=1293 solve=0 map=262 iter=3 sweep=3 logical=54 identity=14 component=16 complete=24 collecting=1 completed=1 failed=0
N2S6_SWEEP i=1294 solve=0 map=262 iter=4 sweep=4 logical=54 identity=14 component=16 complete=24 collecting=1 completed=1 failed=0
N2S6_SWEEP i=1295 solve=0 map=263 iter=0 sweep=0 logical=54 identity=14 component=16 complete=24 collecting=1 completed=1 failed=0
N2S6_SWEEP i=1296 solve=0 map=263 iter=1 sweep=1 logical=54 identity=14 component=16 complete=24 collecting=1 completed=1 failed=0
N2S6_SWEEP i=1297 solve=0 map=263 iter=2 sweep=2 logical=54 identity=14 component=16 complete=24 collecting=1 completed=1 failed=0
N2S6_SWEEP i=1298 solve=0 map=263 iter=3 sweep=3 logical=54 identity=14 component=16 complete=24 collecting=1 completed=1 failed=0
N2S6_SWEEP i=1299 solve=0 map=263 iter=4 sweep=4 logical=54 identity=14 component=16 complete=24 collecting=1 completed=1 failed=0
N2S6_SWEEP i=1300 solve=0 map=264 iter=0 sweep=0 logical=54 identity=14 component=16 complete=24 collecting=1 completed=1 failed=0
N2S6_SWEEP i=1301 solve=0 map=264 iter=1 sweep=1 logical=54 identity=14 component=16 complete=24 collecting=1 completed=1 failed=0
N2S6_SWEEP i=1302 solve=0 map=264 iter=2 sweep=2 logical=54 identity=14 component=16 complete=24 collecting=1 completed=1 failed=0
N2S6_SWEEP i=1303 solve=0 map=264 iter=3 sweep=3 logical=54 identity=14 component=16 complete=24 collecting=1 completed=1 failed=0
N2S6_SWEEP i=1304 solve=0 map=264 iter=4 sweep=4 logical=54 identity=14 component=16 complete=24 collecting=1 completed=1 failed=0
N2S6_SWEEP i=1305 solve=0 map=265 iter=0 sweep=0 logical=54 identity=14 component=16 complete=24 collecting=1 completed=1 failed=0
N2S6_SWEEP i=1306 solve=0 map=265 iter=1 sweep=1 logical=54 identity=14 component=16 complete=24 collecting=1 completed=1 failed=0
N2S6_SWEEP i=1307 solve=0 map=265 iter=2 sweep=2 logical=54 identity=14 component=16 complete=24 collecting=1 completed=1 failed=0
N2S6_SWEEP i=1308 solve=0 map=265 iter=3 sweep=3 logical=54 identity=14 component=16 complete=24 collecting=1 completed=1 failed=0
N2S6_SWEEP i=1309 solve=0 map=265 iter=4 sweep=4 logical=54 identity=14 component=16 complete=24 collecting=1 completed=1 failed=0
N2S6_SWEEP i=1310 solve=0 map=266 iter=0 sweep=0 logical=54 identity=14 component=16 complete=24 collecting=1 completed=1 failed=0
N2S6_SWEEP i=1311 solve=0 map=266 iter=1 sweep=1 logical=54 identity=14 component=16 complete=24 collecting=1 completed=1 failed=0
N2S6_SWEEP i=1312 solve=0 map=266 iter=2 sweep=2 logical=54 identity=14 component=16 complete=24 collecting=1 completed=1 failed=0
N2S6_SWEEP i=1313 solve=0 map=266 iter=3 sweep=3 logical=54 identity=14 component=16 complete=24 collecting=1 completed=1 failed=0
N2S6_SWEEP i=1314 solve=0 map=266 iter=4 sweep=4 logical=54 identity=14 component=16 complete=24 collecting=1 completed=1 failed=0
N2S6_SWEEP i=1315 solve=0 map=267 iter=0 sweep=0 logical=54 identity=14 component=16 complete=24 collecting=1 completed=1 failed=0
N2S6_SWEEP i=1316 solve=0 map=267 iter=1 sweep=1 logical=54 identity=14 component=16 complete=24 collecting=1 completed=1 failed=0
N2S6_SWEEP i=1317 solve=0 map=267 iter=2 sweep=2 logical=54 identity=14 component=16 complete=24 collecting=1 completed=1 failed=0
N2S6_SWEEP i=1318 solve=0 map=267 iter=3 sweep=3 logical=54 identity=14 component=16 complete=24 collecting=1 completed=1 failed=0
N2S6_SWEEP i=1319 solve=0 map=267 iter=4 sweep=4 logical=54 identity=14 component=16 complete=24 collecting=1 completed=1 failed=0
N2S6_SWEEP i=1320 solve=0 map=268 iter=0 sweep=0 logical=54 identity=14 component=16 complete=24 collecting=1 completed=1 failed=0
N2S6_SWEEP i=1321 solve=0 map=268 iter=1 sweep=1 logical=54 identity=14 component=16 complete=24 collecting=1 completed=1 failed=0
N2S6_SWEEP i=1322 solve=0 map=268 iter=2 sweep=2 logical=54 identity=14 component=16 complete=24 collecting=1 completed=1 failed=0
N2S6_SWEEP i=1323 solve=0 map=268 iter=3 sweep=3 logical=54 identity=14 component=16 complete=24 collecting=1 completed=1 failed=0
N2S6_SWEEP i=1324 solve=0 map=268 iter=4 sweep=4 logical=54 identity=14 component=16 complete=24 collecting=1 completed=1 failed=0
N2S6_SWEEP i=1325 solve=0 map=269 iter=0 sweep=0 logical=54 identity=14 component=16 complete=24 collecting=1 completed=1 failed=0
N2S6_SWEEP i=1326 solve=0 map=269 iter=1 sweep=1 logical=54 identity=14 component=16 complete=24 collecting=1 completed=1 failed=0
N2S6_SWEEP i=1327 solve=0 map=269 iter=2 sweep=2 logical=54 identity=14 component=16 complete=24 collecting=1 completed=1 failed=0
N2S6_SWEEP i=1328 solve=0 map=269 iter=3 sweep=3 logical=54 identity=14 component=16 complete=24 collecting=1 completed=1 failed=0
N2S6_SWEEP i=1329 solve=0 map=269 iter=4 sweep=4 logical=54 identity=14 component=16 complete=24 collecting=1 completed=1 failed=0
N2S6_SWEEP i=1330 solve=0 map=270 iter=0 sweep=0 logical=54 identity=14 component=16 complete=24 collecting=1 completed=1 failed=0
N2S6_SWEEP i=1331 solve=0 map=270 iter=1 sweep=1 logical=54 identity=14 component=16 complete=24 collecting=1 completed=1 failed=0
N2S6_SWEEP i=1332 solve=0 map=270 iter=2 sweep=2 logical=54 identity=14 component=16 complete=24 collecting=1 completed=1 failed=0
N2S6_SWEEP i=1333 solve=0 map=270 iter=3 sweep=3 logical=54 identity=14 component=16 complete=24 collecting=1 completed=1 failed=0
N2S6_SWEEP i=1334 solve=0 map=270 iter=4 sweep=4 logical=54 identity=14 component=16 complete=24 collecting=1 completed=1 failed=0
N2S6_SWEEP i=1335 solve=0 map=271 iter=0 sweep=0 logical=54 identity=14 component=16 complete=24 collecting=1 completed=1 failed=0
N2S6_SWEEP i=1336 solve=0 map=271 iter=1 sweep=1 logical=54 identity=14 component=16 complete=24 collecting=1 completed=1 failed=0
N2S6_SWEEP i=1337 solve=0 map=271 iter=2 sweep=2 logical=54 identity=14 component=16 complete=24 collecting=1 completed=1 failed=0
N2S6_SWEEP i=1338 solve=0 map=271 iter=3 sweep=3 logical=54 identity=14 component=16 complete=24 collecting=1 completed=1 failed=0
N2S6_SWEEP i=1339 solve=0 map=271 iter=4 sweep=4 logical=54 identity=14 component=16 complete=24 collecting=1 completed=1 failed=0
N2S6_SWEEP i=1340 solve=0 map=272 iter=0 sweep=0 logical=54 identity=14 component=16 complete=24 collecting=1 completed=1 failed=0
N2S6_SWEEP i=1341 solve=0 map=272 iter=1 sweep=1 logical=54 identity=14 component=16 complete=24 collecting=1 completed=1 failed=0
N2S6_SWEEP i=1342 solve=0 map=272 iter=2 sweep=2 logical=54 identity=14 component=16 complete=24 collecting=1 completed=1 failed=0
N2S6_SWEEP i=1343 solve=0 map=272 iter=3 sweep=3 logical=54 identity=14 component=16 complete=24 collecting=1 completed=1 failed=0
N2S6_SWEEP i=1344 solve=0 map=272 iter=4 sweep=4 logical=54 identity=14 component=16 complete=24 collecting=1 completed=1 failed=0
N2S6_SWEEP i=1345 solve=0 map=273 iter=0 sweep=0 logical=54 identity=14 component=16 complete=24 collecting=1 completed=1 failed=0
N2S6_SWEEP i=1346 solve=0 map=273 iter=1 sweep=1 logical=54 identity=14 component=16 complete=24 collecting=1 completed=1 failed=0
N2S6_SWEEP i=1347 solve=0 map=273 iter=2 sweep=2 logical=54 identity=14 component=16 complete=24 collecting=1 completed=1 failed=0
N2S6_SWEEP i=1348 solve=0 map=273 iter=3 sweep=3 logical=54 identity=14 component=16 complete=24 collecting=1 completed=1 failed=0
N2S6_SWEEP i=1349 solve=0 map=273 iter=4 sweep=4 logical=54 identity=14 component=16 complete=24 collecting=1 completed=1 failed=0
N2S6_SWEEP i=1350 solve=0 map=274 iter=0 sweep=0 logical=54 identity=14 component=16 complete=24 collecting=1 completed=1 failed=0
N2S6_SWEEP i=1351 solve=0 map=274 iter=1 sweep=1 logical=54 identity=14 component=16 complete=24 collecting=1 completed=1 failed=0
N2S6_SWEEP i=1352 solve=0 map=274 iter=2 sweep=2 logical=54 identity=14 component=16 complete=24 collecting=1 completed=1 failed=0
N2S6_SWEEP i=1353 solve=0 map=274 iter=3 sweep=3 logical=54 identity=14 component=16 complete=24 collecting=1 completed=1 failed=0
N2S6_SWEEP i=1354 solve=0 map=274 iter=4 sweep=4 logical=54 identity=14 component=16 complete=24 collecting=1 completed=1 failed=0
N2S6_SWEEP i=1355 solve=0 map=275 iter=0 sweep=0 logical=54 identity=14 component=16 complete=24 collecting=1 completed=1 failed=0
N2S6_SWEEP i=1356 solve=0 map=275 iter=1 sweep=1 logical=54 identity=14 component=16 complete=24 collecting=1 completed=1 failed=0
N2S6_SWEEP i=1357 solve=0 map=275 iter=2 sweep=2 logical=54 identity=14 component=16 complete=24 collecting=1 completed=1 failed=0
N2S6_SWEEP i=1358 solve=0 map=275 iter=3 sweep=3 logical=54 identity=14 component=16 complete=24 collecting=1 completed=1 failed=0
N2S6_SWEEP i=1359 solve=0 map=275 iter=4 sweep=4 logical=54 identity=14 component=16 complete=24 collecting=1 completed=1 failed=0
N2S6_SWEEP i=1360 solve=0 map=276 iter=0 sweep=0 logical=54 identity=14 component=16 complete=24 collecting=1 completed=1 failed=0
N2S6_SWEEP i=1361 solve=0 map=276 iter=1 sweep=1 logical=54 identity=14 component=16 complete=24 collecting=1 completed=1 failed=0
N2S6_SWEEP i=1362 solve=0 map=276 iter=2 sweep=2 logical=54 identity=14 component=16 complete=24 collecting=1 completed=1 failed=0
N2S6_SWEEP i=1363 solve=0 map=276 iter=3 sweep=3 logical=54 identity=14 component=16 complete=24 collecting=1 completed=1 failed=0
N2S6_SWEEP i=1364 solve=0 map=276 iter=4 sweep=4 logical=54 identity=14 component=16 complete=24 collecting=1 completed=1 failed=0
N2S6_SWEEP i=1365 solve=0 map=277 iter=0 sweep=0 logical=54 identity=14 component=16 complete=24 collecting=1 completed=1 failed=0
N2S6_SWEEP i=1366 solve=0 map=277 iter=1 sweep=1 logical=54 identity=14 component=16 complete=24 collecting=1 completed=1 failed=0
N2S6_SWEEP i=1367 solve=0 map=277 iter=2 sweep=2 logical=54 identity=14 component=16 complete=24 collecting=1 completed=1 failed=0
N2S6_SWEEP i=1368 solve=0 map=277 iter=3 sweep=3 logical=54 identity=14 component=16 complete=24 collecting=1 completed=1 failed=0
N2S6_SWEEP i=1369 solve=0 map=277 iter=4 sweep=4 logical=54 identity=14 component=16 complete=24 collecting=1 completed=1 failed=0
N2S6_SWEEP i=1370 solve=0 map=278 iter=0 sweep=0 logical=54 identity=14 component=16 complete=24 collecting=1 completed=1 failed=0
N2S6_SWEEP i=1371 solve=0 map=278 iter=1 sweep=1 logical=54 identity=14 component=16 complete=24 collecting=1 completed=1 failed=0
N2S6_SWEEP i=1372 solve=0 map=278 iter=2 sweep=2 logical=54 identity=14 component=16 complete=24 collecting=1 completed=1 failed=0
N2S6_SWEEP i=1373 solve=0 map=278 iter=3 sweep=3 logical=54 identity=14 component=16 complete=24 collecting=1 completed=1 failed=0
N2S6_SWEEP i=1374 solve=0 map=278 iter=4 sweep=4 logical=54 identity=14 component=16 complete=24 collecting=1 completed=1 failed=0
N2S6_SWEEP i=1375 solve=0 map=279 iter=0 sweep=0 logical=54 identity=14 component=16 complete=24 collecting=1 completed=1 failed=0
N2S6_SWEEP i=1376 solve=0 map=279 iter=1 sweep=1 logical=54 identity=14 component=16 complete=24 collecting=1 completed=1 failed=0
N2S6_SWEEP i=1377 solve=0 map=279 iter=2 sweep=2 logical=54 identity=14 component=16 complete=24 collecting=1 completed=1 failed=0
N2S6_SWEEP i=1378 solve=0 map=279 iter=3 sweep=3 logical=54 identity=14 component=16 complete=24 collecting=1 completed=1 failed=0
N2S6_SWEEP i=1379 solve=0 map=279 iter=4 sweep=4 logical=54 identity=14 component=16 complete=24 collecting=1 completed=1 failed=0
N2S6_SWEEP i=1380 solve=0 map=280 iter=0 sweep=0 logical=54 identity=14 component=16 complete=24 collecting=1 completed=1 failed=0
N2S6_SWEEP i=1381 solve=0 map=280 iter=1 sweep=1 logical=54 identity=14 component=16 complete=24 collecting=1 completed=1 failed=0
N2S6_SWEEP i=1382 solve=0 map=280 iter=2 sweep=2 logical=54 identity=14 component=16 complete=24 collecting=1 completed=1 failed=0
N2S6_SWEEP i=1383 solve=0 map=280 iter=3 sweep=3 logical=54 identity=14 component=16 complete=24 collecting=1 completed=1 failed=0
N2S6_SWEEP i=1384 solve=0 map=280 iter=4 sweep=4 logical=54 identity=14 component=16 complete=24 collecting=1 completed=1 failed=0
N2S6_SWEEP i=1385 solve=0 map=281 iter=0 sweep=0 logical=54 identity=14 component=16 complete=24 collecting=1 completed=1 failed=0
N2S6_SWEEP i=1386 solve=0 map=281 iter=1 sweep=1 logical=54 identity=14 component=16 complete=24 collecting=1 completed=1 failed=0
N2S6_SWEEP i=1387 solve=0 map=281 iter=2 sweep=2 logical=54 identity=14 component=16 complete=24 collecting=1 completed=1 failed=0
N2S6_SWEEP i=1388 solve=0 map=281 iter=3 sweep=3 logical=54 identity=14 component=16 complete=24 collecting=1 completed=1 failed=0
N2S6_SWEEP i=1389 solve=0 map=281 iter=4 sweep=4 logical=54 identity=14 component=16 complete=24 collecting=1 completed=1 failed=0
N2S6_SWEEP i=1390 solve=0 map=282 iter=0 sweep=0 logical=54 identity=14 component=16 complete=24 collecting=1 completed=1 failed=0
N2S6_SWEEP i=1391 solve=0 map=282 iter=1 sweep=1 logical=54 identity=14 component=16 complete=24 collecting=1 completed=1 failed=0
N2S6_SWEEP i=1392 solve=0 map=282 iter=2 sweep=2 logical=54 identity=14 component=16 complete=24 collecting=1 completed=1 failed=0
N2S6_SWEEP i=1393 solve=0 map=282 iter=3 sweep=3 logical=54 identity=14 component=16 complete=24 collecting=1 completed=1 failed=0
N2S6_SWEEP i=1394 solve=0 map=282 iter=4 sweep=4 logical=54 identity=14 component=16 complete=24 collecting=1 completed=1 failed=0
N2S6_SWEEP i=1395 solve=0 map=283 iter=0 sweep=0 logical=54 identity=14 component=16 complete=24 collecting=1 completed=1 failed=0
N2S6_SWEEP i=1396 solve=0 map=283 iter=1 sweep=1 logical=54 identity=14 component=16 complete=24 collecting=1 completed=1 failed=0
N2S6_SWEEP i=1397 solve=0 map=283 iter=2 sweep=2 logical=54 identity=14 component=16 complete=24 collecting=1 completed=1 failed=0
N2S6_SWEEP i=1398 solve=0 map=283 iter=3 sweep=3 logical=54 identity=14 component=16 complete=24 collecting=1 completed=1 failed=0
N2S6_SWEEP i=1399 solve=0 map=283 iter=4 sweep=4 logical=54 identity=14 component=16 complete=24 collecting=1 completed=1 failed=0
N2S6_SWEEP i=1400 solve=0 map=284 iter=0 sweep=0 logical=54 identity=14 component=16 complete=24 collecting=1 completed=1 failed=0
N2S6_SWEEP i=1401 solve=0 map=284 iter=1 sweep=1 logical=54 identity=14 component=16 complete=24 collecting=1 completed=1 failed=0
N2S6_SWEEP i=1402 solve=0 map=284 iter=2 sweep=2 logical=54 identity=14 component=16 complete=24 collecting=1 completed=1 failed=0
N2S6_SWEEP i=1403 solve=0 map=284 iter=3 sweep=3 logical=54 identity=14 component=16 complete=24 collecting=1 completed=1 failed=0
N2S6_SWEEP i=1404 solve=0 map=284 iter=4 sweep=4 logical=54 identity=14 component=16 complete=24 collecting=1 completed=1 failed=0
N2S6_SWEEP i=1405 solve=0 map=285 iter=0 sweep=0 logical=54 identity=14 component=16 complete=24 collecting=1 completed=1 failed=0
N2S6_SWEEP i=1406 solve=0 map=285 iter=1 sweep=1 logical=54 identity=14 component=16 complete=24 collecting=1 completed=1 failed=0
N2S6_SWEEP i=1407 solve=0 map=285 iter=2 sweep=2 logical=54 identity=14 component=16 complete=24 collecting=1 completed=1 failed=0
N2S6_SWEEP i=1408 solve=0 map=285 iter=3 sweep=3 logical=54 identity=14 component=16 complete=24 collecting=1 completed=1 failed=0
N2S6_SWEEP i=1409 solve=0 map=285 iter=4 sweep=4 logical=54 identity=14 component=16 complete=24 collecting=1 completed=1 failed=0
N2S6_SWEEP i=1410 solve=0 map=286 iter=0 sweep=0 logical=54 identity=14 component=16 complete=24 collecting=1 completed=1 failed=0
N2S6_SWEEP i=1411 solve=0 map=286 iter=1 sweep=1 logical=54 identity=14 component=16 complete=24 collecting=1 completed=1 failed=0
N2S6_SWEEP i=1412 solve=0 map=286 iter=2 sweep=2 logical=54 identity=14 component=16 complete=24 collecting=1 completed=1 failed=0
N2S6_SWEEP i=1413 solve=0 map=286 iter=3 sweep=3 logical=54 identity=14 component=16 complete=24 collecting=1 completed=1 failed=0
N2S6_SWEEP i=1414 solve=0 map=286 iter=4 sweep=4 logical=54 identity=14 component=16 complete=24 collecting=1 completed=1 failed=0
N2S6_SWEEP i=1415 solve=0 map=287 iter=0 sweep=0 logical=54 identity=14 component=16 complete=24 collecting=1 completed=1 failed=0
N2S6_SWEEP i=1416 solve=0 map=287 iter=1 sweep=1 logical=54 identity=14 component=16 complete=24 collecting=1 completed=1 failed=0
N2S6_SWEEP i=1417 solve=0 map=287 iter=2 sweep=2 logical=54 identity=14 component=16 complete=24 collecting=1 completed=1 failed=0
N2S6_SWEEP i=1418 solve=0 map=287 iter=3 sweep=3 logical=54 identity=14 component=16 complete=24 collecting=1 completed=1 failed=0
N2S6_SWEEP i=1419 solve=0 map=287 iter=4 sweep=4 logical=54 identity=14 component=16 complete=24 collecting=1 completed=1 failed=0
N2S6_SWEEP i=1420 solve=0 map=288 iter=0 sweep=0 logical=54 identity=14 component=16 complete=24 collecting=1 completed=1 failed=0
N2S6_SWEEP i=1421 solve=0 map=288 iter=1 sweep=1 logical=54 identity=14 component=16 complete=24 collecting=1 completed=1 failed=0
N2S6_SWEEP i=1422 solve=0 map=288 iter=2 sweep=2 logical=54 identity=14 component=16 complete=24 collecting=1 completed=1 failed=0
N2S6_SWEEP i=1423 solve=0 map=288 iter=3 sweep=3 logical=54 identity=14 component=16 complete=24 collecting=1 completed=1 failed=0
N2S6_SWEEP i=1424 solve=0 map=288 iter=4 sweep=4 logical=54 identity=14 component=16 complete=24 collecting=1 completed=1 failed=0
N2S6_SWEEP i=1425 solve=0 map=289 iter=0 sweep=0 logical=54 identity=14 component=16 complete=24 collecting=1 completed=1 failed=0
N2S6_SWEEP i=1426 solve=0 map=289 iter=1 sweep=1 logical=54 identity=14 component=16 complete=24 collecting=1 completed=1 failed=0
N2S6_SWEEP i=1427 solve=0 map=289 iter=2 sweep=2 logical=54 identity=14 component=16 complete=24 collecting=1 completed=1 failed=0
N2S6_SWEEP i=1428 solve=0 map=289 iter=3 sweep=3 logical=54 identity=14 component=16 complete=24 collecting=1 completed=1 failed=0
N2S6_SWEEP i=1429 solve=0 map=289 iter=4 sweep=4 logical=54 identity=14 component=16 complete=24 collecting=1 completed=1 failed=0
N2S6_SWEEP i=1430 solve=0 map=290 iter=0 sweep=0 logical=54 identity=14 component=16 complete=24 collecting=1 completed=1 failed=0
N2S6_SWEEP i=1431 solve=0 map=290 iter=1 sweep=1 logical=54 identity=14 component=16 complete=24 collecting=1 completed=1 failed=0
N2S6_SWEEP i=1432 solve=0 map=290 iter=2 sweep=2 logical=54 identity=14 component=16 complete=24 collecting=1 completed=1 failed=0
N2S6_SWEEP i=1433 solve=0 map=290 iter=3 sweep=3 logical=54 identity=14 component=16 complete=24 collecting=1 completed=1 failed=0
N2S6_SWEEP i=1434 solve=0 map=290 iter=4 sweep=4 logical=54 identity=14 component=16 complete=24 collecting=1 completed=1 failed=0
N2S6_SWEEP i=1435 solve=0 map=291 iter=0 sweep=0 logical=54 identity=14 component=16 complete=24 collecting=1 completed=1 failed=0
N2S6_SWEEP i=1436 solve=0 map=291 iter=1 sweep=1 logical=54 identity=14 component=16 complete=24 collecting=1 completed=1 failed=0
N2S6_SWEEP i=1437 solve=0 map=291 iter=2 sweep=2 logical=54 identity=14 component=16 complete=24 collecting=1 completed=1 failed=0
N2S6_SWEEP i=1438 solve=0 map=291 iter=3 sweep=3 logical=54 identity=14 component=16 complete=24 collecting=1 completed=1 failed=0
N2S6_SWEEP i=1439 solve=0 map=291 iter=4 sweep=4 logical=54 identity=14 component=16 complete=24 collecting=1 completed=1 failed=0
N2S6_SWEEP i=1440 solve=0 map=292 iter=0 sweep=0 logical=54 identity=14 component=16 complete=24 collecting=1 completed=1 failed=0
N2S6_SWEEP i=1441 solve=0 map=292 iter=1 sweep=1 logical=54 identity=14 component=16 complete=24 collecting=1 completed=1 failed=0
N2S6_SWEEP i=1442 solve=0 map=292 iter=2 sweep=2 logical=54 identity=14 component=16 complete=24 collecting=1 completed=1 failed=0
N2S6_SWEEP i=1443 solve=0 map=292 iter=3 sweep=3 logical=54 identity=14 component=16 complete=24 collecting=1 completed=1 failed=0
N2S6_SWEEP i=1444 solve=0 map=292 iter=4 sweep=4 logical=54 identity=14 component=16 complete=24 collecting=1 completed=1 failed=0
N2S6_SWEEP i=1445 solve=0 map=293 iter=0 sweep=0 logical=54 identity=14 component=16 complete=24 collecting=1 completed=1 failed=0
N2S6_SWEEP i=1446 solve=0 map=293 iter=1 sweep=1 logical=54 identity=14 component=16 complete=24 collecting=1 completed=1 failed=0
N2S6_SWEEP i=1447 solve=0 map=293 iter=2 sweep=2 logical=54 identity=14 component=16 complete=24 collecting=1 completed=1 failed=0
N2S6_SWEEP i=1448 solve=0 map=293 iter=3 sweep=3 logical=54 identity=14 component=16 complete=24 collecting=1 completed=1 failed=0
N2S6_SWEEP i=1449 solve=0 map=293 iter=4 sweep=4 logical=54 identity=14 component=16 complete=24 collecting=1 completed=1 failed=0
N2S6_SWEEP i=1450 solve=0 map=294 iter=0 sweep=0 logical=54 identity=14 component=16 complete=24 collecting=1 completed=1 failed=0
N2S6_SWEEP i=1451 solve=0 map=294 iter=1 sweep=1 logical=54 identity=14 component=16 complete=24 collecting=1 completed=1 failed=0
N2S6_SWEEP i=1452 solve=0 map=294 iter=2 sweep=2 logical=54 identity=14 component=16 complete=24 collecting=1 completed=1 failed=0
N2S6_SWEEP i=1453 solve=0 map=294 iter=3 sweep=3 logical=54 identity=14 component=16 complete=24 collecting=1 completed=1 failed=0
N2S6_SWEEP i=1454 solve=0 map=294 iter=4 sweep=4 logical=54 identity=14 component=16 complete=24 collecting=1 completed=1 failed=0
N2S6_SWEEP i=1455 solve=0 map=295 iter=0 sweep=0 logical=54 identity=14 component=16 complete=24 collecting=1 completed=1 failed=0
N2S6_SWEEP i=1456 solve=0 map=295 iter=1 sweep=1 logical=54 identity=14 component=16 complete=24 collecting=1 completed=1 failed=0
N2S6_SWEEP i=1457 solve=0 map=295 iter=2 sweep=2 logical=54 identity=14 component=16 complete=24 collecting=1 completed=1 failed=0
N2S6_SWEEP i=1458 solve=0 map=295 iter=3 sweep=3 logical=54 identity=14 component=16 complete=24 collecting=1 completed=1 failed=0
N2S6_SWEEP i=1459 solve=0 map=295 iter=4 sweep=4 logical=54 identity=14 component=16 complete=24 collecting=1 completed=1 failed=0
N2S6_SWEEP i=1460 solve=0 map=296 iter=0 sweep=0 logical=54 identity=14 component=16 complete=24 collecting=1 completed=1 failed=0
N2S6_SWEEP i=1461 solve=0 map=296 iter=1 sweep=1 logical=54 identity=14 component=16 complete=24 collecting=1 completed=1 failed=0
N2S6_SWEEP i=1462 solve=0 map=296 iter=2 sweep=2 logical=54 identity=14 component=16 complete=24 collecting=1 completed=1 failed=0
N2S6_SWEEP i=1463 solve=0 map=296 iter=3 sweep=3 logical=54 identity=14 component=16 complete=24 collecting=1 completed=1 failed=0
N2S6_SWEEP i=1464 solve=0 map=296 iter=4 sweep=4 logical=54 identity=14 component=16 complete=24 collecting=1 completed=1 failed=0
N2S6_SWEEP i=1465 solve=0 map=297 iter=0 sweep=0 logical=54 identity=14 component=16 complete=24 collecting=1 completed=1 failed=0
N2S6_SWEEP i=1466 solve=0 map=297 iter=1 sweep=1 logical=54 identity=14 component=16 complete=24 collecting=1 completed=1 failed=0
N2S6_SWEEP i=1467 solve=0 map=297 iter=2 sweep=2 logical=54 identity=14 component=16 complete=24 collecting=1 completed=1 failed=0
N2S6_SWEEP i=1468 solve=0 map=297 iter=3 sweep=3 logical=54 identity=14 component=16 complete=24 collecting=1 completed=1 failed=0
N2S6_SWEEP i=1469 solve=0 map=297 iter=4 sweep=4 logical=54 identity=14 component=16 complete=24 collecting=1 completed=1 failed=0
N2S6_SWEEP i=1470 solve=0 map=298 iter=0 sweep=0 logical=54 identity=14 component=16 complete=24 collecting=1 completed=1 failed=0
N2S6_SWEEP i=1471 solve=0 map=298 iter=1 sweep=1 logical=54 identity=14 component=16 complete=24 collecting=1 completed=1 failed=0
N2S6_SWEEP i=1472 solve=0 map=298 iter=2 sweep=2 logical=54 identity=14 component=16 complete=24 collecting=1 completed=1 failed=0
N2S6_SWEEP i=1473 solve=0 map=298 iter=3 sweep=3 logical=54 identity=14 component=16 complete=24 collecting=1 completed=1 failed=0
N2S6_SWEEP i=1474 solve=0 map=298 iter=4 sweep=4 logical=54 identity=14 component=16 complete=24 collecting=1 completed=1 failed=0
N2S6_SWEEP i=1475 solve=0 map=299 iter=0 sweep=0 logical=54 identity=14 component=16 complete=24 collecting=1 completed=1 failed=0
N2S6_SWEEP i=1476 solve=0 map=299 iter=1 sweep=1 logical=54 identity=14 component=16 complete=24 collecting=1 completed=1 failed=0
N2S6_SWEEP i=1477 solve=0 map=299 iter=2 sweep=2 logical=54 identity=14 component=16 complete=24 collecting=1 completed=1 failed=0
N2S6_SWEEP i=1478 solve=0 map=299 iter=3 sweep=3 logical=54 identity=14 component=16 complete=24 collecting=1 completed=1 failed=0
N2S6_SWEEP i=1479 solve=0 map=299 iter=4 sweep=4 logical=54 identity=14 component=16 complete=24 collecting=1 completed=1 failed=0
N2S6_SWEEP i=1480 solve=0 map=300 iter=0 sweep=0 logical=54 identity=14 component=16 complete=24 collecting=1 completed=1 failed=0
N2S6_SWEEP i=1481 solve=0 map=300 iter=1 sweep=1 logical=54 identity=14 component=16 complete=24 collecting=1 completed=1 failed=0
N2S6_SWEEP i=1482 solve=0 map=300 iter=2 sweep=2 logical=54 identity=14 component=16 complete=24 collecting=1 completed=1 failed=0
N2S6_SWEEP i=1483 solve=0 map=300 iter=3 sweep=3 logical=54 identity=14 component=16 complete=24 collecting=1 completed=1 failed=0
N2S6_SWEEP i=1484 solve=0 map=300 iter=4 sweep=4 logical=54 identity=14 component=16 complete=24 collecting=1 completed=1 failed=0
N2S6_SWEEP i=1485 solve=0 map=301 iter=0 sweep=0 logical=54 identity=14 component=16 complete=24 collecting=1 completed=1 failed=0
N2S6_SWEEP i=1486 solve=0 map=301 iter=1 sweep=1 logical=54 identity=14 component=16 complete=24 collecting=1 completed=1 failed=0
N2S6_SWEEP i=1487 solve=0 map=301 iter=2 sweep=2 logical=54 identity=14 component=16 complete=24 collecting=1 completed=1 failed=0
N2S6_SWEEP i=1488 solve=0 map=301 iter=3 sweep=3 logical=54 identity=14 component=16 complete=24 collecting=1 completed=1 failed=0
N2S6_SWEEP i=1489 solve=0 map=301 iter=4 sweep=4 logical=54 identity=14 component=16 complete=24 collecting=1 completed=1 failed=0
N2S6_SWEEP i=1490 solve=0 map=302 iter=0 sweep=0 logical=54 identity=14 component=16 complete=24 collecting=1 completed=1 failed=0
N2S6_SWEEP i=1491 solve=0 map=302 iter=1 sweep=1 logical=54 identity=14 component=16 complete=24 collecting=1 completed=1 failed=0
N2S6_SWEEP i=1492 solve=0 map=302 iter=2 sweep=2 logical=54 identity=14 component=16 complete=24 collecting=1 completed=1 failed=0
N2S6_SWEEP i=1493 solve=0 map=302 iter=3 sweep=3 logical=54 identity=14 component=16 complete=24 collecting=1 completed=1 failed=0
N2S6_SWEEP i=1494 solve=0 map=302 iter=4 sweep=4 logical=54 identity=14 component=16 complete=24 collecting=1 completed=1 failed=0
N2S6_SWEEP i=1495 solve=0 map=303 iter=0 sweep=0 logical=54 identity=14 component=16 complete=24 collecting=1 completed=1 failed=0
N2S6_SWEEP i=1496 solve=0 map=303 iter=1 sweep=1 logical=54 identity=14 component=16 complete=24 collecting=1 completed=1 failed=0
N2S6_SWEEP i=1497 solve=0 map=303 iter=2 sweep=2 logical=54 identity=14 component=16 complete=24 collecting=1 completed=1 failed=0
N2S6_SWEEP i=1498 solve=0 map=303 iter=3 sweep=3 logical=54 identity=14 component=16 complete=24 collecting=1 completed=1 failed=0
N2S6_SWEEP i=1499 solve=0 map=303 iter=4 sweep=4 logical=54 identity=14 component=16 complete=24 collecting=1 completed=1 failed=0
N2S6_SWEEP i=1500 solve=0 map=306 iter=0 sweep=0 logical=54 identity=14 component=16 complete=24 collecting=1 completed=1 failed=0
N2S6_SWEEP i=1501 solve=0 map=306 iter=1 sweep=1 logical=54 identity=14 component=16 complete=24 collecting=1 completed=1 failed=0
N2S6_SWEEP i=1502 solve=0 map=306 iter=2 sweep=2 logical=54 identity=14 component=16 complete=24 collecting=1 completed=1 failed=0
N2S6_SWEEP i=1503 solve=0 map=306 iter=3 sweep=3 logical=54 identity=14 component=16 complete=24 collecting=1 completed=1 failed=0
N2S6_SWEEP i=1504 solve=0 map=306 iter=4 sweep=4 logical=54 identity=14 component=16 complete=24 collecting=1 completed=1 failed=0
N2S6_SWEEP i=1505 solve=0 map=307 iter=0 sweep=0 logical=54 identity=14 component=16 complete=24 collecting=1 completed=1 failed=0
N2S6_SWEEP i=1506 solve=0 map=307 iter=1 sweep=1 logical=54 identity=14 component=16 complete=24 collecting=1 completed=1 failed=0
N2S6_SWEEP i=1507 solve=0 map=307 iter=2 sweep=2 logical=54 identity=14 component=16 complete=24 collecting=1 completed=1 failed=0
N2S6_SWEEP i=1508 solve=0 map=307 iter=3 sweep=3 logical=54 identity=14 component=16 complete=24 collecting=1 completed=1 failed=0
N2S6_SWEEP i=1509 solve=0 map=307 iter=4 sweep=4 logical=54 identity=14 component=16 complete=24 collecting=1 completed=1 failed=0
N2S6_SWEEP i=1510 solve=0 map=308 iter=0 sweep=0 logical=54 identity=14 component=16 complete=24 collecting=1 completed=1 failed=0
N2S6_SWEEP i=1511 solve=0 map=308 iter=1 sweep=1 logical=54 identity=14 component=16 complete=24 collecting=1 completed=1 failed=0
N2S6_SWEEP i=1512 solve=0 map=308 iter=2 sweep=2 logical=54 identity=14 component=16 complete=24 collecting=1 completed=1 failed=0
N2S6_SWEEP i=1513 solve=0 map=308 iter=3 sweep=3 logical=54 identity=14 component=16 complete=24 collecting=1 completed=1 failed=0
N2S6_SWEEP i=1514 solve=0 map=308 iter=4 sweep=4 logical=54 identity=14 component=16 complete=24 collecting=1 completed=1 failed=0
N2S6_SWEEP i=1515 solve=0 map=309 iter=0 sweep=0 logical=54 identity=14 component=16 complete=24 collecting=1 completed=1 failed=0
N2S6_SWEEP i=1516 solve=0 map=309 iter=1 sweep=1 logical=54 identity=14 component=16 complete=24 collecting=1 completed=1 failed=0
N2S6_SWEEP i=1517 solve=0 map=309 iter=2 sweep=2 logical=54 identity=14 component=16 complete=24 collecting=1 completed=1 failed=0
N2S6_SWEEP i=1518 solve=0 map=309 iter=3 sweep=3 logical=54 identity=14 component=16 complete=24 collecting=1 completed=1 failed=0
N2S6_SWEEP i=1519 solve=0 map=309 iter=4 sweep=4 logical=54 identity=14 component=16 complete=24 collecting=1 completed=1 failed=0
N2S6_SWEEP i=1520 solve=0 map=310 iter=0 sweep=0 logical=54 identity=14 component=16 complete=24 collecting=1 completed=1 failed=0
N2S6_SWEEP i=1521 solve=0 map=310 iter=1 sweep=1 logical=54 identity=14 component=16 complete=24 collecting=1 completed=1 failed=0
N2S6_SWEEP i=1522 solve=0 map=310 iter=2 sweep=2 logical=54 identity=14 component=16 complete=24 collecting=1 completed=1 failed=0
N2S6_SWEEP i=1523 solve=0 map=310 iter=3 sweep=3 logical=54 identity=14 component=16 complete=24 collecting=1 completed=1 failed=0
N2S6_SWEEP i=1524 solve=0 map=310 iter=4 sweep=4 logical=54 identity=14 component=16 complete=24 collecting=1 completed=1 failed=0
N2S6_SWEEP i=1525 solve=0 map=311 iter=0 sweep=0 logical=54 identity=14 component=16 complete=24 collecting=1 completed=1 failed=0
N2S6_SWEEP i=1526 solve=0 map=311 iter=1 sweep=1 logical=54 identity=14 component=16 complete=24 collecting=1 completed=1 failed=0
N2S6_SWEEP i=1527 solve=0 map=311 iter=2 sweep=2 logical=54 identity=14 component=16 complete=24 collecting=1 completed=1 failed=0
N2S6_SWEEP i=1528 solve=0 map=311 iter=3 sweep=3 logical=54 identity=14 component=16 complete=24 collecting=1 completed=1 failed=0
N2S6_SWEEP i=1529 solve=0 map=311 iter=4 sweep=4 logical=54 identity=14 component=16 complete=24 collecting=1 completed=1 failed=0
N2S6_SWEEP i=1530 solve=0 map=312 iter=0 sweep=0 logical=54 identity=14 component=16 complete=24 collecting=1 completed=1 failed=0
N2S6_SWEEP i=1531 solve=0 map=312 iter=1 sweep=1 logical=54 identity=14 component=16 complete=24 collecting=1 completed=1 failed=0
N2S6_SWEEP i=1532 solve=0 map=312 iter=2 sweep=2 logical=54 identity=14 component=16 complete=24 collecting=1 completed=1 failed=0
N2S6_SWEEP i=1533 solve=0 map=312 iter=3 sweep=3 logical=54 identity=14 component=16 complete=24 collecting=1 completed=1 failed=0
N2S6_SWEEP i=1534 solve=0 map=312 iter=4 sweep=4 logical=54 identity=14 component=16 complete=24 collecting=1 completed=1 failed=0
N2S6_SWEEP i=1535 solve=0 map=313 iter=0 sweep=0 logical=54 identity=14 component=16 complete=24 collecting=1 completed=1 failed=0
N2S6_SWEEP i=1536 solve=0 map=313 iter=1 sweep=1 logical=54 identity=14 component=16 complete=24 collecting=1 completed=1 failed=0
N2S6_SWEEP i=1537 solve=0 map=313 iter=2 sweep=2 logical=54 identity=14 component=16 complete=24 collecting=1 completed=1 failed=0
N2S6_SWEEP i=1538 solve=0 map=313 iter=3 sweep=3 logical=54 identity=14 component=16 complete=24 collecting=1 completed=1 failed=0
N2S6_SWEEP i=1539 solve=0 map=313 iter=4 sweep=4 logical=54 identity=14 component=16 complete=24 collecting=1 completed=1 failed=0
N2S6_SWEEP i=1540 solve=0 map=314 iter=0 sweep=0 logical=54 identity=14 component=16 complete=24 collecting=1 completed=1 failed=0
N2S6_SWEEP i=1541 solve=0 map=314 iter=1 sweep=1 logical=54 identity=14 component=16 complete=24 collecting=1 completed=1 failed=0
N2S6_SWEEP i=1542 solve=0 map=314 iter=2 sweep=2 logical=54 identity=14 component=16 complete=24 collecting=1 completed=1 failed=0
N2S6_SWEEP i=1543 solve=0 map=314 iter=3 sweep=3 logical=54 identity=14 component=16 complete=24 collecting=1 completed=1 failed=0
N2S6_SWEEP i=1544 solve=0 map=314 iter=4 sweep=4 logical=54 identity=14 component=16 complete=24 collecting=1 completed=1 failed=0
N2S6_SWEEP i=1545 solve=0 map=315 iter=0 sweep=0 logical=54 identity=14 component=16 complete=24 collecting=1 completed=1 failed=0
N2S6_SWEEP i=1546 solve=0 map=315 iter=1 sweep=1 logical=54 identity=14 component=16 complete=24 collecting=1 completed=1 failed=0
N2S6_SWEEP i=1547 solve=0 map=315 iter=2 sweep=2 logical=54 identity=14 component=16 complete=24 collecting=1 completed=1 failed=0
N2S6_SWEEP i=1548 solve=0 map=315 iter=3 sweep=3 logical=54 identity=14 component=16 complete=24 collecting=1 completed=1 failed=0
N2S6_SWEEP i=1549 solve=0 map=315 iter=4 sweep=4 logical=54 identity=14 component=16 complete=24 collecting=1 completed=1 failed=0
N2S6_SWEEP i=1550 solve=0 map=316 iter=0 sweep=0 logical=54 identity=14 component=16 complete=24 collecting=1 completed=1 failed=0
N2S6_SWEEP i=1551 solve=0 map=316 iter=1 sweep=1 logical=54 identity=14 component=16 complete=24 collecting=1 completed=1 failed=0
N2S6_SWEEP i=1552 solve=0 map=316 iter=2 sweep=2 logical=54 identity=14 component=16 complete=24 collecting=1 completed=1 failed=0
N2S6_SWEEP i=1553 solve=0 map=316 iter=3 sweep=3 logical=54 identity=14 component=16 complete=24 collecting=1 completed=1 failed=0
N2S6_SWEEP i=1554 solve=0 map=316 iter=4 sweep=4 logical=54 identity=14 component=16 complete=24 collecting=1 completed=1 failed=0
N2S6_SWEEP i=1555 solve=0 map=317 iter=0 sweep=0 logical=54 identity=14 component=16 complete=24 collecting=1 completed=1 failed=0
N2S6_SWEEP i=1556 solve=0 map=317 iter=1 sweep=1 logical=54 identity=14 component=16 complete=24 collecting=1 completed=1 failed=0
N2S6_SWEEP i=1557 solve=0 map=317 iter=2 sweep=2 logical=54 identity=14 component=16 complete=24 collecting=1 completed=1 failed=0
N2S6_SWEEP i=1558 solve=0 map=317 iter=3 sweep=3 logical=54 identity=14 component=16 complete=24 collecting=1 completed=1 failed=0
N2S6_SWEEP i=1559 solve=0 map=317 iter=4 sweep=4 logical=54 identity=14 component=16 complete=24 collecting=1 completed=1 failed=0
N2S6_SWEEP i=1560 solve=0 map=318 iter=0 sweep=0 logical=54 identity=14 component=16 complete=24 collecting=1 completed=1 failed=0
N2S6_SWEEP i=1561 solve=0 map=318 iter=1 sweep=1 logical=54 identity=14 component=16 complete=24 collecting=1 completed=1 failed=0
N2S6_SWEEP i=1562 solve=0 map=318 iter=2 sweep=2 logical=54 identity=14 component=16 complete=24 collecting=1 completed=1 failed=0
N2S6_SWEEP i=1563 solve=0 map=318 iter=3 sweep=3 logical=54 identity=14 component=16 complete=24 collecting=1 completed=1 failed=0
N2S6_SWEEP i=1564 solve=0 map=318 iter=4 sweep=4 logical=54 identity=14 component=16 complete=24 collecting=1 completed=1 failed=0
N2S6_SWEEP i=1565 solve=0 map=319 iter=0 sweep=0 logical=54 identity=14 component=16 complete=24 collecting=1 completed=1 failed=0
N2S6_SWEEP i=1566 solve=0 map=319 iter=1 sweep=1 logical=54 identity=14 component=16 complete=24 collecting=1 completed=1 failed=0
N2S6_SWEEP i=1567 solve=0 map=319 iter=2 sweep=2 logical=54 identity=14 component=16 complete=24 collecting=1 completed=1 failed=0
N2S6_SWEEP i=1568 solve=0 map=319 iter=3 sweep=3 logical=54 identity=14 component=16 complete=24 collecting=1 completed=1 failed=0
N2S6_SWEEP i=1569 solve=0 map=319 iter=4 sweep=4 logical=54 identity=14 component=16 complete=24 collecting=1 completed=1 failed=0
N2S6_SWEEP i=1570 solve=0 map=320 iter=0 sweep=0 logical=54 identity=14 component=16 complete=24 collecting=1 completed=1 failed=0
N2S6_SWEEP i=1571 solve=0 map=320 iter=1 sweep=1 logical=54 identity=14 component=16 complete=24 collecting=1 completed=1 failed=0
N2S6_SWEEP i=1572 solve=0 map=320 iter=2 sweep=2 logical=54 identity=14 component=16 complete=24 collecting=1 completed=1 failed=0
N2S6_SWEEP i=1573 solve=0 map=320 iter=3 sweep=3 logical=54 identity=14 component=16 complete=24 collecting=1 completed=1 failed=0
N2S6_SWEEP i=1574 solve=0 map=320 iter=4 sweep=4 logical=54 identity=14 component=16 complete=24 collecting=1 completed=1 failed=0
N2S6_SWEEP i=1575 solve=0 map=321 iter=0 sweep=0 logical=54 identity=14 component=16 complete=24 collecting=1 completed=1 failed=0
N2S6_SWEEP i=1576 solve=0 map=321 iter=1 sweep=1 logical=54 identity=14 component=16 complete=24 collecting=1 completed=1 failed=0
N2S6_SWEEP i=1577 solve=0 map=321 iter=2 sweep=2 logical=54 identity=14 component=16 complete=24 collecting=1 completed=1 failed=0
N2S6_SWEEP i=1578 solve=0 map=321 iter=3 sweep=3 logical=54 identity=14 component=16 complete=24 collecting=1 completed=1 failed=0
N2S6_SWEEP i=1579 solve=0 map=321 iter=4 sweep=4 logical=54 identity=14 component=16 complete=24 collecting=1 completed=1 failed=0
N2S6_SWEEP i=1580 solve=0 map=322 iter=0 sweep=0 logical=54 identity=14 component=16 complete=24 collecting=1 completed=1 failed=0
N2S6_SWEEP i=1581 solve=0 map=322 iter=1 sweep=1 logical=54 identity=14 component=16 complete=24 collecting=1 completed=1 failed=0
N2S6_SWEEP i=1582 solve=0 map=322 iter=2 sweep=2 logical=54 identity=14 component=16 complete=24 collecting=1 completed=1 failed=0
N2S6_SWEEP i=1583 solve=0 map=322 iter=3 sweep=3 logical=54 identity=14 component=16 complete=24 collecting=1 completed=1 failed=0
N2S6_SWEEP i=1584 solve=0 map=322 iter=4 sweep=4 logical=54 identity=14 component=16 complete=24 collecting=1 completed=1 failed=0
N2S6_SWEEP i=1585 solve=0 map=323 iter=0 sweep=0 logical=54 identity=14 component=16 complete=24 collecting=1 completed=1 failed=0
N2S6_SWEEP i=1586 solve=0 map=323 iter=1 sweep=1 logical=54 identity=14 component=16 complete=24 collecting=1 completed=1 failed=0
N2S6_SWEEP i=1587 solve=0 map=323 iter=2 sweep=2 logical=54 identity=14 component=16 complete=24 collecting=1 completed=1 failed=0
N2S6_SWEEP i=1588 solve=0 map=323 iter=3 sweep=3 logical=54 identity=14 component=16 complete=24 collecting=1 completed=1 failed=0
N2S6_SWEEP i=1589 solve=0 map=323 iter=4 sweep=4 logical=54 identity=14 component=16 complete=24 collecting=1 completed=1 failed=0
N2S6_SWEEP i=1590 solve=0 map=324 iter=0 sweep=0 logical=54 identity=14 component=16 complete=24 collecting=1 completed=1 failed=0
N2S6_SWEEP i=1591 solve=0 map=324 iter=1 sweep=1 logical=54 identity=14 component=16 complete=24 collecting=1 completed=1 failed=0
N2S6_SWEEP i=1592 solve=0 map=324 iter=2 sweep=2 logical=54 identity=14 component=16 complete=24 collecting=1 completed=1 failed=0
N2S6_SWEEP i=1593 solve=0 map=324 iter=3 sweep=3 logical=54 identity=14 component=16 complete=24 collecting=1 completed=1 failed=0
N2S6_SWEEP i=1594 solve=0 map=324 iter=4 sweep=4 logical=54 identity=14 component=16 complete=24 collecting=1 completed=1 failed=0
N2S6_SWEEP i=1595 solve=0 map=325 iter=0 sweep=0 logical=54 identity=14 component=16 complete=24 collecting=1 completed=1 failed=0
N2S6_SWEEP i=1596 solve=0 map=325 iter=1 sweep=1 logical=54 identity=14 component=16 complete=24 collecting=1 completed=1 failed=0
N2S6_SWEEP i=1597 solve=0 map=325 iter=2 sweep=2 logical=54 identity=14 component=16 complete=24 collecting=1 completed=1 failed=0
N2S6_SWEEP i=1598 solve=0 map=325 iter=3 sweep=3 logical=54 identity=14 component=16 complete=24 collecting=1 completed=1 failed=0
N2S6_SWEEP i=1599 solve=0 map=325 iter=4 sweep=4 logical=54 identity=14 component=16 complete=24 collecting=1 completed=1 failed=0
N2S6_SWEEP i=1600 solve=0 map=326 iter=0 sweep=0 logical=54 identity=14 component=16 complete=24 collecting=1 completed=1 failed=0
N2S6_SWEEP i=1601 solve=0 map=326 iter=1 sweep=1 logical=54 identity=14 component=16 complete=24 collecting=1 completed=1 failed=0
N2S6_SWEEP i=1602 solve=0 map=326 iter=2 sweep=2 logical=54 identity=14 component=16 complete=24 collecting=1 completed=1 failed=0
N2S6_SWEEP i=1603 solve=0 map=326 iter=3 sweep=3 logical=54 identity=14 component=16 complete=24 collecting=1 completed=1 failed=0
N2S6_SWEEP i=1604 solve=0 map=326 iter=4 sweep=4 logical=54 identity=14 component=16 complete=24 collecting=1 completed=1 failed=0
N2S6_SWEEP i=1605 solve=0 map=327 iter=0 sweep=0 logical=54 identity=14 component=16 complete=24 collecting=1 completed=1 failed=0
N2S6_SWEEP i=1606 solve=0 map=327 iter=1 sweep=1 logical=54 identity=14 component=16 complete=24 collecting=1 completed=1 failed=0
N2S6_SWEEP i=1607 solve=0 map=327 iter=2 sweep=2 logical=54 identity=14 component=16 complete=24 collecting=1 completed=1 failed=0
N2S6_SWEEP i=1608 solve=0 map=327 iter=3 sweep=3 logical=54 identity=14 component=16 complete=24 collecting=1 completed=1 failed=0
N2S6_SWEEP i=1609 solve=0 map=327 iter=4 sweep=4 logical=54 identity=14 component=16 complete=24 collecting=1 completed=1 failed=0
N2S6_SWEEP i=1610 solve=0 map=328 iter=0 sweep=0 logical=54 identity=14 component=16 complete=24 collecting=1 completed=1 failed=0
N2S6_SWEEP i=1611 solve=0 map=328 iter=1 sweep=1 logical=54 identity=14 component=16 complete=24 collecting=1 completed=1 failed=0
N2S6_SWEEP i=1612 solve=0 map=328 iter=2 sweep=2 logical=54 identity=14 component=16 complete=24 collecting=1 completed=1 failed=0
N2S6_SWEEP i=1613 solve=0 map=328 iter=3 sweep=3 logical=54 identity=14 component=16 complete=24 collecting=1 completed=1 failed=0
N2S6_SWEEP i=1614 solve=0 map=328 iter=4 sweep=4 logical=54 identity=14 component=16 complete=24 collecting=1 completed=1 failed=0
N2S6_SWEEP i=1615 solve=0 map=329 iter=0 sweep=0 logical=54 identity=14 component=16 complete=24 collecting=1 completed=1 failed=0
N2S6_SWEEP i=1616 solve=0 map=329 iter=1 sweep=1 logical=54 identity=14 component=16 complete=24 collecting=1 completed=1 failed=0
N2S6_SWEEP i=1617 solve=0 map=329 iter=2 sweep=2 logical=54 identity=14 component=16 complete=24 collecting=1 completed=1 failed=0
N2S6_SWEEP i=1618 solve=0 map=329 iter=3 sweep=3 logical=54 identity=14 component=16 complete=24 collecting=1 completed=1 failed=0
N2S6_SWEEP i=1619 solve=0 map=329 iter=4 sweep=4 logical=54 identity=14 component=16 complete=24 collecting=1 completed=1 failed=0
N2S6_SWEEP i=1620 solve=0 map=330 iter=0 sweep=0 logical=54 identity=14 component=16 complete=24 collecting=1 completed=1 failed=0
N2S6_SWEEP i=1621 solve=0 map=330 iter=1 sweep=1 logical=54 identity=14 component=16 complete=24 collecting=1 completed=1 failed=0
N2S6_SWEEP i=1622 solve=0 map=330 iter=2 sweep=2 logical=54 identity=14 component=16 complete=24 collecting=1 completed=1 failed=0
N2S6_SWEEP i=1623 solve=0 map=330 iter=3 sweep=3 logical=54 identity=14 component=16 complete=24 collecting=1 completed=1 failed=0
N2S6_SWEEP i=1624 solve=0 map=330 iter=4 sweep=4 logical=54 identity=14 component=16 complete=24 collecting=1 completed=1 failed=0
N2S6_SWEEP i=1625 solve=0 map=331 iter=0 sweep=0 logical=54 identity=14 component=16 complete=24 collecting=1 completed=1 failed=0
N2S6_SWEEP i=1626 solve=0 map=331 iter=1 sweep=1 logical=54 identity=14 component=16 complete=24 collecting=1 completed=1 failed=0
N2S6_SWEEP i=1627 solve=0 map=331 iter=2 sweep=2 logical=54 identity=14 component=16 complete=24 collecting=1 completed=1 failed=0
N2S6_SWEEP i=1628 solve=0 map=331 iter=3 sweep=3 logical=54 identity=14 component=16 complete=24 collecting=1 completed=1 failed=0
N2S6_SWEEP i=1629 solve=0 map=331 iter=4 sweep=4 logical=54 identity=14 component=16 complete=24 collecting=1 completed=1 failed=0
N2S6_SWEEP i=1630 solve=0 map=332 iter=0 sweep=0 logical=54 identity=14 component=16 complete=24 collecting=1 completed=1 failed=0
N2S6_SWEEP i=1631 solve=0 map=332 iter=1 sweep=1 logical=54 identity=14 component=16 complete=24 collecting=1 completed=1 failed=0
N2S6_SWEEP i=1632 solve=0 map=332 iter=2 sweep=2 logical=54 identity=14 component=16 complete=24 collecting=1 completed=1 failed=0
N2S6_SWEEP i=1633 solve=0 map=332 iter=3 sweep=3 logical=54 identity=14 component=16 complete=24 collecting=1 completed=1 failed=0
N2S6_SWEEP i=1634 solve=0 map=332 iter=4 sweep=4 logical=54 identity=14 component=16 complete=24 collecting=1 completed=1 failed=0
N2S6_SWEEP i=1635 solve=0 map=333 iter=0 sweep=0 logical=54 identity=14 component=16 complete=24 collecting=1 completed=1 failed=0
N2S6_SWEEP i=1636 solve=0 map=333 iter=1 sweep=1 logical=54 identity=14 component=16 complete=24 collecting=1 completed=1 failed=0
N2S6_SWEEP i=1637 solve=0 map=333 iter=2 sweep=2 logical=54 identity=14 component=16 complete=24 collecting=1 completed=1 failed=0
N2S6_SWEEP i=1638 solve=0 map=333 iter=3 sweep=3 logical=54 identity=14 component=16 complete=24 collecting=1 completed=1 failed=0
N2S6_SWEEP i=1639 solve=0 map=333 iter=4 sweep=4 logical=54 identity=14 component=16 complete=24 collecting=1 completed=1 failed=0
N2S6_SWEEP i=1640 solve=0 map=334 iter=0 sweep=0 logical=54 identity=14 component=16 complete=24 collecting=1 completed=1 failed=0
N2S6_SWEEP i=1641 solve=0 map=334 iter=1 sweep=1 logical=54 identity=14 component=16 complete=24 collecting=1 completed=1 failed=0
N2S6_SWEEP i=1642 solve=0 map=334 iter=2 sweep=2 logical=54 identity=14 component=16 complete=24 collecting=1 completed=1 failed=0
N2S6_SWEEP i=1643 solve=0 map=334 iter=3 sweep=3 logical=54 identity=14 component=16 complete=24 collecting=1 completed=1 failed=0
N2S6_SWEEP i=1644 solve=0 map=334 iter=4 sweep=4 logical=54 identity=14 component=16 complete=24 collecting=1 completed=1 failed=0
N2S6_SWEEP i=1645 solve=0 map=335 iter=0 sweep=0 logical=54 identity=14 component=16 complete=24 collecting=1 completed=1 failed=0
N2S6_SWEEP i=1646 solve=0 map=335 iter=1 sweep=1 logical=54 identity=14 component=16 complete=24 collecting=1 completed=1 failed=0
N2S6_SWEEP i=1647 solve=0 map=335 iter=2 sweep=2 logical=54 identity=14 component=16 complete=24 collecting=1 completed=1 failed=0
N2S6_SWEEP i=1648 solve=0 map=335 iter=3 sweep=3 logical=54 identity=14 component=16 complete=24 collecting=1 completed=1 failed=0
N2S6_SWEEP i=1649 solve=0 map=335 iter=4 sweep=4 logical=54 identity=14 component=16 complete=24 collecting=1 completed=1 failed=0
N2S6_SWEEP i=1650 solve=0 map=336 iter=0 sweep=0 logical=54 identity=14 component=16 complete=24 collecting=1 completed=1 failed=0
N2S6_SWEEP i=1651 solve=0 map=336 iter=1 sweep=1 logical=54 identity=14 component=16 complete=24 collecting=1 completed=1 failed=0
N2S6_SWEEP i=1652 solve=0 map=336 iter=2 sweep=2 logical=54 identity=14 component=16 complete=24 collecting=1 completed=1 failed=0
N2S6_SWEEP i=1653 solve=0 map=336 iter=3 sweep=3 logical=54 identity=14 component=16 complete=24 collecting=1 completed=1 failed=0
N2S6_SWEEP i=1654 solve=0 map=336 iter=4 sweep=4 logical=54 identity=14 component=16 complete=24 collecting=1 completed=1 failed=0
N2S6_SWEEP i=1655 solve=0 map=337 iter=0 sweep=0 logical=54 identity=14 component=16 complete=24 collecting=1 completed=1 failed=0
N2S6_SWEEP i=1656 solve=0 map=337 iter=1 sweep=1 logical=54 identity=14 component=16 complete=24 collecting=1 completed=1 failed=0
N2S6_SWEEP i=1657 solve=0 map=337 iter=2 sweep=2 logical=54 identity=14 component=16 complete=24 collecting=1 completed=1 failed=0
N2S6_SWEEP i=1658 solve=0 map=337 iter=3 sweep=3 logical=54 identity=14 component=16 complete=24 collecting=1 completed=1 failed=0
N2S6_SWEEP i=1659 solve=0 map=337 iter=4 sweep=4 logical=54 identity=14 component=16 complete=24 collecting=1 completed=1 failed=0
N2S6_SWEEP i=1660 solve=0 map=338 iter=0 sweep=0 logical=54 identity=14 component=16 complete=24 collecting=1 completed=1 failed=0
N2S6_SWEEP i=1661 solve=0 map=338 iter=1 sweep=1 logical=54 identity=14 component=16 complete=24 collecting=1 completed=1 failed=0
N2S6_SWEEP i=1662 solve=0 map=338 iter=2 sweep=2 logical=54 identity=14 component=16 complete=24 collecting=1 completed=1 failed=0
N2S6_SWEEP i=1663 solve=0 map=338 iter=3 sweep=3 logical=54 identity=14 component=16 complete=24 collecting=1 completed=1 failed=0
N2S6_SWEEP i=1664 solve=0 map=338 iter=4 sweep=4 logical=54 identity=14 component=16 complete=24 collecting=1 completed=1 failed=0
N2S6_SWEEP i=1665 solve=0 map=339 iter=0 sweep=0 logical=54 identity=14 component=16 complete=24 collecting=1 completed=1 failed=0
N2S6_SWEEP i=1666 solve=0 map=339 iter=1 sweep=1 logical=54 identity=14 component=16 complete=24 collecting=1 completed=1 failed=0
N2S6_SWEEP i=1667 solve=0 map=339 iter=2 sweep=2 logical=54 identity=14 component=16 complete=24 collecting=1 completed=1 failed=0
N2S6_SWEEP i=1668 solve=0 map=339 iter=3 sweep=3 logical=54 identity=14 component=16 complete=24 collecting=1 completed=1 failed=0
N2S6_SWEEP i=1669 solve=0 map=339 iter=4 sweep=4 logical=54 identity=14 component=16 complete=24 collecting=1 completed=1 failed=0
N2S6_SWEEP i=1670 solve=0 map=340 iter=0 sweep=0 logical=54 identity=14 component=16 complete=24 collecting=1 completed=1 failed=0
N2S6_SWEEP i=1671 solve=0 map=340 iter=1 sweep=1 logical=54 identity=14 component=16 complete=24 collecting=1 completed=1 failed=0
N2S6_SWEEP i=1672 solve=0 map=340 iter=2 sweep=2 logical=54 identity=14 component=16 complete=24 collecting=1 completed=1 failed=0
N2S6_SWEEP i=1673 solve=0 map=340 iter=3 sweep=3 logical=54 identity=14 component=16 complete=24 collecting=1 completed=1 failed=0
N2S6_SWEEP i=1674 solve=0 map=340 iter=4 sweep=4 logical=54 identity=14 component=16 complete=24 collecting=1 completed=1 failed=0
N2S6_SWEEP i=1675 solve=0 map=341 iter=0 sweep=0 logical=54 identity=14 component=16 complete=24 collecting=1 completed=1 failed=0
N2S6_SWEEP i=1676 solve=0 map=341 iter=1 sweep=1 logical=54 identity=14 component=16 complete=24 collecting=1 completed=1 failed=0
N2S6_SWEEP i=1677 solve=0 map=341 iter=2 sweep=2 logical=54 identity=14 component=16 complete=24 collecting=1 completed=1 failed=0
N2S6_SWEEP i=1678 solve=0 map=341 iter=3 sweep=3 logical=54 identity=14 component=16 complete=24 collecting=1 completed=1 failed=0
N2S6_SWEEP i=1679 solve=0 map=341 iter=4 sweep=4 logical=54 identity=14 component=16 complete=24 collecting=1 completed=1 failed=0
N2S6_SWEEP i=1680 solve=0 map=342 iter=0 sweep=0 logical=54 identity=14 component=16 complete=24 collecting=1 completed=1 failed=0
N2S6_SWEEP i=1681 solve=0 map=342 iter=1 sweep=1 logical=54 identity=14 component=16 complete=24 collecting=1 completed=1 failed=0
N2S6_SWEEP i=1682 solve=0 map=342 iter=2 sweep=2 logical=54 identity=14 component=16 complete=24 collecting=1 completed=1 failed=0
N2S6_SWEEP i=1683 solve=0 map=342 iter=3 sweep=3 logical=54 identity=14 component=16 complete=24 collecting=1 completed=1 failed=0
N2S6_SWEEP i=1684 solve=0 map=342 iter=4 sweep=4 logical=54 identity=14 component=16 complete=24 collecting=1 completed=1 failed=0
N2S6_SWEEP i=1685 solve=0 map=343 iter=0 sweep=0 logical=54 identity=14 component=16 complete=24 collecting=1 completed=1 failed=0
N2S6_SWEEP i=1686 solve=0 map=343 iter=1 sweep=1 logical=54 identity=14 component=16 complete=24 collecting=1 completed=1 failed=0
N2S6_SWEEP i=1687 solve=0 map=343 iter=2 sweep=2 logical=54 identity=14 component=16 complete=24 collecting=1 completed=1 failed=0
N2S6_SWEEP i=1688 solve=0 map=343 iter=3 sweep=3 logical=54 identity=14 component=16 complete=24 collecting=1 completed=1 failed=0
N2S6_SWEEP i=1689 solve=0 map=343 iter=4 sweep=4 logical=54 identity=14 component=16 complete=24 collecting=1 completed=1 failed=0
N2S6_SWEEP i=1690 solve=0 map=344 iter=0 sweep=0 logical=54 identity=14 component=16 complete=24 collecting=1 completed=1 failed=0
N2S6_SWEEP i=1691 solve=0 map=344 iter=1 sweep=1 logical=54 identity=14 component=16 complete=24 collecting=1 completed=1 failed=0
N2S6_SWEEP i=1692 solve=0 map=344 iter=2 sweep=2 logical=54 identity=14 component=16 complete=24 collecting=1 completed=1 failed=0
N2S6_SWEEP i=1693 solve=0 map=344 iter=3 sweep=3 logical=54 identity=14 component=16 complete=24 collecting=1 completed=1 failed=0
N2S6_SWEEP i=1694 solve=0 map=344 iter=4 sweep=4 logical=54 identity=14 component=16 complete=24 collecting=1 completed=1 failed=0
N2S6_SWEEP i=1695 solve=0 map=345 iter=0 sweep=0 logical=54 identity=14 component=16 complete=24 collecting=1 completed=1 failed=0
N2S6_SWEEP i=1696 solve=0 map=345 iter=1 sweep=1 logical=54 identity=14 component=16 complete=24 collecting=1 completed=1 failed=0
N2S6_SWEEP i=1697 solve=0 map=345 iter=2 sweep=2 logical=54 identity=14 component=16 complete=24 collecting=1 completed=1 failed=0
N2S6_SWEEP i=1698 solve=0 map=345 iter=3 sweep=3 logical=54 identity=14 component=16 complete=24 collecting=1 completed=1 failed=0
N2S6_SWEEP i=1699 solve=0 map=345 iter=4 sweep=4 logical=54 identity=14 component=16 complete=24 collecting=1 completed=1 failed=0
N2S6_SWEEP i=1700 solve=0 map=346 iter=0 sweep=0 logical=54 identity=14 component=16 complete=24 collecting=1 completed=1 failed=0
N2S6_SWEEP i=1701 solve=0 map=346 iter=1 sweep=1 logical=54 identity=14 component=16 complete=24 collecting=1 completed=1 failed=0
N2S6_SWEEP i=1702 solve=0 map=346 iter=2 sweep=2 logical=54 identity=14 component=16 complete=24 collecting=1 completed=1 failed=0
N2S6_SWEEP i=1703 solve=0 map=346 iter=3 sweep=3 logical=54 identity=14 component=16 complete=24 collecting=1 completed=1 failed=0
N2S6_SWEEP i=1704 solve=0 map=346 iter=4 sweep=4 logical=54 identity=14 component=16 complete=24 collecting=1 completed=1 failed=0
N2S6_SWEEP i=1705 solve=0 map=347 iter=0 sweep=0 logical=54 identity=14 component=16 complete=24 collecting=1 completed=1 failed=0
N2S6_SWEEP i=1706 solve=0 map=347 iter=1 sweep=1 logical=54 identity=14 component=16 complete=24 collecting=1 completed=1 failed=0
N2S6_SWEEP i=1707 solve=0 map=347 iter=2 sweep=2 logical=54 identity=14 component=16 complete=24 collecting=1 completed=1 failed=0
N2S6_SWEEP i=1708 solve=0 map=347 iter=3 sweep=3 logical=54 identity=14 component=16 complete=24 collecting=1 completed=1 failed=0
N2S6_SWEEP i=1709 solve=0 map=347 iter=4 sweep=4 logical=54 identity=14 component=16 complete=24 collecting=1 completed=1 failed=0
N2S6_SWEEP i=1710 solve=0 map=348 iter=0 sweep=0 logical=54 identity=14 component=16 complete=24 collecting=1 completed=1 failed=0
N2S6_SWEEP i=1711 solve=0 map=348 iter=1 sweep=1 logical=54 identity=14 component=16 complete=24 collecting=1 completed=1 failed=0
N2S6_SWEEP i=1712 solve=0 map=348 iter=2 sweep=2 logical=54 identity=14 component=16 complete=24 collecting=1 completed=1 failed=0
N2S6_SWEEP i=1713 solve=0 map=348 iter=3 sweep=3 logical=54 identity=14 component=16 complete=24 collecting=1 completed=1 failed=0
N2S6_SWEEP i=1714 solve=0 map=348 iter=4 sweep=4 logical=54 identity=14 component=16 complete=24 collecting=1 completed=1 failed=0
N2S6_SWEEP i=1715 solve=0 map=349 iter=0 sweep=0 logical=54 identity=14 component=16 complete=24 collecting=1 completed=1 failed=0
N2S6_SWEEP i=1716 solve=0 map=349 iter=1 sweep=1 logical=54 identity=14 component=16 complete=24 collecting=1 completed=1 failed=0
N2S6_SWEEP i=1717 solve=0 map=349 iter=2 sweep=2 logical=54 identity=14 component=16 complete=24 collecting=1 completed=1 failed=0
N2S6_SWEEP i=1718 solve=0 map=349 iter=3 sweep=3 logical=54 identity=14 component=16 complete=24 collecting=1 completed=1 failed=0
N2S6_SWEEP i=1719 solve=0 map=349 iter=4 sweep=4 logical=54 identity=14 component=16 complete=24 collecting=1 completed=1 failed=0
N2S6_SWEEP i=1720 solve=0 map=350 iter=0 sweep=0 logical=54 identity=14 component=16 complete=24 collecting=1 completed=1 failed=0
N2S6_SWEEP i=1721 solve=0 map=350 iter=1 sweep=1 logical=54 identity=14 component=16 complete=24 collecting=1 completed=1 failed=0
N2S6_SWEEP i=1722 solve=0 map=350 iter=2 sweep=2 logical=54 identity=14 component=16 complete=24 collecting=1 completed=1 failed=0
N2S6_SWEEP i=1723 solve=0 map=350 iter=3 sweep=3 logical=54 identity=14 component=16 complete=24 collecting=1 completed=1 failed=0
N2S6_SWEEP i=1724 solve=0 map=350 iter=4 sweep=4 logical=54 identity=14 component=16 complete=24 collecting=1 completed=1 failed=0
N2S6_SWEEP i=1725 solve=0 map=351 iter=0 sweep=0 logical=54 identity=14 component=16 complete=24 collecting=1 completed=1 failed=0
N2S6_SWEEP i=1726 solve=0 map=351 iter=1 sweep=1 logical=54 identity=14 component=16 complete=24 collecting=1 completed=1 failed=0
N2S6_SWEEP i=1727 solve=0 map=351 iter=2 sweep=2 logical=54 identity=14 component=16 complete=24 collecting=1 completed=1 failed=0
N2S6_SWEEP i=1728 solve=0 map=351 iter=3 sweep=3 logical=54 identity=14 component=16 complete=24 collecting=1 completed=1 failed=0
N2S6_SWEEP i=1729 solve=0 map=351 iter=4 sweep=4 logical=54 identity=14 component=16 complete=24 collecting=1 completed=1 failed=0
N2S6_SWEEP i=1730 solve=0 map=352 iter=0 sweep=0 logical=54 identity=14 component=16 complete=24 collecting=1 completed=1 failed=0
N2S6_SWEEP i=1731 solve=0 map=352 iter=1 sweep=1 logical=54 identity=14 component=16 complete=24 collecting=1 completed=1 failed=0
N2S6_SWEEP i=1732 solve=0 map=352 iter=2 sweep=2 logical=54 identity=14 component=16 complete=24 collecting=1 completed=1 failed=0
N2S6_SWEEP i=1733 solve=0 map=352 iter=3 sweep=3 logical=54 identity=14 component=16 complete=24 collecting=1 completed=1 failed=0
N2S6_SWEEP i=1734 solve=0 map=352 iter=4 sweep=4 logical=54 identity=14 component=16 complete=24 collecting=1 completed=1 failed=0
N2S6_SWEEP i=1735 solve=0 map=353 iter=0 sweep=0 logical=54 identity=14 component=16 complete=24 collecting=1 completed=1 failed=0
N2S6_SWEEP i=1736 solve=0 map=353 iter=1 sweep=1 logical=54 identity=14 component=16 complete=24 collecting=1 completed=1 failed=0
N2S6_SWEEP i=1737 solve=0 map=353 iter=2 sweep=2 logical=54 identity=14 component=16 complete=24 collecting=1 completed=1 failed=0
N2S6_SWEEP i=1738 solve=0 map=353 iter=3 sweep=3 logical=54 identity=14 component=16 complete=24 collecting=1 completed=1 failed=0
N2S6_SWEEP i=1739 solve=0 map=353 iter=4 sweep=4 logical=54 identity=14 component=16 complete=24 collecting=1 completed=1 failed=0
N2S6_SWEEP i=1740 solve=0 map=354 iter=0 sweep=0 logical=54 identity=14 component=16 complete=24 collecting=1 completed=1 failed=0
N2S6_SWEEP i=1741 solve=0 map=354 iter=1 sweep=1 logical=54 identity=14 component=16 complete=24 collecting=1 completed=1 failed=0
N2S6_SWEEP i=1742 solve=0 map=354 iter=2 sweep=2 logical=54 identity=14 component=16 complete=24 collecting=1 completed=1 failed=0
N2S6_SWEEP i=1743 solve=0 map=354 iter=3 sweep=3 logical=54 identity=14 component=16 complete=24 collecting=1 completed=1 failed=0
N2S6_SWEEP i=1744 solve=0 map=354 iter=4 sweep=4 logical=54 identity=14 component=16 complete=24 collecting=1 completed=1 failed=0
N2S6_SWEEP i=1745 solve=0 map=355 iter=0 sweep=0 logical=54 identity=14 component=16 complete=24 collecting=1 completed=1 failed=0
N2S6_SWEEP i=1746 solve=0 map=355 iter=1 sweep=1 logical=54 identity=14 component=16 complete=24 collecting=1 completed=1 failed=0
N2S6_SWEEP i=1747 solve=0 map=355 iter=2 sweep=2 logical=54 identity=14 component=16 complete=24 collecting=1 completed=1 failed=0
N2S6_SWEEP i=1748 solve=0 map=355 iter=3 sweep=3 logical=54 identity=14 component=16 complete=24 collecting=1 completed=1 failed=0
N2S6_SWEEP i=1749 solve=0 map=355 iter=4 sweep=4 logical=54 identity=14 component=16 complete=24 collecting=1 completed=1 failed=0
N2S6_SWEEP i=1750 solve=0 map=356 iter=0 sweep=0 logical=54 identity=14 component=16 complete=24 collecting=1 completed=1 failed=0
N2S6_SWEEP i=1751 solve=0 map=356 iter=1 sweep=1 logical=54 identity=14 component=16 complete=24 collecting=1 completed=1 failed=0
N2S6_SWEEP i=1752 solve=0 map=356 iter=2 sweep=2 logical=54 identity=14 component=16 complete=24 collecting=1 completed=1 failed=0
N2S6_SWEEP i=1753 solve=0 map=356 iter=3 sweep=3 logical=54 identity=14 component=16 complete=24 collecting=1 completed=1 failed=0
N2S6_SWEEP i=1754 solve=0 map=356 iter=4 sweep=4 logical=54 identity=14 component=16 complete=24 collecting=1 completed=1 failed=0
N2S6_SWEEP i=1755 solve=0 map=357 iter=0 sweep=0 logical=54 identity=14 component=16 complete=24 collecting=1 completed=1 failed=0
N2S6_SWEEP i=1756 solve=0 map=357 iter=1 sweep=1 logical=54 identity=14 component=16 complete=24 collecting=1 completed=1 failed=0
N2S6_SWEEP i=1757 solve=0 map=357 iter=2 sweep=2 logical=54 identity=14 component=16 complete=24 collecting=1 completed=1 failed=0
N2S6_SWEEP i=1758 solve=0 map=357 iter=3 sweep=3 logical=54 identity=14 component=16 complete=24 collecting=1 completed=1 failed=0
N2S6_SWEEP i=1759 solve=0 map=357 iter=4 sweep=4 logical=54 identity=14 component=16 complete=24 collecting=1 completed=1 failed=0
N2S6_SWEEP i=1760 solve=0 map=358 iter=0 sweep=0 logical=54 identity=14 component=16 complete=24 collecting=1 completed=1 failed=0
N2S6_SWEEP i=1761 solve=0 map=358 iter=1 sweep=1 logical=54 identity=14 component=16 complete=24 collecting=1 completed=1 failed=0
N2S6_SWEEP i=1762 solve=0 map=358 iter=2 sweep=2 logical=54 identity=14 component=16 complete=24 collecting=1 completed=1 failed=0
N2S6_SWEEP i=1763 solve=0 map=358 iter=3 sweep=3 logical=54 identity=14 component=16 complete=24 collecting=1 completed=1 failed=0
N2S6_SWEEP i=1764 solve=0 map=358 iter=4 sweep=4 logical=54 identity=14 component=16 complete=24 collecting=1 completed=1 failed=0
N2S6_SWEEP i=1765 solve=0 map=359 iter=0 sweep=0 logical=54 identity=14 component=16 complete=24 collecting=1 completed=1 failed=0
N2S6_SWEEP i=1766 solve=0 map=359 iter=1 sweep=1 logical=54 identity=14 component=16 complete=24 collecting=1 completed=1 failed=0
N2S6_SWEEP i=1767 solve=0 map=359 iter=2 sweep=2 logical=54 identity=14 component=16 complete=24 collecting=1 completed=1 failed=0
N2S6_SWEEP i=1768 solve=0 map=359 iter=3 sweep=3 logical=54 identity=14 component=16 complete=24 collecting=1 completed=1 failed=0
N2S6_SWEEP i=1769 solve=0 map=359 iter=4 sweep=4 logical=54 identity=14 component=16 complete=24 collecting=1 completed=1 failed=0
N2S6_SWEEP i=1770 solve=0 map=360 iter=0 sweep=0 logical=54 identity=14 component=16 complete=24 collecting=1 completed=1 failed=0
N2S6_SWEEP i=1771 solve=0 map=360 iter=1 sweep=1 logical=54 identity=14 component=16 complete=24 collecting=1 completed=1 failed=0
N2S6_SWEEP i=1772 solve=0 map=360 iter=2 sweep=2 logical=54 identity=14 component=16 complete=24 collecting=1 completed=1 failed=0
N2S6_SWEEP i=1773 solve=0 map=360 iter=3 sweep=3 logical=54 identity=14 component=16 complete=24 collecting=1 completed=1 failed=0
N2S6_SWEEP i=1774 solve=0 map=360 iter=4 sweep=4 logical=54 identity=14 component=16 complete=24 collecting=1 completed=1 failed=0
N2S6_SWEEP i=1775 solve=0 map=361 iter=0 sweep=0 logical=54 identity=14 component=16 complete=24 collecting=1 completed=1 failed=0
N2S6_SWEEP i=1776 solve=0 map=361 iter=1 sweep=1 logical=54 identity=14 component=16 complete=24 collecting=1 completed=1 failed=0
N2S6_SWEEP i=1777 solve=0 map=361 iter=2 sweep=2 logical=54 identity=14 component=16 complete=24 collecting=1 completed=1 failed=0
N2S6_SWEEP i=1778 solve=0 map=361 iter=3 sweep=3 logical=54 identity=14 component=16 complete=24 collecting=1 completed=1 failed=0
N2S6_SWEEP i=1779 solve=0 map=361 iter=4 sweep=4 logical=54 identity=14 component=16 complete=24 collecting=1 completed=1 failed=0
N2S6_SWEEP i=1780 solve=0 map=362 iter=0 sweep=0 logical=54 identity=14 component=16 complete=24 collecting=1 completed=1 failed=0
N2S6_SWEEP i=1781 solve=0 map=362 iter=1 sweep=1 logical=54 identity=14 component=16 complete=24 collecting=1 completed=1 failed=0
N2S6_SWEEP i=1782 solve=0 map=362 iter=2 sweep=2 logical=54 identity=14 component=16 complete=24 collecting=1 completed=1 failed=0
N2S6_SWEEP i=1783 solve=0 map=362 iter=3 sweep=3 logical=54 identity=14 component=16 complete=24 collecting=1 completed=1 failed=0
N2S6_SWEEP i=1784 solve=0 map=362 iter=4 sweep=4 logical=54 identity=14 component=16 complete=24 collecting=1 completed=1 failed=0
N2S6_SWEEP i=1785 solve=0 map=363 iter=0 sweep=0 logical=54 identity=14 component=16 complete=24 collecting=1 completed=1 failed=0
N2S6_SWEEP i=1786 solve=0 map=363 iter=1 sweep=1 logical=54 identity=14 component=16 complete=24 collecting=1 completed=1 failed=0
N2S6_SWEEP i=1787 solve=0 map=363 iter=2 sweep=2 logical=54 identity=14 component=16 complete=24 collecting=1 completed=1 failed=0
N2S6_SWEEP i=1788 solve=0 map=363 iter=3 sweep=3 logical=54 identity=14 component=16 complete=24 collecting=1 completed=1 failed=0
N2S6_SWEEP i=1789 solve=0 map=363 iter=4 sweep=4 logical=54 identity=14 component=16 complete=24 collecting=1 completed=1 failed=0
N2S6_SWEEP i=1790 solve=0 map=364 iter=0 sweep=0 logical=54 identity=14 component=16 complete=24 collecting=1 completed=1 failed=0
N2S6_SWEEP i=1791 solve=0 map=364 iter=1 sweep=1 logical=54 identity=14 component=16 complete=24 collecting=1 completed=1 failed=0
N2S6_SWEEP i=1792 solve=0 map=364 iter=2 sweep=2 logical=54 identity=14 component=16 complete=24 collecting=1 completed=1 failed=0
N2S6_SWEEP i=1793 solve=0 map=364 iter=3 sweep=3 logical=54 identity=14 component=16 complete=24 collecting=1 completed=1 failed=0
N2S6_SWEEP i=1794 solve=0 map=364 iter=4 sweep=4 logical=54 identity=14 component=16 complete=24 collecting=1 completed=1 failed=0
N2S6_SWEEP i=1795 solve=0 map=365 iter=0 sweep=0 logical=54 identity=14 component=16 complete=24 collecting=1 completed=1 failed=0
N2S6_SWEEP i=1796 solve=0 map=365 iter=1 sweep=1 logical=54 identity=14 component=16 complete=24 collecting=1 completed=1 failed=0
N2S6_SWEEP i=1797 solve=0 map=365 iter=2 sweep=2 logical=54 identity=14 component=16 complete=24 collecting=1 completed=1 failed=0
N2S6_SWEEP i=1798 solve=0 map=365 iter=3 sweep=3 logical=54 identity=14 component=16 complete=24 collecting=1 completed=1 failed=0
N2S6_SWEEP i=1799 solve=0 map=365 iter=4 sweep=4 logical=54 identity=14 component=16 complete=24 collecting=1 completed=1 failed=0
N2S6_SWEEP i=1800 solve=0 map=366 iter=0 sweep=0 logical=54 identity=14 component=16 complete=24 collecting=1 completed=1 failed=0
N2S6_SWEEP i=1801 solve=0 map=366 iter=1 sweep=1 logical=54 identity=14 component=16 complete=24 collecting=1 completed=1 failed=0
N2S6_SWEEP i=1802 solve=0 map=366 iter=2 sweep=2 logical=54 identity=14 component=16 complete=24 collecting=1 completed=1 failed=0
N2S6_SWEEP i=1803 solve=0 map=366 iter=3 sweep=3 logical=54 identity=14 component=16 complete=24 collecting=1 completed=1 failed=0
N2S6_SWEEP i=1804 solve=0 map=366 iter=4 sweep=4 logical=54 identity=14 component=16 complete=24 collecting=1 completed=1 failed=0
N2S6_SWEEP i=1805 solve=0 map=367 iter=0 sweep=0 logical=54 identity=14 component=16 complete=24 collecting=1 completed=1 failed=0
N2S6_SWEEP i=1806 solve=0 map=367 iter=1 sweep=1 logical=54 identity=14 component=16 complete=24 collecting=1 completed=1 failed=0
N2S6_SWEEP i=1807 solve=0 map=367 iter=2 sweep=2 logical=54 identity=14 component=16 complete=24 collecting=1 completed=1 failed=0
N2S6_SWEEP i=1808 solve=0 map=367 iter=3 sweep=3 logical=54 identity=14 component=16 complete=24 collecting=1 completed=1 failed=0
N2S6_SWEEP i=1809 solve=0 map=367 iter=4 sweep=4 logical=54 identity=14 component=16 complete=24 collecting=1 completed=1 failed=0
N2S6_SWEEP i=1810 solve=0 map=368 iter=0 sweep=0 logical=54 identity=14 component=16 complete=24 collecting=1 completed=1 failed=0
N2S6_SWEEP i=1811 solve=0 map=368 iter=1 sweep=1 logical=54 identity=14 component=16 complete=24 collecting=1 completed=1 failed=0
N2S6_SWEEP i=1812 solve=0 map=368 iter=2 sweep=2 logical=54 identity=14 component=16 complete=24 collecting=1 completed=1 failed=0
N2S6_SWEEP i=1813 solve=0 map=368 iter=3 sweep=3 logical=54 identity=14 component=16 complete=24 collecting=1 completed=1 failed=0
N2S6_SWEEP i=1814 solve=0 map=368 iter=4 sweep=4 logical=54 identity=14 component=16 complete=24 collecting=1 completed=1 failed=0
N2S6_SWEEP i=1815 solve=0 map=369 iter=0 sweep=0 logical=54 identity=14 component=16 complete=24 collecting=1 completed=1 failed=0
N2S6_SWEEP i=1816 solve=0 map=369 iter=1 sweep=1 logical=54 identity=14 component=16 complete=24 collecting=1 completed=1 failed=0
N2S6_SWEEP i=1817 solve=0 map=369 iter=2 sweep=2 logical=54 identity=14 component=16 complete=24 collecting=1 completed=1 failed=0
N2S6_SWEEP i=1818 solve=0 map=369 iter=3 sweep=3 logical=54 identity=14 component=16 complete=24 collecting=1 completed=1 failed=0
N2S6_SWEEP i=1819 solve=0 map=369 iter=4 sweep=4 logical=54 identity=14 component=16 complete=24 collecting=1 completed=1 failed=0
N2S6_SWEEP i=1820 solve=0 map=370 iter=0 sweep=0 logical=54 identity=14 component=16 complete=24 collecting=1 completed=1 failed=0
N2S6_SWEEP i=1821 solve=0 map=370 iter=1 sweep=1 logical=54 identity=14 component=16 complete=24 collecting=1 completed=1 failed=0
N2S6_SWEEP i=1822 solve=0 map=370 iter=2 sweep=2 logical=54 identity=14 component=16 complete=24 collecting=1 completed=1 failed=0
N2S6_SWEEP i=1823 solve=0 map=370 iter=3 sweep=3 logical=54 identity=14 component=16 complete=24 collecting=1 completed=1 failed=0
N2S6_SWEEP i=1824 solve=0 map=370 iter=4 sweep=4 logical=54 identity=14 component=16 complete=24 collecting=1 completed=1 failed=0
N2S6_SWEEP i=1825 solve=0 map=371 iter=0 sweep=0 logical=54 identity=14 component=16 complete=24 collecting=1 completed=1 failed=0
N2S6_SWEEP i=1826 solve=0 map=371 iter=1 sweep=1 logical=54 identity=14 component=16 complete=24 collecting=1 completed=1 failed=0
N2S6_SWEEP i=1827 solve=0 map=371 iter=2 sweep=2 logical=54 identity=14 component=16 complete=24 collecting=1 completed=1 failed=0
N2S6_SWEEP i=1828 solve=0 map=371 iter=3 sweep=3 logical=54 identity=14 component=16 complete=24 collecting=1 completed=1 failed=0
N2S6_SWEEP i=1829 solve=0 map=371 iter=4 sweep=4 logical=54 identity=14 component=16 complete=24 collecting=1 completed=1 failed=0
N2S6_SWEEP i=1830 solve=0 map=372 iter=0 sweep=0 logical=54 identity=14 component=16 complete=24 collecting=1 completed=1 failed=0
N2S6_SWEEP i=1831 solve=0 map=372 iter=1 sweep=1 logical=54 identity=14 component=16 complete=24 collecting=1 completed=1 failed=0
N2S6_SWEEP i=1832 solve=0 map=372 iter=2 sweep=2 logical=54 identity=14 component=16 complete=24 collecting=1 completed=1 failed=0
N2S6_SWEEP i=1833 solve=0 map=372 iter=3 sweep=3 logical=54 identity=14 component=16 complete=24 collecting=1 completed=1 failed=0
N2S6_SWEEP i=1834 solve=0 map=372 iter=4 sweep=4 logical=54 identity=14 component=16 complete=24 collecting=1 completed=1 failed=0
N2S6_SWEEP i=1835 solve=0 map=373 iter=0 sweep=0 logical=54 identity=14 component=16 complete=24 collecting=1 completed=1 failed=0
N2S6_SWEEP i=1836 solve=0 map=373 iter=1 sweep=1 logical=54 identity=14 component=16 complete=24 collecting=1 completed=1 failed=0
N2S6_SWEEP i=1837 solve=0 map=373 iter=2 sweep=2 logical=54 identity=14 component=16 complete=24 collecting=1 completed=1 failed=0
N2S6_SWEEP i=1838 solve=0 map=373 iter=3 sweep=3 logical=54 identity=14 component=16 complete=24 collecting=1 completed=1 failed=0
N2S6_SWEEP i=1839 solve=0 map=373 iter=4 sweep=4 logical=54 identity=14 component=16 complete=24 collecting=1 completed=1 failed=0
N2S6_SWEEP i=1840 solve=0 map=374 iter=0 sweep=0 logical=54 identity=14 component=16 complete=24 collecting=1 completed=1 failed=0
N2S6_SWEEP i=1841 solve=0 map=374 iter=1 sweep=1 logical=54 identity=14 component=16 complete=24 collecting=1 completed=1 failed=0
N2S6_SWEEP i=1842 solve=0 map=374 iter=2 sweep=2 logical=54 identity=14 component=16 complete=24 collecting=1 completed=1 failed=0
N2S6_SWEEP i=1843 solve=0 map=374 iter=3 sweep=3 logical=54 identity=14 component=16 complete=24 collecting=1 completed=1 failed=0
N2S6_SWEEP i=1844 solve=0 map=374 iter=4 sweep=4 logical=54 identity=14 component=16 complete=24 collecting=1 completed=1 failed=0
N2S6_SWEEP i=1845 solve=0 map=375 iter=0 sweep=0 logical=54 identity=14 component=16 complete=24 collecting=1 completed=1 failed=0
N2S6_SWEEP i=1846 solve=0 map=375 iter=1 sweep=1 logical=54 identity=14 component=16 complete=24 collecting=1 completed=1 failed=0
N2S6_SWEEP i=1847 solve=0 map=375 iter=2 sweep=2 logical=54 identity=14 component=16 complete=24 collecting=1 completed=1 failed=0
N2S6_SWEEP i=1848 solve=0 map=375 iter=3 sweep=3 logical=54 identity=14 component=16 complete=24 collecting=1 completed=1 failed=0
N2S6_SWEEP i=1849 solve=0 map=375 iter=4 sweep=4 logical=54 identity=14 component=16 complete=24 collecting=1 completed=1 failed=0
N2S6_SWEEP i=1850 solve=0 map=376 iter=0 sweep=0 logical=54 identity=14 component=16 complete=24 collecting=1 completed=1 failed=0
N2S6_SWEEP i=1851 solve=0 map=376 iter=1 sweep=1 logical=54 identity=14 component=16 complete=24 collecting=1 completed=1 failed=0
N2S6_SWEEP i=1852 solve=0 map=376 iter=2 sweep=2 logical=54 identity=14 component=16 complete=24 collecting=1 completed=1 failed=0
N2S6_SWEEP i=1853 solve=0 map=376 iter=3 sweep=3 logical=54 identity=14 component=16 complete=24 collecting=1 completed=1 failed=0
N2S6_SWEEP i=1854 solve=0 map=376 iter=4 sweep=4 logical=54 identity=14 component=16 complete=24 collecting=1 completed=1 failed=0
N2S6_SWEEP i=1855 solve=0 map=377 iter=0 sweep=0 logical=54 identity=14 component=16 complete=24 collecting=1 completed=1 failed=0
N2S6_SWEEP i=1856 solve=0 map=377 iter=1 sweep=1 logical=54 identity=14 component=16 complete=24 collecting=1 completed=1 failed=0
N2S6_SWEEP i=1857 solve=0 map=377 iter=2 sweep=2 logical=54 identity=14 component=16 complete=24 collecting=1 completed=1 failed=0
N2S6_SWEEP i=1858 solve=0 map=377 iter=3 sweep=3 logical=54 identity=14 component=16 complete=24 collecting=1 completed=1 failed=0
N2S6_SWEEP i=1859 solve=0 map=377 iter=4 sweep=4 logical=54 identity=14 component=16 complete=24 collecting=1 completed=1 failed=0
N2S6_SWEEP i=1860 solve=0 map=378 iter=0 sweep=0 logical=54 identity=14 component=16 complete=24 collecting=1 completed=1 failed=0
N2S6_SWEEP i=1861 solve=0 map=378 iter=1 sweep=1 logical=54 identity=14 component=16 complete=24 collecting=1 completed=1 failed=0
N2S6_SWEEP i=1862 solve=0 map=378 iter=2 sweep=2 logical=54 identity=14 component=16 complete=24 collecting=1 completed=1 failed=0
N2S6_SWEEP i=1863 solve=0 map=378 iter=3 sweep=3 logical=54 identity=14 component=16 complete=24 collecting=1 completed=1 failed=0
N2S6_SWEEP i=1864 solve=0 map=378 iter=4 sweep=4 logical=54 identity=14 component=16 complete=24 collecting=1 completed=1 failed=0
N2S6_SWEEP i=1865 solve=0 map=379 iter=0 sweep=0 logical=54 identity=14 component=16 complete=24 collecting=1 completed=1 failed=0
N2S6_SWEEP i=1866 solve=0 map=379 iter=1 sweep=1 logical=54 identity=14 component=16 complete=24 collecting=1 completed=1 failed=0
N2S6_SWEEP i=1867 solve=0 map=379 iter=2 sweep=2 logical=54 identity=14 component=16 complete=24 collecting=1 completed=1 failed=0
N2S6_SWEEP i=1868 solve=0 map=379 iter=3 sweep=3 logical=54 identity=14 component=16 complete=24 collecting=1 completed=1 failed=0
N2S6_SWEEP i=1869 solve=0 map=379 iter=4 sweep=4 logical=54 identity=14 component=16 complete=24 collecting=1 completed=1 failed=0
N2S6_SWEEP i=1870 solve=0 map=380 iter=0 sweep=0 logical=54 identity=14 component=16 complete=24 collecting=1 completed=1 failed=0
N2S6_SWEEP i=1871 solve=0 map=380 iter=1 sweep=1 logical=54 identity=14 component=16 complete=24 collecting=1 completed=1 failed=0
N2S6_SWEEP i=1872 solve=0 map=380 iter=2 sweep=2 logical=54 identity=14 component=16 complete=24 collecting=1 completed=1 failed=0
N2S6_SWEEP i=1873 solve=0 map=380 iter=3 sweep=3 logical=54 identity=14 component=16 complete=24 collecting=1 completed=1 failed=0
N2S6_SWEEP i=1874 solve=0 map=380 iter=4 sweep=4 logical=54 identity=14 component=16 complete=24 collecting=1 completed=1 failed=0
N2S6_SWEEP i=1875 solve=0 map=381 iter=0 sweep=0 logical=54 identity=14 component=16 complete=24 collecting=1 completed=1 failed=0
N2S6_SWEEP i=1876 solve=0 map=381 iter=1 sweep=1 logical=54 identity=14 component=16 complete=24 collecting=1 completed=1 failed=0
N2S6_SWEEP i=1877 solve=0 map=381 iter=2 sweep=2 logical=54 identity=14 component=16 complete=24 collecting=1 completed=1 failed=0
N2S6_SWEEP i=1878 solve=0 map=381 iter=3 sweep=3 logical=54 identity=14 component=16 complete=24 collecting=1 completed=1 failed=0
N2S6_SWEEP i=1879 solve=0 map=381 iter=4 sweep=4 logical=54 identity=14 component=16 complete=24 collecting=1 completed=1 failed=0
N2S6_SWEEP i=1880 solve=0 map=382 iter=0 sweep=0 logical=54 identity=14 component=16 complete=24 collecting=1 completed=1 failed=0
N2S6_SWEEP i=1881 solve=0 map=382 iter=1 sweep=1 logical=54 identity=14 component=16 complete=24 collecting=1 completed=1 failed=0
N2S6_SWEEP i=1882 solve=0 map=382 iter=2 sweep=2 logical=54 identity=14 component=16 complete=24 collecting=1 completed=1 failed=0
N2S6_SWEEP i=1883 solve=0 map=382 iter=3 sweep=3 logical=54 identity=14 component=16 complete=24 collecting=1 completed=1 failed=0
N2S6_SWEEP i=1884 solve=0 map=382 iter=4 sweep=4 logical=54 identity=14 component=16 complete=24 collecting=1 completed=1 failed=0
N2S6_SWEEP i=1885 solve=0 map=383 iter=0 sweep=0 logical=54 identity=14 component=16 complete=24 collecting=1 completed=1 failed=0
N2S6_SWEEP i=1886 solve=0 map=383 iter=1 sweep=1 logical=54 identity=14 component=16 complete=24 collecting=1 completed=1 failed=0
N2S6_SWEEP i=1887 solve=0 map=383 iter=2 sweep=2 logical=54 identity=14 component=16 complete=24 collecting=1 completed=1 failed=0
N2S6_SWEEP i=1888 solve=0 map=383 iter=3 sweep=3 logical=54 identity=14 component=16 complete=24 collecting=1 completed=1 failed=0
N2S6_SWEEP i=1889 solve=0 map=383 iter=4 sweep=4 logical=54 identity=14 component=16 complete=24 collecting=1 completed=1 failed=0
N2S6_SWEEP i=1890 solve=0 map=384 iter=0 sweep=0 logical=54 identity=14 component=16 complete=24 collecting=1 completed=1 failed=0
N2S6_SWEEP i=1891 solve=0 map=384 iter=1 sweep=1 logical=54 identity=14 component=16 complete=24 collecting=1 completed=1 failed=0
N2S6_SWEEP i=1892 solve=0 map=384 iter=2 sweep=2 logical=54 identity=14 component=16 complete=24 collecting=1 completed=1 failed=0
N2S6_SWEEP i=1893 solve=0 map=384 iter=3 sweep=3 logical=54 identity=14 component=16 complete=24 collecting=1 completed=1 failed=0
N2S6_SWEEP i=1894 solve=0 map=384 iter=4 sweep=4 logical=54 identity=14 component=16 complete=24 collecting=1 completed=1 failed=0
N2S6_SWEEP i=1895 solve=0 map=385 iter=0 sweep=0 logical=54 identity=14 component=16 complete=24 collecting=1 completed=1 failed=0
N2S6_SWEEP i=1896 solve=0 map=385 iter=1 sweep=1 logical=54 identity=14 component=16 complete=24 collecting=1 completed=1 failed=0
N2S6_SWEEP i=1897 solve=0 map=385 iter=2 sweep=2 logical=54 identity=14 component=16 complete=24 collecting=1 completed=1 failed=0
N2S6_SWEEP i=1898 solve=0 map=385 iter=3 sweep=3 logical=54 identity=14 component=16 complete=24 collecting=1 completed=1 failed=0
N2S6_SWEEP i=1899 solve=0 map=385 iter=4 sweep=4 logical=54 identity=14 component=16 complete=24 collecting=1 completed=1 failed=0
N2S6_SWEEP i=1900 solve=0 map=386 iter=0 sweep=0 logical=54 identity=14 component=16 complete=24 collecting=1 completed=1 failed=0
N2S6_SWEEP i=1901 solve=0 map=386 iter=1 sweep=1 logical=54 identity=14 component=16 complete=24 collecting=1 completed=1 failed=0
N2S6_SWEEP i=1902 solve=0 map=386 iter=2 sweep=2 logical=54 identity=14 component=16 complete=24 collecting=1 completed=1 failed=0
N2S6_SWEEP i=1903 solve=0 map=386 iter=3 sweep=3 logical=54 identity=14 component=16 complete=24 collecting=1 completed=1 failed=0
N2S6_SWEEP i=1904 solve=0 map=386 iter=4 sweep=4 logical=54 identity=14 component=16 complete=24 collecting=1 completed=1 failed=0
N2S6_SWEEP i=1905 solve=0 map=387 iter=0 sweep=0 logical=54 identity=14 component=16 complete=24 collecting=1 completed=1 failed=0
N2S6_SWEEP i=1906 solve=0 map=387 iter=1 sweep=1 logical=54 identity=14 component=16 complete=24 collecting=1 completed=1 failed=0
N2S6_SWEEP i=1907 solve=0 map=387 iter=2 sweep=2 logical=54 identity=14 component=16 complete=24 collecting=1 completed=1 failed=0
N2S6_SWEEP i=1908 solve=0 map=387 iter=3 sweep=3 logical=54 identity=14 component=16 complete=24 collecting=1 completed=1 failed=0
N2S6_SWEEP i=1909 solve=0 map=387 iter=4 sweep=4 logical=54 identity=14 component=16 complete=24 collecting=1 completed=1 failed=0
N2S6_SWEEP i=1910 solve=0 map=388 iter=0 sweep=0 logical=54 identity=14 component=16 complete=24 collecting=1 completed=1 failed=0
N2S6_SWEEP i=1911 solve=0 map=388 iter=1 sweep=1 logical=54 identity=14 component=16 complete=24 collecting=1 completed=1 failed=0
N2S6_SWEEP i=1912 solve=0 map=388 iter=2 sweep=2 logical=54 identity=14 component=16 complete=24 collecting=1 completed=1 failed=0
N2S6_SWEEP i=1913 solve=0 map=388 iter=3 sweep=3 logical=54 identity=14 component=16 complete=24 collecting=1 completed=1 failed=0
N2S6_SWEEP i=1914 solve=0 map=388 iter=4 sweep=4 logical=54 identity=14 component=16 complete=24 collecting=1 completed=1 failed=0
N2S6_SWEEP i=1915 solve=0 map=389 iter=0 sweep=0 logical=54 identity=14 component=16 complete=24 collecting=1 completed=1 failed=0
N2S6_SWEEP i=1916 solve=0 map=389 iter=1 sweep=1 logical=54 identity=14 component=16 complete=24 collecting=1 completed=1 failed=0
N2S6_SWEEP i=1917 solve=0 map=389 iter=2 sweep=2 logical=54 identity=14 component=16 complete=24 collecting=1 completed=1 failed=0
N2S6_SWEEP i=1918 solve=0 map=389 iter=3 sweep=3 logical=54 identity=14 component=16 complete=24 collecting=1 completed=1 failed=0
N2S6_SWEEP i=1919 solve=0 map=389 iter=4 sweep=4 logical=54 identity=14 component=16 complete=24 collecting=1 completed=1 failed=0
N2S6_SWEEP i=1920 solve=0 map=390 iter=0 sweep=0 logical=54 identity=14 component=16 complete=24 collecting=1 completed=1 failed=0
N2S6_SWEEP i=1921 solve=0 map=390 iter=1 sweep=1 logical=54 identity=14 component=16 complete=24 collecting=1 completed=1 failed=0
N2S6_SWEEP i=1922 solve=0 map=390 iter=2 sweep=2 logical=54 identity=14 component=16 complete=24 collecting=1 completed=1 failed=0
N2S6_SWEEP i=1923 solve=0 map=390 iter=3 sweep=3 logical=54 identity=14 component=16 complete=24 collecting=1 completed=1 failed=0
N2S6_SWEEP i=1924 solve=0 map=390 iter=4 sweep=4 logical=54 identity=14 component=16 complete=24 collecting=1 completed=1 failed=0
N2S6_SWEEP i=1925 solve=0 map=391 iter=0 sweep=0 logical=54 identity=14 component=16 complete=24 collecting=1 completed=1 failed=0
N2S6_SWEEP i=1926 solve=0 map=391 iter=1 sweep=1 logical=54 identity=14 component=16 complete=24 collecting=1 completed=1 failed=0
N2S6_SWEEP i=1927 solve=0 map=391 iter=2 sweep=2 logical=54 identity=14 component=16 complete=24 collecting=1 completed=1 failed=0
N2S6_SWEEP i=1928 solve=0 map=391 iter=3 sweep=3 logical=54 identity=14 component=16 complete=24 collecting=1 completed=1 failed=0
N2S6_SWEEP i=1929 solve=0 map=391 iter=4 sweep=4 logical=54 identity=14 component=16 complete=24 collecting=1 completed=1 failed=0
N2S6_SWEEP i=1930 solve=0 map=392 iter=0 sweep=0 logical=54 identity=14 component=16 complete=24 collecting=1 completed=1 failed=0
N2S6_SWEEP i=1931 solve=0 map=392 iter=1 sweep=1 logical=54 identity=14 component=16 complete=24 collecting=1 completed=1 failed=0
N2S6_SWEEP i=1932 solve=0 map=392 iter=2 sweep=2 logical=54 identity=14 component=16 complete=24 collecting=1 completed=1 failed=0
N2S6_SWEEP i=1933 solve=0 map=392 iter=3 sweep=3 logical=54 identity=14 component=16 complete=24 collecting=1 completed=1 failed=0
N2S6_SWEEP i=1934 solve=0 map=392 iter=4 sweep=4 logical=54 identity=14 component=16 complete=24 collecting=1 completed=1 failed=0
N2S6_SWEEP i=1935 solve=0 map=393 iter=0 sweep=0 logical=54 identity=14 component=16 complete=24 collecting=1 completed=1 failed=0
N2S6_SWEEP i=1936 solve=0 map=393 iter=1 sweep=1 logical=54 identity=14 component=16 complete=24 collecting=1 completed=1 failed=0
N2S6_SWEEP i=1937 solve=0 map=393 iter=2 sweep=2 logical=54 identity=14 component=16 complete=24 collecting=1 completed=1 failed=0
N2S6_SWEEP i=1938 solve=0 map=393 iter=3 sweep=3 logical=54 identity=14 component=16 complete=24 collecting=1 completed=1 failed=0
N2S6_SWEEP i=1939 solve=0 map=393 iter=4 sweep=4 logical=54 identity=14 component=16 complete=24 collecting=1 completed=1 failed=0
N2S6_SWEEP i=1940 solve=0 map=394 iter=0 sweep=0 logical=54 identity=14 component=16 complete=24 collecting=1 completed=1 failed=0
N2S6_SWEEP i=1941 solve=0 map=394 iter=1 sweep=1 logical=54 identity=14 component=16 complete=24 collecting=1 completed=1 failed=0
N2S6_SWEEP i=1942 solve=0 map=394 iter=2 sweep=2 logical=54 identity=14 component=16 complete=24 collecting=1 completed=1 failed=0
N2S6_SWEEP i=1943 solve=0 map=394 iter=3 sweep=3 logical=54 identity=14 component=16 complete=24 collecting=1 completed=1 failed=0
N2S6_SWEEP i=1944 solve=0 map=394 iter=4 sweep=4 logical=54 identity=14 component=16 complete=24 collecting=1 completed=1 failed=0
N2S6_SWEEP i=1945 solve=0 map=395 iter=0 sweep=0 logical=54 identity=14 component=16 complete=24 collecting=1 completed=1 failed=0
N2S6_SWEEP i=1946 solve=0 map=395 iter=1 sweep=1 logical=54 identity=14 component=16 complete=24 collecting=1 completed=1 failed=0
N2S6_SWEEP i=1947 solve=0 map=395 iter=2 sweep=2 logical=54 identity=14 component=16 complete=24 collecting=1 completed=1 failed=0
N2S6_SWEEP i=1948 solve=0 map=395 iter=3 sweep=3 logical=54 identity=14 component=16 complete=24 collecting=1 completed=1 failed=0
N2S6_SWEEP i=1949 solve=0 map=395 iter=4 sweep=4 logical=54 identity=14 component=16 complete=24 collecting=1 completed=1 failed=0
N2S6_SWEEP i=1950 solve=0 map=396 iter=0 sweep=0 logical=54 identity=14 component=16 complete=24 collecting=1 completed=1 failed=0
N2S6_SWEEP i=1951 solve=0 map=396 iter=1 sweep=1 logical=54 identity=14 component=16 complete=24 collecting=1 completed=1 failed=0
N2S6_SWEEP i=1952 solve=0 map=396 iter=2 sweep=2 logical=54 identity=14 component=16 complete=24 collecting=1 completed=1 failed=0
N2S6_SWEEP i=1953 solve=0 map=396 iter=3 sweep=3 logical=54 identity=14 component=16 complete=24 collecting=1 completed=1 failed=0
N2S6_SWEEP i=1954 solve=0 map=396 iter=4 sweep=4 logical=54 identity=14 component=16 complete=24 collecting=1 completed=1 failed=0
N2S6_SWEEP i=1955 solve=0 map=397 iter=0 sweep=0 logical=54 identity=14 component=16 complete=24 collecting=1 completed=1 failed=0
N2S6_SWEEP i=1956 solve=0 map=397 iter=1 sweep=1 logical=54 identity=14 component=16 complete=24 collecting=1 completed=1 failed=0
N2S6_SWEEP i=1957 solve=0 map=397 iter=2 sweep=2 logical=54 identity=14 component=16 complete=24 collecting=1 completed=1 failed=0
N2S6_SWEEP i=1958 solve=0 map=397 iter=3 sweep=3 logical=54 identity=14 component=16 complete=24 collecting=1 completed=1 failed=0
N2S6_SWEEP i=1959 solve=0 map=397 iter=4 sweep=4 logical=54 identity=14 component=16 complete=24 collecting=1 completed=1 failed=0
N2S6_SWEEP i=1960 solve=0 map=398 iter=0 sweep=0 logical=54 identity=14 component=16 complete=24 collecting=1 completed=1 failed=0
N2S6_SWEEP i=1961 solve=0 map=398 iter=1 sweep=1 logical=54 identity=14 component=16 complete=24 collecting=1 completed=1 failed=0
N2S6_SWEEP i=1962 solve=0 map=398 iter=2 sweep=2 logical=54 identity=14 component=16 complete=24 collecting=1 completed=1 failed=0
N2S6_SWEEP i=1963 solve=0 map=398 iter=3 sweep=3 logical=54 identity=14 component=16 complete=24 collecting=1 completed=1 failed=0
N2S6_SWEEP i=1964 solve=0 map=398 iter=4 sweep=4 logical=54 identity=14 component=16 complete=24 collecting=1 completed=1 failed=0
N2S6_SWEEP i=1965 solve=0 map=399 iter=0 sweep=0 logical=54 identity=14 component=16 complete=24 collecting=1 completed=1 failed=0
N2S6_SWEEP i=1966 solve=0 map=399 iter=1 sweep=1 logical=54 identity=14 component=16 complete=24 collecting=1 completed=1 failed=0
N2S6_SWEEP i=1967 solve=0 map=399 iter=2 sweep=2 logical=54 identity=14 component=16 complete=24 collecting=1 completed=1 failed=0
N2S6_SWEEP i=1968 solve=0 map=399 iter=3 sweep=3 logical=54 identity=14 component=16 complete=24 collecting=1 completed=1 failed=0
N2S6_SWEEP i=1969 solve=0 map=399 iter=4 sweep=4 logical=54 identity=14 component=16 complete=24 collecting=1 completed=1 failed=0
N2S6_SWEEP i=1970 solve=0 map=400 iter=0 sweep=0 logical=54 identity=14 component=16 complete=24 collecting=1 completed=1 failed=0
N2S6_SWEEP i=1971 solve=0 map=400 iter=1 sweep=1 logical=54 identity=14 component=16 complete=24 collecting=1 completed=1 failed=0
N2S6_SWEEP i=1972 solve=0 map=400 iter=2 sweep=2 logical=54 identity=14 component=16 complete=24 collecting=1 completed=1 failed=0
N2S6_SWEEP i=1973 solve=0 map=400 iter=3 sweep=3 logical=54 identity=14 component=16 complete=24 collecting=1 completed=1 failed=0
N2S6_SWEEP i=1974 solve=0 map=400 iter=4 sweep=4 logical=54 identity=14 component=16 complete=24 collecting=1 completed=1 failed=0
N2S6_SWEEP i=1975 solve=0 map=401 iter=0 sweep=0 logical=54 identity=14 component=16 complete=24 collecting=1 completed=1 failed=0
N2S6_SWEEP i=1976 solve=0 map=401 iter=1 sweep=1 logical=54 identity=14 component=16 complete=24 collecting=1 completed=1 failed=0
N2S6_SWEEP i=1977 solve=0 map=401 iter=2 sweep=2 logical=54 identity=14 component=16 complete=24 collecting=1 completed=1 failed=0
N2S6_SWEEP i=1978 solve=0 map=401 iter=3 sweep=3 logical=54 identity=14 component=16 complete=24 collecting=1 completed=1 failed=0
N2S6_SWEEP i=1979 solve=0 map=401 iter=4 sweep=4 logical=54 identity=14 component=16 complete=24 collecting=1 completed=1 failed=0
N2S6_SWEEP i=1980 solve=0 map=402 iter=0 sweep=0 logical=54 identity=14 component=16 complete=24 collecting=1 completed=1 failed=0
N2S6_SWEEP i=1981 solve=0 map=402 iter=1 sweep=1 logical=54 identity=14 component=16 complete=24 collecting=1 completed=1 failed=0
N2S6_SWEEP i=1982 solve=0 map=402 iter=2 sweep=2 logical=54 identity=14 component=16 complete=24 collecting=1 completed=1 failed=0
N2S6_SWEEP i=1983 solve=0 map=402 iter=3 sweep=3 logical=54 identity=14 component=16 complete=24 collecting=1 completed=1 failed=0
N2S6_SWEEP i=1984 solve=0 map=402 iter=4 sweep=4 logical=54 identity=14 component=16 complete=24 collecting=1 completed=1 failed=0
N2S6_SWEEP i=1985 solve=0 map=403 iter=0 sweep=0 logical=54 identity=14 component=16 complete=24 collecting=1 completed=1 failed=0
N2S6_SWEEP i=1986 solve=0 map=403 iter=1 sweep=1 logical=54 identity=14 component=16 complete=24 collecting=1 completed=1 failed=0
N2S6_SWEEP i=1987 solve=0 map=403 iter=2 sweep=2 logical=54 identity=14 component=16 complete=24 collecting=1 completed=1 failed=0
N2S6_SWEEP i=1988 solve=0 map=403 iter=3 sweep=3 logical=54 identity=14 component=16 complete=24 collecting=1 completed=1 failed=0
N2S6_SWEEP i=1989 solve=0 map=403 iter=4 sweep=4 logical=54 identity=14 component=16 complete=24 collecting=1 completed=1 failed=0
N2S6_SWEEP i=1990 solve=0 map=404 iter=0 sweep=0 logical=54 identity=14 component=16 complete=24 collecting=1 completed=1 failed=0
N2S6_SWEEP i=1991 solve=0 map=404 iter=1 sweep=1 logical=54 identity=14 component=16 complete=24 collecting=1 completed=1 failed=0
N2S6_SWEEP i=1992 solve=0 map=404 iter=2 sweep=2 logical=54 identity=14 component=16 complete=24 collecting=1 completed=1 failed=0
N2S6_SWEEP i=1993 solve=0 map=404 iter=3 sweep=3 logical=54 identity=14 component=16 complete=24 collecting=1 completed=1 failed=0
N2S6_SWEEP i=1994 solve=0 map=404 iter=4 sweep=4 logical=54 identity=14 component=16 complete=24 collecting=1 completed=1 failed=0
N2S6_SWEEP i=1995 solve=0 map=405 iter=0 sweep=0 logical=54 identity=14 component=16 complete=24 collecting=1 completed=1 failed=0
N2S6_SWEEP i=1996 solve=0 map=405 iter=1 sweep=1 logical=54 identity=14 component=16 complete=24 collecting=1 completed=1 failed=0
N2S6_SWEEP i=1997 solve=0 map=405 iter=2 sweep=2 logical=54 identity=14 component=16 complete=24 collecting=1 completed=1 failed=0
N2S6_SWEEP i=1998 solve=0 map=405 iter=3 sweep=3 logical=54 identity=14 component=16 complete=24 collecting=1 completed=1 failed=0
N2S6_SWEEP i=1999 solve=0 map=405 iter=4 sweep=4 logical=54 identity=14 component=16 complete=24 collecting=1 completed=1 failed=0
SWEEP_ELEMENTS_HEAD
0x7ffff17fe260:	0x0000000000000020	0x00007ffff042bda0
0x7ffff17fe270:	0x0000000000000020	0x000000000000001d
0x7ffff17fe280:	0x00007ffff0428080	0x000000000000001d
0x7ffff17fe290:	0x000000000000002b	0x00007ffff0429030
0x7ffff17fe2a0:	0x000000000000002b	0x0000000000000040
0x7ffff17fe2b0:	0x00007ffff0415510	0x0000000000000040
0x7ffff17fe2c0:	0x0000000000000000	0x0000000000000000
0x7ffff17fe2d0:	0x0000000000000002	0x0000000000000006
0x7ffff17fe2e0:	0x0000000000000000	0x0000000e00000030
0x7ffff17fe2f0:	0x000000180000000a	0x8000000000010001
0x7ffff17fe300:	0x0000000000000020	0x00007ffff0406af0
0x7ffff17fe310:	0x0000000000000020	0x000000000000001d
0x7ffff17fe320:	0x00007ffff042b3b0	0x000000000000001d
0x7ffff17fe330:	0x000000000000002b	0x00007ffff040c1a0
0x7ffff17fe340:	0x000000000000002b	0x0000000000000040
0x7ffff17fe350:	0x00007ffff042f710	0x0000000000000040
0x7ffff17fe360:	0x0000000000000000	0x0000000000000000
0x7ffff17fe370:	0x0000000000000002	0x0000000000000006
0x7ffff17fe380:	0x0000000100000001	0x0000000e00000030
0x7ffff17fe390:	0x000000180000000a	0x8000000000010001
0x7ffff17fe3a0:	0x0000000000000020	0x00007ffff0428c90
0x7ffff17fe3b0:	0x0000000000000020	0x000000000000001d
0x7ffff17fe3c0:	0x00007ffff0415430	0x000000000000001d
0x7ffff17fe3d0:	0x000000000000002b	0x00007ffff03faa40
0x7ffff17fe3e0:	0x000000000000002b	0x0000000000000040
0x7ffff17fe3f0:	0x00007ffff040b060	0x0000000000000040
0x7ffff17fe400:	0x0000000000000000	0x0000000000000000
0x7ffff17fe410:	0x0000000000000002	0x0000000000000006
0x7ffff17fe420:	0x0000000200000002	0x0000000e00000036
0x7ffff17fe430:	0x0000001800000010	0x8000000000010001
0x7ffff17fe440:	0x0000000000000020	0x00007ffff040c100
0x7ffff17fe450:	0x0000000000000020	0x000000000000001d
0x7ffff17fe460:	0x00007ffff0426730	0x000000000000001d
0x7ffff17fe470:	0x000000000000002b	0x00007ffff040b020
0x7ffff17fe480:	0x000000000000002b	0x0000000000000040
0x7ffff17fe490:	0x00007ffff0411790	0x0000000000000040
0x7ffff17fe4a0:	0x0000000000000000	0x0000000000000000
0x7ffff17fe4b0:	0x0000000000000002	0x0000000000000006
0x7ffff17fe4c0:	0x0000000300000003	0x0000000e00000036
0x7ffff17fe4d0:	0x0000001800000010	0x8000000000010001
0x7ffff17fe4e0:	0x0000000000000020	0x00007ffff0426090
0x7ffff17fe4f0:	0x0000000000000020	0x000000000000001d
0x7ffff17fe500:	0x00007ffff042a300	0x000000000000001d
0x7ffff17fe510:	0x000000000000002b	0x00007ffff0426bf0
0x7ffff17fe520:	0x000000000000002b	0x0000000000000040
0x7ffff17fe530:	0x00007ffff042f650	0x0000000000000040
0x7ffff17fe540:	0x0000000000000000	0x0000000000000000
0x7ffff17fe550:	0x0000000000000002	0x0000000000000006
[Detaching after vfork from child process 3301825]
TAKE_ENTRY=2 OUTPUT=0x7ffff7bfc740 RETURN=0x5555557fe9c7
Temporary breakpoint 3 at 0x5555557fe9c7
TAKE_RETURN=2 OUTPUT=0x7ffff7bfc740
0x7ffff7bfc740:	0x0000000000000800	0x00007ffff25c4fe0
0x7ffff7bfc750:	0x00000000000007d0	0x0000000000000400
0x7ffff7bfc760:	0x00007ffff249a4d0	0x0000000000000320
0x7ffff7bfc770:	0x0000000000000022	0x00007ffff7bfc950
0x7ffff7bfc780:	0x000000000000000a	0x0000000000000002
0x7ffff7bfc790:	0x00007ffff7bfc858	0x000000000001617c
0x7ffff7bfc7a0:	0x00007ffff7bfc7f0	0x00007ffff7cacd81
0x7ffff7bfc7b0:	0x0000000a00000800	0x000000000000061d
0x7ffff7bfc7c0:	0x000000000000004c	0x00007ffff0d81190
0x7ffff7bfc7d0:	0x000000000000004c	0x0000000000000008
0x7ffff7bfc7e0:	0x00007ffff0655c80	0x0000000000000008
0x7ffff7bfc7f0:	0x0000000000000098	0x00007ffff04db9b0
0x7ffff7bfc800:	0x0000000000000053	0x8000000000000000
0x7ffff7bfc810:	0x000000000000019c	0x000000000000061d
0x7ffff7bfc820:	0x00007ffff19bc500	0x000000000000061d
0x7ffff7bfc830:	0x000000000000019c	0x000000000000061d
0x7ffff7bfc840:	0x0000000a0000000a	0x0000555556ebcc01
0x7ffff7bfc850:	0x0000000000190000	0x000000000000000a
0x7ffff7bfc860:	0x000000000000000c	0x00007ffff19bc69f
0x7ffff7bfc870:	0x000000000000000c	0x00007ffff19bc6a9
0x7ffff7bfc880:	0x00007ffff19bc6ab	0x000000000000000a
0x7ffff7bfc890:	0x00007fff001a0001	0x0000000000000047
0x7ffff7bfc8a0:	0x0000000000000020	0x0000000000000014
0x7ffff7bfc8b0:	0x00000000000006d5	0x70757465735f6c01
0x7ffff7bfc8c0:	0x0000000000000004	0x00005555558559f5
0x7ffff7bfc8d0:	0x0000000000000053	0x00007ffff1c04590
0x7ffff7bfc8e0:	0x000000000000085e	0x0000000000000005
0x7ffff7bfc8f0:	0x0000000000000002	0x0000000000000000
0x7ffff7bfc900:	0x0000000000001716	0x0000000000000000
0x7ffff7bfc910:	0x0000000000000006	0x00007ffff0f64f20
0x7ffff7bfc920:	0x000000000000000d	0x0000000000000000
0x7ffff7bfc930:	0x0000000000000000	0x0000000000000004
TAKE_VECS SWEEP_PTR=0x7ffff25c4fe0 SWEEP_LEN=2000 INTERNAL_PTR=0x7ffff249a4d0 INTERNAL_LEN=800
SWEEP_ELEMENTS_HEAD
0x7ffff25c4fe0:	0x0000000000000020	0x00007ffff046da60
0x7ffff25c4ff0:	0x0000000000000020	0x000000000000001d
0x7ffff25c5000:	0x00007ffff054c7d0	0x000000000000001d
0x7ffff25c5010:	0x000000000000002b	0x00007ffff038cfa0
0x7ffff25c5020:	0x000000000000002b	0x0000000000000040
0x7ffff25c5030:	0x00007ffff07adb50	0x0000000000000040
0x7ffff25c5040:	0x0000000000000320	0x00000000000001c4
0x7ffff25c5050:	0x0000000000000002	0x0000000000000006
0x7ffff25c5060:	0x0000000000000000	0x0000000000000030
0x7ffff25c5070:	0x0000003000000000	0x8000000000010001
0x7ffff25c5080:	0x0000000000000020	0x00007ffff125fe40
0x7ffff25c5090:	0x0000000000000020	0x000000000000001d
0x7ffff25c50a0:	0x00007ffff1463d40	0x000000000000001d
0x7ffff25c50b0:	0x000000000000002b	0x00007ffff07aae90
0x7ffff25c50c0:	0x000000000000002b	0x0000000000000040
0x7ffff25c50d0:	0x00007ffff18c0780	0x0000000000000040
0x7ffff25c50e0:	0x0000000000000320	0x00000000000001c4
0x7ffff25c50f0:	0x0000000000000002	0x0000000000000006
0x7ffff25c5100:	0x0000000100000001	0x0000000000000030
0x7ffff25c5110:	0x0000003000000000	0x8000000000010001
0x7ffff25c5120:	0x0000000000000020	0x00007ffff13a9d50
0x7ffff25c5130:	0x0000000000000020	0x000000000000001d
0x7ffff25c5140:	0x00007ffff082cbd0	0x000000000000001d
0x7ffff25c5150:	0x000000000000002b	0x00007ffff0663590
0x7ffff25c5160:	0x000000000000002b	0x0000000000000040
0x7ffff25c5170:	0x00007ffff18fd970	0x0000000000000040
0x7ffff25c5180:	0x0000000000000320	0x00000000000001c4
0x7ffff25c5190:	0x0000000000000002	0x0000000000000006
0x7ffff25c51a0:	0x0000000200000002	0x0000000000000036
0x7ffff25c51b0:	0x0000003600000000	0x8000000000010001
0x7ffff25c51c0:	0x0000000000000020	0x00007ffff0725e90
0x7ffff25c51d0:	0x0000000000000020	0x000000000000001d
0x7ffff25c51e0:	0x00007ffff10d1160	0x000000000000001d
0x7ffff25c51f0:	0x000000000000002b	0x00007ffff1ab0a50
0x7ffff25c5200:	0x000000000000002b	0x0000000000000040
0x7ffff25c5210:	0x00007ffff0bffc00	0x0000000000000040
0x7ffff25c5220:	0x0000000000000320	0x00000000000001c4
0x7ffff25c5230:	0x0000000000000002	0x0000000000000006
0x7ffff25c5240:	0x0000000300000003	0x0000000000000036
0x7ffff25c5250:	0x0000003600000000	0x8000000000010001
0x7ffff25c5260:	0x0000000000000020	0x00007ffff17cf300
0x7ffff25c5270:	0x0000000000000020	0x000000000000001d
0x7ffff25c5280:	0x00007ffff0a68c20	0x000000000000001d
0x7ffff25c5290:	0x000000000000002b	0x00007ffff0c30df0
0x7ffff25c52a0:	0x000000000000002b	0x0000000000000040
0x7ffff25c52b0:	0x00007ffff1a843e0	0x0000000000000040
0x7ffff25c52c0:	0x0000000000000320	0x00000000000001c4
0x7ffff25c52d0:	0x0000000000000002	0x0000000000000006

thread 'hillslope::tests::stage3_laned_release_one_ofe_positive_baseline_profile' (3301673) panicked at crates/openwepp-runner/src/hillslope/tests03/stage3_runner_qualification/component_replay_audit.rs:131:5:
assertion failed: audit.sweeps.iter().any(|sweep|
        {
            sweep.occupancy_count == 2 && sweep.soil_count == 6 &&
                                sweep.logical_probe_count == 58 &&
                            sweep.identity_anchor_probe_count == 14 &&
                        sweep.component_replay_probe_count == 16 &&
                    sweep.complete_probe_count == 28 && sweep.completed
        })
note: run with `RUST_BACKTRACE=1` environment variable to display a backtrace
FAILED

failures:

failures:
    hillslope::tests::stage3_laned_release_one_ofe_positive_baseline_profile

test result: FAILED. 0 passed; 1 failed; 0 ignored; 0 measured; 237 filtered out; finished in 10.92s

[LWP 3301673 exited]
[Inferior 1 (process 3301670) exited with code 0145]
