plot,basket,date,seq,hemlock,whpine,oaks,birches,maples,othdecid,misc,twbacone,frass,total,notes
1,1,2005-12-05,1,12.32,5.03,1.99,0.08,0.27,0,1.57,3.31,NA,24.57,NA
1,2,2005-12-05,1,1.81,0.16,0.32,11.39,0.49,1.64,2.04,2.89,NA,20.75,NA
1,3,2005-12-05,1,23,0,1.25,1.6,0.67,0,2.08,2.81,NA,31.4,NA
1,4,2005-12-05,1,18.4,5.11,0,0.61,1.39,0,2.03,2.2,NA,29.73,NA
1,5,2005-12-05,1,6.98,3.28,2.83,0.29,6.98,0,1.36,0.52,NA,22.24,NA
2,1,2005-12-05,1,1.29,4.48,5.36,0.1,1.19,0,0.51,0.31,NA,13.23,NA
2,2,2005-12-05,1,0.38,0.91,1.72,0.33,0,0,0.25,0.7,NA,4.28,NA
2,3,2005-12-05,1,0.77,1.27,4.98,0.44,0,0,0.37,1.19,NA,9.03,NA
2,4,2005-12-05,1,0.73,2.42,11.56,0.47,0.2,0,0.2,0.57,NA,16.15,NA
2,5,2005-12-05,1,0.64,2.29,8.33,0,0,0,0.33,0.09,NA,11.68,NA
3,1,2005-12-05,1,6.69,1.16,12.72,0.82,0.99,0.81,2.48,4.75,NA,30.43,NA
3,2,2005-12-05,1,12.48,0.09,4.27,1.1,1.28,0,1.42,3.75,NA,24.39,NA
3,3,2005-12-05,1,11.19,0,4.27,5.39,4.44,0.91,1.42,2.01,NA,29.63,NA
3,4,2005-12-05,1,13.94,0.25,0,6.57,2.31,0.33,2.04,4.85,NA,30.29,NA
3,5,2005-12-05,1,4.86,0.28,7.01,0.62,1.13,0,1.85,0.8,NA,16.55,NA
4,1,2005-12-05,1,1.32,0.14,8.96,8.28,0.11,0,0.66,0.41,NA,19.88,NA
4,2,2005-12-05,1,0.42,0,4.75,2.49,0,0,0.34,0.74,NA,8.74,NA
4,3,2005-12-05,1,0.46,0.69,7.22,3.35,1.13,0,0.64,0.22,NA,13.71,NA
4,4,2005-12-05,1,0.39,0,9.49,0.6,0.1,0.08,0.37,4.54,NA,15.56,NA
4,5,2005-12-05,1,0,0.61,5.32,0.72,0.76,0,1.22,1.08,NA,9.7,NA
5,1,2005-12-05,1,10.78,0,7.28,4.86,5.17,0,1.77,8.08,NA,37.93,NA
5,2,2005-12-05,1,11.49,0,5.5,10.58,2.92,0,1.91,6.58,NA,38.98,NA
5,3,2005-12-05,1,14.32,0.17,0.33,3.69,1.25,0,1.59,8.47,NA,29.82,NA
5,4,2005-12-05,1,14.85,0,7.09,0.57,0.31,0,1.49,4.48,NA,28.79,NA
5,5,2005-12-05,1,8.03,0.24,9.89,3.72,1.48,0.48,1.19,3.51,NA,28.53,NA
6,1,2005-12-05,1,6.45,2.24,4.84,4.14,5.4,4.74,0.96,3.89,NA,32.64,NA
6,2,2005-12-05,1,13.72,0.06,0.52,5.41,3.28,0,1.89,2.93,NA,27.8,NA
6,3,2005-12-05,1,3.19,1.14,1.87,3.76,7.65,4.92,1.15,3.73,NA,27.41,NA
6,4,2005-12-05,1,12.45,1.46,1.82,3.79,3.87,0,1.83,5.12,NA,30.34,NA
6,5,2005-12-05,1,13.4,1.43,2.27,3.6,0.79,0,0.87,4.06,NA,26.42,NA
7,1,2005-12-05,1,3.77,10.47,7.55,3.62,1.06,0,0.35,1.72,NA,28.54,NA
7,2,2005-12-05,1,0.85,1.3,17.31,13.58,1.74,0,0.97,2.19,NA,37.94,NA
7,3,2005-12-05,1,0.42,3.51,13.42,10.09,1.03,0.16,1.68,0.67,NA,30.98,NA
7,4,2005-12-05,1,1.26,16.44,10.97,11.95,2.38,0.25,1.36,1.37,NA,45.98,NA
7,5,2005-12-05,1,5.55,4.71,6.1,5.15,1.91,0.73,1.77,0.44,NA,26.35,NA
8,1,2005-12-05,1,0,1.17,19.69,4.26,6.48,2.24,0.63,2.32,NA,36.79,NA
8,2,2005-12-05,1,0,12.06,17.49,6.23,6.87,0,0.93,3.51,NA,47.08,NA
8,3,2005-12-05,1,0,0,22.48,11.44,2.14,0,0.44,0.36,NA,36.86,NA
8,4,2005-12-05,1,0,10.02,15.64,7.33,8.32,0,0.55,3.91,NA,45.78,NA
8,5,2005-12-05,1,0,0,29.78,3.73,2.29,0,0.8,0.75,NA,37.35,NA
1,1,2006-03-30,2,4.54,4.77,0,0,0,0,0.47,10.2,NA,19.97,NA
1,2,2006-03-30,2,0.49,0.01,0,0,0,0,0.09,0.19,NA,0.77,NA
1,3,2006-03-30,2,4.15,0.06,0,0,0,0,0.34,6.18,NA,10.73,NA
1,4,2006-03-30,2,4.4,0.35,0,0,0,0,0.44,7.32,NA,12.51,NA
1,5,2006-03-30,2,3.19,2.6,0,0,0,0,0.2,2.23,NA,8.22,NA
2,1,2006-03-30,2,1.59,0.73,0,0,0,0.02,0.22,0.75,NA,3.31,NA
2,2,2006-03-30,2,0.21,0.1,0,0,0,0,0.06,0.34,NA,0.71,NA
2,3,2006-03-30,2,0.62,0.08,0,0,0,0,0.12,5.79,NA,6.61,NA
2,4,2006-03-30,2,0.43,0.23,0,0.04,0,0,0.19,0.55,NA,1.44,NA
2,5,2006-03-30,2,0.59,1.24,0.76,0,0,0,0.1,0.41,NA,3.09,NA
3,1,2006-03-30,2,4.07,0.1,0.04,0,0,0.1,0.41,6.34,NA,11.06,NA
3,2,2006-03-30,2,4.4,0.01,4.24,0,0,0,0.05,5.27,NA,13.97,NA
3,3,2006-03-30,2,3.12,0,0,0,0,0,0.3,4.39,NA,7.81,NA
3,4,2006-03-30,2,2.88,0.03,0,0,0,0,0.35,3.74,NA,7,NA
3,5,2006-03-30,2,1.49,0.08,0,0,0,0,0.22,6.41,NA,8.2,NA
4,1,2006-03-28,2,0.36,0.01,0.01,0,0,0,0.29,0.59,NA,1.26,NA
4,2,2006-03-28,2,0.85,0.01,0,0.01,0,0,1.28,0.73,NA,2.88,NA
4,3,2006-03-28,2,0.36,0.15,0,0,0,0,0.21,0.3,NA,1.02,NA
4,4,2006-03-28,2,0.15,0,0.35,0,0,0,0.06,0.15,NA,0.71,NA
4,5,2006-03-28,2,0.7,0,0.42,0,0,0,0.09,14.72,NA,15.93,NA
5,1,2006-03-28,2,5.75,0,0,0.05,0,0,0.3,7.07,NA,13.17,NA
5,2,2006-03-28,2,6.92,0,0.46,0,0,0,0.3,7.38,NA,15.06,NA
5,3,2006-03-28,2,5.54,0.03,0,0,0,0,0.45,13.67,NA,19.69,NA
5,4,2006-03-28,2,2.22,3.05,0,0,0,0,0.32,8.78,NA,14.36,NA
5,5,2006-03-28,2,5.96,0.04,0,0.33,0,0,0.38,5.4,NA,12.11,NA
6,1,2006-03-28,2,4.01,0.38,0,0.72,0,0,0.34,5.91,NA,11.36,NA
6,2,2006-03-28,2,7.68,0.02,0,0,0,0,0.24,6.23,NA,14.17,NA
6,3,2006-03-28,2,4.5,0.16,0.84,0,0.21,0,0.3,1.76,NA,7.77,NA
6,4,2006-03-28,2,4.38,0.39,0,0.02,0.09,0,0.29,4.87,NA,10.04,NA
6,5,2006-03-28,2,6.21,0.21,0,0,0,0,0.21,8.8,NA,15.43,NA
7,1,2006-03-28,2,1.92,0.64,0,0,0,0,0.59,37.24,NA,40.39,NA
7,2,2006-03-28,2,0.24,0.17,0.11,0,0,0,0.49,0.73,NA,1.74,NA
7,3,2006-03-28,2,0.06,0.14,0,0,0,0,0.69,6.27,NA,7.16,NA
7,4,2006-03-28,2,0.09,1.28,0.42,0,0,0.01,1.25,2.49,NA,5.54,NA
7,5,2006-03-28,2,1.77,0.52,0,0,0,0,0.3,1.68,NA,4.27,NA
8,1,2006-03-30,2,0.02,0,0.07,0,0,0,0.27,1.94,NA,2.3,NA
8,2,2006-03-30,2,0.04,1,0,0.06,0,0,0.48,4.28,NA,5.86,NA
8,3,2006-03-30,2,0,0,0.13,0,0,0.04,0.29,0.24,NA,0.7,NA
8,4,2006-03-30,2,0.07,1.04,0,0,0.06,0,0.37,0.66,NA,2.2,NA
8,5,2006-03-30,2,0,0.02,0,0,0,0.08,0.17,0.34,NA,0.61,NA
1,1,2006-06-21,3,21.08,1.31,0,0,0,0,0,3.32,NA,25.71,NA
1,2,2006-06-21,3,NA,NA,NA,NA,NA,NA,NA,NA,NA,NA,missing
1,3,2006-06-21,3,30.39,0.06,0.21,0,0,0.05,0.04,1.78,NA,32.53,NA
1,4,2006-06-21,3,17.7,1.42,0,0,0,0,0.01,1.25,NA,20.38,NA
1,5,2006-06-21,3,9.89,0.96,0,0,0,0,0,1.05,NA,11.9,NA
2,1,2006-06-21,3,2.49,1.64,0,0,0,0.11,0.17,0.22,NA,4.62,NA
2,2,2006-06-21,3,0.49,0.6,0,0,0,0.03,0.08,0.09,NA,1.3,NA
2,3,2006-06-21,3,0.6,0.52,0,0.02,0,0,0.1,0.3,NA,1.53,NA
2,4,2006-06-21,3,0.53,1,0.44,0,0,0,0.16,0.53,NA,2.66,NA
2,5,2006-06-21,3,0.49,1.22,0,0,0,0,0.1,0.22,NA,2.02,NA
3,1,2006-06-21,3,4.45,0.41,0,0,0,0,0,2.01,NA,6.87,NA
3,2,2006-06-21,3,4.15,0.02,0,0,0,0.13,0.19,11.39,NA,15.87,some dead wood flakes
3,3,2006-06-21,3,5.03,0.03,0,0.11,0,0,0.48,2.39,NA,8.04,NA
3,4,2006-06-21,3,4.3,0.09,0,0.17,0,0,0,1.54,NA,6.09,NA
3,5,2006-06-21,3,2.79,0.25,0.11,0,0.16,0,0,1.85,NA,5.16,NA
4,1,2006-06-21,3,0.6,0.08,0.24,0.02,0,0.11,0.02,3.64,NA,4.71,birch seeds (?)
4,2,2006-06-21,3,0.3,0.04,0.26,0,0,0,0,1.13,NA,1.72,birch seeds (?)
4,3,2006-06-21,3,0.36,0.43,0,0.04,0.71,0,0.15,1.69,NA,3.38,birch seeds (?)
4,4,2006-06-21,3,0.16,0.02,0.59,0,0,0,0.04,1.39,NA,2.2,birch seeds (?)
4,5,2006-06-21,3,0.22,0.11,0,0,0,0.05,0.03,2.32,NA,2.74,birch seeds (?)
5,1,2006-06-21,3,26.3,0,0.32,0.08,0.09,0.07,0.09,2.15,NA,29.08,NA
5,2,2006-06-21,3,25.47,0.01,0,0.09,0,0.23,0,1.91,NA,27.71,birch seeds (?)
5,3,2006-06-21,3,27.98,0.19,0,0.12,0,0.34,0,1.14,NA,29.77,NA
5,4,2006-06-21,3,21.8,0.02,0,0,0,0,0,1.04,NA,22.86,NA
5,5,2006-06-21,3,21.31,0.23,0,0,0,0.02,0.02,0.82,NA,22.4,NA
6,1,2006-06-21,3,3.5,0.56,0,0.02,0,0.2,0,0.93,NA,5.22,NA
6,2,2006-06-21,3,3.79,0.02,0,0,0,0.14,0,0.91,NA,4.86,NA
6,3,2006-06-21,3,2.38,0.54,0,0.13,0,0.11,0,1.17,NA,4.33,NA
6,4,2006-06-21,3,5.69,0.73,0,0.23,0,0,0,5.02,NA,11.67,NA
6,5,2006-06-21,3,4.87,0.26,0,0,0,0.13,0.01,0.92,NA,6.2,birch seeds (?)
7,1,2006-06-21,3,2.6,2.71,0,0.2,0,0,0,1.3,NA,6.8,NA
7,2,2006-06-21,3,0.08,0.7,0,0.24,0,0.06,0,3.4,NA,4.48,birch seeds (?)
7,3,2006-06-21,3,0.01,0.63,0,0.14,0,0.03,0.07,1.92,NA,2.8,birch seeds (?)
7,4,2006-06-21,3,0.01,3.14,0,0,0,0.37,0,3.94,NA,7.46,NA
7,5,2006-06-21,3,2.97,1.46,0,0,0,0.32,0,0.37,NA,5.11,mainly cones
8,1,2006-06-21,3,0.01,0.16,0.22,0.1,0,0.1,0,2.26,NA,2.85,NA
8,2,2006-06-21,3,0.06,1.02,0,0.03,0.21,0.09,0,1.86,NA,3.27,birch seeds (?)
8,3,2006-06-21,3,0.01,0.02,0,0.43,0,0.49,0,1.71,NA,2.65,NA
8,4,2006-06-21,3,0.04,0.71,0,0.11,0.33,0,0,2.53,NA,3.71,birch seeds (?)
8,5,2006-06-21,3,0,0.01,0,0,0,1.22,0,1.2,NA,2.42,NA
1,1,2006-09-13,4,5.29,1.76,0,0,0.13,0,0.19,0.69,NA,8.06,NA
1,2,2006-09-13,4,0.91,0.06,0,1.19,0.01,0.21,0.4,0.2,NA,2.99,other dec. may be shrub 
1,3,2006-09-13,4,15.68,0.1,0.06,0,0.19,0,0,5.33,NA,21.36,NA
1,4,2006-09-13,4,13.64,1.15,0,0.09,0,0.02,0,0.79,NA,15.68,NA
1,5,2006-09-13,4,7.78,1.17,0.36,0,0.84,0.21,0,2.01,NA,12.37,NA
2,1,2006-09-13,4,0.39,2.3,0,0,0,0.07,0.3,0.12,NA,3.19,NA
2,2,2006-09-13,4,0.07,0.49,0.12,0,0,0,0,0.53,NA,1.21,misc det added to twig/bark/cone because mostly fasciles
2,3,2006-09-13,4,0.48,0.44,0,0.12,0,0,0.86,0.21,NA,2.11,NA
2,4,2006-09-13,4,0.24,0.58,1.26,0,0,0,0.89,0.25,NA,3.22,NA
2,5,2006-09-13,4,0.29,0.57,1.31,0,0,0,0.05,0.65,NA,2.87,NA
3,1,2006-09-13,4,5.07,0.23,0.02,0,0.1,0,0.51,6.21,NA,12.14,NA
3,2,2006-09-13,4,6.6,0,0.11,0.09,0,0,1.09,0.87,NA,8.76,NA
3,3,2006-09-13,4,4.66,0.01,0,0.35,0.37,0.19,0.16,3.85,NA,9.59,NA
3,4,2006-09-13,4,5.54,0.05,0,0.87,0,0.07,0.45,2.11,NA,9.09,NA
3,5,2006-09-13,4,4.55,0.09,0.05,0.18,0.26,0,0.6,1.7,NA,7.43,NA
4,1,2006-09-13,4,0.69,0.04,0.46,1.03,0,0.06,0.41,0.14,NA,2.83,NA
4,2,2006-09-13,4,0.14,0,0,0.17,0,0,0.35,6.26,NA,6.92,NA
4,3,2006-09-13,4,0.15,0.14,0.3,0.5,0,0.04,0.83,0.27,NA,2.23,NA
4,4,2006-09-13,4,0.27,0,0.24,0.21,0.03,0,0.33,0.36,NA,1.44,NA
4,5,2006-09-13,4,0.1,0.07,0.09,0,0.03,0,0.54,0.97,NA,1.8,NA
5,1,2006-09-13,4,7.06,0,0,0.7,0.18,0.38,0.31,4.36,NA,12.99,NA
5,2,2006-09-13,4,9.53,0.01,0.19,1.33,0.32,0,0.71,7.08,NA,19.17,NA
5,3,2006-09-13,4,10.09,0.26,0.02,0,0.45,0.58,0.15,2.53,NA,14.08,NA
5,4,2006-09-13,4,25.83,0.02,1.19,0.1,0,0,0.11,3.48,NA,30.73,NA
5,5,2006-09-13,4,8.61,0.12,0.28,0.1,0,0,0.42,0.37,NA,9.9,NA
6,1,2006-09-13,4,2.4,0.37,0,0.25,0,0,0.94,0.38,NA,4.34,NA
6,2,2006-09-13,4,5.73,0.02,0,1.02,0,0.28,0.68,9.81,NA,17.54,NA
6,3,2006-09-13,4,1.49,0.22,0,0.15,0.64,0.41,0.79,0.15,NA,3.85,NA
6,4,2006-09-13,4,5.63,0.11,0.2,0.43,0,0,0.5,3.83,NA,10.7,NA
6,5,2006-09-13,4,8.07,0.39,0,0.39,0.12,0,0.86,2.61,NA,12.44,NA
7,1,2006-09-13,4,0.54,2.06,0,0.25,0,0,2.63,2.48,NA,7.96,misc det mostly fasciles
7,2,2006-09-13,4,NA,NA,NA,NA,NA,NA,NA,NA,NA,NA,not sampled; mesh collapsed in basket
7,3,2006-09-13,4,0,0.73,1.17,3.95,0,0.36,2.45,0.51,NA,9.17,misc det mostly fasciles
7,4,2006-09-13,4,NA,NA,NA,NA,NA,NA,NA,NA,NA,NA,not sampled; mesh collapsed in basket
7,5,2006-09-13,4,2.16,1.87,0,0.21,0.25,0.14,0.31,0.08,NA,5.02,NA
8,1,2006-09-13,4,0,0.08,1.05,0.19,0,0.14,0.93,3.89,NA,6.28,NA
8,2,2006-09-13,4,0.1,2.19,1.01,1.13,0.33,0,2.01,1.78,NA,8.55,NA
8,3,2006-09-13,4,0,0,1.04,1.34,0,0,0.34,0.9,NA,3.62,NA
8,4,2006-09-13,4,0.07,1.37,0.24,0.55,0.45,0,1.5,1.51,NA,5.69,NA
8,5,2006-09-13,4,0,0.04,2.63,0.04,0.52,0,0.7,0,NA,3.93,NA
1,1,2006-12-06,5,0.42,6.99,1.77,0.36,0,0,0.45,3.89,NA,13.88,NA
1,2,2006-12-06,5,0.82,0.15,0.87,11.62,0.71,2.31,0.3,0.9,NA,17.68,NA
1,3,2006-12-06,5,1.35,0.03,2.58,1.17,0.02,0,0.54,91.45,NA,97.14,86.3g bark; presumably from a borered tree
1,4,2006-12-06,5,1.15,6.79,1.17,0.45,1.13,0,0.53,4.22,NA,15.44,NA
1,5,2006-12-06,5,5.09,4.97,3.19,0.11,8,0,0.22,1.54,NA,23.12,NA
2,1,2006-12-06,5,0.5,7.75,2.65,0.07,0.7,0,0.32,0.34,NA,12.33,NA
2,2,2006-12-06,5,0.11,2.43,1.39,0.15,0,0,0.13,9.45,NA,13.66,NA
2,3,2006-12-06,5,0.86,1.15,6.54,0.52,0,0.13,0.25,0.4,NA,9.85,NA
2,4,2006-12-06,5,0.32,2.19,21.37,0.36,0.41,0,0.27,1.04,NA,25.96,NA
2,5,2006-12-06,5,0.51,2.94,8.84,1.05,0,0,0.27,0.6,NA,14.21,NA
3,1,2006-12-06,5,6.06,1.5,10.36,0.35,1.2,0.41,0.3,3.62,NA,23.8,NA
3,2,2006-12-06,5,6.7,0.11,6.99,0.91,0.26,0.12,0.22,6.05,NA,21.36,NA
3,3,2006-12-06,5,4.65,0.08,2.92,1.19,5.87,1.87,0.08,3.03,NA,19.69,NA
3,4,2006-12-06,5,6.97,0.35,1.98,4.6,2.12,0,0.29,4.97,NA,21.28,NA
3,5,2006-12-06,5,5.66,0.16,6.37,0.7,1.06,0,0.4,0.96,NA,15.31,NA
4,1,2006-12-06,5,1.33,0.24,5.51,7.87,0,0,0.24,6.15,NA,21.34,NA
4,2,2006-12-06,5,0.25,0.08,6.64,1.38,0,0,0.2,2.86,NA,11.41,NA
4,3,2006-12-06,5,0.28,0.96,11.28,2.61,0.95,0,0.39,1.69,NA,18.16,NA
4,4,2006-12-06,5,0.26,0.09,6.54,1.32,0.84,0,0.49,0.2,NA,9.74,NA
4,5,2006-12-06,5,0.1,0.19,10.17,0.91,0.08,0,0.47,2.09,NA,14.01,NA
5,1,2006-12-06,5,0.76,0,7.67,3.41,3.49,0,0.67,3.66,NA,19.66,NA
5,2,2006-12-06,5,2.64,0,3.49,7.75,2.96,0,0.52,3.74,NA,21.1,NA
5,3,2006-12-06,5,0.85,0.6,1.54,3.32,0.76,0,0.44,2.64,NA,10.15,NA
5,4,2006-12-06,5,0.34,0.03,9.2,0.92,0.46,0,0.53,4.57,NA,16.05,NA
5,5,2006-12-06,5,1.19,0.16,8.94,4.33,2.31,0,0.41,4.52,NA,21.86,NA
6,1,2006-12-06,5,3.94,2.56,2.39,1.82,3.83,4.93,0.46,4.32,NA,24.25,other mostly ash
6,2,2006-12-06,5,7.45,0.2,2.11,4.48,1.26,0.09,0.48,7.84,NA,23.91,NA
6,3,2006-12-06,5,2.58,1.89,1.52,3.12,8.1,6.96,1.08,2.72,NA,27.97,other mostly ash
6,4,2006-12-06,5,7.25,1.52,1.51,4.47,3.17,0,0.47,7.79,NA,26.18,NA
6,5,2006-12-06,5,7.79,1.98,1.41,2.55,0.28,0.07,0.31,6.33,NA,20.72,NA
7,1,2006-12-06,5,1.58,15.89,4.98,2.36,0.32,0,0.55,4.83,NA,30.51,NA
7,2,2006-12-06,5,0.48,1.7,18.46,7.54,2.02,0.36,0.13,1.75,NA,32.44,NA
7,3,2006-12-06,5,0.01,4.75,19.11,7.05,0.19,0.25,0.24,3.51,NA,35.11,NA
7,4,2006-12-06,5,0.04,17.94,5.56,8.63,1.2,0.5,0.32,4.25,NA,38.44,NA
7,5,2006-12-06,5,5.18,7.94,8.61,4.22,0.78,0,0.37,8.35,NA,35.45,NA
8,1,2006-12-06,5,0.01,0.71,25.93,2.77,7.82,3.5,0.3,0.38,NA,41.42,NA
8,2,2006-12-06,5,0.31,10.97,15.99,3.55,7.65,0.21,1.01,4.93,NA,44.62,NA
8,3,2006-12-06,5,0.01,0.01,18.49,5.72,2.65,0,0.28,0.51,NA,27.67,NA
8,4,2006-12-06,5,0.17,7.2,16.17,7.24,7.84,0,1.59,1.53,NA,41.74,NA
8,5,2006-12-06,5,0,0.06,33.08,1.21,1.13,0.75,0.35,0.18,NA,36.76,other may be witch hazel
1,1,2007-04-11,6,0.21,0.5,0,0,0,0,0.13,1.91,NA,2.75,NA
1,2,2007-04-11,6,0.45,0.03,0,0.06,0,0,0.22,0.23,NA,0.99,NA
1,3,2007-04-11,6,0.14,0.07,0,0,0,0,0.86,12.06,NA,13.13,bark chunks
1,4,2007-04-11,6,0.79,1.3,0,0,0,0,0.43,6.76,NA,9.28,twig mostly hemlock
1,5,2007-04-11,6,0.78,0.33,0,0,0,0,0.11,1.84,NA,3.06,NA
2,1,2007-04-11,6,0.29,0.61,0,0,0,0,0.13,0.38,NA,1.41,NA
2,2,2007-04-11,6,0.18,0.08,0,0,0,0,0.08,0.12,NA,0.46,NA
2,3,2007-04-11,6,0.94,0.35,0,0,0,0,0,0.89,NA,2.18,NA
2,4,2007-04-11,6,0.24,0.21,0,0,0,0,0.27,0.23,NA,0.95,NA
2,5,2007-04-11,6,0.63,0.76,0,0,0,0,0.16,1.09,NA,2.64,NA
3,1,2007-04-11,6,2.01,0.19,0,0,0,0,0.65,2.35,NA,5.2,twig mostly hemlock
3,2,2007-04-11,6,2,0,0.65,0,0,0,0.24,10.2,NA,13.09,twig mostly hemlock
3,3,2007-04-11,6,3.08,0,0,0,0,0,0.28,8.21,NA,11.57,NA
3,4,2007-04-11,6,2.89,0.11,0.66,0,0,0,0.25,6.29,NA,10.2,NA
3,5,2007-04-11,6,1.25,0.11,0.57,0,0,0,0.2,1.48,NA,3.61,NA
4,1,2007-04-11,6,0.37,0.03,0.06,0,0,0,0.07,3.16,NA,3.69,NA
4,2,2007-04-11,6,0.19,0.01,0.65,0,0,0,0.07,1.61,NA,2.53,NA
4,3,2007-04-11,6,0.17,0.08,0,0,0,0,0.27,0.82,NA,1.34,NA
4,4,2007-04-11,6,0.05,0.01,0,0,0,0,0,0.76,NA,0.82,NA
4,5,2007-04-11,6,0.06,0.02,0,0,0,0,0.02,0.45,NA,0.55,NA
5,1,2007-04-11,6,1.29,0.01,0,0,0,0,0.15,1.97,NA,3.42,NA
5,2,2007-04-11,6,1.4,0.03,0,0.06,0,0,0.13,1.12,NA,2.74,NA
5,3,2007-04-11,6,0.2,0.16,0,0,0,0,0.13,2.83,NA,3.32,NA
5,4,2007-04-11,6,0.08,0.03,0.73,0,0,0,0.1,7.47,NA,8.41,NA
5,5,2007-04-11,6,0.16,0.05,0,0,0,0,0.73,2.97,NA,3.91,NA
6,1,2007-04-11,6,2.36,0.2,0,0,0,0,0.17,2.07,NA,4.8,NA
6,2,2007-04-11,6,2.01,0.01,0,0,0,0,0.16,3.55,NA,5.73,NA
6,3,2007-04-11,6,1,0.14,0,0,0,0.02,0.11,1.9,NA,3.17,other deciduous is Fraxinus
6,4,2007-04-11,6,2.89,0.12,0,0,0,0,0.27,10.2,NA,13.48,hemlock twig & cone
6,5,2007-04-11,6,2.68,0.13,0,0.06,0,0,0.21,6.8,NA,9.88,hemlock twig & cone
7,1,2007-04-11,6,1.99,0.43,0.31,0,0,0,0.2,2.78,NA,5.71,NA
7,2,2007-04-11,6,0.12,0.11,0,0.1,0,0,0,1.17,NA,1.5,NA
7,3,2007-04-11,6,0.03,0.17,0.73,0.18,0,0,0.74,0.28,NA,2.13,NA
7,4,2007-04-11,6,0.1,0.41,0,0.05,0,0,0.27,7.56,NA,8.39,big pine cone
7,5,2007-04-11,6,1.88,0.44,0.43,0,0,0,0.12,1.18,NA,4.05,NA
8,1,2007-04-11,6,0.01,0,0.51,0,0,0,0.11,0.49,NA,1.12,NA
8,2,2007-04-11,6,0.09,0.79,0.35,0,0,0,0.14,2.72,NA,4.09,NA
8,3,2007-04-11,6,0.01,0,0.69,0.19,0,0,0.23,2.08,NA,3.2,NA
8,4,2007-04-11,6,0.04,0.2,0,0,0,0,0,1.54,NA,1.78,NA
8,5,2007-04-11,6,0.01,0.01,0.06,0.02,0,0,0,0.52,NA,0.62,NA
1,1,2007-06-22,7,0.42,1.11,0.15,0,0,0,0.33,1.58,NA,3.59,NA
1,2,2007-06-22,7,0.73,0.03,0,0.12,0,0,0.16,0.84,NA,1.88,NA
1,3,2007-06-22,7,0.38,0.05,0,0.14,0,0,0.52,1.59,NA,2.68,NA
1,4,2007-06-22,7,2.85,2.1,0,0,0,0,0.09,1.29,NA,6.33,NA
1,5,2007-06-22,7,4.85,0.42,0,0,0,0,0.43,1.82,NA,7.52,NA
2,1,2007-06-22,7,0.61,1.39,0,0,0,0,0.35,1.33,NA,3.68,NA
2,2,2007-06-22,7,0.25,0.47,0,0,0,0,0.02,0.18,NA,0.92,NA
2,3,2007-06-22,7,0.55,0.43,0,0.02,0,0,0.1,0.85,NA,1.95,NA
2,4,2007-06-22,7,0.19,0.66,0.49,0,0,0,0.45,1.01,NA,2.8,NA
2,5,2007-06-22,7,0.41,0.66,0.62,0.22,0,0,0.3,0.49,NA,2.7,NA
3,1,2007-06-22,7,3.14,0.17,0,0,0,0,0.94,3.76,NA,8.01,NA
3,2,2007-06-22,7,2.31,0.02,0,0,0,0,0.83,2.27,NA,5.43,NA
3,3,2007-06-22,7,2.06,0.02,0,0.2,0,0,0.37,3.44,NA,6.09,NA
3,4,2007-06-22,7,2.33,0.07,0,0,0.09,0,0.72,3.85,NA,7.06,NA
3,5,2007-06-22,7,2.4,0.06,0.55,0,0,0,0.69,2.17,NA,5.87,NA
4,1,2007-06-22,7,0.52,0.04,0,0.19,0,0,0.1,0.81,NA,1.66,NA
4,2,2007-06-22,7,0.18,0.02,0,0,0,0,0.34,0.55,NA,1.09,NA
4,3,2007-06-22,7,0.15,0.12,0.08,0,0,0,0.54,1.11,NA,2,NA
4,4,2007-06-22,7,0.1,0,2.13,0,0,0,0.41,1.03,NA,3.67,NA
4,5,2007-06-22,7,0.17,9.38,0.35,0,0.31,0,0.75,4.89,NA,15.85,NA
5,1,2007-06-22,7,0.85,0,0,0,0,0,0.42,3.56,NA,4.83,NA
5,2,2007-06-22,7,1.08,0,0,0.34,0,0,0.42,1.75,NA,3.59,NA
5,3,2007-06-22,7,0.2,0.17,0,0.05,0,0,0.26,2.02,NA,2.7,NA
5,4,2007-06-22,7,0.05,0.03,0,0,0,0,0.56,2.41,NA,3.05,NA
5,5,2007-06-22,7,0.29,0.08,0.44,0,0,0,0.54,2.32,NA,3.67,NA
6,1,2007-06-22,7,1.85,0.27,0,0.12,0,0,0.51,1.18,NA,3.93,NA
6,2,2007-06-22,7,2.13,0.01,0,0,0,0,0.53,2.02,NA,4.69,NA
6,3,2007-06-22,7,0.87,0.26,0,0,0.07,0,0.87,1.68,NA,3.75,NA
6,4,2007-06-22,7,2.42,0.26,0,0.2,0,0,0.46,1.09,NA,4.43,NA
6,5,2007-06-22,7,4.97,0.18,0,0,0,0,0.24,2.38,NA,7.77,NA
7,1,2007-06-22,7,0.65,1.27,0,0.04,0,0,1.01,7.01,NA,9.98,bark chunks
7,2,2007-06-22,7,1.06,0.25,0,1.82,0,0,0.47,1.66,NA,5.26,NA
7,3,2007-06-22,7,0,0.41,0.65,0.07,0,0,0.84,2.84,NA,4.81,bark chunks
7,4,2007-06-22,7,0.02,2.04,0,0.28,0,0,0.01,3.62,NA,5.97,male pine strobili
7,5,2007-06-22,7,2.87,1.68,0,0.08,0,0,0.11,1.16,NA,5.9,NA
8,1,2007-06-22,7,0.01,0.1,0,0.16,0,0,0.59,2.17,NA,3.03,NA
8,2,2007-06-22,7,0.15,1.39,0,0.07,0,0,0.24,2.16,NA,4.01,NA
8,3,2007-06-22,7,0,0,1.2,0.11,0,0,0.71,1.07,NA,3.09,NA
8,4,2007-06-22,7,0.12,0.32,0.5,0.1,0.23,0,0.74,0.94,NA,2.95,NA
8,5,2007-06-22,7,0.01,0,0,0.21,0,0,0.58,0.98,NA,1.78,NA
1,1,2007-09-14,8,0.03,1.84,0,0,0,0,0.16,2.12,NA,4.15,NA
1,2,2007-09-14,8,0.04,0.03,0,0.33,0.04,0.37,0.49,0.98,NA,2.28,NA
1,3,2007-09-14,8,0.03,0.1,0,0.12,0,0,1.35,2.21,NA,3.81,NA
1,4,2007-09-14,8,2.65,1.55,0,0.27,0.21,0,0.65,2.33,NA,7.66,NA
1,5,2007-09-14,8,0.03,1.44,0,0,0.45,0,0.39,1.92,NA,4.23,NA
2,1,2007-09-14,8,0.4,1.51,0,0,0,0,0.35,1.47,NA,3.73,NA
2,2,2007-09-14,8,0.09,0.45,0,1.4,0,0,0.12,0.38,NA,2.44,NA
2,3,2007-09-14,8,1.4,0.43,0,0.14,0,0,0.46,0.53,NA,2.96,NA
2,4,2007-09-14,8,0.27,1.01,0.35,0.47,0,0,0.36,0.9,NA,3.36,NA
2,5,2007-09-14,8,1.24,0.68,0.13,2.02,0,0,1.22,0.43,NA,5.72,NA
3,1,2007-09-14,8,7.9,0.23,0.2,0,0,0,0.78,3.41,NA,12.52,NA
3,2,2007-09-14,8,11.3,0,0.6,0.09,0,0,0.71,2.27,NA,14.97,NA
3,3,2007-09-14,8,8.8,0.04,0,0.22,0.12,0,0.97,1.43,NA,11.58,NA
3,4,2007-09-14,8,10.29,0.05,0,0,0,0,0.58,0.96,NA,11.88,NA
3,5,2007-09-14,8,7.11,0.14,0.42,0,0,0,0.56,8.19,NA,16.42,acorns
4,1,2007-09-14,8,1.47,0.05,0.09,1.04,0,0,0.38,0.05,NA,3.08,NA
4,2,2007-09-14,8,0.23,0.06,0.19,0.5,0,0,0.16,0.25,NA,1.39,NA
4,3,2007-09-14,8,NA,NA,NA,NA,NA,NA,NA,NA,NA,NA,missing
4,4,2007-09-14,8,0.32,0.02,1.02,1.31,0,0,0.75,2.52,NA,5.94,acorns
4,5,2007-09-14,8,0.07,0.03,1.04,0.03,0.26,0,0.09,1.37,NA,2.89,NA
5,1,2007-09-14,8,1.01,0.01,0.23,0.32,0.04,0,0.63,2.38,NA,4.62,NA
5,2,2007-09-14,8,0.12,0.01,0.38,0.29,0.05,0,1.89,0.9,NA,3.64,NA
5,3,2007-09-14,8,0.01,0.08,0,0.39,0,0,1.22,1.34,NA,3.04,may be basket 5-5
5,4,2007-09-14,8,0.01,0.01,1.44,0,0,0,0.98,2.12,NA,4.56,NA
5,5,2007-09-14,8,0.83,0.07,0.57,0.31,0,0,1.05,2.48,NA,5.31,may be basket 5-3
6,1,2007-09-14,8,5.79,0.44,0,0.15,0.09,0.03,0.79,0.28,NA,7.57,NA
6,2,2007-09-14,8,9.25,0.03,0.09,0.18,0,0,0.5,1.47,NA,11.52,NA
6,3,2007-09-14,8,3.41,0.42,0,0.04,0.28,0.07,0.38,2.05,NA,6.65,NA
6,4,2007-09-14,8,11.04,0.16,0,0.32,0.33,0,0.67,2.48,NA,15,NA
6,5,2007-09-14,8,13.21,0.24,0,0.09,0,0.68,0.41,1.39,NA,16.02,NA
7,1,2007-09-14,8,0.69,1.83,0.05,0.22,0,0,4.91,1.63,NA,9.33,NA
7,2,2007-09-14,8,0.11,0.22,0.65,1.39,0,0,1.08,0.14,NA,3.59,NA
7,3,2007-09-14,8,0.01,1.27,0.28,1.17,0,1.11,2.47,0.33,NA,6.64,NA
7,4,2007-09-14,8,0.01,2.59,0.12,0.32,0,0.58,1.59,6.06,NA,11.27,NA
7,5,2007-09-14,8,4.95,1.57,0.06,0.55,0,0,0.29,0.5,NA,7.92,NA
8,1,2007-09-14,8,0.02,0.12,0.66,0.2,0.13,0.05,0.94,2.99,NA,5.11,NA
8,2,2007-09-14,8,0.12,3.16,0.62,0.06,0,0.17,3.15,1.67,NA,8.95,NA
8,3,2007-09-14,8,0,0,0.33,0.77,0.21,0,0.69,0.79,NA,2.79,NA
8,4,2007-09-14,8,0.03,1.04,0.42,0.74,0,0,1.93,0.32,NA,4.48,NA
8,5,2007-09-14,8,0,0,1.25,0.34,0.1,0,0.25,0.05,NA,1.99,NA
1,1,2007-12-12,9,NA,NA,NA,NA,NA,NA,NA,NA,NA,NA,bag missing
1,2,2007-12-12,9,NA,NA,NA,NA,NA,NA,NA,NA,NA,NA,bag missing
1,3,2007-12-12,9,0.01,0.15,2.17,2.32,0.24,0,0.33,0.77,NA,5.99,NA
1,4,2007-12-12,9,2.19,7.83,2.68,0.73,1.36,0,0.08,6.03,NA,20.9,NA
1,5,2007-12-12,9,0,3.54,5.18,0.22,7.46,0.08,1.2,0.27,NA,17.95,NA
2,1,2007-12-12,9,0.97,7.13,2.17,0.33,1.09,0,0.02,0.18,NA,11.89,NA
2,2,2007-12-12,9,0.32,2.34,3.61,2.17,0,0,0.05,0.45,NA,8.94,NA
2,3,2007-12-12,9,1.85,1.61,13.31,0.93,0,0.3,0.1,1.53,NA,19.63,NA
2,4,2007-12-12,9,0.19,3.23,14.69,2.13,0.43,0,0.88,0.17,NA,21.72,NA
2,5,2007-12-12,9,0.25,0.08,0,0.05,0,0,0.14,0.05,NA,0.57,NA
3,1,2007-12-12,9,5.83,1.43,10.65,0.14,0.24,0,0.05,3.38,NA,21.72,NA
3,2,2007-12-12,9,6.44,0.08,5.38,0.41,0.39,0,0.05,6.26,NA,19.01,NA
3,3,2007-12-12,9,7.86,0.02,3.4,2.07,6.82,2.28,1.21,3.82,NA,27.48,NA
3,4,2007-12-12,9,7.48,0.3,1.49,6.42,1.58,0.17,0.28,8.79,NA,26.51,NA
3,5,2007-12-12,9,4.31,0.17,6.09,0.39,0.65,0,0.06,2.66,NA,14.33,NA
4,1,2007-12-12,9,1.7,0.02,6.28,8.92,0,0.04,0.12,1.2,NA,18.28,NA
4,2,2007-12-12,9,0.51,0.04,9.39,1.8,0,0,0.03,1.17,NA,12.94,NA
4,3,2007-12-12,9,0.56,0.55,8.23,2.88,1.38,0,0.25,1.53,NA,15.38,NA
4,4,2007-12-12,9,0.74,0.02,8.86,3.29,0.23,0.2,0.4,1.61,NA,15.35,NA
4,5,2007-12-12,9,0.33,0.23,14.94,0.58,0.26,0.02,0.49,2.64,NA,19.49,NA
5,1,2007-12-12,9,0.69,0,6.71,4.42,6.98,0,0.57,2.48,NA,21.85,NA
5,2,2007-12-12,9,0.73,0.01,11.77,12.08,4.35,0,0.92,1.72,NA,31.58,NA
5,3,2007-12-12,9,0.02,0.08,0,5.61,1.8,0,0.55,0.78,NA,8.84,NA
5,4,2007-12-12,9,0,0.01,10.92,0.91,0.11,0,0.53,2.81,NA,15.29,NA
5,5,2007-12-12,9,0.18,0.31,6.42,6.07,2.76,0.03,1.21,0.75,NA,17.73,NA
6,1,2007-12-12,9,3.02,1.6,1.67,3.42,3.95,5.52,2.58,0.42,NA,22.18,NA
6,2,2007-12-12,9,7.33,0.05,1.07,5.11,1.56,0,0.08,1.81,NA,17.01,NA
6,3,2007-12-12,9,1.84,2.5,1.09,3.84,10.56,7.13,1.68,0.18,NA,28.82,otherdecid is white ash
6,4,2007-12-12,9,5.74,1.06,2.22,6.07,4.88,0,0.13,5.92,NA,26.02,NA
6,5,2007-12-12,9,6.36,1.43,0.2,4.8,0.26,0,0.02,2.77,NA,15.84,NA
7,1,2007-12-12,9,2.51,10.78,5.57,2.11,0.49,0.11,0.04,5.01,NA,26.62,NA
7,2,2007-12-12,9,0.79,0.94,13.69,10.96,1.84,0,0.21,0.32,NA,28.75,NA
7,3,2007-12-12,9,0,2.6,24.55,10.46,0.25,0,0.95,0.53,NA,39.34,NA
7,4,2007-12-12,9,0,14.13,7.85,10.86,1.25,0.04,0.12,3.19,NA,37.44,NA
7,5,2007-12-12,9,3.94,5.46,3.62,4.79,1.48,0.54,0.04,0.6,NA,20.47,NA
8,1,2007-12-12,9,0.02,1.14,23.08,3.7,5.62,2.2,0.33,2.63,NA,38.72,NA
8,2,2007-12-12,9,0.09,5.28,12.3,3.9,5.98,0,0.15,2.03,NA,29.73,NA
8,3,2007-12-12,9,0.01,0.01,21.94,7.77,3.99,0,0.08,0.54,NA,34.34,NA
8,4,2007-12-12,9,0.58,5.71,14.07,5.31,7.83,0.01,0.2,0.69,NA,34.4,NA
8,5,2007-12-12,9,0.01,0.03,27.33,1.81,1.95,0.8,0.15,0.36,NA,32.44,NA
1,1,2008-04-09,10,0.03,0.42,0,0,0,0,0,2.25,NA,2.7,trace misc
1,2,2008-04-09,10,0.01,0.06,0,0.01,0,0.02,0.08,0.42,NA,0.6,NA
1,3,2008-04-09,10,0.02,0.03,0,0,0,0,0.37,5.41,NA,5.83,NA
1,4,2008-04-09,10,1.98,0.74,0,0,0,0,0,2.87,NA,5.59,trace misc
1,5,2008-04-09,10,0.02,0.13,0,0,0.08,0,0.23,0.95,NA,1.41,NA
2,1,2008-04-09,10,0.34,0.08,0.37,0,0,0,0,0.52,NA,1.31,NA
2,2,2008-04-09,10,0.05,0.09,0,0,0,0,0.02,0.08,NA,0.24,NA
2,3,2008-04-09,10,0.43,0.14,0,0,0,0,0.01,0.37,NA,0.95,NA
2,4,2008-04-09,10,0.16,0.04,0,0,0,0,0,0.1,NA,0.3,trace misc
2,5,2008-04-09,10,0.08,0.15,0.56,0.04,0,0,0.1,0.51,NA,1.44,NA
3,1,2008-04-09,10,1.18,0.18,0,0,0,0,0.01,2.11,NA,3.48,NA
3,2,2008-04-09,10,2.16,0,0,0,0,0,1.02,16.47,NA,19.65,trace whpine and oak
3,3,2008-04-09,10,1.25,0.01,0.04,0,0,0,0,3.06,NA,4.36,trace birch and misc
3,4,2008-04-09,10,1.78,0.16,0,0,0,0,0.26,5.97,NA,8.17,NA
3,5,2008-04-09,10,1.38,0.08,0.82,0,0,0,0.06,4.56,NA,6.9,NA
4,1,2008-04-09,10,0.45,0.03,0,0,0,0,0.02,0.61,NA,1.11,NA
4,2,2008-04-09,10,NA,NA,NA,NA,NA,NA,NA,NA,NA,NA,mesh torn
4,3,2008-04-09,10,0.1,0.02,0,0,0,0,0.04,0.17,NA,0.33,NA
4,4,2008-04-09,10,0.09,0,0,0,0,0,0.06,9.76,NA,9.91,trace whpine
4,5,2008-04-09,10,0.1,0.01,0.19,0,0,0,0.07,0.25,NA,0.62,NA
5,1,2008-04-09,10,0.57,0,0,0,0,0,0.33,2.16,NA,3.06,NA
5,2,2008-04-09,10,0.3,0,0.23,0,0,0,0.62,1.41,NA,2.56,NA
5,3,2008-04-09,10,0.02,0.01,0.18,0,0,0,0.18,1.05,NA,1.44,NA
5,4,2008-04-09,10,0.01,0,0.56,0,0,0,0,3.62,NA,4.19,trace whpine and misc
5,5,2008-04-09,10,0.08,0,0.59,0,0,0,0,1.94,NA,2.61,trace whpine and misc
6,1,2008-04-09,10,1.12,0.15,0,0,0,0.16,0.15,2.64,NA,4.22,NA
6,2,2008-04-09,10,1.55,0,0,0,0,0,0.1,1.88,NA,3.53,trace whpine
6,3,2008-04-09,10,0.8,0.16,0,0,0,0,0.14,1.13,NA,2.23,NA
6,4,2008-04-09,10,2.08,0.05,0.38,0.11,0.39,0,0.11,3.91,NA,7.03,NA
6,5,2008-04-09,10,2,0.17,0,0,0,0,0.15,6.6,NA,8.92,NA
7,1,2008-04-09,10,2.61,0.15,0,0,0,0,0,5.2,NA,7.96,trace misc
7,2,2008-04-09,10,0.11,0.14,0,0,0,0,0,2.43,NA,2.68,NA
7,3,2008-04-09,10,0,0.13,0.01,0,0,0,0.01,0.84,NA,0.99,trace hemlock
7,4,2008-04-09,10,0.03,0.26,1.35,0,0,0,0,2.76,NA,4.4,NA
7,5,2008-04-09,10,1.52,0.92,0,0,0,0,0,1.16,NA,3.6,trace birch
8,1,2008-04-11,10,0.01,0.02,0.7,0,0,0,0.03,0.1,NA,0.86,NA
8,2,2008-04-11,10,0.04,0.09,0,0,0,0,0.21,2.07,NA,2.41,NA
8,3,2008-04-11,10,0.01,0,0.11,0.15,0,0,0,0.09,NA,0.36,trace whpine and misc
8,4,2008-04-11,10,0.04,0.1,0,0.13,0,0,0.02,0.64,NA,0.93,NA
8,5,2008-04-11,10,0,0.02,0,0,0,0.08,0,1.15,NA,1.25,trace hemlock and misc
1,1,2008-06-26,11,0.01,0.96,0,0,0,0,0.32,1.57,NA,2.86,NA
1,2,2008-06-26,11,0.01,0.11,0,0.1,0,0,0.11,0.86,NA,1.19,NA
1,3,2008-06-26,11,0.01,0.07,0,0,0,0,0.43,2.57,NA,3.08,NA
1,4,2008-06-26,11,0.14,2.05,0,0.19,0,0,0.29,4.23,NA,6.9,NA
1,5,2008-06-26,11,0,0.56,0,0,0,0.07,1.13,1.4,NA,3.16,NA
2,1,2008-06-26,11,0.36,0.53,0.01,0,0,0,0,0.81,NA,1.71,NA
2,2,2008-06-26,11,0.07,0.34,0,0.1,0,0,0.04,0.38,NA,0.93,NA
2,3,2008-06-26,11,1.11,0.22,0,0,0,0,0,0.53,NA,1.86,seed wt added into twbacone
2,4,2008-06-26,11,0.15,0.49,0.59,0.14,0,0,0.42,1.88,NA,3.67,seed wt added into twbacone
2,5,2008-06-26,11,0.16,0.59,0,0.07,0.04,0,0.18,0.9,NA,1.94,NA
3,1,2008-06-26,11,4.08,0.2,0.38,0,0,0,0.84,7.89,NA,13.39,seed wt added into twbacone
3,2,2008-06-26,11,2.49,0.01,0,0,0,0,0,3.7,NA,6.2,seed wt added into twbacone
3,3,2008-06-26,11,3.44,0.01,0,0,0,0,0.26,1.42,NA,5.13,NA
3,4,2008-06-26,11,2.51,0.05,0.01,0.2,0,0,0.17,2.69,NA,5.63,NA
3,5,2008-06-26,11,3.3,0.08,0.55,0,0,0,0.06,0.58,NA,4.57,seed wt added into twbacone
4,1,2008-06-26,11,0.3,0.02,0.62,0.08,0,0,0.08,1.26,NA,2.36,NA
4,2,2008-06-26,11,0.13,0.02,0.16,0.02,0,0,0.13,1.23,NA,1.69,NA
4,3,2008-06-26,11,0.09,0.09,0,0.25,0,0,0.1,2.5,NA,3.03,seed wt added into twbacone
4,4,2008-06-26,11,0.16,0.03,0,0,0,0,0.15,1.18,NA,1.52,seed wt added into twbacone
4,5,2008-06-26,11,0.09,0.05,0,0,0,0,0,1.79,NA,1.93,seed wt added into twbacone
5,1,2008-06-26,11,0.21,0.01,0,0.46,0,0,0.22,3.38,NA,4.28,seed wt added into twbacone
5,2,2008-06-26,11,0.22,0.01,0,0.31,0,0,0.18,8.24,NA,8.96,seed wt added into twbacone
5,3,2008-06-26,11,0.01,0.04,0,0.14,0.01,0,0.08,6.64,NA,6.92,NA
5,4,2008-06-26,11,0.01,0.02,0,0,0,0,0.16,4.19,NA,4.38,seed wt added into twbacone
5,5,2008-06-26,11,0.05,0.02,0,0.15,0,0,0.13,3.45,NA,3.8,seed wt added into twbacone
6,1,2008-06-26,11,1.84,0.24,0,0,0,0,0.1,0.39,NA,2.57,NA
6,2,2008-06-26,11,2.99,0.01,0,0.13,0,0,0.21,1.31,NA,4.65,seed wt added into twbacone
6,3,2008-06-26,11,1.06,0.15,0,0.1,0,0,0.22,2.1,NA,3.63,seed wt added into twbacone
6,4,2008-06-26,11,3.03,0.09,0,0.01,0,0,0.14,4.63,NA,7.9,seed wt added into twbacone
6,5,2008-06-26,11,3.53,0.07,0,0,0,0,0.42,1.04,NA,5.06,NA
7,1,2008-06-26,11,0.57,0.7,0,0,0,0,0.68,4.03,NA,5.98,NA
7,2,2008-06-26,11,0.04,0.19,0,0.15,0,0.02,2.16,0.09,NA,2.65,NA
7,3,2008-06-26,11,0,0.26,0,0,0,0,1.24,1.69,NA,3.19,trace hemlock
7,4,2008-06-26,11,0.04,1.24,0,0.15,0,0,0.78,4.15,NA,6.36,NA
7,5,2008-06-26,11,3.22,0.5,0,0,0,0,0.03,1.19,NA,4.94,NA
8,1,2008-06-26,11,0,0.08,0,0.25,0,0.07,0.42,2.01,NA,2.83,trace hemlock
8,2,2008-06-26,11,0.08,0.45,0.02,0,0,0,0.24,2.88,NA,3.67,NA
8,3,2008-06-26,11,0,0,0,0.04,0.09,0,1.1,1.47,NA,2.7,NA
8,4,2008-06-26,11,0.11,1.19,0,0,0,0,0.27,3.13,NA,4.7,NA
8,5,2008-06-26,11,0,0.01,0,0,0,0,1.67,1.72,NA,3.4,NA
1,1,2008-09-23,12,0.01,1.64,0.02,0,0.03,0,0,3.15,NA,4.85,NA
1,2,2008-09-23,12,0.02,0.09,0,4.44,0.01,0.02,0.62,0.2,NA,5.4,NA
1,3,2008-09-23,12,0.02,0.14,0.34,0.32,0.43,0,0.29,1.4,NA,2.94,NA
1,4,2008-09-23,12,0.12,3.17,0,0.14,0.68,0,0.61,4.77,NA,9.49,NA
1,5,2008-09-23,12,0.01,1.6,0.04,0.17,0.9,0,0.53,2.15,NA,5.39,NA
2,1,2008-09-23,12,0.47,2.13,0,0.04,0,0,0.26,1.65,NA,4.55,NA
2,2,2008-09-23,12,0.06,0.57,0.23,4.81,0,0,0.14,0.88,NA,6.68,NA
2,3,2008-09-23,12,1.57,0.52,0.14,0.09,0,0,0.15,0.11,NA,2.59,NA
2,4,2008-09-23,12,0.22,1.24,1.54,2.14,0,0,0.21,1.13,NA,6.47,NA
2,5,2008-09-23,12,0.45,0.66,0.01,1.83,0,0,0.01,2.26,NA,5.22,NA
3,1,2008-09-23,12,8.37,0.29,0.03,0.18,0,0,0,2.9,NA,11.77,NA
3,2,2008-09-23,12,10.03,0.01,0.19,0.2,0.03,0,0.21,0.68,NA,11.34,NA
3,3,2008-09-23,12,10.22,0.01,0,0.28,0.73,0,0.3,1.47,NA,13.01,NA
3,4,2008-09-23,12,12.59,0.09,0,0.24,0.01,0,0.19,2.14,NA,15.25,NA
3,5,2008-09-23,12,6.49,0.11,0.18,0.03,0,0,0.72,2.58,NA,10.12,NA
4,1,2008-09-23,12,1.28,0.08,0.03,2.24,0,0,0.23,1.61,NA,5.46,NA
4,2,2008-09-23,12,0.28,0.02,0.5,0.27,0,0,0.35,0.73,NA,2.14,NA
4,3,2008-09-23,12,0.22,0.17,0.14,0.58,0,0,0.27,0.8,NA,2.17,NA
4,4,2008-09-23,12,0.5,0,0.54,1.78,0.08,0.07,0.95,0.51,NA,4.43,NA
4,5,2008-09-23,12,0.11,0.15,1.02,0.19,0.17,0,0.22,1.9,NA,3.74,NA
5,1,2008-09-23,12,0.6,0,0.41,0.84,1.14,0,1.22,7.17,NA,11.38,NA
5,2,2008-09-23,12,0.41,0,1.06,1.82,0.44,0,1.16,3.52,NA,8.41,NA
5,3,2008-09-23,12,0,0.06,0,1.35,0.14,0,0.32,1.09,NA,2.96,trace hemlock
5,4,2008-09-23,12,0,0.03,1.18,0.13,0,0,0.96,2.66,NA,4.96,trace hemlock
5,5,2008-09-23,12,1.01,0.06,0.66,0.48,0,0,0.35,19.24,NA,21.8,NA
6,1,2008-09-23,12,5.4,0.46,0,0.21,0.19,0.28,0.44,0.82,NA,7.8,NA
6,2,2008-09-23,12,14.11,0.02,0.02,0.75,0.06,0,0.32,1.73,NA,17,NA
6,3,2008-09-23,12,2.43,0.32,0.07,0.77,0.35,0.13,0.31,0.46,NA,4.82,NA
6,4,2008-09-23,12,10.36,0.19,0.05,0.4,0.63,0,0.28,2.04,NA,13.94,NA
6,5,2008-09-23,12,14.12,0.44,0.01,0.19,0,0,0.4,1.23,NA,16.38,NA
7,1,2008-09-23,12,3.85,2.64,0,0.35,0.29,0,0.47,1.33,NA,8.94,NA
7,2,2008-09-23,12,0.17,0.18,0.52,1.04,0.31,0,0.27,2.2,NA,4.69,NA
7,3,2008-09-23,12,0,0.82,0.81,1.78,0,0,0.42,2.71,NA,6.53,NA
7,4,2008-09-23,12,0,3.82,0.03,0.8,0.13,0,0.46,6.24,NA,11.47,trace hemlock
7,5,2008-09-23,12,4.65,2.14,0.05,0.52,0.14,0,0.24,0.29,NA,8.04,NA
8,1,2008-09-23,12,NA,NA,NA,NA,NA,NA,NA,NA,NA,NA,collection missing
8,2,2008-09-23,12,0.03,4.87,0.01,0.36,0.39,0,0.37,2.65,NA,8.67,NA
8,3,2008-09-23,12,0,0,0.52,0.53,0.05,0,0.59,1.32,NA,3.01,NA
8,4,2008-09-23,12,0.02,3.15,0.21,1.1,0.56,0,0.24,2.33,NA,7.6,NA
8,5,2008-09-23,12,0,0.01,0.23,0.2,1.04,0,0.06,0.69,NA,2.22,NA
1,1,2008-12-11,13,0.03,9.12,0.85,0.15,0.19,0,0.02,1.51,NA,11.87,NA
1,2,2008-12-11,13,0.01,0.19,0,16.38,1.27,1.86,1.21,0.08,NA,21,NA
1,3,2008-12-11,13,0.04,0.56,3.67,1.64,0.07,0.02,0.22,0.96,NA,7.18,NA
1,4,2008-12-11,13,0.43,11.87,1.38,1.5,1.49,0,0.15,1.58,NA,18.4,NA
1,5,2008-12-11,13,0.01,4.88,5.5,0.21,8.18,0.04,0.62,0.22,NA,19.66,NA
2,1,2008-12-11,13,0.61,12.29,1.34,0.48,0.3,0,0.01,0.26,NA,15.29,NA
2,2,2008-12-11,13,0.15,2.49,1.11,3.34,0,0,0.29,0.73,NA,8.11,NA
2,3,2008-12-11,13,1.31,2.09,11.32,1.03,0.22,0,0.33,0.19,NA,16.49,NA
2,4,2008-12-11,13,0.49,3.98,8.43,3.26,1.23,0,0.03,11.73,NA,29.15,NA
2,5,2008-12-11,13,0.37,4.23,9.5,4.02,0,0,0.48,0.39,NA,18.99,NA
3,1,2008-12-11,13,4.57,1.66,13.33,0.03,0.51,0.45,0.24,5.18,NA,25.97,NA
3,2,2008-12-11,13,7.05,0.12,5.93,0.68,0.8,0,0.12,12.13,NA,26.83,NA
3,3,2008-12-11,13,4.81,0.01,5.45,4.68,4.99,0.06,0.98,1.21,NA,22.19,NA
3,4,2008-12-11,13,6.53,0.38,0.38,4.88,0.88,0,0.11,3.22,NA,16.38,NA
3,5,2008-12-11,13,3.96,0.32,9.31,0.05,0.85,0,0.08,2.66,NA,17.23,NA
4,1,2008-12-11,13,1.32,0.08,4.4,14.22,0,0,0.11,1.4,NA,21.53,NA
4,2,2008-12-11,13,0.5,0.03,4.78,2.08,0.09,0.02,0.48,0.69,NA,8.67,NA
4,3,2008-12-11,13,0.38,0.27,13.17,4.53,1.33,0,0.22,1,NA,20.9,NA
4,4,2008-12-11,13,0.75,0.05,11.45,7.48,3.31,0,1.11,0.41,NA,24.56,NA
4,5,2008-12-11,13,0.03,0.3,12.59,0.66,0.09,0.02,0.08,0.55,NA,14.32,NA
5,1,2008-12-11,13,0.7,0.02,6.2,3.71,7.16,0,0.35,1.41,NA,19.55,NA
5,2,2008-12-11,13,0.29,0.01,5.77,10.68,2.84,0,0.55,5.72,NA,25.86,NA
5,3,2008-12-11,13,0,0.05,1.07,5.91,2.21,0,0.11,1.54,NA,10.89,NA
5,4,2008-12-11,13,0.01,0.07,13.31,0.86,0,0,0.47,2.01,NA,16.73,NA
5,5,2008-12-11,13,0.6,0.49,8.79,3.77,1.27,0,0.11,10.91,NA,25.94,NA
6,1,2008-12-11,13,1.98,1.82,0.24,4.15,3.56,4.07,2.08,0.44,NA,18.34,NA
6,2,2008-12-11,13,5.77,0.03,1.81,4.63,2.67,0,0.08,7.36,NA,22.35,NA
6,3,2008-12-11,13,1.1,2.71,4.03,4.62,13.23,5.58,0.88,0.39,NA,32.54,NA
6,4,2008-12-11,13,5.35,0.96,0.43,5.57,4.41,0,0.14,3.63,NA,20.49,NA
6,5,2008-12-11,13,5.81,1.64,1.46,4.79,0.4,0,0,3.44,NA,17.54,NA
7,1,2008-12-11,13,1.65,11.63,3.6,2.44,0.71,0.43,0.01,2.64,NA,23.11,NA
7,2,2008-12-11,13,0.45,1.34,20.69,11.43,1.98,0,0.05,4.41,NA,40.35,NA
7,3,2008-12-11,13,0.01,2.56,15.77,12.05,0,0,0.02,0.53,NA,30.94,NA
7,4,2008-12-11,13,0.05,18.51,2.96,11.96,1.63,0.09,0.02,5.88,NA,41.1,NA
7,5,2008-12-11,13,3.1,3.43,5.28,4.24,0.81,0.77,0.01,0.55,NA,18.19,NA
8,1,2008-12-11,13,0.01,0.69,29.5,4.35,7.2,0.54,0.16,0.56,NA,43.01,NA
8,2,2008-12-11,13,0.12,6.78,14.18,4.68,7.4,0,0.06,0.62,NA,33.84,NA
8,3,2008-12-11,13,0,0,9.7,5.81,2.93,0,0.29,5.06,NA,23.79,NA
8,4,2008-12-11,13,0.28,4.69,12,5.06,13.56,0,0.1,1.82,NA,37.51,NA
8,5,2008-12-11,13,0,0.05,24,2.01,1.89,1.29,0.07,3.12,NA,32.43,NA
1,1,2009-04-09,14,0,0.61,0,0,0,0,1.19,5.29,NA,7.09,NA
1,2,2009-04-09,14,0,0.06,0,0,0,0,0.34,1.16,NA,1.56,NA
1,3,2009-04-09,14,0,0,0,0,0,0,0.8,7.8,NA,8.6,NA
1,4,2009-04-09,14,NA,NA,NA,NA,NA,NA,NA,NA,NA,NA,missing
1,5,2009-04-09,14,0.07,0.43,0,0,0,0,0.87,8.51,NA,9.88,NA
2,1,2009-04-09,14,0.39,0.67,0.61,0,0,0,0.56,5.81,NA,8.04,NA
2,2,2009-04-09,14,0.18,0.13,0.9,0,0,0,0.38,0.26,NA,1.85,NA
2,3,2009-04-09,14,0.31,0.27,0,0,0,0,0.31,0.35,NA,1.24,NA
2,4,2009-04-09,14,0.23,0.08,0,0,0,0,0.29,0.07,NA,0.67,NA
2,5,2009-04-09,14,0.24,0.13,0,0,0,0,0.25,1.31,NA,1.93,NA
3,1,2009-04-09,14,1.05,0.15,0,0,0,0,1.18,2,NA,4.38,NA
3,2,2009-04-09,14,2.26,0,0,0,0,0,1.16,6.68,NA,10.1,NA
3,3,2009-04-09,14,1.15,0.07,0,0,0,0,1.54,1.99,NA,4.75,NA
3,4,2009-04-09,14,1.2,0.15,0,0,0,0,1.31,4.45,NA,7.11,NA
3,5,2009-04-09,14,1.8,0,0.58,0,0,0,1.55,9.21,NA,13.14,NA
4,1,2009-04-09,14,0.33,0,0,0,0,0,0.68,1.33,NA,2.34,NA
4,2,2009-04-09,14,0.72,0.05,0,0,0,0,0.18,1.63,NA,2.58,NA
4,3,2009-04-09,14,0.15,0,0,0,0,0,0.35,0.27,NA,0.77,NA
4,4,2009-04-09,14,1.01,0,0,0.2,0,0,0.48,0.38,NA,2.07,NA
4,5,2009-04-09,14,0,0,0.45,0,0,0,0.37,0,NA,0.82,NA
5,1,2009-04-09,14,0.69,0,0,0,0,0,1.01,10.24,NA,11.94,NA
5,2,2009-04-09,14,0.36,0,0,0,0,0,0.78,1.93,NA,3.07,NA
5,3,2009-04-09,14,0,0.04,0.25,0.13,0.15,0,1.16,3.36,NA,5.09,NA
5,4,2009-04-09,14,0,0,0,0,0,0,1.66,14.3,NA,15.96,NA
5,5,2009-04-09,14,0,0,0,0.08,0,0,1.18,3.48,NA,4.74,NA
6,1,2009-04-09,14,1.55,0.38,0,0,0,0,1.18,3.15,NA,6.26,NA
6,2,2009-04-09,14,2.15,0,0.34,0,0,0.16,1.07,3.31,NA,7.03,NA
6,3,2009-04-09,14,0.77,0.21,0,0,0,0,0.79,0.72,NA,2.49,NA
6,4,2009-04-09,14,2.05,0.16,0.4,0,0,0,0.99,4.89,NA,8.49,NA
6,5,2009-04-09,14,2.96,0.1,0,0,0,0,1.33,7.16,NA,11.55,NA
7,1,2009-04-09,14,0.37,1.02,0,0,0,0,1.79,12.94,NA,16.12,NA
7,2,2009-04-09,14,0.23,0.28,0,0,0,0,0.62,5.52,NA,6.65,NA
7,3,2009-04-09,14,0,0.3,0,0,0,0,0.82,0.89,NA,2.01,NA
7,4,2009-04-09,14,0,0.34,0,0,0,0,1.6,3.24,NA,5.18,NA
7,5,2009-04-09,14,1.15,1.15,0,0,0,0,0.7,1.59,NA,4.59,NA
8,1,2009-04-09,14,0,0.08,1.39,0,0.07,0,0.36,3.69,NA,5.59,NA
8,2,2009-04-09,14,0.08,0.42,0,0,0,1.97,0.61,0.48,NA,3.56,NA
8,3,2009-04-09,14,0,0,0,0,0,0,0.19,0.45,NA,0.64,NA
8,4,2009-04-09,14,0,0.24,1.14,0,0,0,0.48,1.93,NA,3.79,NA
8,5,2009-04-09,14,0,0,0.23,0,0,0.25,0.18,8,NA,8.66,NA
1,1,2009-06-25,15,0,1.2,0,0,0,0,0.63,0.42,NA,2.25,NA
1,2,2009-06-25,15,0,0,0,0.11,0,0,0.88,0.73,NA,1.72,NA
1,3,2009-06-25,15,0,0.17,0,0.15,0,0,1.18,1.65,NA,3.15,NA
1,4,2009-06-25,15,0,1.74,0,0,0,0,1.31,5.63,NA,8.68,NA
1,5,2009-06-25,15,0,1.08,0,0,0,0,1.35,0.44,NA,2.87,NA
2,1,2009-06-25,15,0.31,1.05,0,0,0,0,0.62,0.19,NA,2.17,NA
2,2,2009-06-25,15,0,0.73,0,0.27,0,0,0.4,0,NA,1.4,NA
2,3,2009-06-25,15,0.31,0.26,0,0,0,0,1.05,0.1,NA,1.72,NA
2,4,2009-06-25,15,0.16,0.54,0.56,0.15,0,0,1.43,0,NA,2.84,NA
2,5,2009-06-25,15,0.18,0.6,0,0,0,0,0.68,0.1,NA,1.56,NA
3,1,2009-06-25,15,1.68,0.17,0,0,0,0,2.59,5.64,NA,10.08,NA
3,2,2009-06-25,15,1.59,0,0,0,0,0,1.28,1.58,NA,4.45,NA
3,3,2009-06-25,15,1.51,0,0,0.17,0,0,2.1,0.51,NA,4.29,NA
3,4,2009-06-25,15,1.56,0,0,0,0,0,2.07,2.17,NA,5.8,NA
3,5,2009-06-25,15,NA,NA,NA,NA,NA,NA,NA,NA,NA,NA,missing
4,1,2009-06-25,15,0,0.06,0.22,0.1,0,0,3.49,0.24,NA,4.11,NA
4,2,2009-06-25,15,0,0,0.35,0,0,0,1.59,0,NA,1.94,NA
4,3,2009-06-25,15,0,0.15,0.39,0,0,0,1.98,0.2,NA,2.72,NA
4,4,2009-06-25,15,3.95,0,0,0,0,0,1.93,0,NA,5.88,NA
4,5,2009-06-25,15,0,0,0.58,0,0,0,1.68,0,NA,2.26,NA
5,1,2009-06-25,15,0,0,0,0,0,0,3.16,3.67,NA,6.83,NA
5,2,2009-06-25,15,0,0,0,0.58,0,0,2.53,3.08,NA,6.19,NA
5,3,2009-06-25,15,0,0.11,0,0.1,0,0,1.58,2.37,NA,4.16,NA
5,4,2009-06-25,15,0,0,0,0,0,0,1.84,0.58,NA,2.42,NA
5,5,2009-06-25,15,0,0,0,0.15,0,0,1.96,1.03,NA,3.14,NA
6,1,2009-06-25,15,1,0.29,0,0,0,0,1.85,4.13,NA,7.27,NA
6,2,2009-06-25,15,1.23,0,0,0,0,0,1.63,0.47,NA,3.33,NA
6,3,2009-06-25,15,0.51,1.33,0,0,0,0,1.53,0.53,NA,3.9,NA
6,4,2009-06-25,15,1.34,0.31,0,0,0,0,2.36,0.55,NA,4.56,NA
6,5,2009-06-25,15,1.47,0.21,0,0,0,0,1.22,0.78,NA,3.68,NA
7,1,2009-06-25,15,0,1.07,0,0,0,0,3.22,78.6,NA,82.89,has big bark chunk
7,2,2009-06-25,15,0,0.25,0,0,0,0,2.32,0.42,NA,2.99,NA
7,3,2009-06-25,15,0,0.28,0,0.18,0,0,1.8,0.82,NA,3.08,NA
7,4,2009-06-25,15,0,1.19,0,0.06,0,0,2.02,0.89,NA,4.16,NA
7,5,2009-06-25,15,2.9,0.83,0,0,0,0,1.09,0.3,NA,5.12,NA
8,1,2009-06-25,15,0,0.11,0,0.08,0,0,1.93,0,NA,2.12,NA
8,2,2009-06-25,15,0,0.46,0,0,0,0,1.77,1.88,NA,4.11,NA
8,3,2009-06-25,15,0,0,0.12,0,0,0,1.38,0,NA,1.5,NA
8,4,2009-06-25,15,0,0.32,0,0,0,0,1.64,0.73,NA,2.69,NA
8,5,2009-06-25,15,0,0,0.82,0,0,0,1.46,0,NA,2.28,NA
1,1,2009-09-23,16,0,1.59,0,0,0,0,1.06,1.49,NA,4.14,NA
1,2,2009-09-23,16,0,0,0,1.79,0,0,1.4,0.35,NA,3.54,NA
1,3,2009-09-23,16,0,0.17,0.4,0.83,0,0,1.56,4.67,NA,7.63,NA
1,4,2009-09-23,16,0,3.31,0,0.4,0.4,0,5.43,2.73,NA,12.27,NA
1,5,2009-09-23,16,0,1.27,0,0,1.76,0,1.78,0.64,NA,5.45,NA
2,1,2009-09-23,16,0.31,3.64,0,0.65,0.62,0,1.55,0.68,NA,7.45,NA
2,2,2009-09-23,16,0.11,1.05,0,3.02,0.02,0,0.33,0.74,NA,5.27,NA
2,3,2009-09-23,16,1.21,0.58,0.07,0.17,0,0,0.2,0.5,NA,2.73,NA
2,4,2009-09-23,16,0.2,0.77,0.44,1.13,0,0,0.46,1.39,NA,4.39,NA
2,5,2009-09-23,16,0.68,0.95,0,2.9,0,0,0.16,0.59,NA,5.28,NA
3,1,2009-09-23,16,4.82,0.34,0,0,0,0,1.74,0.23,NA,7.13,NA
3,2,2009-09-23,16,9.63,0.05,0.11,0.03,0.09,0,0.6,1.62,NA,12.13,NA
3,3,2009-09-23,16,6.15,0,0,0.71,0.82,0,3.61,3.86,NA,15.15,NA
3,4,2009-09-23,16,9.14,0.23,0.45,0.75,0,0,1.59,3.29,NA,15.45,NA
3,5,2009-09-23,16,4.99,0,0,0,0.36,0,1.95,0.81,NA,8.11,NA
4,1,2009-09-23,16,1.33,0.03,0.32,1.81,0,0,0.22,0.16,NA,3.87,NA
4,2,2009-09-23,16,0.2,0.03,0.33,0.57,0.28,0.06,0.79,0.1,NA,2.36,NA
4,3,2009-09-23,16,NA,NA,NA,NA,NA,NA,NA,NA,NA,NA,mesh torn
4,4,2009-09-23,16,2.54,0.02,0,2.67,0.31,1.41,1.65,10.16,NA,18.76,NA
4,5,2009-09-23,16,0.06,0.13,0,0.18,0,0,0.55,0.1,NA,1.02,NA
5,1,2009-09-23,16,0.22,0,0.25,0.25,0.48,0.21,1.2,3.24,NA,5.85,NA
5,2,2009-09-23,16,0.11,0,0,2.7,0,0.11,1.68,4.2,NA,8.8,NA
5,3,2009-09-23,16,0,0.09,0,5.17,0.1,0,1.45,3.28,NA,10.09,trace hemlock
5,4,2009-09-23,16,0,0.01,0,0.81,0,0,1.02,3.48,NA,5.32,NA
5,5,2009-09-23,16,0.47,0.09,0.35,1.4,0,0,1.2,8.16,NA,11.67,NA
6,1,2009-09-23,16,4.94,0.56,0,0.23,0.27,0.18,0.25,0.29,NA,6.72,NA
6,2,2009-09-23,16,9.78,0.04,0,0.99,0,0,0.79,1.26,NA,12.86,NA
6,3,2009-09-23,16,2.61,0.49,0,0.81,0.75,0.26,0.27,1.8,NA,6.99,NA
6,4,2009-09-23,16,9.25,0.21,0,0.28,0.81,0,0.57,0.15,NA,11.27,NA
6,5,2009-09-23,16,10.35,0.32,0,0.44,0,0.05,0.08,1.18,NA,12.42,NA
7,1,2009-09-23,16,0.64,2.32,0,0.4,0,0,4.4,8.83,NA,16.59,NA
7,2,2009-09-23,16,0.14,0.16,0.97,0.53,0,0,1.23,0.03,NA,3.06,NA
7,3,2009-09-23,16,0,1.68,0.93,2.7,0,0,2.71,0.06,NA,8.08,trace hemlock
7,4,2009-09-23,16,0.02,4.03,0,1.73,0,0.19,4.77,2.96,NA,13.7,NA
7,5,2009-09-23,16,2.6,1.83,0,0.25,0.06,0,1.76,0.1,NA,6.6,NA
8,1,2009-09-23,16,0,0.09,0,0.09,1.02,0,1.08,2.19,NA,4.47,NA
8,2,2009-09-23,16,0,1.9,1.04,0.71,0,0,2.53,0.52,NA,6.7,NA
8,3,2009-09-23,16,0,0,1.31,0.42,0,0,0.72,1.14,NA,3.59,NA
8,4,2009-09-23,16,0,0.92,1.6,0.82,0,0,1.88,0.57,NA,5.79,NA
8,5,2009-09-23,16,0,0,5.17,0.22,0,0,0.68,9.39,NA,15.46,NA
1,1,2009-12-08,17,0,10.93,1.06,1.24,0.26,0,1.38,8.95,NA,23.82,of twbacone; 0.73 pine seeds
1,2,2009-12-08,17,0.03,0.24,0.15,14.83,3.13,0,0.75,0.19,NA,19.32,of twbacone; 0.08 pine seeds; 0.01 birch seeds
1,3,2009-12-08,17,0.03,0.65,3.85,4.49,0.63,0,0.17,2.59,NA,12.41,of twbacone; 0.19 maple seeds; 0.02 birch seeds
1,4,2009-12-08,17,0.22,11.35,1.85,1.77,2.69,0,1.7,7.2,NA,26.78,of twbacone; 0.37 pine seeds; 0.01 birch seeds
1,5,2009-12-08,17,0,4.96,7.82,1.42,9.16,0,1.19,1.81,NA,26.36,of twbacone; 0.2 pine seeds; 0.01 birch seeds
2,1,2009-12-08,17,1.09,7.84,5.46,1.53,0.58,0,1.12,9.47,NA,27.09,of twbacone; 0.22 pine seeds
2,2,2009-12-08,17,0.26,1.15,1.73,7.26,0,0,0.02,0.19,NA,10.61,NA
2,3,2009-12-08,17,2.17,2.65,16.26,1.6,0,0,0.66,0.18,NA,23.52,NA
2,4,2009-12-08,17,0.73,3.02,18.08,2.65,1.11,0,0.18,0.31,NA,26.08,NA
2,5,2009-12-08,17,1.43,5.74,12.39,3.77,0.19,0,0.14,0.41,NA,24.07,of twbacone; 0.26 maple seeds
3,1,2009-12-08,17,5.98,1.38,6.72,0.43,0.47,0,0.92,0.7,NA,16.6,NA
3,2,2009-12-08,17,8.52,0.04,2.38,0.96,0.25,0,1.66,2.36,NA,16.17,NA
3,3,2009-12-08,17,5.57,0.05,3.47,3.22,4.08,0,2.64,1.55,NA,20.58,NA
3,4,2009-12-08,17,8.14,0.81,1.31,2.57,2.1,0,1.56,5.22,NA,21.71,NA
3,5,2009-12-08,17,4.36,0.39,8.18,0.69,1.56,0,1.04,1.79,NA,18.01,NA
4,1,2009-12-08,17,1.32,0.32,6.23,9.09,0.14,0,0.07,2.72,NA,19.89,of twbacone; 0.27 maple seeds; 0.99 birch seeds
4,2,2009-12-08,17,0.53,0.06,6.61,4.54,0,0,0.91,0.09,NA,12.74,NA
4,3,2009-12-08,17,0.94,0.39,13.46,3.36,0.31,0,0.08,0.49,NA,19.03,of twbacone; 0.07 maple seeds; 0.04 unk seeds; 0.13 birch seeds
4,4,2009-12-08,17,0.11,0.04,14.29,10.91,4.91,0,0.45,5.15,NA,35.86,of twbacone; 0.06 maple seeds; 3.9 acorns; 0.05 birch seeds
4,5,2009-12-08,17,0.22,0.15,15.34,1.72,0,0,0.44,1.91,NA,19.78,NA
5,1,2009-12-08,17,1.31,0.11,12.98,3.6,4.77,0,0.16,5.98,NA,28.91,of twbacone; 0.07 maple seeds; 0.04 birch seeds
5,2,2009-12-08,17,0.95,0.08,11.33,5.25,5.31,0,0.04,0.75,NA,23.71,of twbacone; 0.04 birch seeds; 0.19 maple seeds
5,3,2009-12-08,17,0.03,0.08,1.23,6.39,2.49,0.1,1.15,2.23,NA,13.7,of twbacone; 0.01 hemlock seeds; 0.25 pine seeds; 0.1 birch seeds
5,4,2009-12-08,17,0.02,0.01,19.03,2.57,0.16,0,0.3,5.34,NA,27.43,of twbacone; 0.15 maple seeds; 0.03 birch seeds
5,5,2009-12-08,17,1.52,0.11,8.43,3.74,1.54,0,0.35,1.14,NA,16.83,of twbacone; 0.07 pine seeds; 0.04 birch seeds
6,1,2009-12-08,17,4.36,2.51,1.07,8.27,3.1,0,3.3,0.94,NA,23.55,of twbacone; 0.27 pine seeds; 0.02 hemlock seeds; 0.02 birch seeds
6,2,2009-12-08,17,7.56,0.05,1.58,5.01,1.64,0,0.8,4.54,NA,21.18,of twbacone; 0.16 pine seeds; 0.01 birch seeds
6,3,2009-12-08,17,1.7,2.13,3.14,9.96,11.95,0,1.49,4.14,NA,34.51,of twbacone; 0.03 birch seeds; 0.26 pine seeds; 0.11 hemlock seeds
6,4,2009-12-08,17,7.84,0.95,1.67,4.9,2.92,0,0.78,11.21,NA,30.27,of twbacone; 0.52 pine seeds; 0.09 hemlock seeds; 0.09 birch seeds
6,5,2009-12-08,17,8.42,0.86,0,4.01,0.36,0,0.37,3.6,NA,17.62,of twbacone; 0.04 pine seeds; 0.09 hemlock seeds; 0.03 birch seeds
7,1,2009-12-08,17,1.93,9.43,12.85,4.11,0.9,0,1.51,2.49,NA,33.22,NA
7,2,2009-12-08,17,0.24,2.27,12.8,10.16,1.54,0,0.85,0.3,NA,28.16,NA
7,3,2009-12-08,17,0,2.64,17.97,11.58,0.32,0,0.02,1.53,NA,34.06,trace hemlock
7,4,2009-12-08,17,0.04,15.81,5.74,9.6,1.29,0,2.24,17.24,NA,51.96,NA
7,5,2009-12-08,17,4.6,6.38,10.26,3.97,1.12,0,1.05,0.59,NA,27.97,NA
8,1,2009-12-08,17,0.03,0.65,21.51,4.58,6.3,0.54,0.29,0.33,NA,34.23,of twbacone; 0.06 birch seeds
8,2,2009-12-08,17,0.2,7.23,20.05,4.1,6.41,0,0.36,1.22,NA,39.57,NA
8,3,2009-12-08,17,0,0.02,23.51,6.5,3.31,0,0.25,0.92,NA,34.51,of twbacone; birch seeds 0.03; trace maple seeds; trace hemlock needles
8,4,2009-12-08,17,0.14,4.3,17.55,6.66,6.51,0,0.38,0.52,NA,36.06,NA
8,5,2009-12-08,17,0,0.03,34.96,1.05,1.55,0.18,0.33,0.09,NA,38.19,trace hemlock
1,1,2010-04-06,18,0.01,1.58,0,0,0,0,0.9,9.64,NA,12.13,trace birch seeds; 0.17 pine ssed
1,2,2010-04-06,18,0.01,0.03,0,0.16,0,0,0.18,0.82,NA,1.2,trace hemlock & birch seeds
1,3,2010-04-06,18,0,0.1,0,0,0,0,0.3,5.06,NA,5.46,trace hemlock & birch seeds; 0.06 pine seeds
1,4,2010-04-06,18,0.38,0.3,0,0,0,0,0.81,0.98,NA,2.47,trace birch seeds
1,5,2010-04-06,18,0,0.36,0,0,0,0,0.39,1.21,NA,1.96,trace pine seeds; 0.01g birch seeds
2,1,2010-04-06,18,0.32,0.77,0,0.05,0,0,0.5,0.21,NA,1.85,trace hemlock & birch seeds;0.03 pine seeds
2,2,2010-04-06,18,0.06,0.1,0,0,0,0,0.18,0.18,NA,0.52,trace pine; birch & hemlock seeds
2,3,2010-04-06,18,0.78,0.09,0,0.16,0,0,0.02,0.18,NA,1.23,0.01g brich seeds
2,4,2010-04-06,18,0.13,0.08,0.4,0,0,0,0.39,0.32,NA,1.32,trace hemlock seeds; 0.02 birch seeds; 0.03g pine seeds
2,5,2010-04-06,18,0.15,0.23,0,0,0,0,0.27,0.58,NA,1.23,trace hemlock & birch seeds; 0.02g pine seeds
3,1,2010-04-06,18,1.46,0.19,0.41,0,0,0,0.63,4.37,NA,7.06,0.03g birch seeds; 0.07g hemlock seeds
3,2,2010-04-06,18,1.97,0.14,0,0,0,0,0.68,7.22,NA,10.01,0.02g birch seeds; 0.06g hemlock seeds
3,3,2010-04-06,18,3.26,0.08,0,0.34,0.28,0,1.33,6.14,NA,11.43,0.1g hemlock seeds; 0.02g pine seeds; 0.09g birch seeds
3,4,2010-04-06,18,1.65,0.03,0,0,0.15,0,0.88,8.72,NA,11.43,0.06g birch seeds; 0.06g hemlock seeds
3,5,2010-04-06,18,0.9,0.14,0,0,0,0,0.74,4.07,NA,5.85,0.01g pine seeds; 0.01g birch seeds; 0.04g hemlock seeds
4,1,2010-04-06,18,0.17,0.07,0,0,0,0,0.08,2.21,NA,2.53,0.24 birch seeds; 0.03 pine seeds; 0.04 hemlock seeds
4,2,2010-04-06,18,0.07,0.07,1.39,0,0,0,0.26,0.78,NA,2.57,0.09 birch seeds; 0.01 pine seeds; 0.04 hemlock seeds
4,3,2010-04-06,18,NA,NA,NA,NA,NA,NA,NA,NA,NA,NA,bag empty; presumably basket wasn't collectable rather than zero
4,4,2010-04-06,18,0.05,0,0.31,0,0,0,0.1,0.35,NA,0.81,0.07 birch seeds; 0.02 pine seeds
4,5,2010-04-06,18,0.12,0,0,0,0,0,0.11,0.83,NA,1.06,0.06 birch seeds; 0.01 hemlock seeds
5,1,2010-04-06,18,0.7,0,0,0,0,0,1.16,27.35,NA,29.21,0.02 hemlock sees; 0.04 birch seeds
5,2,2010-04-06,18,0.56,0,0,0,0,0,0.84,4.8,NA,6.2,0.03 hemlock seeds; 0.02 birch seeds
5,3,2010-04-06,18,0.01,0,0,0,0,0,0.12,2.19,NA,2.32,0.01 birch seeds; 0.01 hemlock seeds
5,4,2010-04-06,18,0.02,0,0,0,0,0,0.57,4.24,NA,4.83,0.01 hemlock seeds; 0.04 birch seeds
5,5,2010-04-06,18,0.05,0.08,0,0,0.37,0,0.16,2.11,NA,2.77,0.1 birch seeds
6,1,2010-04-06,18,1.75,0.22,0,0,0,0,0.19,2.51,NA,4.67,0.02 birch seeds; 0.04 hemlock seeds; 0.02 pine seeds
6,2,2010-04-06,18,1.7,0,0,0,0,0,0.08,4.17,NA,5.95,0.09 hemlock seeds; trace pine and birch seeds; trace pine needles
6,3,2010-04-06,18,0.91,0.51,0,0,0,0,0.16,0.97,NA,2.55,0.04 pine seeds; 0.03 hemlock seeds; trace birch seeds
6,4,2010-04-06,18,2.68,0.22,0,0,0,0,0.14,4.34,NA,7.38,0.04 pine seeds; 0.05 hemlock seeds; trace birch seeds
6,5,2010-04-06,18,2.5,0.15,0,0,0,0,0.02,5.7,NA,8.37,0.01 pine seeds; 0.07 hemlock seeds; 0.02 birch seeds
7,2,2010-04-06,18,0.06,0.16,0,0,0,0,0.38,0.37,NA,0.97,0.06 pine seeds; 0.02 birch seeds; trace hemlock seeds
7,3,2010-04-06,18,0,0.07,0,0,0,0,0.26,0.12,NA,0.45,0.01 birch seeds
7,4,2010-04-06,18,0.04,0.39,0,0,0,0,0.52,1.64,NA,2.59,0.06 pine seeds; trace birch seeds
8,1,2010-04-06,18,0.01,0.01,1.32,0.12,0,0,0.21,2.24,NA,3.91,trace hemlock seeds; 0.04g brich seeds
8,2,2010-04-06,18,0.08,0.16,2.94,0,0.06,0,0.66,1.25,NA,5.15,0.11g birch seeds
8,3,2010-04-06,18,0,0,0.56,0,0,0,0.14,0.1,NA,0.8,trace hemlock seeds; 0.04g brich seeds
8,4,2010-04-06,18,0.07,0,1.31,0,0.06,0,0.33,3.09,NA,4.86,0.11g birch seeds
8,5,2010-04-06,18,0,0,0.53,0,0,0,0.16,0.1,NA,0.79,trace hemlock seeds; 0.03g birch seeds
1,1,2010-06-23,19,0,2.57,0,0,0,0,0.38,6.57,NA,9.52,0.02 pine seeds; 0.03 ;maple seeds
1,2,2010-06-23,19,0.01,0,0,0,0,0,0.24,0.03,NA,0.28,0.01 maple seeds; trace pine needles
1,3,2010-06-23,19,0,0.22,0,0.09,0,0,1.51,5.42,NA,7.24,trace maple seeds
1,4,2010-06-23,19,0.21,1.88,0,0,0,0,0.14,16.25,NA,18.48,NA
1,5,2010-06-23,19,0,1.25,0,0,0,0,1.32,2.92,NA,5.49,trace pine seeds
2,1,2010-06-23,19,0.94,1.55,0,0,0,0,0.27,1.32,NA,4.08,0.03 maple seeds
2,2,2010-06-23,19,0.04,0.57,0,0.22,0,0,0.65,0.02,NA,1.5,0.02 pine seeds
2,3,2010-06-23,19,0.78,0.4,0.42,0,0,0,1.35,1.26,NA,4.21,NA
2,4,2010-06-23,19,0.07,0.76,0,0,0,0,1.4,0.84,NA,3.07,NA
2,5,2010-06-23,19,0.24,0.8,0.7,0,0,0,0.7,0.42,NA,2.86,0.02 maple seeds
3,1,2010-06-23,19,0.26,3.77,0,0,0,0,0.43,2.65,NA,7.11,NA
3,2,2010-06-23,19,3.52,0.01,0,0,0,0,0.38,2.25,NA,6.16,0.02 maple seeds; trace hemlock seeds
3,3,2010-06-23,19,3.36,0.09,0,0,0.11,0,0.25,1.58,NA,5.39,0.2 maple seeds
3,4,2010-06-23,19,3.47,0.12,0,0,0,0,0.11,1.72,NA,5.42,NA
3,5,2010-06-23,19,5.18,0.08,0.35,0,0.09,0,0.18,1.69,NA,7.57,0.03 maple seeds; trace pine seeds
4,1,2010-06-23,19,0.18,0.04,0,0.2,0,0,0.85,0.28,NA,1.55,0.01 birch seeds
4,2,2010-06-23,19,0.27,0.05,0,0.06,0,0,1.08,1.23,NA,2.69,trace birch seeds
4,3,2010-06-23,19,0.1,0.08,0.55,0,0,0,1.39,0.7,NA,2.82,trace maple seeds
4,4,2010-06-23,19,0.02,0.02,1.23,0.09,0,0,1.14,1.19,NA,3.69,0.01 maple seeds
4,5,2010-06-23,19,0.11,0.05,0.15,0,0,0,0.94,0.22,NA,1.47,NA
5,1,2010-06-23,19,1.53,0,0,0,0,0,1,5.53,NA,8.06,0.04 maple seeds
5,2,2010-06-23,19,0.4,0,0,0,0,0,2.43,9.76,NA,12.59,trace maple seeds
5,3,2010-06-23,19,0,0.05,0,0,0,0,1.31,5.14,NA,6.5,trace pine & maple seeds
5,4,2010-06-23,19,0,0.07,0,0,0,0,2.06,8.6,NA,10.73,0.04 maple seeds
5,5,2010-06-23,19,0.06,0.02,0,0,0,0,1.73,1.52,NA,3.33,0.05 maple seeds
6,1,2010-06-23,19,2.79,0.27,0,0,0,0,0.32,6.4,NA,9.78,0.14 maple seeds
6,2,2010-06-23,19,3.65,0.18,0,0,0,0,0.24,3.29,NA,7.36,NA
6,3,2010-06-23,19,1.38,0.25,0,0,0,0,0.64,1.49,NA,3.76,0.06 maple seeds
6,4,2010-06-23,19,4.76,0.23,0,0,0,0,0.16,7.48,NA,12.63,0.03 pine seeds; trace hemlock seeds; 0.15 maple seeds
6,5,2010-06-23,19,5.57,0.02,0,0,0,0,0.16,5.82,NA,11.57,NA
7,2,2010-06-23,19,0.05,0.41,0,0.18,0,0,1.89,0.43,NA,2.96,NA
7,3,2010-06-23,19,0,0.86,0.28,0.19,0,0,2.02,1.25,NA,4.6,NA
7,4,2010-06-23,19,0.02,1.49,0,0,0,0,3.69,4.28,NA,9.48,0.02g pine seeds
8,1,2010-06-23,19,0.01,0.09,0.42,0,0,0,1.67,0.06,NA,2.25,NA
8,2,2010-06-23,19,0.11,0.65,0,0.06,0,0,2,1.01,NA,3.83,NA
8,3,2010-06-23,19,0,0,0.56,0.3,0.17,0,1.57,1.03,NA,3.63,NA
8,4,2010-06-23,19,0.08,0.26,0,0,0.17,0,1.71,0.87,NA,3.09,0.05 maple seeds
8,5,2010-06-23,19,0.01,0.01,0.35,0,0,0,1.93,0.36,NA,2.66,NA
1,1,2010-09-16,20,0.01,2.95,0,0.54,0,0,2.42,0.25,NA,6.17,trace pine seeds
1,2,2010-09-16,20,0.01,0.01,0,0.6,0.24,0,0.9,0.22,NA,1.98,NA
1,3,2010-09-16,20,0.01,0.25,0,1.05,0.19,0,3.22,1.69,NA,6.41,NA
1,4,2010-09-16,20,0.23,2.45,0,0.45,0,0,3.01,1.31,NA,7.45,NA
1,5,2010-09-16,20,0,2.62,0.09,0.61,0.47,0,3.45,0.17,NA,7.41,NA
2,1,2010-09-16,20,1.42,2.38,0,1.36,0,0,1.73,0.5,NA,7.39,NA
2,2,2010-09-16,20,0.07,0.51,0,6.56,0,0,0.95,0.22,NA,8.31,NA
2,3,2010-09-16,20,2.95,0.65,0,0.01,0,0,0.6,0.13,NA,4.34,NA
2,4,2010-09-16,20,0.36,0.63,0.14,0.15,0,0,1.91,0.06,NA,3.25,trace pine seeds
2,5,2010-09-16,20,0.66,0.83,0.18,0.32,0,0,1.9,0.29,NA,4.18,NA
3,1,2010-09-16,20,6.76,0.32,0.45,0,0,0,1.54,1.12,NA,10.19,trace maple seeds
3,2,2010-09-16,20,10.09,0.01,0,0.17,0,0,0.05,1.08,NA,11.4,NA
3,3,2010-09-16,20,11.05,0.01,0,0.55,0,0,0.03,0.81,NA,12.45,trace maple seeds
3,4,2010-09-16,20,11.53,0.08,0,0.43,0,0,0.06,0.64,NA,12.74,NA
3,5,2010-09-16,20,8.42,0.01,0,0,0,0,0.18,0.01,NA,8.62,NA
4,1,2010-09-16,20,1.55,0.01,0,0.91,0,0,0.42,2.07,NA,4.96,trace birch & hemlock seeds
4,2,2010-09-16,20,0.84,0.04,0,0.36,0,0,1.33,0.94,NA,3.51,trace pine seeds; 0.68g acorns
4,3,2010-09-16,20,0.38,0.19,1.29,0.37,0,0,0.79,0.32,NA,3.34,NA
4,4,2010-09-16,20,0.01,0,0,2.14,0,0.48,2.14,2.62,NA,7.39,2.05g acorns
4,5,2010-09-16,20,0.1,0.01,0.51,1.16,0,0,0.85,0.32,NA,2.95,NA
5,1,2010-09-16,20,0.62,0,0.56,0.34,0.09,0,2.05,2.32,NA,5.98,trace birch seeds; 0.53 acorns
5,2,2010-09-16,20,0.25,0,1.46,0.31,0,0,2.39,5.73,NA,10.14,trace birch seeds
5,3,2010-09-16,20,0,0,0,2.7,0.45,0,0.78,1.63,NA,5.56,NA
5,4,2010-09-16,20,0,0,1.06,1.39,0,0.23,1.76,2.87,NA,7.31,trace birch seeds; trace pine needles
5,5,2010-09-16,20,0.4,0.01,0.73,0.62,0,0,1.97,0.59,NA,4.32,NA
6,1,2010-09-16,20,5.95,0.6,0,0,0,0,1.1,0.18,NA,7.83,trace birch & pine seeds
6,2,2010-09-16,20,9.82,0.03,0,0.35,0,0,1.21,0.52,NA,11.93,NA
6,3,2010-09-16,20,2.41,0.29,0,0.71,0,0,1.89,0.11,NA,5.41,trace birch seeds; 0.02g pine seeds
6,4,2010-09-16,20,6.73,0.13,0,0.14,0.28,0,1.13,2.67,NA,11.08,trace hemlock seeds
6,5,2010-09-16,20,7.78,0.13,0,0.7,0,0,0.24,0.59,NA,9.44,trace birch seeds
7,2,2010-09-16,20,0.16,0.29,0.17,0.82,0,0,1.82,0.48,NA,3.74,NA
7,3,2010-09-16,20,0,0.48,0.33,0.96,0,0,2.64,0.23,NA,4.64,trace hemlock needles
7,4,2010-09-16,20,0,3.53,0,0.83,0,0,4.19,7.26,NA,15.81,trace birch seeds; trace hemlock needles
8,1,2010-09-16,20,0.01,0.13,0,0.56,0.22,0,1.15,1.28,NA,3.35,trace birch seeds
8,2,2010-09-16,20,0.26,3.19,0,0.75,0,0,2.48,0.09,NA,6.77,NA
8,3,2010-09-16,20,0,0,3.22,1.2,0,0,0.58,0,NA,5,NA
8,4,2010-09-16,20,0.07,0.88,0,0.84,0.24,0,1.91,0.81,NA,4.75,NA
8,5,2010-09-16,20,NA,NA,NA,NA,NA,NA,NA,NA,NA,NA,mesh torn
1,1,2010-12-08,21,0,14,1.33,4.3,0,0,1.93,2.22,NA,23.78,NA
1,2,2010-12-08,21,NA,NA,NA,NA,NA,NA,NA,NA,NA,NA,mesh torn
1,3,2010-12-08,21,0,0.69,6.55,5.63,1.53,0,2.39,1.55,NA,18.34,NA
1,4,2010-12-08,21,0.57,10.47,1.13,2.18,1.58,0,1.58,0.83,NA,18.34,NA
1,5,2010-12-08,21,0,9.23,3.8,0.43,8.43,0.05,2.6,1.5,NA,26.04,trace hemlock seeds
2,1,2010-12-08,21,1.87,13.12,1.77,2.56,0.93,0,0.09,1,NA,21.34,NA
2,2,2010-12-08,21,0.18,4.93,4.33,13.14,0,0,0.64,0.03,NA,23.25,trace hemlock and birch seeds
2,3,2010-12-08,21,3.31,1.2,8.35,1.49,0.25,0,0.92,0.33,NA,15.85,trace birch seeds
2,4,2010-12-08,21,0.41,2.98,14.12,4.04,0.95,0,1.01,0,NA,23.51,NA
2,5,2010-12-08,21,2.14,1.76,9.89,7.69,0,0,1.1,0.78,NA,23.36,NA
3,1,2010-12-08,21,5.75,1.91,6.05,0.81,1.14,0,1.63,3.57,NA,20.86,NA
3,2,2010-12-08,21,9.19,0.07,5.18,1.33,0.93,0,0.68,7.08,NA,24.46,trace hemlock seeds
3,3,2010-12-08,21,7.27,0.1,2.68,2.55,3.27,1.19,1.18,2.45,NA,20.69,trace hemlock and birch seeds
3,4,2010-12-08,21,NA,NA,NA,NA,NA,NA,NA,NA,NA,NA,mesh gone
3,5,2010-12-08,21,6.24,0.37,5.21,0.6,0.85,0,1.43,3.02,NA,17.72,trace hemlock and birch seeds
4,1,2010-12-08,21,1.39,0.13,4.97,11.67,0,0.2,0.56,0.72,NA,19.64,NA
4,2,2010-12-08,21,1.11,0.03,7.54,5.78,0,0.08,0.44,0.03,NA,15.01,trace birch seeds
4,3,2010-12-08,21,1.09,2.18,9.93,4.9,0.68,0.03,0.52,1.72,NA,21.05,trace hemlock and birch seeds
4,4,2010-12-08,21,0.07,0.06,8.78,6.47,5.19,1.64,2.48,0.27,NA,24.96,trace birch seeds
4,5,2010-12-08,21,0.23,0.5,12.75,2.36,0.09,0,0.68,0.01,NA,16.62,trace hemlock and birch seeds
5,1,2010-12-08,21,1.45,0,11.6,3.73,4.38,0,2.51,5.82,NA,29.49,NA
5,2,2010-12-08,21,0.64,0.09,6.35,8.13,2.36,0.34,3.5,4.05,NA,25.46,trace birch and pine seeds
5,3,2010-12-08,21,0,0.17,14.79,15.15,3.28,0.32,1.74,1.48,NA,36.93,NA
5,4,2010-12-08,21,0,0,17.81,3.01,0.25,0.83,3.61,1.75,NA,27.26,NA
5,5,2010-12-08,21,0.81,0.67,0,0,1.77,0,1.14,9.34,NA,13.73,trace birch seeds
6,1,2010-12-08,21,4.1,2.33,2.95,2.21,3.71,5.52,3.32,1.38,NA,25.52,trace birch seeds
6,2,2010-12-08,21,6.92,0.19,0,4.37,1.26,0,1.38,1.28,NA,15.4,trace birch and pine seeds
6,3,2010-12-08,21,1.94,2.78,3.11,3.49,8.13,6.26,2.05,0.5,NA,28.26,trace hemlock and birch seeds
6,4,2010-12-08,21,6.75,1.72,0,4.37,1.26,0,1.38,1.28,NA,16.76,trace birch and pine seeds
6,5,2010-12-08,21,6.72,0.75,0,2.94,0.46,0.95,0.53,4.2,NA,16.55,trace birch seeds
7,2,2010-12-08,21,0.23,1,13.5,9.61,2.35,0,1.35,1.47,NA,29.51,trace birch seeds
7,3,2010-12-08,21,0.01,2.49,19.56,8.74,0.43,0.09,1.83,0.49,NA,33.64,NA
7,4,2010-12-08,21,0.1,13.87,8.83,8.86,1.78,0,1.58,1.04,NA,36.06,trace birch seeds
8,1,2010-12-08,21,0.02,0.35,21.35,2.54,5.34,0.06,0.82,1.15,NA,31.63,trace birch seeds
8,2,2010-12-08,21,0.18,6.14,12.78,5.07,7.14,0.06,1.82,0.08,NA,33.27,trace birch seeds
8,3,2010-12-08,21,0,0,27.98,5.62,3.58,0.02,1.13,0.17,NA,38.5,trace birch seeds
8,4,2010-12-08,21,0.12,5.82,10.96,8.52,6.35,0.03,0.52,0.44,NA,32.76,trace birch seeds
8,5,2010-12-08,21,0.02,0,26.03,1.81,1.96,0,0.46,0.29,NA,30.57,NA
1,1,2011-04-12,22,0,0.5,0,0,0,0,0.36,4.89,NA,5.75,trace hemlock litter
1,2,2011-04-12,22,0,0.05,0,0,0,0,0.32,0.56,NA,0.93,trace hemlock litter
1,3,2011-04-12,22,0,0.13,0,0,0,0,1.22,2.35,NA,3.7,trace hemlock litter
1,4,2011-04-12,22,0.11,0.09,0,0,0,0,0.38,0.692,NA,1.27,NA
1,5,2011-04-12,22,0,0.15,0,0,0,0,0.26,0.66,NA,1.07,trace hemlock litter
2,1,2011-04-12,22,0.3,0.07,0,0.05,0.11,0,0.15,0.27,NA,0.95,NA
2,2,2011-04-12,22,0.07,0.05,0,0,0,0,0.04,1.1,NA,1.26,NA
2,3,2011-04-12,22,0.6,0.07,0.25,0,0,0,0.05,0.9,NA,1.87,NA
2,4,2011-04-12,22,0.22,0.03,0,0,0,0,0.08,0.61,NA,0.94,NA
2,5,2011-04-12,22,0.6,0.08,0,0.12,0,0,0,0.44,NA,1.24,NA
3,1,2011-04-12,22,3.06,0.08,0,0,0,0,0.43,3.08,NA,6.65,NA
3,2,2011-04-12,22,1.9,0,0,0,0,0,0.23,6.306,NA,8.436,NA
3,3,2011-04-12,22,1.36,0,0,0,0,0,0.2,4.06,NA,5.62,NA
3,4,2011-04-12,22,1.61,0.02,0,0,0,0,0,1.531,NA,3.161,NA
3,5,2011-04-12,22,0.7,0.03,0,0,0,0,0.22,0.94,NA,1.89,NA
4,1,2011-04-12,22,0.42,0.02,0,0,0,0,0.09,0.455,NA,0.985,NA
4,2,2011-04-12,22,NA,NA,NA,NA,NA,NA,NA,NA,NA,NA,Mesh torn
4,3,2011-04-12,22,0.14,0,0.19,0,0,0,0.11,0.04,NA,0.48,NA
4,4,2011-04-12,22,0,0.02,0,0,0,0,0.09,0.128,NA,0.238,trace hemlock litter
4,5,2011-04-12,22,NA,NA,NA,NA,NA,NA,NA,NA,NA,NA,Not collected 
5,1,2011-04-12,22,1.05,0,0,0,0,0,0.39,40.73,NA,42.17,NA
5,2,2011-04-12,22,0.99,0,0.53,0,0,0,0.25,1.212,NA,2.982,NA
5,3,2011-04-12,22,0.07,0,0,0.11,0,0,0.35,20.62,NA,21.15,trace pine litter
5,4,2011-04-12,22,0.04,0,0,0,0,0,0.42,1.92,NA,2.38,NA
5,5,2011-04-12,22,0.06,0,0,0,0,0,0.24,1.81,NA,2.11,NA
6,1,2011-04-12,22,1.53,0.19,0.69,0,0,0,0,5.29,NA,7.7,NA
6,2,2011-04-12,22,1.21,0,0,0,0,0,0,8.57,NA,9.78,NA
6,3,2011-04-12,22,1.24,0.08,0.52,0,0,0,0.15,1.9,NA,3.89,NA
6,4,2011-04-12,22,5.22,0.07,0,0,0.08,0,0.07,8.021,NA,13.461,NA
6,5,2011-04-12,22,2.98,0.06,0,0,0,0,0,1.923,NA,4.963,NA
7,2,2011-04-12,22,0.08,0,0,0,0,0.04,0.28,1.03,NA,1.43,trace pine litter
7,3,2011-04-12,22,0,0.04,0,0,0,0,0.16,1.09,NA,1.29,trace hemlock litter
7,4,2011-04-12,22,0.04,0.19,0,0,0,0,0.68,2.34,NA,3.25,NA
8,1,2011-04-12,22,0.01,0,0.27,0,0,0,0.08,1.564,NA,1.924,NA
8,2,2011-04-12,22,0.02,0.05,0,0,0.09,0,0.27,0.561,NA,0.991,NA
8,3,2011-04-12,22,0,0,0,0,0,0,0.07,0.301,NA,0.371,NA
8,4,2011-04-12,22,0.05,0.05,0,0,0.21,0,0.17,0.628,NA,1.108,NA
8,5,2011-04-12,22,0,0.04,0.5,0,0,0,0.35,0.68,NA,1.57,trace hemlock litter
1,1,2011-06-27,23,0.36,1.98,0,0.02,0,0,0.32,0.84,NA,3.52,NA
1,2,2011-06-27,23,0,0,0,0.66,0,0,1.1,0.292,NA,2.052,NA
1,3,2011-06-27,23,0,0.13,0,0.18,0.09,0,1.13,0.82,NA,2.35,NA
1,4,2011-06-27,23,0.22,1.09,0,0,0,0,0.53,2.66,NA,4.5,NA
1,5,2011-06-27,23,0.02,1.42,0,0,0,0,0.44,2.474,NA,4.354,NA
2,1,2011-06-27,23,0.82,1.33,0,0,0,0,0.23,0.345,NA,2.725,NA
2,2,2011-06-27,23,0.03,0.39,0,0.25,0,0,0.84,0.112,NA,1.622,NA
2,3,2011-06-27,23,0.63,0.22,0,0.21,0,0.1,0.33,0.864,NA,2.354,NA
2,4,2011-06-27,23,0.07,0.71,0,0.11,0,0,1.98,1.08,NA,3.95,NA
2,5,2011-06-27,23,0.18,0.66,0,0,0,0,0.69,0.34,NA,1.87,NA
3,1,2011-06-27,23,3.34,0.24,0,0,0,0,0.1,1.168,NA,4.848,NA
3,2,2011-06-27,23,2.87,0.03,0,0,0,0,0.31,1.22,NA,4.43,NA
3,3,2011-06-27,23,7.52,0.02,0,0,0,0,0.39,1.567,NA,9.497,NA
3,4,2011-06-27,23,3.98,0.09,0,0,0,0,0.19,2.962,NA,7.222,NA
3,5,2011-06-27,23,3.81,0.14,0.31,0,0.05,0,0.05,0.37,NA,4.73,NA
4,1,2011-06-27,23,0.28,0.02,0,0,0,0,0.28,4.82,NA,5.4,NA
4,2,2011-06-27,23,0.09,0,0,0.05,0,0,1.58,0.168,NA,1.888,trace pine litter
4,3,2011-06-27,23,0.1,0.17,0,0.08,0,0,0.36,4.55,NA,5.26,NA
4,4,2011-06-27,23,0.04,0.04,0.38,0.2,0.67,0,1.72,0.19,NA,3.24,NA
4,5,2011-06-27,23,0.07,0.08,0.82,0,0,0,2.28,0.025,NA,3.275,NA
5,1,2011-06-27,23,0.17,0,0,0.11,0,0,2.42,1.31,NA,4.01,NA
5,2,2011-06-27,23,0.04,0,0,0,0,0,0.21,2.591,NA,2.841,NA
5,3,2011-06-27,23,0.03,0.03,0,0.07,0,0,0.34,2.99,NA,3.46,NA
5,4,2011-06-27,23,0,0.02,1.47,0,0,0,1.52,1.63,NA,4.64,NA
5,5,2011-06-27,23,0.13,0.1,0,0,0,0,4.31,2.409,NA,6.949,NA
6,1,2011-06-27,23,2.13,0.26,0,0,0.04,0,1.59,0.497,NA,4.517,NA
6,2,2011-06-27,23,3.44,0.03,0,0,0,0,0.4,1.151,NA,5.021,NA
6,3,2011-06-27,23,1.65,0.3,0,0,0.13,0,1.47,1.9,NA,5.45,NA
6,4,2011-06-27,23,7.9,0.27,0,0.19,1.02,0,0.61,2.58,NA,12.57,NA
6,5,2011-06-27,23,3.38,0.15,0,0,0,0,0.2,2.75,NA,6.48,NA
7,2,2011-06-27,23,0.07,0.26,0.34,0,0,0,3.67,0.997,NA,5.337,NA
7,3,2011-06-27,23,0,0.63,0,0,0,0,2.48,1.416,NA,4.526,trace hemlock litter
7,4,2011-06-27,23,0.03,1.38,0,0.05,0,0,0.56,5.636,NA,7.656,NA
8,1,2011-06-27,23,0,0,0,0,0,0,0.51,2.051,NA,2.561,NA
8,2,2011-06-27,23,0.12,0.81,0,0,0,0,0.29,2.485,NA,3.705,NA
8,3,2011-06-27,23,0,0,0.67,0,0,0,0.12,1.95,NA,2.74,NA
8,4,2011-06-27,23,0.07,0.39,0,0,0,0,1.9,0.32,NA,2.68,NA
8,5,2011-06-27,23,0,0.02,2.22,0,0,0,2.27,0.225,NA,4.735,NA
1,1,2011-09-19,24,0,4.08,0,3.13,0,0,0.52,2.32,NA,10.05,NA
1,2,2011-09-19,24,0,0.02,0.47,1.63,0,0,1.79,0.574,NA,4.484,NA
1,3,2011-09-19,24,0,0.2,0.07,1.66,0,0,1.1,1.67,NA,4.7,NA
1,4,2011-09-19,24,0.22,2.48,0,0.6,0,0,0.19,6.15,NA,9.64,NA
1,5,2011-09-19,24,0,2.06,0.19,0.11,2.43,0,0.14,8.6,NA,13.53,NA
2,1,2011-09-19,24,0.46,2.33,0,0.7,0.11,0,0,2.13,NA,5.73,NA
2,2,2011-09-19,24,0.03,1.07,0,1.72,0,0,0.13,0.74,NA,3.69,NA
2,3,2011-09-19,24,1.66,0.82,0.57,0.21,0,0,0.05,0.98,NA,4.29,NA
2,4,2011-09-19,24,0.14,1.22,0.3,0.6,0.18,0,0.18,1.14,NA,3.76,NA
2,5,2011-09-19,24,0.27,0.94,0.17,1.13,0,0.06,0.48,0.63,NA,3.68,NA
3,1,2011-09-19,24,6.02,0.33,0.44,0,0.22,0,0.04,1.37,NA,8.42,NA
3,2,2011-09-19,24,7.74,0,1.82,0.04,0.79,0,0.04,0,NA,10.43,trace pine litter
3,3,2011-09-19,24,6.93,0,0,0.28,1.68,0,0.52,4.07,NA,13.48,NA
3,4,2011-09-19,24,6.89,0.15,0,0.58,0.74,0,0.05,1.35,NA,9.76,NA
3,5,2011-09-19,24,7.35,0.1,0.11,0,0,0,0.16,7.9,NA,15.62,NA
4,1,2011-09-19,24,1.4,0.03,0.14,1.4,0,0,0.55,2.34,NA,5.86,NA
4,2,2011-09-19,24,0.36,0.05,0.19,0.7,0,0,0.79,0.37,NA,2.46,NA
4,3,2011-09-19,24,0.29,0.25,0.46,0.57,0,0,0.73,1.734,NA,4.034,NA
4,4,2011-09-19,24,0,0,0,1.23,2.27,0.65,3.55,0,NA,7.7,NA
4,5,2011-09-19,24,0.03,0.07,0,1.21,0,0.07,0.91,1.5,NA,3.79,NA
5,1,2011-09-19,24,0.17,0,4.64,0.12,1.09,0,3.01,0.019,NA,9.049,NA
5,2,2011-09-19,24,0.12,0,0.21,2.59,0.36,0,1.73,26.679,NA,31.689,NA
5,3,2011-09-19,24,0,0,0,2.26,1.28,0.25,0.9,1.142,NA,5.832,trace hemlock and pine litter
5,4,2011-09-19,24,7.96,0,1.09,1.08,0,0,1.7,5.254,NA,17.084,NA
5,5,2011-09-19,24,1.03,0.01,0.17,0.76,0.2,0,0.46,20.441,NA,23.071,NA
6,1,2011-09-19,24,3.57,0.55,0,0.33,0.91,0.21,0.36,1.14,NA,7.07,NA
6,2,2011-09-19,24,7.79,0.02,0.12,0.35,0,0.09,0.22,1.606,NA,10.196,NA
6,3,2011-09-19,24,1.28,0.42,0.14,0.07,1.46,0.83,1.82,2.783,NA,8.803,NA
6,4,2011-09-19,24,4.79,0.21,0,0.21,1.11,0,2.39,6.608,NA,15.318,NA
6,5,2011-09-19,24,9.69,1.25,0,0.56,0.17,0,0.17,1.472,NA,13.312,NA
7,2,2011-09-19,24,0.13,0.3,0.9,1.17,0,0,1.01,0.29,NA,3.8,NA
7,3,2011-09-19,24,0.01,0.86,0.89,2.65,0,0,2.08,0.454,NA,6.944,NA
7,4,2011-09-19,24,0,3.08,0.57,1.35,0.26,0,0.6,10.42,NA,16.28,NA
8,1,2011-09-19,24,0.01,0.06,3.03,0.2,0.26,0,0.85,0.28,NA,4.69,NA
8,2,2011-09-19,24,0.08,1.57,0.98,0.15,0.69,0,1.82,2.98,NA,8.27,NA
8,3,2011-09-19,24,0,0,0.73,0.89,0.97,0,1.01,9.36,NA,12.96,NA
8,4,2011-09-19,24,0.05,1.04,0.78,0.42,2.21,0,3.05,6.74,NA,14.29,NA
8,5,2011-09-19,24,0.01,0,0.84,0.13,0.09,0,0.8,0.39,NA,2.26,NA
1,1,2011-12-05,25,0.03,10.77,2.49,10.76,0.62,0,0.73,3.739,NA,29.139,NA
1,2,2011-12-05,25,0.01,0.38,0.17,13.35,6.9,0,2.06,1.588,NA,24.458,NA
1,3,2011-12-05,25,0,0.73,4.71,6.97,1.86,0,1.1,9.863,NA,25.233,NA
1,4,2011-12-05,25,1.12,14.26,0.53,1.19,1.31,0,0.66,1.546,NA,20.616,NA
1,5,2011-12-05,25,0.02,5.76,4.76,1.49,11.05,0,0.85,3.642,NA,27.572,NA
2,1,2011-12-05,25,0.88,12.45,1.65,2.64,0.44,0,0.36,0.645,NA,19.065,NA
2,2,2011-12-05,25,0.07,3.94,2.55,16.22,0.61,0,0.56,2.297,NA,26.247,NA
2,3,2011-12-05,25,1.18,1.95,13.9,1.62,0,0.99,0.36,7.801,NA,27.801,NA
2,4,2011-12-05,25,0.19,3.29,15.08,3.03,0.75,0,0.35,1.852,NA,24.542,NA
2,5,2011-12-05,25,0.55,4.79,8.28,11.54,0,0.39,0.48,0.703,NA,26.733,NA
3,1,2011-12-05,25,NA,NA,NA,NA,NA,NA,NA,NA,NA,NA,mesh gone
3,2,2011-12-05,25,7.03,0.08,5.44,0.29,0.23,0,0.08,6.72,NA,19.87,NA
3,3,2011-12-05,25,3.33,0,3,2.94,3.61,0,5.43,3.46,NA,21.77,NA
3,4,2011-12-05,25,3.95,0.72,0.73,4.7,2.31,0,5.64,3.759,NA,21.809,NA
3,5,2011-12-05,25,4.54,0.22,6.29,0.84,0.69,0,3.78,0.85,NA,17.21,NA
4,1,2011-12-05,25,1.32,0.26,3.33,0,0,0,0.91,2.537,NA,8.357,NA
4,2,2011-12-05,25,0.53,0.12,4.52,5.49,0,0,0.22,2.31,NA,13.19,NA
4,3,2011-12-05,25,0.75,1.65,14.05,5.39,1.15,0,0.13,1.517,NA,24.637,NA
4,4,2011-12-05,25,0.02,0.04,2.02,9.4,2.71,1.77,0.42,1.121,NA,17.501,NA
4,5,2011-12-05,25,0.16,0.24,7.49,4.81,0.12,0,0.29,2.044,NA,15.154,NA
5,1,2011-12-05,25,0.63,0,10.45,2.49,5.34,0,0.53,1.816,NA,21.256,NA
5,2,2011-12-05,25,0.34,0.04,7.36,11.13,1.78,0,0.28,6.863,NA,27.793,NA
5,3,2011-12-05,25,0.02,0.15,0.23,7.54,1.97,0.78,0.03,2.952,NA,13.672,NA
5,4,2011-12-05,25,0.05,0,14.88,4.86,0.22,1.49,0.46,1.523,NA,23.483,NA
5,5,2011-12-05,25,0.67,0.51,9.73,3.51,4.1,0,0.17,12.25,NA,30.94,NA
6,1,2011-12-05,25,2.01,2.89,1.48,2.17,2.29,7.39,2.12,5.154,NA,25.504,NA
6,2,2011-12-05,25,5.47,0.11,0.75,2.94,2.45,0,0.35,8.123,NA,20.193,NA
6,3,2011-12-05,25,1.02,2.88,3.01,5.16,8.07,3.11,0,3.99,NA,27.24,NA
6,4,2011-12-05,25,5.07,1.22,1.64,4,3.97,0,0.46,4.636,NA,20.996,NA
6,5,2011-12-05,25,6.11,1.29,0.57,4.92,0.53,0,0.23,6.747,NA,20.397,NA
7,2,2011-12-05,25,0.4,1.13,13.42,7.74,0.75,0,0.3,3.142,NA,26.882,NA
7,3,2011-12-05,25,0,1.79,18.87,8.95,0.28,0,1.25,2.4,NA,33.54,trace hemlock litter
7,4,2011-12-05,25,0.07,13.66,4.25,6.97,1.29,0,0.28,4.837,NA,31.357,NA
8,1,2011-12-05,25,0,0.65,14.33,2.48,4.52,0.32,0.38,5.983,NA,28.663,trace hemlock litter
8,2,2011-12-05,25,0.06,8.02,9.68,4.12,5.46,0,0.59,2.394,NA,30.324,NA
8,3,2011-12-05,25,0.17,0,21.37,5.77,1.82,0,0.42,3.122,NA,32.672,NA
8,4,2011-12-05,25,0,5.67,13,4.19,6.56,0,0.39,5.619,NA,35.429,NA
8,5,2011-12-05,25,0.02,0,26.04,1.51,1.11,0.48,0.77,3.084,NA,33.014,NA
1,1,2012-04-18,26,0.02,0.43,0,0.02,0,0,0.05,0.977,NA,1.497,NA
1,2,2012-04-18,26,0.04,0.01,0,0.07,0,0,0.03,1.358,NA,1.508,NA
1,3,2012-04-18,26,0.02,0.02,0,0,0,0,0.08,1.545,NA,1.665,NA
1,4,2012-04-18,26,0.27,1.56,0,0,0,0,0.05,6.049,NA,7.929,NA
1,5,2012-04-18,26,0.03,0.24,0,0,0,0,0.05,1.775,NA,2.095,NA
2,1,2012-04-18,26,1.4,0.15,0.83,0,0,0,0.33,5.248,NA,7.958,NA
2,2,2012-04-18,26,0.14,0.04,0,0.45,0,0,0.01,0.455,NA,1.095,NA
2,3,2012-04-18,26,0.83,0.23,0.31,0.04,0,0.14,0.01,2.204,NA,3.764,NA
2,4,2012-04-18,26,0.19,0.13,0.97,0,0,0,0.04,0.815,NA,2.145,NA
2,5,2012-04-18,26,0.72,0.14,0.77,0,0,0,0.03,1.264,NA,2.924,NA
3,1,2012-04-18,26,2.37,0.13,0.38,0,0,0,0.07,5.45,NA,8.4,NA
3,2,2012-04-18,26,3.3,0.01,0,0,0,0,0.12,16.653,NA,20.083,NA
3,3,2012-04-18,26,1.85,0.08,1.07,0,0,0,0.06,8.511,NA,11.571,NA
3,4,2012-04-18,26,1.96,0.15,0,0,0,0,0.06,12.52,NA,14.69,NA
3,5,2012-04-18,26,2.04,0.04,0,0.04,0,0,0.12,5.83,NA,8.07,NA
4,1,2012-04-18,26,0.67,0.04,0.81,0,0,0,0.04,3.817,NA,5.377,NA
4,2,2012-04-18,26,0.43,0,0.73,0.24,0,0,0.02,2.76,NA,4.18,NA
4,3,2012-04-18,26,0.39,0.02,0,0,0,0,0.06,1.528,NA,1.998,NA
4,4,2012-04-18,26,0.09,0.01,0.6,0.1,0,0,0.04,1.676,NA,2.516,NA
4,5,2012-04-18,26,0.26,0,0.62,0.08,0,0,0.02,1.605,NA,2.585,trace white pine
5,1,2012-04-18,26,1.01,0,0.48,0,0,0,0.03,15.34,NA,16.86,NA
5,2,2012-04-18,26,0.87,0,0,0.04,0,0,0.03,3.204,NA,4.144,NA
5,3,2012-04-18,26,0.06,0.09,0,0.06,0,0,0.1,5.924,NA,6.234,NA
5,4,2012-04-18,26,0.04,0,0.35,0.18,0,0.13,0.03,2.471,NA,3.201,trace white pine
5,5,2012-04-18,26,0.18,0.03,0,0,0,0,0.04,2.639,NA,2.889,NA
6,1,2012-04-18,26,1.85,0.24,0,0,0,0,0.02,3.983,NA,6.093,NA
6,2,2012-04-18,26,1.86,0.07,0,0,0,0,0.02,13.382,NA,15.332,NA
6,3,2012-04-18,26,1.28,0.16,0,0,0,0.09,0.07,4.573,NA,6.173,other deciduous is ash
6,4,2012-04-18,26,2.71,0.22,0,0.16,0,0,0.01,6.415,NA,9.515,NA
6,5,2012-04-18,26,2.44,0.04,0,0,0,0,0.03,11.325,NA,13.835,NA
7,2,2012-04-18,26,0.26,0.16,0,0.12,0,0,0.03,1.883,NA,2.453,NA
7,3,2012-04-18,26,0.01,0.09,0,0,0,0,0.06,1.151,NA,1.311,NA
7,4,2012-04-18,26,0.07,1.32,0,0.07,0,0,0.12,7.996,NA,9.576,NA
8,1,2012-04-18,26,0.04,0,0,0,0,0,0.02,1.942,NA,2.002,NA
8,2,2012-04-18,26,0.17,0.14,0.57,0,0,0,0.05,1.742,NA,2.672,NA
8,3,2012-04-18,26,0,0,1.11,0.03,0,0,0.03,0.549,NA,1.719,trace hemlock
8,4,2012-04-18,26,0.39,0.06,0.24,0.02,0,0,0.12,1.479,NA,2.309,NA
8,5,2012-04-18,26,0.03,0.02,0.17,0,0,0,0.01,0.866,NA,1.096,NA
1,1,2012-06-26,27,0.01,2.78,0,0.09,0,0,0.02,1.01,NA,3.91,NA
1,2,2012-06-26,27,0.01,0.05,0,0.17,0,0,0.05,0.94,NA,1.22,NA
1,3,2012-06-26,27,0,0.22,0,0.16,0,0,0.02,1.55,NA,1.95,NA
1,4,2012-06-26,27,0.21,2.2,0,0.2,0,0,0.07,4.68,NA,7.36,NA
1,5,2012-06-26,27,0.01,1.33,0.08,0,0,0,0.11,3.878,NA,5.408,NA
2,1,2012-06-26,27,0.42,2.24,0,0.06,0,0,0.05,1.65,NA,4.42,NA
2,2,2012-06-26,27,0.05,0.61,0,0.5,0,0,0.01,0.86,NA,2.03,NA
2,3,2012-06-26,27,0.89,0.42,0,0,0,0,0.08,1.973,NA,3.363,NA
2,4,2012-06-26,27,0.12,1.34,0.36,0.05,0,0,0.09,1.07,NA,3.03,NA
2,5,2012-06-26,27,0.22,0.71,0,0.11,0,0,0.03,1.12,NA,2.19,NA
3,1,2012-06-26,27,2.86,0.44,0,0.01,0,0,0.08,1.246,NA,4.636,NA
3,2,2012-06-26,27,3.81,0.02,1.27,0.14,0,0,0.25,3.691,NA,9.181,NA
3,3,2012-06-26,27,2.25,0.02,0,0.06,0,0,0.14,3.541,NA,6.011,NA
3,4,2012-06-26,27,3.32,0.06,0,0.18,0,0,0.12,1.662,NA,5.342,NA
3,5,2012-06-26,27,3.42,0.07,0,0,0,0,0.07,1.69,NA,5.25,NA
4,1,2012-06-27,27,0.54,0,0,1.03,0,0,0.04,0.868,NA,2.478,trace white pine
4,2,2012-06-27,27,0.12,0.05,0,0.12,0,0,0.03,1.101,NA,1.421,NA
4,3,2012-06-27,27,0.27,0.17,0.27,0.2,0,0,0.07,1.662,NA,2.642,NA
4,4,2012-06-27,27,0.02,0.04,0,0.02,0.04,0.02,0.03,1.193,NA,1.363,NA
4,5,2012-06-27,27,0.06,0.09,0,0.08,0,0.03,0.06,2.948,NA,3.268,NA
5,1,2012-06-27,27,0.4,0,0.6,0.09,0,0.07,0.03,2.142,NA,3.332,NA
5,2,2012-06-27,27,0.22,0,0,0.42,0,0,0.34,1.754,NA,2.734,NA
5,3,2012-06-27,27,0,0.03,0,1.16,0.45,0,0.44,8.928,NA,11.008,NA
5,4,2012-06-27,27,0.02,0,0,0.06,0.06,0,0.15,3.512,NA,3.802,NA
5,5,2012-06-27,27,0.45,0.1,0,0.05,0.04,0,0.13,3.228,NA,3.998,NA
6,1,2012-06-27,27,1.47,0.39,0,0.54,0,0,0.08,10.07,NA,12.55,NA
6,2,2012-06-27,27,2.32,0.03,0,0.11,1.27,0,0.06,2.854,NA,6.644,NA
6,3,2012-06-27,27,0.67,0.24,0,0.44,0.12,0.09,0.11,1.865,NA,3.535,NA
6,4,2012-06-27,27,2.56,0.25,0,0.22,0.01,0,0.1,1.785,NA,4.925,NA
6,5,2012-06-27,27,3.72,0.16,0,0.36,0.06,0,0.03,1.544,NA,5.874,NA
7,2,2012-06-27,27,0.1,0.28,0,1.9,0.12,0,0.29,2.368,NA,5.058,NA
7,3,2012-06-27,27,0,1.34,0,0.27,0,0,0.21,1.911,NA,3.731,trace hemlock
7,4,2012-06-27,27,0.02,2.4,0,0.04,0,0,0.09,4.912,NA,7.462,NA
8,1,2012-06-26,27,0,0.07,1.39,0.06,0,0,0.32,1.53,NA,3.37,trace hemlock
8,2,2012-06-26,27,0.07,1.54,0.4,0.26,0.1,0,0.12,1.722,NA,4.212,NA
8,3,2012-06-26,27,0,0,0.12,0,0,0,0.03,1.613,NA,1.763,NA
8,4,2012-06-26,27,0.15,0.91,0,0.58,0,0,0.15,1.39,NA,3.18,NA
8,5,2012-06-26,27,0,0,0.15,0,0,0,0.04,1.91,NA,2.1,trace hemlock & white pine
1,1,2012-09-21,28,0.04,3.25,0,0.67,0,0,0.37,3.639,NA,7.969,NA
1,2,2012-09-21,28,0.01,0.09,0,2.55,0.27,0,1.07,0.138,NA,4.128,NA
1,3,2012-09-21,28,0.01,0.27,0.65,1.8,1.36,0,0.31,8.675,NA,13.075,NA
1,4,2012-09-21,28,0.56,2.69,0,0.87,0.99,0,0.72,10.523,NA,16.353,NA
1,5,2012-09-21,28,0.03,3.62,0.09,0.26,3.81,0,0.98,3.866,NA,12.656,NA
2,1,2012-09-21,28,1.07,2.66,0,1.05,0,0,0.79,7.494,NA,13.064,NA
2,2,2012-09-21,28,0.03,0.74,0,3.26,0,0,0.19,0.535,NA,4.755,NA
2,3,2012-09-21,28,3.36,1.09,0,0.57,0,0,0.74,1.813,NA,7.573,NA
2,4,2012-09-21,28,0.39,1.02,1.29,1.18,0.29,0,0.73,0.38,NA,5.28,NA
2,5,2012-09-21,28,0.46,0,0.19,0.75,0,0,0.21,0.822,NA,2.432,NA
3,1,2012-09-21,28,NA,NA,NA,NA,NA,NA,NA,NA,NA,NA,basket tipped
3,2,2012-09-21,28,11.37,0.05,0.18,0.2,0.21,0,0.22,1.545,NA,13.775,NA
3,3,2012-09-21,28,7.52,0.03,0.21,0.55,2.34,0,0.11,2.113,NA,12.873,NA
3,4,2012-09-21,28,11.28,0.09,0,0.59,0,0,0.16,3.385,NA,15.505,NA
3,5,2012-09-21,28,8.01,0.13,0.69,0.32,0,0,0.21,1.167,NA,10.527,NA
4,1,2012-09-21,28,1.74,0.02,0.11,1.73,0,0,0.11,0.294,NA,4.004,NA
4,2,2012-09-21,28,0.45,0,0.13,1.5,0,0,0.09,5.865,NA,8.035,NA
4,3,2012-09-21,28,1.16,0.42,0.1,0.33,0.07,0,2.25,1.833,NA,6.163,NA
4,4,2012-09-21,28,NA,NA,NA,NA,NA,NA,NA,NA,NA,NA,mesh torn
4,5,2012-09-21,28,0.04,0.09,0,0.18,0,0,0.96,0.622,NA,1.892,NA
5,1,2012-09-21,28,NA,NA,NA,NA,NA,NA,NA,NA,NA,NA,mesh torn
5,2,2012-09-21,28,0.15,0,0.37,3.07,0.54,0,0.33,9.191,NA,13.651,NA
5,3,2012-09-21,28,0.01,0.03,0.09,3.39,0.96,0,0.59,1.451,NA,6.521,NA
5,4,2012-09-21,28,0,0,1.38,1.42,0,0,1.52,5.78,NA,10.1,NA
5,5,2012-09-21,28,1.68,0.06,0.19,0.36,0,0,0.03,0.212,NA,2.532,NA
6,1,2012-09-21,28,3.24,0.58,0,0,0.2,0.6,0.75,1.058,NA,6.428,NA
6,2,2012-09-21,28,11.09,0.03,0.1,0.46,0.23,0,0.16,2.063,NA,14.133,NA
6,3,2012-09-21,28,2.91,0.69,0,0.22,0.29,1.13,0.35,0.352,NA,5.942,NA
6,4,2012-09-21,28,10.35,2.63,0.31,0.15,1.27,0,5.46,3.119,NA,23.289,NA
6,5,2012-09-21,28,NA,NA,NA,NA,NA,NA,NA,NA,NA,NA,basket tipped
7,2,2012-09-21,28,NA,NA,NA,NA,NA,NA,NA,NA,NA,NA,basket tipped
7,3,2012-09-21,28,0,0.79,0.61,1.96,0.21,0,1.32,0.478,NA,5.368,NA
7,4,2012-09-21,28,0,3.76,0.5,2.74,0.06,0,8.03,7.352,NA,22.442,NA
8,1,2012-09-21,28,0.01,0.09,1.96,0.64,0.86,0,0.13,10.57,NA,14.26,NA
8,2,2012-09-21,28,0.14,2.05,1.42,0.39,0.4,0,0.99,6.227,NA,11.617,NA
8,3,2012-09-21,28,0,0,1.67,1.08,0.42,0,0.31,1.26,NA,4.74,NA
8,4,2012-09-21,28,0.15,1.69,1.69,0.84,0,0,0.66,19.496,NA,24.526,NA
8,5,2012-09-21,28,0,0,2.41,0.04,0,0,0.34,0.57,NA,3.36,NA
1,1,2012-12-04,29,0.02,10.45,1.17,9.18,0.68,0,0.89,2.036,NA,24.426,NA
1,2,2012-12-04,29,0.02,0.48,0.37,20.58,1.49,0.31,1.29,2.03,NA,26.57,NA
1,3,2012-12-04,29,0.05,0.9,4.15,8.29,2.54,0,0.82,9.105,NA,25.855,NA
1,4,2012-12-04,29,0.73,9.14,1.07,1.76,0.74,0,0.54,7.648,NA,21.628,NA
1,5,2012-12-04,29,0.02,7.64,3.67,1.79,14.03,0,1.11,3.727,NA,31.987,NA
2,1,2012-12-04,29,1.39,10.33,1.95,4.95,0.87,0,0.18,0.485,NA,20.155,NA
2,2,2012-12-04,29,0.16,3.99,1.81,11.58,0.12,0,0.35,0.374,NA,18.384,NA
2,3,2012-12-04,29,2.02,2.29,5.95,1.44,0.81,1.24,0.07,0.281,NA,14.101,NA
2,4,2012-12-04,29,0.4,2.86,23.33,4.43,1.77,0.21,0.24,0.336,NA,33.576,NA
2,5,2012-12-04,29,0.73,2.18,11.61,17.69,0,0.03,0.05,0.11,NA,32.4,NA
3,1,2012-12-04,29,5.46,2.6,5.08,0.54,0.5,0,0.13,2.481,NA,16.791,NA
3,2,2012-12-04,29,5.41,0.09,4.75,1.06,0.9,0,0.06,17.09,NA,29.36,NA
3,3,2012-12-04,29,5.85,0.12,4.91,0.63,3.67,1.27,0.92,2.9,NA,20.27,NA
3,4,2012-12-04,29,6.55,0.71,1.28,3.18,1.4,0,0.2,4.83,NA,18.15,NA
3,5,2012-12-04,29,3.8,0.47,12.07,0.39,0.32,0,0.22,4.89,NA,22.16,NA
4,1,2012-12-04,29,1.98,0.14,5.64,12.04,0,0,0.14,1.156,NA,21.096,NA
4,2,2012-12-04,29,1.48,0.01,6.86,10.42,0,0,0.11,0.117,NA,18.997,NA
4,3,2012-12-04,29,1.44,0.55,12.74,6.25,1.03,0,0.1,0.2,NA,22.31,NA
4,4,2012-12-04,29,0.09,0.02,9.75,11.36,4.83,0.35,0.42,1.73,NA,28.55,NA
4,5,2012-12-04,29,0.25,0.43,12.3,7.5,0.45,0,0.33,0.834,NA,22.094,NA
5,1,2012-12-04,29,3.52,0,14.61,3.78,5.28,0,0.29,4.296,NA,31.776,NA
5,2,2012-12-04,29,0.44,0.06,8.09,14.16,2.49,0,0.5,2.42,NA,28.16,NA
5,3,2012-12-04,29,NA,NA,NA,NA,NA,NA,NA,NA,NA,NA,basket tipped
5,4,2012-12-04,29,0.06,0,31.07,5.16,0,0,0.54,0.482,NA,37.312,NA
5,5,2012-12-04,29,1.17,0.2,11.61,5.01,3.41,0,0.3,0.67,NA,22.37,NA
6,1,2012-12-04,29,2.88,2.67,0,1.55,6.18,5.06,1.89,0.681,NA,20.911,NA
6,2,2012-12-04,29,6.12,0.18,1.98,2.64,2.67,0,0.09,3.146,NA,16.826,NA
6,3,2012-12-04,29,2.15,2.88,2.36,3.92,11.37,4.17,0.12,0.591,NA,27.561,NA
6,4,2012-12-04,29,4.02,0.9,0.74,6.24,4.45,0,0.3,5.017,NA,21.667,NA
6,5,2012-12-04,29,5.86,0.55,0.44,4.52,0.28,0,0.18,8.104,NA,19.934,NA
7,2,2012-12-04,29,0.66,1.2,23,11.11,1.37,0,0.35,0.421,NA,38.111,NA
7,3,2012-12-04,29,0.03,1.7,21.56,8.75,0.17,0,0.54,1.8,NA,34.55,NA
7,4,2012-12-04,29,0.09,9,5.88,11.5,1.41,0,1.06,31.644,NA,60.584,NA
8,1,2012-12-04,29,0.01,0.3,9.1,1.69,1.72,0,0.59,1.88,NA,15.29,NA
8,2,2012-12-04,29,0.2,6.42,13.47,3.56,19.13,0,0.44,3.29,NA,46.51,NA
8,3,2012-12-04,29,0.02,0.03,21.79,6.48,1.59,0,0.35,0.76,NA,31.02,NA
8,4,2012-12-04,29,0.35,5.7,9.83,6.16,7.31,0,0.23,1.201,NA,30.781,NA
8,5,2012-12-04,29,0,0.05,25.65,1.4,1.22,0.65,0.59,0.01,NA,29.57,NA
1,1,2013-04-19,30,0.14,0.38,0,0.01,0,0,0.11,0.819,NA,1.459,NA
1,2,2013-04-19,30,0.05,0.02,0,0,0,0,0.06,1.832,NA,1.962,NA
1,3,2013-04-19,30,0.05,0.06,0,0,0,0,0.07,1.13,NA,1.31,NA
1,4,2013-04-19,30,0.38,0.15,0,0,0,0,0.16,7.88,NA,8.57,NA
1,5,2013-04-19,30,0.02,0.14,0,0,0,0,0.05,0.781,NA,0.991,NA
2,1,2013-04-19,30,0.77,0.22,0.64,0.11,0,0,0.08,3.72,NA,5.54,NA
2,2,2013-04-19,30,0.09,0.07,0,0.07,0,0,0.03,2.791,NA,3.051,NA
2,3,2013-04-19,30,0.48,0.62,0,0.01,0,0,0.09,1.64,NA,2.84,NA
2,4,2013-04-19,30,0.21,0.1,0,0.06,0,0,0.09,0.7,NA,1.16,NA
2,5,2013-04-19,30,0.44,0.11,1.45,0.09,0,0,0.02,0.973,NA,3.083,NA
3,1,2013-04-19,30,2.01,0.19,0,0,0,0,0.04,2.737,NA,4.977,NA
3,2,2013-04-19,30,2.23,0,0,0,0,0,0.03,4.568,NA,6.828,trace pine
3,3,2013-04-19,30,2.05,0.06,0,0,0,0,0.45,5.855,NA,8.415,NA
3,4,2013-04-19,30,2.24,0.1,0,0,0,0,0.09,8.038,NA,10.468,NA
3,5,2013-04-19,30,1.34,0.04,0.96,0,0,0,0.06,4.544,NA,6.944,NA
4,1,2013-04-19,30,0.78,0.03,0,0.02,0,0,0.08,8.637,NA,9.547,NA
4,2,2013-04-19,30,0.47,0,0,0,0,0,0,0.608,NA,1.078,trace pine & misc
4,3,2013-04-19,30,0.47,0.01,0,0.16,0,0,0.02,1.222,NA,1.882,NA
4,4,2013-04-19,30,0.11,0,0.86,0,0,0,0,0.343,NA,1.313,trace pine & misc
4,5,2013-04-19,30,0.32,0.02,0,0,0,0,0.03,0.462,NA,0.832,NA
5,1,2013-04-19,30,0.63,0,0.12,0,0,0,0.02,1.524,NA,2.294,NA
5,2,2013-04-19,30,0.7,0,0,0,0,0,0.01,1.812,NA,2.522,NA
5,3,2013-04-19,30,0.07,0.02,0,0.11,0,0,0.06,1.986,NA,2.246,NA
5,4,2013-04-19,30,0.11,0,0,0.12,0,0,0.02,2.653,NA,2.903,trace pine
5,5,2013-04-19,30,0.22,0,0.35,0,0,0,0.02,0.364,NA,0.954,trace pine
6,1,2013-04-19,30,1.66,0.13,0,0,0.26,0,0.06,0.593,NA,2.703,NA
6,2,2013-04-19,30,3.07,0,0,0,0,0,0.02,5.744,NA,8.834,trace pine
6,3,2013-04-19,30,1.73,0.23,0,0,0,0,0.04,2.061,NA,4.061,NA
6,4,2013-04-19,30,5.31,0.29,0,0.12,0.13,0,0.05,10.284,NA,16.184,NA
6,5,2013-04-19,30,4.01,0,0,0,0,0,0.03,5.834,NA,9.874,trace pine
7,2,2013-04-19,30,0.19,0.12,0.51,0,0,0,0.11,0.614,NA,1.544,NA
7,3,2013-04-19,30,0.05,0.14,0,0,0,0,0.06,2.331,NA,2.581,NA
7,4,2013-04-19,30,0.17,0.5,0.3,0.54,0,0,0.21,10.787,NA,12.507,NA
8,1,2013-04-19,30,0.04,0.01,0.12,0,0,0,0.11,0.111,NA,0.391,NA
8,2,2013-04-19,30,0.24,0.23,0,0,0.09,0,0.38,5.556,NA,6.496,NA
8,3,2013-04-19,30,0,0,0.54,0,0,0,0.11,1.48,NA,2.13,trace hemlock
8,4,2013-04-19,30,0.18,0.06,0,0.14,0,0,0.26,0.592,NA,1.232,NA
8,5,2013-04-19,30,0.02,0.01,0.29,0,0,0,0.14,0.45,NA,0.91,NA
1,1,2013-06-27,31,0.01,2.75,0,0.02,0,0,0.05,0.95,NA,3.78,NA
1,2,2013-06-27,31,0,0.05,0,0.17,0,0,0.18,3.737,NA,4.137,trace hemlock
1,3,2013-06-27,31,0,0.29,0.14,0.11,0,0,0.16,19.651,NA,20.351,trace hemlock
1,4,2013-06-27,31,0.21,1.6,0,0.05,0,0,0.3,7.506,NA,9.666,NA
1,5,2013-06-27,31,0.02,0.89,0,0,0,0,0.23,16.593,NA,17.733,NA
2,1,2013-06-27,31,0.66,1.06,0,0,0,0,0.04,1.03,NA,2.79,NA
2,2,2013-06-27,31,0.07,0.78,0,0.08,0,0,0.07,0.96,NA,1.96,NA
2,3,2013-06-27,31,NA,NA,NA,NA,NA,NA,NA,NA,NA,NA,mesh torn
2,4,2013-06-27,31,0.13,1.11,0.16,0.11,0,0,0.16,1.77,NA,3.44,NA
2,5,2013-06-27,31,0.3,0.46,0,0.05,0,0,0.11,2.01,NA,2.93,NA
3,1,2013-06-27,31,3.47,0.38,0,0,0,0,0.44,3.403,NA,7.693,NA
3,2,2013-06-27,31,3.03,0.01,0,0,0,0,0.18,2.328,NA,5.548,NA
3,3,2013-06-27,31,4.05,0.03,0,0,0.06,0,0.3,2.087,NA,6.527,NA
3,4,2013-06-27,31,3.32,0.14,0,0.42,0,0,0.18,4.372,NA,8.432,NA
3,5,2013-06-27,31,5.8,0.14,0,0,0,0,0.39,2.611,NA,8.941,NA
4,1,2013-06-26,31,0.77,0.02,0,0.32,0,0,0.24,1.618,NA,2.968,NA
4,2,2013-06-26,31,0.28,0.01,0,0.04,0,0,0.32,2.162,NA,2.812,NA
4,3,2013-06-26,31,0.42,0.06,0,0,0,0,0.26,3.413,NA,4.153,NA
4,4,2013-06-26,31,0.05,0.03,0,0,0.26,0,0.21,2.63,NA,3.18,NA
4,5,2013-06-26,31,0.11,0.06,0,0,0,0,0.44,1.705,NA,2.315,NA
5,1,2013-06-26,31,0.39,0.01,0,0.24,0.06,0,0.35,4.21,NA,5.26,NA
5,2,2013-06-26,31,0.23,0,0.42,0.17,0,0,0.23,2.952,NA,4.002,trace pine
5,3,2013-06-26,31,0,0.03,0,1.42,0.07,0,0.19,2.208,NA,3.918,trace hemlock
5,4,2013-06-26,31,0.02,0,0.73,0.06,0.19,0,1.1,5.307,NA,7.407,NA
5,5,2013-06-26,31,0.68,0.11,0.5,0.06,0,0,0.41,4.113,NA,5.873,NA
6,1,2013-06-26,31,2.07,0.42,0,0,0.25,0,0.44,2.021,NA,5.201,NA
6,2,2013-06-26,31,2.52,0,0,0,0,0,0.32,2.43,NA,5.27,trace pine
6,3,2013-06-26,31,1.29,0.24,0,0,0.11,0,0.6,2.478,NA,4.718,NA
6,4,2013-06-26,31,3.05,0.56,0,0,0,0,0.21,2.148,NA,5.968,NA
6,5,2013-06-26,31,3.56,0.1,0,0.14,0.04,0,0.16,2.557,NA,6.557,NA
7,2,2013-06-26,31,0.14,0.27,0,0,0,0,0.54,3.557,NA,4.507,NA
7,3,2013-06-26,31,0.02,1.17,0,0.11,0,0,0.77,2.762,NA,4.832,NA
7,4,2013-06-26,31,0.07,2.13,0,0.03,0,0,0.28,2.69,NA,5.2,NA
8,1,2013-06-26,31,0.02,0.09,0.1,0,0.02,0,0.24,2.641,NA,3.111,NA
8,2,2013-06-26,31,0.24,1.12,0,0,0.12,0,0.26,2.805,NA,4.545,NA
8,3,2013-06-26,31,0,0.01,0.14,0,0,0,0.03,2.99,NA,3.17,NA
8,4,2013-06-26,31,0.14,0.65,0,0,0,0,0.3,2.127,NA,3.217,NA
8,5,2013-06-26,31,0,0.02,0,0.03,0,0,0.72,2.08,NA,2.85,trace hemlock
1,1,2013-09-30,32,0.01,4.03,0,2.74,0.38,0,2.58,0.26,NA,10,NA
1,2,2013-09-30,32,0.03,0.06,0,12.3,0.32,0.17,2.22,0.3,NA,15.4,otherdecid is shrub w small; simples leaves
1,3,2013-09-30,32,0,0.31,0.48,1.7,1.93,0,1.19,1.807,NA,7.417,trace hemlock
1,4,2013-09-30,32,0.42,3.27,0.22,0.76,1.89,0,5.48,1.53,NA,13.57,NA
1,5,2013-09-30,32,0,2.79,0.36,0.98,5.05,0,2.88,0.96,NA,13.02,trace hemlock
2,1,2013-09-30,32,1.29,3.02,0.26,1.19,0.03,0,2.51,0.3,NA,8.6,NA
2,2,2013-09-30,32,0.05,1.17,0.18,5.06,0,0,0.91,0.14,NA,7.51,NA
2,3,2013-09-30,32,3.04,0.63,0,0.53,0,0.73,1.24,0.23,NA,6.4,otherdecid is witch hazel
2,4,2013-09-30,32,0.16,1.46,1.47,1.7,1.01,0,1.17,0.191,NA,7.161,NA
2,5,2013-09-30,32,0.83,1.32,0,3.31,0,0,1.39,0.38,NA,7.23,NA
3,1,2013-09-30,32,4.83,0.62,0.38,0,0.27,0,1.15,3.367,NA,10.617,NA
3,2,2013-09-30,32,7.68,0.01,0.07,0.33,0.13,0,0.75,1.273,NA,10.243,NA
3,3,2013-09-30,32,4.66,0.01,0,0.34,2.68,0,1.01,1.736,NA,10.436,NA
3,4,2013-09-30,32,8.21,0.11,0,1.32,0.3,0,0.89,1.351,NA,12.181,NA
3,5,2013-09-30,32,7.59,0.1,0.37,0.07,0.17,0,1.22,1.394,NA,10.914,NA
4,1,2013-09-30,32,1.05,0.03,0,3.08,0,0,0.63,1.059,NA,5.849,NA
4,2,2013-09-30,32,0.31,0.01,0.27,1.85,0,0,0.81,2.767,NA,6.017,NA
4,3,2013-09-30,32,NA,NA,NA,NA,NA,NA,NA,NA,NA,NA,basket tipped
4,4,2013-09-30,32,0.02,0.01,0.35,3.61,4.02,0,0.6,1.49,NA,10.1,NA
4,5,2013-09-30,32,0.05,0.11,0.5,2.16,0.2,0,0.77,0.17,NA,3.96,NA
5,1,2013-09-30,32,0.64,0,0,1.45,2.3,0,1.06,0.209,NA,5.659,trace pine
5,2,2013-09-30,32,0.31,0,1.14,4.88,0.25,0,0.86,0.352,NA,7.792,trace pine
5,3,2013-09-30,32,0.01,0.02,0,3.74,0.15,0,0.8,0.625,NA,5.345,NA
5,4,2013-09-30,32,0.02,0.01,0.58,0.85,0.05,0,2.01,0.765,NA,4.285,NA
5,5,2013-09-30,32,1.05,0.09,0.35,1.05,0.08,0,1.27,0.344,NA,4.234,NA
6,1,2013-09-30,32,3.09,0.89,0,0.77,0.35,2.85,2.25,0.56,NA,10.76,otherdecid is ash
6,2,2013-09-30,32,6.25,0.03,0,1.37,0,0,0.92,1.243,NA,9.813,NA
6,3,2013-09-30,32,1.26,0.68,0,0.19,1.17,4.82,1.54,0.237,NA,9.897,otherdecid is ash
6,4,2013-09-30,32,5.86,0.49,0,0.17,1.16,0,0.89,1.684,NA,10.254,NA
6,5,2013-09-30,32,5.53,6.84,0,0.81,0,0,1.14,1.672,NA,15.992,NA
7,2,2013-09-30,32,0.24,0.31,0.85,1.46,0.56,0,1.11,1.734,NA,6.264,NA
7,3,2013-09-30,32,0.02,0.64,1.33,1.39,0.25,0,1.9,1.266,NA,6.796,NA
7,4,2013-09-30,32,0.02,4.36,0,2.17,0.02,0,6.73,1.851,NA,15.151,NA
8,1,2013-09-30,32,0,0.26,0.59,0.32,1.59,0,1.55,3.598,NA,7.908,trace hemlock
8,2,2013-09-30,32,0.12,3.29,0.78,1.73,0.77,0,4.51,5.235,NA,16.435,NA
8,3,2013-09-30,32,0,0,0.62,1.63,0.72,0,0.87,0.161,NA,4.001,NA
8,4,2013-09-30,32,0.06,1.76,0.5,1.07,3.62,0,1.88,0.495,NA,9.385,NA
8,5,2013-09-30,32,0,0,1.49,0.14,0.26,0,0.72,0.12,NA,2.73,NA
1,1,2013-12-04,33,0.08,11.54,2.22,11.02,1.05,0,0.59,0.45,NA,26.95,NA
1,2,2013-12-04,33,0.04,0.33,0.39,11.36,0.54,1.98,0.23,0.46,NA,15.33,NA
1,3,2013-12-04,33,0.03,0.85,4.22,6.83,3.89,0.09,0.4,1.392,NA,17.702,other deciduous is ash
1,4,2013-12-04,33,0.74,9.84,1.64,2.08,0.71,0,0.44,0.759,NA,16.209,NA
1,5,2013-12-04,33,0.04,6.12,6.4,3.66,5.67,0,0.26,0.111,NA,22.261,NA
2,1,2013-12-04,33,1.95,13.32,0.97,7.63,0.51,0,0.33,0.609,NA,25.319,NA
2,2,2013-12-04,33,0.11,6.48,0.35,12.22,0.62,0,0.34,0.024,NA,20.144,NA
2,3,2013-12-04,33,2.6,1.2,20.02,1.83,0,1.53,0.23,0.58,NA,27.99,other deciduous is witch hazel & unidentified
2,4,2013-12-04,33,0.49,1.8,14.5,5.06,0.6,0,0.22,0.345,NA,23.015,NA
2,5,2013-12-04,33,1.21,1.91,3.77,10.25,0,0,0.22,0.326,NA,17.686,NA
3,1,2013-12-04,33,3.78,2.95,4.38,0.43,6.77,0.08,0.36,4.342,NA,23.092,NA
3,2,2013-12-04,33,5.53,0.05,4.02,0.94,0.55,0,0.28,2.107,NA,13.477,NA
3,3,2013-12-04,33,4.37,0.23,2.55,2.19,1.67,0.92,0.49,2.714,NA,15.134,other deciduous is ash & unidentified
3,4,2013-12-04,33,5.71,0.57,2.18,3.71,0.89,0,0.6,3.826,NA,17.486,NA
3,5,2013-12-04,33,4.58,0.19,3.66,0.72,0.39,0,0.56,0.357,NA,10.457,NA
4,1,2013-12-04,33,2.07,0.05,4.75,12.94,0,0.2,0.24,0.868,NA,21.118,NA
4,2,2013-12-04,33,1.11,0.03,8.95,12.24,0.15,0.13,0.29,0.345,NA,23.245,NA
4,3,2013-12-04,33,2.35,1.93,10.68,7.78,1.02,0.01,0.69,1.366,NA,25.826,NA
4,4,2013-12-04,33,0.12,0.04,5.61,10.3,4.06,0,0.15,1.833,NA,22.113,NA
4,5,2013-12-04,33,0.34,0.65,11.27,11.63,0.28,0.03,0.29,2.19,NA,26.68,NA
5,1,2013-12-04,33,0.86,0,10.37,7.71,8.31,0.09,0.18,1.646,NA,29.166,NA
5,2,2013-12-04,33,0.73,0,7.78,17.55,2.61,0.21,0.27,3.687,NA,32.837,NA
5,3,2013-12-04,33,0.04,0.2,0.55,13.07,4.06,0.13,0.36,3.263,NA,21.673,NA
5,4,2013-12-04,33,0.03,0,16.83,5.66,0.03,0.04,0.3,1.134,NA,24.024,NA
5,5,2013-12-04,33,1.02,0.9,4.3,6.01,2.63,0.03,0.29,0.264,NA,15.444,NA
6,1,2013-12-04,33,2.58,4.49,1.03,3.15,3.04,1.53,2.11,1.239,NA,19.169,NA
6,2,2013-12-04,33,4.98,0.08,0.3,1.59,1.83,0,0.69,5.602,NA,15.072,NA
6,3,2013-12-04,33,1.94,4.25,1.19,3.36,14.37,1.76,0.59,1.842,NA,29.302,NA
6,4,2013-12-04,33,4.03,0.31,3,6.78,7.8,0,0.44,5.752,NA,28.112,NA
6,5,2013-12-04,33,4.74,1.11,3.17,5.63,0.69,0.06,0.15,3.737,NA,19.287,NA
7,2,2013-12-04,33,0.57,0.55,19.75,10.06,2.15,0.13,0.44,11.391,NA,45.041,NA
7,3,2013-12-04,33,0.04,0.88,15.28,9.48,0.47,0.39,0.7,0.268,NA,27.508,NA
7,4,2013-12-04,33,0.15,8.53,8.83,8.89,2.24,0.36,0.59,3.975,NA,33.565,NA
8,1,2013-12-04,33,0.08,0.65,18.29,2.23,4.74,1.12,0.19,5.877,NA,33.177,other deciduous is witch hazel
8,2,2013-12-04,33,0.25,5.08,11.18,4.45,6.91,0.06,0.26,8.06,NA,36.25,large cone
8,3,2013-12-04,33,0.02,0,20,3.87,2.07,0,0.18,1.462,NA,27.602,NA
8,4,2013-12-04,33,0.18,2.51,16.34,6.12,8.96,0,0.22,0.654,NA,34.984,NA
8,5,2013-12-04,33,0,0.03,23.41,1.23,1.96,1.1,0.21,0.271,NA,28.211,trace hemlock; other deciduous is witch hazel
1,1,2014-04-28,34,0.08,0.65,0,0,0,0,0.09,12.873,NA,13.69,NA
1,2,2014-04-28,34,0.06,0.02,0,0,0,0,0.42,0.776,NA,1.28,NA
1,3,2014-04-28,34,0.06,0.04,0,0,0,0,0.27,0.812,NA,1.18,NA
1,4,2014-04-28,34,0.53,1.21,0,0,0,0,0.03,6.541,NA,8.31,NA
1,5,2014-04-28,34,0.04,0.32,0,0,0,0,0.09,3.482,NA,3.93,NA
2,1,2014-04-28,34,1.22,0.35,0.16,0.26,0,0,0.24,0.833,NA,3.06,NA
2,2,2014-04-28,34,NA,NA,NA,NA,NA,NA,NA,NA,NA,NA,mesh fell off
2,3,2014-04-28,34,NA,NA,NA,NA,NA,NA,NA,NA,NA,NA,basket broken - need to replace
2,4,2014-04-28,34,0.43,0.2,0.78,0.05,0,0,0.2,0.746,NA,2.41,NA
2,5,2014-04-28,34,0.8,0.18,0.77,0.39,0,0,0.2,0.577,NA,2.92,NA
3,1,2014-04-28,34,4.38,0.19,0,0,0,0,0.3,3.181,NA,8.05,NA
3,2,2014-04-28,34,4.86,0.01,0,0,0,0,0.38,9.78,NA,15.03,NA
3,3,2014-04-28,34,4.44,0.05,0.32,0,0,0.03,0.41,5.301,NA,10.55,NA
3,4,2014-04-28,34,4.35,0.1,0,0,0,0,0.27,7.572,NA,12.29,NA
3,5,2014-04-28,34,3.12,0.05,0.52,0,0,0,0.35,4.638,NA,8.68,NA
4,1,2014-04-28,34,NA,NA,NA,NA,NA,NA,NA,NA,NA,NA,basket not anchored & trash in it!
4,2,2014-04-28,34,0.65,0.01,0.6,0.09,0,0,0.12,0.259,NA,1.73,NA
4,3,2014-04-28,34,0.72,0.09,1.62,0.31,0.15,0,0.1,0.485,NA,3.48,NA
4,4,2014-04-28,34,0.15,0,0.83,0.24,0,0,0.06,0.112,NA,1.39,trace pine needles
4,5,2014-04-28,34,0.41,0.01,1.41,0,0,0,0.11,0.257,NA,2.2,NA
5,1,2014-04-28,34,NA,NA,NA,NA,NA,NA,NA,NA,NA,NA,mesh fell off
5,2,2014-04-28,34,0.9,0,0,0,0,0,0.22,1.06,NA,2.18,NA
5,3,2014-04-28,34,0.1,0.01,0,0,0,0,0.49,2.444,NA,3.04,NA
5,4,2014-04-28,34,0.1,0.21,0,0.05,0.07,0.12,0.36,1.316,NA,2.23,NA
5,5,2014-04-28,34,0.54,0.04,0.45,0,0,0,0.19,1.647,NA,2.87,NA
6,1,2014-04-28,34,3.31,0.43,0,0,0.12,0,0.28,2.932,NA,7.07,NA
6,2,2014-04-28,34,4.84,0.02,0,0.04,0,0,0.03,5.072,NA,10,NA
6,3,2014-04-28,34,2.14,0.19,0,0,0,0,0.24,1.306,NA,3.88,hemlock has HWA; at least one red maple flower
6,4,2014-04-28,34,4.87,0.58,0,0,0,0,0.25,5.948,NA,11.65,NA
6,5,2014-04-28,34,4.62,0.03,0,0,0,0,0.22,5.018,NA,9.89,NA
7,2,2014-04-28,34,0.3,0.18,0.31,0,0,0,0.22,2.524,NA,3.53,NA
7,3,2014-04-28,34,0.03,0.09,1.09,0.04,0,0,0.36,0.377,NA,1.99,NA
7,4,2014-04-28,34,0.16,0.41,0.82,0,0,0,0.6,2.206,NA,4.2,NA
8,1,2014-04-28,34,0.09,0.05,0.63,0,0,0.05,0.02,0.414,NA,1.25,NA
8,2,2014-04-28,34,0.21,0.1,0,0.18,0,0,0.3,0.806,NA,1.6,NA
8,3,2014-04-28,34,0.01,0,0,0,0,0,0.03,0.76,NA,0.8,NA
8,4,2014-04-28,34,0.27,0.04,2.54,0.12,0,0,0.04,1.729,NA,4.74,NA
8,5,2014-04-28,34,0.02,0,0.75,0,0,0.03,0.08,0.725,NA,1.61,trace pine needles
1,1,2014-06-20,35,0,2.09,0,0.06,0,0,0.54,0.05,NA,2.74,trace hemlock needles
1,2,2014-06-20,35,0.02,0.05,0,0.26,0,0,0.69,3.1,NA,4.12,NA
1,3,2014-06-20,35,0,0.09,0,0.07,0,0,0.81,0.19,NA,1.16,trace hemlock needles
1,4,2014-06-20,35,0.32,0.95,0,0,0,0,0.5,0.3,NA,2.07,NA
1,5,2014-06-20,35,0.01,0.8,0,0,0,0,0.74,1.4,NA,2.95,NA
2,1,2014-06-20,35,0.99,1.17,0,0.05,0,0,0.51,0.52,NA,3.24,NA
2,2,2014-06-20,35,0.05,0.71,0,0,0,0,0.59,0,NA,1.35,NA
2,3,2014-06-20,35,NA,NA,NA,NA,NA,NA,NA,NA,NA,NA,basket broken - need to replace
2,4,2014-06-20,35,0.12,1.48,0,0,0,0,1.08,0.42,NA,3.1,NA
2,5,2014-06-20,35,0.47,0.98,0,0,0,0,0.68,0.03,NA,2.16,NA
3,1,2014-06-20,35,3.39,0.31,0,0,0,0,0.46,1.21,NA,5.37,NA
3,2,2014-06-20,35,3.9,0.07,0,0,0,0,0.51,0.36,NA,4.84,NA
3,3,2014-06-20,35,2.9,0.08,0,0.3,0,0,0.76,3.3,NA,7.34,NA
3,4,2014-06-20,35,3.81,0.08,0,0,0,0,0.57,1.26,NA,5.72,NA
3,5,2014-06-20,35,5.04,0.17,0,0,0,0,0.77,0.223,NA,6.203,NA
4,1,2014-06-20,35,0.75,0.01,0,0.02,0,0,0.58,1.571,NA,2.931,NA
4,2,2014-06-20,35,0.34,0.01,0,0.02,0,0,1.28,0.321,NA,1.971,NA
4,3,2014-06-20,35,0.7,0.33,0.07,0.07,0,0,1.31,0.731,NA,3.211,NA
4,4,2014-06-20,35,0.02,0.02,0,0.21,0.31,0,0.83,0.39,NA,1.78,NA
4,5,2014-06-20,35,0.1,0.09,0,0.03,0,0,1.01,3.89,NA,5.12,NA
5,1,2014-06-20,35,0.24,0,0,0,0,0,1.11,1.26,NA,2.61,trace pine needles
5,2,2014-06-20,35,0.23,0.01,0,0.03,0.04,0,1.24,2.8,NA,4.35,NA
5,3,2014-06-20,35,0.01,0.01,0,0.05,0,0,0.46,2.3,NA,2.83,NA
5,4,2014-06-20,35,0.02,0,0.76,0,0,0,2.2,1.25,NA,4.23,NA
5,5,2014-06-20,35,1.21,0.07,0,0,0,0,1.56,2.43,NA,5.27,NA
6,1,2014-06-20,35,1.98,0.51,0,0.14,0,0,0.88,0.4,NA,3.91,NA
6,2,2014-06-20,35,2.34,0.02,0,0,0,0,0.74,0.639,NA,3.739,NA
6,3,2014-06-20,35,1.22,0.41,0,0,0,0,1.14,1.08,NA,3.85,NA
6,4,2014-06-20,35,2.27,0.69,0,0.22,0,0,0.66,0.417,NA,4.257,NA
6,5,2014-06-20,35,2.72,0.22,0,0.23,0,0,0.83,2.43,NA,6.43,NA
7,2,2014-06-20,35,0.09,0.25,0,0.17,0,0,1.57,3.17,NA,5.25,NA
7,3,2014-06-20,35,0,0.46,0.13,0.05,0,0,1.22,0.53,NA,2.39,trace hemlock needles
7,4,2014-06-20,35,0.04,9.62,0,0.02,0,0,1.36,14.581,NA,25.621,NA
8,1,2014-06-23,35,NA,NA,NA,NA,NA,NA,NA,NA,NA,NA,basket tipped
8,2,2014-06-23,35,0.18,1.12,0.82,0.07,0.24,0,1.14,1.134,NA,4.704,NA
8,3,2014-06-23,35,0,0,0.29,0,0.22,0,0.96,0.682,NA,2.152,trace hemlock needles
8,4,2014-06-23,35,0.17,0.89,0,0,0,0,1.11,0.98,NA,3.15,NA
8,5,2014-06-23,35,0,0.01,0,0,0,0,1.38,3.64,NA,5.03,trace hemlock needles
1,1,2014-09-18,36,0.01,2.91,0,0.64,0,0,0.09,0,NA,3.65,NA
1,2,2014-09-18,36,0.01,0.01,0,1.14,0.15,0.1,0.99,0,NA,2.4,fern is 0.01g of the 'other decid'
1,3,2014-09-18,36,0,0.22,0,0.29,0.14,0.03,0.94,9.18,NA,1.62,trace hemlock needles
1,4,2014-09-18,36,0.4,2.5,0,0.56,0.36,0.05,0.21,5.89,NA,4.08,NA
1,5,2014-09-18,36,0.01,2.51,0,0.39,0.54,0,0.24,1.92,NA,3.69,NA
2,1,2014-09-18,36,0.99,2.01,0,0.41,0.69,0,0.83,2.65,NA,4.93,NA
2,2,2014-09-18,36,0.03,1.02,0,1.12,0,0,0.13,0.88,NA,2.3,NA
2,3,2014-09-18,36,3.55,0.26,0,0.18,0,0,0.55,0.44,NA,4.54,NA
2,4,2014-09-18,36,0.15,1.42,0,0.16,0,0,0.22,1.09,NA,1.95,NA
2,5,2014-09-18,36,0.83,0.88,0,1,0,0,0.28,0.78,NA,2.99,NA
3,1,2014-09-18,36,6.22,0.83,0.44,0,0.22,0,0.66,2.55,NA,8.37,NA
3,2,2014-09-18,36,10.28,0.05,0,0.12,0,0,0.59,2.71,NA,11.04,NA
3,3,2014-09-18,36,7.01,0.03,0,0.31,0.71,0,0.69,1.83,NA,8.75,NA
3,4,2014-09-18,36,NA,NA,NA,NA,NA,NA,NA,NA,NA,NA,mesh torn off
3,5,2014-09-18,36,8.13,0.09,0,0,0,0,0.7,2.13,NA,8.92,NA
4,1,2014-09-18,36,0.43,0.06,0.15,1.26,0,0.02,0.59,0.53,NA,2.51,NA
4,2,2014-09-18,36,0.19,0.01,0.72,1.44,0,0,0.49,4.45,NA,2.85,NA
4,3,2014-09-18,36,0.65,0.31,0,0,0,0,1.08,0.6,NA,2.04,NA
4,4,2014-09-18,36,0.04,0.01,0.17,1.23,0.47,0,0.38,0.17,NA,2.3,NA
4,5,2014-09-18,36,0.02,0.02,0,1.97,0,0,0.89,0.03,NA,2.9,NA
5,1,2014-09-18,36,0.34,0.04,0.77,0.3,0.27,0,0.87,0.26,NA,2.59,NA
5,2,2014-09-18,36,0.13,0.01,0,0.3,0.28,0,1.52,1.86,NA,2.24,NA
5,3,2014-09-18,36,0,0.05,0,1.4,0.42,0,1.11,7.41,NA,2.98,trace hemlock
5,4,2014-09-18,36,0.01,0,0.04,0.41,0,0,1.5,2,NA,1.96,trace pine
5,5,2014-09-18,36,2.35,0.07,0.18,0.24,0.11,0,0.31,11.97,NA,3.26,NA
6,1,2014-09-18,36,4.63,0.69,0,0.16,0.06,0.08,0.2,0.56,NA,5.82,NA
6,2,2014-09-18,36,9.05,0.01,0,0.21,0.02,0,0.4,1.53,NA,9.69,NA
6,3,2014-09-18,36,2.77,0.54,0,0.07,0.38,0,0.18,1.55,NA,3.94,NA
6,4,2014-09-18,36,6.55,0.45,0,0.24,0.21,0,0.26,1.42,NA,7.71,NA
6,5,2014-09-18,36,9.06,0.33,0,0.56,0,0,0.14,1.93,NA,10.09,NA
7,2,2014-09-18,36,0.12,0.13,0.5,0.51,0.08,0,0.77,6.75,NA,2.11,NA
7,3,2014-09-18,36,0,0.69,0,0.15,0,0,1.16,1.46,NA,2,NA
7,4,2014-09-18,36,0,3.43,0,0.64,0.04,0,0.45,5.63,NA,4.56,NA
8,1,2014-09-18,36,0,0.15,0.36,0.05,0.23,0,0.88,1.07,NA,1.67,NA
8,2,2014-09-18,36,0.09,1.48,0,0.05,0.02,0,1.61,0.88,NA,3.25,NA
8,3,2014-09-18,36,0,0,0.21,0.65,0.08,0,1.03,2.11,NA,1.97,NA
8,4,2014-09-18,36,0.1,1.08,0.21,0.16,0,0,0.85,1.03,NA,2.4,NA
8,5,2014-09-18,36,0,0,1.63,0.13,0.05,0,0.41,7.44,NA,2.22,trace pine
1,1,2014-12-04,37,0.84,8.46,0.98,12.73,0.18,0,0.05,6.39,NA,23.24,NA
1,2,2014-12-04,37,0.04,0.38,0,15.93,3.34,2.43,0.47,1.14,NA,22.59,NA
1,3,2014-12-04,37,0,0.63,4.05,7.85,2.62,0,1.16,1.39,NA,16.31,NA
1,4,2014-12-04,37,1.42,9.54,0.32,4.06,0.8,0,0.29,0.78,NA,16.43,NA
1,5,2014-12-04,37,0.61,6.87,4.98,6.36,11.53,0.3,0.26,1.62,NA,30.91,NA
2,1,2014-12-04,37,2.19,7.98,1.96,9.51,0.54,0,0.05,0.95,NA,22.23,NA
2,2,2014-12-04,37,0.21,5.32,3.97,16.29,0,0,0.15,6.37,NA,25.94,NA
2,3,2014-12-04,37,8.45,1.34,11.17,3.07,0.43,1.49,0.13,3.1,NA,26.08,NA
2,4,2014-12-04,37,0.54,2.28,22.29,4.45,1.22,0,0.3,0.84,NA,31.08,NA
2,5,2014-12-04,37,1.72,1.95,14.05,14.74,0,0.19,0.01,5.27,NA,32.66,NA
3,1,2014-12-04,37,5.12,2.16,6.13,0.59,0.94,0.26,1.12,3.35,NA,16.32,NA
3,2,2014-12-04,37,7.2,0.25,4.59,1.1,1.08,0.61,0.53,6.7,NA,15.36,NA
3,3,2014-12-04,37,5.11,0.13,4.16,1.98,2.14,1.46,0.15,4.23,NA,15.13,NA
3,4,2014-12-04,37,8.06,0.53,1.51,5.5,2.39,0,0.19,4.72,NA,18.18,NA
3,5,2014-12-04,37,6.02,0.21,9.52,0.58,0.84,0,0.51,3.06,NA,17.68,NA
4,1,2014-12-04,37,0.89,0.16,4.7,6.7,0,0,0.13,3.72,NA,12.58,NA
4,2,2014-12-04,37,1.02,0.07,9.83,13.34,0,0,0.31,2.67,NA,24.57,NA
4,3,2014-12-04,37,2.07,2.03,15.46,7.31,0.79,0,0.17,3.85,NA,27.83,NA
4,4,2014-12-04,37,0.17,0.02,7.03,11.6,5.41,0.14,0.06,0.44,NA,24.43,NA
4,5,2014-12-04,37,0.3,0.29,15.34,9.97,1.06,0.21,0.77,1.88,NA,27.94,NA
5,1,2014-12-04,37,0.8,0.04,11.28,6.12,8.56,0.89,2.7,2.16,NA,30.39,NA
5,2,2014-12-04,37,0.65,0.05,4.97,18.16,3.4,0,0.44,2.88,NA,27.67,NA
5,3,2014-12-04,37,0.11,0.2,2.15,14.69,7.14,0,0.57,3.08,NA,24.86,NA
5,4,2014-12-04,37,0.13,0,27.41,7.06,0.23,0,0.56,0.62,NA,35.39,trace PIST
5,5,2014-12-04,37,1.95,0.47,8.22,6.14,3.03,0,0.3,2.48,NA,20.11,NA
6,1,2014-12-04,37,2.73,3.19,3.57,3.32,5.11,8.48,0.08,4.62,NA,26.48,NA
6,2,2014-12-04,37,7.54,0.05,0,3.31,2.14,0,0.07,4.27,NA,13.11,NA
6,3,2014-12-04,37,2.12,2.41,2.88,4.19,12.53,4.3,0.64,1.69,NA,29.07,other deciduous is Fraxinus
6,4,2014-12-04,37,4.79,1.08,1.84,5.11,8.75,0,0.15,3.78,NA,21.72,NA
6,5,2014-12-04,37,6.15,1.25,0.33,4.43,0.41,0,0.09,8.81,NA,12.66,NA
7,1,2014-12-04,37,0.81,12.13,0.94,3.67,0.46,2.6,0.79,5.47,NA,21.4,NA
7,2,2014-12-04,37,0.83,0.99,14.78,10.68,1.58,0,0.51,4.65,NA,29.37,NA
7,3,2014-12-04,37,0.14,0.14,26.3,12.78,0.44,0,0.64,1.77,NA,40.44,trace other deciduous
7,4,2014-12-04,37,0.82,10.89,14.9,8.94,1.06,0.07,0.75,9.2,NA,37.43,NA
7,5,2014-12-04,37,0.89,3.97,24.39,5.02,0.6,0,0.27,0.57,NA,35.14,NA
8,1,2014-12-04,37,0.05,0.75,31.97,4.11,4.26,0,0.42,0.5,NA,41.56,NA
8,2,2014-12-04,37,0.16,5.27,12.87,6.14,7.63,0,0.56,3.73,NA,32.63,NA
8,3,2014-12-04,37,0.01,0,26.38,6.32,1.7,0.01,0.27,0.36,NA,34.69,trace pine
8,4,2014-12-04,37,0.17,3.9,16.03,5.65,12.55,0,0.43,2.2,NA,38.73,NA
8,5,2014-12-04,37,0.02,0.01,25.09,2.12,1.4,0.56,0.33,1.65,NA,29.53,NA
1,1,2015-04-24,38,0.05,0.31,0,0,0,0,0.34,0.195,NA,0.7,NA
1,2,2015-04-24,38,0.05,0.02,0,0,0,0,0.36,1.92,NA,0.43,NA
1,3,2015-04-24,38,0,1.77,0,0,0,0,0.24,10.116,NA,2.01,trace hemlock
1,4,2015-04-24,38,0.84,0.28,0,0,0,0,0.07,0.64,NA,1.19,NA
1,5,2015-04-24,38,0.04,0.2,0,0,0,0,0.31,0.468,NA,0.55,NA
2,1,2015-04-24,38,2.15,0.24,0,0,0,0,0.16,1.026,NA,2.55,NA
2,2,2015-04-24,38,0.17,0.06,0,0.09,0,0,0.06,0.063,NA,0.38,NA
2,3,2015-04-24,38,1.93,0.09,0.25,0,0,0,0.04,0.689,NA,2.31,NA
2,4,2015-04-24,38,0.64,0.06,0.55,0,0,0,0.01,0.586,NA,1.26,NA
2,5,2015-04-24,38,1.24,0.25,0,0,0,0,0.02,1.432,NA,1.51,NA
3,1,2015-04-24,38,5.61,0.11,0,0,0,0,0.18,3.776,NA,5.9,NA
3,2,2015-04-24,38,5.25,0.03,0.3,0,0,0,0.07,4.19,NA,5.65,NA
3,3,2015-04-24,38,3.86,0.1,0,0,0,0,0.17,8.03,NA,4.13,NA
3,4,2015-04-24,38,3.72,0.05,0,0,0,0,0.05,2.149,NA,3.82,NA
3,5,2015-04-24,38,4.16,0.05,0.7,0.07,0,0,0.04,4.89,NA,5.02,NA
4,1,2015-04-24,38,1.48,0.03,0,0.06,0,0,0.05,4.16,NA,1.62,NA
4,2,2015-04-24,38,0.69,0,0,0,0,0,0.05,2.433,NA,0.74,trace pine
4,3,2015-04-24,38,0.7,0.07,1.76,0.07,0,0,0.04,1.143,NA,2.64,NA
4,4,2015-04-24,38,0.13,0,0.07,0,0,0,0,0.478,NA,0.2,trace misc
4,5,2015-04-24,38,0.48,0.03,0,0,0,0,0.03,0.617,NA,0.54,NA
5,1,2015-04-24,38,1.6,0,0,0,0,0,0.15,1.72,NA,1.75,trace pine
5,2,2015-04-24,38,1.06,0.02,0,0,0,0,0.06,5.228,NA,1.14,NA
5,3,2015-04-24,38,0.11,0.12,0,0,0,0,0.15,3.073,NA,0.38,NA
5,4,2015-04-24,38,0.12,0.02,0,0,0,0,0.18,1.053,NA,0.32,NA
5,5,2015-04-24,38,0.63,0,0,0,0,0,0.06,2.016,NA,0.69,trace pine
6,1,2015-04-24,38,2.2,0.09,0,0,0,0,0.47,1.299,NA,2.76,NA
6,2,2015-04-24,38,2.57,0.02,0,0,0,0,0.01,2.443,NA,2.6,NA
6,3,2015-04-24,38,1.9,0.08,0,0,0,0,0.13,1.532,NA,2.11,NA
6,4,2015-04-24,38,3.82,0.04,0,0.02,0,0,0.03,4.158,NA,3.91,NA
6,5,2015-04-24,38,3.38,0.02,0,0,0,0,0.01,6.992,NA,3.41,NA
7,1,2015-04-24,38,0.16,0.53,0,0,0,0,0.46,3.59,NA,1.15,NA
7,2,2015-04-24,38,0.55,0.16,0,0,0,0,0.4,1.24,NA,1.11,NA
7,3,2015-04-24,38,0.06,0.16,0,0,0,0,0.36,1.275,NA,0.58,NA
7,4,2015-04-24,38,0.34,0.35,0,0,0,0,0.78,1.91,NA,1.47,NA
7,5,2015-04-24,38,0.31,0.21,0,0,0,0,0.11,0.533,NA,0.63,NA
8,1,2015-04-24,38,0.05,0,0,0,0,0,0.09,0.202,NA,0.14,trace pine
8,2,2015-04-24,38,0.14,0.02,0,0,0,0.02,0.1,1.397,NA,0.28,NA
8,3,2015-04-24,38,0.01,0,0,0.01,0,0,0.14,0.713,NA,0.16,NA
8,4,2015-04-24,38,0.23,0.03,0,0,0,0,0.02,2.826,NA,0.28,NA
8,5,2015-04-24,38,0.01,0,0,0,0,0,0.14,0.097,NA,0.15,NA
1,1,2015-06-18,39,0.02,2.22,0,0.07,0,0,0.73,0.178,NA,3.218,NA
1,2,2015-06-18,39,0.01,0.05,0,0,0,0,0.92,0.917,NA,1.897,NA
1,3,2015-06-18,39,0.03,0.11,0,0.05,0,0,0.81,0.374,NA,1.374,NA
1,4,2015-06-18,39,0.29,1.14,0,0.05,0,0,0.12,1.817,NA,3.417,NA
1,5,2015-06-18,39,0.04,1.22,0,0,0.07,0,1.12,0.987,NA,3.437,NA
2,1,2015-06-18,39,0.86,1.49,0,0,0,0,0.71,0.262,NA,3.322,NA
2,2,2015-06-18,39,0.08,0.56,0,0,0,0,0.58,0.147,NA,1.367,NA
2,3,2015-06-18,39,0,0.38,0,0,0,0,0.76,0.42,NA,1.56,NA
2,4,2015-06-18,39,0.27,1.94,0,0,0,0,1.65,0.47,NA,4.33,NA
2,5,2015-06-18,39,0.48,1.12,0,0.02,0,0,0.86,0.19,NA,2.67,NA
3,1,2015-06-18,39,1.01,0.18,0,0,0,0,0.32,0.391,NA,1.901,NA
3,2,2015-06-18,39,NA,NA,NA,NA,NA,NA,NA,NA,NA,NA,mesh torn off
3,3,2015-06-18,39,4.01,0.15,0,0,0,0,1.09,2.994,NA,8.244,NA
3,4,2015-06-18,39,3.3,0.21,0,0.16,0,0,0.68,1.382,NA,5.732,NA
3,5,2015-06-18,39,7.61,0.15,0,0,0,0,0.91,0.556,NA,9.226,NA
4,1,2015-06-18,39,1.18,0.06,0,0.3,0,0,1.26,0.146,NA,2.946,NA
4,2,2015-06-18,39,0.63,0.02,0.47,0.05,0,0,1.54,0.181,NA,2.891,NA
4,3,2015-06-18,39,0.83,0.1,0,0,0,0,1.95,0.601,NA,3.481,NA
4,4,2015-06-18,39,0.09,0.06,0.24,0.06,0.12,0,1.13,0.166,NA,1.966,NA
4,5,2015-06-18,39,0.11,0.18,0,0,0,0,1.74,0.141,NA,2.171,NA
5,1,2015-06-18,39,0.23,0.05,0,0,0.02,0,2.64,3.308,NA,6.248,NA
5,2,2015-06-18,39,0.19,0,0,0.22,0,0,2.31,1.134,NA,3.854,NA
5,3,2015-06-18,39,0.02,0.01,0,0,0.19,0,1,1.798,NA,3.018,NA
5,4,2015-06-18,39,0.06,0,0,0,0,0,2.34,1.75,NA,4.15,NA
5,5,2015-06-18,39,1.76,0.04,0,0.03,0,0,1.54,0.222,NA,3.592,NA
6,1,2015-06-18,39,2.18,0.28,0,0.14,0,0,1.2,2.428,NA,6.228,NA
6,2,2015-06-18,39,2.26,0.02,0,0,0,0,1.11,0.795,NA,4.185,NA
6,3,2015-06-18,39,1.19,0.32,0,0,0,0,1.26,1.695,NA,4.465,NA
6,4,2015-06-18,39,2.21,0.63,0,0,0,0,1.47,1.16,NA,5.47,NA
6,5,2015-06-18,39,2.43,0.1,0,0,0,0,0.95,1.585,NA,5.065,NA
7,1,2015-06-18,39,0.09,2.1,0,0.11,0,0,1.41,0.959,NA,4.669,NA
7,2,2015-06-18,39,0.45,0.43,0,0.06,0,0,2.26,0.246,NA,3.446,NA
7,3,2015-06-18,39,0.02,0.19,0.21,0,0,0,2.39,1.25,NA,4.06,NA
7,4,2015-06-18,39,0.33,3.32,0.32,0.12,0,0,2.39,1.959,NA,8.439,NA
7,5,2015-06-18,39,0.4,0.47,0,0,0,0,2.84,1.769,NA,5.479,NA
8,1,2015-06-18,39,0.03,0.12,0.23,0,0,0,2.4,0.868,NA,3.648,NA
8,2,2015-06-18,39,0.3,1.74,0,0,0,0,2.03,0.209,NA,4.279,NA
8,3,2015-06-18,39,0,0,0,0.05,0,0,1.82,0.688,NA,2.588,trace white pine
8,4,2015-06-18,39,0.39,1.35,0,0.11,0,0,1.58,1.235,NA,4.665,NA
8,5,2015-06-18,39,0.01,0,0.48,0,0,0.21,2.58,0.245,NA,3.525,NA
1,1,2015-09-24,40,0,3.98,0,1.75,0,0,0.58,0.36,NA,6.67,trace hemlock
1,2,2015-09-24,40,0.01,0.07,0,1.54,0,1.48,0.65,0.248,NA,3.998,NA
1,3,2015-09-24,40,0,0.26,0,0.47,0.3,0.08,0.81,1.17,NA,3.09,NA
1,4,2015-09-24,40,0.25,2.69,0,0.31,0.76,0,2.53,2.98,NA,9.52,NA
1,5,2015-09-24,40,0,1.98,0.07,0.31,0.24,0,0.89,4.44,NA,7.93,NA
2,1,2015-09-24,40,0.23,2.05,0,1.08,0,0,0.94,0.38,NA,4.68,NA
2,2,2015-09-24,40,0,1.85,0,0.58,0,0,0.21,2.56,NA,5.2,NA
2,3,2015-09-24,40,2.41,1.19,0,0.19,0,0,0.64,0.28,NA,4.71,NA
2,4,2015-09-24,40,0.04,1.97,1.01,0.88,0,0,0.59,4.217,NA,8.707,NA
2,5,2015-09-24,40,0.25,1.22,0,1.08,0,0,0.6,0.349,NA,3.499,NA
3,1,2015-09-24,40,5.5,0.91,0.09,0,0,0,0.36,1.911,NA,8.771,NA
3,2,2015-09-24,40,8.2,0.05,0.03,0,0,0,0.26,2.45,NA,10.99,NA
3,3,2015-09-24,40,7.02,0.06,0,0.42,0,0,1.14,2.21,NA,10.85,NA
3,4,2015-09-24,40,8.4,0.17,0,0.21,0.05,0,0.37,2.19,NA,11.39,NA
3,5,2015-09-24,40,7.89,0.18,0.07,0.25,0,0,0.16,6.932,NA,15.482,NA
4,1,2015-09-24,40,NA,NA,NA,NA,NA,NA,NA,NA,NA,NA,mesh torn off
4,2,2015-09-24,40,0.32,0.01,0,0.66,0,0,0.8,0.321,NA,2.111,NA
4,3,2015-09-24,40,NA,NA,NA,NA,NA,NA,NA,NA,NA,NA,basket tipped
4,4,2015-09-24,40,0.03,0,0.25,0.73,0,0,0.3,2.355,NA,3.665,trace white pine
4,5,2015-09-24,40,0.09,0.09,0.37,1.18,0,0,0.98,0.55,NA,3.26,NA
5,1,2015-09-24,40,0.63,0.38,6.38,0,0.66,0,1.83,10.871,NA,20.751,NA
5,2,2015-09-24,40,0.48,0,3.22,1.01,0.21,0,1.44,7.594,NA,13.954,trace white pine
5,3,2015-09-24,40,0,0.05,0,2.08,0.05,0,0.67,0.9,NA,3.75,trace hemlock
5,4,2015-09-24,40,0.01,0.01,0,0.71,0,0,1.49,3.253,NA,5.473,NA
5,5,2015-09-24,40,4.73,0.1,1.48,0.44,0.15,0,0.49,16.803,NA,24.193,NA
6,1,2015-09-24,40,5.29,1.65,0,0,0.11,0,1.21,3.44,NA,11.7,NA
6,2,2015-09-24,40,9.43,0.04,0,0.25,0,0,6.7,2.681,NA,19.101,NA
6,3,2015-09-24,40,2.45,1.14,0,0.28,0.07,0.31,1.12,1.45,NA,6.82,NA
6,4,2015-09-24,40,7.17,1.1,0,0,0.27,0,0.61,4.869,NA,14.019,NA
6,5,2015-09-24,40,NA,NA,NA,NA,NA,NA,NA,NA,NA,NA,basket tipped
7,1,2015-09-24,40,NA,NA,NA,NA,NA,NA,NA,NA,NA,NA,basket tipped
7,2,2015-09-24,40,0.19,0.52,0,0.28,0.08,0,1.24,1.95,NA,4.26,NA
7,3,2015-09-24,40,0,0.3,0,0.58,0,0,1.38,4.03,NA,6.29,NA
7,4,2015-09-24,40,0.04,5.93,0.13,0.29,0.23,0,1.33,13.41,NA,21.36,NA
7,5,2015-09-24,40,0.27,1.53,1.14,0.4,0,0,1.39,5.248,NA,9.978,NA
8,1,2015-09-24,40,0,0.27,0.08,0.03,0.64,0,1.66,2.692,NA,5.372,misc includes 0.04 fern
8,2,2015-09-24,40,0.06,3.34,0.13,0.3,0,0,1.47,0.892,NA,6.222,NA
8,3,2015-09-24,40,0,0,0,0.15,0.18,0,0.68,1.014,NA,2.024,NA
8,4,2015-09-24,40,0.1,2.19,0.42,0.29,0.18,0,1.19,1.985,NA,6.355,NA
8,5,2015-09-24,40,0,0,0,0,0.07,0,0.63,0.39,NA,1.09,NA
1,1,2015-12-11,41,0,8.47,3.35,11.39,0.04,0,0.92,0.72,NA,24.89,NA
1,2,2015-12-11,41,0.06,0.48,0.71,18.31,3.36,1.64,1.76,0.309,NA,26.629,NA
1,3,2015-12-11,41,0.02,0.9,3.35,8.99,3.74,0.07,0.2,0.693,NA,17.963,NA
1,4,2015-12-11,41,0.47,12.04,3.16,4.5,1.2,0,0.61,0.334,NA,22.314,NA
1,5,2015-12-11,41,0.02,4.88,4.72,6.38,8,0,0.59,0.123,NA,24.713,NA
2,1,2015-12-11,41,0.92,7.43,5.74,9.62,0.53,0,0.02,0.073,NA,24.333,NA
2,2,2015-12-11,41,0.08,2.2,1.32,10.03,0,0.14,0.2,0.09,NA,14.06,NA
2,3,2015-12-11,41,2.77,3.06,11.91,4.71,0,3.32,0.08,0.634,NA,26.484,NA
2,4,2015-12-11,41,0.21,4.42,17.72,6.02,1.61,0,0.12,4.354,NA,34.454,NA
2,5,2015-12-11,41,NA,NA,NA,NA,NA,NA,NA,NA,NA,NA,basket tipped
3,1,2015-12-11,41,4.69,2.26,8.84,0.5,1.11,0.17,0.07,4.422,NA,22.062,NA
3,2,2015-12-11,41,5.51,0.21,5.61,1.43,0.33,0,0.11,2.596,NA,15.796,NA
3,3,2015-12-11,41,4.52,0.16,5.87,2.17,4.34,0.51,0.12,1.272,NA,18.962,NA
3,4,2015-12-11,41,5.07,0.97,1.98,4.99,0.27,0,0.04,3.197,NA,16.517,NA
3,5,2015-12-11,41,4.58,0.51,5.78,0.3,1.15,0,0.11,7.762,NA,20.192,NA
4,1,2015-12-11,41,1.15,0.77,7.01,10.51,0,0.13,0.06,0.599,NA,20.229,NA
4,2,2015-12-11,41,0.96,0.15,8.1,11.57,0.24,0,0.06,0.975,NA,22.055,NA
4,3,2015-12-11,41,1.49,0.42,20.49,10.58,1.88,0,0.18,5.259,NA,40.299,NA
4,4,2015-12-11,41,0.08,0.04,8.34,14.64,6.44,0.02,0.06,0.048,NA,29.698,NA
4,5,2015-12-11,41,0.29,0.27,9.91,12.21,0.83,0,0.07,2.182,NA,25.762,NA
5,1,2015-12-11,41,0.52,0.05,13.7,8.37,9.15,0,0.15,0.996,NA,32.936,NA
5,2,2015-12-11,41,0.46,0.03,11.95,14.92,4.99,0.03,0.38,0.62,NA,33.38,NA
5,3,2015-12-11,41,0.04,0.44,0.42,16.87,4.05,0.06,0.27,6.305,NA,28.455,NA
5,4,2015-12-11,41,0.02,0.01,17.15,7.88,0.49,0.03,0.26,5.908,NA,31.748,NA
5,5,2015-12-11,41,2.53,0.32,6.17,4.16,2.76,0,0.12,34.529,NA,50.589,NA
6,1,2015-12-11,41,2.07,2.85,0.46,4.2,4.49,1.82,2.67,1.385,NA,19.945,NA
6,2,2015-12-11,41,4.94,0.13,0.26,4.8,1.58,0,0.15,1.765,NA,13.625,NA
6,3,2015-12-11,41,1.41,2.91,1.05,5.84,10.92,7.76,1.08,0.255,NA,31.225,NA
6,4,2015-12-11,41,4.04,2.09,3.24,4.77,6.64,0.28,0.24,1.566,NA,22.866,NA
6,5,2015-12-11,41,4.3,2.23,2.58,4.71,1.58,0.92,0.12,4.305,NA,20.745,NA
7,1,2015-12-11,41,0.05,13.06,1.21,6.47,0.26,1.97,0.45,1.218,NA,24.688,NA
7,2,2015-12-11,41,0.78,1.72,23.62,12.72,1.41,0,0.21,0.873,NA,41.333,NA
7,3,2015-12-11,41,0.03,0.8,16.65,7.71,0.59,0,0.37,0.233,NA,26.383,NA
7,4,2015-12-11,41,0.15,11.61,12.95,9.12,2.1,0.36,0.32,5.759,NA,42.369,NA
7,5,2015-12-11,41,0.63,4.64,17.87,4.34,1.39,0,0.16,2.922,NA,31.952,NA
8,1,2015-12-11,41,0.03,0.61,19.08,2.12,6.41,0.53,0.25,9.915,NA,38.945,NA
8,2,2015-12-11,41,0.12,5.87,12.81,4.21,5.75,0.04,0.34,1.884,NA,31.024,NA
8,3,2015-12-11,41,0.02,0.11,22.33,6.39,2.94,0,0.08,8.646,NA,40.516,NA
8,4,2015-12-11,41,0.18,3.02,16.19,4.24,8.04,0,0.24,0.598,NA,32.508,NA
8,5,2015-12-11,41,0,0,30.75,1.7,1.07,0.65,0.12,0.046,NA,34.336,trace hemlock & white pine
1,1,2016-04-17,42,0.05,0.53,0,0,0,0,0.77,0.25,NA,1.6,NA
1,2,2016-04-17,42,0.03,0.06,0,0.15,0,0,0.44,0.63,NA,1.31,NA
1,3,2016-04-17,42,0.01,0.17,0,0,0,0,0.73,1.24,NA,2.15,NA
1,4,2016-04-17,42,0.26,0.21,0,0,0,0,0.73,1.45,NA,2.65,NA
1,5,2016-04-17,42,0.03,0.43,0,0,0,0,0.55,0.2,NA,1.21,NA
2,1,2016-04-17,42,3.75,0.32,0.25,0.04,0,0,0.19,4.9,NA,9.45,NA
2,2,2016-04-17,42,0.11,0.11,0,0,0,0,0.21,0.76,NA,1.19,NA
2,3,2016-04-17,42,0.7,0.3,0.65,0,0,0,0.31,0.55,NA,2.51,NA
2,4,2016-04-17,42,0.21,0.17,0.38,0,0,0,0.34,0.31,NA,1.41,NA
2,5,2016-04-17,42,0.44,0.33,1.78,0,0,0,0.31,0.24,NA,3.1,NA
3,1,2016-04-17,42,1.95,0.35,0.55,0,0,0,0.94,3.53,NA,7.32,NA
3,2,2016-04-17,42,2.62,0.03,0,0,0,0,1.14,4.13,NA,7.92,NA
3,3,2016-04-17,42,1.71,0.07,0.58,0,0,0,1.3,4.1,NA,7.76,NA
3,4,2016-04-17,42,2.11,0.22,0,0,0,0,0.76,4.78,NA,7.87,NA
3,5,2016-04-17,42,2.5,0.12,0,0.18,0,0,0.53,8.3,NA,11.63,NA
4,1,2016-04-17,42,0.89,0.04,0.33,0.42,0.01,0,0.41,1.43,NA,3.53,NA
4,2,2016-04-17,42,0.64,0.04,0.32,0.28,0.18,0,0.27,1.01,NA,2.74,NA
4,3,2016-04-17,42,0.59,0.07,4.38,0.14,0,0,0.4,1.02,NA,6.6,NA
4,4,2016-04-17,42,0.12,0.04,0.61,0.25,0.16,0,0.12,0.08,NA,1.38,NA
4,5,2016-04-17,42,0.37,0.08,1.22,0.09,0,0,0.3,0.31,NA,2.37,NA
5,1,2016-04-17,42,0.82,0.01,0,0,0,0,0.71,5.49,NA,7.03,NA
5,2,2016-04-17,42,0.61,0.01,0.12,0.12,0,0,0.18,6.05,NA,7.09,NA
5,3,2016-04-17,42,0.06,0.12,0,0.03,0,0,0.86,1.39,NA,2.46,NA
5,4,2016-04-17,42,0.06,0.04,0,0.1,0.14,0,0.87,5.99,NA,7.2,NA
5,5,2016-04-17,42,0.56,0.01,0,0,0,0,0.57,2.19,NA,3.33,NA
6,1,2016-04-17,42,1.36,0.64,0,0,0,0,0.61,1.89,NA,4.5,NA
6,2,2016-04-17,42,3.61,0.02,0,0,0,0.02,0.55,4.85,NA,9.05,NA
6,3,2016-04-17,42,1.29,0.21,0,0,0,0.19,1.08,1.77,NA,4.54,NA
6,4,2016-04-17,42,2.43,0.22,0,0,0.11,0,0.87,3.72,NA,7.35,NA
6,5,2016-04-17,42,3.45,0.16,0,0,0,0,0.61,5.82,NA,10.04,NA
7,1,2016-04-17,42,0.08,0.97,0,0,0,0.12,0.67,5.77,NA,7.61,NA
7,2,2016-04-17,42,0.32,0.15,0.67,0,0,0,0.5,4.6,NA,6.24,NA
7,3,2016-04-17,42,0.02,0.22,0,0,0,0,0.55,3.37,NA,4.16,NA
7,4,2016-04-17,42,0.14,0.36,0,0.22,0,0,0.75,5.67,NA,7.14,NA
7,5,2016-04-17,42,0.14,0.91,0,0,0,0,0.52,3.82,NA,5.39,NA
8,1,2016-04-17,42,0.06,0.03,0,0,0,0,0.3,0.19,NA,0.58,NA
8,2,2016-04-17,42,0.11,0.06,0,0,0,0,0.55,1.41,NA,2.13,NA
8,3,2016-04-17,42,0,0,1.12,0,0,0,0.18,0.2,NA,1.5,NA
8,4,2016-04-17,42,0.12,0.03,0,0,0,0,0.32,0.5,NA,0.97,NA
8,5,2016-04-17,42,NA,NA,NA,NA,NA,NA,NA,NA,NA,NA,basket broken and replaced
1,1,2016-06-24,43,0,3.33,0,0,0,0,0.73,0.46,NA,4.52,trace hemlock
1,2,2016-06-24,43,0.02,0.09,0,0.35,0,0,0.96,0.45,NA,1.87,NA
1,3,2016-06-24,43,0,0.28,0.09,0,0.04,0,1.26,0.19,NA,1.86,NA
1,4,2016-06-24,43,0.19,1.11,0,0.09,0,0,1.02,1.18,NA,3.59,NA
1,5,2016-06-24,43,0.01,1.71,0,0.04,0,0,1.42,4.02,NA,7.2,NA
2,1,2016-06-24,43,0.65,1.82,0,0.13,0,0,1.25,1.12,NA,4.97,NA
2,2,2016-06-24,43,0.03,0.89,0,0.15,0,0,0.9,0.42,NA,2.39,NA
2,3,2016-06-24,43,2.3,0.78,0.31,0,0,0,1.05,0.8,NA,5.24,NA
2,4,2016-06-24,43,0.12,1.46,1.53,0,0,0,2.04,0.33,NA,5.48,NA
2,5,2016-06-24,43,0.66,1.65,0,0.06,0,0,0.93,0.43,NA,3.73,NA
3,1,2016-06-24,43,3.46,0.92,0.34,0,0,0,1.21,0.77,NA,6.7,NA
3,2,2016-06-24,43,3.66,0.1,0,0,0,0,0.97,0.92,NA,5.65,NA
3,3,2016-06-24,43,2.88,0.09,0,0,0,0,1.56,1.23,NA,5.76,NA
3,4,2016-06-24,43,3.65,0.24,0,0.05,0,0,1.22,8.95,NA,14.11,NA
3,5,2016-06-24,43,4.62,0.27,0,0,0.04,0,1.02,0.9,NA,6.85,NA
4,1,2016-06-24,43,0.73,0.03,0,0.13,0,0,1.39,0.22,NA,2.5,NA
4,2,2016-06-24,43,0.4,0.04,0.54,0.12,0,0,1.93,0.69,NA,3.72,NA
4,3,2016-06-24,43,0.56,0.18,2.16,0.07,0,0,2,0.68,NA,5.65,NA
4,4,2016-06-24,43,0.02,0.03,0,0.87,0.58,0,1.17,0.03,NA,2.7,NA
4,5,2016-06-24,43,0.14,0.14,0.76,0.33,0,0,1.86,0.31,NA,3.54,NA
5,1,2016-06-24,43,0.75,0.05,0,0.06,0.15,0,1.24,2.01,NA,4.26,NA
5,2,2016-06-24,43,0.38,0,1.55,0.2,0.36,0,1.84,1.85,NA,6.18,trace white pine
5,3,2016-06-24,43,0.05,0.08,0,0.5,0,0,1.2,0.79,NA,2.62,NA
5,4,2016-06-24,43,NA,NA,NA,NA,NA,NA,NA,NA,NA,NA,mesh torn
5,5,2016-06-24,43,1.53,0.06,0.73,0.32,0.06,0,1.27,0.27,NA,4.24,NA
6,1,2016-06-24,43,1.48,1.19,0,0,0.17,0,1.13,5.15,NA,9.12,NA
6,2,2016-06-24,43,2.56,0.1,0,0.03,0.28,0,1.2,1.48,NA,5.65,NA
6,3,2016-06-24,43,1.13,0.56,0,0.12,0.08,0,1.11,1.41,NA,4.41,NA
6,4,2016-06-24,43,3.33,0.4,0,0.07,0.04,0,0.51,1.37,NA,5.72,NA
6,5,2016-06-24,43,NA,NA,NA,NA,NA,NA,NA,NA,NA,NA,basket tipped
7,1,2016-06-24,43,0.12,2.02,0,0.44,0,0,1.24,1.55,NA,5.37,NA
7,2,2016-06-24,43,0.21,0.45,0.07,0.35,0,0,2.27,1.83,NA,5.18,NA
7,3,2016-06-24,43,0,0.18,0.48,0.14,0,0.19,2.2,0.75,NA,3.94,NA
7,4,2016-06-24,43,0.17,4.17,0,0.18,0,0,2.26,6.55,NA,13.33,trace oak
7,5,2016-06-24,43,1.6,0.66,0,0,0.28,0,2.46,1.6,NA,6.6,NA
8,1,2016-06-24,43,0.02,0.27,1.17,0,0.16,0,1.67,1.45,NA,4.74,NA
8,2,2016-06-24,43,0.12,3.99,0.63,0.18,0,0.09,3.28,1.01,NA,9.3,NA
8,3,2016-06-24,43,0,0.03,0.15,0,0.33,0,1.78,2.88,NA,5.17,NA
8,4,2016-06-24,43,0.16,3.08,0,0.16,0,0,2.88,3.11,NA,9.39,NA
8,5,2016-06-24,43,0,0,0.36,0,0,0.1,2.93,0.08,NA,3.47,trace hemlock
1,1,2016-09-22,44,0.01,2.58,0.29,0.78,0,0,0.09,2.01,NA,5.76,NA
1,2,2016-09-22,44,0.01,0.06,0,1.59,0.04,0,0.23,1,NA,2.93,NA
1,3,2016-09-22,44,0,0.33,0.22,0.17,0.06,0,0.21,2.58,NA,3.57,NA
1,4,2016-09-22,44,0.48,1.93,0,0.27,0.48,0,0.04,7.26,NA,10.46,NA
1,5,2016-09-22,44,0.01,2.29,0.01,0.36,0.28,0,0.17,3.43,NA,6.55,NA
2,1,2016-09-22,44,0.73,0,0,0.57,0,0,0.02,2.7,NA,4.02,trace oak
2,2,2016-09-22,44,0.02,1.27,1.91,0.51,0,0,0,1.41,NA,5.12,NA
2,3,2016-09-22,44,NA,NA,NA,NA,NA,NA,NA,NA,NA,NA,basket tipped
2,4,2016-09-22,44,0.2,1.21,0.28,1.53,0,0.03,0.24,1.53,NA,5.02,NA
2,5,2016-09-22,44,0.73,1.23,0,0.64,0,0,0.04,1.93,NA,4.57,NA
3,1,2016-09-22,44,5.96,1.29,0,0,0,0,0.26,2.24,NA,9.75,NA
3,2,2016-09-22,44,10.46,0.06,0,0,0.15,0,0.25,2.58,NA,13.5,NA
3,3,2016-09-22,44,4.86,0.13,0.31,0,0.03,0.08,0.45,4.78,NA,10.64,NA
3,4,2016-09-22,44,10.4,0.21,0,0.38,0,0,0.17,3.66,NA,14.82,NA
3,5,2016-09-22,44,9.14,0.13,0.24,0,0,0,0.16,8.07,NA,17.74,NA
4,1,2016-09-22,44,NA,NA,NA,NA,NA,NA,NA,NA,NA,NA,basket demolished
4,2,2016-09-22,44,0.72,0,0.15,0.55,0,0,0.39,5.7,NA,7.51,trace white pine
4,3,2016-09-22,44,1.17,0.15,0.14,0.47,0,0,0.18,0.47,NA,2.58,trace hemlock
4,4,2016-09-22,44,0,0.02,0.25,1.05,0.15,0,0.45,0.3,NA,2.22,NA
4,5,2016-09-22,44,0.04,0.21,0.55,1.64,0,0,0.65,0.16,NA,3.25,NA
5,1,2016-09-22,44,0.32,0.16,0.11,0.29,0,0,0.71,1.26,NA,2.85,NA
5,2,2016-09-22,44,0.07,0,0.2,1.63,0,0.15,0.2,8.82,NA,11.07,NA
5,3,2016-09-22,44,0.03,0.09,0.5,0.69,0.14,0,0.24,0.41,NA,2.1,NA
5,4,2016-09-22,44,0,0.01,0.54,0.63,0,0,1.76,19.02,NA,21.96,NA
5,5,2016-09-22,44,4.92,0.1,0.1,0.41,0.07,0,0.19,3.83,NA,9.62,NA
6,1,2016-09-22,44,3.4,1.06,0,0.28,0.05,0.13,0.71,1.66,NA,7.29,NA
6,2,2016-09-22,44,8.18,0.03,0,0.11,0,0.12,0.48,0.8,NA,9.72,NA
6,3,2016-09-22,44,1.32,0.66,0,0.46,0.21,0.12,0.81,1.16,NA,4.74,NA
6,4,2016-09-22,44,5.79,0.42,0,0.16,0.07,0.09,0.88,2.37,NA,9.78,NA
6,5,2016-09-22,44,NA,NA,NA,NA,NA,NA,NA,NA,NA,NA,basket tipped
7,1,2016-09-22,44,0.07,3.33,0,0.31,0,0,0.12,4.05,NA,7.88,trace oak
7,2,2016-09-22,44,0.3,0.3,0.45,0.58,0.11,0,0.69,6.14,NA,8.57,NA
7,3,2016-09-22,44,0,0.24,0.22,0.09,0,0,1.26,0.8,NA,2.61,trace hemlock
7,4,2016-09-22,44,0.07,4.71,0.28,0.11,0.04,0,0.27,9.73,NA,15.21,NA
7,5,2016-09-22,44,0.38,1.56,0.99,0.13,0.05,0,0.76,6.11,NA,9.98,NA
8,1,2016-09-22,44,0.03,0.18,1.12,0.07,0.34,0,0.88,0.8,NA,3.42,NA
8,2,2016-09-22,44,0.25,1.84,7.32,0.07,0,0,0.72,6.27,NA,16.47,NA
8,3,2016-09-22,44,0,0,0.84,0.5,0,0,0.24,3.32,NA,4.9,trace hemlock
8,4,2016-09-22,44,0.24,1.4,0.65,0.13,0.14,0,0.24,11.49,NA,14.29,NA
8,5,2016-09-22,44,0,0,1.6,0,0.16,0,0.46,7.04,NA,9.26,trace hemlock
1,1,2016-12-04,45,0.01,7.16,0.99,12.73,0.72,0,0,0.61,NA,22.22,NA
1,2,2016-12-04,45,0.06,0.48,0,13.51,3.54,4.06,0,0.43,NA,22.08,NA
1,3,2016-12-04,45,0,0.56,5.51,9.01,4.05,0.14,0.08,8.3,NA,27.65,trace hemlock
1,4,2016-12-04,45,0.79,7.97,0.57,3.13,1.45,0.09,0.05,0.87,NA,14.92,NA
1,5,2016-12-04,45,0.02,4.61,6.54,6.5,11.45,0,0.13,8.82,NA,38.07,NA
2,1,2016-12-04,45,0.92,7.71,2.39,8.1,0.46,0,0.03,0.65,NA,20.26,NA
2,2,2016-12-04,45,0.08,1.98,4.8,12.6,0.73,0,0,0.23,NA,20.42,NA
2,3,2016-12-04,45,2.26,2.83,8.88,4.89,0,1.32,0.81,0.82,NA,21.81,NA
2,4,2016-12-04,45,0.2,4.3,19.36,4.83,1.46,0,0.05,10.67,NA,40.87,NA
2,5,2016-12-04,45,NA,NA,NA,NA,NA,NA,NA,NA,NA,NA,NA mesh was unclipped
3,1,2016-12-04,45,4.12,1.13,10.4,0.48,1.81,0.2,0.11,3.07,NA,21.32,NA
3,2,2016-12-04,45,5.76,0.08,4.37,1.53,0.81,0,0.17,4.32,NA,17.04,NA
3,3,2016-12-04,45,3.78,0.14,4.36,2.09,6.47,0.9,0.18,2.54,NA,20.46,NA
3,4,2016-12-04,45,5.57,0.76,5.13,6.6,1.05,0,0.23,2.09,NA,21.43,NA
3,5,2016-12-04,45,4.86,0.24,6.95,0.99,0.49,0,0.05,3.51,NA,17.09,NA
4,1,2016-12-04,45,0.58,0.2,6.75,11.07,0,0,0.02,1.87,NA,20.49,NA
4,2,2016-12-04,45,0.49,0.04,6.97,13.08,0.18,0.29,0.06,12.18,NA,33.29,NA
4,3,2016-12-04,45,0.72,0.59,16.78,8.03,1.87,0.42,0.05,1.86,NA,30.32,NA
4,4,2016-12-04,45,0.06,0.03,7.32,9.89,5.13,0.24,0.06,1.94,NA,24.67,NA
4,5,2016-12-04,45,0.15,0.3,17.54,10.75,1.03,0.13,0.04,1.85,NA,31.79,NA
5,1,2016-12-04,45,0.92,0.21,10.62,2.01,7.25,3.54,0.15,0.94,NA,25.64,NA
5,2,2016-12-04,45,0.43,0,10.08,17.49,4.59,1.55,0.2,8.91,NA,43.25,trace white pine
5,3,2016-12-04,45,0.02,0.31,2.45,14.37,5.74,2.78,0,0.69,NA,26.36,NA
5,4,2016-12-04,45,0.05,0.02,26.94,5.26,0,1.07,0.29,2.29,NA,35.92,NA
5,5,2016-12-04,45,2.19,0.71,7.71,4.65,2.72,0.32,0.03,8.66,NA,26.99,NA
6,1,2016-12-04,45,1.3,3.34,3.62,4.3,5.26,4.8,0.53,2.93,NA,26.08,lots of black mold
6,2,2016-12-04,45,4.3,0.22,1.59,3.79,2.49,0,0.1,1.62,NA,14.11,NA
6,3,2016-12-04,45,0.9,5.61,4.76,5.51,10.49,4.96,0.46,0.81,NA,33.5,NA
6,4,2016-12-04,45,4.92,1.94,4.26,4.98,8.77,0.3,0.23,3.54,NA,28.94,NA
6,5,2016-12-04,45,3.83,2.69,1.97,6.76,0.99,0,0.11,3.91,NA,20.26,NA
7,1,2016-12-04,45,0.08,11.94,2.37,5.74,0.38,1.44,0.51,0.92,NA,23.38,NA
7,2,2016-12-04,45,0.34,1.05,15.31,13.2,1.38,0.07,0.92,8.09,NA,40.36,NA
7,3,2016-12-04,45,0.03,0.62,20.43,9.55,0.49,0.93,0.27,4.41,NA,36.73,NA
7,4,2016-12-04,45,0.14,10.11,12.72,12,2.18,0.17,0.48,2.04,NA,39.84,NA
7,5,2016-12-04,45,0.35,8.04,24.09,5.18,1.27,0,0.3,26.08,NA,65.31,NA
8,1,2016-12-04,45,0,0.67,18.51,2.87,2.98,0.95,0,14.59,NA,40.57,trace hemlock
8,2,2016-12-04,45,0.1,3.33,18.07,4.74,6.52,0.01,0.16,7.2,NA,40.13,NA
8,3,2016-12-04,45,0.01,0,20.67,4.05,1.49,0.06,0.13,9.75,NA,36.16,trace white pine
8,4,2016-12-04,45,0.15,2.16,10.74,6.26,8.87,0,0.11,5.96,NA,34.25,NA
8,5,2016-12-04,45,0.02,0,22.41,2.18,1.14,1.54,0,12.53,NA,39.82,NA
1,1,2017-04-28,46,0.03,0.63,0,0.06,0,0,0,2.23,NA,2.95,trace misc.
1,2,2017-04-28,46,0.04,0.13,0.19,0.01,0,0,0,0.68,NA,1.05,trace other deciduous
1,3,2017-04-28,46,0.12,0.14,0,0.05,0.12,0,0,1.24,NA,1.67,trace misc.
1,4,2017-04-28,46,0.41,0.24,0,0.03,0,0,0.05,4.41,NA,5.14,NA
1,5,2017-04-28,46,0.03,0.33,0,0,0,0,0.03,1.02,NA,1.41,NA
2,1,2017-04-28,46,0.8,0.22,0,0,0,0,0.07,1.24,NA,2.33,NA
2,2,2017-04-28,46,0.15,0.12,0,0.6,0.11,0,0,3.11,NA,4.09,trace misc.
2,3,2017-04-28,46,1.26,0.28,0.07,0,0,0,0,4.59,NA,6.2,NA
2,4,2017-04-28,46,0.36,0.15,0,0,0,0,0,1.83,NA,2.34,trace other deciduous
2,5,2017-04-28,46,0.84,0.39,1.54,0.4,0,0,0.05,0.88,NA,4.1,NA
3,1,2017-04-28,46,3.16,0.38,0,0,0,0,0.03,6.61,NA,10.18,NA
3,2,2017-04-28,46,5.08,0.17,0.96,0,0,0,0.09,16.59,NA,22.89,NA
3,3,2017-04-28,46,2.71,0.08,0,0,0,0,0,7.12,NA,9.91,NA
3,4,2017-04-28,46,3.85,0.41,0.08,0,0,0,0.06,9.3,NA,13.7,NA
3,5,2017-04-28,46,5.34,0.11,0.49,0,0,0,0.03,5.17,NA,11.14,NA
4,1,2017-04-28,46,1.14,0.15,0.38,0.09,0,0,0.11,2.63,NA,4.5,NA
4,2,2017-04-28,46,0.7,0.01,0.27,0,0,0,0.04,1.86,NA,2.88,NA
4,3,2017-04-28,46,1.02,0.08,4.58,1.24,0.47,0,0.16,3.32,NA,10.87,NA
4,4,2017-04-28,46,0.13,0.03,1.98,0.14,0,0,0,0.6,NA,2.88,NA
4,5,2017-04-28,46,0.42,0.03,5.98,0.68,0,0,0.01,0.23,NA,7.35,NA
5,1,2017-04-28,46,0.91,0.07,0,0,0,0,0.04,2.76,NA,3.78,NA
5,2,2017-04-28,46,0.93,0.03,0,0,0,0,0.07,2.34,NA,3.37,NA
5,3,2017-04-28,46,0.13,0.13,0,0.41,0,0,0.11,3.78,NA,4.56,NA
5,4,2017-04-28,46,0.09,0.03,0.74,0.24,0,0,0.06,9.62,NA,10.78,NA
5,5,2017-04-28,46,1.08,0.01,0.54,0.07,0,0,0.06,3.42,NA,5.18,NA
6,1,2017-04-28,46,2.62,0.28,0,0,0,0,0.1,4.96,NA,7.96,NA
6,2,2017-04-28,46,3.36,0.05,0,0.23,0,0,0.02,7.08,NA,10.74,NA
6,3,2017-04-28,46,1.38,0.11,0,0,0,0,0.03,2.39,NA,3.91,NA
6,4,2017-04-28,46,2.88,0.26,0,0,0,0,0.11,9.56,NA,12.81,NA
6,5,2017-04-28,46,2.86,0.04,0,0,0,0,0.01,10.29,NA,13.2,NA
7,1,2017-04-28,46,0.28,1.11,0.19,0,0.14,0,0.04,3.38,NA,5.14,NA
7,2,2017-04-28,46,0.85,0.17,1.76,0.14,0.09,0,0.07,2.22,NA,5.3,NA
7,3,2017-04-28,46,0.06,0.1,0.25,0.06,0,0,0.27,17.79,NA,18.53,NA
7,4,2017-04-28,46,0.64,0.66,0.34,0.09,0,0,0.1,3.14,NA,4.97,NA
7,5,2017-04-28,46,0.52,0.25,1.03,0.07,0,0,0.11,1.31,NA,3.29,NA
8,1,2017-04-28,46,0.1,0,0.32,0.03,0,0,0.04,2.06,NA,2.55,trace white pine
8,2,2017-04-28,46,0.22,0.08,1.3,0,0,0,0.09,2.05,NA,3.74,NA
8,3,2017-04-28,46,0,0.01,0.49,0.08,0,0,0.08,1.11,NA,1.77,trace hemlock
8,4,2017-04-28,46,0.36,0.07,0,0,0.02,0,0.04,2.29,NA,2.78,NA
8,5,2017-04-28,46,0.02,0,0.59,0.12,0,0,0,0.65,NA,1.38,trace misc.
1,1,2017-06-22,47,0.04,2.31,0.22,0.1,0,0,0.5,4.08,0.06,7.31,NA
1,2,2017-06-22,47,0,0.06,0,0.1,0.22,0,1.27,0.73,0,2.38,trace hemlock
1,3,2017-06-22,47,0,0.42,0.31,0.67,0,0,3.49,1.36,0,6.25,trace other deciduous and hemlock
1,4,2017-06-22,47,0.27,2.82,0.35,0.04,0,0,0.64,1.56,2.3,7.98,NA
1,5,2017-06-22,47,0,2.57,0.81,0.21,0.47,0,1.55,0.99,0.81,7.41,trace hemlock
2,1,2017-06-22,47,0.48,2.6,0.19,0.06,0,0,1.56,3.31,0,8.2,NA
2,2,2017-06-22,47,NA,NA,NA,NA,NA,NA,NA,NA,NA,NA,basket tipped and moved
2,3,2017-06-22,47,1.83,0.99,0.82,0.06,0,0,2.23,1.35,8.92,16.2,NA
2,4,2017-06-22,47,0.16,3.1,3.08,0.19,0,0,5.19,0.43,3.18,15.33,NA
2,5,2017-06-22,47,0.53,1.48,0.49,0.32,0.03,0,1.06,0.78,1.77,6.46,NA
3,1,2017-06-22,47,2.85,1.92,0.77,0,0.07,0,1.11,1.2,6.62,14.54,NA
3,2,2017-06-22,47,2.83,0.08,0.58,0.01,0,0,1.29,2.89,6.71,14.39,NA
3,3,2017-06-22,47,3.3,0.18,0.3,0,0,0,1.8,3.45,1.18,10.21,NA
3,4,2017-06-22,47,2.4,0.18,0,0.12,0,0,0.15,5.24,0,8.09,NA
3,5,2017-06-22,47,4.14,0.39,1.26,0,0,0,1.68,2,8.99,18.46,NA
4,1,2017-06-22,47,0.49,0.12,0.9,0.36,0,0,1.02,1.83,0.98,5.7,trace maple and bits of plastic
4,2,2017-06-22,47,0.37,0.02,1.56,0.18,0.01,0,2.95,2.94,9.49,17.52,NA
4,3,2017-06-22,47,0.77,0.34,1.17,0.67,0.04,0,3.52,1.49,4,12,NA
4,4,2017-06-22,47,0.02,0.01,0.23,0.53,0,0,1.46,0.49,0,2.74,NA
4,5,2017-06-22,47,NA,NA,NA,NA,NA,NA,NA,NA,NA,NA,basket smashed
5,1,2017-06-22,47,0.22,1,1.29,0.19,0.22,0,1.2,4.39,3.52,12.03,NA
5,2,2017-06-22,47,0.1,0.01,1.18,0.37,0.04,0,0.78,5.53,4.54,12.55,NA
5,3,2017-06-22,47,0.01,0.04,0,0.27,0.22,0,0.1,2.62,0.11,3.37,trace oak
5,4,2017-06-22,47,0.16,0,2.47,0.16,0,0,2.05,2.05,15.79,22.68,trace pine
5,5,2017-06-22,47,0.72,0.16,0.67,0.02,0.34,0,0.76,2.1,4.95,9.72,NA
6,1,2017-06-22,47,0.88,1,0,0.03,0.1,0,0.82,3.27,0.3,6.4,NA
6,2,2017-06-22,47,1.51,0.06,0.21,0,0,0,0.93,1.89,0.36,4.96,NA
6,3,2017-06-22,47,NA,NA,NA,NA,NA,NA,NA,NA,NA,NA,basket tipped
6,4,2017-06-22,47,0.97,0.25,0.09,0.09,0.07,0,0.33,10.92,0.12,12.84,NA
6,5,2017-06-22,47,1.45,0.57,0.03,0.27,0,0,0.37,3.28,0.57,6.54,NA
7,1,2017-06-22,47,0.1,1.97,0.04,0.09,0,0,0.37,2.08,0.4,5.05,NA
7,2,2017-06-22,47,0.1,0.36,2.7,0.08,0.12,0,3.07,1.75,6.46,14.64,NA
7,3,2017-06-22,47,0.01,0.42,2.74,0.1,0,0,2.4,1.75,5.32,12.74,NA
7,4,2017-06-22,47,0.12,5.39,0.24,0.18,0,0,1.05,5.37,5.02,17.37,trace other deciduious 
7,5,2017-06-22,47,0.22,1.11,2.26,0.1,0.09,0,1.12,5.78,7.03,17.71,NA
8,1,2017-06-22,47,0.03,0.58,1.65,0.21,0.22,0,4.42,6.24,15.75,29.1,NA
8,2,2017-06-22,47,0.46,4.85,0.6,0.46,0.22,0.18,3.29,5.44,10.92,26.42,NA
8,3,2017-06-22,47,0,0,2.68,0.35,0.97,0,5.11,1.73,9.6,20.44,trace hemlock
8,4,2017-06-22,47,0.2,3.87,2.11,0.17,0.32,0,3.24,3.09,8.14,21.14,NA
8,5,2017-06-22,47,0.01,0,2.71,0.25,0.41,0,6.67,1.47,12.93,24.45,trace pine
1,1,2017-09-18,48,0,2.48,0,0.95,0,0,0.78,5.36,NA,9.57,trace hemlock and oak litter
1,2,2017-09-18,48,0.01,0.1,0,2.48,0,0.55,2.64,0.27,NA,6.05,NA
1,3,2017-09-18,48,0,0.43,0.12,0.23,0.45,0.21,2.48,6.31,NA,10.23,trace hemlock
1,4,2017-09-18,48,0.44,4.1,0.01,0.57,0,0,7.53,1.67,NA,14.32,trace other deciduous
1,5,2017-09-18,48,0,2.96,0,0.71,0.47,0,2.26,0.52,NA,6.92,trace hemlock
2,1,2017-09-18,48,0.47,2.43,0.04,1.11,0,0,2.19,3.46,NA,9.7,NA
2,2,2017-09-18,48,0.04,1.23,0,1.34,0,0,1.55,0.2,NA,4.36,NA
2,3,2017-09-18,48,2.41,0.63,0.31,0.1,0.01,0.1,2.71,1.48,NA,7.75,NA
2,4,2017-09-18,48,0.18,1.3,1.72,0.4,0.06,0.03,5.2,0.03,NA,8.92,NA
2,5,2017-09-18,48,0.33,1.16,0,1.33,0,0,3.2,0.62,NA,6.64,NA
3,1,2017-09-18,48,4.84,1.34,0.74,0,0,0,4.18,0.72,NA,11.82,NA
3,2,2017-09-18,48,7.07,0.12,0,0,0,0,3.69,2.85,NA,13.73,NA
3,3,2017-09-18,48,4.23,0.19,0.17,0.14,0.4,0.08,3.06,1.32,NA,9.59,NA
3,4,2017-09-18,48,5.8,0.28,0.01,0.26,0,0,2.31,2.42,NA,11.08,NA
3,5,2017-09-18,48,8.54,0.21,0.06,0,0.03,0.07,1.82,1.15,NA,11.88,NA
4,1,2017-09-18,48,0.57,0.29,0.09,0.2,0,0,2.04,0.45,NA,3.64,NA
4,2,2017-09-18,48,0.34,0.06,0.07,1.72,0,0.06,5.53,3.16,NA,10.94,NA
4,3,2017-09-18,48,0.86,0.39,0.01,0.18,0.06,0,3.99,1.45,NA,6.94,NA
4,4,2017-09-18,48,0.01,0.01,0.02,1.36,0.34,0.05,1.26,0.09,NA,3.14,NA
4,5,2017-09-18,48,0.02,0.15,0.39,1.6,0,0.08,3.83,0.03,NA,6.1,NA
5,1,2017-09-18,48,0.42,0.88,0.32,0.11,0.79,0.01,3.45,0.23,NA,6.21,NA
5,2,2017-09-18,48,0.17,0,0.17,1.16,0.3,0.45,4.88,1.17,NA,8.3,trace pine litter
5,3,2017-09-18,48,NA,NA,NA,NA,NA,NA,NA,NA,NA,NA,mesh torn
5,4,2017-09-18,48,0,0,1.28,0.84,0,0,8.52,0.96,NA,11.6,trace hemlock
5,5,2017-09-18,48,2.33,0.17,0.89,0.09,0.16,0,3.3,0.35,NA,7.29,NA
6,1,2017-09-18,48,2.99,1.28,0,0.29,0.05,0.09,2.2,0.16,NA,7.06,NA
6,2,2017-09-18,48,8.76,0.07,0.06,0.23,0.36,0,1.34,0.84,NA,11.66,NA
6,3,2017-09-18,48,1.42,0.98,0,0.61,0.04,0.15,1.77,0.3,NA,5.27,NA
6,4,2017-09-18,48,5.25,0.32,0.09,0.09,0.9,0.01,3.01,4.02,NA,13.69,NA
6,5,2017-09-18,48,5.78,0.9,0,0.07,0.04,0.13,2.13,0.92,NA,9.97,NA
7,1,2017-09-18,48,0.13,3.4,0.05,0.32,0.12,0.67,4.06,0.43,NA,9.18,NA
7,2,2017-09-18,48,0.16,0.28,1.72,0.93,0,0,3.27,2.3,NA,8.66,trace other deciduous
7,3,2017-09-18,48,0,0.43,0.94,0.35,0,0.05,4.08,0.64,NA,6.49,trace hemlock
7,4,2017-09-18,48,0.31,3.67,0.02,0.95,0.03,0.05,8.35,5.34,NA,18.72,NA
7,5,2017-09-18,48,0.43,1.38,1.83,0.37,0.12,0,5.38,5.59,NA,15.1,NA
8,1,2017-09-18,48,0.02,0.08,0.33,0,0.31,0.13,3.33,3.65,NA,7.85,NA
8,2,2017-09-18,48,0.09,0.77,0.07,0.06,0.43,0.04,4.9,22.15,NA,28.51,NA
8,3,2017-09-18,48,0,0.01,0.32,0.63,0.23,0,2.32,2.73,NA,6.24,NA
8,4,2017-09-18,48,0.18,0.59,0.07,0.11,0.72,0.17,4.1,8.04,NA,13.98,NA
8,5,2017-09-18,48,NA,NA,NA,NA,NA,NA,NA,NA,NA,NA,basket tipped
1,1,2017-11-28,49,0.03,6.65,1.12,8.78,0.46,0.03,0.52,1.37,NA,18.96,NA
1,2,2017-11-28,49,0.14,0.63,0.42,17.7,2.68,2.04,1.31,1.83,NA,26.75,NA
1,3,2017-11-28,49,0.02,1.18,0.99,4.77,2.48,0.33,1.04,2.54,NA,13.35,NA
1,4,2017-11-28,49,0.86,5.36,0.23,3.16,1.33,0.09,0.68,1.16,NA,12.87,NA
1,5,2017-11-28,49,0.02,4.16,2.02,8.98,10.07,0.35,0.7,1.08,NA,27.38,NA
2,1,2017-11-28,49,1,9.36,1.55,9.57,0.36,0,1.04,0.67,NA,23.55,NA
2,2,2017-11-28,49,0.06,5.17,0.98,11.72,0.72,0.12,0.57,0.11,NA,19.45,NA
2,3,2017-11-28,49,2.01,0.88,5.17,4.43,0.17,0.72,1.84,1.73,NA,16.95,NA
2,4,2017-11-28,49,0.18,0.98,5.48,6.32,2.06,0.76,1.68,0.24,NA,17.7,NA
2,5,2017-11-28,49,1.48,2.85,3.12,9.38,0,0,1.4,1.11,NA,19.34,NA
3,1,2017-11-28,49,3.17,2.4,3.73,0.35,2,0.11,2.92,3.9,NA,18.58,NA
3,2,2017-11-28,49,4.58,0.37,5.47,0.85,0.49,0.02,1.35,5.25,NA,18.38,NA
3,3,2017-11-28,49,2.81,0.3,1.56,1.84,3.59,0.59,1.8,3.32,NA,15.81,NA
3,4,2017-11-28,49,4.15,0.65,0.57,2.96,1.22,0.04,0.84,7.29,NA,17.72,NA
3,5,2017-11-28,49,3.65,0.32,2.06,0.5,0.32,0.05,0.95,1.37,NA,9.22,NA
4,1,2017-11-28,49,0.26,0.18,2.25,3.44,0.34,0,1.5,1.25,NA,9.22,NA
4,2,2017-11-28,49,0.38,0.02,3.4,9.41,0.28,0,1.03,0.3,NA,14.82,NA
4,3,2017-11-28,49,0.7,0.66,1.2,7.72,3.44,0.31,1.29,2.22,NA,17.54,NA
4,4,2017-11-28,49,0.07,0.13,3.12,10.74,5.19,0,0.37,0.16,NA,19.78,NA
4,5,2017-11-28,49,0.13,0.42,4.13,11.67,0.89,0,0.63,3.44,NA,21.31,NA
5,1,2017-11-28,49,0.43,0.84,2.8,6.15,5.98,0.25,1.32,4.66,NA,22.43,NA
5,2,2017-11-28,49,0.22,0.02,1.63,10.54,4.32,0.36,1.09,0.97,NA,19.15,NA
5,3,2017-11-28,49,0.03,0.14,1.01,9.78,5.03,0,0.68,3.33,NA,20,NA
5,4,2017-11-28,49,0.05,0.02,10.02,6.97,0.21,0,1.09,3.84,NA,22.2,NA
5,5,2017-11-28,49,0.3,1.26,6.52,5.5,1.8,0,2.05,1.23,NA,18.66,NA
6,1,2017-11-28,49,2.55,3.06,0.5,2.19,2.67,3.34,0.21,4.07,NA,18.59,NA
6,2,2017-11-28,49,5.95,0.14,0.72,2.26,1.4,0,0.33,4.34,NA,15.14,NA
6,3,2017-11-28,49,0.83,4.5,7.53,4.03,10.16,0,1.58,6.98,NA,35.61,NA
6,4,2017-11-28,49,4.44,1.16,1.34,5.31,6.48,0,1.97,10.82,NA,31.52,NA
6,5,2017-11-28,49,4.91,1.95,0,5.35,1.59,0,0.3,4.43,NA,18.53,NA
7,1,2017-11-28,49,0.11,8.54,1.93,6.59,0.28,0,1.49,5.2,NA,24.14,NA
7,2,2017-11-28,49,0.46,0.83,9.08,7.16,1.8,0.45,1.43,2.64,NA,23.85,NA
7,3,2017-11-28,49,0.1,1.23,8.61,7.91,0.03,0.31,0.87,0.32,NA,19.38,NA
7,4,2017-11-28,49,0.25,6.11,6.89,9.29,2.53,0.05,2.27,24.72,NA,52.11,NA
7,5,2017-11-28,49,0.5,2.61,11.44,4.64,0.86,0.11,1.95,2.07,NA,24.18,NA
8,1,2017-11-28,49,0.01,0.04,7.47,1.67,3.61,0,0.82,2.85,NA,16.47,NA
8,2,2017-11-28,49,0.04,0.54,5.82,3.47,4.58,0,2,5.8,NA,22.25,NA
8,3,2017-11-28,49,0,0,7.83,2.08,2.14,0.62,0.72,0.1,NA,13.49,NA
8,4,2017-11-28,49,0.08,0.86,6.69,3.77,2.28,0,1.65,1.81,NA,17.14,NA
8,5,2017-11-28,49,0.03,0.01,7.54,0.69,1.08,0.73,0.75,0.13,NA,10.96,NA
1,1,2018-05-02,50,0.03,0.17,0.19,0.03,0,0,0.35,1.11,NA,1.88,NA
1,2,2018-05-02,50,0.05,0.03,0.11,0.09,0,0.02,0.39,1.01,NA,1.7,NA
1,3,2018-05-02,50,0.04,0.06,0.33,0.08,0,0,0.22,0.62,NA,1.35,NA
1,4,2018-05-02,50,0.27,0.18,0.43,0.15,0.04,0,0.9,1.21,NA,3.18,NA
1,5,2018-05-02,50,0.03,0.09,0,0.06,0,0,0.24,0.93,NA,1.35,NA
2,1,2018-05-02,50,0.49,0.22,0,0,0.22,0,0.49,1.17,NA,2.59,NA
2,2,2018-05-02,50,0.05,0.03,0,0.47,0,0,0.14,0.24,NA,0.93,NA
2,3,2018-05-02,50,0.65,0.07,0,0,0,0,0.43,1.52,NA,2.67,NA
2,4,2018-05-02,50,0.17,0.06,0.46,0,0,0.09,0.12,0.21,NA,1.11,NA
2,5,2018-05-02,50,0.69,0.27,1.96,0.25,0,0,0.39,1.13,NA,4.69,NA
3,1,2018-05-02,50,1.62,0.06,0,0.01,0.13,0.21,0.53,4.98,NA,7.54,NA
3,2,2018-05-02,50,1.98,0.07,0.37,0,0,0,0.87,10.34,NA,13.63,NA
3,3,2018-05-02,50,1.19,0.01,0.05,0,0,0,0.62,7.5,NA,9.37,NA
3,4,2018-05-02,50,1.98,0.11,0,0,0,0,0.39,4.11,NA,6.59,NA
3,5,2018-05-02,50,1.29,0.02,0.96,0,0,0.02,1.12,5.17,NA,8.58,NA
4,1,2018-05-02,50,0.47,0.1,0.21,0,0,0,0.2,3.08,NA,4.06,NA
4,2,2018-05-02,50,0.21,0.01,0.13,0.15,0,0,0.13,2.59,NA,3.22,NA
4,3,2018-05-02,50,0.32,0.08,0.57,0.04,0,0,0.2,3.84,NA,5.05,NA
4,4,2018-05-02,50,0.07,0.02,0.1,0.06,0,0,0.04,9.02,NA,9.31,NA
4,5,2018-05-02,50,0.27,0.03,0,0.38,0,0,0.17,1.19,NA,2.04,NA
5,1,2018-05-02,50,NA,NA,NA,NA,NA,NA,NA,NA,NA,NA,NA
5,2,2018-05-02,50,0.32,0.01,0,0,0.04,0,0.21,2.2,NA,2.78,NA
5,3,2018-05-02,50,0.05,0.06,0,0.21,0,0,0.19,2.12,NA,2.63,NA
5,4,2018-05-02,50,0.09,0.03,0,0,0,0,0.62,1.96,NA,2.7,NA
5,5,2018-05-02,50,0.33,0.07,1.32,0,0,0,0.36,3,NA,5.08,NA
6,1,2018-05-02,50,2.97,0.16,0,0,0,0,0.43,2.19,NA,5.75,NA
6,2,2018-05-02,50,2.52,0.01,0,0,0,0,0.24,4.44,NA,7.21,NA
6,3,2018-05-02,50,2,0.13,0,0,0,0,0.21,2.27,NA,4.61,NA
6,4,2018-05-02,50,3.38,0.13,0,0,0,0,0.3,4.4,NA,8.21,NA
6,5,2018-05-02,50,2.45,0.09,0,0,0,0,0.26,5.52,NA,8.32,NA
7,1,2018-05-02,50,0.11,0.82,0,0,0,0,0.24,4.2,NA,5.37,NA
7,2,2018-05-02,50,0.2,0.14,0,0,0,0,0.41,1.38,NA,2.13,NA
7,3,2018-05-02,50,0.06,0.09,0,0.09,0,0,0.15,1.35,NA,1.74,NA
7,4,2018-05-02,50,0.2,0.72,0,0,0,0,1.02,21.14,NA,23.08,NA
7,5,2018-05-02,50,0.07,0.06,0.19,0,0,0,0.48,1.92,NA,2.72,NA
8,1,2018-05-02,50,0.03,0,1.01,0,0.13,0,0.25,1.03,NA,2.45,NA
8,2,2018-05-02,50,0,0,2.01,0,0,0.21,0.42,4.69,NA,7.33,NA
8,3,2018-05-02,50,0.03,0.03,1.38,0,0,0.15,0.09,0.41,NA,2.09,NA
8,4,2018-05-02,50,0.1,0.07,0.85,0,0.06,0.36,0.17,1.72,NA,3.33,NA
8,5,2018-05-02,50,0.01,0,0.89,0,0,0.13,0.12,0.23,NA,1.38,NA
1,1,2018-06-22,51,0.01,1.46,0,0.28,0,0.07,0.08,2.35,0,4.25,NA
1,2,2018-06-22,51,0,0.03,0,0,0,0.1,0.13,0.67,0,0.93,NA
1,3,2018-06-22,51,0.01,0.17,0,0.1,0.42,0,0.15,0.78,0,1.63,NA
1,4,2018-06-22,51,0.12,0.69,0,0,0,0.04,0.34,3.16,0,4.35,NA
1,5,2018-06-22,51,0.01,0.7,0.05,0.04,0,0.04,0.12,2.3,0,3.26,NA
2,1,2018-06-22,51,0.39,0.99,0,0.03,0,0,0.13,2.28,0,3.82,NA
2,2,2018-06-22,51,0.02,0.6,0,0,0,0,0.12,0.75,0,1.49,NA
2,3,2018-06-22,51,0.95,0.19,0.07,0.15,0,0.01,0.23,0.84,0.93,3.37,NA
2,4,2018-06-22,51,0.06,0.49,0.09,0.22,0.12,0.32,0.65,1.21,0,3.16,NA
2,5,2018-06-22,51,0.29,0.58,0.02,0.08,0,0.01,0.12,1.08,0,2.18,NA
3,1,2018-06-22,51,1.44,0.57,0,0,0,0.05,0.12,0.98,1.12,4.28,NA
3,2,2018-06-22,51,2.16,0.12,0,0,0,0.03,0.03,0.89,0.39,3.62,NA
3,3,2018-06-22,51,2,0.09,0,0,0.09,0,0.6,1.59,0,4.37,NA
3,4,2018-06-22,51,2.09,0.07,0,0.22,0,0,0.34,0.77,0,3.49,NA
3,5,2018-06-22,51,1.69,0.11,0.12,0,0,0.04,0.12,0.55,1.39,4.02,NA
4,1,2018-06-22,51,0.26,0.19,0.12,0.01,0,0.04,0.19,2.17,0,2.98,NA
4,2,2018-06-22,51,0.21,0.03,0.16,0.07,0,0,0.36,1,1.53,3.36,NA
4,3,2018-06-22,51,0.27,0.19,0.96,0,0.04,0.04,0.3,1.58,0.61,3.99,NA
4,4,2018-06-22,51,0.01,0.01,0.42,0,0.07,0,0.07,1.03,0.19,1.8,NA
4,5,2018-06-22,51,0.03,0.12,0.13,0.12,0,0.06,0.43,1.32,0.25,2.46,NA
5,1,2018-06-22,51,0.16,0.05,0.18,0.44,0,0.22,0.13,1.15,0.46,2.79,NA
5,2,2018-06-22,51,0.07,0.01,0.24,0.45,0.11,0.24,0.02,1.11,1.42,3.67,NA
5,3,2018-06-22,51,0.01,0.06,0,0.25,0.04,0.02,0.13,1.2,0,1.71,NA
5,4,2018-06-22,51,0.01,0.01,0.63,0,0,0.07,0.56,0.99,6.31,8.58,NA
5,5,2018-06-22,51,0.64,0.06,0.52,0,0.11,0.24,0.08,0.99,2.71,5.35,NA
6,1,2018-06-22,51,0.76,0.51,0,0.16,0,0.04,0.26,0.96,0,2.69,NA
6,2,2018-06-22,51,1.96,0.02,0.07,0.01,0,0.06,0.04,1.29,0.25,3.7,NA
6,3,2018-06-22,51,0.56,0.65,0.21,0.3,0,0.09,0.08,2.84,0.23,4.96,NA
6,4,2018-06-22,51,1.31,0.65,0.15,0,0,0.01,0.07,1.64,0.2,4.03,NA
6,5,2018-06-22,51,1.46,0.31,0.11,0.11,0,0.08,0.09,2.53,0.19,4.88,NA
7,1,2018-06-22,51,0.09,1.58,0.04,0.04,0,0.06,0.09,1.91,0.2,4.01,NA
7,2,2018-06-22,51,0.11,0.21,0.58,0.45,0,0.23,0.25,1.26,2.53,5.62,NA
7,3,2018-06-22,51,0.02,0.26,1.19,0.15,0,0.3,0.14,2.2,2.27,6.53,NA
7,4,2018-06-22,51,0.11,3.32,0.05,0.44,0,0.07,0.13,6.67,1.3,12.09,NA
7,5,2018-06-22,51,1.44,0.49,1.49,0,0,0.15,0.26,3.46,4.92,12.21,NA
8,1,2018-06-22,51,0.01,0.14,0.35,0,0,0.22,0.26,0.53,4.48,5.99,NA
8,2,2018-06-22,51,0.05,1.02,0.24,0.06,0.28,0,0.75,2.76,2.29,7.45,NA
8,3,2018-06-22,51,1.44,0,0.68,0,0.22,0.03,0.07,0.7,2.03,5.17,NA
8,4,2018-06-22,51,0.08,0.68,0.29,0,0,0.1,0.56,1.82,0,3.53,NA
8,5,2018-06-22,51,0.01,0,1.49,0,0,0.28,0.15,0.87,2.03,4.83,NA
1,1,2018-09-24,52,0.01,2.65,0,1.59,0.06,0,0.85,1.4,0,6.56,NA
1,2,2018-09-24,52,0.01,0.09,0,1.51,0.39,2.18,1.14,2,0,7.32,NA
1,3,2018-09-24,52,0.01,0.28,0,0.2,1.18,0,0.62,1.05,0,3.34,NA
1,4,2018-09-24,52,0.57,2.35,0,0.43,0,0,1.01,4.95,0,9.31,NA
1,5,2018-09-24,52,0.01,2.51,0,0.94,0.89,0,0.86,1.56,0,6.77,NA
2,1,2018-09-24,52,0.28,2.52,0,1.1,0,0,0.1,2.09,0.27,6.36,NA
2,2,2018-09-24,52,0.02,1.56,0.02,2.02,0,0,0.04,1.12,0.11,4.89,NA
2,3,2018-09-24,52,3.41,0.56,0.07,0.6,0,0.01,0.38,0.64,1.2,6.87,NA
2,4,2018-09-24,52,0.08,1.07,0.58,1.13,0.05,0.01,0.17,1,0.3,4.39,NA
2,5,2018-09-24,52,0.35,1.19,0.04,2.44,0,0,0.19,1.26,0,5.47,NA
3,1,2018-09-24,52,5.22,0.91,0.25,0,0.17,0,0.07,1.04,0.67,8.33,NA
3,2,2018-09-24,52,8.09,0.07,0.61,0.05,0.35,0,0.05,2.1,0.42,11.74,NA
3,3,2018-09-24,52,5.05,0.09,0.1,0.12,0.41,0.04,0.3,1.01,0.46,7.58,NA
3,4,2018-09-24,52,7.26,0.08,0,0.23,0,0,0.1,0.47,0.18,8.32,NA
3,5,2018-09-24,52,6.43,0.19,0.1,0,0.05,0,0.23,0.43,1.33,8.76,NA
4,1,2018-09-24,52,0.37,0.69,0.02,0.62,0,0,0.07,1.61,0.23,3.61,NA
4,2,2018-09-24,52,0.3,0.03,0.17,2,0.17,0,0.22,0.61,0.47,3.97,NA
4,3,2018-09-24,52,0.66,0.21,0.53,0.37,0,0,0.3,1.31,1.19,4.57,NA
4,4,2018-09-24,52,0.04,0.03,0.44,2.34,1.23,0,0.33,0.22,0.3,4.93,NA
4,5,2018-09-24,52,0.05,0.01,0.13,3.14,0.4,0,0.79,6.28,0.58,11.38,NA
5,1,2018-09-24,52,0.18,0.12,0.12,0.69,0.25,0,0.9,1.28,0.82,4.36,NA
5,2,2018-09-24,52,0.09,0.01,1.16,1.67,0.4,0,0.37,0.46,1.33,5.49,NA
5,3,2018-09-24,52,0.03,0.03,0.06,2.92,0.88,0,0.93,0.33,0,5.18,NA
5,4,2018-09-24,52,0.01,0.02,1.4,1.34,0,0,0.63,9.44,2.74,15.58,NA
5,5,2018-09-24,52,NA,NA,NA,NA,NA,NA,NA,NA,NA,NA,NA TIPPED
6,1,2018-09-24,52,1.9,1.04,0.01,0.28,0.17,0.6,0.61,1.02,0.42,6.05,otherdec is ash
6,2,2018-09-24,52,5.96,0.03,0.13,0.46,0,0,0.12,0.44,0.25,7.39,NA
6,3,2018-09-24,52,1.37,0.9,0.16,0.26,0,0.37,0.92,2.68,0,6.66,otherdec is ash
6,4,2018-09-24,52,5.06,0.54,0,0.39,0.81,0,0.59,1,0,8.39,NA
6,5,2018-09-24,52,4.94,1.27,0,0.92,0.02,0.1,0.87,0.97,0,9.09,otherdec is ash
7,1,2018-09-24,52,0.25,2.75,0,0.13,0,1.45,0.48,3.05,0,8.11,otherdec is ash
7,2,2018-09-24,52,0.24,0.31,0.18,0.86,0,0,0.82,0.61,0.95,3.97,NA
7,3,2018-09-24,52,0.01,0.35,0.85,1.28,0.14,0,0.78,4.88,1.5,9.79,NA
7,4,2018-09-24,52,0.2,4.56,0.01,0.64,0,0,2.18,6.95,1.82,16.36,NA
7,5,2018-09-24,52,0.52,1.48,0.54,0.21,0,0,0.82,4.85,1.43,9.85,NA
8,1,2018-09-24,52,0.02,0.16,1.43,0.06,0.23,0.05,0.47,1.3,1.59,5.31,NA
8,2,2018-09-24,52,0.06,2.23,0.51,0.37,0.93,0.02,0.5,0.82,1.64,7.08,NA
8,3,2018-09-24,52,0.01,0.01,1.15,0.28,0,0,0.81,0.02,0.66,2.94,NA
8,4,2018-09-24,52,0.09,1.66,0.29,0.09,0.15,0,0.47,2.67,0.42,5.84,NA
8,5,2018-09-24,52,0.01,0.02,0.55,0.01,0,0.05,1,0.12,1.58,3.34,NA
1,1,2018-12-14,53,0.01,5.96,1.4,11.98,0.19,0.09,0.1,0.51,0,20.24,NA 
1,2,2018-12-14,53,0.02,0.36,0.92,14.09,1.85,1.86,0.6,0.87,0,20.57,otherdec is ash 1.17
1,3,2018-12-14,53,0.01,0.66,1.5,8.6,3.75,0.06,0.38,0.56,0,15.52,NA
1,4,2018-12-14,53,1.03,11.95,1.84,6.63,1.01,0,0.54,0.69,0,23.69,NA
1,5,2018-12-14,53,0.02,3.73,5.83,12.11,8.02,0.05,0.34,20.13,0,50.23,otherdec is ash 0.04
2,1,2018-12-14,53,0.64,5.85,1.52,7.84,0.48,0,0.17,0.5,0,17,NA
2,2,2018-12-14,53,0.04,1.92,0.38,13.98,0.36,0,0.08,0.17,0,16.93,NA
2,3,2018-12-14,53,1.85,2.06,7.7,6.39,0.05,0.24,0.12,4,0,22.41,NA
2,4,2018-12-14,53,0.07,2.54,13.33,7.27,1.62,0,0.29,0.3,0,25.42,NA
2,5,2018-12-14,53,1.34,5.08,9.02,12.76,0,0,0.12,1.46,0,29.78,NA
3,1,2018-12-14,53,3.5,0.94,8.06,1.75,1.13,0.17,0.27,2.57,0,18.39,NA
3,2,2018-12-14,53,5.01,0.02,3.41,1.64,0.47,0,0.14,3.1,0,13.79,NA
3,3,2018-12-14,53,3.68,0.02,3.89,3.22,4.59,0.67,0.32,2.9,0,19.29,NA
3,4,2018-12-14,53,5.42,0.9,2.81,6.17,0.46,0,0.18,1.81,0,17.75,NA
3,5,2018-12-14,53,3.27,0.17,4.91,1.05,0.65,0,0.26,2.91,0,13.22,NA
4,1,2018-12-14,53,0.63,0.63,3.93,9.73,0.02,0,0.16,1.11,0,16.21,NA
4,2,2018-12-14,53,0.55,0.07,4.1,13.88,0.14,0,0.4,0.08,0,19.22,NA
4,3,2018-12-14,53,0.98,0.55,12.6,9.62,3.03,0,0.38,4.63,0,31.79,NA
4,4,2018-12-14,53,0.07,0.08,5.84,12.45,7.32,0,0.31,0.04,0,26.11,NA
4,5,2018-12-14,53,0.14,0.21,12.87,11.39,1.33,0,0.29,0.07,0,26.3,NA
5,1,2018-12-14,53,0.59,0.91,4.42,10.24,7.71,0,0.29,1.22,0,25.38,NA
5,2,2018-12-14,53,0.7,0.02,4.61,12.29,5.9,0,0.21,0.68,0,24.41,NA
5,3,2018-12-14,53,0.04,0.47,2.33,15.49,4.46,0,0.33,0.53,0,23.65,NA
5,4,2018-12-14,53,0.07,0.08,14.08,8.74,0,0,0.65,2.25,0,25.87,NA
5,5,2018-12-14,53,0.97,0.22,7.14,3.14,1.89,0.03,0.27,0.92,0,14.58,NA
6,1,2018-12-14,53,1.47,3.03,1.29,3.5,3.76,3.87,2.75,0.9,0,20.57,otherdec is ash
6,2,2018-12-14,53,4.5,0.12,0.4,4.97,1.93,0,0.16,3.18,0,15.26,NA 
6,3,2018-12-14,53,1.29,3.15,2.35,4.2,5.11,5.61,0.68,1.54,0,23.93,otherdec is ash
6,4,2018-12-14,53,7.09,1.6,2.57,4.28,10.46,0,0.17,7,0,33.17,NA 
6,5,2018-12-14,53,3.47,1.35,2.19,5.29,1.19,0.05,0.28,4.49,0,18.31,NA 
7,1,2018-12-14,53,NA,NA,NA,NA,NA,NA,NA,NA,NA,NA,NA MESH GONE
7,2,2018-12-14,53,0.2,1.13,13.46,13.89,1.58,0,0.38,1.63,0,32.27,NA
7,3,2018-12-14,53,0.04,0.58,10.96,9.53,0.36,0.2,0.54,1.63,0,23.84,otherdec is beech
7,4,2018-12-14,53,0.22,9.95,7.4,10.08,1.76,0,0.96,1.23,0,31.6,NA
7,5,2018-12-14,53,0.25,2.53,15.48,5.55,1.19,0.14,0.35,1.73,0,27.22,otherdec is ash
8,1,2018-12-14,53,0.01,0.45,21.83,1.72,4.31,1.6,0.56,0.12,0,30.6,NA
8,2,2018-12-14,53,0.03,3.38,14.7,4.23,6.32,0,0.97,2.41,0,32.04,NA
8,3,2018-12-14,53,0.01,0.01,8.73,6.97,2.9,0,0.26,0.04,0,18.92,NA
8,4,2018-12-14,53,0.09,2.91,14.54,6.09,8.86,0,0.3,0.41,0,33.2,NA
8,5,2018-12-14,53,0.01,0.01,20.17,1.83,0.53,1.25,0.28,0.44,0,24.52,NA
1,1,2019-06-27,55,0.01,2.86,0,0.41,0.2,0,0.34,0.82,0,4.64,NA
1,2,2019-06-27,55,0.01,0.06,0,0.1,0,0,0.08,2.13,0,2.38,NA
1,3,2019-06-27,55,0.02,0.27,0,0.21,0,0,0.23,2.58,0,3.31,NA
1,4,2019-06-27,55,1.24,1.01,0.01,0.01,0.03,0,0.57,1.73,0,4.6,NA
1,5,2019-06-27,55,0.01,1.23,0.02,0.28,0,0.29,0.32,2.21,0,4.36,NA
2,1,2019-06-27,55,0.97,1.12,0,0,0,0,0.16,1.22,0,3.47,NA
2,2,2019-06-27,55,0.02,1.02,0.06,0.04,0,0,0.02,1.62,0,2.78,NA
2,3,2019-06-27,55,2.27,0.34,0.33,0,0.07,0.33,0.84,1.86,0,6.04,NA
2,4,2019-06-27,55,0.16,1.19,0.63,0.01,0.02,0.01,0.63,1.46,0,4.11,NA
2,5,2019-06-27,55,0.98,1.16,0.07,0.24,0,0,0.71,0.51,0,3.67,NA
3,1,2019-06-27,55,5.4,0.59,0.08,0,0,0,0.22,0.73,0,7.02,NA
3,2,2019-06-27,55,4.55,0.02,0.07,0.01,0,0.01,0.2,0.95,0.16,5.97,NA
3,3,2019-06-27,55,5.47,0.02,0,0,0,0.01,0.2,1.03,0,6.73,NA
3,4,2019-06-27,55,3.47,0.16,0,0.07,0.04,0,0.63,4.71,0,9.08,NA
3,5,2019-06-27,55,4.81,0.07,0.95,0.1,0,0.27,0.16,2.14,1.17,9.67,NA
4,1,2019-06-27,55,0.67,0.53,0.08,0.3,0,0,0.14,1.58,0,3.3,NA
4,2,2019-06-27,55,0.61,0.05,0.34,0.12,0,0,0.17,0.98,1.43,3.7,NA
4,3,2019-06-27,55,1.17,0.18,0.64,0.01,0,0.01,0.41,4.64,0,7.06,NA
4,4,2019-06-27,55,0.06,0.02,0.07,0.14,0.27,0,0.49,1.01,0,2.06,NA
4,5,2019-06-27,55,0.11,0.03,1,0.08,0,0,0.85,0.78,1.52,4.37,NA
5,1,2019-06-27,55,0.41,1.06,0.06,0.11,0,0,0.32,1.76,0,3.72,NA
5,2,2019-06-27,55,0.25,0.04,0.2,0.32,0,0.08,0.19,3.84,0,4.92,NA
5,3,2019-06-27,55,0.01,0.07,0.03,0.05,0.15,0.13,0.12,1.38,0,1.94,NA
5,4,2019-06-27,55,0.04,0.07,0.42,0.21,0,0,0.93,7.34,0,9.01,NA
5,5,2019-06-27,55,1.68,0.24,0.17,0.1,0,0,0.68,3.27,0,6.14,NA
6,1,2019-06-27,55,1.25,0.83,0.07,0,0,0,0.4,2.74,0,5.29,NA
6,2,2019-06-27,55,2.4,0.02,0.01,0.03,0.09,0.14,0.19,1.87,0,4.75,NA
6,3,2019-06-27,55,0.66,0.76,0.17,0.06,0.06,0.18,0.44,2.13,0,4.46,NA
6,4,2019-06-27,55,1.72,0.88,0,0,0,0,0.42,3.69,0,6.71,NA
6,5,2019-06-27,55,2.59,0.27,0,0,0,0.09,0.15,2.19,0,5.29,NA
7,1,2019-06-27,55,0.38,2.2,0,0,0,0,0.12,2.24,0,4.94,NA
7,2,2019-06-27,55,0.18,0.34,0.39,0.14,0,0,0.41,2.28,0.58,4.32,NA
7,3,2019-06-27,55,0.01,0.22,0.33,0.02,0,0,0.38,3.69,2.01,6.66,NA
7,4,2019-06-27,55,0.15,3.99,0.03,0,0,0,0.5,5.16,0,9.83,NA
7,5,2019-06-27,55,0.29,0.54,3.27,0,0.13,0,0.38,1.94,3.12,9.67,NA
8,1,2019-06-27,55,0.04,0.22,0.95,0,0,0,0.58,1.25,3.46,6.5,NA
8,2,2019-06-27,55,0.08,2.23,0.14,0.05,0.08,0.15,0.35,3.24,1.73,8.05,NA
8,3,2019-06-27,55,0.01,0.01,0.9,0,0.39,0.04,0.29,2.24,2.34,6.22,NA
8,4,2019-06-27,55,0.17,0.96,0.42,0,0,0,0.44,2.39,0.67,5.05,NA
8,5,2019-06-27,55,0.01,0.01,1.48,0,0.01,0.01,0.91,1.02,3.11,6.56,NA
1,1,2019-04-17,54,0.05,0.12,0,0,0,0,0.09,0.45,0,0.71,NA
1,2,2019-04-17,54,0.07,0.07,0,0,0,0,0.2,0.27,0,0.61,NA
1,3,2019-04-17,54,0.03,0.07,0,0.02,0,0,0.25,1.94,0,2.31,NA
1,4,2019-04-17,54,0.44,0.24,0,0,0,0,0.31,0.36,0,1.35,NA
1,5,2019-04-17,54,0.04,0.17,0,0,0,0,0.12,0.37,0,0.7,NA
2,1,2019-04-17,54,0.77,0.31,0,0,0,0,0.15,0.84,0,2.07,NA
2,2,2019-04-17,54,0.06,0.03,0.26,0.53,0.12,0,0.13,0.25,0,1.38,NA
2,3,2019-04-17,54,0.88,0.15,0.6,0.1,0,0,0.15,2,0,3.88,NA
2,4,2019-04-17,54,0.1,0.05,2.02,0,0,0,0.09,0.34,0,2.6,NA
2,5,2019-04-17,54,1.58,0.18,1.71,0.31,0,0,0.15,1.64,0,5.57,NA
3,1,2019-04-17,54,1.94,0.1,0,0,0.04,0,0.32,1.47,0,3.87,NA
3,2,2019-04-17,54,2.93,0.04,0,0,0,0,0.18,3.61,0,6.76,NA
3,3,2019-04-17,54,2.1,0.03,0.42,0,0,0,0.24,1.27,0,4.06,NA
3,4,2019-04-17,54,2.28,0.14,0,0,0,0,0.34,2.77,0,5.53,NA
3,5,2019-04-17,54,1.91,0.06,0.77,0.06,0,0,0.25,2.93,0,5.98,NA
4,1,2019-04-17,54,1.28,0.14,0,0.02,0,0,0.45,0.84,0,2.73,NA
4,2,2019-04-17,54,0.66,0.04,0.95,0.03,0,0,0.13,0.37,0,2.18,NA
4,3,2019-04-17,54,1.27,0.08,1.52,0.21,0.03,0,0.24,1.46,0,4.81,NA
4,4,2019-04-17,54,NA,NA,NA,NA,NA,NA,NA,NA,NA,NA,Mesh Torn
4,5,2019-04-17,54,1.16,0.02,1.68,0.44,0,0,0.15,0.41,0,3.86,NA
5,1,2019-04-17,54,1.11,0.09,0,0,0,0,0.35,1.14,0,2.69,NA
5,2,2019-04-17,54,0.84,0.02,0.44,0.17,0,0,0.25,6.76,0,8.48,NA
5,3,2019-04-17,54,0.14,0.03,0.56,1.08,0.09,0,0.17,1.08,0,3.15,NA
5,4,2019-04-17,54,0.19,0.07,0.27,0.23,0,0,0.26,0.73,0,1.75,NA
5,5,2019-04-17,54,0.6,0.05,0,0.03,0,0,0.16,4.76,0,5.6,NA
6,1,2019-04-17,54,1.63,0.2,0,0,0,0,0.23,1.4,0,3.46,NA
6,2,2019-04-17,54,3.04,0.02,0,0,0,0,0.11,2.24,0,5.41,NA
6,3,2019-04-17,54,2.6,0.1,0,0,0,0,0.2,2.93,0,5.83,NA
6,4,2019-04-17,54,4.68,0.08,0,0,0,0,0.04,7.65,0,12.45,NA
6,5,2019-04-17,54,3.9,0.03,0,0,0.19,0,0.17,5.82,0,10.11,NA
7,1,2019-04-17,54,0.25,0,0.15,0.45,0,0,0.28,2.5,0,3.63,NA
7,2,2019-04-17,54,0.26,0.05,0,0.05,0.03,0,0.1,4.81,0,5.3,NA
7,3,2019-04-17,54,0.08,0.32,0.61,0.1,0,0,0.07,1.66,0,2.84,NA
7,4,2019-04-17,54,0.22,0.31,0.83,0.25,0,0,0.36,1.68,0,3.65,NA
7,5,2019-04-17,54,0.18,0.07,0.37,0,0,0,0.14,0.63,0,1.39,NA
8,1,2019-04-17,54,0.11,0,1.22,0,0,0,0.08,1.14,0,2.55,NA
8,2,2019-04-17,54,0.04,0.1,0.5,0,0,0,0.33,0.18,0,1.15,NA
8,3,2019-04-17,54,0.02,0.02,0.15,0,0,0,0.12,0.14,0,0.45,NA
8,4,2019-04-17,54,0.09,0.05,0,0.07,0,0,0.17,0.65,0,1.03,NA
8,5,2019-04-17,54,0.06,0.01,0.87,0,0,0,0.11,0.33,0,1.38,NA
1,1,2019-09-27,56,0.02,5.25,0,2.59,0,0,0.09,3.24,0,11.19,NA
1,2,2019-09-27,56,0.02,0.13,0,2.5,0.17,0,0.41,0.65,0,3.88,NA
1,3,2019-09-27,56,0.01,0.38,0,1.21,0.14,0,0.18,1.63,0,3.55,NA
1,4,2019-09-27,56,0.83,4.51,0,1.32,0.16,0,0.51,4.94,0,12.27,NA
1,5,2019-09-27,56,0.02,4.41,0,3.47,1.39,0,0.66,2.14,0,12.09,NA
2,1,2019-09-27,56,1.43,3.09,0,2.44,0,0,0.58,2.31,0,9.85,NA
2,2,2019-09-27,56,0.02,2.07,0,3.97,0,0,0.13,0.84,0,7.03,NA
2,3,2019-09-27,56,5.96,1,0.09,1.87,0,0,0.43,0.11,0,9.46,NA
2,4,2019-09-27,56,0.09,1.93,0.45,2.18,0,0,0.23,1.44,0,6.32,NA
2,5,2019-09-27,56,2.05,2.19,0.75,4.47,0,0,0.12,1.31,0,10.89,NA
3,1,2019-09-27,56,8.5,1.38,0.04,0.12,0,0,0.06,1.28,0,11.38,NA
3,2,2019-09-27,56,13.63,0.08,0.07,0.09,0.22,0,0.05,1.55,0,15.69,NA
3,3,2019-09-27,56,8.2,0.13,0.14,0.2,0.79,0,0.2,1.59,0,11.25,NA
3,4,2019-09-27,56,0.8,0.02,0,0,0,0,0.18,0.06,0,1.06,Tipped/ Ripped Mesh 
3,5,2019-09-27,56,9.88,0.14,0.08,0.02,0.05,0,0.1,0.43,0,10.7,replaced Mesh 
4,1,2019-09-27,56,1.01,1.79,0.44,1.97,0.03,0,0.21,0.8,0,6.25,NA
4,2,2019-09-27,56,1.23,0.03,0,4.23,0,0,0.45,0.31,0,6.25,NA
4,3,2019-09-27,56,1.51,0.43,0.54,1.41,0.2,0,0.29,1.18,0,5.56,NA
4,4,2019-09-27,56,0.07,0.05,0.73,5.34,0.83,0,0.77,0.24,0,8.03,NA
4,5,2019-09-27,56,0.04,0.08,0,7.2,0,0,1.19,0.17,0,8.68,NA
5,1,2019-09-27,56,0.48,0.61,0.27,1.34,1.2,0,0.45,2.12,0,6.47,NA
5,2,2019-09-27,56,0.32,0.02,0.05,2.22,0.52,0,0.39,0.84,0,4.36,NA
5,3,2019-09-27,56,0.01,0.14,0,1.96,0.76,0.1,0.41,0.38,0,3.76,NA
5,4,2019-09-27,56,0.02,0.01,0.4,2.42,0.31,0,2.31,0.31,0,5.78,NA
5,5,2019-09-27,56,3,0.73,0.42,0.37,0.3,0,0.41,3.57,0,8.8,NA
6,1,2019-09-27,56,5.44,2.38,0.41,0,0.42,0,0.2,1.6,0,10.45,NA
6,2,2019-09-27,56,7.26,0.12,0.01,0.28,0.25,0,0.86,2.76,0,11.54,NA
6,3,2019-09-27,56,2.68,1.98,0.55,0.66,0,0.82,0.42,0.82,0,7.93,NA
6,4,2019-09-27,56,5.86,1.1,0.64,0.85,0.12,0,0.32,0.85,0,9.74,NA
6,5,2019-09-27,56,8.63,2.53,0,0.77,0.09,0,0.5,2.54,0,15.06,NA
7,1,2019-09-27,56,0.8,5.64,0,0.3,0.09,0,0.63,3.52,0,10.98,NA
7,2,2019-09-27,56,0.59,0.41,1.2,0.92,0.02,0,0.81,0.72,0,4.67,NA
7,3,2019-09-27,56,0.1,0.24,0.04,1.35,0,0,0.59,1.16,0,3.48,NA
7,4,2019-09-27,56,0.4,8.05,0.19,0.83,0.02,0,1.04,5.3,0,15.83,NA
7,5,2019-09-27,56,1,2.2,1.35,0.47,0.05,0,0.95,1.64,0,7.66,NA
8,1,2019-09-27,56,0.06,0.18,1.27,0.14,0.47,0,1.81,0.68,0,4.61,NA
8,2,2019-09-27,56,0.08,3.85,1.1,1.11,0.81,0,0.44,3.2,0,10.59,NA
8,3,2019-09-27,56,0,0.02,0.38,1.03,0.69,0,0.41,0.19,0,2.72,Replaced Mesh 
8,4,2019-09-27,56,0.18,2.99,0.4,0.52,0.85,0,0.65,1.79,0,7.38,NA
8,5,2019-09-27,56,0.01,0,1.41,0.4,1.03,0,0.86,1.13,0,4.84,NA
1,1,2019-12-01,57,0.03,6.79,1.97,10.78,0,0,0.05,1.86,0,21.48,NA
1,2,2019-12-01,57,0.04,0.6,0.14,16.29,2.24,0,0.11,1.01,0,20.43,NA
1,3,2019-12-01,57,0.03,1.24,1.36,9.81,3.55,0,0.18,1.71,0,17.88,NA
1,4,2019-12-01,57,2.59,9.64,2.28,4.52,2.17,0,0.21,0.87,0,22.28,NA
1,5,2019-12-01,57,0.02,5.36,4.39,6.09,9.4,0,0.04,1.62,0,26.92,NA
2,1,2019-12-01,57,1.79,8.21,2.69,6.67,1.77,0,0.13,0.91,0,22.17,NA
2,2,2019-12-01,57,0.12,3.11,2.3,11.71,0.08,0,0.05,5.84,0,23.21,NA
2,3,2019-12-01,57,3.54,2.5,7.84,5.56,0.82,0,0.09,0.81,0,21.16,NA
2,4,2019-12-01,57,0.42,3.86,19.4,5.86,1.83,0,0.1,1.94,0,33.41,NA
2,5,2019-12-01,57,2.98,5.73,14.37,9.84,0.07,0,0.42,1.73,0,35.14,NA
3,1,2019-12-01,57,6.55,1.8,8.18,1.04,1.86,0,0.32,1.88,0,21.63,NA
3,2,2019-12-01,57,8.66,0.46,4.61,0.9,1.2,0,0.08,8.7,0,24.61,NA
3,3,2019-12-01,57,4.75,0.13,6.04,2.59,3.39,0,0.21,8.44,0,25.55,NA
3,4,2019-12-01,57,5.86,0.81,0.32,5.17,0.43,0,0.15,7.03,0,19.77,NA
3,5,2019-12-01,57,6.99,0.74,9.29,0.53,1.24,0,0.6,1.82,0,21.21,NA
4,1,2019-12-01,57,1.66,0.73,3.3,8.7,0.22,0,0.03,1.63,0,16.27,NA
4,2,2019-12-01,57,1.71,0.1,6.97,10.63,0.27,0,0.06,0.97,0,20.71,NA
4,3,2019-12-01,57,NA,NA,NA,NA,NA,NA,NA,NA,NA,NA,NA Baket tipped
4,4,2019-12-01,57,0.13,0.19,9.49,9.09,5.28,0,0.01,0.64,0,24.83,NA
4,5,2019-12-01,57,0.32,0.36,8.52,7.65,1.11,0,0.03,0.67,0,18.66,NA
5,1,2019-12-01,57,0.48,0.71,5.83,8.11,8.74,0,0.06,1.82,0,25.75,NA
5,2,2019-12-01,57,0.42,0.01,4,14.85,5.05,0,0.01,4.05,0,28.39,NA
5,3,2019-12-01,57,0.06,0.17,0.42,13.97,4.66,0,0.04,2.83,0,22.15,NA
5,4,2019-12-01,57,0.05,0.03,28.36,8.84,0.13,0,0.05,8.12,0,45.58,NA
5,5,2019-12-01,57,NA,NA,NA,NA,NA,NA,NA,NA,NA,NA,NA Basket broke 
6,1,2019-12-01,57,3.04,2.78,4.3,5.03,3.71,0,0.04,5.2,0,24.1,NA
6,2,2019-12-01,57,5.25,0.17,1.42,1.59,0.86,0,0.08,5.13,0,14.5,NA
6,3,2019-12-01,57,3.7,2.61,1.11,8.87,9.19,0,0.02,1.71,0,27.21,hole in bag
6,4,2019-12-01,57,6.6,2.8,1.11,3.18,7.02,0,0.14,6.45,0,27.3,NA
6,5,2019-12-01,57,5.04,2.59,0.12,4.13,1.3,0,0.05,5.05,0,18.28,NA
7,1,2019-12-01,57,4.95,10.34,5.14,11.12,0,0,0.08,1.44,0,33.07,NA
7,2,2019-12-01,57,1.15,1.75,19.09,10.29,1.33,0,0.01,4.82,0,38.44,NA
7,3,2019-12-01,57,0.08,1,17.23,9.33,0.86,0,0.12,3.5,0,32.12,NA
7,4,2019-12-01,57,0.47,12.33,4.93,12.9,2.39,0,0.11,3.75,0,36.88,NA
7,5,2019-12-01,57,0.68,4.18,24.04,6.97,0.4,0,0.32,1.78,0,38.37,NA
8,1,2019-12-01,57,0.06,0.94,20.02,3.31,6.54,0,0.17,2.45,0,33.49,NA
8,2,2019-12-01,57,0.07,2.99,11.96,4.96,4.15,0,0.03,3.18,0,27.34,NA
8,3,2019-12-01,57,0.02,0.02,18.89,4.62,1.78,0,0.02,1.2,0,26.55,NA
8,4,2019-12-01,57,0.15,3.18,13.56,5.65,5.7,0,0.09,6.24,0,34.57,NA
8,5,2019-12-01,57,0.03,0.02,24.8,2.8,1.29,0,0.17,2.05,0,31.16,NA
1,1,2020-04-29,58,0.03,0.33,0,0.02,0,0,0.25,1.26,0,1.89,NA
1,2,2020-04-29,58,0.03,0.03,0,0.04,0,0,0.02,3.14,0,3.26,NA
1,3,2020-04-29,58,0.02,0.04,0,0.1,0,0,0.2,0.58,0,0.94,NA
1,4,2020-04-29,58,1.53,0.95,0,0.06,0,0,0.05,1.42,0,4.01,NA
1,5,2020-04-29,58,0.02,0.17,0,0.05,0.07,0,0.32,1.46,0,2.09,NA
2,1,2020-04-29,58,0.47,0.18,0,0,0,0,0.16,0.8,0,1.61,NA
2,2,2020-04-29,58,0.07,0.03,0.36,0.1,0.03,0,0.1,0.24,0,0.93,NA
2,3,2020-04-29,58,0.67,0.07,0.35,0.08,0,0,0.16,1.03,0,2.36,NA
2,4,2020-04-29,58,0.15,0.11,0.36,0.06,0.1,0,0.15,0.32,0,1.25,NA
2,5,2020-04-29,58,0.76,0.1,0.46,0.33,0,0,0.16,1.18,0,2.99,NA
3,1,2020-04-29,58,3.11,0.21,0,0,0,0,0.04,4.98,0,8.34,NA
3,2,2020-04-29,58,3.63,0.06,0,0,0,0,0.13,10.64,0,14.46,NA
3,3,2020-04-29,58,2.23,0.06,0,0,0,0,0.27,9.86,0,12.42,NA
3,4,2020-04-29,58,3.76,0.15,0,0,0,0,0.14,5.76,0,9.81,NA
3,5,2020-04-29,58,1.6,0.06,0.36,0,0,0,0.02,3.03,0,5.07,NA
4,1,2020-04-29,58,0.41,0.12,0,0.11,0,0,0.03,2.5,0,3.17,NA
4,2,2020-04-29,58,0.5,0.04,0,0.17,0,0,0.07,1.67,0,2.45,NA
4,3,2020-04-29,58,0.61,0.03,2,0.5,0,0,0.04,1.46,0,4.64,NA
4,4,2020-04-29,58,0.11,0.05,1.2,0.21,0,0,0.08,0.67,0,2.32,NA
4,5,2020-04-29,58,0.25,0.02,1.66,0.28,0,0,0.12,0.43,0,2.76,NA
5,1,2020-04-29,58,1.93,0.08,0.11,0,0,0,0.24,3.09,0,5.45,NA
5,2,2020-04-29,58,2.7,0.02,0,0,0,0,0.02,2.85,0,5.59,NA
5,3,2020-04-29,58,0.05,0.04,0,0.27,0.68,0,0.02,7.13,0,8.19,NA
5,4,2020-04-29,58,0.1,0.05,0.3,0.1,0.07,0,0.03,1.98,0,2.63,NA
5,5,2020-04-29,58,0.74,0.05,0,0,0,0,0.11,3.07,0,3.97,NA
6,1,2020-04-29,58,1.9,0.24,0,0.02,0,0,0.02,16.56,0,18.74,NA
6,2,2020-04-29,58,2.66,0.02,0,0,0,0,0.05,3.88,0,6.61,NA
6,3,2020-04-29,58,1.46,0.1,0,0,0,0,0.14,1.27,0,2.97,NA
6,4,2020-04-29,58,2.68,0.15,0,0,0,0,0.18,10.89,0,13.9,NA
6,5,2020-04-29,58,3.13,0.04,0,0,0,0,0.11,8.48,0,11.76,NA
7,1,2020-04-29,58,1,2.44,0.61,0.26,0,0,0.12,1.57,0,6,NA
7,2,2020-04-29,58,0.21,0.12,0.48,0.08,0,0,0.2,1.42,0,2.51,NA
7,3,2020-04-29,58,0.03,0.11,0,0.07,0,0,0.2,4.03,0,4.44,NA
7,4,2020-04-29,58,0.15,0.43,0,0.16,0,0,0.55,2.42,0,3.71,NA
7,5,2020-04-29,58,0.2,0.13,0,0,0,0,0.2,0.63,0,1.16,NA
8,1,2020-04-29,58,0.04,0.01,0,0.02,0,0,0.02,1.35,0,1.44,NA
8,2,2020-04-29,58,0.06,0.06,0.37,0.85,0,0,0.09,8.46,0,9.89,NA
8,3,2020-04-29,58,0.02,0,0,0.02,0,0,0.01,0.75,0,0.8,NA
8,4,2020-04-29,58,0.11,0.05,0,0,0.06,0,0.11,1.39,0,1.72,NA
8,5,2020-04-29,58,0.02,0.01,0.12,0,0,0,0.02,0.4,0,0.57,NA
