product,member,event_id,year,direction,operator,source_level,observed_date,ci_start,ci_end,window_start,window_end,candidate_count,selected_crossing_date,selected_crossing_ordinal,residual_days,inside_observed_ci
gcc_90,GSI-2198,2024-falling,2024,falling,EVENT_YEAR_RELATIVE,0.10,2024-06-29,2024-06-27,2024-06-30,2024-01-01,2024-07-25,1,2024-03-06,738950.949840491,-115.05015950894449,False
gcc_90,GSI-2199,2024-falling,2024,falling,EVENT_YEAR_RELATIVE,0.10,2024-06-29,2024-06-27,2024-06-30,2024-01-01,2024-07-25,1,2024-03-06,738950.949840491,-115.05015950894449,False
gcc_90,GSI-2629,2024-falling,2024,falling,EVENT_YEAR_RELATIVE,0.10,2024-06-29,2024-06-27,2024-06-30,2024-01-01,2024-07-25,1,2024-05-06,739012.356406752,-53.64359324797988,False
gcc_90,GSI-2630,2024-falling,2024,falling,EVENT_YEAR_RELATIVE,0.10,2024-06-29,2024-06-27,2024-06-30,2024-01-01,2024-07-25,1,2024-05-06,739012.356406752,-53.64359324797988,False
gcc_90,GSI-2631,2024-falling,2024,falling,EVENT_YEAR_RELATIVE,0.10,2024-06-29,2024-06-27,2024-06-30,2024-01-01,2024-07-25,1,2024-05-06,739012.356406752,-53.64359324797988,False
gcc_90,GSI-2634,2024-falling,2024,falling,EVENT_YEAR_RELATIVE,0.10,2024-06-29,2024-06-27,2024-06-30,2024-01-01,2024-07-25,1,2024-04-26,739002.195415186,-63.80458481400274,False
gcc_90,GSI-2635,2024-falling,2024,falling,EVENT_YEAR_RELATIVE,0.10,2024-06-29,2024-06-27,2024-06-30,2024-01-01,2024-07-25,1,2024-04-26,739002.195415186,-63.80458481400274,False
gcc_90,GSI-2636,2024-falling,2024,falling,EVENT_YEAR_RELATIVE,0.10,2024-06-29,2024-06-27,2024-06-30,2024-01-01,2024-07-25,1,2024-04-26,739002.195415186,-63.80458481400274,False
gcc_90,GSI-2638,2024-falling,2024,falling,EVENT_YEAR_RELATIVE,0.10,2024-06-29,2024-06-27,2024-06-30,2024-01-01,2024-07-25,1,2024-03-06,738950.949840491,-115.05015950894449,False
gcc_90,GSI-3941,2024-falling,2024,falling,EVENT_YEAR_RELATIVE,0.10,2024-06-29,2024-06-27,2024-06-30,2024-01-01,2024-07-25,1,2024-03-06,738950.911670192,-115.0883298079716,False
gcc_90,GSI-3942,2024-falling,2024,falling,EVENT_YEAR_RELATIVE,0.10,2024-06-29,2024-06-27,2024-06-30,2024-01-01,2024-07-25,1,2024-03-06,738950.911670192,-115.0883298079716,False
gcc_90,GSI-3962,2024-falling,2024,falling,EVENT_YEAR_RELATIVE,0.10,2024-06-29,2024-06-27,2024-06-30,2024-01-01,2024-07-25,1,2024-03-06,738950.949840491,-115.05015950894449,False
gcc_90,GSI-3963,2024-falling,2024,falling,EVENT_YEAR_RELATIVE,0.10,2024-06-29,2024-06-27,2024-06-30,2024-01-01,2024-07-25,1,2024-03-06,738950.949840491,-115.05015950894449,False
gcc_90,GSI-4372,2024-falling,2024,falling,EVENT_YEAR_RELATIVE,0.10,2024-06-29,2024-06-27,2024-06-30,2024-01-01,2024-07-25,1,2024-05-07,739012.523743148,-53.476256852038205,False
gcc_90,GSI-4377,2024-falling,2024,falling,EVENT_YEAR_RELATIVE,0.10,2024-06-29,2024-06-27,2024-06-30,2024-01-01,2024-07-25,1,2024-04-27,739003.214664984,-62.785335015971214,False
gcc_90,GSI-4393,2024-falling,2024,falling,EVENT_YEAR_RELATIVE,0.10,2024-06-29,2024-06-27,2024-06-30,2024-01-01,2024-07-25,1,2024-05-07,739012.568009859,-53.43199014104903,False
gcc_90,GSI-4394,2024-falling,2024,falling,EVENT_YEAR_RELATIVE,0.10,2024-06-29,2024-06-27,2024-06-30,2024-01-01,2024-07-25,1,2024-05-07,739012.568009859,-53.43199014104903,False
gcc_90,GSI-4395,2024-falling,2024,falling,EVENT_YEAR_RELATIVE,0.10,2024-06-29,2024-06-27,2024-06-30,2024-01-01,2024-07-25,1,2024-05-07,739012.568009859,-53.43199014104903,False
gcc_90,GSI-4398,2024-falling,2024,falling,EVENT_YEAR_RELATIVE,0.10,2024-06-29,2024-06-27,2024-06-30,2024-01-01,2024-07-25,1,2024-04-27,739002.548357096,-63.45164290396497,False
gcc_90,GSI-4399,2024-falling,2024,falling,EVENT_YEAR_RELATIVE,0.10,2024-06-29,2024-06-27,2024-06-30,2024-01-01,2024-07-25,1,2024-04-27,739002.548357096,-63.45164290396497,False
gcc_90,GSI-4400,2024-falling,2024,falling,EVENT_YEAR_RELATIVE,0.10,2024-06-29,2024-06-27,2024-06-30,2024-01-01,2024-07-25,1,2024-04-27,739002.548357096,-63.45164290396497,False
gcc_90,GSI-4402,2024-falling,2024,falling,EVENT_YEAR_RELATIVE,0.10,2024-06-29,2024-06-27,2024-06-30,2024-01-01,2024-07-25,1,2024-03-06,738950.949840491,-115.05015950894449,False
gcc_90,GSI-4831,2024-falling,2024,falling,EVENT_YEAR_RELATIVE,0.10,2024-06-29,2024-06-27,2024-06-30,2024-01-01,2024-07-25,1,2024-05-18,739024.268126201,-41.731873798999004,False
gcc_90,GSI-4832,2024-falling,2024,falling,EVENT_YEAR_RELATIVE,0.10,2024-06-29,2024-06-27,2024-06-30,2024-01-01,2024-07-25,1,2024-05-09,739015.022697427,-50.977302573039196,False
gcc_90,GSI-4833,2024-falling,2024,falling,EVENT_YEAR_RELATIVE,0.10,2024-06-29,2024-06-27,2024-06-30,2024-01-01,2024-07-25,1,2024-05-06,739012.274059491,-53.72594050900079,False
gcc_90,GSI-4837,2024-falling,2024,falling,EVENT_YEAR_RELATIVE,0.10,2024-06-29,2024-06-27,2024-06-30,2024-01-01,2024-07-25,1,2024-04-30,739005.814009081,-60.18599091900978,False
gcc_90,GSI-4838,2024-falling,2024,falling,EVENT_YEAR_RELATIVE,0.10,2024-06-29,2024-06-27,2024-06-30,2024-01-01,2024-07-25,1,2024-04-26,739002.059004017,-63.94099598296452,False
gcc_90,GSI-4842,2024-falling,2024,falling,EVENT_YEAR_RELATIVE,0.10,2024-06-29,2024-06-27,2024-06-30,2024-01-01,2024-07-25,1,2024-03-06,738950.949840491,-115.05015950894449,False
gcc_90,GSI-5695,2024-falling,2024,falling,EVENT_YEAR_RELATIVE,0.10,2024-06-29,2024-06-27,2024-06-30,2024-01-01,2024-07-25,1,2024-05-07,739012.523743148,-53.476256852038205,False
gcc_90,GSI-5700,2024-falling,2024,falling,EVENT_YEAR_RELATIVE,0.10,2024-06-29,2024-06-27,2024-06-30,2024-01-01,2024-07-25,1,2024-04-27,739003.214664984,-62.785335015971214,False
gcc_90,GSI-5716,2024-falling,2024,falling,EVENT_YEAR_RELATIVE,0.10,2024-06-29,2024-06-27,2024-06-30,2024-01-01,2024-07-25,1,2024-05-07,739012.568009859,-53.43199014104903,False
gcc_90,GSI-5717,2024-falling,2024,falling,EVENT_YEAR_RELATIVE,0.10,2024-06-29,2024-06-27,2024-06-30,2024-01-01,2024-07-25,1,2024-05-07,739012.568009859,-53.43199014104903,False
gcc_90,GSI-5718,2024-falling,2024,falling,EVENT_YEAR_RELATIVE,0.10,2024-06-29,2024-06-27,2024-06-30,2024-01-01,2024-07-25,1,2024-05-07,739012.568009859,-53.43199014104903,False
gcc_90,GSI-5721,2024-falling,2024,falling,EVENT_YEAR_RELATIVE,0.10,2024-06-29,2024-06-27,2024-06-30,2024-01-01,2024-07-25,1,2024-04-27,739002.548357096,-63.45164290396497,False
gcc_90,GSI-5722,2024-falling,2024,falling,EVENT_YEAR_RELATIVE,0.10,2024-06-29,2024-06-27,2024-06-30,2024-01-01,2024-07-25,1,2024-04-27,739002.548357096,-63.45164290396497,False
gcc_90,GSI-5723,2024-falling,2024,falling,EVENT_YEAR_RELATIVE,0.10,2024-06-29,2024-06-27,2024-06-30,2024-01-01,2024-07-25,1,2024-04-27,739002.548357096,-63.45164290396497,False
gcc_90,GSI-5725,2024-falling,2024,falling,EVENT_YEAR_RELATIVE,0.10,2024-06-29,2024-06-27,2024-06-30,2024-01-01,2024-07-25,1,2024-03-06,738950.949840491,-115.05015950894449,False
gcc_90,GSI-2198,2024-falling,2024,falling,EVENT_YEAR_RELATIVE,0.25,2024-06-11,2024-06-08,2024-06-17,2024-01-01,2024-07-25,2,2024-02-27,738943.001655014,-104.99834498600103,False
gcc_90,GSI-2199,2024-falling,2024,falling,EVENT_YEAR_RELATIVE,0.25,2024-06-11,2024-06-08,2024-06-17,2024-01-01,2024-07-25,2,2024-02-27,738943.001655014,-104.99834498600103,False
gcc_90,GSI-2629,2024-falling,2024,falling,EVENT_YEAR_RELATIVE,0.25,2024-06-11,2024-06-08,2024-06-17,2024-01-01,2024-07-25,2,2024-04-22,738997.959995448,-50.04000455199275,False
gcc_90,GSI-2630,2024-falling,2024,falling,EVENT_YEAR_RELATIVE,0.25,2024-06-11,2024-06-08,2024-06-17,2024-01-01,2024-07-25,2,2024-04-22,738997.959995448,-50.04000455199275,False
gcc_90,GSI-2631,2024-falling,2024,falling,EVENT_YEAR_RELATIVE,0.25,2024-06-11,2024-06-08,2024-06-17,2024-01-01,2024-07-25,2,2024-04-22,738997.959995448,-50.04000455199275,False
gcc_90,GSI-2634,2024-falling,2024,falling,EVENT_YEAR_RELATIVE,0.25,2024-06-11,2024-06-08,2024-06-17,2024-01-01,2024-07-25,2,2024-04-12,738988.05889101,-59.94110898999497,False
gcc_90,GSI-2635,2024-falling,2024,falling,EVENT_YEAR_RELATIVE,0.25,2024-06-11,2024-06-08,2024-06-17,2024-01-01,2024-07-25,2,2024-04-12,738988.05889101,-59.94110898999497,False
gcc_90,GSI-2636,2024-falling,2024,falling,EVENT_YEAR_RELATIVE,0.25,2024-06-11,2024-06-08,2024-06-17,2024-01-01,2024-07-25,2,2024-04-12,738988.05889101,-59.94110898999497,False
gcc_90,GSI-2638,2024-falling,2024,falling,EVENT_YEAR_RELATIVE,0.25,2024-06-11,2024-06-08,2024-06-17,2024-01-01,2024-07-25,2,2024-02-27,738943.001655014,-104.99834498600103,False
gcc_90,GSI-3941,2024-falling,2024,falling,EVENT_YEAR_RELATIVE,0.25,2024-06-11,2024-06-08,2024-06-17,2024-01-01,2024-07-25,2,2024-02-27,738942.965058637,-105.03494136303198,False
gcc_90,GSI-3942,2024-falling,2024,falling,EVENT_YEAR_RELATIVE,0.25,2024-06-11,2024-06-08,2024-06-17,2024-01-01,2024-07-25,2,2024-02-27,738942.965058637,-105.03494136303198,False
gcc_90,GSI-3962,2024-falling,2024,falling,EVENT_YEAR_RELATIVE,0.25,2024-06-11,2024-06-08,2024-06-17,2024-01-01,2024-07-25,2,2024-02-27,738943.001655014,-104.99834498600103,False
gcc_90,GSI-3963,2024-falling,2024,falling,EVENT_YEAR_RELATIVE,0.25,2024-06-11,2024-06-08,2024-06-17,2024-01-01,2024-07-25,2,2024-02-27,738943.001655014,-104.99834498600103,False
gcc_90,GSI-4372,2024-falling,2024,falling,EVENT_YEAR_RELATIVE,0.25,2024-06-11,2024-06-08,2024-06-17,2024-01-01,2024-07-25,3,2024-04-26,739002.268014508,-45.731985492049716,False
gcc_90,GSI-4377,2024-falling,2024,falling,EVENT_YEAR_RELATIVE,0.25,2024-06-11,2024-06-08,2024-06-17,2024-01-01,2024-07-25,2,2024-04-13,738989.230158486,-58.76984151394572,False
gcc_90,GSI-4393,2024-falling,2024,falling,EVENT_YEAR_RELATIVE,0.25,2024-06-11,2024-06-08,2024-06-17,2024-01-01,2024-07-25,2,2024-04-22,738998.434165748,-49.56583425204735,False
gcc_90,GSI-4394,2024-falling,2024,falling,EVENT_YEAR_RELATIVE,0.25,2024-06-11,2024-06-08,2024-06-17,2024-01-01,2024-07-25,2,2024-04-22,738998.434165748,-49.56583425204735,False
gcc_90,GSI-4395,2024-falling,2024,falling,EVENT_YEAR_RELATIVE,0.25,2024-06-11,2024-06-08,2024-06-17,2024-01-01,2024-07-25,2,2024-04-22,738998.434165748,-49.56583425204735,False
gcc_90,GSI-4398,2024-falling,2024,falling,EVENT_YEAR_RELATIVE,0.25,2024-06-11,2024-06-08,2024-06-17,2024-01-01,2024-07-25,2,2024-04-12,738988.238569571,-59.76143042894546,False
gcc_90,GSI-4399,2024-falling,2024,falling,EVENT_YEAR_RELATIVE,0.25,2024-06-11,2024-06-08,2024-06-17,2024-01-01,2024-07-25,2,2024-04-12,738988.238569571,-59.76143042894546,False
gcc_90,GSI-4400,2024-falling,2024,falling,EVENT_YEAR_RELATIVE,0.25,2024-06-11,2024-06-08,2024-06-17,2024-01-01,2024-07-25,2,2024-04-12,738988.238569571,-59.76143042894546,False
gcc_90,GSI-4402,2024-falling,2024,falling,EVENT_YEAR_RELATIVE,0.25,2024-06-11,2024-06-08,2024-06-17,2024-01-01,2024-07-25,2,2024-02-27,738943.001655014,-104.99834498600103,False
gcc_90,GSI-4831,2024-falling,2024,falling,EVENT_YEAR_RELATIVE,0.25,2024-06-11,2024-06-08,2024-06-17,2024-01-01,2024-07-25,2,2024-05-12,739017.543989133,-30.456010867026635,False
gcc_90,GSI-4832,2024-falling,2024,falling,EVENT_YEAR_RELATIVE,0.25,2024-06-11,2024-06-08,2024-06-17,2024-01-01,2024-07-25,2,2024-04-30,739005.525561252,-42.47443874797318,False
gcc_90,GSI-4833,2024-falling,2024,falling,EVENT_YEAR_RELATIVE,0.25,2024-06-11,2024-06-08,2024-06-17,2024-01-01,2024-07-25,2,2024-04-22,738997.852583792,-50.1474162080558,False
gcc_90,GSI-4837,2024-falling,2024,falling,EVENT_YEAR_RELATIVE,0.25,2024-06-11,2024-06-08,2024-06-17,2024-01-01,2024-07-25,2,2024-04-19,738995.248975859,-52.75102414097637,False
gcc_90,GSI-4838,2024-falling,2024,falling,EVENT_YEAR_RELATIVE,0.25,2024-06-11,2024-06-08,2024-06-17,2024-01-01,2024-07-25,2,2024-04-12,738988.001765226,-59.99823477398604,False
gcc_90,GSI-4842,2024-falling,2024,falling,EVENT_YEAR_RELATIVE,0.25,2024-06-11,2024-06-08,2024-06-17,2024-01-01,2024-07-25,2,2024-02-27,738943.001655014,-104.99834498600103,False
gcc_90,GSI-5695,2024-falling,2024,falling,EVENT_YEAR_RELATIVE,0.25,2024-06-11,2024-06-08,2024-06-17,2024-01-01,2024-07-25,3,2024-04-26,739002.268014508,-45.731985492049716,False
gcc_90,GSI-5700,2024-falling,2024,falling,EVENT_YEAR_RELATIVE,0.25,2024-06-11,2024-06-08,2024-06-17,2024-01-01,2024-07-25,2,2024-04-13,738989.230158486,-58.76984151394572,False
gcc_90,GSI-5716,2024-falling,2024,falling,EVENT_YEAR_RELATIVE,0.25,2024-06-11,2024-06-08,2024-06-17,2024-01-01,2024-07-25,2,2024-04-22,738998.434165748,-49.56583425204735,False
gcc_90,GSI-5717,2024-falling,2024,falling,EVENT_YEAR_RELATIVE,0.25,2024-06-11,2024-06-08,2024-06-17,2024-01-01,2024-07-25,2,2024-04-22,738998.434165748,-49.56583425204735,False
gcc_90,GSI-5718,2024-falling,2024,falling,EVENT_YEAR_RELATIVE,0.25,2024-06-11,2024-06-08,2024-06-17,2024-01-01,2024-07-25,2,2024-04-22,738998.434165748,-49.56583425204735,False
gcc_90,GSI-5721,2024-falling,2024,falling,EVENT_YEAR_RELATIVE,0.25,2024-06-11,2024-06-08,2024-06-17,2024-01-01,2024-07-25,2,2024-04-12,738988.238569571,-59.76143042894546,False
gcc_90,GSI-5722,2024-falling,2024,falling,EVENT_YEAR_RELATIVE,0.25,2024-06-11,2024-06-08,2024-06-17,2024-01-01,2024-07-25,2,2024-04-12,738988.238569571,-59.76143042894546,False
gcc_90,GSI-5723,2024-falling,2024,falling,EVENT_YEAR_RELATIVE,0.25,2024-06-11,2024-06-08,2024-06-17,2024-01-01,2024-07-25,2,2024-04-12,738988.238569571,-59.76143042894546,False
gcc_90,GSI-5725,2024-falling,2024,falling,EVENT_YEAR_RELATIVE,0.25,2024-06-11,2024-06-08,2024-06-17,2024-01-01,2024-07-25,2,2024-02-27,738943.001655014,-104.99834498600103,False
gcc_90,GSI-2198,2024-falling,2024,falling,EVENT_YEAR_RELATIVE,0.50,2024-05-09,2024-05-05,2024-05-12,2024-01-01,2024-07-25,1,2024-01-26,738911.182105627,-103.81789437297266,False
gcc_90,GSI-2199,2024-falling,2024,falling,EVENT_YEAR_RELATIVE,0.50,2024-05-09,2024-05-05,2024-05-12,2024-01-01,2024-07-25,1,2024-01-26,738911.182105627,-103.81789437297266,False
gcc_90,GSI-2629,2024-falling,2024,falling,EVENT_YEAR_RELATIVE,0.50,2024-05-09,2024-05-05,2024-05-12,2024-01-01,2024-07-25,3,2024-04-05,738980.824475519,-34.175524480990134,False
gcc_90,GSI-2630,2024-falling,2024,falling,EVENT_YEAR_RELATIVE,0.50,2024-05-09,2024-05-05,2024-05-12,2024-01-01,2024-07-25,3,2024-04-05,738980.824475519,-34.175524480990134,False
gcc_90,GSI-2631,2024-falling,2024,falling,EVENT_YEAR_RELATIVE,0.50,2024-05-09,2024-05-05,2024-05-12,2024-01-01,2024-07-25,3,2024-04-05,738980.824475519,-34.175524480990134,False
gcc_90,GSI-2634,2024-falling,2024,falling,EVENT_YEAR_RELATIVE,0.50,2024-05-09,2024-05-05,2024-05-12,2024-01-01,2024-07-25,3,2024-04-01,738977.146717511,-37.85328248899896,False
gcc_90,GSI-2635,2024-falling,2024,falling,EVENT_YEAR_RELATIVE,0.50,2024-05-09,2024-05-05,2024-05-12,2024-01-01,2024-07-25,3,2024-04-01,738977.146717511,-37.85328248899896,False
gcc_90,GSI-2636,2024-falling,2024,falling,EVENT_YEAR_RELATIVE,0.50,2024-05-09,2024-05-05,2024-05-12,2024-01-01,2024-07-25,3,2024-04-01,738977.146717511,-37.85328248899896,False
gcc_90,GSI-2638,2024-falling,2024,falling,EVENT_YEAR_RELATIVE,0.50,2024-05-09,2024-05-05,2024-05-12,2024-01-01,2024-07-25,1,2024-01-26,738911.174663062,-103.82533693802543,False
gcc_90,GSI-3941,2024-falling,2024,falling,EVENT_YEAR_RELATIVE,0.50,2024-05-09,2024-05-05,2024-05-12,2024-01-01,2024-07-25,1,2024-01-26,738911.133704159,-103.86629584105685,False
gcc_90,GSI-3942,2024-falling,2024,falling,EVENT_YEAR_RELATIVE,0.50,2024-05-09,2024-05-05,2024-05-12,2024-01-01,2024-07-25,1,2024-01-26,738911.133704159,-103.86629584105685,False
gcc_90,GSI-3962,2024-falling,2024,falling,EVENT_YEAR_RELATIVE,0.50,2024-05-09,2024-05-05,2024-05-12,2024-01-01,2024-07-25,1,2024-01-26,738911.182105627,-103.81789437297266,False
gcc_90,GSI-3963,2024-falling,2024,falling,EVENT_YEAR_RELATIVE,0.50,2024-05-09,2024-05-05,2024-05-12,2024-01-01,2024-07-25,1,2024-01-26,738911.182105627,-103.81789437297266,False
gcc_90,GSI-4372,2024-falling,2024,falling,EVENT_YEAR_RELATIVE,0.50,2024-05-09,2024-05-05,2024-05-12,2024-01-01,2024-07-25,3,2024-04-05,738980.988109627,-34.0118903729599,False
gcc_90,GSI-4377,2024-falling,2024,falling,EVENT_YEAR_RELATIVE,0.50,2024-05-09,2024-05-05,2024-05-12,2024-01-01,2024-07-25,3,2024-04-02,738978.030396763,-36.9696032369975,False
gcc_90,GSI-4393,2024-falling,2024,falling,EVENT_YEAR_RELATIVE,0.50,2024-05-09,2024-05-05,2024-05-12,2024-01-01,2024-07-25,3,2024-04-05,738980.839115065,-34.16088493494317,False
gcc_90,GSI-4394,2024-falling,2024,falling,EVENT_YEAR_RELATIVE,0.50,2024-05-09,2024-05-05,2024-05-12,2024-01-01,2024-07-25,3,2024-04-05,738980.839115065,-34.16088493494317,False
gcc_90,GSI-4395,2024-falling,2024,falling,EVENT_YEAR_RELATIVE,0.50,2024-05-09,2024-05-05,2024-05-12,2024-01-01,2024-07-25,3,2024-04-05,738980.839115065,-34.16088493494317,False
gcc_90,GSI-4398,2024-falling,2024,falling,EVENT_YEAR_RELATIVE,0.50,2024-05-09,2024-05-05,2024-05-12,2024-01-01,2024-07-25,3,2024-04-01,738977.167783428,-37.83221657201648,False
gcc_90,GSI-4399,2024-falling,2024,falling,EVENT_YEAR_RELATIVE,0.50,2024-05-09,2024-05-05,2024-05-12,2024-01-01,2024-07-25,3,2024-04-01,738977.167783428,-37.83221657201648,False
gcc_90,GSI-4400,2024-falling,2024,falling,EVENT_YEAR_RELATIVE,0.50,2024-05-09,2024-05-05,2024-05-12,2024-01-01,2024-07-25,3,2024-04-01,738977.167783428,-37.83221657201648,False
gcc_90,GSI-4402,2024-falling,2024,falling,EVENT_YEAR_RELATIVE,0.50,2024-05-09,2024-05-05,2024-05-12,2024-01-01,2024-07-25,1,2024-01-26,738911.182105627,-103.81789437297266,False
gcc_90,GSI-4831,2024-falling,2024,falling,EVENT_YEAR_RELATIVE,0.50,2024-05-09,2024-05-05,2024-05-12,2024-01-01,2024-07-25,3,2024-05-05,739010.652683439,-4.347316561033949,False
gcc_90,GSI-4832,2024-falling,2024,falling,EVENT_YEAR_RELATIVE,0.50,2024-05-09,2024-05-05,2024-05-12,2024-01-01,2024-07-25,3,2024-04-09,738985.494281344,-29.50571865600068,False
gcc_90,GSI-4833,2024-falling,2024,falling,EVENT_YEAR_RELATIVE,0.50,2024-05-09,2024-05-05,2024-05-12,2024-01-01,2024-07-25,3,2024-04-05,738980.818817371,-34.18118262896314,False
gcc_90,GSI-4837,2024-falling,2024,falling,EVENT_YEAR_RELATIVE,0.50,2024-05-09,2024-05-05,2024-05-12,2024-01-01,2024-07-25,2,2024-04-07,738983.215694766,-31.78430523397401,False
gcc_90,GSI-4838,2024-falling,2024,falling,EVENT_YEAR_RELATIVE,0.50,2024-05-09,2024-05-05,2024-05-12,2024-01-01,2024-07-25,3,2024-04-01,738977.138575587,-37.861424413044006,False
gcc_90,GSI-4842,2024-falling,2024,falling,EVENT_YEAR_RELATIVE,0.50,2024-05-09,2024-05-05,2024-05-12,2024-01-01,2024-07-25,1,2024-01-26,738911.171786529,-103.82821347098798,False
gcc_90,GSI-5695,2024-falling,2024,falling,EVENT_YEAR_RELATIVE,0.50,2024-05-09,2024-05-05,2024-05-12,2024-01-01,2024-07-25,3,2024-04-05,738980.988109627,-34.0118903729599,False
gcc_90,GSI-5700,2024-falling,2024,falling,EVENT_YEAR_RELATIVE,0.50,2024-05-09,2024-05-05,2024-05-12,2024-01-01,2024-07-25,3,2024-04-02,738978.030396763,-36.9696032369975,False
gcc_90,GSI-5716,2024-falling,2024,falling,EVENT_YEAR_RELATIVE,0.50,2024-05-09,2024-05-05,2024-05-12,2024-01-01,2024-07-25,3,2024-04-05,738980.839115065,-34.16088493494317,False
gcc_90,GSI-5717,2024-falling,2024,falling,EVENT_YEAR_RELATIVE,0.50,2024-05-09,2024-05-05,2024-05-12,2024-01-01,2024-07-25,3,2024-04-05,738980.839115065,-34.16088493494317,False
gcc_90,GSI-5718,2024-falling,2024,falling,EVENT_YEAR_RELATIVE,0.50,2024-05-09,2024-05-05,2024-05-12,2024-01-01,2024-07-25,3,2024-04-05,738980.839115065,-34.16088493494317,False
gcc_90,GSI-5721,2024-falling,2024,falling,EVENT_YEAR_RELATIVE,0.50,2024-05-09,2024-05-05,2024-05-12,2024-01-01,2024-07-25,3,2024-04-01,738977.167783428,-37.83221657201648,False
gcc_90,GSI-5722,2024-falling,2024,falling,EVENT_YEAR_RELATIVE,0.50,2024-05-09,2024-05-05,2024-05-12,2024-01-01,2024-07-25,3,2024-04-01,738977.167783428,-37.83221657201648,False
gcc_90,GSI-5723,2024-falling,2024,falling,EVENT_YEAR_RELATIVE,0.50,2024-05-09,2024-05-05,2024-05-12,2024-01-01,2024-07-25,3,2024-04-01,738977.167783428,-37.83221657201648,False
gcc_90,GSI-5725,2024-falling,2024,falling,EVENT_YEAR_RELATIVE,0.50,2024-05-09,2024-05-05,2024-05-12,2024-01-01,2024-07-25,1,2024-01-26,738911.182105627,-103.81789437297266,False
gcc_90,GSI-2198,2024-rising,2024,rising,EVENT_YEAR_RELATIVE,0.10,2024-08-19,2024-08-18,2024-08-20,2024-07-25,2025-01-01,1,2024-12-01,739220.677663204,103.67766320402734,False
gcc_90,GSI-2199,2024-rising,2024,rising,EVENT_YEAR_RELATIVE,0.10,2024-08-19,2024-08-18,2024-08-20,2024-07-25,2025-01-01,1,2024-12-01,739220.677663204,103.67766320402734,False
gcc_90,GSI-2629,2024-rising,2024,rising,EVENT_YEAR_RELATIVE,0.10,2024-08-19,2024-08-18,2024-08-20,2024-07-25,2025-01-01,5,2024-09-02,739131.133098261,14.133098260965198,False
gcc_90,GSI-2630,2024-rising,2024,rising,EVENT_YEAR_RELATIVE,0.10,2024-08-19,2024-08-18,2024-08-20,2024-07-25,2025-01-01,5,2024-09-02,739131.133098261,14.133098260965198,False
gcc_90,GSI-2631,2024-rising,2024,rising,EVENT_YEAR_RELATIVE,0.10,2024-08-19,2024-08-18,2024-08-20,2024-07-25,2025-01-01,5,2024-09-02,739131.133098261,14.133098260965198,False
gcc_90,GSI-2634,2024-rising,2024,rising,EVENT_YEAR_RELATIVE,0.10,2024-08-19,2024-08-18,2024-08-20,2024-07-25,2025-01-01,3,2024-10-03,739162.149779207,45.14977920695674,False
gcc_90,GSI-2635,2024-rising,2024,rising,EVENT_YEAR_RELATIVE,0.10,2024-08-19,2024-08-18,2024-08-20,2024-07-25,2025-01-01,3,2024-10-03,739162.149779207,45.14977920695674,False
gcc_90,GSI-2636,2024-rising,2024,rising,EVENT_YEAR_RELATIVE,0.10,2024-08-19,2024-08-18,2024-08-20,2024-07-25,2025-01-01,3,2024-10-03,739162.149779207,45.14977920695674,False
gcc_90,GSI-2638,2024-rising,2024,rising,EVENT_YEAR_RELATIVE,0.10,2024-08-19,2024-08-18,2024-08-20,2024-07-25,2025-01-01,1,2024-12-01,739220.720934602,103.72093460196629,False
gcc_90,GSI-3941,2024-rising,2024,rising,EVENT_YEAR_RELATIVE,0.10,2024-08-19,2024-08-18,2024-08-20,2024-07-25,2025-01-01,1,2024-11-29,739218.953777497,101.95377749705222,False
gcc_90,GSI-3942,2024-rising,2024,rising,EVENT_YEAR_RELATIVE,0.10,2024-08-19,2024-08-18,2024-08-20,2024-07-25,2025-01-01,1,2024-11-29,739218.953777497,101.95377749705222,False
gcc_90,GSI-3962,2024-rising,2024,rising,EVENT_YEAR_RELATIVE,0.10,2024-08-19,2024-08-18,2024-08-20,2024-07-25,2025-01-01,1,2024-12-01,739220.677663204,103.67766320402734,False
gcc_90,GSI-3963,2024-rising,2024,rising,EVENT_YEAR_RELATIVE,0.10,2024-08-19,2024-08-18,2024-08-20,2024-07-25,2025-01-01,1,2024-12-01,739220.677663204,103.67766320402734,False
gcc_90,GSI-4372,2024-rising,2024,rising,EVENT_YEAR_RELATIVE,0.10,2024-08-19,2024-08-18,2024-08-20,2024-07-25,2025-01-01,5,2024-09-02,739130.608567502,13.60856750200037,False
gcc_90,GSI-4377,2024-rising,2024,rising,EVENT_YEAR_RELATIVE,0.10,2024-08-19,2024-08-18,2024-08-20,2024-07-25,2025-01-01,3,2024-10-03,739161.913169243,44.91316924302373,False
gcc_90,GSI-4393,2024-rising,2024,rising,EVENT_YEAR_RELATIVE,0.10,2024-08-19,2024-08-18,2024-08-20,2024-07-25,2025-01-01,5,2024-09-02,739130.570696683,13.570696683018468,False
gcc_90,GSI-4394,2024-rising,2024,rising,EVENT_YEAR_RELATIVE,0.10,2024-08-19,2024-08-18,2024-08-20,2024-07-25,2025-01-01,5,2024-09-02,739130.570696683,13.570696683018468,False
gcc_90,GSI-4395,2024-rising,2024,rising,EVENT_YEAR_RELATIVE,0.10,2024-08-19,2024-08-18,2024-08-20,2024-07-25,2025-01-01,5,2024-09-02,739130.570696683,13.570696683018468,False
gcc_90,GSI-4398,2024-rising,2024,rising,EVENT_YEAR_RELATIVE,0.10,2024-08-19,2024-08-18,2024-08-20,2024-07-25,2025-01-01,3,2024-10-03,739161.887811326,44.887811325956136,False
gcc_90,GSI-4399,2024-rising,2024,rising,EVENT_YEAR_RELATIVE,0.10,2024-08-19,2024-08-18,2024-08-20,2024-07-25,2025-01-01,3,2024-10-03,739161.887811326,44.887811325956136,False
gcc_90,GSI-4400,2024-rising,2024,rising,EVENT_YEAR_RELATIVE,0.10,2024-08-19,2024-08-18,2024-08-20,2024-07-25,2025-01-01,3,2024-10-03,739161.887811326,44.887811325956136,False
gcc_90,GSI-4402,2024-rising,2024,rising,EVENT_YEAR_RELATIVE,0.10,2024-08-19,2024-08-18,2024-08-20,2024-07-25,2025-01-01,1,2024-12-01,739220.677663204,103.67766320402734,False
gcc_90,GSI-4831,2024-rising,2024,rising,EVENT_YEAR_RELATIVE,0.10,2024-08-19,2024-08-18,2024-08-20,2024-07-25,2025-01-01,2,2024-08-17,739114.622665333,-2.3773346670204774,False
gcc_90,GSI-4832,2024-rising,2024,rising,EVENT_YEAR_RELATIVE,0.10,2024-08-19,2024-08-18,2024-08-20,2024-07-25,2025-01-01,3,2024-09-01,739130.142904125,13.142904125037603,False
gcc_90,GSI-4833,2024-rising,2024,rising,EVENT_YEAR_RELATIVE,0.10,2024-08-19,2024-08-18,2024-08-20,2024-07-25,2025-01-01,5,2024-09-02,739131.340206375,14.340206374996342,False
gcc_90,GSI-4837,2024-rising,2024,rising,EVENT_YEAR_RELATIVE,0.10,2024-08-19,2024-08-18,2024-08-20,2024-07-25,2025-01-01,3,2024-09-11,739139.956536906,22.956536905956455,False
gcc_90,GSI-4838,2024-rising,2024,rising,EVENT_YEAR_RELATIVE,0.10,2024-08-19,2024-08-18,2024-08-20,2024-07-25,2025-01-01,3,2024-10-03,739162.298588297,45.2985882969806,False
gcc_90,GSI-4842,2024-rising,2024,rising,EVENT_YEAR_RELATIVE,0.10,2024-08-19,2024-08-18,2024-08-20,2024-07-25,2025-01-01,1,2024-12-01,739220.738293183,103.73829318303615,False
gcc_90,GSI-5695,2024-rising,2024,rising,EVENT_YEAR_RELATIVE,0.10,2024-08-19,2024-08-18,2024-08-20,2024-07-25,2025-01-01,5,2024-09-02,739130.574694684,13.574694684008136,False
gcc_90,GSI-5700,2024-rising,2024,rising,EVENT_YEAR_RELATIVE,0.10,2024-08-19,2024-08-18,2024-08-20,2024-07-25,2025-01-01,3,2024-10-03,739161.913169243,44.91316924302373,False
gcc_90,GSI-5716,2024-rising,2024,rising,EVENT_YEAR_RELATIVE,0.10,2024-08-19,2024-08-18,2024-08-20,2024-07-25,2025-01-01,5,2024-09-02,739130.536823865,13.536823865026236,False
gcc_90,GSI-5717,2024-rising,2024,rising,EVENT_YEAR_RELATIVE,0.10,2024-08-19,2024-08-18,2024-08-20,2024-07-25,2025-01-01,5,2024-09-02,739130.536823865,13.536823865026236,False
gcc_90,GSI-5718,2024-rising,2024,rising,EVENT_YEAR_RELATIVE,0.10,2024-08-19,2024-08-18,2024-08-20,2024-07-25,2025-01-01,5,2024-09-02,739130.536823865,13.536823865026236,False
gcc_90,GSI-5721,2024-rising,2024,rising,EVENT_YEAR_RELATIVE,0.10,2024-08-19,2024-08-18,2024-08-20,2024-07-25,2025-01-01,3,2024-10-03,739161.887811326,44.887811325956136,False
gcc_90,GSI-5722,2024-rising,2024,rising,EVENT_YEAR_RELATIVE,0.10,2024-08-19,2024-08-18,2024-08-20,2024-07-25,2025-01-01,3,2024-10-03,739161.887811326,44.887811325956136,False
gcc_90,GSI-5723,2024-rising,2024,rising,EVENT_YEAR_RELATIVE,0.10,2024-08-19,2024-08-18,2024-08-20,2024-07-25,2025-01-01,3,2024-10-03,739161.887811326,44.887811325956136,False
gcc_90,GSI-5725,2024-rising,2024,rising,EVENT_YEAR_RELATIVE,0.10,2024-08-19,2024-08-18,2024-08-20,2024-07-25,2025-01-01,1,2024-12-01,739220.677663204,103.67766320402734,False
gcc_90,GSI-2198,2024-rising,2024,rising,EVENT_YEAR_RELATIVE,0.25,2024-08-21,2024-08-20,2024-08-22,2024-07-25,2025-01-01,0,,,,False
gcc_90,GSI-2199,2024-rising,2024,rising,EVENT_YEAR_RELATIVE,0.25,2024-08-21,2024-08-20,2024-08-22,2024-07-25,2025-01-01,0,,,,False
gcc_90,GSI-2629,2024-rising,2024,rising,EVENT_YEAR_RELATIVE,0.25,2024-08-21,2024-08-20,2024-08-22,2024-07-25,2025-01-01,0,,,,False
gcc_90,GSI-2630,2024-rising,2024,rising,EVENT_YEAR_RELATIVE,0.25,2024-08-21,2024-08-20,2024-08-22,2024-07-25,2025-01-01,0,,,,False
gcc_90,GSI-2631,2024-rising,2024,rising,EVENT_YEAR_RELATIVE,0.25,2024-08-21,2024-08-20,2024-08-22,2024-07-25,2025-01-01,0,,,,False
gcc_90,GSI-2634,2024-rising,2024,rising,EVENT_YEAR_RELATIVE,0.25,2024-08-21,2024-08-20,2024-08-22,2024-07-25,2025-01-01,0,,,,False
gcc_90,GSI-2635,2024-rising,2024,rising,EVENT_YEAR_RELATIVE,0.25,2024-08-21,2024-08-20,2024-08-22,2024-07-25,2025-01-01,0,,,,False
gcc_90,GSI-2636,2024-rising,2024,rising,EVENT_YEAR_RELATIVE,0.25,2024-08-21,2024-08-20,2024-08-22,2024-07-25,2025-01-01,0,,,,False
gcc_90,GSI-2638,2024-rising,2024,rising,EVENT_YEAR_RELATIVE,0.25,2024-08-21,2024-08-20,2024-08-22,2024-07-25,2025-01-01,0,,,,False
gcc_90,GSI-3941,2024-rising,2024,rising,EVENT_YEAR_RELATIVE,0.25,2024-08-21,2024-08-20,2024-08-22,2024-07-25,2025-01-01,0,,,,False
gcc_90,GSI-3942,2024-rising,2024,rising,EVENT_YEAR_RELATIVE,0.25,2024-08-21,2024-08-20,2024-08-22,2024-07-25,2025-01-01,0,,,,False
gcc_90,GSI-3962,2024-rising,2024,rising,EVENT_YEAR_RELATIVE,0.25,2024-08-21,2024-08-20,2024-08-22,2024-07-25,2025-01-01,0,,,,False
gcc_90,GSI-3963,2024-rising,2024,rising,EVENT_YEAR_RELATIVE,0.25,2024-08-21,2024-08-20,2024-08-22,2024-07-25,2025-01-01,0,,,,False
gcc_90,GSI-4372,2024-rising,2024,rising,EVENT_YEAR_RELATIVE,0.25,2024-08-21,2024-08-20,2024-08-22,2024-07-25,2025-01-01,0,,,,False
gcc_90,GSI-4377,2024-rising,2024,rising,EVENT_YEAR_RELATIVE,0.25,2024-08-21,2024-08-20,2024-08-22,2024-07-25,2025-01-01,0,,,,False
gcc_90,GSI-4393,2024-rising,2024,rising,EVENT_YEAR_RELATIVE,0.25,2024-08-21,2024-08-20,2024-08-22,2024-07-25,2025-01-01,0,,,,False
gcc_90,GSI-4394,2024-rising,2024,rising,EVENT_YEAR_RELATIVE,0.25,2024-08-21,2024-08-20,2024-08-22,2024-07-25,2025-01-01,0,,,,False
gcc_90,GSI-4395,2024-rising,2024,rising,EVENT_YEAR_RELATIVE,0.25,2024-08-21,2024-08-20,2024-08-22,2024-07-25,2025-01-01,0,,,,False
gcc_90,GSI-4398,2024-rising,2024,rising,EVENT_YEAR_RELATIVE,0.25,2024-08-21,2024-08-20,2024-08-22,2024-07-25,2025-01-01,0,,,,False
gcc_90,GSI-4399,2024-rising,2024,rising,EVENT_YEAR_RELATIVE,0.25,2024-08-21,2024-08-20,2024-08-22,2024-07-25,2025-01-01,0,,,,False
gcc_90,GSI-4400,2024-rising,2024,rising,EVENT_YEAR_RELATIVE,0.25,2024-08-21,2024-08-20,2024-08-22,2024-07-25,2025-01-01,0,,,,False
gcc_90,GSI-4402,2024-rising,2024,rising,EVENT_YEAR_RELATIVE,0.25,2024-08-21,2024-08-20,2024-08-22,2024-07-25,2025-01-01,0,,,,False
gcc_90,GSI-4831,2024-rising,2024,rising,EVENT_YEAR_RELATIVE,0.25,2024-08-21,2024-08-20,2024-08-22,2024-07-25,2025-01-01,1,2024-09-01,739130.12708225,11.127082249964587,False
gcc_90,GSI-4832,2024-rising,2024,rising,EVENT_YEAR_RELATIVE,0.25,2024-08-21,2024-08-20,2024-08-22,2024-07-25,2025-01-01,0,,,,False
gcc_90,GSI-4833,2024-rising,2024,rising,EVENT_YEAR_RELATIVE,0.25,2024-08-21,2024-08-20,2024-08-22,2024-07-25,2025-01-01,0,,,,False
gcc_90,GSI-4837,2024-rising,2024,rising,EVENT_YEAR_RELATIVE,0.25,2024-08-21,2024-08-20,2024-08-22,2024-07-25,2025-01-01,0,,,,False
gcc_90,GSI-4838,2024-rising,2024,rising,EVENT_YEAR_RELATIVE,0.25,2024-08-21,2024-08-20,2024-08-22,2024-07-25,2025-01-01,0,,,,False
gcc_90,GSI-4842,2024-rising,2024,rising,EVENT_YEAR_RELATIVE,0.25,2024-08-21,2024-08-20,2024-08-22,2024-07-25,2025-01-01,0,,,,False
gcc_90,GSI-5695,2024-rising,2024,rising,EVENT_YEAR_RELATIVE,0.25,2024-08-21,2024-08-20,2024-08-22,2024-07-25,2025-01-01,0,,,,False
gcc_90,GSI-5700,2024-rising,2024,rising,EVENT_YEAR_RELATIVE,0.25,2024-08-21,2024-08-20,2024-08-22,2024-07-25,2025-01-01,0,,,,False
gcc_90,GSI-5716,2024-rising,2024,rising,EVENT_YEAR_RELATIVE,0.25,2024-08-21,2024-08-20,2024-08-22,2024-07-25,2025-01-01,0,,,,False
gcc_90,GSI-5717,2024-rising,2024,rising,EVENT_YEAR_RELATIVE,0.25,2024-08-21,2024-08-20,2024-08-22,2024-07-25,2025-01-01,0,,,,False
gcc_90,GSI-5718,2024-rising,2024,rising,EVENT_YEAR_RELATIVE,0.25,2024-08-21,2024-08-20,2024-08-22,2024-07-25,2025-01-01,0,,,,False
gcc_90,GSI-5721,2024-rising,2024,rising,EVENT_YEAR_RELATIVE,0.25,2024-08-21,2024-08-20,2024-08-22,2024-07-25,2025-01-01,0,,,,False
gcc_90,GSI-5722,2024-rising,2024,rising,EVENT_YEAR_RELATIVE,0.25,2024-08-21,2024-08-20,2024-08-22,2024-07-25,2025-01-01,0,,,,False
gcc_90,GSI-5723,2024-rising,2024,rising,EVENT_YEAR_RELATIVE,0.25,2024-08-21,2024-08-20,2024-08-22,2024-07-25,2025-01-01,0,,,,False
gcc_90,GSI-5725,2024-rising,2024,rising,EVENT_YEAR_RELATIVE,0.25,2024-08-21,2024-08-20,2024-08-22,2024-07-25,2025-01-01,0,,,,False
gcc_90,GSI-2198,2024-rising,2024,rising,EVENT_YEAR_RELATIVE,0.50,2024-08-24,2024-08-23,2024-08-25,2024-07-25,2025-01-01,0,,,,False
gcc_90,GSI-2199,2024-rising,2024,rising,EVENT_YEAR_RELATIVE,0.50,2024-08-24,2024-08-23,2024-08-25,2024-07-25,2025-01-01,0,,,,False
gcc_90,GSI-2629,2024-rising,2024,rising,EVENT_YEAR_RELATIVE,0.50,2024-08-24,2024-08-23,2024-08-25,2024-07-25,2025-01-01,0,,,,False
gcc_90,GSI-2630,2024-rising,2024,rising,EVENT_YEAR_RELATIVE,0.50,2024-08-24,2024-08-23,2024-08-25,2024-07-25,2025-01-01,0,,,,False
gcc_90,GSI-2631,2024-rising,2024,rising,EVENT_YEAR_RELATIVE,0.50,2024-08-24,2024-08-23,2024-08-25,2024-07-25,2025-01-01,0,,,,False
gcc_90,GSI-2634,2024-rising,2024,rising,EVENT_YEAR_RELATIVE,0.50,2024-08-24,2024-08-23,2024-08-25,2024-07-25,2025-01-01,0,,,,False
gcc_90,GSI-2635,2024-rising,2024,rising,EVENT_YEAR_RELATIVE,0.50,2024-08-24,2024-08-23,2024-08-25,2024-07-25,2025-01-01,0,,,,False
gcc_90,GSI-2636,2024-rising,2024,rising,EVENT_YEAR_RELATIVE,0.50,2024-08-24,2024-08-23,2024-08-25,2024-07-25,2025-01-01,0,,,,False
gcc_90,GSI-2638,2024-rising,2024,rising,EVENT_YEAR_RELATIVE,0.50,2024-08-24,2024-08-23,2024-08-25,2024-07-25,2025-01-01,0,,,,False
gcc_90,GSI-3941,2024-rising,2024,rising,EVENT_YEAR_RELATIVE,0.50,2024-08-24,2024-08-23,2024-08-25,2024-07-25,2025-01-01,0,,,,False
gcc_90,GSI-3942,2024-rising,2024,rising,EVENT_YEAR_RELATIVE,0.50,2024-08-24,2024-08-23,2024-08-25,2024-07-25,2025-01-01,0,,,,False
gcc_90,GSI-3962,2024-rising,2024,rising,EVENT_YEAR_RELATIVE,0.50,2024-08-24,2024-08-23,2024-08-25,2024-07-25,2025-01-01,0,,,,False
gcc_90,GSI-3963,2024-rising,2024,rising,EVENT_YEAR_RELATIVE,0.50,2024-08-24,2024-08-23,2024-08-25,2024-07-25,2025-01-01,0,,,,False
gcc_90,GSI-4372,2024-rising,2024,rising,EVENT_YEAR_RELATIVE,0.50,2024-08-24,2024-08-23,2024-08-25,2024-07-25,2025-01-01,0,,,,False
gcc_90,GSI-4377,2024-rising,2024,rising,EVENT_YEAR_RELATIVE,0.50,2024-08-24,2024-08-23,2024-08-25,2024-07-25,2025-01-01,0,,,,False
gcc_90,GSI-4393,2024-rising,2024,rising,EVENT_YEAR_RELATIVE,0.50,2024-08-24,2024-08-23,2024-08-25,2024-07-25,2025-01-01,0,,,,False
gcc_90,GSI-4394,2024-rising,2024,rising,EVENT_YEAR_RELATIVE,0.50,2024-08-24,2024-08-23,2024-08-25,2024-07-25,2025-01-01,0,,,,False
gcc_90,GSI-4395,2024-rising,2024,rising,EVENT_YEAR_RELATIVE,0.50,2024-08-24,2024-08-23,2024-08-25,2024-07-25,2025-01-01,0,,,,False
gcc_90,GSI-4398,2024-rising,2024,rising,EVENT_YEAR_RELATIVE,0.50,2024-08-24,2024-08-23,2024-08-25,2024-07-25,2025-01-01,0,,,,False
gcc_90,GSI-4399,2024-rising,2024,rising,EVENT_YEAR_RELATIVE,0.50,2024-08-24,2024-08-23,2024-08-25,2024-07-25,2025-01-01,0,,,,False
gcc_90,GSI-4400,2024-rising,2024,rising,EVENT_YEAR_RELATIVE,0.50,2024-08-24,2024-08-23,2024-08-25,2024-07-25,2025-01-01,0,,,,False
gcc_90,GSI-4402,2024-rising,2024,rising,EVENT_YEAR_RELATIVE,0.50,2024-08-24,2024-08-23,2024-08-25,2024-07-25,2025-01-01,0,,,,False
gcc_90,GSI-4831,2024-rising,2024,rising,EVENT_YEAR_RELATIVE,0.50,2024-08-24,2024-08-23,2024-08-25,2024-07-25,2025-01-01,0,,,,False
gcc_90,GSI-4832,2024-rising,2024,rising,EVENT_YEAR_RELATIVE,0.50,2024-08-24,2024-08-23,2024-08-25,2024-07-25,2025-01-01,0,,,,False
gcc_90,GSI-4833,2024-rising,2024,rising,EVENT_YEAR_RELATIVE,0.50,2024-08-24,2024-08-23,2024-08-25,2024-07-25,2025-01-01,0,,,,False
gcc_90,GSI-4837,2024-rising,2024,rising,EVENT_YEAR_RELATIVE,0.50,2024-08-24,2024-08-23,2024-08-25,2024-07-25,2025-01-01,0,,,,False
gcc_90,GSI-4838,2024-rising,2024,rising,EVENT_YEAR_RELATIVE,0.50,2024-08-24,2024-08-23,2024-08-25,2024-07-25,2025-01-01,0,,,,False
gcc_90,GSI-4842,2024-rising,2024,rising,EVENT_YEAR_RELATIVE,0.50,2024-08-24,2024-08-23,2024-08-25,2024-07-25,2025-01-01,0,,,,False
gcc_90,GSI-5695,2024-rising,2024,rising,EVENT_YEAR_RELATIVE,0.50,2024-08-24,2024-08-23,2024-08-25,2024-07-25,2025-01-01,0,,,,False
gcc_90,GSI-5700,2024-rising,2024,rising,EVENT_YEAR_RELATIVE,0.50,2024-08-24,2024-08-23,2024-08-25,2024-07-25,2025-01-01,0,,,,False
gcc_90,GSI-5716,2024-rising,2024,rising,EVENT_YEAR_RELATIVE,0.50,2024-08-24,2024-08-23,2024-08-25,2024-07-25,2025-01-01,0,,,,False
gcc_90,GSI-5717,2024-rising,2024,rising,EVENT_YEAR_RELATIVE,0.50,2024-08-24,2024-08-23,2024-08-25,2024-07-25,2025-01-01,0,,,,False
gcc_90,GSI-5718,2024-rising,2024,rising,EVENT_YEAR_RELATIVE,0.50,2024-08-24,2024-08-23,2024-08-25,2024-07-25,2025-01-01,0,,,,False
gcc_90,GSI-5721,2024-rising,2024,rising,EVENT_YEAR_RELATIVE,0.50,2024-08-24,2024-08-23,2024-08-25,2024-07-25,2025-01-01,0,,,,False
gcc_90,GSI-5722,2024-rising,2024,rising,EVENT_YEAR_RELATIVE,0.50,2024-08-24,2024-08-23,2024-08-25,2024-07-25,2025-01-01,0,,,,False
gcc_90,GSI-5723,2024-rising,2024,rising,EVENT_YEAR_RELATIVE,0.50,2024-08-24,2024-08-23,2024-08-25,2024-07-25,2025-01-01,0,,,,False
gcc_90,GSI-5725,2024-rising,2024,rising,EVENT_YEAR_RELATIVE,0.50,2024-08-24,2024-08-23,2024-08-25,2024-07-25,2025-01-01,0,,,,False
gcc_90,GSI-2198,2025-falling,2025,falling,EVENT_YEAR_RELATIVE,0.10,2025-07-15,2025-07-09,2025-07-31,2025-01-01,2025-08-07,1,2025-03-11,739320.532031911,-126.46796808904037,False
gcc_90,GSI-2199,2025-falling,2025,falling,EVENT_YEAR_RELATIVE,0.10,2025-07-15,2025-07-09,2025-07-31,2025-01-01,2025-08-07,1,2025-03-11,739320.532031911,-126.46796808904037,False
gcc_90,GSI-2629,2025-falling,2025,falling,EVENT_YEAR_RELATIVE,0.10,2025-07-15,2025-07-09,2025-07-31,2025-01-01,2025-08-07,1,2025-04-30,739371.291966108,-75.70803389197681,False
gcc_90,GSI-2630,2025-falling,2025,falling,EVENT_YEAR_RELATIVE,0.10,2025-07-15,2025-07-09,2025-07-31,2025-01-01,2025-08-07,1,2025-04-30,739371.291966108,-75.70803389197681,False
gcc_90,GSI-2631,2025-falling,2025,falling,EVENT_YEAR_RELATIVE,0.10,2025-07-15,2025-07-09,2025-07-31,2025-01-01,2025-08-07,1,2025-04-30,739371.291966108,-75.70803389197681,False
gcc_90,GSI-2634,2025-falling,2025,falling,EVENT_YEAR_RELATIVE,0.10,2025-07-15,2025-07-09,2025-07-31,2025-01-01,2025-08-07,1,2025-04-15,739356.233780639,-90.76621936098672,False
gcc_90,GSI-2635,2025-falling,2025,falling,EVENT_YEAR_RELATIVE,0.10,2025-07-15,2025-07-09,2025-07-31,2025-01-01,2025-08-07,1,2025-04-15,739356.233780639,-90.76621936098672,False
gcc_90,GSI-2636,2025-falling,2025,falling,EVENT_YEAR_RELATIVE,0.10,2025-07-15,2025-07-09,2025-07-31,2025-01-01,2025-08-07,1,2025-04-15,739356.233780639,-90.76621936098672,False
gcc_90,GSI-2638,2025-falling,2025,falling,EVENT_YEAR_RELATIVE,0.10,2025-07-15,2025-07-09,2025-07-31,2025-01-01,2025-08-07,1,2025-03-11,739320.546605,-126.45339499996044,False
gcc_90,GSI-3941,2025-falling,2025,falling,EVENT_YEAR_RELATIVE,0.10,2025-07-15,2025-07-09,2025-07-31,2025-01-01,2025-08-07,1,2025-03-11,739320.520831564,-126.47916843602434,False
gcc_90,GSI-3942,2025-falling,2025,falling,EVENT_YEAR_RELATIVE,0.10,2025-07-15,2025-07-09,2025-07-31,2025-01-01,2025-08-07,1,2025-03-11,739320.520831564,-126.47916843602434,False
gcc_90,GSI-3962,2025-falling,2025,falling,EVENT_YEAR_RELATIVE,0.10,2025-07-15,2025-07-09,2025-07-31,2025-01-01,2025-08-07,1,2025-03-11,739320.532031911,-126.46796808904037,False
gcc_90,GSI-3963,2025-falling,2025,falling,EVENT_YEAR_RELATIVE,0.10,2025-07-15,2025-07-09,2025-07-31,2025-01-01,2025-08-07,1,2025-03-11,739320.532031911,-126.46796808904037,False
gcc_90,GSI-4372,2025-falling,2025,falling,EVENT_YEAR_RELATIVE,0.10,2025-07-15,2025-07-09,2025-07-31,2025-01-01,2025-08-07,1,2025-04-28,739369.057605435,-77.94239456497598,False
gcc_90,GSI-4377,2025-falling,2025,falling,EVENT_YEAR_RELATIVE,0.10,2025-07-15,2025-07-09,2025-07-31,2025-01-01,2025-08-07,1,2025-04-13,739354.171833339,-92.82816666096915,False
gcc_90,GSI-4393,2025-falling,2025,falling,EVENT_YEAR_RELATIVE,0.10,2025-07-15,2025-07-09,2025-07-31,2025-01-01,2025-08-07,1,2025-04-30,739371.305844755,-75.69415524497163,False
gcc_90,GSI-4394,2025-falling,2025,falling,EVENT_YEAR_RELATIVE,0.10,2025-07-15,2025-07-09,2025-07-31,2025-01-01,2025-08-07,1,2025-04-30,739371.305844755,-75.69415524497163,False
gcc_90,GSI-4395,2025-falling,2025,falling,EVENT_YEAR_RELATIVE,0.10,2025-07-15,2025-07-09,2025-07-31,2025-01-01,2025-08-07,1,2025-04-30,739371.305844755,-75.69415524497163,False
gcc_90,GSI-4398,2025-falling,2025,falling,EVENT_YEAR_RELATIVE,0.10,2025-07-15,2025-07-09,2025-07-31,2025-01-01,2025-08-07,1,2025-04-15,739356.231273284,-90.76872671605088,False
gcc_90,GSI-4399,2025-falling,2025,falling,EVENT_YEAR_RELATIVE,0.10,2025-07-15,2025-07-09,2025-07-31,2025-01-01,2025-08-07,1,2025-04-15,739356.231273284,-90.76872671605088,False
gcc_90,GSI-4400,2025-falling,2025,falling,EVENT_YEAR_RELATIVE,0.10,2025-07-15,2025-07-09,2025-07-31,2025-01-01,2025-08-07,1,2025-04-15,739356.231273284,-90.76872671605088,False
gcc_90,GSI-4402,2025-falling,2025,falling,EVENT_YEAR_RELATIVE,0.10,2025-07-15,2025-07-09,2025-07-31,2025-01-01,2025-08-07,1,2025-03-11,739320.532031911,-126.46796808904037,False
gcc_90,GSI-4831,2025-falling,2025,falling,EVENT_YEAR_RELATIVE,0.10,2025-07-15,2025-07-09,2025-07-31,2025-01-01,2025-08-07,1,2025-05-17,739387.530874258,-59.46912574197631,False
gcc_90,GSI-4832,2025-falling,2025,falling,EVENT_YEAR_RELATIVE,0.10,2025-07-15,2025-07-09,2025-07-31,2025-01-01,2025-08-07,1,2025-05-05,739375.669497503,-71.33050249703228,False
gcc_90,GSI-4833,2025-falling,2025,falling,EVENT_YEAR_RELATIVE,0.10,2025-07-15,2025-07-09,2025-07-31,2025-01-01,2025-08-07,1,2025-04-30,739371.286602046,-75.71339795400854,False
gcc_90,GSI-4837,2025-falling,2025,falling,EVENT_YEAR_RELATIVE,0.10,2025-07-15,2025-07-09,2025-07-31,2025-01-01,2025-08-07,1,2025-04-25,739365.966271697,-81.03372830303852,False
gcc_90,GSI-4838,2025-falling,2025,falling,EVENT_YEAR_RELATIVE,0.10,2025-07-15,2025-07-09,2025-07-31,2025-01-01,2025-08-07,1,2025-04-15,739356.234749726,-90.7652502739802,False
gcc_90,GSI-4842,2025-falling,2025,falling,EVENT_YEAR_RELATIVE,0.10,2025-07-15,2025-07-09,2025-07-31,2025-01-01,2025-08-07,1,2025-03-11,739320.552237463,-126.44776253704913,False
gcc_90,GSI-5695,2025-falling,2025,falling,EVENT_YEAR_RELATIVE,0.10,2025-07-15,2025-07-09,2025-07-31,2025-01-01,2025-08-07,1,2025-04-28,739369.057605435,-77.94239456497598,False
gcc_90,GSI-5700,2025-falling,2025,falling,EVENT_YEAR_RELATIVE,0.10,2025-07-15,2025-07-09,2025-07-31,2025-01-01,2025-08-07,1,2025-04-13,739354.171833339,-92.82816666096915,False
gcc_90,GSI-5716,2025-falling,2025,falling,EVENT_YEAR_RELATIVE,0.10,2025-07-15,2025-07-09,2025-07-31,2025-01-01,2025-08-07,1,2025-04-30,739371.305844755,-75.69415524497163,False
gcc_90,GSI-5717,2025-falling,2025,falling,EVENT_YEAR_RELATIVE,0.10,2025-07-15,2025-07-09,2025-07-31,2025-01-01,2025-08-07,1,2025-04-30,739371.305844755,-75.69415524497163,False
gcc_90,GSI-5718,2025-falling,2025,falling,EVENT_YEAR_RELATIVE,0.10,2025-07-15,2025-07-09,2025-07-31,2025-01-01,2025-08-07,1,2025-04-30,739371.305844755,-75.69415524497163,False
gcc_90,GSI-5721,2025-falling,2025,falling,EVENT_YEAR_RELATIVE,0.10,2025-07-15,2025-07-09,2025-07-31,2025-01-01,2025-08-07,1,2025-04-15,739356.231273284,-90.76872671605088,False
gcc_90,GSI-5722,2025-falling,2025,falling,EVENT_YEAR_RELATIVE,0.10,2025-07-15,2025-07-09,2025-07-31,2025-01-01,2025-08-07,1,2025-04-15,739356.231273284,-90.76872671605088,False
gcc_90,GSI-5723,2025-falling,2025,falling,EVENT_YEAR_RELATIVE,0.10,2025-07-15,2025-07-09,2025-07-31,2025-01-01,2025-08-07,1,2025-04-15,739356.231273284,-90.76872671605088,False
gcc_90,GSI-5725,2025-falling,2025,falling,EVENT_YEAR_RELATIVE,0.10,2025-07-15,2025-07-09,2025-07-31,2025-01-01,2025-08-07,1,2025-03-11,739320.532031911,-126.46796808904037,False
gcc_90,GSI-2198,2025-falling,2025,falling,EVENT_YEAR_RELATIVE,0.25,2025-07-05,2025-07-03,2025-07-06,2025-01-01,2025-08-07,1,2025-03-03,739313.083331508,-123.91666849202011,False
gcc_90,GSI-2199,2025-falling,2025,falling,EVENT_YEAR_RELATIVE,0.25,2025-07-05,2025-07-03,2025-07-06,2025-01-01,2025-08-07,1,2025-03-03,739313.083331508,-123.91666849202011,False
gcc_90,GSI-2629,2025-falling,2025,falling,EVENT_YEAR_RELATIVE,0.25,2025-07-05,2025-07-03,2025-07-06,2025-01-01,2025-08-07,1,2025-04-07,739348.349130416,-88.65086958394386,False
gcc_90,GSI-2630,2025-falling,2025,falling,EVENT_YEAR_RELATIVE,0.25,2025-07-05,2025-07-03,2025-07-06,2025-01-01,2025-08-07,1,2025-04-07,739348.349130416,-88.65086958394386,False
gcc_90,GSI-2631,2025-falling,2025,falling,EVENT_YEAR_RELATIVE,0.25,2025-07-05,2025-07-03,2025-07-06,2025-01-01,2025-08-07,1,2025-04-07,739348.349130416,-88.65086958394386,False
gcc_90,GSI-2634,2025-falling,2025,falling,EVENT_YEAR_RELATIVE,0.25,2025-07-05,2025-07-03,2025-07-06,2025-01-01,2025-08-07,1,2025-04-04,739345.374726102,-91.62527389801107,False
gcc_90,GSI-2635,2025-falling,2025,falling,EVENT_YEAR_RELATIVE,0.25,2025-07-05,2025-07-03,2025-07-06,2025-01-01,2025-08-07,1,2025-04-04,739345.374726102,-91.62527389801107,False
gcc_90,GSI-2636,2025-falling,2025,falling,EVENT_YEAR_RELATIVE,0.25,2025-07-05,2025-07-03,2025-07-06,2025-01-01,2025-08-07,1,2025-04-04,739345.374726102,-91.62527389801107,False
gcc_90,GSI-2638,2025-falling,2025,falling,EVENT_YEAR_RELATIVE,0.25,2025-07-05,2025-07-03,2025-07-06,2025-01-01,2025-08-07,1,2025-03-03,739313.095160418,-123.90483958204277,False
gcc_90,GSI-3941,2025-falling,2025,falling,EVENT_YEAR_RELATIVE,0.25,2025-07-05,2025-07-03,2025-07-06,2025-01-01,2025-08-07,1,2025-03-02,739312.343523422,-124.65647657797672,False
gcc_90,GSI-3942,2025-falling,2025,falling,EVENT_YEAR_RELATIVE,0.25,2025-07-05,2025-07-03,2025-07-06,2025-01-01,2025-08-07,1,2025-03-02,739312.343523422,-124.65647657797672,False
gcc_90,GSI-3962,2025-falling,2025,falling,EVENT_YEAR_RELATIVE,0.25,2025-07-05,2025-07-03,2025-07-06,2025-01-01,2025-08-07,1,2025-03-03,739313.083331508,-123.91666849202011,False
gcc_90,GSI-3963,2025-falling,2025,falling,EVENT_YEAR_RELATIVE,0.25,2025-07-05,2025-07-03,2025-07-06,2025-01-01,2025-08-07,1,2025-03-03,739313.083331508,-123.91666849202011,False
gcc_90,GSI-4372,2025-falling,2025,falling,EVENT_YEAR_RELATIVE,0.25,2025-07-05,2025-07-03,2025-07-06,2025-01-01,2025-08-07,1,2025-04-05,739346.092831461,-90.90716853900813,False
gcc_90,GSI-4377,2025-falling,2025,falling,EVENT_YEAR_RELATIVE,0.25,2025-07-05,2025-07-03,2025-07-06,2025-01-01,2025-08-07,1,2025-04-03,739344.135562133,-92.864437866956,False
gcc_90,GSI-4393,2025-falling,2025,falling,EVENT_YEAR_RELATIVE,0.25,2025-07-05,2025-07-03,2025-07-06,2025-01-01,2025-08-07,1,2025-04-07,739348.416696555,-88.58330344501883,False
gcc_90,GSI-4394,2025-falling,2025,falling,EVENT_YEAR_RELATIVE,0.25,2025-07-05,2025-07-03,2025-07-06,2025-01-01,2025-08-07,1,2025-04-07,739348.416696555,-88.58330344501883,False
gcc_90,GSI-4395,2025-falling,2025,falling,EVENT_YEAR_RELATIVE,0.25,2025-07-05,2025-07-03,2025-07-06,2025-01-01,2025-08-07,1,2025-04-07,739348.416696555,-88.58330344501883,False
gcc_90,GSI-4398,2025-falling,2025,falling,EVENT_YEAR_RELATIVE,0.25,2025-07-05,2025-07-03,2025-07-06,2025-01-01,2025-08-07,1,2025-04-05,739345.533191252,-91.46680874796584,False
gcc_90,GSI-4399,2025-falling,2025,falling,EVENT_YEAR_RELATIVE,0.25,2025-07-05,2025-07-03,2025-07-06,2025-01-01,2025-08-07,1,2025-04-05,739345.533191252,-91.46680874796584,False
gcc_90,GSI-4400,2025-falling,2025,falling,EVENT_YEAR_RELATIVE,0.25,2025-07-05,2025-07-03,2025-07-06,2025-01-01,2025-08-07,1,2025-04-05,739345.533191252,-91.46680874796584,False
gcc_90,GSI-4402,2025-falling,2025,falling,EVENT_YEAR_RELATIVE,0.25,2025-07-05,2025-07-03,2025-07-06,2025-01-01,2025-08-07,1,2025-03-03,739313.083331508,-123.91666849202011,False
gcc_90,GSI-4831,2025-falling,2025,falling,EVENT_YEAR_RELATIVE,0.25,2025-07-05,2025-07-03,2025-07-06,2025-01-01,2025-08-07,1,2025-05-10,739381.37846432,-55.62153568002395,False
gcc_90,GSI-4832,2025-falling,2025,falling,EVENT_YEAR_RELATIVE,0.25,2025-07-05,2025-07-03,2025-07-06,2025-01-01,2025-08-07,1,2025-04-13,739354.059829821,-82.94017017900478,False
gcc_90,GSI-4833,2025-falling,2025,falling,EVENT_YEAR_RELATIVE,0.25,2025-07-05,2025-07-03,2025-07-06,2025-01-01,2025-08-07,1,2025-04-07,739348.319620856,-88.68037914403249,False
gcc_90,GSI-4837,2025-falling,2025,falling,EVENT_YEAR_RELATIVE,0.25,2025-07-05,2025-07-03,2025-07-06,2025-01-01,2025-08-07,1,2025-04-10,739351.305947006,-85.69405299401842,False
gcc_90,GSI-4838,2025-falling,2025,falling,EVENT_YEAR_RELATIVE,0.25,2025-07-05,2025-07-03,2025-07-06,2025-01-01,2025-08-07,1,2025-04-04,739345.313561639,-91.68643836094998,False
gcc_90,GSI-4842,2025-falling,2025,falling,EVENT_YEAR_RELATIVE,0.25,2025-07-05,2025-07-03,2025-07-06,2025-01-01,2025-08-07,1,2025-03-03,739313.099732262,-123.90026773803402,False
gcc_90,GSI-5695,2025-falling,2025,falling,EVENT_YEAR_RELATIVE,0.25,2025-07-05,2025-07-03,2025-07-06,2025-01-01,2025-08-07,1,2025-04-05,739346.092831461,-90.90716853900813,False
gcc_90,GSI-5700,2025-falling,2025,falling,EVENT_YEAR_RELATIVE,0.25,2025-07-05,2025-07-03,2025-07-06,2025-01-01,2025-08-07,1,2025-04-03,739344.135562133,-92.864437866956,False
gcc_90,GSI-5716,2025-falling,2025,falling,EVENT_YEAR_RELATIVE,0.25,2025-07-05,2025-07-03,2025-07-06,2025-01-01,2025-08-07,1,2025-04-07,739348.416696555,-88.58330344501883,False
gcc_90,GSI-5717,2025-falling,2025,falling,EVENT_YEAR_RELATIVE,0.25,2025-07-05,2025-07-03,2025-07-06,2025-01-01,2025-08-07,1,2025-04-07,739348.416696555,-88.58330344501883,False
gcc_90,GSI-5718,2025-falling,2025,falling,EVENT_YEAR_RELATIVE,0.25,2025-07-05,2025-07-03,2025-07-06,2025-01-01,2025-08-07,1,2025-04-07,739348.416696555,-88.58330344501883,False
gcc_90,GSI-5721,2025-falling,2025,falling,EVENT_YEAR_RELATIVE,0.25,2025-07-05,2025-07-03,2025-07-06,2025-01-01,2025-08-07,1,2025-04-05,739345.533191252,-91.46680874796584,False
gcc_90,GSI-5722,2025-falling,2025,falling,EVENT_YEAR_RELATIVE,0.25,2025-07-05,2025-07-03,2025-07-06,2025-01-01,2025-08-07,1,2025-04-05,739345.533191252,-91.46680874796584,False
gcc_90,GSI-5723,2025-falling,2025,falling,EVENT_YEAR_RELATIVE,0.25,2025-07-05,2025-07-03,2025-07-06,2025-01-01,2025-08-07,1,2025-04-05,739345.533191252,-91.46680874796584,False
gcc_90,GSI-5725,2025-falling,2025,falling,EVENT_YEAR_RELATIVE,0.25,2025-07-05,2025-07-03,2025-07-06,2025-01-01,2025-08-07,1,2025-03-03,739313.083331508,-123.91666849202011,False
gcc_90,GSI-2198,2025-falling,2025,falling,EVENT_YEAR_RELATIVE,0.50,2025-05-22,2025-05-19,2025-05-26,2025-01-01,2025-08-07,1,2025-02-23,739305.411224007,-87.58877599297557,False
gcc_90,GSI-2199,2025-falling,2025,falling,EVENT_YEAR_RELATIVE,0.50,2025-05-22,2025-05-19,2025-05-26,2025-01-01,2025-08-07,1,2025-02-23,739305.411224007,-87.58877599297557,False
gcc_90,GSI-2629,2025-falling,2025,falling,EVENT_YEAR_RELATIVE,0.50,2025-05-22,2025-05-19,2025-05-26,2025-01-01,2025-08-07,1,2025-03-26,739335.913970071,-57.0860299289925,False
gcc_90,GSI-2630,2025-falling,2025,falling,EVENT_YEAR_RELATIVE,0.50,2025-05-22,2025-05-19,2025-05-26,2025-01-01,2025-08-07,1,2025-03-26,739335.913970071,-57.0860299289925,False
gcc_90,GSI-2631,2025-falling,2025,falling,EVENT_YEAR_RELATIVE,0.50,2025-05-22,2025-05-19,2025-05-26,2025-01-01,2025-08-07,1,2025-03-26,739335.913970071,-57.0860299289925,False
gcc_90,GSI-2634,2025-falling,2025,falling,EVENT_YEAR_RELATIVE,0.50,2025-05-22,2025-05-19,2025-05-26,2025-01-01,2025-08-07,1,2025-03-22,739331.994745829,-61.005254170973785,False
gcc_90,GSI-2635,2025-falling,2025,falling,EVENT_YEAR_RELATIVE,0.50,2025-05-22,2025-05-19,2025-05-26,2025-01-01,2025-08-07,1,2025-03-22,739331.994745829,-61.005254170973785,False
gcc_90,GSI-2636,2025-falling,2025,falling,EVENT_YEAR_RELATIVE,0.50,2025-05-22,2025-05-19,2025-05-26,2025-01-01,2025-08-07,1,2025-03-22,739331.994745829,-61.005254170973785,False
gcc_90,GSI-2638,2025-falling,2025,falling,EVENT_YEAR_RELATIVE,0.50,2025-05-22,2025-05-19,2025-05-26,2025-01-01,2025-08-07,1,2025-02-23,739305.389613156,-87.61038684402592,False
gcc_90,GSI-3941,2025-falling,2025,falling,EVENT_YEAR_RELATIVE,0.50,2025-05-22,2025-05-19,2025-05-26,2025-01-01,2025-08-07,1,2025-02-21,739303.326204482,-89.67379551799968,False
gcc_90,GSI-3942,2025-falling,2025,falling,EVENT_YEAR_RELATIVE,0.50,2025-05-22,2025-05-19,2025-05-26,2025-01-01,2025-08-07,1,2025-02-21,739303.326204482,-89.67379551799968,False
gcc_90,GSI-3962,2025-falling,2025,falling,EVENT_YEAR_RELATIVE,0.50,2025-05-22,2025-05-19,2025-05-26,2025-01-01,2025-08-07,1,2025-02-23,739305.411224007,-87.58877599297557,False
gcc_90,GSI-3963,2025-falling,2025,falling,EVENT_YEAR_RELATIVE,0.50,2025-05-22,2025-05-19,2025-05-26,2025-01-01,2025-08-07,1,2025-02-23,739305.411224007,-87.58877599297557,False
gcc_90,GSI-4372,2025-falling,2025,falling,EVENT_YEAR_RELATIVE,0.50,2025-05-22,2025-05-19,2025-05-26,2025-01-01,2025-08-07,1,2025-03-24,739333.831482915,-59.16851708502509,False
gcc_90,GSI-4377,2025-falling,2025,falling,EVENT_YEAR_RELATIVE,0.50,2025-05-22,2025-05-19,2025-05-26,2025-01-01,2025-08-07,1,2025-03-21,739330.934662836,-62.065337163978256,False
gcc_90,GSI-4393,2025-falling,2025,falling,EVENT_YEAR_RELATIVE,0.50,2025-05-22,2025-05-19,2025-05-26,2025-01-01,2025-08-07,1,2025-03-26,739336.080663552,-56.9193364479579,False
gcc_90,GSI-4394,2025-falling,2025,falling,EVENT_YEAR_RELATIVE,0.50,2025-05-22,2025-05-19,2025-05-26,2025-01-01,2025-08-07,1,2025-03-26,739336.080663552,-56.9193364479579,False
gcc_90,GSI-4395,2025-falling,2025,falling,EVENT_YEAR_RELATIVE,0.50,2025-05-22,2025-05-19,2025-05-26,2025-01-01,2025-08-07,1,2025-03-26,739336.080663552,-56.9193364479579,False
gcc_90,GSI-4398,2025-falling,2025,falling,EVENT_YEAR_RELATIVE,0.50,2025-05-22,2025-05-19,2025-05-26,2025-01-01,2025-08-07,1,2025-03-22,739332.195000701,-60.804999298998155,False
gcc_90,GSI-4399,2025-falling,2025,falling,EVENT_YEAR_RELATIVE,0.50,2025-05-22,2025-05-19,2025-05-26,2025-01-01,2025-08-07,1,2025-03-22,739332.195000701,-60.804999298998155,False
gcc_90,GSI-4400,2025-falling,2025,falling,EVENT_YEAR_RELATIVE,0.50,2025-05-22,2025-05-19,2025-05-26,2025-01-01,2025-08-07,1,2025-03-22,739332.195000701,-60.804999298998155,False
gcc_90,GSI-4402,2025-falling,2025,falling,EVENT_YEAR_RELATIVE,0.50,2025-05-22,2025-05-19,2025-05-26,2025-01-01,2025-08-07,1,2025-02-23,739305.411224007,-87.58877599297557,False
gcc_90,GSI-4831,2025-falling,2025,falling,EVENT_YEAR_RELATIVE,0.50,2025-05-22,2025-05-19,2025-05-26,2025-01-01,2025-08-07,2,2025-04-30,739370.934831534,-22.06516846595332,False
gcc_90,GSI-4832,2025-falling,2025,falling,EVENT_YEAR_RELATIVE,0.50,2025-05-22,2025-05-19,2025-05-26,2025-01-01,2025-08-07,1,2025-04-01,739342.362907887,-50.63709211302921,False
gcc_90,GSI-4833,2025-falling,2025,falling,EVENT_YEAR_RELATIVE,0.50,2025-05-22,2025-05-19,2025-05-26,2025-01-01,2025-08-07,1,2025-03-26,739335.84457465,-57.15542534994893,False
gcc_90,GSI-4837,2025-falling,2025,falling,EVENT_YEAR_RELATIVE,0.50,2025-05-22,2025-05-19,2025-05-26,2025-01-01,2025-08-07,1,2025-03-31,739341.117756684,-51.88224331603851,False
gcc_90,GSI-4838,2025-falling,2025,falling,EVENT_YEAR_RELATIVE,0.50,2025-05-22,2025-05-19,2025-05-26,2025-01-01,2025-08-07,1,2025-03-22,739331.917203475,-61.08279652497731,False
gcc_90,GSI-4842,2025-falling,2025,falling,EVENT_YEAR_RELATIVE,0.50,2025-05-22,2025-05-19,2025-05-26,2025-01-01,2025-08-07,1,2025-02-23,739305.381260616,-87.61873938399367,False
gcc_90,GSI-5695,2025-falling,2025,falling,EVENT_YEAR_RELATIVE,0.50,2025-05-22,2025-05-19,2025-05-26,2025-01-01,2025-08-07,1,2025-03-24,739333.831482915,-59.16851708502509,False
gcc_90,GSI-5700,2025-falling,2025,falling,EVENT_YEAR_RELATIVE,0.50,2025-05-22,2025-05-19,2025-05-26,2025-01-01,2025-08-07,1,2025-03-21,739330.934662836,-62.065337163978256,False
gcc_90,GSI-5716,2025-falling,2025,falling,EVENT_YEAR_RELATIVE,0.50,2025-05-22,2025-05-19,2025-05-26,2025-01-01,2025-08-07,1,2025-03-26,739336.080663552,-56.9193364479579,False
gcc_90,GSI-5717,2025-falling,2025,falling,EVENT_YEAR_RELATIVE,0.50,2025-05-22,2025-05-19,2025-05-26,2025-01-01,2025-08-07,1,2025-03-26,739336.080663552,-56.9193364479579,False
gcc_90,GSI-5718,2025-falling,2025,falling,EVENT_YEAR_RELATIVE,0.50,2025-05-22,2025-05-19,2025-05-26,2025-01-01,2025-08-07,1,2025-03-26,739336.080663552,-56.9193364479579,False
gcc_90,GSI-5721,2025-falling,2025,falling,EVENT_YEAR_RELATIVE,0.50,2025-05-22,2025-05-19,2025-05-26,2025-01-01,2025-08-07,1,2025-03-22,739332.195000701,-60.804999298998155,False
gcc_90,GSI-5722,2025-falling,2025,falling,EVENT_YEAR_RELATIVE,0.50,2025-05-22,2025-05-19,2025-05-26,2025-01-01,2025-08-07,1,2025-03-22,739332.195000701,-60.804999298998155,False
gcc_90,GSI-5723,2025-falling,2025,falling,EVENT_YEAR_RELATIVE,0.50,2025-05-22,2025-05-19,2025-05-26,2025-01-01,2025-08-07,1,2025-03-22,739332.195000701,-60.804999298998155,False
gcc_90,GSI-5725,2025-falling,2025,falling,EVENT_YEAR_RELATIVE,0.50,2025-05-22,2025-05-19,2025-05-26,2025-01-01,2025-08-07,1,2025-02-23,739305.411224007,-87.58877599297557,False
gcc_90,GSI-2198,2025-rising,2025,rising,EVENT_YEAR_RELATIVE,0.10,2025-08-29,2025-08-28,2025-09-09,2025-08-07,2026-01-01,2,2025-11-19,739574.25818647,82.2581864700187,False
gcc_90,GSI-2199,2025-rising,2025,rising,EVENT_YEAR_RELATIVE,0.10,2025-08-29,2025-08-28,2025-09-09,2025-08-07,2026-01-01,2,2025-11-19,739574.25818647,82.2581864700187,False
gcc_90,GSI-2629,2025-rising,2025,rising,EVENT_YEAR_RELATIVE,0.10,2025-08-29,2025-08-28,2025-09-09,2025-08-07,2026-01-01,2,2025-11-20,739574.685607486,82.68560748605523,False
gcc_90,GSI-2630,2025-rising,2025,rising,EVENT_YEAR_RELATIVE,0.10,2025-08-29,2025-08-28,2025-09-09,2025-08-07,2026-01-01,2,2025-11-20,739574.685607486,82.68560748605523,False
gcc_90,GSI-2631,2025-rising,2025,rising,EVENT_YEAR_RELATIVE,0.10,2025-08-29,2025-08-28,2025-09-09,2025-08-07,2026-01-01,2,2025-11-20,739574.685607486,82.68560748605523,False
gcc_90,GSI-2634,2025-rising,2025,rising,EVENT_YEAR_RELATIVE,0.10,2025-08-29,2025-08-28,2025-09-09,2025-08-07,2026-01-01,2,2025-11-20,739574.637631458,82.63763145799749,False
gcc_90,GSI-2635,2025-rising,2025,rising,EVENT_YEAR_RELATIVE,0.10,2025-08-29,2025-08-28,2025-09-09,2025-08-07,2026-01-01,2,2025-11-20,739574.637631458,82.63763145799749,False
gcc_90,GSI-2636,2025-rising,2025,rising,EVENT_YEAR_RELATIVE,0.10,2025-08-29,2025-08-28,2025-09-09,2025-08-07,2026-01-01,2,2025-11-20,739574.637631458,82.63763145799749,False
gcc_90,GSI-2638,2025-rising,2025,rising,EVENT_YEAR_RELATIVE,0.10,2025-08-29,2025-08-28,2025-09-09,2025-08-07,2026-01-01,2,2025-11-19,739574.281430642,82.28143064200412,False
gcc_90,GSI-3941,2025-rising,2025,rising,EVENT_YEAR_RELATIVE,0.10,2025-08-29,2025-08-28,2025-09-09,2025-08-07,2026-01-01,2,2025-11-20,739575.090936503,83.09093650302384,False
gcc_90,GSI-3942,2025-rising,2025,rising,EVENT_YEAR_RELATIVE,0.10,2025-08-29,2025-08-28,2025-09-09,2025-08-07,2026-01-01,2,2025-11-20,739575.090936503,83.09093650302384,False
gcc_90,GSI-3962,2025-rising,2025,rising,EVENT_YEAR_RELATIVE,0.10,2025-08-29,2025-08-28,2025-09-09,2025-08-07,2026-01-01,2,2025-11-19,739574.25818647,82.2581864700187,False
gcc_90,GSI-3963,2025-rising,2025,rising,EVENT_YEAR_RELATIVE,0.10,2025-08-29,2025-08-28,2025-09-09,2025-08-07,2026-01-01,2,2025-11-19,739574.25818647,82.2581864700187,False
gcc_90,GSI-4372,2025-rising,2025,rising,EVENT_YEAR_RELATIVE,0.10,2025-08-29,2025-08-28,2025-09-09,2025-08-07,2026-01-01,3,2025-11-20,739575.457195845,83.45719584496692,False
gcc_90,GSI-4377,2025-rising,2025,rising,EVENT_YEAR_RELATIVE,0.10,2025-08-29,2025-08-28,2025-09-09,2025-08-07,2026-01-01,2,2025-11-20,739575.422279162,83.42227916198317,False
gcc_90,GSI-4393,2025-rising,2025,rising,EVENT_YEAR_RELATIVE,0.10,2025-08-29,2025-08-28,2025-09-09,2025-08-07,2026-01-01,2,2025-11-20,739574.651081919,82.65108191897161,False
gcc_90,GSI-4394,2025-rising,2025,rising,EVENT_YEAR_RELATIVE,0.10,2025-08-29,2025-08-28,2025-09-09,2025-08-07,2026-01-01,2,2025-11-20,739574.651081919,82.65108191897161,False
gcc_90,GSI-4395,2025-rising,2025,rising,EVENT_YEAR_RELATIVE,0.10,2025-08-29,2025-08-28,2025-09-09,2025-08-07,2026-01-01,2,2025-11-20,739574.651081919,82.65108191897161,False
gcc_90,GSI-4398,2025-rising,2025,rising,EVENT_YEAR_RELATIVE,0.10,2025-08-29,2025-08-28,2025-09-09,2025-08-07,2026-01-01,2,2025-11-20,739574.604447284,82.6044472840149,False
gcc_90,GSI-4399,2025-rising,2025,rising,EVENT_YEAR_RELATIVE,0.10,2025-08-29,2025-08-28,2025-09-09,2025-08-07,2026-01-01,2,2025-11-20,739574.604447284,82.6044472840149,False
gcc_90,GSI-4400,2025-rising,2025,rising,EVENT_YEAR_RELATIVE,0.10,2025-08-29,2025-08-28,2025-09-09,2025-08-07,2026-01-01,2,2025-11-20,739574.604447284,82.6044472840149,False
gcc_90,GSI-4402,2025-rising,2025,rising,EVENT_YEAR_RELATIVE,0.10,2025-08-29,2025-08-28,2025-09-09,2025-08-07,2026-01-01,2,2025-11-19,739574.25818647,82.2581864700187,False
gcc_90,GSI-4831,2025-rising,2025,rising,EVENT_YEAR_RELATIVE,0.10,2025-08-29,2025-08-28,2025-09-09,2025-08-07,2026-01-01,4,2025-08-15,739477.698887714,-14.30111228604801,False
gcc_90,GSI-4832,2025-rising,2025,rising,EVENT_YEAR_RELATIVE,0.10,2025-08-29,2025-08-28,2025-09-09,2025-08-07,2026-01-01,4,2025-10-04,739527.599337468,35.599337468040176,False
gcc_90,GSI-4833,2025-rising,2025,rising,EVENT_YEAR_RELATIVE,0.10,2025-08-29,2025-08-28,2025-09-09,2025-08-07,2026-01-01,2,2025-11-20,739574.699491325,82.69949132495094,False
gcc_90,GSI-4837,2025-rising,2025,rising,EVENT_YEAR_RELATIVE,0.10,2025-08-29,2025-08-28,2025-09-09,2025-08-07,2026-01-01,4,2025-10-04,739527.756851579,35.756851578946225,False
gcc_90,GSI-4838,2025-rising,2025,rising,EVENT_YEAR_RELATIVE,0.10,2025-08-29,2025-08-28,2025-09-09,2025-08-07,2026-01-01,2,2025-11-20,739574.650975879,82.65097587904893,False
gcc_90,GSI-4842,2025-rising,2025,rising,EVENT_YEAR_RELATIVE,0.10,2025-08-29,2025-08-28,2025-09-09,2025-08-07,2026-01-01,2,2025-11-19,739574.290777869,82.29077786905691,False
gcc_90,GSI-5695,2025-rising,2025,rising,EVENT_YEAR_RELATIVE,0.10,2025-08-29,2025-08-28,2025-09-09,2025-08-07,2026-01-01,3,2025-11-20,739575.457195845,83.45719584496692,False
gcc_90,GSI-5700,2025-rising,2025,rising,EVENT_YEAR_RELATIVE,0.10,2025-08-29,2025-08-28,2025-09-09,2025-08-07,2026-01-01,2,2025-11-20,739575.422279162,83.42227916198317,False
gcc_90,GSI-5716,2025-rising,2025,rising,EVENT_YEAR_RELATIVE,0.10,2025-08-29,2025-08-28,2025-09-09,2025-08-07,2026-01-01,2,2025-11-20,739574.651081919,82.65108191897161,False
gcc_90,GSI-5717,2025-rising,2025,rising,EVENT_YEAR_RELATIVE,0.10,2025-08-29,2025-08-28,2025-09-09,2025-08-07,2026-01-01,2,2025-11-20,739574.651081919,82.65108191897161,False
gcc_90,GSI-5718,2025-rising,2025,rising,EVENT_YEAR_RELATIVE,0.10,2025-08-29,2025-08-28,2025-09-09,2025-08-07,2026-01-01,2,2025-11-20,739574.651081919,82.65108191897161,False
gcc_90,GSI-5721,2025-rising,2025,rising,EVENT_YEAR_RELATIVE,0.10,2025-08-29,2025-08-28,2025-09-09,2025-08-07,2026-01-01,2,2025-11-20,739574.604447284,82.6044472840149,False
gcc_90,GSI-5722,2025-rising,2025,rising,EVENT_YEAR_RELATIVE,0.10,2025-08-29,2025-08-28,2025-09-09,2025-08-07,2026-01-01,2,2025-11-20,739574.604447284,82.6044472840149,False
gcc_90,GSI-5723,2025-rising,2025,rising,EVENT_YEAR_RELATIVE,0.10,2025-08-29,2025-08-28,2025-09-09,2025-08-07,2026-01-01,2,2025-11-20,739574.604447284,82.6044472840149,False
gcc_90,GSI-5725,2025-rising,2025,rising,EVENT_YEAR_RELATIVE,0.10,2025-08-29,2025-08-28,2025-09-09,2025-08-07,2026-01-01,2,2025-11-19,739574.25818647,82.2581864700187,False
gcc_90,GSI-2198,2025-rising,2025,rising,EVENT_YEAR_RELATIVE,0.25,2025-08-31,2025-08-30,2025-09-10,2025-08-07,2026-01-01,1,2025-12-29,739614.071224494,120.07122449402232,False
gcc_90,GSI-2199,2025-rising,2025,rising,EVENT_YEAR_RELATIVE,0.25,2025-08-31,2025-08-30,2025-09-10,2025-08-07,2026-01-01,1,2025-12-29,739614.071224494,120.07122449402232,False
gcc_90,GSI-2629,2025-rising,2025,rising,EVENT_YEAR_RELATIVE,0.25,2025-08-31,2025-08-30,2025-09-10,2025-08-07,2026-01-01,0,,,,False
gcc_90,GSI-2630,2025-rising,2025,rising,EVENT_YEAR_RELATIVE,0.25,2025-08-31,2025-08-30,2025-09-10,2025-08-07,2026-01-01,0,,,,False
gcc_90,GSI-2631,2025-rising,2025,rising,EVENT_YEAR_RELATIVE,0.25,2025-08-31,2025-08-30,2025-09-10,2025-08-07,2026-01-01,0,,,,False
gcc_90,GSI-2634,2025-rising,2025,rising,EVENT_YEAR_RELATIVE,0.25,2025-08-31,2025-08-30,2025-09-10,2025-08-07,2026-01-01,0,,,,False
gcc_90,GSI-2635,2025-rising,2025,rising,EVENT_YEAR_RELATIVE,0.25,2025-08-31,2025-08-30,2025-09-10,2025-08-07,2026-01-01,0,,,,False
gcc_90,GSI-2636,2025-rising,2025,rising,EVENT_YEAR_RELATIVE,0.25,2025-08-31,2025-08-30,2025-09-10,2025-08-07,2026-01-01,0,,,,False
gcc_90,GSI-2638,2025-rising,2025,rising,EVENT_YEAR_RELATIVE,0.25,2025-08-31,2025-08-30,2025-09-10,2025-08-07,2026-01-01,1,2025-12-29,739614.053476257,120.05347625701688,False
gcc_90,GSI-3941,2025-rising,2025,rising,EVENT_YEAR_RELATIVE,0.25,2025-08-31,2025-08-30,2025-09-10,2025-08-07,2026-01-01,0,,,,False
gcc_90,GSI-3942,2025-rising,2025,rising,EVENT_YEAR_RELATIVE,0.25,2025-08-31,2025-08-30,2025-09-10,2025-08-07,2026-01-01,0,,,,False
gcc_90,GSI-3962,2025-rising,2025,rising,EVENT_YEAR_RELATIVE,0.25,2025-08-31,2025-08-30,2025-09-10,2025-08-07,2026-01-01,1,2025-12-29,739614.071224494,120.07122449402232,False
gcc_90,GSI-3963,2025-rising,2025,rising,EVENT_YEAR_RELATIVE,0.25,2025-08-31,2025-08-30,2025-09-10,2025-08-07,2026-01-01,1,2025-12-29,739614.071224494,120.07122449402232,False
gcc_90,GSI-4372,2025-rising,2025,rising,EVENT_YEAR_RELATIVE,0.25,2025-08-31,2025-08-30,2025-09-10,2025-08-07,2026-01-01,0,,,,False
gcc_90,GSI-4377,2025-rising,2025,rising,EVENT_YEAR_RELATIVE,0.25,2025-08-31,2025-08-30,2025-09-10,2025-08-07,2026-01-01,0,,,,False
gcc_90,GSI-4393,2025-rising,2025,rising,EVENT_YEAR_RELATIVE,0.25,2025-08-31,2025-08-30,2025-09-10,2025-08-07,2026-01-01,0,,,,False
gcc_90,GSI-4394,2025-rising,2025,rising,EVENT_YEAR_RELATIVE,0.25,2025-08-31,2025-08-30,2025-09-10,2025-08-07,2026-01-01,0,,,,False
gcc_90,GSI-4395,2025-rising,2025,rising,EVENT_YEAR_RELATIVE,0.25,2025-08-31,2025-08-30,2025-09-10,2025-08-07,2026-01-01,0,,,,False
gcc_90,GSI-4398,2025-rising,2025,rising,EVENT_YEAR_RELATIVE,0.25,2025-08-31,2025-08-30,2025-09-10,2025-08-07,2026-01-01,0,,,,False
gcc_90,GSI-4399,2025-rising,2025,rising,EVENT_YEAR_RELATIVE,0.25,2025-08-31,2025-08-30,2025-09-10,2025-08-07,2026-01-01,0,,,,False
gcc_90,GSI-4400,2025-rising,2025,rising,EVENT_YEAR_RELATIVE,0.25,2025-08-31,2025-08-30,2025-09-10,2025-08-07,2026-01-01,0,,,,False
gcc_90,GSI-4402,2025-rising,2025,rising,EVENT_YEAR_RELATIVE,0.25,2025-08-31,2025-08-30,2025-09-10,2025-08-07,2026-01-01,1,2025-12-29,739614.071224494,120.07122449402232,False
gcc_90,GSI-4831,2025-rising,2025,rising,EVENT_YEAR_RELATIVE,0.25,2025-08-31,2025-08-30,2025-09-10,2025-08-07,2026-01-01,0,,,,False
gcc_90,GSI-4832,2025-rising,2025,rising,EVENT_YEAR_RELATIVE,0.25,2025-08-31,2025-08-30,2025-09-10,2025-08-07,2026-01-01,0,,,,False
gcc_90,GSI-4833,2025-rising,2025,rising,EVENT_YEAR_RELATIVE,0.25,2025-08-31,2025-08-30,2025-09-10,2025-08-07,2026-01-01,0,,,,False
gcc_90,GSI-4837,2025-rising,2025,rising,EVENT_YEAR_RELATIVE,0.25,2025-08-31,2025-08-30,2025-09-10,2025-08-07,2026-01-01,0,,,,False
gcc_90,GSI-4838,2025-rising,2025,rising,EVENT_YEAR_RELATIVE,0.25,2025-08-31,2025-08-30,2025-09-10,2025-08-07,2026-01-01,0,,,,False
gcc_90,GSI-4842,2025-rising,2025,rising,EVENT_YEAR_RELATIVE,0.25,2025-08-31,2025-08-30,2025-09-10,2025-08-07,2026-01-01,1,2025-12-29,739614.046616607,120.0466166069964,False
gcc_90,GSI-5695,2025-rising,2025,rising,EVENT_YEAR_RELATIVE,0.25,2025-08-31,2025-08-30,2025-09-10,2025-08-07,2026-01-01,0,,,,False
gcc_90,GSI-5700,2025-rising,2025,rising,EVENT_YEAR_RELATIVE,0.25,2025-08-31,2025-08-30,2025-09-10,2025-08-07,2026-01-01,0,,,,False
gcc_90,GSI-5716,2025-rising,2025,rising,EVENT_YEAR_RELATIVE,0.25,2025-08-31,2025-08-30,2025-09-10,2025-08-07,2026-01-01,0,,,,False
gcc_90,GSI-5717,2025-rising,2025,rising,EVENT_YEAR_RELATIVE,0.25,2025-08-31,2025-08-30,2025-09-10,2025-08-07,2026-01-01,0,,,,False
gcc_90,GSI-5718,2025-rising,2025,rising,EVENT_YEAR_RELATIVE,0.25,2025-08-31,2025-08-30,2025-09-10,2025-08-07,2026-01-01,0,,,,False
gcc_90,GSI-5721,2025-rising,2025,rising,EVENT_YEAR_RELATIVE,0.25,2025-08-31,2025-08-30,2025-09-10,2025-08-07,2026-01-01,0,,,,False
gcc_90,GSI-5722,2025-rising,2025,rising,EVENT_YEAR_RELATIVE,0.25,2025-08-31,2025-08-30,2025-09-10,2025-08-07,2026-01-01,0,,,,False
gcc_90,GSI-5723,2025-rising,2025,rising,EVENT_YEAR_RELATIVE,0.25,2025-08-31,2025-08-30,2025-09-10,2025-08-07,2026-01-01,0,,,,False
gcc_90,GSI-5725,2025-rising,2025,rising,EVENT_YEAR_RELATIVE,0.25,2025-08-31,2025-08-30,2025-09-10,2025-08-07,2026-01-01,1,2025-12-29,739614.071224494,120.07122449402232,False
gcc_90,GSI-2198,2025-rising,2025,rising,EVENT_YEAR_RELATIVE,0.50,2025-09-06,2025-08-31,2025-09-10,2025-08-07,2026-01-01,0,,,,False
gcc_90,GSI-2199,2025-rising,2025,rising,EVENT_YEAR_RELATIVE,0.50,2025-09-06,2025-08-31,2025-09-10,2025-08-07,2026-01-01,0,,,,False
gcc_90,GSI-2629,2025-rising,2025,rising,EVENT_YEAR_RELATIVE,0.50,2025-09-06,2025-08-31,2025-09-10,2025-08-07,2026-01-01,0,,,,False
gcc_90,GSI-2630,2025-rising,2025,rising,EVENT_YEAR_RELATIVE,0.50,2025-09-06,2025-08-31,2025-09-10,2025-08-07,2026-01-01,0,,,,False
gcc_90,GSI-2631,2025-rising,2025,rising,EVENT_YEAR_RELATIVE,0.50,2025-09-06,2025-08-31,2025-09-10,2025-08-07,2026-01-01,0,,,,False
gcc_90,GSI-2634,2025-rising,2025,rising,EVENT_YEAR_RELATIVE,0.50,2025-09-06,2025-08-31,2025-09-10,2025-08-07,2026-01-01,0,,,,False
gcc_90,GSI-2635,2025-rising,2025,rising,EVENT_YEAR_RELATIVE,0.50,2025-09-06,2025-08-31,2025-09-10,2025-08-07,2026-01-01,0,,,,False
gcc_90,GSI-2636,2025-rising,2025,rising,EVENT_YEAR_RELATIVE,0.50,2025-09-06,2025-08-31,2025-09-10,2025-08-07,2026-01-01,0,,,,False
gcc_90,GSI-2638,2025-rising,2025,rising,EVENT_YEAR_RELATIVE,0.50,2025-09-06,2025-08-31,2025-09-10,2025-08-07,2026-01-01,0,,,,False
gcc_90,GSI-3941,2025-rising,2025,rising,EVENT_YEAR_RELATIVE,0.50,2025-09-06,2025-08-31,2025-09-10,2025-08-07,2026-01-01,0,,,,False
gcc_90,GSI-3942,2025-rising,2025,rising,EVENT_YEAR_RELATIVE,0.50,2025-09-06,2025-08-31,2025-09-10,2025-08-07,2026-01-01,0,,,,False
gcc_90,GSI-3962,2025-rising,2025,rising,EVENT_YEAR_RELATIVE,0.50,2025-09-06,2025-08-31,2025-09-10,2025-08-07,2026-01-01,0,,,,False
gcc_90,GSI-3963,2025-rising,2025,rising,EVENT_YEAR_RELATIVE,0.50,2025-09-06,2025-08-31,2025-09-10,2025-08-07,2026-01-01,0,,,,False
gcc_90,GSI-4372,2025-rising,2025,rising,EVENT_YEAR_RELATIVE,0.50,2025-09-06,2025-08-31,2025-09-10,2025-08-07,2026-01-01,0,,,,False
gcc_90,GSI-4377,2025-rising,2025,rising,EVENT_YEAR_RELATIVE,0.50,2025-09-06,2025-08-31,2025-09-10,2025-08-07,2026-01-01,0,,,,False
gcc_90,GSI-4393,2025-rising,2025,rising,EVENT_YEAR_RELATIVE,0.50,2025-09-06,2025-08-31,2025-09-10,2025-08-07,2026-01-01,0,,,,False
gcc_90,GSI-4394,2025-rising,2025,rising,EVENT_YEAR_RELATIVE,0.50,2025-09-06,2025-08-31,2025-09-10,2025-08-07,2026-01-01,0,,,,False
gcc_90,GSI-4395,2025-rising,2025,rising,EVENT_YEAR_RELATIVE,0.50,2025-09-06,2025-08-31,2025-09-10,2025-08-07,2026-01-01,0,,,,False
gcc_90,GSI-4398,2025-rising,2025,rising,EVENT_YEAR_RELATIVE,0.50,2025-09-06,2025-08-31,2025-09-10,2025-08-07,2026-01-01,0,,,,False
gcc_90,GSI-4399,2025-rising,2025,rising,EVENT_YEAR_RELATIVE,0.50,2025-09-06,2025-08-31,2025-09-10,2025-08-07,2026-01-01,0,,,,False
gcc_90,GSI-4400,2025-rising,2025,rising,EVENT_YEAR_RELATIVE,0.50,2025-09-06,2025-08-31,2025-09-10,2025-08-07,2026-01-01,0,,,,False
gcc_90,GSI-4402,2025-rising,2025,rising,EVENT_YEAR_RELATIVE,0.50,2025-09-06,2025-08-31,2025-09-10,2025-08-07,2026-01-01,0,,,,False
gcc_90,GSI-4831,2025-rising,2025,rising,EVENT_YEAR_RELATIVE,0.50,2025-09-06,2025-08-31,2025-09-10,2025-08-07,2026-01-01,0,,,,False
gcc_90,GSI-4832,2025-rising,2025,rising,EVENT_YEAR_RELATIVE,0.50,2025-09-06,2025-08-31,2025-09-10,2025-08-07,2026-01-01,0,,,,False
gcc_90,GSI-4833,2025-rising,2025,rising,EVENT_YEAR_RELATIVE,0.50,2025-09-06,2025-08-31,2025-09-10,2025-08-07,2026-01-01,0,,,,False
gcc_90,GSI-4837,2025-rising,2025,rising,EVENT_YEAR_RELATIVE,0.50,2025-09-06,2025-08-31,2025-09-10,2025-08-07,2026-01-01,0,,,,False
gcc_90,GSI-4838,2025-rising,2025,rising,EVENT_YEAR_RELATIVE,0.50,2025-09-06,2025-08-31,2025-09-10,2025-08-07,2026-01-01,0,,,,False
gcc_90,GSI-4842,2025-rising,2025,rising,EVENT_YEAR_RELATIVE,0.50,2025-09-06,2025-08-31,2025-09-10,2025-08-07,2026-01-01,0,,,,False
gcc_90,GSI-5695,2025-rising,2025,rising,EVENT_YEAR_RELATIVE,0.50,2025-09-06,2025-08-31,2025-09-10,2025-08-07,2026-01-01,0,,,,False
gcc_90,GSI-5700,2025-rising,2025,rising,EVENT_YEAR_RELATIVE,0.50,2025-09-06,2025-08-31,2025-09-10,2025-08-07,2026-01-01,0,,,,False
gcc_90,GSI-5716,2025-rising,2025,rising,EVENT_YEAR_RELATIVE,0.50,2025-09-06,2025-08-31,2025-09-10,2025-08-07,2026-01-01,0,,,,False
gcc_90,GSI-5717,2025-rising,2025,rising,EVENT_YEAR_RELATIVE,0.50,2025-09-06,2025-08-31,2025-09-10,2025-08-07,2026-01-01,0,,,,False
gcc_90,GSI-5718,2025-rising,2025,rising,EVENT_YEAR_RELATIVE,0.50,2025-09-06,2025-08-31,2025-09-10,2025-08-07,2026-01-01,0,,,,False
gcc_90,GSI-5721,2025-rising,2025,rising,EVENT_YEAR_RELATIVE,0.50,2025-09-06,2025-08-31,2025-09-10,2025-08-07,2026-01-01,0,,,,False
gcc_90,GSI-5722,2025-rising,2025,rising,EVENT_YEAR_RELATIVE,0.50,2025-09-06,2025-08-31,2025-09-10,2025-08-07,2026-01-01,0,,,,False
gcc_90,GSI-5723,2025-rising,2025,rising,EVENT_YEAR_RELATIVE,0.50,2025-09-06,2025-08-31,2025-09-10,2025-08-07,2026-01-01,0,,,,False
gcc_90,GSI-5725,2025-rising,2025,rising,EVENT_YEAR_RELATIVE,0.50,2025-09-06,2025-08-31,2025-09-10,2025-08-07,2026-01-01,0,,,,False
gcc_mean,GSI-2198,2024-falling,2024,falling,EVENT_YEAR_RELATIVE,0.10,2024-06-27,2024-06-23,2024-06-29,2024-01-01,2024-07-23,1,2024-03-06,738950.949840491,-113.05015950894449,False
gcc_mean,GSI-2199,2024-falling,2024,falling,EVENT_YEAR_RELATIVE,0.10,2024-06-27,2024-06-23,2024-06-29,2024-01-01,2024-07-23,1,2024-03-06,738950.949840491,-113.05015950894449,False
gcc_mean,GSI-2629,2024-falling,2024,falling,EVENT_YEAR_RELATIVE,0.10,2024-06-27,2024-06-23,2024-06-29,2024-01-01,2024-07-23,1,2024-05-06,739012.356406752,-51.64359324797988,False
gcc_mean,GSI-2630,2024-falling,2024,falling,EVENT_YEAR_RELATIVE,0.10,2024-06-27,2024-06-23,2024-06-29,2024-01-01,2024-07-23,1,2024-05-06,739012.356406752,-51.64359324797988,False
gcc_mean,GSI-2631,2024-falling,2024,falling,EVENT_YEAR_RELATIVE,0.10,2024-06-27,2024-06-23,2024-06-29,2024-01-01,2024-07-23,1,2024-05-06,739012.356406752,-51.64359324797988,False
gcc_mean,GSI-2634,2024-falling,2024,falling,EVENT_YEAR_RELATIVE,0.10,2024-06-27,2024-06-23,2024-06-29,2024-01-01,2024-07-23,1,2024-04-26,739002.195415186,-61.80458481400274,False
gcc_mean,GSI-2635,2024-falling,2024,falling,EVENT_YEAR_RELATIVE,0.10,2024-06-27,2024-06-23,2024-06-29,2024-01-01,2024-07-23,1,2024-04-26,739002.195415186,-61.80458481400274,False
gcc_mean,GSI-2636,2024-falling,2024,falling,EVENT_YEAR_RELATIVE,0.10,2024-06-27,2024-06-23,2024-06-29,2024-01-01,2024-07-23,1,2024-04-26,739002.195415186,-61.80458481400274,False
gcc_mean,GSI-2638,2024-falling,2024,falling,EVENT_YEAR_RELATIVE,0.10,2024-06-27,2024-06-23,2024-06-29,2024-01-01,2024-07-23,1,2024-03-06,738950.949840491,-113.05015950894449,False
gcc_mean,GSI-3941,2024-falling,2024,falling,EVENT_YEAR_RELATIVE,0.10,2024-06-27,2024-06-23,2024-06-29,2024-01-01,2024-07-23,1,2024-03-06,738950.911670192,-113.0883298079716,False
gcc_mean,GSI-3942,2024-falling,2024,falling,EVENT_YEAR_RELATIVE,0.10,2024-06-27,2024-06-23,2024-06-29,2024-01-01,2024-07-23,1,2024-03-06,738950.911670192,-113.0883298079716,False
gcc_mean,GSI-3962,2024-falling,2024,falling,EVENT_YEAR_RELATIVE,0.10,2024-06-27,2024-06-23,2024-06-29,2024-01-01,2024-07-23,1,2024-03-06,738950.949840491,-113.05015950894449,False
gcc_mean,GSI-3963,2024-falling,2024,falling,EVENT_YEAR_RELATIVE,0.10,2024-06-27,2024-06-23,2024-06-29,2024-01-01,2024-07-23,1,2024-03-06,738950.949840491,-113.05015950894449,False
gcc_mean,GSI-4372,2024-falling,2024,falling,EVENT_YEAR_RELATIVE,0.10,2024-06-27,2024-06-23,2024-06-29,2024-01-01,2024-07-23,1,2024-05-07,739012.523743148,-51.476256852038205,False
gcc_mean,GSI-4377,2024-falling,2024,falling,EVENT_YEAR_RELATIVE,0.10,2024-06-27,2024-06-23,2024-06-29,2024-01-01,2024-07-23,1,2024-04-27,739003.214664984,-60.785335015971214,False
gcc_mean,GSI-4393,2024-falling,2024,falling,EVENT_YEAR_RELATIVE,0.10,2024-06-27,2024-06-23,2024-06-29,2024-01-01,2024-07-23,1,2024-05-07,739012.568009859,-51.43199014104903,False
gcc_mean,GSI-4394,2024-falling,2024,falling,EVENT_YEAR_RELATIVE,0.10,2024-06-27,2024-06-23,2024-06-29,2024-01-01,2024-07-23,1,2024-05-07,739012.568009859,-51.43199014104903,False
gcc_mean,GSI-4395,2024-falling,2024,falling,EVENT_YEAR_RELATIVE,0.10,2024-06-27,2024-06-23,2024-06-29,2024-01-01,2024-07-23,1,2024-05-07,739012.568009859,-51.43199014104903,False
gcc_mean,GSI-4398,2024-falling,2024,falling,EVENT_YEAR_RELATIVE,0.10,2024-06-27,2024-06-23,2024-06-29,2024-01-01,2024-07-23,1,2024-04-27,739002.548357096,-61.45164290396497,False
gcc_mean,GSI-4399,2024-falling,2024,falling,EVENT_YEAR_RELATIVE,0.10,2024-06-27,2024-06-23,2024-06-29,2024-01-01,2024-07-23,1,2024-04-27,739002.548357096,-61.45164290396497,False
gcc_mean,GSI-4400,2024-falling,2024,falling,EVENT_YEAR_RELATIVE,0.10,2024-06-27,2024-06-23,2024-06-29,2024-01-01,2024-07-23,1,2024-04-27,739002.548357096,-61.45164290396497,False
gcc_mean,GSI-4402,2024-falling,2024,falling,EVENT_YEAR_RELATIVE,0.10,2024-06-27,2024-06-23,2024-06-29,2024-01-01,2024-07-23,1,2024-03-06,738950.949840491,-113.05015950894449,False
gcc_mean,GSI-4831,2024-falling,2024,falling,EVENT_YEAR_RELATIVE,0.10,2024-06-27,2024-06-23,2024-06-29,2024-01-01,2024-07-23,1,2024-05-18,739024.268126201,-39.731873798999004,False
gcc_mean,GSI-4832,2024-falling,2024,falling,EVENT_YEAR_RELATIVE,0.10,2024-06-27,2024-06-23,2024-06-29,2024-01-01,2024-07-23,1,2024-05-09,739015.022697427,-48.977302573039196,False
gcc_mean,GSI-4833,2024-falling,2024,falling,EVENT_YEAR_RELATIVE,0.10,2024-06-27,2024-06-23,2024-06-29,2024-01-01,2024-07-23,1,2024-05-06,739012.274059491,-51.72594050900079,False
gcc_mean,GSI-4837,2024-falling,2024,falling,EVENT_YEAR_RELATIVE,0.10,2024-06-27,2024-06-23,2024-06-29,2024-01-01,2024-07-23,1,2024-04-30,739005.814009081,-58.18599091900978,False
gcc_mean,GSI-4838,2024-falling,2024,falling,EVENT_YEAR_RELATIVE,0.10,2024-06-27,2024-06-23,2024-06-29,2024-01-01,2024-07-23,1,2024-04-26,739002.059004017,-61.94099598296452,False
gcc_mean,GSI-4842,2024-falling,2024,falling,EVENT_YEAR_RELATIVE,0.10,2024-06-27,2024-06-23,2024-06-29,2024-01-01,2024-07-23,1,2024-03-06,738950.949840491,-113.05015950894449,False
gcc_mean,GSI-5695,2024-falling,2024,falling,EVENT_YEAR_RELATIVE,0.10,2024-06-27,2024-06-23,2024-06-29,2024-01-01,2024-07-23,1,2024-05-07,739012.523743148,-51.476256852038205,False
gcc_mean,GSI-5700,2024-falling,2024,falling,EVENT_YEAR_RELATIVE,0.10,2024-06-27,2024-06-23,2024-06-29,2024-01-01,2024-07-23,1,2024-04-27,739003.214664984,-60.785335015971214,False
gcc_mean,GSI-5716,2024-falling,2024,falling,EVENT_YEAR_RELATIVE,0.10,2024-06-27,2024-06-23,2024-06-29,2024-01-01,2024-07-23,1,2024-05-07,739012.568009859,-51.43199014104903,False
gcc_mean,GSI-5717,2024-falling,2024,falling,EVENT_YEAR_RELATIVE,0.10,2024-06-27,2024-06-23,2024-06-29,2024-01-01,2024-07-23,1,2024-05-07,739012.568009859,-51.43199014104903,False
gcc_mean,GSI-5718,2024-falling,2024,falling,EVENT_YEAR_RELATIVE,0.10,2024-06-27,2024-06-23,2024-06-29,2024-01-01,2024-07-23,1,2024-05-07,739012.568009859,-51.43199014104903,False
gcc_mean,GSI-5721,2024-falling,2024,falling,EVENT_YEAR_RELATIVE,0.10,2024-06-27,2024-06-23,2024-06-29,2024-01-01,2024-07-23,1,2024-04-27,739002.548357096,-61.45164290396497,False
gcc_mean,GSI-5722,2024-falling,2024,falling,EVENT_YEAR_RELATIVE,0.10,2024-06-27,2024-06-23,2024-06-29,2024-01-01,2024-07-23,1,2024-04-27,739002.548357096,-61.45164290396497,False
gcc_mean,GSI-5723,2024-falling,2024,falling,EVENT_YEAR_RELATIVE,0.10,2024-06-27,2024-06-23,2024-06-29,2024-01-01,2024-07-23,1,2024-04-27,739002.548357096,-61.45164290396497,False
gcc_mean,GSI-5725,2024-falling,2024,falling,EVENT_YEAR_RELATIVE,0.10,2024-06-27,2024-06-23,2024-06-29,2024-01-01,2024-07-23,1,2024-03-06,738950.949840491,-113.05015950894449,False
gcc_mean,GSI-2198,2024-falling,2024,falling,EVENT_YEAR_RELATIVE,0.25,2024-06-13,2024-06-08,2024-06-18,2024-01-01,2024-07-23,2,2024-02-27,738943.001655014,-106.99834498600103,False
gcc_mean,GSI-2199,2024-falling,2024,falling,EVENT_YEAR_RELATIVE,0.25,2024-06-13,2024-06-08,2024-06-18,2024-01-01,2024-07-23,2,2024-02-27,738943.001655014,-106.99834498600103,False
gcc_mean,GSI-2629,2024-falling,2024,falling,EVENT_YEAR_RELATIVE,0.25,2024-06-13,2024-06-08,2024-06-18,2024-01-01,2024-07-23,2,2024-04-22,738997.959995448,-52.04000455199275,False
gcc_mean,GSI-2630,2024-falling,2024,falling,EVENT_YEAR_RELATIVE,0.25,2024-06-13,2024-06-08,2024-06-18,2024-01-01,2024-07-23,2,2024-04-22,738997.959995448,-52.04000455199275,False
gcc_mean,GSI-2631,2024-falling,2024,falling,EVENT_YEAR_RELATIVE,0.25,2024-06-13,2024-06-08,2024-06-18,2024-01-01,2024-07-23,2,2024-04-22,738997.959995448,-52.04000455199275,False
gcc_mean,GSI-2634,2024-falling,2024,falling,EVENT_YEAR_RELATIVE,0.25,2024-06-13,2024-06-08,2024-06-18,2024-01-01,2024-07-23,2,2024-04-12,738988.05889101,-61.94110898999497,False
gcc_mean,GSI-2635,2024-falling,2024,falling,EVENT_YEAR_RELATIVE,0.25,2024-06-13,2024-06-08,2024-06-18,2024-01-01,2024-07-23,2,2024-04-12,738988.05889101,-61.94110898999497,False
gcc_mean,GSI-2636,2024-falling,2024,falling,EVENT_YEAR_RELATIVE,0.25,2024-06-13,2024-06-08,2024-06-18,2024-01-01,2024-07-23,2,2024-04-12,738988.05889101,-61.94110898999497,False
gcc_mean,GSI-2638,2024-falling,2024,falling,EVENT_YEAR_RELATIVE,0.25,2024-06-13,2024-06-08,2024-06-18,2024-01-01,2024-07-23,2,2024-02-27,738943.001655014,-106.99834498600103,False
gcc_mean,GSI-3941,2024-falling,2024,falling,EVENT_YEAR_RELATIVE,0.25,2024-06-13,2024-06-08,2024-06-18,2024-01-01,2024-07-23,2,2024-02-27,738942.965058637,-107.03494136303198,False
gcc_mean,GSI-3942,2024-falling,2024,falling,EVENT_YEAR_RELATIVE,0.25,2024-06-13,2024-06-08,2024-06-18,2024-01-01,2024-07-23,2,2024-02-27,738942.965058637,-107.03494136303198,False
gcc_mean,GSI-3962,2024-falling,2024,falling,EVENT_YEAR_RELATIVE,0.25,2024-06-13,2024-06-08,2024-06-18,2024-01-01,2024-07-23,2,2024-02-27,738943.001655014,-106.99834498600103,False
gcc_mean,GSI-3963,2024-falling,2024,falling,EVENT_YEAR_RELATIVE,0.25,2024-06-13,2024-06-08,2024-06-18,2024-01-01,2024-07-23,2,2024-02-27,738943.001655014,-106.99834498600103,False
gcc_mean,GSI-4372,2024-falling,2024,falling,EVENT_YEAR_RELATIVE,0.25,2024-06-13,2024-06-08,2024-06-18,2024-01-01,2024-07-23,3,2024-04-26,739002.268014508,-47.731985492049716,False
gcc_mean,GSI-4377,2024-falling,2024,falling,EVENT_YEAR_RELATIVE,0.25,2024-06-13,2024-06-08,2024-06-18,2024-01-01,2024-07-23,2,2024-04-13,738989.230158486,-60.76984151394572,False
gcc_mean,GSI-4393,2024-falling,2024,falling,EVENT_YEAR_RELATIVE,0.25,2024-06-13,2024-06-08,2024-06-18,2024-01-01,2024-07-23,2,2024-04-22,738998.434165748,-51.56583425204735,False
gcc_mean,GSI-4394,2024-falling,2024,falling,EVENT_YEAR_RELATIVE,0.25,2024-06-13,2024-06-08,2024-06-18,2024-01-01,2024-07-23,2,2024-04-22,738998.434165748,-51.56583425204735,False
gcc_mean,GSI-4395,2024-falling,2024,falling,EVENT_YEAR_RELATIVE,0.25,2024-06-13,2024-06-08,2024-06-18,2024-01-01,2024-07-23,2,2024-04-22,738998.434165748,-51.56583425204735,False
gcc_mean,GSI-4398,2024-falling,2024,falling,EVENT_YEAR_RELATIVE,0.25,2024-06-13,2024-06-08,2024-06-18,2024-01-01,2024-07-23,2,2024-04-12,738988.238569571,-61.76143042894546,False
gcc_mean,GSI-4399,2024-falling,2024,falling,EVENT_YEAR_RELATIVE,0.25,2024-06-13,2024-06-08,2024-06-18,2024-01-01,2024-07-23,2,2024-04-12,738988.238569571,-61.76143042894546,False
gcc_mean,GSI-4400,2024-falling,2024,falling,EVENT_YEAR_RELATIVE,0.25,2024-06-13,2024-06-08,2024-06-18,2024-01-01,2024-07-23,2,2024-04-12,738988.238569571,-61.76143042894546,False
gcc_mean,GSI-4402,2024-falling,2024,falling,EVENT_YEAR_RELATIVE,0.25,2024-06-13,2024-06-08,2024-06-18,2024-01-01,2024-07-23,2,2024-02-27,738943.001655014,-106.99834498600103,False
gcc_mean,GSI-4831,2024-falling,2024,falling,EVENT_YEAR_RELATIVE,0.25,2024-06-13,2024-06-08,2024-06-18,2024-01-01,2024-07-23,2,2024-05-12,739017.543989133,-32.456010867026635,False
gcc_mean,GSI-4832,2024-falling,2024,falling,EVENT_YEAR_RELATIVE,0.25,2024-06-13,2024-06-08,2024-06-18,2024-01-01,2024-07-23,2,2024-04-30,739005.525561252,-44.47443874797318,False
gcc_mean,GSI-4833,2024-falling,2024,falling,EVENT_YEAR_RELATIVE,0.25,2024-06-13,2024-06-08,2024-06-18,2024-01-01,2024-07-23,2,2024-04-22,738997.852583792,-52.1474162080558,False
gcc_mean,GSI-4837,2024-falling,2024,falling,EVENT_YEAR_RELATIVE,0.25,2024-06-13,2024-06-08,2024-06-18,2024-01-01,2024-07-23,2,2024-04-19,738995.248975859,-54.75102414097637,False
gcc_mean,GSI-4838,2024-falling,2024,falling,EVENT_YEAR_RELATIVE,0.25,2024-06-13,2024-06-08,2024-06-18,2024-01-01,2024-07-23,2,2024-04-12,738988.001765226,-61.99823477398604,False
gcc_mean,GSI-4842,2024-falling,2024,falling,EVENT_YEAR_RELATIVE,0.25,2024-06-13,2024-06-08,2024-06-18,2024-01-01,2024-07-23,2,2024-02-27,738943.001655014,-106.99834498600103,False
gcc_mean,GSI-5695,2024-falling,2024,falling,EVENT_YEAR_RELATIVE,0.25,2024-06-13,2024-06-08,2024-06-18,2024-01-01,2024-07-23,3,2024-04-26,739002.268014508,-47.731985492049716,False
gcc_mean,GSI-5700,2024-falling,2024,falling,EVENT_YEAR_RELATIVE,0.25,2024-06-13,2024-06-08,2024-06-18,2024-01-01,2024-07-23,2,2024-04-13,738989.230158486,-60.76984151394572,False
gcc_mean,GSI-5716,2024-falling,2024,falling,EVENT_YEAR_RELATIVE,0.25,2024-06-13,2024-06-08,2024-06-18,2024-01-01,2024-07-23,2,2024-04-22,738998.434165748,-51.56583425204735,False
gcc_mean,GSI-5717,2024-falling,2024,falling,EVENT_YEAR_RELATIVE,0.25,2024-06-13,2024-06-08,2024-06-18,2024-01-01,2024-07-23,2,2024-04-22,738998.434165748,-51.56583425204735,False
gcc_mean,GSI-5718,2024-falling,2024,falling,EVENT_YEAR_RELATIVE,0.25,2024-06-13,2024-06-08,2024-06-18,2024-01-01,2024-07-23,2,2024-04-22,738998.434165748,-51.56583425204735,False
gcc_mean,GSI-5721,2024-falling,2024,falling,EVENT_YEAR_RELATIVE,0.25,2024-06-13,2024-06-08,2024-06-18,2024-01-01,2024-07-23,2,2024-04-12,738988.238569571,-61.76143042894546,False
gcc_mean,GSI-5722,2024-falling,2024,falling,EVENT_YEAR_RELATIVE,0.25,2024-06-13,2024-06-08,2024-06-18,2024-01-01,2024-07-23,2,2024-04-12,738988.238569571,-61.76143042894546,False
gcc_mean,GSI-5723,2024-falling,2024,falling,EVENT_YEAR_RELATIVE,0.25,2024-06-13,2024-06-08,2024-06-18,2024-01-01,2024-07-23,2,2024-04-12,738988.238569571,-61.76143042894546,False
gcc_mean,GSI-5725,2024-falling,2024,falling,EVENT_YEAR_RELATIVE,0.25,2024-06-13,2024-06-08,2024-06-18,2024-01-01,2024-07-23,2,2024-02-27,738943.001655014,-106.99834498600103,False
gcc_mean,GSI-2198,2024-falling,2024,falling,EVENT_YEAR_RELATIVE,0.50,2024-05-21,2024-05-19,2024-05-27,2024-01-01,2024-07-23,1,2024-01-26,738911.182105627,-115.81789437297266,False
gcc_mean,GSI-2199,2024-falling,2024,falling,EVENT_YEAR_RELATIVE,0.50,2024-05-21,2024-05-19,2024-05-27,2024-01-01,2024-07-23,1,2024-01-26,738911.182105627,-115.81789437297266,False
gcc_mean,GSI-2629,2024-falling,2024,falling,EVENT_YEAR_RELATIVE,0.50,2024-05-21,2024-05-19,2024-05-27,2024-01-01,2024-07-23,3,2024-04-05,738980.824475519,-46.175524480990134,False
gcc_mean,GSI-2630,2024-falling,2024,falling,EVENT_YEAR_RELATIVE,0.50,2024-05-21,2024-05-19,2024-05-27,2024-01-01,2024-07-23,3,2024-04-05,738980.824475519,-46.175524480990134,False
gcc_mean,GSI-2631,2024-falling,2024,falling,EVENT_YEAR_RELATIVE,0.50,2024-05-21,2024-05-19,2024-05-27,2024-01-01,2024-07-23,3,2024-04-05,738980.824475519,-46.175524480990134,False
gcc_mean,GSI-2634,2024-falling,2024,falling,EVENT_YEAR_RELATIVE,0.50,2024-05-21,2024-05-19,2024-05-27,2024-01-01,2024-07-23,3,2024-04-01,738977.146717511,-49.85328248899896,False
gcc_mean,GSI-2635,2024-falling,2024,falling,EVENT_YEAR_RELATIVE,0.50,2024-05-21,2024-05-19,2024-05-27,2024-01-01,2024-07-23,3,2024-04-01,738977.146717511,-49.85328248899896,False
gcc_mean,GSI-2636,2024-falling,2024,falling,EVENT_YEAR_RELATIVE,0.50,2024-05-21,2024-05-19,2024-05-27,2024-01-01,2024-07-23,3,2024-04-01,738977.146717511,-49.85328248899896,False
gcc_mean,GSI-2638,2024-falling,2024,falling,EVENT_YEAR_RELATIVE,0.50,2024-05-21,2024-05-19,2024-05-27,2024-01-01,2024-07-23,1,2024-01-26,738911.174663062,-115.82533693802543,False
gcc_mean,GSI-3941,2024-falling,2024,falling,EVENT_YEAR_RELATIVE,0.50,2024-05-21,2024-05-19,2024-05-27,2024-01-01,2024-07-23,1,2024-01-26,738911.133704159,-115.86629584105685,False
gcc_mean,GSI-3942,2024-falling,2024,falling,EVENT_YEAR_RELATIVE,0.50,2024-05-21,2024-05-19,2024-05-27,2024-01-01,2024-07-23,1,2024-01-26,738911.133704159,-115.86629584105685,False
gcc_mean,GSI-3962,2024-falling,2024,falling,EVENT_YEAR_RELATIVE,0.50,2024-05-21,2024-05-19,2024-05-27,2024-01-01,2024-07-23,1,2024-01-26,738911.182105627,-115.81789437297266,False
gcc_mean,GSI-3963,2024-falling,2024,falling,EVENT_YEAR_RELATIVE,0.50,2024-05-21,2024-05-19,2024-05-27,2024-01-01,2024-07-23,1,2024-01-26,738911.182105627,-115.81789437297266,False
gcc_mean,GSI-4372,2024-falling,2024,falling,EVENT_YEAR_RELATIVE,0.50,2024-05-21,2024-05-19,2024-05-27,2024-01-01,2024-07-23,3,2024-04-05,738980.988109627,-46.0118903729599,False
gcc_mean,GSI-4377,2024-falling,2024,falling,EVENT_YEAR_RELATIVE,0.50,2024-05-21,2024-05-19,2024-05-27,2024-01-01,2024-07-23,3,2024-04-02,738978.030396763,-48.9696032369975,False
gcc_mean,GSI-4393,2024-falling,2024,falling,EVENT_YEAR_RELATIVE,0.50,2024-05-21,2024-05-19,2024-05-27,2024-01-01,2024-07-23,3,2024-04-05,738980.839115065,-46.16088493494317,False
gcc_mean,GSI-4394,2024-falling,2024,falling,EVENT_YEAR_RELATIVE,0.50,2024-05-21,2024-05-19,2024-05-27,2024-01-01,2024-07-23,3,2024-04-05,738980.839115065,-46.16088493494317,False
gcc_mean,GSI-4395,2024-falling,2024,falling,EVENT_YEAR_RELATIVE,0.50,2024-05-21,2024-05-19,2024-05-27,2024-01-01,2024-07-23,3,2024-04-05,738980.839115065,-46.16088493494317,False
gcc_mean,GSI-4398,2024-falling,2024,falling,EVENT_YEAR_RELATIVE,0.50,2024-05-21,2024-05-19,2024-05-27,2024-01-01,2024-07-23,3,2024-04-01,738977.167783428,-49.83221657201648,False
gcc_mean,GSI-4399,2024-falling,2024,falling,EVENT_YEAR_RELATIVE,0.50,2024-05-21,2024-05-19,2024-05-27,2024-01-01,2024-07-23,3,2024-04-01,738977.167783428,-49.83221657201648,False
gcc_mean,GSI-4400,2024-falling,2024,falling,EVENT_YEAR_RELATIVE,0.50,2024-05-21,2024-05-19,2024-05-27,2024-01-01,2024-07-23,3,2024-04-01,738977.167783428,-49.83221657201648,False
gcc_mean,GSI-4402,2024-falling,2024,falling,EVENT_YEAR_RELATIVE,0.50,2024-05-21,2024-05-19,2024-05-27,2024-01-01,2024-07-23,1,2024-01-26,738911.182105627,-115.81789437297266,False
gcc_mean,GSI-4831,2024-falling,2024,falling,EVENT_YEAR_RELATIVE,0.50,2024-05-21,2024-05-19,2024-05-27,2024-01-01,2024-07-23,3,2024-05-05,739010.652683439,-16.34731656103395,False
gcc_mean,GSI-4832,2024-falling,2024,falling,EVENT_YEAR_RELATIVE,0.50,2024-05-21,2024-05-19,2024-05-27,2024-01-01,2024-07-23,3,2024-04-09,738985.494281344,-41.50571865600068,False
gcc_mean,GSI-4833,2024-falling,2024,falling,EVENT_YEAR_RELATIVE,0.50,2024-05-21,2024-05-19,2024-05-27,2024-01-01,2024-07-23,3,2024-04-05,738980.818817371,-46.18118262896314,False
gcc_mean,GSI-4837,2024-falling,2024,falling,EVENT_YEAR_RELATIVE,0.50,2024-05-21,2024-05-19,2024-05-27,2024-01-01,2024-07-23,2,2024-04-07,738983.215694766,-43.78430523397401,False
gcc_mean,GSI-4838,2024-falling,2024,falling,EVENT_YEAR_RELATIVE,0.50,2024-05-21,2024-05-19,2024-05-27,2024-01-01,2024-07-23,3,2024-04-01,738977.138575587,-49.861424413044006,False
gcc_mean,GSI-4842,2024-falling,2024,falling,EVENT_YEAR_RELATIVE,0.50,2024-05-21,2024-05-19,2024-05-27,2024-01-01,2024-07-23,1,2024-01-26,738911.171786529,-115.82821347098798,False
gcc_mean,GSI-5695,2024-falling,2024,falling,EVENT_YEAR_RELATIVE,0.50,2024-05-21,2024-05-19,2024-05-27,2024-01-01,2024-07-23,3,2024-04-05,738980.988109627,-46.0118903729599,False
gcc_mean,GSI-5700,2024-falling,2024,falling,EVENT_YEAR_RELATIVE,0.50,2024-05-21,2024-05-19,2024-05-27,2024-01-01,2024-07-23,3,2024-04-02,738978.030396763,-48.9696032369975,False
gcc_mean,GSI-5716,2024-falling,2024,falling,EVENT_YEAR_RELATIVE,0.50,2024-05-21,2024-05-19,2024-05-27,2024-01-01,2024-07-23,3,2024-04-05,738980.839115065,-46.16088493494317,False
gcc_mean,GSI-5717,2024-falling,2024,falling,EVENT_YEAR_RELATIVE,0.50,2024-05-21,2024-05-19,2024-05-27,2024-01-01,2024-07-23,3,2024-04-05,738980.839115065,-46.16088493494317,False
gcc_mean,GSI-5718,2024-falling,2024,falling,EVENT_YEAR_RELATIVE,0.50,2024-05-21,2024-05-19,2024-05-27,2024-01-01,2024-07-23,3,2024-04-05,738980.839115065,-46.16088493494317,False
gcc_mean,GSI-5721,2024-falling,2024,falling,EVENT_YEAR_RELATIVE,0.50,2024-05-21,2024-05-19,2024-05-27,2024-01-01,2024-07-23,3,2024-04-01,738977.167783428,-49.83221657201648,False
gcc_mean,GSI-5722,2024-falling,2024,falling,EVENT_YEAR_RELATIVE,0.50,2024-05-21,2024-05-19,2024-05-27,2024-01-01,2024-07-23,3,2024-04-01,738977.167783428,-49.83221657201648,False
gcc_mean,GSI-5723,2024-falling,2024,falling,EVENT_YEAR_RELATIVE,0.50,2024-05-21,2024-05-19,2024-05-27,2024-01-01,2024-07-23,3,2024-04-01,738977.167783428,-49.83221657201648,False
gcc_mean,GSI-5725,2024-falling,2024,falling,EVENT_YEAR_RELATIVE,0.50,2024-05-21,2024-05-19,2024-05-27,2024-01-01,2024-07-23,1,2024-01-26,738911.182105627,-115.81789437297266,False
gcc_mean,GSI-2198,2024-rising,2024,rising,EVENT_YEAR_RELATIVE,0.10,2024-08-18,2024-08-17,2024-08-20,2024-07-23,2025-01-01,1,2024-12-01,739220.677663204,104.67766320402734,False
gcc_mean,GSI-2199,2024-rising,2024,rising,EVENT_YEAR_RELATIVE,0.10,2024-08-18,2024-08-17,2024-08-20,2024-07-23,2025-01-01,1,2024-12-01,739220.677663204,104.67766320402734,False
gcc_mean,GSI-2629,2024-rising,2024,rising,EVENT_YEAR_RELATIVE,0.10,2024-08-18,2024-08-17,2024-08-20,2024-07-23,2025-01-01,5,2024-09-02,739131.133098261,15.133098260965198,False
gcc_mean,GSI-2630,2024-rising,2024,rising,EVENT_YEAR_RELATIVE,0.10,2024-08-18,2024-08-17,2024-08-20,2024-07-23,2025-01-01,5,2024-09-02,739131.133098261,15.133098260965198,False
gcc_mean,GSI-2631,2024-rising,2024,rising,EVENT_YEAR_RELATIVE,0.10,2024-08-18,2024-08-17,2024-08-20,2024-07-23,2025-01-01,5,2024-09-02,739131.133098261,15.133098260965198,False
gcc_mean,GSI-2634,2024-rising,2024,rising,EVENT_YEAR_RELATIVE,0.10,2024-08-18,2024-08-17,2024-08-20,2024-07-23,2025-01-01,3,2024-10-03,739162.149779207,46.14977920695674,False
gcc_mean,GSI-2635,2024-rising,2024,rising,EVENT_YEAR_RELATIVE,0.10,2024-08-18,2024-08-17,2024-08-20,2024-07-23,2025-01-01,3,2024-10-03,739162.149779207,46.14977920695674,False
gcc_mean,GSI-2636,2024-rising,2024,rising,EVENT_YEAR_RELATIVE,0.10,2024-08-18,2024-08-17,2024-08-20,2024-07-23,2025-01-01,3,2024-10-03,739162.149779207,46.14977920695674,False
gcc_mean,GSI-2638,2024-rising,2024,rising,EVENT_YEAR_RELATIVE,0.10,2024-08-18,2024-08-17,2024-08-20,2024-07-23,2025-01-01,1,2024-12-01,739220.720934602,104.72093460196629,False
gcc_mean,GSI-3941,2024-rising,2024,rising,EVENT_YEAR_RELATIVE,0.10,2024-08-18,2024-08-17,2024-08-20,2024-07-23,2025-01-01,1,2024-11-29,739218.953777497,102.95377749705222,False
gcc_mean,GSI-3942,2024-rising,2024,rising,EVENT_YEAR_RELATIVE,0.10,2024-08-18,2024-08-17,2024-08-20,2024-07-23,2025-01-01,1,2024-11-29,739218.953777497,102.95377749705222,False
gcc_mean,GSI-3962,2024-rising,2024,rising,EVENT_YEAR_RELATIVE,0.10,2024-08-18,2024-08-17,2024-08-20,2024-07-23,2025-01-01,1,2024-12-01,739220.677663204,104.67766320402734,False
gcc_mean,GSI-3963,2024-rising,2024,rising,EVENT_YEAR_RELATIVE,0.10,2024-08-18,2024-08-17,2024-08-20,2024-07-23,2025-01-01,1,2024-12-01,739220.677663204,104.67766320402734,False
gcc_mean,GSI-4372,2024-rising,2024,rising,EVENT_YEAR_RELATIVE,0.10,2024-08-18,2024-08-17,2024-08-20,2024-07-23,2025-01-01,5,2024-09-02,739130.608567502,14.60856750200037,False
gcc_mean,GSI-4377,2024-rising,2024,rising,EVENT_YEAR_RELATIVE,0.10,2024-08-18,2024-08-17,2024-08-20,2024-07-23,2025-01-01,3,2024-10-03,739161.913169243,45.91316924302373,False
gcc_mean,GSI-4393,2024-rising,2024,rising,EVENT_YEAR_RELATIVE,0.10,2024-08-18,2024-08-17,2024-08-20,2024-07-23,2025-01-01,5,2024-09-02,739130.570696683,14.570696683018468,False
gcc_mean,GSI-4394,2024-rising,2024,rising,EVENT_YEAR_RELATIVE,0.10,2024-08-18,2024-08-17,2024-08-20,2024-07-23,2025-01-01,5,2024-09-02,739130.570696683,14.570696683018468,False
gcc_mean,GSI-4395,2024-rising,2024,rising,EVENT_YEAR_RELATIVE,0.10,2024-08-18,2024-08-17,2024-08-20,2024-07-23,2025-01-01,5,2024-09-02,739130.570696683,14.570696683018468,False
gcc_mean,GSI-4398,2024-rising,2024,rising,EVENT_YEAR_RELATIVE,0.10,2024-08-18,2024-08-17,2024-08-20,2024-07-23,2025-01-01,3,2024-10-03,739161.887811326,45.887811325956136,False
gcc_mean,GSI-4399,2024-rising,2024,rising,EVENT_YEAR_RELATIVE,0.10,2024-08-18,2024-08-17,2024-08-20,2024-07-23,2025-01-01,3,2024-10-03,739161.887811326,45.887811325956136,False
gcc_mean,GSI-4400,2024-rising,2024,rising,EVENT_YEAR_RELATIVE,0.10,2024-08-18,2024-08-17,2024-08-20,2024-07-23,2025-01-01,3,2024-10-03,739161.887811326,45.887811325956136,False
gcc_mean,GSI-4402,2024-rising,2024,rising,EVENT_YEAR_RELATIVE,0.10,2024-08-18,2024-08-17,2024-08-20,2024-07-23,2025-01-01,1,2024-12-01,739220.677663204,104.67766320402734,False
gcc_mean,GSI-4831,2024-rising,2024,rising,EVENT_YEAR_RELATIVE,0.10,2024-08-18,2024-08-17,2024-08-20,2024-07-23,2025-01-01,2,2024-08-17,739114.622665333,-1.3773346670204774,False
gcc_mean,GSI-4832,2024-rising,2024,rising,EVENT_YEAR_RELATIVE,0.10,2024-08-18,2024-08-17,2024-08-20,2024-07-23,2025-01-01,3,2024-09-01,739130.142904125,14.142904125037603,False
gcc_mean,GSI-4833,2024-rising,2024,rising,EVENT_YEAR_RELATIVE,0.10,2024-08-18,2024-08-17,2024-08-20,2024-07-23,2025-01-01,5,2024-09-02,739131.340206375,15.340206374996342,False
gcc_mean,GSI-4837,2024-rising,2024,rising,EVENT_YEAR_RELATIVE,0.10,2024-08-18,2024-08-17,2024-08-20,2024-07-23,2025-01-01,3,2024-09-11,739139.956536906,23.956536905956455,False
gcc_mean,GSI-4838,2024-rising,2024,rising,EVENT_YEAR_RELATIVE,0.10,2024-08-18,2024-08-17,2024-08-20,2024-07-23,2025-01-01,3,2024-10-03,739162.298588297,46.2985882969806,False
gcc_mean,GSI-4842,2024-rising,2024,rising,EVENT_YEAR_RELATIVE,0.10,2024-08-18,2024-08-17,2024-08-20,2024-07-23,2025-01-01,1,2024-12-01,739220.738293183,104.73829318303615,False
gcc_mean,GSI-5695,2024-rising,2024,rising,EVENT_YEAR_RELATIVE,0.10,2024-08-18,2024-08-17,2024-08-20,2024-07-23,2025-01-01,5,2024-09-02,739130.574694684,14.574694684008136,False
gcc_mean,GSI-5700,2024-rising,2024,rising,EVENT_YEAR_RELATIVE,0.10,2024-08-18,2024-08-17,2024-08-20,2024-07-23,2025-01-01,3,2024-10-03,739161.913169243,45.91316924302373,False
gcc_mean,GSI-5716,2024-rising,2024,rising,EVENT_YEAR_RELATIVE,0.10,2024-08-18,2024-08-17,2024-08-20,2024-07-23,2025-01-01,5,2024-09-02,739130.536823865,14.536823865026236,False
gcc_mean,GSI-5717,2024-rising,2024,rising,EVENT_YEAR_RELATIVE,0.10,2024-08-18,2024-08-17,2024-08-20,2024-07-23,2025-01-01,5,2024-09-02,739130.536823865,14.536823865026236,False
gcc_mean,GSI-5718,2024-rising,2024,rising,EVENT_YEAR_RELATIVE,0.10,2024-08-18,2024-08-17,2024-08-20,2024-07-23,2025-01-01,5,2024-09-02,739130.536823865,14.536823865026236,False
gcc_mean,GSI-5721,2024-rising,2024,rising,EVENT_YEAR_RELATIVE,0.10,2024-08-18,2024-08-17,2024-08-20,2024-07-23,2025-01-01,3,2024-10-03,739161.887811326,45.887811325956136,False
gcc_mean,GSI-5722,2024-rising,2024,rising,EVENT_YEAR_RELATIVE,0.10,2024-08-18,2024-08-17,2024-08-20,2024-07-23,2025-01-01,3,2024-10-03,739161.887811326,45.887811325956136,False
gcc_mean,GSI-5723,2024-rising,2024,rising,EVENT_YEAR_RELATIVE,0.10,2024-08-18,2024-08-17,2024-08-20,2024-07-23,2025-01-01,3,2024-10-03,739161.887811326,45.887811325956136,False
gcc_mean,GSI-5725,2024-rising,2024,rising,EVENT_YEAR_RELATIVE,0.10,2024-08-18,2024-08-17,2024-08-20,2024-07-23,2025-01-01,1,2024-12-01,739220.677663204,104.67766320402734,False
gcc_mean,GSI-2198,2024-rising,2024,rising,EVENT_YEAR_RELATIVE,0.25,2024-08-20,2024-08-19,2024-08-21,2024-07-23,2025-01-01,0,,,,False
gcc_mean,GSI-2199,2024-rising,2024,rising,EVENT_YEAR_RELATIVE,0.25,2024-08-20,2024-08-19,2024-08-21,2024-07-23,2025-01-01,0,,,,False
gcc_mean,GSI-2629,2024-rising,2024,rising,EVENT_YEAR_RELATIVE,0.25,2024-08-20,2024-08-19,2024-08-21,2024-07-23,2025-01-01,0,,,,False
gcc_mean,GSI-2630,2024-rising,2024,rising,EVENT_YEAR_RELATIVE,0.25,2024-08-20,2024-08-19,2024-08-21,2024-07-23,2025-01-01,0,,,,False
gcc_mean,GSI-2631,2024-rising,2024,rising,EVENT_YEAR_RELATIVE,0.25,2024-08-20,2024-08-19,2024-08-21,2024-07-23,2025-01-01,0,,,,False
gcc_mean,GSI-2634,2024-rising,2024,rising,EVENT_YEAR_RELATIVE,0.25,2024-08-20,2024-08-19,2024-08-21,2024-07-23,2025-01-01,0,,,,False
gcc_mean,GSI-2635,2024-rising,2024,rising,EVENT_YEAR_RELATIVE,0.25,2024-08-20,2024-08-19,2024-08-21,2024-07-23,2025-01-01,0,,,,False
gcc_mean,GSI-2636,2024-rising,2024,rising,EVENT_YEAR_RELATIVE,0.25,2024-08-20,2024-08-19,2024-08-21,2024-07-23,2025-01-01,0,,,,False
gcc_mean,GSI-2638,2024-rising,2024,rising,EVENT_YEAR_RELATIVE,0.25,2024-08-20,2024-08-19,2024-08-21,2024-07-23,2025-01-01,0,,,,False
gcc_mean,GSI-3941,2024-rising,2024,rising,EVENT_YEAR_RELATIVE,0.25,2024-08-20,2024-08-19,2024-08-21,2024-07-23,2025-01-01,0,,,,False
gcc_mean,GSI-3942,2024-rising,2024,rising,EVENT_YEAR_RELATIVE,0.25,2024-08-20,2024-08-19,2024-08-21,2024-07-23,2025-01-01,0,,,,False
gcc_mean,GSI-3962,2024-rising,2024,rising,EVENT_YEAR_RELATIVE,0.25,2024-08-20,2024-08-19,2024-08-21,2024-07-23,2025-01-01,0,,,,False
gcc_mean,GSI-3963,2024-rising,2024,rising,EVENT_YEAR_RELATIVE,0.25,2024-08-20,2024-08-19,2024-08-21,2024-07-23,2025-01-01,0,,,,False
gcc_mean,GSI-4372,2024-rising,2024,rising,EVENT_YEAR_RELATIVE,0.25,2024-08-20,2024-08-19,2024-08-21,2024-07-23,2025-01-01,0,,,,False
gcc_mean,GSI-4377,2024-rising,2024,rising,EVENT_YEAR_RELATIVE,0.25,2024-08-20,2024-08-19,2024-08-21,2024-07-23,2025-01-01,0,,,,False
gcc_mean,GSI-4393,2024-rising,2024,rising,EVENT_YEAR_RELATIVE,0.25,2024-08-20,2024-08-19,2024-08-21,2024-07-23,2025-01-01,0,,,,False
gcc_mean,GSI-4394,2024-rising,2024,rising,EVENT_YEAR_RELATIVE,0.25,2024-08-20,2024-08-19,2024-08-21,2024-07-23,2025-01-01,0,,,,False
gcc_mean,GSI-4395,2024-rising,2024,rising,EVENT_YEAR_RELATIVE,0.25,2024-08-20,2024-08-19,2024-08-21,2024-07-23,2025-01-01,0,,,,False
gcc_mean,GSI-4398,2024-rising,2024,rising,EVENT_YEAR_RELATIVE,0.25,2024-08-20,2024-08-19,2024-08-21,2024-07-23,2025-01-01,0,,,,False
gcc_mean,GSI-4399,2024-rising,2024,rising,EVENT_YEAR_RELATIVE,0.25,2024-08-20,2024-08-19,2024-08-21,2024-07-23,2025-01-01,0,,,,False
gcc_mean,GSI-4400,2024-rising,2024,rising,EVENT_YEAR_RELATIVE,0.25,2024-08-20,2024-08-19,2024-08-21,2024-07-23,2025-01-01,0,,,,False
gcc_mean,GSI-4402,2024-rising,2024,rising,EVENT_YEAR_RELATIVE,0.25,2024-08-20,2024-08-19,2024-08-21,2024-07-23,2025-01-01,0,,,,False
gcc_mean,GSI-4831,2024-rising,2024,rising,EVENT_YEAR_RELATIVE,0.25,2024-08-20,2024-08-19,2024-08-21,2024-07-23,2025-01-01,1,2024-09-01,739130.12708225,12.127082249964587,False
gcc_mean,GSI-4832,2024-rising,2024,rising,EVENT_YEAR_RELATIVE,0.25,2024-08-20,2024-08-19,2024-08-21,2024-07-23,2025-01-01,0,,,,False
gcc_mean,GSI-4833,2024-rising,2024,rising,EVENT_YEAR_RELATIVE,0.25,2024-08-20,2024-08-19,2024-08-21,2024-07-23,2025-01-01,0,,,,False
gcc_mean,GSI-4837,2024-rising,2024,rising,EVENT_YEAR_RELATIVE,0.25,2024-08-20,2024-08-19,2024-08-21,2024-07-23,2025-01-01,0,,,,False
gcc_mean,GSI-4838,2024-rising,2024,rising,EVENT_YEAR_RELATIVE,0.25,2024-08-20,2024-08-19,2024-08-21,2024-07-23,2025-01-01,0,,,,False
gcc_mean,GSI-4842,2024-rising,2024,rising,EVENT_YEAR_RELATIVE,0.25,2024-08-20,2024-08-19,2024-08-21,2024-07-23,2025-01-01,0,,,,False
gcc_mean,GSI-5695,2024-rising,2024,rising,EVENT_YEAR_RELATIVE,0.25,2024-08-20,2024-08-19,2024-08-21,2024-07-23,2025-01-01,0,,,,False
gcc_mean,GSI-5700,2024-rising,2024,rising,EVENT_YEAR_RELATIVE,0.25,2024-08-20,2024-08-19,2024-08-21,2024-07-23,2025-01-01,0,,,,False
gcc_mean,GSI-5716,2024-rising,2024,rising,EVENT_YEAR_RELATIVE,0.25,2024-08-20,2024-08-19,2024-08-21,2024-07-23,2025-01-01,0,,,,False
gcc_mean,GSI-5717,2024-rising,2024,rising,EVENT_YEAR_RELATIVE,0.25,2024-08-20,2024-08-19,2024-08-21,2024-07-23,2025-01-01,0,,,,False
gcc_mean,GSI-5718,2024-rising,2024,rising,EVENT_YEAR_RELATIVE,0.25,2024-08-20,2024-08-19,2024-08-21,2024-07-23,2025-01-01,0,,,,False
gcc_mean,GSI-5721,2024-rising,2024,rising,EVENT_YEAR_RELATIVE,0.25,2024-08-20,2024-08-19,2024-08-21,2024-07-23,2025-01-01,0,,,,False
gcc_mean,GSI-5722,2024-rising,2024,rising,EVENT_YEAR_RELATIVE,0.25,2024-08-20,2024-08-19,2024-08-21,2024-07-23,2025-01-01,0,,,,False
gcc_mean,GSI-5723,2024-rising,2024,rising,EVENT_YEAR_RELATIVE,0.25,2024-08-20,2024-08-19,2024-08-21,2024-07-23,2025-01-01,0,,,,False
gcc_mean,GSI-5725,2024-rising,2024,rising,EVENT_YEAR_RELATIVE,0.25,2024-08-20,2024-08-19,2024-08-21,2024-07-23,2025-01-01,0,,,,False
gcc_mean,GSI-2198,2024-rising,2024,rising,EVENT_YEAR_RELATIVE,0.50,2024-08-24,2024-08-23,2024-08-25,2024-07-23,2025-01-01,0,,,,False
gcc_mean,GSI-2199,2024-rising,2024,rising,EVENT_YEAR_RELATIVE,0.50,2024-08-24,2024-08-23,2024-08-25,2024-07-23,2025-01-01,0,,,,False
gcc_mean,GSI-2629,2024-rising,2024,rising,EVENT_YEAR_RELATIVE,0.50,2024-08-24,2024-08-23,2024-08-25,2024-07-23,2025-01-01,0,,,,False
gcc_mean,GSI-2630,2024-rising,2024,rising,EVENT_YEAR_RELATIVE,0.50,2024-08-24,2024-08-23,2024-08-25,2024-07-23,2025-01-01,0,,,,False
gcc_mean,GSI-2631,2024-rising,2024,rising,EVENT_YEAR_RELATIVE,0.50,2024-08-24,2024-08-23,2024-08-25,2024-07-23,2025-01-01,0,,,,False
gcc_mean,GSI-2634,2024-rising,2024,rising,EVENT_YEAR_RELATIVE,0.50,2024-08-24,2024-08-23,2024-08-25,2024-07-23,2025-01-01,0,,,,False
gcc_mean,GSI-2635,2024-rising,2024,rising,EVENT_YEAR_RELATIVE,0.50,2024-08-24,2024-08-23,2024-08-25,2024-07-23,2025-01-01,0,,,,False
gcc_mean,GSI-2636,2024-rising,2024,rising,EVENT_YEAR_RELATIVE,0.50,2024-08-24,2024-08-23,2024-08-25,2024-07-23,2025-01-01,0,,,,False
gcc_mean,GSI-2638,2024-rising,2024,rising,EVENT_YEAR_RELATIVE,0.50,2024-08-24,2024-08-23,2024-08-25,2024-07-23,2025-01-01,0,,,,False
gcc_mean,GSI-3941,2024-rising,2024,rising,EVENT_YEAR_RELATIVE,0.50,2024-08-24,2024-08-23,2024-08-25,2024-07-23,2025-01-01,0,,,,False
gcc_mean,GSI-3942,2024-rising,2024,rising,EVENT_YEAR_RELATIVE,0.50,2024-08-24,2024-08-23,2024-08-25,2024-07-23,2025-01-01,0,,,,False
gcc_mean,GSI-3962,2024-rising,2024,rising,EVENT_YEAR_RELATIVE,0.50,2024-08-24,2024-08-23,2024-08-25,2024-07-23,2025-01-01,0,,,,False
gcc_mean,GSI-3963,2024-rising,2024,rising,EVENT_YEAR_RELATIVE,0.50,2024-08-24,2024-08-23,2024-08-25,2024-07-23,2025-01-01,0,,,,False
gcc_mean,GSI-4372,2024-rising,2024,rising,EVENT_YEAR_RELATIVE,0.50,2024-08-24,2024-08-23,2024-08-25,2024-07-23,2025-01-01,0,,,,False
gcc_mean,GSI-4377,2024-rising,2024,rising,EVENT_YEAR_RELATIVE,0.50,2024-08-24,2024-08-23,2024-08-25,2024-07-23,2025-01-01,0,,,,False
gcc_mean,GSI-4393,2024-rising,2024,rising,EVENT_YEAR_RELATIVE,0.50,2024-08-24,2024-08-23,2024-08-25,2024-07-23,2025-01-01,0,,,,False
gcc_mean,GSI-4394,2024-rising,2024,rising,EVENT_YEAR_RELATIVE,0.50,2024-08-24,2024-08-23,2024-08-25,2024-07-23,2025-01-01,0,,,,False
gcc_mean,GSI-4395,2024-rising,2024,rising,EVENT_YEAR_RELATIVE,0.50,2024-08-24,2024-08-23,2024-08-25,2024-07-23,2025-01-01,0,,,,False
gcc_mean,GSI-4398,2024-rising,2024,rising,EVENT_YEAR_RELATIVE,0.50,2024-08-24,2024-08-23,2024-08-25,2024-07-23,2025-01-01,0,,,,False
gcc_mean,GSI-4399,2024-rising,2024,rising,EVENT_YEAR_RELATIVE,0.50,2024-08-24,2024-08-23,2024-08-25,2024-07-23,2025-01-01,0,,,,False
gcc_mean,GSI-4400,2024-rising,2024,rising,EVENT_YEAR_RELATIVE,0.50,2024-08-24,2024-08-23,2024-08-25,2024-07-23,2025-01-01,0,,,,False
gcc_mean,GSI-4402,2024-rising,2024,rising,EVENT_YEAR_RELATIVE,0.50,2024-08-24,2024-08-23,2024-08-25,2024-07-23,2025-01-01,0,,,,False
gcc_mean,GSI-4831,2024-rising,2024,rising,EVENT_YEAR_RELATIVE,0.50,2024-08-24,2024-08-23,2024-08-25,2024-07-23,2025-01-01,0,,,,False
gcc_mean,GSI-4832,2024-rising,2024,rising,EVENT_YEAR_RELATIVE,0.50,2024-08-24,2024-08-23,2024-08-25,2024-07-23,2025-01-01,0,,,,False
gcc_mean,GSI-4833,2024-rising,2024,rising,EVENT_YEAR_RELATIVE,0.50,2024-08-24,2024-08-23,2024-08-25,2024-07-23,2025-01-01,0,,,,False
gcc_mean,GSI-4837,2024-rising,2024,rising,EVENT_YEAR_RELATIVE,0.50,2024-08-24,2024-08-23,2024-08-25,2024-07-23,2025-01-01,0,,,,False
gcc_mean,GSI-4838,2024-rising,2024,rising,EVENT_YEAR_RELATIVE,0.50,2024-08-24,2024-08-23,2024-08-25,2024-07-23,2025-01-01,0,,,,False
gcc_mean,GSI-4842,2024-rising,2024,rising,EVENT_YEAR_RELATIVE,0.50,2024-08-24,2024-08-23,2024-08-25,2024-07-23,2025-01-01,0,,,,False
gcc_mean,GSI-5695,2024-rising,2024,rising,EVENT_YEAR_RELATIVE,0.50,2024-08-24,2024-08-23,2024-08-25,2024-07-23,2025-01-01,0,,,,False
gcc_mean,GSI-5700,2024-rising,2024,rising,EVENT_YEAR_RELATIVE,0.50,2024-08-24,2024-08-23,2024-08-25,2024-07-23,2025-01-01,0,,,,False
gcc_mean,GSI-5716,2024-rising,2024,rising,EVENT_YEAR_RELATIVE,0.50,2024-08-24,2024-08-23,2024-08-25,2024-07-23,2025-01-01,0,,,,False
gcc_mean,GSI-5717,2024-rising,2024,rising,EVENT_YEAR_RELATIVE,0.50,2024-08-24,2024-08-23,2024-08-25,2024-07-23,2025-01-01,0,,,,False
gcc_mean,GSI-5718,2024-rising,2024,rising,EVENT_YEAR_RELATIVE,0.50,2024-08-24,2024-08-23,2024-08-25,2024-07-23,2025-01-01,0,,,,False
gcc_mean,GSI-5721,2024-rising,2024,rising,EVENT_YEAR_RELATIVE,0.50,2024-08-24,2024-08-23,2024-08-25,2024-07-23,2025-01-01,0,,,,False
gcc_mean,GSI-5722,2024-rising,2024,rising,EVENT_YEAR_RELATIVE,0.50,2024-08-24,2024-08-23,2024-08-25,2024-07-23,2025-01-01,0,,,,False
gcc_mean,GSI-5723,2024-rising,2024,rising,EVENT_YEAR_RELATIVE,0.50,2024-08-24,2024-08-23,2024-08-25,2024-07-23,2025-01-01,0,,,,False
gcc_mean,GSI-5725,2024-rising,2024,rising,EVENT_YEAR_RELATIVE,0.50,2024-08-24,2024-08-23,2024-08-25,2024-07-23,2025-01-01,0,,,,False
gcc_mean,GSI-2198,2025-falling,2025,falling,EVENT_YEAR_RELATIVE,0.10,2025-06-16,2025-05-31,2025-06-19,2025-01-01,2025-07-23,1,2025-03-11,739320.532031911,-97.46796808904037,False
gcc_mean,GSI-2199,2025-falling,2025,falling,EVENT_YEAR_RELATIVE,0.10,2025-06-16,2025-05-31,2025-06-19,2025-01-01,2025-07-23,1,2025-03-11,739320.532031911,-97.46796808904037,False
gcc_mean,GSI-2629,2025-falling,2025,falling,EVENT_YEAR_RELATIVE,0.10,2025-06-16,2025-05-31,2025-06-19,2025-01-01,2025-07-23,1,2025-04-30,739371.291966108,-46.70803389197681,False
gcc_mean,GSI-2630,2025-falling,2025,falling,EVENT_YEAR_RELATIVE,0.10,2025-06-16,2025-05-31,2025-06-19,2025-01-01,2025-07-23,1,2025-04-30,739371.291966108,-46.70803389197681,False
gcc_mean,GSI-2631,2025-falling,2025,falling,EVENT_YEAR_RELATIVE,0.10,2025-06-16,2025-05-31,2025-06-19,2025-01-01,2025-07-23,1,2025-04-30,739371.291966108,-46.70803389197681,False
gcc_mean,GSI-2634,2025-falling,2025,falling,EVENT_YEAR_RELATIVE,0.10,2025-06-16,2025-05-31,2025-06-19,2025-01-01,2025-07-23,1,2025-04-15,739356.233780639,-61.766219360986724,False
gcc_mean,GSI-2635,2025-falling,2025,falling,EVENT_YEAR_RELATIVE,0.10,2025-06-16,2025-05-31,2025-06-19,2025-01-01,2025-07-23,1,2025-04-15,739356.233780639,-61.766219360986724,False
gcc_mean,GSI-2636,2025-falling,2025,falling,EVENT_YEAR_RELATIVE,0.10,2025-06-16,2025-05-31,2025-06-19,2025-01-01,2025-07-23,1,2025-04-15,739356.233780639,-61.766219360986724,False
gcc_mean,GSI-2638,2025-falling,2025,falling,EVENT_YEAR_RELATIVE,0.10,2025-06-16,2025-05-31,2025-06-19,2025-01-01,2025-07-23,1,2025-03-11,739320.546605,-97.45339499996044,False
gcc_mean,GSI-3941,2025-falling,2025,falling,EVENT_YEAR_RELATIVE,0.10,2025-06-16,2025-05-31,2025-06-19,2025-01-01,2025-07-23,1,2025-03-11,739320.520831564,-97.47916843602434,False
gcc_mean,GSI-3942,2025-falling,2025,falling,EVENT_YEAR_RELATIVE,0.10,2025-06-16,2025-05-31,2025-06-19,2025-01-01,2025-07-23,1,2025-03-11,739320.520831564,-97.47916843602434,False
gcc_mean,GSI-3962,2025-falling,2025,falling,EVENT_YEAR_RELATIVE,0.10,2025-06-16,2025-05-31,2025-06-19,2025-01-01,2025-07-23,1,2025-03-11,739320.532031911,-97.46796808904037,False
gcc_mean,GSI-3963,2025-falling,2025,falling,EVENT_YEAR_RELATIVE,0.10,2025-06-16,2025-05-31,2025-06-19,2025-01-01,2025-07-23,1,2025-03-11,739320.532031911,-97.46796808904037,False
gcc_mean,GSI-4372,2025-falling,2025,falling,EVENT_YEAR_RELATIVE,0.10,2025-06-16,2025-05-31,2025-06-19,2025-01-01,2025-07-23,1,2025-04-28,739369.057605435,-48.942394564975984,False
gcc_mean,GSI-4377,2025-falling,2025,falling,EVENT_YEAR_RELATIVE,0.10,2025-06-16,2025-05-31,2025-06-19,2025-01-01,2025-07-23,1,2025-04-13,739354.171833339,-63.828166660969146,False
gcc_mean,GSI-4393,2025-falling,2025,falling,EVENT_YEAR_RELATIVE,0.10,2025-06-16,2025-05-31,2025-06-19,2025-01-01,2025-07-23,1,2025-04-30,739371.305844755,-46.694155244971626,False
gcc_mean,GSI-4394,2025-falling,2025,falling,EVENT_YEAR_RELATIVE,0.10,2025-06-16,2025-05-31,2025-06-19,2025-01-01,2025-07-23,1,2025-04-30,739371.305844755,-46.694155244971626,False
gcc_mean,GSI-4395,2025-falling,2025,falling,EVENT_YEAR_RELATIVE,0.10,2025-06-16,2025-05-31,2025-06-19,2025-01-01,2025-07-23,1,2025-04-30,739371.305844755,-46.694155244971626,False
gcc_mean,GSI-4398,2025-falling,2025,falling,EVENT_YEAR_RELATIVE,0.10,2025-06-16,2025-05-31,2025-06-19,2025-01-01,2025-07-23,1,2025-04-15,739356.231273284,-61.76872671605088,False
gcc_mean,GSI-4399,2025-falling,2025,falling,EVENT_YEAR_RELATIVE,0.10,2025-06-16,2025-05-31,2025-06-19,2025-01-01,2025-07-23,1,2025-04-15,739356.231273284,-61.76872671605088,False
gcc_mean,GSI-4400,2025-falling,2025,falling,EVENT_YEAR_RELATIVE,0.10,2025-06-16,2025-05-31,2025-06-19,2025-01-01,2025-07-23,1,2025-04-15,739356.231273284,-61.76872671605088,False
gcc_mean,GSI-4402,2025-falling,2025,falling,EVENT_YEAR_RELATIVE,0.10,2025-06-16,2025-05-31,2025-06-19,2025-01-01,2025-07-23,1,2025-03-11,739320.532031911,-97.46796808904037,False
gcc_mean,GSI-4831,2025-falling,2025,falling,EVENT_YEAR_RELATIVE,0.10,2025-06-16,2025-05-31,2025-06-19,2025-01-01,2025-07-23,1,2025-05-17,739387.530874258,-30.469125741976313,False
gcc_mean,GSI-4832,2025-falling,2025,falling,EVENT_YEAR_RELATIVE,0.10,2025-06-16,2025-05-31,2025-06-19,2025-01-01,2025-07-23,1,2025-05-05,739375.669497503,-42.330502497032285,False
gcc_mean,GSI-4833,2025-falling,2025,falling,EVENT_YEAR_RELATIVE,0.10,2025-06-16,2025-05-31,2025-06-19,2025-01-01,2025-07-23,1,2025-04-30,739371.286602046,-46.71339795400854,False
gcc_mean,GSI-4837,2025-falling,2025,falling,EVENT_YEAR_RELATIVE,0.10,2025-06-16,2025-05-31,2025-06-19,2025-01-01,2025-07-23,1,2025-04-25,739365.966271697,-52.033728303038515,False
gcc_mean,GSI-4838,2025-falling,2025,falling,EVENT_YEAR_RELATIVE,0.10,2025-06-16,2025-05-31,2025-06-19,2025-01-01,2025-07-23,1,2025-04-15,739356.234749726,-61.7652502739802,False
gcc_mean,GSI-4842,2025-falling,2025,falling,EVENT_YEAR_RELATIVE,0.10,2025-06-16,2025-05-31,2025-06-19,2025-01-01,2025-07-23,1,2025-03-11,739320.552237463,-97.44776253704913,False
gcc_mean,GSI-5695,2025-falling,2025,falling,EVENT_YEAR_RELATIVE,0.10,2025-06-16,2025-05-31,2025-06-19,2025-01-01,2025-07-23,1,2025-04-28,739369.057605435,-48.942394564975984,False
gcc_mean,GSI-5700,2025-falling,2025,falling,EVENT_YEAR_RELATIVE,0.10,2025-06-16,2025-05-31,2025-06-19,2025-01-01,2025-07-23,1,2025-04-13,739354.171833339,-63.828166660969146,False
gcc_mean,GSI-5716,2025-falling,2025,falling,EVENT_YEAR_RELATIVE,0.10,2025-06-16,2025-05-31,2025-06-19,2025-01-01,2025-07-23,1,2025-04-30,739371.305844755,-46.694155244971626,False
gcc_mean,GSI-5717,2025-falling,2025,falling,EVENT_YEAR_RELATIVE,0.10,2025-06-16,2025-05-31,2025-06-19,2025-01-01,2025-07-23,1,2025-04-30,739371.305844755,-46.694155244971626,False
gcc_mean,GSI-5718,2025-falling,2025,falling,EVENT_YEAR_RELATIVE,0.10,2025-06-16,2025-05-31,2025-06-19,2025-01-01,2025-07-23,1,2025-04-30,739371.305844755,-46.694155244971626,False
gcc_mean,GSI-5721,2025-falling,2025,falling,EVENT_YEAR_RELATIVE,0.10,2025-06-16,2025-05-31,2025-06-19,2025-01-01,2025-07-23,1,2025-04-15,739356.231273284,-61.76872671605088,False
gcc_mean,GSI-5722,2025-falling,2025,falling,EVENT_YEAR_RELATIVE,0.10,2025-06-16,2025-05-31,2025-06-19,2025-01-01,2025-07-23,1,2025-04-15,739356.231273284,-61.76872671605088,False
gcc_mean,GSI-5723,2025-falling,2025,falling,EVENT_YEAR_RELATIVE,0.10,2025-06-16,2025-05-31,2025-06-19,2025-01-01,2025-07-23,1,2025-04-15,739356.231273284,-61.76872671605088,False
gcc_mean,GSI-5725,2025-falling,2025,falling,EVENT_YEAR_RELATIVE,0.10,2025-06-16,2025-05-31,2025-06-19,2025-01-01,2025-07-23,1,2025-03-11,739320.532031911,-97.46796808904037,False
gcc_mean,GSI-2198,2025-falling,2025,falling,EVENT_YEAR_RELATIVE,0.25,2025-05-23,2025-05-20,2025-06-11,2025-01-01,2025-07-23,1,2025-03-03,739313.083331508,-80.91666849202011,False
gcc_mean,GSI-2199,2025-falling,2025,falling,EVENT_YEAR_RELATIVE,0.25,2025-05-23,2025-05-20,2025-06-11,2025-01-01,2025-07-23,1,2025-03-03,739313.083331508,-80.91666849202011,False
gcc_mean,GSI-2629,2025-falling,2025,falling,EVENT_YEAR_RELATIVE,0.25,2025-05-23,2025-05-20,2025-06-11,2025-01-01,2025-07-23,1,2025-04-07,739348.349130416,-45.65086958394386,False
gcc_mean,GSI-2630,2025-falling,2025,falling,EVENT_YEAR_RELATIVE,0.25,2025-05-23,2025-05-20,2025-06-11,2025-01-01,2025-07-23,1,2025-04-07,739348.349130416,-45.65086958394386,False
gcc_mean,GSI-2631,2025-falling,2025,falling,EVENT_YEAR_RELATIVE,0.25,2025-05-23,2025-05-20,2025-06-11,2025-01-01,2025-07-23,1,2025-04-07,739348.349130416,-45.65086958394386,False
gcc_mean,GSI-2634,2025-falling,2025,falling,EVENT_YEAR_RELATIVE,0.25,2025-05-23,2025-05-20,2025-06-11,2025-01-01,2025-07-23,1,2025-04-04,739345.374726102,-48.62527389801107,False
gcc_mean,GSI-2635,2025-falling,2025,falling,EVENT_YEAR_RELATIVE,0.25,2025-05-23,2025-05-20,2025-06-11,2025-01-01,2025-07-23,1,2025-04-04,739345.374726102,-48.62527389801107,False
gcc_mean,GSI-2636,2025-falling,2025,falling,EVENT_YEAR_RELATIVE,0.25,2025-05-23,2025-05-20,2025-06-11,2025-01-01,2025-07-23,1,2025-04-04,739345.374726102,-48.62527389801107,False
gcc_mean,GSI-2638,2025-falling,2025,falling,EVENT_YEAR_RELATIVE,0.25,2025-05-23,2025-05-20,2025-06-11,2025-01-01,2025-07-23,1,2025-03-03,739313.095160418,-80.90483958204277,False
gcc_mean,GSI-3941,2025-falling,2025,falling,EVENT_YEAR_RELATIVE,0.25,2025-05-23,2025-05-20,2025-06-11,2025-01-01,2025-07-23,1,2025-03-02,739312.343523422,-81.65647657797672,False
gcc_mean,GSI-3942,2025-falling,2025,falling,EVENT_YEAR_RELATIVE,0.25,2025-05-23,2025-05-20,2025-06-11,2025-01-01,2025-07-23,1,2025-03-02,739312.343523422,-81.65647657797672,False
gcc_mean,GSI-3962,2025-falling,2025,falling,EVENT_YEAR_RELATIVE,0.25,2025-05-23,2025-05-20,2025-06-11,2025-01-01,2025-07-23,1,2025-03-03,739313.083331508,-80.91666849202011,False
gcc_mean,GSI-3963,2025-falling,2025,falling,EVENT_YEAR_RELATIVE,0.25,2025-05-23,2025-05-20,2025-06-11,2025-01-01,2025-07-23,1,2025-03-03,739313.083331508,-80.91666849202011,False
gcc_mean,GSI-4372,2025-falling,2025,falling,EVENT_YEAR_RELATIVE,0.25,2025-05-23,2025-05-20,2025-06-11,2025-01-01,2025-07-23,1,2025-04-05,739346.092831461,-47.907168539008126,False
gcc_mean,GSI-4377,2025-falling,2025,falling,EVENT_YEAR_RELATIVE,0.25,2025-05-23,2025-05-20,2025-06-11,2025-01-01,2025-07-23,1,2025-04-03,739344.135562133,-49.864437866955996,False
gcc_mean,GSI-4393,2025-falling,2025,falling,EVENT_YEAR_RELATIVE,0.25,2025-05-23,2025-05-20,2025-06-11,2025-01-01,2025-07-23,1,2025-04-07,739348.416696555,-45.58330344501883,False
gcc_mean,GSI-4394,2025-falling,2025,falling,EVENT_YEAR_RELATIVE,0.25,2025-05-23,2025-05-20,2025-06-11,2025-01-01,2025-07-23,1,2025-04-07,739348.416696555,-45.58330344501883,False
gcc_mean,GSI-4395,2025-falling,2025,falling,EVENT_YEAR_RELATIVE,0.25,2025-05-23,2025-05-20,2025-06-11,2025-01-01,2025-07-23,1,2025-04-07,739348.416696555,-45.58330344501883,False
gcc_mean,GSI-4398,2025-falling,2025,falling,EVENT_YEAR_RELATIVE,0.25,2025-05-23,2025-05-20,2025-06-11,2025-01-01,2025-07-23,1,2025-04-05,739345.533191252,-48.46680874796584,False
gcc_mean,GSI-4399,2025-falling,2025,falling,EVENT_YEAR_RELATIVE,0.25,2025-05-23,2025-05-20,2025-06-11,2025-01-01,2025-07-23,1,2025-04-05,739345.533191252,-48.46680874796584,False
gcc_mean,GSI-4400,2025-falling,2025,falling,EVENT_YEAR_RELATIVE,0.25,2025-05-23,2025-05-20,2025-06-11,2025-01-01,2025-07-23,1,2025-04-05,739345.533191252,-48.46680874796584,False
gcc_mean,GSI-4402,2025-falling,2025,falling,EVENT_YEAR_RELATIVE,0.25,2025-05-23,2025-05-20,2025-06-11,2025-01-01,2025-07-23,1,2025-03-03,739313.083331508,-80.91666849202011,False
gcc_mean,GSI-4831,2025-falling,2025,falling,EVENT_YEAR_RELATIVE,0.25,2025-05-23,2025-05-20,2025-06-11,2025-01-01,2025-07-23,1,2025-05-10,739381.37846432,-12.621535680023953,False
gcc_mean,GSI-4832,2025-falling,2025,falling,EVENT_YEAR_RELATIVE,0.25,2025-05-23,2025-05-20,2025-06-11,2025-01-01,2025-07-23,1,2025-04-13,739354.059829821,-39.94017017900478,False
gcc_mean,GSI-4833,2025-falling,2025,falling,EVENT_YEAR_RELATIVE,0.25,2025-05-23,2025-05-20,2025-06-11,2025-01-01,2025-07-23,1,2025-04-07,739348.319620856,-45.680379144032486,False
gcc_mean,GSI-4837,2025-falling,2025,falling,EVENT_YEAR_RELATIVE,0.25,2025-05-23,2025-05-20,2025-06-11,2025-01-01,2025-07-23,1,2025-04-10,739351.305947006,-42.69405299401842,False
gcc_mean,GSI-4838,2025-falling,2025,falling,EVENT_YEAR_RELATIVE,0.25,2025-05-23,2025-05-20,2025-06-11,2025-01-01,2025-07-23,1,2025-04-04,739345.313561639,-48.68643836094998,False
gcc_mean,GSI-4842,2025-falling,2025,falling,EVENT_YEAR_RELATIVE,0.25,2025-05-23,2025-05-20,2025-06-11,2025-01-01,2025-07-23,1,2025-03-03,739313.099732262,-80.90026773803402,False
gcc_mean,GSI-5695,2025-falling,2025,falling,EVENT_YEAR_RELATIVE,0.25,2025-05-23,2025-05-20,2025-06-11,2025-01-01,2025-07-23,1,2025-04-05,739346.092831461,-47.907168539008126,False
gcc_mean,GSI-5700,2025-falling,2025,falling,EVENT_YEAR_RELATIVE,0.25,2025-05-23,2025-05-20,2025-06-11,2025-01-01,2025-07-23,1,2025-04-03,739344.135562133,-49.864437866955996,False
gcc_mean,GSI-5716,2025-falling,2025,falling,EVENT_YEAR_RELATIVE,0.25,2025-05-23,2025-05-20,2025-06-11,2025-01-01,2025-07-23,1,2025-04-07,739348.416696555,-45.58330344501883,False
gcc_mean,GSI-5717,2025-falling,2025,falling,EVENT_YEAR_RELATIVE,0.25,2025-05-23,2025-05-20,2025-06-11,2025-01-01,2025-07-23,1,2025-04-07,739348.416696555,-45.58330344501883,False
gcc_mean,GSI-5718,2025-falling,2025,falling,EVENT_YEAR_RELATIVE,0.25,2025-05-23,2025-05-20,2025-06-11,2025-01-01,2025-07-23,1,2025-04-07,739348.416696555,-45.58330344501883,False
gcc_mean,GSI-5721,2025-falling,2025,falling,EVENT_YEAR_RELATIVE,0.25,2025-05-23,2025-05-20,2025-06-11,2025-01-01,2025-07-23,1,2025-04-05,739345.533191252,-48.46680874796584,False
gcc_mean,GSI-5722,2025-falling,2025,falling,EVENT_YEAR_RELATIVE,0.25,2025-05-23,2025-05-20,2025-06-11,2025-01-01,2025-07-23,1,2025-04-05,739345.533191252,-48.46680874796584,False
gcc_mean,GSI-5723,2025-falling,2025,falling,EVENT_YEAR_RELATIVE,0.25,2025-05-23,2025-05-20,2025-06-11,2025-01-01,2025-07-23,1,2025-04-05,739345.533191252,-48.46680874796584,False
gcc_mean,GSI-5725,2025-falling,2025,falling,EVENT_YEAR_RELATIVE,0.25,2025-05-23,2025-05-20,2025-06-11,2025-01-01,2025-07-23,1,2025-03-03,739313.083331508,-80.91666849202011,False
gcc_mean,GSI-2198,2025-falling,2025,falling,EVENT_YEAR_RELATIVE,0.50,2025-05-01,2025-04-15,2025-05-03,2025-01-01,2025-07-23,1,2025-02-23,739305.411224007,-66.58877599297557,False
gcc_mean,GSI-2199,2025-falling,2025,falling,EVENT_YEAR_RELATIVE,0.50,2025-05-01,2025-04-15,2025-05-03,2025-01-01,2025-07-23,1,2025-02-23,739305.411224007,-66.58877599297557,False
gcc_mean,GSI-2629,2025-falling,2025,falling,EVENT_YEAR_RELATIVE,0.50,2025-05-01,2025-04-15,2025-05-03,2025-01-01,2025-07-23,1,2025-03-26,739335.913970071,-36.0860299289925,False
gcc_mean,GSI-2630,2025-falling,2025,falling,EVENT_YEAR_RELATIVE,0.50,2025-05-01,2025-04-15,2025-05-03,2025-01-01,2025-07-23,1,2025-03-26,739335.913970071,-36.0860299289925,False
gcc_mean,GSI-2631,2025-falling,2025,falling,EVENT_YEAR_RELATIVE,0.50,2025-05-01,2025-04-15,2025-05-03,2025-01-01,2025-07-23,1,2025-03-26,739335.913970071,-36.0860299289925,False
gcc_mean,GSI-2634,2025-falling,2025,falling,EVENT_YEAR_RELATIVE,0.50,2025-05-01,2025-04-15,2025-05-03,2025-01-01,2025-07-23,1,2025-03-22,739331.994745829,-40.005254170973785,False
gcc_mean,GSI-2635,2025-falling,2025,falling,EVENT_YEAR_RELATIVE,0.50,2025-05-01,2025-04-15,2025-05-03,2025-01-01,2025-07-23,1,2025-03-22,739331.994745829,-40.005254170973785,False
gcc_mean,GSI-2636,2025-falling,2025,falling,EVENT_YEAR_RELATIVE,0.50,2025-05-01,2025-04-15,2025-05-03,2025-01-01,2025-07-23,1,2025-03-22,739331.994745829,-40.005254170973785,False
gcc_mean,GSI-2638,2025-falling,2025,falling,EVENT_YEAR_RELATIVE,0.50,2025-05-01,2025-04-15,2025-05-03,2025-01-01,2025-07-23,1,2025-02-23,739305.389613156,-66.61038684402592,False
gcc_mean,GSI-3941,2025-falling,2025,falling,EVENT_YEAR_RELATIVE,0.50,2025-05-01,2025-04-15,2025-05-03,2025-01-01,2025-07-23,1,2025-02-21,739303.326204482,-68.67379551799968,False
gcc_mean,GSI-3942,2025-falling,2025,falling,EVENT_YEAR_RELATIVE,0.50,2025-05-01,2025-04-15,2025-05-03,2025-01-01,2025-07-23,1,2025-02-21,739303.326204482,-68.67379551799968,False
gcc_mean,GSI-3962,2025-falling,2025,falling,EVENT_YEAR_RELATIVE,0.50,2025-05-01,2025-04-15,2025-05-03,2025-01-01,2025-07-23,1,2025-02-23,739305.411224007,-66.58877599297557,False
gcc_mean,GSI-3963,2025-falling,2025,falling,EVENT_YEAR_RELATIVE,0.50,2025-05-01,2025-04-15,2025-05-03,2025-01-01,2025-07-23,1,2025-02-23,739305.411224007,-66.58877599297557,False
gcc_mean,GSI-4372,2025-falling,2025,falling,EVENT_YEAR_RELATIVE,0.50,2025-05-01,2025-04-15,2025-05-03,2025-01-01,2025-07-23,1,2025-03-24,739333.831482915,-38.16851708502509,False
gcc_mean,GSI-4377,2025-falling,2025,falling,EVENT_YEAR_RELATIVE,0.50,2025-05-01,2025-04-15,2025-05-03,2025-01-01,2025-07-23,1,2025-03-21,739330.934662836,-41.065337163978256,False
gcc_mean,GSI-4393,2025-falling,2025,falling,EVENT_YEAR_RELATIVE,0.50,2025-05-01,2025-04-15,2025-05-03,2025-01-01,2025-07-23,1,2025-03-26,739336.080663552,-35.9193364479579,False
gcc_mean,GSI-4394,2025-falling,2025,falling,EVENT_YEAR_RELATIVE,0.50,2025-05-01,2025-04-15,2025-05-03,2025-01-01,2025-07-23,1,2025-03-26,739336.080663552,-35.9193364479579,False
gcc_mean,GSI-4395,2025-falling,2025,falling,EVENT_YEAR_RELATIVE,0.50,2025-05-01,2025-04-15,2025-05-03,2025-01-01,2025-07-23,1,2025-03-26,739336.080663552,-35.9193364479579,False
gcc_mean,GSI-4398,2025-falling,2025,falling,EVENT_YEAR_RELATIVE,0.50,2025-05-01,2025-04-15,2025-05-03,2025-01-01,2025-07-23,1,2025-03-22,739332.195000701,-39.804999298998155,False
gcc_mean,GSI-4399,2025-falling,2025,falling,EVENT_YEAR_RELATIVE,0.50,2025-05-01,2025-04-15,2025-05-03,2025-01-01,2025-07-23,1,2025-03-22,739332.195000701,-39.804999298998155,False
gcc_mean,GSI-4400,2025-falling,2025,falling,EVENT_YEAR_RELATIVE,0.50,2025-05-01,2025-04-15,2025-05-03,2025-01-01,2025-07-23,1,2025-03-22,739332.195000701,-39.804999298998155,False
gcc_mean,GSI-4402,2025-falling,2025,falling,EVENT_YEAR_RELATIVE,0.50,2025-05-01,2025-04-15,2025-05-03,2025-01-01,2025-07-23,1,2025-02-23,739305.411224007,-66.58877599297557,False
gcc_mean,GSI-4831,2025-falling,2025,falling,EVENT_YEAR_RELATIVE,0.50,2025-05-01,2025-04-15,2025-05-03,2025-01-01,2025-07-23,2,2025-04-30,739370.934831534,-1.0651684659533203,True
gcc_mean,GSI-4832,2025-falling,2025,falling,EVENT_YEAR_RELATIVE,0.50,2025-05-01,2025-04-15,2025-05-03,2025-01-01,2025-07-23,1,2025-04-01,739342.362907887,-29.63709211302921,False
gcc_mean,GSI-4833,2025-falling,2025,falling,EVENT_YEAR_RELATIVE,0.50,2025-05-01,2025-04-15,2025-05-03,2025-01-01,2025-07-23,1,2025-03-26,739335.84457465,-36.15542534994893,False
gcc_mean,GSI-4837,2025-falling,2025,falling,EVENT_YEAR_RELATIVE,0.50,2025-05-01,2025-04-15,2025-05-03,2025-01-01,2025-07-23,1,2025-03-31,739341.117756684,-30.88224331603851,False
gcc_mean,GSI-4838,2025-falling,2025,falling,EVENT_YEAR_RELATIVE,0.50,2025-05-01,2025-04-15,2025-05-03,2025-01-01,2025-07-23,1,2025-03-22,739331.917203475,-40.08279652497731,False
gcc_mean,GSI-4842,2025-falling,2025,falling,EVENT_YEAR_RELATIVE,0.50,2025-05-01,2025-04-15,2025-05-03,2025-01-01,2025-07-23,1,2025-02-23,739305.381260616,-66.61873938399367,False
gcc_mean,GSI-5695,2025-falling,2025,falling,EVENT_YEAR_RELATIVE,0.50,2025-05-01,2025-04-15,2025-05-03,2025-01-01,2025-07-23,1,2025-03-24,739333.831482915,-38.16851708502509,False
gcc_mean,GSI-5700,2025-falling,2025,falling,EVENT_YEAR_RELATIVE,0.50,2025-05-01,2025-04-15,2025-05-03,2025-01-01,2025-07-23,1,2025-03-21,739330.934662836,-41.065337163978256,False
gcc_mean,GSI-5716,2025-falling,2025,falling,EVENT_YEAR_RELATIVE,0.50,2025-05-01,2025-04-15,2025-05-03,2025-01-01,2025-07-23,1,2025-03-26,739336.080663552,-35.9193364479579,False
gcc_mean,GSI-5717,2025-falling,2025,falling,EVENT_YEAR_RELATIVE,0.50,2025-05-01,2025-04-15,2025-05-03,2025-01-01,2025-07-23,1,2025-03-26,739336.080663552,-35.9193364479579,False
gcc_mean,GSI-5718,2025-falling,2025,falling,EVENT_YEAR_RELATIVE,0.50,2025-05-01,2025-04-15,2025-05-03,2025-01-01,2025-07-23,1,2025-03-26,739336.080663552,-35.9193364479579,False
gcc_mean,GSI-5721,2025-falling,2025,falling,EVENT_YEAR_RELATIVE,0.50,2025-05-01,2025-04-15,2025-05-03,2025-01-01,2025-07-23,1,2025-03-22,739332.195000701,-39.804999298998155,False
gcc_mean,GSI-5722,2025-falling,2025,falling,EVENT_YEAR_RELATIVE,0.50,2025-05-01,2025-04-15,2025-05-03,2025-01-01,2025-07-23,1,2025-03-22,739332.195000701,-39.804999298998155,False
gcc_mean,GSI-5723,2025-falling,2025,falling,EVENT_YEAR_RELATIVE,0.50,2025-05-01,2025-04-15,2025-05-03,2025-01-01,2025-07-23,1,2025-03-22,739332.195000701,-39.804999298998155,False
gcc_mean,GSI-5725,2025-falling,2025,falling,EVENT_YEAR_RELATIVE,0.50,2025-05-01,2025-04-15,2025-05-03,2025-01-01,2025-07-23,1,2025-02-23,739305.411224007,-66.58877599297557,False
gcc_mean,GSI-2198,2025-rising,2025,rising,EVENT_YEAR_RELATIVE,0.10,2025-08-29,2025-08-28,2025-09-10,2025-07-23,2026-01-01,2,2025-11-19,739574.25818647,82.2581864700187,False
gcc_mean,GSI-2199,2025-rising,2025,rising,EVENT_YEAR_RELATIVE,0.10,2025-08-29,2025-08-28,2025-09-10,2025-07-23,2026-01-01,2,2025-11-19,739574.25818647,82.2581864700187,False
gcc_mean,GSI-2629,2025-rising,2025,rising,EVENT_YEAR_RELATIVE,0.10,2025-08-29,2025-08-28,2025-09-10,2025-07-23,2026-01-01,2,2025-11-20,739574.685607486,82.68560748605523,False
gcc_mean,GSI-2630,2025-rising,2025,rising,EVENT_YEAR_RELATIVE,0.10,2025-08-29,2025-08-28,2025-09-10,2025-07-23,2026-01-01,2,2025-11-20,739574.685607486,82.68560748605523,False
gcc_mean,GSI-2631,2025-rising,2025,rising,EVENT_YEAR_RELATIVE,0.10,2025-08-29,2025-08-28,2025-09-10,2025-07-23,2026-01-01,2,2025-11-20,739574.685607486,82.68560748605523,False
gcc_mean,GSI-2634,2025-rising,2025,rising,EVENT_YEAR_RELATIVE,0.10,2025-08-29,2025-08-28,2025-09-10,2025-07-23,2026-01-01,2,2025-11-20,739574.637631458,82.63763145799749,False
gcc_mean,GSI-2635,2025-rising,2025,rising,EVENT_YEAR_RELATIVE,0.10,2025-08-29,2025-08-28,2025-09-10,2025-07-23,2026-01-01,2,2025-11-20,739574.637631458,82.63763145799749,False
gcc_mean,GSI-2636,2025-rising,2025,rising,EVENT_YEAR_RELATIVE,0.10,2025-08-29,2025-08-28,2025-09-10,2025-07-23,2026-01-01,2,2025-11-20,739574.637631458,82.63763145799749,False
gcc_mean,GSI-2638,2025-rising,2025,rising,EVENT_YEAR_RELATIVE,0.10,2025-08-29,2025-08-28,2025-09-10,2025-07-23,2026-01-01,2,2025-11-19,739574.281430642,82.28143064200412,False
gcc_mean,GSI-3941,2025-rising,2025,rising,EVENT_YEAR_RELATIVE,0.10,2025-08-29,2025-08-28,2025-09-10,2025-07-23,2026-01-01,2,2025-11-20,739575.090936503,83.09093650302384,False
gcc_mean,GSI-3942,2025-rising,2025,rising,EVENT_YEAR_RELATIVE,0.10,2025-08-29,2025-08-28,2025-09-10,2025-07-23,2026-01-01,2,2025-11-20,739575.090936503,83.09093650302384,False
gcc_mean,GSI-3962,2025-rising,2025,rising,EVENT_YEAR_RELATIVE,0.10,2025-08-29,2025-08-28,2025-09-10,2025-07-23,2026-01-01,2,2025-11-19,739574.25818647,82.2581864700187,False
gcc_mean,GSI-3963,2025-rising,2025,rising,EVENT_YEAR_RELATIVE,0.10,2025-08-29,2025-08-28,2025-09-10,2025-07-23,2026-01-01,2,2025-11-19,739574.25818647,82.2581864700187,False
gcc_mean,GSI-4372,2025-rising,2025,rising,EVENT_YEAR_RELATIVE,0.10,2025-08-29,2025-08-28,2025-09-10,2025-07-23,2026-01-01,3,2025-11-20,739575.457195845,83.45719584496692,False
gcc_mean,GSI-4377,2025-rising,2025,rising,EVENT_YEAR_RELATIVE,0.10,2025-08-29,2025-08-28,2025-09-10,2025-07-23,2026-01-01,2,2025-11-20,739575.422279162,83.42227916198317,False
gcc_mean,GSI-4393,2025-rising,2025,rising,EVENT_YEAR_RELATIVE,0.10,2025-08-29,2025-08-28,2025-09-10,2025-07-23,2026-01-01,2,2025-11-20,739574.651081919,82.65108191897161,False
gcc_mean,GSI-4394,2025-rising,2025,rising,EVENT_YEAR_RELATIVE,0.10,2025-08-29,2025-08-28,2025-09-10,2025-07-23,2026-01-01,2,2025-11-20,739574.651081919,82.65108191897161,False
gcc_mean,GSI-4395,2025-rising,2025,rising,EVENT_YEAR_RELATIVE,0.10,2025-08-29,2025-08-28,2025-09-10,2025-07-23,2026-01-01,2,2025-11-20,739574.651081919,82.65108191897161,False
gcc_mean,GSI-4398,2025-rising,2025,rising,EVENT_YEAR_RELATIVE,0.10,2025-08-29,2025-08-28,2025-09-10,2025-07-23,2026-01-01,2,2025-11-20,739574.604447284,82.6044472840149,False
gcc_mean,GSI-4399,2025-rising,2025,rising,EVENT_YEAR_RELATIVE,0.10,2025-08-29,2025-08-28,2025-09-10,2025-07-23,2026-01-01,2,2025-11-20,739574.604447284,82.6044472840149,False
gcc_mean,GSI-4400,2025-rising,2025,rising,EVENT_YEAR_RELATIVE,0.10,2025-08-29,2025-08-28,2025-09-10,2025-07-23,2026-01-01,2,2025-11-20,739574.604447284,82.6044472840149,False
gcc_mean,GSI-4402,2025-rising,2025,rising,EVENT_YEAR_RELATIVE,0.10,2025-08-29,2025-08-28,2025-09-10,2025-07-23,2026-01-01,2,2025-11-19,739574.25818647,82.2581864700187,False
gcc_mean,GSI-4831,2025-rising,2025,rising,EVENT_YEAR_RELATIVE,0.10,2025-08-29,2025-08-28,2025-09-10,2025-07-23,2026-01-01,4,2025-08-15,739477.698887714,-14.30111228604801,False
gcc_mean,GSI-4832,2025-rising,2025,rising,EVENT_YEAR_RELATIVE,0.10,2025-08-29,2025-08-28,2025-09-10,2025-07-23,2026-01-01,4,2025-10-04,739527.599337468,35.599337468040176,False
gcc_mean,GSI-4833,2025-rising,2025,rising,EVENT_YEAR_RELATIVE,0.10,2025-08-29,2025-08-28,2025-09-10,2025-07-23,2026-01-01,2,2025-11-20,739574.699491325,82.69949132495094,False
gcc_mean,GSI-4837,2025-rising,2025,rising,EVENT_YEAR_RELATIVE,0.10,2025-08-29,2025-08-28,2025-09-10,2025-07-23,2026-01-01,4,2025-10-04,739527.756851579,35.756851578946225,False
gcc_mean,GSI-4838,2025-rising,2025,rising,EVENT_YEAR_RELATIVE,0.10,2025-08-29,2025-08-28,2025-09-10,2025-07-23,2026-01-01,2,2025-11-20,739574.650975879,82.65097587904893,False
gcc_mean,GSI-4842,2025-rising,2025,rising,EVENT_YEAR_RELATIVE,0.10,2025-08-29,2025-08-28,2025-09-10,2025-07-23,2026-01-01,2,2025-11-19,739574.290777869,82.29077786905691,False
gcc_mean,GSI-5695,2025-rising,2025,rising,EVENT_YEAR_RELATIVE,0.10,2025-08-29,2025-08-28,2025-09-10,2025-07-23,2026-01-01,3,2025-11-20,739575.457195845,83.45719584496692,False
gcc_mean,GSI-5700,2025-rising,2025,rising,EVENT_YEAR_RELATIVE,0.10,2025-08-29,2025-08-28,2025-09-10,2025-07-23,2026-01-01,2,2025-11-20,739575.422279162,83.42227916198317,False
gcc_mean,GSI-5716,2025-rising,2025,rising,EVENT_YEAR_RELATIVE,0.10,2025-08-29,2025-08-28,2025-09-10,2025-07-23,2026-01-01,2,2025-11-20,739574.651081919,82.65108191897161,False
gcc_mean,GSI-5717,2025-rising,2025,rising,EVENT_YEAR_RELATIVE,0.10,2025-08-29,2025-08-28,2025-09-10,2025-07-23,2026-01-01,2,2025-11-20,739574.651081919,82.65108191897161,False
gcc_mean,GSI-5718,2025-rising,2025,rising,EVENT_YEAR_RELATIVE,0.10,2025-08-29,2025-08-28,2025-09-10,2025-07-23,2026-01-01,2,2025-11-20,739574.651081919,82.65108191897161,False
gcc_mean,GSI-5721,2025-rising,2025,rising,EVENT_YEAR_RELATIVE,0.10,2025-08-29,2025-08-28,2025-09-10,2025-07-23,2026-01-01,2,2025-11-20,739574.604447284,82.6044472840149,False
gcc_mean,GSI-5722,2025-rising,2025,rising,EVENT_YEAR_RELATIVE,0.10,2025-08-29,2025-08-28,2025-09-10,2025-07-23,2026-01-01,2,2025-11-20,739574.604447284,82.6044472840149,False
gcc_mean,GSI-5723,2025-rising,2025,rising,EVENT_YEAR_RELATIVE,0.10,2025-08-29,2025-08-28,2025-09-10,2025-07-23,2026-01-01,2,2025-11-20,739574.604447284,82.6044472840149,False
gcc_mean,GSI-5725,2025-rising,2025,rising,EVENT_YEAR_RELATIVE,0.10,2025-08-29,2025-08-28,2025-09-10,2025-07-23,2026-01-01,2,2025-11-19,739574.25818647,82.2581864700187,False
gcc_mean,GSI-2198,2025-rising,2025,rising,EVENT_YEAR_RELATIVE,0.25,2025-08-31,2025-08-29,2025-09-10,2025-07-23,2026-01-01,1,2025-12-29,739614.071224494,120.07122449402232,False
gcc_mean,GSI-2199,2025-rising,2025,rising,EVENT_YEAR_RELATIVE,0.25,2025-08-31,2025-08-29,2025-09-10,2025-07-23,2026-01-01,1,2025-12-29,739614.071224494,120.07122449402232,False
gcc_mean,GSI-2629,2025-rising,2025,rising,EVENT_YEAR_RELATIVE,0.25,2025-08-31,2025-08-29,2025-09-10,2025-07-23,2026-01-01,0,,,,False
gcc_mean,GSI-2630,2025-rising,2025,rising,EVENT_YEAR_RELATIVE,0.25,2025-08-31,2025-08-29,2025-09-10,2025-07-23,2026-01-01,0,,,,False
gcc_mean,GSI-2631,2025-rising,2025,rising,EVENT_YEAR_RELATIVE,0.25,2025-08-31,2025-08-29,2025-09-10,2025-07-23,2026-01-01,0,,,,False
gcc_mean,GSI-2634,2025-rising,2025,rising,EVENT_YEAR_RELATIVE,0.25,2025-08-31,2025-08-29,2025-09-10,2025-07-23,2026-01-01,0,,,,False
gcc_mean,GSI-2635,2025-rising,2025,rising,EVENT_YEAR_RELATIVE,0.25,2025-08-31,2025-08-29,2025-09-10,2025-07-23,2026-01-01,0,,,,False
gcc_mean,GSI-2636,2025-rising,2025,rising,EVENT_YEAR_RELATIVE,0.25,2025-08-31,2025-08-29,2025-09-10,2025-07-23,2026-01-01,0,,,,False
gcc_mean,GSI-2638,2025-rising,2025,rising,EVENT_YEAR_RELATIVE,0.25,2025-08-31,2025-08-29,2025-09-10,2025-07-23,2026-01-01,1,2025-12-29,739614.053476257,120.05347625701688,False
gcc_mean,GSI-3941,2025-rising,2025,rising,EVENT_YEAR_RELATIVE,0.25,2025-08-31,2025-08-29,2025-09-10,2025-07-23,2026-01-01,0,,,,False
gcc_mean,GSI-3942,2025-rising,2025,rising,EVENT_YEAR_RELATIVE,0.25,2025-08-31,2025-08-29,2025-09-10,2025-07-23,2026-01-01,0,,,,False
gcc_mean,GSI-3962,2025-rising,2025,rising,EVENT_YEAR_RELATIVE,0.25,2025-08-31,2025-08-29,2025-09-10,2025-07-23,2026-01-01,1,2025-12-29,739614.071224494,120.07122449402232,False
gcc_mean,GSI-3963,2025-rising,2025,rising,EVENT_YEAR_RELATIVE,0.25,2025-08-31,2025-08-29,2025-09-10,2025-07-23,2026-01-01,1,2025-12-29,739614.071224494,120.07122449402232,False
gcc_mean,GSI-4372,2025-rising,2025,rising,EVENT_YEAR_RELATIVE,0.25,2025-08-31,2025-08-29,2025-09-10,2025-07-23,2026-01-01,0,,,,False
gcc_mean,GSI-4377,2025-rising,2025,rising,EVENT_YEAR_RELATIVE,0.25,2025-08-31,2025-08-29,2025-09-10,2025-07-23,2026-01-01,0,,,,False
gcc_mean,GSI-4393,2025-rising,2025,rising,EVENT_YEAR_RELATIVE,0.25,2025-08-31,2025-08-29,2025-09-10,2025-07-23,2026-01-01,0,,,,False
gcc_mean,GSI-4394,2025-rising,2025,rising,EVENT_YEAR_RELATIVE,0.25,2025-08-31,2025-08-29,2025-09-10,2025-07-23,2026-01-01,0,,,,False
gcc_mean,GSI-4395,2025-rising,2025,rising,EVENT_YEAR_RELATIVE,0.25,2025-08-31,2025-08-29,2025-09-10,2025-07-23,2026-01-01,0,,,,False
gcc_mean,GSI-4398,2025-rising,2025,rising,EVENT_YEAR_RELATIVE,0.25,2025-08-31,2025-08-29,2025-09-10,2025-07-23,2026-01-01,0,,,,False
gcc_mean,GSI-4399,2025-rising,2025,rising,EVENT_YEAR_RELATIVE,0.25,2025-08-31,2025-08-29,2025-09-10,2025-07-23,2026-01-01,0,,,,False
gcc_mean,GSI-4400,2025-rising,2025,rising,EVENT_YEAR_RELATIVE,0.25,2025-08-31,2025-08-29,2025-09-10,2025-07-23,2026-01-01,0,,,,False
gcc_mean,GSI-4402,2025-rising,2025,rising,EVENT_YEAR_RELATIVE,0.25,2025-08-31,2025-08-29,2025-09-10,2025-07-23,2026-01-01,1,2025-12-29,739614.071224494,120.07122449402232,False
gcc_mean,GSI-4831,2025-rising,2025,rising,EVENT_YEAR_RELATIVE,0.25,2025-08-31,2025-08-29,2025-09-10,2025-07-23,2026-01-01,0,,,,False
gcc_mean,GSI-4832,2025-rising,2025,rising,EVENT_YEAR_RELATIVE,0.25,2025-08-31,2025-08-29,2025-09-10,2025-07-23,2026-01-01,0,,,,False
gcc_mean,GSI-4833,2025-rising,2025,rising,EVENT_YEAR_RELATIVE,0.25,2025-08-31,2025-08-29,2025-09-10,2025-07-23,2026-01-01,0,,,,False
gcc_mean,GSI-4837,2025-rising,2025,rising,EVENT_YEAR_RELATIVE,0.25,2025-08-31,2025-08-29,2025-09-10,2025-07-23,2026-01-01,0,,,,False
gcc_mean,GSI-4838,2025-rising,2025,rising,EVENT_YEAR_RELATIVE,0.25,2025-08-31,2025-08-29,2025-09-10,2025-07-23,2026-01-01,0,,,,False
gcc_mean,GSI-4842,2025-rising,2025,rising,EVENT_YEAR_RELATIVE,0.25,2025-08-31,2025-08-29,2025-09-10,2025-07-23,2026-01-01,1,2025-12-29,739614.046616607,120.0466166069964,False
gcc_mean,GSI-5695,2025-rising,2025,rising,EVENT_YEAR_RELATIVE,0.25,2025-08-31,2025-08-29,2025-09-10,2025-07-23,2026-01-01,0,,,,False
gcc_mean,GSI-5700,2025-rising,2025,rising,EVENT_YEAR_RELATIVE,0.25,2025-08-31,2025-08-29,2025-09-10,2025-07-23,2026-01-01,0,,,,False
gcc_mean,GSI-5716,2025-rising,2025,rising,EVENT_YEAR_RELATIVE,0.25,2025-08-31,2025-08-29,2025-09-10,2025-07-23,2026-01-01,0,,,,False
gcc_mean,GSI-5717,2025-rising,2025,rising,EVENT_YEAR_RELATIVE,0.25,2025-08-31,2025-08-29,2025-09-10,2025-07-23,2026-01-01,0,,,,False
gcc_mean,GSI-5718,2025-rising,2025,rising,EVENT_YEAR_RELATIVE,0.25,2025-08-31,2025-08-29,2025-09-10,2025-07-23,2026-01-01,0,,,,False
gcc_mean,GSI-5721,2025-rising,2025,rising,EVENT_YEAR_RELATIVE,0.25,2025-08-31,2025-08-29,2025-09-10,2025-07-23,2026-01-01,0,,,,False
gcc_mean,GSI-5722,2025-rising,2025,rising,EVENT_YEAR_RELATIVE,0.25,2025-08-31,2025-08-29,2025-09-10,2025-07-23,2026-01-01,0,,,,False
gcc_mean,GSI-5723,2025-rising,2025,rising,EVENT_YEAR_RELATIVE,0.25,2025-08-31,2025-08-29,2025-09-10,2025-07-23,2026-01-01,0,,,,False
gcc_mean,GSI-5725,2025-rising,2025,rising,EVENT_YEAR_RELATIVE,0.25,2025-08-31,2025-08-29,2025-09-10,2025-07-23,2026-01-01,1,2025-12-29,739614.071224494,120.07122449402232,False
gcc_mean,GSI-2198,2025-rising,2025,rising,EVENT_YEAR_RELATIVE,0.50,2025-09-05,2025-09-04,2025-09-11,2025-07-23,2026-01-01,0,,,,False
gcc_mean,GSI-2199,2025-rising,2025,rising,EVENT_YEAR_RELATIVE,0.50,2025-09-05,2025-09-04,2025-09-11,2025-07-23,2026-01-01,0,,,,False
gcc_mean,GSI-2629,2025-rising,2025,rising,EVENT_YEAR_RELATIVE,0.50,2025-09-05,2025-09-04,2025-09-11,2025-07-23,2026-01-01,0,,,,False
gcc_mean,GSI-2630,2025-rising,2025,rising,EVENT_YEAR_RELATIVE,0.50,2025-09-05,2025-09-04,2025-09-11,2025-07-23,2026-01-01,0,,,,False
gcc_mean,GSI-2631,2025-rising,2025,rising,EVENT_YEAR_RELATIVE,0.50,2025-09-05,2025-09-04,2025-09-11,2025-07-23,2026-01-01,0,,,,False
gcc_mean,GSI-2634,2025-rising,2025,rising,EVENT_YEAR_RELATIVE,0.50,2025-09-05,2025-09-04,2025-09-11,2025-07-23,2026-01-01,0,,,,False
gcc_mean,GSI-2635,2025-rising,2025,rising,EVENT_YEAR_RELATIVE,0.50,2025-09-05,2025-09-04,2025-09-11,2025-07-23,2026-01-01,0,,,,False
gcc_mean,GSI-2636,2025-rising,2025,rising,EVENT_YEAR_RELATIVE,0.50,2025-09-05,2025-09-04,2025-09-11,2025-07-23,2026-01-01,0,,,,False
gcc_mean,GSI-2638,2025-rising,2025,rising,EVENT_YEAR_RELATIVE,0.50,2025-09-05,2025-09-04,2025-09-11,2025-07-23,2026-01-01,0,,,,False
gcc_mean,GSI-3941,2025-rising,2025,rising,EVENT_YEAR_RELATIVE,0.50,2025-09-05,2025-09-04,2025-09-11,2025-07-23,2026-01-01,0,,,,False
gcc_mean,GSI-3942,2025-rising,2025,rising,EVENT_YEAR_RELATIVE,0.50,2025-09-05,2025-09-04,2025-09-11,2025-07-23,2026-01-01,0,,,,False
gcc_mean,GSI-3962,2025-rising,2025,rising,EVENT_YEAR_RELATIVE,0.50,2025-09-05,2025-09-04,2025-09-11,2025-07-23,2026-01-01,0,,,,False
gcc_mean,GSI-3963,2025-rising,2025,rising,EVENT_YEAR_RELATIVE,0.50,2025-09-05,2025-09-04,2025-09-11,2025-07-23,2026-01-01,0,,,,False
gcc_mean,GSI-4372,2025-rising,2025,rising,EVENT_YEAR_RELATIVE,0.50,2025-09-05,2025-09-04,2025-09-11,2025-07-23,2026-01-01,0,,,,False
gcc_mean,GSI-4377,2025-rising,2025,rising,EVENT_YEAR_RELATIVE,0.50,2025-09-05,2025-09-04,2025-09-11,2025-07-23,2026-01-01,0,,,,False
gcc_mean,GSI-4393,2025-rising,2025,rising,EVENT_YEAR_RELATIVE,0.50,2025-09-05,2025-09-04,2025-09-11,2025-07-23,2026-01-01,0,,,,False
gcc_mean,GSI-4394,2025-rising,2025,rising,EVENT_YEAR_RELATIVE,0.50,2025-09-05,2025-09-04,2025-09-11,2025-07-23,2026-01-01,0,,,,False
gcc_mean,GSI-4395,2025-rising,2025,rising,EVENT_YEAR_RELATIVE,0.50,2025-09-05,2025-09-04,2025-09-11,2025-07-23,2026-01-01,0,,,,False
gcc_mean,GSI-4398,2025-rising,2025,rising,EVENT_YEAR_RELATIVE,0.50,2025-09-05,2025-09-04,2025-09-11,2025-07-23,2026-01-01,0,,,,False
gcc_mean,GSI-4399,2025-rising,2025,rising,EVENT_YEAR_RELATIVE,0.50,2025-09-05,2025-09-04,2025-09-11,2025-07-23,2026-01-01,0,,,,False
gcc_mean,GSI-4400,2025-rising,2025,rising,EVENT_YEAR_RELATIVE,0.50,2025-09-05,2025-09-04,2025-09-11,2025-07-23,2026-01-01,0,,,,False
gcc_mean,GSI-4402,2025-rising,2025,rising,EVENT_YEAR_RELATIVE,0.50,2025-09-05,2025-09-04,2025-09-11,2025-07-23,2026-01-01,0,,,,False
gcc_mean,GSI-4831,2025-rising,2025,rising,EVENT_YEAR_RELATIVE,0.50,2025-09-05,2025-09-04,2025-09-11,2025-07-23,2026-01-01,0,,,,False
gcc_mean,GSI-4832,2025-rising,2025,rising,EVENT_YEAR_RELATIVE,0.50,2025-09-05,2025-09-04,2025-09-11,2025-07-23,2026-01-01,0,,,,False
gcc_mean,GSI-4833,2025-rising,2025,rising,EVENT_YEAR_RELATIVE,0.50,2025-09-05,2025-09-04,2025-09-11,2025-07-23,2026-01-01,0,,,,False
gcc_mean,GSI-4837,2025-rising,2025,rising,EVENT_YEAR_RELATIVE,0.50,2025-09-05,2025-09-04,2025-09-11,2025-07-23,2026-01-01,0,,,,False
gcc_mean,GSI-4838,2025-rising,2025,rising,EVENT_YEAR_RELATIVE,0.50,2025-09-05,2025-09-04,2025-09-11,2025-07-23,2026-01-01,0,,,,False
gcc_mean,GSI-4842,2025-rising,2025,rising,EVENT_YEAR_RELATIVE,0.50,2025-09-05,2025-09-04,2025-09-11,2025-07-23,2026-01-01,0,,,,False
gcc_mean,GSI-5695,2025-rising,2025,rising,EVENT_YEAR_RELATIVE,0.50,2025-09-05,2025-09-04,2025-09-11,2025-07-23,2026-01-01,0,,,,False
gcc_mean,GSI-5700,2025-rising,2025,rising,EVENT_YEAR_RELATIVE,0.50,2025-09-05,2025-09-04,2025-09-11,2025-07-23,2026-01-01,0,,,,False
gcc_mean,GSI-5716,2025-rising,2025,rising,EVENT_YEAR_RELATIVE,0.50,2025-09-05,2025-09-04,2025-09-11,2025-07-23,2026-01-01,0,,,,False
gcc_mean,GSI-5717,2025-rising,2025,rising,EVENT_YEAR_RELATIVE,0.50,2025-09-05,2025-09-04,2025-09-11,2025-07-23,2026-01-01,0,,,,False
gcc_mean,GSI-5718,2025-rising,2025,rising,EVENT_YEAR_RELATIVE,0.50,2025-09-05,2025-09-04,2025-09-11,2025-07-23,2026-01-01,0,,,,False
gcc_mean,GSI-5721,2025-rising,2025,rising,EVENT_YEAR_RELATIVE,0.50,2025-09-05,2025-09-04,2025-09-11,2025-07-23,2026-01-01,0,,,,False
gcc_mean,GSI-5722,2025-rising,2025,rising,EVENT_YEAR_RELATIVE,0.50,2025-09-05,2025-09-04,2025-09-11,2025-07-23,2026-01-01,0,,,,False
gcc_mean,GSI-5723,2025-rising,2025,rising,EVENT_YEAR_RELATIVE,0.50,2025-09-05,2025-09-04,2025-09-11,2025-07-23,2026-01-01,0,,,,False
gcc_mean,GSI-5725,2025-rising,2025,rising,EVENT_YEAR_RELATIVE,0.50,2025-09-05,2025-09-04,2025-09-11,2025-07-23,2026-01-01,0,,,,False
