warning: Git tree '/workdir/openWEPP' is dirty
openWEPP Nix shell
  target:  /workdir/.cache/openwepp/targets/openWEPP-295c6e060aa9
  scratch: /tmp/openwepp-roger-openWEPP-295c6e060aa9
  cache:   /workdir/.cache/openwepp
   Compiling serde_core v1.0.228
   Compiling serde v1.0.228
   Compiling libc v0.2.186
   Compiling memchr v2.8.0
   Compiling getrandom v0.3.4
   Compiling syn v2.0.117
   Compiling once_cell v1.21.4
   Compiling ahash v0.8.12
   Compiling find-msvc-tools v0.1.9
   Compiling shlex v1.3.0
   Compiling pkg-config v0.3.33
   Compiling alloc-no-stdlib v2.0.4
   Compiling zstd-safe v7.2.4
   Compiling twox-hash v2.1.2
   Compiling simdutf8 v0.1.5
   Compiling stable_deref_trait v1.2.1
   Compiling alloc-stdlib v0.2.2
   Compiling lz4_flex v0.11.6
   Compiling regex-syntax v0.8.11
   Compiling bit-vec v0.8.0
   Compiling brotli-decompressor v4.0.3
   Compiling litemap v0.8.2
   Compiling smallvec v1.15.2
   Compiling writeable v0.6.3
   Compiling icu_normalizer_data v2.2.0
   Compiling icu_properties_data v2.2.0
   Compiling pulldown-cmark v0.13.4
   Compiling utf8_iter v1.0.4
   Compiling ref-cast v1.0.25
   Compiling bit-set v0.8.0
   Compiling unicase v2.9.0
   Compiling parking_lot_core v0.9.12
   Compiling scopeguard v1.2.0
   Compiling foldhash v0.2.0
   Compiling lock_api v0.4.14
   Compiling unicode-general-category v1.1.0
   Compiling allocator-api2 v0.2.21
   Compiling borrow-or-share v0.2.4
   Compiling quick-xml v0.41.0
   Compiling aho-corasick v1.1.4
   Compiling vsimd v0.8.0
   Compiling lazy_static v1.5.0
   Compiling outref v0.5.2
   Compiling percent-encoding v2.3.2
   Compiling fraction v0.15.4
   Compiling data-encoding v2.11.0
   Compiling brotli v7.0.0
   Compiling hashbrown v0.16.1
   Compiling uuid-simd v0.8.0
   Compiling bytecount v0.6.9
   Compiling jobserver v0.1.34
   Compiling num-cmp v0.1.0
   Compiling parking_lot v0.12.5
   Compiling rustix v1.1.4
   Compiling rand_core v0.9.5
   Compiling cc v1.2.62
   Compiling fastrand v2.5.0
   Compiling wait-timeout v0.2.1
   Compiling quick-error v1.2.3
   Compiling fnv v1.0.7
   Compiling rand_xorshift v0.4.0
   Compiling rand v0.9.5
   Compiling unarray v0.1.4
   Compiling approx v0.5.1
   Compiling openwepp-legacy-bridge v0.1.0 (/workdir/openWEPP/crates/openwepp-legacy-bridge)
   Compiling regex-automata v0.4.15
   Compiling openwepp-summary-accumulator v0.1.0 (/workdir/openWEPP/crates/openwepp-summary-accumulator)
   Compiling openwepp-meteorology v0.1.0 (/workdir/openWEPP/crates/openwepp-meteorology)
   Compiling serde_json v1.0.150
   Compiling openwepp-plant-phenology v0.1.0 (/workdir/openWEPP/crates/openwepp-plant-phenology)
   Compiling openwepp-topology v0.1.0 (/workdir/openWEPP/crates/openwepp-topology)
   Compiling zstd-sys v2.0.16+zstd.1.5.7
   Compiling openwepp-unit-boundary v0.1.0 (/workdir/openWEPP/crates/openwepp-unit-boundary)
   Compiling openwepp-sim-contract v0.1.0 (/workdir/openWEPP/crates/openwepp-sim-contract)
   Compiling openwepp-comparator-metadata v0.1.0 (/workdir/openWEPP/crates/openwepp-comparator-metadata)
   Compiling synstructure v0.13.2
   Compiling tempfile v3.27.0
   Compiling rusty-fork v0.3.1
   Compiling serde_derive v1.0.228
   Compiling zerocopy-derive v0.8.48
   Compiling zerofrom-derive v0.1.7
   Compiling yoke-derive v0.8.2
   Compiling zerovec-derive v0.11.3
   Compiling displaydoc v0.2.6
   Compiling ref-cast-impl v1.0.25
   Compiling fancy-regex v0.17.0
   Compiling regex v1.13.0
   Compiling zerofrom v0.1.8
   Compiling yoke v0.8.3
   Compiling zerocopy v0.8.48
   Compiling zerovec v0.11.6
   Compiling zerotrie v0.2.4
   Compiling tinystr v0.8.3
   Compiling potential_utf v0.1.5
   Compiling icu_collections v2.2.0
   Compiling icu_locale_core v2.2.0
   Compiling icu_provider v2.2.0
   Compiling serde_yaml v0.9.34+deprecated
   Compiling openwepp-kernel-contract v0.1.0 (/workdir/openWEPP/crates/openwepp-kernel-contract)
   Compiling openwepp-coupled-time v0.1.0 (/workdir/openWEPP/crates/openwepp-coupled-time)
   Compiling serde_spanned v0.6.9
   Compiling toml_datetime v0.6.11
   Compiling fluent-uri v0.4.1
   Compiling email_address v0.2.9
   Compiling icu_normalizer v2.2.0
   Compiling toml_edit v0.22.27
   Compiling icu_properties v2.2.0
   Compiling openwepp-management-schema v0.1.0 (/workdir/openWEPP/crates/openwepp-management-schema)
   Compiling openwepp-assurance v0.1.0 (/workdir/openWEPP/crates/openwepp-assurance)
   Compiling openwepp-biogeochemistry v0.1.0 (/workdir/openWEPP/crates/openwepp-biogeochemistry)
   Compiling openwepp-land-surface-energy v0.1.0 (/workdir/openWEPP/crates/openwepp-land-surface-energy)
   Compiling openwepp-vegetation v0.1.0 (/workdir/openWEPP/crates/openwepp-vegetation)
   Compiling idna_adapter v1.2.2
   Compiling half v2.7.1
   Compiling referencing v0.42.2
   Compiling idna v1.1.0
   Compiling arrow-buffer v54.3.1
   Compiling openwepp-input-contract v0.1.0 (/workdir/openWEPP/crates/openwepp-input-contract)
   Compiling arrow-data v54.3.1
   Compiling toml v0.8.23
   Compiling jsonschema v0.42.2
   Compiling arrow-array v54.3.1
   Compiling openwepp-climate-runtime-adapter v0.1.0 (/workdir/openWEPP/crates/openwepp-climate-runtime-adapter)
   Compiling openwepp-landuse-migrate v0.1.0 (/workdir/openWEPP/crates/openwepp-landuse-migrate)
   Compiling openwepp-watershed-orchestrator v0.1.0 (/workdir/openWEPP/crates/openwepp-watershed-orchestrator)
   Compiling zstd v0.13.3
   Compiling ppv-lite86 v0.2.21
   Compiling rand_chacha v0.9.0
   Compiling proptest v1.11.0
   Compiling arrow-select v54.3.1
   Compiling arrow-ipc v54.3.1
   Compiling openwepp-hillslope-orchestrator v0.1.0 (/workdir/openWEPP/crates/openwepp-hillslope-orchestrator)
   Compiling arrow-cast v54.3.1
   Compiling parquet v54.3.1
   Compiling openwepp-hillslope-output v0.1.0 (/workdir/openWEPP/crates/openwepp-hillslope-output)
   Compiling openwepp-watershed-output v0.1.0 (/workdir/openWEPP/crates/openwepp-watershed-output)
warning: field `ending_snow_hint` is never read
    --> crates/openwepp-hillslope-orchestrator/src/hydrology/support_helpers_mod/runoff_reconciliation.rs:1176:9
     |
1156 | pub(crate) struct CoveredTerminalTrialRequestV1 {
     |                   ----------------------------- field in this struct
...
1176 |     pub ending_snow_hint: Option<CoveredTerminalEndingSnowHintV1>,
     |         ^^^^^^^^^^^^^^^^
     |
     = note: `CoveredTerminalTrialRequestV1` has derived impls for the traits `Debug` and `Clone`, but these are intentionally ignored during dead code analysis
     = note: `#[warn(dead_code)]` (part of `#[warn(unused)]`) on by default

   Compiling openwepp-persisted-restart-v1 v0.1.0 (/workdir/openWEPP/crates/openwepp-persisted-restart-v1)
   Compiling openwepp-runner v0.1.0 (/workdir/openWEPP/crates/openwepp-runner)
   Compiling openwepp v0.1.0 (/workdir/openWEPP)
warning: `openwepp-hillslope-orchestrator` (lib) generated 1 warning
    Finished `release` profile [optimized] target(s) in 9m 06s
────────────
 Nextest run ID 4c17c171-49ff-4897-898c-af6530e8b412 with nextest profile: full
    Starting 4202 tests across 246 binaries (75 tests and 5 binaries skipped, including 28 tests and 5 binaries via profile.full.default-filter)
        FAIL [   0.012s] (  23/4202) openwepp::advisory_linter_authority_contract live_impact_map_has_no_planner_admission_rows
  stdout ───

    running 1 test
    test live_impact_map_has_no_planner_admission_rows ... FAILED

    failures:

    failures:
        live_impact_map_has_no_planner_admission_rows

    test result: FAILED. 0 passed; 1 failed; 0 ignored; 0 measured; 6 filtered out; finished in 0.01s

  stderr ───

    thread 'live_impact_map_has_no_planner_admission_rows' (819773) panicked at tests/integration/advisory_linter_authority_contract.rs:185:5:
    assertion `left == right` failed: every changed WAT5 science-crate path requires an atomic contract binding
      left: 27
     right: 22
    note: run with `RUST_BACKTRACE=1` environment variable to display a backtrace

        FAIL [   0.008s] (  37/4202) openwepp::assurance_v2_amendment_contract implementation_rebind_adopts_only_the_finite_contract_surface
  stdout ───

    running 1 test
    test implementation_rebind_adopts_only_the_finite_contract_surface ... FAILED

    failures:

    failures:
        implementation_rebind_adopts_only_the_finite_contract_surface

    test result: FAILED. 0 passed; 1 failed; 0 ignored; 0 measured; 25 filtered out; finished in 0.00s

  stderr ───

    thread 'implementation_rebind_adopts_only_the_finite_contract_surface' (819847) panicked at tests/integration/assurance_v2_amendment_contract.rs:1543:80:
    called `Result::unwrap()` on an `Err` value: Drift("generated identity member changed: docs/specifications/science-contracts/contracts/SC-SNOWENERGY-001.md")
    note: run with `RUST_BACKTRACE=1` environment variable to display a backtrace

        FAIL [   0.009s] (  38/4202) openwepp::assurance_v2_amendment_contract attribution_check_is_read_only_and_apply_is_layer_proportional
  stdout ───

    running 1 test
    test attribution_check_is_read_only_and_apply_is_layer_proportional ... FAILED

    failures:

    failures:
        attribution_check_is_read_only_and_apply_is_layer_proportional

    test result: FAILED. 0 passed; 1 failed; 0 ignored; 0 measured; 25 filtered out; finished in 0.00s

  stderr ───

    thread 'attribution_check_is_read_only_and_apply_is_layer_proportional' (819845) panicked at tests/integration/assurance_v2_amendment_contract.rs:1543:80:
    called `Result::unwrap()` on an `Err` value: Drift("generated identity member changed: docs/specifications/science-contracts/contracts/SC-SNOWENERGY-001.md")
    note: run with `RUST_BACKTRACE=1` environment variable to display a backtrace

        FAIL [   0.008s] (  39/4202) openwepp::assurance_v2_amendment_contract inspect_exposes_layered_identity_without_mutation
  stdout ───

    running 1 test
    test inspect_exposes_layered_identity_without_mutation ... FAILED

    failures:

    failures:
        inspect_exposes_layered_identity_without_mutation

    test result: FAILED. 0 passed; 1 failed; 0 ignored; 0 measured; 25 filtered out; finished in 0.00s

  stderr ───

    thread 'inspect_exposes_layered_identity_without_mutation' (819856) panicked at tests/integration/assurance_v2_amendment_contract.rs:251:50:
    called `Result::unwrap()` on an `Err` value: Drift("generated identity member changed: docs/specifications/science-contracts/contracts/SC-SNOWENERGY-001.md")
    note: run with `RUST_BACKTRACE=1` environment variable to display a backtrace

        FAIL [   0.009s] (  41/4202) openwepp::assurance_v2_amendment_contract manifest_adoption_accepts_complete_declared_external_source_set
  stdout ───

    running 1 test
    test manifest_adoption_accepts_complete_declared_external_source_set ... FAILED

    failures:

    failures:
        manifest_adoption_accepts_complete_declared_external_source_set

    test result: FAILED. 0 passed; 1 failed; 0 ignored; 0 measured; 25 filtered out; finished in 0.00s

  stderr ───

    thread 'manifest_adoption_accepts_complete_declared_external_source_set' (819857) panicked at tests/integration/assurance_v2_amendment_contract.rs:1543:80:
    called `Result::unwrap()` on an `Err` value: Drift("generated identity member changed: docs/specifications/science-contracts/contracts/SC-SNOWENERGY-001.md")
    note: run with `RUST_BACKTRACE=1` environment variable to display a backtrace

        FAIL [   0.007s] (  42/4202) openwepp::assurance_v2_amendment_contract manifest_adoption_rejects_drift_owned_by_another_report
  stdout ───

    running 1 test
    test manifest_adoption_rejects_drift_owned_by_another_report ... FAILED

    failures:

    failures:
        manifest_adoption_rejects_drift_owned_by_another_report

    test result: FAILED. 0 passed; 1 failed; 0 ignored; 0 measured; 25 filtered out; finished in 0.00s

  stderr ───

    thread 'manifest_adoption_rejects_drift_owned_by_another_report' (819863) panicked at tests/integration/assurance_v2_amendment_contract.rs:1543:80:
    called `Result::unwrap()` on an `Err` value: Drift("generated identity member changed: docs/specifications/science-contracts/contracts/SC-SNOWENERGY-001.md")
    note: run with `RUST_BACKTRACE=1` environment variable to display a backtrace

        FAIL [   0.009s] (  43/4202) openwepp::assurance_v2_amendment_contract manifest_adoption_admits_new_declared_external_local_content
  stdout ───

    running 1 test
    test manifest_adoption_admits_new_declared_external_local_content ... FAILED

    failures:

    failures:
        manifest_adoption_admits_new_declared_external_local_content

    test result: FAILED. 0 passed; 1 failed; 0 ignored; 0 measured; 25 filtered out; finished in 0.00s

  stderr ───

    thread 'manifest_adoption_admits_new_declared_external_local_content' (819859) panicked at tests/integration/assurance_v2_amendment_contract.rs:1543:80:
    called `Result::unwrap()` on an `Err` value: Drift("generated identity member changed: docs/specifications/science-contracts/contracts/SC-SNOWENERGY-001.md")
    note: run with `RUST_BACKTRACE=1` environment variable to display a backtrace

        FAIL [   0.010s] (  44/4202) openwepp::assurance_v2_amendment_contract manifest_adoption_accepts_complete_owned_internal_source_set
  stdout ───

    running 1 test
    test manifest_adoption_accepts_complete_owned_internal_source_set ... FAILED

    failures:

    failures:
        manifest_adoption_accepts_complete_owned_internal_source_set

    test result: FAILED. 0 passed; 1 failed; 0 ignored; 0 measured; 25 filtered out; finished in 0.00s

  stderr ───

    thread 'manifest_adoption_accepts_complete_owned_internal_source_set' (819858) panicked at tests/integration/assurance_v2_amendment_contract.rs:1543:80:
    called `Result::unwrap()` on an `Err` value: Drift("generated identity member changed: docs/specifications/science-contracts/contracts/SC-SNOWENERGY-001.md")
    note: run with `RUST_BACKTRACE=1` environment variable to display a backtrace

        FAIL [   0.008s] (  45/4202) openwepp::assurance_v2_amendment_contract manifest_adoption_rejects_invalid_new_external_sources_without_mutation
  stdout ───

    running 1 test
    test manifest_adoption_rejects_invalid_new_external_sources_without_mutation ... FAILED

    failures:

    failures:
        manifest_adoption_rejects_invalid_new_external_sources_without_mutation

    test result: FAILED. 0 passed; 1 failed; 0 ignored; 0 measured; 25 filtered out; finished in 0.00s

  stderr ───

    thread 'manifest_adoption_rejects_invalid_new_external_sources_without_mutation' (819865) panicked at tests/integration/assurance_v2_amendment_contract.rs:1543:80:
    called `Result::unwrap()` on an `Err` value: Drift("generated identity member changed: docs/specifications/science-contracts/contracts/SC-SNOWENERGY-001.md")
    note: run with `RUST_BACKTRACE=1` environment variable to display a backtrace

        FAIL [   0.008s] (  46/4202) openwepp::assurance_v2_amendment_contract new_report_admission_checks_applies_and_repeats_as_no_op
  stdout ───

    running 1 test
    test new_report_admission_checks_applies_and_repeats_as_no_op ... FAILED

    failures:

    failures:
        new_report_admission_checks_applies_and_repeats_as_no_op

    test result: FAILED. 0 passed; 1 failed; 0 ignored; 0 measured; 25 filtered out; finished in 0.00s

  stderr ───

    thread 'new_report_admission_checks_applies_and_repeats_as_no_op' (819878) panicked at tests/integration/assurance_v2_amendment_contract.rs:1543:80:
    called `Result::unwrap()` on an `Err` value: Drift("generated identity member changed: docs/specifications/science-contracts/contracts/SC-SNOWENERGY-001.md")
    note: run with `RUST_BACKTRACE=1` environment variable to display a backtrace

        FAIL [   0.008s] (  47/4202) openwepp::assurance_v2_amendment_contract production_generation_chain_and_recovery_inspection_are_current
  stdout ───

    running 1 test
    test production_generation_chain_and_recovery_inspection_are_current ... FAILED

    failures:

    failures:
        production_generation_chain_and_recovery_inspection_are_current

    test result: FAILED. 0 passed; 1 failed; 0 ignored; 0 measured; 25 filtered out; finished in 0.00s

  stderr ───

    thread 'production_generation_chain_and_recovery_inspection_are_current' (819881) panicked at tests/integration/assurance_v2_amendment_contract.rs:627:55:
    called `Result::unwrap()` on an `Err` value: Drift("generated identity member changed: docs/specifications/science-contracts/contracts/SC-SNOWENERGY-001.md")
    note: run with `RUST_BACKTRACE=1` environment variable to display a backtrace

        FAIL [   0.011s] (  48/4202) openwepp::assurance_v2_amendment_contract report_source_adoption_rejects_noncanonical_unchanged_reset_repair
  stdout ───

    running 1 test
    test report_source_adoption_rejects_noncanonical_unchanged_reset_repair ... FAILED

    failures:

    failures:
        report_source_adoption_rejects_noncanonical_unchanged_reset_repair

    test result: FAILED. 0 passed; 1 failed; 0 ignored; 0 measured; 25 filtered out; finished in 0.00s

  stderr ───

    thread 'report_source_adoption_rejects_noncanonical_unchanged_reset_repair' (819895) panicked at tests/integration/assurance_v2_amendment_contract.rs:1543:80:
    called `Result::unwrap()` on an `Err` value: Drift("generated identity member changed: docs/specifications/science-contracts/contracts/SC-SNOWENERGY-001.md")
    note: run with `RUST_BACKTRACE=1` environment variable to display a backtrace

        FAIL [   0.008s] (  49/4202) openwepp::assurance_v2_amendment_contract role_assignment_is_typed_receipted_and_idempotent
  stdout ───

    running 1 test
    test role_assignment_is_typed_receipted_and_idempotent ... FAILED

    failures:

    failures:
        role_assignment_is_typed_receipted_and_idempotent

    test result: FAILED. 0 passed; 1 failed; 0 ignored; 0 measured; 25 filtered out; finished in 0.00s

  stderr ───

    thread 'role_assignment_is_typed_receipted_and_idempotent' (819899) panicked at tests/integration/assurance_v2_amendment_contract.rs:1543:80:
    called `Result::unwrap()` on an `Err` value: Drift("generated identity member changed: docs/specifications/science-contracts/contracts/SC-SNOWENERGY-001.md")
    note: run with `RUST_BACKTRACE=1` environment variable to display a backtrace

        FAIL [   0.010s] (  51/4202) openwepp::assurance_v2_amendment_contract stale_optional_generation_rejects_check_and_apply_without_writes
  stdout ───

    running 1 test
    test stale_optional_generation_rejects_check_and_apply_without_writes ... FAILED

    failures:

    failures:
        stale_optional_generation_rejects_check_and_apply_without_writes

    test result: FAILED. 0 passed; 1 failed; 0 ignored; 0 measured; 25 filtered out; finished in 0.00s

  stderr ───

    thread 'stale_optional_generation_rejects_check_and_apply_without_writes' (819912) panicked at tests/integration/assurance_v2_amendment_contract.rs:1543:80:
    called `Result::unwrap()` on an `Err` value: Drift("generated identity member changed: docs/specifications/science-contracts/contracts/SC-SNOWENERGY-001.md")
    note: run with `RUST_BACKTRACE=1` environment variable to display a backtrace

        FAIL [   0.011s] (  52/4202) openwepp::assurance_v2_assembly_contract malformed_duplicate_unsafe_link_and_inaccessible_figure_fail_closed
  stdout ───

    running 1 test
    test malformed_duplicate_unsafe_link_and_inaccessible_figure_fail_closed ... FAILED

    failures:

    failures:
        malformed_duplicate_unsafe_link_and_inaccessible_figure_fail_closed

    test result: FAILED. 0 passed; 1 failed; 0 ignored; 0 measured; 8 filtered out; finished in 0.00s

  stderr ───

    thread 'malformed_duplicate_unsafe_link_and_inaccessible_figure_fail_closed' (819927) panicked at tests/integration/assurance_v2_assembly_contract.rs:738:69:
    called `Result::unwrap()` on an `Err` value: Drift("generated identity member changed: docs/specifications/science-contracts/contracts/SC-SNOWENERGY-001.md")
    note: run with `RUST_BACKTRACE=1` environment variable to display a backtrace

        FAIL [   0.008s] (  53/4202) openwepp::assurance_v2_assembly_contract manifest_markdown_metadata_is_escaped_without_creating_external_links
  stdout ───

    running 1 test
    test manifest_markdown_metadata_is_escaped_without_creating_external_links ... FAILED

    failures:

    failures:
        manifest_markdown_metadata_is_escaped_without_creating_external_links

    test result: FAILED. 0 passed; 1 failed; 0 ignored; 0 measured; 8 filtered out; finished in 0.00s

  stderr ───

    thread 'manifest_markdown_metadata_is_escaped_without_creating_external_links' (819940) panicked at tests/integration/assurance_v2_assembly_contract.rs:738:69:
    called `Result::unwrap()` on an `Err` value: Drift("generated identity member changed: docs/specifications/science-contracts/contracts/SC-SNOWENERGY-001.md")
    note: run with `RUST_BACKTRACE=1` environment variable to display a backtrace

        FAIL [   0.009s] (  54/4202) openwepp::assurance_v2_assembly_contract mtime_changes_do_not_affect_assembly_bytes
  stdout ───

    running 1 test
    test mtime_changes_do_not_affect_assembly_bytes ... FAILED

    failures:

    failures:
        mtime_changes_do_not_affect_assembly_bytes

    test result: FAILED. 0 passed; 1 failed; 0 ignored; 0 measured; 8 filtered out; finished in 0.00s

  stderr ───

    thread 'mtime_changes_do_not_affect_assembly_bytes' (819951) panicked at tests/integration/assurance_v2_assembly_contract.rs:738:69:
    called `Result::unwrap()` on an `Err` value: Drift("generated identity member changed: docs/specifications/science-contracts/contracts/SC-SNOWENERGY-001.md")
    note: run with `RUST_BACKTRACE=1` environment variable to display a backtrace

        FAIL [   0.162s] (  57/4202) openwepp::assurance_dossier_build_contract public_builder_stays_zero_report_while_validation_admits_internal_v2
  stdout ───

    running 1 test
    test public_builder_stays_zero_report_while_validation_admits_internal_v2 ... FAILED

    failures:

    failures:
        public_builder_stays_zero_report_while_validation_admits_internal_v2

    test result: FAILED. 0 passed; 1 failed; 0 ignored; 0 measured; 12 filtered out; finished in 0.16s

  stderr ───

    thread 'public_builder_stays_zero_report_while_validation_admits_internal_v2' (819822) panicked at tests/integration/assurance_dossier_build_contract.rs:38:10:
    run public and internal-source validate CLI: Invalid("SHA-256 mismatch for identified source 'docs/specifications/science-contracts/contracts/SC-SNOWENERGY-001.md'")
    note: run with `RUST_BACKTRACE=1` environment variable to display a backtrace

        FAIL [   0.008s] (  59/4202) openwepp::assurance_v2_assembly_contract stale_missing_unit_precision_orphan_and_figure_drift_fail_closed
  stdout ───

    running 1 test
    test stale_missing_unit_precision_orphan_and_figure_drift_fail_closed ... FAILED

    failures:

    failures:
        stale_missing_unit_precision_orphan_and_figure_drift_fail_closed

    test result: FAILED. 0 passed; 1 failed; 0 ignored; 0 measured; 8 filtered out; finished in 0.00s

  stderr ───

    thread 'stale_missing_unit_precision_orphan_and_figure_drift_fail_closed' (820067) panicked at tests/integration/assurance_v2_assembly_contract.rs:738:69:
    called `Result::unwrap()` on an `Err` value: Drift("generated identity member changed: docs/specifications/science-contracts/contracts/SC-SNOWENERGY-001.md")
    note: run with `RUST_BACKTRACE=1` environment variable to display a backtrace

        FAIL [   0.014s] (  63/4202) openwepp::assurance_v2_normalization_contract apply_rebinds_complete_graph_builds_and_is_idempotent
  stdout ───

    running 1 test
    test apply_rebinds_complete_graph_builds_and_is_idempotent ... FAILED

    failures:

    failures:
        apply_rebinds_complete_graph_builds_and_is_idempotent

    test result: FAILED. 0 passed; 1 failed; 0 ignored; 0 measured; 4 filtered out; finished in 0.01s

  stderr ───

    thread 'apply_rebinds_complete_graph_builds_and_is_idempotent' (820100) panicked at tests/integration/assurance_v2_normalization_contract.rs:250:69:
    called `Result::unwrap()` on an `Err` value: Drift("generated identity member changed: docs/specifications/science-contracts/contracts/SC-SNOWENERGY-001.md")
    note: run with `RUST_BACKTRACE=1` environment variable to display a backtrace

        FAIL [   0.011s] (  64/4202) openwepp::assurance_v2_normalization_contract check_detects_converter_diff_without_writing
  stdout ───

    running 1 test
    test check_detects_converter_diff_without_writing ... FAILED

    failures:

    failures:
        check_detects_converter_diff_without_writing

    test result: FAILED. 0 passed; 1 failed; 0 ignored; 0 measured; 4 filtered out; finished in 0.00s

  stderr ───

    thread 'check_detects_converter_diff_without_writing' (820103) panicked at tests/integration/assurance_v2_normalization_contract.rs:250:69:
    called `Result::unwrap()` on an `Err` value: Drift("generated identity member changed: docs/specifications/science-contracts/contracts/SC-SNOWENERGY-001.md")
    note: run with `RUST_BACKTRACE=1` environment variable to display a backtrace

        FAIL [   0.013s] (  67/4202) openwepp::assurance_v2_normalization_contract equivalent_inputs_emit_identical_receipts
  stdout ───

    running 1 test
    test equivalent_inputs_emit_identical_receipts ... FAILED

    failures:

    failures:
        equivalent_inputs_emit_identical_receipts

    test result: FAILED. 0 passed; 1 failed; 0 ignored; 0 measured; 4 filtered out; finished in 0.01s

  stderr ───

    thread 'equivalent_inputs_emit_identical_receipts' (820107) panicked at tests/integration/assurance_v2_normalization_contract.rs:250:69:
    called `Result::unwrap()` on an `Err` value: Drift("generated identity member changed: docs/specifications/science-contracts/contracts/SC-SNOWENERGY-001.md")
    note: run with `RUST_BACKTRACE=1` environment variable to display a backtrace

        FAIL [   0.009s] (  68/4202) openwepp::assurance_v2_normalization_contract lifecycle_review_and_packet_boundaries_fail_before_writing
  stdout ───

    running 1 test
    test lifecycle_review_and_packet_boundaries_fail_before_writing ... FAILED

    failures:

    failures:
        lifecycle_review_and_packet_boundaries_fail_before_writing

    test result: FAILED. 0 passed; 1 failed; 0 ignored; 0 measured; 4 filtered out; finished in 0.00s

  stderr ───

    thread 'lifecycle_review_and_packet_boundaries_fail_before_writing' (820110) panicked at tests/integration/assurance_v2_normalization_contract.rs:250:69:
    called `Result::unwrap()` on an `Err` value: Drift("generated identity member changed: docs/specifications/science-contracts/contracts/SC-SNOWENERGY-001.md")
    note: run with `RUST_BACKTRACE=1` environment variable to display a backtrace

        FAIL [   0.010s] (  69/4202) openwepp::assurance_v2_planner_contract content_changes_select_expected_transitive_consumers
  stdout ───

    running 1 test
    test content_changes_select_expected_transitive_consumers ... FAILED

    failures:

    failures:
        content_changes_select_expected_transitive_consumers

    test result: FAILED. 0 passed; 1 failed; 0 ignored; 0 measured; 9 filtered out; finished in 0.01s

  stderr ───

    thread 'content_changes_select_expected_transitive_consumers' (820111) panicked at tests/integration/assurance_v2_planner_contract.rs:448:69:
    called `Result::unwrap()` on an `Err` value: Drift("generated identity member changed: docs/specifications/science-contracts/contracts/SC-SNOWENERGY-001.md")
    note: run with `RUST_BACKTRACE=1` environment variable to display a backtrace

        FAIL [   0.008s] (  71/4202) openwepp::assurance_v2_planner_contract malformed_authority_remains_an_explicit_blocker
  stdout ───

    running 1 test
    test malformed_authority_remains_an_explicit_blocker ... FAILED

    failures:

    failures:
        malformed_authority_remains_an_explicit_blocker

    test result: FAILED. 0 passed; 1 failed; 0 ignored; 0 measured; 9 filtered out; finished in 0.00s

  stderr ───

    thread 'malformed_authority_remains_an_explicit_blocker' (820116) panicked at tests/integration/assurance_v2_planner_contract.rs:448:69:
    called `Result::unwrap()` on an `Err` value: Drift("generated identity member changed: docs/specifications/science-contracts/contracts/SC-SNOWENERGY-001.md")
    note: run with `RUST_BACKTRACE=1` environment variable to display a backtrace

        FAIL [   0.008s] (  72/4202) openwepp::assurance_v2_planner_contract manifest_method_figure_review_and_software_changes_select_the_report
  stdout ───

    running 1 test
    test manifest_method_figure_review_and_software_changes_select_the_report ... FAILED

    failures:

    failures:
        manifest_method_figure_review_and_software_changes_select_the_report

    test result: FAILED. 0 passed; 1 failed; 0 ignored; 0 measured; 9 filtered out; finished in 0.00s

  stderr ───

    thread 'manifest_method_figure_review_and_software_changes_select_the_report' (820121) panicked at tests/integration/assurance_v2_planner_contract.rs:448:69:
    called `Result::unwrap()` on an `Err` value: Drift("generated identity member changed: docs/specifications/science-contracts/contracts/SC-SNOWENERGY-001.md")
    note: run with `RUST_BACKTRACE=1` environment variable to display a backtrace

        FAIL [   0.011s] (  73/4202) openwepp::assurance_v2_planner_contract mtime_only_change_does_not_change_plan_bytes
  stdout ───

    running 1 test
    test mtime_only_change_does_not_change_plan_bytes ... FAILED

    failures:

    failures:
        mtime_only_change_does_not_change_plan_bytes

    test result: FAILED. 0 passed; 1 failed; 0 ignored; 0 measured; 9 filtered out; finished in 0.00s

  stderr ───

    thread 'mtime_only_change_does_not_change_plan_bytes' (820124) panicked at tests/integration/assurance_v2_planner_contract.rs:448:69:
    called `Result::unwrap()` on an `Err` value: Drift("generated identity member changed: docs/specifications/science-contracts/contracts/SC-SNOWENERGY-001.md")
    note: run with `RUST_BACKTRACE=1` environment variable to display a backtrace

        FAIL [   0.010s] (  74/4202) openwepp::assurance_v2_planner_contract named_selection_isolated_and_all_plan_does_not_select_unrelated_report
  stdout ───

    running 1 test
    test named_selection_isolated_and_all_plan_does_not_select_unrelated_report ... FAILED

    failures:

    failures:
        named_selection_isolated_and_all_plan_does_not_select_unrelated_report

    test result: FAILED. 0 passed; 1 failed; 0 ignored; 0 measured; 9 filtered out; finished in 0.00s

  stderr ───

    thread 'named_selection_isolated_and_all_plan_does_not_select_unrelated_report' (820125) panicked at tests/integration/assurance_v2_planner_contract.rs:448:69:
    called `Result::unwrap()` on an `Err` value: Drift("generated identity member changed: docs/specifications/science-contracts/contracts/SC-SNOWENERGY-001.md")
    note: run with `RUST_BACKTRACE=1` environment variable to display a backtrace

        FAIL [   0.009s] (  76/4202) openwepp::assurance_v2_planner_contract stale_consumer_cannot_mask_a_blocked_prerequisite
  stdout ───

    running 1 test
    test stale_consumer_cannot_mask_a_blocked_prerequisite ... FAILED

    failures:

    failures:
        stale_consumer_cannot_mask_a_blocked_prerequisite

    test result: FAILED. 0 passed; 1 failed; 0 ignored; 0 measured; 9 filtered out; finished in 0.00s

  stderr ───

    thread 'stale_consumer_cannot_mask_a_blocked_prerequisite' (820130) panicked at tests/integration/assurance_v2_planner_contract.rs:448:69:
    called `Result::unwrap()` on an `Err` value: Drift("generated identity member changed: docs/specifications/science-contracts/contracts/SC-SNOWENERGY-001.md")
    note: run with `RUST_BACKTRACE=1` environment variable to display a backtrace

        FAIL [   0.009s] (  77/4202) openwepp::assurance_v2_planner_contract unavailable_declared_content_blocks_consumers_with_relative_reasons
  stdout ───

    running 1 test
    test unavailable_declared_content_blocks_consumers_with_relative_reasons ... FAILED

    failures:

    failures:
        unavailable_declared_content_blocks_consumers_with_relative_reasons

    test result: FAILED. 0 passed; 1 failed; 0 ignored; 0 measured; 9 filtered out; finished in 0.00s

  stderr ───

    thread 'unavailable_declared_content_blocks_consumers_with_relative_reasons' (820131) panicked at tests/integration/assurance_v2_planner_contract.rs:448:69:
    called `Result::unwrap()` on an `Err` value: Drift("generated identity member changed: docs/specifications/science-contracts/contracts/SC-SNOWENERGY-001.md")
    note: run with `RUST_BACKTRACE=1` environment variable to display a backtrace

        FAIL [   0.009s] (  78/4202) openwepp::assurance_v2_planner_contract unavailable_or_unparseable_selected_manifest_produces_a_bounded_blocked_plan
  stdout ───

    running 1 test
    test unavailable_or_unparseable_selected_manifest_produces_a_bounded_blocked_plan ... FAILED

    failures:

    failures:
        unavailable_or_unparseable_selected_manifest_produces_a_bounded_blocked_plan

    test result: FAILED. 0 passed; 1 failed; 0 ignored; 0 measured; 9 filtered out; finished in 0.00s

  stderr ───

    thread 'unavailable_or_unparseable_selected_manifest_produces_a_bounded_blocked_plan' (820133) panicked at tests/integration/assurance_v2_planner_contract.rs:448:69:
    called `Result::unwrap()` on an `Err` value: Drift("generated identity member changed: docs/specifications/science-contracts/contracts/SC-SNOWENERGY-001.md")
    note: run with `RUST_BACKTRACE=1` environment variable to display a backtrace

        FAIL [   0.250s] (  79/4202) openwepp::assurance_v2_assembly_contract real_cli_selects_v2_staging_without_weakening_zero_public_operations
  stdout ───

    running 1 test
    test real_cli_selects_v2_staging_without_weakening_zero_public_operations ... FAILED

    failures:

    failures:
        real_cli_selects_v2_staging_without_weakening_zero_public_operations

    test result: FAILED. 0 passed; 1 failed; 0 ignored; 0 measured; 8 filtered out; finished in 0.23s

  stderr ───

    thread 'real_cli_selects_v2_staging_without_weakening_zero_public_operations' (819963) panicked at tests/integration/assurance_v2_assembly_contract.rs:558:6:
    build all reports through real CLI: Invalid("report 'snow-and-frozen-soil-process-evaluation' is not current and cannot be assembled")
    note: run with `RUST_BACKTRACE=1` environment variable to display a backtrace

        FAIL [   0.015s] (  80/4202) openwepp::assurance_v2_publication_contract aliased_usersum_root_fails_closed
  stdout ───

    running 1 test
    test aliased_usersum_root_fails_closed ... FAILED

    failures:

    failures:
        aliased_usersum_root_fails_closed

    test result: FAILED. 0 passed; 1 failed; 0 ignored; 0 measured; 36 filtered out; finished in 0.01s

  stderr ───

    thread 'aliased_usersum_root_fails_closed' (820135) panicked at tests/integration/assurance_v2_publication_contract.rs:1752:68:
    called `Result::unwrap()` on an `Err` value: Drift("generated identity member changed: docs/specifications/science-contracts/contracts/SC-SNOWENERGY-001.md")
    note: run with `RUST_BACKTRACE=1` environment variable to display a backtrace

        FAIL [   0.011s] (  81/4202) openwepp::assurance_v2_publication_contract all_mode_extra_staging_and_overlapping_roots_fail_without_public_mutation
  stdout ───

    running 1 test
    test all_mode_extra_staging_and_overlapping_roots_fail_without_public_mutation ... FAILED

    failures:

    failures:
        all_mode_extra_staging_and_overlapping_roots_fail_without_public_mutation

    test result: FAILED. 0 passed; 1 failed; 0 ignored; 0 measured; 36 filtered out; finished in 0.00s

  stderr ───

    thread 'all_mode_extra_staging_and_overlapping_roots_fail_without_public_mutation' (820137) panicked at tests/integration/assurance_v2_publication_contract.rs:1752:68:
    called `Result::unwrap()` on an `Err` value: Drift("generated identity member changed: docs/specifications/science-contracts/contracts/SC-SNOWENERGY-001.md")
    note: run with `RUST_BACKTRACE=1` environment variable to display a backtrace

        FAIL [   0.011s] (  82/4202) openwepp::assurance_v2_publication_contract approval_conflicts_and_release_mismatch_fail_before_publication
  stdout ───

    running 1 test
    test approval_conflicts_and_release_mismatch_fail_before_publication ... FAILED

    failures:

    failures:
        approval_conflicts_and_release_mismatch_fail_before_publication

    test result: FAILED. 0 passed; 1 failed; 0 ignored; 0 measured; 36 filtered out; finished in 0.00s

  stderr ───

    thread 'approval_conflicts_and_release_mismatch_fail_before_publication' (820140) panicked at tests/integration/assurance_v2_publication_contract.rs:1752:68:
    called `Result::unwrap()` on an `Err` value: Drift("generated identity member changed: docs/specifications/science-contracts/contracts/SC-SNOWENERGY-001.md")
    note: run with `RUST_BACKTRACE=1` environment variable to display a backtrace

        FAIL [   0.009s] (  83/4202) openwepp::assurance_v2_publication_contract authority_bound_byte_negative_matrix_is_fail_closed
  stdout ───

    running 1 test
    test authority_bound_byte_negative_matrix_is_fail_closed ... FAILED

    failures:

    failures:
        authority_bound_byte_negative_matrix_is_fail_closed

    test result: FAILED. 0 passed; 1 failed; 0 ignored; 0 measured; 36 filtered out; finished in 0.00s

  stderr ───

    thread 'authority_bound_byte_negative_matrix_is_fail_closed' (820142) panicked at tests/integration/assurance_v2_publication_contract.rs:1752:68:
    called `Result::unwrap()` on an `Err` value: Drift("generated identity member changed: docs/specifications/science-contracts/contracts/SC-SNOWENERGY-001.md")
    note: run with `RUST_BACKTRACE=1` environment variable to display a backtrace

        FAIL [   0.009s] (  84/4202) openwepp::assurance_v2_publication_contract bootstrap_empty_directory_fails_closed
  stdout ───

    running 1 test
    test bootstrap_empty_directory_fails_closed ... FAILED

    failures:

    failures:
        bootstrap_empty_directory_fails_closed

    test result: FAILED. 0 passed; 1 failed; 0 ignored; 0 measured; 36 filtered out; finished in 0.00s

  stderr ───

    thread 'bootstrap_empty_directory_fails_closed' (820144) panicked at tests/integration/assurance_v2_publication_contract.rs:1752:68:
    called `Result::unwrap()` on an `Err` value: Drift("generated identity member changed: docs/specifications/science-contracts/contracts/SC-SNOWENERGY-001.md")
    note: run with `RUST_BACKTRACE=1` environment variable to display a backtrace

        FAIL [   0.107s] (  85/4202) openwepp::assurance_v2_planner_contract current_one_and_all_plans_are_equivalent_stable_and_cli_consumed
  stdout ───

    running 1 test
    test current_one_and_all_plans_are_equivalent_stable_and_cli_consumed ... FAILED

    failures:

    failures:
        current_one_and_all_plans_are_equivalent_stable_and_cli_consumed

    test result: FAILED. 0 passed; 1 failed; 0 ignored; 0 measured; 9 filtered out; finished in 0.10s

  stderr ───

    thread 'current_one_and_all_plans_are_equivalent_stable_and_cli_consumed' (820114) panicked at tests/integration/assurance_v2_planner_contract.rs:46:5:
    assertion `left == right` failed
      left: Selected
     right: Current
    note: run with `RUST_BACKTRACE=1` environment variable to display a backtrace

        FAIL [   0.010s] (  86/4202) openwepp::assurance_v2_publication_contract bootstrap_unowned_readme_fails_closed
  stdout ───

    running 1 test
    test bootstrap_unowned_readme_fails_closed ... FAILED

    failures:

    failures:
        bootstrap_unowned_readme_fails_closed

    test result: FAILED. 0 passed; 1 failed; 0 ignored; 0 measured; 36 filtered out; finished in 0.00s

  stderr ───

    thread 'bootstrap_unowned_readme_fails_closed' (820146) panicked at tests/integration/assurance_v2_publication_contract.rs:1752:68:
    called `Result::unwrap()` on an `Err` value: Drift("generated identity member changed: docs/specifications/science-contracts/contracts/SC-SNOWENERGY-001.md")
    note: run with `RUST_BACKTRACE=1` environment variable to display a backtrace

        FAIL [   0.007s] (  88/4202) openwepp::assurance_v2_publication_contract canonical_public_path_and_real_markdown_narrative_link_are_mandatory
  stdout ───

    running 1 test
    test canonical_public_path_and_real_markdown_narrative_link_are_mandatory ... FAILED

    failures:

    failures:
        canonical_public_path_and_real_markdown_narrative_link_are_mandatory

    test result: FAILED. 0 passed; 1 failed; 0 ignored; 0 measured; 36 filtered out; finished in 0.00s

  stderr ───

    thread 'canonical_public_path_and_real_markdown_narrative_link_are_mandatory' (820149) panicked at tests/integration/assurance_v2_publication_contract.rs:1752:68:
    called `Result::unwrap()` on an `Err` value: Drift("generated identity member changed: docs/specifications/science-contracts/contracts/SC-SNOWENERGY-001.md")
    note: run with `RUST_BACKTRACE=1` environment variable to display a backtrace

        FAIL [   0.006s] (  90/4202) openwepp::assurance_v2_publication_contract concurrent_reader_observes_only_complete_old_or_new_report_bytes
  stdout ───

    running 1 test
    test concurrent_reader_observes_only_complete_old_or_new_report_bytes ... FAILED

    failures:

    failures:
        concurrent_reader_observes_only_complete_old_or_new_report_bytes

    test result: FAILED. 0 passed; 1 failed; 0 ignored; 0 measured; 36 filtered out; finished in 0.00s

  stderr ───

    thread 'concurrent_reader_observes_only_complete_old_or_new_report_bytes' (820153) panicked at tests/integration/assurance_v2_publication_contract.rs:1752:68:
    called `Result::unwrap()` on an `Err` value: Drift("generated identity member changed: docs/specifications/science-contracts/contracts/SC-SNOWENERGY-001.md")
    note: run with `RUST_BACKTRACE=1` environment variable to display a backtrace

        FAIL [   0.007s] (  91/4202) openwepp::assurance_v2_publication_contract every_precommit_fault_boundary_preserves_the_prior_public_generation
  stdout ───

    running 1 test
    test every_precommit_fault_boundary_preserves_the_prior_public_generation ... FAILED

    failures:

    failures:
        every_precommit_fault_boundary_preserves_the_prior_public_generation

    test result: FAILED. 0 passed; 1 failed; 0 ignored; 0 measured; 36 filtered out; finished in 0.00s

  stderr ───

    thread 'every_precommit_fault_boundary_preserves_the_prior_public_generation' (820156) panicked at tests/integration/assurance_v2_publication_contract.rs:1752:68:
    called `Result::unwrap()` on an `Err` value: Drift("generated identity member changed: docs/specifications/science-contracts/contracts/SC-SNOWENERGY-001.md")
    note: run with `RUST_BACKTRACE=1` environment variable to display a backtrace

        FAIL [   0.006s] (  92/4202) openwepp::assurance_v2_publication_contract in_review_source_cannot_publish
  stdout ───

    running 1 test
    test in_review_source_cannot_publish ... FAILED

    failures:

    failures:
        in_review_source_cannot_publish

    test result: FAILED. 0 passed; 1 failed; 0 ignored; 0 measured; 36 filtered out; finished in 0.00s

  stderr ───

    thread 'in_review_source_cannot_publish' (820158) panicked at tests/integration/assurance_v2_publication_contract.rs:1752:68:
    called `Result::unwrap()` on an `Err` value: Drift("generated identity member changed: docs/specifications/science-contracts/contracts/SC-SNOWENERGY-001.md")
    note: run with `RUST_BACKTRACE=1` environment variable to display a backtrace

        FAIL [   0.009s] (  93/4202) openwepp::assurance_v2_publication_contract missing_competence_fails_closed
  stdout ───

    running 1 test
    test missing_competence_fails_closed ... FAILED

    failures:

    failures:
        missing_competence_fails_closed

    test result: FAILED. 0 passed; 1 failed; 0 ignored; 0 measured; 36 filtered out; finished in 0.00s

  stderr ───

    thread 'missing_competence_fails_closed' (820160) panicked at tests/integration/assurance_v2_publication_contract.rs:1752:68:
    called `Result::unwrap()` on an `Err` value: Drift("generated identity member changed: docs/specifications/science-contracts/contracts/SC-SNOWENERGY-001.md")
    note: run with `RUST_BACKTRACE=1` environment variable to display a backtrace

        FAIL [   0.311s] (  94/4202) openwepp::assurance_v2_assembly_contract real_named_and_all_builds_are_deterministic_equivalent_and_checkable
  stdout ───

    running 1 test
    test real_named_and_all_builds_are_deterministic_equivalent_and_checkable ... FAILED

    failures:

    failures:
        real_named_and_all_builds_are_deterministic_equivalent_and_checkable

    test result: FAILED. 0 passed; 1 failed; 0 ignored; 0 measured; 8 filtered out; finished in 0.30s

  stderr ───

    thread 'real_named_and_all_builds_are_deterministic_equivalent_and_checkable' (820002) panicked at tests/integration/assurance_v2_assembly_contract.rs:37:10:
    build all reports: Invalid("report 'snow-and-frozen-soil-process-evaluation' is not current and cannot be assembled")
    note: run with `RUST_BACKTRACE=1` environment variable to display a backtrace

        FAIL [   0.008s] (  95/4202) openwepp::assurance_v2_publication_contract missing_independence_fails_closed
  stdout ───

    running 1 test
    test missing_independence_fails_closed ... FAILED

    failures:

    failures:
        missing_independence_fails_closed

    test result: FAILED. 0 passed; 1 failed; 0 ignored; 0 measured; 36 filtered out; finished in 0.00s

  stderr ───

    thread 'missing_independence_fails_closed' (820163) panicked at tests/integration/assurance_v2_publication_contract.rs:1752:68:
    called `Result::unwrap()` on an `Err` value: Drift("generated identity member changed: docs/specifications/science-contracts/contracts/SC-SNOWENERGY-001.md")
    note: run with `RUST_BACKTRACE=1` environment variable to display a backtrace

        FAIL [   0.006s] (  96/4202) openwepp::assurance_v2_publication_contract missing_release_transfer_fails_closed
  stdout ───

    running 1 test
    test missing_release_transfer_fails_closed ... FAILED

    failures:

    failures:
        missing_release_transfer_fails_closed

    test result: FAILED. 0 passed; 1 failed; 0 ignored; 0 measured; 36 filtered out; finished in 0.00s

  stderr ───

    thread 'missing_release_transfer_fails_closed' (820169) panicked at tests/integration/assurance_v2_publication_contract.rs:1752:68:
    called `Result::unwrap()` on an `Err` value: Drift("generated identity member changed: docs/specifications/science-contracts/contracts/SC-SNOWENERGY-001.md")
    note: run with `RUST_BACKTRACE=1` environment variable to display a backtrace

        FAIL [   0.008s] (  97/4202) openwepp::assurance_v2_source_contract content_schema_contract_and_report_versions_are_enforced
  stdout ───

    running 1 test
    test content_schema_contract_and_report_versions_are_enforced ... FAILED

    failures:

    failures:
        content_schema_contract_and_report_versions_are_enforced

    test result: FAILED. 0 passed; 1 failed; 0 ignored; 0 measured; 11 filtered out; finished in 0.00s

  stderr ───

    thread 'content_schema_contract_and_report_versions_are_enforced' (820168) panicked at tests/integration/assurance_v2_source_contract.rs:662:69:
    called `Result::unwrap()` on an `Err` value: Drift("generated identity member changed: docs/specifications/science-contracts/contracts/SC-SNOWENERGY-001.md")
    note: run with `RUST_BACKTRACE=1` environment variable to display a backtrace

        FAIL [   0.008s] (  98/4202) openwepp::assurance_v2_source_contract every_record_family_has_executable_field_consumption
  stdout ───

    running 1 test
    test every_record_family_has_executable_field_consumption ... FAILED

    failures:

    failures:
        every_record_family_has_executable_field_consumption

    test result: FAILED. 0 passed; 1 failed; 0 ignored; 0 measured; 11 filtered out; finished in 0.00s

  stderr ───

    thread 'every_record_family_has_executable_field_consumption' (820167) panicked at tests/integration/assurance_v2_source_contract.rs:662:69:
    called `Result::unwrap()` on an `Err` value: Drift("generated identity member changed: docs/specifications/science-contracts/contracts/SC-SNOWENERGY-001.md")
    note: run with `RUST_BACKTRACE=1` environment variable to display a backtrace

        FAIL [   0.007s] (  99/4202) openwepp::assurance_v2_publication_contract multi_report_production_snapshot_replays_complete_authority
  stdout ───

    running 1 test
    test multi_report_production_snapshot_replays_complete_authority ... FAILED

    failures:

    failures:
        multi_report_production_snapshot_replays_complete_authority

    test result: FAILED. 0 passed; 1 failed; 0 ignored; 0 measured; 36 filtered out; finished in 0.00s

  stderr ───

    thread 'multi_report_production_snapshot_replays_complete_authority' (820173) panicked at tests/integration/assurance_v2_publication_contract.rs:1752:68:
    called `Result::unwrap()` on an `Err` value: Drift("generated identity member changed: docs/specifications/science-contracts/contracts/SC-SNOWENERGY-001.md")
    note: run with `RUST_BACKTRACE=1` environment variable to display a backtrace

        FAIL [   0.008s] ( 100/4202) openwepp::assurance_v2_source_contract named_validation_isolated_from_an_unselected_broken_report
  stdout ───

    running 1 test
    test named_validation_isolated_from_an_unselected_broken_report ... FAILED

    failures:

    failures:
        named_validation_isolated_from_an_unselected_broken_report

    test result: FAILED. 0 passed; 1 failed; 0 ignored; 0 measured; 11 filtered out; finished in 0.00s

  stderr ───

    thread 'named_validation_isolated_from_an_unselected_broken_report' (820175) panicked at tests/integration/assurance_v2_source_contract.rs:662:69:
    called `Result::unwrap()` on an `Err` value: Drift("generated identity member changed: docs/specifications/science-contracts/contracts/SC-SNOWENERGY-001.md")
    note: run with `RUST_BACKTRACE=1` environment variable to display a backtrace

        FAIL [   0.006s] ( 101/4202) openwepp::assurance_v2_publication_contract multiply_linked_staging_bytes_fail_before_publication
  stdout ───

    running 1 test
    test multiply_linked_staging_bytes_fail_before_publication ... FAILED

    failures:

    failures:
        multiply_linked_staging_bytes_fail_before_publication

    test result: FAILED. 0 passed; 1 failed; 0 ignored; 0 measured; 36 filtered out; finished in 0.00s

  stderr ───

    thread 'multiply_linked_staging_bytes_fail_before_publication' (820178) panicked at tests/integration/assurance_v2_publication_contract.rs:1752:68:
    called `Result::unwrap()` on an `Err` value: Drift("generated identity member changed: docs/specifications/science-contracts/contracts/SC-SNOWENERGY-001.md")
    note: run with `RUST_BACKTRACE=1` environment variable to display a backtrace

        FAIL [   0.008s] ( 102/4202) openwepp::assurance_v2_source_contract paths_symlinks_and_special_entries_fail_closed
  stdout ───

    running 1 test
    test paths_symlinks_and_special_entries_fail_closed ... FAILED

    failures:

    failures:
        paths_symlinks_and_special_entries_fail_closed

    test result: FAILED. 0 passed; 1 failed; 0 ignored; 0 measured; 11 filtered out; finished in 0.00s

  stderr ───

    thread 'paths_symlinks_and_special_entries_fail_closed' (820180) panicked at tests/integration/assurance_v2_source_contract.rs:662:69:
    called `Result::unwrap()` on an `Err` value: Drift("generated identity member changed: docs/specifications/science-contracts/contracts/SC-SNOWENERGY-001.md")
    note: run with `RUST_BACKTRACE=1` environment variable to display a backtrace

        FAIL [   0.008s] ( 103/4202) openwepp::assurance_v2_publication_contract named_publication_preserves_receipted_peer_and_all_mode_converges
  stdout ───

    running 1 test
    test named_publication_preserves_receipted_peer_and_all_mode_converges ... FAILED

    failures:

    failures:
        named_publication_preserves_receipted_peer_and_all_mode_converges

    test result: FAILED. 0 passed; 1 failed; 0 ignored; 0 measured; 36 filtered out; finished in 0.00s

  stderr ───

    thread 'named_publication_preserves_receipted_peer_and_all_mode_converges' (820182) panicked at tests/integration/assurance_v2_publication_contract.rs:1752:68:
    called `Result::unwrap()` on an `Err` value: Drift("generated identity member changed: docs/specifications/science-contracts/contracts/SC-SNOWENERGY-001.md")
    note: run with `RUST_BACKTRACE=1` environment variable to display a backtrace

        FAIL [   0.006s] ( 105/4202) openwepp::assurance_v2_publication_contract named_publication_rejects_unreceipted_prior_catalog_entries
  stdout ───

    running 1 test
    test named_publication_rejects_unreceipted_prior_catalog_entries ... FAILED

    failures:

    failures:
        named_publication_rejects_unreceipted_prior_catalog_entries

    test result: FAILED. 0 passed; 1 failed; 0 ignored; 0 measured; 36 filtered out; finished in 0.00s

  stderr ───

    thread 'named_publication_rejects_unreceipted_prior_catalog_entries' (820186) panicked at tests/integration/assurance_v2_publication_contract.rs:1752:68:
    called `Result::unwrap()` on an `Err` value: Drift("generated identity member changed: docs/specifications/science-contracts/contracts/SC-SNOWENERGY-001.md")
    note: run with `RUST_BACKTRACE=1` environment variable to display a backtrace

        FAIL [   0.009s] ( 107/4202) openwepp::assurance_v2_publication_contract narrative_drift_fails_closed
  stdout ───

    running 1 test
    test narrative_drift_fails_closed ... FAILED

    failures:

    failures:
        narrative_drift_fails_closed

    test result: FAILED. 0 passed; 1 failed; 0 ignored; 0 measured; 36 filtered out; finished in 0.00s

  stderr ───

    thread 'narrative_drift_fails_closed' (820189) panicked at tests/integration/assurance_v2_publication_contract.rs:1752:68:
    called `Result::unwrap()` on an `Err` value: Drift("generated identity member changed: docs/specifications/science-contracts/contracts/SC-SNOWENERGY-001.md")
    note: run with `RUST_BACKTRACE=1` environment variable to display a backtrace

        FAIL [   0.007s] ( 109/4202) openwepp::assurance_v2_publication_contract receipt_preparation_is_reused_only_when_bytes_match
  stdout ───

    running 1 test
    test receipt_preparation_is_reused_only_when_bytes_match ... FAILED

    failures:

    failures:
        receipt_preparation_is_reused_only_when_bytes_match

    test result: FAILED. 0 passed; 1 failed; 0 ignored; 0 measured; 36 filtered out; finished in 0.00s

  stderr ───

    thread 'receipt_preparation_is_reused_only_when_bytes_match' (820197) panicked at tests/integration/assurance_v2_publication_contract.rs:1752:68:
    called `Result::unwrap()` on an `Err` value: Drift("generated identity member changed: docs/specifications/science-contracts/contracts/SC-SNOWENERGY-001.md")
    note: run with `RUST_BACKTRACE=1` environment variable to display a backtrace

        FAIL [   0.007s] ( 110/4202) openwepp::assurance_v2_publication_contract reconstructed_production_snapshot_passes_and_forged_roots_fail
  stdout ───

    running 1 test
    test reconstructed_production_snapshot_passes_and_forged_roots_fail ... FAILED

    failures:

    failures:
        reconstructed_production_snapshot_passes_and_forged_roots_fail

    test result: FAILED. 0 passed; 1 failed; 0 ignored; 0 measured; 36 filtered out; finished in 0.00s

  stderr ───

    thread 'reconstructed_production_snapshot_passes_and_forged_roots_fail' (820199) panicked at tests/integration/assurance_v2_publication_contract.rs:1752:68:
    called `Result::unwrap()` on an `Err` value: Drift("generated identity member changed: docs/specifications/science-contracts/contracts/SC-SNOWENERGY-001.md")
    note: run with `RUST_BACKTRACE=1` environment variable to display a backtrace

        FAIL [   0.007s] ( 112/4202) openwepp::assurance_v2_publication_contract release_driver_persists_verified_v2_artifacts_and_discovery_sidecar
  stdout ───

    running 1 test
    test release_driver_persists_verified_v2_artifacts_and_discovery_sidecar ... FAILED

    failures:

    failures:
        release_driver_persists_verified_v2_artifacts_and_discovery_sidecar

    test result: FAILED. 0 passed; 1 failed; 0 ignored; 0 measured; 36 filtered out; finished in 0.00s

  stderr ───

    thread 'release_driver_persists_verified_v2_artifacts_and_discovery_sidecar' (820201) panicked at tests/integration/assurance_v2_publication_contract.rs:1752:68:
    called `Result::unwrap()` on an `Err` value: Drift("generated identity member changed: docs/specifications/science-contracts/contracts/SC-SNOWENERGY-001.md")
    note: run with `RUST_BACKTRACE=1` environment variable to display a backtrace

        FAIL [   0.007s] ( 115/4202) openwepp::assurance_v2_publication_contract simultaneous_publishers_serialize_and_converge_on_one_generation
  stdout ───

    running 1 test
    test simultaneous_publishers_serialize_and_converge_on_one_generation ... FAILED

    failures:

    failures:
        simultaneous_publishers_serialize_and_converge_on_one_generation

    test result: FAILED. 0 passed; 1 failed; 0 ignored; 0 measured; 36 filtered out; finished in 0.00s

  stderr ───

    thread 'simultaneous_publishers_serialize_and_converge_on_one_generation' (820210) panicked at tests/integration/assurance_v2_publication_contract.rs:1752:68:
    called `Result::unwrap()` on an `Err` value: Drift("generated identity member changed: docs/specifications/science-contracts/contracts/SC-SNOWENERGY-001.md")
    note: run with `RUST_BACKTRACE=1` environment variable to display a backtrace

        FAIL [   0.006s] ( 117/4202) openwepp::assurance_v2_publication_contract special_files_on_public_and_immutable_surfaces_fail_closed
  stdout ───

    running 1 test
    test special_files_on_public_and_immutable_surfaces_fail_closed ... FAILED

    failures:

    failures:
        special_files_on_public_and_immutable_surfaces_fail_closed

    test result: FAILED. 0 passed; 1 failed; 0 ignored; 0 measured; 36 filtered out; finished in 0.00s

  stderr ───

    thread 'special_files_on_public_and_immutable_surfaces_fail_closed' (820213) panicked at tests/integration/assurance_v2_publication_contract.rs:1752:68:
    called `Result::unwrap()` on an `Err` value: Drift("generated identity member changed: docs/specifications/science-contracts/contracts/SC-SNOWENERGY-001.md")
    note: run with `RUST_BACKTRACE=1` environment variable to display a backtrace

        FAIL [   0.006s] ( 118/4202) openwepp::assurance_v2_source_contract restricted_evidence_and_draft_lifecycle_contradictions_fail_closed
  stdout ───

    running 1 test
    test restricted_evidence_and_draft_lifecycle_contradictions_fail_closed ... FAILED

    failures:

    failures:
        restricted_evidence_and_draft_lifecycle_contradictions_fail_closed

    test result: FAILED. 0 passed; 1 failed; 0 ignored; 0 measured; 11 filtered out; finished in 0.00s

  stderr ───

    thread 'restricted_evidence_and_draft_lifecycle_contradictions_fail_closed' (820214) panicked at tests/integration/assurance_v2_source_contract.rs:662:69:
    called `Result::unwrap()` on an `Err` value: Drift("generated identity member changed: docs/specifications/science-contracts/contracts/SC-SNOWENERGY-001.md")
    note: run with `RUST_BACKTRACE=1` environment variable to display a backtrace

        FAIL [   0.006s] ( 119/4202) openwepp::assurance_v2_publication_contract staging_fifo_fails_closed
  stdout ───

    running 1 test
    test staging_fifo_fails_closed ... FAILED

    failures:

    failures:
        staging_fifo_fails_closed

    test result: FAILED. 0 passed; 1 failed; 0 ignored; 0 measured; 36 filtered out; finished in 0.00s

  stderr ───

    thread 'staging_fifo_fails_closed' (820217) panicked at tests/integration/assurance_v2_publication_contract.rs:1752:68:
    called `Result::unwrap()` on an `Err` value: Drift("generated identity member changed: docs/specifications/science-contracts/contracts/SC-SNOWENERGY-001.md")
    note: run with `RUST_BACKTRACE=1` environment variable to display a backtrace

        FAIL [   0.008s] ( 120/4202) openwepp::assurance_v2_source_contract schema_required_nullable_fields_cannot_be_omitted
  stdout ───

    running 1 test
    test schema_required_nullable_fields_cannot_be_omitted ... FAILED

    failures:

    failures:
        schema_required_nullable_fields_cannot_be_omitted

    test result: FAILED. 0 passed; 1 failed; 0 ignored; 0 measured; 11 filtered out; finished in 0.00s

  stderr ───

    thread 'schema_required_nullable_fields_cannot_be_omitted' (820219) panicked at tests/integration/assurance_v2_source_contract.rs:662:69:
    called `Result::unwrap()` on an `Err` value: Drift("generated identity member changed: docs/specifications/science-contracts/contracts/SC-SNOWENERGY-001.md")
    note: run with `RUST_BACKTRACE=1` environment variable to display a backtrace

        FAIL [   0.006s] ( 121/4202) openwepp::assurance_v2_publication_contract staging_symlink_fails_closed
  stdout ───

    running 1 test
    test staging_symlink_fails_closed ... FAILED

    failures:

    failures:
        staging_symlink_fails_closed

    test result: FAILED. 0 passed; 1 failed; 0 ignored; 0 measured; 36 filtered out; finished in 0.00s

  stderr ───

    thread 'staging_symlink_fails_closed' (820220) panicked at tests/integration/assurance_v2_publication_contract.rs:1752:68:
    called `Result::unwrap()` on an `Err` value: Drift("generated identity member changed: docs/specifications/science-contracts/contracts/SC-SNOWENERGY-001.md")
    note: run with `RUST_BACKTRACE=1` environment variable to display a backtrace

        FAIL [   0.006s] ( 123/4202) openwepp::assurance_v2_source_contract unknown_missing_duplicate_unresolved_and_unused_fields_fail_closed
  stdout ───

    running 1 test
    test unknown_missing_duplicate_unresolved_and_unused_fields_fail_closed ... FAILED

    failures:

    failures:
        unknown_missing_duplicate_unresolved_and_unused_fields_fail_closed

    test result: FAILED. 0 passed; 1 failed; 0 ignored; 0 measured; 11 filtered out; finished in 0.00s

  stderr ───

    thread 'unknown_missing_duplicate_unresolved_and_unused_fields_fail_closed' (820223) panicked at tests/integration/assurance_v2_source_contract.rs:662:69:
    called `Result::unwrap()` on an `Err` value: Drift("generated identity member changed: docs/specifications/science-contracts/contracts/SC-SNOWENERGY-001.md")
    note: run with `RUST_BACKTRACE=1` environment variable to display a backtrace

        FAIL [   0.006s] ( 124/4202) openwepp::assurance_v2_publication_contract stale_roots_open_findings_conflicts_and_release_mismatch_fail_before_publication
  stdout ───

    running 1 test
    test stale_roots_open_findings_conflicts_and_release_mismatch_fail_before_publication ... FAILED

    failures:

    failures:
        stale_roots_open_findings_conflicts_and_release_mismatch_fail_before_publication

    test result: FAILED. 0 passed; 1 failed; 0 ignored; 0 measured; 36 filtered out; finished in 0.00s

  stderr ───

    thread 'stale_roots_open_findings_conflicts_and_release_mismatch_fail_before_publication' (820225) panicked at tests/integration/assurance_v2_publication_contract.rs:1752:68:
    called `Result::unwrap()` on an `Err` value: Drift("generated identity member changed: docs/specifications/science-contracts/contracts/SC-SNOWENERGY-001.md")
    note: run with `RUST_BACKTRACE=1` environment variable to display a backtrace

        FAIL [   0.007s] ( 126/4202) openwepp::assurance_v2_publication_contract superseded_report_fails_closed
  stdout ───

    running 1 test
    test superseded_report_fails_closed ... FAILED

    failures:

    failures:
        superseded_report_fails_closed

    test result: FAILED. 0 passed; 1 failed; 0 ignored; 0 measured; 36 filtered out; finished in 0.00s

  stderr ───

    thread 'superseded_report_fails_closed' (820227) panicked at tests/integration/assurance_v2_publication_contract.rs:1752:68:
    called `Result::unwrap()` on an `Err` value: Drift("generated identity member changed: docs/specifications/science-contracts/contracts/SC-SNOWENERGY-001.md")
    note: run with `RUST_BACKTRACE=1` environment variable to display a backtrace

        FAIL [   0.006s] ( 127/4202) openwepp::assurance_v2_publication_contract synthetic_approved_fixture_publishes_idempotently_and_release_rejects_it
  stdout ───

    running 1 test
    test synthetic_approved_fixture_publishes_idempotently_and_release_rejects_it ... FAILED

    failures:

    failures:
        synthetic_approved_fixture_publishes_idempotently_and_release_rejects_it

    test result: FAILED. 0 passed; 1 failed; 0 ignored; 0 measured; 36 filtered out; finished in 0.00s

  stderr ───

    thread 'synthetic_approved_fixture_publishes_idempotently_and_release_rejects_it' (820232) panicked at tests/integration/assurance_v2_publication_contract.rs:1752:68:
    called `Result::unwrap()` on an `Err` value: Drift("generated identity member changed: docs/specifications/science-contracts/contracts/SC-SNOWENERGY-001.md")
    note: run with `RUST_BACKTRACE=1` environment variable to display a backtrace

        FAIL [   0.007s] ( 129/4202) openwepp::assurance_v2_publication_contract withdrawn_report_fails_closed
  stdout ───

    running 1 test
    test withdrawn_report_fails_closed ... FAILED

    failures:

    failures:
        withdrawn_report_fails_closed

    test result: FAILED. 0 passed; 1 failed; 0 ignored; 0 measured; 36 filtered out; finished in 0.00s

  stderr ───

    thread 'withdrawn_report_fails_closed' (820234) panicked at tests/integration/assurance_v2_publication_contract.rs:1752:68:
    called `Result::unwrap()` on an `Err` value: Drift("generated identity member changed: docs/specifications/science-contracts/contracts/SC-SNOWENERGY-001.md")
    note: run with `RUST_BACKTRACE=1` environment variable to display a backtrace

        FAIL [   0.006s] ( 131/4202) openwepp::assurance_v2_publication_contract wrong_principal_kind_fails_closed
  stdout ───

    running 1 test
    test wrong_principal_kind_fails_closed ... FAILED

    failures:

    failures:
        wrong_principal_kind_fails_closed

    test result: FAILED. 0 passed; 1 failed; 0 ignored; 0 measured; 36 filtered out; finished in 0.00s

  stderr ───

    thread 'wrong_principal_kind_fails_closed' (820238) panicked at tests/integration/assurance_v2_publication_contract.rs:1752:68:
    called `Result::unwrap()` on an `Err` value: Drift("generated identity member changed: docs/specifications/science-contracts/contracts/SC-SNOWENERGY-001.md")
    note: run with `RUST_BACKTRACE=1` environment variable to display a backtrace

        FAIL [   0.006s] ( 133/4202) openwepp::assurance_v2_publication_contract wrong_principal_role_fails_closed
  stdout ───

    running 1 test
    test wrong_principal_role_fails_closed ... FAILED

    failures:

    failures:
        wrong_principal_role_fails_closed

    test result: FAILED. 0 passed; 1 failed; 0 ignored; 0 measured; 36 filtered out; finished in 0.00s

  stderr ───

    thread 'wrong_principal_role_fails_closed' (820241) panicked at tests/integration/assurance_v2_publication_contract.rs:1752:68:
    called `Result::unwrap()` on an `Err` value: Drift("generated identity member changed: docs/specifications/science-contracts/contracts/SC-SNOWENERGY-001.md")
    note: run with `RUST_BACKTRACE=1` environment variable to display a backtrace

        FAIL [   0.006s] ( 134/4202) openwepp::assurance_v2_publication_contract wrong_principal_trust_domain_fails_closed
  stdout ───

    running 1 test
    test wrong_principal_trust_domain_fails_closed ... FAILED

    failures:

    failures:
        wrong_principal_trust_domain_fails_closed

    test result: FAILED. 0 passed; 1 failed; 0 ignored; 0 measured; 36 filtered out; finished in 0.00s

  stderr ───

    thread 'wrong_principal_trust_domain_fails_closed' (820247) panicked at tests/integration/assurance_v2_publication_contract.rs:1752:68:
    called `Result::unwrap()` on an `Err` value: Drift("generated identity member changed: docs/specifications/science-contracts/contracts/SC-SNOWENERGY-001.md")
    note: run with `RUST_BACKTRACE=1` environment variable to display a backtrace

        FAIL [   0.139s] ( 158/4202) openwepp::assurance_v2_source_contract real_source_and_cli_validate_named_and_all_deterministically
  stdout ───

    running 1 test
    test real_source_and_cli_validate_named_and_all_deterministically ... FAILED

    failures:

    failures:
        real_source_and_cli_validate_named_and_all_deterministically

    test result: FAILED. 0 passed; 1 failed; 0 ignored; 0 measured; 11 filtered out; finished in 0.13s

  stderr ───

    thread 'real_source_and_cli_validate_named_and_all_deterministically' (820187) panicked at tests/integration/assurance_v2_source_contract.rs:34:41:
    validate all sources: Invalid("SHA-256 mismatch for identified source 'docs/specifications/science-contracts/contracts/SC-SNOWENERGY-001.md'")
    note: run with `RUST_BACKTRACE=1` environment variable to display a backtrace

        FAIL [   0.608s] ( 169/4202) openwepp::assurance_v2_assembly_contract canopy_named_and_all_builds_are_byte_equivalent_and_complete
  stdout ───

    running 1 test
    test canopy_named_and_all_builds_are_byte_equivalent_and_complete ... FAILED

    failures:

    failures:
        canopy_named_and_all_builds_are_byte_equivalent_and_complete

    test result: FAILED. 0 passed; 1 failed; 0 ignored; 0 measured; 8 filtered out; finished in 0.60s

  stderr ───

    thread 'canopy_named_and_all_builds_are_byte_equivalent_and_complete' (819915) panicked at tests/integration/assurance_v2_assembly_contract.rs:101:10:
    build complete catalog: Invalid("report 'snow-and-frozen-soil-process-evaluation' is not current and cannot be assembled")
    note: run with `RUST_BACKTRACE=1` environment variable to display a backtrace

        FAIL [   0.057s] ( 172/4202) openwepp::c3_woody_v11_authority_contract typed_semantic_authority_reconstructs_receipts_restart_and_atomic_commit
  stdout ───

    running 1 test
    test typed_semantic_authority_reconstructs_receipts_restart_and_atomic_commit ... FAILED

    failures:

    failures:
        typed_semantic_authority_reconstructs_receipts_restart_and_atomic_commit

    test result: FAILED. 0 passed; 1 failed; 0 ignored; 0 measured; 7 filtered out; finished in 0.05s

  stderr ───

    thread 'typed_semantic_authority_reconstructs_receipts_restart_and_atomic_commit' (820340) panicked at tests/integration/c3_woody_v11_authority_contract.rs:269:5:
    full V10 surface binding drift

    note: run with `RUST_BACKTRACE=1` environment variable to display a backtrace

        FAIL [   0.350s] ( 223/4202) openwepp::cli01_runner_hillslope_integration cli01_contract_conformance_sidecar_policy_warns_on_unknown_discovery
  stdout ───

    running 1 test
    test cli01_contract_conformance_sidecar_policy_warns_on_unknown_discovery ... FAILED

    failures:

    failures:
        cli01_contract_conformance_sidecar_policy_warns_on_unknown_discovery

    test result: FAILED. 0 passed; 1 failed; 0 ignored; 0 measured; 3 filtered out; finished in 0.34s

  stderr ───

    thread 'cli01_contract_conformance_sidecar_policy_warns_on_unknown_discovery' (820446) panicked at tests/integration/cli01_runner_hillslope_integration.rs:77:10:
    compat policy should accept unknown sidecar with warning: RuntimeSurfaceFailure { surface: "r7c_direct_production_executor", detail: "HS-SIMPIPE-E-001 direct runtime kernel guard failed in snow_stage3_v11: prepare: V11 actual-consumer identity mismatch: pending V11 parent-finalization record source" }
    note: run with `RUST_BACKTRACE=1` environment variable to display a backtrace

        FAIL [   0.429s] ( 226/4202) openwepp::cli01_runner_hillslope_integration cli01_contract_conformance_hillslope_run_emits_required_outputs_and_manifest
  stdout ───

    running 1 test
    test cli01_contract_conformance_hillslope_run_emits_required_outputs_and_manifest ... FAILED

    failures:

    failures:
        cli01_contract_conformance_hillslope_run_emits_required_outputs_and_manifest

    test result: FAILED. 0 passed; 1 failed; 0 ignored; 0 measured; 3 filtered out; finished in 0.42s

  stderr ───

    thread 'cli01_contract_conformance_hillslope_run_emits_required_outputs_and_manifest' (820414) panicked at tests/integration/cli01_runner_hillslope_integration.rs:49:6:
    compat CLI01 run fixture should complete: RuntimeSurfaceFailure { surface: "r7c_direct_production_executor", detail: "HS-SIMPIPE-E-001 direct runtime kernel guard failed in snow_stage3_v11: prepare: V11 actual-consumer identity mismatch: pending V11 parent-finalization record source" }
    note: run with `RUST_BACKTRACE=1` environment variable to display a backtrace

        FAIL [   0.297s] ( 227/4202) openwepp::cli03_runner_contract_derived_tests cli03_fixture_run_publishes_retired_wb16_ealpha_provenance
  stdout ───

    running 1 test
    test cli03_fixture_run_publishes_retired_wb16_ealpha_provenance ... FAILED

    failures:

    failures:
        cli03_fixture_run_publishes_retired_wb16_ealpha_provenance

    test result: FAILED. 0 passed; 1 failed; 0 ignored; 0 measured; 24 filtered out; finished in 0.29s

  stderr ───

    thread 'cli03_fixture_run_publishes_retired_wb16_ealpha_provenance' (820469) panicked at tests/integration/cli03_runner_contract_derived_tests.rs:474:14:
    fixture run should succeed: RuntimeSurfaceFailure { surface: "r7c_direct_production_executor", detail: "HS-SIMPIPE-E-001 direct runtime kernel guard failed in snow_stage3_v11: prepare: V11 actual-consumer identity mismatch: pending V11 parent-finalization record source" }
    note: run with `RUST_BACKTRACE=1` environment variable to display a backtrace

        FAIL [   0.326s] ( 229/4202) openwepp::cli03_runner_contract_derived_tests cli03_fixture_run_emits_required_and_configured_optional_outputs_with_manifest_checksums
  stdout ───

    running 1 test
    test cli03_fixture_run_emits_required_and_configured_optional_outputs_with_manifest_checksums ... FAILED

    failures:

    failures:
        cli03_fixture_run_emits_required_and_configured_optional_outputs_with_manifest_checksums

    test result: FAILED. 0 passed; 1 failed; 0 ignored; 0 measured; 24 filtered out; finished in 0.32s

  stderr ───

    thread 'cli03_fixture_run_emits_required_and_configured_optional_outputs_with_manifest_checksums' (820467) panicked at tests/integration/cli03_runner_contract_derived_tests.rs:423:14:
    fixture run should succeed: RuntimeSurfaceFailure { surface: "r7c_direct_production_executor", detail: "HS-SIMPIPE-E-001 direct runtime kernel guard failed in snow_stage3_v11: prepare: V11 actual-consumer identity mismatch: pending V11 parent-finalization record source" }
    note: run with `RUST_BACKTRACE=1` environment variable to display a backtrace

        FAIL [   0.383s] ( 230/4202) openwepp::cli03_runner_contract_derived_tests cli03_legacy_sidecar_discovery_mode_uses_legacy_sidecars_and_ignores_runfile_overrides
  stdout ───

    running 1 test
    test cli03_legacy_sidecar_discovery_mode_uses_legacy_sidecars_and_ignores_runfile_overrides ... FAILED

    failures:

    failures:
        cli03_legacy_sidecar_discovery_mode_uses_legacy_sidecars_and_ignores_runfile_overrides

    test result: FAILED. 0 passed; 1 failed; 0 ignored; 0 measured; 24 filtered out; finished in 0.38s

  stderr ───

    thread 'cli03_legacy_sidecar_discovery_mode_uses_legacy_sidecars_and_ignores_runfile_overrides' (820473) panicked at tests/integration/cli03_runner_contract_derived_tests.rs:535:14:
    legacy discovery run should succeed: RuntimeSurfaceFailure { surface: "r7c_direct_production_executor", detail: "HS-SIMPIPE-E-001 direct runtime kernel guard failed in snow_stage3_v11: prepare: V11 actual-consumer identity mismatch: pending V11 parent-finalization record source" }
    note: run with `RUST_BACKTRACE=1` environment variable to display a backtrace

        FAIL [   2.646s] ( 235/4202) openwepp::assurance_v2_normalization_contract current_report_is_american_english_and_check_is_read_only
  stdout ───

    running 1 test
    test current_report_is_american_english_and_check_is_read_only ... FAILED

    failures:

    failures:
        current_report_is_american_english_and_check_is_read_only

    test result: FAILED. 0 passed; 1 failed; 0 ignored; 0 measured; 4 filtered out; finished in 2.64s

  stderr ───

    thread 'current_report_is_american_english_and_check_is_read_only' (820105) panicked at tests/integration/assurance_v2_normalization_contract.rs:28:10:
    current production DRAFT is normalized: Drift("generated identity member changed: docs/specifications/science-contracts/contracts/SC-SNOWENERGY-001.md")
    note: run with `RUST_BACKTRACE=1` environment variable to display a backtrace

        FAIL [   3.905s] ( 241/4202) openwepp::cli03_runner_contract_derived_tests cli03_mf_multiofe_publication_emits_public_per_ofe_wat_rows
  stdout ───

    running 1 test
    test cli03_mf_multiofe_publication_emits_public_per_ofe_wat_rows ... FAILED

    failures:

    failures:
        cli03_mf_multiofe_publication_emits_public_per_ofe_wat_rows

    test result: FAILED. 0 passed; 1 failed; 0 ignored; 0 measured; 24 filtered out; finished in 3.90s

  stderr ───

    thread 'cli03_mf_multiofe_publication_emits_public_per_ofe_wat_rows' (820475) panicked at tests/integration/cli03_runner_contract_derived_tests.rs:891:6:
    aligned multi-OFE fixture should execute: RuntimeSurfaceFailure { surface: "r7c_direct_production_executor", detail: "HS-SIMPIPE-E-001 direct runtime kernel guard failed in snow_stage3_v11: prepare: Stage-3/V11 adaptive terminal direct trial failure at 1800000000000..1860000000000 ns (60000000000 ns): VEG-E-123: imported V10 segment execution failed: V11 adaptive candidate requires refinement: canonical covered dependent-output instability" }
    note: run with `RUST_BACKTRACE=1` environment variable to display a backtrace

        FAIL [   3.729s] ( 242/4202) openwepp::cli03_runner_contract_derived_tests cli03_mofe03_no_till_multiofe_runfile_executes_wave1_chain
  stdout ───

    running 1 test
    test cli03_mofe03_no_till_multiofe_runfile_executes_wave1_chain ... FAILED

    failures:

    failures:
        cli03_mofe03_no_till_multiofe_runfile_executes_wave1_chain

    test result: FAILED. 0 passed; 1 failed; 0 ignored; 0 measured; 24 filtered out; finished in 3.72s

  stderr ───

    thread 'cli03_mofe03_no_till_multiofe_runfile_executes_wave1_chain' (820521) panicked at tests/integration/cli03_runner_contract_derived_tests.rs:789:6:
    no-till multi-OFE fixture should execute through the Wave-1 chain: RuntimeSurfaceFailure { surface: "r7c_direct_production_executor", detail: "HS-SIMPIPE-E-001 direct runtime kernel guard failed in snow_stage3_v11: prepare: Stage-3/V11 adaptive terminal direct trial failure at 1800000000000..1860000000000 ns (60000000000 ns): VEG-E-123: imported V10 segment execution failed: V11 adaptive candidate requires refinement: canonical covered dependent-output instability" }
    note: run with `RUST_BACKTRACE=1` environment variable to display a backtrace

        FAIL [   0.251s] ( 243/4202) openwepp::cli03_runner_contract_derived_tests cli03_mofe03_single_ofe_policy_disables_wave2_by_default
  stdout ───

    running 1 test
    test cli03_mofe03_single_ofe_policy_disables_wave2_by_default ... FAILED

    failures:

    failures:
        cli03_mofe03_single_ofe_policy_disables_wave2_by_default

    test result: FAILED. 0 passed; 1 failed; 0 ignored; 0 measured; 24 filtered out; finished in 0.25s

  stderr ───

    thread 'cli03_mofe03_single_ofe_policy_disables_wave2_by_default' (820581) panicked at tests/integration/cli03_runner_contract_derived_tests.rs:840:6:
    single-OFE baseline fixture should execute: RuntimeSurfaceFailure { surface: "r7c_direct_production_executor", detail: "HS-SIMPIPE-E-001 direct runtime kernel guard failed in snow_stage3_v11: prepare: V11 actual-consumer identity mismatch: pending V11 parent-finalization record source" }
    note: run with `RUST_BACKTRACE=1` environment variable to display a backtrace

        FAIL [   0.250s] ( 244/4202) openwepp::cli03_runner_contract_derived_tests cli03_mofe04_single_ofe_publication_reports_single_contributor_policy
  stdout ───

    running 1 test
    test cli03_mofe04_single_ofe_publication_reports_single_contributor_policy ... FAILED

    failures:

    failures:
        cli03_mofe04_single_ofe_publication_reports_single_contributor_policy

    test result: FAILED. 0 passed; 1 failed; 0 ignored; 0 measured; 24 filtered out; finished in 0.24s

  stderr ───

    thread 'cli03_mofe04_single_ofe_publication_reports_single_contributor_policy' (820585) panicked at tests/integration/cli03_runner_contract_derived_tests.rs:1158:6:
    single-OFE fixture should execute: RuntimeSurfaceFailure { surface: "r7c_direct_production_executor", detail: "HS-SIMPIPE-E-001 direct runtime kernel guard failed in snow_stage3_v11: prepare: V11 actual-consumer identity mismatch: pending V11 parent-finalization record source" }
    note: run with `RUST_BACKTRACE=1` environment variable to display a backtrace

        FAIL [   0.227s] ( 251/4202) openwepp::cli03_runner_contract_derived_tests cli03_runtime_accepts_finite_daily_temperature_inversion_records
  stdout ───

    running 1 test
    test cli03_runtime_accepts_finite_daily_temperature_inversion_records ... FAILED

    failures:

    failures:
        cli03_runtime_accepts_finite_daily_temperature_inversion_records

    test result: FAILED. 0 passed; 1 failed; 0 ignored; 0 measured; 24 filtered out; finished in 0.22s

  stderr ───

    thread 'cli03_runtime_accepts_finite_daily_temperature_inversion_records' (820597) panicked at tests/integration/cli03_runner_contract_derived_tests.rs:1232:6:
    finite tmax<tmin climate records should remain compatibility-valid: RuntimeSurfaceFailure { surface: "r7c_direct_production_executor", detail: "HS-SIMPIPE-E-001 direct runtime kernel guard failed in snow_stage3_v11: prepare: V11 actual-consumer identity mismatch: pending V11 parent-finalization record source" }
    note: run with `RUST_BACKTRACE=1` environment variable to display a backtrace

        FAIL [   0.287s] ( 257/4202) openwepp::cli04_runner_wat_parquet_contract_derived_tests cli04_fixture_run_emits_valid_wat_parquet_with_required_metadata_keys
  stdout ───

    running 1 test
    test cli04_fixture_run_emits_valid_wat_parquet_with_required_metadata_keys ... FAILED

    failures:

    failures:
        cli04_fixture_run_emits_valid_wat_parquet_with_required_metadata_keys

    test result: FAILED. 0 passed; 1 failed; 0 ignored; 0 measured; 1 filtered out; finished in 0.28s

  stderr ───

    thread 'cli04_fixture_run_emits_valid_wat_parquet_with_required_metadata_keys' (820619) panicked at tests/integration/cli04_runner_wat_parquet_contract_derived_tests.rs:69:10:
    fixture run should succeed: RuntimeSurfaceFailure { surface: "r7c_direct_production_executor", detail: "HS-SIMPIPE-E-001 direct runtime kernel guard failed in snow_stage3_v11: prepare: V11 actual-consumer identity mismatch: pending V11 parent-finalization record source" }
    note: run with `RUST_BACKTRACE=1` environment variable to display a backtrace

        FAIL [   3.012s] ( 259/4202) openwepp::cli03_runner_contract_derived_tests cli03_mofe03_tilled_multiofe_run_does_not_claim_the_wave1_chain
  stdout ───

    running 1 test
    test cli03_mofe03_tilled_multiofe_run_does_not_claim_the_wave1_chain ... FAILED

    failures:

    failures:
        cli03_mofe03_tilled_multiofe_run_does_not_claim_the_wave1_chain

    test result: FAILED. 0 passed; 1 failed; 0 ignored; 0 measured; 24 filtered out; finished in 3.01s

  stderr ───

    thread 'cli03_mofe03_tilled_multiofe_run_does_not_claim_the_wave1_chain' (820583) panicked at tests/integration/cli03_runner_contract_derived_tests.rs:724:6:
    aligned multi-OFE fixture should execute through the Wave-1 chain: RuntimeSurfaceFailure { surface: "r7c_direct_production_executor", detail: "HS-SIMPIPE-E-001 direct runtime kernel guard failed in snow_stage3_v11: prepare: Stage-3/V11 adaptive terminal direct trial failure at 1800000000000..1860000000000 ns (60000000000 ns): VEG-E-123: imported V10 segment execution failed: V11 adaptive candidate requires refinement: canonical covered dependent-output instability" }
    note: run with `RUST_BACKTRACE=1` environment variable to display a backtrace

        SLOW [> 90.000s] (─────────) openwepp::cqr_quality_evidence_handoff_contract cqr_quality_evidence_self_test_passes
        SLOW [>180.000s] (─────────) openwepp::cqr_quality_evidence_handoff_contract cqr_quality_evidence_self_test_passes
        SLOW [>270.000s] (─────────) openwepp::cqr_quality_evidence_handoff_contract cqr_quality_evidence_self_test_passes
        SLOW [>360.000s] (─────────) openwepp::cqr_quality_evidence_handoff_contract cqr_quality_evidence_self_test_passes
        FAIL [   0.455s] ( 392/4202) openwepp::hphys0209_profilewp_adjudication_contract hphys0209_wp_authority_perturbation_changes_profile_wp_without_profile_geometry_regression
  stdout ───

    running 1 test
    test hphys0209_wp_authority_perturbation_changes_profile_wp_without_profile_geometry_regression ... FAILED

    failures:

    failures:
        hphys0209_wp_authority_perturbation_changes_profile_wp_without_profile_geometry_regression

    test result: FAILED. 0 passed; 1 failed; 0 ignored; 0 measured; 1 filtered out; finished in 0.44s

  stderr ───

    thread 'hphys0209_wp_authority_perturbation_changes_profile_wp_without_profile_geometry_regression' (917593) panicked at tests/integration/hphys0209_profilewp_adjudication_contract.rs:119:6:
    fixture run should execute: RuntimeSurfaceFailure { surface: "r7c_direct_production_executor", detail: "HS-SIMPIPE-E-001 direct runtime kernel guard failed in snow_stage3_v11: prepare: V11 actual-consumer identity mismatch: pending V11 parent-finalization record source" }
    note: run with `RUST_BACKTRACE=1` environment variable to display a backtrace

        FAIL [   0.577s] ( 506/4202) openwepp::hphys0208_fc_threshold_coupled_residual_contract hphys0208_sat_perturbation_changes_coupled_wb13_publications
  stdout ───

    running 1 test
    test hphys0208_sat_perturbation_changes_coupled_wb13_publications ... FAILED

    failures:

    failures:
        hphys0208_sat_perturbation_changes_coupled_wb13_publications

    test result: FAILED. 0 passed; 1 failed; 0 ignored; 0 measured; 1 filtered out; finished in 0.57s

  stderr ───

    thread 'hphys0208_sat_perturbation_changes_coupled_wb13_publications' (917591) panicked at tests/integration/hphys0208_fc_threshold_coupled_residual_contract.rs:137:6:
    fixture run should execute: RuntimeSurfaceFailure { surface: "r7c_direct_production_executor", detail: "HS-SIMPIPE-E-001 direct runtime kernel guard failed in snow_stage3_v11: prepare: V11 actual-consumer identity mismatch: pending V11 parent-finalization record source" }
    note: run with `RUST_BACKTRACE=1` environment variable to display a backtrace

        FAIL [   0.006s] ( 847/4202) openwepp::land_surface_energy_balance_authority_contract revision_31_component_temperature_dependency_replay_structural_seam_is_expected_red
  stdout ───

    running 1 test
    test revision_31_component_temperature_dependency_replay_structural_seam_is_expected_red ... FAILED

    failures:

    failures:
        revision_31_component_temperature_dependency_replay_structural_seam_is_expected_red

    test result: FAILED. 0 passed; 1 failed; 0 ignored; 0 measured; 25 filtered out; finished in 0.00s

  stderr ───

    thread 'revision_31_component_temperature_dependency_replay_structural_seam_is_expected_red' (918738) panicked at tests/integration/land_surface_energy_balance_authority_contract.rs:892:5:
    revision 31 expected-red: production dependency-replay seam is absent: ["struct CoveredComponentTemperatureDependencyGraph", "struct ValidatedCoveredComponentReplaySweepBase", "struct ValidatedCoveredComponentProbeReplay", "struct CoveredComponentDependencyReplayAudit", "fn covered_component_temperature_probe_residuals", "fn begin_covered_component_dependency_replay_audit", "fn take_covered_component_dependency_replay_audit"]
    note: run with `RUST_BACKTRACE=1` environment variable to display a backtrace

        FAIL [   0.007s] ( 885/4202) openwepp::laned_shadow_h2637 h2637_default_malformed_routing_coefficients_fails_closed
  stdout ───

    running 1 test
    test h2637_default_malformed_routing_coefficients_fails_closed ... FAILED

    failures:

    failures:
        h2637_default_malformed_routing_coefficients_fails_closed

    test result: FAILED. 0 passed; 1 failed; 0 ignored; 0 measured; 10 filtered out; finished in 0.00s

  stderr ───

    thread 'h2637_default_malformed_routing_coefficients_fails_closed' (918821) panicked at tests/integration/laned_shadow_h2637.rs:40:69:
    fixture copy: Error { kind: InvalidInput, message: "the source path is neither a regular file nor a symlink to a regular file" }
    note: run with `RUST_BACKTRACE=1` environment variable to display a backtrace

        FAIL [   0.007s] ( 886/4202) openwepp::laned_shadow_h2637 h2637_default_mixed_routing_coefficients_fails_closed
  stdout ───

    running 1 test
    test h2637_default_mixed_routing_coefficients_fails_closed ... FAILED

    failures:

    failures:
        h2637_default_mixed_routing_coefficients_fails_closed

    test result: FAILED. 0 passed; 1 failed; 0 ignored; 0 measured; 10 filtered out; finished in 0.00s

  stderr ───

    thread 'h2637_default_mixed_routing_coefficients_fails_closed' (918822) panicked at tests/integration/laned_shadow_h2637.rs:40:69:
    fixture copy: Error { kind: InvalidInput, message: "the source path is neither a regular file nor a symlink to a regular file" }
    note: run with `RUST_BACKTRACE=1` environment variable to display a backtrace

        FAIL [   0.020s] ( 911/4202) openwepp::paradigm2_stage0_surface_energy_balance_contract production_runtime_sources_only_wire_stage0_flux_primitives_through_stage3_opt_in
  stdout ───

    running 1 test
    test production_runtime_sources_only_wire_stage0_flux_primitives_through_stage3_opt_in ... FAILED

    failures:

    failures:
        production_runtime_sources_only_wire_stage0_flux_primitives_through_stage3_opt_in

    test result: FAILED. 0 passed; 1 failed; 0 ignored; 0 measured; 3 filtered out; finished in 0.01s

  stderr ───

    thread 'production_runtime_sources_only_wire_stage0_flux_primitives_through_stage3_opt_in' (918914) panicked at tests/integration/paradigm2_stage0_surface_energy_balance_contract.rs:203:5:
    Stage 0 surface-energy primitives must remain unwired outside the Stage 3 opt-in boundary:
    /workdir/openWEPP/crates/openwepp-hillslope-orchestrator/src/v11_covered/carrier_phase/snow_boundary.rs contains openwepp_meteorology::surface_energy
    note: run with `RUST_BACKTRACE=1` environment variable to display a backtrace

        FAIL [   0.185s] ( 998/4202) openwepp::pl14s_tier_a_candidate_emission_and_replay_contract simimpl18_contract_requires_cold_day_partition_zero_rm_and_runtime_snow_storage
  stdout ───

    running 1 test
    test simimpl18_contract_requires_cold_day_partition_zero_rm_and_runtime_snow_storage ... FAILED

    failures:

    failures:
        simimpl18_contract_requires_cold_day_partition_zero_rm_and_runtime_snow_storage

    test result: FAILED. 0 passed; 1 failed; 0 ignored; 0 measured; 7 filtered out; finished in 0.18s

  stderr ───

    thread 'simimpl18_contract_requires_cold_day_partition_zero_rm_and_runtime_snow_storage' (919008) panicked at tests/integration/pl14s_tier_a_candidate_emission_and_replay_contract.rs:403:6:
    simimpl18 fixture run should execute: RuntimeSurfaceFailure { surface: "r7c_direct_production_executor", detail: "HS-SIMPIPE-E-001 direct runtime kernel guard failed in snow_stage3_v11: prepare: Stage-3/V11 adaptive covered direct trial failure at 0..1800000000000 ns (1800000000000 ns): VEG-E-123: imported V10 segment execution failed: HKERNEL-WB14-RUNOFF-E-003: phase class hydrology_runoff_reconciliation snow Stage 3 conductivity evaluation failed: pressure_pa must be > 0; received 0; layer_index=0, layer_mass_swe_m=0.0010409053990790816, layer_thickness_m=0.010409053990790815, layer_density_kg_m3=100, layer_temperature_c=-265.9260957685787, layer_cold_content_j_m2=581288.2085672223, control_volume_temperature_c=-265.9260957685787, atmospheric_pressure_pa=90024.61995703662, control_volume_layers=[DirectSnowLayerState { mass_swe_m: 0.0010409053990790816, thickness_m: 0.010409053990790815, density_kg_m3: 100.0, settle_day_count: 0.0, temperature_c: -265.9260957685787, liquid_water_m: 0.0, cold_content_j_m2: 581288.2085672223, refrozen_liquid_m: 2.689128844478797e-14 }]" }
    note: run with `RUST_BACKTRACE=1` environment variable to display a backtrace

        FAIL [   0.184s] (1000/4202) openwepp::pl14s_tier_a_candidate_emission_and_replay_contract simimpl18_contract_requires_multi_day_storage_state_mutation
  stdout ───

    running 1 test
    test simimpl18_contract_requires_multi_day_storage_state_mutation ... FAILED

    failures:

    failures:
        simimpl18_contract_requires_multi_day_storage_state_mutation

    test result: FAILED. 0 passed; 1 failed; 0 ignored; 0 measured; 7 filtered out; finished in 0.18s

  stderr ───

    thread 'simimpl18_contract_requires_multi_day_storage_state_mutation' (919011) panicked at tests/integration/pl14s_tier_a_candidate_emission_and_replay_contract.rs:403:6:
    simimpl18 fixture run should execute: RuntimeSurfaceFailure { surface: "r7c_direct_production_executor", detail: "HS-SIMPIPE-E-001 direct runtime kernel guard failed in snow_stage3_v11: prepare: Stage-3/V11 adaptive covered direct trial failure at 0..1800000000000 ns (1800000000000 ns): VEG-E-123: imported V10 segment execution failed: HKERNEL-WB14-RUNOFF-E-003: phase class hydrology_runoff_reconciliation snow Stage 3 conductivity evaluation failed: pressure_pa must be > 0; received 0; layer_index=0, layer_mass_swe_m=0.0010409053990790816, layer_thickness_m=0.010409053990790815, layer_density_kg_m3=100, layer_temperature_c=-265.9260957685787, layer_cold_content_j_m2=581288.2085672223, control_volume_temperature_c=-265.9260957685787, atmospheric_pressure_pa=90024.61995703662, control_volume_layers=[DirectSnowLayerState { mass_swe_m: 0.0010409053990790816, thickness_m: 0.010409053990790815, density_kg_m3: 100.0, settle_day_count: 0.0, temperature_c: -265.9260957685787, liquid_water_m: 0.0, cold_content_j_m2: 581288.2085672223, refrozen_liquid_m: 2.689128844478797e-14 }]" }
    note: run with `RUST_BACKTRACE=1` environment variable to display a backtrace

        FAIL [   0.010s] (1041/4202) openwepp::snow_free_half_hour_forcing_adapter_contract closure_eligible_v10_api_has_no_raw_or_defaulted_execution_escape
  stdout ───

    running 1 test
    test closure_eligible_v10_api_has_no_raw_or_defaulted_execution_escape ... FAILED

    failures:

    failures:
        closure_eligible_v10_api_has_no_raw_or_defaulted_execution_escape

    test result: FAILED. 0 passed; 1 failed; 0 ignored; 0 measured; 6 filtered out; finished in 0.00s

  stderr ───

    thread 'closure_eligible_v10_api_has_no_raw_or_defaulted_execution_escape' (919204) panicked at tests/integration/snow_free_half_hour_forcing_adapter_contract.rs:35:10:
    following V9 implementation
    note: run with `RUST_BACKTRACE=1` environment variable to display a backtrace

        FAIL [   0.008s] (1064/4202) openwepp::snow_stage3_adaptive_compositional_contract successor_contracts_bind_one_adaptive_model_and_preserve_rejected_history
  stdout ───

    running 1 test
    test successor_contracts_bind_one_adaptive_model_and_preserve_rejected_history ... FAILED

    failures:

    failures:
        successor_contracts_bind_one_adaptive_model_and_preserve_rejected_history

    test result: FAILED. 0 passed; 1 failed; 0 ignored; 0 measured; 3 filtered out; finished in 0.00s

  stderr ───

    thread 'successor_contracts_bind_one_adaptive_model_and_preserve_rejected_history' (919247) panicked at tests/integration/snow_stage3_adaptive_compositional_contract.rs:102:9:
    docs/specifications/science-contracts/contracts/SC-SNOWENERGY-001.md missing contract_version: 58
    note: run with `RUST_BACKTRACE=1` environment variable to display a backtrace

        FAIL [   0.007s] (1082/4202) openwepp::snow_stage3_shared_carrier_authority_contract current_snow_energy_preserves_v22_physical_custody_and_v17_precipitation
  stdout ───

    running 1 test
    test current_snow_energy_preserves_v22_physical_custody_and_v17_precipitation ... FAILED

    failures:

    failures:
        current_snow_energy_preserves_v22_physical_custody_and_v17_precipitation

    test result: FAILED. 0 passed; 1 failed; 0 ignored; 0 measured; 5 filtered out; finished in 0.00s

  stderr ───

    thread 'current_snow_energy_preserves_v22_physical_custody_and_v17_precipitation' (919286) panicked at tests/integration/snow_stage3_shared_carrier_authority_contract.rs:200:9:
    missing in-review v17 precipitation authority: contract_version: 58
    note: run with `RUST_BACKTRACE=1` environment variable to display a backtrace

        FAIL [   0.007s] (1098/4202) openwepp::snow_stage3_terminal_receiver_authority_contract all_owner_failure_rolls_back_and_index_records_lifecycle
  stdout ───

    running 1 test
    test all_owner_failure_rolls_back_and_index_records_lifecycle ... FAILED

    failures:

    failures:
        all_owner_failure_rolls_back_and_index_records_lifecycle

    test result: FAILED. 0 passed; 1 failed; 0 ignored; 0 measured; 8 filtered out; finished in 0.00s

  stderr ───

    thread 'all_owner_failure_rolls_back_and_index_records_lifecycle' (919337) panicked at tests/integration/snow_stage3_terminal_receiver_authority_contract.rs:154:9:
    docs/specifications/science-contracts/index.md missing non-versioned ADR-0044 amendments bind one canonical covered solver
    note: run with `RUST_BACKTRACE=1` environment variable to display a backtrace

        FAIL [   0.006s] (1118/4202) openwepp::snow_stage3_turbulent_operator_reconciliation_contract v130_retains_production_and_claim_holds
  stdout ───

    running 1 test
    test v130_retains_production_and_claim_holds ... FAILED

    failures:

    failures:
        v130_retains_production_and_claim_holds

    test result: FAILED. 0 passed; 1 failed; 0 ignored; 0 measured; 10 filtered out; finished in 0.00s

  stderr ───

    thread 'v130_retains_production_and_claim_holds' (919373) panicked at tests/integration/snow_stage3_turbulent_operator_reconciliation_contract.rs:306:9:
    docs/specifications/science-contracts/index.md missing non-versioned ADR-0044 amendments bind one canonical covered solver
    note: run with `RUST_BACKTRACE=1` environment variable to display a backtrace

        FAIL [   0.006s] (1121/4202) openwepp::snow_stage3_turbulent_operator_reconciliation_contract v131_retains_fail_closed_authority_gaps_and_protected_boundaries
  stdout ───

    running 1 test
    test v131_retains_fail_closed_authority_gaps_and_protected_boundaries ... FAILED

    failures:

    failures:
        v131_retains_fail_closed_authority_gaps_and_protected_boundaries

    test result: FAILED. 0 passed; 1 failed; 0 ignored; 0 measured; 10 filtered out; finished in 0.00s

  stderr ───

    thread 'v131_retains_fail_closed_authority_gaps_and_protected_boundaries' (919382) panicked at tests/integration/snow_stage3_turbulent_operator_reconciliation_contract.rs:739:5:
    assertion failed: index.contains("non-versioned ADR-0044 amendments bind one canonical covered solver")
    note: run with `RUST_BACKTRACE=1` environment variable to display a backtrace

        FAIL [   0.010s] (1122/4202) openwepp::snow_stage3_turbulent_operator_reconciliation_contract v131_binds_raw_opportunity_separately_from_bounded_transfer
  stdout ───

    running 1 test
    test v131_binds_raw_opportunity_separately_from_bounded_transfer ... FAILED

    failures:

    failures:
        v131_binds_raw_opportunity_separately_from_bounded_transfer

    test result: FAILED. 0 passed; 1 failed; 0 ignored; 0 measured; 10 filtered out; finished in 0.00s

  stderr ───

    thread 'v131_binds_raw_opportunity_separately_from_bounded_transfer' (919374) panicked at tests/integration/snow_stage3_turbulent_operator_reconciliation_contract.rs:596:9:
    docs/specifications/science-contracts/contracts/SC-SNOWENERGY-001.md missing contract_version: 58
    note: run with `RUST_BACKTRACE=1` environment variable to display a backtrace

        FAIL [   0.006s] (1127/4202) openwepp::snow_stage3_wind_source_custody_contract v11_v134_separate_source_adjusted_and_virtual_wind
  stdout ───

    running 1 test
    test v11_v134_separate_source_adjusted_and_virtual_wind ... FAILED

    failures:

    failures:
        v11_v134_separate_source_adjusted_and_virtual_wind

    test result: FAILED. 0 passed; 1 failed; 0 ignored; 0 measured; 2 filtered out; finished in 0.00s

  stderr ───

    thread 'v11_v134_separate_source_adjusted_and_virtual_wind' (919389) panicked at tests/integration/snow_stage3_wind_source_custody_contract.rs:31:9:
    docs/specifications/science-contracts/contracts/SC-SNOWENERGY-001.md missing contract_version: 58
    note: run with `RUST_BACKTRACE=1` environment variable to display a backtrace

        FAIL [   0.005s] (1134/4202) openwepp::snow_surface_eb03_contract eb03_contract_binds_provider_selectors_and_exact_one_exchange
  stdout ───

    running 1 test
    test eb03_contract_binds_provider_selectors_and_exact_one_exchange ... FAILED

    failures:

    failures:
        eb03_contract_binds_provider_selectors_and_exact_one_exchange

    test result: FAILED. 0 passed; 1 failed; 0 ignored; 0 measured; 10 filtered out; finished in 0.00s

  stderr ───

    thread 'eb03_contract_binds_provider_selectors_and_exact_one_exchange' (919402) panicked at tests/integration/snow_surface_eb03_contract.rs:59:9:
    docs/specifications/science-contracts/contracts/SC-SNOWENERGY-001.md missing contract_version: 58
    note: run with `RUST_BACKTRACE=1` environment variable to display a backtrace

        FAIL [   0.006s] (1159/4202) openwepp::snow_terminal_enthalpy_event_numerics_contract revision_61_structural_production_seam_is_expected_red
  stdout ───

    running 1 test
    test revision_61_structural_production_seam_is_expected_red ... FAILED

    failures:

    failures:
        revision_61_structural_production_seam_is_expected_red

    test result: FAILED. 0 passed; 1 failed; 0 ignored; 0 measured; 62 filtered out; finished in 0.00s

  stderr ───

    thread 'revision_61_structural_production_seam_is_expected_red' (919458) panicked at tests/integration/snow_terminal_enthalpy_event_numerics_contract.rs:177:9:
    missing revision-61 production seam FeedForwardTerminalCarrierRequestV1
    note: run with `RUST_BACKTRACE=1` environment variable to display a backtrace

        FAIL [   0.005s] (1277/4202) openwepp::solver_architecture_authority_contract stage3_chain_is_quarantined_for_replacement_not_accepted_as_architecture
  stdout ───

    running 1 test
    test stage3_chain_is_quarantined_for_replacement_not_accepted_as_architecture ... FAILED

    failures:

    failures:
        stage3_chain_is_quarantined_for_replacement_not_accepted_as_architecture

    test result: FAILED. 0 passed; 1 failed; 0 ignored; 0 measured; 4 filtered out; finished in 0.00s

  stderr ───

    thread 'stage3_chain_is_quarantined_for_replacement_not_accepted_as_architecture' (919701) panicked at tests/integration/solver_architecture_authority_contract.rs:109:5:
    assertion failed: roadmap.contains("0044-prohibit-accretive-production-solver-dispatch.md")
    note: run with `RUST_BACKTRACE=1` environment variable to display a backtrace

        FAIL [   0.007s] (1280/4202) openwepp::stage3_native_vegetation_laned_throughput_recovery canonical_covered_pending_adjudication_is_contract_bound
  stdout ───

    running 1 test
    test canonical_covered_pending_adjudication_is_contract_bound ... FAILED

    failures:

    failures:
        canonical_covered_pending_adjudication_is_contract_bound

    test result: FAILED. 0 passed; 1 failed; 0 ignored; 0 measured; 22 filtered out; finished in 0.00s

  stderr ───

    thread 'canonical_covered_pending_adjudication_is_contract_bound' (919713) panicked at tests/integration/stage3_native_vegetation_laned_throughput_recovery.rs:1358:13:
    docs/specifications/science-contracts/contracts/SC-SNOWENERGY-001.md missing contract_version: 60
    note: run with `RUST_BACKTRACE=1` environment variable to display a backtrace

        FAIL [   0.006s] (1282/4202) openwepp::stage3_native_vegetation_laned_throughput_recovery coupled_slab_acceptance_consumes_one_private_revision_proof
  stdout ───

    running 1 test
    test coupled_slab_acceptance_consumes_one_private_revision_proof ... FAILED

    failures:

    failures:
        coupled_slab_acceptance_consumes_one_private_revision_proof

    test result: FAILED. 0 passed; 1 failed; 0 ignored; 0 measured; 22 filtered out; finished in 0.00s

  stderr ───

    thread 'coupled_slab_acceptance_consumes_one_private_revision_proof' (919715) panicked at tests/integration/stage3_native_vegetation_laned_throughput_recovery.rs:189:5:
    assertion failed: contract.contains("contract_version: 16")
    note: run with `RUST_BACKTRACE=1` environment variable to display a backtrace

        FAIL [   0.004s] (1289/4202) openwepp::stage3_native_vegetation_laned_throughput_recovery native_inactive_wb14_prefix_transition_is_contract_bound_and_production_reachable
  stdout ───

    running 1 test
    test native_inactive_wb14_prefix_transition_is_contract_bound_and_production_reachable ... FAILED

    failures:

    failures:
        native_inactive_wb14_prefix_transition_is_contract_bound_and_production_reachable

    test result: FAILED. 0 passed; 1 failed; 0 ignored; 0 measured; 22 filtered out; finished in 0.00s

  stderr ───

    thread 'native_inactive_wb14_prefix_transition_is_contract_bound_and_production_reachable' (919732) panicked at tests/integration/stage3_native_vegetation_laned_throughput_recovery.rs:1289:13:
    docs/specifications/science-contracts/contracts/SC-COUPLEDTIME-001.md missing contract_version: 16
    note: run with `RUST_BACKTRACE=1` environment variable to display a backtrace

        FAIL [   0.005s] (1294/4202) openwepp::stage3_native_vegetation_laned_throughput_recovery stage3_lane_d_qualification_reads_canonical_manifest_provenance
  stdout ───

    running 1 test
    test stage3_lane_d_qualification_reads_canonical_manifest_provenance ... FAILED

    failures:

    failures:
        stage3_lane_d_qualification_reads_canonical_manifest_provenance

    test result: FAILED. 0 passed; 1 failed; 0 ignored; 0 measured; 22 filtered out; finished in 0.00s

  stderr ───

    thread 'stage3_lane_d_qualification_reads_canonical_manifest_provenance' (919741) panicked at tests/integration/stage3_native_vegetation_laned_throughput_recovery.rs:936:5:
    assertion `left == right` failed: every Lane-D qualification manifest read must use canonical execution provenance
      left: 3
     right: 4
    note: run with `RUST_BACKTRACE=1` environment variable to display a backtrace

        FAIL [   0.004s] (1324/4202) openwepp::surface_liquid_hydrology_custody_authority_contract contract_binds_existing_lse_identity_and_restart_bytes
  stdout ───

    running 1 test
    test contract_binds_existing_lse_identity_and_restart_bytes ... FAILED

    failures:

    failures:
        contract_binds_existing_lse_identity_and_restart_bytes

    test result: FAILED. 0 passed; 1 failed; 0 ignored; 0 measured; 21 filtered out; finished in 0.00s

  stderr ───

    thread 'contract_binds_existing_lse_identity_and_restart_bytes' (919802) panicked at tests/integration/surface_liquid_hydrology_custody_authority_contract.rs:191:9:
    docs/specifications/science-contracts/contracts/SC-SURFACELIQUID-001.md missing contract_version: 25
    note: run with `RUST_BACKTRACE=1` environment variable to display a backtrace

        FAIL [   0.006s] (1337/4202) openwepp::surface_liquid_hydrology_custody_authority_contract version_15_binds_exact_soil_energy_credit_custody_before_production
  stdout ───

    running 1 test
    test version_15_binds_exact_soil_energy_credit_custody_before_production ... FAILED

    failures:

    failures:
        version_15_binds_exact_soil_energy_credit_custody_before_production

    test result: FAILED. 0 passed; 1 failed; 0 ignored; 0 measured; 21 filtered out; finished in 0.00s

  stderr ───

    thread 'version_15_binds_exact_soil_energy_credit_custody_before_production' (919823) panicked at tests/integration/surface_liquid_hydrology_custody_authority_contract.rs:459:5:
    assertion failed: registry.contains("v23 binds V16 exact-owner records and operands to authenticated configuration-topology rank")
    note: run with `RUST_BACKTRACE=1` environment variable to display a backtrace

        FAIL [   0.005s] (1338/4202) openwepp::surface_liquid_hydrology_custody_authority_contract version_16_binds_exact_surface_enthalpy_custody_before_production
  stdout ───

    running 1 test
    test version_16_binds_exact_surface_enthalpy_custody_before_production ... FAILED

    failures:

    failures:
        version_16_binds_exact_surface_enthalpy_custody_before_production

    test result: FAILED. 0 passed; 1 failed; 0 ignored; 0 measured; 21 filtered out; finished in 0.00s

  stderr ───

    thread 'version_16_binds_exact_surface_enthalpy_custody_before_production' (919828) panicked at tests/integration/surface_liquid_hydrology_custody_authority_contract.rs:513:5:
    assertion failed: registry.contains("v23 binds V16 exact-owner records and operands to authenticated configuration-topology rank")
    note: run with `RUST_BACKTRACE=1` environment variable to display a backtrace

        FAIL [   0.005s] (1341/4202) openwepp::surface_liquid_hydrology_custody_authority_contract version_9_binds_multi_lane_stage3_parent_release
  stdout ───

    running 1 test
    test version_9_binds_multi_lane_stage3_parent_release ... FAILED

    failures:

    failures:
        version_9_binds_multi_lane_stage3_parent_release

    test result: FAILED. 0 passed; 1 failed; 0 ignored; 0 measured; 21 filtered out; finished in 0.00s

  stderr ───

    thread 'version_9_binds_multi_lane_stage3_parent_release' (919836) panicked at tests/integration/surface_liquid_hydrology_custody_authority_contract.rs:590:5:
    assertion failed: registry_row.contains("v25 admits the complete all-local SurfaceLiquid routing posture")
    note: run with `RUST_BACKTRACE=1` environment variable to display a backtrace

        FAIL [   0.005s] (1344/4202) openwepp::surface_liquid_hydrology_custody_authority_contract version_twenty_five_binds_laned_active_local_surface_routing
  stdout ───

    running 1 test
    test version_twenty_five_binds_laned_active_local_surface_routing ... FAILED

    failures:

    failures:
        version_twenty_five_binds_laned_active_local_surface_routing

    test result: FAILED. 0 passed; 1 failed; 0 ignored; 0 measured; 21 filtered out; finished in 0.00s

  stderr ───

    thread 'version_twenty_five_binds_laned_active_local_surface_routing' (919844) panicked at tests/integration/surface_liquid_hydrology_custody_authority_contract.rs:253:5:
    assertion failed: read("docs/specifications/science-contracts/index.md").contains("v25 admits the complete all-local SurfaceLiquid routing posture")
    note: run with `RUST_BACKTRACE=1` environment variable to display a backtrace

        FAIL [   0.006s] (1346/4202) openwepp::surface_liquid_hydrology_custody_authority_contract version_twenty_four_binds_private_validated_handoffs_without_moving_trust_boundaries
  stdout ───

    running 1 test
    test version_twenty_four_binds_private_validated_handoffs_without_moving_trust_boundaries ... FAILED

    failures:

    failures:
        version_twenty_four_binds_private_validated_handoffs_without_moving_trust_boundaries

    test result: FAILED. 0 passed; 1 failed; 0 ignored; 0 measured; 21 filtered out; finished in 0.00s

  stderr ───

    thread 'version_twenty_four_binds_private_validated_handoffs_without_moving_trust_boundaries' (919845) panicked at tests/integration/surface_liquid_hydrology_custody_authority_contract.rs:232:5:
    assertion failed: index.contains("v24 admits private immutable revision-bound surface-resource validation handoffs")
    note: run with `RUST_BACKTRACE=1` environment variable to display a backtrace

        FAIL [   0.006s] (1349/4202) openwepp::surface_liquid_hydrology_custody_authority_contract version_twenty_three_binds_exact_owner_order_to_surface_topology
  stdout ───

    running 1 test
    test version_twenty_three_binds_exact_owner_order_to_surface_topology ... FAILED

    failures:

    failures:
        version_twenty_three_binds_exact_owner_order_to_surface_topology

    test result: FAILED. 0 passed; 1 failed; 0 ignored; 0 measured; 21 filtered out; finished in 0.00s

  stderr ───

    thread 'version_twenty_three_binds_exact_owner_order_to_surface_topology' (919851) panicked at tests/integration/surface_liquid_hydrology_custody_authority_contract.rs:279:5:
    assertion failed: read("docs/specifications/science-contracts/index.md").contains("v23 binds V16 exact-owner records and operands to authenticated configuration-topology rank")
    note: run with `RUST_BACKTRACE=1` environment variable to display a backtrace

        FAIL [   0.088s] (1428/4202) openwepp::vegetation_boundary_authority_contract v9_runtime_equivalence_verifier_rejects_every_required_poison
  stdout ───

    running 1 test
    test v9_runtime_equivalence_verifier_rejects_every_required_poison ... FAILED

    failures:

    failures:
        v9_runtime_equivalence_verifier_rejects_every_required_poison

    test result: FAILED. 0 passed; 1 failed; 0 ignored; 0 measured; 28 filtered out; finished in 0.08s

  stderr ───

    thread 'v9_runtime_equivalence_verifier_rejects_every_required_poison' (920075) panicked at tests/integration/vegetation_boundary_authority_contract.rs:2806:5:
    V9 equivalence poisons failed: VEG-E-133: runtime mismatch is not libcrypto-only: libcrypto.so.3,libz.so.1

    note: run with `RUST_BACKTRACE=1` environment variable to display a backtrace

        FAIL [   0.098s] (1429/4202) openwepp::vegetation_boundary_authority_contract v9_oracle_successor_is_exactly_bound_and_v8_is_immutable
  stdout ───

    running 1 test
    test v9_oracle_successor_is_exactly_bound_and_v8_is_immutable ... FAILED

    failures:

    failures:
        v9_oracle_successor_is_exactly_bound_and_v8_is_immutable

    test result: FAILED. 0 passed; 1 failed; 0 ignored; 0 measured; 28 filtered out; finished in 0.09s

  stderr ───

    thread 'v9_oracle_successor_is_exactly_bound_and_v8_is_immutable' (920068) panicked at tests/integration/vegetation_boundary_authority_contract.rs:2775:5:
    V9 oracle failed: VEG-E-133: runtime mismatch is not libcrypto-only: libcrypto.so.3,libz.so.1

    note: run with `RUST_BACKTRACE=1` environment variable to display a backtrace

        FAIL [   0.004s] (1433/4202) openwepp::stage3_native_vegetation_laned_throughput_recovery snow_free_final_receipt_reseal_is_contract_bound_and_production_reachable
  stdout ───

    running 1 test
    test snow_free_final_receipt_reseal_is_contract_bound_and_production_reachable ... FAILED

    failures:

    failures:
        snow_free_final_receipt_reseal_is_contract_bound_and_production_reachable

    test result: FAILED. 0 passed; 1 failed; 0 ignored; 0 measured; 22 filtered out; finished in 0.00s

  stderr ───

    thread 'snow_free_final_receipt_reseal_is_contract_bound_and_production_reachable' (920094) panicked at tests/integration/stage3_native_vegetation_laned_throughput_recovery.rs:1246:9:
    docs/specifications/science-contracts/contracts/SC-COUPLEDTIME-001.md missing contract_version: 16
    note: run with `RUST_BACKTRACE=1` environment variable to display a backtrace

        FAIL [   0.013s] (1467/4202) openwepp-assurance cli::tests::amendment_recovery_command_reaches_typed_backend
  stdout ───

    running 1 test
    test cli::tests::amendment_recovery_command_reaches_typed_backend ... FAILED

    failures:

    failures:
        cli::tests::amendment_recovery_command_reaches_typed_backend

    test result: FAILED. 0 passed; 1 failed; 0 ignored; 0 measured; 31 filtered out; finished in 0.01s

  stderr ───

    thread 'cli::tests::amendment_recovery_command_reaches_typed_backend' (920155) panicked at crates/openwepp-assurance/src/cli.rs:1271:18:
    calculate implementation rebind: Drift("generated identity member changed: docs/specifications/science-contracts/contracts/SC-SNOWENERGY-001.md")
    note: run with `RUST_BACKTRACE=1` environment variable to display a backtrace

        FAIL [   0.009s] (1471/4202) openwepp-assurance cli::tests::inspect_and_lifecycle_commands_cover_human_json_and_request_paths
  stdout ───

    running 1 test
    test cli::tests::inspect_and_lifecycle_commands_cover_human_json_and_request_paths ... FAILED

    failures:

    failures:
        cli::tests::inspect_and_lifecycle_commands_cover_human_json_and_request_paths

    test result: FAILED. 0 passed; 1 failed; 0 ignored; 0 measured; 31 filtered out; finished in 0.00s

  stderr ───

    thread 'cli::tests::inspect_and_lifecycle_commands_cover_human_json_and_request_paths' (920164) panicked at crates/openwepp-assurance/src/cli.rs:1413:14:
    called `Result::unwrap()` on an `Err` value: Drift("generated identity member changed: docs/specifications/science-contracts/contracts/SC-SNOWENERGY-001.md")
    note: run with `RUST_BACKTRACE=1` environment variable to display a backtrace

        FAIL [   0.008s] (1472/4202) openwepp-assurance v2::assembly::tests::post_install_source_drift_restores_prior_bytes_without_timing
  stdout ───

    running 1 test
    test v2::assembly::tests::post_install_source_drift_restores_prior_bytes_without_timing ... FAILED

    failures:

    failures:
        v2::assembly::tests::post_install_source_drift_restores_prior_bytes_without_timing

    test result: FAILED. 0 passed; 1 failed; 0 ignored; 0 measured; 31 filtered out; finished in 0.00s

  stderr ───

    thread 'v2::assembly::tests::post_install_source_drift_restores_prior_bytes_without_timing' (920170) panicked at crates/openwepp-assurance/src/v2/assembly.rs:2065:60:
    copy exact v2 fixture: Drift("generated identity member changed: docs/specifications/science-contracts/contracts/SC-SNOWENERGY-001.md")
    note: run with `RUST_BACKTRACE=1` environment variable to display a backtrace

        FAIL [   0.008s] (1492/4202) openwepp-assurance v2::transaction::tests::adoption_selected_source_race_preserves_the_active_generation
  stdout ───

    running 1 test
    test v2::transaction::tests::adoption_selected_source_race_preserves_the_active_generation ... FAILED

    failures:

    failures:
        v2::transaction::tests::adoption_selected_source_race_preserves_the_active_generation

    test result: FAILED. 0 passed; 1 failed; 0 ignored; 0 measured; 31 filtered out; finished in 0.00s

  stderr ───

    thread 'v2::transaction::tests::adoption_selected_source_race_preserves_the_active_generation' (920211) panicked at crates/openwepp-assurance/src/v2/transaction.rs:710:65:
    copy fixture: Drift("generated identity member changed: docs/specifications/science-contracts/contracts/SC-SNOWENERGY-001.md")
    note: run with `RUST_BACKTRACE=1` environment variable to display a backtrace

        FAIL [   0.007s] (1493/4202) openwepp-assurance v2::transaction::tests::committed_cleanup_fault_leaves_new_generation_and_typed_recovery_state
  stdout ───

    running 1 test
    test v2::transaction::tests::committed_cleanup_fault_leaves_new_generation_and_typed_recovery_state ... FAILED

    failures:

    failures:
        v2::transaction::tests::committed_cleanup_fault_leaves_new_generation_and_typed_recovery_state

    test result: FAILED. 0 passed; 1 failed; 0 ignored; 0 measured; 31 filtered out; finished in 0.00s

  stderr ───

    thread 'v2::transaction::tests::committed_cleanup_fault_leaves_new_generation_and_typed_recovery_state' (920214) panicked at crates/openwepp-assurance/src/v2/transaction.rs:742:65:
    copy fixture: Drift("generated identity member changed: docs/specifications/science-contracts/contracts/SC-SNOWENERGY-001.md")
    note: run with `RUST_BACKTRACE=1` environment variable to display a backtrace

        FAIL [   0.007s] (1494/4202) openwepp-assurance v2::transaction::tests::every_precommit_fault_preserves_the_active_generation
  stdout ───

    running 1 test
    test v2::transaction::tests::every_precommit_fault_preserves_the_active_generation ... FAILED

    failures:

    failures:
        v2::transaction::tests::every_precommit_fault_preserves_the_active_generation

    test result: FAILED. 0 passed; 1 failed; 0 ignored; 0 measured; 31 filtered out; finished in 0.00s

  stderr ───

    thread 'v2::transaction::tests::every_precommit_fault_preserves_the_active_generation' (920215) panicked at crates/openwepp-assurance/src/v2/transaction.rs:690:69:
    copy fixture: Drift("generated identity member changed: docs/specifications/science-contracts/contracts/SC-SNOWENERGY-001.md")
    note: run with `RUST_BACKTRACE=1` environment variable to display a backtrace

        FAIL [   0.015s] (1501/4202) openwepp-assurance v2::transaction::tests::recovery_tree_verifier_checks_the_selected_generation_members
  stdout ───

    running 1 test
    test v2::transaction::tests::recovery_tree_verifier_checks_the_selected_generation_members ... FAILED

    failures:

    failures:
        v2::transaction::tests::recovery_tree_verifier_checks_the_selected_generation_members

    test result: FAILED. 0 passed; 1 failed; 0 ignored; 0 measured; 31 filtered out; finished in 0.01s

  stderr ───

    thread 'v2::transaction::tests::recovery_tree_verifier_checks_the_selected_generation_members' (920221) panicked at crates/openwepp-assurance/src/v2/transaction.rs:771:65:
    copy fixture: Drift("generated identity member changed: docs/specifications/science-contracts/contracts/SC-SNOWENERGY-001.md")
    note: run with `RUST_BACKTRACE=1` environment variable to display a backtrace

        FAIL [   0.010s] (1518/4202) openwepp-coupled-time transaction::accepted_slab_context_source_guards::nonending_context_relation_is_exhaustive_and_not_a_schema_mirror
  stdout ───

    running 1 test
    test transaction::accepted_slab_context_source_guards::nonending_context_relation_is_exhaustive_and_not_a_schema_mirror ... FAILED

    failures:

    failures:
        transaction::accepted_slab_context_source_guards::nonending_context_relation_is_exhaustive_and_not_a_schema_mirror

    test result: FAILED. 0 passed; 1 failed; 0 ignored; 0 measured; 1 filtered out; finished in 0.00s

  stderr ───

    thread 'transaction::accepted_slab_context_source_guards::nonending_context_relation_is_exhaustive_and_not_a_schema_mirror' (920264) panicked at crates/openwepp-coupled-time/src/transaction.rs:767:9:
    assertion failed: !body.contains("serde_json")
    note: run with `RUST_BACKTRACE=1` environment variable to display a backtrace

        FAIL [   0.008s] (1776/4202) openwepp-hillslope-orchestrator direct_runtime::surface_liquid_ingress::tests::terminal_tests::wb14_failure_preserves_every_resource_candidate_byte
  stdout ───

    running 1 test
    test direct_runtime::surface_liquid_ingress::tests::terminal_tests::wb14_failure_preserves_every_resource_candidate_byte ... FAILED

    failures:

    failures:
        direct_runtime::surface_liquid_ingress::tests::terminal_tests::wb14_failure_preserves_every_resource_candidate_byte

    test result: FAILED. 0 passed; 1 failed; 0 ignored; 0 measured; 1422 filtered out; finished in 0.00s

  stderr ───

    thread 'direct_runtime::surface_liquid_ingress::tests::terminal_tests::wb14_failure_preserves_every_resource_candidate_byte' (920777) panicked at crates/openwepp-hillslope-orchestrator/src/direct_runtime/surface_liquid_ingress_terminal_tests.rs:240:5:
    assertion `left == right` failed
      left: E002
     right: E008
    note: run with `RUST_BACKTRACE=1` environment variable to display a backtrace

        FAIL [   5.083s] (2199/4202) openwepp::dff_ws1_native_forest_cli native_forest_hillslope_runs_end_to_end_with_pmet_hit_and_reconciliation
  stdout ───

    running 1 test
    test native_forest_hillslope_runs_end_to_end_with_pmet_hit_and_reconciliation ... FAILED

    failures:

    failures:
        native_forest_hillslope_runs_end_to_end_with_pmet_hit_and_reconciliation

    test result: FAILED. 0 passed; 1 failed; 0 ignored; 0 measured; 0 filtered out; finished in 5.07s

  stderr ───

    thread 'native_forest_hillslope_runs_end_to_end_with_pmet_hit_and_reconciliation' (917513) panicked at tests/integration/dff_ws1_native_forest_cli.rs:82:6:
    native forest hillslope should run end-to-end: RuntimeSurfaceFailure { surface: "r7c_direct_production_executor", detail: "HS-SIMPIPE-E-001 direct runtime kernel guard failed in snow_stage3_v11: prepare: Stage-3/V11 adaptive terminal direct trial failure at 86400000000000..88200000000000 ns (1800000000000 ns): snow terminal custody failure: covered probe typed beginning joint" }
    note: run with `RUST_BACKTRACE=1` environment variable to display a backtrace

        FAIL [   0.006s] (2289/4202) openwepp-hillslope-orchestrator snow_stage3_v11_attachment::adaptive_trial_failure_classification_tests::canonical_controller_uses_one_bounded_map_chronology_without_replay
  stdout ───

    running 1 test
    test snow_stage3_v11_attachment::adaptive_trial_failure_classification_tests::canonical_controller_uses_one_bounded_map_chronology_without_replay ... FAILED

    failures:

    failures:
        snow_stage3_v11_attachment::adaptive_trial_failure_classification_tests::canonical_controller_uses_one_bounded_map_chronology_without_replay

    test result: FAILED. 0 passed; 1 failed; 0 ignored; 0 measured; 1422 filtered out; finished in 0.00s

  stderr ───

    thread 'snow_stage3_v11_attachment::adaptive_trial_failure_classification_tests::canonical_controller_uses_one_bounded_map_chronology_without_replay' (921884) panicked at crates/openwepp-hillslope-orchestrator/src/snow_stage3_v11_adaptive_execution_tests.rs:180:13:
    missing canonical solver symbol CanonicalCoveredMapRoleV1::FixedPointPredictor
    note: run with `RUST_BACKTRACE=1` environment variable to display a backtrace

        FAIL [   0.007s] (2295/4202) openwepp-hillslope-orchestrator snow_stage3_v11_attachment::adaptive_trial_failure_classification_tests::exact_floor_historical_midpoint_is_deleted_from_canonical_controller
  stdout ───

    running 1 test
    test snow_stage3_v11_attachment::adaptive_trial_failure_classification_tests::exact_floor_historical_midpoint_is_deleted_from_canonical_controller ... FAILED

    failures:

    failures:
        snow_stage3_v11_attachment::adaptive_trial_failure_classification_tests::exact_floor_historical_midpoint_is_deleted_from_canonical_controller

    test result: FAILED. 0 passed; 1 failed; 0 ignored; 0 measured; 1422 filtered out; finished in 0.00s

  stderr ───

    thread 'snow_stage3_v11_attachment::adaptive_trial_failure_classification_tests::exact_floor_historical_midpoint_is_deleted_from_canonical_controller' (921902) panicked at crates/openwepp-hillslope-orchestrator/src/snow_stage3_v11_adaptive_execution_tests.rs:150:9:
    assertion failed: canonical.contains("CanonicalCoveredMapRoleV1::FixedPointPredictor")
    note: run with `RUST_BACKTRACE=1` environment variable to display a backtrace

        FAIL [   0.008s] (2297/4202) openwepp-hillslope-orchestrator snow_stage3_v11_attachment::adaptive_trial_failure_classification_tests::physical_active_sets_are_derived_inside_authentic_map
  stdout ───

    running 1 test
    test snow_stage3_v11_attachment::adaptive_trial_failure_classification_tests::physical_active_sets_are_derived_inside_authentic_map ... FAILED

    failures:

    failures:
        snow_stage3_v11_attachment::adaptive_trial_failure_classification_tests::physical_active_sets_are_derived_inside_authentic_map

    test result: FAILED. 0 passed; 1 failed; 0 ignored; 0 measured; 1422 filtered out; finished in 0.00s

  stderr ───

    thread 'snow_stage3_v11_attachment::adaptive_trial_failure_classification_tests::physical_active_sets_are_derived_inside_authentic_map' (921916) panicked at crates/openwepp-hillslope-orchestrator/src/snow_stage3_v11_adaptive_execution_tests.rs:164:13:
    missing canonical active set CanonicalCoveredDerivedActiveSetV1::StrictlyFrozen
    note: run with `RUST_BACKTRACE=1` environment variable to display a backtrace

        FAIL [   6.742s] (2306/4202) openwepp::direct_v10_real_consumer_checkpoint_v1_contract complete_generated_v1_schema_matches_frozen_authority_schema
  stdout ───

    running 1 test
    test complete_generated_v1_schema_matches_frozen_authority_schema ... FAILED

    failures:

    failures:
        complete_generated_v1_schema_matches_frozen_authority_schema

    test result: FAILED. 0 passed; 1 failed; 0 ignored; 0 measured; 6 filtered out; finished in 6.73s

  stderr ───
    warning: field `ending_snow_hint` is never read
        --> /workdir/openWEPP/crates/openwepp-hillslope-orchestrator/src/hydrology/support_helpers_mod/runoff_reconciliation.rs:1176:9
         |
    1156 | pub(crate) struct CoveredTerminalTrialRequestV1 {
         |                   ----------------------------- field in this struct
    ...
    1176 |     pub ending_snow_hint: Option<CoveredTerminalEndingSnowHintV1>,
         |         ^^^^^^^^^^^^^^^^
         |
         = note: `CoveredTerminalTrialRequestV1` has derived impls for the traits `Debug` and `Clone`, but these are intentionally ignored during dead code analysis
         = note: `#[warn(dead_code)]` (part of `#[warn(unused)]`) on by default

    error[E0308]: mismatched types
       --> src/evidence_fixture.rs:163:58
        |
    163 |         soil_thermal: SoilThermalStateRestartV1::project(shadow.restart_authority_soil_thermal())
        |                       ---------------------------------- ^^^^^^^^^^^^^^^^^^^^^^^^^^^^^^^^^^^^^^^ expected `&SoilThermalSnapshot`, found `Result<&SoilThermalSnapshot, ...>`
        |                       |
        |                       arguments to this function are incorrect
        |
        = note: expected reference `&SoilThermalSnapshot`
                        found enum `Result<&SoilThermalSnapshot, DirectV9RealConsumerError>`
    note: associated function defined here
       --> src/scientific_owners.rs:737:12
        |
    737 |     pub fn project(v: &SoilThermalSnapshot) -> Result<Self, ScientificOwnerRestartError> {
        |            ^^^^^^^ -----------------------
    help: consider using `Result::expect` to unwrap the `Result<&SoilThermalSnapshot, DirectV9RealConsumerError>` value, panicking if the value is a `Result::Err`
        |
    163 |         soil_thermal: SoilThermalStateRestartV1::project(shadow.restart_authority_soil_thermal().expect("REASON"))
        |                                                                                                 +++++++++++++++++

    error[E0599]: the method `clone` exists for enum `Result<&SoilThermalSnapshot, DirectV9RealConsumerError>`, but its trait bounds were not satisfied
        --> src/evidence_fixture.rs:404:68
         |
     404 |     let mut soil_thermal = shadow.restart_authority_soil_thermal().clone();
         |                                                                    ^^^^^
         |
        ::: /workdir/openWEPP/crates/openwepp-hillslope-orchestrator/src/v9_real_consumer_shadow.rs:2671:1
         |
    2671 | pub enum DirectV9RealConsumerError {
         | ---------------------------------- doesn't satisfy `DirectV9RealConsumerError: Clone`
         |
         = note: the following trait bounds were not satisfied:
                 `DirectV9RealConsumerError: Clone`
                 which is required by `Result<&SoilThermalSnapshot, DirectV9RealConsumerError>: Clone`
    note: the method `clone` exists on the type `&SoilThermalSnapshot`
        --> /rustc/59807616e1fa2540724bfbac14d7976d7e4a3860/library/core/src/clone.rs:236:4
    help: consider using `Result::expect` to unwrap the `&SoilThermalSnapshot` value, panicking if the value is a `Result::Err`
         |
     404 |     let mut soil_thermal = shadow.restart_authority_soil_thermal().expect("REASON").clone();
         |                                                                   +++++++++++++++++

    Some errors have detailed explanations: E0308, E0599.
    For more information about an error, try `rustc --explain E0308`.
    error: could not compile `openwepp-restart-authority-reference` (lib) due to 2 previous errors

    thread 'complete_generated_v1_schema_matches_frozen_authority_schema' (917507) panicked at tests/integration/direct_v10_real_consumer_checkpoint_v1_contract.rs:240:5:
    assertion failed: status.success()
    note: run with `RUST_BACKTRACE=1` environment variable to display a backtrace

        FAIL [   0.009s] (2760/4202) openwepp-hillslope-orchestrator v9_real_consumer_shadow::frozen_litter_v4_adoption::complete_lse_owner_bytes_tests::covered_native_map_retains_one_physical_exact_pair_without_final_replay
  stdout ───

    running 1 test
    test v9_real_consumer_shadow::frozen_litter_v4_adoption::complete_lse_owner_bytes_tests::covered_native_map_retains_one_physical_exact_pair_without_final_replay ... FAILED

    failures:

    failures:
        v9_real_consumer_shadow::frozen_litter_v4_adoption::complete_lse_owner_bytes_tests::covered_native_map_retains_one_physical_exact_pair_without_final_replay

    test result: FAILED. 0 passed; 1 failed; 0 ignored; 0 measured; 1422 filtered out; finished in 0.00s

  stderr ───

    thread 'v9_real_consumer_shadow::frozen_litter_v4_adoption::complete_lse_owner_bytes_tests::covered_native_map_retains_one_physical_exact_pair_without_final_replay' (922934) panicked at crates/openwepp-hillslope-orchestrator/src/v9_real_consumer_shadow/frozen_litter_v4_adoption.rs:638:9:
    assertion `left == right` failed
      left: 2
     right: 1
    note: run with `RUST_BACKTRACE=1` environment variable to display a backtrace

        FAIL [   0.106s] (2782/4202) openwepp-hillslope-orchestrator v9_real_consumer_shadow::tests::adaptive_production_path_coverage::ordinary_physical_reuse_is_byte_identical_to_forced_double_evaluation
  stdout ───

    running 1 test
    test v9_real_consumer_shadow::tests::adaptive_production_path_coverage::ordinary_physical_reuse_is_byte_identical_to_forced_double_evaluation ... FAILED

    failures:

    failures:
        v9_real_consumer_shadow::tests::adaptive_production_path_coverage::ordinary_physical_reuse_is_byte_identical_to_forced_double_evaluation

    test result: FAILED. 0 passed; 1 failed; 0 ignored; 0 measured; 1422 filtered out; finished in 0.10s

  stderr ───

    thread 'adaptive-equilibrium-production-path' (923077) panicked at crates/openwepp-hillslope-orchestrator/src/v9_real_consumer_shadow_wb14_tests.rs:2059:19:
    synchronized covered parent cadence: AdaptiveTrial { phase: "covered direct", start_ns: 0, end_ns: 60000000000, duration_ns: 60000000000, source: Owner(Identity("support-liquid receiver publication support")) }
    note: run with `RUST_BACKTRACE=1` environment variable to display a backtrace

    thread 'v9_real_consumer_shadow::tests::adaptive_production_path_coverage::ordinary_physical_reuse_is_byte_identical_to_forced_double_evaluation' (923074) panicked at crates/openwepp-hillslope-orchestrator/src/snow_stage3_v11_adaptive_production_tests.rs:519:10:
    join adaptive equilibrium production coverage: Any { .. }

        FAIL [   0.058s] (2787/4202) openwepp-hillslope-orchestrator v9_real_consumer_shadow::tests::adaptive_production_path_coverage::stable_minimum_production_support_accepts_one_direct_trial
  stdout ───

    running 1 test
    test v9_real_consumer_shadow::tests::adaptive_production_path_coverage::stable_minimum_production_support_accepts_one_direct_trial ... FAILED

    failures:

    failures:
        v9_real_consumer_shadow::tests::adaptive_production_path_coverage::stable_minimum_production_support_accepts_one_direct_trial

    test result: FAILED. 0 passed; 1 failed; 0 ignored; 0 measured; 1422 filtered out; finished in 0.05s

  stderr ───

    thread 'v9_real_consumer_shadow::tests::adaptive_production_path_coverage::stable_minimum_production_support_accepts_one_direct_trial' (923098) panicked at crates/openwepp-hillslope-orchestrator/src/snow_stage3_v11_adaptive_production_tests.rs:742:5:
    assertion `left == right` failed
      left: 1
     right: 2
    note: run with `RUST_BACKTRACE=1` environment variable to display a backtrace

        FAIL [   0.170s] (2792/4202) openwepp-hillslope-orchestrator v9_real_consumer_shadow::tests::coupled_hard_boundary_truncates_selected_900_second_child
  stdout ───

    running 1 test
    test v9_real_consumer_shadow::tests::coupled_hard_boundary_truncates_selected_900_second_child ... FAILED

    failures:

    failures:
        v9_real_consumer_shadow::tests::coupled_hard_boundary_truncates_selected_900_second_child

    test result: FAILED. 0 passed; 1 failed; 0 ignored; 0 measured; 1422 filtered out; finished in 0.16s

  stderr ───

    thread 'v9_real_consumer_shadow::tests::coupled_hard_boundary_truncates_selected_900_second_child' (923109) panicked at crates/openwepp-hillslope-orchestrator/src/v9_real_consumer_shadow_wb14_tests.rs:839:14:
    real mixed covered/open OFE execution: Executor(AdaptiveRefinement("canonical covered dependent-output instability"))
    note: run with `RUST_BACKTRACE=1` environment variable to display a backtrace

        FAIL [   0.196s] (2797/4202) openwepp-hillslope-orchestrator v9_real_consumer_shadow::tests::interior_terminal_event_capture_reproduces_below_carrier_domain
  stdout ───

    running 1 test
    test v9_real_consumer_shadow::tests::interior_terminal_event_capture_reproduces_below_carrier_domain ... FAILED

    failures:

    failures:
        v9_real_consumer_shadow::tests::interior_terminal_event_capture_reproduces_below_carrier_domain

    test result: FAILED. 0 passed; 1 failed; 0 ignored; 0 measured; 1422 filtered out; finished in 0.19s

  stderr ───

    thread 'child1-real-discrete-fixture' (923151) panicked at crates/openwepp-hillslope-orchestrator/src/v9_real_consumer_shadow_wb14_tests.rs:839:14:
    real mixed covered/open OFE execution: Executor(AdaptiveRefinement("canonical covered evaluation budget"))
    note: run with `RUST_BACKTRACE=1` environment variable to display a backtrace

    thread 'v9_real_consumer_shadow::tests::interior_terminal_event_capture_reproduces_below_carrier_domain' (923150) panicked at crates/openwepp-hillslope-orchestrator/src/v9_real_consumer_shadow_wb14_covered_physical_tests.rs:1501:10:
    join Child-1 real discrete fixture: Any { .. }

        FAIL [   0.247s] (2799/4202) openwepp-hillslope-orchestrator v9_real_consumer_shadow::tests::interior_terminal_event_runs_covered_event_and_snow_free_remainder
  stdout ───

    running 1 test
    test v9_real_consumer_shadow::tests::interior_terminal_event_runs_covered_event_and_snow_free_remainder ... FAILED

    failures:

    failures:
        v9_real_consumer_shadow::tests::interior_terminal_event_runs_covered_event_and_snow_free_remainder

    test result: FAILED. 0 passed; 1 failed; 0 ignored; 0 measured; 1422 filtered out; finished in 0.23s

  stderr ───

    thread 'interior-terminal-event-owner-path' (923171) panicked at crates/openwepp-hillslope-orchestrator/src/v9_real_consumer_shadow_wb14_tests.rs:839:14:
    real mixed covered/open OFE execution: Executor(AdaptiveRefinement("canonical covered evaluation budget"))
    note: run with `RUST_BACKTRACE=1` environment variable to display a backtrace

    thread 'v9_real_consumer_shadow::tests::interior_terminal_event_runs_covered_event_and_snow_free_remainder' (923170) panicked at crates/openwepp-hillslope-orchestrator/src/v9_real_consumer_shadow_wb14_covered_physical_tests.rs:1467:10:
    join interior terminal-event fixture: Any { .. }

        FAIL [   0.130s] (2803/4202) openwepp-hillslope-orchestrator v9_real_consumer_shadow::tests::latest_accepted_stage3_state_changes_next_wb14_proposal
  stdout ───

    running 1 test
    test v9_real_consumer_shadow::tests::latest_accepted_stage3_state_changes_next_wb14_proposal ... FAILED

    failures:

    failures:
        v9_real_consumer_shadow::tests::latest_accepted_stage3_state_changes_next_wb14_proposal

    test result: FAILED. 0 passed; 1 failed; 0 ignored; 0 measured; 1422 filtered out; finished in 0.12s

  stderr ───

    thread 'v9_real_consumer_shadow::tests::latest_accepted_stage3_state_changes_next_wb14_proposal' (923174) panicked at crates/openwepp-hillslope-orchestrator/src/v9_real_consumer_shadow_wb14_tests.rs:839:14:
    real mixed covered/open OFE execution: Executor(AdaptiveRefinement("canonical covered dependent-output instability"))
    note: run with `RUST_BACKTRACE=1` environment variable to display a backtrace

        FAIL [   0.243s] (2808/4202) openwepp-hillslope-orchestrator v9_real_consumer_shadow::tests::mixed_open_covered_stack_executes_complete_ofe_ground_boundary
  stdout ───

    running 1 test
    test v9_real_consumer_shadow::tests::mixed_open_covered_stack_executes_complete_ofe_ground_boundary ... FAILED

    failures:

    failures:
        v9_real_consumer_shadow::tests::mixed_open_covered_stack_executes_complete_ofe_ground_boundary

    test result: FAILED. 0 passed; 1 failed; 0 ignored; 0 measured; 1422 filtered out; finished in 0.23s

  stderr ───

    thread 'mixed-covered-open-boundary' (923180) panicked at crates/openwepp-hillslope-orchestrator/src/v9_real_consumer_shadow_wb14_tests.rs:839:14:
    real mixed covered/open OFE execution: Executor(AdaptiveRefinement("canonical covered evaluation budget"))
    note: run with `RUST_BACKTRACE=1` environment variable to display a backtrace

    thread 'v9_real_consumer_shadow::tests::mixed_open_covered_stack_executes_complete_ofe_ground_boundary' (923179) panicked at crates/openwepp-hillslope-orchestrator/src/v9_real_consumer_shadow_wb14_covered_physical_tests.rs:15:10:
    join mixed covered/open boundary fixture: Any { .. }

        FAIL [   0.196s] (2809/4202) openwepp-hillslope-orchestrator v9_real_consumer_shadow::tests::one_1800_second_child_matches_complete_historical_candidate
  stdout ───

    running 1 test
    test v9_real_consumer_shadow::tests::one_1800_second_child_matches_complete_historical_candidate ... FAILED

    failures:

    failures:
        v9_real_consumer_shadow::tests::one_1800_second_child_matches_complete_historical_candidate

    test result: FAILED. 0 passed; 1 failed; 0 ignored; 0 measured; 1422 filtered out; finished in 0.18s

  stderr ───

    thread 'v9_real_consumer_shadow::tests::one_1800_second_child_matches_complete_historical_candidate' (923187) panicked at crates/openwepp-hillslope-orchestrator/src/v9_real_consumer_shadow_wb14_tests.rs:839:14:
    real mixed covered/open OFE execution: Executor(AdaptiveRefinement("canonical covered evaluation budget"))
    note: run with `RUST_BACKTRACE=1` environment variable to display a backtrace

        FAIL [   0.243s] (2811/4202) openwepp-hillslope-orchestrator v9_real_consumer_shadow::tests::resolved_snow_and_snow_free_lanes_publish_one_atomic_parent
  stdout ───

    running 1 test
    test v9_real_consumer_shadow::tests::resolved_snow_and_snow_free_lanes_publish_one_atomic_parent ... FAILED

    failures:

    failures:
        v9_real_consumer_shadow::tests::resolved_snow_and_snow_free_lanes_publish_one_atomic_parent

    test result: FAILED. 0 passed; 1 failed; 0 ignored; 0 measured; 1422 filtered out; finished in 0.23s

  stderr ───

    thread 'resolved-and-snow-free-lanes' (923197) panicked at crates/openwepp-hillslope-orchestrator/src/v9_real_consumer_shadow_wb14_tests.rs:839:14:
    real mixed covered/open OFE execution: Executor(AdaptiveRefinement("canonical covered evaluation budget"))
    note: run with `RUST_BACKTRACE=1` environment variable to display a backtrace

    thread 'v9_real_consumer_shadow::tests::resolved_snow_and_snow_free_lanes_publish_one_atomic_parent' (923196) panicked at crates/openwepp-hillslope-orchestrator/src/v9_real_consumer_shadow_wb14_covered_physical_tests.rs:1426:10:
    join resolved/snow-free lane fixture: Any { .. }

        FAIL [   0.026s] (2816/4202) openwepp-hillslope-orchestrator v9_real_consumer_shadow::tests::solid_precipitation_reappears_through_the_adaptive_owner_path
  stdout ───

    running 1 test
    test v9_real_consumer_shadow::tests::solid_precipitation_reappears_through_the_adaptive_owner_path ... FAILED

    failures:

    failures:
        v9_real_consumer_shadow::tests::solid_precipitation_reappears_through_the_adaptive_owner_path

    test result: FAILED. 0 passed; 1 failed; 0 ignored; 0 measured; 1422 filtered out; finished in 0.01s

  stderr ───

    thread 'solid-reappearance-owner-path' (923238) panicked at crates/openwepp-hillslope-orchestrator/src/v9_real_consumer_shadow_wb14_tests.rs:839:14:
    real mixed covered/open OFE execution: Executor(Identity("canonical covered empty active topology"))
    note: run with `RUST_BACKTRACE=1` environment variable to display a backtrace

    thread 'v9_real_consumer_shadow::tests::solid_precipitation_reappears_through_the_adaptive_owner_path' (923237) panicked at crates/openwepp-hillslope-orchestrator/src/v9_real_consumer_shadow_wb14_covered_physical_tests.rs:1482:10:
    join solid-reappearance fixture: Any { .. }

        FAIL [   0.173s] (2819/4202) openwepp-hillslope-orchestrator v9_real_consumer_shadow::tests::two_900_second_complete_owner_children_publish_one_parent
  stdout ───

    running 1 test
    test v9_real_consumer_shadow::tests::two_900_second_complete_owner_children_publish_one_parent ... FAILED

    failures:

    failures:
        v9_real_consumer_shadow::tests::two_900_second_complete_owner_children_publish_one_parent

    test result: FAILED. 0 passed; 1 failed; 0 ignored; 0 measured; 1422 filtered out; finished in 0.17s

  stderr ───

    thread 'v9_real_consumer_shadow::tests::two_900_second_complete_owner_children_publish_one_parent' (923242) panicked at crates/openwepp-hillslope-orchestrator/src/v9_real_consumer_shadow_wb14_tests.rs:839:14:
    real mixed covered/open OFE execution: Executor(AdaptiveRefinement("canonical covered dependent-output instability"))
    note: run with `RUST_BACKTRACE=1` environment variable to display a backtrace

        FAIL [   0.172s] (2822/4202) openwepp-hillslope-orchestrator v9_real_consumer_shadow::tests::two_resolved_snow_lanes_choose_common_earliest_cadence
  stdout ───

    running 1 test
    test v9_real_consumer_shadow::tests::two_resolved_snow_lanes_choose_common_earliest_cadence ... FAILED

    failures:

    failures:
        v9_real_consumer_shadow::tests::two_resolved_snow_lanes_choose_common_earliest_cadence

    test result: FAILED. 0 passed; 1 failed; 0 ignored; 0 measured; 1422 filtered out; finished in 0.17s

  stderr ───

    thread 'two-resolved-snow-lanes' (923250) panicked at crates/openwepp-hillslope-orchestrator/src/v9_real_consumer_shadow_wb14_tests.rs:839:14:
    real mixed covered/open OFE execution: Executor(AdaptiveRefinement("canonical covered evaluation budget"))
    note: run with `RUST_BACKTRACE=1` environment variable to display a backtrace

    thread 'v9_real_consumer_shadow::tests::two_resolved_snow_lanes_choose_common_earliest_cadence' (923249) panicked at crates/openwepp-hillslope-orchestrator/src/v9_real_consumer_shadow_wb14_covered_physical_tests.rs:1451:10:
    join two resolved snow-lane fixture: Any { .. }

        FAIL [   0.006s] (2839/4202) openwepp-hillslope-orchestrator v9_real_consumer_shadow::v11_covered::accepted_carrier_evidence_tests::charged_native_map_uses_one_native_candidate_envelope_tuple
  stdout ───

    running 1 test
    test v9_real_consumer_shadow::v11_covered::accepted_carrier_evidence_tests::charged_native_map_uses_one_native_candidate_envelope_tuple ... FAILED

    failures:

    failures:
        v9_real_consumer_shadow::v11_covered::accepted_carrier_evidence_tests::charged_native_map_uses_one_native_candidate_envelope_tuple

    test result: FAILED. 0 passed; 1 failed; 0 ignored; 0 measured; 1422 filtered out; finished in 0.00s

  stderr ───

    thread 'v9_real_consumer_shadow::v11_covered::accepted_carrier_evidence_tests::charged_native_map_uses_one_native_candidate_envelope_tuple' (923310) panicked at crates/openwepp-hillslope-orchestrator/src/v11_covered/carrier_engine.rs:980:9:
    assertion failed: native_branch.contains("let (_, envelope)")
    note: run with `RUST_BACKTRACE=1` environment variable to display a backtrace

        FAIL [   0.006s] (2903/4202) openwepp-hillslope-orchestrator v9_real_consumer_shadow::v11_covered::owner_finalization::terminal_custody_lane_set_tests::deferred_native_v2_shadow_retains_beginning_while_final_install_retains_trial
  stdout ───

    running 1 test
    test v9_real_consumer_shadow::v11_covered::owner_finalization::terminal_custody_lane_set_tests::deferred_native_v2_shadow_retains_beginning_while_final_install_retains_trial ... FAILED

    failures:

    failures:
        v9_real_consumer_shadow::v11_covered::owner_finalization::terminal_custody_lane_set_tests::deferred_native_v2_shadow_retains_beginning_while_final_install_retains_trial

    test result: FAILED. 0 passed; 1 failed; 0 ignored; 0 measured; 1422 filtered out; finished in 0.00s

  stderr ───

    thread 'v9_real_consumer_shadow::v11_covered::owner_finalization::terminal_custody_lane_set_tests::deferred_native_v2_shadow_retains_beginning_while_final_install_retains_trial' (923484) panicked at crates/openwepp-hillslope-orchestrator/src/v11_covered/owner_finalization.rs:329:9:
    assertion failed: retained.contains("install_soil_thermal_accepted_v2_from_unpublished_continuation(")
    note: run with `RUST_BACKTRACE=1` environment variable to display a backtrace

        FAIL [   0.006s] (2913/4202) openwepp-hillslope-orchestrator v9_real_consumer_shadow::v11_covered::owner_finalization::terminal_custody_lane_set_tests::v2_finalization_has_one_accepted_receiver_and_one_install
  stdout ───

    running 1 test
    test v9_real_consumer_shadow::v11_covered::owner_finalization::terminal_custody_lane_set_tests::v2_finalization_has_one_accepted_receiver_and_one_install ... FAILED

    failures:

    failures:
        v9_real_consumer_shadow::v11_covered::owner_finalization::terminal_custody_lane_set_tests::v2_finalization_has_one_accepted_receiver_and_one_install

    test result: FAILED. 0 passed; 1 failed; 0 ignored; 0 measured; 1422 filtered out; finished in 0.00s

  stderr ───

    thread 'v9_real_consumer_shadow::v11_covered::owner_finalization::terminal_custody_lane_set_tests::v2_finalization_has_one_accepted_receiver_and_one_install' (923505) panicked at crates/openwepp-hillslope-orchestrator/src/v11_covered/owner_finalization.rs:239:9:
    assertion `left == right` failed
      left: 0
     right: 1
    note: run with `RUST_BACKTRACE=1` environment variable to display a backtrace

        FAIL [   0.007s] (2916/4202) openwepp-hillslope-orchestrator v9_real_consumer_shadow::v11_covered::owner_finalization::terminal_custody_lane_set_tests::v48_real_finalizer_source_never_erases_split_authority
  stdout ───

    running 1 test
    test v9_real_consumer_shadow::v11_covered::owner_finalization::terminal_custody_lane_set_tests::v48_real_finalizer_source_never_erases_split_authority ... FAILED

    failures:

    failures:
        v9_real_consumer_shadow::v11_covered::owner_finalization::terminal_custody_lane_set_tests::v48_real_finalizer_source_never_erases_split_authority

    test result: FAILED. 0 passed; 1 failed; 0 ignored; 0 measured; 1422 filtered out; finished in 0.00s

  stderr ───

    thread 'v9_real_consumer_shadow::v11_covered::owner_finalization::terminal_custody_lane_set_tests::v48_real_finalizer_source_never_erases_split_authority' (923509) panicked at crates/openwepp-hillslope-orchestrator/src/v11_covered/owner_finalization.rs:275:9:
    assertion failed: v3.contains("authenticate_soil_thermal_prepared_beginning_install_authority_v3(")
    note: run with `RUST_BACKTRACE=1` environment variable to display a backtrace

        FAIL [   0.044s] (3107/4202) openwepp-land-surface-energy covered_oracle_conformance_tests::covered_natural_iteration_limit_matches_declared_rust_outcome
  stdout ───

    running 1 test
    test covered_oracle_conformance_tests::covered_natural_iteration_limit_matches_declared_rust_outcome ... FAILED

    failures:

    failures:
        covered_oracle_conformance_tests::covered_natural_iteration_limit_matches_declared_rust_outcome

    test result: FAILED. 0 passed; 1 failed; 0 ignored; 0 measured; 145 filtered out; finished in 0.04s

  stderr ───

    thread 'covered_oracle_conformance_tests::covered_natural_iteration_limit_matches_declared_rust_outcome' (923894) panicked at crates/openwepp-land-surface-energy/src/covered_oracle_conformance_tests.rs:989:5:
    assertion `left == right` failed
      left: [10845740.51192798, 18521900.195331838, -160970.26801191425, -190251.5065555011, -9122365.618271498, -20550647.817955893, 185017.85333670734, 583132.3693539437, -401.89639289493334, -148.6868489708855, 4021.0827423780142, -263190.3474301763, -9195.931982311033, -284.4408469346596, 355.1919041193066]
     right: [10845886.579452142, 18522145.20871435, -160971.98254527122, -190253.06105097244, -9122569.022041507, -20550838.175593577, 185020.14072070818, 583136.8435388748, -401.89880096980426, -148.68780265164006, 4021.0736511489804, -263192.66481827263, -9195.920741268656, -284.440846705978, 355.1919081414477]
    note: run with `RUST_BACKTRACE=1` environment variable to display a backtrace

        FAIL [  17.919s] (3385/4202) openwepp::dff_ws3_directional_burn_validation dff_ws3_representative_clay_loam_documents_runoff_peak_and_directional_sediment
  stdout ───

    running 1 test
    test dff_ws3_representative_clay_loam_documents_runoff_peak_and_directional_sediment ... FAILED

    failures:

    failures:
        dff_ws3_representative_clay_loam_documents_runoff_peak_and_directional_sediment

    test result: FAILED. 0 passed; 1 failed; 0 ignored; 0 measured; 1 filtered out; finished in 17.91s

  stderr ───

    thread 'dff_ws3_representative_clay_loam_documents_runoff_peak_and_directional_sediment' (917511) panicked at tests/integration/dff_ws3_directional_burn_validation.rs:189:9:
    DFF-WS3 matrix cell p1 should run end-to-end: CLIHILL-E-011 runtime surface failure for r7c_direct_production_executor: HS-SIMPIPE-E-001 direct runtime kernel guard failed in snow_stage3_v11: prepare: Stage-3/V11 adaptive terminal direct trial failure at 10800000000000..12600000000000 ns (1800000000000 ns): snow terminal custody failure: covered probe typed beginning joint
    note: run with `RUST_BACKTRACE=1` environment variable to display a backtrace

        FAIL [  18.075s] (3457/4202) openwepp::erod16_wave1_continuity_fixture_conservation erod16_wave1_continuity_conserves_on_mckenzie_clay_loam_storm_forcing
  stdout ───

    running 1 test
    test erod16_wave1_continuity_conserves_on_mckenzie_clay_loam_storm_forcing ... FAILED

    failures:

    failures:
        erod16_wave1_continuity_conserves_on_mckenzie_clay_loam_storm_forcing

    test result: FAILED. 0 passed; 1 failed; 0 ignored; 0 measured; 0 filtered out; finished in 18.06s

  stderr ───

    thread 'erod16_wave1_continuity_conserves_on_mckenzie_clay_loam_storm_forcing' (917577) panicked at tests/integration/erod16_wave1_continuity_fixture_conservation.rs:97:6:
    clay-loam McKenzie fixture should run end-to-end: RuntimeSurfaceFailure { surface: "r7c_direct_production_executor", detail: "HS-SIMPIPE-E-001 direct runtime kernel guard failed in snow_stage3_v11: prepare: Stage-3/V11 adaptive terminal direct trial failure at 10800000000000..12600000000000 ns (1800000000000 ns): snow terminal custody failure: covered probe typed beginning joint" }
    note: run with `RUST_BACKTRACE=1` environment variable to display a backtrace

        FAIL [   2.428s] (3473/4202) openwepp-persisted-restart-v1 snow_stage3_v11::tests::after_snow_reappearance_round_trips_and_resumes_byte_identically
  stdout ───

    running 1 test
    test snow_stage3_v11::tests::after_snow_reappearance_round_trips_and_resumes_byte_identically ... FAILED

    failures:

    failures:
        snow_stage3_v11::tests::after_snow_reappearance_round_trips_and_resumes_byte_identically

    test result: FAILED. 0 passed; 1 failed; 0 ignored; 0 measured; 98 filtered out; finished in 2.42s

  stderr ───

    thread 'stage3-v11-restart-AfterSnowReappearance' (924448) panicked at crates/openwepp-persisted-restart-v1/src/snow_stage3_v11_tests.rs:1674:49:
    called `Result::unwrap()` on an `Err` value: AdaptiveTrial { phase: "covered direct", start_ns: 72720000000000, end_ns: 72780000000000, duration_ns: 60000000000, source: V11(Executor(AdaptiveRefinement("canonical covered dependent-output instability"))) }
    note: run with `RUST_BACKTRACE=1` environment variable to display a backtrace

    thread 'snow_stage3_v11::tests::after_snow_reappearance_round_trips_and_resumes_byte_identically' (924447) panicked at crates/openwepp-persisted-restart-v1/src/snow_stage3_v11_tests.rs:1171:10:
    called `Result::unwrap()` on an `Err` value: Any { .. }

        FAIL [   0.485s] (3474/4202) openwepp-runner hillslope::tests::cqr_laned_active_outputs::cqr_execute_direct_publication_stream_runs_real_fixture_consumer
  stdout ───

    running 1 test
    test hillslope::tests::cqr_laned_active_outputs::cqr_execute_direct_publication_stream_runs_real_fixture_consumer ... FAILED

    failures:

    failures:
        hillslope::tests::cqr_laned_active_outputs::cqr_execute_direct_publication_stream_runs_real_fixture_consumer

    test result: FAILED. 0 passed; 1 failed; 0 ignored; 0 measured; 238 filtered out; finished in 0.48s

  stderr ───

    thread 'hillslope::tests::cqr_laned_active_outputs::cqr_execute_direct_publication_stream_runs_real_fixture_consumer' (924695) panicked at crates/openwepp-runner/src/hillslope/tests03/stage3_runner_qualification.rs:31:14:
    explicit Stage-3 fixture run should complete: RuntimeSurfaceFailure { surface: "r7c_direct_production_executor", detail: "HS-SIMPIPE-E-001 direct runtime kernel guard failed in snow_stage3_v11: prepare: V11 actual-consumer identity mismatch: pending V11 parent-finalization record source" }
    note: run with `RUST_BACKTRACE=1` environment variable to display a backtrace

        FAIL [   0.310s] (3476/4202) openwepp-runner hillslope::tests::duplicate_configured_mapping_rejects_real_stage3_day_without_owner_or_clock_mutation
  stdout ───

    running 1 test
    test hillslope::tests::duplicate_configured_mapping_rejects_real_stage3_day_without_owner_or_clock_mutation ... FAILED

    failures:

    failures:
        hillslope::tests::duplicate_configured_mapping_rejects_real_stage3_day_without_owner_or_clock_mutation

    test result: FAILED. 0 passed; 1 failed; 0 ignored; 0 measured; 238 filtered out; finished in 0.30s

  stderr ───

    thread 'hillslope::tests::duplicate_configured_mapping_rejects_real_stage3_day_without_owner_or_clock_mutation' (924739) panicked at crates/openwepp-runner/src/hillslope/tests03/stage3_runner_qualification.rs:1589:5:
    unexpected duplicate-mapping rejection: CLIHILL-E-011 runtime surface failure for r7c_direct_production_executor: HS-SIMPIPE-E-001 direct runtime kernel guard failed in snow_stage3_v11: prepare: Stage-3/V11 adaptive terminal direct trial failure at 0..1800000000000 ns (1800000000000 ns): surface-liquid closure failure: Stage3CoveredNative inactive surface received liquid ingress
    note: run with `RUST_BACKTRACE=1` environment variable to display a backtrace

        FAIL [   0.490s] (3492/4202) openwepp-runner hillslope::tests::r7c_direct_production_executor_reports_no_day_input_compatibility_edges
  stdout ───

    running 1 test
    test hillslope::tests::r7c_direct_production_executor_reports_no_day_input_compatibility_edges ... FAILED

    failures:

    failures:
        hillslope::tests::r7c_direct_production_executor_reports_no_day_input_compatibility_edges

    test result: FAILED. 0 passed; 1 failed; 0 ignored; 0 measured; 238 filtered out; finished in 0.48s

  stderr ───

    thread 'hillslope::tests::r7c_direct_production_executor_reports_no_day_input_compatibility_edges' (924781) panicked at crates/openwepp-runner/src/hillslope/03_tests.rs:177:22:
    fixture run should complete: RuntimeSurfaceFailure { surface: "r7c_direct_production_executor", detail: "HS-SIMPIPE-E-001 direct runtime kernel guard failed in snow_stage3_v11: prepare: V11 actual-consumer identity mismatch: pending V11 parent-finalization record source" }
    note: run with `RUST_BACKTRACE=1` environment variable to display a backtrace

        FAIL [   0.512s] (3495/4202) openwepp-runner hillslope::tests::r7e_default_candidate_activation_selects_direct_runtime_manifest
  stdout ───

    running 1 test
    test hillslope::tests::r7e_default_candidate_activation_selects_direct_runtime_manifest ... FAILED

    failures:

    failures:
        hillslope::tests::r7e_default_candidate_activation_selects_direct_runtime_manifest

    test result: FAILED. 0 passed; 1 failed; 0 ignored; 0 measured; 238 filtered out; finished in 0.51s

  stderr ───

    thread 'hillslope::tests::r7e_default_candidate_activation_selects_direct_runtime_manifest' (924801) panicked at crates/openwepp-runner/src/hillslope/03_tests.rs:177:22:
    fixture run should complete: RuntimeSurfaceFailure { surface: "r7c_direct_production_executor", detail: "HS-SIMPIPE-E-001 direct runtime kernel guard failed in snow_stage3_v11: prepare: V11 actual-consumer identity mismatch: pending V11 parent-finalization record source" }
    note: run with `RUST_BACKTRACE=1` environment variable to display a backtrace

        FAIL [   0.481s] (3496/4202) openwepp-runner hillslope::tests::r7e_default_candidate_legacy_sidecar_discovery_uses_direct_manifest
  stdout ───

    running 1 test
    test hillslope::tests::r7e_default_candidate_legacy_sidecar_discovery_uses_direct_manifest ... FAILED

    failures:

    failures:
        hillslope::tests::r7e_default_candidate_legacy_sidecar_discovery_uses_direct_manifest

    test result: FAILED. 0 passed; 1 failed; 0 ignored; 0 measured; 238 filtered out; finished in 0.47s

  stderr ───

    thread 'hillslope::tests::r7e_default_candidate_legacy_sidecar_discovery_uses_direct_manifest' (924803) panicked at crates/openwepp-runner/src/hillslope/03_tests.rs:177:22:
    fixture run should complete: RuntimeSurfaceFailure { surface: "r7c_direct_production_executor", detail: "HS-SIMPIPE-E-001 direct runtime kernel guard failed in snow_stage3_v11: prepare: V11 actual-consumer identity mismatch: pending V11 parent-finalization record source" }
    note: run with `RUST_BACKTRACE=1` environment variable to display a backtrace

        FAIL [   0.043s] (3516/4202) openwepp-runner hillslope::tests::representative_ten_ofe_century_fixture_parses_exact_days_topology_and_owner
  stdout ───

    running 1 test
    test hillslope::tests::representative_ten_ofe_century_fixture_parses_exact_days_topology_and_owner ... FAILED

    failures:

    failures:
        hillslope::tests::representative_ten_ofe_century_fixture_parses_exact_days_topology_and_owner

    test result: FAILED. 0 passed; 1 failed; 0 ignored; 0 measured; 238 filtered out; finished in 0.04s

  stderr ───

    thread 'hillslope::tests::representative_ten_ofe_century_fixture_parses_exact_days_topology_and_owner' (924866) panicked at crates/openwepp-runner/src/hillslope/tests03/stage3_long_run_qualification.rs:233:54:
    representative century inputs: ParseFailure { surface: "climate", detail: "daily year span must fit [ibyear, ibyear+numyr-1]: expected 1, found 100" }
    note: run with `RUST_BACKTRACE=1` environment variable to display a backtrace

        FAIL [   0.492s] (3521/4202) openwepp-runner hillslope::tests::r7e_default_candidate_uses_direct_production_manifest
  stdout ───

    running 1 test
    test hillslope::tests::r7e_default_candidate_uses_direct_production_manifest ... FAILED

    failures:

    failures:
        hillslope::tests::r7e_default_candidate_uses_direct_production_manifest

    test result: FAILED. 0 passed; 1 failed; 0 ignored; 0 measured; 238 filtered out; finished in 0.49s

  stderr ───

    thread 'hillslope::tests::r7e_default_candidate_uses_direct_production_manifest' (924834) panicked at crates/openwepp-runner/src/hillslope/03_tests.rs:177:22:
    fixture run should complete: RuntimeSurfaceFailure { surface: "r7c_direct_production_executor", detail: "HS-SIMPIPE-E-001 direct runtime kernel guard failed in snow_stage3_v11: prepare: V11 actual-consumer identity mismatch: pending V11 parent-finalization record source" }
    note: run with `RUST_BACKTRACE=1` environment variable to display a backtrace

        FAIL [   0.440s] (3522/4202) openwepp-runner hillslope::tests::simimpl::simimpl14_contract_gate_continuous_wb13_span_and_keys
  stdout ───

    running 1 test
    test hillslope::tests::simimpl::simimpl14_contract_gate_continuous_wb13_span_and_keys ... FAILED

    failures:

    failures:
        hillslope::tests::simimpl::simimpl14_contract_gate_continuous_wb13_span_and_keys

    test result: FAILED. 0 passed; 1 failed; 0 ignored; 0 measured; 238 filtered out; finished in 0.43s

  stderr ───

    thread 'hillslope::tests::simimpl::simimpl14_contract_gate_continuous_wb13_span_and_keys' (924879) panicked at crates/openwepp-runner/src/hillslope/03_tests.rs:177:22:
    fixture run should complete: RuntimeSurfaceFailure { surface: "r7c_direct_production_executor", detail: "HS-SIMPIPE-E-001 direct runtime kernel guard failed in snow_stage3_v11: prepare: V11 actual-consumer identity mismatch: pending V11 parent-finalization record source" }
    note: run with `RUST_BACKTRACE=1` environment variable to display a backtrace

        FAIL [   0.005s] (3528/4202) openwepp-runner hillslope::tests::wat5_aggregate_only_positive_supply_remains_wat5_e_001
  stdout ───

    running 1 test
    test hillslope::tests::wat5_aggregate_only_positive_supply_remains_wat5_e_001 ... FAILED

    failures:

    failures:
        hillslope::tests::wat5_aggregate_only_positive_supply_remains_wat5_e_001

    test result: FAILED. 0 passed; 1 failed; 0 ignored; 0 measured; 238 filtered out; finished in 0.00s

  stderr ───

    thread 'hillslope::tests::wat5_aggregate_only_positive_supply_remains_wat5_e_001' (924913) panicked at crates/openwepp-runner/src/hillslope/tests03/wat5_output_transaction.rs:12:9:
    aggregate-only WAT5 entry no longer reaches exact-segment replay: self.run_wat5_subhourly_generation_with_segments(&[], None)
    note: run with `RUST_BACKTRACE=1` environment variable to display a backtrace

        FAIL [   0.006s] (3529/4202) openwepp-runner hillslope::tests::wat5_exact_segments_preserve_wat_pass_hbp_manifest_for_1_10_19
  stdout ───

    running 1 test
    test hillslope::tests::wat5_exact_segments_preserve_wat_pass_hbp_manifest_for_1_10_19 ... FAILED

    failures:

    failures:
        hillslope::tests::wat5_exact_segments_preserve_wat_pass_hbp_manifest_for_1_10_19

    test result: FAILED. 0 passed; 1 failed; 0 ignored; 0 measured; 238 filtered out; finished in 0.00s

  stderr ───

    thread 'hillslope::tests::wat5_exact_segments_preserve_wat_pass_hbp_manifest_for_1_10_19' (924918) panicked at crates/openwepp-runner/src/hillslope/tests03/wat5_output_transaction.rs:148:9:
    real 1/10/19 exact-segment output proof lost for ofe_count in [1_usize, 10, 19]
    note: run with `RUST_BACKTRACE=1` environment variable to display a backtrace

        FAIL [   0.487s] (3530/4202) openwepp-runner hillslope::tests::simimpl::simimpl14_contract_gate_loss_output_is_run_span_truthful
  stdout ───

    running 1 test
    test hillslope::tests::simimpl::simimpl14_contract_gate_loss_output_is_run_span_truthful ... FAILED

    failures:

    failures:
        hillslope::tests::simimpl::simimpl14_contract_gate_loss_output_is_run_span_truthful

    test result: FAILED. 0 passed; 1 failed; 0 ignored; 0 measured; 238 filtered out; finished in 0.48s

  stderr ───

    thread 'hillslope::tests::simimpl::simimpl14_contract_gate_loss_output_is_run_span_truthful' (924884) panicked at crates/openwepp-runner/src/hillslope/03_tests.rs:177:22:
    fixture run should complete: RuntimeSurfaceFailure { surface: "r7c_direct_production_executor", detail: "HS-SIMPIPE-E-001 direct runtime kernel guard failed in snow_stage3_v11: prepare: V11 actual-consumer identity mismatch: pending V11 parent-finalization record source" }
    note: run with `RUST_BACKTRACE=1` environment variable to display a backtrace

        FAIL [   0.089s] (3609/4202) openwepp-runner::watershed_cli_behavior_contract wshedw2_watershed_cli_generated_mode_accepts_relative_output_dir
  stdout ───

    running 1 test
    test wshedw2_watershed_cli_generated_mode_accepts_relative_output_dir ... FAILED

    failures:

    failures:
        wshedw2_watershed_cli_generated_mode_accepts_relative_output_dir

    test result: FAILED. 0 passed; 1 failed; 0 ignored; 0 measured; 28 filtered out; finished in 0.08s

  stderr ───

    thread 'wshedw2_watershed_cli_generated_mode_accepts_relative_output_dir' (925181) panicked at crates/openwepp-runner/tests/watershed_cli_behavior_contract.rs:288:5:
    generated watershed run should accept relative --output-dir; stderr=CLIWAT-E-043 hillslope worker pool failed; launched=1, completed=1, skipped_pending=0; hillslope job 1 failed: CLIWAT-E-043 hillslope job 1 exited non-zero; stdout=/tmp/openwepp-roger-openWEPP-295c6e060aa9/wshedw2_relative_output_dir_1788757358657388224/relative-out/hillslope-jobs/H1/H1.stdout.log, stderr=/tmp/openwepp-roger-openWEPP-295c6e060aa9/wshedw2_relative_output_dir_1788757358657388224/relative-out/hillslope-jobs/H1/H1.stderr.log

    note: run with `RUST_BACKTRACE=1` environment variable to display a backtrace

        FAIL [   0.062s] (3614/4202) openwepp-runner::watershed_cli_behavior_contract wshedw2_watershed_cli_serial_supervisor_generates_pass_inventory_and_routes
  stdout ───

    running 1 test
    test wshedw2_watershed_cli_serial_supervisor_generates_pass_inventory_and_routes ... FAILED

    failures:

    failures:
        wshedw2_watershed_cli_serial_supervisor_generates_pass_inventory_and_routes

    test result: FAILED. 0 passed; 1 failed; 0 ignored; 0 measured; 28 filtered out; finished in 0.06s

  stderr ───

    thread 'wshedw2_watershed_cli_serial_supervisor_generates_pass_inventory_and_routes' (925202) panicked at crates/openwepp-runner/tests/watershed_cli_behavior_contract.rs:229:5:
    watershed CLI should execute generated hillslope job, validate pass inventory, and route; stderr=CLIWAT-E-043 hillslope worker pool failed; launched=1, completed=1, skipped_pending=0; hillslope job 1 failed: CLIWAT-E-043 hillslope job 1 exited non-zero; stdout=/tmp/openwepp-roger-openWEPP-295c6e060aa9/wshedw2_serial_supervisor_1788757358811844865/out/hillslope-jobs/H1/H1.stdout.log, stderr=/tmp/openwepp-roger-openWEPP-295c6e060aa9/wshedw2_serial_supervisor_1788757358811844865/out/hillslope-jobs/H1/H1.stderr.log

    note: run with `RUST_BACKTRACE=1` environment variable to display a backtrace

        FAIL [   0.090s] (3615/4202) openwepp-runner::watershed_cli_behavior_contract wshedw3_watershed_cli_worker_pool_matches_jobs1_outputs_and_isolates_artifacts
  stdout ───

    running 1 test
    test wshedw3_watershed_cli_worker_pool_matches_jobs1_outputs_and_isolates_artifacts ... FAILED

    failures:

    failures:
        wshedw3_watershed_cli_worker_pool_matches_jobs1_outputs_and_isolates_artifacts

    test result: FAILED. 0 passed; 1 failed; 0 ignored; 0 measured; 28 filtered out; finished in 0.08s

  stderr ───

    thread 'wshedw3_watershed_cli_worker_pool_matches_jobs1_outputs_and_isolates_artifacts' (925207) panicked at crates/openwepp-runner/tests/watershed_cli_behavior_contract.rs:1772:5:
    generated multi-hillslope watershed run should complete for --jobs 1; stderr=CLIWAT-E-043 hillslope worker pool failed; launched=1, completed=1, skipped_pending=2; hillslope job 1 failed: CLIWAT-E-043 hillslope job 1 exited non-zero; stdout=/tmp/openwepp-roger-openWEPP-295c6e060aa9/wshedw3_jobs1_identity_1788757358874445273/out/hillslope-jobs/H1/H1.stdout.log, stderr=/tmp/openwepp-roger-openWEPP-295c6e060aa9/wshedw3_jobs1_identity_1788757358874445273/out/hillslope-jobs/H1/H1.stderr.log

    note: run with `RUST_BACKTRACE=1` environment variable to display a backtrace

        FAIL [   0.041s] (3619/4202) openwepp-runner::watershed_cli_behavior_contract wshedw7_watershed_cli_generated_mode_accepts_relative_run_dir
  stdout ───

    running 1 test
    test wshedw7_watershed_cli_generated_mode_accepts_relative_run_dir ... FAILED

    failures:

    failures:
        wshedw7_watershed_cli_generated_mode_accepts_relative_run_dir

    test result: FAILED. 0 passed; 1 failed; 0 ignored; 0 measured; 28 filtered out; finished in 0.04s

  stderr ───

    thread 'wshedw7_watershed_cli_generated_mode_accepts_relative_run_dir' (925248) panicked at crates/openwepp-runner/tests/watershed_cli_behavior_contract.rs:326:5:
    generated watershed run should accept relative --run-dir and canonicalize child inputs; stderr=CLIWAT-E-043 hillslope worker pool failed; launched=1, completed=1, skipped_pending=0; hillslope job 1 failed: CLIWAT-E-043 hillslope job 1 exited non-zero; stdout=/tmp/openwepp-roger-openWEPP-295c6e060aa9/wshedw7_relative_run_dir_1788757359438086013/out-relative-run-dir/hillslope-jobs/H1/H1.stdout.log, stderr=/tmp/openwepp-roger-openWEPP-295c6e060aa9/wshedw7_relative_run_dir_1788757359438086013/out-relative-run-dir/hillslope-jobs/H1/H1.stderr.log

    note: run with `RUST_BACKTRACE=1` environment variable to display a backtrace

        FAIL [   0.042s] (3620/4202) openwepp-runner::watershed_cli_behavior_contract wshedw7r_p102_sediment_active_fixture_publishes_nonzero_sediment_and_jobs_identity
  stdout ───

    running 1 test
    test wshedw7r_p102_sediment_active_fixture_publishes_nonzero_sediment_and_jobs_identity ... FAILED

    failures:

    failures:
        wshedw7r_p102_sediment_active_fixture_publishes_nonzero_sediment_and_jobs_identity

    test result: FAILED. 0 passed; 1 failed; 0 ignored; 0 measured; 28 filtered out; finished in 0.04s

  stderr ───

    thread 'wshedw7r_p102_sediment_active_fixture_publishes_nonzero_sediment_and_jobs_identity' (925253) panicked at crates/openwepp-runner/tests/watershed_cli_behavior_contract.rs:355:9:
    p102 sediment-active watershed run should complete for --jobs 1; stderr=CLIWAT-E-043 hillslope worker pool failed; launched=1, completed=1, skipped_pending=0; hillslope job 1 failed: CLIWAT-E-043 hillslope job 1 exited non-zero; stdout=/tmp/openwepp-roger-openWEPP-295c6e060aa9/wshedw7r_p102_jobs1_1788757359479311022/hillslope-jobs/H1/H1.stdout.log, stderr=/tmp/openwepp-roger-openWEPP-295c6e060aa9/wshedw7r_p102_jobs1_1788757359479311022/hillslope-jobs/H1/H1.stderr.log

    note: run with `RUST_BACKTRACE=1` environment variable to display a backtrace

        FAIL [   0.084s] (3644/4202) openwepp-runner::bin/openwepp-cli-hill tests::execute_cli_runs_real_minimal_fixture_and_publishes_outputs
  stdout ───

    running 1 test
    test tests::execute_cli_runs_real_minimal_fixture_and_publishes_outputs ... FAILED

    failures:

    failures:
        tests::execute_cli_runs_real_minimal_fixture_and_publishes_outputs

    test result: FAILED. 0 passed; 1 failed; 0 ignored; 0 measured; 4 filtered out; finished in 0.08s

  stderr ───
    CLIHILL-E-011 runtime surface failure for r7c_direct_production_executor: HS-SIMPIPE-E-001 direct runtime kernel guard failed in snow_stage3_v11: prepare: Stage-3/V11 adaptive terminal direct trial failure at 0..1800000000000 ns (1800000000000 ns): unsupported production custody: forest litter cannot enter the Stage-3 open-snow solver

    thread 'tests::execute_cli_runs_real_minimal_fixture_and_publishes_outputs' (925287) panicked at crates/openwepp-runner/src/bin/openwepp-cli-hill.rs:434:9:
    assertion `left == right` failed: real CLI execution
      left: 1
     right: 0
    note: run with `RUST_BACKTRACE=1` environment variable to display a backtrace

        FAIL [   0.414s] (3800/4202) openwepp-runner::wshedw10_chaninp_absent_default_contract wshedw10_watershed_cli_absent_chaninp_uses_typed_legacy_defaults
  stdout ───

    running 1 test
    test wshedw10_watershed_cli_absent_chaninp_uses_typed_legacy_defaults ... FAILED

    failures:

    failures:
        wshedw10_watershed_cli_absent_chaninp_uses_typed_legacy_defaults

    test result: FAILED. 0 passed; 1 failed; 0 ignored; 0 measured; 0 filtered out; finished in 0.41s

  stderr ───

    thread 'wshedw10_watershed_cli_absent_chaninp_uses_typed_legacy_defaults' (925267) panicked at crates/openwepp-runner/tests/wshedw10_chaninp_absent_default_contract.rs:29:5:
    watershed CLI should apply typed WSHED-W10 chan.inp defaults; stderr=CLIWAT-E-043 hillslope worker pool failed; launched=1, completed=1, skipped_pending=0; hillslope job 1 failed: CLIWAT-E-043 hillslope job 1 exited non-zero; stdout=/tmp/openwepp-roger-openWEPP-295c6e060aa9/wshedw10_absent_chaninp_default_1788757359642812342/out/hillslope-jobs/H1/H1.stdout.log, stderr=/tmp/openwepp-roger-openWEPP-295c6e060aa9/wshedw10_absent_chaninp_default_1788757359642812342/out/hillslope-jobs/H1/H1.stderr.log

    note: run with `RUST_BACKTRACE=1` environment variable to display a backtrace

        FAIL [   1.819s] (3886/4202) openwepp-persisted-restart-v1 snow_stage3_v11::tests::before_snow_reappearance_round_trips_and_resumes_byte_identically
  stdout ───

    running 1 test
    test snow_stage3_v11::tests::before_snow_reappearance_round_trips_and_resumes_byte_identically ... FAILED

    failures:

    failures:
        snow_stage3_v11::tests::before_snow_reappearance_round_trips_and_resumes_byte_identically

    test result: FAILED. 0 passed; 1 failed; 0 ignored; 0 measured; 98 filtered out; finished in 1.81s

  stderr ───

    thread 'stage3-v11-restart-BeforeSnowReappearance' (925155) panicked at crates/openwepp-persisted-restart-v1/src/snow_stage3_v11_tests.rs:1674:49:
    called `Result::unwrap()` on an `Err` value: AdaptiveTrial { phase: "covered direct", start_ns: 72720000000000, end_ns: 72780000000000, duration_ns: 60000000000, source: V11(Executor(AdaptiveRefinement("canonical covered dependent-output instability"))) }
    note: run with `RUST_BACKTRACE=1` environment variable to display a backtrace

    thread 'snow_stage3_v11::tests::before_snow_reappearance_round_trips_and_resumes_byte_identically' (925154) panicked at crates/openwepp-persisted-restart-v1/src/snow_stage3_v11_tests.rs:1171:10:
    called `Result::unwrap()` on an `Err` value: Any { .. }

        FAIL [  25.807s] (4121/4202) openwepp::dff_ws2_ksatadj_direct_runtime dff_ws2_forest_high_severity_loam_runs_with_live_direct_ksatadj_effect
  stdout ───

    running 1 test
    test dff_ws2_forest_high_severity_loam_runs_with_live_direct_ksatadj_effect ... FAILED

    failures:

    failures:
        dff_ws2_forest_high_severity_loam_runs_with_live_direct_ksatadj_effect

    test result: FAILED. 0 passed; 1 failed; 0 ignored; 0 measured; 0 filtered out; finished in 25.80s

  stderr ───

    thread 'dff_ws2_forest_high_severity_loam_runs_with_live_direct_ksatadj_effect' (917498) panicked at tests/integration/dff_ws2_ksatadj_direct_runtime.rs:182:6:
    DFF-WS2 disturbed-burn p313 fixture should run end-to-end: RuntimeSurfaceFailure { surface: "r7c_direct_production_executor", detail: "HS-SIMPIPE-E-001 direct runtime kernel guard failed in snow_stage3_v11: prepare: V11 actual-consumer identity mismatch: pending V11 parent-finalization record source" }
    note: run with `RUST_BACKTRACE=1` environment variable to display a backtrace
    DFF_V32_PICARD_LIMITER outcome=failure samples=0 dropped=0 peak_normalized=(lse=0.000000000e0,stage3=0.000000000e0,soil_enthalpy=0.000000000e0,soil_temperature=0.000000000e0,boundary=0.000000000e0) reverse_tail=(support,iteration,stage,converged[lse,stage3,soil,boundary],normalized_delta[lse,stage3,soil_enthalpy,soil_temperature,boundary])=[]
    DFF_V32_FIXED_POINT_FAILURE entries=0 tail=[]

        FAIL [  27.601s] (4124/4202) openwepp::erosion_single_ofe_p61_sediment erosion_single_ofe_p61_produces_nonzero_sediment_through_direct_runtime
  stdout ───

    running 1 test
    test erosion_single_ofe_p61_produces_nonzero_sediment_through_direct_runtime ... FAILED

    failures:

    failures:
        erosion_single_ofe_p61_produces_nonzero_sediment_through_direct_runtime

    test result: FAILED. 0 passed; 1 failed; 0 ignored; 0 measured; 0 filtered out; finished in 27.59s

  stderr ───

    thread 'erosion_single_ofe_p61_produces_nonzero_sediment_through_direct_runtime' (917579) panicked at tests/integration/erosion_single_ofe_p61_sediment.rs:52:6:
    p61 single-OFE direct-production run should complete: RuntimeSurfaceFailure { surface: "r7c_direct_production_executor", detail: "HS-SIMPIPE-E-001 direct runtime kernel guard failed in snow_stage3_v11: prepare: V11 actual-consumer identity mismatch: pending V11 parent-finalization record source" }
    note: run with `RUST_BACKTRACE=1` environment variable to display a backtrace

        FAIL [   9.824s] (4125/4202) openwepp-runner hillslope::tests::native_forest_yaml_executes_through_the_direct_production_consumer
  stdout ───

    running 1 test
    test hillslope::tests::native_forest_yaml_executes_through_the_direct_production_consumer ... FAILED

    failures:

    failures:
        hillslope::tests::native_forest_yaml_executes_through_the_direct_production_consumer

    test result: FAILED. 0 passed; 1 failed; 0 ignored; 0 measured; 238 filtered out; finished in 9.82s

  stderr ───

    thread 'hillslope::tests::native_forest_yaml_executes_through_the_direct_production_consumer' (924760) panicked at crates/openwepp-runner/src/hillslope/03_tests.rs:530:14:
    enabled research trace must exercise the actual JSONL writer: Os { code: 2, kind: NotFound, message: "No such file or directory" }
    note: run with `RUST_BACKTRACE=1` environment variable to display a backtrace

        FAIL [  49.753s] (4201/4202) openwepp::erosion_multi_ofe_p102_chain erosion_multi_ofe_p102_wave1_chain_routes_sediment
  stdout ───

    running 1 test
    test erosion_multi_ofe_p102_wave1_chain_routes_sediment ... FAILED

    failures:

    failures:
        erosion_multi_ofe_p102_wave1_chain_routes_sediment

    test result: FAILED. 0 passed; 1 failed; 0 ignored; 0 measured; 0 filtered out; finished in 49.74s

  stderr ───

    thread 'erosion_multi_ofe_p102_wave1_chain_routes_sediment' (917578) panicked at tests/integration/erosion_multi_ofe_p102_chain.rs:206:6:
    p102 multi-OFE direct-production run should complete: RuntimeSurfaceFailure { surface: "r7c_direct_production_executor", detail: "HS-SIMPIPE-E-001 direct runtime kernel guard failed in snow_stage3_v11: prepare: Stage-3/V11 adaptive covered direct trial failure at 25200000000000..27000000000000 ns (1800000000000 ns): VEG-E-123: imported V10 segment execution failed: real hydrology identity failure: native V3 solver-ready projection" }
    note: run with `RUST_BACKTRACE=1` environment variable to display a backtrace

        SLOW [> 90.000s] (─────────) openwepp-runner hillslope::tests::accepted_stage3_real_runner_routes_lane_d_and_publishes_summary
────────────
     Summary [ 513.757s] 4202 tests run: 4022 passed (2 slow), 180 failed, 75 skipped
        FAIL [   0.012s] (  23/4202) openwepp::advisory_linter_authority_contract live_impact_map_has_no_planner_admission_rows
  stdout ───

    running 1 test
    test live_impact_map_has_no_planner_admission_rows ... FAILED

    failures:

    failures:
        live_impact_map_has_no_planner_admission_rows

    test result: FAILED. 0 passed; 1 failed; 0 ignored; 0 measured; 6 filtered out; finished in 0.01s

  stderr ───

    thread 'live_impact_map_has_no_planner_admission_rows' (819773) panicked at tests/integration/advisory_linter_authority_contract.rs:185:5:
    assertion `left == right` failed: every changed WAT5 science-crate path requires an atomic contract binding
      left: 27
     right: 22
    note: run with `RUST_BACKTRACE=1` environment variable to display a backtrace

        FAIL [   0.008s] (  37/4202) openwepp::assurance_v2_amendment_contract implementation_rebind_adopts_only_the_finite_contract_surface
  stdout ───

    running 1 test
    test implementation_rebind_adopts_only_the_finite_contract_surface ... FAILED

    failures:

    failures:
        implementation_rebind_adopts_only_the_finite_contract_surface

    test result: FAILED. 0 passed; 1 failed; 0 ignored; 0 measured; 25 filtered out; finished in 0.00s

  stderr ───

    thread 'implementation_rebind_adopts_only_the_finite_contract_surface' (819847) panicked at tests/integration/assurance_v2_amendment_contract.rs:1543:80:
    called `Result::unwrap()` on an `Err` value: Drift("generated identity member changed: docs/specifications/science-contracts/contracts/SC-SNOWENERGY-001.md")
    note: run with `RUST_BACKTRACE=1` environment variable to display a backtrace

        FAIL [   0.009s] (  38/4202) openwepp::assurance_v2_amendment_contract attribution_check_is_read_only_and_apply_is_layer_proportional
  stdout ───

    running 1 test
    test attribution_check_is_read_only_and_apply_is_layer_proportional ... FAILED

    failures:

    failures:
        attribution_check_is_read_only_and_apply_is_layer_proportional

    test result: FAILED. 0 passed; 1 failed; 0 ignored; 0 measured; 25 filtered out; finished in 0.00s

  stderr ───

    thread 'attribution_check_is_read_only_and_apply_is_layer_proportional' (819845) panicked at tests/integration/assurance_v2_amendment_contract.rs:1543:80:
    called `Result::unwrap()` on an `Err` value: Drift("generated identity member changed: docs/specifications/science-contracts/contracts/SC-SNOWENERGY-001.md")
    note: run with `RUST_BACKTRACE=1` environment variable to display a backtrace

        FAIL [   0.008s] (  39/4202) openwepp::assurance_v2_amendment_contract inspect_exposes_layered_identity_without_mutation
  stdout ───

    running 1 test
    test inspect_exposes_layered_identity_without_mutation ... FAILED

    failures:

    failures:
        inspect_exposes_layered_identity_without_mutation

    test result: FAILED. 0 passed; 1 failed; 0 ignored; 0 measured; 25 filtered out; finished in 0.00s

  stderr ───

    thread 'inspect_exposes_layered_identity_without_mutation' (819856) panicked at tests/integration/assurance_v2_amendment_contract.rs:251:50:
    called `Result::unwrap()` on an `Err` value: Drift("generated identity member changed: docs/specifications/science-contracts/contracts/SC-SNOWENERGY-001.md")
    note: run with `RUST_BACKTRACE=1` environment variable to display a backtrace

        FAIL [   0.009s] (  41/4202) openwepp::assurance_v2_amendment_contract manifest_adoption_accepts_complete_declared_external_source_set
  stdout ───

    running 1 test
    test manifest_adoption_accepts_complete_declared_external_source_set ... FAILED

    failures:

    failures:
        manifest_adoption_accepts_complete_declared_external_source_set

    test result: FAILED. 0 passed; 1 failed; 0 ignored; 0 measured; 25 filtered out; finished in 0.00s

  stderr ───

    thread 'manifest_adoption_accepts_complete_declared_external_source_set' (819857) panicked at tests/integration/assurance_v2_amendment_contract.rs:1543:80:
    called `Result::unwrap()` on an `Err` value: Drift("generated identity member changed: docs/specifications/science-contracts/contracts/SC-SNOWENERGY-001.md")
    note: run with `RUST_BACKTRACE=1` environment variable to display a backtrace

        FAIL [   0.007s] (  42/4202) openwepp::assurance_v2_amendment_contract manifest_adoption_rejects_drift_owned_by_another_report
  stdout ───

    running 1 test
    test manifest_adoption_rejects_drift_owned_by_another_report ... FAILED

    failures:

    failures:
        manifest_adoption_rejects_drift_owned_by_another_report

    test result: FAILED. 0 passed; 1 failed; 0 ignored; 0 measured; 25 filtered out; finished in 0.00s

  stderr ───

    thread 'manifest_adoption_rejects_drift_owned_by_another_report' (819863) panicked at tests/integration/assurance_v2_amendment_contract.rs:1543:80:
    called `Result::unwrap()` on an `Err` value: Drift("generated identity member changed: docs/specifications/science-contracts/contracts/SC-SNOWENERGY-001.md")
    note: run with `RUST_BACKTRACE=1` environment variable to display a backtrace

        FAIL [   0.009s] (  43/4202) openwepp::assurance_v2_amendment_contract manifest_adoption_admits_new_declared_external_local_content
  stdout ───

    running 1 test
    test manifest_adoption_admits_new_declared_external_local_content ... FAILED

    failures:

    failures:
        manifest_adoption_admits_new_declared_external_local_content

    test result: FAILED. 0 passed; 1 failed; 0 ignored; 0 measured; 25 filtered out; finished in 0.00s

  stderr ───

    thread 'manifest_adoption_admits_new_declared_external_local_content' (819859) panicked at tests/integration/assurance_v2_amendment_contract.rs:1543:80:
    called `Result::unwrap()` on an `Err` value: Drift("generated identity member changed: docs/specifications/science-contracts/contracts/SC-SNOWENERGY-001.md")
    note: run with `RUST_BACKTRACE=1` environment variable to display a backtrace

        FAIL [   0.010s] (  44/4202) openwepp::assurance_v2_amendment_contract manifest_adoption_accepts_complete_owned_internal_source_set
  stdout ───

    running 1 test
    test manifest_adoption_accepts_complete_owned_internal_source_set ... FAILED

    failures:

    failures:
        manifest_adoption_accepts_complete_owned_internal_source_set

    test result: FAILED. 0 passed; 1 failed; 0 ignored; 0 measured; 25 filtered out; finished in 0.00s

  stderr ───

    thread 'manifest_adoption_accepts_complete_owned_internal_source_set' (819858) panicked at tests/integration/assurance_v2_amendment_contract.rs:1543:80:
    called `Result::unwrap()` on an `Err` value: Drift("generated identity member changed: docs/specifications/science-contracts/contracts/SC-SNOWENERGY-001.md")
    note: run with `RUST_BACKTRACE=1` environment variable to display a backtrace

        FAIL [   0.008s] (  45/4202) openwepp::assurance_v2_amendment_contract manifest_adoption_rejects_invalid_new_external_sources_without_mutation
  stdout ───

    running 1 test
    test manifest_adoption_rejects_invalid_new_external_sources_without_mutation ... FAILED

    failures:

    failures:
        manifest_adoption_rejects_invalid_new_external_sources_without_mutation

    test result: FAILED. 0 passed; 1 failed; 0 ignored; 0 measured; 25 filtered out; finished in 0.00s

  stderr ───

    thread 'manifest_adoption_rejects_invalid_new_external_sources_without_mutation' (819865) panicked at tests/integration/assurance_v2_amendment_contract.rs:1543:80:
    called `Result::unwrap()` on an `Err` value: Drift("generated identity member changed: docs/specifications/science-contracts/contracts/SC-SNOWENERGY-001.md")
    note: run with `RUST_BACKTRACE=1` environment variable to display a backtrace

        FAIL [   0.008s] (  46/4202) openwepp::assurance_v2_amendment_contract new_report_admission_checks_applies_and_repeats_as_no_op
  stdout ───

    running 1 test
    test new_report_admission_checks_applies_and_repeats_as_no_op ... FAILED

    failures:

    failures:
        new_report_admission_checks_applies_and_repeats_as_no_op

    test result: FAILED. 0 passed; 1 failed; 0 ignored; 0 measured; 25 filtered out; finished in 0.00s

  stderr ───

    thread 'new_report_admission_checks_applies_and_repeats_as_no_op' (819878) panicked at tests/integration/assurance_v2_amendment_contract.rs:1543:80:
    called `Result::unwrap()` on an `Err` value: Drift("generated identity member changed: docs/specifications/science-contracts/contracts/SC-SNOWENERGY-001.md")
    note: run with `RUST_BACKTRACE=1` environment variable to display a backtrace

        FAIL [   0.008s] (  47/4202) openwepp::assurance_v2_amendment_contract production_generation_chain_and_recovery_inspection_are_current
  stdout ───

    running 1 test
    test production_generation_chain_and_recovery_inspection_are_current ... FAILED

    failures:

    failures:
        production_generation_chain_and_recovery_inspection_are_current

    test result: FAILED. 0 passed; 1 failed; 0 ignored; 0 measured; 25 filtered out; finished in 0.00s

  stderr ───

    thread 'production_generation_chain_and_recovery_inspection_are_current' (819881) panicked at tests/integration/assurance_v2_amendment_contract.rs:627:55:
    called `Result::unwrap()` on an `Err` value: Drift("generated identity member changed: docs/specifications/science-contracts/contracts/SC-SNOWENERGY-001.md")
    note: run with `RUST_BACKTRACE=1` environment variable to display a backtrace

        FAIL [   0.011s] (  48/4202) openwepp::assurance_v2_amendment_contract report_source_adoption_rejects_noncanonical_unchanged_reset_repair
  stdout ───

    running 1 test
    test report_source_adoption_rejects_noncanonical_unchanged_reset_repair ... FAILED

    failures:

    failures:
        report_source_adoption_rejects_noncanonical_unchanged_reset_repair

    test result: FAILED. 0 passed; 1 failed; 0 ignored; 0 measured; 25 filtered out; finished in 0.00s

  stderr ───

    thread 'report_source_adoption_rejects_noncanonical_unchanged_reset_repair' (819895) panicked at tests/integration/assurance_v2_amendment_contract.rs:1543:80:
    called `Result::unwrap()` on an `Err` value: Drift("generated identity member changed: docs/specifications/science-contracts/contracts/SC-SNOWENERGY-001.md")
    note: run with `RUST_BACKTRACE=1` environment variable to display a backtrace

        FAIL [   0.008s] (  49/4202) openwepp::assurance_v2_amendment_contract role_assignment_is_typed_receipted_and_idempotent
  stdout ───

    running 1 test
    test role_assignment_is_typed_receipted_and_idempotent ... FAILED

    failures:

    failures:
        role_assignment_is_typed_receipted_and_idempotent

    test result: FAILED. 0 passed; 1 failed; 0 ignored; 0 measured; 25 filtered out; finished in 0.00s

  stderr ───

    thread 'role_assignment_is_typed_receipted_and_idempotent' (819899) panicked at tests/integration/assurance_v2_amendment_contract.rs:1543:80:
    called `Result::unwrap()` on an `Err` value: Drift("generated identity member changed: docs/specifications/science-contracts/contracts/SC-SNOWENERGY-001.md")
    note: run with `RUST_BACKTRACE=1` environment variable to display a backtrace

        FAIL [   0.010s] (  51/4202) openwepp::assurance_v2_amendment_contract stale_optional_generation_rejects_check_and_apply_without_writes
  stdout ───

    running 1 test
    test stale_optional_generation_rejects_check_and_apply_without_writes ... FAILED

    failures:

    failures:
        stale_optional_generation_rejects_check_and_apply_without_writes

    test result: FAILED. 0 passed; 1 failed; 0 ignored; 0 measured; 25 filtered out; finished in 0.00s

  stderr ───

    thread 'stale_optional_generation_rejects_check_and_apply_without_writes' (819912) panicked at tests/integration/assurance_v2_amendment_contract.rs:1543:80:
    called `Result::unwrap()` on an `Err` value: Drift("generated identity member changed: docs/specifications/science-contracts/contracts/SC-SNOWENERGY-001.md")
    note: run with `RUST_BACKTRACE=1` environment variable to display a backtrace

        FAIL [   0.011s] (  52/4202) openwepp::assurance_v2_assembly_contract malformed_duplicate_unsafe_link_and_inaccessible_figure_fail_closed
  stdout ───

    running 1 test
    test malformed_duplicate_unsafe_link_and_inaccessible_figure_fail_closed ... FAILED

    failures:

    failures:
        malformed_duplicate_unsafe_link_and_inaccessible_figure_fail_closed

    test result: FAILED. 0 passed; 1 failed; 0 ignored; 0 measured; 8 filtered out; finished in 0.00s

  stderr ───

    thread 'malformed_duplicate_unsafe_link_and_inaccessible_figure_fail_closed' (819927) panicked at tests/integration/assurance_v2_assembly_contract.rs:738:69:
    called `Result::unwrap()` on an `Err` value: Drift("generated identity member changed: docs/specifications/science-contracts/contracts/SC-SNOWENERGY-001.md")
    note: run with `RUST_BACKTRACE=1` environment variable to display a backtrace

        FAIL [   0.008s] (  53/4202) openwepp::assurance_v2_assembly_contract manifest_markdown_metadata_is_escaped_without_creating_external_links
  stdout ───

    running 1 test
    test manifest_markdown_metadata_is_escaped_without_creating_external_links ... FAILED

    failures:

    failures:
        manifest_markdown_metadata_is_escaped_without_creating_external_links

    test result: FAILED. 0 passed; 1 failed; 0 ignored; 0 measured; 8 filtered out; finished in 0.00s

  stderr ───

    thread 'manifest_markdown_metadata_is_escaped_without_creating_external_links' (819940) panicked at tests/integration/assurance_v2_assembly_contract.rs:738:69:
    called `Result::unwrap()` on an `Err` value: Drift("generated identity member changed: docs/specifications/science-contracts/contracts/SC-SNOWENERGY-001.md")
    note: run with `RUST_BACKTRACE=1` environment variable to display a backtrace

        FAIL [   0.009s] (  54/4202) openwepp::assurance_v2_assembly_contract mtime_changes_do_not_affect_assembly_bytes
  stdout ───

    running 1 test
    test mtime_changes_do_not_affect_assembly_bytes ... FAILED

    failures:

    failures:
        mtime_changes_do_not_affect_assembly_bytes

    test result: FAILED. 0 passed; 1 failed; 0 ignored; 0 measured; 8 filtered out; finished in 0.00s

  stderr ───

    thread 'mtime_changes_do_not_affect_assembly_bytes' (819951) panicked at tests/integration/assurance_v2_assembly_contract.rs:738:69:
    called `Result::unwrap()` on an `Err` value: Drift("generated identity member changed: docs/specifications/science-contracts/contracts/SC-SNOWENERGY-001.md")
    note: run with `RUST_BACKTRACE=1` environment variable to display a backtrace

        FAIL [   0.162s] (  57/4202) openwepp::assurance_dossier_build_contract public_builder_stays_zero_report_while_validation_admits_internal_v2
  stdout ───

    running 1 test
    test public_builder_stays_zero_report_while_validation_admits_internal_v2 ... FAILED

    failures:

    failures:
        public_builder_stays_zero_report_while_validation_admits_internal_v2

    test result: FAILED. 0 passed; 1 failed; 0 ignored; 0 measured; 12 filtered out; finished in 0.16s

  stderr ───

    thread 'public_builder_stays_zero_report_while_validation_admits_internal_v2' (819822) panicked at tests/integration/assurance_dossier_build_contract.rs:38:10:
    run public and internal-source validate CLI: Invalid("SHA-256 mismatch for identified source 'docs/specifications/science-contracts/contracts/SC-SNOWENERGY-001.md'")
    note: run with `RUST_BACKTRACE=1` environment variable to display a backtrace

        FAIL [   0.008s] (  59/4202) openwepp::assurance_v2_assembly_contract stale_missing_unit_precision_orphan_and_figure_drift_fail_closed
  stdout ───

    running 1 test
    test stale_missing_unit_precision_orphan_and_figure_drift_fail_closed ... FAILED

    failures:

    failures:
        stale_missing_unit_precision_orphan_and_figure_drift_fail_closed

    test result: FAILED. 0 passed; 1 failed; 0 ignored; 0 measured; 8 filtered out; finished in 0.00s

  stderr ───

    thread 'stale_missing_unit_precision_orphan_and_figure_drift_fail_closed' (820067) panicked at tests/integration/assurance_v2_assembly_contract.rs:738:69:
    called `Result::unwrap()` on an `Err` value: Drift("generated identity member changed: docs/specifications/science-contracts/contracts/SC-SNOWENERGY-001.md")
    note: run with `RUST_BACKTRACE=1` environment variable to display a backtrace

        FAIL [   0.014s] (  63/4202) openwepp::assurance_v2_normalization_contract apply_rebinds_complete_graph_builds_and_is_idempotent
  stdout ───

    running 1 test
    test apply_rebinds_complete_graph_builds_and_is_idempotent ... FAILED

    failures:

    failures:
        apply_rebinds_complete_graph_builds_and_is_idempotent

    test result: FAILED. 0 passed; 1 failed; 0 ignored; 0 measured; 4 filtered out; finished in 0.01s

  stderr ───

    thread 'apply_rebinds_complete_graph_builds_and_is_idempotent' (820100) panicked at tests/integration/assurance_v2_normalization_contract.rs:250:69:
    called `Result::unwrap()` on an `Err` value: Drift("generated identity member changed: docs/specifications/science-contracts/contracts/SC-SNOWENERGY-001.md")
    note: run with `RUST_BACKTRACE=1` environment variable to display a backtrace

        FAIL [   0.011s] (  64/4202) openwepp::assurance_v2_normalization_contract check_detects_converter_diff_without_writing
  stdout ───

    running 1 test
    test check_detects_converter_diff_without_writing ... FAILED

    failures:

    failures:
        check_detects_converter_diff_without_writing

    test result: FAILED. 0 passed; 1 failed; 0 ignored; 0 measured; 4 filtered out; finished in 0.00s

  stderr ───

    thread 'check_detects_converter_diff_without_writing' (820103) panicked at tests/integration/assurance_v2_normalization_contract.rs:250:69:
    called `Result::unwrap()` on an `Err` value: Drift("generated identity member changed: docs/specifications/science-contracts/contracts/SC-SNOWENERGY-001.md")
    note: run with `RUST_BACKTRACE=1` environment variable to display a backtrace

        FAIL [   0.013s] (  67/4202) openwepp::assurance_v2_normalization_contract equivalent_inputs_emit_identical_receipts
  stdout ───

    running 1 test
    test equivalent_inputs_emit_identical_receipts ... FAILED

    failures:

    failures:
        equivalent_inputs_emit_identical_receipts

    test result: FAILED. 0 passed; 1 failed; 0 ignored; 0 measured; 4 filtered out; finished in 0.01s

  stderr ───

    thread 'equivalent_inputs_emit_identical_receipts' (820107) panicked at tests/integration/assurance_v2_normalization_contract.rs:250:69:
    called `Result::unwrap()` on an `Err` value: Drift("generated identity member changed: docs/specifications/science-contracts/contracts/SC-SNOWENERGY-001.md")
    note: run with `RUST_BACKTRACE=1` environment variable to display a backtrace

        FAIL [   0.009s] (  68/4202) openwepp::assurance_v2_normalization_contract lifecycle_review_and_packet_boundaries_fail_before_writing
  stdout ───

    running 1 test
    test lifecycle_review_and_packet_boundaries_fail_before_writing ... FAILED

    failures:

    failures:
        lifecycle_review_and_packet_boundaries_fail_before_writing

    test result: FAILED. 0 passed; 1 failed; 0 ignored; 0 measured; 4 filtered out; finished in 0.00s

  stderr ───

    thread 'lifecycle_review_and_packet_boundaries_fail_before_writing' (820110) panicked at tests/integration/assurance_v2_normalization_contract.rs:250:69:
    called `Result::unwrap()` on an `Err` value: Drift("generated identity member changed: docs/specifications/science-contracts/contracts/SC-SNOWENERGY-001.md")
    note: run with `RUST_BACKTRACE=1` environment variable to display a backtrace

        FAIL [   0.010s] (  69/4202) openwepp::assurance_v2_planner_contract content_changes_select_expected_transitive_consumers
  stdout ───

    running 1 test
    test content_changes_select_expected_transitive_consumers ... FAILED

    failures:

    failures:
        content_changes_select_expected_transitive_consumers

    test result: FAILED. 0 passed; 1 failed; 0 ignored; 0 measured; 9 filtered out; finished in 0.01s

  stderr ───

    thread 'content_changes_select_expected_transitive_consumers' (820111) panicked at tests/integration/assurance_v2_planner_contract.rs:448:69:
    called `Result::unwrap()` on an `Err` value: Drift("generated identity member changed: docs/specifications/science-contracts/contracts/SC-SNOWENERGY-001.md")
    note: run with `RUST_BACKTRACE=1` environment variable to display a backtrace

        FAIL [   0.008s] (  71/4202) openwepp::assurance_v2_planner_contract malformed_authority_remains_an_explicit_blocker
  stdout ───

    running 1 test
    test malformed_authority_remains_an_explicit_blocker ... FAILED

    failures:

    failures:
        malformed_authority_remains_an_explicit_blocker

    test result: FAILED. 0 passed; 1 failed; 0 ignored; 0 measured; 9 filtered out; finished in 0.00s

  stderr ───

    thread 'malformed_authority_remains_an_explicit_blocker' (820116) panicked at tests/integration/assurance_v2_planner_contract.rs:448:69:
    called `Result::unwrap()` on an `Err` value: Drift("generated identity member changed: docs/specifications/science-contracts/contracts/SC-SNOWENERGY-001.md")
    note: run with `RUST_BACKTRACE=1` environment variable to display a backtrace

        FAIL [   0.008s] (  72/4202) openwepp::assurance_v2_planner_contract manifest_method_figure_review_and_software_changes_select_the_report
  stdout ───

    running 1 test
    test manifest_method_figure_review_and_software_changes_select_the_report ... FAILED

    failures:

    failures:
        manifest_method_figure_review_and_software_changes_select_the_report

    test result: FAILED. 0 passed; 1 failed; 0 ignored; 0 measured; 9 filtered out; finished in 0.00s

  stderr ───

    thread 'manifest_method_figure_review_and_software_changes_select_the_report' (820121) panicked at tests/integration/assurance_v2_planner_contract.rs:448:69:
    called `Result::unwrap()` on an `Err` value: Drift("generated identity member changed: docs/specifications/science-contracts/contracts/SC-SNOWENERGY-001.md")
    note: run with `RUST_BACKTRACE=1` environment variable to display a backtrace

        FAIL [   0.011s] (  73/4202) openwepp::assurance_v2_planner_contract mtime_only_change_does_not_change_plan_bytes
  stdout ───

    running 1 test
    test mtime_only_change_does_not_change_plan_bytes ... FAILED

    failures:

    failures:
        mtime_only_change_does_not_change_plan_bytes

    test result: FAILED. 0 passed; 1 failed; 0 ignored; 0 measured; 9 filtered out; finished in 0.00s

  stderr ───

    thread 'mtime_only_change_does_not_change_plan_bytes' (820124) panicked at tests/integration/assurance_v2_planner_contract.rs:448:69:
    called `Result::unwrap()` on an `Err` value: Drift("generated identity member changed: docs/specifications/science-contracts/contracts/SC-SNOWENERGY-001.md")
    note: run with `RUST_BACKTRACE=1` environment variable to display a backtrace

        FAIL [   0.010s] (  74/4202) openwepp::assurance_v2_planner_contract named_selection_isolated_and_all_plan_does_not_select_unrelated_report
  stdout ───

    running 1 test
    test named_selection_isolated_and_all_plan_does_not_select_unrelated_report ... FAILED

    failures:

    failures:
        named_selection_isolated_and_all_plan_does_not_select_unrelated_report

    test result: FAILED. 0 passed; 1 failed; 0 ignored; 0 measured; 9 filtered out; finished in 0.00s

  stderr ───

    thread 'named_selection_isolated_and_all_plan_does_not_select_unrelated_report' (820125) panicked at tests/integration/assurance_v2_planner_contract.rs:448:69:
    called `Result::unwrap()` on an `Err` value: Drift("generated identity member changed: docs/specifications/science-contracts/contracts/SC-SNOWENERGY-001.md")
    note: run with `RUST_BACKTRACE=1` environment variable to display a backtrace

        FAIL [   0.009s] (  76/4202) openwepp::assurance_v2_planner_contract stale_consumer_cannot_mask_a_blocked_prerequisite
  stdout ───

    running 1 test
    test stale_consumer_cannot_mask_a_blocked_prerequisite ... FAILED

    failures:

    failures:
        stale_consumer_cannot_mask_a_blocked_prerequisite

    test result: FAILED. 0 passed; 1 failed; 0 ignored; 0 measured; 9 filtered out; finished in 0.00s

  stderr ───

    thread 'stale_consumer_cannot_mask_a_blocked_prerequisite' (820130) panicked at tests/integration/assurance_v2_planner_contract.rs:448:69:
    called `Result::unwrap()` on an `Err` value: Drift("generated identity member changed: docs/specifications/science-contracts/contracts/SC-SNOWENERGY-001.md")
    note: run with `RUST_BACKTRACE=1` environment variable to display a backtrace

        FAIL [   0.009s] (  77/4202) openwepp::assurance_v2_planner_contract unavailable_declared_content_blocks_consumers_with_relative_reasons
  stdout ───

    running 1 test
    test unavailable_declared_content_blocks_consumers_with_relative_reasons ... FAILED

    failures:

    failures:
        unavailable_declared_content_blocks_consumers_with_relative_reasons

    test result: FAILED. 0 passed; 1 failed; 0 ignored; 0 measured; 9 filtered out; finished in 0.00s

  stderr ───

    thread 'unavailable_declared_content_blocks_consumers_with_relative_reasons' (820131) panicked at tests/integration/assurance_v2_planner_contract.rs:448:69:
    called `Result::unwrap()` on an `Err` value: Drift("generated identity member changed: docs/specifications/science-contracts/contracts/SC-SNOWENERGY-001.md")
    note: run with `RUST_BACKTRACE=1` environment variable to display a backtrace

        FAIL [   0.009s] (  78/4202) openwepp::assurance_v2_planner_contract unavailable_or_unparseable_selected_manifest_produces_a_bounded_blocked_plan
  stdout ───

    running 1 test
    test unavailable_or_unparseable_selected_manifest_produces_a_bounded_blocked_plan ... FAILED

    failures:

    failures:
        unavailable_or_unparseable_selected_manifest_produces_a_bounded_blocked_plan

    test result: FAILED. 0 passed; 1 failed; 0 ignored; 0 measured; 9 filtered out; finished in 0.00s

  stderr ───

    thread 'unavailable_or_unparseable_selected_manifest_produces_a_bounded_blocked_plan' (820133) panicked at tests/integration/assurance_v2_planner_contract.rs:448:69:
    called `Result::unwrap()` on an `Err` value: Drift("generated identity member changed: docs/specifications/science-contracts/contracts/SC-SNOWENERGY-001.md")
    note: run with `RUST_BACKTRACE=1` environment variable to display a backtrace

        FAIL [   0.250s] (  79/4202) openwepp::assurance_v2_assembly_contract real_cli_selects_v2_staging_without_weakening_zero_public_operations
  stdout ───

    running 1 test
    test real_cli_selects_v2_staging_without_weakening_zero_public_operations ... FAILED

    failures:

    failures:
        real_cli_selects_v2_staging_without_weakening_zero_public_operations

    test result: FAILED. 0 passed; 1 failed; 0 ignored; 0 measured; 8 filtered out; finished in 0.23s

  stderr ───

    thread 'real_cli_selects_v2_staging_without_weakening_zero_public_operations' (819963) panicked at tests/integration/assurance_v2_assembly_contract.rs:558:6:
    build all reports through real CLI: Invalid("report 'snow-and-frozen-soil-process-evaluation' is not current and cannot be assembled")
    note: run with `RUST_BACKTRACE=1` environment variable to display a backtrace

        FAIL [   0.015s] (  80/4202) openwepp::assurance_v2_publication_contract aliased_usersum_root_fails_closed
  stdout ───

    running 1 test
    test aliased_usersum_root_fails_closed ... FAILED

    failures:

    failures:
        aliased_usersum_root_fails_closed

    test result: FAILED. 0 passed; 1 failed; 0 ignored; 0 measured; 36 filtered out; finished in 0.01s

  stderr ───

    thread 'aliased_usersum_root_fails_closed' (820135) panicked at tests/integration/assurance_v2_publication_contract.rs:1752:68:
    called `Result::unwrap()` on an `Err` value: Drift("generated identity member changed: docs/specifications/science-contracts/contracts/SC-SNOWENERGY-001.md")
    note: run with `RUST_BACKTRACE=1` environment variable to display a backtrace

        FAIL [   0.011s] (  81/4202) openwepp::assurance_v2_publication_contract all_mode_extra_staging_and_overlapping_roots_fail_without_public_mutation
  stdout ───

    running 1 test
    test all_mode_extra_staging_and_overlapping_roots_fail_without_public_mutation ... FAILED

    failures:

    failures:
        all_mode_extra_staging_and_overlapping_roots_fail_without_public_mutation

    test result: FAILED. 0 passed; 1 failed; 0 ignored; 0 measured; 36 filtered out; finished in 0.00s

  stderr ───

    thread 'all_mode_extra_staging_and_overlapping_roots_fail_without_public_mutation' (820137) panicked at tests/integration/assurance_v2_publication_contract.rs:1752:68:
    called `Result::unwrap()` on an `Err` value: Drift("generated identity member changed: docs/specifications/science-contracts/contracts/SC-SNOWENERGY-001.md")
    note: run with `RUST_BACKTRACE=1` environment variable to display a backtrace

        FAIL [   0.011s] (  82/4202) openwepp::assurance_v2_publication_contract approval_conflicts_and_release_mismatch_fail_before_publication
  stdout ───

    running 1 test
    test approval_conflicts_and_release_mismatch_fail_before_publication ... FAILED

    failures:

    failures:
        approval_conflicts_and_release_mismatch_fail_before_publication

    test result: FAILED. 0 passed; 1 failed; 0 ignored; 0 measured; 36 filtered out; finished in 0.00s

  stderr ───

    thread 'approval_conflicts_and_release_mismatch_fail_before_publication' (820140) panicked at tests/integration/assurance_v2_publication_contract.rs:1752:68:
    called `Result::unwrap()` on an `Err` value: Drift("generated identity member changed: docs/specifications/science-contracts/contracts/SC-SNOWENERGY-001.md")
    note: run with `RUST_BACKTRACE=1` environment variable to display a backtrace

        FAIL [   0.009s] (  83/4202) openwepp::assurance_v2_publication_contract authority_bound_byte_negative_matrix_is_fail_closed
  stdout ───

    running 1 test
    test authority_bound_byte_negative_matrix_is_fail_closed ... FAILED

    failures:

    failures:
        authority_bound_byte_negative_matrix_is_fail_closed

    test result: FAILED. 0 passed; 1 failed; 0 ignored; 0 measured; 36 filtered out; finished in 0.00s

  stderr ───

    thread 'authority_bound_byte_negative_matrix_is_fail_closed' (820142) panicked at tests/integration/assurance_v2_publication_contract.rs:1752:68:
    called `Result::unwrap()` on an `Err` value: Drift("generated identity member changed: docs/specifications/science-contracts/contracts/SC-SNOWENERGY-001.md")
    note: run with `RUST_BACKTRACE=1` environment variable to display a backtrace

        FAIL [   0.009s] (  84/4202) openwepp::assurance_v2_publication_contract bootstrap_empty_directory_fails_closed
  stdout ───

    running 1 test
    test bootstrap_empty_directory_fails_closed ... FAILED

    failures:

    failures:
        bootstrap_empty_directory_fails_closed

    test result: FAILED. 0 passed; 1 failed; 0 ignored; 0 measured; 36 filtered out; finished in 0.00s

  stderr ───

    thread 'bootstrap_empty_directory_fails_closed' (820144) panicked at tests/integration/assurance_v2_publication_contract.rs:1752:68:
    called `Result::unwrap()` on an `Err` value: Drift("generated identity member changed: docs/specifications/science-contracts/contracts/SC-SNOWENERGY-001.md")
    note: run with `RUST_BACKTRACE=1` environment variable to display a backtrace

        FAIL [   0.107s] (  85/4202) openwepp::assurance_v2_planner_contract current_one_and_all_plans_are_equivalent_stable_and_cli_consumed
  stdout ───

    running 1 test
    test current_one_and_all_plans_are_equivalent_stable_and_cli_consumed ... FAILED

    failures:

    failures:
        current_one_and_all_plans_are_equivalent_stable_and_cli_consumed

    test result: FAILED. 0 passed; 1 failed; 0 ignored; 0 measured; 9 filtered out; finished in 0.10s

  stderr ───

    thread 'current_one_and_all_plans_are_equivalent_stable_and_cli_consumed' (820114) panicked at tests/integration/assurance_v2_planner_contract.rs:46:5:
    assertion `left == right` failed
      left: Selected
     right: Current
    note: run with `RUST_BACKTRACE=1` environment variable to display a backtrace

        FAIL [   0.010s] (  86/4202) openwepp::assurance_v2_publication_contract bootstrap_unowned_readme_fails_closed
  stdout ───

    running 1 test
    test bootstrap_unowned_readme_fails_closed ... FAILED

    failures:

    failures:
        bootstrap_unowned_readme_fails_closed

    test result: FAILED. 0 passed; 1 failed; 0 ignored; 0 measured; 36 filtered out; finished in 0.00s

  stderr ───

    thread 'bootstrap_unowned_readme_fails_closed' (820146) panicked at tests/integration/assurance_v2_publication_contract.rs:1752:68:
    called `Result::unwrap()` on an `Err` value: Drift("generated identity member changed: docs/specifications/science-contracts/contracts/SC-SNOWENERGY-001.md")
    note: run with `RUST_BACKTRACE=1` environment variable to display a backtrace

        FAIL [   0.007s] (  88/4202) openwepp::assurance_v2_publication_contract canonical_public_path_and_real_markdown_narrative_link_are_mandatory
  stdout ───

    running 1 test
    test canonical_public_path_and_real_markdown_narrative_link_are_mandatory ... FAILED

    failures:

    failures:
        canonical_public_path_and_real_markdown_narrative_link_are_mandatory

    test result: FAILED. 0 passed; 1 failed; 0 ignored; 0 measured; 36 filtered out; finished in 0.00s

  stderr ───

    thread 'canonical_public_path_and_real_markdown_narrative_link_are_mandatory' (820149) panicked at tests/integration/assurance_v2_publication_contract.rs:1752:68:
    called `Result::unwrap()` on an `Err` value: Drift("generated identity member changed: docs/specifications/science-contracts/contracts/SC-SNOWENERGY-001.md")
    note: run with `RUST_BACKTRACE=1` environment variable to display a backtrace

        FAIL [   0.006s] (  90/4202) openwepp::assurance_v2_publication_contract concurrent_reader_observes_only_complete_old_or_new_report_bytes
  stdout ───

    running 1 test
    test concurrent_reader_observes_only_complete_old_or_new_report_bytes ... FAILED

    failures:

    failures:
        concurrent_reader_observes_only_complete_old_or_new_report_bytes

    test result: FAILED. 0 passed; 1 failed; 0 ignored; 0 measured; 36 filtered out; finished in 0.00s

  stderr ───

    thread 'concurrent_reader_observes_only_complete_old_or_new_report_bytes' (820153) panicked at tests/integration/assurance_v2_publication_contract.rs:1752:68:
    called `Result::unwrap()` on an `Err` value: Drift("generated identity member changed: docs/specifications/science-contracts/contracts/SC-SNOWENERGY-001.md")
    note: run with `RUST_BACKTRACE=1` environment variable to display a backtrace

        FAIL [   0.007s] (  91/4202) openwepp::assurance_v2_publication_contract every_precommit_fault_boundary_preserves_the_prior_public_generation
  stdout ───

    running 1 test
    test every_precommit_fault_boundary_preserves_the_prior_public_generation ... FAILED

    failures:

    failures:
        every_precommit_fault_boundary_preserves_the_prior_public_generation

    test result: FAILED. 0 passed; 1 failed; 0 ignored; 0 measured; 36 filtered out; finished in 0.00s

  stderr ───

    thread 'every_precommit_fault_boundary_preserves_the_prior_public_generation' (820156) panicked at tests/integration/assurance_v2_publication_contract.rs:1752:68:
    called `Result::unwrap()` on an `Err` value: Drift("generated identity member changed: docs/specifications/science-contracts/contracts/SC-SNOWENERGY-001.md")
    note: run with `RUST_BACKTRACE=1` environment variable to display a backtrace

        FAIL [   0.006s] (  92/4202) openwepp::assurance_v2_publication_contract in_review_source_cannot_publish
  stdout ───

    running 1 test
    test in_review_source_cannot_publish ... FAILED

    failures:

    failures:
        in_review_source_cannot_publish

    test result: FAILED. 0 passed; 1 failed; 0 ignored; 0 measured; 36 filtered out; finished in 0.00s

  stderr ───

    thread 'in_review_source_cannot_publish' (820158) panicked at tests/integration/assurance_v2_publication_contract.rs:1752:68:
    called `Result::unwrap()` on an `Err` value: Drift("generated identity member changed: docs/specifications/science-contracts/contracts/SC-SNOWENERGY-001.md")
    note: run with `RUST_BACKTRACE=1` environment variable to display a backtrace

        FAIL [   0.009s] (  93/4202) openwepp::assurance_v2_publication_contract missing_competence_fails_closed
  stdout ───

    running 1 test
    test missing_competence_fails_closed ... FAILED

    failures:

    failures:
        missing_competence_fails_closed

    test result: FAILED. 0 passed; 1 failed; 0 ignored; 0 measured; 36 filtered out; finished in 0.00s

  stderr ───

    thread 'missing_competence_fails_closed' (820160) panicked at tests/integration/assurance_v2_publication_contract.rs:1752:68:
    called `Result::unwrap()` on an `Err` value: Drift("generated identity member changed: docs/specifications/science-contracts/contracts/SC-SNOWENERGY-001.md")
    note: run with `RUST_BACKTRACE=1` environment variable to display a backtrace

        FAIL [   0.311s] (  94/4202) openwepp::assurance_v2_assembly_contract real_named_and_all_builds_are_deterministic_equivalent_and_checkable
  stdout ───

    running 1 test
    test real_named_and_all_builds_are_deterministic_equivalent_and_checkable ... FAILED

    failures:

    failures:
        real_named_and_all_builds_are_deterministic_equivalent_and_checkable

    test result: FAILED. 0 passed; 1 failed; 0 ignored; 0 measured; 8 filtered out; finished in 0.30s

  stderr ───

    thread 'real_named_and_all_builds_are_deterministic_equivalent_and_checkable' (820002) panicked at tests/integration/assurance_v2_assembly_contract.rs:37:10:
    build all reports: Invalid("report 'snow-and-frozen-soil-process-evaluation' is not current and cannot be assembled")
    note: run with `RUST_BACKTRACE=1` environment variable to display a backtrace

        FAIL [   0.008s] (  95/4202) openwepp::assurance_v2_publication_contract missing_independence_fails_closed
  stdout ───

    running 1 test
    test missing_independence_fails_closed ... FAILED

    failures:

    failures:
        missing_independence_fails_closed

    test result: FAILED. 0 passed; 1 failed; 0 ignored; 0 measured; 36 filtered out; finished in 0.00s

  stderr ───

    thread 'missing_independence_fails_closed' (820163) panicked at tests/integration/assurance_v2_publication_contract.rs:1752:68:
    called `Result::unwrap()` on an `Err` value: Drift("generated identity member changed: docs/specifications/science-contracts/contracts/SC-SNOWENERGY-001.md")
    note: run with `RUST_BACKTRACE=1` environment variable to display a backtrace

        FAIL [   0.006s] (  96/4202) openwepp::assurance_v2_publication_contract missing_release_transfer_fails_closed
  stdout ───

    running 1 test
    test missing_release_transfer_fails_closed ... FAILED

    failures:

    failures:
        missing_release_transfer_fails_closed

    test result: FAILED. 0 passed; 1 failed; 0 ignored; 0 measured; 36 filtered out; finished in 0.00s

  stderr ───

    thread 'missing_release_transfer_fails_closed' (820169) panicked at tests/integration/assurance_v2_publication_contract.rs:1752:68:
    called `Result::unwrap()` on an `Err` value: Drift("generated identity member changed: docs/specifications/science-contracts/contracts/SC-SNOWENERGY-001.md")
    note: run with `RUST_BACKTRACE=1` environment variable to display a backtrace

        FAIL [   0.008s] (  97/4202) openwepp::assurance_v2_source_contract content_schema_contract_and_report_versions_are_enforced
  stdout ───

    running 1 test
    test content_schema_contract_and_report_versions_are_enforced ... FAILED

    failures:

    failures:
        content_schema_contract_and_report_versions_are_enforced

    test result: FAILED. 0 passed; 1 failed; 0 ignored; 0 measured; 11 filtered out; finished in 0.00s

  stderr ───

    thread 'content_schema_contract_and_report_versions_are_enforced' (820168) panicked at tests/integration/assurance_v2_source_contract.rs:662:69:
    called `Result::unwrap()` on an `Err` value: Drift("generated identity member changed: docs/specifications/science-contracts/contracts/SC-SNOWENERGY-001.md")
    note: run with `RUST_BACKTRACE=1` environment variable to display a backtrace

        FAIL [   0.008s] (  98/4202) openwepp::assurance_v2_source_contract every_record_family_has_executable_field_consumption
  stdout ───

    running 1 test
    test every_record_family_has_executable_field_consumption ... FAILED

    failures:

    failures:
        every_record_family_has_executable_field_consumption

    test result: FAILED. 0 passed; 1 failed; 0 ignored; 0 measured; 11 filtered out; finished in 0.00s

  stderr ───

    thread 'every_record_family_has_executable_field_consumption' (820167) panicked at tests/integration/assurance_v2_source_contract.rs:662:69:
    called `Result::unwrap()` on an `Err` value: Drift("generated identity member changed: docs/specifications/science-contracts/contracts/SC-SNOWENERGY-001.md")
    note: run with `RUST_BACKTRACE=1` environment variable to display a backtrace

        FAIL [   0.007s] (  99/4202) openwepp::assurance_v2_publication_contract multi_report_production_snapshot_replays_complete_authority
  stdout ───

    running 1 test
    test multi_report_production_snapshot_replays_complete_authority ... FAILED

    failures:

    failures:
        multi_report_production_snapshot_replays_complete_authority

    test result: FAILED. 0 passed; 1 failed; 0 ignored; 0 measured; 36 filtered out; finished in 0.00s

  stderr ───

    thread 'multi_report_production_snapshot_replays_complete_authority' (820173) panicked at tests/integration/assurance_v2_publication_contract.rs:1752:68:
    called `Result::unwrap()` on an `Err` value: Drift("generated identity member changed: docs/specifications/science-contracts/contracts/SC-SNOWENERGY-001.md")
    note: run with `RUST_BACKTRACE=1` environment variable to display a backtrace

        FAIL [   0.008s] ( 100/4202) openwepp::assurance_v2_source_contract named_validation_isolated_from_an_unselected_broken_report
  stdout ───

    running 1 test
    test named_validation_isolated_from_an_unselected_broken_report ... FAILED

    failures:

    failures:
        named_validation_isolated_from_an_unselected_broken_report

    test result: FAILED. 0 passed; 1 failed; 0 ignored; 0 measured; 11 filtered out; finished in 0.00s

  stderr ───

    thread 'named_validation_isolated_from_an_unselected_broken_report' (820175) panicked at tests/integration/assurance_v2_source_contract.rs:662:69:
    called `Result::unwrap()` on an `Err` value: Drift("generated identity member changed: docs/specifications/science-contracts/contracts/SC-SNOWENERGY-001.md")
    note: run with `RUST_BACKTRACE=1` environment variable to display a backtrace

        FAIL [   0.006s] ( 101/4202) openwepp::assurance_v2_publication_contract multiply_linked_staging_bytes_fail_before_publication
  stdout ───

    running 1 test
    test multiply_linked_staging_bytes_fail_before_publication ... FAILED

    failures:

    failures:
        multiply_linked_staging_bytes_fail_before_publication

    test result: FAILED. 0 passed; 1 failed; 0 ignored; 0 measured; 36 filtered out; finished in 0.00s

  stderr ───

    thread 'multiply_linked_staging_bytes_fail_before_publication' (820178) panicked at tests/integration/assurance_v2_publication_contract.rs:1752:68:
    called `Result::unwrap()` on an `Err` value: Drift("generated identity member changed: docs/specifications/science-contracts/contracts/SC-SNOWENERGY-001.md")
    note: run with `RUST_BACKTRACE=1` environment variable to display a backtrace

        FAIL [   0.008s] ( 102/4202) openwepp::assurance_v2_source_contract paths_symlinks_and_special_entries_fail_closed
  stdout ───

    running 1 test
    test paths_symlinks_and_special_entries_fail_closed ... FAILED

    failures:

    failures:
        paths_symlinks_and_special_entries_fail_closed

    test result: FAILED. 0 passed; 1 failed; 0 ignored; 0 measured; 11 filtered out; finished in 0.00s

  stderr ───

    thread 'paths_symlinks_and_special_entries_fail_closed' (820180) panicked at tests/integration/assurance_v2_source_contract.rs:662:69:
    called `Result::unwrap()` on an `Err` value: Drift("generated identity member changed: docs/specifications/science-contracts/contracts/SC-SNOWENERGY-001.md")
    note: run with `RUST_BACKTRACE=1` environment variable to display a backtrace

        FAIL [   0.008s] ( 103/4202) openwepp::assurance_v2_publication_contract named_publication_preserves_receipted_peer_and_all_mode_converges
  stdout ───

    running 1 test
    test named_publication_preserves_receipted_peer_and_all_mode_converges ... FAILED

    failures:

    failures:
        named_publication_preserves_receipted_peer_and_all_mode_converges

    test result: FAILED. 0 passed; 1 failed; 0 ignored; 0 measured; 36 filtered out; finished in 0.00s

  stderr ───

    thread 'named_publication_preserves_receipted_peer_and_all_mode_converges' (820182) panicked at tests/integration/assurance_v2_publication_contract.rs:1752:68:
    called `Result::unwrap()` on an `Err` value: Drift("generated identity member changed: docs/specifications/science-contracts/contracts/SC-SNOWENERGY-001.md")
    note: run with `RUST_BACKTRACE=1` environment variable to display a backtrace

        FAIL [   0.006s] ( 105/4202) openwepp::assurance_v2_publication_contract named_publication_rejects_unreceipted_prior_catalog_entries
  stdout ───

    running 1 test
    test named_publication_rejects_unreceipted_prior_catalog_entries ... FAILED

    failures:

    failures:
        named_publication_rejects_unreceipted_prior_catalog_entries

    test result: FAILED. 0 passed; 1 failed; 0 ignored; 0 measured; 36 filtered out; finished in 0.00s

  stderr ───

    thread 'named_publication_rejects_unreceipted_prior_catalog_entries' (820186) panicked at tests/integration/assurance_v2_publication_contract.rs:1752:68:
    called `Result::unwrap()` on an `Err` value: Drift("generated identity member changed: docs/specifications/science-contracts/contracts/SC-SNOWENERGY-001.md")
    note: run with `RUST_BACKTRACE=1` environment variable to display a backtrace

        FAIL [   0.009s] ( 107/4202) openwepp::assurance_v2_publication_contract narrative_drift_fails_closed
  stdout ───

    running 1 test
    test narrative_drift_fails_closed ... FAILED

    failures:

    failures:
        narrative_drift_fails_closed

    test result: FAILED. 0 passed; 1 failed; 0 ignored; 0 measured; 36 filtered out; finished in 0.00s

  stderr ───

    thread 'narrative_drift_fails_closed' (820189) panicked at tests/integration/assurance_v2_publication_contract.rs:1752:68:
    called `Result::unwrap()` on an `Err` value: Drift("generated identity member changed: docs/specifications/science-contracts/contracts/SC-SNOWENERGY-001.md")
    note: run with `RUST_BACKTRACE=1` environment variable to display a backtrace

        FAIL [   0.007s] ( 109/4202) openwepp::assurance_v2_publication_contract receipt_preparation_is_reused_only_when_bytes_match
  stdout ───

    running 1 test
    test receipt_preparation_is_reused_only_when_bytes_match ... FAILED

    failures:

    failures:
        receipt_preparation_is_reused_only_when_bytes_match

    test result: FAILED. 0 passed; 1 failed; 0 ignored; 0 measured; 36 filtered out; finished in 0.00s

  stderr ───

    thread 'receipt_preparation_is_reused_only_when_bytes_match' (820197) panicked at tests/integration/assurance_v2_publication_contract.rs:1752:68:
    called `Result::unwrap()` on an `Err` value: Drift("generated identity member changed: docs/specifications/science-contracts/contracts/SC-SNOWENERGY-001.md")
    note: run with `RUST_BACKTRACE=1` environment variable to display a backtrace

        FAIL [   0.007s] ( 110/4202) openwepp::assurance_v2_publication_contract reconstructed_production_snapshot_passes_and_forged_roots_fail
  stdout ───

    running 1 test
    test reconstructed_production_snapshot_passes_and_forged_roots_fail ... FAILED

    failures:

    failures:
        reconstructed_production_snapshot_passes_and_forged_roots_fail

    test result: FAILED. 0 passed; 1 failed; 0 ignored; 0 measured; 36 filtered out; finished in 0.00s

  stderr ───

    thread 'reconstructed_production_snapshot_passes_and_forged_roots_fail' (820199) panicked at tests/integration/assurance_v2_publication_contract.rs:1752:68:
    called `Result::unwrap()` on an `Err` value: Drift("generated identity member changed: docs/specifications/science-contracts/contracts/SC-SNOWENERGY-001.md")
    note: run with `RUST_BACKTRACE=1` environment variable to display a backtrace

        FAIL [   0.007s] ( 112/4202) openwepp::assurance_v2_publication_contract release_driver_persists_verified_v2_artifacts_and_discovery_sidecar
  stdout ───

    running 1 test
    test release_driver_persists_verified_v2_artifacts_and_discovery_sidecar ... FAILED

    failures:

    failures:
        release_driver_persists_verified_v2_artifacts_and_discovery_sidecar

    test result: FAILED. 0 passed; 1 failed; 0 ignored; 0 measured; 36 filtered out; finished in 0.00s

  stderr ───

    thread 'release_driver_persists_verified_v2_artifacts_and_discovery_sidecar' (820201) panicked at tests/integration/assurance_v2_publication_contract.rs:1752:68:
    called `Result::unwrap()` on an `Err` value: Drift("generated identity member changed: docs/specifications/science-contracts/contracts/SC-SNOWENERGY-001.md")
    note: run with `RUST_BACKTRACE=1` environment variable to display a backtrace

        FAIL [   0.007s] ( 115/4202) openwepp::assurance_v2_publication_contract simultaneous_publishers_serialize_and_converge_on_one_generation
  stdout ───

    running 1 test
    test simultaneous_publishers_serialize_and_converge_on_one_generation ... FAILED

    failures:

    failures:
        simultaneous_publishers_serialize_and_converge_on_one_generation

    test result: FAILED. 0 passed; 1 failed; 0 ignored; 0 measured; 36 filtered out; finished in 0.00s

  stderr ───

    thread 'simultaneous_publishers_serialize_and_converge_on_one_generation' (820210) panicked at tests/integration/assurance_v2_publication_contract.rs:1752:68:
    called `Result::unwrap()` on an `Err` value: Drift("generated identity member changed: docs/specifications/science-contracts/contracts/SC-SNOWENERGY-001.md")
    note: run with `RUST_BACKTRACE=1` environment variable to display a backtrace

        FAIL [   0.006s] ( 117/4202) openwepp::assurance_v2_publication_contract special_files_on_public_and_immutable_surfaces_fail_closed
  stdout ───

    running 1 test
    test special_files_on_public_and_immutable_surfaces_fail_closed ... FAILED

    failures:

    failures:
        special_files_on_public_and_immutable_surfaces_fail_closed

    test result: FAILED. 0 passed; 1 failed; 0 ignored; 0 measured; 36 filtered out; finished in 0.00s

  stderr ───

    thread 'special_files_on_public_and_immutable_surfaces_fail_closed' (820213) panicked at tests/integration/assurance_v2_publication_contract.rs:1752:68:
    called `Result::unwrap()` on an `Err` value: Drift("generated identity member changed: docs/specifications/science-contracts/contracts/SC-SNOWENERGY-001.md")
    note: run with `RUST_BACKTRACE=1` environment variable to display a backtrace

        FAIL [   0.006s] ( 118/4202) openwepp::assurance_v2_source_contract restricted_evidence_and_draft_lifecycle_contradictions_fail_closed
  stdout ───

    running 1 test
    test restricted_evidence_and_draft_lifecycle_contradictions_fail_closed ... FAILED

    failures:

    failures:
        restricted_evidence_and_draft_lifecycle_contradictions_fail_closed

    test result: FAILED. 0 passed; 1 failed; 0 ignored; 0 measured; 11 filtered out; finished in 0.00s

  stderr ───

    thread 'restricted_evidence_and_draft_lifecycle_contradictions_fail_closed' (820214) panicked at tests/integration/assurance_v2_source_contract.rs:662:69:
    called `Result::unwrap()` on an `Err` value: Drift("generated identity member changed: docs/specifications/science-contracts/contracts/SC-SNOWENERGY-001.md")
    note: run with `RUST_BACKTRACE=1` environment variable to display a backtrace

        FAIL [   0.006s] ( 119/4202) openwepp::assurance_v2_publication_contract staging_fifo_fails_closed
  stdout ───

    running 1 test
    test staging_fifo_fails_closed ... FAILED

    failures:

    failures:
        staging_fifo_fails_closed

    test result: FAILED. 0 passed; 1 failed; 0 ignored; 0 measured; 36 filtered out; finished in 0.00s

  stderr ───

    thread 'staging_fifo_fails_closed' (820217) panicked at tests/integration/assurance_v2_publication_contract.rs:1752:68:
    called `Result::unwrap()` on an `Err` value: Drift("generated identity member changed: docs/specifications/science-contracts/contracts/SC-SNOWENERGY-001.md")
    note: run with `RUST_BACKTRACE=1` environment variable to display a backtrace

        FAIL [   0.008s] ( 120/4202) openwepp::assurance_v2_source_contract schema_required_nullable_fields_cannot_be_omitted
  stdout ───

    running 1 test
    test schema_required_nullable_fields_cannot_be_omitted ... FAILED

    failures:

    failures:
        schema_required_nullable_fields_cannot_be_omitted

    test result: FAILED. 0 passed; 1 failed; 0 ignored; 0 measured; 11 filtered out; finished in 0.00s

  stderr ───

    thread 'schema_required_nullable_fields_cannot_be_omitted' (820219) panicked at tests/integration/assurance_v2_source_contract.rs:662:69:
    called `Result::unwrap()` on an `Err` value: Drift("generated identity member changed: docs/specifications/science-contracts/contracts/SC-SNOWENERGY-001.md")
    note: run with `RUST_BACKTRACE=1` environment variable to display a backtrace

        FAIL [   0.006s] ( 121/4202) openwepp::assurance_v2_publication_contract staging_symlink_fails_closed
  stdout ───

    running 1 test
    test staging_symlink_fails_closed ... FAILED

    failures:

    failures:
        staging_symlink_fails_closed

    test result: FAILED. 0 passed; 1 failed; 0 ignored; 0 measured; 36 filtered out; finished in 0.00s

  stderr ───

    thread 'staging_symlink_fails_closed' (820220) panicked at tests/integration/assurance_v2_publication_contract.rs:1752:68:
    called `Result::unwrap()` on an `Err` value: Drift("generated identity member changed: docs/specifications/science-contracts/contracts/SC-SNOWENERGY-001.md")
    note: run with `RUST_BACKTRACE=1` environment variable to display a backtrace

        FAIL [   0.006s] ( 123/4202) openwepp::assurance_v2_source_contract unknown_missing_duplicate_unresolved_and_unused_fields_fail_closed
  stdout ───

    running 1 test
    test unknown_missing_duplicate_unresolved_and_unused_fields_fail_closed ... FAILED

    failures:

    failures:
        unknown_missing_duplicate_unresolved_and_unused_fields_fail_closed

    test result: FAILED. 0 passed; 1 failed; 0 ignored; 0 measured; 11 filtered out; finished in 0.00s

  stderr ───

    thread 'unknown_missing_duplicate_unresolved_and_unused_fields_fail_closed' (820223) panicked at tests/integration/assurance_v2_source_contract.rs:662:69:
    called `Result::unwrap()` on an `Err` value: Drift("generated identity member changed: docs/specifications/science-contracts/contracts/SC-SNOWENERGY-001.md")
    note: run with `RUST_BACKTRACE=1` environment variable to display a backtrace

        FAIL [   0.006s] ( 124/4202) openwepp::assurance_v2_publication_contract stale_roots_open_findings_conflicts_and_release_mismatch_fail_before_publication
  stdout ───

    running 1 test
    test stale_roots_open_findings_conflicts_and_release_mismatch_fail_before_publication ... FAILED

    failures:

    failures:
        stale_roots_open_findings_conflicts_and_release_mismatch_fail_before_publication

    test result: FAILED. 0 passed; 1 failed; 0 ignored; 0 measured; 36 filtered out; finished in 0.00s

  stderr ───

    thread 'stale_roots_open_findings_conflicts_and_release_mismatch_fail_before_publication' (820225) panicked at tests/integration/assurance_v2_publication_contract.rs:1752:68:
    called `Result::unwrap()` on an `Err` value: Drift("generated identity member changed: docs/specifications/science-contracts/contracts/SC-SNOWENERGY-001.md")
    note: run with `RUST_BACKTRACE=1` environment variable to display a backtrace

        FAIL [   0.007s] ( 126/4202) openwepp::assurance_v2_publication_contract superseded_report_fails_closed
  stdout ───

    running 1 test
    test superseded_report_fails_closed ... FAILED

    failures:

    failures:
        superseded_report_fails_closed

    test result: FAILED. 0 passed; 1 failed; 0 ignored; 0 measured; 36 filtered out; finished in 0.00s

  stderr ───

    thread 'superseded_report_fails_closed' (820227) panicked at tests/integration/assurance_v2_publication_contract.rs:1752:68:
    called `Result::unwrap()` on an `Err` value: Drift("generated identity member changed: docs/specifications/science-contracts/contracts/SC-SNOWENERGY-001.md")
    note: run with `RUST_BACKTRACE=1` environment variable to display a backtrace

        FAIL [   0.006s] ( 127/4202) openwepp::assurance_v2_publication_contract synthetic_approved_fixture_publishes_idempotently_and_release_rejects_it
  stdout ───

    running 1 test
    test synthetic_approved_fixture_publishes_idempotently_and_release_rejects_it ... FAILED

    failures:

    failures:
        synthetic_approved_fixture_publishes_idempotently_and_release_rejects_it

    test result: FAILED. 0 passed; 1 failed; 0 ignored; 0 measured; 36 filtered out; finished in 0.00s

  stderr ───

    thread 'synthetic_approved_fixture_publishes_idempotently_and_release_rejects_it' (820232) panicked at tests/integration/assurance_v2_publication_contract.rs:1752:68:
    called `Result::unwrap()` on an `Err` value: Drift("generated identity member changed: docs/specifications/science-contracts/contracts/SC-SNOWENERGY-001.md")
    note: run with `RUST_BACKTRACE=1` environment variable to display a backtrace

        FAIL [   0.007s] ( 129/4202) openwepp::assurance_v2_publication_contract withdrawn_report_fails_closed
  stdout ───

    running 1 test
    test withdrawn_report_fails_closed ... FAILED

    failures:

    failures:
        withdrawn_report_fails_closed

    test result: FAILED. 0 passed; 1 failed; 0 ignored; 0 measured; 36 filtered out; finished in 0.00s

  stderr ───

    thread 'withdrawn_report_fails_closed' (820234) panicked at tests/integration/assurance_v2_publication_contract.rs:1752:68:
    called `Result::unwrap()` on an `Err` value: Drift("generated identity member changed: docs/specifications/science-contracts/contracts/SC-SNOWENERGY-001.md")
    note: run with `RUST_BACKTRACE=1` environment variable to display a backtrace

        FAIL [   0.006s] ( 131/4202) openwepp::assurance_v2_publication_contract wrong_principal_kind_fails_closed
  stdout ───

    running 1 test
    test wrong_principal_kind_fails_closed ... FAILED

    failures:

    failures:
        wrong_principal_kind_fails_closed

    test result: FAILED. 0 passed; 1 failed; 0 ignored; 0 measured; 36 filtered out; finished in 0.00s

  stderr ───

    thread 'wrong_principal_kind_fails_closed' (820238) panicked at tests/integration/assurance_v2_publication_contract.rs:1752:68:
    called `Result::unwrap()` on an `Err` value: Drift("generated identity member changed: docs/specifications/science-contracts/contracts/SC-SNOWENERGY-001.md")
    note: run with `RUST_BACKTRACE=1` environment variable to display a backtrace

        FAIL [   0.006s] ( 133/4202) openwepp::assurance_v2_publication_contract wrong_principal_role_fails_closed
  stdout ───

    running 1 test
    test wrong_principal_role_fails_closed ... FAILED

    failures:

    failures:
        wrong_principal_role_fails_closed

    test result: FAILED. 0 passed; 1 failed; 0 ignored; 0 measured; 36 filtered out; finished in 0.00s

  stderr ───

    thread 'wrong_principal_role_fails_closed' (820241) panicked at tests/integration/assurance_v2_publication_contract.rs:1752:68:
    called `Result::unwrap()` on an `Err` value: Drift("generated identity member changed: docs/specifications/science-contracts/contracts/SC-SNOWENERGY-001.md")
    note: run with `RUST_BACKTRACE=1` environment variable to display a backtrace

        FAIL [   0.006s] ( 134/4202) openwepp::assurance_v2_publication_contract wrong_principal_trust_domain_fails_closed
  stdout ───

    running 1 test
    test wrong_principal_trust_domain_fails_closed ... FAILED

    failures:

    failures:
        wrong_principal_trust_domain_fails_closed

    test result: FAILED. 0 passed; 1 failed; 0 ignored; 0 measured; 36 filtered out; finished in 0.00s

  stderr ───

    thread 'wrong_principal_trust_domain_fails_closed' (820247) panicked at tests/integration/assurance_v2_publication_contract.rs:1752:68:
    called `Result::unwrap()` on an `Err` value: Drift("generated identity member changed: docs/specifications/science-contracts/contracts/SC-SNOWENERGY-001.md")
    note: run with `RUST_BACKTRACE=1` environment variable to display a backtrace

        FAIL [   0.139s] ( 158/4202) openwepp::assurance_v2_source_contract real_source_and_cli_validate_named_and_all_deterministically
  stdout ───

    running 1 test
    test real_source_and_cli_validate_named_and_all_deterministically ... FAILED

    failures:

    failures:
        real_source_and_cli_validate_named_and_all_deterministically

    test result: FAILED. 0 passed; 1 failed; 0 ignored; 0 measured; 11 filtered out; finished in 0.13s

  stderr ───

    thread 'real_source_and_cli_validate_named_and_all_deterministically' (820187) panicked at tests/integration/assurance_v2_source_contract.rs:34:41:
    validate all sources: Invalid("SHA-256 mismatch for identified source 'docs/specifications/science-contracts/contracts/SC-SNOWENERGY-001.md'")
    note: run with `RUST_BACKTRACE=1` environment variable to display a backtrace

        FAIL [   0.608s] ( 169/4202) openwepp::assurance_v2_assembly_contract canopy_named_and_all_builds_are_byte_equivalent_and_complete
  stdout ───

    running 1 test
    test canopy_named_and_all_builds_are_byte_equivalent_and_complete ... FAILED

    failures:

    failures:
        canopy_named_and_all_builds_are_byte_equivalent_and_complete

    test result: FAILED. 0 passed; 1 failed; 0 ignored; 0 measured; 8 filtered out; finished in 0.60s

  stderr ───

    thread 'canopy_named_and_all_builds_are_byte_equivalent_and_complete' (819915) panicked at tests/integration/assurance_v2_assembly_contract.rs:101:10:
    build complete catalog: Invalid("report 'snow-and-frozen-soil-process-evaluation' is not current and cannot be assembled")
    note: run with `RUST_BACKTRACE=1` environment variable to display a backtrace

        FAIL [   0.057s] ( 172/4202) openwepp::c3_woody_v11_authority_contract typed_semantic_authority_reconstructs_receipts_restart_and_atomic_commit
  stdout ───

    running 1 test
    test typed_semantic_authority_reconstructs_receipts_restart_and_atomic_commit ... FAILED

    failures:

    failures:
        typed_semantic_authority_reconstructs_receipts_restart_and_atomic_commit

    test result: FAILED. 0 passed; 1 failed; 0 ignored; 0 measured; 7 filtered out; finished in 0.05s

  stderr ───

    thread 'typed_semantic_authority_reconstructs_receipts_restart_and_atomic_commit' (820340) panicked at tests/integration/c3_woody_v11_authority_contract.rs:269:5:
    full V10 surface binding drift

    note: run with `RUST_BACKTRACE=1` environment variable to display a backtrace

        FAIL [   0.350s] ( 223/4202) openwepp::cli01_runner_hillslope_integration cli01_contract_conformance_sidecar_policy_warns_on_unknown_discovery
  stdout ───

    running 1 test
    test cli01_contract_conformance_sidecar_policy_warns_on_unknown_discovery ... FAILED

    failures:

    failures:
        cli01_contract_conformance_sidecar_policy_warns_on_unknown_discovery

    test result: FAILED. 0 passed; 1 failed; 0 ignored; 0 measured; 3 filtered out; finished in 0.34s

  stderr ───

    thread 'cli01_contract_conformance_sidecar_policy_warns_on_unknown_discovery' (820446) panicked at tests/integration/cli01_runner_hillslope_integration.rs:77:10:
    compat policy should accept unknown sidecar with warning: RuntimeSurfaceFailure { surface: "r7c_direct_production_executor", detail: "HS-SIMPIPE-E-001 direct runtime kernel guard failed in snow_stage3_v11: prepare: V11 actual-consumer identity mismatch: pending V11 parent-finalization record source" }
    note: run with `RUST_BACKTRACE=1` environment variable to display a backtrace

        FAIL [   0.429s] ( 226/4202) openwepp::cli01_runner_hillslope_integration cli01_contract_conformance_hillslope_run_emits_required_outputs_and_manifest
  stdout ───

    running 1 test
    test cli01_contract_conformance_hillslope_run_emits_required_outputs_and_manifest ... FAILED

    failures:

    failures:
        cli01_contract_conformance_hillslope_run_emits_required_outputs_and_manifest

    test result: FAILED. 0 passed; 1 failed; 0 ignored; 0 measured; 3 filtered out; finished in 0.42s

  stderr ───

    thread 'cli01_contract_conformance_hillslope_run_emits_required_outputs_and_manifest' (820414) panicked at tests/integration/cli01_runner_hillslope_integration.rs:49:6:
    compat CLI01 run fixture should complete: RuntimeSurfaceFailure { surface: "r7c_direct_production_executor", detail: "HS-SIMPIPE-E-001 direct runtime kernel guard failed in snow_stage3_v11: prepare: V11 actual-consumer identity mismatch: pending V11 parent-finalization record source" }
    note: run with `RUST_BACKTRACE=1` environment variable to display a backtrace

        FAIL [   0.297s] ( 227/4202) openwepp::cli03_runner_contract_derived_tests cli03_fixture_run_publishes_retired_wb16_ealpha_provenance
  stdout ───

    running 1 test
    test cli03_fixture_run_publishes_retired_wb16_ealpha_provenance ... FAILED

    failures:

    failures:
        cli03_fixture_run_publishes_retired_wb16_ealpha_provenance

    test result: FAILED. 0 passed; 1 failed; 0 ignored; 0 measured; 24 filtered out; finished in 0.29s

  stderr ───

    thread 'cli03_fixture_run_publishes_retired_wb16_ealpha_provenance' (820469) panicked at tests/integration/cli03_runner_contract_derived_tests.rs:474:14:
    fixture run should succeed: RuntimeSurfaceFailure { surface: "r7c_direct_production_executor", detail: "HS-SIMPIPE-E-001 direct runtime kernel guard failed in snow_stage3_v11: prepare: V11 actual-consumer identity mismatch: pending V11 parent-finalization record source" }
    note: run with `RUST_BACKTRACE=1` environment variable to display a backtrace

        FAIL [   0.326s] ( 229/4202) openwepp::cli03_runner_contract_derived_tests cli03_fixture_run_emits_required_and_configured_optional_outputs_with_manifest_checksums
  stdout ───

    running 1 test
    test cli03_fixture_run_emits_required_and_configured_optional_outputs_with_manifest_checksums ... FAILED

    failures:

    failures:
        cli03_fixture_run_emits_required_and_configured_optional_outputs_with_manifest_checksums

    test result: FAILED. 0 passed; 1 failed; 0 ignored; 0 measured; 24 filtered out; finished in 0.32s

  stderr ───

    thread 'cli03_fixture_run_emits_required_and_configured_optional_outputs_with_manifest_checksums' (820467) panicked at tests/integration/cli03_runner_contract_derived_tests.rs:423:14:
    fixture run should succeed: RuntimeSurfaceFailure { surface: "r7c_direct_production_executor", detail: "HS-SIMPIPE-E-001 direct runtime kernel guard failed in snow_stage3_v11: prepare: V11 actual-consumer identity mismatch: pending V11 parent-finalization record source" }
    note: run with `RUST_BACKTRACE=1` environment variable to display a backtrace

        FAIL [   0.383s] ( 230/4202) openwepp::cli03_runner_contract_derived_tests cli03_legacy_sidecar_discovery_mode_uses_legacy_sidecars_and_ignores_runfile_overrides
  stdout ───

    running 1 test
    test cli03_legacy_sidecar_discovery_mode_uses_legacy_sidecars_and_ignores_runfile_overrides ... FAILED

    failures:

    failures:
        cli03_legacy_sidecar_discovery_mode_uses_legacy_sidecars_and_ignores_runfile_overrides

    test result: FAILED. 0 passed; 1 failed; 0 ignored; 0 measured; 24 filtered out; finished in 0.38s

  stderr ───

    thread 'cli03_legacy_sidecar_discovery_mode_uses_legacy_sidecars_and_ignores_runfile_overrides' (820473) panicked at tests/integration/cli03_runner_contract_derived_tests.rs:535:14:
    legacy discovery run should succeed: RuntimeSurfaceFailure { surface: "r7c_direct_production_executor", detail: "HS-SIMPIPE-E-001 direct runtime kernel guard failed in snow_stage3_v11: prepare: V11 actual-consumer identity mismatch: pending V11 parent-finalization record source" }
    note: run with `RUST_BACKTRACE=1` environment variable to display a backtrace

        FAIL [   2.646s] ( 235/4202) openwepp::assurance_v2_normalization_contract current_report_is_american_english_and_check_is_read_only
  stdout ───

    running 1 test
    test current_report_is_american_english_and_check_is_read_only ... FAILED

    failures:

    failures:
        current_report_is_american_english_and_check_is_read_only

    test result: FAILED. 0 passed; 1 failed; 0 ignored; 0 measured; 4 filtered out; finished in 2.64s

  stderr ───

    thread 'current_report_is_american_english_and_check_is_read_only' (820105) panicked at tests/integration/assurance_v2_normalization_contract.rs:28:10:
    current production DRAFT is normalized: Drift("generated identity member changed: docs/specifications/science-contracts/contracts/SC-SNOWENERGY-001.md")
    note: run with `RUST_BACKTRACE=1` environment variable to display a backtrace

        FAIL [   3.905s] ( 241/4202) openwepp::cli03_runner_contract_derived_tests cli03_mf_multiofe_publication_emits_public_per_ofe_wat_rows
  stdout ───

    running 1 test
    test cli03_mf_multiofe_publication_emits_public_per_ofe_wat_rows ... FAILED

    failures:

    failures:
        cli03_mf_multiofe_publication_emits_public_per_ofe_wat_rows

    test result: FAILED. 0 passed; 1 failed; 0 ignored; 0 measured; 24 filtered out; finished in 3.90s

  stderr ───

    thread 'cli03_mf_multiofe_publication_emits_public_per_ofe_wat_rows' (820475) panicked at tests/integration/cli03_runner_contract_derived_tests.rs:891:6:
    aligned multi-OFE fixture should execute: RuntimeSurfaceFailure { surface: "r7c_direct_production_executor", detail: "HS-SIMPIPE-E-001 direct runtime kernel guard failed in snow_stage3_v11: prepare: Stage-3/V11 adaptive terminal direct trial failure at 1800000000000..1860000000000 ns (60000000000 ns): VEG-E-123: imported V10 segment execution failed: V11 adaptive candidate requires refinement: canonical covered dependent-output instability" }
    note: run with `RUST_BACKTRACE=1` environment variable to display a backtrace

        FAIL [   3.729s] ( 242/4202) openwepp::cli03_runner_contract_derived_tests cli03_mofe03_no_till_multiofe_runfile_executes_wave1_chain
  stdout ───

    running 1 test
    test cli03_mofe03_no_till_multiofe_runfile_executes_wave1_chain ... FAILED

    failures:

    failures:
        cli03_mofe03_no_till_multiofe_runfile_executes_wave1_chain

    test result: FAILED. 0 passed; 1 failed; 0 ignored; 0 measured; 24 filtered out; finished in 3.72s

  stderr ───

    thread 'cli03_mofe03_no_till_multiofe_runfile_executes_wave1_chain' (820521) panicked at tests/integration/cli03_runner_contract_derived_tests.rs:789:6:
    no-till multi-OFE fixture should execute through the Wave-1 chain: RuntimeSurfaceFailure { surface: "r7c_direct_production_executor", detail: "HS-SIMPIPE-E-001 direct runtime kernel guard failed in snow_stage3_v11: prepare: Stage-3/V11 adaptive terminal direct trial failure at 1800000000000..1860000000000 ns (60000000000 ns): VEG-E-123: imported V10 segment execution failed: V11 adaptive candidate requires refinement: canonical covered dependent-output instability" }
    note: run with `RUST_BACKTRACE=1` environment variable to display a backtrace

        FAIL [   0.251s] ( 243/4202) openwepp::cli03_runner_contract_derived_tests cli03_mofe03_single_ofe_policy_disables_wave2_by_default
  stdout ───

    running 1 test
    test cli03_mofe03_single_ofe_policy_disables_wave2_by_default ... FAILED

    failures:

    failures:
        cli03_mofe03_single_ofe_policy_disables_wave2_by_default

    test result: FAILED. 0 passed; 1 failed; 0 ignored; 0 measured; 24 filtered out; finished in 0.25s

  stderr ───

    thread 'cli03_mofe03_single_ofe_policy_disables_wave2_by_default' (820581) panicked at tests/integration/cli03_runner_contract_derived_tests.rs:840:6:
    single-OFE baseline fixture should execute: RuntimeSurfaceFailure { surface: "r7c_direct_production_executor", detail: "HS-SIMPIPE-E-001 direct runtime kernel guard failed in snow_stage3_v11: prepare: V11 actual-consumer identity mismatch: pending V11 parent-finalization record source" }
    note: run with `RUST_BACKTRACE=1` environment variable to display a backtrace

        FAIL [   0.250s] ( 244/4202) openwepp::cli03_runner_contract_derived_tests cli03_mofe04_single_ofe_publication_reports_single_contributor_policy
  stdout ───

    running 1 test
    test cli03_mofe04_single_ofe_publication_reports_single_contributor_policy ... FAILED

    failures:

    failures:
        cli03_mofe04_single_ofe_publication_reports_single_contributor_policy

    test result: FAILED. 0 passed; 1 failed; 0 ignored; 0 measured; 24 filtered out; finished in 0.24s

  stderr ───

    thread 'cli03_mofe04_single_ofe_publication_reports_single_contributor_policy' (820585) panicked at tests/integration/cli03_runner_contract_derived_tests.rs:1158:6:
    single-OFE fixture should execute: RuntimeSurfaceFailure { surface: "r7c_direct_production_executor", detail: "HS-SIMPIPE-E-001 direct runtime kernel guard failed in snow_stage3_v11: prepare: V11 actual-consumer identity mismatch: pending V11 parent-finalization record source" }
    note: run with `RUST_BACKTRACE=1` environment variable to display a backtrace

        FAIL [   0.227s] ( 251/4202) openwepp::cli03_runner_contract_derived_tests cli03_runtime_accepts_finite_daily_temperature_inversion_records
  stdout ───

    running 1 test
    test cli03_runtime_accepts_finite_daily_temperature_inversion_records ... FAILED

    failures:

    failures:
        cli03_runtime_accepts_finite_daily_temperature_inversion_records

    test result: FAILED. 0 passed; 1 failed; 0 ignored; 0 measured; 24 filtered out; finished in 0.22s

  stderr ───

    thread 'cli03_runtime_accepts_finite_daily_temperature_inversion_records' (820597) panicked at tests/integration/cli03_runner_contract_derived_tests.rs:1232:6:
    finite tmax<tmin climate records should remain compatibility-valid: RuntimeSurfaceFailure { surface: "r7c_direct_production_executor", detail: "HS-SIMPIPE-E-001 direct runtime kernel guard failed in snow_stage3_v11: prepare: V11 actual-consumer identity mismatch: pending V11 parent-finalization record source" }
    note: run with `RUST_BACKTRACE=1` environment variable to display a backtrace

        FAIL [   0.287s] ( 257/4202) openwepp::cli04_runner_wat_parquet_contract_derived_tests cli04_fixture_run_emits_valid_wat_parquet_with_required_metadata_keys
  stdout ───

    running 1 test
    test cli04_fixture_run_emits_valid_wat_parquet_with_required_metadata_keys ... FAILED

    failures:

    failures:
        cli04_fixture_run_emits_valid_wat_parquet_with_required_metadata_keys

    test result: FAILED. 0 passed; 1 failed; 0 ignored; 0 measured; 1 filtered out; finished in 0.28s

  stderr ───

    thread 'cli04_fixture_run_emits_valid_wat_parquet_with_required_metadata_keys' (820619) panicked at tests/integration/cli04_runner_wat_parquet_contract_derived_tests.rs:69:10:
    fixture run should succeed: RuntimeSurfaceFailure { surface: "r7c_direct_production_executor", detail: "HS-SIMPIPE-E-001 direct runtime kernel guard failed in snow_stage3_v11: prepare: V11 actual-consumer identity mismatch: pending V11 parent-finalization record source" }
    note: run with `RUST_BACKTRACE=1` environment variable to display a backtrace

        FAIL [   3.012s] ( 259/4202) openwepp::cli03_runner_contract_derived_tests cli03_mofe03_tilled_multiofe_run_does_not_claim_the_wave1_chain
  stdout ───

    running 1 test
    test cli03_mofe03_tilled_multiofe_run_does_not_claim_the_wave1_chain ... FAILED

    failures:

    failures:
        cli03_mofe03_tilled_multiofe_run_does_not_claim_the_wave1_chain

    test result: FAILED. 0 passed; 1 failed; 0 ignored; 0 measured; 24 filtered out; finished in 3.01s

  stderr ───

    thread 'cli03_mofe03_tilled_multiofe_run_does_not_claim_the_wave1_chain' (820583) panicked at tests/integration/cli03_runner_contract_derived_tests.rs:724:6:
    aligned multi-OFE fixture should execute through the Wave-1 chain: RuntimeSurfaceFailure { surface: "r7c_direct_production_executor", detail: "HS-SIMPIPE-E-001 direct runtime kernel guard failed in snow_stage3_v11: prepare: Stage-3/V11 adaptive terminal direct trial failure at 1800000000000..1860000000000 ns (60000000000 ns): VEG-E-123: imported V10 segment execution failed: V11 adaptive candidate requires refinement: canonical covered dependent-output instability" }
    note: run with `RUST_BACKTRACE=1` environment variable to display a backtrace

        FAIL [   0.455s] ( 392/4202) openwepp::hphys0209_profilewp_adjudication_contract hphys0209_wp_authority_perturbation_changes_profile_wp_without_profile_geometry_regression
  stdout ───

    running 1 test
    test hphys0209_wp_authority_perturbation_changes_profile_wp_without_profile_geometry_regression ... FAILED

    failures:

    failures:
        hphys0209_wp_authority_perturbation_changes_profile_wp_without_profile_geometry_regression

    test result: FAILED. 0 passed; 1 failed; 0 ignored; 0 measured; 1 filtered out; finished in 0.44s

  stderr ───

    thread 'hphys0209_wp_authority_perturbation_changes_profile_wp_without_profile_geometry_regression' (917593) panicked at tests/integration/hphys0209_profilewp_adjudication_contract.rs:119:6:
    fixture run should execute: RuntimeSurfaceFailure { surface: "r7c_direct_production_executor", detail: "HS-SIMPIPE-E-001 direct runtime kernel guard failed in snow_stage3_v11: prepare: V11 actual-consumer identity mismatch: pending V11 parent-finalization record source" }
    note: run with `RUST_BACKTRACE=1` environment variable to display a backtrace

        FAIL [   0.577s] ( 506/4202) openwepp::hphys0208_fc_threshold_coupled_residual_contract hphys0208_sat_perturbation_changes_coupled_wb13_publications
  stdout ───

    running 1 test
    test hphys0208_sat_perturbation_changes_coupled_wb13_publications ... FAILED

    failures:

    failures:
        hphys0208_sat_perturbation_changes_coupled_wb13_publications

    test result: FAILED. 0 passed; 1 failed; 0 ignored; 0 measured; 1 filtered out; finished in 0.57s

  stderr ───

    thread 'hphys0208_sat_perturbation_changes_coupled_wb13_publications' (917591) panicked at tests/integration/hphys0208_fc_threshold_coupled_residual_contract.rs:137:6:
    fixture run should execute: RuntimeSurfaceFailure { surface: "r7c_direct_production_executor", detail: "HS-SIMPIPE-E-001 direct runtime kernel guard failed in snow_stage3_v11: prepare: V11 actual-consumer identity mismatch: pending V11 parent-finalization record source" }
    note: run with `RUST_BACKTRACE=1` environment variable to display a backtrace

        FAIL [   0.006s] ( 847/4202) openwepp::land_surface_energy_balance_authority_contract revision_31_component_temperature_dependency_replay_structural_seam_is_expected_red
  stdout ───

    running 1 test
    test revision_31_component_temperature_dependency_replay_structural_seam_is_expected_red ... FAILED

    failures:

    failures:
        revision_31_component_temperature_dependency_replay_structural_seam_is_expected_red

    test result: FAILED. 0 passed; 1 failed; 0 ignored; 0 measured; 25 filtered out; finished in 0.00s

  stderr ───

    thread 'revision_31_component_temperature_dependency_replay_structural_seam_is_expected_red' (918738) panicked at tests/integration/land_surface_energy_balance_authority_contract.rs:892:5:
    revision 31 expected-red: production dependency-replay seam is absent: ["struct CoveredComponentTemperatureDependencyGraph", "struct ValidatedCoveredComponentReplaySweepBase", "struct ValidatedCoveredComponentProbeReplay", "struct CoveredComponentDependencyReplayAudit", "fn covered_component_temperature_probe_residuals", "fn begin_covered_component_dependency_replay_audit", "fn take_covered_component_dependency_replay_audit"]
    note: run with `RUST_BACKTRACE=1` environment variable to display a backtrace

        FAIL [   0.007s] ( 885/4202) openwepp::laned_shadow_h2637 h2637_default_malformed_routing_coefficients_fails_closed
  stdout ───

    running 1 test
    test h2637_default_malformed_routing_coefficients_fails_closed ... FAILED

    failures:

    failures:
        h2637_default_malformed_routing_coefficients_fails_closed

    test result: FAILED. 0 passed; 1 failed; 0 ignored; 0 measured; 10 filtered out; finished in 0.00s

  stderr ───

    thread 'h2637_default_malformed_routing_coefficients_fails_closed' (918821) panicked at tests/integration/laned_shadow_h2637.rs:40:69:
    fixture copy: Error { kind: InvalidInput, message: "the source path is neither a regular file nor a symlink to a regular file" }
    note: run with `RUST_BACKTRACE=1` environment variable to display a backtrace

        FAIL [   0.007s] ( 886/4202) openwepp::laned_shadow_h2637 h2637_default_mixed_routing_coefficients_fails_closed
  stdout ───

    running 1 test
    test h2637_default_mixed_routing_coefficients_fails_closed ... FAILED

    failures:

    failures:
        h2637_default_mixed_routing_coefficients_fails_closed

    test result: FAILED. 0 passed; 1 failed; 0 ignored; 0 measured; 10 filtered out; finished in 0.00s

  stderr ───

    thread 'h2637_default_mixed_routing_coefficients_fails_closed' (918822) panicked at tests/integration/laned_shadow_h2637.rs:40:69:
    fixture copy: Error { kind: InvalidInput, message: "the source path is neither a regular file nor a symlink to a regular file" }
    note: run with `RUST_BACKTRACE=1` environment variable to display a backtrace

        FAIL [   0.020s] ( 911/4202) openwepp::paradigm2_stage0_surface_energy_balance_contract production_runtime_sources_only_wire_stage0_flux_primitives_through_stage3_opt_in
  stdout ───

    running 1 test
    test production_runtime_sources_only_wire_stage0_flux_primitives_through_stage3_opt_in ... FAILED

    failures:

    failures:
        production_runtime_sources_only_wire_stage0_flux_primitives_through_stage3_opt_in

    test result: FAILED. 0 passed; 1 failed; 0 ignored; 0 measured; 3 filtered out; finished in 0.01s

  stderr ───

    thread 'production_runtime_sources_only_wire_stage0_flux_primitives_through_stage3_opt_in' (918914) panicked at tests/integration/paradigm2_stage0_surface_energy_balance_contract.rs:203:5:
    Stage 0 surface-energy primitives must remain unwired outside the Stage 3 opt-in boundary:
    /workdir/openWEPP/crates/openwepp-hillslope-orchestrator/src/v11_covered/carrier_phase/snow_boundary.rs contains openwepp_meteorology::surface_energy
    note: run with `RUST_BACKTRACE=1` environment variable to display a backtrace

        FAIL [   0.185s] ( 998/4202) openwepp::pl14s_tier_a_candidate_emission_and_replay_contract simimpl18_contract_requires_cold_day_partition_zero_rm_and_runtime_snow_storage
  stdout ───

    running 1 test
    test simimpl18_contract_requires_cold_day_partition_zero_rm_and_runtime_snow_storage ... FAILED

    failures:

    failures:
        simimpl18_contract_requires_cold_day_partition_zero_rm_and_runtime_snow_storage

    test result: FAILED. 0 passed; 1 failed; 0 ignored; 0 measured; 7 filtered out; finished in 0.18s

  stderr ───

    thread 'simimpl18_contract_requires_cold_day_partition_zero_rm_and_runtime_snow_storage' (919008) panicked at tests/integration/pl14s_tier_a_candidate_emission_and_replay_contract.rs:403:6:
    simimpl18 fixture run should execute: RuntimeSurfaceFailure { surface: "r7c_direct_production_executor", detail: "HS-SIMPIPE-E-001 direct runtime kernel guard failed in snow_stage3_v11: prepare: Stage-3/V11 adaptive covered direct trial failure at 0..1800000000000 ns (1800000000000 ns): VEG-E-123: imported V10 segment execution failed: HKERNEL-WB14-RUNOFF-E-003: phase class hydrology_runoff_reconciliation snow Stage 3 conductivity evaluation failed: pressure_pa must be > 0; received 0; layer_index=0, layer_mass_swe_m=0.0010409053990790816, layer_thickness_m=0.010409053990790815, layer_density_kg_m3=100, layer_temperature_c=-265.9260957685787, layer_cold_content_j_m2=581288.2085672223, control_volume_temperature_c=-265.9260957685787, atmospheric_pressure_pa=90024.61995703662, control_volume_layers=[DirectSnowLayerState { mass_swe_m: 0.0010409053990790816, thickness_m: 0.010409053990790815, density_kg_m3: 100.0, settle_day_count: 0.0, temperature_c: -265.9260957685787, liquid_water_m: 0.0, cold_content_j_m2: 581288.2085672223, refrozen_liquid_m: 2.689128844478797e-14 }]" }
    note: run with `RUST_BACKTRACE=1` environment variable to display a backtrace

        FAIL [   0.184s] (1000/4202) openwepp::pl14s_tier_a_candidate_emission_and_replay_contract simimpl18_contract_requires_multi_day_storage_state_mutation
  stdout ───

    running 1 test
    test simimpl18_contract_requires_multi_day_storage_state_mutation ... FAILED

    failures:

    failures:
        simimpl18_contract_requires_multi_day_storage_state_mutation

    test result: FAILED. 0 passed; 1 failed; 0 ignored; 0 measured; 7 filtered out; finished in 0.18s

  stderr ───

    thread 'simimpl18_contract_requires_multi_day_storage_state_mutation' (919011) panicked at tests/integration/pl14s_tier_a_candidate_emission_and_replay_contract.rs:403:6:
    simimpl18 fixture run should execute: RuntimeSurfaceFailure { surface: "r7c_direct_production_executor", detail: "HS-SIMPIPE-E-001 direct runtime kernel guard failed in snow_stage3_v11: prepare: Stage-3/V11 adaptive covered direct trial failure at 0..1800000000000 ns (1800000000000 ns): VEG-E-123: imported V10 segment execution failed: HKERNEL-WB14-RUNOFF-E-003: phase class hydrology_runoff_reconciliation snow Stage 3 conductivity evaluation failed: pressure_pa must be > 0; received 0; layer_index=0, layer_mass_swe_m=0.0010409053990790816, layer_thickness_m=0.010409053990790815, layer_density_kg_m3=100, layer_temperature_c=-265.9260957685787, layer_cold_content_j_m2=581288.2085672223, control_volume_temperature_c=-265.9260957685787, atmospheric_pressure_pa=90024.61995703662, control_volume_layers=[DirectSnowLayerState { mass_swe_m: 0.0010409053990790816, thickness_m: 0.010409053990790815, density_kg_m3: 100.0, settle_day_count: 0.0, temperature_c: -265.9260957685787, liquid_water_m: 0.0, cold_content_j_m2: 581288.2085672223, refrozen_liquid_m: 2.689128844478797e-14 }]" }
    note: run with `RUST_BACKTRACE=1` environment variable to display a backtrace

        FAIL [   0.010s] (1041/4202) openwepp::snow_free_half_hour_forcing_adapter_contract closure_eligible_v10_api_has_no_raw_or_defaulted_execution_escape
  stdout ───

    running 1 test
    test closure_eligible_v10_api_has_no_raw_or_defaulted_execution_escape ... FAILED

    failures:

    failures:
        closure_eligible_v10_api_has_no_raw_or_defaulted_execution_escape

    test result: FAILED. 0 passed; 1 failed; 0 ignored; 0 measured; 6 filtered out; finished in 0.00s

  stderr ───

    thread 'closure_eligible_v10_api_has_no_raw_or_defaulted_execution_escape' (919204) panicked at tests/integration/snow_free_half_hour_forcing_adapter_contract.rs:35:10:
    following V9 implementation
    note: run with `RUST_BACKTRACE=1` environment variable to display a backtrace

        FAIL [   0.008s] (1064/4202) openwepp::snow_stage3_adaptive_compositional_contract successor_contracts_bind_one_adaptive_model_and_preserve_rejected_history
  stdout ───

    running 1 test
    test successor_contracts_bind_one_adaptive_model_and_preserve_rejected_history ... FAILED

    failures:

    failures:
        successor_contracts_bind_one_adaptive_model_and_preserve_rejected_history

    test result: FAILED. 0 passed; 1 failed; 0 ignored; 0 measured; 3 filtered out; finished in 0.00s

  stderr ───

    thread 'successor_contracts_bind_one_adaptive_model_and_preserve_rejected_history' (919247) panicked at tests/integration/snow_stage3_adaptive_compositional_contract.rs:102:9:
    docs/specifications/science-contracts/contracts/SC-SNOWENERGY-001.md missing contract_version: 58
    note: run with `RUST_BACKTRACE=1` environment variable to display a backtrace

        FAIL [   0.007s] (1082/4202) openwepp::snow_stage3_shared_carrier_authority_contract current_snow_energy_preserves_v22_physical_custody_and_v17_precipitation
  stdout ───

    running 1 test
    test current_snow_energy_preserves_v22_physical_custody_and_v17_precipitation ... FAILED

    failures:

    failures:
        current_snow_energy_preserves_v22_physical_custody_and_v17_precipitation

    test result: FAILED. 0 passed; 1 failed; 0 ignored; 0 measured; 5 filtered out; finished in 0.00s

  stderr ───

    thread 'current_snow_energy_preserves_v22_physical_custody_and_v17_precipitation' (919286) panicked at tests/integration/snow_stage3_shared_carrier_authority_contract.rs:200:9:
    missing in-review v17 precipitation authority: contract_version: 58
    note: run with `RUST_BACKTRACE=1` environment variable to display a backtrace

        FAIL [   0.007s] (1098/4202) openwepp::snow_stage3_terminal_receiver_authority_contract all_owner_failure_rolls_back_and_index_records_lifecycle
  stdout ───

    running 1 test
    test all_owner_failure_rolls_back_and_index_records_lifecycle ... FAILED

    failures:

    failures:
        all_owner_failure_rolls_back_and_index_records_lifecycle

    test result: FAILED. 0 passed; 1 failed; 0 ignored; 0 measured; 8 filtered out; finished in 0.00s

  stderr ───

    thread 'all_owner_failure_rolls_back_and_index_records_lifecycle' (919337) panicked at tests/integration/snow_stage3_terminal_receiver_authority_contract.rs:154:9:
    docs/specifications/science-contracts/index.md missing non-versioned ADR-0044 amendments bind one canonical covered solver
    note: run with `RUST_BACKTRACE=1` environment variable to display a backtrace

        FAIL [   0.006s] (1118/4202) openwepp::snow_stage3_turbulent_operator_reconciliation_contract v130_retains_production_and_claim_holds
  stdout ───

    running 1 test
    test v130_retains_production_and_claim_holds ... FAILED

    failures:

    failures:
        v130_retains_production_and_claim_holds

    test result: FAILED. 0 passed; 1 failed; 0 ignored; 0 measured; 10 filtered out; finished in 0.00s

  stderr ───

    thread 'v130_retains_production_and_claim_holds' (919373) panicked at tests/integration/snow_stage3_turbulent_operator_reconciliation_contract.rs:306:9:
    docs/specifications/science-contracts/index.md missing non-versioned ADR-0044 amendments bind one canonical covered solver
    note: run with `RUST_BACKTRACE=1` environment variable to display a backtrace

        FAIL [   0.006s] (1121/4202) openwepp::snow_stage3_turbulent_operator_reconciliation_contract v131_retains_fail_closed_authority_gaps_and_protected_boundaries
  stdout ───

    running 1 test
    test v131_retains_fail_closed_authority_gaps_and_protected_boundaries ... FAILED

    failures:

    failures:
        v131_retains_fail_closed_authority_gaps_and_protected_boundaries

    test result: FAILED. 0 passed; 1 failed; 0 ignored; 0 measured; 10 filtered out; finished in 0.00s

  stderr ───

    thread 'v131_retains_fail_closed_authority_gaps_and_protected_boundaries' (919382) panicked at tests/integration/snow_stage3_turbulent_operator_reconciliation_contract.rs:739:5:
    assertion failed: index.contains("non-versioned ADR-0044 amendments bind one canonical covered solver")
    note: run with `RUST_BACKTRACE=1` environment variable to display a backtrace

        FAIL [   0.010s] (1122/4202) openwepp::snow_stage3_turbulent_operator_reconciliation_contract v131_binds_raw_opportunity_separately_from_bounded_transfer
  stdout ───

    running 1 test
    test v131_binds_raw_opportunity_separately_from_bounded_transfer ... FAILED

    failures:

    failures:
        v131_binds_raw_opportunity_separately_from_bounded_transfer

    test result: FAILED. 0 passed; 1 failed; 0 ignored; 0 measured; 10 filtered out; finished in 0.00s

  stderr ───

    thread 'v131_binds_raw_opportunity_separately_from_bounded_transfer' (919374) panicked at tests/integration/snow_stage3_turbulent_operator_reconciliation_contract.rs:596:9:
    docs/specifications/science-contracts/contracts/SC-SNOWENERGY-001.md missing contract_version: 58
    note: run with `RUST_BACKTRACE=1` environment variable to display a backtrace

        FAIL [   0.006s] (1127/4202) openwepp::snow_stage3_wind_source_custody_contract v11_v134_separate_source_adjusted_and_virtual_wind
  stdout ───

    running 1 test
    test v11_v134_separate_source_adjusted_and_virtual_wind ... FAILED

    failures:

    failures:
        v11_v134_separate_source_adjusted_and_virtual_wind

    test result: FAILED. 0 passed; 1 failed; 0 ignored; 0 measured; 2 filtered out; finished in 0.00s

  stderr ───

    thread 'v11_v134_separate_source_adjusted_and_virtual_wind' (919389) panicked at tests/integration/snow_stage3_wind_source_custody_contract.rs:31:9:
    docs/specifications/science-contracts/contracts/SC-SNOWENERGY-001.md missing contract_version: 58
    note: run with `RUST_BACKTRACE=1` environment variable to display a backtrace

        FAIL [   0.005s] (1134/4202) openwepp::snow_surface_eb03_contract eb03_contract_binds_provider_selectors_and_exact_one_exchange
  stdout ───

    running 1 test
    test eb03_contract_binds_provider_selectors_and_exact_one_exchange ... FAILED

    failures:

    failures:
        eb03_contract_binds_provider_selectors_and_exact_one_exchange

    test result: FAILED. 0 passed; 1 failed; 0 ignored; 0 measured; 10 filtered out; finished in 0.00s

  stderr ───

    thread 'eb03_contract_binds_provider_selectors_and_exact_one_exchange' (919402) panicked at tests/integration/snow_surface_eb03_contract.rs:59:9:
    docs/specifications/science-contracts/contracts/SC-SNOWENERGY-001.md missing contract_version: 58
    note: run with `RUST_BACKTRACE=1` environment variable to display a backtrace

        FAIL [   0.006s] (1159/4202) openwepp::snow_terminal_enthalpy_event_numerics_contract revision_61_structural_production_seam_is_expected_red
  stdout ───

    running 1 test
    test revision_61_structural_production_seam_is_expected_red ... FAILED

    failures:

    failures:
        revision_61_structural_production_seam_is_expected_red

    test result: FAILED. 0 passed; 1 failed; 0 ignored; 0 measured; 62 filtered out; finished in 0.00s

  stderr ───

    thread 'revision_61_structural_production_seam_is_expected_red' (919458) panicked at tests/integration/snow_terminal_enthalpy_event_numerics_contract.rs:177:9:
    missing revision-61 production seam FeedForwardTerminalCarrierRequestV1
    note: run with `RUST_BACKTRACE=1` environment variable to display a backtrace

        FAIL [   0.005s] (1277/4202) openwepp::solver_architecture_authority_contract stage3_chain_is_quarantined_for_replacement_not_accepted_as_architecture
  stdout ───

    running 1 test
    test stage3_chain_is_quarantined_for_replacement_not_accepted_as_architecture ... FAILED

    failures:

    failures:
        stage3_chain_is_quarantined_for_replacement_not_accepted_as_architecture

    test result: FAILED. 0 passed; 1 failed; 0 ignored; 0 measured; 4 filtered out; finished in 0.00s

  stderr ───

    thread 'stage3_chain_is_quarantined_for_replacement_not_accepted_as_architecture' (919701) panicked at tests/integration/solver_architecture_authority_contract.rs:109:5:
    assertion failed: roadmap.contains("0044-prohibit-accretive-production-solver-dispatch.md")
    note: run with `RUST_BACKTRACE=1` environment variable to display a backtrace

        FAIL [   0.007s] (1280/4202) openwepp::stage3_native_vegetation_laned_throughput_recovery canonical_covered_pending_adjudication_is_contract_bound
  stdout ───

    running 1 test
    test canonical_covered_pending_adjudication_is_contract_bound ... FAILED

    failures:

    failures:
        canonical_covered_pending_adjudication_is_contract_bound

    test result: FAILED. 0 passed; 1 failed; 0 ignored; 0 measured; 22 filtered out; finished in 0.00s

  stderr ───

    thread 'canonical_covered_pending_adjudication_is_contract_bound' (919713) panicked at tests/integration/stage3_native_vegetation_laned_throughput_recovery.rs:1358:13:
    docs/specifications/science-contracts/contracts/SC-SNOWENERGY-001.md missing contract_version: 60
    note: run with `RUST_BACKTRACE=1` environment variable to display a backtrace

        FAIL [   0.006s] (1282/4202) openwepp::stage3_native_vegetation_laned_throughput_recovery coupled_slab_acceptance_consumes_one_private_revision_proof
  stdout ───

    running 1 test
    test coupled_slab_acceptance_consumes_one_private_revision_proof ... FAILED

    failures:

    failures:
        coupled_slab_acceptance_consumes_one_private_revision_proof

    test result: FAILED. 0 passed; 1 failed; 0 ignored; 0 measured; 22 filtered out; finished in 0.00s

  stderr ───

    thread 'coupled_slab_acceptance_consumes_one_private_revision_proof' (919715) panicked at tests/integration/stage3_native_vegetation_laned_throughput_recovery.rs:189:5:
    assertion failed: contract.contains("contract_version: 16")
    note: run with `RUST_BACKTRACE=1` environment variable to display a backtrace

        FAIL [   0.004s] (1289/4202) openwepp::stage3_native_vegetation_laned_throughput_recovery native_inactive_wb14_prefix_transition_is_contract_bound_and_production_reachable
  stdout ───

    running 1 test
    test native_inactive_wb14_prefix_transition_is_contract_bound_and_production_reachable ... FAILED

    failures:

    failures:
        native_inactive_wb14_prefix_transition_is_contract_bound_and_production_reachable

    test result: FAILED. 0 passed; 1 failed; 0 ignored; 0 measured; 22 filtered out; finished in 0.00s

  stderr ───

    thread 'native_inactive_wb14_prefix_transition_is_contract_bound_and_production_reachable' (919732) panicked at tests/integration/stage3_native_vegetation_laned_throughput_recovery.rs:1289:13:
    docs/specifications/science-contracts/contracts/SC-COUPLEDTIME-001.md missing contract_version: 16
    note: run with `RUST_BACKTRACE=1` environment variable to display a backtrace

        FAIL [   0.005s] (1294/4202) openwepp::stage3_native_vegetation_laned_throughput_recovery stage3_lane_d_qualification_reads_canonical_manifest_provenance
  stdout ───

    running 1 test
    test stage3_lane_d_qualification_reads_canonical_manifest_provenance ... FAILED

    failures:

    failures:
        stage3_lane_d_qualification_reads_canonical_manifest_provenance

    test result: FAILED. 0 passed; 1 failed; 0 ignored; 0 measured; 22 filtered out; finished in 0.00s

  stderr ───

    thread 'stage3_lane_d_qualification_reads_canonical_manifest_provenance' (919741) panicked at tests/integration/stage3_native_vegetation_laned_throughput_recovery.rs:936:5:
    assertion `left == right` failed: every Lane-D qualification manifest read must use canonical execution provenance
      left: 3
     right: 4
    note: run with `RUST_BACKTRACE=1` environment variable to display a backtrace

        FAIL [   0.004s] (1324/4202) openwepp::surface_liquid_hydrology_custody_authority_contract contract_binds_existing_lse_identity_and_restart_bytes
  stdout ───

    running 1 test
    test contract_binds_existing_lse_identity_and_restart_bytes ... FAILED

    failures:

    failures:
        contract_binds_existing_lse_identity_and_restart_bytes

    test result: FAILED. 0 passed; 1 failed; 0 ignored; 0 measured; 21 filtered out; finished in 0.00s

  stderr ───

    thread 'contract_binds_existing_lse_identity_and_restart_bytes' (919802) panicked at tests/integration/surface_liquid_hydrology_custody_authority_contract.rs:191:9:
    docs/specifications/science-contracts/contracts/SC-SURFACELIQUID-001.md missing contract_version: 25
    note: run with `RUST_BACKTRACE=1` environment variable to display a backtrace

        FAIL [   0.006s] (1337/4202) openwepp::surface_liquid_hydrology_custody_authority_contract version_15_binds_exact_soil_energy_credit_custody_before_production
  stdout ───

    running 1 test
    test version_15_binds_exact_soil_energy_credit_custody_before_production ... FAILED

    failures:

    failures:
        version_15_binds_exact_soil_energy_credit_custody_before_production

    test result: FAILED. 0 passed; 1 failed; 0 ignored; 0 measured; 21 filtered out; finished in 0.00s

  stderr ───

    thread 'version_15_binds_exact_soil_energy_credit_custody_before_production' (919823) panicked at tests/integration/surface_liquid_hydrology_custody_authority_contract.rs:459:5:
    assertion failed: registry.contains("v23 binds V16 exact-owner records and operands to authenticated configuration-topology rank")
    note: run with `RUST_BACKTRACE=1` environment variable to display a backtrace

        FAIL [   0.005s] (1338/4202) openwepp::surface_liquid_hydrology_custody_authority_contract version_16_binds_exact_surface_enthalpy_custody_before_production
  stdout ───

    running 1 test
    test version_16_binds_exact_surface_enthalpy_custody_before_production ... FAILED

    failures:

    failures:
        version_16_binds_exact_surface_enthalpy_custody_before_production

    test result: FAILED. 0 passed; 1 failed; 0 ignored; 0 measured; 21 filtered out; finished in 0.00s

  stderr ───

    thread 'version_16_binds_exact_surface_enthalpy_custody_before_production' (919828) panicked at tests/integration/surface_liquid_hydrology_custody_authority_contract.rs:513:5:
    assertion failed: registry.contains("v23 binds V16 exact-owner records and operands to authenticated configuration-topology rank")
    note: run with `RUST_BACKTRACE=1` environment variable to display a backtrace

        FAIL [   0.005s] (1341/4202) openwepp::surface_liquid_hydrology_custody_authority_contract version_9_binds_multi_lane_stage3_parent_release
  stdout ───

    running 1 test
    test version_9_binds_multi_lane_stage3_parent_release ... FAILED

    failures:

    failures:
        version_9_binds_multi_lane_stage3_parent_release

    test result: FAILED. 0 passed; 1 failed; 0 ignored; 0 measured; 21 filtered out; finished in 0.00s

  stderr ───

    thread 'version_9_binds_multi_lane_stage3_parent_release' (919836) panicked at tests/integration/surface_liquid_hydrology_custody_authority_contract.rs:590:5:
    assertion failed: registry_row.contains("v25 admits the complete all-local SurfaceLiquid routing posture")
    note: run with `RUST_BACKTRACE=1` environment variable to display a backtrace

        FAIL [   0.005s] (1344/4202) openwepp::surface_liquid_hydrology_custody_authority_contract version_twenty_five_binds_laned_active_local_surface_routing
  stdout ───

    running 1 test
    test version_twenty_five_binds_laned_active_local_surface_routing ... FAILED

    failures:

    failures:
        version_twenty_five_binds_laned_active_local_surface_routing

    test result: FAILED. 0 passed; 1 failed; 0 ignored; 0 measured; 21 filtered out; finished in 0.00s

  stderr ───

    thread 'version_twenty_five_binds_laned_active_local_surface_routing' (919844) panicked at tests/integration/surface_liquid_hydrology_custody_authority_contract.rs:253:5:
    assertion failed: read("docs/specifications/science-contracts/index.md").contains("v25 admits the complete all-local SurfaceLiquid routing posture")
    note: run with `RUST_BACKTRACE=1` environment variable to display a backtrace

        FAIL [   0.006s] (1346/4202) openwepp::surface_liquid_hydrology_custody_authority_contract version_twenty_four_binds_private_validated_handoffs_without_moving_trust_boundaries
  stdout ───

    running 1 test
    test version_twenty_four_binds_private_validated_handoffs_without_moving_trust_boundaries ... FAILED

    failures:

    failures:
        version_twenty_four_binds_private_validated_handoffs_without_moving_trust_boundaries

    test result: FAILED. 0 passed; 1 failed; 0 ignored; 0 measured; 21 filtered out; finished in 0.00s

  stderr ───

    thread 'version_twenty_four_binds_private_validated_handoffs_without_moving_trust_boundaries' (919845) panicked at tests/integration/surface_liquid_hydrology_custody_authority_contract.rs:232:5:
    assertion failed: index.contains("v24 admits private immutable revision-bound surface-resource validation handoffs")
    note: run with `RUST_BACKTRACE=1` environment variable to display a backtrace

        FAIL [   0.006s] (1349/4202) openwepp::surface_liquid_hydrology_custody_authority_contract version_twenty_three_binds_exact_owner_order_to_surface_topology
  stdout ───

    running 1 test
    test version_twenty_three_binds_exact_owner_order_to_surface_topology ... FAILED

    failures:

    failures:
        version_twenty_three_binds_exact_owner_order_to_surface_topology

    test result: FAILED. 0 passed; 1 failed; 0 ignored; 0 measured; 21 filtered out; finished in 0.00s

  stderr ───

    thread 'version_twenty_three_binds_exact_owner_order_to_surface_topology' (919851) panicked at tests/integration/surface_liquid_hydrology_custody_authority_contract.rs:279:5:
    assertion failed: read("docs/specifications/science-contracts/index.md").contains("v23 binds V16 exact-owner records and operands to authenticated configuration-topology rank")
    note: run with `RUST_BACKTRACE=1` environment variable to display a backtrace

        FAIL [   0.088s] (1428/4202) openwepp::vegetation_boundary_authority_contract v9_runtime_equivalence_verifier_rejects_every_required_poison
  stdout ───

    running 1 test
    test v9_runtime_equivalence_verifier_rejects_every_required_poison ... FAILED

    failures:

    failures:
        v9_runtime_equivalence_verifier_rejects_every_required_poison

    test result: FAILED. 0 passed; 1 failed; 0 ignored; 0 measured; 28 filtered out; finished in 0.08s

  stderr ───

    thread 'v9_runtime_equivalence_verifier_rejects_every_required_poison' (920075) panicked at tests/integration/vegetation_boundary_authority_contract.rs:2806:5:
    V9 equivalence poisons failed: VEG-E-133: runtime mismatch is not libcrypto-only: libcrypto.so.3,libz.so.1

    note: run with `RUST_BACKTRACE=1` environment variable to display a backtrace

        FAIL [   0.098s] (1429/4202) openwepp::vegetation_boundary_authority_contract v9_oracle_successor_is_exactly_bound_and_v8_is_immutable
  stdout ───

    running 1 test
    test v9_oracle_successor_is_exactly_bound_and_v8_is_immutable ... FAILED

    failures:

    failures:
        v9_oracle_successor_is_exactly_bound_and_v8_is_immutable

    test result: FAILED. 0 passed; 1 failed; 0 ignored; 0 measured; 28 filtered out; finished in 0.09s

  stderr ───

    thread 'v9_oracle_successor_is_exactly_bound_and_v8_is_immutable' (920068) panicked at tests/integration/vegetation_boundary_authority_contract.rs:2775:5:
    V9 oracle failed: VEG-E-133: runtime mismatch is not libcrypto-only: libcrypto.so.3,libz.so.1

    note: run with `RUST_BACKTRACE=1` environment variable to display a backtrace

        FAIL [   0.004s] (1433/4202) openwepp::stage3_native_vegetation_laned_throughput_recovery snow_free_final_receipt_reseal_is_contract_bound_and_production_reachable
  stdout ───

    running 1 test
    test snow_free_final_receipt_reseal_is_contract_bound_and_production_reachable ... FAILED

    failures:

    failures:
        snow_free_final_receipt_reseal_is_contract_bound_and_production_reachable

    test result: FAILED. 0 passed; 1 failed; 0 ignored; 0 measured; 22 filtered out; finished in 0.00s

  stderr ───

    thread 'snow_free_final_receipt_reseal_is_contract_bound_and_production_reachable' (920094) panicked at tests/integration/stage3_native_vegetation_laned_throughput_recovery.rs:1246:9:
    docs/specifications/science-contracts/contracts/SC-COUPLEDTIME-001.md missing contract_version: 16
    note: run with `RUST_BACKTRACE=1` environment variable to display a backtrace

        FAIL [   0.013s] (1467/4202) openwepp-assurance cli::tests::amendment_recovery_command_reaches_typed_backend
  stdout ───

    running 1 test
    test cli::tests::amendment_recovery_command_reaches_typed_backend ... FAILED

    failures:

    failures:
        cli::tests::amendment_recovery_command_reaches_typed_backend

    test result: FAILED. 0 passed; 1 failed; 0 ignored; 0 measured; 31 filtered out; finished in 0.01s

  stderr ───

    thread 'cli::tests::amendment_recovery_command_reaches_typed_backend' (920155) panicked at crates/openwepp-assurance/src/cli.rs:1271:18:
    calculate implementation rebind: Drift("generated identity member changed: docs/specifications/science-contracts/contracts/SC-SNOWENERGY-001.md")
    note: run with `RUST_BACKTRACE=1` environment variable to display a backtrace

        FAIL [   0.009s] (1471/4202) openwepp-assurance cli::tests::inspect_and_lifecycle_commands_cover_human_json_and_request_paths
  stdout ───

    running 1 test
    test cli::tests::inspect_and_lifecycle_commands_cover_human_json_and_request_paths ... FAILED

    failures:

    failures:
        cli::tests::inspect_and_lifecycle_commands_cover_human_json_and_request_paths

    test result: FAILED. 0 passed; 1 failed; 0 ignored; 0 measured; 31 filtered out; finished in 0.00s

  stderr ───

    thread 'cli::tests::inspect_and_lifecycle_commands_cover_human_json_and_request_paths' (920164) panicked at crates/openwepp-assurance/src/cli.rs:1413:14:
    called `Result::unwrap()` on an `Err` value: Drift("generated identity member changed: docs/specifications/science-contracts/contracts/SC-SNOWENERGY-001.md")
    note: run with `RUST_BACKTRACE=1` environment variable to display a backtrace

        FAIL [   0.008s] (1472/4202) openwepp-assurance v2::assembly::tests::post_install_source_drift_restores_prior_bytes_without_timing
  stdout ───

    running 1 test
    test v2::assembly::tests::post_install_source_drift_restores_prior_bytes_without_timing ... FAILED

    failures:

    failures:
        v2::assembly::tests::post_install_source_drift_restores_prior_bytes_without_timing

    test result: FAILED. 0 passed; 1 failed; 0 ignored; 0 measured; 31 filtered out; finished in 0.00s

  stderr ───

    thread 'v2::assembly::tests::post_install_source_drift_restores_prior_bytes_without_timing' (920170) panicked at crates/openwepp-assurance/src/v2/assembly.rs:2065:60:
    copy exact v2 fixture: Drift("generated identity member changed: docs/specifications/science-contracts/contracts/SC-SNOWENERGY-001.md")
    note: run with `RUST_BACKTRACE=1` environment variable to display a backtrace

        FAIL [   0.008s] (1492/4202) openwepp-assurance v2::transaction::tests::adoption_selected_source_race_preserves_the_active_generation
  stdout ───

    running 1 test
    test v2::transaction::tests::adoption_selected_source_race_preserves_the_active_generation ... FAILED

    failures:

    failures:
        v2::transaction::tests::adoption_selected_source_race_preserves_the_active_generation

    test result: FAILED. 0 passed; 1 failed; 0 ignored; 0 measured; 31 filtered out; finished in 0.00s

  stderr ───

    thread 'v2::transaction::tests::adoption_selected_source_race_preserves_the_active_generation' (920211) panicked at crates/openwepp-assurance/src/v2/transaction.rs:710:65:
    copy fixture: Drift("generated identity member changed: docs/specifications/science-contracts/contracts/SC-SNOWENERGY-001.md")
    note: run with `RUST_BACKTRACE=1` environment variable to display a backtrace

        FAIL [   0.007s] (1493/4202) openwepp-assurance v2::transaction::tests::committed_cleanup_fault_leaves_new_generation_and_typed_recovery_state
  stdout ───

    running 1 test
    test v2::transaction::tests::committed_cleanup_fault_leaves_new_generation_and_typed_recovery_state ... FAILED

    failures:

    failures:
        v2::transaction::tests::committed_cleanup_fault_leaves_new_generation_and_typed_recovery_state

    test result: FAILED. 0 passed; 1 failed; 0 ignored; 0 measured; 31 filtered out; finished in 0.00s

  stderr ───

    thread 'v2::transaction::tests::committed_cleanup_fault_leaves_new_generation_and_typed_recovery_state' (920214) panicked at crates/openwepp-assurance/src/v2/transaction.rs:742:65:
    copy fixture: Drift("generated identity member changed: docs/specifications/science-contracts/contracts/SC-SNOWENERGY-001.md")
    note: run with `RUST_BACKTRACE=1` environment variable to display a backtrace

        FAIL [   0.007s] (1494/4202) openwepp-assurance v2::transaction::tests::every_precommit_fault_preserves_the_active_generation
  stdout ───

    running 1 test
    test v2::transaction::tests::every_precommit_fault_preserves_the_active_generation ... FAILED

    failures:

    failures:
        v2::transaction::tests::every_precommit_fault_preserves_the_active_generation

    test result: FAILED. 0 passed; 1 failed; 0 ignored; 0 measured; 31 filtered out; finished in 0.00s

  stderr ───

    thread 'v2::transaction::tests::every_precommit_fault_preserves_the_active_generation' (920215) panicked at crates/openwepp-assurance/src/v2/transaction.rs:690:69:
    copy fixture: Drift("generated identity member changed: docs/specifications/science-contracts/contracts/SC-SNOWENERGY-001.md")
    note: run with `RUST_BACKTRACE=1` environment variable to display a backtrace

        FAIL [   0.015s] (1501/4202) openwepp-assurance v2::transaction::tests::recovery_tree_verifier_checks_the_selected_generation_members
  stdout ───

    running 1 test
    test v2::transaction::tests::recovery_tree_verifier_checks_the_selected_generation_members ... FAILED

    failures:

    failures:
        v2::transaction::tests::recovery_tree_verifier_checks_the_selected_generation_members

    test result: FAILED. 0 passed; 1 failed; 0 ignored; 0 measured; 31 filtered out; finished in 0.01s

  stderr ───

    thread 'v2::transaction::tests::recovery_tree_verifier_checks_the_selected_generation_members' (920221) panicked at crates/openwepp-assurance/src/v2/transaction.rs:771:65:
    copy fixture: Drift("generated identity member changed: docs/specifications/science-contracts/contracts/SC-SNOWENERGY-001.md")
    note: run with `RUST_BACKTRACE=1` environment variable to display a backtrace

        FAIL [   0.010s] (1518/4202) openwepp-coupled-time transaction::accepted_slab_context_source_guards::nonending_context_relation_is_exhaustive_and_not_a_schema_mirror
  stdout ───

    running 1 test
    test transaction::accepted_slab_context_source_guards::nonending_context_relation_is_exhaustive_and_not_a_schema_mirror ... FAILED

    failures:

    failures:
        transaction::accepted_slab_context_source_guards::nonending_context_relation_is_exhaustive_and_not_a_schema_mirror

    test result: FAILED. 0 passed; 1 failed; 0 ignored; 0 measured; 1 filtered out; finished in 0.00s

  stderr ───

    thread 'transaction::accepted_slab_context_source_guards::nonending_context_relation_is_exhaustive_and_not_a_schema_mirror' (920264) panicked at crates/openwepp-coupled-time/src/transaction.rs:767:9:
    assertion failed: !body.contains("serde_json")
    note: run with `RUST_BACKTRACE=1` environment variable to display a backtrace

        FAIL [   0.008s] (1776/4202) openwepp-hillslope-orchestrator direct_runtime::surface_liquid_ingress::tests::terminal_tests::wb14_failure_preserves_every_resource_candidate_byte
  stdout ───

    running 1 test
    test direct_runtime::surface_liquid_ingress::tests::terminal_tests::wb14_failure_preserves_every_resource_candidate_byte ... FAILED

    failures:

    failures:
        direct_runtime::surface_liquid_ingress::tests::terminal_tests::wb14_failure_preserves_every_resource_candidate_byte

    test result: FAILED. 0 passed; 1 failed; 0 ignored; 0 measured; 1422 filtered out; finished in 0.00s

  stderr ───

    thread 'direct_runtime::surface_liquid_ingress::tests::terminal_tests::wb14_failure_preserves_every_resource_candidate_byte' (920777) panicked at crates/openwepp-hillslope-orchestrator/src/direct_runtime/surface_liquid_ingress_terminal_tests.rs:240:5:
    assertion `left == right` failed
      left: E002
     right: E008
    note: run with `RUST_BACKTRACE=1` environment variable to display a backtrace

        FAIL [   5.083s] (2199/4202) openwepp::dff_ws1_native_forest_cli native_forest_hillslope_runs_end_to_end_with_pmet_hit_and_reconciliation
  stdout ───

    running 1 test
    test native_forest_hillslope_runs_end_to_end_with_pmet_hit_and_reconciliation ... FAILED

    failures:

    failures:
        native_forest_hillslope_runs_end_to_end_with_pmet_hit_and_reconciliation

    test result: FAILED. 0 passed; 1 failed; 0 ignored; 0 measured; 0 filtered out; finished in 5.07s

  stderr ───

    thread 'native_forest_hillslope_runs_end_to_end_with_pmet_hit_and_reconciliation' (917513) panicked at tests/integration/dff_ws1_native_forest_cli.rs:82:6:
    native forest hillslope should run end-to-end: RuntimeSurfaceFailure { surface: "r7c_direct_production_executor", detail: "HS-SIMPIPE-E-001 direct runtime kernel guard failed in snow_stage3_v11: prepare: Stage-3/V11 adaptive terminal direct trial failure at 86400000000000..88200000000000 ns (1800000000000 ns): snow terminal custody failure: covered probe typed beginning joint" }
    note: run with `RUST_BACKTRACE=1` environment variable to display a backtrace

        FAIL [   0.006s] (2289/4202) openwepp-hillslope-orchestrator snow_stage3_v11_attachment::adaptive_trial_failure_classification_tests::canonical_controller_uses_one_bounded_map_chronology_without_replay
  stdout ───

    running 1 test
    test snow_stage3_v11_attachment::adaptive_trial_failure_classification_tests::canonical_controller_uses_one_bounded_map_chronology_without_replay ... FAILED

    failures:

    failures:
        snow_stage3_v11_attachment::adaptive_trial_failure_classification_tests::canonical_controller_uses_one_bounded_map_chronology_without_replay

    test result: FAILED. 0 passed; 1 failed; 0 ignored; 0 measured; 1422 filtered out; finished in 0.00s

  stderr ───

    thread 'snow_stage3_v11_attachment::adaptive_trial_failure_classification_tests::canonical_controller_uses_one_bounded_map_chronology_without_replay' (921884) panicked at crates/openwepp-hillslope-orchestrator/src/snow_stage3_v11_adaptive_execution_tests.rs:180:13:
    missing canonical solver symbol CanonicalCoveredMapRoleV1::FixedPointPredictor
    note: run with `RUST_BACKTRACE=1` environment variable to display a backtrace

        FAIL [   0.007s] (2295/4202) openwepp-hillslope-orchestrator snow_stage3_v11_attachment::adaptive_trial_failure_classification_tests::exact_floor_historical_midpoint_is_deleted_from_canonical_controller
  stdout ───

    running 1 test
    test snow_stage3_v11_attachment::adaptive_trial_failure_classification_tests::exact_floor_historical_midpoint_is_deleted_from_canonical_controller ... FAILED

    failures:

    failures:
        snow_stage3_v11_attachment::adaptive_trial_failure_classification_tests::exact_floor_historical_midpoint_is_deleted_from_canonical_controller

    test result: FAILED. 0 passed; 1 failed; 0 ignored; 0 measured; 1422 filtered out; finished in 0.00s

  stderr ───

    thread 'snow_stage3_v11_attachment::adaptive_trial_failure_classification_tests::exact_floor_historical_midpoint_is_deleted_from_canonical_controller' (921902) panicked at crates/openwepp-hillslope-orchestrator/src/snow_stage3_v11_adaptive_execution_tests.rs:150:9:
    assertion failed: canonical.contains("CanonicalCoveredMapRoleV1::FixedPointPredictor")
    note: run with `RUST_BACKTRACE=1` environment variable to display a backtrace

        FAIL [   0.008s] (2297/4202) openwepp-hillslope-orchestrator snow_stage3_v11_attachment::adaptive_trial_failure_classification_tests::physical_active_sets_are_derived_inside_authentic_map
  stdout ───

    running 1 test
    test snow_stage3_v11_attachment::adaptive_trial_failure_classification_tests::physical_active_sets_are_derived_inside_authentic_map ... FAILED

    failures:

    failures:
        snow_stage3_v11_attachment::adaptive_trial_failure_classification_tests::physical_active_sets_are_derived_inside_authentic_map

    test result: FAILED. 0 passed; 1 failed; 0 ignored; 0 measured; 1422 filtered out; finished in 0.00s

  stderr ───

    thread 'snow_stage3_v11_attachment::adaptive_trial_failure_classification_tests::physical_active_sets_are_derived_inside_authentic_map' (921916) panicked at crates/openwepp-hillslope-orchestrator/src/snow_stage3_v11_adaptive_execution_tests.rs:164:13:
    missing canonical active set CanonicalCoveredDerivedActiveSetV1::StrictlyFrozen
    note: run with `RUST_BACKTRACE=1` environment variable to display a backtrace

        FAIL [   6.742s] (2306/4202) openwepp::direct_v10_real_consumer_checkpoint_v1_contract complete_generated_v1_schema_matches_frozen_authority_schema
  stdout ───

    running 1 test
    test complete_generated_v1_schema_matches_frozen_authority_schema ... FAILED

    failures:

    failures:
        complete_generated_v1_schema_matches_frozen_authority_schema

    test result: FAILED. 0 passed; 1 failed; 0 ignored; 0 measured; 6 filtered out; finished in 6.73s

  stderr ───
    warning: field `ending_snow_hint` is never read
        --> /workdir/openWEPP/crates/openwepp-hillslope-orchestrator/src/hydrology/support_helpers_mod/runoff_reconciliation.rs:1176:9
         |
    1156 | pub(crate) struct CoveredTerminalTrialRequestV1 {
         |                   ----------------------------- field in this struct
    ...
    1176 |     pub ending_snow_hint: Option<CoveredTerminalEndingSnowHintV1>,
         |         ^^^^^^^^^^^^^^^^
         |
         = note: `CoveredTerminalTrialRequestV1` has derived impls for the traits `Debug` and `Clone`, but these are intentionally ignored during dead code analysis
         = note: `#[warn(dead_code)]` (part of `#[warn(unused)]`) on by default

    error[E0308]: mismatched types
       --> src/evidence_fixture.rs:163:58
        |
    163 |         soil_thermal: SoilThermalStateRestartV1::project(shadow.restart_authority_soil_thermal())
        |                       ---------------------------------- ^^^^^^^^^^^^^^^^^^^^^^^^^^^^^^^^^^^^^^^ expected `&SoilThermalSnapshot`, found `Result<&SoilThermalSnapshot, ...>`
        |                       |
        |                       arguments to this function are incorrect
        |
        = note: expected reference `&SoilThermalSnapshot`
                        found enum `Result<&SoilThermalSnapshot, DirectV9RealConsumerError>`
    note: associated function defined here
       --> src/scientific_owners.rs:737:12
        |
    737 |     pub fn project(v: &SoilThermalSnapshot) -> Result<Self, ScientificOwnerRestartError> {
        |            ^^^^^^^ -----------------------
    help: consider using `Result::expect` to unwrap the `Result<&SoilThermalSnapshot, DirectV9RealConsumerError>` value, panicking if the value is a `Result::Err`
        |
    163 |         soil_thermal: SoilThermalStateRestartV1::project(shadow.restart_authority_soil_thermal().expect("REASON"))
        |                                                                                                 +++++++++++++++++

    error[E0599]: the method `clone` exists for enum `Result<&SoilThermalSnapshot, DirectV9RealConsumerError>`, but its trait bounds were not satisfied
        --> src/evidence_fixture.rs:404:68
         |
     404 |     let mut soil_thermal = shadow.restart_authority_soil_thermal().clone();
         |                                                                    ^^^^^
         |
        ::: /workdir/openWEPP/crates/openwepp-hillslope-orchestrator/src/v9_real_consumer_shadow.rs:2671:1
         |
    2671 | pub enum DirectV9RealConsumerError {
         | ---------------------------------- doesn't satisfy `DirectV9RealConsumerError: Clone`
         |
         = note: the following trait bounds were not satisfied:
                 `DirectV9RealConsumerError: Clone`
                 which is required by `Result<&SoilThermalSnapshot, DirectV9RealConsumerError>: Clone`
    note: the method `clone` exists on the type `&SoilThermalSnapshot`
        --> /rustc/59807616e1fa2540724bfbac14d7976d7e4a3860/library/core/src/clone.rs:236:4
    help: consider using `Result::expect` to unwrap the `&SoilThermalSnapshot` value, panicking if the value is a `Result::Err`
         |
     404 |     let mut soil_thermal = shadow.restart_authority_soil_thermal().expect("REASON").clone();
         |                                                                   +++++++++++++++++

    Some errors have detailed explanations: E0308, E0599.
    For more information about an error, try `rustc --explain E0308`.
    error: could not compile `openwepp-restart-authority-reference` (lib) due to 2 previous errors

    thread 'complete_generated_v1_schema_matches_frozen_authority_schema' (917507) panicked at tests/integration/direct_v10_real_consumer_checkpoint_v1_contract.rs:240:5:
    assertion failed: status.success()
    note: run with `RUST_BACKTRACE=1` environment variable to display a backtrace

        FAIL [   0.009s] (2760/4202) openwepp-hillslope-orchestrator v9_real_consumer_shadow::frozen_litter_v4_adoption::complete_lse_owner_bytes_tests::covered_native_map_retains_one_physical_exact_pair_without_final_replay
  stdout ───

    running 1 test
    test v9_real_consumer_shadow::frozen_litter_v4_adoption::complete_lse_owner_bytes_tests::covered_native_map_retains_one_physical_exact_pair_without_final_replay ... FAILED

    failures:

    failures:
        v9_real_consumer_shadow::frozen_litter_v4_adoption::complete_lse_owner_bytes_tests::covered_native_map_retains_one_physical_exact_pair_without_final_replay

    test result: FAILED. 0 passed; 1 failed; 0 ignored; 0 measured; 1422 filtered out; finished in 0.00s

  stderr ───

    thread 'v9_real_consumer_shadow::frozen_litter_v4_adoption::complete_lse_owner_bytes_tests::covered_native_map_retains_one_physical_exact_pair_without_final_replay' (922934) panicked at crates/openwepp-hillslope-orchestrator/src/v9_real_consumer_shadow/frozen_litter_v4_adoption.rs:638:9:
    assertion `left == right` failed
      left: 2
     right: 1
    note: run with `RUST_BACKTRACE=1` environment variable to display a backtrace

        FAIL [   0.106s] (2782/4202) openwepp-hillslope-orchestrator v9_real_consumer_shadow::tests::adaptive_production_path_coverage::ordinary_physical_reuse_is_byte_identical_to_forced_double_evaluation
  stdout ───

    running 1 test
    test v9_real_consumer_shadow::tests::adaptive_production_path_coverage::ordinary_physical_reuse_is_byte_identical_to_forced_double_evaluation ... FAILED

    failures:

    failures:
        v9_real_consumer_shadow::tests::adaptive_production_path_coverage::ordinary_physical_reuse_is_byte_identical_to_forced_double_evaluation

    test result: FAILED. 0 passed; 1 failed; 0 ignored; 0 measured; 1422 filtered out; finished in 0.10s

  stderr ───

    thread 'adaptive-equilibrium-production-path' (923077) panicked at crates/openwepp-hillslope-orchestrator/src/v9_real_consumer_shadow_wb14_tests.rs:2059:19:
    synchronized covered parent cadence: AdaptiveTrial { phase: "covered direct", start_ns: 0, end_ns: 60000000000, duration_ns: 60000000000, source: Owner(Identity("support-liquid receiver publication support")) }
    note: run with `RUST_BACKTRACE=1` environment variable to display a backtrace

    thread 'v9_real_consumer_shadow::tests::adaptive_production_path_coverage::ordinary_physical_reuse_is_byte_identical_to_forced_double_evaluation' (923074) panicked at crates/openwepp-hillslope-orchestrator/src/snow_stage3_v11_adaptive_production_tests.rs:519:10:
    join adaptive equilibrium production coverage: Any { .. }

        FAIL [   0.058s] (2787/4202) openwepp-hillslope-orchestrator v9_real_consumer_shadow::tests::adaptive_production_path_coverage::stable_minimum_production_support_accepts_one_direct_trial
  stdout ───

    running 1 test
    test v9_real_consumer_shadow::tests::adaptive_production_path_coverage::stable_minimum_production_support_accepts_one_direct_trial ... FAILED

    failures:

    failures:
        v9_real_consumer_shadow::tests::adaptive_production_path_coverage::stable_minimum_production_support_accepts_one_direct_trial

    test result: FAILED. 0 passed; 1 failed; 0 ignored; 0 measured; 1422 filtered out; finished in 0.05s

  stderr ───

    thread 'v9_real_consumer_shadow::tests::adaptive_production_path_coverage::stable_minimum_production_support_accepts_one_direct_trial' (923098) panicked at crates/openwepp-hillslope-orchestrator/src/snow_stage3_v11_adaptive_production_tests.rs:742:5:
    assertion `left == right` failed
      left: 1
     right: 2
    note: run with `RUST_BACKTRACE=1` environment variable to display a backtrace

        FAIL [   0.170s] (2792/4202) openwepp-hillslope-orchestrator v9_real_consumer_shadow::tests::coupled_hard_boundary_truncates_selected_900_second_child
  stdout ───

    running 1 test
    test v9_real_consumer_shadow::tests::coupled_hard_boundary_truncates_selected_900_second_child ... FAILED

    failures:

    failures:
        v9_real_consumer_shadow::tests::coupled_hard_boundary_truncates_selected_900_second_child

    test result: FAILED. 0 passed; 1 failed; 0 ignored; 0 measured; 1422 filtered out; finished in 0.16s

  stderr ───

    thread 'v9_real_consumer_shadow::tests::coupled_hard_boundary_truncates_selected_900_second_child' (923109) panicked at crates/openwepp-hillslope-orchestrator/src/v9_real_consumer_shadow_wb14_tests.rs:839:14:
    real mixed covered/open OFE execution: Executor(AdaptiveRefinement("canonical covered dependent-output instability"))
    note: run with `RUST_BACKTRACE=1` environment variable to display a backtrace

        FAIL [   0.196s] (2797/4202) openwepp-hillslope-orchestrator v9_real_consumer_shadow::tests::interior_terminal_event_capture_reproduces_below_carrier_domain
  stdout ───

    running 1 test
    test v9_real_consumer_shadow::tests::interior_terminal_event_capture_reproduces_below_carrier_domain ... FAILED

    failures:

    failures:
        v9_real_consumer_shadow::tests::interior_terminal_event_capture_reproduces_below_carrier_domain

    test result: FAILED. 0 passed; 1 failed; 0 ignored; 0 measured; 1422 filtered out; finished in 0.19s

  stderr ───

    thread 'child1-real-discrete-fixture' (923151) panicked at crates/openwepp-hillslope-orchestrator/src/v9_real_consumer_shadow_wb14_tests.rs:839:14:
    real mixed covered/open OFE execution: Executor(AdaptiveRefinement("canonical covered evaluation budget"))
    note: run with `RUST_BACKTRACE=1` environment variable to display a backtrace

    thread 'v9_real_consumer_shadow::tests::interior_terminal_event_capture_reproduces_below_carrier_domain' (923150) panicked at crates/openwepp-hillslope-orchestrator/src/v9_real_consumer_shadow_wb14_covered_physical_tests.rs:1501:10:
    join Child-1 real discrete fixture: Any { .. }

        FAIL [   0.247s] (2799/4202) openwepp-hillslope-orchestrator v9_real_consumer_shadow::tests::interior_terminal_event_runs_covered_event_and_snow_free_remainder
  stdout ───

    running 1 test
    test v9_real_consumer_shadow::tests::interior_terminal_event_runs_covered_event_and_snow_free_remainder ... FAILED

    failures:

    failures:
        v9_real_consumer_shadow::tests::interior_terminal_event_runs_covered_event_and_snow_free_remainder

    test result: FAILED. 0 passed; 1 failed; 0 ignored; 0 measured; 1422 filtered out; finished in 0.23s

  stderr ───

    thread 'interior-terminal-event-owner-path' (923171) panicked at crates/openwepp-hillslope-orchestrator/src/v9_real_consumer_shadow_wb14_tests.rs:839:14:
    real mixed covered/open OFE execution: Executor(AdaptiveRefinement("canonical covered evaluation budget"))
    note: run with `RUST_BACKTRACE=1` environment variable to display a backtrace

    thread 'v9_real_consumer_shadow::tests::interior_terminal_event_runs_covered_event_and_snow_free_remainder' (923170) panicked at crates/openwepp-hillslope-orchestrator/src/v9_real_consumer_shadow_wb14_covered_physical_tests.rs:1467:10:
    join interior terminal-event fixture: Any { .. }

        FAIL [   0.130s] (2803/4202) openwepp-hillslope-orchestrator v9_real_consumer_shadow::tests::latest_accepted_stage3_state_changes_next_wb14_proposal
  stdout ───

    running 1 test
    test v9_real_consumer_shadow::tests::latest_accepted_stage3_state_changes_next_wb14_proposal ... FAILED

    failures:

    failures:
        v9_real_consumer_shadow::tests::latest_accepted_stage3_state_changes_next_wb14_proposal

    test result: FAILED. 0 passed; 1 failed; 0 ignored; 0 measured; 1422 filtered out; finished in 0.12s

  stderr ───

    thread 'v9_real_consumer_shadow::tests::latest_accepted_stage3_state_changes_next_wb14_proposal' (923174) panicked at crates/openwepp-hillslope-orchestrator/src/v9_real_consumer_shadow_wb14_tests.rs:839:14:
    real mixed covered/open OFE execution: Executor(AdaptiveRefinement("canonical covered dependent-output instability"))
    note: run with `RUST_BACKTRACE=1` environment variable to display a backtrace

        FAIL [   0.243s] (2808/4202) openwepp-hillslope-orchestrator v9_real_consumer_shadow::tests::mixed_open_covered_stack_executes_complete_ofe_ground_boundary
  stdout ───

    running 1 test
    test v9_real_consumer_shadow::tests::mixed_open_covered_stack_executes_complete_ofe_ground_boundary ... FAILED

    failures:

    failures:
        v9_real_consumer_shadow::tests::mixed_open_covered_stack_executes_complete_ofe_ground_boundary

    test result: FAILED. 0 passed; 1 failed; 0 ignored; 0 measured; 1422 filtered out; finished in 0.23s

  stderr ───

    thread 'mixed-covered-open-boundary' (923180) panicked at crates/openwepp-hillslope-orchestrator/src/v9_real_consumer_shadow_wb14_tests.rs:839:14:
    real mixed covered/open OFE execution: Executor(AdaptiveRefinement("canonical covered evaluation budget"))
    note: run with `RUST_BACKTRACE=1` environment variable to display a backtrace

    thread 'v9_real_consumer_shadow::tests::mixed_open_covered_stack_executes_complete_ofe_ground_boundary' (923179) panicked at crates/openwepp-hillslope-orchestrator/src/v9_real_consumer_shadow_wb14_covered_physical_tests.rs:15:10:
    join mixed covered/open boundary fixture: Any { .. }

        FAIL [   0.196s] (2809/4202) openwepp-hillslope-orchestrator v9_real_consumer_shadow::tests::one_1800_second_child_matches_complete_historical_candidate
  stdout ───

    running 1 test
    test v9_real_consumer_shadow::tests::one_1800_second_child_matches_complete_historical_candidate ... FAILED

    failures:

    failures:
        v9_real_consumer_shadow::tests::one_1800_second_child_matches_complete_historical_candidate

    test result: FAILED. 0 passed; 1 failed; 0 ignored; 0 measured; 1422 filtered out; finished in 0.18s

  stderr ───

    thread 'v9_real_consumer_shadow::tests::one_1800_second_child_matches_complete_historical_candidate' (923187) panicked at crates/openwepp-hillslope-orchestrator/src/v9_real_consumer_shadow_wb14_tests.rs:839:14:
    real mixed covered/open OFE execution: Executor(AdaptiveRefinement("canonical covered evaluation budget"))
    note: run with `RUST_BACKTRACE=1` environment variable to display a backtrace

        FAIL [   0.243s] (2811/4202) openwepp-hillslope-orchestrator v9_real_consumer_shadow::tests::resolved_snow_and_snow_free_lanes_publish_one_atomic_parent
  stdout ───

    running 1 test
    test v9_real_consumer_shadow::tests::resolved_snow_and_snow_free_lanes_publish_one_atomic_parent ... FAILED

    failures:

    failures:
        v9_real_consumer_shadow::tests::resolved_snow_and_snow_free_lanes_publish_one_atomic_parent

    test result: FAILED. 0 passed; 1 failed; 0 ignored; 0 measured; 1422 filtered out; finished in 0.23s

  stderr ───

    thread 'resolved-and-snow-free-lanes' (923197) panicked at crates/openwepp-hillslope-orchestrator/src/v9_real_consumer_shadow_wb14_tests.rs:839:14:
    real mixed covered/open OFE execution: Executor(AdaptiveRefinement("canonical covered evaluation budget"))
    note: run with `RUST_BACKTRACE=1` environment variable to display a backtrace

    thread 'v9_real_consumer_shadow::tests::resolved_snow_and_snow_free_lanes_publish_one_atomic_parent' (923196) panicked at crates/openwepp-hillslope-orchestrator/src/v9_real_consumer_shadow_wb14_covered_physical_tests.rs:1426:10:
    join resolved/snow-free lane fixture: Any { .. }

        FAIL [   0.026s] (2816/4202) openwepp-hillslope-orchestrator v9_real_consumer_shadow::tests::solid_precipitation_reappears_through_the_adaptive_owner_path
  stdout ───

    running 1 test
    test v9_real_consumer_shadow::tests::solid_precipitation_reappears_through_the_adaptive_owner_path ... FAILED

    failures:

    failures:
        v9_real_consumer_shadow::tests::solid_precipitation_reappears_through_the_adaptive_owner_path

    test result: FAILED. 0 passed; 1 failed; 0 ignored; 0 measured; 1422 filtered out; finished in 0.01s

  stderr ───

    thread 'solid-reappearance-owner-path' (923238) panicked at crates/openwepp-hillslope-orchestrator/src/v9_real_consumer_shadow_wb14_tests.rs:839:14:
    real mixed covered/open OFE execution: Executor(Identity("canonical covered empty active topology"))
    note: run with `RUST_BACKTRACE=1` environment variable to display a backtrace

    thread 'v9_real_consumer_shadow::tests::solid_precipitation_reappears_through_the_adaptive_owner_path' (923237) panicked at crates/openwepp-hillslope-orchestrator/src/v9_real_consumer_shadow_wb14_covered_physical_tests.rs:1482:10:
    join solid-reappearance fixture: Any { .. }

        FAIL [   0.173s] (2819/4202) openwepp-hillslope-orchestrator v9_real_consumer_shadow::tests::two_900_second_complete_owner_children_publish_one_parent
  stdout ───

    running 1 test
    test v9_real_consumer_shadow::tests::two_900_second_complete_owner_children_publish_one_parent ... FAILED

    failures:

    failures:
        v9_real_consumer_shadow::tests::two_900_second_complete_owner_children_publish_one_parent

    test result: FAILED. 0 passed; 1 failed; 0 ignored; 0 measured; 1422 filtered out; finished in 0.17s

  stderr ───

    thread 'v9_real_consumer_shadow::tests::two_900_second_complete_owner_children_publish_one_parent' (923242) panicked at crates/openwepp-hillslope-orchestrator/src/v9_real_consumer_shadow_wb14_tests.rs:839:14:
    real mixed covered/open OFE execution: Executor(AdaptiveRefinement("canonical covered dependent-output instability"))
    note: run with `RUST_BACKTRACE=1` environment variable to display a backtrace

        FAIL [   0.172s] (2822/4202) openwepp-hillslope-orchestrator v9_real_consumer_shadow::tests::two_resolved_snow_lanes_choose_common_earliest_cadence
  stdout ───

    running 1 test
    test v9_real_consumer_shadow::tests::two_resolved_snow_lanes_choose_common_earliest_cadence ... FAILED

    failures:

    failures:
        v9_real_consumer_shadow::tests::two_resolved_snow_lanes_choose_common_earliest_cadence

    test result: FAILED. 0 passed; 1 failed; 0 ignored; 0 measured; 1422 filtered out; finished in 0.17s

  stderr ───

    thread 'two-resolved-snow-lanes' (923250) panicked at crates/openwepp-hillslope-orchestrator/src/v9_real_consumer_shadow_wb14_tests.rs:839:14:
    real mixed covered/open OFE execution: Executor(AdaptiveRefinement("canonical covered evaluation budget"))
    note: run with `RUST_BACKTRACE=1` environment variable to display a backtrace

    thread 'v9_real_consumer_shadow::tests::two_resolved_snow_lanes_choose_common_earliest_cadence' (923249) panicked at crates/openwepp-hillslope-orchestrator/src/v9_real_consumer_shadow_wb14_covered_physical_tests.rs:1451:10:
    join two resolved snow-lane fixture: Any { .. }

        FAIL [   0.006s] (2839/4202) openwepp-hillslope-orchestrator v9_real_consumer_shadow::v11_covered::accepted_carrier_evidence_tests::charged_native_map_uses_one_native_candidate_envelope_tuple
  stdout ───

    running 1 test
    test v9_real_consumer_shadow::v11_covered::accepted_carrier_evidence_tests::charged_native_map_uses_one_native_candidate_envelope_tuple ... FAILED

    failures:

    failures:
        v9_real_consumer_shadow::v11_covered::accepted_carrier_evidence_tests::charged_native_map_uses_one_native_candidate_envelope_tuple

    test result: FAILED. 0 passed; 1 failed; 0 ignored; 0 measured; 1422 filtered out; finished in 0.00s

  stderr ───

    thread 'v9_real_consumer_shadow::v11_covered::accepted_carrier_evidence_tests::charged_native_map_uses_one_native_candidate_envelope_tuple' (923310) panicked at crates/openwepp-hillslope-orchestrator/src/v11_covered/carrier_engine.rs:980:9:
    assertion failed: native_branch.contains("let (_, envelope)")
    note: run with `RUST_BACKTRACE=1` environment variable to display a backtrace

        FAIL [   0.006s] (2903/4202) openwepp-hillslope-orchestrator v9_real_consumer_shadow::v11_covered::owner_finalization::terminal_custody_lane_set_tests::deferred_native_v2_shadow_retains_beginning_while_final_install_retains_trial
  stdout ───

    running 1 test
    test v9_real_consumer_shadow::v11_covered::owner_finalization::terminal_custody_lane_set_tests::deferred_native_v2_shadow_retains_beginning_while_final_install_retains_trial ... FAILED

    failures:

    failures:
        v9_real_consumer_shadow::v11_covered::owner_finalization::terminal_custody_lane_set_tests::deferred_native_v2_shadow_retains_beginning_while_final_install_retains_trial

    test result: FAILED. 0 passed; 1 failed; 0 ignored; 0 measured; 1422 filtered out; finished in 0.00s

  stderr ───

    thread 'v9_real_consumer_shadow::v11_covered::owner_finalization::terminal_custody_lane_set_tests::deferred_native_v2_shadow_retains_beginning_while_final_install_retains_trial' (923484) panicked at crates/openwepp-hillslope-orchestrator/src/v11_covered/owner_finalization.rs:329:9:
    assertion failed: retained.contains("install_soil_thermal_accepted_v2_from_unpublished_continuation(")
    note: run with `RUST_BACKTRACE=1` environment variable to display a backtrace

        FAIL [   0.006s] (2913/4202) openwepp-hillslope-orchestrator v9_real_consumer_shadow::v11_covered::owner_finalization::terminal_custody_lane_set_tests::v2_finalization_has_one_accepted_receiver_and_one_install
  stdout ───

    running 1 test
    test v9_real_consumer_shadow::v11_covered::owner_finalization::terminal_custody_lane_set_tests::v2_finalization_has_one_accepted_receiver_and_one_install ... FAILED

    failures:

    failures:
        v9_real_consumer_shadow::v11_covered::owner_finalization::terminal_custody_lane_set_tests::v2_finalization_has_one_accepted_receiver_and_one_install

    test result: FAILED. 0 passed; 1 failed; 0 ignored; 0 measured; 1422 filtered out; finished in 0.00s

  stderr ───

    thread 'v9_real_consumer_shadow::v11_covered::owner_finalization::terminal_custody_lane_set_tests::v2_finalization_has_one_accepted_receiver_and_one_install' (923505) panicked at crates/openwepp-hillslope-orchestrator/src/v11_covered/owner_finalization.rs:239:9:
    assertion `left == right` failed
      left: 0
     right: 1
    note: run with `RUST_BACKTRACE=1` environment variable to display a backtrace

        FAIL [   0.007s] (2916/4202) openwepp-hillslope-orchestrator v9_real_consumer_shadow::v11_covered::owner_finalization::terminal_custody_lane_set_tests::v48_real_finalizer_source_never_erases_split_authority
  stdout ───

    running 1 test
    test v9_real_consumer_shadow::v11_covered::owner_finalization::terminal_custody_lane_set_tests::v48_real_finalizer_source_never_erases_split_authority ... FAILED

    failures:

    failures:
        v9_real_consumer_shadow::v11_covered::owner_finalization::terminal_custody_lane_set_tests::v48_real_finalizer_source_never_erases_split_authority

    test result: FAILED. 0 passed; 1 failed; 0 ignored; 0 measured; 1422 filtered out; finished in 0.00s

  stderr ───

    thread 'v9_real_consumer_shadow::v11_covered::owner_finalization::terminal_custody_lane_set_tests::v48_real_finalizer_source_never_erases_split_authority' (923509) panicked at crates/openwepp-hillslope-orchestrator/src/v11_covered/owner_finalization.rs:275:9:
    assertion failed: v3.contains("authenticate_soil_thermal_prepared_beginning_install_authority_v3(")
    note: run with `RUST_BACKTRACE=1` environment variable to display a backtrace

        FAIL [   0.044s] (3107/4202) openwepp-land-surface-energy covered_oracle_conformance_tests::covered_natural_iteration_limit_matches_declared_rust_outcome
  stdout ───

    running 1 test
    test covered_oracle_conformance_tests::covered_natural_iteration_limit_matches_declared_rust_outcome ... FAILED

    failures:

    failures:
        covered_oracle_conformance_tests::covered_natural_iteration_limit_matches_declared_rust_outcome

    test result: FAILED. 0 passed; 1 failed; 0 ignored; 0 measured; 145 filtered out; finished in 0.04s

  stderr ───

    thread 'covered_oracle_conformance_tests::covered_natural_iteration_limit_matches_declared_rust_outcome' (923894) panicked at crates/openwepp-land-surface-energy/src/covered_oracle_conformance_tests.rs:989:5:
    assertion `left == right` failed
      left: [10845740.51192798, 18521900.195331838, -160970.26801191425, -190251.5065555011, -9122365.618271498, -20550647.817955893, 185017.85333670734, 583132.3693539437, -401.89639289493334, -148.6868489708855, 4021.0827423780142, -263190.3474301763, -9195.931982311033, -284.4408469346596, 355.1919041193066]
     right: [10845886.579452142, 18522145.20871435, -160971.98254527122, -190253.06105097244, -9122569.022041507, -20550838.175593577, 185020.14072070818, 583136.8435388748, -401.89880096980426, -148.68780265164006, 4021.0736511489804, -263192.66481827263, -9195.920741268656, -284.440846705978, 355.1919081414477]
    note: run with `RUST_BACKTRACE=1` environment variable to display a backtrace

        FAIL [  17.919s] (3385/4202) openwepp::dff_ws3_directional_burn_validation dff_ws3_representative_clay_loam_documents_runoff_peak_and_directional_sediment
  stdout ───

    running 1 test
    test dff_ws3_representative_clay_loam_documents_runoff_peak_and_directional_sediment ... FAILED

    failures:

    failures:
        dff_ws3_representative_clay_loam_documents_runoff_peak_and_directional_sediment

    test result: FAILED. 0 passed; 1 failed; 0 ignored; 0 measured; 1 filtered out; finished in 17.91s

  stderr ───

    thread 'dff_ws3_representative_clay_loam_documents_runoff_peak_and_directional_sediment' (917511) panicked at tests/integration/dff_ws3_directional_burn_validation.rs:189:9:
    DFF-WS3 matrix cell p1 should run end-to-end: CLIHILL-E-011 runtime surface failure for r7c_direct_production_executor: HS-SIMPIPE-E-001 direct runtime kernel guard failed in snow_stage3_v11: prepare: Stage-3/V11 adaptive terminal direct trial failure at 10800000000000..12600000000000 ns (1800000000000 ns): snow terminal custody failure: covered probe typed beginning joint
    note: run with `RUST_BACKTRACE=1` environment variable to display a backtrace

        FAIL [  18.075s] (3457/4202) openwepp::erod16_wave1_continuity_fixture_conservation erod16_wave1_continuity_conserves_on_mckenzie_clay_loam_storm_forcing
  stdout ───

    running 1 test
    test erod16_wave1_continuity_conserves_on_mckenzie_clay_loam_storm_forcing ... FAILED

    failures:

    failures:
        erod16_wave1_continuity_conserves_on_mckenzie_clay_loam_storm_forcing

    test result: FAILED. 0 passed; 1 failed; 0 ignored; 0 measured; 0 filtered out; finished in 18.06s

  stderr ───

    thread 'erod16_wave1_continuity_conserves_on_mckenzie_clay_loam_storm_forcing' (917577) panicked at tests/integration/erod16_wave1_continuity_fixture_conservation.rs:97:6:
    clay-loam McKenzie fixture should run end-to-end: RuntimeSurfaceFailure { surface: "r7c_direct_production_executor", detail: "HS-SIMPIPE-E-001 direct runtime kernel guard failed in snow_stage3_v11: prepare: Stage-3/V11 adaptive terminal direct trial failure at 10800000000000..12600000000000 ns (1800000000000 ns): snow terminal custody failure: covered probe typed beginning joint" }
    note: run with `RUST_BACKTRACE=1` environment variable to display a backtrace

        FAIL [   2.428s] (3473/4202) openwepp-persisted-restart-v1 snow_stage3_v11::tests::after_snow_reappearance_round_trips_and_resumes_byte_identically
  stdout ───

    running 1 test
    test snow_stage3_v11::tests::after_snow_reappearance_round_trips_and_resumes_byte_identically ... FAILED

    failures:

    failures:
        snow_stage3_v11::tests::after_snow_reappearance_round_trips_and_resumes_byte_identically

    test result: FAILED. 0 passed; 1 failed; 0 ignored; 0 measured; 98 filtered out; finished in 2.42s

  stderr ───

    thread 'stage3-v11-restart-AfterSnowReappearance' (924448) panicked at crates/openwepp-persisted-restart-v1/src/snow_stage3_v11_tests.rs:1674:49:
    called `Result::unwrap()` on an `Err` value: AdaptiveTrial { phase: "covered direct", start_ns: 72720000000000, end_ns: 72780000000000, duration_ns: 60000000000, source: V11(Executor(AdaptiveRefinement("canonical covered dependent-output instability"))) }
    note: run with `RUST_BACKTRACE=1` environment variable to display a backtrace

    thread 'snow_stage3_v11::tests::after_snow_reappearance_round_trips_and_resumes_byte_identically' (924447) panicked at crates/openwepp-persisted-restart-v1/src/snow_stage3_v11_tests.rs:1171:10:
    called `Result::unwrap()` on an `Err` value: Any { .. }

        FAIL [   0.485s] (3474/4202) openwepp-runner hillslope::tests::cqr_laned_active_outputs::cqr_execute_direct_publication_stream_runs_real_fixture_consumer
  stdout ───

    running 1 test
    test hillslope::tests::cqr_laned_active_outputs::cqr_execute_direct_publication_stream_runs_real_fixture_consumer ... FAILED

    failures:

    failures:
        hillslope::tests::cqr_laned_active_outputs::cqr_execute_direct_publication_stream_runs_real_fixture_consumer

    test result: FAILED. 0 passed; 1 failed; 0 ignored; 0 measured; 238 filtered out; finished in 0.48s

  stderr ───

    thread 'hillslope::tests::cqr_laned_active_outputs::cqr_execute_direct_publication_stream_runs_real_fixture_consumer' (924695) panicked at crates/openwepp-runner/src/hillslope/tests03/stage3_runner_qualification.rs:31:14:
    explicit Stage-3 fixture run should complete: RuntimeSurfaceFailure { surface: "r7c_direct_production_executor", detail: "HS-SIMPIPE-E-001 direct runtime kernel guard failed in snow_stage3_v11: prepare: V11 actual-consumer identity mismatch: pending V11 parent-finalization record source" }
    note: run with `RUST_BACKTRACE=1` environment variable to display a backtrace

        FAIL [   0.310s] (3476/4202) openwepp-runner hillslope::tests::duplicate_configured_mapping_rejects_real_stage3_day_without_owner_or_clock_mutation
  stdout ───

    running 1 test
    test hillslope::tests::duplicate_configured_mapping_rejects_real_stage3_day_without_owner_or_clock_mutation ... FAILED

    failures:

    failures:
        hillslope::tests::duplicate_configured_mapping_rejects_real_stage3_day_without_owner_or_clock_mutation

    test result: FAILED. 0 passed; 1 failed; 0 ignored; 0 measured; 238 filtered out; finished in 0.30s

  stderr ───

    thread 'hillslope::tests::duplicate_configured_mapping_rejects_real_stage3_day_without_owner_or_clock_mutation' (924739) panicked at crates/openwepp-runner/src/hillslope/tests03/stage3_runner_qualification.rs:1589:5:
    unexpected duplicate-mapping rejection: CLIHILL-E-011 runtime surface failure for r7c_direct_production_executor: HS-SIMPIPE-E-001 direct runtime kernel guard failed in snow_stage3_v11: prepare: Stage-3/V11 adaptive terminal direct trial failure at 0..1800000000000 ns (1800000000000 ns): surface-liquid closure failure: Stage3CoveredNative inactive surface received liquid ingress
    note: run with `RUST_BACKTRACE=1` environment variable to display a backtrace

        FAIL [   0.490s] (3492/4202) openwepp-runner hillslope::tests::r7c_direct_production_executor_reports_no_day_input_compatibility_edges
  stdout ───

    running 1 test
    test hillslope::tests::r7c_direct_production_executor_reports_no_day_input_compatibility_edges ... FAILED

    failures:

    failures:
        hillslope::tests::r7c_direct_production_executor_reports_no_day_input_compatibility_edges

    test result: FAILED. 0 passed; 1 failed; 0 ignored; 0 measured; 238 filtered out; finished in 0.48s

  stderr ───

    thread 'hillslope::tests::r7c_direct_production_executor_reports_no_day_input_compatibility_edges' (924781) panicked at crates/openwepp-runner/src/hillslope/03_tests.rs:177:22:
    fixture run should complete: RuntimeSurfaceFailure { surface: "r7c_direct_production_executor", detail: "HS-SIMPIPE-E-001 direct runtime kernel guard failed in snow_stage3_v11: prepare: V11 actual-consumer identity mismatch: pending V11 parent-finalization record source" }
    note: run with `RUST_BACKTRACE=1` environment variable to display a backtrace

        FAIL [   0.512s] (3495/4202) openwepp-runner hillslope::tests::r7e_default_candidate_activation_selects_direct_runtime_manifest
  stdout ───

    running 1 test
    test hillslope::tests::r7e_default_candidate_activation_selects_direct_runtime_manifest ... FAILED

    failures:

    failures:
        hillslope::tests::r7e_default_candidate_activation_selects_direct_runtime_manifest

    test result: FAILED. 0 passed; 1 failed; 0 ignored; 0 measured; 238 filtered out; finished in 0.51s

  stderr ───

    thread 'hillslope::tests::r7e_default_candidate_activation_selects_direct_runtime_manifest' (924801) panicked at crates/openwepp-runner/src/hillslope/03_tests.rs:177:22:
    fixture run should complete: RuntimeSurfaceFailure { surface: "r7c_direct_production_executor", detail: "HS-SIMPIPE-E-001 direct runtime kernel guard failed in snow_stage3_v11: prepare: V11 actual-consumer identity mismatch: pending V11 parent-finalization record source" }
    note: run with `RUST_BACKTRACE=1` environment variable to display a backtrace

        FAIL [   0.481s] (3496/4202) openwepp-runner hillslope::tests::r7e_default_candidate_legacy_sidecar_discovery_uses_direct_manifest
  stdout ───

    running 1 test
    test hillslope::tests::r7e_default_candidate_legacy_sidecar_discovery_uses_direct_manifest ... FAILED

    failures:

    failures:
        hillslope::tests::r7e_default_candidate_legacy_sidecar_discovery_uses_direct_manifest

    test result: FAILED. 0 passed; 1 failed; 0 ignored; 0 measured; 238 filtered out; finished in 0.47s

  stderr ───

    thread 'hillslope::tests::r7e_default_candidate_legacy_sidecar_discovery_uses_direct_manifest' (924803) panicked at crates/openwepp-runner/src/hillslope/03_tests.rs:177:22:
    fixture run should complete: RuntimeSurfaceFailure { surface: "r7c_direct_production_executor", detail: "HS-SIMPIPE-E-001 direct runtime kernel guard failed in snow_stage3_v11: prepare: V11 actual-consumer identity mismatch: pending V11 parent-finalization record source" }
    note: run with `RUST_BACKTRACE=1` environment variable to display a backtrace

        FAIL [   0.043s] (3516/4202) openwepp-runner hillslope::tests::representative_ten_ofe_century_fixture_parses_exact_days_topology_and_owner
  stdout ───

    running 1 test
    test hillslope::tests::representative_ten_ofe_century_fixture_parses_exact_days_topology_and_owner ... FAILED

    failures:

    failures:
        hillslope::tests::representative_ten_ofe_century_fixture_parses_exact_days_topology_and_owner

    test result: FAILED. 0 passed; 1 failed; 0 ignored; 0 measured; 238 filtered out; finished in 0.04s

  stderr ───

    thread 'hillslope::tests::representative_ten_ofe_century_fixture_parses_exact_days_topology_and_owner' (924866) panicked at crates/openwepp-runner/src/hillslope/tests03/stage3_long_run_qualification.rs:233:54:
    representative century inputs: ParseFailure { surface: "climate", detail: "daily year span must fit [ibyear, ibyear+numyr-1]: expected 1, found 100" }
    note: run with `RUST_BACKTRACE=1` environment variable to display a backtrace

        FAIL [   0.492s] (3521/4202) openwepp-runner hillslope::tests::r7e_default_candidate_uses_direct_production_manifest
  stdout ───

    running 1 test
    test hillslope::tests::r7e_default_candidate_uses_direct_production_manifest ... FAILED

    failures:

    failures:
        hillslope::tests::r7e_default_candidate_uses_direct_production_manifest

    test result: FAILED. 0 passed; 1 failed; 0 ignored; 0 measured; 238 filtered out; finished in 0.49s

  stderr ───

    thread 'hillslope::tests::r7e_default_candidate_uses_direct_production_manifest' (924834) panicked at crates/openwepp-runner/src/hillslope/03_tests.rs:177:22:
    fixture run should complete: RuntimeSurfaceFailure { surface: "r7c_direct_production_executor", detail: "HS-SIMPIPE-E-001 direct runtime kernel guard failed in snow_stage3_v11: prepare: V11 actual-consumer identity mismatch: pending V11 parent-finalization record source" }
    note: run with `RUST_BACKTRACE=1` environment variable to display a backtrace

        FAIL [   0.440s] (3522/4202) openwepp-runner hillslope::tests::simimpl::simimpl14_contract_gate_continuous_wb13_span_and_keys
  stdout ───

    running 1 test
    test hillslope::tests::simimpl::simimpl14_contract_gate_continuous_wb13_span_and_keys ... FAILED

    failures:

    failures:
        hillslope::tests::simimpl::simimpl14_contract_gate_continuous_wb13_span_and_keys

    test result: FAILED. 0 passed; 1 failed; 0 ignored; 0 measured; 238 filtered out; finished in 0.43s

  stderr ───

    thread 'hillslope::tests::simimpl::simimpl14_contract_gate_continuous_wb13_span_and_keys' (924879) panicked at crates/openwepp-runner/src/hillslope/03_tests.rs:177:22:
    fixture run should complete: RuntimeSurfaceFailure { surface: "r7c_direct_production_executor", detail: "HS-SIMPIPE-E-001 direct runtime kernel guard failed in snow_stage3_v11: prepare: V11 actual-consumer identity mismatch: pending V11 parent-finalization record source" }
    note: run with `RUST_BACKTRACE=1` environment variable to display a backtrace

        FAIL [   0.005s] (3528/4202) openwepp-runner hillslope::tests::wat5_aggregate_only_positive_supply_remains_wat5_e_001
  stdout ───

    running 1 test
    test hillslope::tests::wat5_aggregate_only_positive_supply_remains_wat5_e_001 ... FAILED

    failures:

    failures:
        hillslope::tests::wat5_aggregate_only_positive_supply_remains_wat5_e_001

    test result: FAILED. 0 passed; 1 failed; 0 ignored; 0 measured; 238 filtered out; finished in 0.00s

  stderr ───

    thread 'hillslope::tests::wat5_aggregate_only_positive_supply_remains_wat5_e_001' (924913) panicked at crates/openwepp-runner/src/hillslope/tests03/wat5_output_transaction.rs:12:9:
    aggregate-only WAT5 entry no longer reaches exact-segment replay: self.run_wat5_subhourly_generation_with_segments(&[], None)
    note: run with `RUST_BACKTRACE=1` environment variable to display a backtrace

        FAIL [   0.006s] (3529/4202) openwepp-runner hillslope::tests::wat5_exact_segments_preserve_wat_pass_hbp_manifest_for_1_10_19
  stdout ───

    running 1 test
    test hillslope::tests::wat5_exact_segments_preserve_wat_pass_hbp_manifest_for_1_10_19 ... FAILED

    failures:

    failures:
        hillslope::tests::wat5_exact_segments_preserve_wat_pass_hbp_manifest_for_1_10_19

    test result: FAILED. 0 passed; 1 failed; 0 ignored; 0 measured; 238 filtered out; finished in 0.00s

  stderr ───

    thread 'hillslope::tests::wat5_exact_segments_preserve_wat_pass_hbp_manifest_for_1_10_19' (924918) panicked at crates/openwepp-runner/src/hillslope/tests03/wat5_output_transaction.rs:148:9:
    real 1/10/19 exact-segment output proof lost for ofe_count in [1_usize, 10, 19]
    note: run with `RUST_BACKTRACE=1` environment variable to display a backtrace

        FAIL [   0.487s] (3530/4202) openwepp-runner hillslope::tests::simimpl::simimpl14_contract_gate_loss_output_is_run_span_truthful
  stdout ───

    running 1 test
    test hillslope::tests::simimpl::simimpl14_contract_gate_loss_output_is_run_span_truthful ... FAILED

    failures:

    failures:
        hillslope::tests::simimpl::simimpl14_contract_gate_loss_output_is_run_span_truthful

    test result: FAILED. 0 passed; 1 failed; 0 ignored; 0 measured; 238 filtered out; finished in 0.48s

  stderr ───

    thread 'hillslope::tests::simimpl::simimpl14_contract_gate_loss_output_is_run_span_truthful' (924884) panicked at crates/openwepp-runner/src/hillslope/03_tests.rs:177:22:
    fixture run should complete: RuntimeSurfaceFailure { surface: "r7c_direct_production_executor", detail: "HS-SIMPIPE-E-001 direct runtime kernel guard failed in snow_stage3_v11: prepare: V11 actual-consumer identity mismatch: pending V11 parent-finalization record source" }
    note: run with `RUST_BACKTRACE=1` environment variable to display a backtrace

        FAIL [   0.089s] (3609/4202) openwepp-runner::watershed_cli_behavior_contract wshedw2_watershed_cli_generated_mode_accepts_relative_output_dir
  stdout ───

    running 1 test
    test wshedw2_watershed_cli_generated_mode_accepts_relative_output_dir ... FAILED

    failures:

    failures:
        wshedw2_watershed_cli_generated_mode_accepts_relative_output_dir

    test result: FAILED. 0 passed; 1 failed; 0 ignored; 0 measured; 28 filtered out; finished in 0.08s

  stderr ───

    thread 'wshedw2_watershed_cli_generated_mode_accepts_relative_output_dir' (925181) panicked at crates/openwepp-runner/tests/watershed_cli_behavior_contract.rs:288:5:
    generated watershed run should accept relative --output-dir; stderr=CLIWAT-E-043 hillslope worker pool failed; launched=1, completed=1, skipped_pending=0; hillslope job 1 failed: CLIWAT-E-043 hillslope job 1 exited non-zero; stdout=/tmp/openwepp-roger-openWEPP-295c6e060aa9/wshedw2_relative_output_dir_1788757358657388224/relative-out/hillslope-jobs/H1/H1.stdout.log, stderr=/tmp/openwepp-roger-openWEPP-295c6e060aa9/wshedw2_relative_output_dir_1788757358657388224/relative-out/hillslope-jobs/H1/H1.stderr.log

    note: run with `RUST_BACKTRACE=1` environment variable to display a backtrace

        FAIL [   0.062s] (3614/4202) openwepp-runner::watershed_cli_behavior_contract wshedw2_watershed_cli_serial_supervisor_generates_pass_inventory_and_routes
  stdout ───

    running 1 test
    test wshedw2_watershed_cli_serial_supervisor_generates_pass_inventory_and_routes ... FAILED

    failures:

    failures:
        wshedw2_watershed_cli_serial_supervisor_generates_pass_inventory_and_routes

    test result: FAILED. 0 passed; 1 failed; 0 ignored; 0 measured; 28 filtered out; finished in 0.06s

  stderr ───

    thread 'wshedw2_watershed_cli_serial_supervisor_generates_pass_inventory_and_routes' (925202) panicked at crates/openwepp-runner/tests/watershed_cli_behavior_contract.rs:229:5:
    watershed CLI should execute generated hillslope job, validate pass inventory, and route; stderr=CLIWAT-E-043 hillslope worker pool failed; launched=1, completed=1, skipped_pending=0; hillslope job 1 failed: CLIWAT-E-043 hillslope job 1 exited non-zero; stdout=/tmp/openwepp-roger-openWEPP-295c6e060aa9/wshedw2_serial_supervisor_1788757358811844865/out/hillslope-jobs/H1/H1.stdout.log, stderr=/tmp/openwepp-roger-openWEPP-295c6e060aa9/wshedw2_serial_supervisor_1788757358811844865/out/hillslope-jobs/H1/H1.stderr.log

    note: run with `RUST_BACKTRACE=1` environment variable to display a backtrace

        FAIL [   0.090s] (3615/4202) openwepp-runner::watershed_cli_behavior_contract wshedw3_watershed_cli_worker_pool_matches_jobs1_outputs_and_isolates_artifacts
  stdout ───

    running 1 test
    test wshedw3_watershed_cli_worker_pool_matches_jobs1_outputs_and_isolates_artifacts ... FAILED

    failures:

    failures:
        wshedw3_watershed_cli_worker_pool_matches_jobs1_outputs_and_isolates_artifacts

    test result: FAILED. 0 passed; 1 failed; 0 ignored; 0 measured; 28 filtered out; finished in 0.08s

  stderr ───

    thread 'wshedw3_watershed_cli_worker_pool_matches_jobs1_outputs_and_isolates_artifacts' (925207) panicked at crates/openwepp-runner/tests/watershed_cli_behavior_contract.rs:1772:5:
    generated multi-hillslope watershed run should complete for --jobs 1; stderr=CLIWAT-E-043 hillslope worker pool failed; launched=1, completed=1, skipped_pending=2; hillslope job 1 failed: CLIWAT-E-043 hillslope job 1 exited non-zero; stdout=/tmp/openwepp-roger-openWEPP-295c6e060aa9/wshedw3_jobs1_identity_1788757358874445273/out/hillslope-jobs/H1/H1.stdout.log, stderr=/tmp/openwepp-roger-openWEPP-295c6e060aa9/wshedw3_jobs1_identity_1788757358874445273/out/hillslope-jobs/H1/H1.stderr.log

    note: run with `RUST_BACKTRACE=1` environment variable to display a backtrace

        FAIL [   0.041s] (3619/4202) openwepp-runner::watershed_cli_behavior_contract wshedw7_watershed_cli_generated_mode_accepts_relative_run_dir
  stdout ───

    running 1 test
    test wshedw7_watershed_cli_generated_mode_accepts_relative_run_dir ... FAILED

    failures:

    failures:
        wshedw7_watershed_cli_generated_mode_accepts_relative_run_dir

    test result: FAILED. 0 passed; 1 failed; 0 ignored; 0 measured; 28 filtered out; finished in 0.04s

  stderr ───

    thread 'wshedw7_watershed_cli_generated_mode_accepts_relative_run_dir' (925248) panicked at crates/openwepp-runner/tests/watershed_cli_behavior_contract.rs:326:5:
    generated watershed run should accept relative --run-dir and canonicalize child inputs; stderr=CLIWAT-E-043 hillslope worker pool failed; launched=1, completed=1, skipped_pending=0; hillslope job 1 failed: CLIWAT-E-043 hillslope job 1 exited non-zero; stdout=/tmp/openwepp-roger-openWEPP-295c6e060aa9/wshedw7_relative_run_dir_1788757359438086013/out-relative-run-dir/hillslope-jobs/H1/H1.stdout.log, stderr=/tmp/openwepp-roger-openWEPP-295c6e060aa9/wshedw7_relative_run_dir_1788757359438086013/out-relative-run-dir/hillslope-jobs/H1/H1.stderr.log

    note: run with `RUST_BACKTRACE=1` environment variable to display a backtrace

        FAIL [   0.042s] (3620/4202) openwepp-runner::watershed_cli_behavior_contract wshedw7r_p102_sediment_active_fixture_publishes_nonzero_sediment_and_jobs_identity
  stdout ───

    running 1 test
    test wshedw7r_p102_sediment_active_fixture_publishes_nonzero_sediment_and_jobs_identity ... FAILED

    failures:

    failures:
        wshedw7r_p102_sediment_active_fixture_publishes_nonzero_sediment_and_jobs_identity

    test result: FAILED. 0 passed; 1 failed; 0 ignored; 0 measured; 28 filtered out; finished in 0.04s

  stderr ───

    thread 'wshedw7r_p102_sediment_active_fixture_publishes_nonzero_sediment_and_jobs_identity' (925253) panicked at crates/openwepp-runner/tests/watershed_cli_behavior_contract.rs:355:9:
    p102 sediment-active watershed run should complete for --jobs 1; stderr=CLIWAT-E-043 hillslope worker pool failed; launched=1, completed=1, skipped_pending=0; hillslope job 1 failed: CLIWAT-E-043 hillslope job 1 exited non-zero; stdout=/tmp/openwepp-roger-openWEPP-295c6e060aa9/wshedw7r_p102_jobs1_1788757359479311022/hillslope-jobs/H1/H1.stdout.log, stderr=/tmp/openwepp-roger-openWEPP-295c6e060aa9/wshedw7r_p102_jobs1_1788757359479311022/hillslope-jobs/H1/H1.stderr.log

    note: run with `RUST_BACKTRACE=1` environment variable to display a backtrace

        FAIL [   0.084s] (3644/4202) openwepp-runner::bin/openwepp-cli-hill tests::execute_cli_runs_real_minimal_fixture_and_publishes_outputs
  stdout ───

    running 1 test
    test tests::execute_cli_runs_real_minimal_fixture_and_publishes_outputs ... FAILED

    failures:

    failures:
        tests::execute_cli_runs_real_minimal_fixture_and_publishes_outputs

    test result: FAILED. 0 passed; 1 failed; 0 ignored; 0 measured; 4 filtered out; finished in 0.08s

  stderr ───
    CLIHILL-E-011 runtime surface failure for r7c_direct_production_executor: HS-SIMPIPE-E-001 direct runtime kernel guard failed in snow_stage3_v11: prepare: Stage-3/V11 adaptive terminal direct trial failure at 0..1800000000000 ns (1800000000000 ns): unsupported production custody: forest litter cannot enter the Stage-3 open-snow solver

    thread 'tests::execute_cli_runs_real_minimal_fixture_and_publishes_outputs' (925287) panicked at crates/openwepp-runner/src/bin/openwepp-cli-hill.rs:434:9:
    assertion `left == right` failed: real CLI execution
      left: 1
     right: 0
    note: run with `RUST_BACKTRACE=1` environment variable to display a backtrace

        FAIL [   0.414s] (3800/4202) openwepp-runner::wshedw10_chaninp_absent_default_contract wshedw10_watershed_cli_absent_chaninp_uses_typed_legacy_defaults
  stdout ───

    running 1 test
    test wshedw10_watershed_cli_absent_chaninp_uses_typed_legacy_defaults ... FAILED

    failures:

    failures:
        wshedw10_watershed_cli_absent_chaninp_uses_typed_legacy_defaults

    test result: FAILED. 0 passed; 1 failed; 0 ignored; 0 measured; 0 filtered out; finished in 0.41s

  stderr ───

    thread 'wshedw10_watershed_cli_absent_chaninp_uses_typed_legacy_defaults' (925267) panicked at crates/openwepp-runner/tests/wshedw10_chaninp_absent_default_contract.rs:29:5:
    watershed CLI should apply typed WSHED-W10 chan.inp defaults; stderr=CLIWAT-E-043 hillslope worker pool failed; launched=1, completed=1, skipped_pending=0; hillslope job 1 failed: CLIWAT-E-043 hillslope job 1 exited non-zero; stdout=/tmp/openwepp-roger-openWEPP-295c6e060aa9/wshedw10_absent_chaninp_default_1788757359642812342/out/hillslope-jobs/H1/H1.stdout.log, stderr=/tmp/openwepp-roger-openWEPP-295c6e060aa9/wshedw10_absent_chaninp_default_1788757359642812342/out/hillslope-jobs/H1/H1.stderr.log

    note: run with `RUST_BACKTRACE=1` environment variable to display a backtrace

        FAIL [   1.819s] (3886/4202) openwepp-persisted-restart-v1 snow_stage3_v11::tests::before_snow_reappearance_round_trips_and_resumes_byte_identically
  stdout ───

    running 1 test
    test snow_stage3_v11::tests::before_snow_reappearance_round_trips_and_resumes_byte_identically ... FAILED

    failures:

    failures:
        snow_stage3_v11::tests::before_snow_reappearance_round_trips_and_resumes_byte_identically

    test result: FAILED. 0 passed; 1 failed; 0 ignored; 0 measured; 98 filtered out; finished in 1.81s

  stderr ───

    thread 'stage3-v11-restart-BeforeSnowReappearance' (925155) panicked at crates/openwepp-persisted-restart-v1/src/snow_stage3_v11_tests.rs:1674:49:
    called `Result::unwrap()` on an `Err` value: AdaptiveTrial { phase: "covered direct", start_ns: 72720000000000, end_ns: 72780000000000, duration_ns: 60000000000, source: V11(Executor(AdaptiveRefinement("canonical covered dependent-output instability"))) }
    note: run with `RUST_BACKTRACE=1` environment variable to display a backtrace

    thread 'snow_stage3_v11::tests::before_snow_reappearance_round_trips_and_resumes_byte_identically' (925154) panicked at crates/openwepp-persisted-restart-v1/src/snow_stage3_v11_tests.rs:1171:10:
    called `Result::unwrap()` on an `Err` value: Any { .. }

        FAIL [  25.807s] (4121/4202) openwepp::dff_ws2_ksatadj_direct_runtime dff_ws2_forest_high_severity_loam_runs_with_live_direct_ksatadj_effect
  stdout ───

    running 1 test
    test dff_ws2_forest_high_severity_loam_runs_with_live_direct_ksatadj_effect ... FAILED

    failures:

    failures:
        dff_ws2_forest_high_severity_loam_runs_with_live_direct_ksatadj_effect

    test result: FAILED. 0 passed; 1 failed; 0 ignored; 0 measured; 0 filtered out; finished in 25.80s

  stderr ───

    thread 'dff_ws2_forest_high_severity_loam_runs_with_live_direct_ksatadj_effect' (917498) panicked at tests/integration/dff_ws2_ksatadj_direct_runtime.rs:182:6:
    DFF-WS2 disturbed-burn p313 fixture should run end-to-end: RuntimeSurfaceFailure { surface: "r7c_direct_production_executor", detail: "HS-SIMPIPE-E-001 direct runtime kernel guard failed in snow_stage3_v11: prepare: V11 actual-consumer identity mismatch: pending V11 parent-finalization record source" }
    note: run with `RUST_BACKTRACE=1` environment variable to display a backtrace
    DFF_V32_PICARD_LIMITER outcome=failure samples=0 dropped=0 peak_normalized=(lse=0.000000000e0,stage3=0.000000000e0,soil_enthalpy=0.000000000e0,soil_temperature=0.000000000e0,boundary=0.000000000e0) reverse_tail=(support,iteration,stage,converged[lse,stage3,soil,boundary],normalized_delta[lse,stage3,soil_enthalpy,soil_temperature,boundary])=[]
    DFF_V32_FIXED_POINT_FAILURE entries=0 tail=[]

        FAIL [  27.601s] (4124/4202) openwepp::erosion_single_ofe_p61_sediment erosion_single_ofe_p61_produces_nonzero_sediment_through_direct_runtime
  stdout ───

    running 1 test
    test erosion_single_ofe_p61_produces_nonzero_sediment_through_direct_runtime ... FAILED

    failures:

    failures:
        erosion_single_ofe_p61_produces_nonzero_sediment_through_direct_runtime

    test result: FAILED. 0 passed; 1 failed; 0 ignored; 0 measured; 0 filtered out; finished in 27.59s

  stderr ───

    thread 'erosion_single_ofe_p61_produces_nonzero_sediment_through_direct_runtime' (917579) panicked at tests/integration/erosion_single_ofe_p61_sediment.rs:52:6:
    p61 single-OFE direct-production run should complete: RuntimeSurfaceFailure { surface: "r7c_direct_production_executor", detail: "HS-SIMPIPE-E-001 direct runtime kernel guard failed in snow_stage3_v11: prepare: V11 actual-consumer identity mismatch: pending V11 parent-finalization record source" }
    note: run with `RUST_BACKTRACE=1` environment variable to display a backtrace

        FAIL [   9.824s] (4125/4202) openwepp-runner hillslope::tests::native_forest_yaml_executes_through_the_direct_production_consumer
  stdout ───

    running 1 test
    test hillslope::tests::native_forest_yaml_executes_through_the_direct_production_consumer ... FAILED

    failures:

    failures:
        hillslope::tests::native_forest_yaml_executes_through_the_direct_production_consumer

    test result: FAILED. 0 passed; 1 failed; 0 ignored; 0 measured; 238 filtered out; finished in 9.82s

  stderr ───

    thread 'hillslope::tests::native_forest_yaml_executes_through_the_direct_production_consumer' (924760) panicked at crates/openwepp-runner/src/hillslope/03_tests.rs:530:14:
    enabled research trace must exercise the actual JSONL writer: Os { code: 2, kind: NotFound, message: "No such file or directory" }
    note: run with `RUST_BACKTRACE=1` environment variable to display a backtrace

        FAIL [  49.753s] (4201/4202) openwepp::erosion_multi_ofe_p102_chain erosion_multi_ofe_p102_wave1_chain_routes_sediment
  stdout ───

    running 1 test
    test erosion_multi_ofe_p102_wave1_chain_routes_sediment ... FAILED

    failures:

    failures:
        erosion_multi_ofe_p102_wave1_chain_routes_sediment

    test result: FAILED. 0 passed; 1 failed; 0 ignored; 0 measured; 0 filtered out; finished in 49.74s

  stderr ───

    thread 'erosion_multi_ofe_p102_wave1_chain_routes_sediment' (917578) panicked at tests/integration/erosion_multi_ofe_p102_chain.rs:206:6:
    p102 multi-OFE direct-production run should complete: RuntimeSurfaceFailure { surface: "r7c_direct_production_executor", detail: "HS-SIMPIPE-E-001 direct runtime kernel guard failed in snow_stage3_v11: prepare: Stage-3/V11 adaptive covered direct trial failure at 25200000000000..27000000000000 ns (1800000000000 ns): VEG-E-123: imported V10 segment execution failed: real hydrology identity failure: native V3 solver-ready projection" }
    note: run with `RUST_BACKTRACE=1` environment variable to display a backtrace

error: test run failed
