site_id,date,year,doy,latitude_degrees,tmax_c,tmin_c,tdew_c,vpd_pa,vpd_source
SH-DB-BEZA,2022-01-01,2022,1,-23.6558,38.710000000000001,22.32,17.359999999999999,2807.268821753124,CAL07_DAILY_CONTRACT_UNCHANGED
SH-DB-BEZA,2022-01-02,2022,2,-23.6558,39.060000000000002,22.920000000000002,15.33,3163.0292531812074,CAL07_DAILY_CONTRACT_UNCHANGED
SH-DB-BEZA,2022-01-03,2022,3,-23.6558,38.850000000000001,21.609999999999999,15.01,3052.1046973388438,CAL07_DAILY_CONTRACT_UNCHANGED
SH-DB-BEZA,2022-01-04,2022,4,-23.6558,40.149999999999999,24.260000000000002,17.690000000000001,3208.6912987306196,CAL07_DAILY_CONTRACT_UNCHANGED
SH-DB-BEZA,2022-01-05,2022,5,-23.6558,40.07,25.120000000000001,17.52,3294.3193352515718,CAL07_DAILY_CONTRACT_UNCHANGED
SH-DB-BEZA,2022-01-06,2022,6,-23.6558,37.619999999999997,24.309999999999999,18.629999999999999,2617.6855336960812,CAL07_DAILY_CONTRACT_UNCHANGED
SH-DB-BEZA,2022-01-07,2022,7,-23.6558,39.25,25.109999999999999,17.190000000000001,3176.0345074894485,CAL07_DAILY_CONTRACT_UNCHANGED
SH-DB-BEZA,2022-01-08,2022,8,-23.6558,38.799999999999997,25.440000000000001,17.43,3093.0881157943109,CAL07_DAILY_CONTRACT_UNCHANGED
SH-DB-BEZA,2022-01-09,2022,9,-23.6558,35.369999999999997,24.73,18.170000000000002,2341.7841984818301,CAL07_DAILY_CONTRACT_UNCHANGED
SH-DB-BEZA,2022-01-10,2022,10,-23.6558,37.420000000000002,24.09,18.32,2604.0471723398605,CAL07_DAILY_CONTRACT_UNCHANGED
SH-DB-BEZA,2022-01-11,2022,11,-23.6558,33.009999999999998,23.140000000000001,19.300000000000001,1694.2845846409364,CAL07_DAILY_CONTRACT_UNCHANGED
SH-DB-BEZA,2022-01-12,2022,12,-23.6558,34.689999999999998,23.870000000000001,19.800000000000001,1934.3961848638978,CAL07_DAILY_CONTRACT_UNCHANGED
SH-DB-BEZA,2022-01-13,2022,13,-23.6558,31.719999999999999,23.309999999999999,20.93,1294.9708587748451,CAL07_DAILY_CONTRACT_UNCHANGED
SH-DB-BEZA,2022-01-14,2022,14,-23.6558,36,23.359999999999999,19.949999999999999,2075.0429476216727,CAL07_DAILY_CONTRACT_UNCHANGED
SH-DB-BEZA,2022-01-15,2022,15,-23.6558,35.719999999999999,22.73,20.039999999999999,1963.0307012888434,CAL07_DAILY_CONTRACT_UNCHANGED
SH-DB-BEZA,2022-01-16,2022,16,-23.6558,33.759999999999998,21.719999999999999,20.100000000000001,1571.0716765073671,CAL07_DAILY_CONTRACT_UNCHANGED
SH-DB-BEZA,2022-01-17,2022,17,-23.6558,35.259999999999998,21.050000000000001,18.780000000000001,1931.9057753678467,CAL07_DAILY_CONTRACT_UNCHANGED
SH-DB-BEZA,2022-01-18,2022,18,-23.6558,35.770000000000003,21.77,18.02,2170.177348813505,CAL07_DAILY_CONTRACT_UNCHANGED
SH-DB-BEZA,2022-01-19,2022,19,-23.6558,34.280000000000001,21.010000000000002,18.210000000000001,1854.241884881747,CAL07_DAILY_CONTRACT_UNCHANGED
SH-DB-BEZA,2022-01-20,2022,20,-23.6558,34.039999999999999,20.359999999999999,16.359999999999999,2000.4886588689847,CAL07_DAILY_CONTRACT_UNCHANGED
SH-DB-BEZA,2022-01-21,2022,21,-23.6558,35.649999999999999,20.309999999999999,17.640000000000001,2087.9630021514681,CAL07_DAILY_CONTRACT_UNCHANGED
SH-DB-BEZA,2022-01-22,2022,22,-23.6558,37.950000000000003,22.359999999999999,18.77,2488.6260168078911,CAL07_DAILY_CONTRACT_UNCHANGED
SH-DB-BEZA,2022-01-23,2022,23,-23.6558,38.789999999999999,24.129999999999999,20.370000000000001,2567.7814327816609,CAL07_DAILY_CONTRACT_UNCHANGED
SH-DB-BEZA,2022-01-24,2022,24,-23.6558,38.670000000000002,25.170000000000002,19.149999999999999,2816.2376070467494,CAL07_DAILY_CONTRACT_UNCHANGED
SH-DB-BEZA,2022-01-25,2022,25,-23.6558,39.079999999999998,23.539999999999999,17.699999999999999,2936.6572887111706,CAL07_DAILY_CONTRACT_UNCHANGED
SH-DB-BEZA,2022-01-26,2022,26,-23.6558,38.5,22.559999999999999,17.390000000000001,2784.6125319768935,CAL07_DAILY_CONTRACT_UNCHANGED
SH-DB-BEZA,2022-01-27,2022,27,-23.6558,39.030000000000001,23.969999999999999,17.890000000000001,2940.8857003798798,CAL07_DAILY_CONTRACT_UNCHANGED
SH-DB-BEZA,2022-01-28,2022,28,-23.6558,40.359999999999999,22.68,16.210000000000001,3294.091292521538,CAL07_DAILY_CONTRACT_UNCHANGED
SH-DB-BEZA,2022-01-29,2022,29,-23.6558,39.590000000000003,22.879999999999999,17.649999999999999,2983.5341575751563,CAL07_DAILY_CONTRACT_UNCHANGED
SH-DB-BEZA,2022-01-30,2022,30,-23.6558,40.869999999999997,23.079999999999998,16.34,3415.6437762653118,CAL07_DAILY_CONTRACT_UNCHANGED
SH-DB-BEZA,2022-01-31,2022,31,-23.6558,40.920000000000002,22.73,11.65,3883.9261755413227,CAL07_DAILY_CONTRACT_UNCHANGED
SH-DB-BEZA,2022-02-01,2022,32,-23.6558,40.780000000000001,21.649999999999999,14.57,3479.2138573323837,CAL07_DAILY_CONTRACT_UNCHANGED
SH-DB-BEZA,2022-02-02,2022,33,-23.6558,40.530000000000001,21.920000000000002,13.300000000000001,3581.3710716377268,CAL07_DAILY_CONTRACT_UNCHANGED
SH-DB-BEZA,2022-02-03,2022,34,-23.6558,40.649999999999999,21.879999999999999,15.09,3414.5640582186224,CAL07_DAILY_CONTRACT_UNCHANGED
SH-DB-BEZA,2022-02-04,2022,35,-23.6558,40.869999999999997,23.469999999999999,16.960000000000001,3374.593251325964,CAL07_DAILY_CONTRACT_UNCHANGED
SH-DB-BEZA,2022-02-05,2022,36,-23.6558,38.969999999999999,24.379999999999999,18.609999999999999,2871.9427406809968,CAL07_DAILY_CONTRACT_UNCHANGED
SH-DB-BEZA,2022-02-06,2022,37,-23.6558,33.770000000000003,24.379999999999999,22.280000000000001,1462.6961209605229,CAL07_DAILY_CONTRACT_UNCHANGED
SH-DB-BEZA,2022-02-07,2022,38,-23.6558,32.700000000000003,25.23,22.399999999999999,1369.6952057736316,CAL07_DAILY_CONTRACT_UNCHANGED
SH-DB-BEZA,2022-02-08,2022,39,-23.6558,32.770000000000003,23.440000000000001,22.280000000000001,1235.9561910309144,CAL07_DAILY_CONTRACT_UNCHANGED
SH-DB-BEZA,2022-02-09,2022,40,-23.6558,34.32,22.010000000000002,19.879999999999999,1709.1887564330359,CAL07_DAILY_CONTRACT_UNCHANGED
SH-DB-BEZA,2022-02-10,2022,41,-23.6558,36.969999999999999,21.739999999999998,20.039999999999999,2089.3674223781609,CAL07_DAILY_CONTRACT_UNCHANGED
SH-DB-BEZA,2022-02-11,2022,42,-23.6558,38.68,23.41,19.25,2644.1614756804011,CAL07_DAILY_CONTRACT_UNCHANGED
SH-DB-BEZA,2022-02-12,2022,43,-23.6558,38.909999999999997,23.609999999999999,17.91,2883.9311240084467,CAL07_DAILY_CONTRACT_UNCHANGED
SH-DB-BEZA,2022-02-13,2022,44,-23.6558,39.960000000000001,21.989999999999998,16.41,3134.6582555280384,CAL07_DAILY_CONTRACT_UNCHANGED
SH-DB-BEZA,2022-02-14,2022,45,-23.6558,40.490000000000002,24.420000000000002,17.699999999999999,3289.8171506891294,CAL07_DAILY_CONTRACT_UNCHANGED
SH-DB-BEZA,2022-02-15,2022,46,-23.6558,39.719999999999999,25.469999999999999,18.82,3089.0660248595568,CAL07_DAILY_CONTRACT_UNCHANGED
SH-DB-BEZA,2022-02-16,2022,47,-23.6558,40.130000000000003,25.530000000000001,17.789999999999999,3311.1261808983872,CAL07_DAILY_CONTRACT_UNCHANGED
SH-DB-BEZA,2022-02-17,2022,48,-23.6558,39.460000000000001,25.059999999999999,18.059999999999999,3100.7545603337553,CAL07_DAILY_CONTRACT_UNCHANGED
SH-DB-BEZA,2022-02-18,2022,49,-23.6558,38.079999999999998,24.84,18.18,2808.125648056292,CAL07_DAILY_CONTRACT_UNCHANGED
SH-DB-BEZA,2022-02-19,2022,50,-23.6558,40.210000000000001,24.039999999999999,16.109999999999999,3393.7241884435593,CAL07_DAILY_CONTRACT_UNCHANGED
SH-DB-BEZA,2022-02-20,2022,51,-23.6558,40.689999999999998,23.18,17.07,3299.3400951798981,CAL07_DAILY_CONTRACT_UNCHANGED
SH-DB-BEZA,2022-02-21,2022,52,-23.6558,40.539999999999999,23.399999999999999,15.18,3509.1257076986044,CAL07_DAILY_CONTRACT_UNCHANGED
SH-DB-BEZA,2022-02-22,2022,53,-23.6558,39.369999999999997,24.640000000000001,18.359999999999999,3004.8338668635715,CAL07_DAILY_CONTRACT_UNCHANGED
SH-DB-BEZA,2022-02-23,2022,54,-23.6558,28.879999999999999,23.73,22.190000000000001,782.23652172193351,CAL07_DAILY_CONTRACT_UNCHANGED
SH-DB-BEZA,2022-02-24,2022,55,-23.6558,31.960000000000001,23.149999999999999,22.260000000000002,1103.4113198254399,CAL07_DAILY_CONTRACT_UNCHANGED
SH-DB-BEZA,2022-02-25,2022,56,-23.6558,32.560000000000002,22.149999999999999,20.879999999999999,1319.0296416248584,CAL07_DAILY_CONTRACT_UNCHANGED
SH-DB-BEZA,2022-02-26,2022,57,-23.6558,34.960000000000001,20.760000000000002,19.32,1788.7733728672524,CAL07_DAILY_CONTRACT_UNCHANGED
SH-DB-BEZA,2022-02-27,2022,58,-23.6558,34.310000000000002,22.100000000000001,20.120000000000001,1680.2190232491253,CAL07_DAILY_CONTRACT_UNCHANGED
SH-DB-BEZA,2022-02-28,2022,59,-23.6558,34.32,23.469999999999999,20.460000000000001,1746.8363923826387,CAL07_DAILY_CONTRACT_UNCHANGED
SH-DB-BEZA,2022-03-01,2022,60,-23.6558,34.25,22.73,21.66,1489.1843595213991,CAL07_DAILY_CONTRACT_UNCHANGED
SH-DB-BEZA,2022-03-02,2022,61,-23.6558,32.670000000000002,22.129999999999999,20.870000000000001,1334.153058326307,CAL07_DAILY_CONTRACT_UNCHANGED
SH-DB-BEZA,2022-03-03,2022,62,-23.6558,35.799999999999997,22.079999999999998,21.82,1651.4199251766122,CAL07_DAILY_CONTRACT_UNCHANGED
SH-DB-BEZA,2022-03-04,2022,63,-23.6558,37.299999999999997,23.329999999999998,20.620000000000001,2192.4958526887481,CAL07_DAILY_CONTRACT_UNCHANGED
SH-DB-BEZA,2022-03-05,2022,64,-23.6558,37.93,23.949999999999999,19.809999999999999,2476.4282646543988,CAL07_DAILY_CONTRACT_UNCHANGED
SH-DB-BEZA,2022-03-06,2022,65,-23.6558,38.159999999999997,22.93,18.620000000000001,2594.0893244092017,CAL07_DAILY_CONTRACT_UNCHANGED
SH-DB-BEZA,2022-03-07,2022,66,-23.6558,37.82,22.309999999999999,16.18,2788.1283687009204,CAL07_DAILY_CONTRACT_UNCHANGED
SH-DB-BEZA,2022-03-08,2022,67,-23.6558,38.409999999999997,21.989999999999998,16.469999999999999,2834.0860677795781,CAL07_DAILY_CONTRACT_UNCHANGED
SH-DB-BEZA,2022-03-09,2022,68,-23.6558,39.479999999999997,23.66,17.399999999999999,3061.2047533179689,CAL07_DAILY_CONTRACT_UNCHANGED
SH-DB-BEZA,2022-03-10,2022,69,-23.6558,38.890000000000001,24.050000000000001,19.390000000000001,2720.1567744118606,CAL07_DAILY_CONTRACT_UNCHANGED
SH-DB-BEZA,2022-03-11,2022,70,-23.6558,37.780000000000001,24.75,20.27,2455.9828184328803,CAL07_DAILY_CONTRACT_UNCHANGED
SH-DB-BEZA,2022-03-12,2022,71,-23.6558,37.719999999999999,24.84,18.879999999999999,2650.4154781376883,CAL07_DAILY_CONTRACT_UNCHANGED
SH-DB-BEZA,2022-03-13,2022,72,-23.6558,36.240000000000002,22.460000000000001,19.079999999999998,2160.9416206603173,CAL07_DAILY_CONTRACT_UNCHANGED
SH-DB-BEZA,2022-03-14,2022,73,-23.6558,34.979999999999997,23.879999999999999,18.989999999999998,2093.4579827961625,CAL07_DAILY_CONTRACT_UNCHANGED
SH-DB-BEZA,2022-03-15,2022,74,-23.6558,34.229999999999997,23.489999999999998,20.670000000000002,1703.73487949643,CAL07_DAILY_CONTRACT_UNCHANGED
SH-DB-BEZA,2022-03-16,2022,75,-23.6558,36.619999999999997,22.82,19.440000000000001,2204.1060018420717,CAL07_DAILY_CONTRACT_UNCHANGED
SH-DB-BEZA,2022-03-17,2022,76,-23.6558,37.57,23.149999999999999,20.190000000000001,2287.7216482739404,CAL07_DAILY_CONTRACT_UNCHANGED
SH-DB-BEZA,2022-03-18,2022,77,-23.6558,34.75,21.43,20.629999999999999,1618.4133531473299,CAL07_DAILY_CONTRACT_UNCHANGED
SH-DB-BEZA,2022-03-19,2022,78,-23.6558,32.600000000000001,19.23,14.27,1946.9208829255545,CAL07_DAILY_CONTRACT_UNCHANGED
SH-DB-BEZA,2022-03-20,2022,79,-23.6558,33.68,17.390000000000001,14.02,2004.9976982456542,CAL07_DAILY_CONTRACT_UNCHANGED
SH-DB-BEZA,2022-03-21,2022,80,-23.6558,35.549999999999997,18.379999999999999,14.460000000000001,2307.8935559566235,CAL07_DAILY_CONTRACT_UNCHANGED
SH-DB-BEZA,2022-03-22,2022,81,-23.6558,35.950000000000003,20.469999999999999,16.539999999999999,2283.9928853271335,CAL07_DAILY_CONTRACT_UNCHANGED
SH-DB-BEZA,2022-03-23,2022,82,-23.6558,37.310000000000002,22.34,16.940000000000001,2610.0083506610981,CAL07_DAILY_CONTRACT_UNCHANGED
SH-DB-BEZA,2022-03-24,2022,83,-23.6558,37.329999999999998,22.449999999999999,18.440000000000001,2431.1161181228545,CAL07_DAILY_CONTRACT_UNCHANGED
SH-DB-BEZA,2022-03-25,2022,84,-23.6558,35.450000000000003,22.710000000000001,19.879999999999999,1941.3215457434421,CAL07_DAILY_CONTRACT_UNCHANGED
SH-DB-BEZA,2022-03-26,2022,85,-23.6558,35.490000000000002,22.66,19.66,1974.9502138107655,CAL07_DAILY_CONTRACT_UNCHANGED
SH-DB-BEZA,2022-03-27,2022,86,-23.6558,31.789999999999999,22.16,20.93,1207.9012138202365,CAL07_DAILY_CONTRACT_UNCHANGED
SH-DB-BEZA,2022-03-28,2022,87,-23.6558,31.670000000000002,21.350000000000001,19.420000000000002,1348.265663401417,CAL07_DAILY_CONTRACT_UNCHANGED
SH-DB-BEZA,2022-03-29,2022,88,-23.6558,34.810000000000002,19.949999999999999,17.329999999999998,1968.8527918894295,CAL07_DAILY_CONTRACT_UNCHANGED
SH-DB-BEZA,2022-03-30,2022,89,-23.6558,36.670000000000002,20.879999999999999,15.17,2591.7176492131593,CAL07_DAILY_CONTRACT_UNCHANGED
SH-DB-BEZA,2022-03-31,2022,90,-23.6558,36.899999999999999,20.530000000000001,13.779999999999999,2752.4876413902994,CAL07_DAILY_CONTRACT_UNCHANGED
SH-DB-BEZA,2022-04-01,2022,91,-23.6558,36.240000000000002,19.140000000000001,14.449999999999999,2472.2778219676075,CAL07_DAILY_CONTRACT_UNCHANGED
SH-DB-BEZA,2022-04-02,2022,92,-23.6558,35.539999999999999,20.300000000000001,15,2382.02541335365,CAL07_DAILY_CONTRACT_UNCHANGED
SH-DB-BEZA,2022-04-03,2022,93,-23.6558,35.609999999999999,19.91,15.779999999999999,2277.272368844936,CAL07_DAILY_CONTRACT_UNCHANGED
SH-DB-BEZA,2022-04-04,2022,94,-23.6558,36.450000000000003,20.879999999999999,16.739999999999998,2372.965191246356,CAL07_DAILY_CONTRACT_UNCHANGED
SH-DB-BEZA,2022-04-05,2022,95,-23.6558,35.130000000000003,22.289999999999999,18.309999999999999,2072.552653215082,CAL07_DAILY_CONTRACT_UNCHANGED
SH-DB-BEZA,2022-04-06,2022,96,-23.6558,35.850000000000001,22.199999999999999,18.699999999999999,2127.7033797346812,CAL07_DAILY_CONTRACT_UNCHANGED
SH-DB-BEZA,2022-04-07,2022,97,-23.6558,36.969999999999999,21.969999999999999,19.039999999999999,2248.9519233483961,CAL07_DAILY_CONTRACT_UNCHANGED
SH-DB-BEZA,2022-04-08,2022,98,-23.6558,34.700000000000003,23.030000000000001,20.530000000000001,1756.2225550981389,CAL07_DAILY_CONTRACT_UNCHANGED
SH-DB-BEZA,2022-04-09,2022,99,-23.6558,35.090000000000003,23.07,18.030000000000001,2168.1469683327955,CAL07_DAILY_CONTRACT_UNCHANGED
SH-DB-BEZA,2022-04-10,2022,100,-23.6558,34.159999999999997,21.879999999999999,16.350000000000001,2136.4067034439399,CAL07_DAILY_CONTRACT_UNCHANGED
SH-DB-BEZA,2022-04-11,2022,101,-23.6558,35.630000000000003,21.030000000000001,16.050000000000001,2332.4174802632697,CAL07_DAILY_CONTRACT_UNCHANGED
SH-DB-BEZA,2022-04-12,2022,102,-23.6558,33.329999999999998,20.98,16.07,1977.5476760466356,CAL07_DAILY_CONTRACT_UNCHANGED
SH-DB-BEZA,2022-04-13,2022,103,-23.6558,36.710000000000001,22.059999999999999,16.489999999999998,2539.0139619375864,CAL07_DAILY_CONTRACT_UNCHANGED
SH-DB-BEZA,2022-04-14,2022,104,-23.6558,35.969999999999999,23.399999999999999,18.52,2272.2314473509232,CAL07_DAILY_CONTRACT_UNCHANGED
SH-DB-BEZA,2022-04-15,2022,105,-23.6558,33.939999999999998,24.210000000000001,18.73,2000.9748545861967,CAL07_DAILY_CONTRACT_UNCHANGED
SH-DB-BEZA,2022-04-16,2022,106,-23.6558,35.109999999999999,23.960000000000001,18.57,2177.7259903882427,CAL07_DAILY_CONTRACT_UNCHANGED
SH-DB-BEZA,2022-04-17,2022,107,-23.6558,35.539999999999999,22.510000000000002,17.82,2219.2186099719784,CAL07_DAILY_CONTRACT_UNCHANGED
SH-DB-BEZA,2022-04-18,2022,108,-23.6558,35.969999999999999,22.469999999999999,17.890000000000001,2276.1693594807816,CAL07_DAILY_CONTRACT_UNCHANGED
SH-DB-BEZA,2022-04-19,2022,109,-23.6558,37.280000000000001,22.489999999999998,18.609999999999999,2403.0451608782446,CAL07_DAILY_CONTRACT_UNCHANGED
SH-DB-BEZA,2022-04-20,2022,110,-23.6558,35.859999999999999,21.98,19.219999999999999,2040.3776164949268,CAL07_DAILY_CONTRACT_UNCHANGED
SH-DB-BEZA,2022-04-21,2022,111,-23.6558,35.700000000000003,21.73,18.07,2149.2262992965648,CAL07_DAILY_CONTRACT_UNCHANGED
SH-DB-BEZA,2022-04-22,2022,112,-23.6558,34.289999999999999,22.079999999999998,17.600000000000001,2018.6556729740162,CAL07_DAILY_CONTRACT_UNCHANGED
SH-DB-BEZA,2022-04-23,2022,113,-23.6558,30.899999999999999,24.219999999999999,20.760000000000002,1294.7354261171731,CAL07_DAILY_CONTRACT_UNCHANGED
SH-DB-BEZA,2022-04-24,2022,114,-23.6558,28.91,21.73,20.370000000000001,900.4345978322981,CAL07_DAILY_CONTRACT_UNCHANGED
SH-DB-BEZA,2022-04-25,2022,115,-23.6558,28.469999999999999,21.239999999999998,20.489999999999998,794.10459786671117,CAL07_DAILY_CONTRACT_UNCHANGED
SH-DB-BEZA,2022-04-26,2022,116,-23.6558,29.050000000000001,21.59,21.539999999999999,727.21820055785656,CAL07_DAILY_CONTRACT_UNCHANGED
SH-DB-BEZA,2022-04-27,2022,117,-23.6558,27.57,16.890000000000001,18.800000000000001,635.16501102744951,CAL07_DAILY_CONTRACT_UNCHANGED
SH-DB-BEZA,2022-04-28,2022,118,-23.6558,25.73,14.720000000000001,14.56,833.86973495099164,CAL07_DAILY_CONTRACT_UNCHANGED
SH-DB-BEZA,2022-04-29,2022,119,-23.6558,28.41,13.18,13.19,1176.8160145581796,CAL07_DAILY_CONTRACT_UNCHANGED
SH-DB-BEZA,2022-04-30,2022,120,-23.6558,30.109999999999999,15.279999999999999,15.050000000000001,1292.2771828388952,CAL07_DAILY_CONTRACT_UNCHANGED
SH-DB-BEZA,2022-05-01,2022,121,-23.6558,26.800000000000001,17.399999999999999,16.989999999999998,819.05667591124143,CAL07_DAILY_CONTRACT_UNCHANGED
SH-DB-BEZA,2022-05-02,2022,122,-23.6558,26.940000000000001,15.57,15.710000000000001,875.998158763216,CAL07_DAILY_CONTRACT_UNCHANGED
SH-DB-BEZA,2022-05-03,2022,123,-23.6558,28.16,14.84,15.19,1025.2544715052261,CAL07_DAILY_CONTRACT_UNCHANGED
SH-DB-BEZA,2022-05-04,2022,124,-23.6558,31.280000000000001,17.43,16.100000000000001,1448.0027613921213,CAL07_DAILY_CONTRACT_UNCHANGED
SH-DB-BEZA,2022-05-05,2022,125,-23.6558,32.210000000000001,17.440000000000001,14.83,1715.1870479370773,CAL07_DAILY_CONTRACT_UNCHANGED
SH-DB-BEZA,2022-05-06,2022,126,-23.6558,33.259999999999998,19.27,17.739999999999998,1638.8390296177945,CAL07_DAILY_CONTRACT_UNCHANGED
SH-DB-BEZA,2022-05-07,2022,127,-23.6558,30.550000000000001,19.800000000000001,18.800000000000001,1174.004337438329,CAL07_DAILY_CONTRACT_UNCHANGED
SH-DB-BEZA,2022-05-08,2022,128,-23.6558,30.690000000000001,19.379999999999999,18.239999999999998,1236.627981038795,CAL07_DAILY_CONTRACT_UNCHANGED
SH-DB-BEZA,2022-05-09,2022,129,-23.6558,28.620000000000001,18.399999999999999,17.75,985.74443565594993,CAL07_DAILY_CONTRACT_UNCHANGED
SH-DB-BEZA,2022-05-10,2022,130,-23.6558,26.75,17.949999999999999,16.809999999999999,870.92462029113926,CAL07_DAILY_CONTRACT_UNCHANGED
SH-DB-BEZA,2022-05-11,2022,131,-23.6558,27.559999999999999,16.5,15.73,993.5051570028329,CAL07_DAILY_CONTRACT_UNCHANGED
SH-DB-BEZA,2022-05-12,2022,132,-23.6558,29.170000000000002,14.42,14.24,1220.2762092536448,CAL07_DAILY_CONTRACT_UNCHANGED
SH-DB-BEZA,2022-05-13,2022,133,-23.6558,31.469999999999999,16.32,14.710000000000001,1561.2318061968467,CAL07_DAILY_CONTRACT_UNCHANGED
SH-DB-BEZA,2022-05-14,2022,134,-23.6558,31.059999999999999,16.989999999999998,14.25,1597.5062304761548,CAL07_DAILY_CONTRACT_UNCHANGED
SH-DB-BEZA,2022-05-15,2022,135,-23.6558,30.190000000000001,16.890000000000001,13.470000000000001,1562.448988966476,CAL07_DAILY_CONTRACT_UNCHANGED
SH-DB-BEZA,2022-05-16,2022,136,-23.6558,29.309999999999999,15.58,14.18,1306.6646037791302,CAL07_DAILY_CONTRACT_UNCHANGED
SH-DB-BEZA,2022-05-17,2022,137,-23.6558,29.050000000000001,15.74,12.69,1435.1200405818261,CAL07_DAILY_CONTRACT_UNCHANGED
SH-DB-BEZA,2022-05-18,2022,138,-23.6558,30.52,15,12.83,1557.1127911763056,CAL07_DAILY_CONTRACT_UNCHANGED
SH-DB-BEZA,2022-05-19,2022,139,-23.6558,31.5,17.02,14.289999999999999,1652.1887951364033,CAL07_DAILY_CONTRACT_UNCHANGED
SH-DB-BEZA,2022-05-20,2022,140,-23.6558,32.380000000000003,17.25,14.18,1795.8641743716034,CAL07_DAILY_CONTRACT_UNCHANGED
SH-DB-BEZA,2022-05-21,2022,141,-23.6558,32.159999999999997,15.93,12.029999999999999,1898.7128596347432,CAL07_DAILY_CONTRACT_UNCHANGED
SH-DB-BEZA,2022-05-22,2022,142,-23.6558,31.699999999999999,16.030000000000001,10.529999999999999,1976.0056306296265,CAL07_DAILY_CONTRACT_UNCHANGED
SH-DB-BEZA,2022-05-23,2022,143,-23.6558,32.789999999999999,15.43,12.039999999999999,1955.898483310021,CAL07_DAILY_CONTRACT_UNCHANGED
SH-DB-BEZA,2022-05-24,2022,144,-23.6558,32.200000000000003,16.579999999999998,14.869999999999999,1656.6388251740145,CAL07_DAILY_CONTRACT_UNCHANGED
SH-DB-BEZA,2022-05-25,2022,145,-23.6558,30.149999999999999,18.719999999999999,17.350000000000001,1238.3758594512574,CAL07_DAILY_CONTRACT_UNCHANGED
SH-DB-BEZA,2022-05-26,2022,146,-23.6558,29.32,17.41,16.039999999999999,1211.5648060479989,CAL07_DAILY_CONTRACT_UNCHANGED
SH-DB-BEZA,2022-05-27,2022,147,-23.6558,27.550000000000001,16.210000000000001,14.73,1086.4886493842423,CAL07_DAILY_CONTRACT_UNCHANGED
SH-DB-BEZA,2022-05-28,2022,148,-23.6558,26.399999999999999,13.050000000000001,11.050000000000001,1155.1281226559138,CAL07_DAILY_CONTRACT_UNCHANGED
SH-DB-BEZA,2022-05-29,2022,149,-23.6558,30.699999999999999,13.58,12.49,1537.4608233625966,CAL07_DAILY_CONTRACT_UNCHANGED
SH-DB-BEZA,2022-05-30,2022,150,-23.6558,29.91,14.390000000000001,13.77,1355.4627414740178,CAL07_DAILY_CONTRACT_UNCHANGED
SH-DB-BEZA,2022-05-31,2022,151,-23.6558,28.850000000000001,14.24,13.630000000000001,1236.7563792711503,CAL07_DAILY_CONTRACT_UNCHANGED
SH-DB-BEZA,2022-06-01,2022,152,-23.6558,25.449999999999999,14.65,14.57,801.78681277349779,CAL07_DAILY_CONTRACT_UNCHANGED
SH-DB-BEZA,2022-06-02,2022,153,-23.6558,25.620000000000001,13.77,12.880000000000001,944.72885161611339,CAL07_DAILY_CONTRACT_UNCHANGED
SH-DB-BEZA,2022-06-03,2022,154,-23.6558,27.98,13.15,12.83,1162.8343949554874,CAL07_DAILY_CONTRACT_UNCHANGED
SH-DB-BEZA,2022-06-04,2022,155,-23.6558,29.890000000000001,14,13.869999999999999,1322.3176580075872,CAL07_DAILY_CONTRACT_UNCHANGED
SH-DB-BEZA,2022-06-05,2022,156,-23.6558,29.710000000000001,17.120000000000001,15.83,1264.1182340975572,CAL07_DAILY_CONTRACT_UNCHANGED
SH-DB-BEZA,2022-06-06,2022,157,-23.6558,26.91,17.370000000000001,16.02,944.4852357374109,CAL07_DAILY_CONTRACT_UNCHANGED
SH-DB-BEZA,2022-06-07,2022,158,-23.6558,28.440000000000001,14.68,14.84,1086.3338126082565,CAL07_DAILY_CONTRACT_UNCHANGED
SH-DB-BEZA,2022-06-08,2022,159,-23.6558,26.75,15.800000000000001,14.789999999999999,971.85829306430628,CAL07_DAILY_CONTRACT_UNCHANGED
SH-DB-BEZA,2022-06-09,2022,160,-23.6558,27.84,14.16,13.07,1175.4258547908594,CAL07_DAILY_CONTRACT_UNCHANGED
SH-DB-BEZA,2022-06-10,2022,161,-23.6558,28.629999999999999,15.41,12.710000000000001,1366.2590840167456,CAL07_DAILY_CONTRACT_UNCHANGED
SH-DB-BEZA,2022-06-11,2022,162,-23.6558,28.68,13.880000000000001,13.140000000000001,1247.6543779594672,CAL07_DAILY_CONTRACT_UNCHANGED
SH-DB-BEZA,2022-06-12,2022,163,-23.6558,29.670000000000002,15.18,13.65,1381.6540758498904,CAL07_DAILY_CONTRACT_UNCHANGED
SH-DB-BEZA,2022-06-13,2022,164,-23.6558,29.129999999999999,14.529999999999999,10.210000000000001,1599.7964897103545,CAL07_DAILY_CONTRACT_UNCHANGED
SH-DB-BEZA,2022-06-14,2022,165,-23.6558,29.059999999999999,14.6,13.02,1341.0235168070217,CAL07_DAILY_CONTRACT_UNCHANGED
SH-DB-BEZA,2022-06-15,2022,166,-23.6558,30.539999999999999,15.119999999999999,12.609999999999999,1587.4317517178099,CAL07_DAILY_CONTRACT_UNCHANGED
SH-DB-BEZA,2022-06-16,2022,167,-23.6558,26.280000000000001,14.99,14.51,908.57795079945822,CAL07_DAILY_CONTRACT_UNCHANGED
SH-DB-BEZA,2022-06-17,2022,168,-23.6558,23.739999999999998,12.119999999999999,9.8499999999999996,960.00972716282536,CAL07_DAILY_CONTRACT_UNCHANGED
SH-DB-BEZA,2022-06-18,2022,169,-23.6558,24.629999999999999,10.619999999999999,9.3100000000000005,1016.9496486583112,CAL07_DAILY_CONTRACT_UNCHANGED
SH-DB-BEZA,2022-06-19,2022,170,-23.6558,27.870000000000001,11.31,11.24,1211.9080888893795,CAL07_DAILY_CONTRACT_UNCHANGED
SH-DB-BEZA,2022-06-20,2022,171,-23.6558,29.09,13.76,11.09,1479.6295373565015,CAL07_DAILY_CONTRACT_UNCHANGED
SH-DB-BEZA,2022-06-21,2022,172,-23.6558,26.149999999999999,12.43,12.029999999999999,1011.7552778548045,CAL07_DAILY_CONTRACT_UNCHANGED
SH-DB-BEZA,2022-06-22,2022,173,-23.6558,25.09,11.83,11.85,897.10779354529382,CAL07_DAILY_CONTRACT_UNCHANGED
SH-DB-BEZA,2022-06-23,2022,174,-23.6558,26.059999999999999,11.890000000000001,10.18,1140.0489063342891,CAL07_DAILY_CONTRACT_UNCHANGED
SH-DB-BEZA,2022-06-24,2022,175,-23.6558,28.449999999999999,12.93,9.9199999999999999,1464.1217090879754,CAL07_DAILY_CONTRACT_UNCHANGED
SH-DB-BEZA,2022-06-25,2022,176,-23.6558,27.280000000000001,12.56,11.050000000000001,1222.6819956900242,CAL07_DAILY_CONTRACT_UNCHANGED
SH-DB-BEZA,2022-06-26,2022,177,-23.6558,25.41,12.470000000000001,13.539999999999999,794.79370210743491,CAL07_DAILY_CONTRACT_UNCHANGED
SH-DB-BEZA,2022-06-27,2022,178,-23.6558,24.239999999999998,12.09,10.99,907.19918293455044,CAL07_DAILY_CONTRACT_UNCHANGED
SH-DB-BEZA,2022-06-28,2022,179,-23.6558,23.649999999999999,9.8900000000000006,8.4100000000000001,967.27635635979846,CAL07_DAILY_CONTRACT_UNCHANGED
SH-DB-BEZA,2022-06-29,2022,180,-23.6558,25.370000000000001,9.9199999999999999,10.01,1001.045581143987,CAL07_DAILY_CONTRACT_UNCHANGED
SH-DB-BEZA,2022-06-30,2022,181,-23.6558,24.030000000000001,13.050000000000001,11.619999999999999,878.18155002474873,CAL07_DAILY_CONTRACT_UNCHANGED
SH-DB-BEZA,2022-07-01,2022,182,-23.6558,27.629999999999999,13.1,11.83,1216.5079766141234,CAL07_DAILY_CONTRACT_UNCHANGED
SH-DB-BEZA,2022-07-02,2022,183,-23.6558,27.949999999999999,11.699999999999999,10.81,1275.7723465791212,CAL07_DAILY_CONTRACT_UNCHANGED
SH-DB-BEZA,2022-07-03,2022,184,-23.6558,28.719999999999999,12.76,9.5999999999999996,1512.4338155100836,CAL07_DAILY_CONTRACT_UNCHANGED
SH-DB-BEZA,2022-07-04,2022,185,-23.6558,28.280000000000001,12.550000000000001,9.6500000000000004,1448.6634418736464,CAL07_DAILY_CONTRACT_UNCHANGED
SH-DB-BEZA,2022-07-05,2022,186,-23.6558,29.670000000000002,13.85,11.69,1499.1102607767616,CAL07_DAILY_CONTRACT_UNCHANGED
SH-DB-BEZA,2022-07-06,2022,187,-23.6558,29.300000000000001,13.359999999999999,11.85,1415.7775147446876,CAL07_DAILY_CONTRACT_UNCHANGED
SH-DB-BEZA,2022-07-07,2022,188,-23.6558,28.75,12.880000000000001,11.140000000000001,1392.1311481955845,CAL07_DAILY_CONTRACT_UNCHANGED
SH-DB-BEZA,2022-07-08,2022,189,-23.6558,28.75,13.51,10.24,1500.4707043203668,CAL07_DAILY_CONTRACT_UNCHANGED
SH-DB-BEZA,2022-07-09,2022,190,-23.6558,28.300000000000001,14.050000000000001,10.26,1475.6086828484827,CAL07_DAILY_CONTRACT_UNCHANGED
SH-DB-BEZA,2022-07-10,2022,191,-23.6558,29.039999999999999,12.210000000000001,10.01,1489.739494147766,CAL07_DAILY_CONTRACT_UNCHANGED
SH-DB-BEZA,2022-07-11,2022,192,-23.6558,28.989999999999998,13.33,10.24,1519.0354207374905,CAL07_DAILY_CONTRACT_UNCHANGED
SH-DB-BEZA,2022-07-12,2022,193,-23.6558,28.510000000000002,13.15,10.24,1455.232452918696,CAL07_DAILY_CONTRACT_UNCHANGED
SH-DB-BEZA,2022-07-13,2022,194,-23.6558,28.359999999999999,13.470000000000001,10.25,1453.4808562938888,CAL07_DAILY_CONTRACT_UNCHANGED
SH-DB-BEZA,2022-07-14,2022,195,-23.6558,28.039999999999999,13.32,11.800000000000001,1274.9038305908928,CAL07_DAILY_CONTRACT_UNCHANGED
SH-DB-BEZA,2022-07-15,2022,196,-23.6558,27.109999999999999,12.869999999999999,12.76,1062.32918734434,CAL07_DAILY_CONTRACT_UNCHANGED
SH-DB-BEZA,2022-07-16,2022,197,-23.6558,28.390000000000001,13.94,12.289999999999999,1299.8940882653858,CAL07_DAILY_CONTRACT_UNCHANGED
SH-DB-BEZA,2022-07-17,2022,198,-23.6558,28.41,14.44,11.92,1362.7859891742803,CAL07_DAILY_CONTRACT_UNCHANGED
SH-DB-BEZA,2022-07-18,2022,199,-23.6558,28.390000000000001,12.699999999999999,11.6,1301.6285673400257,CAL07_DAILY_CONTRACT_UNCHANGED
SH-DB-BEZA,2022-07-19,2022,200,-23.6558,29.75,13.94,11.42,1537.6801200081495,CAL07_DAILY_CONTRACT_UNCHANGED
SH-DB-BEZA,2022-07-20,2022,201,-23.6558,29.25,13.720000000000001,9.5399999999999991,1626.2310484945251,CAL07_DAILY_CONTRACT_UNCHANGED
SH-DB-BEZA,2022-07-21,2022,202,-23.6558,29.699999999999999,14.859999999999999,10.5,1660.59973119805,CAL07_DAILY_CONTRACT_UNCHANGED
SH-DB-BEZA,2022-07-22,2022,203,-23.6558,29,14.67,11.25,1502.8755268432972,CAL07_DAILY_CONTRACT_UNCHANGED
SH-DB-BEZA,2022-07-23,2022,204,-23.6558,30.48,15.41,11.34,1713.4101155458711,CAL07_DAILY_CONTRACT_UNCHANGED
SH-DB-BEZA,2022-07-24,2022,205,-23.6558,29.98,15.050000000000001,13.859999999999999,1390.3827798589791,CAL07_DAILY_CONTRACT_UNCHANGED
SH-DB-BEZA,2022-07-25,2022,206,-23.6558,28.620000000000001,15.859999999999999,14.390000000000001,1220.8043215585008,CAL07_DAILY_CONTRACT_UNCHANGED
SH-DB-BEZA,2022-07-26,2022,207,-23.6558,26.629999999999999,15.289999999999999,12.960000000000001,1119.2051282982291,CAL07_DAILY_CONTRACT_UNCHANGED
SH-DB-BEZA,2022-07-27,2022,208,-23.6558,27.16,12.82,12.220000000000001,1116.5447963228376,CAL07_DAILY_CONTRACT_UNCHANGED
SH-DB-BEZA,2022-07-28,2022,209,-23.6558,28.379999999999999,13.65,12.800000000000001,1235.2267656371093,CAL07_DAILY_CONTRACT_UNCHANGED
SH-DB-BEZA,2022-07-29,2022,210,-23.6558,30.760000000000002,14.76,13.25,1532.9315868991885,CAL07_DAILY_CONTRACT_UNCHANGED
SH-DB-BEZA,2022-07-30,2022,211,-23.6558,30.469999999999999,17.670000000000002,13.24,1668.7273446251841,CAL07_DAILY_CONTRACT_UNCHANGED
SH-DB-BEZA,2022-07-31,2022,212,-23.6558,30.469999999999999,16.84,13.460000000000001,1595.0452702750833,CAL07_DAILY_CONTRACT_UNCHANGED
SH-DB-BEZA,2022-08-01,2022,213,-23.6558,29.41,16.850000000000001,13.109999999999999,1501.896155733044,CAL07_DAILY_CONTRACT_UNCHANGED
SH-DB-BEZA,2022-08-02,2022,214,-23.6558,27.870000000000001,15.52,12.449999999999999,1312.6195793624286,CAL07_DAILY_CONTRACT_UNCHANGED
SH-DB-BEZA,2022-08-03,2022,215,-23.6558,30.960000000000001,14.109999999999999,10.41,1784.1015658427896,CAL07_DAILY_CONTRACT_UNCHANGED
SH-DB-BEZA,2022-08-04,2022,216,-23.6558,30.32,16.710000000000001,13.17,1597.4778345816051,CAL07_DAILY_CONTRACT_UNCHANGED
SH-DB-BEZA,2022-08-05,2022,217,-23.6558,28.899999999999999,15.859999999999999,14.279999999999999,1264.4542624610997,CAL07_DAILY_CONTRACT_UNCHANGED
SH-DB-BEZA,2022-08-06,2022,218,-23.6558,28.210000000000001,14.699999999999999,11.92,1354.3589004613316,CAL07_DAILY_CONTRACT_UNCHANGED
SH-DB-BEZA,2022-08-07,2022,219,-23.6558,29.23,13.359999999999999,11.1,1474.8527989450504,CAL07_DAILY_CONTRACT_UNCHANGED
SH-DB-BEZA,2022-08-08,2022,220,-23.6558,31.25,14.52,10.109999999999999,1868.099488712189,CAL07_DAILY_CONTRACT_UNCHANGED
SH-DB-BEZA,2022-08-09,2022,221,-23.6558,31.920000000000002,15.02,9.5600000000000005,2028.2103405245325,CAL07_DAILY_CONTRACT_UNCHANGED
SH-DB-BEZA,2022-08-10,2022,222,-23.6558,31.899999999999999,14.880000000000001,11.16,1883.3532668810458,CAL07_DAILY_CONTRACT_UNCHANGED
SH-DB-BEZA,2022-08-11,2022,223,-23.6558,31.75,16.539999999999999,9.6999999999999993,2081.4924437223026,CAL07_DAILY_CONTRACT_UNCHANGED
SH-DB-BEZA,2022-08-12,2022,224,-23.6558,31.199999999999999,15.300000000000001,8.9900000000000002,1993.9966115894972,CAL07_DAILY_CONTRACT_UNCHANGED
SH-DB-BEZA,2022-08-13,2022,225,-23.6558,31.68,15.24,10.539999999999999,1927.5609956603521,CAL07_DAILY_CONTRACT_UNCHANGED
SH-DB-BEZA,2022-08-14,2022,226,-23.6558,32.600000000000001,15.66,11.76,1968.2557523206608,CAL07_DAILY_CONTRACT_UNCHANGED
SH-DB-BEZA,2022-08-15,2022,227,-23.6558,31.989999999999998,17.399999999999999,13.76,1795.8664752612638,CAL07_DAILY_CONTRACT_UNCHANGED
SH-DB-BEZA,2022-08-16,2022,228,-23.6558,26.850000000000001,15.59,12.27,1224.9177494454887,CAL07_DAILY_CONTRACT_UNCHANGED
SH-DB-BEZA,2022-08-17,2022,229,-23.6558,30,12.619999999999999,11.35,1508.4360603090747,CAL07_DAILY_CONTRACT_UNCHANGED
SH-DB-BEZA,2022-08-18,2022,230,-23.6558,31.52,13.74,10.75,1808.5147905048393,CAL07_DAILY_CONTRACT_UNCHANGED
SH-DB-BEZA,2022-08-19,2022,231,-23.6558,33.289999999999999,14.460000000000001,10.81,2083.5261498665732,CAL07_DAILY_CONTRACT_UNCHANGED
SH-DB-BEZA,2022-08-20,2022,232,-23.6558,31.559999999999999,16.940000000000001,15.289999999999999,1546.6502200780037,CAL07_DAILY_CONTRACT_UNCHANGED
SH-DB-BEZA,2022-08-21,2022,233,-23.6558,26.57,15.24,13.92,1013.8029990900109,CAL07_DAILY_CONTRACT_UNCHANGED
SH-DB-BEZA,2022-08-22,2022,234,-23.6558,30.510000000000002,13.369999999999999,11.789999999999999,1568.3321125502532,CAL07_DAILY_CONTRACT_UNCHANGED
SH-DB-BEZA,2022-08-23,2022,235,-23.6558,31.809999999999999,16.940000000000001,12.44,1873.3887238754749,CAL07_DAILY_CONTRACT_UNCHANGED
SH-DB-BEZA,2022-08-24,2022,236,-23.6558,31.260000000000002,16.510000000000002,10.69,1933.0380578130214,CAL07_DAILY_CONTRACT_UNCHANGED
SH-DB-BEZA,2022-08-25,2022,237,-23.6558,30.670000000000002,15.82,9.7699999999999996,1894.0161038541212,CAL07_DAILY_CONTRACT_UNCHANGED
SH-DB-BEZA,2022-08-26,2022,238,-23.6558,31.789999999999999,17.07,10.949999999999999,2014.1338610254484,CAL07_DAILY_CONTRACT_UNCHANGED
SH-DB-BEZA,2022-08-27,2022,239,-23.6558,32.200000000000003,16.280000000000001,10.57,2054.2586556796132,CAL07_DAILY_CONTRACT_UNCHANGED
SH-DB-BEZA,2022-08-28,2022,240,-23.6558,31.670000000000002,16.129999999999999,9.4900000000000002,2063.5098062659977,CAL07_DAILY_CONTRACT_UNCHANGED
SH-DB-BEZA,2022-08-29,2022,241,-23.6558,31.940000000000001,15.91,8.9100000000000001,2132.1702095537944,CAL07_DAILY_CONTRACT_UNCHANGED
SH-DB-BEZA,2022-08-30,2022,242,-23.6558,30.780000000000001,15.279999999999999,9.3300000000000001,1912.5732781612521,CAL07_DAILY_CONTRACT_UNCHANGED
SH-DB-BEZA,2022-08-31,2022,243,-23.6558,24.399999999999999,14.65,10.449999999999999,1096.318671198622,CAL07_DAILY_CONTRACT_UNCHANGED
SH-DB-BEZA,2022-09-01,2022,244,-23.6558,25.890000000000001,11.94,7.6600000000000001,1320.155231511904,CAL07_DAILY_CONTRACT_UNCHANGED
SH-DB-BEZA,2022-09-02,2022,245,-23.6558,31.390000000000001,11.75,8.1600000000000001,1901.9441402163184,CAL07_DAILY_CONTRACT_UNCHANGED
SH-DB-BEZA,2022-09-03,2022,246,-23.6558,33.079999999999998,15.32,9.8000000000000007,2185.1790612427972,CAL07_DAILY_CONTRACT_UNCHANGED
SH-DB-BEZA,2022-09-04,2022,247,-23.6558,33.340000000000003,14.24,6.8399999999999999,2384.3702234454913,CAL07_DAILY_CONTRACT_UNCHANGED
SH-DB-BEZA,2022-09-05,2022,248,-23.6558,34,15.69,8.9600000000000009,2405.9653156551703,CAL07_DAILY_CONTRACT_UNCHANGED
SH-DB-BEZA,2022-09-06,2022,249,-23.6558,34.5,15.529999999999999,10.75,2325.7215521884873,CAL07_DAILY_CONTRACT_UNCHANGED
SH-DB-BEZA,2022-09-07,2022,250,-23.6558,31.739999999999998,15.6,10.859999999999999,1928.3063338270365,CAL07_DAILY_CONTRACT_UNCHANGED
SH-DB-BEZA,2022-09-08,2022,251,-23.6558,33.829999999999998,16.5,11.1,2251.6811670828783,CAL07_DAILY_CONTRACT_UNCHANGED
SH-DB-BEZA,2022-09-09,2022,252,-23.6558,34.57,16.84,10.550000000000001,2430.3339310156293,CAL07_DAILY_CONTRACT_UNCHANGED
SH-DB-BEZA,2022-09-10,2022,253,-23.6558,34.060000000000002,16.449999999999999,9.5500000000000007,2412.7133801019872,CAL07_DAILY_CONTRACT_UNCHANGED
SH-DB-BEZA,2022-09-11,2022,254,-23.6558,34.219999999999999,15.66,7.7699999999999996,2525.8892854045152,CAL07_DAILY_CONTRACT_UNCHANGED
SH-DB-BEZA,2022-09-12,2022,255,-23.6558,35.799999999999997,16.109999999999999,8.4600000000000009,2746.7625371590461,CAL07_DAILY_CONTRACT_UNCHANGED
SH-DB-BEZA,2022-09-13,2022,256,-23.6558,32.43,16.129999999999999,12.44,1908.7094277421104,CAL07_DAILY_CONTRACT_UNCHANGED
SH-DB-BEZA,2022-09-14,2022,257,-23.6558,32.140000000000001,17.109999999999999,14.029999999999999,1770.18005286166,CAL07_DAILY_CONTRACT_UNCHANGED
SH-DB-BEZA,2022-09-15,2022,258,-23.6558,34.960000000000001,17.870000000000001,11.210000000000001,2497.5692634655843,CAL07_DAILY_CONTRACT_UNCHANGED
SH-DB-BEZA,2022-09-16,2022,259,-23.6558,34.850000000000001,17.920000000000002,10.77,2522.1524438588858,CAL07_DAILY_CONTRACT_UNCHANGED
SH-DB-BEZA,2022-09-17,2022,260,-23.6558,34.32,18.469999999999999,10.789999999999999,2475.7727663838377,CAL07_DAILY_CONTRACT_UNCHANGED
SH-DB-BEZA,2022-09-18,2022,261,-23.6558,34.909999999999997,19.670000000000002,12.109999999999999,2530.0862519833026,CAL07_DAILY_CONTRACT_UNCHANGED
SH-DB-BEZA,2022-09-19,2022,262,-23.6558,35.969999999999999,19.809999999999999,11.75,2741.4636298010705,CAL07_DAILY_CONTRACT_UNCHANGED
SH-DB-BEZA,2022-09-20,2022,263,-23.6558,36.329999999999998,19.129999999999999,10.279999999999999,2881.1521667518773,CAL07_DAILY_CONTRACT_UNCHANGED
SH-DB-BEZA,2022-09-21,2022,264,-23.6558,35.780000000000001,19.260000000000002,9.6699999999999999,2850.4041572578631,CAL07_DAILY_CONTRACT_UNCHANGED
SH-DB-BEZA,2022-09-22,2022,265,-23.6558,36.119999999999997,19.629999999999999,10.93,2826.1233001007004,CAL07_DAILY_CONTRACT_UNCHANGED
SH-DB-BEZA,2022-09-23,2022,266,-23.6558,36.200000000000003,19.440000000000001,8.9900000000000002,2985.1863042396471,CAL07_DAILY_CONTRACT_UNCHANGED
SH-DB-BEZA,2022-09-24,2022,267,-23.6558,35.659999999999997,18.09,10.31,2699.6743193796292,CAL07_DAILY_CONTRACT_UNCHANGED
SH-DB-BEZA,2022-09-25,2022,268,-23.6558,36.909999999999997,20.030000000000001,13.119999999999999,2783.8054249421857,CAL07_DAILY_CONTRACT_UNCHANGED
SH-DB-BEZA,2022-09-26,2022,269,-23.6558,36.920000000000002,19.780000000000001,12.59,2819.004335175734,CAL07_DAILY_CONTRACT_UNCHANGED
SH-DB-BEZA,2022-09-27,2022,270,-23.6558,37.409999999999997,19.579999999999998,12.460000000000001,2901.5620568091244,CAL07_DAILY_CONTRACT_UNCHANGED
SH-DB-BEZA,2022-09-28,2022,271,-23.6558,37.090000000000003,18.66,9.1699999999999999,3067.1146805834819,CAL07_DAILY_CONTRACT_UNCHANGED
SH-DB-BEZA,2022-09-29,2022,272,-23.6558,36.350000000000001,16.829999999999998,8.5700000000000003,2871.3618122603816,CAL07_DAILY_CONTRACT_UNCHANGED
SH-DB-BEZA,2022-09-30,2022,273,-23.6558,36.280000000000001,17.52,10.039999999999999,2786.437481520672,CAL07_DAILY_CONTRACT_UNCHANGED
SH-DB-BEZA,2022-10-01,2022,274,-23.6558,37.369999999999997,16.91,11.779999999999999,2782.1963540146398,CAL07_DAILY_CONTRACT_UNCHANGED
SH-DB-BEZA,2022-10-02,2022,275,-23.6558,38.329999999999998,18.710000000000001,13.18,2935.4209881003389,CAL07_DAILY_CONTRACT_UNCHANGED
SH-DB-BEZA,2022-10-03,2022,276,-23.6558,37.359999999999999,16.870000000000001,12.41,2719.4276186649158,CAL07_DAILY_CONTRACT_UNCHANGED
SH-DB-BEZA,2022-10-04,2022,277,-23.6558,37.969999999999999,17.329999999999998,13.25,2773.8810522711469,CAL07_DAILY_CONTRACT_UNCHANGED
SH-DB-BEZA,2022-10-05,2022,278,-23.6558,40.020000000000003,18.300000000000001,12.77,3267.977036327035,CAL07_DAILY_CONTRACT_UNCHANGED
SH-DB-BEZA,2022-10-06,2022,279,-23.6558,40.909999999999997,20.829999999999998,9.3300000000000001,3927.1253178020906,CAL07_DAILY_CONTRACT_UNCHANGED
SH-DB-BEZA,2022-10-07,2022,280,-23.6558,41.789999999999999,21.399999999999999,11.470000000000001,3974.5582056380249,CAL07_DAILY_CONTRACT_UNCHANGED
SH-DB-BEZA,2022-10-08,2022,281,-23.6558,41.640000000000001,20.600000000000001,12.08,3825.8728406322662,CAL07_DAILY_CONTRACT_UNCHANGED
SH-DB-BEZA,2022-10-09,2022,282,-23.6558,40.979999999999997,20.239999999999998,10.18,3828.593994693656,CAL07_DAILY_CONTRACT_UNCHANGED
SH-DB-BEZA,2022-10-10,2022,283,-23.6558,38.390000000000001,20.829999999999998,14.92,2916.8663950557589,CAL07_DAILY_CONTRACT_UNCHANGED
SH-DB-BEZA,2022-10-11,2022,284,-23.6558,39.950000000000003,20.309999999999999,12.35,3434.4930071824692,CAL07_DAILY_CONTRACT_UNCHANGED
SH-DB-BEZA,2022-10-12,2022,285,-23.6558,39.57,21.48,14,3286.1626343335265,CAL07_DAILY_CONTRACT_UNCHANGED
SH-DB-BEZA,2022-10-13,2022,286,-23.6558,38.369999999999997,21.559999999999999,16.350000000000001,2806.8144079103663,CAL07_DAILY_CONTRACT_UNCHANGED
SH-DB-BEZA,2022-10-14,2022,287,-23.6558,37.880000000000003,22.25,13.609999999999999,3074.597485668769,CAL07_DAILY_CONTRACT_UNCHANGED
SH-DB-BEZA,2022-10-15,2022,288,-23.6558,37.030000000000001,21.5,14.41,2783.1096196949993,CAL07_DAILY_CONTRACT_UNCHANGED
SH-DB-BEZA,2022-10-16,2022,289,-23.6558,35.640000000000001,21.859999999999999,15.609999999999999,2449.5685366125435,CAL07_DAILY_CONTRACT_UNCHANGED
SH-DB-BEZA,2022-10-17,2022,290,-23.6558,38.219999999999999,20.739999999999998,14.140000000000001,2962.5813688254257,CAL07_DAILY_CONTRACT_UNCHANGED
SH-DB-BEZA,2022-10-18,2022,291,-23.6558,39.18,21.48,12.720000000000001,3339.7386428974514,CAL07_DAILY_CONTRACT_UNCHANGED
SH-DB-BEZA,2022-10-19,2022,292,-23.6558,38.950000000000003,20.719999999999999,12.279999999999999,3279.9681514041658,CAL07_DAILY_CONTRACT_UNCHANGED
SH-DB-BEZA,2022-10-20,2022,293,-23.6558,38.780000000000001,22.170000000000002,15.59,3019.1737292341559,CAL07_DAILY_CONTRACT_UNCHANGED
SH-DB-BEZA,2022-10-21,2022,294,-23.6558,38.670000000000002,22.190000000000001,16.370000000000001,2909.9266341089215,CAL07_DAILY_CONTRACT_UNCHANGED
SH-DB-BEZA,2022-10-22,2022,295,-23.6558,37.329999999999998,21.93,15.84,2710.7896456086719,CAL07_DAILY_CONTRACT_UNCHANGED
SH-DB-BEZA,2022-10-23,2022,296,-23.6558,35.579999999999998,20.780000000000001,15.890000000000001,2323.9731925391775,CAL07_DAILY_CONTRACT_UNCHANGED
SH-DB-BEZA,2022-10-24,2022,297,-23.6558,34.399999999999999,21.07,16.449999999999999,2097.0863550419763,CAL07_DAILY_CONTRACT_UNCHANGED
SH-DB-BEZA,2022-10-25,2022,298,-23.6558,36.740000000000002,19.809999999999999,14.539999999999999,2593.2155000873531,CAL07_DAILY_CONTRACT_UNCHANGED
SH-DB-BEZA,2022-10-26,2022,299,-23.6558,36.799999999999997,22.73,14.369999999999999,2847.9371152248832,CAL07_DAILY_CONTRACT_UNCHANGED
SH-DB-BEZA,2022-10-27,2022,300,-23.6558,38.049999999999997,21.760000000000002,13.84,3042.01336410357,CAL07_DAILY_CONTRACT_UNCHANGED
SH-DB-BEZA,2022-10-28,2022,301,-23.6558,38.020000000000003,22.32,14.289999999999999,3034.9942554413483,CAL07_DAILY_CONTRACT_UNCHANGED
SH-DB-BEZA,2022-10-29,2022,302,-23.6558,30.129999999999999,22.329999999999998,15.74,1697.8844087730145,CAL07_DAILY_CONTRACT_UNCHANGED
SH-DB-BEZA,2022-10-30,2022,303,-23.6558,38.25,19.949999999999999,15.109999999999999,2805.48495674079,CAL07_DAILY_CONTRACT_UNCHANGED
SH-DB-BEZA,2022-10-31,2022,304,-23.6558,38.390000000000001,23.809999999999999,16.43,2989.0686758632028,CAL07_DAILY_CONTRACT_UNCHANGED
SH-DB-BEZA,2022-11-01,2022,305,-23.6558,35.740000000000002,22.579999999999998,16.41,2431.3578786142516,CAL07_DAILY_CONTRACT_UNCHANGED
SH-DB-BEZA,2022-11-02,2022,306,-23.6558,35.420000000000002,22.030000000000001,16.649999999999999,2306.482173524133,CAL07_DAILY_CONTRACT_UNCHANGED
SH-DB-BEZA,2022-11-03,2022,307,-23.6558,36.280000000000001,20.449999999999999,15.83,2419.9101462291119,CAL07_DAILY_CONTRACT_UNCHANGED
SH-DB-BEZA,2022-11-04,2022,308,-23.6558,38.020000000000003,21.030000000000001,15.470000000000001,2804.1207398238976,CAL07_DAILY_CONTRACT_UNCHANGED
SH-DB-BEZA,2022-11-05,2022,309,-23.6558,34.93,23.199999999999999,16.550000000000001,2339.1277298627838,CAL07_DAILY_CONTRACT_UNCHANGED
SH-DB-BEZA,2022-11-06,2022,310,-23.6558,34.759999999999998,21.98,17.940000000000001,2038.4015510340842,CAL07_DAILY_CONTRACT_UNCHANGED
SH-DB-BEZA,2022-11-07,2022,311,-23.6558,36.939999999999998,22.18,16,2645.4210435198138,CAL07_DAILY_CONTRACT_UNCHANGED
SH-DB-BEZA,2022-11-08,2022,312,-23.6558,35.539999999999999,23.41,15.949999999999999,2523.7872877777272,CAL07_DAILY_CONTRACT_UNCHANGED
SH-DB-BEZA,2022-11-09,2022,313,-23.6558,38.210000000000001,23.170000000000002,15.82,2971.9181511138931,CAL07_DAILY_CONTRACT_UNCHANGED
SH-DB-BEZA,2022-11-10,2022,314,-23.6558,37.920000000000002,22.440000000000001,16.73,2751.0925202843837,CAL07_DAILY_CONTRACT_UNCHANGED
SH-DB-BEZA,2022-11-11,2022,315,-23.6558,38.439999999999998,23.18,15.44,3057.8294349272123,CAL07_DAILY_CONTRACT_UNCHANGED
SH-DB-BEZA,2022-11-12,2022,316,-23.6558,39.469999999999999,23.32,15.99,3199.9145446301959,CAL07_DAILY_CONTRACT_UNCHANGED
SH-DB-BEZA,2022-11-13,2022,317,-23.6558,40.420000000000002,23.449999999999999,15.58,3444.4902637657715,CAL07_DAILY_CONTRACT_UNCHANGED
SH-DB-BEZA,2022-11-14,2022,318,-23.6558,36.43,23.960000000000001,18.960000000000001,2337.7664387287277,CAL07_DAILY_CONTRACT_UNCHANGED
SH-DB-BEZA,2022-11-15,2022,319,-23.6558,36.649999999999999,23.050000000000001,18.73,2326.4100507518278,CAL07_DAILY_CONTRACT_UNCHANGED
SH-DB-BEZA,2022-11-16,2022,320,-23.6558,35.469999999999999,22.120000000000001,17.969999999999999,2156.7656440945939,CAL07_DAILY_CONTRACT_UNCHANGED
SH-DB-BEZA,2022-11-17,2022,321,-23.6558,35.030000000000001,19.640000000000001,13.5,2411.8770506468363,CAL07_DAILY_CONTRACT_UNCHANGED
SH-DB-BEZA,2022-11-18,2022,322,-23.6558,37.219999999999999,18.48,12.050000000000001,2831.5590357518586,CAL07_DAILY_CONTRACT_UNCHANGED
SH-DB-BEZA,2022-11-19,2022,323,-23.6558,38.509999999999998,19.640000000000001,14.300000000000001,2918.1668460173892,CAL07_DAILY_CONTRACT_UNCHANGED
SH-DB-BEZA,2022-11-20,2022,324,-23.6558,35.509999999999998,19.710000000000001,18.16,1955.0332501775724,CAL07_DAILY_CONTRACT_UNCHANGED
SH-DB-BEZA,2022-11-21,2022,325,-23.6558,31.969999999999999,19.420000000000002,14.42,1858.4775531553726,CAL07_DAILY_CONTRACT_UNCHANGED
SH-DB-BEZA,2022-11-22,2022,326,-23.6558,35.420000000000002,17.149999999999999,11.4,2507.3476752453912,CAL07_DAILY_CONTRACT_UNCHANGED
SH-DB-BEZA,2022-11-23,2022,327,-23.6558,38.659999999999997,19.539999999999999,14.470000000000001,2920.6731061104651,CAL07_DAILY_CONTRACT_UNCHANGED
SH-DB-BEZA,2022-11-24,2022,328,-23.6558,35.43,22.030000000000001,18.5,2073.4559746493019,CAL07_DAILY_CONTRACT_UNCHANGED
SH-DB-BEZA,2022-11-25,2022,329,-23.6558,35.490000000000002,21.370000000000001,17.760000000000002,2127.3772606664998,CAL07_DAILY_CONTRACT_UNCHANGED
SH-DB-BEZA,2022-11-26,2022,330,-23.6558,35.75,22.41,17.789999999999999,2248.4660252210379,CAL07_DAILY_CONTRACT_UNCHANGED
SH-DB-BEZA,2022-11-27,2022,331,-23.6558,37.920000000000002,22.739999999999998,17.489999999999998,2682.1314332827214,CAL07_DAILY_CONTRACT_UNCHANGED
SH-DB-BEZA,2022-11-28,2022,332,-23.6558,37.310000000000002,21.600000000000001,16.16,2643.8953209894062,CAL07_DAILY_CONTRACT_UNCHANGED
SH-DB-BEZA,2022-11-29,2022,333,-23.6558,35.369999999999997,21.510000000000002,15.779999999999999,2359.4471959467601,CAL07_DAILY_CONTRACT_UNCHANGED
SH-DB-BEZA,2022-11-30,2022,334,-23.6558,34.590000000000003,21.530000000000001,16.829999999999998,2115.868830503945,CAL07_DAILY_CONTRACT_UNCHANGED
SH-DB-BEZA,2022-12-01,2022,335,-23.6558,32.689999999999998,22.140000000000001,17.940000000000001,1748.7423523262978,CAL07_DAILY_CONTRACT_UNCHANGED
SH-DB-BEZA,2022-12-02,2022,336,-23.6558,31.52,22.530000000000001,19.02,1478.7988937516443,CAL07_DAILY_CONTRACT_UNCHANGED
SH-DB-BEZA,2022-12-03,2022,337,-23.6558,33.100000000000001,21.969999999999999,18.32,1742.8807728793308,CAL07_DAILY_CONTRACT_UNCHANGED
SH-DB-BEZA,2022-12-04,2022,338,-23.6558,34.259999999999998,22.140000000000001,18.739999999999998,1869.661001695702,CAL07_DAILY_CONTRACT_UNCHANGED
SH-DB-BEZA,2022-12-05,2022,339,-23.6558,37.130000000000003,23.370000000000001,18.34,2487.6268008057891,CAL07_DAILY_CONTRACT_UNCHANGED
SH-DB-BEZA,2022-12-06,2022,340,-23.6558,35.43,23.850000000000001,19.280000000000001,2121.3546119546504,CAL07_DAILY_CONTRACT_UNCHANGED
SH-DB-BEZA,2022-12-07,2022,341,-23.6558,35.659999999999997,23.609999999999999,19.829999999999998,2059.1321266169139,CAL07_DAILY_CONTRACT_UNCHANGED
SH-DB-BEZA,2022-12-08,2022,342,-23.6558,39.659999999999997,23.129999999999999,16.739999999999998,3131.2739162388771,CAL07_DAILY_CONTRACT_UNCHANGED
SH-DB-BEZA,2022-12-09,2022,343,-23.6558,40.049999999999997,22.84,13.800000000000001,3510.8526634528357,CAL07_DAILY_CONTRACT_UNCHANGED
SH-DB-BEZA,2022-12-10,2022,344,-23.6558,40.240000000000002,23.75,16.789999999999999,3292.8643674440464,CAL07_DAILY_CONTRACT_UNCHANGED
SH-DB-BEZA,2022-12-11,2022,345,-23.6558,38.619999999999997,24.870000000000001,18.09,2921.0181479936186,CAL07_DAILY_CONTRACT_UNCHANGED
SH-DB-BEZA,2022-12-12,2022,346,-23.6558,38.409999999999997,25.149999999999999,18.149999999999999,2901.0815755736044,CAL07_DAILY_CONTRACT_UNCHANGED
SH-DB-BEZA,2022-12-13,2022,347,-23.6558,33.68,24,19.239999999999998,1874.0554212824713,CAL07_DAILY_CONTRACT_UNCHANGED
SH-DB-BEZA,2022-12-14,2022,348,-23.6558,29.800000000000001,23.02,17.559999999999999,1496.1609584454106,CAL07_DAILY_CONTRACT_UNCHANGED
SH-DB-BEZA,2022-12-15,2022,349,-23.6558,28.699999999999999,22.050000000000001,18.5,1164.5992057739663,CAL07_DAILY_CONTRACT_UNCHANGED
SH-DB-BEZA,2022-12-16,2022,350,-23.6558,33.299999999999997,21.739999999999998,17.66,1838.5910231271657,CAL07_DAILY_CONTRACT_UNCHANGED
SH-DB-BEZA,2022-12-17,2022,351,-23.6558,33.259999999999998,22.5,18.890000000000001,1732.4212962285333,CAL07_DAILY_CONTRACT_UNCHANGED
SH-DB-BEZA,2022-12-18,2022,352,-23.6558,35.439999999999998,22.289999999999999,18.739999999999998,2063.946526376415,CAL07_DAILY_CONTRACT_UNCHANGED
SH-DB-BEZA,2022-12-19,2022,353,-23.6558,31.32,23.559999999999999,19.57,1463.7918804023193,CAL07_DAILY_CONTRACT_UNCHANGED
SH-DB-BEZA,2022-12-20,2022,354,-23.6558,31.149999999999999,22.800000000000001,20.41,1255.0757502922597,CAL07_DAILY_CONTRACT_UNCHANGED
SH-DB-BEZA,2022-12-21,2022,355,-23.6558,28.109999999999999,19.27,21.32,483.1329984188128,CAL07_DAILY_CONTRACT_UNCHANGED
SH-DB-BEZA,2022-12-22,2022,356,-23.6558,28.710000000000001,18.170000000000002,17.120000000000001,1060.0802105577095,CAL07_DAILY_CONTRACT_UNCHANGED
SH-DB-BEZA,2022-12-23,2022,357,-23.6558,29.859999999999999,17.329999999999998,14.949999999999999,1394.0042388239899,CAL07_DAILY_CONTRACT_UNCHANGED
SH-DB-BEZA,2022-12-24,2022,358,-23.6558,33.579999999999998,15.98,16.100000000000001,1676.1110442385418,CAL07_DAILY_CONTRACT_UNCHANGED
SH-DB-BEZA,2022-12-25,2022,359,-23.6558,34.68,19.530000000000001,18.289999999999999,1795.6259452504737,CAL07_DAILY_CONTRACT_UNCHANGED
SH-DB-BEZA,2022-12-26,2022,360,-23.6558,35.659999999999997,21.579999999999998,20.620000000000001,1774.4863482380865,CAL07_DAILY_CONTRACT_UNCHANGED
SH-DB-BEZA,2022-12-27,2022,361,-23.6558,33.75,23.629999999999999,20.34,1694.0256916315243,CAL07_DAILY_CONTRACT_UNCHANGED
SH-DB-BEZA,2022-12-28,2022,362,-23.6558,34.530000000000001,22.84,21.010000000000002,1641.7757258603192,CAL07_DAILY_CONTRACT_UNCHANGED
SH-DB-BEZA,2022-12-29,2022,363,-23.6558,35.25,23.690000000000001,21.18,1800.2067423387721,CAL07_DAILY_CONTRACT_UNCHANGED
SH-DB-BEZA,2022-12-30,2022,364,-23.6558,34.890000000000001,23.890000000000001,21.949999999999999,1640.5454804247661,CAL07_DAILY_CONTRACT_UNCHANGED
SH-DB-BEZA,2022-12-31,2022,365,-23.6558,37.32,22.949999999999999,17.559999999999999,2585.4078306819165,CAL07_DAILY_CONTRACT_UNCHANGED
SH-DB-BEZA,2023-01-01,2023,1,-23.6558,36.219999999999999,22.050000000000001,17.510000000000002,2331.2929961167456,CAL07_DAILY_CONTRACT_UNCHANGED
SH-DB-BEZA,2023-01-02,2023,2,-23.6558,33.25,23.219999999999999,19.02,1773.9409928970554,CAL07_DAILY_CONTRACT_UNCHANGED
SH-DB-BEZA,2023-01-03,2023,3,-23.6558,28.890000000000001,22.350000000000001,20.530000000000001,924.46738846304152,CAL07_DAILY_CONTRACT_UNCHANGED
SH-DB-BEZA,2023-01-04,2023,4,-23.6558,29.93,21.93,20.32,1044.3619359943618,CAL07_DAILY_CONTRACT_UNCHANGED
SH-DB-BEZA,2023-01-05,2023,5,-23.6558,31.109999999999999,22.190000000000001,20.460000000000001,1192.055023796232,CAL07_DAILY_CONTRACT_UNCHANGED
SH-DB-BEZA,2023-01-06,2023,6,-23.6558,32.560000000000002,22.43,20.510000000000002,1397.5456912444424,CAL07_DAILY_CONTRACT_UNCHANGED
SH-DB-BEZA,2023-01-07,2023,7,-23.6558,33.130000000000003,23.359999999999999,21.059999999999999,1472.8836347341835,CAL07_DAILY_CONTRACT_UNCHANGED
SH-DB-BEZA,2023-01-08,2023,8,-23.6558,35,22.809999999999999,20.43,1798.7458823195971,CAL07_DAILY_CONTRACT_UNCHANGED
SH-DB-BEZA,2023-01-09,2023,9,-23.6558,36.329999999999998,23.620000000000001,20.780000000000001,2029.377693034583,CAL07_DAILY_CONTRACT_UNCHANGED
SH-DB-BEZA,2023-01-10,2023,10,-23.6558,30.379999999999999,23.199999999999999,22.5,864.4277093188266,CAL07_DAILY_CONTRACT_UNCHANGED
SH-DB-BEZA,2023-01-11,2023,11,-23.6558,32.229999999999997,22.050000000000001,21.539999999999999,1163.758635587797,CAL07_DAILY_CONTRACT_UNCHANGED
SH-DB-BEZA,2023-01-12,2023,12,-23.6558,31.199999999999999,22.309999999999999,21.449999999999999,1062.5663048288147,CAL07_DAILY_CONTRACT_UNCHANGED
SH-DB-BEZA,2023-01-13,2023,13,-23.6558,33.420000000000002,23.25,20.969999999999999,1518.6086925912045,CAL07_DAILY_CONTRACT_UNCHANGED
SH-DB-BEZA,2023-01-14,2023,14,-23.6558,35.009999999999998,23.100000000000001,20.5,1814.4911587773304,CAL07_DAILY_CONTRACT_UNCHANGED
SH-DB-BEZA,2023-01-15,2023,15,-23.6558,35.729999999999997,21.82,18.91,2049.2207296213492,CAL07_DAILY_CONTRACT_UNCHANGED
SH-DB-BEZA,2023-01-16,2023,16,-23.6558,36.490000000000002,21.710000000000001,18.280000000000001,2249.4668694129664,CAL07_DAILY_CONTRACT_UNCHANGED
SH-DB-BEZA,2023-01-17,2023,17,-23.6558,37.409999999999997,22.309999999999999,17.760000000000002,2522.2558849418056,CAL07_DAILY_CONTRACT_UNCHANGED
SH-DB-BEZA,2023-01-18,2023,18,-23.6558,37.490000000000002,20.879999999999999,16.969999999999999,2522.4341810950386,CAL07_DAILY_CONTRACT_UNCHANGED
SH-DB-BEZA,2023-01-19,2023,19,-23.6558,37.43,20.129999999999999,16.460000000000001,2517.8168496273729,CAL07_DAILY_CONTRACT_UNCHANGED
SH-DB-BEZA,2023-01-20,2023,20,-23.6558,37.579999999999998,20.280000000000001,18.030000000000001,2359.5620312269416,CAL07_DAILY_CONTRACT_UNCHANGED
SH-DB-BEZA,2023-01-21,2023,21,-23.6558,36.560000000000002,22.710000000000001,20.289999999999999,2062.6717618530788,CAL07_DAILY_CONTRACT_UNCHANGED
SH-DB-BEZA,2023-01-22,2023,22,-23.6558,34.740000000000002,23.579999999999998,19.359999999999999,1978.7173059106976,CAL07_DAILY_CONTRACT_UNCHANGED
SH-DB-BEZA,2023-01-23,2023,23,-23.6558,32,23.710000000000001,19.02,1643.436557476437,CAL07_DAILY_CONTRACT_UNCHANGED
SH-DB-BEZA,2023-01-24,2023,24,-23.6558,31,23.02,20.649999999999999,1218.6770964337547,CAL07_DAILY_CONTRACT_UNCHANGED
SH-DB-BEZA,2023-01-25,2023,25,-23.6558,33.25,23.440000000000001,20.449999999999999,1588.8818354105242,CAL07_DAILY_CONTRACT_UNCHANGED
SH-DB-BEZA,2023-01-26,2023,26,-23.6558,31.620000000000001,22.23,21.800000000000001,1055.5506961940496,CAL07_DAILY_CONTRACT_UNCHANGED
SH-DB-BEZA,2023-01-27,2023,27,-23.6558,31.079999999999998,22.420000000000002,21.379999999999999,1067.0845198618899,CAL07_DAILY_CONTRACT_UNCHANGED
SH-DB-BEZA,2023-01-28,2023,28,-23.6558,31.18,24.73,22.350000000000001,1127.1490565791473,CAL07_DAILY_CONTRACT_UNCHANGED
SH-DB-BEZA,2023-01-29,2023,29,-23.6558,30.390000000000001,22.789999999999999,22.640000000000001,807.58704010789916,CAL07_DAILY_CONTRACT_UNCHANGED
SH-DB-BEZA,2023-01-30,2023,30,-23.6558,32.600000000000001,21.850000000000001,20.420000000000002,1369.3478085475308,CAL07_DAILY_CONTRACT_UNCHANGED
SH-DB-BEZA,2023-01-31,2023,31,-23.6558,33.340000000000003,20.52,19,1573.3533399804405,CAL07_DAILY_CONTRACT_UNCHANGED
SH-DB-BEZA,2023-02-01,2023,32,-23.6558,34.649999999999999,20.239999999999998,19.309999999999999,1703.7814046926742,CAL07_DAILY_CONTRACT_UNCHANGED
SH-DB-BEZA,2023-02-02,2023,33,-23.6558,32.859999999999999,22.899999999999999,19.98,1556.2476192092349,CAL07_DAILY_CONTRACT_UNCHANGED
SH-DB-BEZA,2023-02-03,2023,34,-23.6558,34.840000000000003,22.079999999999998,20.170000000000002,1751.9979558057516,CAL07_DAILY_CONTRACT_UNCHANGED
SH-DB-BEZA,2023-02-04,2023,35,-23.6558,33.329999999999998,23.780000000000001,19.940000000000001,1704.7643773760242,CAL07_DAILY_CONTRACT_UNCHANGED
SH-DB-BEZA,2023-02-05,2023,36,-23.6558,31.140000000000001,22.640000000000001,20.170000000000002,1275.6815434134792,CAL07_DAILY_CONTRACT_UNCHANGED
SH-DB-BEZA,2023-02-06,2023,37,-23.6558,32.240000000000002,21.699999999999999,19.640000000000001,1421.128157354136,CAL07_DAILY_CONTRACT_UNCHANGED
SH-DB-BEZA,2023-02-07,2023,38,-23.6558,31.27,22.66,20.760000000000002,1206.5679430822661,CAL07_DAILY_CONTRACT_UNCHANGED
SH-DB-BEZA,2023-02-08,2023,39,-23.6558,30.879999999999999,21.559999999999999,19.780000000000001,1211.2941856004254,CAL07_DAILY_CONTRACT_UNCHANGED
SH-DB-BEZA,2023-02-09,2023,40,-23.6558,33.630000000000003,22.260000000000002,21.079999999999998,1449.1339867978068,CAL07_DAILY_CONTRACT_UNCHANGED
SH-DB-BEZA,2023-02-10,2023,41,-23.6558,31.09,22.25,21.41,1049.7437139801359,CAL07_DAILY_CONTRACT_UNCHANGED
SH-DB-BEZA,2023-02-11,2023,42,-23.6558,35.409999999999997,21.760000000000002,20.77,1726.3421030120126,CAL07_DAILY_CONTRACT_UNCHANGED
SH-DB-BEZA,2023-02-12,2023,43,-23.6558,36.32,22.09,20.77,1900.2003731005088,CAL07_DAILY_CONTRACT_UNCHANGED
SH-DB-BEZA,2023-02-13,2023,44,-23.6558,35.5,22.789999999999999,20.59,1851.887618735841,CAL07_DAILY_CONTRACT_UNCHANGED
SH-DB-BEZA,2023-02-14,2023,45,-23.6558,35.859999999999999,23.370000000000001,17.620000000000001,2369.0342720636017,CAL07_DAILY_CONTRACT_UNCHANGED
SH-DB-BEZA,2023-02-15,2023,46,-23.6558,34.68,22.100000000000001,18.629999999999999,1944.8619360166763,CAL07_DAILY_CONTRACT_UNCHANGED
SH-DB-BEZA,2023-02-16,2023,47,-23.6558,35.130000000000003,22.390000000000001,19.280000000000001,1949.249349425228,CAL07_DAILY_CONTRACT_UNCHANGED
SH-DB-BEZA,2023-02-17,2023,48,-23.6558,35.32,24.079999999999998,19.52,2090.8853446736216,CAL07_DAILY_CONTRACT_UNCHANGED
SH-DB-BEZA,2023-02-18,2023,49,-23.6558,36.009999999999998,22.879999999999999,20.41,1968.3946231304249,CAL07_DAILY_CONTRACT_UNCHANGED
SH-DB-BEZA,2023-02-19,2023,50,-23.6558,37.299999999999997,23.030000000000001,20.239999999999998,2223.0607514062076,CAL07_DAILY_CONTRACT_UNCHANGED
SH-DB-BEZA,2023-02-20,2023,51,-23.6558,39.090000000000003,24.41,21.100000000000001,2539.4074308394288,CAL07_DAILY_CONTRACT_UNCHANGED
SH-DB-BEZA,2023-02-21,2023,52,-23.6558,38.780000000000001,24.82,21.030000000000001,2530.0542187423421,CAL07_DAILY_CONTRACT_UNCHANGED
SH-DB-BEZA,2023-02-22,2023,53,-23.6558,34.200000000000003,25.109999999999999,21.690000000000001,1689.3026285473197,CAL07_DAILY_CONTRACT_UNCHANGED
SH-DB-BEZA,2023-02-23,2023,54,-23.6558,36.119999999999997,24.75,21.390000000000001,2003.35754063781,CAL07_DAILY_CONTRACT_UNCHANGED
SH-DB-BEZA,2023-02-24,2023,55,-23.6558,33.32,24.57,21.57,1528.9177809405201,CAL07_DAILY_CONTRACT_UNCHANGED
SH-DB-BEZA,2023-02-25,2023,56,-23.6558,36.700000000000003,23.760000000000002,19.120000000000001,2343.2060219813284,CAL07_DAILY_CONTRACT_UNCHANGED
SH-DB-BEZA,2023-02-26,2023,57,-23.6558,35.590000000000003,23.91,20.100000000000001,2035.4470132862984,CAL07_DAILY_CONTRACT_UNCHANGED
SH-DB-BEZA,2023-02-27,2023,58,-23.6558,36.840000000000003,23.91,20.280000000000001,2214.9680382547426,CAL07_DAILY_CONTRACT_UNCHANGED
SH-DB-BEZA,2023-02-28,2023,59,-23.6558,34.439999999999998,24.710000000000001,19.379999999999999,2032.1878827442583,CAL07_DAILY_CONTRACT_UNCHANGED
SH-DB-BEZA,2023-03-01,2023,60,-23.6558,34.700000000000003,22.949999999999999,19.530000000000001,1894.4254885828495,CAL07_DAILY_CONTRACT_UNCHANGED
SH-DB-BEZA,2023-03-02,2023,61,-23.6558,29.710000000000001,23.16,21.010000000000002,1016.3347220406058,CAL07_DAILY_CONTRACT_UNCHANGED
SH-DB-BEZA,2023-03-03,2023,62,-23.6558,26.879999999999999,22.379999999999999,21.510000000000002,557.0650673326877,CAL07_DAILY_CONTRACT_UNCHANGED
SH-DB-BEZA,2023-03-04,2023,63,-23.6558,27.559999999999999,20.850000000000001,21.48,512.8903673259224,CAL07_DAILY_CONTRACT_UNCHANGED
SH-DB-BEZA,2023-03-05,2023,64,-23.6558,27.449999999999999,22.300000000000001,22.510000000000002,449.36698729129284,CAL07_DAILY_CONTRACT_UNCHANGED
SH-DB-BEZA,2023-03-06,2023,65,-23.6558,29.52,24.670000000000002,23.59,705.56855225352274,CAL07_DAILY_CONTRACT_UNCHANGED
SH-DB-BEZA,2023-03-07,2023,66,-23.6558,30.23,23.010000000000002,22.530000000000001,824.69384392762959,CAL07_DAILY_CONTRACT_UNCHANGED
SH-DB-BEZA,2023-03-08,2023,67,-23.6558,32.049999999999997,20.809999999999999,21.219999999999999,1092.3647920675162,CAL07_DAILY_CONTRACT_UNCHANGED
SH-DB-BEZA,2023-03-09,2023,68,-23.6558,32.259999999999998,22.32,22.530000000000001,1029.9550538446465,CAL07_DAILY_CONTRACT_UNCHANGED
SH-DB-BEZA,2023-03-10,2023,69,-23.6558,28.350000000000001,22.420000000000002,22.09,626.54276884704768,CAL07_DAILY_CONTRACT_UNCHANGED
SH-DB-BEZA,2023-03-11,2023,70,-23.6558,30.800000000000001,21.09,21.440000000000001,916.2190033216516,CAL07_DAILY_CONTRACT_UNCHANGED
SH-DB-BEZA,2023-03-12,2023,71,-23.6558,30.579999999999998,19.890000000000001,21.129999999999999,847.40898517093501,CAL07_DAILY_CONTRACT_UNCHANGED
SH-DB-BEZA,2023-03-13,2023,72,-23.6558,31.02,19.449999999999999,20.07,1030.3453461725035,CAL07_DAILY_CONTRACT_UNCHANGED
SH-DB-BEZA,2023-03-14,2023,73,-23.6558,29.579999999999998,20.649999999999999,19.989999999999998,951.14124147609755,CAL07_DAILY_CONTRACT_UNCHANGED
SH-DB-BEZA,2023-03-15,2023,74,-23.6558,25.140000000000001,20.91,20.829999999999998,372.6363170428458,CAL07_DAILY_CONTRACT_UNCHANGED
SH-DB-BEZA,2023-03-16,2023,75,-23.6558,27.23,19.93,20.210000000000001,602.09912028755207,CAL07_DAILY_CONTRACT_UNCHANGED
SH-DB-BEZA,2023-03-17,2023,76,-23.6558,28.289999999999999,20.199999999999999,19.960000000000001,773.30984285977274,CAL07_DAILY_CONTRACT_UNCHANGED
SH-DB-BEZA,2023-03-18,2023,77,-23.6558,30.140000000000001,18.829999999999998,20.030000000000001,883.09909756082243,CAL07_DAILY_CONTRACT_UNCHANGED
SH-DB-BEZA,2023-03-19,2023,78,-23.6558,30.609999999999999,19.309999999999999,20.539999999999999,899.42996603046595,CAL07_DAILY_CONTRACT_UNCHANGED
SH-DB-BEZA,2023-03-20,2023,79,-23.6558,32.119999999999997,20.34,21.75,983.62126034506537,CAL07_DAILY_CONTRACT_UNCHANGED
SH-DB-BEZA,2023-03-21,2023,80,-23.6558,31.780000000000001,21.579999999999998,22.829999999999998,855.81143139029928,CAL07_DAILY_CONTRACT_UNCHANGED
SH-DB-BEZA,2023-03-22,2023,81,-23.6558,30.57,22.329999999999998,21.949999999999999,904.7936192066677,CAL07_DAILY_CONTRACT_UNCHANGED
SH-DB-BEZA,2023-03-23,2023,82,-23.6558,31.600000000000001,22.879999999999999,21.629999999999999,1133.8412614812273,CAL07_DAILY_CONTRACT_UNCHANGED
SH-DB-BEZA,2023-03-24,2023,83,-23.6558,31.530000000000001,21.75,21.09,1116.1376275098528,CAL07_DAILY_CONTRACT_UNCHANGED
SH-DB-BEZA,2023-03-25,2023,84,-23.6558,30.510000000000002,20.550000000000001,20.34,1005.9806609771849,CAL07_DAILY_CONTRACT_UNCHANGED
SH-DB-BEZA,2023-03-26,2023,85,-23.6558,32.270000000000003,20.039999999999999,20.489999999999998,1175.7858456283734,CAL07_DAILY_CONTRACT_UNCHANGED
SH-DB-BEZA,2023-03-27,2023,86,-23.6558,30,20.98,21.440000000000001,808.4882128813083,CAL07_DAILY_CONTRACT_UNCHANGED
SH-DB-BEZA,2023-03-28,2023,87,-23.6558,26.309999999999999,16.370000000000001,15.529999999999999,878.20605980962091,CAL07_DAILY_CONTRACT_UNCHANGED
SH-DB-BEZA,2023-03-29,2023,88,-23.6558,31.030000000000001,14.08,17.210000000000001,1089.9293059430961,CAL07_DAILY_CONTRACT_UNCHANGED
SH-DB-BEZA,2023-03-30,2023,89,-23.6558,30.02,19.440000000000001,20.719999999999999,808.63632918361827,CAL07_DAILY_CONTRACT_UNCHANGED
SH-DB-BEZA,2023-03-31,2023,90,-23.6558,30.210000000000001,20.309999999999999,20.75,889.91634817525437,CAL07_DAILY_CONTRACT_UNCHANGED
SH-DB-BEZA,2023-04-01,2023,91,-23.6558,30.34,20.949999999999999,21.559999999999999,829.09766628021498,CAL07_DAILY_CONTRACT_UNCHANGED
SH-DB-BEZA,2023-04-02,2023,92,-23.6558,30.809999999999999,20.399999999999999,20.09,1069.1770978091713,CAL07_DAILY_CONTRACT_UNCHANGED
SH-DB-BEZA,2023-04-03,2023,93,-23.6558,32.130000000000003,18.890000000000001,19.510000000000002,1217.7983810642027,CAL07_DAILY_CONTRACT_UNCHANGED
SH-DB-BEZA,2023-04-04,2023,94,-23.6558,31.850000000000001,20.530000000000001,20.329999999999998,1178.8869447556704,CAL07_DAILY_CONTRACT_UNCHANGED
SH-DB-BEZA,2023-04-05,2023,95,-23.6558,31.949999999999999,20.600000000000001,20.530000000000001,1167.848748406253,CAL07_DAILY_CONTRACT_UNCHANGED
SH-DB-BEZA,2023-04-06,2023,96,-23.6558,31.800000000000001,21.32,21.079999999999998,1119.5534864570386,CAL07_DAILY_CONTRACT_UNCHANGED
SH-DB-BEZA,2023-04-07,2023,97,-23.6558,32.350000000000001,21.280000000000001,20.359999999999999,1298.9643160162786,CAL07_DAILY_CONTRACT_UNCHANGED
SH-DB-BEZA,2023-04-08,2023,98,-23.6558,31.890000000000001,20.859999999999999,20.059999999999999,1248.5189518800066,CAL07_DAILY_CONTRACT_UNCHANGED
SH-DB-BEZA,2023-04-09,2023,99,-23.6558,32,20.739999999999998,19.59,1321.5795108285183,CAL07_DAILY_CONTRACT_UNCHANGED
SH-DB-BEZA,2023-04-10,2023,100,-23.6558,32.630000000000003,20.370000000000001,18.789999999999999,1490.7632914271999,CAL07_DAILY_CONTRACT_UNCHANGED
SH-DB-BEZA,2023-04-11,2023,101,-23.6558,31.57,19.57,18.789999999999999,1289.8367052690951,CAL07_DAILY_CONTRACT_UNCHANGED
SH-DB-BEZA,2023-04-12,2023,102,-23.6558,27.300000000000001,19.16,17.890000000000001,874.24172711861092,CAL07_DAILY_CONTRACT_UNCHANGED
SH-DB-BEZA,2023-04-13,2023,103,-23.6558,30.440000000000001,17.629999999999999,17.390000000000001,1197.7526342550382,CAL07_DAILY_CONTRACT_UNCHANGED
SH-DB-BEZA,2023-04-14,2023,104,-23.6558,32.43,18.219999999999999,18.82,1309.2871482764695,CAL07_DAILY_CONTRACT_UNCHANGED
SH-DB-BEZA,2023-04-15,2023,105,-23.6558,30.850000000000001,18.530000000000001,16.859999999999999,1373.4714116978703,CAL07_DAILY_CONTRACT_UNCHANGED
SH-DB-BEZA,2023-04-16,2023,106,-23.6558,29.640000000000001,16.82,16.350000000000001,1176.6485721113645,CAL07_DAILY_CONTRACT_UNCHANGED
SH-DB-BEZA,2023-04-17,2023,107,-23.6558,31.710000000000001,17.23,16.920000000000002,1393.8537674253837,CAL07_DAILY_CONTRACT_UNCHANGED
SH-DB-BEZA,2023-04-18,2023,108,-23.6558,33.409999999999997,19.399999999999999,18.190000000000001,1611.1345147207135,CAL07_DAILY_CONTRACT_UNCHANGED
SH-DB-BEZA,2023-04-19,2023,109,-23.6558,33.759999999999998,21.059999999999999,17.969999999999999,1812.2888605821781,CAL07_DAILY_CONTRACT_UNCHANGED
SH-DB-BEZA,2023-04-20,2023,110,-23.6558,32.590000000000003,21.489999999999998,18.59,1597.4209488682186,CAL07_DAILY_CONTRACT_UNCHANGED
SH-DB-BEZA,2023-04-21,2023,111,-23.6558,32.280000000000001,20.850000000000001,18.949999999999999,1456.8066664105277,CAL07_DAILY_CONTRACT_UNCHANGED
SH-DB-BEZA,2023-04-22,2023,112,-23.6558,32.25,19.289999999999999,16.989999999999998,1593.4111882179297,CAL07_DAILY_CONTRACT_UNCHANGED
SH-DB-BEZA,2023-04-23,2023,113,-23.6558,31.960000000000001,17.420000000000002,15.4,1617.212204168366,CAL07_DAILY_CONTRACT_UNCHANGED
SH-DB-BEZA,2023-04-24,2023,114,-23.6558,29.460000000000001,18.48,17.469999999999999,1124.0529096074647,CAL07_DAILY_CONTRACT_UNCHANGED
SH-DB-BEZA,2023-04-25,2023,115,-23.6558,28.129999999999999,16.280000000000001,15.220000000000001,1100.1983078820645,CAL07_DAILY_CONTRACT_UNCHANGED
SH-DB-BEZA,2023-04-26,2023,116,-23.6558,29.140000000000001,15.33,13.9,1301.7979076354361,CAL07_DAILY_CONTRACT_UNCHANGED
SH-DB-BEZA,2023-04-27,2023,117,-23.6558,29.559999999999999,15.18,14.81,1246.5817167717955,CAL07_DAILY_CONTRACT_UNCHANGED
SH-DB-BEZA,2023-04-28,2023,118,-23.6558,32.700000000000003,16.93,15.18,1712.4251075609736,CAL07_DAILY_CONTRACT_UNCHANGED
SH-DB-BEZA,2023-04-29,2023,119,-23.6558,33.340000000000003,17.260000000000002,13.94,1955.9911019981146,CAL07_DAILY_CONTRACT_UNCHANGED
SH-DB-BEZA,2023-04-30,2023,120,-23.6558,31.829999999999998,17.079999999999998,14.869999999999999,1637.3062102249014,CAL07_DAILY_CONTRACT_UNCHANGED
SH-DB-BEZA,2023-05-01,2023,121,-23.6558,29.219999999999999,16.789999999999999,15.32,1243.6908420837974,CAL07_DAILY_CONTRACT_UNCHANGED
SH-DB-BEZA,2023-05-02,2023,122,-23.6558,28.960000000000001,15.390000000000001,13.1,1364.936787640778,CAL07_DAILY_CONTRACT_UNCHANGED
SH-DB-BEZA,2023-05-03,2023,123,-23.6558,31.550000000000001,14.949999999999999,13.92,1577.2042214341891,CAL07_DAILY_CONTRACT_UNCHANGED
SH-DB-BEZA,2023-05-04,2023,124,-23.6558,32.280000000000001,16.829999999999998,15.289999999999999,1636.291828788821,CAL07_DAILY_CONTRACT_UNCHANGED
SH-DB-BEZA,2023-05-05,2023,125,-23.6558,29.75,18.579999999999998,17.510000000000002,1160.2861217324241,CAL07_DAILY_CONTRACT_UNCHANGED
SH-DB-BEZA,2023-05-06,2023,126,-23.6558,29.800000000000001,19.079999999999998,16.800000000000001,1288.2027955254468,CAL07_DAILY_CONTRACT_UNCHANGED
SH-DB-BEZA,2023-05-07,2023,127,-23.6558,31.600000000000001,17.359999999999999,15.92,1506.3489567699869,CAL07_DAILY_CONTRACT_UNCHANGED
SH-DB-BEZA,2023-05-08,2023,128,-23.6558,32.799999999999997,18.75,15.16,1845.6806911951219,CAL07_DAILY_CONTRACT_UNCHANGED
SH-DB-BEZA,2023-05-09,2023,129,-23.6558,32.869999999999997,19.280000000000001,16.280000000000001,1763.766599261703,CAL07_DAILY_CONTRACT_UNCHANGED
SH-DB-BEZA,2023-05-10,2023,130,-23.6558,32.700000000000003,19.690000000000001,16.98,1684.676948144672,CAL07_DAILY_CONTRACT_UNCHANGED
SH-DB-BEZA,2023-05-11,2023,131,-23.6558,28.440000000000001,20.809999999999999,18.100000000000001,1090.9895982222029,CAL07_DAILY_CONTRACT_UNCHANGED
SH-DB-BEZA,2023-05-12,2023,132,-23.6558,31.120000000000001,19.84,18.32,1313.4135569016007,CAL07_DAILY_CONTRACT_UNCHANGED
SH-DB-BEZA,2023-05-13,2023,133,-23.6558,31.210000000000001,19.530000000000001,17,1471.1171793918461,CAL07_DAILY_CONTRACT_UNCHANGED
SH-DB-BEZA,2023-05-14,2023,134,-23.6558,32.210000000000001,18.140000000000001,15.699999999999999,1663.123893678465,CAL07_DAILY_CONTRACT_UNCHANGED
SH-DB-BEZA,2023-05-15,2023,135,-23.6558,31.649999999999999,18.879999999999999,16.57,1535.7153567314037,CAL07_DAILY_CONTRACT_UNCHANGED
SH-DB-BEZA,2023-05-16,2023,136,-23.6558,28.16,18.350000000000001,17.350000000000001,981.44097596055872,CAL07_DAILY_CONTRACT_UNCHANGED
SH-DB-BEZA,2023-05-17,2023,137,-23.6558,28.460000000000001,15.609999999999999,14.449999999999999,1182.0312431389375,CAL07_DAILY_CONTRACT_UNCHANGED
SH-DB-BEZA,2023-05-18,2023,138,-23.6558,30.41,13.35,10.720000000000001,1649.660568877081,CAL07_DAILY_CONTRACT_UNCHANGED
SH-DB-BEZA,2023-05-19,2023,139,-23.6558,31.07,15.18,9.8900000000000006,1898.9277826212731,CAL07_DAILY_CONTRACT_UNCHANGED
SH-DB-BEZA,2023-05-20,2023,140,-23.6558,29.66,15.43,16.690000000000001,1057.0870825590771,CAL07_DAILY_CONTRACT_UNCHANGED
SH-DB-BEZA,2023-05-21,2023,141,-23.6558,27.600000000000001,16.91,14.82,1124.0596303473076,CAL07_DAILY_CONTRACT_UNCHANGED
SH-DB-BEZA,2023-05-22,2023,142,-23.6558,28.16,13.76,14.52,1041.2273073712968,CAL07_DAILY_CONTRACT_UNCHANGED
SH-DB-BEZA,2023-05-23,2023,143,-23.6558,26.109999999999999,14.44,12.880000000000001,1028.038598686936,CAL07_DAILY_CONTRACT_UNCHANGED
SH-DB-BEZA,2023-05-24,2023,144,-23.6558,25.059999999999999,11.26,9.3000000000000007,1085.8092073753,CAL07_DAILY_CONTRACT_UNCHANGED
SH-DB-BEZA,2023-05-25,2023,145,-23.6558,26.559999999999999,12.85,12.140000000000001,1063.1716757192737,CAL07_DAILY_CONTRACT_UNCHANGED
SH-DB-BEZA,2023-05-26,2023,146,-23.6558,31.170000000000002,14.4,13.44,1546.9879723643173,CAL07_DAILY_CONTRACT_UNCHANGED
SH-DB-BEZA,2023-05-27,2023,147,-23.6558,31.440000000000001,16.219999999999999,13.279999999999999,1699.7535715039019,CAL07_DAILY_CONTRACT_UNCHANGED
SH-DB-BEZA,2023-05-28,2023,148,-23.6558,31.059999999999999,17.390000000000001,14.24,1623.3783478338894,CAL07_DAILY_CONTRACT_UNCHANGED
SH-DB-BEZA,2023-05-29,2023,149,-23.6558,31.59,15.5,12.33,1769.9923878188911,CAL07_DAILY_CONTRACT_UNCHANGED
SH-DB-BEZA,2023-05-30,2023,150,-23.6558,31.98,15.33,11.09,1925.0724063371788,CAL07_DAILY_CONTRACT_UNCHANGED
SH-DB-BEZA,2023-05-31,2023,151,-23.6558,32.030000000000001,15.66,12.279999999999999,1842.3369577702163,CAL07_DAILY_CONTRACT_UNCHANGED
SH-DB-BEZA,2023-06-01,2023,152,-23.6558,31.98,15.210000000000001,11.49,1882.8842622746461,CAL07_DAILY_CONTRACT_UNCHANGED
SH-DB-BEZA,2023-06-02,2023,153,-23.6558,31.739999999999998,15.779999999999999,11.66,1867.6996611557263,CAL07_DAILY_CONTRACT_UNCHANGED
SH-DB-BEZA,2023-06-03,2023,154,-23.6558,32.200000000000003,16.539999999999999,12.880000000000001,1859.3134834441435,CAL07_DAILY_CONTRACT_UNCHANGED
SH-DB-BEZA,2023-06-04,2023,155,-23.6558,32.579999999999998,16.52,14.18,1778.8338604942419,CAL07_DAILY_CONTRACT_UNCHANGED
SH-DB-BEZA,2023-06-05,2023,156,-23.6558,32.909999999999997,17.460000000000001,14.56,1842.242514632188,CAL07_DAILY_CONTRACT_UNCHANGED
SH-DB-BEZA,2023-06-06,2023,157,-23.6558,31.640000000000001,17.52,14.039999999999999,1727.9466017466925,CAL07_DAILY_CONTRACT_UNCHANGED
SH-DB-BEZA,2023-06-07,2023,158,-23.6558,31.699999999999999,16.780000000000001,11.73,1915.0317231547813,CAL07_DAILY_CONTRACT_UNCHANGED
SH-DB-BEZA,2023-06-08,2023,159,-23.6558,32.450000000000003,17.23,15.1,1705.2346176726792,CAL07_DAILY_CONTRACT_UNCHANGED
SH-DB-BEZA,2023-06-09,2023,160,-23.6558,31.84,16.379999999999999,14.619999999999999,1623.3526717008012,CAL07_DAILY_CONTRACT_UNCHANGED
SH-DB-BEZA,2023-06-10,2023,161,-23.6558,29.600000000000001,15.08,13.85,1347.3053776308539,CAL07_DAILY_CONTRACT_UNCHANGED
SH-DB-BEZA,2023-06-11,2023,162,-23.6558,28.780000000000001,13.859999999999999,13.130000000000001,1259.0300507077623,CAL07_DAILY_CONTRACT_UNCHANGED
SH-DB-BEZA,2023-06-12,2023,163,-23.6558,29.149999999999999,14.199999999999999,13.5,1282.5342596001537,CAL07_DAILY_CONTRACT_UNCHANGED
SH-DB-BEZA,2023-06-13,2023,164,-23.6558,26.800000000000001,14.9,13.289999999999999,1082.6375659032406,CAL07_DAILY_CONTRACT_UNCHANGED
SH-DB-BEZA,2023-06-14,2023,165,-23.6558,30.07,13.640000000000001,11.130000000000001,1586.7840648867736,CAL07_DAILY_CONTRACT_UNCHANGED
SH-DB-BEZA,2023-06-15,2023,166,-23.6558,30.82,14.31,10.44,1774.2626600895708,CAL07_DAILY_CONTRACT_UNCHANGED
SH-DB-BEZA,2023-06-16,2023,167,-23.6558,28.73,13.210000000000001,14.779999999999999,1049.6930040376712,CAL07_DAILY_CONTRACT_UNCHANGED
SH-DB-BEZA,2023-06-17,2023,168,-23.6558,27.91,14.94,13.66,1165.795874881788,CAL07_DAILY_CONTRACT_UNCHANGED
SH-DB-BEZA,2023-06-18,2023,169,-23.6558,30.309999999999999,13.029999999999999,10.73,1620.5651586548215,CAL07_DAILY_CONTRACT_UNCHANGED
SH-DB-BEZA,2023-06-19,2023,170,-23.6558,30.77,14.07,13.1,1512.3936912337492,CAL07_DAILY_CONTRACT_UNCHANGED
SH-DB-BEZA,2023-06-20,2023,171,-23.6558,29.050000000000001,16.190000000000001,15.01,1222.4242573107567,CAL07_DAILY_CONTRACT_UNCHANGED
SH-DB-BEZA,2023-06-21,2023,172,-23.6558,28.850000000000001,14.279999999999999,13.09,1292.8736003416209,CAL07_DAILY_CONTRACT_UNCHANGED
SH-DB-BEZA,2023-06-22,2023,173,-23.6558,28.420000000000002,15.44,12.26,1387.0165930597414,CAL07_DAILY_CONTRACT_UNCHANGED
SH-DB-BEZA,2023-06-23,2023,174,-23.6558,24.280000000000001,14.82,13.359999999999999,826.65093515268632,CAL07_DAILY_CONTRACT_UNCHANGED
SH-DB-BEZA,2023-06-24,2023,175,-23.6558,24.109999999999999,11.17,8.8000000000000007,1033.0078901368188,CAL07_DAILY_CONTRACT_UNCHANGED
SH-DB-BEZA,2023-06-25,2023,176,-23.6558,24.379999999999999,9.3300000000000001,6.6100000000000003,1137.9387871659249,CAL07_DAILY_CONTRACT_UNCHANGED
SH-DB-BEZA,2023-06-26,2023,177,-23.6558,26.300000000000001,9.2599999999999998,7.8300000000000001,1234.5372201231598,CAL07_DAILY_CONTRACT_UNCHANGED
SH-DB-BEZA,2023-06-27,2023,178,-23.6558,26.920000000000002,11.970000000000001,10.24,1226.3647897883527,CAL07_DAILY_CONTRACT_UNCHANGED
SH-DB-BEZA,2023-06-28,2023,179,-23.6558,27.489999999999998,11.69,10.07,1287.9028767996326,CAL07_DAILY_CONTRACT_UNCHANGED
SH-DB-BEZA,2023-06-29,2023,180,-23.6558,27.969999999999999,12.880000000000001,11.51,1271.8091028686122,CAL07_DAILY_CONTRACT_UNCHANGED
SH-DB-BEZA,2023-06-30,2023,181,-23.6558,29.190000000000001,14.52,12.6,1392.5845179845571,CAL07_DAILY_CONTRACT_UNCHANGED
SH-DB-BEZA,2023-07-01,2023,182,-23.6558,27.210000000000001,14.75,13.9,1055.5363105476556,CAL07_DAILY_CONTRACT_UNCHANGED
SH-DB-BEZA,2023-07-02,2023,183,-23.6558,28.109999999999999,12.789999999999999,11.720000000000001,1263.8865646575173,CAL07_DAILY_CONTRACT_UNCHANGED
SH-DB-BEZA,2023-07-03,2023,184,-23.6558,28.66,12.890000000000001,9.6600000000000001,1507.0708950412893,CAL07_DAILY_CONTRACT_UNCHANGED
SH-DB-BEZA,2023-07-04,2023,185,-23.6558,29.300000000000001,12.630000000000001,9.9000000000000004,1549.0179344146488,CAL07_DAILY_CONTRACT_UNCHANGED
SH-DB-BEZA,2023-07-05,2023,186,-23.6558,27.91,12.57,12.029999999999999,1202.822048324502,CAL07_DAILY_CONTRACT_UNCHANGED
SH-DB-BEZA,2023-07-06,2023,187,-23.6558,26.050000000000001,13.17,12,1040.3841833517629,CAL07_DAILY_CONTRACT_UNCHANGED
SH-DB-BEZA,2023-07-07,2023,188,-23.6558,28.329999999999998,12.539999999999999,12.119999999999999,1239.531135299324,CAL07_DAILY_CONTRACT_UNCHANGED
SH-DB-BEZA,2023-07-08,2023,189,-23.6558,30.510000000000002,14.18,11.92,1597.8922652721333,CAL07_DAILY_CONTRACT_UNCHANGED
SH-DB-BEZA,2023-07-09,2023,190,-23.6558,30.640000000000001,14.630000000000001,13.01,1534.4875734789559,CAL07_DAILY_CONTRACT_UNCHANGED
SH-DB-BEZA,2023-07-10,2023,191,-23.6558,29.93,14.880000000000001,13.550000000000001,1406.6216770684507,CAL07_DAILY_CONTRACT_UNCHANGED
SH-DB-BEZA,2023-07-11,2023,192,-23.6558,28.66,14.609999999999999,13.109999999999999,1286.7368362916268,CAL07_DAILY_CONTRACT_UNCHANGED
SH-DB-BEZA,2023-07-12,2023,193,-23.6558,23.870000000000001,13.51,10.470000000000001,987.41770746558586,CAL07_DAILY_CONTRACT_UNCHANGED
SH-DB-BEZA,2023-07-13,2023,194,-23.6558,26.260000000000002,10.949999999999999,8.2200000000000006,1271.9550806014586,CAL07_DAILY_CONTRACT_UNCHANGED
SH-DB-BEZA,2023-07-14,2023,195,-23.6558,26.41,10.68,9.4199999999999999,1183.3689371408084,CAL07_DAILY_CONTRACT_UNCHANGED
SH-DB-BEZA,2023-07-15,2023,196,-23.6558,28.960000000000001,11.76,8.7200000000000006,1561.9502757310374,CAL07_DAILY_CONTRACT_UNCHANGED
SH-DB-BEZA,2023-07-16,2023,197,-23.6558,29.190000000000001,13.460000000000001,8.5899999999999999,1680.008213810785,CAL07_DAILY_CONTRACT_UNCHANGED
SH-DB-BEZA,2023-07-17,2023,198,-23.6558,28.739999999999998,12.789999999999999,10.42,1448.6481077500187,CAL07_DAILY_CONTRACT_UNCHANGED
SH-DB-BEZA,2023-07-18,2023,199,-23.6558,30.890000000000001,13.68,11.56,1652.7360483439311,CAL07_DAILY_CONTRACT_UNCHANGED
SH-DB-BEZA,2023-07-19,2023,200,-23.6558,31.77,16.530000000000001,13.119999999999999,1777.4749122323813,CAL07_DAILY_CONTRACT_UNCHANGED
SH-DB-BEZA,2023-07-20,2023,201,-23.6558,28.859999999999999,17.100000000000001,14.220000000000001,1340.1422627925847,CAL07_DAILY_CONTRACT_UNCHANGED
SH-DB-BEZA,2023-07-21,2023,202,-23.6558,25.859999999999999,16.68,13.16,1102.7320707219401,CAL07_DAILY_CONTRACT_UNCHANGED
SH-DB-BEZA,2023-07-22,2023,203,-23.6558,30.07,13.880000000000001,12.99,1426.3732723984319,CAL07_DAILY_CONTRACT_UNCHANGED
SH-DB-BEZA,2023-07-23,2023,204,-23.6558,30.079999999999998,15.369999999999999,14.02,1403.8039457882828,CAL07_DAILY_CONTRACT_UNCHANGED
SH-DB-BEZA,2023-07-24,2023,205,-23.6558,31.100000000000001,14.460000000000001,13.109999999999999,1574.0113899618618,CAL07_DAILY_CONTRACT_UNCHANGED
SH-DB-BEZA,2023-07-25,2023,206,-23.6558,26.170000000000002,13.5,12.890000000000001,984.39012884993099,CAL07_DAILY_CONTRACT_UNCHANGED
SH-DB-BEZA,2023-07-26,2023,207,-23.6558,26.260000000000002,11.779999999999999,8.3100000000000005,1302.2686061567108,CAL07_DAILY_CONTRACT_UNCHANGED
SH-DB-BEZA,2023-07-27,2023,208,-23.6558,29.559999999999999,10.26,7.2999999999999998,1670.6504796716617,CAL07_DAILY_CONTRACT_UNCHANGED
SH-DB-BEZA,2023-07-28,2023,209,-23.6558,29.75,12.08,9.4900000000000002,1609.6679847767041,CAL07_DAILY_CONTRACT_UNCHANGED
SH-DB-BEZA,2023-07-29,2023,210,-23.6558,29.800000000000001,11.970000000000001,7.9699999999999998,1726.6332937960115,CAL07_DAILY_CONTRACT_UNCHANGED
SH-DB-BEZA,2023-07-30,2023,211,-23.6558,30.710000000000001,12.58,10.49,1669.1622649224555,CAL07_DAILY_CONTRACT_UNCHANGED
SH-DB-BEZA,2023-07-31,2023,212,-23.6558,30.469999999999999,12.619999999999999,9.4900000000000002,1723.2501241412515,CAL07_DAILY_CONTRACT_UNCHANGED
SH-DB-BEZA,2023-08-01,2023,213,-23.6558,28.129999999999999,12.140000000000001,11.17,1284.4784509445187,CAL07_DAILY_CONTRACT_UNCHANGED
SH-DB-BEZA,2023-08-02,2023,214,-23.6558,26.789999999999999,13.800000000000001,11.949999999999999,1151.8658186717066,CAL07_DAILY_CONTRACT_UNCHANGED
SH-DB-BEZA,2023-08-03,2023,215,-23.6558,28.690000000000001,14.220000000000001,11.73,1400.2350316090126,CAL07_DAILY_CONTRACT_UNCHANGED
SH-DB-BEZA,2023-08-04,2023,216,-23.6558,30.93,14.42,10.33,1803.3272871413612,CAL07_DAILY_CONTRACT_UNCHANGED
SH-DB-BEZA,2023-08-05,2023,217,-23.6558,31.940000000000001,15.210000000000001,10.24,1985.7571985664415,CAL07_DAILY_CONTRACT_UNCHANGED
SH-DB-BEZA,2023-08-06,2023,218,-23.6558,31.41,15.58,10.34,1928.080295451844,CAL07_DAILY_CONTRACT_UNCHANGED
SH-DB-BEZA,2023-08-07,2023,219,-23.6558,31.23,15.6,11.32,1821.1518641218502,CAL07_DAILY_CONTRACT_UNCHANGED
SH-DB-BEZA,2023-08-08,2023,220,-23.6558,29.699999999999999,15.77,12.77,1505.7865148910332,CAL07_DAILY_CONTRACT_UNCHANGED
SH-DB-BEZA,2023-08-09,2023,221,-23.6558,30.449999999999999,17.16,13.460000000000001,1612.2030289269885,CAL07_DAILY_CONTRACT_UNCHANGED
SH-DB-BEZA,2023-08-10,2023,222,-23.6558,28.050000000000001,16,13.859999999999999,1220.4787247553791,CAL07_DAILY_CONTRACT_UNCHANGED
SH-DB-BEZA,2023-08-11,2023,223,-23.6558,27.010000000000002,13.539999999999999,9.2599999999999998,1391.0865474234836,CAL07_DAILY_CONTRACT_UNCHANGED
SH-DB-BEZA,2023-08-12,2023,224,-23.6558,30.559999999999999,11.85,9.6500000000000004,1685.5539739046947,CAL07_DAILY_CONTRACT_UNCHANGED
SH-DB-BEZA,2023-08-13,2023,225,-23.6558,32.810000000000002,13.359999999999999,10.619999999999999,1975.1759490887089,CAL07_DAILY_CONTRACT_UNCHANGED
SH-DB-BEZA,2023-08-14,2023,226,-23.6558,31.629999999999999,17.469999999999999,14.52,1672.876005138276,CAL07_DAILY_CONTRACT_UNCHANGED
SH-DB-BEZA,2023-08-15,2023,227,-23.6558,31.640000000000001,16.149999999999999,14.369999999999999,1609.9442628597719,CAL07_DAILY_CONTRACT_UNCHANGED
SH-DB-BEZA,2023-08-16,2023,228,-23.6558,28.359999999999999,15.220000000000001,12.84,1312.6032385058936,CAL07_DAILY_CONTRACT_UNCHANGED
SH-DB-BEZA,2023-08-17,2023,229,-23.6558,31.489999999999998,13.49,9.6699999999999999,1881.8829012642295,CAL07_DAILY_CONTRACT_UNCHANGED
SH-DB-BEZA,2023-08-18,2023,230,-23.6558,33.380000000000003,15.24,12.859999999999999,1951.0089767168556,CAL07_DAILY_CONTRACT_UNCHANGED
SH-DB-BEZA,2023-08-19,2023,231,-23.6558,29.609999999999999,15.210000000000001,13.56,1385.2767189967649,CAL07_DAILY_CONTRACT_UNCHANGED
SH-DB-BEZA,2023-08-20,2023,232,-23.6558,31.23,12.869999999999999,10.220000000000001,1772.2347696137153,CAL07_DAILY_CONTRACT_UNCHANGED
SH-DB-BEZA,2023-08-21,2023,233,-23.6558,32.5,15.15,11.609999999999999,1939.4321447345046,CAL07_DAILY_CONTRACT_UNCHANGED
SH-DB-BEZA,2023-08-22,2023,234,-23.6558,34.479999999999997,16.219999999999999,11.19,2324.1526155193978,CAL07_DAILY_CONTRACT_UNCHANGED
SH-DB-BEZA,2023-08-23,2023,235,-23.6558,34.560000000000002,16.359999999999999,11.51,2316.0639635177731,CAL07_DAILY_CONTRACT_UNCHANGED
SH-DB-BEZA,2023-08-24,2023,236,-23.6558,34.299999999999997,19.43,9.5500000000000007,2641.4766800805255,CAL07_DAILY_CONTRACT_UNCHANGED
SH-DB-BEZA,2023-08-25,2023,237,-23.6558,34.659999999999997,17.579999999999998,11.32,2423.0936477270352,CAL07_DAILY_CONTRACT_UNCHANGED
SH-DB-BEZA,2023-08-26,2023,238,-23.6558,35.840000000000003,19.27,14.08,2454.938234882813,CAL07_DAILY_CONTRACT_UNCHANGED
SH-DB-BEZA,2023-08-27,2023,239,-23.6558,31.23,18.120000000000001,14.52,1662.3293036679606,CAL07_DAILY_CONTRACT_UNCHANGED
SH-DB-BEZA,2023-08-28,2023,240,-23.6558,27.760000000000002,16.449999999999999,11.119999999999999,1476.0989602240463,CAL07_DAILY_CONTRACT_UNCHANGED
SH-DB-BEZA,2023-08-29,2023,241,-23.6558,30.719999999999999,14.32,9.3800000000000008,1848.9210882546611,CAL07_DAILY_CONTRACT_UNCHANGED
SH-DB-BEZA,2023-08-30,2023,242,-23.6558,32.729999999999997,13.109999999999999,8.6099999999999994,2113.3631786687192,CAL07_DAILY_CONTRACT_UNCHANGED
SH-DB-BEZA,2023-08-31,2023,243,-23.6558,33.939999999999998,15.630000000000001,9.8200000000000003,2325.4070776236831,CAL07_DAILY_CONTRACT_UNCHANGED
SH-DB-BEZA,2023-09-01,2023,244,-23.6558,33.990000000000002,16.84,10.73,2327.8946154274731,CAL07_DAILY_CONTRACT_UNCHANGED
SH-DB-BEZA,2023-09-02,2023,245,-23.6558,34.799999999999997,17.239999999999998,9.6300000000000008,2566.2645929293494,CAL07_DAILY_CONTRACT_UNCHANGED
SH-DB-BEZA,2023-09-03,2023,246,-23.6558,34.960000000000001,17.969999999999999,8.5600000000000005,2720.8028324216393,CAL07_DAILY_CONTRACT_UNCHANGED
SH-DB-BEZA,2023-09-04,2023,247,-23.6558,35.159999999999997,18.379999999999999,11.039999999999999,2577.0006695078655,CAL07_DAILY_CONTRACT_UNCHANGED
SH-DB-BEZA,2023-09-05,2023,248,-23.6558,35.159999999999997,17.59,10.08,2607.4253631205806,CAL07_DAILY_CONTRACT_UNCHANGED
SH-DB-BEZA,2023-09-06,2023,249,-23.6558,34.57,18.02,8.0800000000000001,2699.8748601548632,CAL07_DAILY_CONTRACT_UNCHANGED
SH-DB-BEZA,2023-09-07,2023,250,-23.6558,31.34,14.94,12.5,1690.0479008544557,CAL07_DAILY_CONTRACT_UNCHANGED
SH-DB-BEZA,2023-09-08,2023,251,-23.6558,34.899999999999999,16.390000000000001,12.9,2239.877207987588,CAL07_DAILY_CONTRACT_UNCHANGED
SH-DB-BEZA,2023-09-09,2023,252,-23.6558,36.979999999999997,19.5,14.49,2617.2792657849868,CAL07_DAILY_CONTRACT_UNCHANGED
SH-DB-BEZA,2023-09-10,2023,253,-23.6558,35.869999999999997,18.710000000000001,12.01,2624.8630212157723,CAL07_DAILY_CONTRACT_UNCHANGED
SH-DB-BEZA,2023-09-11,2023,254,-23.6558,36.990000000000002,19.530000000000001,13.19,2754.7659640084739,CAL07_DAILY_CONTRACT_UNCHANGED
SH-DB-BEZA,2023-09-12,2023,255,-23.6558,35.960000000000001,19.559999999999999,15.550000000000001,2334.9816746366223,CAL07_DAILY_CONTRACT_UNCHANGED
SH-DB-BEZA,2023-09-13,2023,256,-23.6558,32.82,19.149999999999999,15.550000000000001,1832.1347339531355,CAL07_DAILY_CONTRACT_UNCHANGED
SH-DB-BEZA,2023-09-14,2023,257,-23.6558,35.810000000000002,17.879999999999999,13.630000000000001,2403.2824894597848,CAL07_DAILY_CONTRACT_UNCHANGED
SH-DB-BEZA,2023-09-15,2023,258,-23.6558,36.450000000000003,20.210000000000001,12.970000000000001,2734.2216362758513,CAL07_DAILY_CONTRACT_UNCHANGED
SH-DB-BEZA,2023-09-16,2023,259,-23.6558,36.75,20.219999999999999,14.07,2674.2135318853962,CAL07_DAILY_CONTRACT_UNCHANGED
SH-DB-BEZA,2023-09-17,2023,260,-23.6558,35.75,20.289999999999999,14.32,2488.1833409927858,CAL07_DAILY_CONTRACT_UNCHANGED
SH-DB-BEZA,2023-09-18,2023,261,-23.6558,34.880000000000003,19.420000000000002,14.41,2278.9273473680178,CAL07_DAILY_CONTRACT_UNCHANGED
SH-DB-BEZA,2023-09-19,2023,262,-23.6558,36.649999999999999,18.989999999999998,12.880000000000001,2690.0455746626558,CAL07_DAILY_CONTRACT_UNCHANGED
SH-DB-BEZA,2023-09-20,2023,263,-23.6558,36.359999999999999,20.280000000000001,13.970000000000001,2623.7410368460601,CAL07_DAILY_CONTRACT_UNCHANGED
SH-DB-BEZA,2023-09-21,2023,264,-23.6558,35.909999999999997,19.18,10.24,2819.1056882550893,CAL07_DAILY_CONTRACT_UNCHANGED
SH-DB-BEZA,2023-09-22,2023,265,-23.6558,37.759999999999998,20.149999999999999,11.289999999999999,3111.4396741463488,CAL07_DAILY_CONTRACT_UNCHANGED
SH-DB-BEZA,2023-09-23,2023,266,-23.6558,38.420000000000002,18.760000000000002,9.8200000000000003,3257.4721200693539,CAL07_DAILY_CONTRACT_UNCHANGED
SH-DB-BEZA,2023-09-24,2023,267,-23.6558,38.030000000000001,20.07,11.81,3106.8839881237159,CAL07_DAILY_CONTRACT_UNCHANGED
SH-DB-BEZA,2023-09-25,2023,268,-23.6558,37.82,18.75,8.2699999999999996,3269.2953472060017,CAL07_DAILY_CONTRACT_UNCHANGED
SH-DB-BEZA,2023-09-26,2023,269,-23.6558,37.960000000000001,19.84,12.66,2998.0492028250765,CAL07_DAILY_CONTRACT_UNCHANGED
SH-DB-BEZA,2023-09-27,2023,270,-23.6558,37.369999999999997,20.57,10.69,3126.3178191018578,CAL07_DAILY_CONTRACT_UNCHANGED
SH-DB-BEZA,2023-09-28,2023,271,-23.6558,37.5,19.93,13.1,2880.3530030396296,CAL07_DAILY_CONTRACT_UNCHANGED
SH-DB-BEZA,2023-09-29,2023,272,-23.6558,37.670000000000002,20.75,14.539999999999999,2822.7691624010436,CAL07_DAILY_CONTRACT_UNCHANGED
SH-DB-BEZA,2023-09-30,2023,273,-23.6558,37.299999999999997,20.449999999999999,13.779999999999999,2815.2213008169301,CAL07_DAILY_CONTRACT_UNCHANGED
SH-DB-BEZA,2023-10-01,2023,274,-23.6558,38.130000000000003,21.940000000000001,13.279999999999999,3127.4473558693553,CAL07_DAILY_CONTRACT_UNCHANGED
SH-DB-BEZA,2023-10-02,2023,275,-23.6558,30.52,17.670000000000002,14.67,1526.9601269527275,CAL07_DAILY_CONTRACT_UNCHANGED
SH-DB-BEZA,2023-10-03,2023,276,-23.6558,34.770000000000003,15.65,8.5399999999999991,2551.9475631229757,CAL07_DAILY_CONTRACT_UNCHANGED
SH-DB-BEZA,2023-10-04,2023,277,-23.6558,38.310000000000002,16.859999999999999,9.0399999999999991,3177.4427695974591,CAL07_DAILY_CONTRACT_UNCHANGED
SH-DB-BEZA,2023-10-05,2023,278,-23.6558,39.659999999999997,18.460000000000001,9,3535.6665787418551,CAL07_DAILY_CONTRACT_UNCHANGED
SH-DB-BEZA,2023-10-06,2023,279,-23.6558,39.509999999999998,19.280000000000001,8.7100000000000009,3584.855831964479,CAL07_DAILY_CONTRACT_UNCHANGED
SH-DB-BEZA,2023-10-07,2023,280,-23.6558,40.149999999999999,19.02,8.4000000000000004,3715.1115813225451,CAL07_DAILY_CONTRACT_UNCHANGED
SH-DB-BEZA,2023-10-08,2023,281,-23.6558,37.560000000000002,19.600000000000001,15.56,2607.0706077312134,CAL07_DAILY_CONTRACT_UNCHANGED
SH-DB-BEZA,2023-10-09,2023,282,-23.6558,38.439999999999998,19.18,10.49,3234.2286802138578,CAL07_DAILY_CONTRACT_UNCHANGED
SH-DB-BEZA,2023-10-10,2023,283,-23.6558,38.469999999999999,19.82,14.57,2894.9634662170602,CAL07_DAILY_CONTRACT_UNCHANGED
SH-DB-BEZA,2023-10-11,2023,284,-23.6558,38.659999999999997,21.329999999999998,15.51,2939.2129926083035,CAL07_DAILY_CONTRACT_UNCHANGED
SH-DB-BEZA,2023-10-12,2023,285,-23.6558,39.600000000000001,21.530000000000001,14.84,3206.6169766006769,CAL07_DAILY_CONTRACT_UNCHANGED
SH-DB-BEZA,2023-10-13,2023,286,-23.6558,38.609999999999999,23.02,16.039999999999999,3006.6890575010657,CAL07_DAILY_CONTRACT_UNCHANGED
SH-DB-BEZA,2023-10-14,2023,287,-23.6558,38.359999999999999,21.789999999999999,17.100000000000001,2732.4995838873265,CAL07_DAILY_CONTRACT_UNCHANGED
SH-DB-BEZA,2023-10-15,2023,288,-23.6558,33.310000000000002,22.469999999999999,19.170000000000002,1698.6451417525868,CAL07_DAILY_CONTRACT_UNCHANGED
SH-DB-BEZA,2023-10-16,2023,289,-23.6558,33.25,20.5,15.09,2041.1259825486077,CAL07_DAILY_CONTRACT_UNCHANGED
SH-DB-BEZA,2023-10-17,2023,290,-23.6558,34.259999999999998,20.68,14.4,2277.0680116442982,CAL07_DAILY_CONTRACT_UNCHANGED
SH-DB-BEZA,2023-10-18,2023,291,-23.6558,33.640000000000001,21.420000000000002,15.77,2090.9818009673827,CAL07_DAILY_CONTRACT_UNCHANGED
SH-DB-BEZA,2023-10-19,2023,292,-23.6558,31.43,21.489999999999998,15.1,1866.9437419208689,CAL07_DAILY_CONTRACT_UNCHANGED
SH-DB-BEZA,2023-10-20,2023,293,-23.6558,34.539999999999999,20.190000000000001,14.859999999999999,2233.5731211974417,CAL07_DAILY_CONTRACT_UNCHANGED
SH-DB-BEZA,2023-10-21,2023,294,-23.6558,39.189999999999998,19.850000000000001,14.51,3037.5892283350386,CAL07_DAILY_CONTRACT_UNCHANGED
SH-DB-BEZA,2023-10-22,2023,295,-23.6558,36.020000000000003,20.440000000000001,14.91,2479.6365500081829,CAL07_DAILY_CONTRACT_UNCHANGED
SH-DB-BEZA,2023-10-23,2023,296,-23.6558,35.340000000000003,20.219999999999999,16.129999999999999,2216.3217155177822,CAL07_DAILY_CONTRACT_UNCHANGED
SH-DB-BEZA,2023-10-24,2023,297,-23.6558,33.990000000000002,20.43,16.809999999999999,1944.2548068732733,CAL07_DAILY_CONTRACT_UNCHANGED
SH-DB-BEZA,2023-10-25,2023,298,-23.6558,37.990000000000002,23.050000000000001,18.989999999999998,2523.5379106951777,CAL07_DAILY_CONTRACT_UNCHANGED
SH-DB-BEZA,2023-10-26,2023,299,-23.6558,34.530000000000001,20.850000000000001,15.48,2212.4530770756855,CAL07_DAILY_CONTRACT_UNCHANGED
SH-DB-BEZA,2023-10-27,2023,300,-23.6558,36.130000000000003,17.620000000000001,11.18,2670.8421051166638,CAL07_DAILY_CONTRACT_UNCHANGED
SH-DB-BEZA,2023-10-28,2023,301,-23.6558,40.07,21.239999999999998,15.140000000000001,3242.7619146822171,CAL07_DAILY_CONTRACT_UNCHANGED
SH-DB-BEZA,2023-10-29,2023,302,-23.6558,37.270000000000003,21.039999999999999,15.24,2698.5278268772126,CAL07_DAILY_CONTRACT_UNCHANGED
SH-DB-BEZA,2023-10-30,2023,303,-23.6558,36.149999999999999,19.969999999999999,15.32,2421.2063050782644,CAL07_DAILY_CONTRACT_UNCHANGED
SH-DB-BEZA,2023-10-31,2023,304,-23.6558,37.380000000000003,20.489999999999998,16.219999999999999,2564.0115211422963,CAL07_DAILY_CONTRACT_UNCHANGED
SH-DB-BEZA,2023-11-01,2023,305,-23.6558,32.890000000000001,21.629999999999999,17.719999999999999,1764.1111157391365,CAL07_DAILY_CONTRACT_UNCHANGED
SH-DB-BEZA,2023-11-02,2023,306,-23.6558,31.030000000000001,19.210000000000001,15.25,1630.3206592437928,CAL07_DAILY_CONTRACT_UNCHANGED
SH-DB-BEZA,2023-11-03,2023,307,-23.6558,31.449999999999999,16.629999999999999,10.73,1961.5281559265004,CAL07_DAILY_CONTRACT_UNCHANGED
SH-DB-BEZA,2023-11-04,2023,308,-23.6558,34.890000000000001,17.399999999999999,13.199999999999999,2270.513161766748,CAL07_DAILY_CONTRACT_UNCHANGED
SH-DB-BEZA,2023-11-05,2023,309,-23.6558,34.630000000000003,21.129999999999999,16.260000000000002,2159.1187729408525,CAL07_DAILY_CONTRACT_UNCHANGED
SH-DB-BEZA,2023-11-06,2023,310,-23.6558,36.18,22.989999999999998,18.489999999999998,2275.3871257650239,CAL07_DAILY_CONTRACT_UNCHANGED
SH-DB-BEZA,2023-11-07,2023,311,-23.6558,37.920000000000002,21.57,17.789999999999999,2548.8957355336797,CAL07_DAILY_CONTRACT_UNCHANGED
SH-DB-BEZA,2023-11-08,2023,312,-23.6558,37.640000000000001,22.030000000000001,17.870000000000001,2525.6465663862027,CAL07_DAILY_CONTRACT_UNCHANGED
SH-DB-BEZA,2023-11-09,2023,313,-23.6558,30.050000000000001,20.66,18.66,1194.1797014591889,CAL07_DAILY_CONTRACT_UNCHANGED
SH-DB-BEZA,2023-11-10,2023,314,-23.6558,32.799999999999997,18.260000000000002,13.94,1943.5916644727081,CAL07_DAILY_CONTRACT_UNCHANGED
SH-DB-BEZA,2023-11-11,2023,315,-23.6558,35.909999999999997,16.98,9.8800000000000008,2705.3760651623834,CAL07_DAILY_CONTRACT_UNCHANGED
SH-DB-BEZA,2023-11-12,2023,316,-23.6558,39.689999999999998,19.5,13.84,3178.6700060430385,CAL07_DAILY_CONTRACT_UNCHANGED
SH-DB-BEZA,2023-11-13,2023,317,-23.6558,35.909999999999997,20.280000000000001,15.35,2401.2661612356228,CAL07_DAILY_CONTRACT_UNCHANGED
SH-DB-BEZA,2023-11-14,2023,318,-23.6558,33.780000000000001,19.940000000000001,14.699999999999999,2119.3428462960028,CAL07_DAILY_CONTRACT_UNCHANGED
SH-DB-BEZA,2023-11-15,2023,319,-23.6558,28.969999999999999,17.43,12.58,1537.8381649814721,CAL07_DAILY_CONTRACT_UNCHANGED
SH-DB-BEZA,2023-11-16,2023,320,-23.6558,34.920000000000002,16.640000000000001,13.6,2188.3359847391816,CAL07_DAILY_CONTRACT_UNCHANGED
SH-DB-BEZA,2023-11-17,2023,321,-23.6558,39.270000000000003,20.829999999999998,15.19,3050.9791941296189,CAL07_DAILY_CONTRACT_UNCHANGED
SH-DB-BEZA,2023-11-18,2023,322,-23.6558,38.939999999999998,23.43,17.390000000000001,2940.0192246867891,CAL07_DAILY_CONTRACT_UNCHANGED
SH-DB-BEZA,2023-11-19,2023,323,-23.6558,38.990000000000002,22.239999999999998,17.32,2857.910921954649,CAL07_DAILY_CONTRACT_UNCHANGED
SH-DB-BEZA,2023-11-20,2023,324,-23.6558,39.420000000000002,22.949999999999999,16.75,3068.5579945146324,CAL07_DAILY_CONTRACT_UNCHANGED
SH-DB-BEZA,2023-11-21,2023,325,-23.6558,41.479999999999997,23.870000000000001,17.93,3414.2345452137993,CAL07_DAILY_CONTRACT_UNCHANGED
SH-DB-BEZA,2023-11-22,2023,326,-23.6558,42.799999999999997,22.559999999999999,13.51,4094.2197085124303,CAL07_DAILY_CONTRACT_UNCHANGED
SH-DB-BEZA,2023-11-23,2023,327,-23.6558,42.829999999999998,24.350000000000001,13.619999999999999,4245.6152844047274,CAL07_DAILY_CONTRACT_UNCHANGED
SH-DB-BEZA,2023-11-24,2023,328,-23.6558,42.469999999999999,23.489999999999998,11.619999999999999,4280.8745666081404,CAL07_DAILY_CONTRACT_UNCHANGED
SH-DB-BEZA,2023-11-25,2023,329,-23.6558,42.159999999999997,23.43,16.210000000000001,3732.91213011338,CAL07_DAILY_CONTRACT_UNCHANGED
SH-DB-BEZA,2023-11-26,2023,330,-23.6558,41.030000000000001,24.920000000000002,17.780000000000001,3435.8609145520277,CAL07_DAILY_CONTRACT_UNCHANGED
SH-DB-BEZA,2023-11-27,2023,331,-23.6558,40.869999999999997,22.84,13.42,3714.0277276517509,CAL07_DAILY_CONTRACT_UNCHANGED
SH-DB-BEZA,2023-11-28,2023,332,-23.6558,42.420000000000002,23.609999999999999,15.640000000000001,3871.2913663434729,CAL07_DAILY_CONTRACT_UNCHANGED
SH-DB-BEZA,2023-11-29,2023,333,-23.6558,40.640000000000001,23.57,16.989999999999998,3332.8458751106828,CAL07_DAILY_CONTRACT_UNCHANGED
SH-DB-BEZA,2023-11-30,2023,334,-23.6558,33.460000000000001,23.579999999999998,19.489999999999998,1769.9863706536698,CAL07_DAILY_CONTRACT_UNCHANGED
SH-DB-BEZA,2023-12-01,2023,335,-23.6558,33.060000000000002,20.75,15.67,1967.7731209490253,CAL07_DAILY_CONTRACT_UNCHANGED
SH-DB-BEZA,2023-12-02,2023,336,-23.6558,35.060000000000002,19.280000000000001,12.27,2510.9826955270973,CAL07_DAILY_CONTRACT_UNCHANGED
SH-DB-BEZA,2023-12-03,2023,337,-23.6558,38.619999999999997,18.34,9.9399999999999995,3256.2808085326014,CAL07_DAILY_CONTRACT_UNCHANGED
SH-DB-BEZA,2023-12-04,2023,338,-23.6558,41.299999999999997,21.190000000000001,12.369999999999999,3772.0323838841632,CAL07_DAILY_CONTRACT_UNCHANGED
SH-DB-BEZA,2023-12-05,2023,339,-23.6558,36.590000000000003,22.329999999999998,15.300000000000001,2678.2442343773164,CAL07_DAILY_CONTRACT_UNCHANGED
SH-DB-BEZA,2023-12-06,2023,340,-23.6558,39.93,22.190000000000001,17.640000000000001,2993.6936150551533,CAL07_DAILY_CONTRACT_UNCHANGED
SH-DB-BEZA,2023-12-07,2023,341,-23.6558,40.409999999999997,22.91,16.510000000000002,3287.8746624529986,CAL07_DAILY_CONTRACT_UNCHANGED
SH-DB-BEZA,2023-12-08,2023,342,-23.6558,39.219999999999999,24.239999999999998,17.449999999999999,3057.133907746123,CAL07_DAILY_CONTRACT_UNCHANGED
SH-DB-BEZA,2023-12-09,2023,343,-23.6558,37.759999999999998,24.859999999999999,19.760000000000002,2536.594829490246,CAL07_DAILY_CONTRACT_UNCHANGED
SH-DB-BEZA,2023-12-10,2023,344,-23.6558,39.659999999999997,23.699999999999999,18.190000000000001,2998.0309253300143,CAL07_DAILY_CONTRACT_UNCHANGED
SH-DB-BEZA,2023-12-11,2023,345,-23.6558,40.960000000000001,24.91,18.010000000000002,3390.8439328428976,CAL07_DAILY_CONTRACT_UNCHANGED
SH-DB-BEZA,2023-12-12,2023,346,-23.6558,40.159999999999997,26.5,18.960000000000001,3258.4953221979058,CAL07_DAILY_CONTRACT_UNCHANGED
SH-DB-BEZA,2023-12-13,2023,347,-23.6558,40.159999999999997,24.390000000000001,16.34,3388.4599452483594,CAL07_DAILY_CONTRACT_UNCHANGED
SH-DB-BEZA,2023-12-14,2023,348,-23.6558,40.770000000000003,25.27,17.960000000000001,3392.5942534788937,CAL07_DAILY_CONTRACT_UNCHANGED
SH-DB-BEZA,2023-12-15,2023,349,-23.6558,40.990000000000002,27.25,18.280000000000001,3595.2557802563056,CAL07_DAILY_CONTRACT_UNCHANGED
SH-DB-BEZA,2023-12-16,2023,350,-23.6558,41.479999999999997,26.280000000000001,19.120000000000001,3483.642636421876,CAL07_DAILY_CONTRACT_UNCHANGED
SH-DB-BEZA,2023-12-17,2023,351,-23.6558,37.170000000000002,24.460000000000001,19.140000000000001,2483.5673974039569,CAL07_DAILY_CONTRACT_UNCHANGED
SH-DB-BEZA,2023-12-18,2023,352,-23.6558,39.280000000000001,24.010000000000002,15.83,3242.8396458293082,CAL07_DAILY_CONTRACT_UNCHANGED
SH-DB-BEZA,2023-12-19,2023,353,-23.6558,39.759999999999998,22.27,15.390000000000001,3236.1353383647338,CAL07_DAILY_CONTRACT_UNCHANGED
SH-DB-BEZA,2023-12-20,2023,354,-23.6558,40.829999999999998,22.899999999999999,15.890000000000001,3444.7852389732529,CAL07_DAILY_CONTRACT_UNCHANGED
SH-DB-BEZA,2023-12-21,2023,355,-23.6558,41.670000000000002,24.109999999999999,17.440000000000001,3538.3499181412053,CAL07_DAILY_CONTRACT_UNCHANGED
SH-DB-BEZA,2023-12-22,2023,356,-23.6558,41.710000000000001,23.649999999999999,16.670000000000002,3600.7576297443338,CAL07_DAILY_CONTRACT_UNCHANGED
SH-DB-BEZA,2023-12-23,2023,357,-23.6558,39.229999999999997,23.82,16.539999999999999,3133.084233545605,CAL07_DAILY_CONTRACT_UNCHANGED
SH-DB-BEZA,2023-12-24,2023,358,-23.6558,38.060000000000002,20.890000000000001,12.02,3153.8513307101493,CAL07_DAILY_CONTRACT_UNCHANGED
SH-DB-BEZA,2023-12-25,2023,359,-23.6558,39.960000000000001,23.440000000000001,14.18,3505.1180285081623,CAL07_DAILY_CONTRACT_UNCHANGED
SH-DB-BEZA,2023-12-26,2023,360,-23.6558,37.359999999999999,21.510000000000002,18.300000000000001,2379.2012977191439,CAL07_DAILY_CONTRACT_UNCHANGED
SH-DB-BEZA,2023-12-27,2023,361,-23.6558,37.100000000000001,23.550000000000001,18.93,2418.8538355675278,CAL07_DAILY_CONTRACT_UNCHANGED
SH-DB-BEZA,2023-12-28,2023,362,-23.6558,31.609999999999999,23.050000000000001,18.260000000000002,1636.4915296851882,CAL07_DAILY_CONTRACT_UNCHANGED
SH-DB-BEZA,2023-12-29,2023,363,-23.6558,34.140000000000001,22.370000000000001,19.190000000000001,1808.9306440600221,CAL07_DAILY_CONTRACT_UNCHANGED
SH-DB-BEZA,2023-12-30,2023,364,-23.6558,33.859999999999999,23.670000000000002,20.760000000000002,1651.0517143943903,CAL07_DAILY_CONTRACT_UNCHANGED
SH-DB-BEZA,2023-12-31,2023,365,-23.6558,31.350000000000001,23.149999999999999,21.780000000000001,1100.2740484980241,CAL07_DAILY_CONTRACT_UNCHANGED
SH-DB-BEZA,2024-01-01,2024,1,-23.6558,30.739999999999998,23.66,22.030000000000001,1026.2710780434272,CAL07_DAILY_CONTRACT_UNCHANGED
SH-DB-BEZA,2024-01-02,2024,2,-23.6558,31.699999999999999,22.68,21.609999999999999,1133.4086062069041,CAL07_DAILY_CONTRACT_UNCHANGED
SH-DB-BEZA,2024-01-03,2024,3,-23.6558,34.109999999999999,21.760000000000002,21.309999999999999,1443.9555065838808,CAL07_DAILY_CONTRACT_UNCHANGED
SH-DB-BEZA,2024-01-04,2024,4,-23.6558,33.759999999999998,22.469999999999999,22.23,1303.3846146192714,CAL07_DAILY_CONTRACT_UNCHANGED
SH-DB-BEZA,2024-01-05,2024,5,-23.6558,33.93,22.109999999999999,22.41,1269.4076022030195,CAL07_DAILY_CONTRACT_UNCHANGED
SH-DB-BEZA,2024-01-06,2024,6,-23.6558,34.409999999999997,23.350000000000001,22.949999999999999,1354.7292849575238,CAL07_DAILY_CONTRACT_UNCHANGED
SH-DB-BEZA,2024-01-07,2024,7,-23.6558,33.399999999999999,23.77,22.920000000000002,1247.6698235674444,CAL07_DAILY_CONTRACT_UNCHANGED
SH-DB-BEZA,2024-01-08,2024,8,-23.6558,34.200000000000003,23.190000000000001,22.77,1339.7426071040413,CAL07_DAILY_CONTRACT_UNCHANGED
SH-DB-BEZA,2024-01-09,2024,9,-23.6558,34.450000000000003,23.670000000000002,23.02,1376.8203883751826,CAL07_DAILY_CONTRACT_UNCHANGED
SH-DB-BEZA,2024-01-10,2024,10,-23.6558,35.280000000000001,24,22.489999999999998,1623.1669427821912,CAL07_DAILY_CONTRACT_UNCHANGED
SH-DB-BEZA,2024-01-11,2024,11,-23.6558,36.539999999999999,23.16,22.039999999999999,1827.6336011694334,CAL07_DAILY_CONTRACT_UNCHANGED
SH-DB-BEZA,2024-01-12,2024,12,-23.6558,36.829999999999998,24.149999999999999,22.039999999999999,1963.5329890973321,CAL07_DAILY_CONTRACT_UNCHANGED
SH-DB-BEZA,2024-01-13,2024,13,-23.6558,37.240000000000002,24.440000000000001,21.399999999999999,2161.7006073937146,CAL07_DAILY_CONTRACT_UNCHANGED
SH-DB-BEZA,2024-01-14,2024,14,-23.6558,36.390000000000001,24.640000000000001,21.77,1977.8024896945421,CAL07_DAILY_CONTRACT_UNCHANGED
SH-DB-BEZA,2024-01-15,2024,15,-23.6558,37.57,24.199999999999999,21.469999999999999,2186.3793715276333,CAL07_DAILY_CONTRACT_UNCHANGED
SH-DB-BEZA,2024-01-16,2024,16,-23.6558,37.18,24.530000000000001,20.949999999999999,2229.004938666435,CAL07_DAILY_CONTRACT_UNCHANGED
SH-DB-BEZA,2024-01-17,2024,17,-23.6558,37.560000000000002,22.920000000000002,20.739999999999998,2184.7506903335143,CAL07_DAILY_CONTRACT_UNCHANGED
SH-DB-BEZA,2024-01-18,2024,18,-23.6558,37.810000000000002,24.890000000000001,21.559999999999999,2278.1901259541164,CAL07_DAILY_CONTRACT_UNCHANGED
SH-DB-BEZA,2024-01-19,2024,19,-23.6558,35.009999999999998,25.77,22.199999999999999,1794.5646952259767,CAL07_DAILY_CONTRACT_UNCHANGED
SH-DB-BEZA,2024-01-20,2024,20,-23.6558,35.909999999999997,24.600000000000001,21.18,1987.7665288724197,CAL07_DAILY_CONTRACT_UNCHANGED
SH-DB-BEZA,2024-01-21,2024,21,-23.6558,34.280000000000001,24.969999999999999,21.190000000000001,1766.2573625705872,CAL07_DAILY_CONTRACT_UNCHANGED
SH-DB-BEZA,2024-01-22,2024,22,-23.6558,34.93,24.079999999999998,22.050000000000001,1647.6202067249928,CAL07_DAILY_CONTRACT_UNCHANGED
SH-DB-BEZA,2024-01-23,2024,23,-23.6558,36.130000000000003,23.280000000000001,20.030000000000001,2077.8100615047019,CAL07_DAILY_CONTRACT_UNCHANGED
SH-DB-BEZA,2024-01-24,2024,24,-23.6558,34.509999999999998,21.34,17.379999999999999,2020.9133383151093,CAL07_DAILY_CONTRACT_UNCHANGED
SH-DB-BEZA,2024-01-25,2024,25,-23.6558,33.840000000000003,18.390000000000001,15.460000000000001,1937.0912592294992,CAL07_DAILY_CONTRACT_UNCHANGED
SH-DB-BEZA,2024-01-26,2024,26,-23.6558,34.579999999999998,18.199999999999999,14.6,2129.8537164175832,CAL07_DAILY_CONTRACT_UNCHANGED
SH-DB-BEZA,2024-01-27,2024,27,-23.6558,36.549999999999997,20.120000000000001,16.620000000000001,2347.6180238122397,CAL07_DAILY_CONTRACT_UNCHANGED
SH-DB-BEZA,2024-01-28,2024,28,-23.6558,36.079999999999998,23.120000000000001,19.170000000000002,2177.7022529927654,CAL07_DAILY_CONTRACT_UNCHANGED
SH-DB-BEZA,2024-01-29,2024,29,-23.6558,36.539999999999999,22.699999999999999,19.600000000000001,2158.0722829694168,CAL07_DAILY_CONTRACT_UNCHANGED
SH-DB-BEZA,2024-01-30,2024,30,-23.6558,37.909999999999997,21.25,16.260000000000002,2710.3158450841183,CAL07_DAILY_CONTRACT_UNCHANGED
SH-DB-BEZA,2024-01-31,2024,31,-23.6558,37.420000000000002,21.359999999999999,16.34,2623.010165416405,CAL07_DAILY_CONTRACT_UNCHANGED
SH-DB-BEZA,2024-02-01,2024,32,-23.6558,37.710000000000001,22.890000000000001,19.550000000000001,2382.2549883275206,CAL07_DAILY_CONTRACT_UNCHANGED
SH-DB-BEZA,2024-02-02,2024,33,-23.6558,35.689999999999998,24.239999999999998,19.84,2118.7096937909364,CAL07_DAILY_CONTRACT_UNCHANGED
SH-DB-BEZA,2024-02-03,2024,34,-23.6558,36.450000000000003,24.100000000000001,18.649999999999999,2395.6992090556837,CAL07_DAILY_CONTRACT_UNCHANGED
SH-DB-BEZA,2024-02-04,2024,35,-23.6558,34.590000000000003,22.859999999999999,20.289999999999999,1760.534617938089,CAL07_DAILY_CONTRACT_UNCHANGED
SH-DB-BEZA,2024-02-05,2024,36,-23.6558,32.310000000000002,22.539999999999999,22.399999999999999,1076.3771490975878,CAL07_DAILY_CONTRACT_UNCHANGED
SH-DB-BEZA,2024-02-06,2024,37,-23.6558,32.450000000000003,22.789999999999999,22.420000000000002,1113.1128299893689,CAL07_DAILY_CONTRACT_UNCHANGED
SH-DB-BEZA,2024-02-07,2024,38,-23.6558,32.75,22.670000000000002,21.91,1227.4809763114367,CAL07_DAILY_CONTRACT_UNCHANGED
SH-DB-BEZA,2024-02-08,2024,39,-23.6558,33.32,22.73,21.379999999999999,1396.8617892105749,CAL07_DAILY_CONTRACT_UNCHANGED
SH-DB-BEZA,2024-02-09,2024,40,-23.6558,36,22.530000000000001,21.59,1757.2013402140242,CAL07_DAILY_CONTRACT_UNCHANGED
SH-DB-BEZA,2024-02-10,2024,41,-23.6558,37.229999999999997,24.309999999999999,21.640000000000001,2110.4016968104934,CAL07_DAILY_CONTRACT_UNCHANGED
SH-DB-BEZA,2024-02-11,2024,42,-23.6558,35.390000000000001,23.84,22.760000000000002,1581.2877489534671,CAL07_DAILY_CONTRACT_UNCHANGED
SH-DB-BEZA,2024-02-12,2024,43,-23.6558,34.359999999999999,24.850000000000001,22.149999999999999,1614.9980268266431,CAL07_DAILY_CONTRACT_UNCHANGED
SH-DB-BEZA,2024-02-13,2024,44,-23.6558,35.770000000000003,23.09,20.210000000000001,1976.7496981544946,CAL07_DAILY_CONTRACT_UNCHANGED
SH-DB-BEZA,2024-02-14,2024,45,-23.6558,34.25,23.149999999999999,21.25,1588.9362246694618,CAL07_DAILY_CONTRACT_UNCHANGED
SH-DB-BEZA,2024-02-15,2024,46,-23.6558,31.379999999999999,23.57,20.210000000000001,1380.3827679782316,CAL07_DAILY_CONTRACT_UNCHANGED
SH-DB-BEZA,2024-02-16,2024,47,-23.6558,31.890000000000001,22.98,20.920000000000002,1290.859592134681,CAL07_DAILY_CONTRACT_UNCHANGED
SH-DB-BEZA,2024-02-17,2024,48,-23.6558,35.009999999999998,23.239999999999998,21.640000000000001,1651.6649922405031,CAL07_DAILY_CONTRACT_UNCHANGED
SH-DB-BEZA,2024-02-18,2024,49,-23.6558,34.310000000000002,23.010000000000002,21.329999999999998,1573.5844372670263,CAL07_DAILY_CONTRACT_UNCHANGED
SH-DB-BEZA,2024-02-19,2024,50,-23.6558,34.859999999999999,21.850000000000001,18.989999999999998,1903.5641521922498,CAL07_DAILY_CONTRACT_UNCHANGED
SH-DB-BEZA,2024-02-20,2024,51,-23.6558,33.25,21.760000000000002,17.82,1812.5635748007955,CAL07_DAILY_CONTRACT_UNCHANGED
SH-DB-BEZA,2024-02-21,2024,52,-23.6558,33.850000000000001,21.899999999999999,19.109999999999999,1738.9086646550559,CAL07_DAILY_CONTRACT_UNCHANGED
SH-DB-BEZA,2024-02-22,2024,53,-23.6558,36.509999999999998,22.25,20.010000000000002,2057.1494467309913,CAL07_DAILY_CONTRACT_UNCHANGED
SH-DB-BEZA,2024-02-23,2024,54,-23.6558,38.119999999999997,24.670000000000002,20.620000000000001,2457.4087896234773,CAL07_DAILY_CONTRACT_UNCHANGED
SH-DB-BEZA,2024-02-24,2024,55,-23.6558,38.399999999999999,25.280000000000001,19.870000000000001,2675.6646030364536,CAL07_DAILY_CONTRACT_UNCHANGED
SH-DB-BEZA,2024-02-25,2024,56,-23.6558,34.450000000000003,25.100000000000001,20.789999999999999,1865.2396058701042,CAL07_DAILY_CONTRACT_UNCHANGED
SH-DB-BEZA,2024-02-26,2024,57,-23.6558,37.869999999999997,23.489999999999998,19.59,2456.468902128744,CAL07_DAILY_CONTRACT_UNCHANGED
SH-DB-BEZA,2024-02-27,2024,58,-23.6558,36,24.260000000000002,22.300000000000001,1793.2352852590407,CAL07_DAILY_CONTRACT_UNCHANGED
SH-DB-BEZA,2024-02-28,2024,59,-23.6558,32.369999999999997,23.989999999999998,23.030000000000001,1104.0725334829604,CAL07_DAILY_CONTRACT_UNCHANGED
SH-DB-BEZA,2024-02-29,2024,60,-23.6558,33.890000000000001,20.809999999999999,18.73,1711.7968882737741,CAL07_DAILY_CONTRACT_UNCHANGED
SH-DB-BEZA,2024-03-01,2024,61,-23.6558,35.219999999999999,21.260000000000002,19.260000000000002,1875.9167780251241,CAL07_DAILY_CONTRACT_UNCHANGED
SH-DB-BEZA,2024-03-02,2024,62,-23.6558,35.689999999999998,22.850000000000001,19.449999999999999,2052.5238910390763,CAL07_DAILY_CONTRACT_UNCHANGED
SH-DB-BEZA,2024-03-03,2024,63,-23.6558,36.219999999999999,21.969999999999999,15.48,2567.3276621018849,CAL07_DAILY_CONTRACT_UNCHANGED
SH-DB-BEZA,2024-03-04,2024,64,-23.6558,37.020000000000003,21.489999999999998,20.489999999999998,2012.0977954978393,CAL07_DAILY_CONTRACT_UNCHANGED
SH-DB-BEZA,2024-03-05,2024,65,-23.6558,34.579999999999998,25.16,21.890000000000001,1719.5227886812445,CAL07_DAILY_CONTRACT_UNCHANGED
SH-DB-BEZA,2024-03-06,2024,66,-23.6558,28.350000000000001,24.129999999999999,24.170000000000002,417.96368367866125,CAL07_DAILY_CONTRACT_UNCHANGED
SH-DB-BEZA,2024-03-07,2024,67,-23.6558,29.190000000000001,23.800000000000001,23.050000000000001,681.13222263910848,CAL07_DAILY_CONTRACT_UNCHANGED
SH-DB-BEZA,2024-03-08,2024,68,-23.6558,32.100000000000001,22.960000000000001,23.609999999999999,877.40166851730874,CAL07_DAILY_CONTRACT_UNCHANGED
SH-DB-BEZA,2024-03-09,2024,69,-23.6558,27.989999999999998,23.43,23.43,447.19460183355204,CAL07_DAILY_CONTRACT_UNCHANGED
SH-DB-BEZA,2024-03-10,2024,70,-23.6558,30.66,22.559999999999999,22.59,830.42872875628154,CAL07_DAILY_CONTRACT_UNCHANGED
SH-DB-BEZA,2024-03-11,2024,71,-23.6558,33.270000000000003,22.600000000000001,21.989999999999998,1282.1855077650298,CAL07_DAILY_CONTRACT_UNCHANGED
SH-DB-BEZA,2024-03-12,2024,72,-23.6558,33.119999999999997,23.030000000000001,21.93,1306.6505508842633,CAL07_DAILY_CONTRACT_UNCHANGED
SH-DB-BEZA,2024-03-13,2024,73,-23.6558,34.310000000000002,23.109999999999999,22.620000000000001,1374.4639432791173,CAL07_DAILY_CONTRACT_UNCHANGED
SH-DB-BEZA,2024-03-14,2024,74,-23.6558,32.990000000000002,22.66,22.140000000000001,1223.1760912879595,CAL07_DAILY_CONTRACT_UNCHANGED
SH-DB-BEZA,2024-03-15,2024,75,-23.6558,29.289999999999999,22.690000000000001,22.710000000000001,654.71007482320829,CAL07_DAILY_CONTRACT_UNCHANGED
SH-DB-BEZA,2024-03-16,2024,76,-23.6558,33.579999999999998,21.719999999999999,21.739999999999998,1295.3129152006336,CAL07_DAILY_CONTRACT_UNCHANGED
SH-DB-BEZA,2024-03-17,2024,77,-23.6558,33.630000000000003,22.07,21.73,1332.2105686807763,CAL07_DAILY_CONTRACT_UNCHANGED
SH-DB-BEZA,2024-03-18,2024,78,-23.6558,33.310000000000002,22.890000000000001,22.620000000000001,1209.0287238674291,CAL07_DAILY_CONTRACT_UNCHANGED
SH-DB-BEZA,2024-03-19,2024,79,-23.6558,34.170000000000002,22.960000000000001,22.48,1363.9525068923954,CAL07_DAILY_CONTRACT_UNCHANGED
SH-DB-BEZA,2024-03-20,2024,80,-23.6558,33.310000000000002,23.190000000000001,22.32,1284.140353795628,CAL07_DAILY_CONTRACT_UNCHANGED
SH-DB-BEZA,2024-03-21,2024,81,-23.6558,31.379999999999999,21.789999999999999,21,1113.484777951026,CAL07_DAILY_CONTRACT_UNCHANGED
SH-DB-BEZA,2024-03-22,2024,82,-23.6558,32.68,21.800000000000001,21.100000000000001,1273.8934152683482,CAL07_DAILY_CONTRACT_UNCHANGED
SH-DB-BEZA,2024-03-23,2024,83,-23.6558,34.039999999999999,20.93,19.82,1591.3717407320978,CAL07_DAILY_CONTRACT_UNCHANGED
SH-DB-BEZA,2024-03-24,2024,84,-23.6558,30.010000000000002,21.670000000000002,20.940000000000001,940.50329929523468,CAL07_DAILY_CONTRACT_UNCHANGED
SH-DB-BEZA,2024-03-25,2024,85,-23.6558,30.969999999999999,21.079999999999998,18.989999999999998,1296.0659944886056,CAL07_DAILY_CONTRACT_UNCHANGED
SH-DB-BEZA,2024-03-26,2024,86,-23.6558,32.579999999999998,18.850000000000001,16.73,1640.0606769748829,CAL07_DAILY_CONTRACT_UNCHANGED
SH-DB-BEZA,2024-03-27,2024,87,-23.6558,33.619999999999997,19.059999999999999,17.170000000000002,1747.9838973564813,CAL07_DAILY_CONTRACT_UNCHANGED
SH-DB-BEZA,2024-03-28,2024,88,-23.6558,33.82,19.84,17.48,1793.2378855070613,CAL07_DAILY_CONTRACT_UNCHANGED
SH-DB-BEZA,2024-03-29,2024,89,-23.6558,34.600000000000001,20.59,18.84,1786.7533946998947,CAL07_DAILY_CONTRACT_UNCHANGED
SH-DB-BEZA,2024-03-30,2024,90,-23.6558,31.719999999999999,21.16,20.260000000000002,1219.6241217532461,CAL07_DAILY_CONTRACT_UNCHANGED
SH-DB-BEZA,2024-03-31,2024,91,-23.6558,30.16,20.460000000000001,20.280000000000001,964.81120431278805,CAL07_DAILY_CONTRACT_UNCHANGED
SH-DB-BEZA,2024-04-01,2024,92,-23.6558,32.240000000000002,20.289999999999999,19.949999999999999,1269.0612779904409,CAL07_DAILY_CONTRACT_UNCHANGED
SH-DB-BEZA,2024-04-02,2024,93,-23.6558,34.200000000000003,20.59,19.469999999999999,1639.2620549566955,CAL07_DAILY_CONTRACT_UNCHANGED
SH-DB-BEZA,2024-04-03,2024,94,-23.6558,34.25,21.629999999999999,18.850000000000001,1812.4061811336082,CAL07_DAILY_CONTRACT_UNCHANGED
SH-DB-BEZA,2024-04-04,2024,95,-23.6558,35.189999999999998,21.109999999999999,18.07,2019.8369055234798,CAL07_DAILY_CONTRACT_UNCHANGED
SH-DB-BEZA,2024-04-05,2024,96,-23.6558,35.689999999999998,21.559999999999999,18.289999999999999,2105.3438277818173,CAL07_DAILY_CONTRACT_UNCHANGED
SH-DB-BEZA,2024-04-06,2024,97,-23.6558,33.25,20.710000000000001,17.989999999999998,1709.3898747852763,CAL07_DAILY_CONTRACT_UNCHANGED
SH-DB-BEZA,2024-04-07,2024,98,-23.6558,32.600000000000001,20.329999999999998,19.149999999999999,1434.3878295048412,CAL07_DAILY_CONTRACT_UNCHANGED
SH-DB-BEZA,2024-04-08,2024,99,-23.6558,33.109999999999999,20.109999999999999,19.550000000000001,1433.8257972968536,CAL07_DAILY_CONTRACT_UNCHANGED
SH-DB-BEZA,2024-04-09,2024,100,-23.6558,33.68,21.550000000000001,19.359999999999999,1651.5126543339206,CAL07_DAILY_CONTRACT_UNCHANGED
SH-DB-BEZA,2024-04-10,2024,101,-23.6558,33.32,21.079999999999998,20.530000000000001,1394.0911947990503,CAL07_DAILY_CONTRACT_UNCHANGED
SH-DB-BEZA,2024-04-11,2024,102,-23.6558,28.350000000000001,19.949999999999999,19.870000000000001,774.82073178051405,CAL07_DAILY_CONTRACT_UNCHANGED
SH-DB-BEZA,2024-04-12,2024,103,-23.6558,26.960000000000001,16.98,15.630000000000001,970.37109812174913,CAL07_DAILY_CONTRACT_UNCHANGED
SH-DB-BEZA,2024-04-13,2024,104,-23.6558,27.649999999999999,14.73,14.09,1081.7878087515828,CAL07_DAILY_CONTRACT_UNCHANGED
SH-DB-BEZA,2024-04-14,2024,105,-23.6558,27.120000000000001,17.399999999999999,15.94,977.62738216527282,CAL07_DAILY_CONTRACT_UNCHANGED
SH-DB-BEZA,2024-04-15,2024,106,-23.6558,30.710000000000001,18.760000000000002,17.309999999999999,1315.7024383415867,CAL07_DAILY_CONTRACT_UNCHANGED
SH-DB-BEZA,2024-04-16,2024,107,-23.6558,31.75,19.620000000000001,17.969999999999999,1425.8280637526468,CAL07_DAILY_CONTRACT_UNCHANGED
SH-DB-BEZA,2024-04-17,2024,108,-23.6558,33.32,20.68,17.329999999999998,1801.214864299887,CAL07_DAILY_CONTRACT_UNCHANGED
SH-DB-BEZA,2024-04-18,2024,109,-23.6558,32.670000000000002,20.32,16.789999999999999,1749.3016199272636,CAL07_DAILY_CONTRACT_UNCHANGED
SH-DB-BEZA,2024-04-19,2024,110,-23.6558,30.850000000000001,20.940000000000001,17.809999999999999,1426.6515317076344,CAL07_DAILY_CONTRACT_UNCHANGED
SH-DB-BEZA,2024-04-20,2024,111,-23.6558,30.350000000000001,19.52,19.09,1089.584230196966,CAL07_DAILY_CONTRACT_UNCHANGED
SH-DB-BEZA,2024-04-21,2024,112,-23.6558,31.399999999999999,17.829999999999998,16.809999999999999,1404.4532940701267,CAL07_DAILY_CONTRACT_UNCHANGED
SH-DB-BEZA,2024-04-22,2024,113,-23.6558,32.93,17.190000000000001,15.66,1706.6348416176656,CAL07_DAILY_CONTRACT_UNCHANGED
SH-DB-BEZA,2024-04-23,2024,114,-23.6558,34.5,17.829999999999998,16.510000000000002,1877.217566113927,CAL07_DAILY_CONTRACT_UNCHANGED
SH-DB-BEZA,2024-04-24,2024,115,-23.6558,33.299999999999997,18.82,16.960000000000001,1711.3029067496948,CAL07_DAILY_CONTRACT_UNCHANGED
SH-DB-BEZA,2024-04-25,2024,116,-23.6558,34.039999999999999,18.600000000000001,17.07,1790.7937834635109,CAL07_DAILY_CONTRACT_UNCHANGED
SH-DB-BEZA,2024-04-26,2024,117,-23.6558,34.479999999999997,19.34,17.780000000000001,1818.1488595323885,CAL07_DAILY_CONTRACT_UNCHANGED
SH-DB-BEZA,2024-04-27,2024,118,-23.6558,30.620000000000001,19.489999999999998,18.390000000000001,1215.7420059696487,CAL07_DAILY_CONTRACT_UNCHANGED
SH-DB-BEZA,2024-04-28,2024,119,-23.6558,28.93,17.460000000000001,15.98,1176.2572256107019,CAL07_DAILY_CONTRACT_UNCHANGED
SH-DB-BEZA,2024-04-29,2024,120,-23.6558,33.799999999999997,16.390000000000001,16,1743.9084609830404,CAL07_DAILY_CONTRACT_UNCHANGED
SH-DB-BEZA,2024-04-30,2024,121,-23.6558,34.229999999999997,20.550000000000001,18.059999999999999,1831.6342221953655,CAL07_DAILY_CONTRACT_UNCHANGED
SH-DB-BEZA,2024-05-01,2024,122,-23.6558,31.91,19.800000000000001,18.539999999999999,1384.9488051613012,CAL07_DAILY_CONTRACT_UNCHANGED
SH-DB-BEZA,2024-05-02,2024,123,-23.6558,32.329999999999998,17.469999999999999,14.84,1732.3244066003933,CAL07_DAILY_CONTRACT_UNCHANGED
SH-DB-BEZA,2024-05-03,2024,124,-23.6558,30.289999999999999,15.92,16.199999999999999,1219.940809226096,CAL07_DAILY_CONTRACT_UNCHANGED
SH-DB-BEZA,2024-05-04,2024,125,-23.6558,32.210000000000001,16.239999999999998,14.5,1677.7006611646943,CAL07_DAILY_CONTRACT_UNCHANGED
SH-DB-BEZA,2024-05-05,2024,126,-23.6558,33.479999999999997,15.699999999999999,12.66,2010.6712159447952,CAL07_DAILY_CONTRACT_UNCHANGED
SH-DB-BEZA,2024-05-06,2024,127,-23.6558,33.200000000000003,16.899999999999999,11.859999999999999,2116.4999332520306,CAL07_DAILY_CONTRACT_UNCHANGED
SH-DB-BEZA,2024-05-07,2024,128,-23.6558,33.299999999999997,17.16,13.9,1948.1785336433325,CAL07_DAILY_CONTRACT_UNCHANGED
SH-DB-BEZA,2024-05-08,2024,129,-23.6558,33.659999999999997,18.34,14.859999999999999,1973.9207995066938,CAL07_DAILY_CONTRACT_UNCHANGED
SH-DB-BEZA,2024-05-09,2024,130,-23.6558,33.75,18.699999999999999,15.41,1950.2475186265342,CAL07_DAILY_CONTRACT_UNCHANGED
SH-DB-BEZA,2024-05-10,2024,131,-23.6558,33.82,18.989999999999998,14.68,2060.5730549551208,CAL07_DAILY_CONTRACT_UNCHANGED
SH-DB-BEZA,2024-05-11,2024,132,-23.6558,33.170000000000002,18.309999999999999,13.619999999999999,2031.8309575186265,CAL07_DAILY_CONTRACT_UNCHANGED
SH-DB-BEZA,2024-05-12,2024,133,-23.6558,32.219999999999999,17.16,13.48,1840.3836519424017,CAL07_DAILY_CONTRACT_UNCHANGED
SH-DB-BEZA,2024-05-13,2024,134,-23.6558,32.490000000000002,16.350000000000001,15.039999999999999,1663.9382655658453,CAL07_DAILY_CONTRACT_UNCHANGED
SH-DB-BEZA,2024-05-14,2024,135,-23.6558,30.920000000000002,18.239999999999998,16.550000000000001,1400.6010237369314,CAL07_DAILY_CONTRACT_UNCHANGED
SH-DB-BEZA,2024-05-15,2024,136,-23.6558,32.079999999999998,18.129999999999999,16.039999999999999,1605.679143723999,CAL07_DAILY_CONTRACT_UNCHANGED
SH-DB-BEZA,2024-05-16,2024,137,-23.6558,33.840000000000003,17.739999999999998,15.210000000000001,1922.7321901234309,CAL07_DAILY_CONTRACT_UNCHANGED
SH-DB-BEZA,2024-05-17,2024,138,-23.6558,33.689999999999998,19.359999999999999,15.82,1940.1958553168904,CAL07_DAILY_CONTRACT_UNCHANGED
SH-DB-BEZA,2024-05-18,2024,139,-23.6558,32.32,19.039999999999999,16.66,1625.7882158758796,CAL07_DAILY_CONTRACT_UNCHANGED
SH-DB-BEZA,2024-05-19,2024,140,-23.6558,28.710000000000001,16.25,14.94,1194.5100543655658,CAL07_DAILY_CONTRACT_UNCHANGED
SH-DB-BEZA,2024-05-20,2024,141,-23.6558,29.710000000000001,15.949999999999999,13.300000000000001,1465.3238537129678,CAL07_DAILY_CONTRACT_UNCHANGED
SH-DB-BEZA,2024-05-21,2024,142,-23.6558,29.59,14.58,10.52,1630.6240659112423,CAL07_DAILY_CONTRACT_UNCHANGED
SH-DB-BEZA,2024-05-22,2024,143,-23.6558,28.559999999999999,13.84,10.75,1452.4545827489237,CAL07_DAILY_CONTRACT_UNCHANGED
SH-DB-BEZA,2024-05-23,2024,144,-23.6558,29.899999999999999,13.130000000000001,11.720000000000001,1487.794555678402,CAL07_DAILY_CONTRACT_UNCHANGED
SH-DB-BEZA,2024-05-24,2024,145,-23.6558,30.620000000000001,14.19,11,1694.6517553570397,CAL07_DAILY_CONTRACT_UNCHANGED
SH-DB-BEZA,2024-05-25,2024,146,-23.6558,30.5,15.800000000000001,13.58,1525.1823050703279,CAL07_DAILY_CONTRACT_UNCHANGED
SH-DB-BEZA,2024-05-26,2024,147,-23.6558,29.440000000000001,14.789999999999999,13.24,1374.0980676176184,CAL07_DAILY_CONTRACT_UNCHANGED
SH-DB-BEZA,2024-05-27,2024,148,-23.6558,28.289999999999999,14.630000000000001,13.18,1239.1885248907615,CAL07_DAILY_CONTRACT_UNCHANGED
SH-DB-BEZA,2024-05-28,2024,149,-23.6558,29.280000000000001,13.16,12.23,1368.2578289962887,CAL07_DAILY_CONTRACT_UNCHANGED
SH-DB-BEZA,2024-05-29,2024,150,-23.6558,30.579999999999998,14.83,12.789999999999999,1559.2053971055529,CAL07_DAILY_CONTRACT_UNCHANGED
SH-DB-BEZA,2024-05-30,2024,151,-23.6558,31.370000000000001,14.74,11.43,1781.8431880009637,CAL07_DAILY_CONTRACT_UNCHANGED
SH-DB-BEZA,2024-05-31,2024,152,-23.6558,31.84,14.68,12.109999999999999,1778.4716668236197,CAL07_DAILY_CONTRACT_UNCHANGED
SH-DB-BEZA,2024-06-01,2024,153,-23.6558,32.469999999999999,15.5,12.210000000000001,1899.6695992127102,CAL07_DAILY_CONTRACT_UNCHANGED
SH-DB-BEZA,2024-06-02,2024,154,-23.6558,31.899999999999999,16.52,9.7400000000000002,2097.037751741163,CAL07_DAILY_CONTRACT_UNCHANGED
SH-DB-BEZA,2024-06-03,2024,155,-23.6558,32.140000000000001,17.170000000000002,10.15,2135.2521959293035,CAL07_DAILY_CONTRACT_UNCHANGED
SH-DB-BEZA,2024-06-04,2024,156,-23.6558,33.689999999999998,17.289999999999999,13.08,2095.2533967970812,CAL07_DAILY_CONTRACT_UNCHANGED
SH-DB-BEZA,2024-06-05,2024,157,-23.6558,33.090000000000003,17.940000000000001,14.199999999999999,1936.4348241414475,CAL07_DAILY_CONTRACT_UNCHANGED
SH-DB-BEZA,2024-06-06,2024,158,-23.6558,32.609999999999999,17.52,14.050000000000001,1858.0318649833432,CAL07_DAILY_CONTRACT_UNCHANGED
SH-DB-BEZA,2024-06-07,2024,159,-23.6558,33.020000000000003,17.260000000000002,13.77,1927.9405054786055,CAL07_DAILY_CONTRACT_UNCHANGED
SH-DB-BEZA,2024-06-08,2024,160,-23.6558,27.690000000000001,16.550000000000001,16.699999999999999,896.50065613835795,CAL07_DAILY_CONTRACT_UNCHANGED
SH-DB-BEZA,2024-06-09,2024,161,-23.6558,24.059999999999999,13.640000000000001,10.52,1006.7470014208825,CAL07_DAILY_CONTRACT_UNCHANGED
SH-DB-BEZA,2024-06-10,2024,162,-23.6558,25.43,12.279999999999999,10.970000000000001,1029.1495615446688,CAL07_DAILY_CONTRACT_UNCHANGED
SH-DB-BEZA,2024-06-11,2024,163,-23.6558,24.190000000000001,13.42,12.970000000000001,783.93396882260413,CAL07_DAILY_CONTRACT_UNCHANGED
SH-DB-BEZA,2024-06-12,2024,164,-23.6558,27.43,15.380000000000001,14.359999999999999,1065.5608531271357,CAL07_DAILY_CONTRACT_UNCHANGED
SH-DB-BEZA,2024-06-13,2024,165,-23.6558,29.460000000000001,15.18,14.470000000000001,1271.284840633301,CAL07_DAILY_CONTRACT_UNCHANGED
SH-DB-BEZA,2024-06-14,2024,166,-23.6558,28.27,15.779999999999999,16.390000000000001,952.24889687770656,CAL07_DAILY_CONTRACT_UNCHANGED
SH-DB-BEZA,2024-06-15,2024,167,-23.6558,27.359999999999999,15.789999999999999,12.84,1235.5218452406536,CAL07_DAILY_CONTRACT_UNCHANGED
SH-DB-BEZA,2024-06-16,2024,168,-23.6558,27.309999999999999,12.470000000000001,10.880000000000001,1236.3832640485937,CAL07_DAILY_CONTRACT_UNCHANGED
SH-DB-BEZA,2024-06-17,2024,169,-23.6558,29.59,12.35,11.34,1447.1017560622145,CAL07_DAILY_CONTRACT_UNCHANGED
SH-DB-BEZA,2024-06-18,2024,170,-23.6558,32,14.69,13.880000000000001,1626.9928238869975,CAL07_DAILY_CONTRACT_UNCHANGED
SH-DB-BEZA,2024-06-19,2024,171,-23.6558,28.600000000000001,16.93,16.23,1076.4082635911375,CAL07_DAILY_CONTRACT_UNCHANGED
SH-DB-BEZA,2024-06-20,2024,172,-23.6558,28.699999999999999,15.26,14.9,1141.0298905096856,CAL07_DAILY_CONTRACT_UNCHANGED
SH-DB-BEZA,2024-06-21,2024,173,-23.6558,29.579999999999998,15.52,13.720000000000001,1382.8096514174019,CAL07_DAILY_CONTRACT_UNCHANGED
SH-DB-BEZA,2024-06-22,2024,174,-23.6558,29.84,15.109999999999999,12.890000000000001,1473.8429823799488,CAL07_DAILY_CONTRACT_UNCHANGED
SH-DB-BEZA,2024-06-23,2024,175,-23.6558,28.75,15.48,12.09,1442.5579521571151,CAL07_DAILY_CONTRACT_UNCHANGED
SH-DB-BEZA,2024-06-24,2024,176,-23.6558,27.719999999999999,15.390000000000001,12.42,1291.8070164351532,CAL07_DAILY_CONTRACT_UNCHANGED
SH-DB-BEZA,2024-06-25,2024,177,-23.6558,29.199999999999999,13.199999999999999,12.73,1313.3215115914186,CAL07_DAILY_CONTRACT_UNCHANGED
SH-DB-BEZA,2024-06-26,2024,178,-23.6558,29.350000000000001,14.390000000000001,10.369999999999999,1604.7222385671923,CAL07_DAILY_CONTRACT_UNCHANGED
SH-DB-BEZA,2024-06-27,2024,179,-23.6558,29.030000000000001,12.58,11.19,1405.485375292558,CAL07_DAILY_CONTRACT_UNCHANGED
SH-DB-BEZA,2024-06-28,2024,180,-23.6558,28.84,13.23,8.3800000000000008,1643.7701759029319,CAL07_DAILY_CONTRACT_UNCHANGED
SH-DB-BEZA,2024-06-29,2024,181,-23.6558,28.350000000000001,11.369999999999999,5.9000000000000004,1672.8444011249383,CAL07_DAILY_CONTRACT_UNCHANGED
SH-DB-BEZA,2024-06-30,2024,182,-23.6558,29.25,11.66,9.4000000000000004,1538.2156022590834,CAL07_DAILY_CONTRACT_UNCHANGED
SH-DB-BEZA,2024-07-01,2024,183,-23.6558,27.890000000000001,12.710000000000001,10.48,1344.6677447149482,CAL07_DAILY_CONTRACT_UNCHANGED
SH-DB-BEZA,2024-07-02,2024,184,-23.6558,28.530000000000001,12.67,10.06,1449.0416899608977,CAL07_DAILY_CONTRACT_UNCHANGED
SH-DB-BEZA,2024-07-03,2024,185,-23.6558,29.27,13.609999999999999,10.49,1544.7288521063251,CAL07_DAILY_CONTRACT_UNCHANGED
SH-DB-BEZA,2024-07-04,2024,186,-23.6558,25.460000000000001,15.16,13.81,910.305083571674,CAL07_DAILY_CONTRACT_UNCHANGED
SH-DB-BEZA,2024-07-05,2024,187,-23.6558,27.359999999999999,12.17,13.44,988.42219619579578,CAL07_DAILY_CONTRACT_UNCHANGED
SH-DB-BEZA,2024-07-06,2024,188,-23.6558,27.34,16,13.140000000000001,1216.1399006766792,CAL07_DAILY_CONTRACT_UNCHANGED
SH-DB-BEZA,2024-07-07,2024,189,-23.6558,26.07,14.300000000000001,12.640000000000001,1039.8217305873291,CAL07_DAILY_CONTRACT_UNCHANGED
SH-DB-BEZA,2024-07-08,2024,190,-23.6558,29.379999999999999,11.58,9.5500000000000007,1537.9172144526954,CAL07_DAILY_CONTRACT_UNCHANGED
SH-DB-BEZA,2024-07-09,2024,191,-23.6558,27.82,12.119999999999999,12.59,1119.0265597889195,CAL07_DAILY_CONTRACT_UNCHANGED
SH-DB-BEZA,2024-07-10,2024,192,-23.6558,29.370000000000001,12.789999999999999,9.7200000000000006,1579.6123010465381,CAL07_DAILY_CONTRACT_UNCHANGED
SH-DB-BEZA,2024-07-11,2024,193,-23.6558,31.960000000000001,13.23,7.9299999999999997,2064.5813497779263,CAL07_DAILY_CONTRACT_UNCHANGED
SH-DB-BEZA,2024-07-12,2024,194,-23.6558,31.800000000000001,12.140000000000001,6.6799999999999997,2078.3763654663603,CAL07_DAILY_CONTRACT_UNCHANGED
SH-DB-BEZA,2024-07-13,2024,195,-23.6558,31.359999999999999,12.07,7.1299999999999999,1986.4349651335788,CAL07_DAILY_CONTRACT_UNCHANGED
SH-DB-BEZA,2024-07-14,2024,196,-23.6558,31.199999999999999,14.029999999999999,11.65,1702.3390973484502,CAL07_DAILY_CONTRACT_UNCHANGED
SH-DB-BEZA,2024-07-15,2024,197,-23.6558,29.120000000000001,13.43,12.58,1329.8674155787742,CAL07_DAILY_CONTRACT_UNCHANGED
SH-DB-BEZA,2024-07-16,2024,198,-23.6558,28.5,14.17,10.33,1498.4703537423222,CAL07_DAILY_CONTRACT_UNCHANGED
SH-DB-BEZA,2024-07-17,2024,199,-23.6558,28.41,12.710000000000001,11.43,1319.6421049710482,CAL07_DAILY_CONTRACT_UNCHANGED
SH-DB-BEZA,2024-07-18,2024,200,-23.6558,29.440000000000001,13.800000000000001,12.93,1352.3932842352742,CAL07_DAILY_CONTRACT_UNCHANGED
SH-DB-BEZA,2024-07-19,2024,201,-23.6558,31.120000000000001,14.210000000000001,12.09,1661.0391016287438,CAL07_DAILY_CONTRACT_UNCHANGED
SH-DB-BEZA,2024-07-20,2024,202,-23.6558,28.91,15.029999999999999,11.19,1517.3813581768352,CAL07_DAILY_CONTRACT_UNCHANGED
SH-DB-BEZA,2024-07-21,2024,203,-23.6558,30.25,12.529999999999999,7.1200000000000001,1868.1704711233308,CAL07_DAILY_CONTRACT_UNCHANGED
SH-DB-BEZA,2024-07-22,2024,204,-23.6558,29.59,12.99,9.7699999999999996,1611.3795081052274,CAL07_DAILY_CONTRACT_UNCHANGED
SH-DB-BEZA,2024-07-23,2024,205,-23.6558,28.809999999999999,13.970000000000001,12.4,1338.7111492306481,CAL07_DAILY_CONTRACT_UNCHANGED
SH-DB-BEZA,2024-07-24,2024,206,-23.6558,30.629999999999999,14.369999999999999,11.710000000000001,1642.1400976701107,CAL07_DAILY_CONTRACT_UNCHANGED
SH-DB-BEZA,2024-07-25,2024,207,-23.6558,29.07,14.48,13.029999999999999,1334.7852780604101,CAL07_DAILY_CONTRACT_UNCHANGED
SH-DB-BEZA,2024-07-26,2024,208,-23.6558,27.449999999999999,15.25,13.27,1172.3418917768643,CAL07_DAILY_CONTRACT_UNCHANGED
SH-DB-BEZA,2024-07-27,2024,209,-23.6558,28.41,12.390000000000001,9.1899999999999995,1492.1965115282962,CAL07_DAILY_CONTRACT_UNCHANGED
SH-DB-BEZA,2024-07-28,2024,210,-23.6558,29.800000000000001,12.66,8.9299999999999997,1687.065053381385,CAL07_DAILY_CONTRACT_UNCHANGED
SH-DB-BEZA,2024-07-29,2024,211,-23.6558,30.219999999999999,11.56,10.619999999999999,1549.7219195104331,CAL07_DAILY_CONTRACT_UNCHANGED
SH-DB-BEZA,2024-07-30,2024,212,-23.6558,29.129999999999999,15.470000000000001,12.08,1486.7737964560515,CAL07_DAILY_CONTRACT_UNCHANGED
SH-DB-BEZA,2024-07-31,2024,213,-23.6558,28.350000000000001,13.460000000000001,9.5099999999999998,1512.323980883167,CAL07_DAILY_CONTRACT_UNCHANGED
SH-DB-BEZA,2024-08-01,2024,214,-23.6558,27.16,11.109999999999999,8.7799999999999994,1329.5349919371454,CAL07_DAILY_CONTRACT_UNCHANGED
SH-DB-BEZA,2024-08-02,2024,215,-23.6558,28.350000000000001,11.69,9.5800000000000001,1422.072032813315,CAL07_DAILY_CONTRACT_UNCHANGED
SH-DB-BEZA,2024-08-03,2024,216,-23.6558,29.510000000000002,11.66,7.9199999999999999,1681.4056673935484,CAL07_DAILY_CONTRACT_UNCHANGED
SH-DB-BEZA,2024-08-04,2024,217,-23.6558,30.379999999999999,11.710000000000001,9.0700000000000003,1702.6968180295471,CAL07_DAILY_CONTRACT_UNCHANGED
SH-DB-BEZA,2024-08-05,2024,218,-23.6558,31.199999999999999,13.449999999999999,8.8200000000000003,1909.0419514767145,CAL07_DAILY_CONTRACT_UNCHANGED
SH-DB-BEZA,2024-08-06,2024,219,-23.6558,29.890000000000001,13.199999999999999,14.039999999999999,1264.163867228599,CAL07_DAILY_CONTRACT_UNCHANGED
SH-DB-BEZA,2024-08-07,2024,220,-23.6558,31.899999999999999,15.140000000000001,12.199999999999999,1803.2069788961578,CAL07_DAILY_CONTRACT_UNCHANGED
SH-DB-BEZA,2024-08-08,2024,221,-23.6558,33.130000000000003,15.18,13.380000000000001,1860.6664304403816,CAL07_DAILY_CONTRACT_UNCHANGED
SH-DB-BEZA,2024-08-09,2024,222,-23.6558,32.729999999999997,15.710000000000001,14.69,1698.0650662058581,CAL07_DAILY_CONTRACT_UNCHANGED
SH-DB-BEZA,2024-08-10,2024,223,-23.6558,33.170000000000002,14.81,10.529999999999999,2109.1934064941142,CAL07_DAILY_CONTRACT_UNCHANGED
SH-DB-BEZA,2024-08-11,2024,224,-23.6558,33.969999999999999,15.31,10.449999999999999,2259.5451489648303,CAL07_DAILY_CONTRACT_UNCHANGED
SH-DB-BEZA,2024-08-12,2024,225,-23.6558,33.009999999999998,14.789999999999999,10.619999999999999,2077.7764185803248,CAL07_DAILY_CONTRACT_UNCHANGED
SH-DB-BEZA,2024-08-13,2024,226,-23.6558,32.439999999999998,14.449999999999999,7.1900000000000004,2245.0816127890948,CAL07_DAILY_CONTRACT_UNCHANGED
SH-DB-BEZA,2024-08-14,2024,227,-23.6558,33.530000000000001,16.02,11.460000000000001,2147.7241704690123,CAL07_DAILY_CONTRACT_UNCHANGED
SH-DB-BEZA,2024-08-15,2024,228,-23.6558,30.890000000000001,16.710000000000001,13.199999999999999,1665.9900590963939,CAL07_DAILY_CONTRACT_UNCHANGED
SH-DB-BEZA,2024-08-16,2024,229,-23.6558,28.920000000000002,13.17,9.3399999999999999,1576.1539002120189,CAL07_DAILY_CONTRACT_UNCHANGED
SH-DB-BEZA,2024-08-17,2024,230,-23.6558,31.010000000000002,13.390000000000001,9.7599999999999998,1807.4280746926402,CAL07_DAILY_CONTRACT_UNCHANGED
SH-DB-BEZA,2024-08-18,2024,231,-23.6558,32.82,14.56,8.9800000000000004,2172.0981495505048,CAL07_DAILY_CONTRACT_UNCHANGED
SH-DB-BEZA,2024-08-19,2024,232,-23.6558,32.609999999999999,15.630000000000001,8.3300000000000001,2251.3334167128792,CAL07_DAILY_CONTRACT_UNCHANGED
SH-DB-BEZA,2024-08-20,2024,233,-23.6558,31.670000000000002,14.73,9.1300000000000008,2013.1934041501631,CAL07_DAILY_CONTRACT_UNCHANGED
SH-DB-BEZA,2024-08-21,2024,234,-23.6558,31.23,13.859999999999999,9.3800000000000008,1890.0793630523169,CAL07_DAILY_CONTRACT_UNCHANGED
SH-DB-BEZA,2024-08-22,2024,235,-23.6558,32.210000000000001,14.289999999999999,9.7899999999999991,2009.4261372784902,CAL07_DAILY_CONTRACT_UNCHANGED
SH-DB-BEZA,2024-08-23,2024,236,-23.6558,26.449999999999999,14.029999999999999,12.18,1107.5124494574277,CAL07_DAILY_CONTRACT_UNCHANGED
SH-DB-BEZA,2024-08-24,2024,237,-23.6558,28.170000000000002,10.81,6.1299999999999999,1613.308005712795,CAL07_DAILY_CONTRACT_UNCHANGED
SH-DB-BEZA,2024-08-25,2024,238,-23.6558,32.899999999999999,12.359999999999999,6.3099999999999996,2263.7350186241124,CAL07_DAILY_CONTRACT_UNCHANGED
SH-DB-BEZA,2024-08-26,2024,239,-23.6558,33.520000000000003,14.43,8.7400000000000002,2283.1988928959295,CAL07_DAILY_CONTRACT_UNCHANGED
SH-DB-BEZA,2024-08-27,2024,240,-23.6558,34.719999999999999,14.76,8.5700000000000003,2492.5771383316173,CAL07_DAILY_CONTRACT_UNCHANGED
SH-DB-BEZA,2024-08-28,2024,241,-23.6558,36.460000000000001,17.359999999999999,12.59,2579.4149405035305,CAL07_DAILY_CONTRACT_UNCHANGED
SH-DB-BEZA,2024-08-29,2024,242,-23.6558,35.450000000000003,17.739999999999998,12.18,2477.9680934667658,CAL07_DAILY_CONTRACT_UNCHANGED
SH-DB-BEZA,2024-08-30,2024,243,-23.6558,34.060000000000002,18.350000000000001,13.539999999999999,2171.9487915852019,CAL07_DAILY_CONTRACT_UNCHANGED
SH-DB-BEZA,2024-08-31,2024,244,-23.6558,29.149999999999999,17.210000000000001,15.880000000000001,1197.7030620995431,CAL07_DAILY_CONTRACT_UNCHANGED
SH-DB-BEZA,2024-09-01,2024,245,-23.6558,27.469999999999999,16.469999999999999,14.01,1169.5744159932035,CAL07_DAILY_CONTRACT_UNCHANGED
SH-DB-BEZA,2024-09-02,2024,246,-23.6558,29.719999999999999,15.199999999999999,13.66,1387.7389798947181,CAL07_DAILY_CONTRACT_UNCHANGED
SH-DB-BEZA,2024-09-03,2024,247,-23.6558,28.239999999999998,16.620000000000001,14.529999999999999,1207.8910608258725,CAL07_DAILY_CONTRACT_UNCHANGED
SH-DB-BEZA,2024-09-04,2024,248,-23.6558,31.670000000000002,16.870000000000001,13.890000000000001,1707.0941185858032,CAL07_DAILY_CONTRACT_UNCHANGED
SH-DB-BEZA,2024-09-05,2024,249,-23.6558,33.890000000000001,17.199999999999999,13.31,2096.1820266652667,CAL07_DAILY_CONTRACT_UNCHANGED
SH-DB-BEZA,2024-09-06,2024,250,-23.6558,34.710000000000001,18.77,13.67,2284.9305365186319,CAL07_DAILY_CONTRACT_UNCHANGED
SH-DB-BEZA,2024-09-07,2024,251,-23.6558,36.359999999999999,18.399999999999999,14.17,2471.5881810264013,CAL07_DAILY_CONTRACT_UNCHANGED
SH-DB-BEZA,2024-09-08,2024,252,-23.6558,38.630000000000003,20.350000000000001,13.27,3097.1774021688298,CAL07_DAILY_CONTRACT_UNCHANGED
SH-DB-BEZA,2024-09-09,2024,253,-23.6558,37.149999999999999,21.120000000000001,10.44,3151.1881459180113,CAL07_DAILY_CONTRACT_UNCHANGED
SH-DB-BEZA,2024-09-10,2024,254,-23.6558,35.460000000000001,18.66,15.699999999999999,2175.4812483136266,CAL07_DAILY_CONTRACT_UNCHANGED
SH-DB-BEZA,2024-09-11,2024,255,-23.6558,32.829999999999998,18.370000000000001,15.289999999999999,1809.9918173683814,CAL07_DAILY_CONTRACT_UNCHANGED
SH-DB-BEZA,2024-09-12,2024,256,-23.6558,33.469999999999999,16.969999999999999,12.74,2076.6799105848254,CAL07_DAILY_CONTRACT_UNCHANGED
SH-DB-BEZA,2024-09-13,2024,257,-23.6558,34.43,17.18,13,2206.1728765718271,CAL07_DAILY_CONTRACT_UNCHANGED
SH-DB-BEZA,2024-09-14,2024,258,-23.6558,37.32,18.100000000000001,11.06,2913.0483867255971,CAL07_DAILY_CONTRACT_UNCHANGED
SH-DB-BEZA,2024-09-15,2024,259,-23.6558,37.100000000000001,18.890000000000001,13.25,2723.2748873865171,CAL07_DAILY_CONTRACT_UNCHANGED
SH-DB-BEZA,2024-09-16,2024,260,-23.6558,38.560000000000002,18.59,12.33,3051.5331571982006,CAL07_DAILY_CONTRACT_UNCHANGED
SH-DB-BEZA,2024-09-17,2024,261,-23.6558,38.640000000000001,19.550000000000001,11.119999999999999,3242.4847269259235,CAL07_DAILY_CONTRACT_UNCHANGED
SH-DB-BEZA,2024-09-18,2024,262,-23.6558,39.68,20.18,13.140000000000001,3296.0635671865425,CAL07_DAILY_CONTRACT_UNCHANGED
SH-DB-BEZA,2024-09-19,2024,263,-23.6558,38.189999999999998,20.25,16.370000000000001,2672.2119145594561,CAL07_DAILY_CONTRACT_UNCHANGED
SH-DB-BEZA,2024-09-20,2024,264,-23.6558,39.18,20.219999999999999,15.42,2962.8034617411295,CAL07_DAILY_CONTRACT_UNCHANGED
SH-DB-BEZA,2024-09-21,2024,265,-23.6558,39.130000000000003,21.829999999999998,12.470000000000001,3381.9057373742571,CAL07_DAILY_CONTRACT_UNCHANGED
SH-DB-BEZA,2024-09-22,2024,266,-23.6558,30.890000000000001,18.199999999999999,16.739999999999998,1371.2796424212906,CAL07_DAILY_CONTRACT_UNCHANGED
SH-DB-BEZA,2024-09-23,2024,267,-23.6558,27.219999999999999,17.210000000000001,12.56,1332.4394598147621,CAL07_DAILY_CONTRACT_UNCHANGED
SH-DB-BEZA,2024-09-24,2024,268,-23.6558,33.899999999999999,16.989999999999998,13.58,2057.5566635597374,CAL07_DAILY_CONTRACT_UNCHANGED
SH-DB-BEZA,2024-09-25,2024,269,-23.6558,35.340000000000003,21.93,16.82,2265.2037261585638,CAL07_DAILY_CONTRACT_UNCHANGED
SH-DB-BEZA,2024-09-26,2024,270,-23.6558,36.259999999999998,20.52,16.710000000000001,2318.0422784608072,CAL07_DAILY_CONTRACT_UNCHANGED
SH-DB-BEZA,2024-09-27,2024,271,-23.6558,36.75,19.350000000000001,16.239999999999998,2371.5061184552069,CAL07_DAILY_CONTRACT_UNCHANGED
SH-DB-BEZA,2024-09-28,2024,272,-23.6558,35.109999999999999,19.399999999999999,15.65,2176.8598985560793,CAL07_DAILY_CONTRACT_UNCHANGED
SH-DB-BEZA,2024-09-29,2024,273,-23.6558,39.18,19.359999999999999,14.73,2977.3434256955352,CAL07_DAILY_CONTRACT_UNCHANGED
SH-DB-BEZA,2024-09-30,2024,274,-23.6558,39.420000000000002,19.48,14.77,3027.0983477862274,CAL07_DAILY_CONTRACT_UNCHANGED
SH-DB-BEZA,2024-10-01,2024,275,-23.6558,37.390000000000001,21,16.809999999999999,2533.6520010801987,CAL07_DAILY_CONTRACT_UNCHANGED
SH-DB-BEZA,2024-10-02,2024,276,-23.6558,31.739999999999998,18.760000000000002,14.76,1745.8596920490972,CAL07_DAILY_CONTRACT_UNCHANGED
SH-DB-BEZA,2024-10-03,2024,277,-23.6558,27.129999999999999,16.609999999999999,9.9600000000000009,1516.8129650585213,CAL07_DAILY_CONTRACT_UNCHANGED
SH-DB-BEZA,2024-10-04,2024,278,-23.6558,28.59,14.699999999999999,7.0800000000000001,1784.8385288770273,CAL07_DAILY_CONTRACT_UNCHANGED
SH-DB-BEZA,2024-10-05,2024,279,-23.6558,31.109999999999999,13.539999999999999,7.3099999999999996,2012.7685588442541,CAL07_DAILY_CONTRACT_UNCHANGED
SH-DB-BEZA,2024-10-06,2024,280,-23.6558,33.770000000000003,13.74,6.2599999999999998,2459.5990187519528,CAL07_DAILY_CONTRACT_UNCHANGED
SH-DB-BEZA,2024-10-07,2024,281,-23.6558,32.840000000000003,17.48,13.15,1978.7908758371038,CAL07_DAILY_CONTRACT_UNCHANGED
SH-DB-BEZA,2024-10-08,2024,282,-23.6558,34.020000000000003,16.600000000000001,12.619999999999999,2146.2250790439057,CAL07_DAILY_CONTRACT_UNCHANGED
SH-DB-BEZA,2024-10-09,2024,283,-23.6558,35.619999999999997,18.670000000000002,13.67,2420.7115342825227,CAL07_DAILY_CONTRACT_UNCHANGED
SH-DB-BEZA,2024-10-10,2024,284,-23.6558,35.700000000000003,20.699999999999999,12.99,2645.9320398770105,CAL07_DAILY_CONTRACT_UNCHANGED
SH-DB-BEZA,2024-10-11,2024,285,-23.6558,36.009999999999998,23.260000000000002,13,2901.3196327875594,CAL07_DAILY_CONTRACT_UNCHANGED
SH-DB-BEZA,2024-10-12,2024,286,-23.6558,38.25,20.649999999999999,11.619999999999999,3206.6337787689736,CAL07_DAILY_CONTRACT_UNCHANGED
SH-DB-BEZA,2024-10-13,2024,287,-23.6558,38.210000000000001,19.420000000000002,7.9400000000000004,3409.6015582954205,CAL07_DAILY_CONTRACT_UNCHANGED
SH-DB-BEZA,2024-10-14,2024,288,-23.6558,38.340000000000003,18.719999999999999,12.66,2988.6300413454146,CAL07_DAILY_CONTRACT_UNCHANGED
SH-DB-BEZA,2024-10-15,2024,289,-23.6558,33.990000000000002,19.809999999999999,13.710000000000001,2244.8423920125156,CAL07_DAILY_CONTRACT_UNCHANGED
SH-DB-BEZA,2024-10-16,2024,290,-23.6558,28.77,17.27,13.130000000000001,1451.3832756569818,CAL07_DAILY_CONTRACT_UNCHANGED
SH-DB-BEZA,2024-10-17,2024,291,-23.6558,31.850000000000001,14.279999999999999,9.6400000000000006,1972.6006039017336,CAL07_DAILY_CONTRACT_UNCHANGED
SH-DB-BEZA,2024-10-18,2024,292,-23.6558,36.810000000000002,18.260000000000002,13.4,2616.6570642719089,CAL07_DAILY_CONTRACT_UNCHANGED
SH-DB-BEZA,2024-10-19,2024,293,-23.6558,35.170000000000002,19.640000000000001,14.98,2278.0510077044087,CAL07_DAILY_CONTRACT_UNCHANGED
SH-DB-BEZA,2024-10-20,2024,294,-23.6558,37.950000000000003,20.16,15.93,2674.0316431513743,CAL07_DAILY_CONTRACT_UNCHANGED
SH-DB-BEZA,2024-10-21,2024,295,-23.6558,40.18,22.890000000000001,15.85,3317.7929909064223,CAL07_DAILY_CONTRACT_UNCHANGED
SH-DB-BEZA,2024-10-22,2024,296,-23.6558,39.450000000000003,23.18,12.77,3525.7683409921406,CAL07_DAILY_CONTRACT_UNCHANGED
SH-DB-BEZA,2024-10-23,2024,297,-23.6558,39.630000000000003,21.309999999999999,12.15,3466.584752402393,CAL07_DAILY_CONTRACT_UNCHANGED
SH-DB-BEZA,2024-10-24,2024,298,-23.6558,37.729999999999997,22.829999999999998,15.789999999999999,2860.6234456384991,CAL07_DAILY_CONTRACT_UNCHANGED
SH-DB-BEZA,2024-10-25,2024,299,-23.6558,33.810000000000002,23.870000000000001,17.109999999999999,2160.7010121101534,CAL07_DAILY_CONTRACT_UNCHANGED
SH-DB-BEZA,2024-10-26,2024,300,-23.6558,35.829999999999998,20.969999999999999,14.67,2514.6659072806269,CAL07_DAILY_CONTRACT_UNCHANGED
SH-DB-BEZA,2024-10-27,2024,301,-23.6558,38.780000000000001,20.629999999999999,13.050000000000001,3167.50421307549,CAL07_DAILY_CONTRACT_UNCHANGED
SH-DB-BEZA,2024-10-28,2024,302,-23.6558,39.740000000000002,23.539999999999999,15.81,3291.9318845694788,CAL07_DAILY_CONTRACT_UNCHANGED
SH-DB-BEZA,2024-10-29,2024,303,-23.6558,41.18,24.559999999999999,17.219999999999999,3504.0676374227933,CAL07_DAILY_CONTRACT_UNCHANGED
SH-DB-BEZA,2024-10-30,2024,304,-23.6558,38.950000000000003,23.940000000000001,16.620000000000001,3081.4013782019074,CAL07_DAILY_CONTRACT_UNCHANGED
SH-DB-BEZA,2024-10-31,2024,305,-23.6558,35.18,22.079999999999998,18.02,2101.2700478143261,CAL07_DAILY_CONTRACT_UNCHANGED
SH-DB-BEZA,2024-11-01,2024,306,-23.6558,35.869999999999997,21.52,16.52,2353.5905780940266,CAL07_DAILY_CONTRACT_UNCHANGED
SH-DB-BEZA,2024-11-02,2024,307,-23.6558,39.159999999999997,21.350000000000001,17.120000000000001,2843.8461259400146,CAL07_DAILY_CONTRACT_UNCHANGED
SH-DB-BEZA,2024-11-03,2024,308,-23.6558,40.07,23.5,17.460000000000001,3154.4097272976996,CAL07_DAILY_CONTRACT_UNCHANGED
SH-DB-BEZA,2024-11-04,2024,309,-23.6558,40.229999999999997,24.75,17.890000000000001,3243.9503401908219,CAL07_DAILY_CONTRACT_UNCHANGED
SH-DB-BEZA,2024-11-05,2024,310,-23.6558,40.350000000000001,23.469999999999999,17.16,3244.8402834756907,CAL07_DAILY_CONTRACT_UNCHANGED
SH-DB-BEZA,2024-11-06,2024,311,-23.6558,37.359999999999999,23.329999999999998,17.010000000000002,2693.4962472258985,CAL07_DAILY_CONTRACT_UNCHANGED
SH-DB-BEZA,2024-11-07,2024,312,-23.6558,38.770000000000003,22.219999999999999,16.5,2915.4237953094835,CAL07_DAILY_CONTRACT_UNCHANGED
SH-DB-BEZA,2024-11-08,2024,313,-23.6558,37.030000000000001,22.140000000000001,17.289999999999999,2502.1974736903444,CAL07_DAILY_CONTRACT_UNCHANGED
SH-DB-BEZA,2024-11-09,2024,314,-23.6558,36.880000000000003,22.449999999999999,17.5,2475.6340651908981,CAL07_DAILY_CONTRACT_UNCHANGED
SH-DB-BEZA,2024-11-10,2024,315,-23.6558,38.469999999999999,22,17.57,2710.6160139409767,CAL07_DAILY_CONTRACT_UNCHANGED
SH-DB-BEZA,2024-11-11,2024,316,-23.6558,40.469999999999999,22.550000000000001,16.579999999999998,3261.3736221987388,CAL07_DAILY_CONTRACT_UNCHANGED
SH-DB-BEZA,2024-11-12,2024,317,-23.6558,39.950000000000003,22.989999999999998,15.56,3314.0503381940716,CAL07_DAILY_CONTRACT_UNCHANGED
SH-DB-BEZA,2024-11-13,2024,318,-23.6558,41.82,23.5,15.289999999999999,3771.1877052096256,CAL07_DAILY_CONTRACT_UNCHANGED
SH-DB-BEZA,2024-11-14,2024,319,-23.6558,40.740000000000002,23.920000000000002,18.050000000000001,3250.0751055559008,CAL07_DAILY_CONTRACT_UNCHANGED
SH-DB-BEZA,2024-11-15,2024,320,-23.6558,40.5,24.440000000000001,18.48,3191.9248254180343,CAL07_DAILY_CONTRACT_UNCHANGED
SH-DB-BEZA,2024-11-16,2024,321,-23.6558,40.82,25.300000000000001,18.27,3365.1730323721408,CAL07_DAILY_CONTRACT_UNCHANGED
SH-DB-BEZA,2024-11-17,2024,322,-23.6558,40.020000000000003,24.609999999999999,19.239999999999998,3008.6935615741736,CAL07_DAILY_CONTRACT_UNCHANGED
SH-DB-BEZA,2024-11-18,2024,323,-23.6558,40.670000000000002,24.359999999999999,18.370000000000001,3233.5454381486916,CAL07_DAILY_CONTRACT_UNCHANGED
SH-DB-BEZA,2024-11-19,2024,324,-23.6558,35.990000000000002,22.84,17.390000000000001,2373.9093570559826,CAL07_DAILY_CONTRACT_UNCHANGED
SH-DB-BEZA,2024-11-20,2024,325,-23.6558,41.109999999999999,23.59,13.73,3796.4548904945877,CAL07_DAILY_CONTRACT_UNCHANGED
SH-DB-BEZA,2024-11-21,2024,326,-23.6558,41.130000000000003,23.579999999999998,14.460000000000001,3723.571414582636,CAL07_DAILY_CONTRACT_UNCHANGED
SH-DB-BEZA,2024-11-22,2024,327,-23.6558,41.280000000000001,25.079999999999998,16.989999999999998,3601.8749818370416,CAL07_DAILY_CONTRACT_UNCHANGED
SH-DB-BEZA,2024-11-23,2024,328,-23.6558,39.549999999999997,22.899999999999999,16.510000000000002,3118.1484827702852,CAL07_DAILY_CONTRACT_UNCHANGED
SH-DB-BEZA,2024-11-24,2024,329,-23.6558,38.829999999999998,21.359999999999999,15.94,2923.8956798502441,CAL07_DAILY_CONTRACT_UNCHANGED
SH-DB-BEZA,2024-11-25,2024,330,-23.6558,41.149999999999999,24.68,17.91,3421.5195989118342,CAL07_DAILY_CONTRACT_UNCHANGED
SH-DB-BEZA,2024-11-26,2024,331,-23.6558,41.840000000000003,25.140000000000001,17.489999999999998,3663.5644812028004,CAL07_DAILY_CONTRACT_UNCHANGED
SH-DB-BEZA,2024-11-27,2024,332,-23.6558,40.259999999999998,23.5,18.800000000000001,3016.8557851248083,CAL07_DAILY_CONTRACT_UNCHANGED
SH-DB-BEZA,2024-11-28,2024,333,-23.6558,37.079999999999998,24.27,20.149999999999999,2307.3317495615743,CAL07_DAILY_CONTRACT_UNCHANGED
SH-DB-BEZA,2024-11-29,2024,334,-23.6558,28.710000000000001,20.57,19.719999999999999,882.4942470170763,CAL07_DAILY_CONTRACT_UNCHANGED
SH-DB-BEZA,2024-11-30,2024,335,-23.6558,32.899999999999999,18.620000000000001,13.06,2070.2596416075112,CAL07_DAILY_CONTRACT_UNCHANGED
SH-DB-BEZA,2024-12-01,2024,336,-23.6558,33.880000000000003,18.66,14.550000000000001,2060.9548728486234,CAL07_DAILY_CONTRACT_UNCHANGED
SH-DB-BEZA,2024-12-02,2024,337,-23.6558,36.799999999999997,20.710000000000001,16.890000000000001,2400.6518689719287,CAL07_DAILY_CONTRACT_UNCHANGED
SH-DB-BEZA,2024-12-03,2024,338,-23.6558,37.539999999999999,24.710000000000001,18.969999999999999,2594.3203418840631,CAL07_DAILY_CONTRACT_UNCHANGED
SH-DB-BEZA,2024-12-04,2024,339,-23.6558,37.640000000000001,23.350000000000001,19.469999999999999,2420.5150761375048,CAL07_DAILY_CONTRACT_UNCHANGED
SH-DB-BEZA,2024-12-05,2024,340,-23.6558,38.289999999999999,23.77,19.41,2581.9275815224296,CAL07_DAILY_CONTRACT_UNCHANGED
SH-DB-BEZA,2024-12-06,2024,341,-23.6558,36.079999999999998,24.629999999999999,19.449999999999999,2273.0311372274264,CAL07_DAILY_CONTRACT_UNCHANGED
SH-DB-BEZA,2024-12-07,2024,342,-23.6558,39.200000000000003,22.550000000000001,18.260000000000002,2802.4040218960818,CAL07_DAILY_CONTRACT_UNCHANGED
SH-DB-BEZA,2024-12-08,2024,343,-23.6558,39.409999999999997,23.02,17.66,2959.5538437794348,CAL07_DAILY_CONTRACT_UNCHANGED
SH-DB-BEZA,2024-12-09,2024,344,-23.6558,39.549999999999997,23.640000000000001,17.57,3051.4555712021311,CAL07_DAILY_CONTRACT_UNCHANGED
SH-DB-BEZA,2024-12-10,2024,345,-23.6558,40.359999999999999,24.739999999999998,16.539999999999999,3436.7179019961909,CAL07_DAILY_CONTRACT_UNCHANGED
SH-DB-BEZA,2024-12-11,2024,346,-23.6558,41.600000000000001,25.890000000000001,18.170000000000002,3597.776553340866,CAL07_DAILY_CONTRACT_UNCHANGED
SH-DB-BEZA,2024-12-12,2024,347,-23.6558,39.969999999999999,25.16,19.469999999999999,3018.3041265395018,CAL07_DAILY_CONTRACT_UNCHANGED
SH-DB-BEZA,2024-12-13,2024,348,-23.6558,38.109999999999999,26,20.190000000000001,2646.926631803567,CAL07_DAILY_CONTRACT_UNCHANGED
SH-DB-BEZA,2024-12-14,2024,349,-23.6558,41.469999999999999,24.510000000000002,18.219999999999999,3432.2277956717321,CAL07_DAILY_CONTRACT_UNCHANGED
SH-DB-BEZA,2024-12-15,2024,350,-23.6558,41.700000000000003,27.010000000000002,16.629999999999999,3926.2642845938872,CAL07_DAILY_CONTRACT_UNCHANGED
SH-DB-BEZA,2024-12-16,2024,351,-23.6558,42.32,27.25,19.609999999999999,3695.4583990667211,CAL07_DAILY_CONTRACT_UNCHANGED
SH-DB-BEZA,2024-12-17,2024,352,-23.6558,37.869999999999997,27.239999999999998,22.300000000000001,2404.4255763308088,CAL07_DAILY_CONTRACT_UNCHANGED
SH-DB-BEZA,2024-12-18,2024,353,-23.6558,41.310000000000002,26.73,19.199999999999999,3482.8468109995811,CAL07_DAILY_CONTRACT_UNCHANGED
SH-DB-BEZA,2024-12-19,2024,354,-23.6558,43.030000000000001,25.52,14.42,4317.4712379186712,CAL07_DAILY_CONTRACT_UNCHANGED
SH-DB-BEZA,2024-12-20,2024,355,-23.6558,42.310000000000002,25.59,15.59,4035.9130049437299,CAL07_DAILY_CONTRACT_UNCHANGED
SH-DB-BEZA,2024-12-21,2024,356,-23.6558,42.479999999999997,27.210000000000001,17.809999999999999,3969.276675127403,CAL07_DAILY_CONTRACT_UNCHANGED
SH-DB-BEZA,2024-12-22,2024,357,-23.6558,41.189999999999998,26.629999999999999,19.239999999999998,3442.0317257262918,CAL07_DAILY_CONTRACT_UNCHANGED
SH-DB-BEZA,2024-12-23,2024,358,-23.6558,40.950000000000003,25.620000000000001,19.73,3222.508951225167,CAL07_DAILY_CONTRACT_UNCHANGED
SH-DB-BEZA,2024-12-24,2024,359,-23.6558,40.590000000000003,23.670000000000002,18.760000000000002,3103.3101283009955,CAL07_DAILY_CONTRACT_UNCHANGED
SH-DB-BEZA,2024-12-25,2024,360,-23.6558,38.229999999999997,25.809999999999999,18.710000000000001,2857.7802385646337,CAL07_DAILY_CONTRACT_UNCHANGED
SH-DB-BEZA,2024-12-26,2024,361,-23.6558,38.609999999999999,24.449999999999999,19.43,2698.9043050381852,CAL07_DAILY_CONTRACT_UNCHANGED
SH-DB-BEZA,2024-12-27,2024,362,-23.6558,38.189999999999998,26.98,19.109999999999999,2914.6223154434547,CAL07_DAILY_CONTRACT_UNCHANGED
SH-DB-BEZA,2024-12-28,2024,363,-23.6558,38.009999999999998,26.09,20.27,2626.2032969444404,CAL07_DAILY_CONTRACT_UNCHANGED
SH-DB-BEZA,2024-12-29,2024,364,-23.6558,35.890000000000001,25.609999999999999,21.050000000000001,2100.3228980034714,CAL07_DAILY_CONTRACT_UNCHANGED
SH-DB-BEZA,2024-12-30,2024,365,-23.6558,36.649999999999999,24.550000000000001,21.18,2105.379192222294,CAL07_DAILY_CONTRACT_UNCHANGED
SH-DB-BEZA,2024-12-31,2024,366,-23.6558,40.149999999999999,25,18.789999999999999,3132.5100329519883,CAL07_DAILY_CONTRACT_UNCHANGED
SH-DB-BEZA,2025-01-01,2025,1,-23.6558,40.210000000000001,25.82,19.949999999999999,3061.1463844286322,CAL07_DAILY_CONTRACT_UNCHANGED
SH-DB-BEZA,2025-01-02,2025,2,-23.6558,40.119999999999997,27,18.25,3397.4699976395518,CAL07_DAILY_CONTRACT_UNCHANGED
SH-DB-BEZA,2025-01-03,2025,3,-23.6558,41.350000000000001,25.690000000000001,14.81,3927.1053183844674,CAL07_DAILY_CONTRACT_UNCHANGED
SH-DB-BEZA,2025-01-04,2025,4,-23.6558,41.740000000000002,26.41,18.02,3699.1133973162041,CAL07_DAILY_CONTRACT_UNCHANGED
SH-DB-BEZA,2025-01-05,2025,5,-23.6558,38.950000000000003,26.98,20.5,2855.3008281036309,CAL07_DAILY_CONTRACT_UNCHANGED
SH-DB-BEZA,2025-01-06,2025,6,-23.6558,38.880000000000003,25.960000000000001,20.300000000000001,2767.9688806456297,CAL07_DAILY_CONTRACT_UNCHANGED
SH-DB-BEZA,2025-01-07,2025,7,-23.6558,41.539999999999999,25.579999999999998,17.43,3649.71074149488,CAL07_DAILY_CONTRACT_UNCHANGED
SH-DB-BEZA,2025-01-08,2025,8,-23.6558,37.340000000000003,25.66,20,2504.9300075473056,CAL07_DAILY_CONTRACT_UNCHANGED
SH-DB-BEZA,2025-01-09,2025,9,-23.6558,38.719999999999999,26.420000000000002,19.850000000000001,2849.7762170251208,CAL07_DAILY_CONTRACT_UNCHANGED
SH-DB-BEZA,2025-01-10,2025,10,-23.6558,41.880000000000003,26.210000000000001,18.809999999999999,3603.9203183059089,CAL07_DAILY_CONTRACT_UNCHANGED
SH-DB-BEZA,2025-01-11,2025,11,-23.6558,44.350000000000001,27.059999999999999,15.289999999999999,4684.8871295690878,CAL07_DAILY_CONTRACT_UNCHANGED
SH-DB-BEZA,2025-01-12,2025,12,-23.6558,43.43,25.949999999999999,17.710000000000001,4066.7290481710133,CAL07_DAILY_CONTRACT_UNCHANGED
SH-DB-BEZA,2025-01-13,2025,13,-23.6558,42.979999999999997,27.940000000000001,17.23,4232.5056743633295,CAL07_DAILY_CONTRACT_UNCHANGED
SH-DB-BEZA,2025-01-14,2025,14,-23.6558,37.490000000000002,25.850000000000001,21.460000000000001,2329.8405769974729,CAL07_DAILY_CONTRACT_UNCHANGED
SH-DB-BEZA,2025-01-15,2025,15,-23.6558,34.420000000000002,25.18,22.030000000000001,1674.6413367904452,CAL07_DAILY_CONTRACT_UNCHANGED
SH-DB-BEZA,2025-01-16,2025,16,-23.6558,32.670000000000002,25.510000000000002,23.829999999999998,1147.9329357104057,CAL07_DAILY_CONTRACT_UNCHANGED
SH-DB-BEZA,2025-01-17,2025,17,-23.6558,33.630000000000003,24.77,23.100000000000001,1341.1693226372281,CAL07_DAILY_CONTRACT_UNCHANGED
SH-DB-BEZA,2025-01-18,2025,18,-23.6558,33.700000000000003,24.809999999999999,22.48,1459.2971342752103,CAL07_DAILY_CONTRACT_UNCHANGED
SH-DB-BEZA,2025-01-19,2025,19,-23.6558,34.159999999999997,25.010000000000002,22.859999999999999,1482.5123993854486,CAL07_DAILY_CONTRACT_UNCHANGED
SH-DB-BEZA,2025-01-20,2025,20,-23.6558,34.369999999999997,24.399999999999999,23.219999999999999,1396.0307767967129,CAL07_DAILY_CONTRACT_UNCHANGED
SH-DB-BEZA,2025-01-21,2025,21,-23.6558,29.870000000000001,22.300000000000001,22.170000000000002,780.64548241133207,CAL07_DAILY_CONTRACT_UNCHANGED
SH-DB-BEZA,2025-01-22,2025,22,-23.6558,30.32,23.34,22.859999999999999,808.91556436189603,CAL07_DAILY_CONTRACT_UNCHANGED
SH-DB-BEZA,2025-01-23,2025,23,-23.6558,30.329999999999998,22.370000000000001,22.039999999999999,863.7108304678045,CAL07_DAILY_CONTRACT_UNCHANGED
SH-DB-BEZA,2025-01-24,2025,24,-23.6558,28.989999999999998,23.059999999999999,22.359999999999999,709.00154794766286,CAL07_DAILY_CONTRACT_UNCHANGED
SH-DB-BEZA,2025-01-25,2025,25,-23.6558,27.300000000000001,22.370000000000001,22.41,455.63188266254792,CAL07_DAILY_CONTRACT_UNCHANGED
SH-DB-BEZA,2025-01-26,2025,26,-23.6558,30.280000000000001,22.989999999999998,23.329999999999998,693.70864160676592,CAL07_DAILY_CONTRACT_UNCHANGED
SH-DB-BEZA,2025-01-27,2025,27,-23.6558,29.07,24.32,24.16,519.11722890992723,CAL07_DAILY_CONTRACT_UNCHANGED
SH-DB-BEZA,2025-01-28,2025,28,-23.6558,28.050000000000001,23.809999999999999,23.760000000000002,429.3005497048166,CAL07_DAILY_CONTRACT_UNCHANGED
SH-DB-BEZA,2025-01-29,2025,29,-23.6558,29.98,23.280000000000001,24.059999999999999,553.10469150795916,CAL07_DAILY_CONTRACT_UNCHANGED
SH-DB-BEZA,2025-01-30,2025,30,-23.6558,29.870000000000001,23.780000000000001,24.43,516.33171335272664,CAL07_DAILY_CONTRACT_UNCHANGED
SH-DB-BEZA,2025-01-31,2025,31,-23.6558,30.41,23.879999999999999,23.940000000000001,679.99507085819232,CAL07_DAILY_CONTRACT_UNCHANGED
SH-DB-BEZA,2025-02-01,2025,32,-23.6558,32.259999999999998,22.859999999999999,23.449999999999999,918.58947684498526,CAL07_DAILY_CONTRACT_UNCHANGED
SH-DB-BEZA,2025-02-02,2025,33,-23.6558,32.82,22.170000000000002,23.25,973.31645526047305,CAL07_DAILY_CONTRACT_UNCHANGED
SH-DB-BEZA,2025-02-03,2025,34,-23.6558,32.57,21.09,21.920000000000002,1074.370392027754,CAL07_DAILY_CONTRACT_UNCHANGED
SH-DB-BEZA,2025-02-04,2025,35,-23.6558,30.329999999999998,19.620000000000001,19.359999999999999,1056.7083543716176,CAL07_DAILY_CONTRACT_UNCHANGED
SH-DB-BEZA,2025-02-05,2025,36,-23.6558,32.539999999999999,18.48,21.23,992.09879155412409,CAL07_DAILY_CONTRACT_UNCHANGED
SH-DB-BEZA,2025-02-06,2025,37,-23.6558,31.789999999999999,23.859999999999999,23.300000000000001,967.96689493784334,CAL07_DAILY_CONTRACT_UNCHANGED
SH-DB-BEZA,2025-02-07,2025,38,-23.6558,31.800000000000001,23.449999999999999,23.129999999999999,962.45598370864582,CAL07_DAILY_CONTRACT_UNCHANGED
SH-DB-BEZA,2025-02-08,2025,39,-23.6558,32.240000000000002,23.989999999999998,23.34,1033.1503317537149,CAL07_DAILY_CONTRACT_UNCHANGED
SH-DB-BEZA,2025-02-09,2025,40,-23.6558,33.100000000000001,23.190000000000001,22.75,1182.9234415270125,CAL07_DAILY_CONTRACT_UNCHANGED
SH-DB-BEZA,2025-02-10,2025,41,-23.6558,31.690000000000001,23.25,23.489999999999998,868.37037399355404,CAL07_DAILY_CONTRACT_UNCHANGED
SH-DB-BEZA,2025-02-11,2025,42,-23.6558,31.699999999999999,22.870000000000001,22.91,936.91098732596856,CAL07_DAILY_CONTRACT_UNCHANGED
SH-DB-BEZA,2025-02-12,2025,43,-23.6558,31.850000000000001,21.489999999999998,21.82,1023.6732093109122,CAL07_DAILY_CONTRACT_UNCHANGED
SH-DB-BEZA,2025-02-13,2025,44,-23.6558,33.960000000000001,22.550000000000001,22.030000000000001,1371.8793495119826,CAL07_DAILY_CONTRACT_UNCHANGED
SH-DB-BEZA,2025-02-14,2025,45,-23.6558,34.57,24.170000000000002,22.940000000000001,1453.2018234418451,CAL07_DAILY_CONTRACT_UNCHANGED
SH-DB-BEZA,2025-02-15,2025,46,-23.6558,34.079999999999998,23.93,22.789999999999999,1383.2512416801274,CAL07_DAILY_CONTRACT_UNCHANGED
SH-DB-BEZA,2025-02-16,2025,47,-23.6558,34.200000000000003,22.5,22.489999999999998,1328.2512652117116,CAL07_DAILY_CONTRACT_UNCHANGED
SH-DB-BEZA,2025-02-17,2025,48,-23.6558,33.759999999999998,22.379999999999999,22.850000000000001,1193.1415794220538,CAL07_DAILY_CONTRACT_UNCHANGED
SH-DB-BEZA,2025-02-18,2025,49,-23.6558,35.170000000000002,23.989999999999998,22.449999999999999,1611.6032764581078,CAL07_DAILY_CONTRACT_UNCHANGED
SH-DB-BEZA,2025-02-19,2025,50,-23.6558,32.700000000000003,24.719999999999999,23.43,1147.3821754575242,CAL07_DAILY_CONTRACT_UNCHANGED
SH-DB-BEZA,2025-02-20,2025,51,-23.6558,32.159999999999997,24.260000000000002,23.190000000000001,1072.4822026875404,CAL07_DAILY_CONTRACT_UNCHANGED
SH-DB-BEZA,2025-02-21,2025,52,-23.6558,31.030000000000001,23,22.539999999999999,922.64006831472034,CAL07_DAILY_CONTRACT_UNCHANGED
SH-DB-BEZA,2025-02-22,2025,53,-23.6558,27.899999999999999,23.52,23.420000000000002,446.89642578725807,CAL07_DAILY_CONTRACT_UNCHANGED
SH-DB-BEZA,2025-02-23,2025,54,-23.6558,28.379999999999999,22.98,22.670000000000002,581.35951002044294,CAL07_DAILY_CONTRACT_UNCHANGED
SH-DB-BEZA,2025-02-24,2025,55,-23.6558,29.879999999999999,22.879999999999999,22.43,787.50447984965922,CAL07_DAILY_CONTRACT_UNCHANGED
SH-DB-BEZA,2025-02-25,2025,56,-23.6558,28.550000000000001,21.190000000000001,21.59,630.85383073869389,CAL07_DAILY_CONTRACT_UNCHANGED
SH-DB-BEZA,2025-02-26,2025,57,-23.6558,28.039999999999999,20.440000000000001,21.059999999999999,599.55207084924996,CAL07_DAILY_CONTRACT_UNCHANGED
SH-DB-BEZA,2025-02-27,2025,58,-23.6558,30.030000000000001,24.379999999999999,23.920000000000002,681.89489966299334,CAL07_DAILY_CONTRACT_UNCHANGED
SH-DB-BEZA,2025-02-28,2025,59,-23.6558,26.73,24.73,24.16,300.52604546386601,CAL07_DAILY_CONTRACT_UNCHANGED
SH-DB-BEZA,2025-03-01,2025,60,-23.6558,26.940000000000001,23.989999999999998,23.489999999999998,373.68150334005804,CAL07_DAILY_CONTRACT_UNCHANGED
SH-DB-BEZA,2025-03-02,2025,61,-23.6558,27.289999999999999,23.620000000000001,23.579999999999998,361.9742625922222,CAL07_DAILY_CONTRACT_UNCHANGED
SH-DB-BEZA,2025-03-03,2025,62,-23.6558,30.100000000000001,23.5,23.699999999999999,650.88956403827842,CAL07_DAILY_CONTRACT_UNCHANGED
SH-DB-BEZA,2025-03-04,2025,63,-23.6558,30.859999999999999,22.870000000000001,23.41,742.29947831347727,CAL07_DAILY_CONTRACT_UNCHANGED
SH-DB-BEZA,2025-03-05,2025,64,-23.6558,31.77,22.289999999999999,23.02,879.33833292696863,CAL07_DAILY_CONTRACT_UNCHANGED
SH-DB-BEZA,2025-03-06,2025,65,-23.6558,33.07,23.18,23.52,1046.0291638837534,CAL07_DAILY_CONTRACT_UNCHANGED
SH-DB-BEZA,2025-03-07,2025,66,-23.6558,34.030000000000001,23.120000000000001,23.109999999999999,1250.8387323121851,CAL07_DAILY_CONTRACT_UNCHANGED
SH-DB-BEZA,2025-03-08,2025,67,-23.6558,33.990000000000002,22.239999999999998,21.73,1398.8457508612132,CAL07_DAILY_CONTRACT_UNCHANGED
SH-DB-BEZA,2025-03-09,2025,68,-23.6558,34.799999999999997,22.350000000000001,22.600000000000001,1388.6629640708716,CAL07_DAILY_CONTRACT_UNCHANGED
SH-DB-BEZA,2025-03-10,2025,69,-23.6558,34.18,23.530000000000001,22.32,1440.844854649165,CAL07_DAILY_CONTRACT_UNCHANGED
SH-DB-BEZA,2025-03-11,2025,70,-23.6558,30.780000000000001,23.129999999999999,21.16,1122.5636584268282,CAL07_DAILY_CONTRACT_UNCHANGED
SH-DB-BEZA,2025-03-12,2025,71,-23.6558,31.210000000000001,22.420000000000002,22.27,941.72370855384406,CAL07_DAILY_CONTRACT_UNCHANGED
SH-DB-BEZA,2025-03-13,2025,72,-23.6558,28.66,22.710000000000001,22.609999999999999,600.24364294081261,CAL07_DAILY_CONTRACT_UNCHANGED
SH-DB-BEZA,2025-03-14,2025,73,-23.6558,29.219999999999999,22.43,22.59,644.93856123045634,CAL07_DAILY_CONTRACT_UNCHANGED
SH-DB-BEZA,2025-03-15,2025,74,-23.6558,26.32,21.079999999999998,21.600000000000001,382.24998181152341,CAL07_DAILY_CONTRACT_UNCHANGED
SH-DB-BEZA,2025-03-16,2025,75,-23.6558,27.199999999999999,18.359999999999999,18.91,674.19562077644059,CAL07_DAILY_CONTRACT_UNCHANGED
SH-DB-BEZA,2025-03-17,2025,76,-23.6558,29.640000000000001,17.219999999999999,18,996.58274715448169,CAL07_DAILY_CONTRACT_UNCHANGED
SH-DB-BEZA,2025-03-18,2025,77,-23.6558,30.710000000000001,17.489999999999998,17.760000000000002,1175.7894190878471,CAL07_DAILY_CONTRACT_UNCHANGED
SH-DB-BEZA,2025-03-19,2025,78,-23.6558,31.75,20.149999999999999,18.559999999999999,1386.2540238944794,CAL07_DAILY_CONTRACT_UNCHANGED
SH-DB-BEZA,2025-03-20,2025,79,-23.6558,31.440000000000001,19.129999999999999,18.300000000000001,1307.5752415053876,CAL07_DAILY_CONTRACT_UNCHANGED
SH-DB-BEZA,2025-03-21,2025,80,-23.6558,30.710000000000001,21.699999999999999,21.09,1006.6724819403171,CAL07_DAILY_CONTRACT_UNCHANGED
SH-DB-BEZA,2025-03-22,2025,81,-23.6558,29.73,20.510000000000002,20.510000000000002,882.3332208069819,CAL07_DAILY_CONTRACT_UNCHANGED
SH-DB-BEZA,2025-03-23,2025,82,-23.6558,30.98,19.82,19.920000000000002,1073.1898641144135,CAL07_DAILY_CONTRACT_UNCHANGED
SH-DB-BEZA,2025-03-24,2025,83,-23.6558,32.340000000000003,19.800000000000001,20.07,1229.7588726879417,CAL07_DAILY_CONTRACT_UNCHANGED
SH-DB-BEZA,2025-03-25,2025,84,-23.6558,34.159999999999997,20.940000000000001,20.699999999999999,1480.7988166071968,CAL07_DAILY_CONTRACT_UNCHANGED
SH-DB-BEZA,2025-03-26,2025,85,-23.6558,33.82,21.789999999999999,21.149999999999999,1428.2170160810351,CAL07_DAILY_CONTRACT_UNCHANGED
SH-DB-BEZA,2025-03-27,2025,86,-23.6558,34.939999999999998,22.120000000000001,21.449999999999999,1577.1118795622119,CAL07_DAILY_CONTRACT_UNCHANGED
SH-DB-BEZA,2025-03-28,2025,87,-23.6558,35.060000000000002,21.920000000000002,20.969999999999999,1653.7841531906693,CAL07_DAILY_CONTRACT_UNCHANGED
SH-DB-BEZA,2025-03-29,2025,88,-23.6558,35.270000000000003,21.039999999999999,18.219999999999999,2007.4146701919422,CAL07_DAILY_CONTRACT_UNCHANGED
SH-DB-BEZA,2025-03-30,2025,89,-23.6558,35.619999999999997,21.300000000000001,19.32,1934.0782032929596,CAL07_DAILY_CONTRACT_UNCHANGED
SH-DB-BEZA,2025-03-31,2025,90,-23.6558,35.899999999999999,21.43,17.899999999999999,2179.9203828103418,CAL07_DAILY_CONTRACT_UNCHANGED
SH-DB-BEZA,2025-04-01,2025,91,-23.6558,35.649999999999999,21.050000000000001,15.779999999999999,2368.361803608932,CAL07_DAILY_CONTRACT_UNCHANGED
SH-DB-BEZA,2025-04-02,2025,92,-23.6558,35.479999999999997,20.239999999999998,17.18,2113.4684155339473,CAL07_DAILY_CONTRACT_UNCHANGED
SH-DB-BEZA,2025-04-03,2025,93,-23.6558,32.649999999999999,19.149999999999999,18,1511.147823228785,CAL07_DAILY_CONTRACT_UNCHANGED
SH-DB-BEZA,2025-04-04,2025,94,-23.6558,31.739999999999998,19.940000000000001,18.239999999999998,1412.1436619550877,CAL07_DAILY_CONTRACT_UNCHANGED
SH-DB-BEZA,2025-04-05,2025,95,-23.6558,35.009999999999998,19.68,18.879999999999999,1778.07918495581,CAL07_DAILY_CONTRACT_UNCHANGED
SH-DB-BEZA,2025-04-06,2025,96,-23.6558,32.840000000000003,22.390000000000001,20.699999999999999,1404.7641788415758,CAL07_DAILY_CONTRACT_UNCHANGED
SH-DB-BEZA,2025-04-07,2025,97,-23.6558,34.729999999999997,21.149999999999999,19.09,1814.9017407270467,CAL07_DAILY_CONTRACT_UNCHANGED
SH-DB-BEZA,2025-04-08,2025,98,-23.6558,33.729999999999997,21.52,20.460000000000001,1497.9873616477275,CAL07_DAILY_CONTRACT_UNCHANGED
SH-DB-BEZA,2025-04-09,2025,99,-23.6558,31.859999999999999,20.550000000000001,20.57,1146.1168860513671,CAL07_DAILY_CONTRACT_UNCHANGED
SH-DB-BEZA,2025-04-10,2025,100,-23.6558,31.079999999999998,21.199999999999999,20.280000000000001,1136.2896838420725,CAL07_DAILY_CONTRACT_UNCHANGED
SH-DB-BEZA,2025-04-11,2025,101,-23.6558,32.899999999999999,21.280000000000001,19.98,1430.6637502470667,CAL07_DAILY_CONTRACT_UNCHANGED
SH-DB-BEZA,2025-04-12,2025,102,-23.6558,35.359999999999999,21.18,20.059999999999999,1778.1018054660294,CAL07_DAILY_CONTRACT_UNCHANGED
SH-DB-BEZA,2025-04-13,2025,103,-23.6558,32.350000000000001,23.149999999999999,20.989999999999998,1356.849522240123,CAL07_DAILY_CONTRACT_UNCHANGED
SH-DB-BEZA,2025-04-14,2025,104,-23.6558,35.780000000000001,22.620000000000001,20.510000000000002,1894.4558416897312,CAL07_DAILY_CONTRACT_UNCHANGED
SH-DB-BEZA,2025-04-15,2025,105,-23.6558,35.520000000000003,22.949999999999999,20.260000000000002,1917.4495856567137,CAL07_DAILY_CONTRACT_UNCHANGED
SH-DB-BEZA,2025-04-16,2025,106,-23.6558,34.979999999999997,21.719999999999999,20.309999999999999,1724.2753465317237,CAL07_DAILY_CONTRACT_UNCHANGED
SH-DB-BEZA,2025-04-17,2025,107,-23.6558,31.41,23.059999999999999,21.010000000000002,1220.5545904213227,CAL07_DAILY_CONTRACT_UNCHANGED
SH-DB-BEZA,2025-04-18,2025,108,-23.6558,31.100000000000001,20.739999999999998,19.289999999999999,1245.4327387294325,CAL07_DAILY_CONTRACT_UNCHANGED
SH-DB-BEZA,2025-04-19,2025,109,-23.6558,30.210000000000001,19.43,16.949999999999999,1344.141759261943,CAL07_DAILY_CONTRACT_UNCHANGED
SH-DB-BEZA,2025-04-20,2025,110,-23.6558,30.260000000000002,20.469999999999999,17.809999999999999,1317.5084388880371,CAL07_DAILY_CONTRACT_UNCHANGED
SH-DB-BEZA,2025-04-21,2025,111,-23.6558,29.920000000000002,19.449999999999999,17.5,1241.7530473790434,CAL07_DAILY_CONTRACT_UNCHANGED
SH-DB-BEZA,2025-04-22,2025,112,-23.6558,32.539999999999999,18.510000000000002,18.219999999999999,1423.7441468488778,CAL07_DAILY_CONTRACT_UNCHANGED
SH-DB-BEZA,2025-04-23,2025,113,-23.6558,34.109999999999999,19.25,18.399999999999999,1675.4380960925723,CAL07_DAILY_CONTRACT_UNCHANGED
SH-DB-BEZA,2025-04-24,2025,114,-23.6558,34.93,20.789999999999999,19.460000000000001,1766.783340594412,CAL07_DAILY_CONTRACT_UNCHANGED
SH-DB-BEZA,2025-04-25,2025,115,-23.6558,35.450000000000003,22.739999999999998,19.66,1975.2836140172085,CAL07_DAILY_CONTRACT_UNCHANGED
SH-DB-BEZA,2025-04-26,2025,116,-23.6558,34.259999999999998,23.050000000000001,19.510000000000002,1839.0582701516273,CAL07_DAILY_CONTRACT_UNCHANGED
SH-DB-BEZA,2025-04-27,2025,117,-23.6558,34.399999999999999,22.84,19.510000000000002,1842.3323290112617,CAL07_DAILY_CONTRACT_UNCHANGED
SH-DB-BEZA,2025-04-28,2025,118,-23.6558,35.399999999999999,21.629999999999999,19.23,1937.4156905774284,CAL07_DAILY_CONTRACT_UNCHANGED
SH-DB-BEZA,2025-04-29,2025,119,-23.6558,33.109999999999999,21.370000000000001,17.559999999999999,1795.1054820875431,CAL07_DAILY_CONTRACT_UNCHANGED
SH-DB-BEZA,2025-04-30,2025,120,-23.6558,34.530000000000001,20.93,16.530000000000001,2096.5314991684563,CAL07_DAILY_CONTRACT_UNCHANGED
SH-DB-BEZA,2025-05-01,2025,121,-23.6558,34.82,22.960000000000001,17.890000000000001,2135.0586551846959,CAL07_DAILY_CONTRACT_UNCHANGED
SH-DB-BEZA,2025-05-02,2025,122,-23.6558,34.909999999999997,21.739999999999998,18.699999999999999,1941.9444300664245,CAL07_DAILY_CONTRACT_UNCHANGED
SH-DB-BEZA,2025-05-03,2025,123,-23.6558,29.579999999999998,21.039999999999999,18.75,1154.163514964835,CAL07_DAILY_CONTRACT_UNCHANGED
SH-DB-BEZA,2025-05-04,2025,124,-23.6558,25.16,18.850000000000001,16.239999999999998,841.15568717560677,CAL07_DAILY_CONTRACT_UNCHANGED
SH-DB-BEZA,2025-05-05,2025,125,-23.6558,26.870000000000001,16.699999999999999,13.050000000000001,1217.0401771096897,CAL07_DAILY_CONTRACT_UNCHANGED
SH-DB-BEZA,2025-05-06,2025,126,-23.6558,31.100000000000001,14.039999999999999,12.779999999999999,1584.1436451475845,CAL07_DAILY_CONTRACT_UNCHANGED
SH-DB-BEZA,2025-05-07,2025,127,-23.6558,32.609999999999999,15.449999999999999,12.720000000000001,1867.7091489557681,CAL07_DAILY_CONTRACT_UNCHANGED
SH-DB-BEZA,2025-05-08,2025,128,-23.6558,33.079999999999998,16.82,14.710000000000001,1810.483635812272,CAL07_DAILY_CONTRACT_UNCHANGED
SH-DB-BEZA,2025-05-09,2025,129,-23.6558,34.549999999999997,17.510000000000002,16.120000000000001,1910.5215029175488,CAL07_DAILY_CONTRACT_UNCHANGED
SH-DB-BEZA,2025-05-10,2025,130,-23.6558,36.039999999999999,20.75,17.420000000000002,2211.6497448677087,CAL07_DAILY_CONTRACT_UNCHANGED
SH-DB-BEZA,2025-05-11,2025,131,-23.6558,36.310000000000002,21.18,18.48,2151.604238551658,CAL07_DAILY_CONTRACT_UNCHANGED
SH-DB-BEZA,2025-05-12,2025,132,-23.6558,33.5,20.699999999999999,17.899999999999999,1756.2004097168538,CAL07_DAILY_CONTRACT_UNCHANGED
SH-DB-BEZA,2025-05-13,2025,133,-23.6558,30.73,19.719999999999999,16.890000000000001,1436.7635656962514,CAL07_DAILY_CONTRACT_UNCHANGED
SH-DB-BEZA,2025-05-14,2025,134,-23.6558,31.629999999999999,17.77,14.73,1669.3665195431013,CAL07_DAILY_CONTRACT_UNCHANGED
SH-DB-BEZA,2025-05-15,2025,135,-23.6558,32.789999999999999,14.82,10.779999999999999,2034.8010116444884,CAL07_DAILY_CONTRACT_UNCHANGED
SH-DB-BEZA,2025-05-16,2025,136,-23.6558,33.299999999999997,16.52,12.77,2022.1045433224817,CAL07_DAILY_CONTRACT_UNCHANGED
SH-DB-BEZA,2025-05-17,2025,137,-23.6558,33.689999999999998,16.77,15.449999999999999,1813.5142983863682,CAL07_DAILY_CONTRACT_UNCHANGED
SH-DB-BEZA,2025-05-18,2025,138,-23.6558,32.689999999999998,17.870000000000001,16.010000000000002,1675.8103090612881,CAL07_DAILY_CONTRACT_UNCHANGED
SH-DB-BEZA,2025-05-19,2025,139,-23.6558,31.41,16.059999999999999,14,1613.2918778142603,CAL07_DAILY_CONTRACT_UNCHANGED
SH-DB-BEZA,2025-05-20,2025,140,-23.6558,32.270000000000003,16.09,12.83,1847.0882869456336,CAL07_DAILY_CONTRACT_UNCHANGED
SH-DB-BEZA,2025-05-21,2025,141,-23.6558,34.060000000000002,17.199999999999999,14.779999999999999,1968.3993317971187,CAL07_DAILY_CONTRACT_UNCHANGED
SH-DB-BEZA,2025-05-22,2025,142,-23.6558,27.670000000000002,18.190000000000001,18.27,799.05041859514085,CAL07_DAILY_CONTRACT_UNCHANGED
SH-DB-BEZA,2025-05-23,2025,143,-23.6558,26.59,15.050000000000001,12.58,1138.5444566003191,CAL07_DAILY_CONTRACT_UNCHANGED
SH-DB-BEZA,2025-05-24,2025,144,-23.6558,26.890000000000001,12.300000000000001,10.380000000000001,1226.8901153228564,CAL07_DAILY_CONTRACT_UNCHANGED
SH-DB-BEZA,2025-05-25,2025,145,-23.6558,29.780000000000001,12.529999999999999,11.109999999999999,1498.7342437711015,CAL07_DAILY_CONTRACT_UNCHANGED
SH-DB-BEZA,2025-05-26,2025,146,-23.6558,31.370000000000001,14.94,11.720000000000001,1766.5561577603353,CAL07_DAILY_CONTRACT_UNCHANGED
SH-DB-BEZA,2025-05-27,2025,147,-23.6558,31.079999999999998,14.720000000000001,11.81,1708.8821396250705,CAL07_DAILY_CONTRACT_UNCHANGED
SH-DB-BEZA,2025-05-28,2025,148,-23.6558,30.190000000000001,14.800000000000001,11.949999999999999,1588.5721920893629,CAL07_DAILY_CONTRACT_UNCHANGED
SH-DB-BEZA,2025-05-29,2025,149,-23.6558,30.82,15.34,12.43,1652.0661727255751,CAL07_DAILY_CONTRACT_UNCHANGED
SH-DB-BEZA,2025-05-30,2025,150,-23.6558,31.899999999999999,17.390000000000001,13.57,1802.518326298589,CAL07_DAILY_CONTRACT_UNCHANGED
SH-DB-BEZA,2025-05-31,2025,151,-23.6558,29.25,16.91,13.109999999999999,1486.7273276390756,CAL07_DAILY_CONTRACT_UNCHANGED
SH-DB-BEZA,2025-06-01,2025,152,-23.6558,30.07,15.01,11.27,1646.8271686045312,CAL07_DAILY_CONTRACT_UNCHANGED
SH-DB-BEZA,2025-06-02,2025,153,-23.6558,30.280000000000001,14.52,11.890000000000001,1590.0980800791576,CAL07_DAILY_CONTRACT_UNCHANGED
SH-DB-BEZA,2025-06-03,2025,154,-23.6558,29.43,14.24,12.75,1391.5337250735593,CAL07_DAILY_CONTRACT_UNCHANGED
SH-DB-BEZA,2025-06-04,2025,155,-23.6558,29.609999999999999,13.93,12.67,1404.468709494533,CAL07_DAILY_CONTRACT_UNCHANGED
SH-DB-BEZA,2025-06-05,2025,156,-23.6558,29,15.470000000000001,13.550000000000001,1329.1421912144322,CAL07_DAILY_CONTRACT_UNCHANGED
SH-DB-BEZA,2025-06-06,2025,157,-23.6558,31.670000000000002,16.960000000000001,14.390000000000001,1660.3076495976097,CAL07_DAILY_CONTRACT_UNCHANGED
SH-DB-BEZA,2025-06-07,2025,158,-23.6558,32.140000000000001,17.82,14.949999999999999,1716.7685777149686,CAL07_DAILY_CONTRACT_UNCHANGED
SH-DB-BEZA,2025-06-08,2025,159,-23.6558,33.090000000000003,17.440000000000001,15.34,1780.975341054921,CAL07_DAILY_CONTRACT_UNCHANGED
SH-DB-BEZA,2025-06-09,2025,160,-23.6558,33.299999999999997,18.050000000000001,13.94,2000.559047054111,CAL07_DAILY_CONTRACT_UNCHANGED
SH-DB-BEZA,2025-06-10,2025,161,-23.6558,33.689999999999998,17.710000000000001,14.24,2003.719285123226,CAL07_DAILY_CONTRACT_UNCHANGED
SH-DB-BEZA,2025-06-11,2025,162,-23.6558,28.579999999999998,18.640000000000001,17.969999999999999,968.89983409982688,CAL07_DAILY_CONTRACT_UNCHANGED
SH-DB-BEZA,2025-06-12,2025,163,-23.6558,26.84,17.02,15.77,944.35237764598628,CAL07_DAILY_CONTRACT_UNCHANGED
SH-DB-BEZA,2025-06-13,2025,164,-23.6558,26.280000000000001,14.56,12.42,1095.6742866691313,CAL07_DAILY_CONTRACT_UNCHANGED
SH-DB-BEZA,2025-06-14,2025,165,-23.6558,26.93,11.84,9.6300000000000008,1271.4330848162315,CAL07_DAILY_CONTRACT_UNCHANGED
SH-DB-BEZA,2025-06-15,2025,166,-23.6558,28.91,11.699999999999999,10.449999999999999,1414.4886628727629,CAL07_DAILY_CONTRACT_UNCHANGED
SH-DB-BEZA,2025-06-16,2025,167,-23.6558,29.379999999999999,11.789999999999999,8.9499999999999993,1594.6850476678831,CAL07_DAILY_CONTRACT_UNCHANGED
SH-DB-BEZA,2025-06-17,2025,168,-23.6558,29.420000000000002,13.279999999999999,10.68,1529.6286616814748,CAL07_DAILY_CONTRACT_UNCHANGED
SH-DB-BEZA,2025-06-18,2025,169,-23.6558,27.850000000000001,12.449999999999999,11.34,1253.206919967648,CAL07_DAILY_CONTRACT_UNCHANGED
SH-DB-BEZA,2025-06-19,2025,170,-23.6558,27.329999999999998,11.67,10.050000000000001,1271.5593666234918,CAL07_DAILY_CONTRACT_UNCHANGED
SH-DB-BEZA,2025-06-20,2025,171,-23.6558,28.440000000000001,12.34,8.7799999999999994,1524.9792606060826,CAL07_DAILY_CONTRACT_UNCHANGED
SH-DB-BEZA,2025-06-21,2025,172,-23.6558,26.82,13.25,12.619999999999999,1064.2075822426802,CAL07_DAILY_CONTRACT_UNCHANGED
SH-DB-BEZA,2025-06-22,2025,173,-23.6558,25,12.960000000000001,10.41,1068.706773192273,CAL07_DAILY_CONTRACT_UNCHANGED
SH-DB-BEZA,2025-06-23,2025,174,-23.6558,30.050000000000001,11.050000000000001,9.6999999999999993,1582.6723029305681,CAL07_DAILY_CONTRACT_UNCHANGED
SH-DB-BEZA,2025-06-24,2025,175,-23.6558,28.07,13.66,12.48,1231.9400823986489,CAL07_DAILY_CONTRACT_UNCHANGED
SH-DB-BEZA,2025-06-25,2025,176,-23.6558,30.239999999999998,13.51,10.4,1663.8829147127822,CAL07_DAILY_CONTRACT_UNCHANGED
SH-DB-BEZA,2025-06-26,2025,177,-23.6558,30.550000000000001,15.039999999999999,9.1500000000000004,1884.5103250265001,CAL07_DAILY_CONTRACT_UNCHANGED
SH-DB-BEZA,2025-06-27,2025,178,-23.6558,30.370000000000001,14.630000000000001,13.539999999999999,1448.0419094572185,CAL07_DAILY_CONTRACT_UNCHANGED
SH-DB-BEZA,2025-06-28,2025,179,-23.6558,30.079999999999998,16.420000000000002,14.41,1423.4702570409811,CAL07_DAILY_CONTRACT_UNCHANGED
SH-DB-BEZA,2025-06-29,2025,180,-23.6558,31.629999999999999,15.98,13.52,1686.6273402249401,CAL07_DAILY_CONTRACT_UNCHANGED
SH-DB-BEZA,2025-06-30,2025,181,-23.6558,29.620000000000001,17.52,16.140000000000001,1242.3741019801403,CAL07_DAILY_CONTRACT_UNCHANGED
SH-DB-BEZA,2025-07-01,2025,182,-23.6558,30.98,16.629999999999999,14.33,1556.9563508958083,CAL07_DAILY_CONTRACT_UNCHANGED
SH-DB-BEZA,2025-07-02,2025,183,-23.6558,30.109999999999999,17.219999999999999,10.52,1845.9972847982262,CAL07_DAILY_CONTRACT_UNCHANGED
SH-DB-BEZA,2025-07-03,2025,184,-23.6558,29.16,13.4,9.6899999999999995,1587.4535263426376,CAL07_DAILY_CONTRACT_UNCHANGED
SH-DB-BEZA,2025-07-04,2025,185,-23.6558,29.030000000000001,13.69,9.6199999999999992,1592.6359187269888,CAL07_DAILY_CONTRACT_UNCHANGED
SH-DB-BEZA,2025-07-05,2025,186,-23.6558,28.75,13.300000000000001,9.1600000000000001,1577.264286426283,CAL07_DAILY_CONTRACT_UNCHANGED
SH-DB-BEZA,2025-07-06,2025,187,-23.6558,29.66,12.93,9.4100000000000001,1645.7221747851513,CAL07_DAILY_CONTRACT_UNCHANGED
SH-DB-BEZA,2025-07-07,2025,188,-23.6558,29.190000000000001,12.859999999999999,9.9000000000000004,1547.2317696339908,CAL07_DAILY_CONTRACT_UNCHANGED
SH-DB-BEZA,2025-07-08,2025,189,-23.6558,27.600000000000001,14.26,12.130000000000001,1244.6476540011256,CAL07_DAILY_CONTRACT_UNCHANGED
SH-DB-BEZA,2025-07-09,2025,190,-23.6558,26.079999999999998,14.390000000000001,14.130000000000001,896.30127076887243,CAL07_DAILY_CONTRACT_UNCHANGED
SH-DB-BEZA,2025-07-10,2025,191,-23.6558,29.399999999999999,16.030000000000001,12.890000000000001,1473.4633150811169,CAL07_DAILY_CONTRACT_UNCHANGED
SH-DB-BEZA,2025-07-11,2025,192,-23.6558,30,13.640000000000001,11.17,1574.7301048745246,CAL07_DAILY_CONTRACT_UNCHANGED
SH-DB-BEZA,2025-07-12,2025,193,-23.6558,30.940000000000001,15.210000000000001,11.359999999999999,1758.4448247538505,CAL07_DAILY_CONTRACT_UNCHANGED
SH-DB-BEZA,2025-07-13,2025,194,-23.6558,30.260000000000002,14.35,11.109999999999999,1648.6722546579388,CAL07_DAILY_CONTRACT_UNCHANGED
SH-DB-BEZA,2025-07-14,2025,195,-23.6558,30.219999999999999,14.109999999999999,9.7899999999999991,1742.6878263115398,CAL07_DAILY_CONTRACT_UNCHANGED
SH-DB-BEZA,2025-07-15,2025,196,-23.6558,28.57,13.220000000000001,10.210000000000001,1467.9851624469641,CAL07_DAILY_CONTRACT_UNCHANGED
SH-DB-BEZA,2025-07-16,2025,197,-23.6558,29.280000000000001,13.33,9.8200000000000003,1587.4516392206531,CAL07_DAILY_CONTRACT_UNCHANGED
SH-DB-BEZA,2025-07-17,2025,198,-23.6558,30.780000000000001,14,9.8800000000000008,1799.4936458547868,CAL07_DAILY_CONTRACT_UNCHANGED
SH-DB-BEZA,2025-07-18,2025,199,-23.6558,29.59,14.15,8.9600000000000009,1734.3027209882912,CAL07_DAILY_CONTRACT_UNCHANGED
SH-DB-BEZA,2025-07-19,2025,200,-23.6558,27.969999999999999,13.16,9.1099999999999994,1486.8060857283378,CAL07_DAILY_CONTRACT_UNCHANGED
SH-DB-BEZA,2025-07-20,2025,201,-23.6558,25.559999999999999,11.859999999999999,9.7400000000000002,1125.5994930828028,CAL07_DAILY_CONTRACT_UNCHANGED
SH-DB-BEZA,2025-07-21,2025,202,-23.6558,27.34,12.140000000000001,10.9,1222.3075707415496,CAL07_DAILY_CONTRACT_UNCHANGED
SH-DB-BEZA,2025-07-22,2025,203,-23.6558,28.960000000000001,13.59,9.7400000000000002,1569.7646811786649,CAL07_DAILY_CONTRACT_UNCHANGED
SH-DB-BEZA,2025-07-23,2025,204,-23.6558,29.260000000000002,13.800000000000001,11.199999999999999,1491.8485459349306,CAL07_DAILY_CONTRACT_UNCHANGED
SH-DB-BEZA,2025-07-24,2025,205,-23.6558,29.289999999999999,14.880000000000001,12.34,1448.4379221400529,CAL07_DAILY_CONTRACT_UNCHANGED
SH-DB-BEZA,2025-07-25,2025,206,-23.6558,27.469999999999999,16.079999999999998,13.99,1148.6506029438935,CAL07_DAILY_CONTRACT_UNCHANGED
SH-DB-BEZA,2025-07-26,2025,207,-23.6558,27.449999999999999,15.630000000000001,12.92,1228.2053811216019,CAL07_DAILY_CONTRACT_UNCHANGED
SH-DB-BEZA,2025-07-27,2025,208,-23.6558,26.559999999999999,12.289999999999999,11.02,1137.5120452093306,CAL07_DAILY_CONTRACT_UNCHANGED
SH-DB-BEZA,2025-07-28,2025,209,-23.6558,23.57,12.5,8.6099999999999994,1060.4622390061952,CAL07_DAILY_CONTRACT_UNCHANGED
SH-DB-BEZA,2025-07-29,2025,210,-23.6558,26.960000000000001,9.9900000000000002,8.0199999999999996,1317.8300120420381,CAL07_DAILY_CONTRACT_UNCHANGED
SH-DB-BEZA,2025-07-30,2025,211,-23.6558,28.07,13.35,11.279999999999999,1326.5390804128108,CAL07_DAILY_CONTRACT_UNCHANGED
SH-DB-BEZA,2025-07-31,2025,212,-23.6558,28.43,15.300000000000001,10.1,1570.8696876023196,CAL07_DAILY_CONTRACT_UNCHANGED
SH-DB-BEZA,2025-08-01,2025,213,-23.6558,28.460000000000001,14.67,10.73,1486.5658144014051,CAL07_DAILY_CONTRACT_UNCHANGED
SH-DB-BEZA,2025-08-02,2025,214,-23.6558,26.02,13.43,12.32,1020.4853506355532,CAL07_DAILY_CONTRACT_UNCHANGED
SH-DB-BEZA,2025-08-03,2025,215,-23.6558,24.129999999999999,10.74,7.0899999999999999,1140.6725241658201,CAL07_DAILY_CONTRACT_UNCHANGED
SH-DB-BEZA,2025-08-04,2025,216,-23.6558,25.800000000000001,8.7300000000000004,4.0599999999999996,1407.8928694975552,CAL07_DAILY_CONTRACT_UNCHANGED
SH-DB-BEZA,2025-08-05,2025,217,-23.6558,29.77,9.6500000000000004,5.7800000000000002,1772.4715603471745,CAL07_DAILY_CONTRACT_UNCHANGED
SH-DB-BEZA,2025-08-06,2025,218,-23.6558,30.27,12.300000000000001,6.1900000000000004,1922.4041917556713,CAL07_DAILY_CONTRACT_UNCHANGED
SH-DB-BEZA,2025-08-07,2025,219,-23.6558,29.52,11.710000000000001,8.3499999999999996,1653.1903783869268,CAL07_DAILY_CONTRACT_UNCHANGED
SH-DB-BEZA,2025-08-08,2025,220,-23.6558,29.010000000000002,12.73,9.5999999999999996,1544.3240402758224,CAL07_DAILY_CONTRACT_UNCHANGED
SH-DB-BEZA,2025-08-09,2025,221,-23.6558,29.109999999999999,12.77,10.41,1491.1879616886217,CAL07_DAILY_CONTRACT_UNCHANGED
SH-DB-BEZA,2025-08-10,2025,222,-23.6558,31.149999999999999,14.59,10.19,1852.2899053783901,CAL07_DAILY_CONTRACT_UNCHANGED
SH-DB-BEZA,2025-08-11,2025,223,-23.6558,31.559999999999999,15.5,10.02,1969.8130517527857,CAL07_DAILY_CONTRACT_UNCHANGED
SH-DB-BEZA,2025-08-12,2025,224,-23.6558,31.390000000000001,16.640000000000001,9.6400000000000006,2044.9834136492925,CAL07_DAILY_CONTRACT_UNCHANGED
SH-DB-BEZA,2025-08-13,2025,225,-23.6558,34.100000000000001,15.800000000000001,13.43,2031.6447924175818,CAL07_DAILY_CONTRACT_UNCHANGED
SH-DB-BEZA,2025-08-14,2025,226,-23.6558,24.030000000000001,17.870000000000001,16.620000000000001,626.68121414659413,CAL07_DAILY_CONTRACT_UNCHANGED
SH-DB-BEZA,2025-08-15,2025,227,-23.6558,28.969999999999999,15.9,13.449999999999999,1360.2883706780597,CAL07_DAILY_CONTRACT_UNCHANGED
SH-DB-BEZA,2025-08-16,2025,228,-23.6558,28.68,13.460000000000001,12.949999999999999,1244.9380258093288,CAL07_DAILY_CONTRACT_UNCHANGED
SH-DB-BEZA,2025-08-17,2025,229,-23.6558,29.370000000000001,15.84,12.050000000000001,1538.7628790780045,CAL07_DAILY_CONTRACT_UNCHANGED
SH-DB-BEZA,2025-08-18,2025,230,-23.6558,29.66,13.84,7.3200000000000003,1847.4625896993455,CAL07_DAILY_CONTRACT_UNCHANGED
SH-DB-BEZA,2025-08-19,2025,231,-23.6558,30.210000000000001,13.09,7.4400000000000004,1867.9930702318075,CAL07_DAILY_CONTRACT_UNCHANGED
SH-DB-BEZA,2025-08-20,2025,232,-23.6558,30.34,13.369999999999999,8.4800000000000004,1822.1146849370834,CAL07_DAILY_CONTRACT_UNCHANGED
SH-DB-BEZA,2025-08-21,2025,233,-23.6558,30.07,12.84,10.41,1609.0385563659092,CAL07_DAILY_CONTRACT_UNCHANGED
SH-DB-BEZA,2025-08-22,2025,234,-23.6558,31.789999999999999,13.199999999999999,9.4000000000000004,1928.6049381515086,CAL07_DAILY_CONTRACT_UNCHANGED
SH-DB-BEZA,2025-08-23,2025,235,-23.6558,34.170000000000002,14.5,7.6900000000000004,2460.1892988735935,CAL07_DAILY_CONTRACT_UNCHANGED
SH-DB-BEZA,2025-08-24,2025,236,-23.6558,33.259999999999998,14.24,7.7000000000000002,2312.777044021112,CAL07_DAILY_CONTRACT_UNCHANGED
SH-DB-BEZA,2025-08-25,2025,237,-23.6558,34.18,14.56,5.6600000000000001,2601.8935379600107,CAL07_DAILY_CONTRACT_UNCHANGED
SH-DB-BEZA,2025-08-26,2025,238,-23.6558,35.170000000000002,14.720000000000001,6.6900000000000004,2694.5559477530392,CAL07_DAILY_CONTRACT_UNCHANGED
SH-DB-BEZA,2025-08-27,2025,239,-23.6558,32.960000000000001,14.76,11.699999999999999,1973.965045906365,CAL07_DAILY_CONTRACT_UNCHANGED
SH-DB-BEZA,2025-08-28,2025,240,-23.6558,33.119999999999997,15.58,12.970000000000001,1922.2569240155035,CAL07_DAILY_CONTRACT_UNCHANGED
SH-DB-BEZA,2025-08-29,2025,241,-23.6558,35.049999999999997,15.869999999999999,10.869999999999999,2419.3272781100632,CAL07_DAILY_CONTRACT_UNCHANGED
SH-DB-BEZA,2025-08-30,2025,242,-23.6558,35.490000000000002,16.68,11.98,2437.0543906294461,CAL07_DAILY_CONTRACT_UNCHANGED
SH-DB-BEZA,2025-08-31,2025,243,-23.6558,35.109999999999999,16.460000000000001,12.09,2353.7708553349585,CAL07_DAILY_CONTRACT_UNCHANGED
SH-DB-BEZA,2025-09-01,2025,244,-23.6558,36.600000000000001,16.539999999999999,11.119999999999999,2687.451491692409,CAL07_DAILY_CONTRACT_UNCHANGED
SH-DB-BEZA,2025-09-02,2025,245,-23.6558,36.509999999999998,16.600000000000001,9.0899999999999999,2844.1511188930112,CAL07_DAILY_CONTRACT_UNCHANGED
SH-DB-BEZA,2025-09-03,2025,246,-23.6558,35.280000000000001,17.370000000000001,11.279999999999999,2509.6110405778136,CAL07_DAILY_CONTRACT_UNCHANGED
SH-DB-BEZA,2025-09-04,2025,247,-23.6558,30.93,17.920000000000002,15.32,1523.3762628465167,CAL07_DAILY_CONTRACT_UNCHANGED
SH-DB-BEZA,2025-09-05,2025,248,-23.6558,32.18,15.58,12.19,1866.4825028908328,CAL07_DAILY_CONTRACT_UNCHANGED
SH-DB-BEZA,2025-09-06,2025,249,-23.6558,35.990000000000002,15.67,7.3300000000000001,2834.2374900746208,CAL07_DAILY_CONTRACT_UNCHANGED
SH-DB-BEZA,2025-09-07,2025,250,-23.6558,37.229999999999997,17.98,6.2999999999999998,3252.9131050508236,CAL07_DAILY_CONTRACT_UNCHANGED
SH-DB-BEZA,2025-09-08,2025,251,-23.6558,37.799999999999997,16.789999999999999,5.3499999999999996,3338.9161842000622,CAL07_DAILY_CONTRACT_UNCHANGED
SH-DB-BEZA,2025-09-09,2025,252,-23.6558,37.990000000000002,16.91,5.71,3357.4404496065745,CAL07_DAILY_CONTRACT_UNCHANGED
SH-DB-BEZA,2025-09-10,2025,253,-23.6558,37.560000000000002,18.649999999999999,6.2599999999999998,3357.236105025263,CAL07_DAILY_CONTRACT_UNCHANGED
SH-DB-BEZA,2025-09-11,2025,254,-23.6558,36.020000000000003,17.149999999999999,8.6999999999999993,2826.8734899074752,CAL07_DAILY_CONTRACT_UNCHANGED
SH-DB-BEZA,2025-09-12,2025,255,-23.6558,35.020000000000003,17.449999999999999,9.5899999999999999,2616.6614822881784,CAL07_DAILY_CONTRACT_UNCHANGED
SH-DB-BEZA,2025-09-13,2025,256,-23.6558,35.57,17.239999999999998,8.5,2774.9749353382713,CAL07_DAILY_CONTRACT_UNCHANGED
SH-DB-BEZA,2025-09-14,2025,257,-23.6558,34.950000000000003,17,13.029999999999999,2271.732687019985,CAL07_DAILY_CONTRACT_UNCHANGED
SH-DB-BEZA,2025-09-15,2025,258,-23.6558,34.789999999999999,17.960000000000001,15.17,2084.174936597964,CAL07_DAILY_CONTRACT_UNCHANGED
SH-DB-BEZA,2025-09-16,2025,259,-23.6558,35.009999999999998,19.98,13.85,2397.478647795851,CAL07_DAILY_CONTRACT_UNCHANGED
SH-DB-BEZA,2025-09-17,2025,260,-23.6558,35.409999999999997,17.77,13.44,2351.413866194187,CAL07_DAILY_CONTRACT_UNCHANGED
SH-DB-BEZA,2025-09-18,2025,261,-23.6558,36.68,19.23,14.43,2553.9328837634184,CAL07_DAILY_CONTRACT_UNCHANGED
SH-DB-BEZA,2025-09-19,2025,262,-23.6558,36.640000000000001,20.899999999999999,15.24,2580.4177612328913,CAL07_DAILY_CONTRACT_UNCHANGED
SH-DB-BEZA,2025-09-20,2025,263,-23.6558,33.060000000000002,20.300000000000001,13.82,2134.5533476948117,CAL07_DAILY_CONTRACT_UNCHANGED
SH-DB-BEZA,2025-09-21,2025,264,-23.6558,33.979999999999997,17.199999999999999,10.74,2347.6841321437514,CAL07_DAILY_CONTRACT_UNCHANGED
SH-DB-BEZA,2025-09-22,2025,265,-23.6558,36.93,16.460000000000001,9.8900000000000006,2842.7267151772376,CAL07_DAILY_CONTRACT_UNCHANGED
SH-DB-BEZA,2025-09-23,2025,266,-23.6558,37.189999999999998,18.710000000000001,11.380000000000001,2902.7547610655593,CAL07_DAILY_CONTRACT_UNCHANGED
SH-DB-BEZA,2025-09-24,2025,267,-23.6558,37.950000000000003,18.170000000000002,10.49,3077.6414459850748,CAL07_DAILY_CONTRACT_UNCHANGED
SH-DB-BEZA,2025-09-25,2025,268,-23.6558,33.409999999999997,18.07,14.25,1985.3154116145663,CAL07_DAILY_CONTRACT_UNCHANGED
SH-DB-BEZA,2025-09-26,2025,269,-23.6558,31.079999999999998,18.300000000000001,12.029999999999999,1902.8288318751322,CAL07_DAILY_CONTRACT_UNCHANGED
SH-DB-BEZA,2025-09-27,2025,270,-23.6558,34.969999999999999,15.449999999999999,10.07,2450.6401000290425,CAL07_DAILY_CONTRACT_UNCHANGED
SH-DB-BEZA,2025-09-28,2025,271,-23.6558,34.729999999999997,20.890000000000001,15.17,2280.6821487629859,CAL07_DAILY_CONTRACT_UNCHANGED
SH-DB-BEZA,2025-09-29,2025,272,-23.6558,33.240000000000002,19.260000000000002,16.129999999999999,1832.3354565260215,CAL07_DAILY_CONTRACT_UNCHANGED
SH-DB-BEZA,2025-09-30,2025,273,-23.6558,35.009999999999998,17.43,13.859999999999999,2224.3392342958614,CAL07_DAILY_CONTRACT_UNCHANGED
SH-DB-BEZA,2025-10-01,2025,274,-23.6558,30.43,20.309999999999999,16.199999999999999,1524.5424312119885,CAL07_DAILY_CONTRACT_UNCHANGED
SH-DB-BEZA,2025-10-02,2025,275,-23.6558,30.82,19.120000000000001,14.619999999999999,1666.2579180234934,CAL07_DAILY_CONTRACT_UNCHANGED
SH-DB-BEZA,2025-10-03,2025,276,-23.6558,32.219999999999999,17.84,13.52,1879.2766187622631,CAL07_DAILY_CONTRACT_UNCHANGED
SH-DB-BEZA,2025-10-04,2025,277,-23.6558,26.710000000000001,15.470000000000001,11.029999999999999,1316.049196059115,CAL07_DAILY_CONTRACT_UNCHANGED
SH-DB-BEZA,2025-10-05,2025,278,-23.6558,33.630000000000003,13.4,7.7800000000000002,2317.2322560832831,CAL07_DAILY_CONTRACT_UNCHANGED
SH-DB-BEZA,2025-10-06,2025,279,-23.6558,36.729999999999997,17.559999999999999,11.630000000000001,2726.638865560958,CAL07_DAILY_CONTRACT_UNCHANGED
SH-DB-BEZA,2025-10-07,2025,280,-23.6558,36.390000000000001,18.699999999999999,12.26,2686.1636883602314,CAL07_DAILY_CONTRACT_UNCHANGED
SH-DB-BEZA,2025-10-08,2025,281,-23.6558,37.490000000000002,18.16,9.3399999999999999,3089.8406815481685,CAL07_DAILY_CONTRACT_UNCHANGED
SH-DB-BEZA,2025-10-09,2025,282,-23.6558,38.469999999999999,17.75,8.9399999999999995,3269.9601763888459,CAL07_DAILY_CONTRACT_UNCHANGED
SH-DB-BEZA,2025-10-10,2025,283,-23.6558,38.18,18.609999999999999,10.890000000000001,3113.8553303300164,CAL07_DAILY_CONTRACT_UNCHANGED
SH-DB-BEZA,2025-10-11,2025,284,-23.6558,36.490000000000002,21.280000000000001,14.359999999999999,2680.0112207916682,CAL07_DAILY_CONTRACT_UNCHANGED
SH-DB-BEZA,2025-10-12,2025,285,-23.6558,37.049999999999997,21.25,15.460000000000001,2652.1777770418121,CAL07_DAILY_CONTRACT_UNCHANGED
SH-DB-BEZA,2025-10-13,2025,286,-23.6558,37.770000000000003,19.219999999999999,13.31,2856.8572917039082,CAL07_DAILY_CONTRACT_UNCHANGED
SH-DB-BEZA,2025-10-14,2025,287,-23.6558,39.420000000000002,20.48,14.029999999999999,3177.9384579288758,CAL07_DAILY_CONTRACT_UNCHANGED
SH-DB-BEZA,2025-10-15,2025,288,-23.6558,38.920000000000002,21.489999999999998,12.380000000000001,3324.0783179682726,CAL07_DAILY_CONTRACT_UNCHANGED
SH-DB-BEZA,2025-10-16,2025,289,-23.6558,36.289999999999999,18.91,11.49,2754.54598018454,CAL07_DAILY_CONTRACT_UNCHANGED
SH-DB-BEZA,2025-10-17,2025,290,-23.6558,33.920000000000002,19.629999999999999,15.07,2077.3885539330431,CAL07_DAILY_CONTRACT_UNCHANGED
SH-DB-BEZA,2025-10-18,2025,291,-23.6558,37.25,17.600000000000001,12.5,2737.224203957252,CAL07_DAILY_CONTRACT_UNCHANGED
SH-DB-BEZA,2025-10-19,2025,292,-23.6558,33.710000000000001,18.399999999999999,14.32,2043.1167913655938,CAL07_DAILY_CONTRACT_UNCHANGED
SH-DB-BEZA,2025-10-20,2025,293,-23.6558,34.409999999999997,18.510000000000002,14.380000000000001,2148.0502838558887,CAL07_DAILY_CONTRACT_UNCHANGED
SH-DB-BEZA,2025-10-21,2025,294,-23.6558,33.969999999999999,20,14.69,2152.7241413113516,CAL07_DAILY_CONTRACT_UNCHANGED
SH-DB-BEZA,2025-10-22,2025,295,-23.6558,33.359999999999999,17.920000000000002,12.779999999999999,2116.7708714020091,CAL07_DAILY_CONTRACT_UNCHANGED
SH-DB-BEZA,2025-10-23,2025,296,-23.6558,37.710000000000001,18.550000000000001,13.050000000000001,2826.3396818160554,CAL07_DAILY_CONTRACT_UNCHANGED
SH-DB-BEZA,2025-10-24,2025,297,-23.6558,38.990000000000002,22.649999999999999,15.84,3069.3262495090084,CAL07_DAILY_CONTRACT_UNCHANGED
SH-DB-BEZA,2025-10-25,2025,298,-23.6558,39.960000000000001,24.09,16.289999999999999,3327.7476697235143,CAL07_DAILY_CONTRACT_UNCHANGED
SH-DB-BEZA,2025-10-26,2025,299,-23.6558,41.18,23.010000000000002,14.06,3726.8583445063082,CAL07_DAILY_CONTRACT_UNCHANGED
SH-DB-BEZA,2025-10-27,2025,300,-23.6558,42.280000000000001,24.02,12.93,4162.9888603027584,CAL07_DAILY_CONTRACT_UNCHANGED
SH-DB-BEZA,2025-10-28,2025,301,-23.6558,41.640000000000001,24.030000000000001,12.56,4062.0210683839541,CAL07_DAILY_CONTRACT_UNCHANGED
SH-DB-BEZA,2025-10-29,2025,302,-23.6558,40.890000000000001,22.649999999999999,13.039999999999999,3739.9192536704477,CAL07_DAILY_CONTRACT_UNCHANGED
SH-DB-BEZA,2025-10-30,2025,303,-23.6558,39.280000000000001,22.079999999999998,14.57,3218.3420976632069,CAL07_DAILY_CONTRACT_UNCHANGED
SH-DB-BEZA,2025-10-31,2025,304,-23.6558,37.829999999999998,24.100000000000001,15.92,2973.9721604102442,CAL07_DAILY_CONTRACT_UNCHANGED
SH-DB-BEZA,2025-11-01,2025,305,-23.6558,37.240000000000002,22.620000000000001,17.050000000000001,2607.5304226438784,CAL07_DAILY_CONTRACT_UNCHANGED
SH-DB-BEZA,2025-11-02,2025,306,-23.6558,37.560000000000002,23.510000000000002,18.359999999999999,2571.8414528912854,CAL07_DAILY_CONTRACT_UNCHANGED
SH-DB-BEZA,2025-11-03,2025,307,-23.6558,37.5,22.859999999999999,16.93,2687.5830815043546,CAL07_DAILY_CONTRACT_UNCHANGED
SH-DB-BEZA,2025-11-04,2025,308,-23.6558,39.420000000000002,22.93,16.210000000000001,3131.286263136506,CAL07_DAILY_CONTRACT_UNCHANGED
SH-DB-BEZA,2025-11-05,2025,309,-23.6558,37.439999999999998,23.969999999999999,16.129999999999999,2869.2171518819796,CAL07_DAILY_CONTRACT_UNCHANGED
SH-DB-BEZA,2025-11-06,2025,310,-23.6558,37.719999999999999,21.719999999999999,16.59,2674.1760143214642,CAL07_DAILY_CONTRACT_UNCHANGED
SH-DB-BEZA,2025-11-07,2025,311,-23.6558,36.869999999999997,21.890000000000001,15.630000000000001,2652.6310783086028,CAL07_DAILY_CONTRACT_UNCHANGED
SH-DB-BEZA,2025-11-08,2025,312,-23.6558,34.850000000000001,21.850000000000001,16.210000000000001,2255.2239623597789,CAL07_DAILY_CONTRACT_UNCHANGED
SH-DB-BEZA,2025-11-09,2025,313,-23.6558,38.439999999999998,22.57,14.02,3159.9188871869583,CAL07_DAILY_CONTRACT_UNCHANGED
SH-DB-BEZA,2025-11-10,2025,314,-23.6558,38.789999999999999,21.940000000000001,15.92,2964.6406544450583,CAL07_DAILY_CONTRACT_UNCHANGED
SH-DB-BEZA,2025-11-11,2025,315,-23.6558,38.859999999999999,23.629999999999999,17.09,2979.8833159310557,CAL07_DAILY_CONTRACT_UNCHANGED
SH-DB-BEZA,2025-11-12,2025,316,-23.6558,35.469999999999999,22.48,18.469999999999999,2120.5600070303922,CAL07_DAILY_CONTRACT_UNCHANGED
SH-DB-BEZA,2025-11-13,2025,317,-23.6558,35.689999999999998,22.75,18.370000000000001,2191.4646189739133,CAL07_DAILY_CONTRACT_UNCHANGED
SH-DB-BEZA,2025-11-14,2025,318,-23.6558,31.510000000000002,18.449999999999999,13.73,1803.0946314179591,CAL07_DAILY_CONTRACT_UNCHANGED
SH-DB-BEZA,2025-11-15,2025,319,-23.6558,39,16.039999999999999,11.710000000000001,3031.2358058829213,CAL07_DAILY_CONTRACT_UNCHANGED
SH-DB-BEZA,2025-11-16,2025,320,-23.6558,34.32,19.18,13.859999999999999,2234.3416022469119,CAL07_DAILY_CONTRACT_UNCHANGED
SH-DB-BEZA,2025-11-17,2025,321,-23.6558,37.780000000000001,17.460000000000001,11.66,2899.2213928580877,CAL07_DAILY_CONTRACT_UNCHANGED
SH-DB-BEZA,2025-11-18,2025,322,-23.6558,31.899999999999999,22.399999999999999,17.109999999999999,1767.2490373507831,CAL07_DAILY_CONTRACT_UNCHANGED
SH-DB-BEZA,2025-11-19,2025,323,-23.6558,28.719999999999999,20.489999999999998,17.59,1164.357919218168,CAL07_DAILY_CONTRACT_UNCHANGED
SH-DB-BEZA,2025-11-20,2025,324,-23.6558,31.91,18.579999999999998,15.31,1695.878546719646,CAL07_DAILY_CONTRACT_UNCHANGED
SH-DB-BEZA,2025-11-21,2025,325,-23.6558,28.870000000000001,18.780000000000001,14.630000000000001,1406.403312187108,CAL07_DAILY_CONTRACT_UNCHANGED
SH-DB-BEZA,2025-11-22,2025,326,-23.6558,32.719999999999999,16.66,12.609999999999999,1964.0403307554727,CAL07_DAILY_CONTRACT_UNCHANGED
SH-DB-BEZA,2025-11-23,2025,327,-23.6558,35.149999999999999,16.780000000000001,12.68,2323.465816644306,CAL07_DAILY_CONTRACT_UNCHANGED
SH-DB-BEZA,2025-11-24,2025,328,-23.6558,35.829999999999998,19.760000000000002,15.23,2364.02431894763,CAL07_DAILY_CONTRACT_UNCHANGED
SH-DB-BEZA,2025-11-25,2025,329,-23.6558,36.869999999999997,19.510000000000002,14.9,2555.0067602707795,CAL07_DAILY_CONTRACT_UNCHANGED
SH-DB-BEZA,2025-11-26,2025,330,-23.6558,39.07,22.52,18.010000000000002,2808.0543248737968,CAL07_DAILY_CONTRACT_UNCHANGED
SH-DB-BEZA,2025-11-27,2025,331,-23.6558,38.159999999999997,24.210000000000001,18.739999999999998,2690.0096232806036,CAL07_DAILY_CONTRACT_UNCHANGED
SH-DB-BEZA,2025-11-28,2025,332,-23.6558,37.649999999999999,23.579999999999998,17.989999999999998,2642.268602107999,CAL07_DAILY_CONTRACT_UNCHANGED
SH-DB-BEZA,2025-11-29,2025,333,-23.6558,38.130000000000003,22.550000000000001,17.920000000000002,2649.0405817622222,CAL07_DAILY_CONTRACT_UNCHANGED
SH-DB-BEZA,2025-11-30,2025,334,-23.6558,37.539999999999999,23.649999999999999,17.940000000000001,2635.5566986617268,CAL07_DAILY_CONTRACT_UNCHANGED
SH-DB-BEZA,2025-12-01,2025,335,-23.6558,35.859999999999999,22.109999999999999,17.960000000000001,2219.8082330257967,CAL07_DAILY_CONTRACT_UNCHANGED
SH-DB-BEZA,2025-12-02,2025,336,-23.6558,34.909999999999997,22.41,17.260000000000002,2182.8625135368616,CAL07_DAILY_CONTRACT_UNCHANGED
SH-DB-BEZA,2025-12-03,2025,337,-23.6558,34.490000000000002,20.809999999999999,15.880000000000001,2157.723757731068,CAL07_DAILY_CONTRACT_UNCHANGED
SH-DB-BEZA,2025-12-04,2025,338,-23.6558,28.73,21.100000000000001,15.859999999999999,1420.870310888251,CAL07_DAILY_CONTRACT_UNCHANGED
SH-DB-BEZA,2025-12-05,2025,339,-23.6558,34.869999999999997,20.66,17.010000000000002,2070.01453562185,CAL07_DAILY_CONTRACT_UNCHANGED
SH-DB-BEZA,2025-12-06,2025,340,-23.6558,37.090000000000003,21.27,17.829999999999998,2375.0656510160916,CAL07_DAILY_CONTRACT_UNCHANGED
SH-DB-BEZA,2025-12-07,2025,341,-23.6558,35.609999999999999,21.859999999999999,18.710000000000001,2060.2980999466818,CAL07_DAILY_CONTRACT_UNCHANGED
SH-DB-BEZA,2025-12-08,2025,342,-23.6558,37.049999999999997,22.68,19.239999999999998,2293.2102851773584,CAL07_DAILY_CONTRACT_UNCHANGED
SH-DB-BEZA,2025-12-09,2025,343,-23.6558,36.280000000000001,23,18.780000000000001,2253.7432445195896,CAL07_DAILY_CONTRACT_UNCHANGED
SH-DB-BEZA,2025-12-10,2025,344,-23.6558,35.770000000000003,21.239999999999998,18.050000000000001,2124.6831057087234,CAL07_DAILY_CONTRACT_UNCHANGED
SH-DB-BEZA,2025-12-11,2025,345,-23.6558,36.780000000000001,20.899999999999999,17.059999999999999,2390.7823986425869,CAL07_DAILY_CONTRACT_UNCHANGED
SH-DB-BEZA,2025-12-12,2025,346,-23.6558,40.18,21.170000000000002,14.880000000000001,3287.6628165056391,CAL07_DAILY_CONTRACT_UNCHANGED
SH-DB-BEZA,2025-12-13,2025,347,-23.6558,40.380000000000003,23.760000000000002,16.449999999999999,3362.5389432188276,CAL07_DAILY_CONTRACT_UNCHANGED
SH-DB-BEZA,2025-12-14,2025,348,-23.6558,36.520000000000003,23.850000000000001,14.67,2865.432589688643,CAL07_DAILY_CONTRACT_UNCHANGED
SH-DB-BEZA,2025-12-15,2025,349,-23.6558,40.409999999999997,24.609999999999999,14.880000000000001,3624.4039750769116,CAL07_DAILY_CONTRACT_UNCHANGED
SH-DB-BEZA,2025-12-16,2025,350,-23.6558,39.68,25.059999999999999,16.91,3288.2280072689045,CAL07_DAILY_CONTRACT_UNCHANGED
SH-DB-BEZA,2025-12-17,2025,351,-23.6558,37.579999999999998,25.850000000000001,18.190000000000001,2814.9866954561271,CAL07_DAILY_CONTRACT_UNCHANGED
SH-DB-BEZA,2025-12-18,2025,352,-23.6558,31.329999999999998,24.149999999999999,20.219999999999999,1423.97239614111,CAL07_DAILY_CONTRACT_UNCHANGED
SH-DB-BEZA,2025-12-19,2025,353,-23.6558,35.409999999999997,24.050000000000001,17.780000000000001,2336.5091661929655,CAL07_DAILY_CONTRACT_UNCHANGED
SH-DB-BEZA,2025-12-20,2025,354,-23.6558,37.149999999999999,23.940000000000001,16.420000000000002,2782.0828532308606,CAL07_DAILY_CONTRACT_UNCHANGED
SH-DB-BEZA,2025-12-21,2025,355,-23.6558,37.079999999999998,24.23,16.359999999999999,2803.2633310777078,CAL07_DAILY_CONTRACT_UNCHANGED
SH-DB-BEZA,2025-12-22,2025,356,-23.6558,35,23.75,18.43,2160.5998429825618,CAL07_DAILY_CONTRACT_UNCHANGED
SH-DB-BEZA,2025-12-23,2025,357,-23.6558,33.659999999999997,24.100000000000001,20.420000000000002,1710.8597999447497,CAL07_DAILY_CONTRACT_UNCHANGED
SH-DB-BEZA,2025-12-24,2025,358,-23.6558,33.43,23.52,19.940000000000001,1696.2750921821457,CAL07_DAILY_CONTRACT_UNCHANGED
SH-DB-BEZA,2025-12-25,2025,359,-23.6558,34.200000000000003,23.43,20.66,1695.5234569634854,CAL07_DAILY_CONTRACT_UNCHANGED
SH-DB-BEZA,2025-12-26,2025,360,-23.6558,29.210000000000001,23.68,21.890000000000001,864.55871340470367,CAL07_DAILY_CONTRACT_UNCHANGED
SH-DB-BEZA,2025-12-27,2025,361,-23.6558,35.509999999999998,23.350000000000001,19.75,2023.955437147486,CAL07_DAILY_CONTRACT_UNCHANGED
SH-DB-BEZA,2025-12-28,2025,362,-23.6558,35.299999999999997,21.390000000000001,18.390000000000001,2016.7490643131664,CAL07_DAILY_CONTRACT_UNCHANGED
SH-DB-BEZA,2025-12-29,2025,363,-23.6558,35.759999999999998,21.149999999999999,18.239999999999998,2091.2697111096504,CAL07_DAILY_CONTRACT_UNCHANGED
SH-DB-BEZA,2025-12-30,2025,364,-23.6558,32.640000000000001,20.309999999999999,15.720000000000001,1870.4742593499229,CAL07_DAILY_CONTRACT_UNCHANGED
SH-DB-BEZA,2025-12-31,2025,365,-23.6558,34.359999999999999,18.440000000000001,13.65,2211.6445181275503,CAL07_DAILY_CONTRACT_UNCHANGED
SH-DB-BEZA,2026-01-01,2026,1,-23.6558,36.439999999999998,20.989999999999998,15.279999999999999,2549.3727880103152,CAL07_DAILY_CONTRACT_UNCHANGED
SH-DB-BEZA,2026-01-02,2026,2,-23.6558,34.049999999999997,20.68,16.82,1970.5769998845915,CAL07_DAILY_CONTRACT_UNCHANGED
SH-DB-BEZA,2026-01-03,2026,3,-23.6558,35.469999999999999,20.25,16.66,2176.18593571164,CAL07_DAILY_CONTRACT_UNCHANGED
SH-DB-BEZA,2026-01-04,2026,4,-23.6558,35.649999999999999,21.52,16.760000000000002,2289.2538961241721,CAL07_DAILY_CONTRACT_UNCHANGED
SH-DB-BEZA,2026-01-05,2026,5,-23.6558,35.549999999999997,22.329999999999998,19.699999999999999,1951.5188638869813,CAL07_DAILY_CONTRACT_UNCHANGED
SH-DB-BEZA,2026-01-06,2026,6,-23.6558,36.829999999999998,22.579999999999998,19.84,2162.6784740400135,CAL07_DAILY_CONTRACT_UNCHANGED
SH-DB-BEZA,2026-01-07,2026,7,-23.6558,37.380000000000003,23.59,20.710000000000001,2215.5169468892186,CAL07_DAILY_CONTRACT_UNCHANGED
SH-DB-BEZA,2026-01-08,2026,8,-23.6558,33.189999999999998,25.02,22.760000000000002,1358.8663708432928,CAL07_DAILY_CONTRACT_UNCHANGED
SH-DB-BEZA,2026-01-09,2026,9,-23.6558,33,24.789999999999999,21.98,1438.5481882790173,CAL07_DAILY_CONTRACT_UNCHANGED
SH-DB-BEZA,2026-01-10,2026,10,-23.6558,36.240000000000002,23.539999999999999,19.57,2184.3367862277482,CAL07_DAILY_CONTRACT_UNCHANGED
SH-DB-BEZA,2026-01-11,2026,11,-23.6558,39.890000000000001,24.140000000000001,17.010000000000002,3231.8259333224178,CAL07_DAILY_CONTRACT_UNCHANGED
SH-DB-BEZA,2026-01-12,2026,12,-23.6558,36.799999999999997,25.48,18.66,2581.9202520285376,CAL07_DAILY_CONTRACT_UNCHANGED
SH-DB-BEZA,2026-01-13,2026,13,-23.6558,37.350000000000001,24.289999999999999,18.84,2540.2857731912186,CAL07_DAILY_CONTRACT_UNCHANGED
SH-DB-BEZA,2026-01-14,2026,14,-23.6558,37.990000000000002,23.800000000000001,17.68,2761.9056317803024,CAL07_DAILY_CONTRACT_UNCHANGED
SH-DB-BEZA,2026-01-15,2026,15,-23.6558,38.390000000000001,23.82,17.800000000000001,2820.6112632198806,CAL07_DAILY_CONTRACT_UNCHANGED
SH-DB-BEZA,2026-01-16,2026,16,-23.6558,37.490000000000002,24.539999999999999,19.550000000000001,2489.1881479378826,CAL07_DAILY_CONTRACT_UNCHANGED
SH-DB-BEZA,2026-01-17,2026,17,-23.6558,37.600000000000001,24.390000000000001,20.239999999999998,2395.39768336416,CAL07_DAILY_CONTRACT_UNCHANGED
SH-DB-BEZA,2026-01-18,2026,18,-23.6558,36.82,23.850000000000001,20.629999999999999,2154.3156156524392,CAL07_DAILY_CONTRACT_UNCHANGED
SH-DB-BEZA,2026-01-19,2026,19,-23.6558,35.759999999999998,25.050000000000001,21.239999999999998,1996.3122978274241,CAL07_DAILY_CONTRACT_UNCHANGED
SH-DB-BEZA,2026-01-20,2026,20,-23.6558,37.689999999999998,23.489999999999998,19.780000000000001,2397.5234355442094,CAL07_DAILY_CONTRACT_UNCHANGED
SH-DB-BEZA,2026-01-21,2026,21,-23.6558,30.859999999999999,22.82,23,808.51455666964966,CAL07_DAILY_CONTRACT_UNCHANGED
SH-DB-BEZA,2026-01-22,2026,22,-23.6558,34.920000000000002,20.960000000000001,19.989999999999998,1702.5501656933175,CAL07_DAILY_CONTRACT_UNCHANGED
SH-DB-BEZA,2026-01-23,2026,23,-23.6558,36.5,22.530000000000001,21.02,1928.1809223396049,CAL07_DAILY_CONTRACT_UNCHANGED
SH-DB-BEZA,2026-01-24,2026,24,-23.6558,35.93,22.800000000000001,21.969999999999999,1707.8241850412937,CAL07_DAILY_CONTRACT_UNCHANGED
SH-DB-BEZA,2026-01-25,2026,25,-23.6558,37.219999999999999,23.850000000000001,20.760000000000002,2203.1995338616111,CAL07_DAILY_CONTRACT_UNCHANGED
SH-DB-BEZA,2026-01-26,2026,26,-23.6558,38.060000000000002,22.82,20.300000000000001,2330.5790287293485,CAL07_DAILY_CONTRACT_UNCHANGED
SH-DB-BEZA,2026-01-27,2026,27,-23.6558,38.609999999999999,24.27,21.109999999999999,2435.6575479651074,CAL07_DAILY_CONTRACT_UNCHANGED
SH-DB-BEZA,2026-01-28,2026,28,-23.6558,39.079999999999998,24.920000000000002,20.809999999999999,2629.0040907979878,CAL07_DAILY_CONTRACT_UNCHANGED
SH-DB-BEZA,2026-01-29,2026,29,-23.6558,36.810000000000002,23.550000000000001,20.239999999999998,2183.9699610680054,CAL07_DAILY_CONTRACT_UNCHANGED
SH-DB-BEZA,2026-01-30,2026,30,-23.6558,36.920000000000002,21.670000000000002,16.469999999999999,2545.7743411647225,CAL07_DAILY_CONTRACT_UNCHANGED
SH-DB-BEZA,2026-01-31,2026,31,-23.6558,37.43,22.640000000000001,18.460000000000001,2461.6121560288602,CAL07_DAILY_CONTRACT_UNCHANGED
SH-DB-BEZA,2026-02-01,2026,32,-23.6558,38.020000000000003,22.93,18.420000000000002,2595.6155602030512,CAL07_DAILY_CONTRACT_UNCHANGED
SH-DB-BEZA,2026-02-02,2026,33,-23.6558,37.07,23.030000000000001,19.329999999999998,2313.6171047447474,CAL07_DAILY_CONTRACT_UNCHANGED
SH-DB-BEZA,2026-02-03,2026,34,-23.6558,37.219999999999999,22.75,19.059999999999999,2353.1839047259937,CAL07_DAILY_CONTRACT_UNCHANGED
SH-DB-BEZA,2026-02-04,2026,35,-23.6558,38.609999999999999,23.199999999999999,17.780000000000001,2809.3983612559114,CAL07_DAILY_CONTRACT_UNCHANGED
SH-DB-BEZA,2026-02-05,2026,36,-23.6558,38.280000000000001,22.719999999999999,16.149999999999999,2908.1824221978177,CAL07_DAILY_CONTRACT_UNCHANGED
SH-DB-BEZA,2026-02-06,2026,37,-23.6558,38.560000000000002,20.920000000000002,15.16,2928.4169765983715,CAL07_DAILY_CONTRACT_UNCHANGED
SH-DB-BEZA,2026-02-07,2026,38,-23.6558,40.079999999999998,23.359999999999999,17.48,3141.6936798676825,CAL07_DAILY_CONTRACT_UNCHANGED
SH-DB-BEZA,2026-02-08,2026,39,-23.6558,39.590000000000003,24.850000000000001,18.850000000000001,3000.8593779264088,CAL07_DAILY_CONTRACT_UNCHANGED
SH-DB-BEZA,2026-02-09,2026,40,-23.6558,40.369999999999997,24.039999999999999,15.390000000000001,3508.0561061022663,CAL07_DAILY_CONTRACT_UNCHANGED
SH-DB-BEZA,2026-02-10,2026,41,-23.6558,40.789999999999999,21.210000000000001,13.27,3581.1345809463155,CAL07_DAILY_CONTRACT_UNCHANGED
SH-DB-BEZA,2026-02-11,2026,42,-23.6558,41.18,24.59,17.850000000000001,3427.1435547424708,CAL07_DAILY_CONTRACT_UNCHANGED
SH-DB-BEZA,2026-02-12,2026,43,-23.6558,41,24.260000000000002,17.190000000000001,3443.1537886321366,CAL07_DAILY_CONTRACT_UNCHANGED
SH-DB-BEZA,2026-02-13,2026,44,-23.6558,37.009999999999998,26.140000000000001,19.91,2508.5106718128595,CAL07_DAILY_CONTRACT_UNCHANGED
SH-DB-BEZA,2026-02-14,2026,45,-23.6558,33.439999999999998,25.629999999999999,21.359999999999999,1679.588854014376,CAL07_DAILY_CONTRACT_UNCHANGED
SH-DB-BEZA,2026-02-15,2026,46,-23.6558,32.869999999999997,23.899999999999999,20.75,1530.7492837396376,CAL07_DAILY_CONTRACT_UNCHANGED
SH-DB-BEZA,2026-02-16,2026,47,-23.6558,30.239999999999998,23.079999999999998,20.489999999999998,1152.2882828318511,CAL07_DAILY_CONTRACT_UNCHANGED
SH-DB-BEZA,2026-02-17,2026,48,-23.6558,34.909999999999997,23.27,21.280000000000001,1695.1073410362778,CAL07_DAILY_CONTRACT_UNCHANGED
SH-DB-BEZA,2026-02-18,2026,49,-23.6558,35.909999999999997,23.129999999999999,20.41,1973.3739153364854,CAL07_DAILY_CONTRACT_UNCHANGED
SH-DB-BEZA,2026-02-19,2026,50,-23.6558,37.630000000000003,22.600000000000001,20.050000000000001,2272.241448968618,CAL07_DAILY_CONTRACT_UNCHANGED
SH-DB-BEZA,2026-02-20,2026,51,-23.6558,36.219999999999999,23.289999999999999,20.18,2071.6277659208499,CAL07_DAILY_CONTRACT_UNCHANGED
SH-DB-BEZA,2026-02-21,2026,52,-23.6558,35.280000000000001,22.489999999999998,20.120000000000001,1861.4005867542342,CAL07_DAILY_CONTRACT_UNCHANGED
SH-DB-BEZA,2026-02-22,2026,53,-23.6558,35.210000000000001,22.32,19.609999999999999,1909.6840844520925,CAL07_DAILY_CONTRACT_UNCHANGED
SH-DB-BEZA,2026-02-23,2026,54,-23.6558,37.549999999999997,22.280000000000001,18.469999999999999,2451.5404429931909,CAL07_DAILY_CONTRACT_UNCHANGED
SH-DB-BEZA,2026-02-24,2026,55,-23.6558,38.060000000000002,23.559999999999999,19.879999999999999,2455.1799636971041,CAL07_DAILY_CONTRACT_UNCHANGED
SH-DB-BEZA,2026-02-25,2026,56,-23.6558,36.659999999999997,23.870000000000001,20.850000000000001,2095.94350471504,CAL07_DAILY_CONTRACT_UNCHANGED
SH-DB-BEZA,2026-02-26,2026,57,-23.6558,37.390000000000001,24.670000000000002,21.280000000000001,2227.5884986097244,CAL07_DAILY_CONTRACT_UNCHANGED
SH-DB-BEZA,2026-02-27,2026,58,-23.6558,34.159999999999997,25.23,21.539999999999999,1718.4308913741929,CAL07_DAILY_CONTRACT_UNCHANGED
SH-DB-BEZA,2026-02-28,2026,59,-23.6558,37.020000000000003,23.84,21.170000000000002,2105.4235109677929,CAL07_DAILY_CONTRACT_UNCHANGED
SH-DB-BEZA,2026-03-01,2026,60,-23.6558,38.390000000000001,24.440000000000001,20.879999999999999,2445.9572660981121,CAL07_DAILY_CONTRACT_UNCHANGED
SH-DB-BEZA,2026-03-02,2026,61,-23.6558,36.609999999999999,24.93,21.460000000000001,2090.5181889487744,CAL07_DAILY_CONTRACT_UNCHANGED
SH-DB-BEZA,2026-03-03,2026,62,-23.6558,38.619999999999997,23.77,19.449999999999999,2636.6905833287683,CAL07_DAILY_CONTRACT_UNCHANGED
SH-DB-BEZA,2026-03-04,2026,63,-23.6558,38.659999999999997,24.960000000000001,18.140000000000001,2930.3234476923149,CAL07_DAILY_CONTRACT_UNCHANGED
SH-DB-BEZA,2026-03-05,2026,64,-23.6558,37.43,24.960000000000001,17.859999999999999,2745.8671455008916,CAL07_DAILY_CONTRACT_UNCHANGED
SH-DB-BEZA,2026-03-06,2026,65,-23.6558,35.759999999999998,24.949999999999999,19.379999999999999,2260.7530002066337,CAL07_DAILY_CONTRACT_UNCHANGED
SH-DB-BEZA,2026-03-07,2026,66,-23.6558,38.770000000000003,25.120000000000001,18.370000000000001,2935.5505002912396,CAL07_DAILY_CONTRACT_UNCHANGED
SH-DB-BEZA,2026-03-08,2026,67,-23.6558,39.32,24.899999999999999,16.559999999999999,3246.3584752402339,CAL07_DAILY_CONTRACT_UNCHANGED
SH-DB-BEZA,2026-03-09,2026,68,-23.6558,38.890000000000001,24.57,16.359999999999999,3158.3949168998747,CAL07_DAILY_CONTRACT_UNCHANGED
SH-DB-BEZA,2026-03-10,2026,69,-23.6558,36.329999999999998,24.920000000000002,17.949999999999999,2543.5544245734282,CAL07_DAILY_CONTRACT_UNCHANGED
SH-DB-BEZA,2026-03-11,2026,70,-23.6558,37.759999999999998,24.870000000000001,16.370000000000001,2979.5925529711612,CAL07_DAILY_CONTRACT_UNCHANGED
SH-DB-BEZA,2026-03-12,2026,71,-23.6558,38.100000000000001,25.059999999999999,16.899999999999999,2994.4064695513557,CAL07_DAILY_CONTRACT_UNCHANGED
SH-DB-BEZA,2026-03-13,2026,72,-23.6558,37.549999999999997,22.079999999999998,16.690000000000001,2661.0610610025824,CAL07_DAILY_CONTRACT_UNCHANGED
SH-DB-BEZA,2026-03-14,2026,73,-23.6558,37.899999999999999,22.68,16.600000000000001,2783.1168081748174,CAL07_DAILY_CONTRACT_UNCHANGED
SH-DB-BEZA,2026-03-15,2026,74,-23.6558,36.030000000000001,24.280000000000001,16.390000000000001,2628.5304888509713,CAL07_DAILY_CONTRACT_UNCHANGED
SH-DB-BEZA,2026-03-16,2026,75,-23.6558,38.909999999999997,23.609999999999999,16.620000000000001,3044.7139336597465,CAL07_DAILY_CONTRACT_UNCHANGED
SH-DB-BEZA,2026-03-17,2026,76,-23.6558,39.490000000000002,24.27,16.530000000000001,3224.2871935380999,CAL07_DAILY_CONTRACT_UNCHANGED
SH-DB-BEZA,2026-03-18,2026,77,-23.6558,39.619999999999997,25.030000000000001,17.18,3240.5487994972646,CAL07_DAILY_CONTRACT_UNCHANGED
SH-DB-BEZA,2026-03-19,2026,78,-23.6558,38.520000000000003,25.260000000000002,18.300000000000001,2911.9964040771188,CAL07_DAILY_CONTRACT_UNCHANGED
SH-DB-BEZA,2026-03-20,2026,79,-23.6558,39.390000000000001,25.280000000000001,18.629999999999999,3032.9057521827285,CAL07_DAILY_CONTRACT_UNCHANGED
SH-DB-BEZA,2026-03-21,2026,80,-23.6558,39.340000000000003,25.449999999999999,18.489999999999998,3058.4439828513464,CAL07_DAILY_CONTRACT_UNCHANGED
SH-DB-BEZA,2026-03-22,2026,81,-23.6558,38.969999999999999,24.940000000000001,19.039999999999999,2865.4629609636677,CAL07_DAILY_CONTRACT_UNCHANGED
SH-DB-BEZA,2026-03-23,2026,82,-23.6558,36.399999999999999,24.539999999999999,19.359999999999999,2330.0874872020536,CAL07_DAILY_CONTRACT_UNCHANGED
SH-DB-BEZA,2026-03-24,2026,83,-23.6558,35.920000000000002,24.030000000000001,19.170000000000002,2231.3256527653484,CAL07_DAILY_CONTRACT_UNCHANGED
SH-DB-BEZA,2026-03-25,2026,84,-23.6558,39.350000000000001,23.23,16.73,3081.5092027233713,CAL07_DAILY_CONTRACT_UNCHANGED
SH-DB-BEZA,2026-03-26,2026,85,-23.6558,39.920000000000002,24.190000000000001,17.82,3140.425657185463,CAL07_DAILY_CONTRACT_UNCHANGED
SH-DB-BEZA,2026-03-27,2026,86,-23.6558,38.340000000000003,24.120000000000001,19.039999999999999,2673.6184049710928,CAL07_DAILY_CONTRACT_UNCHANGED
SH-DB-BEZA,2026-03-28,2026,87,-23.6558,39.119999999999997,24.940000000000001,17.920000000000002,3042.92350046923,CAL07_DAILY_CONTRACT_UNCHANGED
SH-DB-BEZA,2026-03-29,2026,88,-23.6558,38.270000000000003,24.940000000000001,18.649999999999999,2789.4136648052131,CAL07_DAILY_CONTRACT_UNCHANGED
SH-DB-BEZA,2026-03-30,2026,89,-23.6558,37.549999999999997,24.489999999999998,19.390000000000001,2517.5988821180385,CAL07_DAILY_CONTRACT_UNCHANGED
SH-DB-BEZA,2026-03-31,2026,90,-23.6558,36.43,23.420000000000002,19.32,2240.4566541846038,CAL07_DAILY_CONTRACT_UNCHANGED
SH-DB-BEZA,2026-04-01,2026,91,-23.6558,35.07,23.050000000000001,18.989999999999998,2035.1855820975088,CAL07_DAILY_CONTRACT_UNCHANGED
SH-DB-BEZA,2026-04-02,2026,92,-23.6558,34.189999999999998,21.489999999999998,16.82,2053.5854056519183,CAL07_DAILY_CONTRACT_UNCHANGED
SH-DB-BEZA,2026-04-03,2026,93,-23.6558,33.630000000000003,18.620000000000001,12.109999999999999,2265.4746066442885,CAL07_DAILY_CONTRACT_UNCHANGED
SH-DB-BEZA,2026-04-04,2026,94,-23.6558,35.07,19.109999999999999,12.33,2495.1180595818264,CAL07_DAILY_CONTRACT_UNCHANGED
SH-DB-BEZA,2026-04-05,2026,95,-23.6558,36.759999999999998,20.190000000000001,13.18,2764.0907423675699,CAL07_DAILY_CONTRACT_UNCHANGED
SH-DB-BEZA,2026-04-06,2026,96,-23.6558,36.939999999999998,21.210000000000001,16.059999999999999,2561.5354911968489,CAL07_DAILY_CONTRACT_UNCHANGED
SH-DB-BEZA,2026-04-07,2026,97,-23.6558,35.490000000000002,20.690000000000001,16.719999999999999,2204.7875359210129,CAL07_DAILY_CONTRACT_UNCHANGED
SH-DB-BEZA,2026-04-08,2026,98,-23.6558,35.799999999999997,22.050000000000001,17.359999999999999,2281.6760097892311,CAL07_DAILY_CONTRACT_UNCHANGED
SH-DB-BEZA,2026-04-09,2026,99,-23.6558,37.810000000000002,21.969999999999999,16.690000000000001,2698.0613116198683,CAL07_DAILY_CONTRACT_UNCHANGED
SH-DB-BEZA,2026-04-10,2026,100,-23.6558,37.509999999999998,24.050000000000001,16.579999999999998,2835.3060349932025,CAL07_DAILY_CONTRACT_UNCHANGED
SH-DB-BEZA,2026-04-11,2026,101,-23.6558,37.219999999999999,23.18,16.75,2688.0413290770744,CAL07_DAILY_CONTRACT_UNCHANGED
SH-DB-BEZA,2026-04-12,2026,102,-23.6558,36.340000000000003,21.219999999999999,16.780000000000001,2375.8907032616448,CAL07_DAILY_CONTRACT_UNCHANGED
SH-DB-BEZA,2026-04-13,2026,103,-23.6558,36.68,21.27,16.649999999999999,2452.2450885661619,CAL07_DAILY_CONTRACT_UNCHANGED
SH-DB-BEZA,2026-04-14,2026,104,-23.6558,37.090000000000003,21,16.050000000000001,2572.2209260770014,CAL07_DAILY_CONTRACT_UNCHANGED
SH-DB-BEZA,2026-04-15,2026,105,-23.6558,38.340000000000003,22.100000000000001,16.73,2798.9859434504497,CAL07_DAILY_CONTRACT_UNCHANGED
SH-DB-BEZA,2026-04-16,2026,106,-23.6558,37.590000000000003,22,17.109999999999999,2610.3321695096788,CAL07_DAILY_CONTRACT_UNCHANGED
SH-DB-BEZA,2026-04-17,2026,107,-23.6558,36.43,21.32,15.85,2508.5188267096892,CAL07_DAILY_CONTRACT_UNCHANGED
SH-DB-BEZA,2026-04-18,2026,108,-23.6558,34.840000000000003,20.27,17,2037.6695933191031,CAL07_DAILY_CONTRACT_UNCHANGED
SH-DB-BEZA,2026-04-19,2026,109,-23.6558,37.359999999999999,20.449999999999999,16.68,2502.7783800776033,CAL07_DAILY_CONTRACT_UNCHANGED
SH-DB-BEZA,2026-04-20,2026,110,-23.6558,38.490000000000002,21.890000000000001,18.289999999999999,2612.3572202563596,CAL07_DAILY_CONTRACT_UNCHANGED
SH-DB-BEZA,2026-04-21,2026,111,-23.6558,37.329999999999998,23.489999999999998,17.350000000000001,2660.0060791431833,CAL07_DAILY_CONTRACT_UNCHANGED
SH-DB-BEZA,2026-04-22,2026,112,-23.6558,37.920000000000002,21.109999999999999,14.32,2917.9007539215418,CAL07_DAILY_CONTRACT_UNCHANGED
SH-DB-BEZA,2026-04-23,2026,113,-23.6558,36.549999999999997,23.649999999999999,17.66,2501.9456664589879,CAL07_DAILY_CONTRACT_UNCHANGED
SH-DB-BEZA,2026-04-24,2026,114,-23.6558,36.289999999999999,22.84,15.98,2593.3076137865032,CAL07_DAILY_CONTRACT_UNCHANGED
SH-DB-BEZA,2026-04-25,2026,115,-23.6558,36.670000000000002,23.030000000000001,15.390000000000001,2740.0823779807424,CAL07_DAILY_CONTRACT_UNCHANGED
SH-DB-BEZA,2026-04-26,2026,116,-23.6558,36.289999999999999,22.390000000000001,17.27,2400.6749099936878,CAL07_DAILY_CONTRACT_UNCHANGED
SH-DB-BEZA,2026-04-27,2026,117,-23.6558,34.880000000000003,21.760000000000002,18.030000000000001,2027.6127551268914,CAL07_DAILY_CONTRACT_UNCHANGED
SH-DB-BEZA,2026-04-28,2026,118,-23.6558,35.140000000000001,19.609999999999999,14.6,2312.4564959164682,CAL07_DAILY_CONTRACT_UNCHANGED
SH-DB-BEZA,2026-04-29,2026,119,-23.6558,32.299999999999997,18.649999999999999,15.539999999999999,1727.3777922719214,CAL07_DAILY_CONTRACT_UNCHANGED
SH-DB-BEZA,2026-04-30,2026,120,-23.6558,32.549999999999997,17.170000000000002,12,2029.0696118815097,CAL07_DAILY_CONTRACT_UNCHANGED
SH-DB-BEZA,2026-05-01,2026,121,-23.6558,37.409999999999997,19.239999999999998,15.789999999999999,2529.3677664187671,CAL07_DAILY_CONTRACT_UNCHANGED
SH-DB-BEZA,2026-05-02,2026,122,-23.6558,35,19.329999999999998,15.48,2174.0960110230162,CAL07_DAILY_CONTRACT_UNCHANGED
SH-DB-BEZA,2026-05-03,2026,123,-23.6558,34.770000000000003,17.510000000000002,15.35,2032.2684265414769,CAL07_DAILY_CONTRACT_UNCHANGED
SH-DB-BEZA,2026-05-04,2026,124,-23.6558,35.93,19.940000000000001,14.609999999999999,2460.9183163996377,CAL07_DAILY_CONTRACT_UNCHANGED
SH-DB-BEZA,2026-05-05,2026,125,-23.6558,36.700000000000003,21.960000000000001,17.629999999999999,2388.7906481240898,CAL07_DAILY_CONTRACT_UNCHANGED
SH-DB-BEZA,2026-05-06,2026,126,-23.6558,35.82,21.239999999999998,17.07,2256.8981534743493,CAL07_DAILY_CONTRACT_UNCHANGED
SH-DB-BEZA,2026-05-07,2026,127,-23.6558,37.399999999999999,20.329999999999998,16.5,2522.4730249838603,CAL07_DAILY_CONTRACT_UNCHANGED
SH-DB-BEZA,2026-05-08,2026,128,-23.6558,35.960000000000001,19.18,14.85,2386.1340634387388,CAL07_DAILY_CONTRACT_UNCHANGED
SH-DB-BEZA,2026-05-09,2026,129,-23.6558,35.170000000000002,19.77,13.859999999999999,2406.3229336219392,CAL07_DAILY_CONTRACT_UNCHANGED
SH-DB-BEZA,2026-05-10,2026,130,-23.6558,35.630000000000003,19.75,13.49,2515.4333139866421,CAL07_DAILY_CONTRACT_UNCHANGED
SH-DB-BEZA,2026-05-11,2026,131,-23.6558,36.390000000000001,20.440000000000001,14.460000000000001,2589.0660778517495,CAL07_DAILY_CONTRACT_UNCHANGED
SH-DB-BEZA,2026-05-12,2026,132,-23.6558,36.18,19.489999999999998,15.52,2369.414642898827,CAL07_DAILY_CONTRACT_UNCHANGED
SH-DB-BEZA,2026-05-13,2026,133,-23.6558,36.350000000000001,18.170000000000002,12.31,2639.6041294080578,CAL07_DAILY_CONTRACT_UNCHANGED
SH-DB-BEZA,2026-05-14,2026,134,-23.6558,34.399999999999999,18.420000000000002,12.16,2361.5741963045639,CAL07_DAILY_CONTRACT_UNCHANGED
SH-DB-BEZA,2026-05-15,2026,135,-23.6558,34.399999999999999,18.719999999999999,12.359999999999999,2362.8824968040617,CAL07_DAILY_CONTRACT_UNCHANGED
SH-DB-BEZA,2026-05-16,2026,136,-23.6558,33.829999999999998,18.059999999999999,12.99,2173.6616414708196,CAL07_DAILY_CONTRACT_UNCHANGED
SH-DB-BEZA,2026-05-17,2026,137,-23.6558,32.579999999999998,18.719999999999999,15.859999999999999,1733.9846803244432,CAL07_DAILY_CONTRACT_UNCHANGED
SH-DB-BEZA,2026-05-18,2026,138,-23.6558,31.190000000000001,20.050000000000001,15.31,1703.791906272332,CAL07_DAILY_CONTRACT_UNCHANGED
SH-DB-BEZA,2026-05-19,2026,139,-23.6558,32.369999999999997,18.059999999999999,13.539999999999999,1911.9381035408937,CAL07_DAILY_CONTRACT_UNCHANGED
SH-DB-BEZA,2026-05-20,2026,140,-23.6558,31.16,17.789999999999999,13.68,1719.5763681522626,CAL07_DAILY_CONTRACT_UNCHANGED
SH-DB-BEZA,2026-05-21,2026,141,-23.6558,29.079999999999998,16.329999999999998,10.119999999999999,1702.7292940852485,CAL07_DAILY_CONTRACT_UNCHANGED
SH-DB-BEZA,2026-05-22,2026,142,-23.6558,31.140000000000001,14.27,10.33,1822.2949056990553,CAL07_DAILY_CONTRACT_UNCHANGED
SH-DB-BEZA,2026-05-23,2026,143,-23.6558,32.350000000000001,16.789999999999999,11.109999999999999,2058.5161820336798,CAL07_DAILY_CONTRACT_UNCHANGED
SH-DB-BEZA,2026-05-24,2026,144,-23.6558,32.759999999999998,17.34,13.619999999999999,1911.7440275177844,CAL07_DAILY_CONTRACT_UNCHANGED
SH-DB-BEZA,2026-05-25,2026,145,-23.6558,30.190000000000001,17.940000000000001,15.109999999999999,1455.4096597639846,CAL07_DAILY_CONTRACT_UNCHANGED
SH-DB-BEZA,2026-05-26,2026,146,-23.6558,31.079999999999998,17.359999999999999,14.33,1614.5750894051896,CAL07_DAILY_CONTRACT_UNCHANGED
SH-DB-BEZA,2026-05-27,2026,147,-23.6558,32.93,17.300000000000001,11.800000000000001,2108.480137548001,CAL07_DAILY_CONTRACT_UNCHANGED
SH-DB-BEZA,2026-05-28,2026,148,-23.6558,33.229999999999997,18.719999999999999,12.640000000000001,2164.4911675221115,CAL07_DAILY_CONTRACT_UNCHANGED
SH-DB-BEZA,2026-05-29,2026,149,-23.6558,33.140000000000001,18.149999999999999,13.449999999999999,2034.2265640797252,CAL07_DAILY_CONTRACT_UNCHANGED
SH-DB-BEZA,2026-05-30,2026,150,-23.6558,32.380000000000003,17.5,12.81,1949.653412371571,CAL07_DAILY_CONTRACT_UNCHANGED
SH-DB-BEZA,2026-05-31,2026,151,-23.6558,31.370000000000001,16.170000000000002,12.65,1749.2884129151464,CAL07_DAILY_CONTRACT_UNCHANGED
SH-DB-BEZA,2026-06-01,2026,152,-23.6558,31.829999999999998,17.300000000000001,13.859999999999999,1757.9437416593755,CAL07_DAILY_CONTRACT_UNCHANGED
SH-DB-BEZA,2026-06-02,2026,153,-23.6558,30.32,17.829999999999998,15.220000000000001,1452.1485162052409,CAL07_DAILY_CONTRACT_UNCHANGED
SH-DB-BEZA,2026-06-03,2026,154,-23.6558,28.649999999999999,16.649999999999999,14.289999999999999,1281.3272098964653,CAL07_DAILY_CONTRACT_UNCHANGED
SH-DB-BEZA,2026-06-04,2026,155,-23.6558,28.859999999999999,13.76,10.5,1503.9131989896755,CAL07_DAILY_CONTRACT_UNCHANGED
SH-DB-BEZA,2026-06-05,2026,156,-23.6558,31.539999999999999,13.949999999999999,9.6300000000000008,1915.1488994449076,CAL07_DAILY_CONTRACT_UNCHANGED
SH-DB-BEZA,2026-06-06,2026,157,-23.6558,31.109999999999999,17.710000000000001,16.02,1453.1174341040999,CAL07_DAILY_CONTRACT_UNCHANGED
SH-DB-BEZA,2026-06-07,2026,158,-23.6558,27.300000000000001,19.09,17.670000000000002,897.61780035686934,CAL07_DAILY_CONTRACT_UNCHANGED
SH-DB-BEZA,2026-06-08,2026,159,-23.6558,25.920000000000002,17.449999999999999,15.32,928.83123673652631,CAL07_DAILY_CONTRACT_UNCHANGED
SH-DB-BEZA,2026-06-09,2026,160,-23.6558,26.390000000000001,16.300000000000001,15.48,887.80500271407186,CAL07_DAILY_CONTRACT_UNCHANGED
SH-DB-BEZA,2026-06-10,2026,161,-23.6558,26.530000000000001,15.99,14.779999999999999,961.32295733149181,CAL07_DAILY_CONTRACT_UNCHANGED
SH-DB-BEZA,2026-06-11,2026,162,-23.6558,25.530000000000001,15.58,13.890000000000001,932.39482460963382,CAL07_DAILY_CONTRACT_UNCHANGED
SH-DB-BEZA,2026-06-12,2026,163,-23.6558,27.199999999999999,13.67,12.65,1122.2170245977352,CAL07_DAILY_CONTRACT_UNCHANGED
SH-DB-BEZA,2026-06-13,2026,164,-23.6558,28.539999999999999,12.57,9.6999999999999993,1474.7941651393739,CAL07_DAILY_CONTRACT_UNCHANGED
SH-DB-BEZA,2026-06-14,2026,165,-23.6558,28.530000000000001,12.380000000000001,10.140000000000001,1428.5964623029772,CAL07_DAILY_CONTRACT_UNCHANGED
SH-DB-BEZA,2026-06-15,2026,166,-23.6558,30.109999999999999,14,10.720000000000001,1645.7765296522716,CAL07_DAILY_CONTRACT_UNCHANGED
SH-DB-BEZA,2026-06-16,2026,167,-23.6558,31.609999999999999,14.57,10.68,1869.7938803038739,CAL07_DAILY_CONTRACT_UNCHANGED
SH-DB-BEZA,2026-06-17,2026,168,-23.6558,30.43,13.359999999999999,9.5999999999999996,1745.6929410528423,CAL07_DAILY_CONTRACT_UNCHANGED
SH-DB-BEZA,2026-06-18,2026,169,-23.6558,27.760000000000002,14.15,12.25,1244.9777347867978,CAL07_DAILY_CONTRACT_UNCHANGED
SH-DB-BEZA,2026-06-19,2026,170,-23.6558,27.510000000000002,13.529999999999999,11.289999999999999,1273.7210563269243,CAL07_DAILY_CONTRACT_UNCHANGED
SH-DB-BEZA,2026-06-20,2026,171,-23.6558,25.100000000000001,14.609999999999999,10.51,1154.2813509270998,CAL07_DAILY_CONTRACT_UNCHANGED
SH-DB-BEZA,2026-06-21,2026,172,-23.6558,24.899999999999999,11.1,6.7300000000000004,1251.7765472836052,CAL07_DAILY_CONTRACT_UNCHANGED
SH-DB-BEZA,2026-06-22,2026,173,-23.6558,28.010000000000002,10.56,7.8099999999999996,1469.5055163371912,CAL07_DAILY_CONTRACT_UNCHANGED
SH-DB-BEZA,2026-06-23,2026,174,-23.6558,29.16,13.49,11.23,1461.7430566073094,CAL07_DAILY_CONTRACT_UNCHANGED
SH-DB-BEZA,2026-06-24,2026,175,-23.6558,28.690000000000001,13.890000000000001,12.779999999999999,1284.4993845681754,CAL07_DAILY_CONTRACT_UNCHANGED
SH-DB-BEZA,2026-06-25,2026,176,-23.6558,28.890000000000001,14.23,11.59,1436.3607053689352,CAL07_DAILY_CONTRACT_UNCHANGED
SH-DB-BEZA,2026-06-26,2026,177,-23.6558,30.449999999999999,14.41,12.52,1546.3426182485246,CAL07_DAILY_CONTRACT_UNCHANGED
SH-DB-BEZA,2026-06-27,2026,178,-23.6558,30.760000000000002,16.43,13.289999999999999,1623.7804004819673,CAL07_DAILY_CONTRACT_UNCHANGED
SH-DB-BEZA,2026-06-28,2026,179,-23.6558,30.77,16.68,12.59,1708.3693026873932,CAL07_DAILY_CONTRACT_UNCHANGED
SH-DB-BEZA,2026-06-29,2026,180,-23.6558,30.16,17.07,11.92,1719.0689161801213,CAL07_DAILY_CONTRACT_UNCHANGED
SH-DB-BEZA,2026-06-30,2026,181,-23.6558,29.870000000000001,15.56,10.859999999999999,1689.1216845652282,CAL07_DAILY_CONTRACT_UNCHANGED
SH-DB-BEZA,2026-07-01,2026,182,-23.6558,29.530000000000001,15.19,9.9000000000000004,1708.4071111282826,CAL07_DAILY_CONTRACT_UNCHANGED
SH-DB-BEZA,2026-07-02,2026,183,-23.6558,30.48,15.119999999999999,10.24,1792.0772880287379,CAL07_DAILY_CONTRACT_UNCHANGED
SH-DB-BEZA,2026-07-03,2026,184,-23.6558,28.77,15.41,11.68,1478.5722354351385,CAL07_DAILY_CONTRACT_UNCHANGED
SH-DB-BEZA,2026-07-04,2026,185,-23.6558,27.379999999999999,14.710000000000001,13.34,1128.27391053321,CAL07_DAILY_CONTRACT_UNCHANGED
SH-DB-BEZA,2026-07-05,2026,186,-23.6558,28.629999999999999,14.199999999999999,10.210000000000001,1524.795937969431,CAL07_DAILY_CONTRACT_UNCHANGED
SH-DB-BEZA,2026-07-06,2026,187,-23.6558,27.890000000000001,14.76,9.3699999999999992,1540.4066008844247,CAL07_DAILY_CONTRACT_UNCHANGED
SH-DB-BEZA,2026-07-07,2026,188,-23.6558,28.309999999999999,14.5,7.9199999999999999,1683.0200994588658,CAL07_DAILY_CONTRACT_UNCHANGED
SH-DB-BEZA,2026-07-08,2026,189,-23.6558,28.91,14.210000000000001,8.2599999999999998,1710.7918785703578,CAL07_DAILY_CONTRACT_UNCHANGED
SH-DB-BEZA,2026-07-09,2026,190,-23.6558,28.02,14.06,9.1699999999999999,1533.2750215560286,CAL07_DAILY_CONTRACT_UNCHANGED
SH-DB-BEZA,2026-07-10,2026,191,-23.6558,26.890000000000001,14.84,11.91,1220.8655205285684,CAL07_DAILY_CONTRACT_UNCHANGED
SH-DB-BEZA,2026-07-11,2026,192,-23.6558,28.530000000000001,15.199999999999999,11.07,1493.9579445375846,CAL07_DAILY_CONTRACT_UNCHANGED
SH-DB-BEZA,2026-07-12,2026,193,-23.6558,27.140000000000001,14.52,12.119999999999999,1210.3412166694138,CAL07_DAILY_CONTRACT_UNCHANGED
SH-DB-BEZA,2026-07-13,2026,194,-23.6558,28.710000000000001,13.91,11.66,1392.7361157100529,CAL07_DAILY_CONTRACT_UNCHANGED
SH-DB-BEZA,2026-07-14,2026,195,-23.6558,28.350000000000001,15.220000000000001,13.06,1289.9901028586039,CAL07_DAILY_CONTRACT_UNCHANGED
SH-DB-BEZA,2026-07-15,2026,196,-23.6558,27.870000000000001,14.76,12.359999999999999,1279.0860825670773,CAL07_DAILY_CONTRACT_UNCHANGED
SH-DB-BEZA,2026-07-16,2026,197,-23.6558,26.870000000000001,15.52,14.039999999999999,1048.0013714602105,CAL07_DAILY_CONTRACT_UNCHANGED
SH-DB-BEZA,2026-07-17,2026,198,-23.6558,27.620000000000001,14.76,13.56,1134.6088267664868,CAL07_DAILY_CONTRACT_UNCHANGED
SH-DB-BEZA,2026-07-18,2026,199,-23.6558,27.800000000000001,14.19,12.050000000000001,1270.0838788172655,CAL07_DAILY_CONTRACT_UNCHANGED
SH-DB-BEZA,2026-07-19,2026,200,-23.6558,29.469999999999999,14.07,11.640000000000001,1491.2109200985224,CAL07_DAILY_CONTRACT_UNCHANGED
SH-DB-BEZA,2026-07-20,2026,201,-23.6558,29.390000000000001,13.720000000000001,9.75,1625.7755920314482,CAL07_DAILY_CONTRACT_UNCHANGED
SH-DB-BEZA,2026-07-21,2026,202,-23.6558,28.57,15.039999999999999,11.74,1429.7773899909946,CAL07_DAILY_CONTRACT_UNCHANGED
SH-DB-BEZA,2026-07-22,2026,203,-23.6558,28.82,13.93,9.6899999999999995,1575.0922367860178,CAL07_DAILY_CONTRACT_UNCHANGED
SH-DB-BEZA,2026-07-23,2026,204,-23.6558,30.559999999999999,15.02,8.8699999999999992,1906.3908268165467,CAL07_DAILY_CONTRACT_UNCHANGED
SH-DB-BEZA,2026-07-24,2026,205,-23.6558,28.25,14.970000000000001,11.4,1420.6509692319974,CAL07_DAILY_CONTRACT_UNCHANGED
SH-EN-ALERCE,2022-01-01,2022,1,-40.1726,14.48,12.99,13.050000000000001,95.729839589705151,POWER_HOURLY_PAIRED_PRODUCT_DAILY_MEAN
SH-EN-ALERCE,2022-01-02,2022,2,-40.1726,15.16,12.789999999999999,10.35,326.56448580857131,POWER_HOURLY_PAIRED_PRODUCT_DAILY_MEAN
SH-EN-ALERCE,2022-01-03,2022,3,-40.1726,15.5,12.369999999999999,13.039999999999999,127.61814004335902,POWER_HOURLY_PAIRED_PRODUCT_DAILY_MEAN
SH-EN-ALERCE,2022-01-04,2022,4,-40.1726,15.949999999999999,11.91,8.3599999999999994,468.26522117828176,POWER_HOURLY_PAIRED_PRODUCT_DAILY_MEAN
SH-EN-ALERCE,2022-01-05,2022,5,-40.1726,19.690000000000001,10.99,8.8900000000000006,600.54029716076172,POWER_HOURLY_PAIRED_PRODUCT_DAILY_MEAN
SH-EN-ALERCE,2022-01-06,2022,6,-40.1726,19.600000000000001,11.880000000000001,11.24,504.73624857886472,POWER_HOURLY_PAIRED_PRODUCT_DAILY_MEAN
SH-EN-ALERCE,2022-01-07,2022,7,-40.1726,20.210000000000001,12.94,12.130000000000001,479.35984551111278,POWER_HOURLY_PAIRED_PRODUCT_DAILY_MEAN
SH-EN-ALERCE,2022-01-08,2022,8,-40.1726,19.789999999999999,13.390000000000001,13.18,301.97271204821624,POWER_HOURLY_PAIRED_PRODUCT_DAILY_MEAN
SH-EN-ALERCE,2022-01-09,2022,9,-40.1726,16.350000000000001,13.33,13.18,164.1068495497199,POWER_HOURLY_PAIRED_PRODUCT_DAILY_MEAN
SH-EN-ALERCE,2022-01-10,2022,10,-40.1726,18.420000000000002,12.09,11.84,345.29143731126777,POWER_HOURLY_PAIRED_PRODUCT_DAILY_MEAN
SH-EN-ALERCE,2022-01-11,2022,11,-40.1726,20.34,11.390000000000001,10.06,580.98331911796492,POWER_HOURLY_PAIRED_PRODUCT_DAILY_MEAN
SH-EN-ALERCE,2022-01-12,2022,12,-40.1726,18.129999999999999,12.1,10.869999999999999,375.07154568294959,POWER_HOURLY_PAIRED_PRODUCT_DAILY_MEAN
SH-EN-ALERCE,2022-01-13,2022,13,-40.1726,16.780000000000001,12.449999999999999,11.94,278.51346629077904,POWER_HOURLY_PAIRED_PRODUCT_DAILY_MEAN
SH-EN-ALERCE,2022-01-14,2022,14,-40.1726,18.260000000000002,12.82,13.48,241.46082669365254,POWER_HOURLY_PAIRED_PRODUCT_DAILY_MEAN
SH-EN-ALERCE,2022-01-15,2022,15,-40.1726,16.18,10.859999999999999,8.9299999999999997,402.08362704259457,POWER_HOURLY_PAIRED_PRODUCT_DAILY_MEAN
SH-EN-ALERCE,2022-01-16,2022,16,-40.1726,14.08,9.4800000000000004,6.6900000000000004,416.65244859560653,POWER_HOURLY_PAIRED_PRODUCT_DAILY_MEAN
SH-EN-ALERCE,2022-01-17,2022,17,-40.1726,14.279999999999999,8.0800000000000001,5.7400000000000002,430.94792233808806,POWER_HOURLY_PAIRED_PRODUCT_DAILY_MEAN
SH-EN-ALERCE,2022-01-18,2022,18,-40.1726,17.300000000000001,8.9900000000000002,6.96,601.30604309906767,POWER_HOURLY_PAIRED_PRODUCT_DAILY_MEAN
SH-EN-ALERCE,2022-01-19,2022,19,-40.1726,15.380000000000001,10.76,9.3599999999999994,325.34880757731008,POWER_HOURLY_PAIRED_PRODUCT_DAILY_MEAN
SH-EN-ALERCE,2022-01-20,2022,20,-40.1726,14.23,10.99,9.3900000000000006,285.96078104888039,POWER_HOURLY_PAIRED_PRODUCT_DAILY_MEAN
SH-EN-ALERCE,2022-01-21,2022,21,-40.1726,15.33,12.359999999999999,9.9399999999999995,340.16989935816144,POWER_HOURLY_PAIRED_PRODUCT_DAILY_MEAN
SH-EN-ALERCE,2022-01-22,2022,22,-40.1726,15.01,12.859999999999999,11.25,266.29759564668478,POWER_HOURLY_PAIRED_PRODUCT_DAILY_MEAN
SH-EN-ALERCE,2022-01-23,2022,23,-40.1726,15.859999999999999,12.99,12.720000000000001,192.43075973439258,POWER_HOURLY_PAIRED_PRODUCT_DAILY_MEAN
SH-EN-ALERCE,2022-01-24,2022,24,-40.1726,18.07,12.289999999999999,10.73,444.27148978250142,POWER_HOURLY_PAIRED_PRODUCT_DAILY_MEAN
SH-EN-ALERCE,2022-01-25,2022,25,-40.1726,19.52,11.76,10.699999999999999,496.71124798522987,POWER_HOURLY_PAIRED_PRODUCT_DAILY_MEAN
SH-EN-ALERCE,2022-01-26,2022,26,-40.1726,22.050000000000001,12.380000000000001,11.02,646.30796337002653,POWER_HOURLY_PAIRED_PRODUCT_DAILY_MEAN
SH-EN-ALERCE,2022-01-27,2022,27,-40.1726,22.800000000000001,14.16,12.779999999999999,621.32113856839771,POWER_HOURLY_PAIRED_PRODUCT_DAILY_MEAN
SH-EN-ALERCE,2022-01-28,2022,28,-40.1726,18.359999999999999,13.73,13,308.32471707524445,POWER_HOURLY_PAIRED_PRODUCT_DAILY_MEAN
SH-EN-ALERCE,2022-01-29,2022,29,-40.1726,17.120000000000001,13.42,11.970000000000001,314.03822472399878,POWER_HOURLY_PAIRED_PRODUCT_DAILY_MEAN
SH-EN-ALERCE,2022-01-30,2022,30,-40.1726,16.18,11.01,8.8699999999999992,442.73431783542816,POWER_HOURLY_PAIRED_PRODUCT_DAILY_MEAN
SH-EN-ALERCE,2022-01-31,2022,31,-40.1726,16.850000000000001,10.23,8.8800000000000008,431.14320136331327,POWER_HOURLY_PAIRED_PRODUCT_DAILY_MEAN
SH-EN-ALERCE,2022-02-01,2022,32,-40.1726,19.010000000000002,12.539999999999999,12.85,298.7272868167218,POWER_HOURLY_PAIRED_PRODUCT_DAILY_MEAN
SH-EN-ALERCE,2022-02-02,2022,33,-40.1726,20.460000000000001,13.289999999999999,12.380000000000001,508.7773057786726,POWER_HOURLY_PAIRED_PRODUCT_DAILY_MEAN
SH-EN-ALERCE,2022-02-03,2022,34,-40.1726,19.870000000000001,14.94,13.699999999999999,375.5960149454915,POWER_HOURLY_PAIRED_PRODUCT_DAILY_MEAN
SH-EN-ALERCE,2022-02-04,2022,35,-40.1726,18.219999999999999,13.050000000000001,11.4,431.75952348855049,POWER_HOURLY_PAIRED_PRODUCT_DAILY_MEAN
SH-EN-ALERCE,2022-02-05,2022,36,-40.1726,19.940000000000001,10.800000000000001,8.9700000000000006,683.44863700540952,POWER_HOURLY_PAIRED_PRODUCT_DAILY_MEAN
SH-EN-ALERCE,2022-02-06,2022,37,-40.1726,22.309999999999999,12.23,9.4900000000000002,797.00499422485154,POWER_HOURLY_PAIRED_PRODUCT_DAILY_MEAN
SH-EN-ALERCE,2022-02-07,2022,38,-40.1726,19.68,12.9,11.859999999999999,427.40733971791525,POWER_HOURLY_PAIRED_PRODUCT_DAILY_MEAN
SH-EN-ALERCE,2022-02-08,2022,39,-40.1726,18.800000000000001,13.15,11.91,407.09004644015266,POWER_HOURLY_PAIRED_PRODUCT_DAILY_MEAN
SH-EN-ALERCE,2022-02-09,2022,40,-40.1726,18,11.24,9.1999999999999993,490.57941271228651,POWER_HOURLY_PAIRED_PRODUCT_DAILY_MEAN
SH-EN-ALERCE,2022-02-10,2022,41,-40.1726,16.620000000000001,10.119999999999999,6.1500000000000004,602.36615115241011,POWER_HOURLY_PAIRED_PRODUCT_DAILY_MEAN
SH-EN-ALERCE,2022-02-11,2022,42,-40.1726,18.32,9.4900000000000002,5.4900000000000002,720.66571539838458,POWER_HOURLY_PAIRED_PRODUCT_DAILY_MEAN
SH-EN-ALERCE,2022-02-12,2022,43,-40.1726,22.91,11.9,6.9900000000000002,1040.0651606887038,POWER_HOURLY_PAIRED_PRODUCT_DAILY_MEAN
SH-EN-ALERCE,2022-02-13,2022,44,-40.1726,20.109999999999999,12.119999999999999,10.69,498.43786770624291,POWER_HOURLY_PAIRED_PRODUCT_DAILY_MEAN
SH-EN-ALERCE,2022-02-14,2022,45,-40.1726,17.899999999999999,11.130000000000001,10.539999999999999,347.88699440315213,POWER_HOURLY_PAIRED_PRODUCT_DAILY_MEAN
SH-EN-ALERCE,2022-02-15,2022,46,-40.1726,16.66,10.300000000000001,10.460000000000001,295.13670641321374,POWER_HOURLY_PAIRED_PRODUCT_DAILY_MEAN
SH-EN-ALERCE,2022-02-16,2022,47,-40.1726,17.010000000000002,12.32,10.27,394.77590487101139,POWER_HOURLY_PAIRED_PRODUCT_DAILY_MEAN
SH-EN-ALERCE,2022-02-17,2022,48,-40.1726,17.440000000000001,10.460000000000001,8.2799999999999994,471.04934879793706,POWER_HOURLY_PAIRED_PRODUCT_DAILY_MEAN
SH-EN-ALERCE,2022-02-18,2022,49,-40.1726,17.559999999999999,10.869999999999999,10.75,335.58690930147355,POWER_HOURLY_PAIRED_PRODUCT_DAILY_MEAN
SH-EN-ALERCE,2022-02-19,2022,50,-40.1726,15.83,12.77,12.59,178.83105336243375,POWER_HOURLY_PAIRED_PRODUCT_DAILY_MEAN
SH-EN-ALERCE,2022-02-20,2022,51,-40.1726,18.609999999999999,11.5,10.460000000000001,498.58730992881146,POWER_HOURLY_PAIRED_PRODUCT_DAILY_MEAN
SH-EN-ALERCE,2022-02-21,2022,52,-40.1726,21.82,14.050000000000001,9.0299999999999994,911.46459613855188,POWER_HOURLY_PAIRED_PRODUCT_DAILY_MEAN
SH-EN-ALERCE,2022-02-22,2022,53,-40.1726,22.199999999999999,13.06,9.75,728.47336553110597,POWER_HOURLY_PAIRED_PRODUCT_DAILY_MEAN
SH-EN-ALERCE,2022-02-23,2022,54,-40.1726,18.27,12.82,11.609999999999999,338.70379249781462,POWER_HOURLY_PAIRED_PRODUCT_DAILY_MEAN
SH-EN-ALERCE,2022-02-24,2022,55,-40.1726,16.870000000000001,13.279999999999999,13.289999999999999,175.3363122724169,POWER_HOURLY_PAIRED_PRODUCT_DAILY_MEAN
SH-EN-ALERCE,2022-02-25,2022,56,-40.1726,16.16,12.91,13.68,131.06459777336181,POWER_HOURLY_PAIRED_PRODUCT_DAILY_MEAN
SH-EN-ALERCE,2022-02-26,2022,57,-40.1726,16.800000000000001,14.17,12.539999999999999,289.2462473383394,POWER_HOURLY_PAIRED_PRODUCT_DAILY_MEAN
SH-EN-ALERCE,2022-02-27,2022,58,-40.1726,15.5,13,9.8100000000000005,419.41682590411443,POWER_HOURLY_PAIRED_PRODUCT_DAILY_MEAN
SH-EN-ALERCE,2022-02-28,2022,59,-40.1726,15.6,13.220000000000001,9.7200000000000006,414.45130463311335,POWER_HOURLY_PAIRED_PRODUCT_DAILY_MEAN
SH-EN-ALERCE,2022-03-01,2022,60,-40.1726,16.66,13.77,13.49,166.59405437668636,POWER_HOURLY_PAIRED_PRODUCT_DAILY_MEAN
SH-EN-ALERCE,2022-03-02,2022,61,-40.1726,19.300000000000001,14.380000000000001,14.710000000000001,209.78885863372773,POWER_HOURLY_PAIRED_PRODUCT_DAILY_MEAN
SH-EN-ALERCE,2022-03-03,2022,62,-40.1726,16.719999999999999,11.77,12.4,240.55930844544301,POWER_HOURLY_PAIRED_PRODUCT_DAILY_MEAN
SH-EN-ALERCE,2022-03-04,2022,63,-40.1726,15.81,11.4,8.25,435.70461351236673,POWER_HOURLY_PAIRED_PRODUCT_DAILY_MEAN
SH-EN-ALERCE,2022-03-05,2022,64,-40.1726,15.6,11.27,8.9800000000000004,370.97948341919869,POWER_HOURLY_PAIRED_PRODUCT_DAILY_MEAN
SH-EN-ALERCE,2022-03-06,2022,65,-40.1726,15.49,13.18,12.56,182.23673536444628,POWER_HOURLY_PAIRED_PRODUCT_DAILY_MEAN
SH-EN-ALERCE,2022-03-07,2022,66,-40.1726,15.199999999999999,13.029999999999999,11.369999999999999,244.64837600145708,POWER_HOURLY_PAIRED_PRODUCT_DAILY_MEAN
SH-EN-ALERCE,2022-03-08,2022,67,-40.1726,15.68,11.94,10.76,293.54587941751754,POWER_HOURLY_PAIRED_PRODUCT_DAILY_MEAN
SH-EN-ALERCE,2022-03-09,2022,68,-40.1726,16,11.210000000000001,8.0199999999999996,456.09762174925396,POWER_HOURLY_PAIRED_PRODUCT_DAILY_MEAN
SH-EN-ALERCE,2022-03-10,2022,69,-40.1726,17.23,10.710000000000001,10.33,348.29755627326432,POWER_HOURLY_PAIRED_PRODUCT_DAILY_MEAN
SH-EN-ALERCE,2022-03-11,2022,70,-40.1726,20.469999999999999,11.43,10.25,557.27682945715003,POWER_HOURLY_PAIRED_PRODUCT_DAILY_MEAN
SH-EN-ALERCE,2022-03-12,2022,71,-40.1726,18.73,12.41,10.289999999999999,466.43340846947439,POWER_HOURLY_PAIRED_PRODUCT_DAILY_MEAN
SH-EN-ALERCE,2022-03-13,2022,72,-40.1726,19.25,10.380000000000001,8.0600000000000005,585.76165304304936,POWER_HOURLY_PAIRED_PRODUCT_DAILY_MEAN
SH-EN-ALERCE,2022-03-14,2022,73,-40.1726,18.73,10.699999999999999,10.710000000000001,408.03016723237738,POWER_HOURLY_PAIRED_PRODUCT_DAILY_MEAN
SH-EN-ALERCE,2022-03-15,2022,74,-40.1726,20.559999999999999,12.359999999999999,10.92,511.61540302466466,POWER_HOURLY_PAIRED_PRODUCT_DAILY_MEAN
SH-EN-ALERCE,2022-03-16,2022,75,-40.1726,15.09,11.210000000000001,11.99,130.1184565931035,POWER_HOURLY_PAIRED_PRODUCT_DAILY_MEAN
SH-EN-ALERCE,2022-03-17,2022,76,-40.1726,15.23,9.6099999999999994,7.4500000000000002,423.3440504120702,POWER_HOURLY_PAIRED_PRODUCT_DAILY_MEAN
SH-EN-ALERCE,2022-03-18,2022,77,-40.1726,15.59,7.79,5.0300000000000002,522.50669774809637,POWER_HOURLY_PAIRED_PRODUCT_DAILY_MEAN
SH-EN-ALERCE,2022-03-19,2022,78,-40.1726,14.550000000000001,9.2799999999999994,6.3200000000000003,430.5373778938403,POWER_HOURLY_PAIRED_PRODUCT_DAILY_MEAN
SH-EN-ALERCE,2022-03-20,2022,79,-40.1726,14.279999999999999,11.130000000000001,11.33,139.97603965115394,POWER_HOURLY_PAIRED_PRODUCT_DAILY_MEAN
SH-EN-ALERCE,2022-03-21,2022,80,-40.1726,14.08,10.07,11.130000000000001,146.19023386695855,POWER_HOURLY_PAIRED_PRODUCT_DAILY_MEAN
SH-EN-ALERCE,2022-03-22,2022,81,-40.1726,13.27,9.8900000000000006,9.4100000000000001,206.47296277533374,POWER_HOURLY_PAIRED_PRODUCT_DAILY_MEAN
SH-EN-ALERCE,2022-03-23,2022,82,-40.1726,13.289999999999999,8.6300000000000008,6.4100000000000001,387.02014035360645,POWER_HOURLY_PAIRED_PRODUCT_DAILY_MEAN
SH-EN-ALERCE,2022-03-24,2022,83,-40.1726,14.779999999999999,8.3699999999999992,7.6900000000000004,330.86572044193093,POWER_HOURLY_PAIRED_PRODUCT_DAILY_MEAN
SH-EN-ALERCE,2022-03-25,2022,84,-40.1726,17.719999999999999,10.210000000000001,8.75,429.66948393069197,POWER_HOURLY_PAIRED_PRODUCT_DAILY_MEAN
SH-EN-ALERCE,2022-03-26,2022,85,-40.1726,13.93,10.52,11.16,134.14590983622023,POWER_HOURLY_PAIRED_PRODUCT_DAILY_MEAN
SH-EN-ALERCE,2022-03-27,2022,86,-40.1726,13.69,10.48,8.6400000000000006,284.20440482024748,POWER_HOURLY_PAIRED_PRODUCT_DAILY_MEAN
SH-EN-ALERCE,2022-03-28,2022,87,-40.1726,13.890000000000001,11.18,10.859999999999999,156.56892679232885,POWER_HOURLY_PAIRED_PRODUCT_DAILY_MEAN
SH-EN-ALERCE,2022-03-29,2022,88,-40.1726,12.550000000000001,7.1500000000000004,5.3099999999999996,386.74221359198492,POWER_HOURLY_PAIRED_PRODUCT_DAILY_MEAN
SH-EN-ALERCE,2022-03-30,2022,89,-40.1726,14.130000000000001,7.0499999999999998,4.9900000000000002,387.52238137278079,POWER_HOURLY_PAIRED_PRODUCT_DAILY_MEAN
SH-EN-ALERCE,2022-03-31,2022,90,-40.1726,15.199999999999999,7.1399999999999997,6.6200000000000001,353.5253257472944,POWER_HOURLY_PAIRED_PRODUCT_DAILY_MEAN
SH-EN-ALERCE,2022-04-01,2022,91,-40.1726,16.07,10.27,10.44,196.73541644366296,POWER_HOURLY_PAIRED_PRODUCT_DAILY_MEAN
SH-EN-ALERCE,2022-04-02,2022,92,-40.1726,13.77,9.8599999999999994,9.9900000000000002,161.79388571550794,POWER_HOURLY_PAIRED_PRODUCT_DAILY_MEAN
SH-EN-ALERCE,2022-04-03,2022,93,-40.1726,12.73,8.4399999999999995,6.3499999999999996,302.09910698826826,POWER_HOURLY_PAIRED_PRODUCT_DAILY_MEAN
SH-EN-ALERCE,2022-04-04,2022,94,-40.1726,12.449999999999999,9.1500000000000004,9.0399999999999991,160.04225141222338,POWER_HOURLY_PAIRED_PRODUCT_DAILY_MEAN
SH-EN-ALERCE,2022-04-05,2022,95,-40.1726,12.630000000000001,11.130000000000001,11.359999999999999,46.575873332835272,POWER_HOURLY_PAIRED_PRODUCT_DAILY_MEAN
SH-EN-ALERCE,2022-04-06,2022,96,-40.1726,13.369999999999999,11.529999999999999,12.17,33.408910058188006,POWER_HOURLY_PAIRED_PRODUCT_DAILY_MEAN
SH-EN-ALERCE,2022-04-07,2022,97,-40.1726,14.460000000000001,10.75,11.77,90.195381363619433,POWER_HOURLY_PAIRED_PRODUCT_DAILY_MEAN
SH-EN-ALERCE,2022-04-08,2022,98,-40.1726,15.460000000000001,9.7799999999999994,10.06,182.31851242552912,POWER_HOURLY_PAIRED_PRODUCT_DAILY_MEAN
SH-EN-ALERCE,2022-04-09,2022,99,-40.1726,12.6,9.9399999999999995,9.4600000000000009,178.85568535815591,POWER_HOURLY_PAIRED_PRODUCT_DAILY_MEAN
SH-EN-ALERCE,2022-04-10,2022,100,-40.1726,13.42,9,7.2300000000000004,245.53909722572257,POWER_HOURLY_PAIRED_PRODUCT_DAILY_MEAN
SH-EN-ALERCE,2022-04-11,2022,101,-40.1726,12,9.5700000000000003,8.9600000000000009,153.26304880789328,POWER_HOURLY_PAIRED_PRODUCT_DAILY_MEAN
SH-EN-ALERCE,2022-04-12,2022,102,-40.1726,12.83,8.2400000000000002,6.0499999999999998,314.98329370321142,POWER_HOURLY_PAIRED_PRODUCT_DAILY_MEAN
SH-EN-ALERCE,2022-04-13,2022,103,-40.1726,15.66,7.7400000000000002,7.1500000000000004,361.45740615626374,POWER_HOURLY_PAIRED_PRODUCT_DAILY_MEAN
SH-EN-ALERCE,2022-04-14,2022,104,-40.1726,17.469999999999999,8.8900000000000006,8.0199999999999996,372.37780080064016,POWER_HOURLY_PAIRED_PRODUCT_DAILY_MEAN
SH-EN-ALERCE,2022-04-15,2022,105,-40.1726,15.16,9.7599999999999998,9.25,234.71242455747617,POWER_HOURLY_PAIRED_PRODUCT_DAILY_MEAN
SH-EN-ALERCE,2022-04-16,2022,106,-40.1726,17.219999999999999,10.289999999999999,9.3900000000000006,346.05102515431628,POWER_HOURLY_PAIRED_PRODUCT_DAILY_MEAN
SH-EN-ALERCE,2022-04-17,2022,107,-40.1726,14.01,9.5,9.2799999999999994,190.95476427812528,POWER_HOURLY_PAIRED_PRODUCT_DAILY_MEAN
SH-EN-ALERCE,2022-04-18,2022,108,-40.1726,13.27,10.4,9.4100000000000001,179.05146292033928,POWER_HOURLY_PAIRED_PRODUCT_DAILY_MEAN
SH-EN-ALERCE,2022-04-19,2022,109,-40.1726,12.43,9.6199999999999992,8.3699999999999992,218.09871351146424,POWER_HOURLY_PAIRED_PRODUCT_DAILY_MEAN
SH-EN-ALERCE,2022-04-20,2022,110,-40.1726,11.67,9.2799999999999994,7.4400000000000004,229.74363978316367,POWER_HOURLY_PAIRED_PRODUCT_DAILY_MEAN
SH-EN-ALERCE,2022-04-21,2022,111,-40.1726,13.41,10.449999999999999,10.65,113.09567896946949,POWER_HOURLY_PAIRED_PRODUCT_DAILY_MEAN
SH-EN-ALERCE,2022-04-22,2022,112,-40.1726,13.449999999999999,10.27,10.82,90.599471172877386,POWER_HOURLY_PAIRED_PRODUCT_DAILY_MEAN
SH-EN-ALERCE,2022-04-23,2022,113,-40.1726,13.02,11.4,9.0800000000000001,253.58064977461842,POWER_HOURLY_PAIRED_PRODUCT_DAILY_MEAN
SH-EN-ALERCE,2022-04-24,2022,114,-40.1726,13.24,10.32,8.5500000000000007,232.15179443906447,POWER_HOURLY_PAIRED_PRODUCT_DAILY_MEAN
SH-EN-ALERCE,2022-04-25,2022,115,-40.1726,12.6,10.84,9.4600000000000009,189.06461668062244,POWER_HOURLY_PAIRED_PRODUCT_DAILY_MEAN
SH-EN-ALERCE,2022-04-26,2022,116,-40.1726,11.359999999999999,9.3200000000000003,6.4100000000000001,290.48776134553106,POWER_HOURLY_PAIRED_PRODUCT_DAILY_MEAN
SH-EN-ALERCE,2022-04-27,2022,117,-40.1726,10.779999999999999,8.8300000000000001,6.1399999999999997,278.14212543677678,POWER_HOURLY_PAIRED_PRODUCT_DAILY_MEAN
SH-EN-ALERCE,2022-04-28,2022,118,-40.1726,11.33,7.1500000000000004,4.2599999999999998,342.4388384480867,POWER_HOURLY_PAIRED_PRODUCT_DAILY_MEAN
SH-EN-ALERCE,2022-04-29,2022,119,-40.1726,12.130000000000001,6.2400000000000002,3.8399999999999999,318.91706389592287,POWER_HOURLY_PAIRED_PRODUCT_DAILY_MEAN
SH-EN-ALERCE,2022-04-30,2022,120,-40.1726,12.109999999999999,5.7300000000000004,6.2199999999999998,181.4392076633907,POWER_HOURLY_PAIRED_PRODUCT_DAILY_MEAN
SH-EN-ALERCE,2022-05-01,2022,121,-40.1726,13.07,8.75,8.5899999999999999,148.75628083075506,POWER_HOURLY_PAIRED_PRODUCT_DAILY_MEAN
SH-EN-ALERCE,2022-05-02,2022,122,-40.1726,12.17,8.3200000000000003,7.3799999999999999,176.10360748752134,POWER_HOURLY_PAIRED_PRODUCT_DAILY_MEAN
SH-EN-ALERCE,2022-05-03,2022,123,-40.1726,12.24,8.5199999999999996,9.6199999999999992,95.724192876487407,POWER_HOURLY_PAIRED_PRODUCT_DAILY_MEAN
SH-EN-ALERCE,2022-05-04,2022,124,-40.1726,13.800000000000001,11.5,11.81,58.94444228698493,POWER_HOURLY_PAIRED_PRODUCT_DAILY_MEAN
SH-EN-ALERCE,2022-05-05,2022,125,-40.1726,13.25,11.220000000000001,11.539999999999999,49.048053398834952,POWER_HOURLY_PAIRED_PRODUCT_DAILY_MEAN
SH-EN-ALERCE,2022-05-06,2022,126,-40.1726,13.25,10.369999999999999,10.49,103.9017232145884,POWER_HOURLY_PAIRED_PRODUCT_DAILY_MEAN
SH-EN-ALERCE,2022-05-07,2022,127,-40.1726,13.01,9.6300000000000008,10.65,89.058462098612381,POWER_HOURLY_PAIRED_PRODUCT_DAILY_MEAN
SH-EN-ALERCE,2022-05-08,2022,128,-40.1726,14.09,8.9100000000000001,10.15,175.58798344037078,POWER_HOURLY_PAIRED_PRODUCT_DAILY_MEAN
SH-EN-ALERCE,2022-05-09,2022,129,-40.1726,12.470000000000001,8.3100000000000005,7.1299999999999999,226.33398504388802,POWER_HOURLY_PAIRED_PRODUCT_DAILY_MEAN
SH-EN-ALERCE,2022-05-10,2022,130,-40.1726,14.220000000000001,6.8499999999999996,5.2999999999999998,368.60298006804646,POWER_HOURLY_PAIRED_PRODUCT_DAILY_MEAN
SH-EN-ALERCE,2022-05-11,2022,131,-40.1726,12.609999999999999,9.7100000000000009,9.0700000000000003,154.73676977577909,POWER_HOURLY_PAIRED_PRODUCT_DAILY_MEAN
SH-EN-ALERCE,2022-05-12,2022,132,-40.1726,12.630000000000001,8.3599999999999994,8.3599999999999994,208.63592200960875,POWER_HOURLY_PAIRED_PRODUCT_DAILY_MEAN
SH-EN-ALERCE,2022-05-13,2022,133,-40.1726,10.039999999999999,7.29,4.6600000000000001,282.58275207948162,POWER_HOURLY_PAIRED_PRODUCT_DAILY_MEAN
SH-EN-ALERCE,2022-05-14,2022,134,-40.1726,13.5,7.1799999999999997,6.6900000000000004,240.02422678325442,POWER_HOURLY_PAIRED_PRODUCT_DAILY_MEAN
SH-EN-ALERCE,2022-05-15,2022,135,-40.1726,16.629999999999999,7.2699999999999996,3.8500000000000001,542.09384999447514,POWER_HOURLY_PAIRED_PRODUCT_DAILY_MEAN
SH-EN-ALERCE,2022-05-16,2022,136,-40.1726,17.620000000000001,9.0899999999999999,2.71,673.76585918998649,POWER_HOURLY_PAIRED_PRODUCT_DAILY_MEAN
SH-EN-ALERCE,2022-05-17,2022,137,-40.1726,15.300000000000001,6.7800000000000002,3.4900000000000002,513.25948817485971,POWER_HOURLY_PAIRED_PRODUCT_DAILY_MEAN
SH-EN-ALERCE,2022-05-18,2022,138,-40.1726,12.59,7.8499999999999996,6.1799999999999997,286.86604878125104,POWER_HOURLY_PAIRED_PRODUCT_DAILY_MEAN
SH-EN-ALERCE,2022-05-19,2022,139,-40.1726,12.82,8.6400000000000006,9.5899999999999999,116.98917734725921,POWER_HOURLY_PAIRED_PRODUCT_DAILY_MEAN
SH-EN-ALERCE,2022-05-20,2022,140,-40.1726,13.17,11.57,10.19,168.64500272076586,POWER_HOURLY_PAIRED_PRODUCT_DAILY_MEAN
SH-EN-ALERCE,2022-05-21,2022,141,-40.1726,12.48,11.539999999999999,11.27,68.008829208903677,POWER_HOURLY_PAIRED_PRODUCT_DAILY_MEAN
SH-EN-ALERCE,2022-05-22,2022,142,-40.1726,12.32,8.75,7.1200000000000001,225.57782496628906,POWER_HOURLY_PAIRED_PRODUCT_DAILY_MEAN
SH-EN-ALERCE,2022-05-23,2022,143,-40.1726,10.59,9.1500000000000004,6.4900000000000002,245.53762474605753,POWER_HOURLY_PAIRED_PRODUCT_DAILY_MEAN
SH-EN-ALERCE,2022-05-24,2022,144,-40.1726,9.7799999999999994,7.6399999999999997,6.5599999999999996,184.68422880910137,POWER_HOURLY_PAIRED_PRODUCT_DAILY_MEAN
SH-EN-ALERCE,2022-05-25,2022,145,-40.1726,10.039999999999999,4.4500000000000002,3.0299999999999998,245.53895431981482,POWER_HOURLY_PAIRED_PRODUCT_DAILY_MEAN
SH-EN-ALERCE,2022-05-26,2022,146,-40.1726,9.6799999999999997,3.7000000000000002,3.1400000000000001,181.97785065459803,POWER_HOURLY_PAIRED_PRODUCT_DAILY_MEAN
SH-EN-ALERCE,2022-05-27,2022,147,-40.1726,9.7200000000000006,5.1399999999999997,4.0499999999999998,170.91311308568416,POWER_HOURLY_PAIRED_PRODUCT_DAILY_MEAN
SH-EN-ALERCE,2022-05-28,2022,148,-40.1726,8.9299999999999997,5.04,4.4299999999999997,150.09028300547911,POWER_HOURLY_PAIRED_PRODUCT_DAILY_MEAN
SH-EN-ALERCE,2022-05-29,2022,149,-40.1726,8.9600000000000009,4.4100000000000001,3.4900000000000002,170.88174868624856,POWER_HOURLY_PAIRED_PRODUCT_DAILY_MEAN
SH-EN-ALERCE,2022-05-30,2022,150,-40.1726,9.1300000000000008,4.1100000000000003,3.0899999999999999,163.37823110732822,POWER_HOURLY_PAIRED_PRODUCT_DAILY_MEAN
SH-EN-ALERCE,2022-05-31,2022,151,-40.1726,8.9700000000000006,3.7599999999999998,1.6799999999999999,243.70567135789699,POWER_HOURLY_PAIRED_PRODUCT_DAILY_MEAN
SH-EN-ALERCE,2022-06-01,2022,152,-40.1726,8.2699999999999996,3,0.57999999999999996,299.73358533496508,POWER_HOURLY_PAIRED_PRODUCT_DAILY_MEAN
SH-EN-ALERCE,2022-06-02,2022,153,-40.1726,8.9499999999999993,4.3799999999999999,4.1100000000000003,184.60518942042336,POWER_HOURLY_PAIRED_PRODUCT_DAILY_MEAN
SH-EN-ALERCE,2022-06-03,2022,154,-40.1726,10.92,7.4500000000000002,8.3499999999999996,65.507099225560424,POWER_HOURLY_PAIRED_PRODUCT_DAILY_MEAN
SH-EN-ALERCE,2022-06-04,2022,155,-40.1726,10.949999999999999,6.7800000000000002,7.1900000000000004,160.55796394551916,POWER_HOURLY_PAIRED_PRODUCT_DAILY_MEAN
SH-EN-ALERCE,2022-06-05,2022,156,-40.1726,9.7799999999999994,5.4800000000000004,5.7999999999999998,159.17531380971505,POWER_HOURLY_PAIRED_PRODUCT_DAILY_MEAN
SH-EN-ALERCE,2022-06-06,2022,157,-40.1726,12.06,9.8100000000000005,10.31,58.320089479719513,POWER_HOURLY_PAIRED_PRODUCT_DAILY_MEAN
SH-EN-ALERCE,2022-06-07,2022,158,-40.1726,12,9.9299999999999997,10.109999999999999,86.87945357096892,POWER_HOURLY_PAIRED_PRODUCT_DAILY_MEAN
SH-EN-ALERCE,2022-06-08,2022,159,-40.1726,11.789999999999999,9.4800000000000004,9.0299999999999994,136.58613978673088,POWER_HOURLY_PAIRED_PRODUCT_DAILY_MEAN
SH-EN-ALERCE,2022-06-09,2022,160,-40.1726,9.5,5.8600000000000003,3.4100000000000001,283.01062700612903,POWER_HOURLY_PAIRED_PRODUCT_DAILY_MEAN
SH-EN-ALERCE,2022-06-10,2022,161,-40.1726,11.970000000000001,4.6399999999999997,2.5699999999999998,316.23601207135857,POWER_HOURLY_PAIRED_PRODUCT_DAILY_MEAN
SH-EN-ALERCE,2022-06-11,2022,162,-40.1726,10.109999999999999,5.4800000000000004,5.6799999999999997,123.4671952403682,POWER_HOURLY_PAIRED_PRODUCT_DAILY_MEAN
SH-EN-ALERCE,2022-06-12,2022,163,-40.1726,9.5700000000000003,8.7799999999999994,8.1699999999999999,78.517843575970844,POWER_HOURLY_PAIRED_PRODUCT_DAILY_MEAN
SH-EN-ALERCE,2022-06-13,2022,164,-40.1726,10.23,7.96,8.5999999999999996,49.607811497400441,POWER_HOURLY_PAIRED_PRODUCT_DAILY_MEAN
SH-EN-ALERCE,2022-06-14,2022,165,-40.1726,10.57,8.5399999999999991,8.5399999999999991,91.504904661546718,POWER_HOURLY_PAIRED_PRODUCT_DAILY_MEAN
SH-EN-ALERCE,2022-06-15,2022,166,-40.1726,9.2699999999999996,7.5199999999999996,6.6900000000000004,129.63432967359063,POWER_HOURLY_PAIRED_PRODUCT_DAILY_MEAN
SH-EN-ALERCE,2022-06-16,2022,167,-40.1726,9.8900000000000006,6.6900000000000004,6.7999999999999998,102.10111583309947,POWER_HOURLY_PAIRED_PRODUCT_DAILY_MEAN
SH-EN-ALERCE,2022-06-17,2022,168,-40.1726,8.3200000000000003,6.2800000000000002,3.4700000000000002,231.27593918266916,POWER_HOURLY_PAIRED_PRODUCT_DAILY_MEAN
SH-EN-ALERCE,2022-06-18,2022,169,-40.1726,10.789999999999999,6.46,7.5199999999999996,108.04860267475082,POWER_HOURLY_PAIRED_PRODUCT_DAILY_MEAN
SH-EN-ALERCE,2022-06-19,2022,170,-40.1726,11.289999999999999,9.3800000000000008,9.8000000000000007,43.628459565893344,POWER_HOURLY_PAIRED_PRODUCT_DAILY_MEAN
SH-EN-ALERCE,2022-06-20,2022,171,-40.1726,10.52,7.71,6.9299999999999997,139.0639163864864,POWER_HOURLY_PAIRED_PRODUCT_DAILY_MEAN
SH-EN-ALERCE,2022-06-21,2022,172,-40.1726,11.300000000000001,4.96,2.77,304.16029459536236,POWER_HOURLY_PAIRED_PRODUCT_DAILY_MEAN
SH-EN-ALERCE,2022-06-22,2022,173,-40.1726,9.0700000000000003,3.2999999999999998,1.02,294.45916995444111,POWER_HOURLY_PAIRED_PRODUCT_DAILY_MEAN
SH-EN-ALERCE,2022-06-23,2022,174,-40.1726,9.0600000000000005,4.4100000000000001,2.3500000000000001,231.04623822456134,POWER_HOURLY_PAIRED_PRODUCT_DAILY_MEAN
SH-EN-ALERCE,2022-06-24,2022,175,-40.1726,10.02,4.2199999999999998,1.73,292.92040301781287,POWER_HOURLY_PAIRED_PRODUCT_DAILY_MEAN
SH-EN-ALERCE,2022-06-25,2022,176,-40.1726,11.09,4.8200000000000003,1.9199999999999999,309.69559980800568,POWER_HOURLY_PAIRED_PRODUCT_DAILY_MEAN
SH-EN-ALERCE,2022-06-26,2022,177,-40.1726,8.8800000000000008,2.9900000000000002,3.4700000000000002,154.14517240039496,POWER_HOURLY_PAIRED_PRODUCT_DAILY_MEAN
SH-EN-ALERCE,2022-06-27,2022,178,-40.1726,9.7100000000000009,7.2400000000000002,6.9199999999999999,106.15539923719172,POWER_HOURLY_PAIRED_PRODUCT_DAILY_MEAN
SH-EN-ALERCE,2022-06-28,2022,179,-40.1726,11.85,9.7699999999999996,10.390000000000001,65.183948688720392,POWER_HOURLY_PAIRED_PRODUCT_DAILY_MEAN
SH-EN-ALERCE,2022-06-29,2022,180,-40.1726,10.93,7.5300000000000002,6.7000000000000002,156.15854314539578,POWER_HOURLY_PAIRED_PRODUCT_DAILY_MEAN
SH-EN-ALERCE,2022-06-30,2022,181,-40.1726,8.4399999999999995,4.1100000000000003,5.2699999999999996,123.11353229068278,POWER_HOURLY_PAIRED_PRODUCT_DAILY_MEAN
SH-EN-ALERCE,2022-07-01,2022,182,-40.1726,8.5299999999999994,5.6399999999999997,4.9900000000000002,144.20701123081764,POWER_HOURLY_PAIRED_PRODUCT_DAILY_MEAN
SH-EN-ALERCE,2022-07-02,2022,183,-40.1726,8.8900000000000006,6.9699999999999998,5.9199999999999999,153.12026581068352,POWER_HOURLY_PAIRED_PRODUCT_DAILY_MEAN
SH-EN-ALERCE,2022-07-03,2022,184,-40.1726,9.5199999999999996,7.1699999999999999,6.4199999999999999,143.0218365458372,POWER_HOURLY_PAIRED_PRODUCT_DAILY_MEAN
SH-EN-ALERCE,2022-07-04,2022,185,-40.1726,9.8000000000000007,7.71,6.3700000000000001,181.7080718587066,POWER_HOURLY_PAIRED_PRODUCT_DAILY_MEAN
SH-EN-ALERCE,2022-07-05,2022,186,-40.1726,9.5099999999999998,8.3599999999999994,5.9000000000000004,217.45677620429717,POWER_HOURLY_PAIRED_PRODUCT_DAILY_MEAN
SH-EN-ALERCE,2022-07-06,2022,187,-40.1726,8.8499999999999996,6.7400000000000002,4.9400000000000004,192.96112438004502,POWER_HOURLY_PAIRED_PRODUCT_DAILY_MEAN
SH-EN-ALERCE,2022-07-07,2022,188,-40.1726,9.3599999999999994,7.0999999999999996,6.75,134.63247916538813,POWER_HOURLY_PAIRED_PRODUCT_DAILY_MEAN
SH-EN-ALERCE,2022-07-08,2022,189,-40.1726,9.9199999999999999,7.46,7.4100000000000001,93.615360257251041,POWER_HOURLY_PAIRED_PRODUCT_DAILY_MEAN
SH-EN-ALERCE,2022-07-09,2022,190,-40.1726,9.6899999999999995,7.7800000000000002,7.21,92.44196259559105,POWER_HOURLY_PAIRED_PRODUCT_DAILY_MEAN
SH-EN-ALERCE,2022-07-10,2022,191,-40.1726,9.4800000000000004,7.5,6.4800000000000004,152.0542028767336,POWER_HOURLY_PAIRED_PRODUCT_DAILY_MEAN
SH-EN-ALERCE,2022-07-11,2022,192,-40.1726,7.6799999999999997,6.8799999999999999,5.8099999999999996,99.265841750300936,POWER_HOURLY_PAIRED_PRODUCT_DAILY_MEAN
SH-EN-ALERCE,2022-07-12,2022,193,-40.1726,8.9199999999999999,6.6500000000000004,4.8300000000000001,191.79746205872632,POWER_HOURLY_PAIRED_PRODUCT_DAILY_MEAN
SH-EN-ALERCE,2022-07-13,2022,194,-40.1726,7.5999999999999996,6.1200000000000001,3.8500000000000001,178.75833544396588,POWER_HOURLY_PAIRED_PRODUCT_DAILY_MEAN
SH-EN-ALERCE,2022-07-14,2022,195,-40.1726,7.0800000000000001,4.3300000000000001,3.6000000000000001,126.37522679136121,POWER_HOURLY_PAIRED_PRODUCT_DAILY_MEAN
SH-EN-ALERCE,2022-07-15,2022,196,-40.1726,8.25,3.3300000000000001,1.21,225.73242554125423,POWER_HOURLY_PAIRED_PRODUCT_DAILY_MEAN
SH-EN-ALERCE,2022-07-16,2022,197,-40.1726,9.5600000000000005,4.5199999999999996,4.2400000000000002,174.10860119611115,POWER_HOURLY_PAIRED_PRODUCT_DAILY_MEAN
SH-EN-ALERCE,2022-07-17,2022,198,-40.1726,9.9499999999999993,5.5800000000000001,6.1900000000000004,131.69710650031141,POWER_HOURLY_PAIRED_PRODUCT_DAILY_MEAN
SH-EN-ALERCE,2022-07-18,2022,199,-40.1726,7.9500000000000002,5.7599999999999998,2.5600000000000001,255.79505419224026,POWER_HOURLY_PAIRED_PRODUCT_DAILY_MEAN
SH-EN-ALERCE,2022-07-19,2022,200,-40.1726,10.82,5.54,7.79,69.255590098627408,POWER_HOURLY_PAIRED_PRODUCT_DAILY_MEAN
SH-EN-ALERCE,2022-07-20,2022,201,-40.1726,11.199999999999999,5.46,7.6299999999999999,78.850308969374439,POWER_HOURLY_PAIRED_PRODUCT_DAILY_MEAN
SH-EN-ALERCE,2022-07-21,2022,202,-40.1726,8.0099999999999998,4.9299999999999997,3.79,142.33988173716696,POWER_HOURLY_PAIRED_PRODUCT_DAILY_MEAN
SH-EN-ALERCE,2022-07-22,2022,203,-40.1726,11.1,5.8600000000000003,9.4399999999999995,33.808484451875451,POWER_HOURLY_PAIRED_PRODUCT_DAILY_MEAN
SH-EN-ALERCE,2022-07-23,2022,204,-40.1726,10.83,8.4700000000000006,9,80.753049150993277,POWER_HOURLY_PAIRED_PRODUCT_DAILY_MEAN
SH-EN-ALERCE,2022-07-24,2022,205,-40.1726,9.8100000000000005,8.0500000000000007,6.5099999999999998,169.00845055722601,POWER_HOURLY_PAIRED_PRODUCT_DAILY_MEAN
SH-EN-ALERCE,2022-07-25,2022,206,-40.1726,12.15,7.9199999999999999,8.6999999999999993,108.73080107284545,POWER_HOURLY_PAIRED_PRODUCT_DAILY_MEAN
SH-EN-ALERCE,2022-07-26,2022,207,-40.1726,11.369999999999999,8.8399999999999999,8.8499999999999996,142.80271846709175,POWER_HOURLY_PAIRED_PRODUCT_DAILY_MEAN
SH-EN-ALERCE,2022-07-27,2022,208,-40.1726,11.380000000000001,7.8399999999999999,7.5300000000000002,127.88901440042913,POWER_HOURLY_PAIRED_PRODUCT_DAILY_MEAN
SH-EN-ALERCE,2022-07-28,2022,209,-40.1726,9.6600000000000001,6.5199999999999996,6.0700000000000003,107.99293354454393,POWER_HOURLY_PAIRED_PRODUCT_DAILY_MEAN
SH-EN-ALERCE,2022-07-29,2022,210,-40.1726,10.300000000000001,6.5599999999999996,5.6100000000000003,156.05569644123196,POWER_HOURLY_PAIRED_PRODUCT_DAILY_MEAN
SH-EN-ALERCE,2022-07-30,2022,211,-40.1726,10.73,4.8099999999999996,4.9699999999999998,199.5659329427267,POWER_HOURLY_PAIRED_PRODUCT_DAILY_MEAN
SH-EN-ALERCE,2022-07-31,2022,212,-40.1726,8.9000000000000004,4.5999999999999996,3.7799999999999998,185.05513217659254,POWER_HOURLY_PAIRED_PRODUCT_DAILY_MEAN
SH-EN-ALERCE,2022-08-01,2022,213,-40.1726,9.3699999999999992,5.2599999999999998,3.8199999999999998,205.75435743563386,POWER_HOURLY_PAIRED_PRODUCT_DAILY_MEAN
SH-EN-ALERCE,2022-08-02,2022,214,-40.1726,8.8100000000000005,4.8300000000000001,4.0599999999999996,141.25428463310445,POWER_HOURLY_PAIRED_PRODUCT_DAILY_MEAN
SH-EN-ALERCE,2022-08-03,2022,215,-40.1726,9.4800000000000004,6.0700000000000003,5.6299999999999999,143.32659803954448,POWER_HOURLY_PAIRED_PRODUCT_DAILY_MEAN
SH-EN-ALERCE,2022-08-04,2022,216,-40.1726,7.4199999999999999,5.5199999999999996,3.0600000000000001,182.66692040358637,POWER_HOURLY_PAIRED_PRODUCT_DAILY_MEAN
SH-EN-ALERCE,2022-08-05,2022,217,-40.1726,9.7899999999999991,5.8399999999999999,5.25,162.28736421055402,POWER_HOURLY_PAIRED_PRODUCT_DAILY_MEAN
SH-EN-ALERCE,2022-08-06,2022,218,-40.1726,8.4600000000000009,5.7699999999999996,5.5300000000000002,113.94841526858659,POWER_HOURLY_PAIRED_PRODUCT_DAILY_MEAN
SH-EN-ALERCE,2022-08-07,2022,219,-40.1726,9.25,5.0999999999999996,3.8799999999999999,196.6685295118962,POWER_HOURLY_PAIRED_PRODUCT_DAILY_MEAN
SH-EN-ALERCE,2022-08-08,2022,220,-40.1726,9.2599999999999998,5.0800000000000001,3.0499999999999998,238.29261409277356,POWER_HOURLY_PAIRED_PRODUCT_DAILY_MEAN
SH-EN-ALERCE,2022-08-09,2022,221,-40.1726,9.9700000000000006,5.3300000000000001,3.8599999999999999,215.9845690108144,POWER_HOURLY_PAIRED_PRODUCT_DAILY_MEAN
SH-EN-ALERCE,2022-08-10,2022,222,-40.1726,9.0800000000000001,6.3300000000000001,6.1100000000000003,110.08207336345809,POWER_HOURLY_PAIRED_PRODUCT_DAILY_MEAN
SH-EN-ALERCE,2022-08-11,2022,223,-40.1726,9.9399999999999995,8.6500000000000004,8.1300000000000008,77.430162053607106,POWER_HOURLY_PAIRED_PRODUCT_DAILY_MEAN
SH-EN-ALERCE,2022-08-12,2022,224,-40.1726,10.08,7.4199999999999999,7.75,81.552655465297988,POWER_HOURLY_PAIRED_PRODUCT_DAILY_MEAN
SH-EN-ALERCE,2022-08-13,2022,225,-40.1726,10.84,8.8399999999999999,7.7800000000000002,147.30346357403369,POWER_HOURLY_PAIRED_PRODUCT_DAILY_MEAN
SH-EN-ALERCE,2022-08-14,2022,226,-40.1726,9.3800000000000008,6.96,5.3099999999999996,186.00165249753195,POWER_HOURLY_PAIRED_PRODUCT_DAILY_MEAN
SH-EN-ALERCE,2022-08-15,2022,227,-40.1726,9.9399999999999995,6.9400000000000004,6.4500000000000002,97.069404694932544,POWER_HOURLY_PAIRED_PRODUCT_DAILY_MEAN
SH-EN-ALERCE,2022-08-16,2022,228,-40.1726,8.5899999999999999,7.1299999999999999,5.6100000000000003,152.32457635406985,POWER_HOURLY_PAIRED_PRODUCT_DAILY_MEAN
SH-EN-ALERCE,2022-08-17,2022,229,-40.1726,8.4199999999999999,6,4.2699999999999996,197.36508010629723,POWER_HOURLY_PAIRED_PRODUCT_DAILY_MEAN
SH-EN-ALERCE,2022-08-18,2022,230,-40.1726,9.4100000000000001,6.29,5.1500000000000004,189.73478603824427,POWER_HOURLY_PAIRED_PRODUCT_DAILY_MEAN
SH-EN-ALERCE,2022-08-19,2022,231,-40.1726,11.67,6.4500000000000002,7.9400000000000004,105.06652016057033,POWER_HOURLY_PAIRED_PRODUCT_DAILY_MEAN
SH-EN-ALERCE,2022-08-20,2022,232,-40.1726,11.67,8.7699999999999996,8.9900000000000002,88.608460978447852,POWER_HOURLY_PAIRED_PRODUCT_DAILY_MEAN
SH-EN-ALERCE,2022-08-21,2022,233,-40.1726,13.56,7.3200000000000003,7.9699999999999998,171.47866579420042,POWER_HOURLY_PAIRED_PRODUCT_DAILY_MEAN
SH-EN-ALERCE,2022-08-22,2022,234,-40.1726,11.720000000000001,7.8499999999999996,8.2899999999999991,97.608733892051376,POWER_HOURLY_PAIRED_PRODUCT_DAILY_MEAN
SH-EN-ALERCE,2022-08-23,2022,235,-40.1726,9.8800000000000008,4.3300000000000001,6.2199999999999998,127.53609072975365,POWER_HOURLY_PAIRED_PRODUCT_DAILY_MEAN
SH-EN-ALERCE,2022-08-24,2022,236,-40.1726,9.1799999999999997,3.52,3,189.53673634885789,POWER_HOURLY_PAIRED_PRODUCT_DAILY_MEAN
SH-EN-ALERCE,2022-08-25,2022,237,-40.1726,9.5099999999999998,5.54,5.1200000000000001,136.31530792891934,POWER_HOURLY_PAIRED_PRODUCT_DAILY_MEAN
SH-EN-ALERCE,2022-08-26,2022,238,-40.1726,9.2699999999999996,6.8200000000000003,5.9100000000000001,147.59146295890068,POWER_HOURLY_PAIRED_PRODUCT_DAILY_MEAN
SH-EN-ALERCE,2022-08-27,2022,239,-40.1726,9.0600000000000005,5.5,3.48,220.24337167110693,POWER_HOURLY_PAIRED_PRODUCT_DAILY_MEAN
SH-EN-ALERCE,2022-08-28,2022,240,-40.1726,13.25,4.5199999999999996,5.1500000000000004,243.7405337775983,POWER_HOURLY_PAIRED_PRODUCT_DAILY_MEAN
SH-EN-ALERCE,2022-08-29,2022,241,-40.1726,12.34,5.0999999999999996,6.2800000000000002,166.8267908399819,POWER_HOURLY_PAIRED_PRODUCT_DAILY_MEAN
SH-EN-ALERCE,2022-08-30,2022,242,-40.1726,9.6999999999999993,6.4100000000000001,6.3300000000000001,117.02655267070359,POWER_HOURLY_PAIRED_PRODUCT_DAILY_MEAN
SH-EN-ALERCE,2022-08-31,2022,243,-40.1726,9.4000000000000004,7.29,7.0800000000000001,90.071530966504497,POWER_HOURLY_PAIRED_PRODUCT_DAILY_MEAN
SH-EN-ALERCE,2022-09-01,2022,244,-40.1726,10.699999999999999,6.04,5.3799999999999999,214.86365948372904,POWER_HOURLY_PAIRED_PRODUCT_DAILY_MEAN
SH-EN-ALERCE,2022-09-02,2022,245,-40.1726,11.9,5.1799999999999997,4.9500000000000002,226.6046426216673,POWER_HOURLY_PAIRED_PRODUCT_DAILY_MEAN
SH-EN-ALERCE,2022-09-03,2022,246,-40.1726,11.619999999999999,6.1500000000000004,6.46,154.44652461040764,POWER_HOURLY_PAIRED_PRODUCT_DAILY_MEAN
SH-EN-ALERCE,2022-09-04,2022,247,-40.1726,12.23,7.1200000000000001,7.0499999999999998,153.89988106636585,POWER_HOURLY_PAIRED_PRODUCT_DAILY_MEAN
SH-EN-ALERCE,2022-09-05,2022,248,-40.1726,11.42,6.7199999999999998,6.9800000000000004,132.16633147276454,POWER_HOURLY_PAIRED_PRODUCT_DAILY_MEAN
SH-EN-ALERCE,2022-09-06,2022,249,-40.1726,10.779999999999999,8.7100000000000009,8.8699999999999992,77.57080699313525,POWER_HOURLY_PAIRED_PRODUCT_DAILY_MEAN
SH-EN-ALERCE,2022-09-07,2022,250,-40.1726,8.0299999999999994,6.1200000000000001,4.3499999999999996,163.16136097627145,POWER_HOURLY_PAIRED_PRODUCT_DAILY_MEAN
SH-EN-ALERCE,2022-09-08,2022,251,-40.1726,8.1699999999999999,5.3200000000000003,4.4699999999999998,148.71382589242108,POWER_HOURLY_PAIRED_PRODUCT_DAILY_MEAN
SH-EN-ALERCE,2022-09-09,2022,252,-40.1726,10,5.1500000000000004,4.7699999999999996,168.18160783098867,POWER_HOURLY_PAIRED_PRODUCT_DAILY_MEAN
SH-EN-ALERCE,2022-09-10,2022,253,-40.1726,12.01,6.1399999999999997,6.5499999999999998,173.22074598532666,POWER_HOURLY_PAIRED_PRODUCT_DAILY_MEAN
SH-EN-ALERCE,2022-09-11,2022,254,-40.1726,10.300000000000001,7.3200000000000003,6.9000000000000004,113.20551998301335,POWER_HOURLY_PAIRED_PRODUCT_DAILY_MEAN
SH-EN-ALERCE,2022-09-12,2022,255,-40.1726,11.19,7.5599999999999996,7.25,132.0887676236143,POWER_HOURLY_PAIRED_PRODUCT_DAILY_MEAN
SH-EN-ALERCE,2022-09-13,2022,256,-40.1726,10.109999999999999,8.1400000000000006,7.8200000000000003,104.32578076081832,POWER_HOURLY_PAIRED_PRODUCT_DAILY_MEAN
SH-EN-ALERCE,2022-09-14,2022,257,-40.1726,10.67,9.1799999999999997,8.9499999999999993,86.509244729399654,POWER_HOURLY_PAIRED_PRODUCT_DAILY_MEAN
SH-EN-ALERCE,2022-09-15,2022,258,-40.1726,10.970000000000001,5.3200000000000003,9.3000000000000007,40.573438934082574,POWER_HOURLY_PAIRED_PRODUCT_DAILY_MEAN
SH-EN-ALERCE,2022-09-16,2022,259,-40.1726,9.4499999999999993,4.2699999999999996,4.0099999999999998,151.03622847033083,POWER_HOURLY_PAIRED_PRODUCT_DAILY_MEAN
SH-EN-ALERCE,2022-09-17,2022,260,-40.1726,9.5600000000000005,4.6200000000000001,2.71,240.78986986014297,POWER_HOURLY_PAIRED_PRODUCT_DAILY_MEAN
SH-EN-ALERCE,2022-09-18,2022,261,-40.1726,7.9000000000000004,5.1600000000000001,3.0800000000000001,199.25198595118255,POWER_HOURLY_PAIRED_PRODUCT_DAILY_MEAN
SH-EN-ALERCE,2022-09-19,2022,262,-40.1726,8.4399999999999995,6,4.6500000000000004,150.63184903586372,POWER_HOURLY_PAIRED_PRODUCT_DAILY_MEAN
SH-EN-ALERCE,2022-09-20,2022,263,-40.1726,8.0800000000000001,5.7199999999999998,4.2999999999999998,148.00076426411366,POWER_HOURLY_PAIRED_PRODUCT_DAILY_MEAN
SH-EN-ALERCE,2022-09-21,2022,264,-40.1726,8.1899999999999995,5.7599999999999998,4.8799999999999999,123.48732570739504,POWER_HOURLY_PAIRED_PRODUCT_DAILY_MEAN
SH-EN-ALERCE,2022-09-22,2022,265,-40.1726,10.57,8.25,9.4100000000000001,31.898074525360954,POWER_HOURLY_PAIRED_PRODUCT_DAILY_MEAN
SH-EN-ALERCE,2022-09-23,2022,266,-40.1726,11,6.2699999999999996,6.4199999999999999,185.55400137103314,POWER_HOURLY_PAIRED_PRODUCT_DAILY_MEAN
SH-EN-ALERCE,2022-09-24,2022,267,-40.1726,11.26,5.1200000000000001,5.5999999999999996,173.26732095558523,POWER_HOURLY_PAIRED_PRODUCT_DAILY_MEAN
SH-EN-ALERCE,2022-09-25,2022,268,-40.1726,9.9199999999999999,6.8099999999999996,6.5700000000000003,138.18275511979377,POWER_HOURLY_PAIRED_PRODUCT_DAILY_MEAN
SH-EN-ALERCE,2022-09-26,2022,269,-40.1726,11.73,7.5199999999999996,7.54,183.47443394202512,POWER_HOURLY_PAIRED_PRODUCT_DAILY_MEAN
SH-EN-ALERCE,2022-09-27,2022,270,-40.1726,13.33,6.2000000000000002,6.25,254.19947482145585,POWER_HOURLY_PAIRED_PRODUCT_DAILY_MEAN
SH-EN-ALERCE,2022-09-28,2022,271,-40.1726,14.9,6.79,7.7000000000000002,241.8345039816156,POWER_HOURLY_PAIRED_PRODUCT_DAILY_MEAN
SH-EN-ALERCE,2022-09-29,2022,272,-40.1726,12.59,7.5300000000000002,7.7699999999999996,172.53784920152779,POWER_HOURLY_PAIRED_PRODUCT_DAILY_MEAN
SH-EN-ALERCE,2022-09-30,2022,273,-40.1726,11.92,8.7799999999999994,9.1199999999999992,96.830460176673682,POWER_HOURLY_PAIRED_PRODUCT_DAILY_MEAN
SH-EN-ALERCE,2022-10-01,2022,274,-40.1726,14.369999999999999,8.2699999999999996,7.7199999999999998,269.36202246530979,POWER_HOURLY_PAIRED_PRODUCT_DAILY_MEAN
SH-EN-ALERCE,2022-10-02,2022,275,-40.1726,13.98,8.8599999999999994,7.7300000000000004,227.20871859782176,POWER_HOURLY_PAIRED_PRODUCT_DAILY_MEAN
SH-EN-ALERCE,2022-10-03,2022,276,-40.1726,10.73,8.7100000000000009,8.1600000000000001,130.46100322539772,POWER_HOURLY_PAIRED_PRODUCT_DAILY_MEAN
SH-EN-ALERCE,2022-10-04,2022,277,-40.1726,11.550000000000001,7.9500000000000002,8.8900000000000006,113.56754293893466,POWER_HOURLY_PAIRED_PRODUCT_DAILY_MEAN
SH-EN-ALERCE,2022-10-05,2022,278,-40.1726,10.33,7.8600000000000003,7.8499999999999996,84.638294026871762,POWER_HOURLY_PAIRED_PRODUCT_DAILY_MEAN
SH-EN-ALERCE,2022-10-06,2022,279,-40.1726,11.359999999999999,8.5899999999999999,8.4900000000000002,123.28583045858637,POWER_HOURLY_PAIRED_PRODUCT_DAILY_MEAN
SH-EN-ALERCE,2022-10-07,2022,280,-40.1726,11.119999999999999,6.1600000000000001,6.54,181.95837480112584,POWER_HOURLY_PAIRED_PRODUCT_DAILY_MEAN
SH-EN-ALERCE,2022-10-08,2022,281,-40.1726,11.43,5.8399999999999999,4.0499999999999998,284.25765605439295,POWER_HOURLY_PAIRED_PRODUCT_DAILY_MEAN
SH-EN-ALERCE,2022-10-09,2022,282,-40.1726,11.52,5.2300000000000004,4.5499999999999998,254.46150482153686,POWER_HOURLY_PAIRED_PRODUCT_DAILY_MEAN
SH-EN-ALERCE,2022-10-10,2022,283,-40.1726,11.92,6.4900000000000002,5.5599999999999996,239.54859098052034,POWER_HOURLY_PAIRED_PRODUCT_DAILY_MEAN
SH-EN-ALERCE,2022-10-11,2022,284,-40.1726,10.51,7.2400000000000002,8.0199999999999996,79.821181363065492,POWER_HOURLY_PAIRED_PRODUCT_DAILY_MEAN
SH-EN-ALERCE,2022-10-12,2022,285,-40.1726,9.8699999999999992,5.1100000000000003,5.2999999999999998,216.60478919895218,POWER_HOURLY_PAIRED_PRODUCT_DAILY_MEAN
SH-EN-ALERCE,2022-10-13,2022,286,-40.1726,9.5199999999999996,3.8900000000000001,2.9199999999999999,242.95667395552368,POWER_HOURLY_PAIRED_PRODUCT_DAILY_MEAN
SH-EN-ALERCE,2022-10-14,2022,287,-40.1726,13.41,7.9900000000000002,7.7800000000000002,227.90841186715588,POWER_HOURLY_PAIRED_PRODUCT_DAILY_MEAN
SH-EN-ALERCE,2022-10-15,2022,288,-40.1726,14.9,7.7699999999999996,8.0099999999999998,254.61159844689669,POWER_HOURLY_PAIRED_PRODUCT_DAILY_MEAN
SH-EN-ALERCE,2022-10-16,2022,289,-40.1726,14.52,9.1799999999999997,9.4199999999999999,221.27934757933386,POWER_HOURLY_PAIRED_PRODUCT_DAILY_MEAN
SH-EN-ALERCE,2022-10-17,2022,290,-40.1726,19.41,11.81,9.5500000000000007,532.7979211887673,POWER_HOURLY_PAIRED_PRODUCT_DAILY_MEAN
SH-EN-ALERCE,2022-10-18,2022,291,-40.1726,16.710000000000001,9.2400000000000002,9.1500000000000004,306.28751842799159,POWER_HOURLY_PAIRED_PRODUCT_DAILY_MEAN
SH-EN-ALERCE,2022-10-19,2022,292,-40.1726,12.82,8.2699999999999996,8.3100000000000005,179.70292678846269,POWER_HOURLY_PAIRED_PRODUCT_DAILY_MEAN
SH-EN-ALERCE,2022-10-20,2022,293,-40.1726,11.869999999999999,7.5300000000000002,7.3099999999999996,199.74077022849943,POWER_HOURLY_PAIRED_PRODUCT_DAILY_MEAN
SH-EN-ALERCE,2022-10-21,2022,294,-40.1726,12.619999999999999,5.9800000000000004,4.4299999999999997,354.11103397542928,POWER_HOURLY_PAIRED_PRODUCT_DAILY_MEAN
SH-EN-ALERCE,2022-10-22,2022,295,-40.1726,13.31,6.0999999999999996,4.8700000000000001,321.27467581776506,POWER_HOURLY_PAIRED_PRODUCT_DAILY_MEAN
SH-EN-ALERCE,2022-10-23,2022,296,-40.1726,10.58,6.75,6.8300000000000001,173.54808732161507,POWER_HOURLY_PAIRED_PRODUCT_DAILY_MEAN
SH-EN-ALERCE,2022-10-24,2022,297,-40.1726,12.49,10.66,10.57,70.994235315977562,POWER_HOURLY_PAIRED_PRODUCT_DAILY_MEAN
SH-EN-ALERCE,2022-10-25,2022,298,-40.1726,13.08,10.17,10.210000000000001,127.39954988056449,POWER_HOURLY_PAIRED_PRODUCT_DAILY_MEAN
SH-EN-ALERCE,2022-10-26,2022,299,-40.1726,12.76,9.5299999999999994,7.6799999999999997,265.37278152898233,POWER_HOURLY_PAIRED_PRODUCT_DAILY_MEAN
SH-EN-ALERCE,2022-10-27,2022,300,-40.1726,12.140000000000001,9.5099999999999998,9.2300000000000004,152.12423152382743,POWER_HOURLY_PAIRED_PRODUCT_DAILY_MEAN
SH-EN-ALERCE,2022-10-28,2022,301,-40.1726,12.06,9.4299999999999997,8.5600000000000005,182.38935307061061,POWER_HOURLY_PAIRED_PRODUCT_DAILY_MEAN
SH-EN-ALERCE,2022-10-29,2022,302,-40.1726,11.640000000000001,7.3700000000000001,6.7800000000000002,207.0115854809784,POWER_HOURLY_PAIRED_PRODUCT_DAILY_MEAN
SH-EN-ALERCE,2022-10-30,2022,303,-40.1726,13.050000000000001,6.3600000000000003,4.3399999999999999,369.06527572877889,POWER_HOURLY_PAIRED_PRODUCT_DAILY_MEAN
SH-EN-ALERCE,2022-10-31,2022,304,-40.1726,15.24,6.1100000000000003,5.1699999999999999,418.63168248294409,POWER_HOURLY_PAIRED_PRODUCT_DAILY_MEAN
SH-EN-ALERCE,2022-11-01,2022,305,-40.1726,17.890000000000001,6.6699999999999999,6.4100000000000001,539.80252229894904,POWER_HOURLY_PAIRED_PRODUCT_DAILY_MEAN
SH-EN-ALERCE,2022-11-02,2022,306,-40.1726,22.440000000000001,8.9399999999999995,7.6399999999999997,774.17382495715162,POWER_HOURLY_PAIRED_PRODUCT_DAILY_MEAN
SH-EN-ALERCE,2022-11-03,2022,307,-40.1726,16.84,10.550000000000001,9.5800000000000001,339.33658626327951,POWER_HOURLY_PAIRED_PRODUCT_DAILY_MEAN
SH-EN-ALERCE,2022-11-04,2022,308,-40.1726,14.42,9.8100000000000005,9.4600000000000009,190.1207428308243,POWER_HOURLY_PAIRED_PRODUCT_DAILY_MEAN
SH-EN-ALERCE,2022-11-05,2022,309,-40.1726,12.6,8.7200000000000006,8.5199999999999996,174.35243792941409,POWER_HOURLY_PAIRED_PRODUCT_DAILY_MEAN
SH-EN-ALERCE,2022-11-06,2022,310,-40.1726,13.69,8.2699999999999996,7.2300000000000004,294.00987636425992,POWER_HOURLY_PAIRED_PRODUCT_DAILY_MEAN
SH-EN-ALERCE,2022-11-07,2022,311,-40.1726,16.190000000000001,8.3699999999999992,9.4600000000000009,289.01265688504378,POWER_HOURLY_PAIRED_PRODUCT_DAILY_MEAN
SH-EN-ALERCE,2022-11-08,2022,312,-40.1726,18.620000000000001,11.07,11.74,299.65671238429178,POWER_HOURLY_PAIRED_PRODUCT_DAILY_MEAN
SH-EN-ALERCE,2022-11-09,2022,313,-40.1726,14.6,11.16,10.960000000000001,127.53446379256222,POWER_HOURLY_PAIRED_PRODUCT_DAILY_MEAN
SH-EN-ALERCE,2022-11-10,2022,314,-40.1726,13.880000000000001,11.35,10.67,159.63746622358428,POWER_HOURLY_PAIRED_PRODUCT_DAILY_MEAN
SH-EN-ALERCE,2022-11-11,2022,315,-40.1726,13.6,11.32,11.029999999999999,119.77224574692598,POWER_HOURLY_PAIRED_PRODUCT_DAILY_MEAN
SH-EN-ALERCE,2022-11-12,2022,316,-40.1726,13.9,11.119999999999999,10.02,209.41740618300378,POWER_HOURLY_PAIRED_PRODUCT_DAILY_MEAN
SH-EN-ALERCE,2022-11-13,2022,317,-40.1726,14.19,11.449999999999999,11.07,147.46978845246613,POWER_HOURLY_PAIRED_PRODUCT_DAILY_MEAN
SH-EN-ALERCE,2022-11-14,2022,318,-40.1726,14.369999999999999,12.34,12.25,97.695137252267912,POWER_HOURLY_PAIRED_PRODUCT_DAILY_MEAN
SH-EN-ALERCE,2022-11-15,2022,319,-40.1726,15.09,12.26,12.029999999999999,151.82580370216127,POWER_HOURLY_PAIRED_PRODUCT_DAILY_MEAN
SH-EN-ALERCE,2022-11-16,2022,320,-40.1726,16.460000000000001,12.279999999999999,12.26,198.90691568086615,POWER_HOURLY_PAIRED_PRODUCT_DAILY_MEAN
SH-EN-ALERCE,2022-11-17,2022,321,-40.1726,17.34,12.710000000000001,12.68,198.09356922911002,POWER_HOURLY_PAIRED_PRODUCT_DAILY_MEAN
SH-EN-ALERCE,2022-11-18,2022,322,-40.1726,15.630000000000001,10.68,10.94,252.85144316831986,POWER_HOURLY_PAIRED_PRODUCT_DAILY_MEAN
SH-EN-ALERCE,2022-11-19,2022,323,-40.1726,14.06,8.7599999999999998,7.6799999999999997,310.35317615135642,POWER_HOURLY_PAIRED_PRODUCT_DAILY_MEAN
SH-EN-ALERCE,2022-11-20,2022,324,-40.1726,16.530000000000001,7.2599999999999998,4.5599999999999996,599.83693223405385,POWER_HOURLY_PAIRED_PRODUCT_DAILY_MEAN
SH-EN-ALERCE,2022-11-21,2022,325,-40.1726,17.510000000000002,8.4600000000000009,6.0300000000000002,617.25903019045279,POWER_HOURLY_PAIRED_PRODUCT_DAILY_MEAN
SH-EN-ALERCE,2022-11-22,2022,326,-40.1726,16.699999999999999,11.029999999999999,10.33,317.78539603512576,POWER_HOURLY_PAIRED_PRODUCT_DAILY_MEAN
SH-EN-ALERCE,2022-11-23,2022,327,-40.1726,15.109999999999999,12.029999999999999,12.24,135.57556450758352,POWER_HOURLY_PAIRED_PRODUCT_DAILY_MEAN
SH-EN-ALERCE,2022-11-24,2022,328,-40.1726,16.760000000000002,10.119999999999999,7.1200000000000001,542.72973721162782,POWER_HOURLY_PAIRED_PRODUCT_DAILY_MEAN
SH-EN-ALERCE,2022-11-25,2022,329,-40.1726,19.030000000000001,9.4199999999999999,7.9299999999999997,641.66289243286531,POWER_HOURLY_PAIRED_PRODUCT_DAILY_MEAN
SH-EN-ALERCE,2022-11-26,2022,330,-40.1726,20.84,12.26,9.0399999999999991,718.47337130463336,POWER_HOURLY_PAIRED_PRODUCT_DAILY_MEAN
SH-EN-ALERCE,2022-11-27,2022,331,-40.1726,23.309999999999999,12.199999999999999,9.4900000000000002,820.93472153703522,POWER_HOURLY_PAIRED_PRODUCT_DAILY_MEAN
SH-EN-ALERCE,2022-11-28,2022,332,-40.1726,17.690000000000001,11.49,10.369999999999999,343.52252773243549,POWER_HOURLY_PAIRED_PRODUCT_DAILY_MEAN
SH-EN-ALERCE,2022-11-29,2022,333,-40.1726,13.44,9.4199999999999999,9.8000000000000007,175.14559282386756,POWER_HOURLY_PAIRED_PRODUCT_DAILY_MEAN
SH-EN-ALERCE,2022-11-30,2022,334,-40.1726,14.359999999999999,7.2400000000000002,4.9500000000000002,468.40666198722994,POWER_HOURLY_PAIRED_PRODUCT_DAILY_MEAN
SH-EN-ALERCE,2022-12-01,2022,335,-40.1726,14.69,7.2400000000000002,5.6200000000000001,439.30876870618596,POWER_HOURLY_PAIRED_PRODUCT_DAILY_MEAN
SH-EN-ALERCE,2022-12-02,2022,336,-40.1726,14.84,9.7200000000000006,10.699999999999999,206.0226863361097,POWER_HOURLY_PAIRED_PRODUCT_DAILY_MEAN
SH-EN-ALERCE,2022-12-03,2022,337,-40.1726,15.300000000000001,11.029999999999999,11.109999999999999,197.38951018233521,POWER_HOURLY_PAIRED_PRODUCT_DAILY_MEAN
SH-EN-ALERCE,2022-12-04,2022,338,-40.1726,15.65,11.41,10.31,297.74374706957309,POWER_HOURLY_PAIRED_PRODUCT_DAILY_MEAN
SH-EN-ALERCE,2022-12-05,2022,339,-40.1726,15.68,11.970000000000001,12.279999999999999,170.74411722590472,POWER_HOURLY_PAIRED_PRODUCT_DAILY_MEAN
SH-EN-ALERCE,2022-12-06,2022,340,-40.1726,17.260000000000002,12.33,12.01,296.97589155159977,POWER_HOURLY_PAIRED_PRODUCT_DAILY_MEAN
SH-EN-ALERCE,2022-12-07,2022,341,-40.1726,16.309999999999999,13.43,13.609999999999999,149.89295520218295,POWER_HOURLY_PAIRED_PRODUCT_DAILY_MEAN
SH-EN-ALERCE,2022-12-08,2022,342,-40.1726,16.579999999999998,14.32,13.27,226.18743595581122,POWER_HOURLY_PAIRED_PRODUCT_DAILY_MEAN
SH-EN-ALERCE,2022-12-09,2022,343,-40.1726,16.73,12.69,11.470000000000001,335.61512718538262,POWER_HOURLY_PAIRED_PRODUCT_DAILY_MEAN
SH-EN-ALERCE,2022-12-10,2022,344,-40.1726,17.649999999999999,12.98,10.83,444.73494538774872,POWER_HOURLY_PAIRED_PRODUCT_DAILY_MEAN
SH-EN-ALERCE,2022-12-11,2022,345,-40.1726,15.710000000000001,12.119999999999999,10.08,359.1184271174123,POWER_HOURLY_PAIRED_PRODUCT_DAILY_MEAN
SH-EN-ALERCE,2022-12-12,2022,346,-40.1726,16.07,11.73,9.9399999999999995,384.88564037765241,POWER_HOURLY_PAIRED_PRODUCT_DAILY_MEAN
SH-EN-ALERCE,2022-12-13,2022,347,-40.1726,17.02,11.99,11.77,292.18170869546196,POWER_HOURLY_PAIRED_PRODUCT_DAILY_MEAN
SH-EN-ALERCE,2022-12-14,2022,348,-40.1726,16.93,12.199999999999999,11.460000000000001,300.44964678750995,POWER_HOURLY_PAIRED_PRODUCT_DAILY_MEAN
SH-EN-ALERCE,2022-12-15,2022,349,-40.1726,19,11.140000000000001,8.3399999999999999,670.07378381672868,POWER_HOURLY_PAIRED_PRODUCT_DAILY_MEAN
SH-EN-ALERCE,2022-12-16,2022,350,-40.1726,20.370000000000001,11.07,8.7100000000000009,614.84591526675126,POWER_HOURLY_PAIRED_PRODUCT_DAILY_MEAN
SH-EN-ALERCE,2022-12-17,2022,351,-40.1726,17.359999999999999,11.449999999999999,11.27,307.44867939503462,POWER_HOURLY_PAIRED_PRODUCT_DAILY_MEAN
SH-EN-ALERCE,2022-12-18,2022,352,-40.1726,17.199999999999999,10.58,8.8200000000000003,475.37751368497447,POWER_HOURLY_PAIRED_PRODUCT_DAILY_MEAN
SH-EN-ALERCE,2022-12-19,2022,353,-40.1726,15.710000000000001,11.01,9.6199999999999992,392.77646932742323,POWER_HOURLY_PAIRED_PRODUCT_DAILY_MEAN
SH-EN-ALERCE,2022-12-20,2022,354,-40.1726,16.510000000000002,12.83,12.609999999999999,204.7725546793921,POWER_HOURLY_PAIRED_PRODUCT_DAILY_MEAN
SH-EN-ALERCE,2022-12-21,2022,355,-40.1726,16.559999999999999,14.69,13.82,192.69761773924697,POWER_HOURLY_PAIRED_PRODUCT_DAILY_MEAN
SH-EN-ALERCE,2022-12-22,2022,356,-40.1726,15.720000000000001,11.32,10.02,385.90258594666329,POWER_HOURLY_PAIRED_PRODUCT_DAILY_MEAN
SH-EN-ALERCE,2022-12-23,2022,357,-40.1726,16.039999999999999,10.52,6.3899999999999997,575.23434240804534,POWER_HOURLY_PAIRED_PRODUCT_DAILY_MEAN
SH-EN-ALERCE,2022-12-24,2022,358,-40.1726,21.18,8.6300000000000008,6.6600000000000001,845.69138943021198,POWER_HOURLY_PAIRED_PRODUCT_DAILY_MEAN
SH-EN-ALERCE,2022-12-25,2022,359,-40.1726,23.969999999999999,12.699999999999999,9.3300000000000001,1018.4603871278508,POWER_HOURLY_PAIRED_PRODUCT_DAILY_MEAN
SH-EN-ALERCE,2022-12-26,2022,360,-40.1726,19.390000000000001,12.43,10.35,548.29334173157042,POWER_HOURLY_PAIRED_PRODUCT_DAILY_MEAN
SH-EN-ALERCE,2022-12-27,2022,361,-40.1726,16.149999999999999,8.7899999999999991,5.7699999999999996,555.06792764223439,POWER_HOURLY_PAIRED_PRODUCT_DAILY_MEAN
SH-EN-ALERCE,2022-12-28,2022,362,-40.1726,16.879999999999999,8.7799999999999994,6.2400000000000002,568.00685603512818,POWER_HOURLY_PAIRED_PRODUCT_DAILY_MEAN
SH-EN-ALERCE,2022-12-29,2022,363,-40.1726,18.809999999999999,8.9199999999999999,8.2100000000000009,527.58208454578778,POWER_HOURLY_PAIRED_PRODUCT_DAILY_MEAN
SH-EN-ALERCE,2022-12-30,2022,364,-40.1726,17.23,10.380000000000001,9.2200000000000006,425.1633005205544,POWER_HOURLY_PAIRED_PRODUCT_DAILY_MEAN
SH-EN-ALERCE,2022-12-31,2022,365,-40.1726,15.92,10.550000000000001,9.9499999999999993,297.00564005832638,POWER_HOURLY_PAIRED_PRODUCT_DAILY_MEAN
SH-EN-ALERCE,2023-01-01,2023,1,-40.1726,15.890000000000001,9.9499999999999993,9.1500000000000004,336.31439764975437,POWER_HOURLY_PAIRED_PRODUCT_DAILY_MEAN
SH-EN-ALERCE,2023-01-02,2023,2,-40.1726,13.73,9.9399999999999995,9.4600000000000009,248.4505915546863,POWER_HOURLY_PAIRED_PRODUCT_DAILY_MEAN
SH-EN-ALERCE,2023-01-03,2023,3,-40.1726,17.379999999999999,10.630000000000001,9.9700000000000006,400.07754448286846,POWER_HOURLY_PAIRED_PRODUCT_DAILY_MEAN
SH-EN-ALERCE,2023-01-04,2023,4,-40.1726,20.809999999999999,12.27,11.73,512.30805189881403,POWER_HOURLY_PAIRED_PRODUCT_DAILY_MEAN
SH-EN-ALERCE,2023-01-05,2023,5,-40.1726,18.710000000000001,11.42,10.220000000000001,473.48707410872498,POWER_HOURLY_PAIRED_PRODUCT_DAILY_MEAN
SH-EN-ALERCE,2023-01-06,2023,6,-40.1726,16.890000000000001,10.99,10.06,378.5752876879622,POWER_HOURLY_PAIRED_PRODUCT_DAILY_MEAN
SH-EN-ALERCE,2023-01-07,2023,7,-40.1726,16.760000000000002,11.529999999999999,11.039999999999999,264.40703438950322,POWER_HOURLY_PAIRED_PRODUCT_DAILY_MEAN
SH-EN-ALERCE,2023-01-08,2023,8,-40.1726,17.199999999999999,12.039999999999999,12.470000000000001,205.322368442998,POWER_HOURLY_PAIRED_PRODUCT_DAILY_MEAN
SH-EN-ALERCE,2023-01-09,2023,9,-40.1726,15.789999999999999,12.17,12.460000000000001,155.14283709319861,POWER_HOURLY_PAIRED_PRODUCT_DAILY_MEAN
SH-EN-ALERCE,2023-01-10,2023,10,-40.1726,14.92,10.390000000000001,7.6100000000000003,416.06895303956304,POWER_HOURLY_PAIRED_PRODUCT_DAILY_MEAN
SH-EN-ALERCE,2023-01-11,2023,11,-40.1726,15.6,8.9900000000000002,7.2400000000000002,429.49748780518485,POWER_HOURLY_PAIRED_PRODUCT_DAILY_MEAN
SH-EN-ALERCE,2023-01-12,2023,12,-40.1726,16.23,9.5,7.6399999999999997,447.19908616167845,POWER_HOURLY_PAIRED_PRODUCT_DAILY_MEAN
SH-EN-ALERCE,2023-01-13,2023,13,-40.1726,16.530000000000001,10.220000000000001,8.6999999999999993,376.03641400233965,POWER_HOURLY_PAIRED_PRODUCT_DAILY_MEAN
SH-EN-ALERCE,2023-01-14,2023,14,-40.1726,15.41,10.09,9.7699999999999996,286.459973834913,POWER_HOURLY_PAIRED_PRODUCT_DAILY_MEAN
SH-EN-ALERCE,2023-01-15,2023,15,-40.1726,17.18,9.5500000000000007,7.25,542.3165781264637,POWER_HOURLY_PAIRED_PRODUCT_DAILY_MEAN
SH-EN-ALERCE,2023-01-16,2023,16,-40.1726,18.030000000000001,9.9000000000000004,8.1099999999999994,499.36332805012722,POWER_HOURLY_PAIRED_PRODUCT_DAILY_MEAN
SH-EN-ALERCE,2023-01-17,2023,17,-40.1726,18.420000000000002,10.32,8.8200000000000003,510.70682614909219,POWER_HOURLY_PAIRED_PRODUCT_DAILY_MEAN
SH-EN-ALERCE,2023-01-18,2023,18,-40.1726,22.129999999999999,11.65,8.4299999999999997,824.5533820238835,POWER_HOURLY_PAIRED_PRODUCT_DAILY_MEAN
SH-EN-ALERCE,2023-01-19,2023,19,-40.1726,21.780000000000001,12.73,10.83,533.12550052089762,POWER_HOURLY_PAIRED_PRODUCT_DAILY_MEAN
SH-EN-ALERCE,2023-01-20,2023,20,-40.1726,15.75,11.609999999999999,11.74,201.82376883641436,POWER_HOURLY_PAIRED_PRODUCT_DAILY_MEAN
SH-EN-ALERCE,2023-01-21,2023,21,-40.1726,16.550000000000001,11.619999999999999,12.73,170.21363857625082,POWER_HOURLY_PAIRED_PRODUCT_DAILY_MEAN
SH-EN-ALERCE,2023-01-22,2023,22,-40.1726,17.920000000000002,12.880000000000001,13.289999999999999,249.32000166635137,POWER_HOURLY_PAIRED_PRODUCT_DAILY_MEAN
SH-EN-ALERCE,2023-01-23,2023,23,-40.1726,17.469999999999999,12.970000000000001,13.77,198.82928254181067,POWER_HOURLY_PAIRED_PRODUCT_DAILY_MEAN
SH-EN-ALERCE,2023-01-24,2023,24,-40.1726,16.530000000000001,11.25,8.5500000000000007,490.89225664572922,POWER_HOURLY_PAIRED_PRODUCT_DAILY_MEAN
SH-EN-ALERCE,2023-01-25,2023,25,-40.1726,16.530000000000001,11.42,9.3599999999999994,423.79365094278427,POWER_HOURLY_PAIRED_PRODUCT_DAILY_MEAN
SH-EN-ALERCE,2023-01-26,2023,26,-40.1726,16.969999999999999,11.24,10.19,404.10385744156952,POWER_HOURLY_PAIRED_PRODUCT_DAILY_MEAN
SH-EN-ALERCE,2023-01-27,2023,27,-40.1726,17.739999999999998,10.609999999999999,8.4900000000000002,523.84440689142855,POWER_HOURLY_PAIRED_PRODUCT_DAILY_MEAN
SH-EN-ALERCE,2023-01-28,2023,28,-40.1726,20.77,11.19,10.81,599.00847291760385,POWER_HOURLY_PAIRED_PRODUCT_DAILY_MEAN
SH-EN-ALERCE,2023-01-29,2023,29,-40.1726,19.949999999999999,13.789999999999999,13.460000000000001,334.47006568499211,POWER_HOURLY_PAIRED_PRODUCT_DAILY_MEAN
SH-EN-ALERCE,2023-01-30,2023,30,-40.1726,18.350000000000001,12.51,10.539999999999999,520.36350868132638,POWER_HOURLY_PAIRED_PRODUCT_DAILY_MEAN
SH-EN-ALERCE,2023-01-31,2023,31,-40.1726,19,10.4,7.6600000000000001,622.85086660611307,POWER_HOURLY_PAIRED_PRODUCT_DAILY_MEAN
SH-EN-ALERCE,2023-02-01,2023,32,-40.1726,17.489999999999998,9.5399999999999991,7.3099999999999996,546.24510908886919,POWER_HOURLY_PAIRED_PRODUCT_DAILY_MEAN
SH-EN-ALERCE,2023-02-02,2023,33,-40.1726,19.550000000000001,10.41,9.9499999999999993,551.5250549165778,POWER_HOURLY_PAIRED_PRODUCT_DAILY_MEAN
SH-EN-ALERCE,2023-02-03,2023,34,-40.1726,23.300000000000001,13.859999999999999,10.31,921.30630616009842,POWER_HOURLY_PAIRED_PRODUCT_DAILY_MEAN
SH-EN-ALERCE,2023-02-04,2023,35,-40.1726,25.539999999999999,14.539999999999999,10.640000000000001,1051.1705075536718,POWER_HOURLY_PAIRED_PRODUCT_DAILY_MEAN
SH-EN-ALERCE,2023-02-05,2023,36,-40.1726,18.739999999999998,12.220000000000001,12.470000000000001,336.92521661594651,POWER_HOURLY_PAIRED_PRODUCT_DAILY_MEAN
SH-EN-ALERCE,2023-02-06,2023,37,-40.1726,19.609999999999999,11.09,8.6300000000000008,653.13136810244123,POWER_HOURLY_PAIRED_PRODUCT_DAILY_MEAN
SH-EN-ALERCE,2023-02-07,2023,38,-40.1726,19.420000000000002,11.43,9.9499999999999993,547.60785711110066,POWER_HOURLY_PAIRED_PRODUCT_DAILY_MEAN
SH-EN-ALERCE,2023-02-08,2023,39,-40.1726,19.609999999999999,12.49,12.550000000000001,338.97934217468077,POWER_HOURLY_PAIRED_PRODUCT_DAILY_MEAN
SH-EN-ALERCE,2023-02-09,2023,40,-40.1726,17.710000000000001,13.630000000000001,14.23,200.63886440675375,POWER_HOURLY_PAIRED_PRODUCT_DAILY_MEAN
SH-EN-ALERCE,2023-02-10,2023,41,-40.1726,17.199999999999999,13.210000000000001,12.85,247.70516938347964,POWER_HOURLY_PAIRED_PRODUCT_DAILY_MEAN
SH-EN-ALERCE,2023-02-11,2023,42,-40.1726,17.199999999999999,12.050000000000001,12.01,302.92060592104849,POWER_HOURLY_PAIRED_PRODUCT_DAILY_MEAN
SH-EN-ALERCE,2023-02-12,2023,43,-40.1726,16.420000000000002,12.859999999999999,12.77,202.75599982261892,POWER_HOURLY_PAIRED_PRODUCT_DAILY_MEAN
SH-EN-ALERCE,2023-02-13,2023,44,-40.1726,16.120000000000001,12.73,10.58,346.85953944903821,POWER_HOURLY_PAIRED_PRODUCT_DAILY_MEAN
SH-EN-ALERCE,2023-02-14,2023,45,-40.1726,15.4,12.84,10.85,301.7990885596227,POWER_HOURLY_PAIRED_PRODUCT_DAILY_MEAN
SH-EN-ALERCE,2023-02-15,2023,46,-40.1726,16.219999999999999,11.01,9.8599999999999994,389.18823015853627,POWER_HOURLY_PAIRED_PRODUCT_DAILY_MEAN
SH-EN-ALERCE,2023-02-16,2023,47,-40.1726,16.309999999999999,9.1699999999999999,4.2699999999999996,657.45996136398946,POWER_HOURLY_PAIRED_PRODUCT_DAILY_MEAN
SH-EN-ALERCE,2023-02-17,2023,48,-40.1726,19.27,9.4199999999999999,3.3199999999999998,912.10605608649166,POWER_HOURLY_PAIRED_PRODUCT_DAILY_MEAN
SH-EN-ALERCE,2023-02-18,2023,49,-40.1726,18.77,10.880000000000001,8.4900000000000002,580.70277613103951,POWER_HOURLY_PAIRED_PRODUCT_DAILY_MEAN
SH-EN-ALERCE,2023-02-19,2023,50,-40.1726,16.460000000000001,11.85,9.6600000000000001,408.4848629059548,POWER_HOURLY_PAIRED_PRODUCT_DAILY_MEAN
SH-EN-ALERCE,2023-02-20,2023,51,-40.1726,18.449999999999999,9.2599999999999998,6.6299999999999999,646.8677059947405,POWER_HOURLY_PAIRED_PRODUCT_DAILY_MEAN
SH-EN-ALERCE,2023-02-21,2023,52,-40.1726,17.890000000000001,10.08,8.0600000000000005,538.20780402641515,POWER_HOURLY_PAIRED_PRODUCT_DAILY_MEAN
SH-EN-ALERCE,2023-02-22,2023,53,-40.1726,16.93,10.539999999999999,11.74,216.87761803846968,POWER_HOURLY_PAIRED_PRODUCT_DAILY_MEAN
SH-EN-ALERCE,2023-02-23,2023,54,-40.1726,17.920000000000002,10.99,11.140000000000001,322.54333724906132,POWER_HOURLY_PAIRED_PRODUCT_DAILY_MEAN
SH-EN-ALERCE,2023-02-24,2023,55,-40.1726,16.07,10.26,11.93,171.10537488740684,POWER_HOURLY_PAIRED_PRODUCT_DAILY_MEAN
SH-EN-ALERCE,2023-02-25,2023,56,-40.1726,15.5,11.199999999999999,8.7100000000000009,420.48286657017633,POWER_HOURLY_PAIRED_PRODUCT_DAILY_MEAN
SH-EN-ALERCE,2023-02-26,2023,57,-40.1726,16.670000000000002,9.9900000000000002,8.7200000000000006,418.00711069318186,POWER_HOURLY_PAIRED_PRODUCT_DAILY_MEAN
SH-EN-ALERCE,2023-02-27,2023,58,-40.1726,19.07,10.43,9.5899999999999999,493.63389133197217,POWER_HOURLY_PAIRED_PRODUCT_DAILY_MEAN
SH-EN-ALERCE,2023-02-28,2023,59,-40.1726,18.079999999999998,11.630000000000001,12.66,230.40249217763525,POWER_HOURLY_PAIRED_PRODUCT_DAILY_MEAN
SH-EN-ALERCE,2023-03-01,2023,60,-40.1726,16.359999999999999,11.789999999999999,11.07,279.29032385571344,POWER_HOURLY_PAIRED_PRODUCT_DAILY_MEAN
SH-EN-ALERCE,2023-03-02,2023,61,-40.1726,17.920000000000002,11.83,11.52,319.1072525498173,POWER_HOURLY_PAIRED_PRODUCT_DAILY_MEAN
SH-EN-ALERCE,2023-03-03,2023,62,-40.1726,17.129999999999999,11.619999999999999,10.41,364.27597455041604,POWER_HOURLY_PAIRED_PRODUCT_DAILY_MEAN
SH-EN-ALERCE,2023-03-04,2023,63,-40.1726,17.239999999999998,9.4299999999999997,6.6699999999999999,560.93842846042355,POWER_HOURLY_PAIRED_PRODUCT_DAILY_MEAN
SH-EN-ALERCE,2023-03-05,2023,64,-40.1726,19.039999999999999,12.699999999999999,13.539999999999999,210.97248480263033,POWER_HOURLY_PAIRED_PRODUCT_DAILY_MEAN
SH-EN-ALERCE,2023-03-06,2023,65,-40.1726,15.77,12.33,13.550000000000001,103.55769281862119,POWER_HOURLY_PAIRED_PRODUCT_DAILY_MEAN
SH-EN-ALERCE,2023-03-07,2023,66,-40.1726,18.100000000000001,10.710000000000001,10,295.31222870148412,POWER_HOURLY_PAIRED_PRODUCT_DAILY_MEAN
SH-EN-ALERCE,2023-03-08,2023,67,-40.1726,15.65,11.48,9.4900000000000002,339.92421149083754,POWER_HOURLY_PAIRED_PRODUCT_DAILY_MEAN
SH-EN-ALERCE,2023-03-09,2023,68,-40.1726,15.19,12.029999999999999,10.880000000000001,252.87842062882658,POWER_HOURLY_PAIRED_PRODUCT_DAILY_MEAN
SH-EN-ALERCE,2023-03-10,2023,69,-40.1726,16.370000000000001,12.16,11.800000000000001,226.24189750382399,POWER_HOURLY_PAIRED_PRODUCT_DAILY_MEAN
SH-EN-ALERCE,2023-03-11,2023,70,-40.1726,15.69,13.529999999999999,13.73,91.041563832143694,POWER_HOURLY_PAIRED_PRODUCT_DAILY_MEAN
SH-EN-ALERCE,2023-03-12,2023,71,-40.1726,14.949999999999999,12.300000000000001,12.449999999999999,144.7857615624232,POWER_HOURLY_PAIRED_PRODUCT_DAILY_MEAN
SH-EN-ALERCE,2023-03-13,2023,72,-40.1726,16.719999999999999,11.779999999999999,10.34,347.57329295558253,POWER_HOURLY_PAIRED_PRODUCT_DAILY_MEAN
SH-EN-ALERCE,2023-03-14,2023,73,-40.1726,15.42,13.07,12.67,156.74310850150223,POWER_HOURLY_PAIRED_PRODUCT_DAILY_MEAN
SH-EN-ALERCE,2023-03-15,2023,74,-40.1726,14.609999999999999,11.24,10.15,238.72955337850973,POWER_HOURLY_PAIRED_PRODUCT_DAILY_MEAN
SH-EN-ALERCE,2023-03-16,2023,75,-40.1726,14.91,10.98,8.9299999999999997,286.79535503277339,POWER_HOURLY_PAIRED_PRODUCT_DAILY_MEAN
SH-EN-ALERCE,2023-03-17,2023,76,-40.1726,14.19,9.6600000000000001,6.2199999999999998,445.36382424159228,POWER_HOURLY_PAIRED_PRODUCT_DAILY_MEAN
SH-EN-ALERCE,2023-03-18,2023,77,-40.1726,17.780000000000001,8.3000000000000007,6.7000000000000002,550.19238683905121,POWER_HOURLY_PAIRED_PRODUCT_DAILY_MEAN
SH-EN-ALERCE,2023-03-19,2023,78,-40.1726,17.039999999999999,9.6300000000000008,7.3499999999999996,476.25445372845479,POWER_HOURLY_PAIRED_PRODUCT_DAILY_MEAN
SH-EN-ALERCE,2023-03-20,2023,79,-40.1726,17.48,10.119999999999999,8.0999999999999996,494.06650624412686,POWER_HOURLY_PAIRED_PRODUCT_DAILY_MEAN
SH-EN-ALERCE,2023-03-21,2023,80,-40.1726,17.879999999999999,9.75,7.7300000000000004,505.25324520515295,POWER_HOURLY_PAIRED_PRODUCT_DAILY_MEAN
SH-EN-ALERCE,2023-03-22,2023,81,-40.1726,17.57,9.0999999999999996,6.8499999999999996,533.65869435218394,POWER_HOURLY_PAIRED_PRODUCT_DAILY_MEAN
SH-EN-ALERCE,2023-03-23,2023,82,-40.1726,18.739999999999998,8.0299999999999994,6.6299999999999999,552.3808346588595,POWER_HOURLY_PAIRED_PRODUCT_DAILY_MEAN
SH-EN-ALERCE,2023-03-24,2023,83,-40.1726,16.879999999999999,9.5999999999999996,9.2200000000000006,330.88670342673458,POWER_HOURLY_PAIRED_PRODUCT_DAILY_MEAN
SH-EN-ALERCE,2023-03-25,2023,84,-40.1726,16.920000000000002,9.5199999999999996,6.0700000000000003,558.32316194652094,POWER_HOURLY_PAIRED_PRODUCT_DAILY_MEAN
SH-EN-ALERCE,2023-03-26,2023,85,-40.1726,17.82,8.3399999999999999,5.6399999999999997,513.05585080344395,POWER_HOURLY_PAIRED_PRODUCT_DAILY_MEAN
SH-EN-ALERCE,2023-03-27,2023,86,-40.1726,12.85,8.5399999999999991,9.4000000000000004,138.69542695720173,POWER_HOURLY_PAIRED_PRODUCT_DAILY_MEAN
SH-EN-ALERCE,2023-03-28,2023,87,-40.1726,12.800000000000001,8.7300000000000004,7.7699999999999996,257.17002585091717,POWER_HOURLY_PAIRED_PRODUCT_DAILY_MEAN
SH-EN-ALERCE,2023-03-29,2023,88,-40.1726,12.84,8.8000000000000007,5,413.78763840586498,POWER_HOURLY_PAIRED_PRODUCT_DAILY_MEAN
SH-EN-ALERCE,2023-03-30,2023,89,-40.1726,13.4,9.75,8.1999999999999993,273.76605263284722,POWER_HOURLY_PAIRED_PRODUCT_DAILY_MEAN
SH-EN-ALERCE,2023-03-31,2023,90,-40.1726,14.52,8.6799999999999997,5.4000000000000004,454.31089027421405,POWER_HOURLY_PAIRED_PRODUCT_DAILY_MEAN
SH-EN-ALERCE,2023-04-01,2023,91,-40.1726,15.109999999999999,10.27,11.619999999999999,134.22009032028134,POWER_HOURLY_PAIRED_PRODUCT_DAILY_MEAN
SH-EN-ALERCE,2023-04-02,2023,92,-40.1726,14.800000000000001,9.0800000000000001,8.1899999999999995,271.24429430995144,POWER_HOURLY_PAIRED_PRODUCT_DAILY_MEAN
SH-EN-ALERCE,2023-04-03,2023,93,-40.1726,15.19,7.8200000000000003,8.0700000000000003,272.6774318895927,POWER_HOURLY_PAIRED_PRODUCT_DAILY_MEAN
SH-EN-ALERCE,2023-04-04,2023,94,-40.1726,17.149999999999999,9.7300000000000004,9.5500000000000007,307.39667696786154,POWER_HOURLY_PAIRED_PRODUCT_DAILY_MEAN
SH-EN-ALERCE,2023-04-05,2023,95,-40.1726,13.93,12.109999999999999,12.48,67.164892240821672,POWER_HOURLY_PAIRED_PRODUCT_DAILY_MEAN
SH-EN-ALERCE,2023-04-06,2023,96,-40.1726,14.17,9.25,8.6500000000000004,255.20212783144351,POWER_HOURLY_PAIRED_PRODUCT_DAILY_MEAN
SH-EN-ALERCE,2023-04-07,2023,97,-40.1726,16.550000000000001,9.0600000000000005,7.8600000000000003,405.73020040097572,POWER_HOURLY_PAIRED_PRODUCT_DAILY_MEAN
SH-EN-ALERCE,2023-04-08,2023,98,-40.1726,16.620000000000001,8.5800000000000001,7.3899999999999997,397.54221276734614,POWER_HOURLY_PAIRED_PRODUCT_DAILY_MEAN
SH-EN-ALERCE,2023-04-09,2023,99,-40.1726,14.9,11.130000000000001,10.880000000000001,190.52088801722184,POWER_HOURLY_PAIRED_PRODUCT_DAILY_MEAN
SH-EN-ALERCE,2023-04-10,2023,100,-40.1726,16.879999999999999,12.99,13.779999999999999,77.772634993761059,POWER_HOURLY_PAIRED_PRODUCT_DAILY_MEAN
SH-EN-ALERCE,2023-04-11,2023,101,-40.1726,15.699999999999999,11.640000000000001,13.039999999999999,95.006537037150295,POWER_HOURLY_PAIRED_PRODUCT_DAILY_MEAN
SH-EN-ALERCE,2023-04-12,2023,102,-40.1726,19.059999999999999,10.9,9.2899999999999991,537.33196054399116,POWER_HOURLY_PAIRED_PRODUCT_DAILY_MEAN
SH-EN-ALERCE,2023-04-13,2023,103,-40.1726,17.390000000000001,12.220000000000001,8.8399999999999999,493.54339478722733,POWER_HOURLY_PAIRED_PRODUCT_DAILY_MEAN
SH-EN-ALERCE,2023-04-14,2023,104,-40.1726,15.19,9.3200000000000003,6.1399999999999997,498.33943928599592,POWER_HOURLY_PAIRED_PRODUCT_DAILY_MEAN
SH-EN-ALERCE,2023-04-15,2023,105,-40.1726,16.350000000000001,8.1500000000000004,5.8099999999999996,467.72190040705988,POWER_HOURLY_PAIRED_PRODUCT_DAILY_MEAN
SH-EN-ALERCE,2023-04-16,2023,106,-40.1726,12.9,8.0700000000000003,6.79,238.6239226297686,POWER_HOURLY_PAIRED_PRODUCT_DAILY_MEAN
SH-EN-ALERCE,2023-04-17,2023,107,-40.1726,11.23,8.1400000000000006,6.3399999999999999,237.01870143102784,POWER_HOURLY_PAIRED_PRODUCT_DAILY_MEAN
SH-EN-ALERCE,2023-04-18,2023,108,-40.1726,12.550000000000001,10.66,10.26,119.15979635556658,POWER_HOURLY_PAIRED_PRODUCT_DAILY_MEAN
SH-EN-ALERCE,2023-04-19,2023,109,-40.1726,16.68,11.44,11.83,185.76441246225173,POWER_HOURLY_PAIRED_PRODUCT_DAILY_MEAN
SH-EN-ALERCE,2023-04-20,2023,110,-40.1726,16.690000000000001,12.07,11.380000000000001,222.51287051698282,POWER_HOURLY_PAIRED_PRODUCT_DAILY_MEAN
SH-EN-ALERCE,2023-04-21,2023,111,-40.1726,13.949999999999999,10.57,11.140000000000001,98.874118809536753,POWER_HOURLY_PAIRED_PRODUCT_DAILY_MEAN
SH-EN-ALERCE,2023-04-22,2023,112,-40.1726,15.18,9.1999999999999993,8.5800000000000001,267.81327189146896,POWER_HOURLY_PAIRED_PRODUCT_DAILY_MEAN
SH-EN-ALERCE,2023-04-23,2023,113,-40.1726,15.279999999999999,7.9299999999999997,7.9500000000000002,249.66869266576825,POWER_HOURLY_PAIRED_PRODUCT_DAILY_MEAN
SH-EN-ALERCE,2023-04-24,2023,114,-40.1726,12.48,8.9100000000000001,8.4900000000000002,140.68258630133667,POWER_HOURLY_PAIRED_PRODUCT_DAILY_MEAN
SH-EN-ALERCE,2023-04-25,2023,115,-40.1726,11.67,9.4900000000000002,9.9399999999999995,62.509015116620994,POWER_HOURLY_PAIRED_PRODUCT_DAILY_MEAN
SH-EN-ALERCE,2023-04-26,2023,116,-40.1726,13.970000000000001,9.7100000000000009,9.3800000000000008,169.26969152210407,POWER_HOURLY_PAIRED_PRODUCT_DAILY_MEAN
SH-EN-ALERCE,2023-04-27,2023,117,-40.1726,12.720000000000001,9.9600000000000009,10.859999999999999,67.763877282697564,POWER_HOURLY_PAIRED_PRODUCT_DAILY_MEAN
SH-EN-ALERCE,2023-04-28,2023,118,-40.1726,14.84,12.449999999999999,11.880000000000001,133.00170030252954,POWER_HOURLY_PAIRED_PRODUCT_DAILY_MEAN
SH-EN-ALERCE,2023-04-29,2023,119,-40.1726,13.289999999999999,11.119999999999999,8.8399999999999999,309.40384781474523,POWER_HOURLY_PAIRED_PRODUCT_DAILY_MEAN
SH-EN-ALERCE,2023-04-30,2023,120,-40.1726,11.23,8.6400000000000006,6.1100000000000003,291.29790384362173,POWER_HOURLY_PAIRED_PRODUCT_DAILY_MEAN
SH-EN-ALERCE,2023-05-01,2023,121,-40.1726,11.94,9.1300000000000008,6.8399999999999999,267.77780826351363,POWER_HOURLY_PAIRED_PRODUCT_DAILY_MEAN
SH-EN-ALERCE,2023-05-02,2023,122,-40.1726,13.210000000000001,8.0099999999999998,7.2000000000000002,265.57776063360177,POWER_HOURLY_PAIRED_PRODUCT_DAILY_MEAN
SH-EN-ALERCE,2023-05-03,2023,123,-40.1726,13.109999999999999,7.1900000000000004,7.0099999999999998,215.91428751455874,POWER_HOURLY_PAIRED_PRODUCT_DAILY_MEAN
SH-EN-ALERCE,2023-05-04,2023,124,-40.1726,13.529999999999999,9.3900000000000006,9.5600000000000005,120.20916586270774,POWER_HOURLY_PAIRED_PRODUCT_DAILY_MEAN
SH-EN-ALERCE,2023-05-05,2023,125,-40.1726,15.59,9.4100000000000001,9.1500000000000004,241.84599616400905,POWER_HOURLY_PAIRED_PRODUCT_DAILY_MEAN
SH-EN-ALERCE,2023-05-06,2023,126,-40.1726,14.92,9.6999999999999993,9.7200000000000006,188.94322125284489,POWER_HOURLY_PAIRED_PRODUCT_DAILY_MEAN
SH-EN-ALERCE,2023-05-07,2023,127,-40.1726,13.01,7.0899999999999999,6.4000000000000004,288.70078084598248,POWER_HOURLY_PAIRED_PRODUCT_DAILY_MEAN
SH-EN-ALERCE,2023-05-08,2023,128,-40.1726,12.42,6.0599999999999996,5.0800000000000001,279.12155967997671,POWER_HOURLY_PAIRED_PRODUCT_DAILY_MEAN
SH-EN-ALERCE,2023-05-09,2023,129,-40.1726,14.76,7.9800000000000004,8.7400000000000002,206.67272839112263,POWER_HOURLY_PAIRED_PRODUCT_DAILY_MEAN
SH-EN-ALERCE,2023-05-10,2023,130,-40.1726,15.52,10.76,11.06,138.36958355023583,POWER_HOURLY_PAIRED_PRODUCT_DAILY_MEAN
SH-EN-ALERCE,2023-05-11,2023,131,-40.1726,14.029999999999999,11.91,12.5,33.839842405784175,POWER_HOURLY_PAIRED_PRODUCT_DAILY_MEAN
SH-EN-ALERCE,2023-05-12,2023,132,-40.1726,13.199999999999999,12.18,12.57,19.793539669084804,POWER_HOURLY_PAIRED_PRODUCT_DAILY_MEAN
SH-EN-ALERCE,2023-05-13,2023,133,-40.1726,13.539999999999999,11.449999999999999,11.92,40.826084525233483,POWER_HOURLY_PAIRED_PRODUCT_DAILY_MEAN
SH-EN-ALERCE,2023-05-14,2023,134,-40.1726,17.190000000000001,10.140000000000001,10.720000000000001,159.27050765788306,POWER_HOURLY_PAIRED_PRODUCT_DAILY_MEAN
SH-EN-ALERCE,2023-05-15,2023,135,-40.1726,12.630000000000001,11.15,11.119999999999999,71.758487878247038,POWER_HOURLY_PAIRED_PRODUCT_DAILY_MEAN
SH-EN-ALERCE,2023-05-16,2023,136,-40.1726,12.609999999999999,9.5800000000000001,7.4400000000000004,263.9285289157902,POWER_HOURLY_PAIRED_PRODUCT_DAILY_MEAN
SH-EN-ALERCE,2023-05-17,2023,137,-40.1726,11.57,10.460000000000001,9.7699999999999996,130.01074294419016,POWER_HOURLY_PAIRED_PRODUCT_DAILY_MEAN
SH-EN-ALERCE,2023-05-18,2023,138,-40.1726,13.33,10.75,10.09,185.96101207301169,POWER_HOURLY_PAIRED_PRODUCT_DAILY_MEAN
SH-EN-ALERCE,2023-05-19,2023,139,-40.1726,10.67,7.4199999999999999,3.27,368.42558092305609,POWER_HOURLY_PAIRED_PRODUCT_DAILY_MEAN
SH-EN-ALERCE,2023-05-20,2023,140,-40.1726,12.52,6.9500000000000002,7.7699999999999996,158.38296994725775,POWER_HOURLY_PAIRED_PRODUCT_DAILY_MEAN
SH-EN-ALERCE,2023-05-21,2023,141,-40.1726,13.369999999999999,10.68,9.3699999999999992,224.45337168960432,POWER_HOURLY_PAIRED_PRODUCT_DAILY_MEAN
SH-EN-ALERCE,2023-05-22,2023,142,-40.1726,12.67,9.8399999999999999,8.8000000000000007,205.53371299228124,POWER_HOURLY_PAIRED_PRODUCT_DAILY_MEAN
SH-EN-ALERCE,2023-05-23,2023,143,-40.1726,12.81,10.81,6.9299999999999997,365.33318518079506,POWER_HOURLY_PAIRED_PRODUCT_DAILY_MEAN
SH-EN-ALERCE,2023-05-24,2023,144,-40.1726,12.76,11.32,7.46,352.68771901204963,POWER_HOURLY_PAIRED_PRODUCT_DAILY_MEAN
SH-EN-ALERCE,2023-05-25,2023,145,-40.1726,12.199999999999999,8.6799999999999997,8.8000000000000007,188.70500315182449,POWER_HOURLY_PAIRED_PRODUCT_DAILY_MEAN
SH-EN-ALERCE,2023-05-26,2023,146,-40.1726,10,5.4000000000000004,5.2999999999999998,211.70787643826759,POWER_HOURLY_PAIRED_PRODUCT_DAILY_MEAN
SH-EN-ALERCE,2023-05-27,2023,147,-40.1726,11.23,4.5899999999999999,1.8,333.58255732043511,POWER_HOURLY_PAIRED_PRODUCT_DAILY_MEAN
SH-EN-ALERCE,2023-05-28,2023,148,-40.1726,8.3300000000000001,4.8399999999999999,1.73,299.28610490096679,POWER_HOURLY_PAIRED_PRODUCT_DAILY_MEAN
SH-EN-ALERCE,2023-05-29,2023,149,-40.1726,10.800000000000001,6.0599999999999996,4.1900000000000004,298.31606453030412,POWER_HOURLY_PAIRED_PRODUCT_DAILY_MEAN
SH-EN-ALERCE,2023-05-30,2023,150,-40.1726,12.710000000000001,9.2400000000000002,9.4900000000000002,110.06154638358316,POWER_HOURLY_PAIRED_PRODUCT_DAILY_MEAN
SH-EN-ALERCE,2023-05-31,2023,151,-40.1726,13.039999999999999,9.4399999999999995,10.550000000000001,98.138892035266522,POWER_HOURLY_PAIRED_PRODUCT_DAILY_MEAN
SH-EN-ALERCE,2023-06-01,2023,152,-40.1726,12.92,9.3399999999999999,10.07,100.25180917541404,POWER_HOURLY_PAIRED_PRODUCT_DAILY_MEAN
SH-EN-ALERCE,2023-06-02,2023,153,-40.1726,13.380000000000001,11.970000000000001,9.6199999999999992,273.56893624868854,POWER_HOURLY_PAIRED_PRODUCT_DAILY_MEAN
SH-EN-ALERCE,2023-06-03,2023,154,-40.1726,12.98,8.5800000000000001,7.5199999999999996,279.95354299313135,POWER_HOURLY_PAIRED_PRODUCT_DAILY_MEAN
SH-EN-ALERCE,2023-06-04,2023,155,-40.1726,11.119999999999999,7.7999999999999998,5.1100000000000003,307.62953727637836,POWER_HOURLY_PAIRED_PRODUCT_DAILY_MEAN
SH-EN-ALERCE,2023-06-05,2023,156,-40.1726,12.949999999999999,10.16,9.9800000000000004,142.39789974914336,POWER_HOURLY_PAIRED_PRODUCT_DAILY_MEAN
SH-EN-ALERCE,2023-06-06,2023,157,-40.1726,11.58,9.3800000000000008,7.0599999999999996,247.7593157384874,POWER_HOURLY_PAIRED_PRODUCT_DAILY_MEAN
SH-EN-ALERCE,2023-06-07,2023,158,-40.1726,12.92,9.1699999999999999,8.3499999999999996,197.24429956633503,POWER_HOURLY_PAIRED_PRODUCT_DAILY_MEAN
SH-EN-ALERCE,2023-06-08,2023,159,-40.1726,13.800000000000001,8.0600000000000005,8.5600000000000005,191.62290655094731,POWER_HOURLY_PAIRED_PRODUCT_DAILY_MEAN
SH-EN-ALERCE,2023-06-09,2023,160,-40.1726,9.4000000000000004,8.1099999999999994,6.0899999999999999,189.09894277838205,POWER_HOURLY_PAIRED_PRODUCT_DAILY_MEAN
SH-EN-ALERCE,2023-06-10,2023,161,-40.1726,9.3100000000000005,6.1699999999999999,4.7599999999999998,186.9879491563789,POWER_HOURLY_PAIRED_PRODUCT_DAILY_MEAN
SH-EN-ALERCE,2023-06-11,2023,162,-40.1726,9.3699999999999992,5.75,4.7300000000000004,153.79847653315238,POWER_HOURLY_PAIRED_PRODUCT_DAILY_MEAN
SH-EN-ALERCE,2023-06-12,2023,163,-40.1726,10.789999999999999,5.1100000000000003,4.0700000000000003,206.83058820826668,POWER_HOURLY_PAIRED_PRODUCT_DAILY_MEAN
SH-EN-ALERCE,2023-06-13,2023,164,-40.1726,8.5500000000000007,3.77,3.4500000000000002,177.21697208542403,POWER_HOURLY_PAIRED_PRODUCT_DAILY_MEAN
SH-EN-ALERCE,2023-06-14,2023,165,-40.1726,11.23,8.7100000000000009,9.2100000000000009,78.628879687449569,POWER_HOURLY_PAIRED_PRODUCT_DAILY_MEAN
SH-EN-ALERCE,2023-06-15,2023,166,-40.1726,10.85,5.8499999999999996,5.5,221.67971878687186,POWER_HOURLY_PAIRED_PRODUCT_DAILY_MEAN
SH-EN-ALERCE,2023-06-16,2023,167,-40.1726,10.9,5.0300000000000002,3.3799999999999999,237.31856805734512,POWER_HOURLY_PAIRED_PRODUCT_DAILY_MEAN
SH-EN-ALERCE,2023-06-17,2023,168,-40.1726,11.57,5.3200000000000003,2.7999999999999998,330.58831907437076,POWER_HOURLY_PAIRED_PRODUCT_DAILY_MEAN
SH-EN-ALERCE,2023-06-18,2023,169,-40.1726,11.91,6.4800000000000004,5.4299999999999997,210.76950452617606,POWER_HOURLY_PAIRED_PRODUCT_DAILY_MEAN
SH-EN-ALERCE,2023-06-19,2023,170,-40.1726,12.93,6.29,4.5999999999999996,320.08206474983075,POWER_HOURLY_PAIRED_PRODUCT_DAILY_MEAN
SH-EN-ALERCE,2023-06-20,2023,171,-40.1726,10.66,7.8300000000000001,7.4199999999999999,149.89304210457453,POWER_HOURLY_PAIRED_PRODUCT_DAILY_MEAN
SH-EN-ALERCE,2023-06-21,2023,172,-40.1726,11.9,10.26,9.9000000000000004,84.324145509844456,POWER_HOURLY_PAIRED_PRODUCT_DAILY_MEAN
SH-EN-ALERCE,2023-06-22,2023,173,-40.1726,12.279999999999999,11.369999999999999,11.51,39.523833748993781,POWER_HOURLY_PAIRED_PRODUCT_DAILY_MEAN
SH-EN-ALERCE,2023-06-23,2023,174,-40.1726,12.220000000000001,10.800000000000001,10.960000000000001,57.646972582730598,POWER_HOURLY_PAIRED_PRODUCT_DAILY_MEAN
SH-EN-ALERCE,2023-06-24,2023,175,-40.1726,11.44,9.0299999999999994,7.4900000000000002,232.65863456176257,POWER_HOURLY_PAIRED_PRODUCT_DAILY_MEAN
SH-EN-ALERCE,2023-06-25,2023,176,-40.1726,12.81,8.8200000000000003,9.8499999999999996,153.35246712953176,POWER_HOURLY_PAIRED_PRODUCT_DAILY_MEAN
SH-EN-ALERCE,2023-06-26,2023,177,-40.1726,10.69,9.2599999999999998,8.5899999999999999,127.52453037559572,POWER_HOURLY_PAIRED_PRODUCT_DAILY_MEAN
SH-EN-ALERCE,2023-06-27,2023,178,-40.1726,10.779999999999999,9.1500000000000004,7.3600000000000003,212.44291677644949,POWER_HOURLY_PAIRED_PRODUCT_DAILY_MEAN
SH-EN-ALERCE,2023-06-28,2023,179,-40.1726,10.039999999999999,7.5800000000000001,5.3300000000000001,221.82570204159239,POWER_HOURLY_PAIRED_PRODUCT_DAILY_MEAN
SH-EN-ALERCE,2023-06-29,2023,180,-40.1726,9.1099999999999994,7.9400000000000004,7.9100000000000001,68.689650173919816,POWER_HOURLY_PAIRED_PRODUCT_DAILY_MEAN
SH-EN-ALERCE,2023-06-30,2023,181,-40.1726,12.050000000000001,9.0999999999999996,10.09,73.711745708896032,POWER_HOURLY_PAIRED_PRODUCT_DAILY_MEAN
SH-EN-ALERCE,2023-07-01,2023,182,-40.1726,12.49,10.16,10.720000000000001,73.939847111865632,POWER_HOURLY_PAIRED_PRODUCT_DAILY_MEAN
SH-EN-ALERCE,2023-07-02,2023,183,-40.1726,11.92,10.69,8.0399999999999991,267.86631072682877,POWER_HOURLY_PAIRED_PRODUCT_DAILY_MEAN
SH-EN-ALERCE,2023-07-03,2023,184,-40.1726,12.1,11.619999999999999,10.960000000000001,84.805652826734956,POWER_HOURLY_PAIRED_PRODUCT_DAILY_MEAN
SH-EN-ALERCE,2023-07-04,2023,185,-40.1726,12.24,7.9900000000000002,6.9800000000000004,206.45212977845881,POWER_HOURLY_PAIRED_PRODUCT_DAILY_MEAN
SH-EN-ALERCE,2023-07-05,2023,186,-40.1726,9.9900000000000002,7.9400000000000004,6.6699999999999999,169.116896285124,POWER_HOURLY_PAIRED_PRODUCT_DAILY_MEAN
SH-EN-ALERCE,2023-07-06,2023,187,-40.1726,9.2400000000000002,6.9900000000000002,5.1399999999999997,194.8169939419291,POWER_HOURLY_PAIRED_PRODUCT_DAILY_MEAN
SH-EN-ALERCE,2023-07-07,2023,188,-40.1726,7.8600000000000003,5.0800000000000001,4.9299999999999997,127.74504876818592,POWER_HOURLY_PAIRED_PRODUCT_DAILY_MEAN
SH-EN-ALERCE,2023-07-08,2023,189,-40.1726,10.6,8.9000000000000004,7.0899999999999999,190.53230599324604,POWER_HOURLY_PAIRED_PRODUCT_DAILY_MEAN
SH-EN-ALERCE,2023-07-09,2023,190,-40.1726,8.8200000000000003,6.7000000000000002,4.9800000000000004,198.77867297177272,POWER_HOURLY_PAIRED_PRODUCT_DAILY_MEAN
SH-EN-ALERCE,2023-07-10,2023,191,-40.1726,9.5299999999999994,5.3300000000000001,3.4399999999999999,231.44463964160835,POWER_HOURLY_PAIRED_PRODUCT_DAILY_MEAN
SH-EN-ALERCE,2023-07-11,2023,192,-40.1726,8.2200000000000006,4.5499999999999998,2.7799999999999998,209.90183358508997,POWER_HOURLY_PAIRED_PRODUCT_DAILY_MEAN
SH-EN-ALERCE,2023-07-12,2023,193,-40.1726,10.390000000000001,5.7300000000000004,4.3499999999999996,208.68949900988525,POWER_HOURLY_PAIRED_PRODUCT_DAILY_MEAN
SH-EN-ALERCE,2023-07-13,2023,194,-40.1726,9.7899999999999991,7.3499999999999996,6.0599999999999996,160.45869520328009,POWER_HOURLY_PAIRED_PRODUCT_DAILY_MEAN
SH-EN-ALERCE,2023-07-14,2023,195,-40.1726,10.15,8.0600000000000005,6.5700000000000003,186.95146332051482,POWER_HOURLY_PAIRED_PRODUCT_DAILY_MEAN
SH-EN-ALERCE,2023-07-15,2023,196,-40.1726,9.2200000000000006,6.0499999999999998,5.7300000000000004,136.09957552564791,POWER_HOURLY_PAIRED_PRODUCT_DAILY_MEAN
SH-EN-ALERCE,2023-07-16,2023,197,-40.1726,8.7899999999999991,4.6200000000000001,3.02,193.03047476509656,POWER_HOURLY_PAIRED_PRODUCT_DAILY_MEAN
SH-EN-ALERCE,2023-07-17,2023,198,-40.1726,9.5199999999999996,3.5699999999999998,0.73999999999999999,312.25604787465471,POWER_HOURLY_PAIRED_PRODUCT_DAILY_MEAN
SH-EN-ALERCE,2023-07-18,2023,199,-40.1726,11.19,5.8700000000000001,6.0800000000000001,124.44650200314835,POWER_HOURLY_PAIRED_PRODUCT_DAILY_MEAN
SH-EN-ALERCE,2023-07-19,2023,200,-40.1726,12.44,10.710000000000001,11.359999999999999,29.549389461954622,POWER_HOURLY_PAIRED_PRODUCT_DAILY_MEAN
SH-EN-ALERCE,2023-07-20,2023,201,-40.1726,12.550000000000001,11.26,11.23,70.758502220991758,POWER_HOURLY_PAIRED_PRODUCT_DAILY_MEAN
SH-EN-ALERCE,2023-07-21,2023,202,-40.1726,11.449999999999999,9.8399999999999999,9.0999999999999996,140.80464337756416,POWER_HOURLY_PAIRED_PRODUCT_DAILY_MEAN
SH-EN-ALERCE,2023-07-22,2023,203,-40.1726,9.8900000000000006,5.3600000000000003,6.0999999999999996,164.20475844966018,POWER_HOURLY_PAIRED_PRODUCT_DAILY_MEAN
SH-EN-ALERCE,2023-07-23,2023,204,-40.1726,7.29,4.2000000000000002,2.7799999999999998,173.1476271677661,POWER_HOURLY_PAIRED_PRODUCT_DAILY_MEAN
SH-EN-ALERCE,2023-07-24,2023,205,-40.1726,11.42,7.2599999999999998,8.3300000000000001,69.722265274153969,POWER_HOURLY_PAIRED_PRODUCT_DAILY_MEAN
SH-EN-ALERCE,2023-07-25,2023,206,-40.1726,10.19,8.1799999999999997,7.8499999999999996,131.08974010660691,POWER_HOURLY_PAIRED_PRODUCT_DAILY_MEAN
SH-EN-ALERCE,2023-07-26,2023,207,-40.1726,10.66,7.96,6.5700000000000003,177.89310477938434,POWER_HOURLY_PAIRED_PRODUCT_DAILY_MEAN
SH-EN-ALERCE,2023-07-27,2023,208,-40.1726,11.16,9.0199999999999996,9.8100000000000005,53.175785839580762,POWER_HOURLY_PAIRED_PRODUCT_DAILY_MEAN
SH-EN-ALERCE,2023-07-28,2023,209,-40.1726,11.83,10.65,10.640000000000001,56.417897458933339,POWER_HOURLY_PAIRED_PRODUCT_DAILY_MEAN
SH-EN-ALERCE,2023-07-29,2023,210,-40.1726,12.02,10.140000000000001,10.74,55.600096170350611,POWER_HOURLY_PAIRED_PRODUCT_DAILY_MEAN
SH-EN-ALERCE,2023-07-30,2023,211,-40.1726,12.130000000000001,9.4499999999999993,9.4700000000000006,102.54829007320352,POWER_HOURLY_PAIRED_PRODUCT_DAILY_MEAN
SH-EN-ALERCE,2023-07-31,2023,212,-40.1726,12.699999999999999,10.449999999999999,9.9199999999999999,129.73416514951646,POWER_HOURLY_PAIRED_PRODUCT_DAILY_MEAN
SH-EN-ALERCE,2023-08-01,2023,213,-40.1726,10.359999999999999,8.5600000000000005,5.9100000000000001,265.25769954920247,POWER_HOURLY_PAIRED_PRODUCT_DAILY_MEAN
SH-EN-ALERCE,2023-08-02,2023,214,-40.1726,8.8200000000000003,5.1699999999999999,3.7799999999999998,229.53272420322193,POWER_HOURLY_PAIRED_PRODUCT_DAILY_MEAN
SH-EN-ALERCE,2023-08-03,2023,215,-40.1726,9.6099999999999994,4.3499999999999996,3.48,191.22586357621083,POWER_HOURLY_PAIRED_PRODUCT_DAILY_MEAN
SH-EN-ALERCE,2023-08-04,2023,216,-40.1726,10.84,5.4500000000000002,4.3300000000000001,203.84348595381118,POWER_HOURLY_PAIRED_PRODUCT_DAILY_MEAN
SH-EN-ALERCE,2023-08-05,2023,217,-40.1726,10.83,5.6100000000000003,4.7599999999999998,200.87346597698772,POWER_HOURLY_PAIRED_PRODUCT_DAILY_MEAN
SH-EN-ALERCE,2023-08-06,2023,218,-40.1726,10.119999999999999,5.2999999999999998,4.2300000000000004,199.15673453658587,POWER_HOURLY_PAIRED_PRODUCT_DAILY_MEAN
SH-EN-ALERCE,2023-08-07,2023,219,-40.1726,12.960000000000001,4.9000000000000004,5.5899999999999999,202.91769713613678,POWER_HOURLY_PAIRED_PRODUCT_DAILY_MEAN
SH-EN-ALERCE,2023-08-08,2023,220,-40.1726,10.83,8.2400000000000002,9.0500000000000007,56.458127928102705,POWER_HOURLY_PAIRED_PRODUCT_DAILY_MEAN
SH-EN-ALERCE,2023-08-09,2023,221,-40.1726,11.43,10.19,10.23,63.488993596450094,POWER_HOURLY_PAIRED_PRODUCT_DAILY_MEAN
SH-EN-ALERCE,2023-08-10,2023,222,-40.1726,11.470000000000001,7.9800000000000004,7.4000000000000004,185.06865578165784,POWER_HOURLY_PAIRED_PRODUCT_DAILY_MEAN
SH-EN-ALERCE,2023-08-11,2023,223,-40.1726,8.5600000000000005,5.5800000000000001,3.46,247.92056780734822,POWER_HOURLY_PAIRED_PRODUCT_DAILY_MEAN
SH-EN-ALERCE,2023-08-12,2023,224,-40.1726,10.23,5.3700000000000001,5.5899999999999999,175.38500919639787,POWER_HOURLY_PAIRED_PRODUCT_DAILY_MEAN
SH-EN-ALERCE,2023-08-13,2023,225,-40.1726,11.15,10.109999999999999,10.09,43.874883515720477,POWER_HOURLY_PAIRED_PRODUCT_DAILY_MEAN
SH-EN-ALERCE,2023-08-14,2023,226,-40.1726,11.69,10.890000000000001,10.859999999999999,31.369695262585072,POWER_HOURLY_PAIRED_PRODUCT_DAILY_MEAN
SH-EN-ALERCE,2023-08-15,2023,227,-40.1726,11.68,9.9800000000000004,9.7599999999999998,80.258471863597379,POWER_HOURLY_PAIRED_PRODUCT_DAILY_MEAN
SH-EN-ALERCE,2023-08-16,2023,228,-40.1726,12.279999999999999,9.4499999999999993,9.3800000000000008,96.947993572329139,POWER_HOURLY_PAIRED_PRODUCT_DAILY_MEAN
SH-EN-ALERCE,2023-08-17,2023,229,-40.1726,8.9100000000000001,6.8700000000000001,4.2800000000000002,222.33832106775105,POWER_HOURLY_PAIRED_PRODUCT_DAILY_MEAN
SH-EN-ALERCE,2023-08-18,2023,230,-40.1726,8.8300000000000001,6.6600000000000001,3.4100000000000001,248.91341374236367,POWER_HOURLY_PAIRED_PRODUCT_DAILY_MEAN
SH-EN-ALERCE,2023-08-19,2023,231,-40.1726,10.73,7.4500000000000002,8.5600000000000005,47.7303530508132,POWER_HOURLY_PAIRED_PRODUCT_DAILY_MEAN
SH-EN-ALERCE,2023-08-20,2023,232,-40.1726,11.630000000000001,10.08,10.48,44.60231598438893,POWER_HOURLY_PAIRED_PRODUCT_DAILY_MEAN
SH-EN-ALERCE,2023-08-21,2023,233,-40.1726,10.289999999999999,9.1400000000000006,6.9100000000000001,203.89704381868151,POWER_HOURLY_PAIRED_PRODUCT_DAILY_MEAN
SH-EN-ALERCE,2023-08-22,2023,234,-40.1726,9.9399999999999995,7.4000000000000004,5.5999999999999996,225.60917483416804,POWER_HOURLY_PAIRED_PRODUCT_DAILY_MEAN
SH-EN-ALERCE,2023-08-23,2023,235,-40.1726,8.0399999999999991,5.2699999999999996,4.0300000000000002,168.47974463959159,POWER_HOURLY_PAIRED_PRODUCT_DAILY_MEAN
SH-EN-ALERCE,2023-08-24,2023,236,-40.1726,8.6099999999999994,4.1100000000000003,1.6899999999999999,247.04231870901378,POWER_HOURLY_PAIRED_PRODUCT_DAILY_MEAN
SH-EN-ALERCE,2023-08-25,2023,237,-40.1726,8.0299999999999994,5.0999999999999996,1.3899999999999999,286.52132105722205,POWER_HOURLY_PAIRED_PRODUCT_DAILY_MEAN
SH-EN-ALERCE,2023-08-26,2023,238,-40.1726,9.9700000000000006,5.2400000000000002,3.5299999999999998,251.99037090267441,POWER_HOURLY_PAIRED_PRODUCT_DAILY_MEAN
SH-EN-ALERCE,2023-08-27,2023,239,-40.1726,10.720000000000001,7.04,7.5700000000000003,133.8608735049967,POWER_HOURLY_PAIRED_PRODUCT_DAILY_MEAN
SH-EN-ALERCE,2023-08-28,2023,240,-40.1726,10.4,6.8600000000000003,5.9500000000000002,212.51514111019651,POWER_HOURLY_PAIRED_PRODUCT_DAILY_MEAN
SH-EN-ALERCE,2023-08-29,2023,241,-40.1726,10.68,7.2999999999999998,6.8200000000000003,156.93258680297501,POWER_HOURLY_PAIRED_PRODUCT_DAILY_MEAN
SH-EN-ALERCE,2023-08-30,2023,242,-40.1726,9.6899999999999995,7.9199999999999999,4.9400000000000004,275.87010982708694,POWER_HOURLY_PAIRED_PRODUCT_DAILY_MEAN
SH-EN-ALERCE,2023-08-31,2023,243,-40.1726,11.18,7.6799999999999997,7.6799999999999997,142.04070593900914,POWER_HOURLY_PAIRED_PRODUCT_DAILY_MEAN
SH-EN-ALERCE,2023-09-01,2023,244,-40.1726,10.18,6.8600000000000003,4.4199999999999999,268.26487235448974,POWER_HOURLY_PAIRED_PRODUCT_DAILY_MEAN
SH-EN-ALERCE,2023-09-02,2023,245,-40.1726,9.8599999999999994,6.0700000000000003,3.3700000000000001,278.2614864563829,POWER_HOURLY_PAIRED_PRODUCT_DAILY_MEAN
SH-EN-ALERCE,2023-09-03,2023,246,-40.1726,8.0600000000000005,4.5599999999999996,2.8799999999999999,202.80583668804164,POWER_HOURLY_PAIRED_PRODUCT_DAILY_MEAN
SH-EN-ALERCE,2023-09-04,2023,247,-40.1726,9.3699999999999992,4.6299999999999999,2.8799999999999999,248.02666503518154,POWER_HOURLY_PAIRED_PRODUCT_DAILY_MEAN
SH-EN-ALERCE,2023-09-05,2023,248,-40.1726,11.75,7.3700000000000001,8.5700000000000003,77.096251152015441,POWER_HOURLY_PAIRED_PRODUCT_DAILY_MEAN
SH-EN-ALERCE,2023-09-06,2023,249,-40.1726,11.32,8.7699999999999996,8.25,135.24101705371268,POWER_HOURLY_PAIRED_PRODUCT_DAILY_MEAN
SH-EN-ALERCE,2023-09-07,2023,250,-40.1726,9.7899999999999991,8.6400000000000006,7.6200000000000001,109.13038961464797,POWER_HOURLY_PAIRED_PRODUCT_DAILY_MEAN
SH-EN-ALERCE,2023-09-08,2023,251,-40.1726,10.539999999999999,8.5600000000000005,7.75,144.14301768355662,POWER_HOURLY_PAIRED_PRODUCT_DAILY_MEAN
SH-EN-ALERCE,2023-09-09,2023,252,-40.1726,11.57,8.9800000000000004,8.1500000000000004,171.58248495908256,POWER_HOURLY_PAIRED_PRODUCT_DAILY_MEAN
SH-EN-ALERCE,2023-09-10,2023,253,-40.1726,11.27,8.6699999999999999,8.5999999999999996,128.14156248387238,POWER_HOURLY_PAIRED_PRODUCT_DAILY_MEAN
SH-EN-ALERCE,2023-09-11,2023,254,-40.1726,10.460000000000001,8.4000000000000004,6.3799999999999999,208.46123349490327,POWER_HOURLY_PAIRED_PRODUCT_DAILY_MEAN
SH-EN-ALERCE,2023-09-12,2023,255,-40.1726,9.7300000000000004,8.2200000000000006,6.8099999999999996,153.39275662891905,POWER_HOURLY_PAIRED_PRODUCT_DAILY_MEAN
SH-EN-ALERCE,2023-09-13,2023,256,-40.1726,11.32,8.2699999999999996,8.1999999999999993,74.325761759858679,POWER_HOURLY_PAIRED_PRODUCT_DAILY_MEAN
SH-EN-ALERCE,2023-09-14,2023,257,-40.1726,11.83,11.15,11.09,33.921329082221746,POWER_HOURLY_PAIRED_PRODUCT_DAILY_MEAN
SH-EN-ALERCE,2023-09-15,2023,258,-40.1726,11.5,9.9900000000000002,8.9000000000000004,132.37901160849455,POWER_HOURLY_PAIRED_PRODUCT_DAILY_MEAN
SH-EN-ALERCE,2023-09-16,2023,259,-40.1726,9.9000000000000004,7.4500000000000002,5.6100000000000003,220.95339769061013,POWER_HOURLY_PAIRED_PRODUCT_DAILY_MEAN
SH-EN-ALERCE,2023-09-17,2023,260,-40.1726,8.6099999999999994,5.5,3.4100000000000001,234.22407597736051,POWER_HOURLY_PAIRED_PRODUCT_DAILY_MEAN
SH-EN-ALERCE,2023-09-18,2023,261,-40.1726,9.3499999999999996,4.71,2.9300000000000002,228.87937843754082,POWER_HOURLY_PAIRED_PRODUCT_DAILY_MEAN
SH-EN-ALERCE,2023-09-19,2023,262,-40.1726,10.27,4.1299999999999999,2.7000000000000002,279.02228814910808,POWER_HOURLY_PAIRED_PRODUCT_DAILY_MEAN
SH-EN-ALERCE,2023-09-20,2023,263,-40.1726,11.19,6.0599999999999996,4.7699999999999996,216.56358451183789,POWER_HOURLY_PAIRED_PRODUCT_DAILY_MEAN
SH-EN-ALERCE,2023-09-21,2023,264,-40.1726,10.48,7.6200000000000001,7.0300000000000002,165.68927487162202,POWER_HOURLY_PAIRED_PRODUCT_DAILY_MEAN
SH-EN-ALERCE,2023-09-22,2023,265,-40.1726,10.380000000000001,6.5199999999999996,6.7999999999999998,142.26928227159604,POWER_HOURLY_PAIRED_PRODUCT_DAILY_MEAN
SH-EN-ALERCE,2023-09-23,2023,266,-40.1726,10.77,5.9000000000000004,4.8099999999999996,209.15211455701356,POWER_HOURLY_PAIRED_PRODUCT_DAILY_MEAN
SH-EN-ALERCE,2023-09-24,2023,267,-40.1726,11.08,5.6600000000000001,4.4699999999999998,233.2124530006291,POWER_HOURLY_PAIRED_PRODUCT_DAILY_MEAN
SH-EN-ALERCE,2023-09-25,2023,268,-40.1726,11.140000000000001,5.5099999999999998,4.5599999999999996,224.55209215309648,POWER_HOURLY_PAIRED_PRODUCT_DAILY_MEAN
SH-EN-ALERCE,2023-09-26,2023,269,-40.1726,9.2100000000000009,5.7400000000000002,4.2300000000000004,217.3663567664984,POWER_HOURLY_PAIRED_PRODUCT_DAILY_MEAN
SH-EN-ALERCE,2023-09-27,2023,270,-40.1726,10.75,8.0500000000000007,7.75,136.90154440373456,POWER_HOURLY_PAIRED_PRODUCT_DAILY_MEAN
SH-EN-ALERCE,2023-09-28,2023,271,-40.1726,11.449999999999999,7.1600000000000001,5.8799999999999999,240.41713508063887,POWER_HOURLY_PAIRED_PRODUCT_DAILY_MEAN
SH-EN-ALERCE,2023-09-29,2023,272,-40.1726,14.66,5.8600000000000003,6.8300000000000001,273.90587839799457,POWER_HOURLY_PAIRED_PRODUCT_DAILY_MEAN
SH-EN-ALERCE,2023-09-30,2023,273,-40.1726,14.449999999999999,6.8300000000000001,7.04,232.53970083420833,POWER_HOURLY_PAIRED_PRODUCT_DAILY_MEAN
SH-EN-ALERCE,2023-10-01,2023,274,-40.1726,10.73,7.7000000000000002,6.4299999999999997,162.60994345883972,POWER_HOURLY_PAIRED_PRODUCT_DAILY_MEAN
SH-EN-ALERCE,2023-10-02,2023,275,-40.1726,10.81,7.0300000000000002,5.25,219.62675908825369,POWER_HOURLY_PAIRED_PRODUCT_DAILY_MEAN
SH-EN-ALERCE,2023-10-03,2023,276,-40.1726,11.960000000000001,6.4000000000000004,5.1900000000000004,258.90582337883637,POWER_HOURLY_PAIRED_PRODUCT_DAILY_MEAN
SH-EN-ALERCE,2023-10-04,2023,277,-40.1726,12.48,6.75,6.6900000000000004,205.40509790635647,POWER_HOURLY_PAIRED_PRODUCT_DAILY_MEAN
SH-EN-ALERCE,2023-10-05,2023,278,-40.1726,10.68,6.6399999999999997,6.7599999999999998,158.48848970365995,POWER_HOURLY_PAIRED_PRODUCT_DAILY_MEAN
SH-EN-ALERCE,2023-10-06,2023,279,-40.1726,10.27,5.8300000000000001,4.9699999999999998,220.25754593194776,POWER_HOURLY_PAIRED_PRODUCT_DAILY_MEAN
SH-EN-ALERCE,2023-10-07,2023,280,-40.1726,10.539999999999999,6.0199999999999996,5.0300000000000002,235.24866824006713,POWER_HOURLY_PAIRED_PRODUCT_DAILY_MEAN
SH-EN-ALERCE,2023-10-08,2023,281,-40.1726,11.07,8.9600000000000009,7.6600000000000001,173.50232132044434,POWER_HOURLY_PAIRED_PRODUCT_DAILY_MEAN
SH-EN-ALERCE,2023-10-09,2023,282,-40.1726,11.699999999999999,8.4000000000000004,7.0700000000000003,195.18729995986004,POWER_HOURLY_PAIRED_PRODUCT_DAILY_MEAN
SH-EN-ALERCE,2023-10-10,2023,283,-40.1726,11.1,6.4299999999999997,4.71,297.75222642572527,POWER_HOURLY_PAIRED_PRODUCT_DAILY_MEAN
SH-EN-ALERCE,2023-10-11,2023,284,-40.1726,12.59,5.7000000000000002,4.9900000000000002,293.71970318968494,POWER_HOURLY_PAIRED_PRODUCT_DAILY_MEAN
SH-EN-ALERCE,2023-10-12,2023,285,-40.1726,12.32,7.1299999999999999,6.1600000000000001,244.90881398458714,POWER_HOURLY_PAIRED_PRODUCT_DAILY_MEAN
SH-EN-ALERCE,2023-10-13,2023,286,-40.1726,12.9,6.7400000000000002,6.8600000000000003,220.53806102017154,POWER_HOURLY_PAIRED_PRODUCT_DAILY_MEAN
SH-EN-ALERCE,2023-10-14,2023,287,-40.1726,12.029999999999999,7.4000000000000004,6.6699999999999999,194.93578449583288,POWER_HOURLY_PAIRED_PRODUCT_DAILY_MEAN
SH-EN-ALERCE,2023-10-15,2023,288,-40.1726,11.01,6.9100000000000001,5.9500000000000002,198.83324400674874,POWER_HOURLY_PAIRED_PRODUCT_DAILY_MEAN
SH-EN-ALERCE,2023-10-16,2023,289,-40.1726,12.460000000000001,7.04,6.25,241.68426554391078,POWER_HOURLY_PAIRED_PRODUCT_DAILY_MEAN
SH-EN-ALERCE,2023-10-17,2023,290,-40.1726,16.190000000000001,6.25,7.5099999999999998,325.62751197465917,POWER_HOURLY_PAIRED_PRODUCT_DAILY_MEAN
SH-EN-ALERCE,2023-10-18,2023,291,-40.1726,12.74,8.4700000000000006,8.5199999999999996,143.41601917664519,POWER_HOURLY_PAIRED_PRODUCT_DAILY_MEAN
SH-EN-ALERCE,2023-10-19,2023,292,-40.1726,13.58,8.5199999999999996,8,228.47252317314314,POWER_HOURLY_PAIRED_PRODUCT_DAILY_MEAN
SH-EN-ALERCE,2023-10-20,2023,293,-40.1726,13.859999999999999,9.0199999999999996,8.4399999999999995,238.33862627697241,POWER_HOURLY_PAIRED_PRODUCT_DAILY_MEAN
SH-EN-ALERCE,2023-10-21,2023,294,-40.1726,13.25,7.0499999999999998,6.4800000000000004,271.90558677865596,POWER_HOURLY_PAIRED_PRODUCT_DAILY_MEAN
SH-EN-ALERCE,2023-10-22,2023,295,-40.1726,13.85,7.4800000000000004,7.1200000000000001,270.13013435627323,POWER_HOURLY_PAIRED_PRODUCT_DAILY_MEAN
SH-EN-ALERCE,2023-10-23,2023,296,-40.1726,12.460000000000001,8.4299999999999997,7.29,224.38103583589563,POWER_HOURLY_PAIRED_PRODUCT_DAILY_MEAN
SH-EN-ALERCE,2023-10-24,2023,297,-40.1726,12.720000000000001,7.6699999999999999,6.7300000000000004,262.36338646528424,POWER_HOURLY_PAIRED_PRODUCT_DAILY_MEAN
SH-EN-ALERCE,2023-10-25,2023,298,-40.1726,13.720000000000001,6.9299999999999997,7.1200000000000001,253.88967611757357,POWER_HOURLY_PAIRED_PRODUCT_DAILY_MEAN
SH-EN-ALERCE,2023-10-26,2023,299,-40.1726,12.23,8.75,8.4000000000000004,162.05563178849744,POWER_HOURLY_PAIRED_PRODUCT_DAILY_MEAN
SH-EN-ALERCE,2023-10-27,2023,300,-40.1726,11.09,10.24,9.7300000000000004,84.771605391898191,POWER_HOURLY_PAIRED_PRODUCT_DAILY_MEAN
SH-EN-ALERCE,2023-10-28,2023,301,-40.1726,11.34,7.3399999999999999,7.0099999999999998,209.96382284327206,POWER_HOURLY_PAIRED_PRODUCT_DAILY_MEAN
SH-EN-ALERCE,2023-10-29,2023,302,-40.1726,9.1999999999999993,6.8099999999999996,4.3200000000000003,225.64622955866989,POWER_HOURLY_PAIRED_PRODUCT_DAILY_MEAN
SH-EN-ALERCE,2023-10-30,2023,303,-40.1726,9.9800000000000004,6.6399999999999997,4.5599999999999996,253.12383316033402,POWER_HOURLY_PAIRED_PRODUCT_DAILY_MEAN
SH-EN-ALERCE,2023-10-31,2023,304,-40.1726,12.25,5.5099999999999998,4.1600000000000001,359.71195608951007,POWER_HOURLY_PAIRED_PRODUCT_DAILY_MEAN
SH-EN-ALERCE,2023-11-01,2023,305,-40.1726,14.18,7.8899999999999997,6.9400000000000004,345.88524369637412,POWER_HOURLY_PAIRED_PRODUCT_DAILY_MEAN
SH-EN-ALERCE,2023-11-02,2023,306,-40.1726,13.23,7.9699999999999998,7.6399999999999997,266.0107350127459,POWER_HOURLY_PAIRED_PRODUCT_DAILY_MEAN
SH-EN-ALERCE,2023-11-03,2023,307,-40.1726,12.130000000000001,7.2000000000000002,5.8700000000000001,272.02922914580768,POWER_HOURLY_PAIRED_PRODUCT_DAILY_MEAN
SH-EN-ALERCE,2023-11-04,2023,308,-40.1726,13.35,7.7400000000000002,8.8800000000000008,155.85475466513435,POWER_HOURLY_PAIRED_PRODUCT_DAILY_MEAN
SH-EN-ALERCE,2023-11-05,2023,309,-40.1726,12.08,10.84,10.35,88.95691263250383,POWER_HOURLY_PAIRED_PRODUCT_DAILY_MEAN
SH-EN-ALERCE,2023-11-06,2023,310,-40.1726,12.23,10.779999999999999,10.6,78.749775291378427,POWER_HOURLY_PAIRED_PRODUCT_DAILY_MEAN
SH-EN-ALERCE,2023-11-07,2023,311,-40.1726,12.93,9.8900000000000006,8.3499999999999996,242.25409846798857,POWER_HOURLY_PAIRED_PRODUCT_DAILY_MEAN
SH-EN-ALERCE,2023-11-08,2023,312,-40.1726,13.300000000000001,8.25,7.8700000000000001,256.67671699776969,POWER_HOURLY_PAIRED_PRODUCT_DAILY_MEAN
SH-EN-ALERCE,2023-11-09,2023,313,-40.1726,15.51,7.1500000000000004,6.5499999999999998,380.16177124343784,POWER_HOURLY_PAIRED_PRODUCT_DAILY_MEAN
SH-EN-ALERCE,2023-11-10,2023,314,-40.1726,11.81,8.1600000000000001,8,171.53849554495253,POWER_HOURLY_PAIRED_PRODUCT_DAILY_MEAN
SH-EN-ALERCE,2023-11-11,2023,315,-40.1726,10.859999999999999,6.4400000000000004,5.25,222.26822835291475,POWER_HOURLY_PAIRED_PRODUCT_DAILY_MEAN
SH-EN-ALERCE,2023-11-12,2023,316,-40.1726,10.960000000000001,6.4000000000000004,3.1000000000000001,350.11396564995169,POWER_HOURLY_PAIRED_PRODUCT_DAILY_MEAN
SH-EN-ALERCE,2023-11-13,2023,317,-40.1726,10.49,6.4299999999999997,6.1699999999999999,182.62583961193164,POWER_HOURLY_PAIRED_PRODUCT_DAILY_MEAN
SH-EN-ALERCE,2023-11-14,2023,318,-40.1726,10.390000000000001,6.0700000000000003,4.0899999999999999,287.13620937702586,POWER_HOURLY_PAIRED_PRODUCT_DAILY_MEAN
SH-EN-ALERCE,2023-11-15,2023,319,-40.1726,10.359999999999999,7.9800000000000004,7.0899999999999999,177.09706094227803,POWER_HOURLY_PAIRED_PRODUCT_DAILY_MEAN
SH-EN-ALERCE,2023-11-16,2023,320,-40.1726,11.56,9.7100000000000009,9.6999999999999993,81.624364724140193,POWER_HOURLY_PAIRED_PRODUCT_DAILY_MEAN
SH-EN-ALERCE,2023-11-17,2023,321,-40.1726,10.619999999999999,7.8300000000000001,5.6200000000000001,279.86717870614643,POWER_HOURLY_PAIRED_PRODUCT_DAILY_MEAN
SH-EN-ALERCE,2023-11-18,2023,322,-40.1726,11.279999999999999,8.2899999999999991,7.8700000000000001,139.25572087750726,POWER_HOURLY_PAIRED_PRODUCT_DAILY_MEAN
SH-EN-ALERCE,2023-11-19,2023,323,-40.1726,12.890000000000001,11.34,11.109999999999999,87.97125634119709,POWER_HOURLY_PAIRED_PRODUCT_DAILY_MEAN
SH-EN-ALERCE,2023-11-20,2023,324,-40.1726,12.970000000000001,10.01,8.5,245.1462068005504,POWER_HOURLY_PAIRED_PRODUCT_DAILY_MEAN
SH-EN-ALERCE,2023-11-21,2023,325,-40.1726,12.23,9.6899999999999995,6.96,296.79498477425631,POWER_HOURLY_PAIRED_PRODUCT_DAILY_MEAN
SH-EN-ALERCE,2023-11-22,2023,326,-40.1726,12.43,8.3699999999999992,6.8799999999999999,271.95995700502539,POWER_HOURLY_PAIRED_PRODUCT_DAILY_MEAN
SH-EN-ALERCE,2023-11-23,2023,327,-40.1726,16.52,8.1600000000000001,7.6200000000000001,422.62809945570501,POWER_HOURLY_PAIRED_PRODUCT_DAILY_MEAN
SH-EN-ALERCE,2023-11-24,2023,328,-40.1726,16.510000000000002,9,8.3599999999999994,350.41525434972323,POWER_HOURLY_PAIRED_PRODUCT_DAILY_MEAN
SH-EN-ALERCE,2023-11-25,2023,329,-40.1726,16.16,9.1300000000000008,8.0399999999999991,396.76659905505176,POWER_HOURLY_PAIRED_PRODUCT_DAILY_MEAN
SH-EN-ALERCE,2023-11-26,2023,330,-40.1726,17.300000000000001,10.119999999999999,10.34,362.08508983001542,POWER_HOURLY_PAIRED_PRODUCT_DAILY_MEAN
SH-EN-ALERCE,2023-11-27,2023,331,-40.1726,13.720000000000001,10.77,10.35,156.25711097422177,POWER_HOURLY_PAIRED_PRODUCT_DAILY_MEAN
SH-EN-ALERCE,2023-11-28,2023,332,-40.1726,13.4,9.9299999999999997,7.75,283.92375762068855,POWER_HOURLY_PAIRED_PRODUCT_DAILY_MEAN
SH-EN-ALERCE,2023-11-29,2023,333,-40.1726,13.359999999999999,10.279999999999999,9.7899999999999991,194.23865698952997,POWER_HOURLY_PAIRED_PRODUCT_DAILY_MEAN
SH-EN-ALERCE,2023-11-30,2023,334,-40.1726,12.92,11.34,10.23,161.57516221881849,POWER_HOURLY_PAIRED_PRODUCT_DAILY_MEAN
SH-EN-ALERCE,2023-12-01,2023,335,-40.1726,12.48,7.8899999999999997,7.5,262.17566765660803,POWER_HOURLY_PAIRED_PRODUCT_DAILY_MEAN
SH-EN-ALERCE,2023-12-02,2023,336,-40.1726,11.369999999999999,7.1299999999999999,4.6100000000000003,313.41001607604107,POWER_HOURLY_PAIRED_PRODUCT_DAILY_MEAN
SH-EN-ALERCE,2023-12-03,2023,337,-40.1726,14.779999999999999,7.0700000000000003,5.1699999999999999,443.03256515705078,POWER_HOURLY_PAIRED_PRODUCT_DAILY_MEAN
SH-EN-ALERCE,2023-12-04,2023,338,-40.1726,17.73,7.6500000000000004,7.21,514.90511201616118,POWER_HOURLY_PAIRED_PRODUCT_DAILY_MEAN
SH-EN-ALERCE,2023-12-05,2023,339,-40.1726,17.260000000000002,10.27,9.9499999999999993,354.05877137464586,POWER_HOURLY_PAIRED_PRODUCT_DAILY_MEAN
SH-EN-ALERCE,2023-12-06,2023,340,-40.1726,16.859999999999999,10.4,9.3900000000000006,369.14455861432981,POWER_HOURLY_PAIRED_PRODUCT_DAILY_MEAN
SH-EN-ALERCE,2023-12-07,2023,341,-40.1726,17.359999999999999,10.19,9.0399999999999991,391.40340210306857,POWER_HOURLY_PAIRED_PRODUCT_DAILY_MEAN
SH-EN-ALERCE,2023-12-08,2023,342,-40.1726,12.800000000000001,8.7200000000000006,7.8799999999999999,246.67711606717478,POWER_HOURLY_PAIRED_PRODUCT_DAILY_MEAN
SH-EN-ALERCE,2023-12-09,2023,343,-40.1726,14.699999999999999,7.8499999999999996,7.6200000000000001,314.90949903981567,POWER_HOURLY_PAIRED_PRODUCT_DAILY_MEAN
SH-EN-ALERCE,2023-12-10,2023,344,-40.1726,18.149999999999999,9.1300000000000008,8.8800000000000008,391.58031574389435,POWER_HOURLY_PAIRED_PRODUCT_DAILY_MEAN
SH-EN-ALERCE,2023-12-11,2023,345,-40.1726,13.58,9.8000000000000007,9.8699999999999992,168.7563142031714,POWER_HOURLY_PAIRED_PRODUCT_DAILY_MEAN
SH-EN-ALERCE,2023-12-12,2023,346,-40.1726,14.07,9.0299999999999994,6.9900000000000002,360.55085007297544,POWER_HOURLY_PAIRED_PRODUCT_DAILY_MEAN
SH-EN-ALERCE,2023-12-13,2023,347,-40.1726,15.35,8.2599999999999998,6.6699999999999999,392.22496411044267,POWER_HOURLY_PAIRED_PRODUCT_DAILY_MEAN
SH-EN-ALERCE,2023-12-14,2023,348,-40.1726,13.109999999999999,9.2200000000000006,8.3699999999999992,241.26806529431019,POWER_HOURLY_PAIRED_PRODUCT_DAILY_MEAN
SH-EN-ALERCE,2023-12-15,2023,349,-40.1726,13.73,11.26,10.25,176.6143794921054,POWER_HOURLY_PAIRED_PRODUCT_DAILY_MEAN
SH-EN-ALERCE,2023-12-16,2023,350,-40.1726,11.99,9.4299999999999997,9.0099999999999998,160.38291792020857,POWER_HOURLY_PAIRED_PRODUCT_DAILY_MEAN
SH-EN-ALERCE,2023-12-17,2023,351,-40.1726,12.57,7.9500000000000002,5.9100000000000001,341.19019706360638,POWER_HOURLY_PAIRED_PRODUCT_DAILY_MEAN
SH-EN-ALERCE,2023-12-18,2023,352,-40.1726,17.18,7.3700000000000001,5.8200000000000003,622.50309367024704,POWER_HOURLY_PAIRED_PRODUCT_DAILY_MEAN
SH-EN-ALERCE,2023-12-19,2023,353,-40.1726,20.399999999999999,10.93,8.3200000000000003,657.40951366579475,POWER_HOURLY_PAIRED_PRODUCT_DAILY_MEAN
SH-EN-ALERCE,2023-12-20,2023,354,-40.1726,16.170000000000002,10.859999999999999,10.699999999999999,275.02063055099433,POWER_HOURLY_PAIRED_PRODUCT_DAILY_MEAN
SH-EN-ALERCE,2023-12-21,2023,355,-40.1726,16.52,9.8599999999999994,9.3000000000000007,363.83473545549265,POWER_HOURLY_PAIRED_PRODUCT_DAILY_MEAN
SH-EN-ALERCE,2023-12-22,2023,356,-40.1726,16.5,10.699999999999999,9.8399999999999999,368.1504741475685,POWER_HOURLY_PAIRED_PRODUCT_DAILY_MEAN
SH-EN-ALERCE,2023-12-23,2023,357,-40.1726,17.620000000000001,9.3800000000000008,7.25,568.82240647167475,POWER_HOURLY_PAIRED_PRODUCT_DAILY_MEAN
SH-EN-ALERCE,2023-12-24,2023,358,-40.1726,16.859999999999999,9.7799999999999994,8.6400000000000006,431.66801137417423,POWER_HOURLY_PAIRED_PRODUCT_DAILY_MEAN
SH-EN-ALERCE,2023-12-25,2023,359,-40.1726,20.719999999999999,10.57,9.4100000000000001,644.68768990055457,POWER_HOURLY_PAIRED_PRODUCT_DAILY_MEAN
SH-EN-ALERCE,2023-12-26,2023,360,-40.1726,22.059999999999999,12.9,10.52,731.65113102691555,POWER_HOURLY_PAIRED_PRODUCT_DAILY_MEAN
SH-EN-ALERCE,2023-12-27,2023,361,-40.1726,20.170000000000002,12.33,10.41,561.29944146680884,POWER_HOURLY_PAIRED_PRODUCT_DAILY_MEAN
SH-EN-ALERCE,2023-12-28,2023,362,-40.1726,16.890000000000001,11.74,10.949999999999999,273.65380284798044,POWER_HOURLY_PAIRED_PRODUCT_DAILY_MEAN
SH-EN-ALERCE,2023-12-29,2023,363,-40.1726,20.390000000000001,10.75,8.6199999999999992,727.79098973566886,POWER_HOURLY_PAIRED_PRODUCT_DAILY_MEAN
SH-EN-ALERCE,2023-12-30,2023,364,-40.1726,22.34,11.85,9.5899999999999999,643.81564791269375,POWER_HOURLY_PAIRED_PRODUCT_DAILY_MEAN
SH-EN-ALERCE,2023-12-31,2023,365,-40.1726,16.350000000000001,11.32,11.380000000000001,253.37765241763091,POWER_HOURLY_PAIRED_PRODUCT_DAILY_MEAN
SH-EN-ALERCE,2024-01-01,2024,1,-40.1726,18.649999999999999,12,11.199999999999999,391.98659734219524,POWER_HOURLY_PAIRED_PRODUCT_DAILY_MEAN
SH-EN-ALERCE,2024-01-02,2024,2,-40.1726,18.559999999999999,11.960000000000001,11.449999999999999,351.22995823002765,POWER_HOURLY_PAIRED_PRODUCT_DAILY_MEAN
SH-EN-ALERCE,2024-01-03,2024,3,-40.1726,19.07,12.550000000000001,10.94,498.91230210498253,POWER_HOURLY_PAIRED_PRODUCT_DAILY_MEAN
SH-EN-ALERCE,2024-01-04,2024,4,-40.1726,19.550000000000001,13.73,12.32,395.13547011936765,POWER_HOURLY_PAIRED_PRODUCT_DAILY_MEAN
SH-EN-ALERCE,2024-01-05,2024,5,-40.1726,16.699999999999999,14.02,13.880000000000001,170.41506889351879,POWER_HOURLY_PAIRED_PRODUCT_DAILY_MEAN
SH-EN-ALERCE,2024-01-06,2024,6,-40.1726,17.760000000000002,14.710000000000001,14.109999999999999,211.83011636976573,POWER_HOURLY_PAIRED_PRODUCT_DAILY_MEAN
SH-EN-ALERCE,2024-01-07,2024,7,-40.1726,17.07,12.640000000000001,11.93,344.65967954785452,POWER_HOURLY_PAIRED_PRODUCT_DAILY_MEAN
SH-EN-ALERCE,2024-01-08,2024,8,-40.1726,16.41,10.960000000000001,8.4100000000000001,466.98257527424431,POWER_HOURLY_PAIRED_PRODUCT_DAILY_MEAN
SH-EN-ALERCE,2024-01-09,2024,9,-40.1726,17.190000000000001,10.69,8.3300000000000001,501.59508172546776,POWER_HOURLY_PAIRED_PRODUCT_DAILY_MEAN
SH-EN-ALERCE,2024-01-10,2024,10,-40.1726,18.149999999999999,8.9399999999999995,7.1100000000000003,598.95160156966472,POWER_HOURLY_PAIRED_PRODUCT_DAILY_MEAN
SH-EN-ALERCE,2024-01-11,2024,11,-40.1726,18.170000000000002,10.09,8.7899999999999991,507.73089293023867,POWER_HOURLY_PAIRED_PRODUCT_DAILY_MEAN
SH-EN-ALERCE,2024-01-12,2024,12,-40.1726,17.690000000000001,10.949999999999999,9.3300000000000001,465.65821882397131,POWER_HOURLY_PAIRED_PRODUCT_DAILY_MEAN
SH-EN-ALERCE,2024-01-13,2024,13,-40.1726,15.35,10.41,9.3300000000000001,318.56308472009368,POWER_HOURLY_PAIRED_PRODUCT_DAILY_MEAN
SH-EN-ALERCE,2024-01-14,2024,14,-40.1726,15.02,11.65,10.880000000000001,248.02710891744255,POWER_HOURLY_PAIRED_PRODUCT_DAILY_MEAN
SH-EN-ALERCE,2024-01-15,2024,15,-40.1726,16.710000000000001,11.27,11.4,257.76308597613155,POWER_HOURLY_PAIRED_PRODUCT_DAILY_MEAN
SH-EN-ALERCE,2024-01-16,2024,16,-40.1726,18.609999999999999,10.81,10.279999999999999,491.27929528106432,POWER_HOURLY_PAIRED_PRODUCT_DAILY_MEAN
SH-EN-ALERCE,2024-01-17,2024,17,-40.1726,17.109999999999999,11.92,11.58,295.70385151844727,POWER_HOURLY_PAIRED_PRODUCT_DAILY_MEAN
SH-EN-ALERCE,2024-01-18,2024,18,-40.1726,17.18,11.43,8.0899999999999999,562.50122803030376,POWER_HOURLY_PAIRED_PRODUCT_DAILY_MEAN
SH-EN-ALERCE,2024-01-19,2024,19,-40.1726,18.670000000000002,10.67,8.9600000000000009,561.14052055821321,POWER_HOURLY_PAIRED_PRODUCT_DAILY_MEAN
SH-EN-ALERCE,2024-01-20,2024,20,-40.1726,19.539999999999999,10.41,7.0199999999999996,729.05595013373602,POWER_HOURLY_PAIRED_PRODUCT_DAILY_MEAN
SH-EN-ALERCE,2024-01-21,2024,21,-40.1726,21.609999999999999,10.58,7.4900000000000002,841.18527959779374,POWER_HOURLY_PAIRED_PRODUCT_DAILY_MEAN
SH-EN-ALERCE,2024-01-22,2024,22,-40.1726,24.420000000000002,12.58,10.07,847.14352700862003,POWER_HOURLY_PAIRED_PRODUCT_DAILY_MEAN
SH-EN-ALERCE,2024-01-23,2024,23,-40.1726,19.75,12.67,10.48,562.55032151680177,POWER_HOURLY_PAIRED_PRODUCT_DAILY_MEAN
SH-EN-ALERCE,2024-01-24,2024,24,-40.1726,18.199999999999999,11.779999999999999,11.43,354.40739747653015,POWER_HOURLY_PAIRED_PRODUCT_DAILY_MEAN
SH-EN-ALERCE,2024-01-25,2024,25,-40.1726,21.32,13,12.65,411.8319671063025,POWER_HOURLY_PAIRED_PRODUCT_DAILY_MEAN
SH-EN-ALERCE,2024-01-26,2024,26,-40.1726,17.52,12.869999999999999,12.91,231.77479927498257,POWER_HOURLY_PAIRED_PRODUCT_DAILY_MEAN
SH-EN-ALERCE,2024-01-27,2024,27,-40.1726,20.140000000000001,13.07,11.289999999999999,572.87830237842513,POWER_HOURLY_PAIRED_PRODUCT_DAILY_MEAN
SH-EN-ALERCE,2024-01-28,2024,28,-40.1726,18.34,12.27,7.5499999999999998,660.94999299370693,POWER_HOURLY_PAIRED_PRODUCT_DAILY_MEAN
SH-EN-ALERCE,2024-01-29,2024,29,-40.1726,20.309999999999999,10.56,8.6999999999999993,623.78875760032622,POWER_HOURLY_PAIRED_PRODUCT_DAILY_MEAN
SH-EN-ALERCE,2024-01-30,2024,30,-40.1726,18.280000000000001,12.039999999999999,11.74,381.2740276942427,POWER_HOURLY_PAIRED_PRODUCT_DAILY_MEAN
SH-EN-ALERCE,2024-01-31,2024,31,-40.1726,19.079999999999998,13.779999999999999,13.76,308.29080303136874,POWER_HOURLY_PAIRED_PRODUCT_DAILY_MEAN
SH-EN-ALERCE,2024-02-01,2024,32,-40.1726,20.350000000000001,15.359999999999999,15.1,301.25906211489797,POWER_HOURLY_PAIRED_PRODUCT_DAILY_MEAN
SH-EN-ALERCE,2024-02-02,2024,33,-40.1726,18.530000000000001,13.52,14.57,232.63197173243006,POWER_HOURLY_PAIRED_PRODUCT_DAILY_MEAN
SH-EN-ALERCE,2024-02-03,2024,34,-40.1726,19.68,12.17,8.75,707.20634813116283,POWER_HOURLY_PAIRED_PRODUCT_DAILY_MEAN
SH-EN-ALERCE,2024-02-04,2024,35,-40.1726,20.75,11.800000000000001,9.6699999999999999,606.1797709649851,POWER_HOURLY_PAIRED_PRODUCT_DAILY_MEAN
SH-EN-ALERCE,2024-02-05,2024,36,-40.1726,17.77,14.199999999999999,14.41,174.69214270431488,POWER_HOURLY_PAIRED_PRODUCT_DAILY_MEAN
SH-EN-ALERCE,2024-02-06,2024,37,-40.1726,17.219999999999999,14.49,15.02,111.59637094550176,POWER_HOURLY_PAIRED_PRODUCT_DAILY_MEAN
SH-EN-ALERCE,2024-02-07,2024,38,-40.1726,16.789999999999999,11.92,7.9699999999999998,548.14962107967585,POWER_HOURLY_PAIRED_PRODUCT_DAILY_MEAN
SH-EN-ALERCE,2024-02-08,2024,39,-40.1726,18.25,11.039999999999999,9.0099999999999998,530.00732642056164,POWER_HOURLY_PAIRED_PRODUCT_DAILY_MEAN
SH-EN-ALERCE,2024-02-09,2024,40,-40.1726,22.57,12.109999999999999,9.8100000000000005,760.82424818428706,POWER_HOURLY_PAIRED_PRODUCT_DAILY_MEAN
SH-EN-ALERCE,2024-02-10,2024,41,-40.1726,18.309999999999999,12.529999999999999,11.59,404.36393106715263,POWER_HOURLY_PAIRED_PRODUCT_DAILY_MEAN
SH-EN-ALERCE,2024-02-11,2024,42,-40.1726,17.329999999999998,11.69,11.130000000000001,302.37995987401416,POWER_HOURLY_PAIRED_PRODUCT_DAILY_MEAN
SH-EN-ALERCE,2024-02-12,2024,43,-40.1726,19.75,8.9700000000000006,5.6299999999999999,794.17182955440194,POWER_HOURLY_PAIRED_PRODUCT_DAILY_MEAN
SH-EN-ALERCE,2024-02-13,2024,44,-40.1726,23.23,11.619999999999999,6.1399999999999997,1047.2919861816179,POWER_HOURLY_PAIRED_PRODUCT_DAILY_MEAN
SH-EN-ALERCE,2024-02-14,2024,45,-40.1726,19.059999999999999,11.75,8.9700000000000006,591.37415686562179,POWER_HOURLY_PAIRED_PRODUCT_DAILY_MEAN
SH-EN-ALERCE,2024-02-15,2024,46,-40.1726,18.879999999999999,11.51,9.2799999999999994,528.23194032229333,POWER_HOURLY_PAIRED_PRODUCT_DAILY_MEAN
SH-EN-ALERCE,2024-02-16,2024,47,-40.1726,16.559999999999999,12.44,11.44,290.12296025237123,POWER_HOURLY_PAIRED_PRODUCT_DAILY_MEAN
SH-EN-ALERCE,2024-02-17,2024,48,-40.1726,18.260000000000002,11.859999999999999,8.8699999999999992,555.18536581551405,POWER_HOURLY_PAIRED_PRODUCT_DAILY_MEAN
SH-EN-ALERCE,2024-02-18,2024,49,-40.1726,20.5,10.66,7.54,773.29406792783629,POWER_HOURLY_PAIRED_PRODUCT_DAILY_MEAN
SH-EN-ALERCE,2024-02-19,2024,50,-40.1726,21.960000000000001,12.539999999999999,10.44,652.82797333896076,POWER_HOURLY_PAIRED_PRODUCT_DAILY_MEAN
SH-EN-ALERCE,2024-02-20,2024,51,-40.1726,17.68,12.19,12.33,233.74190245989507,POWER_HOURLY_PAIRED_PRODUCT_DAILY_MEAN
SH-EN-ALERCE,2024-02-21,2024,52,-40.1726,15.33,11.460000000000001,11.83,175.54763536725,POWER_HOURLY_PAIRED_PRODUCT_DAILY_MEAN
SH-EN-ALERCE,2024-02-22,2024,53,-40.1726,15.81,11.06,10.609999999999999,273.73278340131168,POWER_HOURLY_PAIRED_PRODUCT_DAILY_MEAN
SH-EN-ALERCE,2024-02-23,2024,54,-40.1726,17.32,10.93,8.7699999999999996,490.71573993565539,POWER_HOURLY_PAIRED_PRODUCT_DAILY_MEAN
SH-EN-ALERCE,2024-02-24,2024,55,-40.1726,19.34,10.99,8.25,611.26293790845773,POWER_HOURLY_PAIRED_PRODUCT_DAILY_MEAN
SH-EN-ALERCE,2024-02-25,2024,56,-40.1726,18.190000000000001,11.720000000000001,9.8300000000000001,460.20838488247745,POWER_HOURLY_PAIRED_PRODUCT_DAILY_MEAN
SH-EN-ALERCE,2024-02-26,2024,57,-40.1726,16.68,10.859999999999999,11.41,226.36217845253532,POWER_HOURLY_PAIRED_PRODUCT_DAILY_MEAN
SH-EN-ALERCE,2024-02-27,2024,58,-40.1726,15.51,11.99,12.48,150.19464231805821,POWER_HOURLY_PAIRED_PRODUCT_DAILY_MEAN
SH-EN-ALERCE,2024-02-28,2024,59,-40.1726,17.059999999999999,11.65,10.23,394.31842957039862,POWER_HOURLY_PAIRED_PRODUCT_DAILY_MEAN
SH-EN-ALERCE,2024-02-29,2024,60,-40.1726,18.449999999999999,10.279999999999999,8.1600000000000001,567.05683165915218,POWER_HOURLY_PAIRED_PRODUCT_DAILY_MEAN
SH-EN-ALERCE,2024-03-01,2024,61,-40.1726,16.800000000000001,10.58,10.390000000000001,298.15959880612502,POWER_HOURLY_PAIRED_PRODUCT_DAILY_MEAN
SH-EN-ALERCE,2024-03-02,2024,62,-40.1726,16.25,10.82,8.1099999999999994,490.66657152471777,POWER_HOURLY_PAIRED_PRODUCT_DAILY_MEAN
SH-EN-ALERCE,2024-03-03,2024,63,-40.1726,16.649999999999999,9.3699999999999992,6.6699999999999999,527.28290762851964,POWER_HOURLY_PAIRED_PRODUCT_DAILY_MEAN
SH-EN-ALERCE,2024-03-04,2024,64,-40.1726,19.109999999999999,8.9600000000000009,7.46,577.11681056967734,POWER_HOURLY_PAIRED_PRODUCT_DAILY_MEAN
SH-EN-ALERCE,2024-03-05,2024,65,-40.1726,16.469999999999999,10.880000000000001,10.58,256.12734605268605,POWER_HOURLY_PAIRED_PRODUCT_DAILY_MEAN
SH-EN-ALERCE,2024-03-06,2024,66,-40.1726,15.02,9.6999999999999993,8.0399999999999991,348.2181331107372,POWER_HOURLY_PAIRED_PRODUCT_DAILY_MEAN
SH-EN-ALERCE,2024-03-07,2024,67,-40.1726,13.49,8.7899999999999991,9.0199999999999996,220.54555361715822,POWER_HOURLY_PAIRED_PRODUCT_DAILY_MEAN
SH-EN-ALERCE,2024-03-08,2024,68,-40.1726,14.449999999999999,12.49,9.5600000000000005,354.41491719647803,POWER_HOURLY_PAIRED_PRODUCT_DAILY_MEAN
SH-EN-ALERCE,2024-03-09,2024,69,-40.1726,15.01,12.19,11.07,232.98784611928454,POWER_HOURLY_PAIRED_PRODUCT_DAILY_MEAN
SH-EN-ALERCE,2024-03-10,2024,70,-40.1726,15.130000000000001,11.789999999999999,11.59,170.38589265029785,POWER_HOURLY_PAIRED_PRODUCT_DAILY_MEAN
SH-EN-ALERCE,2024-03-11,2024,71,-40.1726,15.210000000000001,11.66,12.23,146.43105184224598,POWER_HOURLY_PAIRED_PRODUCT_DAILY_MEAN
SH-EN-ALERCE,2024-03-12,2024,72,-40.1726,15.710000000000001,12.67,11.17,296.5218883942311,POWER_HOURLY_PAIRED_PRODUCT_DAILY_MEAN
SH-EN-ALERCE,2024-03-13,2024,73,-40.1726,15.56,12.25,11.56,247.85914156740293,POWER_HOURLY_PAIRED_PRODUCT_DAILY_MEAN
SH-EN-ALERCE,2024-03-14,2024,74,-40.1726,15.24,11.32,7.8399999999999999,446.49442847294705,POWER_HOURLY_PAIRED_PRODUCT_DAILY_MEAN
SH-EN-ALERCE,2024-03-15,2024,75,-40.1726,14.609999999999999,11.800000000000001,10.85,229.72095567192198,POWER_HOURLY_PAIRED_PRODUCT_DAILY_MEAN
SH-EN-ALERCE,2024-03-16,2024,76,-40.1726,14.77,10.43,8.4399999999999995,379.70287805192106,POWER_HOURLY_PAIRED_PRODUCT_DAILY_MEAN
SH-EN-ALERCE,2024-03-17,2024,77,-40.1726,15.109999999999999,10.210000000000001,7.4400000000000004,419.65692598719323,POWER_HOURLY_PAIRED_PRODUCT_DAILY_MEAN
SH-EN-ALERCE,2024-03-18,2024,78,-40.1726,15.619999999999999,11.83,8.7699999999999996,401.66235623251708,POWER_HOURLY_PAIRED_PRODUCT_DAILY_MEAN
SH-EN-ALERCE,2024-03-19,2024,79,-40.1726,14.630000000000001,12.15,12.33,123.46380575214482,POWER_HOURLY_PAIRED_PRODUCT_DAILY_MEAN
SH-EN-ALERCE,2024-03-20,2024,80,-40.1726,14.1,8.6300000000000008,6.4400000000000004,433.66924046658409,POWER_HOURLY_PAIRED_PRODUCT_DAILY_MEAN
SH-EN-ALERCE,2024-03-21,2024,81,-40.1726,18.030000000000001,7.9000000000000004,4.5700000000000003,672.52647133696939,POWER_HOURLY_PAIRED_PRODUCT_DAILY_MEAN
SH-EN-ALERCE,2024-03-22,2024,82,-40.1726,15.550000000000001,11.77,11.460000000000001,202.37528182597418,POWER_HOURLY_PAIRED_PRODUCT_DAILY_MEAN
SH-EN-ALERCE,2024-03-23,2024,83,-40.1726,16.780000000000001,12.98,13.56,143.87193044677088,POWER_HOURLY_PAIRED_PRODUCT_DAILY_MEAN
SH-EN-ALERCE,2024-03-24,2024,84,-40.1726,18.530000000000001,12.140000000000001,11.91,324.75327098085916,POWER_HOURLY_PAIRED_PRODUCT_DAILY_MEAN
SH-EN-ALERCE,2024-03-25,2024,85,-40.1726,19.91,12.390000000000001,12.6,348.7359841765313,POWER_HOURLY_PAIRED_PRODUCT_DAILY_MEAN
SH-EN-ALERCE,2024-03-26,2024,86,-40.1726,17.699999999999999,12.94,13.59,192.26790125746996,POWER_HOURLY_PAIRED_PRODUCT_DAILY_MEAN
SH-EN-ALERCE,2024-03-27,2024,87,-40.1726,18.780000000000001,11.49,10.619999999999999,424.97660756101158,POWER_HOURLY_PAIRED_PRODUCT_DAILY_MEAN
SH-EN-ALERCE,2024-03-28,2024,88,-40.1726,18.609999999999999,11.82,11.449999999999999,368.84435548551937,POWER_HOURLY_PAIRED_PRODUCT_DAILY_MEAN
SH-EN-ALERCE,2024-03-29,2024,89,-40.1726,15.800000000000001,11.18,8.75,408.73248452544266,POWER_HOURLY_PAIRED_PRODUCT_DAILY_MEAN
SH-EN-ALERCE,2024-03-30,2024,90,-40.1726,15.52,9.8000000000000007,7.5899999999999999,412.86692024956045,POWER_HOURLY_PAIRED_PRODUCT_DAILY_MEAN
SH-EN-ALERCE,2024-03-31,2024,91,-40.1726,14.640000000000001,8.4600000000000009,6.3399999999999999,380.31952300000279,POWER_HOURLY_PAIRED_PRODUCT_DAILY_MEAN
SH-EN-ALERCE,2024-04-01,2024,92,-40.1726,14.74,8.0299999999999994,6.29,378.29234836442197,POWER_HOURLY_PAIRED_PRODUCT_DAILY_MEAN
SH-EN-ALERCE,2024-04-02,2024,93,-40.1726,14.529999999999999,11.23,9.8900000000000006,275.04157472461355,POWER_HOURLY_PAIRED_PRODUCT_DAILY_MEAN
SH-EN-ALERCE,2024-04-03,2024,94,-40.1726,13.6,11.539999999999999,8.4399999999999995,375.21013540516293,POWER_HOURLY_PAIRED_PRODUCT_DAILY_MEAN
SH-EN-ALERCE,2024-04-04,2024,95,-40.1726,14.35,11.470000000000001,11.529999999999999,168.75535211294985,POWER_HOURLY_PAIRED_PRODUCT_DAILY_MEAN
SH-EN-ALERCE,2024-04-05,2024,96,-40.1726,16.059999999999999,9.9800000000000004,9.8699999999999992,255.07315234766273,POWER_HOURLY_PAIRED_PRODUCT_DAILY_MEAN
SH-EN-ALERCE,2024-04-06,2024,97,-40.1726,15.119999999999999,11.56,11.880000000000001,150.51640004737149,POWER_HOURLY_PAIRED_PRODUCT_DAILY_MEAN
SH-EN-ALERCE,2024-04-07,2024,98,-40.1726,15.59,12.98,12.800000000000001,127.37098354732166,POWER_HOURLY_PAIRED_PRODUCT_DAILY_MEAN
SH-EN-ALERCE,2024-04-08,2024,99,-40.1726,14.73,8.9100000000000001,9.6300000000000008,281.95334090807955,POWER_HOURLY_PAIRED_PRODUCT_DAILY_MEAN
SH-EN-ALERCE,2024-04-09,2024,100,-40.1726,14.550000000000001,6.7699999999999996,4.2699999999999996,430.53511314679827,POWER_HOURLY_PAIRED_PRODUCT_DAILY_MEAN
SH-EN-ALERCE,2024-04-10,2024,101,-40.1726,17.43,7.8899999999999997,4.2800000000000002,653.49207885971248,POWER_HOURLY_PAIRED_PRODUCT_DAILY_MEAN
SH-EN-ALERCE,2024-04-11,2024,102,-40.1726,17.32,9.2599999999999998,5.2199999999999998,612.07836325408857,POWER_HOURLY_PAIRED_PRODUCT_DAILY_MEAN
SH-EN-ALERCE,2024-04-12,2024,103,-40.1726,17.030000000000001,8.4199999999999999,7.3899999999999997,464.2219116298732,POWER_HOURLY_PAIRED_PRODUCT_DAILY_MEAN
SH-EN-ALERCE,2024-04-13,2024,104,-40.1726,20.890000000000001,10.800000000000001,8.4100000000000001,656.15121835801517,POWER_HOURLY_PAIRED_PRODUCT_DAILY_MEAN
SH-EN-ALERCE,2024-04-14,2024,105,-40.1726,19.800000000000001,11.369999999999999,8.2599999999999998,565.27204956845821,POWER_HOURLY_PAIRED_PRODUCT_DAILY_MEAN
SH-EN-ALERCE,2024-04-15,2024,106,-40.1726,14.380000000000001,10.82,11.34,127.15828337194922,POWER_HOURLY_PAIRED_PRODUCT_DAILY_MEAN
SH-EN-ALERCE,2024-04-16,2024,107,-40.1726,13.75,9.8499999999999996,10.789999999999999,137.35807461605896,POWER_HOURLY_PAIRED_PRODUCT_DAILY_MEAN
SH-EN-ALERCE,2024-04-17,2024,108,-40.1726,12.890000000000001,9.4800000000000004,8.1099999999999994,223.82709982245333,POWER_HOURLY_PAIRED_PRODUCT_DAILY_MEAN
SH-EN-ALERCE,2024-04-18,2024,109,-40.1726,13.69,10.300000000000001,10.43,196.25399360338511,POWER_HOURLY_PAIRED_PRODUCT_DAILY_MEAN
SH-EN-ALERCE,2024-04-19,2024,110,-40.1726,12.880000000000001,9.9199999999999999,7.8300000000000001,323.36592489229992,POWER_HOURLY_PAIRED_PRODUCT_DAILY_MEAN
SH-EN-ALERCE,2024-04-20,2024,111,-40.1726,13.779999999999999,9.3100000000000005,6.9900000000000002,348.37471061399879,POWER_HOURLY_PAIRED_PRODUCT_DAILY_MEAN
SH-EN-ALERCE,2024-04-21,2024,112,-40.1726,15.619999999999999,8.7699999999999996,6.9500000000000002,400.18214501452417,POWER_HOURLY_PAIRED_PRODUCT_DAILY_MEAN
SH-EN-ALERCE,2024-04-22,2024,113,-40.1726,12.24,9.7699999999999996,8.1099999999999994,205.05088443763245,POWER_HOURLY_PAIRED_PRODUCT_DAILY_MEAN
SH-EN-ALERCE,2024-04-23,2024,114,-40.1726,12.67,9.8200000000000003,5.8799999999999999,373.51321669887989,POWER_HOURLY_PAIRED_PRODUCT_DAILY_MEAN
SH-EN-ALERCE,2024-04-24,2024,115,-40.1726,13.67,10.369999999999999,10.220000000000001,159.8467348745248,POWER_HOURLY_PAIRED_PRODUCT_DAILY_MEAN
SH-EN-ALERCE,2024-04-25,2024,116,-40.1726,13.65,10.32,9.7300000000000004,246.87392950541178,POWER_HOURLY_PAIRED_PRODUCT_DAILY_MEAN
SH-EN-ALERCE,2024-04-26,2024,117,-40.1726,10.83,9.7799999999999994,6.2199999999999998,299.24666914249633,POWER_HOURLY_PAIRED_PRODUCT_DAILY_MEAN
SH-EN-ALERCE,2024-04-27,2024,118,-40.1726,11.300000000000001,9.3699999999999992,7.0499999999999998,266.6446535199247,POWER_HOURLY_PAIRED_PRODUCT_DAILY_MEAN
SH-EN-ALERCE,2024-04-28,2024,119,-40.1726,12.359999999999999,11.369999999999999,10.41,129.9678732312984,POWER_HOURLY_PAIRED_PRODUCT_DAILY_MEAN
SH-EN-ALERCE,2024-04-29,2024,120,-40.1726,12.65,8.3100000000000005,7.9699999999999998,200.4799465352045,POWER_HOURLY_PAIRED_PRODUCT_DAILY_MEAN
SH-EN-ALERCE,2024-04-30,2024,121,-40.1726,9.9399999999999995,8.0299999999999994,4.3899999999999997,299.37525376544431,POWER_HOURLY_PAIRED_PRODUCT_DAILY_MEAN
SH-EN-ALERCE,2024-05-01,2024,122,-40.1726,9.4299999999999997,6.8799999999999999,4.8499999999999996,234.90871111179001,POWER_HOURLY_PAIRED_PRODUCT_DAILY_MEAN
SH-EN-ALERCE,2024-05-02,2024,123,-40.1726,10.83,7.3600000000000003,3.5800000000000001,350.80355746013487,POWER_HOURLY_PAIRED_PRODUCT_DAILY_MEAN
SH-EN-ALERCE,2024-05-03,2024,124,-40.1726,11.449999999999999,7.6699999999999999,8.8100000000000005,119.10732339417876,POWER_HOURLY_PAIRED_PRODUCT_DAILY_MEAN
SH-EN-ALERCE,2024-05-04,2024,125,-40.1726,10.630000000000001,9.0999999999999996,5.4299999999999997,321.93792656244659,POWER_HOURLY_PAIRED_PRODUCT_DAILY_MEAN
SH-EN-ALERCE,2024-05-05,2024,126,-40.1726,10.699999999999999,7.75,5.6600000000000001,217.55537164175436,POWER_HOURLY_PAIRED_PRODUCT_DAILY_MEAN
SH-EN-ALERCE,2024-05-06,2024,127,-40.1726,11.050000000000001,9.0899999999999999,9.0099999999999998,120.40060823671801,POWER_HOURLY_PAIRED_PRODUCT_DAILY_MEAN
SH-EN-ALERCE,2024-05-07,2024,128,-40.1726,9.3599999999999994,7.1299999999999999,5.3200000000000003,197.7179821652131,POWER_HOURLY_PAIRED_PRODUCT_DAILY_MEAN
SH-EN-ALERCE,2024-05-08,2024,129,-40.1726,10.470000000000001,7.79,7.5499999999999998,158.51447931197612,POWER_HOURLY_PAIRED_PRODUCT_DAILY_MEAN
SH-EN-ALERCE,2024-05-09,2024,130,-40.1726,11.5,8.9499999999999993,7.1399999999999997,223.56105608050538,POWER_HOURLY_PAIRED_PRODUCT_DAILY_MEAN
SH-EN-ALERCE,2024-05-10,2024,131,-40.1726,10.09,8.7699999999999996,6.6100000000000003,197.94696069573612,POWER_HOURLY_PAIRED_PRODUCT_DAILY_MEAN
SH-EN-ALERCE,2024-05-11,2024,132,-40.1726,10.359999999999999,7.4800000000000004,6.4000000000000004,165.257297421874,POWER_HOURLY_PAIRED_PRODUCT_DAILY_MEAN
SH-EN-ALERCE,2024-05-12,2024,133,-40.1726,10.17,5.3899999999999997,4.25,200.86665250848492,POWER_HOURLY_PAIRED_PRODUCT_DAILY_MEAN
SH-EN-ALERCE,2024-05-13,2024,134,-40.1726,11.91,5.1399999999999997,2.4100000000000001,325.76276216206139,POWER_HOURLY_PAIRED_PRODUCT_DAILY_MEAN
SH-EN-ALERCE,2024-05-14,2024,135,-40.1726,11.869999999999999,4.71,2.3100000000000001,332.02914986060125,POWER_HOURLY_PAIRED_PRODUCT_DAILY_MEAN
SH-EN-ALERCE,2024-05-15,2024,136,-40.1726,11.69,4.3499999999999996,4.4199999999999999,220.75382510742406,POWER_HOURLY_PAIRED_PRODUCT_DAILY_MEAN
SH-EN-ALERCE,2024-05-16,2024,137,-40.1726,10.99,7.1900000000000004,6.1500000000000004,179.94069378236574,POWER_HOURLY_PAIRED_PRODUCT_DAILY_MEAN
SH-EN-ALERCE,2024-05-17,2024,138,-40.1726,13.029999999999999,5.6600000000000001,4.8399999999999999,272.65904550404849,POWER_HOURLY_PAIRED_PRODUCT_DAILY_MEAN
SH-EN-ALERCE,2024-05-18,2024,139,-40.1726,10.220000000000001,7.7000000000000002,6.2000000000000002,185.92252587307019,POWER_HOURLY_PAIRED_PRODUCT_DAILY_MEAN
SH-EN-ALERCE,2024-05-19,2024,140,-40.1726,10.56,8.3300000000000001,8.3000000000000007,76.974454063835552,POWER_HOURLY_PAIRED_PRODUCT_DAILY_MEAN
SH-EN-ALERCE,2024-05-20,2024,141,-40.1726,10.69,8.8800000000000008,7.3600000000000003,187.12182847063411,POWER_HOURLY_PAIRED_PRODUCT_DAILY_MEAN
SH-EN-ALERCE,2024-05-21,2024,142,-40.1726,10.949999999999999,8.4499999999999993,6.9500000000000002,204.51962521456582,POWER_HOURLY_PAIRED_PRODUCT_DAILY_MEAN
SH-EN-ALERCE,2024-05-22,2024,143,-40.1726,10.880000000000001,6.6600000000000001,5.6500000000000004,188.23469009970009,POWER_HOURLY_PAIRED_PRODUCT_DAILY_MEAN
SH-EN-ALERCE,2024-05-23,2024,144,-40.1726,9.3900000000000006,4.3700000000000001,4.0700000000000003,171.98832717633664,POWER_HOURLY_PAIRED_PRODUCT_DAILY_MEAN
SH-EN-ALERCE,2024-05-24,2024,145,-40.1726,9.8699999999999992,3.7400000000000002,1.9099999999999999,266.40047196024449,POWER_HOURLY_PAIRED_PRODUCT_DAILY_MEAN
SH-EN-ALERCE,2024-05-25,2024,146,-40.1726,12.09,5.9000000000000004,5.1200000000000001,249.0823464067922,POWER_HOURLY_PAIRED_PRODUCT_DAILY_MEAN
SH-EN-ALERCE,2024-05-26,2024,147,-40.1726,12.050000000000001,6.1500000000000004,5.4199999999999999,257.51190161007571,POWER_HOURLY_PAIRED_PRODUCT_DAILY_MEAN
SH-EN-ALERCE,2024-05-27,2024,148,-40.1726,11.18,8.2799999999999994,8.1400000000000006,106.15202537795197,POWER_HOURLY_PAIRED_PRODUCT_DAILY_MEAN
SH-EN-ALERCE,2024-05-28,2024,149,-40.1726,11.99,9.2799999999999994,9.0999999999999996,114.13420222207696,POWER_HOURLY_PAIRED_PRODUCT_DAILY_MEAN
SH-EN-ALERCE,2024-05-29,2024,150,-40.1726,11.17,8.6799999999999997,5.2199999999999998,319.23903739650319,POWER_HOURLY_PAIRED_PRODUCT_DAILY_MEAN
SH-EN-ALERCE,2024-05-30,2024,151,-40.1726,10.99,6.8799999999999999,5.2800000000000002,262.33851363074524,POWER_HOURLY_PAIRED_PRODUCT_DAILY_MEAN
SH-EN-ALERCE,2024-05-31,2024,152,-40.1726,10.18,7.4299999999999997,7.2300000000000004,123.74453787034504,POWER_HOURLY_PAIRED_PRODUCT_DAILY_MEAN
SH-EN-ALERCE,2024-06-01,2024,153,-40.1726,9.7200000000000006,7.4400000000000004,5.9000000000000004,192.05839121968526,POWER_HOURLY_PAIRED_PRODUCT_DAILY_MEAN
SH-EN-ALERCE,2024-06-02,2024,154,-40.1726,11.300000000000001,6.1799999999999997,3.5800000000000001,306.9779867348422,POWER_HOURLY_PAIRED_PRODUCT_DAILY_MEAN
SH-EN-ALERCE,2024-06-03,2024,155,-40.1726,10.58,7.3600000000000003,5.3899999999999997,235.61550757750163,POWER_HOURLY_PAIRED_PRODUCT_DAILY_MEAN
SH-EN-ALERCE,2024-06-04,2024,156,-40.1726,13.49,9.0899999999999999,9.7300000000000004,158.40535293674873,POWER_HOURLY_PAIRED_PRODUCT_DAILY_MEAN
SH-EN-ALERCE,2024-06-05,2024,157,-40.1726,12.789999999999999,11.99,11.9,42.886325622371821,POWER_HOURLY_PAIRED_PRODUCT_DAILY_MEAN
SH-EN-ALERCE,2024-06-06,2024,158,-40.1726,13.4,12.279999999999999,11.949999999999999,65.813260004751626,POWER_HOURLY_PAIRED_PRODUCT_DAILY_MEAN
SH-EN-ALERCE,2024-06-07,2024,159,-40.1726,12.699999999999999,11.48,11.4,60.784084374218537,POWER_HOURLY_PAIRED_PRODUCT_DAILY_MEAN
SH-EN-ALERCE,2024-06-08,2024,160,-40.1726,12.93,10.66,10.779999999999999,87.490687856532929,POWER_HOURLY_PAIRED_PRODUCT_DAILY_MEAN
SH-EN-ALERCE,2024-06-09,2024,161,-40.1726,11.66,10.18,10.119999999999999,82.400702828321656,POWER_HOURLY_PAIRED_PRODUCT_DAILY_MEAN
SH-EN-ALERCE,2024-06-10,2024,162,-40.1726,12.51,10.07,10.140000000000001,116.78103311410057,POWER_HOURLY_PAIRED_PRODUCT_DAILY_MEAN
SH-EN-ALERCE,2024-06-11,2024,163,-40.1726,12.43,10.970000000000001,10.68,78.38226442522371,POWER_HOURLY_PAIRED_PRODUCT_DAILY_MEAN
SH-EN-ALERCE,2024-06-12,2024,164,-40.1726,12.93,11.06,11.32,72.912949773846108,POWER_HOURLY_PAIRED_PRODUCT_DAILY_MEAN
SH-EN-ALERCE,2024-06-13,2024,165,-40.1726,12.140000000000001,10.720000000000001,10.81,62.764435925860745,POWER_HOURLY_PAIRED_PRODUCT_DAILY_MEAN
SH-EN-ALERCE,2024-06-14,2024,166,-40.1726,10.880000000000001,8.4800000000000004,8.5,108.61294196979726,POWER_HOURLY_PAIRED_PRODUCT_DAILY_MEAN
SH-EN-ALERCE,2024-06-15,2024,167,-40.1726,9.6300000000000008,7.5,6.5999999999999996,122.70352388679443,POWER_HOURLY_PAIRED_PRODUCT_DAILY_MEAN
SH-EN-ALERCE,2024-06-16,2024,168,-40.1726,11.24,8.6500000000000004,8.7100000000000009,94.02001064754279,POWER_HOURLY_PAIRED_PRODUCT_DAILY_MEAN
SH-EN-ALERCE,2024-06-17,2024,169,-40.1726,12,9.2599999999999998,8.5899999999999999,172.46456559705737,POWER_HOURLY_PAIRED_PRODUCT_DAILY_MEAN
SH-EN-ALERCE,2024-06-18,2024,170,-40.1726,8.9800000000000004,6.5599999999999996,5.54,167.88681553139747,POWER_HOURLY_PAIRED_PRODUCT_DAILY_MEAN
SH-EN-ALERCE,2024-06-19,2024,171,-40.1726,8,6.54,4.5899999999999999,155.09038353048615,POWER_HOURLY_PAIRED_PRODUCT_DAILY_MEAN
SH-EN-ALERCE,2024-06-20,2024,172,-40.1726,11.73,6.5199999999999996,8.9700000000000006,136.31749584147224,POWER_HOURLY_PAIRED_PRODUCT_DAILY_MEAN
SH-EN-ALERCE,2024-06-21,2024,173,-40.1726,11,7.8099999999999996,6.9800000000000004,155.86637407164213,POWER_HOURLY_PAIRED_PRODUCT_DAILY_MEAN
SH-EN-ALERCE,2024-06-22,2024,174,-40.1726,8.5700000000000003,6.8899999999999997,5.9900000000000002,129.20264024711142,POWER_HOURLY_PAIRED_PRODUCT_DAILY_MEAN
SH-EN-ALERCE,2024-06-23,2024,175,-40.1726,9.0299999999999994,7.3099999999999996,5.8799999999999999,153.74989252673663,POWER_HOURLY_PAIRED_PRODUCT_DAILY_MEAN
SH-EN-ALERCE,2024-06-24,2024,176,-40.1726,9.7300000000000004,4.9400000000000004,4.0199999999999996,202.37664757402649,POWER_HOURLY_PAIRED_PRODUCT_DAILY_MEAN
SH-EN-ALERCE,2024-06-25,2024,177,-40.1726,8.9199999999999999,3.9900000000000002,4.79,115.46127911585199,POWER_HOURLY_PAIRED_PRODUCT_DAILY_MEAN
SH-EN-ALERCE,2024-06-26,2024,178,-40.1726,10.92,9.1899999999999995,9.75,60.462823260240413,POWER_HOURLY_PAIRED_PRODUCT_DAILY_MEAN
SH-EN-ALERCE,2024-06-27,2024,179,-40.1726,9.6400000000000006,6.9699999999999998,6.2800000000000002,147.27823058122732,POWER_HOURLY_PAIRED_PRODUCT_DAILY_MEAN
SH-EN-ALERCE,2024-06-28,2024,180,-40.1726,8.2599999999999998,5.2000000000000002,2.9300000000000002,234.66659668894434,POWER_HOURLY_PAIRED_PRODUCT_DAILY_MEAN
SH-EN-ALERCE,2024-06-29,2024,181,-40.1726,9.1899999999999995,4.8399999999999999,3.4700000000000002,220.37714813750509,POWER_HOURLY_PAIRED_PRODUCT_DAILY_MEAN
SH-EN-ALERCE,2024-06-30,2024,182,-40.1726,10.9,7.7000000000000002,8.1500000000000004,79.376130915786391,POWER_HOURLY_PAIRED_PRODUCT_DAILY_MEAN
SH-EN-ALERCE,2024-07-01,2024,183,-40.1726,11.859999999999999,7.5099999999999998,8.3800000000000008,84.73766784025986,POWER_HOURLY_PAIRED_PRODUCT_DAILY_MEAN
SH-EN-ALERCE,2024-07-02,2024,184,-40.1726,10.9,5.71,5.1500000000000004,190.41354556325709,POWER_HOURLY_PAIRED_PRODUCT_DAILY_MEAN
SH-EN-ALERCE,2024-07-03,2024,185,-40.1726,8.4499999999999993,5.7800000000000002,4.0700000000000003,177.79035609755144,POWER_HOURLY_PAIRED_PRODUCT_DAILY_MEAN
SH-EN-ALERCE,2024-07-04,2024,186,-40.1726,7.2699999999999996,4.3600000000000003,2.1400000000000001,204.87806839486757,POWER_HOURLY_PAIRED_PRODUCT_DAILY_MEAN
SH-EN-ALERCE,2024-07-05,2024,187,-40.1726,7.6699999999999999,4.4500000000000002,2.8300000000000001,159.56767041879738,POWER_HOURLY_PAIRED_PRODUCT_DAILY_MEAN
SH-EN-ALERCE,2024-07-06,2024,188,-40.1726,8.7699999999999996,4.8700000000000001,5.2800000000000002,144.05471438867093,POWER_HOURLY_PAIRED_PRODUCT_DAILY_MEAN
SH-EN-ALERCE,2024-07-07,2024,189,-40.1726,9.3200000000000003,5.1799999999999997,4.6100000000000003,150.94088393146808,POWER_HOURLY_PAIRED_PRODUCT_DAILY_MEAN
SH-EN-ALERCE,2024-07-08,2024,190,-40.1726,9.2599999999999998,4.7699999999999996,4.1299999999999999,152.48124688019081,POWER_HOURLY_PAIRED_PRODUCT_DAILY_MEAN
SH-EN-ALERCE,2024-07-09,2024,191,-40.1726,9.5099999999999998,3.2799999999999998,2.0699999999999998,222.10214722913773,POWER_HOURLY_PAIRED_PRODUCT_DAILY_MEAN
SH-EN-ALERCE,2024-07-10,2024,192,-40.1726,8.7200000000000006,4.1600000000000001,4.7999999999999998,111.27690166462075,POWER_HOURLY_PAIRED_PRODUCT_DAILY_MEAN
SH-EN-ALERCE,2024-07-11,2024,193,-40.1726,10.210000000000001,4.8300000000000001,3.6200000000000001,208.57419912029741,POWER_HOURLY_PAIRED_PRODUCT_DAILY_MEAN
SH-EN-ALERCE,2024-07-12,2024,194,-40.1726,11.779999999999999,5,4.1299999999999999,223.77385029259258,POWER_HOURLY_PAIRED_PRODUCT_DAILY_MEAN
SH-EN-ALERCE,2024-07-13,2024,195,-40.1726,9.9299999999999997,4.1200000000000001,5.4000000000000004,125.73655858348262,POWER_HOURLY_PAIRED_PRODUCT_DAILY_MEAN
SH-EN-ALERCE,2024-07-14,2024,196,-40.1726,9.1099999999999994,6.7699999999999996,6.3700000000000001,111.61143376159596,POWER_HOURLY_PAIRED_PRODUCT_DAILY_MEAN
SH-EN-ALERCE,2024-07-15,2024,197,-40.1726,8.9600000000000009,6.7599999999999998,6.7199999999999998,64.558261953061404,POWER_HOURLY_PAIRED_PRODUCT_DAILY_MEAN
SH-EN-ALERCE,2024-07-16,2024,198,-40.1726,10.359999999999999,7.4000000000000004,6.9100000000000001,126.43186818920441,POWER_HOURLY_PAIRED_PRODUCT_DAILY_MEAN
SH-EN-ALERCE,2024-07-17,2024,199,-40.1726,11.32,7.6299999999999999,8.1600000000000001,97.407759491389911,POWER_HOURLY_PAIRED_PRODUCT_DAILY_MEAN
SH-EN-ALERCE,2024-07-18,2024,200,-40.1726,8.7799999999999994,4.0700000000000003,4.0199999999999996,177.94574877258106,POWER_HOURLY_PAIRED_PRODUCT_DAILY_MEAN
SH-EN-ALERCE,2024-07-19,2024,201,-40.1726,9.3300000000000001,3.2999999999999998,1.3999999999999999,236.70754235388941,POWER_HOURLY_PAIRED_PRODUCT_DAILY_MEAN
SH-EN-ALERCE,2024-07-20,2024,202,-40.1726,9.4100000000000001,3.1899999999999999,2.8100000000000001,188.65161034768724,POWER_HOURLY_PAIRED_PRODUCT_DAILY_MEAN
SH-EN-ALERCE,2024-07-21,2024,203,-40.1726,11.27,5.7699999999999996,6.29,115.72474505299192,POWER_HOURLY_PAIRED_PRODUCT_DAILY_MEAN
SH-EN-ALERCE,2024-07-22,2024,204,-40.1726,11.369999999999999,7.2199999999999998,7.71,100.58796118830975,POWER_HOURLY_PAIRED_PRODUCT_DAILY_MEAN
SH-EN-ALERCE,2024-07-23,2024,205,-40.1726,10.41,7.3700000000000001,8.0800000000000001,67.157612062131761,POWER_HOURLY_PAIRED_PRODUCT_DAILY_MEAN
SH-EN-ALERCE,2024-07-24,2024,206,-40.1726,10.24,9.3100000000000005,8.9000000000000004,64.563439044783408,POWER_HOURLY_PAIRED_PRODUCT_DAILY_MEAN
SH-EN-ALERCE,2024-07-25,2024,207,-40.1726,10.23,5.1500000000000004,5.4400000000000004,170.34492979430527,POWER_HOURLY_PAIRED_PRODUCT_DAILY_MEAN
SH-EN-ALERCE,2024-07-26,2024,208,-40.1726,8.9600000000000009,5.3200000000000003,4.3899999999999997,197.23293645049571,POWER_HOURLY_PAIRED_PRODUCT_DAILY_MEAN
SH-EN-ALERCE,2024-07-27,2024,209,-40.1726,8.2400000000000002,3.7000000000000002,3.0800000000000001,195.61658721454239,POWER_HOURLY_PAIRED_PRODUCT_DAILY_MEAN
SH-EN-ALERCE,2024-07-28,2024,210,-40.1726,8.3300000000000001,2.9500000000000002,1.6699999999999999,191.45006734014342,POWER_HOURLY_PAIRED_PRODUCT_DAILY_MEAN
SH-EN-ALERCE,2024-07-29,2024,211,-40.1726,9.4000000000000004,2.71,1.27,292.23968445747272,POWER_HOURLY_PAIRED_PRODUCT_DAILY_MEAN
SH-EN-ALERCE,2024-07-30,2024,212,-40.1726,9.5299999999999994,6.21,5.4100000000000001,180.06728544116848,POWER_HOURLY_PAIRED_PRODUCT_DAILY_MEAN
SH-EN-ALERCE,2024-07-31,2024,213,-40.1726,10.01,7.6799999999999997,6.1399999999999997,188.4160067699928,POWER_HOURLY_PAIRED_PRODUCT_DAILY_MEAN
SH-EN-ALERCE,2024-08-01,2024,214,-40.1726,11.779999999999999,5.8200000000000003,8.0099999999999998,86.294129624848281,POWER_HOURLY_PAIRED_PRODUCT_DAILY_MEAN
SH-EN-ALERCE,2024-08-02,2024,215,-40.1726,10.5,8.9199999999999999,8.2799999999999994,129.64945015864004,POWER_HOURLY_PAIRED_PRODUCT_DAILY_MEAN
SH-EN-ALERCE,2024-08-03,2024,216,-40.1726,9.0700000000000003,8.1799999999999997,7.0800000000000001,119.55234701859467,POWER_HOURLY_PAIRED_PRODUCT_DAILY_MEAN
SH-EN-ALERCE,2024-08-04,2024,217,-40.1726,9.9700000000000006,8.0899999999999999,7.5300000000000002,92.8781668723026,POWER_HOURLY_PAIRED_PRODUCT_DAILY_MEAN
SH-EN-ALERCE,2024-08-05,2024,218,-40.1726,9.6899999999999995,6.1799999999999997,6.3300000000000001,120.09749198520042,POWER_HOURLY_PAIRED_PRODUCT_DAILY_MEAN
SH-EN-ALERCE,2024-08-06,2024,219,-40.1726,8.6300000000000008,5.4900000000000002,3.0699999999999998,224.18259231471123,POWER_HOURLY_PAIRED_PRODUCT_DAILY_MEAN
SH-EN-ALERCE,2024-08-07,2024,220,-40.1726,9.1600000000000001,4.5300000000000002,2.4199999999999999,229.03925461690289,POWER_HOURLY_PAIRED_PRODUCT_DAILY_MEAN
SH-EN-ALERCE,2024-08-08,2024,221,-40.1726,8.5399999999999991,3.1400000000000001,2.46,199.56125280961962,POWER_HOURLY_PAIRED_PRODUCT_DAILY_MEAN
SH-EN-ALERCE,2024-08-09,2024,222,-40.1726,9.9100000000000001,6.6699999999999999,6.4400000000000004,133.12116609647089,POWER_HOURLY_PAIRED_PRODUCT_DAILY_MEAN
SH-EN-ALERCE,2024-08-10,2024,223,-40.1726,9.75,6.6900000000000004,6.3899999999999997,148.19155016779931,POWER_HOURLY_PAIRED_PRODUCT_DAILY_MEAN
SH-EN-ALERCE,2024-08-11,2024,224,-40.1726,9.3499999999999996,6.3700000000000001,4.21,211.86294013808663,POWER_HOURLY_PAIRED_PRODUCT_DAILY_MEAN
SH-EN-ALERCE,2024-08-12,2024,225,-40.1726,10.58,6.2699999999999996,6.1299999999999999,164.13560765113712,POWER_HOURLY_PAIRED_PRODUCT_DAILY_MEAN
SH-EN-ALERCE,2024-08-13,2024,226,-40.1726,10.4,8.8699999999999992,9.5899999999999999,30.125133731284421,POWER_HOURLY_PAIRED_PRODUCT_DAILY_MEAN
SH-EN-ALERCE,2024-08-14,2024,227,-40.1726,10.24,7.71,7.0300000000000002,125.87436982202524,POWER_HOURLY_PAIRED_PRODUCT_DAILY_MEAN
SH-EN-ALERCE,2024-08-15,2024,228,-40.1726,9.9700000000000006,5.96,5.4500000000000002,163.21186340766141,POWER_HOURLY_PAIRED_PRODUCT_DAILY_MEAN
SH-EN-ALERCE,2024-08-16,2024,229,-40.1726,8.8100000000000005,4.8399999999999999,4.3300000000000001,132.49980325414592,POWER_HOURLY_PAIRED_PRODUCT_DAILY_MEAN
SH-EN-ALERCE,2024-08-17,2024,230,-40.1726,8.4100000000000001,4.1399999999999997,3.6800000000000002,148.50950121082158,POWER_HOURLY_PAIRED_PRODUCT_DAILY_MEAN
SH-EN-ALERCE,2024-08-18,2024,231,-40.1726,8.5700000000000003,3.21,2.0699999999999998,218.24332900669205,POWER_HOURLY_PAIRED_PRODUCT_DAILY_MEAN
SH-EN-ALERCE,2024-08-19,2024,232,-40.1726,10.82,4.9900000000000002,3.2999999999999998,254.40395365108233,POWER_HOURLY_PAIRED_PRODUCT_DAILY_MEAN
SH-EN-ALERCE,2024-08-20,2024,233,-40.1726,8.8100000000000005,4.3200000000000003,4.5099999999999998,124.3803077000329,POWER_HOURLY_PAIRED_PRODUCT_DAILY_MEAN
SH-EN-ALERCE,2024-08-21,2024,234,-40.1726,6.5199999999999996,4.9100000000000001,3.98,108.6464870069567,POWER_HOURLY_PAIRED_PRODUCT_DAILY_MEAN
SH-EN-ALERCE,2024-08-22,2024,235,-40.1726,8.1500000000000004,5.9199999999999999,4.0899999999999999,158.77451141718413,POWER_HOURLY_PAIRED_PRODUCT_DAILY_MEAN
SH-EN-ALERCE,2024-08-23,2024,236,-40.1726,8.1199999999999992,5.1100000000000003,3.23,177.09813252683344,POWER_HOURLY_PAIRED_PRODUCT_DAILY_MEAN
SH-EN-ALERCE,2024-08-24,2024,237,-40.1726,9.4299999999999997,4.9500000000000002,1.77,323.52469913514778,POWER_HOURLY_PAIRED_PRODUCT_DAILY_MEAN
SH-EN-ALERCE,2024-08-25,2024,238,-40.1726,9.5600000000000005,5.6900000000000004,5.6900000000000004,157.31428801697172,POWER_HOURLY_PAIRED_PRODUCT_DAILY_MEAN
SH-EN-ALERCE,2024-08-26,2024,239,-40.1726,9.0099999999999998,4.9400000000000004,5.0700000000000003,166.28667815001549,POWER_HOURLY_PAIRED_PRODUCT_DAILY_MEAN
SH-EN-ALERCE,2024-08-27,2024,240,-40.1726,10.800000000000001,4.1200000000000001,3.54,226.1684089168709,POWER_HOURLY_PAIRED_PRODUCT_DAILY_MEAN
SH-EN-ALERCE,2024-08-28,2024,241,-40.1726,11.67,4.8499999999999996,4.6900000000000004,212.88242965270089,POWER_HOURLY_PAIRED_PRODUCT_DAILY_MEAN
SH-EN-ALERCE,2024-08-29,2024,242,-40.1726,14.300000000000001,5.7000000000000002,5.8799999999999999,291.11276462440225,POWER_HOURLY_PAIRED_PRODUCT_DAILY_MEAN
SH-EN-ALERCE,2024-08-30,2024,243,-40.1726,11.779999999999999,5.8399999999999999,6.2300000000000004,179.86617753315002,POWER_HOURLY_PAIRED_PRODUCT_DAILY_MEAN
SH-EN-ALERCE,2024-08-31,2024,244,-40.1726,9.4000000000000004,7.8300000000000001,6.9299999999999997,100.54298527024089,POWER_HOURLY_PAIRED_PRODUCT_DAILY_MEAN
SH-EN-ALERCE,2024-09-01,2024,245,-40.1726,10.41,8.0399999999999991,8.0800000000000001,99.799951964200204,POWER_HOURLY_PAIRED_PRODUCT_DAILY_MEAN
SH-EN-ALERCE,2024-09-02,2024,246,-40.1726,9.5,6.4299999999999997,5.7400000000000002,163.59219668573607,POWER_HOURLY_PAIRED_PRODUCT_DAILY_MEAN
SH-EN-ALERCE,2024-09-03,2024,247,-40.1726,8.6400000000000006,5.9299999999999997,6.21,93.377048367571845,POWER_HOURLY_PAIRED_PRODUCT_DAILY_MEAN
SH-EN-ALERCE,2024-09-04,2024,248,-40.1726,8.7699999999999996,5.2599999999999998,3.4500000000000002,184.4204957390925,POWER_HOURLY_PAIRED_PRODUCT_DAILY_MEAN
SH-EN-ALERCE,2024-09-05,2024,249,-40.1726,10.6,5.4699999999999998,7.6100000000000003,69.507184499122118,POWER_HOURLY_PAIRED_PRODUCT_DAILY_MEAN
SH-EN-ALERCE,2024-09-06,2024,250,-40.1726,9.3699999999999992,7.6799999999999997,6.1100000000000003,156.6564142122933,POWER_HOURLY_PAIRED_PRODUCT_DAILY_MEAN
SH-EN-ALERCE,2024-09-07,2024,251,-40.1726,9.7699999999999996,6.8899999999999997,5.9100000000000001,161.72028967399623,POWER_HOURLY_PAIRED_PRODUCT_DAILY_MEAN
SH-EN-ALERCE,2024-09-08,2024,252,-40.1726,8.1699999999999999,6.79,5.7599999999999998,110.10673564048973,POWER_HOURLY_PAIRED_PRODUCT_DAILY_MEAN
SH-EN-ALERCE,2024-09-09,2024,253,-40.1726,10.550000000000001,6.1799999999999997,7.1399999999999997,97.018350283473481,POWER_HOURLY_PAIRED_PRODUCT_DAILY_MEAN
SH-EN-ALERCE,2024-09-10,2024,254,-40.1726,8.9199999999999999,4.6500000000000004,4.8300000000000001,145.43609614933558,POWER_HOURLY_PAIRED_PRODUCT_DAILY_MEAN
SH-EN-ALERCE,2024-09-11,2024,255,-40.1726,8.9299999999999997,3.9300000000000002,2.8700000000000001,201.25478509332049,POWER_HOURLY_PAIRED_PRODUCT_DAILY_MEAN
SH-EN-ALERCE,2024-09-12,2024,256,-40.1726,9.5600000000000005,5.8499999999999996,5.8899999999999997,126.06085573532293,POWER_HOURLY_PAIRED_PRODUCT_DAILY_MEAN
SH-EN-ALERCE,2024-09-13,2024,257,-40.1726,10.07,5.5599999999999996,6.2999999999999998,124.72461828578344,POWER_HOURLY_PAIRED_PRODUCT_DAILY_MEAN
SH-EN-ALERCE,2024-09-14,2024,258,-40.1726,10.24,5.4699999999999998,5.2300000000000004,167.6223338151101,POWER_HOURLY_PAIRED_PRODUCT_DAILY_MEAN
SH-EN-ALERCE,2024-09-15,2024,259,-40.1726,10.44,5.3099999999999996,4.9800000000000004,220.00365130336502,POWER_HOURLY_PAIRED_PRODUCT_DAILY_MEAN
SH-EN-ALERCE,2024-09-16,2024,260,-40.1726,11.66,5.0499999999999998,4.5800000000000001,220.55930479205176,POWER_HOURLY_PAIRED_PRODUCT_DAILY_MEAN
SH-EN-ALERCE,2024-09-17,2024,261,-40.1726,10.06,5.5700000000000003,5.4699999999999998,152.5900007016667,POWER_HOURLY_PAIRED_PRODUCT_DAILY_MEAN
SH-EN-ALERCE,2024-09-18,2024,262,-40.1726,11.02,6.8799999999999999,7.0099999999999998,146.02433911025651,POWER_HOURLY_PAIRED_PRODUCT_DAILY_MEAN
SH-EN-ALERCE,2024-09-19,2024,263,-40.1726,11.050000000000001,7.3200000000000003,7.4299999999999997,133.73244873708629,POWER_HOURLY_PAIRED_PRODUCT_DAILY_MEAN
SH-EN-ALERCE,2024-09-20,2024,264,-40.1726,9.7599999999999998,7.5700000000000003,7.6100000000000003,112.16563679334139,POWER_HOURLY_PAIRED_PRODUCT_DAILY_MEAN
SH-EN-ALERCE,2024-09-21,2024,265,-40.1726,10.449999999999999,7.9699999999999998,6.7199999999999998,190.41002600335642,POWER_HOURLY_PAIRED_PRODUCT_DAILY_MEAN
SH-EN-ALERCE,2024-09-22,2024,266,-40.1726,9.9499999999999993,6.9199999999999999,6.6500000000000004,144.43768767928586,POWER_HOURLY_PAIRED_PRODUCT_DAILY_MEAN
SH-EN-ALERCE,2024-09-23,2024,267,-40.1726,8.3599999999999994,6.2400000000000002,4.1399999999999997,204.58111228476318,POWER_HOURLY_PAIRED_PRODUCT_DAILY_MEAN
SH-EN-ALERCE,2024-09-24,2024,268,-40.1726,8.7400000000000002,5.5999999999999996,5.9900000000000002,111.90077580702236,POWER_HOURLY_PAIRED_PRODUCT_DAILY_MEAN
SH-EN-ALERCE,2024-09-25,2024,269,-40.1726,9.6899999999999995,4.6699999999999999,3.3799999999999999,208.54888810141554,POWER_HOURLY_PAIRED_PRODUCT_DAILY_MEAN
SH-EN-ALERCE,2024-09-26,2024,270,-40.1726,10.33,3.4300000000000002,2.6899999999999999,249.96675625977971,POWER_HOURLY_PAIRED_PRODUCT_DAILY_MEAN
SH-EN-ALERCE,2024-09-27,2024,271,-40.1726,10.779999999999999,6.1100000000000003,7.7800000000000002,79.269914201697489,POWER_HOURLY_PAIRED_PRODUCT_DAILY_MEAN
SH-EN-ALERCE,2024-09-28,2024,272,-40.1726,11.789999999999999,10.26,9.7699999999999996,90.516121323736101,POWER_HOURLY_PAIRED_PRODUCT_DAILY_MEAN
SH-EN-ALERCE,2024-09-29,2024,273,-40.1726,11.119999999999999,9.8000000000000007,9.9399999999999995,42.316987074365265,POWER_HOURLY_PAIRED_PRODUCT_DAILY_MEAN
SH-EN-ALERCE,2024-09-30,2024,274,-40.1726,10.25,4.4800000000000004,5.1900000000000004,193.62811020939401,POWER_HOURLY_PAIRED_PRODUCT_DAILY_MEAN
SH-EN-ALERCE,2024-10-01,2024,275,-40.1726,8.8900000000000006,3.73,2.2599999999999998,246.41952021702551,POWER_HOURLY_PAIRED_PRODUCT_DAILY_MEAN
SH-EN-ALERCE,2024-10-02,2024,276,-40.1726,10.76,5.7699999999999996,4.8300000000000001,222.06183539971005,POWER_HOURLY_PAIRED_PRODUCT_DAILY_MEAN
SH-EN-ALERCE,2024-10-03,2024,277,-40.1726,11.970000000000001,6.2699999999999996,5.9500000000000002,203.5994627007141,POWER_HOURLY_PAIRED_PRODUCT_DAILY_MEAN
SH-EN-ALERCE,2024-10-04,2024,278,-40.1726,12.07,6.6699999999999999,6.5499999999999998,191.39960281564686,POWER_HOURLY_PAIRED_PRODUCT_DAILY_MEAN
SH-EN-ALERCE,2024-10-05,2024,279,-40.1726,14.550000000000001,6.6299999999999999,7.3099999999999996,278.02289451652047,POWER_HOURLY_PAIRED_PRODUCT_DAILY_MEAN
SH-EN-ALERCE,2024-10-06,2024,280,-40.1726,12.74,7.6600000000000001,7.5099999999999998,198.02233862239629,POWER_HOURLY_PAIRED_PRODUCT_DAILY_MEAN
SH-EN-ALERCE,2024-10-07,2024,281,-40.1726,13.93,6.9500000000000002,6.5,277.8993007329164,POWER_HOURLY_PAIRED_PRODUCT_DAILY_MEAN
SH-EN-ALERCE,2024-10-08,2024,282,-40.1726,16.539999999999999,7.6500000000000004,8.5299999999999994,270.93272798935391,POWER_HOURLY_PAIRED_PRODUCT_DAILY_MEAN
SH-EN-ALERCE,2024-10-09,2024,283,-40.1726,14.390000000000001,8.9000000000000004,8.8699999999999992,205.9309489300243,POWER_HOURLY_PAIRED_PRODUCT_DAILY_MEAN
SH-EN-ALERCE,2024-10-10,2024,284,-40.1726,11.26,7.5,8.1300000000000008,96.987933141903383,POWER_HOURLY_PAIRED_PRODUCT_DAILY_MEAN
SH-EN-ALERCE,2024-10-11,2024,285,-40.1726,9.7400000000000002,6.7999999999999998,5.7400000000000002,161.07951297429693,POWER_HOURLY_PAIRED_PRODUCT_DAILY_MEAN
SH-EN-ALERCE,2024-10-12,2024,286,-40.1726,11.24,7.04,5.9900000000000002,204.23289264488531,POWER_HOURLY_PAIRED_PRODUCT_DAILY_MEAN
SH-EN-ALERCE,2024-10-13,2024,287,-40.1726,13.31,6.7000000000000002,7.0499999999999998,240.84554585339075,POWER_HOURLY_PAIRED_PRODUCT_DAILY_MEAN
SH-EN-ALERCE,2024-10-14,2024,288,-40.1726,12.720000000000001,7.5499999999999998,7.2400000000000002,211.39661339026156,POWER_HOURLY_PAIRED_PRODUCT_DAILY_MEAN
SH-EN-ALERCE,2024-10-15,2024,289,-40.1726,14.92,7.4100000000000001,6.6699999999999999,341.20326877294173,POWER_HOURLY_PAIRED_PRODUCT_DAILY_MEAN
SH-EN-ALERCE,2024-10-16,2024,290,-40.1726,11.949999999999999,8.0700000000000003,9.5800000000000001,69.735279514320737,POWER_HOURLY_PAIRED_PRODUCT_DAILY_MEAN
SH-EN-ALERCE,2024-10-17,2024,291,-40.1726,12.74,9.4299999999999997,10.52,86.306517654424695,POWER_HOURLY_PAIRED_PRODUCT_DAILY_MEAN
SH-EN-ALERCE,2024-10-18,2024,292,-40.1726,14.18,9.2100000000000009,9.1600000000000001,180.42928553396055,POWER_HOURLY_PAIRED_PRODUCT_DAILY_MEAN
SH-EN-ALERCE,2024-10-19,2024,293,-40.1726,13.550000000000001,8.1699999999999999,8.5099999999999998,154.37931993817685,POWER_HOURLY_PAIRED_PRODUCT_DAILY_MEAN
SH-EN-ALERCE,2024-10-20,2024,294,-40.1726,12.470000000000001,8.1400000000000006,9.4399999999999995,83.223532631489078,POWER_HOURLY_PAIRED_PRODUCT_DAILY_MEAN
SH-EN-ALERCE,2024-10-21,2024,295,-40.1726,13.35,10.33,9.5600000000000005,177.61825425262393,POWER_HOURLY_PAIRED_PRODUCT_DAILY_MEAN
SH-EN-ALERCE,2024-10-22,2024,296,-40.1726,20.120000000000001,9.8300000000000001,10.08,434.47400268058374,POWER_HOURLY_PAIRED_PRODUCT_DAILY_MEAN
SH-EN-ALERCE,2024-10-23,2024,297,-40.1726,13.99,9.4399999999999995,9.7100000000000009,183.09308108560842,POWER_HOURLY_PAIRED_PRODUCT_DAILY_MEAN
SH-EN-ALERCE,2024-10-24,2024,298,-40.1726,11.74,8.3699999999999992,7.7999999999999998,172.77705993100759,POWER_HOURLY_PAIRED_PRODUCT_DAILY_MEAN
SH-EN-ALERCE,2024-10-25,2024,299,-40.1726,12.300000000000001,7.4900000000000002,4.8200000000000003,343.12682961887816,POWER_HOURLY_PAIRED_PRODUCT_DAILY_MEAN
SH-EN-ALERCE,2024-10-26,2024,300,-40.1726,15.119999999999999,7.2000000000000002,6.29,375.11391218160793,POWER_HOURLY_PAIRED_PRODUCT_DAILY_MEAN
SH-EN-ALERCE,2024-10-27,2024,301,-40.1726,14.619999999999999,8.1600000000000001,6.7999999999999998,354.56333976400271,POWER_HOURLY_PAIRED_PRODUCT_DAILY_MEAN
SH-EN-ALERCE,2024-10-28,2024,302,-40.1726,17.43,8.2400000000000002,7.4400000000000004,473.36681839312411,POWER_HOURLY_PAIRED_PRODUCT_DAILY_MEAN
SH-EN-ALERCE,2024-10-29,2024,303,-40.1726,19.73,10.07,8.8100000000000005,531.18219167532902,POWER_HOURLY_PAIRED_PRODUCT_DAILY_MEAN
SH-EN-ALERCE,2024-10-30,2024,304,-40.1726,14.199999999999999,9.2899999999999991,9.2300000000000004,226.18974081149796,POWER_HOURLY_PAIRED_PRODUCT_DAILY_MEAN
SH-EN-ALERCE,2024-10-31,2024,305,-40.1726,14.85,8.8300000000000001,8.9700000000000006,222.48059099645226,POWER_HOURLY_PAIRED_PRODUCT_DAILY_MEAN
SH-EN-ALERCE,2024-11-01,2024,306,-40.1726,12.859999999999999,9.0500000000000007,8.1500000000000004,234.49238822324946,POWER_HOURLY_PAIRED_PRODUCT_DAILY_MEAN
SH-EN-ALERCE,2024-11-02,2024,307,-40.1726,12.01,9.0899999999999999,6.0700000000000003,331.4890667219085,POWER_HOURLY_PAIRED_PRODUCT_DAILY_MEAN
SH-EN-ALERCE,2024-11-03,2024,308,-40.1726,11.74,10.33,8.9000000000000004,178.47670992916468,POWER_HOURLY_PAIRED_PRODUCT_DAILY_MEAN
SH-EN-ALERCE,2024-11-04,2024,309,-40.1726,11.800000000000001,10.18,9.2699999999999996,129.48945447542351,POWER_HOURLY_PAIRED_PRODUCT_DAILY_MEAN
SH-EN-ALERCE,2024-11-05,2024,310,-40.1726,12.25,10.18,9.9499999999999993,103.76467633831221,POWER_HOURLY_PAIRED_PRODUCT_DAILY_MEAN
SH-EN-ALERCE,2024-11-06,2024,311,-40.1726,13.800000000000001,8.25,6.3700000000000001,361.61967655784298,POWER_HOURLY_PAIRED_PRODUCT_DAILY_MEAN
SH-EN-ALERCE,2024-11-07,2024,312,-40.1726,13.779999999999999,8.5899999999999999,7.4500000000000002,311.25683699003986,POWER_HOURLY_PAIRED_PRODUCT_DAILY_MEAN
SH-EN-ALERCE,2024-11-08,2024,313,-40.1726,13.720000000000001,11,11.289999999999999,95.532828591826274,POWER_HOURLY_PAIRED_PRODUCT_DAILY_MEAN
SH-EN-ALERCE,2024-11-09,2024,314,-40.1726,13.98,9.6199999999999992,9.0299999999999994,274.83407798620425,POWER_HOURLY_PAIRED_PRODUCT_DAILY_MEAN
SH-EN-ALERCE,2024-11-10,2024,315,-40.1726,11.529999999999999,8.6500000000000004,8.1400000000000006,176.46966974473955,POWER_HOURLY_PAIRED_PRODUCT_DAILY_MEAN
SH-EN-ALERCE,2024-11-11,2024,316,-40.1726,11.710000000000001,8.75,6.6900000000000004,233.97219944101053,POWER_HOURLY_PAIRED_PRODUCT_DAILY_MEAN
SH-EN-ALERCE,2024-11-12,2024,317,-40.1726,14.09,9.0600000000000005,8.0500000000000007,272.22156234083576,POWER_HOURLY_PAIRED_PRODUCT_DAILY_MEAN
SH-EN-ALERCE,2024-11-13,2024,318,-40.1726,15.800000000000001,9.4100000000000001,9.7799999999999994,247.76146152172714,POWER_HOURLY_PAIRED_PRODUCT_DAILY_MEAN
SH-EN-ALERCE,2024-11-14,2024,319,-40.1726,14.91,11.31,11.27,147.56936455848111,POWER_HOURLY_PAIRED_PRODUCT_DAILY_MEAN
SH-EN-ALERCE,2024-11-15,2024,320,-40.1726,12.630000000000001,8.9100000000000001,7.5800000000000001,304.71741975870356,POWER_HOURLY_PAIRED_PRODUCT_DAILY_MEAN
SH-EN-ALERCE,2024-11-16,2024,321,-40.1726,13.98,8.8100000000000005,6.4699999999999998,380.19437496878578,POWER_HOURLY_PAIRED_PRODUCT_DAILY_MEAN
SH-EN-ALERCE,2024-11-17,2024,322,-40.1726,16.210000000000001,7.6500000000000004,6.7199999999999998,450.09703084091325,POWER_HOURLY_PAIRED_PRODUCT_DAILY_MEAN
SH-EN-ALERCE,2024-11-18,2024,323,-40.1726,20.02,8.4399999999999995,7.46,616.82823347237934,POWER_HOURLY_PAIRED_PRODUCT_DAILY_MEAN
SH-EN-ALERCE,2024-11-19,2024,324,-40.1726,12.56,10.039999999999999,8.5800000000000001,220.94707459568437,POWER_HOURLY_PAIRED_PRODUCT_DAILY_MEAN
SH-EN-ALERCE,2024-11-20,2024,325,-40.1726,14.57,9.9000000000000004,9.6699999999999999,225.75929152968624,POWER_HOURLY_PAIRED_PRODUCT_DAILY_MEAN
SH-EN-ALERCE,2024-11-21,2024,326,-40.1726,14.65,8.9700000000000006,7.8499999999999996,323.59861169555779,POWER_HOURLY_PAIRED_PRODUCT_DAILY_MEAN
SH-EN-ALERCE,2024-11-22,2024,327,-40.1726,13.789999999999999,9.5600000000000005,10.359999999999999,166.76631706606901,POWER_HOURLY_PAIRED_PRODUCT_DAILY_MEAN
SH-EN-ALERCE,2024-11-23,2024,328,-40.1726,15.51,11.59,11.48,186.05946887199369,POWER_HOURLY_PAIRED_PRODUCT_DAILY_MEAN
SH-EN-ALERCE,2024-11-24,2024,329,-40.1726,14.43,11.470000000000001,10.43,214.03353807323711,POWER_HOURLY_PAIRED_PRODUCT_DAILY_MEAN
SH-EN-ALERCE,2024-11-25,2024,330,-40.1726,14.300000000000001,10.449999999999999,10.300000000000001,222.40725468715038,POWER_HOURLY_PAIRED_PRODUCT_DAILY_MEAN
SH-EN-ALERCE,2024-11-26,2024,331,-40.1726,11.25,9.8800000000000008,8.3599999999999994,196.17045908456763,POWER_HOURLY_PAIRED_PRODUCT_DAILY_MEAN
SH-EN-ALERCE,2024-11-27,2024,332,-40.1726,13.09,10.039999999999999,7.4199999999999999,312.0784934009111,POWER_HOURLY_PAIRED_PRODUCT_DAILY_MEAN
SH-EN-ALERCE,2024-11-28,2024,333,-40.1726,13.970000000000001,9.7300000000000004,6.7000000000000002,395.02547210266403,POWER_HOURLY_PAIRED_PRODUCT_DAILY_MEAN
SH-EN-ALERCE,2024-11-29,2024,334,-40.1726,17.440000000000001,9.3699999999999992,8.8499999999999996,428.72802437144816,POWER_HOURLY_PAIRED_PRODUCT_DAILY_MEAN
SH-EN-ALERCE,2024-11-30,2024,335,-40.1726,14.93,9.5999999999999996,8.2400000000000002,304.21000144615687,POWER_HOURLY_PAIRED_PRODUCT_DAILY_MEAN
SH-EN-ALERCE,2024-12-01,2024,336,-40.1726,13.25,8.3300000000000001,7.0599999999999996,308.78157257343429,POWER_HOURLY_PAIRED_PRODUCT_DAILY_MEAN
SH-EN-ALERCE,2024-12-02,2024,337,-40.1726,14.33,7.6299999999999999,5.6699999999999999,419.53683658718268,POWER_HOURLY_PAIRED_PRODUCT_DAILY_MEAN
SH-EN-ALERCE,2024-12-03,2024,338,-40.1726,15.56,7.79,7.0899999999999999,370.4106840527607,POWER_HOURLY_PAIRED_PRODUCT_DAILY_MEAN
SH-EN-ALERCE,2024-12-04,2024,339,-40.1726,12.220000000000001,9.2599999999999998,8.4800000000000004,187.45245997107887,POWER_HOURLY_PAIRED_PRODUCT_DAILY_MEAN
SH-EN-ALERCE,2024-12-05,2024,340,-40.1726,11.949999999999999,10.199999999999999,9.3599999999999994,145.76526362914186,POWER_HOURLY_PAIRED_PRODUCT_DAILY_MEAN
SH-EN-ALERCE,2024-12-06,2024,341,-40.1726,13.539999999999999,9.75,7.1600000000000001,352.79042114068528,POWER_HOURLY_PAIRED_PRODUCT_DAILY_MEAN
SH-EN-ALERCE,2024-12-07,2024,342,-40.1726,16.829999999999998,8.7899999999999991,7.6100000000000003,454.23803884332369,POWER_HOURLY_PAIRED_PRODUCT_DAILY_MEAN
SH-EN-ALERCE,2024-12-08,2024,343,-40.1726,14,8.7599999999999998,7.1500000000000004,323.49914998696551,POWER_HOURLY_PAIRED_PRODUCT_DAILY_MEAN
SH-EN-ALERCE,2024-12-09,2024,344,-40.1726,14.49,7.7599999999999998,6.3600000000000003,392.3524628958084,POWER_HOURLY_PAIRED_PRODUCT_DAILY_MEAN
SH-EN-ALERCE,2024-12-10,2024,345,-40.1726,14.289999999999999,8.2300000000000004,7.7000000000000002,321.4660068172829,POWER_HOURLY_PAIRED_PRODUCT_DAILY_MEAN
SH-EN-ALERCE,2024-12-11,2024,346,-40.1726,15.619999999999999,10.09,8.8599999999999994,322.19035609634005,POWER_HOURLY_PAIRED_PRODUCT_DAILY_MEAN
SH-EN-ALERCE,2024-12-12,2024,347,-40.1726,15.109999999999999,9.25,9.5700000000000003,254.94402480992309,POWER_HOURLY_PAIRED_PRODUCT_DAILY_MEAN
SH-EN-ALERCE,2024-12-13,2024,348,-40.1726,16.100000000000001,9.9800000000000004,7.9500000000000002,436.8581668346697,POWER_HOURLY_PAIRED_PRODUCT_DAILY_MEAN
SH-EN-ALERCE,2024-12-14,2024,349,-40.1726,18.129999999999999,9.1300000000000008,7.54,567.16286200969682,POWER_HOURLY_PAIRED_PRODUCT_DAILY_MEAN
SH-EN-ALERCE,2024-12-15,2024,350,-40.1726,18.620000000000001,9.7400000000000002,9.5600000000000005,419.54135330385355,POWER_HOURLY_PAIRED_PRODUCT_DAILY_MEAN
SH-EN-ALERCE,2024-12-16,2024,351,-40.1726,16.629999999999999,10.84,11.130000000000001,241.51139288400509,POWER_HOURLY_PAIRED_PRODUCT_DAILY_MEAN
SH-EN-ALERCE,2024-12-17,2024,352,-40.1726,16.010000000000002,10.69,10.119999999999999,270.75669027283169,POWER_HOURLY_PAIRED_PRODUCT_DAILY_MEAN
SH-EN-ALERCE,2024-12-18,2024,353,-40.1726,15.4,9.7799999999999994,7.5099999999999998,432.0093742786612,POWER_HOURLY_PAIRED_PRODUCT_DAILY_MEAN
SH-EN-ALERCE,2024-12-19,2024,354,-40.1726,12.9,8.4800000000000004,9.3800000000000008,173.72987954029404,POWER_HOURLY_PAIRED_PRODUCT_DAILY_MEAN
SH-EN-ALERCE,2024-12-20,2024,355,-40.1726,14.369999999999999,9.0099999999999998,6.6200000000000001,383.68450927306611,POWER_HOURLY_PAIRED_PRODUCT_DAILY_MEAN
SH-EN-ALERCE,2024-12-21,2024,356,-40.1726,16.649999999999999,8.9299999999999997,7.2000000000000002,504.71414833495913,POWER_HOURLY_PAIRED_PRODUCT_DAILY_MEAN
SH-EN-ALERCE,2024-12-22,2024,357,-40.1726,17.370000000000001,10.539999999999999,10.279999999999999,335.80498536209785,POWER_HOURLY_PAIRED_PRODUCT_DAILY_MEAN
SH-EN-ALERCE,2024-12-23,2024,358,-40.1726,16.510000000000002,10.56,9.75,386.19130039046922,POWER_HOURLY_PAIRED_PRODUCT_DAILY_MEAN
SH-EN-ALERCE,2024-12-24,2024,359,-40.1726,20.550000000000001,9.5299999999999994,7.8700000000000001,693.20991949015786,POWER_HOURLY_PAIRED_PRODUCT_DAILY_MEAN
SH-EN-ALERCE,2024-12-25,2024,360,-40.1726,21.640000000000001,11.42,9.1999999999999993,677.71286629636086,POWER_HOURLY_PAIRED_PRODUCT_DAILY_MEAN
SH-EN-ALERCE,2024-12-26,2024,361,-40.1726,18.809999999999999,11.73,10.6,438.07016723451306,POWER_HOURLY_PAIRED_PRODUCT_DAILY_MEAN
SH-EN-ALERCE,2024-12-27,2024,362,-40.1726,18.41,12.4,10.06,487.42235565413239,POWER_HOURLY_PAIRED_PRODUCT_DAILY_MEAN
SH-EN-ALERCE,2024-12-28,2024,363,-40.1726,17.32,11.26,8.7300000000000004,492.17121463227295,POWER_HOURLY_PAIRED_PRODUCT_DAILY_MEAN
SH-EN-ALERCE,2024-12-29,2024,364,-40.1726,17.920000000000002,10.529999999999999,8.7899999999999991,466.66872518477567,POWER_HOURLY_PAIRED_PRODUCT_DAILY_MEAN
SH-EN-ALERCE,2024-12-30,2024,365,-40.1726,14.140000000000001,9.3900000000000006,10,183.79353410575251,POWER_HOURLY_PAIRED_PRODUCT_DAILY_MEAN
SH-EN-ALERCE,2024-12-31,2024,366,-40.1726,14.15,9.0399999999999991,7.2400000000000002,346.37916229794297,POWER_HOURLY_PAIRED_PRODUCT_DAILY_MEAN
SH-EN-ALERCE,2025-01-01,2025,1,-40.1726,16.649999999999999,9.6099999999999994,8.0600000000000005,449.11644755859851,POWER_HOURLY_PAIRED_PRODUCT_DAILY_MEAN
SH-EN-ALERCE,2025-01-02,2025,2,-40.1726,19.219999999999999,9.3699999999999992,9.6400000000000006,502.89610504942453,POWER_HOURLY_PAIRED_PRODUCT_DAILY_MEAN
SH-EN-ALERCE,2025-01-03,2025,3,-40.1726,19.789999999999999,13.02,12.5,385.47504592114365,POWER_HOURLY_PAIRED_PRODUCT_DAILY_MEAN
SH-EN-ALERCE,2025-01-04,2025,4,-40.1726,19.219999999999999,12.52,10.84,454.07503596407838,POWER_HOURLY_PAIRED_PRODUCT_DAILY_MEAN
SH-EN-ALERCE,2025-01-05,2025,5,-40.1726,20.079999999999998,11.41,9.4000000000000004,593.53078078916644,POWER_HOURLY_PAIRED_PRODUCT_DAILY_MEAN
SH-EN-ALERCE,2025-01-06,2025,6,-40.1726,18.280000000000001,12.32,9.9499999999999993,460.62426106122439,POWER_HOURLY_PAIRED_PRODUCT_DAILY_MEAN
SH-EN-ALERCE,2025-01-07,2025,7,-40.1726,17.670000000000002,11.18,11.35,313.36515031378298,POWER_HOURLY_PAIRED_PRODUCT_DAILY_MEAN
SH-EN-ALERCE,2025-01-08,2025,8,-40.1726,17.25,12.41,12.289999999999999,255.36267563819058,POWER_HOURLY_PAIRED_PRODUCT_DAILY_MEAN
SH-EN-ALERCE,2025-01-09,2025,9,-40.1726,17.780000000000001,11.039999999999999,7.5700000000000003,615.95662419878988,POWER_HOURLY_PAIRED_PRODUCT_DAILY_MEAN
SH-EN-ALERCE,2025-01-10,2025,10,-40.1726,16.68,9.9399999999999995,6.5,608.86378407301322,POWER_HOURLY_PAIRED_PRODUCT_DAILY_MEAN
SH-EN-ALERCE,2025-01-11,2025,11,-40.1726,20.879999999999999,11.65,9.7300000000000004,619.79303926234729,POWER_HOURLY_PAIRED_PRODUCT_DAILY_MEAN
SH-EN-ALERCE,2025-01-12,2025,12,-40.1726,18.739999999999998,11.74,11.59,348.44069237984939,POWER_HOURLY_PAIRED_PRODUCT_DAILY_MEAN
SH-EN-ALERCE,2025-01-13,2025,13,-40.1726,16.620000000000001,10.07,7.0499999999999998,481.59734621721151,POWER_HOURLY_PAIRED_PRODUCT_DAILY_MEAN
SH-EN-ALERCE,2025-01-14,2025,14,-40.1726,14.66,9.2200000000000006,9.2100000000000009,251.78934262260213,POWER_HOURLY_PAIRED_PRODUCT_DAILY_MEAN
SH-EN-ALERCE,2025-01-15,2025,15,-40.1726,15.59,11.75,11.539999999999999,225.30963194309712,POWER_HOURLY_PAIRED_PRODUCT_DAILY_MEAN
SH-EN-ALERCE,2025-01-16,2025,16,-40.1726,16.190000000000001,11.35,9.6999999999999993,357.12841177920535,POWER_HOURLY_PAIRED_PRODUCT_DAILY_MEAN
SH-EN-ALERCE,2025-01-17,2025,17,-40.1726,16.550000000000001,10.57,8.5299999999999994,433.97872575847288,POWER_HOURLY_PAIRED_PRODUCT_DAILY_MEAN
SH-EN-ALERCE,2025-01-18,2025,18,-40.1726,18.559999999999999,10.050000000000001,8.8599999999999994,517.729203330102,POWER_HOURLY_PAIRED_PRODUCT_DAILY_MEAN
SH-EN-ALERCE,2025-01-19,2025,19,-40.1726,19.73,10.52,9.7100000000000009,463.70956490699854,POWER_HOURLY_PAIRED_PRODUCT_DAILY_MEAN
SH-EN-ALERCE,2025-01-20,2025,20,-40.1726,16.829999999999998,11.199999999999999,12.109999999999999,198.52447490498628,POWER_HOURLY_PAIRED_PRODUCT_DAILY_MEAN
SH-EN-ALERCE,2025-01-21,2025,21,-40.1726,16.699999999999999,10.69,9.4700000000000006,391.94321051784215,POWER_HOURLY_PAIRED_PRODUCT_DAILY_MEAN
SH-EN-ALERCE,2025-01-22,2025,22,-40.1726,15.06,10.41,9.8100000000000005,278.56790739859144,POWER_HOURLY_PAIRED_PRODUCT_DAILY_MEAN
SH-EN-ALERCE,2025-01-23,2025,23,-40.1726,15.6,12.4,10.970000000000001,263.76845877538716,POWER_HOURLY_PAIRED_PRODUCT_DAILY_MEAN
SH-EN-ALERCE,2025-01-24,2025,24,-40.1726,16.25,11.32,10.210000000000001,335.95336532333368,POWER_HOURLY_PAIRED_PRODUCT_DAILY_MEAN
SH-EN-ALERCE,2025-01-25,2025,25,-40.1726,18.670000000000002,10.43,10.4,424.27006993445133,POWER_HOURLY_PAIRED_PRODUCT_DAILY_MEAN
SH-EN-ALERCE,2025-01-26,2025,26,-40.1726,16.300000000000001,11.43,12.18,204.26741238655953,POWER_HOURLY_PAIRED_PRODUCT_DAILY_MEAN
SH-EN-ALERCE,2025-01-27,2025,27,-40.1726,16.399999999999999,10.630000000000001,7.75,496.5933745125551,POWER_HOURLY_PAIRED_PRODUCT_DAILY_MEAN
SH-EN-ALERCE,2025-01-28,2025,28,-40.1726,18.859999999999999,10.06,8.75,537.49624240003561,POWER_HOURLY_PAIRED_PRODUCT_DAILY_MEAN
SH-EN-ALERCE,2025-01-29,2025,29,-40.1726,19.859999999999999,11.02,10.140000000000001,480.41532365621248,POWER_HOURLY_PAIRED_PRODUCT_DAILY_MEAN
SH-EN-ALERCE,2025-01-30,2025,30,-40.1726,17.27,10.94,11.74,287.74195985014177,POWER_HOURLY_PAIRED_PRODUCT_DAILY_MEAN
SH-EN-ALERCE,2025-01-31,2025,31,-40.1726,18.140000000000001,12.18,9.6199999999999992,509.89925437274604,POWER_HOURLY_PAIRED_PRODUCT_DAILY_MEAN
SH-EN-ALERCE,2025-02-01,2025,32,-40.1726,16.989999999999998,10.710000000000001,9.4700000000000006,392.47603243653401,POWER_HOURLY_PAIRED_PRODUCT_DAILY_MEAN
SH-EN-ALERCE,2025-02-02,2025,33,-40.1726,15.85,12.48,11.41,253.37419246827164,POWER_HOURLY_PAIRED_PRODUCT_DAILY_MEAN
SH-EN-ALERCE,2025-02-03,2025,34,-40.1726,16.219999999999999,12.050000000000001,8.4900000000000002,525.4414665783155,POWER_HOURLY_PAIRED_PRODUCT_DAILY_MEAN
SH-EN-ALERCE,2025-02-04,2025,35,-40.1726,18.739999999999998,11.09,9.6999999999999993,569.20366284584031,POWER_HOURLY_PAIRED_PRODUCT_DAILY_MEAN
SH-EN-ALERCE,2025-02-05,2025,36,-40.1726,17.52,13.890000000000001,12.94,269.73531195513169,POWER_HOURLY_PAIRED_PRODUCT_DAILY_MEAN
SH-EN-ALERCE,2025-02-06,2025,37,-40.1726,17.530000000000001,12.550000000000001,10.94,440.0593308155905,POWER_HOURLY_PAIRED_PRODUCT_DAILY_MEAN
SH-EN-ALERCE,2025-02-07,2025,38,-40.1726,18.190000000000001,11.66,12.029999999999999,351.91213309500978,POWER_HOURLY_PAIRED_PRODUCT_DAILY_MEAN
SH-EN-ALERCE,2025-02-08,2025,39,-40.1726,19.780000000000001,14.23,10.57,591.9102387276597,POWER_HOURLY_PAIRED_PRODUCT_DAILY_MEAN
SH-EN-ALERCE,2025-02-09,2025,40,-40.1726,21.989999999999998,13.1,11.57,597.3053350043059,POWER_HOURLY_PAIRED_PRODUCT_DAILY_MEAN
SH-EN-ALERCE,2025-02-10,2025,41,-40.1726,17.02,12.07,8.8699999999999992,541.07923721584291,POWER_HOURLY_PAIRED_PRODUCT_DAILY_MEAN
SH-EN-ALERCE,2025-02-11,2025,42,-40.1726,16.460000000000001,11.18,8.4100000000000001,469.78469172860326,POWER_HOURLY_PAIRED_PRODUCT_DAILY_MEAN
SH-EN-ALERCE,2025-02-12,2025,43,-40.1726,17.760000000000002,9.8000000000000007,8.4900000000000002,491.19209834913948,POWER_HOURLY_PAIRED_PRODUCT_DAILY_MEAN
SH-EN-ALERCE,2025-02-13,2025,44,-40.1726,16.239999999999998,10.4,9.6500000000000004,307.86207808023431,POWER_HOURLY_PAIRED_PRODUCT_DAILY_MEAN
SH-EN-ALERCE,2025-02-14,2025,45,-40.1726,15.98,11.640000000000001,9.8000000000000007,320.1743689455767,POWER_HOURLY_PAIRED_PRODUCT_DAILY_MEAN
SH-EN-ALERCE,2025-02-15,2025,46,-40.1726,16.16,10.57,8.6799999999999997,376.93360459996831,POWER_HOURLY_PAIRED_PRODUCT_DAILY_MEAN
SH-EN-ALERCE,2025-02-16,2025,47,-40.1726,15.02,9.3100000000000005,9.1099999999999994,263.97521811645942,POWER_HOURLY_PAIRED_PRODUCT_DAILY_MEAN
SH-EN-ALERCE,2025-02-17,2025,48,-40.1726,17.440000000000001,9.6600000000000001,7.6299999999999999,518.14981652047868,POWER_HOURLY_PAIRED_PRODUCT_DAILY_MEAN
SH-EN-ALERCE,2025-02-18,2025,49,-40.1726,19.469999999999999,10.26,10.34,443.24331400109668,POWER_HOURLY_PAIRED_PRODUCT_DAILY_MEAN
SH-EN-ALERCE,2025-02-19,2025,50,-40.1726,17.210000000000001,10.69,9.6400000000000006,341.19332535538575,POWER_HOURLY_PAIRED_PRODUCT_DAILY_MEAN
SH-EN-ALERCE,2025-02-20,2025,51,-40.1726,14.369999999999999,11.23,10.52,194.875911698512,POWER_HOURLY_PAIRED_PRODUCT_DAILY_MEAN
SH-EN-ALERCE,2025-02-21,2025,52,-40.1726,15.380000000000001,11.130000000000001,10.800000000000001,223.1245828524001,POWER_HOURLY_PAIRED_PRODUCT_DAILY_MEAN
SH-EN-ALERCE,2025-02-22,2025,53,-40.1726,15.84,12.23,13.550000000000001,82.310310477048731,POWER_HOURLY_PAIRED_PRODUCT_DAILY_MEAN
SH-EN-ALERCE,2025-02-23,2025,54,-40.1726,16.859999999999999,12.970000000000001,13.859999999999999,121.8484854515483,POWER_HOURLY_PAIRED_PRODUCT_DAILY_MEAN
SH-EN-ALERCE,2025-02-24,2025,55,-40.1726,16.890000000000001,12.32,11.69,258.09404562448185,POWER_HOURLY_PAIRED_PRODUCT_DAILY_MEAN
SH-EN-ALERCE,2025-02-25,2025,56,-40.1726,18.120000000000001,11.609999999999999,11.76,289.41438969373047,POWER_HOURLY_PAIRED_PRODUCT_DAILY_MEAN
SH-EN-ALERCE,2025-02-26,2025,57,-40.1726,20.289999999999999,12.52,11.57,403.73554253053999,POWER_HOURLY_PAIRED_PRODUCT_DAILY_MEAN
SH-EN-ALERCE,2025-02-27,2025,58,-40.1726,14.77,12.84,12.19,125.78502653560724,POWER_HOURLY_PAIRED_PRODUCT_DAILY_MEAN
SH-EN-ALERCE,2025-02-28,2025,59,-40.1726,15.32,10.94,12.51,134.98759704114991,POWER_HOURLY_PAIRED_PRODUCT_DAILY_MEAN
SH-EN-ALERCE,2025-03-01,2025,60,-40.1726,16.18,10.640000000000001,9.5899999999999999,348.45968886490914,POWER_HOURLY_PAIRED_PRODUCT_DAILY_MEAN
SH-EN-ALERCE,2025-03-02,2025,61,-40.1726,15.5,13.029999999999999,13.24,90.385791636412463,POWER_HOURLY_PAIRED_PRODUCT_DAILY_MEAN
SH-EN-ALERCE,2025-03-03,2025,62,-40.1726,15.460000000000001,12.56,10.99,287.43299533056557,POWER_HOURLY_PAIRED_PRODUCT_DAILY_MEAN
SH-EN-ALERCE,2025-03-04,2025,63,-40.1726,16.120000000000001,13.470000000000001,13.57,125.59821266169767,POWER_HOURLY_PAIRED_PRODUCT_DAILY_MEAN
SH-EN-ALERCE,2025-03-05,2025,64,-40.1726,17.210000000000001,12.76,13.93,147.85366633462951,POWER_HOURLY_PAIRED_PRODUCT_DAILY_MEAN
SH-EN-ALERCE,2025-03-06,2025,65,-40.1726,15.859999999999999,12.49,13.35,132.23669972348728,POWER_HOURLY_PAIRED_PRODUCT_DAILY_MEAN
SH-EN-ALERCE,2025-03-07,2025,66,-40.1726,14.859999999999999,12.23,10.109999999999999,284.64214908599803,POWER_HOURLY_PAIRED_PRODUCT_DAILY_MEAN
SH-EN-ALERCE,2025-03-08,2025,67,-40.1726,16.149999999999999,9.9199999999999999,7.5899999999999999,453.9159047516082,POWER_HOURLY_PAIRED_PRODUCT_DAILY_MEAN
SH-EN-ALERCE,2025-03-09,2025,68,-40.1726,17.969999999999999,8.9199999999999999,9.2799999999999994,385.53056544681107,POWER_HOURLY_PAIRED_PRODUCT_DAILY_MEAN
SH-EN-ALERCE,2025-03-10,2025,69,-40.1726,16.309999999999999,9.9000000000000004,9.6400000000000006,406.10925967514851,POWER_HOURLY_PAIRED_PRODUCT_DAILY_MEAN
SH-EN-ALERCE,2025-03-11,2025,70,-40.1726,17.960000000000001,8.0399999999999991,6.96,517.378615233505,POWER_HOURLY_PAIRED_PRODUCT_DAILY_MEAN
SH-EN-ALERCE,2025-03-12,2025,71,-40.1726,21.039999999999999,9.7599999999999998,8.4700000000000006,657.71278127393862,POWER_HOURLY_PAIRED_PRODUCT_DAILY_MEAN
SH-EN-ALERCE,2025-03-13,2025,72,-40.1726,17.82,10.68,9.8699999999999992,424.92940632718677,POWER_HOURLY_PAIRED_PRODUCT_DAILY_MEAN
SH-EN-ALERCE,2025-03-14,2025,73,-40.1726,15.859999999999999,9.0500000000000007,8.4900000000000002,312.97694799432833,POWER_HOURLY_PAIRED_PRODUCT_DAILY_MEAN
SH-EN-ALERCE,2025-03-15,2025,74,-40.1726,14.869999999999999,9.6300000000000008,8.3800000000000008,281.03923384168428,POWER_HOURLY_PAIRED_PRODUCT_DAILY_MEAN
SH-EN-ALERCE,2025-03-16,2025,75,-40.1726,14.029999999999999,8.5999999999999996,8.7100000000000009,206.59464184568208,POWER_HOURLY_PAIRED_PRODUCT_DAILY_MEAN
SH-EN-ALERCE,2025-03-17,2025,76,-40.1726,15.01,10.49,11.43,133.03480826796334,POWER_HOURLY_PAIRED_PRODUCT_DAILY_MEAN
SH-EN-ALERCE,2025-03-18,2025,77,-40.1726,17.18,9.8699999999999992,9.4299999999999997,331.19559826717614,POWER_HOURLY_PAIRED_PRODUCT_DAILY_MEAN
SH-EN-ALERCE,2025-03-19,2025,78,-40.1726,16.629999999999999,9.2400000000000002,11.48,162.87412959548109,POWER_HOURLY_PAIRED_PRODUCT_DAILY_MEAN
SH-EN-ALERCE,2025-03-20,2025,79,-40.1726,17.050000000000001,12.890000000000001,14.19,86.359413474287422,POWER_HOURLY_PAIRED_PRODUCT_DAILY_MEAN
SH-EN-ALERCE,2025-03-21,2025,80,-40.1726,15.68,10.140000000000001,10.42,251.72081464845652,POWER_HOURLY_PAIRED_PRODUCT_DAILY_MEAN
SH-EN-ALERCE,2025-03-22,2025,81,-40.1726,15.380000000000001,8.5399999999999991,5.9199999999999999,461.68169756676821,POWER_HOURLY_PAIRED_PRODUCT_DAILY_MEAN
SH-EN-ALERCE,2025-03-23,2025,82,-40.1726,17.379999999999999,10.01,5.3200000000000003,651.54305735572734,POWER_HOURLY_PAIRED_PRODUCT_DAILY_MEAN
SH-EN-ALERCE,2025-03-24,2025,83,-40.1726,19.98,9.4100000000000001,5.4100000000000001,776.66979736600013,POWER_HOURLY_PAIRED_PRODUCT_DAILY_MEAN
SH-EN-ALERCE,2025-03-25,2025,84,-40.1726,20.57,11.58,8.2300000000000004,596.27079889030415,POWER_HOURLY_PAIRED_PRODUCT_DAILY_MEAN
SH-EN-ALERCE,2025-03-26,2025,85,-40.1726,13.34,11.48,11.449999999999999,78.544037635532064,POWER_HOURLY_PAIRED_PRODUCT_DAILY_MEAN
SH-EN-ALERCE,2025-03-27,2025,86,-40.1726,13.029999999999999,11.51,11.74,42.679290342989766,POWER_HOURLY_PAIRED_PRODUCT_DAILY_MEAN
SH-EN-ALERCE,2025-03-28,2025,87,-40.1726,14.4,11.66,11.869999999999999,94.699333028143386,POWER_HOURLY_PAIRED_PRODUCT_DAILY_MEAN
SH-EN-ALERCE,2025-03-29,2025,88,-40.1726,14.75,10.949999999999999,11.140000000000001,158.08085262040566,POWER_HOURLY_PAIRED_PRODUCT_DAILY_MEAN
SH-EN-ALERCE,2025-03-30,2025,89,-40.1726,13.42,10.32,8.6400000000000006,283.72413029312929,POWER_HOURLY_PAIRED_PRODUCT_DAILY_MEAN
SH-EN-ALERCE,2025-03-31,2025,90,-40.1726,13.630000000000001,9.4700000000000006,7.7199999999999998,292.86106331982194,POWER_HOURLY_PAIRED_PRODUCT_DAILY_MEAN
SH-EN-ALERCE,2025-04-01,2025,91,-40.1726,14.289999999999999,9.2699999999999996,7.8799999999999999,283.26099433169821,POWER_HOURLY_PAIRED_PRODUCT_DAILY_MEAN
SH-EN-ALERCE,2025-04-02,2025,92,-40.1726,13.25,11.390000000000001,11.109999999999999,97.783994880354228,POWER_HOURLY_PAIRED_PRODUCT_DAILY_MEAN
SH-EN-ALERCE,2025-04-03,2025,93,-40.1726,17.050000000000001,7.5499999999999998,5.46,543.93033909358394,POWER_HOURLY_PAIRED_PRODUCT_DAILY_MEAN
SH-EN-ALERCE,2025-04-04,2025,94,-40.1726,18.699999999999999,9.9399999999999995,4.7599999999999998,777.02842203682633,POWER_HOURLY_PAIRED_PRODUCT_DAILY_MEAN
SH-EN-ALERCE,2025-04-05,2025,95,-40.1726,17.43,10.68,6.5499999999999998,589.00751741848774,POWER_HOURLY_PAIRED_PRODUCT_DAILY_MEAN
SH-EN-ALERCE,2025-04-06,2025,96,-40.1726,14.289999999999999,9.6799999999999997,9.3599999999999994,244.77777427501883,POWER_HOURLY_PAIRED_PRODUCT_DAILY_MEAN
SH-EN-ALERCE,2025-04-07,2025,97,-40.1726,16.510000000000002,11.369999999999999,10.140000000000001,313.69169225440083,POWER_HOURLY_PAIRED_PRODUCT_DAILY_MEAN
SH-EN-ALERCE,2025-04-08,2025,98,-40.1726,15.82,11.09,10.369999999999999,242.5669746251175,POWER_HOURLY_PAIRED_PRODUCT_DAILY_MEAN
SH-EN-ALERCE,2025-04-09,2025,99,-40.1726,13.66,11.27,10.34,202.83973636879207,POWER_HOURLY_PAIRED_PRODUCT_DAILY_MEAN
SH-EN-ALERCE,2025-04-10,2025,100,-40.1726,12.9,11.76,9.3499999999999996,243.56225092921696,POWER_HOURLY_PAIRED_PRODUCT_DAILY_MEAN
SH-EN-ALERCE,2025-04-11,2025,101,-40.1726,12.58,10.140000000000001,9.8599999999999994,169.13565212764397,POWER_HOURLY_PAIRED_PRODUCT_DAILY_MEAN
SH-EN-ALERCE,2025-04-12,2025,102,-40.1726,13.35,9.7300000000000004,8.2200000000000006,241.8005043700939,POWER_HOURLY_PAIRED_PRODUCT_DAILY_MEAN
SH-EN-ALERCE,2025-04-13,2025,103,-40.1726,13.210000000000001,9.6999999999999993,8.9000000000000004,201.80216856203035,POWER_HOURLY_PAIRED_PRODUCT_DAILY_MEAN
SH-EN-ALERCE,2025-04-14,2025,104,-40.1726,13.199999999999999,11.66,10.99,133.05109852911229,POWER_HOURLY_PAIRED_PRODUCT_DAILY_MEAN
SH-EN-ALERCE,2025-04-15,2025,105,-40.1726,12.800000000000001,11.08,10.77,117.89673042425518,POWER_HOURLY_PAIRED_PRODUCT_DAILY_MEAN
SH-EN-ALERCE,2025-04-16,2025,106,-40.1726,13.51,10.76,10.08,190.95963722012266,POWER_HOURLY_PAIRED_PRODUCT_DAILY_MEAN
SH-EN-ALERCE,2025-04-17,2025,107,-40.1726,13.24,9.7599999999999998,8.7599999999999998,257.53548220269897,POWER_HOURLY_PAIRED_PRODUCT_DAILY_MEAN
SH-EN-ALERCE,2025-04-18,2025,108,-40.1726,14.82,9.2400000000000002,7.7699999999999996,290.64882280202153,POWER_HOURLY_PAIRED_PRODUCT_DAILY_MEAN
SH-EN-ALERCE,2025-04-19,2025,109,-40.1726,16.170000000000002,7.8700000000000001,6.5499999999999998,392.67920668608321,POWER_HOURLY_PAIRED_PRODUCT_DAILY_MEAN
SH-EN-ALERCE,2025-04-20,2025,110,-40.1726,13.300000000000001,8.5800000000000001,9.3499999999999996,115.71981881467359,POWER_HOURLY_PAIRED_PRODUCT_DAILY_MEAN
SH-EN-ALERCE,2025-04-21,2025,111,-40.1726,14.06,11.619999999999999,12.029999999999999,96.382174590018778,POWER_HOURLY_PAIRED_PRODUCT_DAILY_MEAN
SH-EN-ALERCE,2025-04-22,2025,112,-40.1726,15.24,12.19,13.59,41.860146798977496,POWER_HOURLY_PAIRED_PRODUCT_DAILY_MEAN
SH-EN-ALERCE,2025-04-23,2025,113,-40.1726,14.890000000000001,11.390000000000001,10.66,176.46274375259179,POWER_HOURLY_PAIRED_PRODUCT_DAILY_MEAN
SH-EN-ALERCE,2025-04-24,2025,114,-40.1726,13.279999999999999,10.710000000000001,10.73,110.04938316736384,POWER_HOURLY_PAIRED_PRODUCT_DAILY_MEAN
SH-EN-ALERCE,2025-04-25,2025,115,-40.1726,11.24,9.6899999999999995,7.6299999999999999,216.43638599848396,POWER_HOURLY_PAIRED_PRODUCT_DAILY_MEAN
SH-EN-ALERCE,2025-04-26,2025,116,-40.1726,12,10.140000000000001,9.4100000000000001,163.20758299232998,POWER_HOURLY_PAIRED_PRODUCT_DAILY_MEAN
SH-EN-ALERCE,2025-04-27,2025,117,-40.1726,13.25,9.8100000000000005,9.4199999999999999,186.57564039380836,POWER_HOURLY_PAIRED_PRODUCT_DAILY_MEAN
SH-EN-ALERCE,2025-04-28,2025,118,-40.1726,13.220000000000001,8.9900000000000002,8.8200000000000003,147.41814514376313,POWER_HOURLY_PAIRED_PRODUCT_DAILY_MEAN
SH-EN-ALERCE,2025-04-29,2025,119,-40.1726,12.550000000000001,8.4800000000000004,8.1300000000000008,147.28811005759349,POWER_HOURLY_PAIRED_PRODUCT_DAILY_MEAN
SH-EN-ALERCE,2025-04-30,2025,120,-40.1726,12.279999999999999,8.9900000000000002,9.0600000000000005,129.81181642848637,POWER_HOURLY_PAIRED_PRODUCT_DAILY_MEAN
SH-EN-ALERCE,2025-05-01,2025,121,-40.1726,12.390000000000001,10.93,9.5700000000000003,203.89779164077174,POWER_HOURLY_PAIRED_PRODUCT_DAILY_MEAN
SH-EN-ALERCE,2025-05-02,2025,122,-40.1726,11.59,11.09,9.2300000000000004,173.91819282519032,POWER_HOURLY_PAIRED_PRODUCT_DAILY_MEAN
SH-EN-ALERCE,2025-05-03,2025,123,-40.1726,12.76,9.4000000000000004,9.1099999999999994,179.76278835144521,POWER_HOURLY_PAIRED_PRODUCT_DAILY_MEAN
SH-EN-ALERCE,2025-05-04,2025,124,-40.1726,11.15,9.2699999999999996,5.8499999999999996,296.05244370041663,POWER_HOURLY_PAIRED_PRODUCT_DAILY_MEAN
SH-EN-ALERCE,2025-05-05,2025,125,-40.1726,11.27,7.96,8.0600000000000005,136.03007075488412,POWER_HOURLY_PAIRED_PRODUCT_DAILY_MEAN
SH-EN-ALERCE,2025-05-06,2025,126,-40.1726,12.98,11.25,8.4800000000000004,288.06632244866728,POWER_HOURLY_PAIRED_PRODUCT_DAILY_MEAN
SH-EN-ALERCE,2025-05-07,2025,127,-40.1726,12,11.029999999999999,9.2300000000000004,181.24910890171455,POWER_HOURLY_PAIRED_PRODUCT_DAILY_MEAN
SH-EN-ALERCE,2025-05-08,2025,128,-40.1726,12.59,10.98,10.869999999999999,84.021945643986527,POWER_HOURLY_PAIRED_PRODUCT_DAILY_MEAN
SH-EN-ALERCE,2025-05-09,2025,129,-40.1726,13.130000000000001,11.960000000000001,11.6,83.459303343856988,POWER_HOURLY_PAIRED_PRODUCT_DAILY_MEAN
SH-EN-ALERCE,2025-05-10,2025,130,-40.1726,14.35,11.59,11.58,90.111193494121949,POWER_HOURLY_PAIRED_PRODUCT_DAILY_MEAN
SH-EN-ALERCE,2025-05-11,2025,131,-40.1726,12.18,10.42,9.7599999999999998,109.42111244339185,POWER_HOURLY_PAIRED_PRODUCT_DAILY_MEAN
SH-EN-ALERCE,2025-05-12,2025,132,-40.1726,12.619999999999999,10.48,10.42,99.946350031053839,POWER_HOURLY_PAIRED_PRODUCT_DAILY_MEAN
SH-EN-ALERCE,2025-05-13,2025,133,-40.1726,13.27,11.699999999999999,11.539999999999999,88.374416223277947,POWER_HOURLY_PAIRED_PRODUCT_DAILY_MEAN
SH-EN-ALERCE,2025-05-14,2025,134,-40.1726,12.609999999999999,11.57,11,100.84757842711754,POWER_HOURLY_PAIRED_PRODUCT_DAILY_MEAN
SH-EN-ALERCE,2025-05-15,2025,135,-40.1726,12.81,12.1,11.59,82.703531677385541,POWER_HOURLY_PAIRED_PRODUCT_DAILY_MEAN
SH-EN-ALERCE,2025-05-16,2025,136,-40.1726,13.539999999999999,12.130000000000001,12.039999999999999,72.172362031042539,POWER_HOURLY_PAIRED_PRODUCT_DAILY_MEAN
SH-EN-ALERCE,2025-05-17,2025,137,-40.1726,11.890000000000001,8.9600000000000009,7.0599999999999996,256.028815506748,POWER_HOURLY_PAIRED_PRODUCT_DAILY_MEAN
SH-EN-ALERCE,2025-05-18,2025,138,-40.1726,9.4000000000000004,8.3499999999999996,7.1699999999999999,135.1321839303607,POWER_HOURLY_PAIRED_PRODUCT_DAILY_MEAN
SH-EN-ALERCE,2025-05-19,2025,139,-40.1726,11.359999999999999,9.25,7.0300000000000002,239.55033742378123,POWER_HOURLY_PAIRED_PRODUCT_DAILY_MEAN
SH-EN-ALERCE,2025-05-20,2025,140,-40.1726,12.890000000000001,8.0500000000000007,7.0999999999999996,228.41625868697182,POWER_HOURLY_PAIRED_PRODUCT_DAILY_MEAN
SH-EN-ALERCE,2025-05-21,2025,141,-40.1726,11.92,8.5,7.3600000000000003,273.22748092636766,POWER_HOURLY_PAIRED_PRODUCT_DAILY_MEAN
SH-EN-ALERCE,2025-05-22,2025,142,-40.1726,10.67,7.3399999999999999,6.2800000000000002,222.99104478933543,POWER_HOURLY_PAIRED_PRODUCT_DAILY_MEAN
SH-EN-ALERCE,2025-05-23,2025,143,-40.1726,11.44,9.1699999999999999,8.3100000000000005,153.68442238999225,POWER_HOURLY_PAIRED_PRODUCT_DAILY_MEAN
SH-EN-ALERCE,2025-05-24,2025,144,-40.1726,10.890000000000001,8.4299999999999997,7.4000000000000004,175.19154726187483,POWER_HOURLY_PAIRED_PRODUCT_DAILY_MEAN
SH-EN-ALERCE,2025-05-25,2025,145,-40.1726,13,10.01,10.09,130.55321259655349,POWER_HOURLY_PAIRED_PRODUCT_DAILY_MEAN
SH-EN-ALERCE,2025-05-26,2025,146,-40.1726,11.08,7.3200000000000003,6.6299999999999999,189.80404181004124,POWER_HOURLY_PAIRED_PRODUCT_DAILY_MEAN
SH-EN-ALERCE,2025-05-27,2025,147,-40.1726,9.3900000000000006,7.1100000000000003,4.5999999999999996,239.00944854210221,POWER_HOURLY_PAIRED_PRODUCT_DAILY_MEAN
SH-EN-ALERCE,2025-05-28,2025,148,-40.1726,10.76,6.0199999999999996,5.0700000000000003,224.64754081315905,POWER_HOURLY_PAIRED_PRODUCT_DAILY_MEAN
SH-EN-ALERCE,2025-05-29,2025,149,-40.1726,12.06,9.0999999999999996,9.6300000000000008,87.746806259054537,POWER_HOURLY_PAIRED_PRODUCT_DAILY_MEAN
SH-EN-ALERCE,2025-05-30,2025,150,-40.1726,10.74,7.8700000000000001,6.2400000000000002,222.36985805685393,POWER_HOURLY_PAIRED_PRODUCT_DAILY_MEAN
SH-EN-ALERCE,2025-05-31,2025,151,-40.1726,10.029999999999999,7.6900000000000004,4.8799999999999999,262.01544099620151,POWER_HOURLY_PAIRED_PRODUCT_DAILY_MEAN
SH-EN-ALERCE,2025-06-01,2025,152,-40.1726,12.16,9.1400000000000006,8.2899999999999991,190.1300060632644,POWER_HOURLY_PAIRED_PRODUCT_DAILY_MEAN
SH-EN-ALERCE,2025-06-02,2025,153,-40.1726,12.19,11.529999999999999,11.369999999999999,54.055490703028653,POWER_HOURLY_PAIRED_PRODUCT_DAILY_MEAN
SH-EN-ALERCE,2025-06-03,2025,154,-40.1726,12.44,11.31,11.369999999999999,41.729223847143906,POWER_HOURLY_PAIRED_PRODUCT_DAILY_MEAN
SH-EN-ALERCE,2025-06-04,2025,155,-40.1726,11.23,6.9699999999999998,7.0599999999999996,155.86091080956905,POWER_HOURLY_PAIRED_PRODUCT_DAILY_MEAN
SH-EN-ALERCE,2025-06-05,2025,156,-40.1726,10.26,6,5.0199999999999996,170.30789056158463,POWER_HOURLY_PAIRED_PRODUCT_DAILY_MEAN
SH-EN-ALERCE,2025-06-06,2025,157,-40.1726,10.67,6.3300000000000001,5.6900000000000004,169.48032625156304,POWER_HOURLY_PAIRED_PRODUCT_DAILY_MEAN
SH-EN-ALERCE,2025-06-07,2025,158,-40.1726,10.289999999999999,8.5700000000000003,7.3600000000000003,160.08738121522225,POWER_HOURLY_PAIRED_PRODUCT_DAILY_MEAN
SH-EN-ALERCE,2025-06-08,2025,159,-40.1726,10.890000000000001,7.0499999999999998,5.5300000000000002,242.22834681176792,POWER_HOURLY_PAIRED_PRODUCT_DAILY_MEAN
SH-EN-ALERCE,2025-06-09,2025,160,-40.1726,11.26,6.6299999999999999,5.7300000000000004,226.78676831096752,POWER_HOURLY_PAIRED_PRODUCT_DAILY_MEAN
SH-EN-ALERCE,2025-06-10,2025,161,-40.1726,11.369999999999999,8.0700000000000003,8.4199999999999999,118.71387565269241,POWER_HOURLY_PAIRED_PRODUCT_DAILY_MEAN
SH-EN-ALERCE,2025-06-11,2025,162,-40.1726,10.77,8.9499999999999993,9.0199999999999996,86.643333982970958,POWER_HOURLY_PAIRED_PRODUCT_DAILY_MEAN
SH-EN-ALERCE,2025-06-12,2025,163,-40.1726,11.23,7.8899999999999997,7.1500000000000004,172.10376070954172,POWER_HOURLY_PAIRED_PRODUCT_DAILY_MEAN
SH-EN-ALERCE,2025-06-13,2025,164,-40.1726,9.5099999999999998,8.5999999999999996,7.25,130.28403542695844,POWER_HOURLY_PAIRED_PRODUCT_DAILY_MEAN
SH-EN-ALERCE,2025-06-14,2025,165,-40.1726,12.57,8.5299999999999994,9.8300000000000001,72.32204103664786,POWER_HOURLY_PAIRED_PRODUCT_DAILY_MEAN
SH-EN-ALERCE,2025-06-15,2025,166,-40.1726,12.09,9.4900000000000002,9.0399999999999991,154.28749374860388,POWER_HOURLY_PAIRED_PRODUCT_DAILY_MEAN
SH-EN-ALERCE,2025-06-16,2025,167,-40.1726,9.0299999999999994,7.8499999999999996,6.3499999999999996,150.22061338754477,POWER_HOURLY_PAIRED_PRODUCT_DAILY_MEAN
SH-EN-ALERCE,2025-06-17,2025,168,-40.1726,8.8399999999999999,7.3700000000000001,6.0300000000000002,157.09534842832832,POWER_HOURLY_PAIRED_PRODUCT_DAILY_MEAN
SH-EN-ALERCE,2025-06-18,2025,169,-40.1726,10.49,7.4100000000000001,5.9900000000000002,222.14326485346547,POWER_HOURLY_PAIRED_PRODUCT_DAILY_MEAN
SH-EN-ALERCE,2025-06-19,2025,170,-40.1726,11.73,9.6199999999999992,9.7899999999999991,61.67512906403465,POWER_HOURLY_PAIRED_PRODUCT_DAILY_MEAN
SH-EN-ALERCE,2025-06-20,2025,171,-40.1726,11.5,8.8900000000000006,8.4399999999999995,114.0824537932745,POWER_HOURLY_PAIRED_PRODUCT_DAILY_MEAN
SH-EN-ALERCE,2025-06-21,2025,172,-40.1726,11.83,8.1500000000000004,8.5899999999999999,110.45880347851903,POWER_HOURLY_PAIRED_PRODUCT_DAILY_MEAN
SH-EN-ALERCE,2025-06-22,2025,173,-40.1726,8.8599999999999994,5.8799999999999999,4.3899999999999997,193.89198525374218,POWER_HOURLY_PAIRED_PRODUCT_DAILY_MEAN
SH-EN-ALERCE,2025-06-23,2025,174,-40.1726,9.25,5.75,5.0499999999999998,168.89234213418459,POWER_HOURLY_PAIRED_PRODUCT_DAILY_MEAN
SH-EN-ALERCE,2025-06-24,2025,175,-40.1726,10.880000000000001,7.6299999999999999,7.0499999999999998,151.26859947109085,POWER_HOURLY_PAIRED_PRODUCT_DAILY_MEAN
SH-EN-ALERCE,2025-06-25,2025,176,-40.1726,8.8000000000000007,6.6299999999999999,5.1699999999999999,189.09988502791313,POWER_HOURLY_PAIRED_PRODUCT_DAILY_MEAN
SH-EN-ALERCE,2025-06-26,2025,177,-40.1726,9.6699999999999999,8.2799999999999994,6.5700000000000003,176.12228233692409,POWER_HOURLY_PAIRED_PRODUCT_DAILY_MEAN
SH-EN-ALERCE,2025-06-27,2025,178,-40.1726,9.5399999999999991,5.3799999999999999,5.5599999999999996,151.22868840854514,POWER_HOURLY_PAIRED_PRODUCT_DAILY_MEAN
SH-EN-ALERCE,2025-06-28,2025,179,-40.1726,7.5099999999999998,3.2999999999999998,1.54,206.07167610564588,POWER_HOURLY_PAIRED_PRODUCT_DAILY_MEAN
SH-EN-ALERCE,2025-06-29,2025,180,-40.1726,6.5800000000000001,1.3899999999999999,-1.3,231.25376974011047,POWER_HOURLY_PAIRED_PRODUCT_DAILY_MEAN
SH-EN-ALERCE,2025-06-30,2025,181,-40.1726,7.0899999999999999,2.3199999999999998,-1.25,281.68676160918761,POWER_HOURLY_PAIRED_PRODUCT_DAILY_MEAN
SH-EN-ALERCE,2025-07-01,2025,182,-40.1726,7.79,3.1299999999999999,0.96999999999999997,251.79209155227798,POWER_HOURLY_PAIRED_PRODUCT_DAILY_MEAN
SH-EN-ALERCE,2025-07-02,2025,183,-40.1726,11.449999999999999,6.6200000000000001,6.4500000000000002,194.98382577345558,POWER_HOURLY_PAIRED_PRODUCT_DAILY_MEAN
SH-EN-ALERCE,2025-07-03,2025,184,-40.1726,11.970000000000001,10.57,10.68,29.221837009519749,POWER_HOURLY_PAIRED_PRODUCT_DAILY_MEAN
SH-EN-ALERCE,2025-07-04,2025,185,-40.1726,13.24,8.9199999999999999,9.6899999999999995,112.41105234900554,POWER_HOURLY_PAIRED_PRODUCT_DAILY_MEAN
SH-EN-ALERCE,2025-07-05,2025,186,-40.1726,10.76,7.2999999999999998,6.9400000000000004,157.61376972100078,POWER_HOURLY_PAIRED_PRODUCT_DAILY_MEAN
SH-EN-ALERCE,2025-07-06,2025,187,-40.1726,11.98,10.199999999999999,10.48,65.350611770379786,POWER_HOURLY_PAIRED_PRODUCT_DAILY_MEAN
SH-EN-ALERCE,2025-07-07,2025,188,-40.1726,11.56,10.130000000000001,10.33,60.029302985269311,POWER_HOURLY_PAIRED_PRODUCT_DAILY_MEAN
SH-EN-ALERCE,2025-07-08,2025,189,-40.1726,10.16,5.8899999999999997,5.2300000000000004,205.3288214432265,POWER_HOURLY_PAIRED_PRODUCT_DAILY_MEAN
SH-EN-ALERCE,2025-07-09,2025,190,-40.1726,9.6500000000000004,5.04,4.6100000000000003,147.17881899076284,POWER_HOURLY_PAIRED_PRODUCT_DAILY_MEAN
SH-EN-ALERCE,2025-07-10,2025,191,-40.1726,10,5.6399999999999997,6.3700000000000001,102.21150697344392,POWER_HOURLY_PAIRED_PRODUCT_DAILY_MEAN
SH-EN-ALERCE,2025-07-11,2025,192,-40.1726,10.77,8.3900000000000006,8.6699999999999999,59.541187372998884,POWER_HOURLY_PAIRED_PRODUCT_DAILY_MEAN
SH-EN-ALERCE,2025-07-12,2025,193,-40.1726,11.31,9.1500000000000004,9.4000000000000004,71.872105995488909,POWER_HOURLY_PAIRED_PRODUCT_DAILY_MEAN
SH-EN-ALERCE,2025-07-13,2025,194,-40.1726,11.470000000000001,8.3100000000000005,8.1999999999999993,124.31881792581324,POWER_HOURLY_PAIRED_PRODUCT_DAILY_MEAN
SH-EN-ALERCE,2025-07-14,2025,195,-40.1726,10.15,8.1099999999999994,8.0600000000000005,80.870661056574079,POWER_HOURLY_PAIRED_PRODUCT_DAILY_MEAN
SH-EN-ALERCE,2025-07-15,2025,196,-40.1726,10.050000000000001,7.0899999999999999,5.8899999999999997,201.63869443037729,POWER_HOURLY_PAIRED_PRODUCT_DAILY_MEAN
SH-EN-ALERCE,2025-07-16,2025,197,-40.1726,8.9900000000000002,6.9400000000000004,5.8399999999999999,141.6823050583109,POWER_HOURLY_PAIRED_PRODUCT_DAILY_MEAN
SH-EN-ALERCE,2025-07-17,2025,198,-40.1726,11.4,8.0700000000000003,7.3200000000000003,162.67237311014583,POWER_HOURLY_PAIRED_PRODUCT_DAILY_MEAN
SH-EN-ALERCE,2025-07-18,2025,199,-40.1726,11.49,9.2699999999999996,10.289999999999999,49.364249378239727,POWER_HOURLY_PAIRED_PRODUCT_DAILY_MEAN
SH-EN-ALERCE,2025-07-19,2025,200,-40.1726,11.369999999999999,8.0600000000000005,6.5800000000000001,221.2955358543235,POWER_HOURLY_PAIRED_PRODUCT_DAILY_MEAN
SH-EN-ALERCE,2025-07-20,2025,201,-40.1726,8.9399999999999995,6.3600000000000003,5.6900000000000004,144.14153274037585,POWER_HOURLY_PAIRED_PRODUCT_DAILY_MEAN
SH-EN-ALERCE,2025-07-21,2025,202,-40.1726,8.9299999999999997,4.8600000000000003,3.6800000000000002,175.28964603019631,POWER_HOURLY_PAIRED_PRODUCT_DAILY_MEAN
SH-EN-ALERCE,2025-07-22,2025,203,-40.1726,9.2699999999999996,3.1400000000000001,1.7,219.05129575723993,POWER_HOURLY_PAIRED_PRODUCT_DAILY_MEAN
SH-EN-ALERCE,2025-07-23,2025,204,-40.1726,9.0099999999999998,3.6299999999999999,3.8999999999999999,158.14250126680875,POWER_HOURLY_PAIRED_PRODUCT_DAILY_MEAN
SH-EN-ALERCE,2025-07-24,2025,205,-40.1726,11.59,8.1400000000000006,8.7200000000000006,96.256283093715737,POWER_HOURLY_PAIRED_PRODUCT_DAILY_MEAN
SH-EN-ALERCE,2025-07-25,2025,206,-40.1726,11.23,9.6699999999999999,9.75,66.713997475140161,POWER_HOURLY_PAIRED_PRODUCT_DAILY_MEAN
SH-EN-ALERCE,2025-07-26,2025,207,-40.1726,9.7200000000000006,7.3600000000000003,5.2999999999999998,202.93052354155273,POWER_HOURLY_PAIRED_PRODUCT_DAILY_MEAN
SH-EN-ALERCE,2025-07-27,2025,208,-40.1726,11.32,7.1399999999999997,8.6099999999999994,68.327163791037478,POWER_HOURLY_PAIRED_PRODUCT_DAILY_MEAN
SH-EN-ALERCE,2025-07-28,2025,209,-40.1726,12.77,10.48,11.16,49.944365293371241,POWER_HOURLY_PAIRED_PRODUCT_DAILY_MEAN
SH-EN-ALERCE,2025-07-29,2025,210,-40.1726,13.82,12.039999999999999,12.19,61.834055121259176,POWER_HOURLY_PAIRED_PRODUCT_DAILY_MEAN
SH-EN-ALERCE,2025-07-30,2025,211,-40.1726,13.029999999999999,10.59,10.85,98.560439053950802,POWER_HOURLY_PAIRED_PRODUCT_DAILY_MEAN
SH-EN-ALERCE,2025-07-31,2025,212,-40.1726,12.460000000000001,10.57,9.9399999999999995,141.57849614275801,POWER_HOURLY_PAIRED_PRODUCT_DAILY_MEAN
SH-EN-ALERCE,2025-08-01,2025,213,-40.1726,11.93,8.8200000000000003,9.3699999999999992,109.2362853195206,POWER_HOURLY_PAIRED_PRODUCT_DAILY_MEAN
SH-EN-ALERCE,2025-08-02,2025,214,-40.1726,8.7400000000000002,7.4100000000000001,4.5499999999999998,220.69645605741633,POWER_HOURLY_PAIRED_PRODUCT_DAILY_MEAN
SH-EN-ALERCE,2025-08-03,2025,215,-40.1726,9.0399999999999991,7.1500000000000004,4.6100000000000003,216.69063419391603,POWER_HOURLY_PAIRED_PRODUCT_DAILY_MEAN
SH-EN-ALERCE,2025-08-04,2025,216,-40.1726,11.76,6.7800000000000002,6,247.36401583279178,POWER_HOURLY_PAIRED_PRODUCT_DAILY_MEAN
SH-EN-ALERCE,2025-08-05,2025,217,-40.1726,12.73,9.5099999999999998,10.35,47.832987739585015,POWER_HOURLY_PAIRED_PRODUCT_DAILY_MEAN
SH-EN-ALERCE,2025-08-06,2025,218,-40.1726,10.720000000000001,8.8300000000000001,8.3599999999999994,111.10705503274882,POWER_HOURLY_PAIRED_PRODUCT_DAILY_MEAN
SH-EN-ALERCE,2025-08-07,2025,219,-40.1726,12.34,7.0899999999999999,6.8099999999999996,187.27898484028208,POWER_HOURLY_PAIRED_PRODUCT_DAILY_MEAN
SH-EN-ALERCE,2025-08-08,2025,220,-40.1726,13.140000000000001,5.6799999999999997,5.8200000000000003,265.56554009175744,POWER_HOURLY_PAIRED_PRODUCT_DAILY_MEAN
SH-EN-ALERCE,2025-08-09,2025,221,-40.1726,10.93,6.8399999999999999,7.4299999999999997,107.00253399653091,POWER_HOURLY_PAIRED_PRODUCT_DAILY_MEAN
SH-EN-ALERCE,2025-08-10,2025,222,-40.1726,11.550000000000001,8.75,9.8000000000000007,41.961592118607051,POWER_HOURLY_PAIRED_PRODUCT_DAILY_MEAN
SH-EN-ALERCE,2025-08-11,2025,223,-40.1726,12.25,10.56,11.26,45.47326944545523,POWER_HOURLY_PAIRED_PRODUCT_DAILY_MEAN
SH-EN-ALERCE,2025-08-12,2025,224,-40.1726,10.460000000000001,7.8099999999999996,7.2800000000000002,156.59966321177191,POWER_HOURLY_PAIRED_PRODUCT_DAILY_MEAN
SH-EN-ALERCE,2025-08-13,2025,225,-40.1726,12.890000000000001,6.5800000000000001,6.54,221.75408987140926,POWER_HOURLY_PAIRED_PRODUCT_DAILY_MEAN
SH-EN-ALERCE,2025-08-14,2025,226,-40.1726,14.67,7.2400000000000002,7.7300000000000004,250.61139731993066,POWER_HOURLY_PAIRED_PRODUCT_DAILY_MEAN
SH-EN-ALERCE,2025-08-15,2025,227,-40.1726,12.359999999999999,7.9800000000000004,8.4900000000000002,148.25959906997676,POWER_HOURLY_PAIRED_PRODUCT_DAILY_MEAN
SH-EN-ALERCE,2025-08-16,2025,228,-40.1726,12.369999999999999,10.18,9.8300000000000001,118.13890377230281,POWER_HOURLY_PAIRED_PRODUCT_DAILY_MEAN
SH-EN-ALERCE,2025-08-17,2025,229,-40.1726,14.119999999999999,10.06,10,159.46959126472427,POWER_HOURLY_PAIRED_PRODUCT_DAILY_MEAN
SH-EN-ALERCE,2025-08-18,2025,230,-40.1726,13.57,8.9000000000000004,8.8200000000000003,137.40890382264942,POWER_HOURLY_PAIRED_PRODUCT_DAILY_MEAN
SH-EN-ALERCE,2025-08-19,2025,231,-40.1726,10.119999999999999,9.3399999999999999,8.7300000000000004,72.544304042071815,POWER_HOURLY_PAIRED_PRODUCT_DAILY_MEAN
SH-EN-ALERCE,2025-08-20,2025,232,-40.1726,10.07,8.1400000000000006,7.2599999999999998,142.18077709936685,POWER_HOURLY_PAIRED_PRODUCT_DAILY_MEAN
SH-EN-ALERCE,2025-08-21,2025,233,-40.1726,9.4800000000000004,5.5099999999999998,5.2400000000000002,102.63671733123175,POWER_HOURLY_PAIRED_PRODUCT_DAILY_MEAN
SH-EN-ALERCE,2025-08-22,2025,234,-40.1726,7.2300000000000004,5.3899999999999997,3.7599999999999998,147.77757007395135,POWER_HOURLY_PAIRED_PRODUCT_DAILY_MEAN
SH-EN-ALERCE,2025-08-23,2025,235,-40.1726,10.220000000000001,6.5599999999999996,6.5499999999999998,112.68789537598748,POWER_HOURLY_PAIRED_PRODUCT_DAILY_MEAN
SH-EN-ALERCE,2025-08-24,2025,236,-40.1726,10.66,10.050000000000001,9.6899999999999995,50.326285079934564,POWER_HOURLY_PAIRED_PRODUCT_DAILY_MEAN
SH-EN-ALERCE,2025-08-25,2025,237,-40.1726,10.65,8.3300000000000001,8.6099999999999994,101.15057181070274,POWER_HOURLY_PAIRED_PRODUCT_DAILY_MEAN
SH-EN-ALERCE,2025-08-26,2025,238,-40.1726,13.82,8.3399999999999999,9.1600000000000001,139.27950314969712,POWER_HOURLY_PAIRED_PRODUCT_DAILY_MEAN
SH-EN-ALERCE,2025-08-27,2025,239,-40.1726,12.84,8.4499999999999993,8.7200000000000006,143.28517844625893,POWER_HOURLY_PAIRED_PRODUCT_DAILY_MEAN
SH-EN-ALERCE,2025-08-28,2025,240,-40.1726,12.43,8.5399999999999991,8.1400000000000006,154.67983651027765,POWER_HOURLY_PAIRED_PRODUCT_DAILY_MEAN
SH-EN-ALERCE,2025-08-29,2025,241,-40.1726,12.66,7.5599999999999996,7.6500000000000004,172.965480102648,POWER_HOURLY_PAIRED_PRODUCT_DAILY_MEAN
SH-EN-ALERCE,2025-08-30,2025,242,-40.1726,14.76,8.25,8.4100000000000001,258.31688075563551,POWER_HOURLY_PAIRED_PRODUCT_DAILY_MEAN
SH-EN-ALERCE,2025-08-31,2025,243,-40.1726,11.99,8.5199999999999996,8.2899999999999991,153.85492114204735,POWER_HOURLY_PAIRED_PRODUCT_DAILY_MEAN
SH-EN-ALERCE,2025-09-01,2025,244,-40.1726,10.33,6.6799999999999997,7.4900000000000002,118.28628985577524,POWER_HOURLY_PAIRED_PRODUCT_DAILY_MEAN
SH-EN-ALERCE,2025-09-02,2025,245,-40.1726,8.1199999999999992,6.6600000000000001,5.0099999999999998,148.57904250760797,POWER_HOURLY_PAIRED_PRODUCT_DAILY_MEAN
SH-EN-ALERCE,2025-09-03,2025,246,-40.1726,9.9700000000000006,6,4.8399999999999999,234.90406440199362,POWER_HOURLY_PAIRED_PRODUCT_DAILY_MEAN
SH-EN-ALERCE,2025-09-04,2025,247,-40.1726,11.17,4.4699999999999998,3.7999999999999998,250.05648197154565,POWER_HOURLY_PAIRED_PRODUCT_DAILY_MEAN
SH-EN-ALERCE,2025-09-05,2025,248,-40.1726,14.02,4.5300000000000002,5.1399999999999997,288.44181465500964,POWER_HOURLY_PAIRED_PRODUCT_DAILY_MEAN
SH-EN-ALERCE,2025-09-06,2025,249,-40.1726,12.19,5.8499999999999996,6.8600000000000003,167.69726471443818,POWER_HOURLY_PAIRED_PRODUCT_DAILY_MEAN
SH-EN-ALERCE,2025-09-07,2025,250,-40.1726,9.8000000000000007,8.4600000000000009,7.3300000000000001,135.43498751691183,POWER_HOURLY_PAIRED_PRODUCT_DAILY_MEAN
SH-EN-ALERCE,2025-09-08,2025,251,-40.1726,10.300000000000001,8.7799999999999994,8.1899999999999995,107.69072478200614,POWER_HOURLY_PAIRED_PRODUCT_DAILY_MEAN
SH-EN-ALERCE,2025-09-09,2025,252,-40.1726,12.289999999999999,9.7100000000000009,11.06,57.875183137412698,POWER_HOURLY_PAIRED_PRODUCT_DAILY_MEAN
SH-EN-ALERCE,2025-09-10,2025,253,-40.1726,11.220000000000001,8.4199999999999999,7.2699999999999996,222.99836171379934,POWER_HOURLY_PAIRED_PRODUCT_DAILY_MEAN
SH-EN-ALERCE,2025-09-11,2025,254,-40.1726,11.6,6.79,4.5300000000000002,305.30855335005435,POWER_HOURLY_PAIRED_PRODUCT_DAILY_MEAN
SH-EN-ALERCE,2025-09-12,2025,255,-40.1726,11.369999999999999,6.6200000000000001,6.8099999999999996,156.55008868768164,POWER_HOURLY_PAIRED_PRODUCT_DAILY_MEAN
SH-EN-ALERCE,2025-09-13,2025,256,-40.1726,11.07,7.4699999999999998,7.8300000000000001,155.60107560126693,POWER_HOURLY_PAIRED_PRODUCT_DAILY_MEAN
SH-EN-ALERCE,2025-09-14,2025,257,-40.1726,12.07,8.25,5.6900000000000004,327.63761525874423,POWER_HOURLY_PAIRED_PRODUCT_DAILY_MEAN
SH-EN-ALERCE,2025-09-15,2025,258,-40.1726,11.789999999999999,8.1500000000000004,9.0299999999999994,119.33667390173143,POWER_HOURLY_PAIRED_PRODUCT_DAILY_MEAN
SH-EN-ALERCE,2025-09-16,2025,259,-40.1726,12.300000000000001,11.119999999999999,11.01,58.999609914618567,POWER_HOURLY_PAIRED_PRODUCT_DAILY_MEAN
SH-EN-ALERCE,2025-09-17,2025,260,-40.1726,12.880000000000001,8.8399999999999999,9.9299999999999997,108.62870847213883,POWER_HOURLY_PAIRED_PRODUCT_DAILY_MEAN
SH-EN-ALERCE,2025-09-18,2025,261,-40.1726,11.74,9.6099999999999994,9.7100000000000009,102.06370054044335,POWER_HOURLY_PAIRED_PRODUCT_DAILY_MEAN
SH-EN-ALERCE,2025-09-19,2025,262,-40.1726,11.859999999999999,9.1300000000000008,9.1500000000000004,92.596450120807773,POWER_HOURLY_PAIRED_PRODUCT_DAILY_MEAN
SH-EN-ALERCE,2025-09-20,2025,263,-40.1726,11.26,8.8699999999999992,9.0099999999999998,99.88567321797882,POWER_HOURLY_PAIRED_PRODUCT_DAILY_MEAN
SH-EN-ALERCE,2025-09-21,2025,264,-40.1726,10.65,7.9100000000000001,6.9000000000000004,153.69305515687537,POWER_HOURLY_PAIRED_PRODUCT_DAILY_MEAN
SH-EN-ALERCE,2025-09-22,2025,265,-40.1726,9.3100000000000005,7.3200000000000003,5.5700000000000003,169.30082581881859,POWER_HOURLY_PAIRED_PRODUCT_DAILY_MEAN
SH-EN-ALERCE,2025-09-23,2025,266,-40.1726,11.720000000000001,6.9000000000000004,5.7800000000000002,266.39566464386513,POWER_HOURLY_PAIRED_PRODUCT_DAILY_MEAN
SH-EN-ALERCE,2025-09-24,2025,267,-40.1726,15.83,9.0500000000000007,7.2800000000000002,426.28241454840168,POWER_HOURLY_PAIRED_PRODUCT_DAILY_MEAN
SH-EN-ALERCE,2025-09-25,2025,268,-40.1726,12.68,9.6099999999999994,10.01,132.24076944632836,POWER_HOURLY_PAIRED_PRODUCT_DAILY_MEAN
SH-EN-ALERCE,2025-09-26,2025,269,-40.1726,11.94,8.8800000000000008,8.3800000000000008,170.6986640880161,POWER_HOURLY_PAIRED_PRODUCT_DAILY_MEAN
SH-EN-ALERCE,2025-09-27,2025,270,-40.1726,11.5,9.4100000000000001,8.6899999999999995,163.51049853363489,POWER_HOURLY_PAIRED_PRODUCT_DAILY_MEAN
SH-EN-ALERCE,2025-09-28,2025,271,-40.1726,11.52,6.5199999999999996,5.6200000000000001,252.5472623804111,POWER_HOURLY_PAIRED_PRODUCT_DAILY_MEAN
SH-EN-ALERCE,2025-09-29,2025,272,-40.1726,11.35,7.2599999999999998,7.1500000000000004,187.06799916613795,POWER_HOURLY_PAIRED_PRODUCT_DAILY_MEAN
SH-EN-ALERCE,2025-09-30,2025,273,-40.1726,11.59,8.5099999999999998,8.1099999999999994,158.38833903647546,POWER_HOURLY_PAIRED_PRODUCT_DAILY_MEAN
SH-EN-ALERCE,2025-10-01,2025,274,-40.1726,12.57,8.4299999999999997,7.4000000000000004,207.81616833420048,POWER_HOURLY_PAIRED_PRODUCT_DAILY_MEAN
SH-EN-ALERCE,2025-10-02,2025,275,-40.1726,12.220000000000001,8.8800000000000008,7.4900000000000002,218.6212098535847,POWER_HOURLY_PAIRED_PRODUCT_DAILY_MEAN
SH-EN-ALERCE,2025-10-03,2025,276,-40.1726,11.73,9.8399999999999999,9.6899999999999995,112.42564431843027,POWER_HOURLY_PAIRED_PRODUCT_DAILY_MEAN
SH-EN-ALERCE,2025-10-04,2025,277,-40.1726,11.27,7.54,6.3300000000000001,204.20899744123267,POWER_HOURLY_PAIRED_PRODUCT_DAILY_MEAN
SH-EN-ALERCE,2025-10-05,2025,278,-40.1726,9.8499999999999996,6.8099999999999996,5.25,198.86478006115371,POWER_HOURLY_PAIRED_PRODUCT_DAILY_MEAN
SH-EN-ALERCE,2025-10-06,2025,279,-40.1726,11.24,7.8200000000000003,8.9399999999999995,97.845470476802078,POWER_HOURLY_PAIRED_PRODUCT_DAILY_MEAN
SH-EN-ALERCE,2025-10-07,2025,280,-40.1726,13.279999999999999,9.1199999999999992,9.0299999999999994,173.95300345081554,POWER_HOURLY_PAIRED_PRODUCT_DAILY_MEAN
SH-EN-ALERCE,2025-10-08,2025,281,-40.1726,12.81,9.0800000000000001,9.3399999999999999,147.30222404791883,POWER_HOURLY_PAIRED_PRODUCT_DAILY_MEAN
SH-EN-ALERCE,2025-10-09,2025,282,-40.1726,11.92,10.640000000000001,10.16,95.726385009847647,POWER_HOURLY_PAIRED_PRODUCT_DAILY_MEAN
SH-EN-ALERCE,2025-10-10,2025,283,-40.1726,12.59,8.4499999999999993,9.6899999999999995,98.556758817750122,POWER_HOURLY_PAIRED_PRODUCT_DAILY_MEAN
SH-EN-ALERCE,2025-10-11,2025,284,-40.1726,10.99,7.46,6.6200000000000001,196.29441330291812,POWER_HOURLY_PAIRED_PRODUCT_DAILY_MEAN
SH-EN-ALERCE,2025-10-12,2025,285,-40.1726,11.960000000000001,6.6399999999999997,5.5300000000000002,268.69888888185295,POWER_HOURLY_PAIRED_PRODUCT_DAILY_MEAN
SH-EN-ALERCE,2025-10-13,2025,286,-40.1726,13.02,9.4399999999999995,9.0299999999999994,169.43690591271027,POWER_HOURLY_PAIRED_PRODUCT_DAILY_MEAN
SH-EN-ALERCE,2025-10-14,2025,287,-40.1726,12.48,9.7899999999999991,10.609999999999999,65.573947879978746,POWER_HOURLY_PAIRED_PRODUCT_DAILY_MEAN
SH-EN-ALERCE,2025-10-15,2025,288,-40.1726,11.99,8.7899999999999991,7.2699999999999996,262.53679154066441,POWER_HOURLY_PAIRED_PRODUCT_DAILY_MEAN
SH-EN-ALERCE,2025-10-16,2025,289,-40.1726,12.57,8.4600000000000009,6.8399999999999999,263.76191474619969,POWER_HOURLY_PAIRED_PRODUCT_DAILY_MEAN
SH-EN-ALERCE,2025-10-17,2025,290,-40.1726,14.109999999999999,7.3300000000000001,6.7999999999999998,304.68862193863396,POWER_HOURLY_PAIRED_PRODUCT_DAILY_MEAN
SH-EN-ALERCE,2025-10-18,2025,291,-40.1726,14.73,7.71,8.0600000000000005,249.53138211747932,POWER_HOURLY_PAIRED_PRODUCT_DAILY_MEAN
SH-EN-ALERCE,2025-10-19,2025,292,-40.1726,13.06,8.4199999999999999,8.1400000000000006,233.11522200495892,POWER_HOURLY_PAIRED_PRODUCT_DAILY_MEAN
SH-EN-ALERCE,2025-10-20,2025,293,-40.1726,13.76,9.9700000000000006,10.43,153.24458411278238,POWER_HOURLY_PAIRED_PRODUCT_DAILY_MEAN
SH-EN-ALERCE,2025-10-21,2025,294,-40.1726,13.539999999999999,8.4600000000000009,6.4100000000000001,354.76177036769803,POWER_HOURLY_PAIRED_PRODUCT_DAILY_MEAN
SH-EN-ALERCE,2025-10-22,2025,295,-40.1726,13.050000000000001,8.4199999999999999,7.1500000000000004,292.30316599822419,POWER_HOURLY_PAIRED_PRODUCT_DAILY_MEAN
SH-EN-ALERCE,2025-10-23,2025,296,-40.1726,12.17,7.96,8.1500000000000004,183.639625665224,POWER_HOURLY_PAIRED_PRODUCT_DAILY_MEAN
SH-EN-ALERCE,2025-10-24,2025,297,-40.1726,10.359999999999999,7.2400000000000002,5.5199999999999996,212.17002600951182,POWER_HOURLY_PAIRED_PRODUCT_DAILY_MEAN
SH-EN-ALERCE,2025-10-25,2025,298,-40.1726,11.699999999999999,7.96,7.9800000000000004,155.587899630132,POWER_HOURLY_PAIRED_PRODUCT_DAILY_MEAN
SH-EN-ALERCE,2025-10-26,2025,299,-40.1726,12.69,9.6199999999999992,8.1799999999999997,241.17392537689469,POWER_HOURLY_PAIRED_PRODUCT_DAILY_MEAN
SH-EN-ALERCE,2025-10-27,2025,300,-40.1726,16.440000000000001,8.3100000000000005,7.3899999999999997,419.66935011190753,POWER_HOURLY_PAIRED_PRODUCT_DAILY_MEAN
SH-EN-ALERCE,2025-10-28,2025,301,-40.1726,15.949999999999999,8.6099999999999994,7.1100000000000003,399.00849923527193,POWER_HOURLY_PAIRED_PRODUCT_DAILY_MEAN
SH-EN-ALERCE,2025-10-29,2025,302,-40.1726,14.85,9.9700000000000006,9.4000000000000004,240.88744188745534,POWER_HOURLY_PAIRED_PRODUCT_DAILY_MEAN
SH-EN-ALERCE,2025-10-30,2025,303,-40.1726,12.630000000000001,10.130000000000001,8.6400000000000006,206.84780627121165,POWER_HOURLY_PAIRED_PRODUCT_DAILY_MEAN
SH-EN-ALERCE,2025-10-31,2025,304,-40.1726,12.359999999999999,9.3000000000000007,7.5700000000000003,250.05705511567564,POWER_HOURLY_PAIRED_PRODUCT_DAILY_MEAN
SH-EN-ALERCE,2025-11-01,2025,305,-40.1726,12.91,9.7799999999999994,8.1999999999999993,226.15265658126054,POWER_HOURLY_PAIRED_PRODUCT_DAILY_MEAN
SH-EN-ALERCE,2025-11-02,2025,306,-40.1726,15.75,9.5600000000000005,8.9900000000000002,301.36925728344795,POWER_HOURLY_PAIRED_PRODUCT_DAILY_MEAN
SH-EN-ALERCE,2025-11-03,2025,307,-40.1726,14.970000000000001,9.5800000000000001,8.7400000000000002,276.55192442515187,POWER_HOURLY_PAIRED_PRODUCT_DAILY_MEAN
SH-EN-ALERCE,2025-11-04,2025,308,-40.1726,14.26,9.7400000000000002,8.6400000000000006,293.34608155353243,POWER_HOURLY_PAIRED_PRODUCT_DAILY_MEAN
SH-EN-ALERCE,2025-11-05,2025,309,-40.1726,16.440000000000001,9.6300000000000008,9.7200000000000006,290.71255226742289,POWER_HOURLY_PAIRED_PRODUCT_DAILY_MEAN
SH-EN-ALERCE,2025-11-06,2025,310,-40.1726,14.01,9.3100000000000005,8.4399999999999995,245.0088238208979,POWER_HOURLY_PAIRED_PRODUCT_DAILY_MEAN
SH-EN-ALERCE,2025-11-07,2025,311,-40.1726,12.5,9.3800000000000008,7.9900000000000002,251.05517987697658,POWER_HOURLY_PAIRED_PRODUCT_DAILY_MEAN
SH-EN-ALERCE,2025-11-08,2025,312,-40.1726,15.82,9.2699999999999996,9.7799999999999994,256.92993617737528,POWER_HOURLY_PAIRED_PRODUCT_DAILY_MEAN
SH-EN-ALERCE,2025-11-09,2025,313,-40.1726,15.6,10.67,10.81,186.4392137130591,POWER_HOURLY_PAIRED_PRODUCT_DAILY_MEAN
SH-EN-ALERCE,2025-11-10,2025,314,-40.1726,13.26,10.949999999999999,9.4499999999999993,207.28615593390325,POWER_HOURLY_PAIRED_PRODUCT_DAILY_MEAN
SH-EN-ALERCE,2025-11-11,2025,315,-40.1726,12.220000000000001,9.3699999999999992,9.1099999999999994,143.94097682793011,POWER_HOURLY_PAIRED_PRODUCT_DAILY_MEAN
SH-EN-ALERCE,2025-11-12,2025,316,-40.1726,14.32,9.3200000000000003,8.7300000000000004,244.38779038544988,POWER_HOURLY_PAIRED_PRODUCT_DAILY_MEAN
SH-EN-ALERCE,2025-11-13,2025,317,-40.1726,15.58,8.9399999999999995,8.4700000000000006,329.59222090780764,POWER_HOURLY_PAIRED_PRODUCT_DAILY_MEAN
SH-EN-ALERCE,2025-11-14,2025,318,-40.1726,16.629999999999999,9.2799999999999994,9.7200000000000006,324.9835473277347,POWER_HOURLY_PAIRED_PRODUCT_DAILY_MEAN
SH-EN-ALERCE,2025-11-15,2025,319,-40.1726,13.220000000000001,9.2899999999999991,9.4399999999999995,205.2223916599913,POWER_HOURLY_PAIRED_PRODUCT_DAILY_MEAN
SH-EN-ALERCE,2025-11-16,2025,320,-40.1726,13.67,7.3799999999999999,5.29,383.14158736692474,POWER_HOURLY_PAIRED_PRODUCT_DAILY_MEAN
SH-EN-ALERCE,2025-11-17,2025,321,-40.1726,14.210000000000001,8.9800000000000004,10.08,152.77891693162016,POWER_HOURLY_PAIRED_PRODUCT_DAILY_MEAN
SH-EN-ALERCE,2025-11-18,2025,322,-40.1726,14.02,8.7899999999999991,6.7300000000000004,377.77183737705417,POWER_HOURLY_PAIRED_PRODUCT_DAILY_MEAN
SH-EN-ALERCE,2025-11-19,2025,323,-40.1726,14.83,10.1,10.720000000000001,201.18039872063801,POWER_HOURLY_PAIRED_PRODUCT_DAILY_MEAN
SH-EN-ALERCE,2025-11-20,2025,324,-40.1726,15.25,10.68,9.4900000000000002,301.48099356983568,POWER_HOURLY_PAIRED_PRODUCT_DAILY_MEAN
SH-EN-ALERCE,2025-11-21,2025,325,-40.1726,17.670000000000002,9.7300000000000004,9.2699999999999996,413.55568787717726,POWER_HOURLY_PAIRED_PRODUCT_DAILY_MEAN
SH-EN-ALERCE,2025-11-22,2025,326,-40.1726,19.030000000000001,9.8599999999999994,9.1999999999999993,504.46563487807293,POWER_HOURLY_PAIRED_PRODUCT_DAILY_MEAN
SH-EN-ALERCE,2025-11-23,2025,327,-40.1726,19.91,10.35,10.390000000000001,484.25884446804861,POWER_HOURLY_PAIRED_PRODUCT_DAILY_MEAN
SH-EN-ALERCE,2025-11-24,2025,328,-40.1726,19.289999999999999,11.960000000000001,11.9,378.44393014611666,POWER_HOURLY_PAIRED_PRODUCT_DAILY_MEAN
SH-EN-ALERCE,2025-11-25,2025,329,-40.1726,19.030000000000001,11.619999999999999,11.65,325.2461502477733,POWER_HOURLY_PAIRED_PRODUCT_DAILY_MEAN
SH-EN-ALERCE,2025-11-26,2025,330,-40.1726,17.690000000000001,11.27,11.210000000000001,277.91315509635405,POWER_HOURLY_PAIRED_PRODUCT_DAILY_MEAN
SH-EN-ALERCE,2025-11-27,2025,331,-40.1726,18.73,11.470000000000001,10.859999999999999,448.77168102212403,POWER_HOURLY_PAIRED_PRODUCT_DAILY_MEAN
SH-EN-ALERCE,2025-11-28,2025,332,-40.1726,14.57,11.02,11.470000000000001,189.0226692693935,POWER_HOURLY_PAIRED_PRODUCT_DAILY_MEAN
SH-EN-ALERCE,2025-11-29,2025,333,-40.1726,15.960000000000001,12.51,12.130000000000001,184.62136156926508,POWER_HOURLY_PAIRED_PRODUCT_DAILY_MEAN
SH-EN-ALERCE,2025-11-30,2025,334,-40.1726,15.09,12.51,11.91,155.44713998017278,POWER_HOURLY_PAIRED_PRODUCT_DAILY_MEAN
SH-EN-ALERCE,2025-12-01,2025,335,-40.1726,14.220000000000001,11.48,10.890000000000001,147.88701371281448,POWER_HOURLY_PAIRED_PRODUCT_DAILY_MEAN
SH-EN-ALERCE,2025-12-02,2025,336,-40.1726,15.050000000000001,11.77,12.34,122.8702250389991,POWER_HOURLY_PAIRED_PRODUCT_DAILY_MEAN
SH-EN-ALERCE,2025-12-03,2025,337,-40.1726,16.460000000000001,11.77,10.44,347.78616430374944,POWER_HOURLY_PAIRED_PRODUCT_DAILY_MEAN
SH-EN-ALERCE,2025-12-04,2025,338,-40.1726,16.289999999999999,10.6,10.27,333.54479734051171,POWER_HOURLY_PAIRED_PRODUCT_DAILY_MEAN
SH-EN-ALERCE,2025-12-05,2025,339,-40.1726,16.239999999999998,9.3599999999999994,8.1500000000000004,455.09723779724533,POWER_HOURLY_PAIRED_PRODUCT_DAILY_MEAN
SH-EN-ALERCE,2025-12-06,2025,340,-40.1726,20.050000000000001,10.779999999999999,10.06,585.54191672572369,POWER_HOURLY_PAIRED_PRODUCT_DAILY_MEAN
SH-EN-ALERCE,2025-12-07,2025,341,-40.1726,22.789999999999999,11.76,11.18,718.8425766463107,POWER_HOURLY_PAIRED_PRODUCT_DAILY_MEAN
SH-EN-ALERCE,2025-12-08,2025,342,-40.1726,21.23,14,12.109999999999999,583.91746510957023,POWER_HOURLY_PAIRED_PRODUCT_DAILY_MEAN
SH-EN-ALERCE,2025-12-09,2025,343,-40.1726,18.629999999999999,13.029999999999999,12.69,345.4303867741915,POWER_HOURLY_PAIRED_PRODUCT_DAILY_MEAN
SH-EN-ALERCE,2025-12-10,2025,344,-40.1726,16.879999999999999,11.49,10.99,309.44099323742944,POWER_HOURLY_PAIRED_PRODUCT_DAILY_MEAN
SH-EN-ALERCE,2025-12-11,2025,345,-40.1726,15.369999999999999,10.210000000000001,10.51,247.08647450601947,POWER_HOURLY_PAIRED_PRODUCT_DAILY_MEAN
SH-EN-ALERCE,2025-12-12,2025,346,-40.1726,14.210000000000001,11.77,11.19,185.86556649496814,POWER_HOURLY_PAIRED_PRODUCT_DAILY_MEAN
SH-EN-ALERCE,2025-12-13,2025,347,-40.1726,13.890000000000001,10.199999999999999,7.6600000000000001,377.27497903659338,POWER_HOURLY_PAIRED_PRODUCT_DAILY_MEAN
SH-EN-ALERCE,2025-12-14,2025,348,-40.1726,14.23,10.33,8.5500000000000007,326.26041885367192,POWER_HOURLY_PAIRED_PRODUCT_DAILY_MEAN
SH-EN-ALERCE,2025-12-15,2025,349,-40.1726,15.09,11.470000000000001,11.06,196.95384130594712,POWER_HOURLY_PAIRED_PRODUCT_DAILY_MEAN
SH-EN-ALERCE,2025-12-16,2025,350,-40.1726,17.809999999999999,11.66,11.01,340.43553140763771,POWER_HOURLY_PAIRED_PRODUCT_DAILY_MEAN
SH-EN-ALERCE,2025-12-17,2025,351,-40.1726,16.120000000000001,11.199999999999999,10.98,238.20112746922783,POWER_HOURLY_PAIRED_PRODUCT_DAILY_MEAN
SH-EN-ALERCE,2025-12-18,2025,352,-40.1726,16.690000000000001,10.31,8.7899999999999991,421.69962883882744,POWER_HOURLY_PAIRED_PRODUCT_DAILY_MEAN
SH-EN-ALERCE,2025-12-19,2025,353,-40.1726,15.890000000000001,10.44,10.67,299.13749631411287,POWER_HOURLY_PAIRED_PRODUCT_DAILY_MEAN
SH-EN-ALERCE,2025-12-20,2025,354,-40.1726,14.41,12.1,12.300000000000001,121.00483504906953,POWER_HOURLY_PAIRED_PRODUCT_DAILY_MEAN
SH-EN-ALERCE,2025-12-21,2025,355,-40.1726,14.550000000000001,10.33,9.3699999999999992,274.53625238063483,POWER_HOURLY_PAIRED_PRODUCT_DAILY_MEAN
SH-EN-ALERCE,2025-12-22,2025,356,-40.1726,14.73,10.31,10.609999999999999,236.76855778099321,POWER_HOURLY_PAIRED_PRODUCT_DAILY_MEAN
SH-EN-ALERCE,2025-12-23,2025,357,-40.1726,15.01,10.949999999999999,8.3499999999999996,376.72369538959248,POWER_HOURLY_PAIRED_PRODUCT_DAILY_MEAN
SH-EN-ALERCE,2025-12-24,2025,358,-40.1726,16.300000000000001,10.960000000000001,10.42,278.89682894555136,POWER_HOURLY_PAIRED_PRODUCT_DAILY_MEAN
SH-EN-ALERCE,2025-12-25,2025,359,-40.1726,17.329999999999998,10.140000000000001,9.9100000000000001,385.0123311882258,POWER_HOURLY_PAIRED_PRODUCT_DAILY_MEAN
SH-EN-ALERCE,2025-12-26,2025,360,-40.1726,15.529999999999999,11.32,11.369999999999999,273.27795432145376,POWER_HOURLY_PAIRED_PRODUCT_DAILY_MEAN
SH-EN-ALERCE,2025-12-27,2025,361,-40.1726,17.649999999999999,11.09,9.4299999999999997,485.43540303113122,POWER_HOURLY_PAIRED_PRODUCT_DAILY_MEAN
SH-EN-ALERCE,2025-12-28,2025,362,-40.1726,19.120000000000001,11.09,10.529999999999999,470.39793897188582,POWER_HOURLY_PAIRED_PRODUCT_DAILY_MEAN
SH-EN-ALERCE,2025-12-29,2025,363,-40.1726,18.109999999999999,11.98,11.27,365.9331804273699,POWER_HOURLY_PAIRED_PRODUCT_DAILY_MEAN
SH-EN-ALERCE,2025-12-30,2025,364,-40.1726,17.350000000000001,12.26,13.279999999999999,198.10172338211396,POWER_HOURLY_PAIRED_PRODUCT_DAILY_MEAN
SH-EN-ALERCE,2025-12-31,2025,365,-40.1726,20.32,12.58,11.029999999999999,558.9391059068306,POWER_HOURLY_PAIRED_PRODUCT_DAILY_MEAN
SH-EN-ALERCE,2026-01-01,2026,1,-40.1726,19.699999999999999,11.23,8.4800000000000004,653.20869785782372,POWER_HOURLY_PAIRED_PRODUCT_DAILY_MEAN
SH-EN-ALERCE,2026-01-02,2026,2,-40.1726,19.300000000000001,10.48,9.6999999999999993,556.09899510292792,POWER_HOURLY_PAIRED_PRODUCT_DAILY_MEAN
SH-EN-ALERCE,2026-01-03,2026,3,-40.1726,25.379999999999999,12.59,11.390000000000001,987.01880473389974,POWER_HOURLY_PAIRED_PRODUCT_DAILY_MEAN
SH-EN-ALERCE,2026-01-04,2026,4,-40.1726,27.530000000000001,13.16,11.109999999999999,849.11762344093393,POWER_HOURLY_PAIRED_PRODUCT_DAILY_MEAN
SH-EN-ALERCE,2026-01-05,2026,5,-40.1726,16.25,12.470000000000001,12.050000000000001,187.05436076479305,POWER_HOURLY_PAIRED_PRODUCT_DAILY_MEAN
SH-EN-ALERCE,2026-01-06,2026,6,-40.1726,17.449999999999999,12.32,11.27,330.09686575904249,POWER_HOURLY_PAIRED_PRODUCT_DAILY_MEAN
SH-EN-ALERCE,2026-01-07,2026,7,-40.1726,21.16,11.35,8.1199999999999992,824.65854045588355,POWER_HOURLY_PAIRED_PRODUCT_DAILY_MEAN
SH-EN-ALERCE,2026-01-08,2026,8,-40.1726,20.59,11.98,8.9100000000000001,747.00006616713256,POWER_HOURLY_PAIRED_PRODUCT_DAILY_MEAN
SH-EN-ALERCE,2026-01-09,2026,9,-40.1726,19.73,12.32,11.57,434.33702877308457,POWER_HOURLY_PAIRED_PRODUCT_DAILY_MEAN
SH-EN-ALERCE,2026-01-10,2026,10,-40.1726,17.649999999999999,11.869999999999999,12.25,292.06692553375461,POWER_HOURLY_PAIRED_PRODUCT_DAILY_MEAN
SH-EN-ALERCE,2026-01-11,2026,11,-40.1726,16.98,11.76,12.23,217.71446303120695,POWER_HOURLY_PAIRED_PRODUCT_DAILY_MEAN
SH-EN-ALERCE,2026-01-12,2026,12,-40.1726,16.670000000000002,10.81,9.4600000000000009,368.74064526722373,POWER_HOURLY_PAIRED_PRODUCT_DAILY_MEAN
SH-EN-ALERCE,2026-01-13,2026,13,-40.1726,17.460000000000001,10,9.8100000000000005,382.32626370242724,POWER_HOURLY_PAIRED_PRODUCT_DAILY_MEAN
SH-EN-ALERCE,2026-01-14,2026,14,-40.1726,16.510000000000002,12.380000000000001,12.050000000000001,230.9157678961113,POWER_HOURLY_PAIRED_PRODUCT_DAILY_MEAN
SH-EN-ALERCE,2026-01-15,2026,15,-40.1726,15.449999999999999,10.94,7.7699999999999996,456.5618722639777,POWER_HOURLY_PAIRED_PRODUCT_DAILY_MEAN
SH-EN-ALERCE,2026-01-16,2026,16,-40.1726,17.84,11.41,11.550000000000001,324.87599722446402,POWER_HOURLY_PAIRED_PRODUCT_DAILY_MEAN
SH-EN-ALERCE,2026-01-17,2026,17,-40.1726,18.050000000000001,11.82,8.2400000000000002,617.54352253675825,POWER_HOURLY_PAIRED_PRODUCT_DAILY_MEAN
SH-EN-ALERCE,2026-01-18,2026,18,-40.1726,21.219999999999999,10.19,7.0300000000000002,858.85043707600607,POWER_HOURLY_PAIRED_PRODUCT_DAILY_MEAN
SH-EN-ALERCE,2026-01-19,2026,19,-40.1726,20.710000000000001,11.76,7.7599999999999998,818.79337135318713,POWER_HOURLY_PAIRED_PRODUCT_DAILY_MEAN
SH-EN-ALERCE,2026-01-20,2026,20,-40.1726,20.800000000000001,11.5,10.460000000000001,503.83509298866562,POWER_HOURLY_PAIRED_PRODUCT_DAILY_MEAN
SH-EN-ALERCE,2026-01-21,2026,21,-40.1726,16.289999999999999,12.380000000000001,12.27,183.9348378361988,POWER_HOURLY_PAIRED_PRODUCT_DAILY_MEAN
SH-EN-ALERCE,2026-01-22,2026,22,-40.1726,16.09,12.390000000000001,11.92,235.27885866788628,POWER_HOURLY_PAIRED_PRODUCT_DAILY_MEAN
SH-EN-ALERCE,2026-01-23,2026,23,-40.1726,18.370000000000001,11.83,10.960000000000001,366.35579248222365,POWER_HOURLY_PAIRED_PRODUCT_DAILY_MEAN
SH-EN-ALERCE,2026-01-24,2026,24,-40.1726,15.56,10.550000000000001,10.25,251.37470006905446,POWER_HOURLY_PAIRED_PRODUCT_DAILY_MEAN
SH-EN-ALERCE,2026-01-25,2026,25,-40.1726,15.41,10.369999999999999,9.3499999999999996,329.53985060477891,POWER_HOURLY_PAIRED_PRODUCT_DAILY_MEAN
SH-EN-ALERCE,2026-01-26,2026,26,-40.1726,17.68,11.98,12.1,268.36504842476035,POWER_HOURLY_PAIRED_PRODUCT_DAILY_MEAN
SH-EN-ALERCE,2026-01-27,2026,27,-40.1726,17.91,13.18,14.949999999999999,145.15375633803535,POWER_HOURLY_PAIRED_PRODUCT_DAILY_MEAN
SH-EN-ALERCE,2026-01-28,2026,28,-40.1726,20.07,16.300000000000001,16.010000000000002,249.16919542286664,POWER_HOURLY_PAIRED_PRODUCT_DAILY_MEAN
SH-EN-ALERCE,2026-01-29,2026,29,-40.1726,25.030000000000001,16.149999999999999,15.039999999999999,671.9876625594726,POWER_HOURLY_PAIRED_PRODUCT_DAILY_MEAN
SH-EN-ALERCE,2026-01-30,2026,30,-40.1726,21.23,16.02,15.23,328.20652017264467,POWER_HOURLY_PAIRED_PRODUCT_DAILY_MEAN
SH-EN-ALERCE,2026-01-31,2026,31,-40.1726,21.899999999999999,15.279999999999999,14.49,454.85629926552673,POWER_HOURLY_PAIRED_PRODUCT_DAILY_MEAN
SH-EN-ALERCE,2026-02-01,2026,32,-40.1726,20.190000000000001,13.68,12.359999999999999,443.91614372284977,POWER_HOURLY_PAIRED_PRODUCT_DAILY_MEAN
SH-EN-ALERCE,2026-02-02,2026,33,-40.1726,17.93,15.050000000000001,14.82,186.65816287779333,POWER_HOURLY_PAIRED_PRODUCT_DAILY_MEAN
SH-EN-ALERCE,2026-02-03,2026,34,-40.1726,16.41,13.26,13.33,180.25471226426251,POWER_HOURLY_PAIRED_PRODUCT_DAILY_MEAN
SH-EN-ALERCE,2026-02-04,2026,35,-40.1726,16.760000000000002,11.779999999999999,9.9800000000000004,385.29018769642244,POWER_HOURLY_PAIRED_PRODUCT_DAILY_MEAN
SH-EN-ALERCE,2026-02-05,2026,36,-40.1726,16.710000000000001,10.23,7.6399999999999997,510.77497929630204,POWER_HOURLY_PAIRED_PRODUCT_DAILY_MEAN
SH-EN-ALERCE,2026-02-06,2026,37,-40.1726,18.41,10.31,9.6899999999999995,481.80915262984564,POWER_HOURLY_PAIRED_PRODUCT_DAILY_MEAN
SH-EN-ALERCE,2026-02-07,2026,38,-40.1726,20.82,12.390000000000001,11.68,488.68425540015301,POWER_HOURLY_PAIRED_PRODUCT_DAILY_MEAN
SH-EN-ALERCE,2026-02-08,2026,39,-40.1726,16.699999999999999,13.23,13.27,168.23366357288612,POWER_HOURLY_PAIRED_PRODUCT_DAILY_MEAN
SH-EN-ALERCE,2026-02-09,2026,40,-40.1726,16.710000000000001,12.5,11.9,288.52778521309517,POWER_HOURLY_PAIRED_PRODUCT_DAILY_MEAN
SH-EN-ALERCE,2026-02-10,2026,41,-40.1726,15.460000000000001,12.84,9.7400000000000002,355.19242858622584,POWER_HOURLY_PAIRED_PRODUCT_DAILY_MEAN
SH-EN-ALERCE,2026-02-11,2026,42,-40.1726,14.539999999999999,12.27,8.7300000000000004,408.03094273327412,POWER_HOURLY_PAIRED_PRODUCT_DAILY_MEAN
SH-EN-ALERCE,2026-02-12,2026,43,-40.1726,16.109999999999999,12.24,8.1099999999999994,497.97569321133074,POWER_HOURLY_PAIRED_PRODUCT_DAILY_MEAN
SH-EN-ALERCE,2026-02-13,2026,44,-40.1726,17.52,11.98,12.02,302.30506095784017,POWER_HOURLY_PAIRED_PRODUCT_DAILY_MEAN
SH-EN-ALERCE,2026-02-14,2026,45,-40.1726,16.710000000000001,10.82,11.109999999999999,311.12060125227555,POWER_HOURLY_PAIRED_PRODUCT_DAILY_MEAN
SH-EN-ALERCE,2026-02-15,2026,46,-40.1726,15.039999999999999,9.75,7.9100000000000001,355.69758776105419,POWER_HOURLY_PAIRED_PRODUCT_DAILY_MEAN
SH-EN-ALERCE,2026-02-16,2026,47,-40.1726,17.129999999999999,11.69,12.27,263.80153973178881,POWER_HOURLY_PAIRED_PRODUCT_DAILY_MEAN
SH-EN-ALERCE,2026-02-17,2026,48,-40.1726,16.129999999999999,11.699999999999999,10.640000000000001,366.33036039254517,POWER_HOURLY_PAIRED_PRODUCT_DAILY_MEAN
SH-EN-ALERCE,2026-02-18,2026,49,-40.1726,17.649999999999999,10.98,8.7200000000000006,510.48021551045707,POWER_HOURLY_PAIRED_PRODUCT_DAILY_MEAN
SH-EN-ALERCE,2026-02-19,2026,50,-40.1726,20.059999999999999,10.390000000000001,9.6199999999999992,573.18945916268524,POWER_HOURLY_PAIRED_PRODUCT_DAILY_MEAN
SH-EN-ALERCE,2026-02-20,2026,51,-40.1726,24.140000000000001,13.33,11.050000000000001,834.33920608622157,POWER_HOURLY_PAIRED_PRODUCT_DAILY_MEAN
SH-EN-ALERCE,2026-02-21,2026,52,-40.1726,21.960000000000001,13.119999999999999,11.390000000000001,598.48313304967053,POWER_HOURLY_PAIRED_PRODUCT_DAILY_MEAN
SH-EN-ALERCE,2026-02-22,2026,53,-40.1726,20.100000000000001,12.369999999999999,11.5,470.58637944773955,POWER_HOURLY_PAIRED_PRODUCT_DAILY_MEAN
SH-EN-ALERCE,2026-02-23,2026,54,-40.1726,16.399999999999999,12.42,12.99,173.00373391231528,POWER_HOURLY_PAIRED_PRODUCT_DAILY_MEAN
SH-EN-ALERCE,2026-02-24,2026,55,-40.1726,18.690000000000001,9.4399999999999995,6.1200000000000001,690.97335379939852,POWER_HOURLY_PAIRED_PRODUCT_DAILY_MEAN
SH-EN-ALERCE,2026-02-25,2026,56,-40.1726,17.329999999999998,9.4100000000000001,7.2000000000000002,505.07288991842285,POWER_HOURLY_PAIRED_PRODUCT_DAILY_MEAN
SH-EN-ALERCE,2026-02-26,2026,57,-40.1726,15.119999999999999,10.83,9.6400000000000006,314.68629706594271,POWER_HOURLY_PAIRED_PRODUCT_DAILY_MEAN
SH-EN-ALERCE,2026-02-27,2026,58,-40.1726,16.199999999999999,12.460000000000001,13.470000000000001,112.94292493682826,POWER_HOURLY_PAIRED_PRODUCT_DAILY_MEAN
SH-EN-ALERCE,2026-02-28,2026,59,-40.1726,16.969999999999999,14.300000000000001,14.76,108.61020045144198,POWER_HOURLY_PAIRED_PRODUCT_DAILY_MEAN
SH-EN-ALERCE,2026-03-01,2026,60,-40.1726,16.98,13.970000000000001,13.23,279.26143343495681,POWER_HOURLY_PAIRED_PRODUCT_DAILY_MEAN
SH-EN-ALERCE,2026-03-02,2026,61,-40.1726,15.32,12.65,9.1600000000000001,409.67358019941383,POWER_HOURLY_PAIRED_PRODUCT_DAILY_MEAN
SH-EN-ALERCE,2026-03-03,2026,62,-40.1726,15.630000000000001,12.76,11.02,299.6941749711844,POWER_HOURLY_PAIRED_PRODUCT_DAILY_MEAN
SH-EN-ALERCE,2026-03-04,2026,63,-40.1726,16.5,10.17,6.6399999999999997,554.4564461288802,POWER_HOURLY_PAIRED_PRODUCT_DAILY_MEAN
SH-EN-ALERCE,2026-03-05,2026,64,-40.1726,20.010000000000002,9.3499999999999996,5.9100000000000001,815.15982815208963,POWER_HOURLY_PAIRED_PRODUCT_DAILY_MEAN
SH-EN-ALERCE,2026-03-06,2026,65,-40.1726,20.699999999999999,12.390000000000001,9.1099999999999994,688.71746672586642,POWER_HOURLY_PAIRED_PRODUCT_DAILY_MEAN
SH-EN-ALERCE,2026-03-07,2026,66,-40.1726,18.079999999999998,12.140000000000001,10.01,434.77664831265429,POWER_HOURLY_PAIRED_PRODUCT_DAILY_MEAN
SH-EN-ALERCE,2026-03-08,2026,67,-40.1726,16.550000000000001,11.77,12.6,201.19826233159702,POWER_HOURLY_PAIRED_PRODUCT_DAILY_MEAN
SH-EN-ALERCE,2026-03-09,2026,68,-40.1726,16.98,14.59,14.01,166.2610697858631,POWER_HOURLY_PAIRED_PRODUCT_DAILY_MEAN
SH-EN-ALERCE,2026-03-10,2026,69,-40.1726,17.829999999999998,12.99,12.539999999999999,287.56285510968468,POWER_HOURLY_PAIRED_PRODUCT_DAILY_MEAN
SH-EN-ALERCE,2026-03-11,2026,70,-40.1726,17.149999999999999,12.699999999999999,13.65,161.77147646338571,POWER_HOURLY_PAIRED_PRODUCT_DAILY_MEAN
SH-EN-ALERCE,2026-03-12,2026,71,-40.1726,17,11.67,11.140000000000001,288.37024543697703,POWER_HOURLY_PAIRED_PRODUCT_DAILY_MEAN
SH-EN-ALERCE,2026-03-13,2026,72,-40.1726,16.170000000000002,11.609999999999999,10.1,330.5964628215076,POWER_HOURLY_PAIRED_PRODUCT_DAILY_MEAN
SH-EN-ALERCE,2026-03-14,2026,73,-40.1726,15.32,11.94,12.41,134.56594518357213,POWER_HOURLY_PAIRED_PRODUCT_DAILY_MEAN
SH-EN-ALERCE,2026-03-15,2026,74,-40.1726,15.84,12.970000000000001,9.8900000000000006,407.1267515733021,POWER_HOURLY_PAIRED_PRODUCT_DAILY_MEAN
SH-EN-ALERCE,2026-03-16,2026,75,-40.1726,14.93,12.609999999999999,10.390000000000001,296.17621169159247,POWER_HOURLY_PAIRED_PRODUCT_DAILY_MEAN
SH-EN-ALERCE,2026-03-17,2026,76,-40.1726,14.16,12.81,8.4600000000000009,434.97991144907115,POWER_HOURLY_PAIRED_PRODUCT_DAILY_MEAN
SH-EN-ALERCE,2026-03-18,2026,77,-40.1726,15.51,12.67,12.81,128.81337252321978,POWER_HOURLY_PAIRED_PRODUCT_DAILY_MEAN
SH-EN-ALERCE,2026-03-19,2026,78,-40.1726,15.550000000000001,11.67,9.9199999999999999,355.70968747155189,POWER_HOURLY_PAIRED_PRODUCT_DAILY_MEAN
SH-EN-ALERCE,2026-03-20,2026,79,-40.1726,14.460000000000001,11.27,8.9900000000000002,314.2025374912202,POWER_HOURLY_PAIRED_PRODUCT_DAILY_MEAN
SH-EN-ALERCE,2026-03-21,2026,80,-40.1726,13.67,10.24,10.33,151.94942929898107,POWER_HOURLY_PAIRED_PRODUCT_DAILY_MEAN
SH-EN-ALERCE,2026-03-22,2026,81,-40.1726,12.77,9.6400000000000006,7.0099999999999998,338.74374092095945,POWER_HOURLY_PAIRED_PRODUCT_DAILY_MEAN
SH-EN-ALERCE,2026-03-23,2026,82,-40.1726,14.9,10.52,10.73,177.2797633497008,POWER_HOURLY_PAIRED_PRODUCT_DAILY_MEAN
SH-EN-ALERCE,2026-03-24,2026,83,-40.1726,13.640000000000001,10.09,6.8799999999999999,399.37534417930425,POWER_HOURLY_PAIRED_PRODUCT_DAILY_MEAN
SH-EN-ALERCE,2026-03-25,2026,84,-40.1726,14.34,10.17,7.75,338.10782100558225,POWER_HOURLY_PAIRED_PRODUCT_DAILY_MEAN
SH-EN-ALERCE,2026-03-26,2026,85,-40.1726,15.49,10.01,8.1300000000000008,361.23966186789636,POWER_HOURLY_PAIRED_PRODUCT_DAILY_MEAN
SH-EN-ALERCE,2026-03-27,2026,86,-40.1726,14.4,8.5500000000000007,7.8700000000000001,294.65356512770256,POWER_HOURLY_PAIRED_PRODUCT_DAILY_MEAN
SH-EN-ALERCE,2026-03-28,2026,87,-40.1726,15.68,10.51,11,249.03154204199359,POWER_HOURLY_PAIRED_PRODUCT_DAILY_MEAN
SH-EN-ALERCE,2026-03-29,2026,88,-40.1726,15.869999999999999,13.140000000000001,13.65,105.1211435181287,POWER_HOURLY_PAIRED_PRODUCT_DAILY_MEAN
SH-EN-ALERCE,2026-03-30,2026,89,-40.1726,17.23,14.93,15.43,64.692551160424571,POWER_HOURLY_PAIRED_PRODUCT_DAILY_MEAN
SH-EN-ALERCE,2026-03-31,2026,90,-40.1726,15.57,11.74,10.470000000000001,322.95298617227991,POWER_HOURLY_PAIRED_PRODUCT_DAILY_MEAN
SH-EN-ALERCE,2026-04-01,2026,91,-40.1726,15.1,10.17,7.3300000000000001,426.88536092515432,POWER_HOURLY_PAIRED_PRODUCT_DAILY_MEAN
SH-EN-ALERCE,2026-04-02,2026,92,-40.1726,15.24,10.44,8.2699999999999996,353.98408551357539,POWER_HOURLY_PAIRED_PRODUCT_DAILY_MEAN
SH-EN-ALERCE,2026-04-03,2026,93,-40.1726,15.83,8.0700000000000003,7.1500000000000004,410.56446572640067,POWER_HOURLY_PAIRED_PRODUCT_DAILY_MEAN
SH-EN-ALERCE,2026-04-04,2026,94,-40.1726,20.219999999999999,7.5099999999999998,5.9299999999999997,707.36776995223499,POWER_HOURLY_PAIRED_PRODUCT_DAILY_MEAN
SH-EN-ALERCE,2026-04-05,2026,95,-40.1726,18.469999999999999,11.81,8.3599999999999994,598.09609148211541,POWER_HOURLY_PAIRED_PRODUCT_DAILY_MEAN
SH-EN-ALERCE,2026-04-06,2026,96,-40.1726,17.109999999999999,10.6,9.3200000000000003,380.69413457308957,POWER_HOURLY_PAIRED_PRODUCT_DAILY_MEAN
SH-EN-ALERCE,2026-04-07,2026,97,-40.1726,16.960000000000001,11,10.050000000000001,322.78655490480372,POWER_HOURLY_PAIRED_PRODUCT_DAILY_MEAN
SH-EN-ALERCE,2026-04-08,2026,98,-40.1726,18.18,9.8300000000000001,7.9400000000000004,484.16402476085301,POWER_HOURLY_PAIRED_PRODUCT_DAILY_MEAN
SH-EN-ALERCE,2026-04-09,2026,99,-40.1726,17.18,9.1300000000000008,6.7999999999999998,483.51935990885858,POWER_HOURLY_PAIRED_PRODUCT_DAILY_MEAN
SH-EN-ALERCE,2026-04-10,2026,100,-40.1726,18.32,9.7699999999999996,9.8200000000000003,331.03254154927856,POWER_HOURLY_PAIRED_PRODUCT_DAILY_MEAN
SH-EN-ALERCE,2026-04-11,2026,101,-40.1726,13.77,11.34,11.5,79.833736643536255,POWER_HOURLY_PAIRED_PRODUCT_DAILY_MEAN
SH-EN-ALERCE,2026-04-12,2026,102,-40.1726,14.390000000000001,8.4000000000000004,6.54,371.61427073319732,POWER_HOURLY_PAIRED_PRODUCT_DAILY_MEAN
SH-EN-ALERCE,2026-04-13,2026,103,-40.1726,12.41,6.2999999999999998,5.9800000000000004,270.85220240516998,POWER_HOURLY_PAIRED_PRODUCT_DAILY_MEAN
SH-EN-ALERCE,2026-04-14,2026,104,-40.1726,14.25,11.43,10.33,236.10312503382454,POWER_HOURLY_PAIRED_PRODUCT_DAILY_MEAN
SH-EN-ALERCE,2026-04-15,2026,105,-40.1726,14.81,10.380000000000001,11.050000000000001,161.37541308512985,POWER_HOURLY_PAIRED_PRODUCT_DAILY_MEAN
SH-EN-ALERCE,2026-04-16,2026,106,-40.1726,14.640000000000001,11.9,13.119999999999999,69.450299063029618,POWER_HOURLY_PAIRED_PRODUCT_DAILY_MEAN
SH-EN-ALERCE,2026-04-17,2026,107,-40.1726,13.619999999999999,10.07,8.8800000000000008,236.18187360968281,POWER_HOURLY_PAIRED_PRODUCT_DAILY_MEAN
SH-EN-ALERCE,2026-04-18,2026,108,-40.1726,13.91,9.25,7.5800000000000001,304.59113807831147,POWER_HOURLY_PAIRED_PRODUCT_DAILY_MEAN
SH-EN-ALERCE,2026-04-19,2026,109,-40.1726,11.779999999999999,7.2999999999999998,5.5999999999999996,249.08523161859111,POWER_HOURLY_PAIRED_PRODUCT_DAILY_MEAN
SH-EN-ALERCE,2026-04-20,2026,110,-40.1726,13.51,6.9900000000000002,5.9400000000000004,278.58232812234411,POWER_HOURLY_PAIRED_PRODUCT_DAILY_MEAN
SH-EN-ALERCE,2026-04-21,2026,111,-40.1726,13.01,7.8600000000000003,8.8000000000000007,177.73106809369528,POWER_HOURLY_PAIRED_PRODUCT_DAILY_MEAN
SH-EN-ALERCE,2026-04-22,2026,112,-40.1726,13.609999999999999,10.81,8.4700000000000006,327.40392009420088,POWER_HOURLY_PAIRED_PRODUCT_DAILY_MEAN
SH-EN-ALERCE,2026-04-23,2026,113,-40.1726,13.84,11.48,10.5,195.78792086699389,POWER_HOURLY_PAIRED_PRODUCT_DAILY_MEAN
SH-EN-ALERCE,2026-04-24,2026,114,-40.1726,12.210000000000001,8.5999999999999996,8.2799999999999994,208.64695581409512,POWER_HOURLY_PAIRED_PRODUCT_DAILY_MEAN
SH-EN-ALERCE,2026-04-25,2026,115,-40.1726,11.27,8.4800000000000004,7.75,186.82377699659014,POWER_HOURLY_PAIRED_PRODUCT_DAILY_MEAN
SH-EN-ALERCE,2026-04-26,2026,116,-40.1726,10.65,7.4299999999999997,4.8799999999999999,287.47040910206476,POWER_HOURLY_PAIRED_PRODUCT_DAILY_MEAN
SH-EN-ALERCE,2026-04-27,2026,117,-40.1726,11.32,7.9500000000000002,8.7699999999999996,88.633124490174552,POWER_HOURLY_PAIRED_PRODUCT_DAILY_MEAN
SH-EN-ALERCE,2026-04-28,2026,118,-40.1726,13.91,9.8300000000000001,10.449999999999999,118.71689888336338,POWER_HOURLY_PAIRED_PRODUCT_DAILY_MEAN
SH-EN-ALERCE,2026-04-29,2026,119,-40.1726,11.800000000000001,10.49,7.5899999999999999,264.08155615102493,POWER_HOURLY_PAIRED_PRODUCT_DAILY_MEAN
SH-EN-ALERCE,2026-04-30,2026,120,-40.1726,12,10.109999999999999,9.2799999999999994,165.50286156841636,POWER_HOURLY_PAIRED_PRODUCT_DAILY_MEAN
SH-EN-ALERCE,2026-05-01,2026,121,-40.1726,11.83,7.9900000000000002,6.1900000000000004,269.16704704366248,POWER_HOURLY_PAIRED_PRODUCT_DAILY_MEAN
SH-EN-ALERCE,2026-05-02,2026,122,-40.1726,13.75,7.04,2.4300000000000002,502.78735441210301,POWER_HOURLY_PAIRED_PRODUCT_DAILY_MEAN
SH-EN-ALERCE,2026-05-03,2026,123,-40.1726,13.699999999999999,9.8499999999999996,10.800000000000001,117.60204089910479,POWER_HOURLY_PAIRED_PRODUCT_DAILY_MEAN
SH-EN-ALERCE,2026-05-04,2026,124,-40.1726,12.76,11.369999999999999,11.130000000000001,88.230895761335134,POWER_HOURLY_PAIRED_PRODUCT_DAILY_MEAN
SH-EN-ALERCE,2026-05-05,2026,125,-40.1726,14.119999999999999,11.58,12.470000000000001,40.77126084699244,POWER_HOURLY_PAIRED_PRODUCT_DAILY_MEAN
SH-EN-ALERCE,2026-05-06,2026,126,-40.1726,11.77,8.7100000000000009,8.4199999999999999,145.68739334475279,POWER_HOURLY_PAIRED_PRODUCT_DAILY_MEAN
SH-EN-ALERCE,2026-05-07,2026,127,-40.1726,9.8599999999999994,7.9500000000000002,6.2599999999999998,179.02522234523312,POWER_HOURLY_PAIRED_PRODUCT_DAILY_MEAN
SH-EN-ALERCE,2026-05-08,2026,128,-40.1726,11.76,6.8700000000000001,6.3399999999999999,192.83322871409533,POWER_HOURLY_PAIRED_PRODUCT_DAILY_MEAN
SH-EN-ALERCE,2026-05-09,2026,129,-40.1726,12.19,5.9100000000000001,5.0499999999999998,250.04925589627655,POWER_HOURLY_PAIRED_PRODUCT_DAILY_MEAN
SH-EN-ALERCE,2026-05-10,2026,130,-40.1726,14.199999999999999,7.5700000000000003,8.2799999999999994,180.83918487482535,POWER_HOURLY_PAIRED_PRODUCT_DAILY_MEAN
SH-EN-ALERCE,2026-05-11,2026,131,-40.1726,14.699999999999999,9.6099999999999994,10.31,116.8685454202667,POWER_HOURLY_PAIRED_PRODUCT_DAILY_MEAN
SH-EN-ALERCE,2026-05-12,2026,132,-40.1726,13.56,7.8899999999999997,9.5299999999999994,120.53254381636566,POWER_HOURLY_PAIRED_PRODUCT_DAILY_MEAN
SH-EN-ALERCE,2026-05-13,2026,133,-40.1726,11.94,6.5700000000000003,4.8799999999999999,254.35600458451367,POWER_HOURLY_PAIRED_PRODUCT_DAILY_MEAN
SH-EN-ALERCE,2026-05-14,2026,134,-40.1726,11.859999999999999,6.8300000000000001,6.3799999999999999,176.94863607835302,POWER_HOURLY_PAIRED_PRODUCT_DAILY_MEAN
SH-EN-ALERCE,2026-05-15,2026,135,-40.1726,11.19,7.5099999999999998,6.4800000000000004,173.47182988471062,POWER_HOURLY_PAIRED_PRODUCT_DAILY_MEAN
SH-EN-ALERCE,2026-05-16,2026,136,-40.1726,10.720000000000001,6.7599999999999998,5.4800000000000004,196.05122017352502,POWER_HOURLY_PAIRED_PRODUCT_DAILY_MEAN
SH-EN-ALERCE,2026-05-17,2026,137,-40.1726,12.58,5.9199999999999999,5.2999999999999998,230.24091688810722,POWER_HOURLY_PAIRED_PRODUCT_DAILY_MEAN
SH-EN-ALERCE,2026-05-18,2026,138,-40.1726,12.33,5.7400000000000002,5.9900000000000002,187.62975678605881,POWER_HOURLY_PAIRED_PRODUCT_DAILY_MEAN
SH-EN-ALERCE,2026-05-19,2026,139,-40.1726,13.83,7.1699999999999999,7.4400000000000004,216.11914076281391,POWER_HOURLY_PAIRED_PRODUCT_DAILY_MEAN
SH-EN-ALERCE,2026-05-20,2026,140,-40.1726,16.379999999999999,9.8000000000000007,7.2800000000000002,424.79327237081014,POWER_HOURLY_PAIRED_PRODUCT_DAILY_MEAN
SH-EN-ALERCE,2026-05-21,2026,141,-40.1726,14.119999999999999,8.7599999999999998,6.8499999999999996,327.80920958270411,POWER_HOURLY_PAIRED_PRODUCT_DAILY_MEAN
SH-EN-ALERCE,2026-05-22,2026,142,-40.1726,9.9900000000000002,6.0899999999999999,5.5499999999999998,160.59912588069105,POWER_HOURLY_PAIRED_PRODUCT_DAILY_MEAN
SH-EN-ALERCE,2026-05-23,2026,143,-40.1726,9.7300000000000004,6.96,6.8099999999999996,124.2485611377266,POWER_HOURLY_PAIRED_PRODUCT_DAILY_MEAN
SH-EN-ALERCE,2026-05-24,2026,144,-40.1726,11.119999999999999,7.8399999999999999,8.0299999999999994,108.21614578875305,POWER_HOURLY_PAIRED_PRODUCT_DAILY_MEAN
SH-EN-ALERCE,2026-05-25,2026,145,-40.1726,14.19,9.1999999999999993,7.9699999999999998,274.61545580478088,POWER_HOURLY_PAIRED_PRODUCT_DAILY_MEAN
SH-EN-ALERCE,2026-05-26,2026,146,-40.1726,12.869999999999999,8.5600000000000005,7.5599999999999996,228.7590209656961,POWER_HOURLY_PAIRED_PRODUCT_DAILY_MEAN
SH-EN-ALERCE,2026-05-27,2026,147,-40.1726,11.67,9.9000000000000004,9.3200000000000003,137.0176363750723,POWER_HOURLY_PAIRED_PRODUCT_DAILY_MEAN
SH-EN-ALERCE,2026-05-28,2026,148,-40.1726,12.68,10.58,11.44,38.91241608436755,POWER_HOURLY_PAIRED_PRODUCT_DAILY_MEAN
SH-EN-ALERCE,2026-05-29,2026,149,-40.1726,13.57,10.52,10.81,95.036753233259489,POWER_HOURLY_PAIRED_PRODUCT_DAILY_MEAN
SH-EN-ALERCE,2026-05-30,2026,150,-40.1726,13.83,9.6400000000000006,9.8399999999999999,146.62886405764576,POWER_HOURLY_PAIRED_PRODUCT_DAILY_MEAN
SH-EN-ALERCE,2026-05-31,2026,151,-40.1726,12.9,9.1300000000000008,8.7599999999999998,145.24403313150648,POWER_HOURLY_PAIRED_PRODUCT_DAILY_MEAN
SH-EN-ALERCE,2026-06-01,2026,152,-40.1726,11.85,9.6699999999999999,9.5399999999999991,113.0043798813969,POWER_HOURLY_PAIRED_PRODUCT_DAILY_MEAN
SH-EN-ALERCE,2026-06-02,2026,153,-40.1726,13.34,11.08,11.220000000000001,82.205796556496196,POWER_HOURLY_PAIRED_PRODUCT_DAILY_MEAN
SH-EN-ALERCE,2026-06-03,2026,154,-40.1726,13.31,9.3699999999999992,9.5899999999999999,166.07643347321377,POWER_HOURLY_PAIRED_PRODUCT_DAILY_MEAN
SH-EN-ALERCE,2026-06-04,2026,155,-40.1726,13.85,7.1100000000000003,7.3899999999999997,214.15372427410429,POWER_HOURLY_PAIRED_PRODUCT_DAILY_MEAN
SH-EN-ALERCE,2026-06-05,2026,156,-40.1726,11.08,8.2899999999999991,8.2400000000000002,108.31536215824333,POWER_HOURLY_PAIRED_PRODUCT_DAILY_MEAN
SH-EN-ALERCE,2026-06-06,2026,157,-40.1726,11.92,8.3399999999999999,8.2799999999999994,129.37525817390676,POWER_HOURLY_PAIRED_PRODUCT_DAILY_MEAN
SH-EN-ALERCE,2026-06-07,2026,158,-40.1726,12.49,7.6500000000000004,7.5999999999999996,154.96825733963456,POWER_HOURLY_PAIRED_PRODUCT_DAILY_MEAN
SH-EN-ALERCE,2026-06-08,2026,159,-40.1726,12.02,7.4000000000000004,7.8799999999999999,133.03502852781102,POWER_HOURLY_PAIRED_PRODUCT_DAILY_MEAN
SH-EN-ALERCE,2026-06-09,2026,160,-40.1726,11.76,8.2899999999999991,9.1400000000000006,99.328487429161171,POWER_HOURLY_PAIRED_PRODUCT_DAILY_MEAN
SH-EN-ALERCE,2026-06-10,2026,161,-40.1726,10.4,7.8499999999999996,7.2300000000000004,155.92764125841984,POWER_HOURLY_PAIRED_PRODUCT_DAILY_MEAN
SH-EN-ALERCE,2026-06-11,2026,162,-40.1726,11.720000000000001,10.44,10.140000000000001,83.164366944720541,POWER_HOURLY_PAIRED_PRODUCT_DAILY_MEAN
SH-EN-ALERCE,2026-06-12,2026,163,-40.1726,11.85,6.5700000000000003,6.4500000000000002,153.61838532621039,POWER_HOURLY_PAIRED_PRODUCT_DAILY_MEAN
SH-EN-ALERCE,2026-06-13,2026,164,-40.1726,9.5099999999999998,4.3799999999999999,2.27,234.37811544722351,POWER_HOURLY_PAIRED_PRODUCT_DAILY_MEAN
SH-EN-ALERCE,2026-06-14,2026,165,-40.1726,9.9499999999999993,4.0300000000000002,4.2800000000000002,154.04400090370206,POWER_HOURLY_PAIRED_PRODUCT_DAILY_MEAN
SH-EN-ALERCE,2026-06-15,2026,166,-40.1726,11.66,6.5099999999999998,6.3099999999999996,136.06805521437954,POWER_HOURLY_PAIRED_PRODUCT_DAILY_MEAN
SH-EN-ALERCE,2026-06-16,2026,167,-40.1726,10.66,5.9000000000000004,5.0499999999999998,163.45945274058542,POWER_HOURLY_PAIRED_PRODUCT_DAILY_MEAN
SH-EN-ALERCE,2026-06-17,2026,168,-40.1726,10.119999999999999,4.1299999999999999,4.4699999999999998,185.06972521650118,POWER_HOURLY_PAIRED_PRODUCT_DAILY_MEAN
SH-EN-ALERCE,2026-06-18,2026,169,-40.1726,10.460000000000001,6.6200000000000001,6.1100000000000003,183.91254592379616,POWER_HOURLY_PAIRED_PRODUCT_DAILY_MEAN
SH-EN-ALERCE,2026-06-19,2026,170,-40.1726,11.5,9.1300000000000008,8.1999999999999993,167.06869595840166,POWER_HOURLY_PAIRED_PRODUCT_DAILY_MEAN
SH-EN-ALERCE,2026-06-20,2026,171,-40.1726,10.59,8.7799999999999994,7.9400000000000004,167.12325334244932,POWER_HOURLY_PAIRED_PRODUCT_DAILY_MEAN
SH-EN-ALERCE,2026-06-21,2026,172,-40.1726,9.6099999999999994,8.1600000000000001,6.9299999999999997,129.776568344781,POWER_HOURLY_PAIRED_PRODUCT_DAILY_MEAN
SH-EN-ALERCE,2026-06-22,2026,173,-40.1726,8.1099999999999994,6.7599999999999998,5.9400000000000004,106.39176260908998,POWER_HOURLY_PAIRED_PRODUCT_DAILY_MEAN
SH-EN-ALERCE,2026-06-23,2026,174,-40.1726,8.1699999999999999,6.4000000000000004,5.6200000000000001,109.90207039797592,POWER_HOURLY_PAIRED_PRODUCT_DAILY_MEAN
SH-EN-ALERCE,2026-06-24,2026,175,-40.1726,10.98,8.2899999999999991,7.8799999999999999,111.69986732186629,POWER_HOURLY_PAIRED_PRODUCT_DAILY_MEAN
SH-EN-ALERCE,2026-06-25,2026,176,-40.1726,10.880000000000001,7.6600000000000001,7.2599999999999998,133.5072667319229,POWER_HOURLY_PAIRED_PRODUCT_DAILY_MEAN
SH-EN-ALERCE,2026-06-26,2026,177,-40.1726,10.17,8.4700000000000006,7.1399999999999997,143.61297237283,POWER_HOURLY_PAIRED_PRODUCT_DAILY_MEAN
SH-EN-ALERCE,2026-06-27,2026,178,-40.1726,10,6.96,5.6399999999999997,208.5088317594718,POWER_HOURLY_PAIRED_PRODUCT_DAILY_MEAN
SH-EN-ALERCE,2026-06-28,2026,179,-40.1726,8.1099999999999994,6.8899999999999997,5.6399999999999997,140.79193321987782,POWER_HOURLY_PAIRED_PRODUCT_DAILY_MEAN
SH-EN-ALERCE,2026-06-29,2026,180,-40.1726,9.2699999999999996,5.8600000000000003,5.54,124.19594485503433,POWER_HOURLY_PAIRED_PRODUCT_DAILY_MEAN
SH-EN-ALERCE,2026-06-30,2026,181,-40.1726,8.2300000000000004,5.6399999999999997,4.9400000000000004,119.16726420874278,POWER_HOURLY_PAIRED_PRODUCT_DAILY_MEAN
SH-EN-ALERCE,2026-07-01,2026,182,-40.1726,8,3.9199999999999999,-1.1799999999999999,379.483946581076,POWER_HOURLY_PAIRED_PRODUCT_DAILY_MEAN
SH-EN-ALERCE,2026-07-02,2026,183,-40.1726,9.9100000000000001,5.1399999999999997,1.1499999999999999,365.16614226908587,POWER_HOURLY_PAIRED_PRODUCT_DAILY_MEAN
SH-EN-ALERCE,2026-07-03,2026,184,-40.1726,9.4199999999999999,4.9900000000000002,1.24,362.52657697292489,POWER_HOURLY_PAIRED_PRODUCT_DAILY_MEAN
SH-EN-ALERCE,2026-07-04,2026,185,-40.1726,9.3900000000000006,6.4800000000000004,1.3500000000000001,395.19987299384144,POWER_HOURLY_PAIRED_PRODUCT_DAILY_MEAN
SH-EN-ALERCE,2026-07-05,2026,186,-40.1726,8.6500000000000004,6.79,2.8599999999999999,308.35928078269166,POWER_HOURLY_PAIRED_PRODUCT_DAILY_MEAN
SH-EN-ALERCE,2026-07-06,2026,187,-40.1726,9.3000000000000007,5.6100000000000003,4.0899999999999999,229.14585720790546,POWER_HOURLY_PAIRED_PRODUCT_DAILY_MEAN
SH-EN-ALERCE,2026-07-07,2026,188,-40.1726,11.130000000000001,9.3399999999999999,10.18,32.526000429951019,POWER_HOURLY_PAIRED_PRODUCT_DAILY_MEAN
SH-EN-ALERCE,2026-07-08,2026,189,-40.1726,12.16,9.3599999999999994,9.5,101.89937741912229,POWER_HOURLY_PAIRED_PRODUCT_DAILY_MEAN
SH-EN-ALERCE,2026-07-09,2026,190,-40.1726,10.41,8.4600000000000009,5.6600000000000001,249.46645179603183,POWER_HOURLY_PAIRED_PRODUCT_DAILY_MEAN
SH-EN-ALERCE,2026-07-10,2026,191,-40.1726,10.210000000000001,6.9900000000000002,5.4500000000000002,211.91850240740828,POWER_HOURLY_PAIRED_PRODUCT_DAILY_MEAN
SH-EN-ALERCE,2026-07-11,2026,192,-40.1726,9.5600000000000005,7.2199999999999998,5.6299999999999999,180.27098412142388,POWER_HOURLY_PAIRED_PRODUCT_DAILY_MEAN
SH-EN-ALERCE,2026-07-12,2026,193,-40.1726,11.630000000000001,7.9199999999999999,6.6399999999999997,240.10103161925039,POWER_HOURLY_PAIRED_PRODUCT_DAILY_MEAN
SH-EN-ALERCE,2026-07-13,2026,194,-40.1726,11.52,10.85,10.68,47.403901673099902,POWER_HOURLY_PAIRED_PRODUCT_DAILY_MEAN
SH-EN-ALERCE,2026-07-14,2026,195,-40.1726,11.94,9.7899999999999991,10.130000000000001,55.329933000551144,POWER_HOURLY_PAIRED_PRODUCT_DAILY_MEAN
SH-EN-ALERCE,2026-07-15,2026,196,-40.1726,10.81,9.5299999999999994,9.3399999999999999,87.8404935537596,POWER_HOURLY_PAIRED_PRODUCT_DAILY_MEAN
SH-EN-ALERCE,2026-07-16,2026,197,-40.1726,12.970000000000001,9.5299999999999994,9.7699999999999996,120.76845873839041,POWER_HOURLY_PAIRED_PRODUCT_DAILY_MEAN
SH-EN-ALERCE,2026-07-17,2026,198,-40.1726,10.539999999999999,9.0099999999999998,7.3700000000000001,197.92460771141387,POWER_HOURLY_PAIRED_PRODUCT_DAILY_MEAN
SH-EN-ALERCE,2026-07-18,2026,199,-40.1726,8.7599999999999998,7.4199999999999999,4.9000000000000004,213.41379719855536,POWER_HOURLY_PAIRED_PRODUCT_DAILY_MEAN
SH-EN-ALERCE,2026-07-19,2026,200,-40.1726,8.1400000000000006,6.0999999999999996,2.2000000000000002,297.86454490902941,POWER_HOURLY_PAIRED_PRODUCT_DAILY_MEAN
SH-EN-ALERCE,2026-07-20,2026,201,-40.1726,9.8100000000000005,4.4100000000000001,2.3500000000000001,279.449778431825,POWER_HOURLY_PAIRED_PRODUCT_DAILY_MEAN
SH-EN-ALERCE,2026-07-21,2026,202,-40.1726,10.550000000000001,5.7400000000000002,2.7000000000000002,328.92844211185383,POWER_HOURLY_PAIRED_PRODUCT_DAILY_MEAN
SH-EN-ALERCE,2026-07-22,2026,203,-40.1726,10.91,6.5800000000000001,8.2699999999999996,56.488950551956492,POWER_HOURLY_PAIRED_PRODUCT_DAILY_MEAN
SH-EN-ALERCE,2026-07-23,2026,204,-40.1726,10.890000000000001,9.5299999999999994,7.4000000000000004,216.26575955586353,POWER_HOURLY_PAIRED_PRODUCT_DAILY_MEAN
SH-EN-ALERCE,2026-07-24,2026,205,-40.1726,11.16,8.7400000000000002,9.0099999999999998,77.834795688814538,POWER_HOURLY_PAIRED_PRODUCT_DAILY_MEAN
