site_id,vegetation_class,date,year,doy,gcc_90,smooth_gcc_90
SH-DB-BEZA,DB,2023-07-04,2023,185,0.35177000000000003,0.35183
SH-DB-BEZA,DB,2023-07-05,2023,186,0.35238000000000003,0.35214
SH-DB-BEZA,DB,2023-07-06,2023,187,0.35204000000000002,0.35239
SH-DB-BEZA,DB,2023-07-07,2023,188,0.35267999999999999,0.35258
SH-DB-BEZA,DB,2023-07-08,2023,189,0.35293000000000002,0.35269
SH-DB-BEZA,DB,2023-07-09,2023,190,0.35221999999999998,0.35277
SH-DB-BEZA,DB,2023-07-10,2023,191,0.35319,0.35258
SH-DB-BEZA,DB,2023-07-11,2023,192,0.35194999999999999,0.35226
SH-DB-BEZA,DB,2023-07-12,2023,193,0.35255999999999998,0.35178
SH-DB-BEZA,DB,2023-07-13,2023,194,0.35085,0.35127
SH-DB-BEZA,DB,2023-07-14,2023,195,0.34987000000000001,0.35077
SH-DB-BEZA,DB,2023-07-15,2023,196,0.35060999999999998,0.35033
SH-DB-BEZA,DB,2023-07-16,2023,197,0.35120000000000001,0.34998
SH-DB-BEZA,DB,2023-07-17,2023,198,0.34886,0.3499
SH-DB-BEZA,DB,2023-07-19,2023,200,0.34977000000000003,0.35008
SH-DB-BEZA,DB,2023-07-20,2023,201,0.35032999999999997,0.35022
SH-DB-BEZA,DB,2023-07-21,2023,202,0.35115000000000002,0.35028
SH-DB-BEZA,DB,2023-07-22,2023,203,0.34974,0.34984
SH-DB-BEZA,DB,2023-07-24,2023,205,0.34844999999999998,0.34876
SH-DB-BEZA,DB,2023-07-25,2023,206,0.34799000000000002,0.34841
SH-DB-BEZA,DB,2023-07-26,2023,207,0.34842000000000001,0.34813
SH-DB-BEZA,DB,2023-07-27,2023,208,0.34858,0.34802
SH-DB-BEZA,DB,2023-07-28,2023,209,0.34760999999999997,0.34798
SH-DB-BEZA,DB,2023-07-29,2023,210,0.34765000000000001,0.34809
SH-DB-BEZA,DB,2023-07-30,2023,211,0.34806999999999999,0.34782
SH-DB-BEZA,DB,2023-07-31,2023,212,0.34832000000000002,0.34745
SH-DB-BEZA,DB,2023-08-03,2023,215,0.34390999999999999,0.34617
SH-DB-BEZA,DB,2023-08-04,2023,216,0.34754000000000002,0.34651
SH-DB-BEZA,DB,2023-08-05,2023,217,0.34758,0.34705
SH-DB-BEZA,DB,2023-08-06,2023,218,0.34764,0.34745
SH-DB-BEZA,DB,2023-08-07,2023,219,0.34756999999999999,0.34767
SH-DB-BEZA,DB,2023-08-08,2023,220,0.34712999999999999,0.34736
SH-DB-BEZA,DB,2023-08-09,2023,221,0.34738999999999998,0.34709
SH-DB-BEZA,DB,2023-08-10,2023,222,0.34670000000000001,0.34689
SH-DB-BEZA,DB,2023-08-11,2023,223,0.34666000000000002,0.34705
SH-DB-BEZA,DB,2023-08-12,2023,224,0.34686,0.34727
SH-DB-BEZA,DB,2023-08-13,2023,225,0.34814000000000001,0.34751
SH-DB-BEZA,DB,2023-08-14,2023,226,0.34821999999999997,0.34773
SH-DB-BEZA,DB,2023-08-15,2023,227,0.34803000000000001,0.348
SH-DB-BEZA,DB,2023-08-16,2023,228,0.34709000000000001,0.34827
SH-DB-BEZA,DB,2023-08-17,2023,229,0.34915000000000002,0.34857
SH-DB-BEZA,DB,2023-08-18,2023,230,0.34906999999999999,0.34898
SH-DB-BEZA,DB,2023-08-19,2023,231,0.34977999999999998,0.34946
SH-DB-BEZA,DB,2023-08-20,2023,232,0.35025000000000001,0.35007
SH-DB-BEZA,DB,2023-08-21,2023,233,0.34987000000000001,0.35088
SH-DB-BEZA,DB,2023-08-22,2023,234,0.35178999999999999,0.35181
SH-DB-BEZA,DB,2023-08-23,2023,235,0.35333999999999999,0.35299
SH-DB-BEZA,DB,2023-08-24,2023,236,0.35465999999999998,0.35431
SH-DB-BEZA,DB,2023-08-25,2023,237,0.35511999999999999,0.35557
SH-DB-BEZA,DB,2023-08-26,2023,238,0.35631000000000002,0.35633
SH-DB-BEZA,DB,2023-08-27,2023,239,0.35786000000000001,0.35695
SH-DB-BEZA,DB,2023-08-28,2023,240,0.35743000000000003,0.35745
SH-DB-BEZA,DB,2023-08-29,2023,241,0.35686000000000001,0.35785
SH-DB-BEZA,DB,2023-08-30,2023,242,0.35853000000000002,0.35826
SH-DB-BEZA,DB,2023-08-31,2023,243,0.35909000000000002,0.35888
SH-DB-BEZA,DB,2023-09-01,2023,244,0.35947000000000001,0.35963
SH-DB-BEZA,DB,2023-09-07,2023,250,0.36119000000000001,0.36097
SH-DB-BEZA,DB,2023-09-08,2023,251,0.36025000000000001,0.3608
SH-DB-BEZA,DB,2023-09-09,2023,252,0.36074000000000001,0.36091
SH-DB-BEZA,DB,2023-09-10,2023,253,0.36101,0.36114
SH-DB-BEZA,DB,2023-09-11,2023,254,0.36160999999999999,0.3613
SH-DB-BEZA,DB,2023-09-12,2023,255,0.36127999999999999,0.36121
SH-DB-BEZA,DB,2023-09-13,2023,256,0.36160999999999999,0.36088
SH-DB-BEZA,DB,2023-09-14,2023,257,0.35962,0.36047
SH-DB-BEZA,DB,2023-09-15,2023,258,0.35993000000000003,0.36009
SH-DB-BEZA,DB,2023-09-16,2023,259,0.35979,0.35971
SH-DB-BEZA,DB,2023-09-17,2023,260,0.35965999999999998,0.35949
SH-DB-BEZA,DB,2023-09-18,2023,261,0.35904000000000003,0.3592
SH-DB-BEZA,DB,2023-09-19,2023,262,0.35935,0.35888
SH-DB-BEZA,DB,2023-09-20,2023,263,0.35822999999999999,0.35844
SH-DB-BEZA,DB,2023-09-21,2023,264,0.35787999999999998,0.35803
SH-DB-BEZA,DB,2023-09-22,2023,265,0.35748000000000002,0.3576
SH-DB-BEZA,DB,2023-09-23,2023,266,0.35722999999999999,0.35715
SH-DB-BEZA,DB,2023-09-24,2023,267,0.35731000000000002,0.3567
SH-DB-BEZA,DB,2023-09-25,2023,268,0.35565000000000002,0.35629
SH-DB-BEZA,DB,2023-09-26,2023,269,0.35607,0.3559
SH-DB-BEZA,DB,2023-09-27,2023,270,0.35543000000000002,0.35558
SH-DB-BEZA,DB,2023-09-28,2023,271,0.35547000000000001,0.35549
SH-DB-BEZA,DB,2023-09-29,2023,272,0.35579,0.35544
SH-DB-BEZA,DB,2023-09-30,2023,273,0.35458000000000001,0.35539
SH-DB-BEZA,DB,2023-10-01,2023,274,0.35647000000000001,0.35514
SH-DB-BEZA,DB,2023-10-02,2023,275,0.35499000000000003,0.35494
SH-DB-BEZA,DB,2023-10-03,2023,276,0.35366999999999998,0.35487
SH-DB-BEZA,DB,2023-10-04,2023,277,0.35497000000000001,0.35504
SH-DB-BEZA,DB,2023-10-05,2023,278,0.35572999999999999,0.35527
SH-DB-BEZA,DB,2023-10-07,2023,280,0.35648000000000002,0.35603
SH-DB-BEZA,DB,2023-10-08,2023,281,0.35571999999999998,0.35589
SH-DB-BEZA,DB,2023-10-09,2023,282,0.35563,0.35562
SH-DB-BEZA,DB,2023-10-10,2023,283,0.35518,0.35531
SH-DB-BEZA,DB,2023-10-11,2023,284,0.35507,0.35522
SH-DB-BEZA,DB,2023-10-12,2023,285,0.35525000000000001,0.3552
SH-DB-BEZA,DB,2023-10-13,2023,286,0.35513,0.35523
SH-DB-BEZA,DB,2023-10-14,2023,287,0.35582999999999998,0.35529
SH-DB-BEZA,DB,2023-10-15,2023,288,0.35520000000000002,0.35545
SH-DB-BEZA,DB,2023-10-16,2023,289,0.35546,0.35575
SH-DB-BEZA,DB,2023-10-17,2023,290,0.35588999999999998,0.35615
SH-DB-BEZA,DB,2023-10-18,2023,291,0.35716999999999999,0.35669
SH-DB-BEZA,DB,2023-10-19,2023,292,0.35715000000000002,0.35725
SH-DB-BEZA,DB,2023-10-20,2023,293,0.35807,0.35784
SH-DB-BEZA,DB,2023-10-21,2023,294,0.35830000000000001,0.35825
SH-DB-BEZA,DB,2023-10-22,2023,295,0.35870000000000002,0.35877
SH-DB-BEZA,DB,2023-10-23,2023,296,0.35949999999999999,0.35971
SH-DB-BEZA,DB,2023-10-24,2023,297,0.36013000000000001,0.36086
SH-DB-BEZA,DB,2023-10-25,2023,298,0.36186000000000001,0.362
SH-DB-BEZA,DB,2023-10-26,2023,299,0.36497000000000002,0.36294
SH-DB-BEZA,DB,2023-10-27,2023,300,0.36291000000000001,0.36371
SH-DB-BEZA,DB,2023-10-28,2023,301,0.36335000000000001,0.36409
SH-DB-BEZA,DB,2023-10-29,2023,302,0.36431999999999998,0.3642
SH-DB-BEZA,DB,2023-10-30,2023,303,0.36442000000000002,0.36452
SH-DB-BEZA,DB,2023-11-06,2023,310,0.36577999999999999,0.36558
SH-DB-BEZA,DB,2023-11-07,2023,311,0.36554999999999999,0.36592
SH-DB-BEZA,DB,2023-11-08,2023,312,0.36530000000000001,0.36611
SH-DB-BEZA,DB,2023-11-09,2023,313,0.36704999999999999,0.36601
SH-DB-BEZA,DB,2023-11-10,2023,314,0.36682999999999999,0.36567
SH-DB-BEZA,DB,2023-11-11,2023,315,0.36464999999999997,0.36532
SH-DB-BEZA,DB,2023-11-12,2023,316,0.36327999999999999,0.36519
SH-DB-BEZA,DB,2023-11-13,2023,317,0.36546000000000001,0.36513
SH-DB-BEZA,DB,2023-11-14,2023,318,0.36614000000000002,0.36509
SH-DB-BEZA,DB,2023-11-15,2023,319,0.36625999999999997,0.36507
SH-DB-BEZA,DB,2023-11-16,2023,320,0.36357,0.36503
SH-DB-BEZA,DB,2023-11-17,2023,321,0.36437000000000003,0.36466
SH-DB-BEZA,DB,2023-11-18,2023,322,0.36464999999999997,0.36454
SH-DB-BEZA,DB,2023-11-19,2023,323,0.36470999999999998,0.3644
SH-DB-BEZA,DB,2023-11-20,2023,324,0.36441000000000001,0.36421
SH-DB-BEZA,DB,2023-11-22,2023,326,0.36364999999999997,0.36335
SH-DB-BEZA,DB,2023-11-23,2023,327,0.36263000000000001,0.36295
SH-DB-BEZA,DB,2023-11-24,2023,328,0.3624,0.36261
SH-DB-BEZA,DB,2023-11-25,2023,329,0.36246,0.36244
SH-DB-BEZA,DB,2023-11-26,2023,330,0.36247000000000001,0.36238
SH-DB-BEZA,DB,2023-11-27,2023,331,0.36281999999999998,0.36244
SH-DB-BEZA,DB,2023-11-28,2023,332,0.36227999999999999,0.36281
SH-DB-BEZA,DB,2023-11-29,2023,333,0.36276999999999998,0.36314
SH-DB-BEZA,DB,2023-11-30,2023,334,0.36276999999999998,0.36313
SH-DB-BEZA,DB,2023-12-01,2023,335,0.36531000000000002,0.36298
SH-DB-BEZA,DB,2023-12-02,2023,336,0.36201,0.3625
SH-DB-BEZA,DB,2023-12-03,2023,337,0.36073,0.36186
SH-DB-BEZA,DB,2023-12-04,2023,338,0.36135,0.36123
SH-DB-BEZA,DB,2023-12-05,2023,339,0.36081000000000002,0.36091
SH-DB-BEZA,DB,2023-12-06,2023,340,0.36181000000000002,0.36087
SH-DB-BEZA,DB,2023-12-07,2023,341,0.36070999999999998,0.36145
SH-DB-BEZA,DB,2023-12-08,2023,342,0.36055999999999999,0.36222
SH-DB-BEZA,DB,2023-12-09,2023,343,0.36470999999999998,0.36305
SH-DB-BEZA,DB,2023-12-10,2023,344,0.36420000000000002,0.36392
SH-DB-BEZA,DB,2023-12-11,2023,345,0.36445,0.36443
SH-DB-BEZA,DB,2023-12-12,2023,346,0.36469000000000001,0.36482
SH-DB-BEZA,DB,2023-12-13,2023,347,0.36504999999999999,0.36496
SH-DB-BEZA,DB,2023-12-14,2023,348,0.36456,0.3653
SH-DB-BEZA,DB,2023-12-15,2023,349,0.36584,0.36562
SH-DB-BEZA,DB,2023-12-16,2023,350,0.36632999999999999,0.36594
SH-DB-BEZA,DB,2023-12-17,2023,351,0.36599999999999999,0.36614
SH-DB-BEZA,DB,2023-12-18,2023,352,0.36592000000000002,0.36604
SH-DB-BEZA,DB,2023-12-19,2023,353,0.36613000000000001,0.36561
SH-DB-BEZA,DB,2023-12-20,2023,354,0.36491000000000001,0.3651
SH-DB-BEZA,DB,2023-12-21,2023,355,0.36475000000000002,0.36467
SH-DB-BEZA,DB,2023-12-22,2023,356,0.36337999999999998,0.36429
SH-DB-BEZA,DB,2023-12-23,2023,357,0.36479,0.36389
SH-DB-BEZA,DB,2023-12-24,2023,358,0.36414999999999997,0.36388
SH-DB-BEZA,DB,2023-12-25,2023,359,0.36379,0.36419
SH-DB-BEZA,DB,2023-12-26,2023,360,0.36379,0.36513
SH-DB-BEZA,DB,2023-12-27,2023,361,0.36568000000000001,0.3662
SH-DB-BEZA,DB,2023-12-28,2023,362,0.36958999999999997,0.36731
SH-DB-BEZA,DB,2023-12-29,2023,363,0.36832999999999999,0.36819
SH-DB-BEZA,DB,2023-12-30,2023,364,0.36810999999999999,0.36888
SH-DB-BEZA,DB,2023-12-31,2023,365,0.36835000000000001,0.36888
SH-DB-BEZA,DB,2024-01-01,2024,1,0.36978,0.36878
SH-DB-BEZA,DB,2024-01-02,2024,2,0.36864000000000002,0.36899
SH-DB-BEZA,DB,2024-01-03,2024,3,0.36891000000000002,0.36927
SH-DB-BEZA,DB,2024-01-05,2024,5,0.37054999999999999,0.37021
SH-DB-BEZA,DB,2024-01-06,2024,6,0.37064000000000002,0.3709
SH-DB-BEZA,DB,2024-01-07,2024,7,0.37164999999999998,0.37181
SH-DB-BEZA,DB,2024-01-08,2024,8,0.37241000000000002,0.37275
SH-DB-BEZA,DB,2024-01-09,2024,9,0.37402000000000002,0.37361
SH-DB-BEZA,DB,2024-01-10,2024,10,0.37451000000000001,0.37425
SH-DB-BEZA,DB,2024-01-11,2024,11,0.37440000000000001,0.37465
SH-DB-BEZA,DB,2024-01-12,2024,12,0.37480999999999998,0.37456
SH-DB-BEZA,DB,2024-01-13,2024,13,0.37441000000000002,0.37418
SH-DB-BEZA,DB,2024-01-14,2024,14,0.37364999999999998,0.37369
SH-DB-BEZA,DB,2024-01-15,2024,15,0.37280999999999997,0.37326
SH-DB-BEZA,DB,2024-01-16,2024,16,0.37308999999999998,0.37293
SH-DB-BEZA,DB,2024-01-17,2024,17,0.37292999999999998,0.37306
SH-DB-BEZA,DB,2024-01-18,2024,18,0.37218000000000001,0.37346
SH-DB-BEZA,DB,2024-01-19,2024,19,0.37558000000000002,0.37387
SH-DB-BEZA,DB,2024-01-20,2024,20,0.37348999999999999,0.37403
SH-DB-BEZA,DB,2024-01-21,2024,21,0.37430999999999998,0.37398
SH-DB-BEZA,DB,2024-01-22,2024,22,0.37370999999999999,0.3734
SH-DB-BEZA,DB,2024-01-23,2024,23,0.37246000000000001,0.3726
SH-DB-BEZA,DB,2024-01-24,2024,24,0.37136000000000002,0.37176
SH-DB-BEZA,DB,2024-01-25,2024,25,0.37103999999999998,0.37117
SH-DB-BEZA,DB,2024-01-26,2024,26,0.37069999999999997,0.37068
SH-DB-BEZA,DB,2024-01-27,2024,27,0.37040000000000001,0.3705
SH-DB-BEZA,DB,2024-01-28,2024,28,0.37053999999999998,0.37039
SH-DB-BEZA,DB,2024-01-29,2024,29,0.37028,0.37028
SH-DB-BEZA,DB,2024-01-30,2024,30,0.37001000000000001,0.37005
SH-DB-BEZA,DB,2024-01-31,2024,31,0.37008000000000002,0.36974
SH-DB-BEZA,DB,2024-02-01,2024,32,0.36897000000000002,0.36925
SH-DB-BEZA,DB,2024-02-02,2024,33,0.36870999999999998,0.36917
SH-DB-BEZA,DB,2024-02-06,2024,37,0.37186999999999998,0.37147
SH-DB-BEZA,DB,2024-02-07,2024,38,0.37162000000000001,0.3712
SH-DB-BEZA,DB,2024-02-08,2024,39,0.37084,0.37068
SH-DB-BEZA,DB,2024-02-09,2024,40,0.36986999999999998,0.37058
SH-DB-BEZA,DB,2024-02-10,2024,41,0.37037999999999999,0.37067
SH-DB-BEZA,DB,2024-02-11,2024,42,0.37117,0.37082
SH-DB-BEZA,DB,2024-02-12,2024,43,0.37157000000000001,0.37094
SH-DB-BEZA,DB,2024-02-13,2024,44,0.37095,0.37102
SH-DB-BEZA,DB,2024-02-14,2024,45,0.37063000000000001,0.37085
SH-DB-BEZA,DB,2024-02-15,2024,46,0.37006,0.37058
SH-DB-BEZA,DB,2024-02-16,2024,47,0.37097999999999998,0.3702
SH-DB-BEZA,DB,2024-02-17,2024,48,0.37030999999999997,0.36992
SH-DB-BEZA,DB,2024-02-18,2024,49,0.36860999999999999,0.36964
SH-DB-BEZA,DB,2024-02-19,2024,50,0.36941000000000002,0.36935
SH-DB-BEZA,DB,2024-02-20,2024,51,0.36940000000000001,0.36906
SH-DB-BEZA,DB,2024-02-21,2024,52,0.36910999999999999,0.36887
SH-DB-BEZA,DB,2024-02-22,2024,53,0.36860999999999999,0.3687
SH-DB-BEZA,DB,2024-02-23,2024,54,0.36812,0.36854
SH-DB-BEZA,DB,2024-02-24,2024,55,0.36842999999999998,0.36829
SH-DB-BEZA,DB,2024-02-25,2024,56,0.36860999999999999,0.36809
SH-DB-BEZA,DB,2024-02-26,2024,57,0.36781000000000003,0.36809
SH-DB-BEZA,DB,2024-02-27,2024,58,0.36742000000000002,0.36808
SH-DB-BEZA,DB,2024-02-28,2024,59,0.36830000000000002,0.36807
SH-DB-BEZA,DB,2024-02-29,2024,60,0.36892999999999998,0.36803
SH-DB-BEZA,DB,2024-03-01,2024,61,0.36746000000000001,0.36795
SH-DB-BEZA,DB,2024-03-02,2024,62,0.36751,0.36783
SH-DB-BEZA,DB,2024-03-03,2024,63,0.36791000000000001,0.36754
SH-DB-BEZA,DB,2024-03-04,2024,64,0.36684,0.36725
SH-DB-BEZA,DB,2024-03-05,2024,65,0.36771999999999999,0.36701
SH-DB-BEZA,DB,2024-03-07,2024,67,0.36527999999999999,0.36692
SH-DB-BEZA,DB,2024-03-08,2024,68,0.36825000000000002,0.36698
SH-DB-BEZA,DB,2024-03-09,2024,69,0.36663000000000001,0.36697
SH-DB-BEZA,DB,2024-03-10,2024,70,0.36756,0.36691
SH-DB-BEZA,DB,2024-03-11,2024,71,0.36629,0.36658
SH-DB-BEZA,DB,2024-03-12,2024,72,0.36592999999999998,0.36616
SH-DB-BEZA,DB,2024-03-13,2024,73,0.36577999999999999,0.36574
SH-DB-BEZA,DB,2024-03-14,2024,74,0.36548999999999998,0.36541
SH-DB-BEZA,DB,2024-03-15,2024,75,0.36513000000000001,0.36511
SH-DB-BEZA,DB,2024-03-16,2024,76,0.36491000000000001,0.36489
SH-DB-BEZA,DB,2024-03-17,2024,77,0.36460999999999999,0.36473
SH-DB-BEZA,DB,2024-03-18,2024,78,0.36458000000000002,0.36471
SH-DB-BEZA,DB,2024-03-19,2024,79,0.36441000000000001,0.36466
SH-DB-BEZA,DB,2024-03-20,2024,80,0.36531000000000002,0.36459
SH-DB-BEZA,DB,2024-03-21,2024,81,0.36452000000000001,0.36448
SH-DB-BEZA,DB,2024-03-22,2024,82,0.36397000000000002,0.36433
SH-DB-BEZA,DB,2024-03-23,2024,83,0.36359999999999998,0.36408
SH-DB-BEZA,DB,2024-03-24,2024,84,0.36448999999999998,0.36378
SH-DB-BEZA,DB,2024-03-25,2024,85,0.36353000000000002,0.36347
SH-DB-BEZA,DB,2024-03-26,2024,86,0.36296,0.36313
SH-DB-BEZA,DB,2024-03-27,2024,87,0.36280000000000001,0.36281
SH-DB-BEZA,DB,2024-03-28,2024,88,0.36212,0.36251
SH-DB-BEZA,DB,2024-03-29,2024,89,0.36303999999999997,0.36239
SH-DB-BEZA,DB,2024-03-30,2024,90,0.36181000000000002,0.36235
SH-DB-BEZA,DB,2024-03-31,2024,91,0.36253999999999997,0.36234
SH-DB-BEZA,DB,2024-04-01,2024,92,0.36260999999999999,0.36238
SH-DB-BEZA,DB,2024-04-02,2024,93,0.36213000000000001,0.36246
SH-DB-BEZA,DB,2024-04-03,2024,94,0.36271999999999999,0.36262
SH-DB-BEZA,DB,2024-04-04,2024,95,0.36287000000000003,0.36276
SH-DB-BEZA,DB,2024-04-08,2024,99,0.36332999999999999,0.36291
SH-DB-BEZA,DB,2024-04-09,2024,100,0.36265999999999998,0.36295
SH-DB-BEZA,DB,2024-04-10,2024,101,0.36187000000000002,0.36297
SH-DB-BEZA,DB,2024-04-11,2024,102,0.36451,0.36298
SH-DB-BEZA,DB,2024-04-12,2024,103,0.36249999999999999,0.36298
SH-DB-BEZA,DB,2024-04-13,2024,104,0.36236000000000002,0.36275
SH-DB-BEZA,DB,2024-04-14,2024,105,0.36326999999999998,0.36247
SH-DB-BEZA,DB,2024-04-15,2024,106,0.36213000000000001,0.36225
SH-DB-BEZA,DB,2024-04-16,2024,107,0.36142999999999997,0.36211
SH-DB-BEZA,DB,2024-04-17,2024,108,0.36203000000000002,0.36226
SH-DB-BEZA,DB,2024-04-18,2024,109,0.36262,0.36251
SH-DB-BEZA,DB,2024-04-19,2024,110,0.36320999999999998,0.36273
SH-DB-BEZA,DB,2024-04-20,2024,111,0.36279,0.36268
SH-DB-BEZA,DB,2024-04-21,2024,112,0.36277999999999999,0.3625
SH-DB-BEZA,DB,2024-04-22,2024,113,0.36136000000000001,0.362
SH-DB-BEZA,DB,2024-04-23,2024,114,0.36185,0.36161
SH-DB-BEZA,DB,2024-04-24,2024,115,0.36101,0.36122
SH-DB-BEZA,DB,2024-04-26,2024,117,0.36071999999999999,0.36064
SH-DB-BEZA,DB,2024-04-27,2024,118,0.36088999999999999,0.36037
SH-DB-BEZA,DB,2024-04-28,2024,119,0.35983999999999999,0.36027
SH-DB-BEZA,DB,2024-04-29,2024,120,0.35941000000000001,0.36018
SH-DB-BEZA,DB,2024-04-30,2024,121,0.36065000000000003,0.36006
SH-DB-BEZA,DB,2024-05-01,2024,122,0.36048999999999998,0.3599
SH-DB-BEZA,DB,2024-05-02,2024,123,0.35924,0.35963
SH-DB-BEZA,DB,2024-05-03,2024,124,0.35959000000000002,0.35919
SH-DB-BEZA,DB,2024-05-04,2024,125,0.35809999999999997,0.35878
SH-DB-BEZA,DB,2024-05-05,2024,126,0.35851,0.35862
SH-DB-BEZA,DB,2024-05-06,2024,127,0.35898000000000002,0.35846
SH-DB-BEZA,DB,2024-05-10,2024,131,0.35774,0.35775
SH-DB-BEZA,DB,2024-05-11,2024,132,0.35774,0.35748
SH-DB-BEZA,DB,2024-05-12,2024,133,0.3569,0.35739
SH-DB-BEZA,DB,2024-05-13,2024,134,0.35730000000000001,0.35733
SH-DB-BEZA,DB,2024-05-14,2024,135,0.35763,0.35733
SH-DB-BEZA,DB,2024-05-15,2024,136,0.35759000000000002,0.35744
SH-DB-BEZA,DB,2024-05-16,2024,137,0.35709999999999997,0.35756
SH-DB-BEZA,DB,2024-05-17,2024,138,0.35747000000000001,0.35759
SH-DB-BEZA,DB,2024-05-18,2024,139,0.35782000000000003,0.35751
SH-DB-BEZA,DB,2024-05-19,2024,140,0.35776999999999998,0.35733
SH-DB-BEZA,DB,2024-05-20,2024,141,0.35658000000000001,0.35699
SH-DB-BEZA,DB,2024-05-21,2024,142,0.35638999999999998,0.35646
SH-DB-BEZA,DB,2024-05-22,2024,143,0.35635,0.35592
SH-DB-BEZA,DB,2024-05-23,2024,144,0.35518,0.35552
SH-DB-BEZA,DB,2024-05-24,2024,145,0.35504999999999998,0.35536
SH-DB-BEZA,DB,2024-05-25,2024,146,0.35546,0.35528
SH-DB-BEZA,DB,2024-05-26,2024,147,0.35508000000000001,0.35531
SH-DB-BEZA,DB,2024-05-27,2024,148,0.35559000000000002,0.35535
SH-DB-BEZA,DB,2024-05-28,2024,149,0.35566999999999999,0.35522
SH-DB-BEZA,DB,2024-05-29,2024,150,0.35464000000000001,0.35498
SH-DB-BEZA,DB,2024-05-30,2024,151,0.35464000000000001,0.35471
SH-DB-BEZA,DB,2024-05-31,2024,152,0.35443999999999998,0.35451
SH-DB-BEZA,DB,2024-06-01,2024,153,0.35396,0.35431
SH-DB-BEZA,DB,2024-06-02,2024,154,0.35486000000000001,0.35415
SH-DB-BEZA,DB,2024-06-03,2024,155,0.35391,0.35397
SH-DB-BEZA,DB,2024-06-04,2024,156,0.35332999999999998,0.35378
SH-DB-BEZA,DB,2024-06-05,2024,157,0.35375000000000001,0.35358
SH-DB-BEZA,DB,2024-06-06,2024,158,0.35335,0.35335
SH-DB-BEZA,DB,2024-06-07,2024,159,0.35326999999999997,0.35312
SH-DB-BEZA,DB,2024-06-11,2024,163,0.35099999999999998,0.35095
SH-DB-BEZA,DB,2024-06-12,2024,164,0.35050999999999999,0.35098
SH-DB-BEZA,DB,2024-06-13,2024,165,0.35083999999999999,0.35105
SH-DB-BEZA,DB,2024-06-14,2024,166,0.35181000000000001,0.35114
SH-DB-BEZA,DB,2024-06-15,2024,167,0.35132999999999998,0.35105
SH-DB-BEZA,DB,2024-06-16,2024,168,0.35039999999999999,0.35089
SH-DB-BEZA,DB,2024-06-17,2024,169,0.35032000000000002,0.35064
SH-DB-BEZA,DB,2024-06-18,2024,170,0.35049999999999998,0.35043
SH-DB-BEZA,DB,2024-06-19,2024,171,0.35067999999999999,0.3502
SH-DB-BEZA,DB,2024-06-20,2024,172,0.34978999999999999,0.34998
SH-DB-BEZA,DB,2024-06-21,2024,173,0.34949000000000002,0.34975
SH-DB-BEZA,DB,2024-06-22,2024,174,0.34991,0.34945
SH-DB-BEZA,DB,2024-06-23,2024,175,0.34863,0.34922
SH-DB-BEZA,DB,2024-06-24,2024,176,0.34943000000000002,0.349
SH-DB-BEZA,DB,2024-06-25,2024,177,0.34860000000000002,0.34884
SH-DB-BEZA,DB,2024-06-26,2024,178,0.34847,0.3486
SH-DB-BEZA,DB,2024-06-27,2024,179,0.34833999999999998,0.34812
SH-DB-BEZA,DB,2024-06-28,2024,180,0.34816999999999998,0.34742
SH-DB-BEZA,DB,2024-06-29,2024,181,0.34655000000000002,0.34676
SH-DB-BEZA,DB,2024-06-30,2024,182,0.34560999999999997,0.34641
SH-DB-BEZA,DB,2024-07-01,2024,183,0.34560999999999997,0.34619
SH-DB-BEZA,DB,2024-07-02,2024,184,0.34689999999999999,0.3463
SH-DB-BEZA,DB,2024-07-03,2024,185,0.34678999999999999,0.34648
SH-DB-BEZA,DB,2024-07-04,2024,186,0.34695999999999999,0.34667
SH-DB-BEZA,DB,2024-07-05,2024,187,0.34616000000000002,0.34652
SH-DB-BEZA,DB,2024-07-06,2024,188,0.34598000000000001,0.34628
SH-DB-BEZA,DB,2024-07-07,2024,189,0.34671000000000002,0.346
SH-DB-BEZA,DB,2024-07-08,2024,190,0.34519,0.34574
SH-DB-BEZA,DB,2024-07-09,2024,191,0.34572000000000003,0.34548
SH-DB-BEZA,DB,2024-07-10,2024,192,0.34509000000000001,0.3452
SH-DB-BEZA,DB,2024-07-14,2024,196,0.34455999999999998,0.34434
SH-DB-BEZA,DB,2024-07-15,2024,197,0.34403,0.34447
SH-DB-BEZA,DB,2024-07-16,2024,198,0.34449000000000002,0.34467
SH-DB-BEZA,DB,2024-07-17,2024,199,0.34478999999999999,0.34471
SH-DB-BEZA,DB,2024-07-18,2024,200,0.34514,0.3446
SH-DB-BEZA,DB,2024-07-19,2024,201,0.34450999999999998,0.34444
SH-DB-BEZA,DB,2024-07-20,2024,202,0.34377000000000002,0.34431
SH-DB-BEZA,DB,2024-07-21,2024,203,0.34383000000000002,0.34418
SH-DB-BEZA,DB,2024-07-22,2024,204,0.34453,0.34417
SH-DB-BEZA,DB,2024-07-23,2024,205,0.34472000000000003,0.3443
SH-DB-BEZA,DB,2024-07-24,2024,206,0.34394000000000002,0.34446
SH-DB-BEZA,DB,2024-07-25,2024,207,0.34462999999999999,0.34454
SH-DB-BEZA,DB,2024-07-26,2024,208,0.34455999999999998,0.34459
SH-DB-BEZA,DB,2024-07-27,2024,209,0.34482000000000002,0.34461
SH-DB-BEZA,DB,2024-07-28,2024,210,0.34456999999999999,0.34458
SH-DB-BEZA,DB,2024-07-29,2024,211,0.34450999999999998,0.34449
SH-DB-BEZA,DB,2024-07-30,2024,212,0.34398000000000001,0.34423
SH-DB-BEZA,DB,2024-07-31,2024,213,0.34464,0.34398
SH-DB-BEZA,DB,2024-08-01,2024,214,0.34315000000000001,0.34384
SH-DB-BEZA,DB,2024-08-03,2024,216,0.34381,0.34372
SH-DB-BEZA,DB,2024-08-04,2024,217,0.34397,0.3437
SH-DB-BEZA,DB,2024-08-05,2024,218,0.34371000000000002,0.3437
SH-DB-BEZA,DB,2024-08-06,2024,219,0.34328999999999998,0.34371
SH-DB-BEZA,DB,2024-08-07,2024,220,0.34401999999999999,0.34372
SH-DB-BEZA,DB,2024-08-08,2024,221,0.34332000000000001,0.34371
SH-DB-BEZA,DB,2024-08-09,2024,222,0.34433000000000002,0.34371
SH-DB-BEZA,DB,2024-08-10,2024,223,0.34333000000000002,0.3436
SH-DB-BEZA,DB,2024-08-11,2024,224,0.34337000000000001,0.34351
SH-DB-BEZA,DB,2024-08-16,2024,229,0.34382000000000001,0.34361
SH-DB-BEZA,DB,2024-08-17,2024,230,0.34440999999999999,0.34411
SH-DB-BEZA,DB,2024-08-18,2024,231,0.34461000000000003,0.34496
SH-DB-BEZA,DB,2024-08-19,2024,232,0.34604000000000001,0.3463
SH-DB-BEZA,DB,2024-08-20,2024,233,0.34773999999999999,0.34805
SH-DB-BEZA,DB,2024-08-21,2024,234,0.34995999999999999,0.35001
SH-DB-BEZA,DB,2024-08-22,2024,235,0.35321999999999998,0.35204
SH-DB-BEZA,DB,2024-08-23,2024,236,0.35392000000000001,0.35412
SH-DB-BEZA,DB,2024-08-24,2024,237,0.35487000000000002,0.3561
SH-DB-BEZA,DB,2024-08-25,2024,238,0.35813,0.3578
SH-DB-BEZA,DB,2024-08-26,2024,239,0.36004000000000003,0.35925
SH-DB-BEZA,DB,2024-08-27,2024,240,0.36060999999999999,0.36043
SH-DB-BEZA,DB,2024-08-28,2024,241,0.36066999999999999,0.36108
SH-DB-BEZA,DB,2024-08-29,2024,242,0.36130000000000001,0.36137
SH-DB-BEZA,DB,2024-08-30,2024,243,0.36136000000000001,0.36124
SH-DB-BEZA,DB,2024-08-31,2024,244,0.36176999999999998,0.36093
SH-DB-BEZA,DB,2024-09-01,2024,245,0.35970999999999997,0.36053
SH-DB-BEZA,DB,2024-09-02,2024,246,0.36007,0.36023
SH-DB-BEZA,DB,2024-09-03,2024,247,0.35993999999999998,0.35999
SH-DB-BEZA,DB,2024-09-04,2024,248,0.3599,0.36013
SH-DB-BEZA,DB,2024-09-05,2024,249,0.36036000000000001,0.36032
SH-DB-BEZA,DB,2024-09-06,2024,250,0.36087999999999998,0.36051
SH-DB-BEZA,DB,2024-09-07,2024,251,0.36025000000000001,0.36045
SH-DB-BEZA,DB,2024-09-08,2024,252,0.36013000000000001,0.36019
SH-DB-BEZA,DB,2024-09-09,2024,253,0.36026000000000002,0.35954
SH-DB-BEZA,DB,2024-09-10,2024,254,0.35827999999999999,0.3587
SH-DB-BEZA,DB,2024-09-11,2024,255,0.35761999999999999,0.35771
SH-DB-BEZA,DB,2024-09-12,2024,256,0.35625000000000001,0.3567
SH-DB-BEZA,DB,2024-09-13,2024,257,0.35599999999999998,0.35591
SH-DB-BEZA,DB,2024-09-18,2024,262,0.35638999999999998,0.35626
SH-DB-BEZA,DB,2024-09-19,2024,263,0.35608000000000001,0.35628
SH-DB-BEZA,DB,2024-09-20,2024,264,0.35643000000000002,0.35631
SH-DB-BEZA,DB,2024-09-21,2024,265,0.35643999999999998,0.35639
SH-DB-BEZA,DB,2024-09-22,2024,266,0.35596,0.35646
SH-DB-BEZA,DB,2024-09-23,2024,267,0.35736000000000001,0.35654
SH-DB-BEZA,DB,2024-09-24,2024,268,0.35622999999999999,0.35669
SH-DB-BEZA,DB,2024-09-25,2024,269,0.35657,0.35682
SH-DB-BEZA,DB,2024-09-26,2024,270,0.35709000000000002,0.35688
SH-DB-BEZA,DB,2024-09-27,2024,271,0.35741000000000001,0.35695
SH-DB-BEZA,DB,2024-09-28,2024,272,0.35631000000000002,0.35698
SH-DB-BEZA,DB,2024-09-29,2024,273,0.35704000000000002,0.35689
SH-DB-BEZA,DB,2024-09-30,2024,274,0.35672999999999999,0.35669
SH-DB-BEZA,DB,2024-10-01,2024,275,0.35663,0.35629
SH-DB-BEZA,DB,2024-10-02,2024,276,0.35650999999999999,0.35582
SH-DB-BEZA,DB,2024-10-03,2024,277,0.35396,0.35535
SH-DB-BEZA,DB,2024-10-04,2024,278,0.35533999999999999,0.35502
SH-DB-BEZA,DB,2024-10-05,2024,279,0.35482000000000002,0.35476
SH-DB-BEZA,DB,2024-10-06,2024,280,0.35478999999999999,0.35468
SH-DB-BEZA,DB,2024-10-07,2024,281,0.35487999999999997,0.35467
SH-DB-BEZA,DB,2024-10-08,2024,282,0.35450999999999999,0.35472
SH-DB-BEZA,DB,2024-10-09,2024,283,0.35446,0.35485
SH-DB-BEZA,DB,2024-10-10,2024,284,0.35510999999999998,0.355
SH-DB-BEZA,DB,2024-10-11,2024,285,0.35570000000000002,0.35525
SH-DB-BEZA,DB,2024-10-12,2024,286,0.35491,0.35533
SH-DB-BEZA,DB,2024-10-13,2024,287,0.35533999999999999,0.35527
SH-DB-BEZA,DB,2024-10-14,2024,288,0.35566999999999999,0.35493
SH-DB-BEZA,DB,2024-10-15,2024,289,0.35371000000000002,0.35443
SH-DB-BEZA,DB,2024-10-16,2024,290,0.35376999999999997,0.35379
SH-DB-BEZA,DB,2024-10-17,2024,291,0.35319,0.35318
SH-DB-BEZA,DB,2024-10-22,2024,296,0.35263,0.35338
SH-DB-BEZA,DB,2024-10-23,2024,297,0.35460999999999998,0.3543
SH-DB-BEZA,DB,2024-10-24,2024,298,0.35571000000000003,0.35508
SH-DB-BEZA,DB,2024-10-25,2024,299,0.35526999999999997,0.35555
SH-DB-BEZA,DB,2024-10-26,2024,300,0.35609000000000002,0.35595
SH-DB-BEZA,DB,2024-10-27,2024,301,0.35579,0.35638
SH-DB-BEZA,DB,2024-10-28,2024,302,0.35650999999999999,0.35675
SH-DB-BEZA,DB,2024-10-29,2024,303,0.35779,0.35717
SH-DB-BEZA,DB,2024-10-30,2024,304,0.35719000000000001,0.35736
SH-DB-BEZA,DB,2024-10-31,2024,305,0.35809000000000002,0.35746
SH-DB-BEZA,DB,2024-11-01,2024,306,0.35686000000000001,0.35739
SH-DB-BEZA,DB,2024-11-02,2024,307,0.35685,0.35732
SH-DB-BEZA,DB,2024-11-03,2024,308,0.35765000000000002,0.35722
SH-DB-BEZA,DB,2024-11-04,2024,309,0.35721999999999998,0.35716
SH-DB-BEZA,DB,2024-11-05,2024,310,0.35730000000000001,0.35712
SH-DB-BEZA,DB,2024-11-06,2024,311,0.35676999999999998,0.35701
SH-DB-BEZA,DB,2024-11-07,2024,312,0.35687000000000002,0.35699
SH-DB-BEZA,DB,2024-11-08,2024,313,0.35713,0.35705
SH-DB-BEZA,DB,2024-11-09,2024,314,0.35700999999999999,0.35736
SH-DB-BEZA,DB,2024-11-10,2024,315,0.35775000000000001,0.35769
SH-DB-BEZA,DB,2024-11-11,2024,316,0.35809999999999997,0.35784
SH-DB-BEZA,DB,2024-11-12,2024,317,0.35837000000000002,0.35782
SH-DB-BEZA,DB,2024-11-13,2024,318,0.35769000000000001,0.35783
SH-DB-BEZA,DB,2024-11-14,2024,319,0.35747000000000001,0.3581
SH-DB-BEZA,DB,2024-11-15,2024,320,0.35750999999999999,0.35843
SH-DB-BEZA,DB,2024-11-16,2024,321,0.36004000000000003,0.35895
SH-DB-BEZA,DB,2024-11-17,2024,322,0.35981999999999997,0.35946
SH-DB-BEZA,DB,2024-11-18,2024,323,0.35976999999999998,0.35991
SH-DB-BEZA,DB,2024-11-19,2024,324,0.35963000000000001,0.35998
SH-DB-BEZA,DB,2024-11-20,2024,325,0.36018,0.35994
SH-DB-BEZA,DB,2024-11-21,2024,326,0.35985,0.35988
SH-DB-BEZA,DB,2024-11-22,2024,327,0.35993999999999998,0.35974
SH-DB-BEZA,DB,2024-11-23,2024,328,0.35953000000000002,0.35962
SH-DB-BEZA,DB,2024-11-24,2024,329,0.35979,0.35956
SH-DB-BEZA,DB,2024-11-25,2024,330,0.35935,0.35965
SH-DB-BEZA,DB,2024-11-26,2024,331,0.35960999999999999,0.36012
SH-DB-BEZA,DB,2024-11-27,2024,332,0.36136000000000001,0.36094
SH-DB-BEZA,DB,2024-11-28,2024,333,0.36119000000000001,0.36182
SH-DB-BEZA,DB,2024-11-29,2024,334,0.36336000000000002,0.3625
SH-DB-BEZA,DB,2024-11-30,2024,335,0.36366999999999999,0.36311
SH-DB-BEZA,DB,2024-12-01,2024,336,0.36301,0.36348
SH-DB-BEZA,DB,2024-12-02,2024,337,0.36332999999999999,0.36381
SH-DB-BEZA,DB,2024-12-03,2024,338,0.36421999999999999,0.36413
SH-DB-BEZA,DB,2024-12-04,2024,339,0.36492000000000002,0.3647
SH-DB-BEZA,DB,2024-12-05,2024,340,0.36521999999999999,0.3653
SH-DB-BEZA,DB,2024-12-06,2024,341,0.36558000000000002,0.36585
SH-DB-BEZA,DB,2024-12-07,2024,342,0.36659000000000003,0.3663
SH-DB-BEZA,DB,2024-12-08,2024,343,0.36671999999999999,0.36663
SH-DB-BEZA,DB,2024-12-09,2024,344,0.36658000000000002,0.36675
SH-DB-BEZA,DB,2024-12-10,2024,345,0.36697000000000002,0.36672
SH-DB-BEZA,DB,2024-12-13,2024,348,0.3654,0.36583
SH-DB-BEZA,DB,2024-12-14,2024,349,0.36559999999999998,0.36616
SH-DB-BEZA,DB,2024-12-15,2024,350,0.36715999999999999,0.36658
SH-DB-BEZA,DB,2024-12-16,2024,351,0.36649999999999999,0.36721
SH-DB-BEZA,DB,2024-12-17,2024,352,0.36762,0.3671
SH-DB-BEZA,DB,2024-12-18,2024,353,0.3669,0.36643
SH-DB-BEZA,DB,2024-12-19,2024,354,0.36469000000000001,0.36554
SH-DB-BEZA,DB,2024-12-24,2024,359,0.36296,0.36337
SH-DB-BEZA,DB,2024-12-25,2024,360,0.36401,0.36337
SH-DB-BEZA,DB,2024-12-26,2024,361,0.36364999999999997,0.36345
SH-DB-BEZA,DB,2024-12-27,2024,362,0.36349999999999999,0.36385
SH-DB-BEZA,DB,2024-12-28,2024,363,0.36348000000000003,0.36436
SH-DB-BEZA,DB,2024-12-29,2024,364,0.36542000000000002,0.36492
SH-DB-BEZA,DB,2024-12-30,2024,365,0.36601,0.36545
SH-DB-BEZA,DB,2024-12-31,2024,366,0.36581000000000002,0.36577
SH-DB-BEZA,DB,2025-01-01,2025,1,0.36601,0.36585
SH-DB-BEZA,DB,2025-01-02,2025,2,0.36543999999999999,0.36588
SH-DB-BEZA,DB,2025-01-03,2025,3,0.36560999999999999,0.36613
SH-DB-BEZA,DB,2025-01-04,2025,4,0.36673,0.36641
SH-DB-BEZA,DB,2025-01-05,2025,5,0.36691000000000001,0.3668
SH-DB-BEZA,DB,2025-01-06,2025,6,0.36728,0.36714
SH-DB-BEZA,DB,2025-01-07,2025,7,0.36732999999999999,0.36739
SH-DB-BEZA,DB,2025-01-08,2025,8,0.36708000000000002,0.36742
SH-DB-BEZA,DB,2025-01-09,2025,9,0.36752000000000001,0.36729
SH-DB-BEZA,DB,2025-01-10,2025,10,0.36742000000000002,0.36691
SH-DB-BEZA,DB,2025-01-11,2025,11,0.36642999999999998,0.36627
SH-DB-BEZA,DB,2025-01-12,2025,12,0.36542999999999998,0.36571
SH-DB-BEZA,DB,2025-01-13,2025,13,0.36546000000000001,0.36582
SH-DB-BEZA,DB,2025-01-14,2025,14,0.36502000000000001,0.36621
SH-DB-BEZA,DB,2025-01-15,2025,15,0.36602000000000001,0.36662
SH-DB-BEZA,DB,2025-01-16,2025,16,0.36940000000000001,0.36703
SH-DB-BEZA,DB,2025-01-17,2025,17,0.36747999999999997,0.36744
SH-DB-BEZA,DB,2025-01-18,2025,18,0.36699999999999999,0.36763
SH-DB-BEZA,DB,2025-01-19,2025,19,0.36696000000000001,0.36747
SH-DB-BEZA,DB,2025-01-20,2025,20,0.36736000000000002,0.36711
SH-DB-BEZA,DB,2025-01-21,2025,21,0.36663000000000001,0.36675
SH-DB-BEZA,DB,2025-01-22,2025,22,0.36702000000000001,0.36617
SH-DB-BEZA,DB,2025-01-24,2025,24,0.36453999999999998,0.36568
SH-DB-BEZA,DB,2025-01-25,2025,25,0.36531000000000002,0.36591
SH-DB-BEZA,DB,2025-01-26,2025,26,0.36624000000000001,0.36624
SH-DB-BEZA,DB,2025-01-27,2025,27,0.36824000000000001,0.36693
SH-DB-BEZA,DB,2025-01-28,2025,28,0.36773,0.36759
SH-DB-BEZA,DB,2025-01-29,2025,29,0.36551,0.36749
SH-DB-BEZA,DB,2025-01-30,2025,30,0.36987999999999999,0.36705
SH-DB-BEZA,DB,2025-01-31,2025,31,0.36625000000000002,0.36682
SH-DB-BEZA,DB,2025-02-01,2025,32,0.36659000000000003,0.36673
SH-DB-BEZA,DB,2025-02-02,2025,33,0.36606,0.36702
SH-DB-BEZA,DB,2025-02-03,2025,34,0.36821999999999999,0.36849
SH-DB-BEZA,DB,2025-02-04,2025,35,0.3695,0.37067
SH-DB-BEZA,DB,2025-02-05,2025,36,0.37312000000000001,0.3728
SH-DB-BEZA,DB,2025-02-06,2025,37,0.37509999999999999,0.37496
SH-DB-BEZA,DB,2025-02-07,2025,38,0.37802000000000002,0.37682
SH-DB-BEZA,DB,2025-02-08,2025,39,0.37814999999999999,0.37769
SH-DB-BEZA,DB,2025-02-09,2025,40,0.37733,0.378
SH-DB-BEZA,DB,2025-02-10,2025,41,0.37755,0.37806
SH-DB-BEZA,DB,2025-02-11,2025,42,0.37825999999999999,0.37787
SH-DB-BEZA,DB,2025-02-12,2025,43,0.37748999999999999,0.37749
SH-DB-BEZA,DB,2025-02-13,2025,44,0.37740000000000001,0.377
SH-DB-BEZA,DB,2025-02-14,2025,45,0.37614999999999998,0.37634
SH-DB-BEZA,DB,2025-02-15,2025,46,0.3755,0.37571
SH-DB-BEZA,DB,2025-02-16,2025,47,0.37489,0.37508
SH-DB-BEZA,DB,2025-02-17,2025,48,0.37497999999999998,0.37454
SH-DB-BEZA,DB,2025-02-18,2025,49,0.37422,0.3744
SH-DB-BEZA,DB,2025-02-19,2025,50,0.37363000000000002,0.37446
SH-DB-BEZA,DB,2025-02-20,2025,51,0.37370999999999999,0.37423
SH-DB-BEZA,DB,2025-02-21,2025,52,0.37433,0.37343
SH-DB-BEZA,DB,2025-02-22,2025,53,0.37436999999999998,0.37251
SH-DB-BEZA,DB,2025-02-24,2025,55,0.36719000000000002,0.37055
SH-DB-BEZA,DB,2025-02-25,2025,56,0.36978,0.3699
SH-DB-BEZA,DB,2025-02-26,2025,57,0.37064999999999998,0.3701
SH-DB-BEZA,DB,2025-02-27,2025,58,0.37176999999999999,0.37051
SH-DB-BEZA,DB,2025-02-28,2025,59,0.37106,0.37035
SH-DB-BEZA,DB,2025-03-01,2025,60,0.36869000000000002,0.36992
SH-DB-BEZA,DB,2025-03-02,2025,61,0.36947000000000002,0.36955
SH-DB-BEZA,DB,2025-03-03,2025,62,0.36986000000000002,0.3694
SH-DB-BEZA,DB,2025-03-04,2025,63,0.36885000000000001,0.36935
SH-DB-BEZA,DB,2025-03-05,2025,64,0.36958999999999997,0.36934
SH-DB-BEZA,DB,2025-03-06,2025,65,0.36971999999999999,0.36939
SH-DB-BEZA,DB,2025-03-07,2025,66,0.36962,0.36945
SH-DB-BEZA,DB,2025-03-08,2025,67,0.36870999999999998,0.36962
SH-DB-BEZA,DB,2025-03-09,2025,68,0.36993999999999999,0.36974
SH-DB-BEZA,DB,2025-03-10,2025,69,0.37007000000000001,0.36963
SH-DB-BEZA,DB,2025-03-11,2025,70,0.36980000000000002,0.36938
SH-DB-BEZA,DB,2025-03-12,2025,71,0.36937999999999999,0.36897
SH-DB-BEZA,DB,2025-03-13,2025,72,0.36780000000000002,0.36818
SH-DB-BEZA,DB,2025-03-14,2025,73,0.36798999999999998,0.36742
SH-DB-BEZA,DB,2025-03-15,2025,74,0.36512,0.36718
SH-DB-BEZA,DB,2025-03-16,2025,75,0.36775999999999998,0.36713
SH-DB-BEZA,DB,2025-03-17,2025,76,0.36788999999999999,0.36715
SH-DB-BEZA,DB,2025-03-18,2025,77,0.36747000000000002,0.36721
SH-DB-BEZA,DB,2025-03-19,2025,78,0.36692999999999998,0.36733
SH-DB-BEZA,DB,2025-03-20,2025,79,0.36709999999999998,0.36746
SH-DB-BEZA,DB,2025-03-21,2025,80,0.36717,0.36762
SH-DB-BEZA,DB,2025-03-22,2025,81,0.36823,0.36778
SH-DB-BEZA,DB,2025-03-23,2025,82,0.36842999999999998,0.36796
SH-DB-BEZA,DB,2025-03-24,2025,83,0.36792000000000002,0.36806
SH-DB-BEZA,DB,2025-03-25,2025,84,0.36767,0.36802
SH-DB-BEZA,DB,2025-03-29,2025,88,0.36784,0.36742
SH-DB-BEZA,DB,2025-03-30,2025,89,0.36697999999999997,0.36716
SH-DB-BEZA,DB,2025-03-31,2025,90,0.36652000000000001,0.36685
SH-DB-BEZA,DB,2025-04-01,2025,91,0.36685000000000001,0.36659
SH-DB-BEZA,DB,2025-04-02,2025,92,0.36653000000000002,0.36646
SH-DB-BEZA,DB,2025-04-03,2025,93,0.36585000000000001,0.36637
SH-DB-BEZA,DB,2025-04-04,2025,94,0.36704999999999999,0.36623
SH-DB-BEZA,DB,2025-04-05,2025,95,0.36560999999999999,0.36609
SH-DB-BEZA,DB,2025-04-06,2025,96,0.36614000000000002,0.36595
SH-DB-BEZA,DB,2025-04-07,2025,97,0.36548999999999998,0.36576
SH-DB-BEZA,DB,2025-04-08,2025,98,0.36585000000000001,0.36557
SH-DB-BEZA,DB,2025-04-09,2025,99,0.36545,0.36543
SH-DB-BEZA,DB,2025-04-10,2025,100,0.36512,0.36539
SH-DB-BEZA,DB,2025-04-11,2025,101,0.36519000000000001,0.36542
SH-DB-BEZA,DB,2025-04-12,2025,102,0.36568000000000001,0.36539
SH-DB-BEZA,DB,2025-04-13,2025,103,0.36498999999999998,0.36541
SH-DB-BEZA,DB,2025-04-14,2025,104,0.36598999999999998,0.3653
SH-DB-BEZA,DB,2025-04-15,2025,105,0.36448999999999998,0.36475
SH-DB-BEZA,DB,2025-04-16,2025,106,0.36434,0.36399
SH-DB-BEZA,DB,2025-04-17,2025,107,0.36427999999999999,0.36341
SH-DB-BEZA,DB,2025-04-18,2025,108,0.36051,0.36314
SH-DB-BEZA,DB,2025-04-19,2025,109,0.36381999999999998,0.36299
SH-DB-BEZA,DB,2025-04-20,2025,110,0.36392999999999998,0.36305
SH-DB-BEZA,DB,2025-04-21,2025,111,0.36292000000000002,0.36326
SH-DB-BEZA,DB,2025-04-22,2025,112,0.36366999999999999,0.36334
SH-DB-BEZA,DB,2025-04-23,2025,113,0.36330000000000001,0.36304
SH-DB-BEZA,DB,2025-04-24,2025,114,0.36204999999999998,0.36275
SH-DB-BEZA,DB,2025-04-25,2025,115,0.36255999999999999,0.3627
SH-DB-BEZA,DB,2025-04-26,2025,116,0.36307,0.36268
SH-DB-BEZA,DB,2025-05-02,2025,122,0.36151,0.36161
SH-DB-BEZA,DB,2025-05-03,2025,123,0.36185,0.36153
SH-DB-BEZA,DB,2025-05-04,2025,124,0.36085,0.36149
SH-DB-BEZA,DB,2025-05-05,2025,125,0.36160999999999999,0.36133
SH-DB-BEZA,DB,2025-05-06,2025,126,0.36151,0.36109
SH-DB-BEZA,DB,2025-05-07,2025,127,0.36082999999999998,0.36086
SH-DB-BEZA,DB,2025-05-08,2025,128,0.36054999999999998,0.3606
SH-DB-BEZA,DB,2025-05-09,2025,129,0.36042999999999997,0.36041
SH-DB-BEZA,DB,2025-05-10,2025,130,0.35952000000000001,0.36051
SH-DB-BEZA,DB,2025-05-11,2025,131,0.36116999999999999,0.36072
SH-DB-BEZA,DB,2025-05-12,2025,132,0.36124000000000001,0.36082
SH-DB-BEZA,DB,2025-05-13,2025,133,0.36159999999999998,0.36072
SH-DB-BEZA,DB,2025-05-14,2025,134,0.35948999999999998,0.36056
SH-DB-BEZA,DB,2025-05-15,2025,135,0.36014000000000002,0.3603
SH-DB-BEZA,DB,2025-05-16,2025,136,0.3599,0.35996
SH-DB-BEZA,DB,2025-05-17,2025,137,0.36013000000000001,0.35966
SH-DB-BEZA,DB,2025-05-18,2025,138,0.35937999999999998,0.35944
SH-DB-BEZA,DB,2025-05-19,2025,139,0.35891000000000001,0.35924
SH-DB-BEZA,DB,2025-05-20,2025,140,0.35933999999999999,0.35905
SH-DB-BEZA,DB,2025-05-21,2025,141,0.35832999999999998,0.35887
SH-DB-BEZA,DB,2025-05-22,2025,142,0.35925000000000001,0.35871
SH-DB-BEZA,DB,2025-05-23,2025,143,0.35843999999999998,0.35856
SH-DB-BEZA,DB,2025-05-24,2025,144,0.35852000000000001,0.35842
SH-DB-BEZA,DB,2025-05-25,2025,145,0.35782000000000003,0.35823
SH-DB-BEZA,DB,2025-05-26,2025,146,0.35814000000000001,0.35802
SH-DB-BEZA,DB,2025-05-27,2025,147,0.35854999999999998,0.35785
SH-DB-BEZA,DB,2025-05-28,2025,148,0.35675000000000001,0.35771
SH-DB-BEZA,DB,2025-05-29,2025,149,0.35805999999999999,0.35761
SH-DB-BEZA,DB,2025-05-30,2025,150,0.35744999999999999,0.35756
SH-DB-BEZA,DB,2025-05-31,2025,151,0.35754999999999998,0.35752
SH-DB-BEZA,DB,2025-06-11,2025,162,0.35709999999999997,0.35717
SH-DB-BEZA,DB,2025-06-12,2025,163,0.35691000000000001,0.35683
SH-DB-BEZA,DB,2025-06-13,2025,164,0.35681000000000002,0.35635
SH-DB-BEZA,DB,2025-06-14,2025,165,0.35538999999999998,0.35579
SH-DB-BEZA,DB,2025-06-15,2025,166,0.35515999999999998,0.35518
SH-DB-BEZA,DB,2025-06-16,2025,167,0.35514000000000001,0.35465
SH-DB-BEZA,DB,2025-06-17,2025,168,0.35394999999999999,0.3542
SH-DB-BEZA,DB,2025-06-18,2025,169,0.35388999999999998,0.35387
SH-DB-BEZA,DB,2025-06-19,2025,170,0.35320000000000001,0.35381
SH-DB-BEZA,DB,2025-06-20,2025,171,0.35437000000000002,0.3539
SH-DB-BEZA,DB,2025-06-21,2025,172,0.35357,0.35399
SH-DB-BEZA,DB,2025-06-22,2025,173,0.35486000000000001,0.35408
SH-DB-BEZA,DB,2025-06-23,2025,174,0.35419,0.35417
SH-DB-BEZA,DB,2025-06-24,2025,175,0.35327999999999998,0.35418
SH-DB-BEZA,DB,2025-06-25,2025,176,0.35433999999999999,0.35412
SH-DB-BEZA,DB,2025-06-26,2025,177,0.35510000000000003,0.35405
SH-DB-BEZA,DB,2025-06-27,2025,178,0.35349999999999998,0.35402
SH-DB-BEZA,DB,2025-06-28,2025,179,0.35405999999999999,0.35403
SH-DB-BEZA,DB,2025-06-29,2025,180,0.35293999999999998,0.35406
SH-DB-BEZA,DB,2025-06-30,2025,181,0.35459000000000002,0.35421
SH-DB-BEZA,DB,2025-07-01,2025,182,0.35493999999999998,0.3544
SH-DB-BEZA,DB,2025-07-02,2025,183,0.35496,0.35435
SH-DB-BEZA,DB,2025-07-03,2025,184,0.35357,0.35378
SH-DB-BEZA,DB,2025-07-04,2025,185,0.35302,0.3531
SH-DB-BEZA,DB,2025-07-05,2025,186,0.35210000000000002,0.3525
SH-DB-BEZA,DB,2025-07-06,2025,187,0.35235,0.35193
SH-DB-BEZA,DB,2025-07-07,2025,188,0.35082999999999998,0.35171
SH-DB-BEZA,DB,2025-07-08,2025,189,0.35228999999999999,0.35193
SH-DB-BEZA,DB,2025-07-09,2025,190,0.35249999999999998,0.35254
SH-DB-BEZA,DB,2025-07-31,2025,212,0.34588000000000002,0.34647
SH-DB-BEZA,DB,2025-08-01,2025,213,0.34910999999999998,0.34702
SH-DB-BEZA,DB,2025-08-02,2025,214,0.34666999999999998,0.347
SH-DB-BEZA,DB,2025-08-03,2025,215,0.34578999999999999,0.34693
SH-DB-BEZA,DB,2025-08-04,2025,216,0.34705999999999998,0.34686
SH-DB-BEZA,DB,2025-08-05,2025,217,0.34692000000000001,0.3468
SH-DB-BEZA,DB,2025-08-06,2025,218,0.34767999999999999,0.34681
SH-DB-BEZA,DB,2025-08-07,2025,219,0.34577000000000002,0.34687
SH-DB-BEZA,DB,2025-08-08,2025,220,0.34732000000000002,0.34695
SH-DB-BEZA,DB,2025-08-09,2025,221,0.34683999999999998,0.3471
SH-DB-BEZA,DB,2025-08-10,2025,222,0.34752,0.34729
SH-DB-BEZA,DB,2025-08-11,2025,223,0.34745999999999999,0.34736
SH-DB-BEZA,DB,2025-08-12,2025,224,0.34738999999999998,0.34713
SH-DB-BEZA,DB,2025-08-13,2025,225,0.34742000000000001,0.3469
SH-DB-BEZA,DB,2025-08-14,2025,226,0.34548000000000001,0.34687
SH-DB-BEZA,DB,2025-08-15,2025,227,0.34645999999999999,0.3469
SH-DB-BEZA,DB,2025-08-16,2025,228,0.34817999999999999,0.34698
SH-DB-BEZA,DB,2025-08-17,2025,229,0.34654000000000001,0.3472
SH-DB-BEZA,DB,2025-08-18,2025,230,0.34748000000000001,0.34737
SH-DB-BEZA,DB,2025-08-19,2025,231,0.34806999999999999,0.34723
SH-DB-BEZA,DB,2025-08-20,2025,232,0.34637000000000001,0.34699
SH-DB-BEZA,DB,2025-08-21,2025,233,0.34653,0.3469
SH-DB-BEZA,DB,2025-08-22,2025,234,0.34620000000000001,0.34711
SH-DB-BEZA,DB,2025-08-23,2025,235,0.34803000000000001,0.34733
SH-DB-BEZA,DB,2025-08-24,2025,236,0.34839999999999999,0.34739
SH-DB-BEZA,DB,2025-08-25,2025,237,0.34748000000000001,0.34742
SH-DB-BEZA,DB,2025-08-26,2025,238,0.34705999999999998,0.34748
SH-DB-BEZA,DB,2025-08-27,2025,239,0.34686,0.34742
SH-DB-BEZA,DB,2025-08-28,2025,240,0.3478,0.34768
SH-DB-BEZA,DB,2025-08-29,2025,241,0.34869,0.34858
SH-DB-BEZA,DB,2025-09-13,2025,256,0.36557000000000001,0.36562
SH-DB-BEZA,DB,2025-09-14,2025,257,0.36617,0.36592
SH-DB-BEZA,DB,2025-09-15,2025,258,0.36586999999999997,0.36602
SH-DB-BEZA,DB,2025-09-16,2025,259,0.36570000000000003,0.36592
SH-DB-BEZA,DB,2025-09-17,2025,260,0.36615999999999999,0.36562
SH-DB-BEZA,DB,2025-09-18,2025,261,0.36498000000000003,0.36521
SH-DB-BEZA,DB,2025-09-19,2025,262,0.36477999999999999,0.36465
SH-DB-BEZA,DB,2025-09-20,2025,263,0.36395,0.36398
SH-DB-BEZA,DB,2025-09-21,2025,264,0.36310999999999999,0.36337
SH-DB-BEZA,DB,2025-09-22,2025,265,0.36270999999999998,0.36291
SH-DB-BEZA,DB,2025-09-23,2025,266,0.36258000000000001,0.36247
SH-DB-BEZA,DB,2025-09-24,2025,267,0.36242000000000002,0.36195
SH-DB-BEZA,DB,2025-09-25,2025,268,0.36133999999999999,0.36141
SH-DB-BEZA,DB,2025-09-26,2025,269,0.36123,0.36098
SH-DB-BEZA,DB,2025-09-27,2025,270,0.36035,0.36057
SH-DB-BEZA,DB,2025-09-28,2025,271,0.36008000000000001,0.36035
SH-DB-BEZA,DB,2025-09-29,2025,272,0.36058000000000001,0.36068
SH-DB-BEZA,DB,2025-09-30,2025,273,0.36060999999999999,0.36131
SH-DB-BEZA,DB,2025-10-01,2025,274,0.36226000000000003,0.36177
SH-DB-BEZA,DB,2025-10-02,2025,275,0.36214000000000002,0.3619
SH-DB-BEZA,DB,2025-10-03,2025,276,0.36325000000000002,0.36193
SH-DB-BEZA,DB,2025-10-04,2025,277,0.36087999999999998,0.36183
SH-DB-BEZA,DB,2025-10-05,2025,278,0.36033999999999999,0.36163
SH-DB-BEZA,DB,2025-10-06,2025,279,0.36208000000000001,0.36151
SH-DB-BEZA,DB,2025-10-07,2025,280,0.36188999999999999,0.36167
SH-DB-BEZA,DB,2025-10-08,2025,281,0.36241000000000001,0.36188
SH-DB-BEZA,DB,2025-10-09,2025,282,0.36136000000000001,0.36188
SH-DB-BEZA,DB,2025-10-10,2025,283,0.36174000000000001,0.36185
SH-DB-BEZA,DB,2025-10-11,2025,284,0.36209999999999998,0.36201
SH-DB-BEZA,DB,2025-10-19,2025,292,0.36155999999999999,0.36168
SH-DB-BEZA,DB,2025-10-20,2025,293,0.36321999999999999,0.36225
SH-DB-BEZA,DB,2025-10-21,2025,294,0.36288999999999999,0.36244
SH-DB-BEZA,DB,2025-10-22,2025,295,0.36215000000000003,0.36264
SH-DB-BEZA,DB,2025-10-23,2025,296,0.36201,0.36286
SH-DB-BEZA,DB,2025-10-24,2025,297,0.36348000000000003,0.3631
SH-DB-BEZA,DB,2025-10-25,2025,298,0.36381999999999998,0.36334
SH-DB-BEZA,DB,2025-10-26,2025,299,0.36343999999999999,0.36338
SH-DB-BEZA,DB,2025-10-27,2025,300,0.36326999999999998,0.36292
SH-DB-BEZA,DB,2025-10-28,2025,301,0.36253999999999997,0.36239
SH-DB-BEZA,DB,2025-10-29,2025,302,0.36115999999999998,0.36218
SH-DB-BEZA,DB,2025-10-30,2025,303,0.36183999999999999,0.36209
SH-DB-BEZA,DB,2025-10-31,2025,304,0.36157,0.36206
SH-DB-BEZA,DB,2025-11-01,2025,305,0.36309000000000002,0.36223
SH-DB-BEZA,DB,2025-11-02,2025,306,0.36218,0.36235
SH-DB-BEZA,DB,2025-11-03,2025,307,0.36323,0.36215
SH-DB-BEZA,DB,2025-11-04,2025,308,0.36098000000000002,0.36182
SH-DB-BEZA,DB,2025-11-05,2025,309,0.36053000000000002,0.36148
SH-DB-BEZA,DB,2025-11-06,2025,310,0.36194999999999999,0.36116
SH-DB-BEZA,DB,2025-11-07,2025,311,0.36153999999999997,0.36088
SH-DB-BEZA,DB,2025-11-08,2025,312,0.36009999999999998,0.36067
SH-DB-BEZA,DB,2025-11-09,2025,313,0.36044999999999999,0.36048
SH-DB-BEZA,DB,2025-11-10,2025,314,0.36022999999999999,0.36036
SH-DB-BEZA,DB,2025-11-11,2025,315,0.36079,0.36045
SH-DB-BEZA,DB,2025-11-12,2025,316,0.36038999999999999,0.36058
SH-DB-BEZA,DB,2025-11-13,2025,317,0.36030000000000001,0.36061
SH-DB-BEZA,DB,2025-11-14,2025,318,0.36132999999999998,0.36061
SH-DB-BEZA,DB,2025-11-15,2025,319,0.36038999999999999,0.36054
SH-DB-BEZA,DB,2025-11-16,2025,320,0.35998999999999998,0.3604
SH-DB-BEZA,DB,2025-11-17,2025,321,0.3604,0.36043
SH-DB-BEZA,DB,2025-11-22,2025,326,0.36414999999999997,0.36378
SH-DB-BEZA,DB,2025-11-23,2025,327,0.36364999999999997,0.36394
SH-DB-BEZA,DB,2025-11-24,2025,328,0.36427999999999999,0.36397
SH-DB-BEZA,DB,2025-11-25,2025,329,0.36348999999999998,0.36402
SH-DB-BEZA,DB,2025-11-26,2025,330,0.36415999999999998,0.36422
SH-DB-BEZA,DB,2025-11-27,2025,331,0.3649,0.36444
SH-DB-BEZA,DB,2025-11-28,2025,332,0.36447000000000002,0.36459
SH-DB-BEZA,DB,2025-11-29,2025,333,0.36501,0.36472
SH-DB-BEZA,DB,2025-11-30,2025,334,0.36453000000000002,0.36481
SH-DB-BEZA,DB,2025-12-01,2025,335,0.36442999999999998,0.36487
SH-DB-BEZA,DB,2025-12-02,2025,336,0.36614000000000002,0.36492
SH-DB-BEZA,DB,2025-12-03,2025,337,0.36359999999999998,0.36495
SH-DB-BEZA,DB,2025-12-04,2025,338,0.36552000000000001,0.36495
SH-DB-BEZA,DB,2025-12-05,2025,339,0.36565999999999999,0.36495
SH-DB-BEZA,DB,2025-12-06,2025,340,0.3644,0.36488
SH-DB-BEZA,DB,2025-12-07,2025,341,0.36442000000000002,0.3648
SH-DB-BEZA,DB,2025-12-08,2025,342,0.36551,0.36488
SH-DB-BEZA,DB,2025-12-09,2025,343,0.36486000000000002,0.36526
SH-DB-BEZA,DB,2025-12-10,2025,344,0.36524000000000001,0.36583
SH-DB-BEZA,DB,2025-12-11,2025,345,0.36688999999999999,0.36642
SH-DB-BEZA,DB,2025-12-12,2025,346,0.36692999999999998,0.36711
SH-DB-BEZA,DB,2025-12-13,2025,347,0.36781000000000003,0.36772
SH-DB-BEZA,DB,2025-12-14,2025,348,0.36840000000000001,0.36796
SH-DB-BEZA,DB,2025-12-15,2025,349,0.36824000000000001,0.368
SH-DB-BEZA,DB,2025-12-16,2025,350,0.36778,0.36804
SH-DB-BEZA,DB,2025-12-17,2025,351,0.36773,0.36802
SH-DB-BEZA,DB,2025-12-18,2025,352,0.36837999999999999,0.36806
SH-DB-BEZA,DB,2025-12-19,2025,353,0.36782999999999999,0.36834
SH-DB-BEZA,DB,2025-12-20,2025,354,0.36926999999999999,0.36873
SH-DB-BEZA,DB,2025-12-21,2025,355,0.36897999999999997,0.36913
SH-DB-BEZA,DB,2025-12-31,2025,365,0.36623,0.36619
SH-DB-BEZA,DB,2026-01-01,2026,1,0.36586000000000002,0.36591
SH-DB-BEZA,DB,2026-01-02,2026,2,0.36567,0.36573
SH-DB-BEZA,DB,2026-01-03,2026,3,0.36565999999999999,0.36566
SH-DB-BEZA,DB,2026-01-04,2026,4,0.36597000000000002,0.3657
SH-DB-BEZA,DB,2026-01-05,2026,5,0.36509999999999998,0.36583
SH-DB-BEZA,DB,2026-01-06,2026,6,0.36551,0.36611
SH-DB-BEZA,DB,2026-01-07,2026,7,0.36730000000000002,0.36637
SH-DB-BEZA,DB,2026-01-08,2026,8,0.36736999999999997,0.36647
SH-DB-BEZA,DB,2026-01-09,2026,9,0.36564999999999998,0.36651
SH-DB-BEZA,DB,2026-01-10,2026,10,0.36614999999999998,0.36644
SH-DB-BEZA,DB,2026-01-11,2026,11,0.36647000000000002,0.36614
SH-DB-BEZA,DB,2026-01-12,2026,12,0.36598999999999998,0.36583
SH-DB-BEZA,DB,2026-01-13,2026,13,0.36613000000000001,0.36569
SH-DB-BEZA,DB,2026-01-14,2026,14,0.36459999999999998,0.36559
SH-DB-BEZA,DB,2026-01-15,2026,15,0.36529,0.36551
SH-DB-BEZA,DB,2026-01-16,2026,16,0.36592999999999998,0.36544
SH-DB-BEZA,DB,2026-01-17,2026,17,0.36586999999999997,0.36542
SH-DB-BEZA,DB,2026-01-18,2026,18,0.36576999999999998,0.36541
SH-DB-BEZA,DB,2026-01-19,2026,19,0.36409999999999998,0.36544
SH-DB-BEZA,DB,2026-01-20,2026,20,0.36575000000000002,0.36554
SH-DB-BEZA,DB,2026-01-21,2026,21,0.36577999999999999,0.36585
SH-DB-BEZA,DB,2026-01-22,2026,22,0.36686000000000002,0.36619
SH-DB-BEZA,DB,2026-01-23,2026,23,0.36648999999999998,0.36636
SH-DB-BEZA,DB,2026-01-24,2026,24,0.36577999999999999,0.36645
SH-DB-BEZA,DB,2026-01-25,2026,25,0.36712,0.36646
SH-DB-BEZA,DB,2026-01-26,2026,26,0.36614999999999998,0.36642
SH-DB-BEZA,DB,2026-01-27,2026,27,0.36631000000000002,0.36635
SH-DB-BEZA,DB,2026-01-28,2026,28,0.36629,0.36626
SH-DB-BEZA,DB,2026-02-03,2026,34,0.36604999999999999,0.36636
SH-DB-BEZA,DB,2026-02-04,2026,35,0.36703000000000002,0.36668
SH-DB-BEZA,DB,2026-02-05,2026,36,0.36691000000000001,0.36688
SH-DB-BEZA,DB,2026-02-06,2026,37,0.36677999999999999,0.36689
SH-DB-BEZA,DB,2026-02-07,2026,38,0.36660999999999999,0.36672
SH-DB-BEZA,DB,2026-02-08,2026,39,0.36659999999999998,0.36637
SH-DB-BEZA,DB,2026-02-09,2026,40,0.36606,0.36598
SH-DB-BEZA,DB,2026-02-10,2026,41,0.36559999999999998,0.36546
SH-DB-BEZA,DB,2026-02-11,2026,42,0.36487000000000003,0.36495
SH-DB-BEZA,DB,2026-02-12,2026,43,0.36412,0.36462
SH-DB-BEZA,DB,2026-02-13,2026,44,0.36459999999999998,0.36438
SH-DB-BEZA,DB,2026-02-14,2026,45,0.36423,0.36433
SH-DB-BEZA,DB,2026-02-15,2026,46,0.36438999999999999,0.36465
SH-DB-BEZA,DB,2026-02-16,2026,47,0.36491000000000001,0.36502
SH-DB-BEZA,DB,2026-02-17,2026,48,0.36553000000000002,0.36518
SH-DB-BEZA,DB,2026-02-18,2026,49,0.36575000000000002,0.36531
SH-DB-BEZA,DB,2026-02-19,2026,50,0.36570000000000003,0.36539
SH-DB-BEZA,DB,2026-02-20,2026,51,0.36405999999999999,0.36534
SH-DB-BEZA,DB,2026-02-21,2026,52,0.36576999999999998,0.36526
SH-DB-BEZA,DB,2026-02-22,2026,53,0.36557000000000001,0.36528
SH-DB-BEZA,DB,2026-02-23,2026,54,0.36542999999999998,0.36535
SH-DB-BEZA,DB,2026-02-24,2026,55,0.36473,0.36541
SH-DB-BEZA,DB,2026-02-25,2026,56,0.36542000000000002,0.36546
SH-DB-BEZA,DB,2026-02-26,2026,57,0.36567,0.36549
SH-DB-BEZA,DB,2026-02-27,2026,58,0.36581999999999998,0.3654
SH-DB-BEZA,DB,2026-02-28,2026,59,0.36497000000000002,0.36512
SH-DB-BEZA,DB,2026-03-01,2026,60,0.36475000000000002,0.3647
SH-DB-BEZA,DB,2026-03-02,2026,61,0.36401,0.36425
SH-DB-BEZA,DB,2026-03-03,2026,62,0.36387999999999998,0.36381
SH-DB-BEZA,DB,2026-03-04,2026,63,0.36336000000000002,0.36346
SH-DB-BEZA,DB,2026-03-08,2026,67,0.36326000000000003,0.36309
SH-DB-BEZA,DB,2026-03-09,2026,68,0.36284,0.36288
SH-DB-BEZA,DB,2026-03-10,2026,69,0.36276000000000003,0.36267
SH-DB-BEZA,DB,2026-03-11,2026,70,0.36202000000000001,0.36245
SH-DB-BEZA,DB,2026-03-12,2026,71,0.36274000000000001,0.36229
SH-DB-BEZA,DB,2026-03-13,2026,72,0.36198999999999998,0.36216
SH-DB-BEZA,DB,2026-03-14,2026,73,0.36236000000000002,0.36211
SH-DB-BEZA,DB,2026-03-15,2026,74,0.36171999999999999,0.36219
SH-DB-BEZA,DB,2026-03-16,2026,75,0.36242000000000002,0.36234
SH-DB-BEZA,DB,2026-03-17,2026,76,0.36229,0.36245
SH-DB-BEZA,DB,2026-03-18,2026,77,0.36299999999999999,0.36243
SH-DB-BEZA,DB,2026-03-19,2026,78,0.36287999999999998,0.3624
SH-DB-BEZA,DB,2026-03-20,2026,79,0.36130000000000001,0.36244
SH-DB-BEZA,DB,2026-03-21,2026,80,0.36270999999999998,0.36249
SH-DB-BEZA,DB,2026-03-22,2026,81,0.36220000000000002,0.36258
SH-DB-BEZA,DB,2026-03-23,2026,82,0.3634,0.36285
SH-DB-BEZA,DB,2026-03-24,2026,83,0.36312,0.36309
SH-DB-BEZA,DB,2026-03-25,2026,84,0.36282999999999999,0.36304
SH-DB-BEZA,DB,2026-03-26,2026,85,0.36323,0.36287
SH-DB-BEZA,DB,2026-03-27,2026,86,0.36263000000000001,0.36268
SH-DB-BEZA,DB,2026-03-28,2026,87,0.36226999999999998,0.36251
SH-DB-BEZA,DB,2026-03-29,2026,88,0.36223,0.36235
SH-DB-BEZA,DB,2026-03-30,2026,89,0.36244999999999999,0.36229
SH-DB-BEZA,DB,2026-03-31,2026,90,0.36223,0.36226
SH-DB-BEZA,DB,2026-04-01,2026,91,0.36180000000000001,0.3621
SH-DB-BEZA,DB,2026-04-02,2026,92,0.36279,0.36176
SH-DB-BEZA,DB,2026-04-03,2026,93,0.36063000000000001,0.36131
SH-DB-BEZA,DB,2026-04-04,2026,94,0.36042999999999997,0.36077
SH-DB-BEZA,DB,2026-04-05,2026,95,0.36042999999999997,0.36025
SH-DB-BEZA,DB,2026-04-11,2026,101,0.35994999999999999,0.36004
SH-DB-BEZA,DB,2026-04-12,2026,102,0.35997000000000001,0.35987
SH-DB-BEZA,DB,2026-04-13,2026,103,0.35992000000000002,0.35962
SH-DB-BEZA,DB,2026-04-14,2026,104,0.3589,0.35927
SH-DB-BEZA,DB,2026-04-15,2026,105,0.35891000000000001,0.35887
SH-DB-BEZA,DB,2026-04-16,2026,106,0.35920000000000002,0.35855
SH-DB-BEZA,DB,2026-04-17,2026,107,0.35766999999999999,0.35838
SH-DB-BEZA,DB,2026-04-18,2026,108,0.35832999999999998,0.35829
SH-DB-BEZA,DB,2026-04-19,2026,109,0.35804999999999998,0.35831
SH-DB-BEZA,DB,2026-04-20,2026,110,0.35877999999999999,0.3584
SH-DB-BEZA,DB,2026-04-21,2026,111,0.35859999999999997,0.35842
SH-DB-BEZA,DB,2026-04-22,2026,112,0.35832999999999998,0.3583
SH-DB-BEZA,DB,2026-04-23,2026,113,0.35793999999999998,0.35813
SH-DB-BEZA,DB,2026-04-24,2026,114,0.35774,0.35795
SH-DB-BEZA,DB,2026-04-25,2026,115,0.35786000000000001,0.35773
SH-DB-BEZA,DB,2026-04-26,2026,116,0.35768,0.3575
SH-DB-BEZA,DB,2026-04-27,2026,117,0.35731000000000002,0.35725
SH-DB-BEZA,DB,2026-04-28,2026,118,0.35672999999999999,0.35699
SH-DB-BEZA,DB,2026-04-29,2026,119,0.35676999999999998,0.35677
SH-DB-BEZA,DB,2026-04-30,2026,120,0.35647000000000001,0.35655
SH-DB-BEZA,DB,2026-05-01,2026,121,0.35650999999999999,0.35634
SH-DB-BEZA,DB,2026-05-02,2026,122,0.35626999999999998,0.35611
SH-DB-BEZA,DB,2026-05-03,2026,123,0.35582000000000003,0.35589
SH-DB-BEZA,DB,2026-05-04,2026,124,0.35532999999999998,0.35565
SH-DB-BEZA,DB,2026-05-05,2026,125,0.35597000000000001,0.35543
SH-DB-BEZA,DB,2026-05-06,2026,126,0.35488999999999998,0.35535
SH-DB-BEZA,DB,2026-05-07,2026,127,0.35547000000000001,0.35542
SH-DB-BEZA,DB,2026-05-08,2026,128,0.35564000000000001,0.35564
SH-DB-BEZA,DB,2026-05-09,2026,129,0.35607,0.35594
SH-DB-BEZA,DB,2026-05-21,2026,141,0.35293999999999998,0.35287
SH-DB-BEZA,DB,2026-05-22,2026,142,0.35246,0.35275
SH-DB-BEZA,DB,2026-05-23,2026,143,0.35269,0.35276
SH-DB-BEZA,DB,2026-05-24,2026,144,0.35272999999999999,0.35274
SH-DB-BEZA,DB,2026-05-25,2026,145,0.35299999999999998,0.3526
SH-DB-BEZA,DB,2026-05-26,2026,146,0.35254000000000002,0.3524
SH-DB-BEZA,DB,2026-05-27,2026,147,0.35164000000000001,0.35222
SH-DB-BEZA,DB,2026-05-28,2026,148,0.35188999999999998,0.35204
SH-DB-BEZA,DB,2026-05-29,2026,149,0.35244999999999999,0.35188
SH-DB-BEZA,DB,2026-05-30,2026,150,0.35154999999999997,0.35182
SH-DB-BEZA,DB,2026-05-31,2026,151,0.35169,0.35179
SH-DB-BEZA,DB,2026-06-01,2026,152,0.35198000000000002,0.35168
SH-DB-BEZA,DB,2026-06-02,2026,153,0.35149999999999998,0.35141
SH-DB-BEZA,DB,2026-06-03,2026,154,0.35141,0.35115
SH-DB-BEZA,DB,2026-06-04,2026,155,0.35021000000000002,0.3509
SH-DB-BEZA,DB,2026-06-05,2026,156,0.35076000000000002,0.35067
SH-DB-BEZA,DB,2026-06-06,2026,157,0.35094999999999998,0.35062
SH-DB-BEZA,DB,2026-06-07,2026,158,0.35061999999999999,0.35097
SH-DB-BEZA,DB,2026-06-08,2026,159,0.35043000000000002,0.35137
SH-DB-BEZA,DB,2026-06-09,2026,160,0.35276000000000002,0.35156
SH-DB-BEZA,DB,2026-06-10,2026,161,0.35215999999999997,0.35169
SH-DB-BEZA,DB,2026-06-11,2026,162,0.35143000000000002,0.35169
SH-DB-BEZA,DB,2026-06-12,2026,163,0.35144999999999998,0.35139
SH-DB-BEZA,DB,2026-06-13,2026,164,0.35047,0.35104
SH-DB-BEZA,DB,2026-06-14,2026,165,0.35099999999999998,0.35093
SH-DB-BEZA,DB,2026-06-15,2026,166,0.35099000000000002,0.35087
SH-DB-BEZA,DB,2026-06-16,2026,167,0.35072999999999999,0.35075
SH-DB-BEZA,DB,2026-06-17,2026,168,0.35086000000000001,0.35052
SH-DB-BEZA,DB,2026-06-18,2026,169,0.34993000000000002,0.35007
SH-DB-BEZA,DB,2026-07-19,2026,200,0.34544999999999998,0.34544
SH-DB-BEZA,DB,2026-07-20,2026,201,0.34440999999999999,0.34509
SH-DB-BEZA,DB,2026-07-21,2026,202,0.34465000000000001,0.34504
SH-DB-BEZA,DB,2026-07-22,2026,203,0.34532000000000002,0.34505
SH-DB-BEZA,DB,2026-07-23,2026,204,0.34567999999999999,0.34492
SH-DB-BEZA,DB,2026-07-24,2026,205,0.34401999999999999,0.34441
SH-EN-ALERCE,EN,2023-01-24,2023,24,0.40711000000000003,0.40931
SH-EN-ALERCE,EN,2023-01-25,2023,25,0.41510999999999998,0.40813
SH-EN-ALERCE,EN,2023-01-26,2023,26,0.41449000000000003,0.40687
SH-EN-ALERCE,EN,2023-01-27,2023,27,0.40131,0.4057
SH-EN-ALERCE,EN,2023-01-28,2023,28,0.39444000000000001,0.4046
SH-EN-ALERCE,EN,2023-01-29,2023,29,0.40731000000000001,0.40361
SH-EN-ALERCE,EN,2023-01-30,2023,30,0.41442000000000001,0.40271
SH-EN-ALERCE,EN,2023-01-31,2023,31,0.39471000000000001,0.40193
SH-EN-ALERCE,EN,2023-02-01,2023,32,0.39506000000000002,0.40127
SH-EN-ALERCE,EN,2023-02-02,2023,33,0.39395999999999998,0.40074
SH-EN-ALERCE,EN,2023-02-04,2023,35,0.39873999999999998,0.40011
SH-EN-ALERCE,EN,2023-02-05,2023,36,0.41571999999999998,0.40003
SH-EN-ALERCE,EN,2023-02-06,2023,37,0.39735999999999999,0.40011
SH-EN-ALERCE,EN,2023-02-07,2023,38,0.39827000000000001,0.40019
SH-EN-ALERCE,EN,2023-03-14,2023,73,0.39617000000000002,0.40488
SH-EN-ALERCE,EN,2023-03-15,2023,74,0.41387000000000002,0.40452
SH-EN-ALERCE,EN,2023-03-16,2023,75,0.41660999999999998,0.40417
SH-EN-ALERCE,EN,2023-03-17,2023,76,0.41393000000000002,0.40383
SH-EN-ALERCE,EN,2023-03-18,2023,77,0.39587,0.40351
SH-EN-ALERCE,EN,2023-03-19,2023,78,0.39384000000000002,0.40321
SH-EN-ALERCE,EN,2023-03-20,2023,79,0.40243000000000001,0.40292
SH-EN-ALERCE,EN,2023-03-21,2023,80,0.41232999999999997,0.40264
SH-EN-ALERCE,EN,2023-03-22,2023,81,0.39444000000000001,0.40237
SH-EN-ALERCE,EN,2023-03-23,2023,82,0.39549000000000001,0.40212
SH-EN-ALERCE,EN,2023-03-24,2023,83,0.39562999999999998,0.40188
SH-EN-ALERCE,EN,2023-03-25,2023,84,0.39613999999999999,0.40168
SH-EN-ALERCE,EN,2023-03-26,2023,85,0.39183000000000001,0.40156
SH-EN-ALERCE,EN,2023-03-27,2023,86,0.41016000000000002,0.4015
SH-EN-ALERCE,EN,2023-03-28,2023,87,0.4138,0.40149
SH-EN-ALERCE,EN,2023-03-29,2023,88,0.39612000000000003,0.40152
SH-EN-ALERCE,EN,2023-03-30,2023,89,0.40847,0.40157
SH-EN-ALERCE,EN,2023-03-31,2023,90,0.40049000000000001,0.40164
SH-EN-ALERCE,EN,2023-04-01,2023,91,0.40549000000000002,0.40171
SH-EN-ALERCE,EN,2023-04-02,2023,92,0.40866000000000002,0.40176
SH-EN-ALERCE,EN,2023-04-03,2023,93,0.39101000000000002,0.4018
SH-EN-ALERCE,EN,2023-04-04,2023,94,0.38811000000000001,0.4018
SH-EN-ALERCE,EN,2023-04-05,2023,95,0.40089999999999998,0.4018
SH-EN-ALERCE,EN,2023-04-06,2023,96,0.40487000000000001,0.40182
SH-EN-ALERCE,EN,2023-04-07,2023,97,0.40605999999999998,0.40187
SH-EN-ALERCE,EN,2023-04-08,2023,98,0.38796000000000003,0.40193
SH-EN-ALERCE,EN,2023-04-09,2023,99,0.41575000000000001,0.402
SH-EN-ALERCE,EN,2023-04-10,2023,100,0.40272999999999998,0.40208
SH-EN-ALERCE,EN,2023-04-11,2023,101,0.41082000000000002,0.40215
SH-EN-ALERCE,EN,2023-04-12,2023,102,0.39579999999999999,0.40221
SH-EN-ALERCE,EN,2023-04-13,2023,103,0.41031000000000001,0.40226
SH-EN-ALERCE,EN,2023-04-14,2023,104,0.39879999999999999,0.40228
SH-EN-ALERCE,EN,2023-04-15,2023,105,0.38708999999999999,0.40228
SH-EN-ALERCE,EN,2023-04-16,2023,106,0.41350999999999999,0.40225
SH-EN-ALERCE,EN,2023-04-17,2023,107,0.40875,0.40223
SH-EN-ALERCE,EN,2023-04-18,2023,108,0.40610000000000002,0.40219
SH-EN-ALERCE,EN,2023-04-19,2023,109,0.4052,0.40216
SH-EN-ALERCE,EN,2023-04-20,2023,110,0.41021000000000002,0.40211
SH-EN-ALERCE,EN,2023-04-21,2023,111,0.40787000000000001,0.40206
SH-EN-ALERCE,EN,2023-04-22,2023,112,0.38613999999999998,0.402
SH-EN-ALERCE,EN,2023-04-23,2023,113,0.38630999999999999,0.40194
SH-EN-ALERCE,EN,2023-04-24,2023,114,0.39387,0.40187
SH-EN-ALERCE,EN,2023-04-25,2023,115,0.41210000000000002,0.40178
SH-EN-ALERCE,EN,2023-04-26,2023,116,0.40445999999999999,0.4017
SH-EN-ALERCE,EN,2023-04-27,2023,117,0.4088,0.40158
SH-EN-ALERCE,EN,2023-04-28,2023,118,0.39229000000000003,0.40144
SH-EN-ALERCE,EN,2023-04-29,2023,119,0.40949999999999998,0.40128
SH-EN-ALERCE,EN,2023-05-01,2023,121,0.40794999999999998,0.4009
SH-EN-ALERCE,EN,2023-05-02,2023,122,0.39928000000000002,0.40069
SH-EN-ALERCE,EN,2023-05-03,2023,123,0.38708999999999999,0.40049
SH-EN-ALERCE,EN,2023-05-04,2023,124,0.41363,0.40029
SH-EN-ALERCE,EN,2023-05-05,2023,125,0.38840999999999998,0.40011
SH-EN-ALERCE,EN,2023-05-06,2023,126,0.38702999999999999,0.39994
SH-EN-ALERCE,EN,2023-05-07,2023,127,0.40240999999999999,0.3998
SH-EN-ALERCE,EN,2023-05-08,2023,128,0.40877000000000002,0.3997
SH-EN-ALERCE,EN,2023-05-09,2023,129,0.38575999999999999,0.39961
SH-EN-ALERCE,EN,2023-05-10,2023,130,0.41726000000000002,0.39952
SH-EN-ALERCE,EN,2023-05-11,2023,131,0.40827000000000002,0.39944
SH-EN-ALERCE,EN,2023-05-12,2023,132,0.40826000000000001,0.39937
SH-EN-ALERCE,EN,2023-05-13,2023,133,0.40527000000000002,0.39931
SH-EN-ALERCE,EN,2023-05-14,2023,134,0.39412000000000003,0.39926
SH-EN-ALERCE,EN,2023-05-15,2023,135,0.39054,0.39922
SH-EN-ALERCE,EN,2023-05-16,2023,136,0.3957,0.3992
SH-EN-ALERCE,EN,2023-05-17,2023,137,0.37989000000000001,0.39919
SH-EN-ALERCE,EN,2023-05-18,2023,138,0.40477999999999997,0.39919
SH-EN-ALERCE,EN,2023-05-19,2023,139,0.39934999999999998,0.39921
SH-EN-ALERCE,EN,2023-05-20,2023,140,0.38403999999999999,0.39927
SH-EN-ALERCE,EN,2023-05-21,2023,141,0.41021999999999997,0.39939
SH-EN-ALERCE,EN,2023-05-22,2023,142,0.40510000000000002,0.39956
SH-EN-ALERCE,EN,2023-05-23,2023,143,0.40348000000000001,0.39978
SH-EN-ALERCE,EN,2023-08-03,2023,215,0.38174000000000002,0.38804
SH-EN-ALERCE,EN,2023-08-10,2023,222,0.40438000000000002,0.39709
SH-EN-ALERCE,EN,2023-08-11,2023,223,0.40594999999999998,0.39798
SH-EN-ALERCE,EN,2023-08-12,2023,224,0.40443000000000001,0.39875
SH-EN-ALERCE,EN,2023-08-13,2023,225,0.38129000000000002,0.39942
SH-EN-ALERCE,EN,2023-08-14,2023,226,0.39017000000000002,0.39999
SH-EN-ALERCE,EN,2023-08-15,2023,227,0.40908,0.40049
SH-EN-ALERCE,EN,2023-08-16,2023,228,0.41303000000000001,0.40092
SH-EN-ALERCE,EN,2023-08-17,2023,229,0.40382000000000001,0.40131
SH-EN-ALERCE,EN,2023-08-18,2023,230,0.40266000000000002,0.40167
SH-EN-ALERCE,EN,2023-08-19,2023,231,0.40819,0.40198
SH-EN-ALERCE,EN,2023-08-20,2023,232,0.4042,0.40223
SH-EN-ALERCE,EN,2023-08-21,2023,233,0.4113,0.40243
SH-EN-ALERCE,EN,2023-08-22,2023,234,0.40837000000000001,0.40258
SH-EN-ALERCE,EN,2023-08-23,2023,235,0.39929999999999999,0.40268
SH-EN-ALERCE,EN,2023-08-24,2023,236,0.39484000000000002,0.40276
SH-EN-ALERCE,EN,2023-08-25,2023,237,0.40029999999999999,0.4028
SH-EN-ALERCE,EN,2023-08-27,2023,239,0.39911000000000002,0.40285
SH-EN-ALERCE,EN,2023-08-28,2023,240,0.39938000000000001,0.40286
SH-EN-ALERCE,EN,2023-08-29,2023,241,0.40033999999999997,0.40288
SH-EN-ALERCE,EN,2023-08-30,2023,242,0.40395999999999999,0.4029
SH-EN-ALERCE,EN,2023-08-31,2023,243,0.39829999999999999,0.40291
SH-EN-ALERCE,EN,2023-09-01,2023,244,0.39774999999999999,0.4029
SH-EN-ALERCE,EN,2023-09-02,2023,245,0.40261000000000002,0.40286
SH-EN-ALERCE,EN,2023-09-03,2023,246,0.40251999999999999,0.40281
SH-EN-ALERCE,EN,2023-09-04,2023,247,0.40336,0.40274
SH-EN-ALERCE,EN,2023-09-07,2023,250,0.40237000000000001,0.40248
SH-EN-ALERCE,EN,2023-09-08,2023,251,0.40588000000000002,0.40239
SH-EN-ALERCE,EN,2023-09-09,2023,252,0.40450000000000003,0.40232
SH-EN-ALERCE,EN,2023-09-10,2023,253,0.40715000000000001,0.40226
SH-EN-ALERCE,EN,2023-09-11,2023,254,0.40287000000000001,0.40221
SH-EN-ALERCE,EN,2023-09-12,2023,255,0.40237000000000001,0.40218
SH-EN-ALERCE,EN,2023-09-13,2023,256,0.40616999999999998,0.40216
SH-EN-ALERCE,EN,2023-09-14,2023,257,0.39443,0.40214
SH-EN-ALERCE,EN,2023-09-15,2023,258,0.40973999999999999,0.40211
SH-EN-ALERCE,EN,2023-09-16,2023,259,0.40667999999999999,0.40206
SH-EN-ALERCE,EN,2023-09-17,2023,260,0.40261999999999998,0.40199
SH-EN-ALERCE,EN,2023-09-18,2023,261,0.39544000000000001,0.40188
SH-EN-ALERCE,EN,2023-09-19,2023,262,0.39073999999999998,0.40173
SH-EN-ALERCE,EN,2023-09-20,2023,263,0.40527000000000002,0.40153
SH-EN-ALERCE,EN,2023-09-21,2023,264,0.40083000000000002,0.40127
SH-EN-ALERCE,EN,2023-09-22,2023,265,0.40605999999999998,0.40094
SH-EN-ALERCE,EN,2023-09-23,2023,266,0.40238000000000002,0.40059
SH-EN-ALERCE,EN,2023-09-24,2023,267,0.40301999999999999,0.40027
SH-EN-ALERCE,EN,2023-09-25,2023,268,0.39307999999999998,0.39996
SH-EN-ALERCE,EN,2023-09-26,2023,269,0.40205000000000002,0.39968
SH-EN-ALERCE,EN,2024-01-23,2024,23,0.39562999999999998,0.40599
SH-EN-ALERCE,EN,2024-01-24,2024,24,0.40307999999999999,0.40616
SH-EN-ALERCE,EN,2024-01-25,2024,25,0.41266000000000003,0.40628
SH-EN-ALERCE,EN,2024-01-26,2024,26,0.41059000000000001,0.40636
SH-EN-ALERCE,EN,2024-01-27,2024,27,0.41553000000000001,0.40641
SH-EN-ALERCE,EN,2024-01-28,2024,28,0.41084999999999999,0.40643
SH-EN-ALERCE,EN,2024-01-29,2024,29,0.40615000000000001,0.40641
SH-EN-ALERCE,EN,2024-01-30,2024,30,0.40231,0.40638
SH-EN-ALERCE,EN,2024-01-31,2024,31,0.40172000000000002,0.40633
SH-EN-ALERCE,EN,2024-02-01,2024,32,0.40651999999999999,0.40626
SH-EN-ALERCE,EN,2024-02-02,2024,33,0.41476000000000002,0.40618
SH-EN-ALERCE,EN,2024-02-03,2024,34,0.40281,0.4061
SH-EN-ALERCE,EN,2024-02-04,2024,35,0.40017000000000003,0.40601
SH-EN-ALERCE,EN,2024-02-05,2024,36,0.39761999999999997,0.40593
SH-EN-ALERCE,EN,2024-02-06,2024,37,0.40836,0.40584
SH-EN-ALERCE,EN,2024-02-07,2024,38,0.41178999999999999,0.40573
SH-EN-ALERCE,EN,2024-02-08,2024,39,0.41161999999999999,0.4056
SH-EN-ALERCE,EN,2024-02-09,2024,40,0.40284999999999999,0.40546
SH-EN-ALERCE,EN,2024-02-10,2024,41,0.41075,0.40531
SH-EN-ALERCE,EN,2024-02-11,2024,42,0.41287000000000001,0.40516
SH-EN-ALERCE,EN,2024-02-12,2024,43,0.40150000000000002,0.40502
SH-EN-ALERCE,EN,2024-02-13,2024,44,0.40121000000000001,0.40489
SH-EN-ALERCE,EN,2024-02-14,2024,45,0.4022,0.40477
SH-EN-ALERCE,EN,2024-02-15,2024,46,0.39588000000000001,0.40467
SH-EN-ALERCE,EN,2024-02-18,2024,49,0.40006999999999998,0.40454
SH-EN-ALERCE,EN,2024-02-19,2024,50,0.40021000000000001,0.40454
SH-EN-ALERCE,EN,2024-02-20,2024,51,0.40920000000000001,0.40455
SH-EN-ALERCE,EN,2024-02-21,2024,52,0.4093,0.40458
SH-EN-ALERCE,EN,2024-02-22,2024,53,0.41199000000000002,0.40462
SH-EN-ALERCE,EN,2024-02-23,2024,54,0.40571000000000002,0.40466
SH-EN-ALERCE,EN,2024-02-24,2024,55,0.39894000000000002,0.4047
SH-EN-ALERCE,EN,2024-02-25,2024,56,0.40148,0.40474
SH-EN-ALERCE,EN,2024-02-26,2024,57,0.40900999999999998,0.40477
SH-EN-ALERCE,EN,2024-02-27,2024,58,0.41133999999999998,0.40479
SH-EN-ALERCE,EN,2024-02-28,2024,59,0.40579999999999999,0.40479
SH-EN-ALERCE,EN,2024-02-29,2024,60,0.39845000000000003,0.40479
SH-EN-ALERCE,EN,2024-03-01,2024,61,0.40889999999999999,0.40481
SH-EN-ALERCE,EN,2024-03-02,2024,62,0.40123999999999999,0.40483
SH-EN-ALERCE,EN,2024-03-03,2024,63,0.40000000000000002,0.40487
SH-EN-ALERCE,EN,2024-03-04,2024,64,0.39856000000000003,0.4049
SH-EN-ALERCE,EN,2024-03-05,2024,65,0.40644000000000002,0.40494
SH-EN-ALERCE,EN,2024-03-06,2024,66,0.39900000000000002,0.40498
SH-EN-ALERCE,EN,2024-03-07,2024,67,0.39817000000000002,0.40501
SH-EN-ALERCE,EN,2024-03-08,2024,68,0.40782000000000002,0.40504
SH-EN-ALERCE,EN,2024-03-09,2024,69,0.41167999999999999,0.40505
SH-EN-ALERCE,EN,2024-03-10,2024,70,0.40911999999999998,0.40506
SH-EN-ALERCE,EN,2024-03-11,2024,71,0.41020000000000001,0.40505
SH-EN-ALERCE,EN,2024-03-12,2024,72,0.40845999999999999,0.40505
SH-EN-ALERCE,EN,2024-03-13,2024,73,0.40527000000000002,0.40505
SH-EN-ALERCE,EN,2024-03-14,2024,74,0.40861999999999998,0.40505
SH-EN-ALERCE,EN,2024-03-15,2024,75,0.40956999999999999,0.40504
SH-EN-ALERCE,EN,2024-03-16,2024,76,0.40781000000000001,0.40503
SH-EN-ALERCE,EN,2024-03-18,2024,78,0.41083999999999998,0.40499
SH-EN-ALERCE,EN,2024-03-19,2024,79,0.39144000000000001,0.40497
SH-EN-ALERCE,EN,2024-03-20,2024,80,0.40825,0.40493
SH-EN-ALERCE,EN,2024-03-21,2024,81,0.39913999999999999,0.40488
SH-EN-ALERCE,EN,2024-03-22,2024,82,0.39274999999999999,0.40482
SH-EN-ALERCE,EN,2024-03-23,2024,83,0.41043000000000002,0.40473
SH-EN-ALERCE,EN,2024-03-24,2024,84,0.39802999999999999,0.40461
SH-EN-ALERCE,EN,2024-03-25,2024,85,0.40586,0.40447
SH-EN-ALERCE,EN,2024-03-26,2024,86,0.41547000000000001,0.4043
SH-EN-ALERCE,EN,2024-03-27,2024,87,0.39937,0.40413
SH-EN-ALERCE,EN,2024-03-28,2024,88,0.39867999999999998,0.40394
SH-EN-ALERCE,EN,2024-03-29,2024,89,0.39921000000000001,0.40377
SH-EN-ALERCE,EN,2024-03-30,2024,90,0.41417999999999999,0.4036
SH-EN-ALERCE,EN,2024-03-31,2024,91,0.40820000000000001,0.40345
SH-EN-ALERCE,EN,2024-04-01,2024,92,0.39999000000000001,0.40332
SH-EN-ALERCE,EN,2024-04-02,2024,93,0.40620000000000001,0.40322
SH-EN-ALERCE,EN,2024-04-03,2024,94,0.41159000000000001,0.40316
SH-EN-ALERCE,EN,2024-04-04,2024,95,0.40822000000000003,0.40313
SH-EN-ALERCE,EN,2024-04-05,2024,96,0.40306999999999998,0.40311
SH-EN-ALERCE,EN,2024-04-06,2024,97,0.38822000000000001,0.40312
SH-EN-ALERCE,EN,2024-04-08,2024,99,0.4083,0.40315
SH-EN-ALERCE,EN,2024-04-09,2024,100,0.40521000000000001,0.40317
SH-EN-ALERCE,EN,2024-04-10,2024,101,0.40295999999999998,0.40317
SH-EN-ALERCE,EN,2024-04-11,2024,102,0.39717999999999998,0.40317
SH-EN-ALERCE,EN,2024-04-12,2024,103,0.39594000000000001,0.40314
SH-EN-ALERCE,EN,2024-04-13,2024,104,0.39665,0.40309
SH-EN-ALERCE,EN,2024-04-14,2024,105,0.40106999999999998,0.40303
SH-EN-ALERCE,EN,2024-04-15,2024,106,0.40072000000000002,0.403
SH-EN-ALERCE,EN,2024-04-16,2024,107,0.40510000000000002,0.40297
SH-EN-ALERCE,EN,2024-04-17,2024,108,0.40399000000000002,0.40296
SH-EN-ALERCE,EN,2024-04-18,2024,109,0.40255000000000002,0.40294
SH-EN-ALERCE,EN,2024-04-19,2024,110,0.40612999999999999,0.40291
SH-EN-ALERCE,EN,2024-04-20,2024,111,0.40597,0.40287
SH-EN-ALERCE,EN,2024-04-21,2024,112,0.40440999999999999,0.40281
SH-EN-ALERCE,EN,2024-04-22,2024,113,0.40106000000000003,0.40272
SH-EN-ALERCE,EN,2024-04-23,2024,114,0.40167999999999998,0.40259
SH-EN-ALERCE,EN,2024-04-24,2024,115,0.39751999999999998,0.40242
SH-EN-ALERCE,EN,2024-04-25,2024,116,0.41023999999999999,0.40221
SH-EN-ALERCE,EN,2024-04-26,2024,117,0.40336,0.40197
SH-EN-ALERCE,EN,2024-04-27,2024,118,0.40706999999999999,0.4017
SH-EN-ALERCE,EN,2024-04-28,2024,119,0.39665,0.40141
SH-EN-ALERCE,EN,2024-04-29,2024,120,0.40628999999999998,0.4011
SH-EN-ALERCE,EN,2024-04-30,2024,121,0.40372999999999998,0.40077
SH-EN-ALERCE,EN,2024-05-01,2024,122,0.40748000000000001,0.40044
SH-EN-ALERCE,EN,2024-05-02,2024,123,0.39269999999999999,0.40011
SH-EN-ALERCE,EN,2024-05-03,2024,124,0.39776,0.39979
SH-EN-ALERCE,EN,2024-05-04,2024,125,0.40938000000000002,0.39947
SH-EN-ALERCE,EN,2024-05-05,2024,126,0.40376000000000001,0.39917
SH-EN-ALERCE,EN,2024-05-06,2024,127,0.39818999999999999,0.39889
SH-EN-ALERCE,EN,2024-05-07,2024,128,0.39494000000000001,0.39858
SH-EN-ALERCE,EN,2024-05-08,2024,129,0.39872999999999997,0.39819
SH-EN-ALERCE,EN,2024-05-09,2024,130,0.40203,0.39774
SH-EN-ALERCE,EN,2024-05-10,2024,131,0.39399000000000001,0.39726
SH-EN-ALERCE,EN,2024-05-11,2024,132,0.40462999999999999,0.39676
SH-EN-ALERCE,EN,2024-05-12,2024,133,0.38879999999999998,0.39625
SH-EN-ALERCE,EN,2024-05-13,2024,134,0.38933000000000001,0.39577
SH-EN-ALERCE,EN,2024-05-14,2024,135,0.38651999999999997,0.39532
SH-EN-ALERCE,EN,2024-05-15,2024,136,0.38812000000000002,0.39493
SH-EN-ALERCE,EN,2024-05-16,2024,137,0.39967000000000003,0.39461
SH-EN-ALERCE,EN,2024-05-17,2024,138,0.38805000000000001,0.39439
SH-EN-ALERCE,EN,2024-05-18,2024,139,0.38854,0.39423
SH-EN-ALERCE,EN,2024-05-20,2024,141,0.39911000000000002,0.39397
SH-EN-ALERCE,EN,2024-05-21,2024,142,0.39785999999999999,0.39388
SH-EN-ALERCE,EN,2024-05-22,2024,143,0.39785999999999999,0.39381
SH-EN-ALERCE,EN,2024-05-23,2024,144,0.39794000000000002,0.39376
SH-EN-ALERCE,EN,2024-05-24,2024,145,0.38828000000000001,0.39373
SH-EN-ALERCE,EN,2024-05-25,2024,146,0.39845999999999998,0.39373
SH-EN-ALERCE,EN,2024-05-26,2024,147,0.38544,0.39376
SH-EN-ALERCE,EN,2024-05-27,2024,148,0.39867000000000002,0.3938
SH-EN-ALERCE,EN,2024-05-28,2024,149,0.38322000000000001,0.39388
SH-EN-ALERCE,EN,2024-05-29,2024,150,0.39878000000000002,0.39398
SH-EN-ALERCE,EN,2024-05-30,2024,151,0.39817000000000002,0.39415
SH-EN-ALERCE,EN,2024-06-01,2024,153,0.39918999999999999,0.39476
SH-EN-ALERCE,EN,2024-06-02,2024,154,0.38938,0.39516
SH-EN-ALERCE,EN,2024-06-03,2024,155,0.40146999999999999,0.39557
SH-EN-ALERCE,EN,2024-06-04,2024,156,0.38636999999999999,0.39599
SH-EN-ALERCE,EN,2024-06-06,2024,158,0.40042,0.39673
SH-EN-ALERCE,EN,2024-06-08,2024,160,0.39278000000000002,0.39718
SH-EN-ALERCE,EN,2024-06-09,2024,161,0.40087,0.39724
SH-EN-ALERCE,EN,2024-06-14,2024,166,0.40490999999999999,0.39702
SH-EN-ALERCE,EN,2024-06-15,2024,167,0.40109,0.39693
SH-EN-ALERCE,EN,2024-06-17,2024,169,0.40142,0.39669
SH-EN-ALERCE,EN,2024-06-18,2024,170,0.40328999999999998,0.39654
SH-EN-ALERCE,EN,2024-06-19,2024,171,0.38901000000000002,0.39636
SH-EN-ALERCE,EN,2024-06-29,2024,181,0.38505,0.39124
SH-EN-ALERCE,EN,2024-07-05,2024,187,0.39663999999999999,0.38843
SH-EN-ALERCE,EN,2024-07-07,2024,189,0.37697999999999998,0.38753
SH-EN-ALERCE,EN,2024-07-08,2024,190,0.38156000000000001,0.38709
SH-EN-ALERCE,EN,2024-07-10,2024,192,0.38463000000000003,0.38625
SH-EN-ALERCE,EN,2024-07-13,2024,195,0.38117000000000001,0.38525
SH-EN-ALERCE,EN,2024-07-15,2024,197,0.39627000000000001,0.38476
SH-EN-ALERCE,EN,2024-07-16,2024,198,0.38955000000000001,0.38456
SH-EN-ALERCE,EN,2024-07-17,2024,199,0.39102999999999999,0.38437
SH-EN-ALERCE,EN,2024-07-19,2024,201,0.38564999999999999,0.38405
SH-EN-ALERCE,EN,2024-07-21,2024,203,0.37624999999999997,0.3838
SH-EN-ALERCE,EN,2024-07-26,2024,208,0.37726999999999999,0.38341
SH-EN-ALERCE,EN,2024-07-28,2024,210,0.37658999999999998,0.38341
SH-EN-ALERCE,EN,2024-07-29,2024,211,0.39001000000000002,0.38344
SH-EN-ALERCE,EN,2024-07-31,2024,213,0.38985999999999998,0.38353
SH-EN-ALERCE,EN,2024-08-01,2024,214,0.38385999999999998,0.38358
SH-EN-ALERCE,EN,2024-08-02,2024,215,0.37874999999999998,0.38363
SH-EN-ALERCE,EN,2024-08-03,2024,216,0.38424999999999998,0.38367
SH-EN-ALERCE,EN,2024-08-06,2024,219,0.37308999999999998,0.38374
SH-EN-ALERCE,EN,2024-08-09,2024,222,0.37557000000000001,0.38393
SH-EN-ALERCE,EN,2024-08-10,2024,223,0.38652999999999998,0.38402
SH-EN-ALERCE,EN,2024-08-11,2024,224,0.38901000000000002,0.38412
SH-EN-ALERCE,EN,2024-08-12,2024,225,0.38885999999999998,0.38422
SH-EN-ALERCE,EN,2024-08-13,2024,226,0.39145000000000002,0.38432
SH-EN-ALERCE,EN,2024-08-14,2024,227,0.3881,0.38442
SH-EN-ALERCE,EN,2024-08-15,2024,228,0.38651999999999997,0.38451
SH-EN-ALERCE,EN,2024-08-16,2024,229,0.38413999999999998,0.3846
SH-EN-ALERCE,EN,2024-08-17,2024,230,0.37897999999999998,0.38468
SH-EN-ALERCE,EN,2024-08-18,2024,231,0.38906000000000002,0.38475
SH-EN-ALERCE,EN,2024-08-19,2024,232,0.38757000000000003,0.38482
SH-EN-ALERCE,EN,2024-08-20,2024,233,0.37972,0.38489
SH-EN-ALERCE,EN,2024-08-21,2024,234,0.38335000000000002,0.38495
SH-EN-ALERCE,EN,2024-08-22,2024,235,0.38651000000000002,0.38501
SH-EN-ALERCE,EN,2024-08-23,2024,236,0.38673999999999997,0.38508
SH-EN-ALERCE,EN,2024-08-24,2024,237,0.38544,0.38514
SH-EN-ALERCE,EN,2024-08-25,2024,238,0.38645000000000002,0.3852
SH-EN-ALERCE,EN,2024-08-26,2024,239,0.38840999999999998,0.38526
SH-EN-ALERCE,EN,2024-08-27,2024,240,0.38196000000000002,0.38532
SH-EN-ALERCE,EN,2024-08-28,2024,241,0.37795000000000001,0.38538
SH-EN-ALERCE,EN,2024-08-29,2024,242,0.37905,0.38545
SH-EN-ALERCE,EN,2024-08-30,2024,243,0.38593,0.38551
SH-EN-ALERCE,EN,2024-08-31,2024,244,0.38946999999999998,0.38556
SH-EN-ALERCE,EN,2024-09-01,2024,245,0.38107999999999997,0.38562
SH-EN-ALERCE,EN,2024-09-02,2024,246,0.39139000000000002,0.38567
SH-EN-ALERCE,EN,2024-09-03,2024,247,0.38601000000000002,0.38573
SH-EN-ALERCE,EN,2024-09-04,2024,248,0.38725999999999999,0.38578
SH-EN-ALERCE,EN,2024-09-05,2024,249,0.38135000000000002,0.38583
SH-EN-ALERCE,EN,2024-09-06,2024,250,0.38762999999999997,0.38589
SH-EN-ALERCE,EN,2024-09-07,2024,251,0.38696000000000003,0.38594
SH-EN-ALERCE,EN,2024-09-08,2024,252,0.38747999999999999,0.386
SH-EN-ALERCE,EN,2024-09-09,2024,253,0.38614999999999999,0.38606
SH-EN-ALERCE,EN,2024-09-10,2024,254,0.38586999999999999,0.38611
SH-EN-ALERCE,EN,2024-09-11,2024,255,0.38690000000000002,0.38615
SH-EN-ALERCE,EN,2024-09-12,2024,256,0.38901000000000002,0.3862
SH-EN-ALERCE,EN,2024-09-13,2024,257,0.38699,0.38624
SH-EN-ALERCE,EN,2024-09-14,2024,258,0.38501000000000002,0.38628
SH-EN-ALERCE,EN,2024-09-15,2024,259,0.38048999999999999,0.38633
SH-EN-ALERCE,EN,2024-09-16,2024,260,0.38916000000000001,0.38638
SH-EN-ALERCE,EN,2024-09-17,2024,261,0.38805000000000001,0.38644
SH-EN-ALERCE,EN,2024-09-18,2024,262,0.39180999999999999,0.3865
SH-EN-ALERCE,EN,2024-09-19,2024,263,0.38345000000000001,0.38658
SH-EN-ALERCE,EN,2024-09-20,2024,264,0.38777,0.38666
SH-EN-ALERCE,EN,2024-09-21,2024,265,0.38708999999999999,0.38675
SH-EN-ALERCE,EN,2024-09-22,2024,266,0.38985999999999998,0.38683
SH-EN-ALERCE,EN,2024-09-23,2024,267,0.38651000000000002,0.38691
SH-EN-ALERCE,EN,2024-09-24,2024,268,0.38840000000000002,0.38699
SH-EN-ALERCE,EN,2024-09-25,2024,269,0.38230999999999998,0.38707
SH-EN-ALERCE,EN,2024-09-26,2024,270,0.3906,0.38716
SH-EN-ALERCE,EN,2024-09-27,2024,271,0.37892999999999999,0.38725
SH-EN-ALERCE,EN,2024-09-28,2024,272,0.38917000000000002,0.38735
SH-EN-ALERCE,EN,2024-09-29,2024,273,0.38679999999999998,0.38746
SH-EN-ALERCE,EN,2024-09-30,2024,274,0.39016000000000001,0.38758
SH-EN-ALERCE,EN,2024-10-01,2024,275,0.38763999999999998,0.38772
SH-EN-ALERCE,EN,2024-10-02,2024,276,0.38940000000000002,0.38787
SH-EN-ALERCE,EN,2024-10-04,2024,278,0.39189000000000002,0.3882
SH-EN-ALERCE,EN,2024-10-05,2024,279,0.38189000000000001,0.38838
SH-EN-ALERCE,EN,2024-10-06,2024,280,0.38690999999999998,0.38857
SH-EN-ALERCE,EN,2024-10-07,2024,281,0.3821,0.38876
SH-EN-ALERCE,EN,2024-10-08,2024,282,0.38346000000000002,0.38896
SH-EN-ALERCE,EN,2024-10-09,2024,283,0.38379999999999997,0.38917
SH-EN-ALERCE,EN,2024-10-10,2024,284,0.39334999999999998,0.38937
SH-EN-ALERCE,EN,2024-10-11,2024,285,0.39340000000000003,0.38958
SH-EN-ALERCE,EN,2024-10-12,2024,286,0.39289000000000002,0.3898
SH-EN-ALERCE,EN,2024-10-13,2024,287,0.39307999999999998,0.39002
SH-EN-ALERCE,EN,2024-10-14,2024,288,0.39395999999999998,0.39028
SH-EN-ALERCE,EN,2024-10-15,2024,289,0.39340999999999998,0.39056
SH-EN-ALERCE,EN,2024-10-16,2024,290,0.38945999999999997,0.39086
SH-EN-ALERCE,EN,2024-10-17,2024,291,0.39380999999999999,0.39117
SH-EN-ALERCE,EN,2024-10-18,2024,292,0.39112999999999998,0.39148
SH-EN-ALERCE,EN,2024-10-19,2024,293,0.39108999999999999,0.3918
SH-EN-ALERCE,EN,2024-10-20,2024,294,0.39545999999999998,0.39211
SH-EN-ALERCE,EN,2024-10-21,2024,295,0.39892,0.39241
SH-EN-ALERCE,EN,2024-10-22,2024,296,0.38761000000000001,0.39269
SH-EN-ALERCE,EN,2024-10-23,2024,297,0.39352999999999999,0.39295
SH-EN-ALERCE,EN,2024-10-24,2024,298,0.39613999999999999,0.3932
SH-EN-ALERCE,EN,2024-10-25,2024,299,0.39416000000000001,0.39346
SH-EN-ALERCE,EN,2024-10-26,2024,300,0.38757000000000003,0.39373
SH-EN-ALERCE,EN,2024-10-27,2024,301,0.38843,0.394
SH-EN-ALERCE,EN,2024-10-28,2024,302,0.38763999999999998,0.39427
SH-EN-ALERCE,EN,2024-10-29,2024,303,0.38956000000000002,0.39453
SH-EN-ALERCE,EN,2024-10-30,2024,304,0.39652999999999999,0.39479
SH-EN-ALERCE,EN,2024-10-31,2024,305,0.39257999999999998,0.39504
SH-EN-ALERCE,EN,2024-11-01,2024,306,0.39568999999999999,0.39528
SH-EN-ALERCE,EN,2024-11-02,2024,307,0.39705000000000001,0.3955
SH-EN-ALERCE,EN,2024-11-03,2024,308,0.39357999999999999,0.3957
SH-EN-ALERCE,EN,2024-11-04,2024,309,0.39838000000000001,0.39589
SH-EN-ALERCE,EN,2024-11-05,2024,310,0.40093000000000001,0.39606
SH-EN-ALERCE,EN,2024-11-06,2024,311,0.39799000000000001,0.39623
SH-EN-ALERCE,EN,2024-11-07,2024,312,0.40011000000000002,0.3964
SH-EN-ALERCE,EN,2024-11-08,2024,313,0.39918999999999999,0.39656
SH-EN-ALERCE,EN,2024-11-09,2024,314,0.39818999999999999,0.39672
SH-EN-ALERCE,EN,2024-11-10,2024,315,0.39784999999999998,0.39687
SH-EN-ALERCE,EN,2024-11-11,2024,316,0.39480999999999999,0.39702
SH-EN-ALERCE,EN,2024-11-12,2024,317,0.39856999999999998,0.39715
SH-EN-ALERCE,EN,2024-11-13,2024,318,0.39934999999999998,0.39728
SH-EN-ALERCE,EN,2024-11-14,2024,319,0.40165000000000001,0.3974
SH-EN-ALERCE,EN,2024-11-15,2024,320,0.39895000000000003,0.39751
SH-EN-ALERCE,EN,2024-11-16,2024,321,0.39643,0.39759
SH-EN-ALERCE,EN,2024-11-17,2024,322,0.39193,0.39763
SH-EN-ALERCE,EN,2024-11-18,2024,323,0.39051999999999998,0.39765
SH-EN-ALERCE,EN,2024-11-19,2024,324,0.39922000000000002,0.39764
SH-EN-ALERCE,EN,2024-11-20,2024,325,0.40031,0.39762
SH-EN-ALERCE,EN,2024-11-21,2024,326,0.39154,0.39758
SH-EN-ALERCE,EN,2024-11-22,2024,327,0.39872000000000002,0.39755
SH-EN-ALERCE,EN,2024-11-23,2024,328,0.40059,0.39752
SH-EN-ALERCE,EN,2024-11-24,2024,329,0.40161999999999998,0.3975
SH-EN-ALERCE,EN,2024-11-25,2024,330,0.39943000000000001,0.3975
SH-EN-ALERCE,EN,2024-11-26,2024,331,0.39789000000000002,0.39752
SH-EN-ALERCE,EN,2024-11-27,2024,332,0.39593,0.39757
SH-EN-ALERCE,EN,2024-11-28,2024,333,0.39674999999999999,0.39765
SH-EN-ALERCE,EN,2024-11-29,2024,334,0.39129000000000003,0.39772
SH-EN-ALERCE,EN,2024-11-30,2024,335,0.39983999999999997,0.39779
SH-EN-ALERCE,EN,2024-12-01,2024,336,0.40024999999999999,0.39786
SH-EN-ALERCE,EN,2024-12-02,2024,337,0.39657999999999999,0.39793
SH-EN-ALERCE,EN,2024-12-03,2024,338,0.39155000000000001,0.39801
SH-EN-ALERCE,EN,2024-12-04,2024,339,0.40218999999999999,0.3981
SH-EN-ALERCE,EN,2024-12-05,2024,340,0.40126000000000001,0.3982
SH-EN-ALERCE,EN,2024-12-06,2024,341,0.39757999999999999,0.3983
SH-EN-ALERCE,EN,2024-12-07,2024,342,0.39013999999999999,0.39842
SH-EN-ALERCE,EN,2024-12-08,2024,343,0.39981,0.39855
SH-EN-ALERCE,EN,2024-12-09,2024,344,0.40085999999999999,0.39869
SH-EN-ALERCE,EN,2024-12-10,2024,345,0.39781,0.39886
SH-EN-ALERCE,EN,2024-12-12,2024,347,0.39829999999999999,0.39924
SH-EN-ALERCE,EN,2024-12-13,2024,348,0.40436,0.39945
SH-EN-ALERCE,EN,2024-12-17,2024,352,0.40064,0.40031
SH-EN-ALERCE,EN,2024-12-18,2024,353,0.40104000000000001,0.40052
SH-EN-ALERCE,EN,2024-12-19,2024,354,0.40129999999999999,0.40073
SH-EN-ALERCE,EN,2024-12-20,2024,355,0.40340999999999999,0.40092
SH-EN-ALERCE,EN,2024-12-21,2024,356,0.40023999999999998,0.40112
SH-EN-ALERCE,EN,2024-12-22,2024,357,0.40077000000000002,0.40135
SH-EN-ALERCE,EN,2024-12-23,2024,358,0.40560000000000002,0.4016
SH-EN-ALERCE,EN,2024-12-24,2024,359,0.39402999999999999,0.40187
SH-EN-ALERCE,EN,2024-12-25,2024,360,0.39699000000000001,0.40214
SH-EN-ALERCE,EN,2024-12-26,2024,361,0.39746999999999999,0.40241
SH-EN-ALERCE,EN,2024-12-27,2024,362,0.40941,0.40267
SH-EN-ALERCE,EN,2024-12-28,2024,363,0.40501999999999999,0.40292
SH-EN-ALERCE,EN,2024-12-29,2024,364,0.40471000000000001,0.40315
SH-EN-ALERCE,EN,2024-12-30,2024,365,0.40439999999999998,0.40336
SH-EN-ALERCE,EN,2024-12-31,2024,366,0.40770000000000001,0.40353
SH-EN-ALERCE,EN,2025-01-01,2025,1,0.40509000000000001,0.40368
SH-EN-ALERCE,EN,2025-01-02,2025,2,0.39848,0.40383
SH-EN-ALERCE,EN,2025-01-03,2025,3,0.39999000000000001,0.40398
SH-EN-ALERCE,EN,2025-01-04,2025,4,0.40282000000000001,0.40412
SH-EN-ALERCE,EN,2025-01-05,2025,5,0.40068999999999999,0.40426
SH-EN-ALERCE,EN,2025-01-06,2025,6,0.40555000000000002,0.40439
SH-EN-ALERCE,EN,2025-01-07,2025,7,0.40971000000000002,0.40451
SH-EN-ALERCE,EN,2025-01-08,2025,8,0.40672999999999998,0.40462
SH-EN-ALERCE,EN,2025-01-09,2025,9,0.39964,0.40472
SH-EN-ALERCE,EN,2025-01-10,2025,10,0.40860999999999997,0.4048
SH-EN-ALERCE,EN,2025-01-11,2025,11,0.40477999999999997,0.40488
SH-EN-ALERCE,EN,2025-01-12,2025,12,0.40106999999999998,0.40493
SH-EN-ALERCE,EN,2025-01-13,2025,13,0.41015000000000001,0.40497
SH-EN-ALERCE,EN,2025-01-14,2025,14,0.40722000000000003,0.40498
SH-EN-ALERCE,EN,2025-01-15,2025,15,0.40917999999999999,0.40498
SH-EN-ALERCE,EN,2025-01-16,2025,16,0.40262999999999999,0.40497
SH-EN-ALERCE,EN,2025-01-17,2025,17,0.40925,0.40494
SH-EN-ALERCE,EN,2025-01-18,2025,18,0.39901999999999999,0.4049
SH-EN-ALERCE,EN,2025-01-19,2025,19,0.40477999999999997,0.40486
SH-EN-ALERCE,EN,2025-01-20,2025,20,0.40849999999999997,0.40481
SH-EN-ALERCE,EN,2025-01-21,2025,21,0.40794000000000002,0.40476
SH-EN-ALERCE,EN,2025-01-22,2025,22,0.40395999999999999,0.40471
SH-EN-ALERCE,EN,2025-01-23,2025,23,0.40832000000000002,0.40467
SH-EN-ALERCE,EN,2025-01-24,2025,24,0.40577000000000002,0.40461
SH-EN-ALERCE,EN,2025-01-25,2025,25,0.39850999999999998,0.40451
SH-EN-ALERCE,EN,2025-01-26,2025,26,0.40339000000000003,0.40438
SH-EN-ALERCE,EN,2025-01-27,2025,27,0.40384999999999999,0.40424
SH-EN-ALERCE,EN,2025-01-28,2025,28,0.39855000000000002,0.40408
SH-EN-ALERCE,EN,2025-01-29,2025,29,0.39904000000000001,0.40391
SH-EN-ALERCE,EN,2025-01-30,2025,30,0.39855000000000002,0.40374
SH-EN-ALERCE,EN,2025-01-31,2025,31,0.40592,0.40357
SH-EN-ALERCE,EN,2025-02-01,2025,32,0.39856999999999998,0.40342
SH-EN-ALERCE,EN,2025-02-02,2025,33,0.40694000000000002,0.40329
SH-EN-ALERCE,EN,2025-02-03,2025,34,0.40671000000000002,0.40318
SH-EN-ALERCE,EN,2025-02-04,2025,35,0.40810000000000002,0.40311
SH-EN-ALERCE,EN,2025-02-06,2025,37,0.40927999999999998,0.40302
SH-EN-ALERCE,EN,2025-02-07,2025,38,0.39839000000000002,0.40299
SH-EN-ALERCE,EN,2025-02-08,2025,39,0.40597,0.40297
SH-EN-ALERCE,EN,2025-02-09,2025,40,0.39953,0.40295
SH-EN-ALERCE,EN,2025-02-10,2025,41,0.40625,0.40294
SH-EN-ALERCE,EN,2025-02-11,2025,42,0.40784999999999999,0.40294
SH-EN-ALERCE,EN,2025-02-12,2025,43,0.40309,0.40294
SH-EN-ALERCE,EN,2025-02-13,2025,44,0.3997,0.40295
SH-EN-ALERCE,EN,2025-02-14,2025,45,0.40344999999999998,0.40295
SH-EN-ALERCE,EN,2025-02-17,2025,48,0.39709,0.40303
SH-EN-ALERCE,EN,2025-02-18,2025,49,0.40199000000000001,0.4031
SH-EN-ALERCE,EN,2025-02-19,2025,50,0.39728000000000002,0.40318
SH-EN-ALERCE,EN,2025-02-20,2025,51,0.40587000000000001,0.40327
SH-EN-ALERCE,EN,2025-02-21,2025,52,0.40055000000000002,0.40336
SH-EN-ALERCE,EN,2025-02-22,2025,53,0.39080999999999999,0.40345
SH-EN-ALERCE,EN,2025-02-23,2025,54,0.40728999999999999,0.40354
SH-EN-ALERCE,EN,2025-02-24,2025,55,0.40998000000000001,0.40362
SH-EN-ALERCE,EN,2025-02-25,2025,56,0.40516999999999997,0.40368
SH-EN-ALERCE,EN,2025-02-26,2025,57,0.40498000000000001,0.40372
SH-EN-ALERCE,EN,2025-02-27,2025,58,0.40682000000000001,0.40373
SH-EN-ALERCE,EN,2025-02-28,2025,59,0.40700999999999998,0.40374
SH-EN-ALERCE,EN,2025-03-01,2025,60,0.40528999999999998,0.40377
SH-EN-ALERCE,EN,2025-03-02,2025,61,0.39346999999999999,0.4038
SH-EN-ALERCE,EN,2025-03-03,2025,62,0.40876000000000001,0.40384
SH-EN-ALERCE,EN,2025-03-04,2025,63,0.40182000000000001,0.40388
SH-EN-ALERCE,EN,2025-03-05,2025,64,0.40661000000000003,0.40391
SH-EN-ALERCE,EN,2025-03-06,2025,65,0.40788999999999997,0.40394
SH-EN-ALERCE,EN,2025-03-07,2025,66,0.41116999999999998,0.40396
SH-EN-ALERCE,EN,2025-03-08,2025,67,0.40405000000000002,0.40396
SH-EN-ALERCE,EN,2025-03-09,2025,68,0.39676,0.40394
SH-EN-ALERCE,EN,2025-03-10,2025,69,0.41167999999999999,0.4039
SH-EN-ALERCE,EN,2025-03-11,2025,70,0.3982,0.4038
SH-EN-ALERCE,EN,2025-03-12,2025,71,0.39850999999999998,0.40366
SH-EN-ALERCE,EN,2025-03-13,2025,72,0.39949000000000001,0.40346
SH-EN-ALERCE,EN,2025-03-14,2025,73,0.40589999999999998,0.40324
SH-EN-ALERCE,EN,2025-03-15,2025,74,0.40914,0.40299
SH-EN-ALERCE,EN,2025-03-16,2025,75,0.40127000000000002,0.40273
SH-EN-ALERCE,EN,2025-03-17,2025,76,0.40921999999999997,0.40248
SH-EN-ALERCE,EN,2025-03-18,2025,77,0.39689000000000002,0.40223
SH-EN-ALERCE,EN,2025-03-19,2025,78,0.40511999999999998,0.40201
SH-EN-ALERCE,EN,2025-03-20,2025,79,0.41122999999999998,0.40183
SH-EN-ALERCE,EN,2025-03-21,2025,80,0.40642,0.40169
SH-EN-ALERCE,EN,2025-03-22,2025,81,0.39783000000000002,0.40161
SH-EN-ALERCE,EN,2025-03-23,2025,82,0.39551999999999998,0.40158
SH-EN-ALERCE,EN,2025-03-24,2025,83,0.39624999999999999,0.40156
SH-EN-ALERCE,EN,2025-03-25,2025,84,0.39566000000000001,0.40156
SH-EN-ALERCE,EN,2025-03-27,2025,86,0.39899000000000001,0.40161
SH-EN-ALERCE,EN,2025-03-28,2025,87,0.40508,0.40165
SH-EN-ALERCE,EN,2025-03-29,2025,88,0.39678000000000002,0.40169
SH-EN-ALERCE,EN,2025-03-30,2025,89,0.41031000000000001,0.40174
SH-EN-ALERCE,EN,2025-03-31,2025,90,0.40701999999999999,0.40178
SH-EN-ALERCE,EN,2025-04-01,2025,91,0.39866000000000001,0.40183
SH-EN-ALERCE,EN,2025-04-02,2025,92,0.39278000000000002,0.40187
SH-EN-ALERCE,EN,2025-04-03,2025,93,0.39365,0.40193
SH-EN-ALERCE,EN,2025-04-05,2025,95,0.39704,0.40219
SH-EN-ALERCE,EN,2025-04-06,2025,96,0.39646999999999999,0.40236
SH-EN-ALERCE,EN,2025-04-07,2025,97,0.40558,0.40255
SH-EN-ALERCE,EN,2025-04-08,2025,98,0.40539999999999998,0.40274
SH-EN-ALERCE,EN,2025-04-09,2025,99,0.40289000000000003,0.40292
SH-EN-ALERCE,EN,2025-04-10,2025,100,0.40450999999999998,0.40309
SH-EN-ALERCE,EN,2025-04-11,2025,101,0.40667999999999999,0.40323
SH-EN-ALERCE,EN,2025-04-12,2025,102,0.40598000000000001,0.40333
SH-EN-ALERCE,EN,2025-04-13,2025,103,0.40869,0.40338
SH-EN-ALERCE,EN,2025-04-14,2025,104,0.40751999999999999,0.40341
SH-EN-ALERCE,EN,2025-04-15,2025,105,0.40728999999999999,0.40343
SH-EN-ALERCE,EN,2025-04-16,2025,106,0.40569,0.40345
SH-EN-ALERCE,EN,2025-04-17,2025,107,0.40361999999999998,0.40346
SH-EN-ALERCE,EN,2025-04-20,2025,110,0.40504000000000001,0.40346
SH-EN-ALERCE,EN,2025-04-21,2025,111,0.40740999999999999,0.40344
SH-EN-ALERCE,EN,2025-04-22,2025,112,0.40051999999999999,0.40341
SH-EN-ALERCE,EN,2025-04-23,2025,113,0.40571000000000002,0.40337
SH-EN-ALERCE,EN,2025-04-25,2025,115,0.40183999999999997,0.40322
SH-EN-ALERCE,EN,2025-04-26,2025,116,0.40134999999999998,0.40308
SH-EN-ALERCE,EN,2025-04-27,2025,117,0.40639999999999998,0.4029
SH-EN-ALERCE,EN,2025-04-28,2025,118,0.39373999999999998,0.40268
SH-EN-ALERCE,EN,2025-04-29,2025,119,0.40539999999999998,0.40244
SH-EN-ALERCE,EN,2025-04-30,2025,120,0.39510000000000001,0.4022
SH-EN-ALERCE,EN,2025-05-01,2025,121,0.39695999999999998,0.40194
SH-EN-ALERCE,EN,2025-05-02,2025,122,0.40421000000000001,0.4017
SH-EN-ALERCE,EN,2025-05-03,2025,123,0.40916000000000002,0.40147
SH-EN-ALERCE,EN,2025-05-04,2025,124,0.39618999999999999,0.40126
SH-EN-ALERCE,EN,2025-05-05,2025,125,0.40459000000000001,0.40109
SH-EN-ALERCE,EN,2025-05-06,2025,126,0.40345999999999999,0.40097
SH-EN-ALERCE,EN,2025-05-07,2025,127,0.39700000000000002,0.40087
SH-EN-ALERCE,EN,2025-05-09,2025,129,0.39151999999999998,0.40072
SH-EN-ALERCE,EN,2025-05-10,2025,130,0.40747,0.40066
SH-EN-ALERCE,EN,2025-05-11,2025,131,0.39828999999999998,0.40061
SH-EN-ALERCE,EN,2025-05-12,2025,132,0.40662999999999999,0.40056
SH-EN-ALERCE,EN,2025-05-13,2025,133,0.40372999999999998,0.40052
SH-EN-ALERCE,EN,2025-05-14,2025,134,0.39816000000000001,0.40049
SH-EN-ALERCE,EN,2025-05-15,2025,135,0.39351000000000003,0.40045
SH-EN-ALERCE,EN,2025-05-17,2025,137,0.39831,0.40039
SH-EN-ALERCE,EN,2025-05-18,2025,138,0.40326000000000001,0.40037
SH-EN-ALERCE,EN,2025-05-19,2025,139,0.40095999999999998,0.40034
SH-EN-ALERCE,EN,2025-05-20,2025,140,0.40361000000000002,0.40031
SH-EN-ALERCE,EN,2025-05-21,2025,141,0.39606999999999998,0.40028
SH-EN-ALERCE,EN,2025-05-22,2025,142,0.40342,0.40024
SH-EN-ALERCE,EN,2025-05-23,2025,143,0.40386,0.4002
SH-EN-ALERCE,EN,2025-05-24,2025,144,0.39785999999999999,0.40014
SH-EN-ALERCE,EN,2025-05-25,2025,145,0.40566000000000002,0.40006
SH-EN-ALERCE,EN,2025-05-26,2025,146,0.40200999999999998,0.39997
SH-EN-ALERCE,EN,2025-05-27,2025,147,0.40432000000000001,0.39986
SH-EN-ALERCE,EN,2025-05-28,2025,148,0.39063999999999999,0.39972
SH-EN-ALERCE,EN,2025-05-29,2025,149,0.39872000000000002,0.39956
SH-EN-ALERCE,EN,2025-07-03,2025,184,0.39726,0.39147
SH-EN-ALERCE,EN,2025-07-04,2025,185,0.38664999999999999,0.39143
SH-EN-ALERCE,EN,2025-07-05,2025,186,0.39755000000000001,0.39141
SH-EN-ALERCE,EN,2025-07-06,2025,187,0.3926,0.3914
SH-EN-ALERCE,EN,2025-07-07,2025,188,0.37975999999999999,0.3914
SH-EN-ALERCE,EN,2025-07-08,2025,189,0.39867000000000002,0.39141
SH-EN-ALERCE,EN,2025-07-09,2025,190,0.38723000000000002,0.39144
SH-EN-ALERCE,EN,2025-07-10,2025,191,0.38371,0.39148
SH-EN-ALERCE,EN,2025-07-11,2025,192,0.39857999999999999,0.39153
SH-EN-ALERCE,EN,2025-07-12,2025,193,0.38588,0.39158
SH-EN-ALERCE,EN,2025-07-13,2025,194,0.38561000000000001,0.39165
SH-EN-ALERCE,EN,2025-07-15,2025,196,0.39463999999999999,0.39184
SH-EN-ALERCE,EN,2025-07-16,2025,197,0.39412000000000003,0.39196
SH-EN-ALERCE,EN,2025-07-17,2025,198,0.39860000000000001,0.39209
SH-EN-ALERCE,EN,2025-07-19,2025,200,0.39359,0.39236
SH-EN-ALERCE,EN,2025-07-20,2025,201,0.39818999999999999,0.3925
SH-EN-ALERCE,EN,2025-07-21,2025,202,0.3952,0.39263
SH-EN-ALERCE,EN,2025-07-22,2025,203,0.38241999999999998,0.39275
SH-EN-ALERCE,EN,2025-07-23,2025,204,0.39776,0.39285
SH-EN-ALERCE,EN,2025-07-25,2025,206,0.38384000000000001,0.393
SH-EN-ALERCE,EN,2025-07-26,2025,207,0.39687,0.39305
SH-EN-ALERCE,EN,2025-07-28,2025,209,0.39178000000000002,0.39312
SH-EN-ALERCE,EN,2025-07-29,2025,210,0.37739,0.39314
SH-EN-ALERCE,EN,2025-07-30,2025,211,0.38977000000000001,0.39315
SH-EN-ALERCE,EN,2025-07-31,2025,212,0.40228000000000003,0.39317
SH-EN-ALERCE,EN,2025-08-01,2025,213,0.40207999999999999,0.39318
SH-EN-ALERCE,EN,2025-08-02,2025,214,0.39799000000000001,0.39319
SH-EN-ALERCE,EN,2025-08-03,2025,215,0.39502999999999999,0.39321
SH-EN-ALERCE,EN,2025-08-04,2025,216,0.40128999999999998,0.39323
SH-EN-ALERCE,EN,2025-08-05,2025,217,0.39591999999999999,0.39326
SH-EN-ALERCE,EN,2025-08-06,2025,218,0.3957,0.39329
SH-EN-ALERCE,EN,2025-08-07,2025,219,0.38596000000000003,0.39331
SH-EN-ALERCE,EN,2025-08-08,2025,220,0.38521,0.39332
SH-EN-ALERCE,EN,2025-08-09,2025,221,0.39650000000000002,0.39333
SH-EN-ALERCE,EN,2025-08-11,2025,223,0.38218999999999997,0.39333
SH-EN-ALERCE,EN,2025-08-12,2025,224,0.40112999999999999,0.39332
SH-EN-ALERCE,EN,2025-08-13,2025,225,0.38603999999999999,0.39332
SH-EN-ALERCE,EN,2025-08-14,2025,226,0.39245999999999998,0.39333
SH-EN-ALERCE,EN,2025-08-15,2025,227,0.39576,0.39334
SH-EN-ALERCE,EN,2025-08-16,2025,228,0.39543,0.39336
SH-EN-ALERCE,EN,2025-08-17,2025,229,0.40017000000000003,0.39337
SH-EN-ALERCE,EN,2025-08-21,2025,233,0.38619999999999999,0.39327
SH-EN-ALERCE,EN,2025-08-22,2025,234,0.3876,0.39323
SH-EN-ALERCE,EN,2025-08-23,2025,235,0.39541999999999999,0.3932
SH-EN-ALERCE,EN,2025-08-24,2025,236,0.3952,0.39318
SH-EN-ALERCE,EN,2025-08-25,2025,237,0.39744000000000002,0.39317
SH-EN-ALERCE,EN,2025-08-26,2025,238,0.38646999999999998,0.39318
SH-EN-ALERCE,EN,2025-08-27,2025,239,0.39792,0.39322
SH-EN-ALERCE,EN,2025-08-28,2025,240,0.39518999999999999,0.39329
SH-EN-ALERCE,EN,2025-08-29,2025,241,0.39326,0.39339
SH-EN-ALERCE,EN,2025-08-30,2025,242,0.39903,0.39352
SH-EN-ALERCE,EN,2025-08-31,2025,243,0.39717999999999998,0.39367
SH-EN-ALERCE,EN,2025-09-01,2025,244,0.39660000000000001,0.39384
SH-EN-ALERCE,EN,2025-09-02,2025,245,0.39406999999999998,0.39403
SH-EN-ALERCE,EN,2025-09-03,2025,246,0.39788000000000001,0.39422
SH-EN-ALERCE,EN,2025-09-04,2025,247,0.38766,0.39442
SH-EN-ALERCE,EN,2025-09-05,2025,248,0.38605,0.39461
SH-EN-ALERCE,EN,2025-09-06,2025,249,0.38699,0.39479
SH-EN-ALERCE,EN,2025-09-07,2025,250,0.39239000000000002,0.39496
SH-EN-ALERCE,EN,2025-09-08,2025,251,0.39613999999999999,0.39512
SH-EN-ALERCE,EN,2025-09-09,2025,252,0.39684000000000003,0.39528
SH-EN-ALERCE,EN,2025-09-10,2025,253,0.39676,0.39546
SH-EN-ALERCE,EN,2025-09-11,2025,254,0.39533000000000001,0.39567
SH-EN-ALERCE,EN,2025-09-12,2025,255,0.39762999999999998,0.39589
SH-EN-ALERCE,EN,2025-09-13,2025,256,0.39778999999999998,0.39613
SH-EN-ALERCE,EN,2025-09-14,2025,257,0.39232,0.39636
SH-EN-ALERCE,EN,2025-09-16,2025,259,0.39840999999999999,0.39681
SH-EN-ALERCE,EN,2025-09-17,2025,260,0.39516000000000001,0.39702
SH-EN-ALERCE,EN,2025-09-18,2025,261,0.39779999999999999,0.3972
SH-EN-ALERCE,EN,2025-09-19,2025,262,0.39090999999999998,0.39735
SH-EN-ALERCE,EN,2025-09-20,2025,263,0.40492,0.39746
SH-EN-ALERCE,EN,2025-09-21,2025,264,0.4012,0.39756
SH-EN-ALERCE,EN,2025-09-22,2025,265,0.39950000000000002,0.39764
SH-EN-ALERCE,EN,2025-09-23,2025,266,0.39943000000000001,0.39771
SH-EN-ALERCE,EN,2025-09-24,2025,267,0.39883000000000002,0.39778
SH-EN-ALERCE,EN,2025-09-25,2025,268,0.39710000000000001,0.39784
SH-EN-ALERCE,EN,2025-09-26,2025,269,0.39905000000000002,0.39789
SH-EN-ALERCE,EN,2025-09-27,2025,270,0.39883000000000002,0.39793
SH-EN-ALERCE,EN,2025-09-28,2025,271,0.39977000000000001,0.39797
SH-EN-ALERCE,EN,2025-09-29,2025,272,0.39872000000000002,0.39799
SH-EN-ALERCE,EN,2025-09-30,2025,273,0.39867999999999998,0.39801
SH-EN-ALERCE,EN,2025-10-01,2025,274,0.39955000000000002,0.39801
SH-EN-ALERCE,EN,2025-10-02,2025,275,0.39978000000000002,0.39798
SH-EN-ALERCE,EN,2025-10-03,2025,276,0.39082,0.3979
SH-EN-ALERCE,EN,2025-10-04,2025,277,0.39909,0.39777
SH-EN-ALERCE,EN,2025-10-05,2025,278,0.39846999999999999,0.39761
SH-EN-ALERCE,EN,2025-10-06,2025,279,0.39490999999999998,0.39743
SH-EN-ALERCE,EN,2025-10-07,2025,280,0.39948,0.39725
SH-EN-ALERCE,EN,2025-10-08,2025,281,0.39576,0.39707
SH-EN-ALERCE,EN,2025-10-09,2025,282,0.39251999999999998,0.3969
SH-EN-ALERCE,EN,2025-10-10,2025,283,0.39627000000000001,0.39677
SH-EN-ALERCE,EN,2025-10-11,2025,284,0.40107999999999999,0.39667
SH-EN-ALERCE,EN,2025-10-12,2025,285,0.39689999999999998,0.39663
SH-EN-ALERCE,EN,2025-10-13,2025,286,0.40195999999999998,0.39661
SH-EN-ALERCE,EN,2025-10-14,2025,287,0.39182,0.39661
SH-EN-ALERCE,EN,2025-10-15,2025,288,0.39628999999999998,0.39661
SH-EN-ALERCE,EN,2025-10-16,2025,289,0.39996999999999999,0.39661
SH-EN-ALERCE,EN,2025-10-17,2025,290,0.39019999999999999,0.39662
SH-EN-ALERCE,EN,2025-10-18,2025,291,0.39656000000000002,0.39664
SH-EN-ALERCE,EN,2025-10-19,2025,292,0.39088000000000001,0.39667
SH-EN-ALERCE,EN,2025-10-23,2025,296,0.3997,0.39688
SH-EN-ALERCE,EN,2025-10-24,2025,297,0.39778000000000002,0.39696
SH-EN-ALERCE,EN,2025-10-25,2025,298,0.39894000000000002,0.39707
SH-EN-ALERCE,EN,2025-10-26,2025,299,0.39806000000000002,0.3972
SH-EN-ALERCE,EN,2025-10-27,2025,300,0.39050000000000001,0.39734
SH-EN-ALERCE,EN,2025-10-28,2025,301,0.39027000000000001,0.3975
SH-EN-ALERCE,EN,2025-10-29,2025,302,0.40078000000000003,0.39766
SH-EN-ALERCE,EN,2025-10-30,2025,303,0.40083000000000002,0.39783
SH-EN-ALERCE,EN,2025-10-31,2025,304,0.40200999999999998,0.398
SH-EN-ALERCE,EN,2025-11-01,2025,305,0.39911000000000002,0.39817
SH-EN-ALERCE,EN,2025-11-02,2025,306,0.39828000000000002,0.39833
SH-EN-ALERCE,EN,2025-11-03,2025,307,0.40012999999999999,0.39848
SH-EN-ALERCE,EN,2025-11-04,2025,308,0.39781,0.39862
SH-EN-ALERCE,EN,2025-11-05,2025,309,0.39724999999999999,0.39875
SH-EN-ALERCE,EN,2025-11-06,2025,310,0.39850000000000002,0.39888
SH-EN-ALERCE,EN,2025-11-07,2025,311,0.40123999999999999,0.399
SH-EN-ALERCE,EN,2025-11-08,2025,312,0.39546999999999999,0.39911
SH-EN-ALERCE,EN,2025-11-09,2025,313,0.40440999999999999,0.39923
SH-EN-ALERCE,EN,2025-11-10,2025,314,0.40227000000000002,0.39936
SH-EN-ALERCE,EN,2025-11-11,2025,315,0.40454000000000001,0.39948
SH-EN-ALERCE,EN,2025-11-12,2025,316,0.40350999999999998,0.39962
SH-EN-ALERCE,EN,2025-11-13,2025,317,0.40078000000000003,0.39976
SH-EN-ALERCE,EN,2025-11-14,2025,318,0.39229000000000003,0.39991
SH-EN-ALERCE,EN,2025-11-15,2025,319,0.40304000000000001,0.40008
SH-EN-ALERCE,EN,2025-11-16,2025,320,0.39328999999999997,0.40026
SH-EN-ALERCE,EN,2025-11-17,2025,321,0.39850000000000002,0.40044
SH-EN-ALERCE,EN,2025-11-18,2025,322,0.40253,0.40064
SH-EN-ALERCE,EN,2025-11-19,2025,323,0.40227000000000002,0.40083
SH-EN-ALERCE,EN,2025-11-20,2025,324,0.40383999999999998,0.40104
SH-EN-ALERCE,EN,2025-11-21,2025,325,0.40431,0.40124
SH-EN-ALERCE,EN,2025-11-22,2025,326,0.39321,0.40145
SH-EN-ALERCE,EN,2025-11-23,2025,327,0.39428000000000002,0.40167
SH-EN-ALERCE,EN,2025-11-24,2025,328,0.39506999999999998,0.40189
SH-EN-ALERCE,EN,2025-11-25,2025,329,0.39695999999999998,0.4021
SH-EN-ALERCE,EN,2025-11-26,2025,330,0.40917999999999999,0.40232
SH-EN-ALERCE,EN,2025-11-27,2025,331,0.40816999999999998,0.40254
SH-EN-ALERCE,EN,2025-11-28,2025,332,0.40553,0.40279
SH-EN-ALERCE,EN,2025-11-29,2025,333,0.40600999999999998,0.40309
SH-EN-ALERCE,EN,2025-11-30,2025,334,0.40686,0.40342
SH-EN-ALERCE,EN,2025-12-01,2025,335,0.40706999999999999,0.40378
SH-EN-ALERCE,EN,2025-12-02,2025,336,0.39326,0.40416
SH-EN-ALERCE,EN,2025-12-03,2025,337,0.40166000000000002,0.40453
SH-EN-ALERCE,EN,2025-12-04,2025,338,0.40471000000000001,0.40489
SH-EN-ALERCE,EN,2025-12-05,2025,339,0.40953000000000001,0.40523
SH-EN-ALERCE,EN,2025-12-06,2025,340,0.39726,0.40553
SH-EN-ALERCE,EN,2025-12-07,2025,341,0.39779999999999999,0.40578
SH-EN-ALERCE,EN,2025-12-08,2025,342,0.41154000000000002,0.40598
SH-EN-ALERCE,EN,2025-12-09,2025,343,0.41032000000000002,0.40613
SH-EN-ALERCE,EN,2025-12-10,2025,344,0.40858,0.40626
SH-EN-ALERCE,EN,2025-12-11,2025,345,0.40849000000000002,0.40637
SH-EN-ALERCE,EN,2025-12-12,2025,346,0.41012999999999999,0.40646
SH-EN-ALERCE,EN,2025-12-13,2025,347,0.40806999999999999,0.40654
SH-EN-ALERCE,EN,2025-12-14,2025,348,0.40866000000000002,0.40661
SH-EN-ALERCE,EN,2025-12-15,2025,349,0.41093000000000002,0.40666
SH-EN-ALERCE,EN,2025-12-16,2025,350,0.40870000000000001,0.40671
SH-EN-ALERCE,EN,2025-12-18,2025,352,0.40798000000000001,0.40678
SH-EN-ALERCE,EN,2025-12-19,2025,353,0.40811999999999998,0.40682
SH-EN-ALERCE,EN,2025-12-20,2025,354,0.39871000000000001,0.40685
SH-EN-ALERCE,EN,2025-12-21,2025,355,0.40899999999999997,0.40686
SH-EN-ALERCE,EN,2025-12-22,2025,356,0.40926000000000001,0.40683
SH-EN-ALERCE,EN,2025-12-23,2025,357,0.40722999999999998,0.40676
SH-EN-ALERCE,EN,2025-12-24,2025,358,0.40717999999999999,0.40667
SH-EN-ALERCE,EN,2025-12-25,2025,359,0.40808,0.40655
SH-EN-ALERCE,EN,2025-12-26,2025,360,0.40870000000000001,0.40643
SH-EN-ALERCE,EN,2025-12-27,2025,361,0.40821000000000002,0.40631
SH-EN-ALERCE,EN,2025-12-28,2025,362,0.39928999999999998,0.4062
SH-EN-ALERCE,EN,2025-12-29,2025,363,0.40400999999999998,0.40611
SH-EN-ALERCE,EN,2025-12-30,2025,364,0.41155999999999998,0.40604
SH-EN-ALERCE,EN,2025-12-31,2025,365,0.40106999999999998,0.40602
SH-EN-ALERCE,EN,2026-01-01,2026,1,0.40111000000000002,0.406
SH-EN-ALERCE,EN,2026-01-02,2026,2,0.40083000000000002,0.40599
SH-EN-ALERCE,EN,2026-01-03,2026,3,0.40211999999999998,0.40596
SH-EN-ALERCE,EN,2026-01-04,2026,4,0.40431,0.40594
SH-EN-ALERCE,EN,2026-01-05,2026,5,0.41437000000000002,0.40592
SH-EN-ALERCE,EN,2026-01-06,2026,6,0.40331,0.4059
SH-EN-ALERCE,EN,2026-01-07,2026,7,0.4017,0.40589
SH-EN-ALERCE,EN,2026-01-08,2026,8,0.40315000000000001,0.40589
SH-EN-ALERCE,EN,2026-01-09,2026,9,0.40278000000000003,0.4059
SH-EN-ALERCE,EN,2026-01-10,2026,10,0.40872999999999998,0.40593
SH-EN-ALERCE,EN,2026-01-11,2026,11,0.41287000000000001,0.40597
SH-EN-ALERCE,EN,2026-01-12,2026,12,0.41182000000000002,0.40605
SH-EN-ALERCE,EN,2026-01-13,2026,13,0.40555999999999998,0.40617
SH-EN-ALERCE,EN,2026-01-14,2026,14,0.41106999999999999,0.40632
SH-EN-ALERCE,EN,2026-01-15,2026,15,0.41099999999999998,0.4065
SH-EN-ALERCE,EN,2026-01-16,2026,16,0.4098,0.40669
SH-EN-ALERCE,EN,2026-01-17,2026,17,0.40246999999999999,0.40689
SH-EN-ALERCE,EN,2026-01-18,2026,18,0.40096999999999999,0.40709
SH-EN-ALERCE,EN,2026-01-19,2026,19,0.40262999999999999,0.40728
SH-EN-ALERCE,EN,2026-01-20,2026,20,0.40223999999999999,0.40744
SH-EN-ALERCE,EN,2026-01-23,2026,23,0.40944999999999998,0.40773
SH-EN-ALERCE,EN,2026-01-24,2026,24,0.40923999999999999,0.40779
SH-EN-ALERCE,EN,2026-01-25,2026,25,0.40223999999999999,0.40786
SH-EN-ALERCE,EN,2026-01-26,2026,26,0.40812999999999999,0.40792
SH-EN-ALERCE,EN,2026-01-27,2026,27,0.41204000000000002,0.40797
SH-EN-ALERCE,EN,2026-01-28,2026,28,0.41183999999999998,0.40802
SH-EN-ALERCE,EN,2026-01-29,2026,29,0.40466000000000002,0.40806
SH-EN-ALERCE,EN,2026-01-30,2026,30,0.41410999999999998,0.40809
SH-EN-ALERCE,EN,2026-01-31,2026,31,0.41271000000000002,0.40811
SH-EN-ALERCE,EN,2026-02-01,2026,32,0.40360000000000001,0.40812
SH-EN-ALERCE,EN,2026-02-02,2026,33,0.41060000000000002,0.40811
SH-EN-ALERCE,EN,2026-02-03,2026,34,0.40998000000000001,0.40809
SH-EN-ALERCE,EN,2026-02-04,2026,35,0.40962999999999999,0.40804
SH-EN-ALERCE,EN,2026-02-05,2026,36,0.40672999999999998,0.40796
SH-EN-ALERCE,EN,2026-02-06,2026,37,0.40955000000000003,0.40787
SH-EN-ALERCE,EN,2026-02-07,2026,38,0.40105000000000002,0.40776
SH-EN-ALERCE,EN,2026-02-08,2026,39,0.40834999999999999,0.40763
SH-EN-ALERCE,EN,2026-02-09,2026,40,0.40301999999999999,0.4075
SH-EN-ALERCE,EN,2026-02-10,2026,41,0.40878999999999999,0.40737
SH-EN-ALERCE,EN,2026-02-11,2026,42,0.40906999999999999,0.40725
SH-EN-ALERCE,EN,2026-02-12,2026,43,0.40881000000000001,0.40713
SH-EN-ALERCE,EN,2026-02-13,2026,44,0.4098,0.40703
SH-EN-ALERCE,EN,2026-02-14,2026,45,0.41098000000000001,0.40695
SH-EN-ALERCE,EN,2026-02-15,2026,46,0.41028999999999999,0.40688
SH-EN-ALERCE,EN,2026-02-16,2026,47,0.40672999999999998,0.40678
SH-EN-ALERCE,EN,2026-02-17,2026,48,0.40875,0.40667
SH-EN-ALERCE,EN,2026-02-18,2026,49,0.40716999999999998,0.40655
SH-EN-ALERCE,EN,2026-02-19,2026,50,0.40032000000000001,0.40643
SH-EN-ALERCE,EN,2026-02-20,2026,51,0.40075,0.4063
SH-EN-ALERCE,EN,2026-02-21,2026,52,0.40071000000000001,0.40617
SH-EN-ALERCE,EN,2026-02-22,2026,53,0.40123999999999999,0.40605
SH-EN-ALERCE,EN,2026-02-23,2026,54,0.41354000000000002,0.40594
SH-EN-ALERCE,EN,2026-02-24,2026,55,0.40111999999999998,0.40585
SH-EN-ALERCE,EN,2026-02-25,2026,56,0.40612999999999999,0.40577
SH-EN-ALERCE,EN,2026-02-26,2026,57,0.40394999999999998,0.40571
SH-EN-ALERCE,EN,2026-02-27,2026,58,0.40051999999999999,0.40568
SH-EN-ALERCE,EN,2026-02-28,2026,59,0.40505999999999998,0.40567
SH-EN-ALERCE,EN,2026-03-01,2026,60,0.40850999999999998,0.40569
SH-EN-ALERCE,EN,2026-03-02,2026,61,0.41063,0.40572
SH-EN-ALERCE,EN,2026-03-03,2026,62,0.40706999999999999,0.40576
SH-EN-ALERCE,EN,2026-03-04,2026,63,0.40671000000000002,0.4058
SH-EN-ALERCE,EN,2026-03-05,2026,64,0.40909000000000001,0.40585
SH-EN-ALERCE,EN,2026-03-06,2026,65,0.40228000000000003,0.40589
SH-EN-ALERCE,EN,2026-03-07,2026,66,0.40934999999999999,0.40592
SH-EN-ALERCE,EN,2026-03-08,2026,67,0.40427000000000002,0.40594
SH-EN-ALERCE,EN,2026-03-09,2026,68,0.40697,0.40593
SH-EN-ALERCE,EN,2026-03-10,2026,69,0.40910000000000002,0.40593
SH-EN-ALERCE,EN,2026-03-11,2026,70,0.40861999999999998,0.40595
SH-EN-ALERCE,EN,2026-03-12,2026,71,0.40672000000000003,0.40598
SH-EN-ALERCE,EN,2026-03-13,2026,72,0.40649000000000002,0.40603
SH-EN-ALERCE,EN,2026-03-14,2026,73,0.38882,0.40608
SH-EN-ALERCE,EN,2026-03-15,2026,74,0.40933999999999998,0.40613
SH-EN-ALERCE,EN,2026-03-16,2026,75,0.40882000000000002,0.40617
SH-EN-ALERCE,EN,2026-03-17,2026,76,0.40950999999999999,0.40619
SH-EN-ALERCE,EN,2026-03-18,2026,77,0.39551999999999998,0.40619
SH-EN-ALERCE,EN,2026-03-19,2026,78,0.41277999999999998,0.40617
SH-EN-ALERCE,EN,2026-03-20,2026,79,0.40648000000000001,0.40611
SH-EN-ALERCE,EN,2026-03-21,2026,80,0.40475,0.40602
SH-EN-ALERCE,EN,2026-03-22,2026,81,0.41111999999999999,0.40588
SH-EN-ALERCE,EN,2026-03-23,2026,82,0.40168999999999999,0.40571
SH-EN-ALERCE,EN,2026-03-24,2026,83,0.40728999999999999,0.40551
SH-EN-ALERCE,EN,2026-03-25,2026,84,0.40998000000000001,0.40528
SH-EN-ALERCE,EN,2026-03-26,2026,85,0.40644999999999998,0.40504
SH-EN-ALERCE,EN,2026-03-27,2026,86,0.40465000000000001,0.40479
SH-EN-ALERCE,EN,2026-03-28,2026,87,0.40439999999999998,0.40453
SH-EN-ALERCE,EN,2026-04-01,2026,91,0.40489000000000003,0.40359
SH-EN-ALERCE,EN,2026-04-02,2026,92,0.40410000000000001,0.40338
SH-EN-ALERCE,EN,2026-04-03,2026,93,0.40755999999999998,0.40313
SH-EN-ALERCE,EN,2026-04-04,2026,94,0.40477000000000002,0.40286
SH-EN-ALERCE,EN,2026-04-05,2026,95,0.40529999999999999,0.40257
SH-EN-ALERCE,EN,2026-04-06,2026,96,0.39694000000000002,0.40227
SH-EN-ALERCE,EN,2026-04-07,2026,97,0.40533000000000002,0.40197
SH-EN-ALERCE,EN,2026-04-08,2026,98,0.39711999999999997,0.40168
SH-EN-ALERCE,EN,2026-04-09,2026,99,0.39467000000000002,0.40139
SH-EN-ALERCE,EN,2026-04-10,2026,100,0.39232,0.40112
SH-EN-ALERCE,EN,2026-04-12,2026,102,0.40499000000000002,0.40067
SH-EN-ALERCE,EN,2026-04-13,2026,103,0.40594000000000002,0.40049
SH-EN-ALERCE,EN,2026-04-14,2026,104,0.39948,0.40033
SH-EN-ALERCE,EN,2026-04-15,2026,105,0.40695999999999999,0.4002
SH-EN-ALERCE,EN,2026-04-16,2026,106,0.38233,0.40008
SH-EN-ALERCE,EN,2026-04-17,2026,107,0.40267999999999998,0.39997
SH-EN-ALERCE,EN,2026-04-18,2026,108,0.40495999999999999,0.39986
SH-EN-ALERCE,EN,2026-04-19,2026,109,0.39506000000000002,0.39975
SH-EN-ALERCE,EN,2026-04-20,2026,110,0.39216000000000001,0.39963
SH-EN-ALERCE,EN,2026-04-21,2026,111,0.40490999999999999,0.3995
SH-EN-ALERCE,EN,2026-04-22,2026,112,0.40089999999999998,0.39936
SH-EN-ALERCE,EN,2026-04-23,2026,113,0.40078999999999998,0.39919
SH-EN-ALERCE,EN,2026-04-24,2026,114,0.40671000000000002,0.39902
SH-EN-ALERCE,EN,2026-04-25,2026,115,0.40090999999999999,0.39885
SH-EN-ALERCE,EN,2026-04-26,2026,116,0.39290999999999998,0.39868
SH-EN-ALERCE,EN,2026-04-28,2026,118,0.38178000000000001,0.39836
SH-EN-ALERCE,EN,2026-04-29,2026,119,0.40709000000000001,0.3982
SH-EN-ALERCE,EN,2026-04-30,2026,120,0.40122999999999998,0.39803
SH-EN-ALERCE,EN,2026-05-01,2026,121,0.40059,0.39786
SH-EN-ALERCE,EN,2026-05-02,2026,122,0.39667000000000002,0.39767
SH-EN-ALERCE,EN,2026-05-03,2026,123,0.40096999999999999,0.39748
SH-EN-ALERCE,EN,2026-05-04,2026,124,0.39805000000000001,0.39727
SH-EN-ALERCE,EN,2026-05-06,2026,126,0.40456999999999999,0.39679
SH-EN-ALERCE,EN,2026-05-07,2026,127,0.40362999999999999,0.39648
SH-EN-ALERCE,EN,2026-05-08,2026,128,0.39761999999999997,0.39613
SH-EN-ALERCE,EN,2026-05-09,2026,129,0.38989000000000001,0.39576
SH-EN-ALERCE,EN,2026-05-10,2026,130,0.38969999999999999,0.39537
SH-EN-ALERCE,EN,2026-05-11,2026,131,0.39122000000000001,0.39499
SH-EN-ALERCE,EN,2026-05-12,2026,132,0.40305000000000002,0.39461
SH-EN-ALERCE,EN,2026-05-13,2026,133,0.39584999999999998,0.39425
SH-EN-ALERCE,EN,2026-05-14,2026,134,0.38857999999999998,0.39393
SH-EN-ALERCE,EN,2026-05-15,2026,135,0.39829999999999999,0.39365
SH-EN-ALERCE,EN,2026-05-16,2026,136,0.40246999999999999,0.39343
SH-EN-ALERCE,EN,2026-05-17,2026,137,0.38786999999999999,0.39323
SH-EN-ALERCE,EN,2026-05-18,2026,138,0.38823000000000002,0.39301
SH-EN-ALERCE,EN,2026-05-19,2026,139,0.38840000000000002,0.39277
SH-EN-ALERCE,EN,2026-05-20,2026,140,0.38872000000000001,0.39253
SH-EN-ALERCE,EN,2026-05-21,2026,141,0.38878000000000001,0.39229
SH-EN-ALERCE,EN,2026-05-22,2026,142,0.38854,0.39205
SH-EN-ALERCE,EN,2026-05-26,2026,146,0.39224999999999999,0.39133
SH-EN-ALERCE,EN,2026-05-27,2026,147,0.39437,0.39124
SH-EN-ALERCE,EN,2026-05-28,2026,148,0.37839,0.3912
SH-EN-ALERCE,EN,2026-05-29,2026,149,0.39421,0.39125
SH-EN-ALERCE,EN,2026-05-30,2026,150,0.39217000000000002,0.3914
SH-EN-ALERCE,EN,2026-05-31,2026,151,0.39589000000000002,0.39164
SH-EN-ALERCE,EN,2026-06-01,2026,152,0.39498,0.39193
SH-EN-ALERCE,EN,2026-06-03,2026,154,0.39566000000000001,0.39262
SH-EN-ALERCE,EN,2026-06-04,2026,155,0.38563999999999998,0.39297
SH-EN-ALERCE,EN,2026-06-05,2026,156,0.40068999999999999,0.39329
SH-EN-ALERCE,EN,2026-06-06,2026,157,0.39827000000000001,0.39357
SH-EN-ALERCE,EN,2026-06-07,2026,158,0.38646000000000003,0.39378
SH-EN-ALERCE,EN,2026-06-08,2026,159,0.38904,0.39391
SH-EN-ALERCE,EN,2026-06-09,2026,160,0.39568999999999999,0.39399
SH-EN-ALERCE,EN,2026-06-10,2026,161,0.39222000000000001,0.3941
SH-EN-ALERCE,EN,2026-06-11,2026,162,0.40288000000000002,0.39421
SH-EN-ALERCE,EN,2026-06-12,2026,163,0.40201999999999999,0.39434
SH-EN-ALERCE,EN,2026-06-13,2026,164,0.38530999999999999,0.39446
SH-EN-ALERCE,EN,2026-06-14,2026,165,0.38686999999999999,0.39458
SH-EN-ALERCE,EN,2026-06-15,2026,166,0.38480999999999999,0.39469
SH-EN-ALERCE,EN,2026-06-16,2026,167,0.38718999999999998,0.39478
SH-EN-ALERCE,EN,2026-06-17,2026,168,0.39606000000000002,0.39485
SH-EN-ALERCE,EN,2026-06-18,2026,169,0.40076000000000001,0.39489
SH-EN-ALERCE,EN,2026-06-19,2026,170,0.40090999999999999,0.3949
SH-EN-ALERCE,EN,2026-06-20,2026,171,0.40144999999999997,0.39488
SH-EN-ALERCE,EN,2026-06-21,2026,172,0.39939000000000002,0.39481
SH-EN-ALERCE,EN,2026-06-22,2026,173,0.39787,0.39472
SH-EN-ALERCE,EN,2026-06-23,2026,174,0.40228000000000003,0.39461
SH-EN-ALERCE,EN,2026-06-24,2026,175,0.39954000000000001,0.39448
SH-EN-ALERCE,EN,2026-06-26,2026,177,0.39883999999999997,0.39416
SH-EN-ALERCE,EN,2026-06-27,2026,178,0.39761000000000002,0.39398
SH-EN-ALERCE,EN,2026-06-28,2026,179,0.39788000000000001,0.39378
SH-EN-ALERCE,EN,2026-06-29,2026,180,0.38852999999999999,0.39358
SH-EN-ALERCE,EN,2026-06-30,2026,181,0.39845000000000003,0.39337
SH-EN-ALERCE,EN,2026-07-01,2026,182,0.38196999999999998,0.39316
SH-EN-ALERCE,EN,2026-07-02,2026,183,0.38302999999999998,0.39292
SH-EN-ALERCE,EN,2026-07-03,2026,184,0.38258999999999999,0.39262
SH-EN-ALERCE,EN,2026-07-04,2026,185,0.38463999999999998,0.39227
SH-EN-ALERCE,EN,2026-07-05,2026,186,0.38425999999999999,0.3919
SH-EN-ALERCE,EN,2026-07-06,2026,187,0.39626,0.39151
SH-EN-ALERCE,EN,2026-07-07,2026,188,0.38651999999999997,0.3911
SH-EN-ALERCE,EN,2026-07-08,2026,189,0.38201000000000002,0.3907
SH-EN-ALERCE,EN,2026-07-09,2026,190,0.40024999999999999,0.39032
SH-EN-ALERCE,EN,2026-07-10,2026,191,0.40267999999999998,0.38996
SH-EN-ALERCE,EN,2026-07-11,2026,192,0.39687,0.38964
SH-EN-ALERCE,EN,2026-07-12,2026,193,0.39178000000000002,0.38937
SH-EN-ALERCE,EN,2026-07-13,2026,194,0.40312999999999999,0.38913
SH-EN-ALERCE,EN,2026-07-14,2026,195,0.37080000000000002,0.38891
SH-EN-ALERCE,EN,2026-07-15,2026,196,0.40061000000000002,0.38871
SH-EN-ALERCE,EN,2026-07-16,2026,197,0.38190000000000002,0.38852
SH-EN-ALERCE,EN,2026-07-17,2026,198,0.38885999999999998,0.38834
SH-EN-ALERCE,EN,2026-07-18,2026,199,0.37813999999999998,0.38816
SH-EN-ALERCE,EN,2026-07-19,2026,200,0.39640999999999998,0.38799
SH-EN-ALERCE,EN,2026-07-20,2026,201,0.38641999999999999,0.38782
SH-EN-ALERCE,EN,2026-07-21,2026,202,0.38218000000000002,0.38766
SH-EN-ALERCE,EN,2026-07-22,2026,203,0.37136000000000002,0.38749
SH-EN-ALERCE,EN,2026-07-23,2026,204,0.39323999999999998,0.38731
SH-EN-ALERCE,EN,2026-07-24,2026,205,0.39672000000000002,0.38716
