year,month,day,doy,project,archive,contact,lat,long,plot,site,type,obs.exp,treatment,treat.year,tract,species,sample,sublot.replicate,horizon,depth,soil.mass,bulk.density,rock.volume,per.om,n,per.c,per.c.se,per.n,per.n.se,c.mass,c.mass.rocks,use.not,notes
2012,5,23,144,snow_removal,unpublished,sorensen,42.54,-72.18,12,ems_snow_removal,hardwood,exp,snow_removal,2010,PH,DECD,226,1,organic,5.3,7.8,NA,0,NA,1,36.28,NA,1.542,NA,2.83,2.829707871,0,
2012,5,23,144,snow_removal,unpublished,sorensen,42.54,-72.18,12,ems_snow_removal,hardwood,exp,snow_removal,2010,PH,DECD,227,2,organic,5.3,14.272,NA,0,NA,1,28.795,NA,1.035,NA,4.11,4.109587907,0,
2012,5,23,144,snow_removal,unpublished,sorensen,42.54,-72.18,12,ems_snow_removal,hardwood,exp,snow_removal,2010,PH,DECD,228,3,organic,5.3,9.448,NA,0,NA,1,49.762,NA,1.903,NA,4.702,4.701559669,0,
2012,5,23,144,snow_removal,unpublished,sorensen,42.54,-72.18,13,ems_snow_removal,hardwood,exp,control,2010,PH,DECD,229,1,organic,4.7,13.234,NA,0,NA,1,26.387,NA,1.116,NA,3.492,3.491998,1,
2012,5,23,144,snow_removal,unpublished,sorensen,42.54,-72.18,13,ems_snow_removal,hardwood,exp,control,2010,PH,DECD,230,2,organic,4.7,17.289,NA,0,NA,1,20.831,NA,0.853,NA,3.601,3.601377448,1,
2012,5,23,144,snow_removal,unpublished,sorensen,42.54,-72.18,13,ems_snow_removal,hardwood,exp,control,2010,PH,DECD,231,3,organic,4.7,11.173,NA,0,NA,1,25.778,NA,1.024,NA,2.88,2.880238362,1,
2012,5,23,144,snow_removal,unpublished,sorensen,42.54,-72.18,14,ems_snow_removal,hardwood,exp,snow_removal,2010,PH,DECD,232,1,organic,6.6,9.036,NA,0,NA,1,41.038,NA,1.523,NA,3.708,3.708387014,0,
2012,5,23,144,snow_removal,unpublished,sorensen,42.54,-72.18,14,ems_snow_removal,hardwood,exp,snow_removal,2010,PH,DECD,233,2,organic,6.6,7.252,NA,0,NA,1,40.664,NA,1.554,NA,2.949,2.949048894,0,
2012,5,23,144,snow_removal,unpublished,sorensen,42.54,-72.18,14,ems_snow_removal,hardwood,exp,snow_removal,2010,PH,DECD,234,3,organic,6.6,8.78,NA,0,NA,1,48.419,NA,1.913,NA,4.251,4.251463295,0,
2012,5,23,144,snow_removal,unpublished,sorensen,42.54,-72.18,15,ems_snow_removal,hardwood,exp,control,2010,PH,DECD,235,1,organic,5.416666667,10.199,NA,0,NA,1,35.484,NA,1.479,NA,3.619,3.618989347,1,
2012,5,23,144,snow_removal,unpublished,sorensen,42.54,-72.18,15,ems_snow_removal,hardwood,exp,control,2010,PH,DECD,236,2,organic,5.416666667,8.253,NA,0,NA,1,26.226,NA,1.088,NA,2.164,2.164386347,1,
2012,5,23,144,snow_removal,unpublished,sorensen,42.54,-72.18,15,ems_snow_removal,hardwood,exp,control,2010,PH,DECD,237,3,organic,5.416666667,8.535,NA,0,NA,1,29.7,NA,1.254,NA,2.535,2.535036103,1,
2012,5,23,144,snow_removal,unpublished,sorensen,42.54,-72.18,16,ems_snow_removal,hardwood,exp,snow_removal,2010,PH,DECD,238,1,organic,6.166666667,9.419,NA,0,NA,1,29.456,NA,1.144,NA,2.775,2.77452436,0,
2012,5,23,144,snow_removal,unpublished,sorensen,42.54,-72.18,16,ems_snow_removal,hardwood,exp,snow_removal,2010,PH,DECD,239,2,organic,6.166666667,6.985,NA,0,NA,1,45.861,NA,1.764,NA,3.203,3.203413597,0,
2012,5,23,144,snow_removal,unpublished,sorensen,42.54,-72.18,16,ems_snow_removal,hardwood,exp,snow_removal,2010,PH,DECD,240,3,organic,6.166666667,6.485,NA,0,NA,1,31.691,NA,1.359,NA,2.055,2.055284351,0,
2012,5,23,144,snow_removal,unpublished,sorensen,42.54,-72.18,17,ems_snow_removal,hardwood,exp,control,2010,PH,DECD,241,1,organic,8.083333333,6.868,NA,0,NA,1,27.835,NA,1.058,NA,1.912,1.911843974,1,
2012,5,23,144,snow_removal,unpublished,sorensen,42.54,-72.18,17,ems_snow_removal,hardwood,exp,control,2010,PH,DECD,242,2,organic,8.083333333,6.965,NA,0,NA,1,55.196,NA,2.025,NA,3.845,3.844539275,1,
2012,5,23,144,snow_removal,unpublished,sorensen,42.54,-72.18,17,ems_snow_removal,hardwood,exp,control,2010,PH,DECD,243,3,organic,8.083333333,7.811,NA,0,NA,1,37.556,NA,1.591,NA,2.934,2.933679771,1,
2012,5,23,144,snow_removal,unpublished,sorensen,42.54,-72.18,12,ems_snow_removal,hardwood,exp,snow_removal,2010,PH,DECD,244,1,mineral,0-15,11.91,0.477,7.5133,NA,1,7.05,NA,0.355,NA,0.84,0.776556542,0,
2012,5,23,144,snow_removal,unpublished,sorensen,42.54,-72.18,12,ems_snow_removal,hardwood,exp,snow_removal,2010,PH,DECD,245,2,mineral,0-15,24.365,0.835,7.5133,NA,1,3.676,NA,0.198,NA,0.896,0.828372195,0,
2012,5,23,144,snow_removal,unpublished,sorensen,42.54,-72.18,12,ems_snow_removal,hardwood,exp,snow_removal,2010,PH,DECD,246,3,mineral,0-15,28.728,1.051,7.5133,NA,1,4.514,NA,0.233,NA,1.297,1.199273371,0,
2012,5,23,144,snow_removal,unpublished,sorensen,42.54,-72.18,13,ems_snow_removal,hardwood,exp,control,2010,PH,DECD,247,1,mineral,0-15,35.39,1.204,7.5133,NA,1,3.163,NA,0.167,NA,1.119,1.035216933,1,
2012,5,23,144,snow_removal,unpublished,sorensen,42.54,-72.18,13,ems_snow_removal,hardwood,exp,control,2010,PH,DECD,248,2,mineral,0-15,33.787,1.059,7.5133,NA,1,2.847,NA,0.164,NA,0.962,0.889623474,1,
2012,5,23,144,snow_removal,unpublished,sorensen,42.54,-72.18,13,ems_snow_removal,hardwood,exp,control,2010,PH,DECD,249,3,mineral,0-15,16.614,0.567,7.5133,NA,1,3.256,NA,0.179,NA,0.541,0.500348784,1,
2012,5,23,144,snow_removal,unpublished,sorensen,42.54,-72.18,14,ems_snow_removal,hardwood,exp,snow_removal,2010,PH,DECD,250,1,mineral,0-15,29.499,0.974,7.5133,NA,1,2.573,NA,0.139,NA,0.759,0.702117263,0,
2012,5,23,144,snow_removal,unpublished,sorensen,42.54,-72.18,14,ems_snow_removal,hardwood,exp,snow_removal,2010,PH,DECD,251,2,mineral,0-15,38.043,1.081,7.5133,NA,1,2.696,NA,0.153,NA,1.026,0.948706757,0,
2012,5,23,144,snow_removal,unpublished,sorensen,42.54,-72.18,14,ems_snow_removal,hardwood,exp,snow_removal,2010,PH,DECD,252,3,mineral,0-15,30.094,0.97,7.5133,NA,1,3.04,NA,0.171,NA,0.915,0.846181043,0,
2012,5,23,144,snow_removal,unpublished,sorensen,42.54,-72.18,15,ems_snow_removal,hardwood,exp,control,2010,PH,DECD,253,1,mineral,0-15,35.379,1.357,7.5133,NA,1,5.533,NA,0.287,NA,1.958,1.810445475,1,
2012,5,23,144,snow_removal,unpublished,sorensen,42.54,-72.18,15,ems_snow_removal,hardwood,exp,control,2010,PH,DECD,254,2,mineral,0-15,31.867,1.138,7.5133,NA,1,4.257,NA,0.195,NA,1.357,1.254679541,1,
2012,5,23,144,snow_removal,unpublished,sorensen,42.54,-72.18,15,ems_snow_removal,hardwood,exp,control,2010,PH,DECD,255,3,mineral,0-15,23.327,0.862,7.5133,NA,1,2.301,NA,0.13,NA,0.537,0.496452225,1,
2012,5,23,144,snow_removal,unpublished,sorensen,42.54,-72.18,16,ems_snow_removal,hardwood,exp,snow_removal,2010,PH,DECD,256,1,mineral,0-15,23.103,0.803,7.5133,NA,1,3.944,NA,0.19,NA,0.911,0.84266044,0,
2012,5,23,144,snow_removal,unpublished,sorensen,42.54,-72.18,16,ems_snow_removal,hardwood,exp,snow_removal,2010,PH,DECD,257,2,mineral,0-15,23.299,0.912,7.5133,NA,1,4.359,NA,0.21,NA,1.016,0.939360606,0,
2012,5,23,144,snow_removal,unpublished,sorensen,42.54,-72.18,16,ems_snow_removal,hardwood,exp,snow_removal,2010,PH,DECD,258,3,mineral,0-15,30.848,1.216,7.5133,NA,1,4.493,NA,0.207,NA,1.386,1.281849739,0,
2012,5,23,144,snow_removal,unpublished,sorensen,42.54,-72.18,17,ems_snow_removal,hardwood,exp,control,2010,PH,DECD,260,2,mineral,0-15,27.33,1.051,7.5133,NA,1,5.294,NA,0.239,NA,1.447,1.338168354,1,
2012,5,23,144,snow_removal,unpublished,sorensen,42.54,-72.18,17,ems_snow_removal,hardwood,exp,control,2010,PH,DECD,261,3,mineral,0-15,21.47,0.765,7.5133,NA,1,6.104,NA,0.219,NA,1.311,1.212044697,1,
2013,4,20,110,snow_removal,unpublished,sorensen,42.54,-72.18,12,ems_snow_removal,hardwood,exp,snow_removal,2010,PH,DECD,496,1,organic,5.3,9.768,NA,0,NA,1,25.164,NA,0.892,NA,3.134,3.133966999,0,
2013,4,20,110,snow_removal,unpublished,sorensen,42.54,-72.18,12,ems_snow_removal,hardwood,exp,snow_removal,2010,PH,DECD,497,2,organic,5.3,9.768,NA,0,NA,1,42.687,NA,1.508,NA,3.126,3.126307212,0,
2013,4,20,110,snow_removal,unpublished,sorensen,42.54,-72.18,12,ems_snow_removal,hardwood,exp,snow_removal,2010,PH,DECD,498,3,organic,5.3,9.768,NA,0,NA,1,41.828,NA,1.615,NA,4.055,4.055403536,0,
2013,4,20,110,snow_removal,unpublished,sorensen,42.54,-72.18,13,ems_snow_removal,hardwood,exp,control,2010,PH,DECD,499,1,organic,4.7,13.028,NA,0,NA,1,15.198,NA,0.584,NA,1.484,1.484203867,1,
2013,4,20,110,snow_removal,unpublished,sorensen,42.54,-72.18,13,ems_snow_removal,hardwood,exp,control,2010,PH,DECD,500,2,organic,4.7,13.028,NA,0,NA,1,16.94,NA,0.714,NA,2.545,2.545220067,1,
2013,4,20,110,snow_removal,unpublished,sorensen,42.54,-72.18,13,ems_snow_removal,hardwood,exp,control,2010,PH,DECD,501,3,organic,4.7,13.028,NA,0,NA,1,11.831,NA,0.542,NA,2.043,2.043341733,1,
2013,4,20,110,snow_removal,unpublished,sorensen,42.54,-72.18,14,ems_snow_removal,hardwood,exp,snow_removal,2010,PH,DECD,502,1,organic,6.6,10.347,NA,0,NA,1,28.884,NA,1.003,NA,2.807,2.80665177,0,
2013,4,20,110,snow_removal,unpublished,sorensen,42.54,-72.18,14,ems_snow_removal,hardwood,exp,snow_removal,2010,PH,DECD,503,2,organic,6.6,10.347,NA,0,NA,1,53.298,NA,2.089,NA,3.348,3.347761385,0,
2013,4,20,110,snow_removal,unpublished,sorensen,42.54,-72.18,14,ems_snow_removal,hardwood,exp,snow_removal,2010,PH,DECD,504,3,organic,6.6,10.347,NA,0,NA,1,18.39,NA,0.761,NA,3.318,3.318228659,0,
2013,4,20,110,snow_removal,unpublished,sorensen,42.54,-72.18,15,ems_snow_removal,hardwood,exp,control,2010,PH,DECD,505,1,organic,5.416666667,12.629,NA,0,NA,1,33.532,NA,1.229,NA,3.816,3.816395099,1,
2013,4,20,110,snow_removal,unpublished,sorensen,42.54,-72.18,15,ems_snow_removal,hardwood,exp,control,2010,PH,DECD,506,2,organic,5.416666667,12.629,NA,0,NA,1,23.976,NA,0.994,NA,3.43,3.429891083,1,
2013,4,20,110,snow_removal,unpublished,sorensen,42.54,-72.18,15,ems_snow_removal,hardwood,exp,control,2010,PH,DECD,507,3,organic,5.416666667,12.629,NA,0,NA,1,19.346,NA,0.865,NA,3.052,3.052047333,1,
2013,4,20,110,snow_removal,unpublished,sorensen,42.54,-72.18,16,ems_snow_removal,hardwood,exp,snow_removal,2010,PH,DECD,508,1,organic,6.166666667,9.13,NA,0,NA,1,24.06,NA,0.873,NA,3.36,3.35966267,0,
2013,4,20,110,snow_removal,unpublished,sorensen,42.54,-72.18,16,ems_snow_removal,hardwood,exp,snow_removal,2010,PH,DECD,509,2,organic,6.166666667,9.13,NA,0,NA,1,47.894,NA,1.711,NA,2.028,2.027696806,0,
2013,4,20,110,snow_removal,unpublished,sorensen,42.54,-72.18,16,ems_snow_removal,hardwood,exp,snow_removal,2010,PH,DECD,510,3,organic,6.166666667,9.13,NA,0,NA,1,31.136,NA,1.204,NA,2.662,2.662086322,0,
2013,4,20,110,snow_removal,unpublished,sorensen,42.54,-72.18,17,ems_snow_removal,hardwood,exp,control,2010,PH,DECD,511,1,organic,8.083333333,9.345,NA,0,NA,1,38.439,NA,1.452,NA,4.346,4.345815567,1,
2013,4,20,110,snow_removal,unpublished,sorensen,42.54,-72.18,17,ems_snow_removal,hardwood,exp,control,2010,PH,DECD,512,2,organic,8.083333333,9.345,NA,0,NA,1,52.519,NA,1.921,NA,3.959,3.95916681,1,
2013,4,20,110,snow_removal,unpublished,sorensen,42.54,-72.18,17,ems_snow_removal,hardwood,exp,control,2010,PH,DECD,513,3,organic,8.083333333,9.345,NA,0,NA,1,44.51,NA,1.683,NA,3.822,3.821779912,1,
2013,4,20,110,snow_removal,unpublished,sorensen,42.54,-72.18,12,ems_snow_removal,hardwood,exp,snow_removal,2010,PH,DECD,514,1,mineral,0-15,21.724,NA,7.5133,NA,1,3.189,NA,0.207,NA,3.919,3.624320958,0,
2013,4,20,110,snow_removal,unpublished,sorensen,42.54,-72.18,12,ems_snow_removal,hardwood,exp,snow_removal,2010,PH,DECD,515,2,mineral,0-15,21.724,NA,7.5133,NA,1,4.389,NA,0.238,NA,6.125,5.664967081,0,
2013,4,20,110,snow_removal,unpublished,sorensen,42.54,-72.18,12,ems_snow_removal,hardwood,exp,snow_removal,2010,PH,DECD,516,3,mineral,0-15,21.724,NA,7.5133,NA,1,3.665,NA,0.224,NA,4.805,4.444064663,0,
2013,4,20,110,snow_removal,unpublished,sorensen,42.54,-72.18,13,ems_snow_removal,hardwood,exp,control,2010,PH,DECD,517,1,mineral,0-15,26.735,NA,7.5133,NA,1,2.645,NA,0.211,NA,3.355,3.102499398,1,
2013,4,20,110,snow_removal,unpublished,sorensen,42.54,-72.18,13,ems_snow_removal,hardwood,exp,control,2010,PH,DECD,518,2,mineral,0-15,26.735,NA,7.5133,NA,1,2.427,NA,0.202,NA,2.966,2.743260196,1,
2013,4,20,110,snow_removal,unpublished,sorensen,42.54,-72.18,13,ems_snow_removal,hardwood,exp,control,2010,PH,DECD,519,3,mineral,0-15,26.735,NA,7.5133,NA,1,3.846,NA,0.244,NA,5.633,5.209357563,1,
2013,4,20,110,snow_removal,unpublished,sorensen,42.54,-72.18,14,ems_snow_removal,hardwood,exp,snow_removal,2010,PH,DECD,520,1,mineral,0-15,29.081,NA,7.5133,NA,1,3.653,NA,0.221,NA,5.326,4.926087956,0,
2013,4,20,110,snow_removal,unpublished,sorensen,42.54,-72.18,14,ems_snow_removal,hardwood,exp,snow_removal,2010,PH,DECD,521,2,mineral,0-15,29.081,NA,7.5133,NA,1,4.671,NA,0.28,NA,4.037,3.73372341,0,
2013,4,20,110,snow_removal,unpublished,sorensen,42.54,-72.18,14,ems_snow_removal,hardwood,exp,snow_removal,2010,PH,DECD,522,3,mineral,0-15,29.081,NA,7.5133,NA,1,7.927,NA,0.37,NA,12.916,11.94589797,0,
2013,4,20,110,snow_removal,unpublished,sorensen,42.54,-72.18,15,ems_snow_removal,hardwood,exp,control,2010,PH,DECD,523,1,mineral,0-15,28.803,NA,7.5133,NA,1,2.803,NA,0.205,NA,3.75,3.467893679,1,
2013,4,20,110,snow_removal,unpublished,sorensen,42.54,-72.18,15,ems_snow_removal,hardwood,exp,control,2010,PH,DECD,524,2,mineral,0-15,28.803,NA,7.5133,NA,1,2.237,NA,0.178,NA,2.526,2.336052416,1,
2013,4,20,110,snow_removal,unpublished,sorensen,42.54,-72.18,15,ems_snow_removal,hardwood,exp,control,2010,PH,DECD,525,3,mineral,0-15,28.803,NA,7.5133,NA,1,4.734,NA,0.314,NA,4.286,3.963540204,1,
2013,4,20,110,snow_removal,unpublished,sorensen,42.54,-72.18,16,ems_snow_removal,hardwood,exp,snow_removal,2010,PH,DECD,526,1,mineral,0-15,25.496,NA,7.5133,NA,1,6.329,NA,0.358,NA,7.597,7.026514056,0,
2013,4,20,110,snow_removal,unpublished,sorensen,42.54,-72.18,16,ems_snow_removal,hardwood,exp,snow_removal,2010,PH,DECD,527,2,mineral,0-15,25.496,NA,7.5133,NA,1,5.403,NA,0.257,NA,4.874,4.507400427,0,
2013,4,20,110,snow_removal,unpublished,sorensen,42.54,-72.18,16,ems_snow_removal,hardwood,exp,snow_removal,2010,PH,DECD,528,3,mineral,0-15,25.496,NA,7.5133,NA,1,4.156,NA,0.261,NA,2.603,2.407162186,0,
2013,4,20,110,snow_removal,unpublished,sorensen,42.54,-72.18,17,ems_snow_removal,hardwood,exp,control,2010,PH,DECD,529,1,mineral,0-15,22.348,NA,7.5133,NA,1,6.303,NA,0.291,NA,6.741,6.234231467,1,
2013,4,20,110,snow_removal,unpublished,sorensen,42.54,-72.18,17,ems_snow_removal,hardwood,exp,control,2010,PH,DECD,530,2,mineral,0-15,22.348,NA,7.5133,NA,1,8.114,NA,0.342,NA,7.09,6.557192355,1,
2013,4,20,110,snow_removal,unpublished,sorensen,42.54,-72.18,17,ems_snow_removal,hardwood,exp,control,2010,PH,DECD,531,3,mineral,0-15,22.348,NA,7.5133,NA,1,5.043,NA,0.277,NA,6.611,6.114318124,1,
2013,10,2,275,snow_removal,unpublished,sorensen,42.54,-72.18,12,ems_snow_removal,hardwood,exp,snow_removal,2010,PH,DECD,766,1,organic,5.3,9.768,NA,0,NA,1,24.951,NA,1.084,NA,2.373,2.372568767,0,
2013,10,2,275,snow_removal,unpublished,sorensen,42.54,-72.18,12,ems_snow_removal,hardwood,exp,snow_removal,2010,PH,DECD,767,2,organic,5.3,9.768,NA,0,NA,1,34.025,NA,1.305,NA,3.022,3.021608539,0,
2013,10,2,275,snow_removal,unpublished,sorensen,42.54,-72.18,12,ems_snow_removal,hardwood,exp,snow_removal,2010,PH,DECD,768,3,organic,5.3,9.768,NA,0,NA,1,43.79,NA,1.711,NA,3.192,3.191549055,0,
2013,10,2,275,snow_removal,unpublished,sorensen,42.54,-72.18,13,ems_snow_removal,hardwood,exp,control,2010,PH,DECD,769,1,organic,4.7,13.028,NA,0,NA,1,26.214,NA,1.075,NA,2.239,2.239337859,1,
2013,10,2,275,snow_removal,unpublished,sorensen,42.54,-72.18,13,ems_snow_removal,hardwood,exp,control,2010,PH,DECD,770,2,organic,4.7,13.028,NA,0,NA,1,24.164,NA,0.984,NA,2.528,2.528367732,1,
2013,10,2,275,snow_removal,unpublished,sorensen,42.54,-72.18,13,ems_snow_removal,hardwood,exp,control,2010,PH,DECD,771,3,organic,4.7,13.028,NA,0,NA,1,28.979,NA,1.11,NA,4.318,4.318380103,1,
2013,10,2,275,snow_removal,unpublished,sorensen,42.54,-72.18,14,ems_snow_removal,hardwood,exp,snow_removal,2010,PH,DECD,772,1,organic,6.6,10.347,NA,0,NA,1,35.674,NA,1.429,NA,2.185,2.185146486,0,
2013,10,2,275,snow_removal,unpublished,sorensen,42.54,-72.18,14,ems_snow_removal,hardwood,exp,snow_removal,2010,PH,DECD,773,2,organic,6.6,10.347,NA,0,NA,1,48.875,NA,1.713,NA,2.533,2.533424872,0,
2013,10,2,275,snow_removal,unpublished,sorensen,42.54,-72.18,14,ems_snow_removal,hardwood,exp,snow_removal,2010,PH,DECD,774,3,organic,6.6,10.347,NA,0,NA,1,33.607,NA,1.174,NA,4.387,4.386698705,0,
2013,10,2,275,snow_removal,unpublished,sorensen,42.54,-72.18,15,ems_snow_removal,hardwood,exp,control,2010,PH,DECD,775,1,organic,5.416666667,12.629,NA,0,NA,1,28.158,NA,1.08,NA,3.434,3.433504428,1,
2013,10,2,275,snow_removal,unpublished,sorensen,42.54,-72.18,15,ems_snow_removal,hardwood,exp,control,2010,PH,DECD,776,2,organic,5.416666667,12.629,NA,0,NA,1,25.315,NA,1.045,NA,3.18,3.17953018,1,kgCm2 calculated using mean soil mass from samples collected in the same plot at all other samples dates
2013,10,2,275,snow_removal,unpublished,sorensen,42.54,-72.18,15,ems_snow_removal,hardwood,exp,control,2010,PH,DECD,777,3,organic,5.416666667,12.629,NA,0,NA,1,27.786,NA,1.079,NA,4.32,4.319536311,1,
2013,10,2,275,snow_removal,unpublished,sorensen,42.54,-72.18,16,ems_snow_removal,hardwood,exp,snow_removal,2010,PH,DECD,778,1,organic,6.166666667,9.13,NA,0,NA,1,36.24,NA,1.323,NA,4.405,4.405066141,0,
2013,10,2,275,snow_removal,unpublished,sorensen,42.54,-72.18,16,ems_snow_removal,hardwood,exp,snow_removal,2010,PH,DECD,779,2,organic,6.166666667,9.13,NA,0,NA,1,37.866,NA,1.489,NA,3.268,3.26826908,0,
2013,10,2,275,snow_removal,unpublished,sorensen,42.54,-72.18,16,ems_snow_removal,hardwood,exp,snow_removal,2010,PH,DECD,780,3,organic,6.166666667,9.13,NA,0,NA,1,49.517,NA,1.612,NA,3.036,3.036090456,0,
2013,10,2,275,snow_removal,unpublished,sorensen,42.54,-72.18,17,ems_snow_removal,hardwood,exp,control,2010,PH,DECD,781,1,organic,8.083333333,9.345,NA,0,NA,1,51.636,NA,1.905,NA,4.853,4.853031219,1,kgCm2 calculated using mean soil mass from samples collected in the same plot at all other samples dates
2013,10,2,275,snow_removal,unpublished,sorensen,42.54,-72.18,17,ems_snow_removal,hardwood,exp,control,2010,PH,DECD,782,2,organic,8.083333333,9.345,NA,0,NA,1,23.902,NA,0.97,NA,1.735,1.73484726,1,
2013,10,2,275,snow_removal,unpublished,sorensen,42.54,-72.18,17,ems_snow_removal,hardwood,exp,control,2010,PH,DECD,783,3,organic,8.083333333,9.345,NA,0,NA,1,41.95,NA,1.65,NA,3.528,3.528459025,1,
2013,10,2,275,snow_removal,unpublished,sorensen,42.54,-72.18,12,ems_snow_removal,hardwood,exp,snow_removal,2010,PH,DECD,784,1,mineral,0-15,19.195,21.724,7.5133,NA,1,3.488,NA,0.192,NA,3.696,3.417894884,0,kgCm2 calculated using mean soil mass from samples collected in the same plot at all other samples dates
2013,10,2,275,snow_removal,unpublished,sorensen,42.54,-72.18,12,ems_snow_removal,hardwood,exp,snow_removal,2010,PH,DECD,785,2,mineral,0-15,19.195,21.724,7.5133,NA,1,4.572,NA,0.242,NA,4.845,4.480546224,0,kgCm2 calculated using mean soil mass from samples collected in the same plot at all other samples dates
2013,10,2,275,snow_removal,unpublished,sorensen,42.54,-72.18,12,ems_snow_removal,hardwood,exp,snow_removal,2010,PH,DECD,786,3,mineral,0-15,19.195,21.724,7.5133,NA,1,4.689,NA,0.272,NA,4.968,4.595113366,0,kgCm2 calculated using mean soil mass from samples collected in the same plot at all other samples dates
2013,10,2,275,snow_removal,unpublished,sorensen,42.54,-72.18,13,ems_snow_removal,hardwood,exp,control,2010,PH,DECD,787,1,mineral,0-15,23.623,26.735,7.5133,NA,1,4.085,NA,0.228,NA,5.168,4.779772592,1,kgCm2 calculated using mean soil mass from samples collected in the same plot at all other samples dates
2013,10,2,275,snow_removal,unpublished,sorensen,42.54,-72.18,13,ems_snow_removal,hardwood,exp,control,2010,PH,DECD,788,2,mineral,0-15,23.623,26.735,7.5133,NA,1,2.431,NA,0.152,NA,3.075,2.843969315,1,kgCm2 calculated using mean soil mass from samples collected in the same plot at all other samples dates
2013,10,2,275,snow_removal,unpublished,sorensen,42.54,-72.18,13,ems_snow_removal,hardwood,exp,control,2010,PH,DECD,789,3,mineral,0-15,23.623,26.735,7.5133,NA,1,4.975,NA,0.27,NA,6.293,5.820636242,1,kgCm2 calculated using mean soil mass from samples collected in the same plot at all other samples dates
2013,10,2,275,snow_removal,unpublished,sorensen,42.54,-72.18,14,ems_snow_removal,hardwood,exp,snow_removal,2010,PH,DECD,790,1,mineral,0-15,25.696,29.081,7.5133,NA,1,5.628,NA,0.273,NA,7.411,6.854463765,0,kgCm2 calculated using mean soil mass from samples collected in the same plot at all other samples dates
2013,10,2,275,snow_removal,unpublished,sorensen,42.54,-72.18,14,ems_snow_removal,hardwood,exp,snow_removal,2010,PH,DECD,791,2,mineral,0-15,25.696,29.081,7.5133,NA,1,2.284,NA,0.125,NA,3.007,2.781399207,0,kgCm2 calculated using mean soil mass from samples collected in the same plot at all other samples dates
2013,10,2,275,snow_removal,unpublished,sorensen,42.54,-72.18,14,ems_snow_removal,hardwood,exp,snow_removal,2010,PH,DECD,792,3,mineral,0-15,25.696,29.081,7.5133,NA,1,4.097,NA,0.213,NA,5.395,4.990029024,0,kgCm2 calculated using mean soil mass from samples collected in the same plot at all other samples dates
2013,10,2,275,snow_removal,unpublished,sorensen,42.54,-72.18,15,ems_snow_removal,hardwood,exp,control,2010,PH,DECD,793,1,mineral,0-15,25.45,28.803,7.5133,NA,1,4.568,NA,0.27,NA,5.8,5.364652387,1,kgCm2 calculated using mean soil mass from samples collected in the same plot at all other samples dates
2013,10,2,275,snow_removal,unpublished,sorensen,42.54,-72.18,15,ems_snow_removal,hardwood,exp,control,2010,PH,DECD,794,2,mineral,0-15,25.45,28.803,7.5133,NA,1,2.223,NA,0.138,NA,2.823,2.611182645,1,kgCm2 calculated using mean soil mass from samples collected in the same plot at all other samples dates
2013,10,2,275,snow_removal,unpublished,sorensen,42.54,-72.18,15,ems_snow_removal,hardwood,exp,control,2010,PH,DECD,795,3,mineral,0-15,25.45,28.803,7.5133,NA,1,2.906,NA,0.157,NA,3.691,3.413384686,1,kgCm2 calculated using mean soil mass from samples collected in the same plot at all other samples dates
2013,10,2,275,snow_removal,unpublished,sorensen,42.54,-72.18,16,ems_snow_removal,hardwood,exp,snow_removal,2010,PH,DECD,796,1,mineral,0-15,22.529,25.496,7.5133,NA,1,5.546,NA,0.238,NA,6.387,5.907155798,0,kgCm2 calculated using mean soil mass from samples collected in the same plot at all other samples dates
2013,10,2,275,snow_removal,unpublished,sorensen,42.54,-72.18,16,ems_snow_removal,hardwood,exp,snow_removal,2010,PH,DECD,797,2,mineral,0-15,22.529,25.496,7.5133,NA,1,10.085,NA,0.427,NA,11.614,10.74185342,0,kgCm2 calculated using mean soil mass from samples collected in the same plot at all other samples dates
2013,10,2,275,snow_removal,unpublished,sorensen,42.54,-72.18,16,ems_snow_removal,hardwood,exp,snow_removal,2010,PH,DECD,798,3,mineral,0-15,22.529,25.496,7.5133,NA,1,5.914,NA,0.241,NA,6.811,6.299510035,0,kgCm2 calculated using mean soil mass from samples collected in the same plot at all other samples dates
2013,10,2,275,snow_removal,unpublished,sorensen,42.54,-72.18,17,ems_snow_removal,hardwood,exp,control,2010,PH,DECD,799,1,mineral,0-15,19.747,22.348,7.5133,NA,1,8.51,NA,0.366,NA,8.939,8.26731262,1,kgCm2 calculated using mean soil mass from samples collected in the same plot at all other samples dates
2013,10,2,275,snow_removal,unpublished,sorensen,42.54,-72.18,17,ems_snow_removal,hardwood,exp,control,2010,PH,DECD,800,2,mineral,0-15,19.747,22.348,7.5133,NA,1,6.401,NA,0.231,NA,6.724,6.218972088,1,kgCm2 calculated using mean soil mass from samples collected in the same plot at all other samples dates
2013,10,2,275,snow_removal,unpublished,sorensen,42.54,-72.18,17,ems_snow_removal,hardwood,exp,control,2010,PH,DECD,801,3,mineral,0-15,19.747,22.348,7.5133,NA,1,15.1,NA,0.569,NA,15.862,14.66984857,1,High percent C - doubtful it is all mineral soil. kgCm2 calculated using mean soil mass from samples collected in the same plot at all other samples dates
2011,3,1,60,NA,hf256-03,drake,42.539171,-72.193363,1,ash,hardwood,obs,NA,NA,PH,FRAM,NA,NA,mineral,0-15,111.882,0.746,7.5133,NA,1,3.565,NA,0.3,NA,3.988,3.688647582,1,Soil mass and density is Brozstek's mean from AAE2007 experiment (same plots were used)
2011,3,1,60,NA,hf256-03,drake,42.539479,-72.193432,2,ash,hardwood,obs,NA,NA,PH,FRAM,NA,NA,mineral,0-15,111.882,0.746,7.5133,NA,1,4.158,NA,0.324,NA,4.652,4.30282803,1,Soil mass and density is Brozstek's mean from AAE2007 experiment (same plots were used)
2011,3,1,60,NA,hf256-03,drake,42.539508,-72.193024,3,ash,hardwood,obs,NA,NA,PH,FRAM,NA,NA,mineral,0-15,111.882,0.746,7.5133,NA,1,5.464,NA,0.39,NA,6.113,5.653951992,1,Soil mass and density is Brozstek's mean from AAE2007 experiment (same plots were used)
2011,3,1,60,NA,hf256-03,drake,42.539796,-72.193544,4,ash,hardwood,obs,NA,NA,PH,FRAM,NA,NA,mineral,0-15,111.882,0.746,7.5133,NA,1,14.825,NA,1.009,NA,16.586,15.34009424,1,Soil mass and density is Brozstek's mean from AAE2007 experiment (same plots were used)
2011,3,1,60,NA,hf256-03,drake,42.539573,-72.193925,5,ash,hardwood,obs,NA,NA,PH,FRAM,NA,NA,mineral,0-15,111.882,0.746,7.5133,NA,1,11.216,NA,0.805,NA,12.548,11.60546225,1,Soil mass and density is Brozstek's mean from AAE2007 experiment (same plots were used)
2011,3,1,60,NA,hf256-03,drake,42.539217,-72.194023,6,ash,hardwood,obs,NA,NA,PH,FRAM,NA,NA,mineral,0-15,111.882,0.746,7.5133,NA,1,4.704,NA,0.338,NA,5.263,4.867834175,1,Soil mass and density is Brozstek's mean from AAE2007 experiment (same plots were used)
2011,3,1,60,NA,hf256-03,drake,42.536033,-72.172642,1,ems_drydown,hardwood,obs,NA,NA,PH,QURU,NA,NA,mineral,0-15,NA,0.884,7.5133,NA,1,5.289,NA,0.194,NA,7.01,6.4831019,1,Density from Borken et al. (2006). Effect of summer throughfall exclusion; summer drought; and winter snow cover on methane fluxes in a temperate forest soil. Soil Biology & Biochemistry 38; 1388–1395
2011,3,1,60,NA,hf256-03,drake,42.535865,-72.172284,2,ems_drydown,hardwood,obs,NA,NA,PH,QURU,NA,NA,mineral,0-15,NA,0.884,7.5133,NA,1,3.632,NA,0.171,NA,4.814,4.452112969,1,Density from Borken et al. (2006). Effect of summer throughfall exclusion; summer drought; and winter snow cover on methane fluxes in a temperate forest soil. Soil Biology & Biochemistry 38; 1388–1395
2011,3,1,60,NA,hf256-03,drake,42.535359,-72.172391,3,ems_drydown,hardwood,obs,NA,NA,PH,QURU,NA,NA,mineral,0-15,NA,0.884,7.5133,NA,1,4.517,NA,0.216,NA,5.986,5.535928419,1,Density from Borken et al. (2006). Effect of summer throughfall exclusion; summer drought; and winter snow cover on methane fluxes in a temperate forest soil. Soil Biology & Biochemistry 38; 1388–1395
2011,3,1,60,NA,hf256-03,drake,42.535864,-72.173435,4,ems_drydown,hardwood,obs,NA,NA,PH,QURU,NA,NA,mineral,0-15,NA,0.884,7.5133,NA,1,7.702,NA,0.323,NA,10.207,9.439904253,1,Density from Borken et al. (2006). Effect of summer throughfall exclusion; summer drought; and winter snow cover on methane fluxes in a temperate forest soil. Soil Biology & Biochemistry 38; 1388–1395
2011,3,1,60,NA,hf256-03,drake,42.347058,-72.335288,5,ems_drydown,hardwood,obs,NA,NA,PH,QURU,NA,NA,mineral,0-15,NA,0.884,7.5133,NA,1,4.492,NA,0.216,NA,5.953,5.505428073,1,Density from Borken et al. (2006). Effect of summer throughfall exclusion; summer drought; and winter snow cover on methane fluxes in a temperate forest soil. Soil Biology & Biochemistry 38; 1388–1395
2011,3,1,60,NA,hf256-03,drake,42.535987,-72.173348,6,ems_drydown,hardwood,obs,NA,NA,PH,QURU,NA,NA,mineral,0-15,NA,0.884,7.5133,NA,1,4.935,NA,0.218,NA,6.54,6.048557016,1,Density from Borken et al. (2006). Effect of summer throughfall exclusion; summer drought; and winter snow cover on methane fluxes in a temperate forest soil. Soil Biology & Biochemistry 38; 1388–1395
2011,3,1,60,NA,hf256-03,drake,42.545576,-72.177492,1,hemlock,conifer,obs,NA,NA,PH,TSCA,NA,NA,mineral,0-15,98.876,0.659,24.57,NA,1,8.29,NA,0.332,NA,8.197,6.183229485,1,Soil mass and density is Brozstek's mean from AAE2007 experiment (same plots were used)
2011,3,1,60,NA,hf256-03,drake,42.545013,-72.177755,2,hemlock,conifer,obs,NA,NA,PH,TSCA,NA,NA,mineral,0-15,98.876,0.659,24.57,NA,1,4.305,NA,0.168,NA,4.257,3.210951899,1,Soil mass and density is Brozstek's mean from AAE2007 experiment (same plots were used)
2011,3,1,60,NA,hf256-03,drake,42.544728,-72.177819,3,hemlock,conifer,obs,NA,NA,PH,TSCA,NA,NA,mineral,0-15,98.876,0.659,24.57,NA,1,4.696,NA,0.168,NA,4.644,3.502615948,1,Soil mass and density is Brozstek's mean from AAE2007 experiment (same plots were used)
2011,3,1,60,NA,hf256-03,drake,42.544539,-72.177696,4,hemlock,conifer,obs,NA,NA,PH,TSCA,NA,NA,mineral,0-15,98.876,0.659,24.57,NA,1,4.642,NA,0.169,NA,4.589,3.461836256,1,Soil mass and density is Brozstek's mean from AAE2007 experiment (same plots were used)
2011,3,1,60,NA,hf256-03,drake,42.541819,-72.174989,5,hemlock,conifer,obs,NA,NA,PH,TSCA,NA,NA,mineral,0-15,98.876,0.659,24.57,NA,1,3.473,NA,0.146,NA,3.434,2.589977436,1,Soil mass and density is Brozstek's mean from AAE2007 experiment (same plots were used)
2011,3,1,60,NA,hf256-03,drake,42.54107,-72.174853,6,hemlock,conifer,obs,NA,NA,PH,TSCA,NA,NA,mineral,0-15,98.876,0.659,24.57,NA,1,3.707,NA,0.148,NA,3.666,2.765025122,1,Soil mass and density is Brozstek's mean from AAE2007 experiment (same plots were used)
2011,4,11,101,NA,hf256-03,drake,42.539171,-72.193363,1,ash,hardwood,obs,NA,NA,PH,FRAM,NA,NA,mineral,0-15,111.882,0.746,7.5133,NA,1,8.62,NA,0.562,NA,9.645,8.920003124,1,Soil mass and density is Brozstek's mean from AAE2007 experiment (same plots were used)
2011,4,11,101,NA,hf256-03,drake,42.539479,-72.193432,2,ash,hardwood,obs,NA,NA,PH,FRAM,NA,NA,mineral,0-15,111.882,0.746,7.5133,NA,1,5.127,NA,0.388,NA,5.736,5.305252685,1,Soil mass and density is Brozstek's mean from AAE2007 experiment (same plots were used)
2011,4,11,101,NA,hf256-03,drake,42.539508,-72.193024,3,ash,hardwood,obs,NA,NA,PH,FRAM,NA,NA,mineral,0-15,111.882,0.746,7.5133,NA,1,6.088,NA,0.47,NA,6.811,6.299457609,1,Soil mass and density is Brozstek's mean from AAE2007 experiment (same plots were used)
2011,4,11,101,NA,hf256-03,drake,42.539796,-72.193544,4,ash,hardwood,obs,NA,NA,PH,FRAM,NA,NA,mineral,0-15,111.882,0.746,7.5133,NA,1,6.484,NA,0.504,NA,7.254,6.708914037,1,Soil mass and density is Brozstek's mean from AAE2007 experiment (same plots were used)
2011,4,11,101,NA,hf256-03,drake,42.539573,-72.193925,5,ash,hardwood,obs,NA,NA,PH,FRAM,NA,NA,mineral,0-15,111.882,0.746,7.5133,NA,1,6.804,NA,0.51,NA,7.612,7.040016836,1,Soil mass and density is Brozstek's mean from AAE2007 experiment (same plots were used)
2011,4,11,101,NA,hf256-03,drake,42.539217,-72.194023,6,ash,hardwood,obs,NA,NA,PH,FRAM,NA,NA,mineral,0-15,111.882,0.746,7.5133,NA,1,7.419,NA,0.515,NA,8.301,7.677071807,1,Soil mass and density is Brozstek's mean from AAE2007 experiment (same plots were used)
2011,4,11,101,NA,hf256-03,drake,42.536033,-72.172642,1,ems_drydown,hardwood,obs,NA,NA,PH,QURU,NA,NA,mineral,0-15,NA,0.884,7.5133,NA,1,3.973,NA,0.181,NA,5.266,4.869984533,1,Density from Borken et al. (2006). Effect of summer throughfall exclusion; summer drought; and winter snow cover on methane fluxes in a temperate forest soil. Soil Biology & Biochemistry 38; 1388–1395
2011,4,11,101,NA,hf256-03,drake,42.535865,-72.172284,2,ems_drydown,hardwood,obs,NA,NA,PH,QURU,NA,NA,mineral,0-15,NA,0.884,7.5133,NA,1,4.452,NA,0.201,NA,5.9,5.456555983,1,Density from Borken et al. (2006). Effect of summer throughfall exclusion; summer drought; and winter snow cover on methane fluxes in a temperate forest soil. Soil Biology & Biochemistry 38; 1388–1395
2011,4,11,101,NA,hf256-03,drake,42.535359,-72.172391,3,ems_drydown,hardwood,obs,NA,NA,PH,QURU,NA,NA,mineral,0-15,NA,0.884,7.5133,NA,1,5.166,NA,0.208,NA,6.846,6.33188948,1,Density from Borken et al. (2006). Effect of summer throughfall exclusion; summer drought; and winter snow cover on methane fluxes in a temperate forest soil. Soil Biology & Biochemistry 38; 1388–1395
2011,4,11,101,NA,hf256-03,drake,42.535864,-72.173435,4,ems_drydown,hardwood,obs,NA,NA,PH,QURU,NA,NA,mineral,0-15,NA,0.884,7.5133,NA,1,8.925,NA,0.371,NA,11.827,10.93873329,1,Density from Borken et al. (2006). Effect of summer throughfall exclusion; summer drought; and winter snow cover on methane fluxes in a temperate forest soil. Soil Biology & Biochemistry 38; 1388–1395
2011,4,11,101,NA,hf256-03,drake,42.347058,-72.335288,5,ems_drydown,hardwood,obs,NA,NA,PH,QURU,NA,NA,mineral,0-15,NA,0.884,7.5133,NA,1,5.443,NA,0.258,NA,7.213,6.671303865,1,Density from Borken et al. (2006). Effect of summer throughfall exclusion; summer drought; and winter snow cover on methane fluxes in a temperate forest soil. Soil Biology & Biochemistry 38; 1388–1395
2011,4,11,101,NA,hf256-03,drake,42.535987,-72.173348,6,ems_drydown,hardwood,obs,NA,NA,PH,QURU,NA,NA,mineral,0-15,NA,0.884,7.5133,NA,1,4.399,NA,0.238,NA,5.83,5.392149676,1,Density from Borken et al. (2006). Effect of summer throughfall exclusion; summer drought; and winter snow cover on methane fluxes in a temperate forest soil. Soil Biology & Biochemistry 38; 1388–1395
2011,4,11,101,NA,hf256-03,drake,42.545576,-72.177492,1,hemlock,conifer,obs,NA,NA,PH,TSCA,NA,NA,mineral,0-15,98.876,0.659,24.57,NA,1,5.294,NA,0.206,NA,5.234,3.948274932,1,Soil mass and density is Brozstek's mean from AAE2007 experiment (same plots were used)
2011,4,11,101,NA,hf256-03,drake,42.545013,-72.177755,2,hemlock,conifer,obs,NA,NA,PH,TSCA,NA,NA,mineral,0-15,98.876,0.659,24.57,NA,1,4.597,NA,0.169,NA,4.545,3.428436718,1,Soil mass and density is Brozstek's mean from AAE2007 experiment (same plots were used)
2011,4,11,101,NA,hf256-03,drake,42.544728,-72.177819,3,hemlock,conifer,obs,NA,NA,PH,TSCA,NA,NA,mineral,0-15,98.876,0.659,24.57,NA,1,5.829,NA,0.237,NA,5.763,4.347240355,1,Soil mass and density is Brozstek's mean from AAE2007 experiment (same plots were used)
2011,4,11,101,NA,hf256-03,drake,42.544539,-72.177696,4,hemlock,conifer,obs,NA,NA,PH,TSCA,NA,NA,mineral,0-15,98.876,0.659,24.57,NA,1,3.102,NA,0.129,NA,3.067,2.313536022,1,Soil mass and density is Brozstek's mean from AAE2007 experiment (same plots were used)
2011,4,11,101,NA,hf256-03,drake,42.541819,-72.174989,5,hemlock,conifer,obs,NA,NA,PH,TSCA,NA,NA,mineral,0-15,98.876,0.659,24.57,NA,1,6.775,NA,0.264,NA,6.699,5.053178882,1,Soil mass and density is Brozstek's mean from AAE2007 experiment (same plots were used)
2011,4,11,101,NA,hf256-03,drake,42.54107,-72.174853,6,hemlock,conifer,obs,NA,NA,PH,TSCA,NA,NA,mineral,0-15,98.876,0.659,24.57,NA,1,6.759,NA,0.235,NA,6.683,5.04077715,1,Soil mass and density is Brozstek's mean from AAE2007 experiment (same plots were used)
2011,5,31,151,NA,hf256-03,drake,42.539171,-72.193363,1,ash,hardwood,obs,NA,NA,PH,FRAM,NA,NA,mineral,0-15,111.882,0.746,7.5133,NA,1,5.622,NA,0.397,NA,6.29,5.817375064,1,Soil mass and density is Brozstek's mean from AAE2007 experiment (same plots were used)
2011,5,31,151,NA,hf256-03,drake,42.539479,-72.193432,2,ash,hardwood,obs,NA,NA,PH,FRAM,NA,NA,mineral,0-15,111.882,0.746,7.5133,NA,1,5.232,NA,0.416,NA,5.853,5.413593353,1,Soil mass and density is Brozstek's mean from AAE2007 experiment (same plots were used)
2011,5,31,151,NA,hf256-03,drake,42.539508,-72.193024,3,ash,hardwood,obs,NA,NA,PH,FRAM,NA,NA,mineral,0-15,111.882,0.746,7.5133,NA,1,5.695,NA,0.419,NA,6.372,5.892952764,1,Soil mass and density is Brozstek's mean from AAE2007 experiment (same plots were used)
2011,5,31,151,NA,hf256-03,drake,42.539796,-72.193544,4,ash,hardwood,obs,NA,NA,PH,FRAM,NA,NA,mineral,0-15,111.882,0.746,7.5133,NA,1,8.379,NA,0.642,NA,9.375,8.670699441,1,Soil mass and density is Brozstek's mean from AAE2007 experiment (same plots were used)
2011,5,31,151,NA,hf256-03,drake,42.539573,-72.193925,5,ash,hardwood,obs,NA,NA,PH,FRAM,NA,NA,mineral,0-15,111.882,0.746,7.5133,NA,1,4.894,NA,0.374,NA,5.475,5.063753774,1,Soil mass and density is Brozstek's mean from AAE2007 experiment (same plots were used)
2011,5,31,151,NA,hf256-03,drake,42.539217,-72.194023,6,ash,hardwood,obs,NA,NA,PH,FRAM,NA,NA,mineral,0-15,111.882,0.746,7.5133,NA,1,8.301,NA,0.543,NA,9.287,8.58925114,1,Soil mass and density is Brozstek's mean from AAE2007 experiment (same plots were used)
2011,5,31,151,NA,hf256-03,drake,42.536033,-72.172642,1,ems_drydown,hardwood,obs,NA,NA,PH,QURU,NA,NA,mineral,0-15,NA,0.884,7.5133,NA,1,6.669,NA,0.278,NA,8.839,8.174510462,1,Density from Borken et al. (2006). Effect of summer throughfall exclusion; summer drought; and winter snow cover on methane fluxes in a temperate forest soil. Soil Biology & Biochemistry 38; 1388–1395
2011,5,31,151,NA,hf256-03,drake,42.535865,-72.172284,2,ems_drydown,hardwood,obs,NA,NA,PH,QURU,NA,NA,mineral,0-15,NA,0.884,7.5133,NA,1,4.702,NA,0.259,NA,6.231,5.762823613,1,Density from Borken et al. (2006). Effect of summer throughfall exclusion; summer drought; and winter snow cover on methane fluxes in a temperate forest soil. Soil Biology & Biochemistry 38; 1388–1395
2011,5,31,151,NA,hf256-03,drake,42.535359,-72.172391,3,ems_drydown,hardwood,obs,NA,NA,PH,QURU,NA,NA,mineral,0-15,NA,0.884,7.5133,NA,1,3.091,NA,0.19,NA,4.097,3.788917481,1,Density from Borken et al. (2006). Effect of summer throughfall exclusion; summer drought; and winter snow cover on methane fluxes in a temperate forest soil. Soil Biology & Biochemistry 38; 1388–1395
2011,5,31,151,NA,hf256-03,drake,42.535864,-72.173435,4,ems_drydown,hardwood,obs,NA,NA,PH,QURU,NA,NA,mineral,0-15,NA,0.884,7.5133,NA,1,4.873,NA,0.279,NA,6.457,5.972193353,1,Density from Borken et al. (2006). Effect of summer throughfall exclusion; summer drought; and winter snow cover on methane fluxes in a temperate forest soil. Soil Biology & Biochemistry 38; 1388–1395
2011,5,31,151,NA,hf256-03,drake,42.347058,-72.335288,5,ems_drydown,hardwood,obs,NA,NA,PH,QURU,NA,NA,mineral,0-15,NA,0.884,7.5133,NA,1,4.865,NA,0.275,NA,6.447,5.962500758,1,Density from Borken et al. (2006). Effect of summer throughfall exclusion; summer drought; and winter snow cover on methane fluxes in a temperate forest soil. Soil Biology & Biochemistry 38; 1388–1395
2011,5,31,151,NA,hf256-03,drake,42.535987,-72.173348,6,ems_drydown,hardwood,obs,NA,NA,PH,QURU,NA,NA,mineral,0-15,NA,0.884,7.5133,NA,1,3.966,NA,0.22,NA,5.255,4.860604622,1,Density from Borken et al. (2006). Effect of summer throughfall exclusion; summer drought; and winter snow cover on methane fluxes in a temperate forest soil. Soil Biology & Biochemistry 38; 1388–1395
2011,5,31,151,NA,hf256-03,drake,42.545576,-72.177492,1,hemlock,conifer,obs,NA,NA,PH,TSCA,NA,NA,mineral,0-15,98.876,0.659,24.57,NA,1,6.209,NA,0.291,NA,6.14,4.631069747,1,Soil mass and density is Brozstek's mean from AAE2007 experiment (same plots were used)
2011,5,31,151,NA,hf256-03,drake,42.545013,-72.177755,2,hemlock,conifer,obs,NA,NA,PH,TSCA,NA,NA,mineral,0-15,98.876,0.659,24.57,NA,1,4.443,NA,0.18,NA,4.393,3.313722116,1,Soil mass and density is Brozstek's mean from AAE2007 experiment (same plots were used)
2011,5,31,151,NA,hf256-03,drake,42.544728,-72.177819,3,hemlock,conifer,obs,NA,NA,PH,TSCA,NA,NA,mineral,0-15,98.876,0.659,24.57,NA,1,5.367,NA,0.202,NA,5.306,4.002573053,1,Soil mass and density is Brozstek's mean from AAE2007 experiment (same plots were used)
2011,5,31,151,NA,hf256-03,drake,42.544539,-72.177696,4,hemlock,conifer,obs,NA,NA,PH,TSCA,NA,NA,mineral,0-15,98.876,0.659,24.57,NA,1,3.621,NA,0.165,NA,3.581,2.700941503,1,Soil mass and density is Brozstek's mean from AAE2007 experiment (same plots were used)
2011,5,31,151,NA,hf256-03,drake,42.541819,-72.174989,5,hemlock,conifer,obs,NA,NA,PH,TSCA,NA,NA,mineral,0-15,98.876,0.659,24.57,NA,1,5.279,NA,0.206,NA,5.22,3.937390698,1,Soil mass and density is Brozstek's mean from AAE2007 experiment (same plots were used)
2011,5,31,151,NA,hf256-03,drake,42.54107,-72.174853,6,hemlock,conifer,obs,NA,NA,PH,TSCA,NA,NA,mineral,0-15,98.876,0.659,24.57,NA,1,5.638,NA,0.24,NA,5.574,4.204843416,1,Soil mass and density is Brozstek's mean from AAE2007 experiment (same plots were used)
2011,8,12,224,NA,hf256-03,drake,42.539171,-72.193363,1,ash,hardwood,obs,NA,NA,PH,FRAM,NA,NA,mineral,0-15,111.882,0.746,7.5133,NA,1,4.599,NA,0.336,NA,5.146,4.759040062,1,Soil mass and density is Brozstek's mean from AAE2007 experiment (same plots were used)
2011,8,12,224,NA,hf256-03,drake,42.539479,-72.193432,2,ash,hardwood,obs,NA,NA,PH,FRAM,NA,NA,mineral,0-15,111.882,0.746,7.5133,NA,1,4.594,NA,0.357,NA,5.14,4.753980629,1,Soil mass and density is Brozstek's mean from AAE2007 experiment (same plots were used)
2011,8,12,224,NA,hf256-03,drake,42.539508,-72.193024,3,ash,hardwood,obs,NA,NA,PH,FRAM,NA,NA,mineral,0-15,111.882,0.746,7.5133,NA,1,11.408,NA,0.864,NA,12.764,11.80478342,1,Soil mass and density is Brozstek's mean from AAE2007 experiment (same plots were used)
2011,8,12,224,NA,hf256-03,drake,42.539796,-72.193544,4,ash,hardwood,obs,NA,NA,PH,FRAM,NA,NA,mineral,0-15,111.882,0.746,7.5133,NA,1,8.357,NA,0.637,NA,9.351,8.647979849,1,Soil mass and density is Brozstek's mean from AAE2007 experiment (same plots were used)
2011,8,12,224,NA,hf256-03,drake,42.539573,-72.193925,5,ash,hardwood,obs,NA,NA,PH,FRAM,NA,NA,mineral,0-15,111.882,0.746,7.5133,NA,1,4.863,NA,0.364,NA,5.441,5.032526793,1,Soil mass and density is Brozstek's mean from AAE2007 experiment (same plots were used)
2011,8,12,224,NA,hf256-03,drake,42.539217,-72.194023,6,ash,hardwood,obs,NA,NA,PH,FRAM,NA,NA,mineral,0-15,111.882,0.746,7.5133,NA,1,7.202,NA,0.488,NA,8.057,7.452097716,1,Soil mass and density is Brozstek's mean from AAE2007 experiment (same plots were used)
2011,8,12,224,NA,hf256-03,drake,42.536033,-72.172642,1,ems_drydown,hardwood,obs,NA,NA,PH,QURU,NA,NA,mineral,0-15,NA,0.884,7.5133,NA,1,6.99,NA,0.274,NA,9.264,8.567740838,1,Density from Borken et al. (2006). Effect of summer throughfall exclusion; summer drought; and winter snow cover on methane fluxes in a temperate forest soil. Soil Biology & Biochemistry 38; 1388–1395
2011,8,12,224,NA,hf256-03,drake,42.535865,-72.172284,2,ems_drydown,hardwood,obs,NA,NA,PH,QURU,NA,NA,mineral,0-15,NA,0.884,7.5133,NA,1,9.295,NA,0.409,NA,12.319,11.39320047,1,Density from Borken et al. (2006). Effect of summer throughfall exclusion; summer drought; and winter snow cover on methane fluxes in a temperate forest soil. Soil Biology & Biochemistry 38; 1388–1395
2011,8,12,224,NA,hf256-03,drake,42.535359,-72.172391,3,ems_drydown,hardwood,obs,NA,NA,PH,QURU,NA,NA,mineral,0-15,NA,0.884,7.5133,NA,1,4.752,NA,0.216,NA,6.297,5.824170885,1,Density from Borken et al. (2006). Effect of summer throughfall exclusion; summer drought; and winter snow cover on methane fluxes in a temperate forest soil. Soil Biology & Biochemistry 38; 1388–1395
2011,8,12,224,NA,hf256-03,drake,42.535864,-72.173435,4,ems_drydown,hardwood,obs,NA,NA,PH,QURU,NA,NA,mineral,0-15,NA,0.884,7.5133,NA,1,10.368,NA,0.4,NA,13.74,12.70778605,1,Density from Borken et al. (2006). Effect of summer throughfall exclusion; summer drought; and winter snow cover on methane fluxes in a temperate forest soil. Soil Biology & Biochemistry 38; 1388–1395
2011,8,12,224,NA,hf256-03,drake,42.347058,-72.335288,5,ems_drydown,hardwood,obs,NA,NA,PH,QURU,NA,NA,mineral,0-15,NA,0.884,7.5133,NA,1,6.576,NA,0.33,NA,8.715,8.060509679,1,Density from Borken et al. (2006). Effect of summer throughfall exclusion; summer drought; and winter snow cover on methane fluxes in a temperate forest soil. Soil Biology & Biochemistry 38; 1388–1395
2011,8,12,224,NA,hf256-03,drake,42.535987,-72.173348,6,ems_drydown,hardwood,obs,NA,NA,PH,QURU,NA,NA,mineral,0-15,NA,0.884,7.5133,NA,1,4.746,NA,0.224,NA,6.29,5.817611552,1,Density from Borken et al. (2006). Effect of summer throughfall exclusion; summer drought; and winter snow cover on methane fluxes in a temperate forest soil. Soil Biology & Biochemistry 38; 1388–1395
2011,8,12,224,NA,hf256-03,drake,42.545576,-72.177492,1,hemlock,conifer,obs,NA,NA,PH,TSCA,NA,NA,mineral,0-15,98.876,0.659,24.57,NA,1,6.398,NA,0.278,NA,6.327,4.772096776,1,Soil mass and density is Brozstek's mean from AAE2007 experiment (same plots were used)
2011,8,12,224,NA,hf256-03,drake,42.545013,-72.177755,2,hemlock,conifer,obs,NA,NA,PH,TSCA,NA,NA,mineral,0-15,98.876,0.659,24.57,NA,1,8.418,NA,0.234,NA,8.323,6.278150109,1,Soil mass and density is Brozstek's mean from AAE2007 experiment (same plots were used)
2011,8,12,224,NA,hf256-03,drake,42.544728,-72.177819,3,hemlock,conifer,obs,NA,NA,PH,TSCA,NA,NA,mineral,0-15,98.876,0.659,24.57,NA,1,4.891,NA,0.175,NA,4.836,3.647496647,1,Soil mass and density is Brozstek's mean from AAE2007 experiment (same plots were used)
2011,8,12,224,NA,hf256-03,drake,42.544539,-72.177696,4,hemlock,conifer,obs,NA,NA,PH,TSCA,NA,NA,mineral,0-15,98.876,0.659,24.57,NA,1,8.271,NA,0.232,NA,8.178,6.168645572,1,Soil mass and density is Brozstek's mean from AAE2007 experiment (same plots were used)
2011,8,12,224,NA,hf256-03,drake,42.541819,-72.174989,5,hemlock,conifer,obs,NA,NA,PH,TSCA,NA,NA,mineral,0-15,98.876,0.659,24.57,NA,1,10.267,NA,0.363,NA,10.152,7.657559747,1,Soil mass and density is Brozstek's mean from AAE2007 experiment (same plots were used)
2011,8,12,224,NA,hf256-03,drake,42.54107,-72.174853,6,hemlock,conifer,obs,NA,NA,PH,TSCA,NA,NA,mineral,0-15,98.876,0.659,24.57,NA,1,13.281,NA,0.523,NA,13.132,9.905144707,1,Soil mass and density is Brozstek's mean from AAE2007 experiment (same plots were used)
2011,10,19,292,NA,hf256-03,drake,42.536033,-72.172642,1,ems_drydown,hardwood,obs,NA,NA,PH,QURU,NA,NA,mineral,0-15,NA,0.884,7.5133,NA,1,6.737,NA,0.401,NA,8.928,8.256965895,1,Density from Borken et al. (2006). Effect of summer throughfall exclusion; summer drought; and winter snow cover on methane fluxes in a temperate forest soil. Soil Biology & Biochemistry 38; 1388–1395
2011,10,19,292,NA,hf256-03,drake,42.535865,-72.172284,2,ems_drydown,hardwood,obs,NA,NA,PH,QURU,NA,NA,mineral,0-15,NA,0.884,7.5133,NA,1,6.022,NA,0.289,NA,7.981,7.381513754,1,Density from Borken et al. (2006). Effect of summer throughfall exclusion; summer drought; and winter snow cover on methane fluxes in a temperate forest soil. Soil Biology & Biochemistry 38; 1388–1395
2011,10,19,292,NA,hf256-03,drake,42.535359,-72.172391,3,ems_drydown,hardwood,obs,NA,NA,PH,QURU,NA,NA,mineral,0-15,NA,0.884,7.5133,NA,1,6.713,NA,0.26,NA,8.896,8.227844862,1,Density from Borken et al. (2006). Effect of summer throughfall exclusion; summer drought; and winter snow cover on methane fluxes in a temperate forest soil. Soil Biology & Biochemistry 38; 1388–1395
2011,10,19,292,NA,hf256-03,drake,42.535864,-72.173435,4,ems_drydown,hardwood,obs,NA,NA,PH,QURU,NA,NA,mineral,0-15,NA,0.884,7.5133,NA,1,6.932,NA,0.322,NA,9.186,8.496049305,1,Density from Borken et al. (2006). Effect of summer throughfall exclusion; summer drought; and winter snow cover on methane fluxes in a temperate forest soil. Soil Biology & Biochemistry 38; 1388–1395
2011,10,19,292,NA,hf256-03,drake,42.347058,-72.335288,5,ems_drydown,hardwood,obs,NA,NA,PH,QURU,NA,NA,mineral,0-15,NA,0.884,7.5133,NA,1,10.19,NA,0.483,NA,13.505,12.4899423,1,Density from Borken et al. (2006). Effect of summer throughfall exclusion; summer drought; and winter snow cover on methane fluxes in a temperate forest soil. Soil Biology & Biochemistry 38; 1388–1395
2011,10,19,292,NA,hf256-03,drake,42.535987,-72.173348,6,ems_drydown,hardwood,obs,NA,NA,PH,QURU,NA,NA,mineral,0-15,NA,0.884,7.5133,NA,1,5.898,NA,0.303,NA,7.816,7.228802792,1,Density from Borken et al. (2006). Effect of summer throughfall exclusion; summer drought; and winter snow cover on methane fluxes in a temperate forest soil. Soil Biology & Biochemistry 38; 1388–1395
2011,10,19,292,NA,hf256-03,drake,42.545576,-72.177492,1,hemlock,conifer,obs,NA,NA,PH,TSCA,NA,NA,mineral,0-15,98.876,0.659,24.57,NA,1,5.019,NA,0.223,NA,4.963,3.743459639,1,Soil mass and density is Brozstek's mean from AAE2007 experiment (same plots were used)
2011,10,19,292,NA,hf256-03,drake,42.545013,-72.177755,2,hemlock,conifer,obs,NA,NA,PH,TSCA,NA,NA,mineral,0-15,98.876,0.659,24.57,NA,1,7.839,NA,0.271,NA,7.751,5.846607378,1,Soil mass and density is Brozstek's mean from AAE2007 experiment (same plots were used)
2011,10,19,292,NA,hf256-03,drake,42.544728,-72.177819,3,hemlock,conifer,obs,NA,NA,PH,TSCA,NA,NA,mineral,0-15,98.876,0.659,24.57,NA,1,7.187,NA,0.302,NA,7.106,5.359921535,1,Soil mass and density is Brozstek's mean from AAE2007 experiment (same plots were used)
2011,10,19,292,NA,hf256-03,drake,42.544539,-72.177696,4,hemlock,conifer,obs,NA,NA,PH,TSCA,NA,NA,mineral,0-15,98.876,0.659,24.57,NA,1,4.833,NA,0.191,NA,4.778,3.604345219,1,Soil mass and density is Brozstek's mean from AAE2007 experiment (same plots were used)
2011,10,19,292,NA,hf256-03,drake,42.541819,-72.174989,5,hemlock,conifer,obs,NA,NA,PH,TSCA,NA,NA,mineral,0-15,98.876,0.659,24.57,NA,1,5.049,NA,0.191,NA,4.992,3.765347601,1,Soil mass and density is Brozstek's mean from AAE2007 experiment (same plots were used)
2011,10,19,292,NA,hf256-03,drake,42.54107,-72.174853,6,hemlock,conifer,obs,NA,NA,PH,TSCA,NA,NA,mineral,0-15,98.876,0.659,24.57,NA,1,8.786,NA,0.309,NA,8.687,6.552799118,1,Soil mass and density is Brozstek's mean from AAE2007 experiment (same plots were used)
2011,11,15,319,NA,hf256-03,drake,42.539171,-72.193363,1,ash,hardwood,obs,NA,NA,PH,FRAM,NA,NA,mineral,0-15,111.882,0.746,7.5133,NA,1,3.2,NA,0.233,NA,3.58,3.310798307,1,Soil mass and density is Brozstek's mean from AAE2007 experiment (same plots were used)
2011,11,15,319,NA,hf256-03,drake,42.539479,-72.193432,2,ash,hardwood,obs,NA,NA,PH,FRAM,NA,NA,mineral,0-15,111.882,0.746,7.5133,NA,1,4.06,NA,0.33,NA,4.542,4.200912557,1,Soil mass and density is Brozstek's mean from AAE2007 experiment (same plots were used)
2011,11,15,319,NA,hf256-03,drake,42.539508,-72.193024,3,ash,hardwood,obs,NA,NA,PH,FRAM,NA,NA,mineral,0-15,111.882,0.746,7.5133,NA,1,5.724,NA,0.412,NA,6.404,5.922636356,1,Soil mass and density is Brozstek's mean from AAE2007 experiment (same plots were used)
2011,11,15,319,NA,hf256-03,drake,42.539796,-72.193544,4,ash,hardwood,obs,NA,NA,PH,FRAM,NA,NA,mineral,0-15,111.882,0.746,7.5133,NA,1,5.523,NA,0.401,NA,6.179,5.714457473,1,Soil mass and density is Brozstek's mean from AAE2007 experiment (same plots were used)
2011,11,15,319,NA,hf256-03,drake,42.539573,-72.193925,5,ash,hardwood,obs,NA,NA,PH,FRAM,NA,NA,mineral,0-15,111.882,0.746,7.5133,NA,1,11.174,NA,0.806,NA,12.502,11.56247137,1,Soil mass and density is Brozstek's mean from AAE2007 experiment (same plots were used)
2011,11,15,319,NA,hf256-03,drake,42.539217,-72.194023,6,ash,hardwood,obs,NA,NA,PH,FRAM,NA,NA,mineral,0-15,111.882,0.746,7.5133,NA,1,11.788,NA,0.691,NA,13.189,12.19774168,1,Soil mass and density is Brozstek's mean from AAE2007 experiment (same plots were used)
2007,9,NA,NA,NA,hf180-07,brzostek,42.87,-72.45,NA,Pisgah,hardwood,obs,NA,NA,PISGAH,ACSA,NA,NA,mineral,0-15,114.757,0.765,7.5133,NA,1,3.226,NA,0.258,NA,3.702,3.423925162,0,Soil mass and density is the mean from AAE2007 experiment (same plots were used)
2007,9,NA,NA,NA,hf180-07,brzostek,42.87,-72.45,NA,Pisgah,hardwood,obs,NA,NA,PISGAH,ACSA,NA,NA,mineral,0-15,114.757,0.765,7.5133,NA,1,4.049,NA,0.31,NA,4.647,4.297418779,0,Soil mass and density is the mean from AAE2007 experiment (same plots were used)
2007,9,NA,NA,NA,hf180-07,brzostek,42.87,-72.45,NA,Pisgah,hardwood,obs,NA,NA,PISGAH,ACSA,NA,NA,mineral,0-15,114.757,0.765,7.5133,NA,1,2.675,NA,0.259,NA,3.07,2.839119594,0,Soil mass and density is the mean from AAE2007 experiment (same plots were used)
2007,9,NA,NA,NA,hf180-07,brzostek,42.87,-72.45,NA,Pisgah,hardwood,obs,NA,NA,PISGAH,ACSA,NA,NA,mineral,0-15,114.757,0.765,7.5133,NA,1,3.711,NA,0.277,NA,4.259,3.938681425,0,Soil mass and density is the mean from AAE2007 experiment (same plots were used)
2007,9,NA,NA,NA,hf180-07,brzostek,42.53945733,-72.19355183,NA,ash,hardwood,obs,NA,NA,PH,FRAM,NA,NA,mineral,0-15,98.526,0.657,7.5133,NA,1,5.373,NA,0.436,NA,5.294,4.896065047,1,Soil mass and density is the mean from AAE2007 experiment (same plots were used)
2007,9,NA,NA,NA,hf180-07,brzostek,42.53945733,-72.19355183,NA,ash,hardwood,obs,NA,NA,PH,FRAM,NA,NA,mineral,0-15,98.526,0.657,7.5133,NA,1,5.847,NA,0.425,NA,5.761,5.327990383,1,Soil mass and density is the mean from AAE2007 experiment (same plots were used)
2007,9,NA,NA,NA,hf180-07,brzostek,42.53945733,-72.19355183,NA,ash,hardwood,obs,NA,NA,PH,FRAM,NA,NA,mineral,0-15,98.526,0.657,7.5133,NA,1,5.376,NA,0.414,NA,5.297,4.898798751,1,Soil mass and density is the mean from AAE2007 experiment (same plots were used)
2007,9,NA,NA,NA,hf180-07,brzostek,42.53945733,-72.19355183,NA,ash,hardwood,obs,NA,NA,PH,FRAM,NA,NA,mineral,0-15,98.526,0.657,7.5133,NA,1,5.493,NA,0.446,NA,5.412,5.005777727,1,Soil mass and density is the mean from AAE2007 experiment (same plots were used)
2007,9,NA,NA,NA,hf180-07,brzostek,42.53945733,-72.19355183,NA,ash,hardwood,obs,NA,NA,PH,FRAM,NA,NA,mineral,0-15,98.526,0.657,7.5133,NA,1,6.594,NA,0.481,NA,6.497,6.008682843,1,Soil mass and density is the mean from AAE2007 experiment (same plots were used)
2007,9,NA,NA,NA,hf180-07,brzostek,42.53945733,-72.19355183,NA,ash,hardwood,obs,NA,NA,PH,FRAM,NA,NA,mineral,0-15,98.526,0.657,7.5133,NA,1,4.445,NA,0.296,NA,4.379,4.050439072,1,Soil mass and density is the mean from AAE2007 experiment (same plots were used)
2007,9,NA,NA,NA,hf180-07,brzostek,42.54379083,-72.17676733,NA,hemlock,conifer,obs,NA,NA,PH,TSCA,NA,NA,mineral,0-15,103.427,0.69,24.57,NA,1,3.556,NA,0.157,NA,3.678,2.774218318,1,Soil mass and density is the mean from AAE2007 experiment (same plots were used)
2007,9,NA,NA,NA,hf180-07,brzostek,42.54379083,-72.17676733,NA,hemlock,conifer,obs,NA,NA,PH,TSCA,NA,NA,mineral,0-15,103.427,0.69,24.57,NA,1,3.558,NA,0.136,NA,3.68,2.775778621,1,Soil mass and density is the mean from AAE2007 experiment (same plots were used)
2007,9,NA,NA,NA,hf180-07,brzostek,42.54379083,-72.17676733,NA,hemlock,conifer,obs,NA,NA,PH,TSCA,NA,NA,mineral,0-15,103.427,0.69,24.57,NA,1,3.728,NA,0.162,NA,3.856,2.908404356,1,Soil mass and density is the mean from AAE2007 experiment (same plots were used)
2007,9,NA,NA,NA,hf180-07,brzostek,42.54379083,-72.17676733,NA,hemlock,conifer,obs,NA,NA,PH,TSCA,NA,NA,mineral,0-15,103.427,0.69,24.57,NA,1,5.518,NA,0.195,NA,5.707,4.304875332,1,Soil mass and density is the mean from AAE2007 experiment (same plots were used)
2007,9,NA,NA,NA,hf180-07,brzostek,42.54379083,-72.17676733,NA,hemlock,conifer,obs,NA,NA,PH,TSCA,NA,NA,mineral,0-15,103.427,0.69,24.57,NA,1,5.194,NA,0.194,NA,5.372,4.052106284,1,Soil mass and density is the mean from AAE2007 experiment (same plots were used)
2007,9,NA,NA,NA,hf180-07,brzostek,42.54379083,-72.17676733,NA,hemlock,conifer,obs,NA,NA,PH,TSCA,NA,NA,mineral,0-15,103.427,0.69,24.57,NA,1,8.677,NA,0.321,NA,8.974,6.769373551,1,Soil mass and density is the mean from AAE2007 experiment (same plots were used)
2007,9,NA,NA,NA,hf180-07,brzostek,42.87,-72.45,NA,Pisgah,hardwood,obs,NA,NA,PISGAH,FAGR,NA,NA,mineral,0-15,110.521,0.737,7.5133,NA,1,3.177,NA,0.217,NA,3.511,3.247454793,0,Soil mass and density is the mean from AAE2007 experiment (same plots were used)
2007,9,NA,NA,NA,hf180-07,brzostek,42.87,-72.45,NA,Pisgah,hardwood,obs,NA,NA,PISGAH,FAGR,NA,NA,mineral,0-15,110.521,0.737,7.5133,NA,1,4.092,NA,0.214,NA,4.523,4.182746305,0,Soil mass and density is the mean from AAE2007 experiment (same plots were used)
2007,9,NA,NA,NA,hf180-07,brzostek,42.87,-72.45,NA,Pisgah,hardwood,obs,NA,NA,PISGAH,FAGR,NA,NA,mineral,0-15,110.521,0.737,7.5133,NA,1,3.048,NA,0.142,NA,3.369,3.115594022,0,Soil mass and density is the mean from AAE2007 experiment (same plots were used)
2007,9,NA,NA,NA,hf180-07,brzostek,42.87,-72.45,NA,Pisgah,hardwood,obs,NA,NA,PISGAH,FAGR,NA,NA,mineral,0-15,110.521,0.737,7.5133,NA,1,3.265,NA,0.144,NA,3.609,3.337406326,0,Soil mass and density is the mean from AAE2007 experiment (same plots were used)
2007,9,NA,NA,NA,hf180-07,brzostek,42.87,-72.45,NA,Pisgah,hardwood,obs,NA,NA,PISGAH,FAGR,NA,NA,mineral,0-15,110.521,0.737,7.5133,NA,1,3.373,NA,0.157,NA,3.728,3.44780139,0,Soil mass and density is the mean from AAE2007 experiment (same plots were used)
2007,9,NA,NA,NA,hf180-07,brzostek,42.87,-72.45,NA,Pisgah,hardwood,obs,NA,NA,PISGAH,FAGR,NA,NA,mineral,0-15,110.521,0.737,7.5133,NA,1,2.475,NA,0.121,NA,2.735,2.529886878,0,Soil mass and density is the mean from AAE2007 experiment (same plots were used)
2007,9,NA,NA,NA,hf180-07,brzostek,42.54379083,-72.17676733,NA,hemlock,conifer,obs,NA,NA,PH,TSCA,NA,NA,organic,NA,5.198,NA,0,NA,1,49.315,NA,1.372,NA,2.564,2.56354885,1,Soil mass is the mean from AAE2007 experiment (same plots were used)
2007,9,NA,NA,NA,hf180-07,brzostek,42.54379083,-72.17676733,NA,hemlock,conifer,obs,NA,NA,PH,TSCA,NA,NA,organic,NA,5.198,NA,0,NA,1,40.999,NA,1.504,NA,2.131,2.131257007,1,Soil mass is the mean from AAE2007 experiment (same plots were used)
2007,9,NA,NA,NA,hf180-07,brzostek,42.54379083,-72.17676733,NA,hemlock,conifer,obs,NA,NA,PH,TSCA,NA,NA,organic,NA,5.198,NA,0,NA,1,50.046,NA,1.463,NA,2.602,2.601527736,1,Soil mass is the mean from AAE2007 experiment (same plots were used)
2007,9,NA,NA,NA,hf180-07,brzostek,42.54379083,-72.17676733,NA,hemlock,conifer,obs,NA,NA,PH,TSCA,NA,NA,organic,NA,5.198,NA,0,NA,1,36.849,NA,1.637,NA,1.916,1.91552695,1,Soil mass is the mean from AAE2007 experiment (same plots were used)
2007,9,NA,NA,NA,hf180-07,brzostek,42.54379083,-72.17676733,NA,hemlock,conifer,obs,NA,NA,PH,TSCA,NA,NA,organic,NA,5.198,NA,0,NA,1,48.922,NA,1.688,NA,2.543,2.543119473,1,Soil mass is the mean from AAE2007 experiment (same plots were used)
2007,9,NA,NA,NA,hf180-07,brzostek,42.54379083,-72.17676733,NA,hemlock,conifer,obs,NA,NA,PH,TSCA,NA,NA,organic,NA,5.198,NA,0,NA,1,49.36,NA,1.615,NA,2.566,2.565888091,1,Soil mass is the mean from AAE2007 experiment (same plots were used)
2007,9,NA,NA,NA,hf180-07,brzostek,42.87,-72.45,NA,Pisgah,hardwood,obs,NA,NA,PISGAH,FAGR,NA,NA,organic,NA,3.044,NA,0,NA,1,40.212,NA,2.055,NA,1.224,1.224117841,0,Soil mass is the mean from AAE2007 experiment (same plots were used)
2007,9,NA,NA,NA,hf180-07,brzostek,42.87,-72.45,NA,Pisgah,hardwood,obs,NA,NA,PISGAH,FAGR,NA,NA,organic,NA,3.044,NA,0,NA,1,49.605,NA,1.931,NA,1.51,1.51005493,0,Soil mass is the mean from AAE2007 experiment (same plots were used)
2007,9,NA,NA,NA,hf180-07,brzostek,42.87,-72.45,NA,Pisgah,hardwood,obs,NA,NA,PISGAH,FAGR,NA,NA,organic,NA,3.044,NA,0,NA,1,46.487,NA,1.903,NA,1.415,1.41514034,0,Soil mass is the mean from AAE2007 experiment (same plots were used)
2007,9,NA,NA,NA,hf180-07,brzostek,42.87,-72.45,NA,Pisgah,hardwood,obs,NA,NA,PISGAH,FAGR,NA,NA,organic,NA,3.044,NA,0,NA,1,41.026,NA,1.776,NA,1.249,1.248912713,0,Soil mass is the mean from AAE2007 experiment (same plots were used)
2007,9,NA,NA,NA,hf180-07,brzostek,42.87,-72.45,NA,Pisgah,hardwood,obs,NA,NA,PISGAH,FAGR,NA,NA,organic,NA,3.044,NA,0,NA,1,49.777,NA,1.96,NA,1.515,1.515303102,0,Soil mass is the mean from AAE2007 experiment (same plots were used)
2007,9,NA,NA,NA,hf180-07,brzostek,42.87,-72.45,NA,Pisgah,hardwood,obs,NA,NA,PISGAH,FAGR,NA,NA,organic,NA,3.044,NA,0,NA,1,50.555,NA,2.025,NA,1.539,1.538986848,0,Soil mass is the mean from AAE2007 experiment (same plots were used)
2010,6,NA,NA,NA,hf180-07,brzostek,42.53945733,-72.19355183,1,ash,hardwood,obs,NA,NA,PH,FRAM,NA,NA,mineral,0-15,106.101,0.707,7.5133,NA,1,5.492,NA,0.385,NA,5.827,5.388828544,1,Soil mass and density is the mean from AAE2007 experiment (same plots were used)
2010,6,NA,NA,NA,hf180-07,brzostek,42.53945733,-72.19355183,2,ash,hardwood,obs,NA,NA,PH,FRAM,NA,NA,mineral,0-15,106.101,0.707,7.5133,NA,1,5.848,NA,0.453,NA,6.205,5.739010594,1,Soil mass and density is the mean from AAE2007 experiment (same plots were used)
2010,6,NA,NA,NA,hf180-07,brzostek,42.53945733,-72.19355183,3,ash,hardwood,obs,NA,NA,PH,FRAM,NA,NA,mineral,0-15,106.101,0.707,7.5133,NA,1,8.198,NA,0.54,NA,8.698,8.044670701,1,Soil mass and density is the mean from AAE2007 experiment (same plots were used)
2010,6,NA,NA,NA,hf180-07,brzostek,42.53945733,-72.19355183,4,ash,hardwood,obs,NA,NA,PH,FRAM,NA,NA,mineral,0-15,106.101,0.707,7.5133,NA,1,7.502,NA,0.521,NA,7.96,7.361730823,1,Soil mass and density is the mean from AAE2007 experiment (same plots were used)
2010,6,NA,NA,NA,hf180-07,brzostek,42.53945733,-72.19355183,5,ash,hardwood,obs,NA,NA,PH,FRAM,NA,NA,mineral,0-15,106.101,0.707,7.5133,NA,1,8.002,NA,0.495,NA,8.49,7.852023501,1,Soil mass and density is the mean from AAE2007 experiment (same plots were used)
2010,6,NA,NA,NA,hf180-07,brzostek,42.53945733,-72.19355183,6,ash,hardwood,obs,NA,NA,PH,FRAM,NA,NA,mineral,0-15,106.101,0.707,7.5133,NA,1,8.222,NA,0.494,NA,8.723,8.067937312,1,Soil mass and density is the mean from AAE2007 experiment (same plots were used)
2010,6,NA,NA,NA,hf180-07,brzostek,42.54379083,-72.17676733,1,hemlock,conifer,obs,NA,NA,PH,TSCA,NA,NA,mineral,0-15,98.437,0.656,24.57,NA,1,16.719,NA,0.526,NA,16.457,12.41385628,1,Soil mass and density is the mean from AAE2007 experiment (same plots were used)
2010,6,NA,NA,NA,hf180-07,brzostek,42.54379083,-72.17676733,3,hemlock,conifer,obs,NA,NA,PH,TSCA,NA,NA,mineral,0-15,98.437,0.656,24.57,NA,1,11.718,NA,0.338,NA,11.535,8.700548132,1,Soil mass and density is the mean from AAE2007 experiment (same plots were used)
2010,6,NA,NA,NA,hf180-07,brzostek,42.54379083,-72.17676733,4,hemlock,conifer,obs,NA,NA,PH,TSCA,NA,NA,mineral,0-15,98.437,0.656,24.57,NA,1,18.754,NA,0.511,NA,18.461,13.92505743,1,Soil mass and density is the mean from AAE2007 experiment (same plots were used)
2010,6,NA,NA,NA,hf180-07,brzostek,42.54379083,-72.17676733,5,hemlock,conifer,obs,NA,NA,PH,TSCA,NA,NA,mineral,0-15,98.437,0.656,24.57,NA,1,28.954,NA,0.692,NA,28.501,21.49860888,1,Percent C very high - doubtfull it was all mineral soil. Soil mass and density is the mean from AAE2007 experiment (same plots were used)
2010,6,NA,NA,NA,hf180-07,brzostek,42.54379083,-72.17676733,6,hemlock,conifer,obs,NA,NA,PH,TSCA,NA,NA,mineral,0-15,98.437,0.656,24.57,NA,1,11.461,NA,0.292,NA,11.282,8.509922312,1,Soil mass and density is the mean from AAE2007 experiment (same plots were used)
2010,6,NA,NA,NA,hf180-07,brzostek,42.504361,-72.199898,1,ems,hardwood,obs,NA,NA,PH,QURU,NA,NA,mineral,0-15,NA,0.884,7.5133,NA,1,5.911,NA,0.27,NA,7.834,7.245487801,1,Density from Borken et al. (2006). Effect of summer throughfall exclusion; summer drought; and winter snow cover on methane fluxes in a temperate forest soil. Soil Biology & Biochemistry 38; 1388–1395
2010,6,NA,NA,NA,hf180-07,brzostek,42.504361,-72.199898,2,ems,hardwood,obs,NA,NA,PH,QURU,NA,NA,mineral,0-15,NA,0.884,7.5133,NA,1,13.308,NA,0.454,NA,17.636,16.3114101,1,Density from Borken et al. (2006). Effect of summer throughfall exclusion; summer drought; and winter snow cover on methane fluxes in a temperate forest soil. Soil Biology & Biochemistry 38; 1388–1395
2010,6,NA,NA,NA,hf180-07,brzostek,42.504361,-72.199898,3,ems,hardwood,obs,NA,NA,PH,QURU,NA,NA,mineral,0-15,NA,0.884,7.5133,NA,1,16.843,NA,0.554,NA,22.322,20.64469528,1,Density from Borken et al. (2006). Effect of summer throughfall exclusion; summer drought; and winter snow cover on methane fluxes in a temperate forest soil. Soil Biology & Biochemistry 38; 1388–1395
2010,6,NA,NA,NA,hf180-07,brzostek,42.504361,-72.199898,4,ems,hardwood,obs,NA,NA,PH,QURU,NA,NA,mineral,0-15,NA,0.884,7.5133,NA,1,12.404,NA,0.424,NA,16.438,15.2032831,1,Density from Borken et al. (2006). Effect of summer throughfall exclusion; summer drought; and winter snow cover on methane fluxes in a temperate forest soil. Soil Biology & Biochemistry 38; 1388–1395
2010,6,NA,NA,NA,hf180-07,brzostek,42.504361,-72.199898,5,ems,hardwood,obs,NA,NA,PH,QURU,NA,NA,mineral,0-15,NA,0.884,7.5133,NA,1,6.97,NA,0.319,NA,9.238,8.543573058,1,Density from Borken et al. (2006). Effect of summer throughfall exclusion; summer drought; and winter snow cover on methane fluxes in a temperate forest soil. Soil Biology & Biochemistry 38; 1388–1395
2010,6,NA,NA,NA,hf180-07,brzostek,42.504361,-72.199898,6,ems,hardwood,obs,NA,NA,PH,QURU,NA,NA,mineral,0-15,NA,0.884,7.5133,NA,1,10.631,NA,0.409,NA,14.089,13.03046925,1,Density from Borken et al. (2006). Effect of summer throughfall exclusion; summer drought; and winter snow cover on methane fluxes in a temperate forest soil. Soil Biology & Biochemistry 38; 1388–1395
2010,8,NA,NA,NA,hf180-07,brzostek,42.53945733,-72.19355183,1,ash,hardwood,obs,NA,NA,PH,FRAM,NA,NA,mineral,0-15,106.101,0.707,7.5133,NA,1,3.521,NA,0.222,NA,3.736,3.45528892,1,Soil mass and density is the mean from AAE2007 experiment (same plots were used)
2010,8,NA,NA,NA,hf180-07,brzostek,42.53945733,-72.19355183,2,ash,hardwood,obs,NA,NA,PH,FRAM,NA,NA,mineral,0-15,106.101,0.707,7.5133,NA,1,6.121,NA,0.447,NA,6.494,6.006042258,1,Soil mass and density is the mean from AAE2007 experiment (same plots were used)
2010,8,NA,NA,NA,hf180-07,brzostek,42.53945733,-72.19355183,3,ash,hardwood,obs,NA,NA,PH,FRAM,NA,NA,mineral,0-15,106.101,0.707,7.5133,NA,1,4.819,NA,0.358,NA,5.113,4.728565235,1,Soil mass and density is the mean from AAE2007 experiment (same plots were used)
2010,8,NA,NA,NA,hf180-07,brzostek,42.53945733,-72.19355183,4,ash,hardwood,obs,NA,NA,PH,FRAM,NA,NA,mineral,0-15,106.101,0.707,7.5133,NA,1,6.527,NA,0.42,NA,6.925,6.404768161,1,Soil mass and density is the mean from AAE2007 experiment (same plots were used)
2010,8,NA,NA,NA,hf180-07,brzostek,42.53945733,-72.19355183,5,ash,hardwood,obs,NA,NA,PH,FRAM,NA,NA,mineral,0-15,106.101,0.707,7.5133,NA,1,5.795,NA,0.41,NA,6.148,5.686390265,1,Soil mass and density is the mean from AAE2007 experiment (same plots were used)
2010,8,NA,NA,NA,hf180-07,brzostek,42.53945733,-72.19355183,6,ash,hardwood,obs,NA,NA,PH,FRAM,NA,NA,mineral,0-15,106.101,0.707,7.5133,NA,1,5.472,NA,0.366,NA,5.806,5.369902781,1,Soil mass and density is the mean from AAE2007 experiment (same plots were used)
2010,8,NA,NA,NA,hf180-07,brzostek,42.54379083,-72.17676733,1,hemlock,conifer,obs,NA,NA,PH,TSCA,NA,NA,mineral,0-15,98.437,0.656,24.57,NA,1,7.67,NA,0.242,NA,7.55,5.695010623,1,Soil mass and density is the mean from AAE2007 experiment (same plots were used)
2010,8,NA,NA,NA,hf180-07,brzostek,42.54379083,-72.17676733,2,hemlock,conifer,obs,NA,NA,PH,TSCA,NA,NA,mineral,0-15,98.437,0.656,24.57,NA,1,8.142,NA,0.241,NA,8.015,6.04538033,1,Soil mass and density is the mean from AAE2007 experiment (same plots were used)
2010,8,NA,NA,NA,hf180-07,brzostek,42.54379083,-72.17676733,3,hemlock,conifer,obs,NA,NA,PH,TSCA,NA,NA,mineral,0-15,98.437,0.656,24.57,NA,1,12.629,NA,0.363,NA,12.432,9.37730371,1,Soil mass and density is the mean from AAE2007 experiment (same plots were used)
2010,8,NA,NA,NA,hf180-07,brzostek,42.54379083,-72.17676733,4,hemlock,conifer,obs,NA,NA,PH,TSCA,NA,NA,mineral,0-15,98.437,0.656,24.57,NA,1,9.524,NA,0.308,NA,9.375,7.071759616,1,Soil mass and density is the mean from AAE2007 experiment (same plots were used)
2010,8,NA,NA,NA,hf180-07,brzostek,42.54379083,-72.17676733,5,hemlock,conifer,obs,NA,NA,PH,TSCA,NA,NA,mineral,0-15,98.437,0.656,24.57,NA,1,8.382,NA,0.269,NA,8.251,6.223978117,1,Soil mass and density is the mean from AAE2007 experiment (same plots were used)
2010,8,NA,NA,NA,hf180-07,brzostek,42.54379083,-72.17676733,6,hemlock,conifer,obs,NA,NA,PH,TSCA,NA,NA,mineral,0-15,98.437,0.656,24.57,NA,1,5.418,NA,0.179,NA,5.334,4.023226816,1,Soil mass and density is the mean from AAE2007 experiment (same plots were used)
2010,8,NA,NA,NA,hf180-07,brzostek,42.504361,-72.199898,1,ems,hardwood,obs,NA,NA,PH,QURU,NA,NA,mineral,0-15,NA,0.884,7.5133,NA,1,6.317,NA,0.237,NA,8.371,7.742344892,1,Density from Borken et al. (2006). Effect of summer throughfall exclusion; summer drought; and winter snow cover on methane fluxes in a temperate forest soil. Soil Biology & Biochemistry 38; 1388–1395
2010,8,NA,NA,NA,hf180-07,brzostek,42.504361,-72.199898,2,ems,hardwood,obs,NA,NA,PH,QURU,NA,NA,mineral,0-15,NA,0.884,7.5133,NA,1,3.833,NA,0.167,NA,5.08,4.698379909,1,Density from Borken et al. (2006). Effect of summer throughfall exclusion; summer drought; and winter snow cover on methane fluxes in a temperate forest soil. Soil Biology & Biochemistry 38; 1388–1395
2010,8,NA,NA,NA,hf180-07,brzostek,42.504361,-72.199898,3,ems,hardwood,obs,NA,NA,PH,QURU,NA,NA,mineral,0-15,NA,0.884,7.5133,NA,1,4.831,NA,0.212,NA,6.402,5.921374445,1,Density from Borken et al. (2006). Effect of summer throughfall exclusion; summer drought; and winter snow cover on methane fluxes in a temperate forest soil. Soil Biology & Biochemistry 38; 1388–1395
2010,8,NA,NA,NA,hf180-07,brzostek,42.504361,-72.199898,4,ems,hardwood,obs,NA,NA,PH,QURU,NA,NA,mineral,0-15,NA,0.884,7.5133,NA,1,6.794,NA,0.317,NA,9.004,8.327456375,1,Density from Borken et al. (2006). Effect of summer throughfall exclusion; summer drought; and winter snow cover on methane fluxes in a temperate forest soil. Soil Biology & Biochemistry 38; 1388–1395
2010,8,NA,NA,NA,hf180-07,brzostek,42.504361,-72.199898,5,ems,hardwood,obs,NA,NA,PH,QURU,NA,NA,mineral,0-15,NA,0.884,7.5133,NA,1,7.207,NA,0.304,NA,9.552,8.833997293,1,Density from Borken et al. (2006). Effect of summer throughfall exclusion; summer drought; and winter snow cover on methane fluxes in a temperate forest soil. Soil Biology & Biochemistry 38; 1388–1395
2010,8,NA,NA,NA,hf180-07,brzostek,42.504361,-72.199898,6,ems,hardwood,obs,NA,NA,PH,QURU,NA,NA,mineral,0-15,NA,0.884,7.5133,NA,1,3.441,NA,0.162,NA,4.56,4.217761888,1,Density from Borken et al. (2006). Effect of summer throughfall exclusion; summer drought; and winter snow cover on methane fluxes in a temperate forest soil. Soil Biology & Biochemistry 38; 1388–1395
2010,NA,NA,NA,NA,hf257-20,lemos,42.54379083,-72.17676733,NA,hemlock,conifer,exp,control (old growth),NA,PH,TSCA,NA,NA,organic,NA,NA,NA,0,NA,1,49.47,NA,1.397,NA,NA,NA,1,
2010,NA,NA,NA,NA,hf257-20,lemos,42.54379083,-72.17676733,NA,hemlock,conifer,exp,control (old growth),NA,PH,TSCA,NA,NA,organic,NA,NA,NA,0,NA,1,47.21,NA,1.381,NA,NA,NA,1,
2010,NA,NA,NA,NA,hf257-20,lemos,42.54379083,-72.17676733,NA,hemlock,conifer,exp,control (old growth),NA,PH,TSCA,NA,NA,organic,NA,NA,NA,0,NA,1,47.373,NA,1.44,NA,NA,NA,1,
2010,NA,NA,NA,NA,hf257-20,lemos,42.54379083,-72.17676733,NA,hemlock,conifer,exp,control (old growth),NA,PH,TSCA,NA,NA,organic,NA,NA,NA,0,NA,1,45.538,NA,1.007,NA,NA,NA,1,
2010,NA,NA,NA,NA,hf257-20,lemos,42.54379083,-72.17676733,NA,hemlock,conifer,exp,control (old growth),NA,PH,TSCA,NA,NA,organic,NA,NA,NA,0,NA,1,43.458,NA,1.382,NA,NA,NA,1,
2010,NA,NA,NA,NA,hf257-20,lemos,42.54379083,-72.17676733,NA,hemlock,conifer,exp,control (old growth),NA,PH,TSCA,NA,NA,organic,NA,NA,NA,0,NA,1,47.102,NA,1.247,NA,NA,NA,1,
2010,NA,NA,NA,NA,hf257-20,lemos,42.54379083,-72.17676733,NA,hemlock,conifer,exp,control (old growth),NA,PH,TSCA,NA,NA,organic,NA,NA,NA,0,NA,1,47.407,NA,1.401,NA,NA,NA,1,
2010,NA,NA,NA,NA,hf257-20,lemos,42.54379083,-72.17676733,NA,hemlock,conifer,exp,control (old growth),NA,PH,TSCA,NA,NA,organic,NA,NA,NA,0,NA,1,39.259,NA,1.449,NA,NA,NA,1,
2010,NA,NA,NA,NA,hf257-20,lemos,42.54379083,-72.17676733,NA,hemlock,conifer,exp,control (old growth),NA,PH,TSCA,NA,NA,organic,NA,NA,NA,0,NA,1,32.595,NA,1.228,NA,NA,NA,1,
2010,NA,NA,NA,NA,hf257-20,lemos,42.54379083,-72.17676733,NA,hemlock,conifer,exp,control (old growth),NA,PH,TSCA,NA,NA,organic,NA,NA,NA,0,NA,1,44.778,NA,1.295,NA,NA,NA,1,
2010,NA,NA,NA,NA,hf257-20,lemos,42.54379083,-72.17676733,NA,hemlock,conifer,exp,control (old growth),NA,PH,TSCA,NA,NA,organic,NA,NA,NA,0,NA,1,44.201,NA,1.481,NA,NA,NA,1,
2010,NA,NA,NA,NA,hf257-20,lemos,42.54379083,-72.17676733,NA,hemlock,conifer,exp,control (old growth),NA,PH,TSCA,NA,NA,organic,NA,NA,NA,0,NA,1,45.809,NA,1.433,NA,NA,NA,1,
2010,NA,NA,NA,NA,hf257-20,lemos,42.54379083,-72.17676733,NA,hemlock,conifer,exp,control (old growth),NA,PH,TSCA,NA,NA,mineral,0-15,NA,NA,24.57,NA,1,7.442,NA,0.232,NA,NA,NA,1,
2010,NA,NA,NA,NA,hf257-20,lemos,42.54379083,-72.17676733,NA,hemlock,conifer,exp,control (old growth),NA,PH,TSCA,NA,NA,mineral,0-15,NA,NA,24.57,NA,1,4.821,NA,0.156,NA,NA,NA,1,
2010,NA,NA,NA,NA,hf257-20,lemos,42.54379083,-72.17676733,NA,hemlock,conifer,exp,control (old growth),NA,PH,TSCA,NA,NA,mineral,0-15,NA,NA,24.57,NA,1,7.314,NA,0.198,NA,NA,NA,1,
2010,NA,NA,NA,NA,hf257-20,lemos,42.54379083,-72.17676733,NA,hemlock,conifer,exp,control (old growth),NA,PH,TSCA,NA,NA,mineral,0-15,NA,NA,24.57,NA,1,5.846,NA,0.184,NA,NA,NA,1,
2010,NA,NA,NA,NA,hf257-20,lemos,42.54379083,-72.17676733,NA,hemlock,conifer,exp,control (old growth),NA,PH,TSCA,NA,NA,mineral,0-15,NA,NA,24.57,NA,1,5.759,NA,0.167,NA,NA,NA,1,
2010,NA,NA,NA,NA,hf257-20,lemos,42.54379083,-72.17676733,NA,hemlock,conifer,exp,control (old growth),NA,PH,TSCA,NA,NA,mineral,0-15,NA,NA,24.57,NA,1,6.354,NA,0.18,NA,NA,NA,1,
2010,NA,NA,NA,NA,hf257-20,lemos,42.54379083,-72.17676733,NA,hemlock,conifer,exp,control (old growth),NA,PH,TSCA,NA,NA,mineral,0-15,NA,NA,24.57,NA,1,8.134,NA,0.214,NA,NA,NA,1,
2010,NA,NA,NA,NA,hf257-20,lemos,42.54379083,-72.17676733,NA,hemlock,conifer,exp,control (old growth),NA,PH,TSCA,NA,NA,mineral,0-15,NA,NA,24.57,NA,1,4.071,NA,0.137,NA,NA,NA,1,
2010,NA,NA,NA,NA,hf257-20,lemos,42.54379083,-72.17676733,NA,hemlock,conifer,exp,control (old growth),NA,PH,TSCA,NA,NA,mineral,0-15,NA,NA,24.57,NA,1,4.673,NA,0.175,NA,NA,NA,1,
2010,NA,NA,NA,NA,hf257-20,lemos,42.54379083,-72.17676733,NA,hemlock,conifer,exp,control (old growth),NA,PH,TSCA,NA,NA,mineral,0-15,NA,NA,24.57,NA,1,6.212,NA,0.27,NA,NA,NA,1,
2010,NA,NA,NA,NA,hf257-20,lemos,42.54379083,-72.17676733,NA,hemlock,conifer,exp,control (old growth),NA,PH,TSCA,NA,NA,mineral,0-15,NA,NA,24.57,NA,1,4.642,NA,0.207,NA,NA,NA,1,
2010,NA,NA,NA,NA,hf257-20,lemos,42.54379083,-72.17676733,NA,hemlock,conifer,exp,control (old growth),NA,PH,TSCA,NA,NA,mineral,0-15,NA,NA,24.57,NA,1,7.502,NA,0.253,NA,NA,NA,1,
2010,NA,NA,NA,NA,hf257-20,lemos,42.54379083,-72.17676733,NA,hemlock,conifer,exp,control (old growth),NA,PH,TSCA,NA,NA,mineral,0-15,NA,NA,24.57,NA,1,4.579,NA,0.21,NA,NA,NA,1,
2010,NA,NA,NA,NA,hf257-20,lemos,42.54379083,-72.17676733,NA,hemlock,conifer,exp,control (old growth),NA,PH,TSCA,NA,NA,mineral,15-30,NA,NA,26.26,NA,1,2.001,NA,0.133,NA,NA,NA,1,
2010,NA,NA,NA,NA,hf257-20,lemos,42.54379083,-72.17676733,NA,hemlock,conifer,exp,control (old growth),NA,PH,TSCA,NA,NA,mineral,15-30,NA,NA,26.26,NA,1,2.733,NA,0.146,NA,NA,NA,1,
2010,NA,NA,NA,NA,hf257-20,lemos,42.54379083,-72.17676733,NA,hemlock,conifer,exp,control (old growth),NA,PH,TSCA,NA,NA,mineral,15-30,NA,NA,26.26,NA,1,3.759,NA,0.162,NA,NA,NA,1,
2010,NA,NA,NA,NA,hf257-20,lemos,42.54379083,-72.17676733,NA,hemlock,conifer,exp,control (old growth),NA,PH,TSCA,NA,NA,mineral,15-30,NA,NA,26.26,NA,1,8.522,NA,0.24,NA,NA,NA,1,
2010,NA,NA,NA,NA,hf257-20,lemos,42.54379083,-72.17676733,NA,hemlock,conifer,exp,control (old growth),NA,PH,TSCA,NA,NA,mineral,15-30,NA,NA,26.26,NA,1,4.236,NA,0.177,NA,NA,NA,1,
2010,NA,NA,NA,NA,hf257-20,lemos,42.54379083,-72.17676733,NA,hemlock,conifer,exp,control (old growth),NA,PH,TSCA,NA,NA,mineral,15-30,NA,NA,26.26,NA,1,5.552,NA,0.197,NA,NA,NA,1,
2010,NA,NA,NA,NA,hf257-20,lemos,42.54379083,-72.17676733,NA,hemlock,conifer,exp,control (old growth),NA,PH,TSCA,NA,NA,mineral,15-30,NA,NA,26.26,NA,1,3.1,NA,0.135,NA,NA,NA,1,
2010,NA,NA,NA,NA,hf257-20,lemos,42.54379083,-72.17676733,NA,hemlock,conifer,exp,control (old growth),NA,PH,TSCA,NA,NA,mineral,15-30,NA,NA,26.26,NA,1,5.712,NA,0.26,NA,NA,NA,1,
2010,NA,NA,NA,NA,hf257-20,lemos,42.54379083,-72.17676733,NA,hemlock,conifer,exp,control (old growth),NA,PH,TSCA,NA,NA,mineral,15-30,NA,NA,26.26,NA,1,4.936,NA,0.207,NA,NA,NA,1,
2010,NA,NA,NA,NA,hf257-20,lemos,42.54379083,-72.17676733,NA,hemlock,conifer,exp,control (old growth),NA,PH,TSCA,NA,NA,mineral,15-30,NA,NA,26.26,NA,1,6.32,NA,0.246,NA,NA,NA,1,
2010,NA,NA,NA,NA,hf257-20,lemos,42.54379083,-72.17676733,NA,hemlock,conifer,exp,control (old growth),NA,PH,TSCA,NA,NA,mineral,15-30,NA,NA,26.26,NA,1,2.778,NA,0.137,NA,NA,NA,1,
2010,NA,NA,NA,NA,hf257-20,lemos,42.54379083,-72.17676733,NA,hemlock,conifer,exp,control (old growth),NA,PH,TSCA,NA,NA,mineral,15-30,NA,NA,26.26,NA,1,4.848,NA,0.16,NA,NA,NA,1,
2010,NA,NA,NA,NA,hf257-20,lemos,42.54379083,-72.17676733,NA,hemlock,conifer,exp,control (old growth),NA,PH,TSCA,NA,NA,mineral,30-45,NA,NA,26.26,NA,1,1.453,NA,0.089,NA,NA,NA,1,
2010,NA,NA,NA,NA,hf257-20,lemos,42.54379083,-72.17676733,NA,hemlock,conifer,exp,control (old growth),NA,PH,TSCA,NA,NA,mineral,30-45,NA,NA,26.26,NA,1,2.462,NA,0.12,NA,NA,NA,1,
2010,NA,NA,NA,NA,hf257-20,lemos,42.54379083,-72.17676733,NA,hemlock,conifer,exp,control (old growth),NA,PH,TSCA,NA,NA,mineral,30-45,NA,NA,26.26,NA,1,2.356,NA,0.119,NA,NA,NA,1,
2010,NA,NA,NA,NA,hf257-20,lemos,42.54379083,-72.17676733,NA,hemlock,conifer,exp,control (old growth),NA,PH,TSCA,NA,NA,mineral,30-45,NA,NA,26.26,NA,1,3.474,NA,0.175,NA,NA,NA,1,
2010,NA,NA,NA,NA,hf257-20,lemos,42.54379083,-72.17676733,NA,hemlock,conifer,exp,control (old growth),NA,PH,TSCA,NA,NA,mineral,30-45,NA,NA,26.26,NA,1,1.8,NA,0.111,NA,NA,NA,1,
2010,NA,NA,NA,NA,hf257-20,lemos,42.48,-72.21,NA,Simes,conifer,exp,control (2nd growth),NA,Simes,TSCA,NA,NA,organic,NA,NA,NA,0,NA,1,44.318,NA,1.45,NA,NA,NA,1,
2010,NA,NA,NA,NA,hf257-20,lemos,42.48,-72.21,NA,Simes,conifer,exp,control (2nd growth),NA,Simes,TSCA,NA,NA,organic,NA,NA,NA,0,NA,1,49.374,NA,1.591,NA,NA,NA,1,
2010,NA,NA,NA,NA,hf257-20,lemos,42.48,-72.21,NA,Simes,conifer,exp,control (2nd growth),NA,Simes,TSCA,NA,NA,organic,NA,NA,NA,0,NA,1,45.704,NA,1.588,NA,NA,NA,1,
2010,NA,NA,NA,NA,hf257-20,lemos,42.48,-72.21,NA,Simes,conifer,exp,control (2nd growth),NA,Simes,TSCA,NA,NA,organic,NA,NA,NA,0,NA,1,29.959,NA,1.242,NA,NA,NA,1,
2010,NA,NA,NA,NA,hf257-20,lemos,42.48,-72.21,NA,Simes,conifer,exp,control (2nd growth),NA,Simes,TSCA,NA,NA,organic,NA,NA,NA,0,NA,1,25.24,NA,1.053,NA,NA,NA,1,
2010,NA,NA,NA,NA,hf257-20,lemos,42.48,-72.21,NA,Simes,conifer,exp,control (2nd growth),NA,Simes,TSCA,NA,NA,organic,NA,NA,NA,0,NA,1,36.227,NA,1.279,NA,NA,NA,1,
2010,NA,NA,NA,NA,hf257-20,lemos,42.48,-72.21,NA,Simes,conifer,exp,control (2nd growth),NA,Simes,TSCA,NA,NA,organic,NA,NA,NA,0,NA,1,45.961,NA,1.743,NA,NA,NA,1,
2010,NA,NA,NA,NA,hf257-20,lemos,42.48,-72.21,NA,Simes,conifer,exp,control (2nd growth),NA,Simes,TSCA,NA,NA,organic,NA,NA,NA,0,NA,1,40.815,NA,1.262,NA,NA,NA,1,
2010,NA,NA,NA,NA,hf257-20,lemos,42.48,-72.21,NA,Simes,conifer,exp,control (2nd growth),NA,Simes,TSCA,NA,NA,organic,NA,NA,NA,0,NA,1,26.502,NA,0.955,NA,NA,NA,1,
2010,NA,NA,NA,NA,hf257-20,lemos,42.48,-72.21,NA,Simes,conifer,exp,control (2nd growth),NA,Simes,TSCA,NA,NA,organic,NA,NA,NA,0,NA,1,48.414,NA,1.726,NA,NA,NA,1,
2010,NA,NA,NA,NA,hf257-20,lemos,42.48,-72.21,NA,Simes,conifer,exp,control (2nd growth),NA,Simes,TSCA,NA,NA,organic,NA,NA,NA,0,NA,1,47.416,NA,1.685,NA,NA,NA,1,
2010,NA,NA,NA,NA,hf257-20,lemos,42.48,-72.21,NA,Simes,conifer,exp,control (2nd growth),NA,Simes,TSCA,NA,NA,organic,NA,NA,NA,0,NA,1,48.203,NA,1.873,NA,NA,NA,1,
2010,NA,NA,NA,NA,hf257-20,lemos,42.48,-72.21,NA,Simes,conifer,exp,control (2nd growth),NA,Simes,TSCA,NA,NA,mineral,0-15,NA,NA,12.66,NA,1,3.395,NA,0.163,NA,NA,NA,1,
2010,NA,NA,NA,NA,hf257-20,lemos,42.48,-72.21,NA,Simes,conifer,exp,control (2nd growth),NA,Simes,TSCA,NA,NA,mineral,0-15,NA,NA,12.66,NA,1,2.656,NA,0.147,NA,NA,NA,1,
2010,NA,NA,NA,NA,hf257-20,lemos,42.48,-72.21,NA,Simes,conifer,exp,control (2nd growth),NA,Simes,TSCA,NA,NA,mineral,0-15,NA,NA,12.66,NA,1,3.232,NA,0.159,NA,NA,NA,1,
2010,NA,NA,NA,NA,hf257-20,lemos,42.48,-72.21,NA,Simes,conifer,exp,control (2nd growth),NA,Simes,TSCA,NA,NA,mineral,0-15,NA,NA,12.66,NA,1,2.544,NA,0.151,NA,NA,NA,1,
2010,NA,NA,NA,NA,hf257-20,lemos,42.48,-72.21,NA,Simes,conifer,exp,control (2nd growth),NA,Simes,TSCA,NA,NA,mineral,0-15,NA,NA,12.66,NA,1,2.463,NA,0.158,NA,NA,NA,1,
2010,NA,NA,NA,NA,hf257-20,lemos,42.48,-72.21,NA,Simes,conifer,exp,control (2nd growth),NA,Simes,TSCA,NA,NA,mineral,0-15,NA,NA,12.66,NA,1,4.89,NA,0.214,NA,NA,NA,1,
2010,NA,NA,NA,NA,hf257-20,lemos,42.48,-72.21,NA,Simes,conifer,exp,control (2nd growth),NA,Simes,TSCA,NA,NA,mineral,0-15,NA,NA,12.66,NA,1,3.18,NA,0.155,NA,NA,NA,1,
2010,NA,NA,NA,NA,hf257-20,lemos,42.48,-72.21,NA,Simes,conifer,exp,control (2nd growth),NA,Simes,TSCA,NA,NA,mineral,0-15,NA,NA,12.66,NA,1,6.27,NA,0.258,NA,NA,NA,1,
2010,NA,NA,NA,NA,hf257-20,lemos,42.48,-72.21,NA,Simes,conifer,exp,control (2nd growth),NA,Simes,TSCA,NA,NA,mineral,0-15,NA,NA,12.66,NA,1,6.879,NA,0.241,NA,NA,NA,1,
2010,NA,NA,NA,NA,hf257-20,lemos,42.48,-72.21,NA,Simes,conifer,exp,control (2nd growth),NA,Simes,TSCA,NA,NA,mineral,0-15,NA,NA,12.66,NA,1,5.168,NA,0.218,NA,NA,NA,1,
2010,NA,NA,NA,NA,hf257-20,lemos,42.48,-72.21,NA,Simes,conifer,exp,control (2nd growth),NA,Simes,TSCA,NA,NA,mineral,0-15,NA,NA,12.66,NA,1,4.167,NA,0.185,NA,NA,NA,1,
2010,NA,NA,NA,NA,hf257-20,lemos,42.48,-72.21,NA,Simes,conifer,exp,control (2nd growth),NA,Simes,TSCA,NA,NA,mineral,0-15,NA,NA,12.66,NA,1,3.908,NA,0.221,NA,NA,NA,1,
2010,NA,NA,NA,NA,hf257-20,lemos,42.48,-72.21,NA,Simes,conifer,exp,control (2nd growth),NA,Simes,TSCA,NA,NA,mineral,0-15,NA,NA,12.66,NA,1,5.076,NA,0.232,NA,NA,NA,1,
2010,NA,NA,NA,NA,hf257-20,lemos,42.48,-72.21,NA,Simes,conifer,exp,control (2nd growth),NA,Simes,TSCA,NA,NA,mineral,0-15,NA,NA,12.66,NA,1,3.677,NA,0.178,NA,NA,NA,1,
2010,NA,NA,NA,NA,hf257-20,lemos,42.48,-72.21,NA,Simes,conifer,exp,control (2nd growth),NA,Simes,TSCA,NA,NA,mineral,15-30,NA,NA,21.34,NA,1,0.99,NA,0.087,NA,NA,NA,1,
2010,NA,NA,NA,NA,hf257-20,lemos,42.48,-72.21,NA,Simes,conifer,exp,control (2nd growth),NA,Simes,TSCA,NA,NA,mineral,15-30,NA,NA,21.34,NA,1,0.903,NA,0.088,NA,NA,NA,1,
2010,NA,NA,NA,NA,hf257-20,lemos,42.48,-72.21,NA,Simes,conifer,exp,control (2nd growth),NA,Simes,TSCA,NA,NA,mineral,15-30,NA,NA,21.34,NA,1,2.529,NA,0.149,NA,NA,NA,1,
2010,NA,NA,NA,NA,hf257-20,lemos,42.48,-72.21,NA,Simes,conifer,exp,control (2nd growth),NA,Simes,TSCA,NA,NA,mineral,15-30,NA,NA,21.34,NA,1,2.148,NA,0.151,NA,NA,NA,1,
2010,NA,NA,NA,NA,hf257-20,lemos,42.48,-72.21,NA,Simes,conifer,exp,control (2nd growth),NA,Simes,TSCA,NA,NA,mineral,15-30,NA,NA,21.34,NA,1,1.591,NA,0.091,NA,NA,NA,1,
2010,NA,NA,NA,NA,hf257-20,lemos,42.48,-72.21,NA,Simes,conifer,exp,control (2nd growth),NA,Simes,TSCA,NA,NA,mineral,15-30,NA,NA,21.34,NA,1,1.865,NA,0.087,NA,NA,NA,1,
2010,NA,NA,NA,NA,hf257-20,lemos,42.48,-72.21,NA,Simes,conifer,exp,control (2nd growth),NA,Simes,TSCA,NA,NA,mineral,15-30,NA,NA,21.34,NA,1,1.73,NA,0.142,NA,NA,NA,1,
2010,NA,NA,NA,NA,hf257-20,lemos,42.48,-72.21,NA,Simes,conifer,exp,control (2nd growth),NA,Simes,TSCA,NA,NA,mineral,15-30,NA,NA,21.34,NA,1,3.434,NA,0.202,NA,NA,NA,1,
2010,NA,NA,NA,NA,hf257-20,lemos,42.48,-72.21,NA,Simes,conifer,exp,control (2nd growth),NA,Simes,TSCA,NA,NA,mineral,15-30,NA,NA,21.34,NA,1,2.799,NA,0.18,NA,NA,NA,1,
2010,NA,NA,NA,NA,hf257-20,lemos,42.48,-72.21,NA,Simes,conifer,exp,control (2nd growth),NA,Simes,TSCA,NA,NA,mineral,15-30,NA,NA,21.34,NA,1,2.454,NA,0.182,NA,NA,NA,1,
2010,NA,NA,NA,NA,hf257-20,lemos,42.48,-72.21,NA,Simes,conifer,exp,control (2nd growth),NA,Simes,TSCA,NA,NA,mineral,15-30,NA,NA,21.34,NA,1,2.479,NA,0.169,NA,NA,NA,1,
2010,NA,NA,NA,NA,hf257-20,lemos,42.48,-72.21,NA,Simes,conifer,exp,control (2nd growth),NA,Simes,TSCA,NA,NA,mineral,15-30,NA,NA,21.34,NA,1,1.796,NA,0.153,NA,NA,NA,1,
2010,NA,NA,NA,NA,hf257-20,lemos,42.48,-72.21,NA,Simes,conifer,exp,control (2nd growth),NA,Simes,TSCA,NA,NA,mineral,30-45,NA,NA,21.34,NA,1,0.618,NA,0.087,NA,NA,NA,1,
2010,NA,NA,NA,NA,hf257-20,lemos,42.48,-72.21,NA,Simes,conifer,exp,control (2nd growth),NA,Simes,TSCA,NA,NA,mineral,30-45,NA,NA,21.34,NA,1,0.777,NA,0.087,NA,NA,NA,1,
2010,NA,NA,NA,NA,hf257-20,lemos,42.48,-72.21,NA,Simes,conifer,exp,control (2nd growth),NA,Simes,TSCA,NA,NA,mineral,30-45,NA,NA,21.34,NA,1,1.031,NA,0.088,NA,NA,NA,1,
2010,NA,NA,NA,NA,hf257-20,lemos,42.48,-72.21,NA,Simes,conifer,exp,control (2nd growth),NA,Simes,TSCA,NA,NA,mineral,30-45,NA,NA,21.34,NA,1,0.972,NA,0.11,NA,NA,NA,1,
2010,NA,NA,NA,NA,hf257-20,lemos,42.48,-72.21,NA,Simes,conifer,exp,control (2nd growth),NA,Simes,TSCA,NA,NA,mineral,30-45,NA,NA,21.34,NA,1,1.039,NA,0.088,NA,NA,NA,1,
2010,NA,NA,NA,NA,hf257-20,lemos,42.48,-72.21,NA,Simes,conifer,exp,control (2nd growth),NA,Simes,TSCA,NA,NA,mineral,30-45,NA,NA,21.34,NA,1,0.936,NA,0.087,NA,NA,NA,1,
2010,NA,NA,NA,NA,hf257-20,lemos,42.48,-72.21,NA,Simes,conifer,exp,control (2nd growth),NA,Simes,TSCA,NA,NA,mineral,30-45,NA,NA,21.34,NA,1,2.078,NA,0.154,NA,NA,NA,1,
2010,NA,NA,NA,NA,hf257-20,lemos,42.48,-72.21,NA,Simes,conifer,exp,girdled,2005,Simes,TSCA,NA,NA,organic,NA,NA,NA,0,NA,1,46.775,NA,1.565,NA,NA,NA,0,
2010,NA,NA,NA,NA,hf257-20,lemos,42.48,-72.21,NA,Simes,conifer,exp,girdled,2005,Simes,TSCA,NA,NA,organic,NA,NA,NA,0,NA,1,47.818,NA,1.64,NA,NA,NA,0,
2010,NA,NA,NA,NA,hf257-20,lemos,42.48,-72.21,NA,Simes,conifer,exp,girdled,2005,Simes,TSCA,NA,NA,organic,NA,NA,NA,0,NA,1,35.475,NA,1.314,NA,NA,NA,0,
2010,NA,NA,NA,NA,hf257-20,lemos,42.48,-72.21,NA,Simes,conifer,exp,girdled,2005,Simes,TSCA,NA,NA,organic,NA,NA,NA,0,NA,1,40.416,NA,1.492,NA,NA,NA,0,
2010,NA,NA,NA,NA,hf257-20,lemos,42.48,-72.21,NA,Simes,conifer,exp,girdled,2005,Simes,TSCA,NA,NA,organic,NA,NA,NA,0,NA,1,48.298,NA,1.527,NA,NA,NA,0,
2010,NA,NA,NA,NA,hf257-20,lemos,42.48,-72.21,NA,Simes,conifer,exp,girdled,2005,Simes,TSCA,NA,NA,organic,NA,NA,NA,0,NA,1,47.98,NA,1.491,NA,NA,NA,0,
2010,NA,NA,NA,NA,hf257-20,lemos,42.48,-72.21,NA,Simes,conifer,exp,girdled,2005,Simes,TSCA,NA,NA,organic,NA,NA,NA,0,NA,1,22.264,NA,1.036,NA,NA,NA,0,
2010,NA,NA,NA,NA,hf257-20,lemos,42.48,-72.21,NA,Simes,conifer,exp,girdled,2005,Simes,TSCA,NA,NA,organic,NA,NA,NA,0,NA,1,37.436,NA,1.143,NA,NA,NA,0,
2010,NA,NA,NA,NA,hf257-20,lemos,42.48,-72.21,NA,Simes,conifer,exp,girdled,2005,Simes,TSCA,NA,NA,organic,NA,NA,NA,0,NA,1,30.333,NA,1.214,NA,NA,NA,0,
2010,NA,NA,NA,NA,hf257-20,lemos,42.48,-72.21,NA,Simes,conifer,exp,girdled,2005,Simes,TSCA,NA,NA,organic,NA,NA,NA,0,NA,1,49.079,NA,1.767,NA,NA,NA,0,
2010,NA,NA,NA,NA,hf257-20,lemos,42.48,-72.21,NA,Simes,conifer,exp,girdled,2005,Simes,TSCA,NA,NA,organic,NA,NA,NA,0,NA,1,25.08,NA,1.117,NA,NA,NA,0,
2010,NA,NA,NA,NA,hf257-20,lemos,42.48,-72.21,NA,Simes,conifer,exp,girdled,2005,Simes,TSCA,NA,NA,organic,NA,NA,NA,0,NA,1,23.247,NA,0.982,NA,NA,NA,0,
2010,NA,NA,NA,NA,hf257-20,lemos,42.48,-72.21,NA,Simes,conifer,exp,girdled,2005,Simes,TSCA,NA,NA,mineral,0-15,NA,NA,12.66,NA,1,3.328,NA,0.166,NA,NA,NA,0,
2010,NA,NA,NA,NA,hf257-20,lemos,42.48,-72.21,NA,Simes,conifer,exp,girdled,2005,Simes,TSCA,NA,NA,mineral,0-15,NA,NA,12.66,NA,1,9.426,NA,0.334,NA,NA,NA,0,
2010,NA,NA,NA,NA,hf257-20,lemos,42.48,-72.21,NA,Simes,conifer,exp,girdled,2005,Simes,TSCA,NA,NA,mineral,0-15,NA,NA,12.66,NA,1,3.32,NA,0.176,NA,NA,NA,0,
2010,NA,NA,NA,NA,hf257-20,lemos,42.48,-72.21,NA,Simes,conifer,exp,girdled,2005,Simes,TSCA,NA,NA,mineral,0-15,NA,NA,12.66,NA,1,4.491,NA,0.193,NA,NA,NA,0,
2010,NA,NA,NA,NA,hf257-20,lemos,42.48,-72.21,NA,Simes,conifer,exp,girdled,2005,Simes,TSCA,NA,NA,mineral,0-15,NA,NA,12.66,NA,1,5.375,NA,0.221,NA,NA,NA,0,
2010,NA,NA,NA,NA,hf257-20,lemos,42.48,-72.21,NA,Simes,conifer,exp,girdled,2005,Simes,TSCA,NA,NA,mineral,0-15,NA,NA,12.66,NA,1,4.465,NA,0.199,NA,NA,NA,0,
2010,NA,NA,NA,NA,hf257-20,lemos,42.48,-72.21,NA,Simes,conifer,exp,girdled,2005,Simes,TSCA,NA,NA,mineral,0-15,NA,NA,12.66,NA,1,3.604,NA,0.179,NA,NA,NA,0,
2010,NA,NA,NA,NA,hf257-20,lemos,42.48,-72.21,NA,Simes,conifer,exp,girdled,2005,Simes,TSCA,NA,NA,mineral,0-15,NA,NA,12.66,NA,1,2.938,NA,0.163,NA,NA,NA,0,
2010,NA,NA,NA,NA,hf257-20,lemos,42.48,-72.21,NA,Simes,conifer,exp,girdled,2005,Simes,TSCA,NA,NA,mineral,0-15,NA,NA,12.66,NA,1,7.795,NA,0.237,NA,NA,NA,0,
2010,NA,NA,NA,NA,hf257-20,lemos,42.48,-72.21,NA,Simes,conifer,exp,girdled,2005,Simes,TSCA,NA,NA,mineral,0-15,NA,NA,12.66,NA,1,2.383,NA,0.14,NA,NA,NA,0,
2010,NA,NA,NA,NA,hf257-20,lemos,42.48,-72.21,NA,Simes,conifer,exp,girdled,2005,Simes,TSCA,NA,NA,mineral,0-15,NA,NA,12.66,NA,1,4.937,NA,0.225,NA,NA,NA,0,
2010,NA,NA,NA,NA,hf257-20,lemos,42.48,-72.21,NA,Simes,conifer,exp,girdled,2005,Simes,TSCA,NA,NA,mineral,0-15,NA,NA,12.66,NA,1,5.003,NA,0.23,NA,NA,NA,0,
2010,NA,NA,NA,NA,hf257-20,lemos,42.48,-72.21,NA,Simes,conifer,exp,girdled,2005,Simes,TSCA,NA,NA,mineral,0-15,NA,NA,12.66,NA,1,3.33,NA,0.181,NA,NA,NA,0,
2010,NA,NA,NA,NA,hf257-20,lemos,42.48,-72.21,NA,Simes,conifer,exp,girdled,2005,Simes,TSCA,NA,NA,mineral,0-15,NA,NA,12.66,NA,1,6.401,NA,0.233,NA,NA,NA,0,
2010,NA,NA,NA,NA,hf257-20,lemos,42.48,-72.21,NA,Simes,conifer,exp,girdled,2005,Simes,TSCA,NA,NA,mineral,15-30,NA,NA,21.34,NA,1,1.496,NA,0.088,NA,NA,NA,0,
2010,NA,NA,NA,NA,hf257-20,lemos,42.48,-72.21,NA,Simes,conifer,exp,girdled,2005,Simes,TSCA,NA,NA,mineral,15-30,NA,NA,21.34,NA,1,2.49,NA,0.157,NA,NA,NA,0,
2010,NA,NA,NA,NA,hf257-20,lemos,42.48,-72.21,NA,Simes,conifer,exp,girdled,2005,Simes,TSCA,NA,NA,mineral,15-30,NA,NA,21.34,NA,1,1.034,NA,0.113,NA,NA,NA,0,
2010,NA,NA,NA,NA,hf257-20,lemos,42.48,-72.21,NA,Simes,conifer,exp,girdled,2005,Simes,TSCA,NA,NA,mineral,15-30,NA,NA,21.34,NA,1,1.63,NA,0.089,NA,NA,NA,0,
2010,NA,NA,NA,NA,hf257-20,lemos,42.48,-72.21,NA,Simes,conifer,exp,girdled,2005,Simes,TSCA,NA,NA,mineral,15-30,NA,NA,21.34,NA,1,2.172,NA,0.147,NA,NA,NA,0,
2010,NA,NA,NA,NA,hf257-20,lemos,42.48,-72.21,NA,Simes,conifer,exp,girdled,2005,Simes,TSCA,NA,NA,mineral,15-30,NA,NA,21.34,NA,1,1.92,NA,0.143,NA,NA,NA,0,
2010,NA,NA,NA,NA,hf257-20,lemos,42.48,-72.21,NA,Simes,conifer,exp,girdled,2005,Simes,TSCA,NA,NA,mineral,15-30,NA,NA,21.34,NA,1,0.988,NA,0.089,NA,NA,NA,0,
2010,NA,NA,NA,NA,hf257-20,lemos,42.48,-72.21,NA,Simes,conifer,exp,girdled,2005,Simes,TSCA,NA,NA,mineral,15-30,NA,NA,21.34,NA,1,2.873,NA,0.166,NA,NA,NA,0,
2010,NA,NA,NA,NA,hf257-20,lemos,42.48,-72.21,NA,Simes,conifer,exp,girdled,2005,Simes,TSCA,NA,NA,mineral,15-30,NA,NA,21.34,NA,1,1.241,NA,0.09,NA,NA,NA,0,
2010,NA,NA,NA,NA,hf257-20,lemos,42.48,-72.21,NA,Simes,conifer,exp,girdled,2005,Simes,TSCA,NA,NA,mineral,15-30,NA,NA,21.34,NA,1,1.379,NA,0.09,NA,NA,NA,0,
2010,NA,NA,NA,NA,hf257-20,lemos,42.48,-72.21,NA,Simes,conifer,exp,girdled,2005,Simes,TSCA,NA,NA,mineral,15-30,NA,NA,21.34,NA,1,1.429,NA,0.089,NA,NA,NA,0,
2010,NA,NA,NA,NA,hf257-20,lemos,42.48,-72.21,NA,Simes,conifer,exp,girdled,2005,Simes,TSCA,NA,NA,mineral,30-45,NA,NA,21.34,NA,1,1.034,NA,0.09,NA,NA,NA,0,
2010,NA,NA,NA,NA,hf257-20,lemos,42.48,-72.21,NA,Simes,conifer,exp,girdled,2005,Simes,TSCA,NA,NA,mineral,30-45,NA,NA,21.34,NA,1,1.091,NA,0.112,NA,NA,NA,0,
2010,NA,NA,NA,NA,hf257-20,lemos,42.48,-72.21,NA,Simes,conifer,exp,girdled,2005,Simes,TSCA,NA,NA,mineral,30-45,NA,NA,21.34,NA,1,0.766,NA,0.09,NA,NA,NA,0,
2010,NA,NA,NA,NA,hf257-20,lemos,42.48,-72.21,NA,Simes,conifer,exp,girdled,2005,Simes,TSCA,NA,NA,mineral,30-45,NA,NA,21.34,NA,1,1.889,NA,0.133,NA,NA,NA,0,
2010,NA,NA,NA,NA,hf257-20,lemos,42.48,-72.21,NA,Simes,conifer,exp,girdled,2005,Simes,TSCA,NA,NA,mineral,30-45,NA,NA,21.34,NA,1,1.4,NA,0.088,NA,NA,NA,0,
2010,NA,NA,NA,NA,hf257-20,lemos,42.48,-72.21,NA,Simes,conifer,exp,girdled,2005,Simes,TSCA,NA,NA,mineral,30-45,NA,NA,21.34,NA,1,1.67,NA,0.089,NA,NA,NA,0,
2010,NA,NA,NA,NA,hf257-20,lemos,42.48,-72.21,NA,Simes,conifer,exp,girdled,2005,Simes,TSCA,NA,NA,mineral,30-45,NA,NA,21.34,NA,1,1.029,NA,0.088,NA,NA,NA,0,
2010,NA,NA,NA,NA,hf257-20,lemos,42.48,-72.21,NA,Simes,conifer,exp,girdled,2005,Simes,TSCA,NA,NA,mineral,30-45,NA,NA,21.34,NA,1,1.862,NA,0.131,NA,NA,NA,0,
2010,NA,NA,NA,NA,hf257-20,lemos,42.48,-72.21,NA,Simes,conifer,exp,girdled,2005,Simes,TSCA,NA,NA,mineral,30-45,NA,NA,21.34,NA,1,3.69,NA,0.179,NA,NA,NA,0,
2010,NA,NA,NA,NA,hf257-20,lemos,42.48,-72.21,NA,Simes,conifer,exp,girdled,2005,Simes,TSCA,NA,NA,mineral,30-45,NA,NA,21.34,NA,1,1.253,NA,0.09,NA,NA,NA,0,
2010,NA,NA,NA,NA,hf257-20,lemos,42.48,-72.21,NA,Simes,conifer,exp,girdled,2005,Simes,TSCA,NA,NA,mineral,30-45,NA,NA,21.34,NA,1,1.193,NA,0.107,NA,NA,NA,0,
2010,NA,NA,NA,NA,hf257-20,lemos,42.48,-72.21,NA,Simes,conifer,exp,girdled,2005,Simes,TSCA,NA,NA,mineral,30-45,NA,NA,21.34,NA,1,1.684,NA,0.128,NA,NA,NA,0,
2010,NA,NA,NA,NA,hf257-20,lemos,42.54379083,-72.17676733,1,hemlock,conifer,exp,control (old growth),NA,PH,TSCA,NA,NA,organic,NA,NA,NA,NA,NA,1,NA,NA,NA,NA,4.047,4.047019163,1,C content per plot computed by P. Lemos using the above %C data and others not shown; corrected for rock volume by the principal investigator.
2010,NA,NA,NA,NA,hf257-20,lemos,42.54379083,-72.17676733,2,hemlock,conifer,exp,control (old growth),NA,PH,TSCA,NA,NA,organic,NA,NA,NA,NA,NA,1,NA,NA,NA,NA,5.121,5.120959835,1,C content per plot computed by P. Lemos using the above %C data and others not shown; corrected for rock volume by the principal investigator.
2010,NA,NA,NA,NA,hf257-20,lemos,42.54379083,-72.17676733,3,hemlock,conifer,exp,control (old growth),NA,PH,TSCA,NA,NA,organic,NA,NA,NA,NA,NA,1,NA,NA,NA,NA,3.243,3.242987246,1,C content per plot computed by P. Lemos using the above %C data and others not shown; corrected for rock volume by the principal investigator.
2010,NA,NA,NA,NA,hf257-20,lemos,42.54379083,-72.17676733,4,hemlock,conifer,exp,control (old growth),NA,PH,TSCA,NA,NA,organic,NA,NA,NA,NA,NA,1,NA,NA,NA,NA,5.87,5.870038457,1,C content per plot computed by P. Lemos using the above %C data and others not shown; corrected for rock volume by the principal investigator.
2010,NA,NA,NA,NA,hf257-20,lemos,42.48,-72.21,1,Simes,conifer,exp,control (2nd growth),NA,Simes,TSCA,NA,NA,organic,NA,NA,NA,NA,NA,1,NA,NA,NA,NA,1.163,1.16348845,1,C content per plot computed by P. Lemos using the above %C data and others not shown; corrected for rock volume by the principal investigator.
2010,NA,NA,NA,NA,hf257-20,lemos,42.48,-72.21,2,Simes,conifer,exp,control (2nd growth),NA,Simes,TSCA,NA,NA,organic,NA,NA,NA,NA,NA,1,NA,NA,NA,NA,2.792,2.792280713,1,C content per plot computed by P. Lemos using the above %C data and others not shown; corrected for rock volume by the principal investigator.
2010,NA,NA,NA,NA,hf257-20,lemos,42.48,-72.21,3,Simes,conifer,exp,control (2nd growth),NA,Simes,TSCA,NA,NA,organic,NA,NA,NA,NA,NA,1,NA,NA,NA,NA,1.412,1.411585491,1,C content per plot computed by P. Lemos using the above %C data and others not shown; corrected for rock volume by the principal investigator.
2010,NA,NA,NA,NA,hf257-20,lemos,42.48,-72.21,4,Simes,conifer,exp,control (2nd growth),NA,Simes,TSCA,NA,NA,organic,NA,NA,NA,NA,NA,1,NA,NA,NA,NA,0.949,0.948841898,1,C content per plot computed by P. Lemos using the above %C data and others not shown; corrected for rock volume by the principal investigator.
2010,NA,NA,NA,NA,hf257-20,lemos,42.48,-72.21,1,Simes,conifer,exp,girdled,2005,Simes,TSCA,NA,NA,organic,NA,NA,NA,NA,NA,1,NA,NA,NA,NA,1.482,1.481895913,0,C content per plot computed by P. Lemos using the above %C data and others not shown; corrected for rock volume by the principal investigator.
2010,NA,NA,NA,NA,hf257-20,lemos,42.48,-72.21,2,Simes,conifer,exp,girdled,2005,Simes,TSCA,NA,NA,organic,NA,NA,NA,NA,NA,1,NA,NA,NA,NA,3.304,3.304125568,0,C content per plot computed by P. Lemos using the above %C data and others not shown; corrected for rock volume by the principal investigator.
2010,NA,NA,NA,NA,hf257-20,lemos,42.48,-72.21,3,Simes,conifer,exp,girdled,2005,Simes,TSCA,NA,NA,organic,NA,NA,NA,NA,NA,1,NA,NA,NA,NA,3.211,3.210672662,0,C content per plot computed by P. Lemos using the above %C data and others not shown; corrected for rock volume by the principal investigator.
2010,NA,NA,NA,NA,hf257-20,lemos,42.48,-72.21,4,Simes,conifer,exp,girdled,2005,Simes,TSCA,NA,NA,organic,NA,NA,NA,NA,NA,1,NA,NA,NA,NA,1.427,1.426544234,0,C content per plot computed by P. Lemos using the above %C data and others not shown; corrected for rock volume by the principal investigator.
2010,NA,NA,NA,NA,hf257-20,lemos,42.54379083,-72.17676733,1,hemlock,conifer,exp,control (old growth),NA,PH,TSCA,NA,NA,mineral,0-15,NA,NA,NA,NA,1,NA,NA,NA,NA,5.396,5.396193403,1,C content per plot computed by P. Lemos using the above %C data and others not shown; corrected for rock volume by the principal investigator.
2010,NA,NA,NA,NA,hf257-20,lemos,42.54379083,-72.17676733,2,hemlock,conifer,exp,control (old growth),NA,PH,TSCA,NA,NA,mineral,0-15,NA,NA,NA,NA,1,NA,NA,NA,NA,5.579,5.578983719,1,C content per plot computed by P. Lemos using the above %C data and others not shown; corrected for rock volume by the principal investigator.
2010,NA,NA,NA,NA,hf257-20,lemos,42.54379083,-72.17676733,3,hemlock,conifer,exp,control (old growth),NA,PH,TSCA,NA,NA,mineral,0-15,NA,NA,NA,NA,1,NA,NA,NA,NA,5.345,5.34483453,1,C content per plot computed by P. Lemos using the above %C data and others not shown; corrected for rock volume by the principal investigator.
2010,NA,NA,NA,NA,hf257-20,lemos,42.54379083,-72.17676733,4,hemlock,conifer,exp,control (old growth),NA,PH,TSCA,NA,NA,mineral,0-15,NA,NA,NA,NA,1,NA,NA,NA,NA,5.44,5.440003884,1,C content per plot computed by P. Lemos using the above %C data and others not shown; corrected for rock volume by the principal investigator.
2010,NA,NA,NA,NA,hf257-20,lemos,42.48,-72.21,1,Simes,conifer,exp,control (2nd growth),NA,Simes,TSCA,NA,NA,mineral,0-15,NA,NA,NA,NA,1,NA,NA,NA,NA,4.756,4.756242113,1,C content per plot computed by P. Lemos using the above %C data and others not shown; corrected for rock volume by the principal investigator.
2010,NA,NA,NA,NA,hf257-20,lemos,42.48,-72.21,2,Simes,conifer,exp,control (2nd growth),NA,Simes,TSCA,NA,NA,mineral,0-15,NA,NA,NA,NA,1,NA,NA,NA,NA,5.356,5.355506884,1,C content per plot computed by P. Lemos using the above %C data and others not shown; corrected for rock volume by the principal investigator.
2010,NA,NA,NA,NA,hf257-20,lemos,42.48,-72.21,3,Simes,conifer,exp,control (2nd growth),NA,Simes,TSCA,NA,NA,mineral,0-15,NA,NA,NA,NA,1,NA,NA,NA,NA,4.885,4.88513069,1,C content per plot computed by P. Lemos using the above %C data and others not shown; corrected for rock volume by the principal investigator.
2010,NA,NA,NA,NA,hf257-20,lemos,42.48,-72.21,4,Simes,conifer,exp,control (2nd growth),NA,Simes,TSCA,NA,NA,mineral,0-15,NA,NA,NA,NA,1,NA,NA,NA,NA,4.883,4.882925392,1,C content per plot computed by P. Lemos using the above %C data and others not shown; corrected for rock volume by the principal investigator.
2010,NA,NA,NA,NA,hf257-20,lemos,42.48,-72.21,1,Simes,conifer,exp,girdled,2005,Simes,TSCA,NA,NA,mineral,0-15,NA,NA,NA,NA,1,NA,NA,NA,NA,4.866,4.866319451,0,C content per plot computed by P. Lemos using the above %C data and others not shown; corrected for rock volume by the principal investigator.
2010,NA,NA,NA,NA,hf257-20,lemos,42.48,-72.21,2,Simes,conifer,exp,girdled,2005,Simes,TSCA,NA,NA,mineral,0-15,NA,NA,NA,NA,1,NA,NA,NA,NA,4.983,4.982509528,0,C content per plot computed by P. Lemos using the above %C data and others not shown; corrected for rock volume by the principal investigator.
2010,NA,NA,NA,NA,hf257-20,lemos,42.48,-72.21,3,Simes,conifer,exp,girdled,2005,Simes,TSCA,NA,NA,mineral,0-15,NA,NA,NA,NA,1,NA,NA,NA,NA,5.099,5.099413326,0,C content per plot computed by P. Lemos using the above %C data and others not shown; corrected for rock volume by the principal investigator.
2010,NA,NA,NA,NA,hf257-20,lemos,42.48,-72.21,4,Simes,conifer,exp,girdled,2005,Simes,TSCA,NA,NA,mineral,0-15,NA,NA,NA,NA,1,NA,NA,NA,NA,4.67,4.669762546,0,C content per plot computed by P. Lemos using the above %C data and others not shown; corrected for rock volume by the principal investigator.
2010,NA,NA,NA,NA,hf257-20,lemos,42.54379083,-72.17676733,1,hemlock,conifer,exp,control (old growth),NA,PH,TSCA,NA,NA,mineral,15-30,NA,NA,NA,NA,1,NA,NA,NA,NA,5.537,5.536838372,1,C content per plot computed by P. Lemos using the above %C data and others not shown; corrected for rock volume by the principal investigator.
2010,NA,NA,NA,NA,hf257-20,lemos,42.54379083,-72.17676733,2,hemlock,conifer,exp,control (old growth),NA,PH,TSCA,NA,NA,mineral,15-30,NA,NA,NA,NA,1,NA,NA,NA,NA,4.052,4.052448433,1,C content per plot computed by P. Lemos using the above %C data and others not shown; corrected for rock volume by the principal investigator.
2010,NA,NA,NA,NA,hf257-20,lemos,42.54379083,-72.17676733,3,hemlock,conifer,exp,control (old growth),NA,PH,TSCA,NA,NA,mineral,15-30,NA,NA,NA,NA,1,NA,NA,NA,NA,4.857,4.856703684,1,C content per plot computed by P. Lemos using the above %C data and others not shown; corrected for rock volume by the principal investigator.
2010,NA,NA,NA,NA,hf257-20,lemos,42.54379083,-72.17676733,4,hemlock,conifer,exp,control (old growth),NA,PH,TSCA,NA,NA,mineral,15-30,NA,NA,NA,NA,1,NA,NA,NA,NA,4.981,4.980824248,1,C content per plot computed by P. Lemos using the above %C data and others not shown; corrected for rock volume by the principal investigator.
2010,NA,NA,NA,NA,hf257-20,lemos,42.48,-72.21,1,Simes,conifer,exp,control (2nd growth),NA,Simes,TSCA,NA,NA,mineral,15-30,NA,NA,NA,NA,1,NA,NA,NA,NA,3.617,3.616657605,1,C content per plot computed by P. Lemos using the above %C data and others not shown; corrected for rock volume by the principal investigator.
2010,NA,NA,NA,NA,hf257-20,lemos,42.48,-72.21,2,Simes,conifer,exp,control (2nd growth),NA,Simes,TSCA,NA,NA,mineral,15-30,NA,NA,NA,NA,1,NA,NA,NA,NA,3.549,3.549035514,1,C content per plot computed by P. Lemos using the above %C data and others not shown; corrected for rock volume by the principal investigator.
2010,NA,NA,NA,NA,hf257-20,lemos,42.48,-72.21,3,Simes,conifer,exp,control (2nd growth),NA,Simes,TSCA,NA,NA,mineral,15-30,NA,NA,NA,NA,1,NA,NA,NA,NA,2.502,2.501733768,1,C content per plot computed by P. Lemos using the above %C data and others not shown; corrected for rock volume by the principal investigator.
2010,NA,NA,NA,NA,hf257-20,lemos,42.48,-72.21,4,Simes,conifer,exp,control (2nd growth),NA,Simes,TSCA,NA,NA,mineral,15-30,NA,NA,NA,NA,1,NA,NA,NA,NA,2.825,2.824914518,1,C content per plot computed by P. Lemos using the above %C data and others not shown; corrected for rock volume by the principal investigator.
2010,NA,NA,NA,NA,hf257-20,lemos,42.48,-72.21,1,Simes,conifer,exp,girdled,2005,Simes,TSCA,NA,NA,mineral,15-30,NA,NA,NA,NA,1,NA,NA,NA,NA,2.175,2.174924367,0,C content per plot computed by P. Lemos using the above %C data and others not shown; corrected for rock volume by the principal investigator.
2010,NA,NA,NA,NA,hf257-20,lemos,42.48,-72.21,2,Simes,conifer,exp,girdled,2005,Simes,TSCA,NA,NA,mineral,15-30,NA,NA,NA,NA,1,NA,NA,NA,NA,2.511,2.510905898,0,C content per plot computed by P. Lemos using the above %C data and others not shown; corrected for rock volume by the principal investigator.
2010,NA,NA,NA,NA,hf257-20,lemos,42.48,-72.21,3,Simes,conifer,exp,girdled,2005,Simes,TSCA,NA,NA,mineral,15-30,NA,NA,NA,NA,1,NA,NA,NA,NA,2.691,2.691128524,0,C content per plot computed by P. Lemos using the above %C data and others not shown; corrected for rock volume by the principal investigator.
2010,NA,NA,NA,NA,hf257-20,lemos,42.48,-72.21,4,Simes,conifer,exp,girdled,2005,Simes,TSCA,NA,NA,mineral,15-30,NA,NA,NA,NA,1,NA,NA,NA,NA,2.667,2.666664801,0,C content per plot computed by P. Lemos using the above %C data and others not shown; corrected for rock volume by the principal investigator.
2010,NA,NA,NA,NA,hf257-20,lemos,42.54379083,-72.17676733,1,hemlock,conifer,exp,control (old growth),NA,PH,TSCA,NA,NA,mineral,30-45,NA,NA,NA,NA,1,NA,NA,NA,NA,2.777,2.776829325,1,C content per plot computed by P. Lemos using the above %C data and others not shown; corrected for rock volume by the principal investigator.
2010,NA,NA,NA,NA,hf257-20,lemos,42.54379083,-72.17676733,2,hemlock,conifer,exp,control (old growth),NA,PH,TSCA,NA,NA,mineral,30-45,NA,NA,NA,NA,1,NA,NA,NA,NA,3.13,3.130148196,1,C content per plot computed by P. Lemos using the above %C data and others not shown; corrected for rock volume by the principal investigator.
2010,NA,NA,NA,NA,hf257-20,lemos,42.54379083,-72.17676733,3,hemlock,conifer,exp,control (old growth),NA,PH,TSCA,NA,NA,mineral,30-45,NA,NA,NA,NA,1,NA,NA,NA,NA,2.953,2.95348876,1,C content per plot computed by P. Lemos using the above %C data and others not shown; corrected for rock volume by the principal investigator.
2010,NA,NA,NA,NA,hf257-20,lemos,42.54379083,-72.17676733,4,hemlock,conifer,exp,control (old growth),NA,PH,TSCA,NA,NA,mineral,30-45,NA,NA,NA,NA,1,NA,NA,NA,NA,2.953,2.95348876,1,C content per plot computed by P. Lemos using the above %C data and others not shown; corrected for rock volume by the principal investigator.
2010,NA,NA,NA,NA,hf257-20,lemos,42.48,-72.21,1,Simes,conifer,exp,control (2nd growth),NA,Simes,TSCA,NA,NA,mineral,30-45,NA,NA,NA,NA,1,NA,NA,NA,NA,2.214,2.214042826,1,C content per plot computed by P. Lemos using the above %C data and others not shown; corrected for rock volume by the principal investigator.
2010,NA,NA,NA,NA,hf257-20,lemos,42.48,-72.21,2,Simes,conifer,exp,control (2nd growth),NA,Simes,TSCA,NA,NA,mineral,30-45,NA,NA,NA,NA,1,NA,NA,NA,NA,2.005,2.005240004,1,C content per plot computed by P. Lemos using the above %C data and others not shown; corrected for rock volume by the principal investigator.
2010,NA,NA,NA,NA,hf257-20,lemos,42.48,-72.21,3,Simes,conifer,exp,control (2nd growth),NA,Simes,TSCA,NA,NA,mineral,30-45,NA,NA,NA,NA,1,NA,NA,NA,NA,2.11,2.109641415,1,C content per plot computed by P. Lemos using the above %C data and others not shown; corrected for rock volume by the principal investigator.
2010,NA,NA,NA,NA,hf257-20,lemos,42.48,-72.21,4,Simes,conifer,exp,control (2nd growth),NA,Simes,TSCA,NA,NA,mineral,30-45,NA,NA,NA,NA,1,NA,NA,NA,NA,2.11,2.109641415,1,C content per plot computed by P. Lemos using the above %C data and others not shown; corrected for rock volume by the principal investigator.
2010,NA,NA,NA,NA,hf257-20,lemos,42.48,-72.21,1,Simes,conifer,exp,girdled,2005,Simes,TSCA,NA,NA,mineral,30-45,NA,NA,NA,NA,1,NA,NA,NA,NA,3.242,3.242216219,0,C content per plot computed by P. Lemos using the above %C data and others not shown; corrected for rock volume by the principal investigator.
2010,NA,NA,NA,NA,hf257-20,lemos,42.48,-72.21,2,Simes,conifer,exp,girdled,2005,Simes,TSCA,NA,NA,mineral,30-45,NA,NA,NA,NA,1,NA,NA,NA,NA,2.763,2.76307006,0,C content per plot computed by P. Lemos using the above %C data and others not shown; corrected for rock volume by the principal investigator.
2010,NA,NA,NA,NA,hf257-20,lemos,42.48,-72.21,3,Simes,conifer,exp,girdled,2005,Simes,TSCA,NA,NA,mineral,30-45,NA,NA,NA,NA,1,NA,NA,NA,NA,2.105,2.104793369,0,C content per plot computed by P. Lemos using the above %C data and others not shown; corrected for rock volume by the principal investigator.
2010,NA,NA,NA,NA,hf257-20,lemos,42.48,-72.21,4,Simes,conifer,exp,girdled,2005,Simes,TSCA,NA,NA,mineral,30-45,NA,NA,NA,NA,1,NA,NA,NA,NA,2.841,2.841063458,0,C content per plot computed by P. Lemos using the above %C data and others not shown; corrected for rock volume by the principal investigator.
1990,4,1,91,DIRT,hf007-08,nadelhoffer,42.49,-72.2,1,TS,hardwood,exp,control,1990,TS,DECD,NA,NA,LF,NA,NA,NA,0,NA,3,43.2,3.91,1.74,0.14,NA,NA,1,
1990,4,1,91,DIRT,hf007-08,nadelhoffer,42.49,-72.2,1,TS,hardwood,exp,control,1990,TS,DECD,NA,NA,mineral,0-15,NA,NA,9.431462567,NA,3,4.07,0.39,0.23,0.01,NA,NA,1,
1990,4,1,91,DIRT,hf007-08,nadelhoffer,42.49,-72.2,2,TS,hardwood,exp,no_litter,1990,TS,DECD,NA,NA,organic,NA,NA,NA,0,NA,3,18.7,3.35,0.86,0.15,NA,NA,0,
1990,4,1,91,DIRT,hf007-08,nadelhoffer,42.49,-72.2,2,TS,hardwood,exp,no_litter,1990,TS,DECD,NA,NA,mineral,0-15,NA,NA,9.431462567,NA,3,3.22,0.53,0.16,0.02,NA,NA,0,
1990,4,1,91,DIRT,hf007-08,nadelhoffer,42.49,-72.2,3,TS,hardwood,exp,double_litter,1990,TS,DECD,NA,NA,FH,NA,NA,NA,0,NA,3,37.29,1.61,1.62,0.06,NA,NA,0,
1990,4,1,91,DIRT,hf007-08,nadelhoffer,42.49,-72.2,3,TS,hardwood,exp,double_litter,1990,TS,DECD,NA,NA,mineral,0-15,NA,NA,9.431462567,NA,4,4.86,0.53,0.26,0.03,NA,NA,0,
1990,10,1,274,DIRT,hf007-08,nadelhoffer,42.49,-72.2,4,TS,hardwood,exp,trenched_no_litter,1990,TS,DECD,NA,NA,FH,NA,NA,NA,0,NA,2,43.46,0.5,1.95,0.02,NA,NA,0,
1990,10,1,274,DIRT,hf007-08,nadelhoffer,42.49,-72.2,4,TS,hardwood,exp,trenched_no_litter,1990,TS,DECD,NA,NA,mineral,0-15,NA,NA,9.431462567,NA,2,5.81,0.25,0.32,0.02,NA,NA,0,
1990,10,1,274,DIRT,hf007-08,nadelhoffer,42.49,-72.2,4,TS,hardwood,exp,trenched_no_litter,1990,TS,DECD,NA,NA,mineral,A,NA,NA,NA,NA,2,5.14,0.54,0.27,0.04,NA,NA,0,
1990,10,1,274,DIRT,hf007-08,nadelhoffer,42.49,-72.2,4,TS,hardwood,exp,trenched_no_litter,1990,TS,DECD,NA,NA,mineral,Bir,NA,NA,NA,NA,2,2.22,0.45,0.15,0.02,NA,NA,0,
1990,10,1,274,DIRT,hf007-08,nadelhoffer,42.49,-72.2,4,TS,hardwood,exp,trenched_no_litter,1990,TS,DECD,NA,NA,mineral,B2,NA,NA,NA,NA,2,0.55,0.15,0.04,0.01,NA,NA,0,
1990,10,1,274,DIRT,hf007-08,nadelhoffer,42.49,-72.2,4,TS,hardwood,exp,trenched_no_litter,1990,TS,DECD,NA,NA,mineral,Bc,NA,NA,NA,NA,2,0.31,0.06,0.02,0.01,NA,NA,0,
1990,10,1,274,DIRT,hf007-08,nadelhoffer,42.49,-72.2,4,TS,hardwood,exp,trenched_no_litter,1990,TS,DECD,NA,NA,mineral,C,NA,NA,NA,NA,2,0.25,0.06,0.02,0.003,NA,NA,0,
1990,10,1,274,DIRT,hf007-08,nadelhoffer,42.49,-72.2,5,TS,hardwood,exp,OAless,1990,TS,DECD,NA,NA,FH,NA,NA,NA,0,NA,14,34.22,2.79,1.35,0.11,NA,NA,0,
1990,10,1,274,DIRT,hf007-08,nadelhoffer,42.49,-72.2,5,TS,hardwood,exp,OAless,1990,TS,DECD,NA,NA,mineral,0-15,NA,NA,9.431462567,NA,4,4.13,0.25,0.22,0.02,NA,NA,0,
1990,10,1,274,DIRT,hf007-08,nadelhoffer,42.49,-72.2,7,TS,hardwood,exp,OAless,1990,TS,DECD,NA,NA,FH,NA,NA,NA,0,NA,6,23.12,1.56,1.09,0.07,NA,NA,0,
1990,4,1,91,DIRT,hf007-08,nadelhoffer,42.49,-72.2,18,TS,hardwood,exp,control,1990,TS,DECD,NA,NA,FH,NA,NA,NA,0,NA,5,43.75,3.42,1.76,0.12,NA,NA,1,
1990,4,1,91,DIRT,hf007-08,nadelhoffer,42.49,-72.2,18,TS,hardwood,exp,control,1990,TS,DECD,NA,NA,mineral,0-15,NA,NA,9.431462567,NA,4,5.41,0.68,0.27,0.04,NA,NA,1,
1990,10,1,274,DIRT,hf007-08,nadelhoffer,42.49,-72.2,21,TS,hardwood,exp,OAless,1990,TS,DECD,NA,NA,FH,NA,NA,NA,0,NA,4,48.24,0.92,2.07,0.05,NA,NA,0,
1991,11,1,305,DIRT,hf007-09,nadelhoffer,42.49,-72.2,1,TS,hardwood,exp,control,1990,TS,DECD,NA,NA,mineral,0-10,58.56,NA,4.9473931,NA,NA,5.39,0.47,0.34,0.02,3.156,3.000225276,1,
1991,11,1,305,DIRT,hf007-09,nadelhoffer,42.49,-72.2,2,TS,hardwood,exp,no_litter,1990,TS,DECD,NA,NA,mineral,0-10,60.11,NA,4.9473931,NA,NA,4.6,0.07,0.29,0.01,2.765,2.628261612,0,
1991,11,1,305,DIRT,hf007-09,nadelhoffer,42.49,-72.2,3,TS,hardwood,exp,double_litter,1990,TS,DECD,NA,NA,mineral,0-10,65.96,NA,4.9473931,NA,NA,4.04,0.58,0.22,0.03,2.665,2.53294666,0,
1991,11,1,305,DIRT,hf007-09,nadelhoffer,42.49,-72.2,4,TS,hardwood,exp,trenched_no_litter,1990,TS,DECD,NA,NA,mineral,0-10,56.31,NA,4.9473931,NA,NA,5.91,0.4,0.3,0.01,3.328,3.163275666,0,
1991,11,1,305,DIRT,hf007-09,nadelhoffer,42.49,-72.2,5,TS,hardwood,exp,OAless,1990,TS,DECD,NA,NA,mineral,0-10,101.51,NA,4.9473931,NA,NA,0.96,0.04,0.06,0,0.974,0.926283852,0,
1991,11,1,305,DIRT,hf007-09,nadelhoffer,42.49,-72.2,6,TS,hardwood,exp,control,1990,TS,DECD,NA,NA,mineral,0-10,55.41,NA,4.9473931,NA,NA,5.88,0.7,0.31,0.02,3.258,3.09691659,1,
1991,11,1,305,DIRT,hf007-09,nadelhoffer,42.49,-72.2,7,TS,hardwood,exp,OAless,1990,TS,DECD,NA,NA,mineral,0-10,88.1,NA,4.9473931,NA,NA,0.98,0.01,0.06,0,0.863,0.820665197,0,
1991,11,1,305,DIRT,hf007-09,nadelhoffer,42.49,-72.2,8,TS,hardwood,exp,trenched,1990,TS,DECD,NA,NA,mineral,0-10,57.46,NA,4.9473931,NA,NA,5.52,0.42,0.29,0.03,3.172,3.014870981,0,
1991,11,1,305,DIRT,hf007-09,nadelhoffer,42.49,-72.2,9,TS,hardwood,exp,no_litter,1990,TS,DECD,NA,NA,mineral,0-10,63.41,NA,4.9473931,NA,NA,5.15,0.35,0.25,0.01,3.266,3.104052189,0,
1991,11,1,305,DIRT,hf007-09,nadelhoffer,42.49,-72.2,10,TS,hardwood,exp,no_litter,1990,TS,DECD,NA,NA,mineral,0-10,58.43,NA,4.9473931,NA,NA,4.98,0.46,0.28,0.03,2.91,2.765854063,0,
1991,11,1,305,DIRT,hf007-09,nadelhoffer,42.49,-72.2,11,TS,hardwood,exp,trenched,1990,TS,DECD,NA,NA,mineral,0-10,58.64,NA,4.9473931,NA,NA,5.09,0.37,0.29,0.02,2.985,2.837107398,0,
1991,11,1,305,DIRT,hf007-09,nadelhoffer,42.49,-72.2,12,TS,hardwood,exp,double_litter,1990,TS,DECD,NA,NA,mineral,0-10,57.57,NA,4.9473931,NA,NA,5.44,1.14,0.32,0.06,3.132,2.976865147,0,
1991,11,1,305,DIRT,hf007-09,nadelhoffer,42.49,-72.2,13,TS,hardwood,exp,trenched,1990,TS,DECD,NA,NA,mineral,0-10,57.25,NA,4.9473931,NA,NA,5.09,0.34,0.28,0.02,2.914,2.769856728,0,
1991,11,1,305,DIRT,hf007-09,nadelhoffer,42.49,-72.2,14,TS,hardwood,exp,control,1990,TS,DECD,NA,NA,mineral,0-10,40.02,NA,4.9473931,NA,NA,8.3,1.3,0.42,0.07,3.322,3.157324422,1,
1991,11,1,305,DIRT,hf007-09,nadelhoffer,42.49,-72.2,15,TS,hardwood,exp,control,1990,TS,DECD,NA,NA,mineral,0-10,54.46,NA,4.9473931,NA,NA,6.48,0.57,0.29,0.03,3.529,3.354414102,1,
1991,11,1,305,DIRT,hf007-09,nadelhoffer,42.49,-72.2,16,TS,hardwood,exp,trenched_no_litter,1990,TS,DECD,NA,NA,mineral,0-10,64.7,NA,4.9473931,NA,NA,4.92,0.69,0.26,0.02,3.183,3.025752604,0,
1991,11,1,305,DIRT,hf007-09,nadelhoffer,42.49,-72.2,17,TS,hardwood,exp,trenched_no_litter,1990,TS,DECD,NA,NA,mineral,0-10,55.91,NA,4.9473931,NA,NA,5.22,0.53,0.31,0.03,2.919,2.774112233,0,
1991,11,1,305,DIRT,hf007-09,nadelhoffer,42.49,-72.2,18,TS,hardwood,exp,control,1990,TS,DECD,NA,NA,mineral,0-10,56.93,NA,4.9473931,NA,NA,6.52,1.22,0.31,0.04,3.712,3.528196882,1,
1991,11,1,305,DIRT,hf007-09,nadelhoffer,42.49,-72.2,19,TS,hardwood,exp,double_litter,1990,TS,DECD,NA,NA,mineral,0-10,66.75,NA,4.9473931,NA,NA,4.57,0.05,0.26,0.01,3.05,2.89955601,0,
1991,11,1,305,DIRT,hf007-09,nadelhoffer,42.49,-72.2,20,TS,hardwood,exp,control,1990,TS,DECD,NA,NA,mineral,0-10,57.91,NA,4.9473931,NA,NA,5.53,0.98,0.3,0.06,3.202,3.043986545,1,
1991,11,1,305,DIRT,hf007-09,nadelhoffer,42.49,-72.2,21,TS,hardwood,exp,OAless,1990,TS,DECD,NA,NA,mineral,0-10,94.16,NA,4.9473931,NA,NA,0.67,0.03,0.04,0,0.631,0.599660282,0,
1991,11,1,305,DIRT,hf007-09,nadelhoffer,42.49,-72.2,1,TS,hardwood,exp,control,1990,TS,DECD,NA,NA,mineral,15-Oct,NA,NA,18.3996015,NA,NA,3.34,0.49,0.19,0.02,0.978,0.798012729,1,kgCm2 computed using same soil density (i.e. 1/2 the measured soil mass) than the 0-10cm depth
1991,11,1,305,DIRT,hf007-09,nadelhoffer,42.49,-72.2,2,TS,hardwood,exp,no_litter,1990,TS,DECD,NA,NA,mineral,15-Oct,NA,NA,18.3996015,NA,NA,2.43,0.12,0.15,0.01,0.73,0.595957494,0,kgCm2 computed using same soil density (i.e. 1/2 the measured soil mass) than the 0-10cm depth
1991,11,1,305,DIRT,hf007-09,nadelhoffer,42.49,-72.2,3,TS,hardwood,exp,double_litter,1990,TS,DECD,NA,NA,mineral,15-Oct,NA,NA,18.3996015,NA,NA,2.23,0.48,0.12,0.02,0.735,0.600133395,0,kgCm2 computed using same soil density (i.e. 1/2 the measured soil mass) than the 0-10cm depth
1991,11,1,305,DIRT,hf007-09,nadelhoffer,42.49,-72.2,4,TS,hardwood,exp,trenched_no_litter,1990,TS,DECD,NA,NA,mineral,15-Oct,NA,NA,18.3996015,NA,NA,3.01,0.31,0.16,0.02,0.847,0.691535225,0,kgCm2 computed using same soil density (i.e. 1/2 the measured soil mass) than the 0-10cm depth
1991,11,1,305,DIRT,hf007-09,nadelhoffer,42.49,-72.2,5,TS,hardwood,exp,OAless,1990,TS,DECD,NA,NA,mineral,15-Oct,NA,NA,18.3996015,NA,NA,0.84,0.03,0.05,0.01,0.426,0.347896771,0,kgCm2 computed using same soil density (i.e. 1/2 the measured soil mass) than the 0-10cm depth
1991,11,1,305,DIRT,hf007-09,nadelhoffer,42.49,-72.2,6,TS,hardwood,exp,control,1990,TS,DECD,NA,NA,mineral,15-Oct,NA,NA,18.3996015,NA,NA,2.67,0.5,0.14,0.03,0.74,0.603617324,1,kgCm2 computed using same soil density (i.e. 1/2 the measured soil mass) than the 0-10cm depth
1991,11,1,305,DIRT,hf007-09,nadelhoffer,42.49,-72.2,7,TS,hardwood,exp,OAless,1990,TS,DECD,NA,NA,mineral,15-Oct,NA,NA,18.3996015,NA,NA,1.5,0.65,0.07,0.02,0.661,0.539174633,0,kgCm2 computed using same soil density (i.e. 1/2 the measured soil mass) than the 0-10cm depth
1991,11,1,305,DIRT,hf007-09,nadelhoffer,42.49,-72.2,8,TS,hardwood,exp,trenched,1990,TS,DECD,NA,NA,mineral,15-Oct,NA,NA,18.3996015,NA,NA,2.81,0.25,0.14,0.03,0.807,0.658770625,0,kgCm2 computed using same soil density (i.e. 1/2 the measured soil mass) than the 0-10cm depth
1991,11,1,305,DIRT,hf007-09,nadelhoffer,42.49,-72.2,9,TS,hardwood,exp,no_litter,1990,TS,DECD,NA,NA,mineral,15-Oct,NA,NA,18.3996015,NA,NA,2.29,0.55,0.12,0.03,0.726,0.592455205,0,kgCm2 computed using same soil density (i.e. 1/2 the measured soil mass) than the 0-10cm depth
1991,11,1,305,DIRT,hf007-09,nadelhoffer,42.49,-72.2,10,TS,hardwood,exp,no_litter,1990,TS,DECD,NA,NA,mineral,15-Oct,NA,NA,18.3996015,NA,NA,3.33,0.54,0.2,0.03,0.973,0.793857229,0,kgCm2 computed using same soil density (i.e. 1/2 the measured soil mass) than the 0-10cm depth
1991,11,1,305,DIRT,hf007-09,nadelhoffer,42.49,-72.2,11,TS,hardwood,exp,trenched,1990,TS,DECD,NA,NA,mineral,15-Oct,NA,NA,18.3996015,NA,NA,2.7,1.03,0.13,0.05,0.792,0.645981395,0,kgCm2 computed using same soil density (i.e. 1/2 the measured soil mass) than the 0-10cm depth
1991,11,1,305,DIRT,hf007-09,nadelhoffer,42.49,-72.2,12,TS,hardwood,exp,double_litter,1990,TS,DECD,NA,NA,mineral,15-Oct,NA,NA,18.3996015,NA,NA,3.15,0.87,0.17,0.04,0.907,0.739893253,0,kgCm2 computed using same soil density (i.e. 1/2 the measured soil mass) than the 0-10cm depth
1991,11,1,305,DIRT,hf007-09,nadelhoffer,42.49,-72.2,13,TS,hardwood,exp,trenched,1990,TS,DECD,NA,NA,mineral,15-Oct,NA,NA,18.3996015,NA,NA,2.95,0.31,0.16,0.02,0.844,0.689064365,0,kgCm2 computed using same soil density (i.e. 1/2 the measured soil mass) than the 0-10cm depth
1991,11,1,305,DIRT,hf007-09,nadelhoffer,42.49,-72.2,14,TS,hardwood,exp,control,1990,TS,DECD,NA,NA,mineral,15-Oct,NA,NA,18.3996015,NA,NA,4.51,0.88,0.24,0.05,0.902,0.736403612,1,kgCm2 computed using same soil density (i.e. 1/2 the measured soil mass) than the 0-10cm depth
1991,11,1,305,DIRT,hf007-09,nadelhoffer,42.49,-72.2,15,TS,hardwood,exp,control,1990,TS,DECD,NA,NA,mineral,15-Oct,NA,NA,18.3996015,NA,NA,3.05,0.53,0.15,0.01,0.831,0.67770355,1,kgCm2 computed using same soil density (i.e. 1/2 the measured soil mass) than the 0-10cm depth
1991,11,1,305,DIRT,hf007-09,nadelhoffer,42.49,-72.2,16,TS,hardwood,exp,trenched_no_litter,1990,TS,DECD,NA,NA,mineral,15-Oct,NA,NA,18.3996015,NA,NA,2.88,0.59,0.16,0.02,0.932,0.760254593,0,kgCm2 computed using same soil density (i.e. 1/2 the measured soil mass) than the 0-10cm depth
1991,11,1,305,DIRT,hf007-09,nadelhoffer,42.49,-72.2,17,TS,hardwood,exp,trenched_no_litter,1990,TS,DECD,NA,NA,mineral,15-Oct,NA,NA,18.3996015,NA,NA,4.02,1.32,0.21,0.07,1.124,0.917017934,0,kgCm2 computed using same soil density (i.e. 1/2 the measured soil mass) than the 0-10cm depth
1991,11,1,305,DIRT,hf007-09,nadelhoffer,42.49,-72.2,18,TS,hardwood,exp,control,1990,TS,DECD,NA,NA,mineral,15-Oct,NA,NA,18.3996015,NA,NA,3.94,0.79,0.19,0.03,1.122,0.915165605,1,kgCm2 computed using same soil density (i.e. 1/2 the measured soil mass) than the 0-10cm depth
1991,11,1,305,DIRT,hf007-09,nadelhoffer,42.49,-72.2,19,TS,hardwood,exp,double_litter,1990,TS,DECD,NA,NA,mineral,15-Oct,NA,NA,18.3996015,NA,NA,3.24,0.29,0.16,0.001,1.081,0.882385909,0,kgCm2 computed using same soil density (i.e. 1/2 the measured soil mass) than the 0-10cm depth
1991,11,1,305,DIRT,hf007-09,nadelhoffer,42.49,-72.2,20,TS,hardwood,exp,control,1990,TS,DECD,NA,NA,mineral,15-Oct,NA,NA,18.3996015,NA,NA,2.89,0.48,0.14,0.03,0.837,0.682831727,1,kgCm2 computed using same soil density (i.e. 1/2 the measured soil mass) than the 0-10cm depth
1991,11,1,305,DIRT,hf007-09,nadelhoffer,42.49,-72.2,21,TS,hardwood,exp,OAless,1990,TS,DECD,NA,NA,mineral,15-Oct,NA,NA,18.3996015,NA,NA,0.58,0.001,0.03,0,0.273,0.222821312,0,kgCm2 computed using same soil density (i.e. 1/2 the measured soil mass) than the 0-10cm depth
1991,11,1,305,DIRT,hf007-09,nadelhoffer,42.49,-72.2,1,TS,hardwood,exp,control,1990,TS,DECD,NA,NA,organic,NA,2.51,NA,0,NA,NA,44.05,1.85,1.9,0.08,1.106,1.105655,1,
1991,11,1,305,DIRT,hf007-09,nadelhoffer,42.49,-72.2,2,TS,hardwood,exp,no_litter,1990,TS,DECD,NA,NA,organic,NA,2.19,NA,0,NA,NA,36.79,3.78,1.76,0.1,0.806,0.805701,0,
1991,11,1,305,DIRT,hf007-09,nadelhoffer,42.49,-72.2,3,TS,hardwood,exp,double_litter,1990,TS,DECD,NA,NA,organic,NA,3.43,NA,0,NA,NA,41.5,2.2,1.77,0.06,1.423,1.42345,0,
1991,11,1,305,DIRT,hf007-09,nadelhoffer,42.49,-72.2,4,TS,hardwood,exp,trenched_no_litter,1990,TS,DECD,NA,NA,organic,NA,3.02,NA,0,NA,NA,45.51,1.8,2.06,0.11,1.374,1.374402,0,
1991,11,1,305,DIRT,hf007-09,nadelhoffer,42.49,-72.2,5,TS,hardwood,exp,OAless,1990,TS,DECD,NA,NA,organic,NA,NA,NA,0,NA,NA,NA,NA,NA,NA,NA,NA,0,
1991,11,1,305,DIRT,hf007-09,nadelhoffer,42.49,-72.2,6,TS,hardwood,exp,control,1990,TS,DECD,NA,NA,organic,NA,6.45,NA,0,NA,NA,30.7,1.64,1.37,0.08,1.98,1.98015,1,
1991,11,1,305,DIRT,hf007-09,nadelhoffer,42.49,-72.2,7,TS,hardwood,exp,OAless,1990,TS,DECD,NA,NA,organic,NA,NA,NA,0,NA,NA,NA,NA,NA,NA,NA,NA,0,
1991,11,1,305,DIRT,hf007-09,nadelhoffer,42.49,-72.2,8,TS,hardwood,exp,trenched,1990,TS,DECD,NA,NA,organic,NA,4.51,NA,0,NA,NA,33.56,5.96,1.67,0.29,1.514,1.513556,0,
1991,11,1,305,DIRT,hf007-09,nadelhoffer,42.49,-72.2,9,TS,hardwood,exp,no_litter,1990,TS,DECD,NA,NA,organic,NA,5.39,NA,0,NA,NA,34.94,4.95,1.47,0.17,1.883,1.883266,0,
1991,11,1,305,DIRT,hf007-09,nadelhoffer,42.49,-72.2,10,TS,hardwood,exp,no_litter,1990,TS,DECD,NA,NA,organic,NA,4.09,NA,0,NA,NA,39.96,3.45,1.74,0.13,1.634,1.634364,0,
1991,11,1,305,DIRT,hf007-09,nadelhoffer,42.49,-72.2,11,TS,hardwood,exp,trenched,1990,TS,DECD,NA,NA,organic,NA,5.72,NA,0,NA,NA,21.12,5.53,1.13,0.28,1.208,1.208064,0,
1991,11,1,305,DIRT,hf007-09,nadelhoffer,42.49,-72.2,12,TS,hardwood,exp,double_litter,1990,TS,DECD,NA,NA,organic,NA,3.07,NA,0,NA,NA,37.06,6.06,1.8,0.22,1.138,1.137742,0,
1991,11,1,305,DIRT,hf007-09,nadelhoffer,42.49,-72.2,13,TS,hardwood,exp,trenched,1990,TS,DECD,NA,NA,organic,NA,2.87,NA,0,NA,NA,32.05,4.29,1.59,0.23,0.92,0.919835,0,
1991,11,1,305,DIRT,hf007-09,nadelhoffer,42.49,-72.2,14,TS,hardwood,exp,control,1990,TS,DECD,NA,NA,organic,NA,2.54,NA,0,NA,NA,47.2,0.57,2.12,0.06,1.199,1.19888,1,
1991,11,1,305,DIRT,hf007-09,nadelhoffer,42.49,-72.2,15,TS,hardwood,exp,control,1990,TS,DECD,NA,NA,organic,NA,3.87,NA,0,NA,NA,39.31,4.29,1.7,0.11,1.521,1.521297,1,
1991,11,1,305,DIRT,hf007-09,nadelhoffer,42.49,-72.2,16,TS,hardwood,exp,trenched_no_litter,1990,TS,DECD,NA,NA,organic,NA,9.17,NA,0,NA,NA,22.1,3.32,0.98,0.12,2.027,2.02657,0,
1991,11,1,305,DIRT,hf007-09,nadelhoffer,42.49,-72.2,17,TS,hardwood,exp,trenched_no_litter,1990,TS,DECD,NA,NA,organic,NA,4.93,NA,0,NA,NA,28.28,2.47,1.51,0.06,1.394,1.394204,0,
1991,11,1,305,DIRT,hf007-09,nadelhoffer,42.49,-72.2,18,TS,hardwood,exp,control,1990,TS,DECD,NA,NA,organic,NA,2.41,NA,0,NA,NA,43.37,3.16,1.85,0.11,1.045,1.045217,1,
1991,11,1,305,DIRT,hf007-09,nadelhoffer,42.49,-72.2,19,TS,hardwood,exp,double_litter,1990,TS,DECD,NA,NA,organic,NA,3.65,NA,0,NA,NA,32.57,4.4,1.44,0.21,1.189,1.188805,0,
1991,11,1,305,DIRT,hf007-09,nadelhoffer,42.49,-72.2,20,TS,hardwood,exp,control,1990,TS,DECD,NA,NA,organic,NA,7.72,NA,0,NA,NA,23.62,7.33,1.19,0.36,1.823,1.823464,1,
1991,11,1,305,DIRT,hf007-09,nadelhoffer,42.49,-72.2,21,TS,hardwood,exp,OAless,1990,TS,DECD,NA,NA,organic,NA,NA,NA,0,NA,NA,NA,NA,NA,NA,NA,NA,0,
1995,NA,NA,NA,DIRT,Harvard Forest DIRT_soil_C_1995_2000_2010_master.xls (provided by Kate Lajtha),lajtha,42.49,-72.2,1,TS,hardwood,exp,control,1990,TS,DECD,NA,A,organic,NA,NA,NA,NA,NA,1,35.92,NA,NA,NA,6.106,6.1064,1,Corrected for rock volume by the principal investigator
1995,NA,NA,NA,DIRT,Harvard Forest DIRT_soil_C_1995_2000_2010_master.xls (provided by Kate Lajtha),lajtha,42.49,-72.2,1,TS,hardwood,exp,control,1990,TS,DECD,NA,B,organic,NA,NA,NA,NA,NA,1,33.23,NA,NA,NA,5.649,5.6491,1,Corrected for rock volume by the principal investigator
1995,NA,NA,NA,DIRT,Harvard Forest DIRT_soil_C_1995_2000_2010_master.xls (provided by Kate Lajtha),lajtha,42.49,-72.2,1,TS,hardwood,exp,control,1990,TS,DECD,NA,C,organic,NA,NA,NA,NA,NA,1,28.84,NA,NA,NA,4.903,4.9028,1,Corrected for rock volume by the principal investigator
1995,NA,NA,NA,DIRT,Harvard Forest DIRT_soil_C_1995_2000_2010_master.xls (provided by Kate Lajtha),lajtha,42.49,-72.2,2,TS,hardwood,exp,no_litter,1990,TS,DECD,NA,A,organic,NA,NA,NA,NA,NA,1,30.49,NA,NA,NA,10.367,10.3666,0,Corrected for rock volume by the principal investigator
1995,NA,NA,NA,DIRT,Harvard Forest DIRT_soil_C_1995_2000_2010_master.xls (provided by Kate Lajtha),lajtha,42.49,-72.2,2,TS,hardwood,exp,no_litter,1990,TS,DECD,NA,B,organic,NA,NA,NA,NA,NA,1,26.94,NA,NA,NA,9.16,9.1596,0,Corrected for rock volume by the principal investigator
1995,NA,NA,NA,DIRT,Harvard Forest DIRT_soil_C_1995_2000_2010_master.xls (provided by Kate Lajtha),lajtha,42.49,-72.2,2,TS,hardwood,exp,no_litter,1990,TS,DECD,NA,C,organic,NA,NA,NA,NA,NA,1,25.41,NA,NA,NA,8.639,8.6394,0,Corrected for rock volume by the principal investigator
1995,NA,NA,NA,DIRT,Harvard Forest DIRT_soil_C_1995_2000_2010_master.xls (provided by Kate Lajtha),lajtha,42.49,-72.2,3,TS,hardwood,exp,double_litter,1990,TS,DECD,NA,A,organic,NA,NA,NA,NA,NA,1,40.22,NA,NA,NA,6.033,6.033,0,Corrected for rock volume by the principal investigator
1995,NA,NA,NA,DIRT,Harvard Forest DIRT_soil_C_1995_2000_2010_master.xls (provided by Kate Lajtha),lajtha,42.49,-72.2,3,TS,hardwood,exp,double_litter,1990,TS,DECD,NA,B,organic,NA,NA,NA,NA,NA,1,20.26,NA,NA,NA,3.039,3.039,0,Corrected for rock volume by the principal investigator
1995,NA,NA,NA,DIRT,Harvard Forest DIRT_soil_C_1995_2000_2010_master.xls (provided by Kate Lajtha),lajtha,42.49,-72.2,3,TS,hardwood,exp,double_litter,1990,TS,DECD,NA,C,organic,NA,NA,NA,NA,NA,1,29.63,NA,NA,NA,4.445,4.4445,0,Corrected for rock volume by the principal investigator
1995,NA,NA,NA,DIRT,Harvard Forest DIRT_soil_C_1995_2000_2010_master.xls (provided by Kate Lajtha),lajtha,42.49,-72.2,4,TS,hardwood,exp,trenched_no_litter,1990,TS,DECD,NA,A,organic,NA,NA,NA,NA,NA,1,24.87,NA,NA,NA,11.689,11.6889,0,Corrected for rock volume by the principal investigator
1995,NA,NA,NA,DIRT,Harvard Forest DIRT_soil_C_1995_2000_2010_master.xls (provided by Kate Lajtha),lajtha,42.49,-72.2,4,TS,hardwood,exp,trenched_no_litter,1990,TS,DECD,NA,B,organic,NA,NA,NA,NA,NA,1,26.32,NA,NA,NA,12.37,12.3704,0,Corrected for rock volume by the principal investigator
1995,NA,NA,NA,DIRT,Harvard Forest DIRT_soil_C_1995_2000_2010_master.xls (provided by Kate Lajtha),lajtha,42.49,-72.2,4,TS,hardwood,exp,trenched_no_litter,1990,TS,DECD,NA,C,organic,NA,NA,NA,NA,NA,1,24.54,NA,NA,NA,11.534,11.5338,0,Corrected for rock volume by the principal investigator
1995,NA,NA,NA,DIRT,Harvard Forest DIRT_soil_C_1995_2000_2010_master.xls (provided by Kate Lajtha),lajtha,42.49,-72.2,5,TS,hardwood,exp,OAless,1990,TS,DECD,NA,A,organic,NA,NA,NA,NA,NA,1,0,NA,NA,NA,0,0,0,Corrected for rock volume by the principal investigator
1995,NA,NA,NA,DIRT,Harvard Forest DIRT_soil_C_1995_2000_2010_master.xls (provided by Kate Lajtha),lajtha,42.49,-72.2,5,TS,hardwood,exp,OAless,1990,TS,DECD,NA,B,organic,NA,NA,NA,NA,NA,1,0,NA,NA,NA,0,0,0,Corrected for rock volume by the principal investigator
1995,NA,NA,NA,DIRT,Harvard Forest DIRT_soil_C_1995_2000_2010_master.xls (provided by Kate Lajtha),lajtha,42.49,-72.2,5,TS,hardwood,exp,OAless,1990,TS,DECD,NA,C,organic,NA,NA,NA,NA,NA,1,0,NA,NA,NA,0,0,0,Corrected for rock volume by the principal investigator
1995,NA,NA,NA,DIRT,Harvard Forest DIRT_soil_C_1995_2000_2010_master.xls (provided by Kate Lajtha),lajtha,42.49,-72.2,6,TS,hardwood,exp,control,1990,TS,DECD,NA,A,organic,NA,NA,NA,NA,NA,1,27.36,NA,NA,NA,4.651,4.6512,1,Corrected for rock volume by the principal investigator
1995,NA,NA,NA,DIRT,Harvard Forest DIRT_soil_C_1995_2000_2010_master.xls (provided by Kate Lajtha),lajtha,42.49,-72.2,6,TS,hardwood,exp,control,1990,TS,DECD,NA,B,organic,NA,NA,NA,NA,NA,1,38.86,NA,NA,NA,6.606,6.6062,1,Corrected for rock volume by the principal investigator
1995,NA,NA,NA,DIRT,Harvard Forest DIRT_soil_C_1995_2000_2010_master.xls (provided by Kate Lajtha),lajtha,42.49,-72.2,6,TS,hardwood,exp,control,1990,TS,DECD,NA,C,organic,NA,NA,NA,NA,NA,1,29.65,NA,NA,NA,5.041,5.0405,1,Corrected for rock volume by the principal investigator
1995,NA,NA,NA,DIRT,Harvard Forest DIRT_soil_C_1995_2000_2010_master.xls (provided by Kate Lajtha),lajtha,42.49,-72.2,7,TS,hardwood,exp,OAless,1990,TS,DECD,NA,A,organic,NA,NA,NA,NA,NA,1,0,NA,NA,NA,0,0,0,Corrected for rock volume by the principal investigator
1995,NA,NA,NA,DIRT,Harvard Forest DIRT_soil_C_1995_2000_2010_master.xls (provided by Kate Lajtha),lajtha,42.49,-72.2,7,TS,hardwood,exp,OAless,1990,TS,DECD,NA,B,organic,NA,NA,NA,NA,NA,1,0,NA,NA,NA,0,0,0,Corrected for rock volume by the principal investigator
1995,NA,NA,NA,DIRT,Harvard Forest DIRT_soil_C_1995_2000_2010_master.xls (provided by Kate Lajtha),lajtha,42.49,-72.2,7,TS,hardwood,exp,OAless,1990,TS,DECD,NA,C,organic,NA,NA,NA,NA,NA,1,0,NA,NA,NA,0,0,0,Corrected for rock volume by the principal investigator
1995,NA,NA,NA,DIRT,Harvard Forest DIRT_soil_C_1995_2000_2010_master.xls (provided by Kate Lajtha),lajtha,42.49,-72.2,8,TS,hardwood,exp,trenched,1990,TS,DECD,NA,A,organic,NA,NA,NA,NA,NA,1,28.81,NA,NA,NA,4.898,4.8977,0,Corrected for rock volume by the principal investigator
1995,NA,NA,NA,DIRT,Harvard Forest DIRT_soil_C_1995_2000_2010_master.xls (provided by Kate Lajtha),lajtha,42.49,-72.2,8,TS,hardwood,exp,trenched,1990,TS,DECD,NA,B,organic,NA,NA,NA,NA,NA,1,37.39,NA,NA,NA,6.356,6.3563,0,Corrected for rock volume by the principal investigator
1995,NA,NA,NA,DIRT,Harvard Forest DIRT_soil_C_1995_2000_2010_master.xls (provided by Kate Lajtha),lajtha,42.49,-72.2,8,TS,hardwood,exp,trenched,1990,TS,DECD,NA,C,organic,NA,NA,NA,NA,NA,1,27.2,NA,NA,NA,4.624,4.624,0,Corrected for rock volume by the principal investigator
1995,NA,NA,NA,DIRT,Harvard Forest DIRT_soil_C_1995_2000_2010_master.xls (provided by Kate Lajtha),lajtha,42.49,-72.2,9,TS,hardwood,exp,no_litter,1990,TS,DECD,NA,A,organic,NA,NA,NA,NA,NA,1,33.21,NA,NA,NA,11.291,11.2914,0,Corrected for rock volume by the principal investigator
1995,NA,NA,NA,DIRT,Harvard Forest DIRT_soil_C_1995_2000_2010_master.xls (provided by Kate Lajtha),lajtha,42.49,-72.2,9,TS,hardwood,exp,no_litter,1990,TS,DECD,NA,B,organic,NA,NA,NA,NA,NA,1,33.38,NA,NA,NA,11.349,11.3492,0,Corrected for rock volume by the principal investigator
1995,NA,NA,NA,DIRT,Harvard Forest DIRT_soil_C_1995_2000_2010_master.xls (provided by Kate Lajtha),lajtha,42.49,-72.2,9,TS,hardwood,exp,no_litter,1990,TS,DECD,NA,C,organic,NA,NA,NA,NA,NA,1,35.97,NA,NA,NA,12.23,12.2298,0,Corrected for rock volume by the principal investigator
1995,NA,NA,NA,DIRT,Harvard Forest DIRT_soil_C_1995_2000_2010_master.xls (provided by Kate Lajtha),lajtha,42.49,-72.2,10,TS,hardwood,exp,no_litter,1990,TS,DECD,NA,A,organic,NA,NA,NA,NA,NA,1,29.26,NA,NA,NA,9.948,9.9484,0,Corrected for rock volume by the principal investigator
1995,NA,NA,NA,DIRT,Harvard Forest DIRT_soil_C_1995_2000_2010_master.xls (provided by Kate Lajtha),lajtha,42.49,-72.2,10,TS,hardwood,exp,no_litter,1990,TS,DECD,NA,B,organic,NA,NA,NA,NA,NA,1,33.39,NA,NA,NA,11.353,11.3526,0,Corrected for rock volume by the principal investigator
1995,NA,NA,NA,DIRT,Harvard Forest DIRT_soil_C_1995_2000_2010_master.xls (provided by Kate Lajtha),lajtha,42.49,-72.2,10,TS,hardwood,exp,no_litter,1990,TS,DECD,NA,C,organic,NA,NA,NA,NA,NA,1,27.4,NA,NA,NA,9.316,9.316,0,Corrected for rock volume by the principal investigator
1995,NA,NA,NA,DIRT,Harvard Forest DIRT_soil_C_1995_2000_2010_master.xls (provided by Kate Lajtha),lajtha,42.49,-72.2,11,TS,hardwood,exp,trenched,1990,TS,DECD,NA,A,organic,NA,NA,NA,NA,NA,1,18.06,NA,NA,NA,3.07,3.0702,0,Corrected for rock volume by the principal investigator
1995,NA,NA,NA,DIRT,Harvard Forest DIRT_soil_C_1995_2000_2010_master.xls (provided by Kate Lajtha),lajtha,42.49,-72.2,11,TS,hardwood,exp,trenched,1990,TS,DECD,NA,B,organic,NA,NA,NA,NA,NA,1,27.16,NA,NA,NA,4.617,4.6172,0,Corrected for rock volume by the principal investigator
1995,NA,NA,NA,DIRT,Harvard Forest DIRT_soil_C_1995_2000_2010_master.xls (provided by Kate Lajtha),lajtha,42.49,-72.2,11,TS,hardwood,exp,trenched,1990,TS,DECD,NA,C,organic,NA,NA,NA,NA,NA,1,19.93,NA,NA,NA,3.388,3.3881,0,Corrected for rock volume by the principal investigator
1995,NA,NA,NA,DIRT,Harvard Forest DIRT_soil_C_1995_2000_2010_master.xls (provided by Kate Lajtha),lajtha,42.49,-72.2,12,TS,hardwood,exp,double_litter,1990,TS,DECD,NA,A,organic,NA,NA,NA,NA,NA,1,44.98,NA,NA,NA,6.747,6.747,0,Corrected for rock volume by the principal investigator
1995,NA,NA,NA,DIRT,Harvard Forest DIRT_soil_C_1995_2000_2010_master.xls (provided by Kate Lajtha),lajtha,42.49,-72.2,12,TS,hardwood,exp,double_litter,1990,TS,DECD,NA,B,organic,NA,NA,NA,NA,NA,1,36.82,NA,NA,NA,5.523,5.523,0,Corrected for rock volume by the principal investigator
1995,NA,NA,NA,DIRT,Harvard Forest DIRT_soil_C_1995_2000_2010_master.xls (provided by Kate Lajtha),lajtha,42.49,-72.2,12,TS,hardwood,exp,double_litter,1990,TS,DECD,NA,C,organic,NA,NA,NA,NA,NA,1,41.05,NA,NA,NA,6.158,6.1575,0,Corrected for rock volume by the principal investigator
1995,NA,NA,NA,DIRT,Harvard Forest DIRT_soil_C_1995_2000_2010_master.xls (provided by Kate Lajtha),lajtha,42.49,-72.2,13,TS,hardwood,exp,trenched,1990,TS,DECD,NA,A,organic,NA,NA,NA,NA,NA,1,32.4,NA,NA,NA,5.508,5.508,0,Corrected for rock volume by the principal investigator
1995,NA,NA,NA,DIRT,Harvard Forest DIRT_soil_C_1995_2000_2010_master.xls (provided by Kate Lajtha),lajtha,42.49,-72.2,13,TS,hardwood,exp,trenched,1990,TS,DECD,NA,B,organic,NA,NA,NA,NA,NA,1,40.35,NA,NA,NA,6.86,6.8595,0,Corrected for rock volume by the principal investigator
1995,NA,NA,NA,DIRT,Harvard Forest DIRT_soil_C_1995_2000_2010_master.xls (provided by Kate Lajtha),lajtha,42.49,-72.2,13,TS,hardwood,exp,trenched,1990,TS,DECD,NA,C,organic,NA,NA,NA,NA,NA,1,26.74,NA,NA,NA,4.546,4.5458,0,Corrected for rock volume by the principal investigator
1995,NA,NA,NA,DIRT,Harvard Forest DIRT_soil_C_1995_2000_2010_master.xls (provided by Kate Lajtha),lajtha,42.49,-72.2,14,TS,hardwood,exp,control,1990,TS,DECD,NA,A,organic,NA,NA,NA,NA,NA,1,28.7,NA,NA,NA,4.879,4.879,1,Corrected for rock volume by the principal investigator
1995,NA,NA,NA,DIRT,Harvard Forest DIRT_soil_C_1995_2000_2010_master.xls (provided by Kate Lajtha),lajtha,42.49,-72.2,14,TS,hardwood,exp,control,1990,TS,DECD,NA,B,organic,NA,NA,NA,NA,NA,1,34.36,NA,NA,NA,5.841,5.8412,1,Corrected for rock volume by the principal investigator
1995,NA,NA,NA,DIRT,Harvard Forest DIRT_soil_C_1995_2000_2010_master.xls (provided by Kate Lajtha),lajtha,42.49,-72.2,14,TS,hardwood,exp,control,1990,TS,DECD,NA,C,organic,NA,NA,NA,NA,NA,1,35.88,NA,NA,NA,6.1,6.0996,1,Corrected for rock volume by the principal investigator
1995,NA,NA,NA,DIRT,Harvard Forest DIRT_soil_C_1995_2000_2010_master.xls (provided by Kate Lajtha),lajtha,42.49,-72.2,16,TS,hardwood,exp,trenched_no_litter,1990,TS,DECD,NA,A,organic,NA,NA,NA,NA,NA,1,17.55,NA,NA,NA,8.249,8.2485,0,Corrected for rock volume by the principal investigator
1995,NA,NA,NA,DIRT,Harvard Forest DIRT_soil_C_1995_2000_2010_master.xls (provided by Kate Lajtha),lajtha,42.49,-72.2,16,TS,hardwood,exp,trenched_no_litter,1990,TS,DECD,NA,B,organic,NA,NA,NA,NA,NA,1,21.67,NA,NA,NA,10.185,10.1849,0,Corrected for rock volume by the principal investigator
1995,NA,NA,NA,DIRT,Harvard Forest DIRT_soil_C_1995_2000_2010_master.xls (provided by Kate Lajtha),lajtha,42.49,-72.2,16,TS,hardwood,exp,trenched_no_litter,1990,TS,DECD,NA,C,organic,NA,NA,NA,NA,NA,1,22.9,NA,NA,NA,10.763,10.763,0,Corrected for rock volume by the principal investigator
1995,NA,NA,NA,DIRT,Harvard Forest DIRT_soil_C_1995_2000_2010_master.xls (provided by Kate Lajtha),lajtha,42.49,-72.2,17,TS,hardwood,exp,trenched_no_litter,1990,TS,DECD,NA,A,organic,NA,NA,NA,NA,NA,1,19.85,NA,NA,NA,9.33,9.3295,0,Corrected for rock volume by the principal investigator
1995,NA,NA,NA,DIRT,Harvard Forest DIRT_soil_C_1995_2000_2010_master.xls (provided by Kate Lajtha),lajtha,42.49,-72.2,17,TS,hardwood,exp,trenched_no_litter,1990,TS,DECD,NA,B,organic,NA,NA,NA,NA,NA,1,18.76,NA,NA,NA,8.817,8.8172,0,Corrected for rock volume by the principal investigator
1995,NA,NA,NA,DIRT,Harvard Forest DIRT_soil_C_1995_2000_2010_master.xls (provided by Kate Lajtha),lajtha,42.49,-72.2,17,TS,hardwood,exp,trenched_no_litter,1990,TS,DECD,NA,C,organic,NA,NA,NA,NA,NA,1,14.7,NA,NA,NA,6.909,6.909,0,Corrected for rock volume by the principal investigator
1995,NA,NA,NA,DIRT,Harvard Forest DIRT_soil_C_1995_2000_2010_master.xls (provided by Kate Lajtha),lajtha,42.49,-72.2,19,TS,hardwood,exp,double_litter,1990,TS,DECD,NA,A,organic,NA,NA,NA,NA,NA,1,34.93,NA,NA,NA,5.24,5.2395,0,Corrected for rock volume by the principal investigator
1995,NA,NA,NA,DIRT,Harvard Forest DIRT_soil_C_1995_2000_2010_master.xls (provided by Kate Lajtha),lajtha,42.49,-72.2,19,TS,hardwood,exp,double_litter,1990,TS,DECD,NA,B,organic,NA,NA,NA,NA,NA,1,30.77,NA,NA,NA,4.616,4.6155,0,Corrected for rock volume by the principal investigator
1995,NA,NA,NA,DIRT,Harvard Forest DIRT_soil_C_1995_2000_2010_master.xls (provided by Kate Lajtha),lajtha,42.49,-72.2,19,TS,hardwood,exp,double_litter,1990,TS,DECD,NA,C,organic,NA,NA,NA,NA,NA,1,30.84,NA,NA,NA,4.626,4.626,0,Corrected for rock volume by the principal investigator
1995,NA,NA,NA,DIRT,Harvard Forest DIRT_soil_C_1995_2000_2010_master.xls (provided by Kate Lajtha),lajtha,42.49,-72.2,21,TS,hardwood,exp,OAless,1990,TS,DECD,NA,A,organic,NA,NA,NA,NA,NA,1,0,NA,NA,NA,0,0,0,Corrected for rock volume by the principal investigator
1995,NA,NA,NA,DIRT,Harvard Forest DIRT_soil_C_1995_2000_2010_master.xls (provided by Kate Lajtha),lajtha,42.49,-72.2,21,TS,hardwood,exp,OAless,1990,TS,DECD,NA,B,organic,NA,NA,NA,NA,NA,1,0,NA,NA,NA,0,0,0,Corrected for rock volume by the principal investigator
1995,NA,NA,NA,DIRT,Harvard Forest DIRT_soil_C_1995_2000_2010_master.xls (provided by Kate Lajtha),lajtha,42.49,-72.2,21,TS,hardwood,exp,OAless,1990,TS,DECD,NA,C,organic,NA,NA,NA,NA,NA,1,0,NA,NA,NA,0,0,0,Corrected for rock volume by the principal investigator
1995,NA,NA,NA,DIRT,Harvard Forest DIRT_soil_C_1995_2000_2010_master.xls (provided by Kate Lajtha),lajtha,42.49,-72.2,1,TS,hardwood,exp,control,1990,TS,DECD,NA,A,mineral,0-10,NA,NA,NA,NA,1,4.76,NA,NA,NA,2.873,2.873155197,1,Corrected for rock volume by the principal investigator
1995,NA,NA,NA,DIRT,Harvard Forest DIRT_soil_C_1995_2000_2010_master.xls (provided by Kate Lajtha),lajtha,42.49,-72.2,1,TS,hardwood,exp,control,1990,TS,DECD,NA,B,mineral,0-10,NA,NA,NA,NA,1,5.28,NA,NA,NA,3.187,3.187029294,1,Corrected for rock volume by the principal investigator
1995,NA,NA,NA,DIRT,Harvard Forest DIRT_soil_C_1995_2000_2010_master.xls (provided by Kate Lajtha),lajtha,42.49,-72.2,1,TS,hardwood,exp,control,1990,TS,DECD,NA,C,mineral,0-10,NA,NA,NA,NA,1,4.78,NA,NA,NA,2.885,2.885227278,1,Corrected for rock volume by the principal investigator
1995,NA,NA,NA,DIRT,Harvard Forest DIRT_soil_C_1995_2000_2010_master.xls (provided by Kate Lajtha),lajtha,42.49,-72.2,2,TS,hardwood,exp,no_litter,1990,TS,DECD,NA,A,mineral,0-10,NA,NA,NA,NA,1,3.48,NA,NA,NA,2.101,2.100542035,0,Corrected for rock volume by the principal investigator
1995,NA,NA,NA,DIRT,Harvard Forest DIRT_soil_C_1995_2000_2010_master.xls (provided by Kate Lajtha),lajtha,42.49,-72.2,2,TS,hardwood,exp,no_litter,1990,TS,DECD,NA,B,mineral,0-10,NA,NA,NA,NA,1,5.81,NA,NA,NA,3.507,3.506939432,0,Corrected for rock volume by the principal investigator
1995,NA,NA,NA,DIRT,Harvard Forest DIRT_soil_C_1995_2000_2010_master.xls (provided by Kate Lajtha),lajtha,42.49,-72.2,2,TS,hardwood,exp,no_litter,1990,TS,DECD,NA,C,mineral,0-10,NA,NA,NA,NA,1,3.75,NA,NA,NA,2.264,2.263515124,0,Corrected for rock volume by the principal investigator
1995,NA,NA,NA,DIRT,Harvard Forest DIRT_soil_C_1995_2000_2010_master.xls (provided by Kate Lajtha),lajtha,42.49,-72.2,3,TS,hardwood,exp,double_litter,1990,TS,DECD,NA,A,mineral,0-10,NA,NA,NA,NA,1,4.7,NA,NA,NA,2.837,2.836938955,0,Corrected for rock volume by the principal investigator
1995,NA,NA,NA,DIRT,Harvard Forest DIRT_soil_C_1995_2000_2010_master.xls (provided by Kate Lajtha),lajtha,42.49,-72.2,3,TS,hardwood,exp,double_litter,1990,TS,DECD,NA,B,mineral,0-10,NA,NA,NA,NA,1,4.59,NA,NA,NA,2.771,2.770542511,0,Corrected for rock volume by the principal investigator
1995,NA,NA,NA,DIRT,Harvard Forest DIRT_soil_C_1995_2000_2010_master.xls (provided by Kate Lajtha),lajtha,42.49,-72.2,3,TS,hardwood,exp,double_litter,1990,TS,DECD,NA,C,mineral,0-10,NA,NA,NA,NA,1,3.65,NA,NA,NA,2.203,2.20315472,0,Corrected for rock volume by the principal investigator
1995,NA,NA,NA,DIRT,Harvard Forest DIRT_soil_C_1995_2000_2010_master.xls (provided by Kate Lajtha),lajtha,42.49,-72.2,4,TS,hardwood,exp,trenched_no_litter,1990,TS,DECD,NA,A,mineral,0-10,NA,NA,NA,NA,1,4.83,NA,NA,NA,2.915,2.915407479,0,Corrected for rock volume by the principal investigator
1995,NA,NA,NA,DIRT,Harvard Forest DIRT_soil_C_1995_2000_2010_master.xls (provided by Kate Lajtha),lajtha,42.49,-72.2,4,TS,hardwood,exp,trenched_no_litter,1990,TS,DECD,NA,B,mineral,0-10,NA,NA,NA,NA,1,5.61,NA,NA,NA,3.386,3.386218625,0,Corrected for rock volume by the principal investigator
1995,NA,NA,NA,DIRT,Harvard Forest DIRT_soil_C_1995_2000_2010_master.xls (provided by Kate Lajtha),lajtha,42.49,-72.2,4,TS,hardwood,exp,trenched_no_litter,1990,TS,DECD,NA,C,mineral,0-10,NA,NA,NA,NA,1,8.08,NA,NA,NA,4.877,4.877120587,0,Corrected for rock volume by the principal investigator
1995,NA,NA,NA,DIRT,Harvard Forest DIRT_soil_C_1995_2000_2010_master.xls (provided by Kate Lajtha),lajtha,42.49,-72.2,5,TS,hardwood,exp,OAless,1990,TS,DECD,NA,A,mineral,0-10,NA,NA,NA,NA,1,1.71,NA,NA,NA,1.407,1.406783335,0,Corrected for rock volume by the principal investigator
1995,NA,NA,NA,DIRT,Harvard Forest DIRT_soil_C_1995_2000_2010_master.xls (provided by Kate Lajtha),lajtha,42.49,-72.2,5,TS,hardwood,exp,OAless,1990,TS,DECD,NA,B,mineral,0-10,NA,NA,NA,NA,1,0.59,NA,NA,NA,0.485,0.485381385,0,Corrected for rock volume by the principal investigator
1995,NA,NA,NA,DIRT,Harvard Forest DIRT_soil_C_1995_2000_2010_master.xls (provided by Kate Lajtha),lajtha,42.49,-72.2,5,TS,hardwood,exp,OAless,1990,TS,DECD,NA,C,mineral,0-10,NA,NA,NA,NA,1,1.48,NA,NA,NA,1.218,1.217566863,0,Corrected for rock volume by the principal investigator
1995,NA,NA,NA,DIRT,Harvard Forest DIRT_soil_C_1995_2000_2010_master.xls (provided by Kate Lajtha),lajtha,42.49,-72.2,6,TS,hardwood,exp,control,1990,TS,DECD,NA,A,mineral,0-10,NA,NA,NA,NA,1,7.32,NA,NA,NA,4.418,4.418381521,1,Corrected for rock volume by the principal investigator
1995,NA,NA,NA,DIRT,Harvard Forest DIRT_soil_C_1995_2000_2010_master.xls (provided by Kate Lajtha),lajtha,42.49,-72.2,6,TS,hardwood,exp,control,1990,TS,DECD,NA,B,mineral,0-10,NA,NA,NA,NA,1,4.58,NA,NA,NA,2.765,2.764506471,1,Corrected for rock volume by the principal investigator
1995,NA,NA,NA,DIRT,Harvard Forest DIRT_soil_C_1995_2000_2010_master.xls (provided by Kate Lajtha),lajtha,42.49,-72.2,6,TS,hardwood,exp,control,1990,TS,DECD,NA,C,mineral,0-10,NA,NA,NA,NA,1,4.45,NA,NA,NA,2.686,2.686037947,1,Corrected for rock volume by the principal investigator
1995,NA,NA,NA,DIRT,Harvard Forest DIRT_soil_C_1995_2000_2010_master.xls (provided by Kate Lajtha),lajtha,42.49,-72.2,7,TS,hardwood,exp,OAless,1990,TS,DECD,NA,A,mineral,0-10,NA,NA,NA,NA,1,1.18,NA,NA,NA,0.971,0.970762769,0,Corrected for rock volume by the principal investigator
1995,NA,NA,NA,DIRT,Harvard Forest DIRT_soil_C_1995_2000_2010_master.xls (provided by Kate Lajtha),lajtha,42.49,-72.2,7,TS,hardwood,exp,OAless,1990,TS,DECD,NA,B,mineral,0-10,NA,NA,NA,NA,1,1.1,NA,NA,NA,0.905,0.904948344,0,Corrected for rock volume by the principal investigator
1995,NA,NA,NA,DIRT,Harvard Forest DIRT_soil_C_1995_2000_2010_master.xls (provided by Kate Lajtha),lajtha,42.49,-72.2,7,TS,hardwood,exp,OAless,1990,TS,DECD,NA,C,mineral,0-10,NA,NA,NA,NA,1,1.27,NA,NA,NA,1.045,1.044803997,0,Corrected for rock volume by the principal investigator
1995,NA,NA,NA,DIRT,Harvard Forest DIRT_soil_C_1995_2000_2010_master.xls (provided by Kate Lajtha),lajtha,42.49,-72.2,8,TS,hardwood,exp,trenched,1990,TS,DECD,NA,A,mineral,0-10,NA,NA,NA,NA,1,6.01,NA,NA,NA,3.628,3.627660238,0,Corrected for rock volume by the principal investigator
1995,NA,NA,NA,DIRT,Harvard Forest DIRT_soil_C_1995_2000_2010_master.xls (provided by Kate Lajtha),lajtha,42.49,-72.2,8,TS,hardwood,exp,trenched,1990,TS,DECD,NA,B,mineral,0-10,NA,NA,NA,NA,1,8.81,NA,NA,NA,5.318,5.317751531,0,Corrected for rock volume by the principal investigator
1995,NA,NA,NA,DIRT,Harvard Forest DIRT_soil_C_1995_2000_2010_master.xls (provided by Kate Lajtha),lajtha,42.49,-72.2,8,TS,hardwood,exp,trenched,1990,TS,DECD,NA,C,mineral,0-10,NA,NA,NA,NA,1,6.82,NA,NA,NA,4.117,4.116579505,0,Corrected for rock volume by the principal investigator
1995,NA,NA,NA,DIRT,Harvard Forest DIRT_soil_C_1995_2000_2010_master.xls (provided by Kate Lajtha),lajtha,42.49,-72.2,9,TS,hardwood,exp,no_litter,1990,TS,DECD,NA,A,mineral,0-10,NA,NA,NA,NA,1,8.04,NA,NA,NA,4.853,4.852976425,0,Corrected for rock volume by the principal investigator
1995,NA,NA,NA,DIRT,Harvard Forest DIRT_soil_C_1995_2000_2010_master.xls (provided by Kate Lajtha),lajtha,42.49,-72.2,9,TS,hardwood,exp,no_litter,1990,TS,DECD,NA,B,mineral,0-10,NA,NA,NA,NA,1,9.03,NA,NA,NA,5.451,5.450544418,0,Corrected for rock volume by the principal investigator
1995,NA,NA,NA,DIRT,Harvard Forest DIRT_soil_C_1995_2000_2010_master.xls (provided by Kate Lajtha),lajtha,42.49,-72.2,9,TS,hardwood,exp,no_litter,1990,TS,DECD,NA,C,mineral,0-10,NA,NA,NA,NA,1,11.78,NA,NA,NA,7.11,7.110455509,0,Corrected for rock volume by the principal investigator
1995,NA,NA,NA,DIRT,Harvard Forest DIRT_soil_C_1995_2000_2010_master.xls (provided by Kate Lajtha),lajtha,42.49,-72.2,10,TS,hardwood,exp,no_litter,1990,TS,DECD,NA,A,mineral,0-10,NA,NA,NA,NA,1,6.53,NA,NA,NA,3.942,3.941534335,0,Corrected for rock volume by the principal investigator
1995,NA,NA,NA,DIRT,Harvard Forest DIRT_soil_C_1995_2000_2010_master.xls (provided by Kate Lajtha),lajtha,42.49,-72.2,10,TS,hardwood,exp,no_litter,1990,TS,DECD,NA,B,mineral,0-10,NA,NA,NA,NA,1,4.1,NA,NA,NA,2.475,2.474776535,0,Corrected for rock volume by the principal investigator
1995,NA,NA,NA,DIRT,Harvard Forest DIRT_soil_C_1995_2000_2010_master.xls (provided by Kate Lajtha),lajtha,42.49,-72.2,10,TS,hardwood,exp,no_litter,1990,TS,DECD,NA,C,mineral,0-10,NA,NA,NA,NA,1,5.52,NA,NA,NA,3.332,3.331894262,0,Corrected for rock volume by the principal investigator
1995,NA,NA,NA,DIRT,Harvard Forest DIRT_soil_C_1995_2000_2010_master.xls (provided by Kate Lajtha),lajtha,42.49,-72.2,11,TS,hardwood,exp,trenched,1990,TS,DECD,NA,A,mineral,0-10,NA,NA,NA,NA,1,4.17,NA,NA,NA,2.517,2.517028818,0,Corrected for rock volume by the principal investigator
1995,NA,NA,NA,DIRT,Harvard Forest DIRT_soil_C_1995_2000_2010_master.xls (provided by Kate Lajtha),lajtha,42.49,-72.2,11,TS,hardwood,exp,trenched,1990,TS,DECD,NA,B,mineral,0-10,NA,NA,NA,NA,1,4.86,NA,NA,NA,2.934,2.9335156,0,Corrected for rock volume by the principal investigator
1995,NA,NA,NA,DIRT,Harvard Forest DIRT_soil_C_1995_2000_2010_master.xls (provided by Kate Lajtha),lajtha,42.49,-72.2,11,TS,hardwood,exp,trenched,1990,TS,DECD,NA,C,mineral,0-10,NA,NA,NA,NA,1,2.83,NA,NA,NA,1.708,1.708199413,0,Corrected for rock volume by the principal investigator
1995,NA,NA,NA,DIRT,Harvard Forest DIRT_soil_C_1995_2000_2010_master.xls (provided by Kate Lajtha),lajtha,42.49,-72.2,12,TS,hardwood,exp,double_litter,1990,TS,DECD,NA,A,mineral,0-10,NA,NA,NA,NA,1,3.91,NA,NA,NA,2.36,2.360091769,0,Corrected for rock volume by the principal investigator
1995,NA,NA,NA,DIRT,Harvard Forest DIRT_soil_C_1995_2000_2010_master.xls (provided by Kate Lajtha),lajtha,42.49,-72.2,12,TS,hardwood,exp,double_litter,1990,TS,DECD,NA,B,mineral,0-10,NA,NA,NA,NA,1,4.06,NA,NA,NA,2.451,2.450632374,0,Corrected for rock volume by the principal investigator
1995,NA,NA,NA,DIRT,Harvard Forest DIRT_soil_C_1995_2000_2010_master.xls (provided by Kate Lajtha),lajtha,42.49,-72.2,12,TS,hardwood,exp,double_litter,1990,TS,DECD,NA,C,mineral,0-10,NA,NA,NA,NA,1,4.66,NA,NA,NA,2.813,2.812794794,0,Corrected for rock volume by the principal investigator
1995,NA,NA,NA,DIRT,Harvard Forest DIRT_soil_C_1995_2000_2010_master.xls (provided by Kate Lajtha),lajtha,42.49,-72.2,13,TS,hardwood,exp,trenched,1990,TS,DECD,NA,A,mineral,0-10,NA,NA,NA,NA,1,5.06,NA,NA,NA,3.054,3.054236407,0,Corrected for rock volume by the principal investigator
1995,NA,NA,NA,DIRT,Harvard Forest DIRT_soil_C_1995_2000_2010_master.xls (provided by Kate Lajtha),lajtha,42.49,-72.2,13,TS,hardwood,exp,trenched,1990,TS,DECD,NA,B,mineral,0-10,NA,NA,NA,NA,1,NA,NA,NA,NA,NA,NA,0,Corrected for rock volume by the principal investigator
1995,NA,NA,NA,DIRT,Harvard Forest DIRT_soil_C_1995_2000_2010_master.xls (provided by Kate Lajtha),lajtha,42.49,-72.2,13,TS,hardwood,exp,trenched,1990,TS,DECD,NA,C,mineral,0-10,NA,NA,NA,NA,1,NA,NA,NA,NA,NA,NA,0,Corrected for rock volume by the principal investigator
1995,NA,NA,NA,DIRT,Harvard Forest DIRT_soil_C_1995_2000_2010_master.xls (provided by Kate Lajtha),lajtha,42.49,-72.2,14,TS,hardwood,exp,control,1990,TS,DECD,NA,A,mineral,0-10,NA,NA,NA,NA,1,NA,NA,NA,NA,NA,NA,1,Corrected for rock volume by the principal investigator
1995,NA,NA,NA,DIRT,Harvard Forest DIRT_soil_C_1995_2000_2010_master.xls (provided by Kate Lajtha),lajtha,42.49,-72.2,14,TS,hardwood,exp,control,1990,TS,DECD,NA,B,mineral,0-10,NA,NA,NA,NA,1,NA,NA,NA,NA,NA,NA,1,Corrected for rock volume by the principal investigator
1995,NA,NA,NA,DIRT,Harvard Forest DIRT_soil_C_1995_2000_2010_master.xls (provided by Kate Lajtha),lajtha,42.49,-72.2,14,TS,hardwood,exp,control,1990,TS,DECD,NA,C,mineral,0-10,NA,NA,NA,NA,1,NA,NA,NA,NA,NA,NA,1,Corrected for rock volume by the principal investigator
1995,NA,NA,NA,DIRT,Harvard Forest DIRT_soil_C_1995_2000_2010_master.xls (provided by Kate Lajtha),lajtha,42.49,-72.2,16,TS,hardwood,exp,trenched_no_litter,1990,TS,DECD,NA,A,mineral,0-10,NA,NA,NA,NA,1,NA,NA,NA,NA,NA,NA,0,Corrected for rock volume by the principal investigator
1995,NA,NA,NA,DIRT,Harvard Forest DIRT_soil_C_1995_2000_2010_master.xls (provided by Kate Lajtha),lajtha,42.49,-72.2,16,TS,hardwood,exp,trenched_no_litter,1990,TS,DECD,NA,B,mineral,0-10,NA,NA,NA,NA,1,NA,NA,NA,NA,NA,NA,0,Corrected for rock volume by the principal investigator
1995,NA,NA,NA,DIRT,Harvard Forest DIRT_soil_C_1995_2000_2010_master.xls (provided by Kate Lajtha),lajtha,42.49,-72.2,16,TS,hardwood,exp,trenched_no_litter,1990,TS,DECD,NA,C,mineral,0-10,NA,NA,NA,NA,1,5.44,NA,NA,NA,3.284,3.283605939,0,Corrected for rock volume by the principal investigator
1995,NA,NA,NA,DIRT,Harvard Forest DIRT_soil_C_1995_2000_2010_master.xls (provided by Kate Lajtha),lajtha,42.49,-72.2,17,TS,hardwood,exp,trenched_no_litter,1990,TS,DECD,NA,A,mineral,0-10,NA,NA,NA,NA,1,4.33,NA,NA,NA,2.614,2.613605463,0,Corrected for rock volume by the principal investigator
1995,NA,NA,NA,DIRT,Harvard Forest DIRT_soil_C_1995_2000_2010_master.xls (provided by Kate Lajtha),lajtha,42.49,-72.2,17,TS,hardwood,exp,trenched_no_litter,1990,TS,DECD,NA,B,mineral,0-10,NA,NA,NA,NA,1,4.15,NA,NA,NA,2.505,2.504956737,0,Corrected for rock volume by the principal investigator
1995,NA,NA,NA,DIRT,Harvard Forest DIRT_soil_C_1995_2000_2010_master.xls (provided by Kate Lajtha),lajtha,42.49,-72.2,17,TS,hardwood,exp,trenched_no_litter,1990,TS,DECD,NA,C,mineral,0-10,NA,NA,NA,NA,1,2.53,NA,NA,NA,1.527,1.527118203,0,Corrected for rock volume by the principal investigator
1995,NA,NA,NA,DIRT,Harvard Forest DIRT_soil_C_1995_2000_2010_master.xls (provided by Kate Lajtha),lajtha,42.49,-72.2,19,TS,hardwood,exp,double_litter,1990,TS,DECD,NA,A,mineral,0-10,NA,NA,NA,NA,1,6.01,NA,NA,NA,3.628,3.627660238,0,Corrected for rock volume by the principal investigator
1995,NA,NA,NA,DIRT,Harvard Forest DIRT_soil_C_1995_2000_2010_master.xls (provided by Kate Lajtha),lajtha,42.49,-72.2,19,TS,hardwood,exp,double_litter,1990,TS,DECD,NA,B,mineral,0-10,NA,NA,NA,NA,1,4.93,NA,NA,NA,2.976,2.975767883,0,Corrected for rock volume by the principal investigator
1995,NA,NA,NA,DIRT,Harvard Forest DIRT_soil_C_1995_2000_2010_master.xls (provided by Kate Lajtha),lajtha,42.49,-72.2,19,TS,hardwood,exp,double_litter,1990,TS,DECD,NA,C,mineral,0-10,NA,NA,NA,NA,1,5.55,NA,NA,NA,3.35,3.350002383,0,Corrected for rock volume by the principal investigator
1995,NA,NA,NA,DIRT,Harvard Forest DIRT_soil_C_1995_2000_2010_master.xls (provided by Kate Lajtha),lajtha,42.49,-72.2,21,TS,hardwood,exp,OAless,1990,TS,DECD,NA,A,mineral,0-10,NA,NA,NA,NA,1,0.67,NA,NA,NA,0.551,0.55119581,0,Corrected for rock volume by the principal investigator
1995,NA,NA,NA,DIRT,Harvard Forest DIRT_soil_C_1995_2000_2010_master.xls (provided by Kate Lajtha),lajtha,42.49,-72.2,21,TS,hardwood,exp,OAless,1990,TS,DECD,NA,B,mineral,0-10,NA,NA,NA,NA,1,0.69,NA,NA,NA,0.568,0.567649416,0,Corrected for rock volume by the principal investigator
1995,NA,NA,NA,DIRT,Harvard Forest DIRT_soil_C_1995_2000_2010_master.xls (provided by Kate Lajtha),lajtha,42.49,-72.2,21,TS,hardwood,exp,OAless,1990,TS,DECD,NA,C,mineral,0-10,NA,NA,NA,NA,1,0.58,NA,NA,NA,0.477,0.477154581,0,Corrected for rock volume by the principal investigator
2000,NA,NA,NA,DIRT,Harvard Forest DIRT_soil_C_1995_2000_2010_master.xls (provided by Kate Lajtha),lajtha,42.49,-72.2,1,TS,hardwood,exp,control,1990,TS,DECD,NA,A,organic,NA,NA,NA,NA,NA,1,20.39,NA,NA,NA,3.464,3.463719813,1,Corrected for rock volume by the principal investigator
2000,NA,NA,NA,DIRT,Harvard Forest DIRT_soil_C_1995_2000_2010_master.xls (provided by Kate Lajtha),lajtha,42.49,-72.2,1,TS,hardwood,exp,control,1990,TS,DECD,NA,B,organic,NA,NA,NA,NA,NA,1,29.76,NA,NA,NA,5.055,5.055434116,1,Corrected for rock volume by the principal investigator
2000,NA,NA,NA,DIRT,Harvard Forest DIRT_soil_C_1995_2000_2010_master.xls (provided by Kate Lajtha),lajtha,42.49,-72.2,1,TS,hardwood,exp,control,1990,TS,DECD,NA,C,organic,NA,NA,NA,NA,NA,1,13.82,NA,NA,NA,2.348,2.347651192,1,Corrected for rock volume by the principal investigator
2000,NA,NA,NA,DIRT,Harvard Forest DIRT_soil_C_1995_2000_2010_master.xls (provided by Kate Lajtha),lajtha,42.49,-72.2,2,TS,hardwood,exp,no_litter,1990,TS,DECD,NA,A,organic,NA,NA,NA,NA,NA,1,21.93,NA,NA,NA,7.423,7.423496316,0,Corrected for rock volume by the principal investigator
2000,NA,NA,NA,DIRT,Harvard Forest DIRT_soil_C_1995_2000_2010_master.xls (provided by Kate Lajtha),lajtha,42.49,-72.2,2,TS,hardwood,exp,no_litter,1990,TS,DECD,NA,B,organic,NA,NA,NA,NA,NA,1,15.34,NA,NA,NA,5.193,5.192723825,0,Corrected for rock volume by the principal investigator
2000,NA,NA,NA,DIRT,Harvard Forest DIRT_soil_C_1995_2000_2010_master.xls (provided by Kate Lajtha),lajtha,42.49,-72.2,2,TS,hardwood,exp,no_litter,1990,TS,DECD,NA,C,organic,NA,NA,NA,NA,NA,1,12.64,NA,NA,NA,4.279,4.27875027,0,Corrected for rock volume by the principal investigator
2000,NA,NA,NA,DIRT,Harvard Forest DIRT_soil_C_1995_2000_2010_master.xls (provided by Kate Lajtha),lajtha,42.49,-72.2,3,TS,hardwood,exp,double_litter,1990,TS,DECD,NA,A,organic,NA,NA,NA,NA,NA,1,12.18,NA,NA,NA,1.865,1.865328542,0,Corrected for rock volume by the principal investigator
2000,NA,NA,NA,DIRT,Harvard Forest DIRT_soil_C_1995_2000_2010_master.xls (provided by Kate Lajtha),lajtha,42.49,-72.2,3,TS,hardwood,exp,double_litter,1990,TS,DECD,NA,B,organic,NA,NA,NA,NA,NA,1,18.33,NA,NA,NA,2.807,2.807181624,0,Corrected for rock volume by the principal investigator
2000,NA,NA,NA,DIRT,Harvard Forest DIRT_soil_C_1995_2000_2010_master.xls (provided by Kate Lajtha),lajtha,42.49,-72.2,3,TS,hardwood,exp,double_litter,1990,TS,DECD,NA,C,organic,NA,NA,NA,NA,NA,1,19.7,NA,NA,NA,3.017,3.016992798,0,Corrected for rock volume by the principal investigator
2000,NA,NA,NA,DIRT,Harvard Forest DIRT_soil_C_1995_2000_2010_master.xls (provided by Kate Lajtha),lajtha,42.49,-72.2,4,TS,hardwood,exp,trenched_no_litter,1990,TS,DECD,NA,A,organic,NA,NA,NA,NA,NA,1,21.55,NA,NA,NA,10.203,10.20302452,0,Corrected for rock volume by the principal investigator
2000,NA,NA,NA,DIRT,Harvard Forest DIRT_soil_C_1995_2000_2010_master.xls (provided by Kate Lajtha),lajtha,42.49,-72.2,4,TS,hardwood,exp,trenched_no_litter,1990,TS,DECD,NA,B,organic,NA,NA,NA,NA,NA,1,19.28,NA,NA,NA,9.128,9.128274371,0,Corrected for rock volume by the principal investigator
2000,NA,NA,NA,DIRT,Harvard Forest DIRT_soil_C_1995_2000_2010_master.xls (provided by Kate Lajtha),lajtha,42.49,-72.2,4,TS,hardwood,exp,trenched_no_litter,1990,TS,DECD,NA,C,organic,NA,NA,NA,NA,NA,1,18.59,NA,NA,NA,8.802,8.801588203,0,Corrected for rock volume by the principal investigator
2000,NA,NA,NA,DIRT,Harvard Forest DIRT_soil_C_1995_2000_2010_master.xls (provided by Kate Lajtha),lajtha,42.49,-72.2,6,TS,hardwood,exp,control,1990,TS,DECD,NA,A,organic,NA,NA,NA,NA,NA,1,16.78,NA,NA,NA,2.85,2.850476629,1,Corrected for rock volume by the principal investigator
2000,NA,NA,NA,DIRT,Harvard Forest DIRT_soil_C_1995_2000_2010_master.xls (provided by Kate Lajtha),lajtha,42.49,-72.2,6,TS,hardwood,exp,control,1990,TS,DECD,NA,B,organic,NA,NA,NA,NA,NA,1,31.48,NA,NA,NA,5.348,5.347616464,1,Corrected for rock volume by the principal investigator
2000,NA,NA,NA,DIRT,Harvard Forest DIRT_soil_C_1995_2000_2010_master.xls (provided by Kate Lajtha),lajtha,42.49,-72.2,6,TS,hardwood,exp,control,1990,TS,DECD,NA,C,organic,NA,NA,NA,NA,NA,1,15.06,NA,NA,NA,2.558,2.55829428,1,Corrected for rock volume by the principal investigator
2000,NA,NA,NA,DIRT,Harvard Forest DIRT_soil_C_1995_2000_2010_master.xls (provided by Kate Lajtha),lajtha,42.49,-72.2,8,TS,hardwood,exp,trenched,1990,TS,DECD,NA,A,organic,NA,NA,NA,NA,NA,1,10.72,NA,NA,NA,1.855,1.855324386,0,Corrected for rock volume by the principal investigator
2000,NA,NA,NA,DIRT,Harvard Forest DIRT_soil_C_1995_2000_2010_master.xls (provided by Kate Lajtha),lajtha,42.49,-72.2,8,TS,hardwood,exp,trenched,1990,TS,DECD,NA,B,organic,NA,NA,NA,NA,NA,1,15.15,NA,NA,NA,2.622,2.622030265,0,Corrected for rock volume by the principal investigator
2000,NA,NA,NA,DIRT,Harvard Forest DIRT_soil_C_1995_2000_2010_master.xls (provided by Kate Lajtha),lajtha,42.49,-72.2,8,TS,hardwood,exp,trenched,1990,TS,DECD,NA,C,organic,NA,NA,NA,NA,NA,1,18.49,NA,NA,NA,3.2,3.200088423,0,Corrected for rock volume by the principal investigator
2000,NA,NA,NA,DIRT,Harvard Forest DIRT_soil_C_1995_2000_2010_master.xls (provided by Kate Lajtha),lajtha,42.49,-72.2,9,TS,hardwood,exp,no_litter,1990,TS,DECD,NA,A,organic,NA,NA,NA,NA,NA,1,24.52,NA,NA,NA,8.3,8.300233911,0,Corrected for rock volume by the principal investigator
2000,NA,NA,NA,DIRT,Harvard Forest DIRT_soil_C_1995_2000_2010_master.xls (provided by Kate Lajtha),lajtha,42.49,-72.2,9,TS,hardwood,exp,no_litter,1990,TS,DECD,NA,B,organic,NA,NA,NA,NA,NA,1,43.87,NA,NA,NA,14.85,14.85037772,0,Corrected for rock volume by the principal investigator
2000,NA,NA,NA,DIRT,Harvard Forest DIRT_soil_C_1995_2000_2010_master.xls (provided by Kate Lajtha),lajtha,42.49,-72.2,9,TS,hardwood,exp,no_litter,1990,TS,DECD,NA,C,organic,NA,NA,NA,NA,NA,1,24.88,NA,NA,NA,8.422,8.422097051,0,Corrected for rock volume by the principal investigator
2000,NA,NA,NA,DIRT,Harvard Forest DIRT_soil_C_1995_2000_2010_master.xls (provided by Kate Lajtha),lajtha,42.49,-72.2,10,TS,hardwood,exp,no_litter,1990,TS,DECD,NA,A,organic,NA,NA,NA,NA,NA,1,34.17,NA,NA,NA,11.567,11.5668431,0,Corrected for rock volume by the principal investigator
2000,NA,NA,NA,DIRT,Harvard Forest DIRT_soil_C_1995_2000_2010_master.xls (provided by Kate Lajtha),lajtha,42.49,-72.2,10,TS,hardwood,exp,no_litter,1990,TS,DECD,NA,B,organic,NA,NA,NA,NA,NA,1,30.14,NA,NA,NA,10.203,10.20265294,0,Corrected for rock volume by the principal investigator
2000,NA,NA,NA,DIRT,Harvard Forest DIRT_soil_C_1995_2000_2010_master.xls (provided by Kate Lajtha),lajtha,42.49,-72.2,10,TS,hardwood,exp,no_litter,1990,TS,DECD,NA,C,organic,NA,NA,NA,NA,NA,1,28.53,NA,NA,NA,9.658,9.657653894,0,Corrected for rock volume by the principal investigator
2000,NA,NA,NA,DIRT,Harvard Forest DIRT_soil_C_1995_2000_2010_master.xls (provided by Kate Lajtha),lajtha,42.49,-72.2,11,TS,hardwood,exp,trenched,1990,TS,DECD,NA,A,organic,NA,NA,NA,NA,NA,1,16.63,NA,NA,NA,2.878,2.878175796,0,Corrected for rock volume by the principal investigator
2000,NA,NA,NA,DIRT,Harvard Forest DIRT_soil_C_1995_2000_2010_master.xls (provided by Kate Lajtha),lajtha,42.49,-72.2,11,TS,hardwood,exp,trenched,1990,TS,DECD,NA,B,organic,NA,NA,NA,NA,NA,1,13.87,NA,NA,NA,2.4,2.400498995,0,Corrected for rock volume by the principal investigator
2000,NA,NA,NA,DIRT,Harvard Forest DIRT_soil_C_1995_2000_2010_master.xls (provided by Kate Lajtha),lajtha,42.49,-72.2,11,TS,hardwood,exp,trenched,1990,TS,DECD,NA,C,organic,NA,NA,NA,NA,NA,1,15.99,NA,NA,NA,2.767,2.767410161,0,Corrected for rock volume by the principal investigator
2000,NA,NA,NA,DIRT,Harvard Forest DIRT_soil_C_1995_2000_2010_master.xls (provided by Kate Lajtha),lajtha,42.49,-72.2,12,TS,hardwood,exp,double_litter,1990,TS,DECD,NA,A,organic,NA,NA,NA,NA,NA,1,23.21,NA,NA,NA,3.555,3.554538215,0,Corrected for rock volume by the principal investigator
2000,NA,NA,NA,DIRT,Harvard Forest DIRT_soil_C_1995_2000_2010_master.xls (provided by Kate Lajtha),lajtha,42.49,-72.2,12,TS,hardwood,exp,double_litter,1990,TS,DECD,NA,B,organic,NA,NA,NA,NA,NA,1,13.85,NA,NA,NA,2.121,2.121083769,0,Corrected for rock volume by the principal investigator
2000,NA,NA,NA,DIRT,Harvard Forest DIRT_soil_C_1995_2000_2010_master.xls (provided by Kate Lajtha),lajtha,42.49,-72.2,12,TS,hardwood,exp,double_litter,1990,TS,DECD,NA,C,organic,NA,NA,NA,NA,NA,1,24.05,NA,NA,NA,3.683,3.683181563,0,Corrected for rock volume by the principal investigator
2000,NA,NA,NA,DIRT,Harvard Forest DIRT_soil_C_1995_2000_2010_master.xls (provided by Kate Lajtha),lajtha,42.49,-72.2,13,TS,hardwood,exp,trenched,1990,TS,DECD,NA,A,organic,NA,NA,NA,NA,NA,1,16.96,NA,NA,NA,2.935,2.935289327,0,Corrected for rock volume by the principal investigator
2000,NA,NA,NA,DIRT,Harvard Forest DIRT_soil_C_1995_2000_2010_master.xls (provided by Kate Lajtha),lajtha,42.49,-72.2,13,TS,hardwood,exp,trenched,1990,TS,DECD,NA,B,organic,NA,NA,NA,NA,NA,1,24.56,NA,NA,NA,4.251,4.250631242,0,Corrected for rock volume by the principal investigator
2000,NA,NA,NA,DIRT,Harvard Forest DIRT_soil_C_1995_2000_2010_master.xls (provided by Kate Lajtha),lajtha,42.49,-72.2,13,TS,hardwood,exp,trenched,1990,TS,DECD,NA,C,organic,NA,NA,NA,NA,NA,1,15.09,NA,NA,NA,2.612,2.611645987,0,Corrected for rock volume by the principal investigator
2000,NA,NA,NA,DIRT,Harvard Forest DIRT_soil_C_1995_2000_2010_master.xls (provided by Kate Lajtha),lajtha,42.49,-72.2,14,TS,hardwood,exp,control,1990,TS,DECD,NA,A,organic,NA,NA,NA,NA,NA,1,27.88,NA,NA,NA,4.736,4.736072015,1,Corrected for rock volume by the principal investigator
2000,NA,NA,NA,DIRT,Harvard Forest DIRT_soil_C_1995_2000_2010_master.xls (provided by Kate Lajtha),lajtha,42.49,-72.2,14,TS,hardwood,exp,control,1990,TS,DECD,NA,B,organic,NA,NA,NA,NA,NA,1,33.95,NA,NA,NA,5.767,5.767203906,1,Corrected for rock volume by the principal investigator
2000,NA,NA,NA,DIRT,Harvard Forest DIRT_soil_C_1995_2000_2010_master.xls (provided by Kate Lajtha),lajtha,42.49,-72.2,14,TS,hardwood,exp,control,1990,TS,DECD,NA,C,organic,NA,NA,NA,NA,NA,1,26.72,NA,NA,NA,4.539,4.539018803,1,Corrected for rock volume by the principal investigator
2000,NA,NA,NA,DIRT,Harvard Forest DIRT_soil_C_1995_2000_2010_master.xls (provided by Kate Lajtha),lajtha,42.49,-72.2,15,TS,hardwood,exp,control,1990,TS,DECD,NA,A,organic,NA,NA,NA,NA,NA,1,17.22,NA,NA,NA,2.925,2.92522095,1,Corrected for rock volume by the principal investigator
2000,NA,NA,NA,DIRT,Harvard Forest DIRT_soil_C_1995_2000_2010_master.xls (provided by Kate Lajtha),lajtha,42.49,-72.2,15,TS,hardwood,exp,control,1990,TS,DECD,NA,B,organic,NA,NA,NA,NA,NA,1,30.62,NA,NA,NA,5.202,5.20152529,1,Corrected for rock volume by the principal investigator
2000,NA,NA,NA,DIRT,Harvard Forest DIRT_soil_C_1995_2000_2010_master.xls (provided by Kate Lajtha),lajtha,42.49,-72.2,15,TS,hardwood,exp,control,1990,TS,DECD,NA,C,organic,NA,NA,NA,NA,NA,1,19.76,NA,NA,NA,3.357,3.356699534,1,Corrected for rock volume by the principal investigator
2000,NA,NA,NA,DIRT,Harvard Forest DIRT_soil_C_1995_2000_2010_master.xls (provided by Kate Lajtha),lajtha,42.49,-72.2,16,TS,hardwood,exp,trenched_no_litter,1990,TS,DECD,NA,A,organic,NA,NA,NA,NA,NA,1,12.59,NA,NA,NA,5.961,5.960838918,0,Corrected for rock volume by the principal investigator
2000,NA,NA,NA,DIRT,Harvard Forest DIRT_soil_C_1995_2000_2010_master.xls (provided by Kate Lajtha),lajtha,42.49,-72.2,16,TS,hardwood,exp,trenched_no_litter,1990,TS,DECD,NA,B,organic,NA,NA,NA,NA,NA,1,20.99,NA,NA,NA,9.938,9.937887918,0,Corrected for rock volume by the principal investigator
2000,NA,NA,NA,DIRT,Harvard Forest DIRT_soil_C_1995_2000_2010_master.xls (provided by Kate Lajtha),lajtha,42.49,-72.2,16,TS,hardwood,exp,trenched_no_litter,1990,TS,DECD,NA,C,organic,NA,NA,NA,NA,NA,1,16.45,NA,NA,NA,7.788,7.788387625,0,Corrected for rock volume by the principal investigator
2000,NA,NA,NA,DIRT,Harvard Forest DIRT_soil_C_1995_2000_2010_master.xls (provided by Kate Lajtha),lajtha,42.49,-72.2,17,TS,hardwood,exp,trenched_no_litter,1990,TS,DECD,NA,A,organic,NA,NA,NA,NA,NA,1,14.68,NA,NA,NA,6.95,6.950366586,0,Corrected for rock volume by the principal investigator
2000,NA,NA,NA,DIRT,Harvard Forest DIRT_soil_C_1995_2000_2010_master.xls (provided by Kate Lajtha),lajtha,42.49,-72.2,17,TS,hardwood,exp,trenched_no_litter,1990,TS,DECD,NA,B,organic,NA,NA,NA,NA,NA,1,9.31,NA,NA,NA,4.408,4.407895975,0,Corrected for rock volume by the principal investigator
2000,NA,NA,NA,DIRT,Harvard Forest DIRT_soil_C_1995_2000_2010_master.xls (provided by Kate Lajtha),lajtha,42.49,-72.2,17,TS,hardwood,exp,trenched_no_litter,1990,TS,DECD,NA,C,organic,NA,NA,NA,NA,NA,1,12.94,NA,NA,NA,6.127,6.126549293,0,Corrected for rock volume by the principal investigator
2000,NA,NA,NA,DIRT,Harvard Forest DIRT_soil_C_1995_2000_2010_master.xls (provided by Kate Lajtha),lajtha,42.49,-72.2,18,TS,hardwood,exp,control,1990,TS,DECD,NA,A,organic,NA,NA,NA,NA,NA,1,16.64,NA,NA,NA,2.827,2.826694344,1,Corrected for rock volume by the principal investigator
2000,NA,NA,NA,DIRT,Harvard Forest DIRT_soil_C_1995_2000_2010_master.xls (provided by Kate Lajtha),lajtha,42.49,-72.2,18,TS,hardwood,exp,control,1990,TS,DECD,NA,B,organic,NA,NA,NA,NA,NA,1,25.56,NA,NA,NA,4.342,4.341965592,1,Corrected for rock volume by the principal investigator
2000,NA,NA,NA,DIRT,Harvard Forest DIRT_soil_C_1995_2000_2010_master.xls (provided by Kate Lajtha),lajtha,42.49,-72.2,18,TS,hardwood,exp,control,1990,TS,DECD,NA,C,organic,NA,NA,NA,NA,NA,1,19.13,NA,NA,NA,3.25,3.249679255,1,Corrected for rock volume by the principal investigator
2000,NA,NA,NA,DIRT,Harvard Forest DIRT_soil_C_1995_2000_2010_master.xls (provided by Kate Lajtha),lajtha,42.49,-72.2,19,TS,hardwood,exp,double_litter,1990,TS,DECD,NA,A,organic,NA,NA,NA,NA,NA,1,30.62,NA,NA,NA,4.689,4.689356318,0,Corrected for rock volume by the principal investigator
2000,NA,NA,NA,DIRT,Harvard Forest DIRT_soil_C_1995_2000_2010_master.xls (provided by Kate Lajtha),lajtha,42.49,-72.2,19,TS,hardwood,exp,double_litter,1990,TS,DECD,NA,B,organic,NA,NA,NA,NA,NA,1,39.61,NA,NA,NA,6.066,6.066146433,0,Corrected for rock volume by the principal investigator
2000,NA,NA,NA,DIRT,Harvard Forest DIRT_soil_C_1995_2000_2010_master.xls (provided by Kate Lajtha),lajtha,42.49,-72.2,19,TS,hardwood,exp,double_litter,1990,TS,DECD,NA,C,organic,NA,NA,NA,NA,NA,1,39.12,NA,NA,NA,5.991,5.99110448,0,Corrected for rock volume by the principal investigator
2000,NA,NA,NA,DIRT,Harvard Forest DIRT_soil_C_1995_2000_2010_master.xls (provided by Kate Lajtha),lajtha,42.49,-72.2,20,TS,hardwood,exp,control,1990,TS,DECD,NA,A,organic,NA,NA,NA,NA,NA,1,20.78,NA,NA,NA,3.53,3.529970461,1,Corrected for rock volume by the principal investigator
2000,NA,NA,NA,DIRT,Harvard Forest DIRT_soil_C_1995_2000_2010_master.xls (provided by Kate Lajtha),lajtha,42.49,-72.2,20,TS,hardwood,exp,control,1990,TS,DECD,NA,B,organic,NA,NA,NA,NA,NA,1,33.58,NA,NA,NA,5.704,5.704350726,1,Corrected for rock volume by the principal investigator
2000,NA,NA,NA,DIRT,Harvard Forest DIRT_soil_C_1995_2000_2010_master.xls (provided by Kate Lajtha),lajtha,42.49,-72.2,20,TS,hardwood,exp,control,1990,TS,DECD,NA,C,organic,NA,NA,NA,NA,NA,1,16.26,NA,NA,NA,2.762,2.76214243,1,Corrected for rock volume by the principal investigator
2000,NA,NA,NA,DIRT,Harvard Forest DIRT_soil_C_1995_2000_2010_master.xls (provided by Kate Lajtha),lajtha,42.49,-72.2,1,TS,hardwood,exp,control,1990,TS,DECD,NA,A,mineral,0-10,NA,NA,NA,NA,1,3.64,NA,NA,NA,2.181,2.181226208,1,Corrected for rock volume by the principal investigator
2000,NA,NA,NA,DIRT,Harvard Forest DIRT_soil_C_1995_2000_2010_master.xls (provided by Kate Lajtha),lajtha,42.49,-72.2,1,TS,hardwood,exp,control,1990,TS,DECD,NA,B,mineral,0-10,NA,NA,NA,NA,1,5.04,NA,NA,NA,3.02,3.020159365,1,Corrected for rock volume by the principal investigator
2000,NA,NA,NA,DIRT,Harvard Forest DIRT_soil_C_1995_2000_2010_master.xls (provided by Kate Lajtha),lajtha,42.49,-72.2,1,TS,hardwood,exp,control,1990,TS,DECD,NA,C,mineral,0-10,NA,NA,NA,NA,1,5.25,NA,NA,NA,3.146,3.145999339,1,Corrected for rock volume by the principal investigator
2000,NA,NA,NA,DIRT,Harvard Forest DIRT_soil_C_1995_2000_2010_master.xls (provided by Kate Lajtha),lajtha,42.49,-72.2,2,TS,hardwood,exp,no_litter,1990,TS,DECD,NA,A,mineral,0-10,NA,NA,NA,NA,1,4.26,NA,NA,NA,2.553,2.552753749,0,Corrected for rock volume by the principal investigator
2000,NA,NA,NA,DIRT,Harvard Forest DIRT_soil_C_1995_2000_2010_master.xls (provided by Kate Lajtha),lajtha,42.49,-72.2,2,TS,hardwood,exp,no_litter,1990,TS,DECD,NA,B,mineral,0-10,NA,NA,NA,NA,1,3.66,NA,NA,NA,2.193,2.193210968,0,Corrected for rock volume by the principal investigator
2000,NA,NA,NA,DIRT,Harvard Forest DIRT_soil_C_1995_2000_2010_master.xls (provided by Kate Lajtha),lajtha,42.49,-72.2,2,TS,hardwood,exp,no_litter,1990,TS,DECD,NA,C,mineral,0-10,NA,NA,NA,NA,1,4.01,NA,NA,NA,2.403,2.402944257,0,Corrected for rock volume by the principal investigator
2000,NA,NA,NA,DIRT,Harvard Forest DIRT_soil_C_1995_2000_2010_master.xls (provided by Kate Lajtha),lajtha,42.49,-72.2,3,TS,hardwood,exp,double_litter,1990,TS,DECD,NA,A,mineral,0-10,NA,NA,NA,NA,1,6.63,NA,NA,NA,3.973,3.972947737,0,Corrected for rock volume by the principal investigator
2000,NA,NA,NA,DIRT,Harvard Forest DIRT_soil_C_1995_2000_2010_master.xls (provided by Kate Lajtha),lajtha,42.49,-72.2,3,TS,hardwood,exp,double_litter,1990,TS,DECD,NA,B,mineral,0-10,NA,NA,NA,NA,1,4.64,NA,NA,NA,2.78,2.780464178,0,Corrected for rock volume by the principal investigator
2000,NA,NA,NA,DIRT,Harvard Forest DIRT_soil_C_1995_2000_2010_master.xls (provided by Kate Lajtha),lajtha,42.49,-72.2,3,TS,hardwood,exp,double_litter,1990,TS,DECD,NA,C,mineral,0-10,NA,NA,NA,NA,1,4.97,NA,NA,NA,2.978,2.978212708,0,Corrected for rock volume by the principal investigator
2000,NA,NA,NA,DIRT,Harvard Forest DIRT_soil_C_1995_2000_2010_master.xls (provided by Kate Lajtha),lajtha,42.49,-72.2,4,TS,hardwood,exp,trenched_no_litter,1990,TS,DECD,NA,A,mineral,0-10,NA,NA,NA,NA,1,4.01,NA,NA,NA,2.403,2.402944257,0,Corrected for rock volume by the principal investigator
2000,NA,NA,NA,DIRT,Harvard Forest DIRT_soil_C_1995_2000_2010_master.xls (provided by Kate Lajtha),lajtha,42.49,-72.2,4,TS,hardwood,exp,trenched_no_litter,1990,TS,DECD,NA,B,mineral,0-10,NA,NA,NA,NA,1,5.27,NA,NA,NA,3.158,3.157984098,0,Corrected for rock volume by the principal investigator
2000,NA,NA,NA,DIRT,Harvard Forest DIRT_soil_C_1995_2000_2010_master.xls (provided by Kate Lajtha),lajtha,42.49,-72.2,4,TS,hardwood,exp,trenched_no_litter,1990,TS,DECD,NA,C,mineral,0-10,NA,NA,NA,NA,1,4.43,NA,NA,NA,2.655,2.654624204,0,Corrected for rock volume by the principal investigator
2000,NA,NA,NA,DIRT,Harvard Forest DIRT_soil_C_1995_2000_2010_master.xls (provided by Kate Lajtha),lajtha,42.49,-72.2,5,TS,hardwood,exp,OAless,1990,TS,DECD,NA,A,mineral,0-10,NA,NA,NA,NA,1,1.68,NA,NA,NA,1.372,1.372105727,0,Corrected for rock volume by the principal investigator
2000,NA,NA,NA,DIRT,Harvard Forest DIRT_soil_C_1995_2000_2010_master.xls (provided by Kate Lajtha),lajtha,42.49,-72.2,5,TS,hardwood,exp,OAless,1990,TS,DECD,NA,B,mineral,0-10,NA,NA,NA,NA,1,1.2,NA,NA,NA,0.98,0.980075519,0,Corrected for rock volume by the principal investigator
2000,NA,NA,NA,DIRT,Harvard Forest DIRT_soil_C_1995_2000_2010_master.xls (provided by Kate Lajtha),lajtha,42.49,-72.2,5,TS,hardwood,exp,OAless,1990,TS,DECD,NA,C,mineral,0-10,NA,NA,NA,NA,1,1.24,NA,NA,NA,1.013,1.012744703,0,Corrected for rock volume by the principal investigator
2000,NA,NA,NA,DIRT,Harvard Forest DIRT_soil_C_1995_2000_2010_master.xls (provided by Kate Lajtha),lajtha,42.49,-72.2,6,TS,hardwood,exp,control,1990,TS,DECD,NA,A,mineral,0-10,NA,NA,NA,NA,1,3.12,NA,NA,NA,1.87,1.869622464,1,Corrected for rock volume by the principal investigator
2000,NA,NA,NA,DIRT,Harvard Forest DIRT_soil_C_1995_2000_2010_master.xls (provided by Kate Lajtha),lajtha,42.49,-72.2,6,TS,hardwood,exp,control,1990,TS,DECD,NA,B,mineral,0-10,NA,NA,NA,NA,1,3.87,NA,NA,NA,2.319,2.319050941,1,Corrected for rock volume by the principal investigator
2000,NA,NA,NA,DIRT,Harvard Forest DIRT_soil_C_1995_2000_2010_master.xls (provided by Kate Lajtha),lajtha,42.49,-72.2,6,TS,hardwood,exp,control,1990,TS,DECD,NA,C,mineral,0-10,NA,NA,NA,NA,1,4.04,NA,NA,NA,2.421,2.420921396,1,Corrected for rock volume by the principal investigator
2000,NA,NA,NA,DIRT,Harvard Forest DIRT_soil_C_1995_2000_2010_master.xls (provided by Kate Lajtha),lajtha,42.49,-72.2,7,TS,hardwood,exp,OAless,1990,TS,DECD,NA,A,mineral,0-10,NA,NA,NA,NA,1,2.94,NA,NA,NA,2.401,2.401185022,0,Corrected for rock volume by the principal investigator
2000,NA,NA,NA,DIRT,Harvard Forest DIRT_soil_C_1995_2000_2010_master.xls (provided by Kate Lajtha),lajtha,42.49,-72.2,7,TS,hardwood,exp,OAless,1990,TS,DECD,NA,B,mineral,0-10,NA,NA,NA,NA,1,1.57,NA,NA,NA,1.282,1.282265471,0,Corrected for rock volume by the principal investigator
2000,NA,NA,NA,DIRT,Harvard Forest DIRT_soil_C_1995_2000_2010_master.xls (provided by Kate Lajtha),lajtha,42.49,-72.2,7,TS,hardwood,exp,OAless,1990,TS,DECD,NA,C,mineral,0-10,NA,NA,NA,NA,1,1.26,NA,NA,NA,1.029,1.029079295,0,Corrected for rock volume by the principal investigator
2000,NA,NA,NA,DIRT,Harvard Forest DIRT_soil_C_1995_2000_2010_master.xls (provided by Kate Lajtha),lajtha,42.49,-72.2,8,TS,hardwood,exp,trenched,1990,TS,DECD,NA,A,mineral,0-10,NA,NA,NA,NA,1,4.15,NA,NA,NA,2.487,2.486837573,0,Corrected for rock volume by the principal investigator
2000,NA,NA,NA,DIRT,Harvard Forest DIRT_soil_C_1995_2000_2010_master.xls (provided by Kate Lajtha),lajtha,42.49,-72.2,8,TS,hardwood,exp,trenched,1990,TS,DECD,NA,B,mineral,0-10,NA,NA,NA,NA,1,5.19,NA,NA,NA,3.11,3.110045061,0,Corrected for rock volume by the principal investigator
2000,NA,NA,NA,DIRT,Harvard Forest DIRT_soil_C_1995_2000_2010_master.xls (provided by Kate Lajtha),lajtha,42.49,-72.2,8,TS,hardwood,exp,trenched,1990,TS,DECD,NA,C,mineral,0-10,NA,NA,NA,NA,1,5.43,NA,NA,NA,3.254,3.253862173,0,Corrected for rock volume by the principal investigator
2000,NA,NA,NA,DIRT,Harvard Forest DIRT_soil_C_1995_2000_2010_master.xls (provided by Kate Lajtha),lajtha,42.49,-72.2,9,TS,hardwood,exp,no_litter,1990,TS,DECD,NA,A,mineral,0-10,NA,NA,NA,NA,1,7.93,NA,NA,NA,4.752,4.751957097,0,Corrected for rock volume by the principal investigator
2000,NA,NA,NA,DIRT,Harvard Forest DIRT_soil_C_1995_2000_2010_master.xls (provided by Kate Lajtha),lajtha,42.49,-72.2,9,TS,hardwood,exp,no_litter,1990,TS,DECD,NA,B,mineral,0-10,NA,NA,NA,NA,1,7.73,NA,NA,NA,4.632,4.632109503,0,Corrected for rock volume by the principal investigator
2000,NA,NA,NA,DIRT,Harvard Forest DIRT_soil_C_1995_2000_2010_master.xls (provided by Kate Lajtha),lajtha,42.49,-72.2,9,TS,hardwood,exp,no_litter,1990,TS,DECD,NA,C,mineral,0-10,NA,NA,NA,NA,1,5.79,NA,NA,NA,3.47,3.469587842,0,Corrected for rock volume by the principal investigator
2000,NA,NA,NA,DIRT,Harvard Forest DIRT_soil_C_1995_2000_2010_master.xls (provided by Kate Lajtha),lajtha,42.49,-72.2,10,TS,hardwood,exp,no_litter,1990,TS,DECD,NA,A,mineral,0-10,NA,NA,NA,NA,1,5.11,NA,NA,NA,3.062,3.062106023,0,Corrected for rock volume by the principal investigator
2000,NA,NA,NA,DIRT,Harvard Forest DIRT_soil_C_1995_2000_2010_master.xls (provided by Kate Lajtha),lajtha,42.49,-72.2,10,TS,hardwood,exp,no_litter,1990,TS,DECD,NA,B,mineral,0-10,NA,NA,NA,NA,1,4.91,NA,NA,NA,2.942,2.942258429,0,Corrected for rock volume by the principal investigator
2000,NA,NA,NA,DIRT,Harvard Forest DIRT_soil_C_1995_2000_2010_master.xls (provided by Kate Lajtha),lajtha,42.49,-72.2,10,TS,hardwood,exp,no_litter,1990,TS,DECD,NA,C,mineral,0-10,NA,NA,NA,NA,1,7.2,NA,NA,NA,4.315,4.314513379,0,Corrected for rock volume by the principal investigator
2000,NA,NA,NA,DIRT,Harvard Forest DIRT_soil_C_1995_2000_2010_master.xls (provided by Kate Lajtha),lajtha,42.49,-72.2,11,TS,hardwood,exp,trenched,1990,TS,DECD,NA,A,mineral,0-10,NA,NA,NA,NA,1,8.81,NA,NA,NA,5.279,5.27928651,0,Corrected for rock volume by the principal investigator
2000,NA,NA,NA,DIRT,Harvard Forest DIRT_soil_C_1995_2000_2010_master.xls (provided by Kate Lajtha),lajtha,42.49,-72.2,11,TS,hardwood,exp,trenched,1990,TS,DECD,NA,B,mineral,0-10,NA,NA,NA,NA,1,3.69,NA,NA,NA,2.211,2.211188107,0,Corrected for rock volume by the principal investigator
2000,NA,NA,NA,DIRT,Harvard Forest DIRT_soil_C_1995_2000_2010_master.xls (provided by Kate Lajtha),lajtha,42.49,-72.2,11,TS,hardwood,exp,trenched,1990,TS,DECD,NA,C,mineral,0-10,NA,NA,NA,NA,1,4.35,NA,NA,NA,2.607,2.606685167,0,Corrected for rock volume by the principal investigator
2000,NA,NA,NA,DIRT,Harvard Forest DIRT_soil_C_1995_2000_2010_master.xls (provided by Kate Lajtha),lajtha,42.49,-72.2,12,TS,hardwood,exp,double_litter,1990,TS,DECD,NA,A,mineral,0-10,NA,NA,NA,NA,1,2.49,NA,NA,NA,1.492,1.492102544,0,Corrected for rock volume by the principal investigator
2000,NA,NA,NA,DIRT,Harvard Forest DIRT_soil_C_1995_2000_2010_master.xls (provided by Kate Lajtha),lajtha,42.49,-72.2,12,TS,hardwood,exp,double_litter,1990,TS,DECD,NA,B,mineral,0-10,NA,NA,NA,NA,1,6.26,NA,NA,NA,3.751,3.751229688,0,Corrected for rock volume by the principal investigator
2000,NA,NA,NA,DIRT,Harvard Forest DIRT_soil_C_1995_2000_2010_master.xls (provided by Kate Lajtha),lajtha,42.49,-72.2,12,TS,hardwood,exp,double_litter,1990,TS,DECD,NA,C,mineral,0-10,NA,NA,NA,NA,1,5.47,NA,NA,NA,3.278,3.277831692,0,Corrected for rock volume by the principal investigator
2000,NA,NA,NA,DIRT,Harvard Forest DIRT_soil_C_1995_2000_2010_master.xls (provided by Kate Lajtha),lajtha,42.49,-72.2,13,TS,hardwood,exp,trenched,1990,TS,DECD,NA,A,mineral,0-10,NA,NA,NA,NA,1,4.65,NA,NA,NA,2.786,2.786456557,0,Corrected for rock volume by the principal investigator
2000,NA,NA,NA,DIRT,Harvard Forest DIRT_soil_C_1995_2000_2010_master.xls (provided by Kate Lajtha),lajtha,42.49,-72.2,13,TS,hardwood,exp,trenched,1990,TS,DECD,NA,B,mineral,0-10,NA,NA,NA,NA,1,5.34,NA,NA,NA,3.2,3.199930756,0,Corrected for rock volume by the principal investigator
2000,NA,NA,NA,DIRT,Harvard Forest DIRT_soil_C_1995_2000_2010_master.xls (provided by Kate Lajtha),lajtha,42.49,-72.2,13,TS,hardwood,exp,trenched,1990,TS,DECD,NA,C,mineral,0-10,NA,NA,NA,NA,1,3.82,NA,NA,NA,2.289,2.289089043,0,Corrected for rock volume by the principal investigator
2000,NA,NA,NA,DIRT,Harvard Forest DIRT_soil_C_1995_2000_2010_master.xls (provided by Kate Lajtha),lajtha,42.49,-72.2,14,TS,hardwood,exp,control,1990,TS,DECD,NA,A,mineral,0-10,NA,NA,NA,NA,1,6.28,NA,NA,NA,3.763,3.763214447,1,Corrected for rock volume by the principal investigator
2000,NA,NA,NA,DIRT,Harvard Forest DIRT_soil_C_1995_2000_2010_master.xls (provided by Kate Lajtha),lajtha,42.49,-72.2,14,TS,hardwood,exp,control,1990,TS,DECD,NA,B,mineral,0-10,NA,NA,NA,NA,1,5.28,NA,NA,NA,3.164,3.163976478,1,Corrected for rock volume by the principal investigator
2000,NA,NA,NA,DIRT,Harvard Forest DIRT_soil_C_1995_2000_2010_master.xls (provided by Kate Lajtha),lajtha,42.49,-72.2,14,TS,hardwood,exp,control,1990,TS,DECD,NA,C,mineral,0-10,NA,NA,NA,NA,1,5.5,NA,NA,NA,3.296,3.295808831,1,Corrected for rock volume by the principal investigator
2000,NA,NA,NA,DIRT,Harvard Forest DIRT_soil_C_1995_2000_2010_master.xls (provided by Kate Lajtha),lajtha,42.49,-72.2,15,TS,hardwood,exp,control,1990,TS,DECD,NA,A,mineral,0-10,NA,NA,NA,NA,1,5.96,NA,NA,NA,3.571,3.571458297,1,Corrected for rock volume by the principal investigator
2000,NA,NA,NA,DIRT,Harvard Forest DIRT_soil_C_1995_2000_2010_master.xls (provided by Kate Lajtha),lajtha,42.49,-72.2,15,TS,hardwood,exp,control,1990,TS,DECD,NA,B,mineral,0-10,NA,NA,NA,NA,1,5.19,NA,NA,NA,3.11,3.110045061,1,Corrected for rock volume by the principal investigator
2000,NA,NA,NA,DIRT,Harvard Forest DIRT_soil_C_1995_2000_2010_master.xls (provided by Kate Lajtha),lajtha,42.49,-72.2,15,TS,hardwood,exp,control,1990,TS,DECD,NA,C,mineral,0-10,NA,NA,NA,NA,1,6.17,NA,NA,NA,3.697,3.697298271,1,Corrected for rock volume by the principal investigator
2000,NA,NA,NA,DIRT,Harvard Forest DIRT_soil_C_1995_2000_2010_master.xls (provided by Kate Lajtha),lajtha,42.49,-72.2,16,TS,hardwood,exp,trenched_no_litter,1990,TS,DECD,NA,A,mineral,0-10,NA,NA,NA,NA,1,9.75,NA,NA,NA,5.843,5.842570201,0,Corrected for rock volume by the principal investigator
2000,NA,NA,NA,DIRT,Harvard Forest DIRT_soil_C_1995_2000_2010_master.xls (provided by Kate Lajtha),lajtha,42.49,-72.2,16,TS,hardwood,exp,trenched_no_litter,1990,TS,DECD,NA,B,mineral,0-10,NA,NA,NA,NA,1,6.87,NA,NA,NA,4.117,4.116764849,0,Corrected for rock volume by the principal investigator
2000,NA,NA,NA,DIRT,Harvard Forest DIRT_soil_C_1995_2000_2010_master.xls (provided by Kate Lajtha),lajtha,42.49,-72.2,16,TS,hardwood,exp,trenched_no_litter,1990,TS,DECD,NA,C,mineral,0-10,NA,NA,NA,NA,1,4.05,NA,NA,NA,2.427,2.426913776,0,Corrected for rock volume by the principal investigator
2000,NA,NA,NA,DIRT,Harvard Forest DIRT_soil_C_1995_2000_2010_master.xls (provided by Kate Lajtha),lajtha,42.49,-72.2,17,TS,hardwood,exp,trenched_no_litter,1990,TS,DECD,NA,A,mineral,0-10,NA,NA,NA,NA,1,4.65,NA,NA,NA,2.786,2.786456557,0,Corrected for rock volume by the principal investigator
2000,NA,NA,NA,DIRT,Harvard Forest DIRT_soil_C_1995_2000_2010_master.xls (provided by Kate Lajtha),lajtha,42.49,-72.2,17,TS,hardwood,exp,trenched_no_litter,1990,TS,DECD,NA,B,mineral,0-10,NA,NA,NA,NA,1,5.74,NA,NA,NA,3.44,3.439625944,0,Corrected for rock volume by the principal investigator
2000,NA,NA,NA,DIRT,Harvard Forest DIRT_soil_C_1995_2000_2010_master.xls (provided by Kate Lajtha),lajtha,42.49,-72.2,17,TS,hardwood,exp,trenched_no_litter,1990,TS,DECD,NA,C,mineral,0-10,NA,NA,NA,NA,1,5.27,NA,NA,NA,3.158,3.157984098,0,Corrected for rock volume by the principal investigator
2000,NA,NA,NA,DIRT,Harvard Forest DIRT_soil_C_1995_2000_2010_master.xls (provided by Kate Lajtha),lajtha,42.49,-72.2,18,TS,hardwood,exp,control,1990,TS,DECD,NA,A,mineral,0-10,NA,NA,NA,NA,1,4.59,NA,NA,NA,2.751,2.750502279,1,Corrected for rock volume by the principal investigator
2000,NA,NA,NA,DIRT,Harvard Forest DIRT_soil_C_1995_2000_2010_master.xls (provided by Kate Lajtha),lajtha,42.49,-72.2,18,TS,hardwood,exp,control,1990,TS,DECD,NA,B,mineral,0-10,NA,NA,NA,NA,1,5.61,NA,NA,NA,3.362,3.361725008,1,Corrected for rock volume by the principal investigator
2000,NA,NA,NA,DIRT,Harvard Forest DIRT_soil_C_1995_2000_2010_master.xls (provided by Kate Lajtha),lajtha,42.49,-72.2,18,TS,hardwood,exp,control,1990,TS,DECD,NA,C,mineral,0-10,NA,NA,NA,NA,1,4.75,NA,NA,NA,2.846,2.846380354,1,Corrected for rock volume by the principal investigator
2000,NA,NA,NA,DIRT,Harvard Forest DIRT_soil_C_1995_2000_2010_master.xls (provided by Kate Lajtha),lajtha,42.49,-72.2,19,TS,hardwood,exp,double_litter,1990,TS,DECD,NA,A,mineral,0-10,NA,NA,NA,NA,1,4.52,NA,NA,NA,2.709,2.708555621,0,Corrected for rock volume by the principal investigator
2000,NA,NA,NA,DIRT,Harvard Forest DIRT_soil_C_1995_2000_2010_master.xls (provided by Kate Lajtha),lajtha,42.49,-72.2,19,TS,hardwood,exp,double_litter,1990,TS,DECD,NA,B,mineral,0-10,NA,NA,NA,NA,1,4.22,NA,NA,NA,2.529,2.528784231,0,Corrected for rock volume by the principal investigator
2000,NA,NA,NA,DIRT,Harvard Forest DIRT_soil_C_1995_2000_2010_master.xls (provided by Kate Lajtha),lajtha,42.49,-72.2,19,TS,hardwood,exp,double_litter,1990,TS,DECD,NA,C,mineral,0-10,NA,NA,NA,NA,1,7.83,NA,NA,NA,4.692,4.6920333,0,Corrected for rock volume by the principal investigator
2000,NA,NA,NA,DIRT,Harvard Forest DIRT_soil_C_1995_2000_2010_master.xls (provided by Kate Lajtha),lajtha,42.49,-72.2,20,TS,hardwood,exp,control,1990,TS,DECD,NA,A,mineral,0-10,NA,NA,NA,NA,1,3.72,NA,NA,NA,2.229,2.229165246,1,Corrected for rock volume by the principal investigator
2000,NA,NA,NA,DIRT,Harvard Forest DIRT_soil_C_1995_2000_2010_master.xls (provided by Kate Lajtha),lajtha,42.49,-72.2,20,TS,hardwood,exp,control,1990,TS,DECD,NA,B,mineral,0-10,NA,NA,NA,NA,1,6.75,NA,NA,NA,4.045,4.044856293,1,Corrected for rock volume by the principal investigator
2000,NA,NA,NA,DIRT,Harvard Forest DIRT_soil_C_1995_2000_2010_master.xls (provided by Kate Lajtha),lajtha,42.49,-72.2,20,TS,hardwood,exp,control,1990,TS,DECD,NA,C,mineral,0-10,NA,NA,NA,NA,1,4.36,NA,NA,NA,2.613,2.612677546,1,Corrected for rock volume by the principal investigator
2000,NA,NA,NA,DIRT,Harvard Forest DIRT_soil_C_1995_2000_2010_master.xls (provided by Kate Lajtha),lajtha,42.49,-72.2,21,TS,hardwood,exp,OAless,1990,TS,DECD,NA,A,mineral,0-10,NA,NA,NA,NA,1,0.97,NA,NA,NA,0.792,0.792227711,0,Corrected for rock volume by the principal investigator
2000,NA,NA,NA,DIRT,Harvard Forest DIRT_soil_C_1995_2000_2010_master.xls (provided by Kate Lajtha),lajtha,42.49,-72.2,21,TS,hardwood,exp,OAless,1990,TS,DECD,NA,B,mineral,0-10,NA,NA,NA,NA,1,1.01,NA,NA,NA,0.825,0.824896895,0,Corrected for rock volume by the principal investigator
2000,NA,NA,NA,DIRT,Harvard Forest DIRT_soil_C_1995_2000_2010_master.xls (provided by Kate Lajtha),lajtha,42.49,-72.2,21,TS,hardwood,exp,OAless,1990,TS,DECD,NA,C,mineral,0-10,NA,NA,NA,NA,1,0.86,NA,NA,NA,0.702,0.702387455,0,Corrected for rock volume by the principal investigator
2010,NA,NA,NA,DIRT,Harvard Forest DIRT_soil_C_1995_2000_2010_master.xls (provided by Kate Lajtha),lajtha,42.49,-72.2,1,TS,hardwood,exp,control,1990,TS,DECD,NA,1,organic,NA,NA,NA,NA,NA,1,28.312,NA,1.331,NA,4.809,4.809457349,1,Corrected for rock volume by the principal investigator
2010,NA,NA,NA,DIRT,Harvard Forest DIRT_soil_C_1995_2000_2010_master.xls (provided by Kate Lajtha),lajtha,42.49,-72.2,1,TS,hardwood,exp,control,1990,TS,DECD,NA,2,organic,NA,NA,NA,NA,NA,1,35.431,NA,1.601,NA,6.019,6.018786497,1,Corrected for rock volume by the principal investigator
2010,NA,NA,NA,DIRT,Harvard Forest DIRT_soil_C_1995_2000_2010_master.xls (provided by Kate Lajtha),lajtha,42.49,-72.2,6,TS,hardwood,exp,control,1990,TS,DECD,NA,2,organic,NA,NA,NA,NA,NA,1,42.715,NA,1.714,NA,7.256,7.256144767,1,Corrected for rock volume by the principal investigator
2010,NA,NA,NA,DIRT,Harvard Forest DIRT_soil_C_1995_2000_2010_master.xls (provided by Kate Lajtha),lajtha,42.49,-72.2,6,TS,hardwood,exp,control,1990,TS,DECD,NA,1,organic,NA,NA,NA,NA,NA,1,26.475,NA,1.247,NA,4.497,4.497399806,1,Corrected for rock volume by the principal investigator
2010,NA,NA,NA,DIRT,Harvard Forest DIRT_soil_C_1995_2000_2010_master.xls (provided by Kate Lajtha),lajtha,42.49,-72.2,14,TS,hardwood,exp,control,1990,TS,DECD,NA,1,organic,NA,NA,NA,NA,NA,1,21.884,NA,1.108,NA,3.718,3.717510759,1,Corrected for rock volume by the principal investigator
2010,NA,NA,NA,DIRT,Harvard Forest DIRT_soil_C_1995_2000_2010_master.xls (provided by Kate Lajtha),lajtha,42.49,-72.2,14,TS,hardwood,exp,control,1990,TS,DECD,NA,2,organic,NA,NA,NA,NA,NA,1,39.944,NA,1.624,NA,6.785,6.785425414,1,Corrected for rock volume by the principal investigator
2010,NA,NA,NA,DIRT,Harvard Forest DIRT_soil_C_1995_2000_2010_master.xls (provided by Kate Lajtha),lajtha,42.49,-72.2,3,TS,hardwood,exp,double_litter,1990,TS,DECD,NA,1,organic,NA,NA,NA,NA,NA,1,36.883,NA,1.488,NA,5.649,5.648514993,0,Corrected for rock volume by the principal investigator
2010,NA,NA,NA,DIRT,Harvard Forest DIRT_soil_C_1995_2000_2010_master.xls (provided by Kate Lajtha),lajtha,42.49,-72.2,3,TS,hardwood,exp,double_litter,1990,TS,DECD,NA,2,organic,NA,NA,NA,NA,NA,1,44.878,NA,1.83,NA,6.873,6.872923999,0,Corrected for rock volume by the principal investigator
2010,NA,NA,NA,DIRT,Harvard Forest DIRT_soil_C_1995_2000_2010_master.xls (provided by Kate Lajtha),lajtha,42.49,-72.2,12,TS,hardwood,exp,double_litter,1990,TS,DECD,NA,1,organic,NA,NA,NA,NA,NA,1,42.748,NA,1.802,NA,6.547,6.546721224,0,Corrected for rock volume by the principal investigator
2010,NA,NA,NA,DIRT,Harvard Forest DIRT_soil_C_1995_2000_2010_master.xls (provided by Kate Lajtha),lajtha,42.49,-72.2,12,TS,hardwood,exp,double_litter,1990,TS,DECD,NA,2,organic,NA,NA,NA,NA,NA,1,43.741,NA,1.766,NA,6.699,6.698796039,0,Corrected for rock volume by the principal investigator
2010,NA,NA,NA,DIRT,Harvard Forest DIRT_soil_C_1995_2000_2010_master.xls (provided by Kate Lajtha),lajtha,42.49,-72.2,19,TS,hardwood,exp,double_litter,1990,TS,DECD,NA,1,organic,NA,NA,NA,NA,NA,1,43.89,NA,1.646,NA,6.722,6.721614919,0,Corrected for rock volume by the principal investigator
2010,NA,NA,NA,DIRT,Harvard Forest DIRT_soil_C_1995_2000_2010_master.xls (provided by Kate Lajtha),lajtha,42.49,-72.2,19,TS,hardwood,exp,double_litter,1990,TS,DECD,NA,2,organic,NA,NA,NA,NA,NA,1,44.238,NA,1.754,NA,6.775,6.77491002,0,Corrected for rock volume by the principal investigator
2010,NA,NA,NA,DIRT,Harvard Forest DIRT_soil_C_1995_2000_2010_master.xls (provided by Kate Lajtha),lajtha,42.49,-72.2,8,TS,hardwood,exp,trenched,1990,TS,DECD,NA,1,organic,NA,NA,NA,NA,NA,1,35.301,NA,1.63,NA,6.11,6.109590125,0,Corrected for rock volume by the principal investigator
2010,NA,NA,NA,DIRT,Harvard Forest DIRT_soil_C_1995_2000_2010_master.xls (provided by Kate Lajtha),lajtha,42.49,-72.2,8,TS,hardwood,exp,trenched,1990,TS,DECD,NA,2,organic,NA,NA,NA,NA,NA,1,36.692,NA,1.685,NA,6.35,6.35033231,0,Corrected for rock volume by the principal investigator
2010,NA,NA,NA,DIRT,Harvard Forest DIRT_soil_C_1995_2000_2010_master.xls (provided by Kate Lajtha),lajtha,42.49,-72.2,11,TS,hardwood,exp,trenched,1990,TS,DECD,NA,1,organic,NA,NA,NA,NA,NA,1,33.976,NA,1.67,NA,5.88,5.880270647,0,Corrected for rock volume by the principal investigator
2010,NA,NA,NA,DIRT,Harvard Forest DIRT_soil_C_1995_2000_2010_master.xls (provided by Kate Lajtha),lajtha,42.49,-72.2,11,TS,hardwood,exp,trenched,1990,TS,DECD,NA,2,organic,NA,NA,NA,NA,NA,1,34.705,NA,1.6,NA,6.006,6.006439628,0,Corrected for rock volume by the principal investigator
2010,NA,NA,NA,DIRT,Harvard Forest DIRT_soil_C_1995_2000_2010_master.xls (provided by Kate Lajtha),lajtha,42.49,-72.2,13,TS,hardwood,exp,trenched,1990,TS,DECD,NA,1,organic,NA,NA,NA,NA,NA,1,23.052,NA,1.159,NA,3.99,3.989639715,0,Corrected for rock volume by the principal investigator
2010,NA,NA,NA,DIRT,Harvard Forest DIRT_soil_C_1995_2000_2010_master.xls (provided by Kate Lajtha),lajtha,42.49,-72.2,13,TS,hardwood,exp,trenched,1990,TS,DECD,NA,2,organic,NA,NA,NA,NA,NA,1,21.099,NA,1.025,NA,3.652,3.651631457,0,Corrected for rock volume by the principal investigator
2010,NA,NA,NA,DIRT,Harvard Forest DIRT_soil_C_1995_2000_2010_master.xls (provided by Kate Lajtha),lajtha,42.49,-72.2,5,TS,hardwood,exp,OAless,1990,TS,DECD,NA,2,organic,NA,NA,NA,NA,NA,1,33.004,NA,1.418,NA,0,0,0,Corrected for rock volume by the principal investigator
2010,NA,NA,NA,DIRT,Harvard Forest DIRT_soil_C_1995_2000_2010_master.xls (provided by Kate Lajtha),lajtha,42.49,-72.2,7,TS,hardwood,exp,OAless,1990,TS,DECD,NA,2,organic,NA,NA,NA,NA,NA,1,26.703,NA,1.198,NA,0,0,0,Corrected for rock volume by the principal investigator
2010,NA,NA,NA,DIRT,Harvard Forest DIRT_soil_C_1995_2000_2010_master.xls (provided by Kate Lajtha),lajtha,42.49,-72.2,21,TS,hardwood,exp,OAless,1990,TS,DECD,NA,1,organic,NA,NA,NA,NA,NA,1,20.146,NA,0.89,NA,0,0,0,Corrected for rock volume by the principal investigator
2010,NA,NA,NA,DIRT,Harvard Forest DIRT_soil_C_1995_2000_2010_master.xls (provided by Kate Lajtha),lajtha,42.49,-72.2,1,TS,hardwood,exp,control,1990,TS,DECD,NA,1,mineral,0-10,NA,NA,NA,NA,1,6.465,NA,0.15,NA,3.902,3.902481154,1,Corrected for rock volume by the principal investigator
2010,NA,NA,NA,DIRT,Harvard Forest DIRT_soil_C_1995_2000_2010_master.xls (provided by Kate Lajtha),lajtha,42.49,-72.2,1,TS,hardwood,exp,control,1990,TS,DECD,NA,2,mineral,0-10,NA,NA,NA,NA,1,5.34,NA,0.107,NA,3.223,3.223245536,1,Corrected for rock volume by the principal investigator
2010,NA,NA,NA,DIRT,Harvard Forest DIRT_soil_C_1995_2000_2010_master.xls (provided by Kate Lajtha),lajtha,42.49,-72.2,6,TS,hardwood,exp,control,1990,TS,DECD,NA,1,mineral,0-10,NA,NA,NA,NA,1,6.125,NA,0.111,NA,3.697,3.697316144,1,Corrected for rock volume by the principal investigator
2010,NA,NA,NA,DIRT,Harvard Forest DIRT_soil_C_1995_2000_2010_master.xls (provided by Kate Lajtha),lajtha,42.49,-72.2,6,TS,hardwood,exp,control,1990,TS,DECD,NA,2,mineral,0-10,NA,NA,NA,NA,1,9.553,NA,0.383,NA,5.766,5.765927525,1,Corrected for rock volume by the principal investigator
2010,NA,NA,NA,DIRT,Harvard Forest DIRT_soil_C_1995_2000_2010_master.xls (provided by Kate Lajtha),lajtha,42.49,-72.2,14,TS,hardwood,exp,control,1990,TS,DECD,NA,1,mineral,0-10,NA,NA,NA,NA,1,7.855,NA,0.289,NA,4.741,4.741068237,1,Corrected for rock volume by the principal investigator
2010,NA,NA,NA,DIRT,Harvard Forest DIRT_soil_C_1995_2000_2010_master.xls (provided by Kate Lajtha),lajtha,42.49,-72.2,14,TS,hardwood,exp,control,1990,TS,DECD,NA,2,mineral,0-10,NA,NA,NA,NA,1,8.07,NA,0.246,NA,4.871,4.870963825,1,Corrected for rock volume by the principal investigator
2010,NA,NA,NA,DIRT,Harvard Forest DIRT_soil_C_1995_2000_2010_master.xls (provided by Kate Lajtha),lajtha,42.49,-72.2,3,TS,hardwood,exp,double_litter,1990,TS,DECD,NA,1,mineral,0-10,NA,NA,NA,NA,1,6.752,NA,0.233,NA,4.076,4.075775872,0,Corrected for rock volume by the principal investigator
2010,NA,NA,NA,DIRT,Harvard Forest DIRT_soil_C_1995_2000_2010_master.xls (provided by Kate Lajtha),lajtha,42.49,-72.2,3,TS,hardwood,exp,double_litter,1990,TS,DECD,NA,2,mineral,0-10,NA,NA,NA,NA,1,7.621,NA,0.272,NA,4.6,4.599824894,0,Corrected for rock volume by the principal investigator
2010,NA,NA,NA,DIRT,Harvard Forest DIRT_soil_C_1995_2000_2010_master.xls (provided by Kate Lajtha),lajtha,42.49,-72.2,12,TS,hardwood,exp,double_litter,1990,TS,DECD,NA,1,mineral,0-10,NA,NA,NA,NA,1,6.904,NA,0.203,NA,4.167,4.166980442,0,Corrected for rock volume by the principal investigator
2010,NA,NA,NA,DIRT,Harvard Forest DIRT_soil_C_1995_2000_2010_master.xls (provided by Kate Lajtha),lajtha,42.49,-72.2,12,TS,hardwood,exp,double_litter,1990,TS,DECD,NA,2,mineral,0-10,NA,NA,NA,NA,1,6.741,NA,0.224,NA,4.069,4.068653345,0,Corrected for rock volume by the principal investigator
2010,NA,NA,NA,DIRT,Harvard Forest DIRT_soil_C_1995_2000_2010_master.xls (provided by Kate Lajtha),lajtha,42.49,-72.2,19,TS,hardwood,exp,double_litter,1990,TS,DECD,NA,1,mineral,0-10,NA,NA,NA,NA,1,7.158,NA,0.168,NA,4.321,4.320778749,0,Corrected for rock volume by the principal investigator
2010,NA,NA,NA,DIRT,Harvard Forest DIRT_soil_C_1995_2000_2010_master.xls (provided by Kate Lajtha),lajtha,42.49,-72.2,19,TS,hardwood,exp,double_litter,1990,TS,DECD,NA,2,mineral,0-10,NA,NA,NA,NA,1,5.901,NA,0.218,NA,3.562,3.561807038,0,Corrected for rock volume by the principal investigator
2010,NA,NA,NA,DIRT,Harvard Forest DIRT_soil_C_1995_2000_2010_master.xls (provided by Kate Lajtha),lajtha,42.49,-72.2,4,TS,hardwood,exp,trenched_no_litter,1990,TS,DECD,NA,1,mineral,0-10,NA,NA,NA,NA,1,5.343,NA,0.041,NA,3.225,3.225237429,0,Corrected for rock volume by the principal investigator
2010,NA,NA,NA,DIRT,Harvard Forest DIRT_soil_C_1995_2000_2010_master.xls (provided by Kate Lajtha),lajtha,42.49,-72.2,4,TS,hardwood,exp,trenched_no_litter,1990,TS,DECD,NA,2,mineral,0-10,NA,NA,NA,NA,1,6.741,NA,0.204,NA,4.069,4.068713705,0,Corrected for rock volume by the principal investigator
2010,NA,NA,NA,DIRT,Harvard Forest DIRT_soil_C_1995_2000_2010_master.xls (provided by Kate Lajtha),lajtha,42.49,-72.2,16,TS,hardwood,exp,trenched_no_litter,1990,TS,DECD,NA,1,mineral,0-10,NA,NA,NA,NA,1,8.105,NA,0.257,NA,4.892,4.892029606,0,Corrected for rock volume by the principal investigator
2010,NA,NA,NA,DIRT,Harvard Forest DIRT_soil_C_1995_2000_2010_master.xls (provided by Kate Lajtha),lajtha,42.49,-72.2,16,TS,hardwood,exp,trenched_no_litter,1990,TS,DECD,NA,2,mineral,0-10,NA,NA,NA,NA,1,6.04,NA,0.171,NA,3.646,3.64582872,0,Corrected for rock volume by the principal investigator
2010,NA,NA,NA,DIRT,Harvard Forest DIRT_soil_C_1995_2000_2010_master.xls (provided by Kate Lajtha),lajtha,42.49,-72.2,17,TS,hardwood,exp,trenched_no_litter,1990,TS,DECD,NA,1,mineral,0-10,NA,NA,NA,NA,1,5.335,NA,0.193,NA,3.22,3.220106795,0,Corrected for rock volume by the principal investigator
2010,NA,NA,NA,DIRT,Harvard Forest DIRT_soil_C_1995_2000_2010_master.xls (provided by Kate Lajtha),lajtha,42.49,-72.2,17,TS,hardwood,exp,trenched_no_litter,1990,TS,DECD,NA,2,mineral,0-10,NA,NA,NA,NA,1,5.38,NA,0.208,NA,3.247,3.247148256,0,Corrected for rock volume by the principal investigator
2010,NA,NA,NA,DIRT,Harvard Forest DIRT_soil_C_1995_2000_2010_master.xls (provided by Kate Lajtha),lajtha,42.49,-72.2,2,TS,hardwood,exp,no_litter,1990,TS,DECD,NA,1,mineral,0-10,NA,NA,NA,NA,1,3.948,NA,0.132,NA,2.383,2.382847641,0,Corrected for rock volume by the principal investigator
2010,NA,NA,NA,DIRT,Harvard Forest DIRT_soil_C_1995_2000_2010_master.xls (provided by Kate Lajtha),lajtha,42.49,-72.2,2,TS,hardwood,exp,no_litter,1990,TS,DECD,NA,2,mineral,0-10,NA,NA,NA,NA,1,5.272,NA,0.175,NA,3.182,3.182260822,0,Corrected for rock volume by the principal investigator
2010,NA,NA,NA,DIRT,Harvard Forest DIRT_soil_C_1995_2000_2010_master.xls (provided by Kate Lajtha),lajtha,42.49,-72.2,9,TS,hardwood,exp,no_litter,1990,TS,DECD,NA,1,mineral,0-10,NA,NA,NA,NA,1,6.907,NA,0.117,NA,4.169,4.169274137,0,Corrected for rock volume by the principal investigator
2010,NA,NA,NA,DIRT,Harvard Forest DIRT_soil_C_1995_2000_2010_master.xls (provided by Kate Lajtha),lajtha,42.49,-72.2,9,TS,hardwood,exp,no_litter,1990,TS,DECD,NA,2,mineral,0-10,NA,NA,NA,NA,1,7.452,NA,0.237,NA,4.498,4.498238335,0,Corrected for rock volume by the principal investigator
2010,NA,NA,NA,DIRT,Harvard Forest DIRT_soil_C_1995_2000_2010_master.xls (provided by Kate Lajtha),lajtha,42.49,-72.2,10,TS,hardwood,exp,no_litter,1990,TS,DECD,NA,1,mineral,0-10,NA,NA,NA,NA,1,4.574,NA,0.013,NA,2.761,2.760824486,0,Corrected for rock volume by the principal investigator
2010,NA,NA,NA,DIRT,Harvard Forest DIRT_soil_C_1995_2000_2010_master.xls (provided by Kate Lajtha),lajtha,42.49,-72.2,10,TS,hardwood,exp,no_litter,1990,TS,DECD,NA,2,mineral,0-10,NA,NA,NA,NA,1,6.636,NA,0.308,NA,4.005,4.005335282,0,Corrected for rock volume by the principal investigator
2010,NA,NA,NA,DIRT,Harvard Forest DIRT_soil_C_1995_2000_2010_master.xls (provided by Kate Lajtha),lajtha,42.49,-72.2,8,TS,hardwood,exp,trenched,1990,TS,DECD,NA,1,mineral,0-10,NA,NA,NA,NA,1,7.145,NA,0.264,NA,4.313,4.312992257,0,Corrected for rock volume by the principal investigator
2010,NA,NA,NA,DIRT,Harvard Forest DIRT_soil_C_1995_2000_2010_master.xls (provided by Kate Lajtha),lajtha,42.49,-72.2,8,TS,hardwood,exp,trenched,1990,TS,DECD,NA,2,mineral,0-10,NA,NA,NA,NA,1,8.799,NA,0.357,NA,5.311,5.311292967,0,Corrected for rock volume by the principal investigator
2010,NA,NA,NA,DIRT,Harvard Forest DIRT_soil_C_1995_2000_2010_master.xls (provided by Kate Lajtha),lajtha,42.49,-72.2,11,TS,hardwood,exp,trenched,1990,TS,DECD,NA,1,mineral,0-10,NA,NA,NA,NA,1,7.411,NA,0.246,NA,4.473,4.47349057,0,Corrected for rock volume by the principal investigator
2010,NA,NA,NA,DIRT,Harvard Forest DIRT_soil_C_1995_2000_2010_master.xls (provided by Kate Lajtha),lajtha,42.49,-72.2,11,TS,hardwood,exp,trenched,1990,TS,DECD,NA,2,mineral,0-10,NA,NA,NA,NA,1,6.432,NA,0.202,NA,3.882,3.882200059,0,Corrected for rock volume by the principal investigator
2010,NA,NA,NA,DIRT,Harvard Forest DIRT_soil_C_1995_2000_2010_master.xls (provided by Kate Lajtha),lajtha,42.49,-72.2,13,TS,hardwood,exp,trenched,1990,TS,DECD,NA,1,mineral,0-10,NA,NA,NA,NA,1,5.735,NA,0.182,NA,3.462,3.461608769,0,Corrected for rock volume by the principal investigator
2010,NA,NA,NA,DIRT,Harvard Forest DIRT_soil_C_1995_2000_2010_master.xls (provided by Kate Lajtha),lajtha,42.49,-72.2,13,TS,hardwood,exp,trenched,1990,TS,DECD,NA,2,mineral,0-10,NA,NA,NA,NA,1,4.951,NA,0.144,NA,2.989,2.988624649,0,Corrected for rock volume by the principal investigator
2010,NA,NA,NA,DIRT,Harvard Forest DIRT_soil_C_1995_2000_2010_master.xls (provided by Kate Lajtha),lajtha,42.49,-72.2,5,TS,hardwood,exp,OAless,1990,TS,DECD,NA,1,mineral,0-10,NA,NA,NA,NA,1,3.619,NA,0.066,NA,2.977,2.97736232,0,Corrected for rock volume by the principal investigator
2010,NA,NA,NA,DIRT,Harvard Forest DIRT_soil_C_1995_2000_2010_master.xls (provided by Kate Lajtha),lajtha,42.49,-72.2,5,TS,hardwood,exp,OAless,1990,TS,DECD,NA,2,mineral,0-10,NA,NA,NA,NA,1,3.342,NA,0.089,NA,2.75,2.749726678,0,Corrected for rock volume by the principal investigator
2010,NA,NA,NA,DIRT,Harvard Forest DIRT_soil_C_1995_2000_2010_master.xls (provided by Kate Lajtha),lajtha,42.49,-72.2,7,TS,hardwood,exp,OAless,1990,TS,DECD,NA,1,mineral,0-10,NA,NA,NA,NA,1,2.053,NA,-0.012,NA,1.689,1.688798146,0,Corrected for rock volume by the principal investigator
2010,NA,NA,NA,DIRT,Harvard Forest DIRT_soil_C_1995_2000_2010_master.xls (provided by Kate Lajtha),lajtha,42.49,-72.2,7,TS,hardwood,exp,OAless,1990,TS,DECD,NA,2,mineral,0-10,NA,NA,NA,NA,1,2.533,NA,0.017,NA,2.084,2.084013768,0,Corrected for rock volume by the principal investigator
2010,NA,NA,NA,DIRT,Harvard Forest DIRT_soil_C_1995_2000_2010_master.xls (provided by Kate Lajtha),lajtha,42.49,-72.2,21,TS,hardwood,exp,OAless,1990,TS,DECD,NA,1,mineral,0-10,NA,NA,NA,NA,1,2.59,NA,-0.079,NA,2.131,2.130577474,0,Corrected for rock volume by the principal investigator
2010,NA,NA,NA,DIRT,Harvard Forest DIRT_soil_C_1995_2000_2010_master.xls (provided by Kate Lajtha),lajtha,42.49,-72.2,21,TS,hardwood,exp,OAless,1990,TS,DECD,NA,2,mineral,0-10,NA,NA,NA,NA,1,1.998,NA,-0.053,NA,1.644,1.643797533,0,Corrected for rock volume by the principal investigator
2010,NA,NA,NA,DIRT,Harvard Forest DIRT_soil_C_1995_2000_2010_master.xls (provided by Kate Lajtha),lajtha,42.49,-72.2,1,TS,hardwood,exp,control,1990,TS,DECD,NA,1,mineral,20-Oct,NA,NA,NA,NA,1,3.684,NA,0.091,NA,2.615,2.615216069,1,Corrected for rock volume by the principal investigator
2010,NA,NA,NA,DIRT,Harvard Forest DIRT_soil_C_1995_2000_2010_master.xls (provided by Kate Lajtha),lajtha,42.49,-72.2,1,TS,hardwood,exp,control,1990,TS,DECD,NA,2,mineral,20-Oct,NA,NA,NA,NA,1,3.861,NA,0.085,NA,2.741,2.740943515,1,Corrected for rock volume by the principal investigator
2010,NA,NA,NA,DIRT,Harvard Forest DIRT_soil_C_1995_2000_2010_master.xls (provided by Kate Lajtha),lajtha,42.49,-72.2,6,TS,hardwood,exp,control,1990,TS,DECD,NA,1,mineral,20-Oct,NA,NA,NA,NA,1,3.071,NA,0.024,NA,2.18,2.180103976,1,Corrected for rock volume by the principal investigator
2010,NA,NA,NA,DIRT,Harvard Forest DIRT_soil_C_1995_2000_2010_master.xls (provided by Kate Lajtha),lajtha,42.49,-72.2,6,TS,hardwood,exp,control,1990,TS,DECD,NA,2,mineral,20-Oct,NA,NA,NA,NA,1,4.567,NA,0.142,NA,3.242,3.242220475,1,Corrected for rock volume by the principal investigator
2010,NA,NA,NA,DIRT,Harvard Forest DIRT_soil_C_1995_2000_2010_master.xls (provided by Kate Lajtha),lajtha,42.49,-72.2,14,TS,hardwood,exp,control,1990,TS,DECD,NA,1,mineral,20-Oct,NA,NA,NA,NA,1,3.009,NA,0.005,NA,2.136,2.135875744,1,Corrected for rock volume by the principal investigator
2010,NA,NA,NA,DIRT,Harvard Forest DIRT_soil_C_1995_2000_2010_master.xls (provided by Kate Lajtha),lajtha,42.49,-72.2,14,TS,hardwood,exp,control,1990,TS,DECD,NA,2,mineral,20-Oct,NA,NA,NA,NA,1,2.845,NA,0.01,NA,2.02,2.019803257,1,Corrected for rock volume by the principal investigator
2010,NA,NA,NA,DIRT,Harvard Forest DIRT_soil_C_1995_2000_2010_master.xls (provided by Kate Lajtha),lajtha,42.49,-72.2,3,TS,hardwood,exp,double_litter,1990,TS,DECD,NA,1,mineral,20-Oct,NA,NA,NA,NA,1,4.392,NA,0.094,NA,3.118,3.117983868,0,Corrected for rock volume by the principal investigator
2010,NA,NA,NA,DIRT,Harvard Forest DIRT_soil_C_1995_2000_2010_master.xls (provided by Kate Lajtha),lajtha,42.49,-72.2,3,TS,hardwood,exp,double_litter,1990,TS,DECD,NA,2,mineral,20-Oct,NA,NA,NA,NA,1,3.895,NA,0.092,NA,2.765,2.76500992,0,Corrected for rock volume by the principal investigator
2010,NA,NA,NA,DIRT,Harvard Forest DIRT_soil_C_1995_2000_2010_master.xls (provided by Kate Lajtha),lajtha,42.49,-72.2,12,TS,hardwood,exp,double_litter,1990,TS,DECD,NA,1,mineral,20-Oct,NA,NA,NA,NA,1,3.279,NA,0.07,NA,2.328,2.327697065,0,Corrected for rock volume by the principal investigator
2010,NA,NA,NA,DIRT,Harvard Forest DIRT_soil_C_1995_2000_2010_master.xls (provided by Kate Lajtha),lajtha,42.49,-72.2,12,TS,hardwood,exp,double_litter,1990,TS,DECD,NA,2,mineral,20-Oct,NA,NA,NA,NA,1,3.574,NA,0.029,NA,2.537,2.53719548,0,Corrected for rock volume by the principal investigator
2010,NA,NA,NA,DIRT,Harvard Forest DIRT_soil_C_1995_2000_2010_master.xls (provided by Kate Lajtha),lajtha,42.49,-72.2,19,TS,hardwood,exp,double_litter,1990,TS,DECD,NA,1,mineral,20-Oct,NA,NA,NA,NA,1,3.476,NA,0.028,NA,2.467,2.467480995,0,Corrected for rock volume by the principal investigator
2010,NA,NA,NA,DIRT,Harvard Forest DIRT_soil_C_1995_2000_2010_master.xls (provided by Kate Lajtha),lajtha,42.49,-72.2,19,TS,hardwood,exp,double_litter,1990,TS,DECD,NA,2,mineral,20-Oct,NA,NA,NA,NA,1,2.791,NA,0.023,NA,1.981,1.981112428,0,Corrected for rock volume by the principal investigator
2010,NA,NA,NA,DIRT,Harvard Forest DIRT_soil_C_1995_2000_2010_master.xls (provided by Kate Lajtha),lajtha,42.49,-72.2,4,TS,hardwood,exp,trenched_no_litter,1990,TS,DECD,NA,1,mineral,20-Oct,NA,NA,NA,NA,1,3.102,NA,-0.003,NA,2.202,2.202182596,0,Corrected for rock volume by the principal investigator
2010,NA,NA,NA,DIRT,Harvard Forest DIRT_soil_C_1995_2000_2010_master.xls (provided by Kate Lajtha),lajtha,42.49,-72.2,4,TS,hardwood,exp,trenched_no_litter,1990,TS,DECD,NA,2,mineral,20-Oct,NA,NA,NA,NA,1,3.693,NA,0.021,NA,2.622,2.621747365,0,Corrected for rock volume by the principal investigator
2010,NA,NA,NA,DIRT,Harvard Forest DIRT_soil_C_1995_2000_2010_master.xls (provided by Kate Lajtha),lajtha,42.49,-72.2,16,TS,hardwood,exp,trenched_no_litter,1990,TS,DECD,NA,1,mineral,20-Oct,NA,NA,NA,NA,1,4.23,NA,0.056,NA,3.003,3.003189244,0,Corrected for rock volume by the principal investigator
2010,NA,NA,NA,DIRT,Harvard Forest DIRT_soil_C_1995_2000_2010_master.xls (provided by Kate Lajtha),lajtha,42.49,-72.2,16,TS,hardwood,exp,trenched_no_litter,1990,TS,DECD,NA,2,mineral,20-Oct,NA,NA,NA,NA,1,2.915,NA,0.016,NA,2.07,2.069639884,0,Corrected for rock volume by the principal investigator
2010,NA,NA,NA,DIRT,Harvard Forest DIRT_soil_C_1995_2000_2010_master.xls (provided by Kate Lajtha),lajtha,42.49,-72.2,17,TS,hardwood,exp,trenched_no_litter,1990,TS,DECD,NA,1,mineral,20-Oct,NA,NA,NA,NA,1,2.147,NA,-0.041,NA,1.524,1.524205684,0,Corrected for rock volume by the principal investigator
2010,NA,NA,NA,DIRT,Harvard Forest DIRT_soil_C_1995_2000_2010_master.xls (provided by Kate Lajtha),lajtha,42.49,-72.2,17,TS,hardwood,exp,trenched_no_litter,1990,TS,DECD,NA,2,mineral,20-Oct,NA,NA,NA,NA,1,3.69,NA,0.083,NA,2.62,2.619759579,0,Corrected for rock volume by the principal investigator
2010,NA,NA,NA,DIRT,Harvard Forest DIRT_soil_C_1995_2000_2010_master.xls (provided by Kate Lajtha),lajtha,42.49,-72.2,2,TS,hardwood,exp,no_litter,1990,TS,DECD,NA,1,mineral,20-Oct,NA,NA,NA,NA,1,2.445,NA,-0.022,NA,1.736,1.735904862,0,Corrected for rock volume by the principal investigator
2010,NA,NA,NA,DIRT,Harvard Forest DIRT_soil_C_1995_2000_2010_master.xls (provided by Kate Lajtha),lajtha,42.49,-72.2,2,TS,hardwood,exp,no_litter,1990,TS,DECD,NA,2,mineral,20-Oct,NA,NA,NA,NA,1,2.431,NA,-0.009,NA,1.726,1.725610972,0,Corrected for rock volume by the principal investigator
2010,NA,NA,NA,DIRT,Harvard Forest DIRT_soil_C_1995_2000_2010_master.xls (provided by Kate Lajtha),lajtha,42.49,-72.2,9,TS,hardwood,exp,no_litter,1990,TS,DECD,NA,1,mineral,20-Oct,NA,NA,NA,NA,1,4.615,NA,0.079,NA,3.277,3.276509779,0,Corrected for rock volume by the principal investigator
2010,NA,NA,NA,DIRT,Harvard Forest DIRT_soil_C_1995_2000_2010_master.xls (provided by Kate Lajtha),lajtha,42.49,-72.2,9,TS,hardwood,exp,no_litter,1990,TS,DECD,NA,2,mineral,20-Oct,NA,NA,NA,NA,1,3.504,NA,0.065,NA,2.488,2.487713814,0,Corrected for rock volume by the principal investigator
2010,NA,NA,NA,DIRT,Harvard Forest DIRT_soil_C_1995_2000_2010_master.xls (provided by Kate Lajtha),lajtha,42.49,-72.2,10,TS,hardwood,exp,no_litter,1990,TS,DECD,NA,1,mineral,20-Oct,NA,NA,NA,NA,1,3.264,NA,0.028,NA,2.317,2.31697722,0,Corrected for rock volume by the principal investigator
2010,NA,NA,NA,DIRT,Harvard Forest DIRT_soil_C_1995_2000_2010_master.xls (provided by Kate Lajtha),lajtha,42.49,-72.2,10,TS,hardwood,exp,no_litter,1990,TS,DECD,NA,2,mineral,20-Oct,NA,NA,NA,NA,1,3.63,NA,0.073,NA,2.577,2.576880202,0,Corrected for rock volume by the principal investigator
2010,NA,NA,NA,DIRT,Harvard Forest DIRT_soil_C_1995_2000_2010_master.xls (provided by Kate Lajtha),lajtha,42.49,-72.2,8,TS,hardwood,exp,trenched,1990,TS,DECD,NA,1,mineral,20-Oct,NA,NA,NA,NA,1,4.487,NA,0.05,NA,3.186,3.185710567,0,Corrected for rock volume by the principal investigator
2010,NA,NA,NA,DIRT,Harvard Forest DIRT_soil_C_1995_2000_2010_master.xls (provided by Kate Lajtha),lajtha,42.49,-72.2,8,TS,hardwood,exp,trenched,1990,TS,DECD,NA,2,mineral,20-Oct,NA,NA,NA,NA,1,3.688,NA,0.104,NA,2.618,2.618126755,0,Corrected for rock volume by the principal investigator
2010,NA,NA,NA,DIRT,Harvard Forest DIRT_soil_C_1995_2000_2010_master.xls (provided by Kate Lajtha),lajtha,42.49,-72.2,11,TS,hardwood,exp,trenched,1990,TS,DECD,NA,1,mineral,20-Oct,NA,NA,NA,NA,1,3.337,NA,0.05,NA,2.369,2.368801633,0,Corrected for rock volume by the principal investigator
2010,NA,NA,NA,DIRT,Harvard Forest DIRT_soil_C_1995_2000_2010_master.xls (provided by Kate Lajtha),lajtha,42.49,-72.2,11,TS,hardwood,exp,trenched,1990,TS,DECD,NA,2,mineral,20-Oct,NA,NA,NA,NA,1,4.625,NA,0.138,NA,3.283,3.283325044,0,Corrected for rock volume by the principal investigator
2010,NA,NA,NA,DIRT,Harvard Forest DIRT_soil_C_1995_2000_2010_master.xls (provided by Kate Lajtha),lajtha,42.49,-72.2,13,TS,hardwood,exp,trenched,1990,TS,DECD,NA,1,mineral,20-Oct,NA,NA,NA,NA,1,3.449,NA,0.048,NA,2.448,2.448171077,0,Corrected for rock volume by the principal investigator
2010,NA,NA,NA,DIRT,Harvard Forest DIRT_soil_C_1995_2000_2010_master.xls (provided by Kate Lajtha),lajtha,42.49,-72.2,13,TS,hardwood,exp,trenched,1990,TS,DECD,NA,2,mineral,20-Oct,NA,NA,NA,NA,1,1.938,NA,-0.027,NA,1.376,1.375760687,0,Corrected for rock volume by the principal investigator
2010,NA,NA,NA,DIRT,Harvard Forest DIRT_soil_C_1995_2000_2010_master.xls (provided by Kate Lajtha),lajtha,42.49,-72.2,5,TS,hardwood,exp,OAless,1990,TS,DECD,NA,1,mineral,20-Oct,NA,NA,NA,NA,1,1.521,NA,-0.055,NA,1.08,1.080077563,0,Corrected for rock volume by the principal investigator
2010,NA,NA,NA,DIRT,Harvard Forest DIRT_soil_C_1995_2000_2010_master.xls (provided by Kate Lajtha),lajtha,42.49,-72.2,5,TS,hardwood,exp,OAless,1990,TS,DECD,NA,2,mineral,20-Oct,NA,NA,NA,NA,1,1.659,NA,-0.08,NA,1.178,1.177976009,0,Corrected for rock volume by the principal investigator
2010,NA,NA,NA,DIRT,Harvard Forest DIRT_soil_C_1995_2000_2010_master.xls (provided by Kate Lajtha),lajtha,42.49,-72.2,7,TS,hardwood,exp,OAless,1990,TS,DECD,NA,1,mineral,20-Oct,NA,NA,NA,NA,1,1.487,NA,-0.078,NA,1.056,1.055727188,0,Corrected for rock volume by the principal investigator
2010,NA,NA,NA,DIRT,Harvard Forest DIRT_soil_C_1995_2000_2010_master.xls (provided by Kate Lajtha),lajtha,42.49,-72.2,7,TS,hardwood,exp,OAless,1990,TS,DECD,NA,2,mineral,20-Oct,NA,NA,NA,NA,1,1.67,NA,-0.05,NA,1.186,1.185785167,0,Corrected for rock volume by the principal investigator
2010,NA,NA,NA,DIRT,Harvard Forest DIRT_soil_C_1995_2000_2010_master.xls (provided by Kate Lajtha),lajtha,42.49,-72.2,21,TS,hardwood,exp,OAless,1990,TS,DECD,NA,1,mineral,20-Oct,NA,NA,NA,NA,1,1.449,NA,-0.076,NA,1.029,1.028892081,0,Corrected for rock volume by the principal investigator
2010,NA,NA,NA,DIRT,Harvard Forest DIRT_soil_C_1995_2000_2010_master.xls (provided by Kate Lajtha),lajtha,42.49,-72.2,21,TS,hardwood,exp,OAless,1990,TS,DECD,NA,2,mineral,20-Oct,NA,NA,NA,NA,1,1.466,NA,-0.079,NA,1.041,1.040889788,0,Corrected for rock volume by the principal investigator
2010,NA,NA,NA,DIRT,Harvard Forest DIRT_soil_C_1995_2000_2010_master.xls (provided by Kate Lajtha),lajtha,42.49,-72.2,1,TS,hardwood,exp,control,1990,TS,DECD,NA,1,mineral,20-30,NA,NA,NA,NA,1,2.378,NA,-0.012,NA,1.663,1.662714437,1,Corrected for rock volume by the principal investigator
2010,NA,NA,NA,DIRT,Harvard Forest DIRT_soil_C_1995_2000_2010_master.xls (provided by Kate Lajtha),lajtha,42.49,-72.2,1,TS,hardwood,exp,control,1990,TS,DECD,NA,2,mineral,20-30,NA,NA,NA,NA,1,3.058,NA,0.024,NA,2.138,2.137765717,1,Corrected for rock volume by the principal investigator
2010,NA,NA,NA,DIRT,Harvard Forest DIRT_soil_C_1995_2000_2010_master.xls (provided by Kate Lajtha),lajtha,42.49,-72.2,6,TS,hardwood,exp,control,1990,TS,DECD,NA,1,mineral,20-30,NA,NA,NA,NA,1,2.84,NA,0.063,NA,1.986,1.98570736,1,Corrected for rock volume by the principal investigator
2010,NA,NA,NA,DIRT,Harvard Forest DIRT_soil_C_1995_2000_2010_master.xls (provided by Kate Lajtha),lajtha,42.49,-72.2,14,TS,hardwood,exp,control,1990,TS,DECD,NA,1,mineral,20-30,NA,NA,NA,NA,1,2.395,NA,0.018,NA,1.674,1.674040163,1,Corrected for rock volume by the principal investigator
2010,NA,NA,NA,DIRT,Harvard Forest DIRT_soil_C_1995_2000_2010_master.xls (provided by Kate Lajtha),lajtha,42.49,-72.2,14,TS,hardwood,exp,control,1990,TS,DECD,NA,2,mineral,20-30,NA,NA,NA,NA,1,2.449,NA,-0.031,NA,1.712,1.712002318,1,Corrected for rock volume by the principal investigator
2010,NA,NA,NA,DIRT,Harvard Forest DIRT_soil_C_1995_2000_2010_master.xls (provided by Kate Lajtha),lajtha,42.49,-72.2,3,TS,hardwood,exp,double_litter,1990,TS,DECD,NA,1,mineral,20-30,NA,NA,NA,NA,1,3.19,NA,0.033,NA,2.23,2.229979498,0,Corrected for rock volume by the principal investigator
2010,NA,NA,NA,DIRT,Harvard Forest DIRT_soil_C_1995_2000_2010_master.xls (provided by Kate Lajtha),lajtha,42.49,-72.2,3,TS,hardwood,exp,double_litter,1990,TS,DECD,NA,2,mineral,20-30,NA,NA,NA,NA,1,2.603,NA,-0.023,NA,1.82,1.820016185,0,Corrected for rock volume by the principal investigator
2010,NA,NA,NA,DIRT,Harvard Forest DIRT_soil_C_1995_2000_2010_master.xls (provided by Kate Lajtha),lajtha,42.49,-72.2,12,TS,hardwood,exp,double_litter,1990,TS,DECD,NA,1,mineral,20-30,NA,NA,NA,NA,1,2.16,NA,-0.033,NA,1.51,1.510166697,0,Corrected for rock volume by the principal investigator
2010,NA,NA,NA,DIRT,Harvard Forest DIRT_soil_C_1995_2000_2010_master.xls (provided by Kate Lajtha),lajtha,42.49,-72.2,19,TS,hardwood,exp,double_litter,1990,TS,DECD,NA,1,mineral,20-30,NA,NA,NA,NA,1,1.653,NA,-0.084,NA,1.156,1.155713424,0,Corrected for rock volume by the principal investigator
2010,NA,NA,NA,DIRT,Harvard Forest DIRT_soil_C_1995_2000_2010_master.xls (provided by Kate Lajtha),lajtha,42.49,-72.2,19,TS,hardwood,exp,double_litter,1990,TS,DECD,NA,2,mineral,20-30,NA,NA,NA,NA,1,2.173,NA,-0.009,NA,1.519,1.519325154,0,Corrected for rock volume by the principal investigator
2010,NA,NA,NA,DIRT,Harvard Forest DIRT_soil_C_1995_2000_2010_master.xls (provided by Kate Lajtha),lajtha,42.49,-72.2,4,TS,hardwood,exp,trenched_no_litter,1990,TS,DECD,NA,1,mineral,20-30,NA,NA,NA,NA,1,2.172,NA,-0.035,NA,1.518,1.518346388,0,Corrected for rock volume by the principal investigator
2010,NA,NA,NA,DIRT,Harvard Forest DIRT_soil_C_1995_2000_2010_master.xls (provided by Kate Lajtha),lajtha,42.49,-72.2,4,TS,hardwood,exp,trenched_no_litter,1990,TS,DECD,NA,2,mineral,20-30,NA,NA,NA,NA,1,2.269,NA,-0.02,NA,1.586,1.586021095,0,Corrected for rock volume by the principal investigator
2010,NA,NA,NA,DIRT,Harvard Forest DIRT_soil_C_1995_2000_2010_master.xls (provided by Kate Lajtha),lajtha,42.49,-72.2,16,TS,hardwood,exp,trenched_no_litter,1990,TS,DECD,NA,1,mineral,20-30,NA,NA,NA,NA,1,2.71,NA,0.035,NA,1.895,1.894751994,0,Corrected for rock volume by the principal investigator
2010,NA,NA,NA,DIRT,Harvard Forest DIRT_soil_C_1995_2000_2010_master.xls (provided by Kate Lajtha),lajtha,42.49,-72.2,17,TS,hardwood,exp,trenched_no_litter,1990,TS,DECD,NA,1,mineral,20-30,NA,NA,NA,NA,1,1.467,NA,-0.065,NA,1.025,1.025467576,0,Corrected for rock volume by the principal investigator
2010,NA,NA,NA,DIRT,Harvard Forest DIRT_soil_C_1995_2000_2010_master.xls (provided by Kate Lajtha),lajtha,42.49,-72.2,17,TS,hardwood,exp,trenched_no_litter,1990,TS,DECD,NA,2,mineral,20-30,NA,NA,NA,NA,1,2.174,NA,0.004,NA,1.52,1.520094185,0,Corrected for rock volume by the principal investigator
2010,NA,NA,NA,DIRT,Harvard Forest DIRT_soil_C_1995_2000_2010_master.xls (provided by Kate Lajtha),lajtha,42.49,-72.2,2,TS,hardwood,exp,no_litter,1990,TS,DECD,NA,1,mineral,20-30,NA,NA,NA,NA,1,1.735,NA,-0.064,NA,1.213,1.212761524,0,Corrected for rock volume by the principal investigator
2010,NA,NA,NA,DIRT,Harvard Forest DIRT_soil_C_1995_2000_2010_master.xls (provided by Kate Lajtha),lajtha,42.49,-72.2,2,TS,hardwood,exp,no_litter,1990,TS,DECD,NA,2,mineral,20-30,NA,NA,NA,NA,1,1.942,NA,-0.054,NA,1.358,1.357688869,0,Corrected for rock volume by the principal investigator
2010,NA,NA,NA,DIRT,Harvard Forest DIRT_soil_C_1995_2000_2010_master.xls (provided by Kate Lajtha),lajtha,42.49,-72.2,9,TS,hardwood,exp,no_litter,1990,TS,DECD,NA,2,mineral,20-30,NA,NA,NA,NA,1,2.227,NA,-0.029,NA,1.557,1.557147486,0,Corrected for rock volume by the principal investigator
2010,NA,NA,NA,DIRT,Harvard Forest DIRT_soil_C_1995_2000_2010_master.xls (provided by Kate Lajtha),lajtha,42.49,-72.2,10,TS,hardwood,exp,no_litter,1990,TS,DECD,NA,1,mineral,20-30,NA,NA,NA,NA,1,2.086,NA,-0.045,NA,1.459,1.458501811,0,Corrected for rock volume by the principal investigator
2010,NA,NA,NA,DIRT,Harvard Forest DIRT_soil_C_1995_2000_2010_master.xls (provided by Kate Lajtha),lajtha,42.49,-72.2,10,TS,hardwood,exp,no_litter,1990,TS,DECD,NA,2,mineral,20-30,NA,NA,NA,NA,1,2.188,NA,-0.012,NA,1.53,1.52953229,0,Corrected for rock volume by the principal investigator
2010,NA,NA,NA,DIRT,Harvard Forest DIRT_soil_C_1995_2000_2010_master.xls (provided by Kate Lajtha),lajtha,42.49,-72.2,8,TS,hardwood,exp,trenched,1990,TS,DECD,NA,1,mineral,20-30,NA,NA,NA,NA,1,1.721,NA,-0.038,NA,1.203,1.203463243,0,Corrected for rock volume by the principal investigator
2010,NA,NA,NA,DIRT,Harvard Forest DIRT_soil_C_1995_2000_2010_master.xls (provided by Kate Lajtha),lajtha,42.49,-72.2,8,TS,hardwood,exp,trenched,1990,TS,DECD,NA,2,mineral,20-30,NA,NA,NA,NA,1,2.44,NA,0.023,NA,1.706,1.706129719,0,Corrected for rock volume by the principal investigator
2010,NA,NA,NA,DIRT,Harvard Forest DIRT_soil_C_1995_2000_2010_master.xls (provided by Kate Lajtha),lajtha,42.49,-72.2,11,TS,hardwood,exp,trenched,1990,TS,DECD,NA,1,mineral,20-30,NA,NA,NA,NA,1,2.58,NA,-0.003,NA,1.804,1.803936451,0,Corrected for rock volume by the principal investigator
2010,NA,NA,NA,DIRT,Harvard Forest DIRT_soil_C_1995_2000_2010_master.xls (provided by Kate Lajtha),lajtha,42.49,-72.2,11,TS,hardwood,exp,trenched,1990,TS,DECD,NA,2,mineral,20-30,NA,NA,NA,NA,1,4.487,NA,0.036,NA,3.137,3.136876511,0,Corrected for rock volume by the principal investigator
2010,NA,NA,NA,DIRT,Harvard Forest DIRT_soil_C_1995_2000_2010_master.xls (provided by Kate Lajtha),lajtha,42.49,-72.2,13,TS,hardwood,exp,trenched,1990,TS,DECD,NA,1,mineral,20-30,NA,NA,NA,NA,1,1.781,NA,-0.06,NA,1.245,1.245200641,0,Corrected for rock volume by the principal investigator
2010,NA,NA,NA,DIRT,Harvard Forest DIRT_soil_C_1995_2000_2010_master.xls (provided by Kate Lajtha),lajtha,42.49,-72.2,13,TS,hardwood,exp,trenched,1990,TS,DECD,NA,2,mineral,20-30,NA,NA,NA,NA,1,1.477,NA,-0.041,NA,1.033,1.032528677,0,Corrected for rock volume by the principal investigator
2010,NA,NA,NA,DIRT,Harvard Forest DIRT_soil_C_1995_2000_2010_master.xls (provided by Kate Lajtha),lajtha,42.49,-72.2,5,TS,hardwood,exp,OAless,1990,TS,DECD,NA,1,mineral,20-30,NA,NA,NA,NA,1,1.603,NA,-0.06,NA,1.121,1.120547744,0,Corrected for rock volume by the principal investigator
2010,NA,NA,NA,DIRT,Harvard Forest DIRT_soil_C_1995_2000_2010_master.xls (provided by Kate Lajtha),lajtha,42.49,-72.2,5,TS,hardwood,exp,OAless,1990,TS,DECD,NA,2,mineral,20-30,NA,NA,NA,NA,1,1.968,NA,-0.037,NA,1.376,1.375935871,0,Corrected for rock volume by the principal investigator
2010,NA,NA,NA,DIRT,Harvard Forest DIRT_soil_C_1995_2000_2010_master.xls (provided by Kate Lajtha),lajtha,42.49,-72.2,7,TS,hardwood,exp,OAless,1990,TS,DECD,NA,1,mineral,20-30,NA,NA,NA,NA,1,2.375,NA,0.016,NA,1.661,1.660686992,0,Corrected for rock volume by the principal investigator
2010,NA,NA,NA,DIRT,Harvard Forest DIRT_soil_C_1995_2000_2010_master.xls (provided by Kate Lajtha),lajtha,42.49,-72.2,7,TS,hardwood,exp,OAless,1990,TS,DECD,NA,2,mineral,20-30,NA,NA,NA,NA,1,1.486,NA,-0.078,NA,1.039,1.038750835,0,Corrected for rock volume by the principal investigator
2010,NA,NA,NA,DIRT,Harvard Forest DIRT_soil_C_1995_2000_2010_master.xls (provided by Kate Lajtha),lajtha,42.49,-72.2,21,TS,hardwood,exp,OAless,1990,TS,DECD,NA,1,mineral,20-30,NA,NA,NA,NA,1,1.233,NA,-0.112,NA,0.862,0.861733934,0,Corrected for rock volume by the principal investigator
2010,NA,NA,NA,DIRT,Harvard Forest DIRT_soil_C_1995_2000_2010_master.xls (provided by Kate Lajtha),lajtha,42.49,-72.2,21,TS,hardwood,exp,OAless,1990,TS,DECD,NA,2,mineral,20-30,NA,NA,NA,NA,1,1.3,NA,-0.108,NA,0.909,0.908644811,0,Corrected for rock volume by the principal investigator
2010,NA,NA,NA,DIRT,Harvard Forest DIRT_soil_C_1995_2000_2010_master.xls (provided by Kate Lajtha),lajtha,42.49,-72.2,1,TS,hardwood,exp,control,1990,TS,DECD,NA,1,mineral,30-50,NA,NA,NA,NA,1,1.885,NA,-0.047,NA,1.149,1.149254589,1,Corrected for rock volume by the principal investigator
2010,NA,NA,NA,DIRT,Harvard Forest DIRT_soil_C_1995_2000_2010_master.xls (provided by Kate Lajtha),lajtha,42.49,-72.2,14,TS,hardwood,exp,control,1990,TS,DECD,NA,1,mineral,30-50,NA,NA,NA,NA,1,2.052,NA,-0.059,NA,1.251,1.251265568,1,Corrected for rock volume by the principal investigator
2010,NA,NA,NA,DIRT,Harvard Forest DIRT_soil_C_1995_2000_2010_master.xls (provided by Kate Lajtha),lajtha,42.49,-72.2,3,TS,hardwood,exp,double_litter,1990,TS,DECD,NA,1,mineral,30-50,NA,NA,NA,NA,1,1.91,NA,-0.029,NA,1.164,1.164315385,0,Corrected for rock volume by the principal investigator
2010,NA,NA,NA,DIRT,Harvard Forest DIRT_soil_C_1995_2000_2010_master.xls (provided by Kate Lajtha),lajtha,42.49,-72.2,12,TS,hardwood,exp,double_litter,1990,TS,DECD,NA,1,mineral,30-50,NA,NA,NA,NA,1,1.627,NA,-0.075,NA,0.992,0.992183292,0,Corrected for rock volume by the principal investigator
2010,NA,NA,NA,DIRT,Harvard Forest DIRT_soil_C_1995_2000_2010_master.xls (provided by Kate Lajtha),lajtha,42.49,-72.2,4,TS,hardwood,exp,trenched_no_litter,1990,TS,DECD,NA,1,mineral,30-50,NA,NA,NA,NA,1,1.317,NA,-0.09,NA,0.803,0.803283105,0,Corrected for rock volume by the principal investigator
2010,NA,NA,NA,DIRT,Harvard Forest DIRT_soil_C_1995_2000_2010_master.xls (provided by Kate Lajtha),lajtha,42.49,-72.2,16,TS,hardwood,exp,trenched_no_litter,1990,TS,DECD,NA,1,mineral,30-50,NA,NA,NA,NA,1,2.068,NA,-0.047,NA,1.261,1.261082524,0,Corrected for rock volume by the principal investigator
2010,NA,NA,NA,DIRT,Harvard Forest DIRT_soil_C_1995_2000_2010_master.xls (provided by Kate Lajtha),lajtha,42.49,-72.2,17,TS,hardwood,exp,trenched_no_litter,1990,TS,DECD,NA,1,mineral,30-50,NA,NA,NA,NA,1,1.008,NA,-0.112,NA,0.615,0.614687793,0,Corrected for rock volume by the principal investigator
2010,NA,NA,NA,DIRT,Harvard Forest DIRT_soil_C_1995_2000_2010_master.xls (provided by Kate Lajtha),lajtha,42.49,-72.2,2,TS,hardwood,exp,no_litter,1990,TS,DECD,NA,1,mineral,30-50,NA,NA,NA,NA,1,1.339,NA,-0.08,NA,0.816,0.81620978,0,Corrected for rock volume by the principal investigator
2010,NA,NA,NA,DIRT,Harvard Forest DIRT_soil_C_1995_2000_2010_master.xls (provided by Kate Lajtha),lajtha,42.49,-72.2,10,TS,hardwood,exp,no_litter,1990,TS,DECD,NA,1,mineral,30-50,NA,NA,NA,NA,1,1.395,NA,-0.076,NA,0.85,0.850416689,0,Corrected for rock volume by the principal investigator
2010,NA,NA,NA,DIRT,Harvard Forest DIRT_soil_C_1995_2000_2010_master.xls (provided by Kate Lajtha),lajtha,42.49,-72.2,8,TS,hardwood,exp,trenched,1990,TS,DECD,NA,1,mineral,30-50,NA,NA,NA,NA,1,1.252,NA,-0.054,NA,0.763,0.763466506,0,Corrected for rock volume by the principal investigator
2010,NA,NA,NA,DIRT,Harvard Forest DIRT_soil_C_1995_2000_2010_master.xls (provided by Kate Lajtha),lajtha,42.49,-72.2,11,TS,hardwood,exp,trenched,1990,TS,DECD,NA,1,mineral,30-50,NA,NA,NA,NA,1,1.733,NA,-0.034,NA,1.056,1.056450818,0,Corrected for rock volume by the principal investigator
2010,NA,NA,NA,DIRT,Harvard Forest DIRT_soil_C_1995_2000_2010_master.xls (provided by Kate Lajtha),lajtha,42.49,-72.2,5,TS,hardwood,exp,OAless,1990,TS,DECD,NA,1,mineral,30-50,NA,NA,NA,NA,1,1.508,NA,-0.065,NA,0.92,0.919684156,0,Corrected for rock volume by the principal investigator
2010,NA,NA,NA,DIRT,Harvard Forest DIRT_soil_C_1995_2000_2010_master.xls (provided by Kate Lajtha),lajtha,42.49,-72.2,7,TS,hardwood,exp,OAless,1990,TS,DECD,NA,1,mineral,30-50,NA,NA,NA,NA,1,1.429,NA,-0.085,NA,0.871,0.8710262,0,Corrected for rock volume by the principal investigator
2010,NA,NA,NA,DIRT,Harvard Forest DIRT_soil_C_1995_2000_2010_master.xls (provided by Kate Lajtha),lajtha,42.49,-72.2,21,TS,hardwood,exp,OAless,1990,TS,DECD,NA,1,mineral,30-50,NA,NA,NA,NA,1,1.434,NA,-0.072,NA,0.87,0.869917823,0,Corrected for rock volume by the principal investigator
2004,NA,NA,NA,hemlock removal,hf054-05,orwig,42.48,-72.21,1,Simes,conifer,exp,girdled,2005,Simes,TSCA,NA,1,organic,5.4,2.859,0.053,0,NA,1,35.7,NA,1.16,NA,1.021,1.020682784,0,To calculate kgCm2 we used the average organic horizon depth measured by Ellison on the same plots (hf106-02) and sample mass and moisture content measured for the Nmin samples (hf054-03). Possible problem: soil mass seems low.
2004,NA,NA,NA,hemlock removal,hf054-05,orwig,42.48,-72.21,1,Simes,conifer,exp,girdled,2005,Simes,TSCA,NA,2,organic,5.4,NA,NA,0,NA,1,39.47,NA,1.1,NA,NA,NA,0,To calculate kgCm2 we used the average organic horizon depth measured by Ellison on the same plots (hf106-02) and sample mass and moisture content measured for the Nmin samples (hf054-03). Possible problem: soil mass seems low.
2004,NA,NA,NA,hemlock removal,hf054-05,orwig,42.48,-72.21,1,Simes,conifer,exp,girdled,2005,Simes,TSCA,NA,3,organic,5.4,3.95,0.073,0,NA,1,27.82,NA,0.73,NA,1.099,1.098931263,0,To calculate kgCm2 we used the average organic horizon depth measured by Ellison on the same plots (hf106-02) and sample mass and moisture content measured for the Nmin samples (hf054-03). Possible problem: soil mass seems low.
2004,NA,NA,NA,hemlock removal,hf054-05,orwig,42.48,-72.21,1,Simes,conifer,exp,girdled,2005,Simes,TSCA,NA,4,organic,5.4,3.954,0.073,0,NA,1,26.65,NA,0.96,NA,1.054,1.05367767,0,To calculate kgCm2 we used the average organic horizon depth measured by Ellison on the same plots (hf106-02) and sample mass and moisture content measured for the Nmin samples (hf054-03). Possible problem: soil mass seems low.
2004,NA,NA,NA,hemlock removal,hf054-05,orwig,42.48,-72.21,2,Simes,conifer,exp,logged,2005,Simes,TSCA,NA,5,organic,6.8,3.273,0.048,0,NA,1,40.42,NA,1.33,NA,1.323,1.322800612,0,To calculate kgCm2 we used the average organic horizon depth measured by Ellison on the same plots (hf106-02) and sample mass and moisture content measured for the Nmin samples (hf054-03). Possible problem: soil mass seems low.
2004,NA,NA,NA,hemlock removal,hf054-05,orwig,42.48,-72.21,2,Simes,conifer,exp,logged,2005,Simes,TSCA,NA,6,organic,6.8,4.008,0.059,0,NA,1,49,NA,1.38,NA,1.964,1.963951006,0,To calculate kgCm2 we used the average organic horizon depth measured by Ellison on the same plots (hf106-02) and sample mass and moisture content measured for the Nmin samples (hf054-03). Possible problem: soil mass seems low.
2004,NA,NA,NA,hemlock removal,hf054-05,orwig,42.48,-72.21,2,Simes,conifer,exp,logged,2005,Simes,TSCA,NA,7,organic,6.8,3.385,0.05,0,NA,1,43,NA,1.33,NA,1.456,1.455585363,0,To calculate kgCm2 we used the average organic horizon depth measured by Ellison on the same plots (hf106-02) and sample mass and moisture content measured for the Nmin samples (hf054-03). Possible problem: soil mass seems low.
2004,NA,NA,NA,hemlock removal,hf054-05,orwig,42.48,-72.21,2,Simes,conifer,exp,logged,2005,Simes,TSCA,NA,8,organic,6.8,4.936,0.073,0,NA,1,25.34,NA,0.77,NA,1.251,1.250656101,0,To calculate kgCm2 we used the average organic horizon depth measured by Ellison on the same plots (hf106-02) and sample mass and moisture content measured for the Nmin samples (hf054-03). Possible problem: soil mass seems low.
2004,NA,NA,NA,hemlock removal,hf054-05,orwig,42.48,-72.21,3,Simes,conifer,exp,control,NA,Simes,TSCA,NA,9,organic,3.8,3.924,0.103,0,NA,1,19.13,NA,0.81,NA,0.751,0.750692161,1,To calculate kgCm2 we used the average organic horizon depth measured by Ellison on the same plots (hf106-02) and sample mass and moisture content measured for the Nmin samples (hf054-03). Possible problem: soil mass seems low.
2004,NA,NA,NA,hemlock removal,hf054-05,orwig,42.48,-72.21,3,Simes,conifer,exp,control,NA,Simes,TSCA,NA,10,organic,3.8,3.095,0.081,0,NA,1,34.25,NA,1.29,NA,1.06,1.060016915,1,To calculate kgCm2 we used the average organic horizon depth measured by Ellison on the same plots (hf106-02) and sample mass and moisture content measured for the Nmin samples (hf054-03). Possible problem: soil mass seems low.
2004,NA,NA,NA,hemlock removal,hf054-05,orwig,42.48,-72.21,3,Simes,conifer,exp,control,NA,Simes,TSCA,NA,11,organic,3.8,3.508,0.092,0,NA,1,27.14,NA,0.9,NA,0.952,0.952161705,1,To calculate kgCm2 we used the average organic horizon depth measured by Ellison on the same plots (hf106-02) and sample mass and moisture content measured for the Nmin samples (hf054-03). Possible problem: soil mass seems low.
2004,NA,NA,NA,hemlock removal,hf054-05,orwig,42.48,-72.21,3,Simes,conifer,exp,control,NA,Simes,TSCA,NA,12,organic,3.8,2.772,0.073,0,NA,1,32.11,NA,1.18,NA,0.89,0.889967331,1,To calculate kgCm2 we used the average organic horizon depth measured by Ellison on the same plots (hf106-02) and sample mass and moisture content measured for the Nmin samples (hf054-03). Possible problem: soil mass seems low.
2004,NA,NA,NA,hemlock removal,hf054-05,orwig,42.48,-72.21,4,Simes,conifer,exp,logged,2005,Simes,TSCA,NA,13,organic,7.3,9.63,0.132,0,NA,1,35.93,NA,1.28,NA,3.46,3.460233146,0,To calculate kgCm2 we used the average organic horizon depth measured by Ellison on the same plots (hf106-02) and sample mass and moisture content measured for the Nmin samples (hf054-03). Possible problem: soil mass seems low.
2004,NA,NA,NA,hemlock removal,hf054-05,orwig,42.48,-72.21,4,Simes,conifer,exp,logged,2005,Simes,TSCA,NA,14,organic,7.3,7.907,0.108,0,NA,1,45.33,NA,1.32,NA,3.584,3.584321923,0,To calculate kgCm2 we used the average organic horizon depth measured by Ellison on the same plots (hf106-02) and sample mass and moisture content measured for the Nmin samples (hf054-03). Possible problem: soil mass seems low.
2004,NA,NA,NA,hemlock removal,hf054-05,orwig,42.48,-72.21,4,Simes,conifer,exp,logged,2005,Simes,TSCA,NA,15,organic,7.3,7.72,0.106,0,NA,1,44.39,NA,1.44,NA,3.427,3.426737842,0,To calculate kgCm2 we used the average organic horizon depth measured by Ellison on the same plots (hf106-02) and sample mass and moisture content measured for the Nmin samples (hf054-03). Possible problem: soil mass seems low.
2004,NA,NA,NA,hemlock removal,hf054-05,orwig,42.48,-72.21,4,Simes,conifer,exp,logged,2005,Simes,TSCA,NA,16,organic,7.3,10.651,0.146,0,NA,1,27.75,NA,0.87,NA,2.956,2.955670791,0,To calculate kgCm2 we used the average organic horizon depth measured by Ellison on the same plots (hf106-02) and sample mass and moisture content measured for the Nmin samples (hf054-03). Possible problem: soil mass seems low.
2004,NA,NA,NA,hemlock removal,hf054-05,orwig,42.48,-72.21,5,Simes,conifer,exp,girdled,2005,Simes,TSCA,NA,17,organic,6.9,4.891,0.071,0,NA,1,43.16,NA,1.29,NA,2.111,2.110983676,0,To calculate kgCm2 we used the average organic horizon depth measured by Ellison on the same plots (hf106-02) and sample mass and moisture content measured for the Nmin samples (hf054-03). Possible problem: soil mass seems low.
2004,NA,NA,NA,hemlock removal,hf054-05,orwig,42.48,-72.21,5,Simes,conifer,exp,girdled,2005,Simes,TSCA,NA,18,organic,6.9,5.584,0.081,0,NA,1,46.6,NA,1.44,NA,2.602,2.601950089,0,To calculate kgCm2 we used the average organic horizon depth measured by Ellison on the same plots (hf106-02) and sample mass and moisture content measured for the Nmin samples (hf054-03). Possible problem: soil mass seems low.
2004,NA,NA,NA,hemlock removal,hf054-05,orwig,42.48,-72.21,5,Simes,conifer,exp,girdled,2005,Simes,TSCA,NA,19,organic,6.9,5.291,0.077,0,NA,1,47.11,NA,1.45,NA,2.493,2.492694832,0,To calculate kgCm2 we used the average organic horizon depth measured by Ellison on the same plots (hf106-02) and sample mass and moisture content measured for the Nmin samples (hf054-03). Possible problem: soil mass seems low.
2004,NA,NA,NA,hemlock removal,hf054-05,orwig,42.48,-72.21,5,Simes,conifer,exp,girdled,2005,Simes,TSCA,NA,20,organic,6.9,3.535,0.051,0,NA,1,49.46,NA,1.51,NA,1.748,1.748234064,0,To calculate kgCm2 we used the average organic horizon depth measured by Ellison on the same plots (hf106-02) and sample mass and moisture content measured for the Nmin samples (hf054-03). Possible problem: soil mass seems low.
2004,NA,NA,NA,hemlock removal,hf054-05,orwig,42.48,-72.21,6,Simes,conifer,exp,logged,2005,Simes,TSCA,NA,21,organic,7.8,2.952,0.038,0,NA,1,46.56,NA,1.49,NA,1.374,1.374297054,0,To calculate kgCm2 we used the average organic horizon depth measured by Ellison on the same plots (hf106-02) and sample mass and moisture content measured for the Nmin samples (hf054-03). Possible problem: soil mass seems low.
2004,NA,NA,NA,hemlock removal,hf054-05,orwig,42.48,-72.21,6,Simes,conifer,exp,logged,2005,Simes,TSCA,NA,22,organic,7.8,3.069,0.039,0,NA,1,37.9,NA,1.45,NA,1.163,1.163248262,0,To calculate kgCm2 we used the average organic horizon depth measured by Ellison on the same plots (hf106-02) and sample mass and moisture content measured for the Nmin samples (hf054-03). Possible problem: soil mass seems low.
2004,NA,NA,NA,hemlock removal,hf054-05,orwig,42.48,-72.21,6,Simes,conifer,exp,logged,2005,Simes,TSCA,NA,23,organic,7.8,3.627,0.047,0,NA,1,37.09,NA,1.11,NA,1.345,1.345321676,0,To calculate kgCm2 we used the average organic horizon depth measured by Ellison on the same plots (hf106-02) and sample mass and moisture content measured for the Nmin samples (hf054-03). Possible problem: soil mass seems low.
2004,NA,NA,NA,hemlock removal,hf054-05,orwig,42.48,-72.21,6,Simes,conifer,exp,logged,2005,Simes,TSCA,NA,24,organic,7.8,3.139,0.04,0,NA,1,33.05,NA,1.37,NA,1.037,1.037347957,0,To calculate kgCm2 we used the average organic horizon depth measured by Ellison on the same plots (hf106-02) and sample mass and moisture content measured for the Nmin samples (hf054-03). Possible problem: soil mass seems low.
2004,NA,NA,NA,hemlock removal,hf054-05,orwig,42.48,-72.21,7,Simes,hardwood,exp,hardwood_control,NA,Simes,DECD,NA,25,organic,3.9,4.276,0.11,0,NA,1,30.66,NA,1.02,NA,1.311,1.310943831,1,To calculate kgCm2 we used the average organic horizon depth measured by Ellison on the same plots (hf106-02) and sample mass and moisture content measured for the Nmin samples (hf054-03). Possible problem: soil mass seems low.
2004,NA,NA,NA,hemlock removal,hf054-05,orwig,42.48,-72.21,7,Simes,hardwood,exp,hardwood_control,NA,Simes,DECD,NA,26,organic,3.9,3.974,0.102,0,NA,1,NA,NA,NA,NA,NA,NA,1,To calculate kgCm2 we used the average organic horizon depth measured by Ellison on the same plots (hf106-02) and sample mass and moisture content measured for the Nmin samples (hf054-03). Possible problem: soil mass seems low.
2004,NA,NA,NA,hemlock removal,hf054-05,orwig,42.48,-72.21,7,Simes,hardwood,exp,hardwood_control,NA,Simes,DECD,NA,27,organic,3.9,4.322,0.111,0,NA,1,20.61,NA,0.79,NA,0.891,0.89081985,1,To calculate kgCm2 we used the average organic horizon depth measured by Ellison on the same plots (hf106-02) and sample mass and moisture content measured for the Nmin samples (hf054-03). Possible problem: soil mass seems low.
2004,NA,NA,NA,hemlock removal,hf054-05,orwig,42.48,-72.21,7,Simes,hardwood,exp,hardwood_control,NA,Simes,DECD,NA,28,organic,3.9,3.433,0.088,0,NA,1,24.67,NA,0.9,NA,0.847,0.846899895,1,To calculate kgCm2 we used the average organic horizon depth measured by Ellison on the same plots (hf106-02) and sample mass and moisture content measured for the Nmin samples (hf054-03). Possible problem: soil mass seems low.
2004,NA,NA,NA,hemlock removal,hf054-05,orwig,42.48,-72.21,8,Simes,hardwood,exp,hardwood_control,NA,Simes,DECD,NA,29,organic,3,4.211,0.14,0,NA,1,26.75,NA,1.1,NA,1.126,1.126469784,1,To calculate kgCm2 we used the average organic horizon depth measured by Ellison on the same plots (hf106-02) and sample mass and moisture content measured for the Nmin samples (hf054-03). Possible problem: soil mass seems low.
2004,NA,NA,NA,hemlock removal,hf054-05,orwig,42.48,-72.21,8,Simes,hardwood,exp,hardwood_control,NA,Simes,DECD,NA,30,organic,3,3.009,0.1,0,NA,1,37.67,NA,1.39,NA,1.133,1.133314302,1,To calculate kgCm2 we used the average organic horizon depth measured by Ellison on the same plots (hf106-02) and sample mass and moisture content measured for the Nmin samples (hf054-03). Possible problem: soil mass seems low.
2004,NA,NA,NA,hemlock removal,hf054-05,orwig,42.48,-72.21,8,Simes,hardwood,exp,hardwood_control,NA,Simes,DECD,NA,31,organic,3,4.504,0.15,0,NA,1,30.99,NA,1.18,NA,1.396,1.395719434,1,To calculate kgCm2 we used the average organic horizon depth measured by Ellison on the same plots (hf106-02) and sample mass and moisture content measured for the Nmin samples (hf054-03). Possible problem: soil mass seems low.
2004,NA,NA,NA,hemlock removal,hf054-05,orwig,42.48,-72.21,8,Simes,hardwood,exp,hardwood_control,NA,Simes,DECD,NA,32,organic,3,3.788,0.126,0,NA,1,32.41,NA,1.25,NA,1.228,1.227647619,1,To calculate kgCm2 we used the average organic horizon depth measured by Ellison on the same plots (hf106-02) and sample mass and moisture content measured for the Nmin samples (hf054-03). Possible problem: soil mass seems low.
2004,NA,NA,NA,hemlock removal,hf054-05,orwig,42.48,-72.21,1,Simes,conifer,exp,girdled,2005,Simes,TSCA,NA,1,mineral,19.6,67.072,0.342,14.69714286,NA,1,3.76,NA,0.12,NA,2.522,2.151268964,0,To calculate kgCm2 we used the average organic horizon depth measured by Ellison on the same plots (hf106-02) and sample mass and moisture content measured for the Nmin samples (hf054-03). Possible problem: soil mass seems low.
2004,NA,NA,NA,hemlock removal,hf054-05,orwig,42.48,-72.21,1,Simes,conifer,exp,girdled,2005,Simes,TSCA,NA,2,mineral,19.6,55.049,0.281,14.69714286,NA,1,6.25,NA,0.24,NA,3.441,2.934900718,0,To calculate kgCm2 we used the average organic horizon depth measured by Ellison on the same plots (hf106-02) and sample mass and moisture content measured for the Nmin samples (hf054-03). Possible problem: soil mass seems low.
2004,NA,NA,NA,hemlock removal,hf054-05,orwig,42.48,-72.21,1,Simes,conifer,exp,girdled,2005,Simes,TSCA,NA,3,mineral,19.6,60.629,0.309,14.69714286,NA,1,4.14,NA,0.14,NA,2.51,2.141133064,0,To calculate kgCm2 we used the average organic horizon depth measured by Ellison on the same plots (hf106-02) and sample mass and moisture content measured for the Nmin samples (hf054-03). Possible problem: soil mass seems low.
2004,NA,NA,NA,hemlock removal,hf054-05,orwig,42.48,-72.21,1,Simes,conifer,exp,girdled,2005,Simes,TSCA,NA,4,mineral,19.6,58.419,0.298,14.69714286,NA,1,5.25,NA,0.2,NA,3.067,2.616254354,0,To calculate kgCm2 we used the average organic horizon depth measured by Ellison on the same plots (hf106-02) and sample mass and moisture content measured for the Nmin samples (hf054-03). Possible problem: soil mass seems low.
2004,NA,NA,NA,hemlock removal,hf054-05,orwig,42.48,-72.21,2,Simes,conifer,exp,logged,2005,Simes,TSCA,NA,5,mineral,18.2,53.397,0.293,14.18615385,NA,1,7.11,NA,0.24,NA,3.797,3.257943527,0,To calculate kgCm2 we used the average organic horizon depth measured by Ellison on the same plots (hf106-02) and sample mass and moisture content measured for the Nmin samples (hf054-03). Possible problem: soil mass seems low.
2004,NA,NA,NA,hemlock removal,hf054-05,orwig,42.48,-72.21,2,Simes,conifer,exp,logged,2005,Simes,TSCA,NA,6,mineral,18.2,50.133,0.275,14.18615385,NA,1,6.14,NA,0.22,NA,3.078,2.641512908,0,To calculate kgCm2 we used the average organic horizon depth measured by Ellison on the same plots (hf106-02) and sample mass and moisture content measured for the Nmin samples (hf054-03). Possible problem: soil mass seems low.
2004,NA,NA,NA,hemlock removal,hf054-05,orwig,42.48,-72.21,2,Simes,conifer,exp,logged,2005,Simes,TSCA,NA,7,mineral,18.2,52.776,0.29,14.18615385,NA,1,3.61,NA,0.12,NA,1.905,1.634939279,0,To calculate kgCm2 we used the average organic horizon depth measured by Ellison on the same plots (hf106-02) and sample mass and moisture content measured for the Nmin samples (hf054-03). Possible problem: soil mass seems low.
2004,NA,NA,NA,hemlock removal,hf054-05,orwig,42.48,-72.21,2,Simes,conifer,exp,logged,2005,Simes,TSCA,NA,8,mineral,18.2,51.305,0.282,14.18615385,NA,1,6.28,NA,0.2,NA,3.222,2.764858163,0,To calculate kgCm2 we used the average organic horizon depth measured by Ellison on the same plots (hf106-02) and sample mass and moisture content measured for the Nmin samples (hf054-03). Possible problem: soil mass seems low.
2004,NA,NA,NA,hemlock removal,hf054-05,orwig,42.48,-72.21,3,Simes,conifer,exp,control,NA,Simes,TSCA,NA,9,mineral,21.2,46.814,0.221,15.19849057,NA,1,6.3,NA,0.3,NA,2.949,2.501054701,1,To calculate kgCm2 we used the average organic horizon depth measured by Ellison on the same plots (hf106-02) and sample mass and moisture content measured for the Nmin samples (hf054-03). Possible problem: soil mass seems low.
2004,NA,NA,NA,hemlock removal,hf054-05,orwig,42.48,-72.21,3,Simes,conifer,exp,control,NA,Simes,TSCA,NA,10,mineral,21.2,46.156,0.218,15.19849057,NA,1,10.04,NA,0.43,NA,4.634,3.929782398,1,To calculate kgCm2 we used the average organic horizon depth measured by Ellison on the same plots (hf106-02) and sample mass and moisture content measured for the Nmin samples (hf054-03). Possible problem: soil mass seems low.
2004,NA,NA,NA,hemlock removal,hf054-05,orwig,42.48,-72.21,3,Simes,conifer,exp,control,NA,Simes,TSCA,NA,11,mineral,21.2,49.08,0.232,15.19849057,NA,1,5.29,NA,0.18,NA,2.596,2.201733425,1,To calculate kgCm2 we used the average organic horizon depth measured by Ellison on the same plots (hf106-02) and sample mass and moisture content measured for the Nmin samples (hf054-03). Possible problem: soil mass seems low.
2004,NA,NA,NA,hemlock removal,hf054-05,orwig,42.48,-72.21,3,Simes,conifer,exp,control,NA,Simes,TSCA,NA,12,mineral,21.2,47.987,0.226,15.19849057,NA,1,5.2,NA,0.23,NA,2.495,2.116079419,1,To calculate kgCm2 we used the average organic horizon depth measured by Ellison on the same plots (hf106-02) and sample mass and moisture content measured for the Nmin samples (hf054-03). Possible problem: soil mass seems low.
2004,NA,NA,NA,hemlock removal,hf054-05,orwig,42.48,-72.21,4,Simes,conifer,exp,logged,2005,Simes,TSCA,NA,13,mineral,17.7,51.853,0.293,13.9840678,NA,1,7.69,NA,0.23,NA,3.988,3.429912685,0,To calculate kgCm2 we used the average organic horizon depth measured by Ellison on the same plots (hf106-02) and sample mass and moisture content measured for the Nmin samples (hf054-03). Possible problem: soil mass seems low.
2004,NA,NA,NA,hemlock removal,hf054-05,orwig,42.48,-72.21,4,Simes,conifer,exp,logged,2005,Simes,TSCA,NA,14,mineral,17.7,53.104,0.3,13.9840678,NA,1,4.51,NA,0.11,NA,2.395,2.060071596,0,To calculate kgCm2 we used the average organic horizon depth measured by Ellison on the same plots (hf106-02) and sample mass and moisture content measured for the Nmin samples (hf054-03). Possible problem: soil mass seems low.
2004,NA,NA,NA,hemlock removal,hf054-05,orwig,42.48,-72.21,4,Simes,conifer,exp,logged,2005,Simes,TSCA,NA,15,mineral,17.7,46.522,0.263,13.9840678,NA,1,7.63,NA,0.26,NA,3.55,3.053249862,0,To calculate kgCm2 we used the average organic horizon depth measured by Ellison on the same plots (hf106-02) and sample mass and moisture content measured for the Nmin samples (hf054-03). Possible problem: soil mass seems low.
2004,NA,NA,NA,hemlock removal,hf054-05,orwig,42.48,-72.21,4,Simes,conifer,exp,logged,2005,Simes,TSCA,NA,16,mineral,17.7,47.871,0.27,13.9840678,NA,1,5.56,NA,0.2,NA,2.662,2.289400945,0,To calculate kgCm2 we used the average organic horizon depth measured by Ellison on the same plots (hf106-02) and sample mass and moisture content measured for the Nmin samples (hf054-03). Possible problem: soil mass seems low.
2004,NA,NA,NA,hemlock removal,hf054-05,orwig,42.48,-72.21,5,Simes,conifer,exp,girdled,2005,Simes,TSCA,NA,17,mineral,18.1,43.631,0.241,14.14662983,NA,1,5.6,NA,0.15,NA,2.443,2.097672027,0,To calculate kgCm2 we used the average organic horizon depth measured by Ellison on the same plots (hf106-02) and sample mass and moisture content measured for the Nmin samples (hf054-03). Possible problem: soil mass seems low.
2004,NA,NA,NA,hemlock removal,hf054-05,orwig,42.48,-72.21,5,Simes,conifer,exp,girdled,2005,Simes,TSCA,NA,18,mineral,18.1,38.145,0.211,14.14662983,NA,1,8.9,NA,0.28,NA,3.395,2.914652343,0,To calculate kgCm2 we used the average organic horizon depth measured by Ellison on the same plots (hf106-02) and sample mass and moisture content measured for the Nmin samples (hf054-03). Possible problem: soil mass seems low.
2004,NA,NA,NA,hemlock removal,hf054-05,orwig,42.48,-72.21,5,Simes,conifer,exp,girdled,2005,Simes,TSCA,NA,19,mineral,18.1,38.424,0.212,14.14662983,NA,1,6.38,NA,0.19,NA,2.451,2.104675601,0,To calculate kgCm2 we used the average organic horizon depth measured by Ellison on the same plots (hf106-02) and sample mass and moisture content measured for the Nmin samples (hf054-03). Possible problem: soil mass seems low.
2004,NA,NA,NA,hemlock removal,hf054-05,orwig,42.48,-72.21,5,Simes,conifer,exp,girdled,2005,Simes,TSCA,NA,20,mineral,18.1,38.201,0.211,14.14662983,NA,1,7.64,NA,0.2,NA,2.919,2.505658113,0,To calculate kgCm2 we used the average organic horizon depth measured by Ellison on the same plots (hf106-02) and sample mass and moisture content measured for the Nmin samples (hf054-03). Possible problem: soil mass seems low.
2004,NA,NA,NA,hemlock removal,hf054-05,orwig,42.48,-72.21,6,Simes,conifer,exp,logged,2005,Simes,TSCA,NA,21,mineral,17.2,29.553,0.172,13.77023256,NA,1,12.7,NA,0.47,NA,3.753,3.23639644,0,To calculate kgCm2 we used the average organic horizon depth measured by Ellison on the same plots (hf106-02) and sample mass and moisture content measured for the Nmin samples (hf054-03). Possible problem: soil mass seems low.
2004,NA,NA,NA,hemlock removal,hf054-05,orwig,42.48,-72.21,6,Simes,conifer,exp,logged,2005,Simes,TSCA,NA,22,mineral,17.2,35.714,0.208,13.77023256,NA,1,6.94,NA,0.31,NA,2.479,2.137242359,0,To calculate kgCm2 we used the average organic horizon depth measured by Ellison on the same plots (hf106-02) and sample mass and moisture content measured for the Nmin samples (hf054-03). Possible problem: soil mass seems low.
2004,NA,NA,NA,hemlock removal,hf054-05,orwig,42.48,-72.21,6,Simes,conifer,exp,logged,2005,Simes,TSCA,NA,23,mineral,17.2,36.048,0.21,13.77023256,NA,1,7.2,NA,0.24,NA,2.595,2.238048342,0,To calculate kgCm2 we used the average organic horizon depth measured by Ellison on the same plots (hf106-02) and sample mass and moisture content measured for the Nmin samples (hf054-03). Possible problem: soil mass seems low.
2004,NA,NA,NA,hemlock removal,hf054-05,orwig,42.48,-72.21,6,Simes,conifer,exp,logged,2005,Simes,TSCA,NA,24,mineral,17.2,38.003,0.221,13.77023256,NA,1,8.04,NA,0.33,NA,3.055,2.634671487,0,To calculate kgCm2 we used the average organic horizon depth measured by Ellison on the same plots (hf106-02) and sample mass and moisture content measured for the Nmin samples (hf054-03). Possible problem: soil mass seems low.
2004,NA,NA,NA,hemlock removal,hf054-05,orwig,42.48,-72.21,7,Simes,hardwood,exp,hardwood_control,NA,Simes,DECD,NA,25,mineral,21.1,56.7,0.269,15.16938389,NA,1,5.18,NA,0.22,NA,2.937,2.491520815,1,To calculate kgCm2 we used the average organic horizon depth measured by Ellison on the same plots (hf106-02) and sample mass and moisture content measured for the Nmin samples (hf054-03). Possible problem: soil mass seems low.
2004,NA,NA,NA,hemlock removal,hf054-05,orwig,42.48,-72.21,7,Simes,hardwood,exp,hardwood_control,NA,Simes,DECD,NA,26,mineral,21.1,56.488,0.268,15.16938389,NA,1,4.19,NA,0.19,NA,2.367,2.007822193,1,To calculate kgCm2 we used the average organic horizon depth measured by Ellison on the same plots (hf106-02) and sample mass and moisture content measured for the Nmin samples (hf054-03). Possible problem: soil mass seems low.
2004,NA,NA,NA,hemlock removal,hf054-05,orwig,42.48,-72.21,7,Simes,hardwood,exp,hardwood_control,NA,Simes,DECD,NA,27,mineral,21.1,57.782,0.274,15.16938389,NA,1,4.9,NA,0.2,NA,2.831,2.401821953,1,To calculate kgCm2 we used the average organic horizon depth measured by Ellison on the same plots (hf106-02) and sample mass and moisture content measured for the Nmin samples (hf054-03). Possible problem: soil mass seems low.
2004,NA,NA,NA,hemlock removal,hf054-05,orwig,42.48,-72.21,7,Simes,hardwood,exp,hardwood_control,NA,Simes,DECD,NA,28,mineral,21.1,55.946,0.265,15.16938389,NA,1,4.79,NA,0.19,NA,2.68,2.273284247,1,To calculate kgCm2 we used the average organic horizon depth measured by Ellison on the same plots (hf106-02) and sample mass and moisture content measured for the Nmin samples (hf054-03). Possible problem: soil mass seems low.
2004,NA,NA,NA,hemlock removal,hf054-05,orwig,42.48,-72.21,8,Simes,hardwood,exp,hardwood_control,NA,Simes,DECD,NA,29,mineral,22,64.701,0.294,15.42181818,NA,1,4.99,NA,0.24,NA,3.229,2.730690142,1,To calculate kgCm2 we used the average organic horizon depth measured by Ellison on the same plots (hf106-02) and sample mass and moisture content measured for the Nmin samples (hf054-03). Possible problem: soil mass seems low.
2004,NA,NA,NA,hemlock removal,hf054-05,orwig,42.48,-72.21,8,Simes,hardwood,exp,hardwood_control,NA,Simes,DECD,NA,30,mineral,22,63.296,0.288,15.42181818,NA,1,4.93,NA,0.21,NA,3.12,2.639251077,1,To calculate kgCm2 we used the average organic horizon depth measured by Ellison on the same plots (hf106-02) and sample mass and moisture content measured for the Nmin samples (hf054-03). Possible problem: soil mass seems low.
2004,NA,NA,NA,hemlock removal,hf054-05,orwig,42.48,-72.21,8,Simes,hardwood,exp,hardwood_control,NA,Simes,DECD,NA,31,mineral,22,67.277,0.306,15.42181818,NA,1,2.35,NA,0.12,NA,1.581,1.337190482,1,To calculate kgCm2 we used the average organic horizon depth measured by Ellison on the same plots (hf106-02) and sample mass and moisture content measured for the Nmin samples (hf054-03). Possible problem: soil mass seems low.
2004,NA,NA,NA,hemlock removal,hf054-05,orwig,42.48,-72.21,8,Simes,hardwood,exp,hardwood_control,NA,Simes,DECD,NA,32,mineral,22,65,0.295,15.42181818,NA,1,6.85,NA,0.28,NA,4.453,3.765843545,1,To calculate kgCm2 we used the average organic horizon depth measured by Ellison on the same plots (hf106-02) and sample mass and moisture content measured for the Nmin samples (hf054-03). Possible problem: soil mass seems low.
1996,NA,NA,NA,CRUI,hf143-01,bowden,42.54,-72.185,B,PH.Plow1,hardwood,obs,NA,NA,PH,DECD,NA,2,organic,5.3,3.97,0.075,0,77.71,1,40.83,NA,1.34,NA,1.621,1.620951,1,
1996,NA,NA,NA,CRUI,hf143-01,bowden,42.54,-72.185,B,PH.Plow1,hardwood,obs,NA,NA,PH,DECD,NA,3,organic,5.4,4.04,0.075,0,30.49,1,22.68,NA,0.81,NA,0.916,0.916272,1,
1996,NA,NA,NA,CRUI,hf143-01,bowden,42.54,-72.185,B,PH.Plow1,hardwood,obs,NA,NA,PH,DECD,NA,4,organic,3.65,2.67,0.073,0,68.76,1,38.42,NA,1.35,NA,1.026,1.025814,1,
1996,NA,NA,NA,CRUI,hf143-01,bowden,42.54,-72.185,B,PH.Plow1,hardwood,obs,NA,NA,PH,DECD,NA,5,organic,5.63,6.4,0.114,0,47.42,1,29.05,NA,0.85,NA,1.859,1.8592,1,
1996,NA,NA,NA,CRUI,hf143-01,bowden,42.54,-72.185,B,PH.Plow1,hardwood,obs,NA,NA,PH,DECD,NA,6,organic,5,2.53,0.051,0,73.27,1,NA,NA,NA,NA,NA,NA,1,
1996,NA,NA,NA,CRUI,hf143-01,bowden,42.54,-72.185,B,PH.Plow1,hardwood,obs,NA,NA,PH,DECD,NA,7,organic,4.03,3.9,0.097,0,92.34,1,44.87,NA,1.6,NA,1.75,1.74993,1,
1996,NA,NA,NA,CRUI,hf143-01,bowden,42.54,-72.185,B,PH.Plow1,hardwood,obs,NA,NA,PH,DECD,NA,8,organic,3.15,3.1,0.098,0,76.57,1,NA,NA,NA,NA,NA,NA,1,
1996,NA,NA,NA,CRUI,hf143-01,bowden,42.54,-72.185,B,PH.Plow1,hardwood,obs,NA,NA,PH,DECD,NA,9,organic,3.43,2.52,0.074,0,73.1,1,39.51,NA,1.41,NA,0.996,0.995652,1,
1996,NA,NA,NA,CRUI,hf143-01,bowden,42.54,-72.185,B,PH.Plow1,hardwood,obs,NA,NA,PH,DECD,NA,10,organic,1.85,1.93,0.104,0,86.64,1,43.67,NA,1.6,NA,0.843,0.842831,1,
1996,NA,NA,NA,CRUI,hf143-01,bowden,42.54,-72.185,C,PH.Plow1,hardwood,obs,NA,NA,PH,DECD,NA,3,organic,3.25,NA,NA,0,NA,1,NA,NA,NA,NA,NA,NA,1,
1996,NA,NA,NA,CRUI,hf143-01,bowden,42.54,-72.185,C,PH.Plow1,hardwood,obs,NA,NA,PH,DECD,NA,5,organic,2.25,NA,NA,0,NA,1,NA,NA,NA,NA,NA,NA,1,
1996,NA,NA,NA,CRUI,hf143-01,bowden,42.54,-72.185,C,PH.Plow1,hardwood,obs,NA,NA,PH,DECD,NA,7,organic,3.75,NA,NA,0,NA,1,NA,NA,NA,NA,NA,NA,1,
1996,NA,NA,NA,CRUI,hf143-01,bowden,42.54,-72.185,C,PH.Plow1,hardwood,obs,NA,NA,PH,DECD,NA,9,organic,2.78,NA,NA,0,NA,1,NA,NA,NA,NA,NA,NA,1,
1996,NA,NA,NA,CRUI,hf143-01,bowden,42.54,-72.185,D,PH.Plow1,hardwood,obs,NA,NA,PH,DECD,NA,2,organic,5.38,3.22,0.06,0,74.5,1,37.08,NA,1.29,NA,1.194,1.193976,1,
1996,NA,NA,NA,CRUI,hf143-01,bowden,42.54,-72.185,D,PH.Plow1,hardwood,obs,NA,NA,PH,DECD,NA,3,organic,4.9,6.67,0.136,0,60.59,1,30.81,NA,1,NA,2.055,2.055027,1,
1996,NA,NA,NA,CRUI,hf143-01,bowden,42.54,-72.185,D,PH.Plow1,hardwood,obs,NA,NA,PH,DECD,NA,4,organic,3.5,4.96,0.142,0,79.03,1,35.71,NA,1.15,NA,1.771,1.771216,1,
1996,NA,NA,NA,CRUI,hf143-01,bowden,42.54,-72.185,D,PH.Plow1,hardwood,obs,NA,NA,PH,DECD,NA,5,organic,3.85,3.14,0.081,0,52.53,1,28.09,NA,0.98,NA,0.882,0.882026,1,
1996,NA,NA,NA,CRUI,hf143-01,bowden,42.54,-72.185,D,PH.Plow1,hardwood,obs,NA,NA,PH,DECD,NA,6,organic,4.73,3.75,0.079,0,42.28,1,25.44,NA,0.92,NA,0.954,0.954,1,
1996,NA,NA,NA,CRUI,hf143-01,bowden,42.54,-72.185,D,PH.Plow1,hardwood,obs,NA,NA,PH,DECD,NA,7,organic,2.8,3.39,0.121,0,56.58,1,35.77,NA,1.22,NA,1.213,1.212603,1,
1996,NA,NA,NA,CRUI,hf143-01,bowden,42.54,-72.185,D,PH.Plow1,hardwood,obs,NA,NA,PH,DECD,NA,8,organic,2.83,3.47,0.123,0,61.02,1,33,NA,1.15,NA,1.145,1.1451,1,
1996,NA,NA,NA,CRUI,hf143-01,bowden,42.54,-72.185,D,PH.Plow1,hardwood,obs,NA,NA,PH,DECD,NA,9,organic,4.08,3.2,0.078,0,86.31,1,21.87,NA,0.71,NA,0.7,0.69984,1,
1996,NA,NA,NA,CRUI,hf143-01,bowden,42.54,-72.185,D,PH.Plow1,hardwood,obs,NA,NA,PH,DECD,NA,10,organic,4.55,2.23,0.049,0,85.79,1,44.04,NA,1.92,NA,0.982,0.982092,1,
1996,NA,NA,NA,CRUI,hf143-01,bowden,42.54,-72.185,E,PH.Plow1,hardwood,obs,NA,NA,PH,DECD,NA,3,organic,7.38,NA,NA,0,NA,1,NA,NA,NA,NA,NA,NA,1,
1996,NA,NA,NA,CRUI,hf143-01,bowden,42.54,-72.185,E,PH.Plow1,hardwood,obs,NA,NA,PH,DECD,NA,5,organic,3.63,NA,NA,0,NA,1,NA,NA,NA,NA,NA,NA,1,
1996,NA,NA,NA,CRUI,hf143-01,bowden,42.54,-72.185,E,PH.Plow1,hardwood,obs,NA,NA,PH,DECD,NA,7,organic,5.25,NA,NA,0,NA,1,NA,NA,NA,NA,NA,NA,1,
1996,NA,NA,NA,CRUI,hf143-01,bowden,42.54,-72.185,E,PH.Plow1,hardwood,obs,NA,NA,PH,DECD,NA,9,organic,4.75,NA,NA,0,NA,1,NA,NA,NA,NA,NA,NA,1,
1996,NA,NA,NA,CRUI,hf143-01,bowden,42.54,-72.185,F,PH.Plow1,hardwood,obs,NA,NA,PH,DECD,NA,2,organic,4.15,3.15,0.076,0,66.37,1,NA,NA,NA,NA,NA,NA,1,
1996,NA,NA,NA,CRUI,hf143-01,bowden,42.54,-72.185,F,PH.Plow1,hardwood,obs,NA,NA,PH,DECD,NA,3,organic,4.43,4.56,0.103,0,65.92,1,33.85,NA,1.55,NA,1.544,1.54356,1,
1996,NA,NA,NA,CRUI,hf143-01,bowden,42.54,-72.185,F,PH.Plow1,hardwood,obs,NA,NA,PH,DECD,NA,4,organic,3.75,3.02,0.081,0,66.93,1,35.84,NA,1.55,NA,1.082,1.082368,1,
1996,NA,NA,NA,CRUI,hf143-01,bowden,42.54,-72.185,F,PH.Plow1,hardwood,obs,NA,NA,PH,DECD,NA,5,organic,3.25,2.67,0.082,0,52.83,1,27.54,NA,1.27,NA,0.735,0.735318,1,
1996,NA,NA,NA,CRUI,hf143-01,bowden,42.54,-72.185,F,PH.Plow1,hardwood,obs,NA,NA,PH,DECD,NA,6,organic,5.45,2.08,0.038,0,91,1,45.49,NA,2.05,NA,0.946,0.946192,1,
1996,NA,NA,NA,CRUI,hf143-01,bowden,42.54,-72.185,F,PH.Plow1,hardwood,obs,NA,NA,PH,DECD,NA,7,organic,4.3,1.61,0.037,0,77.1,1,41.17,NA,1.78,NA,0.663,0.662837,1,
1996,NA,NA,NA,CRUI,hf143-01,bowden,42.54,-72.185,F,PH.Plow1,hardwood,obs,NA,NA,PH,DECD,NA,8,organic,3.33,1.53,0.046,0,63.51,1,33.35,NA,1.74,NA,0.51,0.510255,1,
1996,NA,NA,NA,CRUI,hf143-01,bowden,42.54,-72.185,F,PH.Plow1,hardwood,obs,NA,NA,PH,DECD,NA,9,organic,6.15,2.93,0.048,0,74.81,1,36.04,NA,1.87,NA,1.056,1.055972,1,
1996,NA,NA,NA,CRUI,hf143-01,bowden,42.54,-72.185,F,PH.Plow1,hardwood,obs,NA,NA,PH,DECD,NA,10,organic,8.43,2.21,0.972,0,60.86,1,34.35,NA,1.78,NA,0.759,0.759135,1,
1996,NA,NA,NA,CRUI,hf143-01,bowden,42.54,-72.185,B,PH.Plow1,hardwood,obs,NA,NA,PH,DECD,NA,2,mineral,0-15,92.95,0.62,7.5133,7.18,1,2.73,NA,0.07,NA,2.538,2.346882383,1,
1996,NA,NA,NA,CRUI,hf143-01,bowden,42.54,-72.185,B,PH.Plow1,hardwood,obs,NA,NA,PH,DECD,NA,3,mineral,0-15,107,0.713,7.5133,7.28,1,3.19,NA,0.1,NA,3.413,3.156848531,1,
1996,NA,NA,NA,CRUI,hf143-01,bowden,42.54,-72.185,B,PH.Plow1,hardwood,obs,NA,NA,PH,DECD,NA,4,mineral,0-15,106.29,0.709,7.5133,8.06,1,3.65,NA,0.11,NA,3.88,3.58810014,1,
1996,NA,NA,NA,CRUI,hf143-01,bowden,42.54,-72.185,B,PH.Plow1,hardwood,obs,NA,NA,PH,DECD,NA,5,mineral,0-15,113.48,0.757,7.5133,6.66,1,2.4,NA,0.07,NA,2.724,2.518893772,1,
1996,NA,NA,NA,CRUI,hf143-01,bowden,42.54,-72.185,B,PH.Plow1,hardwood,obs,NA,NA,PH,DECD,NA,6,mineral,0-15,92.52,0.617,7.5133,6.84,1,NA,NA,NA,NA,NA,NA,1,
1996,NA,NA,NA,CRUI,hf143-01,bowden,42.54,-72.185,B,PH.Plow1,hardwood,obs,NA,NA,PH,DECD,NA,7,mineral,0-15,99.21,0.661,7.5133,10.31,1,4.58,NA,0.12,NA,4.544,4.202427322,1,
1996,NA,NA,NA,CRUI,hf143-01,bowden,42.54,-72.185,B,PH.Plow1,hardwood,obs,NA,NA,PH,DECD,NA,8,mineral,0-15,108.57,0.724,7.5133,7.57,1,2.88,NA,0.08,NA,3.127,2.891888933,1,
1996,NA,NA,NA,CRUI,hf143-01,bowden,42.54,-72.185,B,PH.Plow1,hardwood,obs,NA,NA,PH,DECD,NA,9,mineral,0-15,91.92,0.613,7.5133,8.33,1,4.07,NA,0.15,NA,3.741,3.460060628,1,
1996,NA,NA,NA,CRUI,hf143-01,bowden,42.54,-72.185,B,PH.Plow1,hardwood,obs,NA,NA,PH,DECD,NA,10,mineral,0-15,95.47,0.636,7.5133,9.85,1,3.22,NA,0.08,NA,3.074,2.84316509,1,
1996,NA,NA,NA,CRUI,hf143-01,bowden,42.54,-72.185,C,PH.Plow1,hardwood,obs,NA,NA,PH,DECD,NA,3,mineral,0-15,NA,NA,7.5133,NA,1,NA,NA,NA,NA,NA,NA,1,
1996,NA,NA,NA,CRUI,hf143-01,bowden,42.54,-72.185,C,PH.Plow1,hardwood,obs,NA,NA,PH,DECD,NA,5,mineral,0-15,NA,NA,7.5133,NA,1,NA,NA,NA,NA,NA,NA,1,
1996,NA,NA,NA,CRUI,hf143-01,bowden,42.54,-72.185,C,PH.Plow1,hardwood,obs,NA,NA,PH,DECD,NA,7,mineral,0-15,NA,NA,7.5133,NA,1,NA,NA,NA,NA,NA,NA,1,
1996,NA,NA,NA,CRUI,hf143-01,bowden,42.54,-72.185,C,PH.Plow1,hardwood,obs,NA,NA,PH,DECD,NA,9,mineral,0-15,NA,NA,7.5133,NA,1,NA,NA,NA,NA,NA,NA,1,
1996,NA,NA,NA,CRUI,hf143-01,bowden,42.54,-72.185,D,PH.Plow1,hardwood,obs,NA,NA,PH,DECD,NA,2,mineral,0-15,114.97,0.766,7.5133,7.48,1,3.07,NA,0.08,NA,3.53,3.264391141,1,
1996,NA,NA,NA,CRUI,hf143-01,bowden,42.54,-72.185,D,PH.Plow1,hardwood,obs,NA,NA,PH,DECD,NA,3,mineral,0-15,122.38,0.816,7.5133,7.31,1,3.44,NA,0.06,NA,4.21,3.893571687,1,
1996,NA,NA,NA,CRUI,hf143-01,bowden,42.54,-72.185,D,PH.Plow1,hardwood,obs,NA,NA,PH,DECD,NA,4,mineral,0-15,100.88,0.673,7.5133,7.7,1,3.57,NA,0.1,NA,3.601,3.330830812,1,
1996,NA,NA,NA,CRUI,hf143-01,bowden,42.54,-72.185,D,PH.Plow1,hardwood,obs,NA,NA,PH,DECD,NA,5,mineral,0-15,114.23,0.762,7.5133,7.91,1,4.19,NA,0.11,NA,4.786,4.426632655,1,
1996,NA,NA,NA,CRUI,hf143-01,bowden,42.54,-72.185,D,PH.Plow1,hardwood,obs,NA,NA,PH,DECD,NA,6,mineral,0-15,110.64,0.738,7.5133,7.47,1,3.66,NA,0.09,NA,4.049,3.745178627,1,
1996,NA,NA,NA,CRUI,hf143-01,bowden,42.54,-72.185,D,PH.Plow1,hardwood,obs,NA,NA,PH,DECD,NA,7,mineral,0-15,122.48,0.817,7.5133,7.17,1,3.05,NA,0.07,NA,3.736,3.45497016,1,
1996,NA,NA,NA,CRUI,hf143-01,bowden,42.54,-72.185,D,PH.Plow1,hardwood,obs,NA,NA,PH,DECD,NA,8,mineral,0-15,102,0.68,7.5133,8.15,1,3.26,NA,0.11,NA,3.325,3.075367748,1,
1996,NA,NA,NA,CRUI,hf143-01,bowden,42.54,-72.185,D,PH.Plow1,hardwood,obs,NA,NA,PH,DECD,NA,9,mineral,0-15,111.04,0.74,7.5133,10.05,1,4.49,NA,0.11,NA,4.986,4.611105702,1,
1996,NA,NA,NA,CRUI,hf143-01,bowden,42.54,-72.185,D,PH.Plow1,hardwood,obs,NA,NA,PH,DECD,NA,10,mineral,0-15,108.41,0.723,7.5133,11.89,1,NA,NA,NA,NA,NA,NA,1,
1996,NA,NA,NA,CRUI,hf143-01,bowden,42.54,-72.185,E,PH.Plow1,hardwood,obs,NA,NA,PH,DECD,NA,3,mineral,0-15,NA,NA,7.5133,NA,1,NA,NA,NA,NA,NA,NA,1,
1996,NA,NA,NA,CRUI,hf143-01,bowden,42.54,-72.185,E,PH.Plow1,hardwood,obs,NA,NA,PH,DECD,NA,5,mineral,0-15,NA,NA,7.5133,NA,1,NA,NA,NA,NA,NA,NA,1,
1996,NA,NA,NA,CRUI,hf143-01,bowden,42.54,-72.185,E,PH.Plow1,hardwood,obs,NA,NA,PH,DECD,NA,7,mineral,0-15,NA,NA,7.5133,NA,1,NA,NA,NA,NA,NA,NA,1,
1996,NA,NA,NA,CRUI,hf143-01,bowden,42.54,-72.185,E,PH.Plow1,hardwood,obs,NA,NA,PH,DECD,NA,9,mineral,0-15,NA,NA,7.5133,NA,1,NA,NA,NA,NA,NA,NA,1,
1996,NA,NA,NA,CRUI,hf143-01,bowden,42.54,-72.185,F,PH.Plow1,hardwood,obs,NA,NA,PH,DECD,NA,2,mineral,0-15,109.41,0.729,7.5133,7.63,1,NA,NA,NA,NA,NA,NA,1,
1996,NA,NA,NA,CRUI,hf143-01,bowden,42.54,-72.185,F,PH.Plow1,hardwood,obs,NA,NA,PH,DECD,NA,3,mineral,0-15,102.81,0.685,7.5133,8.17,1,3.41,NA,0.19,NA,3.506,3.242418151,1,
1996,NA,NA,NA,CRUI,hf143-01,bowden,42.54,-72.185,F,PH.Plow1,hardwood,obs,NA,NA,PH,DECD,NA,4,mineral,0-15,115.77,0.772,7.5133,6.65,1,2.58,NA,0.13,NA,2.987,2.762453797,1,
1996,NA,NA,NA,CRUI,hf143-01,bowden,42.54,-72.185,F,PH.Plow1,hardwood,obs,NA,NA,PH,DECD,NA,5,mineral,0-15,97.8,0.652,7.5133,6.36,1,3.33,NA,0.13,NA,3.257,3.012051354,1,
1996,NA,NA,NA,CRUI,hf143-01,bowden,42.54,-72.185,F,PH.Plow1,hardwood,obs,NA,NA,PH,DECD,NA,6,mineral,0-15,102.5,0.683,7.5133,6.88,1,3.27,NA,0.21,NA,3.352,3.099922967,1,
1996,NA,NA,NA,CRUI,hf143-01,bowden,42.54,-72.185,F,PH.Plow1,hardwood,obs,NA,NA,PH,DECD,NA,7,mineral,0-15,97.77,0.652,7.5133,8.12,1,3.63,NA,0.16,NA,3.549,3.282400151,1,
1996,NA,NA,NA,CRUI,hf143-01,bowden,42.54,-72.185,F,PH.Plow1,hardwood,obs,NA,NA,PH,DECD,NA,8,mineral,0-15,105.18,0.701,7.5133,8.08,1,3.74,NA,0.25,NA,3.934,3.638178914,1,
1996,NA,NA,NA,CRUI,hf143-01,bowden,42.54,-72.185,F,PH.Plow1,hardwood,obs,NA,NA,PH,DECD,NA,9,mineral,0-15,91.99,0.613,7.5133,15.19,1,6.34,NA,0.36,NA,5.832,5.393977872,1,
1996,NA,NA,NA,CRUI,hf143-01,bowden,42.54,-72.185,F,PH.Plow1,hardwood,obs,NA,NA,PH,DECD,NA,10,mineral,0-15,78.22,0.521,7.5133,8.66,1,3.13,NA,0.18,NA,2.448,2.264338928,1,
1996,NA,NA,NA,CRUI,hf143-01,bowden,42.54,-72.185,B,PH.Plow2,hardwood,obs,NA,NA,PH,DECD,NA,2,organic,10.8,2.89,0.027,0,91.04,1,45.31,NA,1.78,NA,1.309,1.309459,1,
1996,NA,NA,NA,CRUI,hf143-01,bowden,42.54,-72.185,B,PH.Plow2,hardwood,obs,NA,NA,PH,DECD,NA,3,organic,2.73,2.46,0.09,0,86.94,1,42.03,NA,1.77,NA,1.034,1.033938,1,
1996,NA,NA,NA,CRUI,hf143-01,bowden,42.54,-72.185,B,PH.Plow2,hardwood,obs,NA,NA,PH,DECD,NA,4,organic,4.28,2.82,0.066,0,75.97,1,32.83,NA,1.46,NA,0.926,0.925806,1,
1996,NA,NA,NA,CRUI,hf143-01,bowden,42.54,-72.185,B,PH.Plow2,hardwood,obs,NA,NA,PH,DECD,NA,5,organic,2.55,3.71,0.146,0,81.23,1,40.61,NA,1.78,NA,1.507,1.506631,1,
1996,NA,NA,NA,CRUI,hf143-01,bowden,42.54,-72.185,B,PH.Plow2,hardwood,obs,NA,NA,PH,DECD,NA,6,organic,4,2.31,0.058,0,61.84,1,30.44,NA,1.39,NA,0.703,0.703164,1,
1996,NA,NA,NA,CRUI,hf143-01,bowden,42.54,-72.185,B,PH.Plow2,hardwood,obs,NA,NA,PH,DECD,NA,7,organic,0.98,2.86,0.293,0,78.1,1,38.72,NA,1.59,NA,1.107,1.107392,1,
1996,NA,NA,NA,CRUI,hf143-01,bowden,42.54,-72.185,B,PH.Plow2,hardwood,obs,NA,NA,PH,DECD,NA,8,organic,3.1,4.41,0.142,0,72.62,1,34.96,NA,1.51,NA,1.542,1.541736,1,
1996,NA,NA,NA,CRUI,hf143-01,bowden,42.54,-72.185,B,PH.Plow2,hardwood,obs,NA,NA,PH,DECD,NA,9,organic,2.75,5.1,0.185,0,44.67,1,28.71,NA,1.06,NA,1.464,1.46421,1,
1996,NA,NA,NA,CRUI,hf143-01,bowden,42.54,-72.185,B,PH.Plow2,hardwood,obs,NA,NA,PH,DECD,NA,10,organic,3.15,2.79,0.088,0,85.46,1,40.89,NA,1.82,NA,1.141,1.140831,1,
1996,NA,NA,NA,CRUI,hf143-01,bowden,42.54,-72.185,C,PH.Plow2,hardwood,obs,NA,NA,PH,DECD,NA,3,organic,6.38,NA,NA,0,NA,1,NA,NA,NA,NA,NA,NA,1,
1996,NA,NA,NA,CRUI,hf143-01,bowden,42.54,-72.185,C,PH.Plow2,hardwood,obs,NA,NA,PH,DECD,NA,5,organic,4.75,NA,NA,0,NA,1,NA,NA,NA,NA,NA,NA,1,
1996,NA,NA,NA,CRUI,hf143-01,bowden,42.54,-72.185,C,PH.Plow2,hardwood,obs,NA,NA,PH,DECD,NA,7,organic,3.25,NA,NA,0,NA,1,NA,NA,NA,NA,NA,NA,1,
1996,NA,NA,NA,CRUI,hf143-01,bowden,42.54,-72.185,C,PH.Plow2,hardwood,obs,NA,NA,PH,DECD,NA,9,organic,3.38,NA,NA,0,NA,1,NA,NA,NA,NA,NA,NA,1,
1996,NA,NA,NA,CRUI,hf143-01,bowden,42.54,-72.185,D,PH.Plow2,hardwood,obs,NA,NA,PH,DECD,NA,2,organic,6.33,3.2,0.051,0,88.34,1,41.53,NA,1.6,NA,1.329,1.32896,1,
1996,NA,NA,NA,CRUI,hf143-01,bowden,42.54,-72.185,D,PH.Plow2,hardwood,obs,NA,NA,PH,DECD,NA,3,organic,2.6,1.28,0.049,0,60.71,1,32.86,NA,1.08,NA,0.421,0.420608,1,
1996,NA,NA,NA,CRUI,hf143-01,bowden,42.54,-72.185,D,PH.Plow2,hardwood,obs,NA,NA,PH,DECD,NA,4,organic,2.15,2.27,0.105,0,50.15,1,29.28,NA,1.23,NA,0.665,0.664656,1,
1996,NA,NA,NA,CRUI,hf143-01,bowden,42.54,-72.185,D,PH.Plow2,hardwood,obs,NA,NA,PH,DECD,NA,5,organic,2.28,2.4,0.106,0,86.49,1,44.97,NA,1.49,NA,1.079,1.07928,1,
1996,NA,NA,NA,CRUI,hf143-01,bowden,42.54,-72.185,D,PH.Plow2,hardwood,obs,NA,NA,PH,DECD,NA,6,organic,4.63,1.68,0.036,0,80.95,1,40.82,NA,1.39,NA,0.686,0.685776,1,
1996,NA,NA,NA,CRUI,hf143-01,bowden,42.54,-72.185,D,PH.Plow2,hardwood,obs,NA,NA,PH,DECD,NA,7,organic,5.38,2.06,0.038,0,81.2,1,37.56,NA,1.36,NA,0.774,0.773736,1,
1996,NA,NA,NA,CRUI,hf143-01,bowden,42.54,-72.185,D,PH.Plow2,hardwood,obs,NA,NA,PH,DECD,NA,8,organic,2.43,1.41,0.058,0,87.12,1,45.16,NA,1.42,NA,0.637,0.636756,1,
1996,NA,NA,NA,CRUI,hf143-01,bowden,42.54,-72.185,D,PH.Plow2,hardwood,obs,NA,NA,PH,DECD,NA,9,organic,2.6,1.57,0.06,0,75.75,1,23.8,NA,0.95,NA,0.374,0.37366,1,
1996,NA,NA,NA,CRUI,hf143-01,bowden,42.54,-72.185,D,PH.Plow2,hardwood,obs,NA,NA,PH,DECD,NA,10,organic,2.28,1.75,0.077,0,68.29,1,38.06,NA,1.39,NA,0.666,0.66605,1,
1996,NA,NA,NA,CRUI,hf143-01,bowden,42.54,-72.185,E,PH.Plow2,hardwood,obs,NA,NA,PH,DECD,NA,3,organic,4.75,NA,NA,0,NA,1,NA,NA,NA,NA,NA,NA,1,
1996,NA,NA,NA,CRUI,hf143-01,bowden,42.54,-72.185,E,PH.Plow2,hardwood,obs,NA,NA,PH,DECD,NA,5,organic,5.38,NA,NA,0,NA,1,NA,NA,NA,NA,NA,NA,1,
1996,NA,NA,NA,CRUI,hf143-01,bowden,42.54,-72.185,E,PH.Plow2,hardwood,obs,NA,NA,PH,DECD,NA,7,organic,2.88,NA,NA,0,NA,1,NA,NA,NA,NA,NA,NA,1,
1996,NA,NA,NA,CRUI,hf143-01,bowden,42.54,-72.185,E,PH.Plow2,hardwood,obs,NA,NA,PH,DECD,NA,9,organic,4.75,NA,NA,0,NA,1,NA,NA,NA,NA,NA,NA,1,
1996,NA,NA,NA,CRUI,hf143-01,bowden,42.54,-72.185,F,PH.Plow2,hardwood,obs,NA,NA,PH,DECD,NA,2,organic,2.73,2.62,0.096,0,78.4,1,42.72,NA,1.4,NA,1.119,1.119264,1,
1996,NA,NA,NA,CRUI,hf143-01,bowden,42.54,-72.185,F,PH.Plow2,hardwood,obs,NA,NA,PH,DECD,NA,3,organic,3.03,2.85,0.094,0,84.4,1,42.47,NA,1.81,NA,1.21,1.210395,1,
1996,NA,NA,NA,CRUI,hf143-01,bowden,42.54,-72.185,F,PH.Plow2,hardwood,obs,NA,NA,PH,DECD,NA,4,organic,3.08,1.69,0.055,0,86.34,1,45.22,NA,1.82,NA,0.764,0.764218,1,
1996,NA,NA,NA,CRUI,hf143-01,bowden,42.54,-72.185,F,PH.Plow2,hardwood,obs,NA,NA,PH,DECD,NA,5,organic,4.05,2.85,0.07,0,90.49,1,44.62,NA,1.67,NA,1.272,1.27167,1,
1996,NA,NA,NA,CRUI,hf143-01,bowden,42.54,-72.185,F,PH.Plow2,hardwood,obs,NA,NA,PH,DECD,NA,6,organic,4.28,3.71,0.087,0,92.82,1,47.72,NA,1.75,NA,1.77,1.770412,1,
1996,NA,NA,NA,CRUI,hf143-01,bowden,42.54,-72.185,F,PH.Plow2,hardwood,obs,NA,NA,PH,DECD,NA,7,organic,4.93,2.71,0.055,0,93.88,1,47.55,NA,1.75,NA,1.289,1.288605,1,
1996,NA,NA,NA,CRUI,hf143-01,bowden,42.54,-72.185,F,PH.Plow2,hardwood,obs,NA,NA,PH,DECD,NA,8,organic,4.78,2.82,0.059,0,90.33,1,45.8,NA,1.93,NA,1.292,1.29156,1,
1996,NA,NA,NA,CRUI,hf143-01,bowden,42.54,-72.185,F,PH.Plow2,hardwood,obs,NA,NA,PH,DECD,NA,9,organic,3.1,1.57,0.051,0,91,1,46.92,NA,1.92,NA,0.737,0.736644,1,
1996,NA,NA,NA,CRUI,hf143-01,bowden,42.54,-72.185,F,PH.Plow2,hardwood,obs,NA,NA,PH,DECD,NA,10,organic,3,1.55,0.052,0,74.61,1,37.54,NA,1.76,NA,0.582,0.58187,1,
1996,NA,NA,NA,CRUI,hf143-01,bowden,42.54,-72.185,B,PH.Plow2,hardwood,obs,NA,NA,PH,DECD,NA,2,mineral,0-15,76.25,0.508,7.5133,16.53,1,7.15,NA,0.31,NA,5.452,5.042259276,1,
1996,NA,NA,NA,CRUI,hf143-01,bowden,42.54,-72.185,B,PH.Plow2,hardwood,obs,NA,NA,PH,DECD,NA,3,mineral,0-15,74.95,0.5,7.5133,11.19,1,4.7,NA,0.21,NA,3.523,3.257982738,1,
1996,NA,NA,NA,CRUI,hf143-01,bowden,42.54,-72.185,B,PH.Plow2,hardwood,obs,NA,NA,PH,DECD,NA,4,mineral,0-15,85.38,0.569,7.5133,9.25,1,4.09,NA,0.21,NA,3.492,3.229674408,1,
1996,NA,NA,NA,CRUI,hf143-01,bowden,42.54,-72.185,B,PH.Plow2,hardwood,obs,NA,NA,PH,DECD,NA,5,mineral,0-15,76.97,0.513,7.5133,10.96,1,NA,NA,NA,NA,NA,NA,1,
1996,NA,NA,NA,CRUI,hf143-01,bowden,42.54,-72.185,B,PH.Plow2,hardwood,obs,NA,NA,PH,DECD,NA,6,mineral,0-15,101.11,0.674,7.5133,9.96,1,4.08,NA,0.29,NA,4.125,3.815342737,1,
1996,NA,NA,NA,CRUI,hf143-01,bowden,42.54,-72.185,B,PH.Plow2,hardwood,obs,NA,NA,PH,DECD,NA,7,mineral,0-15,98.55,0.657,7.5133,9.13,1,3.47,NA,0.13,NA,3.42,3.162753807,1,
1996,NA,NA,NA,CRUI,hf143-01,bowden,42.54,-72.185,B,PH.Plow2,hardwood,obs,NA,NA,PH,DECD,NA,8,mineral,0-15,110.88,0.739,7.5133,7.82,1,NA,NA,NA,NA,NA,NA,1,
1996,NA,NA,NA,CRUI,hf143-01,bowden,42.54,-72.185,B,PH.Plow2,hardwood,obs,NA,NA,PH,DECD,NA,9,mineral,0-15,128.83,0.859,7.5133,7.24,1,2.34,NA,0.13,NA,3.015,2.788124405,1,
1996,NA,NA,NA,CRUI,hf143-01,bowden,42.54,-72.185,B,PH.Plow2,hardwood,obs,NA,NA,PH,DECD,NA,10,mineral,0-15,137.95,0.92,7.5133,4.97,1,2.78,NA,0.12,NA,3.835,3.546874194,1,
1996,NA,NA,NA,CRUI,hf143-01,bowden,42.54,-72.185,C,PH.Plow2,hardwood,obs,NA,NA,PH,DECD,NA,3,mineral,0-15,NA,NA,7.5133,NA,1,NA,NA,NA,NA,NA,NA,1,
1996,NA,NA,NA,CRUI,hf143-01,bowden,42.54,-72.185,C,PH.Plow2,hardwood,obs,NA,NA,PH,DECD,NA,5,mineral,0-15,NA,NA,7.5133,NA,1,NA,NA,NA,NA,NA,NA,1,
1996,NA,NA,NA,CRUI,hf143-01,bowden,42.54,-72.185,C,PH.Plow2,hardwood,obs,NA,NA,PH,DECD,NA,7,mineral,0-15,NA,NA,7.5133,NA,1,NA,NA,NA,NA,NA,NA,1,
1996,NA,NA,NA,CRUI,hf143-01,bowden,42.54,-72.185,C,PH.Plow2,hardwood,obs,NA,NA,PH,DECD,NA,9,mineral,0-15,NA,NA,7.5133,NA,1,NA,NA,NA,NA,NA,NA,1,
1996,NA,NA,NA,CRUI,hf143-01,bowden,42.54,-72.185,D,PH.Plow2,hardwood,obs,NA,NA,PH,DECD,NA,2,mineral,0-15,71.56,0.477,7.5133,15.76,1,7.82,NA,0.28,NA,5.596,5.175548333,1,
1996,NA,NA,NA,CRUI,hf143-01,bowden,42.54,-72.185,D,PH.Plow2,hardwood,obs,NA,NA,PH,DECD,NA,3,mineral,0-15,94.89,0.633,7.5133,10.71,1,5.44,NA,0.25,NA,5.162,4.774178252,1,
1996,NA,NA,NA,CRUI,hf143-01,bowden,42.54,-72.185,D,PH.Plow2,hardwood,obs,NA,NA,PH,DECD,NA,4,mineral,0-15,99.81,0.665,7.5133,9.15,1,3.99,NA,0.21,NA,3.982,3.683207913,1,
1996,NA,NA,NA,CRUI,hf143-01,bowden,42.54,-72.185,D,PH.Plow2,hardwood,obs,NA,NA,PH,DECD,NA,5,mineral,0-15,80.31,0.535,7.5133,11.4,1,6.62,NA,0.3,NA,5.317,4.917075753,1,
1996,NA,NA,NA,CRUI,hf143-01,bowden,42.54,-72.185,D,PH.Plow2,hardwood,obs,NA,NA,PH,DECD,NA,6,mineral,0-15,94.17,0.628,7.5133,8.02,1,3.11,NA,0.13,NA,2.929,2.70864596,1,
1996,NA,NA,NA,CRUI,hf143-01,bowden,42.54,-72.185,D,PH.Plow2,hardwood,obs,NA,NA,PH,DECD,NA,7,mineral,0-15,97.78,0.652,7.5133,8.51,1,3.37,NA,0.14,NA,3.295,3.04760879,1,
1996,NA,NA,NA,CRUI,hf143-01,bowden,42.54,-72.185,D,PH.Plow2,hardwood,obs,NA,NA,PH,DECD,NA,8,mineral,0-15,106.04,0.707,7.5133,8.26,1,4.46,NA,0.14,NA,4.729,4.374051192,1,
1996,NA,NA,NA,CRUI,hf143-01,bowden,42.54,-72.185,D,PH.Plow2,hardwood,obs,NA,NA,PH,DECD,NA,9,mineral,0-15,85.34,0.569,7.5133,9.96,1,3.55,NA,0.18,NA,3.03,2.801949317,1,
1996,NA,NA,NA,CRUI,hf143-01,bowden,42.54,-72.185,D,PH.Plow2,hardwood,obs,NA,NA,PH,DECD,NA,10,mineral,0-15,123.36,0.822,7.5133,6.7,1,2.48,NA,0.13,NA,3.059,2.829471509,1,
1996,NA,NA,NA,CRUI,hf143-01,bowden,42.54,-72.185,E,PH.Plow2,hardwood,obs,NA,NA,PH,DECD,NA,3,mineral,0-15,NA,NA,7.5133,NA,1,NA,NA,NA,NA,NA,NA,1,
1996,NA,NA,NA,CRUI,hf143-01,bowden,42.54,-72.185,E,PH.Plow2,hardwood,obs,NA,NA,PH,DECD,NA,5,mineral,0-15,NA,NA,7.5133,NA,1,NA,NA,NA,NA,NA,NA,1,
1996,NA,NA,NA,CRUI,hf143-01,bowden,42.54,-72.185,E,PH.Plow2,hardwood,obs,NA,NA,PH,DECD,NA,7,mineral,0-15,NA,NA,7.5133,NA,1,NA,NA,NA,NA,NA,NA,1,
1996,NA,NA,NA,CRUI,hf143-01,bowden,42.54,-72.185,E,PH.Plow2,hardwood,obs,NA,NA,PH,DECD,NA,9,mineral,0-15,NA,NA,7.5133,NA,1,NA,NA,NA,NA,NA,NA,1,
1996,NA,NA,NA,CRUI,hf143-01,bowden,42.54,-72.185,F,PH.Plow2,hardwood,obs,NA,NA,PH,DECD,NA,2,mineral,0-15,101.84,0.679,7.5133,10.15,1,4.55,NA,0.19,NA,4.634,4.285574715,1,
1996,NA,NA,NA,CRUI,hf143-01,bowden,42.54,-72.185,F,PH.Plow2,hardwood,obs,NA,NA,PH,DECD,NA,3,mineral,0-15,88.42,0.589,7.5133,12.04,1,4.18,NA,0.18,NA,3.696,3.418267738,1,
1996,NA,NA,NA,CRUI,hf143-01,bowden,42.54,-72.185,F,PH.Plow2,hardwood,obs,NA,NA,PH,DECD,NA,4,mineral,0-15,94.97,0.633,7.5133,9.32,1,4.27,NA,0.1,NA,4.055,3.750538231,1,
1996,NA,NA,NA,CRUI,hf143-01,bowden,42.54,-72.185,F,PH.Plow2,hardwood,obs,NA,NA,PH,DECD,NA,5,mineral,0-15,88.09,0.587,7.5133,9.47,1,4.18,NA,0.18,NA,3.682,3.405510122,1,
1996,NA,NA,NA,CRUI,hf143-01,bowden,42.54,-72.185,F,PH.Plow2,hardwood,obs,NA,NA,PH,DECD,NA,6,mineral,0-15,100.51,0.67,7.5133,10.84,1,3.58,NA,0.08,NA,3.598,3.327910082,1,
1996,NA,NA,NA,CRUI,hf143-01,bowden,42.54,-72.185,F,PH.Plow2,hardwood,obs,NA,NA,PH,DECD,NA,7,mineral,0-15,92.13,0.614,7.5133,10.36,1,5.04,NA,0.18,NA,4.643,4.294483034,1,
1996,NA,NA,NA,CRUI,hf143-01,bowden,42.54,-72.185,F,PH.Plow2,hardwood,obs,NA,NA,PH,DECD,NA,8,mineral,0-15,90.69,0.605,7.5133,11.79,1,3.95,NA,0.15,NA,3.582,3.313109435,1,
1996,NA,NA,NA,CRUI,hf143-01,bowden,42.54,-72.185,F,PH.Plow2,hardwood,obs,NA,NA,PH,DECD,NA,9,mineral,0-15,97.94,0.653,7.5133,9.76,1,3.77,NA,0.11,NA,3.692,3.414921569,1,
1996,NA,NA,NA,CRUI,hf143-01,bowden,42.54,-72.185,F,PH.Plow2,hardwood,obs,NA,NA,PH,DECD,NA,10,mineral,0-15,108.13,0.721,7.5133,9.91,1,3.79,NA,0.11,NA,4.098,3.790222424,1,
1996,NA,NA,NA,CRUI,hf143-01,bowden,42.54,-72.185,B,PH.Pasture1,hardwood,obs,NA,NA,PH,DECD,NA,2,organic,3.38,4.17,0.124,0,90.6,1,46.76,NA,1.59,NA,1.95,1.949892,1,
1996,NA,NA,NA,CRUI,hf143-01,bowden,42.54,-72.185,B,PH.Pasture1,hardwood,obs,NA,NA,PH,DECD,NA,3,organic,5.43,4.09,0.075,0,81.72,1,43.34,NA,1.63,NA,1.773,1.772606,1,
1996,NA,NA,NA,CRUI,hf143-01,bowden,42.54,-72.185,B,PH.Pasture1,hardwood,obs,NA,NA,PH,DECD,NA,4,organic,5.75,4.85,0.084,0,89.58,1,46.56,NA,1.63,NA,2.258,2.25816,1,
1996,NA,NA,NA,CRUI,hf143-01,bowden,42.54,-72.185,B,PH.Pasture1,hardwood,obs,NA,NA,PH,DECD,NA,5,organic,5.28,3.52,0.067,0,85.96,1,42.09,NA,1.69,NA,1.482,1.481568,1,
1996,NA,NA,NA,CRUI,hf143-01,bowden,42.54,-72.185,B,PH.Pasture1,hardwood,obs,NA,NA,PH,DECD,NA,6,organic,7.75,4.25,0.055,0,77.59,1,35.69,NA,1.18,NA,1.517,1.516825,1,
1996,NA,NA,NA,CRUI,hf143-01,bowden,42.54,-72.185,B,PH.Pasture1,hardwood,obs,NA,NA,PH,DECD,NA,7,organic,4.23,4.89,0.116,0,62.49,1,35.53,NA,1.09,NA,1.737,1.737417,1,
1996,NA,NA,NA,CRUI,hf143-01,bowden,42.54,-72.185,B,PH.Pasture1,hardwood,obs,NA,NA,PH,DECD,NA,8,organic,4.25,3.9,0.092,0,85.35,1,43.87,NA,1.55,NA,1.711,1.71093,1,
1996,NA,NA,NA,CRUI,hf143-01,bowden,42.54,-72.185,B,PH.Pasture1,hardwood,obs,NA,NA,PH,DECD,NA,9,organic,8.03,7.05,0.088,0,87.03,1,42.03,NA,1.29,NA,2.963,2.963115,1,
1996,NA,NA,NA,CRUI,hf143-01,bowden,42.54,-72.185,B,PH.Pasture1,hardwood,obs,NA,NA,PH,DECD,NA,10,organic,1.63,5.21,0.321,0,49,1,24.38,NA,0.75,NA,1.27,1.270198,1,
1996,NA,NA,NA,CRUI,hf143-01,bowden,42.54,-72.185,C,PH.Pasture1,hardwood,obs,NA,NA,PH,DECD,NA,3,organic,5.38,NA,NA,0,NA,1,NA,NA,NA,NA,NA,NA,1,
1996,NA,NA,NA,CRUI,hf143-01,bowden,42.54,-72.185,C,PH.Pasture1,hardwood,obs,NA,NA,PH,DECD,NA,5,organic,7.13,NA,NA,0,NA,1,NA,NA,NA,NA,NA,NA,1,
1996,NA,NA,NA,CRUI,hf143-01,bowden,42.54,-72.185,C,PH.Pasture1,hardwood,obs,NA,NA,PH,DECD,NA,7,organic,5.13,NA,NA,0,NA,1,NA,NA,NA,NA,NA,NA,1,
1996,NA,NA,NA,CRUI,hf143-01,bowden,42.54,-72.185,C,PH.Pasture1,hardwood,obs,NA,NA,PH,DECD,NA,9,organic,8,NA,NA,0,NA,1,NA,NA,NA,NA,NA,NA,1,
1996,NA,NA,NA,CRUI,hf143-01,bowden,42.54,-72.185,D,PH.Pasture1,hardwood,obs,NA,NA,PH,DECD,NA,2,organic,4.5,2.34,0.052,0,73.09,1,36.52,NA,1.29,NA,0.855,0.854568,1,
1996,NA,NA,NA,CRUI,hf143-01,bowden,42.54,-72.185,D,PH.Pasture1,hardwood,obs,NA,NA,PH,DECD,NA,3,organic,3.63,1.65,0.046,0,68.92,1,NA,NA,NA,NA,NA,NA,1,
1996,NA,NA,NA,CRUI,hf143-01,bowden,42.54,-72.185,D,PH.Pasture1,hardwood,obs,NA,NA,PH,DECD,NA,4,organic,6.13,3.01,0.049,0,80.57,1,43.63,NA,1.66,NA,1.313,1.313263,1,
1996,NA,NA,NA,CRUI,hf143-01,bowden,42.54,-72.185,D,PH.Pasture1,hardwood,obs,NA,NA,PH,DECD,NA,5,organic,6.13,1.65,0.027,0,82.9,1,40.5,NA,1.92,NA,0.668,0.66825,1,
1996,NA,NA,NA,CRUI,hf143-01,bowden,42.54,-72.185,D,PH.Pasture1,hardwood,obs,NA,NA,PH,DECD,NA,6,organic,3.48,2.04,0.059,0,72.63,1,31.81,NA,1.15,NA,0.649,0.648924,1,
1996,NA,NA,NA,CRUI,hf143-01,bowden,42.54,-72.185,D,PH.Pasture1,hardwood,obs,NA,NA,PH,DECD,NA,7,organic,7.28,2.91,0.04,0,49.85,1,20.9,NA,0.82,NA,0.608,0.60819,1,
1996,NA,NA,NA,CRUI,hf143-01,bowden,42.54,-72.185,D,PH.Pasture1,hardwood,obs,NA,NA,PH,DECD,NA,8,organic,2.4,4.24,0.177,0,44.69,1,22.22,NA,0.84,NA,0.942,0.942128,1,
1996,NA,NA,NA,CRUI,hf143-01,bowden,42.54,-72.185,D,PH.Pasture1,hardwood,obs,NA,NA,PH,DECD,NA,9,organic,5.23,4.72,0.09,0,93.19,1,48.43,NA,1.88,NA,2.286,2.285896,1,
1996,NA,NA,NA,CRUI,hf143-01,bowden,42.54,-72.185,D,PH.Pasture1,hardwood,obs,NA,NA,PH,DECD,NA,10,organic,4.58,4.08,0.089,0,96.09,1,48.85,NA,1.76,NA,1.993,1.99308,1,
1996,NA,NA,NA,CRUI,hf143-01,bowden,42.54,-72.185,E,PH.Pasture1,hardwood,obs,NA,NA,PH,DECD,NA,3,organic,8.5,NA,NA,0,NA,1,NA,NA,NA,NA,NA,NA,1,
1996,NA,NA,NA,CRUI,hf143-01,bowden,42.54,-72.185,E,PH.Pasture1,hardwood,obs,NA,NA,PH,DECD,NA,5,organic,9.25,NA,NA,0,NA,1,NA,NA,NA,NA,NA,NA,1,
1996,NA,NA,NA,CRUI,hf143-01,bowden,42.54,-72.185,E,PH.Pasture1,hardwood,obs,NA,NA,PH,DECD,NA,7,organic,6.5,NA,NA,0,NA,1,NA,NA,NA,NA,NA,NA,1,
1996,NA,NA,NA,CRUI,hf143-01,bowden,42.54,-72.185,E,PH.Pasture1,hardwood,obs,NA,NA,PH,DECD,NA,9,organic,8.38,NA,NA,0,NA,1,NA,NA,NA,NA,NA,NA,1,
1996,NA,NA,NA,CRUI,hf143-01,bowden,42.54,-72.185,F,PH.Pasture1,hardwood,obs,NA,NA,PH,DECD,NA,2,organic,3.6,5.15,0.143,0,91,1,44.55,NA,1.3,NA,2.294,2.294325,1,
1996,NA,NA,NA,CRUI,hf143-01,bowden,42.54,-72.185,F,PH.Pasture1,hardwood,obs,NA,NA,PH,DECD,NA,3,organic,9.48,6.5,0.069,0,88.93,1,46.33,NA,1.61,NA,3.011,3.01145,1,
1996,NA,NA,NA,CRUI,hf143-01,bowden,42.54,-72.185,F,PH.Pasture1,hardwood,obs,NA,NA,PH,DECD,NA,4,organic,9.6,5.82,0.061,0,92.22,1,47.38,NA,1.69,NA,2.758,2.757516,1,
1996,NA,NA,NA,CRUI,hf143-01,bowden,42.54,-72.185,F,PH.Pasture1,hardwood,obs,NA,NA,PH,DECD,NA,5,organic,7.38,4.19,0.057,0,93.99,1,48.42,NA,1.77,NA,2.029,2.028798,1,
1996,NA,NA,NA,CRUI,hf143-01,bowden,42.54,-72.185,F,PH.Pasture1,hardwood,obs,NA,NA,PH,DECD,NA,6,organic,5.9,2.72,0.046,0,89,1,43.88,NA,1.63,NA,1.194,1.193536,1,
1996,NA,NA,NA,CRUI,hf143-01,bowden,42.54,-72.185,F,PH.Pasture1,hardwood,obs,NA,NA,PH,DECD,NA,7,organic,7.1,4.33,0.061,0,95.03,1,48.03,NA,1.73,NA,2.08,2.079699,1,
1996,NA,NA,NA,CRUI,hf143-01,bowden,42.54,-72.185,F,PH.Pasture1,hardwood,obs,NA,NA,PH,DECD,NA,8,organic,7.85,5.61,0.071,0,89.5,1,47.02,NA,1.68,NA,2.638,2.637822,1,
1996,NA,NA,NA,CRUI,hf143-01,bowden,42.54,-72.185,F,PH.Pasture1,hardwood,obs,NA,NA,PH,DECD,NA,9,organic,4.48,2.86,0.064,0,87.62,1,45.73,NA,1.56,NA,1.308,1.307878,1,
1996,NA,NA,NA,CRUI,hf143-01,bowden,42.54,-72.185,F,PH.Pasture1,hardwood,obs,NA,NA,PH,DECD,NA,10,organic,8.3,5.99,0.072,0,96.01,1,48.7,NA,1.62,NA,2.917,2.91713,1,
1996,NA,NA,NA,CRUI,hf143-01,bowden,42.54,-72.185,B,PH.Pasture1,hardwood,obs,NA,NA,PH,DECD,NA,2,mineral,0-15,91.74,0.612,7.5133,10.35,1,5.16,NA,0.16,NA,4.734,4.378120607,1,
1996,NA,NA,NA,CRUI,hf143-01,bowden,42.54,-72.185,B,PH.Pasture1,hardwood,obs,NA,NA,PH,DECD,NA,3,mineral,0-15,91.7,0.611,7.5133,8.69,1,3.59,NA,0.06,NA,3.292,3.04468991,1,
1996,NA,NA,NA,CRUI,hf143-01,bowden,42.54,-72.185,B,PH.Pasture1,hardwood,obs,NA,NA,PH,DECD,NA,4,mineral,0-15,95.92,0.639,7.5133,6.95,1,2.62,NA,0.04,NA,2.513,2.324286957,1,
1996,NA,NA,NA,CRUI,hf143-01,bowden,42.54,-72.185,B,PH.Pasture1,hardwood,obs,NA,NA,PH,DECD,NA,5,mineral,0-15,93.9,0.626,7.5133,9.45,1,3.72,NA,0.03,NA,3.493,3.23063442,1,
1996,NA,NA,NA,CRUI,hf143-01,bowden,42.54,-72.185,B,PH.Pasture1,hardwood,obs,NA,NA,PH,DECD,NA,6,mineral,0-15,90.52,0.603,7.5133,8.69,1,4.48,NA,0.05,NA,4.055,3.750609446,1,
1996,NA,NA,NA,CRUI,hf143-01,bowden,42.54,-72.185,B,PH.Pasture1,hardwood,obs,NA,NA,PH,DECD,NA,7,mineral,0-15,84.97,0.566,7.5133,11.59,1,4.23,NA,0.1,NA,3.594,3.324185642,1,
1996,NA,NA,NA,CRUI,hf143-01,bowden,42.54,-72.185,B,PH.Pasture1,hardwood,obs,NA,NA,PH,DECD,NA,8,mineral,0-15,105.61,0.704,7.5133,10.13,1,3.7,NA,0.7,NA,3.908,3.613982543,1,
1996,NA,NA,NA,CRUI,hf143-01,bowden,42.54,-72.185,B,PH.Pasture1,hardwood,obs,NA,NA,PH,DECD,NA,9,mineral,0-15,121.66,0.811,7.5133,6.45,1,2.16,NA,0,NA,2.628,2.430417295,1,
1996,NA,NA,NA,CRUI,hf143-01,bowden,42.54,-72.185,B,PH.Pasture1,hardwood,obs,NA,NA,PH,DECD,NA,10,mineral,0-15,101.12,0.674,7.5133,8.82,1,6.39,NA,0.18,NA,6.462,5.976091011,1,
1996,NA,NA,NA,CRUI,hf143-01,bowden,42.54,-72.185,C,PH.Pasture1,hardwood,obs,NA,NA,PH,DECD,NA,3,mineral,0-15,NA,NA,7.5133,NA,1,NA,NA,NA,NA,NA,NA,1,
1996,NA,NA,NA,CRUI,hf143-01,bowden,42.54,-72.185,C,PH.Pasture1,hardwood,obs,NA,NA,PH,DECD,NA,5,mineral,0-15,NA,NA,7.5133,NA,1,NA,NA,NA,NA,NA,NA,1,
1996,NA,NA,NA,CRUI,hf143-01,bowden,42.54,-72.185,C,PH.Pasture1,hardwood,obs,NA,NA,PH,DECD,NA,7,mineral,0-15,NA,NA,7.5133,NA,1,NA,NA,NA,NA,NA,NA,1,
1996,NA,NA,NA,CRUI,hf143-01,bowden,42.54,-72.185,C,PH.Pasture1,hardwood,obs,NA,NA,PH,DECD,NA,9,mineral,0-15,NA,NA,7.5133,NA,1,NA,NA,NA,NA,NA,NA,1,
1996,NA,NA,NA,CRUI,hf143-01,bowden,42.54,-72.185,D,PH.Pasture1,hardwood,obs,NA,NA,PH,DECD,NA,2,mineral,0-15,96.05,0.64,7.5133,7.4,1,2.73,NA,0.02,NA,2.622,2.425153877,1,
1996,NA,NA,NA,CRUI,hf143-01,bowden,42.54,-72.185,D,PH.Pasture1,hardwood,obs,NA,NA,PH,DECD,NA,3,mineral,0-15,114.02,0.76,7.5133,9.41,1,3.07,NA,0,NA,3.5,3.237417395,1,
1996,NA,NA,NA,CRUI,hf143-01,bowden,42.54,-72.185,D,PH.Pasture1,hardwood,obs,NA,NA,PH,DECD,NA,4,mineral,0-15,76.59,0.511,7.5133,18.48,1,6.68,NA,0.24,NA,5.116,4.731815644,1,
1996,NA,NA,NA,CRUI,hf143-01,bowden,42.54,-72.185,D,PH.Pasture1,hardwood,obs,NA,NA,PH,DECD,NA,5,mineral,0-15,93.19,0.621,7.5133,9.6,1,3.79,NA,0.23,NA,3.532,3.266538682,1,
1996,NA,NA,NA,CRUI,hf143-01,bowden,42.54,-72.185,D,PH.Pasture1,hardwood,obs,NA,NA,PH,DECD,NA,6,mineral,0-15,120.42,0.803,7.5133,7.39,1,3.39,NA,0.19,NA,4.082,3.775527212,1,
1996,NA,NA,NA,CRUI,hf143-01,bowden,42.54,-72.185,D,PH.Pasture1,hardwood,obs,NA,NA,PH,DECD,NA,7,mineral,0-15,96.82,0.645,7.5133,9.67,1,2.87,NA,0.13,NA,2.779,2.569959378,1,
1996,NA,NA,NA,CRUI,hf143-01,bowden,42.54,-72.185,D,PH.Pasture1,hardwood,obs,NA,NA,PH,DECD,NA,8,mineral,0-15,88.34,0.589,7.5133,8.92,1,3.84,NA,0.12,NA,3.392,3.13738563,1,
1996,NA,NA,NA,CRUI,hf143-01,bowden,42.54,-72.185,D,PH.Pasture1,hardwood,obs,NA,NA,PH,DECD,NA,9,mineral,0-15,109.58,0.731,7.5133,8.96,1,3.95,NA,0.15,NA,4.328,4.003203571,1,
1996,NA,NA,NA,CRUI,hf143-01,bowden,42.54,-72.185,D,PH.Pasture1,hardwood,obs,NA,NA,PH,DECD,NA,10,mineral,0-15,79.72,0.531,7.5133,10.69,1,4.84,NA,0.23,NA,3.858,3.568551226,1,
1996,NA,NA,NA,CRUI,hf143-01,bowden,42.54,-72.185,E,PH.Pasture1,hardwood,obs,NA,NA,PH,DECD,NA,3,mineral,0-15,NA,NA,7.5133,NA,1,NA,NA,NA,NA,NA,NA,1,
1996,NA,NA,NA,CRUI,hf143-01,bowden,42.54,-72.185,E,PH.Pasture1,hardwood,obs,NA,NA,PH,DECD,NA,5,mineral,0-15,NA,NA,7.5133,NA,1,NA,NA,NA,NA,NA,NA,1,
1996,NA,NA,NA,CRUI,hf143-01,bowden,42.54,-72.185,E,PH.Pasture1,hardwood,obs,NA,NA,PH,DECD,NA,7,mineral,0-15,NA,NA,7.5133,NA,1,NA,NA,NA,NA,NA,NA,1,
1996,NA,NA,NA,CRUI,hf143-01,bowden,42.54,-72.185,E,PH.Pasture1,hardwood,obs,NA,NA,PH,DECD,NA,9,mineral,0-15,NA,NA,7.5133,NA,1,NA,NA,NA,NA,NA,NA,1,
1996,NA,NA,NA,CRUI,hf143-01,bowden,42.54,-72.185,F,PH.Pasture1,hardwood,obs,NA,NA,PH,DECD,NA,2,mineral,0-15,116.52,0.777,7.5133,9.6,1,3.26,NA,0.14,NA,3.799,3.513155393,1,
1996,NA,NA,NA,CRUI,hf143-01,bowden,42.54,-72.185,F,PH.Pasture1,hardwood,obs,NA,NA,PH,DECD,NA,3,mineral,0-15,96.79,0.645,7.5133,10.92,1,3.81,NA,0.1,NA,3.688,3.410631111,1,
1996,NA,NA,NA,CRUI,hf143-01,bowden,42.54,-72.185,F,PH.Pasture1,hardwood,obs,NA,NA,PH,DECD,NA,4,mineral,0-15,75.28,0.502,7.5133,11.64,1,4.32,NA,0.22,NA,3.252,3.007756271,1,
1996,NA,NA,NA,CRUI,hf143-01,bowden,42.54,-72.185,F,PH.Pasture1,hardwood,obs,NA,NA,PH,DECD,NA,5,mineral,0-15,93.64,0.624,7.5133,14.76,1,6,NA,0.21,NA,5.618,5.196272753,1,
1996,NA,NA,NA,CRUI,hf143-01,bowden,42.54,-72.185,F,PH.Pasture1,hardwood,obs,NA,NA,PH,DECD,NA,6,mineral,0-15,93.76,0.625,7.5133,11.72,1,4.37,NA,0.16,NA,4.097,3.789468658,1,
1996,NA,NA,NA,CRUI,hf143-01,bowden,42.54,-72.185,F,PH.Pasture1,hardwood,obs,NA,NA,PH,DECD,NA,7,mineral,0-15,54.1,0.361,7.5133,17.04,1,7.39,NA,0.3,NA,3.998,3.697609017,1,
1996,NA,NA,NA,CRUI,hf143-01,bowden,42.54,-72.185,F,PH.Pasture1,hardwood,obs,NA,NA,PH,DECD,NA,8,mineral,0-15,91.4,0.609,7.5133,14.63,1,5.48,NA,0.18,NA,5.009,4.63239984,1,
1996,NA,NA,NA,CRUI,hf143-01,bowden,42.54,-72.185,F,PH.Pasture1,hardwood,obs,NA,NA,PH,DECD,NA,9,mineral,0-15,88.35,0.589,7.5133,9.35,1,3.51,NA,0.11,NA,3.101,2.868091181,1,
1996,NA,NA,NA,CRUI,hf143-01,bowden,42.54,-72.185,F,PH.Pasture1,hardwood,obs,NA,NA,PH,DECD,NA,10,mineral,0-15,80.95,0.54,7.5133,13.01,1,7.28,NA,0.25,NA,5.893,5.45038921,1,
1996,NA,NA,NA,CRUI,hf143-01,bowden,42.54,-72.185,B,PH.Pasture2,hardwood,obs,NA,NA,PH,DECD,NA,2,organic,3.6,1.97,0.055,0,80.81,1,45.06,NA,1.68,NA,0.888,0.887682,1,
1996,NA,NA,NA,CRUI,hf143-01,bowden,42.54,-72.185,B,PH.Pasture2,hardwood,obs,NA,NA,PH,DECD,NA,3,organic,3.38,2.63,0.078,0,94.46,1,47.7,NA,1.93,NA,1.255,1.25451,1,
1996,NA,NA,NA,CRUI,hf143-01,bowden,42.54,-72.185,B,PH.Pasture2,hardwood,obs,NA,NA,PH,DECD,NA,4,organic,3.28,2.54,0.078,0,93.08,1,48.52,NA,1.85,NA,1.232,1.232408,1,
1996,NA,NA,NA,CRUI,hf143-01,bowden,42.54,-72.185,B,PH.Pasture2,hardwood,obs,NA,NA,PH,DECD,NA,5,organic,5.33,3.28,0.062,0,91.36,1,47.98,NA,1.78,NA,1.574,1.573744,1,
1996,NA,NA,NA,CRUI,hf143-01,bowden,42.54,-72.185,B,PH.Pasture2,hardwood,obs,NA,NA,PH,DECD,NA,6,organic,4.08,3.46,0.085,0,92.56,1,47.1,NA,1.78,NA,1.63,1.62966,1,
1996,NA,NA,NA,CRUI,hf143-01,bowden,42.54,-72.185,B,PH.Pasture2,hardwood,obs,NA,NA,PH,DECD,NA,7,organic,3.43,4.65,0.136,0,65.47,1,34.55,NA,1.31,NA,1.607,1.606575,1,
1996,NA,NA,NA,CRUI,hf143-01,bowden,42.54,-72.185,B,PH.Pasture2,hardwood,obs,NA,NA,PH,DECD,NA,8,organic,2.78,3.38,0.122,0,92.09,1,48.02,NA,1.48,NA,1.623,1.623076,1,
1996,NA,NA,NA,CRUI,hf143-01,bowden,42.54,-72.185,B,PH.Pasture2,hardwood,obs,NA,NA,PH,DECD,NA,9,organic,5.38,3.5,0.065,0,91.03,1,46.46,NA,1.78,NA,1.626,1.6261,1,
1996,NA,NA,NA,CRUI,hf143-01,bowden,42.54,-72.185,B,PH.Pasture2,hardwood,obs,NA,NA,PH,DECD,NA,10,organic,10.35,4.81,0.046,0,95.21,1,48.87,NA,1.57,NA,2.351,2.350647,1,
1996,NA,NA,NA,CRUI,hf143-01,bowden,42.54,-72.185,C,PH.Pasture2,hardwood,obs,NA,NA,PH,DECD,NA,3,organic,5.13,NA,NA,0,NA,1,NA,NA,NA,NA,NA,NA,1,
1996,NA,NA,NA,CRUI,hf143-01,bowden,42.54,-72.185,C,PH.Pasture2,hardwood,obs,NA,NA,PH,DECD,NA,5,organic,7.63,NA,NA,0,NA,1,NA,NA,NA,NA,NA,NA,1,
1996,NA,NA,NA,CRUI,hf143-01,bowden,42.54,-72.185,C,PH.Pasture2,hardwood,obs,NA,NA,PH,DECD,NA,7,organic,5.75,NA,NA,0,NA,1,NA,NA,NA,NA,NA,NA,1,
1996,NA,NA,NA,CRUI,hf143-01,bowden,42.54,-72.185,C,PH.Pasture2,hardwood,obs,NA,NA,PH,DECD,NA,9,organic,6.75,NA,NA,0,NA,1,NA,NA,NA,NA,NA,NA,1,
1996,NA,NA,NA,CRUI,hf143-01,bowden,42.54,-72.185,D,PH.Pasture2,hardwood,obs,NA,NA,PH,DECD,NA,2,organic,4.13,2.31,0.056,0,87.08,1,45.79,NA,1.73,NA,1.058,1.057749,1,
1996,NA,NA,NA,CRUI,hf143-01,bowden,42.54,-72.185,D,PH.Pasture2,hardwood,obs,NA,NA,PH,DECD,NA,3,organic,4.53,1.29,0.028,0,96.45,1,50.08,NA,1.75,NA,0.646,0.646032,1,
1996,NA,NA,NA,CRUI,hf143-01,bowden,42.54,-72.185,D,PH.Pasture2,hardwood,obs,NA,NA,PH,DECD,NA,4,organic,2.58,4.17,0.162,0,75.56,1,39.93,NA,1.02,NA,1.665,1.665081,1,
1996,NA,NA,NA,CRUI,hf143-01,bowden,42.54,-72.185,D,PH.Pasture2,hardwood,obs,NA,NA,PH,DECD,NA,5,organic,7.43,2.36,0.032,0,86.86,1,44.78,NA,1.52,NA,1.057,1.056808,1,
1996,NA,NA,NA,CRUI,hf143-01,bowden,42.54,-72.185,D,PH.Pasture2,hardwood,obs,NA,NA,PH,DECD,NA,6,organic,4.2,5.02,0.12,0,75.23,1,44.54,NA,1.64,NA,2.236,2.235908,1,
1996,NA,NA,NA,CRUI,hf143-01,bowden,42.54,-72.185,D,PH.Pasture2,hardwood,obs,NA,NA,PH,DECD,NA,7,organic,8.2,3.06,0.037,0,78.18,1,37.32,NA,1.26,NA,1.142,1.141992,1,
1996,NA,NA,NA,CRUI,hf143-01,bowden,42.54,-72.185,D,PH.Pasture2,hardwood,obs,NA,NA,PH,DECD,NA,8,organic,2.83,2.63,0.093,0,57.24,1,38.17,NA,1.32,NA,1.004,1.003871,1,
1996,NA,NA,NA,CRUI,hf143-01,bowden,42.54,-72.185,D,PH.Pasture2,hardwood,obs,NA,NA,PH,DECD,NA,9,organic,5.83,2.89,0.05,0,93.55,1,47.44,NA,1.84,NA,1.371,1.371016,1,
1996,NA,NA,NA,CRUI,hf143-01,bowden,42.54,-72.185,D,PH.Pasture2,hardwood,obs,NA,NA,PH,DECD,NA,10,organic,4.25,3.06,0.072,0,89.22,1,41.46,NA,1.61,NA,1.269,1.268676,1,
1996,NA,NA,NA,CRUI,hf143-01,bowden,42.54,-72.185,E,PH.Pasture2,hardwood,obs,NA,NA,PH,DECD,NA,3,organic,7,NA,NA,0,NA,1,NA,NA,NA,NA,NA,NA,1,
1996,NA,NA,NA,CRUI,hf143-01,bowden,42.54,-72.185,E,PH.Pasture2,hardwood,obs,NA,NA,PH,DECD,NA,5,organic,8.5,NA,NA,0,NA,1,NA,NA,NA,NA,NA,NA,1,
1996,NA,NA,NA,CRUI,hf143-01,bowden,42.54,-72.185,E,PH.Pasture2,hardwood,obs,NA,NA,PH,DECD,NA,7,organic,3.13,NA,NA,0,NA,1,NA,NA,NA,NA,NA,NA,1,
1996,NA,NA,NA,CRUI,hf143-01,bowden,42.54,-72.185,E,PH.Pasture2,hardwood,obs,NA,NA,PH,DECD,NA,9,organic,9.38,NA,NA,0,NA,1,NA,NA,NA,NA,NA,NA,1,
1996,NA,NA,NA,CRUI,hf143-01,bowden,42.54,-72.185,F,PH.Pasture2,hardwood,obs,NA,NA,PH,DECD,NA,2,organic,4.35,3.92,0.09,0,79.48,1,39.12,NA,1.34,NA,1.534,1.533504,1,
1996,NA,NA,NA,CRUI,hf143-01,bowden,42.54,-72.185,F,PH.Pasture2,hardwood,obs,NA,NA,PH,DECD,NA,3,organic,5.63,4.89,0.087,0,92.01,1,48.5,NA,1.68,NA,2.372,2.37165,1,
1996,NA,NA,NA,CRUI,hf143-01,bowden,42.54,-72.185,F,PH.Pasture2,hardwood,obs,NA,NA,PH,DECD,NA,4,organic,6.18,3.65,0.059,0,86.28,1,NA,NA,NA,NA,NA,NA,1,
1996,NA,NA,NA,CRUI,hf143-01,bowden,42.54,-72.185,F,PH.Pasture2,hardwood,obs,NA,NA,PH,DECD,NA,5,organic,6.8,4.19,0.062,0,82.21,1,45.9,NA,1.5,NA,1.923,1.92321,1,
1996,NA,NA,NA,CRUI,hf143-01,bowden,42.54,-72.185,F,PH.Pasture2,hardwood,obs,NA,NA,PH,DECD,NA,6,organic,8.4,5.76,0.069,0,91.56,1,47.88,NA,1.88,NA,2.758,2.757888,1,
1996,NA,NA,NA,CRUI,hf143-01,bowden,42.54,-72.185,F,PH.Pasture2,hardwood,obs,NA,NA,PH,DECD,NA,7,organic,5.93,4.1,0.069,0,89.65,1,47.03,NA,1.68,NA,1.928,1.92823,1,
1996,NA,NA,NA,CRUI,hf143-01,bowden,42.54,-72.185,F,PH.Pasture2,hardwood,obs,NA,NA,PH,DECD,NA,8,organic,3.83,3.79,0.099,0,41.53,1,NA,NA,NA,NA,NA,NA,1,
1996,NA,NA,NA,CRUI,hf143-01,bowden,42.54,-72.185,F,PH.Pasture2,hardwood,obs,NA,NA,PH,DECD,NA,9,organic,4.7,4.47,0.095,0,92.81,1,48.04,NA,1.77,NA,2.147,2.147388,1,
1996,NA,NA,NA,CRUI,hf143-01,bowden,42.54,-72.185,F,PH.Pasture2,hardwood,obs,NA,NA,PH,DECD,NA,10,organic,4.98,5.07,0.102,0,91.21,1,46.26,NA,1.75,NA,2.345,2.345382,1,
1996,NA,NA,NA,CRUI,hf143-01,bowden,42.54,-72.185,B,PH.Pasture2,hardwood,obs,NA,NA,PH,DECD,NA,2,mineral,0-15,113.59,0.757,7.5133,8.51,1,3.99,NA,0.14,NA,4.532,4.191720137,1,
1996,NA,NA,NA,CRUI,hf143-01,bowden,42.54,-72.185,B,PH.Pasture2,hardwood,obs,NA,NA,PH,DECD,NA,3,mineral,0-15,91.17,0.608,7.5133,9.08,1,2.73,NA,0.07,NA,2.489,2.301939396,1,
1996,NA,NA,NA,CRUI,hf143-01,bowden,42.54,-72.185,B,PH.Pasture2,hardwood,obs,NA,NA,PH,DECD,NA,4,mineral,0-15,89.88,0.599,7.5133,10.51,1,4.94,NA,0.22,NA,4.44,4.10647607,1,
1996,NA,NA,NA,CRUI,hf143-01,bowden,42.54,-72.185,B,PH.Pasture2,hardwood,obs,NA,NA,PH,DECD,NA,5,mineral,0-15,87.68,0.585,7.5133,10.29,1,6.21,NA,0.18,NA,5.445,5.035834225,1,
1996,NA,NA,NA,CRUI,hf143-01,bowden,42.54,-72.185,B,PH.Pasture2,hardwood,obs,NA,NA,PH,DECD,NA,6,mineral,0-15,102.73,0.685,7.5133,12,1,5.12,NA,0.16,NA,5.26,4.86459325,1,
1996,NA,NA,NA,CRUI,hf143-01,bowden,42.54,-72.185,B,PH.Pasture2,hardwood,obs,NA,NA,PH,DECD,NA,7,mineral,0-15,74.22,0.495,7.5133,13.59,1,9.63,NA,0.35,NA,7.147,6.610381448,1,
1996,NA,NA,NA,CRUI,hf143-01,bowden,42.54,-72.185,B,PH.Pasture2,hardwood,obs,NA,NA,PH,DECD,NA,8,mineral,0-15,75.48,0.503,7.5133,10.35,1,4.4,NA,0.1,NA,3.321,3.071594291,1,
1996,NA,NA,NA,CRUI,hf143-01,bowden,42.54,-72.185,B,PH.Pasture2,hardwood,obs,NA,NA,PH,DECD,NA,9,mineral,0-15,89.07,0.594,7.5133,11.03,1,5.84,NA,0.24,NA,5.202,4.810869575,1,
1996,NA,NA,NA,CRUI,hf143-01,bowden,42.54,-72.185,B,PH.Pasture2,hardwood,obs,NA,NA,PH,DECD,NA,10,mineral,0-15,98.47,0.656,7.5133,8.17,1,4.5,NA,0.13,NA,4.431,4.098224407,1,
1996,NA,NA,NA,CRUI,hf143-01,bowden,42.54,-72.185,C,PH.Pasture2,hardwood,obs,NA,NA,PH,DECD,NA,3,mineral,0-15,NA,NA,7.5133,NA,1,NA,NA,NA,NA,NA,NA,1,
1996,NA,NA,NA,CRUI,hf143-01,bowden,42.54,-72.185,C,PH.Pasture2,hardwood,obs,NA,NA,PH,DECD,NA,5,mineral,0-15,NA,NA,7.5133,NA,1,NA,NA,NA,NA,NA,NA,1,
1996,NA,NA,NA,CRUI,hf143-01,bowden,42.54,-72.185,C,PH.Pasture2,hardwood,obs,NA,NA,PH,DECD,NA,7,mineral,0-15,NA,NA,7.5133,NA,1,NA,NA,NA,NA,NA,NA,1,
1996,NA,NA,NA,CRUI,hf143-01,bowden,42.54,-72.185,C,PH.Pasture2,hardwood,obs,NA,NA,PH,DECD,NA,9,mineral,0-15,NA,NA,7.5133,NA,1,NA,NA,NA,NA,NA,NA,1,
1996,NA,NA,NA,CRUI,hf143-01,bowden,42.54,-72.185,D,PH.Pasture2,hardwood,obs,NA,NA,PH,DECD,NA,2,mineral,0-15,77.49,0.517,7.5133,13.88,1,7.17,NA,0.23,NA,5.556,5.138591573,1,
1996,NA,NA,NA,CRUI,hf143-01,bowden,42.54,-72.185,D,PH.Pasture2,hardwood,obs,NA,NA,PH,DECD,NA,3,mineral,0-15,98.13,0.654,7.5133,10.22,1,4.38,NA,0.21,NA,4.298,3.975165303,1,
1996,NA,NA,NA,CRUI,hf143-01,bowden,42.54,-72.185,D,PH.Pasture2,hardwood,obs,NA,NA,PH,DECD,NA,4,mineral,0-15,86.75,0.578,7.5133,10.59,1,3.7,NA,0.13,NA,3.21,2.968591853,1,
1996,NA,NA,NA,CRUI,hf143-01,bowden,42.54,-72.185,D,PH.Pasture2,hardwood,obs,NA,NA,PH,DECD,NA,5,mineral,0-15,108.54,0.724,7.5133,9.54,1,4.35,NA,0.17,NA,4.721,4.366750292,1,
1996,NA,NA,NA,CRUI,hf143-01,bowden,42.54,-72.185,D,PH.Pasture2,hardwood,obs,NA,NA,PH,DECD,NA,6,mineral,0-15,90.04,0.6,7.5133,13.59,1,5.74,NA,0.22,NA,5.168,4.779986417,1,
1996,NA,NA,NA,CRUI,hf143-01,bowden,42.54,-72.185,D,PH.Pasture2,hardwood,obs,NA,NA,PH,DECD,NA,7,mineral,0-15,114.52,0.763,7.5133,6.65,1,2.89,NA,0.08,NA,3.31,3.060965719,1,
1996,NA,NA,NA,CRUI,hf143-01,bowden,42.54,-72.185,D,PH.Pasture2,hardwood,obs,NA,NA,PH,DECD,NA,8,mineral,0-15,107.5,0.717,7.5133,8.52,1,8.64,NA,0.24,NA,9.288,8.590164696,1,
1996,NA,NA,NA,CRUI,hf143-01,bowden,42.54,-72.185,D,PH.Pasture2,hardwood,obs,NA,NA,PH,DECD,NA,9,mineral,0-15,83.41,0.556,7.5133,9.53,1,5.27,NA,0.17,NA,4.396,4.065444346,1,
1996,NA,NA,NA,CRUI,hf143-01,bowden,42.54,-72.185,D,PH.Pasture2,hardwood,obs,NA,NA,PH,DECD,NA,10,mineral,0-15,100.24,0.668,7.5133,11.98,1,NA,NA,NA,NA,NA,NA,1,
1996,NA,NA,NA,CRUI,hf143-01,bowden,42.54,-72.185,E,PH.Pasture2,hardwood,obs,NA,NA,PH,DECD,NA,3,mineral,0-15,NA,NA,7.5133,NA,1,NA,NA,NA,NA,NA,NA,1,
1996,NA,NA,NA,CRUI,hf143-01,bowden,42.54,-72.185,E,PH.Pasture2,hardwood,obs,NA,NA,PH,DECD,NA,5,mineral,0-15,NA,NA,7.5133,NA,1,NA,NA,NA,NA,NA,NA,1,
1996,NA,NA,NA,CRUI,hf143-01,bowden,42.54,-72.185,E,PH.Pasture2,hardwood,obs,NA,NA,PH,DECD,NA,7,mineral,0-15,NA,NA,7.5133,NA,1,NA,NA,NA,NA,NA,NA,1,
1996,NA,NA,NA,CRUI,hf143-01,bowden,42.54,-72.185,E,PH.Pasture2,hardwood,obs,NA,NA,PH,DECD,NA,9,mineral,0-15,NA,NA,7.5133,NA,1,NA,NA,NA,NA,NA,NA,1,
1996,NA,NA,NA,CRUI,hf143-01,bowden,42.54,-72.185,F,PH.Pasture2,hardwood,obs,NA,NA,PH,DECD,NA,2,mineral,0-15,104.15,0.694,7.5133,9.61,1,4,NA,0.12,NA,4.166,3.852995922,1,
1996,NA,NA,NA,CRUI,hf143-01,bowden,42.54,-72.185,F,PH.Pasture2,hardwood,obs,NA,NA,PH,DECD,NA,3,mineral,0-15,95.87,0.639,7.5133,8.65,1,3.44,NA,0.13,NA,3.298,3.050144776,1,
1996,NA,NA,NA,CRUI,hf143-01,bowden,42.54,-72.185,F,PH.Pasture2,hardwood,obs,NA,NA,PH,DECD,NA,4,mineral,0-15,102.88,0.686,7.5133,8.59,1,3.45,NA,0.13,NA,3.549,3.282685935,1,
1996,NA,NA,NA,CRUI,hf143-01,bowden,42.54,-72.185,F,PH.Pasture2,hardwood,obs,NA,NA,PH,DECD,NA,5,mineral,0-15,95.22,0.635,7.5133,8.25,1,4.59,NA,0.14,NA,4.371,4.04222186,1,
1996,NA,NA,NA,CRUI,hf143-01,bowden,42.54,-72.185,F,PH.Pasture2,hardwood,obs,NA,NA,PH,DECD,NA,6,mineral,0-15,106.32,0.709,7.5133,8.21,1,3.86,NA,0.12,NA,4.104,3.795609774,1,
1996,NA,NA,NA,CRUI,hf143-01,bowden,42.54,-72.185,F,PH.Pasture2,hardwood,obs,NA,NA,PH,DECD,NA,7,mineral,0-15,100.2,0.668,7.5133,8.23,1,4.21,NA,0.12,NA,4.218,3.90147745,1,
1996,NA,NA,NA,CRUI,hf143-01,bowden,42.54,-72.185,F,PH.Pasture2,hardwood,obs,NA,NA,PH,DECD,NA,8,mineral,0-15,128.58,0.857,7.5133,5.95,1,3.21,NA,0.05,NA,4.127,3.817312703,1,
1996,NA,NA,NA,CRUI,hf143-01,bowden,42.54,-72.185,F,PH.Pasture2,hardwood,obs,NA,NA,PH,DECD,NA,9,mineral,0-15,118.97,0.793,7.5133,9.56,1,3.42,NA,0.05,NA,4.069,3.763074803,1,
1996,NA,NA,NA,CRUI,hf143-01,bowden,42.54,-72.185,F,PH.Pasture2,hardwood,obs,NA,NA,PH,DECD,NA,10,mineral,0-15,113.77,0.758,7.5133,9.38,1,4.5,NA,0.01,NA,5.12,4.734995337,1,
1996,NA,NA,NA,CRUI,hf143-01,bowden,42.54,-72.185,B,PH.Woodlot1,hardwood,obs,NA,NA,PH,DECD,NA,2,organic,7.5,3.57,0.048,0,88.73,1,44.83,NA,1.64,NA,1.6,1.600431,1,
1996,NA,NA,NA,CRUI,hf143-01,bowden,42.54,-72.185,B,PH.Woodlot1,hardwood,obs,NA,NA,PH,DECD,NA,3,organic,4.08,2.75,0.068,0,88.73,1,45.33,NA,1.84,NA,1.247,1.246575,1,
1996,NA,NA,NA,CRUI,hf143-01,bowden,42.54,-72.185,B,PH.Woodlot1,hardwood,obs,NA,NA,PH,DECD,NA,4,organic,1.78,1.9,0.107,0,66.64,1,38.02,NA,1.57,NA,0.722,0.72238,1,
1996,NA,NA,NA,CRUI,hf143-01,bowden,42.54,-72.185,B,PH.Woodlot1,hardwood,obs,NA,NA,PH,DECD,NA,5,organic,6.28,2.77,0.044,0,94.9,1,49.4,NA,1.87,NA,1.368,1.36838,1,
1996,NA,NA,NA,CRUI,hf143-01,bowden,42.54,-72.185,B,PH.Woodlot1,hardwood,obs,NA,NA,PH,DECD,NA,6,organic,5.8,2.81,0.049,0,92.28,1,47.43,NA,1.79,NA,1.333,1.332783,1,
1996,NA,NA,NA,CRUI,hf143-01,bowden,42.54,-72.185,B,PH.Woodlot1,hardwood,obs,NA,NA,PH,DECD,NA,7,organic,7.55,5.69,0.075,0,90.85,1,47.85,NA,1.71,NA,2.723,2.722665,1,
1996,NA,NA,NA,CRUI,hf143-01,bowden,42.54,-72.185,B,PH.Woodlot1,hardwood,obs,NA,NA,PH,DECD,NA,8,organic,12.35,4.13,0.033,0,89.92,1,46.87,NA,1.65,NA,1.936,1.935731,1,
1996,NA,NA,NA,CRUI,hf143-01,bowden,42.54,-72.185,B,PH.Woodlot1,hardwood,obs,NA,NA,PH,DECD,NA,9,organic,9.95,6.57,0.066,0,96.8,1,48.44,NA,1.77,NA,3.183,3.182508,1,
1996,NA,NA,NA,CRUI,hf143-01,bowden,42.54,-72.185,B,PH.Woodlot1,hardwood,obs,NA,NA,PH,DECD,NA,10,organic,9.68,4.04,0.042,0,95.46,1,48.89,NA,1.71,NA,1.975,1.975156,1,
1996,NA,NA,NA,CRUI,hf143-01,bowden,42.54,-72.185,C,PH.Woodlot1,hardwood,obs,NA,NA,PH,DECD,NA,3,organic,4.5,NA,NA,0,NA,1,NA,NA,NA,NA,NA,NA,1,
1996,NA,NA,NA,CRUI,hf143-01,bowden,42.54,-72.185,C,PH.Woodlot1,hardwood,obs,NA,NA,PH,DECD,NA,5,organic,6.3,NA,NA,0,NA,1,NA,NA,NA,NA,NA,NA,1,
1996,NA,NA,NA,CRUI,hf143-01,bowden,42.54,-72.185,C,PH.Woodlot1,hardwood,obs,NA,NA,PH,DECD,NA,7,organic,5.55,NA,NA,0,NA,1,NA,NA,NA,NA,NA,NA,1,
1996,NA,NA,NA,CRUI,hf143-01,bowden,42.54,-72.185,C,PH.Woodlot1,hardwood,obs,NA,NA,PH,DECD,NA,9,organic,9.53,NA,NA,0,NA,1,NA,NA,NA,NA,NA,NA,1,
1996,NA,NA,NA,CRUI,hf143-01,bowden,42.54,-72.185,D,PH.Woodlot1,hardwood,obs,NA,NA,PH,DECD,NA,2,organic,2.4,4.49,0.187,0,72.22,1,33.21,NA,1.24,NA,1.491,1.491129,1,
1996,NA,NA,NA,CRUI,hf143-01,bowden,42.54,-72.185,D,PH.Woodlot1,hardwood,obs,NA,NA,PH,DECD,NA,3,organic,3.18,1.87,0.059,0,87.08,1,45.52,NA,1.79,NA,0.851,0.851224,1,
1996,NA,NA,NA,CRUI,hf143-01,bowden,42.54,-72.185,D,PH.Woodlot1,hardwood,obs,NA,NA,PH,DECD,NA,4,organic,6.1,2.83,0.046,0,90.98,1,45.31,NA,1.58,NA,1.282,1.282273,1,
1996,NA,NA,NA,CRUI,hf143-01,bowden,42.54,-72.185,D,PH.Woodlot1,hardwood,obs,NA,NA,PH,DECD,NA,5,organic,5.65,2.91,0.051,0,87.39,1,46.45,NA,1.9,NA,1.352,1.351695,1,
1996,NA,NA,NA,CRUI,hf143-01,bowden,42.54,-72.185,D,PH.Woodlot1,hardwood,obs,NA,NA,PH,DECD,NA,6,organic,4.93,2.65,0.054,0,89.87,1,46.44,NA,1.74,NA,1.231,1.23066,1,
1996,NA,NA,NA,CRUI,hf143-01,bowden,42.54,-72.185,D,PH.Woodlot1,hardwood,obs,NA,NA,PH,DECD,NA,7,organic,6.95,5.68,0.082,0,95.16,1,48.29,NA,1.79,NA,2.743,2.742872,1,
1996,NA,NA,NA,CRUI,hf143-01,bowden,42.54,-72.185,D,PH.Woodlot1,hardwood,obs,NA,NA,PH,DECD,NA,8,organic,3.15,6.19,0.197,0,95.56,1,48.3,NA,1.87,NA,2.99,2.98977,1,
1996,NA,NA,NA,CRUI,hf143-01,bowden,42.54,-72.185,D,PH.Woodlot1,hardwood,obs,NA,NA,PH,DECD,NA,9,organic,7.25,4.46,0.062,0,93.58,1,47.37,NA,1.73,NA,2.113,2.112702,1,
1996,NA,NA,NA,CRUI,hf143-01,bowden,42.54,-72.185,D,PH.Woodlot1,hardwood,obs,NA,NA,PH,DECD,NA,10,organic,6.65,4.74,0.071,0,94.42,1,48.34,NA,1.83,NA,2.291,2.291316,1,
1996,NA,NA,NA,CRUI,hf143-01,bowden,42.54,-72.185,E,PH.Woodlot1,hardwood,obs,NA,NA,PH,DECD,NA,3,organic,6.25,NA,NA,0,NA,1,NA,NA,NA,NA,NA,NA,1,
1996,NA,NA,NA,CRUI,hf143-01,bowden,42.54,-72.185,E,PH.Woodlot1,hardwood,obs,NA,NA,PH,DECD,NA,5,organic,7.3,NA,NA,0,NA,1,NA,NA,NA,NA,NA,NA,1,
1996,NA,NA,NA,CRUI,hf143-01,bowden,42.54,-72.185,E,PH.Woodlot1,hardwood,obs,NA,NA,PH,DECD,NA,7,organic,8.13,NA,NA,0,NA,1,NA,NA,NA,NA,NA,NA,1,
1996,NA,NA,NA,CRUI,hf143-01,bowden,42.54,-72.185,E,PH.Woodlot1,hardwood,obs,NA,NA,PH,DECD,NA,9,organic,6.5,NA,NA,0,NA,1,NA,NA,NA,NA,NA,NA,1,
1996,NA,NA,NA,CRUI,hf143-01,bowden,42.54,-72.185,F,PH.Woodlot1,hardwood,obs,NA,NA,PH,DECD,NA,2,organic,3.75,1.69,0.045,0,76.59,1,45.84,NA,1.56,NA,0.775,0.774696,1,
1996,NA,NA,NA,CRUI,hf143-01,bowden,42.54,-72.185,F,PH.Woodlot1,hardwood,obs,NA,NA,PH,DECD,NA,3,organic,4.58,2.35,0.051,0,52.58,1,27.23,NA,0.97,NA,0.64,0.639905,1,
1996,NA,NA,NA,CRUI,hf143-01,bowden,42.54,-72.185,F,PH.Woodlot1,hardwood,obs,NA,NA,PH,DECD,NA,4,organic,5.88,5.25,0.089,0,95.16,1,48.28,NA,1.96,NA,2.535,2.5347,1,
1996,NA,NA,NA,CRUI,hf143-01,bowden,42.54,-72.185,F,PH.Woodlot1,hardwood,obs,NA,NA,PH,DECD,NA,5,organic,7.28,4.84,0.067,0,95.13,1,48.59,NA,1.89,NA,2.352,2.351756,1,
1996,NA,NA,NA,CRUI,hf143-01,bowden,42.54,-72.185,F,PH.Woodlot1,hardwood,obs,NA,NA,PH,DECD,NA,6,organic,15.25,3.46,0.023,0,94.91,1,NA,NA,NA,NA,NA,NA,1,
1996,NA,NA,NA,CRUI,hf143-01,bowden,42.54,-72.185,F,PH.Woodlot1,hardwood,obs,NA,NA,PH,DECD,NA,7,organic,10.6,3.46,0.033,0,94.57,1,48.27,NA,1.86,NA,1.67,1.670142,1,
1996,NA,NA,NA,CRUI,hf143-01,bowden,42.54,-72.185,F,PH.Woodlot1,hardwood,obs,NA,NA,PH,DECD,NA,8,organic,8.7,1.93,0.022,0,93.55,1,44.56,NA,1.74,NA,0.86,0.860008,1,
1996,NA,NA,NA,CRUI,hf143-01,bowden,42.54,-72.185,F,PH.Woodlot1,hardwood,obs,NA,NA,PH,DECD,NA,9,organic,10.93,2.93,0.027,0,92.11,1,45.31,NA,1.91,NA,1.328,1.327583,1,
1996,NA,NA,NA,CRUI,hf143-01,bowden,42.54,-72.185,F,PH.Woodlot1,hardwood,obs,NA,NA,PH,DECD,NA,10,organic,10.35,4.46,0.043,0,92.44,1,44.9,NA,1.97,NA,2.003,2.00254,1,
1996,NA,NA,NA,CRUI,hf143-01,bowden,42.54,-72.185,B,PH.Woodlot1,hardwood,obs,NA,NA,PH,DECD,NA,2,mineral,0-15,70.34,0.469,7.5133,17.94,1,9.29,NA,0.27,NA,6.535,6.04362295,1,
1996,NA,NA,NA,CRUI,hf143-01,bowden,42.54,-72.185,B,PH.Woodlot1,hardwood,obs,NA,NA,PH,DECD,NA,3,mineral,0-15,102.44,0.683,7.5133,10.41,1,4.4,NA,0.13,NA,4.507,4.168708521,1,
1996,NA,NA,NA,CRUI,hf143-01,bowden,42.54,-72.185,B,PH.Woodlot1,hardwood,obs,NA,NA,PH,DECD,NA,4,mineral,0-15,100.85,0.672,7.5133,10.3,1,3.84,NA,0.14,NA,3.873,3.581676939,1,
1996,NA,NA,NA,CRUI,hf143-01,bowden,42.54,-72.185,B,PH.Woodlot1,hardwood,obs,NA,NA,PH,DECD,NA,5,mineral,0-15,75.84,0.506,7.5133,11.87,1,5.68,NA,0.12,NA,4.308,3.984060674,1,
1996,NA,NA,NA,CRUI,hf143-01,bowden,42.54,-72.185,B,PH.Woodlot1,hardwood,obs,NA,NA,PH,DECD,NA,6,mineral,0-15,92.32,0.615,7.5133,7.45,1,4.77,NA,0.09,NA,4.404,4.072803513,1,
1996,NA,NA,NA,CRUI,hf143-01,bowden,42.54,-72.185,B,PH.Woodlot1,hardwood,obs,NA,NA,PH,DECD,NA,7,mineral,0-15,81.72,0.545,7.5133,11.51,1,7.23,NA,0.22,NA,5.908,5.464443489,1,
1996,NA,NA,NA,CRUI,hf143-01,bowden,42.54,-72.185,B,PH.Woodlot1,hardwood,obs,NA,NA,PH,DECD,NA,8,mineral,0-15,55.66,0.371,7.5133,19.44,1,10.65,NA,0.29,NA,5.928,5.482417354,1,
1996,NA,NA,NA,CRUI,hf143-01,bowden,42.54,-72.185,B,PH.Woodlot1,hardwood,obs,NA,NA,PH,DECD,NA,9,mineral,0-15,87.85,0.586,7.5133,12.23,1,12.57,NA,0.45,NA,11.043,10.21307044,1,
1996,NA,NA,NA,CRUI,hf143-01,bowden,42.54,-72.185,B,PH.Woodlot1,hardwood,obs,NA,NA,PH,DECD,NA,10,mineral,0-15,62.4,0.416,7.5133,20.22,1,9.14,NA,0.38,NA,5.703,5.274849453,1,
1996,NA,NA,NA,CRUI,hf143-01,bowden,42.54,-72.185,C,PH.Woodlot1,hardwood,obs,NA,NA,PH,DECD,NA,3,mineral,0-15,NA,NA,7.5133,NA,1,NA,NA,NA,NA,NA,NA,1,
1996,NA,NA,NA,CRUI,hf143-01,bowden,42.54,-72.185,C,PH.Woodlot1,hardwood,obs,NA,NA,PH,DECD,NA,5,mineral,0-15,NA,NA,7.5133,NA,1,NA,NA,NA,NA,NA,NA,1,
1996,NA,NA,NA,CRUI,hf143-01,bowden,42.54,-72.185,C,PH.Woodlot1,hardwood,obs,NA,NA,PH,DECD,NA,7,mineral,0-15,NA,NA,7.5133,NA,1,NA,NA,NA,NA,NA,NA,1,
1996,NA,NA,NA,CRUI,hf143-01,bowden,42.54,-72.185,C,PH.Woodlot1,hardwood,obs,NA,NA,PH,DECD,NA,9,mineral,0-15,NA,NA,7.5133,NA,1,NA,NA,NA,NA,NA,NA,1,
1996,NA,NA,NA,CRUI,hf143-01,bowden,42.54,-72.185,D,PH.Woodlot1,hardwood,obs,NA,NA,PH,DECD,NA,2,mineral,0-15,95.93,0.64,7.5133,12.21,1,6.41,NA,0.24,NA,6.149,5.687111693,1,
1996,NA,NA,NA,CRUI,hf143-01,bowden,42.54,-72.185,D,PH.Woodlot1,hardwood,obs,NA,NA,PH,DECD,NA,3,mineral,0-15,75,0.5,7.5133,11.91,1,7.37,NA,0.25,NA,5.528,5.112202343,1,
1996,NA,NA,NA,CRUI,hf143-01,bowden,42.54,-72.185,D,PH.Woodlot1,hardwood,obs,NA,NA,PH,DECD,NA,4,mineral,0-15,98.39,0.656,7.5133,11.18,1,6.01,NA,0.18,NA,5.913,5.468959614,1,
1996,NA,NA,NA,CRUI,hf143-01,bowden,42.54,-72.185,D,PH.Woodlot1,hardwood,obs,NA,NA,PH,DECD,NA,5,mineral,0-15,85.03,0.567,7.5133,14.62,1,5.96,NA,0.24,NA,5.068,4.687029884,1,
1996,NA,NA,NA,CRUI,hf143-01,bowden,42.54,-72.185,D,PH.Woodlot1,hardwood,obs,NA,NA,PH,DECD,NA,6,mineral,0-15,100.18,0.668,7.5133,11.15,1,5.5,NA,0.24,NA,5.51,5.095924683,1,
1996,NA,NA,NA,CRUI,hf143-01,bowden,42.54,-72.185,D,PH.Woodlot1,hardwood,obs,NA,NA,PH,DECD,NA,7,mineral,0-15,66.63,0.444,7.5133,21.52,1,14.18,NA,0.36,NA,9.448,8.738267348,1,
1996,NA,NA,NA,CRUI,hf143-01,bowden,42.54,-72.185,D,PH.Woodlot1,hardwood,obs,NA,NA,PH,DECD,NA,8,mineral,0-15,67.78,0.452,7.5133,15.94,1,6.55,NA,0.22,NA,4.44,4.106030285,1,
1996,NA,NA,NA,CRUI,hf143-01,bowden,42.54,-72.185,D,PH.Woodlot1,hardwood,obs,NA,NA,PH,DECD,NA,9,mineral,0-15,78.94,0.526,7.5133,15.13,1,9.46,NA,0.25,NA,7.468,6.906651493,1,
1996,NA,NA,NA,CRUI,hf143-01,bowden,42.54,-72.185,D,PH.Woodlot1,hardwood,obs,NA,NA,PH,DECD,NA,10,mineral,0-15,74.62,0.497,7.5133,11.86,1,6.33,NA,0.25,NA,4.723,4.368559332,1,
1996,NA,NA,NA,CRUI,hf143-01,bowden,42.54,-72.185,E,PH.Woodlot1,hardwood,obs,NA,NA,PH,DECD,NA,3,mineral,0-15,NA,NA,7.5133,NA,1,NA,NA,NA,NA,NA,NA,1,
1996,NA,NA,NA,CRUI,hf143-01,bowden,42.54,-72.185,E,PH.Woodlot1,hardwood,obs,NA,NA,PH,DECD,NA,5,mineral,0-15,NA,NA,7.5133,NA,1,NA,NA,NA,NA,NA,NA,1,
1996,NA,NA,NA,CRUI,hf143-01,bowden,42.54,-72.185,E,PH.Woodlot1,hardwood,obs,NA,NA,PH,DECD,NA,7,mineral,0-15,NA,NA,7.5133,NA,1,NA,NA,NA,NA,NA,NA,1,
1996,NA,NA,NA,CRUI,hf143-01,bowden,42.54,-72.185,E,PH.Woodlot1,hardwood,obs,NA,NA,PH,DECD,NA,9,mineral,0-15,NA,NA,7.5133,NA,1,NA,NA,NA,NA,NA,NA,1,
1996,NA,NA,NA,CRUI,hf143-01,bowden,42.54,-72.185,F,PH.Woodlot1,hardwood,obs,NA,NA,PH,DECD,NA,2,mineral,0-15,81.3,0.542,7.5133,12.66,1,6.47,NA,0.26,NA,5.26,4.864902155,1,
1996,NA,NA,NA,CRUI,hf143-01,bowden,42.54,-72.185,F,PH.Woodlot1,hardwood,obs,NA,NA,PH,DECD,NA,3,mineral,0-15,94.53,0.63,7.5133,11.46,1,6.95,NA,0.26,NA,6.57,6.076223587,1,
1996,NA,NA,NA,CRUI,hf143-01,bowden,42.54,-72.185,F,PH.Woodlot1,hardwood,obs,NA,NA,PH,DECD,NA,4,mineral,0-15,43.52,0.29,7.5133,28.04,1,15,NA,0.43,NA,6.528,6.037531776,1,
1996,NA,NA,NA,CRUI,hf143-01,bowden,42.54,-72.185,F,PH.Woodlot1,hardwood,obs,NA,NA,PH,DECD,NA,5,mineral,0-15,48.45,0.323,7.5133,23.92,1,13.34,NA,0.52,NA,6.463,5.97762814,1,
1996,NA,NA,NA,CRUI,hf143-01,bowden,42.54,-72.185,F,PH.Woodlot1,hardwood,obs,NA,NA,PH,DECD,NA,6,mineral,0-15,49.12,0.327,7.5133,22.98,1,13.01,NA,0.64,NA,6.391,5.910373662,1,
1996,NA,NA,NA,CRUI,hf143-01,bowden,42.54,-72.185,F,PH.Woodlot1,hardwood,obs,NA,NA,PH,DECD,NA,7,mineral,0-15,62.84,0.419,7.5133,18.98,1,7.11,NA,0.36,NA,4.468,4.132235466,1,
1996,NA,NA,NA,CRUI,hf143-01,bowden,42.54,-72.185,F,PH.Woodlot1,hardwood,obs,NA,NA,PH,DECD,NA,8,mineral,0-15,29.62,0.197,7.5133,67,1,27,NA,1.27,NA,7.997,7.396531346,1,
1996,NA,NA,NA,CRUI,hf143-01,bowden,42.54,-72.185,F,PH.Woodlot1,hardwood,obs,NA,NA,PH,DECD,NA,9,mineral,0-15,82.9,0.553,7.5133,15.19,1,8.69,NA,0.32,NA,7.204,6.662751117,1,
1996,NA,NA,NA,CRUI,hf143-01,bowden,42.54,-72.185,F,PH.Woodlot1,hardwood,obs,NA,NA,PH,DECD,NA,10,mineral,0-15,57.16,0.381,7.5133,23.79,1,11.78,NA,0.48,NA,6.733,6.227543851,1,
1996,NA,NA,NA,CRUI,hf143-01,bowden,42.54,-72.185,B,PH.Woodlot2,hardwood,obs,NA,NA,PH,DECD,NA,2,organic,13.9,6.19,0.045,0,95.53,1,47.99,NA,1.69,NA,2.971,2.970581,1,
1996,NA,NA,NA,CRUI,hf143-01,bowden,42.54,-72.185,B,PH.Woodlot2,hardwood,obs,NA,NA,PH,DECD,NA,3,organic,10.2,3.72,0.036,0,89.33,1,44.9,NA,1.62,NA,1.67,1.67028,1,
1996,NA,NA,NA,CRUI,hf143-01,bowden,42.54,-72.185,B,PH.Woodlot2,hardwood,obs,NA,NA,PH,DECD,NA,4,organic,1.4,2.91,0.208,0,92.44,1,46.46,NA,1.85,NA,1.352,1.351986,1,
1996,NA,NA,NA,CRUI,hf143-01,bowden,42.54,-72.185,B,PH.Woodlot2,hardwood,obs,NA,NA,PH,DECD,NA,5,organic,12.15,3.45,0.028,0,92,1,47.35,NA,1.87,NA,1.634,1.633575,1,
1996,NA,NA,NA,CRUI,hf143-01,bowden,42.54,-72.185,B,PH.Woodlot2,hardwood,obs,NA,NA,PH,DECD,NA,6,organic,8.98,3.62,0.04,0,97.41,1,48.07,NA,1.79,NA,1.74,1.740134,1,
1996,NA,NA,NA,CRUI,hf143-01,bowden,42.54,-72.185,B,PH.Woodlot2,hardwood,obs,NA,NA,PH,DECD,NA,7,organic,4.28,4.33,0.101,0,94.47,1,48.69,NA,1.85,NA,2.108,2.108277,1,
1996,NA,NA,NA,CRUI,hf143-01,bowden,42.54,-72.185,B,PH.Woodlot2,hardwood,obs,NA,NA,PH,DECD,NA,8,organic,4.53,4.73,0.105,0,55.84,1,35.97,NA,1.37,NA,1.701,1.701381,1,
1996,NA,NA,NA,CRUI,hf143-01,bowden,42.54,-72.185,B,PH.Woodlot2,hardwood,obs,NA,NA,PH,DECD,NA,9,organic,1.65,2.79,0.169,0,76.21,1,41.43,NA,1.51,NA,1.156,1.155897,1,
1996,NA,NA,NA,CRUI,hf143-01,bowden,42.54,-72.185,B,PH.Woodlot2,hardwood,obs,NA,NA,PH,DECD,NA,10,organic,7.75,2.67,0.034,0,90.53,1,47.11,NA,1.53,NA,1.258,1.257837,1,
1996,NA,NA,NA,CRUI,hf143-01,bowden,42.54,-72.185,C,PH.Woodlot2,hardwood,obs,NA,NA,PH,DECD,NA,3,organic,9.13,NA,NA,0,NA,1,NA,NA,NA,NA,NA,NA,1,
1996,NA,NA,NA,CRUI,hf143-01,bowden,42.54,-72.185,C,PH.Woodlot2,hardwood,obs,NA,NA,PH,DECD,NA,5,organic,6.8,NA,NA,0,NA,1,NA,NA,NA,NA,NA,NA,1,
1996,NA,NA,NA,CRUI,hf143-01,bowden,42.54,-72.185,C,PH.Woodlot2,hardwood,obs,NA,NA,PH,DECD,NA,7,organic,5.63,NA,NA,0,NA,1,NA,NA,NA,NA,NA,NA,1,
1996,NA,NA,NA,CRUI,hf143-01,bowden,42.54,-72.185,C,PH.Woodlot2,hardwood,obs,NA,NA,PH,DECD,NA,9,organic,6.58,NA,NA,0,NA,1,NA,NA,NA,NA,NA,NA,1,
1996,NA,NA,NA,CRUI,hf143-01,bowden,42.54,-72.185,D,PH.Woodlot2,hardwood,obs,NA,NA,PH,DECD,NA,2,organic,9.55,6.21,0.065,0,94.58,1,49.56,NA,1.6,NA,3.078,3.077676,1,
1996,NA,NA,NA,CRUI,hf143-01,bowden,42.54,-72.185,D,PH.Woodlot2,hardwood,obs,NA,NA,PH,DECD,NA,3,organic,14.38,4.4,0.031,0,94.42,1,47.82,NA,1.81,NA,2.104,2.10408,1,
1996,NA,NA,NA,CRUI,hf143-01,bowden,42.54,-72.185,D,PH.Woodlot2,hardwood,obs,NA,NA,PH,DECD,NA,4,organic,4.68,4.14,0.089,0,55.45,1,30.06,NA,1.2,NA,1.244,1.244484,1,
1996,NA,NA,NA,CRUI,hf143-01,bowden,42.54,-72.185,D,PH.Woodlot2,hardwood,obs,NA,NA,PH,DECD,NA,5,organic,6.95,2.08,0.03,0,83.35,1,43.12,NA,1.39,NA,0.897,0.896896,1,
1996,NA,NA,NA,CRUI,hf143-01,bowden,42.54,-72.185,D,PH.Woodlot2,hardwood,obs,NA,NA,PH,DECD,NA,6,organic,4.83,3.62,0.075,0,95.05,1,48.33,NA,1.99,NA,1.75,1.749546,1,
1996,NA,NA,NA,CRUI,hf143-01,bowden,42.54,-72.185,D,PH.Woodlot2,hardwood,obs,NA,NA,PH,DECD,NA,7,organic,5.63,2.99,0.053,0,77.03,1,41.23,NA,1.71,NA,1.233,1.232777,1,
1996,NA,NA,NA,CRUI,hf143-01,bowden,42.54,-72.185,D,PH.Woodlot2,hardwood,obs,NA,NA,PH,DECD,NA,8,organic,7.25,4.18,0.058,0,94.76,1,48.52,NA,1.91,NA,2.028,2.028136,1,
1996,NA,NA,NA,CRUI,hf143-01,bowden,42.54,-72.185,D,PH.Woodlot2,hardwood,obs,NA,NA,PH,DECD,NA,9,organic,7.28,4.42,0.061,0,94.48,1,47.73,NA,1.93,NA,2.11,2.109666,1,
1996,NA,NA,NA,CRUI,hf143-01,bowden,42.54,-72.185,D,PH.Woodlot2,hardwood,obs,NA,NA,PH,DECD,NA,10,organic,6.68,3.25,0.049,0,91.76,1,47.17,NA,1.81,NA,1.533,1.533025,1,
1996,NA,NA,NA,CRUI,hf143-01,bowden,42.54,-72.185,E,PH.Woodlot2,hardwood,obs,NA,NA,PH,DECD,NA,3,organic,4.88,NA,NA,0,NA,1,NA,NA,NA,NA,NA,NA,1,
1996,NA,NA,NA,CRUI,hf143-01,bowden,42.54,-72.185,E,PH.Woodlot2,hardwood,obs,NA,NA,PH,DECD,NA,5,organic,6.63,NA,NA,0,NA,1,NA,NA,NA,NA,NA,NA,1,
1996,NA,NA,NA,CRUI,hf143-01,bowden,42.54,-72.185,E,PH.Woodlot2,hardwood,obs,NA,NA,PH,DECD,NA,7,organic,3.25,NA,NA,0,NA,1,NA,NA,NA,NA,NA,NA,1,
1996,NA,NA,NA,CRUI,hf143-01,bowden,42.54,-72.185,E,PH.Woodlot2,hardwood,obs,NA,NA,PH,DECD,NA,9,organic,8.13,NA,NA,0,NA,1,NA,NA,NA,NA,NA,NA,1,
1996,NA,NA,NA,CRUI,hf143-01,bowden,42.54,-72.185,F,PH.Woodlot2,hardwood,obs,NA,NA,PH,DECD,NA,2,organic,9.38,2.06,0.022,0,90.37,1,45.83,NA,1.86,NA,0.944,0.944098,1,
1996,NA,NA,NA,CRUI,hf143-01,bowden,42.54,-72.185,F,PH.Woodlot2,hardwood,obs,NA,NA,PH,DECD,NA,3,organic,6.93,3.76,0.054,0,88.68,1,45.43,NA,1.95,NA,1.708,1.708168,1,
1996,NA,NA,NA,CRUI,hf143-01,bowden,42.54,-72.185,F,PH.Woodlot2,hardwood,obs,NA,NA,PH,DECD,NA,4,organic,8.48,4.27,0.05,0,97.32,1,49.1,NA,1.73,NA,2.097,2.09657,1,
1996,NA,NA,NA,CRUI,hf143-01,bowden,42.54,-72.185,F,PH.Woodlot2,hardwood,obs,NA,NA,PH,DECD,NA,5,organic,9.68,3.92,0.041,0,94.44,1,48.6,NA,1.68,NA,1.905,1.90512,1,
1996,NA,NA,NA,CRUI,hf143-01,bowden,42.54,-72.185,F,PH.Woodlot2,hardwood,obs,NA,NA,PH,DECD,NA,6,organic,8.38,5.85,0.07,0,95.69,1,47.44,NA,1.73,NA,2.775,2.77524,1,
1996,NA,NA,NA,CRUI,hf143-01,bowden,42.54,-72.185,F,PH.Woodlot2,hardwood,obs,NA,NA,PH,DECD,NA,7,organic,14.5,7.09,0.049,0,97.31,1,49.46,NA,1.53,NA,3.507,3.506714,1,
1996,NA,NA,NA,CRUI,hf143-01,bowden,42.54,-72.185,F,PH.Woodlot2,hardwood,obs,NA,NA,PH,DECD,NA,8,organic,6.13,5.48,0.089,0,89.4,1,46.76,NA,1.6,NA,2.562,2.562448,1,
1996,NA,NA,NA,CRUI,hf143-01,bowden,42.54,-72.185,F,PH.Woodlot2,hardwood,obs,NA,NA,PH,DECD,NA,9,organic,7.5,2.71,0.036,0,76.37,1,43.14,NA,1.6,NA,1.169,1.169094,1,
1996,NA,NA,NA,CRUI,hf143-01,bowden,42.54,-72.185,F,PH.Woodlot2,hardwood,obs,NA,NA,PH,DECD,NA,10,organic,6.98,2.51,0.036,0,93.66,1,48.14,NA,1.89,NA,1.208,1.208314,1,
1996,NA,NA,NA,CRUI,hf143-01,bowden,42.54,-72.185,B,PH.Woodlot2,hardwood,obs,NA,NA,PH,DECD,NA,2,mineral,0-15,112.33,0.749,7.5133,15.78,1,9.23,NA,0.29,NA,10.368,9.589075623,1,
1996,NA,NA,NA,CRUI,hf143-01,bowden,42.54,-72.185,B,PH.Woodlot2,hardwood,obs,NA,NA,PH,DECD,NA,3,mineral,0-15,86.95,0.58,7.5133,11.74,1,7.01,NA,0.22,NA,6.095,5.637244714,1,
1996,NA,NA,NA,CRUI,hf143-01,bowden,42.54,-72.185,B,PH.Woodlot2,hardwood,obs,NA,NA,PH,DECD,NA,4,mineral,0-15,69.6,0.464,7.5133,17.74,1,8.14,NA,0.27,NA,5.665,5.239778496,1,
1996,NA,NA,NA,CRUI,hf143-01,bowden,42.54,-72.185,B,PH.Woodlot2,hardwood,obs,NA,NA,PH,DECD,NA,5,mineral,0-15,97.8,0.652,7.5133,11.76,1,6.36,NA,0.27,NA,6.22,5.752746729,1,
1996,NA,NA,NA,CRUI,hf143-01,bowden,42.54,-72.185,B,PH.Woodlot2,hardwood,obs,NA,NA,PH,DECD,NA,6,mineral,0-15,88.77,0.592,7.5133,11.96,1,7.76,NA,0.26,NA,6.889,6.370994423,1,
1996,NA,NA,NA,CRUI,hf143-01,bowden,42.54,-72.185,B,PH.Woodlot2,hardwood,obs,NA,NA,PH,DECD,NA,7,mineral,0-15,83.27,0.555,7.5133,11.46,1,4.5,NA,0.16,NA,3.747,3.465615379,1,
1996,NA,NA,NA,CRUI,hf143-01,bowden,42.54,-72.185,B,PH.Woodlot2,hardwood,obs,NA,NA,PH,DECD,NA,8,mineral,0-15,98.6,0.657,7.5133,12.45,1,6.71,NA,0.23,NA,6.616,6.118975564,1,
1996,NA,NA,NA,CRUI,hf143-01,bowden,42.54,-72.185,B,PH.Woodlot2,hardwood,obs,NA,NA,PH,DECD,NA,9,mineral,0-15,91.41,0.609,7.5133,12.48,1,6.61,NA,0.19,NA,6.042,5.588232312,1,
1996,NA,NA,NA,CRUI,hf143-01,bowden,42.54,-72.185,B,PH.Woodlot2,hardwood,obs,NA,NA,PH,DECD,NA,10,mineral,0-15,82.74,0.552,7.5133,12.1,1,5.39,NA,0.2,NA,4.46,4.124616412,1,
1996,NA,NA,NA,CRUI,hf143-01,bowden,42.54,-72.185,C,PH.Woodlot2,hardwood,obs,NA,NA,PH,DECD,NA,3,mineral,0-15,NA,NA,7.5133,NA,1,NA,NA,NA,NA,NA,NA,1,
1996,NA,NA,NA,CRUI,hf143-01,bowden,42.54,-72.185,C,PH.Woodlot2,hardwood,obs,NA,NA,PH,DECD,NA,5,mineral,0-15,NA,NA,7.5133,NA,1,NA,NA,NA,NA,NA,NA,1,
1996,NA,NA,NA,CRUI,hf143-01,bowden,42.54,-72.185,C,PH.Woodlot2,hardwood,obs,NA,NA,PH,DECD,NA,7,mineral,0-15,NA,NA,7.5133,NA,1,NA,NA,NA,NA,NA,NA,1,
1996,NA,NA,NA,CRUI,hf143-01,bowden,42.54,-72.185,C,PH.Woodlot2,hardwood,obs,NA,NA,PH,DECD,NA,9,mineral,0-15,NA,NA,7.5133,NA,1,NA,NA,NA,NA,NA,NA,1,
1996,NA,NA,NA,CRUI,hf143-01,bowden,42.54,-72.185,D,PH.Woodlot2,hardwood,obs,NA,NA,PH,DECD,NA,2,mineral,0-15,55.15,0.368,7.5133,30.38,1,8.98,NA,0.26,NA,4.952,4.580376071,1,
1996,NA,NA,NA,CRUI,hf143-01,bowden,42.54,-72.185,D,PH.Woodlot2,hardwood,obs,NA,NA,PH,DECD,NA,3,mineral,0-15,79.55,0.53,7.5133,15.22,1,5,NA,0.16,NA,3.978,3.678658493,1,
1996,NA,NA,NA,CRUI,hf143-01,bowden,42.54,-72.185,D,PH.Woodlot2,hardwood,obs,NA,NA,PH,DECD,NA,4,mineral,0-15,105.47,0.703,7.5133,10.83,1,7.44,NA,0.47,NA,7.847,7.257401753,1,
1996,NA,NA,NA,CRUI,hf143-01,bowden,42.54,-72.185,D,PH.Woodlot2,hardwood,obs,NA,NA,PH,DECD,NA,5,mineral,0-15,93.35,0.622,7.5133,8.81,1,4.74,NA,0.14,NA,4.425,4.092342253,1,
1996,NA,NA,NA,CRUI,hf143-01,bowden,42.54,-72.185,D,PH.Woodlot2,hardwood,obs,NA,NA,PH,DECD,NA,6,mineral,0-15,57.23,0.382,7.5133,13.04,1,10.64,NA,0.31,NA,6.089,5.631766727,1,
1996,NA,NA,NA,CRUI,hf143-01,bowden,42.54,-72.185,D,PH.Woodlot2,hardwood,obs,NA,NA,PH,DECD,NA,7,mineral,0-15,85.93,0.573,7.5133,15.28,1,15.96,NA,0.31,NA,13.714,12.68402188,1,
1996,NA,NA,NA,CRUI,hf143-01,bowden,42.54,-72.185,D,PH.Woodlot2,hardwood,obs,NA,NA,PH,DECD,NA,8,mineral,0-15,96.57,0.644,7.5133,11.66,1,6.29,NA,0.23,NA,6.074,5.617876149,1,
1996,NA,NA,NA,CRUI,hf143-01,bowden,42.54,-72.185,D,PH.Woodlot2,hardwood,obs,NA,NA,PH,DECD,NA,9,mineral,0-15,77.85,0.519,7.5133,15.63,1,10.29,NA,0.42,NA,8.011,7.408892193,1,
1996,NA,NA,NA,CRUI,hf143-01,bowden,42.54,-72.185,D,PH.Woodlot2,hardwood,obs,NA,NA,PH,DECD,NA,10,mineral,0-15,92.13,0.614,7.5133,12.43,1,4.98,NA,0.16,NA,4.588,4.243358236,1,
1996,NA,NA,NA,CRUI,hf143-01,bowden,42.54,-72.185,E,PH.Woodlot2,hardwood,obs,NA,NA,PH,DECD,NA,3,mineral,0-15,NA,NA,7.5133,NA,1,NA,NA,NA,NA,NA,NA,1,
1996,NA,NA,NA,CRUI,hf143-01,bowden,42.54,-72.185,E,PH.Woodlot2,hardwood,obs,NA,NA,PH,DECD,NA,5,mineral,0-15,NA,NA,7.5133,NA,1,NA,NA,NA,NA,NA,NA,1,
1996,NA,NA,NA,CRUI,hf143-01,bowden,42.54,-72.185,E,PH.Woodlot2,hardwood,obs,NA,NA,PH,DECD,NA,7,mineral,0-15,NA,NA,7.5133,NA,1,NA,NA,NA,NA,NA,NA,1,
1996,NA,NA,NA,CRUI,hf143-01,bowden,42.54,-72.185,E,PH.Woodlot2,hardwood,obs,NA,NA,PH,DECD,NA,9,mineral,0-15,NA,NA,7.5133,NA,1,NA,NA,NA,NA,NA,NA,1,
1996,NA,NA,NA,CRUI,hf143-01,bowden,42.54,-72.185,F,PH.Woodlot2,hardwood,obs,NA,NA,PH,DECD,NA,2,mineral,0-15,77.08,0.514,7.5133,13.87,1,7.94,NA,0.23,NA,6.12,5.66032662,1,
1996,NA,NA,NA,CRUI,hf143-01,bowden,42.54,-72.185,F,PH.Woodlot2,hardwood,obs,NA,NA,PH,DECD,NA,3,mineral,0-15,81.21,0.541,7.5133,11.71,1,13.38,NA,0.52,NA,10.866,10.04951049,1,
1996,NA,NA,NA,CRUI,hf143-01,bowden,42.54,-72.185,F,PH.Woodlot2,hardwood,obs,NA,NA,PH,DECD,NA,4,mineral,0-15,35.78,0.239,7.5133,11.52,1,13.78,NA,0.32,NA,4.93,4.560041946,1,
1996,NA,NA,NA,CRUI,hf143-01,bowden,42.54,-72.185,F,PH.Woodlot2,hardwood,obs,NA,NA,PH,DECD,NA,5,mineral,0-15,62.41,0.416,7.5133,14.73,1,9.98,NA,0.33,NA,6.229,5.760550757,1,
1996,NA,NA,NA,CRUI,hf143-01,bowden,42.54,-72.185,F,PH.Woodlot2,hardwood,obs,NA,NA,PH,DECD,NA,6,mineral,0-15,98.58,0.657,7.5133,11.71,1,5.26,NA,0.19,NA,5.185,4.795720254,1,
1996,NA,NA,NA,CRUI,hf143-01,bowden,42.54,-72.185,F,PH.Woodlot2,hardwood,obs,NA,NA,PH,DECD,NA,7,mineral,0-15,62.21,0.415,7.5133,19.73,1,9.26,NA,0.33,NA,5.761,5.327831384,1,
1996,NA,NA,NA,CRUI,hf143-01,bowden,42.54,-72.185,F,PH.Woodlot2,hardwood,obs,NA,NA,PH,DECD,NA,8,mineral,0-15,76.69,0.511,7.5133,22.84,1,5.15,NA,0.15,NA,3.95,3.652794587,1,
1996,NA,NA,NA,CRUI,hf143-01,bowden,42.54,-72.185,F,PH.Woodlot2,hardwood,obs,NA,NA,PH,DECD,NA,9,mineral,0-15,98.25,0.655,7.5133,18.5,1,4.64,NA,0.15,NA,4.559,4.21628368,1,
1996,NA,NA,NA,CRUI,hf143-01,bowden,42.54,-72.185,F,PH.Woodlot2,hardwood,obs,NA,NA,PH,DECD,NA,10,mineral,0-15,60.92,0.406,7.5133,14.53,1,8.04,NA,0.25,NA,4.898,4.52996897,1,
1992,NA,NA,NA,PHOREST,hf015-05,tang,42.537755,-72.171478,1,PH,conifer,obs,NA,NA,PH,NA,NA,A,mineral,0-15,NA,0.728,7.5133,12.424,1,5.706,NA,0.207,NA,6.231,5.76300545,1,
1992,NA,NA,NA,PHOREST,hf015-05,tang,42.537755,-72.171478,1,PH,conifer,obs,NA,NA,PH,NA,NA,B,mineral,0-15,NA,0.866,7.5133,9.353,1,4.574,NA,0.182,NA,5.942,5.495901365,1,
1992,NA,NA,NA,PHOREST,hf015-05,tang,42.537755,-72.171478,1,PH,conifer,obs,NA,NA,PH,NA,NA,C,mineral,0-15,NA,0.929,7.5133,7.802,1,4.087,NA,0.156,NA,5.698,5.269473967,1,
1992,NA,NA,NA,PHOREST,hf015-05,tang,42.537755,-72.171478,2,PH,hardwood,obs,NA,NA,PH,NA,NA,B,mineral,0-15,NA,0.861,7.5133,10.445,1,5.428,NA,0.232,NA,7.008,6.481347938,1,
1992,NA,NA,NA,PHOREST,hf015-05,tang,42.537755,-72.171478,2,PH,hardwood,obs,NA,NA,PH,NA,NA,C,mineral,0-15,NA,0.915,7.5133,8.424,1,4.033,NA,0.189,NA,5.537,5.121059666,1,
1992,NA,NA,NA,PHOREST,hf015-05,tang,42.537755,-72.171478,3,PH,hardwood,obs,NA,NA,PH,NA,NA,A,mineral,0-15,NA,0.561,7.5133,16.906,1,6.48,NA,0.266,NA,5.453,5.043235035,1,
1992,NA,NA,NA,PHOREST,hf015-05,tang,42.537755,-72.171478,3,PH,hardwood,obs,NA,NA,PH,NA,NA,B,mineral,0-15,NA,0.527,7.5133,14.866,1,6.138,NA,0.257,NA,4.855,4.4901837,1,
1992,NA,NA,NA,PHOREST,hf015-05,tang,42.537755,-72.171478,3,PH,hardwood,obs,NA,NA,PH,NA,NA,C,mineral,0-15,NA,0.65,7.5133,13.902,1,12.035,NA,0.404,NA,11.729,10.84737682,1,
1992,NA,NA,NA,PHOREST,hf015-05,tang,42.537755,-72.171478,6,PH,conifer,obs,NA,NA,PH,NA,NA,A,mineral,0-15,NA,0.862,7.5133,10.621,1,5.183,NA,0.179,NA,6.7,6.196501983,1,
1992,NA,NA,NA,PHOREST,hf015-05,tang,42.537755,-72.171478,6,PH,conifer,obs,NA,NA,PH,NA,NA,B,mineral,0-15,NA,0.821,7.5133,9.786,1,5.298,NA,0.173,NA,6.523,6.032796174,1,
1992,NA,NA,NA,PHOREST,hf015-05,tang,42.537755,-72.171478,6,PH,conifer,obs,NA,NA,PH,NA,NA,C,mineral,0-15,NA,0.805,7.5133,9.726,1,4.815,NA,0.2,NA,5.816,5.378970859,1,
1992,NA,NA,NA,PHOREST,hf015-05,tang,42.537755,-72.171478,8,PH,hardwood,obs,NA,NA,PH,NA,NA,A,mineral,0-15,NA,0.835,7.5133,9.611,1,4.998,NA,0.241,NA,6.263,5.792280096,1,
1992,NA,NA,NA,PHOREST,hf015-05,tang,42.537755,-72.171478,8,PH,hardwood,obs,NA,NA,PH,NA,NA,B,mineral,0-15,NA,0.826,7.5133,10.73,1,4.78,NA,0.235,NA,5.92,5.475216843,1,
1992,NA,NA,NA,PHOREST,hf015-05,tang,42.537755,-72.171478,8,PH,hardwood,obs,NA,NA,PH,NA,NA,C,mineral,0-15,NA,0.88,7.5133,10.188,1,4.597,NA,0.212,NA,6.07,5.613531567,1,
1992,NA,NA,NA,PHOREST,hf015-05,tang,42.537755,-72.171478,9,PH,hardwood,obs,NA,NA,PH,NA,NA,A,mineral,0-15,NA,0.701,7.5133,11.54,1,11.354,NA,0.681,NA,11.934,11.03725509,1,
1992,NA,NA,NA,PHOREST,hf015-05,tang,42.537755,-72.171478,9,PH,hardwood,obs,NA,NA,PH,NA,NA,B,mineral,0-15,NA,0.724,7.5133,11.299,1,5.261,NA,0.263,NA,5.711,5.281466516,1,
1992,NA,NA,NA,PHOREST,hf015-05,tang,42.537755,-72.171478,9,PH,hardwood,obs,NA,NA,PH,NA,NA,C,mineral,0-15,NA,0.392,7.5133,23.435,1,6.425,NA,0.319,NA,3.78,3.495612554,1,
1992,NA,NA,NA,PHOREST,hf015-05,tang,42.537755,-72.171478,10,PH,hardwood,obs,NA,NA,PH,NA,NA,A,mineral,0-15,NA,0.928,7.5133,6.845,1,3.184,NA,0.187,NA,4.432,4.09878431,1,
1992,NA,NA,NA,PHOREST,hf015-05,tang,42.537755,-72.171478,10,PH,hardwood,obs,NA,NA,PH,NA,NA,B,mineral,0-15,NA,0.784,7.5133,8.233,1,3.417,NA,0.195,NA,4.017,3.714927677,1,
1992,NA,NA,NA,PHOREST,hf015-05,tang,42.537755,-72.171478,10,PH,hardwood,obs,NA,NA,PH,NA,NA,C,mineral,0-15,NA,0.678,7.5133,10.492,1,5.091,NA,0.262,NA,5.176,4.787272143,1,
1992,NA,NA,NA,PHOREST,hf015-05,tang,42.537755,-72.171478,11,PH,hardwood,obs,NA,NA,PH,NA,NA,A,mineral,0-15,NA,0.687,7.5133,11.906,1,5.77,NA,0.325,NA,5.95,5.50330147,1,
1992,NA,NA,NA,PHOREST,hf015-05,tang,42.537755,-72.171478,11,PH,hardwood,obs,NA,NA,PH,NA,NA,B,mineral,0-15,NA,0.842,7.5133,7.621,1,5.682,NA,0.378,NA,7.178,6.638415108,1,
1992,NA,NA,NA,PHOREST,hf015-05,tang,42.537755,-72.171478,11,PH,hardwood,obs,NA,NA,PH,NA,NA,C,mineral,0-15,NA,0.712,7.5133,10.425,1,3.79,NA,0.233,NA,4.049,3.744364001,1,
1992,NA,NA,NA,PHOREST,hf015-05,tang,42.537755,-72.171478,12,PH,hardwood,obs,NA,NA,PH,NA,NA,A,mineral,0-15,NA,0.689,7.5133,11.921,1,6.016,NA,0.337,NA,6.218,5.750570421,1,
1992,NA,NA,NA,PHOREST,hf015-05,tang,42.537755,-72.171478,12,PH,hardwood,obs,NA,NA,PH,NA,NA,B,mineral,0-15,NA,0.728,7.5133,11.679,1,5.455,NA,0.277,NA,5.957,5.509891776,1,
1992,NA,NA,NA,PHOREST,hf015-05,tang,42.537755,-72.171478,12,PH,hardwood,obs,NA,NA,PH,NA,NA,C,mineral,0-15,NA,0.686,7.5133,9.667,1,4.936,NA,0.252,NA,5.078,4.696621161,1,
1992,NA,NA,NA,PHOREST,hf015-05,tang,42.537755,-72.171478,13,PH,hardwood,obs,NA,NA,PH,NA,NA,A,mineral,0-15,NA,0.836,7.5133,9.555,1,4.785,NA,0.266,NA,5.997,5.546716603,1,
1992,NA,NA,NA,PHOREST,hf015-05,tang,42.537755,-72.171478,13,PH,hardwood,obs,NA,NA,PH,NA,NA,B,mineral,0-15,NA,0.743,7.5133,9.12,1,4.86,NA,0.259,NA,5.413,5.00647172,1,
1992,NA,NA,NA,PHOREST,hf015-05,tang,42.537755,-72.171478,13,PH,hardwood,obs,NA,NA,PH,NA,NA,C,mineral,0-15,NA,0.73,7.5133,16.456,1,8.831,NA,0.433,NA,9.667,8.940984436,1,
1992,NA,NA,NA,PHOREST,hf015-05,tang,42.537755,-72.171478,14,PH,hardwood,obs,NA,NA,PH,NA,NA,A,mineral,0-15,NA,0.604,7.5133,13.848,1,8.237,NA,0.332,NA,7.461,6.900591266,1,
1992,NA,NA,NA,PHOREST,hf015-05,tang,42.537755,-72.171478,14,PH,hardwood,obs,NA,NA,PH,NA,NA,B,mineral,0-15,NA,0.527,7.5133,16.917,1,6.186,NA,0.234,NA,4.889,4.521267214,1,
1992,NA,NA,NA,PHOREST,hf015-05,tang,42.537755,-72.171478,14,PH,hardwood,obs,NA,NA,PH,NA,NA,C,mineral,0-15,NA,0.801,7.5133,10.937,1,6.819,NA,0.326,NA,8.198,7.581786686,1,
1992,NA,NA,NA,PHOREST,hf015-05,tang,42.537755,-72.171478,15,PH,hardwood,obs,NA,NA,PH,NA,NA,A,mineral,0-15,NA,0.717,7.5133,11.749,1,5.198,NA,0.247,NA,5.59,5.169727372,1,
1992,NA,NA,NA,PHOREST,hf015-05,tang,42.537755,-72.171478,15,PH,hardwood,obs,NA,NA,PH,NA,NA,B,mineral,0-15,NA,0.825,7.5133,9.26,1,7.008,NA,0.335,NA,8.668,8.01683636,1,
1992,NA,NA,NA,PHOREST,hf015-05,tang,42.537755,-72.171478,15,PH,hardwood,obs,NA,NA,PH,NA,NA,C,mineral,0-15,NA,0.731,7.5133,11.735,1,6.009,NA,0.274,NA,6.587,6.091701294,1,
1992,NA,NA,NA,PHOREST,hf015-05,tang,42.537755,-72.171478,16,PH,hardwood,obs,NA,NA,PH,NA,NA,A,mineral,0-15,NA,0.686,7.5133,15.912,1,7.674,NA,0.354,NA,7.896,7.30261138,1,
1992,NA,NA,NA,PHOREST,hf015-05,tang,42.537755,-72.171478,16,PH,hardwood,obs,NA,NA,PH,NA,NA,B,mineral,0-15,NA,0.548,7.5133,15.653,1,6.805,NA,0.354,NA,5.597,5.176291457,1,
1992,NA,NA,NA,PHOREST,hf015-05,tang,42.537755,-72.171478,16,PH,hardwood,obs,NA,NA,PH,NA,NA,C,mineral,0-15,NA,0.642,7.5133,12.591,1,8.445,NA,0.422,NA,8.126,7.515661648,1,
1992,NA,NA,NA,PHOREST,hf015-05,tang,42.537755,-72.171478,17,PH,hardwood,obs,NA,NA,PH,NA,NA,A,mineral,0-15,NA,0.774,7.5133,10.975,1,6.289,NA,0.305,NA,7.304,6.755470156,1,
1992,NA,NA,NA,PHOREST,hf015-05,tang,42.537755,-72.171478,17,PH,hardwood,obs,NA,NA,PH,NA,NA,B,mineral,0-15,NA,0.718,7.5133,12.514,1,6.11,NA,0.354,NA,6.585,6.089947519,1,
1992,NA,NA,NA,PHOREST,hf015-05,tang,42.537755,-72.171478,17,PH,hardwood,obs,NA,NA,PH,NA,NA,C,mineral,0-15,NA,0.616,7.5133,12.346,1,4.901,NA,0.295,NA,4.526,4.186299898,1,
1992,NA,NA,NA,PHOREST,hf015-05,tang,42.537755,-72.171478,18,PH,hardwood,obs,NA,NA,PH,NA,NA,A,mineral,0-15,NA,0.879,7.5133,14.151,1,4.384,NA,0.205,NA,5.778,5.343486621,1,
1992,NA,NA,NA,PHOREST,hf015-05,tang,42.537755,-72.171478,18,PH,hardwood,obs,NA,NA,PH,NA,NA,B,mineral,0-15,NA,0.916,7.5133,8.354,1,4.034,NA,0.224,NA,5.541,5.125003951,1,
1992,NA,NA,NA,PHOREST,hf015-05,tang,42.537755,-72.171478,18,PH,hardwood,obs,NA,NA,PH,NA,NA,C,mineral,0-15,NA,0.832,7.5133,12.537,1,6.039,NA,0.35,NA,7.54,6.973518496,1,
1992,NA,NA,NA,PHOREST,hf015-05,tang,42.537755,-72.171478,19,PH,hardwood,obs,NA,NA,PH,NA,NA,A,mineral,0-15,NA,0.793,7.5133,11.259,1,4.5,NA,0.22,NA,5.354,4.952167102,1,
1992,NA,NA,NA,PHOREST,hf015-05,tang,42.537755,-72.171478,19,PH,hardwood,obs,NA,NA,PH,NA,NA,B,mineral,0-15,NA,0.942,7.5133,8.467,1,5.003,NA,0.233,NA,7.069,6.538001802,1,
1992,NA,NA,NA,PHOREST,hf015-05,tang,42.537755,-72.171478,19,PH,hardwood,obs,NA,NA,PH,NA,NA,C,mineral,0-15,NA,0.829,7.5133,8.911,1,4.152,NA,0.217,NA,5.164,4.776434028,1,
1992,NA,NA,NA,PHOREST,hf015-05,tang,42.537755,-72.171478,20,PH,hardwood,obs,NA,NA,PH,NA,NA,A,mineral,0-15,NA,0.663,7.5133,15.287,1,1.396,NA,0.077,NA,1.389,1.284703657,1,
1992,NA,NA,NA,PHOREST,hf015-05,tang,42.537755,-72.171478,20,PH,hardwood,obs,NA,NA,PH,NA,NA,B,mineral,0-15,NA,0.645,7.5133,14.24,1,7.771,NA,0.351,NA,7.522,6.957104139,1,
1992,NA,NA,NA,PHOREST,hf015-05,tang,42.537755,-72.171478,20,PH,hardwood,obs,NA,NA,PH,NA,NA,C,mineral,0-15,NA,1.34,7.5133,3.657,1,7.356,NA,0.339,NA,14.784,13.67292463,1,
1992,NA,NA,NA,PHOREST,hf015-05,tang,42.537755,-72.171478,21,PH,conifer,obs,NA,NA,PH,NA,NA,A,mineral,0-15,NA,0.675,7.5133,13.913,1,13.967,NA,0.556,NA,14.134,13.07187861,1,
1992,NA,NA,NA,PHOREST,hf015-05,tang,42.537755,-72.171478,21,PH,conifer,obs,NA,NA,PH,NA,NA,B,mineral,0-15,NA,0.798,7.5133,9.606,1,4.258,NA,0.198,NA,5.096,4.713132029,1,
1992,NA,NA,NA,PHOREST,hf015-05,tang,42.537755,-72.171478,21,PH,conifer,obs,NA,NA,PH,NA,NA,C,mineral,0-15,NA,0.506,7.5133,25.122,1,6.349,NA,0.263,NA,4.823,4.460904289,1,
1992,NA,NA,NA,PHOREST,hf015-05,tang,42.537755,-72.171478,22,PH,hardwood,obs,NA,NA,PH,NA,NA,A,mineral,0-15,NA,0.868,7.5133,11.086,1,7.523,NA,0.394,NA,9.791,9.055070238,1,
1992,NA,NA,NA,PHOREST,hf015-05,tang,42.537755,-72.171478,22,PH,hardwood,obs,NA,NA,PH,NA,NA,B,mineral,0-15,NA,0.62,7.5133,14.894,1,5.494,NA,0.267,NA,5.106,4.722073143,1,
1992,NA,NA,NA,PHOREST,hf015-05,tang,42.537755,-72.171478,22,PH,hardwood,obs,NA,NA,PH,NA,NA,C,mineral,0-15,NA,0.718,7.5133,15.144,1,7.765,NA,0.408,NA,8.358,7.729764625,1,
1992,NA,NA,NA,PHOREST,hf015-05,tang,42.537755,-72.171478,23,PH,hardwood,obs,NA,NA,PH,NA,NA,A,mineral,0-15,NA,0.782,7.5133,8.609,1,6.666,NA,0.347,NA,7.816,7.22907463,1,
1992,NA,NA,NA,PHOREST,hf015-05,tang,42.537755,-72.171478,23,PH,hardwood,obs,NA,NA,PH,NA,NA,B,mineral,0-15,NA,0.813,7.5133,7.971,1,4.689,NA,0.185,NA,5.721,5.291557303,1,
1992,NA,NA,NA,PHOREST,hf015-05,tang,42.537755,-72.171478,23,PH,hardwood,obs,NA,NA,PH,NA,NA,C,mineral,0-15,NA,0.685,7.5133,15.535,1,4.708,NA,0.193,NA,4.838,4.474782084,1,
1992,NA,NA,NA,PHOREST,hf015-05,tang,42.537755,-72.171478,24,PH,hardwood,obs,NA,NA,PH,NA,NA,A,mineral,0-15,NA,0.858,7.5133,9.77,1,4.28,NA,0.175,NA,5.51,5.095965078,1,
1992,NA,NA,NA,PHOREST,hf015-05,tang,42.537755,-72.171478,24,PH,hardwood,obs,NA,NA,PH,NA,NA,B,mineral,0-15,NA,0.492,7.5133,19.671,1,9.326,NA,0.431,NA,6.886,6.368288103,1,
1992,NA,NA,NA,PHOREST,hf015-05,tang,42.537755,-72.171478,24,PH,hardwood,obs,NA,NA,PH,NA,NA,C,mineral,0-15,NA,0.632,7.5133,17.891,1,5.047,NA,0.276,NA,4.781,4.421861737,1,
1992,NA,NA,NA,PHOREST,hf015-05,tang,42.537755,-72.171478,25,PH,hardwood,obs,NA,NA,PH,NA,NA,A,mineral,0-15,NA,0.826,7.5133,10.703,1,5.527,NA,0.293,NA,6.844,6.32996834,1,
1992,NA,NA,NA,PHOREST,hf015-05,tang,42.537755,-72.171478,25,PH,hardwood,obs,NA,NA,PH,NA,NA,B,mineral,0-15,NA,0.802,7.5133,11.216,1,8.676,NA,0.489,NA,10.431,9.647171825,1,
1992,NA,NA,NA,PHOREST,hf015-05,tang,42.537755,-72.171478,25,PH,hardwood,obs,NA,NA,PH,NA,NA,C,mineral,0-15,NA,0.683,7.5133,16.158,1,NA,NA,NA,NA,NA,NA,1,
1992,NA,NA,NA,PHOREST,hf015-05,tang,42.537755,-72.171478,26,PH,hardwood,obs,NA,NA,PH,NA,NA,A,mineral,0-15,NA,0.819,7.5133,10.55,1,5.395,NA,0.282,NA,6.627,6.129420018,1,
1992,NA,NA,NA,PHOREST,hf015-05,tang,42.537755,-72.171478,26,PH,hardwood,obs,NA,NA,PH,NA,NA,B,mineral,0-15,NA,0.84,7.5133,10.43,1,4.895,NA,0.263,NA,6.17,5.70639394,1,
1992,NA,NA,NA,PHOREST,hf015-05,tang,42.537755,-72.171478,26,PH,hardwood,obs,NA,NA,PH,NA,NA,C,mineral,0-15,NA,0.883,7.5133,9.37,1,5.166,NA,0.266,NA,6.846,6.331266185,1,
1992,NA,NA,NA,PHOREST,hf015-05,tang,42.537755,-72.171478,27,PH,hardwood,obs,NA,NA,PH,NA,NA,A,mineral,0-15,NA,0.834,7.5133,8.632,1,4.16,NA,0.174,NA,5.206,4.814605454,1,
1992,NA,NA,NA,PHOREST,hf015-05,tang,42.537755,-72.171478,27,PH,hardwood,obs,NA,NA,PH,NA,NA,B,mineral,0-15,NA,0.826,7.5133,7.874,1,3.684,NA,0.153,NA,4.562,4.219611755,1,
1992,NA,NA,NA,PHOREST,hf015-05,tang,42.537755,-72.171478,27,PH,hardwood,obs,NA,NA,PH,NA,NA,C,mineral,0-15,NA,0.702,7.5133,12.374,1,6.456,NA,0.324,NA,6.8,6.28931051,1,
1992,NA,NA,NA,PHOREST,hf015-05,tang,42.537755,-72.171478,28,PH,hardwood,obs,NA,NA,PH,NA,NA,A,mineral,0-15,NA,0.811,7.5133,10.148,1,4.804,NA,0.191,NA,5.846,5.406626635,1,
1992,NA,NA,NA,PHOREST,hf015-05,tang,42.537755,-72.171478,28,PH,hardwood,obs,NA,NA,PH,NA,NA,B,mineral,0-15,NA,0.85,7.5133,9.619,1,6.33,NA,0.239,NA,8.07,7.463427118,1,
1992,NA,NA,NA,PHOREST,hf015-05,tang,42.537755,-72.171478,28,PH,hardwood,obs,NA,NA,PH,NA,NA,C,mineral,0-15,NA,0.668,7.5133,12.759,1,4.858,NA,0.197,NA,4.869,4.502725789,1,
1992,NA,NA,NA,PHOREST,hf015-05,tang,42.537755,-72.171478,30,PH,hardwood,obs,NA,NA,PH,NA,NA,A,mineral,0-15,NA,0.681,7.5133,12.764,1,12.136,NA,0.408,NA,12.404,11.47176614,1,
1992,NA,NA,NA,PHOREST,hf015-05,tang,42.537755,-72.171478,30,PH,hardwood,obs,NA,NA,PH,NA,NA,B,mineral,0-15,NA,0.7,7.5133,9.573,1,4.715,NA,0.198,NA,4.951,4.57916192,1,
1992,NA,NA,NA,PHOREST,hf015-05,tang,42.537755,-72.171478,30,PH,hardwood,obs,NA,NA,PH,NA,NA,C,mineral,0-15,NA,0.612,7.5133,18.191,1,7.506,NA,0.265,NA,6.893,6.374661857,1,
1992,NA,NA,NA,PHOREST,hf015-05,tang,42.537755,-72.171478,31,PH,hardwood,obs,NA,NA,PH,NA,NA,A,mineral,0-15,NA,0.609,7.5133,20.203,1,10.611,NA,0.36,NA,9.688,8.960190082,1,
1992,NA,NA,NA,PHOREST,hf015-05,tang,42.537755,-72.171478,31,PH,hardwood,obs,NA,NA,PH,NA,NA,B,mineral,0-15,NA,0.983,7.5133,7.557,1,7.208,NA,0.306,NA,10.628,9.82964591,1,
1992,NA,NA,NA,PHOREST,hf015-05,tang,42.537755,-72.171478,31,PH,hardwood,obs,NA,NA,PH,NA,NA,C,mineral,0-15,NA,0.635,7.5133,14.464,1,4.045,NA,0.126,NA,3.85,3.561181567,1,
1992,NA,NA,NA,PHOREST,hf015-05,tang,42.537755,-72.171478,34,PH,hardwood,obs,NA,NA,PH,NA,NA,A,mineral,0-15,NA,0.983,7.5133,8.772,1,4.298,NA,0.182,NA,6.339,5.862728181,1,
1992,NA,NA,NA,PHOREST,hf015-05,tang,42.537755,-72.171478,34,PH,hardwood,obs,NA,NA,PH,NA,NA,B,mineral,0-15,NA,0.962,7.5133,8.503,1,5.052,NA,0.24,NA,7.29,6.741960019,1,
1992,NA,NA,NA,PHOREST,hf015-05,tang,42.537755,-72.171478,34,PH,hardwood,obs,NA,NA,PH,NA,NA,C,mineral,0-15,NA,0.779,7.5133,10.609,1,3.549,NA,0.161,NA,4.148,3.836162842,1,
1992,NA,NA,NA,PHOREST,hf015-05,tang,42.537755,-72.171478,35,PH,hardwood,obs,NA,NA,PH,NA,NA,A,mineral,0-15,NA,0.671,7.5133,15.895,1,NA,NA,NA,NA,NA,NA,1,
1992,NA,NA,NA,PHOREST,hf015-05,tang,42.537755,-72.171478,35,PH,hardwood,obs,NA,NA,PH,NA,NA,B,mineral,0-15,NA,0.595,7.5133,16.512,1,NA,NA,NA,NA,NA,NA,1,
1992,NA,NA,NA,PHOREST,hf015-05,tang,42.537755,-72.171478,35,PH,hardwood,obs,NA,NA,PH,NA,NA,C,mineral,0-15,NA,0.529,7.5133,9.791,1,NA,NA,NA,NA,NA,NA,1,
1992,NA,NA,NA,PHOREST,hf015-05,tang,42.537755,-72.171478,37,PH,hardwood,obs,NA,NA,PH,NA,NA,A,mineral,0-15,NA,0.717,7.5133,13.365,1,6.832,NA,0.42,NA,7.351,6.798310762,1,
1992,NA,NA,NA,PHOREST,hf015-05,tang,42.537755,-72.171478,37,PH,hardwood,obs,NA,NA,PH,NA,NA,B,mineral,0-15,NA,0.629,7.5133,15.059,1,6.859,NA,0.353,NA,6.469,5.982819669,1,
1992,NA,NA,NA,PHOREST,hf015-05,tang,42.537755,-72.171478,37,PH,hardwood,obs,NA,NA,PH,NA,NA,C,mineral,0-15,NA,0.711,7.5133,12.716,1,8.141,NA,0.537,NA,8.683,8.030667683,1,
1992,NA,NA,NA,PHOREST,hf015-05,tang,42.537755,-72.171478,38,PH,hardwood,obs,NA,NA,PH,NA,NA,A,mineral,0-15,NA,0.584,7.5133,19.095,1,6.777,NA,0.277,NA,5.941,5.494327632,1,
1992,NA,NA,NA,PHOREST,hf015-05,tang,42.537755,-72.171478,38,PH,hardwood,obs,NA,NA,PH,NA,NA,B,mineral,0-15,NA,0.71,7.5133,13.514,1,9.84,NA,0.442,NA,10.485,9.696892058,1,
1992,NA,NA,NA,PHOREST,hf015-05,tang,42.537755,-72.171478,38,PH,hardwood,obs,NA,NA,PH,NA,NA,C,mineral,0-15,NA,0.572,7.5133,12.442,1,NA,NA,NA,NA,NA,NA,1,
1992,NA,NA,NA,PHOREST,hf015-05,tang,42.537755,-72.171478,39,PH,hardwood,obs,NA,NA,PH,NA,NA,A,mineral,0-15,NA,0.843,7.5133,9.33,1,4.122,NA,0.16,NA,5.214,4.82213421,1,
1992,NA,NA,NA,PHOREST,hf015-05,tang,42.537755,-72.171478,39,PH,hardwood,obs,NA,NA,PH,NA,NA,B,mineral,0-15,NA,0.831,7.5133,7.841,1,3.938,NA,0.172,NA,4.91,4.540905776,1,
1992,NA,NA,NA,PHOREST,hf015-05,tang,42.537755,-72.171478,39,PH,hardwood,obs,NA,NA,PH,NA,NA,C,mineral,0-15,NA,0.814,7.5133,7.734,1,3.042,NA,0.113,NA,3.715,3.435487457,1,
1992,NA,NA,NA,PHOREST,hf015-05,tang,42.537755,-72.171478,40,PH,hardwood,obs,NA,NA,PH,NA,NA,A,mineral,0-15,NA,0.721,7.5133,11.525,1,7.425,NA,0.329,NA,8.028,7.425069877,1,
1992,NA,NA,NA,PHOREST,hf015-05,tang,42.537755,-72.171478,40,PH,hardwood,obs,NA,NA,PH,NA,NA,B,mineral,0-15,NA,0.747,7.5133,15.172,1,5.96,NA,0.275,NA,6.677,6.175186178,1,
1992,NA,NA,NA,PHOREST,hf015-05,tang,42.537755,-72.171478,40,PH,hardwood,obs,NA,NA,PH,NA,NA,C,mineral,0-15,NA,0.709,7.5133,12.308,1,5.482,NA,0.31,NA,5.828,5.389787568,1,
1992,NA,NA,NA,PHOREST,hf015-05,tang,42.537755,-72.171478,41,PH,hardwood,obs,NA,NA,PH,NA,NA,A,mineral,0-15,NA,0.567,7.5133,19.082,1,10.75,NA,0.489,NA,9.145,8.45761275,1,
1992,NA,NA,NA,PHOREST,hf015-05,tang,42.537755,-72.171478,41,PH,hardwood,obs,NA,NA,PH,NA,NA,B,mineral,0-15,NA,0.681,7.5133,15.224,1,4.311,NA,0.195,NA,4.407,4.075599301,1,
1992,NA,NA,NA,PHOREST,hf015-05,tang,42.537755,-72.171478,41,PH,hardwood,obs,NA,NA,PH,NA,NA,C,mineral,0-15,NA,0.567,7.5133,20.544,1,11.157,NA,0.452,NA,9.493,8.77958796,1,
1992,NA,NA,NA,PHOREST,hf015-05,tang,42.537755,-72.171478,43,PH,hardwood,obs,NA,NA,PH,NA,NA,A,mineral,0-15,NA,0.812,7.5133,10.287,1,3.777,NA,0.141,NA,4.602,4.256227976,1,
1992,NA,NA,NA,PHOREST,hf015-05,tang,42.537755,-72.171478,43,PH,hardwood,obs,NA,NA,PH,NA,NA,B,mineral,0-15,NA,0.879,7.5133,6.722,1,3.096,NA,0.131,NA,4.083,3.776150131,1,
1992,NA,NA,NA,PHOREST,hf015-05,tang,42.537755,-72.171478,43,PH,hardwood,obs,NA,NA,PH,NA,NA,C,mineral,0-15,NA,0.812,7.5133,7.711,1,4.77,NA,0.177,NA,5.811,5.374013708,1,
1992,NA,NA,NA,PHOREST,hf015-05,tang,42.537755,-72.171478,45,PH,hardwood,obs,NA,NA,PH,NA,NA,A,mineral,0-15,NA,0.883,7.5133,6.842,1,3.913,NA,0.174,NA,5.184,4.794789863,1,
1992,NA,NA,NA,PHOREST,hf015-05,tang,42.537755,-72.171478,45,PH,hardwood,obs,NA,NA,PH,NA,NA,B,mineral,0-15,NA,0.795,7.5133,9.422,1,3.496,NA,0.142,NA,4.168,3.854931209,1,
1992,NA,NA,NA,PHOREST,hf015-05,tang,42.537755,-72.171478,45,PH,hardwood,obs,NA,NA,PH,NA,NA,C,mineral,0-15,NA,0.754,7.5133,9.082,1,NA,NA,NA,NA,NA,NA,1,
1992,NA,NA,NA,PHOREST,hf015-05,tang,42.537755,-72.171478,46,PH,hardwood,obs,NA,NA,PH,NA,NA,A,mineral,0-15,NA,0.678,7.5133,10.611,1,4.112,NA,0.164,NA,4.181,3.86674645,1,
1992,NA,NA,NA,PHOREST,hf015-05,tang,42.537755,-72.171478,46,PH,hardwood,obs,NA,NA,PH,NA,NA,B,mineral,0-15,NA,0.883,7.5133,6.73,1,2.995,NA,0.134,NA,3.965,3.666954837,1,
1992,NA,NA,NA,PHOREST,hf015-05,tang,42.537755,-72.171478,46,PH,hardwood,obs,NA,NA,PH,NA,NA,C,mineral,0-15,NA,0.749,7.5133,9.578,1,4.389,NA,0.191,NA,4.928,4.55746941,1,
1992,NA,NA,NA,PHOREST,hf015-05,tang,42.537755,-72.171478,47,PH,hardwood,obs,NA,NA,PH,NA,NA,A,mineral,0-15,NA,0.779,7.5133,10.096,1,4.891,NA,0.244,NA,5.714,5.284526884,1,
1992,NA,NA,NA,PHOREST,hf015-05,tang,42.537755,-72.171478,47,PH,hardwood,obs,NA,NA,PH,NA,NA,B,mineral,0-15,NA,0.721,7.5133,9.395,1,4.404,NA,0.171,NA,4.763,4.405204425,1,
1992,NA,NA,NA,PHOREST,hf015-05,tang,42.537755,-72.171478,47,PH,hardwood,obs,NA,NA,PH,NA,NA,C,mineral,0-15,NA,0.83,7.5133,9.137,1,NA,NA,NA,NA,NA,NA,1,
1992,NA,NA,NA,PHOREST,hf015-05,tang,42.537755,-72.171478,48,PH,conifer,obs,NA,NA,PH,NA,NA,A,mineral,0-15,NA,0.686,7.5133,12.43,1,6.323,NA,0.221,NA,6.506,6.01675554,1,
1992,NA,NA,NA,PHOREST,hf015-05,tang,42.537755,-72.171478,48,PH,conifer,obs,NA,NA,PH,NA,NA,B,mineral,0-15,NA,0.652,7.5133,15.323,1,7.249,NA,0.277,NA,7.084,6.55180855,1,
1992,NA,NA,NA,PHOREST,hf015-05,tang,42.537755,-72.171478,48,PH,conifer,obs,NA,NA,PH,NA,NA,C,mineral,0-15,NA,0.667,7.5133,12.596,1,6.032,NA,0.185,NA,6.035,5.582015546,1,
1992,NA,NA,NA,PHOREST,hf015-05,tang,42.537755,-72.171478,50,PH,hardwood,obs,NA,NA,PH,NA,NA,A,mineral,0-15,NA,0.766,7.5133,9.547,1,3.887,NA,0.183,NA,4.465,4.129884928,1,
1992,NA,NA,NA,PHOREST,hf015-05,tang,42.537755,-72.171478,50,PH,hardwood,obs,NA,NA,PH,NA,NA,B,mineral,0-15,NA,0.865,7.5133,8.99,1,3.76,NA,0.174,NA,4.879,4.512434814,1,
1992,NA,NA,NA,PHOREST,hf015-05,tang,42.537755,-72.171478,50,PH,hardwood,obs,NA,NA,PH,NA,NA,C,mineral,0-15,NA,0.833,7.5133,8.557,1,4.664,NA,0.212,NA,5.826,5.388528411,1,
1992,NA,NA,NA,PHOREST,hf015-05,tang,42.537755,-72.171478,51,PH,hardwood,obs,NA,NA,PH,NA,NA,A,mineral,0-15,NA,0.809,7.5133,7.3,1,3.356,NA,0.139,NA,4.07,3.764497811,1,
1992,NA,NA,NA,PHOREST,hf015-05,tang,42.537755,-72.171478,51,PH,hardwood,obs,NA,NA,PH,NA,NA,B,mineral,0-15,NA,0.804,7.5133,9.129,1,4.292,NA,0.188,NA,5.174,4.785467878,1,
1992,NA,NA,NA,PHOREST,hf015-05,tang,42.537755,-72.171478,51,PH,hardwood,obs,NA,NA,PH,NA,NA,C,mineral,0-15,NA,0.884,7.5133,9.951,1,5,NA,0.21,NA,6.631,6.132773248,1,
1992,NA,NA,NA,PHOREST,hf015-05,tang,42.537755,-72.171478,52,PH,conifer,obs,NA,NA,PH,NA,NA,A,mineral,0-15,NA,0.726,7.5133,14.428,1,9.117,NA,0.386,NA,9.931,9.184474649,1,
1992,NA,NA,NA,PHOREST,hf015-05,tang,42.537755,-72.171478,52,PH,conifer,obs,NA,NA,PH,NA,NA,B,mineral,0-15,NA,0.629,7.5133,15.849,1,9.449,NA,0.339,NA,8.917,8.247267783,1,
1992,NA,NA,NA,PHOREST,hf015-05,tang,42.537755,-72.171478,52,PH,conifer,obs,NA,NA,PH,NA,NA,C,mineral,0-15,NA,0.669,7.5133,13.664,1,7.936,NA,0.275,NA,7.965,7.366535178,1,
1992,NA,NA,NA,PHOREST,hf015-05,tang,42.537755,-72.171478,55,PH,hardwood,obs,NA,NA,PH,NA,NA,A,mineral,0-15,NA,0.693,7.5133,14.039,1,5.488,NA,0.26,NA,5.701,5.272812798,1,
1992,NA,NA,NA,PHOREST,hf015-05,tang,42.537755,-72.171478,55,PH,hardwood,obs,NA,NA,PH,NA,NA,B,mineral,0-15,NA,0.768,7.5133,13.53,1,6.355,NA,0.306,NA,7.318,6.768166229,1,
1992,NA,NA,NA,PHOREST,hf015-05,tang,42.537755,-72.171478,55,PH,hardwood,obs,NA,NA,PH,NA,NA,C,mineral,0-15,NA,0.804,7.5133,10.898,1,6.21,NA,0.343,NA,7.485,6.922499879,1,
1992,NA,NA,NA,PHOREST,hf015-05,tang,42.537755,-72.171478,56,PH,hardwood,obs,NA,NA,PH,NA,NA,A,mineral,0-15,NA,0.972,7.5133,6.167,1,3.477,NA,0.154,NA,5.067,4.686620393,1,
1992,NA,NA,NA,PHOREST,hf015-05,tang,42.537755,-72.171478,56,PH,hardwood,obs,NA,NA,PH,NA,NA,B,mineral,0-15,NA,1.08,7.5133,5.437,1,3.142,NA,0.133,NA,5.088,4.706148909,1,
1992,NA,NA,NA,PHOREST,hf015-05,tang,42.537755,-72.171478,56,PH,hardwood,obs,NA,NA,PH,NA,NA,C,mineral,0-15,NA,1.033,7.5133,6.834,1,2.774,NA,0.122,NA,4.296,3.973316132,1,
1992,NA,NA,NA,PHOREST,hf015-05,tang,42.537755,-72.171478,57,PH,conifer,obs,NA,NA,PH,NA,NA,A,mineral,0-15,NA,0.611,7.5133,12.567,1,3.79,NA,0.176,NA,3.475,3.214230228,1,
1992,NA,NA,NA,PHOREST,hf015-05,tang,42.537755,-72.171478,57,PH,conifer,obs,NA,NA,PH,NA,NA,B,mineral,0-15,NA,0.855,7.5133,7.63,1,3.897,NA,0.172,NA,4.996,4.620504107,1,
1992,NA,NA,NA,PHOREST,hf015-05,tang,42.537755,-72.171478,57,PH,conifer,obs,NA,NA,PH,NA,NA,C,mineral,0-15,NA,0.727,7.5133,8.037,1,6.65,NA,0.311,NA,7.255,6.709837785,1,
1992,NA,NA,NA,PHOREST,hf015-05,tang,42.537755,-72.171478,58,PH,hardwood,obs,NA,NA,PH,NA,NA,A,mineral,0-15,NA,0.836,7.5133,7.489,1,4.091,NA,0.186,NA,5.129,4.743313708,1,
1992,NA,NA,NA,PHOREST,hf015-05,tang,42.537755,-72.171478,58,PH,hardwood,obs,NA,NA,PH,NA,NA,B,mineral,0-15,NA,0.843,7.5133,8.4,1,3.945,NA,0.177,NA,4.987,4.612316845,1,
1992,NA,NA,NA,PHOREST,hf015-05,tang,42.537755,-72.171478,58,PH,hardwood,obs,NA,NA,PH,NA,NA,C,mineral,0-15,NA,0.867,7.5133,8.905,1,4.823,NA,0.239,NA,6.275,5.803935434,1,
1992,NA,NA,NA,PHOREST,hf015-05,tang,42.537755,-72.171478,59,PH,hardwood,obs,NA,NA,PH,NA,NA,A,mineral,0-15,NA,0.826,7.5133,8.797,1,4.264,NA,0.184,NA,5.283,4.885916396,1,
1992,NA,NA,NA,PHOREST,hf015-05,tang,42.537755,-72.171478,59,PH,hardwood,obs,NA,NA,PH,NA,NA,B,mineral,0-15,NA,0.895,7.5133,8.149,1,4.388,NA,0.208,NA,5.888,5.445662729,1,
1992,NA,NA,NA,PHOREST,hf015-05,tang,42.537755,-72.171478,59,PH,hardwood,obs,NA,NA,PH,NA,NA,C,mineral,0-15,NA,0.803,7.5133,9.821,1,4.809,NA,0.216,NA,5.79,5.354533976,1,
1992,NA,NA,NA,PHOREST,hf015-05,tang,42.537755,-72.171478,60,PH,hardwood,obs,NA,NA,PH,NA,NA,A,mineral,0-15,NA,0.928,7.5133,8.495,1,5.267,NA,0.271,NA,7.336,6.784744647,1,
1992,NA,NA,NA,PHOREST,hf015-05,tang,42.537755,-72.171478,60,PH,hardwood,obs,NA,NA,PH,NA,NA,B,mineral,0-15,NA,0.661,7.5133,14.04,1,3.783,NA,0.209,NA,3.752,3.470361838,1,
1992,NA,NA,NA,PHOREST,hf015-05,tang,42.537755,-72.171478,60,PH,hardwood,obs,NA,NA,PH,NA,NA,C,mineral,0-15,NA,0.739,7.5133,11.164,1,7.138,NA,0.373,NA,7.912,7.31772757,1,
1992,NA,NA,NA,PHOREST,hf015-05,tang,42.537755,-72.171478,61,PH,conifer,obs,NA,NA,PH,NA,NA,A,mineral,0-15,NA,0.792,7.5133,9.655,1,5.131,NA,0.309,NA,6.092,5.634399369,1,
1992,NA,NA,NA,PHOREST,hf015-05,tang,42.537755,-72.171478,61,PH,conifer,obs,NA,NA,PH,NA,NA,B,mineral,0-15,NA,0.818,7.5133,9.471,1,7.177,NA,0.447,NA,8.808,8.146175033,1,
1992,NA,NA,NA,PHOREST,hf015-05,tang,42.537755,-72.171478,61,PH,conifer,obs,NA,NA,PH,NA,NA,C,mineral,0-15,NA,0.769,7.5133,13.364,1,5.055,NA,0.308,NA,5.834,5.395766816,1,
1992,NA,NA,NA,PHOREST,hf015-05,tang,42.537755,-72.171478,62,PH,hardwood,obs,NA,NA,PH,NA,NA,A,mineral,0-15,NA,0.642,7.5133,13.913,1,7.519,NA,0.396,NA,7.242,6.697849769,1,
1992,NA,NA,NA,PHOREST,hf015-05,tang,42.537755,-72.171478,62,PH,hardwood,obs,NA,NA,PH,NA,NA,B,mineral,0-15,NA,0.754,7.5133,12.359,1,8.006,NA,0.423,NA,9.054,8.373590627,1,
1992,NA,NA,NA,PHOREST,hf015-05,tang,42.537755,-72.171478,62,PH,hardwood,obs,NA,NA,PH,NA,NA,C,mineral,0-15,NA,0.827,7.5133,11.006,1,8.124,NA,0.444,NA,10.074,9.317114827,1,
1992,NA,NA,NA,PHOREST,hf015-05,tang,42.537755,-72.171478,63,PH,hardwood,obs,NA,NA,PH,NA,NA,A,mineral,0-15,NA,0.789,7.5133,9.632,1,4.442,NA,0.309,NA,5.255,4.860370179,1,
1992,NA,NA,NA,PHOREST,hf015-05,tang,42.537755,-72.171478,63,PH,hardwood,obs,NA,NA,PH,NA,NA,B,mineral,0-15,NA,0.871,7.5133,12.041,1,4.062,NA,0.251,NA,5.307,4.907951617,1,
1992,NA,NA,NA,PHOREST,hf015-05,tang,42.537755,-72.171478,63,PH,hardwood,obs,NA,NA,PH,NA,NA,C,mineral,0-15,NA,0.722,7.5133,9.309,1,5.868,NA,0.399,NA,6.351,5.87400887,1,
1992,NA,NA,NA,PHOREST,hf015-05,tang,42.537755,-72.171478,64,PH,hardwood,obs,NA,NA,PH,NA,NA,A,mineral,0-15,NA,0.541,7.5133,17.707,1,7.412,NA,0.525,NA,6.02,5.567518963,1,
1992,NA,NA,NA,PHOREST,hf015-05,tang,42.537755,-72.171478,64,PH,hardwood,obs,NA,NA,PH,NA,NA,B,mineral,0-15,NA,0.625,7.5133,16.691,1,8.934,NA,0.61,NA,8.381,7.751731648,1,
1992,NA,NA,NA,PHOREST,hf015-05,tang,42.537755,-72.171478,64,PH,hardwood,obs,NA,NA,PH,NA,NA,C,mineral,0-15,NA,0.655,7.5133,14.203,1,9.881,NA,0.56,NA,9.707,8.978001062,1,
1992,NA,NA,NA,PHOREST,hf015-05,tang,42.537755,-72.171478,65,PH,hardwood,obs,NA,NA,PH,NA,NA,A,mineral,0-15,NA,1.145,7.5133,4.528,1,2.388,NA,0.162,NA,4.101,3.792769107,1,
1992,NA,NA,NA,PHOREST,hf015-05,tang,42.537755,-72.171478,65,PH,hardwood,obs,NA,NA,PH,NA,NA,B,mineral,0-15,NA,0.901,7.5133,13.401,1,4.614,NA,0.294,NA,6.235,5.766713382,1,
1992,NA,NA,NA,PHOREST,hf015-05,tang,42.537755,-72.171478,65,PH,hardwood,obs,NA,NA,PH,NA,NA,C,mineral,0-15,NA,0.743,7.5133,10.12,1,NA,NA,NA,NA,NA,NA,1,
1992,NA,NA,NA,PHOREST,hf015-05,tang,42.537755,-72.171478,66,PH,hardwood,obs,NA,NA,PH,NA,NA,A,mineral,0-15,NA,0.629,7.5133,13.191,1,6.246,NA,0.431,NA,5.892,5.449705971,1,
1992,NA,NA,NA,PHOREST,hf015-05,tang,42.537755,-72.171478,66,PH,hardwood,obs,NA,NA,PH,NA,NA,B,mineral,0-15,NA,0.739,7.5133,10.885,1,5.782,NA,0.356,NA,6.411,5.929076929,1,
1992,NA,NA,NA,PHOREST,hf015-05,tang,42.537755,-72.171478,66,PH,hardwood,obs,NA,NA,PH,NA,NA,C,mineral,0-15,NA,0.894,7.5133,8.84,1,5.295,NA,0.257,NA,7.099,6.565740636,1,
1992,NA,NA,NA,PHOREST,hf015-05,tang,42.537755,-72.171478,67,PH,hardwood,obs,NA,NA,PH,NA,NA,A,mineral,0-15,NA,0.855,7.5133,9.505,1,3.798,NA,0.162,NA,4.871,4.505368289,1,
1992,NA,NA,NA,PHOREST,hf015-05,tang,42.537755,-72.171478,67,PH,hardwood,obs,NA,NA,PH,NA,NA,B,mineral,0-15,NA,0.938,7.5133,7.16,1,3.586,NA,0.188,NA,5.044,4.665088478,1,
1992,NA,NA,NA,PHOREST,hf015-05,tang,42.537755,-72.171478,67,PH,hardwood,obs,NA,NA,PH,NA,NA,C,mineral,0-15,NA,0.98,7.5133,8.3,1,3.668,NA,0.179,NA,5.394,4.988847044,1,
1992,NA,NA,NA,PHOREST,hf015-05,tang,42.537755,-72.171478,68,PH,hardwood,obs,NA,NA,PH,NA,NA,A,mineral,0-15,NA,0.872,7.5133,10.243,1,4.501,NA,0.207,NA,5.886,5.444098928,1,
1992,NA,NA,NA,PHOREST,hf015-05,tang,42.537755,-72.171478,68,PH,hardwood,obs,NA,NA,PH,NA,NA,B,mineral,0-15,NA,0.928,7.5133,7.618,1,3.798,NA,0.186,NA,5.288,4.8904429,1,
1992,NA,NA,NA,PHOREST,hf015-05,tang,42.537755,-72.171478,68,PH,hardwood,obs,NA,NA,PH,NA,NA,C,mineral,0-15,NA,0.927,7.5133,8.766,1,5.147,NA,0.226,NA,7.153,6.615998218,1,
1992,NA,NA,NA,PHOREST,hf015-05,tang,42.537755,-72.171478,70,PH,conifer,obs,NA,NA,PH,NA,NA,A,mineral,0-15,NA,0.931,7.5133,7.729,1,4.26,NA,0.197,NA,5.952,5.505137166,1,
1992,NA,NA,NA,PHOREST,hf015-05,tang,42.537755,-72.171478,70,PH,conifer,obs,NA,NA,PH,NA,NA,B,mineral,0-15,NA,1.656,7.5133,8.043,1,10.222,NA,0.614,NA,25.391,23.48350499,1,
1992,NA,NA,NA,PHOREST,hf015-05,tang,42.537755,-72.171478,70,PH,conifer,obs,NA,NA,PH,NA,NA,C,mineral,0-15,NA,0.54,7.5133,18.856,1,4.044,NA,0.176,NA,3.277,3.030925997,1,
1992,NA,NA,NA,PHOREST,hf015-05,tang,42.537755,-72.171478,71,PH,hardwood,obs,NA,NA,PH,NA,NA,A,mineral,0-15,NA,0.825,7.5133,10.314,1,4.405,NA,0.223,NA,5.45,5.040386467,1,
1992,NA,NA,NA,PHOREST,hf015-05,tang,42.537755,-72.171478,71,PH,hardwood,obs,NA,NA,PH,NA,NA,B,mineral,0-15,NA,0.801,7.5133,9.515,1,4.156,NA,0.204,NA,4.996,4.620791765,1,
1992,NA,NA,NA,PHOREST,hf015-05,tang,42.537755,-72.171478,71,PH,hardwood,obs,NA,NA,PH,NA,NA,C,mineral,0-15,NA,0.697,7.5133,10.824,1,5.863,NA,0.255,NA,6.13,5.669664546,1,
1992,NA,NA,NA,PHOREST,hf015-05,tang,42.537755,-72.171478,72,PH,hardwood,obs,NA,NA,PH,NA,NA,B,mineral,0-15,NA,0.647,7.5133,13.188,1,6.211,NA,0.381,NA,6.026,5.573558183,1,
1992,NA,NA,NA,PHOREST,hf015-05,tang,42.537755,-72.171478,72,PH,hardwood,obs,NA,NA,PH,NA,NA,C,mineral,0-15,NA,0.96,7.5133,9.372,1,4.412,NA,0.2,NA,6.354,5.876559072,1,
1992,NA,NA,NA,PHOREST,hf015-05,tang,42.537755,-72.171478,73,PH,hardwood,obs,NA,NA,PH,NA,NA,A,mineral,0-15,NA,0.618,7.5133,17.517,1,9.334,NA,0.582,NA,8.646,7.996798537,1,
1992,NA,NA,NA,PHOREST,hf015-05,tang,42.537755,-72.171478,73,PH,hardwood,obs,NA,NA,PH,NA,NA,B,mineral,0-15,NA,0.982,7.5133,7.234,1,6.489,NA,0.4,NA,9.563,8.844140631,1,
1992,NA,NA,NA,PHOREST,hf015-05,tang,42.537755,-72.171478,73,PH,hardwood,obs,NA,NA,PH,NA,NA,C,mineral,0-15,NA,0.744,7.5133,13.258,1,3.088,NA,0.168,NA,3.448,3.188627547,1,
1992,NA,NA,NA,PHOREST,hf015-05,tang,42.537755,-72.171478,74,PH,hardwood,obs,NA,NA,PH,NA,NA,A,mineral,0-15,NA,0.896,7.5133,8.177,1,4.776,NA,0.246,NA,6.422,5.939050474,1,
1992,NA,NA,NA,PHOREST,hf015-05,tang,42.537755,-72.171478,74,PH,hardwood,obs,NA,NA,PH,NA,NA,B,mineral,0-15,NA,0.866,7.5133,9.561,1,4.314,NA,0.217,NA,5.606,5.184849135,1,
1992,NA,NA,NA,PHOREST,hf015-05,tang,42.537755,-72.171478,74,PH,hardwood,obs,NA,NA,PH,NA,NA,C,mineral,0-15,NA,0.909,7.5133,8.045,1,4.185,NA,0.239,NA,5.709,5.280191511,1,
1992,NA,NA,NA,PHOREST,hf015-05,tang,42.537755,-72.171478,75,PH,hardwood,obs,NA,NA,PH,NA,NA,A,mineral,0-15,NA,0.913,7.5133,8.918,1,6.255,NA,0.365,NA,8.568,7.923949979,1,
1992,NA,NA,NA,PHOREST,hf015-05,tang,42.537755,-72.171478,75,PH,hardwood,obs,NA,NA,PH,NA,NA,B,mineral,0-15,NA,0.917,7.5133,7.443,1,4.014,NA,0.217,NA,5.522,5.106849568,1,
1992,NA,NA,NA,PHOREST,hf015-05,tang,42.537755,-72.171478,75,PH,hardwood,obs,NA,NA,PH,NA,NA,C,mineral,0-15,NA,0.814,7.5133,12.125,1,3.525,NA,0.219,NA,4.305,3.981823309,1,
1992,NA,NA,NA,PHOREST,hf015-05,tang,42.537755,-72.171478,76,PH,conifer,obs,NA,NA,PH,NA,NA,A,mineral,0-15,NA,0.743,7.5133,12.817,1,8.038,NA,0.359,NA,8.955,8.282311045,1,
1992,NA,NA,NA,PHOREST,hf015-05,tang,42.537755,-72.171478,76,PH,conifer,obs,NA,NA,PH,NA,NA,B,mineral,0-15,NA,0.597,7.5133,15.542,1,7.287,NA,0.227,NA,6.52,6.030369999,1,
1992,NA,NA,NA,PHOREST,hf015-05,tang,42.537755,-72.171478,76,PH,conifer,obs,NA,NA,PH,NA,NA,C,mineral,0-15,NA,0.739,7.5133,9.853,1,4.954,NA,0.17,NA,5.494,5.081631373,1,
1992,NA,NA,NA,PHOREST,hf015-05,tang,42.537755,-72.171478,77,PH,hardwood,obs,NA,NA,PH,NA,NA,A,mineral,0-15,NA,0.943,7.5133,7.266,1,3.106,NA,0.144,NA,4.392,4.062210226,1,
1992,NA,NA,NA,PHOREST,hf015-05,tang,42.537755,-72.171478,77,PH,hardwood,obs,NA,NA,PH,NA,NA,B,mineral,0-15,NA,0.977,7.5133,7.722,1,1.98,NA,0.102,NA,2.903,2.684762193,1,
1992,NA,NA,NA,PHOREST,hf015-05,tang,42.537755,-72.171478,77,PH,hardwood,obs,NA,NA,PH,NA,NA,C,mineral,0-15,NA,1.027,7.5133,5.341,1,3.146,NA,0.15,NA,4.845,4.480933282,1,
1992,NA,NA,NA,PHOREST,hf015-05,tang,42.537755,-72.171478,78,PH,hardwood,obs,NA,NA,PH,NA,NA,A,mineral,0-15,NA,0.856,7.5133,8.075,1,4.545,NA,0.23,NA,5.836,5.397553297,1,
1992,NA,NA,NA,PHOREST,hf015-05,tang,42.537755,-72.171478,78,PH,hardwood,obs,NA,NA,PH,NA,NA,B,mineral,0-15,NA,0.833,7.5133,10.645,1,3.93,NA,0.218,NA,4.91,4.541085008,1,
1992,NA,NA,NA,PHOREST,hf015-05,tang,42.537755,-72.171478,78,PH,hardwood,obs,NA,NA,PH,NA,NA,C,mineral,0-15,NA,0.743,7.5133,8.417,1,3.476,NA,0.189,NA,3.877,3.58554127,1,
1992,NA,NA,NA,PHOREST,hf015-05,tang,42.537755,-72.171478,80,PH,hardwood,obs,NA,NA,PH,NA,NA,A,mineral,0-15,NA,0.609,7.5133,12.252,1,6.556,NA,0.249,NA,5.992,5.541344302,1,
1992,NA,NA,NA,PHOREST,hf015-05,tang,42.537755,-72.171478,80,PH,hardwood,obs,NA,NA,PH,NA,NA,B,mineral,0-15,NA,1.147,7.5133,6.529,1,2.689,NA,0.117,NA,4.628,4.280444117,1,
1992,NA,NA,NA,PHOREST,hf015-05,tang,42.537755,-72.171478,80,PH,hardwood,obs,NA,NA,PH,NA,NA,C,mineral,0-15,NA,0.915,7.5133,6.667,1,3.08,NA,0.107,NA,4.229,3.911522051,1,
1992,NA,NA,NA,PHOREST,hf015-05,tang,42.537755,-72.171478,81,PH,hardwood,obs,NA,NA,PH,NA,NA,A,mineral,0-15,NA,0.627,7.5133,11.251,1,3.867,NA,0.161,NA,3.639,3.365139078,1,
1992,NA,NA,NA,PHOREST,hf015-05,tang,42.537755,-72.171478,81,PH,hardwood,obs,NA,NA,PH,NA,NA,B,mineral,0-15,NA,0.766,7.5133,8.026,1,3.926,NA,0.151,NA,4.507,4.168799628,1,
1992,NA,NA,NA,PHOREST,hf015-05,tang,42.537755,-72.171478,81,PH,hardwood,obs,NA,NA,PH,NA,NA,C,mineral,0-15,NA,0.829,7.5133,8.775,1,5.525,NA,0.214,NA,6.874,6.357627137,1,
1992,NA,NA,NA,PHOREST,hf015-05,tang,42.537755,-72.171478,82,PH,hardwood,obs,NA,NA,PH,NA,NA,A,mineral,0-15,NA,0.833,7.5133,8.371,1,7.596,NA,0.383,NA,9.487,8.77430663,1,
1992,NA,NA,NA,PHOREST,hf015-05,tang,42.537755,-72.171478,82,PH,hardwood,obs,NA,NA,PH,NA,NA,B,mineral,0-15,NA,0.669,7.5133,14.855,1,4.239,NA,0.175,NA,4.253,3.93316782,1,
1992,NA,NA,NA,PHOREST,hf015-05,tang,42.537755,-72.171478,82,PH,hardwood,obs,NA,NA,PH,NA,NA,C,mineral,0-15,NA,0.755,7.5133,11.311,1,5.039,NA,0.225,NA,5.704,5.27537556,1,
1992,NA,NA,NA,PHOREST,hf015-05,tang,42.537755,-72.171478,84,PH,hardwood,obs,NA,NA,PH,NA,NA,A,mineral,0-15,NA,0.806,7.5133,9.689,1,4.825,NA,0.207,NA,5.833,5.394563605,1,
1992,NA,NA,NA,PHOREST,hf015-05,tang,42.537755,-72.171478,84,PH,hardwood,obs,NA,NA,PH,NA,NA,B,mineral,0-15,NA,0.716,7.5133,8.447,1,4.161,NA,0.172,NA,4.467,4.131837985,1,
1992,NA,NA,NA,PHOREST,hf015-05,tang,42.537755,-72.171478,84,PH,hardwood,obs,NA,NA,PH,NA,NA,C,mineral,0-15,NA,0.658,7.5133,11.614,1,6.071,NA,0.259,NA,5.989,5.53934421,1,
1992,NA,NA,NA,PHOREST,hf015-05,tang,42.537755,-72.171478,86,PH,conifer,obs,NA,NA,PH,NA,NA,A,mineral,0-15,NA,NA,7.5133,NA,1,3.503,NA,0.174,NA,NA,NA,1,
1992,NA,NA,NA,PHOREST,hf015-05,tang,42.537755,-72.171478,86,PH,conifer,obs,NA,NA,PH,NA,NA,C,mineral,0-15,NA,0.909,7.5133,8.26,1,NA,NA,NA,NA,NA,NA,1,
1992,NA,NA,NA,PHOREST,hf015-05,tang,42.537755,-72.171478,87,PH,hardwood,obs,NA,NA,PH,NA,NA,A,mineral,0-15,NA,0.888,7.5133,8.634,1,3.724,NA,0.129,NA,4.961,4.588482295,1,
1992,NA,NA,NA,PHOREST,hf015-05,tang,42.537755,-72.171478,87,PH,hardwood,obs,NA,NA,PH,NA,NA,B,mineral,0-15,NA,0.96,7.5133,7.158,1,3.455,NA,0.127,NA,4.977,4.602892124,1,
1992,NA,NA,NA,PHOREST,hf015-05,tang,42.537755,-72.171478,87,PH,hardwood,obs,NA,NA,PH,NA,NA,C,mineral,0-15,NA,0.799,7.5133,8.835,1,4.334,NA,0.149,NA,5.197,4.806275013,1,
1992,NA,NA,NA,PHOREST,hf015-05,tang,42.537755,-72.171478,88,PH,hardwood,obs,NA,NA,PH,NA,NA,A,mineral,0-15,NA,0.718,7.5133,8.575,1,4.729,NA,0.164,NA,5.092,4.709785426,1,
1992,NA,NA,NA,PHOREST,hf015-05,tang,42.537755,-72.171478,88,PH,hardwood,obs,NA,NA,PH,NA,NA,B,mineral,0-15,NA,0.42,7.5133,5.589,1,1.325,NA,0.086,NA,0.835,0.772724532,1,
1992,NA,NA,NA,PHOREST,hf015-05,tang,42.537755,-72.171478,88,PH,hardwood,obs,NA,NA,PH,NA,NA,C,mineral,0-15,NA,0.467,7.5133,3.199,1,2.475,NA,0.165,NA,1.732,1.601733296,1,
1992,NA,NA,NA,PHOREST,hf015-05,tang,42.537755,-72.171478,89,PH,hardwood,obs,NA,NA,PH,NA,NA,A,mineral,0-15,NA,0.682,7.5133,9.422,1,4.223,NA,0.211,NA,4.323,3.997877584,1,
1992,NA,NA,NA,PHOREST,hf015-05,tang,42.537755,-72.171478,89,PH,hardwood,obs,NA,NA,PH,NA,NA,B,mineral,0-15,NA,0.714,7.5133,13.844,1,7.083,NA,0.326,NA,7.583,7.013219859,1,
1992,NA,NA,NA,PHOREST,hf015-05,tang,42.537755,-72.171478,89,PH,hardwood,obs,NA,NA,PH,NA,NA,C,mineral,0-15,NA,0.823,7.5133,9.794,1,4.864,NA,0.237,NA,6.007,5.555687366,1,
1992,NA,NA,NA,PHOREST,hf015-05,tang,42.537755,-72.171478,90,PH,hardwood,obs,NA,NA,PH,NA,NA,A,mineral,0-15,NA,0.857,7.5133,11.17,1,8.616,NA,0.494,NA,11.069,10.23776275,1,
1992,NA,NA,NA,PHOREST,hf015-05,tang,42.537755,-72.171478,90,PH,hardwood,obs,NA,NA,PH,NA,NA,B,mineral,0-15,NA,0.803,7.5133,10.822,1,5.285,NA,0.313,NA,6.366,5.888074452,1,
1992,NA,NA,NA,PHOREST,hf015-05,tang,42.537755,-72.171478,90,PH,hardwood,obs,NA,NA,PH,NA,NA,C,mineral,0-15,NA,0.644,7.5133,17.001,1,6.208,NA,0.276,NA,6.001,5.549695715,1,
1992,NA,NA,NA,PHOREST,hf015-05,tang,42.537755,-72.171478,91,PH,hardwood,obs,NA,NA,PH,NA,NA,A,mineral,0-15,NA,0.951,7.5133,7.048,1,3.035,NA,0.135,NA,4.33,4.004346253,1,
1992,NA,NA,NA,PHOREST,hf015-05,tang,42.537755,-72.171478,91,PH,hardwood,obs,NA,NA,PH,NA,NA,B,mineral,0-15,NA,0.769,7.5133,8.939,1,3.835,NA,0.16,NA,4.425,4.092809858,1,
1992,NA,NA,NA,PHOREST,hf015-05,tang,42.537755,-72.171478,91,PH,hardwood,obs,NA,NA,PH,NA,NA,C,mineral,0-15,NA,0.832,7.5133,6.739,1,3.439,NA,0.144,NA,4.29,3.967811721,1,
1992,NA,NA,NA,PHOREST,hf015-05,tang,42.537755,-72.171478,92,PH,hardwood,obs,NA,NA,PH,NA,NA,A,mineral,0-15,NA,0.654,7.5133,14.376,1,6.596,NA,0.347,NA,6.471,5.984459426,1,
1992,NA,NA,NA,PHOREST,hf015-05,tang,42.537755,-72.171478,92,PH,hardwood,obs,NA,NA,PH,NA,NA,B,mineral,0-15,NA,1.02,7.5133,7.864,1,3.133,NA,0.136,NA,4.793,4.432629914,1,
1992,NA,NA,NA,PHOREST,hf015-05,tang,42.537755,-72.171478,92,PH,hardwood,obs,NA,NA,PH,NA,NA,C,mineral,0-15,NA,0.908,7.5133,8.659,1,3.706,NA,0.188,NA,5.047,4.668168468,1,
1992,NA,NA,NA,PHOREST,hf015-05,tang,42.537755,-72.171478,93,PH,hardwood,obs,NA,NA,PH,NA,NA,A,mineral,0-15,NA,0.944,7.5133,7.867,1,3.32,NA,0.194,NA,4.7,4.346969111,1,
1992,NA,NA,NA,PHOREST,hf015-05,tang,42.537755,-72.171478,93,PH,hardwood,obs,NA,NA,PH,NA,NA,B,mineral,0-15,NA,0.994,7.5133,7.968,1,3.767,NA,0.223,NA,5.614,5.19242617,1,
1992,NA,NA,NA,PHOREST,hf015-05,tang,42.537755,-72.171478,93,PH,hardwood,obs,NA,NA,PH,NA,NA,C,mineral,0-15,NA,0.794,7.5133,7.585,1,3.806,NA,0.233,NA,4.534,4.193520101,1,
1992,NA,NA,NA,PHOREST,hf015-05,tang,42.537755,-72.171478,94,PH,hardwood,obs,NA,NA,PH,NA,NA,A,mineral,0-15,NA,0.926,7.5133,7.438,1,4.465,NA,0.188,NA,6.2,5.733753821,1,
1992,NA,NA,NA,PHOREST,hf015-05,tang,42.537755,-72.171478,94,PH,hardwood,obs,NA,NA,PH,NA,NA,B,mineral,0-15,NA,0.761,7.5133,9.578,1,3.383,NA,0.175,NA,3.861,3.57066511,1,
1992,NA,NA,NA,PHOREST,hf015-05,tang,42.537755,-72.171478,94,PH,hardwood,obs,NA,NA,PH,NA,NA,C,mineral,0-15,NA,0.859,7.5133,9.679,1,4.401,NA,0.194,NA,5.671,5.245282511,1,
1992,NA,NA,NA,PHOREST,hf015-05,tang,42.537755,-72.171478,95,PH,conifer,obs,NA,NA,PH,NA,NA,A,mineral,0-15,NA,1.408,7.5133,8.893,1,4.519,NA,0.182,NA,9.542,8.82470869,1,
1992,NA,NA,NA,PHOREST,hf015-05,tang,42.537755,-72.171478,95,PH,conifer,obs,NA,NA,PH,NA,NA,B,mineral,0-15,NA,0.927,7.5133,7.149,1,4.63,NA,0.163,NA,6.437,5.953607016,1,
1992,NA,NA,NA,PHOREST,hf015-05,tang,42.537755,-72.171478,95,PH,conifer,obs,NA,NA,PH,NA,NA,C,mineral,0-15,NA,1.026,7.5133,7.612,1,3.931,NA,0.199,NA,6.051,5.59596305,1,
1992,NA,NA,NA,PHOREST,hf015-05,tang,42.537755,-72.171478,96,PH,hardwood,obs,NA,NA,PH,NA,NA,A,mineral,0-15,NA,0.916,7.5133,3.183,1,1.714,NA,0.066,NA,2.355,2.178080874,1,
1992,NA,NA,NA,PHOREST,hf015-05,tang,42.537755,-72.171478,96,PH,hardwood,obs,NA,NA,PH,NA,NA,B,mineral,0-15,NA,0.825,7.5133,13.71,1,6.419,NA,0.206,NA,7.944,7.347506055,1,
1992,NA,NA,NA,PHOREST,hf015-05,tang,42.537755,-72.171478,96,PH,hardwood,obs,NA,NA,PH,NA,NA,C,mineral,0-15,NA,NA,7.5133,NA,1,NA,NA,NA,NA,NA,NA,1,
1992,NA,NA,NA,PHOREST,hf015-05,tang,42.537755,-72.171478,97,PH,hardwood,obs,NA,NA,PH,NA,NA,A,mineral,0-15,NA,0.608,7.5133,17.204,1,8.569,NA,0.31,NA,7.809,7.222444486,1,
1992,NA,NA,NA,PHOREST,hf015-05,tang,42.537755,-72.171478,97,PH,hardwood,obs,NA,NA,PH,NA,NA,B,mineral,0-15,NA,0.601,7.5133,16.727,1,8.266,NA,0.39,NA,7.447,6.887289733,1,
1992,NA,NA,NA,PHOREST,hf015-05,tang,42.537755,-72.171478,97,PH,hardwood,obs,NA,NA,PH,NA,NA,C,mineral,0-15,NA,0.819,7.5133,12.312,1,8.104,NA,0.325,NA,9.959,9.210813546,1,
1992,NA,NA,NA,PHOREST,hf015-05,tang,42.537755,-72.171478,98,PH,hardwood,obs,NA,NA,PH,NA,NA,A,mineral,0-15,NA,0.831,7.5133,9.353,1,4.715,NA,0.254,NA,5.875,5.43347284,1,
1992,NA,NA,NA,PHOREST,hf015-05,tang,42.537755,-72.171478,98,PH,hardwood,obs,NA,NA,PH,NA,NA,B,mineral,0-15,NA,0.83,7.5133,9.657,1,5.553,NA,0.348,NA,6.911,6.39156097,1,
1992,NA,NA,NA,PHOREST,hf015-05,tang,42.537755,-72.171478,98,PH,hardwood,obs,NA,NA,PH,NA,NA,C,mineral,0-15,NA,0.916,7.5133,9.805,1,4.755,NA,0.256,NA,6.533,6.042056577,1,
1992,NA,NA,NA,PHOREST,hf015-05,tang,42.537755,-72.171478,99,PH,hardwood,obs,NA,NA,PH,NA,NA,A,mineral,0-15,NA,0.592,7.5133,14.875,1,5.026,NA,0.21,NA,4.46,4.124815736,1,
1992,NA,NA,NA,PHOREST,hf015-05,tang,42.537755,-72.171478,99,PH,hardwood,obs,NA,NA,PH,NA,NA,B,mineral,0-15,NA,0.822,7.5133,9.585,1,6.982,NA,0.322,NA,8.611,7.963780674,1,
1992,NA,NA,NA,PHOREST,hf015-05,tang,42.537755,-72.171478,99,PH,hardwood,obs,NA,NA,PH,NA,NA,C,mineral,0-15,NA,0.559,7.5133,19.568,1,10.257,NA,0.446,NA,8.595,7.94946192,1,
1992,NA,NA,NA,PHOREST,hf015-05,tang,42.537755,-72.171478,100,PH,hardwood,obs,NA,NA,PH,NA,NA,A,mineral,0-15,NA,0.642,7.5133,13.583,1,6.496,NA,0.258,NA,6.255,5.784698193,1,
1992,NA,NA,NA,PHOREST,hf015-05,tang,42.537755,-72.171478,100,PH,hardwood,obs,NA,NA,PH,NA,NA,B,mineral,0-15,NA,0.796,7.5133,12.007,1,7.082,NA,0.279,NA,8.46,7.823974994,1,
1992,NA,NA,NA,PHOREST,hf015-05,tang,42.537755,-72.171478,100,PH,hardwood,obs,NA,NA,PH,NA,NA,C,mineral,0-15,NA,0.884,7.5133,8.886,1,3.836,NA,0.166,NA,5.087,4.70465688,1,
1992,NA,NA,NA,PHOREST,hf015-05,tang,42.537755,-72.171478,101,PH,hardwood,obs,NA,NA,PH,NA,NA,A,mineral,0-15,NA,0.99,7.5133,6.081,1,3.072,NA,0.149,NA,4.563,4.220067704,1,
1992,NA,NA,NA,PHOREST,hf015-05,tang,42.537755,-72.171478,101,PH,hardwood,obs,NA,NA,PH,NA,NA,B,mineral,0-15,NA,0.855,7.5133,6.486,1,3.249,NA,0.166,NA,4.165,3.852373181,1,
1992,NA,NA,NA,PHOREST,hf015-05,tang,42.537755,-72.171478,101,PH,hardwood,obs,NA,NA,PH,NA,NA,C,mineral,0-15,NA,0.893,7.5133,8.557,1,3.892,NA,0.213,NA,5.213,4.821169077,1,
1992,NA,NA,NA,PHOREST,hf015-05,tang,42.537755,-72.171478,103,PH,hardwood,obs,NA,NA,PH,NA,NA,A,mineral,0-15,NA,0.819,7.5133,9.71,1,4.142,NA,0.178,NA,5.087,4.704787345,1,
1992,NA,NA,NA,PHOREST,hf015-05,tang,42.537755,-72.171478,103,PH,hardwood,obs,NA,NA,PH,NA,NA,B,mineral,0-15,NA,0.825,7.5133,8.495,1,4.862,NA,0.205,NA,6.013,5.561276716,1,
1992,NA,NA,NA,PHOREST,hf015-05,tang,42.537755,-72.171478,103,PH,hardwood,obs,NA,NA,PH,NA,NA,C,mineral,0-15,NA,0.764,7.5133,9.434,1,4.303,NA,0.159,NA,4.929,4.558878771,1,
1992,NA,NA,NA,PHOREST,hf015-05,tang,42.537755,-72.171478,104,PH,hardwood,obs,NA,NA,PH,NA,NA,A,mineral,0-15,NA,0.689,7.5133,16.067,1,5.704,NA,0.292,NA,5.891,5.44869423,1,
1992,NA,NA,NA,PHOREST,hf015-05,tang,42.537755,-72.171478,104,PH,hardwood,obs,NA,NA,PH,NA,NA,B,mineral,0-15,NA,0.733,7.5133,11.159,1,7.645,NA,0.392,NA,8.411,7.77881041,1,
1992,NA,NA,NA,PHOREST,hf015-05,tang,42.537755,-72.171478,104,PH,hardwood,obs,NA,NA,PH,NA,NA,C,mineral,0-15,NA,0.852,7.5133,8.837,1,3.922,NA,0.212,NA,5.014,4.637516021,1,
1992,NA,NA,NA,PHOREST,hf015-05,tang,42.537755,-72.171478,105,PH,hardwood,obs,NA,NA,PH,NA,NA,A,mineral,0-15,NA,0.904,7.5133,10.884,1,9.384,NA,0.43,NA,12.719,11.76316689,1,
1992,NA,NA,NA,PHOREST,hf015-05,tang,42.537755,-72.171478,105,PH,hardwood,obs,NA,NA,PH,NA,NA,B,mineral,0-15,NA,0.64,7.5133,17.438,1,5.648,NA,0.28,NA,5.423,5.015345155,1,
1992,NA,NA,NA,PHOREST,hf015-05,tang,42.537755,-72.171478,105,PH,hardwood,obs,NA,NA,PH,NA,NA,C,mineral,0-15,NA,0.648,7.5133,17.761,1,11.532,NA,0.454,NA,11.213,10.37092277,1,
1992,NA,NA,NA,PHOREST,hf015-05,tang,42.537755,-72.171478,106,PH,hardwood,obs,NA,NA,PH,NA,NA,A,mineral,0-15,NA,0.988,7.5133,5.91,1,2.914,NA,0.153,NA,4.319,3.9943708,1,
1992,NA,NA,NA,PHOREST,hf015-05,tang,42.537755,-72.171478,106,PH,hardwood,obs,NA,NA,PH,NA,NA,B,mineral,0-15,NA,0.679,7.5133,11.831,1,2.53,NA,0.145,NA,2.576,2.382855176,1,
1992,NA,NA,NA,PHOREST,hf015-05,tang,42.537755,-72.171478,106,PH,hardwood,obs,NA,NA,PH,NA,NA,C,mineral,0-15,NA,1.012,7.5133,6.559,1,8.271,NA,0.414,NA,12.557,11.61337066,1,
1992,NA,NA,NA,PHOREST,hf015-05,tang,42.537755,-72.171478,107,PH,hardwood,obs,NA,NA,PH,NA,NA,A,mineral,0-15,NA,1.138,7.5133,3.531,1,6.797,NA,0.304,NA,11.599,10.72741726,1,
1992,NA,NA,NA,PHOREST,hf015-05,tang,42.537755,-72.171478,107,PH,hardwood,obs,NA,NA,PH,NA,NA,B,mineral,0-15,NA,0.776,7.5133,13.032,1,1.645,NA,0.101,NA,1.915,1.771441201,1,
1992,NA,NA,NA,PHOREST,hf015-05,tang,42.537755,-72.171478,107,PH,hardwood,obs,NA,NA,PH,NA,NA,C,mineral,0-15,NA,1.062,7.5133,8.926,1,4.663,NA,0.242,NA,7.427,6.869085284,1,
1992,NA,NA,NA,PHOREST,hf015-05,tang,42.537755,-72.171478,108,PH,hardwood,obs,NA,NA,PH,NA,NA,A,mineral,0-15,NA,1.02,7.5133,6.812,1,3.346,NA,0.15,NA,5.119,4.734358624,1,
1992,NA,NA,NA,PHOREST,hf015-05,tang,42.537755,-72.171478,108,PH,hardwood,obs,NA,NA,PH,NA,NA,B,mineral,0-15,NA,0.983,7.5133,7.165,1,3.321,NA,0.13,NA,4.897,4.529429785,1,
1992,NA,NA,NA,PHOREST,hf015-05,tang,42.537755,-72.171478,108,PH,hardwood,obs,NA,NA,PH,NA,NA,C,mineral,0-15,NA,0.908,7.5133,8.247,1,4.006,NA,0.193,NA,5.458,5.047905974,1,
1992,NA,NA,NA,PHOREST,hf015-05,tang,42.537755,-72.171478,109,PH,hardwood,obs,NA,NA,PH,NA,NA,A,mineral,0-15,NA,0.747,7.5133,11.483,1,3.763,NA,0.134,NA,4.219,3.901665005,1,
1992,NA,NA,NA,PHOREST,hf015-05,tang,42.537755,-72.171478,109,PH,hardwood,obs,NA,NA,PH,NA,NA,B,mineral,0-15,NA,0.891,7.5133,7.336,1,3.273,NA,0.129,NA,4.374,4.045350811,1,
1992,NA,NA,NA,PHOREST,hf015-05,tang,42.537755,-72.171478,109,PH,hardwood,obs,NA,NA,PH,NA,NA,C,mineral,0-15,NA,0.748,7.5133,7.601,1,5.965,NA,0.256,NA,6.69,6.186983153,1,
1992,NA,NA,NA,PHOREST,hf015-05,tang,42.537755,-72.171478,110,PH,hardwood,obs,NA,NA,PH,NA,NA,A,mineral,0-15,NA,0.905,7.5133,7.717,1,3.483,NA,0.14,NA,4.725,4.370215458,1,
1992,NA,NA,NA,PHOREST,hf015-05,tang,42.537755,-72.171478,110,PH,hardwood,obs,NA,NA,PH,NA,NA,B,mineral,0-15,NA,0.885,7.5133,7.738,1,3.869,NA,0.157,NA,5.136,4.749994776,1,
1992,NA,NA,NA,PHOREST,hf015-05,tang,42.537755,-72.171478,110,PH,hardwood,obs,NA,NA,PH,NA,NA,C,mineral,0-15,NA,0.889,7.5133,8.615,1,3.648,NA,0.153,NA,4.867,4.501521906,1,
1992,NA,NA,NA,PHOREST,hf015-05,tang,42.537755,-72.171478,111,PH,hardwood,obs,NA,NA,PH,NA,NA,A,mineral,0-15,NA,0.844,7.5133,9.029,1,4.665,NA,0.213,NA,5.908,5.463772531,1,
1992,NA,NA,NA,PHOREST,hf015-05,tang,42.537755,-72.171478,111,PH,hardwood,obs,NA,NA,PH,NA,NA,B,mineral,0-15,NA,0.602,7.5133,14.23,1,7.793,NA,0.416,NA,7.042,6.512833167,1,
1992,NA,NA,NA,PHOREST,hf015-05,tang,42.537755,-72.171478,111,PH,hardwood,obs,NA,NA,PH,NA,NA,C,mineral,0-15,NA,0.823,7.5133,9.491,1,NA,NA,NA,NA,NA,NA,1,
1992,NA,NA,NA,PHOREST,hf015-05,tang,42.537755,-72.171478,112,PH,hardwood,obs,NA,NA,PH,NA,NA,A,mineral,0-15,NA,0.679,7.5133,15.839,1,4.083,NA,0.223,NA,4.161,3.848466204,1,
1992,NA,NA,NA,PHOREST,hf015-05,tang,42.537755,-72.171478,112,PH,hardwood,obs,NA,NA,PH,NA,NA,B,mineral,0-15,NA,0.903,7.5133,8.189,1,7.623,NA,0.301,NA,10.329,9.553041047,1,
1992,NA,NA,NA,PHOREST,hf015-05,tang,42.537755,-72.171478,112,PH,hardwood,obs,NA,NA,PH,NA,NA,C,mineral,0-15,NA,0.934,7.5133,7.03,1,3.292,NA,0.154,NA,4.615,4.267836454,1,
1992,NA,NA,NA,PHOREST,hf015-05,tang,42.537755,-72.171478,113,PH,hardwood,obs,NA,NA,PH,NA,NA,A,mineral,0-15,NA,0.829,7.5133,10.74,1,3.368,NA,0.153,NA,4.186,3.871254989,1,
1992,NA,NA,NA,PHOREST,hf015-05,tang,42.537755,-72.171478,113,PH,hardwood,obs,NA,NA,PH,NA,NA,B,mineral,0-15,NA,0.947,7.5133,6.887,1,4.686,NA,0.271,NA,6.654,6.154304537,1,
1992,NA,NA,NA,PHOREST,hf015-05,tang,42.537755,-72.171478,113,PH,hardwood,obs,NA,NA,PH,NA,NA,C,mineral,0-15,NA,1.011,7.5133,6.196,1,3.145,NA,0.15,NA,4.771,4.412555992,1,
1992,NA,NA,NA,PHOREST,hf015-05,tang,42.537755,-72.171478,114,PH,hardwood,obs,NA,NA,PH,NA,NA,A,mineral,0-15,NA,0.796,7.5133,8.039,1,3.449,NA,0.239,NA,4.12,3.810456349,1,
1992,NA,NA,NA,PHOREST,hf015-05,tang,42.537755,-72.171478,114,PH,hardwood,obs,NA,NA,PH,NA,NA,B,mineral,0-15,NA,0.804,7.5133,9.928,1,3.545,NA,0.209,NA,4.274,3.952752058,1,
1992,NA,NA,NA,PHOREST,hf015-05,tang,42.537755,-72.171478,114,PH,hardwood,obs,NA,NA,PH,NA,NA,C,mineral,0-15,NA,0.853,7.5133,7.213,1,5.033,NA,0.252,NA,6.437,5.953463923,1,
1992,NA,NA,NA,PHOREST,hf015-05,tang,42.537755,-72.171478,116,PH,hardwood,obs,NA,NA,PH,NA,NA,A,mineral,0-15,NA,0.867,7.5133,6.876,1,2.92,NA,0.134,NA,3.798,3.512375315,1,
1992,NA,NA,NA,PHOREST,hf015-05,tang,42.537755,-72.171478,116,PH,hardwood,obs,NA,NA,PH,NA,NA,B,mineral,0-15,NA,0.853,7.5133,8.824,1,3.784,NA,0.201,NA,4.84,4.476490324,1,
1992,NA,NA,NA,PHOREST,hf015-05,tang,42.537755,-72.171478,116,PH,hardwood,obs,NA,NA,PH,NA,NA,C,mineral,0-15,NA,0.865,7.5133,7.499,1,3.372,NA,0.195,NA,4.373,4.044252018,1,
1992,NA,NA,NA,PHOREST,hf015-05,tang,42.537755,-72.171478,117,PH,hardwood,obs,NA,NA,PH,NA,NA,A,mineral,0-15,NA,0.922,7.5133,7.455,1,NA,NA,NA,NA,NA,NA,1,
1992,NA,NA,NA,PHOREST,hf015-05,tang,42.537755,-72.171478,117,PH,hardwood,obs,NA,NA,PH,NA,NA,B,mineral,0-15,NA,0.761,7.5133,8.566,1,NA,NA,NA,NA,NA,NA,1,
1992,NA,NA,NA,PHOREST,hf015-05,tang,42.537755,-72.171478,117,PH,hardwood,obs,NA,NA,PH,NA,NA,C,mineral,0-15,NA,0.794,7.5133,7.816,1,NA,NA,NA,NA,NA,NA,1,
1992,NA,NA,NA,PHOREST,hf015-05,tang,42.537755,-72.171478,118,PH,hardwood,obs,NA,NA,PH,NA,NA,A,mineral,0-15,NA,0.688,7.5133,11.757,1,1.723,NA,0.086,NA,1.779,1.645213241,1,Seems like a very low carbon content
1992,NA,NA,NA,PHOREST,hf015-05,tang,42.537755,-72.171478,118,PH,hardwood,obs,NA,NA,PH,NA,NA,B,mineral,0-15,NA,0.945,7.5133,6.15,1,NA,NA,NA,NA,NA,NA,1,
1992,NA,NA,NA,PHOREST,hf015-05,tang,42.537755,-72.171478,118,PH,hardwood,obs,NA,NA,PH,NA,NA,C,mineral,0-15,NA,1.118,7.5133,3.37,1,NA,NA,NA,NA,NA,NA,1,
1992,NA,NA,NA,PHOREST,hf015-05,tang,42.537755,-72.171478,121,PH,hardwood,obs,NA,NA,PH,NA,NA,A,mineral,0-15,NA,0.886,7.5133,7.667,1,6.942,NA,0.27,NA,9.23,8.536797735,1,
1992,NA,NA,NA,PHOREST,hf015-05,tang,42.537755,-72.171478,121,PH,hardwood,obs,NA,NA,PH,NA,NA,B,mineral,0-15,NA,0.816,7.5133,10.943,1,2.833,NA,0.141,NA,3.468,3.207869444,1,
1992,NA,NA,NA,PHOREST,hf015-05,tang,42.537755,-72.171478,121,PH,hardwood,obs,NA,NA,PH,NA,NA,C,mineral,0-15,NA,0.955,7.5133,7.456,1,3.241,NA,0.147,NA,4.642,4.293118452,1,
1992,NA,NA,NA,PHOREST,hf015-05,tang,42.537755,-72.171478,122,PH,hardwood,obs,NA,NA,PH,NA,NA,A,mineral,0-15,NA,0.692,7.5133,12.057,1,6.371,NA,0.291,NA,6.612,6.115526286,1,
1992,NA,NA,NA,PHOREST,hf015-05,tang,42.537755,-72.171478,122,PH,hardwood,obs,NA,NA,PH,NA,NA,B,mineral,0-15,NA,0.636,7.5133,11.816,1,5.217,NA,0.275,NA,4.979,4.604939502,1,
1992,NA,NA,NA,PHOREST,hf015-05,tang,42.537755,-72.171478,122,PH,hardwood,obs,NA,NA,PH,NA,NA,C,mineral,0-15,NA,0.707,7.5133,10.38,1,4.74,NA,0.251,NA,5.028,4.64990333,1,
1992,NA,NA,NA,PHOREST,hf015-05,tang,42.537755,-72.171478,123,PH,conifer,obs,NA,NA,PH,NA,NA,A,mineral,0-15,NA,0.545,7.5133,9.634,1,4.56,NA,0.246,NA,3.725,3.445438312,1,
1992,NA,NA,NA,PHOREST,hf015-05,tang,42.537755,-72.171478,123,PH,conifer,obs,NA,NA,PH,NA,NA,B,mineral,0-15,NA,0.82,7.5133,9.118,1,3.686,NA,0.207,NA,4.536,4.195174087,1,
1992,NA,NA,NA,PHOREST,hf015-05,tang,42.537755,-72.171478,123,PH,conifer,obs,NA,NA,PH,NA,NA,C,mineral,0-15,NA,0.832,7.5133,8.699,1,5.242,NA,0.247,NA,6.538,6.046947533,1,
1992,NA,NA,NA,PHOREST,hf015-05,tang,42.537755,-72.171478,125,PH,hardwood,obs,NA,NA,PH,NA,NA,A,mineral,0-15,NA,0.668,7.5133,9.532,1,4.318,NA,0.255,NA,4.326,4.000991142,1,
1992,NA,NA,NA,PHOREST,hf015-05,tang,42.537755,-72.171478,125,PH,hardwood,obs,NA,NA,PH,NA,NA,B,mineral,0-15,NA,0.766,7.5133,9.503,1,7.97,NA,0.468,NA,9.16,8.471996011,1,
1992,NA,NA,NA,PHOREST,hf015-05,tang,42.537755,-72.171478,125,PH,hardwood,obs,NA,NA,PH,NA,NA,C,mineral,0-15,NA,0.477,7.5133,15.074,1,4.781,NA,0.248,NA,3.423,3.165811507,1,
1992,NA,NA,NA,PHOREST,hf015-05,tang,42.537755,-72.171478,126,PH,hardwood,obs,NA,NA,PH,NA,NA,A,mineral,0-15,NA,0.952,7.5133,6.57,1,3.241,NA,0.149,NA,4.628,4.280452171,1,
1992,NA,NA,NA,PHOREST,hf015-05,tang,42.537755,-72.171478,126,PH,hardwood,obs,NA,NA,PH,NA,NA,B,mineral,0-15,NA,0.974,7.5133,5.938,1,2.559,NA,0.139,NA,3.739,3.458291506,1,
1992,NA,NA,NA,PHOREST,hf015-05,tang,42.537755,-72.171478,126,PH,hardwood,obs,NA,NA,PH,NA,NA,C,mineral,0-15,NA,1.016,7.5133,6.099,1,2.347,NA,0.112,NA,3.576,3.307457946,1,
1992,NA,NA,NA,PHOREST,hf015-05,tang,42.537755,-72.171478,127,PH,hardwood,obs,NA,NA,PH,NA,NA,A,mineral,0-15,NA,0.672,7.5133,12.361,1,6.641,NA,0.366,NA,6.694,6.191107361,1,
1992,NA,NA,NA,PHOREST,hf015-05,tang,42.537755,-72.171478,127,PH,hardwood,obs,NA,NA,PH,NA,NA,B,mineral,0-15,NA,0.452,7.5133,19.482,1,9.005,NA,0.516,NA,6.102,5.643638969,1,
1992,NA,NA,NA,PHOREST,hf015-05,tang,42.537755,-72.171478,127,PH,hardwood,obs,NA,NA,PH,NA,NA,C,mineral,0-15,NA,0.719,7.5133,9.666,1,5.175,NA,0.264,NA,5.58,5.160497153,1,
1992,NA,NA,NA,PHOREST,hf015-05,tang,42.537755,-72.171478,128,PH,hardwood,obs,NA,NA,PH,NA,NA,A,mineral,0-15,NA,0.797,7.5133,10.066,1,5.329,NA,0.194,NA,6.371,5.892366094,1,
1992,NA,NA,NA,PHOREST,hf015-05,tang,42.537755,-72.171478,128,PH,hardwood,obs,NA,NA,PH,NA,NA,B,mineral,0-15,NA,0.823,7.5133,10.869,1,4.928,NA,0.184,NA,6.082,5.624606867,1,
1992,NA,NA,NA,PHOREST,hf015-05,tang,42.537755,-72.171478,128,PH,hardwood,obs,NA,NA,PH,NA,NA,C,mineral,0-15,NA,0.663,7.5133,10.819,1,5.144,NA,0.187,NA,5.117,4.732114962,1,
1992,NA,NA,NA,PHOREST,hf015-05,tang,42.537755,-72.171478,129,PH,conifer,obs,NA,NA,PH,NA,NA,A,mineral,0-15,NA,0.762,7.5133,13.546,1,5.509,NA,0.278,NA,6.301,5.827220496,1,
1992,NA,NA,NA,PHOREST,hf015-05,tang,42.537755,-72.171478,129,PH,conifer,obs,NA,NA,PH,NA,NA,B,mineral,0-15,NA,1.179,7.5133,7.203,1,4.086,NA,0.156,NA,7.227,6.684403447,1,
1992,NA,NA,NA,PHOREST,hf015-05,tang,42.537755,-72.171478,129,PH,conifer,obs,NA,NA,PH,NA,NA,C,mineral,0-15,NA,0.796,7.5133,13.092,1,NA,NA,NA,NA,NA,NA,1,
1992,NA,NA,NA,PHOREST,hf015-05,tang,42.537755,-72.171478,130,PH,conifer,obs,NA,NA,PH,NA,NA,A,mineral,0-15,NA,0.797,7.5133,9.109,1,2.853,NA,0.13,NA,3.411,3.154545644,1,
1992,NA,NA,NA,PHOREST,hf015-05,tang,42.537755,-72.171478,130,PH,conifer,obs,NA,NA,PH,NA,NA,B,mineral,0-15,NA,1.065,7.5133,5.427,1,5.364,NA,0.212,NA,8.565,7.921423936,1,
1992,NA,NA,NA,PHOREST,hf015-05,tang,42.537755,-72.171478,130,PH,conifer,obs,NA,NA,PH,NA,NA,C,mineral,0-15,NA,0.826,7.5133,9.185,1,4.028,NA,0.146,NA,4.993,4.617693343,1,
1992,NA,NA,NA,PHOREST,hf015-05,tang,42.537755,-72.171478,131,PH,conifer,obs,NA,NA,PH,NA,NA,A,mineral,0-15,NA,0.263,7.5133,16.267,1,8.016,NA,0.436,NA,3.158,2.92092201,1,Bulk density very low compared to 2013 measurements
1992,NA,NA,NA,PHOREST,hf015-05,tang,42.537755,-72.171478,131,PH,conifer,obs,NA,NA,PH,NA,NA,B,mineral,0-15,NA,0.237,7.5133,13.08,1,8.914,NA,0.401,NA,3.174,2.935337092,1,Bulk density very low compared to 2013 measurements
1992,NA,NA,NA,PHOREST,hf015-05,tang,42.537755,-72.171478,131,PH,conifer,obs,NA,NA,PH,NA,NA,C,mineral,0-15,NA,0.489,7.5133,15.371,1,NA,NA,NA,NA,NA,NA,1,
1992,NA,NA,NA,PHOREST,hf015-05,tang,42.537755,-72.171478,132,PH,conifer,obs,NA,NA,PH,NA,NA,A,mineral,0-15,NA,0.829,7.5133,9.547,1,4.793,NA,0.185,NA,5.963,5.514892881,1,
1992,NA,NA,NA,PHOREST,hf015-05,tang,42.537755,-72.171478,132,PH,conifer,obs,NA,NA,PH,NA,NA,B,mineral,0-15,NA,0.733,7.5133,12.45,1,7.395,NA,0.404,NA,8.134,7.523082341,1,
1992,NA,NA,NA,PHOREST,hf015-05,tang,42.537755,-72.171478,132,PH,conifer,obs,NA,NA,PH,NA,NA,C,mineral,0-15,NA,0.57,7.5133,15.991,1,9.679,NA,0.355,NA,8.271,7.649753438,1,
1992,NA,NA,NA,PHOREST,hf015-05,tang,42.537755,-72.171478,133,PH,hardwood,obs,NA,NA,PH,NA,NA,A,mineral,0-15,NA,0.623,7.5133,12.937,1,5.758,NA,0.249,NA,5.382,4.97759446,1,
1992,NA,NA,NA,PHOREST,hf015-05,tang,42.537755,-72.171478,133,PH,hardwood,obs,NA,NA,PH,NA,NA,B,mineral,0-15,NA,1.043,7.5133,6.13,1,3.985,NA,0.17,NA,6.237,5.768054774,1,
1992,NA,NA,NA,PHOREST,hf015-05,tang,42.537755,-72.171478,133,PH,hardwood,obs,NA,NA,PH,NA,NA,C,mineral,0-15,NA,0.871,7.5133,9.891,1,3.131,NA,0.132,NA,4.091,3.784059433,1,
1992,NA,NA,NA,PHOREST,hf015-05,tang,42.537755,-72.171478,134,PH,hardwood,obs,NA,NA,PH,NA,NA,A,mineral,0-15,NA,0.808,7.5133,13.202,1,4.307,NA,0.269,NA,5.22,4.827502828,1,
1992,NA,NA,NA,PHOREST,hf015-05,tang,42.537755,-72.171478,134,PH,hardwood,obs,NA,NA,PH,NA,NA,B,mineral,0-15,NA,0.954,7.5133,9.714,1,4.206,NA,0.303,NA,6.019,5.567200334,1,
1992,NA,NA,NA,PHOREST,hf015-05,tang,42.537755,-72.171478,134,PH,hardwood,obs,NA,NA,PH,NA,NA,C,mineral,0-15,NA,0.964,7.5133,8.525,1,7.036,NA,0.389,NA,10.176,9.41182741,1,
1992,NA,NA,NA,PHOREST,hf015-05,tang,42.537755,-72.171478,135,PH,conifer,obs,NA,NA,PH,NA,NA,A,mineral,0-15,NA,0.922,7.5133,9.265,1,2.694,NA,0.119,NA,3.727,3.446713735,1,
1992,NA,NA,NA,PHOREST,hf015-05,tang,42.537755,-72.171478,135,PH,conifer,obs,NA,NA,PH,NA,NA,B,mineral,0-15,NA,0.883,7.5133,7.588,1,4.122,NA,0.176,NA,5.461,5.050667607,1,
1992,NA,NA,NA,PHOREST,hf015-05,tang,42.537755,-72.171478,135,PH,conifer,obs,NA,NA,PH,NA,NA,C,mineral,0-15,NA,1.05,7.5133,5.544,1,4.1,NA,0.154,NA,6.456,5.971399475,1,
1992,NA,NA,NA,PHOREST,hf015-05,tang,42.537755,-72.171478,136,PH,conifer,obs,NA,NA,PH,NA,NA,A,mineral,0-15,NA,0.79,7.5133,10.836,1,11.353,NA,0.598,NA,13.455,12.44429684,1,
1992,NA,NA,NA,PHOREST,hf015-05,tang,42.537755,-72.171478,136,PH,conifer,obs,NA,NA,PH,NA,NA,B,mineral,0-15,NA,0.424,7.5133,19.395,1,6.197,NA,0.21,NA,3.938,3.642475669,1,
1992,NA,NA,NA,PHOREST,hf015-05,tang,42.537755,-72.171478,136,PH,conifer,obs,NA,NA,PH,NA,NA,C,mineral,0-15,NA,0.522,7.5133,22,1,NA,NA,NA,NA,NA,NA,1,
1992,NA,NA,NA,PHOREST,hf015-05,tang,42.537755,-72.171478,137,PH,hardwood,obs,NA,NA,PH,NA,NA,A,mineral,0-15,NA,0.65,7.5133,11.805,1,7.927,NA,0.288,NA,7.729,7.148426462,1,
1992,NA,NA,NA,PHOREST,hf015-05,tang,42.537755,-72.171478,137,PH,hardwood,obs,NA,NA,PH,NA,NA,B,mineral,0-15,NA,0.816,7.5133,14.409,1,6.545,NA,0.25,NA,8.013,7.411358854,1,
1992,NA,NA,NA,PHOREST,hf015-05,tang,42.537755,-72.171478,137,PH,hardwood,obs,NA,NA,PH,NA,NA,C,mineral,0-15,NA,0.667,7.5133,7.898,1,3.37,NA,0.147,NA,3.37,3.116656429,1,
1992,NA,NA,NA,PHOREST,hf015-05,tang,42.537755,-72.171478,140,PH,conifer,obs,NA,NA,PH,NA,NA,A,mineral,0-15,NA,0.786,7.5133,8.247,1,3.718,NA,0.241,NA,4.385,4.055833569,1,
1992,NA,NA,NA,PHOREST,hf015-05,tang,42.537755,-72.171478,140,PH,conifer,obs,NA,NA,PH,NA,NA,B,mineral,0-15,NA,0.514,7.5133,19.795,1,9.824,NA,0.335,NA,7.573,7.003562253,1,
1992,NA,NA,NA,PHOREST,hf015-05,tang,42.537755,-72.171478,140,PH,conifer,obs,NA,NA,PH,NA,NA,C,mineral,0-15,NA,0.614,7.5133,15.801,1,9.716,NA,0.305,NA,8.945,8.273220486,1,
1992,NA,NA,NA,PHOREST,hf015-05,tang,42.537755,-72.171478,141,PH,hardwood,obs,NA,NA,PH,NA,NA,A,mineral,0-15,NA,0.811,7.5133,11.358,1,7.423,NA,0.32,NA,9.028,8.350043064,1,
1992,NA,NA,NA,PHOREST,hf015-05,tang,42.537755,-72.171478,141,PH,hardwood,obs,NA,NA,PH,NA,NA,B,mineral,0-15,NA,0.729,7.5133,13.758,1,6.284,NA,0.289,NA,6.874,6.357517794,1,
1992,NA,NA,NA,PHOREST,hf015-05,tang,42.537755,-72.171478,141,PH,hardwood,obs,NA,NA,PH,NA,NA,C,mineral,0-15,NA,0.647,7.5133,15.894,1,5.543,NA,0.253,NA,5.375,4.971386957,1,
1992,NA,NA,NA,PHOREST,hf015-05,tang,42.537755,-72.171478,142,PH,hardwood,obs,NA,NA,PH,NA,NA,A,mineral,0-15,NA,0.319,7.5133,40.033,1,16.323,NA,1.106,NA,7.818,7.230289184,1,Very doubtful this is all mineral horizon - bulk density very low compared to 2013
1992,NA,NA,NA,PHOREST,hf015-05,tang,42.537755,-72.171478,142,PH,hardwood,obs,NA,NA,PH,NA,NA,B,mineral,0-15,NA,0.393,7.5133,36.697,1,NA,NA,NA,NA,NA,NA,1,Very doubtful this is all mineral horizon - bulk density very low compared to 2013
1992,NA,NA,NA,PHOREST,hf015-05,tang,42.537755,-72.171478,142,PH,hardwood,obs,NA,NA,PH,NA,NA,C,mineral,0-15,NA,0.393,7.5133,34.925,1,NA,NA,NA,NA,NA,NA,1,Very doubtful this is all mineral horizon - bulk density very low compared to 2013
1992,NA,NA,NA,PHOREST,hf015-05,tang,42.537755,-72.171478,143,PH,conifer,obs,NA,NA,PH,NA,NA,A,mineral,0-15,NA,0.722,7.5133,14.753,1,6.564,NA,0.208,NA,7.106,6.571710342,1,
1992,NA,NA,NA,PHOREST,hf015-05,tang,42.537755,-72.171478,143,PH,conifer,obs,NA,NA,PH,NA,NA,B,mineral,0-15,NA,0.744,7.5133,9.794,1,4.502,NA,0.172,NA,5.024,4.646273819,1,
1992,NA,NA,NA,PHOREST,hf015-05,tang,42.537755,-72.171478,143,PH,conifer,obs,NA,NA,PH,NA,NA,C,mineral,0-15,NA,0.515,7.5133,13.513,1,8.32,NA,0.319,NA,6.432,5.949049815,1,
1992,NA,NA,NA,PHOREST,hf015-05,tang,42.537755,-72.171478,144,PH,conifer,obs,NA,NA,PH,NA,NA,A,mineral,0-15,NA,0.653,7.5133,16.701,1,5.923,NA,0.256,NA,5.802,5.366419409,1,
1992,NA,NA,NA,PHOREST,hf015-05,tang,42.537755,-72.171478,144,PH,conifer,obs,NA,NA,PH,NA,NA,B,mineral,0-15,NA,0.909,7.5133,14.734,1,8.654,NA,0.304,NA,11.794,10.90814014,1,
1992,NA,NA,NA,PHOREST,hf015-05,tang,42.537755,-72.171478,144,PH,conifer,obs,NA,NA,PH,NA,NA,C,mineral,0-15,NA,0.403,7.5133,7.747,1,5.118,NA,0.226,NA,3.092,2.859732327,1,
1992,NA,NA,NA,PHOREST,hf015-05,tang,42.537755,-72.171478,145,PH,hardwood,obs,NA,NA,PH,NA,NA,A,mineral,0-15,NA,0.759,7.5133,9.785,1,6.117,NA,0.257,NA,6.96,6.437300629,1,
1992,NA,NA,NA,PHOREST,hf015-05,tang,42.537755,-72.171478,145,PH,hardwood,obs,NA,NA,PH,NA,NA,B,mineral,0-15,NA,0.835,7.5133,7.039,1,4.305,NA,0.174,NA,5.393,4.987821418,1,
1992,NA,NA,NA,PHOREST,hf015-05,tang,42.537755,-72.171478,145,PH,hardwood,obs,NA,NA,PH,NA,NA,C,mineral,0-15,NA,0.755,7.5133,8.681,1,5.688,NA,0.236,NA,6.446,5.961362127,1,
1992,NA,NA,NA,PHOREST,hf015-05,tang,42.537755,-72.171478,149,PH,conifer,obs,NA,NA,PH,NA,NA,A,mineral,0-15,NA,0.544,7.5133,18.915,1,6.538,NA,0.198,NA,5.336,4.935405809,1,
1992,NA,NA,NA,PHOREST,hf015-05,tang,42.537755,-72.171478,149,PH,conifer,obs,NA,NA,PH,NA,NA,B,mineral,0-15,NA,0.634,7.5133,11.636,1,NA,NA,NA,NA,NA,NA,1,
1992,NA,NA,NA,PHOREST,hf015-05,tang,42.537755,-72.171478,149,PH,conifer,obs,NA,NA,PH,NA,NA,C,mineral,0-15,NA,NA,7.5133,NA,1,NA,NA,NA,NA,NA,NA,1,
1992,NA,NA,NA,PHOREST,hf015-05,tang,42.537755,-72.171478,150,PH,conifer,obs,NA,NA,PH,NA,NA,A,mineral,0-15,NA,0.809,7.5133,10.927,1,5.401,NA,0.218,NA,6.552,6.059662543,1,
1992,NA,NA,NA,PHOREST,hf015-05,tang,42.537755,-72.171478,150,PH,conifer,obs,NA,NA,PH,NA,NA,B,mineral,0-15,NA,0.794,7.5133,10.822,1,5.562,NA,0.163,NA,6.621,6.123202952,1,
1992,NA,NA,NA,PHOREST,hf015-05,tang,42.537755,-72.171478,150,PH,conifer,obs,NA,NA,PH,NA,NA,C,mineral,0-15,NA,0.749,7.5133,10.827,1,NA,NA,NA,NA,NA,NA,1,
1992,NA,NA,NA,PHOREST,hf015-05,tang,42.537755,-72.171478,151,PH,hardwood,obs,NA,NA,PH,NA,NA,A,mineral,0-15,NA,0.774,7.5133,14.437,1,6.612,NA,0.415,NA,7.672,7.095651931,1,
1992,NA,NA,NA,PHOREST,hf015-05,tang,42.537755,-72.171478,151,PH,hardwood,obs,NA,NA,PH,NA,NA,B,mineral,0-15,NA,0.67,7.5133,15.476,1,13.732,NA,0.901,NA,13.799,12.76189025,1,
1992,NA,NA,NA,PHOREST,hf015-05,tang,42.537755,-72.171478,151,PH,hardwood,obs,NA,NA,PH,NA,NA,C,mineral,0-15,NA,0.485,7.5133,27.637,1,NA,NA,NA,NA,NA,NA,1,
1992,NA,NA,NA,PHOREST,hf015-05,tang,42.537755,-72.171478,152,PH,hardwood,obs,NA,NA,PH,NA,NA,A,mineral,0-15,NA,0.838,7.5133,7.496,1,4.482,NA,0.196,NA,5.63,5.207367526,1,
1992,NA,NA,NA,PHOREST,hf015-05,tang,42.537755,-72.171478,152,PH,hardwood,obs,NA,NA,PH,NA,NA,B,mineral,0-15,NA,0.86,7.5133,6.886,1,4.733,NA,0.21,NA,6.104,5.645762295,1,
1992,NA,NA,NA,PHOREST,hf015-05,tang,42.537755,-72.171478,152,PH,hardwood,obs,NA,NA,PH,NA,NA,C,mineral,0-15,NA,0.771,7.5133,8.219,1,5.693,NA,0.217,NA,6.582,6.087616991,1,
1992,NA,NA,NA,PHOREST,hf015-05,tang,42.537755,-72.171478,153,PH,hardwood,obs,NA,NA,PH,NA,NA,A,mineral,0-15,NA,0.761,7.5133,5.259,1,3.285,NA,0.107,NA,3.75,3.467884947,1,
1992,NA,NA,NA,PHOREST,hf015-05,tang,42.537755,-72.171478,153,PH,hardwood,obs,NA,NA,PH,NA,NA,B,mineral,0-15,NA,0.815,7.5133,6.747,1,4.304,NA,0.193,NA,5.262,4.866711468,1,
1992,NA,NA,NA,PHOREST,hf015-05,tang,42.537755,-72.171478,153,PH,hardwood,obs,NA,NA,PH,NA,NA,C,mineral,0-15,NA,0.887,7.5133,5.107,1,3.824,NA,0.133,NA,5.088,4.70563759,1,
1992,NA,NA,NA,PHOREST,hf015-05,tang,42.537755,-72.171478,154,PH,hardwood,obs,NA,NA,PH,NA,NA,A,mineral,0-15,NA,0.791,7.5133,6.827,1,4.464,NA,0.17,NA,5.295,4.897616842,1,
1992,NA,NA,NA,PHOREST,hf015-05,tang,42.537755,-72.171478,154,PH,hardwood,obs,NA,NA,PH,NA,NA,B,mineral,0-15,NA,0.799,7.5133,6.883,1,4.339,NA,0.165,NA,5.201,4.809877821,1,
1992,NA,NA,NA,PHOREST,hf015-05,tang,42.537755,-72.171478,154,PH,hardwood,obs,NA,NA,PH,NA,NA,C,mineral,0-15,NA,0.701,7.5133,9.361,1,4.323,NA,0.172,NA,4.547,4.205432709,1,
1992,NA,NA,NA,PHOREST,hf015-05,tang,42.537755,-72.171478,155,PH,conifer,obs,NA,NA,PH,NA,NA,A,mineral,0-15,NA,0.925,7.5133,4.45,1,3.073,NA,0.154,NA,4.264,3.943848834,1,
1992,NA,NA,NA,PHOREST,hf015-05,tang,42.537755,-72.171478,155,PH,conifer,obs,NA,NA,PH,NA,NA,B,mineral,0-15,NA,0.797,7.5133,8.491,1,3.166,NA,0.178,NA,3.785,3.500376372,1,
1992,NA,NA,NA,PHOREST,hf015-05,tang,42.537755,-72.171478,155,PH,conifer,obs,NA,NA,PH,NA,NA,C,mineral,0-15,NA,0.732,7.5133,12.922,1,6.124,NA,0.32,NA,6.725,6.219466187,1,
1992,NA,NA,NA,PHOREST,hf015-05,tang,42.537755,-72.171478,158,PH,conifer,obs,NA,NA,PH,NA,NA,A,mineral,0-15,NA,0.795,7.5133,7.878,1,3.567,NA,0.144,NA,4.255,3.935388576,1,
1992,NA,NA,NA,PHOREST,hf015-05,tang,42.537755,-72.171478,158,PH,conifer,obs,NA,NA,PH,NA,NA,B,mineral,0-15,NA,0.711,7.5133,8.373,1,6.259,NA,0.306,NA,6.68,6.177965474,1,
1992,NA,NA,NA,PHOREST,hf015-05,tang,42.537755,-72.171478,158,PH,conifer,obs,NA,NA,PH,NA,NA,C,mineral,0-15,NA,0.597,7.5133,9.737,1,6.519,NA,0.334,NA,5.835,5.396727722,1,
1992,NA,NA,NA,PHOREST,hf015-05,tang,42.537755,-72.171478,159,PH,hardwood,obs,NA,NA,PH,NA,NA,A,mineral,0-15,NA,0.657,7.5133,10.551,1,5.684,NA,0.218,NA,5.605,5.18422077,1,
1992,NA,NA,NA,PHOREST,hf015-05,tang,42.537755,-72.171478,159,PH,hardwood,obs,NA,NA,PH,NA,NA,B,mineral,0-15,NA,0.716,7.5133,13.705,1,7.952,NA,0.307,NA,8.543,7.901267462,1,
1992,NA,NA,NA,PHOREST,hf015-05,tang,42.537755,-72.171478,159,PH,hardwood,obs,NA,NA,PH,NA,NA,C,mineral,0-15,NA,0.777,7.5133,9.902,1,6.919,NA,0.219,NA,8.066,7.460059949,1,
1992,NA,NA,NA,PHOREST,hf015-05,tang,42.537755,-72.171478,161,PH,hardwood,obs,NA,NA,PH,NA,NA,A,mineral,0-15,NA,1.036,7.5133,6.964,1,2.796,NA,0.121,NA,4.345,4.018512528,1,
1992,NA,NA,NA,PHOREST,hf015-05,tang,42.537755,-72.171478,161,PH,hardwood,obs,NA,NA,PH,NA,NA,B,mineral,0-15,NA,0.981,7.5133,6.48,1,3.868,NA,0.115,NA,5.692,5.264152649,1,
1992,NA,NA,NA,PHOREST,hf015-05,tang,42.537755,-72.171478,161,PH,hardwood,obs,NA,NA,PH,NA,NA,C,mineral,0-15,NA,1.092,7.5133,5.885,1,2.347,NA,0.101,NA,3.843,3.554336711,1,
1992,NA,NA,NA,PHOREST,hf015-05,tang,42.537755,-72.171478,165,PH,conifer,obs,NA,NA,PH,NA,NA,A,mineral,0-15,NA,0.789,7.5133,11.926,1,6.348,NA,0.2,NA,7.516,6.951606921,1,
1992,NA,NA,NA,PHOREST,hf015-05,tang,42.537755,-72.171478,165,PH,conifer,obs,NA,NA,PH,NA,NA,B,mineral,0-15,NA,0.734,7.5133,12.162,1,7.083,NA,0.258,NA,7.799,7.213066259,1,
1992,NA,NA,NA,PHOREST,hf015-05,tang,42.537755,-72.171478,165,PH,conifer,obs,NA,NA,PH,NA,NA,C,mineral,0-15,NA,0.577,7.5133,14.338,1,5.08,NA,0.19,NA,4.398,4.067659935,1,
1992,NA,NA,NA,PHOREST,hf015-05,tang,42.537755,-72.171478,166,PH,hardwood,obs,NA,NA,PH,NA,NA,A,mineral,0-15,NA,0.624,7.5133,17.144,1,9.232,NA,0.383,NA,8.639,7.990327853,1,Either percent carbon is too high here or too low in the 2013 measurement otherwise there would be a huge loss of C over the 20 years
1992,NA,NA,NA,PHOREST,hf015-05,tang,42.537755,-72.171478,166,PH,hardwood,obs,NA,NA,PH,NA,NA,B,mineral,0-15,NA,0.622,7.5133,18.434,1,5.003,NA,0.253,NA,4.668,4.317620406,1,
1992,NA,NA,NA,PHOREST,hf015-05,tang,42.537755,-72.171478,166,PH,hardwood,obs,NA,NA,PH,NA,NA,C,mineral,0-15,NA,0.786,7.5133,9.1,1,8.629,NA,0.387,NA,10.177,9.412170313,1,Either percent carbon is too high here or too low in the 2013 measurement otherwise there would be a huge loss of C over the 20 years
1992,NA,NA,NA,PHOREST,hf015-05,tang,42.537755,-72.171478,167,PH,conifer,obs,NA,NA,PH,NA,NA,A,mineral,0-15,NA,0.981,7.5133,6.332,1,8.531,NA,0.306,NA,12.56,11.61614356,1,
1992,NA,NA,NA,PHOREST,hf015-05,tang,42.537755,-72.171478,167,PH,conifer,obs,NA,NA,PH,NA,NA,B,mineral,0-15,NA,0.553,7.5133,18.747,1,4.791,NA,0.167,NA,3.972,3.673703262,1,
1992,NA,NA,NA,PHOREST,hf015-05,tang,42.537755,-72.171478,167,PH,conifer,obs,NA,NA,PH,NA,NA,C,mineral,0-15,NA,0.813,7.5133,8.629,1,3.689,NA,0.088,NA,4.5,4.161549746,1,
1992,NA,NA,NA,PHOREST,hf015-05,tang,42.537755,-72.171478,168,PH,conifer,obs,NA,NA,PH,NA,NA,A,mineral,0-15,NA,1.204,7.5133,5.338,1,8.391,NA,0.299,NA,15.16,14.02056072,1,Bulk density very high
1992,NA,NA,NA,PHOREST,hf015-05,tang,42.537755,-72.171478,168,PH,conifer,obs,NA,NA,PH,NA,NA,B,mineral,0-15,NA,0.893,7.5133,7.949,1,3.459,NA,0.134,NA,4.632,4.283934801,1,
1992,NA,NA,NA,PHOREST,hf015-05,tang,42.537755,-72.171478,168,PH,conifer,obs,NA,NA,PH,NA,NA,C,mineral,0-15,NA,0.61,7.5133,15.561,1,2.744,NA,0.113,NA,2.509,2.320109899,1,
1992,NA,NA,NA,PHOREST,hf015-05,tang,42.537755,-72.171478,169,PH,hardwood,obs,NA,NA,PH,NA,NA,A,mineral,0-15,NA,0.689,7.5133,5.553,1,3.458,NA,0.172,NA,3.575,3.306202109,1,
1992,NA,NA,NA,PHOREST,hf015-05,tang,42.537755,-72.171478,169,PH,hardwood,obs,NA,NA,PH,NA,NA,B,mineral,0-15,NA,0.929,7.5133,7.729,1,2.015,NA,0.098,NA,2.808,2.596867752,1,
1992,NA,NA,NA,PHOREST,hf015-05,tang,42.537755,-72.171478,169,PH,hardwood,obs,NA,NA,PH,NA,NA,C,mineral,0-15,NA,0.8,7.5133,11.953,1,6.218,NA,0.326,NA,7.459,6.898323584,1,
1992,NA,NA,NA,PHOREST,hf015-05,tang,42.537755,-72.171478,170,PH,hardwood,obs,NA,NA,PH,NA,NA,A,mineral,0-15,NA,0.802,7.5133,10.056,1,3.801,NA,0.24,NA,4.572,4.228912701,1,
1992,NA,NA,NA,PHOREST,hf015-05,tang,42.537755,-72.171478,170,PH,hardwood,obs,NA,NA,PH,NA,NA,B,mineral,0-15,NA,0.712,7.5133,11.742,1,4.564,NA,0.281,NA,4.877,4.510351544,1,
1992,NA,NA,NA,PHOREST,hf015-05,tang,42.537755,-72.171478,170,PH,hardwood,obs,NA,NA,PH,NA,NA,C,mineral,0-15,NA,0.783,7.5133,8.663,1,5.513,NA,0.337,NA,6.472,5.985892447,1,
1992,NA,NA,NA,PHOREST,hf015-05,tang,42.537755,-72.171478,171,PH,hardwood,obs,NA,NA,PH,NA,NA,A,mineral,0-15,NA,0.853,7.5133,10.126,1,4.533,NA,0.235,NA,5.797,5.361179185,1,
1992,NA,NA,NA,PHOREST,hf015-05,tang,42.537755,-72.171478,171,PH,hardwood,obs,NA,NA,PH,NA,NA,B,mineral,0-15,NA,0.852,7.5133,8.447,1,4.33,NA,0.192,NA,5.535,5.119525324,1,
1992,NA,NA,NA,PHOREST,hf015-05,tang,42.537755,-72.171478,171,PH,hardwood,obs,NA,NA,PH,NA,NA,C,mineral,0-15,NA,1.042,7.5133,6.251,1,2.814,NA,0.129,NA,4.4,4.069229536,1,
1992,NA,NA,NA,PHOREST,hf015-05,tang,42.537755,-72.171478,172,PH,hardwood,obs,NA,NA,PH,NA,NA,A,mineral,0-15,NA,0.829,7.5133,7.086,1,4.156,NA,0.192,NA,5.171,4.782334876,1,
1992,NA,NA,NA,PHOREST,hf015-05,tang,42.537755,-72.171478,172,PH,hardwood,obs,NA,NA,PH,NA,NA,B,mineral,0-15,NA,0.897,7.5133,8.22,1,4.92,NA,0.228,NA,6.622,6.124014983,1,
1992,NA,NA,NA,PHOREST,hf015-05,tang,42.537755,-72.171478,172,PH,hardwood,obs,NA,NA,PH,NA,NA,C,mineral,0-15,NA,0.793,7.5133,10.337,1,3.722,NA,0.152,NA,4.426,4.093386263,1,
1992,NA,NA,NA,PHOREST,hf015-05,tang,42.537755,-72.171478,173,PH,hardwood,obs,NA,NA,PH,NA,NA,A,mineral,0-15,NA,0.706,7.5133,10.01,1,4.755,NA,0.212,NA,5.035,4.656325023,1,
1992,NA,NA,NA,PHOREST,hf015-05,tang,42.537755,-72.171478,173,PH,hardwood,obs,NA,NA,PH,NA,NA,B,mineral,0-15,NA,0.74,7.5133,8.992,1,3.899,NA,0.174,NA,4.327,4.001443673,1,
1992,NA,NA,NA,PHOREST,hf015-05,tang,42.537755,-72.171478,173,PH,hardwood,obs,NA,NA,PH,NA,NA,C,mineral,0-15,NA,0.853,7.5133,7.922,1,5.251,NA,0.206,NA,6.716,6.211495608,1,
1992,NA,NA,NA,PHOREST,hf015-05,tang,42.537755,-72.171478,174,PH,hardwood,obs,NA,NA,PH,NA,NA,A,mineral,0-15,NA,0.801,7.5133,10.401,1,6.561,NA,0.373,NA,7.887,7.294206786,1,
1992,NA,NA,NA,PHOREST,hf015-05,tang,42.537755,-72.171478,174,PH,hardwood,obs,NA,NA,PH,NA,NA,B,mineral,0-15,NA,0.668,7.5133,11.287,1,5.147,NA,0.259,NA,5.161,4.773179332,1,
1992,NA,NA,NA,PHOREST,hf015-05,tang,42.537755,-72.171478,174,PH,hardwood,obs,NA,NA,PH,NA,NA,C,mineral,0-15,NA,0.64,7.5133,14.291,1,5.053,NA,0.273,NA,4.847,4.482963533,1,
1992,NA,NA,NA,PHOREST,hf015-05,tang,42.537755,-72.171478,175,PH,hardwood,obs,NA,NA,PH,NA,NA,A,mineral,0-15,NA,0.99,7.5133,5.906,1,3.011,NA,0.145,NA,4.472,4.136161078,1,
1992,NA,NA,NA,PHOREST,hf015-05,tang,42.537755,-72.171478,175,PH,hardwood,obs,NA,NA,PH,NA,NA,B,mineral,0-15,NA,0.739,7.5133,8.181,1,2.801,NA,0.133,NA,3.107,2.873591331,1,
1992,NA,NA,NA,PHOREST,hf015-05,tang,42.537755,-72.171478,175,PH,hardwood,obs,NA,NA,PH,NA,NA,C,mineral,0-15,NA,0.912,7.5133,7.278,1,4.066,NA,0.196,NA,5.56,5.142260667,1,
1992,NA,NA,NA,PHOREST,hf015-05,tang,42.537755,-72.171478,176,PH,hardwood,obs,NA,NA,PH,NA,NA,A,mineral,0-15,NA,0.492,7.5133,14.343,1,18.333,NA,1.122,NA,13.529,12.51240418,1,
1992,NA,NA,NA,PHOREST,hf015-05,tang,42.537755,-72.171478,176,PH,hardwood,obs,NA,NA,PH,NA,NA,B,mineral,0-15,NA,0.845,7.5133,7.907,1,4.718,NA,0.206,NA,5.982,5.53273544,1,
1992,NA,NA,NA,PHOREST,hf015-05,tang,42.537755,-72.171478,176,PH,hardwood,obs,NA,NA,PH,NA,NA,C,mineral,0-15,NA,0.267,7.5133,30.068,1,8.427,NA,0.518,NA,3.381,3.126524537,1,
1992,NA,NA,NA,PHOREST,hf015-05,tang,42.537755,-72.171478,177,PH,hardwood,obs,NA,NA,PH,NA,NA,A,mineral,0-15,NA,0.797,7.5133,9.742,1,4.595,NA,0.291,NA,5.493,5.080240031,1,
1992,NA,NA,NA,PHOREST,hf015-05,tang,42.537755,-72.171478,177,PH,hardwood,obs,NA,NA,PH,NA,NA,B,mineral,0-15,NA,0.748,7.5133,9.05,1,4.371,NA,0.264,NA,4.902,4.533501082,1,
1992,NA,NA,NA,PHOREST,hf015-05,tang,42.537755,-72.171478,177,PH,hardwood,obs,NA,NA,PH,NA,NA,C,mineral,0-15,NA,0.703,7.5133,12.238,1,5.543,NA,0.331,NA,5.846,5.407137964,1,
1992,NA,NA,NA,PHOREST,hf015-05,tang,42.537755,-72.171478,178,PH,hardwood,obs,NA,NA,PH,NA,NA,A,mineral,0-15,NA,0.613,7.5133,14.002,1,5.555,NA,0.301,NA,5.106,4.721996686,1,
1992,NA,NA,NA,PHOREST,hf015-05,tang,42.537755,-72.171478,178,PH,hardwood,obs,NA,NA,PH,NA,NA,B,mineral,0-15,NA,0.618,7.5133,10.617,1,5.136,NA,0.348,NA,4.758,4.400286637,1,
1992,NA,NA,NA,PHOREST,hf015-05,tang,42.537755,-72.171478,178,PH,hardwood,obs,NA,NA,PH,NA,NA,C,mineral,0-15,NA,0.756,7.5133,8.668,1,6.911,NA,0.492,NA,7.84,7.250850722,1,
1992,NA,NA,NA,PHOREST,hf015-05,tang,42.537755,-72.171478,179,PH,conifer,obs,NA,NA,PH,NA,NA,A,mineral,0-15,NA,0.813,7.5133,6.864,1,3.235,NA,0.19,NA,3.947,3.650145851,1,
1992,NA,NA,NA,PHOREST,hf015-05,tang,42.537755,-72.171478,179,PH,conifer,obs,NA,NA,PH,NA,NA,B,mineral,0-15,NA,0.892,7.5133,8.539,1,3.696,NA,0.214,NA,4.948,4.57592402,1,
1992,NA,NA,NA,PHOREST,hf015-05,tang,42.537755,-72.171478,179,PH,conifer,obs,NA,NA,PH,NA,NA,C,mineral,0-15,NA,1.008,7.5133,7.606,1,2.523,NA,0.143,NA,3.815,3.528828653,1,
1992,NA,NA,NA,PHOREST,hf015-05,tang,42.537755,-72.171478,180,PH,conifer,obs,NA,NA,PH,NA,NA,A,mineral,0-15,NA,0.895,7.5133,5.65,1,2.934,NA,0.089,NA,3.937,3.641549628,1,
1992,NA,NA,NA,PHOREST,hf015-05,tang,42.537755,-72.171478,180,PH,conifer,obs,NA,NA,PH,NA,NA,B,mineral,0-15,NA,0.817,7.5133,7.602,1,3.901,NA,0.145,NA,4.779,4.419555605,1,
1992,NA,NA,NA,PHOREST,hf015-05,tang,42.537755,-72.171478,180,PH,conifer,obs,NA,NA,PH,NA,NA,C,mineral,0-15,NA,0.816,7.5133,8.456,1,4.924,NA,0.13,NA,6.029,5.575636756,1,
1992,NA,NA,NA,PHOREST,hf015-05,tang,42.537755,-72.171478,181,PH,conifer,obs,NA,NA,PH,NA,NA,A,mineral,0-15,NA,0.568,7.5133,16.273,1,6.279,NA,0.198,NA,5.353,4.950493277,1,
1992,NA,NA,NA,PHOREST,hf015-05,tang,42.537755,-72.171478,181,PH,conifer,obs,NA,NA,PH,NA,NA,B,mineral,0-15,NA,0.942,7.5133,10.04,1,5.687,NA,0.191,NA,8.038,7.433952558,1,
1992,NA,NA,NA,PHOREST,hf015-05,tang,42.537755,-72.171478,181,PH,conifer,obs,NA,NA,PH,NA,NA,C,mineral,0-15,NA,0.834,7.5133,10.626,1,7.585,NA,0.334,NA,9.485,8.77199847,1,
1992,NA,NA,NA,PHOREST,hf015-05,tang,42.537755,-72.171478,182,PH,hardwood,obs,NA,NA,PH,NA,NA,A,mineral,0-15,NA,0.716,7.5133,10.581,1,7.091,NA,0.376,NA,7.62,7.0472424,1,
1992,NA,NA,NA,PHOREST,hf015-05,tang,42.537755,-72.171478,182,PH,hardwood,obs,NA,NA,PH,NA,NA,B,mineral,0-15,NA,0.74,7.5133,10.847,1,5.707,NA,0.31,NA,6.336,5.860406706,1,
1992,NA,NA,NA,PHOREST,hf015-05,tang,42.537755,-72.171478,182,PH,hardwood,obs,NA,NA,PH,NA,NA,C,mineral,0-15,NA,0.72,7.5133,11.805,1,6.222,NA,0.309,NA,6.721,6.215610171,1,
1992,NA,NA,NA,PHOREST,hf015-05,tang,42.537755,-72.171478,183,PH,hardwood,obs,NA,NA,PH,NA,NA,A,mineral,0-15,NA,0.577,7.5133,14.274,1,7.301,NA,0.377,NA,6.322,5.846927813,1,
1992,NA,NA,NA,PHOREST,hf015-05,tang,42.537755,-72.171478,183,PH,hardwood,obs,NA,NA,PH,NA,NA,B,mineral,0-15,NA,0.704,7.5133,11.632,1,8.826,NA,0.417,NA,9.318,8.617862824,1,
1992,NA,NA,NA,PHOREST,hf015-05,tang,42.537755,-72.171478,183,PH,hardwood,obs,NA,NA,PH,NA,NA,C,mineral,0-15,NA,0.615,7.5133,15.191,1,6.657,NA,0.33,NA,6.137,5.675691754,1,
1992,NA,NA,NA,PHOREST,hf015-05,tang,42.537755,-72.171478,186,PH,hardwood,obs,NA,NA,PH,NA,NA,A,mineral,0-15,NA,0.6,7.5133,14.939,1,7.793,NA,0.401,NA,7.011,6.484593554,1,
1992,NA,NA,NA,PHOREST,hf015-05,tang,42.537755,-72.171478,186,PH,hardwood,obs,NA,NA,PH,NA,NA,B,mineral,0-15,NA,0.592,7.5133,14.052,1,6.511,NA,0.377,NA,5.784,5.349267128,1,
1992,NA,NA,NA,PHOREST,hf015-05,tang,42.537755,-72.171478,186,PH,hardwood,obs,NA,NA,PH,NA,NA,C,mineral,0-15,NA,0.439,7.5133,25.031,1,NA,NA,NA,NA,NA,NA,1,
1992,NA,NA,NA,PHOREST,hf015-05,tang,42.537755,-72.171478,188,PH,hardwood,obs,NA,NA,PH,NA,NA,A,mineral,0-15,NA,0.81,7.5133,11.844,1,3.624,NA,0.228,NA,4.405,4.0737441,1,
1992,NA,NA,NA,PHOREST,hf015-05,tang,42.537755,-72.171478,188,PH,hardwood,obs,NA,NA,PH,NA,NA,B,mineral,0-15,NA,0.903,7.5133,7.613,1,4.566,NA,0.299,NA,6.187,5.722471829,1,
1992,NA,NA,NA,PHOREST,hf015-05,tang,42.537755,-72.171478,188,PH,hardwood,obs,NA,NA,PH,NA,NA,C,mineral,0-15,NA,0.834,7.5133,8.324,1,6.418,NA,0.392,NA,8.027,7.42366199,1,
1992,NA,NA,NA,PHOREST,hf015-05,tang,42.537755,-72.171478,189,PH,hardwood,obs,NA,NA,PH,NA,NA,A,mineral,0-15,NA,1.087,7.5133,4.236,1,1.746,NA,0.089,NA,2.847,2.633397751,1,
1992,NA,NA,NA,PHOREST,hf015-05,tang,42.537755,-72.171478,189,PH,hardwood,obs,NA,NA,PH,NA,NA,B,mineral,0-15,NA,1.051,7.5133,4.136,1,3.838,NA,0.188,NA,6.048,5.593253788,1,
1992,NA,NA,NA,PHOREST,hf015-05,tang,42.537755,-72.171478,189,PH,hardwood,obs,NA,NA,PH,NA,NA,C,mineral,0-15,NA,0.911,7.5133,7.12,1,2.097,NA,0.098,NA,2.867,2.651268406,1,
1992,NA,NA,NA,PHOREST,hf015-05,tang,42.537755,-72.171478,190,PH,hardwood,obs,NA,NA,PH,NA,NA,A,mineral,0-15,NA,0.916,7.5133,8,1,4.353,NA,0.236,NA,5.981,5.531473618,1,
1992,NA,NA,NA,PHOREST,hf015-05,tang,42.537755,-72.171478,190,PH,hardwood,obs,NA,NA,PH,NA,NA,B,mineral,0-15,NA,0.843,7.5133,8.835,1,3.465,NA,0.191,NA,4.38,4.051140753,1,
1992,NA,NA,NA,PHOREST,hf015-05,tang,42.537755,-72.171478,190,PH,hardwood,obs,NA,NA,PH,NA,NA,C,mineral,0-15,NA,0.808,7.5133,8.489,1,4.237,NA,0.221,NA,5.136,4.750492269,1,
1992,NA,NA,NA,PHOREST,hf015-05,tang,42.537755,-72.171478,192,PH,hardwood,obs,NA,NA,PH,NA,NA,A,mineral,0-15,NA,0.819,7.5133,9.589,1,4.962,NA,0.239,NA,6.093,5.635625223,1,
1992,NA,NA,NA,PHOREST,hf015-05,tang,42.537755,-72.171478,192,PH,hardwood,obs,NA,NA,PH,NA,NA,B,mineral,0-15,NA,0.792,7.5133,8.674,1,5.246,NA,0.233,NA,6.23,5.761721978,1,
1992,NA,NA,NA,PHOREST,hf015-05,tang,42.537755,-72.171478,192,PH,hardwood,obs,NA,NA,PH,NA,NA,C,mineral,0-15,NA,0.818,7.5133,11.792,1,5.056,NA,0.22,NA,6.208,5.741319686,1,
1992,NA,NA,NA,PHOREST,hf015-05,tang,42.537755,-72.171478,193,PH,hardwood,obs,NA,NA,PH,NA,NA,A,mineral,0-15,NA,0.831,7.5133,8.947,1,4.366,NA,0.169,NA,5.439,5.030644378,1,
1992,NA,NA,NA,PHOREST,hf015-05,tang,42.537755,-72.171478,193,PH,hardwood,obs,NA,NA,PH,NA,NA,B,mineral,0-15,NA,0.768,7.5133,7.802,1,3.761,NA,0.14,NA,4.331,4.005773381,1,
1992,NA,NA,NA,PHOREST,hf015-05,tang,42.537755,-72.171478,193,PH,hardwood,obs,NA,NA,PH,NA,NA,C,mineral,0-15,NA,0.901,7.5133,6.813,1,2.974,NA,0.127,NA,4.018,3.715980668,1,
1992,NA,NA,NA,PHOREST,hf015-05,tang,42.537755,-72.171478,194,PH,hardwood,obs,NA,NA,PH,NA,NA,A,mineral,0-15,NA,0.919,7.5133,7.643,1,2.984,NA,0.118,NA,4.111,3.802513453,1,
1992,NA,NA,NA,PHOREST,hf015-05,tang,42.537755,-72.171478,194,PH,hardwood,obs,NA,NA,PH,NA,NA,B,mineral,0-15,NA,0.878,7.5133,7.469,1,4.652,NA,0.196,NA,6.124,5.664236349,1,
1992,NA,NA,NA,PHOREST,hf015-05,tang,42.537755,-72.171478,194,PH,hardwood,obs,NA,NA,PH,NA,NA,C,mineral,0-15,NA,0.735,7.5133,9.645,1,3.12,NA,0.124,NA,3.44,3.181232905,1,
1992,NA,NA,NA,PHOREST,hf015-05,tang,42.537755,-72.171478,195,PH,hardwood,obs,NA,NA,PH,NA,NA,A,mineral,0-15,NA,0.989,7.5133,9.543,1,3.579,NA,0.157,NA,5.31,4.910808156,1,
1992,NA,NA,NA,PHOREST,hf015-05,tang,42.537755,-72.171478,195,PH,hardwood,obs,NA,NA,PH,NA,NA,B,mineral,0-15,NA,0.961,7.5133,9.44,1,4.204,NA,0.191,NA,6.064,5.608082078,1,
1992,NA,NA,NA,PHOREST,hf015-05,tang,42.537755,-72.171478,195,PH,hardwood,obs,NA,NA,PH,NA,NA,C,mineral,0-15,NA,0.891,7.5133,8.818,1,4.417,NA,0.191,NA,5.902,5.458835275,1,
1992,NA,NA,NA,PHOREST,hf015-05,tang,42.537755,-72.171478,196,PH,conifer,obs,NA,NA,PH,NA,NA,A,mineral,0-15,NA,0.829,7.5133,6.504,1,3.035,NA,0.122,NA,3.772,3.488145284,1,
1992,NA,NA,NA,PHOREST,hf015-05,tang,42.537755,-72.171478,196,PH,conifer,obs,NA,NA,PH,NA,NA,B,mineral,0-15,NA,0.877,7.5133,8.024,1,4.198,NA,0.157,NA,5.522,5.106865874,1,
1992,NA,NA,NA,PHOREST,hf015-05,tang,42.537755,-72.171478,196,PH,conifer,obs,NA,NA,PH,NA,NA,C,mineral,0-15,NA,0.875,7.5133,8.715,1,3.368,NA,0.122,NA,4.421,4.088687333,1,
1992,NA,NA,NA,PHOREST,hf015-05,tang,42.537755,-72.171478,197,PH,conifer,obs,NA,NA,PH,NA,NA,A,mineral,0-15,NA,0.985,7.5133,6.243,1,2.809,NA,0.16,NA,4.153,3.840819294,1,
1992,NA,NA,NA,PHOREST,hf015-05,tang,42.537755,-72.171478,197,PH,conifer,obs,NA,NA,PH,NA,NA,B,mineral,0-15,NA,0.997,7.5133,6.596,1,2.796,NA,0.129,NA,4.18,3.865661079,1,
1992,NA,NA,NA,PHOREST,hf015-05,tang,42.537755,-72.171478,197,PH,conifer,obs,NA,NA,PH,NA,NA,C,mineral,0-15,NA,0.707,7.5133,11.503,1,5.208,NA,0.25,NA,5.524,5.109211539,1,
1992,NA,NA,NA,PHOREST,hf015-05,tang,42.537755,-72.171478,199,PH,hardwood,obs,NA,NA,PH,NA,NA,A,mineral,0-15,NA,0.879,7.5133,8.902,1,4.353,NA,0.292,NA,5.737,5.305585876,1,
1992,NA,NA,NA,PHOREST,hf015-05,tang,42.537755,-72.171478,199,PH,hardwood,obs,NA,NA,PH,NA,NA,B,mineral,0-15,NA,0.818,7.5133,11.373,1,4.852,NA,0.281,NA,5.953,5.506189093,1,
1992,NA,NA,NA,PHOREST,hf015-05,tang,42.537755,-72.171478,199,PH,hardwood,obs,NA,NA,PH,NA,NA,C,mineral,0-15,NA,0.821,7.5133,9.489,1,4.239,NA,0.251,NA,5.222,4.830044191,1,
1992,NA,NA,NA,PHOREST,hf015-05,tang,42.537755,-72.171478,200,PH,hardwood,obs,NA,NA,PH,NA,NA,A,mineral,0-15,NA,0.695,7.5133,13.767,1,7.292,NA,0.398,NA,7.602,7.031218147,1,
1992,NA,NA,NA,PHOREST,hf015-05,tang,42.537755,-72.171478,200,PH,hardwood,obs,NA,NA,PH,NA,NA,B,mineral,0-15,NA,0.81,7.5133,11.194,1,6.788,NA,0.462,NA,8.249,7.629299728,1,
1992,NA,NA,NA,PHOREST,hf015-05,tang,42.537755,-72.171478,200,PH,hardwood,obs,NA,NA,PH,NA,NA,C,mineral,0-15,NA,0.931,7.5133,7.933,1,NA,NA,NA,NA,NA,NA,1,
1992,NA,NA,NA,PHOREST,hf015-05,tang,42.537755,-72.171478,201,PH,conifer,obs,NA,NA,PH,NA,NA,A,mineral,0-15,NA,0.923,7.5133,6.834,1,4.867,NA,0.308,NA,6.741,6.234540557,1,
1992,NA,NA,NA,PHOREST,hf015-05,tang,42.537755,-72.171478,201,PH,conifer,obs,NA,NA,PH,NA,NA,B,mineral,0-15,NA,0.826,7.5133,8.966,1,5.729,NA,0.374,NA,7.101,6.567019388,1,
1992,NA,NA,NA,PHOREST,hf015-05,tang,42.537755,-72.171478,201,PH,conifer,obs,NA,NA,PH,NA,NA,C,mineral,0-15,NA,0.894,7.5133,11.693,1,6.561,NA,0.411,NA,8.802,8.140918786,1,
1992,NA,NA,NA,PHOREST,hf015-05,tang,42.537755,-72.171478,202,PH,hardwood,obs,NA,NA,PH,NA,NA,A,mineral,0-15,NA,0.85,7.5133,11.265,1,5.674,NA,0.333,NA,7.23,6.686721404,1,
1992,NA,NA,NA,PHOREST,hf015-05,tang,42.537755,-72.171478,202,PH,hardwood,obs,NA,NA,PH,NA,NA,B,mineral,0-15,NA,0.698,7.5133,10.883,1,5.451,NA,0.331,NA,5.707,5.277866605,1,
1992,NA,NA,NA,PHOREST,hf015-05,tang,42.537755,-72.171478,202,PH,hardwood,obs,NA,NA,PH,NA,NA,C,mineral,0-15,NA,0.945,7.5133,8.736,1,4.282,NA,0.218,NA,6.069,5.612829002,1,
1992,NA,NA,NA,PHOREST,hf015-05,tang,42.537755,-72.171478,203,PH,hardwood,obs,NA,NA,PH,NA,NA,A,mineral,0-15,NA,0.803,7.5133,10.239,1,12.231,NA,0.932,NA,14.725,13.61851793,1,
1992,NA,NA,NA,PHOREST,hf015-05,tang,42.537755,-72.171478,203,PH,hardwood,obs,NA,NA,PH,NA,NA,B,mineral,0-15,NA,0.588,7.5133,22.794,1,5.13,NA,0.316,NA,4.525,4.184654296,1,
1992,NA,NA,NA,PHOREST,hf015-05,tang,42.537755,-72.171478,203,PH,hardwood,obs,NA,NA,PH,NA,NA,C,mineral,0-15,NA,0.878,7.5133,9.545,1,4.451,NA,0.296,NA,5.859,5.418891731,1,
1992,NA,NA,NA,PHOREST,hf015-05,tang,42.537755,-72.171478,204,PH,hardwood,obs,NA,NA,PH,NA,NA,A,mineral,0-15,NA,0.854,7.5133,9.943,1,5.906,NA,0.334,NA,7.563,6.994893205,1,
1992,NA,NA,NA,PHOREST,hf015-05,tang,42.537755,-72.171478,204,PH,hardwood,obs,NA,NA,PH,NA,NA,B,mineral,0-15,NA,0.784,7.5133,11.507,1,4.89,NA,0.303,NA,5.747,5.315527366,1,
1992,NA,NA,NA,PHOREST,hf015-05,tang,42.537755,-72.171478,204,PH,hardwood,obs,NA,NA,PH,NA,NA,C,mineral,0-15,NA,0.751,7.5133,12.827,1,5.131,NA,0.312,NA,5.783,5.348592697,1,
1992,NA,NA,NA,PHOREST,hf015-05,tang,42.537755,-72.171478,205,PH,hardwood,obs,NA,NA,PH,NA,NA,A,mineral,0-15,NA,0.917,7.5133,7.473,1,3.594,NA,0.185,NA,4.945,4.573229628,1,
1992,NA,NA,NA,PHOREST,hf015-05,tang,42.537755,-72.171478,205,PH,hardwood,obs,NA,NA,PH,NA,NA,B,mineral,0-15,NA,0.8,7.5133,10.117,1,4.697,NA,0.233,NA,5.633,5.210212387,1,
1992,NA,NA,NA,PHOREST,hf015-05,tang,42.537755,-72.171478,205,PH,hardwood,obs,NA,NA,PH,NA,NA,C,mineral,0-15,NA,0.849,7.5133,8.839,1,4.432,NA,0.224,NA,5.642,5.218231714,1,
1992,NA,NA,NA,PHOREST,hf015-05,tang,42.537755,-72.171478,206,PH,hardwood,obs,NA,NA,PH,NA,NA,A,mineral,0-15,NA,0.843,7.5133,10.987,1,3.417,NA,0.158,NA,4.322,3.997317507,1,
1992,NA,NA,NA,PHOREST,hf015-05,tang,42.537755,-72.171478,206,PH,hardwood,obs,NA,NA,PH,NA,NA,B,mineral,0-15,NA,0.888,7.5133,8.391,1,4.717,NA,0.215,NA,6.281,5.808652006,1,
1992,NA,NA,NA,PHOREST,hf015-05,tang,42.537755,-72.171478,206,PH,hardwood,obs,NA,NA,PH,NA,NA,C,mineral,0-15,NA,0.909,7.5133,8.794,1,4.526,NA,0.204,NA,6.169,5.705776085,1,
1992,NA,NA,NA,PHOREST,hf015-05,tang,42.537755,-72.171478,207,PH,hardwood,obs,NA,NA,PH,NA,NA,A,mineral,0-15,NA,0.64,7.5133,15.203,1,8.963,NA,0.421,NA,8.598,7.951949605,1,
1992,NA,NA,NA,PHOREST,hf015-05,tang,42.537755,-72.171478,207,PH,hardwood,obs,NA,NA,PH,NA,NA,B,mineral,0-15,NA,0.544,7.5133,17.539,1,7.557,NA,0.336,NA,6.162,5.69936096,1,
1992,NA,NA,NA,PHOREST,hf015-05,tang,42.537755,-72.171478,207,PH,hardwood,obs,NA,NA,PH,NA,NA,C,mineral,0-15,NA,NA,7.5133,NA,1,NA,NA,NA,NA,NA,NA,1,
1992,NA,NA,NA,PHOREST,hf015-05,tang,42.537755,-72.171478,208,PH,hardwood,obs,NA,NA,PH,NA,NA,A,mineral,0-15,NA,0.821,7.5133,6.428,1,4.017,NA,0.175,NA,4.947,4.57524225,1,
1992,NA,NA,NA,PHOREST,hf015-05,tang,42.537755,-72.171478,208,PH,hardwood,obs,NA,NA,PH,NA,NA,B,mineral,0-15,NA,0.859,7.5133,9.11,1,3.267,NA,0.127,NA,4.209,3.892337337,1,
1992,NA,NA,NA,PHOREST,hf015-05,tang,42.537755,-72.171478,208,PH,hardwood,obs,NA,NA,PH,NA,NA,C,mineral,0-15,NA,0.822,7.5133,7.814,1,6.022,NA,0.213,NA,7.429,6.870762525,1,
1992,NA,NA,NA,PHOREST,hf015-05,tang,42.537755,-72.171478,209,PH,hardwood,obs,NA,NA,PH,NA,NA,A,mineral,0-15,NA,0.921,7.5133,7.098,1,4.015,NA,0.197,NA,5.549,5.132203815,1,
1992,NA,NA,NA,PHOREST,hf015-05,tang,42.537755,-72.171478,209,PH,hardwood,obs,NA,NA,PH,NA,NA,B,mineral,0-15,NA,0.841,7.5133,8.653,1,3.234,NA,0.134,NA,4.078,3.771363654,1,
1992,NA,NA,NA,PHOREST,hf015-05,tang,42.537755,-72.171478,209,PH,hardwood,obs,NA,NA,PH,NA,NA,C,mineral,0-15,NA,0.854,7.5133,9.106,1,3.424,NA,0.153,NA,4.384,4.05445488,1,
1992,NA,NA,NA,PHOREST,hf015-05,tang,42.537755,-72.171478,210,PH,hardwood,obs,NA,NA,PH,NA,NA,A,mineral,0-15,NA,0.905,7.5133,8.849,1,4.206,NA,0.216,NA,5.708,5.279528005,1,
1992,NA,NA,NA,PHOREST,hf015-05,tang,42.537755,-72.171478,210,PH,hardwood,obs,NA,NA,PH,NA,NA,B,mineral,0-15,NA,0.842,7.5133,8.781,1,3.995,NA,0.164,NA,5.044,4.665284389,1,
1992,NA,NA,NA,PHOREST,hf015-05,tang,42.537755,-72.171478,210,PH,hardwood,obs,NA,NA,PH,NA,NA,C,mineral,0-15,NA,NA,7.5133,NA,1,NA,NA,NA,NA,NA,NA,1,
1992,NA,NA,NA,PHOREST,hf015-05,tang,42.537755,-72.171478,211,PH,hardwood,obs,NA,NA,PH,NA,NA,A,mineral,0-15,NA,0.991,7.5133,6.431,1,2.796,NA,0.129,NA,4.158,3.845552556,1,
1992,NA,NA,NA,PHOREST,hf015-05,tang,42.537755,-72.171478,211,PH,hardwood,obs,NA,NA,PH,NA,NA,B,mineral,0-15,NA,0.875,7.5133,7.76,1,3.518,NA,0.184,NA,4.616,4.269121171,1,
1992,NA,NA,NA,PHOREST,hf015-05,tang,42.537755,-72.171478,211,PH,hardwood,obs,NA,NA,PH,NA,NA,C,mineral,0-15,NA,0.807,7.5133,6.811,1,3.378,NA,0.188,NA,4.087,3.779937356,1,
1992,NA,NA,NA,PHOREST,hf015-05,tang,42.537755,-72.171478,212,PH,hardwood,obs,NA,NA,PH,NA,NA,A,mineral,0-15,NA,0.872,7.5133,6.431,1,4.476,NA,0.215,NA,5.854,5.413983651,1,
1992,NA,NA,NA,PHOREST,hf015-05,tang,42.537755,-72.171478,212,PH,hardwood,obs,NA,NA,PH,NA,NA,B,mineral,0-15,NA,0.843,7.5133,NA,1,4.724,NA,0.241,NA,5.97,5.521749581,1,
1992,NA,NA,NA,PHOREST,hf015-05,tang,42.537755,-72.171478,212,PH,hardwood,obs,NA,NA,PH,NA,NA,C,mineral,0-15,NA,0.713,7.5133,10.937,1,NA,NA,NA,NA,NA,NA,1,
1992,NA,NA,NA,PHOREST,hf015-05,tang,42.537755,-72.171478,230,PH,conifer,obs,NA,NA,PH,NA,NA,A,mineral,0-15,NA,0.852,7.5133,8.353,1,4.181,NA,0.192,NA,5.344,4.942558907,1,
1992,NA,NA,NA,PHOREST,hf015-05,tang,42.537755,-72.171478,230,PH,conifer,obs,NA,NA,PH,NA,NA,B,mineral,0-15,NA,0.831,7.5133,9.696,1,5.323,NA,0.209,NA,6.636,6.137032453,1,
1992,NA,NA,NA,PHOREST,hf015-05,tang,42.537755,-72.171478,230,PH,conifer,obs,NA,NA,PH,NA,NA,C,mineral,0-15,NA,0.764,7.5133,12.551,1,3.965,NA,0.179,NA,4.543,4.201663077,1,
1992,NA,NA,NA,PHOREST,hf015-05,tang,42.537755,-72.171478,232,PH,conifer,obs,NA,NA,PH,NA,NA,A,mineral,0-15,NA,0.968,7.5133,6.309,1,NA,NA,NA,NA,NA,NA,1,
1992,NA,NA,NA,PHOREST,hf015-05,tang,42.537755,-72.171478,232,PH,conifer,obs,NA,NA,PH,NA,NA,B,mineral,0-15,NA,0.929,7.5133,7.372,1,NA,NA,NA,NA,NA,NA,1,
1992,NA,NA,NA,PHOREST,hf015-05,tang,42.537755,-72.171478,232,PH,conifer,obs,NA,NA,PH,NA,NA,C,mineral,0-15,NA,0.984,7.5133,6.763,1,NA,NA,NA,NA,NA,NA,1,
1992,NA,NA,NA,PHOREST,hf015-05,tang,42.537755,-72.171478,233,PH,hardwood,obs,NA,NA,PH,NA,NA,A,mineral,0-15,NA,0.878,7.5133,9.392,1,5.213,NA,0.252,NA,6.868,6.352422651,1,
1992,NA,NA,NA,PHOREST,hf015-05,tang,42.537755,-72.171478,233,PH,hardwood,obs,NA,NA,PH,NA,NA,B,mineral,0-15,NA,0.583,7.5133,20.118,1,9.836,NA,0.444,NA,8.596,7.950498922,1,
1992,NA,NA,NA,PHOREST,hf015-05,tang,42.537755,-72.171478,233,PH,hardwood,obs,NA,NA,PH,NA,NA,C,mineral,0-15,NA,0.899,7.5133,9.897,1,4.294,NA,0.222,NA,5.793,5.35773099,1,
1992,NA,NA,NA,PHOREST,hf015-05,tang,42.537755,-72.171478,234,PH,conifer,obs,NA,NA,PH,NA,NA,A,mineral,0-15,NA,0.838,7.5133,10.274,1,3.778,NA,0.159,NA,4.746,4.389746671,1,
1992,NA,NA,NA,PHOREST,hf015-05,tang,42.537755,-72.171478,234,PH,conifer,obs,NA,NA,PH,NA,NA,B,mineral,0-15,NA,0.861,7.5133,9.008,1,4.005,NA,0.146,NA,5.174,4.785405723,1,
1992,NA,NA,NA,PHOREST,hf015-05,tang,42.537755,-72.171478,234,PH,conifer,obs,NA,NA,PH,NA,NA,C,mineral,0-15,NA,0.803,7.5133,8.935,1,4.984,NA,0.191,NA,6.005,5.553702637,1,
1992,NA,NA,NA,PHOREST,hf015-05,tang,42.537755,-72.171478,235,PH,conifer,obs,NA,NA,PH,NA,NA,A,mineral,0-15,NA,0.737,7.5133,12.53,1,3.488,NA,0.198,NA,3.858,3.568351383,1,
1992,NA,NA,NA,PHOREST,hf015-05,tang,42.537755,-72.171478,235,PH,conifer,obs,NA,NA,PH,NA,NA,B,mineral,0-15,NA,0.606,7.5133,9.635,1,4.705,NA,0.204,NA,4.28,3.958052369,1,
1992,NA,NA,NA,PHOREST,hf015-05,tang,42.537755,-72.171478,235,PH,conifer,obs,NA,NA,PH,NA,NA,C,mineral,0-15,NA,0.859,7.5133,7.794,1,6.436,NA,0.302,NA,8.288,7.665580227,1,
1992,NA,NA,NA,PHOREST,hf015-05,tang,42.537755,-72.171478,236,PH,conifer,obs,NA,NA,PH,NA,NA,A,mineral,0-15,NA,0.995,7.5133,6.193,1,3.083,NA,0.17,NA,4.598,4.252967639,1,
1992,NA,NA,NA,PHOREST,hf015-05,tang,42.537755,-72.171478,236,PH,conifer,obs,NA,NA,PH,NA,NA,B,mineral,0-15,NA,1.045,7.5133,6.782,1,5.321,NA,0.267,NA,8.344,7.717461636,1,
1992,NA,NA,NA,PHOREST,hf015-05,tang,42.537755,-72.171478,236,PH,conifer,obs,NA,NA,PH,NA,NA,C,mineral,0-15,NA,0.871,7.5133,8.452,1,4.171,NA,0.23,NA,5.447,5.037584089,1,
1992,NA,NA,NA,PHOREST,hf015-05,tang,42.537755,-72.171478,237,PH,conifer,obs,NA,NA,PH,NA,NA,A,mineral,0-15,NA,0.707,7.5133,11.499,1,5.688,NA,0.28,NA,6.033,5.579599927,1,
1992,NA,NA,NA,PHOREST,hf015-05,tang,42.537755,-72.171478,237,PH,conifer,obs,NA,NA,PH,NA,NA,B,mineral,0-15,NA,0.876,7.5133,8.124,1,4.969,NA,0.247,NA,6.533,6.042287227,1,
1992,NA,NA,NA,PHOREST,hf015-05,tang,42.537755,-72.171478,237,PH,conifer,obs,NA,NA,PH,NA,NA,C,mineral,0-15,NA,0.785,7.5133,10.595,1,3.691,NA,0.172,NA,4.345,4.018677881,1,
1992,NA,NA,NA,PHOREST,hf015-05,tang,42.537755,-72.171478,238,PH,hardwood,obs,NA,NA,PH,NA,NA,A,mineral,0-15,NA,0.797,7.5133,10.526,1,4.81,NA,0.231,NA,5.752,5.319851884,1,
1992,NA,NA,NA,PHOREST,hf015-05,tang,42.537755,-72.171478,238,PH,hardwood,obs,NA,NA,PH,NA,NA,B,mineral,0-15,NA,0.735,7.5133,12.085,1,6.223,NA,0.237,NA,6.863,6.347345064,1,
1992,NA,NA,NA,PHOREST,hf015-05,tang,42.537755,-72.171478,238,PH,hardwood,obs,NA,NA,PH,NA,NA,C,mineral,0-15,NA,0.741,7.5133,12.094,1,6.328,NA,0.294,NA,7.034,6.505975371,1,
1992,NA,NA,NA,PHOREST,hf015-05,tang,42.537755,-72.171478,239,PH,hardwood,obs,NA,NA,PH,NA,NA,A,mineral,0-15,NA,0.772,7.5133,8.433,1,3.693,NA,0.151,NA,4.279,3.957708837,1,
1992,NA,NA,NA,PHOREST,hf015-05,tang,42.537755,-72.171478,239,PH,hardwood,obs,NA,NA,PH,NA,NA,B,mineral,0-15,NA,0.8,7.5133,10.429,1,5.08,NA,0.23,NA,6.094,5.636384902,1,
1992,NA,NA,NA,PHOREST,hf015-05,tang,42.537755,-72.171478,239,PH,hardwood,obs,NA,NA,PH,NA,NA,C,mineral,0-15,NA,0.749,7.5133,11.805,1,5.658,NA,0.291,NA,6.359,5.88124387,1,
1992,NA,NA,NA,PHOREST,hf015-05,tang,42.537755,-72.171478,240,PH,hardwood,obs,NA,NA,PH,NA,NA,A,mineral,0-15,NA,0.667,7.5133,10.14,1,6.019,NA,0.282,NA,6.018,5.565438935,1,
1992,NA,NA,NA,PHOREST,hf015-05,tang,42.537755,-72.171478,240,PH,hardwood,obs,NA,NA,PH,NA,NA,B,mineral,0-15,NA,0.682,7.5133,11.002,1,5.879,NA,0.235,NA,6.014,5.562293733,1,
1992,NA,NA,NA,PHOREST,hf015-05,tang,42.537755,-72.171478,240,PH,hardwood,obs,NA,NA,PH,NA,NA,C,mineral,0-15,NA,0.648,7.5133,12.132,1,4.858,NA,0.179,NA,4.723,4.368002116,1,
2013,NA,NA,NA,PHOREST,hf271-07,tang,42.537755,-72.171478,1,PH,conifer,obs,NA,NA,PH,NA,NA,1,mineral,15,218,0.858184981,7.5133,NA,1,2.835,NA,0.119,NA,3.648853769,3.374704438,1,
2013,NA,NA,NA,PHOREST,hf271-07,tang,42.537755,-72.171478,1,PH,conifer,obs,NA,NA,PH,NA,NA,2,mineral,15,172,0.62313312,7.5133,NA,1,6.651,NA,0.202,NA,6.216889938,5.749796347,1,
2013,NA,NA,NA,PHOREST,hf271-07,tang,42.537755,-72.171478,1,PH,conifer,obs,NA,NA,PH,NA,NA,3,mineral,15,184,0.619477544,7.5133,NA,1,5.498,NA,0.219,NA,5.108664397,4.724835115,1,
2013,NA,NA,NA,PHOREST,hf271-07,tang,42.537755,-72.171478,1,PH,conifer,obs,NA,NA,PH,NA,NA,1,organic,15,265,0.078518519,0,NA,1,49.291,NA,1.552,NA,5.805428518,5.805428518,1,
2013,NA,NA,NA,PHOREST,hf271-07,tang,42.537755,-72.171478,1,PH,conifer,obs,NA,NA,PH,NA,NA,2,organic,12,282,0.104444444,0,NA,1,50.097,NA,1.592,NA,6.278778117,6.278778117,1,
2013,NA,NA,NA,PHOREST,hf271-07,tang,42.537755,-72.171478,1,PH,conifer,obs,NA,NA,PH,NA,NA,3,organic,6.5,194,0.132649573,0,NA,1,50.35,NA,1.535,NA,4.341262115,4.341262115,1,
2013,NA,NA,NA,PHOREST,hf271-07,tang,42.537755,-72.171478,13,PH,hardwood,obs,NA,NA,PH,NA,NA,1,mineral,15,216,0.717549598,7.5133,NA,1,4.244,NA,0.213,NA,4.568269694,4.225041887,1,
2013,NA,NA,NA,PHOREST,hf271-07,tang,42.537755,-72.171478,13,PH,hardwood,obs,NA,NA,PH,NA,NA,2,mineral,15,146,0.48989263,7.5133,NA,1,5.398,NA,0.33,NA,3.966837053,3.668796685,1,
2013,NA,NA,NA,PHOREST,hf271-07,tang,42.537755,-72.171478,13,PH,hardwood,obs,NA,NA,PH,NA,NA,3,mineral,15,120,0.399967353,7.5133,NA,1,7.874,NA,0.413,NA,4.723964669,4.369039031,1,
2013,NA,NA,NA,PHOREST,hf271-07,tang,42.537755,-72.171478,13,PH,hardwood,obs,NA,NA,PH,NA,NA,1,organic,11,409,0.165252525,0,NA,1,43.404,NA,1.872,NA,7.889831924,7.889831924,1,Very doubtful this is all organic horizon (very heavy sample)
2013,NA,NA,NA,PHOREST,hf271-07,tang,42.537755,-72.171478,13,PH,hardwood,obs,NA,NA,PH,NA,NA,2,organic,6,118,0.087407407,0,NA,1,46.914,NA,2.142,NA,2.460379744,2.460379744,1,
2013,NA,NA,NA,PHOREST,hf271-07,tang,42.537755,-72.171478,13,PH,hardwood,obs,NA,NA,PH,NA,NA,3,organic,7,190,0.120634921,0,NA,1,39.442,NA,1.893,NA,3.330672709,3.330672709,1,
2013,NA,NA,NA,PHOREST,hf271-07,tang,42.537755,-72.171478,14,PH,hardwood,obs,NA,NA,PH,NA,NA,1,mineral,15,184,0.605214407,7.5133,NA,1,8.25,NA,0.402,NA,7.489247783,6.926558129,1,
2013,NA,NA,NA,PHOREST,hf271-07,tang,42.537755,-72.171478,14,PH,hardwood,obs,NA,NA,PH,NA,NA,2,mineral,15,143,0.476627762,7.5133,NA,1,6.831,NA,0.278,NA,4.883719893,4.516791366,1,
2013,NA,NA,NA,PHOREST,hf271-07,tang,42.537755,-72.171478,14,PH,hardwood,obs,NA,NA,PH,NA,NA,3,mineral,15,115,0.379507283,7.5133,NA,1,11.212,NA,0.435,NA,6.382422593,5.902892036,1,
2013,NA,NA,NA,PHOREST,hf271-07,tang,42.537755,-72.171478,14,PH,hardwood,obs,NA,NA,PH,NA,NA,1,organic,8,174,0.096666667,0,NA,1,47.584,NA,2.072,NA,3.679794495,3.679794495,1,
2013,NA,NA,NA,PHOREST,hf271-07,tang,42.537755,-72.171478,14,PH,hardwood,obs,NA,NA,PH,NA,NA,2,organic,7,226,0.143674507,0,NA,1,37.286,NA,1.623,NA,3.749904915,3.749904915,1,
2013,NA,NA,NA,PHOREST,hf271-07,tang,42.537755,-72.171478,14,PH,hardwood,obs,NA,NA,PH,NA,NA,3,organic,6,210,0.155555556,0,NA,1,35.827,NA,1.364,NA,3.343872884,3.343872884,1,
2013,NA,NA,NA,PHOREST,hf271-07,tang,42.537755,-72.171478,16,PH,hardwood,obs,NA,NA,PH,NA,NA,1,mineral,15,239,0.824068347,7.5133,NA,1,3.975,NA,0.26,NA,4.913811837,4.544622412,1,sample mislabel: 2 1M; no 3M; so use average of 3.82522821426391 & 4.12526416778564 for C; 0.291865944862366 & 0.227784931659698 for N
2013,NA,NA,NA,PHOREST,hf271-07,tang,42.537755,-72.171478,16,PH,hardwood,obs,NA,NA,PH,NA,NA,2,mineral,15,141,0.471691032,7.5133,NA,1,6.351,NA,0.367,NA,4.493283124,4.155689283,1,
2013,NA,NA,NA,PHOREST,hf271-07,tang,42.537755,-72.171478,16,PH,hardwood,obs,NA,NA,PH,NA,NA,3,mineral,15,164,0.546622049,7.5133,NA,1,3.975,NA,0.26,NA,3.259435826,3.014544634,1,sample mislabel: 2 1M; no 3M; so use average of 3.82522821426391 & 4.12526416778564 for C; 0.291865944862366 & 0.227784931659698 for N
2013,NA,NA,NA,PHOREST,hf271-07,tang,42.537755,-72.171478,16,PH,hardwood,obs,NA,NA,PH,NA,NA,1,organic,5.5,218,0.176403949,0,NA,1,27.782,NA,1.582,NA,2.695511576,2.695511576,1,
2013,NA,NA,NA,PHOREST,hf271-07,tang,42.537755,-72.171478,16,PH,hardwood,obs,NA,NA,PH,NA,NA,2,organic,5,202,0.180679785,0,NA,1,30.076,NA,1.406,NA,2.717102435,2.717102435,1,
2013,NA,NA,NA,PHOREST,hf271-07,tang,42.537755,-72.171478,16,PH,hardwood,obs,NA,NA,PH,NA,NA,3,organic,3.5,242,0.308240988,0,NA,1,13.007,NA,0.612,NA,1.403202505,1.403202505,1,
2013,NA,NA,NA,PHOREST,hf271-07,tang,42.537755,-72.171478,18,PH,hardwood,obs,NA,NA,PH,NA,NA,1,mineral,15,232,0.777155676,7.5133,NA,1,5.088,NA,0.267,NA,5.930933403,5.485324584,1,
2013,NA,NA,NA,PHOREST,hf271-07,tang,42.537755,-72.171478,18,PH,hardwood,obs,NA,NA,PH,NA,NA,2,mineral,15,257,0.856596747,7.5133,NA,1,6.497,NA,0.385,NA,8.348066809,7.720851506,1,
2013,NA,NA,NA,PHOREST,hf271-07,tang,42.537755,-72.171478,18,PH,hardwood,obs,NA,NA,PH,NA,NA,3,mineral,15,179,0.59463601,7.5133,NA,1,7.606,NA,0.421,NA,6.783844069,6.274153512,1,
2013,NA,NA,NA,PHOREST,hf271-07,tang,42.537755,-72.171478,18,PH,hardwood,obs,NA,NA,PH,NA,NA,1,organic,4.5,181,0.178765432,0,NA,1,24.263,NA,1.297,NA,1.951848145,1.951848145,1,
2013,NA,NA,NA,PHOREST,hf271-07,tang,42.537755,-72.171478,18,PH,hardwood,obs,NA,NA,PH,NA,NA,2,organic,2,92,0.204899777,0,NA,1,18.275,NA,0.998,NA,0.748911406,0.748911406,1,
2013,NA,NA,NA,PHOREST,hf271-07,tang,42.537755,-72.171478,18,PH,hardwood,obs,NA,NA,PH,NA,NA,3,organic,3,110,0.162962963,0,NA,1,38.8,NA,1.772,NA,1.89689799,1.89689799,1,
2013,NA,NA,NA,PHOREST,hf271-07,tang,42.537755,-72.171478,24,PH,hardwood,obs,NA,NA,PH,NA,NA,1,mineral,15,191,0.630312097,7.5133,NA,1,5.336,NA,0.245,NA,5.044763718,4.665735485,1,
2013,NA,NA,NA,PHOREST,hf271-07,tang,42.537755,-72.171478,24,PH,hardwood,obs,NA,NA,PH,NA,NA,2,mineral,15,94,0.310718649,7.5133,NA,1,14.016,NA,0.62,NA,6.532366983,6.041570655,1,No >2mm material
2013,NA,NA,NA,PHOREST,hf271-07,tang,42.537755,-72.171478,24,PH,hardwood,obs,NA,NA,PH,NA,NA,3,mineral,15,158,0.524874243,7.5133,NA,1,6.475,NA,0.302,NA,5.098154861,4.715115192,1,
2013,NA,NA,NA,PHOREST,hf271-07,tang,42.537755,-72.171478,24,PH,hardwood,obs,NA,NA,PH,NA,NA,1,organic,4,102,0.113333333,0,NA,1,44.852,NA,1.926,NA,2.033273946,2.033273946,1,
2013,NA,NA,NA,PHOREST,hf271-07,tang,42.537755,-72.171478,24,PH,hardwood,obs,NA,NA,PH,NA,NA,2,organic,2,41,0.091111111,0,NA,1,47.254,NA,1.962,NA,0.861078201,0.861078201,1,
2013,NA,NA,NA,PHOREST,hf271-07,tang,42.537755,-72.171478,24,PH,hardwood,obs,NA,NA,PH,NA,NA,3,organic,1,37,0.164444444,0,NA,1,46.055,NA,2.013,NA,0.757348141,0.757348141,1,
2013,NA,NA,NA,PHOREST,hf271-07,tang,42.537755,-72.171478,26,PH,hardwood,obs,NA,NA,PH,NA,NA,1,mineral,15,223,0.734218047,7.5133,NA,1,6.68,NA,0.349,NA,7.356505962,6.803789599,1,
2013,NA,NA,NA,PHOREST,hf271-07,tang,42.537755,-72.171478,26,PH,hardwood,obs,NA,NA,PH,NA,NA,2,mineral,15,223,0.742036038,7.5133,NA,1,4.852,NA,0.257,NA,5.400462121,4.9947092,1,
2013,NA,NA,NA,PHOREST,hf271-07,tang,42.537755,-72.171478,26,PH,hardwood,obs,NA,NA,PH,NA,NA,3,mineral,15,197,0.651402278,7.5133,NA,1,4.704,NA,0.306,NA,4.596120215,4.250799915,1,
2013,NA,NA,NA,PHOREST,hf271-07,tang,42.537755,-72.171478,26,PH,hardwood,obs,NA,NA,PH,NA,NA,1,organic,6.5,158,0.108034188,0,NA,1,42.651,NA,1.976,NA,2.995048336,2.995048336,1,
2013,NA,NA,NA,PHOREST,hf271-07,tang,42.537755,-72.171478,26,PH,hardwood,obs,NA,NA,PH,NA,NA,2,organic,6,195,0.144444444,0,NA,1,30.75,NA,1.489,NA,2.665030912,2.665030912,1,
2013,NA,NA,NA,PHOREST,hf271-07,tang,42.537755,-72.171478,26,PH,hardwood,obs,NA,NA,PH,NA,NA,3,organic,4,83,0.092222222,0,NA,1,47.818,NA,2.099,NA,1.76396502,1.76396502,1,
2013,NA,NA,NA,PHOREST,hf271-07,tang,42.537755,-72.171478,27,PH,hardwood,obs,NA,NA,PH,NA,NA,1,mineral,15,166,0.552367634,7.5133,NA,1,7.265,NA,0.3,NA,6.019482674,5.567220883,1,No >2mm material
2013,NA,NA,NA,PHOREST,hf271-07,tang,42.537755,-72.171478,27,PH,hardwood,obs,NA,NA,PH,NA,NA,2,mineral,15,198,0.659946132,7.5133,NA,1,4.797,NA,0.224,NA,4.749067624,4.392255926,1,
2013,NA,NA,NA,PHOREST,hf271-07,tang,42.537755,-72.171478,27,PH,hardwood,obs,NA,NA,PH,NA,NA,3,mineral,15,210,0.69530786,7.5133,NA,1,4.87,NA,0.226,NA,5.079474945,4.697838754,1,
2013,NA,NA,NA,PHOREST,hf271-07,tang,42.537755,-72.171478,27,PH,hardwood,obs,NA,NA,PH,NA,NA,1,organic,7,161,0.102222222,0,NA,1,48.494,NA,1.829,NA,3.470028722,3.470028722,1,
2013,NA,NA,NA,PHOREST,hf271-07,tang,42.537755,-72.171478,27,PH,hardwood,obs,NA,NA,PH,NA,NA,2,organic,3,183,0.271513353,0,NA,1,19.899,NA,1.051,NA,1.620892584,1.620892584,1,
2013,NA,NA,NA,PHOREST,hf271-07,tang,42.537755,-72.171478,27,PH,hardwood,obs,NA,NA,PH,NA,NA,3,organic,4.5,90,0.088888889,0,NA,1,46.297,NA,1.642,NA,1.851881561,1.851881561,1,
2013,NA,NA,NA,PHOREST,hf271-07,tang,42.537755,-72.171478,28,PH,hardwood,obs,NA,NA,PH,NA,NA,1,mineral,15,241,0.801931324,7.5133,NA,1,2.928,NA,0.144,NA,3.522431942,3.257781063,1,
2013,NA,NA,NA,PHOREST,hf271-07,tang,42.537755,-72.171478,28,PH,hardwood,obs,NA,NA,PH,NA,NA,2,mineral,15,228,0.767613478,7.5133,NA,1,3.91,NA,0.182,NA,4.501598819,4.163380195,1,
2013,NA,NA,NA,PHOREST,hf271-07,tang,42.537755,-72.171478,28,PH,hardwood,obs,NA,NA,PH,NA,NA,3,mineral,15,83,0.273004325,7.5133,NA,1,26.543,NA,0.984,NA,10.86943745,10.05278401,1,Unlikely this is mineral soil - very low bulk density and very high C content
2013,NA,NA,NA,PHOREST,hf271-07,tang,42.537755,-72.171478,28,PH,hardwood,obs,NA,NA,PH,NA,NA,1,organic,6.5,210,0.143589744,0,NA,1,36.552,NA,1.353,NA,3.411480662,3.411480662,1,
2013,NA,NA,NA,PHOREST,hf271-07,tang,42.537755,-72.171478,28,PH,hardwood,obs,NA,NA,PH,NA,NA,2,organic,7.5,270,0.160094871,0,NA,1,29.923,NA,1.245,NA,3.592845875,3.592845875,1,
2013,NA,NA,NA,PHOREST,hf271-07,tang,42.537755,-72.171478,28,PH,hardwood,obs,NA,NA,PH,NA,NA,3,organic,13,251,0.085811966,0,NA,1,48.366,NA,2.076,NA,5.39553017,5.39553017,1,
2013,NA,NA,NA,PHOREST,hf271-07,tang,42.537755,-72.171478,51,PH,hardwood,obs,NA,NA,PH,NA,NA,1,mineral,15,210,0.697038776,7.5133,NA,1,5.085,NA,0.242,NA,5.316577053,4.91712667,1,
2013,NA,NA,NA,PHOREST,hf271-07,tang,42.537755,-72.171478,51,PH,hardwood,obs,NA,NA,PH,NA,NA,2,mineral,15,212,0.704261643,7.5133,NA,1,3.596,NA,0.175,NA,3.798988997,3.513559556,1,
2013,NA,NA,NA,PHOREST,hf271-07,tang,42.537755,-72.171478,51,PH,hardwood,obs,NA,NA,PH,NA,NA,3,mineral,15,206,0.698247124,7.5133,NA,1,4.684,NA,0.215,NA,4.906296338,4.537671575,1,
2013,NA,NA,NA,PHOREST,hf271-07,tang,42.537755,-72.171478,51,PH,hardwood,obs,NA,NA,PH,NA,NA,1,organic,8,193,0.107222222,0,NA,1,44.245,NA,1.633,NA,3.795251756,3.795251756,1,
2013,NA,NA,NA,PHOREST,hf271-07,tang,42.537755,-72.171478,51,PH,hardwood,obs,NA,NA,PH,NA,NA,2,organic,7,180,0.114285714,0,NA,1,34.17,NA,1.199,NA,2.73362793,2.73362793,1,No >2mm material
2013,NA,NA,NA,PHOREST,hf271-07,tang,42.537755,-72.171478,51,PH,hardwood,obs,NA,NA,PH,NA,NA,3,organic,6.5,218,0.149059829,0,NA,1,28.739,NA,1.03,NA,2.784527878,2.784527878,1,
2013,NA,NA,NA,PHOREST,hf271-07,tang,42.537755,-72.171478,56,PH,hardwood,obs,NA,NA,PH,NA,NA,1,mineral,15,188,0.661914758,7.5133,NA,1,3.33,NA,0.18,NA,3.306501572,3.058074189,1,
2013,NA,NA,NA,PHOREST,hf271-07,tang,42.537755,-72.171478,56,PH,hardwood,obs,NA,NA,PH,NA,NA,2,mineral,15,155,0.598399022,7.5133,NA,1,4.611,NA,0.2,NA,4.139247195,3.828253136,1,
2013,NA,NA,NA,PHOREST,hf271-07,tang,42.537755,-72.171478,56,PH,hardwood,obs,NA,NA,PH,NA,NA,3,mineral,15,243,0.840759211,7.5133,NA,1,2.6,NA,0.124,NA,3.279360104,3.032971941,1,
2013,NA,NA,NA,PHOREST,hf271-07,tang,42.537755,-72.171478,56,PH,hardwood,obs,NA,NA,PH,NA,NA,1,organic,3.5,164,0.208253968,0,NA,1,26.864,NA,1.099,NA,1.958097978,1.958097978,1,
2013,NA,NA,NA,PHOREST,hf271-07,tang,42.537755,-72.171478,56,PH,hardwood,obs,NA,NA,PH,NA,NA,2,organic,3,137,0.202962963,0,NA,1,28.277,NA,1.248,NA,1.721761525,1.721761525,1,
2013,NA,NA,NA,PHOREST,hf271-07,tang,42.537755,-72.171478,56,PH,hardwood,obs,NA,NA,PH,NA,NA,3,organic,2,63,0.14,0,NA,1,29.251,NA,1.335,NA,0.819038773,0.819038773,1,
2013,NA,NA,NA,PHOREST,hf271-07,tang,42.537755,-72.171478,57,PH,conifer,obs,NA,NA,PH,NA,NA,1,mineral,15,74,0.244204687,7.5133,NA,1,23.306,NA,0.933,NA,8.53706212,7.895647032,1,Unlikely this is mineral soil - very low bulk density and very high C content
2013,NA,NA,NA,PHOREST,hf271-07,tang,42.537755,-72.171478,57,PH,conifer,obs,NA,NA,PH,NA,NA,2,mineral,15,137,0.482352776,7.5133,NA,1,7.644,NA,0.372,NA,5.530849827,5.115300487,1,
2013,NA,NA,NA,PHOREST,hf271-07,tang,42.537755,-72.171478,57,PH,conifer,obs,NA,NA,PH,NA,NA,3,mineral,15,208,0.717180821,7.5133,NA,1,3.424,NA,0.178,NA,3.683648218,3.406884677,1,
2013,NA,NA,NA,PHOREST,hf271-07,tang,42.537755,-72.171478,57,PH,conifer,obs,NA,NA,PH,NA,NA,1,organic,11,192,0.077575758,0,NA,1,50.195,NA,1.831,NA,4.283297201,4.283297201,1,
2013,NA,NA,NA,PHOREST,hf271-07,tang,42.537755,-72.171478,57,PH,conifer,obs,NA,NA,PH,NA,NA,2,organic,4,89,0.098888889,0,NA,1,45.497,NA,2.058,NA,1.799669135,1.799669135,1,
2013,NA,NA,NA,PHOREST,hf271-07,tang,42.537755,-72.171478,57,PH,conifer,obs,NA,NA,PH,NA,NA,3,organic,6,137,0.101481481,0,NA,1,44.649,NA,1.773,NA,2.718627197,2.718627197,1,
2013,NA,NA,NA,PHOREST,hf271-07,tang,42.537755,-72.171478,58,PH,hardwood,obs,NA,NA,PH,NA,NA,1,mineral,15,178,0.599277189,7.5133,NA,1,5.84,NA,0.305,NA,5.249879205,4.85544003,1,
2013,NA,NA,NA,PHOREST,hf271-07,tang,42.537755,-72.171478,58,PH,hardwood,obs,NA,NA,PH,NA,NA,2,mineral,15,183,0.611990013,7.5133,NA,1,10.63,NA,0.44,NA,9.758185241,9.02502351,1,C content seems high for mineral soil
2013,NA,NA,NA,PHOREST,hf271-07,tang,42.537755,-72.171478,58,PH,hardwood,obs,NA,NA,PH,NA,NA,3,mineral,15,197,0.664363344,7.5133,NA,1,5.902,NA,0.272,NA,5.882058162,5.440121487,1,
2013,NA,NA,NA,PHOREST,hf271-07,tang,42.537755,-72.171478,58,PH,hardwood,obs,NA,NA,PH,NA,NA,1,organic,5,159,0.141333333,0,NA,1,26.683,NA,1.182,NA,1.88557148,1.88557148,1,
2013,NA,NA,NA,PHOREST,hf271-07,tang,42.537755,-72.171478,58,PH,hardwood,obs,NA,NA,PH,NA,NA,2,organic,7,205,0.13015873,0,NA,1,31.957,NA,1.341,NA,2.911679552,2.911679552,1,
2013,NA,NA,NA,PHOREST,hf271-07,tang,42.537755,-72.171478,58,PH,hardwood,obs,NA,NA,PH,NA,NA,3,organic,2,57,0.126666667,0,NA,1,38.898,NA,1.679,NA,0.985423024,0.985423024,1,
2013,NA,NA,NA,PHOREST,hf271-07,tang,42.537755,-72.171478,68,PH,hardwood,obs,NA,NA,PH,NA,NA,1,mineral,15,202,0.689362182,7.5133,NA,1,5.796,NA,0.315,NA,5.993506124,5.543196028,1,
2013,NA,NA,NA,PHOREST,hf271-07,tang,42.537755,-72.171478,68,PH,hardwood,obs,NA,NA,PH,NA,NA,2,mineral,15,193,0.647597792,7.5133,NA,1,5.558,NA,0.274,NA,5.399250306,4.993588433,1,
2013,NA,NA,NA,PHOREST,hf271-07,tang,42.537755,-72.171478,68,PH,hardwood,obs,NA,NA,PH,NA,NA,3,mineral,15,266,0.904686553,7.5133,NA,1,2.724,NA,0.13,NA,3.696887324,3.419129089,1,
2013,NA,NA,NA,PHOREST,hf271-07,tang,42.537755,-72.171478,68,PH,hardwood,obs,NA,NA,PH,NA,NA,1,organic,6.5,281,0.192136752,0,NA,1,41.177,NA,1.705,NA,5.142553833,5.142553833,1,
2013,NA,NA,NA,PHOREST,hf271-07,tang,42.537755,-72.171478,68,PH,hardwood,obs,NA,NA,PH,NA,NA,2,organic,4,152,0.168888889,0,NA,1,30.565,NA,1.528,NA,2.064845513,2.064845513,1,
2013,NA,NA,NA,PHOREST,hf271-07,tang,42.537755,-72.171478,68,PH,hardwood,obs,NA,NA,PH,NA,NA,3,organic,5.5,263,0.212697129,0,NA,1,17.522,NA,0.842,NA,2.049811318,2.049811318,1,
2013,NA,NA,NA,PHOREST,hf271-07,tang,42.537755,-72.171478,76,PH,conifer,obs,NA,NA,PH,NA,NA,1,mineral,15,158,0.530157778,7.5133,NA,1,6.284,NA,0.203,NA,4.997203444,4.621748558,1,
2013,NA,NA,NA,PHOREST,hf271-07,tang,42.537755,-72.171478,76,PH,conifer,obs,NA,NA,PH,NA,NA,2,mineral,15,132,0.456708707,7.5133,NA,1,10.27,NA,0.345,NA,7.035743639,6.507127112,1,
2013,NA,NA,NA,PHOREST,hf271-07,tang,42.537755,-72.171478,76,PH,conifer,obs,NA,NA,PH,NA,NA,3,mineral,15,132,0.438502532,7.5133,NA,1,6.984,NA,0.265,NA,4.593459722,4.248339312,1,
2013,NA,NA,NA,PHOREST,hf271-07,tang,42.537755,-72.171478,76,PH,conifer,obs,NA,NA,PH,NA,NA,1,organic,6.5,194,0.132649573,0,NA,1,51.893,NA,1.443,NA,4.474305901,4.474305901,1,
2013,NA,NA,NA,PHOREST,hf271-07,tang,42.537755,-72.171478,76,PH,conifer,obs,NA,NA,PH,NA,NA,2,organic,6,198,0.146666667,0,NA,1,51.759,NA,1.543,NA,4.554785187,4.554785187,1,
2013,NA,NA,NA,PHOREST,hf271-07,tang,42.537755,-72.171478,76,PH,conifer,obs,NA,NA,PH,NA,NA,3,organic,3.5,99,0.125714286,0,NA,1,44.445,NA,1.349,NA,1.955562531,1.955562531,1,
2013,NA,NA,NA,PHOREST,hf271-07,tang,42.537755,-72.171478,82,PH,hardwood,obs,NA,NA,PH,NA,NA,1,mineral,15,155,0.519046517,7.5133,NA,1,6.472,NA,0.296,NA,5.039086334,4.660484661,1,
2013,NA,NA,NA,PHOREST,hf271-07,tang,42.537755,-72.171478,82,PH,hardwood,obs,NA,NA,PH,NA,NA,2,mineral,15,194,0.66115818,7.5133,NA,1,3.797,NA,0.19,NA,3.765677181,3.482750557,1,
2013,NA,NA,NA,PHOREST,hf271-07,tang,42.537755,-72.171478,82,PH,hardwood,obs,NA,NA,PH,NA,NA,3,mineral,15,190,0.636463701,7.5133,NA,1,7.197,NA,0.342,NA,6.870708094,6.354491182,1,
2013,NA,NA,NA,PHOREST,hf271-07,tang,42.537755,-72.171478,82,PH,hardwood,obs,NA,NA,PH,NA,NA,1,organic,6.5,144,0.098461538,0,NA,1,46.493,NA,1.731,NA,2.975543701,2.975543701,1,
2013,NA,NA,NA,PHOREST,hf271-07,tang,42.537755,-72.171478,82,PH,hardwood,obs,NA,NA,PH,NA,NA,2,organic,6,141,0.104444444,0,NA,1,41.831,NA,1.666,NA,2.621409175,2.621409175,1,
2013,NA,NA,NA,PHOREST,hf271-07,tang,42.537755,-72.171478,82,PH,hardwood,obs,NA,NA,PH,NA,NA,3,organic,4.5,118,0.11654321,0,NA,1,42.403,NA,1.744,NA,2.223811374,2.223811374,1,
2013,NA,NA,NA,PHOREST,hf271-07,tang,42.537755,-72.171478,118,PH,hardwood,obs,NA,NA,PH,NA,NA,1,mineral,15,214,0.71090562,7.5133,NA,1,6.817,NA,0.295,NA,7.269002782,6.722860796,1,
2013,NA,NA,NA,PHOREST,hf271-07,tang,42.537755,-72.171478,118,PH,hardwood,obs,NA,NA,PH,NA,NA,2,mineral,15,111,0.454872383,7.5133,NA,1,3.542,NA,0.18,NA,2.416533662,2.234972239,1,
2013,NA,NA,NA,PHOREST,hf271-07,tang,42.537755,-72.171478,118,PH,hardwood,obs,NA,NA,PH,NA,NA,3,mineral,15,195,0.663210067,7.5133,NA,1,5.778,NA,0.265,NA,5.748036785,5.316169537,1,
2013,NA,NA,NA,PHOREST,hf271-07,tang,42.537755,-72.171478,118,PH,hardwood,obs,NA,NA,PH,NA,NA,1,organic,11,217,0.087676768,0,NA,1,48.767,NA,1.777,NA,4.703305322,4.703305322,1,
2013,NA,NA,NA,PHOREST,hf271-07,tang,42.537755,-72.171478,118,PH,hardwood,obs,NA,NA,PH,NA,NA,2,organic,4.5,200,0.198511166,0,NA,1,34.441,NA,1.495,NA,3.076593745,3.076593745,1,
2013,NA,NA,NA,PHOREST,hf271-07,tang,42.537755,-72.171478,118,PH,hardwood,obs,NA,NA,PH,NA,NA,3,organic,10,187,0.083111111,0,NA,1,37.897,NA,1.356,NA,3.149693429,3.149693429,1,
2013,NA,NA,NA,PHOREST,hf271-07,tang,42.537755,-72.171478,125,PH,hardwood,obs,NA,NA,PH,NA,NA,1,mineral,15,129,0.425287128,7.5133,NA,1,10.199,NA,0.546,NA,6.506010174,6.017194111,1,
2013,NA,NA,NA,PHOREST,hf271-07,tang,42.537755,-72.171478,125,PH,hardwood,obs,NA,NA,PH,NA,NA,2,mineral,15,159,0.52644738,7.5133,NA,1,7.847,NA,0.436,NA,6.196908578,5.731316246,1,
2013,NA,NA,NA,PHOREST,hf271-07,tang,42.537755,-72.171478,125,PH,hardwood,obs,NA,NA,PH,NA,NA,3,mineral,15,145,0.508728219,7.5133,NA,1,5.306,NA,0.347,NA,4.049335222,3.745096518,1,
2013,NA,NA,NA,PHOREST,hf271-07,tang,42.537755,-72.171478,125,PH,hardwood,obs,NA,NA,PH,NA,NA,1,organic,3.5,98,0.124444444,0,NA,1,33.004,NA,1.648,NA,1.437508291,1.437508291,1,
2013,NA,NA,NA,PHOREST,hf271-07,tang,42.537755,-72.171478,125,PH,hardwood,obs,NA,NA,PH,NA,NA,2,organic,6,192,0.142222222,0,NA,1,30.036,NA,1.577,NA,2.563072754,2.563072754,1,
2013,NA,NA,NA,PHOREST,hf271-07,tang,42.537755,-72.171478,125,PH,hardwood,obs,NA,NA,PH,NA,NA,3,organic,4.5,295,0.291934686,0,NA,1,30.243,NA,1.538,NA,3.973048587,3.973048587,1,
2013,NA,NA,NA,PHOREST,hf271-07,tang,42.537755,-72.171478,126,PH,hardwood,obs,NA,NA,PH,NA,NA,1,mineral,15,208,0.693276745,7.5133,NA,1,2.17,NA,0.113,NA,2.257127869,2.087543081,1,
2013,NA,NA,NA,PHOREST,hf271-07,tang,42.537755,-72.171478,126,PH,hardwood,obs,NA,NA,PH,NA,NA,2,mineral,15,235,0.79654405,7.5133,NA,1,3.018,NA,0.174,NA,3.606449307,3.335485951,1,
2013,NA,NA,NA,PHOREST,hf271-07,tang,42.537755,-72.171478,126,PH,hardwood,obs,NA,NA,PH,NA,NA,3,mineral,15,275,0.92584959,7.5133,NA,1,2.053,NA,0.105,NA,2.851555081,2.637309193,1,
2013,NA,NA,NA,PHOREST,hf271-07,tang,42.537755,-72.171478,126,PH,hardwood,obs,NA,NA,PH,NA,NA,1,organic,5.5,249,0.201701094,0,NA,1,15.304,NA,0.668,NA,1.697736745,1.697736745,1,
2013,NA,NA,NA,PHOREST,hf271-07,tang,42.537755,-72.171478,126,PH,hardwood,obs,NA,NA,PH,NA,NA,2,organic,4,153,0.17,0,NA,1,33.459,NA,1.441,NA,2.275213791,2.275213791,1,
2013,NA,NA,NA,PHOREST,hf271-07,tang,42.537755,-72.171478,126,PH,hardwood,obs,NA,NA,PH,NA,NA,3,organic,6,131,0.097037037,0,NA,1,45.993,NA,1.653,NA,2.677816223,2.677816223,1,
2013,NA,NA,NA,PHOREST,hf271-07,tang,42.537755,-72.171478,127,PH,hardwood,obs,NA,NA,PH,NA,NA,1,mineral,15,177,0.595910464,7.5133,NA,1,7.095,NA,0.415,NA,6.341701151,5.865230118,1,
2013,NA,NA,NA,PHOREST,hf271-07,tang,42.537755,-72.171478,127,PH,hardwood,obs,NA,NA,PH,NA,NA,2,mineral,15,136,0.470548365,7.5133,NA,1,7.4,NA,0.478,NA,5.222858729,4.830449684,1,
2013,NA,NA,NA,PHOREST,hf271-07,tang,42.537755,-72.171478,127,PH,hardwood,obs,NA,NA,PH,NA,NA,3,mineral,15,145,0.483293885,7.5133,NA,1,5.956,NA,0.389,NA,4.31804474,3.993617085,1,
2013,NA,NA,NA,PHOREST,hf271-07,tang,42.537755,-72.171478,127,PH,hardwood,obs,NA,NA,PH,NA,NA,1,organic,4.5,100,0.098765432,0,NA,1,38.643,NA,1.732,NA,1.717480638,1.717480638,1,
2013,NA,NA,NA,PHOREST,hf271-07,tang,42.537755,-72.171478,127,PH,hardwood,obs,NA,NA,PH,NA,NA,2,organic,5.5,100,0.080808081,0,NA,1,43.947,NA,2.182,NA,1.953189256,1.953189256,1,
2013,NA,NA,NA,PHOREST,hf271-07,tang,42.537755,-72.171478,127,PH,hardwood,obs,NA,NA,PH,NA,NA,3,organic,6.5,142,0.097160452,0,NA,1,40.401,NA,1.972,NA,2.551527512,2.551527512,1,
2013,NA,NA,NA,PHOREST,hf271-07,tang,42.537755,-72.171478,128,PH,hardwood,obs,NA,NA,PH,NA,NA,1,mineral,15,181,0.624085234,7.5133,NA,1,4.324,NA,0.164,NA,4.047924738,3.743792009,1,
2013,NA,NA,NA,PHOREST,hf271-07,tang,42.537755,-72.171478,128,PH,hardwood,obs,NA,NA,PH,NA,NA,2,mineral,15,153,0.558344261,7.5133,NA,1,3.247,NA,0.134,NA,2.71937617,2.51506128,1,
2013,NA,NA,NA,PHOREST,hf271-07,tang,42.537755,-72.171478,128,PH,hardwood,obs,NA,NA,PH,NA,NA,3,mineral,15,213,0.713509306,7.5133,NA,1,4.425,NA,0.158,NA,4.736165741,4.380323401,1,
2013,NA,NA,NA,PHOREST,hf271-07,tang,42.537755,-72.171478,128,PH,hardwood,obs,NA,NA,PH,NA,NA,1,organic,4,184,0.204444444,0,NA,1,27.634,NA,1.189,NA,2.259819567,2.259819567,1,
2013,NA,NA,NA,PHOREST,hf271-07,tang,42.537755,-72.171478,128,PH,hardwood,obs,NA,NA,PH,NA,NA,2,organic,7,166,0.105396825,0,NA,1,44.972,NA,1.514,NA,3.31794774,3.31794774,1,
2013,NA,NA,NA,PHOREST,hf271-07,tang,42.537755,-72.171478,128,PH,hardwood,obs,NA,NA,PH,NA,NA,3,organic,8,224,0.124444444,0,NA,1,48.288,NA,1.703,NA,4.807296332,4.807296332,1,
2013,NA,NA,NA,PHOREST,hf271-07,tang,42.537755,-72.171478,130,PH,conifer,obs,NA,NA,PH,NA,NA,1,mineral,15,297,1.006696097,7.5133,NA,1,2.989,NA,0.133,NA,4.513701725,4.174573774,1,
2013,NA,NA,NA,PHOREST,hf271-07,tang,42.537755,-72.171478,130,PH,conifer,obs,NA,NA,PH,NA,NA,2,mineral,15,223,0.761028547,7.5133,NA,1,4.398,NA,0.203,NA,5.020456067,4.643254141,1,
2013,NA,NA,NA,PHOREST,hf271-07,tang,42.537755,-72.171478,130,PH,conifer,obs,NA,NA,PH,NA,NA,3,mineral,15,197,0.656613071,7.5133,NA,1,4.959,NA,0.187,NA,4.884441396,4.517458661,1,
2013,NA,NA,NA,PHOREST,hf271-07,tang,42.537755,-72.171478,130,PH,conifer,obs,NA,NA,PH,NA,NA,1,organic,5.5,239,0.19407227,0,NA,1,19.273,NA,0.646,NA,2.057243699,2.057243699,1,
2013,NA,NA,NA,PHOREST,hf271-07,tang,42.537755,-72.171478,130,PH,conifer,obs,NA,NA,PH,NA,NA,2,organic,9.5,346,0.16217483,0,NA,1,33.862,NA,1.185,NA,5.217046939,5.217046939,1,
2013,NA,NA,NA,PHOREST,hf271-07,tang,42.537755,-72.171478,130,PH,conifer,obs,NA,NA,PH,NA,NA,3,organic,11.5,319,0.123571567,0,NA,1,42.447,NA,1.354,NA,6.032023568,6.032023568,1,
2013,NA,NA,NA,PHOREST,hf271-07,tang,42.537755,-72.171478,131,PH,conifer,obs,NA,NA,PH,NA,NA,1,mineral,15,132,0.441435419,7.5133,NA,1,6.675,NA,0.395,NA,4.420156112,4.088056522,1,
2013,NA,NA,NA,PHOREST,hf271-07,tang,42.537755,-72.171478,131,PH,conifer,obs,NA,NA,PH,NA,NA,2,mineral,15,59,0.194063315,7.5133,NA,1,17.812,NA,1.08,NA,5.184939323,4.795379277,1,
2013,NA,NA,NA,PHOREST,hf271-07,tang,42.537755,-72.171478,131,PH,conifer,obs,NA,NA,PH,NA,NA,3,mineral,15,211,0.694023043,7.5133,NA,1,3.334,NA,0.156,NA,3.470594411,3.209838241,1,
2013,NA,NA,NA,PHOREST,hf271-07,tang,42.537755,-72.171478,131,PH,conifer,obs,NA,NA,PH,NA,NA,1,organic,5,101,0.089777778,0,NA,1,46.068,NA,2.064,NA,2.067946506,2.067946506,1,
2013,NA,NA,NA,PHOREST,hf271-07,tang,42.537755,-72.171478,131,PH,conifer,obs,NA,NA,PH,NA,NA,2,organic,10,267,0.118666667,0,NA,1,51.948,NA,1.682,NA,6.164447332,6.164447332,1,
2013,NA,NA,NA,PHOREST,hf271-07,tang,42.537755,-72.171478,131,PH,conifer,obs,NA,NA,PH,NA,NA,3,organic,6.5,155,0.105982906,0,NA,1,50.209,NA,1.903,NA,3.45883116,3.45883116,1,
2013,NA,NA,NA,PHOREST,hf271-07,tang,42.537755,-72.171478,132,PH,conifer,obs,NA,NA,PH,NA,NA,1,mineral,15,255,0.930573769,7.5133,NA,1,7.015,NA,0.232,NA,9.791497707,9.05583311,1,Bulk density very high
2013,NA,NA,NA,PHOREST,hf271-07,tang,42.537755,-72.171478,132,PH,conifer,obs,NA,NA,PH,NA,NA,2,mineral,15,126,0.41580798,7.5133,NA,1,17.158,NA,0.669,NA,10.70135078,9.897326193,1,Very doubtful this is all mineral horizon - very high C content
2013,NA,NA,NA,PHOREST,hf271-07,tang,42.537755,-72.171478,132,PH,conifer,obs,NA,NA,PH,NA,NA,3,mineral,15,161,0.542042851,7.5133,NA,1,6.466,NA,0.241,NA,5.257379519,4.862376824,1,
2013,NA,NA,NA,PHOREST,hf271-07,tang,42.537755,-72.171478,132,PH,conifer,obs,NA,NA,PH,NA,NA,1,organic,15,461,0.136714116,0,NA,1,48.015,NA,1.511,NA,9.846469626,9.846469626,1,
2013,NA,NA,NA,PHOREST,hf271-07,tang,42.537755,-72.171478,132,PH,conifer,obs,NA,NA,PH,NA,NA,2,organic,15,396,0.117333333,0,NA,1,39.476,NA,1.363,NA,6.947807861,6.947807861,1,
2013,NA,NA,NA,PHOREST,hf271-07,tang,42.537755,-72.171478,132,PH,conifer,obs,NA,NA,PH,NA,NA,3,organic,10,267,0.118666667,0,NA,1,43.68,NA,1.581,NA,5.183389008,5.183389008,1,
2013,NA,NA,NA,PHOREST,hf271-07,tang,42.537755,-72.171478,134,PH,hardwood,obs,NA,NA,PH,NA,NA,1,mineral,15,162,0.54139954,7.5133,NA,1,6.733,NA,0.459,NA,5.468006614,5.057178873,1,
2013,NA,NA,NA,PHOREST,hf271-07,tang,42.537755,-72.171478,134,PH,hardwood,obs,NA,NA,PH,NA,NA,2,mineral,15,154,0.530989646,7.5133,NA,1,5.814,NA,0.379,NA,4.630897534,4.282964309,1,
2013,NA,NA,NA,PHOREST,hf271-07,tang,42.537755,-72.171478,134,PH,hardwood,obs,NA,NA,PH,NA,NA,3,mineral,15,218,0.728549999,7.5133,NA,1,3.8,NA,0.231,NA,4.152817015,3.840803414,1,
2013,NA,NA,NA,PHOREST,hf271-07,tang,42.537755,-72.171478,134,PH,hardwood,obs,NA,NA,PH,NA,NA,1,organic,2,95,0.211392968,0,NA,1,27.576,NA,1.421,NA,1.165858138,1.165858138,1,
2013,NA,NA,NA,PHOREST,hf271-07,tang,42.537755,-72.171478,134,PH,hardwood,obs,NA,NA,PH,NA,NA,2,organic,3.5,82,0.104392107,0,NA,1,28.628,NA,1.494,NA,1.045986788,1.045986788,1,
2013,NA,NA,NA,PHOREST,hf271-07,tang,42.537755,-72.171478,134,PH,hardwood,obs,NA,NA,PH,NA,NA,3,organic,3,89,0.131851852,0,NA,1,31.141,NA,1.457,NA,1.231811279,1.231811279,1,
2013,NA,NA,NA,PHOREST,hf271-07,tang,42.537755,-72.171478,141,PH,hardwood,obs,NA,NA,PH,NA,NA,1,mineral,15,81,0.268634898,7.5133,NA,1,14.194,NA,0.525,NA,5.719676723,5.289940252,1,Unlikely this is mineral soil - very low bulk density and very high C content
2013,NA,NA,NA,PHOREST,hf271-07,tang,42.537755,-72.171478,141,PH,hardwood,obs,NA,NA,PH,NA,NA,2,mineral,15,90,0.300978695,7.5133,NA,1,15.775,NA,0.857,NA,7.121789365,6.586707964,1,Unlikely this is mineral soil - very low bulk density and very high C content
2013,NA,NA,NA,PHOREST,hf271-07,tang,42.537755,-72.171478,141,PH,hardwood,obs,NA,NA,PH,NA,NA,3,mineral,15,156,0.514470323,7.5133,NA,1,7.083,NA,0.293,NA,5.466182172,5.055491507,1,
2013,NA,NA,NA,PHOREST,hf271-07,tang,42.537755,-72.171478,141,PH,hardwood,obs,NA,NA,PH,NA,NA,1,organic,10.5,130,0.055026455,0,NA,1,51.593,NA,1.625,NA,2.980914035,2.980914035,1,
2013,NA,NA,NA,PHOREST,hf271-07,tang,42.537755,-72.171478,141,PH,hardwood,obs,NA,NA,PH,NA,NA,2,organic,8,192,0.106666667,0,NA,1,50.996,NA,1.978,NA,4.35166276,4.35166276,1,
2013,NA,NA,NA,PHOREST,hf271-07,tang,42.537755,-72.171478,141,PH,hardwood,obs,NA,NA,PH,NA,NA,3,organic,5,152,0.135111111,0,NA,1,48.553,NA,1.713,NA,3.280021376,3.280021376,1,
2013,NA,NA,NA,PHOREST,hf271-07,tang,42.537755,-72.171478,142,PH,hardwood,obs,NA,NA,PH,NA,NA,1,mineral,15,113,0.371925255,7.5133,NA,1,12.281,NA,0.719,NA,6.851559494,6.336781275,1,
2013,NA,NA,NA,PHOREST,hf271-07,tang,42.537755,-72.171478,142,PH,hardwood,obs,NA,NA,PH,NA,NA,2,mineral,15,110,0.362647938,7.5133,NA,1,13.702,NA,0.815,NA,7.453670456,6.893653833,1,
2013,NA,NA,NA,PHOREST,hf271-07,tang,42.537755,-72.171478,142,PH,hardwood,obs,NA,NA,PH,NA,NA,3,mineral,15,185,0.63677937,7.5133,NA,1,5.127,NA,0.231,NA,4.897483634,4.529520997,1,
2013,NA,NA,NA,PHOREST,hf271-07,tang,42.537755,-72.171478,142,PH,hardwood,obs,NA,NA,PH,NA,NA,1,organic,10,195,0.086666667,0,NA,1,45.68,NA,2.26,NA,3.958963776,3.958963776,1,
2013,NA,NA,NA,PHOREST,hf271-07,tang,42.537755,-72.171478,142,PH,hardwood,obs,NA,NA,PH,NA,NA,2,organic,9,184,0.090864198,0,NA,1,44.479,NA,2.202,NA,3.637421238,3.637421238,1,
2013,NA,NA,NA,PHOREST,hf271-07,tang,42.537755,-72.171478,142,PH,hardwood,obs,NA,NA,PH,NA,NA,3,organic,5,129,0.114666667,0,NA,1,37.91,NA,1.544,NA,2.173490911,2.173490911,1,
2013,NA,NA,NA,PHOREST,hf271-07,tang,42.537755,-72.171478,143,PH,conifer,obs,NA,NA,PH,NA,NA,1,mineral,15,143,0.481441787,7.5133,NA,1,8.942,NA,0.292,NA,6.457748391,5.972558381,1,
2013,NA,NA,NA,PHOREST,hf271-07,tang,42.537755,-72.171478,143,PH,conifer,obs,NA,NA,PH,NA,NA,2,mineral,15,98,0.326640005,7.5133,NA,1,9.21,NA,0.295,NA,4.512762044,4.173704694,1,
2013,NA,NA,NA,PHOREST,hf271-07,tang,42.537755,-72.171478,143,PH,conifer,obs,NA,NA,PH,NA,NA,3,mineral,15,176,0.585058755,7.5133,NA,1,6.493,NA,0.267,NA,5.698085194,5.269970959,1,No >2mm material
2013,NA,NA,NA,PHOREST,hf271-07,tang,42.537755,-72.171478,143,PH,conifer,obs,NA,NA,PH,NA,NA,1,organic,12,273,0.101111111,0,NA,1,50.166,NA,1.919,NA,6.086833501,6.086833501,1,
2013,NA,NA,NA,PHOREST,hf271-07,tang,42.537755,-72.171478,143,PH,conifer,obs,NA,NA,PH,NA,NA,2,organic,5.5,241,0.194747475,0,NA,1,46.75,NA,1.694,NA,5.007495928,5.007495928,1,
2013,NA,NA,NA,PHOREST,hf271-07,tang,42.537755,-72.171478,143,PH,conifer,obs,NA,NA,PH,NA,NA,3,organic,5,201,0.178666667,0,NA,1,32.042,NA,1.374,NA,2.862425125,2.862425125,1,
2013,NA,NA,NA,PHOREST,hf271-07,tang,42.537755,-72.171478,155,PH,conifer,obs,NA,NA,PH,NA,NA,1,mineral,15,129,0.431402796,7.5133,NA,1,8.969,NA,0.497,NA,5.803715125,5.367664596,1,
2013,NA,NA,NA,PHOREST,hf271-07,tang,42.537755,-72.171478,155,PH,conifer,obs,NA,NA,PH,NA,NA,2,mineral,15,195,0.660962084,7.5133,NA,1,4.711,NA,0.271,NA,4.671147578,4.320190247,1,No >2mm material
2013,NA,NA,NA,PHOREST,hf271-07,tang,42.537755,-72.171478,155,PH,conifer,obs,NA,NA,PH,NA,NA,3,mineral,15,252,0.857071471,7.5133,NA,1,3.131,NA,0.172,NA,4.025305796,3.722872496,1,
2013,NA,NA,NA,PHOREST,hf271-07,tang,42.537755,-72.171478,155,PH,conifer,obs,NA,NA,PH,NA,NA,1,organic,11.5,380,0.146859903,0,NA,1,38.14,NA,1.759,NA,6.441375732,6.441375732,1,
2013,NA,NA,NA,PHOREST,hf271-07,tang,42.537755,-72.171478,155,PH,conifer,obs,NA,NA,PH,NA,NA,2,organic,5.5,152,0.122828283,0,NA,1,26.371,NA,1.302,NA,1.781518785,1.781518785,1,
2013,NA,NA,NA,PHOREST,hf271-07,tang,42.537755,-72.171478,155,PH,conifer,obs,NA,NA,PH,NA,NA,3,organic,5.5,151,0.122020202,0,NA,1,23.628,NA,1.054,NA,1.585673702,1.585673702,1,
2013,NA,NA,NA,PHOREST,hf271-07,tang,42.537755,-72.171478,161,PH,hardwood,obs,NA,NA,PH,NA,NA,1,mineral,15,284,0.935674095,7.5133,NA,1,3.951,NA,0.132,NA,5.545661319,5.128999147,1,
2013,NA,NA,NA,PHOREST,hf271-07,tang,42.537755,-72.171478,161,PH,hardwood,obs,NA,NA,PH,NA,NA,2,mineral,15,291,0.965095745,7.5133,NA,1,3.565,NA,0.144,NA,5.1614988,4.77369991,1,
2013,NA,NA,NA,PHOREST,hf271-07,tang,42.537755,-72.171478,161,PH,hardwood,obs,NA,NA,PH,NA,NA,3,mineral,15,235,0.815902849,7.5133,NA,1,3.786,NA,0.192,NA,4.63295498,4.284867173,1,
2013,NA,NA,NA,PHOREST,hf271-07,tang,42.537755,-72.171478,161,PH,hardwood,obs,NA,NA,PH,NA,NA,1,organic,6,200,0.148148148,0,NA,1,38.642,NA,1.473,NA,3.434861586,3.434861586,1,
2013,NA,NA,NA,PHOREST,hf271-07,tang,42.537755,-72.171478,161,PH,hardwood,obs,NA,NA,PH,NA,NA,2,organic,5,191,0.169777778,0,NA,1,33.803,NA,1.338,NA,2.869502469,2.869502469,1,
2013,NA,NA,NA,PHOREST,hf271-07,tang,42.537755,-72.171478,161,PH,hardwood,obs,NA,NA,PH,NA,NA,3,organic,7,350,0.222222222,0,NA,1,24.837,NA,1.001,NA,3.863536284,3.863536284,1,
2013,NA,NA,NA,PHOREST,hf271-07,tang,42.537755,-72.171478,165,PH,conifer,obs,NA,NA,PH,NA,NA,1,mineral,15,169,0.628195603,7.5133,NA,1,6.26,NA,0.225,NA,5.898821176,5.455625045,1,
2013,NA,NA,NA,PHOREST,hf271-07,tang,42.537755,-72.171478,165,PH,conifer,obs,NA,NA,PH,NA,NA,2,mineral,15,150,0.505008867,7.5133,NA,1,6.785,NA,0.247,NA,5.139914739,4.753737525,1,
2013,NA,NA,NA,PHOREST,hf271-07,tang,42.537755,-72.171478,165,PH,conifer,obs,NA,NA,PH,NA,NA,3,mineral,15,136,0.460978684,7.5133,NA,1,8.942,NA,0.255,NA,6.183134395,5.718576959,1,
2013,NA,NA,NA,PHOREST,hf271-07,tang,42.537755,-72.171478,165,PH,conifer,obs,NA,NA,PH,NA,NA,1,organic,10,251,0.111555556,0,NA,1,49.197,NA,1.509,NA,5.488161487,5.488161487,1,
2013,NA,NA,NA,PHOREST,hf271-07,tang,42.537755,-72.171478,165,PH,conifer,obs,NA,NA,PH,NA,NA,2,organic,12,235,0.087037037,0,NA,1,49.431,NA,1.346,NA,5.162784941,5.162784941,1,
2013,NA,NA,NA,PHOREST,hf271-07,tang,42.537755,-72.171478,165,PH,conifer,obs,NA,NA,PH,NA,NA,3,organic,5,147,0.130666667,0,NA,1,50.769,NA,1.518,NA,3.316907069,3.316907069,1,
2013,NA,NA,NA,PHOREST,hf271-07,tang,42.537755,-72.171478,168,PH,conifer,obs,NA,NA,PH,NA,NA,1,mineral,15,114,0.376829,7.5133,NA,1,8.626,NA,0.253,NA,4.87564511,4.509323266,1,
2013,NA,NA,NA,PHOREST,hf271-07,tang,42.537755,-72.171478,168,PH,conifer,obs,NA,NA,PH,NA,NA,2,mineral,15,140,0.463538573,7.5133,NA,1,8.538,NA,0.314,NA,5.936620143,5.490584062,1,
2013,NA,NA,NA,PHOREST,hf271-07,tang,42.537755,-72.171478,168,PH,conifer,obs,NA,NA,PH,NA,NA,3,mineral,15,153,0.511663781,7.5133,NA,1,6.562,NA,0.274,NA,5.036076982,4.65770141,1,
2013,NA,NA,NA,PHOREST,hf271-07,tang,42.537755,-72.171478,168,PH,conifer,obs,NA,NA,PH,NA,NA,1,organic,5,157,0.139555556,0,NA,1,49.167,NA,1.754,NA,3.430779692,3.430779692,1,
2013,NA,NA,NA,PHOREST,hf271-07,tang,42.537755,-72.171478,168,PH,conifer,obs,NA,NA,PH,NA,NA,2,organic,2,99,0.22,0,NA,1,49.506,NA,2.02,NA,2.178252274,2.178252274,1,
2013,NA,NA,NA,PHOREST,hf271-07,tang,42.537755,-72.171478,168,PH,conifer,obs,NA,NA,PH,NA,NA,3,organic,6,164,0.121481481,0,NA,1,14.328,NA,1.798,NA,1.044357357,1.044357357,1,
2013,NA,NA,NA,PHOREST,hf271-07,tang,42.537755,-72.171478,180,PH,conifer,obs,NA,NA,PH,NA,NA,1,mineral,15,124,0.411926621,7.5133,NA,1,6.819,NA,0.231,NA,4.21329967,3.896741826,1,
2013,NA,NA,NA,PHOREST,hf271-07,tang,42.537755,-72.171478,180,PH,conifer,obs,NA,NA,PH,NA,NA,2,mineral,15,208,0.690973687,7.5133,NA,1,2.979,NA,0.135,NA,3.087839157,2.855840538,1,
2013,NA,NA,NA,PHOREST,hf271-07,tang,42.537755,-72.171478,180,PH,conifer,obs,NA,NA,PH,NA,NA,3,mineral,15,156,0.521696405,7.5133,NA,1,4.661,NA,0.189,NA,3.647824578,3.373752574,1,
2013,NA,NA,NA,PHOREST,hf271-07,tang,42.537755,-72.171478,180,PH,conifer,obs,NA,NA,PH,NA,NA,1,organic,7.5,176,0.104296296,0,NA,1,51.468,NA,1.631,NA,4.02590332,4.02590332,1,
2013,NA,NA,NA,PHOREST,hf271-07,tang,42.537755,-72.171478,180,PH,conifer,obs,NA,NA,PH,NA,NA,2,organic,4,95,0.105555556,0,NA,1,50.648,NA,1.788,NA,2.138476859,2.138476859,1,
2013,NA,NA,NA,PHOREST,hf271-07,tang,42.537755,-72.171478,180,PH,conifer,obs,NA,NA,PH,NA,NA,3,organic,5.5,130,0.105050505,0,NA,1,50.387,NA,1.687,NA,2.911224704,2.911224704,1,
2013,NA,NA,NA,PHOREST,hf271-07,tang,42.537755,-72.171478,181,PH,conifer,obs,NA,NA,PH,NA,NA,1,mineral,15,125,0.416632659,7.5133,NA,1,6.077,NA,0.191,NA,3.797758174,3.512421209,1,
2013,NA,NA,NA,PHOREST,hf271-07,tang,42.537755,-72.171478,181,PH,conifer,obs,NA,NA,PH,NA,NA,2,mineral,15,170,0.572343383,7.5133,NA,1,6.351,NA,0.183,NA,5.452232596,5.042590004,1,
2013,NA,NA,NA,PHOREST,hf271-07,tang,42.537755,-72.171478,181,PH,conifer,obs,NA,NA,PH,NA,NA,3,mineral,15,148,0.499958639,7.5133,NA,1,7.716,NA,0.283,NA,5.786801353,5.352021607,1,
2013,NA,NA,NA,PHOREST,hf271-07,tang,42.537755,-72.171478,181,PH,conifer,obs,NA,NA,PH,NA,NA,1,organic,5,127,0.112888889,0,NA,1,49.511,NA,1.417,NA,2.794619256,2.794619256,1,
2013,NA,NA,NA,PHOREST,hf271-07,tang,42.537755,-72.171478,181,PH,conifer,obs,NA,NA,PH,NA,NA,2,organic,12,279,0.103333333,0,NA,1,50.022,NA,1.537,NA,6.202723663,6.202723663,1,
2013,NA,NA,NA,PHOREST,hf271-07,tang,42.537755,-72.171478,181,PH,conifer,obs,NA,NA,PH,NA,NA,3,organic,5.5,136,0.10989899,0,NA,1,49.86,NA,1.549,NA,3.013788859,3.013788859,1,
2013,NA,NA,NA,PHOREST,hf271-07,tang,42.537755,-72.171478,15,PH,hardwood,obs,NA,NA,PH,NA,NA,1,organic,7,189,0.12,0,NA,1,48.207,NA,1.885,NA,4.049373322,4.049373322,1,
2013,NA,NA,NA,PHOREST,hf271-07,tang,42.537755,-72.171478,15,PH,hardwood,obs,NA,NA,PH,NA,NA,2,organic,11,232,0.093737374,0,NA,1,48.892,NA,1.783,NA,5.041285061,5.041285061,1,
2013,NA,NA,NA,PHOREST,hf271-07,tang,42.537755,-72.171478,15,PH,hardwood,obs,NA,NA,PH,NA,NA,3,organic,5,203,0.180444444,0,NA,1,28.476,NA,1.076,NA,2.569176245,2.569176245,1,
2013,NA,NA,NA,PHOREST,hf271-07,tang,42.537755,-72.171478,15,PH,hardwood,obs,NA,NA,PH,NA,NA,1,mineral,15,234,0.789142246,7.5133,NA,1,6.348,NA,0.304,NA,7.51471431,6.95011128,1,
2013,NA,NA,NA,PHOREST,hf271-07,tang,42.537755,-72.171478,15,PH,hardwood,obs,NA,NA,PH,NA,NA,2,mineral,15,231,0.813310155,7.5133,NA,1,3.479,NA,0.154,NA,4.244749551,3.925828783,1,
2013,NA,NA,NA,PHOREST,hf271-07,tang,42.537755,-72.171478,15,PH,hardwood,obs,NA,NA,PH,NA,NA,3,mineral,15,217,0.730579495,7.5133,NA,1,5.646,NA,0.232,NA,6.187438065,5.722557281,1,
2013,NA,NA,NA,PHOREST,hf271-07,tang,42.537755,-72.171478,30,PH,hardwood,obs,NA,NA,PH,NA,NA,1,organic,12.5,230,0.081777778,0,NA,1,46.032,NA,1.705,NA,4.705528191,4.705528191,1,
2013,NA,NA,NA,PHOREST,hf271-07,tang,42.537755,-72.171478,30,PH,hardwood,obs,NA,NA,PH,NA,NA,2,organic,7.5,239,0.14162963,0,NA,1,34.647,NA,1.223,NA,3.680236693,3.680236693,1,
2013,NA,NA,NA,PHOREST,hf271-07,tang,42.537755,-72.171478,30,PH,hardwood,obs,NA,NA,PH,NA,NA,3,organic,7,190,0.120634921,0,NA,1,46.636,NA,1.725,NA,3.938126441,3.938126441,1,
2013,NA,NA,NA,PHOREST,hf271-07,tang,42.537755,-72.171478,30,PH,hardwood,obs,NA,NA,PH,NA,NA,1,mineral,15,179,0.593846908,7.5133,NA,1,9.853,NA,0.304,NA,8.777053184,8.117606847,1,
2013,NA,NA,NA,PHOREST,hf271-07,tang,42.537755,-72.171478,30,PH,hardwood,obs,NA,NA,PH,NA,NA,2,mineral,15,170,0.582142962,7.5133,NA,1,8.076,NA,0.244,NA,7.052334016,6.522471005,1,
2013,NA,NA,NA,PHOREST,hf271-07,tang,42.537755,-72.171478,30,PH,hardwood,obs,NA,NA,PH,NA,NA,3,mineral,15,101,0.361975398,7.5133,NA,1,8.409,NA,0.289,NA,4.565521105,4.222499807,1,
2013,NA,NA,NA,PHOREST,hf271-07,tang,42.537755,-72.171478,73,PH,hardwood,obs,NA,NA,PH,NA,NA,1,organic,2.5,140,0.248888889,0,NA,1,12.96,NA,0.605,NA,0.80641276,0.80641276,1,
2013,NA,NA,NA,PHOREST,hf271-07,tang,42.537755,-72.171478,73,PH,hardwood,obs,NA,NA,PH,NA,NA,2,organic,6.5,206,0.140854701,0,NA,1,24.197,NA,1.213,NA,2.215326691,2.215326691,1,
2013,NA,NA,NA,PHOREST,hf271-07,tang,42.537755,-72.171478,73,PH,hardwood,obs,NA,NA,PH,NA,NA,3,organic,5.5,195,0.157575758,0,NA,1,29.814,NA,1.245,NA,2.583856455,2.583856455,1,
2013,NA,NA,NA,PHOREST,hf271-07,tang,42.537755,-72.171478,73,PH,hardwood,obs,NA,NA,PH,NA,NA,1,mineral,15,219,0.737312946,7.5133,NA,1,4.039,NA,0.211,NA,4.467344875,4.131699852,1,
2013,NA,NA,NA,PHOREST,hf271-07,tang,42.537755,-72.171478,73,PH,hardwood,obs,NA,NA,PH,NA,NA,2,mineral,15,188,0.637667521,7.5133,NA,1,5.924,NA,0.35,NA,5.66666686,5.240913179,1,
2013,NA,NA,NA,PHOREST,hf271-07,tang,42.537755,-72.171478,73,PH,hardwood,obs,NA,NA,PH,NA,NA,3,mineral,15,226,0.759601342,7.5133,NA,1,4.523,NA,0.232,NA,5.15389155,4.766664216,1,
2013,NA,NA,NA,PHOREST,hf271-07,tang,42.537755,-72.171478,84,PH,hardwood,obs,NA,NA,PH,NA,NA,1,organic,10.5,278,0.117851541,0,NA,1,43.292,NA,1.742,NA,5.357125142,5.357125142,1,
2013,NA,NA,NA,PHOREST,hf271-07,tang,42.537755,-72.171478,84,PH,hardwood,obs,NA,NA,PH,NA,NA,2,organic,6.5,182,0.124444444,0,NA,1,42.321,NA,1.549,NA,3.423330071,3.423330071,1,
2013,NA,NA,NA,PHOREST,hf271-07,tang,42.537755,-72.171478,84,PH,hardwood,obs,NA,NA,PH,NA,NA,3,organic,10,268,0.119111111,0,NA,1,43.281,NA,1.55,NA,5.15527278,5.15527278,1,
2013,NA,NA,NA,PHOREST,hf271-07,tang,42.537755,-72.171478,84,PH,hardwood,obs,NA,NA,PH,NA,NA,1,mineral,15,166,0.560385812,7.5133,NA,1,5.888,NA,0.187,NA,4.949701066,4.577815176,1,
2013,NA,NA,NA,PHOREST,hf271-07,tang,42.537755,-72.171478,84,PH,hardwood,obs,NA,NA,PH,NA,NA,2,mineral,15,127,0.465159741,7.5133,NA,1,10.656,NA,0.399,NA,7.435316355,6.876678732,1,
2013,NA,NA,NA,PHOREST,hf271-07,tang,42.537755,-72.171478,84,PH,hardwood,obs,NA,NA,PH,NA,NA,3,mineral,15,178,0.609537925,7.5133,NA,1,7.561,NA,0.278,NA,6.912813103,6.393432716,1,
2013,NA,NA,NA,PHOREST,hf271-07,tang,42.537755,-72.171478,86,PH,conifer,obs,NA,NA,PH,NA,NA,1,organic,3.5,165,0.20952381,0,NA,1,18.838,NA,0.762,NA,1.381479301,1.381479301,1,
2013,NA,NA,NA,PHOREST,hf271-07,tang,42.537755,-72.171478,86,PH,conifer,obs,NA,NA,PH,NA,NA,2,organic,4,176,0.195555556,0,NA,1,28.584,NA,1.102,NA,2.235919935,2.235919935,1,
2013,NA,NA,NA,PHOREST,hf271-07,tang,42.537755,-72.171478,86,PH,conifer,obs,NA,NA,PH,NA,NA,3,organic,3.5,138,0.175238095,0,NA,1,23.924,NA,0.922,NA,1.467350469,1.467350469,1,
2013,NA,NA,NA,PHOREST,hf271-07,tang,42.537755,-72.171478,86,PH,conifer,obs,NA,NA,PH,NA,NA,1,mineral,15,246,0.90433035,7.5133,NA,1,2.723,NA,0.124,NA,3.693611251,3.416099157,1,
2013,NA,NA,NA,PHOREST,hf271-07,tang,42.537755,-72.171478,86,PH,conifer,obs,NA,NA,PH,NA,NA,2,mineral,15,256,1.03215615,7.5133,NA,1,3.01,NA,0.113,NA,4.660149934,4.310018889,1,
2013,NA,NA,NA,PHOREST,hf271-07,tang,42.537755,-72.171478,86,PH,conifer,obs,NA,NA,PH,NA,NA,3,mineral,15,208,0.74813554,7.5133,NA,1,3.218,NA,0.126,NA,3.611565089,3.340217369,1,
2013,NA,NA,NA,PHOREST,hf271-07,tang,42.537755,-72.171478,97,PH,hardwood,obs,NA,NA,PH,NA,NA,1,organic,20,242,0.053777778,0,NA,1,46.831,NA,1.762,NA,5.036975389,5.036975389,1,
2013,NA,NA,NA,PHOREST,hf271-07,tang,42.537755,-72.171478,97,PH,hardwood,obs,NA,NA,PH,NA,NA,2,organic,8.5,147,0.076862745,0,NA,1,42.874,NA,1.469,NA,2.801106354,2.801106354,1,
2013,NA,NA,NA,PHOREST,hf271-07,tang,42.537755,-72.171478,97,PH,hardwood,obs,NA,NA,PH,NA,NA,3,organic,13,331,0.113162393,0,NA,1,46.543,NA,1.992,NA,6.847005244,6.847005244,1,
2013,NA,NA,NA,PHOREST,hf271-07,tang,42.537755,-72.171478,97,PH,hardwood,obs,NA,NA,PH,NA,NA,1,mineral,15,169,0.582709417,7.5133,NA,1,8.877,NA,0.346,NA,7.75893291,7.175981004,1,
2013,NA,NA,NA,PHOREST,hf271-07,tang,42.537755,-72.171478,97,PH,hardwood,obs,NA,NA,PH,NA,NA,2,mineral,15,141,0.544350078,7.5133,NA,1,3.119,NA,0.152,NA,2.54687146,2.355517367,1,
2013,NA,NA,NA,PHOREST,hf271-07,tang,42.537755,-72.171478,97,PH,hardwood,obs,NA,NA,PH,NA,NA,3,mineral,15,169,0.569360033,7.5133,NA,1,9.007,NA,0.37,NA,7.692104132,7.114173272,1,
2013,NA,NA,NA,PHOREST,hf271-07,tang,42.537755,-72.171478,101,PH,hardwood,obs,NA,NA,PH,NA,NA,1,organic,NA,155,NA,0,NA,1,32.801,NA,1.179,NA,NA,NA,1,depth not recorded
2013,NA,NA,NA,PHOREST,hf271-07,tang,42.537755,-72.171478,101,PH,hardwood,obs,NA,NA,PH,NA,NA,2,organic,NA,147,NA,0,NA,1,19.355,NA,0.754,NA,NA,NA,1,depth not recorded
2013,NA,NA,NA,PHOREST,hf271-07,tang,42.537755,-72.171478,101,PH,hardwood,obs,NA,NA,PH,NA,NA,3,organic,NA,77,NA,0,NA,1,32.3,NA,1.276,NA,NA,NA,1,depth not recorded
2013,NA,NA,NA,PHOREST,hf271-07,tang,42.537755,-72.171478,101,PH,hardwood,obs,NA,NA,PH,NA,NA,1,mineral,15,230,0.788144963,7.5133,NA,1,3.775,NA,0.146,NA,4.462793174,4.127490135,1,
2013,NA,NA,NA,PHOREST,hf271-07,tang,42.537755,-72.171478,101,PH,hardwood,obs,NA,NA,PH,NA,NA,2,mineral,15,219,0.747377811,7.5133,NA,1,4.493,NA,0.201,NA,5.036631517,4.658214281,1,
2013,NA,NA,NA,PHOREST,hf271-07,tang,42.537755,-72.171478,101,PH,hardwood,obs,NA,NA,PH,NA,NA,3,mineral,15,179,0.615915065,7.5133,NA,1,4.376,NA,0.214,NA,4.04276994,3.739024506,1,
2013,NA,NA,NA,PHOREST,hf271-07,tang,42.537755,-72.171478,111,PH,hardwood,obs,NA,NA,PH,NA,NA,1,organic,10,190,0.084444444,0,NA,1,42.766,NA,1.628,NA,3.611352946,3.611352946,1,
2013,NA,NA,NA,PHOREST,hf271-07,tang,42.537755,-72.171478,111,PH,hardwood,obs,NA,NA,PH,NA,NA,2,organic,9.5,227,0.10619883,0,NA,1,37.93,NA,1.68,NA,3.826752918,3.826752918,1,
2013,NA,NA,NA,PHOREST,hf271-07,tang,42.537755,-72.171478,111,PH,hardwood,obs,NA,NA,PH,NA,NA,3,organic,9.5,203,0.09497076,0,NA,1,42.161,NA,1.612,NA,3.803830482,3.803830482,1,
2013,NA,NA,NA,PHOREST,hf271-07,tang,42.537755,-72.171478,111,PH,hardwood,obs,NA,NA,PH,NA,NA,1,mineral,15,290,0.983636069,7.5133,NA,1,4.938,NA,0.216,NA,7.285289625,6.73792396,1,
2013,NA,NA,NA,PHOREST,hf271-07,tang,42.537755,-72.171478,111,PH,hardwood,obs,NA,NA,PH,NA,NA,2,mineral,15,155,0.521140681,7.5133,NA,1,6.085,NA,0.293,NA,4.756944566,4.399541049,1,
2013,NA,NA,NA,PHOREST,hf271-07,tang,42.537755,-72.171478,111,PH,hardwood,obs,NA,NA,PH,NA,NA,3,mineral,15,202,0.673278377,7.5133,NA,1,5.932,NA,0.284,NA,5.990765186,5.540661026,1,
2013,NA,NA,NA,PHOREST,hf271-07,tang,42.537755,-72.171478,112,PH,hardwood,obs,NA,NA,PH,NA,NA,1,organic,5.5,83,0.067070707,0,NA,1,48.623,NA,2.088,NA,1.793634554,1.793634554,1,
2013,NA,NA,NA,PHOREST,hf271-07,tang,42.537755,-72.171478,112,PH,hardwood,obs,NA,NA,PH,NA,NA,2,organic,1,34,0.151111111,0,NA,1,41.253,NA,1.917,NA,0.623385963,0.623385963,1,
2013,NA,NA,NA,PHOREST,hf271-07,tang,42.537755,-72.171478,112,PH,hardwood,obs,NA,NA,PH,NA,NA,3,organic,2.5,80,0.142222222,0,NA,1,43.869,NA,1.55,NA,1.559772542,1.559772542,1,
2013,NA,NA,NA,PHOREST,hf271-07,tang,42.537755,-72.171478,112,PH,hardwood,obs,NA,NA,PH,NA,NA,1,mineral,15,182,0.606213043,7.5133,NA,1,5.729,NA,0.289,NA,5.209521783,4.818114783,1,
2013,NA,NA,NA,PHOREST,hf271-07,tang,42.537755,-72.171478,112,PH,hardwood,obs,NA,NA,PH,NA,NA,2,mineral,15,153,0.510639171,7.5133,NA,1,5.404,NA,0.223,NA,4.139412271,3.828405808,1,
2013,NA,NA,NA,PHOREST,hf271-07,tang,42.537755,-72.171478,112,PH,hardwood,obs,NA,NA,PH,NA,NA,3,mineral,15,134,0.443966628,7.5133,NA,1,7.29,NA,0.304,NA,4.854531176,4.489795685,1,
2013,NA,NA,NA,PHOREST,hf271-07,tang,42.537755,-72.171478,154,PH,hardwood,obs,NA,NA,PH,NA,NA,1,organic,5,156,0.138666667,0,NA,1,33.541,NA,1.092,NA,2.32551359,2.32551359,1,O1&O3 mixed; use mean C&N of these 2 samples. C% 34.4940757751464 & 32.5880470275878. N%1.11819291114807 & 1.06664514541625.
2013,NA,NA,NA,PHOREST,hf271-07,tang,42.537755,-72.171478,154,PH,hardwood,obs,NA,NA,PH,NA,NA,2,organic,8.5,213,0.111372549,0,NA,1,41.631,NA,1.419,NA,3.941029409,3.941029409,1,
2013,NA,NA,NA,PHOREST,hf271-07,tang,42.537755,-72.171478,154,PH,hardwood,obs,NA,NA,PH,NA,NA,3,organic,6,156,0.115555556,0,NA,1,33.541,NA,1.092,NA,2.32551359,2.32551359,1,O1&O3 mixed; use mean C&N of these 2 samples. C% 34.4940757751464 & 32.5880470275878. N%1.11819291114807 & 1.06664514541625.
2013,NA,NA,NA,PHOREST,hf271-07,tang,42.537755,-72.171478,154,PH,hardwood,obs,NA,NA,PH,NA,NA,1,mineral,15,197,0.659249855,7.5133,NA,1,4.044,NA,0.139,NA,3.999396895,3.698910208,1,
2013,NA,NA,NA,PHOREST,hf271-07,tang,42.537755,-72.171478,154,PH,hardwood,obs,NA,NA,PH,NA,NA,2,mineral,15,190,0.639677899,7.5133,NA,1,5.014,NA,0.181,NA,4.811251675,4.449767903,1,
2013,NA,NA,NA,PHOREST,hf271-07,tang,42.537755,-72.171478,154,PH,hardwood,obs,NA,NA,PH,NA,NA,3,mineral,15,154,0.519875994,7.5133,NA,1,5.853,NA,0.223,NA,4.564148792,4.221230601,1,
2013,NA,NA,NA,PHOREST,hf271-07,tang,42.537755,-72.171478,166,PH,hardwood,obs,NA,NA,PH,NA,NA,1,organic,4.5,113,0.111604938,0,NA,1,45.907,NA,1.677,NA,2.305559294,2.305559294,1,
2013,NA,NA,NA,PHOREST,hf271-07,tang,42.537755,-72.171478,166,PH,hardwood,obs,NA,NA,PH,NA,NA,2,organic,10,247,0.109777778,0,NA,1,40.336,NA,1.315,NA,4.427974089,4.427974089,1,
2013,NA,NA,NA,PHOREST,hf271-07,tang,42.537755,-72.171478,166,PH,hardwood,obs,NA,NA,PH,NA,NA,3,organic,6,77,0.057037037,0,NA,1,46.673,NA,1.422,NA,1.597252223,1.597252223,1,
2013,NA,NA,NA,PHOREST,hf271-07,tang,42.537755,-72.171478,166,PH,hardwood,obs,NA,NA,PH,NA,NA,1,mineral,15,139,0.476313695,7.5133,NA,1,5.059,NA,0.228,NA,3.614555206,3.34298283,1,
2013,NA,NA,NA,PHOREST,hf271-07,tang,42.537755,-72.171478,166,PH,hardwood,obs,NA,NA,PH,NA,NA,2,mineral,15,151,0.513562667,7.5133,NA,1,4.557,NA,0.18,NA,3.510347904,3.246604935,1,
2013,NA,NA,NA,PHOREST,hf271-07,tang,42.537755,-72.171478,166,PH,hardwood,obs,NA,NA,PH,NA,NA,3,mineral,15,146,0.508667401,7.5133,NA,1,3.916,NA,0.158,NA,2.987753781,2.763274876,1,
2014,NA,NA,NA,ems,EMS_soil_data.csv (provided by Evan Goldman),munger,42.54,-72.17,A1,ems,hardwood,obs,NA,NA,PH,DECD,NA,1,organic,8.4,6.751,0.08,0,77.697,2,46.283,NA,1.99,NA,3.125,3.12478443,1,
2014,NA,NA,NA,ems,EMS_soil_data.csv (provided by Evan Goldman),munger,42.54,-72.17,A1,ems,hardwood,obs,NA,NA,PH,DECD,NA,2,organic,8.2,8.772,0.107,0,84.435,2,46.283,NA,1.99,NA,4.06,4.06011891,1,
2014,NA,NA,NA,ems,EMS_soil_data.csv (provided by Evan Goldman),munger,42.54,-72.17,A1,ems,hardwood,obs,NA,NA,PH,DECD,NA,3,organic,9.2,4.08,0.044,0,NA,2,46.283,NA,1.99,NA,1.888,1.888252152,1,
2014,NA,NA,NA,ems,EMS_soil_data.csv (provided by Evan Goldman),munger,42.54,-72.17,A1,ems,hardwood,obs,NA,NA,PH,DECD,NA,4,organic,7.7,7.205,0.094,0,81.959,2,46.283,NA,1.99,NA,3.335,3.334869323,1,
2014,NA,NA,NA,ems,EMS_soil_data.csv (provided by Evan Goldman),munger,42.54,-72.17,A1,ems,hardwood,obs,NA,NA,PH,DECD,NA,5,organic,16,14.256,0.089,0,NA,2,46.283,NA,1.99,NA,6.598,6.598035759,1,
2014,NA,NA,NA,ems,EMS_soil_data.csv (provided by Evan Goldman),munger,42.54,-72.17,A1,ems,hardwood,obs,NA,NA,PH,DECD,NA,6,organic,20.4,13.845,0.068,0,91.265,2,46.283,NA,1.99,NA,6.408,6.408045943,1,
2014,NA,NA,NA,ems,EMS_soil_data.csv (provided by Evan Goldman),munger,42.54,-72.17,A1,ems,hardwood,obs,NA,NA,PH,DECD,NA,7,organic,11.3,7.562,0.067,0,NA,2,46.283,NA,1.99,NA,3.5,3.499968647,1,
2014,NA,NA,NA,ems,EMS_soil_data.csv (provided by Evan Goldman),munger,42.54,-72.17,A2,ems,hardwood,obs,NA,NA,PH,DECD,NA,1,organic,16.3,10.334,0.063,0,90.499,2,40.242,NA,1.49,NA,4.159,4.158592914,1,
2014,NA,NA,NA,ems,EMS_soil_data.csv (provided by Evan Goldman),munger,42.54,-72.17,A2,ems,hardwood,obs,NA,NA,PH,DECD,NA,2,organic,5,10.34,0.207,0,NA,2,40.242,NA,1.49,NA,4.161,4.160975493,1,
2014,NA,NA,NA,ems,EMS_soil_data.csv (provided by Evan Goldman),munger,42.54,-72.17,A2,ems,hardwood,obs,NA,NA,PH,DECD,NA,3,organic,6.8,4.627,0.068,0,76.833,2,40.242,NA,1.49,NA,1.862,1.861985407,1,
2014,NA,NA,NA,ems,EMS_soil_data.csv (provided by Evan Goldman),munger,42.54,-72.17,A2,ems,hardwood,obs,NA,NA,PH,DECD,NA,4,organic,10,7.699,0.077,0,92.74,2,40.242,NA,1.49,NA,3.098,3.098345305,1,
2014,NA,NA,NA,ems,EMS_soil_data.csv (provided by Evan Goldman),munger,42.54,-72.17,A2,ems,hardwood,obs,NA,NA,PH,DECD,NA,5,organic,15,12.145,0.081,0,NA,2,40.242,NA,1.49,NA,4.887,4.887264959,1,
2014,NA,NA,NA,ems,EMS_soil_data.csv (provided by Evan Goldman),munger,42.54,-72.17,A2,ems,hardwood,obs,NA,NA,PH,DECD,NA,6,organic,11,9.548,0.087,0,NA,2,40.242,NA,1.49,NA,3.842,3.842305566,1,
2014,NA,NA,NA,ems,EMS_soil_data.csv (provided by Evan Goldman),munger,42.54,-72.17,A2,ems,hardwood,obs,NA,NA,PH,DECD,NA,7,organic,11.1,8.341,0.075,0,95.401,2,40.242,NA,1.49,NA,3.357,3.356656567,1,
2014,NA,NA,NA,ems,EMS_soil_data.csv (provided by Evan Goldman),munger,42.54,-72.17,A3,ems,hardwood,obs,NA,NA,PH,DECD,NA,1,organic,5.2,4.268,0.082,0,92.302,2,39.03,NA,1.168,NA,1.666,1.665908692,1,
2014,NA,NA,NA,ems,EMS_soil_data.csv (provided by Evan Goldman),munger,42.54,-72.17,A3,ems,hardwood,obs,NA,NA,PH,DECD,NA,2,organic,5.5,3.426,0.062,0,NA,2,39.03,NA,1.168,NA,1.337,1.337001971,1,
2014,NA,NA,NA,ems,EMS_soil_data.csv (provided by Evan Goldman),munger,42.54,-72.17,A3,ems,hardwood,obs,NA,NA,PH,DECD,NA,3,organic,3.1,4,0.129,0,84.276,2,39.03,NA,1.168,NA,1.561,1.561151516,1,
2014,NA,NA,NA,ems,EMS_soil_data.csv (provided by Evan Goldman),munger,42.54,-72.17,A3,ems,hardwood,obs,NA,NA,PH,DECD,NA,4,organic,5.4,6.677,0.124,0,NA,2,39.03,NA,1.168,NA,2.606,2.606027318,1,
2014,NA,NA,NA,ems,EMS_soil_data.csv (provided by Evan Goldman),munger,42.54,-72.17,A3,ems,hardwood,obs,NA,NA,PH,DECD,NA,5,organic,14.2,13.242,0.093,0,72.531,2,39.03,NA,1.168,NA,5.169,5.168534192,1,
2014,NA,NA,NA,ems,EMS_soil_data.csv (provided by Evan Goldman),munger,42.54,-72.17,A3,ems,hardwood,obs,NA,NA,PH,DECD,NA,6,organic,7,5.563,0.079,0,81.824,2,39.03,NA,1.168,NA,2.171,2.171208011,1,
2014,NA,NA,NA,ems,EMS_soil_data.csv (provided by Evan Goldman),munger,42.54,-72.17,A3,ems,hardwood,obs,NA,NA,PH,DECD,NA,7,organic,4,6.87,0.172,0,NA,2,39.03,NA,1.168,NA,2.682,2.681514107,1,
2014,NA,NA,NA,ems,EMS_soil_data.csv (provided by Evan Goldman),munger,42.54,-72.17,B1,ems,hardwood,obs,NA,NA,PH,DECD,NA,1,organic,6,3.316,0.055,0,NA,2,40.62,NA,1.544,NA,1.347,1.346967854,1,
2014,NA,NA,NA,ems,EMS_soil_data.csv (provided by Evan Goldman),munger,42.54,-72.17,B1,ems,hardwood,obs,NA,NA,PH,DECD,NA,2,organic,9.9,10.716,0.108,0,NA,2,40.62,NA,1.544,NA,4.353,4.352944769,1,
2014,NA,NA,NA,ems,EMS_soil_data.csv (provided by Evan Goldman),munger,42.54,-72.17,B1,ems,hardwood,obs,NA,NA,PH,DECD,NA,3,organic,12.1,5.867,0.048,0,89.152,2,40.62,NA,1.544,NA,2.383,2.383096973,1,
2014,NA,NA,NA,ems,EMS_soil_data.csv (provided by Evan Goldman),munger,42.54,-72.17,B1,ems,hardwood,obs,NA,NA,PH,DECD,NA,4,organic,9.3,6.984,0.075,0,90.621,2,40.62,NA,1.544,NA,2.837,2.837029749,1,
2014,NA,NA,NA,ems,EMS_soil_data.csv (provided by Evan Goldman),munger,42.54,-72.17,B1,ems,hardwood,obs,NA,NA,PH,DECD,NA,5,organic,9,6.267,0.07,0,95.652,2,40.62,NA,1.544,NA,2.546,2.545831372,1,
2014,NA,NA,NA,ems,EMS_soil_data.csv (provided by Evan Goldman),munger,42.54,-72.17,B1,ems,hardwood,obs,NA,NA,PH,DECD,NA,6,organic,8.4,5.257,0.063,0,79.824,2,40.62,NA,1.544,NA,2.136,2.135588373,1,
2014,NA,NA,NA,ems,EMS_soil_data.csv (provided by Evan Goldman),munger,42.54,-72.17,B2,ems,hardwood,obs,NA,NA,PH,DECD,NA,1,organic,7,7.854,0.112,0,NA,2,35.977,NA,1.226,NA,2.826,2.825542936,1,
2014,NA,NA,NA,ems,EMS_soil_data.csv (provided by Evan Goldman),munger,42.54,-72.17,B2,ems,hardwood,obs,NA,NA,PH,DECD,NA,2,organic,12.3,5.287,0.043,0,80.145,2,35.977,NA,1.226,NA,1.902,1.901978424,1,
2014,NA,NA,NA,ems,EMS_soil_data.csv (provided by Evan Goldman),munger,42.54,-72.17,B2,ems,hardwood,obs,NA,NA,PH,DECD,NA,3,organic,7,2.52,0.036,0,86.513,2,35.977,NA,1.226,NA,0.907,0.906523921,1,
2014,NA,NA,NA,ems,EMS_soil_data.csv (provided by Evan Goldman),munger,42.54,-72.17,B2,ems,hardwood,obs,NA,NA,PH,DECD,NA,4,organic,10.7,8.619,0.081,0,68.8,2,35.977,NA,1.226,NA,3.101,3.100854979,1,
2014,NA,NA,NA,ems,EMS_soil_data.csv (provided by Evan Goldman),munger,42.54,-72.17,B2,ems,hardwood,obs,NA,NA,PH,DECD,NA,5,organic,6.4,5.541,0.087,0,74.399,2,35.977,NA,1.226,NA,1.994,1.993571599,1,
2014,NA,NA,NA,ems,EMS_soil_data.csv (provided by Evan Goldman),munger,42.54,-72.17,B2,ems,hardwood,obs,NA,NA,PH,DECD,NA,6,organic,8.1,4.794,0.059,0,NA,2,35.977,NA,1.226,NA,1.725,1.724827284,1,
2014,NA,NA,NA,ems,EMS_soil_data.csv (provided by Evan Goldman),munger,42.54,-72.17,B2,ems,hardwood,obs,NA,NA,PH,DECD,NA,7,organic,6.5,9.995,0.154,0,NA,2,35.977,NA,1.226,NA,3.596,3.596097144,1,
2014,NA,NA,NA,ems,EMS_soil_data.csv (provided by Evan Goldman),munger,42.54,-72.17,B3,ems,hardwood,obs,NA,NA,PH,DECD,NA,1,organic,12.7,5.197,0.041,0,84.548,2,43.883,NA,1.565,NA,2.281,2.280712275,1,
2014,NA,NA,NA,ems,EMS_soil_data.csv (provided by Evan Goldman),munger,42.54,-72.17,B3,ems,hardwood,obs,NA,NA,PH,DECD,NA,2,organic,8.9,4.933,0.055,0,91.869,2,43.883,NA,1.565,NA,2.165,2.164879632,1,
2014,NA,NA,NA,ems,EMS_soil_data.csv (provided by Evan Goldman),munger,42.54,-72.17,B3,ems,hardwood,obs,NA,NA,PH,DECD,NA,3,organic,10.3,4.454,0.043,0,NA,2,43.883,NA,1.565,NA,1.955,1.954648796,1,
2014,NA,NA,NA,ems,EMS_soil_data.csv (provided by Evan Goldman),munger,42.54,-72.17,B3,ems,hardwood,obs,NA,NA,PH,DECD,NA,4,organic,13,9.835,0.076,0,82.943,2,43.883,NA,1.565,NA,4.316,4.315902648,1,
2014,NA,NA,NA,ems,EMS_soil_data.csv (provided by Evan Goldman),munger,42.54,-72.17,B3,ems,hardwood,obs,NA,NA,PH,DECD,NA,5,organic,13.8,8.765,0.064,0,92.906,2,43.883,NA,1.565,NA,3.847,3.846509805,1,
2014,NA,NA,NA,ems,EMS_soil_data.csv (provided by Evan Goldman),munger,42.54,-72.17,B3,ems,hardwood,obs,NA,NA,PH,DECD,NA,6,organic,13,11.394,0.088,0,NA,2,43.883,NA,1.565,NA,5,4.999856519,1,
2014,NA,NA,NA,ems,EMS_soil_data.csv (provided by Evan Goldman),munger,42.54,-72.17,B3,ems,hardwood,obs,NA,NA,PH,DECD,NA,7,organic,12.3,5.832,0.047,0,NA,2,43.883,NA,1.565,NA,2.559,2.559360149,1,
2014,NA,NA,NA,ems,EMS_soil_data.csv (provided by Evan Goldman),munger,42.54,-72.17,B4,ems,hardwood,obs,NA,NA,PH,DECD,NA,1,organic,5,3.18,0.064,0,76.773,2,42.244,NA,1.542,NA,1.344,1.343509585,1,
2014,NA,NA,NA,ems,EMS_soil_data.csv (provided by Evan Goldman),munger,42.54,-72.17,B4,ems,hardwood,obs,NA,NA,PH,DECD,NA,2,organic,5.6,4.713,0.084,0,NA,2,42.244,NA,1.542,NA,1.991,1.990878615,1,
2014,NA,NA,NA,ems,EMS_soil_data.csv (provided by Evan Goldman),munger,42.54,-72.17,B4,ems,hardwood,obs,NA,NA,PH,DECD,NA,3,organic,6,1.453,0.024,0,60.746,2,42.244,NA,1.542,NA,0.614,0.613604129,1,
2014,NA,NA,NA,ems,EMS_soil_data.csv (provided by Evan Goldman),munger,42.54,-72.17,B4,ems,hardwood,obs,NA,NA,PH,DECD,NA,4,organic,4,3.088,0.077,0,82.089,2,42.244,NA,1.542,NA,1.304,1.304325625,1,
2014,NA,NA,NA,ems,EMS_soil_data.csv (provided by Evan Goldman),munger,42.54,-72.17,B4,ems,hardwood,obs,NA,NA,PH,DECD,NA,5,organic,9.8,7.979,0.081,0,NA,2,42.244,NA,1.542,NA,3.371,3.37086263,1,
2014,NA,NA,NA,ems,EMS_soil_data.csv (provided by Evan Goldman),munger,42.54,-72.17,B4,ems,hardwood,obs,NA,NA,PH,DECD,NA,6,organic,5.8,3.28,0.057,0,81.271,2,42.244,NA,1.542,NA,1.386,1.385819924,1,
2014,NA,NA,NA,ems,EMS_soil_data.csv (provided by Evan Goldman),munger,42.54,-72.17,B4,ems,hardwood,obs,NA,NA,PH,DECD,NA,7,organic,8.7,5.509,0.063,0,NA,2,42.244,NA,1.542,NA,2.327,2.327277075,1,
2014,NA,NA,NA,ems,EMS_soil_data.csv (provided by Evan Goldman),munger,42.54,-72.17,C1,ems,hardwood,obs,NA,NA,PH,DECD,NA,1,organic,9.8,8.53,0.087,0,93.758,2,49.463,NA,1.755,NA,4.219,4.218966109,1,
2014,NA,NA,NA,ems,EMS_soil_data.csv (provided by Evan Goldman),munger,42.54,-72.17,C1,ems,hardwood,obs,NA,NA,PH,DECD,NA,2,organic,10.1,7.463,0.074,0,88.478,2,49.463,NA,1.755,NA,3.692,3.691595345,1,
2014,NA,NA,NA,ems,EMS_soil_data.csv (provided by Evan Goldman),munger,42.54,-72.17,C1,ems,hardwood,obs,NA,NA,PH,DECD,NA,3,organic,15,11.527,0.077,0,NA,2,49.463,NA,1.755,NA,5.702,5.701754059,1,
2014,NA,NA,NA,ems,EMS_soil_data.csv (provided by Evan Goldman),munger,42.54,-72.17,C1,ems,hardwood,obs,NA,NA,PH,DECD,NA,4,organic,14.6,13.328,0.091,0,NA,2,49.463,NA,1.755,NA,6.592,6.592256565,1,
2014,NA,NA,NA,ems,EMS_soil_data.csv (provided by Evan Goldman),munger,42.54,-72.17,C1,ems,hardwood,obs,NA,NA,PH,DECD,NA,5,organic,10.7,11.169,0.104,0,NA,2,49.463,NA,1.755,NA,5.524,5.52433687,1,
2014,NA,NA,NA,ems,EMS_soil_data.csv (provided by Evan Goldman),munger,42.54,-72.17,C1,ems,hardwood,obs,NA,NA,PH,DECD,NA,6,organic,13.3,8.15,0.061,0,89.383,2,49.463,NA,1.755,NA,4.031,4.031055193,1,
2014,NA,NA,NA,ems,EMS_soil_data.csv (provided by Evan Goldman),munger,42.54,-72.17,C1,ems,hardwood,obs,NA,NA,PH,DECD,NA,7,organic,18,9.039,0.05,0,95.517,2,49.463,NA,1.755,NA,4.471,4.470815543,1,
2014,NA,NA,NA,ems,EMS_soil_data.csv (provided by Evan Goldman),munger,42.54,-72.17,C2,ems,hardwood,obs,NA,NA,PH,DECD,NA,1,organic,13,13.96,0.107,0,35.524,2,44.192,NA,1.59,NA,6.169,6.169043149,1,
2014,NA,NA,NA,ems,EMS_soil_data.csv (provided by Evan Goldman),munger,42.54,-72.17,C2,ems,hardwood,obs,NA,NA,PH,DECD,NA,2,organic,11.1,5.473,0.049,0,93.437,2,44.192,NA,1.59,NA,2.418,2.418428876,1,
2014,NA,NA,NA,ems,EMS_soil_data.csv (provided by Evan Goldman),munger,42.54,-72.17,C2,ems,hardwood,obs,NA,NA,PH,DECD,NA,3,organic,5.8,4.438,0.077,0,84.225,2,44.192,NA,1.59,NA,1.961,1.961430415,1,
2014,NA,NA,NA,ems,EMS_soil_data.csv (provided by Evan Goldman),munger,42.54,-72.17,C2,ems,hardwood,obs,NA,NA,PH,DECD,NA,4,organic,6.8,7.814,0.115,0,NA,2,44.192,NA,1.59,NA,3.453,3.45321642,1,
2014,NA,NA,NA,ems,EMS_soil_data.csv (provided by Evan Goldman),munger,42.54,-72.17,C2,ems,hardwood,obs,NA,NA,PH,DECD,NA,5,organic,9.2,6.152,0.067,0,92.872,2,44.192,NA,1.59,NA,2.719,2.7188792,1,
2014,NA,NA,NA,ems,EMS_soil_data.csv (provided by Evan Goldman),munger,42.54,-72.17,C2,ems,hardwood,obs,NA,NA,PH,DECD,NA,6,organic,11.3,6.855,0.061,0,NA,2,44.192,NA,1.59,NA,3.029,3.029141036,1,
2014,NA,NA,NA,ems,EMS_soil_data.csv (provided by Evan Goldman),munger,42.54,-72.17,C2,ems,hardwood,obs,NA,NA,PH,DECD,NA,7,organic,7.7,4.09,0.053,0,NA,2,44.192,NA,1.59,NA,1.807,1.807498682,1,
2014,NA,NA,NA,ems,EMS_soil_data.csv (provided by Evan Goldman),munger,42.54,-72.17,C3,ems,hardwood,obs,NA,NA,PH,DECD,NA,1,organic,17,11.051,0.065,0,NA,2,42.874,NA,1.844,NA,4.738,4.738093566,1,
2014,NA,NA,NA,ems,EMS_soil_data.csv (provided by Evan Goldman),munger,42.54,-72.17,C3,ems,hardwood,obs,NA,NA,PH,DECD,NA,2,organic,10,9.524,0.095,0,NA,2,42.874,NA,1.844,NA,4.083,4.083192112,1,
2014,NA,NA,NA,ems,EMS_soil_data.csv (provided by Evan Goldman),munger,42.54,-72.17,C3,ems,hardwood,obs,NA,NA,PH,DECD,NA,3,organic,10.7,6.997,0.065,0,83.992,2,42.874,NA,1.844,NA,3,2.999727883,1,
2014,NA,NA,NA,ems,EMS_soil_data.csv (provided by Evan Goldman),munger,42.54,-72.17,C3,ems,hardwood,obs,NA,NA,PH,DECD,NA,4,organic,4.6,5.973,0.13,0,59.929,2,42.874,NA,1.844,NA,2.561,2.560800067,1,
2014,NA,NA,NA,ems,EMS_soil_data.csv (provided by Evan Goldman),munger,42.54,-72.17,C3,ems,hardwood,obs,NA,NA,PH,DECD,NA,5,organic,9.9,7.612,0.077,0,71.117,2,42.874,NA,1.844,NA,3.264,3.263719167,1,
2014,NA,NA,NA,ems,EMS_soil_data.csv (provided by Evan Goldman),munger,42.54,-72.17,C3,ems,hardwood,obs,NA,NA,PH,DECD,NA,6,organic,11.6,8.054,0.069,0,NA,2,42.874,NA,1.844,NA,3.453,3.453251371,1,
2014,NA,NA,NA,ems,EMS_soil_data.csv (provided by Evan Goldman),munger,42.54,-72.17,C3,ems,hardwood,obs,NA,NA,PH,DECD,NA,7,organic,7.9,4.093,0.052,0,89.94,2,42.874,NA,1.844,NA,1.755,1.754653606,1,
2014,NA,NA,NA,ems,EMS_soil_data.csv (provided by Evan Goldman),munger,42.54,-72.17,C4,ems,hardwood,obs,NA,NA,PH,DECD,NA,1,organic,11.6,8.465,0.073,0,NA,2,45.48,NA,1.797,NA,3.85,3.849882742,1,
2014,NA,NA,NA,ems,EMS_soil_data.csv (provided by Evan Goldman),munger,42.54,-72.17,C4,ems,hardwood,obs,NA,NA,PH,DECD,NA,2,organic,8,6.083,0.076,0,NA,2,45.48,NA,1.797,NA,2.767,2.766521206,1,
2014,NA,NA,NA,ems,EMS_soil_data.csv (provided by Evan Goldman),munger,42.54,-72.17,C4,ems,hardwood,obs,NA,NA,PH,DECD,NA,3,organic,7.7,7.615,0.099,0,NA,2,45.48,NA,1.797,NA,3.463,3.463256411,1,
2014,NA,NA,NA,ems,EMS_soil_data.csv (provided by Evan Goldman),munger,42.54,-72.17,C4,ems,hardwood,obs,NA,NA,PH,DECD,NA,4,organic,10.4,8.996,0.087,0,80.95,2,45.48,NA,1.797,NA,4.092,4.091552248,1,
2014,NA,NA,NA,ems,EMS_soil_data.csv (provided by Evan Goldman),munger,42.54,-72.17,C4,ems,hardwood,obs,NA,NA,PH,DECD,NA,5,organic,9,4.974,0.055,0,86.001,2,45.48,NA,1.797,NA,2.262,2.262089405,1,
2014,NA,NA,NA,ems,EMS_soil_data.csv (provided by Evan Goldman),munger,42.54,-72.17,C4,ems,hardwood,obs,NA,NA,PH,DECD,NA,6,organic,8.7,5.216,0.06,0,85.493,2,45.48,NA,1.797,NA,2.372,2.372041176,1,
2014,NA,NA,NA,ems,EMS_soil_data.csv (provided by Evan Goldman),munger,42.54,-72.17,C4,ems,hardwood,obs,NA,NA,PH,DECD,NA,7,organic,7.2,3.447,0.048,0,87.95,2,45.48,NA,1.797,NA,1.568,1.567598114,1,
2014,NA,NA,NA,ems,EMS_soil_data.csv (provided by Evan Goldman),munger,42.54,-72.17,C5,ems,hardwood,obs,NA,NA,PH,DECD,NA,1,organic,17.2,15.515,0.09,0,95.116,2,50.339,NA,1.754,NA,7.81,7.810343028,1,
2014,NA,NA,NA,ems,EMS_soil_data.csv (provided by Evan Goldman),munger,42.54,-72.17,C5,ems,hardwood,obs,NA,NA,PH,DECD,NA,2,organic,8.4,7.069,0.084,0,NA,2,50.339,NA,1.754,NA,3.558,3.558329398,1,
2014,NA,NA,NA,ems,EMS_soil_data.csv (provided by Evan Goldman),munger,42.54,-72.17,C5,ems,hardwood,obs,NA,NA,PH,DECD,NA,3,organic,9.3,6.798,0.073,0,84.325,2,50.339,NA,1.754,NA,3.422,3.422225223,1,
2014,NA,NA,NA,ems,EMS_soil_data.csv (provided by Evan Goldman),munger,42.54,-72.17,C5,ems,hardwood,obs,NA,NA,PH,DECD,NA,4,organic,6.2,4.759,0.077,0,93.611,2,50.339,NA,1.754,NA,2.396,2.395731512,1,
2014,NA,NA,NA,ems,EMS_soil_data.csv (provided by Evan Goldman),munger,42.54,-72.17,C5,ems,hardwood,obs,NA,NA,PH,DECD,NA,5,organic,10.5,5.846,0.056,0,83.706,2,50.339,NA,1.754,NA,2.943,2.942631863,1,
2014,NA,NA,NA,ems,EMS_soil_data.csv (provided by Evan Goldman),munger,42.54,-72.17,C5,ems,hardwood,obs,NA,NA,PH,DECD,NA,6,organic,8.8,4.849,0.055,0,NA,2,50.339,NA,1.754,NA,2.441,2.441182358,1,
2014,NA,NA,NA,ems,EMS_soil_data.csv (provided by Evan Goldman),munger,42.54,-72.17,D1,ems,hardwood,obs,NA,NA,PH,DECD,NA,1,organic,7.7,6.82,0.089,0,92.416,2,38.801,NA,1.344,NA,2.646,2.646053634,1,
2014,NA,NA,NA,ems,EMS_soil_data.csv (provided by Evan Goldman),munger,42.54,-72.17,D1,ems,hardwood,obs,NA,NA,PH,DECD,NA,2,organic,18.8,17.869,0.095,0,NA,2,38.801,NA,1.344,NA,6.933,6.93349519,1,
2014,NA,NA,NA,ems,EMS_soil_data.csv (provided by Evan Goldman),munger,42.54,-72.17,D1,ems,hardwood,obs,NA,NA,PH,DECD,NA,3,organic,11.5,10.111,0.088,0,91.781,2,38.801,NA,1.344,NA,3.923,3.92332681,1,
2014,NA,NA,NA,ems,EMS_soil_data.csv (provided by Evan Goldman),munger,42.54,-72.17,D1,ems,hardwood,obs,NA,NA,PH,DECD,NA,4,organic,10,8.52,0.085,0,94.844,2,38.801,NA,1.344,NA,3.306,3.305748383,1,
2014,NA,NA,NA,ems,EMS_soil_data.csv (provided by Evan Goldman),munger,42.54,-72.17,D1,ems,hardwood,obs,NA,NA,PH,DECD,NA,5,organic,14.8,12.75,0.086,0,65.619,2,38.801,NA,1.344,NA,4.947,4.947327743,1,
2014,NA,NA,NA,ems,EMS_soil_data.csv (provided by Evan Goldman),munger,42.54,-72.17,D1,ems,hardwood,obs,NA,NA,PH,DECD,NA,5,organic,14.8,12.75,0.086,0,NA,2,38.801,NA,1.344,NA,4.947,4.947327743,1,
2014,NA,NA,NA,ems,EMS_soil_data.csv (provided by Evan Goldman),munger,42.54,-72.17,D2,ems,hardwood,obs,NA,NA,PH,DECD,NA,1,organic,11.6,9.688,0.084,0,NA,2,27.194,NA,1.084,NA,2.634,2.634416807,1,
2014,NA,NA,NA,ems,EMS_soil_data.csv (provided by Evan Goldman),munger,42.54,-72.17,D2,ems,hardwood,obs,NA,NA,PH,DECD,NA,2,organic,8.7,6.426,0.074,0,85.234,2,27.194,NA,1.084,NA,1.748,1.747556858,1,
2014,NA,NA,NA,ems,EMS_soil_data.csv (provided by Evan Goldman),munger,42.54,-72.17,D2,ems,hardwood,obs,NA,NA,PH,DECD,NA,3,organic,17.1,8.713,0.051,0,NA,2,27.194,NA,1.084,NA,2.369,2.369432177,1,
2014,NA,NA,NA,ems,EMS_soil_data.csv (provided by Evan Goldman),munger,42.54,-72.17,D2,ems,hardwood,obs,NA,NA,PH,DECD,NA,4,organic,14.4,22.191,0.154,0,50.706,2,27.194,NA,1.084,NA,6.035,6.034672734,1,
2014,NA,NA,NA,ems,EMS_soil_data.csv (provided by Evan Goldman),munger,42.54,-72.17,D2,ems,hardwood,obs,NA,NA,PH,DECD,NA,5,organic,7.9,9.837,0.125,0,40.767,2,27.194,NA,1.084,NA,2.675,2.674935975,1,
2014,NA,NA,NA,ems,EMS_soil_data.csv (provided by Evan Goldman),munger,42.54,-72.17,D2,ems,hardwood,obs,NA,NA,PH,DECD,NA,6,organic,10.6,9.295,0.088,0,84.419,2,27.194,NA,1.084,NA,2.528,2.527617938,1,
2014,NA,NA,NA,ems,EMS_soil_data.csv (provided by Evan Goldman),munger,42.54,-72.17,D3,ems,hardwood,obs,NA,NA,PH,DECD,NA,1,organic,4.4,4.397,0.1,0,NA,2,20.704,NA,0.864,NA,0.91,0.910271003,1,
2014,NA,NA,NA,ems,EMS_soil_data.csv (provided by Evan Goldman),munger,42.54,-72.17,D3,ems,hardwood,obs,NA,NA,PH,DECD,NA,2,organic,6,5.142,0.086,0,NA,2,20.704,NA,0.864,NA,1.065,1.064621747,1,
2014,NA,NA,NA,ems,EMS_soil_data.csv (provided by Evan Goldman),munger,42.54,-72.17,D3,ems,hardwood,obs,NA,NA,PH,DECD,NA,3,organic,4.2,8.767,0.209,0,37.861,2,20.704,NA,0.864,NA,1.815,1.815230133,1,
2014,NA,NA,NA,ems,EMS_soil_data.csv (provided by Evan Goldman),munger,42.54,-72.17,D3,ems,hardwood,obs,NA,NA,PH,DECD,NA,4,organic,3.1,3.712,0.12,0,NA,2,20.704,NA,0.864,NA,0.768,0.768484879,1,
2014,NA,NA,NA,ems,EMS_soil_data.csv (provided by Evan Goldman),munger,42.54,-72.17,D3,ems,hardwood,obs,NA,NA,PH,DECD,NA,5,organic,7.8,5.732,0.073,0,91.208,2,20.704,NA,0.864,NA,1.187,1.186692654,1,
2014,NA,NA,NA,ems,EMS_soil_data.csv (provided by Evan Goldman),munger,42.54,-72.17,D3,ems,hardwood,obs,NA,NA,PH,DECD,NA,6,organic,7.2,5.768,0.08,0,83.564,2,20.704,NA,0.864,NA,1.194,1.194251856,1,
2014,NA,NA,NA,ems,EMS_soil_data.csv (provided by Evan Goldman),munger,42.54,-72.17,D3,ems,hardwood,obs,NA,NA,PH,DECD,NA,7,organic,12.1,9.183,0.076,0,84.32,2,20.704,NA,0.864,NA,1.901,1.9012416,1,
2014,NA,NA,NA,ems,EMS_soil_data.csv (provided by Evan Goldman),munger,42.54,-72.17,D4,ems,hardwood,obs,NA,NA,PH,DECD,NA,1,organic,4.5,5.084,0.113,0,47.806,2,17.068,NA,1.097,NA,0.868,0.867700193,1,
2014,NA,NA,NA,ems,EMS_soil_data.csv (provided by Evan Goldman),munger,42.54,-72.17,D4,ems,hardwood,obs,NA,NA,PH,DECD,NA,2,organic,6,9.306,0.155,0,55.369,2,17.068,NA,1.097,NA,1.588,1.588369666,1,
2014,NA,NA,NA,ems,EMS_soil_data.csv (provided by Evan Goldman),munger,42.54,-72.17,D4,ems,hardwood,obs,NA,NA,PH,DECD,NA,3,organic,8.8,7.829,0.089,0,88.327,2,17.068,NA,1.097,NA,1.336,1.336244824,1,
2014,NA,NA,NA,ems,EMS_soil_data.csv (provided by Evan Goldman),munger,42.54,-72.17,D4,ems,hardwood,obs,NA,NA,PH,DECD,NA,4,organic,7.1,16.634,0.234,0,NA,2,17.068,NA,1.097,NA,2.839,2.839141305,1,
2014,NA,NA,NA,ems,EMS_soil_data.csv (provided by Evan Goldman),munger,42.54,-72.17,D4,ems,hardwood,obs,NA,NA,PH,DECD,NA,5,organic,7.4,14.204,0.192,0,NA,2,17.068,NA,1.097,NA,2.424,2.424406886,1,
2014,NA,NA,NA,ems,EMS_soil_data.csv (provided by Evan Goldman),munger,42.54,-72.17,D4,ems,hardwood,obs,NA,NA,PH,DECD,NA,6,organic,6,9.176,0.153,0,36.77,2,17.068,NA,1.097,NA,1.566,1.566222427,1,
2014,NA,NA,NA,ems,EMS_soil_data.csv (provided by Evan Goldman),munger,42.54,-72.17,D5,ems,hardwood,obs,NA,NA,PH,DECD,NA,1,organic,7,5.289,0.076,0,77.075,2,49.063,NA,1.774,NA,2.595,2.594974007,1,
2014,NA,NA,NA,ems,EMS_soil_data.csv (provided by Evan Goldman),munger,42.54,-72.17,D5,ems,hardwood,obs,NA,NA,PH,DECD,NA,2,organic,6.1,5.597,0.092,0,92.501,2,49.063,NA,1.774,NA,2.746,2.746266802,1,
2014,NA,NA,NA,ems,EMS_soil_data.csv (provided by Evan Goldman),munger,42.54,-72.17,D5,ems,hardwood,obs,NA,NA,PH,DECD,NA,3,organic,7.2,3.17,0.044,0,NA,2,49.063,NA,1.774,NA,1.555,1.555289925,1,
2014,NA,NA,NA,ems,EMS_soil_data.csv (provided by Evan Goldman),munger,42.54,-72.17,D5,ems,hardwood,obs,NA,NA,PH,DECD,NA,4,organic,3.8,2.433,0.064,0,NA,2,49.063,NA,1.774,NA,1.194,1.193881698,1,
2014,NA,NA,NA,ems,EMS_soil_data.csv (provided by Evan Goldman),munger,42.54,-72.17,D5,ems,hardwood,obs,NA,NA,PH,DECD,NA,5,organic,8,4.145,0.052,0,82.353,2,49.063,NA,1.774,NA,2.034,2.033859292,1,
2014,NA,NA,NA,ems,EMS_soil_data.csv (provided by Evan Goldman),munger,42.54,-72.17,D5,ems,hardwood,obs,NA,NA,PH,DECD,NA,6,organic,11,6.161,0.056,0,NA,2,49.063,NA,1.774,NA,3.023,3.022951064,1,
2014,NA,NA,NA,ems,EMS_soil_data.csv (provided by Evan Goldman),munger,42.54,-72.17,D5,ems,hardwood,obs,NA,NA,PH,DECD,NA,7,organic,4.8,3.69,0.077,0,93.579,2,49.063,NA,1.774,NA,1.81,1.810430093,1,
2014,NA,NA,NA,ems,EMS_soil_data.csv (provided by Evan Goldman),munger,42.54,-72.17,E1,ems,hardwood,obs,NA,NA,PH,DECD,NA,1,organic,18.2,7.903,0.043,0,95.1,2,32.791,NA,2.211,NA,2.592,2.591646976,1,
2014,NA,NA,NA,ems,EMS_soil_data.csv (provided by Evan Goldman),munger,42.54,-72.17,E1,ems,hardwood,obs,NA,NA,PH,DECD,NA,2,organic,7,7.064,0.101,0,90.979,2,32.791,NA,2.211,NA,2.316,2.316287518,1,
2014,NA,NA,NA,ems,EMS_soil_data.csv (provided by Evan Goldman),munger,42.54,-72.17,E1,ems,hardwood,obs,NA,NA,PH,DECD,NA,3,organic,8.6,7.994,0.093,0,NA,2,32.791,NA,2.211,NA,2.621,2.621415566,1,
2014,NA,NA,NA,ems,EMS_soil_data.csv (provided by Evan Goldman),munger,42.54,-72.17,E1,ems,hardwood,obs,NA,NA,PH,DECD,NA,4,organic,23.5,30.964,0.132,0,65.156,2,32.791,NA,2.211,NA,10.154,10.15351599,1,
2014,NA,NA,NA,ems,EMS_soil_data.csv (provided by Evan Goldman),munger,42.54,-72.17,E1,ems,hardwood,obs,NA,NA,PH,DECD,NA,5,organic,5.8,3.394,0.059,0,91.646,2,32.791,NA,2.211,NA,1.113,1.11308641,1,
2014,NA,NA,NA,ems,EMS_soil_data.csv (provided by Evan Goldman),munger,42.54,-72.17,E2,ems,conifer,obs,NA,NA,PH,PIRE,NA,1,organic,16.7,13.184,0.079,0,85.624,2,45.427,NA,1.66,NA,5.989,5.988975803,1,
2014,NA,NA,NA,ems,EMS_soil_data.csv (provided by Evan Goldman),munger,42.54,-72.17,E2,ems,conifer,obs,NA,NA,PH,PIRE,NA,2,organic,9.2,11.118,0.121,0,54.959,2,45.427,NA,1.66,NA,5.051,5.050767925,1,
2014,NA,NA,NA,ems,EMS_soil_data.csv (provided by Evan Goldman),munger,42.54,-72.17,E2,ems,conifer,obs,NA,NA,PH,PIRE,NA,3,organic,11.2,6.965,0.062,0,78.97,2,45.427,NA,1.66,NA,3.164,3.164042192,1,
2014,NA,NA,NA,ems,EMS_soil_data.csv (provided by Evan Goldman),munger,42.54,-72.17,E2,ems,conifer,obs,NA,NA,PH,PIRE,NA,4,organic,8,8.462,0.106,0,51.435,2,45.427,NA,1.66,NA,3.844,3.844276523,1,
2014,NA,NA,NA,ems,EMS_soil_data.csv (provided by Evan Goldman),munger,42.54,-72.17,E2,ems,conifer,obs,NA,NA,PH,PIRE,NA,5,organic,13,16.962,0.13,0,84.839,2,45.427,NA,1.66,NA,7.705,7.705362791,1,
2014,NA,NA,NA,ems,EMS_soil_data.csv (provided by Evan Goldman),munger,42.54,-72.17,E2,ems,conifer,obs,NA,NA,PH,PIRE,NA,6,organic,17.2,19.611,0.114,0,80.477,2,45.427,NA,1.66,NA,8.909,8.908716374,1,
2014,NA,NA,NA,ems,EMS_soil_data.csv (provided by Evan Goldman),munger,42.54,-72.17,E3,ems,hardwood,obs,NA,NA,PH,DECD,NA,1,organic,9.5,6.501,0.068,0,84.138,2,42.438,NA,1.9,NA,2.759,2.758802557,1,
2014,NA,NA,NA,ems,EMS_soil_data.csv (provided by Evan Goldman),munger,42.54,-72.17,E3,ems,hardwood,obs,NA,NA,PH,DECD,NA,2,organic,13,15.798,0.122,0,76.739,2,42.438,NA,1.9,NA,6.704,6.704375977,1,
2014,NA,NA,NA,ems,EMS_soil_data.csv (provided by Evan Goldman),munger,42.54,-72.17,E3,ems,hardwood,obs,NA,NA,PH,DECD,NA,3,organic,13,6.572,0.051,0,69.988,2,42.438,NA,1.9,NA,2.789,2.788953404,1,
2014,NA,NA,NA,ems,EMS_soil_data.csv (provided by Evan Goldman),munger,42.54,-72.17,E3,ems,hardwood,obs,NA,NA,PH,DECD,NA,4,organic,11,9.946,0.09,0,69.372,2,42.438,NA,1.9,NA,4.221,4.220909285,1,
2014,NA,NA,NA,ems,EMS_soil_data.csv (provided by Evan Goldman),munger,42.54,-72.17,E3,ems,hardwood,obs,NA,NA,PH,DECD,NA,5,organic,13.8,12.766,0.093,0,94.349,2,42.438,NA,1.9,NA,5.418,5.417730431,1,
2014,NA,NA,NA,ems,EMS_soil_data.csv (provided by Evan Goldman),munger,42.54,-72.17,E4,ems,hardwood,obs,NA,NA,PH,DECD,NA,1,organic,11.9,9.079,0.076,0,NA,2,46.397,NA,1.731,NA,4.212,4.212439774,1,
2014,NA,NA,NA,ems,EMS_soil_data.csv (provided by Evan Goldman),munger,42.54,-72.17,E4,ems,hardwood,obs,NA,NA,PH,DECD,NA,2,organic,12.2,8.575,0.07,0,88.096,2,46.397,NA,1.731,NA,3.979,3.978720558,1,
2014,NA,NA,NA,ems,EMS_soil_data.csv (provided by Evan Goldman),munger,42.54,-72.17,E4,ems,hardwood,obs,NA,NA,PH,DECD,NA,3,organic,7,5.354,0.076,0,88.966,2,46.397,NA,1.731,NA,2.484,2.48392479,1,
2014,NA,NA,NA,ems,EMS_soil_data.csv (provided by Evan Goldman),munger,42.54,-72.17,E4,ems,hardwood,obs,NA,NA,PH,DECD,NA,4,organic,10,6.384,0.064,0,NA,2,46.397,NA,1.731,NA,2.962,2.962122089,1,
2014,NA,NA,NA,ems,EMS_soil_data.csv (provided by Evan Goldman),munger,42.54,-72.17,E4,ems,hardwood,obs,NA,NA,PH,DECD,NA,5,organic,11,5.276,0.048,0,92.846,2,46.397,NA,1.731,NA,2.448,2.447756684,1,
2014,NA,NA,NA,ems,EMS_soil_data.csv (provided by Evan Goldman),munger,42.54,-72.17,E4,ems,hardwood,obs,NA,NA,PH,DECD,NA,6,organic,7.5,5.161,0.069,0,73.982,2,46.397,NA,1.731,NA,2.395,2.394649086,1,
2014,NA,NA,NA,ems,EMS_soil_data.csv (provided by Evan Goldman),munger,42.54,-72.17,E5,ems,conifer,obs,NA,NA,PH,TSCA,NA,1,organic,15.5,19.089,0.123,0,55.77,2,24.971,NA,0.871,NA,4.767,4.766789912,1,
2014,NA,NA,NA,ems,EMS_soil_data.csv (provided by Evan Goldman),munger,42.54,-72.17,E5,ems,conifer,obs,NA,NA,PH,TSCA,NA,2,organic,13,18.243,0.14,0,47.999,2,24.971,NA,0.871,NA,4.555,4.555493848,1,
2014,NA,NA,NA,ems,EMS_soil_data.csv (provided by Evan Goldman),munger,42.54,-72.17,E5,ems,conifer,obs,NA,NA,PH,TSCA,NA,3,organic,13,11.289,0.087,0,93.918,2,24.971,NA,0.871,NA,2.819,2.818923577,1,
2014,NA,NA,NA,ems,EMS_soil_data.csv (provided by Evan Goldman),munger,42.54,-72.17,E5,ems,conifer,obs,NA,NA,PH,TSCA,NA,4,organic,12.8,11.283,0.088,0,87.914,2,24.971,NA,0.871,NA,2.818,2.817568325,1,
2014,NA,NA,NA,ems,EMS_soil_data.csv (provided by Evan Goldman),munger,42.54,-72.17,E5,ems,conifer,obs,NA,NA,PH,TSCA,NA,5,organic,17.2,12.528,0.073,0,93.432,2,24.971,NA,0.871,NA,3.129,3.128536992,1,
2014,NA,NA,NA,ems,EMS_soil_data.csv (provided by Evan Goldman),munger,42.54,-72.17,E5,ems,conifer,obs,NA,NA,PH,TSCA,NA,6,organic,13.5,11.904,0.088,0,85.168,2,24.971,NA,0.871,NA,2.973,2.97255984,1,
2014,NA,NA,NA,ems,EMS_soil_data.csv (provided by Evan Goldman),munger,42.54,-72.17,E5,ems,conifer,obs,NA,NA,PH,TSCA,NA,7,organic,16,7.483,0.047,0,85.641,2,24.971,NA,0.871,NA,1.869,1.868522507,1,
2014,NA,NA,NA,ems,EMS_soil_data.csv (provided by Evan Goldman),munger,42.54,-72.17,F1,ems,hardwood,obs,NA,NA,PH,DECD,NA,1,organic,12.2,8.095,0.066,0,80.394,2,43.885,NA,1.404,NA,3.553,3.552688626,1,
2014,NA,NA,NA,ems,EMS_soil_data.csv (provided by Evan Goldman),munger,42.54,-72.17,F1,ems,hardwood,obs,NA,NA,PH,DECD,NA,2,organic,20.2,24.387,0.121,0,63.274,2,43.885,NA,1.404,NA,10.702,10.70245283,1,
2014,NA,NA,NA,ems,EMS_soil_data.csv (provided by Evan Goldman),munger,42.54,-72.17,F1,ems,hardwood,obs,NA,NA,PH,DECD,NA,3,organic,17,12.058,0.071,0,85.228,2,43.885,NA,1.404,NA,5.292,5.2917912,1,
2014,NA,NA,NA,ems,EMS_soil_data.csv (provided by Evan Goldman),munger,42.54,-72.17,F1,ems,hardwood,obs,NA,NA,PH,DECD,NA,4,organic,7.2,28.14,0.391,0,26.907,2,43.885,NA,1.404,NA,12.349,12.34910063,1,High sample mass and low organic matter content - doubtfull it is just organic horizon
2014,NA,NA,NA,ems,EMS_soil_data.csv (provided by Evan Goldman),munger,42.54,-72.17,F1,ems,hardwood,obs,NA,NA,PH,DECD,NA,5,organic,16,11.949,0.075,0,87.713,2,43.885,NA,1.404,NA,5.244,5.243939897,1,
2014,NA,NA,NA,ems,EMS_soil_data.csv (provided by Evan Goldman),munger,42.54,-72.17,F1,ems,hardwood,obs,NA,NA,PH,DECD,NA,6,organic,15,9.562,0.064,0,84.287,2,43.885,NA,1.404,NA,4.196,4.196191222,1,
2014,NA,NA,NA,ems,EMS_soil_data.csv (provided by Evan Goldman),munger,42.54,-72.17,F2,ems,hardwood,obs,NA,NA,PH,DECD,NA,1,organic,9.8,6.54,0.067,0,NA,2,43.986,NA,1.771,NA,2.877,2.876560212,1,
2014,NA,NA,NA,ems,EMS_soil_data.csv (provided by Evan Goldman),munger,42.54,-72.17,F2,ems,hardwood,obs,NA,NA,PH,DECD,NA,2,organic,5.1,6.846,0.134,0,NA,2,43.986,NA,1.771,NA,3.011,3.011110747,1,
2014,NA,NA,NA,ems,EMS_soil_data.csv (provided by Evan Goldman),munger,42.54,-72.17,F2,ems,hardwood,obs,NA,NA,PH,DECD,NA,3,organic,10.1,5.173,0.051,0,90.426,2,43.986,NA,1.771,NA,2.275,2.275423148,1,
2014,NA,NA,NA,ems,EMS_soil_data.csv (provided by Evan Goldman),munger,42.54,-72.17,F2,ems,hardwood,obs,NA,NA,PH,DECD,NA,4,organic,7.3,7.69,0.105,0,92.958,2,43.986,NA,1.771,NA,3.382,3.382426818,1,
2014,NA,NA,NA,ems,EMS_soil_data.csv (provided by Evan Goldman),munger,42.54,-72.17,F2,ems,hardwood,obs,NA,NA,PH,DECD,NA,5,organic,8.6,8.722,0.101,0,69.863,2,43.986,NA,1.771,NA,3.837,3.836643379,1,
2014,NA,NA,NA,ems,EMS_soil_data.csv (provided by Evan Goldman),munger,42.54,-72.17,F2,ems,hardwood,obs,NA,NA,PH,DECD,NA,6,organic,29,20.823,0.072,0,85.157,2,43.986,NA,1.771,NA,9.159,9.159202094,1,
2014,NA,NA,NA,ems,EMS_soil_data.csv (provided by Evan Goldman),munger,42.54,-72.17,F3,ems,hardwood,obs,NA,NA,PH,DECD,NA,1,organic,8.1,7.253,0.09,0,74.918,2,35.926,NA,1.349,NA,2.606,2.605801619,1,
2014,NA,NA,NA,ems,EMS_soil_data.csv (provided by Evan Goldman),munger,42.54,-72.17,F3,ems,hardwood,obs,NA,NA,PH,DECD,NA,2,organic,9.8,3.007,0.031,0,94.447,2,35.926,NA,1.349,NA,1.08,1.080181965,1,
2014,NA,NA,NA,ems,EMS_soil_data.csv (provided by Evan Goldman),munger,42.54,-72.17,F3,ems,hardwood,obs,NA,NA,PH,DECD,NA,3,organic,13.1,10.032,0.077,0,89.25,2,35.926,NA,1.349,NA,3.604,3.604092532,1,
2014,NA,NA,NA,ems,EMS_soil_data.csv (provided by Evan Goldman),munger,42.54,-72.17,F3,ems,hardwood,obs,NA,NA,PH,DECD,NA,4,organic,14,10.881,0.078,0,70.464,2,35.926,NA,1.349,NA,3.909,3.909145562,1,
2014,NA,NA,NA,ems,EMS_soil_data.csv (provided by Evan Goldman),munger,42.54,-72.17,F3,ems,hardwood,obs,NA,NA,PH,DECD,NA,5,organic,9,8.32,0.092,0,NA,2,35.926,NA,1.349,NA,2.989,2.989200633,1,
2014,NA,NA,NA,ems,EMS_soil_data.csv (provided by Evan Goldman),munger,42.54,-72.17,F3,ems,hardwood,obs,NA,NA,PH,DECD,NA,6,organic,10,7.774,0.078,0,NA,2,35.926,NA,1.349,NA,2.793,2.792981165,1,
2014,NA,NA,NA,ems,EMS_soil_data.csv (provided by Evan Goldman),munger,42.54,-72.17,F4,ems,hardwood,obs,NA,NA,PH,DECD,NA,1,organic,7.2,6.261,0.087,0,94.626,2,46.79,NA,1.606,NA,2.93,2.929522147,1,
2014,NA,NA,NA,ems,EMS_soil_data.csv (provided by Evan Goldman),munger,42.54,-72.17,F4,ems,hardwood,obs,NA,NA,PH,DECD,NA,2,organic,14.1,12.796,0.091,0,NA,2,46.79,NA,1.606,NA,5.987,5.987167603,1,
2014,NA,NA,NA,ems,EMS_soil_data.csv (provided by Evan Goldman),munger,42.54,-72.17,F4,ems,hardwood,obs,NA,NA,PH,DECD,NA,3,organic,19,13.173,0.069,0,NA,2,46.79,NA,1.606,NA,6.164,6.163539149,1,
2014,NA,NA,NA,ems,EMS_soil_data.csv (provided by Evan Goldman),munger,42.54,-72.17,F4,ems,hardwood,obs,NA,NA,PH,DECD,NA,4,organic,15.3,14.049,0.092,0,86.006,2,46.79,NA,1.606,NA,6.573,6.573302885,1,
2014,NA,NA,NA,ems,EMS_soil_data.csv (provided by Evan Goldman),munger,42.54,-72.17,F4,ems,hardwood,obs,NA,NA,PH,DECD,NA,5,organic,13.7,7.746,0.057,0,87.277,2,46.79,NA,1.606,NA,3.624,3.62415825,1,
2014,NA,NA,NA,ems,EMS_soil_data.csv (provided by Evan Goldman),munger,42.54,-72.17,F4,ems,hardwood,obs,NA,NA,PH,DECD,NA,6,organic,6.6,4.69,0.071,0,93.857,2,46.79,NA,1.606,NA,2.194,2.19425595,1,
2014,NA,NA,NA,ems,EMS_soil_data.csv (provided by Evan Goldman),munger,42.54,-72.17,F4,ems,hardwood,obs,NA,NA,PH,DECD,NA,7,organic,9.2,5.643,0.061,0,NA,2,46.79,NA,1.606,NA,2.64,2.64049443,1,
2014,NA,NA,NA,ems,EMS_soil_data.csv (provided by Evan Goldman),munger,42.54,-72.17,F5,ems,hardwood,obs,NA,NA,PH,DECD,NA,1,organic,12.5,7.314,0.059,0,84.967,2,45.005,NA,1.451,NA,3.292,3.291611585,1,
2014,NA,NA,NA,ems,EMS_soil_data.csv (provided by Evan Goldman),munger,42.54,-72.17,F5,ems,hardwood,obs,NA,NA,PH,DECD,NA,2,organic,12.5,8.998,0.072,0,86.426,2,45.005,NA,1.451,NA,4.049,4.04945497,1,
2014,NA,NA,NA,ems,EMS_soil_data.csv (provided by Evan Goldman),munger,42.54,-72.17,F5,ems,hardwood,obs,NA,NA,PH,DECD,NA,3,organic,16.4,14.928,0.091,0,94.961,2,45.005,NA,1.451,NA,6.718,6.718449254,1,
2014,NA,NA,NA,ems,EMS_soil_data.csv (provided by Evan Goldman),munger,42.54,-72.17,F5,ems,hardwood,obs,NA,NA,PH,DECD,NA,4,organic,12.7,10.382,0.082,0,95.067,2,45.005,NA,1.451,NA,4.672,4.672294319,1,
2014,NA,NA,NA,ems,EMS_soil_data.csv (provided by Evan Goldman),munger,42.54,-72.17,F5,ems,hardwood,obs,NA,NA,PH,DECD,NA,5,organic,11.8,14.537,0.123,0,78.45,2,45.005,NA,1.451,NA,6.542,6.542366686,1,
2014,NA,NA,NA,ems,EMS_soil_data.csv (provided by Evan Goldman),munger,42.54,-72.17,F5,ems,hardwood,obs,NA,NA,PH,DECD,NA,6,organic,20.3,10.239,0.05,0,89.839,2,45.005,NA,1.451,NA,4.608,4.607900946,1,
2014,NA,NA,NA,ems,EMS_soil_data.csv (provided by Evan Goldman),munger,42.54,-72.17,F5,ems,hardwood,obs,NA,NA,PH,DECD,NA,7,organic,15,14.14,0.094,0,92.948,2,45.005,NA,1.451,NA,6.364,6.363841611,1,
2014,NA,NA,NA,ems,EMS_soil_data.csv (provided by Evan Goldman),munger,42.54,-72.17,G1,ems,conifer,obs,NA,NA,PH,PIRE,NA,1,organic,9,9.308,0.103,0,87.787,2,39.158,NA,1.158,NA,3.645,3.644836085,1,
2014,NA,NA,NA,ems,EMS_soil_data.csv (provided by Evan Goldman),munger,42.54,-72.17,G1,ems,conifer,obs,NA,NA,PH,PIRE,NA,2,organic,15,14.194,0.095,0,81.113,2,39.158,NA,1.158,NA,5.558,5.558056256,1,
2014,NA,NA,NA,ems,EMS_soil_data.csv (provided by Evan Goldman),munger,42.54,-72.17,G1,ems,conifer,obs,NA,NA,PH,PIRE,NA,3,organic,17,18.588,0.109,0,73.03,2,39.158,NA,1.158,NA,7.279,7.278659997,1,
2014,NA,NA,NA,ems,EMS_soil_data.csv (provided by Evan Goldman),munger,42.54,-72.17,G1,ems,conifer,obs,NA,NA,PH,PIRE,NA,4,organic,19,11.767,0.062,0,74.135,2,39.158,NA,1.158,NA,4.608,4.607725041,1,
2014,NA,NA,NA,ems,EMS_soil_data.csv (provided by Evan Goldman),munger,42.54,-72.17,G1,ems,conifer,obs,NA,NA,PH,PIRE,NA,5,organic,24,18.939,0.079,0,92.139,2,39.158,NA,1.158,NA,7.416,7.416022366,1,
2014,NA,NA,NA,ems,EMS_soil_data.csv (provided by Evan Goldman),munger,42.54,-72.17,G2,ems,conifer,obs,NA,NA,PH,TSCA,NA,1,organic,15.9,12.602,0.079,0,NA,2,37.286,NA,1.104,NA,4.699,4.698903181,1,
2014,NA,NA,NA,ems,EMS_soil_data.csv (provided by Evan Goldman),munger,42.54,-72.17,G2,ems,conifer,obs,NA,NA,PH,TSCA,NA,2,organic,17,9.332,0.055,0,NA,2,37.286,NA,1.104,NA,3.479,3.479428993,1,
2014,NA,NA,NA,ems,EMS_soil_data.csv (provided by Evan Goldman),munger,42.54,-72.17,G2,ems,conifer,obs,NA,NA,PH,TSCA,NA,3,organic,8.3,6.209,0.075,0,90.697,2,37.286,NA,1.104,NA,2.315,2.315142956,1,
2014,NA,NA,NA,ems,EMS_soil_data.csv (provided by Evan Goldman),munger,42.54,-72.17,G2,ems,conifer,obs,NA,NA,PH,TSCA,NA,4,organic,8.9,6.888,0.077,0,92.11,2,37.286,NA,1.104,NA,2.568,2.568088651,1,
2014,NA,NA,NA,ems,EMS_soil_data.csv (provided by Evan Goldman),munger,42.54,-72.17,G2,ems,conifer,obs,NA,NA,PH,TSCA,NA,5,organic,12.6,6.938,0.055,0,95.375,2,37.286,NA,1.104,NA,2.587,2.586852622,1,
2014,NA,NA,NA,ems,EMS_soil_data.csv (provided by Evan Goldman),munger,42.54,-72.17,G2,ems,conifer,obs,NA,NA,PH,TSCA,NA,6,organic,10,10.554,0.106,0,71.883,2,37.286,NA,1.104,NA,3.935,3.935099164,1,
2014,NA,NA,NA,ems,EMS_soil_data.csv (provided by Evan Goldman),munger,42.54,-72.17,G5,ems,hardwood,obs,NA,NA,PH,DECD,NA,1,organic,8.3,8.955,0.108,0,96.21,2,15.772,NA,0.573,NA,1.412,1.412449629,1,
2014,NA,NA,NA,ems,EMS_soil_data.csv (provided by Evan Goldman),munger,42.54,-72.17,G5,ems,hardwood,obs,NA,NA,PH,DECD,NA,2,organic,10.1,14.212,0.141,0,47.812,2,15.772,NA,0.573,NA,2.242,2.241585809,1,
2014,NA,NA,NA,ems,EMS_soil_data.csv (provided by Evan Goldman),munger,42.54,-72.17,G5,ems,hardwood,obs,NA,NA,PH,DECD,NA,3,organic,11,10.968,0.1,0,54.73,2,15.772,NA,0.573,NA,1.73,1.729863658,1,
2014,NA,NA,NA,ems,EMS_soil_data.csv (provided by Evan Goldman),munger,42.54,-72.17,G5,ems,hardwood,obs,NA,NA,PH,DECD,NA,4,organic,12.2,13.851,0.114,0,36.834,2,15.772,NA,0.573,NA,2.185,2.18454622,1,
2014,NA,NA,NA,ems,EMS_soil_data.csv (provided by Evan Goldman),munger,42.54,-72.17,G5,ems,hardwood,obs,NA,NA,PH,DECD,NA,5,organic,10,12.347,0.123,0,59.585,2,15.772,NA,0.573,NA,1.947,1.947438952,1,
2014,NA,NA,NA,ems,EMS_soil_data.csv (provided by Evan Goldman),munger,42.54,-72.17,G5,ems,hardwood,obs,NA,NA,PH,DECD,NA,6,organic,9,8.306,0.092,0,58.318,2,15.772,NA,0.573,NA,1.31,1.310042945,1,
2014,NA,NA,NA,ems,EMS_soil_data.csv (provided by Evan Goldman),munger,42.54,-72.17,G5,ems,hardwood,obs,NA,NA,PH,DECD,NA,7,organic,4,7.934,0.198,0,28.414,2,15.772,NA,0.573,NA,1.251,1.251291391,1,
2014,NA,NA,NA,ems,EMS_soil_data.csv (provided by Evan Goldman),munger,42.54,-72.17,H1,ems,hardwood,obs,NA,NA,PH,DECD,NA,1,organic,7.1,10.038,0.141,0,66.31,2,42.647,NA,1.568,NA,4.281,4.280859606,1,
2014,NA,NA,NA,ems,EMS_soil_data.csv (provided by Evan Goldman),munger,42.54,-72.17,H1,ems,hardwood,obs,NA,NA,PH,DECD,NA,2,organic,11,11.526,0.105,0,88.281,2,42.647,NA,1.568,NA,4.915,4.915466269,1,
2014,NA,NA,NA,ems,EMS_soil_data.csv (provided by Evan Goldman),munger,42.54,-72.17,H1,ems,hardwood,obs,NA,NA,PH,DECD,NA,3,organic,23.2,13.874,0.06,0,NA,2,42.647,NA,1.568,NA,5.917,5.916823402,1,
2014,NA,NA,NA,ems,EMS_soil_data.csv (provided by Evan Goldman),munger,42.54,-72.17,H1,ems,hardwood,obs,NA,NA,PH,DECD,NA,4,organic,23.8,7.998,0.034,0,NA,2,42.647,NA,1.568,NA,3.411,3.411010817,1,
2014,NA,NA,NA,ems,EMS_soil_data.csv (provided by Evan Goldman),munger,42.54,-72.17,H1,ems,hardwood,obs,NA,NA,PH,DECD,NA,5,organic,12.4,8.206,0.066,0,81.011,2,42.647,NA,1.568,NA,3.5,3.499805251,1,
2014,NA,NA,NA,ems,EMS_soil_data.csv (provided by Evan Goldman),munger,42.54,-72.17,H1,ems,hardwood,obs,NA,NA,PH,DECD,NA,6,organic,17.3,17.599,0.102,0,87.831,2,42.647,NA,1.568,NA,7.505,7.505444195,1,
2014,NA,NA,NA,ems,EMS_soil_data.csv (provided by Evan Goldman),munger,42.54,-72.17,H1,ems,hardwood,obs,NA,NA,PH,DECD,NA,7,organic,17.7,10.885,0.061,0,NA,2,42.647,NA,1.568,NA,4.642,4.642349741,1,
2014,NA,NA,NA,ems,EMS_soil_data.csv (provided by Evan Goldman),munger,42.54,-72.17,H2,ems,conifer,obs,NA,NA,PH,TSCA,NA,1,organic,16.2,17.969,0.111,0,NA,2,46.341,NA,1.551,NA,8.327,8.326953477,1,
2014,NA,NA,NA,ems,EMS_soil_data.csv (provided by Evan Goldman),munger,42.54,-72.17,H2,ems,conifer,obs,NA,NA,PH,TSCA,NA,2,organic,12.8,6.127,0.048,0,NA,2,46.341,NA,1.551,NA,2.839,2.839212199,1,
2014,NA,NA,NA,ems,EMS_soil_data.csv (provided by Evan Goldman),munger,42.54,-72.17,H2,ems,conifer,obs,NA,NA,PH,TSCA,NA,3,organic,11.2,5.878,0.052,0,96.465,2,46.341,NA,1.551,NA,2.724,2.723750598,1,
2014,NA,NA,NA,ems,EMS_soil_data.csv (provided by Evan Goldman),munger,42.54,-72.17,H2,ems,conifer,obs,NA,NA,PH,TSCA,NA,4,organic,8,10.004,0.125,0,91.275,2,46.341,NA,1.551,NA,4.636,4.635840437,1,
2014,NA,NA,NA,ems,EMS_soil_data.csv (provided by Evan Goldman),munger,42.54,-72.17,H2,ems,conifer,obs,NA,NA,PH,TSCA,NA,5,organic,25,36.36,0.145,0,89.387,2,46.341,NA,1.551,NA,16.849,16.84939145,1,
2014,NA,NA,NA,ems,EMS_soil_data.csv (provided by Evan Goldman),munger,42.54,-72.17,H2,ems,conifer,obs,NA,NA,PH,TSCA,NA,6,organic,NA,35.916,NA,0,41.573,2,46.341,NA,1.551,NA,16.644,16.64384693,1,
2014,NA,NA,NA,ems,EMS_soil_data.csv (provided by Evan Goldman),munger,42.54,-72.17,H2,ems,conifer,obs,NA,NA,PH,TSCA,NA,7,organic,19,32.059,0.169,0,NA,2,46.341,NA,1.551,NA,14.857,14.85659281,1,
2014,NA,NA,NA,ems,EMS_soil_data.csv (provided by Evan Goldman),munger,42.54,-72.17,H2,ems,conifer,obs,NA,NA,PH,TSCA,NA,8,organic,18.2,16.977,0.093,0,NA,2,46.341,NA,1.551,NA,7.867,7.867393442,1,
2014,NA,NA,NA,ems,EMS_soil_data.csv (provided by Evan Goldman),munger,42.54,-72.17,H5,ems,hardwood,obs,NA,NA,PH,DECD,NA,1,organic,10.2,3.847,0.038,0,94.038,2,50.225,NA,1.426,NA,1.932,1.932096622,1,
2014,NA,NA,NA,ems,EMS_soil_data.csv (provided by Evan Goldman),munger,42.54,-72.17,H5,ems,hardwood,obs,NA,NA,PH,DECD,NA,2,organic,8.8,4.047,0.046,0,92.678,2,50.225,NA,1.426,NA,2.032,2.032455623,1,
2014,NA,NA,NA,ems,EMS_soil_data.csv (provided by Evan Goldman),munger,42.54,-72.17,H5,ems,hardwood,obs,NA,NA,PH,DECD,NA,3,organic,10.4,9.421,0.091,0,96.034,2,50.225,NA,1.426,NA,4.732,4.731741053,1,
2014,NA,NA,NA,ems,EMS_soil_data.csv (provided by Evan Goldman),munger,42.54,-72.17,H5,ems,hardwood,obs,NA,NA,PH,DECD,NA,4,organic,24.7,13.705,0.055,0,91.848,2,50.225,NA,1.426,NA,6.883,6.883140677,1,
2014,NA,NA,NA,ems,EMS_soil_data.csv (provided by Evan Goldman),munger,42.54,-72.17,H5,ems,hardwood,obs,NA,NA,PH,DECD,NA,5,organic,27.3,12.907,0.047,0,NA,2,50.225,NA,1.426,NA,6.482,6.482448073,1,
2014,NA,NA,NA,ems,EMS_soil_data.csv (provided by Evan Goldman),munger,42.54,-72.17,H5,ems,hardwood,obs,NA,NA,PH,DECD,NA,6,organic,10.4,9.521,0.092,0,NA,2,50.225,NA,1.426,NA,4.782,4.781796653,1,
2008,10,NA,NA,ChronicN,from Frey et al. (2014) Chronic nitrogen additions suppress decomposition and sequester soil carbon in temperate forests. Biogeochemistry 121; 305–316,frey,42.54,-72.18,NA,mixed hardwood,hardwood,exp,highN,1988,PH,DECD,NA,b5,mineral,0-10,NA,NA,NA,NA,1,6.2,NA,0.32,NA,5.024,5.023704082,0,Corrected for rock volume by the principal investigator
2008,10,NA,NA,ChronicN,from Frey et al. (2014) Chronic nitrogen additions suppress decomposition and sequester soil carbon in temperate forests. Biogeochemistry 121; 305–316,frey,42.54,-72.18,NA,mixed hardwood,hardwood,exp,highN,1988,PH,DECD,NA,c2,mineral,0-10,NA,NA,NA,NA,1,5.87,NA,0.28,NA,4.173,4.172650602,0,Corrected for rock volume by the principal investigator
2008,10,NA,NA,ChronicN,from Frey et al. (2014) Chronic nitrogen additions suppress decomposition and sequester soil carbon in temperate forests. Biogeochemistry 121; 305–316,frey,42.54,-72.18,NA,mixed hardwood,hardwood,exp,highN,1988,PH,DECD,NA,d4,mineral,0-10,NA,NA,NA,NA,1,6.33,NA,0.28,NA,5.107,5.106530052,0,Corrected for rock volume by the principal investigator
2008,10,NA,NA,ChronicN,from Frey et al. (2014) Chronic nitrogen additions suppress decomposition and sequester soil carbon in temperate forests. Biogeochemistry 121; 305–316,frey,42.54,-72.18,NA,mixed hardwood,hardwood,exp,highN,1988,PH,DECD,NA,e5,mineral,0-10,NA,NA,NA,NA,1,8.04,NA,0.38,NA,4.77,4.77014765,0,Corrected for rock volume by the principal investigator
2008,10,NA,NA,ChronicN,from Frey et al. (2014) Chronic nitrogen additions suppress decomposition and sequester soil carbon in temperate forests. Biogeochemistry 121; 305–316,frey,42.54,-72.18,NA,mixed hardwood,hardwood,exp,lowN,1988,PH,DECD,NA,b2,mineral,0-10,NA,NA,NA,NA,1,6,NA,0.29,NA,4.482,4.482413611,0,Corrected for rock volume by the principal investigator
2008,10,NA,NA,ChronicN,from Frey et al. (2014) Chronic nitrogen additions suppress decomposition and sequester soil carbon in temperate forests. Biogeochemistry 121; 305–316,frey,42.54,-72.18,NA,mixed hardwood,hardwood,exp,lowN,1988,PH,DECD,NA,b5,mineral,0-10,NA,NA,NA,NA,1,4.57,NA,0.21,NA,3.705,3.705133032,0,Corrected for rock volume by the principal investigator
2008,10,NA,NA,ChronicN,from Frey et al. (2014) Chronic nitrogen additions suppress decomposition and sequester soil carbon in temperate forests. Biogeochemistry 121; 305–316,frey,42.54,-72.18,NA,mixed hardwood,hardwood,exp,lowN,1988,PH,DECD,NA,c5,mineral,0-10,NA,NA,NA,NA,1,4.93,NA,0.23,NA,4.281,4.280598224,0,Corrected for rock volume by the principal investigator
2008,10,NA,NA,ChronicN,from Frey et al. (2014) Chronic nitrogen additions suppress decomposition and sequester soil carbon in temperate forests. Biogeochemistry 121; 305–316,frey,42.54,-72.18,NA,mixed hardwood,hardwood,exp,lowN,1988,PH,DECD,NA,d2,mineral,0-10,NA,NA,NA,NA,1,5,NA,0.24,NA,3.88,3.880205807,0,Corrected for rock volume by the principal investigator
2008,10,NA,NA,ChronicN,from Frey et al. (2014) Chronic nitrogen additions suppress decomposition and sequester soil carbon in temperate forests. Biogeochemistry 121; 305–316,frey,42.54,-72.18,NA,mixed hardwood,hardwood,exp,lowN,1988,PH,DECD,NA,e2,mineral,0-10,NA,NA,NA,NA,1,5.34,NA,0.29,NA,3.755,3.755476893,0,Corrected for rock volume by the principal investigator
2008,10,NA,NA,ChronicN,from Frey et al. (2014) Chronic nitrogen additions suppress decomposition and sequester soil carbon in temperate forests. Biogeochemistry 121; 305–316,frey,42.54,-72.18,NA,mixed hardwood,hardwood,exp,control,1988,PH,DECD,NA,b2,mineral,0-10,NA,NA,NA,NA,1,5.81,NA,0.29,NA,4.41,4.409501298,1,Corrected for rock volume by the principal investigator
2008,10,NA,NA,ChronicN,from Frey et al. (2014) Chronic nitrogen additions suppress decomposition and sequester soil carbon in temperate forests. Biogeochemistry 121; 305–316,frey,42.54,-72.18,NA,mixed hardwood,hardwood,exp,control,1988,PH,DECD,NA,b5,mineral,0-10,NA,NA,NA,NA,1,6.17,NA,0.31,NA,4.352,4.351824016,1,Corrected for rock volume by the principal investigator
2008,10,NA,NA,ChronicN,from Frey et al. (2014) Chronic nitrogen additions suppress decomposition and sequester soil carbon in temperate forests. Biogeochemistry 121; 305–316,frey,42.54,-72.18,NA,mixed hardwood,hardwood,exp,control,1988,PH,DECD,NA,c2,mineral,0-10,NA,NA,NA,NA,1,5.39,NA,0.27,NA,5.286,5.285600079,1,Corrected for rock volume by the principal investigator
2008,10,NA,NA,ChronicN,from Frey et al. (2014) Chronic nitrogen additions suppress decomposition and sequester soil carbon in temperate forests. Biogeochemistry 121; 305–316,frey,42.54,-72.18,NA,mixed hardwood,hardwood,exp,control,1988,PH,DECD,NA,c5,mineral,0-10,NA,NA,NA,NA,1,3.39,NA,0.17,NA,3.365,3.364916262,1,Corrected for rock volume by the principal investigator
2008,10,NA,NA,ChronicN,from Frey et al. (2014) Chronic nitrogen additions suppress decomposition and sequester soil carbon in temperate forests. Biogeochemistry 121; 305–316,frey,42.54,-72.18,NA,mixed hardwood,hardwood,exp,control,1988,PH,DECD,NA,e2,mineral,0-10,NA,NA,NA,NA,1,4.12,NA,0.2,NA,3.711,3.711170122,1,Corrected for rock volume by the principal investigator
2008,10,NA,NA,ChronicN,from Frey et al. (2014) Chronic nitrogen additions suppress decomposition and sequester soil carbon in temperate forests. Biogeochemistry 121; 305–316,frey,42.54,-72.18,NA,mixed hardwood,hardwood,exp,control,1988,PH,DECD,NA,e5,mineral,0-10,NA,NA,NA,NA,1,4.075,NA,0.19,NA,3.325,3.325235338,1,Corrected for rock volume by the principal investigator
2008,10,NA,NA,ChronicN,from Frey et al. (2014) Chronic nitrogen additions suppress decomposition and sequester soil carbon in temperate forests. Biogeochemistry 121; 305–316,frey,42.54,-72.18,NA,mixed hardwood,hardwood,exp,highN,1988,PH,DECD,NA,c2,mineral,20-Oct,NA,NA,NA,NA,1,3.64,NA,0.19,NA,2.74,2.739731385,0,Corrected for rock volume by the principal investigator
2008,10,NA,NA,ChronicN,from Frey et al. (2014) Chronic nitrogen additions suppress decomposition and sequester soil carbon in temperate forests. Biogeochemistry 121; 305–316,frey,42.54,-72.18,NA,mixed hardwood,hardwood,exp,highN,1988,PH,DECD,NA,d4,mineral,20-Oct,NA,NA,NA,NA,1,3.63,NA,0.2,NA,3.779,3.778514432,0,Corrected for rock volume by the principal investigator
2008,10,NA,NA,ChronicN,from Frey et al. (2014) Chronic nitrogen additions suppress decomposition and sequester soil carbon in temperate forests. Biogeochemistry 121; 305–316,frey,42.54,-72.18,NA,mixed hardwood,hardwood,exp,highN,1988,PH,DECD,NA,e5,mineral,20-Oct,NA,NA,NA,NA,1,5.64,NA,0.31,NA,4.162,4.161769702,0,Corrected for rock volume by the principal investigator
2008,10,NA,NA,ChronicN,from Frey et al. (2014) Chronic nitrogen additions suppress decomposition and sequester soil carbon in temperate forests. Biogeochemistry 121; 305–316,frey,42.54,-72.18,NA,mixed hardwood,hardwood,exp,lowN,1988,PH,DECD,NA,b2,mineral,20-Oct,NA,NA,NA,NA,1,2.34,NA,0.14,NA,2.544,2.544017945,0,Corrected for rock volume by the principal investigator
2008,10,NA,NA,ChronicN,from Frey et al. (2014) Chronic nitrogen additions suppress decomposition and sequester soil carbon in temperate forests. Biogeochemistry 121; 305–316,frey,42.54,-72.18,NA,mixed hardwood,hardwood,exp,lowN,1988,PH,DECD,NA,b5,mineral,20-Oct,NA,NA,NA,NA,1,1.78,NA,0.1,NA,2.043,2.04342654,0,Corrected for rock volume by the principal investigator
2008,10,NA,NA,ChronicN,from Frey et al. (2014) Chronic nitrogen additions suppress decomposition and sequester soil carbon in temperate forests. Biogeochemistry 121; 305–316,frey,42.54,-72.18,NA,mixed hardwood,hardwood,exp,lowN,1988,PH,DECD,NA,c5,mineral,20-Oct,NA,NA,NA,NA,1,1.98,NA,0.12,NA,2.331,2.330568551,0,Corrected for rock volume by the principal investigator
2008,10,NA,NA,ChronicN,from Frey et al. (2014) Chronic nitrogen additions suppress decomposition and sequester soil carbon in temperate forests. Biogeochemistry 121; 305–316,frey,42.54,-72.18,NA,mixed hardwood,hardwood,exp,lowN,1988,PH,DECD,NA,d2,mineral,20-Oct,NA,NA,NA,NA,1,1.74,NA,0.13,NA,1.652,1.651627776,0,Corrected for rock volume by the principal investigator
2008,10,NA,NA,ChronicN,from Frey et al. (2014) Chronic nitrogen additions suppress decomposition and sequester soil carbon in temperate forests. Biogeochemistry 121; 305–316,frey,42.54,-72.18,NA,mixed hardwood,hardwood,exp,lowN,1988,PH,DECD,NA,e2,mineral,20-Oct,NA,NA,NA,NA,1,6.58,NA,0.31,NA,3.599,3.59897176,0,Corrected for rock volume by the principal investigator
2008,10,NA,NA,ChronicN,from Frey et al. (2014) Chronic nitrogen additions suppress decomposition and sequester soil carbon in temperate forests. Biogeochemistry 121; 305–316,frey,42.54,-72.18,NA,mixed hardwood,hardwood,exp,lowN,1988,PH,DECD,NA,e5,mineral,20-Oct,NA,NA,NA,NA,1,2.05,NA,0.12,NA,1.642,1.64203505,0,Corrected for rock volume by the principal investigator
2008,10,NA,NA,ChronicN,from Frey et al. (2014) Chronic nitrogen additions suppress decomposition and sequester soil carbon in temperate forests. Biogeochemistry 121; 305–316,frey,42.54,-72.18,NA,mixed hardwood,hardwood,exp,control,1988,PH,DECD,NA,b5,mineral,20-Oct,NA,NA,NA,NA,1,1.89,NA,0.13,NA,2.236,2.236099151,1,Corrected for rock volume by the principal investigator
2008,10,NA,NA,ChronicN,from Frey et al. (2014) Chronic nitrogen additions suppress decomposition and sequester soil carbon in temperate forests. Biogeochemistry 121; 305–316,frey,42.54,-72.18,NA,mixed hardwood,hardwood,exp,control,1988,PH,DECD,NA,c2,mineral,20-Oct,NA,NA,NA,NA,1,2.51,NA,0.14,NA,3.158,3.158020654,1,Corrected for rock volume by the principal investigator
2008,10,NA,NA,ChronicN,from Frey et al. (2014) Chronic nitrogen additions suppress decomposition and sequester soil carbon in temperate forests. Biogeochemistry 121; 305–316,frey,42.54,-72.18,NA,mixed hardwood,hardwood,exp,control,1988,PH,DECD,NA,c5,mineral,20-Oct,NA,NA,NA,NA,1,2.61,NA,0.13,NA,2.446,2.44577495,1,Corrected for rock volume by the principal investigator
2008,10,NA,NA,ChronicN,from Frey et al. (2014) Chronic nitrogen additions suppress decomposition and sequester soil carbon in temperate forests. Biogeochemistry 121; 305–316,frey,42.54,-72.18,NA,mixed hardwood,hardwood,exp,control,1988,PH,DECD,NA,e2,mineral,20-Oct,NA,NA,NA,NA,1,1.99,NA,0.11,NA,2.341,2.341496854,1,Corrected for rock volume by the principal investigator
2008,10,NA,NA,ChronicN,from Frey et al. (2014) Chronic nitrogen additions suppress decomposition and sequester soil carbon in temperate forests. Biogeochemistry 121; 305–316,frey,42.54,-72.18,NA,mixed hardwood,hardwood,exp,control,1988,PH,DECD,NA,e5,mineral,20-Oct,NA,NA,NA,NA,1,2.64,NA,0.13,NA,2.621,2.621005051,1,Corrected for rock volume by the principal investigator
2008,10,NA,NA,ChronicN,from Frey et al. (2014) Chronic nitrogen additions suppress decomposition and sequester soil carbon in temperate forests. Biogeochemistry 121; 305–316,frey,42.54,-72.18,NA,mixed hardwood,hardwood,exp,highN,1988,PH,DECD,NA,b5,mineral,20-30,NA,NA,NA,NA,1,3.34,NA,0.16,NA,4.095,4.095342682,0,Corrected for rock volume by the principal investigator
2008,10,NA,NA,ChronicN,from Frey et al. (2014) Chronic nitrogen additions suppress decomposition and sequester soil carbon in temperate forests. Biogeochemistry 121; 305–316,frey,42.54,-72.18,NA,mixed hardwood,hardwood,exp,highN,1988,PH,DECD,NA,d4,mineral,20-30,NA,NA,NA,NA,1,2.6,NA,0.13,NA,4.301,4.300516351,0,Corrected for rock volume by the principal investigator
2008,10,NA,NA,ChronicN,from Frey et al. (2014) Chronic nitrogen additions suppress decomposition and sequester soil carbon in temperate forests. Biogeochemistry 121; 305–316,frey,42.54,-72.18,NA,mixed hardwood,hardwood,exp,highN,1988,PH,DECD,NA,e5,mineral,20-30,NA,NA,NA,NA,1,3.75,NA,0.16,NA,3.318,3.317767557,0,Corrected for rock volume by the principal investigator
2008,10,NA,NA,ChronicN,from Frey et al. (2014) Chronic nitrogen additions suppress decomposition and sequester soil carbon in temperate forests. Biogeochemistry 121; 305–316,frey,42.54,-72.18,NA,mixed hardwood,hardwood,exp,lowN,1988,PH,DECD,NA,b2,mineral,20-30,NA,NA,NA,NA,1,1.72,NA,0.1,NA,2.822,2.821904574,0,Corrected for rock volume by the principal investigator
2008,10,NA,NA,ChronicN,from Frey et al. (2014) Chronic nitrogen additions suppress decomposition and sequester soil carbon in temperate forests. Biogeochemistry 121; 305–316,frey,42.54,-72.18,NA,mixed hardwood,hardwood,exp,lowN,1988,PH,DECD,NA,b5,mineral,20-30,NA,NA,NA,NA,1,0.97,NA,0.06,NA,1.291,1.290632883,0,Corrected for rock volume by the principal investigator
2008,10,NA,NA,ChronicN,from Frey et al. (2014) Chronic nitrogen additions suppress decomposition and sequester soil carbon in temperate forests. Biogeochemistry 121; 305–316,frey,42.54,-72.18,NA,mixed hardwood,hardwood,exp,lowN,1988,PH,DECD,NA,c5,mineral,20-30,NA,NA,NA,NA,1,0.93,NA,0.05,NA,1.426,1.426213425,0,Corrected for rock volume by the principal investigator
2008,10,NA,NA,ChronicN,from Frey et al. (2014) Chronic nitrogen additions suppress decomposition and sequester soil carbon in temperate forests. Biogeochemistry 121; 305–316,frey,42.54,-72.18,NA,mixed hardwood,hardwood,exp,lowN,1988,PH,DECD,NA,d2,mineral,20-30,NA,NA,NA,NA,1,1.39,NA,0.09,NA,2.047,2.047329082,0,Corrected for rock volume by the principal investigator
2008,10,NA,NA,ChronicN,from Frey et al. (2014) Chronic nitrogen additions suppress decomposition and sequester soil carbon in temperate forests. Biogeochemistry 121; 305–316,frey,42.54,-72.18,NA,mixed hardwood,hardwood,exp,lowN,1988,PH,DECD,NA,e5,mineral,20-30,NA,NA,NA,NA,1,2,NA,0.11,NA,2.973,2.972602353,0,Corrected for rock volume by the principal investigator
2008,10,NA,NA,ChronicN,from Frey et al. (2014) Chronic nitrogen additions suppress decomposition and sequester soil carbon in temperate forests. Biogeochemistry 121; 305–316,frey,42.54,-72.18,NA,mixed hardwood,hardwood,exp,control,1988,PH,DECD,NA,b2,mineral,20-30,NA,NA,NA,NA,1,1.28,NA,0.08,NA,1.68,1.680169295,1,Corrected for rock volume by the principal investigator
2008,10,NA,NA,ChronicN,from Frey et al. (2014) Chronic nitrogen additions suppress decomposition and sequester soil carbon in temperate forests. Biogeochemistry 121; 305–316,frey,42.54,-72.18,NA,mixed hardwood,hardwood,exp,control,1988,PH,DECD,NA,b5,mineral,20-30,NA,NA,NA,NA,1,1.58,NA,0.1,NA,1.274,1.27378549,1,Corrected for rock volume by the principal investigator
2008,10,NA,NA,ChronicN,from Frey et al. (2014) Chronic nitrogen additions suppress decomposition and sequester soil carbon in temperate forests. Biogeochemistry 121; 305–316,frey,42.54,-72.18,NA,mixed hardwood,hardwood,exp,control,1988,PH,DECD,NA,c2,mineral,20-30,NA,NA,NA,NA,1,1.23,NA,0.08,NA,2.264,2.264399424,1,Corrected for rock volume by the principal investigator
2008,10,NA,NA,ChronicN,from Frey et al. (2014) Chronic nitrogen additions suppress decomposition and sequester soil carbon in temperate forests. Biogeochemistry 121; 305–316,frey,42.54,-72.18,NA,mixed hardwood,hardwood,exp,control,1988,PH,DECD,NA,c5,mineral,20-30,NA,NA,NA,NA,1,2.18,NA,0.1,NA,1.165,1.165396716,1,Corrected for rock volume by the principal investigator
2008,10,NA,NA,ChronicN,from Frey et al. (2014) Chronic nitrogen additions suppress decomposition and sequester soil carbon in temperate forests. Biogeochemistry 121; 305–316,frey,42.54,-72.18,NA,mixed hardwood,hardwood,exp,control,1988,PH,DECD,NA,e2,mineral,20-30,NA,NA,NA,NA,1,1.28,NA,0.07,NA,1.247,1.24713411,1,Corrected for rock volume by the principal investigator
2008,10,NA,NA,ChronicN,from Frey et al. (2014) Chronic nitrogen additions suppress decomposition and sequester soil carbon in temperate forests. Biogeochemistry 121; 305–316,frey,42.54,-72.18,NA,mixed hardwood,hardwood,exp,control,1988,PH,DECD,NA,e5,mineral,20-30,NA,NA,NA,NA,1,1.47,NA,0.08,NA,2.048,2.047572585,1,Corrected for rock volume by the principal investigator
2008,10,NA,NA,ChronicN,from Frey et al. (2014) Chronic nitrogen additions suppress decomposition and sequester soil carbon in temperate forests. Biogeochemistry 121; 305–316,frey,42.54,-72.18,NA,mixed hardwood,hardwood,exp,highN,1988,PH,DECD,NA,d4,mineral,30-40,NA,NA,NA,NA,1,2.15,NA,0.12,NA,2.579,2.578895912,0,Corrected for rock volume by the principal investigator
2008,10,NA,NA,ChronicN,from Frey et al. (2014) Chronic nitrogen additions suppress decomposition and sequester soil carbon in temperate forests. Biogeochemistry 121; 305–316,frey,42.54,-72.18,NA,mixed hardwood,hardwood,exp,highN,1988,PH,DECD,NA,e5,mineral,30-40,NA,NA,NA,NA,1,2.66,NA,0.15,NA,2.579,2.578866285,0,Corrected for rock volume by the principal investigator
2008,10,NA,NA,ChronicN,from Frey et al. (2014) Chronic nitrogen additions suppress decomposition and sequester soil carbon in temperate forests. Biogeochemistry 121; 305–316,frey,42.54,-72.18,NA,mixed hardwood,hardwood,exp,lowN,1988,PH,DECD,NA,b2,mineral,30-40,NA,NA,NA,NA,1,1.17,NA,0.07,NA,1.202,1.202022234,0,Corrected for rock volume by the principal investigator
2008,10,NA,NA,ChronicN,from Frey et al. (2014) Chronic nitrogen additions suppress decomposition and sequester soil carbon in temperate forests. Biogeochemistry 121; 305–316,frey,42.54,-72.18,NA,mixed hardwood,hardwood,exp,lowN,1988,PH,DECD,NA,b5,mineral,30-40,NA,NA,NA,NA,1,0.8,NA,0.05,NA,0.988,0.987579357,0,Corrected for rock volume by the principal investigator
2008,10,NA,NA,ChronicN,from Frey et al. (2014) Chronic nitrogen additions suppress decomposition and sequester soil carbon in temperate forests. Biogeochemistry 121; 305–316,frey,42.54,-72.18,NA,mixed hardwood,hardwood,exp,lowN,1988,PH,DECD,NA,c5,mineral,30-40,NA,NA,NA,NA,1,0.81,NA,0.05,NA,0.844,0.84449483,0,Corrected for rock volume by the principal investigator
2008,10,NA,NA,ChronicN,from Frey et al. (2014) Chronic nitrogen additions suppress decomposition and sequester soil carbon in temperate forests. Biogeochemistry 121; 305–316,frey,42.54,-72.18,NA,mixed hardwood,hardwood,exp,lowN,1988,PH,DECD,NA,d2,mineral,30-40,NA,NA,NA,NA,1,0.82,NA,0.05,NA,1.397,1.396690838,0,Corrected for rock volume by the principal investigator
2008,10,NA,NA,ChronicN,from Frey et al. (2014) Chronic nitrogen additions suppress decomposition and sequester soil carbon in temperate forests. Biogeochemistry 121; 305–316,frey,42.54,-72.18,NA,mixed hardwood,hardwood,exp,lowN,1988,PH,DECD,NA,e2,mineral,30-40,NA,NA,NA,NA,1,4.56,NA,0.2,NA,3.832,3.831758698,0,Corrected for rock volume by the principal investigator
2008,10,NA,NA,ChronicN,from Frey et al. (2014) Chronic nitrogen additions suppress decomposition and sequester soil carbon in temperate forests. Biogeochemistry 121; 305–316,frey,42.54,-72.18,NA,mixed hardwood,hardwood,exp,lowN,1988,PH,DECD,NA,e5,mineral,30-40,NA,NA,NA,NA,1,0.75,NA,0.03,NA,1.275,1.275027511,0,Corrected for rock volume by the principal investigator
2008,10,NA,NA,ChronicN,from Frey et al. (2014) Chronic nitrogen additions suppress decomposition and sequester soil carbon in temperate forests. Biogeochemistry 121; 305–316,frey,42.54,-72.18,NA,mixed hardwood,hardwood,exp,control,1988,PH,DECD,NA,b2,mineral,30-40,NA,NA,NA,NA,1,1.11,NA,0.07,NA,1.581,1.581240049,1,Corrected for rock volume by the principal investigator
2008,10,NA,NA,ChronicN,from Frey et al. (2014) Chronic nitrogen additions suppress decomposition and sequester soil carbon in temperate forests. Biogeochemistry 121; 305–316,frey,42.54,-72.18,NA,mixed hardwood,hardwood,exp,control,1988,PH,DECD,NA,c2,mineral,30-40,NA,NA,NA,NA,1,1.34,NA,0.09,NA,0.99,0.98965887,1,Corrected for rock volume by the principal investigator
2008,10,NA,NA,ChronicN,from Frey et al. (2014) Chronic nitrogen additions suppress decomposition and sequester soil carbon in temperate forests. Biogeochemistry 121; 305–316,frey,42.54,-72.18,NA,mixed hardwood,hardwood,exp,control,1988,PH,DECD,NA,e2,mineral,30-40,NA,NA,NA,NA,1,0.88,NA,0.05,NA,0.836,0.836423351,1,Corrected for rock volume by the principal investigator
2008,10,NA,NA,ChronicN,from Frey et al. (2014) Chronic nitrogen additions suppress decomposition and sequester soil carbon in temperate forests. Biogeochemistry 121; 305–316,frey,42.54,-72.18,NA,mixed hardwood,hardwood,exp,control,1988,PH,DECD,NA,e5,mineral,30-40,NA,NA,NA,NA,1,1.35,NA,0.07,NA,1.739,1.739161564,1,Corrected for rock volume by the principal investigator
2008,10,NA,NA,ChronicN,from Frey et al. (2014) Chronic nitrogen additions suppress decomposition and sequester soil carbon in temperate forests. Biogeochemistry 121; 305–316,frey,42.54,-72.18,NA,mixed hardwood,hardwood,exp,highN,1988,PH,DECD,NA,b5,organic,Oa,NA,NA,NA,NA,1,29.61,NA,1.14,NA,1.984,1.983796355,0,Corrected for rock volume by the principal investigator
2008,10,NA,NA,ChronicN,from Frey et al. (2014) Chronic nitrogen additions suppress decomposition and sequester soil carbon in temperate forests. Biogeochemistry 121; 305–316,frey,42.54,-72.18,NA,mixed hardwood,hardwood,exp,highN,1988,PH,DECD,NA,c2,organic,Oa,NA,NA,NA,NA,1,21.45,NA,1.04,NA,0.633,0.632839835,0,Corrected for rock volume by the principal investigator
2008,10,NA,NA,ChronicN,from Frey et al. (2014) Chronic nitrogen additions suppress decomposition and sequester soil carbon in temperate forests. Biogeochemistry 121; 305–316,frey,42.54,-72.18,NA,mixed hardwood,hardwood,exp,highN,1988,PH,DECD,NA,d4,organic,Oa,NA,NA,NA,NA,1,22.49,NA,0.9,NA,3.059,3.059422437,0,Corrected for rock volume by the principal investigator
2008,10,NA,NA,ChronicN,from Frey et al. (2014) Chronic nitrogen additions suppress decomposition and sequester soil carbon in temperate forests. Biogeochemistry 121; 305–316,frey,42.54,-72.18,NA,mixed hardwood,hardwood,exp,highN,1988,PH,DECD,NA,e5,organic,Oa,NA,NA,NA,NA,1,36.54,NA,1.51,NA,1.423,1.423221874,0,Corrected for rock volume by the principal investigator
2008,10,NA,NA,ChronicN,from Frey et al. (2014) Chronic nitrogen additions suppress decomposition and sequester soil carbon in temperate forests. Biogeochemistry 121; 305–316,frey,42.54,-72.18,NA,mixed hardwood,hardwood,exp,lowN,1988,PH,DECD,NA,b2,organic,Oa,NA,NA,NA,NA,1,20.52,NA,0.88,NA,1.003,1.002612791,0,Corrected for rock volume by the principal investigator
2008,10,NA,NA,ChronicN,from Frey et al. (2014) Chronic nitrogen additions suppress decomposition and sequester soil carbon in temperate forests. Biogeochemistry 121; 305–316,frey,42.54,-72.18,NA,mixed hardwood,hardwood,exp,lowN,1988,PH,DECD,NA,b5,organic,Oa,NA,NA,NA,NA,1,31.79,NA,1.22,NA,1.78,1.779697458,0,Corrected for rock volume by the principal investigator
2008,10,NA,NA,ChronicN,from Frey et al. (2014) Chronic nitrogen additions suppress decomposition and sequester soil carbon in temperate forests. Biogeochemistry 121; 305–316,frey,42.54,-72.18,NA,mixed hardwood,hardwood,exp,lowN,1988,PH,DECD,NA,c5,organic,Oa,NA,NA,NA,NA,1,14.32,NA,0.55,NA,2.165,2.165024327,0,Corrected for rock volume by the principal investigator
2008,10,NA,NA,ChronicN,from Frey et al. (2014) Chronic nitrogen additions suppress decomposition and sequester soil carbon in temperate forests. Biogeochemistry 121; 305–316,frey,42.54,-72.18,NA,mixed hardwood,hardwood,exp,lowN,1988,PH,DECD,NA,d2,organic,Oa,NA,NA,NA,NA,1,23.62,NA,0.87,NA,2.444,2.44354467,0,Corrected for rock volume by the principal investigator
2008,10,NA,NA,ChronicN,from Frey et al. (2014) Chronic nitrogen additions suppress decomposition and sequester soil carbon in temperate forests. Biogeochemistry 121; 305–316,frey,42.54,-72.18,NA,mixed hardwood,hardwood,exp,lowN,1988,PH,DECD,NA,e2,organic,Oa,NA,NA,NA,NA,1,28.04,NA,1.22,NA,1.789,1.789052688,0,Corrected for rock volume by the principal investigator
2008,10,NA,NA,ChronicN,from Frey et al. (2014) Chronic nitrogen additions suppress decomposition and sequester soil carbon in temperate forests. Biogeochemistry 121; 305–316,frey,42.54,-72.18,NA,mixed hardwood,hardwood,exp,lowN,1988,PH,DECD,NA,e5,organic,Oa,NA,NA,NA,NA,1,27.17,NA,1.09,NA,1.698,1.698168376,0,Corrected for rock volume by the principal investigator
2008,10,NA,NA,ChronicN,from Frey et al. (2014) Chronic nitrogen additions suppress decomposition and sequester soil carbon in temperate forests. Biogeochemistry 121; 305–316,frey,42.54,-72.18,NA,mixed hardwood,hardwood,exp,control,1988,PH,DECD,NA,b2,organic,Oa,NA,NA,NA,NA,1,15.49,NA,0.78,NA,1.288,1.287783393,1,Corrected for rock volume by the principal investigator
2008,10,NA,NA,ChronicN,from Frey et al. (2014) Chronic nitrogen additions suppress decomposition and sequester soil carbon in temperate forests. Biogeochemistry 121; 305–316,frey,42.54,-72.18,NA,mixed hardwood,hardwood,exp,control,1988,PH,DECD,NA,b5,organic,Oa,NA,NA,NA,NA,1,21.44,NA,0.86,NA,1.351,1.350731859,1,Corrected for rock volume by the principal investigator
2008,10,NA,NA,ChronicN,from Frey et al. (2014) Chronic nitrogen additions suppress decomposition and sequester soil carbon in temperate forests. Biogeochemistry 121; 305–316,frey,42.54,-72.18,NA,mixed hardwood,hardwood,exp,control,1988,PH,DECD,NA,c2,organic,Oa,NA,NA,NA,NA,1,27.86,NA,1,NA,1.683,1.683470713,1,Corrected for rock volume by the principal investigator
2008,10,NA,NA,ChronicN,from Frey et al. (2014) Chronic nitrogen additions suppress decomposition and sequester soil carbon in temperate forests. Biogeochemistry 121; 305–316,frey,42.54,-72.18,NA,mixed hardwood,hardwood,exp,control,1988,PH,DECD,NA,c5,organic,Oa,NA,NA,NA,NA,1,11.86,NA,0.44,NA,0.888,0.888072026,1,Corrected for rock volume by the principal investigator
2008,10,NA,NA,ChronicN,from Frey et al. (2014) Chronic nitrogen additions suppress decomposition and sequester soil carbon in temperate forests. Biogeochemistry 121; 305–316,frey,42.54,-72.18,NA,mixed hardwood,hardwood,exp,control,1988,PH,DECD,NA,e2,organic,Oa,NA,NA,NA,NA,1,20.11,NA,1.09,NA,1.497,1.496767589,1,Corrected for rock volume by the principal investigator
2008,10,NA,NA,ChronicN,from Frey et al. (2014) Chronic nitrogen additions suppress decomposition and sequester soil carbon in temperate forests. Biogeochemistry 121; 305–316,frey,42.54,-72.18,NA,mixed hardwood,hardwood,exp,control,1988,PH,DECD,NA,e5,organic,Oa,NA,NA,NA,NA,1,14.57,NA,0.6,NA,1.353,1.353437122,1,Corrected for rock volume by the principal investigator
2008,10,NA,NA,ChronicN,from Frey et al. (2014) Chronic nitrogen additions suppress decomposition and sequester soil carbon in temperate forests. Biogeochemistry 121; 305–316,frey,42.54,-72.18,NA,mixed hardwood,hardwood,exp,highN,1988,PH,DECD,NA,b5,organic,Oe,NA,NA,NA,NA,1,45.48,NA,2.15,NA,3.214,3.213572003,0,Corrected for rock volume by the principal investigator
2008,10,NA,NA,ChronicN,from Frey et al. (2014) Chronic nitrogen additions suppress decomposition and sequester soil carbon in temperate forests. Biogeochemistry 121; 305–316,frey,42.54,-72.18,NA,mixed hardwood,hardwood,exp,highN,1988,PH,DECD,NA,c2,organic,Oe,NA,NA,NA,NA,1,44.63,NA,2.01,NA,2.919,2.919168604,0,Corrected for rock volume by the principal investigator
2008,10,NA,NA,ChronicN,from Frey et al. (2014) Chronic nitrogen additions suppress decomposition and sequester soil carbon in temperate forests. Biogeochemistry 121; 305–316,frey,42.54,-72.18,NA,mixed hardwood,hardwood,exp,highN,1988,PH,DECD,NA,d4,organic,Oe,NA,NA,NA,NA,1,62.611,NA,1.79,NA,3.566,3.565659142,0,Corrected for rock volume by the principal investigator
2008,10,NA,NA,ChronicN,from Frey et al. (2014) Chronic nitrogen additions suppress decomposition and sequester soil carbon in temperate forests. Biogeochemistry 121; 305–316,frey,42.54,-72.18,NA,mixed hardwood,hardwood,exp,highN,1988,PH,DECD,NA,e5,organic,Oe,NA,NA,NA,NA,1,46.985,NA,2.25,NA,4.884,4.884034008,0,Corrected for rock volume by the principal investigator
2008,10,NA,NA,ChronicN,from Frey et al. (2014) Chronic nitrogen additions suppress decomposition and sequester soil carbon in temperate forests. Biogeochemistry 121; 305–316,frey,42.54,-72.18,NA,mixed hardwood,hardwood,exp,lowN,1988,PH,DECD,NA,b2,organic,Oe,NA,NA,NA,NA,1,45.63,NA,2,NA,2.081,2.081218158,0,Corrected for rock volume by the principal investigator
2008,10,NA,NA,ChronicN,from Frey et al. (2014) Chronic nitrogen additions suppress decomposition and sequester soil carbon in temperate forests. Biogeochemistry 121; 305–316,frey,42.54,-72.18,NA,mixed hardwood,hardwood,exp,lowN,1988,PH,DECD,NA,b5,organic,Oe,NA,NA,NA,NA,1,46.09,NA,1.99,NA,2.631,2.631107227,0,Corrected for rock volume by the principal investigator
2008,10,NA,NA,ChronicN,from Frey et al. (2014) Chronic nitrogen additions suppress decomposition and sequester soil carbon in temperate forests. Biogeochemistry 121; 305–316,frey,42.54,-72.18,NA,mixed hardwood,hardwood,exp,lowN,1988,PH,DECD,NA,c5,organic,Oe,NA,NA,NA,NA,1,43.34,NA,2.26,NA,0.909,0.909409402,0,Corrected for rock volume by the principal investigator
2008,10,NA,NA,ChronicN,from Frey et al. (2014) Chronic nitrogen additions suppress decomposition and sequester soil carbon in temperate forests. Biogeochemistry 121; 305–316,frey,42.54,-72.18,NA,mixed hardwood,hardwood,exp,lowN,1988,PH,DECD,NA,d2,organic,Oe,NA,NA,NA,NA,1,42.42,NA,2.1,NA,2.708,2.70775864,0,Corrected for rock volume by the principal investigator
2008,10,NA,NA,ChronicN,from Frey et al. (2014) Chronic nitrogen additions suppress decomposition and sequester soil carbon in temperate forests. Biogeochemistry 121; 305–316,frey,42.54,-72.18,NA,mixed hardwood,hardwood,exp,lowN,1988,PH,DECD,NA,e2,organic,Oe,NA,NA,NA,NA,1,40.97,NA,1.94,NA,1.986,1.985798057,0,Corrected for rock volume by the principal investigator
2008,10,NA,NA,ChronicN,from Frey et al. (2014) Chronic nitrogen additions suppress decomposition and sequester soil carbon in temperate forests. Biogeochemistry 121; 305–316,frey,42.54,-72.18,NA,mixed hardwood,hardwood,exp,lowN,1988,PH,DECD,NA,e5,organic,Oe,NA,NA,NA,NA,1,43.96,NA,1.96,NA,2.821,2.821454003,0,Corrected for rock volume by the principal investigator
2008,10,NA,NA,ChronicN,from Frey et al. (2014) Chronic nitrogen additions suppress decomposition and sequester soil carbon in temperate forests. Biogeochemistry 121; 305–316,frey,42.54,-72.18,NA,mixed hardwood,hardwood,exp,control,1988,PH,DECD,NA,b2,organic,Oe,NA,NA,NA,NA,1,39.65,NA,1.58,NA,1.266,1.266132258,1,Corrected for rock volume by the principal investigator
2008,10,NA,NA,ChronicN,from Frey et al. (2014) Chronic nitrogen additions suppress decomposition and sequester soil carbon in temperate forests. Biogeochemistry 121; 305–316,frey,42.54,-72.18,NA,mixed hardwood,hardwood,exp,control,1988,PH,DECD,NA,b5,organic,Oe,NA,NA,NA,NA,1,29.94,NA,1.3,NA,1.699,1.699461582,1,Corrected for rock volume by the principal investigator
2008,10,NA,NA,ChronicN,from Frey et al. (2014) Chronic nitrogen additions suppress decomposition and sequester soil carbon in temperate forests. Biogeochemistry 121; 305–316,frey,42.54,-72.18,NA,mixed hardwood,hardwood,exp,control,1988,PH,DECD,NA,c2,organic,Oe,NA,NA,NA,NA,1,44.94,NA,1.84,NA,1.768,1.768258448,1,Corrected for rock volume by the principal investigator
2008,10,NA,NA,ChronicN,from Frey et al. (2014) Chronic nitrogen additions suppress decomposition and sequester soil carbon in temperate forests. Biogeochemistry 121; 305–316,frey,42.54,-72.18,NA,mixed hardwood,hardwood,exp,control,1988,PH,DECD,NA,c5,organic,Oe,NA,NA,NA,NA,1,38.19,NA,1.52,NA,0.878,0.877514766,1,Corrected for rock volume by the principal investigator
2008,10,NA,NA,ChronicN,from Frey et al. (2014) Chronic nitrogen additions suppress decomposition and sequester soil carbon in temperate forests. Biogeochemistry 121; 305–316,frey,42.54,-72.18,NA,mixed hardwood,hardwood,exp,control,1988,PH,DECD,NA,e2,organic,Oe,NA,NA,NA,NA,1,37.185,NA,1.79,NA,0.706,0.70582155,1,Corrected for rock volume by the principal investigator
2008,10,NA,NA,ChronicN,from Frey et al. (2014) Chronic nitrogen additions suppress decomposition and sequester soil carbon in temperate forests. Biogeochemistry 121; 305–316,frey,42.54,-72.18,NA,mixed hardwood,hardwood,exp,control,1988,PH,DECD,NA,e5,organic,Oe,NA,NA,NA,NA,1,37.7,NA,1.93,NA,0.812,0.811612039,1,Corrected for rock volume by the principal investigator
2008,10,NA,NA,ChronicN,from Frey et al. (2014) Chronic nitrogen additions suppress decomposition and sequester soil carbon in temperate forests. Biogeochemistry 121; 305–316,frey,42.54,-72.18,NA,red pine plantation,conifer,exp,highN,1988,PH,DECD,NA,c4,mineral,0-10,NA,NA,NA,NA,1,3.389,NA,0.209,NA,3.471,3.471093467,0,Corrected for rock volume by the principal investigator
2008,10,NA,NA,ChronicN,from Frey et al. (2014) Chronic nitrogen additions suppress decomposition and sequester soil carbon in temperate forests. Biogeochemistry 121; 305–316,frey,42.54,-72.18,NA,red pine plantation,conifer,exp,highN,1988,PH,PIRE,NA,c5,mineral,0-10,NA,NA,NA,NA,1,4.8,NA,0.269,NA,4.505,4.504551208,0,Corrected for rock volume by the principal investigator
2008,10,NA,NA,ChronicN,from Frey et al. (2014) Chronic nitrogen additions suppress decomposition and sequester soil carbon in temperate forests. Biogeochemistry 121; 305–316,frey,42.54,-72.18,NA,red pine plantation,conifer,exp,highN,1988,PH,PIRE,NA,d5,mineral,0-10,NA,NA,NA,NA,1,4.43,NA,0.254,NA,4.518,4.518041678,0,Corrected for rock volume by the principal investigator
2008,10,NA,NA,ChronicN,from Frey et al. (2014) Chronic nitrogen additions suppress decomposition and sequester soil carbon in temperate forests. Biogeochemistry 121; 305–316,frey,42.54,-72.18,NA,red pine plantation,conifer,exp,highN,1988,PH,PIRE,NA,e2,mineral,0-10,NA,NA,NA,NA,1,4.29,NA,0.193,NA,4.727,4.727059505,0,Corrected for rock volume by the principal investigator
2008,10,NA,NA,ChronicN,from Frey et al. (2014) Chronic nitrogen additions suppress decomposition and sequester soil carbon in temperate forests. Biogeochemistry 121; 305–316,frey,42.54,-72.18,NA,red pine plantation,conifer,exp,lowN,1988,PH,PIRE,NA,b2,mineral,0-10,NA,NA,NA,NA,1,4.12,NA,0.209,NA,4.375,4.374720431,0,Corrected for rock volume by the principal investigator
2008,10,NA,NA,ChronicN,from Frey et al. (2014) Chronic nitrogen additions suppress decomposition and sequester soil carbon in temperate forests. Biogeochemistry 121; 305–316,frey,42.54,-72.18,NA,red pine plantation,conifer,exp,lowN,1988,PH,PIRE,NA,c2,mineral,0-10,NA,NA,NA,NA,1,4.494,NA,0.316,NA,4.635,4.635120407,0,Corrected for rock volume by the principal investigator
2008,10,NA,NA,ChronicN,from Frey et al. (2014) Chronic nitrogen additions suppress decomposition and sequester soil carbon in temperate forests. Biogeochemistry 121; 305–316,frey,42.54,-72.18,NA,red pine plantation,conifer,exp,lowN,1988,PH,PIRE,NA,c5,mineral,0-10,NA,NA,NA,NA,1,4.706,NA,0.194,NA,4.218,4.217564618,0,Corrected for rock volume by the principal investigator
2008,10,NA,NA,ChronicN,from Frey et al. (2014) Chronic nitrogen additions suppress decomposition and sequester soil carbon in temperate forests. Biogeochemistry 121; 305–316,frey,42.54,-72.18,NA,red pine plantation,conifer,exp,lowN,1988,PH,PIRE,NA,d5,mineral,0-10,NA,NA,NA,NA,1,4.263,NA,0.188,NA,4.285,4.285204586,0,Corrected for rock volume by the principal investigator
2008,10,NA,NA,ChronicN,from Frey et al. (2014) Chronic nitrogen additions suppress decomposition and sequester soil carbon in temperate forests. Biogeochemistry 121; 305–316,frey,42.54,-72.18,NA,red pine plantation,conifer,exp,lowN,1988,PH,PIRE,NA,e2,mineral,0-10,NA,NA,NA,NA,1,4.016,NA,0.213,NA,3.92,3.919838829,0,Corrected for rock volume by the principal investigator
2008,10,NA,NA,ChronicN,from Frey et al. (2014) Chronic nitrogen additions suppress decomposition and sequester soil carbon in temperate forests. Biogeochemistry 121; 305–316,frey,42.54,-72.18,NA,red pine plantation,conifer,exp,lowN,1988,PH,PIRE,NA,e5,mineral,0-10,NA,NA,NA,NA,1,4.751,NA,0.239,NA,5.147,5.146620231,0,Corrected for rock volume by the principal investigator
2008,10,NA,NA,ChronicN,from Frey et al. (2014) Chronic nitrogen additions suppress decomposition and sequester soil carbon in temperate forests. Biogeochemistry 121; 305–316,frey,42.54,-72.18,NA,red pine plantation,conifer,exp,control,1988,PH,PIRE,NA,b2,mineral,0-10,NA,NA,NA,NA,1,5.138,NA,0.303,NA,4.905,4.905121946,1,Corrected for rock volume by the principal investigator
2008,10,NA,NA,ChronicN,from Frey et al. (2014) Chronic nitrogen additions suppress decomposition and sequester soil carbon in temperate forests. Biogeochemistry 121; 305–316,frey,42.54,-72.18,NA,red pine plantation,conifer,exp,control,1988,PH,PIRE,NA,b5,mineral,0-10,NA,NA,NA,NA,1,4.235,NA,0.209,NA,4.215,4.215171336,1,Corrected for rock volume by the principal investigator
2008,10,NA,NA,ChronicN,from Frey et al. (2014) Chronic nitrogen additions suppress decomposition and sequester soil carbon in temperate forests. Biogeochemistry 121; 305–316,frey,42.54,-72.18,NA,red pine plantation,conifer,exp,control,1988,PH,PIRE,NA,c2,mineral,0-10,NA,NA,NA,NA,1,4.328,NA,0.305,NA,3.72,3.720050472,1,Corrected for rock volume by the principal investigator
2008,10,NA,NA,ChronicN,from Frey et al. (2014) Chronic nitrogen additions suppress decomposition and sequester soil carbon in temperate forests. Biogeochemistry 121; 305–316,frey,42.54,-72.18,NA,red pine plantation,conifer,exp,control,1988,PH,PIRE,NA,d5,mineral,0-10,NA,NA,NA,NA,1,4.924,NA,0.262,NA,4.551,4.550751297,1,Corrected for rock volume by the principal investigator
2008,10,NA,NA,ChronicN,from Frey et al. (2014) Chronic nitrogen additions suppress decomposition and sequester soil carbon in temperate forests. Biogeochemistry 121; 305–316,frey,42.54,-72.18,NA,red pine plantation,conifer,exp,control,1988,PH,PIRE,NA,e2,mineral,0-10,NA,NA,NA,NA,1,4.642,NA,0.246,NA,4.113,4.112976969,1,Corrected for rock volume by the principal investigator
2008,10,NA,NA,ChronicN,from Frey et al. (2014) Chronic nitrogen additions suppress decomposition and sequester soil carbon in temperate forests. Biogeochemistry 121; 305–316,frey,42.54,-72.18,NA,red pine plantation,conifer,exp,control,1988,PH,PIRE,NA,e5,mineral,0-10,NA,NA,NA,NA,1,5.389,NA,0.324,NA,5.035,5.03473204,1,Corrected for rock volume by the principal investigator
2008,10,NA,NA,ChronicN,from Frey et al. (2014) Chronic nitrogen additions suppress decomposition and sequester soil carbon in temperate forests. Biogeochemistry 121; 305–316,frey,42.54,-72.18,NA,red pine plantation,conifer,exp,highN,1988,PH,PIRE,NA,c4,mineral,20-Oct,NA,NA,NA,NA,1,2.042,NA,0.104,NA,2.845,2.84544856,0,Corrected for rock volume by the principal investigator
2008,10,NA,NA,ChronicN,from Frey et al. (2014) Chronic nitrogen additions suppress decomposition and sequester soil carbon in temperate forests. Biogeochemistry 121; 305–316,frey,42.54,-72.18,NA,red pine plantation,conifer,exp,highN,1988,PH,PIRE,NA,c5,mineral,20-Oct,NA,NA,NA,NA,1,2.697,NA,0.15,NA,3.622,3.622444669,0,Corrected for rock volume by the principal investigator
2008,10,NA,NA,ChronicN,from Frey et al. (2014) Chronic nitrogen additions suppress decomposition and sequester soil carbon in temperate forests. Biogeochemistry 121; 305–316,frey,42.54,-72.18,NA,red pine plantation,conifer,exp,highN,1988,PH,PIRE,NA,d5,mineral,20-Oct,NA,NA,NA,NA,1,2.923,NA,0.148,NA,3.027,3.027208216,0,Corrected for rock volume by the principal investigator
2008,10,NA,NA,ChronicN,from Frey et al. (2014) Chronic nitrogen additions suppress decomposition and sequester soil carbon in temperate forests. Biogeochemistry 121; 305–316,frey,42.54,-72.18,NA,red pine plantation,conifer,exp,highN,1988,PH,PIRE,NA,e2,mineral,20-Oct,NA,NA,NA,NA,1,2.461,NA,0.122,NA,2.349,2.348508253,0,Corrected for rock volume by the principal investigator
2008,10,NA,NA,ChronicN,from Frey et al. (2014) Chronic nitrogen additions suppress decomposition and sequester soil carbon in temperate forests. Biogeochemistry 121; 305–316,frey,42.54,-72.18,NA,red pine plantation,conifer,exp,lowN,1988,PH,PIRE,NA,b2,mineral,20-Oct,NA,NA,NA,NA,1,2.606,NA,0.12,NA,2.961,2.960671804,0,Corrected for rock volume by the principal investigator
2008,10,NA,NA,ChronicN,from Frey et al. (2014) Chronic nitrogen additions suppress decomposition and sequester soil carbon in temperate forests. Biogeochemistry 121; 305–316,frey,42.54,-72.18,NA,red pine plantation,conifer,exp,lowN,1988,PH,PIRE,NA,c2,mineral,20-Oct,NA,NA,NA,NA,1,2.075,NA,0.102,NA,1.89,1.889830185,0,Corrected for rock volume by the principal investigator
2008,10,NA,NA,ChronicN,from Frey et al. (2014) Chronic nitrogen additions suppress decomposition and sequester soil carbon in temperate forests. Biogeochemistry 121; 305–316,frey,42.54,-72.18,NA,red pine plantation,conifer,exp,lowN,1988,PH,PIRE,NA,c5,mineral,20-Oct,NA,NA,NA,NA,1,4.544,NA,0.16,NA,5.505,5.504835936,0,Corrected for rock volume by the principal investigator
2008,10,NA,NA,ChronicN,from Frey et al. (2014) Chronic nitrogen additions suppress decomposition and sequester soil carbon in temperate forests. Biogeochemistry 121; 305–316,frey,42.54,-72.18,NA,red pine plantation,conifer,exp,lowN,1988,PH,PIRE,NA,d5,mineral,20-Oct,NA,NA,NA,NA,1,2.988,NA,0.121,NA,3.043,3.04281509,0,Corrected for rock volume by the principal investigator
2008,10,NA,NA,ChronicN,from Frey et al. (2014) Chronic nitrogen additions suppress decomposition and sequester soil carbon in temperate forests. Biogeochemistry 121; 305–316,frey,42.54,-72.18,NA,red pine plantation,conifer,exp,lowN,1988,PH,PIRE,NA,e2,mineral,20-Oct,NA,NA,NA,NA,1,1.805,NA,0.08,NA,2.707,2.707174538,0,Corrected for rock volume by the principal investigator
2008,10,NA,NA,ChronicN,from Frey et al. (2014) Chronic nitrogen additions suppress decomposition and sequester soil carbon in temperate forests. Biogeochemistry 121; 305–316,frey,42.54,-72.18,NA,red pine plantation,conifer,exp,lowN,1988,PH,PIRE,NA,e5,mineral,20-Oct,NA,NA,NA,NA,1,3.548,NA,0.137,NA,4.164,4.163942575,0,Corrected for rock volume by the principal investigator
2008,10,NA,NA,ChronicN,from Frey et al. (2014) Chronic nitrogen additions suppress decomposition and sequester soil carbon in temperate forests. Biogeochemistry 121; 305–316,frey,42.54,-72.18,NA,red pine plantation,conifer,exp,control,1988,PH,PIRE,NA,b2,mineral,20-Oct,NA,NA,NA,NA,1,4.109,NA,0.196,NA,4.476,4.475543736,1,Corrected for rock volume by the principal investigator
2008,10,NA,NA,ChronicN,from Frey et al. (2014) Chronic nitrogen additions suppress decomposition and sequester soil carbon in temperate forests. Biogeochemistry 121; 305–316,frey,42.54,-72.18,NA,red pine plantation,conifer,exp,control,1988,PH,PIRE,NA,b5,mineral,20-Oct,NA,NA,NA,NA,1,2.63,NA,0.129,NA,2.947,2.947385395,1,Corrected for rock volume by the principal investigator
2008,10,NA,NA,ChronicN,from Frey et al. (2014) Chronic nitrogen additions suppress decomposition and sequester soil carbon in temperate forests. Biogeochemistry 121; 305–316,frey,42.54,-72.18,NA,red pine plantation,conifer,exp,control,1988,PH,PIRE,NA,c2,mineral,20-Oct,NA,NA,NA,NA,1,2.034,NA,0.1,NA,2.721,2.7212397,1,Corrected for rock volume by the principal investigator
2008,10,NA,NA,ChronicN,from Frey et al. (2014) Chronic nitrogen additions suppress decomposition and sequester soil carbon in temperate forests. Biogeochemistry 121; 305–316,frey,42.54,-72.18,NA,red pine plantation,conifer,exp,control,1988,PH,PIRE,NA,d5,mineral,20-Oct,NA,NA,NA,NA,1,2.238,NA,0.11,NA,2.988,2.987788203,1,Corrected for rock volume by the principal investigator
2008,10,NA,NA,ChronicN,from Frey et al. (2014) Chronic nitrogen additions suppress decomposition and sequester soil carbon in temperate forests. Biogeochemistry 121; 305–316,frey,42.54,-72.18,NA,red pine plantation,conifer,exp,control,1988,PH,PIRE,NA,e2,mineral,20-Oct,NA,NA,NA,NA,1,3.092,NA,0.174,NA,3.849,3.849149852,1,Corrected for rock volume by the principal investigator
2008,10,NA,NA,ChronicN,from Frey et al. (2014) Chronic nitrogen additions suppress decomposition and sequester soil carbon in temperate forests. Biogeochemistry 121; 305–316,frey,42.54,-72.18,NA,red pine plantation,conifer,exp,control,1988,PH,PIRE,NA,e5,mineral,20-Oct,NA,NA,NA,NA,1,3.109,NA,0.145,NA,3.651,3.650925967,1,Corrected for rock volume by the principal investigator
2008,10,NA,NA,ChronicN,from Frey et al. (2014) Chronic nitrogen additions suppress decomposition and sequester soil carbon in temperate forests. Biogeochemistry 121; 305–316,frey,42.54,-72.18,NA,red pine plantation,conifer,exp,highN,1988,PH,PIRE,NA,c4,mineral,20-30,NA,NA,NA,NA,1,1.74,NA,0.081,NA,2.312,2.311980813,0,Corrected for rock volume by the principal investigator
2008,10,NA,NA,ChronicN,from Frey et al. (2014) Chronic nitrogen additions suppress decomposition and sequester soil carbon in temperate forests. Biogeochemistry 121; 305–316,frey,42.54,-72.18,NA,red pine plantation,conifer,exp,highN,1988,PH,PIRE,NA,c5,mineral,20-30,NA,NA,NA,NA,1,1.443,NA,0.077,NA,2.161,2.160599684,0,Corrected for rock volume by the principal investigator
2008,10,NA,NA,ChronicN,from Frey et al. (2014) Chronic nitrogen additions suppress decomposition and sequester soil carbon in temperate forests. Biogeochemistry 121; 305–316,frey,42.54,-72.18,NA,red pine plantation,conifer,exp,highN,1988,PH,PIRE,NA,d5,mineral,20-30,NA,NA,NA,NA,1,1.855,NA,0.087,NA,2.582,2.582304687,0,Corrected for rock volume by the principal investigator
2008,10,NA,NA,ChronicN,from Frey et al. (2014) Chronic nitrogen additions suppress decomposition and sequester soil carbon in temperate forests. Biogeochemistry 121; 305–316,frey,42.54,-72.18,NA,red pine plantation,conifer,exp,highN,1988,PH,PIRE,NA,e2,mineral,20-30,NA,NA,NA,NA,1,1.724,NA,0.084,NA,2.238,2.237535365,0,Corrected for rock volume by the principal investigator
2008,10,NA,NA,ChronicN,from Frey et al. (2014) Chronic nitrogen additions suppress decomposition and sequester soil carbon in temperate forests. Biogeochemistry 121; 305–316,frey,42.54,-72.18,NA,red pine plantation,conifer,exp,lowN,1988,PH,PIRE,NA,b2,mineral,20-30,NA,NA,NA,NA,1,1.588,NA,0.073,NA,1.948,1.948369857,0,Corrected for rock volume by the principal investigator
2008,10,NA,NA,ChronicN,from Frey et al. (2014) Chronic nitrogen additions suppress decomposition and sequester soil carbon in temperate forests. Biogeochemistry 121; 305–316,frey,42.54,-72.18,NA,red pine plantation,conifer,exp,lowN,1988,PH,PIRE,NA,c2,mineral,20-30,NA,NA,NA,NA,1,1.343,NA,0.066,NA,1.442,1.441520673,0,Corrected for rock volume by the principal investigator
2008,10,NA,NA,ChronicN,from Frey et al. (2014) Chronic nitrogen additions suppress decomposition and sequester soil carbon in temperate forests. Biogeochemistry 121; 305–316,frey,42.54,-72.18,NA,red pine plantation,conifer,exp,lowN,1988,PH,PIRE,NA,d5,mineral,20-30,NA,NA,NA,NA,1,3.229,NA,0.147,NA,1.729,1.728651804,0,Corrected for rock volume by the principal investigator
2008,10,NA,NA,ChronicN,from Frey et al. (2014) Chronic nitrogen additions suppress decomposition and sequester soil carbon in temperate forests. Biogeochemistry 121; 305–316,frey,42.54,-72.18,NA,red pine plantation,conifer,exp,lowN,1988,PH,PIRE,NA,e2,mineral,20-30,NA,NA,NA,NA,1,1.125,NA,0.057,NA,1.657,1.657320718,0,Corrected for rock volume by the principal investigator
2008,10,NA,NA,ChronicN,from Frey et al. (2014) Chronic nitrogen additions suppress decomposition and sequester soil carbon in temperate forests. Biogeochemistry 121; 305–316,frey,42.54,-72.18,NA,red pine plantation,conifer,exp,lowN,1988,PH,PIRE,NA,e5,mineral,20-30,NA,NA,NA,NA,1,2.277,NA,0.081,NA,3.009,3.008917069,0,Corrected for rock volume by the principal investigator
2008,10,NA,NA,ChronicN,from Frey et al. (2014) Chronic nitrogen additions suppress decomposition and sequester soil carbon in temperate forests. Biogeochemistry 121; 305–316,frey,42.54,-72.18,NA,red pine plantation,conifer,exp,control,1988,PH,PIRE,NA,b2,mineral,20-30,NA,NA,NA,NA,1,3.26,NA,0.143,NA,4.249,4.24883055,1,Corrected for rock volume by the principal investigator
2008,10,NA,NA,ChronicN,from Frey et al. (2014) Chronic nitrogen additions suppress decomposition and sequester soil carbon in temperate forests. Biogeochemistry 121; 305–316,frey,42.54,-72.18,NA,red pine plantation,conifer,exp,control,1988,PH,PIRE,NA,b5,mineral,20-30,NA,NA,NA,NA,1,1.36,NA,0.058,NA,1.754,1.753577375,1,Corrected for rock volume by the principal investigator
2008,10,NA,NA,ChronicN,from Frey et al. (2014) Chronic nitrogen additions suppress decomposition and sequester soil carbon in temperate forests. Biogeochemistry 121; 305–316,frey,42.54,-72.18,NA,red pine plantation,conifer,exp,control,1988,PH,PIRE,NA,c2,mineral,20-30,NA,NA,NA,NA,1,0.929,NA,0.056,NA,1.408,1.407837186,1,Corrected for rock volume by the principal investigator
2008,10,NA,NA,ChronicN,from Frey et al. (2014) Chronic nitrogen additions suppress decomposition and sequester soil carbon in temperate forests. Biogeochemistry 121; 305–316,frey,42.54,-72.18,NA,red pine plantation,conifer,exp,control,1988,PH,PIRE,NA,d5,mineral,20-30,NA,NA,NA,NA,1,1.785,NA,0.079,NA,3.003,3.002705167,1,Corrected for rock volume by the principal investigator
2008,10,NA,NA,ChronicN,from Frey et al. (2014) Chronic nitrogen additions suppress decomposition and sequester soil carbon in temperate forests. Biogeochemistry 121; 305–316,frey,42.54,-72.18,NA,red pine plantation,conifer,exp,control,1988,PH,PIRE,NA,e2,mineral,20-30,NA,NA,NA,NA,1,2.468,NA,0.122,NA,3.287,3.286744889,1,Corrected for rock volume by the principal investigator
2008,10,NA,NA,ChronicN,from Frey et al. (2014) Chronic nitrogen additions suppress decomposition and sequester soil carbon in temperate forests. Biogeochemistry 121; 305–316,frey,42.54,-72.18,NA,red pine plantation,conifer,exp,control,1988,PH,PIRE,NA,e5,mineral,20-30,NA,NA,NA,NA,1,1.552,NA,0.088,NA,2.235,2.234564928,1,Corrected for rock volume by the principal investigator
2008,10,NA,NA,ChronicN,from Frey et al. (2014) Chronic nitrogen additions suppress decomposition and sequester soil carbon in temperate forests. Biogeochemistry 121; 305–316,frey,42.54,-72.18,NA,red pine plantation,conifer,exp,highN,1988,PH,PIRE,NA,c4,mineral,30-40,NA,NA,NA,NA,1,1.03,NA,0.05,NA,1.468,1.468023969,0,Corrected for rock volume by the principal investigator
2008,10,NA,NA,ChronicN,from Frey et al. (2014) Chronic nitrogen additions suppress decomposition and sequester soil carbon in temperate forests. Biogeochemistry 121; 305–316,frey,42.54,-72.18,NA,red pine plantation,conifer,exp,highN,1988,PH,PIRE,NA,c5,mineral,30-40,NA,NA,NA,NA,1,1.085,NA,0.05,NA,1.851,1.850833219,0,Corrected for rock volume by the principal investigator
2008,10,NA,NA,ChronicN,from Frey et al. (2014) Chronic nitrogen additions suppress decomposition and sequester soil carbon in temperate forests. Biogeochemistry 121; 305–316,frey,42.54,-72.18,NA,red pine plantation,conifer,exp,highN,1988,PH,PIRE,NA,d5,mineral,30-40,NA,NA,NA,NA,1,0.844,NA,0.05,NA,1.102,1.102456974,0,Corrected for rock volume by the principal investigator
2008,10,NA,NA,ChronicN,from Frey et al. (2014) Chronic nitrogen additions suppress decomposition and sequester soil carbon in temperate forests. Biogeochemistry 121; 305–316,frey,42.54,-72.18,NA,red pine plantation,conifer,exp,highN,1988,PH,PIRE,NA,e2,mineral,30-40,NA,NA,NA,NA,1,1.269,NA,0.08,NA,1.941,1.940996445,0,Corrected for rock volume by the principal investigator
2008,10,NA,NA,ChronicN,from Frey et al. (2014) Chronic nitrogen additions suppress decomposition and sequester soil carbon in temperate forests. Biogeochemistry 121; 305–316,frey,42.54,-72.18,NA,red pine plantation,conifer,exp,lowN,1988,PH,PIRE,NA,b2,mineral,30-40,NA,NA,NA,NA,1,1.149,NA,0.058,NA,1.219,1.218982986,0,Corrected for rock volume by the principal investigator
2008,10,NA,NA,ChronicN,from Frey et al. (2014) Chronic nitrogen additions suppress decomposition and sequester soil carbon in temperate forests. Biogeochemistry 121; 305–316,frey,42.54,-72.18,NA,red pine plantation,conifer,exp,lowN,1988,PH,PIRE,NA,c2,mineral,30-40,NA,NA,NA,NA,1,0.793,NA,0.045,NA,0.956,0.955582343,0,Corrected for rock volume by the principal investigator
2008,10,NA,NA,ChronicN,from Frey et al. (2014) Chronic nitrogen additions suppress decomposition and sequester soil carbon in temperate forests. Biogeochemistry 121; 305–316,frey,42.54,-72.18,NA,red pine plantation,conifer,exp,lowN,1988,PH,PIRE,NA,c5,mineral,30-40,NA,NA,NA,NA,1,2.813,NA,0.106,NA,4.684,4.684243357,0,Corrected for rock volume by the principal investigator
2008,10,NA,NA,ChronicN,from Frey et al. (2014) Chronic nitrogen additions suppress decomposition and sequester soil carbon in temperate forests. Biogeochemistry 121; 305–316,frey,42.54,-72.18,NA,red pine plantation,conifer,exp,lowN,1988,PH,PIRE,NA,e2,mineral,30-40,NA,NA,NA,NA,1,0.775,NA,0.05,NA,1.362,1.362442109,0,Corrected for rock volume by the principal investigator
2008,10,NA,NA,ChronicN,from Frey et al. (2014) Chronic nitrogen additions suppress decomposition and sequester soil carbon in temperate forests. Biogeochemistry 121; 305–316,frey,42.54,-72.18,NA,red pine plantation,conifer,exp,lowN,1988,PH,PIRE,NA,e5,mineral,30-40,NA,NA,NA,NA,1,1.65,NA,0.08,NA,2.122,2.121685714,0,Corrected for rock volume by the principal investigator
2008,10,NA,NA,ChronicN,from Frey et al. (2014) Chronic nitrogen additions suppress decomposition and sequester soil carbon in temperate forests. Biogeochemistry 121; 305–316,frey,42.54,-72.18,NA,red pine plantation,conifer,exp,control,1988,PH,PIRE,NA,b2,mineral,30-40,NA,NA,NA,NA,1,2.524,NA,0.113,NA,3.206,3.20554707,1,Corrected for rock volume by the principal investigator
2008,10,NA,NA,ChronicN,from Frey et al. (2014) Chronic nitrogen additions suppress decomposition and sequester soil carbon in temperate forests. Biogeochemistry 121; 305–316,frey,42.54,-72.18,NA,red pine plantation,conifer,exp,control,1988,PH,PIRE,NA,b5,mineral,30-40,NA,NA,NA,NA,1,1.067,NA,0.05,NA,1.304,1.30380314,1,Corrected for rock volume by the principal investigator
2008,10,NA,NA,ChronicN,from Frey et al. (2014) Chronic nitrogen additions suppress decomposition and sequester soil carbon in temperate forests. Biogeochemistry 121; 305–316,frey,42.54,-72.18,NA,red pine plantation,conifer,exp,control,1988,PH,PIRE,NA,c2,mineral,30-40,NA,NA,NA,NA,1,0.695,NA,0.036,NA,1.149,1.148697914,1,Corrected for rock volume by the principal investigator
2008,10,NA,NA,ChronicN,from Frey et al. (2014) Chronic nitrogen additions suppress decomposition and sequester soil carbon in temperate forests. Biogeochemistry 121; 305–316,frey,42.54,-72.18,NA,red pine plantation,conifer,exp,control,1988,PH,PIRE,NA,d5,mineral,30-40,NA,NA,NA,NA,1,1.395,NA,0.067,NA,2.196,2.19622769,1,Corrected for rock volume by the principal investigator
2008,10,NA,NA,ChronicN,from Frey et al. (2014) Chronic nitrogen additions suppress decomposition and sequester soil carbon in temperate forests. Biogeochemistry 121; 305–316,frey,42.54,-72.18,NA,red pine plantation,conifer,exp,control,1988,PH,PIRE,NA,e2,mineral,30-40,NA,NA,NA,NA,1,1.51,NA,0.103,NA,2.142,2.141652582,1,Corrected for rock volume by the principal investigator
2008,10,NA,NA,ChronicN,from Frey et al. (2014) Chronic nitrogen additions suppress decomposition and sequester soil carbon in temperate forests. Biogeochemistry 121; 305–316,frey,42.54,-72.18,NA,red pine plantation,conifer,exp,control,1988,PH,PIRE,NA,e5,mineral,30-40,NA,NA,NA,NA,1,1.222,NA,0.057,NA,1.588,1.5876984,1,Corrected for rock volume by the principal investigator
2008,10,NA,NA,ChronicN,from Frey et al. (2014) Chronic nitrogen additions suppress decomposition and sequester soil carbon in temperate forests. Biogeochemistry 121; 305–316,frey,42.54,-72.18,NA,red pine plantation,conifer,exp,highN,1988,PH,PIRE,NA,c4,organic,Oa,NA,NA,NA,NA,1,33.17,NA,1.371,NA,0.959,0.958944254,0,Corrected for rock volume by the principal investigator
2008,10,NA,NA,ChronicN,from Frey et al. (2014) Chronic nitrogen additions suppress decomposition and sequester soil carbon in temperate forests. Biogeochemistry 121; 305–316,frey,42.54,-72.18,NA,red pine plantation,conifer,exp,highN,1988,PH,PIRE,NA,c5,organic,Oa,NA,NA,NA,NA,1,28.872,NA,1.26,NA,1.096,1.095612655,0,Corrected for rock volume by the principal investigator
2008,10,NA,NA,ChronicN,from Frey et al. (2014) Chronic nitrogen additions suppress decomposition and sequester soil carbon in temperate forests. Biogeochemistry 121; 305–316,frey,42.54,-72.18,NA,red pine plantation,conifer,exp,highN,1988,PH,PIRE,NA,d5,organic,Oa,NA,NA,NA,NA,1,14.004,NA,0.618,NA,0.528,0.528393109,0,Corrected for rock volume by the principal investigator
2008,10,NA,NA,ChronicN,from Frey et al. (2014) Chronic nitrogen additions suppress decomposition and sequester soil carbon in temperate forests. Biogeochemistry 121; 305–316,frey,42.54,-72.18,NA,red pine plantation,conifer,exp,highN,1988,PH,PIRE,NA,e2,organic,Oa,NA,NA,NA,NA,1,22.738,NA,0.884,NA,1.776,1.776120019,0,Corrected for rock volume by the principal investigator
2008,10,NA,NA,ChronicN,from Frey et al. (2014) Chronic nitrogen additions suppress decomposition and sequester soil carbon in temperate forests. Biogeochemistry 121; 305–316,frey,42.54,-72.18,NA,red pine plantation,conifer,exp,lowN,1988,PH,PIRE,NA,b2,organic,Oa,NA,NA,NA,NA,1,22.883,NA,1.044,NA,1.053,1.053460045,0,Corrected for rock volume by the principal investigator
2008,10,NA,NA,ChronicN,from Frey et al. (2014) Chronic nitrogen additions suppress decomposition and sequester soil carbon in temperate forests. Biogeochemistry 121; 305–316,frey,42.54,-72.18,NA,red pine plantation,conifer,exp,lowN,1988,PH,PIRE,NA,c2,organic,Oa,NA,NA,NA,NA,1,21.615,NA,0.939,NA,0.691,0.690937726,0,Corrected for rock volume by the principal investigator
2008,10,NA,NA,ChronicN,from Frey et al. (2014) Chronic nitrogen additions suppress decomposition and sequester soil carbon in temperate forests. Biogeochemistry 121; 305–316,frey,42.54,-72.18,NA,red pine plantation,conifer,exp,lowN,1988,PH,PIRE,NA,c5,organic,Oa,NA,NA,NA,NA,1,30.354,NA,1.268,NA,1.304,1.304065327,0,Corrected for rock volume by the principal investigator
2008,10,NA,NA,ChronicN,from Frey et al. (2014) Chronic nitrogen additions suppress decomposition and sequester soil carbon in temperate forests. Biogeochemistry 121; 305–316,frey,42.54,-72.18,NA,red pine plantation,conifer,exp,lowN,1988,PH,PIRE,NA,d5,organic,Oa,NA,NA,NA,NA,1,23.173,NA,1.06,NA,1.072,1.071596072,0,Corrected for rock volume by the principal investigator
2008,10,NA,NA,ChronicN,from Frey et al. (2014) Chronic nitrogen additions suppress decomposition and sequester soil carbon in temperate forests. Biogeochemistry 121; 305–316,frey,42.54,-72.18,NA,red pine plantation,conifer,exp,lowN,1988,PH,PIRE,NA,e2,organic,Oa,NA,NA,NA,NA,1,23.272,NA,0.963,NA,0.567,0.566504141,0,Corrected for rock volume by the principal investigator
2008,10,NA,NA,ChronicN,from Frey et al. (2014) Chronic nitrogen additions suppress decomposition and sequester soil carbon in temperate forests. Biogeochemistry 121; 305–316,frey,42.54,-72.18,NA,red pine plantation,conifer,exp,lowN,1988,PH,PIRE,NA,e5,organic,Oa,NA,NA,NA,NA,1,23.688,NA,0.9,NA,1.033,1.032638894,0,Corrected for rock volume by the principal investigator
2008,10,NA,NA,ChronicN,from Frey et al. (2014) Chronic nitrogen additions suppress decomposition and sequester soil carbon in temperate forests. Biogeochemistry 121; 305–316,frey,42.54,-72.18,NA,red pine plantation,conifer,exp,control,1988,PH,PIRE,NA,b2,organic,Oa,NA,NA,NA,NA,1,11.727,NA,0.581,NA,1.481,1.480839884,1,Corrected for rock volume by the principal investigator
2008,10,NA,NA,ChronicN,from Frey et al. (2014) Chronic nitrogen additions suppress decomposition and sequester soil carbon in temperate forests. Biogeochemistry 121; 305–316,frey,42.54,-72.18,NA,red pine plantation,conifer,exp,control,1988,PH,PIRE,NA,b5,organic,Oa,NA,NA,NA,NA,1,20.494,NA,0.898,NA,2.616,2.615879173,1,Corrected for rock volume by the principal investigator
2008,10,NA,NA,ChronicN,from Frey et al. (2014) Chronic nitrogen additions suppress decomposition and sequester soil carbon in temperate forests. Biogeochemistry 121; 305–316,frey,42.54,-72.18,NA,red pine plantation,conifer,exp,control,1988,PH,PIRE,NA,c2,organic,Oa,NA,NA,NA,NA,1,19.682,NA,0.871,NA,1.704,1.70437545,1,Corrected for rock volume by the principal investigator
2008,10,NA,NA,ChronicN,from Frey et al. (2014) Chronic nitrogen additions suppress decomposition and sequester soil carbon in temperate forests. Biogeochemistry 121; 305–316,frey,42.54,-72.18,NA,red pine plantation,conifer,exp,control,1988,PH,PIRE,NA,d5,organic,Oa,NA,NA,NA,NA,1,14.78,NA,0.773,NA,1.593,1.592931606,1,Corrected for rock volume by the principal investigator
2008,10,NA,NA,ChronicN,from Frey et al. (2014) Chronic nitrogen additions suppress decomposition and sequester soil carbon in temperate forests. Biogeochemistry 121; 305–316,frey,42.54,-72.18,NA,red pine plantation,conifer,exp,control,1988,PH,PIRE,NA,e2,organic,Oa,NA,NA,NA,NA,1,21.505,NA,1.102,NA,0.778,0.777852331,1,Corrected for rock volume by the principal investigator
2008,10,NA,NA,ChronicN,from Frey et al. (2014) Chronic nitrogen additions suppress decomposition and sequester soil carbon in temperate forests. Biogeochemistry 121; 305–316,frey,42.54,-72.18,NA,red pine plantation,conifer,exp,control,1988,PH,PIRE,NA,e5,organic,Oa,NA,NA,NA,NA,1,30.087,NA,1.239,NA,0.853,0.852748346,1,Corrected for rock volume by the principal investigator
2008,10,NA,NA,ChronicN,from Frey et al. (2014) Chronic nitrogen additions suppress decomposition and sequester soil carbon in temperate forests. Biogeochemistry 121; 305–316,frey,42.54,-72.18,NA,red pine plantation,conifer,exp,highN,1988,PH,PIRE,NA,c4,organic,Oe,NA,NA,NA,NA,1,47.54,NA,1.858,NA,5.114,5.114463189,0,Corrected for rock volume by the principal investigator
2008,10,NA,NA,ChronicN,from Frey et al. (2014) Chronic nitrogen additions suppress decomposition and sequester soil carbon in temperate forests. Biogeochemistry 121; 305–316,frey,42.54,-72.18,NA,red pine plantation,conifer,exp,highN,1988,PH,PIRE,NA,c5,organic,Oe,NA,NA,NA,NA,1,47.376,NA,1.9,NA,3.994,3.993620394,0,Corrected for rock volume by the principal investigator
2008,10,NA,NA,ChronicN,from Frey et al. (2014) Chronic nitrogen additions suppress decomposition and sequester soil carbon in temperate forests. Biogeochemistry 121; 305–316,frey,42.54,-72.18,NA,red pine plantation,conifer,exp,highN,1988,PH,PIRE,NA,d5,organic,Oe,NA,NA,NA,NA,1,32.305,NA,1.423,NA,1.267,1.26729168,0,Corrected for rock volume by the principal investigator
2008,10,NA,NA,ChronicN,from Frey et al. (2014) Chronic nitrogen additions suppress decomposition and sequester soil carbon in temperate forests. Biogeochemistry 121; 305–316,frey,42.54,-72.18,NA,red pine plantation,conifer,exp,highN,1988,PH,PIRE,NA,e2,organic,Oe,NA,NA,NA,NA,1,39.743,NA,1.616,NA,3.922,3.922156755,0,Corrected for rock volume by the principal investigator
2008,10,NA,NA,ChronicN,from Frey et al. (2014) Chronic nitrogen additions suppress decomposition and sequester soil carbon in temperate forests. Biogeochemistry 121; 305–316,frey,42.54,-72.18,NA,red pine plantation,conifer,exp,lowN,1988,PH,PIRE,NA,b2,organic,Oe,NA,NA,NA,NA,1,46.29,NA,1.676,NA,4.098,4.098191927,0,Corrected for rock volume by the principal investigator
2008,10,NA,NA,ChronicN,from Frey et al. (2014) Chronic nitrogen additions suppress decomposition and sequester soil carbon in temperate forests. Biogeochemistry 121; 305–316,frey,42.54,-72.18,NA,red pine plantation,conifer,exp,lowN,1988,PH,PIRE,NA,c2,organic,Oe,NA,NA,NA,NA,1,46.57,NA,1.571,NA,3.872,3.871709395,0,Corrected for rock volume by the principal investigator
2008,10,NA,NA,ChronicN,from Frey et al. (2014) Chronic nitrogen additions suppress decomposition and sequester soil carbon in temperate forests. Biogeochemistry 121; 305–316,frey,42.54,-72.18,NA,red pine plantation,conifer,exp,lowN,1988,PH,PIRE,NA,c5,organic,Oe,NA,NA,NA,NA,1,47.6,NA,1.751,NA,3.068,3.068252727,0,Corrected for rock volume by the principal investigator
2008,10,NA,NA,ChronicN,from Frey et al. (2014) Chronic nitrogen additions suppress decomposition and sequester soil carbon in temperate forests. Biogeochemistry 121; 305–316,frey,42.54,-72.18,NA,red pine plantation,conifer,exp,lowN,1988,PH,PIRE,NA,d5,organic,Oe,NA,NA,NA,NA,1,44.84,NA,1.714,NA,4.005,4.004549388,0,Corrected for rock volume by the principal investigator
2008,10,NA,NA,ChronicN,from Frey et al. (2014) Chronic nitrogen additions suppress decomposition and sequester soil carbon in temperate forests. Biogeochemistry 121; 305–316,frey,42.54,-72.18,NA,red pine plantation,conifer,exp,lowN,1988,PH,PIRE,NA,e2,organic,Oe,NA,NA,NA,NA,1,45.98,NA,1.607,NA,3.649,3.648869136,0,Corrected for rock volume by the principal investigator
2008,10,NA,NA,ChronicN,from Frey et al. (2014) Chronic nitrogen additions suppress decomposition and sequester soil carbon in temperate forests. Biogeochemistry 121; 305–316,frey,42.54,-72.18,NA,red pine plantation,conifer,exp,lowN,1988,PH,PIRE,NA,e5,organic,Oe,NA,NA,NA,NA,1,46.68,NA,1.624,NA,4.175,4.175241894,0,Corrected for rock volume by the principal investigator
2008,10,NA,NA,ChronicN,from Frey et al. (2014) Chronic nitrogen additions suppress decomposition and sequester soil carbon in temperate forests. Biogeochemistry 121; 305–316,frey,42.54,-72.18,NA,red pine plantation,conifer,exp,control,1988,PH,PIRE,NA,b2,organic,Oe,NA,NA,NA,NA,1,34.615,NA,1.695,NA,1.821,1.821184482,1,Corrected for rock volume by the principal investigator
2008,10,NA,NA,ChronicN,from Frey et al. (2014) Chronic nitrogen additions suppress decomposition and sequester soil carbon in temperate forests. Biogeochemistry 121; 305–316,frey,42.54,-72.18,NA,red pine plantation,conifer,exp,control,1988,PH,PIRE,NA,b5,organic,Oe,NA,NA,NA,NA,1,39.55,NA,1.694,NA,0.973,0.972926346,1,Corrected for rock volume by the principal investigator
2008,10,NA,NA,ChronicN,from Frey et al. (2014) Chronic nitrogen additions suppress decomposition and sequester soil carbon in temperate forests. Biogeochemistry 121; 305–316,frey,42.54,-72.18,NA,red pine plantation,conifer,exp,control,1988,PH,PIRE,NA,c2,organic,Oe,NA,NA,NA,NA,1,43.73,NA,1.562,NA,0.963,0.962764127,1,Corrected for rock volume by the principal investigator
2008,10,NA,NA,ChronicN,from Frey et al. (2014) Chronic nitrogen additions suppress decomposition and sequester soil carbon in temperate forests. Biogeochemistry 121; 305–316,frey,42.54,-72.18,NA,red pine plantation,conifer,exp,control,1988,PH,PIRE,NA,d5,organic,Oe,NA,NA,NA,NA,1,45.06,NA,1.886,NA,0.851,0.85071695,1,Corrected for rock volume by the principal investigator
2008,10,NA,NA,ChronicN,from Frey et al. (2014) Chronic nitrogen additions suppress decomposition and sequester soil carbon in temperate forests. Biogeochemistry 121; 305–316,frey,42.54,-72.18,NA,red pine plantation,conifer,exp,control,1988,PH,PIRE,NA,e2,organic,Oe,NA,NA,NA,NA,1,45.5,NA,1.882,NA,1.565,1.565010417,1,Corrected for rock volume by the principal investigator
2008,10,NA,NA,ChronicN,from Frey et al. (2014) Chronic nitrogen additions suppress decomposition and sequester soil carbon in temperate forests. Biogeochemistry 121; 305–316,frey,42.54,-72.18,NA,red pine plantation,conifer,exp,control,1988,PH,PIRE,NA,e5,organic,Oe,NA,NA,NA,NA,1,47.005,NA,1.554,NA,3.881,3.881334065,1,Corrected for rock volume by the principal investigator
2011,10,NA,NA,warming.BW,unpublished,frey,42.48,-72.18,4,BW,hardwood,exp,control,2002,BW,DECD,NA,NA,organic,NA,NA,NA,NA,NA,1,17.38,NA,0.75,NA,0.797,0.796524815,1,Corrected for rock volume by the principal investigator
2011,10,NA,NA,warming.BW,unpublished,frey,42.48,-72.18,17,BW,hardwood,exp,control,2002,BW,DECD,NA,NA,organic,NA,NA,NA,NA,NA,1,27.87,NA,0.92,NA,3.391,3.39116897,1,Corrected for rock volume by the principal investigator
2011,10,NA,NA,warming.BW,unpublished,frey,42.48,-72.18,19,BW,hardwood,exp,control,2002,BW,DECD,NA,NA,organic,NA,NA,NA,NA,NA,1,19.11,NA,0.89,NA,2.098,2.097749063,1,Corrected for rock volume by the principal investigator
2011,10,NA,NA,warming.BW,unpublished,frey,42.48,-72.18,30,BW,hardwood,exp,control,2002,BW,DECD,NA,NA,organic,NA,NA,NA,NA,NA,1,8.91,NA,0.42,NA,0.8,0.800452125,1,Corrected for rock volume by the principal investigator
2011,10,NA,NA,warming.BW,unpublished,frey,42.48,-72.18,4,BW,hardwood,exp,warming,2002,BW,DECD,NA,NA,organic,NA,NA,NA,NA,NA,1,14.99,NA,0.75,NA,1.201,1.200593887,0,Corrected for rock volume by the principal investigator
2011,10,NA,NA,warming.BW,unpublished,frey,42.48,-72.18,17,BW,hardwood,exp,warming,2002,BW,DECD,NA,NA,organic,NA,NA,NA,NA,NA,1,21.58,NA,1.01,NA,1.581,1.580735,0,Corrected for rock volume by the principal investigator
2011,10,NA,NA,warming.BW,unpublished,frey,42.48,-72.18,19,BW,hardwood,exp,warming,2002,BW,DECD,NA,NA,organic,NA,NA,NA,NA,NA,1,19.75,NA,0.78,NA,1.772,1.771905677,0,Corrected for rock volume by the principal investigator
2011,10,NA,NA,warming.BW,unpublished,frey,42.48,-72.18,30,BW,hardwood,exp,warming,2002,BW,DECD,NA,NA,organic,NA,NA,NA,NA,NA,1,21.25,NA,0.92,NA,2.266,2.266089434,0,Corrected for rock volume by the principal investigator
2011,10,NA,NA,warming.BW,unpublished,frey,42.48,-72.18,4,BW,hardwood,exp,control,2002,BW,DECD,NA,NA,mineral,0-10,NA,NA,NA,NA,1,3.07,NA,0.17,NA,1.815,1.815119722,1,Corrected for rock volume by the principal investigator
2011,10,NA,NA,warming.BW,unpublished,frey,42.48,-72.18,17,BW,hardwood,exp,control,2002,BW,DECD,NA,NA,mineral,0-10,NA,NA,NA,NA,1,2.83,NA,0.15,NA,1.982,1.981683083,1,Corrected for rock volume by the principal investigator
2011,10,NA,NA,warming.BW,unpublished,frey,42.48,-72.18,19,BW,hardwood,exp,control,2002,BW,DECD,NA,NA,mineral,0-10,NA,NA,NA,NA,1,2.96,NA,0.18,NA,1.894,1.893654265,1,Corrected for rock volume by the principal investigator
2011,10,NA,NA,warming.BW,unpublished,frey,42.48,-72.18,30,BW,hardwood,exp,control,2002,BW,DECD,NA,NA,mineral,0-10,NA,NA,NA,NA,1,3.19,NA,0.21,NA,2.14,2.139633273,1,Corrected for rock volume by the principal investigator
2011,10,NA,NA,warming.BW,unpublished,frey,42.48,-72.18,4,BW,hardwood,exp,warming,2002,BW,DECD,NA,NA,mineral,0-10,NA,NA,NA,NA,1,3.36,NA,0.19,NA,2.797,2.796652003,0,Corrected for rock volume by the principal investigator
2011,10,NA,NA,warming.BW,unpublished,frey,42.48,-72.18,17,BW,hardwood,exp,warming,2002,BW,DECD,NA,NA,mineral,0-10,NA,NA,NA,NA,1,3.38,NA,0.19,NA,2.356,2.355551734,0,Corrected for rock volume by the principal investigator
2011,10,NA,NA,warming.BW,unpublished,frey,42.48,-72.18,19,BW,hardwood,exp,warming,2002,BW,DECD,NA,NA,mineral,0-10,NA,NA,NA,NA,1,3.25,NA,0.17,NA,2.13,2.129835072,0,Corrected for rock volume by the principal investigator
2011,10,NA,NA,warming.BW,unpublished,frey,42.48,-72.18,30,BW,hardwood,exp,warming,2002,BW,DECD,NA,NA,mineral,0-10,NA,NA,NA,NA,1,2.87,NA,0.15,NA,2.22,2.219554777,0,Corrected for rock volume by the principal investigator
2011,10,NA,NA,warming.BW,unpublished,frey,42.48,-72.18,4,BW,hardwood,exp,control,2002,BW,DECD,NA,NA,mineral,20-Oct,NA,NA,NA,NA,1,1.45,NA,0.1,NA,1.536,1.536341092,1,Corrected for rock volume by the principal investigator
2011,10,NA,NA,warming.BW,unpublished,frey,42.48,-72.18,17,BW,hardwood,exp,control,2002,BW,DECD,NA,NA,mineral,20-Oct,NA,NA,NA,NA,1,1.36,NA,0.08,NA,1.376,1.376191189,1,Corrected for rock volume by the principal investigator
2011,10,NA,NA,warming.BW,unpublished,frey,42.48,-72.18,19,BW,hardwood,exp,control,2002,BW,DECD,NA,NA,mineral,20-Oct,NA,NA,NA,NA,1,1.74,NA,0.12,NA,1.328,1.3279814,1,Corrected for rock volume by the principal investigator
2011,10,NA,NA,warming.BW,unpublished,frey,42.48,-72.18,30,BW,hardwood,exp,control,2002,BW,DECD,NA,NA,mineral,20-Oct,NA,NA,NA,NA,1,1.91,NA,0.13,NA,1.742,1.741733843,1,Corrected for rock volume by the principal investigator
2011,10,NA,NA,warming.BW,unpublished,frey,42.48,-72.18,4,BW,hardwood,exp,warming,2002,BW,DECD,NA,NA,mineral,20-Oct,NA,NA,NA,NA,1,1.6,NA,0.11,NA,1.867,1.86667257,0,Corrected for rock volume by the principal investigator
2011,10,NA,NA,warming.BW,unpublished,frey,42.48,-72.18,17,BW,hardwood,exp,warming,2002,BW,DECD,NA,NA,mineral,20-Oct,NA,NA,NA,NA,1,1.79,NA,0.1,NA,1.777,1.776856306,0,Corrected for rock volume by the principal investigator
2011,10,NA,NA,warming.BW,unpublished,frey,42.48,-72.18,19,BW,hardwood,exp,warming,2002,BW,DECD,NA,NA,mineral,20-Oct,NA,NA,NA,NA,1,1.37,NA,0.09,NA,1.333,1.332688912,0,Corrected for rock volume by the principal investigator
2011,10,NA,NA,warming.BW,unpublished,frey,42.48,-72.18,30,BW,hardwood,exp,warming,2002,BW,DECD,NA,NA,mineral,20-Oct,NA,NA,NA,NA,1,1.46,NA,0.09,NA,1.338,1.337890415,0,Corrected for rock volume by the principal investigator
2011,10,NA,NA,warming.BW,unpublished,frey,42.48,-72.18,4,BW,hardwood,exp,control,2002,BW,DECD,NA,NA,mineral,20-30,NA,NA,NA,NA,1,1.12,NA,0.07,NA,1.397,1.397197977,1,Corrected for rock volume by the principal investigator
2011,10,NA,NA,warming.BW,unpublished,frey,42.48,-72.18,17,BW,hardwood,exp,control,2002,BW,DECD,NA,NA,mineral,20-30,NA,NA,NA,NA,1,1.05,NA,0.06,NA,0.978,0.977670257,1,Corrected for rock volume by the principal investigator
2011,10,NA,NA,warming.BW,unpublished,frey,42.48,-72.18,19,BW,hardwood,exp,control,2002,BW,DECD,NA,NA,mineral,20-30,NA,NA,NA,NA,1,1.36,NA,0.09,NA,1.551,1.551004132,1,Corrected for rock volume by the principal investigator
2011,10,NA,NA,warming.BW,unpublished,frey,42.48,-72.18,30,BW,hardwood,exp,control,2002,BW,DECD,NA,NA,mineral,20-30,NA,NA,NA,NA,1,1.36,NA,0.09,NA,1.144,1.143667318,1,Corrected for rock volume by the principal investigator
2011,10,NA,NA,warming.BW,unpublished,frey,42.48,-72.18,4,BW,hardwood,exp,warming,2002,BW,DECD,NA,NA,mineral,20-30,NA,NA,NA,NA,1,0.99,NA,0.07,NA,0.986,0.985804652,0,Corrected for rock volume by the principal investigator
2011,10,NA,NA,warming.BW,unpublished,frey,42.48,-72.18,17,BW,hardwood,exp,warming,2002,BW,DECD,NA,NA,mineral,20-30,NA,NA,NA,NA,1,1.13,NA,0.07,NA,1.207,1.206694375,0,Corrected for rock volume by the principal investigator
2011,10,NA,NA,warming.BW,unpublished,frey,42.48,-72.18,19,BW,hardwood,exp,warming,2002,BW,DECD,NA,NA,mineral,20-30,NA,NA,NA,NA,1,0.68,NA,0.05,NA,0.79,0.789631034,0,Corrected for rock volume by the principal investigator
2011,10,NA,NA,warming.BW,unpublished,frey,42.48,-72.18,30,BW,hardwood,exp,warming,2002,BW,DECD,NA,NA,mineral,20-30,NA,NA,NA,NA,1,0.95,NA,0.06,NA,0.995,0.994892168,0,Corrected for rock volume by the principal investigator
2011,10,NA,NA,warming.BW,unpublished,frey,42.48,-72.18,4,BW,hardwood,exp,control,2002,BW,DECD,NA,NA,mineral,30-40,NA,NA,NA,NA,1,0.78,NA,0.06,NA,0.809,0.809272467,1,Corrected for rock volume by the principal investigator
2011,10,NA,NA,warming.BW,unpublished,frey,42.48,-72.18,4,BW,hardwood,exp,warming,2002,BW,DECD,NA,NA,mineral,30-40,NA,NA,NA,NA,1,0.82,NA,0.06,NA,0.859,0.858892814,0,Corrected for rock volume by the principal investigator
2011,10,NA,NA,warming.BW,unpublished,frey,42.48,-72.18,17,BW,hardwood,exp,warming,2002,BW,DECD,NA,NA,mineral,30-40,NA,NA,NA,NA,1,0.68,NA,0.05,NA,0.882,0.882085295,0,Corrected for rock volume by the principal investigator
2011,10,NA,NA,warming.BW,unpublished,frey,42.48,-72.18,19,BW,hardwood,exp,warming,2002,BW,DECD,NA,NA,mineral,30-40,NA,NA,NA,NA,1,0.42,NA,0.04,NA,0.568,0.567803974,0,Corrected for rock volume by the principal investigator
2011,10,NA,NA,warming.BW,unpublished,frey,42.48,-72.18,30,BW,hardwood,exp,warming,2002,BW,DECD,NA,NA,mineral,30-40,NA,NA,NA,NA,1,0.72,NA,0.05,NA,1.269,1.268802576,0,Corrected for rock volume by the principal investigator
2011,10,NA,NA,warming.BW,unpublished,frey,42.48,-72.18,17,BW,hardwood,exp,warming,2002,BW,DECD,NA,NA,mineral,40-50,NA,NA,NA,NA,1,1.05,NA,0.06,NA,0.782,0.781872,0,Corrected for rock volume by the principal investigator
2011,10,NA,NA,warming.BW,unpublished,frey,42.48,-72.18,19,BW,hardwood,exp,warming,2002,BW,DECD,NA,NA,mineral,40-50,NA,NA,NA,NA,1,0.38,NA,0.03,NA,0.529,0.528745856,0,Corrected for rock volume by the principal investigator
2011,10,NA,NA,warming.BW,unpublished,frey,42.48,-72.18,30,BW,hardwood,exp,warming,2002,BW,DECD,NA,NA,mineral,40-50,NA,NA,NA,NA,1,0.88,NA,0.05,NA,1.037,1.037179998,0,Corrected for rock volume by the principal investigator
2011,10,NA,NA,warming.PH,unpublished,frey,42.54,-72.18,3,PH,hardwood,exp,control,1991,PH,DECD,NA,1,organic,NA,NA,NA,NA,NA,1,29.24,NA,1.15,NA,2.528,2.527854231,1,Corrected for rock volume by the principal investigator
2011,10,NA,NA,warming.PH,unpublished,frey,42.54,-72.18,5,PH,hardwood,exp,control,1991,PH,DECD,NA,2,organic,NA,NA,NA,NA,NA,1,45.59,NA,1.88,NA,3.339,3.338554239,1,Corrected for rock volume by the principal investigator
2011,10,NA,NA,warming.PH,unpublished,frey,42.54,-72.18,9,PH,hardwood,exp,control,1991,PH,DECD,NA,3,organic,NA,NA,NA,NA,NA,1,24.68,NA,1.11,NA,1.475,1.475227974,1,Corrected for rock volume by the principal investigator
2011,10,NA,NA,warming.PH,unpublished,frey,42.54,-72.18,10,PH,hardwood,exp,control,1991,PH,DECD,NA,4,organic,NA,NA,NA,NA,NA,1,35.63,NA,1.43,NA,2.683,2.682919058,1,Corrected for rock volume by the principal investigator
2011,10,NA,NA,warming.PH,unpublished,frey,42.54,-72.18,13,PH,hardwood,exp,control,1991,PH,DECD,NA,5,organic,NA,NA,NA,NA,NA,1,23.99,NA,0.94,NA,2.674,2.673622368,1,Corrected for rock volume by the principal investigator
2011,10,NA,NA,warming.PH,unpublished,frey,42.54,-72.18,17,PH,hardwood,exp,control,1991,PH,DECD,NA,6,organic,NA,NA,NA,NA,NA,1,25.34,NA,1.02,NA,2.692,2.692280448,1,Corrected for rock volume by the principal investigator
2011,10,NA,NA,warming.PH,unpublished,frey,42.54,-72.18,1,PH,hardwood,exp,warming,1991,PH,DECD,NA,1,organic,NA,NA,NA,NA,NA,1,26.21,NA,1.1,NA,2.021,2.021218489,0,Corrected for rock volume by the principal investigator
2011,10,NA,NA,warming.PH,unpublished,frey,42.54,-72.18,6,PH,hardwood,exp,warming,1991,PH,DECD,NA,2,organic,NA,NA,NA,NA,NA,1,15.84,NA,0.68,NA,1.055,1.05462809,0,Corrected for rock volume by the principal investigator
2011,10,NA,NA,warming.PH,unpublished,frey,42.54,-72.18,8,PH,hardwood,exp,warming,1991,PH,DECD,NA,3,organic,NA,NA,NA,NA,NA,1,28.79,NA,1.32,NA,1.854,1.854197079,0,Corrected for rock volume by the principal investigator
2011,10,NA,NA,warming.PH,unpublished,frey,42.54,-72.18,12,PH,hardwood,exp,warming,1991,PH,DECD,NA,4,organic,NA,NA,NA,NA,NA,1,27.76,NA,1.13,NA,1.547,1.546929453,0,Corrected for rock volume by the principal investigator
2011,10,NA,NA,warming.PH,unpublished,frey,42.54,-72.18,15,PH,hardwood,exp,warming,1991,PH,DECD,NA,5,organic,NA,NA,NA,NA,NA,1,22.12,NA,0.96,NA,1.895,1.894572525,0,Corrected for rock volume by the principal investigator
2011,10,NA,NA,warming.PH,unpublished,frey,42.54,-72.18,16,PH,hardwood,exp,warming,1991,PH,DECD,NA,6,organic,NA,NA,NA,NA,NA,1,18.79,NA,0.73,NA,2.224,2.223546691,0,Corrected for rock volume by the principal investigator
2011,10,NA,NA,warming.PH,unpublished,frey,42.54,-72.18,3,PH,hardwood,exp,control,1991,PH,DECD,NA,1,mineral,0-10,NA,NA,NA,NA,1,5.26,NA,0.24,NA,3.254,3.254030853,1,Corrected for rock volume by the principal investigator
2011,10,NA,NA,warming.PH,unpublished,frey,42.54,-72.18,5,PH,hardwood,exp,control,1991,PH,DECD,NA,2,mineral,0-10,NA,NA,NA,NA,1,6.35,NA,0.31,NA,3.88,3.880184606,1,Corrected for rock volume by the principal investigator
2011,10,NA,NA,warming.PH,unpublished,frey,42.54,-72.18,9,PH,hardwood,exp,control,1991,PH,DECD,NA,3,mineral,0-10,NA,NA,NA,NA,1,5.97,NA,0.3,NA,3.598,3.598483919,1,Corrected for rock volume by the principal investigator
2011,10,NA,NA,warming.PH,unpublished,frey,42.54,-72.18,10,PH,hardwood,exp,control,1991,PH,DECD,NA,4,mineral,0-10,NA,NA,NA,NA,1,6.12,NA,0.31,NA,3.039,3.038508813,1,Corrected for rock volume by the principal investigator
2011,10,NA,NA,warming.PH,unpublished,frey,42.54,-72.18,13,PH,hardwood,exp,control,1991,PH,DECD,NA,5,mineral,0-10,NA,NA,NA,NA,1,1.18,NA,0.06,NA,0.813,0.812652163,1,Corrected for rock volume by the principal investigator
2011,10,NA,NA,warming.PH,unpublished,frey,42.54,-72.18,17,PH,hardwood,exp,control,1991,PH,DECD,NA,6,mineral,0-10,NA,NA,NA,NA,1,4.13,NA,0.21,NA,2.882,2.88217596,1,Corrected for rock volume by the principal investigator
2011,10,NA,NA,warming.PH,unpublished,frey,42.54,-72.18,1,PH,hardwood,exp,warming,1991,PH,DECD,NA,1,mineral,0-10,NA,NA,NA,NA,1,4.99,NA,0.27,NA,2.42,2.42032025,0,Corrected for rock volume by the principal investigator
2011,10,NA,NA,warming.PH,unpublished,frey,42.54,-72.18,6,PH,hardwood,exp,warming,1991,PH,DECD,NA,2,mineral,0-10,NA,NA,NA,NA,1,8.34,NA,0.36,NA,5.129,5.129206121,0,Corrected for rock volume by the principal investigator
2011,10,NA,NA,warming.PH,unpublished,frey,42.54,-72.18,8,PH,hardwood,exp,warming,1991,PH,DECD,NA,3,mineral,0-10,NA,NA,NA,NA,1,8.21,NA,0.38,NA,4.61,4.610060437,0,Corrected for rock volume by the principal investigator
2011,10,NA,NA,warming.PH,unpublished,frey,42.54,-72.18,12,PH,hardwood,exp,warming,1991,PH,DECD,NA,4,mineral,0-10,NA,NA,NA,NA,1,4.35,NA,0.21,NA,3.32,3.319594398,0,Corrected for rock volume by the principal investigator
2011,10,NA,NA,warming.PH,unpublished,frey,42.54,-72.18,15,PH,hardwood,exp,warming,1991,PH,DECD,NA,5,mineral,0-10,NA,NA,NA,NA,1,3.81,NA,0.19,NA,2.61,2.60976974,0,Corrected for rock volume by the principal investigator
2011,10,NA,NA,warming.PH,unpublished,frey,42.54,-72.18,16,PH,hardwood,exp,warming,1991,PH,DECD,NA,6,mineral,0-10,NA,NA,NA,NA,1,9.76,NA,0.43,NA,4.98,4.979942033,0,Corrected for rock volume by the principal investigator
2011,10,NA,NA,warming.PH,unpublished,frey,42.54,-72.18,3,PH,hardwood,exp,control,1991,PH,DECD,NA,1,mineral,20-Oct,NA,NA,NA,NA,1,4.05,NA,0.19,NA,2.953,2.953180503,1,Corrected for rock volume by the principal investigator
2011,10,NA,NA,warming.PH,unpublished,frey,42.54,-72.18,5,PH,hardwood,exp,control,1991,PH,DECD,NA,2,mineral,20-Oct,NA,NA,NA,NA,1,4.42,NA,0.19,NA,3.788,3.788289529,1,Corrected for rock volume by the principal investigator
2011,10,NA,NA,warming.PH,unpublished,frey,42.54,-72.18,9,PH,hardwood,exp,control,1991,PH,DECD,NA,3,mineral,20-Oct,NA,NA,NA,NA,1,3.38,NA,0.17,NA,2.543,2.542993315,1,Corrected for rock volume by the principal investigator
2011,10,NA,NA,warming.PH,unpublished,frey,42.54,-72.18,10,PH,hardwood,exp,control,1991,PH,DECD,NA,4,mineral,20-Oct,NA,NA,NA,NA,1,1.65,NA,0.1,NA,1.547,1.546562478,1,Corrected for rock volume by the principal investigator
2011,10,NA,NA,warming.PH,unpublished,frey,42.54,-72.18,13,PH,hardwood,exp,control,1991,PH,DECD,NA,5,mineral,20-Oct,NA,NA,NA,NA,1,2.24,NA,0.11,NA,2.298,2.298285254,1,Corrected for rock volume by the principal investigator
2011,10,NA,NA,warming.PH,unpublished,frey,42.54,-72.18,17,PH,hardwood,exp,control,1991,PH,DECD,NA,6,mineral,20-Oct,NA,NA,NA,NA,1,2.53,NA,0.13,NA,2.261,2.260645854,1,Corrected for rock volume by the principal investigator
2011,10,NA,NA,warming.PH,unpublished,frey,42.54,-72.18,1,PH,hardwood,exp,warming,1991,PH,DECD,NA,1,mineral,20-Oct,NA,NA,NA,NA,1,2.54,NA,0.13,NA,2.368,2.367561491,0,Corrected for rock volume by the principal investigator
2011,10,NA,NA,warming.PH,unpublished,frey,42.54,-72.18,6,PH,hardwood,exp,warming,1991,PH,DECD,NA,2,mineral,20-Oct,NA,NA,NA,NA,1,4.03,NA,0.16,NA,2.736,2.73554028,0,Corrected for rock volume by the principal investigator
2011,10,NA,NA,warming.PH,unpublished,frey,42.54,-72.18,8,PH,hardwood,exp,warming,1991,PH,DECD,NA,3,mineral,20-Oct,NA,NA,NA,NA,1,4.73,NA,0.21,NA,4.043,4.043385257,0,Corrected for rock volume by the principal investigator
2011,10,NA,NA,warming.PH,unpublished,frey,42.54,-72.18,12,PH,hardwood,exp,warming,1991,PH,DECD,NA,4,mineral,20-Oct,NA,NA,NA,NA,1,2.26,NA,0.12,NA,2.468,2.468045454,0,Corrected for rock volume by the principal investigator
2011,10,NA,NA,warming.PH,unpublished,frey,42.54,-72.18,15,PH,hardwood,exp,warming,1991,PH,DECD,NA,5,mineral,20-Oct,NA,NA,NA,NA,1,2.36,NA,0.13,NA,2.183,2.183085769,0,Corrected for rock volume by the principal investigator
2011,10,NA,NA,warming.PH,unpublished,frey,42.54,-72.18,16,PH,hardwood,exp,warming,1991,PH,DECD,NA,6,mineral,20-Oct,NA,NA,NA,NA,1,4.43,NA,0.21,NA,3.246,3.245968651,0,Corrected for rock volume by the principal investigator
2011,10,NA,NA,warming.PH,unpublished,frey,42.54,-72.18,3,PH,hardwood,exp,control,1991,PH,DECD,NA,1,mineral,20-30,NA,NA,NA,NA,1,2.71,NA,0.14,NA,2.139,2.139147348,1,Corrected for rock volume by the principal investigator
2011,10,NA,NA,warming.PH,unpublished,frey,42.54,-72.18,5,PH,hardwood,exp,control,1991,PH,DECD,NA,2,mineral,20-30,NA,NA,NA,NA,1,3.07,NA,0.15,NA,2.658,2.657541408,1,Corrected for rock volume by the principal investigator
2011,10,NA,NA,warming.PH,unpublished,frey,42.54,-72.18,9,PH,hardwood,exp,control,1991,PH,DECD,NA,3,mineral,20-30,NA,NA,NA,NA,1,1.52,NA,0.11,NA,1.376,1.375649823,1,Corrected for rock volume by the principal investigator
2011,10,NA,NA,warming.PH,unpublished,frey,42.54,-72.18,13,PH,hardwood,exp,control,1991,PH,DECD,NA,5,mineral,20-30,NA,NA,NA,NA,1,3.95,NA,0.21,NA,3.985,3.985250568,1,Corrected for rock volume by the principal investigator
2011,10,NA,NA,warming.PH,unpublished,frey,42.54,-72.18,17,PH,hardwood,exp,control,1991,PH,DECD,NA,6,mineral,20-30,NA,NA,NA,NA,1,1.02,NA,0.07,NA,1.207,1.206817582,1,Corrected for rock volume by the principal investigator
2011,10,NA,NA,warming.PH,unpublished,frey,42.54,-72.18,1,PH,hardwood,exp,warming,1991,PH,DECD,NA,1,mineral,20-30,NA,NA,NA,NA,1,2.02,NA,0.1,NA,1.348,1.348011098,0,Corrected for rock volume by the principal investigator
2011,10,NA,NA,warming.PH,unpublished,frey,42.54,-72.18,6,PH,hardwood,exp,warming,1991,PH,DECD,NA,2,mineral,20-30,NA,NA,NA,NA,1,1.82,NA,0.09,NA,1.674,1.674473418,0,Corrected for rock volume by the principal investigator
2011,10,NA,NA,warming.PH,unpublished,frey,42.54,-72.18,8,PH,hardwood,exp,warming,1991,PH,DECD,NA,3,mineral,20-30,NA,NA,NA,NA,1,2.01,NA,0.12,NA,1.867,1.867219009,0,Corrected for rock volume by the principal investigator
2011,10,NA,NA,warming.PH,unpublished,frey,42.54,-72.18,12,PH,hardwood,exp,warming,1991,PH,DECD,NA,4,mineral,20-30,NA,NA,NA,NA,1,1.04,NA,0.07,NA,0.865,0.865419408,0,Corrected for rock volume by the principal investigator
2011,10,NA,NA,warming.PH,unpublished,frey,42.54,-72.18,15,PH,hardwood,exp,warming,1991,PH,DECD,NA,5,mineral,20-30,NA,NA,NA,NA,1,0.89,NA,0.08,NA,1.038,1.038202054,0,Corrected for rock volume by the principal investigator
2011,10,NA,NA,warming.PH,unpublished,frey,42.54,-72.18,5,PH,hardwood,exp,control,1991,PH,DECD,NA,2,mineral,30-40,NA,NA,NA,NA,1,3.67,NA,0.18,NA,3.107,3.107351136,1,Corrected for rock volume by the principal investigator
2011,10,NA,NA,warming.PH,unpublished,frey,42.54,-72.18,9,PH,hardwood,exp,control,1991,PH,DECD,NA,3,mineral,30-40,NA,NA,NA,NA,1,1.05,NA,0.08,NA,1.083,1.083169354,1,Corrected for rock volume by the principal investigator
2011,10,NA,NA,warming.PH,unpublished,frey,42.54,-72.18,17,PH,hardwood,exp,control,1991,PH,DECD,NA,6,mineral,30-40,NA,NA,NA,NA,1,0.49,NA,0.03,NA,0.493,0.492700175,1,Corrected for rock volume by the principal investigator
2011,10,NA,NA,warming.PH,unpublished,frey,42.54,-72.18,1,PH,hardwood,exp,warming,1991,PH,DECD,NA,1,mineral,30-40,NA,NA,NA,NA,1,0.87,NA,0.07,NA,0.957,0.956506069,0,Corrected for rock volume by the principal investigator
2011,10,NA,NA,warming.PH,unpublished,frey,42.54,-72.18,6,PH,hardwood,exp,warming,1991,PH,DECD,NA,2,mineral,30-40,NA,NA,NA,NA,1,0.97,NA,0.05,NA,1.277,1.276786292,0,Corrected for rock volume by the principal investigator
2011,10,NA,NA,warming.PH,unpublished,frey,42.54,-72.18,8,PH,hardwood,exp,warming,1991,PH,DECD,NA,3,mineral,30-40,NA,NA,NA,NA,1,1.17,NA,0.07,NA,1.375,1.37457472,0,Corrected for rock volume by the principal investigator
2011,10,NA,NA,warming.PH,unpublished,frey,42.54,-72.18,12,PH,hardwood,exp,warming,1991,PH,DECD,NA,4,mineral,30-40,NA,NA,NA,NA,1,0.71,NA,0.05,NA,0.946,0.946309624,0,Corrected for rock volume by the principal investigator
2011,10,NA,NA,warming.PH,unpublished,frey,42.54,-72.18,15,PH,hardwood,exp,warming,1991,PH,DECD,NA,5,mineral,30-40,NA,NA,NA,NA,1,0.6,NA,0.06,NA,0.606,0.606101842,0,Corrected for rock volume by the principal investigator
2011,10,NA,NA,warming.PH,unpublished,frey,42.54,-72.18,16,PH,hardwood,exp,warming,1991,PH,DECD,NA,6,mineral,30-40,NA,NA,NA,NA,1,0.65,NA,0.06,NA,0.705,0.704863553,0,Corrected for rock volume by the principal investigator
2011,10,NA,NA,warming.PH,unpublished,frey,42.54,-72.18,9,PH,hardwood,exp,control,1991,PH,DECD,NA,3,mineral,40-50,NA,NA,NA,NA,1,0.71,NA,0.06,NA,0.598,0.597827076,1,Corrected for rock volume by the principal investigator
2011,10,NA,NA,warming.PH,unpublished,frey,42.54,-72.18,1,PH,hardwood,exp,warming,1991,PH,DECD,NA,1,mineral,40-50,NA,NA,NA,NA,1,0.53,NA,0.05,NA,0.72,0.720287223,0,Corrected for rock volume by the principal investigator
2011,10,NA,NA,warming.PH,unpublished,frey,42.54,-72.18,8,PH,hardwood,exp,warming,1991,PH,DECD,NA,3,mineral,40-50,NA,NA,NA,NA,1,0.85,NA,0.06,NA,1.175,1.175499785,0,Corrected for rock volume by the principal investigator
2011,10,NA,NA,warming.PH,unpublished,frey,42.54,-72.18,12,PH,hardwood,exp,warming,1991,PH,DECD,NA,4,mineral,40-50,NA,NA,NA,NA,1,0.49,NA,0.03,NA,0.653,0.65259632,0,Corrected for rock volume by the principal investigator
2011,10,NA,NA,warming.PH,unpublished,frey,42.54,-72.18,16,PH,hardwood,exp,warming,1991,PH,DECD,NA,6,mineral,40-50,NA,NA,NA,NA,1,0.67,NA,0.04,NA,0.774,0.773777281,0,Corrected for rock volume by the principal investigator
2011,10,NA,NA,warming.N,unpublished,frey,42.54,-72.18,1,SWaN,hardwood,exp,control,2006,PH,DECD,NA,NA,organic,NA,NA,NA,NA,NA,1,27.58,NA,1.05,NA,3.073,3.073132841,1,Corrected for rock volume by the principal investigator
2011,10,NA,NA,warming.N,unpublished,frey,42.54,-72.18,12,SWaN,hardwood,exp,control,2006,PH,DECD,NA,NA,organic,NA,NA,NA,NA,NA,1,35.34,NA,1.43,NA,3.647,3.647337538,1,Corrected for rock volume by the principal investigator
2011,10,NA,NA,warming.N,unpublished,frey,42.54,-72.18,14,SWaN,hardwood,exp,control,2006,PH,DECD,NA,NA,organic,NA,NA,NA,NA,NA,1,35.91,NA,1.3,NA,4.883,4.882989399,1,Corrected for rock volume by the principal investigator
2011,10,NA,NA,warming.N,unpublished,frey,42.54,-72.18,19,SWaN,hardwood,exp,control,2006,PH,DECD,NA,NA,organic,NA,NA,NA,NA,NA,1,38.48,NA,1.63,NA,2.545,2.545368348,1,Corrected for rock volume by the principal investigator
2011,10,NA,NA,warming.N,unpublished,frey,42.54,-72.18,20,SWaN,hardwood,exp,control,2006,PH,DECD,NA,NA,organic,NA,NA,NA,NA,NA,1,23.91,NA,1.03,NA,2.068,2.068240989,1,Corrected for rock volume by the principal investigator
2011,10,NA,NA,warming.N,unpublished,frey,42.54,-72.18,24,SWaN,hardwood,exp,control,2006,PH,DECD,NA,NA,organic,NA,NA,NA,NA,NA,1,50.25,NA,1.87,NA,3.669,3.668745423,1,Corrected for rock volume by the principal investigator
2011,10,NA,NA,warming.N,unpublished,frey,42.54,-72.18,2,SWaN,hardwood,exp,warming,2006,PH,DECD,NA,NA,organic,NA,NA,NA,NA,NA,1,17.62,NA,0.72,NA,1.828,1.827865238,0,Corrected for rock volume by the principal investigator
2011,10,NA,NA,warming.N,unpublished,frey,42.54,-72.18,5,SWaN,hardwood,exp,warming,2006,PH,DECD,NA,NA,organic,NA,NA,NA,NA,NA,1,29.13,NA,1.15,NA,1.799,1.799216646,0,Corrected for rock volume by the principal investigator
2011,10,NA,NA,warming.N,unpublished,frey,42.54,-72.18,8,SWaN,hardwood,exp,warming,2006,PH,DECD,NA,NA,organic,NA,NA,NA,NA,NA,1,21.28,NA,0.82,NA,3.21,3.210458343,0,Corrected for rock volume by the principal investigator
2011,10,NA,NA,warming.N,unpublished,frey,42.54,-72.18,13,SWaN,hardwood,exp,warming,2006,PH,DECD,NA,NA,organic,NA,NA,NA,NA,NA,1,37.27,NA,1.39,NA,2.778,2.778301425,0,Corrected for rock volume by the principal investigator
2011,10,NA,NA,warming.N,unpublished,frey,42.54,-72.18,18,SWaN,hardwood,exp,warming,2006,PH,DECD,NA,NA,organic,NA,NA,NA,NA,NA,1,21.17,NA,0.9,NA,2.008,2.008346405,0,Corrected for rock volume by the principal investigator
2011,10,NA,NA,warming.N,unpublished,frey,42.54,-72.18,1,SWaN,hardwood,exp,control,2006,PH,DECD,NA,NA,mineral,0-10,NA,NA,NA,NA,1,4.48,NA,0.23,NA,3.658,3.658010881,1,Corrected for rock volume by the principal investigator
2011,10,NA,NA,warming.N,unpublished,frey,42.54,-72.18,12,SWaN,hardwood,exp,control,2006,PH,DECD,NA,NA,mineral,0-10,NA,NA,NA,NA,1,4.49,NA,0.26,NA,3.041,3.041262953,1,Corrected for rock volume by the principal investigator
2011,10,NA,NA,warming.N,unpublished,frey,42.54,-72.18,14,SWaN,hardwood,exp,control,2006,PH,DECD,NA,NA,mineral,0-10,NA,NA,NA,NA,1,5.36,NA,0.23,NA,3.465,3.4646924,1,Corrected for rock volume by the principal investigator
2011,10,NA,NA,warming.N,unpublished,frey,42.54,-72.18,19,SWaN,hardwood,exp,control,2006,PH,DECD,NA,NA,mineral,0-10,NA,NA,NA,NA,1,4.88,NA,0.25,NA,3.741,3.74127307,1,Corrected for rock volume by the principal investigator
2011,10,NA,NA,warming.N,unpublished,frey,42.54,-72.18,20,SWaN,hardwood,exp,control,2006,PH,DECD,NA,NA,mineral,0-10,NA,NA,NA,NA,1,4.22,NA,0.22,NA,3.287,3.287468099,1,Corrected for rock volume by the principal investigator
2011,10,NA,NA,warming.N,unpublished,frey,42.54,-72.18,24,SWaN,hardwood,exp,control,2006,PH,DECD,NA,NA,mineral,0-10,NA,NA,NA,NA,1,7.69,NA,0.36,NA,3.908,3.907848505,1,Corrected for rock volume by the principal investigator
2011,10,NA,NA,warming.N,unpublished,frey,42.54,-72.18,2,SWaN,hardwood,exp,warming,2006,PH,DECD,NA,NA,mineral,0-10,NA,NA,NA,NA,1,3.87,NA,0.19,NA,3.201,3.201366059,0,Corrected for rock volume by the principal investigator
2011,10,NA,NA,warming.N,unpublished,frey,42.54,-72.18,5,SWaN,hardwood,exp,warming,2006,PH,DECD,NA,NA,mineral,0-10,NA,NA,NA,NA,1,4.91,NA,0.22,NA,3.723,3.723023819,0,Corrected for rock volume by the principal investigator
2011,10,NA,NA,warming.N,unpublished,frey,42.54,-72.18,8,SWaN,hardwood,exp,warming,2006,PH,DECD,NA,NA,mineral,0-10,NA,NA,NA,NA,1,4.33,NA,0.24,NA,3.296,3.296316998,0,Corrected for rock volume by the principal investigator
2011,10,NA,NA,warming.N,unpublished,frey,42.54,-72.18,13,SWaN,hardwood,exp,warming,2006,PH,DECD,NA,NA,mineral,0-10,NA,NA,NA,NA,1,4.95,NA,0.21,NA,4.123,4.122541784,0,Corrected for rock volume by the principal investigator
2011,10,NA,NA,warming.N,unpublished,frey,42.54,-72.18,18,SWaN,hardwood,exp,warming,2006,PH,DECD,NA,NA,mineral,0-10,NA,NA,NA,NA,1,5.28,NA,0.27,NA,3.405,3.405436108,0,Corrected for rock volume by the principal investigator
2011,10,NA,NA,warming.N,unpublished,frey,42.54,-72.18,1,SWaN,hardwood,exp,control,2006,PH,DECD,NA,NA,mineral,20-Oct,NA,NA,NA,NA,1,2.97,NA,0.14,NA,2.524,2.524300988,1,Corrected for rock volume by the principal investigator
2011,10,NA,NA,warming.N,unpublished,frey,42.54,-72.18,12,SWaN,hardwood,exp,control,2006,PH,DECD,NA,NA,mineral,20-Oct,NA,NA,NA,NA,1,1.94,NA,0.13,NA,2.29,2.289557947,1,Corrected for rock volume by the principal investigator
2011,10,NA,NA,warming.N,unpublished,frey,42.54,-72.18,14,SWaN,hardwood,exp,control,2006,PH,DECD,NA,NA,mineral,20-Oct,NA,NA,NA,NA,1,3.21,NA,0.12,NA,5.612,5.611573099,1,Corrected for rock volume by the principal investigator
2011,10,NA,NA,warming.N,unpublished,frey,42.54,-72.18,19,SWaN,hardwood,exp,control,2006,PH,DECD,NA,NA,mineral,20-Oct,NA,NA,NA,NA,1,1.64,NA,0.17,NA,1.769,1.769307148,1,Corrected for rock volume by the principal investigator
2011,10,NA,NA,warming.N,unpublished,frey,42.54,-72.18,20,SWaN,hardwood,exp,control,2006,PH,DECD,NA,NA,mineral,20-Oct,NA,NA,NA,NA,1,2.83,NA,0.14,NA,3.014,3.014360383,1,Corrected for rock volume by the principal investigator
2011,10,NA,NA,warming.N,unpublished,frey,42.54,-72.18,24,SWaN,hardwood,exp,control,2006,PH,DECD,NA,NA,mineral,20-Oct,NA,NA,NA,NA,1,2.85,NA,0.13,NA,2.852,2.852334159,1,Corrected for rock volume by the principal investigator
2011,10,NA,NA,warming.N,unpublished,frey,42.54,-72.18,2,SWaN,hardwood,exp,warming,2006,PH,DECD,NA,NA,mineral,20-Oct,NA,NA,NA,NA,1,2.44,NA,0.13,NA,2.521,2.520513611,0,Corrected for rock volume by the principal investigator
2011,10,NA,NA,warming.N,unpublished,frey,42.54,-72.18,5,SWaN,hardwood,exp,warming,2006,PH,DECD,NA,NA,mineral,20-Oct,NA,NA,NA,NA,1,3.42,NA,0.15,NA,3.336,3.335575791,0,Corrected for rock volume by the principal investigator
2011,10,NA,NA,warming.N,unpublished,frey,42.54,-72.18,8,SWaN,hardwood,exp,warming,2006,PH,DECD,NA,NA,mineral,20-Oct,NA,NA,NA,NA,1,2.45,NA,0.13,NA,2.299,2.298906612,0,Corrected for rock volume by the principal investigator
2011,10,NA,NA,warming.N,unpublished,frey,42.54,-72.18,13,SWaN,hardwood,exp,warming,2006,PH,DECD,NA,NA,mineral,20-Oct,NA,NA,NA,NA,1,3.38,NA,0.18,NA,2.817,2.816565953,0,Corrected for rock volume by the principal investigator
2011,10,NA,NA,warming.N,unpublished,frey,42.54,-72.18,18,SWaN,hardwood,exp,warming,2006,PH,DECD,NA,NA,mineral,20-Oct,NA,NA,NA,NA,1,2.35,NA,0.1,NA,2.634,2.63361582,0,Corrected for rock volume by the principal investigator
2011,10,NA,NA,warming.N,unpublished,frey,42.54,-72.18,1,SWaN,hardwood,exp,control,2006,PH,DECD,NA,NA,mineral,20-30,NA,NA,NA,NA,1,1.26,NA,0.06,NA,1.414,1.414044627,1,Corrected for rock volume by the principal investigator
2011,10,NA,NA,warming.N,unpublished,frey,42.54,-72.18,12,SWaN,hardwood,exp,control,2006,PH,DECD,NA,NA,mineral,20-30,NA,NA,NA,NA,1,1.09,NA,0.09,NA,1.078,1.077763515,1,Corrected for rock volume by the principal investigator
2011,10,NA,NA,warming.N,unpublished,frey,42.54,-72.18,14,SWaN,hardwood,exp,control,2006,PH,DECD,NA,NA,mineral,20-30,NA,NA,NA,NA,1,2.45,NA,0.14,NA,2.662,2.661713478,1,Corrected for rock volume by the principal investigator
2011,10,NA,NA,warming.N,unpublished,frey,42.54,-72.18,19,SWaN,hardwood,exp,control,2006,PH,DECD,NA,NA,mineral,20-30,NA,NA,NA,NA,1,1.05,NA,0.05,NA,1.336,1.336249507,1,Corrected for rock volume by the principal investigator
2011,10,NA,NA,warming.N,unpublished,frey,42.54,-72.18,20,SWaN,hardwood,exp,control,2006,PH,DECD,NA,NA,mineral,20-30,NA,NA,NA,NA,1,2.31,NA,0.11,NA,2.502,2.502067524,1,Corrected for rock volume by the principal investigator
2011,10,NA,NA,warming.N,unpublished,frey,42.54,-72.18,24,SWaN,hardwood,exp,control,2006,PH,DECD,NA,NA,mineral,20-30,NA,NA,NA,NA,1,1.56,NA,0.1,NA,1.669,1.668975659,1,Corrected for rock volume by the principal investigator
2011,10,NA,NA,warming.N,unpublished,frey,42.54,-72.18,2,SWaN,hardwood,exp,warming,2006,PH,DECD,NA,NA,mineral,20-30,NA,NA,NA,NA,1,1.44,NA,0.07,NA,1.249,1.248760112,0,Corrected for rock volume by the principal investigator
2011,10,NA,NA,warming.N,unpublished,frey,42.54,-72.18,5,SWaN,hardwood,exp,warming,2006,PH,DECD,NA,NA,mineral,20-30,NA,NA,NA,NA,1,2.11,NA,0.11,NA,1.977,1.977084588,0,Corrected for rock volume by the principal investigator
2011,10,NA,NA,warming.N,unpublished,frey,42.54,-72.18,8,SWaN,hardwood,exp,warming,2006,PH,DECD,NA,NA,mineral,20-30,NA,NA,NA,NA,1,1.28,NA,0.08,NA,1.347,1.347472741,0,Corrected for rock volume by the principal investigator
2011,10,NA,NA,warming.N,unpublished,frey,42.54,-72.18,13,SWaN,hardwood,exp,warming,2006,PH,DECD,NA,NA,mineral,20-30,NA,NA,NA,NA,1,2.11,NA,0.13,NA,1.773,1.772515398,0,Corrected for rock volume by the principal investigator
2011,10,NA,NA,warming.N,unpublished,frey,42.54,-72.18,18,SWaN,hardwood,exp,warming,2006,PH,DECD,NA,NA,mineral,20-30,NA,NA,NA,NA,1,1.4,NA,0.08,NA,1.155,1.15499151,0,Corrected for rock volume by the principal investigator
2011,10,NA,NA,warming.N,unpublished,frey,42.54,-72.18,1,SWaN,hardwood,exp,control,2006,PH,DECD,NA,NA,mineral,30-40,NA,NA,NA,NA,1,0.77,NA,0.07,NA,0.876,0.876106524,1,Corrected for rock volume by the principal investigator
2011,10,NA,NA,warming.N,unpublished,frey,42.54,-72.18,12,SWaN,hardwood,exp,control,2006,PH,DECD,NA,NA,mineral,30-40,NA,NA,NA,NA,1,0.69,NA,0.04,NA,0.837,0.83715846,1,Corrected for rock volume by the principal investigator
2011,10,NA,NA,warming.N,unpublished,frey,42.54,-72.18,14,SWaN,hardwood,exp,control,2006,PH,DECD,NA,NA,mineral,30-40,NA,NA,NA,NA,1,1.24,NA,0.09,NA,1.209,1.208728964,1,Corrected for rock volume by the principal investigator
2011,10,NA,NA,warming.N,unpublished,frey,42.54,-72.18,19,SWaN,hardwood,exp,control,2006,PH,DECD,NA,NA,mineral,30-40,NA,NA,NA,NA,1,0.83,NA,0.04,NA,0.993,0.993422591,1,Corrected for rock volume by the principal investigator
2011,10,NA,NA,warming.N,unpublished,frey,42.54,-72.18,20,SWaN,hardwood,exp,control,2006,PH,DECD,NA,NA,mineral,30-40,NA,NA,NA,NA,1,1.54,NA,0.08,NA,1.515,1.515080914,1,Corrected for rock volume by the principal investigator
2011,10,NA,NA,warming.N,unpublished,frey,42.54,-72.18,24,SWaN,hardwood,exp,control,2006,PH,DECD,NA,NA,mineral,30-40,NA,NA,NA,NA,1,1.27,NA,0.07,NA,1.584,1.583611622,1,Corrected for rock volume by the principal investigator
2011,10,NA,NA,warming.N,unpublished,frey,42.54,-72.18,8,SWaN,hardwood,exp,warming,2006,PH,DECD,NA,NA,mineral,30-40,NA,NA,NA,NA,1,0.91,NA,0.06,NA,1.135,1.134646939,0,Corrected for rock volume by the principal investigator
2011,10,NA,NA,warming.N,unpublished,frey,42.54,-72.18,13,SWaN,hardwood,exp,warming,2006,PH,DECD,NA,NA,mineral,30-40,NA,NA,NA,NA,1,1.44,NA,0.07,NA,1.419,1.419494324,0,Corrected for rock volume by the principal investigator
2011,10,NA,NA,warming.N,unpublished,frey,42.54,-72.18,18,SWaN,hardwood,exp,warming,2006,PH,DECD,NA,NA,mineral,30-40,NA,NA,NA,NA,1,0.9,NA,0.07,NA,1.014,1.01445837,0,Corrected for rock volume by the principal investigator
2011,10,NA,NA,warming.N,unpublished,frey,42.54,-72.18,1,SWaN,hardwood,exp,control,2006,PH,DECD,NA,NA,mineral,40-50,NA,NA,NA,NA,1,0.7,NA,0.07,NA,0.686,0.685795758,1,Corrected for rock volume by the principal investigator
2011,10,NA,NA,warming.N,unpublished,frey,42.54,-72.18,19,SWaN,hardwood,exp,control,2006,PH,DECD,NA,NA,mineral,40-50,NA,NA,NA,NA,1,0.86,NA,0.05,NA,1.025,1.024819916,1,Corrected for rock volume by the principal investigator
2011,10,NA,NA,warming.N,unpublished,frey,42.54,-72.18,24,SWaN,hardwood,exp,control,2006,PH,DECD,NA,NA,mineral,40-50,NA,NA,NA,NA,1,0.68,NA,0.06,NA,0.745,0.745438125,1,Corrected for rock volume by the principal investigator
2011,10,NA,NA,warming.N,unpublished,frey,42.54,-72.18,2,SWaN,hardwood,exp,warming,2006,PH,DECD,NA,NA,mineral,40-50,NA,NA,NA,NA,1,0.63,NA,0.03,NA,0.706,0.705948177,0,Corrected for rock volume by the principal investigator
2012,12,NA,NA,clearcut,hf227-01,williams,42.546,-72.174,NA,clearcut,hardwood,exp,control,2012,PH,DECD,1,NA,mineral,0-3,NA,0.39,NA,NA,3,19.17,0.35,0.94,0.01,2.24289,2.17519958,1,
2012,12,NA,NA,clearcut,hf227-01,williams,42.546,-72.174,NA,clearcut,hardwood,exp,control,2012,PH,DECD,2,NA,mineral,0-3,NA,0.76,NA,NA,2,9.91,0.14,0.49,0,2.25948,2.191288894,1,
2012,12,NA,NA,clearcut,hf227-01,williams,42.546,-72.174,NA,clearcut,hardwood,exp,control,2012,PH,DECD,3,NA,mineral,0-3,NA,0.56,NA,NA,3,12.05,0.23,0.59,0.02,2.0244,1.963303608,1,
2012,12,NA,NA,clearcut,hf227-01,williams,42.546,-72.174,NA,clearcut,hardwood,exp,control,2012,PH,DECD,4,NA,mineral,0-3,NA,0.63,NA,NA,3,14.86,0.21,0.7,0.01,2.80854,2.723778263,1,
2012,12,NA,NA,clearcut,hf227-01,williams,42.546,-72.174,NA,clearcut,hardwood,exp,control,2012,PH,DECD,5,NA,mineral,0-3,NA,0.52,NA,NA,3,12.4,0.35,0.79,0.02,1.9344,1.876019808,1,
2012,12,NA,NA,clearcut,hf227-01,williams,42.546,-72.174,NA,clearcut,hardwood,exp,control,2012,PH,DECD,6,NA,mineral,0-3,NA,0.57,NA,NA,3,11.59,0.68,0.78,0.04,1.98189,1.92207656,1,
2012,12,NA,NA,clearcut,hf227-01,williams,42.546,-72.174,NA,clearcut,hardwood,exp,control,2012,PH,DECD,7,NA,mineral,0-3,NA,0.5,NA,NA,3,13.27,0.22,0.72,0.02,1.9905,1.93042671,1,
2012,12,NA,NA,clearcut,hf227-01,williams,42.546,-72.174,NA,clearcut,hardwood,exp,control,2012,PH,DECD,8,NA,mineral,0-3,NA,0.49,NA,NA,1,14.45,0.37,0.74,0.03,2.12415,2.060043153,1,
2012,12,NA,NA,clearcut,hf227-01,williams,42.546,-72.174,NA,clearcut,hardwood,exp,control,2012,PH,DECD,9,NA,mineral,0-3,NA,0.4,NA,NA,3,16.63,0.41,0.92,0.03,1.9956,1.935372792,1,
2012,12,NA,NA,clearcut,hf227-01,williams,42.546,-72.174,NA,clearcut,hardwood,exp,control,2012,PH,DECD,10,NA,mineral,0-3,NA,0.56,NA,NA,2,15.2,0.27,0.8,0,2.5536,2.476532352,1,
2012,12,NA,NA,clearcut,hf227-01,williams,42.546,-72.174,NA,clearcut,hardwood,exp,control,2012,PH,DECD,11,NA,mineral,0-3,NA,0.41,NA,NA,3,16.68,0.98,0.89,0.06,2.05164,1.989721505,1,
2012,12,NA,NA,clearcut,hf227-01,williams,42.546,-72.174,NA,clearcut,hardwood,exp,control,2012,PH,DECD,12,NA,mineral,0-3,NA,0.52,NA,NA,3,14.06,0.53,0.75,0.03,2.19336,2.127164395,1,
2012,12,NA,NA,clearcut,hf227-01,williams,42.546,-72.174,NA,clearcut,hardwood,exp,trenched,2012,PH,DECD,1,NA,mineral,0-3,NA,0.65,NA,NA,3,13.01,0.18,0.75,0.01,2.53695,2.460384849,0,
2012,12,NA,NA,clearcut,hf227-01,williams,42.546,-72.174,NA,clearcut,hardwood,exp,trenched,2012,PH,DECD,2,NA,mineral,0-3,NA,0.65,NA,NA,3,12.48,0.75,0.79,0.06,2.4336,2.360153952,0,
2012,12,NA,NA,clearcut,hf227-01,williams,42.546,-72.174,NA,clearcut,hardwood,exp,trenched,2012,PH,DECD,3,NA,mineral,0-3,NA,0.67,NA,NA,3,19.37,0.62,0.83,0.05,3.89337,3.775868093,0,
2012,12,NA,NA,clearcut,hf227-01,williams,42.546,-72.174,NA,clearcut,hardwood,exp,control,2012,PH,DECD,1,NA,organic,3,297.46,NA,NA,NA,1,NA,NA,NA,NA,0.14873,0.14873,1,kgCm2 estimated using %C = 50%
2012,12,NA,NA,clearcut,hf227-01,williams,42.546,-72.174,NA,clearcut,hardwood,exp,control,2012,PH,DECD,2,NA,organic,4.1,378.56,NA,NA,NA,1,NA,NA,NA,NA,0.18928,0.18928,1,kgCm2 estimated using %C = 50%
2012,12,NA,NA,clearcut,hf227-01,williams,42.546,-72.174,NA,clearcut,hardwood,exp,control,2012,PH,DECD,3,NA,organic,7,559.8,NA,NA,NA,1,NA,NA,NA,NA,0.2799,0.2799,1,kgCm2 estimated using %C = 50%
2012,12,NA,NA,clearcut,hf227-01,williams,42.546,-72.174,NA,clearcut,hardwood,exp,control,2012,PH,DECD,4,NA,organic,3.6,355.36,NA,NA,NA,1,NA,NA,NA,NA,0.17768,0.17768,1,kgCm2 estimated using %C = 50%
2012,12,NA,NA,clearcut,hf227-01,williams,42.546,-72.174,NA,clearcut,hardwood,exp,control,2012,PH,DECD,5,NA,organic,3.2,289.24,NA,NA,NA,1,NA,NA,NA,NA,0.14462,0.14462,1,kgCm2 estimated using %C = 50%
2012,12,NA,NA,clearcut,hf227-01,williams,42.546,-72.174,NA,clearcut,hardwood,exp,control,2012,PH,DECD,6,NA,organic,3.8,394.59,NA,NA,NA,1,NA,NA,NA,NA,0.197295,0.197295,1,kgCm2 estimated using %C = 50%
2012,12,NA,NA,clearcut,hf227-01,williams,42.546,-72.174,NA,clearcut,hardwood,exp,control,2012,PH,DECD,7,NA,organic,10.6,476.1,NA,NA,NA,1,NA,NA,NA,NA,0.23805,0.23805,1,kgCm2 estimated using %C = 50%
2012,12,NA,NA,clearcut,hf227-01,williams,42.546,-72.174,NA,clearcut,hardwood,exp,control,2012,PH,DECD,8,NA,organic,17,1640.75,NA,NA,NA,1,NA,NA,NA,NA,0.820375,0.820375,1,kgCm2 estimated using %C = 50%
2012,12,NA,NA,clearcut,hf227-01,williams,42.546,-72.174,NA,clearcut,hardwood,exp,control,2012,PH,DECD,9,NA,organic,6.8,673.66,NA,NA,NA,1,NA,NA,NA,NA,0.33683,0.33683,1,kgCm2 estimated using %C = 50%
2012,12,NA,NA,clearcut,hf227-01,williams,42.546,-72.174,NA,clearcut,hardwood,exp,control,2012,PH,DECD,10,NA,organic,5.9,766.88,NA,NA,NA,1,NA,NA,NA,NA,0.38344,0.38344,1,kgCm2 estimated using %C = 50%
2012,12,NA,NA,clearcut,hf227-01,williams,42.546,-72.174,NA,clearcut,hardwood,exp,control,2012,PH,DECD,11,NA,organic,3,321.57,NA,NA,NA,1,NA,NA,NA,NA,0.160785,0.160785,1,kgCm2 estimated using %C = 50%
2012,12,NA,NA,clearcut,hf227-01,williams,42.546,-72.174,NA,clearcut,hardwood,exp,control,2012,PH,DECD,12,NA,organic,5,393.4,NA,NA,NA,1,NA,NA,NA,NA,0.1967,0.1967,1,kgCm2 estimated using %C = 50%
2012,12,NA,NA,clearcut,hf227-01,williams,42.546,-72.174,NA,clearcut,hardwood,exp,trenched,2012,PH,DECD,1,NA,organic,3.2,767.48,NA,NA,NA,1,NA,NA,NA,NA,0.38374,0.38374,0,kgCm2 estimated using %C = 50%
2012,12,NA,NA,clearcut,hf227-01,williams,42.546,-72.174,NA,clearcut,hardwood,exp,trenched,2012,PH,DECD,2,NA,organic,1.7,527.22,NA,NA,NA,1,NA,NA,NA,NA,0.26361,0.26361,0,kgCm2 estimated using %C = 50%
2012,12,NA,NA,clearcut,hf227-01,williams,42.546,-72.174,NA,clearcut,hardwood,exp,trenched,2012,PH,DECD,3,NA,organic,3.5,658.55,NA,NA,NA,1,NA,NA,NA,NA,0.329275,0.329275,0,kgCm2 estimated using %C = 50%
2015,7,21,202,infested_hemlock,hf293-05,finzi,42.54379083,-72.17676733,1,hemlock,conifer,exp,infested,NA,PH,TSCA,1,1,organic,8,503.26,0.11086,NA,NA,1,50.9362,NA,1.4405,NA,4.5174933,4.5174933,0,
2015,7,21,202,infested_hemlock,hf293-05,finzi,42.54379083,-72.17676733,1,hemlock,conifer,exp,infested,NA,PH,TSCA,2,1,mineral, 0-10,132.62,0.4613,NA,NA,1,7.5375,NA,0.2463,NA,3.4770468,2.622736401,0,
2015,7,21,202,infested_hemlock,hf293-05,finzi,42.54379083,-72.17676733,1,hemlock,conifer,exp,infested,NA,PH,TSCA,3,1,mineral, 10-20,227.2,0.90011,NA,NA,1,4.5664,NA,0.16165,NA,4.1102907,3.065660319,0,
2015,7,21,202,infested_hemlock,hf293-05,finzi,42.54379083,-72.17676733,1,hemlock,conifer,exp,infested,NA,PH,TSCA,4,1,mineral, 20-30,350.25,1.5798,NA,NA,1,0.89875,NA,0.050516,NA,1.4198165,1.046972687,0,
2015,7,21,202,infested_hemlock,hf293-05,finzi,42.54379083,-72.17676733,1,hemlock,conifer,exp,infested,NA,PH,TSCA,5,2,organic,8,498.71,0.12468,NA,NA,1,44.0181,NA,1.217,NA,4.3904526,4.3904526,0,
2015,7,21,202,infested_hemlock,hf293-05,finzi,42.54379083,-72.17676733,1,hemlock,conifer,exp,infested,NA,PH,TSCA,6,2,mineral, 0-10,143.85,0.50732,NA,NA,1,7.1258,NA,0.18542,NA,3.6150704,2.726847603,0,
2015,7,21,202,infested_hemlock,hf293-05,finzi,42.54379083,-72.17676733,1,hemlock,conifer,exp,infested,NA,PH,TSCA,7,2,mineral, 10-20,226.56,0.87277,NA,NA,1,3.2553,NA,0.15036,NA,2.841128,2.119055319,0,
2015,7,21,202,infested_hemlock,hf293-05,finzi,42.54379083,-72.17676733,1,hemlock,conifer,exp,infested,NA,PH,TSCA,8,2,mineral, 20-30,303.7,1.2749,NA,NA,1,2.1181,NA,0.11654,NA,2.7003777,1.991258516,0,
2015,7,21,202,infested_hemlock,hf293-05,finzi,42.54379083,-72.17676733,1,hemlock,conifer,exp,infested,NA,PH,TSCA,9,3,organic,6,577.45,0.20237,NA,NA,1,46.3945,NA,1.3119,NA,5.6332798,5.6332798,0,
2015,7,21,202,infested_hemlock,hf293-05,finzi,42.54379083,-72.17676733,1,hemlock,conifer,exp,infested,NA,PH,TSCA,10,3,mineral, 0-10,143.38,0.5915,NA,NA,1,3.7605,NA,0.15293,NA,2.2243511,1.677828035,0,
2015,7,21,202,infested_hemlock,hf293-05,finzi,42.54379083,-72.17676733,1,hemlock,conifer,exp,infested,NA,PH,TSCA,11,3,mineral, 10-20,190.69,0.80417,NA,NA,1,1.7781,NA,0.057001,NA,1.4299205,1.066506205,0,
2015,7,21,202,infested_hemlock,hf293-05,finzi,42.54379083,-72.17676733,1,hemlock,conifer,exp,infested,NA,PH,TSCA,12,3,mineral, 20-30,204.21,0.82063,NA,NA,1,4.0614,NA,0.087044,NA,3.3328804,2.457666007,0,
2015,7,21,202,infested_hemlock,hf293-05,finzi,42.54379083,-72.17676733,1,hemlock,conifer,exp,infested,NA,PH,TSCA,13,4,organic,8,503.31,0.12449,NA,NA,1,40.3902,NA,1.1013,NA,4.0225091,4.0225091,0,
2015,7,21,202,infested_hemlock,hf293-05,finzi,42.54379083,-72.17676733,1,hemlock,conifer,exp,infested,NA,PH,TSCA,14,4,mineral, 0-10,141.98,0.47708,NA,NA,1,6.6733,NA,0.16932,NA,3.1837149,2.401476149,0,
2015,7,21,202,infested_hemlock,hf293-05,finzi,42.54379083,-72.17676733,1,hemlock,conifer,exp,infested,NA,PH,TSCA,15,4,mineral, 10-20,227.42,0.76689,NA,NA,1,7.6162,NA,0.30213,NA,5.8408073,4.356366125,0,
2015,7,21,202,infested_hemlock,hf293-05,finzi,42.54379083,-72.17676733,1,hemlock,conifer,exp,infested,NA,PH,TSCA,16,4,mineral, 20-30,151.47,0.55934,NA,NA,1,3.8847,NA,0.11478,NA,2.1728606,1.602267406,0,
2015,7,21,202,infested_hemlock,hf293-05,finzi,42.54379083,-72.17676733,1,hemlock,conifer,exp,infested,NA,PH,TSCA,17,5,organic,17,1367.94,0.12308,NA,NA,1,49.2111,NA,1.3256,NA,10.2966787,10.2966787,0,
2015,7,21,202,infested_hemlock,hf293-05,finzi,42.54379083,-72.17676733,1,hemlock,conifer,exp,infested,NA,PH,TSCA,18,5,mineral, 0-10,94.19,0.32185,NA,NA,1,10.59,NA,0.2998,NA,3.4084174,2.570969245,0,
2015,7,21,202,infested_hemlock,hf293-05,finzi,42.54379083,-72.17676733,1,hemlock,conifer,exp,infested,NA,PH,TSCA,19,5,mineral, 10-15,94.45,0.76311,NA,NA,1,5.9189,NA,0.12171,NA,2.2583835,1.703498674,0,hit rock @ 15 cm - partial core
2015,7,21,202,infested_hemlock,hf293-05,finzi,42.54379083,-72.17676733,1,hemlock,conifer,exp,infested,NA,PH,TSCA,20,5,mineral, 20-30,NA,NA,NA,NA,1,NA,NA,NA,NA,NA,NA,0,no sample - rock @ 15 cm
2015,7,21,202,infested_hemlock,hf293-05,finzi,42.54379083,-72.17676733,1,hemlock,conifer,exp,infested,NA,PH,TSCA,21,6,organic,4,504.68,0.27693,NA,NA,1,34.3559,NA,1.3816,NA,3.8057051,3.8057051,0,
2015,7,21,202,infested_hemlock,hf293-05,finzi,42.54379083,-72.17676733,1,hemlock,conifer,exp,infested,NA,PH,TSCA,22,6,mineral, 0-10,107.14,0.37174,NA,NA,1,10.8536,NA,0.53021,NA,4.0347057,3.04337851,0,
2015,7,21,202,infested_hemlock,hf293-05,finzi,42.54379083,-72.17676733,1,hemlock,conifer,exp,infested,NA,PH,TSCA,23,6,mineral, 10-20,219.36,0.8333,NA,NA,1,4.1605,NA,0.19182,NA,3.4669679,2.585838008,0,
2015,7,21,202,infested_hemlock,hf293-05,finzi,42.54379083,-72.17676733,1,hemlock,conifer,exp,infested,NA,PH,TSCA,24,6,mineral, 20-30,264.23,1.0897,NA,NA,1,2.2414,NA,0.12632,NA,2.4424714,1.80107841,0,
2015,8,26,238,infested_hemlock,hf293-05,finzi,42.54379083,-72.17676733,2,hemlock,conifer,exp,infested,NA,PH,TSCA,25,1,organic,6.5,727.16,0.23531,NA,NA,1,45.6665,NA,1.3509,NA,6.9846161,6.9846161,0,
2015,8,26,238,infested_hemlock,hf293-05,finzi,42.54379083,-72.17676733,2,hemlock,conifer,exp,infested,NA,PH,TSCA,26,1,mineral, 0-10,175.32,0.66576,NA,NA,1,6.2323,NA,0.20339,NA,4.1492491,3.129778596,0,
2015,8,26,238,infested_hemlock,hf293-05,finzi,42.54379083,-72.17676733,2,hemlock,conifer,exp,infested,NA,PH,TSCA,27,1,mineral, 10-20,216.42,0.82703,NA,NA,1,3.0733,NA,0.15917,NA,2.5417185,1.895740743,0,
2015,8,26,238,infested_hemlock,hf293-05,finzi,42.54379083,-72.17676733,2,hemlock,conifer,exp,infested,NA,PH,TSCA,28,1,mineral, 20-30,250.47,1.0782,NA,NA,1,1.611,NA,0.10405,NA,1.7370439,1.280896172,0,
2015,8,26,238,infested_hemlock,hf293-05,finzi,42.54379083,-72.17676733,2,hemlock,conifer,exp,infested,NA,PH,TSCA,29,2,organic,12,1027.59,0.15074,NA,NA,1,42.0484,NA,1.2215,NA,7.6062301,7.6062301,0,
2015,8,26,238,infested_hemlock,hf293-05,finzi,42.54379083,-72.17676733,2,hemlock,conifer,exp,infested,NA,PH,TSCA,30,2,mineral, 0-10,176.3,0.71431,NA,NA,1,6.8914,NA,0.20036,NA,4.9225899,3.713109562,0,
2015,8,26,238,infested_hemlock,hf293-05,finzi,42.54379083,-72.17676733,2,hemlock,conifer,exp,infested,NA,PH,TSCA,31,2,mineral, 10-20,187.44,0.66942,NA,NA,1,5.4856,NA,0.25548,NA,3.6722002,2.738910519,0,
2015,8,26,238,infested_hemlock,hf293-05,finzi,42.54379083,-72.17676733,2,hemlock,conifer,exp,infested,NA,PH,TSCA,32,2,mineral, 20-30,235.22,0.94967,NA,NA,1,3.2827,NA,0.12147,NA,3.1174714,2.29882341,0,
2015,8,26,238,infested_hemlock,hf293-05,finzi,42.54379083,-72.17676733,2,hemlock,conifer,exp,infested,NA,PH,TSCA,33,3,organic,9,802.62,0.14419,NA,NA,1,43.7048,NA,1.3423,NA,5.6714562,5.6714562,0,
2015,8,26,238,infested_hemlock,hf293-05,finzi,42.54379083,-72.17676733,2,hemlock,conifer,exp,infested,NA,PH,TSCA,34,3,mineral, 0-10,159.66,0.63325,NA,NA,1,6.6925,NA,0.17977,NA,4.2379727,3.196702808,0,
2015,8,26,238,infested_hemlock,hf293-05,finzi,42.54379083,-72.17676733,2,hemlock,conifer,exp,infested,NA,PH,TSCA,35,3,mineral, 10-20,237.76,0.98917,NA,NA,1,3.5211,NA,0.13278,NA,3.4829583,2.597764448,0,
2015,8,26,238,infested_hemlock,hf293-05,finzi,42.54379083,-72.17676733,2,hemlock,conifer,exp,infested,NA,PH,TSCA,36,3,mineral, 20-30,216.01,0.98332,NA,NA,1,0.8858,NA,0.098803,NA,0.8710265,0.642294941,0,
2015,8,26,238,infested_hemlock,hf293-05,finzi,42.54379083,-72.17676733,2,hemlock,conifer,exp,infested,NA,PH,TSCA,37,4,organic,10,711.08,0.1669,NA,NA,1,45.6793,NA,1.2871,NA,7.6241049,7.6241049,0,
2015,8,26,238,infested_hemlock,hf293-05,finzi,42.54379083,-72.17676733,2,hemlock,conifer,exp,infested,NA,PH,TSCA,38,4,mineral, 0-10,169.99,0.69756,NA,NA,1,4.8671,NA,0.19694,NA,3.3950635,2.560896398,0,
2015,8,26,238,infested_hemlock,hf293-05,finzi,42.54379083,-72.17676733,2,hemlock,conifer,exp,infested,NA,PH,TSCA,39,4,mineral, 10-20,206.65,0.84787,NA,NA,1,3.4033,NA,0.17053,NA,2.8855761,2.152206934,0,
2015,8,26,238,infested_hemlock,hf293-05,finzi,42.54379083,-72.17676733,2,hemlock,conifer,exp,infested,NA,PH,TSCA,40,4,mineral, 20-30,272.39,1.2146,NA,NA,1,1.0866,NA,0.087275,NA,1.3197249,0.973165141,0,
2015,8,26,238,infested_hemlock,hf293-05,finzi,42.54379083,-72.17676733,2,hemlock,conifer,exp,infested,NA,PH,TSCA,41,5,organic,9.5,857.35,0.16901,NA,NA,1,47.7953,NA,1.4913,NA,7.6738469,7.6738469,0,
2015,8,26,238,infested_hemlock,hf293-05,finzi,42.54379083,-72.17676733,2,hemlock,conifer,exp,infested,NA,PH,TSCA,42,5,mineral, 0-10,124.32,0.5484,NA,NA,1,5.927,NA,0.20901,NA,3.2503608,2.451747151,0,
2015,8,26,238,infested_hemlock,hf293-05,finzi,42.54379083,-72.17676733,2,hemlock,conifer,exp,infested,NA,PH,TSCA,43,5,mineral, 10-20,244.95,NA,NA,NA,1,3.434,NA,0.13605,NA,NA,NA,0,bad density - hit rock and root
2015,8,26,238,infested_hemlock,hf293-05,finzi,42.54379083,-72.17676733,2,hemlock,conifer,exp,infested,NA,PH,TSCA,44,5,mineral, 20-30,64.51,NA,NA,NA,1,3.4618,NA,0.14307,NA,NA,NA,0,incomplete sample - hit rock and root
2015,8,26,238,infested_hemlock,hf293-05,finzi,42.54379083,-72.17676733,2,hemlock,conifer,exp,infested,NA,PH,TSCA,45,6,organic,10.5,898.19,0.17108,NA,NA,1,50.6092,NA,1.5191,NA,9.0913429,9.0913429,0,
2015,8,26,238,infested_hemlock,hf293-05,finzi,42.54379083,-72.17676733,2,hemlock,conifer,exp,infested,NA,PH,TSCA,46,6,mineral, 0-10,100.79,0.43156,NA,NA,1,6.065,NA,0.15394,NA,2.6173814,1.97429079,0,
2015,8,26,238,infested_hemlock,hf293-05,finzi,42.54379083,-72.17676733,2,hemlock,conifer,exp,infested,NA,PH,TSCA,47,6,mineral, 10-20,164.58,0.6858,NA,NA,1,4.1554,NA,0.18841,NA,2.8497681,2.125499537,0,
2015,8,26,238,infested_hemlock,hf293-05,finzi,42.54379083,-72.17676733,2,hemlock,conifer,exp,infested,NA,PH,TSCA,48,6,mineral, 20-30,171.66,0.70465,NA,NA,1,3.679,NA,0.12573,NA,2.5923738,1.91161644,0,
2015,8,26,238,infested_hemlock,hf293-05,finzi,42.54379083,-72.17676733,3,hemlock,conifer,exp,infested,NA,PH,TSCA,49,1,organic,7,814.893,0.18766,NA,NA,1,45.919,NA,1.847,NA,6.0321745,6.0321745,0,
2015,8,26,238,infested_hemlock,hf293-05,finzi,42.54379083,-72.17676733,3,hemlock,conifer,exp,infested,NA,PH,TSCA,50,1,mineral, 0-10,111.88,0.39604,NA,NA,1,8.2469,NA,0.33128,NA,3.2661073,2.463624736,0,
2015,8,26,238,infested_hemlock,hf293-05,finzi,42.54379083,-72.17676733,3,hemlock,conifer,exp,infested,NA,PH,TSCA,51,1,mineral, 10-20,250.13,0.97776,NA,NA,1,4.6482,NA,0.23187,NA,4.5447976,3.38973729,0,
2015,8,26,238,infested_hemlock,hf293-05,finzi,42.54379083,-72.17676733,3,hemlock,conifer,exp,infested,NA,PH,TSCA,52,1,mineral, 20-30,136.69,0.48442,NA,NA,1,8.4197,NA,0.32116,NA,4.0787143,3.007643925,0,
2015,8,26,238,infested_hemlock,hf293-05,finzi,42.54379083,-72.17676733,3,hemlock,conifer,exp,infested,NA,PH,TSCA,53,2,organic,6,651.72,0.19307,NA,NA,1,42.9146,NA,1.6582,NA,4.9714323,4.9714323,0,
2015,8,26,238,infested_hemlock,hf293-05,finzi,42.54379083,-72.17676733,3,hemlock,conifer,exp,infested,NA,PH,TSCA,54,2,mineral, 0-10,134.04,0.53992,NA,NA,1,4.1634,NA,0.116,NA,2.2478944,1.695586746,0,
2015,8,26,238,infested_hemlock,hf293-05,finzi,42.54379083,-72.17676733,3,hemlock,conifer,exp,infested,NA,PH,TSCA,55,2,mineral, 10-20,219.98,0.88901,NA,NA,1,5.5144,NA,0.27642,NA,4.9023355,3.656406933,0,
2015,8,26,238,infested_hemlock,hf293-05,finzi,42.54379083,-72.17676733,3,hemlock,conifer,exp,infested,NA,PH,TSCA,56,2,mineral, 20-30,227.59,1.0016,NA,NA,1,1.2497,NA,0.087146,NA,1.2516737,0.922984186,0,
2015,8,26,238,infested_hemlock,hf293-05,finzi,42.54379083,-72.17676733,3,hemlock,conifer,exp,infested,NA,PH,TSCA,57,3,organic,8,731.27,0.1435,NA,NA,1,47.1704,NA,1.7113,NA,5.4149747,5.4149747,0,
2015,8,26,238,infested_hemlock,hf293-05,finzi,42.54379083,-72.17676733,3,hemlock,conifer,exp,infested,NA,PH,TSCA,58,3,mineral, 0-10,154.05,0.60312,NA,NA,1,6.3863,NA,0.28237,NA,3.8516784,2.905321017,0,
2015,8,26,238,infested_hemlock,hf293-05,finzi,42.54379083,-72.17676733,3,hemlock,conifer,exp,infested,NA,PH,TSCA,59,3,mineral, 10-20,222.49,0.92747,NA,NA,1,4.7404,NA,0.20731,NA,4.3965626,3.279176215,0,
2015,8,26,238,infested_hemlock,hf293-05,finzi,42.54379083,-72.17676733,3,hemlock,conifer,exp,infested,NA,PH,TSCA,60,3,mineral, 20-30,209.13,0.84116,NA,NA,1,3.8806,NA,0.21906,NA,3.2642249,2.407039441,0,
2015,8,26,238,infested_hemlock,hf293-05,finzi,42.54379083,-72.17676733,3,hemlock,conifer,exp,infested,NA,PH,TSCA,61,4,organic,6,671.93,0.21724,NA,NA,1,36.8981,NA,1.3336,NA,4.8093842,4.8093842,0,
2015,8,26,238,infested_hemlock,hf293-05,finzi,42.54379083,-72.17676733,3,hemlock,conifer,exp,infested,NA,PH,TSCA,62,4,mineral, 0-10,155.65,0.59945,NA,NA,1,7.3025,NA,0.26753,NA,4.3775085,3.301954662,0,
2015,8,26,238,infested_hemlock,hf293-05,finzi,42.54379083,-72.17676733,3,hemlock,conifer,exp,infested,NA,PH,TSCA,63,4,mineral, 10-20,234.82,0.98816,NA,NA,1,3.3307,NA,0.17699,NA,3.2912649,2.454789926,0,
2015,8,26,238,infested_hemlock,hf293-05,finzi,42.54379083,-72.17676733,3,hemlock,conifer,exp,infested,NA,PH,TSCA,64,4,mineral, 20-30,239.91,1.0933,NA,NA,1,1.4711,NA,0.11527,NA,1.6083137,1.185970522,0,
2015,8,26,238,infested_hemlock,hf293-05,finzi,42.54379083,-72.17676733,3,hemlock,conifer,exp,infested,NA,PH,TSCA,65,5,organic,7.5,823.99,0.17866,NA,NA,1,48.6661,NA,1.5513,NA,6.5209644,6.5209644,0,
2015,8,26,238,infested_hemlock,hf293-05,finzi,42.54379083,-72.17676733,3,hemlock,conifer,exp,infested,NA,PH,TSCA,66,5,mineral, 0-10,155.13,0.57846,NA,NA,1,10.5495,NA,0.39243,NA,6.1024426,4.603072453,0,
2015,8,26,238,infested_hemlock,hf293-05,finzi,42.54379083,-72.17676733,3,hemlock,conifer,exp,infested,NA,PH,TSCA,67,5,mineral, 10-20,201.2,0.80523,NA,NA,1,4.6288,NA,0.19488,NA,3.7272999,2.78000663,0,
2015,8,26,238,infested_hemlock,hf293-05,finzi,42.54379083,-72.17676733,3,hemlock,conifer,exp,infested,NA,PH,TSCA,68,5,mineral, 20-30,175.64,0.74187,NA,NA,1,2.6289,NA,0.12065,NA,1.9502756,1.438133227,0,
2015,8,26,238,infested_hemlock,hf293-05,finzi,42.54379083,-72.17676733,3,hemlock,conifer,exp,infested,NA,PH,TSCA,69,6,organic,7,783.14,0.17426,NA,NA,1,49.6516,NA,1.6513,NA,6.0565581,6.0565581,0,
2015,8,26,238,infested_hemlock,hf293-05,finzi,42.54379083,-72.17676733,3,hemlock,conifer,exp,infested,NA,PH,TSCA,70,6,mineral, 0-10,164.54,0.69444,NA,NA,1,4.6571,NA,0.19797,NA,3.2340775,2.439464658,0,
2015,8,26,238,infested_hemlock,hf293-05,finzi,42.54379083,-72.17676733,3,hemlock,conifer,exp,infested,NA,PH,TSCA,71,6,mineral, 10-20,211.93,0.87658,NA,NA,1,3.2465,NA,0.15474,NA,2.8457623,2.122511811,0,
2015,8,26,238,infested_hemlock,hf293-05,finzi,42.54379083,-72.17676733,3,hemlock,conifer,exp,infested,NA,PH,TSCA,72,6,mineral, 20-30,254.32,1.0683,NA,NA,1,2.2574,NA,0.13777,NA,2.4117329,1.77841184,0,
2015,8,10,222,infested_hemlock,hf293-05,finzi,42.54379083,-72.17676733,4,hemlock,conifer,obs,control,NA,PH,TSCA,73,1,organic,16.5,879.31,0.13421,NA,NA,1,43.6871,NA,1.3636,NA,9.6743371,9.6743371,1,
2015,8,10,222,infested_hemlock,hf293-05,finzi,42.54379083,-72.17676733,4,hemlock,conifer,obs,control,NA,PH,TSCA,74,1,mineral, 0-10,175.32,0.83108,NA,NA,1,3.1486,NA,0.09565,NA,2.6167397,1.973806756,1,
2015,8,10,222,infested_hemlock,hf293-05,finzi,42.54379083,-72.17676733,4,hemlock,conifer,obs,control,NA,PH,TSCA,75,1,mineral, 10-20,252.13,1.2424,NA,NA,1,1.3263,NA,0.086772,NA,1.6477476,1.228972547,1,
2015,8,10,222,infested_hemlock,hf293-05,finzi,42.54379083,-72.17676733,4,hemlock,conifer,obs,control,NA,PH,TSCA,76,1,mineral, 20-30,173.31,0.83828,NA,NA,1,1.2548,NA,0.084041,NA,1.0518577,0.775639868,1,
2015,8,10,222,infested_hemlock,hf293-05,finzi,42.54379083,-72.17676733,4,hemlock,conifer,obs,control,NA,PH,TSCA,77,2,organic,10,616.71,0.16273,NA,NA,1,48.9441,NA,1.4678,NA,7.9646077,7.9646077,1,
2015,8,10,222,infested_hemlock,hf293-05,finzi,42.54379083,-72.17676733,4,hemlock,conifer,obs,control,NA,PH,TSCA,78,2,mineral, 0-10,175.66,0.82924,NA,NA,1,2.968,NA,0.13357,NA,2.4611837,1.856470865,1,
2015,8,10,222,infested_hemlock,hf293-05,finzi,42.54379083,-72.17676733,4,hemlock,conifer,obs,control,NA,PH,TSCA,79,2,mineral, 10-20,106.57,0.51946,NA,NA,1,2.9192,NA,0.10575,NA,1.5164354,1.131033343,1,
2015,8,10,222,infested_hemlock,hf293-05,finzi,42.54379083,-72.17676733,4,hemlock,conifer,obs,control,NA,PH,TSCA,80,2,mineral, 20-30,179.64,0.88962,NA,NA,1,1.7073,NA,0.11298,NA,1.5188407,1.119993132,1,
2015,8,10,222,infested_hemlock,hf293-05,finzi,42.54379083,-72.17676733,4,hemlock,conifer,obs,control,NA,PH,TSCA,81,3,organic,10.5,733.04,0.1651,NA,NA,1,42.2211,NA,1.1666,NA,7.3194558,7.3194558,1,
2015,8,10,222,infested_hemlock,hf293-05,finzi,42.54379083,-72.17676733,4,hemlock,conifer,obs,control,NA,PH,TSCA,82,3,mineral, 0-10,147.04,0.67255,NA,NA,1,6.9396,NA,0.26885,NA,4.6672102,3.520476654,1,
2015,8,10,222,infested_hemlock,hf293-05,finzi,42.54379083,-72.17676733,4,hemlock,conifer,obs,control,NA,PH,TSCA,83,3,mineral, 10-20,216.21,1.0139,NA,NA,1,2.3329,NA,0.10721,NA,2.3652783,1.76414282,1,
2015,8,10,222,infested_hemlock,hf293-05,finzi,42.54379083,-72.17676733,4,hemlock,conifer,obs,control,NA,PH,TSCA,84,3,mineral, 20-30,142.61,0.64408,NA,NA,1,2.1206,NA,0.073269,NA,1.3658254,1.00715965,1,
2015,8,10,222,infested_hemlock,hf293-05,finzi,42.54379083,-72.17676733,4,hemlock,conifer,obs,control,NA,PH,TSCA,85,4,organic,9,661.82,0.18413,NA,NA,1,43.2333,NA,1.4546,NA,7.1644007,7.1644007,1,
2015,8,10,222,infested_hemlock,hf293-05,finzi,42.54379083,-72.17676733,4,hemlock,conifer,obs,control,NA,PH,TSCA,86,4,mineral, 0-10,192.19,0.75107,NA,NA,1,5.007,NA,0.20384,NA,3.7605801,2.836605569,1,
2015,8,10,222,infested_hemlock,hf293-05,finzi,42.54379083,-72.17676733,4,hemlock,conifer,obs,control,NA,PH,TSCA,87,4,mineral, 10-15,403.66,3.3037,NA,NA,1,2.7517,NA,0.14664,NA,4.5453741,3.428575684,1,
2015,8,10,222,infested_hemlock,hf293-05,finzi,42.54379083,-72.17676733,4,hemlock,conifer,obs,control,NA,PH,TSCA,88,4,mineral, 20-30,NA,NA,NA,NA,1,NA,NA,NA,NA,NA,NA,1,no sample - large rock at 15cm
2015,8,10,222,infested_hemlock,hf293-05,finzi,42.54379083,-72.17676733,4,hemlock,conifer,obs,control,NA,PH,TSCA,89,5,organic,17,984.56,0.11887,NA,NA,1,49.2102,NA,1.3148,NA,9.9439715,9.9439715,1,
2015,8,10,222,infested_hemlock,hf293-05,finzi,42.54379083,-72.17676733,4,hemlock,conifer,obs,control,NA,PH,TSCA,90,5,mineral, 0-10,111.63,0.54003,NA,NA,1,4.8976,NA,0.15259,NA,2.6448762,1.995030118,1,
2015,8,10,222,infested_hemlock,hf293-05,finzi,42.54379083,-72.17676733,4,hemlock,conifer,obs,control,NA,PH,TSCA,91,5,mineral, 10-20,174.93,0.73672,NA,NA,1,5.9363,NA,0.26044,NA,4.3734073,3.261905835,1,
2015,8,10,222,infested_hemlock,hf293-05,finzi,42.54379083,-72.17676733,4,hemlock,conifer,obs,control,NA,PH,TSCA,92,5,mineral, 20-30,156,0.63454,NA,NA,1,5.4542,NA,0.24408,NA,3.4609111,2.552075845,1,
2015,8,10,222,infested_hemlock,hf293-05,finzi,42.54379083,-72.17676733,4,hemlock,conifer,obs,control,NA,PH,TSCA,93,6,organic,10,421.33,0.10193,NA,NA,1,48.9936,NA,1.4514,NA,4.9941424,4.9941424,1,
2015,8,10,222,infested_hemlock,hf293-05,finzi,42.54379083,-72.17676733,4,hemlock,conifer,obs,control,NA,PH,TSCA,94,6,mineral, 0-10,101.89,0.44579,NA,NA,1,4.109,NA,0.14191,NA,1.8317495,1.381688648,1,
2015,8,10,222,infested_hemlock,hf293-05,finzi,42.54379083,-72.17676733,4,hemlock,conifer,obs,control,NA,PH,TSCA,95,6,mineral, 10-20,206.9,0.8225,NA,NA,1,3.3478,NA,0.17915,NA,2.7535963,2.0537698,1,
2015,8,10,222,infested_hemlock,hf293-05,finzi,42.54379083,-72.17676733,4,hemlock,conifer,obs,control,NA,PH,TSCA,96,6,mineral, 20-30,192.71,0.76438,NA,NA,1,2.0172,NA,0.086249,NA,1.541905,1.137000747,1,
2015,8,10,222,infested_hemlock,hf293-05,finzi,42.54379083,-72.17676733,5,hemlock,conifer,obs,control,NA,PH,TSCA,97,1,organic,5,390.51,0.16784,NA,NA,1,37.2438,NA,1.4804,NA,3.1254985,3.1254985,1,
2015,8,10,222,infested_hemlock,hf293-05,finzi,42.54379083,-72.17676733,5,hemlock,conifer,obs,control,NA,PH,TSCA,98,1,mineral, 0-10,137.32,0.62703,NA,NA,1,7.4481,NA,0.31207,NA,4.6701441,3.522689695,1,
2015,8,10,222,infested_hemlock,hf293-05,finzi,42.54379083,-72.17676733,5,hemlock,conifer,obs,control,NA,PH,TSCA,99,1,mineral, 10-20,222.8,1.0859,NA,NA,1,2.6338,NA,0.1612,NA,2.8599444,2.133089531,1,
2015,8,10,222,infested_hemlock,hf293-05,finzi,42.54379083,-72.17676733,5,hemlock,conifer,obs,control,NA,PH,TSCA,100,1,mineral, 20-30,187.41,0.94141,NA,NA,1,1.1373,NA,0.064765,NA,1.07068,0.789519432,1,
2015,8,10,222,infested_hemlock,hf293-05,finzi,42.54379083,-72.17676733,5,hemlock,conifer,obs,control,NA,PH,TSCA,101,2,organic,5,313.07,0.14926,NA,NA,1,39.6857,NA,1.519,NA,2.9618099,2.9618099,1,
2015,8,10,222,infested_hemlock,hf293-05,finzi,42.54379083,-72.17676733,5,hemlock,conifer,obs,control,NA,PH,TSCA,102,2,mineral, 0-10,144.12,0.69497,NA,NA,1,5.2914,NA,0.26181,NA,3.6773576,2.773830838,1,
2015,8,10,222,infested_hemlock,hf293-05,finzi,42.54379083,-72.17676733,5,hemlock,conifer,obs,control,NA,PH,TSCA,103,2,mineral, 10-20,176.62,0.87487,NA,NA,1,3.5147,NA,0.19877,NA,3.074939,2.293443253,1,
2015,8,10,222,infested_hemlock,hf293-05,finzi,42.54379083,-72.17676733,5,hemlock,conifer,obs,control,NA,PH,TSCA,104,2,mineral, 20-30,136.23,0.69322,NA,NA,1,1.6093,NA,0.13462,NA,1.1156215,0.822659294,1,
2015,8,10,222,infested_hemlock,hf293-05,finzi,42.54379083,-72.17676733,5,hemlock,conifer,obs,control,NA,PH,TSCA,105,3,organic,9,563.25,0.15301,NA,NA,1,47.2944,NA,1.542,NA,6.5130535,6.5130535,1,
2015,8,10,222,infested_hemlock,hf293-05,finzi,42.54379083,-72.17676733,5,hemlock,conifer,obs,control,NA,PH,TSCA,106,3,mineral, 0-10,123.87,0.59964,NA,NA,1,5.0494,NA,0.17521,NA,3.0278419,2.283901145,1,
2015,8,10,222,infested_hemlock,hf293-05,finzi,42.54379083,-72.17676733,5,hemlock,conifer,obs,control,NA,PH,TSCA,107,3,mineral, 10-20,166.32,0.76147,NA,NA,1,2.7155,NA,0.16345,NA,2.0677506,1.542231785,1,
2015,8,10,222,infested_hemlock,hf293-05,finzi,42.54379083,-72.17676733,5,hemlock,conifer,obs,control,NA,PH,TSCA,108,3,mineral, 20-30,136.49,0.6557,NA,NA,1,1.2821,NA,0.12003,NA,0.8406978,0.619930558,1,
2015,8,10,222,infested_hemlock,hf293-05,finzi,42.54379083,-72.17676733,5,hemlock,conifer,obs,control,NA,PH,TSCA,109,4,organic,4.5,281.91,0.13098,NA,NA,1,48.0949,NA,1.5978,NA,2.8347044,2.8347044,1,
2015,8,10,222,infested_hemlock,hf293-05,finzi,42.54379083,-72.17676733,5,hemlock,conifer,obs,control,NA,PH,TSCA,110,4,mineral, 0-10,137.93,0.59918,NA,NA,1,5.7458,NA,0.26426,NA,3.4428183,2.596917844,1,
2015,8,10,222,infested_hemlock,hf293-05,finzi,42.54379083,-72.17676733,5,hemlock,conifer,obs,control,NA,PH,TSCA,111,4,mineral, 10-20,209.65,0.98853,NA,NA,1,2.7576,NA,0.16269,NA,2.7260158,2.033198884,1,
2015,8,10,222,infested_hemlock,hf293-05,finzi,42.54379083,-72.17676733,5,hemlock,conifer,obs,control,NA,PH,TSCA,112,4,mineral, 20-25,79.17,0.79685,NA,NA,1,2.5367,NA,0.1616,NA,1.010693,0.745285018,1,incomplete sample - hit rock at ~25cm
2015,8,10,222,infested_hemlock,hf293-05,finzi,42.54379083,-72.17676733,5,hemlock,conifer,obs,control,NA,PH,TSCA,113,5,organic,5,307.68,0.1701,NA,NA,1,37.6654,NA,1.1354,NA,3.2033744,3.2033744,1,
2015,8,10,222,infested_hemlock,hf293-05,finzi,42.54379083,-72.17676733,5,hemlock,conifer,obs,control,NA,PH,TSCA,114,5,mineral, 0-10,138.03,0.63605,NA,NA,1,3.6087,NA,0.17127,NA,2.2953468,1.731380091,1,
2015,8,10,222,infested_hemlock,hf293-05,finzi,42.54379083,-72.17676733,5,hemlock,conifer,obs,control,NA,PH,TSCA,115,5,mineral, 10-20,173.08,0.84306,NA,NA,1,3.0995,NA,0.15576,NA,2.6130715,1.948959378,1,
2015,8,10,222,infested_hemlock,hf293-05,finzi,42.54379083,-72.17676733,5,hemlock,conifer,obs,control,NA,PH,TSCA,116,5,mineral, 20-30,146.35,0.69694,NA,NA,1,2.0589,NA,0.14066,NA,1.4349457,1.058128959,1,
2015,8,10,222,infested_hemlock,hf293-05,finzi,42.54379083,-72.17676733,5,hemlock,conifer,obs,control,NA,PH,TSCA,117,6,organic,6,376.36,0.16796,NA,NA,1,34.1905,NA,1.0969,NA,3.445511,3.445511,1,
2015,8,10,222,infested_hemlock,hf293-05,finzi,42.54379083,-72.17676733,5,hemlock,conifer,obs,control,NA,PH,TSCA,118,6,mineral, 0-10,188.4,0.92391,NA,NA,1,3.6489,NA,0.15795,NA,3.3712928,2.542966159,1,
2015,8,10,222,infested_hemlock,hf293-05,finzi,42.54379083,-72.17676733,5,hemlock,conifer,obs,control,NA,PH,TSCA,119,6,mineral, 10-20,231.5,1.1013,NA,NA,1,2.4477,NA,0.13369,NA,2.6957878,2.010653331,1,sample may be a bit over 10cm (hit rock at ~22cm; hard to know where 20 cm was)
2015,8,10,222,infested_hemlock,hf293-05,finzi,42.54379083,-72.17676733,5,hemlock,conifer,obs,control,NA,PH,TSCA,120,6,mineral, 20-30,NA,NA,NA,NA,1,NA,NA,NA,NA,NA,NA,1,no sample; rock at ~22cm
2015,8,10,222,infested_hemlock,hf293-05,finzi,42.54379083,-72.17676733,6,hemlock,conifer,obs,control,NA,PH,TSCA,121,1,organic,13.5,791.91,0.14461,NA,NA,1,48.0894,NA,1.4642,NA,9.3883856,9.3883856,1,
2015,8,10,222,infested_hemlock,hf293-05,finzi,42.54379083,-72.17676733,6,hemlock,conifer,obs,control,NA,PH,TSCA,122,1,mineral, 0-10,97.08,0.42301,NA,NA,1,11.8883,NA,0.39233,NA,5.028868,3.793275132,1,
2015,8,10,222,infested_hemlock,hf293-05,finzi,42.54379083,-72.17676733,6,hemlock,conifer,obs,control,NA,PH,TSCA,123,1,mineral, 10-20,194.36,0.87608,NA,NA,1,6.2419,NA,0.26704,NA,5.4684251,4.078624861,1,
2015,8,10,222,infested_hemlock,hf293-05,finzi,42.54379083,-72.17676733,6,hemlock,conifer,obs,control,NA,PH,TSCA,124,1,mineral, 20-30,162.18,0.67077,NA,NA,1,5.9225,NA,0.2803,NA,3.9726226,2.929411905,1,
2015,8,10,222,infested_hemlock,hf293-05,finzi,42.54379083,-72.17676733,6,hemlock,conifer,obs,control,NA,PH,TSCA,125,2,organic,14.5,639.85,0.087063,NA,NA,1,49.5655,NA,1.2165,NA,6.2571859,6.2571859,1,
2015,8,10,222,infested_hemlock,hf293-05,finzi,42.54379083,-72.17676733,6,hemlock,conifer,obs,control,NA,PH,TSCA,126,2,mineral, 0-10,133.31,NA,NA,NA,1,6.6639,NA,0.25009,NA,NA,NA,1,All 3 depths: soil very disturbed; lots of air pockets; bad bulk density measurements
2015,8,10,222,infested_hemlock,hf293-05,finzi,42.54379083,-72.17676733,6,hemlock,conifer,obs,control,NA,PH,TSCA,127,2,mineral, 10-20,81.12,NA,NA,NA,1,5.9493,NA,0.20479,NA,NA,NA,1,All 3 depths: soil very disturbed; lots of air pockets; bad bulk density measurements
2015,8,10,222,infested_hemlock,hf293-05,finzi,42.54379083,-72.17676733,6,hemlock,conifer,obs,control,NA,PH,TSCA,128,2,mineral, 20-30,121.85,NA,NA,NA,1,10.4906,NA,0.36265,NA,NA,NA,1,All 3 depths: soil very disturbed; lots of air pockets; bad bulk density measurements
2015,8,10,222,infested_hemlock,hf293-05,finzi,42.54379083,-72.17676733,6,hemlock,conifer,obs,control,NA,PH,TSCA,129,3,organic,14.5,633.52,0.11265,NA,NA,1,50.155,NA,1.5293,NA,8.192306,8.192306,1,
2015,8,10,222,infested_hemlock,hf293-05,finzi,42.54379083,-72.17676733,6,hemlock,conifer,obs,control,NA,PH,TSCA,130,3,mineral, 0-10,64.64,0.30823,NA,NA,1,4.7121,NA,0.15993,NA,1.4523773,1.095528197,1,
2015,8,10,222,infested_hemlock,hf293-05,finzi,42.54379083,-72.17676733,6,hemlock,conifer,obs,control,NA,PH,TSCA,131,3,mineral, 10-20,163.48,0.7199,NA,NA,1,6.9293,NA,0.22983,NA,4.9884171,3.720610894,1,
2015,8,10,222,infested_hemlock,hf293-05,finzi,42.54379083,-72.17676733,6,hemlock,conifer,obs,control,NA,PH,TSCA,132,3,mineral, 20-30,123.63,0.51419,NA,NA,1,9.3498,NA,0.33191,NA,4.8075936,3.545119521,1,
2015,8,10,222,infested_hemlock,hf293-05,finzi,42.54379083,-72.17676733,6,hemlock,conifer,obs,control,NA,PH,TSCA,133,4,organic,12.5,931.27,0.1914,NA,NA,1,47.87,NA,1.3855,NA,11.4530113,11.4530113,1,
2015,8,10,222,infested_hemlock,hf293-05,finzi,42.54379083,-72.17676733,6,hemlock,conifer,obs,control,NA,PH,TSCA,134,4,mineral, 0-10,166.6,0.79868,NA,NA,1,5.4082,NA,0.20206,NA,4.3194401,3.258153667,1,
2015,8,10,222,infested_hemlock,hf293-05,finzi,42.54379083,-72.17676733,6,hemlock,conifer,obs,control,NA,PH,TSCA,135,4,mineral, 10-17,142.37,0.91019,NA,NA,1,6.1701,NA,0.23206,NA,3.931155,2.946288241,1,incomplete sample - hit rock at ~17cm
2015,8,10,222,infested_hemlock,hf293-05,finzi,42.54379083,-72.17676733,6,hemlock,conifer,obs,control,NA,PH,TSCA,136,4,mineral, 20-30,NA,NA,NA,NA,1,NA,NA,NA,NA,NA,NA,1,no sample - rock at ~17cm
2015,8,10,222,infested_hemlock,hf293-05,finzi,42.54379083,-72.17676733,6,hemlock,conifer,obs,control,NA,PH,TSCA,137,5,organic,5,257.11,0.13257,NA,NA,1,49.261,NA,1.8513,NA,3.2651762,3.2651762,1,
2015,8,10,222,infested_hemlock,hf293-05,finzi,42.54379083,-72.17676733,6,hemlock,conifer,obs,control,NA,PH,TSCA,138,5,mineral, 0-10,102.95,0.46658,NA,NA,1,6.9916,NA,0.22175,NA,3.2621151,2.46061342,1,
2015,8,10,222,infested_hemlock,hf293-05,finzi,42.54379083,-72.17676733,6,hemlock,conifer,obs,control,NA,PH,TSCA,139,5,mineral, 10-20,145.97,0.71365,NA,NA,1,3.0831,NA,0.14503,NA,2.2002445,1.64105236,1,
2015,8,10,222,infested_hemlock,hf293-05,finzi,42.54379083,-72.17676733,6,hemlock,conifer,obs,control,NA,PH,TSCA,140,5,mineral, 20-30,185.95,0.86067,NA,NA,1,4.8367,NA,0.20058,NA,4.1628115,3.0696572,1,
2015,8,10,222,infested_hemlock,hf293-05,finzi,42.54379083,-72.17676733,6,hemlock,conifer,obs,control,NA,PH,TSCA,141,6,organic,7,341.3,0.12947,NA,NA,1,39.8023,NA,1.273,NA,3.6073157,3.6073157,1,
2015,8,10,222,infested_hemlock,hf293-05,finzi,42.54379083,-72.17676733,6,hemlock,conifer,obs,control,NA,PH,TSCA,142,6,mineral, 0-10,86.66,0.40016,NA,NA,1,7.6516,NA,0.29403,NA,3.0618272,2.309536257,1,
2015,8,10,222,infested_hemlock,hf293-05,finzi,42.54379083,-72.17676733,6,hemlock,conifer,obs,control,NA,PH,TSCA,143,6,mineral, 10-20,228.19,1.1261,NA,NA,1,3.2126,NA,0.16068,NA,3.6176903,2.69825431,1,
2015,8,10,222,infested_hemlock,hf293-05,finzi,42.54379083,-72.17676733,6,hemlock,conifer,obs,control,NA,PH,TSCA,144,6,mineral, 20-25,100.45,1.0285,NA,NA,1,1.8708,NA,0.10166,NA,0.9621166,0.709464781,1,incomplete sample - hit rock at 25cm
