year,project,archive,contact,type,plot,lat,long,obs.exp,treatment,treat.year,tract,transect,distance.m,size.class,count,d2q,a,dens,volume,mass
2013,phveg,hf271,barker.plotkin,Tsuga,1,42.53644986,-72.18105127,obs,NA,NA,prospect hill,1,3,1,4,0.000154,1.13,0.387,0.000286234,110.772518
2013,phveg,hf271,barker.plotkin,Tsuga,1,42.53644986,-72.18105127,obs,NA,NA,prospect hill,1,3,2,2,0.00189,1.13,0.389,0.001756435,683.253322
2013,phveg,hf271,barker.plotkin,Tsuga,1,42.53644986,-72.18105127,obs,NA,NA,prospect hill,2,3,1,5,0.000154,1.13,0.387,0.000357792,138.4656475
2013,phveg,hf271,barker.plotkin,Tsuga,1,42.53644986,-72.18105127,obs,NA,NA,prospect hill,2,3,2,2,0.00189,1.13,0.389,0.001756435,683.253322
2013,phveg,hf271,barker.plotkin,Tsuga,6,42.54582309,-72.1788506,obs,NA,NA,prospect hill,1,3,1,7,0.000154,1.13,0.387,0.000500909,193.8519065
2013,phveg,hf271,barker.plotkin,Tsuga,6,42.54582309,-72.1788506,obs,NA,NA,prospect hill,1,3,2,0,0.00189,1.13,0.389,0,0
2013,phveg,hf271,barker.plotkin,Tsuga,6,42.54582309,-72.1788506,obs,NA,NA,prospect hill,2,3,1,8,0.000154,1.13,0.387,0.000572468,221.545036
2013,phveg,hf271,barker.plotkin,Tsuga,6,42.54582309,-72.1788506,obs,NA,NA,prospect hill,2,3,2,0,0.00189,1.13,0.389,0,0
2013,phveg,hf271,barker.plotkin,AcerBetula,8,42.54390297,-72.17877349,obs,NA,NA,prospect hill,1,3,2,0,0.001758,1.03,0.342,0,0
2013,phveg,hf271,barker.plotkin,AcerBetula,8,42.54390297,-72.17877349,obs,NA,NA,prospect hill,1,3,1,4,0.000172,1.11,0.39,0.000314032,122.4723162
2013,phveg,hf271,barker.plotkin,AcerBetula,8,42.54390297,-72.17877349,obs,NA,NA,prospect hill,2,3,2,4,0.001758,1.03,0.342,0.002978366,1018.601004
2013,phveg,hf271,barker.plotkin,AcerBetula,8,42.54390297,-72.17877349,obs,NA,NA,prospect hill,2,3,1,4,0.000172,1.11,0.39,0.000314032,122.4723162
2013,phveg,hf271,barker.plotkin,AcerBetula,9,42.54552,-72.16907856,obs,NA,NA,prospect hill,1,3,2,0,0.001758,1.03,0.342,0,0
2013,phveg,hf271,barker.plotkin,AcerBetula,9,42.54552,-72.16907856,obs,NA,NA,prospect hill,1,3,1,7,0.000172,1.11,0.39,0.000549555,214.3265534
2013,phveg,hf271,barker.plotkin,AcerBetula,9,42.54552,-72.16907856,obs,NA,NA,prospect hill,2,3,2,1,0.001758,1.03,0.342,0.000744591,254.6502511
2013,phveg,hf271,barker.plotkin,AcerBetula,9,42.54552,-72.16907856,obs,NA,NA,prospect hill,2,3,1,3,0.000172,1.11,0.39,0.000235524,91.85423715
2013,phveg,hf271,barker.plotkin,AcerBetula,13,42.547748,-72.16930563,obs,NA,NA,prospect hill,1,3,2,3,0.001758,1.03,0.342,0.002233774,763.9507533
2013,phveg,hf271,barker.plotkin,AcerBetula,13,42.547748,-72.16930563,obs,NA,NA,prospect hill,1,3,1,17,0.000172,1.11,0.39,0.001334634,520.5073439
2013,phveg,hf271,barker.plotkin,AcerBetula,13,42.547748,-72.16930563,obs,NA,NA,prospect hill,2,3,2,7,0.001758,1.03,0.342,0.00521214,1782.551758
2013,phveg,hf271,barker.plotkin,AcerBetula,13,42.547748,-72.16930563,obs,NA,NA,prospect hill,2,3,1,10,0.000172,1.11,0.39,0.000785079,306.1807905
2013,phveg,hf271,barker.plotkin,AcerBetula,14,42.54801387,-72.17019025,obs,NA,NA,prospect hill,1,3,2,1,0.001758,1.03,0.342,0.000744591,254.6502511
2013,phveg,hf271,barker.plotkin,AcerBetula,14,42.54801387,-72.17019025,obs,NA,NA,prospect hill,1,3,1,9,0.000172,1.11,0.39,0.000706571,275.5627115
2013,phveg,hf271,barker.plotkin,AcerBetula,14,42.54801387,-72.17019025,obs,NA,NA,prospect hill,2,3,2,1,0.001758,1.03,0.342,0.000744591,254.6502511
2013,phveg,hf271,barker.plotkin,AcerBetula,14,42.54801387,-72.17019025,obs,NA,NA,prospect hill,2,3,1,9,0.000172,1.11,0.39,0.000706571,275.5627115
2013,phveg,hf271,barker.plotkin,AcerBetula,15,42.53994025,-72.18996752,obs,NA,NA,prospect hill,1,3,2,4,0.001758,1.03,0.342,0.002978366,1018.601004
2013,phveg,hf271,barker.plotkin,AcerBetula,15,42.53994025,-72.18996752,obs,NA,NA,prospect hill,1,3,1,7,0.000172,1.11,0.39,0.000549555,214.3265534
2013,phveg,hf271,barker.plotkin,AcerBetula,15,42.53994025,-72.18996752,obs,NA,NA,prospect hill,2,3,2,1,0.001758,1.03,0.342,0.000744591,254.6502511
2013,phveg,hf271,barker.plotkin,AcerBetula,15,42.53994025,-72.18996752,obs,NA,NA,prospect hill,2,3,1,4,0.000172,1.11,0.39,0.000314032,122.4723162
2013,phveg,hf271,barker.plotkin,AcerBetula,16,42.54766711,-72.17126573,obs,NA,NA,prospect hill,1,3,2,4,0.001758,1.03,0.342,0.002978366,1018.601004
2013,phveg,hf271,barker.plotkin,AcerBetula,16,42.54766711,-72.17126573,obs,NA,NA,prospect hill,1,3,1,12,0.000172,1.11,0.39,0.000942095,367.4169486
2013,phveg,hf271,barker.plotkin,AcerBetula,16,42.54766711,-72.17126573,obs,NA,NA,prospect hill,2,3,2,4,0.001758,1.03,0.342,0.002978366,1018.601004
2013,phveg,hf271,barker.plotkin,AcerBetula,16,42.54766711,-72.17126573,obs,NA,NA,prospect hill,2,3,1,10,0.000172,1.11,0.39,0.000785079,306.1807905
2013,phveg,hf271,barker.plotkin,AcerBetula,18,42.54793307,-72.1728987,obs,NA,NA,prospect hill,1,3,2,6,0.001758,1.03,0.342,0.004467548,1527.901507
2013,phveg,hf271,barker.plotkin,AcerBetula,18,42.54793307,-72.1728987,obs,NA,NA,prospect hill,1,3,1,19,0.000172,1.11,0.39,0.00149165,581.743502
2013,phveg,hf271,barker.plotkin,AcerBetula,18,42.54793307,-72.1728987,obs,NA,NA,prospect hill,2,3,2,0,0.001758,1.03,0.342,0,0
2013,phveg,hf271,barker.plotkin,AcerBetula,18,42.54793307,-72.1728987,obs,NA,NA,prospect hill,2,3,1,11,0.000172,1.11,0.39,0.000863587,336.7988696
2013,phveg,hf271,barker.plotkin,AcerBetula,19,42.54299923,-72.17889997,obs,NA,NA,prospect hill,1,3,2,2,0.001758,1.03,0.342,0.001489183,509.3005022
2013,phveg,hf271,barker.plotkin,AcerBetula,19,42.54299923,-72.17889997,obs,NA,NA,prospect hill,1,3,1,4,0.000172,1.11,0.39,0.000314032,122.4723162
2013,phveg,hf271,barker.plotkin,AcerBetula,19,42.54299923,-72.17889997,obs,NA,NA,prospect hill,2,3,2,2,0.001758,1.03,0.342,0.001489183,509.3005022
2013,phveg,hf271,barker.plotkin,AcerBetula,19,42.54299923,-72.17889997,obs,NA,NA,prospect hill,2,3,1,3,0.000172,1.11,0.39,0.000235524,91.85423715
2013,phveg,hf271,barker.plotkin,Pinus,24,42.55025569,-72.17102241,obs,NA,NA,prospect hill,1,3,1,7,0.000187,1.13,0.395,0.000611174,241.4138969
2013,phveg,hf271,barker.plotkin,Pinus,24,42.55025569,-72.17102241,obs,NA,NA,prospect hill,1,3,2,1,0.001656,1.13,0.397,0.000769486,305.4859142
2013,phveg,hf271,barker.plotkin,Pinus,24,42.55025569,-72.17102241,obs,NA,NA,prospect hill,2,3,1,6,0.000187,1.13,0.395,0.000523864,206.9261973
2013,phveg,hf271,barker.plotkin,Pinus,24,42.55025569,-72.17102241,obs,NA,NA,prospect hill,2,3,2,0,0.001656,1.13,0.397,0,0
2013,phveg,hf271,barker.plotkin,Pinus,26,42.55163862,-72.17022135,obs,NA,NA,prospect hill,1,3,1,12,0.000187,1.13,0.395,0.001047728,413.8523947
2013,phveg,hf271,barker.plotkin,Pinus,26,42.55163862,-72.17022135,obs,NA,NA,prospect hill,1,3,2,3,0.001656,1.13,0.397,0.002308458,916.4577426
2013,phveg,hf271,barker.plotkin,Pinus,26,42.55163862,-72.17022135,obs,NA,NA,prospect hill,2,3,1,7,0.000187,1.13,0.395,0.000611174,241.4138969
2013,phveg,hf271,barker.plotkin,Pinus,26,42.55163862,-72.17022135,obs,NA,NA,prospect hill,2,3,2,4,0.001656,1.13,0.397,0.003077944,1221.943657
2013,phveg,hf271,barker.plotkin,AcerBetula,27,42.55108844,-72.17114386,obs,NA,NA,prospect hill,1,3,2,1,0.001758,1.03,0.342,0.000744591,254.6502511
2013,phveg,hf271,barker.plotkin,AcerBetula,27,42.55108844,-72.17114386,obs,NA,NA,prospect hill,1,3,1,6,0.000172,1.11,0.39,0.000471047,183.7084743
2013,phveg,hf271,barker.plotkin,AcerBetula,27,42.55108844,-72.17114386,obs,NA,NA,prospect hill,2,3,2,1,0.001758,1.03,0.342,0.000744591,254.6502511
2013,phveg,hf271,barker.plotkin,AcerBetula,27,42.55108844,-72.17114386,obs,NA,NA,prospect hill,2,3,1,10,0.000172,1.11,0.39,0.000785079,306.1807905
2013,phveg,hf271,barker.plotkin,AcerBetula,28,42.55125549,-72.17210652,obs,NA,NA,prospect hill,1,3,2,4,0.001758,1.03,0.342,0.002978366,1018.601004
2013,phveg,hf271,barker.plotkin,AcerBetula,28,42.55125549,-72.17210652,obs,NA,NA,prospect hill,1,3,1,14,0.000172,1.11,0.39,0.001099111,428.6531067
2013,phveg,hf271,barker.plotkin,AcerBetula,28,42.55125549,-72.17210652,obs,NA,NA,prospect hill,2,3,2,1,0.001758,1.03,0.342,0.000744591,254.6502511
2013,phveg,hf271,barker.plotkin,AcerBetula,28,42.55125549,-72.17210652,obs,NA,NA,prospect hill,2,3,1,9,0.000172,1.11,0.39,0.000706571,275.5627115
2013,phveg,hf271,barker.plotkin,Pinus,30,42.52826644,-72.18416146,obs,NA,NA,prospect hill,1,3,1,0,0.000187,1.13,0.397,0,0
2013,phveg,hf271,barker.plotkin,Quercus,30,42.52826644,-72.18416146,obs,NA,NA,prospect hill,1,3,2,0,0.001735,1.03,0.444,0,0
2013,phveg,hf271,barker.plotkin,Pinus,30,42.52826644,-72.18416146,obs,NA,NA,prospect hill,2,3,1,0,0.000187,1.13,0.397,0,0
2013,phveg,hf271,barker.plotkin,Quercus,30,42.52826644,-72.18416146,obs,NA,NA,prospect hill,2,3,2,0,0.001735,1.03,0.444,0,0
2013,phveg,hf271,barker.plotkin,AcerBetula,32,42.52851371,-72.18034199,obs,NA,NA,prospect hill,1,3,2,0,0.001758,1.03,0.342,0,0
2013,phveg,hf271,barker.plotkin,AcerBetula,32,42.52851371,-72.18034199,obs,NA,NA,prospect hill,1,3,1,6,0.000172,1.11,0.39,0.000471047,183.7084743
2013,phveg,hf271,barker.plotkin,AcerBetula,32,42.52851371,-72.18034199,obs,NA,NA,prospect hill,2,3,2,0,0.001758,1.03,0.342,0,0
2013,phveg,hf271,barker.plotkin,AcerBetula,32,42.52851371,-72.18034199,obs,NA,NA,prospect hill,2,3,1,6,0.000172,1.11,0.39,0.000471047,183.7084743
2013,phveg,hf271,barker.plotkin,AcerBetula,40,42.53160596,-72.18168729,obs,NA,NA,prospect hill,1,3,2,0,0.001758,1.03,0.342,0,0
2013,phveg,hf271,barker.plotkin,AcerBetula,40,42.53160596,-72.18168729,obs,NA,NA,prospect hill,1,3,1,5,0.000172,1.11,0.39,0.000392539,153.0903953
2013,phveg,hf271,barker.plotkin,AcerBetula,40,42.53160596,-72.18168729,obs,NA,NA,prospect hill,2,3,2,0,0.001758,1.03,0.342,0,0
2013,phveg,hf271,barker.plotkin,AcerBetula,40,42.53160596,-72.18168729,obs,NA,NA,prospect hill,2,3,1,9,0.000172,1.11,0.39,0.000706571,275.5627115
2013,phveg,hf271,barker.plotkin,AcerBetula,42,42.53248975,-72.18067928,obs,NA,NA,prospect hill,1,3,2,0,0.001758,1.03,0.342,0,0
2013,phveg,hf271,barker.plotkin,AcerBetula,42,42.53248975,-72.18067928,obs,NA,NA,prospect hill,1,3,1,7,0.000172,1.11,0.39,0.000549555,214.3265534
2013,phveg,hf271,barker.plotkin,AcerBetula,42,42.53248975,-72.18067928,obs,NA,NA,prospect hill,2,3,2,1,0.001758,1.03,0.342,0.000744591,254.6502511
2013,phveg,hf271,barker.plotkin,AcerBetula,42,42.53248975,-72.18067928,obs,NA,NA,prospect hill,2,3,1,7,0.000172,1.11,0.39,0.000549555,214.3265534
2013,phveg,hf271,barker.plotkin,AcerBetula,47,42.54228258,-72.17818441,obs,NA,NA,prospect hill,1,3,2,0,0.001758,1.03,0.342,0,0
2013,phveg,hf271,barker.plotkin,AcerBetula,47,42.54228258,-72.17818441,obs,NA,NA,prospect hill,1,3,1,11,0.000172,1.11,0.39,0.000863587,336.7988696
2013,phveg,hf271,barker.plotkin,AcerBetula,47,42.54228258,-72.17818441,obs,NA,NA,prospect hill,2,3,2,0,0.001758,1.03,0.342,0,0
2013,phveg,hf271,barker.plotkin,AcerBetula,47,42.54228258,-72.17818441,obs,NA,NA,prospect hill,2,3,1,6,0.000172,1.11,0.39,0.000471047,183.7084743
2013,phveg,hf271,barker.plotkin,AcerBetula,51,42.53464247,-72.17813529,obs,NA,NA,prospect hill,1,3,2,1,0.001758,1.03,0.342,0.000744591,254.6502511
2013,phveg,hf271,barker.plotkin,AcerBetula,51,42.53464247,-72.17813529,obs,NA,NA,prospect hill,1,3,1,3,0.000172,1.11,0.39,0.000235524,91.85423715
2013,phveg,hf271,barker.plotkin,AcerBetula,51,42.53464247,-72.17813529,obs,NA,NA,prospect hill,2,3,2,0,0.001758,1.03,0.342,0,0
2013,phveg,hf271,barker.plotkin,AcerBetula,51,42.53464247,-72.17813529,obs,NA,NA,prospect hill,2,3,1,5,0.000172,1.11,0.39,0.000392539,153.0903953
2013,phveg,hf271,barker.plotkin,AcerBetula,56,42.5398468,-72.18330089,obs,NA,NA,prospect hill,1,3,2,1,0.001758,1.03,0.342,0.000744591,254.6502511
2013,phveg,hf271,barker.plotkin,AcerBetula,56,42.5398468,-72.18330089,obs,NA,NA,prospect hill,1,3,1,7,0.000172,1.11,0.39,0.000549555,214.3265534
2013,phveg,hf271,barker.plotkin,AcerBetula,56,42.5398468,-72.18330089,obs,NA,NA,prospect hill,2,3,2,1,0.001758,1.03,0.342,0.000744591,254.6502511
2013,phveg,hf271,barker.plotkin,AcerBetula,56,42.5398468,-72.18330089,obs,NA,NA,prospect hill,2,3,1,6,0.000172,1.11,0.39,0.000471047,183.7084743
2013,phveg,hf271,barker.plotkin,Tsuga,57,42.54468433,-72.17634668,obs,NA,NA,prospect hill,1,3,1,14,0.000154,1.13,0.387,0.001001819,387.703813
2013,phveg,hf271,barker.plotkin,Tsuga,57,42.54468433,-72.17634668,obs,NA,NA,prospect hill,1,3,2,2,0.00189,1.13,0.389,0.001756435,683.253322
2013,phveg,hf271,barker.plotkin,Tsuga,57,42.54468433,-72.17634668,obs,NA,NA,prospect hill,2,3,1,4,0.000154,1.13,0.387,0.000286234,110.772518
2013,phveg,hf271,barker.plotkin,Tsuga,57,42.54468433,-72.17634668,obs,NA,NA,prospect hill,2,3,2,1,0.00189,1.13,0.389,0.000878218,341.626661
2013,phveg,hf271,barker.plotkin,Tsuga,58,42.54452666,-72.17568392,obs,NA,NA,prospect hill,1,3,1,5,0.000154,1.13,0.387,0.000357792,138.4656475
2013,phveg,hf271,barker.plotkin,Tsuga,58,42.54452666,-72.17568392,obs,NA,NA,prospect hill,1,3,2,0,0.00189,1.13,0.389,0,0
2013,phveg,hf271,barker.plotkin,Tsuga,58,42.54452666,-72.17568392,obs,NA,NA,prospect hill,2,3,1,5,0.000154,1.13,0.387,0.000357792,138.4656475
2013,phveg,hf271,barker.plotkin,Tsuga,58,42.54452666,-72.17568392,obs,NA,NA,prospect hill,2,3,2,0,0.00189,1.13,0.389,0,0
2013,phveg,hf271,barker.plotkin,AcerBetula,66,42.54214411,-72.17304119,obs,NA,NA,prospect hill,1,3,2,0,0.001758,1.03,0.342,0,0
2013,phveg,hf271,barker.plotkin,AcerBetula,66,42.54214411,-72.17304119,obs,NA,NA,prospect hill,1,3,1,16,0.000172,1.11,0.39,0.001256126,489.8892648
2013,phveg,hf271,barker.plotkin,AcerBetula,66,42.54214411,-72.17304119,obs,NA,NA,prospect hill,2,3,2,3,0.001758,1.03,0.342,0.002233774,763.9507533
2013,phveg,hf271,barker.plotkin,AcerBetula,66,42.54214411,-72.17304119,obs,NA,NA,prospect hill,2,3,1,6,0.000172,1.11,0.39,0.000471047,183.7084743
2013,phveg,hf271,barker.plotkin,AcerBetula,68,42.54239481,-72.18177446,obs,NA,NA,prospect hill,1,3,2,1,0.001758,1.03,0.342,0.000744591,254.6502511
2013,phveg,hf271,barker.plotkin,AcerBetula,68,42.54239481,-72.18177446,obs,NA,NA,prospect hill,1,3,1,5,0.000172,1.11,0.39,0.000392539,153.0903953
2013,phveg,hf271,barker.plotkin,AcerBetula,68,42.54239481,-72.18177446,obs,NA,NA,prospect hill,2,3,2,1,0.001758,1.03,0.342,0.000744591,254.6502511
2013,phveg,hf271,barker.plotkin,AcerBetula,68,42.54239481,-72.18177446,obs,NA,NA,prospect hill,2,3,1,4,0.000172,1.11,0.39,0.000314032,122.4723162
2013,phveg,hf271,barker.plotkin,Pinus,73,42.53098159,-72.18724801,obs,NA,NA,prospect hill,1,3,1,21,0.000187,1.13,0.395,0.001833523,724.2416907
2013,phveg,hf271,barker.plotkin,Pinus,73,42.53098159,-72.18724801,obs,NA,NA,prospect hill,1,3,2,5,0.001656,1.13,0.397,0.00384743,1527.429571
2013,phveg,hf271,barker.plotkin,Pinus,73,42.53098159,-72.18724801,obs,NA,NA,prospect hill,2,3,1,14,0.000187,1.13,0.395,0.001222349,482.8277938
2013,phveg,hf271,barker.plotkin,Pinus,73,42.53098159,-72.18724801,obs,NA,NA,prospect hill,2,3,2,1,0.001656,1.13,0.397,0.000769486,305.4859142
2013,phveg,hf271,barker.plotkin,Tsuga,76,42.53671481,-72.17976088,obs,NA,NA,prospect hill,1,3,1,5,0.000154,1.13,0.387,0.000357792,138.4656475
2013,phveg,hf271,barker.plotkin,Tsuga,76,42.53671481,-72.17976088,obs,NA,NA,prospect hill,1,3,2,0,0.00189,1.13,0.389,0,0
2013,phveg,hf271,barker.plotkin,Tsuga,76,42.53671481,-72.17976088,obs,NA,NA,prospect hill,2,3,1,9,0.000154,1.13,0.387,0.000644026,249.2381655
2013,phveg,hf271,barker.plotkin,Tsuga,76,42.53671481,-72.17976088,obs,NA,NA,prospect hill,2,3,2,0,0.00189,1.13,0.389,0,0
2013,phveg,hf271,barker.plotkin,AcerBetula,81,42.53753096,-72.18401033,obs,NA,NA,prospect hill,1,3,2,1,0.001758,1.03,0.342,0.000744591,254.6502511
2013,phveg,hf271,barker.plotkin,AcerBetula,81,42.53753096,-72.18401033,obs,NA,NA,prospect hill,1,3,1,14,0.000172,1.11,0.39,0.001099111,428.6531067
2013,phveg,hf271,barker.plotkin,AcerBetula,81,42.53753096,-72.18401033,obs,NA,NA,prospect hill,2,3,2,1,0.001758,1.03,0.342,0.000744591,254.6502511
2013,phveg,hf271,barker.plotkin,AcerBetula,81,42.53753096,-72.18401033,obs,NA,NA,prospect hill,2,3,1,2,0.000172,1.11,0.39,0.000157016,61.2361581
2013,phveg,hf271,barker.plotkin,AcerBetula,82,42.5343647,-72.18515514,obs,NA,NA,prospect hill,1,3,2,2,0.001758,1.03,0.342,0.001489183,509.3005022
2013,phveg,hf271,barker.plotkin,AcerBetula,82,42.5343647,-72.18515514,obs,NA,NA,prospect hill,1,3,1,1,0.000172,1.11,0.39,7.85E-05,30.61807905
2013,phveg,hf271,barker.plotkin,AcerBetula,82,42.5343647,-72.18515514,obs,NA,NA,prospect hill,2,3,2,0,0.001758,1.03,0.342,0,0
2013,phveg,hf271,barker.plotkin,AcerBetula,82,42.5343647,-72.18515514,obs,NA,NA,prospect hill,2,3,1,2,0.000172,1.11,0.39,0.000157016,61.2361581
2013,phveg,hf271,barker.plotkin,AcerBetula,84,42.53200628,-72.18566249,obs,NA,NA,prospect hill,1,3,2,1,0.001758,1.03,0.342,0.000744591,254.6502511
2013,phveg,hf271,barker.plotkin,AcerBetula,84,42.53200628,-72.18566249,obs,NA,NA,prospect hill,1,3,1,3,0.000172,1.11,0.39,0.000235524,91.85423715
2013,phveg,hf271,barker.plotkin,AcerBetula,84,42.53200628,-72.18566249,obs,NA,NA,prospect hill,2,3,2,2,0.001758,1.03,0.342,0.001489183,509.3005022
2013,phveg,hf271,barker.plotkin,AcerBetula,84,42.53200628,-72.18566249,obs,NA,NA,prospect hill,2,3,1,5,0.000172,1.11,0.39,0.000392539,153.0903953
2013,phveg,hf271,barker.plotkin,Pinus,86,42.53948361,-72.18764749,obs,NA,NA,prospect hill,1,3,1,8,0.000187,1.13,0.395,0.000698485,275.9015965
2013,phveg,hf271,barker.plotkin,Pinus,86,42.53948361,-72.18764749,obs,NA,NA,prospect hill,1,3,2,1,0.001656,1.13,0.397,0.000769486,305.4859142
2013,phveg,hf271,barker.plotkin,Pinus,86,42.53948361,-72.18764749,obs,NA,NA,prospect hill,2,3,1,16,0.000187,1.13,0.395,0.00139697,551.8031929
2013,phveg,hf271,barker.plotkin,Pinus,86,42.53948361,-72.18764749,obs,NA,NA,prospect hill,2,3,2,1,0.001656,1.13,0.397,0.000769486,305.4859142
2013,phveg,hf271,barker.plotkin,AcerBetula,90,42.53101403,-72.18840287,obs,NA,NA,prospect hill,1,3,2,1,0.001758,1.03,0.342,0.000744591,254.6502511
2013,phveg,hf271,barker.plotkin,AcerBetula,90,42.53101403,-72.18840287,obs,NA,NA,prospect hill,1,3,1,3,0.000172,1.11,0.39,0.000235524,91.85423715
2013,phveg,hf271,barker.plotkin,AcerBetula,90,42.53101403,-72.18840287,obs,NA,NA,prospect hill,2,3,2,1,0.001758,1.03,0.342,0.000744591,254.6502511
2013,phveg,hf271,barker.plotkin,AcerBetula,90,42.53101403,-72.18840287,obs,NA,NA,prospect hill,2,3,1,7,0.000172,1.11,0.39,0.000549555,214.3265534
2013,phveg,hf271,barker.plotkin,AcerBetula,93,42.53535963,-72.19159369,obs,NA,NA,prospect hill,1,3,2,1,0.001758,1.03,0.342,0.000744591,254.6502511
2013,phveg,hf271,barker.plotkin,AcerBetula,93,42.53535963,-72.19159369,obs,NA,NA,prospect hill,1,3,1,18,0.000172,1.11,0.39,0.001413142,551.1254229
2013,phveg,hf271,barker.plotkin,AcerBetula,93,42.53535963,-72.19159369,obs,NA,NA,prospect hill,2,3,2,0,0.001758,1.03,0.342,0,0
2013,phveg,hf271,barker.plotkin,AcerBetula,93,42.53535963,-72.19159369,obs,NA,NA,prospect hill,2,3,1,2,0.000172,1.11,0.39,0.000157016,61.2361581
2013,phveg,hf271,barker.plotkin,AcerBetula,97,42.54110484,-72.1704863,obs,NA,NA,prospect hill,1,3,2,0,0.001758,1.03,0.342,0,0
2013,phveg,hf271,barker.plotkin,AcerBetula,97,42.54110484,-72.1704863,obs,NA,NA,prospect hill,1,3,1,7,0.000172,1.11,0.39,0.000549555,214.3265534
2013,phveg,hf271,barker.plotkin,AcerBetula,97,42.54110484,-72.1704863,obs,NA,NA,prospect hill,2,3,2,0,0.001758,1.03,0.342,0,0
2013,phveg,hf271,barker.plotkin,AcerBetula,97,42.54110484,-72.1704863,obs,NA,NA,prospect hill,2,3,1,6,0.000172,1.11,0.39,0.000471047,183.7084743
2013,phveg,hf271,barker.plotkin,AcerBetula,99,42.53046325,-72.18309847,obs,NA,NA,prospect hill,1,3,2,1,0.001758,1.03,0.342,0.000744591,254.6502511
2013,phveg,hf271,barker.plotkin,AcerBetula,99,42.53046325,-72.18309847,obs,NA,NA,prospect hill,1,3,1,8,0.000172,1.11,0.39,0.000628063,244.9446324
2013,phveg,hf271,barker.plotkin,AcerBetula,99,42.53046325,-72.18309847,obs,NA,NA,prospect hill,2,3,2,0,0.001758,1.03,0.342,0,0
2013,phveg,hf271,barker.plotkin,AcerBetula,99,42.53046325,-72.18309847,obs,NA,NA,prospect hill,2,3,1,4,0.000172,1.11,0.39,0.000314032,122.4723162
2013,phveg,hf271,barker.plotkin,Pinus,101,42.53578367,-72.19021864,obs,NA,NA,prospect hill,1,3,1,7,0.000187,1.13,0.395,0.000611174,241.4138969
2013,phveg,hf271,barker.plotkin,Pinus,101,42.53578367,-72.19021864,obs,NA,NA,prospect hill,1,3,2,0,0.001656,1.13,0.397,0,0
2013,phveg,hf271,barker.plotkin,Pinus,101,42.53578367,-72.19021864,obs,NA,NA,prospect hill,2,3,1,5,0.000187,1.13,0.395,0.000436553,172.4384978
2013,phveg,hf271,barker.plotkin,Pinus,101,42.53578367,-72.19021864,obs,NA,NA,prospect hill,2,3,2,0,0.001656,1.13,0.397,0,0
2013,phveg,hf271,barker.plotkin,Tsuga,106,42.54272271,-72.18781714,obs,NA,NA,prospect hill,1,3,1,2,0.000154,1.13,0.387,0.000143117,55.38625901
2013,phveg,hf271,barker.plotkin,Tsuga,106,42.54272271,-72.18781714,obs,NA,NA,prospect hill,1,3,2,0,0.00189,1.13,0.389,0,0
2013,phveg,hf271,barker.plotkin,Tsuga,106,42.54272271,-72.18781714,obs,NA,NA,prospect hill,2,3,1,8,0.000154,1.13,0.387,0.000572468,221.545036
2013,phveg,hf271,barker.plotkin,Tsuga,106,42.54272271,-72.18781714,obs,NA,NA,prospect hill,2,3,2,3,0.00189,1.13,0.389,0.002634653,1024.879983
2013,phveg,hf271,barker.plotkin,AcerBetula,111,42.54221971,-72.18438593,obs,NA,NA,prospect hill,1,3,2,2,0.001758,1.03,0.342,0.001489183,509.3005022
2013,phveg,hf271,barker.plotkin,AcerBetula,111,42.54221971,-72.18438593,obs,NA,NA,prospect hill,1,3,1,15,0.000172,1.11,0.39,0.001177618,459.2711858
2013,phveg,hf271,barker.plotkin,AcerBetula,111,42.54221971,-72.18438593,obs,NA,NA,prospect hill,2,3,2,0,0.001758,1.03,0.342,0,0
2013,phveg,hf271,barker.plotkin,AcerBetula,111,42.54221971,-72.18438593,obs,NA,NA,prospect hill,2,3,1,13,0.000172,1.11,0.39,0.001020603,398.0350277
2013,phveg,hf271,barker.plotkin,AcerBetula,112,42.54081457,-72.18216439,obs,NA,NA,prospect hill,1,3,2,4,0.001758,1.03,0.342,0.002978366,1018.601004
2013,phveg,hf271,barker.plotkin,AcerBetula,112,42.54081457,-72.18216439,obs,NA,NA,prospect hill,1,3,1,5,0.000172,1.11,0.39,0.000392539,153.0903953
2013,phveg,hf271,barker.plotkin,AcerBetula,112,42.54081457,-72.18216439,obs,NA,NA,prospect hill,2,3,2,4,0.001758,1.03,0.342,0.002978366,1018.601004
2013,phveg,hf271,barker.plotkin,AcerBetula,112,42.54081457,-72.18216439,obs,NA,NA,prospect hill,2,3,1,12,0.000172,1.11,0.39,0.000942095,367.4169486
2013,phveg,hf271,barker.plotkin,Tsuga,118,42.52885586,-72.1931679,obs,NA,NA,prospect hill,1,3,1,24,0.000154,1.13,0.387,0.001717403,664.6351081
2013,phveg,hf271,barker.plotkin,Tsuga,118,42.52885586,-72.1931679,obs,NA,NA,prospect hill,1,3,2,2,0.00189,1.13,0.389,0.001756435,683.253322
2013,phveg,hf271,barker.plotkin,Tsuga,118,42.52885586,-72.1931679,obs,NA,NA,prospect hill,2,3,1,3,0.000154,1.13,0.387,0.000214675,83.07938851
2013,phveg,hf271,barker.plotkin,Tsuga,118,42.52885586,-72.1931679,obs,NA,NA,prospect hill,2,3,2,0,0.00189,1.13,0.389,0,0
2013,phveg,hf271,barker.plotkin,AcerBetula,125,42.52781625,-72.19310839,obs,NA,NA,prospect hill,1,3,2,2,0.001758,1.03,0.342,0.001489183,509.3005022
2013,phveg,hf271,barker.plotkin,AcerBetula,125,42.52781625,-72.19310839,obs,NA,NA,prospect hill,1,3,1,8,0.000172,1.11,0.39,0.000628063,244.9446324
2013,phveg,hf271,barker.plotkin,AcerBetula,125,42.52781625,-72.19310839,obs,NA,NA,prospect hill,2,3,2,4,0.001758,1.03,0.342,0.002978366,1018.601004
2013,phveg,hf271,barker.plotkin,AcerBetula,125,42.52781625,-72.19310839,obs,NA,NA,prospect hill,2,3,1,8,0.000172,1.11,0.39,0.000628063,244.9446324
2013,phveg,hf271,barker.plotkin,Tsuga,126,42.52742456,-72.1919858,obs,NA,NA,prospect hill,1,3,1,12,0.000154,1.13,0.387,0.000858702,332.317554
2013,phveg,hf271,barker.plotkin,Tsuga,126,42.52742456,-72.1919858,obs,NA,NA,prospect hill,1,3,2,1,0.00189,1.13,0.389,0.000878218,341.626661
2013,phveg,hf271,barker.plotkin,Tsuga,126,42.52742456,-72.1919858,obs,NA,NA,prospect hill,2,3,1,6,0.000154,1.13,0.387,0.000429351,166.158777
2013,phveg,hf271,barker.plotkin,Tsuga,126,42.52742456,-72.1919858,obs,NA,NA,prospect hill,2,3,2,0,0.00189,1.13,0.389,0,0
2013,phveg,hf271,barker.plotkin,AcerBetula,127,42.52811506,-72.1911813,obs,NA,NA,prospect hill,1,3,2,0,0.001758,1.03,0.342,0,0
2013,phveg,hf271,barker.plotkin,AcerBetula,127,42.52811506,-72.1911813,obs,NA,NA,prospect hill,1,3,1,7,0.000172,1.11,0.39,0.000549555,214.3265534
2013,phveg,hf271,barker.plotkin,AcerBetula,127,42.52811506,-72.1911813,obs,NA,NA,prospect hill,2,3,2,0,0.001758,1.03,0.342,0,0
2013,phveg,hf271,barker.plotkin,AcerBetula,127,42.52811506,-72.1911813,obs,NA,NA,prospect hill,2,3,1,6,0.000172,1.11,0.39,0.000471047,183.7084743
2013,phveg,hf271,barker.plotkin,AcerBetula,128,42.53594016,-72.18539561,obs,NA,NA,prospect hill,1,3,2,0,0.001758,1.03,0.342,0,0
2013,phveg,hf271,barker.plotkin,AcerBetula,128,42.53594016,-72.18539561,obs,NA,NA,prospect hill,1,3,1,7,0.000172,1.11,0.39,0.000549555,214.3265534
2013,phveg,hf271,barker.plotkin,AcerBetula,128,42.53594016,-72.18539561,obs,NA,NA,prospect hill,2,3,2,1,0.001758,1.03,0.342,0.000744591,254.6502511
2013,phveg,hf271,barker.plotkin,AcerBetula,128,42.53594016,-72.18539561,obs,NA,NA,prospect hill,2,3,1,5,0.000172,1.11,0.39,0.000392539,153.0903953
2013,phveg,hf271,barker.plotkin,Tsuga,130,42.53928051,-72.17613998,obs,NA,NA,prospect hill,1,3,1,6,0.000154,1.13,0.387,0.000429351,166.158777
2013,phveg,hf271,barker.plotkin,Tsuga,130,42.53928051,-72.17613998,obs,NA,NA,prospect hill,1,3,2,2,0.00189,1.13,0.389,0.001756435,683.253322
2013,phveg,hf271,barker.plotkin,Tsuga,130,42.53928051,-72.17613998,obs,NA,NA,prospect hill,2,3,1,11,0.000154,1.13,0.387,0.000787143,304.6244245
2013,phveg,hf271,barker.plotkin,Tsuga,130,42.53928051,-72.17613998,obs,NA,NA,prospect hill,2,3,2,1,0.00189,1.13,0.389,0.000878218,341.626661
2013,phveg,hf271,barker.plotkin,Tsuga,131,42.54152561,-72.17618164,obs,NA,NA,prospect hill,1,3,1,7,0.000154,1.13,0.387,0.000500909,193.8519065
2013,phveg,hf271,barker.plotkin,Tsuga,131,42.54152561,-72.17618164,obs,NA,NA,prospect hill,1,3,2,3,0.00189,1.13,0.389,0.002634653,1024.879983
2013,phveg,hf271,barker.plotkin,Tsuga,131,42.54152561,-72.17618164,obs,NA,NA,prospect hill,2,3,1,5,0.000154,1.13,0.387,0.000357792,138.4656475
2013,phveg,hf271,barker.plotkin,Tsuga,131,42.54152561,-72.17618164,obs,NA,NA,prospect hill,2,3,2,1,0.00189,1.13,0.389,0.000878218,341.626661
2013,phveg,hf271,barker.plotkin,Tsuga,132,42.54084483,-72.17502041,obs,NA,NA,prospect hill,1,3,1,16,0.000154,1.13,0.387,0.001144936,443.090072
2013,phveg,hf271,barker.plotkin,Tsuga,132,42.54084483,-72.17502041,obs,NA,NA,prospect hill,1,3,2,1,0.00189,1.13,0.389,0.000878218,341.626661
2013,phveg,hf271,barker.plotkin,Tsuga,132,42.54084483,-72.17502041,obs,NA,NA,prospect hill,2,3,1,8,0.000154,1.13,0.387,0.000572468,221.545036
2013,phveg,hf271,barker.plotkin,Tsuga,132,42.54084483,-72.17502041,obs,NA,NA,prospect hill,2,3,2,1,0.00189,1.13,0.389,0.000878218,341.626661
2013,phveg,hf271,barker.plotkin,AcerBetula,134,42.53604929,-72.17541922,obs,NA,NA,prospect hill,1,3,2,4,0.001758,1.03,0.342,0.002978366,1018.601004
2013,phveg,hf271,barker.plotkin,AcerBetula,134,42.53604929,-72.17541922,obs,NA,NA,prospect hill,1,3,1,3,0.000172,1.11,0.39,0.000235524,91.85423715
2013,phveg,hf271,barker.plotkin,AcerBetula,134,42.53604929,-72.17541922,obs,NA,NA,prospect hill,2,3,2,3,0.001758,1.03,0.342,0.002233774,763.9507533
2013,phveg,hf271,barker.plotkin,AcerBetula,134,42.53604929,-72.17541922,obs,NA,NA,prospect hill,2,3,1,4,0.000172,1.11,0.39,0.000314032,122.4723162
2013,phveg,hf271,barker.plotkin,Tsuga,141,42.53633989,-72.17053643,obs,NA,NA,prospect hill,1,3,1,5,0.000154,1.13,0.387,0.000357792,138.4656475
2013,phveg,hf271,barker.plotkin,Tsuga,141,42.53633989,-72.17053643,obs,NA,NA,prospect hill,1,3,2,1,0.00189,1.13,0.389,0.000878218,341.626661
2013,phveg,hf271,barker.plotkin,Tsuga,141,42.53633989,-72.17053643,obs,NA,NA,prospect hill,2,3,1,4,0.000154,1.13,0.387,0.000286234,110.772518
2013,phveg,hf271,barker.plotkin,Tsuga,141,42.53633989,-72.17053643,obs,NA,NA,prospect hill,2,3,2,1,0.00189,1.13,0.389,0.000878218,341.626661
2013,phveg,hf271,barker.plotkin,AcerBetula,142,42.5370117,-72.17124729,obs,NA,NA,prospect hill,1,3,2,0,0.001758,1.03,0.342,0,0
2013,phveg,hf271,barker.plotkin,AcerBetula,142,42.5370117,-72.17124729,obs,NA,NA,prospect hill,1,3,1,18,0.000172,1.11,0.39,0.001413142,551.1254229
2013,phveg,hf271,barker.plotkin,AcerBetula,142,42.5370117,-72.17124729,obs,NA,NA,prospect hill,2,3,2,1,0.001758,1.03,0.342,0.000744591,254.6502511
2013,phveg,hf271,barker.plotkin,AcerBetula,142,42.5370117,-72.17124729,obs,NA,NA,prospect hill,2,3,1,8,0.000172,1.11,0.39,0.000628063,244.9446324
2013,phveg,hf271,barker.plotkin,Tsuga,143,42.53853201,-72.17095443,obs,NA,NA,prospect hill,1,3,1,12,0.000154,1.13,0.387,0.000858702,332.317554
2013,phveg,hf271,barker.plotkin,Tsuga,143,42.53853201,-72.17095443,obs,NA,NA,prospect hill,1,3,2,0,0.00189,1.13,0.389,0,0
2013,phveg,hf271,barker.plotkin,Tsuga,143,42.53853201,-72.17095443,obs,NA,NA,prospect hill,2,3,1,6,0.000154,1.13,0.387,0.000429351,166.158777
2013,phveg,hf271,barker.plotkin,Tsuga,143,42.53853201,-72.17095443,obs,NA,NA,prospect hill,2,3,2,2,0.00189,1.13,0.389,0.001756435,683.253322
2013,phveg,hf271,barker.plotkin,AcerBetula,152,42.54058256,-72.17002144,obs,NA,NA,prospect hill,1,3,2,2,0.001758,1.03,0.342,0.001489183,509.3005022
2013,phveg,hf271,barker.plotkin,AcerBetula,152,42.54058256,-72.17002144,obs,NA,NA,prospect hill,1,3,1,16,0.000172,1.11,0.39,0.001256126,489.8892648
2013,phveg,hf271,barker.plotkin,AcerBetula,152,42.54058256,-72.17002144,obs,NA,NA,prospect hill,2,3,2,0,0.001758,1.03,0.342,0,0
2013,phveg,hf271,barker.plotkin,AcerBetula,152,42.54058256,-72.17002144,obs,NA,NA,prospect hill,2,3,1,2,0.000172,1.11,0.39,0.000157016,61.2361581
2013,phveg,hf271,barker.plotkin,AcerBetula,154,42.53938026,-72.16909633,obs,NA,NA,prospect hill,1,3,2,3,0.001758,1.03,0.342,0.002233774,763.9507533
2013,phveg,hf271,barker.plotkin,AcerBetula,154,42.53938026,-72.16909633,obs,NA,NA,prospect hill,1,3,1,5,0.000172,1.11,0.39,0.000392539,153.0903953
2013,phveg,hf271,barker.plotkin,AcerBetula,154,42.53938026,-72.16909633,obs,NA,NA,prospect hill,2,3,2,2,0.001758,1.03,0.342,0.001489183,509.3005022
2013,phveg,hf271,barker.plotkin,AcerBetula,154,42.53938026,-72.16909633,obs,NA,NA,prospect hill,2,3,1,9,0.000172,1.11,0.39,0.000706571,275.5627115
2013,phveg,hf271,barker.plotkin,Pinus,155,42.53073634,-72.18801219,obs,NA,NA,prospect hill,1,3,1,3,0.000187,1.13,0.395,0.000261932,103.4630987
2013,phveg,hf271,barker.plotkin,Pinus,155,42.53073634,-72.18801219,obs,NA,NA,prospect hill,1,3,2,4,0.001656,1.13,0.397,0.003077944,1221.943657
2013,phveg,hf271,barker.plotkin,Pinus,155,42.53073634,-72.18801219,obs,NA,NA,prospect hill,2,3,1,7,0.000187,1.13,0.395,0.000611174,241.4138969
2013,phveg,hf271,barker.plotkin,Pinus,155,42.53073634,-72.18801219,obs,NA,NA,prospect hill,2,3,2,1,0.001656,1.13,0.397,0.000769486,305.4859142
2013,phveg,hf271,barker.plotkin,Pinus,161,42.54603289,-72.18082706,obs,NA,NA,prospect hill,1,3,1,8,0.000187,1.13,0.395,0.000698485,275.9015965
2013,phveg,hf271,barker.plotkin,Pinus,161,42.54603289,-72.18082706,obs,NA,NA,prospect hill,1,3,2,0,0.001656,1.13,0.397,0,0
2013,phveg,hf271,barker.plotkin,Pinus,161,42.54603289,-72.18082706,obs,NA,NA,prospect hill,2,3,1,6,0.000187,1.13,0.395,0.000523864,206.9261973
2013,phveg,hf271,barker.plotkin,Pinus,161,42.54603289,-72.18082706,obs,NA,NA,prospect hill,2,3,2,0,0.001656,1.13,0.397,0,0
2013,phveg,hf271,barker.plotkin,Tsuga,165,42.53868833,-72.17876058,obs,NA,NA,prospect hill,1,3,1,13,0.000154,1.13,0.387,0.00093026,360.0106835
2013,phveg,hf271,barker.plotkin,Tsuga,165,42.53868833,-72.17876058,obs,NA,NA,prospect hill,1,3,2,0,0.00189,1.13,0.389,0,0
2013,phveg,hf271,barker.plotkin,Tsuga,165,42.53868833,-72.17876058,obs,NA,NA,prospect hill,2,3,1,10,0.000154,1.13,0.387,0.000715585,276.931295
2013,phveg,hf271,barker.plotkin,Tsuga,165,42.53868833,-72.17876058,obs,NA,NA,prospect hill,2,3,2,2,0.00189,1.13,0.389,0.001756435,683.253322
2013,phveg,hf271,barker.plotkin,AcerBetula,166,42.53993548,-72.18092957,obs,NA,NA,prospect hill,1,3,2,0,0.001758,1.03,0.342,0,0
2013,phveg,hf271,barker.plotkin,AcerBetula,166,42.53993548,-72.18092957,obs,NA,NA,prospect hill,1,3,1,3,0.000172,1.11,0.39,0.000235524,91.85423715
2013,phveg,hf271,barker.plotkin,AcerBetula,166,42.53993548,-72.18092957,obs,NA,NA,prospect hill,2,3,2,0,0.001758,1.03,0.342,0,0
2013,phveg,hf271,barker.plotkin,AcerBetula,166,42.53993548,-72.18092957,obs,NA,NA,prospect hill,2,3,1,4,0.000172,1.11,0.39,0.000314032,122.4723162
2013,phveg,hf271,barker.plotkin,Tsuga,168,42.53922385,-72.17877131,obs,NA,NA,prospect hill,1,3,1,20,0.000154,1.13,0.387,0.001431169,553.8625901
2013,phveg,hf271,barker.plotkin,Tsuga,168,42.53922385,-72.17877131,obs,NA,NA,prospect hill,1,3,2,0,0.00189,1.13,0.389,0,0
2013,phveg,hf271,barker.plotkin,Tsuga,168,42.53922385,-72.17877131,obs,NA,NA,prospect hill,2,3,1,17,0.000154,1.13,0.387,0.001216494,470.7832015
2013,phveg,hf271,barker.plotkin,Tsuga,168,42.53922385,-72.17877131,obs,NA,NA,prospect hill,2,3,2,3,0.00189,1.13,0.389,0.002634653,1024.879983
2013,phveg,hf271,barker.plotkin,Tsuga,180,42.54014293,-72.17836889,obs,NA,NA,prospect hill,1,3,1,9,0.000154,1.13,0.387,0.000644026,249.2381655
2013,phveg,hf271,barker.plotkin,Tsuga,180,42.54014293,-72.17836889,obs,NA,NA,prospect hill,1,3,2,3,0.00189,1.13,0.389,0.002634653,1024.879983
2013,phveg,hf271,barker.plotkin,Tsuga,180,42.54014293,-72.17836889,obs,NA,NA,prospect hill,2,3,1,9,0.000154,1.13,0.387,0.000644026,249.2381655
2013,phveg,hf271,barker.plotkin,Tsuga,180,42.54014293,-72.17836889,obs,NA,NA,prospect hill,2,3,2,1,0.00189,1.13,0.389,0.000878218,341.626661
2013,phveg,hf271,barker.plotkin,Tsuga,181,42.54090794,-72.17772005,obs,NA,NA,prospect hill,1,3,1,13,0.000154,1.13,0.387,0.00093026,360.0106835
2013,phveg,hf271,barker.plotkin,Tsuga,181,42.54090794,-72.17772005,obs,NA,NA,prospect hill,1,3,2,2,0.00189,1.13,0.389,0.001756435,683.253322
2013,phveg,hf271,barker.plotkin,Tsuga,181,42.54090794,-72.17772005,obs,NA,NA,prospect hill,2,3,1,12,0.000154,1.13,0.387,0.000858702,332.317554
2013,phveg,hf271,barker.plotkin,Tsuga,181,42.54090794,-72.17772005,obs,NA,NA,prospect hill,2,3,2,0,0.00189,1.13,0.389,0,0
2008,hf.regen,hf175,dunn,Pinus,CONA,42.53,-72.19,NA,NA,NA,prospect hill,2,10,2,2,0.001656,1.13,0.397,0.000461692,183.2915485
2008,hf.regen,hf175,dunn,Pinus,CONA,42.53,-72.19,NA,NA,NA,prospect hill,3,10,2,2,0.001656,1.13,0.397,0.000461692,183.2915485
2008,hf.regen,hf175,dunn,Pinus,CONB,42.53,-72.19,NA,NA,NA,prospect hill,2,10,2,1,0.001656,1.13,0.397,0.000230846,91.64577426
2008,hf.regen,hf175,dunn,Pinus,CONB,42.53,-72.19,NA,NA,NA,prospect hill,3,10,2,1,0.001656,1.13,0.397,0.000230846,91.64577426
2008,hf.regen,hf175,dunn,Pinus,CONC,42.53,-72.19,NA,NA,NA,prospect hill,1,10,2,1,0.001656,1.13,0.397,0.000230846,91.64577426
2008,hf.regen,hf175,dunn,Pinus,CONC,42.53,-72.19,NA,NA,NA,prospect hill,3,10,2,1,0.001656,1.13,0.397,0.000230846,91.64577426
2008,hf.regen,hf175,dunn,Pinus,CONE,42.53,-72.19,NA,NA,NA,prospect hill,1,10,2,1,0.001656,1.13,0.397,0.000230846,91.64577426
2008,hf.regen,hf175,dunn,Pinus,CONE,42.53,-72.19,NA,NA,NA,prospect hill,2,10,2,1,0.001656,1.13,0.397,0.000230846,91.64577426
2008,hf.regen,hf175,dunn,Pinus,CONE,42.53,-72.19,NA,NA,NA,prospect hill,3,10,2,2,0.001656,1.13,0.397,0.000461692,183.2915485
2008,hf.regen,hf175,dunn,Pinus,CONF,42.53,-72.19,NA,NA,NA,prospect hill,1,10,2,1,0.001656,1.13,0.397,0.000230846,91.64577426
2008,hf.regen,hf175,dunn,Pinus,CONF,42.53,-72.19,NA,NA,NA,prospect hill,3,10,2,1,0.001656,1.13,0.397,0.000230846,91.64577426
2008,hf.regen,hf175,dunn,AcerBetula,H08A,42.53,-72.19,exp,harvest,2008,prospect hill,1,10,2,6,0.001758,1.13,0.342,0.001470387,502.8724376
2008,hf.regen,hf175,dunn,AcerBetula,H08A,42.53,-72.19,exp,harvest,2008,prospect hill,2,10,2,19,0.001758,1.13,0.342,0.004656226,1592.429386
2008,hf.regen,hf175,dunn,AcerBetula,H08A,42.53,-72.19,exp,harvest,2008,prospect hill,3,10,2,6,0.001758,1.13,0.342,0.001470387,502.8724376
2008,hf.regen,hf175,dunn,AcerBetula,H08B,42.53,-72.19,exp,harvest,2008,prospect hill,1,10,2,14,0.001758,1.13,0.342,0.003430904,1173.369021
2008,hf.regen,hf175,dunn,AcerBetula,H08B,42.53,-72.19,exp,harvest,2008,prospect hill,2,10,2,9,0.001758,1.13,0.342,0.002205581,754.3086564
2008,hf.regen,hf175,dunn,AcerBetula,H08B,42.53,-72.19,exp,harvest,2008,prospect hill,3,10,2,11,0.001758,1.13,0.342,0.00269571,921.9328023
2008,hf.regen,hf175,dunn,AcerBetula,H08C,42.53,-72.19,exp,harvest,2008,prospect hill,1,10,2,9,0.001758,1.13,0.342,0.002205581,754.3086564
2008,hf.regen,hf175,dunn,AcerBetula,H08C,42.53,-72.19,exp,harvest,2008,prospect hill,2,10,2,7,0.001758,1.13,0.342,0.001715452,586.6845106
2008,hf.regen,hf175,dunn,AcerBetula,H08C,42.53,-72.19,exp,harvest,2008,prospect hill,3,10,2,22,0.001758,1.13,0.342,0.00539142,1843.865605
2008,hf.regen,hf175,dunn,AcerBetula,H08D,42.53,-72.19,exp,harvest,2008,prospect hill,1,10,2,7,0.001758,1.13,0.342,0.001715452,586.6845106
2008,hf.regen,hf175,dunn,AcerBetula,H08D,42.53,-72.19,exp,harvest,2008,prospect hill,2,10,2,1,0.001758,1.13,0.342,0.000245065,83.81207294
2008,hf.regen,hf175,dunn,AcerBetula,H08D,42.53,-72.19,exp,harvest,2008,prospect hill,3,10,2,3,0.001758,1.13,0.342,0.000735194,251.4362188
2008,hf.regen,hf175,dunn,AcerBetula,H08E,42.53,-72.19,exp,harvest,2008,prospect hill,1,10,2,9,0.001758,1.13,0.342,0.002205581,754.3086564
2008,hf.regen,hf175,dunn,AcerBetula,H08E,42.53,-72.19,exp,harvest,2008,prospect hill,2,10,2,11,0.001758,1.13,0.342,0.00269571,921.9328023
2008,hf.regen,hf175,dunn,AcerBetula,H08E,42.53,-72.19,exp,harvest,2008,prospect hill,3,10,2,6,0.001758,1.13,0.342,0.001470387,502.8724376
2008,hf.regen,hf175,dunn,AcerBetula,H08F,42.53,-72.19,exp,harvest,2008,prospect hill,1,10,2,2,0.001758,1.13,0.342,0.000490129,167.6241459
2008,hf.regen,hf175,dunn,AcerBetula,H08F,42.53,-72.19,exp,harvest,2008,prospect hill,2,10,2,2,0.001758,1.13,0.342,0.000490129,167.6241459
2008,hf.regen,hf175,dunn,AcerBetula,H08F,42.53,-72.19,exp,harvest,2008,prospect hill,3,10,2,4,0.001758,1.13,0.342,0.000980258,335.2482917
2008,hf.regen,hf175,dunn,AcerBetula,H90A,42.53,-72.19,exp,harvest,1990,prospect hill,1,10,2,3,0.001758,1.03,0.342,0.000670132,229.185226
2008,hf.regen,hf175,dunn,AcerBetula,H90A,42.53,-72.19,exp,harvest,1990,prospect hill,2,10,2,1,0.001758,1.03,0.342,0.000223377,76.39507533
2008,hf.regen,hf175,dunn,AcerBetula,H90A,42.53,-72.19,exp,harvest,1990,prospect hill,3,10,2,2,0.001758,1.03,0.342,0.000446755,152.7901507
2008,hf.regen,hf175,dunn,AcerBetula,H90B,42.53,-72.19,exp,harvest,1990,prospect hill,1,10,2,5,0.001758,1.03,0.342,0.001116887,381.9753767
2008,hf.regen,hf175,dunn,AcerBetula,H90B,42.53,-72.19,exp,harvest,1990,prospect hill,2,10,2,5,0.001758,1.03,0.342,0.001116887,381.9753767
2008,hf.regen,hf175,dunn,AcerBetula,H90B,42.53,-72.19,exp,harvest,1990,prospect hill,3,10,2,3,0.001758,1.03,0.342,0.000670132,229.185226
2008,hf.regen,hf175,dunn,AcerBetula,H90D,42.53,-72.19,exp,harvest,1990,prospect hill,1,10,2,1,0.001758,1.03,0.342,0.000223377,76.39507533
2008,hf.regen,hf175,dunn,AcerBetula,H90D,42.53,-72.19,exp,harvest,1990,prospect hill,2,10,2,1,0.001758,1.03,0.342,0.000223377,76.39507533
2008,hf.regen,hf175,dunn,AcerBetula,H90D,42.53,-72.19,exp,harvest,1990,prospect hill,3,10,2,2,0.001758,1.03,0.342,0.000446755,152.7901507
2008,hf.regen,hf175,dunn,AcerBetula,H90E,42.53,-72.19,exp,harvest,1990,prospect hill,1,10,2,4,0.001758,1.03,0.342,0.00089351,305.5803013
2008,hf.regen,hf175,dunn,AcerBetula,H90E,42.53,-72.19,exp,harvest,1990,prospect hill,3,10,2,2,0.001758,1.03,0.342,0.000446755,152.7901507
2008,hf.regen,hf175,dunn,AcerBetula,H90F,42.53,-72.19,exp,harvest,1990,prospect hill,1,10,2,1,0.001758,1.03,0.342,0.000223377,76.39507533
2008,hf.regen,hf175,dunn,AcerBetula,H90F,42.53,-72.19,exp,harvest,1990,prospect hill,2,10,2,2,0.001758,1.03,0.342,0.000446755,152.7901507
2010,hf.regen,hf175,dunn,Pinus,CONA,42.53,-72.19,NA,NA,NA,prospect hill,1,10,2,1,0.001656,1.13,0.397,0.000230846,91.64577426
2010,hf.regen,hf175,dunn,Pinus,CONA,42.53,-72.19,NA,NA,NA,prospect hill,2,10,2,1,0.001656,1.13,0.397,0.000230846,91.64577426
2010,hf.regen,hf175,dunn,Pinus,CONA,42.53,-72.19,NA,NA,NA,prospect hill,3,10,2,2,0.001656,1.13,0.397,0.000461692,183.2915485
2010,hf.regen,hf175,dunn,Pinus,CONB,42.53,-72.19,NA,NA,NA,prospect hill,1,10,2,10,0.001656,1.13,0.397,0.002308458,916.4577426
2010,hf.regen,hf175,dunn,Pinus,CONB,42.53,-72.19,NA,NA,NA,prospect hill,2,10,2,18,0.001656,1.13,0.397,0.004155224,1649.623937
2010,hf.regen,hf175,dunn,Pinus,CONB,42.53,-72.19,NA,NA,NA,prospect hill,3,10,2,3,0.001656,1.13,0.397,0.000692537,274.9373228
2010,hf.regen,hf175,dunn,Pinus,CONC,42.53,-72.19,NA,NA,NA,prospect hill,1,10,2,19,0.001656,1.13,0.397,0.00438607,1741.269711
2010,hf.regen,hf175,dunn,Pinus,CONC,42.53,-72.19,NA,NA,NA,prospect hill,2,10,2,13,0.001656,1.13,0.397,0.003000995,1191.395065
2010,hf.regen,hf175,dunn,Pinus,CONC,42.53,-72.19,NA,NA,NA,prospect hill,3,10,2,5,0.001656,1.13,0.397,0.001154229,458.2288713
2010,hf.regen,hf175,dunn,Pinus,COND,42.53,-72.19,NA,NA,NA,prospect hill,1,10,2,2,0.001656,1.13,0.397,0.000461692,183.2915485
2010,hf.regen,hf175,dunn,Pinus,COND,42.53,-72.19,NA,NA,NA,prospect hill,2,10,2,9,0.001656,1.13,0.397,0.002077612,824.8119684
2010,hf.regen,hf175,dunn,Pinus,COND,42.53,-72.19,NA,NA,NA,prospect hill,3,10,2,4,0.001656,1.13,0.397,0.000923383,366.5830971
2010,hf.regen,hf175,dunn,Pinus,COND,42.53,-72.19,NA,NA,NA,prospect hill,4,10,2,5,0.001656,1.13,0.397,0.001154229,458.2288713
2010,hf.regen,hf175,dunn,Pinus,COND,42.53,-72.19,NA,NA,NA,prospect hill,5,10,2,5,0.001656,1.13,0.397,0.001154229,458.2288713
2010,hf.regen,hf175,dunn,Pinus,COND,42.53,-72.19,NA,NA,NA,prospect hill,6,10,2,6,0.001656,1.13,0.397,0.001385075,549.8746456
2010,hf.regen,hf175,dunn,Pinus,CONE,42.53,-72.19,NA,NA,NA,prospect hill,1,10,2,5,0.001656,1.13,0.397,0.001154229,458.2288713
2010,hf.regen,hf175,dunn,Pinus,CONE,42.53,-72.19,NA,NA,NA,prospect hill,2,10,2,1,0.001656,1.13,0.397,0.000230846,91.64577426
2010,hf.regen,hf175,dunn,Pinus,CONE,42.53,-72.19,NA,NA,NA,prospect hill,3,10,2,8,0.001656,1.13,0.397,0.001846766,733.1661941
2010,hf.regen,hf175,dunn,Pinus,CONF,42.53,-72.19,NA,NA,NA,prospect hill,1,10,2,2,0.001656,1.13,0.397,0.000461692,183.2915485
2010,hf.regen,hf175,dunn,Pinus,CONF,42.53,-72.19,NA,NA,NA,prospect hill,2,10,2,1,0.001656,1.13,0.397,0.000230846,91.64577426
2010,hf.regen,hf175,dunn,Pinus,CONF,42.53,-72.19,NA,NA,NA,prospect hill,3,10,2,3,0.001656,1.13,0.397,0.000692537,274.9373228
2010,hf.regen,hf175,dunn,Pinus,CONF,42.53,-72.19,NA,NA,NA,prospect hill,5,10,2,4,0.001656,1.13,0.397,0.000923383,366.5830971
2010,hf.regen,hf175,dunn,Pinus,CONF,42.53,-72.19,NA,NA,NA,prospect hill,6,10,2,5,0.001656,1.13,0.397,0.001154229,458.2288713
2010,hf.regen,hf175,dunn,AcerBetula,H90A,42.53,-72.19,exp,harvest,1990,prospect hill,1,10,2,4,0.001758,1.03,0.342,0.00089351,305.5803013
2010,hf.regen,hf175,dunn,AcerBetula,H90A,42.53,-72.19,exp,harvest,1990,prospect hill,2,10,2,1,0.001758,1.03,0.342,0.000223377,76.39507533
2010,hf.regen,hf175,dunn,AcerBetula,H90A,42.53,-72.19,exp,harvest,1990,prospect hill,3,10,2,2,0.001758,1.03,0.342,0.000446755,152.7901507
2010,hf.regen,hf175,dunn,AcerBetula,H90A,42.53,-72.19,exp,harvest,1990,prospect hill,4,10,2,3,0.001758,1.03,0.342,0.000670132,229.185226
2010,hf.regen,hf175,dunn,AcerBetula,H90A,42.53,-72.19,exp,harvest,1990,prospect hill,5,10,2,2,0.001758,1.03,0.342,0.000446755,152.7901507
2010,hf.regen,hf175,dunn,AcerBetula,H90A,42.53,-72.19,exp,harvest,1990,prospect hill,6,10,2,5,0.001758,1.03,0.342,0.001116887,381.9753767
2010,hf.regen,hf175,dunn,AcerBetula,H90B,42.53,-72.19,exp,harvest,1990,prospect hill,1,10,2,3,0.001758,1.03,0.342,0.000670132,229.185226
2010,hf.regen,hf175,dunn,AcerBetula,H90B,42.53,-72.19,exp,harvest,1990,prospect hill,2,10,2,6,0.001758,1.03,0.342,0.001340264,458.370452
2010,hf.regen,hf175,dunn,AcerBetula,H90B,42.53,-72.19,exp,harvest,1990,prospect hill,3,10,2,1,0.001758,1.03,0.342,0.000223377,76.39507533
2010,hf.regen,hf175,dunn,AcerBetula,H90B,42.53,-72.19,exp,harvest,1990,prospect hill,4,10,2,1,0.001758,1.03,0.342,0.000223377,76.39507533
2010,hf.regen,hf175,dunn,AcerBetula,H90B,42.53,-72.19,exp,harvest,1990,prospect hill,5,10,2,2,0.001758,1.03,0.342,0.000446755,152.7901507
2010,hf.regen,hf175,dunn,AcerBetula,H90B,42.53,-72.19,exp,harvest,1990,prospect hill,6,10,2,3,0.001758,1.03,0.342,0.000670132,229.185226
2010,hf.regen,hf175,dunn,AcerBetula,H90C,42.53,-72.19,exp,harvest,1990,prospect hill,2,10,2,2,0.001758,1.03,0.342,0.000446755,152.7901507
2010,hf.regen,hf175,dunn,AcerBetula,H90C,42.53,-72.19,exp,harvest,1990,prospect hill,3,10,2,3,0.001758,1.03,0.342,0.000670132,229.185226
2010,hf.regen,hf175,dunn,AcerBetula,H90C,42.53,-72.19,exp,harvest,1990,prospect hill,4,10,2,1,0.001758,1.03,0.342,0.000223377,76.39507533
2010,hf.regen,hf175,dunn,AcerBetula,H90C,42.53,-72.19,exp,harvest,1990,prospect hill,5,10,2,2,0.001758,1.03,0.342,0.000446755,152.7901507
2010,hf.regen,hf175,dunn,AcerBetula,H90C,42.53,-72.19,exp,harvest,1990,prospect hill,6,10,2,1,0.001758,1.03,0.342,0.000223377,76.39507533
2010,hf.regen,hf175,dunn,AcerBetula,H90D,42.53,-72.19,exp,harvest,1990,prospect hill,1,10,2,1,0.001758,1.03,0.342,0.000223377,76.39507533
2010,hf.regen,hf175,dunn,AcerBetula,H90D,42.53,-72.19,exp,harvest,1990,prospect hill,2,10,2,1,0.001758,1.03,0.342,0.000223377,76.39507533
2010,hf.regen,hf175,dunn,AcerBetula,H90D,42.53,-72.19,exp,harvest,1990,prospect hill,3,10,2,2,0.001758,1.03,0.342,0.000446755,152.7901507
2010,hf.regen,hf175,dunn,AcerBetula,H90D,42.53,-72.19,exp,harvest,1990,prospect hill,5,10,2,6,0.001758,1.03,0.342,0.001340264,458.370452
2010,hf.regen,hf175,dunn,AcerBetula,H90D,42.53,-72.19,exp,harvest,1990,prospect hill,6,10,2,1,0.001758,1.03,0.342,0.000223377,76.39507533
2010,hf.regen,hf175,dunn,AcerBetula,H90E,42.53,-72.19,exp,harvest,1990,prospect hill,1,10,2,5,0.001758,1.03,0.342,0.001116887,381.9753767
2010,hf.regen,hf175,dunn,AcerBetula,H90E,42.53,-72.19,exp,harvest,1990,prospect hill,2,10,2,3,0.001758,1.03,0.342,0.000670132,229.185226
2010,hf.regen,hf175,dunn,AcerBetula,H90E,42.53,-72.19,exp,harvest,1990,prospect hill,5,10,2,3,0.001758,1.03,0.342,0.000670132,229.185226
2010,hf.regen,hf175,dunn,AcerBetula,H90E,42.53,-72.19,exp,harvest,1990,prospect hill,6,10,2,4,0.001758,1.03,0.342,0.00089351,305.5803013
2010,hf.regen,hf175,dunn,AcerBetula,H90F,42.53,-72.19,exp,harvest,1990,prospect hill,1,10,2,1,0.001758,1.03,0.342,0.000223377,76.39507533
2010,hf.regen,hf175,dunn,AcerBetula,H90F,42.53,-72.19,exp,harvest,1990,prospect hill,2,10,2,1,0.001758,1.03,0.342,0.000223377,76.39507533
2010,hf.regen,hf175,dunn,AcerBetula,H90F,42.53,-72.19,exp,harvest,1990,prospect hill,4,10,2,1,0.001758,1.03,0.342,0.000223377,76.39507533
2010,hf.regen,hf175,dunn,AcerBetula,H90F,42.53,-72.19,exp,harvest,1990,prospect hill,5,10,2,1,0.001758,1.03,0.342,0.000223377,76.39507533
2005,hf-here,hf125,barker.plotkin,Tsuga,1,42.47216557,-72.21646061,exp,girdled,2005,simes,1,2,1,9,0.000154,1.13,0.387,0.000966039,373.8572483
2005,hf-here,hf125,barker.plotkin,Tsuga,1,42.47216557,-72.21646061,exp,girdled,2005,simes,1,2,2,2,0.00189,1.13,0.389,0.002634653,1024.879983
2005,hf-here,hf125,barker.plotkin,Tsuga,1,42.47216557,-72.21646061,exp,girdled,2005,simes,2,2,1,11,0.000154,1.13,0.387,0.001180715,456.9366368
2005,hf-here,hf125,barker.plotkin,Tsuga,1,42.47216557,-72.21646061,exp,girdled,2005,simes,2,2,2,2,0.00189,1.13,0.389,0.002634653,1024.879983
2005,hf-here,hf125,barker.plotkin,Tsuga,1,42.47216557,-72.21646061,exp,girdled,2005,simes,3,2,1,8,0.000154,1.13,0.387,0.000858702,332.317554
2005,hf-here,hf125,barker.plotkin,Tsuga,1,42.47216557,-72.21646061,exp,girdled,2005,simes,3,2,2,0,0.00189,1.13,0.389,0,0
2005,hf-here,hf125,barker.plotkin,Tsuga,1,42.47216557,-72.21646061,exp,girdled,2005,simes,4,2,1,8,0.000154,1.13,0.387,0.000858702,332.317554
2005,hf-here,hf125,barker.plotkin,Tsuga,1,42.47216557,-72.21646061,exp,girdled,2005,simes,4,2,2,0,0.00189,1.13,0.389,0,0
2005,hf-here,hf125,barker.plotkin,Tsuga,1,42.47216557,-72.21646061,exp,girdled,2005,simes,5,2,1,3,0.000154,1.13,0.387,0.000322013,124.6190828
2005,hf-here,hf125,barker.plotkin,Tsuga,1,42.47216557,-72.21646061,exp,girdled,2005,simes,5,2,2,0,0.00189,1.13,0.389,0,0
2005,hf-here,hf125,barker.plotkin,Tsuga,1,42.47216557,-72.21646061,exp,girdled,2005,simes,6,2,1,4,0.000154,1.13,0.387,0.000429351,166.158777
2005,hf-here,hf125,barker.plotkin,Tsuga,1,42.47216557,-72.21646061,exp,girdled,2005,simes,6,2,2,0,0.00189,1.13,0.389,0,0
2005,hf-here,hf125,barker.plotkin,Tsuga,1,42.47216557,-72.21646061,exp,girdled,2005,simes,7,2,1,13,0.000154,1.13,0.387,0.00139539,540.0160253
2005,hf-here,hf125,barker.plotkin,Tsuga,1,42.47216557,-72.21646061,exp,girdled,2005,simes,7,2,2,0,0.00189,1.13,0.389,0,0
2005,hf-here,hf125,barker.plotkin,Tsuga,1,42.47216557,-72.21646061,exp,girdled,2005,simes,8,2,1,3,0.000154,1.13,0.387,0.000322013,124.6190828
2005,hf-here,hf125,barker.plotkin,Tsuga,1,42.47216557,-72.21646061,exp,girdled,2005,simes,8,2,2,1,0.00189,1.13,0.389,0.001317326,512.4399915
2005,hf-here,hf125,barker.plotkin,Tsuga,2,42.47152645,-72.21707956,exp,logged,2005,simes,1,2,1,10,0.000154,1.13,0.387,0.001073377,415.3969425
2005,hf-here,hf125,barker.plotkin,Tsuga,2,42.47152645,-72.21707956,exp,logged,2005,simes,1,2,2,1,0.00189,1.13,0.389,0.001317326,512.4399915
2005,hf-here,hf125,barker.plotkin,Tsuga,2,42.47152645,-72.21707956,exp,logged,2005,simes,2,2,1,21,0.000154,1.13,0.387,0.002254092,872.3335793
2005,hf-here,hf125,barker.plotkin,Tsuga,2,42.47152645,-72.21707956,exp,logged,2005,simes,2,2,2,8,0.00189,1.13,0.389,0.010538612,4099.519932
2005,hf-here,hf125,barker.plotkin,Tsuga,2,42.47152645,-72.21707956,exp,logged,2005,simes,3,2,1,12,0.000154,1.13,0.387,0.001288053,498.476331
2005,hf-here,hf125,barker.plotkin,Tsuga,2,42.47152645,-72.21707956,exp,logged,2005,simes,3,2,2,1,0.00189,1.13,0.389,0.001317326,512.4399915
2005,hf-here,hf125,barker.plotkin,Tsuga,2,42.47152645,-72.21707956,exp,logged,2005,simes,4,2,1,3,0.000154,1.13,0.387,0.000322013,124.6190828
2005,hf-here,hf125,barker.plotkin,Tsuga,2,42.47152645,-72.21707956,exp,logged,2005,simes,4,2,2,1,0.00189,1.13,0.389,0.001317326,512.4399915
2005,hf-here,hf125,barker.plotkin,Tsuga,2,42.47152645,-72.21707956,exp,logged,2005,simes,5,2,1,12,0.000154,1.13,0.387,0.001288053,498.476331
2005,hf-here,hf125,barker.plotkin,Tsuga,2,42.47152645,-72.21707956,exp,logged,2005,simes,5,2,2,2,0.00189,1.13,0.389,0.002634653,1024.879983
2005,hf-here,hf125,barker.plotkin,Tsuga,2,42.47152645,-72.21707956,exp,logged,2005,simes,6,2,1,22,0.000154,1.13,0.387,0.00236143,913.8732736
2005,hf-here,hf125,barker.plotkin,Tsuga,2,42.47152645,-72.21707956,exp,logged,2005,simes,6,2,2,8,0.00189,1.13,0.389,0.010538612,4099.519932
2005,hf-here,hf125,barker.plotkin,Tsuga,2,42.47152645,-72.21707956,exp,logged,2005,simes,7,2,1,13,0.000154,1.13,0.387,0.00139539,540.0160253
2005,hf-here,hf125,barker.plotkin,Tsuga,2,42.47152645,-72.21707956,exp,logged,2005,simes,7,2,2,2,0.00189,1.13,0.389,0.002634653,1024.879983
2005,hf-here,hf125,barker.plotkin,Tsuga,2,42.47152645,-72.21707956,exp,logged,2005,simes,8,2,1,23,0.000154,1.13,0.387,0.002468767,955.4129678
2005,hf-here,hf125,barker.plotkin,Tsuga,2,42.47152645,-72.21707956,exp,logged,2005,simes,8,2,2,4,0.00189,1.13,0.389,0.005269306,2049.759966
2005,hf-here,hf125,barker.plotkin,Tsuga,3,42.47137391,-72.21773966,obs,hemlock control,NA,simes,1,2,1,7,0.000154,1.13,0.387,0.000751364,290.7778598
2005,hf-here,hf125,barker.plotkin,Tsuga,3,42.47137391,-72.21773966,obs,hemlock control,NA,simes,1,2,2,1,0.00189,1.13,0.389,0.001317326,512.4399915
2005,hf-here,hf125,barker.plotkin,Tsuga,3,42.47137391,-72.21773966,obs,hemlock control,NA,simes,2,2,1,4,0.000154,1.13,0.387,0.000429351,166.158777
2005,hf-here,hf125,barker.plotkin,Tsuga,3,42.47137391,-72.21773966,obs,hemlock control,NA,simes,2,2,2,1,0.00189,1.13,0.389,0.001317326,512.4399915
2005,hf-here,hf125,barker.plotkin,Tsuga,3,42.47137391,-72.21773966,obs,hemlock control,NA,simes,3,2,1,11,0.000154,1.13,0.387,0.001180715,456.9366368
2005,hf-here,hf125,barker.plotkin,Tsuga,3,42.47137391,-72.21773966,obs,hemlock control,NA,simes,3,2,2,1,0.00189,1.13,0.389,0.001317326,512.4399915
2005,hf-here,hf125,barker.plotkin,Tsuga,3,42.47137391,-72.21773966,obs,hemlock control,NA,simes,4,2,1,7,0.000154,1.13,0.387,0.000751364,290.7778598
2005,hf-here,hf125,barker.plotkin,Tsuga,3,42.47137391,-72.21773966,obs,hemlock control,NA,simes,4,2,2,2,0.00189,1.13,0.389,0.002634653,1024.879983
2005,hf-here,hf125,barker.plotkin,Tsuga,3,42.47137391,-72.21773966,obs,hemlock control,NA,simes,5,2,1,7,0.000154,1.13,0.387,0.000751364,290.7778598
2005,hf-here,hf125,barker.plotkin,Tsuga,3,42.47137391,-72.21773966,obs,hemlock control,NA,simes,5,2,2,1,0.00189,1.13,0.389,0.001317326,512.4399915
2005,hf-here,hf125,barker.plotkin,Tsuga,3,42.47137391,-72.21773966,obs,hemlock control,NA,simes,6,2,1,6,0.000154,1.13,0.387,0.000644026,249.2381655
2005,hf-here,hf125,barker.plotkin,Tsuga,3,42.47137391,-72.21773966,obs,hemlock control,NA,simes,6,2,2,1,0.00189,1.13,0.389,0.001317326,512.4399915
2005,hf-here,hf125,barker.plotkin,Tsuga,3,42.47137391,-72.21773966,obs,hemlock control,NA,simes,7,2,1,18,0.000154,1.13,0.387,0.001932079,747.7144966
2005,hf-here,hf125,barker.plotkin,Tsuga,3,42.47137391,-72.21773966,obs,hemlock control,NA,simes,7,2,2,5,0.00189,1.13,0.389,0.006586632,2562.199957
2005,hf-here,hf125,barker.plotkin,Tsuga,3,42.47137391,-72.21773966,obs,hemlock control,NA,simes,8,2,1,8,0.000154,1.13,0.387,0.000858702,332.317554
2005,hf-here,hf125,barker.plotkin,Tsuga,3,42.47137391,-72.21773966,obs,hemlock control,NA,simes,8,2,2,2,0.00189,1.13,0.389,0.002634653,1024.879983
2005,hf-here,hf125,barker.plotkin,Tsuga,4,42.4742015,-72.21330672,exp,logged,2005,simes,1,2,1,11,0.000154,1.13,0.387,0.001180715,456.9366368
2005,hf-here,hf125,barker.plotkin,Tsuga,4,42.4742015,-72.21330672,exp,logged,2005,simes,1,2,2,1,0.00189,1.13,0.389,0.001317326,512.4399915
2005,hf-here,hf125,barker.plotkin,Tsuga,4,42.4742015,-72.21330672,exp,logged,2005,simes,2,2,1,19,0.000154,1.13,0.387,0.002039417,789.2541908
2005,hf-here,hf125,barker.plotkin,Tsuga,4,42.4742015,-72.21330672,exp,logged,2005,simes,2,2,2,7,0.00189,1.13,0.389,0.009221285,3587.07994
2005,hf-here,hf125,barker.plotkin,Tsuga,4,42.4742015,-72.21330672,exp,logged,2005,simes,3,2,1,28,0.000154,1.13,0.387,0.003005456,1163.111439
2005,hf-here,hf125,barker.plotkin,Tsuga,4,42.4742015,-72.21330672,exp,logged,2005,simes,3,2,2,7,0.00189,1.13,0.389,0.009221285,3587.07994
2005,hf-here,hf125,barker.plotkin,Tsuga,4,42.4742015,-72.21330672,exp,logged,2005,simes,4,2,1,20,0.000154,1.13,0.387,0.002146754,830.7938851
2005,hf-here,hf125,barker.plotkin,Tsuga,4,42.4742015,-72.21330672,exp,logged,2005,simes,4,2,2,2,0.00189,1.13,0.389,0.002634653,1024.879983
2005,hf-here,hf125,barker.plotkin,Tsuga,4,42.4742015,-72.21330672,exp,logged,2005,simes,5,2,1,34,0.000154,1.13,0.387,0.003649482,1412.349605
2005,hf-here,hf125,barker.plotkin,Tsuga,4,42.4742015,-72.21330672,exp,logged,2005,simes,5,2,2,14,0.00189,1.13,0.389,0.01844257,7174.159881
2005,hf-here,hf125,barker.plotkin,Tsuga,4,42.4742015,-72.21330672,exp,logged,2005,simes,6,2,1,18,0.000154,1.13,0.387,0.001932079,747.7144966
2005,hf-here,hf125,barker.plotkin,Tsuga,4,42.4742015,-72.21330672,exp,logged,2005,simes,6,2,2,5,0.00189,1.13,0.389,0.006586632,2562.199957
2005,hf-here,hf125,barker.plotkin,Tsuga,4,42.4742015,-72.21330672,exp,logged,2005,simes,7,2,1,18,0.000154,1.13,0.387,0.001932079,747.7144966
2005,hf-here,hf125,barker.plotkin,Tsuga,4,42.4742015,-72.21330672,exp,logged,2005,simes,7,2,2,8,0.00189,1.13,0.389,0.010538612,4099.519932
2005,hf-here,hf125,barker.plotkin,Tsuga,4,42.4742015,-72.21330672,exp,logged,2005,simes,8,2,1,55,0.000154,1.13,0.387,0.005903574,2284.683184
2005,hf-here,hf125,barker.plotkin,Tsuga,4,42.4742015,-72.21330672,exp,logged,2005,simes,8,2,2,9,0.00189,1.13,0.389,0.011855938,4611.959923
2005,hf-here,hf125,barker.plotkin,Tsuga,5,42.47535568,-72.2132209,exp,girdled,2005,simes,1,2,1,3,0.000154,1.13,0.387,0.000322013,124.6190828
2005,hf-here,hf125,barker.plotkin,Tsuga,5,42.47535568,-72.2132209,exp,girdled,2005,simes,1,2,2,0,0.00189,1.13,0.389,0,0
2005,hf-here,hf125,barker.plotkin,Tsuga,5,42.47535568,-72.2132209,exp,girdled,2005,simes,2,2,1,5,0.000154,1.13,0.387,0.000536689,207.6984713
2005,hf-here,hf125,barker.plotkin,Tsuga,5,42.47535568,-72.2132209,exp,girdled,2005,simes,2,2,2,0,0.00189,1.13,0.389,0,0
2005,hf-here,hf125,barker.plotkin,Tsuga,5,42.47535568,-72.2132209,exp,girdled,2005,simes,3,2,1,6,0.000154,1.13,0.387,0.000644026,249.2381655
2005,hf-here,hf125,barker.plotkin,Tsuga,5,42.47535568,-72.2132209,exp,girdled,2005,simes,3,2,2,1,0.00189,1.13,0.389,0.001317326,512.4399915
2005,hf-here,hf125,barker.plotkin,Tsuga,5,42.47535568,-72.2132209,exp,girdled,2005,simes,4,2,1,3,0.000154,1.13,0.387,0.000322013,124.6190828
2005,hf-here,hf125,barker.plotkin,Tsuga,5,42.47535568,-72.2132209,exp,girdled,2005,simes,4,2,2,0,0.00189,1.13,0.389,0,0
2005,hf-here,hf125,barker.plotkin,Tsuga,5,42.47535568,-72.2132209,exp,girdled,2005,simes,5,2,1,5,0.000154,1.13,0.387,0.000536689,207.6984713
2005,hf-here,hf125,barker.plotkin,Tsuga,5,42.47535568,-72.2132209,exp,girdled,2005,simes,5,2,2,0,0.00189,1.13,0.389,0,0
2005,hf-here,hf125,barker.plotkin,Tsuga,5,42.47535568,-72.2132209,exp,girdled,2005,simes,6,2,1,6,0.000154,1.13,0.387,0.000644026,249.2381655
2005,hf-here,hf125,barker.plotkin,Tsuga,5,42.47535568,-72.2132209,exp,girdled,2005,simes,6,2,2,0,0.00189,1.13,0.389,0,0
2005,hf-here,hf125,barker.plotkin,Tsuga,5,42.47535568,-72.2132209,exp,girdled,2005,simes,7,2,1,6,0.000154,1.13,0.387,0.000644026,249.2381655
2005,hf-here,hf125,barker.plotkin,Tsuga,5,42.47535568,-72.2132209,exp,girdled,2005,simes,7,2,2,0,0.00189,1.13,0.389,0,0
2005,hf-here,hf125,barker.plotkin,Tsuga,5,42.47535568,-72.2132209,exp,girdled,2005,simes,8,2,1,5,0.000154,1.13,0.387,0.000536689,207.6984713
2005,hf-here,hf125,barker.plotkin,Tsuga,5,42.47535568,-72.2132209,exp,girdled,2005,simes,8,2,2,0,0.00189,1.13,0.389,0,0
2005,hf-here,hf125,barker.plotkin,Tsuga,6,42.47577663,-72.2125902,obs,hemlock control,NA,simes,1,2,1,1,0.000154,1.13,0.387,0.000107338,41.53969425
2005,hf-here,hf125,barker.plotkin,Tsuga,6,42.47577663,-72.2125902,obs,hemlock control,NA,simes,1,2,2,0,0.00189,1.13,0.389,0,0
2005,hf-here,hf125,barker.plotkin,Tsuga,6,42.47577663,-72.2125902,obs,hemlock control,NA,simes,2,2,1,2,0.000154,1.13,0.387,0.000214675,83.07938851
2005,hf-here,hf125,barker.plotkin,Tsuga,6,42.47577663,-72.2125902,obs,hemlock control,NA,simes,2,2,2,0,0.00189,1.13,0.389,0,0
2005,hf-here,hf125,barker.plotkin,Tsuga,6,42.47577663,-72.2125902,obs,hemlock control,NA,simes,3,2,1,12,0.000154,1.13,0.387,0.001288053,498.476331
2005,hf-here,hf125,barker.plotkin,Tsuga,6,42.47577663,-72.2125902,obs,hemlock control,NA,simes,3,2,2,3,0.00189,1.13,0.389,0.003951979,1537.319974
2005,hf-here,hf125,barker.plotkin,Tsuga,6,42.47577663,-72.2125902,obs,hemlock control,NA,simes,4,2,1,5,0.000154,1.13,0.387,0.000536689,207.6984713
2005,hf-here,hf125,barker.plotkin,Tsuga,6,42.47577663,-72.2125902,obs,hemlock control,NA,simes,4,2,2,1,0.00189,1.13,0.389,0.001317326,512.4399915
2005,hf-here,hf125,barker.plotkin,Tsuga,6,42.47577663,-72.2125902,obs,hemlock control,NA,simes,5,2,1,4,0.000154,1.13,0.387,0.000429351,166.158777
2005,hf-here,hf125,barker.plotkin,Tsuga,6,42.47577663,-72.2125902,obs,hemlock control,NA,simes,5,2,2,0,0.00189,1.13,0.389,0,0
2005,hf-here,hf125,barker.plotkin,Tsuga,6,42.47577663,-72.2125902,obs,hemlock control,NA,simes,6,2,1,8,0.000154,1.13,0.387,0.000858702,332.317554
2005,hf-here,hf125,barker.plotkin,Tsuga,6,42.47577663,-72.2125902,obs,hemlock control,NA,simes,6,2,2,1,0.00189,1.13,0.389,0.001317326,512.4399915
2005,hf-here,hf125,barker.plotkin,Tsuga,6,42.47577663,-72.2125902,obs,hemlock control,NA,simes,7,2,1,4,0.000154,1.13,0.387,0.000429351,166.158777
2005,hf-here,hf125,barker.plotkin,Tsuga,6,42.47577663,-72.2125902,obs,hemlock control,NA,simes,7,2,2,0,0.00189,1.13,0.389,0,0
2005,hf-here,hf125,barker.plotkin,Tsuga,6,42.47577663,-72.2125902,obs,hemlock control,NA,simes,8,2,1,7,0.000154,1.13,0.387,0.000751364,290.7778598
2005,hf-here,hf125,barker.plotkin,Tsuga,6,42.47577663,-72.2125902,obs,hemlock control,NA,simes,8,2,2,0,0.00189,1.13,0.389,0,0
2005,hf-here,hf125,barker.plotkin,AcerBetula,7,42.47916557,-72.21188137,obs,hardwood control,NA,simes,1,2,2,1,0.001758,1.03,0.342,0.001116887,381.9753767
2005,hf-here,hf125,barker.plotkin,AcerBetula,7,42.47916557,-72.21188137,obs,hardwood control,NA,simes,1,2,1,6,0.000172,1.11,0.39,0.000706571,275.5627115
2005,hf-here,hf125,barker.plotkin,AcerBetula,7,42.47916557,-72.21188137,obs,hardwood control,NA,simes,2,2,2,0,0.001758,1.03,0.342,0,0
2005,hf-here,hf125,barker.plotkin,AcerBetula,7,42.47916557,-72.21188137,obs,hardwood control,NA,simes,2,2,1,3,0.000172,1.11,0.39,0.000353286,137.7813557
2005,hf-here,hf125,barker.plotkin,AcerBetula,7,42.47916557,-72.21188137,obs,hardwood control,NA,simes,3,2,2,0,0.001758,1.03,0.342,0,0
2005,hf-here,hf125,barker.plotkin,AcerBetula,7,42.47916557,-72.21188137,obs,hardwood control,NA,simes,3,2,1,2,0.000172,1.11,0.39,0.000235524,91.85423715
2005,hf-here,hf125,barker.plotkin,AcerBetula,7,42.47916557,-72.21188137,obs,hardwood control,NA,simes,4,2,2,2,0.001758,1.03,0.342,0.002233774,763.9507533
2005,hf-here,hf125,barker.plotkin,AcerBetula,7,42.47916557,-72.21188137,obs,hardwood control,NA,simes,4,2,1,1,0.000172,1.11,0.39,0.000117762,45.92711858
2005,hf-here,hf125,barker.plotkin,AcerBetula,7,42.47916557,-72.21188137,obs,hardwood control,NA,simes,5,2,2,5,0.001758,1.03,0.342,0.005584435,1909.876883
2005,hf-here,hf125,barker.plotkin,AcerBetula,7,42.47916557,-72.21188137,obs,hardwood control,NA,simes,5,2,1,2,0.000172,1.11,0.39,0.000235524,91.85423715
2005,hf-here,hf125,barker.plotkin,AcerBetula,7,42.47916557,-72.21188137,obs,hardwood control,NA,simes,6,2,2,0,0.001758,1.03,0.342,0,0
2005,hf-here,hf125,barker.plotkin,AcerBetula,7,42.47916557,-72.21188137,obs,hardwood control,NA,simes,6,2,1,4,0.000172,1.11,0.39,0.000471047,183.7084743
2005,hf-here,hf125,barker.plotkin,AcerBetula,7,42.47916557,-72.21188137,obs,hardwood control,NA,simes,7,2,2,1,0.001758,1.03,0.342,0.001116887,381.9753767
2005,hf-here,hf125,barker.plotkin,AcerBetula,7,42.47916557,-72.21188137,obs,hardwood control,NA,simes,7,2,1,14,0.000172,1.11,0.39,0.001648666,642.9796601
2005,hf-here,hf125,barker.plotkin,AcerBetula,7,42.47916557,-72.21188137,obs,hardwood control,NA,simes,8,2,2,0,0.001758,1.03,0.342,0,0
2005,hf-here,hf125,barker.plotkin,AcerBetula,7,42.47916557,-72.21188137,obs,hardwood control,NA,simes,8,2,1,2,0.000172,1.11,0.39,0.000235524,91.85423715
2005,hf-here,hf125,barker.plotkin,AcerBetula,8,42.46583351,-72.2182264,obs,hardwood control,NA,simes,1,2,2,1,0.001758,1.03,0.342,0.001116887,381.9753767
2005,hf-here,hf125,barker.plotkin,AcerBetula,8,42.46583351,-72.2182264,obs,hardwood control,NA,simes,1,2,1,1,0.000172,1.11,0.39,0.000117762,45.92711858
2005,hf-here,hf125,barker.plotkin,AcerBetula,8,42.46583351,-72.2182264,obs,hardwood control,NA,simes,2,2,2,0,0.001758,1.03,0.342,0,0
2005,hf-here,hf125,barker.plotkin,AcerBetula,8,42.46583351,-72.2182264,obs,hardwood control,NA,simes,2,2,1,4,0.000172,1.11,0.39,0.000471047,183.7084743
2005,hf-here,hf125,barker.plotkin,AcerBetula,8,42.46583351,-72.2182264,obs,hardwood control,NA,simes,3,2,2,3,0.001758,1.03,0.342,0.003350661,1145.92613
2005,hf-here,hf125,barker.plotkin,AcerBetula,8,42.46583351,-72.2182264,obs,hardwood control,NA,simes,3,2,1,14,0.000172,1.11,0.39,0.001648666,642.9796601
2005,hf-here,hf125,barker.plotkin,AcerBetula,8,42.46583351,-72.2182264,obs,hardwood control,NA,simes,4,2,2,0,0.001758,1.03,0.342,0,0
2005,hf-here,hf125,barker.plotkin,AcerBetula,8,42.46583351,-72.2182264,obs,hardwood control,NA,simes,4,2,1,3,0.000172,1.11,0.39,0.000353286,137.7813557
2005,hf-here,hf125,barker.plotkin,AcerBetula,8,42.46583351,-72.2182264,obs,hardwood control,NA,simes,5,2,2,0,0.001758,1.03,0.342,0,0
2005,hf-here,hf125,barker.plotkin,AcerBetula,8,42.46583351,-72.2182264,obs,hardwood control,NA,simes,5,2,1,3,0.000172,1.11,0.39,0.000353286,137.7813557
2005,hf-here,hf125,barker.plotkin,AcerBetula,8,42.46583351,-72.2182264,obs,hardwood control,NA,simes,6,2,2,0,0.001758,1.03,0.342,0,0
2005,hf-here,hf125,barker.plotkin,AcerBetula,8,42.46583351,-72.2182264,obs,hardwood control,NA,simes,6,2,1,5,0.000172,1.11,0.39,0.000588809,229.6355929
2005,hf-here,hf125,barker.plotkin,AcerBetula,8,42.46583351,-72.2182264,obs,hardwood control,NA,simes,7,2,2,1,0.001758,1.03,0.342,0.001116887,381.9753767
2005,hf-here,hf125,barker.plotkin,AcerBetula,8,42.46583351,-72.2182264,obs,hardwood control,NA,simes,7,2,1,2,0.000172,1.11,0.39,0.000235524,91.85423715
2005,hf-here,hf125,barker.plotkin,AcerBetula,8,42.46583351,-72.2182264,obs,hardwood control,NA,simes,8,2,2,1,0.001758,1.03,0.342,0.001116887,381.9753767
2005,hf-here,hf125,barker.plotkin,AcerBetula,8,42.46583351,-72.2182264,obs,hardwood control,NA,simes,8,2,1,5,0.000172,1.11,0.39,0.000588809,229.6355929
2007,hf-here,hf125,barker.plotkin,Tsuga,1,42.47216557,-72.21646061,exp,girdled,2005,simes,1,2,1,20,0.000154,1.13,0.387,0.002146754,830.7938851
2007,hf-here,hf125,barker.plotkin,Tsuga,1,42.47216557,-72.21646061,exp,girdled,2005,simes,1,2,2,0,0.00189,1.13,0.389,0,0
2007,hf-here,hf125,barker.plotkin,Tsuga,1,42.47216557,-72.21646061,exp,girdled,2005,simes,2,2,1,6,0.000154,1.13,0.387,0.000644026,249.2381655
2007,hf-here,hf125,barker.plotkin,Tsuga,1,42.47216557,-72.21646061,exp,girdled,2005,simes,2,2,2,0,0.00189,1.13,0.389,0,0
2007,hf-here,hf125,barker.plotkin,Tsuga,1,42.47216557,-72.21646061,exp,girdled,2005,simes,3,2,1,4,0.000154,1.13,0.387,0.000429351,166.158777
2007,hf-here,hf125,barker.plotkin,Tsuga,1,42.47216557,-72.21646061,exp,girdled,2005,simes,3,2,2,0,0.00189,1.13,0.389,0,0
2007,hf-here,hf125,barker.plotkin,Tsuga,1,42.47216557,-72.21646061,exp,girdled,2005,simes,4,2,1,3,0.000154,1.13,0.387,0.000322013,124.6190828
2007,hf-here,hf125,barker.plotkin,Tsuga,1,42.47216557,-72.21646061,exp,girdled,2005,simes,4,2,2,0,0.00189,1.13,0.389,0,0
2007,hf-here,hf125,barker.plotkin,Tsuga,1,42.47216557,-72.21646061,exp,girdled,2005,simes,5,2,1,4,0.000154,1.13,0.387,0.000429351,166.158777
2007,hf-here,hf125,barker.plotkin,Tsuga,1,42.47216557,-72.21646061,exp,girdled,2005,simes,5,2,2,1,0.00189,1.13,0.389,0.001317326,512.4399915
2007,hf-here,hf125,barker.plotkin,Tsuga,1,42.47216557,-72.21646061,exp,girdled,2005,simes,6,2,1,0,0.000154,1.13,0.387,0,0
2007,hf-here,hf125,barker.plotkin,Tsuga,1,42.47216557,-72.21646061,exp,girdled,2005,simes,6,2,2,0,0.00189,1.13,0.389,0,0
2007,hf-here,hf125,barker.plotkin,Tsuga,1,42.47216557,-72.21646061,exp,girdled,2005,simes,7,2,1,4,0.000154,1.13,0.387,0.000429351,166.158777
2007,hf-here,hf125,barker.plotkin,Tsuga,1,42.47216557,-72.21646061,exp,girdled,2005,simes,7,2,2,0,0.00189,1.13,0.389,0,0
2007,hf-here,hf125,barker.plotkin,Tsuga,1,42.47216557,-72.21646061,exp,girdled,2005,simes,8,2,1,13,0.000154,1.13,0.387,0.00139539,540.0160253
2007,hf-here,hf125,barker.plotkin,Tsuga,1,42.47216557,-72.21646061,exp,girdled,2005,simes,8,2,2,0,0.00189,1.13,0.389,0,0
2007,hf-here,hf125,barker.plotkin,Tsuga,2,42.47152645,-72.21707956,exp,logged,2005,simes,1,2,1,16,0.000154,1.13,0.387,0.001717403,664.6351081
2007,hf-here,hf125,barker.plotkin,Tsuga,2,42.47152645,-72.21707956,exp,logged,2005,simes,1,2,2,1,0.00189,1.13,0.389,0.001317326,512.4399915
2007,hf-here,hf125,barker.plotkin,Tsuga,2,42.47152645,-72.21707956,exp,logged,2005,simes,2,2,1,20,0.000154,1.13,0.387,0.002146754,830.7938851
2007,hf-here,hf125,barker.plotkin,Tsuga,2,42.47152645,-72.21707956,exp,logged,2005,simes,2,2,2,6,0.00189,1.13,0.389,0.007903959,3074.639949
2007,hf-here,hf125,barker.plotkin,Tsuga,2,42.47152645,-72.21707956,exp,logged,2005,simes,3,2,1,24,0.000154,1.13,0.387,0.002576105,996.9526621
2007,hf-here,hf125,barker.plotkin,Tsuga,2,42.47152645,-72.21707956,exp,logged,2005,simes,3,2,2,2,0.00189,1.13,0.389,0.002634653,1024.879983
2007,hf-here,hf125,barker.plotkin,Tsuga,2,42.47152645,-72.21707956,exp,logged,2005,simes,4,2,1,6,0.000154,1.13,0.387,0.000644026,249.2381655
2007,hf-here,hf125,barker.plotkin,Tsuga,2,42.47152645,-72.21707956,exp,logged,2005,simes,4,2,2,3,0.00189,1.13,0.389,0.003951979,1537.319974
2007,hf-here,hf125,barker.plotkin,Tsuga,2,42.47152645,-72.21707956,exp,logged,2005,simes,5,2,1,6,0.000154,1.13,0.387,0.000644026,249.2381655
2007,hf-here,hf125,barker.plotkin,Tsuga,2,42.47152645,-72.21707956,exp,logged,2005,simes,5,2,2,2,0.00189,1.13,0.389,0.002634653,1024.879983
2007,hf-here,hf125,barker.plotkin,Tsuga,2,42.47152645,-72.21707956,exp,logged,2005,simes,6,2,1,24,0.000154,1.13,0.387,0.002576105,996.9526621
2007,hf-here,hf125,barker.plotkin,Tsuga,2,42.47152645,-72.21707956,exp,logged,2005,simes,6,2,2,6,0.00189,1.13,0.389,0.007903959,3074.639949
2007,hf-here,hf125,barker.plotkin,Tsuga,2,42.47152645,-72.21707956,exp,logged,2005,simes,7,2,1,10,0.000154,1.13,0.387,0.001073377,415.3969425
2007,hf-here,hf125,barker.plotkin,Tsuga,2,42.47152645,-72.21707956,exp,logged,2005,simes,7,2,2,4,0.00189,1.13,0.389,0.005269306,2049.759966
2007,hf-here,hf125,barker.plotkin,Tsuga,2,42.47152645,-72.21707956,exp,logged,2005,simes,8,2,1,39,0.000154,1.13,0.387,0.004186171,1620.048076
2007,hf-here,hf125,barker.plotkin,Tsuga,2,42.47152645,-72.21707956,exp,logged,2005,simes,8,2,2,3,0.00189,1.13,0.389,0.003951979,1537.319974
2007,hf-here,hf125,barker.plotkin,Tsuga,3,42.47137391,-72.21773966,obs,hemlock control,NA,simes,1,2,1,6,0.000154,1.13,0.387,0.000644026,249.2381655
2007,hf-here,hf125,barker.plotkin,Tsuga,3,42.47137391,-72.21773966,obs,hemlock control,NA,simes,1,2,2,1,0.00189,1.13,0.389,0.001317326,512.4399915
2007,hf-here,hf125,barker.plotkin,Tsuga,3,42.47137391,-72.21773966,obs,hemlock control,NA,simes,2,2,1,1,0.000154,1.13,0.387,0.000107338,41.53969425
2007,hf-here,hf125,barker.plotkin,Tsuga,3,42.47137391,-72.21773966,obs,hemlock control,NA,simes,2,2,2,4,0.00189,1.13,0.389,0.005269306,2049.759966
2007,hf-here,hf125,barker.plotkin,Tsuga,3,42.47137391,-72.21773966,obs,hemlock control,NA,simes,3,2,1,10,0.000154,1.13,0.387,0.001073377,415.3969425
2007,hf-here,hf125,barker.plotkin,Tsuga,3,42.47137391,-72.21773966,obs,hemlock control,NA,simes,3,2,2,0,0.00189,1.13,0.389,0,0
2007,hf-here,hf125,barker.plotkin,Tsuga,3,42.47137391,-72.21773966,obs,hemlock control,NA,simes,4,2,1,4,0.000154,1.13,0.387,0.000429351,166.158777
2007,hf-here,hf125,barker.plotkin,Tsuga,3,42.47137391,-72.21773966,obs,hemlock control,NA,simes,4,2,2,3,0.00189,1.13,0.389,0.003951979,1537.319974
2007,hf-here,hf125,barker.plotkin,Tsuga,3,42.47137391,-72.21773966,obs,hemlock control,NA,simes,5,2,1,8,0.000154,1.13,0.387,0.000858702,332.317554
2007,hf-here,hf125,barker.plotkin,Tsuga,3,42.47137391,-72.21773966,obs,hemlock control,NA,simes,5,2,2,0,0.00189,1.13,0.389,0,0
2007,hf-here,hf125,barker.plotkin,Tsuga,3,42.47137391,-72.21773966,obs,hemlock control,NA,simes,6,2,1,5,0.000154,1.13,0.387,0.000536689,207.6984713
2007,hf-here,hf125,barker.plotkin,Tsuga,3,42.47137391,-72.21773966,obs,hemlock control,NA,simes,6,2,2,0,0.00189,1.13,0.389,0,0
2007,hf-here,hf125,barker.plotkin,Tsuga,3,42.47137391,-72.21773966,obs,hemlock control,NA,simes,7,2,1,14,0.000154,1.13,0.387,0.001502728,581.5557196
2007,hf-here,hf125,barker.plotkin,Tsuga,3,42.47137391,-72.21773966,obs,hemlock control,NA,simes,7,2,2,3,0.00189,1.13,0.389,0.003951979,1537.319974
2007,hf-here,hf125,barker.plotkin,Tsuga,3,42.47137391,-72.21773966,obs,hemlock control,NA,simes,8,2,1,10,0.000154,1.13,0.387,0.001073377,415.3969425
2007,hf-here,hf125,barker.plotkin,Tsuga,3,42.47137391,-72.21773966,obs,hemlock control,NA,simes,8,2,2,3,0.00189,1.13,0.389,0.003951979,1537.319974
2007,hf-here,hf125,barker.plotkin,Tsuga,4,42.4742015,-72.21330672,exp,logged,2005,simes,1,2,1,4,0.000154,1.13,0.387,0.000429351,166.158777
2007,hf-here,hf125,barker.plotkin,Tsuga,4,42.4742015,-72.21330672,exp,logged,2005,simes,1,2,2,0,0.00189,1.13,0.389,0,0
2007,hf-here,hf125,barker.plotkin,Tsuga,4,42.4742015,-72.21330672,exp,logged,2005,simes,2,2,1,17,0.000154,1.13,0.387,0.001824741,706.1748023
2007,hf-here,hf125,barker.plotkin,Tsuga,4,42.4742015,-72.21330672,exp,logged,2005,simes,2,2,2,6,0.00189,1.13,0.389,0.007903959,3074.639949
2007,hf-here,hf125,barker.plotkin,Tsuga,4,42.4742015,-72.21330672,exp,logged,2005,simes,3,2,1,27,0.000154,1.13,0.387,0.002898118,1121.571745
2007,hf-here,hf125,barker.plotkin,Tsuga,4,42.4742015,-72.21330672,exp,logged,2005,simes,3,2,2,8,0.00189,1.13,0.389,0.010538612,4099.519932
2007,hf-here,hf125,barker.plotkin,Tsuga,4,42.4742015,-72.21330672,exp,logged,2005,simes,4,2,1,7,0.000154,1.13,0.387,0.000751364,290.7778598
2007,hf-here,hf125,barker.plotkin,Tsuga,4,42.4742015,-72.21330672,exp,logged,2005,simes,4,2,2,2,0.00189,1.13,0.389,0.002634653,1024.879983
2007,hf-here,hf125,barker.plotkin,Tsuga,4,42.4742015,-72.21330672,exp,logged,2005,simes,5,2,1,20,0.000154,1.13,0.387,0.002146754,830.7938851
2007,hf-here,hf125,barker.plotkin,Tsuga,4,42.4742015,-72.21330672,exp,logged,2005,simes,5,2,2,8,0.00189,1.13,0.389,0.010538612,4099.519932
2007,hf-here,hf125,barker.plotkin,Tsuga,4,42.4742015,-72.21330672,exp,logged,2005,simes,6,2,1,34,0.000154,1.13,0.387,0.003649482,1412.349605
2007,hf-here,hf125,barker.plotkin,Tsuga,4,42.4742015,-72.21330672,exp,logged,2005,simes,6,2,2,4,0.00189,1.13,0.389,0.005269306,2049.759966
2007,hf-here,hf125,barker.plotkin,Tsuga,4,42.4742015,-72.21330672,exp,logged,2005,simes,7,2,1,24,0.000154,1.13,0.387,0.002576105,996.9526621
2007,hf-here,hf125,barker.plotkin,Tsuga,4,42.4742015,-72.21330672,exp,logged,2005,simes,7,2,2,4,0.00189,1.13,0.389,0.005269306,2049.759966
2007,hf-here,hf125,barker.plotkin,Tsuga,4,42.4742015,-72.21330672,exp,logged,2005,simes,8,2,1,40,0.000154,1.13,0.387,0.004293508,1661.58777
2007,hf-here,hf125,barker.plotkin,Tsuga,4,42.4742015,-72.21330672,exp,logged,2005,simes,8,2,2,11,0.00189,1.13,0.389,0.014490591,5636.839906
2007,hf-here,hf125,barker.plotkin,Tsuga,5,42.47535568,-72.2132209,exp,girdled,2005,simes,1,2,1,8,0.000154,1.13,0.387,0.000858702,332.317554
2007,hf-here,hf125,barker.plotkin,Tsuga,5,42.47535568,-72.2132209,exp,girdled,2005,simes,1,2,2,1,0.00189,1.13,0.389,0.001317326,512.4399915
2007,hf-here,hf125,barker.plotkin,Tsuga,5,42.47535568,-72.2132209,exp,girdled,2005,simes,2,2,1,9,0.000154,1.13,0.387,0.000966039,373.8572483
2007,hf-here,hf125,barker.plotkin,Tsuga,5,42.47535568,-72.2132209,exp,girdled,2005,simes,2,2,2,0,0.00189,1.13,0.389,0,0
2007,hf-here,hf125,barker.plotkin,Tsuga,5,42.47535568,-72.2132209,exp,girdled,2005,simes,3,2,1,3,0.000154,1.13,0.387,0.000322013,124.6190828
2007,hf-here,hf125,barker.plotkin,Tsuga,5,42.47535568,-72.2132209,exp,girdled,2005,simes,3,2,2,1,0.00189,1.13,0.389,0.001317326,512.4399915
2007,hf-here,hf125,barker.plotkin,Tsuga,5,42.47535568,-72.2132209,exp,girdled,2005,simes,4,2,1,2,0.000154,1.13,0.387,0.000214675,83.07938851
2007,hf-here,hf125,barker.plotkin,Tsuga,5,42.47535568,-72.2132209,exp,girdled,2005,simes,4,2,2,0,0.00189,1.13,0.389,0,0
2007,hf-here,hf125,barker.plotkin,Tsuga,5,42.47535568,-72.2132209,exp,girdled,2005,simes,5,2,1,5,0.000154,1.13,0.387,0.000536689,207.6984713
2007,hf-here,hf125,barker.plotkin,Tsuga,5,42.47535568,-72.2132209,exp,girdled,2005,simes,5,2,2,1,0.00189,1.13,0.389,0.001317326,512.4399915
2007,hf-here,hf125,barker.plotkin,Tsuga,5,42.47535568,-72.2132209,exp,girdled,2005,simes,6,2,1,10,0.000154,1.13,0.387,0.001073377,415.3969425
2007,hf-here,hf125,barker.plotkin,Tsuga,5,42.47535568,-72.2132209,exp,girdled,2005,simes,6,2,2,3,0.00189,1.13,0.389,0.003951979,1537.319974
2007,hf-here,hf125,barker.plotkin,Tsuga,5,42.47535568,-72.2132209,exp,girdled,2005,simes,7,2,1,4,0.000154,1.13,0.387,0.000429351,166.158777
2007,hf-here,hf125,barker.plotkin,Tsuga,5,42.47535568,-72.2132209,exp,girdled,2005,simes,7,2,2,0,0.00189,1.13,0.389,0,0
2007,hf-here,hf125,barker.plotkin,Tsuga,5,42.47535568,-72.2132209,exp,girdled,2005,simes,8,2,1,6,0.000154,1.13,0.387,0.000644026,249.2381655
2007,hf-here,hf125,barker.plotkin,Tsuga,5,42.47535568,-72.2132209,exp,girdled,2005,simes,8,2,2,0,0.00189,1.13,0.389,0,0
2007,hf-here,hf125,barker.plotkin,Tsuga,6,42.47577663,-72.2125902,obs,hemlock control,NA,simes,1,2,1,3,0.000154,1.13,0.387,0.000322013,124.6190828
2007,hf-here,hf125,barker.plotkin,Tsuga,6,42.47577663,-72.2125902,obs,hemlock control,NA,simes,1,2,2,0,0.00189,1.13,0.389,0,0
2007,hf-here,hf125,barker.plotkin,Tsuga,6,42.47577663,-72.2125902,obs,hemlock control,NA,simes,2,2,1,2,0.000154,1.13,0.387,0.000214675,83.07938851
2007,hf-here,hf125,barker.plotkin,Tsuga,6,42.47577663,-72.2125902,obs,hemlock control,NA,simes,2,2,2,1,0.00189,1.13,0.389,0.001317326,512.4399915
2007,hf-here,hf125,barker.plotkin,Tsuga,6,42.47577663,-72.2125902,obs,hemlock control,NA,simes,3,2,1,9,0.000154,1.13,0.387,0.000966039,373.8572483
2007,hf-here,hf125,barker.plotkin,Tsuga,6,42.47577663,-72.2125902,obs,hemlock control,NA,simes,3,2,2,4,0.00189,1.13,0.389,0.005269306,2049.759966
2007,hf-here,hf125,barker.plotkin,Tsuga,6,42.47577663,-72.2125902,obs,hemlock control,NA,simes,4,2,1,5,0.000154,1.13,0.387,0.000536689,207.6984713
2007,hf-here,hf125,barker.plotkin,Tsuga,6,42.47577663,-72.2125902,obs,hemlock control,NA,simes,4,2,2,2,0.00189,1.13,0.389,0.002634653,1024.879983
2007,hf-here,hf125,barker.plotkin,Tsuga,6,42.47577663,-72.2125902,obs,hemlock control,NA,simes,5,2,1,3,0.000154,1.13,0.387,0.000322013,124.6190828
2007,hf-here,hf125,barker.plotkin,Tsuga,6,42.47577663,-72.2125902,obs,hemlock control,NA,simes,5,2,2,0,0.00189,1.13,0.389,0,0
2007,hf-here,hf125,barker.plotkin,Tsuga,6,42.47577663,-72.2125902,obs,hemlock control,NA,simes,6,2,1,2,0.000154,1.13,0.387,0.000214675,83.07938851
2007,hf-here,hf125,barker.plotkin,Tsuga,6,42.47577663,-72.2125902,obs,hemlock control,NA,simes,6,2,2,1,0.00189,1.13,0.389,0.001317326,512.4399915
2007,hf-here,hf125,barker.plotkin,Tsuga,6,42.47577663,-72.2125902,obs,hemlock control,NA,simes,7,2,1,4,0.000154,1.13,0.387,0.000429351,166.158777
2007,hf-here,hf125,barker.plotkin,Tsuga,6,42.47577663,-72.2125902,obs,hemlock control,NA,simes,7,2,2,0,0.00189,1.13,0.389,0,0
2007,hf-here,hf125,barker.plotkin,Tsuga,6,42.47577663,-72.2125902,obs,hemlock control,NA,simes,8,2,1,7,0.000154,1.13,0.387,0.000751364,290.7778598
2007,hf-here,hf125,barker.plotkin,Tsuga,6,42.47577663,-72.2125902,obs,hemlock control,NA,simes,8,2,2,0,0.00189,1.13,0.389,0,0
2007,hf-here,hf125,barker.plotkin,AcerBetula,7,42.47916557,-72.21188137,obs,hardwood control,NA,simes,1,2,2,2,0.001758,1.03,0.342,0.002233774,763.9507533
2007,hf-here,hf125,barker.plotkin,AcerBetula,7,42.47916557,-72.21188137,obs,hardwood control,NA,simes,1,2,1,4,0.000172,1.11,0.39,0.000471047,183.7084743
2007,hf-here,hf125,barker.plotkin,AcerBetula,7,42.47916557,-72.21188137,obs,hardwood control,NA,simes,2,2,2,0,0.001758,1.03,0.342,0,0
2007,hf-here,hf125,barker.plotkin,AcerBetula,7,42.47916557,-72.21188137,obs,hardwood control,NA,simes,2,2,1,1,0.000172,1.11,0.39,0.000117762,45.92711858
2007,hf-here,hf125,barker.plotkin,AcerBetula,7,42.47916557,-72.21188137,obs,hardwood control,NA,simes,3,2,2,0,0.001758,1.03,0.342,0,0
2007,hf-here,hf125,barker.plotkin,AcerBetula,7,42.47916557,-72.21188137,obs,hardwood control,NA,simes,3,2,1,3,0.000172,1.11,0.39,0.000353286,137.7813557
2007,hf-here,hf125,barker.plotkin,AcerBetula,7,42.47916557,-72.21188137,obs,hardwood control,NA,simes,4,2,2,1,0.001758,1.03,0.342,0.001116887,381.9753767
2007,hf-here,hf125,barker.plotkin,AcerBetula,7,42.47916557,-72.21188137,obs,hardwood control,NA,simes,4,2,1,2,0.000172,1.11,0.39,0.000235524,91.85423715
2007,hf-here,hf125,barker.plotkin,AcerBetula,7,42.47916557,-72.21188137,obs,hardwood control,NA,simes,5,2,2,2,0.001758,1.03,0.342,0.002233774,763.9507533
2007,hf-here,hf125,barker.plotkin,AcerBetula,7,42.47916557,-72.21188137,obs,hardwood control,NA,simes,5,2,1,8,0.000172,1.11,0.39,0.000942095,367.4169486
2007,hf-here,hf125,barker.plotkin,AcerBetula,7,42.47916557,-72.21188137,obs,hardwood control,NA,simes,6,2,2,0,0.001758,1.03,0.342,0,0
2007,hf-here,hf125,barker.plotkin,AcerBetula,7,42.47916557,-72.21188137,obs,hardwood control,NA,simes,6,2,1,0,0.000172,1.11,0.39,0,0
2007,hf-here,hf125,barker.plotkin,AcerBetula,7,42.47916557,-72.21188137,obs,hardwood control,NA,simes,7,2,2,0,0.001758,1.03,0.342,0,0
2007,hf-here,hf125,barker.plotkin,AcerBetula,7,42.47916557,-72.21188137,obs,hardwood control,NA,simes,7,2,1,8,0.000172,1.11,0.39,0.000942095,367.4169486
2007,hf-here,hf125,barker.plotkin,AcerBetula,7,42.47916557,-72.21188137,obs,hardwood control,NA,simes,8,2,2,1,0.001758,1.03,0.342,0.001116887,381.9753767
2007,hf-here,hf125,barker.plotkin,AcerBetula,7,42.47916557,-72.21188137,obs,hardwood control,NA,simes,8,2,1,5,0.000172,1.11,0.39,0.000588809,229.6355929
2007,hf-here,hf125,barker.plotkin,AcerBetula,8,42.46583351,-72.2182264,obs,hardwood control,NA,simes,1,2,2,2,0.001758,1.03,0.342,0.002233774,763.9507533
2007,hf-here,hf125,barker.plotkin,AcerBetula,8,42.46583351,-72.2182264,obs,hardwood control,NA,simes,1,2,1,1,0.000172,1.11,0.39,0.000117762,45.92711858
2007,hf-here,hf125,barker.plotkin,AcerBetula,8,42.46583351,-72.2182264,obs,hardwood control,NA,simes,2,2,2,0,0.001758,1.03,0.342,0,0
2007,hf-here,hf125,barker.plotkin,AcerBetula,8,42.46583351,-72.2182264,obs,hardwood control,NA,simes,2,2,1,5,0.000172,1.11,0.39,0.000588809,229.6355929
2007,hf-here,hf125,barker.plotkin,AcerBetula,8,42.46583351,-72.2182264,obs,hardwood control,NA,simes,3,2,2,3,0.001758,1.03,0.342,0.003350661,1145.92613
2007,hf-here,hf125,barker.plotkin,AcerBetula,8,42.46583351,-72.2182264,obs,hardwood control,NA,simes,3,2,1,4,0.000172,1.11,0.39,0.000471047,183.7084743
2007,hf-here,hf125,barker.plotkin,AcerBetula,8,42.46583351,-72.2182264,obs,hardwood control,NA,simes,4,2,2,0,0.001758,1.03,0.342,0,0
2007,hf-here,hf125,barker.plotkin,AcerBetula,8,42.46583351,-72.2182264,obs,hardwood control,NA,simes,4,2,1,4,0.000172,1.11,0.39,0.000471047,183.7084743
2007,hf-here,hf125,barker.plotkin,AcerBetula,8,42.46583351,-72.2182264,obs,hardwood control,NA,simes,5,2,2,1,0.001758,1.03,0.342,0.001116887,381.9753767
2007,hf-here,hf125,barker.plotkin,AcerBetula,8,42.46583351,-72.2182264,obs,hardwood control,NA,simes,5,2,1,3,0.000172,1.11,0.39,0.000353286,137.7813557
2007,hf-here,hf125,barker.plotkin,AcerBetula,8,42.46583351,-72.2182264,obs,hardwood control,NA,simes,6,2,2,0,0.001758,1.03,0.342,0,0
2007,hf-here,hf125,barker.plotkin,AcerBetula,8,42.46583351,-72.2182264,obs,hardwood control,NA,simes,6,2,1,2,0.000172,1.11,0.39,0.000235524,91.85423715
2007,hf-here,hf125,barker.plotkin,AcerBetula,8,42.46583351,-72.2182264,obs,hardwood control,NA,simes,7,2,2,1,0.001758,1.03,0.342,0.001116887,381.9753767
2007,hf-here,hf125,barker.plotkin,AcerBetula,8,42.46583351,-72.2182264,obs,hardwood control,NA,simes,7,2,1,1,0.000172,1.11,0.39,0.000117762,45.92711858
2007,hf-here,hf125,barker.plotkin,AcerBetula,8,42.46583351,-72.2182264,obs,hardwood control,NA,simes,8,2,2,0,0.001758,1.03,0.342,0,0
2007,hf-here,hf125,barker.plotkin,AcerBetula,8,42.46583351,-72.2182264,obs,hardwood control,NA,simes,8,2,1,4,0.000172,1.11,0.39,0.000471047,183.7084743
2009,hf-here,hf125,barker.plotkin,Tsuga,1,42.47216557,-72.21646061,exp,girdled,2005,simes,1,2,1,13,0.000154,1.13,0.387,0.00139539,540.0160253
2009,hf-here,hf125,barker.plotkin,Tsuga,1,42.47216557,-72.21646061,exp,girdled,2005,simes,1,2,2,3,0.00189,1.13,0.389,0.003951979,1537.319974
2009,hf-here,hf125,barker.plotkin,Tsuga,1,42.47216557,-72.21646061,exp,girdled,2005,simes,2,2,1,21,0.000154,1.13,0.387,0.002254092,872.3335793
2009,hf-here,hf125,barker.plotkin,Tsuga,1,42.47216557,-72.21646061,exp,girdled,2005,simes,2,2,2,3,0.00189,1.13,0.389,0.003951979,1537.319974
2009,hf-here,hf125,barker.plotkin,Tsuga,1,42.47216557,-72.21646061,exp,girdled,2005,simes,3,2,1,12,0.000154,1.13,0.387,0.001288053,498.476331
2009,hf-here,hf125,barker.plotkin,Tsuga,1,42.47216557,-72.21646061,exp,girdled,2005,simes,3,2,2,1,0.00189,1.13,0.389,0.001317326,512.4399915
2009,hf-here,hf125,barker.plotkin,Tsuga,1,42.47216557,-72.21646061,exp,girdled,2005,simes,4,2,1,10,0.000154,1.13,0.387,0.001073377,415.3969425
2009,hf-here,hf125,barker.plotkin,Tsuga,1,42.47216557,-72.21646061,exp,girdled,2005,simes,4,2,2,0,0.00189,1.13,0.389,0,0
2009,hf-here,hf125,barker.plotkin,Tsuga,1,42.47216557,-72.21646061,exp,girdled,2005,simes,5,2,1,5,0.000154,1.13,0.387,0.000536689,207.6984713
2009,hf-here,hf125,barker.plotkin,Tsuga,1,42.47216557,-72.21646061,exp,girdled,2005,simes,5,2,2,2,0.00189,1.13,0.389,0.002634653,1024.879983
2009,hf-here,hf125,barker.plotkin,Tsuga,1,42.47216557,-72.21646061,exp,girdled,2005,simes,6,2,1,14,0.000154,1.13,0.387,0.001502728,581.5557196
2009,hf-here,hf125,barker.plotkin,Tsuga,1,42.47216557,-72.21646061,exp,girdled,2005,simes,6,2,2,1,0.00189,1.13,0.389,0.001317326,512.4399915
2009,hf-here,hf125,barker.plotkin,Tsuga,1,42.47216557,-72.21646061,exp,girdled,2005,simes,7,2,1,5,0.000154,1.13,0.387,0.000536689,207.6984713
2009,hf-here,hf125,barker.plotkin,Tsuga,1,42.47216557,-72.21646061,exp,girdled,2005,simes,7,2,2,1,0.00189,1.13,0.389,0.001317326,512.4399915
2009,hf-here,hf125,barker.plotkin,Tsuga,1,42.47216557,-72.21646061,exp,girdled,2005,simes,8,2,1,17,0.000154,1.13,0.387,0.001824741,706.1748023
2009,hf-here,hf125,barker.plotkin,Tsuga,1,42.47216557,-72.21646061,exp,girdled,2005,simes,8,2,2,0,0.00189,1.13,0.389,0,0
2009,hf-here,hf125,barker.plotkin,Tsuga,2,42.47152645,-72.21707956,exp,logged,2005,simes,1,2,1,43,0.000154,1.13,0.387,0.004615522,1786.206853
2009,hf-here,hf125,barker.plotkin,Tsuga,2,42.47152645,-72.21707956,exp,logged,2005,simes,1,2,2,21,0.00189,1.13,0.389,0.027663856,10761.23982
2009,hf-here,hf125,barker.plotkin,Tsuga,2,42.47152645,-72.21707956,exp,logged,2005,simes,2,2,1,11,0.000154,1.13,0.387,0.001180715,456.9366368
2009,hf-here,hf125,barker.plotkin,Tsuga,2,42.47152645,-72.21707956,exp,logged,2005,simes,2,2,2,0,0.00189,1.13,0.389,0,0
2009,hf-here,hf125,barker.plotkin,Tsuga,2,42.47152645,-72.21707956,exp,logged,2005,simes,3,2,1,8,0.000154,1.13,0.387,0.000858702,332.317554
2009,hf-here,hf125,barker.plotkin,Tsuga,2,42.47152645,-72.21707956,exp,logged,2005,simes,3,2,2,1,0.00189,1.13,0.389,0.001317326,512.4399915
2009,hf-here,hf125,barker.plotkin,Tsuga,2,42.47152645,-72.21707956,exp,logged,2005,simes,4,2,1,13,0.000154,1.13,0.387,0.00139539,540.0160253
2009,hf-here,hf125,barker.plotkin,Tsuga,2,42.47152645,-72.21707956,exp,logged,2005,simes,4,2,2,5,0.00189,1.13,0.389,0.006586632,2562.199957
2009,hf-here,hf125,barker.plotkin,Tsuga,2,42.47152645,-72.21707956,exp,logged,2005,simes,5,2,1,52,0.000154,1.13,0.387,0.005581561,2160.064101
2009,hf-here,hf125,barker.plotkin,Tsuga,2,42.47152645,-72.21707956,exp,logged,2005,simes,5,2,2,17,0.00189,1.13,0.389,0.02239455,8711.479855
2009,hf-here,hf125,barker.plotkin,Tsuga,2,42.47152645,-72.21707956,exp,logged,2005,simes,6,2,1,13,0.000154,1.13,0.387,0.00139539,540.0160253
2009,hf-here,hf125,barker.plotkin,Tsuga,2,42.47152645,-72.21707956,exp,logged,2005,simes,6,2,2,4,0.00189,1.13,0.389,0.005269306,2049.759966
2009,hf-here,hf125,barker.plotkin,Tsuga,2,42.47152645,-72.21707956,exp,logged,2005,simes,7,2,1,34,0.000154,1.13,0.387,0.003649482,1412.349605
2009,hf-here,hf125,barker.plotkin,Tsuga,2,42.47152645,-72.21707956,exp,logged,2005,simes,7,2,2,10,0.00189,1.13,0.389,0.013173265,5124.399915
2009,hf-here,hf125,barker.plotkin,Tsuga,2,42.47152645,-72.21707956,exp,logged,2005,simes,8,2,1,47,0.000154,1.13,0.387,0.005044872,1952.36563
2009,hf-here,hf125,barker.plotkin,Tsuga,2,42.47152645,-72.21707956,exp,logged,2005,simes,8,2,2,17,0.00189,1.13,0.389,0.02239455,8711.479855
2009,hf-here,hf125,barker.plotkin,Tsuga,3,42.47137391,-72.21773966,obs,hemlock control,NA,simes,1,2,1,11,0.000154,1.13,0.387,0.001180715,456.9366368
2009,hf-here,hf125,barker.plotkin,Tsuga,3,42.47137391,-72.21773966,obs,hemlock control,NA,simes,1,2,2,6,0.00189,1.13,0.389,0.007903959,3074.639949
2009,hf-here,hf125,barker.plotkin,Tsuga,3,42.47137391,-72.21773966,obs,hemlock control,NA,simes,2,2,1,0,0.000154,1.13,0.387,0,0
2009,hf-here,hf125,barker.plotkin,Tsuga,3,42.47137391,-72.21773966,obs,hemlock control,NA,simes,2,2,2,1,0.00189,1.13,0.389,0.001317326,512.4399915
2009,hf-here,hf125,barker.plotkin,Tsuga,3,42.47137391,-72.21773966,obs,hemlock control,NA,simes,3,2,1,16,0.000154,1.13,0.387,0.001717403,664.6351081
2009,hf-here,hf125,barker.plotkin,Tsuga,3,42.47137391,-72.21773966,obs,hemlock control,NA,simes,3,2,2,3,0.00189,1.13,0.389,0.003951979,1537.319974
2009,hf-here,hf125,barker.plotkin,Tsuga,3,42.47137391,-72.21773966,obs,hemlock control,NA,simes,4,2,1,8,0.000154,1.13,0.387,0.000858702,332.317554
2009,hf-here,hf125,barker.plotkin,Tsuga,3,42.47137391,-72.21773966,obs,hemlock control,NA,simes,4,2,2,0,0.00189,1.13,0.389,0,0
2009,hf-here,hf125,barker.plotkin,Tsuga,3,42.47137391,-72.21773966,obs,hemlock control,NA,simes,5,2,1,15,0.000154,1.13,0.387,0.001610066,623.0954138
2009,hf-here,hf125,barker.plotkin,Tsuga,3,42.47137391,-72.21773966,obs,hemlock control,NA,simes,5,2,2,2,0.00189,1.13,0.389,0.002634653,1024.879983
2009,hf-here,hf125,barker.plotkin,Tsuga,3,42.47137391,-72.21773966,obs,hemlock control,NA,simes,6,2,1,3,0.000154,1.13,0.387,0.000322013,124.6190828
2009,hf-here,hf125,barker.plotkin,Tsuga,3,42.47137391,-72.21773966,obs,hemlock control,NA,simes,6,2,2,0,0.00189,1.13,0.389,0,0
2009,hf-here,hf125,barker.plotkin,Tsuga,3,42.47137391,-72.21773966,obs,hemlock control,NA,simes,7,2,1,9,0.000154,1.13,0.387,0.000966039,373.8572483
2009,hf-here,hf125,barker.plotkin,Tsuga,3,42.47137391,-72.21773966,obs,hemlock control,NA,simes,7,2,2,1,0.00189,1.13,0.389,0.001317326,512.4399915
2009,hf-here,hf125,barker.plotkin,Tsuga,3,42.47137391,-72.21773966,obs,hemlock control,NA,simes,8,2,1,17,0.000154,1.13,0.387,0.001824741,706.1748023
2009,hf-here,hf125,barker.plotkin,Tsuga,3,42.47137391,-72.21773966,obs,hemlock control,NA,simes,8,2,2,2,0.00189,1.13,0.389,0.002634653,1024.879983
2009,hf-here,hf125,barker.plotkin,Tsuga,4,42.4742015,-72.21330672,exp,logged,2005,simes,1,2,1,1,0.000154,1.13,0.387,0.000107338,41.53969425
2009,hf-here,hf125,barker.plotkin,Tsuga,4,42.4742015,-72.21330672,exp,logged,2005,simes,1,2,2,2,0.00189,1.13,0.389,0.002634653,1024.879983
2009,hf-here,hf125,barker.plotkin,Tsuga,4,42.4742015,-72.21330672,exp,logged,2005,simes,2,2,1,55,0.000154,1.13,0.387,0.005903574,2284.683184
2009,hf-here,hf125,barker.plotkin,Tsuga,4,42.4742015,-72.21330672,exp,logged,2005,simes,2,2,2,24,0.00189,1.13,0.389,0.031615835,12298.5598
2009,hf-here,hf125,barker.plotkin,Tsuga,4,42.4742015,-72.21330672,exp,logged,2005,simes,3,2,1,5,0.000154,1.13,0.387,0.000536689,207.6984713
2009,hf-here,hf125,barker.plotkin,Tsuga,4,42.4742015,-72.21330672,exp,logged,2005,simes,3,2,2,3,0.00189,1.13,0.389,0.003951979,1537.319974
2009,hf-here,hf125,barker.plotkin,Tsuga,4,42.4742015,-72.21330672,exp,logged,2005,simes,4,2,1,3,0.000154,1.13,0.387,0.000322013,124.6190828
2009,hf-here,hf125,barker.plotkin,Tsuga,4,42.4742015,-72.21330672,exp,logged,2005,simes,4,2,2,0,0.00189,1.13,0.389,0,0
2009,hf-here,hf125,barker.plotkin,Tsuga,4,42.4742015,-72.21330672,exp,logged,2005,simes,5,2,1,24,0.000154,1.13,0.387,0.002576105,996.9526621
2009,hf-here,hf125,barker.plotkin,Tsuga,4,42.4742015,-72.21330672,exp,logged,2005,simes,5,2,2,10,0.00189,1.13,0.389,0.013173265,5124.399915
2009,hf-here,hf125,barker.plotkin,Tsuga,4,42.4742015,-72.21330672,exp,logged,2005,simes,6,2,1,12,0.000154,1.13,0.387,0.001288053,498.476331
2009,hf-here,hf125,barker.plotkin,Tsuga,4,42.4742015,-72.21330672,exp,logged,2005,simes,6,2,2,1,0.00189,1.13,0.389,0.001317326,512.4399915
2009,hf-here,hf125,barker.plotkin,Tsuga,4,42.4742015,-72.21330672,exp,logged,2005,simes,7,2,1,8,0.000154,1.13,0.387,0.000858702,332.317554
2009,hf-here,hf125,barker.plotkin,Tsuga,4,42.4742015,-72.21330672,exp,logged,2005,simes,7,2,2,0,0.00189,1.13,0.389,0,0
2009,hf-here,hf125,barker.plotkin,Tsuga,4,42.4742015,-72.21330672,exp,logged,2005,simes,8,2,1,8,0.000154,1.13,0.387,0.000858702,332.317554
2009,hf-here,hf125,barker.plotkin,Tsuga,4,42.4742015,-72.21330672,exp,logged,2005,simes,8,2,2,3,0.00189,1.13,0.389,0.003951979,1537.319974
2009,hf-here,hf125,barker.plotkin,Tsuga,5,42.47535568,-72.2132209,exp,girdled,2005,simes,1,2,1,0,0.000154,1.13,0.387,0,0
2009,hf-here,hf125,barker.plotkin,Tsuga,5,42.47535568,-72.2132209,exp,girdled,2005,simes,1,2,2,0,0.00189,1.13,0.389,0,0
2009,hf-here,hf125,barker.plotkin,Tsuga,5,42.47535568,-72.2132209,exp,girdled,2005,simes,2,2,1,8,0.000154,1.13,0.387,0.000858702,332.317554
2009,hf-here,hf125,barker.plotkin,Tsuga,5,42.47535568,-72.2132209,exp,girdled,2005,simes,2,2,2,0,0.00189,1.13,0.389,0,0
2009,hf-here,hf125,barker.plotkin,Tsuga,5,42.47535568,-72.2132209,exp,girdled,2005,simes,3,2,1,9,0.000154,1.13,0.387,0.000966039,373.8572483
2009,hf-here,hf125,barker.plotkin,Tsuga,5,42.47535568,-72.2132209,exp,girdled,2005,simes,3,2,2,2,0.00189,1.13,0.389,0.002634653,1024.879983
2009,hf-here,hf125,barker.plotkin,Tsuga,5,42.47535568,-72.2132209,exp,girdled,2005,simes,4,2,1,12,0.000154,1.13,0.387,0.001288053,498.476331
2009,hf-here,hf125,barker.plotkin,Tsuga,5,42.47535568,-72.2132209,exp,girdled,2005,simes,4,2,2,3,0.00189,1.13,0.389,0.003951979,1537.319974
2009,hf-here,hf125,barker.plotkin,Tsuga,5,42.47535568,-72.2132209,exp,girdled,2005,simes,5,2,1,22,0.000154,1.13,0.387,0.00236143,913.8732736
2009,hf-here,hf125,barker.plotkin,Tsuga,5,42.47535568,-72.2132209,exp,girdled,2005,simes,5,2,2,2,0.00189,1.13,0.389,0.002634653,1024.879983
2009,hf-here,hf125,barker.plotkin,Tsuga,5,42.47535568,-72.2132209,exp,girdled,2005,simes,6,2,1,14,0.000154,1.13,0.387,0.001502728,581.5557196
2009,hf-here,hf125,barker.plotkin,Tsuga,5,42.47535568,-72.2132209,exp,girdled,2005,simes,6,2,2,4,0.00189,1.13,0.389,0.005269306,2049.759966
2009,hf-here,hf125,barker.plotkin,Tsuga,5,42.47535568,-72.2132209,exp,girdled,2005,simes,7,2,1,8,0.000154,1.13,0.387,0.000858702,332.317554
2009,hf-here,hf125,barker.plotkin,Tsuga,5,42.47535568,-72.2132209,exp,girdled,2005,simes,7,2,2,0,0.00189,1.13,0.389,0,0
2009,hf-here,hf125,barker.plotkin,Tsuga,5,42.47535568,-72.2132209,exp,girdled,2005,simes,8,2,1,5,0.000154,1.13,0.387,0.000536689,207.6984713
2009,hf-here,hf125,barker.plotkin,Tsuga,5,42.47535568,-72.2132209,exp,girdled,2005,simes,8,2,2,0,0.00189,1.13,0.389,0,0
2009,hf-here,hf125,barker.plotkin,Tsuga,6,42.47577663,-72.2125902,obs,hemlock control,NA,simes,1,2,1,4,0.000154,1.13,0.387,0.000429351,166.158777
2009,hf-here,hf125,barker.plotkin,Tsuga,6,42.47577663,-72.2125902,obs,hemlock control,NA,simes,1,2,2,1,0.00189,1.13,0.389,0.001317326,512.4399915
2009,hf-here,hf125,barker.plotkin,Tsuga,6,42.47577663,-72.2125902,obs,hemlock control,NA,simes,2,2,1,3,0.000154,1.13,0.387,0.000322013,124.6190828
2009,hf-here,hf125,barker.plotkin,Tsuga,6,42.47577663,-72.2125902,obs,hemlock control,NA,simes,2,2,2,2,0.00189,1.13,0.389,0.002634653,1024.879983
2009,hf-here,hf125,barker.plotkin,Tsuga,6,42.47577663,-72.2125902,obs,hemlock control,NA,simes,3,2,1,16,0.000154,1.13,0.387,0.001717403,664.6351081
2009,hf-here,hf125,barker.plotkin,Tsuga,6,42.47577663,-72.2125902,obs,hemlock control,NA,simes,3,2,2,2,0.00189,1.13,0.389,0.002634653,1024.879983
2009,hf-here,hf125,barker.plotkin,Tsuga,6,42.47577663,-72.2125902,obs,hemlock control,NA,simes,4,2,1,6,0.000154,1.13,0.387,0.000644026,249.2381655
2009,hf-here,hf125,barker.plotkin,Tsuga,6,42.47577663,-72.2125902,obs,hemlock control,NA,simes,4,2,2,0,0.00189,1.13,0.389,0,0
2009,hf-here,hf125,barker.plotkin,Tsuga,6,42.47577663,-72.2125902,obs,hemlock control,NA,simes,5,2,1,0,0.000154,1.13,0.387,0,0
2009,hf-here,hf125,barker.plotkin,Tsuga,6,42.47577663,-72.2125902,obs,hemlock control,NA,simes,5,2,2,0,0.00189,1.13,0.389,0,0
2009,hf-here,hf125,barker.plotkin,Tsuga,6,42.47577663,-72.2125902,obs,hemlock control,NA,simes,6,2,1,4,0.000154,1.13,0.387,0.000429351,166.158777
2009,hf-here,hf125,barker.plotkin,Tsuga,6,42.47577663,-72.2125902,obs,hemlock control,NA,simes,6,2,2,1,0.00189,1.13,0.389,0.001317326,512.4399915
2009,hf-here,hf125,barker.plotkin,Tsuga,6,42.47577663,-72.2125902,obs,hemlock control,NA,simes,7,2,1,3,0.000154,1.13,0.387,0.000322013,124.6190828
2009,hf-here,hf125,barker.plotkin,Tsuga,6,42.47577663,-72.2125902,obs,hemlock control,NA,simes,7,2,2,0,0.00189,1.13,0.389,0,0
2009,hf-here,hf125,barker.plotkin,Tsuga,6,42.47577663,-72.2125902,obs,hemlock control,NA,simes,8,2,1,13,0.000154,1.13,0.387,0.00139539,540.0160253
2009,hf-here,hf125,barker.plotkin,Tsuga,6,42.47577663,-72.2125902,obs,hemlock control,NA,simes,8,2,2,2,0.00189,1.13,0.389,0.002634653,1024.879983
2009,hf-here,hf125,barker.plotkin,AcerBetula,7,42.47916557,-72.21188137,obs,hardwood control,NA,simes,1,2,2,0,0.001758,1.03,0.342,0,0
2009,hf-here,hf125,barker.plotkin,AcerBetula,7,42.47916557,-72.21188137,obs,hardwood control,NA,simes,1,2,1,11,0.000172,1.11,0.39,0.00129538,505.1983043
2009,hf-here,hf125,barker.plotkin,AcerBetula,7,42.47916557,-72.21188137,obs,hardwood control,NA,simes,2,2,2,0,0.001758,1.03,0.342,0,0
2009,hf-here,hf125,barker.plotkin,AcerBetula,7,42.47916557,-72.21188137,obs,hardwood control,NA,simes,2,2,1,4,0.000172,1.11,0.39,0.000471047,183.7084743
2009,hf-here,hf125,barker.plotkin,AcerBetula,7,42.47916557,-72.21188137,obs,hardwood control,NA,simes,3,2,2,1,0.001758,1.03,0.342,0.001116887,381.9753767
2009,hf-here,hf125,barker.plotkin,AcerBetula,7,42.47916557,-72.21188137,obs,hardwood control,NA,simes,3,2,1,5,0.000172,1.11,0.39,0.000588809,229.6355929
2009,hf-here,hf125,barker.plotkin,AcerBetula,7,42.47916557,-72.21188137,obs,hardwood control,NA,simes,4,2,2,0,0.001758,1.03,0.342,0,0
2009,hf-here,hf125,barker.plotkin,AcerBetula,7,42.47916557,-72.21188137,obs,hardwood control,NA,simes,4,2,1,1,0.000172,1.11,0.39,0.000117762,45.92711858
2009,hf-here,hf125,barker.plotkin,AcerBetula,7,42.47916557,-72.21188137,obs,hardwood control,NA,simes,5,2,2,0,0.001758,1.03,0.342,0,0
2009,hf-here,hf125,barker.plotkin,AcerBetula,7,42.47916557,-72.21188137,obs,hardwood control,NA,simes,5,2,1,2,0.000172,1.11,0.39,0.000235524,91.85423715
2009,hf-here,hf125,barker.plotkin,AcerBetula,7,42.47916557,-72.21188137,obs,hardwood control,NA,simes,6,2,2,0,0.001758,1.03,0.342,0,0
2009,hf-here,hf125,barker.plotkin,AcerBetula,7,42.47916557,-72.21188137,obs,hardwood control,NA,simes,6,2,1,6,0.000172,1.11,0.39,0.000706571,275.5627115
2009,hf-here,hf125,barker.plotkin,AcerBetula,7,42.47916557,-72.21188137,obs,hardwood control,NA,simes,7,2,2,0,0.001758,1.03,0.342,0,0
2009,hf-here,hf125,barker.plotkin,AcerBetula,7,42.47916557,-72.21188137,obs,hardwood control,NA,simes,7,2,1,5,0.000172,1.11,0.39,0.000588809,229.6355929
2009,hf-here,hf125,barker.plotkin,AcerBetula,7,42.47916557,-72.21188137,obs,hardwood control,NA,simes,8,2,2,1,0.001758,1.03,0.342,0.001116887,381.9753767
2009,hf-here,hf125,barker.plotkin,AcerBetula,7,42.47916557,-72.21188137,obs,hardwood control,NA,simes,8,2,1,7,0.000172,1.11,0.39,0.000824333,321.48983
2009,hf-here,hf125,barker.plotkin,AcerBetula,8,42.46583351,-72.2182264,obs,hardwood control,NA,simes,1,2,2,1,0.001758,1.03,0.342,0.001116887,381.9753767
2009,hf-here,hf125,barker.plotkin,AcerBetula,8,42.46583351,-72.2182264,obs,hardwood control,NA,simes,1,2,1,1,0.000172,1.11,0.39,0.000117762,45.92711858
2009,hf-here,hf125,barker.plotkin,AcerBetula,8,42.46583351,-72.2182264,obs,hardwood control,NA,simes,2,2,2,0,0.001758,1.03,0.342,0,0
2009,hf-here,hf125,barker.plotkin,AcerBetula,8,42.46583351,-72.2182264,obs,hardwood control,NA,simes,2,2,1,8,0.000172,1.11,0.39,0.000942095,367.4169486
2009,hf-here,hf125,barker.plotkin,AcerBetula,8,42.46583351,-72.2182264,obs,hardwood control,NA,simes,3,2,2,0,0.001758,1.03,0.342,0,0
2009,hf-here,hf125,barker.plotkin,AcerBetula,8,42.46583351,-72.2182264,obs,hardwood control,NA,simes,3,2,1,8,0.000172,1.11,0.39,0.000942095,367.4169486
2009,hf-here,hf125,barker.plotkin,AcerBetula,8,42.46583351,-72.2182264,obs,hardwood control,NA,simes,4,2,2,1,0.001758,1.03,0.342,0.001116887,381.9753767
2009,hf-here,hf125,barker.plotkin,AcerBetula,8,42.46583351,-72.2182264,obs,hardwood control,NA,simes,4,2,1,2,0.000172,1.11,0.39,0.000235524,91.85423715
2009,hf-here,hf125,barker.plotkin,AcerBetula,8,42.46583351,-72.2182264,obs,hardwood control,NA,simes,5,2,2,1,0.001758,1.03,0.342,0.001116887,381.9753767
2009,hf-here,hf125,barker.plotkin,AcerBetula,8,42.46583351,-72.2182264,obs,hardwood control,NA,simes,5,2,1,4,0.000172,1.11,0.39,0.000471047,183.7084743
2009,hf-here,hf125,barker.plotkin,AcerBetula,8,42.46583351,-72.2182264,obs,hardwood control,NA,simes,6,2,2,3,0.001758,1.03,0.342,0.003350661,1145.92613
2009,hf-here,hf125,barker.plotkin,AcerBetula,8,42.46583351,-72.2182264,obs,hardwood control,NA,simes,6,2,1,2,0.000172,1.11,0.39,0.000235524,91.85423715
2009,hf-here,hf125,barker.plotkin,AcerBetula,8,42.46583351,-72.2182264,obs,hardwood control,NA,simes,7,2,2,0,0.001758,1.03,0.342,0,0
2009,hf-here,hf125,barker.plotkin,AcerBetula,8,42.46583351,-72.2182264,obs,hardwood control,NA,simes,7,2,1,6,0.000172,1.11,0.39,0.000706571,275.5627115
2009,hf-here,hf125,barker.plotkin,AcerBetula,8,42.46583351,-72.2182264,obs,hardwood control,NA,simes,8,2,2,1,0.001758,1.03,0.342,0.001116887,381.9753767
2009,hf-here,hf125,barker.plotkin,AcerBetula,8,42.46583351,-72.2182264,obs,hardwood control,NA,simes,8,2,1,4,0.000172,1.11,0.39,0.000471047,183.7084743
2011,hf-here,hf125,barker.plotkin,Tsuga,1,42.47216557,-72.21646061,exp,girdled,2005,simes,1,2,1,5,0.000154,1.13,0.387,0.000536689,207.6984713
2011,hf-here,hf125,barker.plotkin,Tsuga,1,42.47216557,-72.21646061,exp,girdled,2005,simes,1,2,2,0,0.00189,1.13,0.389,0,0
2011,hf-here,hf125,barker.plotkin,Tsuga,1,42.47216557,-72.21646061,exp,girdled,2005,simes,2,2,1,7,0.000154,1.13,0.387,0.000751364,290.7778598
2011,hf-here,hf125,barker.plotkin,Tsuga,1,42.47216557,-72.21646061,exp,girdled,2005,simes,2,2,2,0,0.00189,1.13,0.389,0,0
2011,hf-here,hf125,barker.plotkin,Tsuga,1,42.47216557,-72.21646061,exp,girdled,2005,simes,3,2,1,14,0.000154,1.13,0.387,0.001502728,581.5557196
2011,hf-here,hf125,barker.plotkin,Tsuga,1,42.47216557,-72.21646061,exp,girdled,2005,simes,3,2,2,3,0.00189,1.13,0.389,0.003951979,1537.319974
2011,hf-here,hf125,barker.plotkin,Tsuga,1,42.47216557,-72.21646061,exp,girdled,2005,simes,4,2,1,3,0.000154,1.13,0.387,0.000322013,124.6190828
2011,hf-here,hf125,barker.plotkin,Tsuga,1,42.47216557,-72.21646061,exp,girdled,2005,simes,4,2,2,2,0.00189,1.13,0.389,0.002634653,1024.879983
2011,hf-here,hf125,barker.plotkin,Tsuga,1,42.47216557,-72.21646061,exp,girdled,2005,simes,5,2,1,20,0.000154,1.13,0.387,0.002146754,830.7938851
2011,hf-here,hf125,barker.plotkin,Tsuga,1,42.47216557,-72.21646061,exp,girdled,2005,simes,5,2,2,0,0.00189,1.13,0.389,0,0
2011,hf-here,hf125,barker.plotkin,Tsuga,1,42.47216557,-72.21646061,exp,girdled,2005,simes,6,2,1,1,0.000154,1.13,0.387,0.000107338,41.53969425
2011,hf-here,hf125,barker.plotkin,Tsuga,1,42.47216557,-72.21646061,exp,girdled,2005,simes,6,2,2,0,0.00189,1.13,0.389,0,0
2011,hf-here,hf125,barker.plotkin,Tsuga,1,42.47216557,-72.21646061,exp,girdled,2005,simes,7,2,1,9,0.000154,1.13,0.387,0.000966039,373.8572483
2011,hf-here,hf125,barker.plotkin,Tsuga,1,42.47216557,-72.21646061,exp,girdled,2005,simes,7,2,2,0,0.00189,1.13,0.389,0,0
2011,hf-here,hf125,barker.plotkin,Tsuga,1,42.47216557,-72.21646061,exp,girdled,2005,simes,8,2,1,13,0.000154,1.13,0.387,0.00139539,540.0160253
2011,hf-here,hf125,barker.plotkin,Tsuga,1,42.47216557,-72.21646061,exp,girdled,2005,simes,8,2,2,3,0.00189,1.13,0.389,0.003951979,1537.319974
2011,hf-here,hf125,barker.plotkin,Tsuga,2,42.47152645,-72.21707956,exp,logged,2005,simes,1,2,1,24,0.000154,1.13,0.387,0.002576105,996.9526621
2011,hf-here,hf125,barker.plotkin,Tsuga,2,42.47152645,-72.21707956,exp,logged,2005,simes,1,2,2,4,0.00189,1.13,0.389,0.005269306,2049.759966
2011,hf-here,hf125,barker.plotkin,Tsuga,2,42.47152645,-72.21707956,exp,logged,2005,simes,2,2,1,14,0.000154,1.13,0.387,0.001502728,581.5557196
2011,hf-here,hf125,barker.plotkin,Tsuga,2,42.47152645,-72.21707956,exp,logged,2005,simes,2,2,2,4,0.00189,1.13,0.389,0.005269306,2049.759966
2011,hf-here,hf125,barker.plotkin,Tsuga,2,42.47152645,-72.21707956,exp,logged,2005,simes,3,2,1,6,0.000154,1.13,0.387,0.000644026,249.2381655
2011,hf-here,hf125,barker.plotkin,Tsuga,2,42.47152645,-72.21707956,exp,logged,2005,simes,3,2,2,1,0.00189,1.13,0.389,0.001317326,512.4399915
2011,hf-here,hf125,barker.plotkin,Tsuga,2,42.47152645,-72.21707956,exp,logged,2005,simes,4,2,1,2,0.000154,1.13,0.387,0.000214675,83.07938851
2011,hf-here,hf125,barker.plotkin,Tsuga,2,42.47152645,-72.21707956,exp,logged,2005,simes,4,2,2,1,0.00189,1.13,0.389,0.001317326,512.4399915
2011,hf-here,hf125,barker.plotkin,Tsuga,2,42.47152645,-72.21707956,exp,logged,2005,simes,5,2,1,8,0.000154,1.13,0.387,0.000858702,332.317554
2011,hf-here,hf125,barker.plotkin,Tsuga,2,42.47152645,-72.21707956,exp,logged,2005,simes,5,2,2,8,0.00189,1.13,0.389,0.010538612,4099.519932
2011,hf-here,hf125,barker.plotkin,Tsuga,2,42.47152645,-72.21707956,exp,logged,2005,simes,6,2,1,2,0.000154,1.13,0.387,0.000214675,83.07938851
2011,hf-here,hf125,barker.plotkin,Tsuga,2,42.47152645,-72.21707956,exp,logged,2005,simes,6,2,2,1,0.00189,1.13,0.389,0.001317326,512.4399915
2011,hf-here,hf125,barker.plotkin,Tsuga,2,42.47152645,-72.21707956,exp,logged,2005,simes,7,2,1,10,0.000154,1.13,0.387,0.001073377,415.3969425
2011,hf-here,hf125,barker.plotkin,Tsuga,2,42.47152645,-72.21707956,exp,logged,2005,simes,7,2,2,7,0.00189,1.13,0.389,0.009221285,3587.07994
2011,hf-here,hf125,barker.plotkin,Tsuga,2,42.47152645,-72.21707956,exp,logged,2005,simes,8,2,1,8,0.000154,1.13,0.387,0.000858702,332.317554
2011,hf-here,hf125,barker.plotkin,Tsuga,2,42.47152645,-72.21707956,exp,logged,2005,simes,8,2,2,2,0.00189,1.13,0.389,0.002634653,1024.879983
2011,hf-here,hf125,barker.plotkin,Tsuga,3,42.47137391,-72.21773966,obs,hemlock control,NA,simes,1,2,1,20,0.000154,1.13,0.387,0.002146754,830.7938851
2011,hf-here,hf125,barker.plotkin,Tsuga,3,42.47137391,-72.21773966,obs,hemlock control,NA,simes,1,2,2,7,0.00189,1.13,0.389,0.009221285,3587.07994
2011,hf-here,hf125,barker.plotkin,Tsuga,3,42.47137391,-72.21773966,obs,hemlock control,NA,simes,2,2,1,13,0.000154,1.13,0.387,0.00139539,540.0160253
2011,hf-here,hf125,barker.plotkin,Tsuga,3,42.47137391,-72.21773966,obs,hemlock control,NA,simes,2,2,2,1,0.00189,1.13,0.389,0.001317326,512.4399915
2011,hf-here,hf125,barker.plotkin,Tsuga,3,42.47137391,-72.21773966,obs,hemlock control,NA,simes,3,2,1,8,0.000154,1.13,0.387,0.000858702,332.317554
2011,hf-here,hf125,barker.plotkin,Tsuga,3,42.47137391,-72.21773966,obs,hemlock control,NA,simes,3,2,2,0,0.00189,1.13,0.389,0,0
2011,hf-here,hf125,barker.plotkin,Tsuga,3,42.47137391,-72.21773966,obs,hemlock control,NA,simes,4,2,1,4,0.000154,1.13,0.387,0.000429351,166.158777
2011,hf-here,hf125,barker.plotkin,Tsuga,3,42.47137391,-72.21773966,obs,hemlock control,NA,simes,4,2,2,0,0.00189,1.13,0.389,0,0
2011,hf-here,hf125,barker.plotkin,Tsuga,3,42.47137391,-72.21773966,obs,hemlock control,NA,simes,5,2,1,6,0.000154,1.13,0.387,0.000644026,249.2381655
2011,hf-here,hf125,barker.plotkin,Tsuga,3,42.47137391,-72.21773966,obs,hemlock control,NA,simes,5,2,2,0,0.00189,1.13,0.389,0,0
2011,hf-here,hf125,barker.plotkin,Tsuga,3,42.47137391,-72.21773966,obs,hemlock control,NA,simes,6,2,1,7,0.000154,1.13,0.387,0.000751364,290.7778598
2011,hf-here,hf125,barker.plotkin,Tsuga,3,42.47137391,-72.21773966,obs,hemlock control,NA,simes,6,2,2,0,0.00189,1.13,0.389,0,0
2011,hf-here,hf125,barker.plotkin,Tsuga,3,42.47137391,-72.21773966,obs,hemlock control,NA,simes,7,2,1,6,0.000154,1.13,0.387,0.000644026,249.2381655
2011,hf-here,hf125,barker.plotkin,Tsuga,3,42.47137391,-72.21773966,obs,hemlock control,NA,simes,7,2,2,0,0.00189,1.13,0.389,0,0
2011,hf-here,hf125,barker.plotkin,Tsuga,3,42.47137391,-72.21773966,obs,hemlock control,NA,simes,8,2,1,7,0.000154,1.13,0.387,0.000751364,290.7778598
2011,hf-here,hf125,barker.plotkin,Tsuga,3,42.47137391,-72.21773966,obs,hemlock control,NA,simes,8,2,2,1,0.00189,1.13,0.389,0.001317326,512.4399915
2011,hf-here,hf125,barker.plotkin,Tsuga,4,42.4742015,-72.21330672,exp,logged,2005,simes,1,2,1,6,0.000154,1.13,0.387,0.000644026,249.2381655
2011,hf-here,hf125,barker.plotkin,Tsuga,4,42.4742015,-72.21330672,exp,logged,2005,simes,1,2,2,7,0.00189,1.13,0.389,0.009221285,3587.07994
2011,hf-here,hf125,barker.plotkin,Tsuga,4,42.4742015,-72.21330672,exp,logged,2005,simes,2,2,1,5,0.000154,1.13,0.387,0.000536689,207.6984713
2011,hf-here,hf125,barker.plotkin,Tsuga,4,42.4742015,-72.21330672,exp,logged,2005,simes,2,2,2,3,0.00189,1.13,0.389,0.003951979,1537.319974
2011,hf-here,hf125,barker.plotkin,Tsuga,4,42.4742015,-72.21330672,exp,logged,2005,simes,3,2,1,12,0.000154,1.13,0.387,0.001288053,498.476331
2011,hf-here,hf125,barker.plotkin,Tsuga,4,42.4742015,-72.21330672,exp,logged,2005,simes,3,2,2,4,0.00189,1.13,0.389,0.005269306,2049.759966
2011,hf-here,hf125,barker.plotkin,Tsuga,4,42.4742015,-72.21330672,exp,logged,2005,simes,4,2,1,35,0.000154,1.13,0.387,0.00375682,1453.889299
2011,hf-here,hf125,barker.plotkin,Tsuga,4,42.4742015,-72.21330672,exp,logged,2005,simes,4,2,2,10,0.00189,1.13,0.389,0.013173265,5124.399915
2011,hf-here,hf125,barker.plotkin,Tsuga,4,42.4742015,-72.21330672,exp,logged,2005,simes,5,2,1,4,0.000154,1.13,0.387,0.000429351,166.158777
2011,hf-here,hf125,barker.plotkin,Tsuga,4,42.4742015,-72.21330672,exp,logged,2005,simes,5,2,2,1,0.00189,1.13,0.389,0.001317326,512.4399915
2011,hf-here,hf125,barker.plotkin,Tsuga,4,42.4742015,-72.21330672,exp,logged,2005,simes,6,2,1,13,0.000154,1.13,0.387,0.00139539,540.0160253
2011,hf-here,hf125,barker.plotkin,Tsuga,4,42.4742015,-72.21330672,exp,logged,2005,simes,6,2,2,6,0.00189,1.13,0.389,0.007903959,3074.639949
2011,hf-here,hf125,barker.plotkin,Tsuga,4,42.4742015,-72.21330672,exp,logged,2005,simes,7,2,1,3,0.000154,1.13,0.387,0.000322013,124.6190828
2011,hf-here,hf125,barker.plotkin,Tsuga,4,42.4742015,-72.21330672,exp,logged,2005,simes,7,2,2,0,0.00189,1.13,0.389,0,0
2011,hf-here,hf125,barker.plotkin,Tsuga,4,42.4742015,-72.21330672,exp,logged,2005,simes,8,2,1,4,0.000154,1.13,0.387,0.000429351,166.158777
2011,hf-here,hf125,barker.plotkin,Tsuga,4,42.4742015,-72.21330672,exp,logged,2005,simes,8,2,2,1,0.00189,1.13,0.389,0.001317326,512.4399915
2011,hf-here,hf125,barker.plotkin,Tsuga,5,42.47535568,-72.2132209,exp,girdled,2005,simes,1,2,1,9,0.000154,1.13,0.387,0.000966039,373.8572483
2011,hf-here,hf125,barker.plotkin,Tsuga,5,42.47535568,-72.2132209,exp,girdled,2005,simes,1,2,2,1,0.00189,1.13,0.389,0.001317326,512.4399915
2011,hf-here,hf125,barker.plotkin,Tsuga,5,42.47535568,-72.2132209,exp,girdled,2005,simes,2,2,1,16,0.000154,1.13,0.387,0.001717403,664.6351081
2011,hf-here,hf125,barker.plotkin,Tsuga,5,42.47535568,-72.2132209,exp,girdled,2005,simes,2,2,2,5,0.00189,1.13,0.389,0.006586632,2562.199957
2011,hf-here,hf125,barker.plotkin,Tsuga,5,42.47535568,-72.2132209,exp,girdled,2005,simes,3,2,1,19,0.000154,1.13,0.387,0.002039417,789.2541908
2011,hf-here,hf125,barker.plotkin,Tsuga,5,42.47535568,-72.2132209,exp,girdled,2005,simes,3,2,2,1,0.00189,1.13,0.389,0.001317326,512.4399915
2011,hf-here,hf125,barker.plotkin,Tsuga,5,42.47535568,-72.2132209,exp,girdled,2005,simes,4,2,1,23,0.000154,1.13,0.387,0.002468767,955.4129678
2011,hf-here,hf125,barker.plotkin,Tsuga,5,42.47535568,-72.2132209,exp,girdled,2005,simes,4,2,2,2,0.00189,1.13,0.389,0.002634653,1024.879983
2011,hf-here,hf125,barker.plotkin,Tsuga,5,42.47535568,-72.2132209,exp,girdled,2005,simes,5,2,1,10,0.000154,1.13,0.387,0.001073377,415.3969425
2011,hf-here,hf125,barker.plotkin,Tsuga,5,42.47535568,-72.2132209,exp,girdled,2005,simes,5,2,2,1,0.00189,1.13,0.389,0.001317326,512.4399915
2011,hf-here,hf125,barker.plotkin,Tsuga,5,42.47535568,-72.2132209,exp,girdled,2005,simes,6,2,1,8,0.000154,1.13,0.387,0.000858702,332.317554
2011,hf-here,hf125,barker.plotkin,Tsuga,5,42.47535568,-72.2132209,exp,girdled,2005,simes,6,2,2,0,0.00189,1.13,0.389,0,0
2011,hf-here,hf125,barker.plotkin,Tsuga,5,42.47535568,-72.2132209,exp,girdled,2005,simes,7,2,1,2,0.000154,1.13,0.387,0.000214675,83.07938851
2011,hf-here,hf125,barker.plotkin,Tsuga,5,42.47535568,-72.2132209,exp,girdled,2005,simes,7,2,2,0,0.00189,1.13,0.389,0,0
2011,hf-here,hf125,barker.plotkin,Tsuga,5,42.47535568,-72.2132209,exp,girdled,2005,simes,8,2,1,4,0.000154,1.13,0.387,0.000429351,166.158777
2011,hf-here,hf125,barker.plotkin,Tsuga,5,42.47535568,-72.2132209,exp,girdled,2005,simes,8,2,2,0,0.00189,1.13,0.389,0,0
2011,hf-here,hf125,barker.plotkin,Tsuga,6,42.47577663,-72.2125902,obs,hemlock control,NA,simes,1,2,1,2,0.000154,1.13,0.387,0.000214675,83.07938851
2011,hf-here,hf125,barker.plotkin,Tsuga,6,42.47577663,-72.2125902,obs,hemlock control,NA,simes,1,2,2,3,0.00189,1.13,0.389,0.003951979,1537.319974
2011,hf-here,hf125,barker.plotkin,Tsuga,6,42.47577663,-72.2125902,obs,hemlock control,NA,simes,2,2,1,7,0.000154,1.13,0.387,0.000751364,290.7778598
2011,hf-here,hf125,barker.plotkin,Tsuga,6,42.47577663,-72.2125902,obs,hemlock control,NA,simes,2,2,2,1,0.00189,1.13,0.389,0.001317326,512.4399915
2011,hf-here,hf125,barker.plotkin,Tsuga,6,42.47577663,-72.2125902,obs,hemlock control,NA,simes,3,2,1,6,0.000154,1.13,0.387,0.000644026,249.2381655
2011,hf-here,hf125,barker.plotkin,Tsuga,6,42.47577663,-72.2125902,obs,hemlock control,NA,simes,3,2,2,4,0.00189,1.13,0.389,0.005269306,2049.759966
2011,hf-here,hf125,barker.plotkin,Tsuga,6,42.47577663,-72.2125902,obs,hemlock control,NA,simes,4,2,1,18,0.000154,1.13,0.387,0.001932079,747.7144966
2011,hf-here,hf125,barker.plotkin,Tsuga,6,42.47577663,-72.2125902,obs,hemlock control,NA,simes,4,2,2,1,0.00189,1.13,0.389,0.001317326,512.4399915
2011,hf-here,hf125,barker.plotkin,Tsuga,6,42.47577663,-72.2125902,obs,hemlock control,NA,simes,5,2,1,7,0.000154,1.13,0.387,0.000751364,290.7778598
2011,hf-here,hf125,barker.plotkin,Tsuga,6,42.47577663,-72.2125902,obs,hemlock control,NA,simes,5,2,2,0,0.00189,1.13,0.389,0,0
2011,hf-here,hf125,barker.plotkin,Tsuga,6,42.47577663,-72.2125902,obs,hemlock control,NA,simes,6,2,1,2,0.000154,1.13,0.387,0.000214675,83.07938851
2011,hf-here,hf125,barker.plotkin,Tsuga,6,42.47577663,-72.2125902,obs,hemlock control,NA,simes,6,2,2,2,0.00189,1.13,0.389,0.002634653,1024.879983
2011,hf-here,hf125,barker.plotkin,Tsuga,6,42.47577663,-72.2125902,obs,hemlock control,NA,simes,7,2,1,2,0.000154,1.13,0.387,0.000214675,83.07938851
2011,hf-here,hf125,barker.plotkin,Tsuga,6,42.47577663,-72.2125902,obs,hemlock control,NA,simes,7,2,2,0,0.00189,1.13,0.389,0,0
2011,hf-here,hf125,barker.plotkin,Tsuga,6,42.47577663,-72.2125902,obs,hemlock control,NA,simes,8,2,1,12,0.000154,1.13,0.387,0.001288053,498.476331
2011,hf-here,hf125,barker.plotkin,Tsuga,6,42.47577663,-72.2125902,obs,hemlock control,NA,simes,8,2,2,2,0.00189,1.13,0.389,0.002634653,1024.879983
2011,hf-here,hf125,barker.plotkin,AcerBetula,7,42.47916557,-72.21188137,obs,hardwood control,NA,simes,1,2,2,0,0.001758,1.03,0.342,0,0
2011,hf-here,hf125,barker.plotkin,AcerBetula,7,42.47916557,-72.21188137,obs,hardwood control,NA,simes,1,2,1,4,0.000172,1.11,0.39,0.000471047,183.7084743
2011,hf-here,hf125,barker.plotkin,AcerBetula,7,42.47916557,-72.21188137,obs,hardwood control,NA,simes,5,2,2,1,0.001758,1.03,0.342,0.001116887,381.9753767
2011,hf-here,hf125,barker.plotkin,AcerBetula,7,42.47916557,-72.21188137,obs,hardwood control,NA,simes,5,2,1,3,0.000172,1.11,0.39,0.000353286,137.7813557
2011,hf-here,hf125,barker.plotkin,AcerBetula,7,42.47916557,-72.21188137,obs,hardwood control,NA,simes,6,2,2,0,0.001758,1.03,0.342,0,0
2011,hf-here,hf125,barker.plotkin,AcerBetula,7,42.47916557,-72.21188137,obs,hardwood control,NA,simes,6,2,1,2,0.000172,1.11,0.39,0.000235524,91.85423715
2011,hf-here,hf125,barker.plotkin,AcerBetula,7,42.47916557,-72.21188137,obs,hardwood control,NA,simes,7,2,2,0,0.001758,1.03,0.342,0,0
2011,hf-here,hf125,barker.plotkin,AcerBetula,7,42.47916557,-72.21188137,obs,hardwood control,NA,simes,7,2,1,3,0.000172,1.11,0.39,0.000353286,137.7813557
2011,hf-here,hf125,barker.plotkin,AcerBetula,7,42.47916557,-72.21188137,obs,hardwood control,NA,simes,8,2,2,0,0.001758,1.03,0.342,0,0
2011,hf-here,hf125,barker.plotkin,AcerBetula,7,42.47916557,-72.21188137,obs,hardwood control,NA,simes,8,2,1,2,0.000172,1.11,0.39,0.000235524,91.85423715
2011,hf-here,hf125,barker.plotkin,AcerBetula,8,42.46583351,-72.2182264,obs,hardwood control,NA,simes,1,2,2,1,0.001758,1.03,0.342,0.001116887,381.9753767
2011,hf-here,hf125,barker.plotkin,AcerBetula,8,42.46583351,-72.2182264,obs,hardwood control,NA,simes,1,2,1,4,0.000172,1.11,0.39,0.000471047,183.7084743
2011,hf-here,hf125,barker.plotkin,AcerBetula,8,42.46583351,-72.2182264,obs,hardwood control,NA,simes,2,2,2,2,0.001758,1.03,0.342,0.002233774,763.9507533
2011,hf-here,hf125,barker.plotkin,AcerBetula,8,42.46583351,-72.2182264,obs,hardwood control,NA,simes,2,2,1,3,0.000172,1.11,0.39,0.000353286,137.7813557
2011,hf-here,hf125,barker.plotkin,AcerBetula,8,42.46583351,-72.2182264,obs,hardwood control,NA,simes,3,2,2,0,0.001758,1.03,0.342,0,0
2011,hf-here,hf125,barker.plotkin,AcerBetula,8,42.46583351,-72.2182264,obs,hardwood control,NA,simes,3,2,1,3,0.000172,1.11,0.39,0.000353286,137.7813557
2011,hf-here,hf125,barker.plotkin,AcerBetula,8,42.46583351,-72.2182264,obs,hardwood control,NA,simes,4,2,2,1,0.001758,1.03,0.342,0.001116887,381.9753767
2011,hf-here,hf125,barker.plotkin,AcerBetula,8,42.46583351,-72.2182264,obs,hardwood control,NA,simes,4,2,1,3,0.000172,1.11,0.39,0.000353286,137.7813557
2011,hf-here,hf125,barker.plotkin,AcerBetula,8,42.46583351,-72.2182264,obs,hardwood control,NA,simes,5,2,2,1,0.001758,1.03,0.342,0.001116887,381.9753767
2011,hf-here,hf125,barker.plotkin,AcerBetula,8,42.46583351,-72.2182264,obs,hardwood control,NA,simes,5,2,1,5,0.000172,1.11,0.39,0.000588809,229.6355929
2011,hf-here,hf125,barker.plotkin,AcerBetula,8,42.46583351,-72.2182264,obs,hardwood control,NA,simes,6,2,2,0,0.001758,1.03,0.342,0,0
2011,hf-here,hf125,barker.plotkin,AcerBetula,8,42.46583351,-72.2182264,obs,hardwood control,NA,simes,6,2,1,2,0.000172,1.11,0.39,0.000235524,91.85423715
2011,hf-here,hf125,barker.plotkin,AcerBetula,8,42.46583351,-72.2182264,obs,hardwood control,NA,simes,7,2,2,1,0.001758,1.03,0.342,0.001116887,381.9753767
2011,hf-here,hf125,barker.plotkin,AcerBetula,8,42.46583351,-72.2182264,obs,hardwood control,NA,simes,7,2,1,3,0.000172,1.11,0.39,0.000353286,137.7813557
2011,hf-here,hf125,barker.plotkin,AcerBetula,8,42.46583351,-72.2182264,obs,hardwood control,NA,simes,8,2,2,0,0.001758,1.03,0.342,0,0
2011,hf-here,hf125,barker.plotkin,AcerBetula,8,42.46583351,-72.2182264,obs,hardwood control,NA,simes,8,2,1,2,0.000172,1.11,0.39,0.000235524,91.85423715
2001,ems,hf069,munger,AcerBetula,NA,42.54,-72.17,exp,selective harvest,2000,prospect hill,1s1,10,2,6,0.001758,1.03,0.342,0.001340264,458.370452
2001,ems,hf069,munger,AcerBetula,NA,42.54,-72.17,exp,selective harvest,2000,prospect hill,1s1,10,1,1,0.000172,1.11,0.39,2.36E-05,9.185423715
2001,ems,hf069,munger,Quercus,NA,42.54,-72.17,obs,NA,NA,prospect hill,1s1,10,2,1,0.001735,1.03,0.444,0.000220455,97.8820003
2001,ems,hf069,munger,Quercus,NA,42.54,-72.17,obs,NA,NA,prospect hill,1s10,10,2,2,0.001735,1.03,0.444,0.00044091,195.7640006
2001,ems,hf069,munger,Quercus,NA,42.54,-72.17,obs,NA,NA,prospect hill,1s11,10,2,1,0.001735,1.03,0.444,0.000220455,97.8820003
2001,ems,hf069,munger,Quercus,NA,42.54,-72.17,obs,NA,NA,prospect hill,1s11,10,1,1,0.000175,1.11,0.427,2.40E-05,10.23227172
2001,ems,hf069,munger,Quercus,NA,42.54,-72.17,obs,NA,NA,prospect hill,1s13,10,2,1,0.001735,1.03,0.444,0.000220455,97.8820003
2001,ems,hf069,munger,Quercus,NA,42.54,-72.17,obs,NA,NA,prospect hill,1s13,10,1,1,0.000175,1.11,0.427,2.40E-05,10.23227172
2001,ems,hf069,munger,Quercus,NA,42.54,-72.17,obs,NA,NA,prospect hill,1s14,10,2,1,0.001735,1.03,0.444,0.000220455,97.8820003
2001,ems,hf069,munger,Quercus,NA,42.54,-72.17,obs,NA,NA,prospect hill,1s15,10,2,2,0.001735,1.03,0.444,0.00044091,195.7640006
2001,ems,hf069,munger,Quercus,NA,42.54,-72.17,obs,NA,NA,prospect hill,1s15,10,1,1,0.000175,1.11,0.427,2.40E-05,10.23227172
2001,ems,hf069,munger,AcerBetula,NA,42.54,-72.17,exp,selective harvest,2000,prospect hill,1s2,10,2,11,0.001758,1.03,0.342,0.002457152,840.3458286
2001,ems,hf069,munger,AcerBetula,NA,42.54,-72.17,exp,selective harvest,2000,prospect hill,1s2,10,1,1,0.000172,1.11,0.39,2.36E-05,9.185423715
2001,ems,hf069,munger,Quercus,NA,42.54,-72.17,obs,NA,NA,prospect hill,1s2,10,2,1,0.001735,1.03,0.444,0.000220455,97.8820003
2001,ems,hf069,munger,AcerBetula,NA,42.54,-72.17,exp,selective harvest,2000,prospect hill,1s3,10,2,12,0.001758,1.03,0.342,0.002680529,916.740904
2001,ems,hf069,munger,AcerBetula,NA,42.54,-72.17,exp,selective harvest,2000,prospect hill,1s3,10,1,4,0.000172,1.11,0.39,9.42E-05,36.74169486
2001,ems,hf069,munger,Quercus,NA,42.54,-72.17,obs,NA,NA,prospect hill,1s3,10,1,2,0.000175,1.11,0.427,4.79E-05,20.46454344
2001,ems,hf069,munger,AcerBetula,NA,42.54,-72.17,exp,selective harvest,2000,prospect hill,1s4,10,2,6,0.001758,1.03,0.342,0.001340264,458.370452
2001,ems,hf069,munger,AcerBetula,NA,42.54,-72.17,exp,selective harvest,2000,prospect hill,1s4,10,1,2,0.000172,1.11,0.39,4.71E-05,18.37084743
2001,ems,hf069,munger,Quercus,NA,42.54,-72.17,obs,NA,NA,prospect hill,1s4,10,2,1,0.001735,1.03,0.444,0.000220455,97.8820003
2001,ems,hf069,munger,AcerBetula,NA,42.54,-72.17,exp,selective harvest,2000,prospect hill,1s5,10,2,16,0.001758,1.03,0.342,0.003574039,1222.321205
2001,ems,hf069,munger,AcerBetula,NA,42.54,-72.17,exp,selective harvest,2000,prospect hill,1s5,10,1,1,0.000172,1.11,0.39,2.36E-05,9.185423715
2001,ems,hf069,munger,Quercus,NA,42.54,-72.17,obs,NA,NA,prospect hill,1s5,10,1,1,0.000175,1.11,0.427,2.40E-05,10.23227172
2001,ems,hf069,munger,AcerBetula,NA,42.54,-72.17,exp,selective harvest,2000,prospect hill,1s6,10,2,15,0.001758,1.03,0.342,0.003350661,1145.92613
2001,ems,hf069,munger,AcerBetula,NA,42.54,-72.17,exp,selective harvest,2000,prospect hill,1s6,10,1,2,0.000172,1.11,0.39,4.71E-05,18.37084743
2001,ems,hf069,munger,Quercus,NA,42.54,-72.17,obs,NA,NA,prospect hill,1s6,10,2,3,0.001735,1.03,0.444,0.000661365,293.6460009
2001,ems,hf069,munger,Quercus,NA,42.54,-72.17,obs,NA,NA,prospect hill,1s6,10,1,1,0.000175,1.11,0.427,2.40E-05,10.23227172
2001,ems,hf069,munger,Quercus,NA,42.54,-72.17,obs,NA,NA,prospect hill,1s7,10,2,1,0.001735,1.03,0.444,0.000220455,97.8820003
2001,ems,hf069,munger,Quercus,NA,42.54,-72.17,obs,NA,NA,prospect hill,1s7,10,1,1,0.000175,1.11,0.427,2.40E-05,10.23227172
2001,ems,hf069,munger,Quercus,NA,42.54,-72.17,obs,NA,NA,prospect hill,1s8,10,2,2,0.001735,1.03,0.444,0.00044091,195.7640006
2001,ems,hf069,munger,Quercus,NA,42.54,-72.17,obs,NA,NA,prospect hill,1s8,10,1,1,0.000175,1.11,0.427,2.40E-05,10.23227172
2001,ems,hf069,munger,Quercus,NA,42.54,-72.17,obs,NA,NA,prospect hill,1s9,10,1,1,0.000175,1.11,0.427,2.40E-05,10.23227172
2001,ems,hf069,munger,AcerBetula,NA,42.54,-72.17,exp,selective harvest,2000,prospect hill,2s1,10,2,11,0.001758,1.03,0.342,0.002457152,840.3458286
2001,ems,hf069,munger,AcerBetula,NA,42.54,-72.17,exp,selective harvest,2000,prospect hill,2s1,10,1,4,0.000172,1.11,0.39,9.42E-05,36.74169486
2001,ems,hf069,munger,Quercus,NA,42.54,-72.17,obs,NA,NA,prospect hill,2s1,10,2,3,0.001735,1.03,0.444,0.000661365,293.6460009
2001,ems,hf069,munger,Quercus,NA,42.54,-72.17,obs,NA,NA,prospect hill,2s10,10,2,2,0.001735,1.03,0.444,0.00044091,195.7640006
2001,ems,hf069,munger,Quercus,NA,42.54,-72.17,obs,NA,NA,prospect hill,2s11,10,2,2,0.001735,1.03,0.444,0.00044091,195.7640006
2001,ems,hf069,munger,Quercus,NA,42.54,-72.17,obs,NA,NA,prospect hill,2s11,10,1,1,0.000175,1.11,0.427,2.40E-05,10.23227172
2001,ems,hf069,munger,AcerBetula,NA,42.54,-72.17,exp,selective harvest,2000,prospect hill,2s2,10,2,2,0.001758,1.03,0.342,0.000446755,152.7901507
2001,ems,hf069,munger,Quercus,NA,42.54,-72.17,obs,NA,NA,prospect hill,2s2,10,2,4,0.001735,1.03,0.444,0.00088182,391.5280012
2001,ems,hf069,munger,AcerBetula,NA,42.54,-72.17,exp,selective harvest,2000,prospect hill,2s3,10,2,3,0.001758,1.03,0.342,0.000670132,229.185226
2001,ems,hf069,munger,AcerBetula,NA,42.54,-72.17,exp,selective harvest,2000,prospect hill,2s3,10,1,5,0.000172,1.11,0.39,0.000117762,45.92711858
2001,ems,hf069,munger,Quercus,NA,42.54,-72.17,obs,NA,NA,prospect hill,2s3,10,2,3,0.001735,1.03,0.444,0.000661365,293.6460009
2001,ems,hf069,munger,Quercus,NA,42.54,-72.17,obs,NA,NA,prospect hill,2s3,10,1,1,0.000175,1.11,0.427,2.40E-05,10.23227172
2001,ems,hf069,munger,AcerBetula,NA,42.54,-72.17,exp,selective harvest,2000,prospect hill,2s4,10,2,11,0.001758,1.03,0.342,0.002457152,840.3458286
2001,ems,hf069,munger,AcerBetula,NA,42.54,-72.17,exp,selective harvest,2000,prospect hill,2s4,10,1,2,0.000172,1.11,0.39,4.71E-05,18.37084743
2001,ems,hf069,munger,Quercus,NA,42.54,-72.17,obs,NA,NA,prospect hill,2s4,10,2,8,0.001735,1.03,0.444,0.00176364,783.0560024
2001,ems,hf069,munger,Quercus,NA,42.54,-72.17,obs,NA,NA,prospect hill,2s4,10,1,2,0.000175,1.11,0.427,4.79E-05,20.46454344
2001,ems,hf069,munger,AcerBetula,NA,42.54,-72.17,exp,selective harvest,2000,prospect hill,2s5,10,2,10,0.001758,1.03,0.342,0.002233774,763.9507533
2001,ems,hf069,munger,AcerBetula,NA,42.54,-72.17,exp,selective harvest,2000,prospect hill,2s5,10,1,4,0.000172,1.11,0.39,9.42E-05,36.74169486
2001,ems,hf069,munger,Quercus,NA,42.54,-72.17,obs,NA,NA,prospect hill,2s5,10,2,5,0.001735,1.03,0.444,0.001102275,489.4100015
2001,ems,hf069,munger,AcerBetula,NA,42.54,-72.17,exp,selective harvest,2000,prospect hill,2s6,10,2,11,0.001758,1.03,0.342,0.002457152,840.3458286
2001,ems,hf069,munger,AcerBetula,NA,42.54,-72.17,exp,selective harvest,2000,prospect hill,2s6,10,1,2,0.000172,1.11,0.39,4.71E-05,18.37084743
2001,ems,hf069,munger,Quercus,NA,42.54,-72.17,obs,NA,NA,prospect hill,2s6,10,2,5,0.001735,1.03,0.444,0.001102275,489.4100015
2001,ems,hf069,munger,AcerBetula,NA,42.54,-72.17,exp,selective harvest,2000,prospect hill,2s7,10,2,8,0.001758,1.03,0.342,0.001787019,611.1606027
2001,ems,hf069,munger,Quercus,NA,42.54,-72.17,obs,NA,NA,prospect hill,2s7,10,2,3,0.001735,1.03,0.444,0.000661365,293.6460009
2001,ems,hf069,munger,Quercus,NA,42.54,-72.17,obs,NA,NA,prospect hill,2s8,10,2,1,0.001735,1.03,0.444,0.000220455,97.8820003
2001,ems,hf069,munger,Quercus,NA,42.54,-72.17,obs,NA,NA,prospect hill,2s8,10,1,1,0.000175,1.11,0.427,2.40E-05,10.23227172
2001,ems,hf069,munger,Quercus,NA,42.54,-72.17,obs,NA,NA,prospect hill,2s9,10,2,3,0.001735,1.03,0.444,0.000661365,293.6460009
2001,ems,hf069,munger,AcerBetula,NA,42.54,-72.17,exp,selective harvest,2000,prospect hill,3s1,10,2,11,0.001758,1.03,0.342,0.002457152,840.3458286
2001,ems,hf069,munger,AcerBetula,NA,42.54,-72.17,exp,selective harvest,2000,prospect hill,3s2,10,2,4,0.001758,1.03,0.342,0.00089351,305.5803013
2001,ems,hf069,munger,AcerBetula,NA,42.54,-72.17,exp,selective harvest,2000,prospect hill,3s3,10,2,16,0.001758,1.03,0.342,0.003574039,1222.321205
2001,ems,hf069,munger,AcerBetula,NA,42.54,-72.17,exp,selective harvest,2000,prospect hill,3s3,10,1,3,0.000172,1.11,0.39,7.07E-05,27.55627115
2001,ems,hf069,munger,AcerBetula,NA,42.54,-72.17,exp,selective harvest,2000,prospect hill,3s4,10,2,2,0.001758,1.03,0.342,0.000446755,152.7901507
2001,ems,hf069,munger,AcerBetula,NA,42.54,-72.17,exp,selective harvest,2000,prospect hill,3s5,10,2,7,0.001758,1.03,0.342,0.001563642,534.7655273
2001,ems,hf069,munger,AcerBetula,NA,42.54,-72.17,exp,selective harvest,2000,prospect hill,3s6,10,2,12,0.001758,1.03,0.342,0.002680529,916.740904
2001,ems,hf069,munger,AcerBetula,NA,42.54,-72.17,exp,selective harvest,2000,prospect hill,3s6,10,1,3,0.000172,1.11,0.39,7.07E-05,27.55627115
2001,ems,hf069,munger,AcerBetula,NA,42.54,-72.17,exp,selective harvest,2000,prospect hill,4s1,10,2,46,0.001758,1.03,0.342,0.010275361,3514.173465
2001,ems,hf069,munger,AcerBetula,NA,42.54,-72.17,exp,selective harvest,2000,prospect hill,4s1,10,1,8,0.000172,1.11,0.39,0.000188419,73.48338972
2001,ems,hf069,munger,AcerBetula,NA,42.54,-72.17,exp,selective harvest,2000,prospect hill,4s2,10,2,32,0.001758,1.03,0.342,0.007148077,2444.642411
2001,ems,hf069,munger,AcerBetula,NA,42.54,-72.17,exp,selective harvest,2000,prospect hill,4s2,10,1,10,0.000172,1.11,0.39,0.000235524,91.85423715
2001,ems,hf069,munger,AcerBetula,NA,42.54,-72.17,exp,selective harvest,2000,prospect hill,4s3,10,2,28,0.001758,1.03,0.342,0.006254568,2139.062109
2001,ems,hf069,munger,AcerBetula,NA,42.54,-72.17,exp,selective harvest,2000,prospect hill,4s3,10,1,8,0.000172,1.11,0.39,0.000188419,73.48338972
2001,ems,hf069,munger,AcerBetula,NA,42.54,-72.17,exp,selective harvest,2000,prospect hill,4s4,10,2,1,0.001758,1.03,0.342,0.000223377,76.39507533
2001,ems,hf069,munger,AcerBetula,NA,42.54,-72.17,exp,selective harvest,2000,prospect hill,4s4,10,2,16,0.001758,1.03,0.342,0.003574039,1222.321205
2001,ems,hf069,munger,AcerBetula,NA,42.54,-72.17,exp,selective harvest,2000,prospect hill,4s4,10,1,5,0.000172,1.11,0.39,0.000117762,45.92711858
2001,ems,hf069,munger,AcerBetula,NA,42.54,-72.17,exp,selective harvest,2000,prospect hill,4s5,10,2,3,0.001758,1.03,0.342,0.000670132,229.185226
2001,ems,hf069,munger,AcerBetula,NA,42.54,-72.17,exp,selective harvest,2000,prospect hill,4s5,10,1,3,0.000172,1.11,0.39,7.07E-05,27.55627115
2001,ems,hf069,munger,AcerBetula,NA,42.54,-72.17,exp,selective harvest,2000,prospect hill,4s6,10,2,13,0.001758,1.03,0.342,0.002903906,993.1359793
2001,ems,hf069,munger,AcerBetula,NA,42.54,-72.17,exp,selective harvest,2000,prospect hill,4s6,10,1,1,0.000172,1.11,0.39,2.36E-05,9.185423715
2001,ems,hf069,munger,AcerBetula,NA,42.54,-72.17,exp,selective harvest,2000,prospect hill,4s7,10,2,4,0.001758,1.03,0.342,0.00089351,305.5803013
2001,ems,hf069,munger,AcerBetula,NA,42.54,-72.17,exp,selective harvest,2000,prospect hill,4s7,10,1,5,0.000172,1.11,0.39,0.000117762,45.92711858
2003,ems,hf069,munger,AcerBetula,NA,42.54,-72.17,exp,selective harvest,2000,prospect hill,1s1,10,2,12,0.001758,1.03,0.342,0.002680529,916.740904
2003,ems,hf069,munger,AcerBetula,NA,42.54,-72.17,exp,selective harvest,2000,prospect hill,1s1,10,1,5,0.000172,1.11,0.39,0.000117762,45.92711858
2003,ems,hf069,munger,Quercus,NA,42.54,-72.17,obs,NA,NA,prospect hill,1s1,10,2,3,0.001735,1.03,0.444,0.000661365,293.6460009
2003,ems,hf069,munger,Quercus,NA,42.54,-72.17,obs,NA,NA,prospect hill,1s1,10,1,6,0.000175,1.11,0.427,0.000143779,61.39363033
2003,ems,hf069,munger,AcerBetula,NA,42.54,-72.17,exp,selective harvest,2000,prospect hill,1s10,10,2,6,0.001758,1.03,0.342,0.001340264,458.370452
2003,ems,hf069,munger,AcerBetula,NA,42.54,-72.17,exp,selective harvest,2000,prospect hill,1s10,10,1,1,0.000172,1.11,0.39,2.36E-05,9.185423715
2003,ems,hf069,munger,Quercus,NA,42.54,-72.17,obs,NA,NA,prospect hill,1s10,10,2,4,0.001735,1.03,0.444,0.00088182,391.5280012
2003,ems,hf069,munger,AcerBetula,NA,42.54,-72.17,exp,selective harvest,2000,prospect hill,1s11,10,2,5,0.001758,1.03,0.342,0.001116887,381.9753767
2003,ems,hf069,munger,AcerBetula,NA,42.54,-72.17,exp,selective harvest,2000,prospect hill,1s11,10,1,1,0.000172,1.11,0.39,2.36E-05,9.185423715
2003,ems,hf069,munger,Quercus,NA,42.54,-72.17,obs,NA,NA,prospect hill,1s11,10,2,1,0.001735,1.03,0.444,0.000220455,97.8820003
2003,ems,hf069,munger,Quercus,NA,42.54,-72.17,obs,NA,NA,prospect hill,1s11,10,1,2,0.000175,1.11,0.427,4.79E-05,20.46454344
2003,ems,hf069,munger,AcerBetula,NA,42.54,-72.17,exp,selective harvest,2000,prospect hill,1s12,10,2,1,0.001758,1.03,0.342,0.000223377,76.39507533
2003,ems,hf069,munger,AcerBetula,NA,42.54,-72.17,exp,selective harvest,2000,prospect hill,1s12,10,2,4,0.001758,1.03,0.342,0.00089351,305.5803013
2003,ems,hf069,munger,Quercus,NA,42.54,-72.17,obs,NA,NA,prospect hill,1s12,10,2,9,0.001735,1.03,0.444,0.001984095,880.9380027
2003,ems,hf069,munger,Quercus,NA,42.54,-72.17,obs,NA,NA,prospect hill,1s12,10,1,2,0.000175,1.11,0.427,4.79E-05,20.46454344
2003,ems,hf069,munger,AcerBetula,NA,42.54,-72.17,exp,selective harvest,2000,prospect hill,1s13,10,2,1,0.001758,1.03,0.342,0.000223377,76.39507533
2003,ems,hf069,munger,Quercus,NA,42.54,-72.17,obs,NA,NA,prospect hill,1s13,10,2,6,0.001735,1.03,0.444,0.00132273,587.2920018
2003,ems,hf069,munger,Quercus,NA,42.54,-72.17,obs,NA,NA,prospect hill,1s13,10,1,1,0.000175,1.11,0.427,2.40E-05,10.23227172
2003,ems,hf069,munger,AcerBetula,NA,42.54,-72.17,exp,selective harvest,2000,prospect hill,1s14,10,2,3,0.001758,1.03,0.342,0.000670132,229.185226
2003,ems,hf069,munger,AcerBetula,NA,42.54,-72.17,exp,selective harvest,2000,prospect hill,1s14,10,1,2,0.000172,1.11,0.39,4.71E-05,18.37084743
2003,ems,hf069,munger,Quercus,NA,42.54,-72.17,obs,NA,NA,prospect hill,1s14,10,2,3,0.001735,1.03,0.444,0.000661365,293.6460009
2003,ems,hf069,munger,Quercus,NA,42.54,-72.17,obs,NA,NA,prospect hill,1s14,10,1,2,0.000175,1.11,0.427,4.79E-05,20.46454344
2003,ems,hf069,munger,AcerBetula,NA,42.54,-72.17,exp,selective harvest,2000,prospect hill,1s15,10,2,4,0.001758,1.03,0.342,0.00089351,305.5803013
2003,ems,hf069,munger,Quercus,NA,42.54,-72.17,obs,NA,NA,prospect hill,1s15,10,2,5,0.001735,1.03,0.444,0.001102275,489.4100015
2003,ems,hf069,munger,AcerBetula,NA,42.54,-72.17,exp,selective harvest,2000,prospect hill,1s16,10,2,1,0.001758,1.03,0.342,0.000223377,76.39507533
2003,ems,hf069,munger,AcerBetula,NA,42.54,-72.17,exp,selective harvest,2000,prospect hill,1s16,10,2,9,0.001758,1.03,0.342,0.002010397,687.555678
2003,ems,hf069,munger,Quercus,NA,42.54,-72.17,obs,NA,NA,prospect hill,1s16,10,2,1,0.001735,1.03,0.444,0.000220455,97.8820003
2003,ems,hf069,munger,Quercus,NA,42.54,-72.17,obs,NA,NA,prospect hill,1s16,10,1,2,0.000175,1.11,0.427,4.79E-05,20.46454344
2003,ems,hf069,munger,AcerBetula,NA,42.54,-72.17,exp,selective harvest,2000,prospect hill,1s17,10,2,11,0.001758,1.03,0.342,0.002457152,840.3458286
2003,ems,hf069,munger,Quercus,NA,42.54,-72.17,obs,NA,NA,prospect hill,1s17,10,2,3,0.001735,1.03,0.444,0.000661365,293.6460009
2003,ems,hf069,munger,Quercus,NA,42.54,-72.17,obs,NA,NA,prospect hill,1s17,10,1,1,0.000175,1.11,0.427,2.40E-05,10.23227172
2003,ems,hf069,munger,Quercus,NA,42.54,-72.17,obs,NA,NA,prospect hill,1s18,10,2,2,0.001735,1.03,0.444,0.00044091,195.7640006
2003,ems,hf069,munger,Quercus,NA,42.54,-72.17,obs,NA,NA,prospect hill,1s18,10,1,1,0.000175,1.11,0.427,2.40E-05,10.23227172
2003,ems,hf069,munger,AcerBetula,NA,42.54,-72.17,exp,selective harvest,2000,prospect hill,1s2,10,2,8,0.001758,1.03,0.342,0.001787019,611.1606027
2003,ems,hf069,munger,AcerBetula,NA,42.54,-72.17,exp,selective harvest,2000,prospect hill,1s2,10,1,6,0.000172,1.11,0.39,0.000141314,55.11254229
2003,ems,hf069,munger,Quercus,NA,42.54,-72.17,obs,NA,NA,prospect hill,1s2,10,2,2,0.001735,1.03,0.444,0.00044091,195.7640006
2003,ems,hf069,munger,Quercus,NA,42.54,-72.17,obs,NA,NA,prospect hill,1s2,10,1,1,0.000175,1.11,0.427,2.40E-05,10.23227172
2003,ems,hf069,munger,AcerBetula,NA,42.54,-72.17,exp,selective harvest,2000,prospect hill,1s3,10,2,20,0.001758,1.03,0.342,0.004467548,1527.901507
2003,ems,hf069,munger,AcerBetula,NA,42.54,-72.17,exp,selective harvest,2000,prospect hill,1s3,10,1,5,0.000172,1.11,0.39,0.000117762,45.92711858
2003,ems,hf069,munger,Quercus,NA,42.54,-72.17,obs,NA,NA,prospect hill,1s3,10,2,4,0.001735,1.03,0.444,0.00088182,391.5280012
2003,ems,hf069,munger,AcerBetula,NA,42.54,-72.17,exp,selective harvest,2000,prospect hill,1s4,10,2,5,0.001758,1.03,0.342,0.001116887,381.9753767
2003,ems,hf069,munger,Quercus,NA,42.54,-72.17,obs,NA,NA,prospect hill,1s4,10,2,3,0.001735,1.03,0.444,0.000661365,293.6460009
2003,ems,hf069,munger,Quercus,NA,42.54,-72.17,obs,NA,NA,prospect hill,1s4,10,1,3,0.000175,1.11,0.427,7.19E-05,30.69681517
2003,ems,hf069,munger,AcerBetula,NA,42.54,-72.17,exp,selective harvest,2000,prospect hill,1s5,10,2,6,0.001758,1.03,0.342,0.001340264,458.370452
2003,ems,hf069,munger,Quercus,NA,42.54,-72.17,obs,NA,NA,prospect hill,1s5,10,2,3,0.001735,1.03,0.444,0.000661365,293.6460009
2003,ems,hf069,munger,AcerBetula,NA,42.54,-72.17,exp,selective harvest,2000,prospect hill,1s6,10,2,1,0.001758,1.03,0.342,0.000223377,76.39507533
2003,ems,hf069,munger,AcerBetula,NA,42.54,-72.17,exp,selective harvest,2000,prospect hill,1s6,10,2,8,0.001758,1.03,0.342,0.001787019,611.1606027
2003,ems,hf069,munger,AcerBetula,NA,42.54,-72.17,exp,selective harvest,2000,prospect hill,1s6,10,1,1,0.000172,1.11,0.39,2.36E-05,9.185423715
2003,ems,hf069,munger,Quercus,NA,42.54,-72.17,obs,NA,NA,prospect hill,1s6,10,2,3,0.001735,1.03,0.444,0.000661365,293.6460009
2003,ems,hf069,munger,Quercus,NA,42.54,-72.17,obs,NA,NA,prospect hill,1s6,10,1,2,0.000175,1.11,0.427,4.79E-05,20.46454344
2003,ems,hf069,munger,AcerBetula,NA,42.54,-72.17,exp,selective harvest,2000,prospect hill,1s7,10,2,2,0.001758,1.03,0.342,0.000446755,152.7901507
2003,ems,hf069,munger,AcerBetula,NA,42.54,-72.17,exp,selective harvest,2000,prospect hill,1s7,10,1,4,0.000172,1.11,0.39,9.42E-05,36.74169486
2003,ems,hf069,munger,Quercus,NA,42.54,-72.17,obs,NA,NA,prospect hill,1s7,10,2,4,0.001735,1.03,0.444,0.00088182,391.5280012
2003,ems,hf069,munger,Quercus,NA,42.54,-72.17,obs,NA,NA,prospect hill,1s7,10,1,1,0.000175,1.11,0.427,2.40E-05,10.23227172
2003,ems,hf069,munger,Quercus,NA,42.54,-72.17,obs,NA,NA,prospect hill,1s7,10,2,1,0.001735,1.03,0.444,0.000220455,97.8820003
2003,ems,hf069,munger,AcerBetula,NA,42.54,-72.17,exp,selective harvest,2000,prospect hill,1s8,10,2,1,0.001758,1.03,0.342,0.000223377,76.39507533
2003,ems,hf069,munger,AcerBetula,NA,42.54,-72.17,exp,selective harvest,2000,prospect hill,1s8,10,2,7,0.001758,1.03,0.342,0.001563642,534.7655273
2003,ems,hf069,munger,AcerBetula,NA,42.54,-72.17,exp,selective harvest,2000,prospect hill,1s8,10,1,4,0.000172,1.11,0.39,9.42E-05,36.74169486
2003,ems,hf069,munger,Quercus,NA,42.54,-72.17,obs,NA,NA,prospect hill,1s8,10,2,4,0.001735,1.03,0.444,0.00088182,391.5280012
2003,ems,hf069,munger,Quercus,NA,42.54,-72.17,obs,NA,NA,prospect hill,1s8,10,1,1,0.000175,1.11,0.427,2.40E-05,10.23227172
2003,ems,hf069,munger,AcerBetula,NA,42.54,-72.17,exp,selective harvest,2000,prospect hill,1s9,10,2,1,0.001758,1.03,0.342,0.000223377,76.39507533
2003,ems,hf069,munger,AcerBetula,NA,42.54,-72.17,exp,selective harvest,2000,prospect hill,1s9,10,2,5,0.001758,1.03,0.342,0.001116887,381.9753767
2003,ems,hf069,munger,AcerBetula,NA,42.54,-72.17,exp,selective harvest,2000,prospect hill,1s9,10,1,1,0.000172,1.11,0.39,2.36E-05,9.185423715
2003,ems,hf069,munger,Quercus,NA,42.54,-72.17,obs,NA,NA,prospect hill,1s9,10,2,1,0.001735,1.03,0.444,0.000220455,97.8820003
2003,ems,hf069,munger,AcerBetula,NA,42.54,-72.17,exp,selective harvest,2000,prospect hill,2s1,10,2,6,0.001758,1.03,0.342,0.001340264,458.370452
2003,ems,hf069,munger,AcerBetula,NA,42.54,-72.17,exp,selective harvest,2000,prospect hill,2s1,10,1,8,0.000172,1.11,0.39,0.000188419,73.48338972
2003,ems,hf069,munger,Quercus,NA,42.54,-72.17,obs,NA,NA,prospect hill,2s1,10,2,2,0.001735,1.03,0.444,0.00044091,195.7640006
2003,ems,hf069,munger,Quercus,NA,42.54,-72.17,obs,NA,NA,prospect hill,2s1,10,1,1,0.000175,1.11,0.427,2.40E-05,10.23227172
2003,ems,hf069,munger,AcerBetula,NA,42.54,-72.17,exp,selective harvest,2000,prospect hill,2s10,10,2,8,0.001758,1.03,0.342,0.001787019,611.1606027
2003,ems,hf069,munger,AcerBetula,NA,42.54,-72.17,exp,selective harvest,2000,prospect hill,2s10,10,1,1,0.000172,1.11,0.39,2.36E-05,9.185423715
2003,ems,hf069,munger,Quercus,NA,42.54,-72.17,obs,NA,NA,prospect hill,2s10,10,1,1,0.000175,1.11,0.427,2.40E-05,10.23227172
2003,ems,hf069,munger,AcerBetula,NA,42.54,-72.17,exp,selective harvest,2000,prospect hill,2s11,10,2,3,0.001758,1.03,0.342,0.000670132,229.185226
2003,ems,hf069,munger,Quercus,NA,42.54,-72.17,obs,NA,NA,prospect hill,2s11,10,2,2,0.001735,1.03,0.444,0.00044091,195.7640006
2003,ems,hf069,munger,Quercus,NA,42.54,-72.17,obs,NA,NA,prospect hill,2s11,10,1,2,0.000175,1.11,0.427,4.79E-05,20.46454344
2003,ems,hf069,munger,AcerBetula,NA,42.54,-72.17,exp,selective harvest,2000,prospect hill,2s12,10,2,12,0.001758,1.03,0.342,0.002680529,916.740904
2003,ems,hf069,munger,AcerBetula,NA,42.54,-72.17,exp,selective harvest,2000,prospect hill,2s12,10,1,5,0.000172,1.11,0.39,0.000117762,45.92711858
2003,ems,hf069,munger,Quercus,NA,42.54,-72.17,obs,NA,NA,prospect hill,2s12,10,2,3,0.001735,1.03,0.444,0.000661365,293.6460009
2003,ems,hf069,munger,Quercus,NA,42.54,-72.17,obs,NA,NA,prospect hill,2s12,10,1,2,0.000175,1.11,0.427,4.79E-05,20.46454344
2003,ems,hf069,munger,AcerBetula,NA,42.54,-72.17,exp,selective harvest,2000,prospect hill,2s13,10,2,6,0.001758,1.03,0.342,0.001340264,458.370452
2003,ems,hf069,munger,AcerBetula,NA,42.54,-72.17,exp,selective harvest,2000,prospect hill,2s13,10,1,5,0.000172,1.11,0.39,0.000117762,45.92711858
2003,ems,hf069,munger,Quercus,NA,42.54,-72.17,obs,NA,NA,prospect hill,2s13,10,2,1,0.001735,1.03,0.444,0.000220455,97.8820003
2003,ems,hf069,munger,Quercus,NA,42.54,-72.17,obs,NA,NA,prospect hill,2s13,10,1,2,0.000175,1.11,0.427,4.79E-05,20.46454344
2003,ems,hf069,munger,AcerBetula,NA,42.54,-72.17,exp,selective harvest,2000,prospect hill,2s14,10,2,24,0.001758,1.03,0.342,0.005361058,1833.481808
2003,ems,hf069,munger,AcerBetula,NA,42.54,-72.17,exp,selective harvest,2000,prospect hill,2s14,10,1,5,0.000172,1.11,0.39,0.000117762,45.92711858
2003,ems,hf069,munger,Quercus,NA,42.54,-72.17,obs,NA,NA,prospect hill,2s14,10,2,7,0.001735,1.03,0.444,0.001543185,685.1740021
2003,ems,hf069,munger,Quercus,NA,42.54,-72.17,obs,NA,NA,prospect hill,2s14,10,1,1,0.000175,1.11,0.427,2.40E-05,10.23227172
2003,ems,hf069,munger,AcerBetula,NA,42.54,-72.17,exp,selective harvest,2000,prospect hill,2s15,10,2,1,0.001758,1.03,0.342,0.000223377,76.39507533
2003,ems,hf069,munger,AcerBetula,NA,42.54,-72.17,exp,selective harvest,2000,prospect hill,2s15,10,2,10,0.001758,1.03,0.342,0.002233774,763.9507533
2003,ems,hf069,munger,AcerBetula,NA,42.54,-72.17,exp,selective harvest,2000,prospect hill,2s15,10,1,3,0.000172,1.11,0.39,7.07E-05,27.55627115
2003,ems,hf069,munger,Quercus,NA,42.54,-72.17,obs,NA,NA,prospect hill,2s15,10,2,5,0.001735,1.03,0.444,0.001102275,489.4100015
2003,ems,hf069,munger,Quercus,NA,42.54,-72.17,obs,NA,NA,prospect hill,2s15,10,1,1,0.000175,1.11,0.427,2.40E-05,10.23227172
2003,ems,hf069,munger,AcerBetula,NA,42.54,-72.17,exp,selective harvest,2000,prospect hill,2s16,10,2,11,0.001758,1.03,0.342,0.002457152,840.3458286
2003,ems,hf069,munger,AcerBetula,NA,42.54,-72.17,exp,selective harvest,2000,prospect hill,2s16,10,1,2,0.000172,1.11,0.39,4.71E-05,18.37084743
2003,ems,hf069,munger,Quercus,NA,42.54,-72.17,obs,NA,NA,prospect hill,2s16,10,2,2,0.001735,1.03,0.444,0.00044091,195.7640006
2003,ems,hf069,munger,Quercus,NA,42.54,-72.17,obs,NA,NA,prospect hill,2s16,10,1,1,0.000175,1.11,0.427,2.40E-05,10.23227172
2003,ems,hf069,munger,AcerBetula,NA,42.54,-72.17,exp,selective harvest,2000,prospect hill,2s17,10,2,7,0.001758,1.03,0.342,0.001563642,534.7655273
2003,ems,hf069,munger,AcerBetula,NA,42.54,-72.17,exp,selective harvest,2000,prospect hill,2s17,10,1,1,0.000172,1.11,0.39,2.36E-05,9.185423715
2003,ems,hf069,munger,Quercus,NA,42.54,-72.17,obs,NA,NA,prospect hill,2s17,10,2,3,0.001735,1.03,0.444,0.000661365,293.6460009
2003,ems,hf069,munger,Quercus,NA,42.54,-72.17,obs,NA,NA,prospect hill,2s17,10,1,1,0.000175,1.11,0.427,2.40E-05,10.23227172
2003,ems,hf069,munger,AcerBetula,NA,42.54,-72.17,exp,selective harvest,2000,prospect hill,2s18,10,2,2,0.001758,1.03,0.342,0.000446755,152.7901507
2003,ems,hf069,munger,Quercus,NA,42.54,-72.17,obs,NA,NA,prospect hill,2s18,10,2,7,0.001735,1.03,0.444,0.001543185,685.1740021
2003,ems,hf069,munger,Quercus,NA,42.54,-72.17,obs,NA,NA,prospect hill,2s18,10,1,1,0.000175,1.11,0.427,2.40E-05,10.23227172
2003,ems,hf069,munger,AcerBetula,NA,42.54,-72.17,exp,selective harvest,2000,prospect hill,2s19,10,2,1,0.001758,1.03,0.342,0.000223377,76.39507533
2003,ems,hf069,munger,AcerBetula,NA,42.54,-72.17,exp,selective harvest,2000,prospect hill,2s19,10,2,3,0.001758,1.03,0.342,0.000670132,229.185226
2003,ems,hf069,munger,AcerBetula,NA,42.54,-72.17,exp,selective harvest,2000,prospect hill,2s19,10,1,2,0.000172,1.11,0.39,4.71E-05,18.37084743
2003,ems,hf069,munger,Quercus,NA,42.54,-72.17,obs,NA,NA,prospect hill,2s19,10,2,2,0.001735,1.03,0.444,0.00044091,195.7640006
2003,ems,hf069,munger,Quercus,NA,42.54,-72.17,obs,NA,NA,prospect hill,2s19,10,1,1,0.000175,1.11,0.427,2.40E-05,10.23227172
2003,ems,hf069,munger,AcerBetula,NA,42.54,-72.17,exp,selective harvest,2000,prospect hill,2s2,10,2,12,0.001758,1.03,0.342,0.002680529,916.740904
2003,ems,hf069,munger,AcerBetula,NA,42.54,-72.17,exp,selective harvest,2000,prospect hill,2s2,10,1,2,0.000172,1.11,0.39,4.71E-05,18.37084743
2003,ems,hf069,munger,Quercus,NA,42.54,-72.17,obs,NA,NA,prospect hill,2s2,10,2,3,0.001735,1.03,0.444,0.000661365,293.6460009
2003,ems,hf069,munger,AcerBetula,NA,42.54,-72.17,exp,selective harvest,2000,prospect hill,2s20,10,2,1,0.001758,1.03,0.342,0.000223377,76.39507533
2003,ems,hf069,munger,AcerBetula,NA,42.54,-72.17,exp,selective harvest,2000,prospect hill,2s20,10,2,14,0.001758,1.03,0.342,0.003127284,1069.531055
2003,ems,hf069,munger,AcerBetula,NA,42.54,-72.17,exp,selective harvest,2000,prospect hill,2s20,10,1,4,0.000172,1.11,0.39,9.42E-05,36.74169486
2003,ems,hf069,munger,Quercus,NA,42.54,-72.17,obs,NA,NA,prospect hill,2s20,10,2,2,0.001735,1.03,0.444,0.00044091,195.7640006
2003,ems,hf069,munger,Quercus,NA,42.54,-72.17,obs,NA,NA,prospect hill,2s20,10,1,2,0.000175,1.11,0.427,4.79E-05,20.46454344
2003,ems,hf069,munger,AcerBetula,NA,42.54,-72.17,exp,selective harvest,2000,prospect hill,2s21,10,2,10,0.001758,1.03,0.342,0.002233774,763.9507533
2003,ems,hf069,munger,AcerBetula,NA,42.54,-72.17,exp,selective harvest,2000,prospect hill,2s21,10,1,1,0.000172,1.11,0.39,2.36E-05,9.185423715
2003,ems,hf069,munger,Quercus,NA,42.54,-72.17,obs,NA,NA,prospect hill,2s21,10,2,6,0.001735,1.03,0.444,0.00132273,587.2920018
2003,ems,hf069,munger,AcerBetula,NA,42.54,-72.17,exp,selective harvest,2000,prospect hill,2s22,10,2,16,0.001758,1.03,0.342,0.003574039,1222.321205
2003,ems,hf069,munger,AcerBetula,NA,42.54,-72.17,exp,selective harvest,2000,prospect hill,2s22,10,1,2,0.000172,1.11,0.39,4.71E-05,18.37084743
2003,ems,hf069,munger,Quercus,NA,42.54,-72.17,obs,NA,NA,prospect hill,2s22,10,2,3,0.001735,1.03,0.444,0.000661365,293.6460009
2003,ems,hf069,munger,Quercus,NA,42.54,-72.17,obs,NA,NA,prospect hill,2s22,10,1,2,0.000175,1.11,0.427,4.79E-05,20.46454344
2003,ems,hf069,munger,AcerBetula,NA,42.54,-72.17,exp,selective harvest,2000,prospect hill,2s23,10,2,7,0.001758,1.03,0.342,0.001563642,534.7655273
2003,ems,hf069,munger,AcerBetula,NA,42.54,-72.17,exp,selective harvest,2000,prospect hill,2s24,10,2,4,0.001758,1.03,0.342,0.00089351,305.5803013
2003,ems,hf069,munger,AcerBetula,NA,42.54,-72.17,exp,selective harvest,2000,prospect hill,2s24,10,1,2,0.000172,1.11,0.39,4.71E-05,18.37084743
2003,ems,hf069,munger,AcerBetula,NA,42.54,-72.17,exp,selective harvest,2000,prospect hill,2s25,10,2,5,0.001758,1.03,0.342,0.001116887,381.9753767
2003,ems,hf069,munger,AcerBetula,NA,42.54,-72.17,exp,selective harvest,2000,prospect hill,2s26,10,2,2,0.001758,1.03,0.342,0.000446755,152.7901507
2003,ems,hf069,munger,AcerBetula,NA,42.54,-72.17,exp,selective harvest,2000,prospect hill,2s26,10,1,1,0.000172,1.11,0.39,2.36E-05,9.185423715
2003,ems,hf069,munger,AcerBetula,NA,42.54,-72.17,exp,selective harvest,2000,prospect hill,2s27,10,2,2,0.001758,1.03,0.342,0.000446755,152.7901507
2003,ems,hf069,munger,AcerBetula,NA,42.54,-72.17,exp,selective harvest,2000,prospect hill,2s28,10,2,1,0.001758,1.03,0.342,0.000223377,76.39507533
2003,ems,hf069,munger,AcerBetula,NA,42.54,-72.17,exp,selective harvest,2000,prospect hill,2s29,10,2,5,0.001758,1.03,0.342,0.001116887,381.9753767
2003,ems,hf069,munger,AcerBetula,NA,42.54,-72.17,exp,selective harvest,2000,prospect hill,2s29,10,1,2,0.000172,1.11,0.39,4.71E-05,18.37084743
2003,ems,hf069,munger,AcerBetula,NA,42.54,-72.17,exp,selective harvest,2000,prospect hill,2s3,10,2,4,0.001758,1.03,0.342,0.00089351,305.5803013
2003,ems,hf069,munger,AcerBetula,NA,42.54,-72.17,exp,selective harvest,2000,prospect hill,2s3,10,1,2,0.000172,1.11,0.39,4.71E-05,18.37084743
2003,ems,hf069,munger,Quercus,NA,42.54,-72.17,obs,NA,NA,prospect hill,2s3,10,2,2,0.001735,1.03,0.444,0.00044091,195.7640006
2003,ems,hf069,munger,Quercus,NA,42.54,-72.17,obs,NA,NA,prospect hill,2s3,10,1,1,0.000175,1.11,0.427,2.40E-05,10.23227172
2003,ems,hf069,munger,AcerBetula,NA,42.54,-72.17,exp,selective harvest,2000,prospect hill,2s30,10,1,1,0.000172,1.11,0.39,2.36E-05,9.185423715
2003,ems,hf069,munger,AcerBetula,NA,42.54,-72.17,exp,selective harvest,2000,prospect hill,2s4,10,2,12,0.001758,1.03,0.342,0.002680529,916.740904
2003,ems,hf069,munger,AcerBetula,NA,42.54,-72.17,exp,selective harvest,2000,prospect hill,2s4,10,1,8,0.000172,1.11,0.39,0.000188419,73.48338972
2003,ems,hf069,munger,Quercus,NA,42.54,-72.17,obs,NA,NA,prospect hill,2s4,10,2,1,0.001735,1.03,0.444,0.000220455,97.8820003
2003,ems,hf069,munger,AcerBetula,NA,42.54,-72.17,exp,selective harvest,2000,prospect hill,2s5,10,2,13,0.001758,1.03,0.342,0.002903906,993.1359793
2003,ems,hf069,munger,AcerBetula,NA,42.54,-72.17,exp,selective harvest,2000,prospect hill,2s5,10,1,5,0.000172,1.11,0.39,0.000117762,45.92711858
2003,ems,hf069,munger,Quercus,NA,42.54,-72.17,obs,NA,NA,prospect hill,2s5,10,2,4,0.001735,1.03,0.444,0.00088182,391.5280012
2003,ems,hf069,munger,AcerBetula,NA,42.54,-72.17,exp,selective harvest,2000,prospect hill,2s6,10,2,3,0.001758,1.03,0.342,0.000670132,229.185226
2003,ems,hf069,munger,AcerBetula,NA,42.54,-72.17,exp,selective harvest,2000,prospect hill,2s6,10,1,2,0.000172,1.11,0.39,4.71E-05,18.37084743
2003,ems,hf069,munger,Quercus,NA,42.54,-72.17,obs,NA,NA,prospect hill,2s6,10,2,2,0.001735,1.03,0.444,0.00044091,195.7640006
2003,ems,hf069,munger,AcerBetula,NA,42.54,-72.17,exp,selective harvest,2000,prospect hill,2s7,10,2,24,0.001758,1.03,0.342,0.005361058,1833.481808
2003,ems,hf069,munger,AcerBetula,NA,42.54,-72.17,exp,selective harvest,2000,prospect hill,2s7,10,1,3,0.000172,1.11,0.39,7.07E-05,27.55627115
2003,ems,hf069,munger,Quercus,NA,42.54,-72.17,obs,NA,NA,prospect hill,2s7,10,2,1,0.001735,1.03,0.444,0.000220455,97.8820003
2003,ems,hf069,munger,Quercus,NA,42.54,-72.17,obs,NA,NA,prospect hill,2s7,10,1,1,0.000175,1.11,0.427,2.40E-05,10.23227172
2003,ems,hf069,munger,AcerBetula,NA,42.54,-72.17,exp,selective harvest,2000,prospect hill,2s8,10,2,5,0.001758,1.03,0.342,0.001116887,381.9753767
2003,ems,hf069,munger,AcerBetula,NA,42.54,-72.17,exp,selective harvest,2000,prospect hill,2s8,10,1,2,0.000172,1.11,0.39,4.71E-05,18.37084743
2003,ems,hf069,munger,Quercus,NA,42.54,-72.17,obs,NA,NA,prospect hill,2s8,10,2,2,0.001735,1.03,0.444,0.00044091,195.7640006
2003,ems,hf069,munger,AcerBetula,NA,42.54,-72.17,exp,selective harvest,2000,prospect hill,2s9,10,2,10,0.001758,1.03,0.342,0.002233774,763.9507533
2003,ems,hf069,munger,AcerBetula,NA,42.54,-72.17,exp,selective harvest,2000,prospect hill,2s9,10,1,2,0.000172,1.11,0.39,4.71E-05,18.37084743
2003,ems,hf069,munger,Quercus,NA,42.54,-72.17,obs,NA,NA,prospect hill,2s9,10,2,2,0.001735,1.03,0.444,0.00044091,195.7640006
2003,ems,hf069,munger,Quercus,NA,42.54,-72.17,obs,NA,NA,prospect hill,2s9,10,1,3,0.000175,1.11,0.427,7.19E-05,30.69681517
2006,ems,hf069,munger,AcerBetula,NA,42.54,-72.17,exp,selective harvest,2000,prospect hill,1s1,10,2,4,0.001758,1.03,0.342,0.00089351,305.5803013
2006,ems,hf069,munger,AcerBetula,NA,42.54,-72.17,exp,selective harvest,2000,prospect hill,1s1,10,1,14,0.000172,1.11,0.39,0.000329733,128.595932
2006,ems,hf069,munger,Quercus,NA,42.54,-72.17,obs,NA,NA,prospect hill,1s1,10,2,1,0.001735,1.03,0.444,0.000220455,97.8820003
2006,ems,hf069,munger,Quercus,NA,42.54,-72.17,obs,NA,NA,prospect hill,1s1,10,1,8,0.000175,1.11,0.427,0.000191705,81.85817378
2006,ems,hf069,munger,AcerBetula,NA,42.54,-72.17,exp,selective harvest,2000,prospect hill,1s10,10,2,4,0.001758,1.03,0.342,0.00089351,305.5803013
2006,ems,hf069,munger,AcerBetula,NA,42.54,-72.17,exp,selective harvest,2000,prospect hill,1s10,10,1,8,0.000172,1.11,0.39,0.000188419,73.48338972
2006,ems,hf069,munger,Quercus,NA,42.54,-72.17,obs,NA,NA,prospect hill,1s10,10,2,4,0.001735,1.03,0.444,0.00088182,391.5280012
2006,ems,hf069,munger,Quercus,NA,42.54,-72.17,obs,NA,NA,prospect hill,1s10,10,1,8,0.000175,1.11,0.427,0.000191705,81.85817378
2006,ems,hf069,munger,AcerBetula,NA,42.54,-72.17,exp,selective harvest,2000,prospect hill,1s11,10,2,8,0.001758,1.03,0.342,0.001787019,611.1606027
2006,ems,hf069,munger,AcerBetula,NA,42.54,-72.17,exp,selective harvest,2000,prospect hill,1s11,10,1,6,0.000172,1.11,0.39,0.000141314,55.11254229
2006,ems,hf069,munger,Quercus,NA,42.54,-72.17,obs,NA,NA,prospect hill,1s11,10,2,6,0.001735,1.03,0.444,0.00132273,587.2920018
2006,ems,hf069,munger,Quercus,NA,42.54,-72.17,obs,NA,NA,prospect hill,1s11,10,1,18,0.000175,1.11,0.427,0.000431337,184.180891
2006,ems,hf069,munger,AcerBetula,NA,42.54,-72.17,exp,selective harvest,2000,prospect hill,1s12,10,2,10,0.001758,1.03,0.342,0.002233774,763.9507533
2006,ems,hf069,munger,AcerBetula,NA,42.54,-72.17,exp,selective harvest,2000,prospect hill,1s12,10,1,15,0.000172,1.11,0.39,0.000353286,137.7813557
2006,ems,hf069,munger,Quercus,NA,42.54,-72.17,obs,NA,NA,prospect hill,1s12,10,2,2,0.001735,1.03,0.444,0.00044091,195.7640006
2006,ems,hf069,munger,Quercus,NA,42.54,-72.17,obs,NA,NA,prospect hill,1s12,10,1,13,0.000175,1.11,0.427,0.000311521,133.0195324
2006,ems,hf069,munger,AcerBetula,NA,42.54,-72.17,exp,selective harvest,2000,prospect hill,1s13,10,2,12,0.001758,1.03,0.342,0.002680529,916.740904
2006,ems,hf069,munger,AcerBetula,NA,42.54,-72.17,exp,selective harvest,2000,prospect hill,1s13,10,1,19,0.000172,1.11,0.39,0.000447495,174.5230506
2006,ems,hf069,munger,Quercus,NA,42.54,-72.17,obs,NA,NA,prospect hill,1s13,10,2,6,0.001735,1.03,0.444,0.00132273,587.2920018
2006,ems,hf069,munger,Quercus,NA,42.54,-72.17,obs,NA,NA,prospect hill,1s13,10,1,7,0.000175,1.11,0.427,0.000167742,71.62590205
2006,ems,hf069,munger,Quercus,NA,42.54,-72.17,obs,NA,NA,prospect hill,1s13,10,2,1,0.001735,1.03,0.444,0.000220455,97.8820003
2006,ems,hf069,munger,AcerBetula,NA,42.54,-72.17,exp,selective harvest,2000,prospect hill,1s14,10,2,13,0.001758,1.03,0.342,0.002903906,993.1359793
2006,ems,hf069,munger,AcerBetula,NA,42.54,-72.17,exp,selective harvest,2000,prospect hill,1s14,10,1,20,0.000172,1.11,0.39,0.000471047,183.7084743
2006,ems,hf069,munger,Quercus,NA,42.54,-72.17,obs,NA,NA,prospect hill,1s14,10,2,7,0.001735,1.03,0.444,0.001543185,685.1740021
2006,ems,hf069,munger,Quercus,NA,42.54,-72.17,obs,NA,NA,prospect hill,1s14,10,1,12,0.000175,1.11,0.427,0.000287558,122.7872607
2006,ems,hf069,munger,AcerBetula,NA,42.54,-72.17,exp,selective harvest,2000,prospect hill,1s15,10,2,2,0.001758,1.03,0.342,0.000446755,152.7901507
2006,ems,hf069,munger,AcerBetula,NA,42.54,-72.17,exp,selective harvest,2000,prospect hill,1s15,10,1,10,0.000172,1.11,0.39,0.000235524,91.85423715
2006,ems,hf069,munger,Quercus,NA,42.54,-72.17,obs,NA,NA,prospect hill,1s15,10,2,7,0.001735,1.03,0.444,0.001543185,685.1740021
2006,ems,hf069,munger,Quercus,NA,42.54,-72.17,obs,NA,NA,prospect hill,1s15,10,1,5,0.000175,1.11,0.427,0.000119816,51.16135861
2006,ems,hf069,munger,AcerBetula,NA,42.54,-72.17,exp,selective harvest,2000,prospect hill,1s16,10,2,10,0.001758,1.03,0.342,0.002233774,763.9507533
2006,ems,hf069,munger,AcerBetula,NA,42.54,-72.17,exp,selective harvest,2000,prospect hill,1s16,10,1,32,0.000172,1.11,0.39,0.000753676,293.9335589
2006,ems,hf069,munger,AcerBetula,NA,42.54,-72.17,exp,selective harvest,2000,prospect hill,1s2,10,2,12,0.001758,1.03,0.342,0.002680529,916.740904
2006,ems,hf069,munger,AcerBetula,NA,42.54,-72.17,exp,selective harvest,2000,prospect hill,1s2,10,1,10,0.000172,1.11,0.39,0.000235524,91.85423715
2006,ems,hf069,munger,Quercus,NA,42.54,-72.17,obs,NA,NA,prospect hill,1s2,10,2,2,0.001735,1.03,0.444,0.00044091,195.7640006
2006,ems,hf069,munger,Quercus,NA,42.54,-72.17,obs,NA,NA,prospect hill,1s2,10,1,6,0.000175,1.11,0.427,0.000143779,61.39363033
2006,ems,hf069,munger,AcerBetula,NA,42.54,-72.17,exp,selective harvest,2000,prospect hill,1s3,10,2,12,0.001758,1.03,0.342,0.002680529,916.740904
2006,ems,hf069,munger,AcerBetula,NA,42.54,-72.17,exp,selective harvest,2000,prospect hill,1s3,10,1,18,0.000172,1.11,0.39,0.000423943,165.3376269
2006,ems,hf069,munger,Quercus,NA,42.54,-72.17,obs,NA,NA,prospect hill,1s3,10,2,6,0.001735,1.03,0.444,0.00132273,587.2920018
2006,ems,hf069,munger,Quercus,NA,42.54,-72.17,obs,NA,NA,prospect hill,1s3,10,1,10,0.000175,1.11,0.427,0.000239632,102.3227172
2006,ems,hf069,munger,AcerBetula,NA,42.54,-72.17,exp,selective harvest,2000,prospect hill,1s4,10,2,8,0.001758,1.03,0.342,0.001787019,611.1606027
2006,ems,hf069,munger,AcerBetula,NA,42.54,-72.17,exp,selective harvest,2000,prospect hill,1s4,10,1,15,0.000172,1.11,0.39,0.000353286,137.7813557
2006,ems,hf069,munger,AcerBetula,NA,42.54,-72.17,exp,selective harvest,2000,prospect hill,1s5,10,2,6,0.001758,1.03,0.342,0.001340264,458.370452
2006,ems,hf069,munger,AcerBetula,NA,42.54,-72.17,exp,selective harvest,2000,prospect hill,1s5,10,1,13,0.000172,1.11,0.39,0.000306181,119.4105083
2006,ems,hf069,munger,Quercus,NA,42.54,-72.17,obs,NA,NA,prospect hill,1s5,10,2,2,0.001735,1.03,0.444,0.00044091,195.7640006
2006,ems,hf069,munger,Quercus,NA,42.54,-72.17,obs,NA,NA,prospect hill,1s5,10,1,15,0.000175,1.11,0.427,0.000359447,153.4840758
2006,ems,hf069,munger,AcerBetula,NA,42.54,-72.17,exp,selective harvest,2000,prospect hill,1s6,10,2,2,0.001758,1.03,0.342,0.000446755,152.7901507
2006,ems,hf069,munger,AcerBetula,NA,42.54,-72.17,exp,selective harvest,2000,prospect hill,1s6,10,1,5,0.000172,1.11,0.39,0.000117762,45.92711858
2006,ems,hf069,munger,Quercus,NA,42.54,-72.17,obs,NA,NA,prospect hill,1s6,10,2,4,0.001735,1.03,0.444,0.00088182,391.5280012
2006,ems,hf069,munger,Quercus,NA,42.54,-72.17,obs,NA,NA,prospect hill,1s6,10,1,12,0.000175,1.11,0.427,0.000287558,122.7872607
2006,ems,hf069,munger,AcerBetula,NA,42.54,-72.17,exp,selective harvest,2000,prospect hill,1s7,10,2,9,0.001758,1.03,0.342,0.002010397,687.555678
2006,ems,hf069,munger,AcerBetula,NA,42.54,-72.17,exp,selective harvest,2000,prospect hill,1s7,10,1,14,0.000172,1.11,0.39,0.000329733,128.595932
2006,ems,hf069,munger,Quercus,NA,42.54,-72.17,obs,NA,NA,prospect hill,1s7,10,2,3,0.001735,1.03,0.444,0.000661365,293.6460009
2006,ems,hf069,munger,Quercus,NA,42.54,-72.17,obs,NA,NA,prospect hill,1s7,10,1,8,0.000175,1.11,0.427,0.000191705,81.85817378
2006,ems,hf069,munger,AcerBetula,NA,42.54,-72.17,exp,selective harvest,2000,prospect hill,1s8,10,2,2,0.001758,1.03,0.342,0.000446755,152.7901507
2006,ems,hf069,munger,AcerBetula,NA,42.54,-72.17,exp,selective harvest,2000,prospect hill,1s8,10,1,20,0.000172,1.11,0.39,0.000471047,183.7084743
2006,ems,hf069,munger,Quercus,NA,42.54,-72.17,obs,NA,NA,prospect hill,1s8,10,1,6,0.000175,1.11,0.427,0.000143779,61.39363033
2006,ems,hf069,munger,AcerBetula,NA,42.54,-72.17,exp,selective harvest,2000,prospect hill,1s9,10,2,6,0.001758,1.03,0.342,0.001340264,458.370452
2006,ems,hf069,munger,AcerBetula,NA,42.54,-72.17,exp,selective harvest,2000,prospect hill,1s9,10,1,22,0.000172,1.11,0.39,0.000518152,202.0793217
2006,ems,hf069,munger,Quercus,NA,42.54,-72.17,obs,NA,NA,prospect hill,1s9,10,2,3,0.001735,1.03,0.444,0.000661365,293.6460009
2006,ems,hf069,munger,Quercus,NA,42.54,-72.17,obs,NA,NA,prospect hill,1s9,10,1,9,0.000175,1.11,0.427,0.000215668,92.0904455
2006,ems,hf069,munger,AcerBetula,NA,42.54,-72.17,exp,selective harvest,2000,prospect hill,2s1,10,2,5,0.001758,1.03,0.342,0.001116887,381.9753767
2006,ems,hf069,munger,AcerBetula,NA,42.54,-72.17,exp,selective harvest,2000,prospect hill,2s1,10,1,13,0.000172,1.11,0.39,0.000306181,119.4105083
2006,ems,hf069,munger,Quercus,NA,42.54,-72.17,obs,NA,NA,prospect hill,2s1,10,2,4,0.001735,1.03,0.444,0.00088182,391.5280012
2006,ems,hf069,munger,Quercus,NA,42.54,-72.17,obs,NA,NA,prospect hill,2s1,10,1,11,0.000175,1.11,0.427,0.000263595,112.5549889
2006,ems,hf069,munger,Quercus,NA,42.54,-72.17,obs,NA,NA,prospect hill,2s10,10,2,2,0.001735,1.03,0.444,0.00044091,195.7640006
2006,ems,hf069,munger,Quercus,NA,42.54,-72.17,obs,NA,NA,prospect hill,2s10,10,1,12,0.000175,1.11,0.427,0.000287558,122.7872607
2006,ems,hf069,munger,Quercus,NA,42.54,-72.17,obs,NA,NA,prospect hill,2s11,10,2,1,0.001735,1.03,0.444,0.000220455,97.8820003
2006,ems,hf069,munger,Quercus,NA,42.54,-72.17,obs,NA,NA,prospect hill,2s11,10,1,8,0.000175,1.11,0.427,0.000191705,81.85817378
2006,ems,hf069,munger,Quercus,NA,42.54,-72.17,obs,NA,NA,prospect hill,2s13,10,2,3,0.001735,1.03,0.444,0.000661365,293.6460009
2006,ems,hf069,munger,Quercus,NA,42.54,-72.17,obs,NA,NA,prospect hill,2s13,10,1,5,0.000175,1.11,0.427,0.000119816,51.16135861
2006,ems,hf069,munger,Quercus,NA,42.54,-72.17,obs,NA,NA,prospect hill,2s14,10,2,2,0.001735,1.03,0.444,0.00044091,195.7640006
2006,ems,hf069,munger,Quercus,NA,42.54,-72.17,obs,NA,NA,prospect hill,2s14,10,1,7,0.000175,1.11,0.427,0.000167742,71.62590205
2006,ems,hf069,munger,Quercus,NA,42.54,-72.17,obs,NA,NA,prospect hill,2s15,10,2,4,0.001735,1.03,0.444,0.00088182,391.5280012
2006,ems,hf069,munger,Quercus,NA,42.54,-72.17,obs,NA,NA,prospect hill,2s15,10,1,17,0.000175,1.11,0.427,0.000407374,173.9486193
2006,ems,hf069,munger,AcerBetula,NA,42.54,-72.17,exp,selective harvest,2000,prospect hill,2s2,10,2,5,0.001758,1.03,0.342,0.001116887,381.9753767
2006,ems,hf069,munger,AcerBetula,NA,42.54,-72.17,exp,selective harvest,2000,prospect hill,2s2,10,1,6,0.000172,1.11,0.39,0.000141314,55.11254229
2006,ems,hf069,munger,Quercus,NA,42.54,-72.17,obs,NA,NA,prospect hill,2s2,10,2,5,0.001735,1.03,0.444,0.001102275,489.4100015
2006,ems,hf069,munger,Quercus,NA,42.54,-72.17,obs,NA,NA,prospect hill,2s2,10,1,9,0.000175,1.11,0.427,0.000215668,92.0904455
2006,ems,hf069,munger,AcerBetula,NA,42.54,-72.17,exp,selective harvest,2000,prospect hill,2s3,10,2,8,0.001758,1.03,0.342,0.001787019,611.1606027
2006,ems,hf069,munger,AcerBetula,NA,42.54,-72.17,exp,selective harvest,2000,prospect hill,2s3,10,1,33,0.000172,1.11,0.39,0.000777228,303.1189826
2006,ems,hf069,munger,Quercus,NA,42.54,-72.17,obs,NA,NA,prospect hill,2s3,10,2,3,0.001735,1.03,0.444,0.000661365,293.6460009
2006,ems,hf069,munger,Quercus,NA,42.54,-72.17,obs,NA,NA,prospect hill,2s3,10,1,9,0.000175,1.11,0.427,0.000215668,92.0904455
2006,ems,hf069,munger,AcerBetula,NA,42.54,-72.17,exp,selective harvest,2000,prospect hill,2s4,10,2,8,0.001758,1.03,0.342,0.001787019,611.1606027
2006,ems,hf069,munger,AcerBetula,NA,42.54,-72.17,exp,selective harvest,2000,prospect hill,2s4,10,1,37,0.000172,1.11,0.39,0.000871438,339.8606775
2006,ems,hf069,munger,Quercus,NA,42.54,-72.17,obs,NA,NA,prospect hill,2s4,10,2,2,0.001735,1.03,0.444,0.00044091,195.7640006
2006,ems,hf069,munger,Quercus,NA,42.54,-72.17,obs,NA,NA,prospect hill,2s4,10,1,5,0.000175,1.11,0.427,0.000119816,51.16135861
2006,ems,hf069,munger,AcerBetula,NA,42.54,-72.17,exp,selective harvest,2000,prospect hill,2s5,10,2,20,0.001758,1.03,0.342,0.004467548,1527.901507
2006,ems,hf069,munger,AcerBetula,NA,42.54,-72.17,exp,selective harvest,2000,prospect hill,2s5,10,1,26,0.000172,1.11,0.39,0.000612362,238.8210166
2006,ems,hf069,munger,Quercus,NA,42.54,-72.17,obs,NA,NA,prospect hill,2s5,10,2,6,0.001735,1.03,0.444,0.00132273,587.2920018
2006,ems,hf069,munger,Quercus,NA,42.54,-72.17,obs,NA,NA,prospect hill,2s5,10,1,8,0.000175,1.11,0.427,0.000191705,81.85817378
2006,ems,hf069,munger,AcerBetula,NA,42.54,-72.17,exp,selective harvest,2000,prospect hill,2s6,10,2,17,0.001758,1.03,0.342,0.003797416,1298.716281
2006,ems,hf069,munger,AcerBetula,NA,42.54,-72.17,exp,selective harvest,2000,prospect hill,2s6,10,1,39,0.000172,1.11,0.39,0.000918542,358.2315249
2006,ems,hf069,munger,Quercus,NA,42.54,-72.17,obs,NA,NA,prospect hill,2s6,10,2,2,0.001735,1.03,0.444,0.00044091,195.7640006
2006,ems,hf069,munger,Quercus,NA,42.54,-72.17,obs,NA,NA,prospect hill,2s6,10,1,10,0.000175,1.11,0.427,0.000239632,102.3227172
2006,ems,hf069,munger,AcerBetula,NA,42.54,-72.17,exp,selective harvest,2000,prospect hill,2s7,10,2,17,0.001758,1.03,0.342,0.003797416,1298.716281
2006,ems,hf069,munger,AcerBetula,NA,42.54,-72.17,exp,selective harvest,2000,prospect hill,2s7,10,1,15,0.000172,1.11,0.39,0.000353286,137.7813557
2006,ems,hf069,munger,Quercus,NA,42.54,-72.17,obs,NA,NA,prospect hill,2s7,10,2,5,0.001735,1.03,0.444,0.001102275,489.4100015
2006,ems,hf069,munger,Quercus,NA,42.54,-72.17,obs,NA,NA,prospect hill,2s7,10,1,8,0.000175,1.11,0.427,0.000191705,81.85817378
2006,ems,hf069,munger,Quercus,NA,42.54,-72.17,obs,NA,NA,prospect hill,2s8,10,2,2,0.001735,1.03,0.444,0.00044091,195.7640006
2006,ems,hf069,munger,Quercus,NA,42.54,-72.17,obs,NA,NA,prospect hill,2s8,10,1,3,0.000175,1.11,0.427,7.19E-05,30.69681517
2006,ems,hf069,munger,Quercus,NA,42.54,-72.17,obs,NA,NA,prospect hill,2s9,10,2,4,0.001735,1.03,0.444,0.00088182,391.5280012
2006,ems,hf069,munger,Quercus,NA,42.54,-72.17,obs,NA,NA,prospect hill,2s9,10,1,8,0.000175,1.11,0.427,0.000191705,81.85817378
2006,ems,hf069,munger,AcerBetula,NA,42.54,-72.17,exp,selective harvest,2000,prospect hill,3s1,10,2,13,0.001758,1.03,0.342,0.002903906,993.1359793
2006,ems,hf069,munger,AcerBetula,NA,42.54,-72.17,exp,selective harvest,2000,prospect hill,3s1,10,1,4,0.000172,1.11,0.39,9.42E-05,36.74169486
2006,ems,hf069,munger,AcerBetula,NA,42.54,-72.17,exp,selective harvest,2000,prospect hill,3s2,10,2,7,0.001758,1.03,0.342,0.001563642,534.7655273
2006,ems,hf069,munger,AcerBetula,NA,42.54,-72.17,exp,selective harvest,2000,prospect hill,3s2,10,1,2,0.000172,1.11,0.39,4.71E-05,18.37084743
2006,ems,hf069,munger,AcerBetula,NA,42.54,-72.17,exp,selective harvest,2000,prospect hill,4s1,10,2,5,0.001758,1.03,0.342,0.001116887,381.9753767
2006,ems,hf069,munger,AcerBetula,NA,42.54,-72.17,exp,selective harvest,2000,prospect hill,4s1,10,1,1,0.000172,1.11,0.39,2.36E-05,9.185423715
2006,ems,hf069,munger,AcerBetula,NA,42.54,-72.17,exp,selective harvest,2000,prospect hill,4s10,10,2,12,0.001758,1.03,0.342,0.002680529,916.740904
2006,ems,hf069,munger,AcerBetula,NA,42.54,-72.17,exp,selective harvest,2000,prospect hill,4s10,10,1,3,0.000172,1.11,0.39,7.07E-05,27.55627115
2006,ems,hf069,munger,AcerBetula,NA,42.54,-72.17,exp,selective harvest,2000,prospect hill,4s11,10,2,1,0.001758,1.03,0.342,0.000223377,76.39507533
2006,ems,hf069,munger,AcerBetula,NA,42.54,-72.17,exp,selective harvest,2000,prospect hill,4s11,10,2,5,0.001758,1.03,0.342,0.001116887,381.9753767
2006,ems,hf069,munger,AcerBetula,NA,42.54,-72.17,exp,selective harvest,2000,prospect hill,4s11,10,1,5,0.000172,1.11,0.39,0.000117762,45.92711858
2006,ems,hf069,munger,AcerBetula,NA,42.54,-72.17,exp,selective harvest,2000,prospect hill,4s12,10,2,10,0.001758,1.03,0.342,0.002233774,763.9507533
2006,ems,hf069,munger,AcerBetula,NA,42.54,-72.17,exp,selective harvest,2000,prospect hill,4s12,10,1,4,0.000172,1.11,0.39,9.42E-05,36.74169486
2006,ems,hf069,munger,AcerBetula,NA,42.54,-72.17,exp,selective harvest,2000,prospect hill,4s13,10,2,1,0.001758,1.03,0.342,0.000223377,76.39507533
2006,ems,hf069,munger,AcerBetula,NA,42.54,-72.17,exp,selective harvest,2000,prospect hill,4s13,10,2,11,0.001758,1.03,0.342,0.002457152,840.3458286
2006,ems,hf069,munger,AcerBetula,NA,42.54,-72.17,exp,selective harvest,2000,prospect hill,4s13,10,1,5,0.000172,1.11,0.39,0.000117762,45.92711858
2006,ems,hf069,munger,AcerBetula,NA,42.54,-72.17,exp,selective harvest,2000,prospect hill,4s14,10,2,10,0.001758,1.03,0.342,0.002233774,763.9507533
2006,ems,hf069,munger,AcerBetula,NA,42.54,-72.17,exp,selective harvest,2000,prospect hill,4s14,10,1,4,0.000172,1.11,0.39,9.42E-05,36.74169486
2006,ems,hf069,munger,AcerBetula,NA,42.54,-72.17,exp,selective harvest,2000,prospect hill,4s15,10,2,18,0.001758,1.03,0.342,0.004020793,1375.111356
2006,ems,hf069,munger,AcerBetula,NA,42.54,-72.17,exp,selective harvest,2000,prospect hill,4s15,10,1,3,0.000172,1.11,0.39,7.07E-05,27.55627115
2006,ems,hf069,munger,AcerBetula,NA,42.54,-72.17,exp,selective harvest,2000,prospect hill,4s2,10,2,10,0.001758,1.03,0.342,0.002233774,763.9507533
2006,ems,hf069,munger,AcerBetula,NA,42.54,-72.17,exp,selective harvest,2000,prospect hill,4s2,10,1,6,0.000172,1.11,0.39,0.000141314,55.11254229
2006,ems,hf069,munger,AcerBetula,NA,42.54,-72.17,exp,selective harvest,2000,prospect hill,4s3,10,2,6,0.001758,1.03,0.342,0.001340264,458.370452
2006,ems,hf069,munger,AcerBetula,NA,42.54,-72.17,exp,selective harvest,2000,prospect hill,4s3,10,1,2,0.000172,1.11,0.39,4.71E-05,18.37084743
2006,ems,hf069,munger,AcerBetula,NA,42.54,-72.17,exp,selective harvest,2000,prospect hill,4s4,10,2,14,0.001758,1.03,0.342,0.003127284,1069.531055
2006,ems,hf069,munger,AcerBetula,NA,42.54,-72.17,exp,selective harvest,2000,prospect hill,4s4,10,1,2,0.000172,1.11,0.39,4.71E-05,18.37084743
2006,ems,hf069,munger,AcerBetula,NA,42.54,-72.17,exp,selective harvest,2000,prospect hill,4s5,10,2,7,0.001758,1.03,0.342,0.001563642,534.7655273
2006,ems,hf069,munger,AcerBetula,NA,42.54,-72.17,exp,selective harvest,2000,prospect hill,4s5,10,1,2,0.000172,1.11,0.39,4.71E-05,18.37084743
2006,ems,hf069,munger,AcerBetula,NA,42.54,-72.17,exp,selective harvest,2000,prospect hill,4s6,10,2,6,0.001758,1.03,0.342,0.001340264,458.370452
2006,ems,hf069,munger,AcerBetula,NA,42.54,-72.17,exp,selective harvest,2000,prospect hill,4s6,10,1,2,0.000172,1.11,0.39,4.71E-05,18.37084743
2006,ems,hf069,munger,AcerBetula,NA,42.54,-72.17,exp,selective harvest,2000,prospect hill,4s7,10,2,3,0.001758,1.03,0.342,0.000670132,229.185226
2006,ems,hf069,munger,AcerBetula,NA,42.54,-72.17,exp,selective harvest,2000,prospect hill,4s7,10,1,2,0.000172,1.11,0.39,4.71E-05,18.37084743
2006,ems,hf069,munger,AcerBetula,NA,42.54,-72.17,exp,selective harvest,2000,prospect hill,4s8,10,2,8,0.001758,1.03,0.342,0.001787019,611.1606027
2006,ems,hf069,munger,AcerBetula,NA,42.54,-72.17,exp,selective harvest,2000,prospect hill,4s8,10,1,6,0.000172,1.11,0.39,0.000141314,55.11254229
2006,ems,hf069,munger,AcerBetula,NA,42.54,-72.17,exp,selective harvest,2000,prospect hill,4s9,10,2,7,0.001758,1.03,0.342,0.001563642,534.7655273
2009,ems,hf069,munger,Quercus,NA,42.54,-72.17,obs,NA,NA,prospect hill,1s1,10,2,1,0.001735,1.03,0.444,0.000220455,97.8820003
2009,ems,hf069,munger,Quercus,NA,42.54,-72.17,obs,NA,NA,prospect hill,1s1,10,1,3,0.000175,1.11,0.427,7.19E-05,30.69681517
2009,ems,hf069,munger,Quercus,NA,42.54,-72.17,obs,NA,NA,prospect hill,1s10,10,2,9,0.001735,1.03,0.444,0.001984095,880.9380027
2009,ems,hf069,munger,Quercus,NA,42.54,-72.17,obs,NA,NA,prospect hill,1s10,10,1,2,0.000175,1.11,0.427,4.79E-05,20.46454344
2009,ems,hf069,munger,Quercus,NA,42.54,-72.17,obs,NA,NA,prospect hill,1s11,10,2,5,0.001735,1.03,0.444,0.001102275,489.4100015
2009,ems,hf069,munger,Quercus,NA,42.54,-72.17,obs,NA,NA,prospect hill,1s12,10,1,4,0.000175,1.11,0.427,9.59E-05,40.92908689
2009,ems,hf069,munger,Quercus,NA,42.54,-72.17,obs,NA,NA,prospect hill,1s13,10,2,2,0.001735,1.03,0.444,0.00044091,195.7640006
2009,ems,hf069,munger,Quercus,NA,42.54,-72.17,obs,NA,NA,prospect hill,1s13,10,1,5,0.000175,1.11,0.427,0.000119816,51.16135861
2009,ems,hf069,munger,Quercus,NA,42.54,-72.17,obs,NA,NA,prospect hill,1s14,10,2,4,0.001735,1.03,0.444,0.00088182,391.5280012
2009,ems,hf069,munger,Quercus,NA,42.54,-72.17,obs,NA,NA,prospect hill,1s14,10,1,4,0.000175,1.11,0.427,9.59E-05,40.92908689
2009,ems,hf069,munger,Quercus,NA,42.54,-72.17,obs,NA,NA,prospect hill,1s15,10,2,3,0.001735,1.03,0.444,0.000661365,293.6460009
2009,ems,hf069,munger,Quercus,NA,42.54,-72.17,obs,NA,NA,prospect hill,1s15,10,1,6,0.000175,1.11,0.427,0.000143779,61.39363033
2009,ems,hf069,munger,Quercus,NA,42.54,-72.17,obs,NA,NA,prospect hill,1s3,10,2,7,0.001735,1.03,0.444,0.001543185,685.1740021
2009,ems,hf069,munger,Quercus,NA,42.54,-72.17,obs,NA,NA,prospect hill,1s3,10,1,5,0.000175,1.11,0.427,0.000119816,51.16135861
2009,ems,hf069,munger,Quercus,NA,42.54,-72.17,obs,NA,NA,prospect hill,1s4,10,2,2,0.001735,1.03,0.444,0.00044091,195.7640006
2009,ems,hf069,munger,Quercus,NA,42.54,-72.17,obs,NA,NA,prospect hill,1s6,10,2,1,0.001735,1.03,0.444,0.000220455,97.8820003
2009,ems,hf069,munger,Quercus,NA,42.54,-72.17,obs,NA,NA,prospect hill,1s7,10,2,1,0.001735,1.03,0.444,0.000220455,97.8820003
2009,ems,hf069,munger,Quercus,NA,42.54,-72.17,obs,NA,NA,prospect hill,1s7,10,1,4,0.000175,1.11,0.427,9.59E-05,40.92908689
2009,ems,hf069,munger,Quercus,NA,42.54,-72.17,obs,NA,NA,prospect hill,1s8,10,2,1,0.001735,1.03,0.444,0.000220455,97.8820003
2009,ems,hf069,munger,Quercus,NA,42.54,-72.17,obs,NA,NA,prospect hill,1s8,10,1,7,0.000175,1.11,0.427,0.000167742,71.62590205
2009,ems,hf069,munger,Quercus,NA,42.54,-72.17,obs,NA,NA,prospect hill,1s9,10,2,4,0.001735,1.03,0.444,0.00088182,391.5280012
2009,ems,hf069,munger,Quercus,NA,42.54,-72.17,obs,NA,NA,prospect hill,1s9,10,1,3,0.000175,1.11,0.427,7.19E-05,30.69681517
2009,ems,hf069,munger,Quercus,NA,42.54,-72.17,obs,NA,NA,prospect hill,2s1,10,2,2,0.001735,1.03,0.444,0.00044091,195.7640006
2009,ems,hf069,munger,Quercus,NA,42.54,-72.17,obs,NA,NA,prospect hill,2s1,10,1,3,0.000175,1.11,0.427,7.19E-05,30.69681517
2009,ems,hf069,munger,Quercus,NA,42.54,-72.17,obs,NA,NA,prospect hill,2s10,10,2,5,0.001735,1.03,0.444,0.001102275,489.4100015
2009,ems,hf069,munger,Quercus,NA,42.54,-72.17,obs,NA,NA,prospect hill,2s10,10,1,8,0.000175,1.11,0.427,0.000191705,81.85817378
2009,ems,hf069,munger,Quercus,NA,42.54,-72.17,obs,NA,NA,prospect hill,2s11,10,2,2,0.001735,1.03,0.444,0.00044091,195.7640006
2009,ems,hf069,munger,Quercus,NA,42.54,-72.17,obs,NA,NA,prospect hill,2s11,10,1,2,0.000175,1.11,0.427,4.79E-05,20.46454344
2009,ems,hf069,munger,Quercus,NA,42.54,-72.17,obs,NA,NA,prospect hill,2s12,10,2,4,0.001735,1.03,0.444,0.00088182,391.5280012
2009,ems,hf069,munger,Quercus,NA,42.54,-72.17,obs,NA,NA,prospect hill,2s12,10,1,5,0.000175,1.11,0.427,0.000119816,51.16135861
2009,ems,hf069,munger,Quercus,NA,42.54,-72.17,obs,NA,NA,prospect hill,2s13,10,2,4,0.001735,1.03,0.444,0.00088182,391.5280012
2009,ems,hf069,munger,Quercus,NA,42.54,-72.17,obs,NA,NA,prospect hill,2s13,10,1,5,0.000175,1.11,0.427,0.000119816,51.16135861
2009,ems,hf069,munger,Quercus,NA,42.54,-72.17,obs,NA,NA,prospect hill,2s14,10,2,7,0.001735,1.03,0.444,0.001543185,685.1740021
2009,ems,hf069,munger,Quercus,NA,42.54,-72.17,obs,NA,NA,prospect hill,2s14,10,1,3,0.000175,1.11,0.427,7.19E-05,30.69681517
2009,ems,hf069,munger,Quercus,NA,42.54,-72.17,obs,NA,NA,prospect hill,2s15,10,2,6,0.001735,1.03,0.444,0.00132273,587.2920018
2009,ems,hf069,munger,Quercus,NA,42.54,-72.17,obs,NA,NA,prospect hill,2s15,10,1,4,0.000175,1.11,0.427,9.59E-05,40.92908689
2009,ems,hf069,munger,Quercus,NA,42.54,-72.17,obs,NA,NA,prospect hill,2s2,10,2,4,0.001735,1.03,0.444,0.00088182,391.5280012
2009,ems,hf069,munger,Quercus,NA,42.54,-72.17,obs,NA,NA,prospect hill,2s2,10,1,2,0.000175,1.11,0.427,4.79E-05,20.46454344
2009,ems,hf069,munger,Quercus,NA,42.54,-72.17,obs,NA,NA,prospect hill,2s3,10,2,3,0.001735,1.03,0.444,0.000661365,293.6460009
2009,ems,hf069,munger,Quercus,NA,42.54,-72.17,obs,NA,NA,prospect hill,2s3,10,1,2,0.000175,1.11,0.427,4.79E-05,20.46454344
2009,ems,hf069,munger,Quercus,NA,42.54,-72.17,obs,NA,NA,prospect hill,2s4,10,2,2,0.001735,1.03,0.444,0.00044091,195.7640006
2009,ems,hf069,munger,Quercus,NA,42.54,-72.17,obs,NA,NA,prospect hill,2s4,10,1,2,0.000175,1.11,0.427,4.79E-05,20.46454344
2009,ems,hf069,munger,Quercus,NA,42.54,-72.17,obs,NA,NA,prospect hill,2s5,10,2,4,0.001735,1.03,0.444,0.00088182,391.5280012
2009,ems,hf069,munger,Quercus,NA,42.54,-72.17,obs,NA,NA,prospect hill,2s5,10,1,2,0.000175,1.11,0.427,4.79E-05,20.46454344
2009,ems,hf069,munger,Quercus,NA,42.54,-72.17,obs,NA,NA,prospect hill,2s6,10,2,5,0.001735,1.03,0.444,0.001102275,489.4100015
2009,ems,hf069,munger,Quercus,NA,42.54,-72.17,obs,NA,NA,prospect hill,2s6,10,1,6,0.000175,1.11,0.427,0.000143779,61.39363033
2009,ems,hf069,munger,Quercus,NA,42.54,-72.17,obs,NA,NA,prospect hill,2s7,10,2,4,0.001735,1.03,0.444,0.00088182,391.5280012
2009,ems,hf069,munger,Quercus,NA,42.54,-72.17,obs,NA,NA,prospect hill,2s7,10,1,6,0.000175,1.11,0.427,0.000143779,61.39363033
2009,ems,hf069,munger,Quercus,NA,42.54,-72.17,obs,NA,NA,prospect hill,2s8,10,2,3,0.001735,1.03,0.444,0.000661365,293.6460009
2009,ems,hf069,munger,Quercus,NA,42.54,-72.17,obs,NA,NA,prospect hill,2s8,10,1,2,0.000175,1.11,0.427,4.79E-05,20.46454344
2009,ems,hf069,munger,Quercus,NA,42.54,-72.17,obs,NA,NA,prospect hill,2s9,10,2,5,0.001735,1.03,0.444,0.001102275,489.4100015
2009,ems,hf069,munger,Quercus,NA,42.54,-72.17,obs,NA,NA,prospect hill,2s9,10,1,6,0.000175,1.11,0.427,0.000143779,61.39363033
2013,hf-here,hf125,barker.plotkin,Tsuga,1,42.47216557,-72.21646061,exp,girdled,2005,simes,1,2,1,5,0.000154,1.13,0.387,0.000536689,207.6984713
2013,hf-here,hf125,barker.plotkin,Tsuga,1,42.47216557,-72.21646061,exp,girdled,2005,simes,2,2,1,3,0.000154,1.13,0.387,0.000322013,124.6190828
2013,hf-here,hf125,barker.plotkin,Tsuga,1,42.47216557,-72.21646061,exp,girdled,2005,simes,3,2,1,11,0.000154,1.13,0.387,0.001180715,456.9366368
2013,hf-here,hf125,barker.plotkin,Tsuga,1,42.47216557,-72.21646061,exp,girdled,2005,simes,4,2,1,9,0.000154,1.13,0.387,0.000966039,373.8572483
2013,hf-here,hf125,barker.plotkin,Tsuga,1,42.47216557,-72.21646061,exp,girdled,2005,simes,5,2,1,3,0.000154,1.13,0.387,0.000322013,124.6190828
2013,hf-here,hf125,barker.plotkin,Tsuga,1,42.47216557,-72.21646061,exp,girdled,2005,simes,6,2,1,5,0.000154,1.13,0.387,0.000536689,207.6984713
2013,hf-here,hf125,barker.plotkin,Tsuga,1,42.47216557,-72.21646061,exp,girdled,2005,simes,7,2,1,6,0.000154,1.13,0.387,0.000644026,249.2381655
2013,hf-here,hf125,barker.plotkin,Tsuga,1,42.47216557,-72.21646061,exp,girdled,2005,simes,8,2,1,5,0.000154,1.13,0.387,0.000536689,207.6984713
2013,hf-here,hf125,barker.plotkin,Tsuga,2,42.47152645,-72.21707956,exp,logged,2005,simes,1,2,1,1,0.000154,1.13,0.387,0.000107338,41.53969425
2013,hf-here,hf125,barker.plotkin,Tsuga,2,42.47152645,-72.21707956,exp,logged,2005,simes,2,2,1,4,0.000154,1.13,0.387,0.000429351,166.158777
2013,hf-here,hf125,barker.plotkin,Tsuga,2,42.47152645,-72.21707956,exp,logged,2005,simes,3,2,1,1,0.000154,1.13,0.387,0.000107338,41.53969425
2013,hf-here,hf125,barker.plotkin,Tsuga,2,42.47152645,-72.21707956,exp,logged,2005,simes,4,2,1,6,0.000154,1.13,0.387,0.000644026,249.2381655
2013,hf-here,hf125,barker.plotkin,Tsuga,2,42.47152645,-72.21707956,exp,logged,2005,simes,5,2,1,2,0.000154,1.13,0.387,0.000214675,83.07938851
2013,hf-here,hf125,barker.plotkin,Tsuga,2,42.47152645,-72.21707956,exp,logged,2005,simes,6,2,1,4,0.000154,1.13,0.387,0.000429351,166.158777
2013,hf-here,hf125,barker.plotkin,Tsuga,2,42.47152645,-72.21707956,exp,logged,2005,simes,7,2,1,2,0.000154,1.13,0.387,0.000214675,83.07938851
2013,hf-here,hf125,barker.plotkin,Tsuga,2,42.47152645,-72.21707956,exp,logged,2005,simes,8,2,1,9,0.000154,1.13,0.387,0.000966039,373.8572483
2013,hf-here,hf125,barker.plotkin,Tsuga,3,42.47137391,-72.21773966,obs,hemlock control,NA,simes,1,2,1,3,0.000154,1.13,0.387,0.000322013,124.6190828
2013,hf-here,hf125,barker.plotkin,Tsuga,3,42.47137391,-72.21773966,obs,hemlock control,NA,simes,2,2,1,5,0.000154,1.13,0.387,0.000536689,207.6984713
2013,hf-here,hf125,barker.plotkin,Tsuga,3,42.47137391,-72.21773966,obs,hemlock control,NA,simes,3,2,1,4,0.000154,1.13,0.387,0.000429351,166.158777
2013,hf-here,hf125,barker.plotkin,Tsuga,3,42.47137391,-72.21773966,obs,hemlock control,NA,simes,4,2,1,4,0.000154,1.13,0.387,0.000429351,166.158777
2013,hf-here,hf125,barker.plotkin,Tsuga,3,42.47137391,-72.21773966,obs,hemlock control,NA,simes,5,2,1,6,0.000154,1.13,0.387,0.000644026,249.2381655
2013,hf-here,hf125,barker.plotkin,Tsuga,3,42.47137391,-72.21773966,obs,hemlock control,NA,simes,6,2,1,1,0.000154,1.13,0.387,0.000107338,41.53969425
2013,hf-here,hf125,barker.plotkin,Tsuga,3,42.47137391,-72.21773966,obs,hemlock control,NA,simes,7,2,1,6,0.000154,1.13,0.387,0.000644026,249.2381655
2013,hf-here,hf125,barker.plotkin,Tsuga,3,42.47137391,-72.21773966,obs,hemlock control,NA,simes,8,2,1,6,0.000154,1.13,0.387,0.000644026,249.2381655
2013,hf-here,hf125,barker.plotkin,Tsuga,4,42.4742015,-72.21330672,exp,logged,2005,simes,1,2,1,4,0.000154,1.13,0.387,0.000429351,166.158777
2013,hf-here,hf125,barker.plotkin,Tsuga,4,42.4742015,-72.21330672,exp,logged,2005,simes,2,2,1,6,0.000154,1.13,0.387,0.000644026,249.2381655
2013,hf-here,hf125,barker.plotkin,Tsuga,4,42.4742015,-72.21330672,exp,logged,2005,simes,3,2,1,7,0.000154,1.13,0.387,0.000751364,290.7778598
2013,hf-here,hf125,barker.plotkin,Tsuga,4,42.4742015,-72.21330672,exp,logged,2005,simes,4,2,1,8,0.000154,1.13,0.387,0.000858702,332.317554
2013,hf-here,hf125,barker.plotkin,Tsuga,4,42.4742015,-72.21330672,exp,logged,2005,simes,5,2,1,0,0.000154,1.13,0.387,0,0
2013,hf-here,hf125,barker.plotkin,Tsuga,4,42.4742015,-72.21330672,exp,logged,2005,simes,6,2,1,3,0.000154,1.13,0.387,0.000322013,124.6190828
2013,hf-here,hf125,barker.plotkin,Tsuga,4,42.4742015,-72.21330672,exp,logged,2005,simes,7,2,1,2,0.000154,1.13,0.387,0.000214675,83.07938851
2013,hf-here,hf125,barker.plotkin,Tsuga,4,42.4742015,-72.21330672,exp,logged,2005,simes,8,2,1,5,0.000154,1.13,0.387,0.000536689,207.6984713
2013,hf-here,hf125,barker.plotkin,Tsuga,5,42.47535568,-72.2132209,exp,girdled,2005,simes,1,2,1,10,0.000154,1.13,0.387,0.001073377,415.3969425
2013,hf-here,hf125,barker.plotkin,Tsuga,5,42.47535568,-72.2132209,exp,girdled,2005,simes,2,2,1,21,0.000154,1.13,0.387,0.002254092,872.3335793
2013,hf-here,hf125,barker.plotkin,Tsuga,5,42.47535568,-72.2132209,exp,girdled,2005,simes,3,2,1,3,0.000154,1.13,0.387,0.000322013,124.6190828
2013,hf-here,hf125,barker.plotkin,Tsuga,5,42.47535568,-72.2132209,exp,girdled,2005,simes,4,2,1,8,0.000154,1.13,0.387,0.000858702,332.317554
2013,hf-here,hf125,barker.plotkin,Tsuga,5,42.47535568,-72.2132209,exp,girdled,2005,simes,5,2,1,7,0.000154,1.13,0.387,0.000751364,290.7778598
2013,hf-here,hf125,barker.plotkin,Tsuga,5,42.47535568,-72.2132209,exp,girdled,2005,simes,6,2,1,5,0.000154,1.13,0.387,0.000536689,207.6984713
2013,hf-here,hf125,barker.plotkin,Tsuga,5,42.47535568,-72.2132209,exp,girdled,2005,simes,7,2,1,3,0.000154,1.13,0.387,0.000322013,124.6190828
2013,hf-here,hf125,barker.plotkin,Tsuga,5,42.47535568,-72.2132209,exp,girdled,2005,simes,8,2,1,10,0.000154,1.13,0.387,0.001073377,415.3969425
2013,hf-here,hf125,barker.plotkin,Tsuga,6,42.47577663,-72.2125902,obs,hemlock control,NA,simes,1,2,1,8,0.000154,1.13,0.387,0.000858702,332.317554
2013,hf-here,hf125,barker.plotkin,Tsuga,6,42.47577663,-72.2125902,obs,hemlock control,NA,simes,2,2,1,5,0.000154,1.13,0.387,0.000536689,207.6984713
2013,hf-here,hf125,barker.plotkin,Tsuga,6,42.47577663,-72.2125902,obs,hemlock control,NA,simes,3,2,1,2,0.000154,1.13,0.387,0.000214675,83.07938851
2013,hf-here,hf125,barker.plotkin,Tsuga,6,42.47577663,-72.2125902,obs,hemlock control,NA,simes,4,2,1,7,0.000154,1.13,0.387,0.000751364,290.7778598
2013,hf-here,hf125,barker.plotkin,Tsuga,6,42.47577663,-72.2125902,obs,hemlock control,NA,simes,5,2,1,3,0.000154,1.13,0.387,0.000322013,124.6190828
2013,hf-here,hf125,barker.plotkin,Tsuga,6,42.47577663,-72.2125902,obs,hemlock control,NA,simes,6,2,1,3,0.000154,1.13,0.387,0.000322013,124.6190828
2013,hf-here,hf125,barker.plotkin,Tsuga,6,42.47577663,-72.2125902,obs,hemlock control,NA,simes,7,2,1,7,0.000154,1.13,0.387,0.000751364,290.7778598
2013,hf-here,hf125,barker.plotkin,Tsuga,6,42.47577663,-72.2125902,obs,hemlock control,NA,simes,8,2,1,3,0.000154,1.13,0.387,0.000322013,124.6190828
2013,hf-here,hf125,barker.plotkin,AcerBetula,7,42.47916557,-72.21188137,obs,hardwood control,NA,simes,1,2,1,4,0.000172,1.11,0.39,0.000471047,183.7084743
2013,hf-here,hf125,barker.plotkin,AcerBetula,7,42.47916557,-72.21188137,obs,hardwood control,NA,simes,5,2,1,9,0.000172,1.11,0.39,0.001059857,413.3440672
2013,hf-here,hf125,barker.plotkin,AcerBetula,7,42.47916557,-72.21188137,obs,hardwood control,NA,simes,6,2,1,0,0.000172,1.11,0.39,0,0
2013,hf-here,hf125,barker.plotkin,AcerBetula,7,42.47916557,-72.21188137,obs,hardwood control,NA,simes,7,2,1,1,0.000172,1.11,0.39,0.000117762,45.92711858
2013,hf-here,hf125,barker.plotkin,AcerBetula,7,42.47916557,-72.21188137,obs,hardwood control,NA,simes,8,2,1,6,0.000172,1.11,0.39,0.000706571,275.5627115
2013,hf-here,hf125,barker.plotkin,AcerBetula,8,42.46583351,-72.2182264,obs,hardwood control,NA,simes,1,2,1,6,0.000172,1.11,0.39,0.000706571,275.5627115
2013,hf-here,hf125,barker.plotkin,AcerBetula,8,42.46583351,-72.2182264,obs,hardwood control,NA,simes,2,2,1,18,0.000172,1.11,0.39,0.002119713,826.6881344
2013,hf-here,hf125,barker.plotkin,AcerBetula,8,42.46583351,-72.2182264,obs,hardwood control,NA,simes,3,2,1,4,0.000172,1.11,0.39,0.000471047,183.7084743
2013,hf-here,hf125,barker.plotkin,AcerBetula,8,42.46583351,-72.2182264,obs,hardwood control,NA,simes,4,2,1,6,0.000172,1.11,0.39,0.000706571,275.5627115
2013,hf-here,hf125,barker.plotkin,AcerBetula,8,42.46583351,-72.2182264,obs,hardwood control,NA,simes,5,2,1,4,0.000172,1.11,0.39,0.000471047,183.7084743
2013,hf-here,hf125,barker.plotkin,AcerBetula,8,42.46583351,-72.2182264,obs,hardwood control,NA,simes,6,2,1,0,0.000172,1.11,0.39,0,0
2013,hf-here,hf125,barker.plotkin,AcerBetula,8,42.46583351,-72.2182264,obs,hardwood control,NA,simes,7,2,1,2,0.000172,1.11,0.39,0.000235524,91.85423715
2013,hf-here,hf125,barker.plotkin,AcerBetula,8,42.46583351,-72.2182264,obs,hardwood control,NA,simes,8,2,1,3,0.000172,1.11,0.39,0.000353286,137.7813557
2013,hf-here,hf125,barker.plotkin,Tsuga,1,42.47216557,-72.21646061,exp,girdled,2005,simes,1,2,2,3,0.00189,1.13,0.389,0.003951979,1537.319974
2013,hf-here,hf125,barker.plotkin,Tsuga,1,42.47216557,-72.21646061,exp,girdled,2005,simes,2,2,2,0,0.00189,1.13,0.389,0,0
2013,hf-here,hf125,barker.plotkin,Tsuga,1,42.47216557,-72.21646061,exp,girdled,2005,simes,3,2,2,3,0.00189,1.13,0.389,0.003951979,1537.319974
2013,hf-here,hf125,barker.plotkin,Tsuga,1,42.47216557,-72.21646061,exp,girdled,2005,simes,4,2,2,3,0.00189,1.13,0.389,0.003951979,1537.319974
2013,hf-here,hf125,barker.plotkin,Tsuga,1,42.47216557,-72.21646061,exp,girdled,2005,simes,5,2,2,1,0.00189,1.13,0.389,0.001317326,512.4399915
2013,hf-here,hf125,barker.plotkin,Tsuga,1,42.47216557,-72.21646061,exp,girdled,2005,simes,6,2,2,0,0.00189,1.13,0.389,0,0
2013,hf-here,hf125,barker.plotkin,Tsuga,1,42.47216557,-72.21646061,exp,girdled,2005,simes,7,2,2,7,0.00189,1.13,0.389,0.009221285,3587.07994
2013,hf-here,hf125,barker.plotkin,Tsuga,1,42.47216557,-72.21646061,exp,girdled,2005,simes,8,2,2,3,0.00189,1.13,0.389,0.003951979,1537.319974
2013,hf-here,hf125,barker.plotkin,Tsuga,2,42.47152645,-72.21707956,exp,logged,2005,simes,1,2,2,4,0.00189,1.13,0.389,0.005269306,2049.759966
2013,hf-here,hf125,barker.plotkin,Tsuga,2,42.47152645,-72.21707956,exp,logged,2005,simes,2,2,2,2,0.00189,1.13,0.389,0.002634653,1024.879983
2013,hf-here,hf125,barker.plotkin,Tsuga,2,42.47152645,-72.21707956,exp,logged,2005,simes,3,2,2,1,0.00189,1.13,0.389,0.001317326,512.4399915
2013,hf-here,hf125,barker.plotkin,Tsuga,2,42.47152645,-72.21707956,exp,logged,2005,simes,4,2,2,1,0.00189,1.13,0.389,0.001317326,512.4399915
2013,hf-here,hf125,barker.plotkin,Tsuga,2,42.47152645,-72.21707956,exp,logged,2005,simes,5,2,2,1,0.00189,1.13,0.389,0.001317326,512.4399915
2013,hf-here,hf125,barker.plotkin,Tsuga,2,42.47152645,-72.21707956,exp,logged,2005,simes,6,2,2,0,0.00189,1.13,0.389,0,0
2013,hf-here,hf125,barker.plotkin,Tsuga,2,42.47152645,-72.21707956,exp,logged,2005,simes,7,2,2,1,0.00189,1.13,0.389,0.001317326,512.4399915
2013,hf-here,hf125,barker.plotkin,Tsuga,2,42.47152645,-72.21707956,exp,logged,2005,simes,8,2,2,1,0.00189,1.13,0.389,0.001317326,512.4399915
2013,hf-here,hf125,barker.plotkin,Tsuga,3,42.47137391,-72.21773966,obs,hemlock control,NA,simes,1,2,2,1,0.00189,1.13,0.389,0.001317326,512.4399915
2013,hf-here,hf125,barker.plotkin,Tsuga,3,42.47137391,-72.21773966,obs,hemlock control,NA,simes,2,2,2,0,0.00189,1.13,0.389,0,0
2013,hf-here,hf125,barker.plotkin,Tsuga,3,42.47137391,-72.21773966,obs,hemlock control,NA,simes,3,2,2,0,0.00189,1.13,0.389,0,0
2013,hf-here,hf125,barker.plotkin,Tsuga,3,42.47137391,-72.21773966,obs,hemlock control,NA,simes,4,2,2,0,0.00189,1.13,0.389,0,0
2013,hf-here,hf125,barker.plotkin,Tsuga,3,42.47137391,-72.21773966,obs,hemlock control,NA,simes,5,2,2,0,0.00189,1.13,0.389,0,0
2013,hf-here,hf125,barker.plotkin,Tsuga,3,42.47137391,-72.21773966,obs,hemlock control,NA,simes,6,2,2,2,0.00189,1.13,0.389,0.002634653,1024.879983
2013,hf-here,hf125,barker.plotkin,Tsuga,3,42.47137391,-72.21773966,obs,hemlock control,NA,simes,7,2,2,2,0.00189,1.13,0.389,0.002634653,1024.879983
2013,hf-here,hf125,barker.plotkin,Tsuga,3,42.47137391,-72.21773966,obs,hemlock control,NA,simes,8,2,2,0,0.00189,1.13,0.389,0,0
2013,hf-here,hf125,barker.plotkin,Tsuga,4,42.4742015,-72.21330672,exp,logged,2005,simes,1,2,2,0,0.00189,1.13,0.389,0,0
2013,hf-here,hf125,barker.plotkin,Tsuga,4,42.4742015,-72.21330672,exp,logged,2005,simes,2,2,2,9,0.00189,1.13,0.389,0.011855938,4611.959923
2013,hf-here,hf125,barker.plotkin,Tsuga,4,42.4742015,-72.21330672,exp,logged,2005,simes,3,2,2,7,0.00189,1.13,0.389,0.009221285,3587.07994
2013,hf-here,hf125,barker.plotkin,Tsuga,4,42.4742015,-72.21330672,exp,logged,2005,simes,4,2,2,0,0.00189,1.13,0.389,0,0
2013,hf-here,hf125,barker.plotkin,Tsuga,4,42.4742015,-72.21330672,exp,logged,2005,simes,5,2,2,2,0.00189,1.13,0.389,0.002634653,1024.879983
2013,hf-here,hf125,barker.plotkin,Tsuga,4,42.4742015,-72.21330672,exp,logged,2005,simes,6,2,2,1,0.00189,1.13,0.389,0.001317326,512.4399915
2013,hf-here,hf125,barker.plotkin,Tsuga,4,42.4742015,-72.21330672,exp,logged,2005,simes,7,2,2,0,0.00189,1.13,0.389,0,0
2013,hf-here,hf125,barker.plotkin,Tsuga,4,42.4742015,-72.21330672,exp,logged,2005,simes,8,2,2,5,0.00189,1.13,0.389,0.006586632,2562.199957
2013,hf-here,hf125,barker.plotkin,Tsuga,5,42.47535568,-72.2132209,exp,girdled,2005,simes,1,2,2,2,0.00189,1.13,0.389,0.002634653,1024.879983
2013,hf-here,hf125,barker.plotkin,Tsuga,5,42.47535568,-72.2132209,exp,girdled,2005,simes,2,2,2,9,0.00189,1.13,0.389,0.011855938,4611.959923
2013,hf-here,hf125,barker.plotkin,Tsuga,5,42.47535568,-72.2132209,exp,girdled,2005,simes,3,2,2,4,0.00189,1.13,0.389,0.005269306,2049.759966
2013,hf-here,hf125,barker.plotkin,Tsuga,5,42.47535568,-72.2132209,exp,girdled,2005,simes,4,2,2,1,0.00189,1.13,0.389,0.001317326,512.4399915
2013,hf-here,hf125,barker.plotkin,Tsuga,5,42.47535568,-72.2132209,exp,girdled,2005,simes,5,2,2,5,0.00189,1.13,0.389,0.006586632,2562.199957
2013,hf-here,hf125,barker.plotkin,Tsuga,5,42.47535568,-72.2132209,exp,girdled,2005,simes,6,2,2,3,0.00189,1.13,0.389,0.003951979,1537.319974
2013,hf-here,hf125,barker.plotkin,Tsuga,5,42.47535568,-72.2132209,exp,girdled,2005,simes,7,2,2,8,0.00189,1.13,0.389,0.010538612,4099.519932
2013,hf-here,hf125,barker.plotkin,Tsuga,5,42.47535568,-72.2132209,exp,girdled,2005,simes,8,2,2,2,0.00189,1.13,0.389,0.002634653,1024.879983
2013,hf-here,hf125,barker.plotkin,Tsuga,6,42.47577663,-72.2125902,obs,hemlock control,NA,simes,1,2,2,0,0.00189,1.13,0.389,0,0
2013,hf-here,hf125,barker.plotkin,Tsuga,6,42.47577663,-72.2125902,obs,hemlock control,NA,simes,2,2,2,1,0.00189,1.13,0.389,0.001317326,512.4399915
2013,hf-here,hf125,barker.plotkin,Tsuga,6,42.47577663,-72.2125902,obs,hemlock control,NA,simes,3,2,2,1,0.00189,1.13,0.389,0.001317326,512.4399915
2013,hf-here,hf125,barker.plotkin,Tsuga,6,42.47577663,-72.2125902,obs,hemlock control,NA,simes,4,2,2,1,0.00189,1.13,0.389,0.001317326,512.4399915
2013,hf-here,hf125,barker.plotkin,Tsuga,6,42.47577663,-72.2125902,obs,hemlock control,NA,simes,5,2,2,0,0.00189,1.13,0.389,0,0
2013,hf-here,hf125,barker.plotkin,Tsuga,6,42.47577663,-72.2125902,obs,hemlock control,NA,simes,6,2,2,0,0.00189,1.13,0.389,0,0
2013,hf-here,hf125,barker.plotkin,Tsuga,6,42.47577663,-72.2125902,obs,hemlock control,NA,simes,7,2,2,1,0.00189,1.13,0.389,0.001317326,512.4399915
2013,hf-here,hf125,barker.plotkin,Tsuga,6,42.47577663,-72.2125902,obs,hemlock control,NA,simes,8,2,2,0,0.00189,1.13,0.389,0,0
2013,hf-here,hf125,barker.plotkin,AcerBetula,7,42.47916557,-72.21188137,obs,hardwood control,NA,simes,1,2,2,0,0.001758,1.03,0.342,0,0
2013,hf-here,hf125,barker.plotkin,AcerBetula,7,42.47916557,-72.21188137,obs,hardwood control,NA,simes,5,2,2,0,0.001758,1.03,0.342,0,0
2013,hf-here,hf125,barker.plotkin,AcerBetula,7,42.47916557,-72.21188137,obs,hardwood control,NA,simes,6,2,2,0,0.001758,1.03,0.342,0,0
2013,hf-here,hf125,barker.plotkin,AcerBetula,7,42.47916557,-72.21188137,obs,hardwood control,NA,simes,7,2,2,0,0.001758,1.03,0.342,0,0
2013,hf-here,hf125,barker.plotkin,AcerBetula,7,42.47916557,-72.21188137,obs,hardwood control,NA,simes,8,2,2,0,0.001758,1.03,0.342,0,0
2013,hf-here,hf125,barker.plotkin,AcerBetula,8,42.46583351,-72.2182264,obs,hardwood control,NA,simes,1,2,2,1,0.001758,1.03,0.342,0.001116887,381.9753767
2013,hf-here,hf125,barker.plotkin,AcerBetula,8,42.46583351,-72.2182264,obs,hardwood control,NA,simes,2,2,2,2,0.001758,1.03,0.342,0.002233774,763.9507533
2013,hf-here,hf125,barker.plotkin,AcerBetula,8,42.46583351,-72.2182264,obs,hardwood control,NA,simes,3,2,2,0,0.001758,1.03,0.342,0,0
2013,hf-here,hf125,barker.plotkin,AcerBetula,8,42.46583351,-72.2182264,obs,hardwood control,NA,simes,4,2,2,0,0.001758,1.03,0.342,0,0
2013,hf-here,hf125,barker.plotkin,AcerBetula,8,42.46583351,-72.2182264,obs,hardwood control,NA,simes,5,2,2,0,0.001758,1.03,0.342,0,0
2013,hf-here,hf125,barker.plotkin,AcerBetula,8,42.46583351,-72.2182264,obs,hardwood control,NA,simes,6,2,2,0,0.001758,1.03,0.342,0,0
2013,hf-here,hf125,barker.plotkin,AcerBetula,8,42.46583351,-72.2182264,obs,hardwood control,NA,simes,7,2,2,0,0.001758,1.03,0.342,0,0
2013,hf-here,hf125,barker.plotkin,AcerBetula,8,42.46583351,-72.2182264,obs,hardwood control,NA,simes,8,2,2,0,0.001758,1.03,0.342,0,0
NA,NA,hf257,finzi,Tsuga,OG1,NA,NA,obs,NA,NA,prospect hill,NA,NA,1-10cm,NA,NA,NA,NA,NA,371.9325074
NA,NA,hf257,finzi,Tsuga,OG2,NA,NA,obs,NA,NA,prospect hill,NA,NA,1-10cm,NA,NA,NA,NA,NA,193.8286644
NA,NA,hf257,finzi,Tsuga,OG3,NA,NA,obs,NA,NA,prospect hill,NA,NA,1-10cm,NA,NA,NA,NA,NA,308.6715002
NA,NA,hf257,finzi,Tsuga,OG4,NA,NA,obs,NA,NA,prospect hill,NA,NA,1-10cm,NA,NA,NA,NA,NA,291.4775572
NA,NA,hf257,finzi,Tsuga,2G1,NA,NA,obs,NA,NA,simes,NA,NA,1-10cm,NA,NA,NA,NA,NA,261.7363164
NA,NA,hf257,finzi,Tsuga,2G2,NA,NA,obs,NA,NA,simes,NA,NA,1-10cm,NA,NA,NA,NA,NA,244.987769
NA,NA,hf257,finzi,Tsuga,2G3,NA,NA,obs,NA,NA,simes,NA,NA,1-10cm,NA,NA,NA,NA,NA,137.5242795
NA,NA,hf257,finzi,Tsuga,2G4,NA,NA,obs,NA,NA,simes,NA,NA,1-10cm,NA,NA,NA,NA,NA,214.749455
NA,NA,hf257,finzi,Tsuga,Gdl1,NA,NA,exp,girdled,2005,simes,NA,NA,1-10cm,NA,NA,NA,NA,NA,242.5900082
NA,NA,hf257,finzi,Tsuga,Gdl2,NA,NA,exp,girdled,2005,simes,NA,NA,1-10cm,NA,NA,NA,NA,NA,324.8991568
NA,NA,hf257,finzi,Tsuga,Gdl3,NA,NA,exp,girdled,2005,simes,NA,NA,1-10cm,NA,NA,NA,NA,NA,232.0524044
NA,NA,hf257,finzi,Tsuga,Gdl4,NA,NA,exp,girdled,2005,simes,NA,NA,1-10cm,NA,NA,NA,NA,NA,170.8184637
NA,NA,hf257,finzi,AcerBetula,CT1,NA,NA,obs,NA,NA,Connecticut,NA,NA,1-10cm,NA,NA,NA,NA,NA,847.7018702
NA,NA,hf257,finzi,AcerBetula,CT2,NA,NA,obs,NA,NA,Connecticut,NA,NA,1-10cm,NA,NA,NA,NA,NA,963.7433108
NA,NA,hf257,finzi,AcerBetula,CT3,NA,NA,obs,NA,NA,Connecticut,NA,NA,1-10cm,NA,NA,NA,NA,NA,847.7018702
NA,NA,hf257,finzi,AcerBetula,CT4,NA,NA,obs,NA,NA,Connecticut,NA,NA,1-10cm,NA,NA,NA,NA,NA,731.6604294
NA,NA,hf257,finzi,AcerBetula,HT1,NA,NA,obs,NA,NA,HarvardMA,NA,NA,1-10cm,NA,NA,NA,NA,NA,289.7256964
NA,NA,hf257,finzi,AcerBetula,HT2,NA,NA,obs,NA,NA,HarvardMA,NA,NA,1-10cm,NA,NA,NA,NA,NA,180.2533402
NA,NA,hf257,finzi,AcerBetula,HT3,NA,NA,obs,NA,NA,HarvardMA,NA,NA,1-10cm,NA,NA,NA,NA,NA,220.536857
NA,NA,hf257,finzi,AcerBetula,HT4,NA,NA,obs,NA,NA,HarvardMA,NA,NA,1-10cm,NA,NA,NA,NA,NA,331.7042246
1993,sim-hurricane,hf207,barker-plotkin,Quercus,Control,42.4930252,-72.19566392,obs,NA,NA,TS,1,10,1,24,0.000175,1.11,0.427,0.000575116,245.5745213
1993,sim-hurricane,hf207,barker-plotkin,Quercus,Control,42.4930252,-72.19566392,obs,NA,NA,TS,1,10,2,6,0.001735,1.03,0.444,0.00132273,587.2920018
1993,sim-hurricane,hf207,barker-plotkin,Quercus,Control,42.4930252,-72.19566392,obs,NA,NA,TS,2,10,1,38,0.000175,1.11,0.427,0.0009106,388.8263254
1993,sim-hurricane,hf207,barker-plotkin,Quercus,Control,42.4930252,-72.19566392,obs,NA,NA,TS,2,10,2,9,0.001735,1.03,0.444,0.001984095,880.9380027
1993,sim-hurricane,hf207,barker-plotkin,Quercus,Control,42.4930252,-72.19566392,obs,NA,NA,TS,3,10,1,25,0.000175,1.11,0.427,0.000599079,255.806793
1993,sim-hurricane,hf207,barker-plotkin,Quercus,Control,42.4930252,-72.19566392,obs,NA,NA,TS,3,10,2,6,0.001735,1.03,0.444,0.00132273,587.2920018
1993,sim-hurricane,hf207,barker-plotkin,Quercus,Control,42.4930252,-72.19566392,obs,NA,NA,TS,4,10,1,24,0.000175,1.11,0.427,0.000575116,245.5745213
1993,sim-hurricane,hf207,barker-plotkin,Quercus,Control,42.4930252,-72.19566392,obs,NA,NA,TS,4,10,2,4,0.001735,1.03,0.444,0.00088182,391.5280012
1993,sim-hurricane,hf207,barker-plotkin,Quercus,Control,42.4930252,-72.19566392,obs,NA,NA,TS,5,10,1,48,0.000175,1.11,0.427,0.001150232,491.1490427
1993,sim-hurricane,hf207,barker-plotkin,Quercus,Control,42.4930252,-72.19566392,obs,NA,NA,TS,5,10,2,12,0.001735,1.03,0.444,0.002645459,1174.584004
1993,sim-hurricane,hf207,barker-plotkin,Quercus,Control,42.4930252,-72.19566392,obs,NA,NA,TS,6,10,1,44,0.000175,1.11,0.427,0.001054379,450.2199558
1993,sim-hurricane,hf207,barker-plotkin,Quercus,Control,42.4930252,-72.19566392,obs,NA,NA,TS,6,10,2,2,0.001735,1.03,0.444,0.00044091,195.7640006
1993,sim-hurricane,hf207,barker-plotkin,Quercus,Control,42.4930252,-72.19566392,obs,NA,NA,TS,7,10,1,20,0.000175,1.11,0.427,0.000479263,204.6454344
1993,sim-hurricane,hf207,barker-plotkin,Quercus,Control,42.4930252,-72.19566392,obs,NA,NA,TS,7,10,2,4,0.001735,1.03,0.444,0.00088182,391.5280012
1993,sim-hurricane,hf207,barker-plotkin,Quercus,Control,42.4930252,-72.19566392,obs,NA,NA,TS,8,10,1,34,0.000175,1.11,0.427,0.000814748,347.8972385
1993,sim-hurricane,hf207,barker-plotkin,Quercus,Control,42.4930252,-72.19566392,obs,NA,NA,TS,8,10,2,5,0.001735,1.03,0.444,0.001102275,489.4100015
1993,sim-hurricane,hf207,barker-plotkin,Quercus,Control,42.4930252,-72.19566392,obs,NA,NA,TS,9,10,1,12,0.000175,1.11,0.427,0.000287558,122.7872607
1993,sim-hurricane,hf207,barker-plotkin,Quercus,Control,42.4930252,-72.19566392,obs,NA,NA,TS,9,10,2,25,0.001735,1.03,0.444,0.005511374,2447.050007
1993,sim-hurricane,hf207,barker-plotkin,Quercus,Control,42.4930252,-72.19566392,obs,NA,NA,TS,10,10,1,27,0.000175,1.11,0.427,0.000647005,276.2713365
1993,sim-hurricane,hf207,barker-plotkin,Quercus,Control,42.4930252,-72.19566392,obs,NA,NA,TS,10,10,2,3,0.001735,1.03,0.444,0.000661365,293.6460009
1993,sim-hurricane,hf207,barker-plotkin,Quercus,Control,42.4930252,-72.19566392,obs,NA,NA,TS,11,10,1,35,0.000175,1.11,0.427,0.000838711,358.1295103
1993,sim-hurricane,hf207,barker-plotkin,Quercus,Control,42.4930252,-72.19566392,obs,NA,NA,TS,11,10,2,4,0.001735,1.03,0.444,0.00088182,391.5280012
1993,sim-hurricane,hf207,barker-plotkin,Quercus,Control,42.4930252,-72.19566392,obs,NA,NA,TS,12,10,1,24,0.000175,1.11,0.427,0.000575116,245.5745213
1993,sim-hurricane,hf207,barker-plotkin,Quercus,Control,42.4930252,-72.19566392,obs,NA,NA,TS,12,10,2,4,0.001735,1.03,0.444,0.00088182,391.5280012
1993,sim-hurricane,hf207,barker-plotkin,Quercus,Control,42.4930252,-72.19566392,obs,NA,NA,TS,13,10,1,13,0.000175,1.11,0.427,0.000311521,133.0195324
1993,sim-hurricane,hf207,barker-plotkin,Quercus,Control,42.4930252,-72.19566392,obs,NA,NA,TS,13,10,2,4,0.001735,1.03,0.444,0.00088182,391.5280012
1993,sim-hurricane,hf207,barker-plotkin,Quercus,Control,42.4930252,-72.19566392,obs,NA,NA,TS,14,10,1,28,0.000175,1.11,0.427,0.000670969,286.5036082
1993,sim-hurricane,hf207,barker-plotkin,Quercus,Control,42.4930252,-72.19566392,obs,NA,NA,TS,14,10,2,7,0.001735,1.03,0.444,0.001543185,685.1740021
1993,sim-hurricane,hf207,barker-plotkin,Quercus,Control,42.4930252,-72.19566392,obs,NA,NA,TS,15,10,1,19,0.000175,1.11,0.427,0.0004553,194.4131627
1993,sim-hurricane,hf207,barker-plotkin,Quercus,Control,42.4930252,-72.19566392,obs,NA,NA,TS,15,10,2,3,0.001735,1.03,0.444,0.000661365,293.6460009
1993,sim-hurricane,hf207,barker-plotkin,Quercus,Control,42.4930252,-72.19566392,obs,NA,NA,TS,16,10,1,17,0.000175,1.11,0.427,0.000407374,173.9486193
1993,sim-hurricane,hf207,barker-plotkin,Quercus,Control,42.4930252,-72.19566392,obs,NA,NA,TS,16,10,2,4,0.001735,1.03,0.444,0.00088182,391.5280012
1993,sim-hurricane,hf207,barker-plotkin,Quercus,Pulldown,42.49369577,-72.19605148,exp,pulldown,1990,TS,1,10,1,29,0.000175,1.11,0.427,0.000694932,296.7358799
1993,sim-hurricane,hf207,barker-plotkin,Quercus,Pulldown,42.49369577,-72.19605148,exp,pulldown,1990,TS,1,10,2,19,0.001735,1.03,0.444,0.004188644,1859.758006
1993,sim-hurricane,hf207,barker-plotkin,Quercus,Pulldown,42.49369577,-72.19605148,exp,pulldown,1990,TS,2,10,1,91,0.000175,1.11,0.427,0.002180648,931.1367267
1993,sim-hurricane,hf207,barker-plotkin,Quercus,Pulldown,42.49369577,-72.19605148,exp,pulldown,1990,TS,2,10,2,19,0.001735,1.03,0.444,0.004188644,1859.758006
1993,sim-hurricane,hf207,barker-plotkin,Quercus,Pulldown,42.49369577,-72.19605148,exp,pulldown,1990,TS,3,10,1,56,0.000175,1.11,0.427,0.001341937,573.0072164
1993,sim-hurricane,hf207,barker-plotkin,Quercus,Pulldown,42.49369577,-72.19605148,exp,pulldown,1990,TS,3,10,2,11,0.001735,1.03,0.444,0.002425005,1076.702003
1993,sim-hurricane,hf207,barker-plotkin,Quercus,Pulldown,42.49369577,-72.19605148,exp,pulldown,1990,TS,4,10,1,90,0.000175,1.11,0.427,0.002156685,920.904455
1993,sim-hurricane,hf207,barker-plotkin,Quercus,Pulldown,42.49369577,-72.19605148,exp,pulldown,1990,TS,4,10,2,18,0.001735,1.03,0.444,0.003968189,1761.876005
1993,sim-hurricane,hf207,barker-plotkin,Quercus,Pulldown,42.49369577,-72.19605148,exp,pulldown,1990,TS,5,10,1,44,0.000175,1.11,0.427,0.001054379,450.2199558
1993,sim-hurricane,hf207,barker-plotkin,Quercus,Pulldown,42.49369577,-72.19605148,exp,pulldown,1990,TS,5,10,2,16,0.001735,1.03,0.444,0.003527279,1566.112005
1993,sim-hurricane,hf207,barker-plotkin,Quercus,Pulldown,42.49369577,-72.19605148,exp,pulldown,1990,TS,6,10,1,143,0.000175,1.11,0.427,0.003426733,1463.214856
1993,sim-hurricane,hf207,barker-plotkin,Quercus,Pulldown,42.49369577,-72.19605148,exp,pulldown,1990,TS,6,10,2,15,0.001735,1.03,0.444,0.003306824,1468.230004
1993,sim-hurricane,hf207,barker-plotkin,Quercus,Pulldown,42.49369577,-72.19605148,exp,pulldown,1990,TS,7,10,1,19,0.000175,1.11,0.427,0.0004553,194.4131627
1993,sim-hurricane,hf207,barker-plotkin,Quercus,Pulldown,42.49369577,-72.19605148,exp,pulldown,1990,TS,7,10,2,5,0.001735,1.03,0.444,0.001102275,489.4100015
1993,sim-hurricane,hf207,barker-plotkin,Quercus,Pulldown,42.49369577,-72.19605148,exp,pulldown,1990,TS,8,10,1,25,0.000175,1.11,0.427,0.000599079,255.806793
1993,sim-hurricane,hf207,barker-plotkin,Quercus,Pulldown,42.49369577,-72.19605148,exp,pulldown,1990,TS,8,10,2,4,0.001735,1.03,0.444,0.00088182,391.5280012
1993,sim-hurricane,hf207,barker-plotkin,Quercus,Pulldown,42.49369577,-72.19605148,exp,pulldown,1990,TS,9,10,1,38,0.000175,1.11,0.427,0.0009106,388.8263254
1993,sim-hurricane,hf207,barker-plotkin,Quercus,Pulldown,42.49369577,-72.19605148,exp,pulldown,1990,TS,9,10,2,7,0.001735,1.03,0.444,0.001543185,685.1740021
1993,sim-hurricane,hf207,barker-plotkin,Quercus,Pulldown,42.49369577,-72.19605148,exp,pulldown,1990,TS,10,10,1,45,0.000175,1.11,0.427,0.001078342,460.4522275
1993,sim-hurricane,hf207,barker-plotkin,Quercus,Pulldown,42.49369577,-72.19605148,exp,pulldown,1990,TS,10,10,2,7,0.001735,1.03,0.444,0.001543185,685.1740021
1993,sim-hurricane,hf207,barker-plotkin,Quercus,Pulldown,42.49369577,-72.19605148,exp,pulldown,1990,TS,11,10,1,18,0.000175,1.11,0.427,0.000431337,184.180891
1993,sim-hurricane,hf207,barker-plotkin,Quercus,Pulldown,42.49369577,-72.19605148,exp,pulldown,1990,TS,11,10,2,6,0.001735,1.03,0.444,0.00132273,587.2920018
1993,sim-hurricane,hf207,barker-plotkin,Quercus,Pulldown,42.49369577,-72.19605148,exp,pulldown,1990,TS,12,10,1,54,0.000175,1.11,0.427,0.001294011,552.542673
1993,sim-hurricane,hf207,barker-plotkin,Quercus,Pulldown,42.49369577,-72.19605148,exp,pulldown,1990,TS,12,10,2,12,0.001735,1.03,0.444,0.002645459,1174.584004
1998,sim-hurricane,hf207,barker-plotkin,Quercus,Control,42.4930252,-72.19566392,obs,NA,NA,TS,1,10,1,9,0.000175,1.11,0.427,0.000215668,92.0904455
1998,sim-hurricane,hf207,barker-plotkin,Quercus,Control,42.4930252,-72.19566392,obs,NA,NA,TS,1,10,2,4,0.001735,1.03,0.444,0.00088182,391.5280012
1998,sim-hurricane,hf207,barker-plotkin,Quercus,Control,42.4930252,-72.19566392,obs,NA,NA,TS,2,10,1,17,0.000175,1.11,0.427,0.000407374,173.9486193
1998,sim-hurricane,hf207,barker-plotkin,Quercus,Control,42.4930252,-72.19566392,obs,NA,NA,TS,2,10,2,7,0.001735,1.03,0.444,0.001543185,685.1740021
1998,sim-hurricane,hf207,barker-plotkin,Quercus,Control,42.4930252,-72.19566392,obs,NA,NA,TS,3,10,1,14,0.000175,1.11,0.427,0.000335484,143.2518041
1998,sim-hurricane,hf207,barker-plotkin,Quercus,Control,42.4930252,-72.19566392,obs,NA,NA,TS,3,10,2,9,0.001735,1.03,0.444,0.001984095,880.9380027
1998,sim-hurricane,hf207,barker-plotkin,Quercus,Control,42.4930252,-72.19566392,obs,NA,NA,TS,4,10,1,13,0.000175,1.11,0.427,0.000311521,133.0195324
1998,sim-hurricane,hf207,barker-plotkin,Quercus,Control,42.4930252,-72.19566392,obs,NA,NA,TS,4,10,2,2,0.001735,1.03,0.444,0.00044091,195.7640006
1998,sim-hurricane,hf207,barker-plotkin,Quercus,Control,42.4930252,-72.19566392,obs,NA,NA,TS,5,10,1,10,0.000175,1.11,0.427,0.000239632,102.3227172
1998,sim-hurricane,hf207,barker-plotkin,Quercus,Control,42.4930252,-72.19566392,obs,NA,NA,TS,5,10,2,0,0.001735,1.03,0.444,0,0
1998,sim-hurricane,hf207,barker-plotkin,Quercus,Control,42.4930252,-72.19566392,obs,NA,NA,TS,6,10,1,19,0.000175,1.11,0.427,0.0004553,194.4131627
1998,sim-hurricane,hf207,barker-plotkin,Quercus,Control,42.4930252,-72.19566392,obs,NA,NA,TS,6,10,2,6,0.001735,1.03,0.444,0.00132273,587.2920018
1998,sim-hurricane,hf207,barker-plotkin,Quercus,Control,42.4930252,-72.19566392,obs,NA,NA,TS,7,10,1,13,0.000175,1.11,0.427,0.000311521,133.0195324
1998,sim-hurricane,hf207,barker-plotkin,Quercus,Control,42.4930252,-72.19566392,obs,NA,NA,TS,7,10,2,5,0.001735,1.03,0.444,0.001102275,489.4100015
1998,sim-hurricane,hf207,barker-plotkin,Quercus,Control,42.4930252,-72.19566392,obs,NA,NA,TS,8,10,1,28,0.000175,1.11,0.427,0.000670969,286.5036082
1998,sim-hurricane,hf207,barker-plotkin,Quercus,Control,42.4930252,-72.19566392,obs,NA,NA,TS,8,10,2,10,0.001735,1.03,0.444,0.00220455,978.820003
1998,sim-hurricane,hf207,barker-plotkin,Quercus,Control,42.4930252,-72.19566392,obs,NA,NA,TS,9,10,1,8,0.000175,1.11,0.427,0.000191705,81.85817378
1998,sim-hurricane,hf207,barker-plotkin,Quercus,Control,42.4930252,-72.19566392,obs,NA,NA,TS,9,10,2,5,0.001735,1.03,0.444,0.001102275,489.4100015
1998,sim-hurricane,hf207,barker-plotkin,Quercus,Control,42.4930252,-72.19566392,obs,NA,NA,TS,10,10,1,23,0.000175,1.11,0.427,0.000551153,235.3422496
1998,sim-hurricane,hf207,barker-plotkin,Quercus,Control,42.4930252,-72.19566392,obs,NA,NA,TS,10,10,2,2,0.001735,1.03,0.444,0.00044091,195.7640006
1998,sim-hurricane,hf207,barker-plotkin,Quercus,Control,42.4930252,-72.19566392,obs,NA,NA,TS,11,10,1,12,0.000175,1.11,0.427,0.000287558,122.7872607
1998,sim-hurricane,hf207,barker-plotkin,Quercus,Control,42.4930252,-72.19566392,obs,NA,NA,TS,11,10,2,0,0.001735,1.03,0.444,0,0
1998,sim-hurricane,hf207,barker-plotkin,Quercus,Control,42.4930252,-72.19566392,obs,NA,NA,TS,12,10,1,8,0.000175,1.11,0.427,0.000191705,81.85817378
1998,sim-hurricane,hf207,barker-plotkin,Quercus,Control,42.4930252,-72.19566392,obs,NA,NA,TS,12,10,2,7,0.001735,1.03,0.444,0.001543185,685.1740021
1998,sim-hurricane,hf207,barker-plotkin,Quercus,Control,42.4930252,-72.19566392,obs,NA,NA,TS,13,10,1,16,0.000175,1.11,0.427,0.000383411,163.7163476
1998,sim-hurricane,hf207,barker-plotkin,Quercus,Control,42.4930252,-72.19566392,obs,NA,NA,TS,13,10,2,4,0.001735,1.03,0.444,0.00088182,391.5280012
1998,sim-hurricane,hf207,barker-plotkin,Quercus,Control,42.4930252,-72.19566392,obs,NA,NA,TS,14,10,1,7,0.000175,1.11,0.427,0.000167742,71.62590205
1998,sim-hurricane,hf207,barker-plotkin,Quercus,Control,42.4930252,-72.19566392,obs,NA,NA,TS,14,10,2,6,0.001735,1.03,0.444,0.00132273,587.2920018
1998,sim-hurricane,hf207,barker-plotkin,Quercus,Control,42.4930252,-72.19566392,obs,NA,NA,TS,15,10,1,11,0.000175,1.11,0.427,0.000263595,112.5549889
1998,sim-hurricane,hf207,barker-plotkin,Quercus,Control,42.4930252,-72.19566392,obs,NA,NA,TS,15,10,2,8,0.001735,1.03,0.444,0.00176364,783.0560024
1998,sim-hurricane,hf207,barker-plotkin,Quercus,Control,42.4930252,-72.19566392,obs,NA,NA,TS,16,10,1,24,0.000175,1.11,0.427,0.000575116,245.5745213
1998,sim-hurricane,hf207,barker-plotkin,Quercus,Control,42.4930252,-72.19566392,obs,NA,NA,TS,16,10,2,5,0.001735,1.03,0.444,0.001102275,489.4100015
1998,sim-hurricane,hf207,barker-plotkin,Quercus,Pulldown,42.49369577,-72.19605148,exp,pulldown,1990,TS,1,10,1,33,0.000175,1.11,0.427,0.000790784,337.6649668
1998,sim-hurricane,hf207,barker-plotkin,Quercus,Pulldown,42.49369577,-72.19605148,exp,pulldown,1990,TS,1,10,2,10,0.001735,1.03,0.444,0.00220455,978.820003
1998,sim-hurricane,hf207,barker-plotkin,Quercus,Pulldown,42.49369577,-72.19605148,exp,pulldown,1990,TS,2,10,1,19,0.000175,1.11,0.427,0.0004553,194.4131627
1998,sim-hurricane,hf207,barker-plotkin,Quercus,Pulldown,42.49369577,-72.19605148,exp,pulldown,1990,TS,2,10,2,6,0.001735,1.03,0.444,0.00132273,587.2920018
1998,sim-hurricane,hf207,barker-plotkin,Quercus,Pulldown,42.49369577,-72.19605148,exp,pulldown,1990,TS,3,10,1,15,0.000175,1.11,0.427,0.000359447,153.4840758
1998,sim-hurricane,hf207,barker-plotkin,Quercus,Pulldown,42.49369577,-72.19605148,exp,pulldown,1990,TS,3,10,2,15,0.001735,1.03,0.444,0.003306824,1468.230004
1998,sim-hurricane,hf207,barker-plotkin,Quercus,Pulldown,42.49369577,-72.19605148,exp,pulldown,1990,TS,4,10,1,15,0.000175,1.11,0.427,0.000359447,153.4840758
1998,sim-hurricane,hf207,barker-plotkin,Quercus,Pulldown,42.49369577,-72.19605148,exp,pulldown,1990,TS,4,10,2,9,0.001735,1.03,0.444,0.001984095,880.9380027
1998,sim-hurricane,hf207,barker-plotkin,Quercus,Pulldown,42.49369577,-72.19605148,exp,pulldown,1990,TS,5,10,1,12,0.000175,1.11,0.427,0.000287558,122.7872607
1998,sim-hurricane,hf207,barker-plotkin,Quercus,Pulldown,42.49369577,-72.19605148,exp,pulldown,1990,TS,5,10,2,4,0.001735,1.03,0.444,0.00088182,391.5280012
1998,sim-hurricane,hf207,barker-plotkin,Quercus,Pulldown,42.49369577,-72.19605148,exp,pulldown,1990,TS,6,10,1,4,0.000175,1.11,0.427,9.59E-05,40.92908689
1998,sim-hurricane,hf207,barker-plotkin,Quercus,Pulldown,42.49369577,-72.19605148,exp,pulldown,1990,TS,6,10,2,5,0.001735,1.03,0.444,0.001102275,489.4100015
1998,sim-hurricane,hf207,barker-plotkin,Quercus,Pulldown,42.49369577,-72.19605148,exp,pulldown,1990,TS,7,10,1,12,0.000175,1.11,0.427,0.000287558,122.7872607
1998,sim-hurricane,hf207,barker-plotkin,Quercus,Pulldown,42.49369577,-72.19605148,exp,pulldown,1990,TS,7,10,2,11,0.001735,1.03,0.444,0.002425005,1076.702003
1998,sim-hurricane,hf207,barker-plotkin,Quercus,Pulldown,42.49369577,-72.19605148,exp,pulldown,1990,TS,8,10,1,16,0.000175,1.11,0.427,0.000383411,163.7163476
1998,sim-hurricane,hf207,barker-plotkin,Quercus,Pulldown,42.49369577,-72.19605148,exp,pulldown,1990,TS,8,10,2,16,0.001735,1.03,0.444,0.003527279,1566.112005
1998,sim-hurricane,hf207,barker-plotkin,Quercus,Pulldown,42.49369577,-72.19605148,exp,pulldown,1990,TS,9,10,1,8,0.000175,1.11,0.427,0.000191705,81.85817378
1998,sim-hurricane,hf207,barker-plotkin,Quercus,Pulldown,42.49369577,-72.19605148,exp,pulldown,1990,TS,9,10,2,4,0.001735,1.03,0.444,0.00088182,391.5280012
1998,sim-hurricane,hf207,barker-plotkin,Quercus,Pulldown,42.49369577,-72.19605148,exp,pulldown,1990,TS,10,10,1,18,0.000175,1.11,0.427,0.000431337,184.180891
1998,sim-hurricane,hf207,barker-plotkin,Quercus,Pulldown,42.49369577,-72.19605148,exp,pulldown,1990,TS,10,10,2,4,0.001735,1.03,0.444,0.00088182,391.5280012
1998,sim-hurricane,hf207,barker-plotkin,Quercus,Pulldown,42.49369577,-72.19605148,exp,pulldown,1990,TS,11,10,1,9,0.000175,1.11,0.427,0.000215668,92.0904455
1998,sim-hurricane,hf207,barker-plotkin,Quercus,Pulldown,42.49369577,-72.19605148,exp,pulldown,1990,TS,11,10,2,8,0.001735,1.03,0.444,0.00176364,783.0560024
1998,sim-hurricane,hf207,barker-plotkin,Quercus,Pulldown,42.49369577,-72.19605148,exp,pulldown,1990,TS,12,10,1,32,0.000175,1.11,0.427,0.000766821,327.4326951
1998,sim-hurricane,hf207,barker-plotkin,Quercus,Pulldown,42.49369577,-72.19605148,exp,pulldown,1990,TS,12,10,2,7,0.001735,1.03,0.444,0.001543185,685.1740021
2010,sim-hurricane,hf207,barker-plotkin,Quercus,Control,42.4930252,-72.19566392,obs,NA,NA,TS,1,10,1,12,0.000175,1.11,0.427,0.000287558,122.7872607
2010,sim-hurricane,hf207,barker-plotkin,Quercus,Control,42.4930252,-72.19566392,obs,NA,NA,TS,1,10,2,3,0.001735,1.03,0.444,0.000661365,293.6460009
2010,sim-hurricane,hf207,barker-plotkin,Quercus,Control,42.4930252,-72.19566392,obs,NA,NA,TS,2,10,1,10,0.000175,1.11,0.427,0.000239632,102.3227172
2010,sim-hurricane,hf207,barker-plotkin,Quercus,Control,42.4930252,-72.19566392,obs,NA,NA,TS,2,10,2,12,0.001735,1.03,0.444,0.002645459,1174.584004
2010,sim-hurricane,hf207,barker-plotkin,Quercus,Control,42.4930252,-72.19566392,obs,NA,NA,TS,3,10,1,9,0.000175,1.11,0.427,0.000215668,92.0904455
2010,sim-hurricane,hf207,barker-plotkin,Quercus,Control,42.4930252,-72.19566392,obs,NA,NA,TS,3,10,2,4,0.001735,1.03,0.444,0.00088182,391.5280012
2010,sim-hurricane,hf207,barker-plotkin,Quercus,Control,42.4930252,-72.19566392,obs,NA,NA,TS,4,10,1,15,0.000175,1.11,0.427,0.000359447,153.4840758
2010,sim-hurricane,hf207,barker-plotkin,Quercus,Control,42.4930252,-72.19566392,obs,NA,NA,TS,4,10,2,7,0.001735,1.03,0.444,0.001543185,685.1740021
2010,sim-hurricane,hf207,barker-plotkin,Quercus,Control,42.4930252,-72.19566392,obs,NA,NA,TS,5,10,1,5,0.000175,1.11,0.427,0.000119816,51.16135861
2010,sim-hurricane,hf207,barker-plotkin,Quercus,Control,42.4930252,-72.19566392,obs,NA,NA,TS,5,10,2,6,0.001735,1.03,0.444,0.00132273,587.2920018
2010,sim-hurricane,hf207,barker-plotkin,Quercus,Control,42.4930252,-72.19566392,obs,NA,NA,TS,6,10,1,10,0.000175,1.11,0.427,0.000239632,102.3227172
2010,sim-hurricane,hf207,barker-plotkin,Quercus,Control,42.4930252,-72.19566392,obs,NA,NA,TS,6,10,2,6,0.001735,1.03,0.444,0.00132273,587.2920018
2010,sim-hurricane,hf207,barker-plotkin,Quercus,Control,42.4930252,-72.19566392,obs,NA,NA,TS,7,10,1,7,0.000175,1.11,0.427,0.000167742,71.62590205
2010,sim-hurricane,hf207,barker-plotkin,Quercus,Control,42.4930252,-72.19566392,obs,NA,NA,TS,7,10,2,6,0.001735,1.03,0.444,0.00132273,587.2920018
2010,sim-hurricane,hf207,barker-plotkin,Quercus,Control,42.4930252,-72.19566392,obs,NA,NA,TS,8,10,1,2,0.000175,1.11,0.427,4.79E-05,20.46454344
2010,sim-hurricane,hf207,barker-plotkin,Quercus,Control,42.4930252,-72.19566392,obs,NA,NA,TS,8,10,2,0,0.001735,1.03,0.444,0,0
2010,sim-hurricane,hf207,barker-plotkin,Quercus,Control,42.4930252,-72.19566392,obs,NA,NA,TS,9,10,1,12,0.000175,1.11,0.427,0.000287558,122.7872607
2010,sim-hurricane,hf207,barker-plotkin,Quercus,Control,42.4930252,-72.19566392,obs,NA,NA,TS,9,10,2,5,0.001735,1.03,0.444,0.001102275,489.4100015
2010,sim-hurricane,hf207,barker-plotkin,Quercus,Control,42.4930252,-72.19566392,obs,NA,NA,TS,10,10,1,14,0.000175,1.11,0.427,0.000335484,143.2518041
2010,sim-hurricane,hf207,barker-plotkin,Quercus,Control,42.4930252,-72.19566392,obs,NA,NA,TS,10,10,2,3,0.001735,1.03,0.444,0.000661365,293.6460009
2010,sim-hurricane,hf207,barker-plotkin,Quercus,Control,42.4930252,-72.19566392,obs,NA,NA,TS,11,10,1,6,0.000175,1.11,0.427,0.000143779,61.39363033
2010,sim-hurricane,hf207,barker-plotkin,Quercus,Control,42.4930252,-72.19566392,obs,NA,NA,TS,11,10,2,2,0.001735,1.03,0.444,0.00044091,195.7640006
2010,sim-hurricane,hf207,barker-plotkin,Quercus,Control,42.4930252,-72.19566392,obs,NA,NA,TS,12,10,1,13,0.000175,1.11,0.427,0.000311521,133.0195324
2010,sim-hurricane,hf207,barker-plotkin,Quercus,Control,42.4930252,-72.19566392,obs,NA,NA,TS,12,10,2,3,0.001735,1.03,0.444,0.000661365,293.6460009
2010,sim-hurricane,hf207,barker-plotkin,Quercus,Control,42.4930252,-72.19566392,obs,NA,NA,TS,13,10,1,11,0.000175,1.11,0.427,0.000263595,112.5549889
2010,sim-hurricane,hf207,barker-plotkin,Quercus,Control,42.4930252,-72.19566392,obs,NA,NA,TS,13,10,2,1,0.001735,1.03,0.444,0.000220455,97.8820003
2010,sim-hurricane,hf207,barker-plotkin,Quercus,Control,42.4930252,-72.19566392,obs,NA,NA,TS,14,10,1,15,0.000175,1.11,0.427,0.000359447,153.4840758
2010,sim-hurricane,hf207,barker-plotkin,Quercus,Control,42.4930252,-72.19566392,obs,NA,NA,TS,14,10,2,5,0.001735,1.03,0.444,0.001102275,489.4100015
2010,sim-hurricane,hf207,barker-plotkin,Quercus,Control,42.4930252,-72.19566392,obs,NA,NA,TS,15,10,1,12,0.000175,1.11,0.427,0.000287558,122.7872607
2010,sim-hurricane,hf207,barker-plotkin,Quercus,Control,42.4930252,-72.19566392,obs,NA,NA,TS,15,10,2,3,0.001735,1.03,0.444,0.000661365,293.6460009
2010,sim-hurricane,hf207,barker-plotkin,Quercus,Control,42.4930252,-72.19566392,obs,NA,NA,TS,16,10,1,7,0.000175,1.11,0.427,0.000167742,71.62590205
2010,sim-hurricane,hf207,barker-plotkin,Quercus,Control,42.4930252,-72.19566392,obs,NA,NA,TS,16,10,2,4,0.001735,1.03,0.444,0.00088182,391.5280012
2010,sim-hurricane,hf207,barker-plotkin,Quercus,Pulldown,42.49369577,-72.19605148,exp,pulldown,1990,TS,1,10,1,12,0.000175,1.11,0.427,0.000287558,122.7872607
2010,sim-hurricane,hf207,barker-plotkin,Quercus,Pulldown,42.49369577,-72.19605148,exp,pulldown,1990,TS,1,10,2,1,0.001735,1.03,0.444,0.000220455,97.8820003
2010,sim-hurricane,hf207,barker-plotkin,Quercus,Pulldown,42.49369577,-72.19605148,exp,pulldown,1990,TS,2,10,1,12,0.000175,1.11,0.427,0.000287558,122.7872607
2010,sim-hurricane,hf207,barker-plotkin,Quercus,Pulldown,42.49369577,-72.19605148,exp,pulldown,1990,TS,2,10,2,1,0.001735,1.03,0.444,0.000220455,97.8820003
2010,sim-hurricane,hf207,barker-plotkin,Quercus,Pulldown,42.49369577,-72.19605148,exp,pulldown,1990,TS,3,10,1,20,0.000175,1.11,0.427,0.000479263,204.6454344
2010,sim-hurricane,hf207,barker-plotkin,Quercus,Pulldown,42.49369577,-72.19605148,exp,pulldown,1990,TS,3,10,2,0,0.001735,1.03,0.444,0,0
2010,sim-hurricane,hf207,barker-plotkin,Quercus,Pulldown,42.49369577,-72.19605148,exp,pulldown,1990,TS,4,10,1,10,0.000175,1.11,0.427,0.000239632,102.3227172
2010,sim-hurricane,hf207,barker-plotkin,Quercus,Pulldown,42.49369577,-72.19605148,exp,pulldown,1990,TS,4,10,2,0,0.001735,1.03,0.444,0,0
2010,sim-hurricane,hf207,barker-plotkin,Quercus,Pulldown,42.49369577,-72.19605148,exp,pulldown,1990,TS,5,10,1,30,0.000175,1.11,0.427,0.000718895,306.9681517
2010,sim-hurricane,hf207,barker-plotkin,Quercus,Pulldown,42.49369577,-72.19605148,exp,pulldown,1990,TS,5,10,2,1,0.001735,1.03,0.444,0.000220455,97.8820003
2010,sim-hurricane,hf207,barker-plotkin,Quercus,Pulldown,42.49369577,-72.19605148,exp,pulldown,1990,TS,6,10,1,25,0.000175,1.11,0.427,0.000599079,255.806793
2010,sim-hurricane,hf207,barker-plotkin,Quercus,Pulldown,42.49369577,-72.19605148,exp,pulldown,1990,TS,6,10,2,5,0.001735,1.03,0.444,0.001102275,489.4100015
2010,sim-hurricane,hf207,barker-plotkin,Quercus,Pulldown,42.49369577,-72.19605148,exp,pulldown,1990,TS,7,10,1,13,0.000175,1.11,0.427,0.000311521,133.0195324
2010,sim-hurricane,hf207,barker-plotkin,Quercus,Pulldown,42.49369577,-72.19605148,exp,pulldown,1990,TS,7,10,2,1,0.001735,1.03,0.444,0.000220455,97.8820003
2010,sim-hurricane,hf207,barker-plotkin,Quercus,Pulldown,42.49369577,-72.19605148,exp,pulldown,1990,TS,8,10,1,12,0.000175,1.11,0.427,0.000287558,122.7872607
2010,sim-hurricane,hf207,barker-plotkin,Quercus,Pulldown,42.49369577,-72.19605148,exp,pulldown,1990,TS,8,10,2,0,0.001735,1.03,0.444,0,0
2010,sim-hurricane,hf207,barker-plotkin,Quercus,Pulldown,42.49369577,-72.19605148,exp,pulldown,1990,TS,9,10,1,24,0.000175,1.11,0.427,0.000575116,245.5745213
2010,sim-hurricane,hf207,barker-plotkin,Quercus,Pulldown,42.49369577,-72.19605148,exp,pulldown,1990,TS,9,10,2,6,0.001735,1.03,0.444,0.00132273,587.2920018
2010,sim-hurricane,hf207,barker-plotkin,Quercus,Pulldown,42.49369577,-72.19605148,exp,pulldown,1990,TS,10,10,1,15,0.000175,1.11,0.427,0.000359447,153.4840758
2010,sim-hurricane,hf207,barker-plotkin,Quercus,Pulldown,42.49369577,-72.19605148,exp,pulldown,1990,TS,10,10,2,3,0.001735,1.03,0.444,0.000661365,293.6460009
2010,sim-hurricane,hf207,barker-plotkin,Quercus,Pulldown,42.49369577,-72.19605148,exp,pulldown,1990,TS,11,10,1,29,0.000175,1.11,0.427,0.000694932,296.7358799
2010,sim-hurricane,hf207,barker-plotkin,Quercus,Pulldown,42.49369577,-72.19605148,exp,pulldown,1990,TS,11,10,2,4,0.001735,1.03,0.444,0.00088182,391.5280012
2010,sim-hurricane,hf207,barker-plotkin,Quercus,Pulldown,42.49369577,-72.19605148,exp,pulldown,1990,TS,12,10,1,22,0.000175,1.11,0.427,0.00052719,225.1099779
2010,sim-hurricane,hf207,barker-plotkin,Quercus,Pulldown,42.49369577,-72.19605148,exp,pulldown,1990,TS,12,10,2,2,0.001735,1.03,0.444,0.00044091,195.7640006
2015,sim-hurricane,hf207,barker-plotkin,Quercus,Control,42.4930252,-72.19566392,obs,NA,NA,TS,1,10,1,13,0.000175,1.11,0.427,0.000311521,133.0195324
2015,sim-hurricane,hf207,barker-plotkin,Quercus,Control,42.4930252,-72.19566392,obs,NA,NA,TS,1,10,2,4,0.001735,1.03,0.444,0.00088182,391.5280012
2015,sim-hurricane,hf207,barker-plotkin,Quercus,Control,42.4930252,-72.19566392,obs,NA,NA,TS,2,10,1,7,0.000175,1.11,0.427,0.000167742,71.62590205
2015,sim-hurricane,hf207,barker-plotkin,Quercus,Control,42.4930252,-72.19566392,obs,NA,NA,TS,2,10,2,1,0.001735,1.03,0.444,0.000220455,97.8820003
2015,sim-hurricane,hf207,barker-plotkin,Quercus,Control,42.4930252,-72.19566392,obs,NA,NA,TS,3,10,1,14,0.000175,1.11,0.427,0.000335484,143.2518041
2015,sim-hurricane,hf207,barker-plotkin,Quercus,Control,42.4930252,-72.19566392,obs,NA,NA,TS,3,10,2,4,0.001735,1.03,0.444,0.00088182,391.5280012
2015,sim-hurricane,hf207,barker-plotkin,Quercus,Control,42.4930252,-72.19566392,obs,NA,NA,TS,4,10,1,8,0.000175,1.11,0.427,0.000191705,81.85817378
2015,sim-hurricane,hf207,barker-plotkin,Quercus,Control,42.4930252,-72.19566392,obs,NA,NA,TS,4,10,2,6,0.001735,1.03,0.444,0.00132273,587.2920018
2015,sim-hurricane,hf207,barker-plotkin,Quercus,Control,42.4930252,-72.19566392,obs,NA,NA,TS,5,10,1,12,0.000175,1.11,0.427,0.000287558,122.7872607
2015,sim-hurricane,hf207,barker-plotkin,Quercus,Control,42.4930252,-72.19566392,obs,NA,NA,TS,5,10,2,3,0.001735,1.03,0.444,0.000661365,293.6460009
2015,sim-hurricane,hf207,barker-plotkin,Quercus,Control,42.4930252,-72.19566392,obs,NA,NA,TS,6,10,1,19,0.000175,1.11,0.427,0.0004553,194.4131627
2015,sim-hurricane,hf207,barker-plotkin,Quercus,Control,42.4930252,-72.19566392,obs,NA,NA,TS,6,10,2,2,0.001735,1.03,0.444,0.00044091,195.7640006
2015,sim-hurricane,hf207,barker-plotkin,Quercus,Control,42.4930252,-72.19566392,obs,NA,NA,TS,7,10,1,21,0.000175,1.11,0.427,0.000503226,214.8777062
2015,sim-hurricane,hf207,barker-plotkin,Quercus,Control,42.4930252,-72.19566392,obs,NA,NA,TS,7,10,2,4,0.001735,1.03,0.444,0.00088182,391.5280012
2015,sim-hurricane,hf207,barker-plotkin,Quercus,Control,42.4930252,-72.19566392,obs,NA,NA,TS,8,10,1,8,0.000175,1.11,0.427,0.000191705,81.85817378
2015,sim-hurricane,hf207,barker-plotkin,Quercus,Control,42.4930252,-72.19566392,obs,NA,NA,TS,8,10,2,3,0.001735,1.03,0.444,0.000661365,293.6460009
2015,sim-hurricane,hf207,barker-plotkin,Quercus,Control,42.4930252,-72.19566392,obs,NA,NA,TS,9,10,1,16,0.000175,1.11,0.427,0.000383411,163.7163476
2015,sim-hurricane,hf207,barker-plotkin,Quercus,Control,42.4930252,-72.19566392,obs,NA,NA,TS,9,10,2,6,0.001735,1.03,0.444,0.00132273,587.2920018
2015,sim-hurricane,hf207,barker-plotkin,Quercus,Control,42.4930252,-72.19566392,obs,NA,NA,TS,10,10,1,15,0.000175,1.11,0.427,0.000359447,153.4840758
2015,sim-hurricane,hf207,barker-plotkin,Quercus,Control,42.4930252,-72.19566392,obs,NA,NA,TS,10,10,2,3,0.001735,1.03,0.444,0.000661365,293.6460009
2015,sim-hurricane,hf207,barker-plotkin,Quercus,Control,42.4930252,-72.19566392,obs,NA,NA,TS,11,10,1,9,0.000175,1.11,0.427,0.000215668,92.0904455
2015,sim-hurricane,hf207,barker-plotkin,Quercus,Control,42.4930252,-72.19566392,obs,NA,NA,TS,11,10,2,5,0.001735,1.03,0.444,0.001102275,489.4100015
2015,sim-hurricane,hf207,barker-plotkin,Quercus,Control,42.4930252,-72.19566392,obs,NA,NA,TS,12,10,1,15,0.000175,1.11,0.427,0.000359447,153.4840758
2015,sim-hurricane,hf207,barker-plotkin,Quercus,Control,42.4930252,-72.19566392,obs,NA,NA,TS,12,10,2,4,0.001735,1.03,0.444,0.00088182,391.5280012
2015,sim-hurricane,hf207,barker-plotkin,Quercus,Control,42.4930252,-72.19566392,obs,NA,NA,TS,13,10,1,13,0.000175,1.11,0.427,0.000311521,133.0195324
2015,sim-hurricane,hf207,barker-plotkin,Quercus,Control,42.4930252,-72.19566392,obs,NA,NA,TS,13,10,2,6,0.001735,1.03,0.444,0.00132273,587.2920018
2015,sim-hurricane,hf207,barker-plotkin,Quercus,Control,42.4930252,-72.19566392,obs,NA,NA,TS,14,10,1,24,0.000175,1.11,0.427,0.000575116,245.5745213
2015,sim-hurricane,hf207,barker-plotkin,Quercus,Control,42.4930252,-72.19566392,obs,NA,NA,TS,14,10,2,5,0.001735,1.03,0.444,0.001102275,489.4100015
2015,sim-hurricane,hf207,barker-plotkin,Quercus,Control,42.4930252,-72.19566392,obs,NA,NA,TS,15,10,1,14,0.000175,1.11,0.427,0.000335484,143.2518041
2015,sim-hurricane,hf207,barker-plotkin,Quercus,Control,42.4930252,-72.19566392,obs,NA,NA,TS,15,10,2,1,0.001735,1.03,0.444,0.000220455,97.8820003
2015,sim-hurricane,hf207,barker-plotkin,Quercus,Control,42.4930252,-72.19566392,obs,NA,NA,TS,16,10,1,11,0.000175,1.11,0.427,0.000263595,112.5549889
2015,sim-hurricane,hf207,barker-plotkin,Quercus,Control,42.4930252,-72.19566392,obs,NA,NA,TS,16,10,2,2,0.001735,1.03,0.444,0.00044091,195.7640006
2015,sim-hurricane,hf207,barker-plotkin,Quercus,Pulldown,42.49369577,-72.19605148,exp,pulldown,1990,TS,1,10,1,38,0.000175,1.11,0.427,0.0009106,388.8263254
2015,sim-hurricane,hf207,barker-plotkin,Quercus,Pulldown,42.49369577,-72.19605148,exp,pulldown,1990,TS,1,10,2,8,0.001735,1.03,0.444,0.00176364,783.0560024
2015,sim-hurricane,hf207,barker-plotkin,Quercus,Pulldown,42.49369577,-72.19605148,exp,pulldown,1990,TS,2,10,1,19,0.000175,1.11,0.427,0.0004553,194.4131627
2015,sim-hurricane,hf207,barker-plotkin,Quercus,Pulldown,42.49369577,-72.19605148,exp,pulldown,1990,TS,2,10,2,4,0.001735,1.03,0.444,0.00088182,391.5280012
2015,sim-hurricane,hf207,barker-plotkin,Quercus,Pulldown,42.49369577,-72.19605148,exp,pulldown,1990,TS,3,10,1,18,0.000175,1.11,0.427,0.000431337,184.180891
2015,sim-hurricane,hf207,barker-plotkin,Quercus,Pulldown,42.49369577,-72.19605148,exp,pulldown,1990,TS,3,10,2,3,0.001735,1.03,0.444,0.000661365,293.6460009
2015,sim-hurricane,hf207,barker-plotkin,Quercus,Pulldown,42.49369577,-72.19605148,exp,pulldown,1990,TS,4,10,1,18,0.000175,1.11,0.427,0.000431337,184.180891
2015,sim-hurricane,hf207,barker-plotkin,Quercus,Pulldown,42.49369577,-72.19605148,exp,pulldown,1990,TS,4,10,2,2,0.001735,1.03,0.444,0.00044091,195.7640006
2015,sim-hurricane,hf207,barker-plotkin,Quercus,Pulldown,42.49369577,-72.19605148,exp,pulldown,1990,TS,5,10,1,31,0.000175,1.11,0.427,0.000742858,317.2004234
2015,sim-hurricane,hf207,barker-plotkin,Quercus,Pulldown,42.49369577,-72.19605148,exp,pulldown,1990,TS,5,10,2,8,0.001735,1.03,0.444,0.00176364,783.0560024
2015,sim-hurricane,hf207,barker-plotkin,Quercus,Pulldown,42.49369577,-72.19605148,exp,pulldown,1990,TS,6,10,1,17,0.000175,1.11,0.427,0.000407374,173.9486193
2015,sim-hurricane,hf207,barker-plotkin,Quercus,Pulldown,42.49369577,-72.19605148,exp,pulldown,1990,TS,6,10,2,4,0.001735,1.03,0.444,0.00088182,391.5280012
2015,sim-hurricane,hf207,barker-plotkin,Quercus,Pulldown,42.49369577,-72.19605148,exp,pulldown,1990,TS,7,10,1,17,0.000175,1.11,0.427,0.000407374,173.9486193
2015,sim-hurricane,hf207,barker-plotkin,Quercus,Pulldown,42.49369577,-72.19605148,exp,pulldown,1990,TS,7,10,2,3,0.001735,1.03,0.444,0.000661365,293.6460009
2015,sim-hurricane,hf207,barker-plotkin,Quercus,Pulldown,42.49369577,-72.19605148,exp,pulldown,1990,TS,8,10,1,29,0.000175,1.11,0.427,0.000694932,296.7358799
2015,sim-hurricane,hf207,barker-plotkin,Quercus,Pulldown,42.49369577,-72.19605148,exp,pulldown,1990,TS,8,10,2,5,0.001735,1.03,0.444,0.001102275,489.4100015
2015,sim-hurricane,hf207,barker-plotkin,Quercus,Pulldown,42.49369577,-72.19605148,exp,pulldown,1990,TS,9,10,1,20,0.000175,1.11,0.427,0.000479263,204.6454344
2015,sim-hurricane,hf207,barker-plotkin,Quercus,Pulldown,42.49369577,-72.19605148,exp,pulldown,1990,TS,9,10,2,9,0.001735,1.03,0.444,0.001984095,880.9380027
2015,sim-hurricane,hf207,barker-plotkin,Quercus,Pulldown,42.49369577,-72.19605148,exp,pulldown,1990,TS,10,10,1,37,0.000175,1.11,0.427,0.000886637,378.5940537
2015,sim-hurricane,hf207,barker-plotkin,Quercus,Pulldown,42.49369577,-72.19605148,exp,pulldown,1990,TS,10,10,2,1,0.001735,1.03,0.444,0.000220455,97.8820003
2015,sim-hurricane,hf207,barker-plotkin,Quercus,Pulldown,42.49369577,-72.19605148,exp,pulldown,1990,TS,11,10,1,25,0.000175,1.11,0.427,0.000599079,255.806793
2015,sim-hurricane,hf207,barker-plotkin,Quercus,Pulldown,42.49369577,-72.19605148,exp,pulldown,1990,TS,11,10,2,1,0.001735,1.03,0.444,0.000220455,97.8820003
2015,sim-hurricane,hf207,barker-plotkin,Quercus,Pulldown,42.49369577,-72.19605148,exp,pulldown,1990,TS,12,10,1,6,0.000175,1.11,0.427,0.000143779,61.39363033
2015,sim-hurricane,hf207,barker-plotkin,Quercus,Pulldown,42.49369577,-72.19605148,exp,pulldown,1990,TS,12,10,2,2,0.001735,1.03,0.444,0.00044091,195.7640006
