lane_id,cell,classification,failure_day_index,day_index,days_to_failure,terminal,swe_m,cold_content_j_m2,reconstructed_temperature_c,sublimation_m,snowpack_swe_loss_m,shortwave_j_m2,longwave_j_m2,latent_j_m2,surface_j_m2,lower_mass_kg_m2,refrozen_liquid_m,routed_melt_m
harvard_hardwood,LS,CONDUCTIVITY_TEMPERATURE_BELOW_ABSOLUTE_ZERO,33,10,23,False,0.0144263264890649,0.0,-0.0,0.00060883373968011,0.0,1408820.3277657595,-28522.761443377258,-1738281.0624104813,-357983.49608809885,0.0,0.00115352537067546,0.01066483976227157
harvard_hardwood,LS,CONDUCTIVITY_TEMPERATURE_BELOW_ABSOLUTE_ZERO,33,11,22,False,0.01427723550559408,192557.61415696048,-6.422398926149084,0.00014909098347082,0.0,847948.3910905339,-617899.8631710409,-423324.66645403893,-193276.1385345458,0.0,0.0,0.0
harvard_hardwood,LS,CONDUCTIVITY_TEMPERATURE_BELOW_ABSOLUTE_ZERO,33,12,21,False,0.01411617436880648,534294.4485073299,-18.023716710588136,0.0001610611367876,0.0,1623225.6632631694,-1507541.1048053615,-459757.03397944034,-344072.4755216323,0.0,0.0,0.0
harvard_hardwood,LS,CONDUCTIVITY_TEMPERATURE_BELOW_ABSOLUTE_ZERO,33,13,20,False,0.01390081776974213,429670.33353170095,-14.718912521444913,0.00021535659906435,0.0,1852543.0125545454,-1137081.786987635,-612129.9802481375,103331.2453187728,0.0,0.0,0.0
harvard_hardwood,LS,CONDUCTIVITY_TEMPERATURE_BELOW_ABSOLUTE_ZERO,33,14,19,False,0.00589704031159464,0.0,-0.0,0.00015268032204178,0.00785109713610571,1116735.3279755518,-410973.5378921366,-432677.99517584033,120255.59230686865,0.0,0.00020000174411299,0.00785109713610571
harvard_hardwood,LS,CONDUCTIVITY_TEMPERATURE_BELOW_ABSOLUTE_ZERO,33,15,18,False,0.00567260751763185,142308.0917858173,-11.946139016777344,0.00022443279396272,0.0,1550652.6725266278,-1056489.646435562,-637557.2676479211,-143394.2415568537,0.0,0.0,0.0
harvard_hardwood,LS,CONDUCTIVITY_TEMPERATURE_BELOW_ABSOLUTE_ZERO,33,16,17,False,0.00558443592469573,109816.99672425428,-9.364205923229365,8.817159293612e-05,0.0,973523.9709284663,-691007.8471836379,-250398.9061116738,32117.217633154552,0.0,0.0,0.0
harvard_hardwood,LS,CONDUCTIVITY_TEMPERATURE_BELOW_ABSOLUTE_ZERO,33,17,16,False,-0.0,0.0,0.0,0.0,0.00558443592469573,0.0,0.0,0.0,0.0,0.0,0.0,0.00558443592469573
harvard_hardwood,LS,CONDUCTIVITY_TEMPERATURE_BELOW_ABSOLUTE_ZERO,33,18,15,False,-0.0,0.0,0.0,0.0,0.0,0.0,0.0,0.0,0.0,0.0,0.0,0.0
harvard_hardwood,LS,CONDUCTIVITY_TEMPERATURE_BELOW_ABSOLUTE_ZERO,33,19,14,False,-0.0,0.0,0.0,0.0,0.0,0.0,0.0,0.0,0.0,0.0,0.0,0.0
harvard_hardwood,LS,CONDUCTIVITY_TEMPERATURE_BELOW_ABSOLUTE_ZERO,33,20,13,False,-0.0,0.0,0.0,0.0,0.0,0.0,0.0,0.0,0.0,0.0,0.0,0.0
harvard_hardwood,LS,CONDUCTIVITY_TEMPERATURE_BELOW_ABSOLUTE_ZERO,33,21,12,False,0.00235010314801994,72468.38042507229,-14.683931048917074,0.00014988960219894,0.0,1136202.2847015697,-749153.6425242879,-427567.06304490054,-40518.42086762381,0.0,7.24935565e-09,7.24935565e-09
harvard_hardwood,LS,CONDUCTIVITY_TEMPERATURE_BELOW_ABSOLUTE_ZERO,33,22,11,False,0.0021406183950809,79535.88025768321,-17.69312493117368,0.00020948475293903,0.0,1805238.8112265477,-1217785.0026225937,-596422.3745985089,-8968.565994557863,0.0,0.0,0.0
harvard_hardwood,LS,CONDUCTIVITY_TEMPERATURE_BELOW_ABSOLUTE_ZERO,33,23,10,False,0.00202904725795388,73721.25121179821,-17.301399749212667,0.00011157113712703,0.0,954818.5789059639,-631673.2884316909,-319760.08222154004,3385.208252730906,0.0,0.0,0.0
harvard_hardwood,LS,CONDUCTIVITY_TEMPERATURE_BELOW_ABSOLUTE_ZERO,33,24,9,False,0.00186281225069752,77879.38685747175,-19.90829848751282,0.00016623500725636,0.0,1538239.377240634,-1069952.1723367665,-475325.1113014614,-7037.906397586194,0.0,0.0,0.0
harvard_hardwood,LS,CONDUCTIVITY_TEMPERATURE_BELOW_ABSOLUTE_ZERO,33,25,8,False,0.00163102560118084,68553.70985373502,-20.014783162348625,0.00023178664951668,0.0,1775050.1906745262,-1107123.5670547343,-662320.1276660176,5606.495953773099,0.0,0.0,0.0
harvard_hardwood,LS,CONDUCTIVITY_TEMPERATURE_BELOW_ABSOLUTE_ZERO,33,26,7,False,0.00141005157504046,59480.49770709781,-20.087241508436815,0.00022097402614038,0.0,1968240.7794236827,-1331829.1905080057,-629776.1065401735,6635.482375500527,0.0,0.0,0.0
harvard_hardwood,LS,CONDUCTIVITY_TEMPERATURE_BELOW_ABSOLUTE_ZERO,33,27,6,False,0.00120521389864396,47281.82861119654,-18.68146103098792,0.0002048376763965,0.0,1726061.2860903842,-1132104.2676266215,-584491.8193094376,9465.19915431303,0.0,0.0,0.0
harvard_hardwood,LS,CONDUCTIVITY_TEMPERATURE_BELOW_ABSOLUTE_ZERO,33,28,5,False,0.00102707394917251,36607.46784608967,-16.972611913486514,0.00017813994947145,0.0,1475570.1132994392,-958907.7187746381,-508475.7152059326,8186.679318879312,0.0,0.0,0.0
harvard_hardwood,LS,CONDUCTIVITY_TEMPERATURE_BELOW_ABSOLUTE_ZERO,33,29,4,False,0.00082604989224996,40068.633762727746,-23.098243787436363,0.00020102405692255,0.0,1685801.2622796486,-1117422.1726592255,-576398.5304066184,-8019.440786171071,0.0,0.0,0.0
harvard_hardwood,LS,CONDUCTIVITY_TEMPERATURE_BELOW_ABSOLUTE_ZERO,33,30,3,False,0.00065032888514218,34350.65908070255,-25.15259137154927,0.00017572100710778,0.0,1745137.9264214232,-1239470.452742114,-504113.52236972615,1553.9513095962693,0.0,0.0,0.0
harvard_hardwood,LS,CONDUCTIVITY_TEMPERATURE_BELOW_ABSOLUTE_ZERO,33,31,2,False,0.00038125038629166,21681.231260453475,-27.080355088251434,0.00026907849885052,0.0,2165883.889589559,-1387694.1244641335,-771811.2193589268,6378.5457665006725,0.0,0.0,0.0
harvard_hardwood,LS,CONDUCTIVITY_TEMPERATURE_BELOW_ABSOLUTE_ZERO,33,32,1,False,0.00017025487454494,8290.236929899356,-23.187188513293428,0.00021099551174672,0.0,1739691.0490535137,-1126117.797721179,-604936.6574595013,8636.593872843745,0.0,0.0,0.0
harvard_hardwood,LS,CONDUCTIVITY_TEMPERATURE_BELOW_ABSOLUTE_ZERO,33,33,0,True,1.0142595423003564e-05,6056.356022313865,-284.34330050312246,,,,,,,0.0,,
harvard_hardwood,S,CONDUCTIVITY_TEMPERATURE_BELOW_ABSOLUTE_ZERO,75,45,30,False,0.0037107443627126,77941.73089201085,-10.002065979410393,0.00058922097921553,0.0,1689238.2148333096,0.0,-1672548.9603395506,-26209.510847454472,0.0,1.604021237e-08,1.604021237e-08
harvard_hardwood,S,CONDUCTIVITY_TEMPERATURE_BELOW_ABSOLUTE_ZERO,75,46,29,False,0.01581427371322673,274627.2220964147,-8.26941976826808,0.00029646943135199,0.0,834837.511540946,0.0,-844284.351202339,-9446.839661392753,0.0,1.21813387e-09,1.21813387e-09
harvard_hardwood,S,CONDUCTIVITY_TEMPERATURE_BELOW_ABSOLUTE_ZERO,75,47,28,False,0.01490316526302466,470520.8527817275,-15.034225615116497,0.00091110845020208,0.0,2391383.7017077156,0.0,-2599114.1067656144,-207730.4050579004,0.0,0.0,0.0
harvard_hardwood,S,CONDUCTIVITY_TEMPERATURE_BELOW_ABSOLUTE_ZERO,75,48,27,False,0.01394279551532986,439745.70258176385,-15.018703766033937,0.0009603697476948,0.0,2900820.453118572,0.0,-2728663.482804836,25780.531447381443,0.0,0.0,0.0
harvard_hardwood,S,CONDUCTIVITY_TEMPERATURE_BELOW_ABSOLUTE_ZERO,75,49,26,False,0.01302687591004297,364370.7432909277,-13.319377489718661,0.00091591960528688,0.0,3118759.825455284,0.0,-2600112.482010995,72128.57204309871,0.0,0.0,0.0
harvard_hardwood,S,CONDUCTIVITY_TEMPERATURE_BELOW_ABSOLUTE_ZERO,75,50,25,False,0.01266322148346634,238869.30317304784,-8.982492122859442,0.00036365442657663,0.0,3109036.0263304412,0.0,-1031797.9199190973,124581.15584461937,0.0,0.0,0.0
harvard_hardwood,S,CONDUCTIVITY_TEMPERATURE_BELOW_ABSOLUTE_ZERO,75,51,24,False,0.00260028989779071,0.0,-0.0,0.00054808540926968,0.00951484617640595,2888229.787502984,0.0,-1553599.2618259236,23557.60914534316,0.0,0.00010632512150088,0.00951484617640595
harvard_hardwood,S,CONDUCTIVITY_TEMPERATURE_BELOW_ABSOLUTE_ZERO,75,52,23,False,0.01162605719971553,98014.28379443483,-4.014556927750401,0.00045342721783896,0.00022080396555599,1204783.4199448978,0.0,-1288162.3936478838,-83378.97370298619,0.0,0.00022080548023622,0.00022080548023622
harvard_hardwood,S,CONDUCTIVITY_TEMPERATURE_BELOW_ABSOLUTE_ZERO,75,53,22,False,0.01119253903677956,121028.8979197498,-5.14921666512203,0.00043351816293596,0.0,2017250.111902224,0.0,-1229137.610641721,-23515.231426581046,0.0,0.0,0.0
harvard_hardwood,S,CONDUCTIVITY_TEMPERATURE_BELOW_ABSOLUTE_ZERO,75,54,21,False,0.01098674336988234,75433.23602612742,-3.2694482226952095,0.00020579566689723,0.0,1385904.823299958,0.0,-583314.0824755412,45474.667936454054,0.0,0.0,0.0
harvard_hardwood,S,CONDUCTIVITY_TEMPERATURE_BELOW_ABSOLUTE_ZERO,75,55,20,False,0.0105750375816295,120159.41496015445,-5.410739071797055,0.00041170578825284,0.0,2383707.644642885,0.0,-1167391.8684534435,-45274.17861906366,0.0,0.0,0.0
harvard_hardwood,S,CONDUCTIVITY_TEMPERATURE_BELOW_ABSOLUTE_ZERO,75,56,19,False,0.01010617710933577,183586.31615832847,-8.650358525058103,0.00046886047229374,0.0,1267501.6021917097,0.0,-1335953.3036852218,-68451.70149351162,0.0,0.0,0.0
harvard_hardwood,S,CONDUCTIVITY_TEMPERATURE_BELOW_ABSOLUTE_ZERO,75,57,18,False,0.01044659226212334,355744.4629666293,-16.21601771865961,0.00095958484721242,0.0,2983292.1319887694,0.0,-2727185.677285175,-145644.97235066612,0.0,0.0,0.0
harvard_hardwood,S,CONDUCTIVITY_TEMPERATURE_BELOW_ABSOLUTE_ZERO,75,58,17,False,0.00962666533170309,266075.7116330759,-13.161641696217439,0.00081992693042025,0.0,2415935.8306268053,0.0,-2331436.238386212,84499.59224059182,0.0,0.0,0.0
harvard_hardwood,S,CONDUCTIVITY_TEMPERATURE_BELOW_ABSOLUTE_ZERO,75,59,16,False,0.00877323468667641,321761.0126603427,-17.464428493055962,0.00085343064502668,0.0,2370555.869347495,0.0,-2442598.4673486073,-72042.59800109727,0.0,0.0,0.0
harvard_hardwood,S,CONDUCTIVITY_TEMPERATURE_BELOW_ABSOLUTE_ZERO,75,60,15,False,0.00769587669618786,301216.706846111,-18.638100989927207,0.00107735799048854,0.0,3078997.9026431865,0.0,-3070061.0171229346,8936.885520228701,0.0,0.0,0.0
harvard_hardwood,S,CONDUCTIVITY_TEMPERATURE_BELOW_ABSOLUTE_ZERO,75,61,14,False,0.00658148371335801,237369.1618576625,-17.174384856186595,0.00111439298282986,0.0,3299178.181908236,0.0,-3165849.60356913,58396.870761099904,0.0,0.0,0.0
harvard_hardwood,S,CONDUCTIVITY_TEMPERATURE_BELOW_ABSOLUTE_ZERO,75,62,13,False,0.00552068116458642,167488.36900015193,-14.44683433308242,0.00106080254877156,0.0,3472540.69961464,0.0,-3010614.4906320595,66704.15190351871,0.0,0.0,0.0
harvard_hardwood,S,CONDUCTIVITY_TEMPERATURE_BELOW_ABSOLUTE_ZERO,75,63,12,False,0.00630544156761327,154555.92348169623,-11.672149842578907,0.00069666148466731,0.0,3629332.4315238716,0.0,-1976085.7752986136,17663.108466144527,0.0,1.857811230586e-05,1.857811230586e-05
harvard_hardwood,S,CONDUCTIVITY_TEMPERATURE_BELOW_ABSOLUTE_ZERO,75,64,11,False,0.00886558395749508,90731.91679661637,-4.873415543995697,0.0005799149295933,0.0,2112001.6431458704,0.0,-1644500.2458207991,39661.53080162066,0.0,0.00011044543142013,0.0001599426805249
harvard_hardwood,S,CONDUCTIVITY_TEMPERATURE_BELOW_ABSOLUTE_ZERO,75,65,10,False,0.00841034722182436,65787.14102456321,-3.7248414584363996,0.00045523673567071,0.0,1843234.5291797025,0.0,-1290370.2199112126,24668.102411520136,0.0,0.0,0.0
harvard_hardwood,S,CONDUCTIVITY_TEMPERATURE_BELOW_ABSOLUTE_ZERO,75,66,9,False,0.00466065309590301,0.0,-0.0,0.00049751409043259,0.00993936862576591,2594374.943011899,0.0,-1410516.1416073595,-21975.48903974408,0.0,0.00018531426526953,0.01386846156107635
harvard_hardwood,S,CONDUCTIVITY_TEMPERATURE_BELOW_ABSOLUTE_ZERO,75,67,8,False,0.00396800785710172,-2.2737e-13,2.7286092283726295e-17,4.115466067297e-05,0.00509967540575231,728449.8831593702,0.0,-116618.05808338156,-3670.396796473034,0.0,1.09997375885e-05,0.01145408246004336
harvard_hardwood,S,CONDUCTIVITY_TEMPERATURE_BELOW_ABSOLUTE_ZERO,75,68,7,False,-0.0,0.0,0.0,0.0,0.00396800785710172,0.0,0.0,0.0,0.0,0.0,0.0,0.00396800785710172
harvard_hardwood,S,CONDUCTIVITY_TEMPERATURE_BELOW_ABSOLUTE_ZERO,75,69,6,False,0.03100792914061348,313575.9317594362,-4.8156028604573855,0.00100892462370042,0.0,2861836.086222226,0.0,-2863757.537422463,-463405.7916294861,0.0,0.00045905372973421,0.00045905372973421
harvard_hardwood,S,CONDUCTIVITY_TEMPERATURE_BELOW_ABSOLUTE_ZERO,75,70,5,False,0.03012106122498244,382091.9381739149,-6.040575417597513,0.00088686791563101,0.0,2446175.3149673087,0.0,-2518171.2176501527,-71995.90268284448,0.0,0.0,0.0
harvard_hardwood,S,CONDUCTIVITY_TEMPERATURE_BELOW_ABSOLUTE_ZERO,75,71,4,False,0.02917019156987836,573232.5283702782,-9.357767500381613,0.00095086965510408,0.0,2507804.216599254,0.0,-2708517.891376085,-200713.67477683228,0.0,0.0,0.0
harvard_hardwood,S,CONDUCTIVITY_TEMPERATURE_BELOW_ABSOLUTE_ZERO,75,72,3,False,0.04152281175647479,1100897.874650242,-12.625278997033138,0.00114736294731315,0.0,2970158.993361236,0.0,-3272853.3282310553,-302694.3348698255,4.904847840079011,1.686458022e-08,1.686458022e-08
harvard_hardwood,S,CONDUCTIVITY_TEMPERATURE_BELOW_ABSOLUTE_ZERO,75,73,2,False,0.0427807298620303,748564.4918792485,-8.332239374990978,0.00074201600634525,0.0,2475485.062770848,0.0,-2110965.749989041,364519.3127817987,5.0213617797699515,6.588809927e-08,6.588809927e-08
harvard_hardwood,S,CONDUCTIVITY_TEMPERATURE_BELOW_ABSOLUTE_ZERO,75,74,1,False,0.04229034795546132,456516.1761304055,-5.140384645904049,0.00049038190656905,0.0,1683005.7558565033,0.0,-1393856.210925071,289149.5449314123,3.300643157707108,0.0,0.0
harvard_hardwood,S,CONDUCTIVITY_TEMPERATURE_BELOW_ABSOLUTE_ZERO,75,75,0,True,8.508569021670505e-07,558.8633316841981,-312.77338805420584,,,,,,,0.0,,
harvard_open,LS,CONDUCTIVITY_TEMPERATURE_BELOW_ABSOLUTE_ZERO,29,10,19,False,0.01371853259861897,2.910383e-11,-1.0102368141080797e-15,0.00093848558302958,0.0,1330970.1817039351,1103058.4230038153,-2669151.7268034713,-235123.1220957222,0.0,0.00078106520738811,0.01104298180947993
harvard_open,LS,CONDUCTIVITY_TEMPERATURE_BELOW_ABSOLUTE_ZERO,29,11,18,False,0.01342273313516978,89773.61750578953,-3.184846278245169,0.00029579946344919,0.0,824099.6588568629,-75463.61973981069,-839046.6890739544,-90410.64995690208,0.0,0.0,0.0
harvard_open,LS,CONDUCTIVITY_TEMPERATURE_BELOW_ABSOLUTE_ZERO,29,12,17,False,0.01309299999802154,294013.3581976283,-10.693222414087357,0.00032973313714824,0.0,1523769.9487691198,-792625.009810344,-937802.439977673,-206657.50101889783,0.0,0.0,0.0
harvard_open,LS,CONDUCTIVITY_TEMPERATURE_BELOW_ABSOLUTE_ZERO,29,13,16,False,0.01276328149906194,188084.25591048412,-7.017312232165957,0.0003297184989596,0.0,1731766.6675208802,-80513.63002626589,-935738.7208252825,104945.47416151957,0.0,0.0,0.0
harvard_open,LS,CONDUCTIVITY_TEMPERATURE_BELOW_ABSOLUTE_ZERO,29,14,15,False,0.00576598425008909,0.0,-0.0,0.00017517043059717,0.00682212681837569,1075242.5292403856,381608.344641426,-496416.9143634437,74508.17614469054,0.0,3.899410439129e-05,0.00682212681837569
harvard_open,LS,CONDUCTIVITY_TEMPERATURE_BELOW_ABSOLUTE_ZERO,29,15,14,False,0.0054299305925401,59178.63064234571,-5.189808566723554,0.00033605365754908,0.0,1463044.9900448655,-171437.8266666888,-953342.5064136279,-59922.36219354427,0.0,0.0,0.0
harvard_open,LS,CONDUCTIVITY_TEMPERATURE_BELOW_ABSOLUTE_ZERO,29,16,13,False,0.00531326525476822,57044.39312629019,-5.112486470052929,0.00011666533777189,0.0,945943.7416774849,-400525.69030121417,-330929.5486246186,1901.0929364184879,0.0,0.0,0.0
harvard_open,LS,CONDUCTIVITY_TEMPERATURE_BELOW_ABSOLUTE_ZERO,29,17,12,False,-0.0,0.0,0.0,0.0,0.00531326525476821,0.0,0.0,0.0,0.0,0.0,0.0,0.00531326525476821
harvard_open,LS,CONDUCTIVITY_TEMPERATURE_BELOW_ABSOLUTE_ZERO,29,18,11,False,-0.0,0.0,0.0,0.0,0.0,0.0,0.0,0.0,0.0,0.0,0.0,0.0
harvard_open,LS,CONDUCTIVITY_TEMPERATURE_BELOW_ABSOLUTE_ZERO,29,19,10,False,-0.0,0.0,0.0,0.0,0.0,0.0,0.0,0.0,0.0,0.0,0.0,0.0
harvard_open,LS,CONDUCTIVITY_TEMPERATURE_BELOW_ABSOLUTE_ZERO,29,20,9,False,-0.0,0.0,0.0,0.0,0.0,0.0,0.0,0.0,0.0,0.0,0.0,0.0
harvard_open,LS,CONDUCTIVITY_TEMPERATURE_BELOW_ABSOLUTE_ZERO,29,21,8,False,0.00225575753532625,45721.927884063705,-9.651900202257321,0.00024423202751733,0.0,1099744.7249177408,-419233.1249097246,-694630.288200321,-14118.688192302654,0.0,1.043674049e-08,1.043674049e-08
harvard_open,LS,CONDUCTIVITY_TEMPERATURE_BELOW_ABSOLUTE_ZERO,29,22,7,False,0.00194580426034906,38477.25364047153,-9.416415672905853,0.0003099532749772,0.0,1701452.03274419,-577238.8071499373,-879939.1558045965,6131.154507270805,0.0,0.0,0.0
harvard_open,LS,CONDUCTIVITY_TEMPERATURE_BELOW_ABSOLUTE_ZERO,29,23,6,False,0.00175535498302391,48342.10090410994,-13.114183895681343,0.00019044927732517,0.0,927630.5312980928,-396205.5279338926,-544646.2418256247,-13221.238461429217,0.0,0.0,0.0
harvard_open,LS,CONDUCTIVITY_TEMPERATURE_BELOW_ABSOLUTE_ZERO,29,24,5,False,0.00148412502605616,40434.53966008003,-12.973666205496357,0.00027122995696775,0.0,1464727.2140862956,-686905.2940206494,-772702.3947895803,5119.5252760673175,0.0,0.0,0.0
harvard_open,LS,CONDUCTIVITY_TEMPERATURE_BELOW_ABSOLUTE_ZERO,29,25,4,False,0.00108707392392791,27384.69300877414,-11.995807936464622,0.00039705110212825,0.0,1679538.993008826,-539679.6150104601,-1130354.825694987,9504.552303381299,0.0,0.0,0.0
harvard_open,LS,CONDUCTIVITY_TEMPERATURE_BELOW_ABSOLUTE_ZERO,29,26,3,False,0.0007582070292388,17730.03060118302,-11.135311846587939,0.00032886689468912,0.0,1855581.0359915996,-728693.5131956424,-933965.6928442442,8249.629459986914,0.0,0.0,0.0
harvard_open,LS,CONDUCTIVITY_TEMPERATURE_BELOW_ABSOLUTE_ZERO,29,27,2,False,0.00042270017291078,9902.760045538205,-11.155898019185786,0.00033550685632801,0.0,1639029.853283687,-679533.9086272385,-953677.1868307908,5818.757825665189,0.0,0.0,0.0
harvard_open,LS,CONDUCTIVITY_TEMPERATURE_BELOW_ABSOLUTE_ZERO,29,28,1,False,0.00013360647982542,3006.086160546091,-10.71407316569156,0.00028909369308537,0.0,1414483.6986499755,-587343.3080348524,-822448.3766106948,4692.01400441777,0.0,0.0,0.0
harvard_open,LS,CONDUCTIVITY_TEMPERATURE_BELOW_ABSOLUTE_ZERO,29,29,0,True,4.496053040168722e-06,3099.8006019725008,-328.3091884283947,,,,,,,0.0,,
marcell_conifer,LS,SATURATION_VAPOR_PRESSURE_UNDERFLOW,21,4,17,False,0.00426453295191629,76236.91111164034,-8.512841010931792,3.546704712268e-05,0.0,331954.9614807745,-234357.85380418,-101107.85605560312,-3510.748379007791,0.0,0.0,0.0
marcell_conifer,LS,SATURATION_VAPOR_PRESSURE_UNDERFLOW,21,5,16,False,0.01209562689417151,214665.48777727247,-8.451125496899836,6.890605648096e-05,0.0,347522.4095935339,-155903.06537000267,-196568.15200486648,-4948.807781335504,0.0,0.0,0.0
marcell_conifer,LS,SATURATION_VAPOR_PRESSURE_UNDERFLOW,21,6,15,False,0.01196204900613997,403818.8785052431,-16.07539844983191,0.00013357788803154,0.0,927854.982400085,-737209.1483899532,-382556.8375868244,-191911.0035766929,0.0,0.0,0.0
marcell_conifer,LS,SATURATION_VAPOR_PRESSURE_UNDERFLOW,21,7,14,False,0.01192256851551219,637428.8590494028,-25.4590738173038,3.948049062778e-05,0.0,814022.7793988738,-935014.8710053168,-114190.99624973295,-235183.08785617645,0.0,0.0,0.0
marcell_conifer,LS,SATURATION_VAPOR_PRESSURE_UNDERFLOW,21,8,13,False,0.01188085187531114,645003.7998280802,-25.852074397380402,4.171664020106e-05,0.0,1108756.3618174668,-997418.3438448103,-120367.34568399862,-9029.327711341448,0.0,0.0,0.0
marcell_conifer,LS,SATURATION_VAPOR_PRESSURE_UNDERFLOW,21,9,12,False,0.01372203476423865,468041.6459758426,-16.242268592341436,0.00015881711107249,0.0,1185890.0059057972,-491308.72243924096,-453826.4080643713,240754.87540218484,0.0,0.0,0.0
marcell_conifer,LS,SATURATION_VAPOR_PRESSURE_UNDERFLOW,21,10,11,False,0.01580617296593109,503523.68528752786,-15.169591272160744,0.00021586179830756,0.0,872408.6954836838,-224363.2138165214,-618020.6687123611,30024.812954801586,0.0,0.0,0.0
marcell_conifer,LS,SATURATION_VAPOR_PRESSURE_UNDERFLOW,21,11,10,False,0.0156601835913099,666857.0998774925,-20.27760390484039,0.00014598937462118,0.0,1268603.389485915,-1016525.9317950768,-419038.80066341267,-166961.3429725742,0.0,0.0,0.0
marcell_conifer,LS,SATURATION_VAPOR_PRESSURE_UNDERFLOW,21,12,9,False,0.01536942409481054,218616.51061382552,-6.773389793274564,0.00029075949649937,0.0,1268296.3553212145,571828.0067462659,-825376.0997552114,447253.3625188643,0.0,0.0,0.0
marcell_conifer,LS,SATURATION_VAPOR_PRESSURE_UNDERFLOW,21,13,8,False,0.02543942369810987,504817.2684690885,-9.449474104216105,0.00013000015494984,0.0,878141.3472002302,-574620.5830028282,-370676.30037297786,-67155.53617557627,0.0,2.4175083e-10,2.4175083e-10
marcell_conifer,LS,SATURATION_VAPOR_PRESSURE_UNDERFLOW,21,14,7,False,0.03707108210001597,241769.47165123955,-3.105609907024376,5.940661512637e-05,0.0,596492.5203309692,-66117.36790958422,-168631.11073391917,361744.0416874644,8.110864350266711,8.93498296754e-06,8.93498296754e-06
marcell_conifer,LS,SATURATION_VAPOR_PRESSURE_UNDERFLOW,21,15,6,False,0.03702809752700958,149968.60765681986,-1.9286333207271094,4.298457300638e-05,0.0,348689.7873817774,-135045.5013621432,-121930.26263788254,91714.02338174953,6.206269384092389,0.0,0.0
marcell_conifer,LS,SATURATION_VAPOR_PRESSURE_UNDERFLOW,21,16,5,False,0.03697133308834539,364749.4490989182,-4.697970003991571,5.676443866419e-05,0.0,449525.8722758708,-503258.93264089216,-161459.65384314497,-215192.7142081638,4.857428917614735,0.0,0.0
marcell_conifer,LS,SATURATION_VAPOR_PRESSURE_UNDERFLOW,21,17,4,False,0.0369387000577683,464790.2613866418,-5.991783564453154,3.26330305771e-05,0.0,503879.0780423382,-511291.3021324479,-92956.68410574691,-100368.9081958544,3.7129768672041146,0.0,0.0
marcell_conifer,LS,SATURATION_VAPOR_PRESSURE_UNDERFLOW,21,18,3,False,0.03681750119118922,600255.3980033915,-7.763587820010502,0.0001211988665791,0.0,1052889.2159799344,-844271.8455647161,-345425.58583594504,-136808.2154207308,2.797990309505106,0.0,0.0
marcell_conifer,LS,SATURATION_VAPOR_PRESSURE_UNDERFLOW,21,19,2,False,0.03669921033401746,699894.2848865456,-9.081475862007531,0.00011829085717176,0.0,1360535.2359467414,-1124262.856968152,-337395.6444725877,-101123.26549399583,1.9708054299320834,0.0,0.0
marcell_conifer,LS,SATURATION_VAPOR_PRESSURE_UNDERFLOW,21,20,1,False,0.03654579775330325,520826.53629938816,-6.786351689658353,0.00015341258071423,0.0,1367065.71808611,-723344.0208472072,-436414.46813936956,177921.66202031358,1.025300858147075,0.0,0.0
marcell_conifer,LS,SATURATION_VAPOR_PRESSURE_UNDERFLOW,21,21,0,True,1.5037691567791793e-06,855.9512396443371,-271.0494669774096,,,,,,,0.0,,
marcell_conifer,S,CONDUCTIVITY_TEMPERATURE_BELOW_ABSOLUTE_ZERO,19,4,15,False,0.00422021884200138,72331.74455885957,-8.161588101160362,7.97811570376e-05,0.0,331954.9614807745,0.0,-226587.85376966043,453.9284783427994,0.0,0.0,0.0
marcell_conifer,S,CONDUCTIVITY_TEMPERATURE_BELOW_ABSOLUTE_ZERO,19,5,14,False,0.01199966379579006,201327.7134596397,-7.989418818243937,0.00012055504494749,0.0,347522.4095935339,0.0,-343281.94965570926,4240.459937824722,0.0,0.0,0.0
marcell_conifer,S,CONDUCTIVITY_TEMPERATURE_BELOW_ABSOLUTE_ZERO,19,6,13,False,0.01167250941034544,319545.1191526547,-13.03612934497021,0.00032715438544462,0.0,927854.982400085,0.0,-932205.1349572793,-121733.20190666028,0.0,0.0,0.0
marcell_conifer,S,CONDUCTIVITY_TEMPERATURE_BELOW_ABSOLUTE_ZERO,19,7,12,False,0.01141018094665889,309214.21453598543,-12.904691411390015,0.00026232846368655,0.0,814022.7793988738,0.0,-748478.6144993742,6864.809011590756,0.0,0.0,0.0
marcell_conifer,S,CONDUCTIVITY_TEMPERATURE_BELOW_ABSOLUTE_ZERO,19,8,11,False,0.01118411095946004,251267.74178576615,-10.698329625482032,0.00022606998719885,0.0,1108756.3618174668,0.0,-644202.2909117495,55520.26914427055,0.0,0.0,0.0
marcell_conifer,S,CONDUCTIVITY_TEMPERATURE_BELOW_ABSOLUTE_ZERO,19,9,10,False,0.01286304002824849,338578.11914270354,-12.53418129992351,0.00032107093121155,0.0,1185890.0059057972,0.0,-914905.0763266465,-24412.90723732299,0.0,0.0,0.0
marcell_conifer,S,CONDUCTIVITY_TEMPERATURE_BELOW_ABSOLUTE_ZERO,19,10,9,False,0.0148390271964745,456750.8520463681,-14.657322401029104,0.00032401283177398,0.0,872408.6954836838,0.0,-926331.3640836567,-53922.66859997256,0.0,0.0,0.0
marcell_conifer,S,CONDUCTIVITY_TEMPERATURE_BELOW_ABSOLUTE_ZERO,19,11,8,False,0.01449170955588602,397925.3160332595,-13.075630932249823,0.00034731764058849,0.0,1268603.389485915,0.0,-990570.7911171606,54511.7007704125,0.0,0.0,0.0
marcell_conifer,S,CONDUCTIVITY_TEMPERATURE_BELOW_ABSOLUTE_ZERO,19,12,7,False,0.01424448316039162,281798.66146985063,-9.420477899001407,0.00024722639549439,0.0,1268296.3553212145,0.0,-702536.6165057091,114783.20506660348,0.0,0.0,0.0
marcell_conifer,S,CONDUCTIVITY_TEMPERATURE_BELOW_ABSOLUTE_ZERO,19,13,6,False,0.02423996549531666,276657.3076083438,-5.434891195577226,0.00020451742332413,0.0,878141.3472002302,0.0,-581866.9122846207,224178.99398426712,0.0,2.4175083e-10,2.4175083e-10
marcell_conifer,S,CONDUCTIVITY_TEMPERATURE_BELOW_ABSOLUTE_ZERO,19,14,5,False,0.03584370986744346,114768.98597876784,-1.5247277217464426,8.732064490566e-05,0.0,596492.5203309692,0.0,-247839.38771302655,260510.0125773886,6.772641751894091,8.93498296754e-06,8.93498296754e-06
marcell_conifer,S,CONDUCTIVITY_TEMPERATURE_BELOW_ABSOLUTE_ZERO,19,15,4,False,0.03576832140982739,83880.28889211491,-1.1167142637998249,7.538845761608e-05,0.0,348689.7873817774,0.0,-213794.27851545936,30772.015660142395,4.880178134588049,0.0,0.0
marcell_conifer,S,CONDUCTIVITY_TEMPERATURE_BELOW_ABSOLUTE_ZERO,19,16,3,False,0.03563069308823402,138605.53390649744,-1.8524095231637694,0.00013762832159336,0.0,449525.8722758708,0.0,-390440.6623772416,-55032.77651168911,3.474113776076726,0.0,0.0
marcell_conifer,S,CONDUCTIVITY_TEMPERATURE_BELOW_ABSOLUTE_ZERO,19,17,2,False,0.03552912375218806,105089.65760692024,-1.4084978410268723,0.00010156933604594,0.0,503879.0780423382,0.0,-288159.49310731323,33278.778740787784,2.2275420525379896,0.0,0.0
marcell_conifer,S,CONDUCTIVITY_TEMPERATURE_BELOW_ABSOLUTE_ZERO,19,18,1,False,0.03525673705355103,256900.80973133811,-3.4697969563625137,0.00027238669863698,0.0,1052889.2159799344,0.0,-773270.92088543,-152777.67832435662,1.2508445107659867,0.0,0.0
marcell_conifer,S,CONDUCTIVITY_TEMPERATURE_BELOW_ABSOLUTE_ZERO,19,19,0,True,6.840293858642196e-07,467.49978538435164,-325.45231246148523,,,,,,,0.0,,
marcell_deciduous,L,CONDUCTIVITY_TEMPERATURE_BELOW_ABSOLUTE_ZERO,12517,12487,30,False,0.11150711236773571,1.0555823e-10,-4.50785808565769e-16,0.0,0.00869272916300705,2604984.8397002458,-432981.2545128349,0.0,2172003.58518741,14.694695496091125,0.0025795940661284,0.00869272916300705
marcell_deciduous,L,CONDUCTIVITY_TEMPERATURE_BELOW_ABSOLUTE_ZERO,12517,12488,29,False,0.11150140719096802,985857.2644738903,-4.210313143596716,0.0,5.70517676769e-06,1909256.5902715684,-2897016.8164563216,0.0,-987760.2261847521,14.643971007882406,5.70517676769e-06,5.70517676769e-06
marcell_deciduous,L,CONDUCTIVITY_TEMPERATURE_BELOW_ABSOLUTE_ZERO,12517,12489,28,False,0.11150124784053483,2927640.3646795945,-12.503128766460524,0.0,1.593504332e-07,2787482.4810089995,-4729320.169933099,0.0,-1941837.6889240996,14.631043851988068,1.593504332e-07,1.593504332e-07
marcell_deciduous,L,CONDUCTIVITY_TEMPERATURE_BELOW_ABSOLUTE_ZERO,12517,12490,27,False,0.11150124338974186,1714802.5230818533,-7.32343967846822,0.0,4.45079295e-09,3232000.194676078,-2019163.9584991897,0.0,1212836.2361768892,14.60278195029879,4.45079295e-09,4.45079295e-09
marcell_deciduous,L,CONDUCTIVITY_TEMPERATURE_BELOW_ABSOLUTE_ZERO,12517,12491,26,False,0.11150124326542743,1530008.7886872506,-6.5342375772997405,0.0,1.2431443e-10,2328794.910831991,-2144001.219871996,0.0,184793.69095999494,14.580209720475969,1.2431443e-10,1.2431443e-10
marcell_deciduous,L,CONDUCTIVITY_TEMPERATURE_BELOW_ABSOLUTE_ZERO,12517,12492,25,False,0.11150124326195524,3097152.9397861077,-13.22706985218613,0.0,3.47221e-12,2531068.4272579583,-4098212.57956388,0.0,-1567144.1523059213,14.569094413638629,3.47221e-12,3.47221e-12
marcell_deciduous,L,CONDUCTIVITY_TEMPERATURE_BELOW_ABSOLUTE_ZERO,12517,12493,24,False,0.11280124326195524,4152870.1830567853,-17.531342499786223,0.0,0.0,3335241.4467217177,-4350826.471786304,0.0,-1015585.0250645861,21.32009351799354,0.0,0.0
marcell_deciduous,L,CONDUCTIVITY_TEMPERATURE_BELOW_ABSOLUTE_ZERO,12517,12494,23,False,0.11280124326195524,2975857.0896507157,-12.562581436312229,0.0,0.0,2974431.253419038,-1797418.1600130012,0.0,1177013.0934060358,21.199986792424795,0.0,0.0
marcell_deciduous,L,CONDUCTIVITY_TEMPERATURE_BELOW_ABSOLUTE_ZERO,12517,12495,22,False,0.11280124326195524,1470995.568830066,-6.209808155824822,0.0,0.0,1605929.1005114752,-101067.57969084328,0.0,1504861.5208206326,21.058051539995663,0.0,0.0
marcell_deciduous,L,CONDUCTIVITY_TEMPERATURE_BELOW_ABSOLUTE_ZERO,12517,12496,21,False,0.11280124326195524,979558.6377125916,-4.135207030170881,0.0,0.0,1301536.9138790036,-810099.9827615292,0.0,491436.93111747404,20.916390985889834,0.0,0.0
marcell_deciduous,L,CONDUCTIVITY_TEMPERATURE_BELOW_ABSOLUTE_ZERO,12517,12497,20,False,0.11280124326195524,1639722.1421073806,-6.922087426438236,0.0,0.0,3344174.799458661,-4004338.303853462,0.0,-660163.504394804,20.778587242284384,0.0,0.0
marcell_deciduous,L,CONDUCTIVITY_TEMPERATURE_BELOW_ABSOLUTE_ZERO,12517,12498,19,False,0.1227012432619528,2171526.9104152126,-8.427465003948294,0.0,0.0,2375557.1109519424,-2774301.3923506895,0.0,-398744.2813987491,53.36992497673316,0.0,0.0
marcell_deciduous,L,CONDUCTIVITY_TEMPERATURE_BELOW_ABSOLUTE_ZERO,12517,12499,18,False,0.1227012432619528,3640458.656118198,-14.128232892536676,0.0,0.0,2652485.339873167,-4121417.0855761683,0.0,-1468931.7457029969,53.01019502796937,0.0,0.0
marcell_deciduous,L,CONDUCTIVITY_TEMPERATURE_BELOW_ABSOLUTE_ZERO,12517,12500,17,False,0.12270124326195278,4616512.0520685185,-17.916192321869012,0.0,0.0,3569785.479032186,-4545838.874982524,0.0,-976053.3959503394,52.69838323923199,0.0,0.0
marcell_deciduous,L,CONDUCTIVITY_TEMPERATURE_BELOW_ABSOLUTE_ZERO,12517,12501,16,False,0.12270124326195278,4788410.233182498,-18.583310881916436,0.0,0.0,3777469.4323332245,-3949367.6134472257,0.0,-171898.181113998,52.36332167782123,0.0,0.0
marcell_deciduous,L,CONDUCTIVITY_TEMPERATURE_BELOW_ABSOLUTE_ZERO,12517,12502,15,False,0.12270124326195277,4732501.586404632,-18.366335369488418,0.0,0.0,3237470.3334683655,-3181561.6866904562,0.0,55908.646777907576,52.03555711334138,0.0,0.0
marcell_deciduous,L,CONDUCTIVITY_TEMPERATURE_BELOW_ABSOLUTE_ZERO,12517,12503,14,False,0.12270124326195277,4575423.0131049305,-17.75673013134737,0.0,0.0,3908582.1223306684,-3751503.5490309517,0.0,157078.57329971623,51.687342738073035,0.0,0.0
marcell_deciduous,L,CONDUCTIVITY_TEMPERATURE_BELOW_ABSOLUTE_ZERO,12517,12504,13,False,0.12450123344487946,3452396.637522393,-13.204675595025618,0.0,0.0,2699667.916202605,-1553408.8394583906,0.0,1146259.0767442128,57.0127290436442,9.8170733e-09,9.8170733e-09
marcell_deciduous,L,CONDUCTIVITY_TEMPERATURE_BELOW_ABSOLUTE_ZERO,12517,12505,12,False,0.12450123344487946,3094796.2368420837,-11.836930871747416,0.0,0.0,3046226.715101725,-2688626.314421412,0.0,357600.4006803134,56.4422571158622,0.0,0.0
marcell_deciduous,L,CONDUCTIVITY_TEMPERATURE_BELOW_ABSOLUTE_ZERO,12517,12506,11,False,0.12450123344487948,2693879.0667188643,-10.303508809399437,0.0,0.0,3649448.8170296936,-3248531.646906472,0.0,400917.1701232206,55.834744346188835,0.0,0.0
marcell_deciduous,L,CONDUCTIVITY_TEMPERATURE_BELOW_ABSOLUTE_ZERO,12517,12507,10,False,0.10518725550008286,0.0,-0.0,0.0,0.01931397794479663,3675643.5053697387,-1590864.133066607,0.0,1505099.012386416,0.0,0.00223609850376962,0.01931397794479663
marcell_deciduous,L,CONDUCTIVITY_TEMPERATURE_BELOW_ABSOLUTE_ZERO,12517,12508,9,False,0.0988471301730703,7.27596e-12,-3.50515270506739e-17,0.0,0.00961036617590873,2177306.3098007124,-2260223.776896853,0.0,-585825.600380646,0.0,0.00175633518327281,0.02364012532701256
marcell_deciduous,L,CONDUCTIVITY_TEMPERATURE_BELOW_ABSOLUTE_ZERO,12517,12509,8,False,0.10309867072847866,1527545.9152185966,-7.055404416284407,0.0,4.843240423372e-05,1931655.8381483667,-3413324.771267817,0.0,-1481668.9331194505,0.0,4.845944459164e-05,4.845944459164e-05
marcell_deciduous,L,CONDUCTIVITY_TEMPERATURE_BELOW_ABSOLUTE_ZERO,12517,12510,7,False,0.10309867072847866,2257950.1752880258,-10.428983822851274,0.0,0.0,4271115.117862759,-5001519.377932191,0.0,-730404.2600694314,0.0,0.0,0.0
marcell_deciduous,L,CONDUCTIVITY_TEMPERATURE_BELOW_ABSOLUTE_ZERO,12517,12511,6,False,0.1043874611732406,1359393.4054275788,-6.201225566607542,0.0,0.0,2954328.7418220234,-2053424.0003999206,0.0,900904.7414221033,0.0,1.120955523804e-05,1.120955523804e-05
marcell_deciduous,L,CONDUCTIVITY_TEMPERATURE_BELOW_ABSOLUTE_ZERO,12517,12512,5,False,0.09028089906499093,0.0,-0.0,0.0,0.01410656210824968,2779798.4520835127,-1917212.3853834355,0.0,471790.1326832217,0.0,0.0021200216066062,0.01410656210824968
marcell_deciduous,L,CONDUCTIVITY_TEMPERATURE_BELOW_ABSOLUTE_ZERO,12517,12513,4,False,0.07487391276447271,2.3283064e-10,-1.4807792092033076e-15,0.0,0.01540698630051822,4086055.0605210247,-4197798.596145318,0.0,-1104098.467150059,0.0,0.00331014380797499,0.01540698630051822
marcell_deciduous,L,CONDUCTIVITY_TEMPERATURE_BELOW_ABSOLUTE_ZERO,12517,12514,3,False,0.05044387811157831,0.0,-0.0,0.0,0.02443003465289439,3897034.1578066424,-2620081.4832877163,0.0,-616073.0144716757,0.0,0.00184701848140212,0.02443003465289439
marcell_deciduous,L,CONDUCTIVITY_TEMPERATURE_BELOW_ABSOLUTE_ZERO,12517,12515,2,False,0.0234009578204138,0.0,-0.0,0.0,0.02704292029116452,3412176.455363955,-1457167.0165665022,0.0,-295699.4700217561,0.0,0.00088652217065434,0.02704292029116452
marcell_deciduous,L,CONDUCTIVITY_TEMPERATURE_BELOW_ABSOLUTE_ZERO,12517,12516,1,False,0.00264036425494728,0.0,-0.0,0.0,0.02076059356546651,3111049.010157471,-1285129.002239654,0.0,-53484.043828470014,0.0,0.00016034790534693,0.02076059356546651
marcell_deciduous,L,CONDUCTIVITY_TEMPERATURE_BELOW_ABSOLUTE_ZERO,12517,12517,0,True,1.5508698237276519e-06,2186.4017457431746,-671.3288713985359,,,,,,,0.0,,
marcell_deciduous,LS,SATURATION_VAPOR_PRESSURE_UNDERFLOW,13,4,9,False,0.00425693752777979,99345.93834888405,-11.11305707007124,4.306247118635e-05,0.0,319249.3762335244,-223104.33473041747,-123098.21873636795,-26953.177233259725,0.0,0.0,0.0
marcell_deciduous,LS,SATURATION_VAPOR_PRESSURE_UNDERFLOW,13,5,8,False,0.01210015957576339,277441.7920077621,-10.918462539613266,5.677795066829e-05,0.0,334147.4425591071,-216526.22302223733,-162413.9592453277,-44792.7397084577,0.0,0.0,0.0
marcell_deciduous,LS,SATURATION_VAPOR_PRESSURE_UNDERFLOW,13,6,7,False,0.01201420626705355,618032.6855607461,-24.496106717054648,8.595330870985e-05,0.0,834603.9645102895,-930467.6981816454,-247673.72388043473,-343537.45755179046,0.0,0.0,0.0
marcell_deciduous,LS,SATURATION_VAPOR_PRESSURE_UNDERFLOW,13,7,6,False,0.01198797960324852,832762.0408358221,-33.079248205552865,2.622666380503e-05,0.0,749772.082960401,-889533.087179956,-76334.54019339664,-216095.5444129517,0.0,0.0,0.0
marcell_deciduous,LS,SATURATION_VAPOR_PRESSURE_UNDERFLOW,13,8,5,False,0.0119574969551601,917527.0346265716,-36.53922197721461,3.048264808842e-05,0.0,975635.4617647035,-973234.6861864788,-88797.01251309857,-86396.23693487406,0.0,0.0,0.0
marcell_deciduous,LS,SATURATION_VAPOR_PRESSURE_UNDERFLOW,13,9,4,False,0.0138669117717968,790568.14762526,-27.14815157650026,9.058518336331e-05,0.0,1036535.3490352519,-584906.533326297,-261772.77615202844,189856.03955692644,0.0,0.0,0.0
marcell_deciduous,LS,SATURATION_VAPOR_PRESSURE_UNDERFLOW,13,10,3,False,0.01600385551344549,751914.7244772896,-22.37302320073154,0.00016305625835131,0.0,799156.348596818,-225824.0731289186,-470861.90602491744,102470.36944298177,0.0,0.0,0.0
marcell_deciduous,LS,SATURATION_VAPOR_PRESSURE_UNDERFLOW,13,11,2,False,0.01590934928920992,1072830.441445632,-32.11141005811715,9.450622423557e-05,0.0,1107140.1969493856,-1158098.231026609,-274505.50827650743,-325463.54235373146,0.0,0.0,0.0
marcell_deciduous,LS,SATURATION_VAPOR_PRESSURE_UNDERFLOW,13,12,1,False,0.01570283371094483,554827.5269188226,-16.825216971055944,0.00020651557826509,0.0,1107778.6453296966,-2473.5764567703573,-591691.8030914937,513613.2657814314,0.0,0.0,0.0
marcell_deciduous,LS,SATURATION_VAPOR_PRESSURE_UNDERFLOW,13,13,0,True,1.1366904965299507e-06,635.8071398458715,-266.3568540537478,,,,,,,0.0,,
marcell_deciduous,S,CONDUCTIVITY_TEMPERATURE_BELOW_ABSOLUTE_ZERO,1174,1144,30,False,0.02900792936922642,369114.2102029919,-6.059331891220805,0.00032054991801212,0.0,1080990.7392375937,0.0,-910519.6048096805,170471.13442791288,0.0,7.533017779e-08,7.533017779e-08
marcell_deciduous,S,CONDUCTIVITY_TEMPERATURE_BELOW_ABSOLUTE_ZERO,1174,1145,29,False,0.03026927756111201,4.09273e-12,-6.438604435419004e-17,0.00010425671864906,0.00143439508946536,643994.3939943715,0.0,-295553.351168556,255299.5029467353,0.0,0.00034095337786614,0.00143439508946536
marcell_deciduous,S,CONDUCTIVITY_TEMPERATURE_BELOW_ABSOLUTE_ZERO,1174,1146,28,False,0.02902643439219181,3.18323e-12,-5.2222184407588493e-17,0.00043767044016697,0.00080517272875322,1102598.2427825704,0.0,-1241643.0635842294,-251663.76626948596,0.0,0.00075140643743942,0.00080517272875322
marcell_deciduous,S,CONDUCTIVITY_TEMPERATURE_BELOW_ABSOLUTE_ZERO,1174,1147,27,False,0.0281598499744457,402685.48810532584,-6.809517611417743,0.00070313584067999,0.00016344857706612,1780020.7908087168,0.0,-1997184.6779899967,-460553.24741089175,0.0,0.00016344857706612,0.00016344857706612
marcell_deciduous,S,CONDUCTIVITY_TEMPERATURE_BELOW_ABSOLUTE_ZERO,1174,1148,26,False,0.02782773416365605,225500.3534664316,-3.858780598764814,0.00029751384357299,3.460196721666e-05,1577479.3213208762,0.0,-843676.7238246491,165206.68750028664,0.0,3.460196721666e-05,3.460196721666e-05
marcell_deciduous,S,CONDUCTIVITY_TEMPERATURE_BELOW_ABSOLUTE_ZERO,1174,1149,25,False,0.02730803028257282,351356.4542323379,-6.126864351702005,0.00051018324363684,9.52063744639e-06,1833033.702177202,0.0,-1448222.6838426776,-130787.01744779761,0.0,9.52063744639e-06,9.52063744639e-06
marcell_deciduous,S,CONDUCTIVITY_TEMPERATURE_BELOW_ABSOLUTE_ZERO,1174,1150,24,False,0.02653683529947139,566378.0828990928,-10.163376527605026,0.00076154931799768,9.64566510374e-06,2068960.0952672758,0.0,-2165400.7725397134,-223412.65457511772,0.0,9.64566510374e-06,9.64566510374e-06
marcell_deciduous,S,CONDUCTIVITY_TEMPERATURE_BELOW_ABSOLUTE_ZERO,1174,1151,23,False,0.02550139694945574,860203.8952913233,-16.062684853365262,0.00102175011762689,1.368823238875e-05,2603376.9712507036,0.0,-2915748.1629746268,-312371.1917239246,0.0,1.368823238875e-05,1.368823238875e-05
marcell_deciduous,S,CONDUCTIVITY_TEMPERATURE_BELOW_ABSOLUTE_ZERO,1174,1152,22,False,0.02487329077144685,434206.6491730439,-8.312734850192705,0.00060909721738673,1.900896062216e-05,2146708.0465978803,0.0,-1731130.8400258536,415577.20657202665,0.0,1.900896062216e-05,1.900896062216e-05
marcell_deciduous,S,CONDUCTIVITY_TEMPERATURE_BELOW_ABSOLUTE_ZERO,1174,1153,21,False,0.01835647832088173,4.5475e-13,-1.1796795401723735e-17,0.00010715179377829,0.00784831178678785,1209339.6949673903,0.0,-303659.3944897258,279415.1119090534,0.0,0.00014264888472666,0.00790966065678683
marcell_deciduous,S,CONDUCTIVITY_TEMPERATURE_BELOW_ABSOLUTE_ZERO,1174,1154,20,False,0.01089843371413337,6.8212e-13,-2.980419536779986e-17,7.200997485394e-05,0.00738603463189442,1024420.7020032647,0.0,-204067.770080067,-20180.059888391042,0.0,6.045350789712e-05,0.00738603463189442
marcell_deciduous,S,CONDUCTIVITY_TEMPERATURE_BELOW_ABSOLUTE_ZERO,1174,1155,19,False,0.01073630001937412,59927.79077106726,-2.6579960668779194,0.00015983035035193,2.30334440732e-06,1247722.5276253906,0.0,-453090.3697518157,-60838.52470586126,0.0,2.30334440732e-06,2.30334440732e-06
marcell_deciduous,S,CONDUCTIVITY_TEMPERATURE_BELOW_ABSOLUTE_ZERO,1174,1156,18,False,0.00137318268257262,2.2737e-13,-7.884706816181588e-17,0.00018033399446233,0.00918278334233917,1703181.1689507016,0.0,-511027.41598804755,2379.094288674549,0.0,1.913116358499e-05,0.00918278334233917
marcell_deciduous,S,CONDUCTIVITY_TEMPERATURE_BELOW_ABSOLUTE_ZERO,1174,1157,17,False,-0.0,0.0,0.0,0.0,0.00137318268257262,0.0,0.0,0.0,0.0,0.0,0.0,0.00137318268257262
marcell_deciduous,S,CONDUCTIVITY_TEMPERATURE_BELOW_ABSOLUTE_ZERO,1174,1158,16,False,-0.0,0.0,0.0,0.0,0.0,0.0,0.0,0.0,0.0,0.0,0.0,0.0
marcell_deciduous,S,CONDUCTIVITY_TEMPERATURE_BELOW_ABSOLUTE_ZERO,1174,1159,15,False,-0.0,0.0,0.0,0.0,0.0,0.0,0.0,0.0,0.0,0.0,0.0,0.0
marcell_deciduous,S,CONDUCTIVITY_TEMPERATURE_BELOW_ABSOLUTE_ZERO,1174,1160,14,False,-0.0,0.0,0.0,0.0,0.0,0.0,0.0,0.0,0.0,0.0,0.0,0.0
marcell_deciduous,S,CONDUCTIVITY_TEMPERATURE_BELOW_ABSOLUTE_ZERO,1174,1161,13,False,-0.0,0.0,0.0,0.0,0.0,0.0,0.0,0.0,0.0,0.0,0.0,0.0
marcell_deciduous,S,CONDUCTIVITY_TEMPERATURE_BELOW_ABSOLUTE_ZERO,1174,1162,12,False,0.00128491232474921,24548.44518598344,-9.09769139706156,0.00071504465606597,0.0,2027933.1331470641,0.0,-2035415.980777174,-7482.847630108361,0.0,2.452228601e-08,2.452228601e-08
marcell_deciduous,S,CONDUCTIVITY_TEMPERATURE_BELOW_ABSOLUTE_ZERO,1174,1163,11,False,0.00040323556490916,9158.99694132414,-10.81607748537456,0.00088167675984005,0.0,2517232.4760056534,0.0,-2509089.8454327895,8142.6305728572925,0.0,0.0,0.0
marcell_deciduous,S,CONDUCTIVITY_TEMPERATURE_BELOW_ABSOLUTE_ZERO,1174,1164,10,False,0.0,-0.0,0.0,0.00040323556490916,0.0,1630386.0138374313,0.0,-1143728.8006555953,8419.672585671788,0.0,0.0,0.0
marcell_deciduous,S,CONDUCTIVITY_TEMPERATURE_BELOW_ABSOLUTE_ZERO,1174,1165,9,False,0.0,0.0,0.0,0.0,0.0,0.0,0.0,0.0,0.0,0.0,0.0,0.0
marcell_deciduous,S,CONDUCTIVITY_TEMPERATURE_BELOW_ABSOLUTE_ZERO,1174,1166,8,False,0.0,0.0,0.0,0.0,0.0,0.0,0.0,0.0,0.0,0.0,0.0,0.0
marcell_deciduous,S,CONDUCTIVITY_TEMPERATURE_BELOW_ABSOLUTE_ZERO,1174,1167,7,False,0.0,0.0,0.0,0.0,0.0,0.0,0.0,0.0,0.0,0.0,0.0,0.0
marcell_deciduous,S,CONDUCTIVITY_TEMPERATURE_BELOW_ABSOLUTE_ZERO,1174,1168,6,False,0.0,0.0,0.0,0.0,0.0,0.0,0.0,0.0,0.0,0.0,0.0,0.0
marcell_deciduous,S,CONDUCTIVITY_TEMPERATURE_BELOW_ABSOLUTE_ZERO,1174,1169,5,False,0.0,0.0,0.0,0.0,0.0,0.0,0.0,0.0,0.0,0.0,0.0,0.0
marcell_deciduous,S,CONDUCTIVITY_TEMPERATURE_BELOW_ABSOLUTE_ZERO,1174,1170,4,False,0.0,0.0,0.0,0.0,0.0,0.0,0.0,0.0,0.0,0.0,0.0,0.0
marcell_deciduous,S,CONDUCTIVITY_TEMPERATURE_BELOW_ABSOLUTE_ZERO,1174,1171,3,False,0.00215078905577362,20020.52753253591,-4.432598591531176,0.00034899602044392,0.0,1642447.5906207685,0.0,-989225.8458273376,-10017.663738295849,0.0,7.398248888e-08,7.398248888e-08
marcell_deciduous,S,CONDUCTIVITY_TEMPERATURE_BELOW_ABSOLUTE_ZERO,1174,1172,2,False,0.00177845733544791,11916.297183784482,-3.190645688975407,0.00037233172032574,0.0,1776930.8102881587,0.0,-1055225.4673683958,7978.820136926477,0.0,0.0,0.0
marcell_deciduous,S,CONDUCTIVITY_TEMPERATURE_BELOW_ABSOLUTE_ZERO,1174,1173,1,False,0.00089326807535933,12519.346004953864,-6.673912904918469,0.00088518926008857,0.0,2798989.2543590004,0.0,-2510351.55817112,-2005.3802895102374,0.0,0.0,0.0
marcell_deciduous,S,CONDUCTIVITY_TEMPERATURE_BELOW_ABSOLUTE_ZERO,1174,1174,0,True,8.110343111910517e-07,530.5031706774207,-311.4794947385768,,,,,,,0.0,,
marcell_open,L,CONDUCTIVITY_TEMPERATURE_BELOW_ABSOLUTE_ZERO,3709,3679,30,False,0.04186066353089362,545185.8892031771,-6.201820666325378,0.0,0.0,1111907.0198072372,-1133433.4674474667,0.0,-21526.44764022918,0.0,0.0,0.0
marcell_open,L,CONDUCTIVITY_TEMPERATURE_BELOW_ABSOLUTE_ZERO,3709,3680,29,False,0.04186066353089362,508914.71130829933,-5.789213984613216,0.0,0.0,1654160.1245624656,-1408008.2768091867,0.0,36271.17789487794,0.0,0.0,0.0
marcell_open,L,CONDUCTIVITY_TEMPERATURE_BELOW_ABSOLUTE_ZERO,3709,3681,28,False,0.04186066353089362,349049.11792715086,-3.970645748530193,0.0,0.0,1644264.2659939802,-983825.387746733,0.0,159865.59338114763,0.0,0.0,0.0
marcell_open,L,CONDUCTIVITY_TEMPERATURE_BELOW_ABSOLUTE_ZERO,3709,3682,27,False,0.04186066353089362,855480.6219988222,-9.73161174238672,0.0,0.0,1674747.6819974084,-2181179.186069082,0.0,-506431.50407167256,0.0,0.0,0.0
marcell_open,L,CONDUCTIVITY_TEMPERATURE_BELOW_ABSOLUTE_ZERO,3709,3683,26,False,0.04546066353089363,1312229.8233228547,-13.745319489558524,0.0,0.0,1162177.4060627958,-1482472.3955629927,0.0,-320294.98950018565,4.537321933775046,0.0,0.0
marcell_open,L,CONDUCTIVITY_TEMPERATURE_BELOW_ABSOLUTE_ZERO,3709,3684,25,False,0.04546066353089363,1361703.5995489967,-14.263546440734844,0.0,0.0,1176595.9894794924,-1226069.7657056649,0.0,-49473.776226165384,3.4530876937430204,0.0,0.0
marcell_open,L,CONDUCTIVITY_TEMPERATURE_BELOW_ABSOLUTE_ZERO,3709,3685,24,False,0.04596066353089363,1168509.6902647142,-12.106726559034975,0.0,0.0,1708609.7764871705,-1497041.1300826014,0.0,211568.64640456883,5.459973864756554,0.0,0.0
marcell_open,L,CONDUCTIVITY_TEMPERATURE_BELOW_ABSOLUTE_ZERO,3709,3686,23,False,0.04596066353089363,582956.3825725103,-6.039910133779647,0.0,0.0,1819094.7008870698,-1153175.642714782,0.0,585553.307692222,3.8475274178389185,0.0,0.0
marcell_open,L,CONDUCTIVITY_TEMPERATURE_BELOW_ABSOLUTE_ZERO,3709,3687,22,False,0.04596066353089363,215968.08425663738,-2.237607923457963,0.0,0.0,1897412.479995851,-293071.45919284545,0.0,366988.29831590154,1.6677896969376391,0.0,0.0
marcell_open,L,CONDUCTIVITY_TEMPERATURE_BELOW_ABSOLUTE_ZERO,3709,3688,21,False,0.04596066353089363,215239.1250952863,-2.230055303815432,0.0,0.0,1674274.5364481066,-796116.0282967477,0.0,728.9591613510638,0.0,0.0,0.0
marcell_open,L,CONDUCTIVITY_TEMPERATURE_BELOW_ABSOLUTE_ZERO,3709,3689,20,False,0.04596066353089363,403366.52846998593,-4.179210753611311,0.0,0.0,1969520.674295139,-1462000.570557809,0.0,-188127.4033746984,0.0,0.0,0.0
marcell_open,L,CONDUCTIVITY_TEMPERATURE_BELOW_ABSOLUTE_ZERO,3709,3690,19,False,0.04596066353089363,193653.07948850765,-2.00640602317239,0.0,0.0,1953070.3298832255,-403116.1304281235,0.0,209713.4489814795,0.0,0.0,0.0
marcell_open,L,CONDUCTIVITY_TEMPERATURE_BELOW_ABSOLUTE_ZERO,3709,3691,18,False,0.04596066353089363,51013.887221906996,-0.5285460518253492,0.0,0.0,1559507.030346061,106663.83775076436,0.0,142639.192266601,0.0,0.0,0.0
marcell_open,L,CONDUCTIVITY_TEMPERATURE_BELOW_ABSOLUTE_ZERO,3709,3692,17,False,0.04596066353089363,293087.73597692826,-3.036631280717465,0.0,0.0,1397903.5639843128,-1162505.4081619973,0.0,-242073.84875502135,0.0,0.0,0.0
marcell_open,L,CONDUCTIVITY_TEMPERATURE_BELOW_ABSOLUTE_ZERO,3709,3693,16,False,0.04596066353089363,890813.5659710371,-9.22956510172116,0.0,0.0,1815942.4290513436,-2413668.259045452,0.0,-597725.8299941081,0.0,0.0,0.0
marcell_open,L,CONDUCTIVITY_TEMPERATURE_BELOW_ABSOLUTE_ZERO,3709,3694,15,False,0.04676066348621521,643886.3287052284,-6.557061312208881,0.0,0.0,1956069.8852225968,-1551927.6371763234,0.0,266500.0691386752,0.0,4.467841e-11,4.467841e-11
marcell_open,L,CONDUCTIVITY_TEMPERATURE_BELOW_ABSOLUTE_ZERO,3709,3695,14,False,0.04676066348621521,221272.99961711923,-2.253349016034236,0.0,0.0,1836121.617638803,-457168.5152631121,0.0,422613.32908810565,0.0,0.0,0.0
marcell_open,L,CONDUCTIVITY_TEMPERATURE_BELOW_ABSOLUTE_ZERO,3709,3696,13,False,0.04676066348621521,960020.0889923127,-9.776431497051764,0.0,0.0,1983946.4274519954,-2722693.5168271908,0.0,-738747.0893751956,0.0,0.0,0.0
marcell_open,L,CONDUCTIVITY_TEMPERATURE_BELOW_ABSOLUTE_ZERO,3709,3697,12,False,0.04676066348621521,1432408.1888270823,-14.587028640810134,0.0,0.0,2138222.3884913325,-2610610.488326109,0.0,-472388.0998347733,0.0,0.0,0.0
marcell_open,L,CONDUCTIVITY_TEMPERATURE_BELOW_ABSOLUTE_ZERO,3709,3698,11,False,0.05436066348621518,1493191.7195784154,-13.080114008726708,0.0,0.0,1611126.7560679216,-1379035.2664270166,0.0,232091.48964090453,26.52698673609736,0.0,0.0
marcell_open,L,CONDUCTIVITY_TEMPERATURE_BELOW_ABSOLUTE_ZERO,3709,3699,10,False,0.06126066348621489,1561340.382331827,-12.136587784840383,0.0,0.0,1111397.0102468997,-962191.5628450825,0.0,149205.44740181684,40.15988054844223,0.0,0.0
marcell_open,L,CONDUCTIVITY_TEMPERATURE_BELOW_ABSOLUTE_ZERO,3709,3700,9,False,0.06256066348621489,1523988.203940601,-11.60007947650766,0.0,0.0,2364079.3746550977,-2129039.2714317273,0.0,90452.28259242262,41.76240361467854,0.0,0.0
marcell_open,L,CONDUCTIVITY_TEMPERATURE_BELOW_ABSOLUTE_ZERO,3709,3701,8,False,0.06356066348621482,1193855.5168595465,-8.9442525595925,0.0,0.0,1860116.3471201302,-1424740.9007629673,0.0,359323.36008070514,42.35016261683311,0.0,0.0
marcell_open,L,CONDUCTIVITY_TEMPERATURE_BELOW_ABSOLUTE_ZERO,3709,3702,7,False,0.06356066348621482,1075264.399628212,-8.05577913139115,0.0,0.0,2254044.6837168313,-1825528.5859203262,0.0,118591.11723133182,41.53965001079178,0.0,0.0
marcell_open,L,CONDUCTIVITY_TEMPERATURE_BELOW_ABSOLUTE_ZERO,3709,3703,6,False,0.06356066348621482,475488.4417612393,-3.5623144109321516,0.0,0.0,2539321.12811351,-321760.18711507326,0.0,599775.9578669776,40.0707926177567,0.0,0.0
marcell_open,L,CONDUCTIVITY_TEMPERATURE_BELOW_ABSOLUTE_ZERO,3709,3704,5,False,0.06259085296162735,8818.81398829813,-0.0670934335261012,0.0,0.00096981052458747,1454293.0175926916,565135.3131948938,0.0,451723.1463996205,7.090422528461865,1.38870545222e-05,0.00096981052458747
marcell_open,L,CONDUCTIVITY_TEMPERATURE_BELOW_ABSOLUTE_ZERO,3709,3705,4,False,0.06258968034623927,198395.05203584183,-1.5094155103551081,0.0,1.17261538809e-06,1830002.0472212627,-962767.8738473317,0.0,-189967.36391027734,6.5117252292237255,1.17261538809e-06,1.17261538809e-06
marcell_open,L,CONDUCTIVITY_TEMPERATURE_BELOW_ABSOLUTE_ZERO,3709,3706,3,False,0.06363475953572782,284318.6307229958,-2.1276080108041064,0.0,0.0002549208044648,1185932.9463900547,-1188446.4560144446,0.0,-137916.35393852077,3.201325247192273,0.00019239484248906,0.00025492080904985
marcell_open,L,CONDUCTIVITY_TEMPERATURE_BELOW_ABSOLUTE_ZERO,3709,3707,2,False,0.06357513258238845,1419029.304305694,-10.628813699599872,0.0,5.962695333937e-05,1917367.039565902,-3071966.2834350984,0.0,-1154599.243869181,1.775073677131683,5.962695333937e-05,5.962695333937e-05
marcell_open,L,CONDUCTIVITY_TEMPERATURE_BELOW_ABSOLUTE_ZERO,3709,3708,1,False,0.06417048237774589,1444864.3554593178,-10.721917928038277,0.0,0.00020465020464257,2705907.3967475453,-2754949.808205792,0.0,-49042.41145822365,0.2862387279463918,0.00014547927243216,0.00020465020464257
marcell_open,L,CONDUCTIVITY_TEMPERATURE_BELOW_ABSOLUTE_ZERO,3709,3709,0,True,1.398484361550067e-07,910.9011741078093,-3101.661168238473,,,,,,,0.0,,
marcell_open,S,CONDUCTIVITY_TEMPERATURE_BELOW_ABSOLUTE_ZERO,1152,1122,30,False,0.03428582230676715,85444.23702778101,-1.186721775372447,9.189033585085e-05,0.0,1672097.8221190083,0.0,-260542.88607776898,-46419.00650281502,0.0,0.0,0.0
marcell_open,S,CONDUCTIVITY_TEMPERATURE_BELOW_ABSOLUTE_ZERO,1152,1123,29,False,0.03422878085665995,55022.19584668327,-0.7654682692614735,5.704145010721e-05,0.0,1589291.100069819,0.0,-161741.56897797386,30349.300948655633,0.0,0.0,0.0
marcell_open,S,CONDUCTIVITY_TEMPERATURE_BELOW_ABSOLUTE_ZERO,1152,1124,28,False,0.03800435311531537,24607.471051063963,-0.3083289780540254,2.442542740007e-05,0.0,675731.1648927588,0.0,-69245.72207856945,63505.626028134495,0.0,2.3139445e-09,2.3139445e-09
marcell_open,S,CONDUCTIVITY_TEMPERATURE_BELOW_ABSOLUTE_ZERO,1152,1125,27,False,0.03795540846640322,46107.57937155739,-0.5784680250870374,4.894464891215e-05,0.0,823021.2938464165,0.0,-138733.83950796406,-21530.177009937317,0.0,0.0,0.0
marcell_open,S,CONDUCTIVITY_TEMPERATURE_BELOW_ABSOLUTE_ZERO,1152,1126,26,False,0.03792646982234509,27349.98211835921,-0.34339607851056214,2.893864405813e-05,0.0,1696981.4091926848,0.0,-82026.89631036209,18740.026809490017,0.0,0.0,0.0
marcell_open,S,CONDUCTIVITY_TEMPERATURE_BELOW_ABSOLUTE_ZERO,1152,1127,25,False,0.03789357069055701,30709.731992486853,-0.3859145927577737,3.289913178809e-05,0.0,1823981.1837798425,0.0,-93246.58127967607,-3375.6410157024097,0.0,0.0,0.0
marcell_open,S,CONDUCTIVITY_TEMPERATURE_BELOW_ABSOLUTE_ZERO,1152,1128,24,False,0.03782500782618479,64303.94534686039,-0.8095418379385007,6.856286437222e-05,0.0,1233330.4895868874,0.0,-194362.06689819117,-33650.21034425919,0.0,0.0,0.0
marcell_open,S,CONDUCTIVITY_TEMPERATURE_BELOW_ABSOLUTE_ZERO,1152,1129,23,False,0.03774301366426248,77538.74875621087,-0.9782794246871451,8.199416192231e-05,0.0,1611539.6070683063,0.0,-232485.3719457315,-13333.763045547505,0.0,0.0,0.0
marcell_open,S,CONDUCTIVITY_TEMPERATURE_BELOW_ABSOLUTE_ZERO,1152,1130,22,False,0.03770994016003633,31057.957435523804,-0.3921911166647518,3.307350422615e-05,0.0,1825053.5294875365,0.0,-93761.77517591082,46451.16019586601,0.0,0.0,0.0
marcell_open,S,CONDUCTIVITY_TEMPERATURE_BELOW_ABSOLUTE_ZERO,1152,1131,21,False,0.03766427656120708,40085.51986354189,-0.506802321322777,4.566359882924e-05,0.0,1640500.939061989,0.0,-129432.71944601442,-9054.802420252117,0.0,0.0,0.0
marcell_open,S,CONDUCTIVITY_TEMPERATURE_BELOW_ABSOLUTE_ZERO,1152,1132,20,False,0.03762688527326324,30750.881600129047,-0.38917058497126167,3.739128794384e-05,0.0,1961481.8144000547,0.0,-105984.83702690671,9312.633283506968,0.0,0.0,0.0
marcell_open,S,CONDUCTIVITY_TEMPERATURE_BELOW_ABSOLUTE_ZERO,1152,1133,19,False,0.037575927538691,41595.340541237114,-0.5271275073447391,5.095773457225e-05,0.0,2057555.573868746,0.0,-144439.76070533006,-10875.472111221481,0.0,0.0,0.0
marcell_open,S,CONDUCTIVITY_TEMPERATURE_BELOW_ABSOLUTE_ZERO,1152,1134,18,False,0.0375457534071709,25081.758125318476,-0.3181103922956201,3.017413152008e-05,0.0,1500588.6489629908,0.0,-85526.1638276363,16497.079371552198,0.0,0.0,0.0
marcell_open,S,CONDUCTIVITY_TEMPERATURE_BELOW_ABSOLUTE_ZERO,1152,1135,17,False,0.03831801697224727,23135.018104122853,-0.28750640451087633,2.773596452191e-05,0.0,1221360.114836121,0.0,-78613.04871213283,15037.296037679474,0.0,4.7040173e-10,4.7040173e-10
marcell_open,S,CONDUCTIVITY_TEMPERATURE_BELOW_ABSOLUTE_ZERO,1152,1136,16,False,0.04029210996674246,21670.596200615666,-0.2561129594012422,2.569656592186e-05,0.0,613954.7336641422,0.0,-72833.28335438065,21119.776815627964,0.0,2.1043958295e-07,2.1043958295e-07
marcell_open,S,CONDUCTIVITY_TEMPERATURE_BELOW_ABSOLUTE_ZERO,1152,1137,15,False,0.04207673192644879,11489.87383790819,-0.1300331143541777,1.405936591981e-05,0.0,621866.6399787983,0.0,-39845.69402066945,22390.29472519665,0.0,1.31867437385e-06,1.31867437385e-06
marcell_open,S,CONDUCTIVITY_TEMPERATURE_BELOW_ABSOLUTE_ZERO,1152,1138,14,False,0.0420485745005898,23135.79836060845,-0.26200761783804216,2.8157425859e-05,0.0,1057318.879279213,0.0,-79797.30244707763,-11653.01364014607,0.0,0.0,0.0
marcell_open,S,CONDUCTIVITY_TEMPERATURE_BELOW_ABSOLUTE_ZERO,1152,1139,13,False,0.04202389745465465,20543.872664953033,-0.23279127114938572,2.467704593514e-05,0.0,1298373.8801186844,0.0,-69936.02987757599,2584.4379224865756,0.0,0.0,0.0
marcell_open,S,CONDUCTIVITY_TEMPERATURE_BELOW_ABSOLUTE_ZERO,1152,1140,12,False,0.04201288596869016,9221.336737321013,-0.10451823603191826,1.101148596449e-05,0.0,1181727.5174866158,0.0,-31205.532969136897,11320.287914417195,0.0,0.0,0.0
marcell_open,S,CONDUCTIVITY_TEMPERATURE_BELOW_ABSOLUTE_ZERO,1152,1141,11,False,0.04200543349071259,6193.776976315404,-0.07021514510548633,7.45247797758e-06,0.0,800679.7293840391,0.0,-21118.533696757586,3026.76314173226,0.0,0.0,0.0
marcell_open,S,CONDUCTIVITY_TEMPERATURE_BELOW_ABSOLUTE_ZERO,1152,1142,10,False,0.04199223880366104,10866.194909034635,-0.12322225905375184,1.319468705155e-05,0.0,862692.7841776635,0.0,-37390.80300573255,-4674.006084946174,0.0,0.0,0.0
marcell_open,S,CONDUCTIVITY_TEMPERATURE_BELOW_ABSOLUTE_ZERO,1152,1143,9,False,0.04446488170089422,22769.475230403365,-0.2438465332148849,2.73563078945e-05,0.0,1539402.5757852811,0.0,-77536.12776955898,23260.305206060526,0.0,7.9487231e-10,7.9487231e-10
marcell_open,S,CONDUCTIVITY_TEMPERATURE_BELOW_ABSOLUTE_ZERO,1152,1144,8,False,0.04744044506531735,20407.251701201596,-0.2048408039164564,2.435737352441e-05,0.0,1133973.2147249477,0.0,-69033.7990606299,23116.503073102558,2.6890216205621646,7.926205248e-08,7.926205248e-08
marcell_open,S,CONDUCTIVITY_TEMPERATURE_BELOW_ABSOLUTE_ZERO,1152,1145,7,False,0.05023395864768947,5495.8598981509485,-0.05209774846396693,6.48641762788e-06,0.0,675422.7105533375,0.0,-18381.341552401314,14910.97871319752,5.318226891105252,0.0,0.0
marcell_open,S,CONDUCTIVITY_TEMPERATURE_BELOW_ABSOLUTE_ZERO,1152,1146,6,False,0.05021524260503488,15353.933416045731,-0.14560114589689543,1.871604265457e-05,0.0,1156153.3530673897,0.0,-53037.23057351427,-9860.39776838536,4.304905012829984,0.0,0.0
marcell_open,S,CONDUCTIVITY_TEMPERATURE_BELOW_ABSOLUTE_ZERO,1152,1147,5,False,0.05018828158569854,22153.652544547545,-0.21019564769383448,2.696101933637e-05,0.0,1924175.2337526986,0.0,-76405.69350539899,-6805.740289533691,3.534334546789037,0.0,0.0
marcell_open,S,CONDUCTIVITY_TEMPERATURE_BELOW_ABSOLUTE_ZERO,1152,1148,4,False,0.05017405476975277,11827.96093607355,-0.11225647152413645,1.422681594578e-05,0.0,1681917.2428696977,0.0,-40317.27071472889,10322.892433308649,2.5285115309199453,0.0,0.0
marcell_open,S,CONDUCTIVITY_TEMPERATURE_BELOW_ABSOLUTE_ZERO,1152,1149,3,False,0.05015331427823201,17045.82273602991,-0.16184490621493317,2.07404915208e-05,0.0,1976112.2751735009,0.0,-58775.47124310785,-5221.370235310749,1.7427331025631747,0.0,0.0
marcell_open,S,CONDUCTIVITY_TEMPERATURE_BELOW_ABSOLUTE_ZERO,1152,1150,2,False,0.05011791362810181,29029.083819256703,-0.2758170132508098,3.540065013023e-05,0.0,2245829.650178189,0.0,-100325.53643914154,-11992.853410599746,1.1814594906653206,0.0,0.0
marcell_open,S,CONDUCTIVITY_TEMPERATURE_BELOW_ABSOLUTE_ZERO,1152,1151,1,False,0.05005570102736139,50694.724152671784,-0.48226963840562426,6.221260074044e-05,0.0,2840806.005969587,0.0,-176329.56940302256,-21695.21186394481,0.7319092594651763,0.0,0.0
marcell_open,S,CONDUCTIVITY_TEMPERATURE_BELOW_ABSOLUTE_ZERO,1152,1152,0,True,1.707090237030031e-07,135.28810765099576,-377.38431752335515,,,,,,,0.0,,
sleepers_south_open,LS,CONDUCTIVITY_TEMPERATURE_BELOW_ABSOLUTE_ZERO,10569,10539,30,False,-0.0,0.0,0.0,0.0,0.0,0.0,0.0,0.0,0.0,0.0,0.0,0.0
sleepers_south_open,LS,CONDUCTIVITY_TEMPERATURE_BELOW_ABSOLUTE_ZERO,10569,10540,29,False,-0.0,0.0,0.0,0.0,0.0,0.0,0.0,0.0,0.0,0.0,0.0,0.0
sleepers_south_open,LS,CONDUCTIVITY_TEMPERATURE_BELOW_ABSOLUTE_ZERO,10569,10541,28,False,-0.0,0.0,0.0,0.0,0.0,0.0,0.0,0.0,0.0,0.0,0.0,0.0
sleepers_south_open,LS,CONDUCTIVITY_TEMPERATURE_BELOW_ABSOLUTE_ZERO,10569,10542,27,False,0.00043141847532243,0.0,-0.0,1.338378810873e-05,0.0,524813.233958288,8448.38762665512,-37931.996468761616,-296.83144847267096,0.0,2.55488047553e-06,4.203030428821e-05
sleepers_south_open,LS,CONDUCTIVITY_TEMPERATURE_BELOW_ABSOLUTE_ZERO,10569,10543,26,False,-0.0,0.0,0.0,0.0,0.00043141847532243,0.0,0.0,0.0,0.0,0.0,0.0,0.00043141847532243
sleepers_south_open,LS,CONDUCTIVITY_TEMPERATURE_BELOW_ABSOLUTE_ZERO,10569,10544,25,False,0.00167180266235495,0.0,-0.0,4.682309920381e-05,0.0,923243.2527908643,435638.80316021014,-132728.0414806961,-4062.0706602806945,0.0,1.586754252614e-05,0.00049188491861934
sleepers_south_open,LS,CONDUCTIVITY_TEMPERATURE_BELOW_ABSOLUTE_ZERO,10569,10545,24,False,-0.0,0.0,0.0,0.0,0.00167949911072373,0.0,0.0,0.0,0.0,0.0,0.0,0.00291100765950301
sleepers_south_open,LS,CONDUCTIVITY_TEMPERATURE_BELOW_ABSOLUTE_ZERO,10569,10546,23,False,-0.0,0.0,0.0,0.0,0.0,0.0,0.0,0.0,0.0,0.0,0.0,0.0
sleepers_south_open,LS,CONDUCTIVITY_TEMPERATURE_BELOW_ABSOLUTE_ZERO,10569,10547,22,False,-0.0,0.0,0.0,0.0,0.0,0.0,0.0,0.0,0.0,0.0,0.0,0.0
sleepers_south_open,LS,CONDUCTIVITY_TEMPERATURE_BELOW_ABSOLUTE_ZERO,10569,10548,21,False,-0.0,0.0,0.0,0.0,0.0,0.0,0.0,0.0,0.0,0.0,0.0,0.0
sleepers_south_open,LS,CONDUCTIVITY_TEMPERATURE_BELOW_ABSOLUTE_ZERO,10569,10549,20,False,-0.0,0.0,0.0,0.0,0.0,0.0,0.0,0.0,0.0,0.0,0.0,0.0
sleepers_south_open,LS,CONDUCTIVITY_TEMPERATURE_BELOW_ABSOLUTE_ZERO,10569,10550,19,False,-0.0,0.0,0.0,0.0,0.0,0.0,0.0,0.0,0.0,0.0,0.0,0.0
sleepers_south_open,LS,CONDUCTIVITY_TEMPERATURE_BELOW_ABSOLUTE_ZERO,10569,10551,18,False,-0.0,0.0,0.0,0.0,0.0,0.0,0.0,0.0,0.0,0.0,0.0,0.0
sleepers_south_open,LS,CONDUCTIVITY_TEMPERATURE_BELOW_ABSOLUTE_ZERO,10569,10552,17,False,-0.0,0.0,0.0,0.0,0.0,0.0,0.0,0.0,0.0,0.0,0.0,0.0
sleepers_south_open,LS,CONDUCTIVITY_TEMPERATURE_BELOW_ABSOLUTE_ZERO,10569,10553,16,False,0.00146848286858526,29374.787308973773,-9.525473027908216,3.151713126952e-05,0.0,667283.9222866928,-578229.417714582,-89740.86370027687,-686.3591281736628,0.0,0.0,0.0
sleepers_south_open,LS,CONDUCTIVITY_TEMPERATURE_BELOW_ABSOLUTE_ZERO,10569,10554,15,False,0.00142349723745944,27397.61995558878,-9.16509379141612,4.498563112582e-05,0.0,1179093.551305362,-771584.339821365,-127803.93502995175,1753.4415898151642,0.0,0.0,0.0
sleepers_south_open,LS,CONDUCTIVITY_TEMPERATURE_BELOW_ABSOLUTE_ZERO,10569,10555,14,False,0.00627330554713372,87259.21642762923,-6.623622508179239,4.985098214026e-05,0.0,1069572.979175125,-344699.2135569561,-141503.29889642991,54.623722461326,0.0,3.4070814827e-07,3.4070814827e-07
sleepers_south_open,LS,CONDUCTIVITY_TEMPERATURE_BELOW_ABSOLUTE_ZERO,10569,10556,13,False,0.03160757364793867,104598.56282858453,-1.5758514081776556,6.573122841372e-05,0.0,1021246.886386002,29794.150796082547,-186473.33398526846,102540.09154539504,0.0,6.7078133e-10,6.7078133e-10
sleepers_south_open,LS,CONDUCTIVITY_TEMPERATURE_BELOW_ABSOLUTE_ZERO,10569,10557,12,False,0.04299956522597491,1.5272026e-10,-1.691271364050972e-15,8.00842196376e-06,0.0,415653.5270646783,323729.6193877383,-22694.367810025375,104597.42546506788,2.7064342944863626,0.0,0.0
sleepers_south_open,LS,CONDUCTIVITY_TEMPERATURE_BELOW_ABSOLUTE_ZERO,10569,10558,11,False,0.04297947541131075,42801.12515642049,-0.4742144471209697,2.008981466437e-05,0.0,668163.6352981782,-170987.69138268987,-56945.4222926256,-42813.868072286066,1.8746025303811427,0.0,0.0
sleepers_south_open,LS,CONDUCTIVITY_TEMPERATURE_BELOW_ABSOLUTE_ZERO,10569,10559,10,False,0.04685776684137285,71722.72407682153,-0.7288797660255534,1.851688290268e-05,0.0,438107.9714051431,-238425.39370642143,-52496.919960563275,-18547.95271587209,4.939755923308156,3.19168703519e-06,3.19168703519e-06
sleepers_south_open,LS,CONDUCTIVITY_TEMPERATURE_BELOW_ABSOLUTE_ZERO,10569,10560,9,False,0.04684159673742874,86325.87834285502,-0.877586674640369,1.617010394411e-05,0.0,735267.668162803,-324909.33678420546,-45848.06610563078,-14622.298831747026,4.191562940180199,0.0,0.0
sleepers_south_open,LS,CONDUCTIVITY_TEMPERATURE_BELOW_ABSOLUTE_ZERO,10569,10561,8,False,0.05739311589647104,255715.61870552367,-2.1216715687710703,4.847963824918e-05,0.0,963123.3295241421,-743993.0826044616,-137625.98887588741,-69393.27250810973,17.039994245198756,1.20270851e-09,1.20270851e-09
sleepers_south_open,LS,CONDUCTIVITY_TEMPERATURE_BELOW_ABSOLUTE_ZERO,10569,10562,7,False,0.06239859135220167,44212.964921003026,-0.337408142768633,5.260764079183e-05,0.0,969115.0263821138,173218.3728653164,-149217.40837419877,205109.20144431933,16.339848865571312,5.708456670249e-05,0.00064191690347753
sleepers_south_open,LS,CONDUCTIVITY_TEMPERATURE_BELOW_ABSOLUTE_ZERO,10569,10563,6,False,0.06175864037921677,972.6022543223039,-0.007499257234061896,1.655660895136e-05,0.00062339436403355,631582.9682613328,160053.1661605046,-46923.504229465616,40163.05488378736,5.759542824501546,9.20841426367e-06,0.00062339436403355
sleepers_south_open,LS,CONDUCTIVITY_TEMPERATURE_BELOW_ABSOLUTE_ZERO,10569,10564,5,False,0.06122032727067257,21592.486475307694,-0.16795298024711502,3.209342059756e-05,0.00050621968794664,880139.1517070074,-302074.17458568764,-90983.30176777746,-76914.23216477978,0.0,0.00016867601433224,0.00050621968794664
sleepers_south_open,LS,CONDUCTIVITY_TEMPERATURE_BELOW_ABSOLUTE_ZERO,10569,10565,4,False,0.06304992666590499,6387.906043663227,-0.048245258664780265,3.589828972984e-05,0.00030075502795104,750647.2320411017,-180598.17645759866,-101776.59291294312,-37948.18541313392,0.0,0.00017332877882756,0.00043450231503773
sleepers_south_open,LS,CONDUCTIVITY_TEMPERATURE_BELOW_ABSOLUTE_ZERO,10569,10566,3,False,0.06293821360173764,532263.7218270984,-4.027106914085714,3.16328718367e-05,8.008019233064e-05,952838.5805814319,-1415726.9184468207,-89879.56729920345,-552767.9051645917,0.0,8.008019233064e-05,8.008019233064e-05
sleepers_south_open,LS,CONDUCTIVITY_TEMPERATURE_BELOW_ABSOLUTE_ZERO,10569,10567,2,False,0.0628524119688022,585526.288214504,-4.436139095907799,4.464080942136e-05,4.116082351407e-05,1133559.5633282438,-1073903.5203616733,-126983.36553490644,-67327.32256833589,0.0,4.116082351407e-05,4.116082351407e-05
sleepers_south_open,LS,CONDUCTIVITY_TEMPERATURE_BELOW_ABSOLUTE_ZERO,10569,10568,1,False,0.06427456000255154,542870.8980614647,-4.021963766808799,5.434501747576e-05,2.34976393991e-05,1132830.5728921713,-922921.0894820099,-154535.65427362217,55373.82913653966,0.0,2.350694877491e-05,2.350694877491e-05
sleepers_south_open,LS,CONDUCTIVITY_TEMPERATURE_BELOW_ABSOLUTE_ZERO,10569,10569,0,True,1.449341138941888e-06,851.4135371866863,-279.73746609023976,,,,,,,0.0,,
sleepers_south_open,S,CONDUCTIVITY_TEMPERATURE_BELOW_ABSOLUTE_ZERO,5517,5487,30,False,0.04146124326506848,75710.28895598627,-0.8695474547152391,8.013088035352e-05,0.0,1096680.4395461609,0.0,-227175.5481570099,-28747.097080968364,0.0,0.0,0.0
sleepers_south_open,S,CONDUCTIVITY_TEMPERATURE_BELOW_ABSOLUTE_ZERO,5517,5488,29,False,0.04137221949662993,84686.06489214345,-0.9747288895383595,8.902376843854e-05,0.0,1252592.4962442224,0.0,-252429.04491430963,-9091.179618686343,0.0,0.0,0.0
sleepers_south_open,S,CONDUCTIVITY_TEMPERATURE_BELOW_ABSOLUTE_ZERO,5517,5489,28,False,0.04726631601433139,123745.24770482336,-1.2466871421289,0.00010590348227999,0.0,1159094.7238784847,0.0,-300625.64618601766,189276.25841590387,22.09509648317099,0.0,0.0
sleepers_south_open,S,CONDUCTIVITY_TEMPERATURE_BELOW_ABSOLUTE_ZERO,5517,5490,27,False,0.05422645928813172,185425.54238980063,-1.6283172179711505,0.00013979173515305,0.0,1187019.7571937907,0.0,-396822.4086858154,92145.07563016927,30.756412509869918,6.499104634e-08,6.499104634e-08
sleepers_south_open,S,CONDUCTIVITY_TEMPERATURE_BELOW_ABSOLUTE_ZERO,5517,5491,26,False,0.05002007009662079,4.6896e-13,-4.464493657904173e-18,2.294811577875e-05,0.00418344107573218,1371668.7450939808,0.0,-65057.25762015518,141699.7938770862,0.0,7.661708646353e-05,0.00418344107573218
sleepers_south_open,S,CONDUCTIVITY_TEMPERATURE_BELOW_ABSOLUTE_ZERO,5517,5492,25,False,0.03133671255822894,0.0,-0.0,0.0,0.01868335753839184,1297149.680614822,0.0,0.0,0.0,0.0,0.0,0.01868335753839184
sleepers_south_open,S,CONDUCTIVITY_TEMPERATURE_BELOW_ABSOLUTE_ZERO,5517,5493,24,False,-0.0,0.0,0.0,0.0,0.03133671255822894,0.0,0.0,0.0,0.0,0.0,0.0,0.03133671255822894
sleepers_south_open,S,CONDUCTIVITY_TEMPERATURE_BELOW_ABSOLUTE_ZERO,5517,5494,23,False,-0.0,0.0,0.0,0.0,0.0,0.0,0.0,0.0,0.0,0.0,0.0,0.0
sleepers_south_open,S,CONDUCTIVITY_TEMPERATURE_BELOW_ABSOLUTE_ZERO,5517,5495,22,False,-0.0,0.0,0.0,0.0,0.0,0.0,0.0,0.0,0.0,0.0,0.0,0.0
sleepers_south_open,S,CONDUCTIVITY_TEMPERATURE_BELOW_ABSOLUTE_ZERO,5517,5496,21,False,-0.0,0.0,0.0,0.0,0.0,0.0,0.0,0.0,0.0,0.0,0.0,0.0
sleepers_south_open,S,CONDUCTIVITY_TEMPERATURE_BELOW_ABSOLUTE_ZERO,5517,5497,20,False,-0.0,0.0,0.0,0.0,0.0,0.0,0.0,0.0,0.0,0.0,0.0,0.0
sleepers_south_open,S,CONDUCTIVITY_TEMPERATURE_BELOW_ABSOLUTE_ZERO,5517,5498,19,False,-0.0,0.0,0.0,0.0,0.0,0.0,0.0,0.0,0.0,0.0,0.0,0.0
sleepers_south_open,S,CONDUCTIVITY_TEMPERATURE_BELOW_ABSOLUTE_ZERO,5517,5499,18,False,-0.0,0.0,0.0,0.0,0.0,0.0,0.0,0.0,0.0,0.0,0.0,0.0
sleepers_south_open,S,CONDUCTIVITY_TEMPERATURE_BELOW_ABSOLUTE_ZERO,5517,5500,17,False,0.00368844875815595,-1.81899e-12,2.34837399427169e-16,9.46451909947e-06,0.0,370057.7488212641,0.0,-26829.71465458289,-1585.0831093518475,0.0,2.568534718585e-05,0.0001553042695766
sleepers_south_open,S,CONDUCTIVITY_TEMPERATURE_BELOW_ABSOLUTE_ZERO,5517,5501,16,False,0.00415523270695693,26977.69700187947,-3.0916493221520382,3.320830901045e-05,0.0,488247.4336273545,0.0,-94198.30888490501,-22007.11924365576,0.0,7.74218859e-09,7.74218859e-09
sleepers_south_open,S,CONDUCTIVITY_TEMPERATURE_BELOW_ABSOLUTE_ZERO,5517,5502,15,False,0.00409480117714144,50429.08858825007,-5.8644731868164754,6.043152981548e-05,0.0,1177486.8720451905,0.0,-171597.93672497006,-23693.115367450227,0.0,0.0,0.0
sleepers_south_open,S,CONDUCTIVITY_TEMPERATURE_BELOW_ABSOLUTE_ZERO,5517,5503,14,False,0.00453915577042441,52102.84513959335,-5.465967658470947,5.564540619218e-05,0.0,952997.9385564392,0.0,-157972.74147239563,6107.409375378498,0.0,0.0,0.0
sleepers_south_open,S,CONDUCTIVITY_TEMPERATURE_BELOW_ABSOLUTE_ZERO,5517,5504,13,False,0.00446546979456779,64915.209463500796,-6.922452939673485,7.368597585662e-05,0.0,1322454.6431057337,0.0,-209341.14683324413,-13178.7099745402,0.0,0.0,0.0
sleepers_south_open,S,CONDUCTIVITY_TEMPERATURE_BELOW_ABSOLUTE_ZERO,5517,5505,12,False,0.00436317349095151,86715.28820969358,-9.463981771800528,0.00010229630361628,0.0,701271.067913197,0.0,-290842.5516460879,-22456.545240207444,0.0,0.0,0.0
sleepers_south_open,S,CONDUCTIVITY_TEMPERATURE_BELOW_ABSOLUTE_ZERO,5517,5506,11,False,0.00427518652931565,80200.3756586065,-8.933096793238697,8.798696163586e-05,0.0,1433478.5041105805,0.0,-250142.17633423055,5961.902816247533,0.0,0.0,0.0
sleepers_south_open,S,CONDUCTIVITY_TEMPERATURE_BELOW_ABSOLUTE_ZERO,5517,5507,10,False,0.00423122864837517,45294.10941202765,-5.097484754887809,4.395788094048e-05,0.0,1867296.0091820399,0.0,-124892.3639543275,34682.27036941779,0.0,0.0,0.0
sleepers_south_open,S,CONDUCTIVITY_TEMPERATURE_BELOW_ABSOLUTE_ZERO,5517,5508,9,False,0.00417115289440182,53696.67537138668,-6.130162586287304,6.007575397334e-05,0.0,1918467.7337228628,0.0,-170676.66411504507,-8702.581472780155,0.0,0.0,0.0
sleepers_south_open,S,CONDUCTIVITY_TEMPERATURE_BELOW_ABSOLUTE_ZERO,5517,5509,8,False,0.00412083343092061,45249.27404121595,-5.228862974970147,5.031946348121e-05,0.0,1671997.9794896855,0.0,-142860.8678241323,8262.06225485765,0.0,0.0,0.0
sleepers_south_open,S,CONDUCTIVITY_TEMPERATURE_BELOW_ABSOLUTE_ZERO,5517,5510,7,False,0.00689372016432078,27450.843715941486,-1.8961939314826322,2.711228041845e-05,0.0,1083271.6372073533,0.0,-76895.648994444,34803.94633272945,0.0,9.8618138e-10,9.8618138e-10
sleepers_south_open,S,CONDUCTIVITY_TEMPERATURE_BELOW_ABSOLUTE_ZERO,5517,5511,6,False,0.00680879956026952,70519.35427284942,-4.931947929232888,8.492060405128e-05,0.0,1133261.3051717652,0.0,-241097.53586383667,-43382.579958948576,0.0,0.0,0.0
sleepers_south_open,S,CONDUCTIVITY_TEMPERATURE_BELOW_ABSOLUTE_ZERO,5517,5512,5,False,0.00675699495125694,45058.38781856008,-3.1754315796408794,5.180460901258e-05,0.0,2034582.4026090365,0.0,-147088.7371527174,25262.54917430174,0.0,0.0,0.0
sleepers_south_open,S,CONDUCTIVITY_TEMPERATURE_BELOW_ABSOLUTE_ZERO,5517,5513,4,False,0.02205875904864375,115249.29934214767,-2.487928655158427,9.823590260811e-05,0.0,1517033.0155461251,0.0,-279093.6644254522,374010.57069703756,0.0,0.0,0.0
sleepers_south_open,S,CONDUCTIVITY_TEMPERATURE_BELOW_ABSOLUTE_ZERO,5517,5514,3,False,0.02468340506574253,170668.1086505272,-3.292516883807728,0.00017535398290091,0.0,1145275.3042107217,0.0,-498014.20970523386,30845.132376443667,3.4518667182676634,0.0,0.0
sleepers_south_open,S,CONDUCTIVITY_TEMPERATURE_BELOW_ABSOLUTE_ZERO,5517,5515,2,False,0.02451024151144611,160691.52986304558,-3.1219511276347727,0.00017316355429643,0.0,1313310.8736260184,0.0,-491723.54504568066,9272.256510416773,2.3398736498725583,0.0,0.0
sleepers_south_open,S,CONDUCTIVITY_TEMPERATURE_BELOW_ABSOLUTE_ZERO,5517,5516,1,False,0.02439906086813727,96245.84082447905,-1.8784064280692299,0.00011118064330883,0.0,2185927.547808464,0.0,-315529.8905335769,64117.39786389485,1.1312417096295222,0.0,0.0
sleepers_south_open,S,CONDUCTIVITY_TEMPERATURE_BELOW_ABSOLUTE_ZERO,5517,5517,0,True,6.756762625182788e-07,392.0092909545755,-276.27297462695793,,,,,,,0.0,,
sleepers_w9_hardwood,LS,CONDUCTIVITY_TEMPERATURE_BELOW_ABSOLUTE_ZERO,26,6,20,False,0.00525248405560898,130107.0903139257,-11.795515538249898,0.00034751594438687,0.0,1444854.1202353393,-326633.5401109705,-988723.070712476,-21670.998095078074,0.0,0.0,0.0
sleepers_w9_hardwood,LS,CONDUCTIVITY_TEMPERATURE_BELOW_ABSOLUTE_ZERO,26,7,19,False,0.0051129717400466,75414.43607930066,-7.023632840949578,0.0001395123155624,0.0,1087543.8450506362,-441363.7907020492,-396100.4053487514,54169.24018866489,0.0,0.0,0.0
sleepers_w9_hardwood,LS,CONDUCTIVITY_TEMPERATURE_BELOW_ABSOLUTE_ZERO,26,8,18,False,0.00502661926781123,112845.16201705553,-10.690244988475444,8.635247223535e-05,0.0,1007970.460967307,-798899.9627553321,-245629.52241603567,-38063.995477594035,0.0,0.0,0.0
sleepers_w9_hardwood,LS,CONDUCTIVITY_TEMPERATURE_BELOW_ABSOLUTE_ZERO,26,9,17,False,0.00489915696814762,138572.75372511687,-13.469057230133778,0.00012746229966361,0.0,1907515.1826986459,-1129560.7827869267,-362470.2344231555,-26597.43260725345,0.0,0.0,0.0
sleepers_w9_hardwood,LS,CONDUCTIVITY_TEMPERATURE_BELOW_ABSOLUTE_ZERO,26,10,16,False,0.01490123931834603,62297.880328908956,-1.990818123627935,0.00047561204687909,0.0,1535234.233771442,615407.9807910641,-1350440.7049490034,14341.59603012234,0.0,0.00038131281109552,0.00042230560201286
sleepers_w9_hardwood,LS,CONDUCTIVITY_TEMPERATURE_BELOW_ABSOLUTE_ZERO,26,11,15,False,0.01452877703376069,148696.48293521683,-4.873627618638023,0.00037246228458534,0.0,2063901.7881028927,230572.11819442298,-1056957.0494925396,-87471.25463174444,0.0,0.0,0.0
sleepers_w9_hardwood,LS,CONDUCTIVITY_TEMPERATURE_BELOW_ABSOLUTE_ZERO,26,12,14,False,0.01431622960125232,323677.67808100703,-10.766258431908607,0.00021254743250839,0.0,1918158.2657622073,-1044234.5910090095,-604403.6253932412,-176445.28542862713,0.0,0.0,0.0
sleepers_w9_hardwood,LS,CONDUCTIVITY_TEMPERATURE_BELOW_ABSOLUTE_ZERO,26,13,13,False,0.02674442184960573,234704.0615609755,-4.178958867275249,0.00022602691700497,0.0,1404497.4854175893,18185.979280915755,-641566.217730023,176612.69134822008,0.0,4.578083464161e-05,4.578083464161e-05
sleepers_w9_hardwood,LS,CONDUCTIVITY_TEMPERATURE_BELOW_ABSOLUTE_ZERO,26,14,12,False,0.02657384202005643,14002.534217274531,-0.2509186828071328,5.852295455652e-05,0.00011205687499279,801763.2879583728,320383.91883567645,-165844.63015933573,207794.4113204281,0.0,3.594371215734e-05,0.00011205687499279
sleepers_w9_hardwood,LS,CONDUCTIVITY_TEMPERATURE_BELOW_ABSOLUTE_ZERO,26,15,11,False,0.02636752028955801,192525.4653486225,-3.4769592292476568,0.00011777312084485,8.854860965357e-05,1672801.685395963,-658096.264536673,-334225.87031995633,-208410.23505187783,0.0,8.854860965357e-05,8.854860965357e-05
sleepers_w9_hardwood,LS,CONDUCTIVITY_TEMPERATURE_BELOW_ABSOLUTE_ZERO,26,16,10,False,0.02607406907307947,244956.37795962763,-4.473636007466206,0.00018931361924977,0.00010413759722876,2084259.9801231376,-539816.0292591549,-537503.5656516744,-88513.44392626708,0.0,0.00010413759722876,0.00010413759722876
sleepers_w9_hardwood,LS,CONDUCTIVITY_TEMPERATURE_BELOW_ABSOLUTE_ZERO,26,17,9,False,0.02588314297454527,67998.12361113768,-1.251009542940385,8.530125610305e-05,0.00010562484243115,1389437.4335750067,-7952.549156885137,-241833.71609286914,140824.22154555967,0.0,0.00010562484243115,0.00010562484243115
sleepers_w9_hardwood,LS,CONDUCTIVITY_TEMPERATURE_BELOW_ABSOLUTE_ZERO,26,18,8,False,0.02572430882995601,34232.38302944171,-0.6336860159656426,7.270505632199e-05,8.612908826727e-05,725131.4768982559,-24569.896968764697,-206107.1274852795,6345.226951106212,0.0,8.178243961248e-05,8.612908826727e-05
sleepers_w9_hardwood,LS,CONDUCTIVITY_TEMPERATURE_BELOW_ABSOLUTE_ZERO,26,19,7,False,0.03335616777195635,408296.8975984445,-5.82881988793565,0.00020735303840576,6.077185575094e-05,887168.3576254616,-592845.3654491284,-589725.9443291279,-295402.95215279533,0.0,6.078801959391e-05,6.078801959391e-05
sleepers_w9_hardwood,LS,CONDUCTIVITY_TEMPERATURE_BELOW_ABSOLUTE_ZERO,26,20,6,False,0.03555838185240266,812453.7885172553,-10.880212661045116,9.778591946562e-05,0.0,597069.40197187,-668463.9321803877,-279747.0195043647,-351141.54971288244,0.0,0.0,0.0
sleepers_w9_hardwood,LS,CONDUCTIVITY_TEMPERATURE_BELOW_ABSOLUTE_ZERO,26,21,5,False,0.0397101819791583,838749.2618824997,-10.057984892385118,0.00014819987322244,0.0,1586549.4638693263,-1081339.7598237812,-422827.53224337095,82382.17180217458,0.0,0.0,0.0
sleepers_w9_hardwood,LS,CONDUCTIVITY_TEMPERATURE_BELOW_ABSOLUTE_ZERO,26,22,4,False,0.04337366494521092,514448.74369870586,-5.648026113240122,0.00013651665018928,0.0,1352111.7130132292,-583139.3879463517,-387992.55382844934,380979.77123844146,4.398750634679844,3.837581e-10,3.837581e-10
sleepers_w9_hardwood,LS,CONDUCTIVITY_TEMPERATURE_BELOW_ABSOLUTE_ZERO,26,23,3,False,0.04306979917074064,1177721.6413745694,-13.021185146527847,0.0003038657744703,0.0,2237147.9709427636,-2036983.9158798642,-868383.1507715896,-668219.0957086871,3.411289862592314,0.0,0.0
sleepers_w9_hardwood,LS,CONDUCTIVITY_TEMPERATURE_BELOW_ABSOLUTE_ZERO,26,24,2,False,0.04289283677730374,1261457.193710507,-14.004527256746012,0.0001769623934369,0.0,2160101.9072489766,-1740755.2047291296,-506454.711279975,-87108.00876013095,2.172503214715014,0.0,0.0
sleepers_w9_hardwood,LS,CONDUCTIVITY_TEMPERATURE_BELOW_ABSOLUTE_ZERO,26,25,1,False,0.0427213887581054,1070750.2148698645,-11.93502995857543,0.00017144801919832,0.0,1937383.829972288,-1259592.5129785715,-489690.5329521768,188100.78404154233,1.1388160497370807,0.0,0.0
sleepers_w9_hardwood,LS,CONDUCTIVITY_TEMPERATURE_BELOW_ABSOLUTE_ZERO,26,26,0,True,1.427634172771566e-06,831.8722422027872,-277.4727914891181,,,,,,,0.0,,
sleepers_w9_hardwood,S,CONDUCTIVITY_TEMPERATURE_BELOW_ABSOLUTE_ZERO,3247,3217,30,False,0.00349557140162372,1.81899e-12,-2.4779517130829153e-16,6.127740377953e-05,0.00552236667262088,1404268.3875882688,0.0,-173675.5765879661,-15499.968669362304,0.0,4.670651403771e-05,0.00962990080081124
sleepers_w9_hardwood,S,CONDUCTIVITY_TEMPERATURE_BELOW_ABSOLUTE_ZERO,3247,3218,29,False,-0.0,0.0,0.0,0.0,0.00353675022311368,0.0,0.0,0.0,0.0,0.0,0.0,0.00412203648418709
sleepers_w9_hardwood,S,CONDUCTIVITY_TEMPERATURE_BELOW_ABSOLUTE_ZERO,3247,3219,28,False,-0.0,0.0,0.0,0.0,0.0,0.0,0.0,0.0,0.0,0.0,0.0,0.0
sleepers_w9_hardwood,S,CONDUCTIVITY_TEMPERATURE_BELOW_ABSOLUTE_ZERO,3247,3220,27,False,-0.0,0.0,0.0,0.0,0.0,0.0,0.0,0.0,0.0,0.0,0.0,0.0
sleepers_w9_hardwood,S,CONDUCTIVITY_TEMPERATURE_BELOW_ABSOLUTE_ZERO,3247,3221,26,False,-0.0,0.0,0.0,0.0,0.0,0.0,0.0,0.0,0.0,0.0,0.0,0.0
sleepers_w9_hardwood,S,CONDUCTIVITY_TEMPERATURE_BELOW_ABSOLUTE_ZERO,3247,3222,25,False,-0.0,0.0,0.0,0.0,0.0,0.0,0.0,0.0,0.0,0.0,0.0,0.0
sleepers_w9_hardwood,S,CONDUCTIVITY_TEMPERATURE_BELOW_ABSOLUTE_ZERO,3247,3223,24,False,-0.0,0.0,0.0,0.0,0.0,0.0,0.0,0.0,0.0,0.0,0.0,0.0
sleepers_w9_hardwood,S,CONDUCTIVITY_TEMPERATURE_BELOW_ABSOLUTE_ZERO,3247,3224,23,False,-0.0,0.0,0.0,0.0,0.0,0.0,0.0,0.0,0.0,0.0,0.0,0.0
sleepers_w9_hardwood,S,CONDUCTIVITY_TEMPERATURE_BELOW_ABSOLUTE_ZERO,3247,3225,22,False,-0.0,0.0,0.0,0.0,0.0,0.0,0.0,0.0,0.0,0.0,0.0,0.0
sleepers_w9_hardwood,S,CONDUCTIVITY_TEMPERATURE_BELOW_ABSOLUTE_ZERO,3247,3226,21,False,-0.0,0.0,0.0,0.0,0.0,0.0,0.0,0.0,0.0,0.0,0.0,0.0
sleepers_w9_hardwood,S,CONDUCTIVITY_TEMPERATURE_BELOW_ABSOLUTE_ZERO,3247,3227,20,False,0.02172139458661768,155640.28924284037,-3.4120471939970516,0.00017859637164809,0.0,1499458.660601565,0.0,-506725.65916400106,-66405.85079339484,0.0,4.01217625e-09,4.01217625e-09
sleepers_w9_hardwood,S,CONDUCTIVITY_TEMPERATURE_BELOW_ABSOLUTE_ZERO,3247,3228,19,False,0.04131020228645163,0.0,-0.0,7.332084105051e-05,0.00103787145911552,1235732.3176659604,0.0,-207864.80120296683,74453.43839978539,0.0,0.0002431970776381,0.00103787145911552
sleepers_w9_hardwood,S,CONDUCTIVITY_TEMPERATURE_BELOW_ABSOLUTE_ZERO,3247,3229,18,False,0.03967101466255749,7.27596e-12,-8.7336885295575e-17,0.00011216257690044,0.0015270250469937,832546.808381116,0.0,-317937.65963034227,-93814.60305113821,0.0,0.00028102360379808,0.0015270250469937
sleepers_w9_hardwood,S,CONDUCTIVITY_TEMPERATURE_BELOW_ABSOLUTE_ZERO,3247,3230,17,False,0.03560141511586144,0.0,-0.0,0.000184635764064,0.00388496378263205,2464931.0183714726,0.0,-523518.4555048672,-155153.53560039218,0.0,0.00046445979954066,0.00388496378263205
sleepers_w9_hardwood,S,CONDUCTIVITY_TEMPERATURE_BELOW_ABSOLUTE_ZERO,3247,3231,16,False,0.01755042380004457,3.63798e-12,-9.870823908919106e-17,4.272627026927e-05,0.02161067396760541,1756008.8029644513,0.0,-121092.45127302987,-28612.215129176235,0.0,8.573172362033e-05,0.02940826504554759
sleepers_w9_hardwood,S,CONDUCTIVITY_TEMPERATURE_BELOW_ABSOLUTE_ZERO,3247,3232,15,False,-0.0,0.0,0.0,0.0,0.01755045108935888,0.0,0.0,0.0,0.0,0.0,0.0,0.02665042380004457
sleepers_w9_hardwood,S,CONDUCTIVITY_TEMPERATURE_BELOW_ABSOLUTE_ZERO,3247,3233,14,False,-0.0,0.0,0.0,0.0,0.0,0.0,0.0,0.0,0.0,0.0,0.0,0.0
sleepers_w9_hardwood,S,CONDUCTIVITY_TEMPERATURE_BELOW_ABSOLUTE_ZERO,3247,3234,13,False,-0.0,0.0,0.0,0.0,0.0,0.0,0.0,0.0,0.0,0.0,0.0,0.0
sleepers_w9_hardwood,S,CONDUCTIVITY_TEMPERATURE_BELOW_ABSOLUTE_ZERO,3247,3235,12,False,-0.0,0.0,0.0,0.0,0.0,0.0,0.0,0.0,0.0,0.0,0.0,0.0
sleepers_w9_hardwood,S,CONDUCTIVITY_TEMPERATURE_BELOW_ABSOLUTE_ZERO,3247,3236,11,False,-0.0,0.0,0.0,0.0,0.0,0.0,0.0,0.0,0.0,0.0,0.0,0.0
sleepers_w9_hardwood,S,CONDUCTIVITY_TEMPERATURE_BELOW_ABSOLUTE_ZERO,3247,3237,10,False,-0.0,0.0,0.0,0.0,0.0,0.0,0.0,0.0,0.0,0.0,0.0,0.0
sleepers_w9_hardwood,S,CONDUCTIVITY_TEMPERATURE_BELOW_ABSOLUTE_ZERO,3247,3238,9,False,-0.0,0.0,0.0,0.0,0.0,0.0,0.0,0.0,0.0,0.0,0.0,0.0
sleepers_w9_hardwood,S,CONDUCTIVITY_TEMPERATURE_BELOW_ABSOLUTE_ZERO,3247,3239,8,False,0.01227095665672753,103202.09384296648,-4.004891842234109,0.00021142304891482,0.0,1242303.3494814618,0.0,-599941.9766150407,-88153.76319467208,0.0,0.00010638893700792,0.00010638893700792
sleepers_w9_hardwood,S,CONDUCTIVITY_TEMPERATURE_BELOW_ABSOLUTE_ZERO,3247,3240,7,False,0.00458919816201397,0.0,-0.0,3.377327424589e-05,0.00779597104773676,1087242.1342621942,0.0,-95713.85923604164,23664.785334659897,0.0,4.558928987434e-05,0.01244798522046767
sleepers_w9_hardwood,S,CONDUCTIVITY_TEMPERATURE_BELOW_ABSOLUTE_ZERO,3247,3241,6,False,-0.0,0.0,0.0,0.0,0.00458919816201397,0.0,0.0,0.0,0.0,0.0,0.0,0.00458919816201397
sleepers_w9_hardwood,S,CONDUCTIVITY_TEMPERATURE_BELOW_ABSOLUTE_ZERO,3247,3242,5,False,-0.0,0.0,0.0,0.0,0.0,0.0,0.0,0.0,0.0,0.0,0.0,0.0
sleepers_w9_hardwood,S,CONDUCTIVITY_TEMPERATURE_BELOW_ABSOLUTE_ZERO,3247,3243,4,False,-0.0,0.0,0.0,0.0,0.0,0.0,0.0,0.0,0.0,0.0,0.0,0.0
sleepers_w9_hardwood,S,CONDUCTIVITY_TEMPERATURE_BELOW_ABSOLUTE_ZERO,3247,3244,3,False,-0.0,0.0,0.0,0.0,0.0,0.0,0.0,0.0,0.0,0.0,0.0,0.0
sleepers_w9_hardwood,S,CONDUCTIVITY_TEMPERATURE_BELOW_ABSOLUTE_ZERO,3247,3245,2,False,0.00698948011341672,79383.4016711374,-5.408359309991643,0.00010640551265274,0.0,1046269.159270342,0.0,-301983.87469836033,-26908.35592301739,0.0,2.56345852231e-06,2.56345852231e-06
sleepers_w9_hardwood,S,CONDUCTIVITY_TEMPERATURE_BELOW_ABSOLUTE_ZERO,3247,3246,1,False,0.02776408042325009,134582.06737194752,-2.3082593686365778,0.00012393704462372,0.0,874281.1355556143,0.0,-351594.8261966563,42794.16358620859,0.0,1.46264554287e-06,1.46264554287e-06
sleepers_w9_hardwood,S,CONDUCTIVITY_TEMPERATURE_BELOW_ABSOLUTE_ZERO,3247,3247,0,True,5.339499506519216e-07,376.02516844007596,-335.3490412359108,,,,,,,0.0,,
snotel_css_lab_ca,LS,SATURATION_VAPOR_PRESSURE_UNDERFLOW,4418,4388,30,False,0.05421667469279087,326000.5728014148,-2.86329563515845,5.556638337899e-05,0.0,537846.469820092,-398426.2909213852,-157845.31655639494,-18425.13765768842,0.0,2.1740432074e-07,2.1740432074e-07
snotel_css_lab_ca,LS,SATURATION_VAPOR_PRESSURE_UNDERFLOW,4418,4389,29,False,0.05845294088327508,241851.399667428,-1.9702572947517532,6.373153831715e-05,0.0,863323.9881895218,-490216.08458351425,-180878.23375795028,114657.56565757448,12.05746516462062,2.27119864e-09,2.27119864e-09
snotel_css_lab_ca,LS,SATURATION_VAPOR_PRESSURE_UNDERFLOW,4418,4390,28,False,0.05834280342082445,147023.23855123587,-1.1999948900602495,0.00011013746245064,0.0,2332297.500304357,-352566.1718351171,-312501.09023477725,94548.78765944822,9.870826712656593,0.0,0.0
snotel_css_lab_ca,LS,SATURATION_VAPOR_PRESSURE_UNDERFLOW,4418,4391,27,False,0.05119195786729289,2.842e-14,-2.643644411572688e-19,0.00010187829952847,0.0070489672540031,2407158.1278651943,1024377.1221865212,-288880.17604685714,124281.59418748235,0.0,1.19887064675e-05,0.0070489672540031
snotel_css_lab_ca,LS,SATURATION_VAPOR_PRESSURE_UNDERFLOW,4418,4392,26,False,0.04271884355338185,0.0,-0.0,9.067057129129e-05,0.00838244374261974,2323009.8563839057,723606.4229059982,-257059.83853737655,-10722.112436711868,0.0,3.186929691216e-05,0.00838244374261974
snotel_css_lab_ca,LS,SATURATION_VAPOR_PRESSURE_UNDERFLOW,4418,4393,25,False,0.04246256658095442,290410.95907272387,-3.2567728243209966,0.00017884962488167,7.742734754576e-05,1830420.809040351,-887941.6918121668,-507659.1105113343,-316840.41972999286,0.0,7.742734754576e-05,7.742734754576e-05
snotel_css_lab_ca,LS,SATURATION_VAPOR_PRESSURE_UNDERFLOW,4418,4394,24,False,0.0423469491662021,162096.07332849153,-1.8227666423843918,0.00011350262673149,2.11478802084e-06,2351341.5060531977,-277629.51409015304,-322055.0963590715,127309.7274619945,0.0,2.11478802084e-06,2.11478802084e-06
snotel_css_lab_ca,LS,SATURATION_VAPOR_PRESSURE_UNDERFLOW,4418,4395,23,False,0.04226827842198724,45351.71949326563,-0.5109282352583624,7.771667361927e-05,9.5407059559e-07,2425870.5125870034,347232.3604280131,-220417.07537939973,116290.38268747248,0.0,9.5407059559e-07,9.5407059559e-07
snotel_css_lab_ca,LS,SATURATION_VAPOR_PRESSURE_UNDERFLOW,4418,4396,22,False,0.03619829425078904,4.5475e-13,-5.982260311696836e-18,7.459681127691e-05,0.00599538735992129,2243452.050150359,545886.3787810646,-211494.80353655686,23902.78011256385,0.0,4.525158199979e-05,0.00599538735992129
snotel_css_lab_ca,LS,SATURATION_VAPOR_PRESSURE_UNDERFLOW,4418,4397,21,False,0.02563772616488403,0.0,-0.0,7.141793376384e-05,0.01048915015214118,2280108.173732715,1372681.701670843,-202417.6278901134,-32.62200650088198,0.0,0.0,0.01048915015214118
snotel_css_lab_ca,LS,SATURATION_VAPOR_PRESSURE_UNDERFLOW,4418,4398,20,False,0.01739137660445211,0.0,-0.0,5.464597905561e-05,0.00819170358137631,2188391.377460232,1005911.0438104279,-154890.1218360873,-31.012703182663245,0.0,0.0,0.00819170358137631
snotel_css_lab_ca,LS,SATURATION_VAPOR_PRESSURE_UNDERFLOW,4418,4399,19,False,0.01731600672997784,28980.063350807075,-0.7969522293589827,7.436569012951e-05,1.00418434475e-06,1108627.0602258183,100858.08646060611,-210779.26676908525,-29355.277097736685,0.0,1.00418434475e-06,1.00418434475e-06
snotel_css_lab_ca,LS,SATURATION_VAPOR_PRESSURE_UNDERFLOW,4418,4400,18,False,0.0133316319800393,0.0,-0.0,0.00013957819020671,0.00384479655973184,2148322.5967398146,500913.6543066719,-395682.791531336,-10270.259532989374,0.0,9.880339693191e-05,0.00384479655973184
snotel_css_lab_ca,LS,SATURATION_VAPOR_PRESSURE_UNDERFLOW,4418,4401,17,False,0.00497216618824742,9.0949e-13,-8.710297681001913e-17,0.00010555935034036,0.00825390644145152,2653935.5766507033,1066218.060439058,-299244.8238050345,-8126.833514327479,0.0,2.409834625316e-05,0.00825390644145152
snotel_css_lab_ca,LS,SATURATION_VAPOR_PRESSURE_UNDERFLOW,4418,4402,16,False,0.00490156908314642,16751.003230756705,-1.6273703521897216,6.91685844847e-05,1.42852061631e-06,2647446.8704490885,644329.3171069137,-196101.37419126768,-17298.49443379005,0.0,1.42852061631e-06,1.42852061631e-06
snotel_css_lab_ca,LS,SATURATION_VAPOR_PRESSURE_UNDERFLOW,4418,4403,15,False,-0.0,0.0,0.0,0.0,0.00490156908314642,0.0,0.0,0.0,0.0,0.0,0.0,0.00490156908314642
snotel_css_lab_ca,LS,SATURATION_VAPOR_PRESSURE_UNDERFLOW,4418,4404,14,False,-0.0,0.0,0.0,0.0,0.0,0.0,0.0,0.0,0.0,0.0,0.0,0.0
snotel_css_lab_ca,LS,SATURATION_VAPOR_PRESSURE_UNDERFLOW,4418,4405,13,False,-0.0,0.0,0.0,0.0,0.0,0.0,0.0,0.0,0.0,0.0,0.0,0.0
snotel_css_lab_ca,LS,SATURATION_VAPOR_PRESSURE_UNDERFLOW,4418,4406,12,False,-0.0,0.0,0.0,0.0,0.0,0.0,0.0,0.0,0.0,0.0,0.0,0.0
snotel_css_lab_ca,LS,SATURATION_VAPOR_PRESSURE_UNDERFLOW,4418,4407,11,False,-0.0,0.0,0.0,0.0,0.0,0.0,0.0,0.0,0.0,0.0,0.0,0.0
snotel_css_lab_ca,LS,SATURATION_VAPOR_PRESSURE_UNDERFLOW,4418,4408,10,False,-0.0,0.0,0.0,0.0,0.0,0.0,0.0,0.0,0.0,0.0,0.0,0.0
snotel_css_lab_ca,LS,SATURATION_VAPOR_PRESSURE_UNDERFLOW,4418,4409,9,False,-0.0,0.0,0.0,0.0,0.0,0.0,0.0,0.0,0.0,0.0,0.0,0.0
snotel_css_lab_ca,LS,SATURATION_VAPOR_PRESSURE_UNDERFLOW,4418,4410,8,False,-0.0,0.0,0.0,0.0,0.0,0.0,0.0,0.0,0.0,0.0,0.0,0.0
snotel_css_lab_ca,LS,SATURATION_VAPOR_PRESSURE_UNDERFLOW,4418,4411,7,False,-0.0,0.0,0.0,0.0,0.0,0.0,0.0,0.0,0.0,0.0,0.0,0.0
snotel_css_lab_ca,LS,SATURATION_VAPOR_PRESSURE_UNDERFLOW,4418,4412,6,False,-0.0,0.0,0.0,0.0,0.0,0.0,0.0,0.0,0.0,0.0,0.0,0.0
snotel_css_lab_ca,LS,SATURATION_VAPOR_PRESSURE_UNDERFLOW,4418,4413,5,False,-0.0,0.0,0.0,0.0,0.0,0.0,0.0,0.0,0.0,0.0,0.0,0.0
snotel_css_lab_ca,LS,SATURATION_VAPOR_PRESSURE_UNDERFLOW,4418,4414,4,False,0.00646971470816657,51122.97185556726,-3.7628046073570567,0.0001274876027451,0.0,1376394.1012108428,-148959.39611341126,-361607.3726969111,-14217.486881830946,0.0,2.79749740355e-06,2.79749740355e-06
snotel_css_lab_ca,LS,SATURATION_VAPOR_PRESSURE_UNDERFLOW,4418,4415,3,False,0.00636570946763801,33939.84685650251,-2.538889328611882,0.00010400524052856,0.0,2925846.596163189,408130.48290186503,-294893.6752689372,17059.231779895243,0.0,0.0,0.0
snotel_css_lab_ca,LS,SATURATION_VAPOR_PRESSURE_UNDERFLOW,4418,4416,2,False,0.00622030400601433,36566.8143188798,-2.799343682630289,0.00014540546162364,0.0,2502320.3635645616,200176.6789465845,-412264.5379202589,-2790.8609567419735,0.0,0.0,0.0
snotel_css_lab_ca,LS,SATURATION_VAPOR_PRESSURE_UNDERFLOW,4418,4417,1,False,0.0008085573040171,0.0,-0.0,9.16873908737e-05,0.00532005931112352,2305602.039760116,709734.7559361409,-259861.2935843577,4174.653722898976,0.0,3.23822829548e-06,0.00532005931112352
snotel_css_lab_ca,LS,SATURATION_VAPOR_PRESSURE_UNDERFLOW,4418,4418,0,True,1.4668572036458776e-06,834.4309529963283,-270.88394962221594,,,,,,,0.0,,
snotel_mica_creek_st_joe_id,LS,CONDUCTIVITY_TEMPERATURE_BELOW_ABSOLUTE_ZERO,10204,10174,30,False,0.02995670322021727,0.0,-0.0,4.072724091911e-05,0.00483306657738151,517999.92980699457,456338.04159587115,-115418.66953629974,-9.461363387128586,0.0,0.0,0.00751615609938981
snotel_mica_creek_st_joe_id,LS,CONDUCTIVITY_TEMPERATURE_BELOW_ABSOLUTE_ZERO,10204,10175,29,False,0.01978172440780963,0.0,-0.0,0.0,0.01018376690589459,485311.58625696594,1300084.1625136659,0.0,0.0,0.0,0.0,0.01217497881240765
snotel_mica_creek_st_joe_id,LS,CONDUCTIVITY_TEMPERATURE_BELOW_ABSOLUTE_ZERO,10204,10176,28,False,0.0006562317245101,0.0,-0.0,0.0,0.01912549268329953,799687.0911199774,2547553.1213909173,0.0,0.0,0.0,0.0,0.01912549268329953
snotel_mica_creek_st_joe_id,LS,CONDUCTIVITY_TEMPERATURE_BELOW_ABSOLUTE_ZERO,10204,10177,27,False,-0.0,0.0,0.0,0.0,0.0006562317245101,0.0,0.0,0.0,0.0,0.0,0.0,0.0006562317245101
snotel_mica_creek_st_joe_id,LS,CONDUCTIVITY_TEMPERATURE_BELOW_ABSOLUTE_ZERO,10204,10178,26,False,-0.0,0.0,0.0,0.0,0.0,0.0,0.0,0.0,0.0,0.0,0.0,0.0
snotel_mica_creek_st_joe_id,LS,CONDUCTIVITY_TEMPERATURE_BELOW_ABSOLUTE_ZERO,10204,10179,25,False,-0.0,0.0,0.0,0.0,0.0,0.0,0.0,0.0,0.0,0.0,0.0,0.0
snotel_mica_creek_st_joe_id,LS,CONDUCTIVITY_TEMPERATURE_BELOW_ABSOLUTE_ZERO,10204,10180,24,False,0.02130053595937906,0.0,-0.0,4.59443263515e-05,0.0,220558.66530189538,4104.0029564996585,-130218.90026168937,-9140.226875457525,0.0,6.762988110766e-05,0.00258409005659104
snotel_mica_creek_st_joe_id,LS,CONDUCTIVITY_TEMPERATURE_BELOW_ABSOLUTE_ZERO,10204,10181,23,False,0.04528658897387097,64636.70144572011,-0.6796577604592366,5.333152656105e-05,0.0,194028.4808200694,-107087.06313292166,-151296.50164942158,-64355.083962273915,0.0,0.00021821595360992,0.00046061545894704
snotel_mica_creek_st_joe_id,LS,CONDUCTIVITY_TEMPERATURE_BELOW_ABSOLUTE_ZERO,10204,10182,22,False,0.052590326457138,30696.536126767336,-0.27794842018174043,9.897012159436e-05,0.0,341579.25253464346,4396.232122678756,-280579.7313588583,-1928.0425970313963,0.0,0.00013518874940049,0.00069729239513859
snotel_mica_creek_st_joe_id,LS,CONDUCTIVITY_TEMPERATURE_BELOW_ABSOLUTE_ZERO,10204,10183,21,False,0.05319411942772482,0.0,-0.0,3.079163565825e-05,0.00154961104882886,308410.18224373943,420048.4940195585,-87255.87357669727,30693.522291438872,0.0,0.0,0.00546541539375493
snotel_mica_creek_st_joe_id,LS,CONDUCTIVITY_TEMPERATURE_BELOW_ABSOLUTE_ZERO,10204,10184,20,False,0.04985902189563531,0.0,-0.0,2.802895920576e-05,0.0061507776506018,436243.2996241368,609933.5914523365,-79424.08465774437,-0.8375551427188839,0.0,0.0,0.01830706857288375
snotel_mica_creek_st_joe_id,LS,CONDUCTIVITY_TEMPERATURE_BELOW_ABSOLUTE_ZERO,10204,10185,19,False,0.04917993221515131,164117.39019013333,-1.5890859272412954,0.0001726808099264,0.0005064088705576,772688.3105897025,-616048.6509528086,-490464.63549308537,-333824.97585619113,0.0,0.0005064088705576,0.0005064088705576
snotel_mica_creek_st_joe_id,LS,CONDUCTIVITY_TEMPERATURE_BELOW_ABSOLUTE_ZERO,10204,10186,18,False,0.04908853668642093,418804.95605167927,-4.062678273079344,8.579170600779e-05,5.60382272259e-06,774288.2781607846,-787460.1745230908,-243991.10596973324,-257163.00233203944,0.0,5.60382272259e-06,5.60382272259e-06
snotel_mica_creek_st_joe_id,LS,CONDUCTIVITY_TEMPERATURE_BELOW_ABSOLUTE_ZERO,10204,10187,17,False,0.04903610877810174,236206.43239882175,-2.29380463348427,5.167371582391e-05,7.5419249528e-07,761578.4142427528,-432705.49408699386,-146751.76901458626,182121.15114117236,0.0,7.5419249528e-07,7.5419249528e-07
snotel_mica_creek_st_joe_id,LS,CONDUCTIVITY_TEMPERATURE_BELOW_ABSOLUTE_ZERO,10204,10188,16,False,0.04895164390150412,53685.96133146372,-0.5222448411050743,8.403224345301e-05,4.3263314461e-07,751906.4683012745,170687.099484785,-238346.61506268985,182220.5170535478,0.0,4.3263314461e-07,4.3263314461e-07
snotel_mica_creek_st_joe_id,LS,CONDUCTIVITY_TEMPERATURE_BELOW_ABSOLUTE_ZERO,10204,10189,15,False,0.04545678788168579,0.0,-0.0,5.93319219823e-05,0.00343552409783604,720604.486583648,365987.4454324685,-168199.05230926594,44576.984890305364,0.0,1.623649517792e-05,0.00343552409783604
snotel_mica_creek_st_joe_id,LS,CONDUCTIVITY_TEMPERATURE_BELOW_ABSOLUTE_ZERO,10204,10190,14,False,0.03875025958677809,0.0,-0.0,4.529701562799e-05,0.00666123127927971,719711.4265455379,882281.5703711588,-128377.82059227838,-16.345660442866574,0.0,0.0,0.00666123127927971
snotel_mica_creek_st_joe_id,LS,CONDUCTIVITY_TEMPERATURE_BELOW_ABSOLUTE_ZERO,10204,10191,13,False,0.03155233398546849,0.0,-0.0,4.456737441435e-05,0.00715335822689525,697646.7240960551,979425.6114167719,-126300.96922402161,-10.082484320420917,0.0,0.0,0.00715335822689525
snotel_mica_creek_st_joe_id,LS,CONDUCTIVITY_TEMPERATURE_BELOW_ABSOLUTE_ZERO,10204,10192,12,False,0.0249717748952886,0.0,-0.0,3.894372427232e-05,0.00654161536590757,684003.2117454713,887764.423320962,-110364.74111897306,-9.381639379786975,0.0,0.0,0.00654161536590757
snotel_mica_creek_st_joe_id,LS,CONDUCTIVITY_TEMPERATURE_BELOW_ABSOLUTE_ZERO,10204,10193,11,False,0.01854061781138025,0.0,-0.0,4.71794258217e-05,0.00638397765808665,678397.9073362852,900424.7015025234,-133706.64388195233,-12.940896207042897,0.0,0.0,0.00638397765808665
snotel_mica_creek_st_joe_id,LS,CONDUCTIVITY_TEMPERATURE_BELOW_ABSOLUTE_ZERO,10204,10194,10,False,0.01926256109420396,0.0,-0.0,6.517499437348e-05,0.00306025416793493,568987.0129253914,388761.3441671074,-184732.5987150777,-4092.769282946621,0.0,1.21625571298e-05,0.00531288172280281
snotel_mica_creek_st_joe_id,LS,CONDUCTIVITY_TEMPERATURE_BELOW_ABSOLUTE_ZERO,10204,10195,9,False,0.0255446565895081,0.0,-0.0,3.287078148454e-05,0.0012477243961892,264381.2679060919,146963.01810266485,-93151.91462208617,-1659.1358808421392,0.0,4.95527364762e-06,0.00258503372321132
snotel_mica_creek_st_joe_id,LS,CONDUCTIVITY_TEMPERATURE_BELOW_ABSOLUTE_ZERO,10204,10196,8,False,0.02727070471169235,0.0,-0.0,6.62196629455e-06,0.00806817986412257,413834.23378101597,820448.6258032438,-18764.00369223551,0.0,0.0,0.0,0.03116732991152119
snotel_mica_creek_st_joe_id,LS,CONDUCTIVITY_TEMPERATURE_BELOW_ABSOLUTE_ZERO,10204,10197,7,False,0.03429840262060841,-3.63798e-12,5.050880788047319e-17,0.0002966303050006,0.00063734931837773,614276.3944022672,162127.2038915823,-841637.7067560519,-142470.24266974206,0.0,0.0004917211271781,0.00077567178608334
snotel_mica_creek_st_joe_id,LS,CONDUCTIVITY_TEMPERATURE_BELOW_ABSOLUTE_ZERO,10204,10198,6,False,0.03414070760992464,674120.0654632136,-9.4025454495608,0.00015769501068377,0.0,659719.5782619582,-886027.8357141991,-450003.8340923448,-676312.0915445851,0.0,0.0,0.0
snotel_mica_creek_st_joe_id,LS,CONDUCTIVITY_TEMPERATURE_BELOW_ABSOLUTE_ZERO,10204,10199,5,False,0.0340684656369601,780669.1741179856,-10.91176895760076,7.224197296453e-05,0.0,659651.0042223512,-560790.0232143567,-206868.8881036369,-108007.90709564289,0.0,0.0,0.0
snotel_mica_creek_st_joe_id,LS,CONDUCTIVITY_TEMPERATURE_BELOW_ABSOLUTE_ZERO,10204,10200,4,False,0.03404667408775846,846184.6298148332,-11.83507853888926,2.179154920165e-05,0.0,636692.745905707,-640224.7703233826,-62467.98380424711,-66000.008221922,0.0,0.0,0.0
snotel_mica_creek_st_joe_id,LS,CONDUCTIVITY_TEMPERATURE_BELOW_ABSOLUTE_ZERO,10204,10201,3,False,0.03398729446558721,1015371.5301952066,-14.22620600070039,5.937962217125e-05,0.0,650697.7612170712,-650849.428723897,-170645.13184899284,-170796.79935581813,0.0,0.0,0.0
snotel_mica_creek_st_joe_id,LS,CONDUCTIVITY_TEMPERATURE_BELOW_ABSOLUTE_ZERO,10204,10202,2,False,0.03392135129068715,1124388.799958635,-15.784254391496981,6.594317490005e-05,0.0,648795.4464749785,-569980.1514411715,-189847.606876098,-111032.31184229118,0.0,0.0,0.0
snotel_mica_creek_st_joe_id,LS,CONDUCTIVITY_TEMPERATURE_BELOW_ABSOLUTE_ZERO,10204,10203,1,False,0.04179056785991857,1424602.60375178,-16.23290199206387,3.078343076857e-05,0.0,560921.366946023,-477279.66180999123,-88724.39908772391,-5082.693951692448,0.0,0.0,0.0
snotel_mica_creek_st_joe_id,LS,CONDUCTIVITY_TEMPERATURE_BELOW_ABSOLUTE_ZERO,10204,10204,0,True,7.218621553779943e-07,623.4040297004053,-411.24064968699065,,,,,,,0.0,,
snotel_mica_creek_st_joe_id,S,CONDUCTIVITY_TEMPERATURE_BELOW_ABSOLUTE_ZERO,9125,9095,30,False,0.06034062366568011,442690.4693141746,-3.4935831382134284,0.00011031347974623,0.0,560791.3420023461,0.0,-313404.51037516043,247386.83162718575,33.62581380998733,2.06489096e-09,2.06489096e-09
snotel_mica_creek_st_joe_id,S,CONDUCTIVITY_TEMPERATURE_BELOW_ABSOLUTE_ZERO,9125,9096,29,False,0.07066919407525127,262288.9818561865,-1.7673827585555146,6.647089959379e-05,0.0,446318.7187762416,0.0,-188617.41351862563,246173.9417269329,38.89316997756141,4.95869083507e-06,4.95869083507e-06
snotel_mica_creek_st_joe_id,S,CONDUCTIVITY_TEMPERATURE_BELOW_ABSOLUTE_ZERO,9125,9097,28,False,0.07049916838922654,286683.96978233743,-1.9364225026474116,0.00017002568602472,0.0,494072.646895536,0.0,-482548.32142638694,-24910.285676195526,37.65263713451127,0.0,0.0
snotel_mica_creek_st_joe_id,S,CONDUCTIVITY_TEMPERATURE_BELOW_ABSOLUTE_ZERO,9125,9098,27,False,0.07032740589850997,273132.8126498691,-1.8493962980332388,0.00017176249071657,0.0,642775.4271754632,0.0,-487483.76983392215,13028.266466094334,36.45699644480168,0.0,0.0
snotel_mica_creek_st_joe_id,S,CONDUCTIVITY_TEMPERATURE_BELOW_ABSOLUTE_ZERO,9125,9099,26,False,0.08466131947413359,369982.50074288074,-2.0810228839478953,0.00016597656131171,0.0,555878.5632897315,0.0,-471163.23397099646,39567.46470003606,49.38733219347269,1.0986306466e-07,1.0986306466e-07
snotel_mica_creek_st_joe_id,S,CONDUCTIVITY_TEMPERATURE_BELOW_ABSOLUTE_ZERO,9125,9100,25,False,0.09473428091077488,203858.62548550472,-1.0247139157250653,5.5534391151e-05,0.0,379913.39494650654,0.0,-157482.63624865812,163811.13078829576,55.72721417980496,8.002915597317e-05,0.00027150417220773
snotel_mica_creek_st_joe_id,S,CONDUCTIVITY_TEMPERATURE_BELOW_ABSOLUTE_ZERO,9125,9101,24,False,0.10285123308056407,128261.19570652008,-0.593835951508776,4.963138938422e-05,0.0,332667.4626203368,0.0,-140709.61616054727,71980.20989262602,60.527628697393396,5.440195685678e-05,0.00043341644082658
snotel_mica_creek_st_joe_id,S,CONDUCTIVITY_TEMPERATURE_BELOW_ABSOLUTE_ZERO,9125,9102,23,False,0.10270597481079911,216599.16592353574,-1.0042498516137293,0.00014525826976498,0.0,654993.7814211037,0.0,-411916.3425095122,-88550.67397575946,59.68266583948757,0.0,0.0
snotel_mica_creek_st_joe_id,S,CONDUCTIVITY_TEMPERATURE_BELOW_ABSOLUTE_ZERO,9125,9103,22,False,0.1025279927534374,290554.0665343963,-1.3494761341404962,0.00017798205736168,0.0,673624.7204426243,0.0,-504909.42296117434,-74346.19809986961,58.81546413517299,0.0,0.0
snotel_mica_creek_st_joe_id,S,CONDUCTIVITY_TEMPERATURE_BELOW_ABSOLUTE_ZERO,9125,9104,21,False,0.10237983348610355,279459.96707885223,-1.2998280058495744,0.00014815926733387,0.0,680327.0109561753,0.0,-420316.8463229877,10763.093979357314,57.8477394677064,0.0,0.0
snotel_mica_creek_st_joe_id,S,CONDUCTIVITY_TEMPERATURE_BELOW_ABSOLUTE_ZERO,9125,9105,20,False,0.1022969390907598,188645.62267939924,-0.8781420997870916,8.289439534373e-05,0.0,650697.7612170712,0.0,-235081.29940390663,90686.25825030163,56.80682810860516,0.0,0.0
snotel_mica_creek_st_joe_id,S,CONDUCTIVITY_TEMPERATURE_BELOW_ABSOLUTE_ZERO,9125,9106,19,False,0.10223811360004537,123462.21747841299,-0.5750451574504748,5.882549071442e-05,0.0,633139.5668824738,0.0,-166770.94714340576,65127.89259626543,55.806773093111204,0.0,0.0
snotel_mica_creek_st_joe_id,S,CONDUCTIVITY_TEMPERATURE_BELOW_ABSOLUTE_ZERO,9125,9107,18,False,0.10094730157057985,5.7554e-13,-2.714947922357747e-18,2.043975872991e-05,0.00294877282941437,402059.3703230457,0.0,-57921.38516700305,91488.46401453199,11.131552914374117,9.031569984532e-05,0.00867037227073562
snotel_mica_creek_st_joe_id,S,CONDUCTIVITY_TEMPERATURE_BELOW_ABSOLUTE_ZERO,9125,9108,17,False,0.09996403970826964,-2.842e-14,1.3538201710163354e-19,6.36723615804e-06,0.00525448920461134,252268.15795530647,0.0,-18042.348769739925,-5678.448433044421,0.0,1.702392997647e-05,0.01667689462615216
snotel_mica_creek_st_joe_id,S,CONDUCTIVITY_TEMPERATURE_BELOW_ABSOLUTE_ZERO,9125,9109,16,False,0.10657790878913641,-2.97717e-12,1.3302006167196515e-17,9.545973267545e-05,0.00105879916367954,341066.8023108946,0.0,-270540.06431881286,-94910.94234104591,0.0,0.00028656517061892,0.00299067118645777
snotel_mica_creek_st_joe_id,S,CONDUCTIVITY_TEMPERATURE_BELOW_ABSOLUTE_ZERO,9125,9110,15,False,0.11739539436458198,69228.12816787172,-0.2808097838630361,7.510040496104e-05,0.0,388990.7708967045,0.0,-212839.0743764542,-55975.66636866732,19.641044651600694,2.193361595864e-05,0.0005074140195934
snotel_mica_creek_st_joe_id,S,CONDUCTIVITY_TEMPERATURE_BELOW_ABSOLUTE_ZERO,9125,9111,14,False,0.11515989201564747,0.0,-0.0,0.0,0.00688102624722699,395980.4304793881,0.0,0.0,69228.12816787172,0.0,0.0,0.02643550234893451
snotel_mica_creek_st_joe_id,S,CONDUCTIVITY_TEMPERATURE_BELOW_ABSOLUTE_ZERO,9125,9112,13,False,0.10331407575266587,0.0,-0.0,0.0,0.01199511885768463,286855.14193343563,0.0,0.0,0.0,0.0,0.0,0.03304581626298159
snotel_mica_creek_st_joe_id,S,CONDUCTIVITY_TEMPERATURE_BELOW_ABSOLUTE_ZERO,9125,9113,12,False,0.10457519445386793,-1.81899e-12,8.282898433125282e-18,0.00010424364675985,0.00339932359120719,485093.7641570254,0.0,-295435.19614517473,-101573.98121831355,0.0,0.00030440882849789,0.01513463765203809
snotel_mica_creek_st_joe_id,S,CONDUCTIVITY_TEMPERATURE_BELOW_ABSOLUTE_ZERO,9125,9114,11,False,0.11113672792919849,-2.27374e-12,9.742353887034597e-18,0.00016842314358168,0.00114897138748836,280215.1512457567,0.0,-477513.9368054107,-197298.78555965403,0.0,0.00068626946491459,0.00117004338108775
snotel_mica_creek_st_joe_id,S,CONDUCTIVITY_TEMPERATURE_BELOW_ABSOLUTE_ZERO,9125,9115,10,False,0.11097904889291965,158931.5136691294,-0.6819455918098458,0.00015767903627883,0.0,602467.7595530717,0.0,-446921.6613375026,-159023.26705082436,0.0,0.0,0.0
snotel_mica_creek_st_joe_id,S,CONDUCTIVITY_TEMPERATURE_BELOW_ABSOLUTE_ZERO,9125,9116,9,False,0.11077867158433595,216370.2182465607,-0.9300837046220355,0.0002003773085837,0.0,597041.9932701368,0.0,-568199.9241982342,-57720.06590923917,0.0,0.0,0.0
snotel_mica_creek_st_joe_id,S,CONDUCTIVITY_TEMPERATURE_BELOW_ABSOLUTE_ZERO,9125,9117,8,False,0.11467371649876246,378345.64283430355,-1.5711062423602808,0.00020495449829098,0.0,465111.1344019061,0.0,-581557.7700477508,-116446.63564584596,8.134310828550541,5.872825e-10,5.872825e-10
snotel_mica_creek_st_joe_id,S,CONDUCTIVITY_TEMPERATURE_BELOW_ABSOLUTE_ZERO,9125,9118,7,False,0.11455690168750969,137133.45045489937,-0.5700367425429553,0.0001168148112527,0.0,576960.9579605873,0.0,-331316.4537919875,241003.8623320188,7.172611477266988,0.0,0.0
snotel_mica_creek_st_joe_id,S,CONDUCTIVITY_TEMPERATURE_BELOW_ABSOLUTE_ZERO,9125,9119,6,False,0.12070028097275101,188086.00731283976,-0.7420427248821937,0.00015661512508696,0.0,525805.4186557621,0.0,-444083.2155017979,-2199.0100318548957,29.7497776165247,5.58967169e-09,5.58967169e-09
snotel_mica_creek_st_joe_id,S,CONDUCTIVITY_TEMPERATURE_BELOW_ABSOLUTE_ZERO,9125,9120,5,False,0.12057800242364147,145590.98698522727,-0.574972549121809,0.00012227854910953,0.0,578380.0288587455,0.0,-346676.6664272209,42368.902053122,28.618789317743882,0.0,0.0
snotel_mica_creek_st_joe_id,S,CONDUCTIVITY_TEMPERATURE_BELOW_ABSOLUTE_ZERO,9125,9121,4,False,0.12426527583153855,138657.81446366428,-0.5313433721138144,0.00011191940211202,0.0,544007.5663081286,0.0,-317282.4510313682,9360.867750163578,38.84095420864443,8.0718999088e-07,8.0718999088e-07
snotel_mica_creek_st_joe_id,S,CONDUCTIVITY_TEMPERATURE_BELOW_ABSOLUTE_ZERO,9125,9122,3,False,0.12420933646866851,70374.35984264986,-0.26979936354079614,5.593936287004e-05,0.0,550416.1269575817,0.0,-158558.4973262521,68251.0140872123,37.637444965046605,0.0,0.0
snotel_mica_creek_st_joe_id,S,CONDUCTIVITY_TEMPERATURE_BELOW_ABSOLUTE_ZERO,9125,9123,2,False,0.12090074460217101,1.93268e-12,-7.612226149244769e-18,6.42539818239e-05,0.00324433788467361,585566.9669432512,0.0,-182104.6103700734,5283.6500122402,8.102032132486055,0.0001889421317929,0.00324433788467361
snotel_mica_creek_st_joe_id,S,CONDUCTIVITY_TEMPERATURE_BELOW_ABSOLUTE_ZERO,9125,9124,1,False,0.11740211545101241,-4.5475e-13,1.844495034997699e-18,6.935421088363e-05,0.00612606888342431,549736.7208593293,0.0,-196541.03520338354,-64332.008922682806,0.0,0.00019282760805451,0.00752927494027498
snotel_mica_creek_st_joe_id,S,CONDUCTIVITY_TEMPERATURE_BELOW_ABSOLUTE_ZERO,9125,9125,0,True,1.200332613000013e-07,79.13069253878945,-313.9236720991093,,,,,,,0.0,,
snotel_niwot_co,LS,SATURATION_VAPOR_PRESSURE_UNDERFLOW,3040,3010,30,False,0.15680631111351087,840813.9214056099,-2.553389457213119,0.00033998992826599,4.94743871381e-06,5607534.884436821,-1986603.3418589232,-965427.5389501048,310398.4699282901,26.653156519436926,4.94743871381e-06,4.94743871381e-06
snotel_niwot_co,LS,SATURATION_VAPOR_PRESSURE_UNDERFLOW,3040,3011,29,False,0.1734118005708467,1692983.0216711594,-4.648947699165479,0.00019138620041401,3.12406248118e-06,1606441.982415986,-1602683.203143242,-544712.3213511141,-540953.5420783698,112.24088830254702,3.12434225014e-06,3.12434225014e-06
snotel_niwot_co,LS,SATURATION_VAPOR_PRESSURE_UNDERFLOW,3040,3012,28,False,0.17309092842170343,1873190.2840138916,-5.153334039359762,0.00032087214914326,0.0,4035462.493060279,-2585367.1653023846,-912334.5586762171,-182385.0456289312,110.32029571904069,0.0,0.0
snotel_niwot_co,LS,SATURATION_VAPOR_PRESSURE_UNDERFLOW,3040,3013,27,False,0.17287104049036672,1400154.3042491777,-3.856864301789837,0.00021988793133673,0.0,5755751.452360488,-1655902.9796030466,-624675.7192960775,471949.6240142436,107.70924404810319,0.0,0.0
snotel_niwot_co,LS,SATURATION_VAPOR_PRESSURE_UNDERFLOW,3040,3014,26,False,0.17257896057215658,690895.0789890583,-1.906360170270581,0.00029207991821017,0.0,5794575.420491676,180254.53969055347,-828585.0199883612,708640.4397429847,105.42032805420853,0.0,0.0
snotel_niwot_co,LS,SATURATION_VAPOR_PRESSURE_UNDERFLOW,3040,3015,25,False,0.16382689044287096,-2.8422e-13,8.261333458566337e-19,0.00012159991853078,0.00863047021075484,4573163.212532284,1000369.1956996346,-344663.94826300995,626300.3403174359,39.449903761170525,6.783322103659e-05,0.00863047021075484
snotel_niwot_co,LS,SATURATION_VAPOR_PRESSURE_UNDERFLOW,3040,3016,24,False,0.15532758959811688,0.0,-0.0,0.00016855477564389,0.00918005011682229,3952407.16753608,871616.6382418344,-477712.5537827059,-31179.262385617425,24.993327672447908,9.328230552664e-05,0.01063074606911018
snotel_niwot_co,LS,SATURATION_VAPOR_PRESSURE_UNDERFLOW,3040,3017,23,False,0.15490242880487412,506526.27775400004,-1.5571285180460452,0.00041295843843382,1.220235480892e-05,5299016.998056258,-1125976.4035644683,-1171092.579579045,-511240.65197446407,24.808005631230255,1.220235480892e-05,1.220235480892e-05
snotel_niwot_co,LS,SATURATION_VAPOR_PRESSURE_UNDERFLOW,3040,3018,22,False,0.13585654972757202,0.0,-0.0,8.158677524429e-05,0.01896429230205782,5963163.490961525,2337953.48569763,-231250.4132456418,443545.5579487832,5.4372210369610645,0.0,0.01896429230205782
snotel_niwot_co,LS,SATURATION_VAPOR_PRESSURE_UNDERFLOW,3040,3019,21,False,0.11294681348443768,0.0,-0.0,3.515231293619e-05,0.02287458393019816,5855949.172408859,2751307.198644564,-99609.03566586596,-1.0469616664722707,0.0,0.0,0.02287458393019816
snotel_niwot_co,LS,SATURATION_VAPOR_PRESSURE_UNDERFLOW,3040,3020,20,False,0.10532432889869078,0.0,-0.0,0.00023485006700248,0.0093482460549876,4579754.18940714,776745.1236766427,-665765.3968499433,-91131.36973799989,0.0,0.0002725724082198,0.01298763451874442
snotel_niwot_co,LS,SATURATION_VAPOR_PRESSURE_UNDERFLOW,3040,3021,19,False,0.1104257354802574,911775.070270841,-3.9318606573238704,0.00019859341843319,0.0,3905343.367217366,-3016564.086274158,-563868.4091495901,-801240.5558953959,3.835496859108702,0.0,0.0
snotel_niwot_co,LS,SATURATION_VAPOR_PRESSURE_UNDERFLOW,3040,3022,18,False,0.11001614091096247,673556.697071518,-2.9154020643148235,0.00040959456929459,0.0,6128717.126721183,-1236192.9957431569,-1162902.7905802506,236688.39721000748,2.293760816460982,0.0,0.0
snotel_niwot_co,LS,SATURATION_VAPOR_PRESSURE_UNDERFLOW,3040,3023,17,False,0.09908469859048481,0.0,-0.0,0.00014870316276696,0.01078273915771069,6142945.496851969,1109629.0772984093,-421645.6247635237,540751.510090625,0.0,0.00019973825933251,0.01078273915771069
snotel_niwot_co,LS,SATURATION_VAPOR_PRESSURE_UNDERFLOW,3040,3024,16,False,0.08086329857107413,0.0,-0.0,6.045962080307e-05,0.01816094039860762,5912866.20531374,2060159.4973056563,-171333.79176912425,-11.181510626818636,0.0,0.0,0.01816094039860762
snotel_niwot_co,LS,SATURATION_VAPOR_PRESSURE_UNDERFLOW,3040,3025,15,False,0.06289080281242047,0.0,-0.0,9.210540549055e-05,0.0178803903531631,6239567.791377486,2013188.9544006384,-261035.26367233848,-33.7403864627413,0.0,0.0,0.0178803903531631
snotel_niwot_co,LS,SATURATION_VAPOR_PRESSURE_UNDERFLOW,3040,3026,14,False,0.05111580805351854,0.0,-0.0,0.00010078215405962,0.01167421260484232,5818624.71842375,1026502.3225151459,-285659.886773881,-22526.22073913982,0.0,6.736355131254e-05,0.01167421260484232
snotel_niwot_co,LS,SATURATION_VAPOR_PRESSURE_UNDERFLOW,3040,3027,13,False,0.03899572871238444,0.0,-0.0,4.866665059042e-05,0.01207141269054369,5268156.578282404,1181693.168290945,-137926.97344308376,-1191.2603538179274,0.0,3.52014290854e-06,0.01207141269054369
snotel_niwot_co,LS,SATURATION_VAPOR_PRESSURE_UNDERFLOW,3040,3028,12,False,0.02503756222225758,0.0,-0.0,8.734018253752e-05,0.01387082630758934,5754439.969987946,1482222.8264737288,-247538.05942863916,-4255.910248557689,0.0,1.265389049967e-05,0.01387082630758934
snotel_niwot_co,LS,SATURATION_VAPOR_PRESSURE_UNDERFLOW,3040,3029,11,False,0.05434436101050051,145166.01971296832,-1.2720119395724914,0.00017557755221919,1.65752984779e-06,2824046.063829131,-109069.52044832557,-497786.8217718971,-98597.84710671236,0.0,1.76236595379e-05,1.76236595379e-05
snotel_niwot_co,LS,SATURATION_VAPOR_PRESSURE_UNDERFLOW,3040,3030,10,False,0.04387447841451052,-3.63798e-12,3.948471847812292e-17,0.00013827113153529,0.0103316114644547,6230661.990435403,1084458.068568517,-391984.99366024527,70643.25844952223,0.0,0.00014318623450887,0.0103316114644547
snotel_niwot_co,LS,SATURATION_VAPOR_PRESSURE_UNDERFLOW,3040,3031,9,False,0.03010620257565463,0.0,-0.0,6.077732645923e-05,0.01370749851239666,4666628.6922440985,1370262.3139609434,-172231.51552072476,-8.852320509315177,0.0,0.0,0.01370749851239666
snotel_niwot_co,LS,SATURATION_VAPOR_PRESSURE_UNDERFLOW,3040,3032,8,False,0.01496661523335996,0.0,-0.0,5.445030704298e-05,0.01508513703525169,5685835.594235699,1662175.9455701737,-154304.81251222795,-10.138411615223959,0.0,0.0,0.01508513703525169
snotel_niwot_co,LS,SATURATION_VAPOR_PRESSURE_UNDERFLOW,3040,3033,7,False,0.00092128045497871,0.0,-0.0,8.667036526686e-05,0.01438316177418695,4358361.534298192,1498607.840181838,-245621.54011411226,-801.1145809297233,0.0,2.33620536798e-06,0.0291586644131144
snotel_niwot_co,LS,SATURATION_VAPOR_PRESSURE_UNDERFLOW,3040,3034,6,False,0.01169979400268384,0.0,-0.0,0.00017251394025209,4.30165262663e-06,3633094.4928091047,5865.639872711578,-489142.7583363391,-58265.070900261126,0.0,0.00027056740253807,0.00094897251204278
snotel_niwot_co,LS,SATURATION_VAPOR_PRESSURE_UNDERFLOW,3040,3035,5,False,0.01151331679655933,91871.64257460162,-3.799808691017228,0.0001864772061245,0.0,4773690.659193772,-67796.1227044861,-528701.0056123476,-92092.25436298011,0.0,0.0,0.0
snotel_niwot_co,LS,SATURATION_VAPOR_PRESSURE_UNDERFLOW,3040,3036,4,False,0.01138178809487319,71076.39398889254,-2.973689337505605,0.00013152870168613,0.0,5015181.151688473,203700.0432298546,-372845.3984422022,20695.675845863112,0.0,0.0,0.0
snotel_niwot_co,LS,SATURATION_VAPOR_PRESSURE_UNDERFLOW,3040,3037,3,False,0.02100953964770635,21437.691650979727,-0.4858947300551206,0.00029561486617828,0.0,4465459.6025204165,120492.50482782892,-838403.157802724,-74567.29288623974,0.0,0.00045518164912804,0.00077663358098855
snotel_niwot_co,LS,SATURATION_VAPOR_PRESSURE_UNDERFLOW,3040,3038,2,False,0.02072228363651904,242012.06649635703,-5.561348508213946,0.00028725601118732,0.0,6172844.767823397,-516103.7102824027,-814913.0616692138,-221245.09563880117,0.0,0.0,0.0
snotel_niwot_co,LS,SATURATION_VAPOR_PRESSURE_UNDERFLOW,3040,3039,1,False,0.01534768455994298,0.0,-0.0,0.00015240132045655,0.00522219775611951,5228790.456150152,558681.6474648453,-431939.9687133888,117040.50698499098,0.0,0.00019163268840509,0.00522219775611951
snotel_niwot_co,LS,SATURATION_VAPOR_PRESSURE_UNDERFLOW,3040,3040,0,True,1.7091573350175984e-06,975.1801524106394,-271.6961695882387,,,,,,,0.0,,
snotel_niwot_co,S,CONDUCTIVITY_TEMPERATURE_BELOW_ABSOLUTE_ZERO,3660,3630,30,False,0.01671087938759164,139108.49612013908,-3.964012872881899,0.00015869557897261,1.7555243242e-06,976660.9291008818,0.0,-450230.7972838309,29380.848374652287,0.0,5.363196063572e-05,5.363196063572e-05
snotel_niwot_co,S,CONDUCTIVITY_TEMPERATURE_BELOW_ABSOLUTE_ZERO,3660,3631,29,False,0.02844443282582721,194224.64531942515,-3.2515299886241875,0.00016644656063976,0.0,1303833.5035633664,0.0,-472954.85010415065,256396.3390784393,0.0,0.0,0.0
snotel_niwot_co,S,CONDUCTIVITY_TEMPERATURE_BELOW_ABSOLUTE_ZERO,3660,3632,28,False,0.02804713902901819,388662.55999401165,-6.598798163672693,0.00039729379680903,0.0,1400473.4951948645,0.0,-1129477.2983864078,-196957.36005133396,0.0,0.0,0.0
snotel_niwot_co,S,CONDUCTIVITY_TEMPERATURE_BELOW_ABSOLUTE_ZERO,3660,3633,27,False,0.03105492729141142,607374.6804076205,-9.313370325273043,0.00029221173757984,0.0,700077.3630642314,0.0,-834381.3523313628,-134303.98926713172,0.0,0.0,0.0
snotel_niwot_co,S,CONDUCTIVITY_TEMPERATURE_BELOW_ABSOLUTE_ZERO,3660,3634,26,False,0.03546656715220615,561826.6657346475,-7.54334374523889,0.00018836013716299,0.0,677062.7504816101,0.0,-537327.5775034982,139735.17297810884,7.596863566587361,1.08105e-12,1.08105e-12
snotel_niwot_co,S,CONDUCTIVITY_TEMPERATURE_BELOW_ABSOLUTE_ZERO,3660,3635,25,False,0.04599911537546065,643134.6837450758,-6.6578369781119315,0.00016745144179259,0.0,569394.4430866084,0.0,-477370.1148556498,92024.32823095907,20.76784585413227,3.3495296e-10,3.3495296e-10
snotel_niwot_co,S,CONDUCTIVITY_TEMPERATURE_BELOW_ABSOLUTE_ZERO,3660,3636,24,False,0.05281010404375435,470807.64611160837,-4.245288307143916,0.00028901131708286,0.0,1217299.2341233538,0.0,-821787.193487425,315055.1030631294,26.890433934200736,1.414904e-11,1.414904e-11
snotel_niwot_co,S,CONDUCTIVITY_TEMPERATURE_BELOW_ABSOLUTE_ZERO,3660,3637,23,False,0.0589515884901969,305529.7063606712,-2.4679629521165163,0.00015851555355745,0.0,1281720.5844700222,0.0,-450386.2560482961,351679.3731055531,34.556599827737955,0.0,0.0
snotel_niwot_co,S,CONDUCTIVITY_TEMPERATURE_BELOW_ABSOLUTE_ZERO,3660,3638,22,False,0.06604160563868225,524553.085168077,-3.7822699947661977,0.00030998285151465,0.0,1177529.8971883794,0.0,-881250.1059155564,-9608.647939743329,44.393546262739626,0.0,0.0
snotel_niwot_co,S,CONDUCTIVITY_TEMPERATURE_BELOW_ABSOLUTE_ZERO,3660,3639,21,False,0.07152160363535053,680803.0339953859,-4.532783165811839,0.00032000200333171,0.0,1290057.1813706718,0.0,-910363.357463309,44742.76170766974,51.51022442719973,0.0,0.0
snotel_niwot_co,S,CONDUCTIVITY_TEMPERATURE_BELOW_ABSOLUTE_ZERO,3660,3640,20,False,0.07441216670339032,821067.398384068,-5.254308438288908,0.00040943693196002,0.0,1209851.9565862282,0.0,-1164884.0142882317,-72052.93966830113,53.49618938044364,0.0,0.0
snotel_niwot_co,S,CONDUCTIVITY_TEMPERATURE_BELOW_ABSOLUTE_ZERO,3660,3641,19,False,0.07408793319526709,647261.1312740183,-4.1601860522767415,0.00032423350812321,0.0,1715784.9479097386,0.0,-921072.250585255,172245.9088645164,51.55958766222109,0.0,0.0
snotel_niwot_co,S,CONDUCTIVITY_TEMPERATURE_BELOW_ABSOLUTE_ZERO,3660,3642,18,False,0.0789254902144027,890989.0985319046,-5.375709697308995,0.0004624429808644,0.0,1643524.2099555794,0.0,-1316310.7592552672,-87444.32776938398,57.56636323360837,0.0,0.0
snotel_niwot_co,S,CONDUCTIVITY_TEMPERATURE_BELOW_ABSOLUTE_ZERO,3660,3643,17,False,0.07839463753657339,943335.786048207,-5.730079649341378,0.00053085267782931,0.0,2170197.0927230166,0.0,-1510749.6423741577,-56743.69548686014,56.10578482449816,0.0,0.0
snotel_niwot_co,S,CONDUCTIVITY_TEMPERATURE_BELOW_ABSOLUTE_ZERO,3660,3644,16,False,0.07818794330141852,560868.9807434112,-3.415877892977222,0.00020669423515487,0.0,1747042.034091761,0.0,-586491.8739125154,381928.08281450183,53.67767655866858,0.0,0.0
snotel_niwot_co,S,CONDUCTIVITY_TEMPERATURE_BELOW_ABSOLUTE_ZERO,3660,3645,15,False,0.0780365178390869,328195.60468008736,-2.0026985519586167,0.00015142546233161,0.0,1346163.5063936776,0.0,-429638.2819051077,232299.5756728297,51.547932104505584,0.0,0.0
snotel_niwot_co,S,CONDUCTIVITY_TEMPERATURE_BELOW_ABSOLUTE_ZERO,3660,3646,14,False,0.07785530078522532,262506.231976164,-1.6055806906781493,0.00018121705386158,0.0,1610902.8311211716,0.0,-514100.53881655354,65283.669446183645,49.42981227843596,0.0,0.0
snotel_niwot_co,S,CONDUCTIVITY_TEMPERATURE_BELOW_ABSOLUTE_ZERO,3660,3647,13,False,0.07767459916275657,234214.10768942602,-1.4358687225080902,0.00018070162246875,0.0,1586564.4004882912,0.0,-512557.43893900583,27941.595093432,47.32168546323422,0.0,0.0
snotel_niwot_co,S,CONDUCTIVITY_TEMPERATURE_BELOW_ABSOLUTE_ZERO,3660,3648,12,False,0.07490632228980344,-2.28795e-12,1.454483368953634e-17,0.00013200248064626,0.00263627439230688,2012557.9649479727,0.0,-374301.08432122413,89562.26667812659,3.3802280538080227,0.00040153843510569,0.00263627439230688
snotel_niwot_co,S,CONDUCTIVITY_TEMPERATURE_BELOW_ABSOLUTE_ZERO,3660,3649,11,False,0.07294446562616588,2.6148e-12,-1.706973718231219e-17,0.00023523571330224,0.0017266209503353,1800827.7600502025,0.0,-666890.7775681879,-214335.81501156674,0.0,0.00064184166517937,0.0017266209503353
snotel_niwot_co,S,CONDUCTIVITY_TEMPERATURE_BELOW_ABSOLUTE_ZERO,3660,3650,10,False,0.07228782895182453,21894.814798303083,-0.14423039723401565,0.00019260885661007,0.00046402781773128,1863117.2248562651,0.0,-545997.5264924545,-176839.96294968584,0.0,0.00046402781773128,0.00046402781773128
snotel_niwot_co,S,CONDUCTIVITY_TEMPERATURE_BELOW_ABSOLUTE_ZERO,3660,3651,9,False,0.07471053714980166,262526.1752277737,-1.6732909327571317,0.0002873764173866,8.991523516097e-05,1143997.3851714176,0.0,-815019.4444805778,-196157.23129947647,0.0,2.637834800951e-05,8.991538463627e-05
snotel_niwot_co,S,CONDUCTIVITY_TEMPERATURE_BELOW_ABSOLUTE_ZERO,3660,3652,8,False,0.0741859776934848,537359.1091545569,-3.4492406520655856,0.00052455945631686,0.0,1488304.9648587788,0.0,-1489356.1537180988,-276922.76061177964,0.0,0.0,0.0
snotel_niwot_co,S,CONDUCTIVITY_TEMPERATURE_BELOW_ABSOLUTE_ZERO,3660,3653,7,False,0.07394609247081387,271396.46120905946,-1.7477111471517046,0.00023988522267093,0.0,1861690.8073135633,0.0,-680797.678928122,265269.9063695099,0.0,0.0,0.0
snotel_niwot_co,S,CONDUCTIVITY_TEMPERATURE_BELOW_ABSOLUTE_ZERO,3660,3654,6,False,0.07361135307416404,331647.97857423464,-2.1454246152188,0.00033473939664983,0.0,1986279.4658167083,0.0,-949840.0959910213,-61159.326958456055,0.0,0.0,0.0
snotel_niwot_co,S,CONDUCTIVITY_TEMPERATURE_BELOW_ABSOLUTE_ZERO,3660,3655,5,False,0.07336797281016086,246409.98873229016,-1.59930941769552,0.00024338026400318,0.0,1742564.4093308907,0.0,-690592.3544097343,84605.88713026445,0.0,0.0,0.0
snotel_niwot_co,S,CONDUCTIVITY_TEMPERATURE_BELOW_ABSOLUTE_ZERO,3660,3656,4,False,0.07294039889870313,422494.169466873,-2.7582478679000904,0.00042757391145774,0.0,1525707.2369730265,0.0,-1213612.4809305584,-177507.70706965297,0.0,0.0,0.0
snotel_niwot_co,S,CONDUCTIVITY_TEMPERATURE_BELOW_ABSOLUTE_ZERO,3660,3657,3,False,0.07257210344763976,387365.30793816806,-2.5417434755743713,0.00036829545106338,0.0,1660905.6173468404,0.0,-1045572.4976135809,33796.89021308181,0.0,0.0,0.0
snotel_niwot_co,S,CONDUCTIVITY_TEMPERATURE_BELOW_ABSOLUTE_ZERO,3660,3658,2,False,0.07227784655015035,307563.0460355737,-2.0263275725661276,0.0002942568974894,0.0,2045990.496413379,0.0,-835067.2246267042,78956.67173569195,0.0,0.0,0.0
snotel_niwot_co,S,CONDUCTIVITY_TEMPERATURE_BELOW_ABSOLUTE_ZERO,3660,3659,1,False,0.07202699671263496,250980.1130916219,-1.659299221433091,0.00023304896006807,1.780087744733e-05,1021055.2632443064,0.0,-661171.827719271,50027.22037862594,0.0,1.780087744733e-05,1.780087744733e-05
snotel_niwot_co,S,CONDUCTIVITY_TEMPERATURE_BELOW_ABSOLUTE_ZERO,3660,3660,0,True,5.851301264125448e-07,366.25791901664127,-298.06794248379015,,,,,,,0.0,,
snotel_paradise_wa,LS,CONDUCTIVITY_TEMPERATURE_BELOW_ABSOLUTE_ZERO,2121,2091,30,False,-0.0,0.0,0.0,0.0,0.0,0.0,0.0,0.0,0.0,0.0,0.0,0.0
snotel_paradise_wa,LS,CONDUCTIVITY_TEMPERATURE_BELOW_ABSOLUTE_ZERO,2121,2092,29,False,-0.0,0.0,0.0,0.0,0.0,0.0,0.0,0.0,0.0,0.0,0.0,0.0
snotel_paradise_wa,LS,CONDUCTIVITY_TEMPERATURE_BELOW_ABSOLUTE_ZERO,2121,2093,28,False,-0.0,0.0,0.0,0.0,0.0,0.0,0.0,0.0,0.0,0.0,0.0,0.0
snotel_paradise_wa,LS,CONDUCTIVITY_TEMPERATURE_BELOW_ABSOLUTE_ZERO,2121,2094,27,False,-0.0,0.0,0.0,0.0,0.0,0.0,0.0,0.0,0.0,0.0,0.0,0.0
snotel_paradise_wa,LS,CONDUCTIVITY_TEMPERATURE_BELOW_ABSOLUTE_ZERO,2121,2095,26,False,-0.0,0.0,0.0,0.0,0.0,0.0,0.0,0.0,0.0,0.0,0.0,0.0
snotel_paradise_wa,LS,CONDUCTIVITY_TEMPERATURE_BELOW_ABSOLUTE_ZERO,2121,2096,25,False,-0.0,0.0,0.0,0.0,0.0,0.0,0.0,0.0,0.0,0.0,0.0,0.0
snotel_paradise_wa,LS,CONDUCTIVITY_TEMPERATURE_BELOW_ABSOLUTE_ZERO,2121,2097,24,False,-0.0,0.0,0.0,0.0,0.0,0.0,0.0,0.0,0.0,0.0,0.0,0.0
snotel_paradise_wa,LS,CONDUCTIVITY_TEMPERATURE_BELOW_ABSOLUTE_ZERO,2121,2098,23,False,-0.0,0.0,0.0,0.0,0.0,0.0,0.0,0.0,0.0,0.0,0.0,0.0
snotel_paradise_wa,LS,CONDUCTIVITY_TEMPERATURE_BELOW_ABSOLUTE_ZERO,2121,2099,22,False,-0.0,0.0,0.0,0.0,0.0,0.0,0.0,0.0,0.0,0.0,0.0,0.0
snotel_paradise_wa,LS,CONDUCTIVITY_TEMPERATURE_BELOW_ABSOLUTE_ZERO,2121,2100,21,False,-0.0,0.0,0.0,0.0,0.0,0.0,0.0,0.0,0.0,0.0,0.0,0.0
snotel_paradise_wa,LS,CONDUCTIVITY_TEMPERATURE_BELOW_ABSOLUTE_ZERO,2121,2101,20,False,-0.0,0.0,0.0,0.0,0.0,0.0,0.0,0.0,0.0,0.0,0.0,0.0
snotel_paradise_wa,LS,CONDUCTIVITY_TEMPERATURE_BELOW_ABSOLUTE_ZERO,2121,2102,19,False,-0.0,0.0,0.0,0.0,0.0,0.0,0.0,0.0,0.0,0.0,0.0,0.0
snotel_paradise_wa,LS,CONDUCTIVITY_TEMPERATURE_BELOW_ABSOLUTE_ZERO,2121,2103,18,False,-0.0,0.0,0.0,0.0,0.0,0.0,0.0,0.0,0.0,0.0,0.0,0.0
snotel_paradise_wa,LS,CONDUCTIVITY_TEMPERATURE_BELOW_ABSOLUTE_ZERO,2121,2104,17,False,-0.0,0.0,0.0,0.0,0.0,0.0,0.0,0.0,0.0,0.0,0.0,0.0
snotel_paradise_wa,LS,CONDUCTIVITY_TEMPERATURE_BELOW_ABSOLUTE_ZERO,2121,2105,16,False,-0.0,0.0,0.0,0.0,0.0,0.0,0.0,0.0,0.0,0.0,0.0,0.0
snotel_paradise_wa,LS,CONDUCTIVITY_TEMPERATURE_BELOW_ABSOLUTE_ZERO,2121,2106,15,False,0.0102224141488167,57823.46165597456,-2.693588944850918,5.865524812806e-05,0.0,703456.8926626332,-283264.2780404674,-166333.44553315514,-10236.804805374151,0.0,1.888083397169e-05,1.888083397169e-05
snotel_paradise_wa,LS,CONDUCTIVITY_TEMPERATURE_BELOW_ABSOLUTE_ZERO,2121,2107,14,False,0.01009566688461148,95408.31672381688,-4.500201154863536,0.00012674726420521,0.0,1823911.580614732,-393683.6479651842,-359524.3614135292,-37841.77090211476,0.0,0.0,0.0
snotel_paradise_wa,LS,CONDUCTIVITY_TEMPERATURE_BELOW_ABSOLUTE_ZERO,2121,2108,13,False,0.01005109626519734,33522.43076552714,-1.5881911632437464,4.457061941414e-05,0.0,2077889.8011990623,307791.438121671,-126332.09144663466,61861.81908147552,0.0,0.0,0.0
snotel_paradise_wa,LS,CONDUCTIVITY_TEMPERATURE_BELOW_ABSOLUTE_ZERO,2121,2109,12,False,0.00692656476870646,0.0,-0.0,9.815417960705e-05,0.00909328639995814,1604504.6066649777,1168211.715823786,-278180.2478722451,23395.047300908514,0.0,0.0,0.01612637731688383
snotel_paradise_wa,LS,CONDUCTIVITY_TEMPERATURE_BELOW_ABSOLUTE_ZERO,2121,2110,11,False,0.01527695002751087,0.0,-0.0,6.032047392257e-05,0.00178807215698361,583733.3688173551,272062.43357898557,-170938.3097099689,-5689.188708495579,0.0,1.70265041235e-05,0.00748929426727301
snotel_paradise_wa,LS,CONDUCTIVITY_TEMPERATURE_BELOW_ABSOLUTE_ZERO,2121,2111,10,False,0.01688518254635904,0.0,-0.0,5.527085734183e-05,0.00184090661920203,809421.799737594,134350.80103287558,-156645.23551255825,-20264.09620116699,0.0,6.068969781279e-05,0.00293649662381001
snotel_paradise_wa,LS,CONDUCTIVITY_TEMPERATURE_BELOW_ABSOLUTE_ZERO,2121,2112,9,False,0.02202987654240167,0.0,-0.0,4.573088018046e-05,0.00378128919965541,1267491.077910559,359257.0836848931,-129616.16142183411,-13274.114528184322,0.0,3.972785491536e-05,0.00740957512377692
snotel_paradise_wa,LS,CONDUCTIVITY_TEMPERATURE_BELOW_ABSOLUTE_ZERO,2121,2113,8,False,0.01937899167939112,0.0,-0.0,0.00011972796372295,0.00803765983452978,1401988.1998651484,885872.6035775638,-339330.73623110296,-3691.384725379501,0.0,1.092392243035e-05,0.03153115689928759
snotel_paradise_wa,LS,CONDUCTIVITY_TEMPERATURE_BELOW_ABSOLUTE_ZERO,2121,2114,7,False,-0.0,0.0,0.0,0.0,0.01937931152899058,0.0,0.0,0.0,0.0,0.0,0.0,0.02962519302002563
snotel_paradise_wa,LS,CONDUCTIVITY_TEMPERATURE_BELOW_ABSOLUTE_ZERO,2121,2115,6,False,-0.0,0.0,0.0,0.0,0.0,0.0,0.0,0.0,0.0,0.0,0.0,0.0
snotel_paradise_wa,LS,CONDUCTIVITY_TEMPERATURE_BELOW_ABSOLUTE_ZERO,2121,2116,5,False,-0.0,0.0,0.0,0.0,0.0,0.0,0.0,0.0,0.0,0.0,0.0,0.0
snotel_paradise_wa,LS,CONDUCTIVITY_TEMPERATURE_BELOW_ABSOLUTE_ZERO,2121,2117,4,False,-0.0,0.0,0.0,0.0,0.0,0.0,0.0,0.0,0.0,0.0,0.0,0.0
snotel_paradise_wa,LS,CONDUCTIVITY_TEMPERATURE_BELOW_ABSOLUTE_ZERO,2121,2118,3,False,-0.0,0.0,0.0,0.0,0.0,0.0,0.0,0.0,0.0,0.0,0.0,0.0
snotel_paradise_wa,LS,CONDUCTIVITY_TEMPERATURE_BELOW_ABSOLUTE_ZERO,2121,2119,2,False,-0.0,0.0,0.0,0.0,0.0,0.0,0.0,0.0,0.0,0.0,0.0,0.0
snotel_paradise_wa,LS,CONDUCTIVITY_TEMPERATURE_BELOW_ABSOLUTE_ZERO,2121,2120,1,False,0.0205911136416106,37804.46971159924,-0.8742668680977074,0.00015733672582457,0.0,652751.1277412298,-54361.99915086975,-446240.63160357275,-31515.640314128803,0.0,0.00019585888884871,0.00019585888884871
snotel_paradise_wa,LS,CONDUCTIVITY_TEMPERATURE_BELOW_ABSOLUTE_ZERO,2121,2121,0,True,4.437983750209193e-07,311.5724348263269,-334.31358576015765,,,,,,,0.0,,
snotel_snowbird_ut,LS,SATURATION_VAPOR_PRESSURE_UNDERFLOW,5085,5055,30,False,-0.0,0.0,0.0,0.0,0.0,0.0,0.0,0.0,0.0,0.0,0.0,0.0
snotel_snowbird_ut,LS,SATURATION_VAPOR_PRESSURE_UNDERFLOW,5085,5056,29,False,-0.0,0.0,0.0,0.0,0.0,0.0,0.0,0.0,0.0,0.0,0.0,0.0
snotel_snowbird_ut,LS,SATURATION_VAPOR_PRESSURE_UNDERFLOW,5085,5057,28,False,-0.0,0.0,0.0,0.0,0.0,0.0,0.0,0.0,0.0,0.0,0.0,0.0
snotel_snowbird_ut,LS,SATURATION_VAPOR_PRESSURE_UNDERFLOW,5085,5058,27,False,-0.0,0.0,0.0,0.0,0.0,0.0,0.0,0.0,0.0,0.0,0.0,0.0
snotel_snowbird_ut,LS,SATURATION_VAPOR_PRESSURE_UNDERFLOW,5085,5059,26,False,-0.0,0.0,0.0,0.0,0.0,0.0,0.0,0.0,0.0,0.0,0.0,0.0
snotel_snowbird_ut,LS,SATURATION_VAPOR_PRESSURE_UNDERFLOW,5085,5060,25,False,-0.0,0.0,0.0,0.0,0.0,0.0,0.0,0.0,0.0,0.0,0.0,0.0
snotel_snowbird_ut,LS,SATURATION_VAPOR_PRESSURE_UNDERFLOW,5085,5061,24,False,-0.0,0.0,0.0,0.0,0.0,0.0,0.0,0.0,0.0,0.0,0.0,0.0
snotel_snowbird_ut,LS,SATURATION_VAPOR_PRESSURE_UNDERFLOW,5085,5062,23,False,-0.0,0.0,0.0,0.0,0.0,0.0,0.0,0.0,0.0,0.0,0.0,0.0
snotel_snowbird_ut,LS,SATURATION_VAPOR_PRESSURE_UNDERFLOW,5085,5063,22,False,-0.0,0.0,0.0,0.0,0.0,0.0,0.0,0.0,0.0,0.0,0.0,0.0
snotel_snowbird_ut,LS,SATURATION_VAPOR_PRESSURE_UNDERFLOW,5085,5064,21,False,-0.0,0.0,0.0,0.0,0.0,0.0,0.0,0.0,0.0,0.0,0.0,0.0
snotel_snowbird_ut,LS,SATURATION_VAPOR_PRESSURE_UNDERFLOW,5085,5065,20,False,-0.0,0.0,0.0,0.0,0.0,0.0,0.0,0.0,0.0,0.0,0.0,0.0
snotel_snowbird_ut,LS,SATURATION_VAPOR_PRESSURE_UNDERFLOW,5085,5066,19,False,-0.0,0.0,0.0,0.0,0.0,0.0,0.0,0.0,0.0,0.0,0.0,0.0
snotel_snowbird_ut,LS,SATURATION_VAPOR_PRESSURE_UNDERFLOW,5085,5067,18,False,-0.0,0.0,0.0,0.0,0.0,0.0,0.0,0.0,0.0,0.0,0.0,0.0
snotel_snowbird_ut,LS,SATURATION_VAPOR_PRESSURE_UNDERFLOW,5085,5068,17,False,-0.0,0.0,0.0,0.0,0.0,0.0,0.0,0.0,0.0,0.0,0.0,0.0
snotel_snowbird_ut,LS,SATURATION_VAPOR_PRESSURE_UNDERFLOW,5085,5069,16,False,0.00611990923026306,50982.86664715377,-3.96697967777214,7.942727526004e-05,0.0,636678.8997691947,-300171.1278515571,-225519.51656433954,-2642.6837554447316,0.0,3.5938635942e-07,3.5938635942e-07
snotel_snowbird_ut,LS,SATURATION_VAPOR_PRESSURE_UNDERFLOW,5085,5070,15,False,-0.0,0.0,0.0,0.0,0.00611990923026306,0.0,0.0,0.0,0.0,0.0,0.0,0.00611990923026306
snotel_snowbird_ut,LS,SATURATION_VAPOR_PRESSURE_UNDERFLOW,5085,5071,14,False,0.00620948395513652,9101.986472850711,-0.698009577623711,0.0001219391441774,0.0,679506.154137555,102432.22127346824,-345795.70334989944,-7529.438296889145,0.0,3.43169309808e-05,3.43169309808e-05
snotel_snowbird_ut,LS,SATURATION_VAPOR_PRESSURE_UNDERFLOW,5085,5072,13,False,0.01568421513683812,169375.7838544926,-5.142439992382417,0.00012513616232422,0.0,664103.2420613874,-365800.17804477975,-355755.08999291435,-57452.02597630678,0.0,1.3265429308e-07,1.3265429308e-07
snotel_snowbird_ut,LS,SATURATION_VAPOR_PRESSURE_UNDERFLOW,5085,5073,12,False,0.02290710059491306,476579.8607557567,-9.907093649663869,7.711454192283e-05,0.0,743636.5745953151,-663261.1054308687,-220416.0806285933,-140040.6114641464,0.0,0.0,0.0
snotel_snowbird_ut,LS,SATURATION_VAPOR_PRESSURE_UNDERFLOW,5085,5074,11,False,0.02286785092889466,404231.16549497575,-8.417539181386816,3.924966601839e-05,0.0,745592.5546759265,-561755.6101838523,-112041.63956406071,71795.30492801339,0.0,0.0,0.0
snotel_snowbird_ut,LS,SATURATION_VAPOR_PRESSURE_UNDERFLOW,5085,5075,10,False,0.02280526873754891,343209.529901062,-7.166462774788675,6.258219134575e-05,0.0,737248.335188221,-498541.78357552836,-178405.5718474761,60300.97976521658,0.0,0.0,0.0
snotel_snowbird_ut,LS,SATURATION_VAPOR_PRESSURE_UNDERFLOW,5085,5076,9,False,0.02270014652799254,107121.56161144868,-2.2471338399124514,0.00010512220955638,0.0,737664.8759263299,738.4755851486877,-298306.9221191812,235802.49720884097,0.0,0.0,0.0
snotel_snowbird_ut,LS,SATURATION_VAPOR_PRESSURE_UNDERFLOW,5085,5077,8,False,0.01339831065638632,0.0,-0.0,3.417760450944e-05,0.00926765826709677,741719.2242464991,1450025.4858338647,-96847.37468452998,63386.76885178956,0.0,0.0,0.00926765826709677
snotel_snowbird_ut,LS,SATURATION_VAPOR_PRESSURE_UNDERFLOW,5085,5078,7,False,0.00182159355186615,0.0,-0.0,6.63314241332e-06,0.01157008396210685,707522.7407712243,1432497.9901424325,-18795.672342391492,0.0,0.0,0.0,0.01157008396210685
snotel_snowbird_ut,LS,SATURATION_VAPOR_PRESSURE_UNDERFLOW,5085,5079,6,False,-0.0,0.0,0.0,0.0,0.00182159355186615,0.0,0.0,0.0,0.0,0.0,0.0,0.00182159355186615
snotel_snowbird_ut,LS,SATURATION_VAPOR_PRESSURE_UNDERFLOW,5085,5080,5,False,-0.0,0.0,0.0,0.0,0.0,0.0,0.0,0.0,0.0,0.0,0.0,0.0
snotel_snowbird_ut,LS,SATURATION_VAPOR_PRESSURE_UNDERFLOW,5085,5081,4,False,-0.0,0.0,0.0,0.0,0.0,0.0,0.0,0.0,0.0,0.0,0.0,0.0
snotel_snowbird_ut,LS,SATURATION_VAPOR_PRESSURE_UNDERFLOW,5085,5082,3,False,0.00980533348053403,74381.38992103814,-3.61229014357598,0.00018956184313988,0.0,721090.0360429095,-31449.086588510476,-538269.1526815114,-9650.839913624433,0.0,5.10466915791e-06,5.10466915791e-06
snotel_snowbird_ut,LS,SATURATION_VAPOR_PRESSURE_UNDERFLOW,5085,5083,2,False,0.01731756224222054,231874.0568555743,-6.375967702952825,8.776003452527e-05,0.0,676251.7250765659,-475344.10374320555,-249866.45594282946,-48958.83460946918,0.0,1.12032686e-08,1.12032686e-08
snotel_snowbird_ut,LS,SATURATION_VAPOR_PRESSURE_UNDERFLOW,5085,5084,1,False,0.03001823957958267,549064.6490575523,-8.710016321940072,9.932259972754e-05,0.0,591385.4779337527,-375003.12666649325,-283834.73742582975,-67452.38615857181,1.0729863174270053,6.111615e-11,6.111615e-11
snotel_snowbird_ut,LS,SATURATION_VAPOR_PRESSURE_UNDERFLOW,5085,5085,0,True,1.7149535331190634e-06,962.4285280179246,-267.2371526140565,,,,,,,0.0,,
snotel_snowbird_ut,S,CONDUCTIVITY_TEMPERATURE_BELOW_ABSOLUTE_ZERO,1440,1410,30,False,-0.0,0.0,0.0,0.0,0.01427602730508153,0.0,0.0,0.0,0.0,0.0,0.0,0.01427602730508153
snotel_snowbird_ut,S,CONDUCTIVITY_TEMPERATURE_BELOW_ABSOLUTE_ZERO,1440,1411,29,False,-0.0,0.0,0.0,0.0,0.0,0.0,0.0,0.0,0.0,0.0,0.0,0.0
snotel_snowbird_ut,S,CONDUCTIVITY_TEMPERATURE_BELOW_ABSOLUTE_ZERO,1440,1412,28,False,-0.0,0.0,0.0,0.0,0.0,0.0,0.0,0.0,0.0,0.0,0.0,0.0
snotel_snowbird_ut,S,CONDUCTIVITY_TEMPERATURE_BELOW_ABSOLUTE_ZERO,1440,1413,27,False,0.00323219358823287,55352.68329967234,-8.154963463467071,0.00016745069790436,0.0,793317.6920059108,0.0,-475082.08591353893,-25182.61022638181,0.0,3.5571155206e-07,3.5571155206e-07
snotel_snowbird_ut,S,CONDUCTIVITY_TEMPERATURE_BELOW_ABSOLUTE_ZERO,1440,1414,26,False,0.00316842185390081,50636.49803760933,-7.610292828734593,6.377173433206e-05,0.0,828792.0619917356,0.0,-181031.51114724812,4495.665687040496,0.0,0.0,0.0
snotel_snowbird_ut,S,CONDUCTIVITY_TEMPERATURE_BELOW_ABSOLUTE_ZERO,1440,1415,25,False,0.00313869716632928,27259.46774531609,-4.135696513060539,2.972468757152e-05,0.0,820889.1363996784,0.0,-84295.12288546139,23331.818256653834,0.0,0.0,0.0
snotel_snowbird_ut,S,CONDUCTIVITY_TEMPERATURE_BELOW_ABSOLUTE_ZERO,1440,1416,24,False,0.00309968790253626,26717.60453015058,-4.104499944485105,3.900926379302e-05,0.0,823955.0355664592,0.0,-110616.55717944622,488.12034934689035,0.0,0.0,0.0
snotel_snowbird_ut,S,CONDUCTIVITY_TEMPERATURE_BELOW_ABSOLUTE_ZERO,1440,1417,23,False,5.873754927137e-05,-1.1369e-13,9.216948257063793e-16,2.325216303291e-05,0.00301769819023198,801428.2180448893,0.0,-65896.58060948308,142.0065811748217,0.0,1.67422017976e-06,0.00301769819023198
snotel_snowbird_ut,S,CONDUCTIVITY_TEMPERATURE_BELOW_ABSOLUTE_ZERO,1440,1418,22,False,-0.0,0.0,0.0,0.0,5.873754927137e-05,0.0,0.0,0.0,0.0,0.0,0.0,5.873754927137e-05
snotel_snowbird_ut,S,CONDUCTIVITY_TEMPERATURE_BELOW_ABSOLUTE_ZERO,1440,1419,21,False,-0.0,0.0,0.0,0.0,0.0,0.0,0.0,0.0,0.0,0.0,0.0,0.0
snotel_snowbird_ut,S,CONDUCTIVITY_TEMPERATURE_BELOW_ABSOLUTE_ZERO,1440,1420,20,False,-0.0,0.0,0.0,0.0,0.0,0.0,0.0,0.0,0.0,0.0,0.0,0.0
snotel_snowbird_ut,S,CONDUCTIVITY_TEMPERATURE_BELOW_ABSOLUTE_ZERO,1440,1421,19,False,-0.0,0.0,0.0,0.0,0.0,0.0,0.0,0.0,0.0,0.0,0.0,0.0
snotel_snowbird_ut,S,CONDUCTIVITY_TEMPERATURE_BELOW_ABSOLUTE_ZERO,1440,1422,18,False,-0.0,0.0,0.0,0.0,0.0,0.0,0.0,0.0,0.0,0.0,0.0,0.0
snotel_snowbird_ut,S,CONDUCTIVITY_TEMPERATURE_BELOW_ABSOLUTE_ZERO,1440,1423,17,False,-0.0,0.0,0.0,0.0,0.0,0.0,0.0,0.0,0.0,0.0,0.0,0.0
snotel_snowbird_ut,S,CONDUCTIVITY_TEMPERATURE_BELOW_ABSOLUTE_ZERO,1440,1424,16,False,0.02595329945245649,173812.92952138605,-3.1891151962575015,0.00014523276597391,0.0,561874.6090615899,0.0,-412320.56318180246,47146.84531991564,0.0,1.46233860292e-06,1.46233860292e-06
snotel_snowbird_ut,S,CONDUCTIVITY_TEMPERATURE_BELOW_ABSOLUTE_ZERO,1440,1425,15,False,0.08728158836304335,895807.6750969662,-4.8873432688368394,0.00027169989848045,0.0,754045.7673073355,0.0,-773234.0923133802,-19188.3250060445,56.10170575308055,1.11909327e-08,1.11909327e-08
snotel_snowbird_ut,S,CONDUCTIVITY_TEMPERATURE_BELOW_ABSOLUTE_ZERO,1440,1426,14,False,0.11690744302841002,1355309.3216507332,-5.520481626695204,0.00017414533353707,0.0,654325.5422170013,0.0,-495889.04448662826,158436.49773037233,93.11604947696833,1.05236e-12,1.05236e-12
snotel_snowbird_ut,S,CONDUCTIVITY_TEMPERATURE_BELOW_ABSOLUTE_ZERO,1440,1427,13,False,0.11683407951276133,990032.4858054507,-4.035158601204578,7.336351564867e-05,0.0,667212.2160883786,0.0,-208525.6582379239,364848.00776556524,92.58534653868796,0.0,0.0
snotel_snowbird_ut,S,CONDUCTIVITY_TEMPERATURE_BELOW_ABSOLUTE_ZERO,1440,1428,12,False,0.1167596507460997,708021.7936916699,-2.8875834497349575,7.442876666162e-05,0.0,666682.3467281658,0.0,-211344.10685191568,281714.04148372647,91.97335736774234,0.0,0.0
snotel_snowbird_ut,S,CONDUCTIVITY_TEMPERATURE_BELOW_ABSOLUTE_ZERO,1440,1429,11,False,0.11669957140536559,474090.19017651695,-1.9345163885238503,6.007934073408e-05,0.0,667113.6807094731,0.0,-170494.29260429987,233762.0664958197,91.22219502590771,0.0,0.0
snotel_snowbird_ut,S,CONDUCTIVITY_TEMPERATURE_BELOW_ABSOLUTE_ZERO,1440,1430,10,False,0.11661561208683674,351592.3881697894,-1.435699249452529,8.395931852888e-05,0.0,658251.3082682627,0.0,-238200.82467698096,122300.7729938775,90.4728246613879,0.0,0.0
snotel_snowbird_ut,S,CONDUCTIVITY_TEMPERATURE_BELOW_ABSOLUTE_ZERO,1440,1431,9,False,0.11657379075159253,215974.93206838687,-0.88223266210845,4.18213352442e-05,0.0,649743.7486605828,0.0,-118601.32362489117,135553.23857213295,89.61369467802068,0.0,0.0
snotel_snowbird_ut,S,CONDUCTIVITY_TEMPERATURE_BELOW_ABSOLUTE_ZERO,1440,1432,8,False,0.11585608848886747,99436.27199270226,-0.40870191915171106,5.164989686424e-05,0.00066605236586085,649295.7691102201,0.0,-146429.88072903253,82119.46905814287,79.3143596099911,9.87329316106e-05,0.00066605236586085
snotel_snowbird_ut,S,CONDUCTIVITY_TEMPERATURE_BELOW_ABSOLUTE_ZERO,1440,1433,7,False,0.10940765424971724,-3.69482e-12,1.6081489977129663e-17,6.819662616029e-05,0.00638023761298992,651157.5189895191,0.0,-193293.7609594234,33289.398597623585,22.794039312782694,0.000198207815116,0.00638023761298992
snotel_snowbird_ut,S,CONDUCTIVITY_TEMPERATURE_BELOW_ABSOLUTE_ZERO,1440,1434,6,False,0.10444968218898093,5.684e-14,-2.591359408609297e-19,4.383993017985e-05,0.00601593071491109,625697.3090070639,0.0,-124232.53369130062,-40761.65870371046,0.0,0.00012218786737922,0.00711413213055644
snotel_snowbird_ut,S,CONDUCTIVITY_TEMPERATURE_BELOW_ABSOLUTE_ZERO,1440,1435,5,False,0.11189311022838215,-1.1369e-13,4.838376118743626e-19,0.0001186377768985,0.00073479819316188,475413.91893709655,0.0,-336268.9881665147,-61048.47160356353,12.006535750675049,0.00033758400757508,0.00073793418370028
snotel_snowbird_ut,S,CONDUCTIVITY_TEMPERATURE_BELOW_ABSOLUTE_ZERO,1440,1436,4,False,0.11176661237079165,117024.97394015065,-0.4985941408142877,0.00012649785759048,0.0,636291.1721040023,0.0,-358514.31032913394,-117073.39941875219,11.657166929144246,0.0,0.0
snotel_snowbird_ut,S,CONDUCTIVITY_TEMPERATURE_BELOW_ABSOLUTE_ZERO,1440,1437,3,False,0.10785697009716012,3.979e-13,-1.7567357056804565e-18,0.00012574308898406,0.00378389918464745,630523.5136739215,0.0,-356451.5818757336,-9413.601579846287,0.0,0.00036678809902272,0.00378389918464745
snotel_snowbird_ut,S,CONDUCTIVITY_TEMPERATURE_BELOW_ABSOLUTE_ZERO,1440,1438,2,False,0.10753936996381201,190716.90948700544,-0.8445053748850679,0.00022957138536826,8.802874797985e-05,647568.8863490035,0.0,-650773.2160490964,-220273.27916454023,0.0,8.802874797985e-05,8.802874797985e-05
snotel_snowbird_ut,S,CONDUCTIVITY_TEMPERATURE_BELOW_ABSOLUTE_ZERO,1440,1439,1,False,0.10979734259439887,587334.930751749,-2.5472683923795008,0.00033054353673118,1.148383042259e-05,592218.3339602827,0.0,-938434.064818527,-346215.7308582388,2.6393813752225257,1.148383042259e-05,1.148383042259e-05
snotel_snowbird_ut,S,CONDUCTIVITY_TEMPERATURE_BELOW_ABSOLUTE_ZERO,1440,1440,0,True,6.929714295647423e-07,424.90066202241593,-291.9797843746448,,,,,,,0.0,,
