cell_id,date,trace_frdp_m,frozen_water_m,snow_depth_m,snow_water_m,observed_snow_depth_m,snow_depth_residual_m,snow_conductivity_w_m_k,snow_resistance_m2_k_w,precip_m,rain_melt_m,runoff_m,max_air_temp_c,max_surface_temp_c,residue_depth_m,mean_qsrf_w_m2,mean_quf_w_m2,retreat_next_m
site1_sleepers_south_field_vt:1986:thaw,1986-03-26,0.11018992996274526,0.01859101191635729,0.5081055388421283,0.26523109127559097,0.4938,0.014305538842128263,0.45945932297979186,1.1058770895034729,0.004900000000000001,0.030558490060246905,0.0,17.049880507027915,0.0,0.12710674051477938,0.17458409304414227,0.7285764926832471,0.0021175471617815578
site1_sleepers_south_field_vt:1986:thaw,1986-03-27,0.1080723828009637,0.018350695829574597,0.4490507641333894,0.23440449887762926,,,0.4917207720000001,0.9132230926648536,0.0052000000000000015,0.03602659239796168,0.0,10.476697210783964,0.0,0.12707624810359516,0.0,0.9317811235208592,0.0025752848481916946
site1_sleepers_south_field_vt:1986:thaw,1986-03-28,0.10549709795277201,0.018058432031044836,0.40871267040411097,0.21334801395094594,,,0.4917207720000001,0.8311885396700526,0.0,0.021056484926683335,0.0,9.271452023345946,0.0,0.1270559087609628,0.1738528857485422,1.1331987558734955,0.003027556843525167
site1_sleepers_south_field_vt:1986:thaw,1986-03-29,0.10246954110924685,0.01771484081084457,0.3320772158103862,0.17334430665302158,,,0.4917207720000001,0.6753369691089359,0.0,0.04000370729792434,0.0,16.562962388240265,0.0,0.12700732031372683,0.0,1.3322113283227826,0.003506625031199015
site1_sleepers_south_field_vt:1986:thaw,1986-03-30,0.09896291607804783,0.01732078644685859,0.2301135847619706,0.12011929124574866,,,0.4917207720000001,0.46797613170990987,0.0,0.053225015407272924,0.0,20.454416778038052,0.0,0.12694529150230988,0.0,1.5278736842377934,0.004039370338203702
site1_sleepers_south_field_vt:1986:thaw,1986-03-31,0.09492354573984413,0.01687757755020977,0.16000089536746,0.08352046738181412,,,0.4917207720000001,0.3253897424684349,0.0,0.03659882386393453,0.0,15.463959437464453,0.0,0.1269016377156824,0.0,1.7184604210342036,0.004475605861769594
site1_sleepers_south_field_vt:1986:thaw,1986-04-01,0.09044793987807453,0.01638650390017351,0.07851130856842248,0.04098290307271653,,,0.4917207720000001,0.15966644697373586,0.0,0.04253756430909759,0.0,22.638902047287857,0.0,0.1268449793342123,0.08936696096691027,1.9040471384507756,0.004899185485335175
site1_sleepers_south_field_vt:1986:thaw,1986-04-02,0.08554875439273936,0.015848954130869883,0.005411289645235384,0.0028246931948128703,,,0.4917207720000001,0.011004801817148744,0.0,0.03815820987790366,0.0,15.466472373895872,0.0,0.12679821820339446,0.0,2.0842496842212452,0.005309571615527683
site1_sleepers_south_field_vt:1986:thaw,1986-04-03,0.08023918277721168,0.015266375862385986,0.0,0.0,0.0,0.0,0.4917207720000001,0.0,0.0,0.0028246931948128703,0.0,10.467867420788387,0.0,0.1267753992405264,0.19141249825333553,2.2588393511817717,0.005705134987210925
site1_sleepers_south_field_vt:1986:thaw,1986-04-04,0.07453404779000075,0.014086575654042883,0.0,0.0,,,0.0,,0.0,0.0,0.0,8.77204264119206,15.041136966448295,0.12675612029558814,0.18358340653997895,2.427123696068701,0.006089304401104181
site1_sleepers_south_field_vt:1986:thaw,1986-04-05,0.06844474338889657,0.012948956722915584,0.0,0.0,,,0.0,,0.0,0.0,0.0,9.860578332812729,18.93641189083598,0.1267411933757813,0.5822496487669354,2.5905593517776597,0.006459509988693143
site1_sleepers_south_field_vt:1986:thaw,1986-04-06,0.06198523340020343,0.012106796221454885,0.0,0.0,,,0.0,,0.0063,0.006299999999999998,0.0,4.878956153030461,6.623527610527231,0.12673070711050055,0.33325250754022034,2.7480550990480723,0.006097624150773348
site1_sleepers_south_field_vt:1986:thaw,1986-04-07,0.05588760924943008,0.010974662292996552,0.0,0.0,,,0.0,,0.0046,0.0046,0.0,6.5801583647051345,10.024883570280599,0.1267135780676078,0.06395743504626349,2.901736173591767,0.00611496724006317
site1_sleepers_south_field_vt:1986:thaw,1986-04-08,0.04977264200936691,0.009552493962839161,0.0,0.0,0.0,0.0,0.0,,0.003,0.003,0.0,9.280347930261854,12.19908383988986,0.12668462997640503,0.0,3.058908776863378,0.0064226518927647455
site1_sleepers_south_field_vt:1986:thaw,1986-04-09,0.04334999011660216,0.008253878167348818,0.0,0.0,,,0.0,,0.0,0.0,0.0,5.982843618183146,12.09219504133666,0.12666769618877088,0.030898026528134438,3.212822812328477,0.005805448775353911
site1_sleepers_south_field_vt:1986:thaw,1986-04-10,0.03754454134124825,0.007154591387616757,0.0,0.0,,,0.0,,0.0036000000000000003,0.0036000000000000008,0.0,3.788439008655896,6.173036386365559,0.1266546756260231,0.04282545398439766,3.3636142501418327,0.005128463666938664
site1_sleepers_south_field_vt:1986:thaw,1986-04-11,0.03241607767430959,0.005958649695698083,0.03741258962427477,0.0065918170415940405,,,0.0,,0.0066,8.182958405957702e-06,0.0,3.1829879676016093,11.993766696356458,0.1266466065744791,0.33477370877713614,3.525188321993071,0.005366033165986658
site1_sleepers_south_field_vt:1986:thaw,1986-04-12,0.02705004450832293,0.005040267140163544,0.00035450707706662207,0.00018505269422877668,,,0.06041016861713029,0.005868334506950802,0.0048,0.011206764347365266,0.0,3.7855180268728743,0.0,0.12663536240243028,0.12762985960475787,3.6884881478463183,0.00559795106809155
site1_sleepers_south_field_vt:1986:thaw,1986-04-13,0.02145209344023138,0.0035436646888475486,0.0,0.0,,,0.0,,0.0,0.00018505269422877668,0.0,7.678205652366564,12.485104811413313,0.12661509362629217,0.037188727925332704,3.8479031955596814,0.01705715878896866
site1_sleepers_south_field_vt:1986:thaw,1986-04-14,0.00439493465126272,0.0016640448458880312,0.0,0.0,0.0,0.0,0.0,,0.0,0.0,0.0,12.662255421202014,23.098711950854568,0.12658616803415093,0.15931826975408514,3.899390144265382,0.00439493465126272
site1_sleepers_south_field_vt:1987:thaw,1987-03-18,0.13787455212661776,0.019612775480359824,0.5352168671423941,0.24500825937628082,0.55075,-0.015533132857605825,0.3525314532829323,1.5182102537467583,0.0,0.0,0.0,0.4826137943262112,0.0,0.13836253205634927,0.67782545825089,0.0,0.0
site1_sleepers_south_field_vt:1987:thaw,1987-03-19,0.13787455212661776,0.019756810052980397,0.5348343561260922,0.24500825937628082,,,0.3531457654291303,1.5144861088060346,0.0,0.0,0.0,0.4851855619096792,0.0,0.13835950888571444,0.5584673822672769,0.0,0.0
site1_sleepers_south_field_vt:1987:thaw,1987-03-20,0.13787455212661776,0.01980777642878266,0.5418248602649728,0.24630571578474272,,,0.35378452609726035,1.531510906488933,0.0013000000000000004,2.543591538093832e-06,0.0,2.68657555698488,0.0,0.13835069413013373,0.19761268395552944,0.0,0.0
site1_sleepers_south_field_vt:1987:thaw,1987-03-21,0.13787455212661776,0.019832367923344977,0.4915514616711983,0.23790083230027484,,,0.34696152115660084,1.4167319189534475,0.0015,0.00990488348446788,0.0,3.7865316609480444,0.0,0.13833841082424855,0.0953489661848987,0.0,0.0001141329367616295
site1_sleepers_south_field_vt:1987:thaw,1987-03-22,0.13776041918985613,0.019825377483268722,0.41147974261529163,0.21479242564518222,,,0.4064662058484412,1.0123344491982682,0.0,0.023108406655092607,0.0,8.777077066721603,0.0,0.13831375002030288,0.030217930192858327,0.05552151254964924,0.00048026294597980357
site1_sleepers_south_field_vt:1987:thaw,1987-03-23,0.13728015624387632,0.01981055419050706,0.3673200151406151,0.19174104790340107,,,0.4917207720000001,0.7470093517640027,0.0,0.023051377741781155,0.0,13.16102414657519,0.0,0.13828370169234835,0.21986007689400633,0.27278408909023805,0.000868676270713381
site1_sleepers_south_field_vt:1987:thaw,1987-03-24,0.13641147997316294,0.019755456848232093,0.3164235138412858,0.1651730742251512,0.3512,-0.034776486158714204,0.4917207720000001,0.6435024344289563,0.0,0.02656797367824988,0.0,15.954095302640443,0.0,0.13824615221596176,0.29275435301178815,0.4934855050567033,0.0014686892829690323
site1_sleepers_south_field_vt:1987:thaw,1987-03-25,0.1349427906901939,0.01960326356010471,0.2613278149662825,0.13641311941239948,,,0.4917207720000001,0.5314557160222682,0.0,0.02875995481275174,0.0,17.649801551062357,0.0,0.1382037273547361,0.17809672616528427,0.7146377998213436,0.0021932419186434238
site1_sleepers_south_field_vt:1987:thaw,1987-03-26,0.13274954877155049,0.019362616070655113,0.20572513534192027,0.10738852064848238,,,0.4917207720000001,0.41837796378860365,0.0086,0.03762459876391709,0.0,10.972862128195603,0.0,0.13817215430498847,0.002552076936274087,0.933066075990919,0.0026988580877801427
site1_sleepers_south_field_vt:1987:thaw,1987-03-27,0.13005069068377034,0.019066491225655458,0.1612847669006033,0.08419064832211492,,,0.4917207720000001,0.32800071927936225,0.0,0.023197872326367452,0.0,7.682338938699426,0.0,0.138147288456689,0.0,1.148169248551904,0.0031946557207618576
site1_sleepers_south_field_vt:1987:thaw,1987-03-28,0.12685603496300848,0.01871596633721422,0.11670539473298888,0.060920216050620195,,,0.4917207720000001,0.23734078643516987,0.0,0.02327043227149473,0.0,9.873913055816121,0.0,0.13812002698723272,0.0646809761894802,1.3590953429145267,0.0036780847893128216
site1_sleepers_south_field_vt:1987:thaw,1987-03-29,0.12317795017369566,0.018312398512339543,0.06685938838928003,0.034900600739204174,,,0.4917207720000001,0.13597023391413698,0.0,0.02601961531141602,0.0,14.259011709652558,0.0,0.1380855507808506,0.17393456476762148,1.564759506169172,0.004147111948848495
site1_sleepers_south_field_vt:1987:thaw,1987-03-30,0.11903083822484717,0.017857367961230025,0.0,0.0,,,0.4917207720000001,0.0,0.014,0.04890060073920417,0.0,14.864326174116737,0.0,0.13804139732764634,0.0,1.764315987188093,0.004600184782489927
site1_sleepers_south_field_vt:1987:thaw,1987-03-31,0.11443065344235724,0.016424252763205277,0.0,0.0,0.0,0.0,0.0,,0.0228,0.0228,0.0,13.780612662911913,15.081357301645447,0.1379834224184077,0.0,1.9570464741463132,0.005037137439797723
site1_sleepers_south_field_vt:1987:thaw,1987-04-01,0.10939351600255952,0.015660172805703105,0.0,0.0,,,0.0,,0.0103,0.010299999999999998,0.0,6.572318886730418,10.215386772387875,0.13797100151897007,0.3838932257619277,2.142938280190299,0.005457141794917256
site1_sleepers_south_field_vt:1987:thaw,1987-04-02,0.10393637420764226,0.015100082237353714,0.020341253220888374,0.004082411781952734,,,0.0,,0.0043,0.0002175882180472646,0.0,5.959716807442054,10.865019891246892,0.1379669705286991,1.1679230596115417,2.3216198073849177,0.005859972257302379
site1_sleepers_south_field_vt:1987:thaw,1987-04-03,0.09807640195033988,0.014513729447914648,0.0,0.0,,,0.06551872459544231,0.0,0.0,0.004082411781952734,0.0,5.977657816016926,0.0,0.1379527884787294,0.21952072604121672,2.49300003428325,0.006245422206395762
site1_sleepers_south_field_vt:1987:thaw,1987-04-04,0.09183097974394412,0.013265766547970655,0.0,0.0,,,0.0,,0.0,0.0,0.0,10.473301981678903,13.80262438891069,0.1379225632369095,0.006091760420445013,2.6569762056310817,0.006615396372023172
site1_sleepers_south_field_vt:1987:thaw,1987-04-05,0.08521558337192095,0.011932582741584475,0.0,0.0,,,0.0,,0.0074,0.007400000000000002,0.0,8.787364850260492,10.171178989272677,0.137886499532954,0.0,2.8143734995664054,0.006969547043285229
site1_sleepers_south_field_vt:1987:thaw,1987-04-06,0.07824603632863572,0.010374459779612976,0.0,0.0,,,0.0,,0.0,0.0,0.0,10.48732298375329,12.911848507203539,0.1378406066087305,0.0,2.9650545465567326,0.007308348054111569
site1_sleepers_south_field_vt:1987:thaw,1987-04-07,0.07093768827452415,0.009080596709106494,0.0,0.0,0.0,0.0,0.0,,0.0046,0.004600000000000001,0.0,7.685754723378046,9.36625252631009,0.1378119227313474,0.0,3.1091744065531866,0.007634415025686667
site2_sleepers_w9_hardwood_vt:1994:thaw,1994-03-03,0.1478960598433148,0.016295668881801652,0.7990935321448154,0.22314348568645861,0.868333,-0.06923946785518464,0.17973346692463915,4.445991866833955,0.0207,5.5093880846346366e-12,0.0,-3.9315681711682693,-1.2711568788045315,0.17683525593839305,1.4944488908942342,0.0,0.0
site2_sleepers_w9_hardwood_vt:1994:thaw,1994-03-04,0.1478960598433148,0.016434151672616935,0.8266052613350767,0.22874346533582038,,,0.1080652901170936,7.649128230159867,0.0056,2.0350638242270844e-08,0.0,-3.313896416771768,-1.751979432593837,0.17683525593839305,0.5369413764250048,0.0,0.0
site2_sleepers_w9_hardwood_vt:1994:thaw,1994-03-05,0.1478960598433148,0.01656306965505877,0.8099319385312881,0.22874346533582038,,,0.10608136400255813,7.6350068284544,0.0,0.0,0.0,-3.3153106129198378,-0.1905219005417483,0.17683525593839305,0.4998556032177604,0.0,0.0
site2_sleepers_w9_hardwood_vt:1994:thaw,1994-03-06,0.1478960598433148,0.016785887695049965,0.7979038984704071,0.22874346533582038,,,0.11062580165440283,7.212638340584184,0.0,0.0,0.0,2.147735888275749,0.0,0.17683525593839305,0.8639356874658574,0.0,0.0
site2_sleepers_w9_hardwood_vt:1994:thaw,1994-03-07,0.1478960598433148,0.016936670009251593,0.8120971008706823,0.23254131384470755,,,0.11415906789424507,7.11373275772534,0.0038,2.1514911128157105e-06,0.0,2.760449309303734,0.0,0.1768352274377403,0.5846305006660312,0.0,0.0
site2_sleepers_w9_hardwood_vt:1994:thaw,1994-03-08,0.1478960598433148,0.016964115859729137,0.790066933903682,0.23254131384470755,,,0.11387782212848419,6.937847239581719,0.0,0.0,0.0,3.2833918697201794,0.0,0.1768246917352281,0.106416202661771,0.0,0.0
site2_sleepers_w9_hardwood_vt:1994:thaw,1994-03-09,0.1478960598433148,0.01711114374454193,0.8999471286216917,0.2480412551009032,,,0.12080300371998509,7.449708210134585,0.0155,5.8743804376958855e-08,0.0,-1.125684986883921,0.0,0.1768246917352281,0.5700733959755294,0.0,0.0
site2_sleepers_w9_hardwood_vt:1994:thaw,1994-03-10,0.1478960598433148,0.017198323202202458,0.9235547675677649,0.2554365538459099,,,0.10522125677744468,8.777264175062951,0.0074,4.701254993307576e-06,0.0,1.6728408834681918,0.0,0.1768234891205916,0.33802220273468203,0.0,0.0
site2_sleepers_w9_hardwood_vt:1994:thaw,1994-03-11,0.1478960598433148,0.0172810021687264,0.8999977657797744,0.2554365538459099,,,0.10596718427110988,8.493174297027569,0.0,0.0,0.0,-1.7153692328059886,0.0,0.17682310611138105,0.3205723817768524,0.0,0.0
site2_sleepers_w9_hardwood_vt:1994:thaw,1994-03-12,0.1478960598433148,0.017498859172805907,0.9481843177808964,0.26153655384113816,,,0.11177146629957102,8.483241288430118,0.0060999999999999995,4.771752437626731e-12,0.0,-2.239012884220374,0.0,0.17682310611138105,0.8447001894286456,0.0,0.0
site2_sleepers_w9_hardwood_vt:1994:thaw,1994-03-13,0.1478960598433148,0.01764591184047495,1.0349063184125968,0.27473654911502493,,,0.10538449770740008,9.820289899620843,0.0132,4.726113220124243e-09,0.0,-1.1311695986435444,0.0,0.17682310611138105,0.5701694869112263,0.0,0.0
site2_sleepers_w9_hardwood_vt:1994:thaw,1994-03-14,0.1478960598433148,0.01769260076593566,0.9913034999563881,0.27473654911502493,,,0.09771875814631961,10.144454542412987,0.0,0.0,0.0,1.6828369348958514,0.0,0.1768176832105084,0.18102766237659387,0.0,0.0
site2_sleepers_w9_hardwood_vt:1994:thaw,1994-03-15,0.1478960598433148,0.017708003555542084,0.7754246084588104,0.27068227319433913,,,0.10640955501390628,7.287170859397664,0.0040999999999999995,0.008154275920685874,0.0,4.383017518914392,0.0,0.17680284278545721,0.05972146433044817,0.0,0.0
site2_sleepers_w9_hardwood_vt:1994:thaw,1994-03-16,0.1478960598433148,0.017736707139136765,0.7838660248925077,0.2734729999155243,,,0.179387641241406,4.369676859944,0.0028,9.273278814815452e-06,0.0,2.188168513066879,0.0,0.1767923090123969,0.1112928299099245,0.0,0.0
site2_sleepers_w9_hardwood_vt:1994:thaw,1994-03-17,0.1478960598433148,0.018020702717985972,0.7935659177030083,0.2747729999155201,,,0.17913962048926546,4.429873835478852,0.0013000000000000004,4.1687573532067645e-15,0.0,-6.1170925289793425,-2.9574254715476287,0.1767923090123969,1.101140265213907,0.0,0.0
site2_sleepers_w9_hardwood_vt:1994:thaw,1994-03-18,0.1478960598433148,0.01822527818072473,0.7888512585097675,0.2747729999155201,0.835,-0.046148741490232514,0.1758900792920713,4.484910471839937,0.0,0.0,0.0,-0.6290563985233186,0.0,0.1767923090123969,0.793203472424595,0.0,0.0
site2_sleepers_w9_hardwood_vt:1994:thaw,1994-03-19,0.1478960598433148,0.01839485482543544,0.7961633559814391,0.2762729999137643,,,0.17844693577815474,4.4616252585655465,0.0015,1.7558007998907943e-12,0.0,-2.2186375188878227,0.0,0.1767923090123969,0.6575020367834169,0.0,0.0
site2_sleepers_w9_hardwood_vt:1994:thaw,1994-03-20,0.1478960598433148,0.018583723059963236,0.7914605838906,0.2762729999137643,,,0.1768189840431053,4.476106387409488,0.0,0.0,0.0,-2.2213352755061733,0.0,0.1767923090123969,0.7323016037825277,0.0,0.0
site2_sleepers_w9_hardwood_vt:1994:thaw,1994-03-21,0.1478960598433148,0.01867457920250651,0.8217232916013402,0.2823729995029251,,,0.17937653167626272,4.5809966550383505,0.0060999999999999995,4.108391874790648e-10,0.0,4.370658261351098,0.0,0.17678621842855252,0.3522778674999494,0.0,0.00020230730627249227
site2_sleepers_w9_hardwood_vt:1994:thaw,1994-03-22,0.1476937525370423,0.018690339806353016,0.898660424139742,0.29687096030357224,,,0.1726976691280504,5.2036627284958366,0.0145,2.0391993528886207e-06,0.0,1.0879352982745267,0.0,0.17677927549716763,0.17300949885617148,0.1066895642945002,0.0007696902504692738
site2_sleepers_w9_hardwood_vt:1994:thaw,1994-03-23,0.14692406228657304,0.018678465848775846,0.5738657057428018,0.2694504218202316,,,0.157165525969171,3.651345943736855,0.0,0.02742053848334064,0.0,9.36659212563588,0.0,0.17675642886081638,0.28326061227046356,0.30455539313144264,0.0014358877210181309
site2_sleepers_w9_hardwood_vt:1994:thaw,1994-03-24,0.1454881745655549,0.018599063534004652,0.46797233621908757,0.2439697372210013,,,0.37652827342774764,1.2428610790867667,0.0,0.025480684599230308,0.0,8.868911104433742,0.0,0.17673358517712343,0.22077611514715398,0.5053873394862969,0.0021229016067469686
site2_sleepers_w9_hardwood_vt:1994:thaw,1994-03-25,0.14336527295880794,0.01846421726860838,0.4321015446961765,0.22555700633140413,,,0.490146177757539,0.8815768933934736,0.0,0.018412730889597165,0.0,5.576850229858854,0.0,0.176718539526571,0.26282210325805094,0.7076051034516259,0.0027349204069063437
site2_sleepers_w9_hardwood_vt:1994:thaw,1994-03-26,0.1406303525519016,0.018287451839871023,0.43207299258904097,0.2255421021314794,,,0.4917207720000001,0.8786958314403706,0.0,1.4904199924712681e-05,0.0,2.1823970561268773,0.0,0.17671159925314198,0.3994174658553454,0.9116279211526185,0.0026509055411625126
site2_sleepers_w9_hardwood_vt:1994:thaw,1994-03-27,0.13797944701073908,0.018153297185689782,0.5127332799703626,0.236739422720555,,,0.4917207720000001,1.0427326018481937,0.0112,2.6794109244085633e-06,0.0,0.5781689658923463,0.0,0.17670999982500582,0.7942842126681428,1.1199380125129124,0.005019667032192809
site2_sleepers_w9_hardwood_vt:1994:thaw,1994-03-28,0.13295977997854627,0.017812164258011007,0.512350260257258,0.236739422720555,,,0.3608918831793893,1.4196779815149874,0.0,0.0,0.0,3.281050049979635,0.0,0.17670035056027747,0.3065143282912624,1.3226797543100608,0.005775563644777687
site2_sleepers_w9_hardwood_vt:1994:thaw,1994-03-29,0.12718421633376858,0.01741966114525426,0.5119777905551801,0.236739422720555,,,0.361574146563168,1.4159690216284204,0.0,0.0,0.0,1.687654129413421,0.0,0.1766915435939713,0.20819960255785216,1.521858133952665,0.006528343414476001
site2_sleepers_w9_hardwood_vt:1994:thaw,1994-03-30,0.12065587291929258,0.01697599966579956,0.511668884633755,0.236739422720555,,,0.36223933698133187,1.4125160698936572,0.0,0.0,0.0,1.6764651843131242,0.0,0.17668860902185632,0.6567815513692309,1.7202152270523623,0.007276457210151049
site2_sleepers_w9_hardwood_vt:1994:thaw,1994-03-31,0.11337941570914153,0.01648149691585445,0.5113404423770677,0.236739422720555,,,0.36279229938678986,1.4094578171624963,0.0,0.0,0.0,2.775144439630658,0.0,0.17668382026959034,0.569094548211496,1.91735296496232,0.008020795561413885
site2_sleepers_w9_hardwood_vt:1994:thaw,1994-04-01,0.10535862014772765,0.01593640947188055,0.5109771867805056,0.236739422720555,,,0.3633815197251586,1.4061727386879226,0.0,0.0,0.0,3.876308957111619,0.0,0.1766751779885275,0.4264723992388136,2.113475621889543,0.0073144265952508475
site2_sleepers_w9_hardwood_vt:1994:thaw,1994-04-02,0.0980441935524768,0.015449211198704849,0.5107066398262508,0.236739422720555,,,0.3640347432739588,1.4029063139226583,0.0,0.0,0.0,3.858215570452315,0.0,0.17667431736787964,1.012739079431736,2.3158293803703685,0.009528156950969119
site2_sleepers_w9_hardwood_vt:1994:thaw,1994-04-03,0.08851603660150768,0.014801684568906251,0.5456438737213258,0.24515965872707357,,,0.3645223134125175,1.4968737266402652,0.0135,0.005079763993481451,0.0,6.067867420788387,0.0,0.17666379125226173,0.42867935959913533,2.51066459470522,0.010254535611020701
site2_sleepers_w9_hardwood_vt:1994:thaw,1994-04-04,0.07826150099048698,0.014104793772656447,0.4286600729988465,0.22108517676295963,,,0.33686077626500577,1.2725140568506645,0.0,0.024074481964113947,0.0,6.077583739334173,0.0,0.17664516316231735,0.18393696291023795,2.7020758209410745,0.010973703498545095
site2_sleepers_w9_hardwood_vt:1994:thaw,1994-04-05,0.06728779749194189,0.013359028848822011,0.394312657978005,0.20583120746451863,,,0.47708454252429056,0.8265047865346188,0.0091,0.02435396929844098,0.0,10.559062114843986,0.0,0.17662233385840362,0.33796799553724405,2.8915653875524936,0.010043499351488287
site2_sleepers_w9_hardwood_vt:1994:thaw,1994-04-06,0.0572442981404536,0.01256426141894018,0.39935655364146877,0.20711889341350392,,,0.4917207720000001,0.8121612434983094,0.027899999999999998,0.026612314051014708,0.0,4.980223854655131,0.0,0.1766062155027168,0.14301398609122798,3.0815747649128915,0.007806353748789831
site2_sleepers_w9_hardwood_vt:1994:thaw,1994-04-07,0.04943794439166377,0.011715854643011286,0.4807303557101531,0.22107671188779862,0.579,-0.09826964428984686,0.48379013394432524,0.9936754017507016,0.0145,0.0005421815257052923,0.0,1.688552902714501,0.0,0.17659657190514028,0.20921513526500368,3.289540161298372,0.008314774594177607
site2_sleepers_w9_hardwood_vt:1995:thaw,1995-03-02,0.12313784711233232,0.018499902323717995,0.4217384767339333,0.07025345800668394,0.616667,-0.1949285232660667,0.05912632744644336,7.132837349249267,0.0,0.0,0.0,-5.0239998625965825,-1.9416885329151334,0.1791637960985653,0.8727104853649753,0.0,-0.005006647405638845
site2_sleepers_w9_hardwood_vt:1995:thaw,1995-03-03,0.12814449451797116,0.018840150447027245,0.40868362776836514,0.07025345800668394,,,0.05946642383931752,6.872510593081184,0.0,0.0,0.0,-4.4492826844857145,0.0,0.1791637960985653,1.3192490892198936,0.0,-0.003923677282057697
site2_sleepers_w9_hardwood_vt:1995:thaw,1995-03-04,0.13206817180002886,0.019106800706877317,0.39291872933378175,0.07025345800668394,,,0.05991507353006881,6.557927849935671,0.0,0.0,0.0,1.6430474722468489,0.0,0.1791637960985653,1.0338870028908946,0.0,-0.002954641783906753
site2_sleepers_w9_hardwood_vt:1995:thaw,1995-03-05,0.1350228135839356,0.019307596017706097,0.3912525747090779,0.0722525838640151,,,0.06076904675361847,6.4383530038799055,0.002,8.741426688256732e-07,0.0,3.849269312414866,0.0,0.1791637960985653,0.7785466334217842,0.0,-0.0018319424741516377
site2_sleepers_w9_hardwood_vt:1995:thaw,1995-03-06,0.13685475605808725,0.019432093498423147,0.37181621498762857,0.0722525838640151,,,0.06173831407923812,6.022454946055388,0.0,0.0,0.0,2.7681372301330214,0.0,0.17916257757528442,0.48271592639134303,0.0,0.0
site2_sleepers_w9_hardwood_vt:1995:thaw,1995-03-07,0.13685475605808725,0.019445002714989862,0.12513541483405374,0.06176306385914879,,,0.06381656160697156,1.9608611257486406,0.0,0.010489520004866318,0.0,6.679534817023445,0.0,0.1791461786510533,0.0500530966417757,0.0,0.0
site2_sleepers_w9_hardwood_vt:1995:thaw,1995-03-08,0.13685475605808725,0.01945411094367826,0.06450729816231715,0.03367280964072955,,,0.4270893798947852,0.1510393402388248,0.0209,0.048990254218419224,0.0,11.670474435058097,0.0,0.17910626125056298,0.03531547003024194,0.0,0.0
site2_sleepers_w9_hardwood_vt:1995:thaw,1995-03-09,0.13685475605808725,0.019987825412843694,0.1364424575321356,0.04150017604721526,,,0.4917207720000001,0.2774795479498995,0.0079,7.263359351429364e-05,0.0,-5.014115172972246,-4.369956070457785,0.17910626125056298,2.069379018176175,0.0,0.0
site2_sleepers_w9_hardwood_vt:1995:thaw,1995-03-10,0.13685475605808725,0.020706607371352947,0.1362759656904619,0.04150017604721526,,,0.12989278225964884,1.0491419409128786,0.0,0.0,0.0,-9.419498852894632,-7.766129172098262,0.17910626125056298,2.78694393634953,0.0,0.0
site2_sleepers_w9_hardwood_vt:1995:thaw,1995-03-11,0.13685475605808725,0.021319323950624153,0.15961091853939513,0.043500176046212785,,,0.1302487337069837,1.225431633742149,0.002,1.0024754464044161e-12,0.0,-2.2454090969267853,0.0,0.17910626125056298,2.375695070090903,0.0,0.0
site2_sleepers_w9_hardwood_vt:1995:thaw,1995-03-12,0.13685475605808725,0.021690066920402453,0.1589701483901149,0.043500176046212785,,,0.10287467508727813,1.5452797129638152,0.0,0.0,0.0,1.0598190653538664,0.0,0.17910626125056298,1.4374872092098494,0.0,0.0
site2_sleepers_w9_hardwood_vt:1995:thaw,1995-03-13,0.13685475605808725,0.021736798247171483,0.03909806325537788,0.02040918901930725,,,0.10370493672307318,0.3770125559189411,0.0,0.023090987026905534,0.0,12.762268380589394,0.0,0.17906995919913724,0.18119206559751047,0.0,0.0
site2_sleepers_w9_hardwood_vt:1995:thaw,1995-03-14,0.13685475605808725,0.021754805778503857,0.0,0.0,0.373333,-0.373333,0.4917207720000001,0.0,0.0018000000000000002,0.02220918901930725,0.0,8.277899614797398,0.0,0.1790407168122659,0.06982086801325559,0.0,0.0
site2_sleepers_w9_hardwood_vt:1995:thaw,1995-03-15,0.13685475605808725,0.021155714367295044,0.0,0.0,,,0.0,,0.0,0.0,0.0,12.173818674993019,19.539221349279888,0.1789913719129368,0.0,0.0,0.0
site2_sleepers_w9_hardwood_vt:1995:thaw,1995-03-16,0.13685475605808725,0.02073756458934647,0.0,0.0,,,0.0,,0.0038,0.0037999999999999996,0.0,8.88035973169102,12.762755100420321,0.17895509314779157,0.0,0.0,0.0
site2_sleepers_w9_hardwood_vt:1995:thaw,1995-03-17,0.13685475605808725,0.02049351163548273,0.0,0.0,,,0.0,,0.0036000000000000003,0.0036000000000000008,0.0,5.586705810793843,7.857249139786416,0.1789303672936267,0.002352900400468119,0.0,0.0
site2_sleepers_w9_hardwood_vt:1995:thaw,1995-03-18,0.13685475605808725,0.020444901236464624,0.0,0.0,,,0.0,,0.0,0.0,0.0,2.1907114791605786,3.6203935920239516,0.1789176173896636,0.12267444630389875,0.0,0.0
site2_sleepers_w9_hardwood_vt:1995:thaw,1995-03-19,0.13685475605808725,0.020202630887421382,0.0,0.0,,,0.0,,0.0,0.0,0.0,8.269654296169827,14.305598424302737,0.17889729507432897,0.3308546908236229,0.0,0.0
site2_sleepers_w9_hardwood_vt:1995:thaw,1995-03-20,0.13685475605808725,0.01995729385649991,0.0,0.0,0.175,-0.175,0.0,,0.0,0.0,0.0,8.870753892002774,11.60186340319697,0.1788725772060041,0.2077947202891288,0.0,0.0
site2_sleepers_w9_hardwood_vt:1996:thaw,1996-02-23,0.0786462934183478,0.014214896830580014,0.3318726082269542,0.16839317925594638,0.414,-0.08212739177304579,0.3599652210588261,0.9219574248055453,0.0079,0.01649276153254317,0.0,6.68514535602406,0.0,0.18315110302313956,0.008479458745019616,0.0,0.0
site2_sleepers_w9_hardwood_vt:1996:thaw,1996-02-24,0.0786462934183478,0.014221028071829815,0.37704782674629855,0.17967659561547628,,,0.4578842037223986,0.823456724824889,0.018000000000000002,0.006716583640470131,0.0,3.8899935916265815,0.0,0.1831317908868136,0.023772752531051235,0.0,0.0
site2_sleepers_w9_hardwood_vt:1996:thaw,1996-02-25,0.0786462934183478,0.014313330096552314,0.415142918771704,0.18580628780622307,,,0.390868016436353,1.0621051130165924,0.0066,0.00047030780925320876,0.0,-0.6049065369769511,-0.41013757193003525,0.18312548190463446,0.35788400789395297,0.0,0.0
site2_sleepers_w9_hardwood_vt:1996:thaw,1996-02-26,0.0786462934183478,0.014504006968458825,0.413649104186412,0.18563500547784462,,,0.3335888214360576,1.2399968991937589,0.0,0.0001712823283784538,0.0,-1.1125266591412846,-0.29486195382669467,0.18312389715550828,0.7393142602856716,0.0,0.0
site2_sleepers_w9_hardwood_vt:1996:thaw,1996-02-27,0.0786462934183478,0.01476069561352809,0.41322145806267946,0.18560838729995324,,,0.3358585211361606,1.230343826516032,0.0,2.6618177891361318e-05,0.0,2.7688136349353627,0.0,0.18312265169891026,0.9952626863218018,0.0,0.0
site2_sleepers_w9_hardwood_vt:1996:thaw,1996-02-28,0.0786462934183478,0.014921463734656158,0.4510451081465355,0.19160673561544941,0.4725,-0.021454891853464497,0.3366157924260683,1.3399404255390053,0.0063,0.0003016516845038189,0.0,3.8725450825752503,0.0,0.18311768856620958,0.6233486177997957,0.0,0.0
site2_sleepers_w9_hardwood_vt:1996:thaw,1996-02-29,0.0786462934183478,0.015557518143463072,0.44939672232349553,0.19145058677884513,,,0.29237382452388355,1.537062091845315,0.0,0.00015614883660428763,0.0,-8.920089449898713,-7.096298563254909,0.18311768856620958,2.466183182295328,0.0,0.0
site2_sleepers_w9_hardwood_vt:1996:thaw,1996-03-01,0.0786462934183478,0.016128415144895276,0.4489483163043753,0.1914259170994092,,,0.2944813456845369,1.5245390680376447,0.0,2.4669679435948208e-05,0.0,-3.9378111042795183,0.0,0.18311768856620958,2.213547401386428,0.0,0.0
site2_sleepers_w9_hardwood_vt:1996:thaw,1996-03-02,0.0786462934183478,0.01662211568068083,0.44866382637380264,0.19142247550260522,,,0.29512826452776064,1.520233336822946,0.0,3.441596803997575e-06,0.0,-3.3329308260388437,0.0,0.18311768856620958,1.914232401483358,0.0,0.0
site2_sleepers_w9_hardwood_vt:1996:thaw,1996-03-03,0.0786462934183478,0.017010859453651543,0.46930799628352105,0.1936540747707024,,,0.2955874197366758,1.5877130248019498,0.0025,0.00026840073190281984,0.0,-2.227792833543538,-0.652776834429207,0.18311768856620958,1.5072819901063463,0.0,0.0
site2_sleepers_w9_hardwood_vt:1996:thaw,1996-03-04,0.0786462934183478,0.017594116477989197,0.4910739799180731,0.19544627754698854,,,0.2717180732839409,1.807292293747825,0.0018000000000000002,7.797223713869187e-06,0.0,-9.415310612919837,-7.958873886668845,0.18311768856620958,2.261471101309179,0.0,0.0
site2_sleepers_w9_hardwood_vt:1996:thaw,1996-03-05,0.0786462934183478,0.01796824077475076,0.5209565493564904,0.19844627738261228,,,0.24813641827328542,2.099476380700934,0.003,1.6437628933246007e-10,0.0,-4.422922856019409,-0.6495047409750644,0.18311768856620958,1.4505976784158003,0.0,0.0
site2_sleepers_w9_hardwood_vt:1996:thaw,1996-03-06,0.0786462934183478,0.01821012432853881,0.5348945394154176,0.20024626352804933,,,0.2223890361929745,2.405219918086571,0.0018000000000000002,1.3854562937138707e-08,0.0,-2.2193154535958515,0.0,0.18311768856620958,0.9378586865624406,0.0,0.0
site2_sleepers_w9_hardwood_vt:1996:thaw,1996-03-07,0.0786462934183478,0.018644759169311305,0.61093874245758,0.2071462635267785,,,0.21299479998132426,2.86832703197988,0.006900000000000001,1.2708297955632553e-12,0.0,-8.312917434662083,-6.204539023679956,0.18311768856620958,1.6852161071618912,0.0,0.0
site2_sleepers_w9_hardwood_vt:1996:thaw,1996-03-08,0.0786462934183478,0.01905415402858919,0.6805178803363486,0.21324626352657972,,,0.1672231812747786,4.06951880205013,0.0060999999999999995,1.987758915800164e-13,0.0,-8.915503550641647,-7.079475284173751,0.18311768856620958,1.5873527529871694,0.0,0.0
site2_sleepers_w9_hardwood_vt:1996:thaw,1996-03-09,0.0786462934183478,0.019493030754867684,0.6774065071206388,0.21324626352657972,,,0.13896796122645327,4.87455166746514,0.0,0.0,0.0,-11.71671330248111,-9.290081347484557,0.18311768856620958,1.7016632326770225,0.0,0.0
site2_sleepers_w9_hardwood_vt:1996:thaw,1996-03-10,0.0786462934183478,0.019862292001474803,0.6738190397269074,0.21324626352657972,,,0.1404372208768751,4.798008928969491,0.0,0.0,0.0,-2.2505321745287823,0.0,0.18311768856620958,1.4317421020067738,0.0,0.0
site2_sleepers_w9_hardwood_vt:1996:thaw,1996-03-11,0.0786462934183478,0.02016382272215647,0.6692502815956948,0.21324626352657972,,,0.14216502499894845,4.7075592720547474,0.0,0.0,0.0,2.742765529137774,0.0,0.18311768856620958,1.169129530420817,0.0,0.0
site2_sleepers_w9_hardwood_vt:1996:thaw,1996-03-12,0.0786462934183478,0.020378249157950272,0.6632570273013475,0.21324626352657972,0.513,0.1502570273013475,0.14441905427838814,4.592586695816647,0.0,0.0,0.0,6.046566402325349,0.0,0.18311747873244588,0.8313987961912604,0.0,0.0
site2_sleepers_w9_hardwood_vt:1996:thaw,1996-03-13,0.0786462934183478,0.02052605054149597,0.6558361793709726,0.21324626352657972,,,0.1474698663764395,4.447255534204188,0.0,0.0,0.0,8.850391688534586,0.0,0.18311102699625392,0.57307249407187,0.0,0.0
site2_sleepers_w9_hardwood_vt:1996:thaw,1996-03-14,0.0786462934183478,0.020618202386538213,0.42325487190249295,0.19493519042207919,,,0.15140129715573059,2.7955828639112332,0.0,0.01831107310450054,0.0,11.052826441428865,0.0,0.18309431648972382,0.3573017139948041,0.0,0.0
site2_sleepers_w9_hardwood_vt:1996:thaw,1996-03-15,0.0786462934183478,0.020654887451169425,0.3432977513736618,0.17728367370839554,,,0.3586081639235243,0.9573060122715792,0.0,0.017651516713683642,0.0,6.67752017482707,0.0,0.18307351976500788,0.14223954457701973,0.0,0.0
site2_sleepers_w9_hardwood_vt:1996:thaw,1996-03-16,0.0786462934183478,0.020982657351001008,0.34321311662934567,0.17726925804422713,,,0.4786087356818939,0.717105834143114,0.0,1.4415664168403695e-05,0.0,-2.2185169063942887,-0.6819222552390583,0.18307351976500788,1.2708670884673614,0.0,0.0
site2_sleepers_w9_hardwood_vt:1996:thaw,1996-03-17,0.0786462934183478,0.02129281966038992,0.34316972298933984,0.1772688401500554,,,0.478807534566666,0.7167174662360272,0.0,4.1789417172879983e-07,0.0,2.1657039230544433,0.0,0.18307312321789398,1.202596917190814,0.0,0.0
site2_sleepers_w9_hardwood_vt:1996:thaw,1996-03-18,0.0786462934183478,0.02156740008963086,0.3431194248935826,0.1772688280357652,,,0.4789568649269794,0.7163889903653302,0.0,1.2114290173434461e-08,0.0,6.654839858079505,0.0,0.18306945741443192,1.0646347661540991,0.0,0.0
site2_sleepers_w9_hardwood_vt:1996:thaw,1996-03-19,0.0786462934183478,0.02171501410576765,0.3025740727760192,0.157943665989082,0.403833,-0.10125892722398078,0.4791332439085254,0.6315029829860558,0.0,0.01932516204668321,0.0,10.554692504823969,0.0,0.18305252194047594,0.5723460116414982,0.0,0.0
site2_sleepers_w9_hardwood_vt:1996:thaw,1996-03-20,0.0786462934183478,0.021799669644446802,0.31149403506991075,0.1577024723849809,,,0.4917207720000001,0.6334774791045652,0.010199999999999999,0.010441193604101095,0.0,5.5745063582230845,0.0,0.18303927489386082,0.3282361742767959,0.0,0.0
site2_sleepers_w9_hardwood_vt:1996:thaw,1996-03-21,0.0786462934183478,0.021833830470217634,0.295036114877805,0.15191709129660416,,,0.45533265628835695,0.6479572918902659,0.0043,0.010085381088376725,0.0,3.286728828101979,0.0,0.18302498925053232,0.13245227584756683,0.0,0.0
site2_sleepers_w9_hardwood_vt:1996:thaw,1996-03-22,0.0786462934183478,0.02190051143334975,0.30409917330646535,0.15324293768933278,,,0.47511400887773636,0.6400551607071658,0.002,0.000674153607271368,0.0,1.6878956976941595,0.0,0.18301586705632952,0.25854308621825917,0.0,4.477846552455866e-06
site2_sleepers_w9_hardwood_vt:1996:thaw,1996-03-23,0.07864181557179535,0.022134965809879913,0.30984017643660583,0.1539184411514657,,,0.4500233200974011,0.6884980457669291,0.0008,0.00012449653786711162,0.0,-2.214815801793295,-0.6005864036980498,0.1830156303118062,1.0742075492856404,0.15944207743200603,8.090589623611921e-05
site2_sleepers_w9_hardwood_vt:1996:thaw,1996-03-24,0.07856090967555923,0.022287600890643113,0.3097880753925556,0.1539184411514657,,,0.43409730391458357,0.7136374093986816,0.0,0.0,0.0,0.5756318209040572,0.0,0.18301468400822837,0.9641959944823769,0.36013304296658905,0.0002701274319850122
site2_sleepers_w9_hardwood_vt:1996:thaw,1996-03-25,0.07829078224357422,0.02222733855333871,0.25845865035064386,0.1349154154830361,,,0.4342813066708985,0.5951410903037226,0.0015,0.020503025668429604,0.0,12.155259184322478,0.0,0.18298799728788004,0.3535185794462952,0.565961803360432,0.0005230190951232006
site2_sleepers_w9_hardwood_vt:1996:thaw,1996-03-26,0.07776776314845102,0.022027200205864052,0.22191480642352318,0.1158395289530791,0.386167,-0.1642521935764768,0.4917207720000001,0.45130248519076827,0.0,0.01907588652995699,0.0,6.676697210783965,0.0,0.18296721263940555,0.15415594365245375,0.7759993796760513,0.00011142723085619255
site2_sleepers_w9_hardwood_vt:1996:thaw,1996-03-27,0.07765633591759483,0.022219328761103496,0.22186182027772988,0.11581187018497499,,,0.4917207720000001,0.45119472861669113,0.0,2.7658768104113583e-05,0.0,-4.419196053267384,-2.8694743744150113,0.18296721263940555,1.8656572660374147,0.9919311070263365,0.0003748932349383338
site2_sleepers_w9_hardwood_vt:1996:thaw,1996-03-28,0.07728144268265649,0.022307503327042236,0.22185726820471063,0.11580949400285895,,,0.4917207720000001,0.4511854711818247,0.0,2.3761821160493517e-06,0.0,2.1560487007117803,0.0,0.18296721263940555,1.6450764231937265,1.2137347933324494,0.0006466337211544076
site2_sleepers_w9_hardwood_vt:1996:thaw,1996-03-29,0.07663480896150208,0.022136199177692047,0.22185672918456395,0.11580921263434239,,,0.4917207720000001,0.45118437499029207,0.0,2.813685165601286e-07,0.0,7.155903187449855,0.0,0.18296090932702969,0.911711683155692,1.4394956209411383,0.0008433991493238119
site2_sleepers_w9_hardwood_vt:1996:thaw,1996-03-30,0.07579140981217827,0.02182895127971554,0.2218566584994236,0.11580917573669912,,,0.4917207720000001,0.4511842312397239,0.0,3.689764326800932e-08,0.0,2.772410327990031,0.0,0.18295724577050623,0.7799497912693876,1.6689357976376291,0.0010680258982159047
site2_sleepers_w9_hardwood_vt:1996:thaw,1996-03-31,0.07472338391396237,0.021436772932216335,0.22185664899969335,0.11580917077783992,,,0.4917207720000001,0.4511842119203647,0.0,4.958859204772653e-09,0.0,6.66109681378329,0.0,0.18294912175534814,0.752109261799771,1.9019207694878724,0.0014407550739962
site2_sleepers_w9_hardwood_vt:1996:thaw,1996-04-01,0.07328262883996617,0.020885453979784196,0.17280953788838108,0.09020657877773491,,,0.4917207720000001,0.3514383522695296,0.0025,0.028102592000104995,0.0,14.947206499194245,0.0,0.18291398627970365,0.3521223318524862,2.1376371419533267,0.0016018452400820976
site2_sleepers_w9_hardwood_vt:1996:thaw,1996-04-02,0.07168078359988407,0.02027249230735298,0.14296415914280403,0.0746272910725437,0.254,-0.11103584085719598,0.4917207720000001,0.2907425662766266,0.0,0.015579287705191208,0.0,4.976402637141472,0.0,0.18290074925856284,0.3137463390538465,2.3766453734312147,0.001765159343664821
site2_sleepers_w9_hardwood_vt:1997:thaw,1997-01-15,0.01252318739148717,0.0010549320424841533,0.5893163015925935,0.15497465391850698,0.51,0.07931630159259351,0.09508716314842242,6.197643110592376,0.0023,1.713710620976034e-07,0.0,-0.621242944580799,0.0,0.18446328360780978,0.5761661935424639,0.1500546803872514,-0.001524174511801809
site2_sleepers_w9_hardwood_vt:1997:thaw,1997-01-16,0.01404736190328898,0.0011581376011573256,0.6301002569056358,0.16306865233344983,,,0.09597517728255756,6.565241917194662,0.0081,6.0015850571557115e-06,0.0,1.0787237456571246,0.0,0.18446202904181797,0.43157251740708896,0.03102905075559151,-0.006174377994705712
site2_sleepers_w9_hardwood_vt:1997:thaw,1997-01-17,0.02022173989799469,0.0016402738127644161,0.6252199070888184,0.16306865233344983,,,0.09314870098440967,6.712062546030155,0.0,0.0,0.0,-13.922528490948306,-12.704558306944882,0.18446202904181797,1.8693939936053556,0.0,-0.001577639030632249
site2_sleepers_w9_hardwood_vt:1997:thaw,1997-01-18,0.02179937892862694,0.002180845733016722,0.6214003339053358,0.16306865233344983,,,0.09450202258310111,6.57552417313505,0.0,0.0,0.0,-18.912401225547864,-17.41577879034209,0.18446202904181797,2.095967514867157,0.0,-0.0018846344297509185
site2_sleepers_w9_hardwood_vt:1997:thaw,1997-01-19,0.02368401335837786,0.0027836703833422237,0.6181745399620933,0.16306865233344983,,,0.09559479941124227,6.466612658527048,0.0,0.0,0.0,-13.341951707503846,-10.198670238042045,0.18446202904181797,2.3373409474426294,0.0,-0.0014044353195809718
site2_sleepers_w9_hardwood_vt:1997:thaw,1997-01-20,0.02508844867795883,0.0031877845372277414,0.6415352991081992,0.16536865233341586,,,0.09654137491685896,6.645185027255793,0.0023,3.39645846170189e-14,0.0,-7.832845626358548,-5.9914398849499335,0.18446202904181797,1.5668777957366717,0.0,-0.0009175615606795591
site2_sleepers_w9_hardwood_vt:1997:thaw,1997-01-21,0.02600601023863839,0.0034290110573994316,0.6560065813367066,0.16786865233252513,,,0.09247029119753547,7.094241543322734,0.0025,8.907284632098111e-13,0.0,-5.619211884655388,-4.072211779020892,0.18446202904181797,0.9353111603879217,0.0,-0.0010916681417835715
site2_sleepers_w9_hardwood_vt:1997:thaw,1997-01-22,0.02709767838042196,0.0035999468500549177,0.6712261975714304,0.1719685663031606,,,0.09125001840087724,7.355902051686354,0.0040999999999999995,8.602936454076207e-08,0.0,4.954542418969837,0.0,0.18446202904181797,0.6627718812452298,0.0,-0.0009485998218067178
site2_sleepers_w9_hardwood_vt:1997:thaw,1997-01-23,0.02804627820222868,0.0037026997231493454,0.6519665379170707,0.1719685663031606,,,0.09144747579313009,7.1294098854289985,0.0,0.0,0.0,2.7737399879630655,0.0,0.18445996863871364,0.3984052371138158,0.0,-0.005148588209082448
site2_sleepers_w9_hardwood_vt:1997:thaw,1997-01-24,0.03319486641131113,0.0040525940404243024,0.7879622458873164,0.18386856624119988,,,0.0965263328403424,8.163184311483487,0.0119,6.19607230106789e-11,0.0,-3.3446063050239303,-1.705225853518649,0.18445996863871364,1.3566504199897038,0.0,-0.0023433721755291223
site2_sleepers_w9_hardwood_vt:1997:thaw,1997-01-25,0.03553823858684025,0.004211847912394774,0.7993755212057381,0.1889685662411989,,,0.07835900089688441,10.20145116778182,0.0050999999999999995,9.84455572616838e-16,0.0,4.350978727082388,0.0,0.18445996863871364,0.6174773971077291,0.0,-0.003943481239222897
site2_sleepers_w9_hardwood_vt:1997:thaw,1997-01-26,0.03948171982606315,0.004479844034797888,0.7827738176598207,0.1889685662411989,,,0.07990960613498052,9.795741157046706,0.0,0.0,0.0,-10.615892367348334,-8.90037736100595,0.18445996863871364,1.0391053357065214,0.0,-0.002350982828474006
site2_sleepers_w9_hardwood_vt:1997:thaw,1997-01-27,0.04183270265453715,0.004818503791882322,0.8612264301405882,0.1963685662411989,,,0.08259061585813374,10.427654778842195,0.0074,0.0,0.0,-6.74364045649806,-3.847401056287864,0.18445996863871364,1.313090595751799,0.0,-0.0015214470910456454
site2_sleepers_w9_hardwood_vt:1997:thaw,1997-01-28,0.0433541497455828,0.005042387705088556,0.9054138132338516,0.20266856624119892,,,0.07578909158697542,11.946492486914169,0.0063,0.0,0.0,-2.244977346057942,0.0,0.18445996863871364,0.8680684134732478,0.0,-0.001868077027465144
site2_sleepers_w9_hardwood_vt:1997:thaw,1997-01-29,0.04522222677304794,0.005309841581808777,0.8844434208257348,0.20266856624119892,,,0.07390930594772593,11.966604333306524,0.0,0.0,0.0,-13.913917269813801,-10.416576485952346,0.18445996863871364,1.0370028784869703,0.0,-0.0024531719089258205
site2_sleepers_w9_hardwood_vt:1997:thaw,1997-01-30,0.04767539868197376,0.0056403978320240826,0.8691961972719606,0.20266856624119892,0.665,0.2041961972719606,0.07632155628091095,11.388606831768161,0.0,0.0,0.0,-10.638097191871069,-3.714043210540983,0.18445996863871364,1.281670646089435,0.0,-0.0019832136763689792
site2_sleepers_w9_hardwood_vt:1997:thaw,1997-01-31,0.04965861235834274,0.005872157512881993,0.9201247939605649,0.20926856624119888,,,0.07826975448072507,11.755815513477271,0.0066,0.0,0.0,-2.8440254731271004,0.0,0.18445996863871364,0.8986052440671313,0.0,-0.0006402826196776276
site2_sleepers_w9_hardwood_vt:1997:thaw,1997-02-01,0.05029889497802037,0.0059414275377497475,0.8872442880122613,0.21206856622849923,,,0.07552299578840052,11.74800176754286,0.0028,1.26996418698543e-11,0.0,-0.6173578541096392,0.0,0.18445936695773707,0.26858169364233403,0.0,-0.0005927618425488404
site2_sleepers_w9_hardwood_vt:1997:thaw,1997-02-02,0.05089165682056921,0.006001531021323862,0.8452105239315689,0.21206856622849923,,,0.08129256167432714,10.397144665186426,0.0,0.0,0.0,-1.1117386618984901,0.0,0.18445777066530653,0.23304012728389212,0.0,-0.0009900578236688093
site2_sleepers_w9_hardwood_vt:1997:thaw,1997-02-03,0.05188171464423802,0.006093271788515769,0.8150831925730082,0.21206856622849923,,,0.08811476919674582,9.25024487952821,0.0,0.0,0.0,-0.6174396251606176,0.0,0.18445716899149944,0.35570783575565684,0.0,-0.0026204762014142013
site2_sleepers_w9_hardwood_vt:1997:thaw,1997-02-04,0.05450219084565222,0.006296973097484709,0.9040884276606886,0.22326856606422638,,,0.09407189599444565,9.61061131067316,0.0112,1.642728644085656e-10,0.0,-2.232856977042651,0.0,0.18445716899149944,0.7898141030624414,0.0,-0.0017572625399476169
site2_sleepers_w9_hardwood_vt:1997:thaw,1997-02-05,0.05625945338559984,0.006416395384084204,0.9352354023286572,0.23216856404605216,,,0.08574529997941374,10.907133132115629,0.0089,2.0181742318992058e-09,0.0,0.570652113392728,0.0,0.18445716899149944,0.46303780105128567,0.0,-0.000941483108821535
site2_sleepers_w9_hardwood_vt:1997:thaw,1997-02-06,0.05720093649442137,0.006480377892727233,0.8955472413659397,0.23216856404605216,,,0.0865087194243778,10.352103780114195,0.0,0.0,0.0,-1.7105829257662655,0.0,0.18445597790159524,0.24808032865063157,0.0,-0.0017338928906879894
site2_sleepers_w9_hardwood_vt:1997:thaw,1997-02-07,0.05893482938510936,0.006598211994927317,0.8708187847448174,0.23216856404605216,,,0.09344771716702369,9.318780716583587,0.0,0.0,0.0,-3.9142166923872592,0.0,0.18445597790159524,0.45687991015079216,0.0,-0.004143464967368678
site2_sleepers_w9_hardwood_vt:1997:thaw,1997-02-08,0.06307829435247804,0.006879798866324931,0.8581969822440129,0.23216856404605216,,,0.09852806987812213,8.710177549459669,0.0,0.0,0.0,-6.730632906287536,0.0,0.18445597790159524,1.0918010921878847,0.0,-0.004842754886462131
site2_sleepers_w9_hardwood_vt:1997:thaw,1997-02-09,0.06792104923894017,0.0072089089730022335,0.8482659118900403,0.23216856404605216,,,0.10137705311477846,8.367435093320763,0.0,0.0,0.0,-4.448626841349048,0.0,0.18445597790159524,1.2760634923251881,0.0,-0.00414721616370213
site2_sleepers_w9_hardwood_vt:1997:thaw,1997-02-10,0.0720682654026423,0.007490750772979634,0.8371062522250093,0.23216856404605216,,,0.10375086726121333,8.06842655220827,0.0,0.0,0.0,-4.438061851317496,0.0,0.18445597790159524,1.09278938648645,0.0,-0.0027867958508726864
site2_sleepers_w9_hardwood_vt:1997:thaw,1997-02-11,0.07485506125351499,0.007680139396040548,0.822480109599154,0.23216856404605216,,,0.10656596012766614,7.71803781070261,0.0,0.0,0.0,-2.824869635390886,0.0,0.18445597790159524,0.7343193139514622,0.0,-0.002188251465168864
site2_sleepers_w9_hardwood_vt:1997:thaw,1997-02-12,0.07704331271868385,0.00782885137713869,0.8349848526385227,0.2354685602735851,0.708333,0.12665185263852274,0.11050798943597767,7.555877696266184,0.0033,3.772467061198156e-09,0.0,-2.8191317824434767,0.0,0.18445597790159524,0.5766031674522824,0.0,-0.0049810594080559045
site2_sleepers_w9_hardwood_vt:1997:thaw,1997-02-13,0.08202437212673976,0.0081673605587068,0.826886590398016,0.2354685602735851,,,0.1102838507029365,7.497803033966774,0.0,0.0,0.0,-9.425218393283789,-4.803468897555106,0.18445597790159524,1.3125066811606136,0.0,-0.004157916611556636
site2_sleepers_w9_hardwood_vt:1997:thaw,1997-02-14,0.08618228873829639,0.008449929553352825,0.8890231926602983,0.24176856020551593,,,0.11255509461859647,7.898560217756797,0.0063,6.806915794910218e-11,0.0,-2.8419286799834715,0.0,0.18445597790159524,1.0956089491483652,0.0,-0.002224652186412948
site2_sleepers_w9_hardwood_vt:1997:thaw,1997-02-15,0.08840694092470934,0.00860111530104305,0.884350400063715,0.24376855980648704,,,0.10243175057095846,8.633557418811183,0.002,3.990288910925288e-10,0.0,-0.6275234288436637,0.0,0.18445597790159524,0.5861947393081576,0.0,-0.004321627649517573
site2_sleepers_w9_hardwood_vt:1997:thaw,1997-02-16,0.09272856857422691,0.008894809978989338,0.8923964263302204,0.2452685598064869,,,0.10524399331623133,8.479309822925448,0.0015,1.3053794156725473e-16,0.0,-9.423035898399743,-3.3840375807364214,0.18445597790159524,1.138746725833412,0.0,-0.0043504176631280755
site2_sleepers_w9_hardwood_vt:1997:thaw,1997-02-17,0.09707898623735499,0.009190461205361622,0.8815004628203209,0.2452685598064869,,,0.104624803241012,8.42534882278068,0.0,0.0,0.0,-7.232689013499776,0.0,0.18445597790159524,1.1463328800314256,0.0,-0.002463891165745302
site2_sleepers_w9_hardwood_vt:1997:thaw,1997-02-18,0.09954287740310029,0.009357905460421184,0.8622232125779383,0.2452685598064869,,,0.10726825429097803,8.03800917873665,0.0,0.0,0.0,6.644053585017481,0.0,0.18445597790159524,0.6492340907980662,0.0,0.0
site2_sleepers_w9_hardwood_vt:1997:thaw,1997-02-19,0.09954287740310029,0.009375483037933488,0.7085304693707611,0.24374816858825032,,,0.11230217431122086,6.309142932595626,0.0046,0.006120391218236564,0.0,7.176988045771399,0.0,0.1844350265128893,0.06815380169701794,0.0,0.0
site2_sleepers_w9_hardwood_vt:1997:thaw,1997-02-20,0.09954287740310029,0.009512405070360342,0.7316443740766578,0.2478216118162429,,,0.17316374667371204,4.225159065513155,0.0040999999999999995,2.655677200742116e-05,0.0,2.1731857411904243,0.0,0.18443343043109844,0.5308898248031932,0.0,0.0
site2_sleepers_w9_hardwood_vt:1997:thaw,1997-02-21,0.09954287740310029,0.009592243949576827,0.6753094566023846,0.2477760088402611,,,0.16681732819381245,4.048197294095213,0.0038,0.0038456029759818366,0.0,7.76561398191218,0.0,0.18442129029180188,0.30956046918428254,0.0,0.0
site2_sleepers_w9_hardwood_vt:1997:thaw,1997-02-22,0.09954287740310029,0.009612799781544331,0.5167719266198683,0.23527867350253748,,,0.2026532922399541,2.5500297622008437,0.0038,0.016297335337723613,0.0,12.765514027631408,0.0,0.18438224177197954,0.07970143181844873,0.0,0.0
site2_sleepers_w9_hardwood_vt:1997:thaw,1997-02-23,0.09954287740310029,0.010047339992091477,0.5343569179708381,0.23693957484120437,,,0.34831334069467584,1.5341270503883573,0.002,0.00033909866133309714,0.0,-4.422171110411851,-2.4478395845771326,0.18438224177197954,1.6848491959871952,0.0,0.0
site2_sleepers_w9_hardwood_vt:1997:thaw,1997-02-24,0.09954287740310029,0.010464876246493575,0.5620818221784487,0.23972974962524907,,,0.3258051792949937,1.7252083695990699,0.0028,9.8252159552812e-06,0.0,-5.018456264333194,-3.5452026574241726,0.18438224177197954,1.6189195049155443,0.0,0.0
site2_sleepers_w9_hardwood_vt:1997:thaw,1997-02-25,0.09954287740310029,0.011121024576452426,0.5617940047957896,0.23972974962524907,0.581667,-0.019872995204210486,0.2953307343821647,1.9022537765027034,0.0,0.0,0.0,-8.328547124229534,-5.552426692704529,0.18438224177197954,2.544093640465452,0.0,0.0
site2_sleepers_w9_hardwood_vt:1997:thaw,1997-02-26,0.09954287740310029,0.011432367126523041,0.5898704874763931,0.24332974166138954,,,0.2957127861111965,1.9947412326451954,0.0036000000000000003,7.963859513255428e-09,0.0,5.550117053776671,0.0,0.18438214189678354,1.207173081871018,0.0,0.0
site2_sleepers_w9_hardwood_vt:1997:thaw,1997-02-27,0.09954287740310029,0.01148806202680173,0.5671757541627573,0.2453080618192329,,,0.27151309783582633,2.0889443591620283,0.0091,0.007121679842156637,0.0,4.380256114203684,0.0,0.18437000513350157,0.21594666196019421,0.0,0.0
site2_sleepers_w9_hardwood_vt:1997:thaw,1997-02-28,0.09954287740310029,0.011582691814564198,0.5648347984618153,0.24511557573404835,,,0.3059421826408749,1.8462141885312922,0.0,0.00019248608518454904,0.0,0.5873977428214259,0.0,0.18436500819405682,0.3669094780142019,0.0,0.0
site2_sleepers_w9_hardwood_vt:1997:thaw,1997-03-01,0.09954287740310029,0.011704088915453695,0.5972191455085305,0.2504506212109325,,,0.30854267922520784,1.935612755448381,0.0056,0.00026495452311585735,0.0,3.2762989636026427,0.0,0.1843593539942986,0.4706947777544155,0.0,0.0
site2_sleepers_w9_hardwood_vt:1997:thaw,1997-03-02,0.09954287740310029,0.011738040241267808,0.5260015446654084,0.24453228374145072,,,0.2830131437810386,1.8585763814290013,0.0079,0.01381833746948174,0.0,7.774868068413014,0.0,0.18433686085468823,0.13163997856166376,0.0,0.0
site2_sleepers_w9_hardwood_vt:1997:thaw,1997-03-03,0.09954287740310029,0.011958749559368109,0.5245948205836534,0.24434367304201457,,,0.3671836487495953,1.4286987516195369,0.0,0.00018861069943616662,0.0,-1.1177145133174462,0.0,0.18433646157110942,0.8557595088379744,0.0,0.0
site2_sleepers_w9_hardwood_vt:1997:thaw,1997-03-04,0.09954287740310029,0.012193446958862961,0.5620011561909949,0.2491267809852098,,,0.3689567875917942,1.5232167426955723,0.0048,1.6892056804772376e-05,0.0,-1.716402327992907,0.0,0.18433625034075904,0.9099957040599082,0.0,0.0
site2_sleepers_w9_hardwood_vt:1997:thaw,1997-03-05,0.09954287740310029,0.012306288098955235,0.6832581075010571,0.2677782420283259,,,0.32557211965251454,2.0986382624848323,0.0188,0.00014853895688392256,0.0,1.0835468040264429,0.0,0.18433199021633173,0.43752062420036714,0.0,0.0
site2_sleepers_w9_hardwood_vt:1997:thaw,1997-03-06,0.09954287740310029,0.012416584044618664,0.7845373012978738,0.2832454870669564,,,0.23874422171343385,3.2860996411446504,0.0155,3.275496136949054e-05,0.0,-0.01398294217183915,0.0,0.1843289287482649,0.42765210413482957,0.0,0.0
site2_sleepers_w9_hardwood_vt:1997:thaw,1997-03-07,0.09954287740310029,0.012773092082865875,0.8192499928836865,0.2865454870656539,,,0.19476425037063938,4.206367397120576,0.0033,1.302482427467666e-12,0.0,-7.816556103082158,-5.672128236203168,0.1843289287482649,1.3822938982964754,0.0,0.0
site2_sleepers_w9_hardwood_vt:1997:thaw,1997-03-08,0.09954287740310029,0.013083524169342246,0.860979927331266,0.29064548702358545,,,0.1802489842269625,4.776614586893614,0.0040999999999999995,4.2068491919178275e-11,0.0,-4.430909575798554,0.0,0.1843289287482649,1.2036429278887055,0.0,0.0
site2_sleepers_w9_hardwood_vt:1997:thaw,1997-03-09,0.09954287740310029,0.013470789383809774,0.9244430750966576,0.2959454870171612,,,0.1654721012143232,5.586700527234485,0.0053,6.424249153480499e-12,0.0,-3.350212992376676,0.0,0.1843289287482649,1.5015491533173713,0.0,0.0
site2_sleepers_w9_hardwood_vt:1997:thaw,1997-03-10,0.09954287740310029,0.013694568455627542,0.9487367466264833,0.29954548497722594,,,0.14600098247053317,6.498153167003265,0.0036000000000000003,2.0399353093810984e-09,0.0,0.5572882269927142,0.0,0.1843289287482649,0.8676619104045359,0.0,0.0
site2_sleepers_w9_hardwood_vt:1997:thaw,1997-03-11,0.09954287740310029,0.013772341170636974,0.9524911011435953,0.30234341686937066,,,0.14139660911859114,6.736307943175135,0.0028,2.068107855276704e-06,0.0,0.5804391582469228,0.0,0.18432686983186358,0.30154930009444486,0.0,0.0
site2_sleepers_w9_hardwood_vt:1997:thaw,1997-03-12,0.09954287740310029,0.01397199370795508,0.9808567484638686,0.30614341686541785,0.865,0.11585674846386862,0.14315223073784616,6.85184396644231,0.0038,3.952813770746744e-12,0.0,-4.424762669026106,0.0,0.18432686983186358,0.7741157407588547,0.0,0.0
site2_sleepers_w9_hardwood_vt:1997:thaw,1997-03-13,0.09954287740310029,0.014284158453650157,0.9737854444787674,0.30614341686541785,,,0.13771244982551295,7.071150398621123,0.0,0.0,0.0,-9.42484193576102,-0.15005557608165332,0.18432686983186358,1.2103609931464225,0.0,0.0
site2_sleepers_w9_hardwood_vt:1997:thaw,1997-03-14,0.09954287740310029,0.014561268364450968,1.13857280194436,0.32134341686539214,,,0.14001404580781174,8.131847025599171,0.0152,2.572074497830812e-14,0.0,-3.9404390027111447,0.0,0.18432686983186358,1.0744423624799888,0.0,0.0
site2_sleepers_w9_hardwood_vt:1997:thaw,1997-03-15,0.09954287740310029,0.014701565662986853,1.1400282836748645,0.32464341685049775,,,0.11047122142160265,10.319685697364182,0.0033,1.4894390842207228e-11,0.0,-0.63538016892835,0.0,0.18432686983186358,0.5439767940917056,0.0,0.0
site2_sleepers_w9_hardwood_vt:1997:thaw,1997-03-16,0.09954287740310029,0.014875432554023568,1.1207515102044725,0.32464341685049775,,,0.11255727229125823,9.957166581865682,0.0,0.0,0.0,-8.913014635626434,-1.2577473950504103,0.18432686983186358,0.6741366724224404,0.0,0.0
site2_sleepers_w9_hardwood_vt:1997:thaw,1997-03-17,0.09954287740310029,0.015097677081313574,1.132009362771764,0.32714341685049775,,,0.11670655751997283,9.699620885296314,0.0025,0.0,0.0,-2.8448678885707768,0.0,0.18432686983186358,0.8617119981730651,0.0,0.0
site2_sleepers_w9_hardwood_vt:1997:thaw,1997-03-18,0.09954287740310029,0.015271882998743103,1.1115423395102089,0.32714341685049775,,,0.11612786414561604,9.571710869636027,0.0,0.0,0.0,-2.833105240940503,0.0,0.18432686983186358,0.675451184477928,0.0,0.0
site2_sleepers_w9_hardwood_vt:1997:thaw,1997-03-19,0.09954287740310029,0.015498519049137773,1.0949136451956758,0.32714341685049775,,,0.12078844104125713,9.064722052515698,0.0,0.0,0.0,-0.6489832227179981,0.0,0.18432686983186358,0.8787393157663622,0.0,0.0
site2_sleepers_w9_hardwood_vt:1997:thaw,1997-03-20,0.09954287740310029,0.015677222991981796,1.075621316608319,0.32714341685049775,,,0.12484476534526573,8.615670137499345,0.0,0.0,0.0,1.0587677821678474,0.0,0.18432686983186358,0.6928914450549523,0.0,0.0
site2_sleepers_w9_hardwood_vt:1997:thaw,1997-03-21,0.09954287740310029,0.015756796540030135,1.085335201486904,0.33224341682679753,,,0.1298782968355186,8.356555544159944,0.0050999999999999995,2.3700228411749347e-11,0.0,1.6745063582230846,0.0,0.18432481093845993,0.30853169671519975,0.0,0.0
site2_sleepers_w9_hardwood_vt:1997:thaw,1997-03-22,0.09954287740310029,0.015830928638559824,1.06421452862307,0.33224341682679753,,,0.13178200638784404,8.075567809242553,0.0,0.0,0.0,-1.1161667003121347,0.0,0.1843239130548975,0.2874334838824571,0.0,4.2778764950693327e-05
site2_sleepers_w9_hardwood_vt:1997:thaw,1997-03-23,0.0995000986381496,0.016050969113922873,1.0538458732600975,0.33224341682679753,,,0.13779062821234722,7.64816799903133,0.0,0.0,0.0,-6.725419034842265,0.0,0.1843239130548975,0.9072613752918995,0.05409518030786619,0.00035793725033136936
site2_sleepers_w9_hardwood_vt:1997:thaw,1997-03-24,0.09914216138781823,0.01618901166711787,1.042418197284866,0.33224341682679753,,,0.1409193841316202,7.39726620087437,0.0,0.0,0.0,-2.8337605975289852,0.0,0.1843239130548975,0.7975609857957666,0.251487346694323,0.0007165679952106652
site2_sleepers_w9_hardwood_vt:1997:thaw,1997-03-25,0.09842559339260756,0.016262258980654334,1.1296062251139825,0.34394341682673485,0.856667,0.2729392251139825,0.14451274381302665,7.816654748286342,0.0117,6.265994667575825e-14,0.0,2.7485831421075613,0.0,0.1843239130548975,0.758165349232113,0.45334380347934916,0.0019723765020423223
site2_sleepers_w9_hardwood_vt:1997:thaw,1997-03-26,0.09645321689056524,0.016135159470911657,1.132844849203178,0.3487423429178419,,,0.13020116686862487,8.700727316416735,0.0048,1.0739088929437373e-06,0.0,3.2689503628904633,0.0,0.18432085172097978,0.2943839635743091,0.6573413020545466,0.003258732602093403
site2_sleepers_w9_hardwood_vt:1997:thaw,1997-03-27,0.09319448428847184,0.01591369836882163,0.8528438307747493,0.3344704833263423,,,0.1334647418465491,6.3900309473142,0.0,0.014271859591499588,0.0,5.573998993085266,0.0,0.18430751288855615,0.21243082098711355,0.8586744120388753,0.003858077221946199
site2_sleepers_w9_hardwood_vt:1997:thaw,1997-03-28,0.08933640706652564,0.01565167940569796,0.6331862542255611,0.30688896931089,,,0.23915417548690293,2.647606937810864,0.0,0.027581514015452325,0.0,11.05890075774804,0.0,0.18428232530378263,0.2606240433342,1.0610491782318714,0.004794763140618705
site2_sleepers_w9_hardwood_vt:1997:thaw,1997-03-29,0.08454164392590693,0.015325830783230465,0.5280176044028028,0.2756251894982631,,,0.4079398729128832,1.2943515440952313,0.001,0.03226377981262691,0.0,12.16567847976931,0.0,0.18424160701505446,0.0896602031703182,1.2634176912802235,0.005562320523650188
site2_sleepers_w9_hardwood_vt:1997:thaw,1997-03-30,0.07897932340225675,0.014947819518190117,0.48962200396056665,0.2555826860674158,,,0.4917207720000001,0.9957317889360318,0.0018000000000000002,0.021842503430847246,0.0,4.987613254901644,0.0,0.1842177959603683,0.0019328876246899665,1.4656807313960014,0.006328182591058704
site2_sleepers_w9_hardwood_vt:1997:thaw,1997-03-31,0.07265114081119804,0.014517760822996013,0.48117696602628957,0.25117437626572314,0.666667,-0.18549003397371044,0.4917207720000001,0.9785573305540354,0.0056,0.010008309801692665,0.0,2.190306331455957,0.0,0.18420466929415555,0.10128690622712132,1.667472950116032,0.007093754070327793
site2_sleepers_w9_hardwood_vt:1997:thaw,1997-04-01,0.06555738674087025,0.014035674445807162,0.48113956706878885,0.2511548540099078,,,0.4917207720000001,0.9784812732474697,0.0,1.952225581534385e-05,0.0,1.6778052335045697,0.0,0.18420098083294095,0.6247380369218326,1.8692006522947293,0.007008201377143933
site2_sleepers_w9_hardwood_vt:1997:thaw,1997-04-02,0.05854918536372632,0.013501634446025128,0.4811384791793593,0.25115428613162555,,,0.4917207720000001,0.9784790608344673,0.0,5.678782822541445e-07,0.0,2.776230414329162,0.0,0.1841953316636572,0.5368546602359305,2.070645800183215,0.005460832973294839
site2_sleepers_w9_hardwood_vt:1997:thaw,1997-04-03,0.05308835239043148,0.012913083824063977,0.43044786373747107,0.2246937848709599,,,0.4917207720000001,0.8753908483196455,0.0,0.026460501260665653,0.0,8.258328061334941,0.0,0.1841832071969651,0.5915942427535537,2.2819960457984436,0.0059795569901332155
site2_sleepers_w9_hardwood_vt:1997:thaw,1997-04-04,0.04710879540029826,0.01226862683319731,0.3933878464073507,0.20534845582463707,,,0.4917207720000001,0.8000228357392855,0.0,0.01934532904632283,0.0,6.073553849776271,0.0,0.18416752734658273,0.2876873075454813,2.498762638198303,0.0064984758058134195
site2_sleepers_w9_hardwood_vt:1997:thaw,1997-04-05,0.04061031959448484,0.01156824247864648,0.3506904954848653,0.1830604386430997,,,0.4917207720000001,0.7131903215283841,0.0056,0.027888017181537352,0.0,11.657798599870034,0.0,0.18413893656260977,0.28773266381432167,2.71561063396444,0.0052942046672697154
site2_sleepers_w9_hardwood_vt:1997:thaw,1997-04-06,0.03531611492721513,0.010811031135891744,0.27927851201928916,0.14578338327406895,,,0.4917207720000001,0.5679615910537315,0.0040999999999999995,0.04137705536903076,0.0,11.670335781982697,0.0,0.18409405038517007,0.0005374814682418842,2.93595137674721,0.005526456289929156
site2_sleepers_w9_hardwood_vt:1997:thaw,1997-04-07,0.02978965863728597,0.00999521803086175,0.19337507980962645,0.10094179166062502,,,0.4917207720000001,0.39326197065684754,0.0,0.044841591613443935,0.0,13.27049192699738,0.0,0.18403676986233825,0.0,3.163164238252865,0.005924295582614619
site2_sleepers_w9_hardwood_vt:1997:thaw,1997-04-08,0.02386536305467135,0.00912067606023662,0.20216409522947928,0.10220398110766574,,,0.4917207720000001,0.41113596728323537,0.0013000000000000004,3.7810552959282555e-05,0.0,-0.01556852277957033,0.0,0.184033713297423,0.6685976571721547,3.3908745388821617,0.004714622365078601
site2_sleepers_w9_hardwood_vt:1997:thaw,1997-04-09,0.01915074068959275,0.008187011377908051,0.20215270501042873,0.10220398110766574,0.44,-0.23784729498957127,0.4536863714888141,0.44557808590777326,0.0,0.0,0.0,-6.719717035819369,-5.086482735373984,0.184033713297423,2.4201341421673543,3.620126342755078,0.002333600578474409
site2_sleepers_w9_hardwood_vt:2004:thaw,2004-02-11,0.16720224705708625,0.011362943336131349,0.9086025473535666,0.26789754853680237,0.8228,0.08580254735356663,0.11837660039555586,7.6755249290608765,0.001,3.083341021739572e-10,0.0,-5.010719670427107,-1.2940454912402635,0.199064734990676,0.5586528162979292,0.0,-0.0044320582602362935
site2_sleepers_w9_hardwood_vt:2004:thaw,2004-02-12,0.17163430531732254,0.01166414279821934,0.899789290642228,0.26789754853680237,,,0.12126341686662628,7.4201215328764585,0.0,0.0,0.0,-5.036973781800874,0.0,0.199064734990676,1.167845136568022,0.0,-0.0028121637099058905
site2_sleepers_w9_hardwood_vt:2004:thaw,2004-02-13,0.17444646902722843,0.011855255402565355,0.8872352760746774,0.26789754853680237,,,0.12387935234728048,7.162091658240373,0.0,0.0,0.0,-0.6323312734407542,0.0,0.199064734990676,0.7410037321286448,0.0,-0.001852781836177847
site2_sleepers_w9_hardwood_vt:2004:thaw,2004-02-14,0.17629925086340628,0.011981169111198196,0.87343341429249,0.26789754853680237,,,0.1277920649945995,6.83480163130161,0.0,0.0,0.0,-1.1192353222604572,0.0,0.19906462716234485,0.48820708787039085,0.0,-0.0047313620769429965
site2_sleepers_w9_hardwood_vt:2004:thaw,2004-02-15,0.18103061294034928,0.01244384489768086,0.8692295105787298,0.26789754853680237,,,0.13236208217238205,6.567058301838187,0.0,0.0,0.0,-13.326656549195047,-6.993714240233995,0.19906462716234485,1.793939697927538,0.0,-0.0023476078108186083
site2_sleepers_w9_hardwood_vt:2004:thaw,2004-02-16,0.1833782207511679,0.01291311482472669,0.8653438119926953,0.26789754853680237,,,0.13381289272977082,6.46681940984729,0.0,0.0,0.0,-10.640856121690113,-2.395655886687492,0.19906462716234485,1.819507240281866,0.0,-0.0020489538197763224
site2_sleepers_w9_hardwood_vt:2004:thaw,2004-02-17,0.1854271745709442,0.013310316425490732,0.8605668817675098,0.26789754853680237,,,0.1351792527506946,6.366116576739902,0.0,0.0,0.0,-6.74467498511636,0.0,0.19906462716234485,1.5400756511105838,0.0,-0.0016236090607099352
site2_sleepers_w9_hardwood_vt:2004:thaw,2004-02-18,0.18705078363165414,0.013614070506203682,0.8536586297858942,0.26789754853680237,,,0.13689314905631983,6.235948516566645,0.0,0.0,0.0,-0.6485160317426537,0.0,0.19906462716234485,1.177750197208772,0.0,-0.0013309327479811006
site2_sleepers_w9_hardwood_vt:2004:thaw,2004-02-19,0.18838171637963524,0.013854175226352954,0.8460588079733783,0.26789754853680237,,,0.13944017657144986,6.067539706103667,0.0,0.0,0.0,-2.232874220326572,0.0,0.19906462716234485,0.9309615885417424,0.0,-0.0010168641936360023
site2_sleepers_w9_hardwood_vt:2004:thaw,2004-02-20,0.18939858057327125,0.014031202191421573,0.8572969037674508,0.2703975485367509,,,0.14233888008179957,6.022928544012555,0.0025,5.142804584967742e-14,0.0,1.6632952358918107,0.0,0.19906462716234485,0.6863892742822572,0.0,-0.0005848288992031936
site2_sleepers_w9_hardwood_vt:2004:thaw,2004-02-21,0.18998340947247444,0.014130863652502868,0.8691626366805034,0.273697547821048,,,0.14106298896619507,6.161521480937805,0.0033,7.157028950782532e-10,0.0,-0.6169725858510389,0.0,0.19906365747814617,0.38641885951659666,0.0,-0.0003642462173076566
site2_sleepers_w9_hardwood_vt:2004:thaw,2004-02-22,0.1903476556897821,0.014192205761417774,0.8684906626327841,0.275697343370975,,,0.14053969282898837,6.17968237407194,0.002,2.0445007297255693e-07,0.0,-1.1072951095395098,0.0,0.1990596714848342,0.237842667667749,0.0,-0.0008039065608113072
site2_sleepers_w9_hardwood_vt:2004:thaw,2004-02-23,0.1911515622505934,0.014324813689268134,0.8587219657703955,0.275697343370975,,,0.1431734431534747,5.997774076368961,0.0,0.0,0.0,-2.217293466121243,0.0,0.1990596714848342,0.514162683216098,0.0,-0.0018299614918459994
site2_sleepers_w9_hardwood_vt:2004:thaw,2004-02-24,0.1929815237424394,0.014618252635015832,0.8529046463865797,0.275697343370975,,,0.14698062017278857,5.802837444718329,0.0,0.0,0.0,-2.8395809042326334,0.0,0.1990596714848342,1.1377551715911856,0.0,-0.001960545712140882
site2_sleepers_w9_hardwood_vt:2004:thaw,2004-02-25,0.19494206945458029,0.014923611576618609,0.8475925808602229,0.275697343370975,,,0.14933031712227507,5.675957817501953,0.0,0.0,0.0,-3.339698344631696,0.0,0.1990596714848342,1.1839727481126128,0.0,-0.0018852901647841702
site2_sleepers_w9_hardwood_vt:2004:thaw,2004-02-26,0.19682735961936446,0.015211567596523753,0.8421815763010725,0.275697343370975,,,0.15153171890441208,5.557790688247456,0.0,0.0,0.0,-3.336014145031191,0.0,0.1990596714848342,1.116496141993331,0.0,-0.0017801435151876266
site2_sleepers_w9_hardwood_vt:2004:thaw,2004-02-27,0.19860750313455208,0.015480343792638072,0.8364591046431518,0.275697343370975,,,0.1538304818715871,5.437538090411768,0.0,0.0,0.0,-0.04487246771890163,0.0,0.1990596714848342,1.0421299270636217,0.0,-0.0015051550182189621
site2_sleepers_w9_hardwood_vt:2004:thaw,2004-02-28,0.20011265815277104,0.01569562182495987,0.829578051592984,0.275697343370975,,,0.15632527157573806,5.306743069952459,0.0,0.0,0.0,3.2538667371141514,0.0,0.1990596714848342,0.8347007729793732,0.0,-0.002816522999484067
site2_sleepers_w9_hardwood_vt:2004:thaw,2004-02-29,0.2029291811522551,0.015846857092334313,0.8210224790376109,0.275697343370975,,,0.15941469657063134,5.150230792390231,0.0,0.0,0.0,5.5598211002025755,0.0,0.19905688383919004,0.5863867427134041,0.0,0.0
site2_sleepers_w9_hardwood_vt:2004:thaw,2004-03-01,0.2029291811522551,0.01591354097397298,0.6531206681993217,0.2651267111829953,,,0.16339754607033163,3.9971265414120554,0.0,0.010570632187979696,0.0,8.267396413076343,0.0,0.19903871813168558,0.2585544021869643,0.0,0.0
site2_sleepers_w9_hardwood_vt:2004:thaw,2004-03-02,0.2029291811522551,0.015925668432936274,0.5347077906705509,0.2517507355732542,,,0.2607551858319738,2.0506122973719396,0.0038,0.017175975609741073,0.0,7.179787286086504,0.0,0.19901151737080727,0.04702197630443979,0.0,0.0
site2_sleepers_w9_hardwood_vt:2004:thaw,2004-03-03,0.2029291811522551,0.015940993128625028,0.5237743392367613,0.2501430749020851,,,0.3791342000779564,1.3815011653632525,0.002,0.003607660671169183,0.0,1.693621316891647,0.0,0.19899711541218026,0.05941866962653064,0.0,0.0
site2_sleepers_w9_hardwood_vt:2004:thaw,2004-03-04,0.2029291811522551,0.015991920072057686,0.5234766088379346,0.2501430749020851,,,0.39303116702532553,1.331895922656443,0.0,0.0,0.0,2.1874315864090885,0.0,0.19898624915758975,0.19745979224468302,0.0,0.0
site2_sleepers_w9_hardwood_vt:2004:thaw,2004-03-05,0.2029291811522551,0.016010112141666095,0.48096985573100304,0.24272762249333202,,,0.3935958480272841,1.2219891498897675,0.008400000000000001,0.015815452408753112,0.0,4.386017057828161,0.0,0.1989668306944101,0.07053638100482655,0.0,0.0
site2_sleepers_w9_hardwood_vt:2004:thaw,2004-03-06,0.2029291811522551,0.016014004878040843,0.432433420425393,0.22573024546205517,,,0.45168582829858384,0.9573765509852035,0.003,0.019997377031276832,0.0,7.182064221660996,0.0,0.19893625868393666,0.015093364415970985,0.0,0.0
site2_sleepers_w9_hardwood_vt:2004:thaw,2004-03-07,0.2029291811522551,0.01615389525409597,0.43234010153082647,0.2256815329990914,,,0.4917207720000001,0.8792390440866436,0.0,4.871246296376825e-05,0.0,1.0820078588635291,0.0,0.19893239283993347,0.5423990275285655,0.0,0.0
site2_sleepers_w9_hardwood_vt:2004:thaw,2004-03-08,0.2029291811522551,0.01630730036604132,0.4356993576797772,0.22615865997797294,,,0.4917207720000001,0.886070677688957,0.0005,2.2873021118493757e-05,0.0,-0.01550355064164632,0.0,0.198929705338296,0.5947999132140299,0.0,0.0
site2_sleepers_w9_hardwood_vt:2004:thaw,2004-03-09,0.2029291811522551,0.01645052507939688,0.4356248420774895,0.22615865997797294,,,0.4848193854263019,0.8985301643713038,0.0,0.0,0.0,-0.6127671060619608,0.0,0.19892701787296566,0.5553273029411193,0.0,0.0
site2_sleepers_w9_hardwood_vt:2004:thaw,2004-03-10,0.2029291811522551,0.01658697920365295,0.4355416749866209,0.22615865997797294,,,0.4850277382115452,0.8979727151123449,0.0,0.0,0.0,2.777877619445925,0.0,0.19892091707809476,0.5290755975206486,0.0,0.0
site2_sleepers_w9_hardwood_vt:2004:thaw,2004-03-11,0.2029291811522551,0.01677171734043068,0.4354528655388745,0.22615865997797294,,,0.4852604258092229,0.8973591135372537,0.0,0.0,0.0,7.161220725864778,0.0,0.1989120842136799,0.7162879145895743,0.0,0.0
site2_sleepers_w9_hardwood_vt:2004:thaw,2004-03-12,0.2029291811522551,0.016902633584706176,0.454659221596878,0.22915735465594003,,,0.4855090681082992,0.9364587635167718,0.003,1.3053220329002144e-06,0.0,3.2753924221235167,0.0,0.19890598387680208,0.5076034934292999,0.0,0.0
site2_sleepers_w9_hardwood_vt:2004:thaw,2004-03-13,0.2029291811522551,0.017219182037477344,0.45457615599165724,0.22915735465594003,,,0.4502387747696749,1.0096335132934768,0.0,0.0,0.0,-3.9129310764483316,-2.694777659524334,0.19890598387680208,1.227358005536353,0.0,0.0
site2_sleepers_w9_hardwood_vt:2004:thaw,2004-03-14,0.2029291811522551,0.01758209958346484,0.454495230850931,0.22915735465594003,,,0.4504459358070402,1.0089895250950283,0.0,0.0,0.0,2.156836193907411,0.0,0.19890598387680208,1.407145577613561,0.0,0.0
site2_sleepers_w9_hardwood_vt:2004:thaw,2004-03-15,0.2029291811522551,0.017801563562086037,0.45439422038850824,0.22915735465594003,,,0.45064788424022606,1.0083132225386975,0.0,0.0,0.0,1.6723143205764952,0.0,0.1989046310835629,0.8509309356261635,0.0,0.0
site2_sleepers_w9_hardwood_vt:2004:thaw,2004-03-16,0.2029291811522551,0.018136476856446586,0.4543171322357035,0.22915735465594003,,,0.45090012959764403,1.0075781806519075,0.0,0.0,0.0,-4.414718566621102,-1.7095539942366875,0.1989046310835629,1.2985642779025945,0.0,0.0
site2_sleepers_w9_hardwood_vt:2004:thaw,2004-03-17,0.2029291811522551,0.018435759334291268,0.47878504238149533,0.23195735465520173,,,0.4510927658292073,1.0613893164555266,0.0028,7.383095870783229e-13,0.0,-2.819767877683896,0.0,0.1989046310835629,1.16041238516167,0.0,0.0
site2_sleepers_w9_hardwood_vt:2004:thaw,2004-03-18,0.2029291811522551,0.018678937683671827,0.4977944494336884,0.23425735465409528,,,0.40750816676022167,1.2215569896212444,0.0023,1.106447398979693e-12,0.0,-1.7212658869361048,0.0,0.1989046310835629,0.9428790166954585,0.0,0.00013132599330814565
site2_sleepers_w9_hardwood_vt:2004:thaw,2004-03-19,0.20279785515894697,0.01883126974422274,0.519986032362116,0.2372573545552004,,,0.37866902813918873,1.373193986625658,0.003,9.889488149943552e-11,0.0,-0.6184586091457893,0.0,0.19890366217873762,0.6726643884883979,0.08202503334305776,0.00033338243285185865
site2_sleepers_w9_hardwood_vt:2004:thaw,2004-03-20,0.2024644727260951,0.01906832286444429,0.5829121544233008,0.2443573545551848,,,0.3502331340123542,1.66435467639889,0.0070999999999999995,1.5563071664725925e-14,0.0,-0.6319873052483933,0.0,0.19890366217873762,1.2037614129299052,0.27768879244313543,0.0011455480721953848
site2_sleepers_w9_hardwood_vt:2004:thaw,2004-03-21,0.20131892465389972,0.019103167451577023,0.6093045834507214,0.2481573545532039,,,0.28274038348536107,2.15499666492554,0.0038,1.9809215032196015e-12,0.0,2.1705621277898453,0.0,0.19890194088685867,0.657024675670424,0.4779115784649008,0.0
site2_sleepers_w9_hardwood_vt:2004:thaw,2004-03-22,0.20131892465389972,0.019434882025324493,0.6087652870807319,0.2481573545532039,,,0.26292695978402797,2.3153399239879415,0.0,0.0,0.0,-8.921545658104398,-6.173215241323761,0.19890194088685867,1.970791646424473,0.6846298153434222,0.00135661090597608
site2_sleepers_w9_hardwood_vt:2004:thaw,2004-03-23,0.19996231374792364,0.019592133730418994,0.6339813315841671,0.25045735455320384,0.6676,-0.03361866841583283,0.2635131338121328,2.405881340381893,0.0023,4.7704895589362195e-17,0.0,-2.243232995396829,0.0,0.19890194088685867,1.5977436969219703,0.9002163016388569,0.0009723681294057651
site2_sleepers_w9_hardwood_vt:2006:thaw,2006-03-21,0.168807974569019,0.02292825748565974,0.25895200181501205,0.11885906053052529,0.293333,-0.034380998184987965,0.35533290968662845,0.7287588477053373,0.0,3.129221708142449e-12,0.0,-2.2228480751774233,0.0,0.19798244422853953,1.3333228930611205,0.0387755029737739,0.0002608965935755603
site2_sleepers_w9_hardwood_vt:2006:thaw,2006-03-22,0.16854707797544344,0.023054445719973594,0.25887666218409744,0.11885906053052529,,,0.3555423663098068,0.728117621736594,0.0,0.0,0.0,-1.1147189361050778,0.0,0.1979810977164497,0.7359906268082796,0.2357221230859128,0.001034503926713809
site2_sleepers_w9_hardwood_vt:2006:thaw,2006-03-23,0.16751257404872963,0.023029043986334617,0.2587789043845764,0.11885906053052529,,,0.3558039610915631,0.7273075420258794,0.0,0.0,0.0,3.2799068581723048,0.0,0.19797141370413332,0.37500188075805857,0.437073658826401,0.002114750376953467
site2_sleepers_w9_hardwood_vt:2006:thaw,2006-03-24,0.16539782367177616,0.02288902535466077,0.18895914795442292,0.09863667523220876,,,0.3561437956042775,0.530569815581966,0.0,0.020222385298316534,0.0,5.582269614247368,0.0,0.1979489271678423,0.17791952994167523,0.637444032851042,0.0031733630295946447
site2_sleepers_w9_hardwood_vt:2006:thaw,2006-03-25,0.16222446064218152,0.02267336590674709,0.1523250757438481,0.0795136895382887,,,0.4917207720000001,0.3097796237573793,0.0018000000000000002,0.02092298569392005,0.0,4.985135410751475,0.0,0.19792644318567915,0.05371669239691317,0.8361795723505003,0.003926742564144603
site2_sleepers_w9_hardwood_vt:2006:thaw,2006-03-26,0.15829771807803691,0.022406507332551517,0.12423607469282308,0.06485123098965365,,,0.4917207720000001,0.2526557383116267,0.0,0.01466245854863506,0.0,3.2850863947741598,0.0,0.19791233969290403,0.17566239913085727,1.034706616705882,0.004101373727382562
site2_sleepers_w9_hardwood_vt:2006:thaw,2006-03-27,0.15419634435065435,0.022132435936809813,0.12419954401779842,0.06483216197729078,,,0.4917207720000001,0.25258144680899997,0.0,1.9069012362877032e-05,0.0,4.375470748193648,0.0,0.1979017245741274,0.4519045480556582,1.2363178068246519,0.004548758339627729
site2_sleepers_w9_hardwood_vt:2006:thaw,2006-03-28,0.14964758601102662,0.021832067380165025,0.07840001951833456,0.04092481018857064,,,0.4917207720000001,0.15944012126934215,0.0,0.023907351788720135,0.0,8.26456113242945,0.0,0.19788366428515924,0.46796744221649417,1.44036087510832,0.006218340586634341
site2_sleepers_w9_hardwood_vt:2006:thaw,2006-03-29,0.14342924542439228,0.021409473467856134,0.029169807712641493,0.01522663962599886,,,0.4917207720000001,0.05932189440360166,0.0,0.025698170562571777,0.0,11.058764792240826,0.0,0.19785662137469204,0.36816230203356787,1.6385296368458173,0.006960315372344067
site2_sleepers_w9_hardwood_vt:2006:thaw,2006-03-30,0.13646893005204822,0.020936455487717706,0.0,0.0,,,0.4917207720000001,0.0,0.0,0.01522663962599886,0.0,13.25887600627346,0.0,0.1978147281193661,0.19077801110241244,1.8340561980383852,0.007696976773892389
site2_sleepers_w9_hardwood_vt:2006:thaw,2006-03-31,0.12877195327815583,0.019756827404549884,0.0,0.0,,,0.0,,0.0,0.0,0.0,19.9433293223579,24.45912624008354,0.19774360018480613,0.11296975722151475,2.028149533212139,0.008428511046263867
site2_sleepers_w9_hardwood_vt:2006:thaw,2006-04-01,0.12034344223189196,0.018541795065860272,0.0,0.0,,,0.0,,0.012400000000000001,0.012400000000000001,0.0,16.065336263563317,19.122382425632928,0.19766752226844775,0.0,2.2209084483840598,0.009152300707397407
site2_sleepers_w9_hardwood_vt:2006:thaw,2006-04-02,0.11119114152449455,0.017682964103345758,0.0,0.0,,,0.0,,0.0,0.0,0.0,7.177731651318899,10.350610370819135,0.19764050889608936,0.08032334157961239,2.4116379322621087,0.009872118286865322
site2_sleepers_w9_hardwood_vt:2006:thaw,2006-04-03,0.10131902323762923,0.016753516641202493,0.0,0.0,,,0.0,,0.010199999999999999,0.0102,0.0,9.96510602726239,13.055558137833867,0.1976116894763854,0.20597109510536663,2.60129823481274,0.010583593747964665
site2_sleepers_w9_hardwood_vt:2006:thaw,2006-04-04,0.09073542948966457,0.015968048215430124,0.0,0.0,,,0.0,,0.0183,0.0183,0.0,3.2846360460605006,5.543835130806415,0.19759760841177398,0.1828563831986775,2.788776875143214,0.010986532684430422
site2_sleepers_w9_hardwood_vt:2006:thaw,2006-04-05,0.07974889680523414,0.015215347928678648,0.0,0.0,,,0.0,,0.0,0.0,0.0,2.1790256514324136,7.484871373510843,0.197591548387908,0.534006445272859,2.975146285040344,0.005458286837599496
site2_sleepers_w9_hardwood_vt:2006:thaw,2006-04-06,0.07429060996763465,0.014344046092491953,0.0,0.0,,,0.0,,0.0,0.0,0.0,3.2804773949800654,7.311379777250746,0.19758075888442564,0.3298173833786561,3.1811614141605187,0.005850072680849236
site2_sleepers_w9_hardwood_vt:2006:thaw,2006-04-07,0.06844053728678541,0.013263443473865693,0.0,0.0,0.046667,-0.046667,0.0,,0.0056,0.005600000000000001,0.0,5.581430264403523,8.964180552872708,0.1975583167205701,0.07255940274940056,3.40949936052403,0.0062416286534188875
site2_sleepers_w9_hardwood_vt:2009:thaw,2008-12-17,0.0,0.0,0.701275903491509,0.1568412862958794,0.452,0.24927590349150902,0.07686184935430293,9.123848949547163,0.010199999999999999,2.051032954586418e-13,0.0,-3.318847242832139,-2.204557523503457,0.20362322643206499,0.6410745299512949,4.360494104651646,0.0
site2_sleepers_w9_hardwood_vt:2009:thaw,2008-12-18,0.0,0.0,0.6921019015980242,0.15934128629502176,,,0.07382654831027674,9.374702155778328,0.0025,8.576355771394706e-13,0.0,-2.8154717158326994,-1.2591688617696422,0.20362322643206499,0.46927844643055633,4.143854048896357,0.0
site2_sleepers_w9_hardwood_vt:2009:thaw,2008-12-19,0.0,0.0,0.756839226159636,0.16744128629498356,,,0.07683469947235202,9.85022693336589,0.0081,3.81829984297255e-14,0.0,-10.603173307569232,-10.370900034657154,0.20362322643206499,0.8775889169439751,3.956483894402536,0.0
site2_sleepers_w9_hardwood_vt:2009:thaw,2008-12-20,0.0,0.0,0.7819241842432473,0.17174128629498356,,,0.07279268231779712,10.74179655627382,0.0043,1.1275702593849246e-17,0.0,-9.413287521575194,-6.773010319470119,0.20362322643206499,0.8441450500195214,3.775444834942078,0.0
site2_sleepers_w9_hardwood_vt:2009:thaw,2008-12-21,0.0,0.0,0.9275149456147793,0.18644128629498355,,,0.07212882771414925,12.859143493785524,0.0147,0.0,0.0,-10.017650819975598,-8.420893352752396,0.20362322643206499,0.9560715152499916,3.595476870253321,0.0
site2_sleepers_w9_hardwood_vt:2009:thaw,2008-12-22,0.0,0.0,0.946520140412884,0.19254128629498352,,,0.0656098007620409,14.42650533029055,0.0060999999999999995,4.5102810375396984e-17,0.0,-10.011107013622706,-8.112567562493581,0.20362322643206499,0.6844260391670697,3.41712924476677,0.0
site2_sleepers_w9_hardwood_vt:2009:thaw,2008-12-23,0.0,0.0,0.9429092297070314,0.1953412862949835,,,0.06632640985618857,14.216195807243041,0.0028,0.0,0.0,-6.137491615615053,-1.0760551220475765,0.20362322643206499,0.8955839647649312,3.2393230471644023,0.0
site2_sleepers_w9_hardwood_vt:2009:thaw,2008-12-24,0.0,0.0,0.9321390207776273,0.2009412447861688,,,0.06751632298164498,13.806128349599831,0.0056,4.1508814723964504e-08,0.0,1.6591274930171007,0.0,0.20362322643206499,0.5258465085870824,3.062170820056837,0.0
site2_sleepers_w9_hardwood_vt:2009:thaw,2008-12-25,0.0,0.0,0.8674997469124702,0.2009412447861688,,,0.07051319855907326,12.302657724223248,0.0,0.0,0.0,1.0801534817917906,0.0,0.20362146429756137,0.2930821834941711,2.887521414563377,0.0
site2_sleepers_w9_hardwood_vt:2009:thaw,2008-12-26,0.0,0.0,0.8383172649006512,0.2009412447861688,,,0.07751337413092174,10.815130605522544,0.0,0.0,0.0,-1.1353389043822393,0.0,0.20362146429756137,0.7047980946146829,2.713902866834589,0.0
site2_sleepers_w9_hardwood_vt:2009:thaw,2008-12-27,0.0,0.0,0.8494772956741476,0.2072408673992587,,,0.08165634700115998,10.403077370851285,0.0063,3.7738691005771225e-07,0.0,4.359284097312712,0.0,0.20362144150721462,0.4887278575425788,2.5399153778048276,0.0
site2_sleepers_w9_hardwood_vt:2009:thaw,2008-12-28,0.0,0.0,0.6110191381550961,0.2022784993307968,,,0.08401877910246186,7.272411533259145,0.0023,0.007262368068461912,0.0,8.877943400064975,0.0,0.20359321023652938,0.03345630334328296,2.4241590152164068,0.0
site2_sleepers_w9_hardwood_vt:2009:thaw,2008-12-29,0.0,0.0,0.6253354204727107,0.20646910166212012,,,0.15795836881286712,3.9588622316905795,0.0046,0.0004093976686766732,0.0,0.5944331809030037,0.0,0.20358306289648714,0.12454181842995561,2.249502588186952,0.0
site2_sleepers_w9_hardwood_vt:2009:thaw,2008-12-30,0.0,0.0,0.6418021636409703,0.20926900535058876,,,0.15696862422276997,4.0887289852915085,0.0028,9.631153137508684e-08,1.3234889800848443e-23,-2.8087531262190613,-2.4451171992690504,0.20358262192459708,0.6160645893080958,2.090977934392799,0.0
site2_sleepers_w9_hardwood_vt:2009:thaw,2008-12-31,0.0,0.0,0.6576170866551813,0.21206888267783702,,,0.15240131460638962,4.3150355254718376,0.0028,1.226727517479045e-07,0.0,-2.8087589570327105,-2.254103215262235,0.2035821809536622,0.5973666701256672,1.934616239440708,-0.00017690939749608
site2_sleepers_w9_hardwood_vt:2009:thaw,2009-01-01,0.00017690939749608,6.212882246907121e-05,0.6559104040204446,0.21206888267783702,,,0.14850655948406666,4.416709984388384,0.0,0.0,0.0,-16.713141237369854,-16.0636072271407,0.2035821809536622,2.3344113923390193,1.9351734307969632,0.00014223490753173
site2_sleepers_w9_hardwood_vt:2009:thaw,2009-01-02,3.467448996435e-05,1.1647397829496893e-05,0.6602050712386305,0.21256888267783702,,,0.1494109998971876,4.418717977210042,0.0005,0.0,0.0,-8.929888810267936,-6.1833256511401675,0.2035821809536622,2.0033857191690236,1.7817314690137562,2.2721992693419997e-05
site2_sleepers_w9_hardwood_vt:2009:thaw,2009-01-03,1.195249727093e-05,3.7317802155343096e-06,0.6613732113174666,0.21286888267783702,,,0.1479625253019698,4.46986971848244,0.0003,0.0,0.0,-7.826522920359939,-6.94022191738244,0.2035821809536622,1.7110453473862186,1.6279316419309453,1.195249727093e-05
site2_sleepers_w9_hardwood_vt:2009:thaw,2009-01-04,0.0,0.0,0.6835655691546054,0.215168882677837,,,0.1478392158148904,4.623709381754963,0.0023,2.42861286636753e-17,0.0,-6.718761905100908,-5.534214782231241,0.2035821809536622,1.301944924068322,1.4774042348580487,0.0
site2_sleepers_w9_hardwood_vt:2009:thaw,2009-01-05,0.0,0.0,0.6905037803556797,0.21646888267783684,,,0.14041285690200928,4.917667766261358,0.0013000000000000004,1.496198998029996e-16,0.0,-2.2255720314284835,-0.625717597788421,0.2035821809536622,0.9838657765245805,1.3297253631176156,0.0
site2_sleepers_w9_hardwood_vt:2009:thaw,2009-01-06,0.0,0.0,0.7203528273341453,0.22026888267783432,0.609,0.11135282733414531,0.13910554520601914,5.178462341434937,0.0038,2.527492104498208e-15,0.0,-3.9187981807788512,-2.0736031427192967,0.2035821809536622,0.9072431560282475,1.184920383359626,0.0
site2_sleepers_w9_hardwood_vt:2009:thaw,2009-01-07,0.0,0.0,0.8120941758726788,0.23196888267734403,,,0.1314514412452139,6.177902411566346,0.0117,4.902762223979451e-13,0.0,-3.3168161359709876,-2.1185459873567623,0.2035821809536622,0.7587243309754084,1.0425927591500836,0.0
site2_sleepers_w9_hardwood_vt:2009:thaw,2009-01-08,0.0,0.0,0.8226327950028836,0.23526888223754025,,,0.11328712040494693,7.26148561338983,0.0033,4.398037824022221e-10,4.398037824022221e-10,-3.311223281577587,-2.5781749914440875,0.2035821809536622,0.5335710996585313,0.9028492464828112,-0.00059617125922331
site2_sleepers_w9_hardwood_vt:2009:thaw,2009-01-09,0.00059617125922331,0.00014147040588153204,0.8151441354816201,0.23526888223754025,,,0.11358228805521386,7.176683525563138,0.0,0.0,0.0,-13.306822150553424,-12.583477979980389,0.2035821809536622,1.3171579811222383,0.7686326805399092,-0.00087499595794091
site2_sleepers_w9_hardwood_vt:2009:thaw,2009-01-10,0.00147116721716422,0.00034155086211096425,0.8798284270212379,0.2408688822375399,,,0.1158096454591499,7.597194720120131,0.0056,3.391384395534658e-16,0.0,-9.42913038712332,-5.546366596056057,0.2035821809536622,1.488901254727108,0.6428875547048961,-0.0006225051103631398
site2_sleepers_w9_hardwood_vt:2009:thaw,2009-01-11,0.00209367232752736,0.0004768535148740205,0.919977004497939,0.24516888223676087,,,0.10380418292765214,8.862619776499088,0.0043,7.790061998247388e-13,0.0,-6.131380778412747,-1.1284825745862417,0.2035821809536622,1.1010810058805078,0.5225892442085844,-0.00077045876096966
site2_sleepers_w9_hardwood_vt:2009:thaw,2009-01-12,0.00286413108849702,0.0006381232387831887,0.9049063847895893,0.24516888223676087,,,0.09844606639040296,9.191899869325853,0.0,0.0,0.0,-6.725581637432442,0.0,0.2035821809536622,1.0482810830610882,0.40417691896934427,-0.00075969357286341
site2_sleepers_w9_hardwood_vt:2009:thaw,2009-01-13,0.00362382466136043,0.000785933781733891,0.9143822888629792,0.24746888223415517,,,0.10167493653645007,8.993192619649944,0.0023,2.6057008113700153e-12,0.0,-4.429248420381086,-2.014987163189713,0.2035821809536622,0.8878020174909106,0.28941183876966287,-0.0016535066879335698
site2_sleepers_w9_hardwood_vt:2009:thaw,2009-01-14,0.005277331349294,0.001098724923064436,0.9049032649418262,0.24746888223415517,,,0.10145832094689175,8.91896550718099,0.0,0.0,0.0,-12.821210818917155,-9.222910429007975,0.2035821809536622,1.3934679924178592,0.18067826619410313,-0.0024150432909036904
site2_sleepers_w9_hardwood_vt:2009:thaw,2009-01-15,0.00769237464019769,0.0015434003708069547,0.898367052227094,0.24746888223415517,,,0.10358210202028131,8.672994993393688,0.0,0.0,0.0,-15.028121612349821,-7.844163515333259,0.2035821809536622,1.8061600825043371,0.08201338118785756,-0.0029924062516762506
site2_sleepers_w9_hardwood_vt:2009:thaw,2009-01-16,0.01068478089187394,0.0020789348506710355,0.9063897312383405,0.24846888223415517,,,0.10510368736720369,8.623767195452062,0.001,0.0,0.0,-16.136068316886018,-8.450420555801367,0.2035821809536622,2.0765307494226795,9.497680153179292e-05,-0.00263924543394165
site2_sleepers_w9_hardwood_vt:2009:thaw,2009-01-17,0.01332402632581559,0.0025259859708539104,0.9227567195872994,0.25026888223415517,,,0.10408000467279804,8.865840489613925,0.0018000000000000002,7.806255641895632e-18,0.0,-12.238359322425492,-7.055002841796242,0.2035821809536622,1.7333579312646217,0.0,-0.00185667674046037
site2_sleepers_w9_hardwood_vt:2009:thaw,2009-01-18,0.01518070306627596,0.0028195309808288684,1.001603979524439,0.25766888223408774,,,0.10188724907251878,9.83051352001409,0.0074,6.74052827442928e-14,0.0,-8.328258530346776,-3.596345609095614,0.2035821809536622,1.1381664159908629,0.0,-0.0011629970095535479
site2_sleepers_w9_hardwood_vt:2009:thaw,2009-01-19,0.01634370007582951,0.002993427758826845,0.9862797519209014,0.2594688819536668,,,0.09213364231055965,10.704881812838758,0.0018000000000000002,2.804209540612136e-10,0.0,-2.821383151883028,0.0,0.2035821809536622,0.6742525535801187,0.0,-0.001194189508795681
site2_sleepers_w9_hardwood_vt:2009:thaw,2009-01-20,0.01753788958462519,0.0031629354237524537,0.9641763815351599,0.2594688819536668,,,0.09604752461354882,10.03853441735811,0.0,0.0,0.0,-7.811220555588323,-2.0327401922341197,0.2035821809536622,0.6572345804407297,0.0,-0.002715252844978769
site2_sleepers_w9_hardwood_vt:2009:thaw,2009-01-21,0.02025314242960396,0.0034912689519622977,0.9620666878969198,0.26026888195366676,,,0.10033290851221202,9.588745130216392,0.0008,5.312590645178972e-17,0.0,-10.027182772969855,-0.5349777747866082,0.2035821809536622,1.2730524630276572,0.0,-0.003276801623942553
site2_sleepers_w9_hardwood_vt:2009:thaw,2009-01-22,0.02352994405354651,0.0037139580116607,0.9620167849894351,0.26206888195354405,,,0.10137734645371868,9.489465039693261,0.0018000000000000002,1.227325532870971e-13,0.0,-3.92846217911348,0.0,0.2035821809536622,0.8634355902657945,0.0,-0.001585846107654068
site2_sleepers_w9_hardwood_vt:2009:thaw,2009-01-23,0.02511579016120058,0.003821730961954515,0.946411954217077,0.2635688785888814,,,0.10278240406659545,9.207918055739109,0.0015,3.364662673193157e-09,0.0,-1.1182589146194308,0.0,0.20358207067834486,0.41786965681051136,0.0,-0.0034852241777259714
site2_sleepers_w9_hardwood_vt:2009:thaw,2009-01-24,0.02860101433892655,0.004058584267111916,0.9383825399959472,0.2640688785888782,,,0.10746803030296542,8.731736660200554,0.0005,3.192650137318065e-15,0.0,-8.914800248671533,-5.019662670572757,0.20358207067834486,0.9183548290246447,0.0,-0.0057553798033172475
site2_sleepers_w9_hardwood_vt:2009:thaw,2009-01-25,0.0343563941422438,0.004449715700654674,0.9305321260589207,0.2640688785888782,,,0.10980113789260709,8.474703850237361,0.0,0.0,0.0,-9.438928657905166,0.0,0.20358207067834486,1.516539701815094,0.0,-0.005864458311960488
site2_sleepers_w9_hardwood_vt:2009:thaw,2009-01-26,0.04022085245420429,0.004848260030463593,0.922823248269771,0.2640688785888782,,,0.11174140013286743,8.258561707410836,0.0,0.0,0.0,-10.034467861651585,0.0,0.20358207067834486,1.545282128807946,0.0,-0.004878852537060982
site2_sleepers_w9_hardwood_vt:2009:thaw,2009-01-27,0.04509970499126527,0.005179823307271929,0.9135610339414404,0.2640688785888782,0.756,0.1575610339414404,0.11371516927759978,8.033765765333108,0.0,0.0,0.0,-8.328748926318628,0.0,0.20358207067834486,1.28557520521751,0.0,-0.0036621260275307987
site2_sleepers_w9_hardwood_vt:2009:thaw,2009-01-28,0.04876183101879607,0.005428698733727155,1.1198017400301616,0.28446887858887815,,,0.1161801539820162,9.638494197584713,0.020399999999999998,3.469446951953614e-18,0.0,-4.431090331376457,-0.0824644895155916,0.20358207067834486,0.9649683780382006,0.0,-0.001844254665570616
site2_sleepers_w9_hardwood_vt:2009:thaw,2009-01-29,0.05060608568436668,0.00555403294203549,1.124613746780775,0.2892688785888621,,,0.090062389308209,12.487052091546818,0.0048,1.6045324791047477e-14,0.0,-5.017240796933517,-0.13453325750194833,0.20358207067834486,0.4859601826769955,0.0,-0.0020932943120483896
site2_sleepers_w9_hardwood_vt:2009:thaw,2009-01-30,0.05269937999641507,0.005696291703937959,1.088259593289033,0.2892688785888621,,,0.09210748148699593,11.81510530653992,0.0,0.0,0.0,-3.3220672258925292,0.0,0.20358207067834486,0.5515820050616569,0.0,-0.0028189249985069997
site2_sleepers_w9_hardwood_vt:2009:thaw,2009-01-31,0.05551830499492207,0.005887863800549216,1.0698082624992742,0.2897688785888621,,,0.0979584587867233,10.921040160793849,0.0005,3.2526065174565133e-19,0.0,-6.720865153140805,0.0,0.20358207067834486,0.7427853282959589,0.0,-0.0034190654580623855
site2_sleepers_w9_hardwood_vt:2009:thaw,2009-02-01,0.05893737045298446,0.006120221007143588,1.0536730590646983,0.2900688785888621,,,0.10162132086749906,10.368621959151175,0.0003,7.589415207398531e-19,0.0,-2.2441265929775174,0.0,0.20358207067834486,0.9009220394573507,0.0,-0.0028723557770033298
site2_sleepers_w9_hardwood_vt:2009:thaw,2009-02-02,0.06180972622998779,0.006315424220675493,1.030184172777597,0.2900688785888621,,,0.10497101518194346,9.81398694670149,0.0,0.0,0.0,-2.2280889409713867,0.0,0.20358207067834486,0.7568643266104501,0.0,-0.002479437938314219
site2_sleepers_w9_hardwood_vt:2009:thaw,2009-02-03,0.06428916416830201,0.0064839250231132715,1.011505973382888,0.2900688785888621,,,0.10993186050528986,9.201208537121182,0.0,0.0,0.0,-6.713867653742177,-1.7349442011366423,0.20358207067834486,0.6533306576001848,0.0,-0.004007285373011579
site2_sleepers_w9_hardwood_vt:2009:thaw,2009-02-04,0.06829644954131359,0.006756257228132575,1.0002203637050615,0.2900688785888621,,,0.1142340519601106,8.755886240070767,0.0,0.0,0.0,-11.713901028748813,-6.267261152254564,0.20358207067834486,1.0559176930725294,0.0,-0.005099487804070671
site2_sleepers_w9_hardwood_vt:2009:thaw,2009-02-05,0.07339593734538426,0.00710281471752543,0.9914412477268696,0.2900688785888621,,,0.11699960157221723,8.473885674857696,0.0,0.0,0.0,-11.723436082110842,-4.946401331595002,0.20358207067834486,1.3437124878079485,0.0,-0.004625956504165266
site2_sleepers_w9_hardwood_vt:2009:thaw,2009-02-06,0.07802189384954952,0.007417191363518063,0.9807002939109806,0.2900688785888621,,,0.11924265397301664,8.22440847494809,0.0,0.0,0.0,-3.344659946733639,0.0,0.20358207067834486,1.2189372269390253,0.0,-0.0031415171267309
site2_sleepers_w9_hardwood_vt:2009:thaw,2009-02-07,0.08116341097628042,0.007630686586990398,0.9658794326057274,0.2900688785888621,,,0.12210137585564868,7.910471326282305,0.0,0.0,0.0,4.344618556521278,0.0,0.20358207067834486,0.8277883001491216,0.0,-0.0023277690778736315
site2_sleepers_w9_hardwood_vt:2009:thaw,2009-02-08,0.08349118005415405,0.007788880083770654,0.9605949526176727,0.2915668842224017,,,0.12626397649959697,7.607830667528033,0.0015,1.9943664604291956e-06,0.0,3.8585179394022955,0.0,0.20358204789240725,0.6133659886734474,0.0,-0.0038042135927789378
site2_sleepers_w9_hardwood_vt:2009:thaw,2009-02-09,0.08729539364693299,0.008047411678017286,0.9504804799407978,0.2915668842224017,,,0.12928999912275363,7.35153907022901,0.0,0.0,0.0,-3.9319913429927933,0.0,0.20358204789240725,1.0024083804701571,0.0,-0.0029020991014283987
site2_sleepers_w9_hardwood_vt:2009:thaw,2009-02-10,0.09019749274836139,0.008244636226286125,0.9378336385568354,0.2915668842224017,,,0.13240061979619117,7.08330248000708,0.0,0.0,0.0,1.0632211324347827,0.0,0.20358204789240725,0.76470166284793,0.0,0.0
site2_sleepers_w9_hardwood_vt:2009:thaw,2009-02-11,0.09019749274836139,0.00834549310751271,0.9259967211365894,0.2998552260659189,,,0.13648296636264318,6.784705416470523,0.012199999999999999,0.0039116581564827505,0.0,7.161837973279502,0.0,0.20357503438860253,0.39105387975584854,0.0,0.0
site2_sleepers_w9_hardwood_vt:2009:thaw,2009-02-12,0.09019749274836139,0.008352608187527828,0.7970443479938549,0.29815014159851894,,,0.14995100754108076,5.315365071991902,0.0094,0.011105084467399974,0.0,4.388176988377627,0.0,0.20355356867667518,0.02758740515120932,0.0,0.0
site2_sleepers_w9_hardwood_vt:2009:thaw,2009-02-13,0.09019749274836139,0.008629230903891586,0.7945660431638164,0.2981488271444901,,,0.21257728367752404,3.7377749372748545,0.0,1.3144540288567014e-06,0.0,-4.419183222241515,-2.659864997250501,0.20355356867667518,1.0725533562715162,0.0,0.0
site2_sleepers_w9_hardwood_vt:2009:thaw,2009-02-14,0.09019749274836139,0.008924902215496203,0.7922751551057363,0.29814878903464054,,,0.21422298092596243,3.698366775035935,0.0,3.8109849574696764e-08,0.0,-4.421612721640964,-1.9016349093873093,0.20355356867667518,1.1464107568003068,0.0,0.0
site2_sleepers_w9_hardwood_vt:2009:thaw,2009-02-15,0.09019749274836139,0.00920132118990578,0.7900064666407214,0.298148787929725,,,0.21576337367678639,3.661448433894769,0.0,1.1049155028419744e-09,0.0,-5.615603833675147,-2.5239274331046087,0.20355356867667518,1.0717633845741783,0.0,0.0
site2_sleepers_w9_hardwood_vt:2009:thaw,2009-02-16,0.09019749274836139,0.009434446387921703,0.7875260745888548,0.2981487878976903,,,0.21730527606681382,3.624054090369706,0.0,3.203471862778251e-11,0.0,-3.319341461863936,0.0,0.20355356867667518,0.9038997839737722,0.0,0.0
site2_sleepers_w9_hardwood_vt:2009:thaw,2009-02-17,0.09019749274836139,0.009636400097523496,0.7847784319285982,0.2981487878976903,,,0.21900995073228485,3.583300344594397,0.0,0.0,0.0,-1.1217926756665175,0.0,0.20355356867667518,0.7830381101458502,0.0,0.0
site2_sleepers_w9_hardwood_vt:2009:thaw,2009-02-18,0.09019749274836139,0.009907947342611028,0.8350280860268828,0.30374878787096893,,,0.22092165003015596,3.7797476431707846,0.0056,2.6721352561209777e-11,0.0,-0.6338738059464468,0.0,0.20355356867667518,1.0528741563000354,0.0,0.0
site2_sleepers_w9_hardwood_vt:2009:thaw,2009-02-19,0.09019749274836139,0.010042606344067326,0.8752636721730187,0.3098487877382122,,,0.19839563111707526,4.411708399246538,0.0060999999999999995,1.3275675021449885e-10,0.0,0.5767688843025551,0.0,0.20355285465431922,0.5221153412946686,0.0,0.0
site2_sleepers_w9_hardwood_vt:2009:thaw,2009-02-20,0.09019749274836139,0.010277111019108295,0.8854301325311266,0.3113487877381942,,,0.18561458861325292,4.770261535724496,0.0015,1.7956339540270427e-14,0.0,-5.017143542517598,-1.5188113709650417,0.20355285465431922,0.9092484506796904,0.0,0.0
site2_sleepers_w9_hardwood_vt:2009:thaw,2009-02-21,0.09019749274836139,0.010465552179811793,0.9048586435431912,0.31414878773809457,,,0.18260076466462982,4.9553935067308315,0.0028,9.955881605239192e-14,0.0,-2.2233648584442873,0.0,0.20355285465431922,0.7306457041165754,0.0,0.0
site2_sleepers_w9_hardwood_vt:2009:thaw,2009-02-22,0.09019749274836139,0.010656753665531605,1.0594190455677523,0.33214878773728035,,,0.17703441880616244,5.9842546591334065,0.018000000000000002,8.142063412375222e-13,0.0,-3.9183483058114943,0.0,0.20355285465431922,0.7413483531960323,0.0,0.0
site2_sleepers_w9_hardwood_vt:2009:thaw,2009-02-23,0.09019749274836139,0.01081128881919254,1.0949917816663421,0.3382487876553403,,,0.13913159674584186,7.87018770198271,0.0060999999999999995,8.194008876469128e-11,0.0,-6.104877644290607,-4.9654738348186145,0.20355285465431922,0.5991814406992296,0.0,0.0
site2_sleepers_w9_hardwood_vt:2009:thaw,2009-02-24,0.09019749274836139,0.010993937922355462,1.0811704918803504,0.3382487876553403,,,0.13450655955939128,8.038050303434906,0.0,0.0,0.0,-5.020902275268917,0.0,0.20355285465431922,0.7081880736062228,0.0,0.0
site2_sleepers_w9_hardwood_vt:2009:thaw,2009-02-25,0.09019749274836139,0.011224563260902412,1.0683261924141128,0.3382487876553403,,,0.1384560799000955,7.7159933546072885,0.0,0.0,0.0,1.052941849902881,0.0,0.20355285465431922,0.8942070418197736,0.0,0.0
site2_sleepers_w9_hardwood_vt:2009:thaw,2009-02-26,0.09019749274836139,0.01136985986195103,1.051120748448098,0.3382487876553403,,,0.14231179339738503,7.386041053625091,0.0,0.0,0.0,4.957722525398165,0.0,0.20355186310705353,0.5633606637880485,0.0,0.0
site2_sleepers_w9_hardwood_vt:2009:thaw,2009-02-27,0.09019749274836139,0.011420583563948228,1.018835889840978,0.3437142745441056,,,0.14777418681285753,6.894545737756218,0.0079,0.0024345131112347347,0.0,6.669935446628336,0.0,0.20353846451675234,0.19667176121598853,0.0,0.0
site2_sleepers_w9_hardwood_vt:2009:thaw,2009-02-28,0.09019749274836139,0.011603768519124506,1.00511754785613,0.3434567082804602,,,0.1652196197339656,6.083524156964874,0.0,0.0002575662636453858,0.0,-2.8225040306760247,0.0,0.20353846451675234,0.7102657405561764,0.0,0.0
site2_sleepers_w9_hardwood_vt:2009:thaw,2009-03-01,0.09019749274836139,0.011929151855251936,0.9986046198000916,0.3434149301351836,,,0.17037408851148012,5.861247027201579,0.0,4.177814527660771e-05,0.0,-4.432730002643968,0.0,0.20353846451675234,1.2616136296607563,0.0,0.0
site2_sleepers_w9_hardwood_vt:2009:thaw,2009-03-02,0.09019749274836139,0.012220572311520647,1.0326199017616724,0.34669568557344776,,,0.17301257186495966,5.9684674392775126,0.0033,1.924456173587382e-05,0.0,-8.320150828029206,-3.031629602059514,0.20353846451675234,1.1299288524307618,0.0,0.0
site2_sleepers_w9_hardwood_vt:2009:thaw,2009-03-03,0.09019749274836139,0.012507537429646843,1.02663114129536,0.346695129162346,,,0.1633350785465844,6.2854296237568885,0.0,5.564111017486439e-07,0.0,-7.823846460235025,0.0,0.20353846451675234,1.112654103845779,0.0,0.0
site2_sleepers_w9_hardwood_vt:2009:thaw,2009-03-04,0.09019749274836139,0.012821837288435492,1.0210342870097542,0.34669511307503165,,,0.16562053991449432,6.16490133130159,0.0,1.6087314352181137e-08,0.0,-3.34556202220252,0.0,0.20353846451675234,1.2186394987754305,0.0,0.0
site2_sleepers_w9_hardwood_vt:2009:thaw,2009-03-05,0.09019749274836139,0.013105080697555904,1.0297957019628874,0.3481950689975546,0.938,0.09179570196288744,0.16780404821131928,6.136894270071741,0.0015,4.4077477015508036e-08,0.0,2.142870847314038,0.0,0.20353846451675234,1.0982238663812136,0.0,0.0
site2_sleepers_w9_hardwood_vt:2009:thaw,2009-03-06,0.09019749274836139,0.013218624715400739,1.020624123888447,0.34922554390713395,,,0.16611258346989882,6.1441710349017225,0.0013000000000000004,0.00026952509042064195,0.0,6.659197316285454,0.0,0.20353294805879527,0.4402459025233767,0.0,0.0
site2_sleepers_w9_hardwood_vt:2009:thaw,2009-03-07,0.09019749274836139,0.013236152230776817,0.781136297549617,0.3363649881455616,,,0.17092727443617445,4.569992121656975,0.0112,0.024060555761572337,0.0,6.678155141766598,0.0,0.20350982981693744,0.06795969503455951,0.0,0.0
site2_sleepers_w9_hardwood_vt:2009:thaw,2009-03-08,0.09019749274836139,0.013240361302210738,0.6731958198035642,0.3229314377242822,,,0.3025625782548616,2.2249804443314276,0.0076,0.02103355042127938,0.0,5.585698554481266,0.0,0.20348352857171143,0.01631989502735719,0.0,0.0
site2_sleepers_w9_hardwood_vt:2009:thaw,2009-03-09,0.09019749274836139,0.013316377045927738,0.6979826985638965,0.3269576805311929,,,0.3974535318761603,1.7561366111633296,0.0040999999999999995,7.375719308927073e-05,0.0,1.087273204697156,0.0,0.20347635928314958,0.2947369692730974,0.0,0.0
site2_sleepers_w9_hardwood_vt:2009:thaw,2009-03-10,0.09019749274836139,0.013375535415280547,0.7218312980178434,0.3312335035166637,,,0.37429686581649485,1.9284994450681108,0.0046,0.0003241770145291751,0.0,3.2821260515132544,0.0,0.20346524843906247,0.22937562191193525,0.0,0.0
site2_sleepers_w9_hardwood_vt:2009:thaw,2009-03-11,0.09019749274836139,0.013400853674815609,0.6642517633217944,0.3237557828569095,,,0.3553055724676515,1.8695225034284275,0.0079,0.015377720659754231,0.0,7.176713283627289,0.0,0.20344071379989995,0.09816686278062281,0.0,0.0
site2_sleepers_w9_hardwood_vt:2009:thaw,2009-03-12,0.09019749274836139,0.013714837682280618,0.6640174775865938,0.3237557828569095,,,0.4137517733836269,1.6048692000914346,0.0,0.0,0.0,-2.8219593480042837,-0.2696776050876515,0.20344071379989995,1.2174148437590115,0.0,0.0
site2_sleepers_w9_hardwood_vt:2009:thaw,2009-03-13,0.09019749274836139,0.014121003755914047,0.6638129294799975,0.3237557828569095,,,0.4141201454491171,1.6029476874641928,0.0,0.0,0.0,1.0519566336697252,0.0,0.20344071379989995,1.5748337345740469,0.0,0.0
site2_sleepers_w9_hardwood_vt:2009:thaw,2009-03-14,0.09019749274836139,0.014367686103441323,0.663495449349901,0.3237557828569095,,,0.4144421295768248,1.6009362996647507,0.0,0.0,0.0,7.149216136130191,0.0,0.20343844140877182,0.9564651206208009,0.0,0.0
site2_sleepers_w9_hardwood_vt:2009:thaw,2009-03-15,0.09019749274836139,0.014550453764924826,0.6631099724103653,0.3237557828569095,,,0.41494256537006835,1.5980765237207413,0.0,0.0,0.0,8.852826441428865,0.0,0.20342940794866055,0.7086477615390437,0.0,0.0
site2_sleepers_w9_hardwood_vt:2009:thaw,2009-03-16,0.09019749274836139,0.014671348926020338,0.584490169668606,0.30299860365449516,,,0.4155513010686452,1.4065415465323106,0.0,0.02075717920241432,0.0,9.36190261207535,0.0,0.2034095558911207,0.4687485991550568,0.0,0.0
site2_sleepers_w9_hardwood_vt:2009:thaw,2009-03-17,0.09019749274836139,0.014748276551856235,0.5463484960627882,0.2851939149447755,,,0.4832433557287932,1.1305866693993638,0.0,0.0178046887097197,0.0,8.867001923220435,0.0,0.20338645166473313,0.29827262332205107,0.0,0.0
site2_sleepers_w9_hardwood_vt:2009:thaw,2009-03-18,0.09019749274836139,0.014783345060942976,0.5147157933888171,0.26868164414896256,,,0.4917207720000001,1.0467643888528204,0.0015,0.01801227079581287,0.0,8.273563440687802,0.0,0.20335865673975798,0.13597164981549933,0.0,0.0
site2_sleepers_w9_hardwood_vt:2009:thaw,2009-03-19,0.09019749274836139,0.014792592284517299,0.47428425138419283,0.24757637922254866,,,0.4917207720000001,0.9645397924824554,0.0,0.021105264926413906,0.0,7.180167768362958,0.0,0.20332900351475997,0.03585439696062807,0.0,0.0
site2_sleepers_w9_hardwood_vt:2009:thaw,2009-03-20,0.09019749274836139,0.015045262053281078,0.4742031428146172,0.24753404054923014,,,0.4917207720000001,0.9643748440519757,0.0,4.2338673318521e-05,0.0,2.7652402814787083,0.0,0.20332801305791864,0.9796802376836343,0.0,0.0
site2_sleepers_w9_hardwood_vt:2009:thaw,2009-03-21,0.09019749274836139,0.015331627720551834,0.4741943830342859,0.24752946794389724,,,0.4917207720000001,0.9643570295100038,0.0,4.572605332899687e-06,0.0,2.7624810554981254,0.0,0.20332757263848028,1.1103298441632339,0.0,0.0
site2_sleepers_w9_hardwood_vt:2009:thaw,2009-03-22,0.09019749274836139,0.015582227077738119,0.5079731333083809,0.2518292590540951,,,0.4917207720000001,1.033052012918382,0.0043,2.0888980215624103e-07,0.0,0.5717685979623921,0.0,0.20332730961926762,0.9716526002014461,0.0,0.0
site2_sleepers_w9_hardwood_vt:2009:thaw,2009-03-23,0.09019749274836139,0.01599988177718508,0.5078731204152463,0.2518292590540951,,,0.4318674673304963,1.1759930044153686,0.0,0.0,0.0,-3.328324067395668,-1.1001731893163675,0.20332730961926762,1.6320757093764422,0.012696955733704612,0.0003302762527637171
site2_sleepers_w9_hardwood_vt:2009:thaw,2009-03-24,0.08986721649559767,0.01618699635125109,0.5077213190746896,0.2518292590540951,,,0.4320818402429505,1.1750582222784662,0.0,0.0,0.0,4.95676700460317,0.0,0.20332555004559769,0.9396553494014306,0.2090069739031405,0.0009048701049970548
site2_sleepers_w9_hardwood_vt:2009:thaw,2009-03-25,0.08896234639060062,0.016235797712429174,0.5075188512537768,0.2518292590540951,,,0.43240749847366977,1.1737050190971208,0.0,0.0,0.0,8.855406232254426,0.0,0.20331322868895305,0.610034253438357,0.4091951809510366,0.0015466531775193415
site2_sleepers_w9_hardwood_vt:2009:thaw,2009-03-26,0.08741569321308128,0.01617310328793049,0.48494387966453395,0.24609381890983384,,,0.4328423757280967,1.120370617245587,0.010199999999999999,0.015935440144261244,0.0,7.763327200264327,0.0,0.2032985154263912,0.4053265625659785,0.6124355693439651,0.0030889091791799494
site2_sleepers_w9_hardwood_vt:2009:thaw,2009-03-27,0.08432678403390133,0.015963183262385054,0.4220343228008888,0.220301916502064,,,0.4580331619728901,0.9214056051816353,0.0,0.025791902407769858,0.0,11.665904339989169,0.0,0.20325730998158847,0.1192764428376058,0.8139260249736213,0.003854477426362732
site2_sleepers_w9_hardwood_vt:2009:thaw,2009-03-28,0.0804723066075386,0.015701235774495115,0.3685831836190668,0.19240042184915285,,,0.4917207720000001,0.749578225300327,0.0,0.027901494652911127,0.0,12.76431502918243,0.0,0.20321010527354613,0.08412506395050447,1.015652875499194,0.00462158822571708
site2_sleepers_w9_hardwood_vt:2009:thaw,2009-03-29,0.07585071838182152,0.015387155993534843,0.33578778137260545,0.17528122187650005,,,0.4917207720000001,0.6828830517100982,0.0058,0.022919199972652796,0.0,5.586172624943032,0.0,0.20318202815464753,0.0012250689813519246,1.2177957878417078,0.005390927432241371
site2_sleepers_w9_hardwood_vt:2009:thaw,2009-03-30,0.07045979094958014,0.015020792478570594,0.318588418700677,0.16630315456175337,,,0.4917207720000001,0.6479051462578379,0.0038,0.012778067314746684,0.0,2.1960362415685264,0.0,0.20316193821492715,0.0,1.420506684178511,0.006159958611954994
site2_sleepers_w9_hardwood_vt:2009:thaw,2009-03-31,0.06429983233762515,0.014602166162880823,0.3054194706405235,0.15942896367435327,,,0.4917207720000001,0.6211237922658338,0.0,0.006874190887400091,0.0,1.6915491094744237,0.0,0.2031485652910276,0.10767803001857566,1.6231460156952922,0.006927456906694773
site2_sleepers_w9_hardwood_vt:2009:thaw,2009-04-01,0.05737237543093038,0.014131381220215613,0.2849576624054651,0.1487478997756528,,,0.4917207720000001,0.5795111344319314,0.0028,0.013481063898700464,0.0,4.979301509897521,0.0,0.20313127088532346,0.18026153896811803,1.8253891493996939,0.007691741494842905
site2_sleepers_w9_hardwood_vt:2009:thaw,2009-04-02,0.04968063393608747,0.01360865605174207,0.22413869074780768,0.1170003965703556,,,0.4917207720000001,0.45582514205401037,0.0,0.0317475032052972,0.0,13.859716807442053,0.0,0.20308175508796567,0.10288310223542267,2.0267700397990347,0.008455173442458386
site2_sleepers_w9_hardwood_vt:2009:thaw,2009-04-03,0.04122546049362909,0.013034048602291855,0.14964896962786414,0.07811676214574509,,,0.4917207720000001,0.30433729496354106,0.008400000000000001,0.04728363442461052,0.0,12.170879850089475,0.0,0.20302784014565128,0.0,2.2279339764562756,0.004211187510301258
site2_sleepers_w9_hardwood_vt:2009:thaw,2009-04-04,0.03701427298332783,0.012405409037647763,0.10023067096984098,0.05232041024625699,,,0.4917207720000001,0.20383656066057132,0.0040999999999999995,0.029896351899488104,0.0,5.591436484689459,0.0,0.20299267332521942,0.0,2.4374442408069803,0.0037653915850296427
site2_sleepers_w9_hardwood_vt:2009:thaw,2009-04-05,0.03324888139829819,0.011717641197008185,0.07773208124121359,0.04057614640791349,,,0.4917207720000001,0.15808175222098117,0.0,0.0117442638383435,0.0,2.7886283652344406,0.0,0.20297683038150638,0.09818504930258076,2.666692437665027,0.004092399415082326
site2_sleepers_w9_hardwood_vt:2009:thaw,2009-04-06,0.02915648198321586,0.010970143720268676,0.048898254595488196,0.025524888898844838,,,0.4917207720000001,0.09944313394897254,0.016800000000000002,0.031851257509068656,0.0,5.583012798229407,0.0,0.20295206577865585,0.04188227962828866,2.898283040598798,0.00442109228027026
site2_sleepers_w9_hardwood_vt:2009:thaw,2009-04-07,0.0247353897029456,0.010162608827228898,0.04285708696455329,0.022371399395496816,0.258,-0.21514291303544672,0.4917207720000001,0.0871573653279656,0.0117,0.014853489503348024,0.0,2.1944036413270895,0.0,0.20293354460122529,0.002256359175239511,3.1310670042630235,0.004741564902611312
site2_sleepers_w9_hardwood_vt:2010:thaw,2010-02-02,0.07396721368813569,0.005026758148667981,0.586105275035177,0.14965541380460934,0.392,0.19410527503517694,0.08830886822680026,6.636992261410319,0.0,0.0,0.0,-6.1199138014349375,-1.9060563438203646,0.20868279947242338,0.981315294743971,0.0,-0.003205966996667642
site2_sleepers_w9_hardwood_vt:2010:thaw,2010-02-03,0.07717318068480333,0.005244633338516379,0.6029166769684137,0.15245541380457225,,,0.09089262755306618,6.6332847140590205,0.0028,3.708448478856319e-14,0.0,-3.9233228722027533,-0.2674379937473119,0.20868279947242338,0.8447707013797863,0.0,-0.0032616936707070138
site2_sleepers_w9_hardwood_vt:2010:thaw,2010-02-04,0.08043487435551035,0.005527371003459989,0.5943119825105309,0.15245541380457225,,,0.08932550721970589,6.653328942748182,0.0,0.0,0.0,-8.914111650396524,-7.3532892604026765,0.20868279947242338,1.0962629796003898,0.0,-0.0013669334901452168
site2_sleepers_w9_hardwood_vt:2010:thaw,2010-02-05,0.08180180784565556,0.005805448637083594,0.5860661508977273,0.15245541380457225,,,0.09165704921230716,6.394119775121823,0.0,0.0,0.0,-7.218791092863648,-4.991090732966948,0.20868279947242338,1.0781945285174492,0.0,-0.0018819253594398733
site2_sleepers_w9_hardwood_vt:2010:thaw,2010-02-06,0.08368373320509544,0.006180791842830968,0.5803640011676168,0.15245541380457225,,,0.09404042851453145,6.171430844532327,0.0,0.0,0.0,-10.619895900440579,-8.373048934212475,0.20868279947242338,1.4553237722843768,0.0,-0.0018005871355896985
site2_sleepers_w9_hardwood_vt:2010:thaw,2010-02-07,0.08548432034068514,0.006532350605375295,0.5869062418856459,0.15345541380456754,,,0.09577913342853364,6.127704656292079,0.001,4.707822673366557e-15,0.0,-10.01761172340511,-8.453766291481097,0.20868279947242338,1.3631039982910822,0.0,-0.0015724940059034798
site2_sleepers_w9_hardwood_vt:2010:thaw,2010-02-08,0.08705681434658862,0.006835489649626192,0.585714068961265,0.1539554138045538,,,0.09494095714669068,6.169245461221696,0.0005,1.373911834995356e-14,0.0,-10.010636425794283,-8.957176313973456,0.20868279947242338,1.1753655072228117,0.0,-0.0011436931290401547
site2_sleepers_w9_hardwood_vt:2010:thaw,2010-02-09,0.08820050747562877,0.007050506010866625,0.5767722900867747,0.1539554138045538,,,0.09589042031327122,6.014910438419983,0.0,0.0,0.0,-4.418981530175725,-1.3622251645988142,0.20868279947242338,0.8336861228651027,0.0,-0.0009426698749695345
site2_sleepers_w9_hardwood_vt:2010:thaw,2010-02-10,0.0891431773505983,0.007222035410598408,0.5695734379439126,0.15425540860696316,,,0.09875420727935033,5.767586552871974,0.0003,5.197590647399003e-09,0.0,-1.123735199417088,0.0,0.20868279947242338,0.6650734827563297,0.0,-0.0009081002039019459
site2_sleepers_w9_hardwood_vt:2010:thaw,2010-02-11,0.09005127755450025,0.007382869607607382,0.5606321330990078,0.15425540860696316,,,0.10159583977307574,5.518258762870946,0.0,0.0,0.0,-2.8154363254150336,-0.9626883694548131,0.20868279947242338,0.6236048147917429,0.0,-0.0012391660281752398
site2_sleepers_w9_hardwood_vt:2010:thaw,2010-02-12,0.09129044358267549,0.007597919585218344,0.5536827879159562,0.15425540860696316,,,0.10485745930870899,5.280337627539386,0.0,0.0,0.0,-5.014402577794527,-2.868021366863436,0.20868279947242338,0.8338164641165765,0.0,-0.001468626663335193
site2_sleepers_w9_hardwood_vt:2010:thaw,2010-02-13,0.09275907024601068,0.007847747861304167,0.5478045193354653,0.15425540860696316,,,0.10755198402880173,5.09339296975467,0.0,0.0,0.0,-6.1144413021368695,-3.8077997679724804,0.20868279947242338,0.9686628760272032,0.0,-0.0013753263938220545
site2_sleepers_w9_hardwood_vt:2010:thaw,2010-02-14,0.09413439663983274,0.008077442432992086,0.5585298515557591,0.15605540856871855,,,0.10994685486996209,5.079998443032786,0.0018000000000000002,3.8244596942474396e-11,0.0,-6.110806360820481,-4.552353373890746,0.20868279947242338,0.8905981656881101,0.0,-0.0008601469687396224
site2_sleepers_w9_hardwood_vt:2010:thaw,2010-02-15,0.09499454360857236,0.008217448493319165,0.550570422282363,0.15605540856871855,,,0.10819116809065304,5.088866605276336,0.0,0.0,0.0,-2.2145202341143744,0.0,0.20868268643423,0.5428475718700442,0.0,-0.0008756526903725831
site2_sleepers_w9_hardwood_vt:2010:thaw,2010-02-16,0.09587019629894494,0.008354597206519356,0.542675055550517,0.15605540856871855,,,0.11146169154387797,4.868713618408417,0.0,0.0,0.0,0.5782680203775996,0.0,0.2086816074161567,0.5317687375238838,0.0,-0.000951426828551441
site2_sleepers_w9_hardwood_vt:2010:thaw,2010-02-17,0.09682162312749638,0.008499484272498005,0.5361182551873247,0.15605540856871855,,,0.11490950649174425,4.665569207938792,0.0,0.0,0.0,-2.2146010926965674,0.0,0.208681494378609,0.5617727673940757,0.0,-0.0005540172810419852
site2_sleepers_w9_hardwood_vt:2010:thaw,2010-02-18,0.09737564040853837,0.008581133632143863,0.5372606711589488,0.15735512382897843,,,0.11793684950953254,4.555494515863962,0.0013000000000000004,2.8473974013061513e-07,0.0,-0.6109270341762727,0.0,0.20867814087326694,0.31658027177502907,0.0,-0.0011051303270695617
site2_sleepers_w9_hardwood_vt:2010:thaw,2010-02-19,0.09848077073560793,0.008741233804407365,0.5351900054790975,0.15785512351632353,,,0.11951736828593901,4.477926624009019,0.0005,3.1265490679248336e-10,0.0,-4.405040713783409,-3.777268001718593,0.20867802783759698,0.6207587697716729,0.0,-0.0007016845008313843
site2_sleepers_w9_hardwood_vt:2010:thaw,2010-02-20,0.09918245523643932,0.00883659324737783,0.535130934533345,0.15885512064359236,,,0.1213583532785163,4.409510512269597,0.001,2.872731172552635e-09,0.0,-0.0147258634446028,0.0,0.20867520867610442,0.3697385809618785,0.0,-0.002182059731351896
site2_sleepers_w9_hardwood_vt:2010:thaw,2010-02-21,0.10136451496779121,0.009034519091843295,0.5302410868924432,0.15885512064359236,,,0.123075763288786,4.308249428835807,0.0,0.0,0.0,-5.008596504521955,-3.643676225682135,0.20867520867610442,0.7674208288266007,0.0,-0.002106913619606715
site2_sleepers_w9_hardwood_vt:2010:thaw,2010-02-22,0.10347142858739793,0.00917770341200103,0.5246824008292791,0.15885512064359236,,,0.12558966367336816,4.177751460453511,0.0,0.0,0.0,-0.01967468936413308,0.0,0.20867419217681274,0.555170685796771,0.0,-0.0016006750415308163
site2_sleepers_w9_hardwood_vt:2010:thaw,2010-02-23,0.10507210362892874,0.00928648412587663,0.6176029879328975,0.17335511510864215,,,0.1285649882695032,4.803819424291883,0.0145,5.534950198465268e-09,0.0,-0.614632932871821,0.0,0.20867238633176993,0.4217770734759982,0.0,-0.0005908615548729235
site2_sleepers_w9_hardwood_vt:2010:thaw,2010-02-24,0.10566296518380167,0.009326638648233182,0.6775590803616016,0.18604984047971102,,,0.10922124302613323,6.203546687337031,0.0127,5.274628931153241e-06,0.0,-0.00733803280717349,0.0,0.20866503422537097,0.15569172441487125,0.0,-0.00015072733937422644
site2_sleepers_w9_hardwood_vt:2010:thaw,2010-02-25,0.10581369252317589,0.009348200540924716,0.7048336639289843,0.19492011829491993,,,0.10442997585099847,6.749342400831794,0.0089,2.9722184791086612e-05,0.0,2.188848779597839,0.0,0.20865476854878273,0.08360224596832566,0.0,0.0
site2_sleepers_w9_hardwood_vt:2010:thaw,2010-02-26,0.10581369252317589,0.009351286005703997,0.5954594904778812,0.19635500884374904,,,0.10594222357968017,5.620605933667518,0.0056,0.004165109451170887,0.0,2.792394528378506,0.0,0.20864377697180136,0.011963318299297669,0.0,0.0
site2_sleepers_w9_hardwood_vt:2010:thaw,2010-02-27,0.10581369252317589,0.009385436122974648,0.606879540618334,0.19931666350616692,,,0.156497181966624,3.8778943683967593,0.003,3.8345337582119505e-05,0.0,-0.00493597144907909,0.0,0.20863451237449276,0.13241075562116103,0.0,0.0
site2_sleepers_w9_hardwood_vt:2010:thaw,2010-02-28,0.10581369252317589,0.009479077559061992,0.6231144166823901,0.20261666277938273,,,0.15501589574631036,4.019680779719142,0.0033,7.267841896135317e-10,0.0,1.6799714126983387,0.0,0.2086303347371404,0.3630773274219879,0.0,0.0
site2_sleepers_w9_hardwood_vt:2010:thaw,2010-03-01,0.10581369252317589,0.009549688202227496,0.6173569088532221,0.20261666277938273,,,0.15141871889665903,4.077150522416973,0.0,0.0,0.0,-0.01128620780826495,0.0,0.20862551316144026,0.2737796928292121,0.0,0.0
site2_sleepers_w9_hardwood_vt:2010:thaw,2010-03-02,0.10581369252317589,0.00958459278788174,0.4273587228250781,0.18875925867091983,0.588,-0.16064127717492188,0.1547615966312984,2.7614003223500645,0.0,0.013857404108462888,0.0,4.982339723749686,0.0,0.20860647423157777,0.13533606706217532,0.0,0.0
site2_sleepers_w9_hardwood_vt:2010:thaw,2010-03-03,0.10581369252317589,0.009628037942478736,0.42688526212386413,0.18874854270997,,,0.32261572835589863,1.323200404082404,0.0,1.071596094983588e-05,0.0,2.188644542745227,0.0,0.20859404562339565,0.16845054155085296,0.0,0.0
site2_sleepers_w9_hardwood_vt:2010:thaw,2010-03-04,0.10581369252317589,0.009749601835347996,0.426551017389656,0.18874823312225947,,,0.3234743822731754,1.3186547088895344,0.0,3.095877105351724e-07,0.0,1.6822308113410176,0.0,0.2085883921451427,0.47134148276854043,0.0,0.0
site2_sleepers_w9_hardwood_vt:2010:thaw,2010-03-05,0.10581369252317589,0.009945841512050586,0.4262691922498263,0.18874822417816656,,,0.3241140366975361,1.3151827566407488,0.0,8.944092923755809e-09,0.0,0.5782909219793346,0.0,0.2085869735002072,0.7608830057334228,0.0,0.0
site2_sleepers_w9_hardwood_vt:2010:thaw,2010-03-06,0.10581369252317589,0.010097195277530276,0.42592757216671684,0.1887482239197687,,,0.3246558513918493,1.3119356091710657,0.0,2.583978473899573e-10,0.0,5.566761858771858,0.0,0.20857962440313896,0.5868461971724138,0.0,0.0
site2_sleepers_w9_hardwood_vt:2010:thaw,2010-03-07,0.10581369252317589,0.01020783113211281,0.33956323756833473,0.17242389679436398,,,0.3253143741251808,1.0438002885100643,0.0,0.01632432712540472,0.0,7.765508118578839,0.0,0.20856453002487993,0.4289700380225616,0.0,0.0
site2_sleepers_w9_hardwood_vt:2010:thaw,2010-03-08,0.10581369252317589,0.010259093517413002,0.30029461089433157,0.15675378688684108,,,0.45874381519158947,0.6546019825224603,0.0,0.015670109907522912,0.0,6.07831716324579,0.0,0.2085439078818978,0.19876040596716915,0.0,0.0
site2_sleepers_w9_hardwood_vt:2010:thaw,2010-03-09,0.10581369252317589,0.010416850031665831,0.3002702587262918,0.15674107505512433,,,0.4917207720000001,0.6106519712498373,0.0,1.2711831716741805e-05,0.0,1.680562712628384,0.0,0.20853908830357562,0.6116716698460444,0.0,0.0
site2_sleepers_w9_hardwood_vt:2010:thaw,2010-03-10,0.10581369252317589,0.010645042846573222,0.3002695551839791,0.15674070780603708,,,0.4917207720000001,0.6106505404737692,0.0,3.6724908725627864e-07,0.0,5.562395069417496,0.0,0.20853426883663684,0.8847753818747205,0.0,0.0
site2_sleepers_w9_hardwood_vt:2010:thaw,2010-03-11,0.10581369252317589,0.010810684780193586,0.26522541482192136,0.13844766653704293,,,0.4917207720000001,0.5393821654984331,0.0,0.018293041268994108,0.0,9.356220973219305,0.0,0.20852054228464537,0.6422459231808106,0.0,0.0
site2_sleepers_w9_hardwood_vt:2010:thaw,2010-03-12,0.10581369252317589,0.010923505197784018,0.2651969864817521,0.13843282694347459,,,0.4917207720000001,0.5393243515076724,0.0,1.4839593568342045e-05,0.0,4.376638991484805,0.0,0.20850935819007527,0.43744027653697287,0.0,0.0
site2_sleepers_w9_hardwood_vt:2010:thaw,2010-03-13,0.10581369252317589,0.010973860092290882,0.2325496454238897,0.12139091491127042,,,0.4917207720000001,0.47293028618260136,0.0,0.01704191203220416,0.0,6.676564211546207,0.0,0.20848709337048493,0.19524177846989854,0.0,0.0
site2_sleepers_w9_hardwood_vt:2010:thaw,2010-03-14,0.10581369252317589,0.010985494708695497,0.1989345755044987,0.10384384841334833,,,0.4917207720000001,0.4045681753393543,0.001,0.018547066497922097,0.0,4.985658260666396,0.0,0.20846341241320138,0.04511107055030634,0.0,0.0
site2_sleepers_w9_hardwood_vt:2010:thaw,2010-03-15,0.10581369252317589,0.010985494708695497,0.1454786342684591,0.07593984708813566,,,0.4917207720000001,0.29585619024542464,0.0,0.02790400132521267,0.0,8.88042297319298,0.0,0.20842116012416936,0.0,0.0,0.0
site2_sleepers_w9_hardwood_vt:2010:thaw,2010-03-16,0.10581369252317589,0.011042057464662452,0.09648330939005059,0.05036428750160641,,,0.4917207720000001,0.19621564693640922,0.0,0.025575559586529246,0.0,11.66308576076866,0.0,0.20838505911700192,0.2193116116774341,0.0,0.0
site2_sleepers_w9_hardwood_vt:2010:thaw,2010-03-17,0.10581369252317589,0.011098601065712647,0.0477607272154087,0.02493109960644334,,,0.4917207720000001,0.09712977351180253,0.0,0.025433187895163068,0.0,11.66296618721142,0.0,0.2083489643629554,0.2192373420348933,0.0,0.0
site2_sleepers_w9_hardwood_vt:2010:thaw,2010-03-18,0.10581369252317589,0.011146678604727102,0.0,0.0,,,0.4917207720000001,0.0,0.0,0.02493109960644334,0.0,11.065703923054443,0.0,0.20831287586094674,0.1864117542805852,0.0,-1.3877787807814457e-17
site2_sleepers_w9_hardwood_vt:2010:thaw,2010-03-19,0.1058136925231759,0.010621348759353992,0.0,0.0,,,0.0,,0.0,0.0,0.0,16.05746822612779,21.936430046977815,0.20825071315729218,0.0750961206917259,0.0,0.0
site2_sleepers_w9_hardwood_vt:2010:thaw,2010-03-20,0.1058136925231759,0.010160924776124238,0.0,0.0,,,0.0,,0.0,0.0,0.0,13.2666786146589,18.38909003781743,0.2081958437157634,0.03172063943440815,0.0,0.0
site2_sleepers_w9_hardwood_vt:2010:thaw,2010-03-21,0.1058136925231759,0.010054015443204,0.0,0.0,,,0.0,,0.0023,0.0023000000000000004,0.0,4.380037997476567,8.90088362671274,0.20818100846419016,0.23782423750283513,0.0,1.3877787807814457e-17
site2_sleepers_w9_hardwood_vt:2010:thaw,2010-03-22,0.10581369252317589,0.009854057410141295,0.0,0.0,,,0.0,,0.0316,0.031599999999999996,0.0,4.982626829515318,10.825186741789876,0.20816042424250011,0.10727553579622444,0.0,0.0003132105023788967
site2_sleepers_w9_hardwood_vt:2010:thaw,2010-03-23,0.105500482020797,0.0096879630287649,0.0,0.0,,,0.0,,0.0099,0.0099,0.0,3.890558644201444,5.333663262842787,0.20813678038985234,0.0013118210368126243,0.08255279661504379,0.0010568495488405688
site2_sleepers_w9_hardwood_vt:2010:thaw,2010-03-24,0.10444363247195643,0.009633804303655097,0.0037797841994041815,0.0007823572091727723,0.102,-0.09822021580059581,0.0,,0.0008,1.7642790827227493e-05,0.0,1.6878559001694304,3.2043501920784836,0.2081264065925953,0.26059733137246993,0.2785535133575581,0.0018082771003711667
site2_sleepers_w9_hardwood_vt:2011:thaw,2011-03-03,0.06224598223250635,0.015014112172347677,0.8750893001868978,0.2567009115651473,0.698,0.17708930018689784,0.11784072173987109,7.426034797365075,0.0,0.0,0.0,-10.626344660831073,-5.181944346522307,0.2066185797468292,1.3364988539762173,0.0,-0.0007067930242932591
site2_sleepers_w9_hardwood_vt:2011:thaw,2011-03-04,0.06295277525679961,0.015289916582111276,0.8663601876449281,0.2567009115651473,,,0.11992317942136782,7.224293016789051,0.0,0.0,0.0,-2.8467010727575843,0.0,0.2066185797468292,1.0693805239676688,0.0,-0.0004045082973165304
site2_sleepers_w9_hardwood_vt:2011:thaw,2011-03-05,0.06335728355411614,0.015433062855489397,0.9182575567553214,0.2663390007541912,,,0.12257231422055598,7.49155763758375,0.0097,6.191081095606975e-05,0.0,5.551554478522304,0.0,0.20661813219984604,0.5550231664545147,0.0,0.0
site2_sleepers_w9_hardwood_vt:2011:thaw,2011-03-06,0.06335728355411614,0.015449339997621195,0.5907641085700872,0.27338964905442154,,,0.11703705370597756,5.047667297351954,0.05240000000000001,0.045349351699769655,0.0,6.677077143980592,0.0,0.20659606932709318,0.06311160433048003,0.0,0.0
site2_sleepers_w9_hardwood_vt:2011:thaw,2011-03-07,0.06335728355411614,0.015771401424039228,0.769317346827943,0.29358964520620134,,,0.3629747306655653,2.119479076180568,0.0202,3.848220197361085e-09,0.0,-6.702529404637552,-6.497268972239006,0.20659606932709318,1.2487335399310364,0.0,-0.000784145835453956
site2_sleepers_w9_hardwood_vt:2011:thaw,2011-03-08,0.0641414293895701,0.0161175211235573,0.7676152088362183,0.29358964520620134,,,0.223403182137495,3.4360083929502148,0.0,0.0,0.0,-1.7422123311278739,0.0,0.20659606932709318,1.34201503864067,0.0,-0.0008854753802583215
site2_sleepers_w9_hardwood_vt:2011:thaw,2011-03-09,0.06502690476982842,0.01644868929004025,0.7764780648131178,0.2945896450868354,,,0.22463893788888623,3.4565604347594863,0.001,1.1936595830687458e-10,0.0,-1.142345518916736,0.0,0.20659606932709318,1.284043238099399,0.0,-0.0005944206235816568
site2_sleepers_w9_hardwood_vt:2011:thaw,2011-03-10,0.06562132539341008,0.01665071155896555,0.8071133788693187,0.2986896077130885,,,0.2201667175371424,3.6659191175576193,0.0040999999999999995,3.737374690102752e-08,0.0,1.066573395037775,0.0,0.20659606932709318,0.7833039362265598,0.0,0.0
site2_sleepers_w9_hardwood_vt:2011:thaw,2011-03-11,0.06562132539341008,0.016688444211703166,0.7564411201809981,0.30215516844664625,,,0.2069964720473868,3.6543672107021674,0.010400000000000003,0.006934439266442251,0.0,5.576713283627289,0.0,0.2065797054042984,0.14630137346182276,0.0,0.0
site2_sleepers_w9_hardwood_vt:2011:thaw,2011-03-12,0.06562132539341008,0.01671099796324701,0.7619354471632447,0.3037577203285289,,,0.25040306899166953,3.0428358974649505,0.0018000000000000002,0.00019744811811738482,0.0,1.0934589176157457,0.0,0.20656739754939452,0.08744799499060822,0.0,0.0
site2_sleepers_w9_hardwood_vt:2011:thaw,2011-03-13,0.06562132539341008,0.016741479251370595,0.7723892713091558,0.3061377699244732,,,0.24918276029222575,3.0996898437249296,0.0025,0.0001199504040556459,0.0,1.0922661898102484,0.0,0.20655611791889725,0.11818555001621524,0.0,-0.00027394144656250896
site2_sleepers_w9_hardwood_vt:2011:thaw,2011-03-14,0.06589526683997259,0.01684816746762848,0.7699482088368527,0.3061377699244732,,,0.2455717894484915,3.135328412787205,0.0,0.0,0.0,1.0804858300870643,0.0,0.20655268734258614,0.4136638014628642,0.0,-0.0005603897657185386
site2_sleepers_w9_hardwood_vt:2011:thaw,2011-03-15,0.06645565660569112,0.01704562176484986,0.7807677343294772,0.30793776884461993,,,0.24752815988342586,3.1542582253961817,0.0018000000000000002,1.0798532790624078e-09,0.0,4.956836193907412,0.0,0.20655128254282334,0.7655924718653208,0.0,-0.0004680168645585375
site2_sleepers_w9_hardwood_vt:2011:thaw,2011-03-16,0.06692367347024966,0.017196492176108604,0.7817760505970991,0.3084377688388742,,,0.24255941446055918,3.2230290971625757,0.0005,5.7457620475723226e-12,0.0,2.769711393451209,0.0,0.20654897540727915,0.5849720806907297,0.0,0.0
site2_sleepers_w9_hardwood_vt:2011:thaw,2011-03-17,0.06692367347024966,0.01722853279899908,0.5894328412922318,0.2847783535910706,,,0.24276104799473192,2.42803714253624,0.001,0.024659415247803594,0.0,12.165814942041312,0.0,0.2065052416726994,0.12423158180913409,0.0,0.0
site2_sleepers_w9_hardwood_vt:2011:thaw,2011-03-18,0.06692367347024966,0.017230728907993643,0.4853881635499064,0.2533726213730511,,,0.4046884087273021,1.1994120737888085,0.0005,0.03190573221801952,0.0,12.17094360147668,0.0,0.20645288412402651,0.008515005939568053,0.0,0.0
site2_sleepers_w9_hardwood_vt:2011:thaw,2011-03-19,0.06692367347024966,0.017346754495907984,0.48533827732459817,0.25334658076344024,,,0.4917207720000001,0.9870200832691243,0.0,2.6040609610871943e-05,0.0,0.5851855619096789,0.0,0.20644811287055292,0.4498677309178718,0.0,-0.000904381273329799
site2_sleepers_w9_hardwood_vt:2011:thaw,2011-03-20,0.06782805474357946,0.017605234776616706,0.4853368288549617,0.25334582466229,,,0.4917207720000001,0.9870171375533463,0.0,7.561011502489612e-07,0.0,3.262843059511723,0.0,0.20644710721989687,1.002209421729426,0.0,-0.0013701292122051678
site2_sleepers_w9_hardwood_vt:2011:thaw,2011-03-21,0.06919818395578463,0.017876184764752837,0.5566730457583454,0.2619458001241865,,,0.4917207720000001,1.132091783501766,0.0086,2.4538103538668254e-08,0.0,-1.12405060544992,0.0,0.20644710721989687,1.050558403074103,0.0,-0.0005151272826095649
site2_sleepers_w9_hardwood_vt:2011:thaw,2011-03-22,0.0697133112383942,0.017967856621784555,0.5726436792240315,0.2644446582650246,,,0.3785986826758084,1.5125347906040725,0.0025,1.1418591618697555e-06,0.0,-0.6079627031388124,0.0,0.20644165378258017,0.3554406493706797,0.0,-0.0017701204818369454
site2_sleepers_w9_hardwood_vt:2011:thaw,2011-03-23,0.07148343172023114,0.01823737164199405,0.5723491178453228,0.2644446582650246,0.668,-0.09565088215467721,0.3610415563573536,1.5852721321609309,0.0,0.0,0.0,-1.7242086046116807,0.0,0.20644165378258017,1.0449945806733916,0.0,-0.0023070853191811402
site2_sleepers_w9_hardwood_vt:1996:onset,1996-01-18,0.03100544297454586,0.00210790172767774,0.26580583589542905,0.12264002478437305,0.536667,-0.27086116410457095,0.08224254485012059,3.231974841973039,0.0,0.015273225238028263,0.0,10.57845032937584,0.0,0.18329693669170327,0.0030798686574503033,0.0,0.0
site2_sleepers_w9_hardwood_vt:1996:onset,1996-01-19,0.03100544297454586,0.00210790172767774,0.1630041206173257,0.08508815096224401,,,0.3602385429496783,0.4524893957282515,0.028800000000000003,0.06635187382212906,0.0,10.582893478493578,0.0,0.18324827430071766,0.0,0.0,0.0
site2_sleepers_w9_hardwood_vt:1996:onset,1996-01-20,0.03100544297454586,0.0026578066621399184,0.16294715394546808,0.08505841435953435,,,0.4917207720000001,0.33138147343807567,0.0,2.9736602709660217e-05,0.0,-3.3216250707702217,-2.322237798090171,0.18324827430071766,2.1321545491299756,0.0,-0.0018552545956711484
site2_sleepers_w9_hardwood_vt:1996:onset,1996-01-21,0.03286069757021701,0.003364642353544449,0.17428517425351725,0.08605757024160358,,,0.4917207720000001,0.35443931633117426,0.001,8.441179307604879e-07,0.0,-6.120438175165306,-5.055204617034715,0.18324827430071766,2.74062449792266,0.0,-0.006433585860404233
site2_sleepers_w9_hardwood_vt:1996:onset,1996-01-22,0.03929428343062124,0.0038018641784099355,0.1742710809976935,0.08605757024160358,,,0.42753595762761704,0.4076173661853333,0.0,0.0,0.0,-1.1239573737861672,-0.2626641276073884,0.18324827430071766,1.6952466589113178,0.0,-0.001084015046012042
site2_sleepers_w9_hardwood_vt:1996:onset,1996-01-23,0.04037829847663328,0.004027474703450044,0.22681569373104038,0.09345718569184162,,,0.4276231228980486,0.5304102645195743,0.0074,3.845497619561347e-07,0.0,0.5827668671007618,0.0,0.18324622745500532,0.8747633502829624,0.0,-2.1569388199541017e-05
site2_sleepers_w9_hardwood_vt:1996:onset,1996-01-24,0.04039986786483282,0.004092268349180419,0.2770174178381126,0.10702918595901562,,,0.27072886144206243,1.0232282452729775,0.0156,0.002027999732826009,0.0,4.981705248169909,0.0,0.18323192565967622,0.2512253624962479,0.0,-0.0012129378882490896
site2_sleepers_w9_hardwood_vt:1996:onset,1996-01-25,0.04161280575308191,0.004639172622097672,0.2768181643919086,0.10702918595901562,,,0.23038335851296388,1.201554514087578,0.0,0.0,0.0,-6.715859823590993,-5.860852704448075,0.18323192565967622,2.1205200396675887,0.0,-0.0014439701168552505
site2_sleepers_w9_hardwood_vt:1996:onset,1996-01-26,0.04305677586993716,0.005203912107543049,0.31316614012514515,0.1103291859590156,,,0.23079748796318367,1.3568871259773017,0.0033,9.974659986866641e-18,0.0,-2.235499833557318,-1.2538076581744249,0.18323192565967622,2.1896727734282515,0.0,-0.0009541708702403284
site2_sleepers_w9_hardwood_vt:1996:onset,1996-01-27,0.04401094674017749,0.005444719727918896,0.4817788944604854,0.13552918591897034,,,0.18344478865399216,2.6262882581483504,0.0252,4.004526918399698e-11,0.0,6.658634638390463,0.0,0.18322935966689816,0.9336869540035742,0.0,-0.0010826986475741124
site2_sleepers_w9_hardwood_vt:1996:onset,1996-01-28,0.0450936453877516,0.0056771100546625895,0.5137331123073962,0.1398291859188124,,,0.10972131838176424,4.68216313733958,0.0043,1.5793356206161846e-13,0.0,-2.8194832743292473,-1.96607345523544,0.18322935966689816,0.9010504567029769,0.0,-0.0024102997649767255
site2_sleepers_w9_hardwood_vt:1996:onset,1996-01-29,0.04750394515272833,0.006089890993022066,0.5345607602607791,0.1418291859188124,,,0.10260706060797711,5.209785341216763,0.002,0.0,0.0,-6.13240438941721,-4.3755209933075,0.18322935966689816,1.6004816475743613,0.0,-0.002705630321724724
site2_sleepers_w9_hardwood_vt:1996:onset,1996-01-30,0.05020957547445305,0.006378223800215936,0.5281269858162875,0.1418291859188124,,,0.09761224592450721,5.410458296643825,0.0,0.0,0.0,-2.233517201591484,-0.4795868898144869,0.18322935966689816,1.1179570649299304,0.0,-0.00554999113229411
site2_sleepers_w9_hardwood_vt:1996:onset,1996-01-31,0.05575956660674716,0.006778435717869747,0.5237275658369624,0.1418291859188124,,,0.09992649906919321,5.241127936187497,0.0,0.0,0.0,-9.419821895483764,-7.652234621043969,0.18322935966689816,1.5517475973845725,0.0,-0.004777964305467279
site2_sleepers_w9_hardwood_vt:1996:onset,1996-02-01,0.06053753091221444,0.007338631541592415,0.5209224558731206,0.1418291859188124,,,0.10158174664255393,5.1281108377289835,0.0,0.0,0.0,-12.82676873886788,-10.053644546553649,0.18322935966689816,2.1720560918582295,0.0,-0.0009752739863185048
site2_sleepers_w9_hardwood_vt:1996:onset,1996-02-02,0.06151280489853295,0.007811918775634251,0.5174700722788099,0.1418291859188124,,,0.102669254666727,5.040165860349928,0.0,0.0,0.0,-8.930185130596119,-7.016674557362383,0.18322935966689816,1.8350836042131398,0.0,-0.0011397446038791392
site2_sleepers_w9_hardwood_vt:1996:onset,1996-02-03,0.06265254950241209,0.008358552251439073,0.5147550799025772,0.1418291859188124,,,0.10404311943482944,4.947516786297528,0.0,0.0,0.0,-16.11050579828953,-15.141374769916734,0.18322935966689816,2.119470074011757,0.0,-0.0014732238966878586
site2_sleepers_w9_hardwood_vt:1996:onset,1996-02-04,0.06412577339909994,0.009050574355237428,0.5129096559003257,0.1418291859188124,,,0.10515173218262311,4.877805103671766,0.0,0.0,0.0,-16.72674894925908,-14.417422358585764,0.18322935966689816,2.6831875552366693,0.0,-0.0012890365390039182
site2_sleepers_w9_hardwood_vt:1996:onset,1996-02-05,0.06541480993810386,0.009638064619984467,0.510516648260714,0.1418291859188124,,,0.10591978438711039,4.819842215642198,0.0,0.0,0.0,-11.73272606060523,-8.851925398411186,0.18322935966689816,2.277884707063173,0.0,-0.0012154753057932177
site2_sleepers_w9_hardwood_vt:1996:onset,1996-02-06,0.06663028524389708,0.010176162124020408,0.5078660722309397,0.1418291859188124,0.226667,0.2811990722309397,0.10693359132511285,4.749359541164777,0.0,0.0,0.0,-11.128150582538265,-8.471305844064753,0.18322935966689816,2.0863734242134324,0.0,-0.0009224805279504783
site2_sleepers_w9_hardwood_vt:1998:onset,1998-01-29,0.01660816421585889,0.004143943763611097,1.0261928868872117,0.293078844014168,0.713333,0.31285988688721167,0.10704147452907442,9.586871737351478,0.0,0.0,0.0,2.166557008357879,0.0,0.1890339335232034,0.6779755539765749,0.0,-0.000843497253140809
site2_sleepers_w9_hardwood_vt:1998:onset,1998-01-30,0.0174516614689997,0.004291996267230165,1.0114231596190109,0.29437884401372005,,,0.11324977102315148,8.930906883796235,0.0013000000000000004,4.4797780936189913e-13,0.0,-0.6208181376344628,0.0,0.18903384889786215,0.5740461656526336,0.0,-0.0006092467798088398
site2_sleepers_w9_hardwood_vt:1998:onset,1998-01-31,0.01806090824880854,0.004391137590967614,0.9899055868332367,0.29437884401372005,,,0.11791082477029396,8.395374968852138,0.0,0.0,0.0,-2.2139796526043405,0.0,0.18903374650300825,0.38440212328756157,0.0,-0.0012932656337750897
site2_sleepers_w9_hardwood_vt:1998:onset,1998-02-01,0.01935417388258363,0.004566352995754881,0.9701039571267046,0.29437884401372005,,,0.12355678112220114,7.851482924010819,0.0,0.0,0.0,2.7686303841392057,0.0,0.1890330834130811,0.6793652847654422,0.0,-0.0021078583571624288
site2_sleepers_w9_hardwood_vt:1998:onset,1998-02-02,0.02146203223974606,0.004709601519591107,0.951421328284688,0.29437884401372005,,,0.12921707420058032,7.362969129047306,0.0,0.0,0.0,6.05933392128023,0.0,0.18903097195223512,0.5554197593003535,0.0,-0.002249634041887362
site2_sleepers_w9_hardwood_vt:1998:onset,1998-02-03,0.02371166628163342,0.00486248501604478,0.9358002607321136,0.29437884401372005,,,0.1350052471439186,6.93158436823222,0.0,0.0,0.0,1.6754164320025025,0.0,0.18902968632062228,0.5927774457405152,0.0,-0.002491487047716189
site2_sleepers_w9_hardwood_vt:1998:onset,1998-02-04,0.02620315332934961,0.005031804667210942,0.9219418721701501,0.29437884401372005,,,0.14020805088846588,6.5755273418895595,0.0,0.0,0.0,1.6753572672180104,0.0,0.18902840069775328,0.6565055919058381,0.0,-0.0027204787313163913
site2_sleepers_w9_hardwood_vt:1998:onset,1998-02-05,0.028923632060666,0.005216686426967104,0.910566024266131,0.29437884401372005,,,0.14512260791119996,6.274460177998615,0.0,0.0,0.0,1.0729746080163247,0.0,0.18902818409093022,0.7168447860915986,0.0,-0.0038890724538490386
site2_sleepers_w9_hardwood_vt:1998:onset,1998-02-06,0.03281270451451504,0.005480984967812121,0.9027107003039174,0.29437884401372005,,,0.14938101759932831,6.043008106459548,0.0,0.0,0.0,1.0576682969349402,0.0,0.18902818409093022,1.0247686479523226,0.0,-0.00423463053278518
site2_sleepers_w9_hardwood_vt:1998:onset,1998-02-07,0.03704733504730022,0.005768767384857397,0.8953579600449343,0.29437884401372005,,,0.1524460764406123,5.873276511604644,0.0,0.0,0.0,1.057562112276841,0.0,0.18902818409093022,1.1158230290528637,0.0,-0.003990624416450733
site2_sleepers_w9_hardwood_vt:1998:onset,1998-02-08,0.04103795946375095,0.006039967323363188,0.8876621867183512,0.29437884401372005,,,0.15541130654640667,5.711696313763956,0.0,0.0,0.0,2.7561779257275525,0.0,0.18902818409093022,1.0515275410479459,0.0,-0.00354709333441406
site2_sleepers_w9_hardwood_vt:1998:onset,1998-02-09,0.04458505279816501,0.00628102521149764,0.8801505454653946,0.29437884401372005,,,0.15861843818550775,5.548853938632527,0.0,0.0,0.0,2.758411254109369,0.0,0.18902818409093022,0.9346573208916845,0.0,-0.003204946825403565
site2_sleepers_w9_hardwood_vt:1998:onset,1998-02-10,0.04778999962356858,0.006498831071247486,0.8728102935610595,0.29437884401372005,,,0.16185490408660835,5.392547717269165,0.0,0.0,0.0,3.2585168586764404,0.0,0.18902818409093022,0.844501886761555,0.0,0.0
site2_sleepers_w9_hardwood_vt:1998:onset,1998-02-11,0.04778999962356858,0.006629916152324542,0.9308328995615693,0.30634070765699734,,,0.16512265859580472,5.637220884627999,0.0127,0.0007381363567227307,0.0,7.158407678742826,0.0,0.1890238155330204,0.5082581268612678,0.0,0.0
site2_sleepers_w9_hardwood_vt:1998:onset,1998-02-12,0.04778999962356858,0.006724272809319407,0.9701874007487609,0.3160053771734637,,,0.15576924098947298,6.228363151710593,0.010199999999999999,0.0005353304835336084,0.0,5.567755422848074,0.0,0.18901787874198867,0.3658504640425857,0.0,-0.0006430697284677683
site2_sleepers_w9_hardwood_vt:1998:onset,1998-02-13,0.04843306935203635,0.006862042160591744,0.9593115713352522,0.3160053771734637,,,0.1520185547193969,6.310490012919773,0.0,0.0,0.0,-3.908406131094596,-1.8833631024342818,0.1890178575861493,0.5341751467156608,0.0,-0.002792083426370842
site2_sleepers_w9_hardwood_vt:1998:onset,1998-02-14,0.05122515277840719,0.007245312839907152,0.9548168224434078,0.3160053771734637,,,0.1561101052586939,6.116303751516645,0.0,0.0,0.0,-12.814264396283038,-7.817863767881566,0.1890178575861493,1.4860610829937668,0.0,-0.0033851138106496606
site2_sleepers_w9_hardwood_vt:1998:onset,1998-02-15,0.05461026658905685,0.007698427386094447,0.9509356454841796,0.3160053771734637,,,0.15785456348154858,6.024125147293149,0.0,0.0,0.0,-10.032507986823225,0.0,0.1890178575861493,1.7568677427400912,0.0,-0.002846018484534002
site2_sleepers_w9_hardwood_vt:1998:onset,1998-02-16,0.05745628507359085,0.008054223526914915,0.9449868306080694,0.3160053771734637,,,0.15938682691782818,5.928889161556977,0.0,0.0,0.0,1.0445834519628825,0.0,0.1890178575861493,1.3795336478571418,0.0,-0.0020575485438974056
site2_sleepers_w9_hardwood_vt:1998:onset,1998-02-17,0.05951383361748826,0.008285168696031724,0.9489494050921692,0.31750537701387016,,,0.16178309450188155,5.8655659172172205,0.0015,1.5959356232386757e-10,0.0,4.351620260020332,0.0,0.1890178575861493,0.8954471256265157,0.0,-0.0011723013369516963
site2_sleepers_w9_hardwood_vt:1998:onset,1998-02-18,0.06068613495443995,0.008366506087130703,0.9584711558991018,0.32080494951352106,,,0.16199558218053794,5.916649966607867,0.0033,4.275003491070653e-07,0.0,2.775741984128674,0.0,0.1890140727470394,0.3153707359396122,0.0,0.0
site2_sleepers_w9_hardwood_vt:1998:onset,1998-02-19,0.06068613495443995,0.008392256884316855,0.9264087960760535,0.32265223191080833,0.540833,0.3855757960760535,0.16213248685156262,5.713899873282089,0.0038,0.001952717602712684,0.0,2.190356895370872,0.0,0.1890016310917126,0.09984394742316251,0.0,0.0
site2_sleepers_w9_hardwood_vt:1998:onset,1998-02-20,0.06068613495443995,0.008441714711770883,0.928704877299122,0.3248584589451272,,,0.17840018656897838,5.205739383798449,0.0023,9.37729656810824e-05,0.0,0.5914282287412014,0.0,0.18899405083810727,0.1917635670960591,0.0,0.0
site2_sleepers_w9_hardwood_vt:1998:onset,1998-02-21,0.06068613495443995,0.008483829876498115,0.9193546935980926,0.3248558268923639,,,0.18028862996266393,5.099349270048157,0.0,2.6320527632753277e-06,0.0,0.5914034954780452,0.0,0.18898647088852175,0.16329375212526415,0.0,0.0
site2_sleepers_w9_hardwood_vt:1998:onset,1998-02-22,0.06068613495443995,0.008563029417318792,0.911512788419651,0.32485575032318015,,,0.18477922686125292,4.932983019265948,0.0,7.656918376598709e-08,0.0,1.6814306302630655,0.0,0.18898210329462975,0.30708155295053713,0.0,0.0
site2_sleepers_w9_hardwood_vt:1998:onset,1998-02-23,0.06068613495443995,0.008771449562202256,0.905082583971092,0.32485574809570206,,,0.18868424419578833,4.796810607206463,0.0,2.2274781064784976e-09,0.0,3.864304512236921,0.0,0.18898081799538094,0.808110515462503,0.0,0.0
site2_sleepers_w9_hardwood_vt:1998:onset,1998-02-24,0.06068613495443995,0.008919309840640805,0.9366306941849002,0.32995574803066385,,,0.19198246927936297,4.8787303221002105,0.0050999999999999995,6.503822567310857e-11,0.0,2.1690913163576626,0.0,0.18898020156806636,0.5733008481124178,0.0,0.0
site2_sleepers_w9_hardwood_vt:1998:onset,1998-02-25,0.06068613495443995,0.00898105925188784,0.9660121626637487,0.3360549259073788,,,0.18341568013349968,5.266791595792866,0.0060999999999999995,8.221232850702735e-07,0.0,-0.6073598054654266,0.0,0.1889752095306519,0.23942190703421104,0.0,0.0
site2_sleepers_w9_hardwood_vt:1998:onset,1998-02-26,0.06068613495443995,0.009031706642393661,0.9560438251787778,0.3360549259073788,,,0.17789868114100388,5.3740916967282635,0.0,0.0,0.0,-0.00872392333053695,0.0,0.18896941394289635,0.1963758775399331,0.0,0.0
site2_sleepers_w9_hardwood_vt:1998:onset,1998-02-27,0.06068613495443995,0.00906108891583863,0.8349503700061702,0.3285200849032922,,,0.18243671729144206,4.576657497472615,0.0,0.007534841004086593,0.0,3.285192085652762,0.0,0.18895697522718907,0.1139243241211171,0.0,0.0
site2_sleepers_w9_hardwood_vt:1998:onset,1998-02-28,0.06068613495443995,0.009082498705132879,0.6714236204398373,0.3112129712605797,,,0.24110956590639032,2.7847241063032495,0.0023,0.019607113642712563,0.0,11.070069639200888,0.0,0.18892068594010608,0.08301249321265228,0.0,0.0
site2_sleepers_w9_hardwood_vt:1998:onset,1998-03-01,0.06068613495443995,0.009106926263092677,0.6156418807050839,0.3011330484186843,,,0.36444170423926386,1.6892739594393447,0.0018000000000000002,0.011879922841895353,0.0,4.385102205693091,0.0,0.18890344525063008,0.09471333236727174,0.0,0.0
site2_sleepers_w9_hardwood_vt:1998:onset,1998-03-02,0.06068613495443995,0.009116745786518896,0.5522006450256416,0.2846434285860069,,,0.4174824513373911,1.322691871853979,0.0,0.016489619832677417,0.0,6.682339723749685,0.0,0.18887734485328264,0.03807338365490434,0.0,0.0
site2_sleepers_w9_hardwood_vt:1998:onset,1998-03-03,0.06068613495443995,0.009141205835781376,0.5310601899287747,0.2772134191428204,,,0.4764158991246874,1.1146987136753508,0.0,0.007430009443186476,0.0,2.789780088470704,0.0,0.18886260356684031,0.09483931137651182,0.0,0.0
site2_sleepers_w9_hardwood_vt:1998:onset,1998-03-04,0.06068613495443995,0.009197825763431946,0.5359899465503077,0.2780212697975069,,,0.4917207720000001,1.090029091856847,0.001,0.00019214934531347992,0.0,2.1874704438943073,0.0,0.18885229070814016,0.21953328429329802,0.0,0.0
site2_sleepers_w9_hardwood_vt:1998:onset,1998-03-05,0.06068613495443995,0.009260621969286743,0.5358355089426176,0.27801797699125147,0.510833,0.025002508942617574,0.48396501129035074,1.107178197684104,0.0,3.2928062554185566e-06,0.0,2.784689387080162,0.0,0.18884197841257452,0.24348065927496562,0.0,0.0
site2_sleepers_w9_hardwood_vt:1998:onset,1998-03-06,0.06068613495443995,0.00936648594437064,0.5357009678058193,0.27801788164189095,,,0.48430109622809203,1.1061320570571647,0.0,9.534936053559595e-08,0.0,2.780744800943696,0.0,0.18883456201490303,0.410467958947972,0.0,-0.0004312641781751142
site2_sleepers_w9_hardwood_vt:1998:onset,1998-03-07,0.06111739913261507,0.009551113425471762,0.555767384666972,0.2808146687146785,,,0.4846062924234028,1.1468431040953042,0.0028,3.212927212484305e-06,0.0,0.5795348170234442,0.0,0.18883285286104529,0.7158588676953217,0.0,-0.0006345429332912308
site2_sleepers_w9_hardwood_vt:1998:onset,1998-03-08,0.0617519420659063,0.009779126475429445,0.5829924346783277,0.2846026058375555,,,0.4530634562965923,1.2867787648198206,0.0038,1.2062877123011713e-05,0.0,3.2667837394403594,0.0,0.1888312187209166,0.8840783765720346,0.0,-0.00024515934881785134
site2_sleepers_w9_hardwood_vt:1998:onset,1998-03-09,0.06199710141472415,0.00994673045227954,0.6366127456241935,0.2950874917909767,,,0.4154161064028182,1.5324700602891084,0.0152,0.004715114046578758,0.0,7.7588114624744335,0.0,0.18882283387845383,0.6498533824627589,0.0,0.0
site2_sleepers_w9_hardwood_vt:1998:onset,1998-03-10,0.06199710141472415,0.009984187638289054,0.5840016564115476,0.28607411493895357,,,0.36447223822632585,1.6023213709048008,0.0028,0.011813376852023091,0.0,5.579340501099734,0.0,0.1888053661684895,0.14523330223596126,0.0,-0.0015510058060869344
site2_sleepers_w9_hardwood_vt:1998:onset,1998-03-11,0.06354810722081108,0.010685759421482232,0.5836016750456782,0.28600703903773966,,,0.41902295955344343,1.3927677749869072,0.0,6.707590121389669e-05,0.0,-11.714204896987352,-9.886616234256225,0.1888053661684895,2.7202146686309594,0.0,-0.001988405435313992
site2_sleepers_w9_hardwood_vt:1998:onset,1998-03-12,0.06553651265612508,0.011479652806707593,0.5835112280387864,0.2860050894579391,,,0.41949945315835435,1.390970175635772,0.0,1.949579800564552e-06,0.0,-12.220791297578522,-9.219043875208412,0.1888053661684895,3.0781745839177734,0.0,-0.001969650148380672
site2_sleepers_w9_hardwood_vt:1998:onset,1998-03-13,0.06750616280450575,0.012157499348549861,0.5834162759103062,0.28600503279285777,,,0.41965624804954715,1.3902242099858466,0.0,5.666508134764825e-08,0.0,-3.9508556609447307,0.0,0.1888053661684895,2.628224438856016,0.0,-0.002099511657591077
site2_sleepers_w9_hardwood_vt:1998:onset,1998-03-14,0.06960567446209683,0.012747500684365507,0.7160877785338975,0.2969050307609937,,,0.41982830881182576,1.7056681588731557,0.0109,2.031863993029459e-09,0.0,-2.248432759061023,0.0,0.1888053661684895,2.287620920118546,0.0,-0.0008538859194916204
site2_sleepers_w9_hardwood_vt:1998:onset,1998-03-15,0.07045956038158845,0.012959450984631932,0.7502012526849071,0.3012050263928184,,,0.2750196744354918,2.7278093984540486,0.0043,4.3681753614499485e-09,0.0,-2.815567274328474,-0.18799568314077,0.1888053661684895,0.8217980392274572,0.0,-0.0008663978072909334
site2_sleepers_w9_hardwood_vt:1998:onset,1998-03-16,0.07132595818887938,0.013139369909619034,0.7484836186674936,0.3012050263928184,,,0.2536502324256111,2.950849331025171,0.0,0.0,0.0,-1.718220489877007,0.0,0.1888052638973989,0.6976023133180375,0.0,-0.0025774177678327542
site2_sleepers_w9_hardwood_vt:1998:onset,1998-03-17,0.07390337595671213,0.01350135748735051,0.7472199253550437,0.3012050263928184,,,0.25511435045472497,2.9289607739555694,0.0,0.0,0.0,1.648485016826145,0.0,0.1888052638973989,1.403539797917184,0.0,-0.004331938292285939
site2_sleepers_w9_hardwood_vt:1998:onset,1998-03-18,0.07823531424899807,0.013795752869094732,0.796318844092795,0.30730502639281754,0.535,0.26131884409279493,0.25619935017218604,3.108200093238356,0.0060999999999999995,8.118505867571457e-16,0.0,5.5430780389584156,0.0,0.1888052638973989,1.141463575049934,0.0,-0.0018939526835257264
