record_id,year,season,species,site,transition,threshold_stage,interval_start_date,interval_start_doy,interval_end_date,interval_end_doy,role,source_object_id
CAL0405-HB-1989-SPRING-ACSA3-1B-HALF_EXPANSION,1989,SPRING,ACSA3,1B,HALF_EXPANSION,3.0,1989-05-15,135,1989-05-22,142,CALIBRATION,SRC-HB-PHENO-EDI-51-16
CAL0405-HB-1989-SPRING-ACSA3-4B-HALF_EXPANSION,1989,SPRING,ACSA3,4B,HALF_EXPANSION,3.0,1989-05-15,135,1989-05-22,142,CALIBRATION,SRC-HB-PHENO-EDI-51-16
CAL0405-HB-1989-SPRING-ACSA3-4T-HALF_EXPANSION,1989,SPRING,ACSA3,4T,HALF_EXPANSION,3.0,1989-05-15,135,1989-05-22,142,CALIBRATION,SRC-HB-PHENO-EDI-51-16
CAL0405-HB-1989-SPRING-ACSA3-5B-HALF_EXPANSION,1989,SPRING,ACSA3,5B,HALF_EXPANSION,3.0,1989-05-15,135,1989-05-22,142,CALIBRATION,SRC-HB-PHENO-EDI-51-16
CAL0405-HB-1989-SPRING-ACSA3-5T-HALF_EXPANSION,1989,SPRING,ACSA3,5T,HALF_EXPANSION,3.0,1989-05-22,142,1989-05-30,150,CALIBRATION,SRC-HB-PHENO-EDI-51-16
CAL0405-HB-1989-SPRING-ACSA3-6T-HALF_EXPANSION,1989,SPRING,ACSA3,6T,HALF_EXPANSION,3.0,1989-05-15,135,1989-05-22,142,CALIBRATION,SRC-HB-PHENO-EDI-51-16
CAL0405-HB-1989-SPRING-ACSA3-7B-HALF_EXPANSION,1989,SPRING,ACSA3,7B,HALF_EXPANSION,3.0,1989-05-15,135,1989-05-22,142,CALIBRATION,SRC-HB-PHENO-EDI-51-16
CAL0405-HB-1989-SPRING-ACSA3-7T-HALF_EXPANSION,1989,SPRING,ACSA3,7T,HALF_EXPANSION,3.0,1989-05-22,142,1989-05-30,150,CALIBRATION,SRC-HB-PHENO-EDI-51-16
CAL0405-HB-1989-SPRING-BEAL2-1B-HALF_EXPANSION,1989,SPRING,BEAL2,1B,HALF_EXPANSION,3.0,1989-05-15,135,1989-05-22,142,CALIBRATION,SRC-HB-PHENO-EDI-51-16
CAL0405-HB-1989-SPRING-BEAL2-4B-HALF_EXPANSION,1989,SPRING,BEAL2,4B,HALF_EXPANSION,3.0,1989-05-15,135,1989-05-22,142,CALIBRATION,SRC-HB-PHENO-EDI-51-16
CAL0405-HB-1989-SPRING-BEAL2-4T-HALF_EXPANSION,1989,SPRING,BEAL2,4T,HALF_EXPANSION,3.0,1989-05-15,135,1989-05-22,142,CALIBRATION,SRC-HB-PHENO-EDI-51-16
CAL0405-HB-1989-SPRING-BEAL2-5B-HALF_EXPANSION,1989,SPRING,BEAL2,5B,HALF_EXPANSION,3.0,1989-05-15,135,1989-05-22,142,CALIBRATION,SRC-HB-PHENO-EDI-51-16
CAL0405-HB-1989-SPRING-BEAL2-5T-HALF_EXPANSION,1989,SPRING,BEAL2,5T,HALF_EXPANSION,3.0,1989-05-15,135,1989-05-22,142,CALIBRATION,SRC-HB-PHENO-EDI-51-16
CAL0405-HB-1989-SPRING-BEAL2-6T-HALF_EXPANSION,1989,SPRING,BEAL2,6T,HALF_EXPANSION,3.0,1989-05-15,135,1989-05-22,142,CALIBRATION,SRC-HB-PHENO-EDI-51-16
CAL0405-HB-1989-SPRING-BEAL2-7B-HALF_EXPANSION,1989,SPRING,BEAL2,7B,HALF_EXPANSION,3.0,1989-05-22,142,1989-05-30,150,CALIBRATION,SRC-HB-PHENO-EDI-51-16
CAL0405-HB-1989-SPRING-BEAL2-7T-HALF_EXPANSION,1989,SPRING,BEAL2,7T,HALF_EXPANSION,3.0,1989-05-22,142,1989-05-30,150,CALIBRATION,SRC-HB-PHENO-EDI-51-16
CAL0405-HB-1989-SPRING-FAGR-1B-HALF_EXPANSION,1989,SPRING,FAGR,1B,HALF_EXPANSION,3.0,1989-05-15,135,1989-05-22,142,CALIBRATION,SRC-HB-PHENO-EDI-51-16
CAL0405-HB-1989-SPRING-FAGR-4B-HALF_EXPANSION,1989,SPRING,FAGR,4B,HALF_EXPANSION,3.0,1989-05-15,135,1989-05-22,142,CALIBRATION,SRC-HB-PHENO-EDI-51-16
CAL0405-HB-1989-SPRING-FAGR-4T-HALF_EXPANSION,1989,SPRING,FAGR,4T,HALF_EXPANSION,3.0,1989-05-15,135,1989-05-22,142,CALIBRATION,SRC-HB-PHENO-EDI-51-16
CAL0405-HB-1989-SPRING-FAGR-5B-HALF_EXPANSION,1989,SPRING,FAGR,5B,HALF_EXPANSION,3.0,1989-05-15,135,1989-05-22,142,CALIBRATION,SRC-HB-PHENO-EDI-51-16
CAL0405-HB-1989-SPRING-FAGR-5T-HALF_EXPANSION,1989,SPRING,FAGR,5T,HALF_EXPANSION,3.0,1989-05-15,135,1989-05-22,142,CALIBRATION,SRC-HB-PHENO-EDI-51-16
CAL0405-HB-1989-SPRING-FAGR-6T-HALF_EXPANSION,1989,SPRING,FAGR,6T,HALF_EXPANSION,3.0,1989-05-15,135,1989-05-22,142,CALIBRATION,SRC-HB-PHENO-EDI-51-16
CAL0405-HB-1989-SPRING-FAGR-7B-HALF_EXPANSION,1989,SPRING,FAGR,7B,HALF_EXPANSION,3.0,1989-05-15,135,1989-05-22,142,CALIBRATION,SRC-HB-PHENO-EDI-51-16
CAL0405-HB-1989-SPRING-FAGR-7T-HALF_EXPANSION,1989,SPRING,FAGR,7T,HALF_EXPANSION,3.0,1989-05-22,142,1989-05-30,150,CALIBRATION,SRC-HB-PHENO-EDI-51-16
CAL0405-HB-1990-SPRING-ACSA3-1B-HALF_EXPANSION,1990,SPRING,ACSA3,1B,HALF_EXPANSION,3.0,1990-05-21,141,1990-05-29,149,CALIBRATION,SRC-HB-PHENO-EDI-51-16
CAL0405-HB-1990-SPRING-ACSA3-4B-HALF_EXPANSION,1990,SPRING,ACSA3,4B,HALF_EXPANSION,3.0,1990-05-21,141,1990-05-29,149,CALIBRATION,SRC-HB-PHENO-EDI-51-16
CAL0405-HB-1990-SPRING-ACSA3-4T-HALF_EXPANSION,1990,SPRING,ACSA3,4T,HALF_EXPANSION,3.0,1990-05-21,141,1990-05-29,149,CALIBRATION,SRC-HB-PHENO-EDI-51-16
CAL0405-HB-1990-SPRING-ACSA3-5B-HALF_EXPANSION,1990,SPRING,ACSA3,5B,HALF_EXPANSION,3.0,1990-05-21,141,1990-05-29,149,CALIBRATION,SRC-HB-PHENO-EDI-51-16
CAL0405-HB-1990-SPRING-ACSA3-5T-HALF_EXPANSION,1990,SPRING,ACSA3,5T,HALF_EXPANSION,3.0,1990-05-21,141,1990-05-29,149,CALIBRATION,SRC-HB-PHENO-EDI-51-16
CAL0405-HB-1990-SPRING-ACSA3-6T-HALF_EXPANSION,1990,SPRING,ACSA3,6T,HALF_EXPANSION,3.0,1990-05-21,141,1990-05-29,149,CALIBRATION,SRC-HB-PHENO-EDI-51-16
CAL0405-HB-1990-SPRING-ACSA3-7B-HALF_EXPANSION,1990,SPRING,ACSA3,7B,HALF_EXPANSION,3.0,1990-05-21,141,1990-05-29,149,CALIBRATION,SRC-HB-PHENO-EDI-51-16
CAL0405-HB-1990-SPRING-ACSA3-7T-HALF_EXPANSION,1990,SPRING,ACSA3,7T,HALF_EXPANSION,3.0,1990-05-29,149,1990-06-04,155,CALIBRATION,SRC-HB-PHENO-EDI-51-16
CAL0405-HB-1990-SPRING-BEAL2-1B-HALF_EXPANSION,1990,SPRING,BEAL2,1B,HALF_EXPANSION,3.0,1990-05-21,141,1990-05-29,149,CALIBRATION,SRC-HB-PHENO-EDI-51-16
CAL0405-HB-1990-SPRING-BEAL2-4B-HALF_EXPANSION,1990,SPRING,BEAL2,4B,HALF_EXPANSION,3.0,1990-05-21,141,1990-05-29,149,CALIBRATION,SRC-HB-PHENO-EDI-51-16
CAL0405-HB-1990-SPRING-BEAL2-4T-HALF_EXPANSION,1990,SPRING,BEAL2,4T,HALF_EXPANSION,3.0,1990-05-29,149,1990-06-04,155,CALIBRATION,SRC-HB-PHENO-EDI-51-16
CAL0405-HB-1990-SPRING-BEAL2-5B-HALF_EXPANSION,1990,SPRING,BEAL2,5B,HALF_EXPANSION,3.0,1990-05-21,141,1990-05-29,149,CALIBRATION,SRC-HB-PHENO-EDI-51-16
CAL0405-HB-1990-SPRING-BEAL2-5T-HALF_EXPANSION,1990,SPRING,BEAL2,5T,HALF_EXPANSION,3.0,1990-05-21,141,1990-05-29,149,CALIBRATION,SRC-HB-PHENO-EDI-51-16
CAL0405-HB-1990-SPRING-BEAL2-6T-HALF_EXPANSION,1990,SPRING,BEAL2,6T,HALF_EXPANSION,3.0,1990-05-29,149,1990-06-04,155,CALIBRATION,SRC-HB-PHENO-EDI-51-16
CAL0405-HB-1990-SPRING-BEAL2-7B-HALF_EXPANSION,1990,SPRING,BEAL2,7B,HALF_EXPANSION,3.0,1990-05-21,141,1990-05-29,149,CALIBRATION,SRC-HB-PHENO-EDI-51-16
CAL0405-HB-1990-SPRING-BEAL2-7T-HALF_EXPANSION,1990,SPRING,BEAL2,7T,HALF_EXPANSION,3.0,1990-06-04,155,1990-06-11,162,CALIBRATION,SRC-HB-PHENO-EDI-51-16
CAL0405-HB-1990-SPRING-FAGR-1B-HALF_EXPANSION,1990,SPRING,FAGR,1B,HALF_EXPANSION,3.0,1990-05-21,141,1990-05-29,149,CALIBRATION,SRC-HB-PHENO-EDI-51-16
CAL0405-HB-1990-SPRING-FAGR-4B-HALF_EXPANSION,1990,SPRING,FAGR,4B,HALF_EXPANSION,3.0,1990-05-21,141,1990-05-29,149,CALIBRATION,SRC-HB-PHENO-EDI-51-16
CAL0405-HB-1990-SPRING-FAGR-4T-HALF_EXPANSION,1990,SPRING,FAGR,4T,HALF_EXPANSION,3.0,1990-05-29,149,1990-06-04,155,CALIBRATION,SRC-HB-PHENO-EDI-51-16
CAL0405-HB-1990-SPRING-FAGR-5B-HALF_EXPANSION,1990,SPRING,FAGR,5B,HALF_EXPANSION,3.0,1990-05-21,141,1990-05-29,149,CALIBRATION,SRC-HB-PHENO-EDI-51-16
CAL0405-HB-1990-SPRING-FAGR-5T-HALF_EXPANSION,1990,SPRING,FAGR,5T,HALF_EXPANSION,3.0,1990-05-21,141,1990-05-29,149,CALIBRATION,SRC-HB-PHENO-EDI-51-16
CAL0405-HB-1990-SPRING-FAGR-6T-HALF_EXPANSION,1990,SPRING,FAGR,6T,HALF_EXPANSION,3.0,1990-05-29,149,1990-06-04,155,CALIBRATION,SRC-HB-PHENO-EDI-51-16
CAL0405-HB-1990-SPRING-FAGR-7B-HALF_EXPANSION,1990,SPRING,FAGR,7B,HALF_EXPANSION,3.0,1990-05-21,141,1990-05-29,149,CALIBRATION,SRC-HB-PHENO-EDI-51-16
CAL0405-HB-1990-SPRING-FAGR-7T-HALF_EXPANSION,1990,SPRING,FAGR,7T,HALF_EXPANSION,3.0,1990-05-29,149,1990-06-04,155,CALIBRATION,SRC-HB-PHENO-EDI-51-16
CAL0405-HB-1991-SPRING-ACSA3-1B-HALF_EXPANSION,1991,SPRING,ACSA3,1B,HALF_EXPANSION,3.0,1991-05-07,127,1991-05-13,133,CALIBRATION,SRC-HB-PHENO-EDI-51-16
CAL0405-HB-1991-SPRING-ACSA3-4B-HALF_EXPANSION,1991,SPRING,ACSA3,4B,HALF_EXPANSION,3.0,1991-05-07,127,1991-05-13,133,CALIBRATION,SRC-HB-PHENO-EDI-51-16
CAL0405-HB-1991-SPRING-ACSA3-4T-HALF_EXPANSION,1991,SPRING,ACSA3,4T,HALF_EXPANSION,3.0,1991-05-13,133,1991-05-20,140,CALIBRATION,SRC-HB-PHENO-EDI-51-16
CAL0405-HB-1991-SPRING-ACSA3-5B-HALF_EXPANSION,1991,SPRING,ACSA3,5B,HALF_EXPANSION,3.0,1991-05-07,127,1991-05-13,133,CALIBRATION,SRC-HB-PHENO-EDI-51-16
CAL0405-HB-1991-SPRING-ACSA3-5T-HALF_EXPANSION,1991,SPRING,ACSA3,5T,HALF_EXPANSION,3.0,1991-05-20,140,1991-05-28,148,CALIBRATION,SRC-HB-PHENO-EDI-51-16
CAL0405-HB-1991-SPRING-ACSA3-6T-HALF_EXPANSION,1991,SPRING,ACSA3,6T,HALF_EXPANSION,3.0,1991-05-13,133,1991-05-20,140,CALIBRATION,SRC-HB-PHENO-EDI-51-16
CAL0405-HB-1991-SPRING-ACSA3-7B-HALF_EXPANSION,1991,SPRING,ACSA3,7B,HALF_EXPANSION,3.0,1991-05-13,133,1991-05-20,140,CALIBRATION,SRC-HB-PHENO-EDI-51-16
CAL0405-HB-1991-SPRING-ACSA3-7T-HALF_EXPANSION,1991,SPRING,ACSA3,7T,HALF_EXPANSION,3.0,1991-05-20,140,1991-05-28,148,CALIBRATION,SRC-HB-PHENO-EDI-51-16
CAL0405-HB-1991-SPRING-BEAL2-1B-HALF_EXPANSION,1991,SPRING,BEAL2,1B,HALF_EXPANSION,3.0,1991-05-13,133,1991-05-20,140,CALIBRATION,SRC-HB-PHENO-EDI-51-16
CAL0405-HB-1991-SPRING-BEAL2-4B-HALF_EXPANSION,1991,SPRING,BEAL2,4B,HALF_EXPANSION,3.0,1991-05-07,127,1991-05-13,133,CALIBRATION,SRC-HB-PHENO-EDI-51-16
CAL0405-HB-1991-SPRING-BEAL2-4T-HALF_EXPANSION,1991,SPRING,BEAL2,4T,HALF_EXPANSION,3.0,1991-05-20,140,1991-05-28,148,CALIBRATION,SRC-HB-PHENO-EDI-51-16
CAL0405-HB-1991-SPRING-BEAL2-5B-HALF_EXPANSION,1991,SPRING,BEAL2,5B,HALF_EXPANSION,3.0,1991-05-20,140,1991-05-28,148,CALIBRATION,SRC-HB-PHENO-EDI-51-16
CAL0405-HB-1991-SPRING-BEAL2-5T-HALF_EXPANSION,1991,SPRING,BEAL2,5T,HALF_EXPANSION,3.0,1991-05-13,133,1991-05-20,140,CALIBRATION,SRC-HB-PHENO-EDI-51-16
CAL0405-HB-1991-SPRING-BEAL2-6T-HALF_EXPANSION,1991,SPRING,BEAL2,6T,HALF_EXPANSION,3.0,1991-05-13,133,1991-05-20,140,CALIBRATION,SRC-HB-PHENO-EDI-51-16
CAL0405-HB-1991-SPRING-BEAL2-7B-HALF_EXPANSION,1991,SPRING,BEAL2,7B,HALF_EXPANSION,3.0,1991-05-13,133,1991-05-20,140,CALIBRATION,SRC-HB-PHENO-EDI-51-16
CAL0405-HB-1991-SPRING-BEAL2-7T-HALF_EXPANSION,1991,SPRING,BEAL2,7T,HALF_EXPANSION,3.0,1991-05-20,140,1991-05-28,148,CALIBRATION,SRC-HB-PHENO-EDI-51-16
CAL0405-HB-1991-SPRING-FAGR-1B-HALF_EXPANSION,1991,SPRING,FAGR,1B,HALF_EXPANSION,3.0,1991-05-13,133,1991-05-20,140,CALIBRATION,SRC-HB-PHENO-EDI-51-16
CAL0405-HB-1991-SPRING-FAGR-4B-HALF_EXPANSION,1991,SPRING,FAGR,4B,HALF_EXPANSION,3.0,1991-05-07,127,1991-05-13,133,CALIBRATION,SRC-HB-PHENO-EDI-51-16
CAL0405-HB-1991-SPRING-FAGR-4T-HALF_EXPANSION,1991,SPRING,FAGR,4T,HALF_EXPANSION,3.0,1991-05-20,140,1991-05-28,148,CALIBRATION,SRC-HB-PHENO-EDI-51-16
CAL0405-HB-1991-SPRING-FAGR-5B-HALF_EXPANSION,1991,SPRING,FAGR,5B,HALF_EXPANSION,3.0,1991-05-20,140,1991-05-28,148,CALIBRATION,SRC-HB-PHENO-EDI-51-16
CAL0405-HB-1991-SPRING-FAGR-5T-HALF_EXPANSION,1991,SPRING,FAGR,5T,HALF_EXPANSION,3.0,1991-05-20,140,1991-05-28,148,CALIBRATION,SRC-HB-PHENO-EDI-51-16
CAL0405-HB-1991-SPRING-FAGR-6T-HALF_EXPANSION,1991,SPRING,FAGR,6T,HALF_EXPANSION,3.0,1991-05-13,133,1991-05-20,140,CALIBRATION,SRC-HB-PHENO-EDI-51-16
CAL0405-HB-1991-SPRING-FAGR-7B-HALF_EXPANSION,1991,SPRING,FAGR,7B,HALF_EXPANSION,3.0,1991-05-13,133,1991-05-20,140,CALIBRATION,SRC-HB-PHENO-EDI-51-16
CAL0405-HB-1991-SPRING-FAGR-7T-HALF_EXPANSION,1991,SPRING,FAGR,7T,HALF_EXPANSION,3.0,1991-05-20,140,1991-05-28,148,CALIBRATION,SRC-HB-PHENO-EDI-51-16
CAL0405-HB-1992-SPRING-ACSA3-1B-HALF_EXPANSION,1992,SPRING,ACSA3,1B,HALF_EXPANSION,3.0,1992-05-18,139,1992-05-26,147,CALIBRATION,SRC-HB-PHENO-EDI-51-16
CAL0405-HB-1992-SPRING-ACSA3-4B-HALF_EXPANSION,1992,SPRING,ACSA3,4B,HALF_EXPANSION,3.0,1992-05-18,139,1992-05-26,147,CALIBRATION,SRC-HB-PHENO-EDI-51-16
CAL0405-HB-1992-SPRING-ACSA3-4T-HALF_EXPANSION,1992,SPRING,ACSA3,4T,HALF_EXPANSION,3.0,1992-05-26,147,1992-06-02,154,CALIBRATION,SRC-HB-PHENO-EDI-51-16
CAL0405-HB-1992-SPRING-ACSA3-5B-HALF_EXPANSION,1992,SPRING,ACSA3,5B,HALF_EXPANSION,3.0,1992-05-18,139,1992-05-26,147,CALIBRATION,SRC-HB-PHENO-EDI-51-16
CAL0405-HB-1992-SPRING-ACSA3-5T-HALF_EXPANSION,1992,SPRING,ACSA3,5T,HALF_EXPANSION,3.0,1992-05-26,147,1992-06-02,154,CALIBRATION,SRC-HB-PHENO-EDI-51-16
CAL0405-HB-1992-SPRING-ACSA3-6T-HALF_EXPANSION,1992,SPRING,ACSA3,6T,HALF_EXPANSION,3.0,1992-05-26,147,1992-06-02,154,CALIBRATION,SRC-HB-PHENO-EDI-51-16
CAL0405-HB-1992-SPRING-ACSA3-7B-HALF_EXPANSION,1992,SPRING,ACSA3,7B,HALF_EXPANSION,3.0,1992-05-18,139,1992-05-26,147,CALIBRATION,SRC-HB-PHENO-EDI-51-16
CAL0405-HB-1992-SPRING-ACSA3-7T-HALF_EXPANSION,1992,SPRING,ACSA3,7T,HALF_EXPANSION,3.0,1992-05-18,139,1992-05-26,147,CALIBRATION,SRC-HB-PHENO-EDI-51-16
CAL0405-HB-1992-SPRING-BEAL2-1B-HALF_EXPANSION,1992,SPRING,BEAL2,1B,HALF_EXPANSION,3.0,1992-05-18,139,1992-05-26,147,CALIBRATION,SRC-HB-PHENO-EDI-51-16
CAL0405-HB-1992-SPRING-BEAL2-4B-HALF_EXPANSION,1992,SPRING,BEAL2,4B,HALF_EXPANSION,3.0,1992-05-18,139,1992-05-26,147,CALIBRATION,SRC-HB-PHENO-EDI-51-16
CAL0405-HB-1992-SPRING-BEAL2-4T-HALF_EXPANSION,1992,SPRING,BEAL2,4T,HALF_EXPANSION,3.0,1992-05-26,147,1992-06-02,154,CALIBRATION,SRC-HB-PHENO-EDI-51-16
CAL0405-HB-1992-SPRING-BEAL2-5B-HALF_EXPANSION,1992,SPRING,BEAL2,5B,HALF_EXPANSION,3.0,1992-05-18,139,1992-05-26,147,CALIBRATION,SRC-HB-PHENO-EDI-51-16
CAL0405-HB-1992-SPRING-BEAL2-5T-HALF_EXPANSION,1992,SPRING,BEAL2,5T,HALF_EXPANSION,3.0,1992-05-26,147,1992-06-02,154,CALIBRATION,SRC-HB-PHENO-EDI-51-16
CAL0405-HB-1992-SPRING-BEAL2-6T-HALF_EXPANSION,1992,SPRING,BEAL2,6T,HALF_EXPANSION,3.0,1992-05-26,147,1992-06-02,154,CALIBRATION,SRC-HB-PHENO-EDI-51-16
CAL0405-HB-1992-SPRING-BEAL2-7B-HALF_EXPANSION,1992,SPRING,BEAL2,7B,HALF_EXPANSION,3.0,1992-05-18,139,1992-05-26,147,CALIBRATION,SRC-HB-PHENO-EDI-51-16
CAL0405-HB-1992-SPRING-BEAL2-7T-HALF_EXPANSION,1992,SPRING,BEAL2,7T,HALF_EXPANSION,3.0,1992-05-18,139,1992-05-26,147,CALIBRATION,SRC-HB-PHENO-EDI-51-16
CAL0405-HB-1992-SPRING-FAGR-1B-HALF_EXPANSION,1992,SPRING,FAGR,1B,HALF_EXPANSION,3.0,1992-05-18,139,1992-05-26,147,CALIBRATION,SRC-HB-PHENO-EDI-51-16
CAL0405-HB-1992-SPRING-FAGR-4B-HALF_EXPANSION,1992,SPRING,FAGR,4B,HALF_EXPANSION,3.0,1992-05-18,139,1992-05-26,147,CALIBRATION,SRC-HB-PHENO-EDI-51-16
CAL0405-HB-1992-SPRING-FAGR-4T-HALF_EXPANSION,1992,SPRING,FAGR,4T,HALF_EXPANSION,3.0,1992-05-26,147,1992-06-02,154,CALIBRATION,SRC-HB-PHENO-EDI-51-16
CAL0405-HB-1992-SPRING-FAGR-5B-HALF_EXPANSION,1992,SPRING,FAGR,5B,HALF_EXPANSION,3.0,1992-05-18,139,1992-05-26,147,CALIBRATION,SRC-HB-PHENO-EDI-51-16
CAL0405-HB-1992-SPRING-FAGR-5T-HALF_EXPANSION,1992,SPRING,FAGR,5T,HALF_EXPANSION,3.0,1992-05-26,147,1992-06-02,154,CALIBRATION,SRC-HB-PHENO-EDI-51-16
CAL0405-HB-1992-SPRING-FAGR-6T-HALF_EXPANSION,1992,SPRING,FAGR,6T,HALF_EXPANSION,3.0,1992-05-26,147,1992-06-02,154,CALIBRATION,SRC-HB-PHENO-EDI-51-16
CAL0405-HB-1992-SPRING-FAGR-7B-HALF_EXPANSION,1992,SPRING,FAGR,7B,HALF_EXPANSION,3.0,1992-05-18,139,1992-05-26,147,CALIBRATION,SRC-HB-PHENO-EDI-51-16
CAL0405-HB-1992-SPRING-FAGR-7T-HALF_EXPANSION,1992,SPRING,FAGR,7T,HALF_EXPANSION,3.0,1992-05-18,139,1992-05-26,147,CALIBRATION,SRC-HB-PHENO-EDI-51-16
CAL0405-HB-1993-SPRING-ACSA3-1B-HALF_EXPANSION,1993,SPRING,ACSA3,1B,HALF_EXPANSION,3.0,1993-05-03,123,1993-05-10,130,CALIBRATION,SRC-HB-PHENO-EDI-51-16
CAL0405-HB-1993-SPRING-ACSA3-4B-HALF_EXPANSION,1993,SPRING,ACSA3,4B,HALF_EXPANSION,3.0,1993-05-03,123,1993-05-10,130,CALIBRATION,SRC-HB-PHENO-EDI-51-16
CAL0405-HB-1993-SPRING-ACSA3-4T-HALF_EXPANSION,1993,SPRING,ACSA3,4T,HALF_EXPANSION,3.0,1993-05-17,137,1993-05-24,144,CALIBRATION,SRC-HB-PHENO-EDI-51-16
CAL0405-HB-1993-SPRING-ACSA3-5B-HALF_EXPANSION,1993,SPRING,ACSA3,5B,HALF_EXPANSION,3.0,1993-05-10,130,1993-05-17,137,CALIBRATION,SRC-HB-PHENO-EDI-51-16
CAL0405-HB-1993-SPRING-ACSA3-5T-HALF_EXPANSION,1993,SPRING,ACSA3,5T,HALF_EXPANSION,3.0,1993-05-17,137,1993-05-24,144,CALIBRATION,SRC-HB-PHENO-EDI-51-16
CAL0405-HB-1993-SPRING-ACSA3-6T-HALF_EXPANSION,1993,SPRING,ACSA3,6T,HALF_EXPANSION,3.0,1993-05-10,130,1993-05-17,137,CALIBRATION,SRC-HB-PHENO-EDI-51-16
CAL0405-HB-1993-SPRING-ACSA3-7B-HALF_EXPANSION,1993,SPRING,ACSA3,7B,HALF_EXPANSION,3.0,1993-05-17,137,1993-05-24,144,CALIBRATION,SRC-HB-PHENO-EDI-51-16
CAL0405-HB-1993-SPRING-ACSA3-7T-HALF_EXPANSION,1993,SPRING,ACSA3,7T,HALF_EXPANSION,3.0,1993-06-02,153,1993-06-07,158,CALIBRATION,SRC-HB-PHENO-EDI-51-16
CAL0405-HB-1993-SPRING-ACSA3-HQ-HALF_EXPANSION,1993,SPRING,ACSA3,HQ,HALF_EXPANSION,3.0,1993-05-03,123,1993-05-10,130,CALIBRATION,SRC-HB-PHENO-EDI-51-16
CAL0405-HB-1993-SPRING-BEAL2-1B-HALF_EXPANSION,1993,SPRING,BEAL2,1B,HALF_EXPANSION,3.0,1993-05-10,130,1993-05-17,137,CALIBRATION,SRC-HB-PHENO-EDI-51-16
CAL0405-HB-1993-SPRING-BEAL2-4B-HALF_EXPANSION,1993,SPRING,BEAL2,4B,HALF_EXPANSION,3.0,1993-05-03,123,1993-05-10,130,CALIBRATION,SRC-HB-PHENO-EDI-51-16
CAL0405-HB-1993-SPRING-BEAL2-4T-HALF_EXPANSION,1993,SPRING,BEAL2,4T,HALF_EXPANSION,3.0,1993-05-17,137,1993-05-24,144,CALIBRATION,SRC-HB-PHENO-EDI-51-16
CAL0405-HB-1993-SPRING-BEAL2-5B-HALF_EXPANSION,1993,SPRING,BEAL2,5B,HALF_EXPANSION,3.0,1993-05-10,130,1993-05-17,137,CALIBRATION,SRC-HB-PHENO-EDI-51-16
CAL0405-HB-1993-SPRING-BEAL2-5T-HALF_EXPANSION,1993,SPRING,BEAL2,5T,HALF_EXPANSION,3.0,1993-05-17,137,1993-05-24,144,CALIBRATION,SRC-HB-PHENO-EDI-51-16
CAL0405-HB-1993-SPRING-BEAL2-6T-HALF_EXPANSION,1993,SPRING,BEAL2,6T,HALF_EXPANSION,3.0,1993-05-24,144,1993-06-07,158,CALIBRATION,SRC-HB-PHENO-EDI-51-16
CAL0405-HB-1993-SPRING-BEAL2-7B-HALF_EXPANSION,1993,SPRING,BEAL2,7B,HALF_EXPANSION,3.0,1993-05-17,137,1993-05-24,144,CALIBRATION,SRC-HB-PHENO-EDI-51-16
CAL0405-HB-1993-SPRING-BEAL2-7T-HALF_EXPANSION,1993,SPRING,BEAL2,7T,HALF_EXPANSION,3.0,1993-06-02,153,1993-06-07,158,CALIBRATION,SRC-HB-PHENO-EDI-51-16
CAL0405-HB-1993-SPRING-BEAL2-HQ-HALF_EXPANSION,1993,SPRING,BEAL2,HQ,HALF_EXPANSION,3.0,1993-05-03,123,1993-05-10,130,CALIBRATION,SRC-HB-PHENO-EDI-51-16
CAL0405-HB-1993-SPRING-FAGR-1B-HALF_EXPANSION,1993,SPRING,FAGR,1B,HALF_EXPANSION,3.0,1993-05-10,130,1993-05-17,137,CALIBRATION,SRC-HB-PHENO-EDI-51-16
CAL0405-HB-1993-SPRING-FAGR-4B-HALF_EXPANSION,1993,SPRING,FAGR,4B,HALF_EXPANSION,3.0,1993-05-10,130,1993-05-17,137,CALIBRATION,SRC-HB-PHENO-EDI-51-16
CAL0405-HB-1993-SPRING-FAGR-4T-HALF_EXPANSION,1993,SPRING,FAGR,4T,HALF_EXPANSION,3.0,1993-05-24,144,1993-06-07,158,CALIBRATION,SRC-HB-PHENO-EDI-51-16
CAL0405-HB-1993-SPRING-FAGR-5B-HALF_EXPANSION,1993,SPRING,FAGR,5B,HALF_EXPANSION,3.0,1993-05-10,130,1993-05-17,137,CALIBRATION,SRC-HB-PHENO-EDI-51-16
CAL0405-HB-1993-SPRING-FAGR-5T-HALF_EXPANSION,1993,SPRING,FAGR,5T,HALF_EXPANSION,3.0,1993-05-17,137,1993-05-24,144,CALIBRATION,SRC-HB-PHENO-EDI-51-16
CAL0405-HB-1993-SPRING-FAGR-6T-HALF_EXPANSION,1993,SPRING,FAGR,6T,HALF_EXPANSION,3.0,1993-05-24,144,1993-06-07,158,CALIBRATION,SRC-HB-PHENO-EDI-51-16
CAL0405-HB-1993-SPRING-FAGR-7B-HALF_EXPANSION,1993,SPRING,FAGR,7B,HALF_EXPANSION,3.0,1993-05-24,144,1993-06-02,153,CALIBRATION,SRC-HB-PHENO-EDI-51-16
CAL0405-HB-1993-SPRING-FAGR-7T-HALF_EXPANSION,1993,SPRING,FAGR,7T,HALF_EXPANSION,3.0,1993-06-02,153,1993-06-07,158,CALIBRATION,SRC-HB-PHENO-EDI-51-16
CAL0405-HB-1993-SPRING-FAGR-HQ-HALF_EXPANSION,1993,SPRING,FAGR,HQ,HALF_EXPANSION,3.0,1993-05-03,123,1993-05-10,130,CALIBRATION,SRC-HB-PHENO-EDI-51-16
CAL0405-HB-1994-SPRING-ACSA3-1B-HALF_EXPANSION,1994,SPRING,ACSA3,1B,HALF_EXPANSION,3.0,1994-05-17,137,1994-05-23,143,CALIBRATION,SRC-HB-PHENO-EDI-51-16
CAL0405-HB-1994-SPRING-ACSA3-4B-HALF_EXPANSION,1994,SPRING,ACSA3,4B,HALF_EXPANSION,3.0,1994-05-09,129,1994-05-23,143,CALIBRATION,SRC-HB-PHENO-EDI-51-16
CAL0405-HB-1994-SPRING-ACSA3-4T-HALF_EXPANSION,1994,SPRING,ACSA3,4T,HALF_EXPANSION,3.0,1994-05-23,143,1994-05-31,151,CALIBRATION,SRC-HB-PHENO-EDI-51-16
CAL0405-HB-1994-SPRING-ACSA3-5B-HALF_EXPANSION,1994,SPRING,ACSA3,5B,HALF_EXPANSION,3.0,1994-05-17,137,1994-05-23,143,CALIBRATION,SRC-HB-PHENO-EDI-51-16
CAL0405-HB-1994-SPRING-ACSA3-5T-HALF_EXPANSION,1994,SPRING,ACSA3,5T,HALF_EXPANSION,3.0,1994-05-23,143,1994-05-31,151,CALIBRATION,SRC-HB-PHENO-EDI-51-16
CAL0405-HB-1994-SPRING-ACSA3-6T-HALF_EXPANSION,1994,SPRING,ACSA3,6T,HALF_EXPANSION,3.0,1994-05-17,137,1994-05-23,143,CALIBRATION,SRC-HB-PHENO-EDI-51-16
CAL0405-HB-1994-SPRING-ACSA3-7B-HALF_EXPANSION,1994,SPRING,ACSA3,7B,HALF_EXPANSION,3.0,1994-05-17,137,1994-05-23,143,CALIBRATION,SRC-HB-PHENO-EDI-51-16
CAL0405-HB-1994-SPRING-ACSA3-7T-HALF_EXPANSION,1994,SPRING,ACSA3,7T,HALF_EXPANSION,3.0,1994-05-23,143,1994-05-31,151,CALIBRATION,SRC-HB-PHENO-EDI-51-16
CAL0405-HB-1994-SPRING-ACSA3-HQ-HALF_EXPANSION,1994,SPRING,ACSA3,HQ,HALF_EXPANSION,3.0,1994-05-17,137,1994-05-23,143,CALIBRATION,SRC-HB-PHENO-EDI-51-16
CAL0405-HB-1994-SPRING-BEAL2-1B-HALF_EXPANSION,1994,SPRING,BEAL2,1B,HALF_EXPANSION,3.0,1994-05-17,137,1994-05-23,143,CALIBRATION,SRC-HB-PHENO-EDI-51-16
CAL0405-HB-1994-SPRING-BEAL2-4B-HALF_EXPANSION,1994,SPRING,BEAL2,4B,HALF_EXPANSION,3.0,1994-05-09,129,1994-05-23,143,CALIBRATION,SRC-HB-PHENO-EDI-51-16
CAL0405-HB-1994-SPRING-BEAL2-4T-HALF_EXPANSION,1994,SPRING,BEAL2,4T,HALF_EXPANSION,3.0,1994-05-23,143,1994-05-31,151,CALIBRATION,SRC-HB-PHENO-EDI-51-16
CAL0405-HB-1994-SPRING-BEAL2-5B-HALF_EXPANSION,1994,SPRING,BEAL2,5B,HALF_EXPANSION,3.0,1994-05-17,137,1994-05-23,143,CALIBRATION,SRC-HB-PHENO-EDI-51-16
CAL0405-HB-1994-SPRING-BEAL2-5T-HALF_EXPANSION,1994,SPRING,BEAL2,5T,HALF_EXPANSION,3.0,1994-05-23,143,1994-05-31,151,CALIBRATION,SRC-HB-PHENO-EDI-51-16
CAL0405-HB-1994-SPRING-BEAL2-6T-HALF_EXPANSION,1994,SPRING,BEAL2,6T,HALF_EXPANSION,3.0,1994-05-31,151,1994-06-06,157,CALIBRATION,SRC-HB-PHENO-EDI-51-16
CAL0405-HB-1994-SPRING-BEAL2-7B-HALF_EXPANSION,1994,SPRING,BEAL2,7B,HALF_EXPANSION,3.0,1994-05-17,137,1994-05-23,143,CALIBRATION,SRC-HB-PHENO-EDI-51-16
CAL0405-HB-1994-SPRING-BEAL2-7T-HALF_EXPANSION,1994,SPRING,BEAL2,7T,HALF_EXPANSION,3.0,1994-05-23,143,1994-05-31,151,CALIBRATION,SRC-HB-PHENO-EDI-51-16
CAL0405-HB-1994-SPRING-BEAL2-HQ-HALF_EXPANSION,1994,SPRING,BEAL2,HQ,HALF_EXPANSION,3.0,1994-05-17,137,1994-05-23,143,CALIBRATION,SRC-HB-PHENO-EDI-51-16
CAL0405-HB-1994-SPRING-FAGR-1B-HALF_EXPANSION,1994,SPRING,FAGR,1B,HALF_EXPANSION,3.0,1994-05-17,137,1994-05-23,143,CALIBRATION,SRC-HB-PHENO-EDI-51-16
CAL0405-HB-1994-SPRING-FAGR-4B-HALF_EXPANSION,1994,SPRING,FAGR,4B,HALF_EXPANSION,3.0,1994-05-09,129,1994-05-23,143,CALIBRATION,SRC-HB-PHENO-EDI-51-16
CAL0405-HB-1994-SPRING-FAGR-4T-HALF_EXPANSION,1994,SPRING,FAGR,4T,HALF_EXPANSION,3.0,1994-05-23,143,1994-05-31,151,CALIBRATION,SRC-HB-PHENO-EDI-51-16
CAL0405-HB-1994-SPRING-FAGR-5B-HALF_EXPANSION,1994,SPRING,FAGR,5B,HALF_EXPANSION,3.0,1994-05-17,137,1994-05-23,143,CALIBRATION,SRC-HB-PHENO-EDI-51-16
CAL0405-HB-1994-SPRING-FAGR-5T-HALF_EXPANSION,1994,SPRING,FAGR,5T,HALF_EXPANSION,3.0,1994-05-23,143,1994-05-31,151,CALIBRATION,SRC-HB-PHENO-EDI-51-16
CAL0405-HB-1994-SPRING-FAGR-6T-HALF_EXPANSION,1994,SPRING,FAGR,6T,HALF_EXPANSION,3.0,1994-05-23,143,1994-05-31,151,CALIBRATION,SRC-HB-PHENO-EDI-51-16
CAL0405-HB-1994-SPRING-FAGR-7B-HALF_EXPANSION,1994,SPRING,FAGR,7B,HALF_EXPANSION,3.0,1994-05-17,137,1994-05-23,143,CALIBRATION,SRC-HB-PHENO-EDI-51-16
CAL0405-HB-1994-SPRING-FAGR-7T-HALF_EXPANSION,1994,SPRING,FAGR,7T,HALF_EXPANSION,3.0,1994-05-23,143,1994-05-31,151,CALIBRATION,SRC-HB-PHENO-EDI-51-16
CAL0405-HB-1994-SPRING-FAGR-HQ-HALF_EXPANSION,1994,SPRING,FAGR,HQ,HALF_EXPANSION,3.0,1994-05-17,137,1994-05-23,143,CALIBRATION,SRC-HB-PHENO-EDI-51-16
CAL0405-HB-1995-SPRING-ACSA3-1B-HALF_EXPANSION,1995,SPRING,ACSA3,1B,HALF_EXPANSION,3.0,1995-05-16,136,1995-05-22,142,CALIBRATION,SRC-HB-PHENO-EDI-51-16
CAL0405-HB-1995-SPRING-ACSA3-4B-HALF_EXPANSION,1995,SPRING,ACSA3,4B,HALF_EXPANSION,3.0,1995-05-16,136,1995-05-22,142,CALIBRATION,SRC-HB-PHENO-EDI-51-16
CAL0405-HB-1995-SPRING-ACSA3-4T-HALF_EXPANSION,1995,SPRING,ACSA3,4T,HALF_EXPANSION,3.0,1995-05-22,142,1995-05-30,150,CALIBRATION,SRC-HB-PHENO-EDI-51-16
CAL0405-HB-1995-SPRING-ACSA3-5B-HALF_EXPANSION,1995,SPRING,ACSA3,5B,HALF_EXPANSION,3.0,1995-05-16,136,1995-05-22,142,CALIBRATION,SRC-HB-PHENO-EDI-51-16
CAL0405-HB-1995-SPRING-ACSA3-5T-HALF_EXPANSION,1995,SPRING,ACSA3,5T,HALF_EXPANSION,3.0,1995-05-22,142,1995-05-30,150,CALIBRATION,SRC-HB-PHENO-EDI-51-16
CAL0405-HB-1995-SPRING-ACSA3-6T-HALF_EXPANSION,1995,SPRING,ACSA3,6T,HALF_EXPANSION,3.0,1995-05-30,150,1995-06-05,156,CALIBRATION,SRC-HB-PHENO-EDI-51-16
CAL0405-HB-1995-SPRING-ACSA3-7B-HALF_EXPANSION,1995,SPRING,ACSA3,7B,HALF_EXPANSION,3.0,1995-05-22,142,1995-05-30,150,CALIBRATION,SRC-HB-PHENO-EDI-51-16
CAL0405-HB-1995-SPRING-ACSA3-7T-HALF_EXPANSION,1995,SPRING,ACSA3,7T,HALF_EXPANSION,3.0,1995-05-30,150,1995-06-05,156,CALIBRATION,SRC-HB-PHENO-EDI-51-16
CAL0405-HB-1995-SPRING-ACSA3-HQ-HALF_EXPANSION,1995,SPRING,ACSA3,HQ,HALF_EXPANSION,3.0,1995-05-16,136,1995-05-22,142,CALIBRATION,SRC-HB-PHENO-EDI-51-16
CAL0405-HB-1995-SPRING-BEAL2-1B-HALF_EXPANSION,1995,SPRING,BEAL2,1B,HALF_EXPANSION,3.0,1995-05-22,142,1995-05-30,150,CALIBRATION,SRC-HB-PHENO-EDI-51-16
CAL0405-HB-1995-SPRING-BEAL2-4B-HALF_EXPANSION,1995,SPRING,BEAL2,4B,HALF_EXPANSION,3.0,1995-05-22,142,1995-05-30,150,CALIBRATION,SRC-HB-PHENO-EDI-51-16
CAL0405-HB-1995-SPRING-BEAL2-4T-HALF_EXPANSION,1995,SPRING,BEAL2,4T,HALF_EXPANSION,3.0,1995-05-22,142,1995-05-30,150,CALIBRATION,SRC-HB-PHENO-EDI-51-16
CAL0405-HB-1995-SPRING-BEAL2-5B-HALF_EXPANSION,1995,SPRING,BEAL2,5B,HALF_EXPANSION,3.0,1995-05-22,142,1995-05-30,150,CALIBRATION,SRC-HB-PHENO-EDI-51-16
CAL0405-HB-1995-SPRING-BEAL2-5T-HALF_EXPANSION,1995,SPRING,BEAL2,5T,HALF_EXPANSION,3.0,1995-05-22,142,1995-05-30,150,CALIBRATION,SRC-HB-PHENO-EDI-51-16
CAL0405-HB-1995-SPRING-BEAL2-6T-HALF_EXPANSION,1995,SPRING,BEAL2,6T,HALF_EXPANSION,3.0,1995-05-30,150,1995-06-05,156,CALIBRATION,SRC-HB-PHENO-EDI-51-16
CAL0405-HB-1995-SPRING-BEAL2-7B-HALF_EXPANSION,1995,SPRING,BEAL2,7B,HALF_EXPANSION,3.0,1995-05-22,142,1995-05-30,150,CALIBRATION,SRC-HB-PHENO-EDI-51-16
CAL0405-HB-1995-SPRING-BEAL2-7T-HALF_EXPANSION,1995,SPRING,BEAL2,7T,HALF_EXPANSION,3.0,1995-05-30,150,1995-06-05,156,CALIBRATION,SRC-HB-PHENO-EDI-51-16
CAL0405-HB-1995-SPRING-BEAL2-HQ-HALF_EXPANSION,1995,SPRING,BEAL2,HQ,HALF_EXPANSION,3.0,1995-05-16,136,1995-05-22,142,CALIBRATION,SRC-HB-PHENO-EDI-51-16
CAL0405-HB-1995-SPRING-FAGR-1B-HALF_EXPANSION,1995,SPRING,FAGR,1B,HALF_EXPANSION,3.0,1995-05-22,142,1995-05-30,150,CALIBRATION,SRC-HB-PHENO-EDI-51-16
CAL0405-HB-1995-SPRING-FAGR-4B-HALF_EXPANSION,1995,SPRING,FAGR,4B,HALF_EXPANSION,3.0,1995-05-22,142,1995-05-30,150,CALIBRATION,SRC-HB-PHENO-EDI-51-16
CAL0405-HB-1995-SPRING-FAGR-4T-HALF_EXPANSION,1995,SPRING,FAGR,4T,HALF_EXPANSION,3.0,1995-05-30,150,1995-06-05,156,CALIBRATION,SRC-HB-PHENO-EDI-51-16
CAL0405-HB-1995-SPRING-FAGR-5B-HALF_EXPANSION,1995,SPRING,FAGR,5B,HALF_EXPANSION,3.0,1995-05-22,142,1995-05-30,150,CALIBRATION,SRC-HB-PHENO-EDI-51-16
CAL0405-HB-1995-SPRING-FAGR-5T-HALF_EXPANSION,1995,SPRING,FAGR,5T,HALF_EXPANSION,3.0,1995-05-22,142,1995-05-30,150,CALIBRATION,SRC-HB-PHENO-EDI-51-16
CAL0405-HB-1995-SPRING-FAGR-6T-HALF_EXPANSION,1995,SPRING,FAGR,6T,HALF_EXPANSION,3.0,1995-05-30,150,1995-06-05,156,CALIBRATION,SRC-HB-PHENO-EDI-51-16
CAL0405-HB-1995-SPRING-FAGR-7B-HALF_EXPANSION,1995,SPRING,FAGR,7B,HALF_EXPANSION,3.0,1995-05-22,142,1995-05-30,150,CALIBRATION,SRC-HB-PHENO-EDI-51-16
CAL0405-HB-1995-SPRING-FAGR-7T-HALF_EXPANSION,1995,SPRING,FAGR,7T,HALF_EXPANSION,3.0,1995-05-30,150,1995-06-05,156,CALIBRATION,SRC-HB-PHENO-EDI-51-16
CAL0405-HB-1995-SPRING-FAGR-HQ-HALF_EXPANSION,1995,SPRING,FAGR,HQ,HALF_EXPANSION,3.0,1995-05-16,136,1995-05-22,142,CALIBRATION,SRC-HB-PHENO-EDI-51-16
CAL0405-HB-1996-SPRING-ACSA3-1B-HALF_EXPANSION,1996,SPRING,ACSA3,1B,HALF_EXPANSION,3.0,1996-05-20,141,1996-05-28,149,CALIBRATION,SRC-HB-PHENO-EDI-51-16
CAL0405-HB-1996-SPRING-ACSA3-4B-HALF_EXPANSION,1996,SPRING,ACSA3,4B,HALF_EXPANSION,3.0,1996-05-13,134,1996-05-20,141,CALIBRATION,SRC-HB-PHENO-EDI-51-16
CAL0405-HB-1996-SPRING-ACSA3-4T-HALF_EXPANSION,1996,SPRING,ACSA3,4T,HALF_EXPANSION,3.0,1996-05-28,149,1996-06-03,155,CALIBRATION,SRC-HB-PHENO-EDI-51-16
CAL0405-HB-1996-SPRING-ACSA3-5B-HALF_EXPANSION,1996,SPRING,ACSA3,5B,HALF_EXPANSION,3.0,1996-05-13,134,1996-05-20,141,CALIBRATION,SRC-HB-PHENO-EDI-51-16
CAL0405-HB-1996-SPRING-ACSA3-5T-HALF_EXPANSION,1996,SPRING,ACSA3,5T,HALF_EXPANSION,3.0,1996-05-28,149,1996-06-03,155,CALIBRATION,SRC-HB-PHENO-EDI-51-16
CAL0405-HB-1996-SPRING-ACSA3-6T-HALF_EXPANSION,1996,SPRING,ACSA3,6T,HALF_EXPANSION,3.0,1996-05-28,149,1996-06-03,155,CALIBRATION,SRC-HB-PHENO-EDI-51-16
CAL0405-HB-1996-SPRING-ACSA3-7B-HALF_EXPANSION,1996,SPRING,ACSA3,7B,HALF_EXPANSION,3.0,1996-05-20,141,1996-05-28,149,CALIBRATION,SRC-HB-PHENO-EDI-51-16
CAL0405-HB-1996-SPRING-ACSA3-7T-HALF_EXPANSION,1996,SPRING,ACSA3,7T,HALF_EXPANSION,3.0,1996-05-28,149,1996-06-03,155,CALIBRATION,SRC-HB-PHENO-EDI-51-16
CAL0405-HB-1996-SPRING-ACSA3-HQ-HALF_EXPANSION,1996,SPRING,ACSA3,HQ,HALF_EXPANSION,3.0,1996-05-13,134,1996-05-20,141,CALIBRATION,SRC-HB-PHENO-EDI-51-16
CAL0405-HB-1996-SPRING-BEAL2-1B-HALF_EXPANSION,1996,SPRING,BEAL2,1B,HALF_EXPANSION,3.0,1996-05-20,141,1996-05-28,149,CALIBRATION,SRC-HB-PHENO-EDI-51-16
CAL0405-HB-1996-SPRING-BEAL2-4B-HALF_EXPANSION,1996,SPRING,BEAL2,4B,HALF_EXPANSION,3.0,1996-05-20,141,1996-05-28,149,CALIBRATION,SRC-HB-PHENO-EDI-51-16
CAL0405-HB-1996-SPRING-BEAL2-4T-HALF_EXPANSION,1996,SPRING,BEAL2,4T,HALF_EXPANSION,3.0,1996-05-28,149,1996-06-03,155,CALIBRATION,SRC-HB-PHENO-EDI-51-16
CAL0405-HB-1996-SPRING-BEAL2-5B-HALF_EXPANSION,1996,SPRING,BEAL2,5B,HALF_EXPANSION,3.0,1996-05-20,141,1996-05-28,149,CALIBRATION,SRC-HB-PHENO-EDI-51-16
CAL0405-HB-1996-SPRING-BEAL2-5T-HALF_EXPANSION,1996,SPRING,BEAL2,5T,HALF_EXPANSION,3.0,1996-05-20,141,1996-05-28,149,CALIBRATION,SRC-HB-PHENO-EDI-51-16
CAL0405-HB-1996-SPRING-BEAL2-6T-HALF_EXPANSION,1996,SPRING,BEAL2,6T,HALF_EXPANSION,3.0,1996-05-28,149,1996-06-03,155,CALIBRATION,SRC-HB-PHENO-EDI-51-16
CAL0405-HB-1996-SPRING-BEAL2-7B-HALF_EXPANSION,1996,SPRING,BEAL2,7B,HALF_EXPANSION,3.0,1996-05-28,149,1996-06-03,155,CALIBRATION,SRC-HB-PHENO-EDI-51-16
CAL0405-HB-1996-SPRING-BEAL2-7T-HALF_EXPANSION,1996,SPRING,BEAL2,7T,HALF_EXPANSION,3.0,1996-05-28,149,1996-06-03,155,CALIBRATION,SRC-HB-PHENO-EDI-51-16
CAL0405-HB-1996-SPRING-BEAL2-HQ-HALF_EXPANSION,1996,SPRING,BEAL2,HQ,HALF_EXPANSION,3.0,1996-05-13,134,1996-05-20,141,CALIBRATION,SRC-HB-PHENO-EDI-51-16
CAL0405-HB-1996-SPRING-FAGR-1B-HALF_EXPANSION,1996,SPRING,FAGR,1B,HALF_EXPANSION,3.0,1996-05-20,141,1996-05-28,149,CALIBRATION,SRC-HB-PHENO-EDI-51-16
CAL0405-HB-1996-SPRING-FAGR-4B-HALF_EXPANSION,1996,SPRING,FAGR,4B,HALF_EXPANSION,3.0,1996-05-20,141,1996-05-28,149,CALIBRATION,SRC-HB-PHENO-EDI-51-16
CAL0405-HB-1996-SPRING-FAGR-4T-HALF_EXPANSION,1996,SPRING,FAGR,4T,HALF_EXPANSION,3.0,1996-05-28,149,1996-06-03,155,CALIBRATION,SRC-HB-PHENO-EDI-51-16
CAL0405-HB-1996-SPRING-FAGR-5B-HALF_EXPANSION,1996,SPRING,FAGR,5B,HALF_EXPANSION,3.0,1996-05-20,141,1996-05-28,149,CALIBRATION,SRC-HB-PHENO-EDI-51-16
CAL0405-HB-1996-SPRING-FAGR-5T-HALF_EXPANSION,1996,SPRING,FAGR,5T,HALF_EXPANSION,3.0,1996-05-28,149,1996-06-03,155,CALIBRATION,SRC-HB-PHENO-EDI-51-16
CAL0405-HB-1996-SPRING-FAGR-6T-HALF_EXPANSION,1996,SPRING,FAGR,6T,HALF_EXPANSION,3.0,1996-05-28,149,1996-06-03,155,CALIBRATION,SRC-HB-PHENO-EDI-51-16
CAL0405-HB-1996-SPRING-FAGR-7B-HALF_EXPANSION,1996,SPRING,FAGR,7B,HALF_EXPANSION,3.0,1996-05-20,141,1996-05-28,149,CALIBRATION,SRC-HB-PHENO-EDI-51-16
CAL0405-HB-1996-SPRING-FAGR-7T-HALF_EXPANSION,1996,SPRING,FAGR,7T,HALF_EXPANSION,3.0,1996-05-28,149,1996-06-03,155,CALIBRATION,SRC-HB-PHENO-EDI-51-16
CAL0405-HB-1996-SPRING-FAGR-HQ-HALF_EXPANSION,1996,SPRING,FAGR,HQ,HALF_EXPANSION,3.0,1996-05-13,134,1996-05-20,141,CALIBRATION,SRC-HB-PHENO-EDI-51-16
CAL0405-HB-1997-SPRING-ACSA3-1B-HALF_EXPANSION,1997,SPRING,ACSA3,1B,HALF_EXPANSION,3.0,1997-05-27,147,1997-06-02,153,CALIBRATION,SRC-HB-PHENO-EDI-51-16
CAL0405-HB-1997-SPRING-ACSA3-4B-HALF_EXPANSION,1997,SPRING,ACSA3,4B,HALF_EXPANSION,3.0,1997-05-20,140,1997-05-27,147,CALIBRATION,SRC-HB-PHENO-EDI-51-16
CAL0405-HB-1997-SPRING-ACSA3-4T-HALF_EXPANSION,1997,SPRING,ACSA3,4T,HALF_EXPANSION,3.0,1997-06-02,153,1997-06-09,160,CALIBRATION,SRC-HB-PHENO-EDI-51-16
CAL0405-HB-1997-SPRING-ACSA3-5B-HALF_EXPANSION,1997,SPRING,ACSA3,5B,HALF_EXPANSION,3.0,1997-05-27,147,1997-06-02,153,CALIBRATION,SRC-HB-PHENO-EDI-51-16
CAL0405-HB-1997-SPRING-ACSA3-5T-HALF_EXPANSION,1997,SPRING,ACSA3,5T,HALF_EXPANSION,3.0,1997-06-02,153,1997-06-09,160,CALIBRATION,SRC-HB-PHENO-EDI-51-16
CAL0405-HB-1997-SPRING-ACSA3-6T-HALF_EXPANSION,1997,SPRING,ACSA3,6T,HALF_EXPANSION,3.0,1997-06-02,153,1997-06-09,160,CALIBRATION,SRC-HB-PHENO-EDI-51-16
CAL0405-HB-1997-SPRING-ACSA3-7B-HALF_EXPANSION,1997,SPRING,ACSA3,7B,HALF_EXPANSION,3.0,1997-06-02,153,1997-06-09,160,CALIBRATION,SRC-HB-PHENO-EDI-51-16
CAL0405-HB-1997-SPRING-ACSA3-7T-HALF_EXPANSION,1997,SPRING,ACSA3,7T,HALF_EXPANSION,3.0,1997-06-02,153,1997-06-09,160,CALIBRATION,SRC-HB-PHENO-EDI-51-16
CAL0405-HB-1997-SPRING-ACSA3-HQ-HALF_EXPANSION,1997,SPRING,ACSA3,HQ,HALF_EXPANSION,3.0,1997-05-27,147,1997-06-02,153,CALIBRATION,SRC-HB-PHENO-EDI-51-16
CAL0405-HB-1997-SPRING-BEAL2-1B-HALF_EXPANSION,1997,SPRING,BEAL2,1B,HALF_EXPANSION,3.0,1997-05-27,147,1997-06-02,153,CALIBRATION,SRC-HB-PHENO-EDI-51-16
CAL0405-HB-1997-SPRING-BEAL2-4B-HALF_EXPANSION,1997,SPRING,BEAL2,4B,HALF_EXPANSION,3.0,1997-05-27,147,1997-06-02,153,CALIBRATION,SRC-HB-PHENO-EDI-51-16
CAL0405-HB-1997-SPRING-BEAL2-4T-HALF_EXPANSION,1997,SPRING,BEAL2,4T,HALF_EXPANSION,3.0,1997-06-02,153,1997-06-09,160,CALIBRATION,SRC-HB-PHENO-EDI-51-16
CAL0405-HB-1997-SPRING-BEAL2-5B-HALF_EXPANSION,1997,SPRING,BEAL2,5B,HALF_EXPANSION,3.0,1997-05-27,147,1997-06-02,153,CALIBRATION,SRC-HB-PHENO-EDI-51-16
CAL0405-HB-1997-SPRING-BEAL2-5T-HALF_EXPANSION,1997,SPRING,BEAL2,5T,HALF_EXPANSION,3.0,1997-06-02,153,1997-06-09,160,CALIBRATION,SRC-HB-PHENO-EDI-51-16
CAL0405-HB-1997-SPRING-BEAL2-6T-HALF_EXPANSION,1997,SPRING,BEAL2,6T,HALF_EXPANSION,3.0,1997-06-02,153,1997-06-09,160,CALIBRATION,SRC-HB-PHENO-EDI-51-16
CAL0405-HB-1997-SPRING-BEAL2-7B-HALF_EXPANSION,1997,SPRING,BEAL2,7B,HALF_EXPANSION,3.0,1997-06-02,153,1997-06-09,160,CALIBRATION,SRC-HB-PHENO-EDI-51-16
CAL0405-HB-1997-SPRING-BEAL2-7T-HALF_EXPANSION,1997,SPRING,BEAL2,7T,HALF_EXPANSION,3.0,1997-06-09,160,1997-06-16,167,CALIBRATION,SRC-HB-PHENO-EDI-51-16
CAL0405-HB-1997-SPRING-BEAL2-HQ-HALF_EXPANSION,1997,SPRING,BEAL2,HQ,HALF_EXPANSION,3.0,1997-05-27,147,1997-06-02,153,CALIBRATION,SRC-HB-PHENO-EDI-51-16
CAL0405-HB-1997-SPRING-FAGR-1B-HALF_EXPANSION,1997,SPRING,FAGR,1B,HALF_EXPANSION,3.0,1997-05-27,147,1997-06-02,153,CALIBRATION,SRC-HB-PHENO-EDI-51-16
CAL0405-HB-1997-SPRING-FAGR-4B-HALF_EXPANSION,1997,SPRING,FAGR,4B,HALF_EXPANSION,3.0,1997-05-27,147,1997-06-02,153,CALIBRATION,SRC-HB-PHENO-EDI-51-16
CAL0405-HB-1997-SPRING-FAGR-4T-HALF_EXPANSION,1997,SPRING,FAGR,4T,HALF_EXPANSION,3.0,1997-06-02,153,1997-06-09,160,CALIBRATION,SRC-HB-PHENO-EDI-51-16
CAL0405-HB-1997-SPRING-FAGR-5B-HALF_EXPANSION,1997,SPRING,FAGR,5B,HALF_EXPANSION,3.0,1997-05-27,147,1997-06-02,153,CALIBRATION,SRC-HB-PHENO-EDI-51-16
CAL0405-HB-1997-SPRING-FAGR-5T-HALF_EXPANSION,1997,SPRING,FAGR,5T,HALF_EXPANSION,3.0,1997-06-02,153,1997-06-09,160,CALIBRATION,SRC-HB-PHENO-EDI-51-16
CAL0405-HB-1997-SPRING-FAGR-6T-HALF_EXPANSION,1997,SPRING,FAGR,6T,HALF_EXPANSION,3.0,1997-06-02,153,1997-06-09,160,CALIBRATION,SRC-HB-PHENO-EDI-51-16
CAL0405-HB-1997-SPRING-FAGR-7B-HALF_EXPANSION,1997,SPRING,FAGR,7B,HALF_EXPANSION,3.0,1997-05-27,147,1997-06-02,153,CALIBRATION,SRC-HB-PHENO-EDI-51-16
CAL0405-HB-1997-SPRING-FAGR-7T-HALF_EXPANSION,1997,SPRING,FAGR,7T,HALF_EXPANSION,3.0,1997-06-02,153,1997-06-09,160,CALIBRATION,SRC-HB-PHENO-EDI-51-16
CAL0405-HB-1997-SPRING-FAGR-HQ-HALF_EXPANSION,1997,SPRING,FAGR,HQ,HALF_EXPANSION,3.0,1997-05-27,147,1997-06-02,153,CALIBRATION,SRC-HB-PHENO-EDI-51-16
CAL0405-HB-1998-SPRING-ACSA3-1B-HALF_EXPANSION,1998,SPRING,ACSA3,1B,HALF_EXPANSION,3.0,1998-04-27,117,1998-05-04,124,CALIBRATION,SRC-HB-PHENO-EDI-51-16
CAL0405-HB-1998-SPRING-ACSA3-4B-HALF_EXPANSION,1998,SPRING,ACSA3,4B,HALF_EXPANSION,3.0,1998-04-27,117,1998-05-04,124,CALIBRATION,SRC-HB-PHENO-EDI-51-16
CAL0405-HB-1998-SPRING-ACSA3-4T-HALF_EXPANSION,1998,SPRING,ACSA3,4T,HALF_EXPANSION,3.0,1998-05-11,131,1998-05-18,138,CALIBRATION,SRC-HB-PHENO-EDI-51-16
CAL0405-HB-1998-SPRING-ACSA3-5B-HALF_EXPANSION,1998,SPRING,ACSA3,5B,HALF_EXPANSION,3.0,1998-05-04,124,1998-05-11,131,CALIBRATION,SRC-HB-PHENO-EDI-51-16
CAL0405-HB-1998-SPRING-ACSA3-5T-HALF_EXPANSION,1998,SPRING,ACSA3,5T,HALF_EXPANSION,3.0,1998-05-11,131,1998-05-18,138,CALIBRATION,SRC-HB-PHENO-EDI-51-16
CAL0405-HB-1998-SPRING-ACSA3-6T-HALF_EXPANSION,1998,SPRING,ACSA3,6T,HALF_EXPANSION,3.0,1998-05-11,131,1998-05-18,138,CALIBRATION,SRC-HB-PHENO-EDI-51-16
CAL0405-HB-1998-SPRING-ACSA3-7B-HALF_EXPANSION,1998,SPRING,ACSA3,7B,HALF_EXPANSION,3.0,1998-05-04,124,1998-05-11,131,CALIBRATION,SRC-HB-PHENO-EDI-51-16
CAL0405-HB-1998-SPRING-ACSA3-7T-HALF_EXPANSION,1998,SPRING,ACSA3,7T,HALF_EXPANSION,3.0,1998-05-11,131,1998-05-18,138,CALIBRATION,SRC-HB-PHENO-EDI-51-16
CAL0405-HB-1998-SPRING-ACSA3-HQ-HALF_EXPANSION,1998,SPRING,ACSA3,HQ,HALF_EXPANSION,3.0,1998-05-04,124,1998-05-11,131,CALIBRATION,SRC-HB-PHENO-EDI-51-16
CAL0405-HB-1998-SPRING-BEAL2-1B-HALF_EXPANSION,1998,SPRING,BEAL2,1B,HALF_EXPANSION,3.0,1998-05-04,124,1998-05-11,131,CALIBRATION,SRC-HB-PHENO-EDI-51-16
CAL0405-HB-1998-SPRING-BEAL2-4B-HALF_EXPANSION,1998,SPRING,BEAL2,4B,HALF_EXPANSION,3.0,1998-05-04,124,1998-05-11,131,CALIBRATION,SRC-HB-PHENO-EDI-51-16
CAL0405-HB-1998-SPRING-BEAL2-4T-HALF_EXPANSION,1998,SPRING,BEAL2,4T,HALF_EXPANSION,3.0,1998-05-11,131,1998-05-18,138,CALIBRATION,SRC-HB-PHENO-EDI-51-16
CAL0405-HB-1998-SPRING-BEAL2-5B-HALF_EXPANSION,1998,SPRING,BEAL2,5B,HALF_EXPANSION,3.0,1998-05-04,124,1998-05-11,131,CALIBRATION,SRC-HB-PHENO-EDI-51-16
CAL0405-HB-1998-SPRING-BEAL2-5T-HALF_EXPANSION,1998,SPRING,BEAL2,5T,HALF_EXPANSION,3.0,1998-05-11,131,1998-05-18,138,CALIBRATION,SRC-HB-PHENO-EDI-51-16
CAL0405-HB-1998-SPRING-BEAL2-6T-HALF_EXPANSION,1998,SPRING,BEAL2,6T,HALF_EXPANSION,3.0,1998-05-11,131,1998-05-18,138,CALIBRATION,SRC-HB-PHENO-EDI-51-16
CAL0405-HB-1998-SPRING-BEAL2-7B-HALF_EXPANSION,1998,SPRING,BEAL2,7B,HALF_EXPANSION,3.0,1998-05-04,124,1998-05-11,131,CALIBRATION,SRC-HB-PHENO-EDI-51-16
CAL0405-HB-1998-SPRING-BEAL2-7T-HALF_EXPANSION,1998,SPRING,BEAL2,7T,HALF_EXPANSION,3.0,1998-05-18,138,1998-05-27,147,CALIBRATION,SRC-HB-PHENO-EDI-51-16
CAL0405-HB-1998-SPRING-BEAL2-HQ-HALF_EXPANSION,1998,SPRING,BEAL2,HQ,HALF_EXPANSION,3.0,1998-05-04,124,1998-05-11,131,CALIBRATION,SRC-HB-PHENO-EDI-51-16
CAL0405-HB-1998-SPRING-FAGR-1B-HALF_EXPANSION,1998,SPRING,FAGR,1B,HALF_EXPANSION,3.0,1998-05-04,124,1998-05-11,131,CALIBRATION,SRC-HB-PHENO-EDI-51-16
CAL0405-HB-1998-SPRING-FAGR-4B-HALF_EXPANSION,1998,SPRING,FAGR,4B,HALF_EXPANSION,3.0,1998-05-04,124,1998-05-11,131,CALIBRATION,SRC-HB-PHENO-EDI-51-16
CAL0405-HB-1998-SPRING-FAGR-4T-HALF_EXPANSION,1998,SPRING,FAGR,4T,HALF_EXPANSION,3.0,1998-05-11,131,1998-05-18,138,CALIBRATION,SRC-HB-PHENO-EDI-51-16
CAL0405-HB-1998-SPRING-FAGR-5B-HALF_EXPANSION,1998,SPRING,FAGR,5B,HALF_EXPANSION,3.0,1998-05-04,124,1998-05-11,131,CALIBRATION,SRC-HB-PHENO-EDI-51-16
CAL0405-HB-1998-SPRING-FAGR-5T-HALF_EXPANSION,1998,SPRING,FAGR,5T,HALF_EXPANSION,3.0,1998-05-11,131,1998-05-18,138,CALIBRATION,SRC-HB-PHENO-EDI-51-16
CAL0405-HB-1998-SPRING-FAGR-6T-HALF_EXPANSION,1998,SPRING,FAGR,6T,HALF_EXPANSION,3.0,1998-05-11,131,1998-05-18,138,CALIBRATION,SRC-HB-PHENO-EDI-51-16
CAL0405-HB-1998-SPRING-FAGR-7B-HALF_EXPANSION,1998,SPRING,FAGR,7B,HALF_EXPANSION,3.0,1998-05-04,124,1998-05-11,131,CALIBRATION,SRC-HB-PHENO-EDI-51-16
CAL0405-HB-1998-SPRING-FAGR-7T-HALF_EXPANSION,1998,SPRING,FAGR,7T,HALF_EXPANSION,3.0,1998-05-11,131,1998-05-18,138,CALIBRATION,SRC-HB-PHENO-EDI-51-16
CAL0405-HB-1998-SPRING-FAGR-HQ-HALF_EXPANSION,1998,SPRING,FAGR,HQ,HALF_EXPANSION,3.0,1998-05-04,124,1998-05-11,131,CALIBRATION,SRC-HB-PHENO-EDI-51-16
CAL0405-HB-1999-SPRING-ACSA3-1B-HALF_EXPANSION,1999,SPRING,ACSA3,1B,HALF_EXPANSION,3.0,1999-05-10,130,1999-05-17,137,CALIBRATION,SRC-HB-PHENO-EDI-51-16
CAL0405-HB-1999-SPRING-ACSA3-4B-HALF_EXPANSION,1999,SPRING,ACSA3,4B,HALF_EXPANSION,3.0,1999-05-03,123,1999-05-10,130,CALIBRATION,SRC-HB-PHENO-EDI-51-16
CAL0405-HB-1999-SPRING-ACSA3-4T-HALF_EXPANSION,1999,SPRING,ACSA3,4T,HALF_EXPANSION,3.0,1999-05-17,137,1999-05-25,145,CALIBRATION,SRC-HB-PHENO-EDI-51-16
CAL0405-HB-1999-SPRING-ACSA3-5B-HALF_EXPANSION,1999,SPRING,ACSA3,5B,HALF_EXPANSION,3.0,1999-05-03,123,1999-05-10,130,CALIBRATION,SRC-HB-PHENO-EDI-51-16
CAL0405-HB-1999-SPRING-ACSA3-5T-HALF_EXPANSION,1999,SPRING,ACSA3,5T,HALF_EXPANSION,3.0,1999-05-17,137,1999-05-25,145,CALIBRATION,SRC-HB-PHENO-EDI-51-16
CAL0405-HB-1999-SPRING-ACSA3-6T-HALF_EXPANSION,1999,SPRING,ACSA3,6T,HALF_EXPANSION,3.0,1999-05-10,130,1999-05-17,137,CALIBRATION,SRC-HB-PHENO-EDI-51-16
CAL0405-HB-1999-SPRING-ACSA3-7B-HALF_EXPANSION,1999,SPRING,ACSA3,7B,HALF_EXPANSION,3.0,1999-05-10,130,1999-05-17,137,CALIBRATION,SRC-HB-PHENO-EDI-51-16
CAL0405-HB-1999-SPRING-ACSA3-7T-HALF_EXPANSION,1999,SPRING,ACSA3,7T,HALF_EXPANSION,3.0,1999-05-17,137,1999-05-25,145,CALIBRATION,SRC-HB-PHENO-EDI-51-16
CAL0405-HB-1999-SPRING-ACSA3-HQ-HALF_EXPANSION,1999,SPRING,ACSA3,HQ,HALF_EXPANSION,3.0,1999-05-03,123,1999-05-10,130,CALIBRATION,SRC-HB-PHENO-EDI-51-16
CAL0405-HB-1999-SPRING-BEAL2-1B-HALF_EXPANSION,1999,SPRING,BEAL2,1B,HALF_EXPANSION,3.0,1999-05-10,130,1999-05-17,137,CALIBRATION,SRC-HB-PHENO-EDI-51-16
CAL0405-HB-1999-SPRING-BEAL2-4B-HALF_EXPANSION,1999,SPRING,BEAL2,4B,HALF_EXPANSION,3.0,1999-05-10,130,1999-05-17,137,CALIBRATION,SRC-HB-PHENO-EDI-51-16
CAL0405-HB-1999-SPRING-BEAL2-4T-HALF_EXPANSION,1999,SPRING,BEAL2,4T,HALF_EXPANSION,3.0,1999-05-17,137,1999-05-25,145,CALIBRATION,SRC-HB-PHENO-EDI-51-16
CAL0405-HB-1999-SPRING-BEAL2-5B-HALF_EXPANSION,1999,SPRING,BEAL2,5B,HALF_EXPANSION,3.0,1999-05-10,130,1999-05-17,137,CALIBRATION,SRC-HB-PHENO-EDI-51-16
CAL0405-HB-1999-SPRING-BEAL2-5T-HALF_EXPANSION,1999,SPRING,BEAL2,5T,HALF_EXPANSION,3.0,1999-05-17,137,1999-05-25,145,CALIBRATION,SRC-HB-PHENO-EDI-51-16
CAL0405-HB-1999-SPRING-BEAL2-6T-HALF_EXPANSION,1999,SPRING,BEAL2,6T,HALF_EXPANSION,3.0,1999-05-17,137,1999-05-25,145,CALIBRATION,SRC-HB-PHENO-EDI-51-16
CAL0405-HB-1999-SPRING-BEAL2-7B-HALF_EXPANSION,1999,SPRING,BEAL2,7B,HALF_EXPANSION,3.0,1999-05-10,130,1999-05-17,137,CALIBRATION,SRC-HB-PHENO-EDI-51-16
CAL0405-HB-1999-SPRING-BEAL2-7T-HALF_EXPANSION,1999,SPRING,BEAL2,7T,HALF_EXPANSION,3.0,1999-05-17,137,1999-05-25,145,CALIBRATION,SRC-HB-PHENO-EDI-51-16
CAL0405-HB-1999-SPRING-BEAL2-HQ-HALF_EXPANSION,1999,SPRING,BEAL2,HQ,HALF_EXPANSION,3.0,1999-05-03,123,1999-05-10,130,CALIBRATION,SRC-HB-PHENO-EDI-51-16
CAL0405-HB-1999-SPRING-FAGR-1B-HALF_EXPANSION,1999,SPRING,FAGR,1B,HALF_EXPANSION,3.0,1999-05-10,130,1999-05-17,137,CALIBRATION,SRC-HB-PHENO-EDI-51-16
CAL0405-HB-1999-SPRING-FAGR-4B-HALF_EXPANSION,1999,SPRING,FAGR,4B,HALF_EXPANSION,3.0,1999-05-10,130,1999-05-17,137,CALIBRATION,SRC-HB-PHENO-EDI-51-16
CAL0405-HB-1999-SPRING-FAGR-4T-HALF_EXPANSION,1999,SPRING,FAGR,4T,HALF_EXPANSION,3.0,1999-05-17,137,1999-05-25,145,CALIBRATION,SRC-HB-PHENO-EDI-51-16
CAL0405-HB-1999-SPRING-FAGR-5B-HALF_EXPANSION,1999,SPRING,FAGR,5B,HALF_EXPANSION,3.0,1999-05-10,130,1999-05-17,137,CALIBRATION,SRC-HB-PHENO-EDI-51-16
CAL0405-HB-1999-SPRING-FAGR-5T-HALF_EXPANSION,1999,SPRING,FAGR,5T,HALF_EXPANSION,3.0,1999-05-17,137,1999-05-25,145,CALIBRATION,SRC-HB-PHENO-EDI-51-16
CAL0405-HB-1999-SPRING-FAGR-6T-HALF_EXPANSION,1999,SPRING,FAGR,6T,HALF_EXPANSION,3.0,1999-05-10,130,1999-05-17,137,CALIBRATION,SRC-HB-PHENO-EDI-51-16
CAL0405-HB-1999-SPRING-FAGR-7B-HALF_EXPANSION,1999,SPRING,FAGR,7B,HALF_EXPANSION,3.0,1999-05-10,130,1999-05-17,137,CALIBRATION,SRC-HB-PHENO-EDI-51-16
CAL0405-HB-1999-SPRING-FAGR-7T-HALF_EXPANSION,1999,SPRING,FAGR,7T,HALF_EXPANSION,3.0,1999-05-17,137,1999-05-25,145,CALIBRATION,SRC-HB-PHENO-EDI-51-16
CAL0405-HB-1999-SPRING-FAGR-HQ-HALF_EXPANSION,1999,SPRING,FAGR,HQ,HALF_EXPANSION,3.0,1999-05-03,123,1999-05-10,130,CALIBRATION,SRC-HB-PHENO-EDI-51-16
CAL0405-HB-2000-SPRING-ACSA3-1B-HALF_EXPANSION,2000,SPRING,ACSA3,1B,HALF_EXPANSION,3.0,2000-05-08,129,2000-05-15,136,CALIBRATION,SRC-HB-PHENO-EDI-51-16
CAL0405-HB-2000-SPRING-ACSA3-4B-HALF_EXPANSION,2000,SPRING,ACSA3,4B,HALF_EXPANSION,3.0,2000-05-03,124,2000-05-08,129,CALIBRATION,SRC-HB-PHENO-EDI-51-16
CAL0405-HB-2000-SPRING-ACSA3-4T-HALF_EXPANSION,2000,SPRING,ACSA3,4T,HALF_EXPANSION,3.0,2000-05-22,143,2000-05-30,151,CALIBRATION,SRC-HB-PHENO-EDI-51-16
CAL0405-HB-2000-SPRING-ACSA3-5B-HALF_EXPANSION,2000,SPRING,ACSA3,5B,HALF_EXPANSION,3.0,2000-05-15,136,2000-05-22,143,CALIBRATION,SRC-HB-PHENO-EDI-51-16
CAL0405-HB-2000-SPRING-ACSA3-5T-HALF_EXPANSION,2000,SPRING,ACSA3,5T,HALF_EXPANSION,3.0,2000-05-22,143,2000-05-30,151,CALIBRATION,SRC-HB-PHENO-EDI-51-16
CAL0405-HB-2000-SPRING-ACSA3-6T-HALF_EXPANSION,2000,SPRING,ACSA3,6T,HALF_EXPANSION,3.0,2000-05-22,143,2000-05-30,151,CALIBRATION,SRC-HB-PHENO-EDI-51-16
CAL0405-HB-2000-SPRING-ACSA3-7B-HALF_EXPANSION,2000,SPRING,ACSA3,7B,HALF_EXPANSION,3.0,2000-05-15,136,2000-05-22,143,CALIBRATION,SRC-HB-PHENO-EDI-51-16
CAL0405-HB-2000-SPRING-ACSA3-7T-HALF_EXPANSION,2000,SPRING,ACSA3,7T,HALF_EXPANSION,3.0,2000-05-22,143,2000-05-30,151,CALIBRATION,SRC-HB-PHENO-EDI-51-16
CAL0405-HB-2000-SPRING-ACSA3-HQ-HALF_EXPANSION,2000,SPRING,ACSA3,HQ,HALF_EXPANSION,3.0,2000-05-03,124,2000-05-08,129,CALIBRATION,SRC-HB-PHENO-EDI-51-16
CAL0405-HB-2000-SPRING-BEAL2-1B-HALF_EXPANSION,2000,SPRING,BEAL2,1B,HALF_EXPANSION,3.0,2000-05-15,136,2000-05-22,143,CALIBRATION,SRC-HB-PHENO-EDI-51-16
CAL0405-HB-2000-SPRING-BEAL2-4B-HALF_EXPANSION,2000,SPRING,BEAL2,4B,HALF_EXPANSION,3.0,2000-05-08,129,2000-05-15,136,CALIBRATION,SRC-HB-PHENO-EDI-51-16
CAL0405-HB-2000-SPRING-BEAL2-4T-HALF_EXPANSION,2000,SPRING,BEAL2,4T,HALF_EXPANSION,3.0,2000-05-22,143,2000-05-30,151,CALIBRATION,SRC-HB-PHENO-EDI-51-16
CAL0405-HB-2000-SPRING-BEAL2-5B-HALF_EXPANSION,2000,SPRING,BEAL2,5B,HALF_EXPANSION,3.0,2000-05-15,136,2000-05-22,143,CALIBRATION,SRC-HB-PHENO-EDI-51-16
CAL0405-HB-2000-SPRING-BEAL2-5T-HALF_EXPANSION,2000,SPRING,BEAL2,5T,HALF_EXPANSION,3.0,2000-05-22,143,2000-05-30,151,CALIBRATION,SRC-HB-PHENO-EDI-51-16
CAL0405-HB-2000-SPRING-BEAL2-6T-HALF_EXPANSION,2000,SPRING,BEAL2,6T,HALF_EXPANSION,3.0,2000-05-30,151,2000-06-05,157,CALIBRATION,SRC-HB-PHENO-EDI-51-16
CAL0405-HB-2000-SPRING-BEAL2-7B-HALF_EXPANSION,2000,SPRING,BEAL2,7B,HALF_EXPANSION,3.0,2000-05-15,136,2000-05-22,143,CALIBRATION,SRC-HB-PHENO-EDI-51-16
CAL0405-HB-2000-SPRING-BEAL2-7T-HALF_EXPANSION,2000,SPRING,BEAL2,7T,HALF_EXPANSION,3.0,2000-05-30,151,2000-06-05,157,CALIBRATION,SRC-HB-PHENO-EDI-51-16
CAL0405-HB-2000-SPRING-BEAL2-HQ-HALF_EXPANSION,2000,SPRING,BEAL2,HQ,HALF_EXPANSION,3.0,2000-05-08,129,2000-05-15,136,CALIBRATION,SRC-HB-PHENO-EDI-51-16
CAL0405-HB-2000-SPRING-FAGR-1B-HALF_EXPANSION,2000,SPRING,FAGR,1B,HALF_EXPANSION,3.0,2000-05-08,129,2000-05-15,136,CALIBRATION,SRC-HB-PHENO-EDI-51-16
CAL0405-HB-2000-SPRING-FAGR-4B-HALF_EXPANSION,2000,SPRING,FAGR,4B,HALF_EXPANSION,3.0,2000-05-15,136,2000-05-22,143,CALIBRATION,SRC-HB-PHENO-EDI-51-16
CAL0405-HB-2000-SPRING-FAGR-4T-HALF_EXPANSION,2000,SPRING,FAGR,4T,HALF_EXPANSION,3.0,2000-05-22,143,2000-05-30,151,CALIBRATION,SRC-HB-PHENO-EDI-51-16
CAL0405-HB-2000-SPRING-FAGR-5B-HALF_EXPANSION,2000,SPRING,FAGR,5B,HALF_EXPANSION,3.0,2000-05-15,136,2000-05-22,143,CALIBRATION,SRC-HB-PHENO-EDI-51-16
CAL0405-HB-2000-SPRING-FAGR-5T-HALF_EXPANSION,2000,SPRING,FAGR,5T,HALF_EXPANSION,3.0,2000-05-22,143,2000-05-30,151,CALIBRATION,SRC-HB-PHENO-EDI-51-16
CAL0405-HB-2000-SPRING-FAGR-6T-HALF_EXPANSION,2000,SPRING,FAGR,6T,HALF_EXPANSION,3.0,2000-05-22,143,2000-05-30,151,CALIBRATION,SRC-HB-PHENO-EDI-51-16
CAL0405-HB-2000-SPRING-FAGR-7B-HALF_EXPANSION,2000,SPRING,FAGR,7B,HALF_EXPANSION,3.0,2000-05-15,136,2000-05-22,143,CALIBRATION,SRC-HB-PHENO-EDI-51-16
CAL0405-HB-2000-SPRING-FAGR-7T-HALF_EXPANSION,2000,SPRING,FAGR,7T,HALF_EXPANSION,3.0,2000-05-30,151,2000-06-05,157,CALIBRATION,SRC-HB-PHENO-EDI-51-16
CAL0405-HB-2000-SPRING-FAGR-HQ-HALF_EXPANSION,2000,SPRING,FAGR,HQ,HALF_EXPANSION,3.0,2000-05-08,129,2000-05-15,136,CALIBRATION,SRC-HB-PHENO-EDI-51-16
CAL0405-HB-2001-SPRING-ACSA3-4T-HALF_EXPANSION,2001,SPRING,ACSA3,4T,HALF_EXPANSION,3.0,2001-05-14,134,2001-05-21,141,CALIBRATION,SRC-HB-PHENO-EDI-51-16
CAL0405-HB-2001-SPRING-ACSA3-5B-HALF_EXPANSION,2001,SPRING,ACSA3,5B,HALF_EXPANSION,3.0,2001-05-08,128,2001-05-14,134,CALIBRATION,SRC-HB-PHENO-EDI-51-16
CAL0405-HB-2001-SPRING-ACSA3-5T-HALF_EXPANSION,2001,SPRING,ACSA3,5T,HALF_EXPANSION,3.0,2001-05-21,141,2001-05-29,149,CALIBRATION,SRC-HB-PHENO-EDI-51-16
CAL0405-HB-2001-SPRING-ACSA3-6T-HALF_EXPANSION,2001,SPRING,ACSA3,6T,HALF_EXPANSION,3.0,2001-05-14,134,2001-05-21,141,CALIBRATION,SRC-HB-PHENO-EDI-51-16
CAL0405-HB-2001-SPRING-ACSA3-7B-HALF_EXPANSION,2001,SPRING,ACSA3,7B,HALF_EXPANSION,3.0,2001-05-08,128,2001-05-14,134,CALIBRATION,SRC-HB-PHENO-EDI-51-16
CAL0405-HB-2001-SPRING-ACSA3-7T-HALF_EXPANSION,2001,SPRING,ACSA3,7T,HALF_EXPANSION,3.0,2001-05-14,134,2001-05-21,141,CALIBRATION,SRC-HB-PHENO-EDI-51-16
CAL0405-HB-2001-SPRING-BEAL2-1B-HALF_EXPANSION,2001,SPRING,BEAL2,1B,HALF_EXPANSION,3.0,2001-05-08,128,2001-05-14,134,CALIBRATION,SRC-HB-PHENO-EDI-51-16
CAL0405-HB-2001-SPRING-BEAL2-4B-HALF_EXPANSION,2001,SPRING,BEAL2,4B,HALF_EXPANSION,3.0,2001-05-08,128,2001-05-14,134,CALIBRATION,SRC-HB-PHENO-EDI-51-16
CAL0405-HB-2001-SPRING-BEAL2-4T-HALF_EXPANSION,2001,SPRING,BEAL2,4T,HALF_EXPANSION,3.0,2001-05-08,128,2001-05-14,134,CALIBRATION,SRC-HB-PHENO-EDI-51-16
CAL0405-HB-2001-SPRING-BEAL2-5B-HALF_EXPANSION,2001,SPRING,BEAL2,5B,HALF_EXPANSION,3.0,2001-05-08,128,2001-05-14,134,CALIBRATION,SRC-HB-PHENO-EDI-51-16
CAL0405-HB-2001-SPRING-BEAL2-5T-HALF_EXPANSION,2001,SPRING,BEAL2,5T,HALF_EXPANSION,3.0,2001-05-21,141,2001-05-29,149,CALIBRATION,SRC-HB-PHENO-EDI-51-16
CAL0405-HB-2001-SPRING-BEAL2-6T-HALF_EXPANSION,2001,SPRING,BEAL2,6T,HALF_EXPANSION,3.0,2001-05-14,134,2001-05-21,141,CALIBRATION,SRC-HB-PHENO-EDI-51-16
CAL0405-HB-2001-SPRING-BEAL2-7B-HALF_EXPANSION,2001,SPRING,BEAL2,7B,HALF_EXPANSION,3.0,2001-05-08,128,2001-05-14,134,CALIBRATION,SRC-HB-PHENO-EDI-51-16
CAL0405-HB-2001-SPRING-BEAL2-7T-HALF_EXPANSION,2001,SPRING,BEAL2,7T,HALF_EXPANSION,3.0,2001-05-21,141,2001-05-29,149,CALIBRATION,SRC-HB-PHENO-EDI-51-16
CAL0405-HB-2001-SPRING-FAGR-1B-HALF_EXPANSION,2001,SPRING,FAGR,1B,HALF_EXPANSION,3.0,2001-05-08,128,2001-05-14,134,CALIBRATION,SRC-HB-PHENO-EDI-51-16
CAL0405-HB-2001-SPRING-FAGR-4T-HALF_EXPANSION,2001,SPRING,FAGR,4T,HALF_EXPANSION,3.0,2001-05-14,134,2001-05-21,141,CALIBRATION,SRC-HB-PHENO-EDI-51-16
CAL0405-HB-2001-SPRING-FAGR-5B-HALF_EXPANSION,2001,SPRING,FAGR,5B,HALF_EXPANSION,3.0,2001-05-08,128,2001-05-14,134,CALIBRATION,SRC-HB-PHENO-EDI-51-16
CAL0405-HB-2001-SPRING-FAGR-5T-HALF_EXPANSION,2001,SPRING,FAGR,5T,HALF_EXPANSION,3.0,2001-05-14,134,2001-05-21,141,CALIBRATION,SRC-HB-PHENO-EDI-51-16
CAL0405-HB-2001-SPRING-FAGR-6T-HALF_EXPANSION,2001,SPRING,FAGR,6T,HALF_EXPANSION,3.0,2001-05-14,134,2001-05-21,141,CALIBRATION,SRC-HB-PHENO-EDI-51-16
CAL0405-HB-2001-SPRING-FAGR-7B-HALF_EXPANSION,2001,SPRING,FAGR,7B,HALF_EXPANSION,3.0,2001-05-08,128,2001-05-14,134,CALIBRATION,SRC-HB-PHENO-EDI-51-16
CAL0405-HB-2001-SPRING-FAGR-7T-HALF_EXPANSION,2001,SPRING,FAGR,7T,HALF_EXPANSION,3.0,2001-05-29,149,2001-06-04,155,CALIBRATION,SRC-HB-PHENO-EDI-51-16
CAL0405-HB-2002-SPRING-ACSA3-1B-HALF_EXPANSION,2002,SPRING,ACSA3,1B,HALF_EXPANSION,3.0,2002-05-20,140,2002-05-28,148,CALIBRATION,SRC-HB-PHENO-EDI-51-16
CAL0405-HB-2002-SPRING-ACSA3-4B-HALF_EXPANSION,2002,SPRING,ACSA3,4B,HALF_EXPANSION,3.0,2002-05-14,134,2002-05-20,140,CALIBRATION,SRC-HB-PHENO-EDI-51-16
CAL0405-HB-2002-SPRING-ACSA3-4T-HALF_EXPANSION,2002,SPRING,ACSA3,4T,HALF_EXPANSION,3.0,2002-05-20,140,2002-05-28,148,CALIBRATION,SRC-HB-PHENO-EDI-51-16
CAL0405-HB-2002-SPRING-ACSA3-5B-HALF_EXPANSION,2002,SPRING,ACSA3,5B,HALF_EXPANSION,3.0,2002-05-14,134,2002-05-20,140,CALIBRATION,SRC-HB-PHENO-EDI-51-16
CAL0405-HB-2002-SPRING-ACSA3-5T-HALF_EXPANSION,2002,SPRING,ACSA3,5T,HALF_EXPANSION,3.0,2002-05-28,148,2002-06-03,154,CALIBRATION,SRC-HB-PHENO-EDI-51-16
CAL0405-HB-2002-SPRING-ACSA3-6T-HALF_EXPANSION,2002,SPRING,ACSA3,6T,HALF_EXPANSION,3.0,2002-05-20,140,2002-05-28,148,CALIBRATION,SRC-HB-PHENO-EDI-51-16
CAL0405-HB-2002-SPRING-ACSA3-7B-HALF_EXPANSION,2002,SPRING,ACSA3,7B,HALF_EXPANSION,3.0,2002-05-20,140,2002-05-28,148,CALIBRATION,SRC-HB-PHENO-EDI-51-16
CAL0405-HB-2002-SPRING-ACSA3-7T-HALF_EXPANSION,2002,SPRING,ACSA3,7T,HALF_EXPANSION,3.0,2002-05-28,148,2002-06-03,154,CALIBRATION,SRC-HB-PHENO-EDI-51-16
CAL0405-HB-2002-SPRING-ACSA3-HQ-HALF_EXPANSION,2002,SPRING,ACSA3,HQ,HALF_EXPANSION,3.0,2002-05-06,126,2002-05-14,134,CALIBRATION,SRC-HB-PHENO-EDI-51-16
CAL0405-HB-2002-SPRING-BEAL2-1B-HALF_EXPANSION,2002,SPRING,BEAL2,1B,HALF_EXPANSION,3.0,2002-05-20,140,2002-05-28,148,CALIBRATION,SRC-HB-PHENO-EDI-51-16
CAL0405-HB-2002-SPRING-BEAL2-4B-HALF_EXPANSION,2002,SPRING,BEAL2,4B,HALF_EXPANSION,3.0,2002-05-20,140,2002-05-28,148,CALIBRATION,SRC-HB-PHENO-EDI-51-16
CAL0405-HB-2002-SPRING-BEAL2-4T-HALF_EXPANSION,2002,SPRING,BEAL2,4T,HALF_EXPANSION,3.0,2002-05-28,148,2002-06-03,154,CALIBRATION,SRC-HB-PHENO-EDI-51-16
CAL0405-HB-2002-SPRING-BEAL2-5B-HALF_EXPANSION,2002,SPRING,BEAL2,5B,HALF_EXPANSION,3.0,2002-05-20,140,2002-05-28,148,CALIBRATION,SRC-HB-PHENO-EDI-51-16
CAL0405-HB-2002-SPRING-BEAL2-5T-HALF_EXPANSION,2002,SPRING,BEAL2,5T,HALF_EXPANSION,3.0,2002-05-28,148,2002-06-03,154,CALIBRATION,SRC-HB-PHENO-EDI-51-16
CAL0405-HB-2002-SPRING-BEAL2-6T-HALF_EXPANSION,2002,SPRING,BEAL2,6T,HALF_EXPANSION,3.0,2002-05-28,148,2002-06-03,154,CALIBRATION,SRC-HB-PHENO-EDI-51-16
CAL0405-HB-2002-SPRING-BEAL2-7B-HALF_EXPANSION,2002,SPRING,BEAL2,7B,HALF_EXPANSION,3.0,2002-05-20,140,2002-05-28,148,CALIBRATION,SRC-HB-PHENO-EDI-51-16
CAL0405-HB-2002-SPRING-BEAL2-7T-HALF_EXPANSION,2002,SPRING,BEAL2,7T,HALF_EXPANSION,3.0,2002-05-28,148,2002-06-03,154,CALIBRATION,SRC-HB-PHENO-EDI-51-16
CAL0405-HB-2002-SPRING-BEAL2-HQ-HALF_EXPANSION,2002,SPRING,BEAL2,HQ,HALF_EXPANSION,3.0,2002-05-14,134,2002-05-20,140,CALIBRATION,SRC-HB-PHENO-EDI-51-16
CAL0405-HB-2002-SPRING-FAGR-1B-HALF_EXPANSION,2002,SPRING,FAGR,1B,HALF_EXPANSION,3.0,2002-05-20,140,2002-05-28,148,CALIBRATION,SRC-HB-PHENO-EDI-51-16
CAL0405-HB-2002-SPRING-FAGR-4B-HALF_EXPANSION,2002,SPRING,FAGR,4B,HALF_EXPANSION,3.0,2002-05-20,140,2002-05-28,148,CALIBRATION,SRC-HB-PHENO-EDI-51-16
CAL0405-HB-2002-SPRING-FAGR-4T-HALF_EXPANSION,2002,SPRING,FAGR,4T,HALF_EXPANSION,3.0,2002-05-28,148,2002-06-03,154,CALIBRATION,SRC-HB-PHENO-EDI-51-16
CAL0405-HB-2002-SPRING-FAGR-5B-HALF_EXPANSION,2002,SPRING,FAGR,5B,HALF_EXPANSION,3.0,2002-05-20,140,2002-05-28,148,CALIBRATION,SRC-HB-PHENO-EDI-51-16
CAL0405-HB-2002-SPRING-FAGR-5T-HALF_EXPANSION,2002,SPRING,FAGR,5T,HALF_EXPANSION,3.0,2002-05-28,148,2002-06-03,154,CALIBRATION,SRC-HB-PHENO-EDI-51-16
CAL0405-HB-2002-SPRING-FAGR-6T-HALF_EXPANSION,2002,SPRING,FAGR,6T,HALF_EXPANSION,3.0,2002-05-28,148,2002-06-03,154,CALIBRATION,SRC-HB-PHENO-EDI-51-16
CAL0405-HB-2002-SPRING-FAGR-7B-HALF_EXPANSION,2002,SPRING,FAGR,7B,HALF_EXPANSION,3.0,2002-05-20,140,2002-05-28,148,CALIBRATION,SRC-HB-PHENO-EDI-51-16
CAL0405-HB-2002-SPRING-FAGR-7T-HALF_EXPANSION,2002,SPRING,FAGR,7T,HALF_EXPANSION,3.0,2002-05-28,148,2002-06-03,154,CALIBRATION,SRC-HB-PHENO-EDI-51-16
CAL0405-HB-2002-SPRING-FAGR-HQ-HALF_EXPANSION,2002,SPRING,FAGR,HQ,HALF_EXPANSION,3.0,2002-05-06,126,2002-05-14,134,CALIBRATION,SRC-HB-PHENO-EDI-51-16
CAL0405-HB-2003-SPRING-ACSA3-7T-HALF_EXPANSION,2003,SPRING,ACSA3,7T,HALF_EXPANSION,3.0,2003-05-27,147,2003-06-16,167,CALIBRATION,SRC-HB-PHENO-EDI-51-16
CAL0405-HB-2003-SPRING-BEAL2-7B-HALF_EXPANSION,2003,SPRING,BEAL2,7B,HALF_EXPANSION,3.0,2003-05-27,147,2003-06-16,167,CALIBRATION,SRC-HB-PHENO-EDI-51-16
CAL0405-HB-2003-SPRING-BEAL2-7T-HALF_EXPANSION,2003,SPRING,BEAL2,7T,HALF_EXPANSION,3.0,2003-05-27,147,2003-06-16,167,CALIBRATION,SRC-HB-PHENO-EDI-51-16
CAL0405-HB-2003-SPRING-BEAL2-HQ-HALF_EXPANSION,2003,SPRING,BEAL2,HQ,HALF_EXPANSION,3.0,2003-05-27,147,2003-06-10,161,CALIBRATION,SRC-HB-PHENO-EDI-51-16
CAL0405-HB-2003-SPRING-FAGR-7T-HALF_EXPANSION,2003,SPRING,FAGR,7T,HALF_EXPANSION,3.0,2003-05-27,147,2003-06-16,167,CALIBRATION,SRC-HB-PHENO-EDI-51-16
CAL0405-HB-2004-SPRING-ACSA3-1B-HALF_EXPANSION,2004,SPRING,ACSA3,1B,HALF_EXPANSION,3.0,2004-05-10,131,2004-05-17,138,CALIBRATION,SRC-HB-PHENO-EDI-51-16
CAL0405-HB-2004-SPRING-ACSA3-4B-HALF_EXPANSION,2004,SPRING,ACSA3,4B,HALF_EXPANSION,3.0,2004-05-04,125,2004-05-10,131,CALIBRATION,SRC-HB-PHENO-EDI-51-16
CAL0405-HB-2004-SPRING-ACSA3-4T-HALF_EXPANSION,2004,SPRING,ACSA3,4T,HALF_EXPANSION,3.0,2004-05-17,138,2004-05-24,145,CALIBRATION,SRC-HB-PHENO-EDI-51-16
CAL0405-HB-2004-SPRING-ACSA3-5B-HALF_EXPANSION,2004,SPRING,ACSA3,5B,HALF_EXPANSION,3.0,2004-05-10,131,2004-05-17,138,CALIBRATION,SRC-HB-PHENO-EDI-51-16
CAL0405-HB-2004-SPRING-ACSA3-5T-HALF_EXPANSION,2004,SPRING,ACSA3,5T,HALF_EXPANSION,3.0,2004-05-17,138,2004-05-24,145,CALIBRATION,SRC-HB-PHENO-EDI-51-16
CAL0405-HB-2004-SPRING-ACSA3-6T-HALF_EXPANSION,2004,SPRING,ACSA3,6T,HALF_EXPANSION,3.0,2004-05-17,138,2004-05-24,145,CALIBRATION,SRC-HB-PHENO-EDI-51-16
CAL0405-HB-2004-SPRING-ACSA3-7B-HALF_EXPANSION,2004,SPRING,ACSA3,7B,HALF_EXPANSION,3.0,2004-05-10,131,2004-05-17,138,CALIBRATION,SRC-HB-PHENO-EDI-51-16
CAL0405-HB-2004-SPRING-ACSA3-7T-HALF_EXPANSION,2004,SPRING,ACSA3,7T,HALF_EXPANSION,3.0,2004-05-10,131,2004-05-17,138,CALIBRATION,SRC-HB-PHENO-EDI-51-16
CAL0405-HB-2004-SPRING-ACSA3-HQ-HALF_EXPANSION,2004,SPRING,ACSA3,HQ,HALF_EXPANSION,3.0,2004-05-10,131,2004-05-17,138,CALIBRATION,SRC-HB-PHENO-EDI-51-16
CAL0405-HB-2004-SPRING-BEAL2-1B-HALF_EXPANSION,2004,SPRING,BEAL2,1B,HALF_EXPANSION,3.0,2004-05-10,131,2004-05-17,138,CALIBRATION,SRC-HB-PHENO-EDI-51-16
CAL0405-HB-2004-SPRING-BEAL2-4B-HALF_EXPANSION,2004,SPRING,BEAL2,4B,HALF_EXPANSION,3.0,2004-05-10,131,2004-05-17,138,CALIBRATION,SRC-HB-PHENO-EDI-51-16
CAL0405-HB-2004-SPRING-BEAL2-4T-HALF_EXPANSION,2004,SPRING,BEAL2,4T,HALF_EXPANSION,3.0,2004-05-17,138,2004-05-24,145,CALIBRATION,SRC-HB-PHENO-EDI-51-16
CAL0405-HB-2004-SPRING-BEAL2-5B-HALF_EXPANSION,2004,SPRING,BEAL2,5B,HALF_EXPANSION,3.0,2004-05-10,131,2004-05-17,138,CALIBRATION,SRC-HB-PHENO-EDI-51-16
CAL0405-HB-2004-SPRING-BEAL2-5T-HALF_EXPANSION,2004,SPRING,BEAL2,5T,HALF_EXPANSION,3.0,2004-05-17,138,2004-05-24,145,CALIBRATION,SRC-HB-PHENO-EDI-51-16
CAL0405-HB-2004-SPRING-BEAL2-6T-HALF_EXPANSION,2004,SPRING,BEAL2,6T,HALF_EXPANSION,3.0,2004-05-17,138,2004-05-24,145,CALIBRATION,SRC-HB-PHENO-EDI-51-16
CAL0405-HB-2004-SPRING-BEAL2-7B-HALF_EXPANSION,2004,SPRING,BEAL2,7B,HALF_EXPANSION,3.0,2004-05-10,131,2004-05-17,138,CALIBRATION,SRC-HB-PHENO-EDI-51-16
CAL0405-HB-2004-SPRING-BEAL2-7T-HALF_EXPANSION,2004,SPRING,BEAL2,7T,HALF_EXPANSION,3.0,2004-05-17,138,2004-05-24,145,CALIBRATION,SRC-HB-PHENO-EDI-51-16
CAL0405-HB-2004-SPRING-BEAL2-HQ-HALF_EXPANSION,2004,SPRING,BEAL2,HQ,HALF_EXPANSION,3.0,2004-05-10,131,2004-05-17,138,CALIBRATION,SRC-HB-PHENO-EDI-51-16
CAL0405-HB-2004-SPRING-FAGR-1B-HALF_EXPANSION,2004,SPRING,FAGR,1B,HALF_EXPANSION,3.0,2004-05-10,131,2004-05-17,138,CALIBRATION,SRC-HB-PHENO-EDI-51-16
CAL0405-HB-2004-SPRING-FAGR-4B-HALF_EXPANSION,2004,SPRING,FAGR,4B,HALF_EXPANSION,3.0,2004-05-10,131,2004-05-17,138,CALIBRATION,SRC-HB-PHENO-EDI-51-16
CAL0405-HB-2004-SPRING-FAGR-4T-HALF_EXPANSION,2004,SPRING,FAGR,4T,HALF_EXPANSION,3.0,2004-05-17,138,2004-05-24,145,CALIBRATION,SRC-HB-PHENO-EDI-51-16
CAL0405-HB-2004-SPRING-FAGR-5B-HALF_EXPANSION,2004,SPRING,FAGR,5B,HALF_EXPANSION,3.0,2004-05-10,131,2004-05-17,138,CALIBRATION,SRC-HB-PHENO-EDI-51-16
CAL0405-HB-2004-SPRING-FAGR-5T-HALF_EXPANSION,2004,SPRING,FAGR,5T,HALF_EXPANSION,3.0,2004-05-17,138,2004-05-24,145,CALIBRATION,SRC-HB-PHENO-EDI-51-16
CAL0405-HB-2004-SPRING-FAGR-6T-HALF_EXPANSION,2004,SPRING,FAGR,6T,HALF_EXPANSION,3.0,2004-05-17,138,2004-05-24,145,CALIBRATION,SRC-HB-PHENO-EDI-51-16
CAL0405-HB-2004-SPRING-FAGR-7B-HALF_EXPANSION,2004,SPRING,FAGR,7B,HALF_EXPANSION,3.0,2004-05-10,131,2004-05-17,138,CALIBRATION,SRC-HB-PHENO-EDI-51-16
CAL0405-HB-2004-SPRING-FAGR-7T-HALF_EXPANSION,2004,SPRING,FAGR,7T,HALF_EXPANSION,3.0,2004-05-17,138,2004-05-24,145,CALIBRATION,SRC-HB-PHENO-EDI-51-16
CAL0405-HB-2004-SPRING-FAGR-HQ-HALF_EXPANSION,2004,SPRING,FAGR,HQ,HALF_EXPANSION,3.0,2004-05-10,131,2004-05-17,138,CALIBRATION,SRC-HB-PHENO-EDI-51-16
CAL0405-HB-2005-SPRING-ACSA3-1B-HALF_EXPANSION,2005,SPRING,ACSA3,1B,HALF_EXPANSION,3.0,2005-05-19,137,2005-05-24,144,CALIBRATION,SRC-HB-PHENO-EDI-51-16
CAL0405-HB-2005-SPRING-ACSA3-4B-HALF_EXPANSION,2005,SPRING,ACSA3,4B,HALF_EXPANSION,3.0,2005-05-09,129,2005-05-19,137,CALIBRATION,SRC-HB-PHENO-EDI-51-16
CAL0405-HB-2005-SPRING-ACSA3-4T-HALF_EXPANSION,2005,SPRING,ACSA3,4T,HALF_EXPANSION,3.0,2005-05-24,144,2005-05-31,151,CALIBRATION,SRC-HB-PHENO-EDI-51-16
CAL0405-HB-2005-SPRING-ACSA3-5B-HALF_EXPANSION,2005,SPRING,ACSA3,5B,HALF_EXPANSION,3.0,2005-05-24,144,2005-05-31,151,CALIBRATION,SRC-HB-PHENO-EDI-51-16
CAL0405-HB-2005-SPRING-ACSA3-5T-HALF_EXPANSION,2005,SPRING,ACSA3,5T,HALF_EXPANSION,3.0,2005-05-31,151,2005-06-06,157,CALIBRATION,SRC-HB-PHENO-EDI-51-16
CAL0405-HB-2005-SPRING-ACSA3-6T-HALF_EXPANSION,2005,SPRING,ACSA3,6T,HALF_EXPANSION,3.0,2005-05-31,151,2005-06-06,157,CALIBRATION,SRC-HB-PHENO-EDI-51-16
CAL0405-HB-2005-SPRING-ACSA3-7B-HALF_EXPANSION,2005,SPRING,ACSA3,7B,HALF_EXPANSION,3.0,2005-05-24,144,2005-05-31,151,CALIBRATION,SRC-HB-PHENO-EDI-51-16
CAL0405-HB-2005-SPRING-ACSA3-7T-HALF_EXPANSION,2005,SPRING,ACSA3,7T,HALF_EXPANSION,3.0,2005-05-31,151,2005-06-06,157,CALIBRATION,SRC-HB-PHENO-EDI-51-16
CAL0405-HB-2005-SPRING-ACSA3-HQ-HALF_EXPANSION,2005,SPRING,ACSA3,HQ,HALF_EXPANSION,3.0,2005-05-19,137,2005-05-24,144,CALIBRATION,SRC-HB-PHENO-EDI-51-16
CAL0405-HB-2005-SPRING-BEAL2-1B-HALF_EXPANSION,2005,SPRING,BEAL2,1B,HALF_EXPANSION,3.0,2005-05-24,144,2005-05-31,151,CALIBRATION,SRC-HB-PHENO-EDI-51-16
CAL0405-HB-2005-SPRING-BEAL2-4B-HALF_EXPANSION,2005,SPRING,BEAL2,4B,HALF_EXPANSION,3.0,2005-05-24,144,2005-05-31,151,CALIBRATION,SRC-HB-PHENO-EDI-51-16
CAL0405-HB-2005-SPRING-BEAL2-4T-HALF_EXPANSION,2005,SPRING,BEAL2,4T,HALF_EXPANSION,3.0,2005-05-31,151,2005-06-06,157,CALIBRATION,SRC-HB-PHENO-EDI-51-16
CAL0405-HB-2005-SPRING-BEAL2-5B-HALF_EXPANSION,2005,SPRING,BEAL2,5B,HALF_EXPANSION,3.0,2005-05-24,144,2005-05-31,151,CALIBRATION,SRC-HB-PHENO-EDI-51-16
CAL0405-HB-2005-SPRING-BEAL2-5T-HALF_EXPANSION,2005,SPRING,BEAL2,5T,HALF_EXPANSION,3.0,2005-05-31,151,2005-06-06,157,CALIBRATION,SRC-HB-PHENO-EDI-51-16
CAL0405-HB-2005-SPRING-BEAL2-6T-HALF_EXPANSION,2005,SPRING,BEAL2,6T,HALF_EXPANSION,3.0,2005-05-31,151,2005-06-06,157,CALIBRATION,SRC-HB-PHENO-EDI-51-16
CAL0405-HB-2005-SPRING-BEAL2-7B-HALF_EXPANSION,2005,SPRING,BEAL2,7B,HALF_EXPANSION,3.0,2005-05-31,151,2005-06-06,157,CALIBRATION,SRC-HB-PHENO-EDI-51-16
CAL0405-HB-2005-SPRING-BEAL2-7T-HALF_EXPANSION,2005,SPRING,BEAL2,7T,HALF_EXPANSION,3.0,2005-05-31,151,2005-06-06,157,CALIBRATION,SRC-HB-PHENO-EDI-51-16
CAL0405-HB-2005-SPRING-BEAL2-HQ-HALF_EXPANSION,2005,SPRING,BEAL2,HQ,HALF_EXPANSION,3.0,2005-05-24,144,2005-05-31,151,CALIBRATION,SRC-HB-PHENO-EDI-51-16
CAL0405-HB-2005-SPRING-FAGR-1B-HALF_EXPANSION,2005,SPRING,FAGR,1B,HALF_EXPANSION,3.0,2005-05-24,144,2005-05-31,151,CALIBRATION,SRC-HB-PHENO-EDI-51-16
CAL0405-HB-2005-SPRING-FAGR-4B-HALF_EXPANSION,2005,SPRING,FAGR,4B,HALF_EXPANSION,3.0,2005-05-24,144,2005-05-31,151,CALIBRATION,SRC-HB-PHENO-EDI-51-16
CAL0405-HB-2005-SPRING-FAGR-4T-HALF_EXPANSION,2005,SPRING,FAGR,4T,HALF_EXPANSION,3.0,2005-05-31,151,2005-06-06,157,CALIBRATION,SRC-HB-PHENO-EDI-51-16
CAL0405-HB-2005-SPRING-FAGR-5B-HALF_EXPANSION,2005,SPRING,FAGR,5B,HALF_EXPANSION,3.0,2005-05-24,144,2005-05-31,151,CALIBRATION,SRC-HB-PHENO-EDI-51-16
CAL0405-HB-2005-SPRING-FAGR-5T-HALF_EXPANSION,2005,SPRING,FAGR,5T,HALF_EXPANSION,3.0,2005-05-31,151,2005-06-06,157,CALIBRATION,SRC-HB-PHENO-EDI-51-16
CAL0405-HB-2005-SPRING-FAGR-6T-HALF_EXPANSION,2005,SPRING,FAGR,6T,HALF_EXPANSION,3.0,2005-05-31,151,2005-06-06,157,CALIBRATION,SRC-HB-PHENO-EDI-51-16
CAL0405-HB-2005-SPRING-FAGR-7B-HALF_EXPANSION,2005,SPRING,FAGR,7B,HALF_EXPANSION,3.0,2005-05-24,144,2005-05-31,151,CALIBRATION,SRC-HB-PHENO-EDI-51-16
CAL0405-HB-2005-SPRING-FAGR-7T-HALF_EXPANSION,2005,SPRING,FAGR,7T,HALF_EXPANSION,3.0,2005-05-31,151,2005-06-06,157,CALIBRATION,SRC-HB-PHENO-EDI-51-16
CAL0405-HB-2005-SPRING-FAGR-HQ-HALF_EXPANSION,2005,SPRING,FAGR,HQ,HALF_EXPANSION,3.0,2005-05-19,137,2005-05-24,144,CALIBRATION,SRC-HB-PHENO-EDI-51-16
CAL0405-HB-2006-SPRING-ACSA3-1B-HALF_EXPANSION,2006,SPRING,ACSA3,1B,HALF_EXPANSION,3.0,2006-05-08,128,2006-05-17,137,CALIBRATION,SRC-HB-PHENO-EDI-51-16
CAL0405-HB-2006-SPRING-ACSA3-4B-HALF_EXPANSION,2006,SPRING,ACSA3,4B,HALF_EXPANSION,3.0,2006-05-01,121,2006-05-08,128,CALIBRATION,SRC-HB-PHENO-EDI-51-16
CAL0405-HB-2006-SPRING-ACSA3-4T-HALF_EXPANSION,2006,SPRING,ACSA3,4T,HALF_EXPANSION,3.0,2006-05-22,142,2006-05-30,150,CALIBRATION,SRC-HB-PHENO-EDI-51-16
CAL0405-HB-2006-SPRING-ACSA3-5B-HALF_EXPANSION,2006,SPRING,ACSA3,5B,HALF_EXPANSION,3.0,2006-05-08,128,2006-05-17,137,CALIBRATION,SRC-HB-PHENO-EDI-51-16
CAL0405-HB-2006-SPRING-ACSA3-5T-HALF_EXPANSION,2006,SPRING,ACSA3,5T,HALF_EXPANSION,3.0,2006-05-22,142,2006-05-30,150,CALIBRATION,SRC-HB-PHENO-EDI-51-16
CAL0405-HB-2006-SPRING-ACSA3-6T-HALF_EXPANSION,2006,SPRING,ACSA3,6T,HALF_EXPANSION,3.0,2006-05-22,142,2006-05-30,150,CALIBRATION,SRC-HB-PHENO-EDI-51-16
CAL0405-HB-2006-SPRING-ACSA3-7B-HALF_EXPANSION,2006,SPRING,ACSA3,7B,HALF_EXPANSION,3.0,2006-05-08,128,2006-05-17,137,CALIBRATION,SRC-HB-PHENO-EDI-51-16
CAL0405-HB-2006-SPRING-ACSA3-7T-HALF_EXPANSION,2006,SPRING,ACSA3,7T,HALF_EXPANSION,3.0,2006-05-17,137,2006-05-22,142,CALIBRATION,SRC-HB-PHENO-EDI-51-16
CAL0405-HB-2006-SPRING-ACSA3-HQ-HALF_EXPANSION,2006,SPRING,ACSA3,HQ,HALF_EXPANSION,3.0,2006-05-08,128,2006-05-17,137,CALIBRATION,SRC-HB-PHENO-EDI-51-16
CAL0405-HB-2006-SPRING-BEAL2-1B-HALF_EXPANSION,2006,SPRING,BEAL2,1B,HALF_EXPANSION,3.0,2006-05-22,142,2006-05-30,150,CALIBRATION,SRC-HB-PHENO-EDI-51-16
CAL0405-HB-2006-SPRING-BEAL2-4B-HALF_EXPANSION,2006,SPRING,BEAL2,4B,HALF_EXPANSION,3.0,2006-05-22,142,2006-05-30,150,CALIBRATION,SRC-HB-PHENO-EDI-51-16
CAL0405-HB-2006-SPRING-BEAL2-4T-HALF_EXPANSION,2006,SPRING,BEAL2,4T,HALF_EXPANSION,3.0,2006-05-22,142,2006-05-30,150,CALIBRATION,SRC-HB-PHENO-EDI-51-16
CAL0405-HB-2006-SPRING-BEAL2-5B-HALF_EXPANSION,2006,SPRING,BEAL2,5B,HALF_EXPANSION,3.0,2006-05-22,142,2006-05-30,150,CALIBRATION,SRC-HB-PHENO-EDI-51-16
CAL0405-HB-2006-SPRING-BEAL2-5T-HALF_EXPANSION,2006,SPRING,BEAL2,5T,HALF_EXPANSION,3.0,2006-05-30,150,2006-06-05,156,CALIBRATION,SRC-HB-PHENO-EDI-51-16
CAL0405-HB-2006-SPRING-BEAL2-6T-HALF_EXPANSION,2006,SPRING,BEAL2,6T,HALF_EXPANSION,3.0,2006-05-30,150,2006-06-05,156,CALIBRATION,SRC-HB-PHENO-EDI-51-16
CAL0405-HB-2006-SPRING-BEAL2-7B-HALF_EXPANSION,2006,SPRING,BEAL2,7B,HALF_EXPANSION,3.0,2006-05-17,137,2006-05-22,142,CALIBRATION,SRC-HB-PHENO-EDI-51-16
CAL0405-HB-2006-SPRING-BEAL2-7T-HALF_EXPANSION,2006,SPRING,BEAL2,7T,HALF_EXPANSION,3.0,2006-05-17,137,2006-05-22,142,CALIBRATION,SRC-HB-PHENO-EDI-51-16
CAL0405-HB-2006-SPRING-BEAL2-HQ-HALF_EXPANSION,2006,SPRING,BEAL2,HQ,HALF_EXPANSION,3.0,2006-05-17,137,2006-05-22,142,CALIBRATION,SRC-HB-PHENO-EDI-51-16
CAL0405-HB-2006-SPRING-FAGR-1B-HALF_EXPANSION,2006,SPRING,FAGR,1B,HALF_EXPANSION,3.0,2006-05-17,137,2006-05-22,142,CALIBRATION,SRC-HB-PHENO-EDI-51-16
CAL0405-HB-2006-SPRING-FAGR-4B-HALF_EXPANSION,2006,SPRING,FAGR,4B,HALF_EXPANSION,3.0,2006-05-17,137,2006-05-22,142,CALIBRATION,SRC-HB-PHENO-EDI-51-16
CAL0405-HB-2006-SPRING-FAGR-4T-HALF_EXPANSION,2006,SPRING,FAGR,4T,HALF_EXPANSION,3.0,2006-05-22,142,2006-05-30,150,CALIBRATION,SRC-HB-PHENO-EDI-51-16
CAL0405-HB-2006-SPRING-FAGR-5B-HALF_EXPANSION,2006,SPRING,FAGR,5B,HALF_EXPANSION,3.0,2006-05-17,137,2006-05-22,142,CALIBRATION,SRC-HB-PHENO-EDI-51-16
CAL0405-HB-2006-SPRING-FAGR-5T-HALF_EXPANSION,2006,SPRING,FAGR,5T,HALF_EXPANSION,3.0,2006-05-22,142,2006-05-30,150,CALIBRATION,SRC-HB-PHENO-EDI-51-16
CAL0405-HB-2006-SPRING-FAGR-6T-HALF_EXPANSION,2006,SPRING,FAGR,6T,HALF_EXPANSION,3.0,2006-05-22,142,2006-05-30,150,CALIBRATION,SRC-HB-PHENO-EDI-51-16
CAL0405-HB-2006-SPRING-FAGR-7B-HALF_EXPANSION,2006,SPRING,FAGR,7B,HALF_EXPANSION,3.0,2006-05-22,142,2006-05-30,150,CALIBRATION,SRC-HB-PHENO-EDI-51-16
CAL0405-HB-2006-SPRING-FAGR-7T-HALF_EXPANSION,2006,SPRING,FAGR,7T,HALF_EXPANSION,3.0,2006-05-22,142,2006-05-30,150,CALIBRATION,SRC-HB-PHENO-EDI-51-16
CAL0405-HB-2006-SPRING-FAGR-HQ-HALF_EXPANSION,2006,SPRING,FAGR,HQ,HALF_EXPANSION,3.0,2006-05-17,137,2006-05-22,142,CALIBRATION,SRC-HB-PHENO-EDI-51-16
CAL0405-HB-2007-SPRING-ACSA3-1B-HALF_EXPANSION,2007,SPRING,ACSA3,1B,HALF_EXPANSION,3.0,2007-05-14,134,2007-05-22,142,CALIBRATION,SRC-HB-PHENO-EDI-51-16
CAL0405-HB-2007-SPRING-ACSA3-4B-HALF_EXPANSION,2007,SPRING,ACSA3,4B,HALF_EXPANSION,3.0,2007-05-07,127,2007-05-14,134,CALIBRATION,SRC-HB-PHENO-EDI-51-16
CAL0405-HB-2007-SPRING-ACSA3-4T-HALF_EXPANSION,2007,SPRING,ACSA3,4T,HALF_EXPANSION,3.0,2007-05-22,142,2007-05-29,149,CALIBRATION,SRC-HB-PHENO-EDI-51-16
CAL0405-HB-2007-SPRING-ACSA3-5B-HALF_EXPANSION,2007,SPRING,ACSA3,5B,HALF_EXPANSION,3.0,2007-05-07,127,2007-05-14,134,CALIBRATION,SRC-HB-PHENO-EDI-51-16
CAL0405-HB-2007-SPRING-ACSA3-5T-HALF_EXPANSION,2007,SPRING,ACSA3,5T,HALF_EXPANSION,3.0,2007-05-22,142,2007-05-29,149,CALIBRATION,SRC-HB-PHENO-EDI-51-16
CAL0405-HB-2007-SPRING-ACSA3-6T-HALF_EXPANSION,2007,SPRING,ACSA3,6T,HALF_EXPANSION,3.0,2007-05-22,142,2007-05-29,149,CALIBRATION,SRC-HB-PHENO-EDI-51-16
CAL0405-HB-2007-SPRING-ACSA3-7B-HALF_EXPANSION,2007,SPRING,ACSA3,7B,HALF_EXPANSION,3.0,2007-05-14,134,2007-05-22,142,CALIBRATION,SRC-HB-PHENO-EDI-51-16
CAL0405-HB-2007-SPRING-ACSA3-7T-HALF_EXPANSION,2007,SPRING,ACSA3,7T,HALF_EXPANSION,3.0,2007-05-22,142,2007-05-29,149,CALIBRATION,SRC-HB-PHENO-EDI-51-16
CAL0405-HB-2007-SPRING-ACSA3-HQ-HALF_EXPANSION,2007,SPRING,ACSA3,HQ,HALF_EXPANSION,3.0,2007-05-07,127,2007-05-14,134,CALIBRATION,SRC-HB-PHENO-EDI-51-16
CAL0405-HB-2007-SPRING-BEAL2-1B-HALF_EXPANSION,2007,SPRING,BEAL2,1B,HALF_EXPANSION,3.0,2007-05-07,127,2007-05-14,134,CALIBRATION,SRC-HB-PHENO-EDI-51-16
CAL0405-HB-2007-SPRING-BEAL2-4B-HALF_EXPANSION,2007,SPRING,BEAL2,4B,HALF_EXPANSION,3.0,2007-05-14,134,2007-05-22,142,CALIBRATION,SRC-HB-PHENO-EDI-51-16
CAL0405-HB-2007-SPRING-BEAL2-4T-HALF_EXPANSION,2007,SPRING,BEAL2,4T,HALF_EXPANSION,3.0,2007-05-22,142,2007-05-29,149,CALIBRATION,SRC-HB-PHENO-EDI-51-16
CAL0405-HB-2007-SPRING-BEAL2-5B-HALF_EXPANSION,2007,SPRING,BEAL2,5B,HALF_EXPANSION,3.0,2007-05-07,127,2007-05-14,134,CALIBRATION,SRC-HB-PHENO-EDI-51-16
CAL0405-HB-2007-SPRING-BEAL2-5T-HALF_EXPANSION,2007,SPRING,BEAL2,5T,HALF_EXPANSION,3.0,2007-05-22,142,2007-05-29,149,CALIBRATION,SRC-HB-PHENO-EDI-51-16
CAL0405-HB-2007-SPRING-BEAL2-6T-HALF_EXPANSION,2007,SPRING,BEAL2,6T,HALF_EXPANSION,3.0,2007-05-22,142,2007-05-29,149,CALIBRATION,SRC-HB-PHENO-EDI-51-16
CAL0405-HB-2007-SPRING-BEAL2-7B-HALF_EXPANSION,2007,SPRING,BEAL2,7B,HALF_EXPANSION,3.0,2007-05-22,142,2007-05-29,149,CALIBRATION,SRC-HB-PHENO-EDI-51-16
CAL0405-HB-2007-SPRING-BEAL2-7T-HALF_EXPANSION,2007,SPRING,BEAL2,7T,HALF_EXPANSION,3.0,2007-05-22,142,2007-05-29,149,CALIBRATION,SRC-HB-PHENO-EDI-51-16
CAL0405-HB-2007-SPRING-BEAL2-HQ-HALF_EXPANSION,2007,SPRING,BEAL2,HQ,HALF_EXPANSION,3.0,2007-05-14,134,2007-05-22,142,CALIBRATION,SRC-HB-PHENO-EDI-51-16
CAL0405-HB-2007-SPRING-FAGR-1B-HALF_EXPANSION,2007,SPRING,FAGR,1B,HALF_EXPANSION,3.0,2007-05-14,134,2007-05-22,142,CALIBRATION,SRC-HB-PHENO-EDI-51-16
CAL0405-HB-2007-SPRING-FAGR-4B-HALF_EXPANSION,2007,SPRING,FAGR,4B,HALF_EXPANSION,3.0,2007-05-07,127,2007-05-14,134,CALIBRATION,SRC-HB-PHENO-EDI-51-16
CAL0405-HB-2007-SPRING-FAGR-4T-HALF_EXPANSION,2007,SPRING,FAGR,4T,HALF_EXPANSION,3.0,2007-05-22,142,2007-05-29,149,CALIBRATION,SRC-HB-PHENO-EDI-51-16
CAL0405-HB-2007-SPRING-FAGR-5B-HALF_EXPANSION,2007,SPRING,FAGR,5B,HALF_EXPANSION,3.0,2007-05-07,127,2007-05-14,134,CALIBRATION,SRC-HB-PHENO-EDI-51-16
CAL0405-HB-2007-SPRING-FAGR-5T-HALF_EXPANSION,2007,SPRING,FAGR,5T,HALF_EXPANSION,3.0,2007-05-22,142,2007-05-29,149,CALIBRATION,SRC-HB-PHENO-EDI-51-16
CAL0405-HB-2007-SPRING-FAGR-6T-HALF_EXPANSION,2007,SPRING,FAGR,6T,HALF_EXPANSION,3.0,2007-05-22,142,2007-05-29,149,CALIBRATION,SRC-HB-PHENO-EDI-51-16
CAL0405-HB-2007-SPRING-FAGR-7B-HALF_EXPANSION,2007,SPRING,FAGR,7B,HALF_EXPANSION,3.0,2007-05-14,134,2007-05-22,142,CALIBRATION,SRC-HB-PHENO-EDI-51-16
CAL0405-HB-2007-SPRING-FAGR-7T-HALF_EXPANSION,2007,SPRING,FAGR,7T,HALF_EXPANSION,3.0,2007-05-22,142,2007-05-29,149,CALIBRATION,SRC-HB-PHENO-EDI-51-16
CAL0405-HB-2007-SPRING-FAGR-HQ-HALF_EXPANSION,2007,SPRING,FAGR,HQ,HALF_EXPANSION,3.0,2007-05-07,127,2007-05-14,134,CALIBRATION,SRC-HB-PHENO-EDI-51-16
CAL0405-HB-2008-SPRING-ACSA3-1B-HALF_EXPANSION,2008,SPRING,ACSA3,1B,HALF_EXPANSION,3.0,2008-05-05,126,2008-05-12,133,CALIBRATION,SRC-HB-PHENO-EDI-51-16
CAL0405-HB-2008-SPRING-ACSA3-4B-HALF_EXPANSION,2008,SPRING,ACSA3,4B,HALF_EXPANSION,3.0,2008-05-05,126,2008-05-12,133,CALIBRATION,SRC-HB-PHENO-EDI-51-16
CAL0405-HB-2008-SPRING-ACSA3-4T-HALF_EXPANSION,2008,SPRING,ACSA3,4T,HALF_EXPANSION,3.0,2008-05-20,141,2008-05-27,148,CALIBRATION,SRC-HB-PHENO-EDI-51-16
CAL0405-HB-2008-SPRING-ACSA3-5B-HALF_EXPANSION,2008,SPRING,ACSA3,5B,HALF_EXPANSION,3.0,2008-05-12,133,2008-05-20,141,CALIBRATION,SRC-HB-PHENO-EDI-51-16
CAL0405-HB-2008-SPRING-ACSA3-5T-HALF_EXPANSION,2008,SPRING,ACSA3,5T,HALF_EXPANSION,3.0,2008-05-20,141,2008-05-27,148,CALIBRATION,SRC-HB-PHENO-EDI-51-16
CAL0405-HB-2008-SPRING-ACSA3-6T-HALF_EXPANSION,2008,SPRING,ACSA3,6T,HALF_EXPANSION,3.0,2008-05-20,141,2008-05-27,148,CALIBRATION,SRC-HB-PHENO-EDI-51-16
CAL0405-HB-2008-SPRING-ACSA3-7B-HALF_EXPANSION,2008,SPRING,ACSA3,7B,HALF_EXPANSION,3.0,2008-05-12,133,2008-05-20,141,CALIBRATION,SRC-HB-PHENO-EDI-51-16
CAL0405-HB-2008-SPRING-ACSA3-7T-HALF_EXPANSION,2008,SPRING,ACSA3,7T,HALF_EXPANSION,3.0,2008-05-12,133,2008-05-20,141,CALIBRATION,SRC-HB-PHENO-EDI-51-16
CAL0405-HB-2008-SPRING-ACSA3-HQ-HALF_EXPANSION,2008,SPRING,ACSA3,HQ,HALF_EXPANSION,3.0,2008-05-05,126,2008-05-12,133,CALIBRATION,SRC-HB-PHENO-EDI-51-16
CAL0405-HB-2008-SPRING-BEAL2-1B-HALF_EXPANSION,2008,SPRING,BEAL2,1B,HALF_EXPANSION,3.0,2008-05-12,133,2008-05-20,141,CALIBRATION,SRC-HB-PHENO-EDI-51-16
CAL0405-HB-2008-SPRING-BEAL2-4B-HALF_EXPANSION,2008,SPRING,BEAL2,4B,HALF_EXPANSION,3.0,2008-05-12,133,2008-05-20,141,CALIBRATION,SRC-HB-PHENO-EDI-51-16
CAL0405-HB-2008-SPRING-BEAL2-4T-HALF_EXPANSION,2008,SPRING,BEAL2,4T,HALF_EXPANSION,3.0,2008-05-27,148,2008-06-02,154,CALIBRATION,SRC-HB-PHENO-EDI-51-16
CAL0405-HB-2008-SPRING-BEAL2-5B-HALF_EXPANSION,2008,SPRING,BEAL2,5B,HALF_EXPANSION,3.0,2008-05-20,141,2008-05-27,148,CALIBRATION,SRC-HB-PHENO-EDI-51-16
CAL0405-HB-2008-SPRING-BEAL2-5T-HALF_EXPANSION,2008,SPRING,BEAL2,5T,HALF_EXPANSION,3.0,2008-05-20,141,2008-05-27,148,CALIBRATION,SRC-HB-PHENO-EDI-51-16
CAL0405-HB-2008-SPRING-BEAL2-6T-HALF_EXPANSION,2008,SPRING,BEAL2,6T,HALF_EXPANSION,3.0,2008-05-27,148,2008-06-02,154,CALIBRATION,SRC-HB-PHENO-EDI-51-16
CAL0405-HB-2008-SPRING-BEAL2-7B-HALF_EXPANSION,2008,SPRING,BEAL2,7B,HALF_EXPANSION,3.0,2008-05-12,133,2008-05-20,141,CALIBRATION,SRC-HB-PHENO-EDI-51-16
CAL0405-HB-2008-SPRING-BEAL2-7T-HALF_EXPANSION,2008,SPRING,BEAL2,7T,HALF_EXPANSION,3.0,2008-05-27,148,2008-06-02,154,CALIBRATION,SRC-HB-PHENO-EDI-51-16
CAL0405-HB-2008-SPRING-BEAL2-HQ-HALF_EXPANSION,2008,SPRING,BEAL2,HQ,HALF_EXPANSION,3.0,2008-05-12,133,2008-05-20,141,CALIBRATION,SRC-HB-PHENO-EDI-51-16
CAL0405-HB-2008-SPRING-FAGR-1B-HALF_EXPANSION,2008,SPRING,FAGR,1B,HALF_EXPANSION,3.0,2008-05-12,133,2008-05-20,141,CALIBRATION,SRC-HB-PHENO-EDI-51-16
CAL0405-HB-2008-SPRING-FAGR-4B-HALF_EXPANSION,2008,SPRING,FAGR,4B,HALF_EXPANSION,3.0,2008-05-12,133,2008-05-20,141,CALIBRATION,SRC-HB-PHENO-EDI-51-16
CAL0405-HB-2008-SPRING-FAGR-4T-HALF_EXPANSION,2008,SPRING,FAGR,4T,HALF_EXPANSION,3.0,2008-05-27,148,2008-06-02,154,CALIBRATION,SRC-HB-PHENO-EDI-51-16
CAL0405-HB-2008-SPRING-FAGR-5B-HALF_EXPANSION,2008,SPRING,FAGR,5B,HALF_EXPANSION,3.0,2008-05-12,133,2008-05-20,141,CALIBRATION,SRC-HB-PHENO-EDI-51-16
CAL0405-HB-2008-SPRING-FAGR-5T-HALF_EXPANSION,2008,SPRING,FAGR,5T,HALF_EXPANSION,3.0,2008-05-20,141,2008-05-27,148,CALIBRATION,SRC-HB-PHENO-EDI-51-16
CAL0405-HB-2008-SPRING-FAGR-6T-HALF_EXPANSION,2008,SPRING,FAGR,6T,HALF_EXPANSION,3.0,2008-05-27,148,2008-06-02,154,CALIBRATION,SRC-HB-PHENO-EDI-51-16
CAL0405-HB-2008-SPRING-FAGR-7B-HALF_EXPANSION,2008,SPRING,FAGR,7B,HALF_EXPANSION,3.0,2008-05-12,133,2008-05-20,141,CALIBRATION,SRC-HB-PHENO-EDI-51-16
CAL0405-HB-2008-SPRING-FAGR-7T-HALF_EXPANSION,2008,SPRING,FAGR,7T,HALF_EXPANSION,3.0,2008-05-20,141,2008-05-27,148,CALIBRATION,SRC-HB-PHENO-EDI-51-16
CAL0405-HB-2008-SPRING-FAGR-HQ-HALF_EXPANSION,2008,SPRING,FAGR,HQ,HALF_EXPANSION,3.0,2008-05-05,126,2008-05-12,133,CALIBRATION,SRC-HB-PHENO-EDI-51-16
CAL0405-HB-2009-SPRING-ACSA3-1B-HALF_EXPANSION,2009,SPRING,ACSA3,1B,HALF_EXPANSION,3.0,2009-05-11,131,2009-05-18,138,CALIBRATION,SRC-HB-PHENO-EDI-51-16
CAL0405-HB-2009-SPRING-ACSA3-4B-HALF_EXPANSION,2009,SPRING,ACSA3,4B,HALF_EXPANSION,3.0,2009-05-04,124,2009-05-11,131,CALIBRATION,SRC-HB-PHENO-EDI-51-16
CAL0405-HB-2009-SPRING-ACSA3-4T-HALF_EXPANSION,2009,SPRING,ACSA3,4T,HALF_EXPANSION,3.0,2009-05-18,138,2009-05-25,145,CALIBRATION,SRC-HB-PHENO-EDI-51-16
CAL0405-HB-2009-SPRING-ACSA3-5B-HALF_EXPANSION,2009,SPRING,ACSA3,5B,HALF_EXPANSION,3.0,2009-05-04,124,2009-05-11,131,CALIBRATION,SRC-HB-PHENO-EDI-51-16
CAL0405-HB-2009-SPRING-ACSA3-5T-HALF_EXPANSION,2009,SPRING,ACSA3,5T,HALF_EXPANSION,3.0,2009-05-18,138,2009-05-25,145,CALIBRATION,SRC-HB-PHENO-EDI-51-16
CAL0405-HB-2009-SPRING-ACSA3-6T-HALF_EXPANSION,2009,SPRING,ACSA3,6T,HALF_EXPANSION,3.0,2009-05-18,138,2009-05-25,145,CALIBRATION,SRC-HB-PHENO-EDI-51-16
CAL0405-HB-2009-SPRING-ACSA3-7B-HALF_EXPANSION,2009,SPRING,ACSA3,7B,HALF_EXPANSION,3.0,2009-05-11,131,2009-05-18,138,CALIBRATION,SRC-HB-PHENO-EDI-51-16
CAL0405-HB-2009-SPRING-ACSA3-7T-HALF_EXPANSION,2009,SPRING,ACSA3,7T,HALF_EXPANSION,3.0,2009-05-18,138,2009-05-25,145,CALIBRATION,SRC-HB-PHENO-EDI-51-16
CAL0405-HB-2009-SPRING-ACSA3-HQ-HALF_EXPANSION,2009,SPRING,ACSA3,HQ,HALF_EXPANSION,3.0,2009-05-04,124,2009-05-11,131,CALIBRATION,SRC-HB-PHENO-EDI-51-16
CAL0405-HB-2009-SPRING-BEAL2-1B-HALF_EXPANSION,2009,SPRING,BEAL2,1B,HALF_EXPANSION,3.0,2009-05-11,131,2009-05-18,138,CALIBRATION,SRC-HB-PHENO-EDI-51-16
CAL0405-HB-2009-SPRING-BEAL2-4B-HALF_EXPANSION,2009,SPRING,BEAL2,4B,HALF_EXPANSION,3.0,2009-05-11,131,2009-05-18,138,CALIBRATION,SRC-HB-PHENO-EDI-51-16
CAL0405-HB-2009-SPRING-BEAL2-4T-HALF_EXPANSION,2009,SPRING,BEAL2,4T,HALF_EXPANSION,3.0,2009-05-18,138,2009-05-25,145,CALIBRATION,SRC-HB-PHENO-EDI-51-16
CAL0405-HB-2009-SPRING-BEAL2-5B-HALF_EXPANSION,2009,SPRING,BEAL2,5B,HALF_EXPANSION,3.0,2009-05-11,131,2009-05-18,138,CALIBRATION,SRC-HB-PHENO-EDI-51-16
CAL0405-HB-2009-SPRING-BEAL2-5T-HALF_EXPANSION,2009,SPRING,BEAL2,5T,HALF_EXPANSION,3.0,2009-05-18,138,2009-05-25,145,CALIBRATION,SRC-HB-PHENO-EDI-51-16
CAL0405-HB-2009-SPRING-BEAL2-6T-HALF_EXPANSION,2009,SPRING,BEAL2,6T,HALF_EXPANSION,3.0,2009-05-18,138,2009-05-25,145,CALIBRATION,SRC-HB-PHENO-EDI-51-16
CAL0405-HB-2009-SPRING-BEAL2-7B-HALF_EXPANSION,2009,SPRING,BEAL2,7B,HALF_EXPANSION,3.0,2009-05-18,138,2009-05-25,145,CALIBRATION,SRC-HB-PHENO-EDI-51-16
CAL0405-HB-2009-SPRING-BEAL2-7T-HALF_EXPANSION,2009,SPRING,BEAL2,7T,HALF_EXPANSION,3.0,2009-05-18,138,2009-05-25,145,CALIBRATION,SRC-HB-PHENO-EDI-51-16
CAL0405-HB-2009-SPRING-BEAL2-HQ-HALF_EXPANSION,2009,SPRING,BEAL2,HQ,HALF_EXPANSION,3.0,2009-05-11,131,2009-05-18,138,CALIBRATION,SRC-HB-PHENO-EDI-51-16
CAL0405-HB-2009-SPRING-FAGR-1B-HALF_EXPANSION,2009,SPRING,FAGR,1B,HALF_EXPANSION,3.0,2009-05-11,131,2009-05-18,138,CALIBRATION,SRC-HB-PHENO-EDI-51-16
CAL0405-HB-2009-SPRING-FAGR-4B-HALF_EXPANSION,2009,SPRING,FAGR,4B,HALF_EXPANSION,3.0,2009-05-11,131,2009-05-18,138,CALIBRATION,SRC-HB-PHENO-EDI-51-16
CAL0405-HB-2009-SPRING-FAGR-4T-HALF_EXPANSION,2009,SPRING,FAGR,4T,HALF_EXPANSION,3.0,2009-05-18,138,2009-05-25,145,CALIBRATION,SRC-HB-PHENO-EDI-51-16
CAL0405-HB-2009-SPRING-FAGR-5B-HALF_EXPANSION,2009,SPRING,FAGR,5B,HALF_EXPANSION,3.0,2009-05-11,131,2009-05-18,138,CALIBRATION,SRC-HB-PHENO-EDI-51-16
CAL0405-HB-2009-SPRING-FAGR-5T-HALF_EXPANSION,2009,SPRING,FAGR,5T,HALF_EXPANSION,3.0,2009-05-18,138,2009-05-25,145,CALIBRATION,SRC-HB-PHENO-EDI-51-16
CAL0405-HB-2009-SPRING-FAGR-6T-HALF_EXPANSION,2009,SPRING,FAGR,6T,HALF_EXPANSION,3.0,2009-05-18,138,2009-05-25,145,CALIBRATION,SRC-HB-PHENO-EDI-51-16
CAL0405-HB-2009-SPRING-FAGR-7B-HALF_EXPANSION,2009,SPRING,FAGR,7B,HALF_EXPANSION,3.0,2009-05-11,131,2009-05-18,138,CALIBRATION,SRC-HB-PHENO-EDI-51-16
CAL0405-HB-2009-SPRING-FAGR-7T-HALF_EXPANSION,2009,SPRING,FAGR,7T,HALF_EXPANSION,3.0,2009-05-18,138,2009-05-25,145,CALIBRATION,SRC-HB-PHENO-EDI-51-16
CAL0405-HB-2009-SPRING-FAGR-HQ-HALF_EXPANSION,2009,SPRING,FAGR,HQ,HALF_EXPANSION,3.0,2009-05-11,131,2009-05-18,138,CALIBRATION,SRC-HB-PHENO-EDI-51-16
CAL0405-HB-2010-SPRING-ACSA3-1B-HALF_EXPANSION,2010,SPRING,ACSA3,1B,HALF_EXPANSION,3.0,2010-04-26,116,2010-05-04,124,CALIBRATION,SRC-HB-PHENO-EDI-51-16
CAL0405-HB-2010-SPRING-ACSA3-4B-HALF_EXPANSION,2010,SPRING,ACSA3,4B,HALF_EXPANSION,3.0,2010-04-26,116,2010-05-04,124,CALIBRATION,SRC-HB-PHENO-EDI-51-16
CAL0405-HB-2010-SPRING-ACSA3-4T-HALF_EXPANSION,2010,SPRING,ACSA3,4T,HALF_EXPANSION,3.0,2010-05-17,137,2010-05-24,144,CALIBRATION,SRC-HB-PHENO-EDI-51-16
CAL0405-HB-2010-SPRING-ACSA3-5B-HALF_EXPANSION,2010,SPRING,ACSA3,5B,HALF_EXPANSION,3.0,2010-04-26,116,2010-05-04,124,CALIBRATION,SRC-HB-PHENO-EDI-51-16
CAL0405-HB-2010-SPRING-ACSA3-5T-HALF_EXPANSION,2010,SPRING,ACSA3,5T,HALF_EXPANSION,3.0,2010-05-10,130,2010-05-17,137,CALIBRATION,SRC-HB-PHENO-EDI-51-16
CAL0405-HB-2010-SPRING-ACSA3-6T-HALF_EXPANSION,2010,SPRING,ACSA3,6T,HALF_EXPANSION,3.0,2010-05-17,137,2010-05-24,144,CALIBRATION,SRC-HB-PHENO-EDI-51-16
CAL0405-HB-2010-SPRING-ACSA3-7B-HALF_EXPANSION,2010,SPRING,ACSA3,7B,HALF_EXPANSION,3.0,2010-04-26,116,2010-05-04,124,CALIBRATION,SRC-HB-PHENO-EDI-51-16
CAL0405-HB-2010-SPRING-ACSA3-7T-HALF_EXPANSION,2010,SPRING,ACSA3,7T,HALF_EXPANSION,3.0,2010-05-04,124,2010-05-10,130,CALIBRATION,SRC-HB-PHENO-EDI-51-16
CAL0405-HB-2010-SPRING-ACSA3-HQ-HALF_EXPANSION,2010,SPRING,ACSA3,HQ,HALF_EXPANSION,3.0,2010-04-26,116,2010-05-04,124,CALIBRATION,SRC-HB-PHENO-EDI-51-16
CAL0405-HB-2010-SPRING-BEAL2-1B-HALF_EXPANSION,2010,SPRING,BEAL2,1B,HALF_EXPANSION,3.0,2010-05-10,130,2010-05-17,137,CALIBRATION,SRC-HB-PHENO-EDI-51-16
CAL0405-HB-2010-SPRING-BEAL2-4B-HALF_EXPANSION,2010,SPRING,BEAL2,4B,HALF_EXPANSION,3.0,2010-05-04,124,2010-05-10,130,CALIBRATION,SRC-HB-PHENO-EDI-51-16
CAL0405-HB-2010-SPRING-BEAL2-4T-HALF_EXPANSION,2010,SPRING,BEAL2,4T,HALF_EXPANSION,3.0,2010-05-17,137,2010-05-24,144,CALIBRATION,SRC-HB-PHENO-EDI-51-16
CAL0405-HB-2010-SPRING-BEAL2-5B-HALF_EXPANSION,2010,SPRING,BEAL2,5B,HALF_EXPANSION,3.0,2010-05-10,130,2010-05-17,137,CALIBRATION,SRC-HB-PHENO-EDI-51-16
CAL0405-HB-2010-SPRING-BEAL2-5T-HALF_EXPANSION,2010,SPRING,BEAL2,5T,HALF_EXPANSION,3.0,2010-05-17,137,2010-05-24,144,CALIBRATION,SRC-HB-PHENO-EDI-51-16
CAL0405-HB-2010-SPRING-BEAL2-6T-HALF_EXPANSION,2010,SPRING,BEAL2,6T,HALF_EXPANSION,3.0,2010-05-17,137,2010-05-24,144,CALIBRATION,SRC-HB-PHENO-EDI-51-16
CAL0405-HB-2010-SPRING-BEAL2-7B-HALF_EXPANSION,2010,SPRING,BEAL2,7B,HALF_EXPANSION,3.0,2010-05-10,130,2010-05-17,137,CALIBRATION,SRC-HB-PHENO-EDI-51-16
CAL0405-HB-2010-SPRING-BEAL2-7T-HALF_EXPANSION,2010,SPRING,BEAL2,7T,HALF_EXPANSION,3.0,2010-05-10,130,2010-05-17,137,CALIBRATION,SRC-HB-PHENO-EDI-51-16
CAL0405-HB-2010-SPRING-BEAL2-HQ-HALF_EXPANSION,2010,SPRING,BEAL2,HQ,HALF_EXPANSION,3.0,2010-04-26,116,2010-05-04,124,CALIBRATION,SRC-HB-PHENO-EDI-51-16
CAL0405-HB-2010-SPRING-FAGR-1B-HALF_EXPANSION,2010,SPRING,FAGR,1B,HALF_EXPANSION,3.0,2010-05-10,130,2010-05-17,137,CALIBRATION,SRC-HB-PHENO-EDI-51-16
CAL0405-HB-2010-SPRING-FAGR-4B-HALF_EXPANSION,2010,SPRING,FAGR,4B,HALF_EXPANSION,3.0,2010-05-04,124,2010-05-10,130,CALIBRATION,SRC-HB-PHENO-EDI-51-16
CAL0405-HB-2010-SPRING-FAGR-4T-HALF_EXPANSION,2010,SPRING,FAGR,4T,HALF_EXPANSION,3.0,2010-05-17,137,2010-05-24,144,CALIBRATION,SRC-HB-PHENO-EDI-51-16
CAL0405-HB-2010-SPRING-FAGR-5B-HALF_EXPANSION,2010,SPRING,FAGR,5B,HALF_EXPANSION,3.0,2010-05-10,130,2010-05-17,137,CALIBRATION,SRC-HB-PHENO-EDI-51-16
CAL0405-HB-2010-SPRING-FAGR-5T-HALF_EXPANSION,2010,SPRING,FAGR,5T,HALF_EXPANSION,3.0,2010-05-17,137,2010-05-24,144,CALIBRATION,SRC-HB-PHENO-EDI-51-16
CAL0405-HB-2010-SPRING-FAGR-6T-HALF_EXPANSION,2010,SPRING,FAGR,6T,HALF_EXPANSION,3.0,2010-05-17,137,2010-05-24,144,CALIBRATION,SRC-HB-PHENO-EDI-51-16
CAL0405-HB-2010-SPRING-FAGR-7B-HALF_EXPANSION,2010,SPRING,FAGR,7B,HALF_EXPANSION,3.0,2010-05-10,130,2010-05-17,137,CALIBRATION,SRC-HB-PHENO-EDI-51-16
CAL0405-HB-2010-SPRING-FAGR-7T-HALF_EXPANSION,2010,SPRING,FAGR,7T,HALF_EXPANSION,3.0,2010-05-10,130,2010-05-17,137,CALIBRATION,SRC-HB-PHENO-EDI-51-16
CAL0405-HB-2010-SPRING-FAGR-HQ-HALF_EXPANSION,2010,SPRING,FAGR,HQ,HALF_EXPANSION,3.0,2010-04-26,116,2010-05-04,124,CALIBRATION,SRC-HB-PHENO-EDI-51-16
CAL0405-HB-2011-SPRING-ACSA3-1B-HALF_EXPANSION,2011,SPRING,ACSA3,1B,HALF_EXPANSION,3.0,2011-05-10,130,2011-05-16,136,CALIBRATION,SRC-HB-PHENO-EDI-51-16
CAL0405-HB-2011-SPRING-ACSA3-4B-HALF_EXPANSION,2011,SPRING,ACSA3,4B,HALF_EXPANSION,3.0,2011-05-10,130,2011-05-16,136,CALIBRATION,SRC-HB-PHENO-EDI-51-16
CAL0405-HB-2011-SPRING-ACSA3-4T-HALF_EXPANSION,2011,SPRING,ACSA3,4T,HALF_EXPANSION,3.0,2011-05-23,143,2011-05-31,151,CALIBRATION,SRC-HB-PHENO-EDI-51-16
CAL0405-HB-2011-SPRING-ACSA3-5B-HALF_EXPANSION,2011,SPRING,ACSA3,5B,HALF_EXPANSION,3.0,2011-05-10,130,2011-05-16,136,CALIBRATION,SRC-HB-PHENO-EDI-51-16
CAL0405-HB-2011-SPRING-ACSA3-5T-HALF_EXPANSION,2011,SPRING,ACSA3,5T,HALF_EXPANSION,3.0,2011-05-23,143,2011-05-31,151,CALIBRATION,SRC-HB-PHENO-EDI-51-16
CAL0405-HB-2011-SPRING-ACSA3-6T-HALF_EXPANSION,2011,SPRING,ACSA3,6T,HALF_EXPANSION,3.0,2011-05-23,143,2011-05-31,151,CALIBRATION,SRC-HB-PHENO-EDI-51-16
CAL0405-HB-2011-SPRING-ACSA3-7B-HALF_EXPANSION,2011,SPRING,ACSA3,7B,HALF_EXPANSION,3.0,2011-05-16,136,2011-05-23,143,CALIBRATION,SRC-HB-PHENO-EDI-51-16
CAL0405-HB-2011-SPRING-ACSA3-7T-HALF_EXPANSION,2011,SPRING,ACSA3,7T,HALF_EXPANSION,3.0,2011-05-23,143,2011-05-31,151,CALIBRATION,SRC-HB-PHENO-EDI-51-16
CAL0405-HB-2011-SPRING-ACSA3-HQ-HALF_EXPANSION,2011,SPRING,ACSA3,HQ,HALF_EXPANSION,3.0,2011-05-10,130,2011-05-16,136,CALIBRATION,SRC-HB-PHENO-EDI-51-16
CAL0405-HB-2011-SPRING-BEAL2-1B-HALF_EXPANSION,2011,SPRING,BEAL2,1B,HALF_EXPANSION,3.0,2011-05-10,130,2011-05-16,136,CALIBRATION,SRC-HB-PHENO-EDI-51-16
CAL0405-HB-2011-SPRING-BEAL2-4B-HALF_EXPANSION,2011,SPRING,BEAL2,4B,HALF_EXPANSION,3.0,2011-05-16,136,2011-05-23,143,CALIBRATION,SRC-HB-PHENO-EDI-51-16
CAL0405-HB-2011-SPRING-BEAL2-4T-HALF_EXPANSION,2011,SPRING,BEAL2,4T,HALF_EXPANSION,3.0,2011-05-23,143,2011-05-31,151,CALIBRATION,SRC-HB-PHENO-EDI-51-16
CAL0405-HB-2011-SPRING-BEAL2-5B-HALF_EXPANSION,2011,SPRING,BEAL2,5B,HALF_EXPANSION,3.0,2011-05-10,130,2011-05-16,136,CALIBRATION,SRC-HB-PHENO-EDI-51-16
CAL0405-HB-2011-SPRING-BEAL2-5T-HALF_EXPANSION,2011,SPRING,BEAL2,5T,HALF_EXPANSION,3.0,2011-05-23,143,2011-05-31,151,CALIBRATION,SRC-HB-PHENO-EDI-51-16
CAL0405-HB-2011-SPRING-BEAL2-6T-HALF_EXPANSION,2011,SPRING,BEAL2,6T,HALF_EXPANSION,3.0,2011-05-23,143,2011-05-31,151,CALIBRATION,SRC-HB-PHENO-EDI-51-16
CAL0405-HB-2011-SPRING-BEAL2-7B-HALF_EXPANSION,2011,SPRING,BEAL2,7B,HALF_EXPANSION,3.0,2011-05-16,136,2011-05-23,143,CALIBRATION,SRC-HB-PHENO-EDI-51-16
CAL0405-HB-2011-SPRING-BEAL2-7T-HALF_EXPANSION,2011,SPRING,BEAL2,7T,HALF_EXPANSION,3.0,2011-05-23,143,2011-05-31,151,CALIBRATION,SRC-HB-PHENO-EDI-51-16
CAL0405-HB-2011-SPRING-BEAL2-HQ-HALF_EXPANSION,2011,SPRING,BEAL2,HQ,HALF_EXPANSION,3.0,2011-05-10,130,2011-05-16,136,CALIBRATION,SRC-HB-PHENO-EDI-51-16
CAL0405-HB-2011-SPRING-FAGR-1B-HALF_EXPANSION,2011,SPRING,FAGR,1B,HALF_EXPANSION,3.0,2011-05-10,130,2011-05-16,136,CALIBRATION,SRC-HB-PHENO-EDI-51-16
CAL0405-HB-2011-SPRING-FAGR-4B-HALF_EXPANSION,2011,SPRING,FAGR,4B,HALF_EXPANSION,3.0,2011-05-16,136,2011-05-23,143,CALIBRATION,SRC-HB-PHENO-EDI-51-16
CAL0405-HB-2011-SPRING-FAGR-4T-HALF_EXPANSION,2011,SPRING,FAGR,4T,HALF_EXPANSION,3.0,2011-05-23,143,2011-05-31,151,CALIBRATION,SRC-HB-PHENO-EDI-51-16
CAL0405-HB-2011-SPRING-FAGR-5B-HALF_EXPANSION,2011,SPRING,FAGR,5B,HALF_EXPANSION,3.0,2011-05-10,130,2011-05-16,136,CALIBRATION,SRC-HB-PHENO-EDI-51-16
CAL0405-HB-2011-SPRING-FAGR-5T-HALF_EXPANSION,2011,SPRING,FAGR,5T,HALF_EXPANSION,3.0,2011-05-23,143,2011-05-31,151,CALIBRATION,SRC-HB-PHENO-EDI-51-16
CAL0405-HB-2011-SPRING-FAGR-6T-HALF_EXPANSION,2011,SPRING,FAGR,6T,HALF_EXPANSION,3.0,2011-05-23,143,2011-05-31,151,CALIBRATION,SRC-HB-PHENO-EDI-51-16
CAL0405-HB-2011-SPRING-FAGR-7B-HALF_EXPANSION,2011,SPRING,FAGR,7B,HALF_EXPANSION,3.0,2011-05-16,136,2011-05-23,143,CALIBRATION,SRC-HB-PHENO-EDI-51-16
CAL0405-HB-2011-SPRING-FAGR-7T-HALF_EXPANSION,2011,SPRING,FAGR,7T,HALF_EXPANSION,3.0,2011-05-23,143,2011-05-31,151,CALIBRATION,SRC-HB-PHENO-EDI-51-16
CAL0405-HB-2011-SPRING-FAGR-HQ-HALF_EXPANSION,2011,SPRING,FAGR,HQ,HALF_EXPANSION,3.0,2011-05-16,136,2011-05-23,143,CALIBRATION,SRC-HB-PHENO-EDI-51-16
CAL0405-HB-2012-SPRING-ACSA3-1B-HALF_EXPANSION,2012,SPRING,ACSA3,1B,HALF_EXPANSION,3.0,2012-05-01,122,2012-05-07,128,CALIBRATION,SRC-HB-PHENO-EDI-51-16
CAL0405-HB-2012-SPRING-ACSA3-4B-HALF_EXPANSION,2012,SPRING,ACSA3,4B,HALF_EXPANSION,3.0,2012-04-23,114,2012-05-01,122,CALIBRATION,SRC-HB-PHENO-EDI-51-16
CAL0405-HB-2012-SPRING-ACSA3-4T-HALF_EXPANSION,2012,SPRING,ACSA3,4T,HALF_EXPANSION,3.0,2012-05-07,128,2012-05-15,135,CALIBRATION,SRC-HB-PHENO-EDI-51-16
CAL0405-HB-2012-SPRING-ACSA3-5B-HALF_EXPANSION,2012,SPRING,ACSA3,5B,HALF_EXPANSION,3.0,2012-05-01,122,2012-05-07,128,CALIBRATION,SRC-HB-PHENO-EDI-51-16
CAL0405-HB-2012-SPRING-ACSA3-5T-HALF_EXPANSION,2012,SPRING,ACSA3,5T,HALF_EXPANSION,3.0,2012-05-07,128,2012-05-15,135,CALIBRATION,SRC-HB-PHENO-EDI-51-16
CAL0405-HB-2012-SPRING-ACSA3-6T-HALF_EXPANSION,2012,SPRING,ACSA3,6T,HALF_EXPANSION,3.0,2012-05-15,135,2012-05-21,142,CALIBRATION,SRC-HB-PHENO-EDI-51-16
CAL0405-HB-2012-SPRING-ACSA3-7B-HALF_EXPANSION,2012,SPRING,ACSA3,7B,HALF_EXPANSION,3.0,2012-05-07,128,2012-05-15,135,CALIBRATION,SRC-HB-PHENO-EDI-51-16
CAL0405-HB-2012-SPRING-ACSA3-7T-HALF_EXPANSION,2012,SPRING,ACSA3,7T,HALF_EXPANSION,3.0,2012-05-15,135,2012-05-21,142,CALIBRATION,SRC-HB-PHENO-EDI-51-16
CAL0405-HB-2012-SPRING-ACSA3-HQ-HALF_EXPANSION,2012,SPRING,ACSA3,HQ,HALF_EXPANSION,3.0,2012-05-07,128,2012-05-15,135,CALIBRATION,SRC-HB-PHENO-EDI-51-16
CAL0405-HB-2012-SPRING-BEAL2-1B-HALF_EXPANSION,2012,SPRING,BEAL2,1B,HALF_EXPANSION,3.0,2012-05-07,128,2012-05-15,135,CALIBRATION,SRC-HB-PHENO-EDI-51-16
CAL0405-HB-2012-SPRING-BEAL2-4B-HALF_EXPANSION,2012,SPRING,BEAL2,4B,HALF_EXPANSION,3.0,2012-05-07,128,2012-05-15,135,CALIBRATION,SRC-HB-PHENO-EDI-51-16
CAL0405-HB-2012-SPRING-BEAL2-4T-HALF_EXPANSION,2012,SPRING,BEAL2,4T,HALF_EXPANSION,3.0,2012-05-15,135,2012-05-21,142,CALIBRATION,SRC-HB-PHENO-EDI-51-16
CAL0405-HB-2012-SPRING-BEAL2-5B-HALF_EXPANSION,2012,SPRING,BEAL2,5B,HALF_EXPANSION,3.0,2012-05-07,128,2012-05-15,135,CALIBRATION,SRC-HB-PHENO-EDI-51-16
CAL0405-HB-2012-SPRING-BEAL2-5T-HALF_EXPANSION,2012,SPRING,BEAL2,5T,HALF_EXPANSION,3.0,2012-05-15,135,2012-05-21,142,CALIBRATION,SRC-HB-PHENO-EDI-51-16
CAL0405-HB-2012-SPRING-BEAL2-6T-HALF_EXPANSION,2012,SPRING,BEAL2,6T,HALF_EXPANSION,3.0,2012-05-15,135,2012-05-21,142,CALIBRATION,SRC-HB-PHENO-EDI-51-16
CAL0405-HB-2012-SPRING-BEAL2-7B-HALF_EXPANSION,2012,SPRING,BEAL2,7B,HALF_EXPANSION,3.0,2012-05-07,128,2012-05-15,135,CALIBRATION,SRC-HB-PHENO-EDI-51-16
CAL0405-HB-2012-SPRING-BEAL2-7T-HALF_EXPANSION,2012,SPRING,BEAL2,7T,HALF_EXPANSION,3.0,2012-05-21,142,2012-05-29,150,CALIBRATION,SRC-HB-PHENO-EDI-51-16
CAL0405-HB-2012-SPRING-BEAL2-HQ-HALF_EXPANSION,2012,SPRING,BEAL2,HQ,HALF_EXPANSION,3.0,2012-05-07,128,2012-05-15,135,CALIBRATION,SRC-HB-PHENO-EDI-51-16
CAL0405-HB-2012-SPRING-FAGR-1B-HALF_EXPANSION,2012,SPRING,FAGR,1B,HALF_EXPANSION,3.0,2012-05-07,128,2012-05-15,135,CALIBRATION,SRC-HB-PHENO-EDI-51-16
CAL0405-HB-2012-SPRING-FAGR-4B-HALF_EXPANSION,2012,SPRING,FAGR,4B,HALF_EXPANSION,3.0,2012-05-15,135,2012-05-21,142,CALIBRATION,SRC-HB-PHENO-EDI-51-16
CAL0405-HB-2012-SPRING-FAGR-4T-HALF_EXPANSION,2012,SPRING,FAGR,4T,HALF_EXPANSION,3.0,2012-05-15,135,2012-05-21,142,CALIBRATION,SRC-HB-PHENO-EDI-51-16
CAL0405-HB-2012-SPRING-FAGR-5B-HALF_EXPANSION,2012,SPRING,FAGR,5B,HALF_EXPANSION,3.0,2012-05-15,135,2012-05-21,142,CALIBRATION,SRC-HB-PHENO-EDI-51-16
CAL0405-HB-2012-SPRING-FAGR-5T-HALF_EXPANSION,2012,SPRING,FAGR,5T,HALF_EXPANSION,3.0,2012-05-15,135,2012-05-21,142,CALIBRATION,SRC-HB-PHENO-EDI-51-16
CAL0405-HB-2012-SPRING-FAGR-6T-HALF_EXPANSION,2012,SPRING,FAGR,6T,HALF_EXPANSION,3.0,2012-05-15,135,2012-05-21,142,CALIBRATION,SRC-HB-PHENO-EDI-51-16
CAL0405-HB-2012-SPRING-FAGR-7B-HALF_EXPANSION,2012,SPRING,FAGR,7B,HALF_EXPANSION,3.0,2012-05-15,135,2012-05-21,142,CALIBRATION,SRC-HB-PHENO-EDI-51-16
CAL0405-HB-2012-SPRING-FAGR-7T-HALF_EXPANSION,2012,SPRING,FAGR,7T,HALF_EXPANSION,3.0,2012-05-21,142,2012-05-29,150,CALIBRATION,SRC-HB-PHENO-EDI-51-16
CAL0405-HB-2012-SPRING-FAGR-HQ-HALF_EXPANSION,2012,SPRING,FAGR,HQ,HALF_EXPANSION,3.0,2012-05-07,128,2012-05-15,135,CALIBRATION,SRC-HB-PHENO-EDI-51-16
CAL0405-HB-2013-SPRING-ACSA3-1B-HALF_EXPANSION,2013,SPRING,ACSA3,1B,HALF_EXPANSION,3.0,2013-04-29,119,2013-05-06,126,CALIBRATION,SRC-HB-PHENO-EDI-51-16
CAL0405-HB-2013-SPRING-ACSA3-4B-HALF_EXPANSION,2013,SPRING,ACSA3,4B,HALF_EXPANSION,3.0,2013-04-29,119,2013-05-06,126,CALIBRATION,SRC-HB-PHENO-EDI-51-16
CAL0405-HB-2013-SPRING-ACSA3-4T-HALF_EXPANSION,2013,SPRING,ACSA3,4T,HALF_EXPANSION,3.0,2013-05-06,126,2013-05-13,133,CALIBRATION,SRC-HB-PHENO-EDI-51-16
CAL0405-HB-2013-SPRING-ACSA3-5B-HALF_EXPANSION,2013,SPRING,ACSA3,5B,HALF_EXPANSION,3.0,2013-04-29,119,2013-05-06,126,CALIBRATION,SRC-HB-PHENO-EDI-51-16
CAL0405-HB-2013-SPRING-ACSA3-5T-HALF_EXPANSION,2013,SPRING,ACSA3,5T,HALF_EXPANSION,3.0,2013-05-13,133,2013-05-21,141,CALIBRATION,SRC-HB-PHENO-EDI-51-16
CAL0405-HB-2013-SPRING-ACSA3-6T-HALF_EXPANSION,2013,SPRING,ACSA3,6T,HALF_EXPANSION,3.0,2013-05-06,126,2013-05-13,133,CALIBRATION,SRC-HB-PHENO-EDI-51-16
CAL0405-HB-2013-SPRING-ACSA3-7B-HALF_EXPANSION,2013,SPRING,ACSA3,7B,HALF_EXPANSION,3.0,2013-05-06,126,2013-05-13,133,CALIBRATION,SRC-HB-PHENO-EDI-51-16
CAL0405-HB-2013-SPRING-ACSA3-7T-HALF_EXPANSION,2013,SPRING,ACSA3,7T,HALF_EXPANSION,3.0,2013-05-13,133,2013-05-21,141,CALIBRATION,SRC-HB-PHENO-EDI-51-16
CAL0405-HB-2013-SPRING-ACSA3-HQ-HALF_EXPANSION,2013,SPRING,ACSA3,HQ,HALF_EXPANSION,3.0,2013-04-29,119,2013-05-06,126,CALIBRATION,SRC-HB-PHENO-EDI-51-16
CAL0405-HB-2013-SPRING-BEAL2-1B-HALF_EXPANSION,2013,SPRING,BEAL2,1B,HALF_EXPANSION,3.0,2013-05-06,126,2013-05-13,133,CALIBRATION,SRC-HB-PHENO-EDI-51-16
CAL0405-HB-2013-SPRING-BEAL2-4B-HALF_EXPANSION,2013,SPRING,BEAL2,4B,HALF_EXPANSION,3.0,2013-05-06,126,2013-05-13,133,CALIBRATION,SRC-HB-PHENO-EDI-51-16
CAL0405-HB-2013-SPRING-BEAL2-4T-HALF_EXPANSION,2013,SPRING,BEAL2,4T,HALF_EXPANSION,3.0,2013-05-13,133,2013-05-21,141,CALIBRATION,SRC-HB-PHENO-EDI-51-16
CAL0405-HB-2013-SPRING-BEAL2-5B-HALF_EXPANSION,2013,SPRING,BEAL2,5B,HALF_EXPANSION,3.0,2013-05-06,126,2013-05-13,133,CALIBRATION,SRC-HB-PHENO-EDI-51-16
CAL0405-HB-2013-SPRING-BEAL2-5T-HALF_EXPANSION,2013,SPRING,BEAL2,5T,HALF_EXPANSION,3.0,2013-05-13,133,2013-05-21,141,CALIBRATION,SRC-HB-PHENO-EDI-51-16
CAL0405-HB-2013-SPRING-BEAL2-6T-HALF_EXPANSION,2013,SPRING,BEAL2,6T,HALF_EXPANSION,3.0,2013-05-21,141,2013-05-28,148,CALIBRATION,SRC-HB-PHENO-EDI-51-16
CAL0405-HB-2013-SPRING-BEAL2-7B-HALF_EXPANSION,2013,SPRING,BEAL2,7B,HALF_EXPANSION,3.0,2013-05-13,133,2013-05-21,141,CALIBRATION,SRC-HB-PHENO-EDI-51-16
CAL0405-HB-2013-SPRING-BEAL2-7T-HALF_EXPANSION,2013,SPRING,BEAL2,7T,HALF_EXPANSION,3.0,2013-05-21,141,2013-05-28,148,CALIBRATION,SRC-HB-PHENO-EDI-51-16
CAL0405-HB-2013-SPRING-BEAL2-HQ-HALF_EXPANSION,2013,SPRING,BEAL2,HQ,HALF_EXPANSION,3.0,2013-05-13,133,2013-05-21,141,CALIBRATION,SRC-HB-PHENO-EDI-51-16
CAL0405-HB-2013-SPRING-FAGR-1B-HALF_EXPANSION,2013,SPRING,FAGR,1B,HALF_EXPANSION,3.0,2013-05-06,126,2013-05-13,133,CALIBRATION,SRC-HB-PHENO-EDI-51-16
CAL0405-HB-2013-SPRING-FAGR-4B-HALF_EXPANSION,2013,SPRING,FAGR,4B,HALF_EXPANSION,3.0,2013-05-06,126,2013-05-13,133,CALIBRATION,SRC-HB-PHENO-EDI-51-16
CAL0405-HB-2013-SPRING-FAGR-4T-HALF_EXPANSION,2013,SPRING,FAGR,4T,HALF_EXPANSION,3.0,2013-05-13,133,2013-05-21,141,CALIBRATION,SRC-HB-PHENO-EDI-51-16
CAL0405-HB-2013-SPRING-FAGR-5B-HALF_EXPANSION,2013,SPRING,FAGR,5B,HALF_EXPANSION,3.0,2013-05-06,126,2013-05-13,133,CALIBRATION,SRC-HB-PHENO-EDI-51-16
CAL0405-HB-2013-SPRING-FAGR-5T-HALF_EXPANSION,2013,SPRING,FAGR,5T,HALF_EXPANSION,3.0,2013-05-13,133,2013-05-21,141,CALIBRATION,SRC-HB-PHENO-EDI-51-16
CAL0405-HB-2013-SPRING-FAGR-6T-HALF_EXPANSION,2013,SPRING,FAGR,6T,HALF_EXPANSION,3.0,2013-05-13,133,2013-05-21,141,CALIBRATION,SRC-HB-PHENO-EDI-51-16
CAL0405-HB-2013-SPRING-FAGR-7B-HALF_EXPANSION,2013,SPRING,FAGR,7B,HALF_EXPANSION,3.0,2013-05-13,133,2013-05-21,141,CALIBRATION,SRC-HB-PHENO-EDI-51-16
CAL0405-HB-2013-SPRING-FAGR-7T-HALF_EXPANSION,2013,SPRING,FAGR,7T,HALF_EXPANSION,3.0,2013-05-21,141,2013-05-28,148,CALIBRATION,SRC-HB-PHENO-EDI-51-16
CAL0405-HB-2013-SPRING-FAGR-HQ-HALF_EXPANSION,2013,SPRING,FAGR,HQ,HALF_EXPANSION,3.0,2013-05-06,126,2013-05-13,133,CALIBRATION,SRC-HB-PHENO-EDI-51-16
CAL0405-HB-2014-SPRING-ACSA3-1B-HALF_EXPANSION,2014,SPRING,ACSA3,1B,HALF_EXPANSION,3.0,2014-05-12,132,2014-05-19,139,CALIBRATION,SRC-HB-PHENO-EDI-51-16
CAL0405-HB-2014-SPRING-ACSA3-4B-HALF_EXPANSION,2014,SPRING,ACSA3,4B,HALF_EXPANSION,3.0,2014-05-12,132,2014-05-19,139,CALIBRATION,SRC-HB-PHENO-EDI-51-16
CAL0405-HB-2014-SPRING-ACSA3-4T-HALF_EXPANSION,2014,SPRING,ACSA3,4T,HALF_EXPANSION,3.0,2014-05-19,139,2014-05-27,147,CALIBRATION,SRC-HB-PHENO-EDI-51-16
CAL0405-HB-2014-SPRING-ACSA3-5B-HALF_EXPANSION,2014,SPRING,ACSA3,5B,HALF_EXPANSION,3.0,2014-05-12,132,2014-05-19,139,CALIBRATION,SRC-HB-PHENO-EDI-51-16
CAL0405-HB-2014-SPRING-ACSA3-5T-HALF_EXPANSION,2014,SPRING,ACSA3,5T,HALF_EXPANSION,3.0,2014-05-19,139,2014-05-27,147,CALIBRATION,SRC-HB-PHENO-EDI-51-16
CAL0405-HB-2014-SPRING-ACSA3-6T-HALF_EXPANSION,2014,SPRING,ACSA3,6T,HALF_EXPANSION,3.0,2014-05-19,139,2014-05-27,147,CALIBRATION,SRC-HB-PHENO-EDI-51-16
CAL0405-HB-2014-SPRING-ACSA3-7B-HALF_EXPANSION,2014,SPRING,ACSA3,7B,HALF_EXPANSION,3.0,2014-05-19,139,2014-05-27,147,CALIBRATION,SRC-HB-PHENO-EDI-51-16
CAL0405-HB-2014-SPRING-ACSA3-7T-HALF_EXPANSION,2014,SPRING,ACSA3,7T,HALF_EXPANSION,3.0,2014-05-19,139,2014-05-27,147,CALIBRATION,SRC-HB-PHENO-EDI-51-16
CAL0405-HB-2014-SPRING-ACSA3-HQ-HALF_EXPANSION,2014,SPRING,ACSA3,HQ,HALF_EXPANSION,3.0,2014-05-12,132,2014-05-19,139,CALIBRATION,SRC-HB-PHENO-EDI-51-16
CAL0405-HB-2014-SPRING-BEAL2-1B-HALF_EXPANSION,2014,SPRING,BEAL2,1B,HALF_EXPANSION,3.0,2014-05-19,139,2014-05-27,147,CALIBRATION,SRC-HB-PHENO-EDI-51-16
CAL0405-HB-2014-SPRING-BEAL2-4B-HALF_EXPANSION,2014,SPRING,BEAL2,4B,HALF_EXPANSION,3.0,2014-05-19,139,2014-05-27,147,CALIBRATION,SRC-HB-PHENO-EDI-51-16
CAL0405-HB-2014-SPRING-BEAL2-4T-HALF_EXPANSION,2014,SPRING,BEAL2,4T,HALF_EXPANSION,3.0,2014-05-27,147,2014-06-02,153,CALIBRATION,SRC-HB-PHENO-EDI-51-16
CAL0405-HB-2014-SPRING-BEAL2-5B-HALF_EXPANSION,2014,SPRING,BEAL2,5B,HALF_EXPANSION,3.0,2014-05-19,139,2014-05-27,147,CALIBRATION,SRC-HB-PHENO-EDI-51-16
CAL0405-HB-2014-SPRING-BEAL2-5T-HALF_EXPANSION,2014,SPRING,BEAL2,5T,HALF_EXPANSION,3.0,2014-05-19,139,2014-05-27,147,CALIBRATION,SRC-HB-PHENO-EDI-51-16
CAL0405-HB-2014-SPRING-BEAL2-6T-HALF_EXPANSION,2014,SPRING,BEAL2,6T,HALF_EXPANSION,3.0,2014-05-27,147,2014-06-02,153,CALIBRATION,SRC-HB-PHENO-EDI-51-16
CAL0405-HB-2014-SPRING-BEAL2-7B-HALF_EXPANSION,2014,SPRING,BEAL2,7B,HALF_EXPANSION,3.0,2014-05-19,139,2014-05-27,147,CALIBRATION,SRC-HB-PHENO-EDI-51-16
CAL0405-HB-2014-SPRING-BEAL2-7T-HALF_EXPANSION,2014,SPRING,BEAL2,7T,HALF_EXPANSION,3.0,2014-05-27,147,2014-06-02,153,CALIBRATION,SRC-HB-PHENO-EDI-51-16
CAL0405-HB-2014-SPRING-BEAL2-HQ-HALF_EXPANSION,2014,SPRING,BEAL2,HQ,HALF_EXPANSION,3.0,2014-05-12,132,2014-05-19,139,CALIBRATION,SRC-HB-PHENO-EDI-51-16
CAL0405-HB-2014-SPRING-FAGR-1B-HALF_EXPANSION,2014,SPRING,FAGR,1B,HALF_EXPANSION,3.0,2014-05-19,139,2014-05-27,147,CALIBRATION,SRC-HB-PHENO-EDI-51-16
CAL0405-HB-2014-SPRING-FAGR-4B-HALF_EXPANSION,2014,SPRING,FAGR,4B,HALF_EXPANSION,3.0,2014-05-19,139,2014-05-27,147,CALIBRATION,SRC-HB-PHENO-EDI-51-16
CAL0405-HB-2014-SPRING-FAGR-4T-HALF_EXPANSION,2014,SPRING,FAGR,4T,HALF_EXPANSION,3.0,2014-05-27,147,2014-06-02,153,CALIBRATION,SRC-HB-PHENO-EDI-51-16
CAL0405-HB-2014-SPRING-FAGR-5B-HALF_EXPANSION,2014,SPRING,FAGR,5B,HALF_EXPANSION,3.0,2014-05-19,139,2014-05-27,147,CALIBRATION,SRC-HB-PHENO-EDI-51-16
CAL0405-HB-2014-SPRING-FAGR-5T-HALF_EXPANSION,2014,SPRING,FAGR,5T,HALF_EXPANSION,3.0,2014-05-27,147,2014-06-02,153,CALIBRATION,SRC-HB-PHENO-EDI-51-16
CAL0405-HB-2014-SPRING-FAGR-6T-HALF_EXPANSION,2014,SPRING,FAGR,6T,HALF_EXPANSION,3.0,2014-05-27,147,2014-06-02,153,CALIBRATION,SRC-HB-PHENO-EDI-51-16
CAL0405-HB-2014-SPRING-FAGR-7B-HALF_EXPANSION,2014,SPRING,FAGR,7B,HALF_EXPANSION,3.0,2014-05-27,147,2014-06-02,153,CALIBRATION,SRC-HB-PHENO-EDI-51-16
CAL0405-HB-2014-SPRING-FAGR-7T-HALF_EXPANSION,2014,SPRING,FAGR,7T,HALF_EXPANSION,3.0,2014-05-27,147,2014-06-02,153,CALIBRATION,SRC-HB-PHENO-EDI-51-16
CAL0405-HB-2014-SPRING-FAGR-HQ-HALF_EXPANSION,2014,SPRING,FAGR,HQ,HALF_EXPANSION,3.0,2014-05-12,132,2014-05-19,139,CALIBRATION,SRC-HB-PHENO-EDI-51-16
CAL0405-HB-2015-SPRING-ACSA3-1B-HALF_EXPANSION,2015,SPRING,ACSA3,1B,HALF_EXPANSION,3.0,2015-05-05,125,2015-05-13,133,CALIBRATION,SRC-HB-PHENO-EDI-51-16
CAL0405-HB-2015-SPRING-ACSA3-4B-HALF_EXPANSION,2015,SPRING,ACSA3,4B,HALF_EXPANSION,3.0,2015-05-05,125,2015-05-13,133,CALIBRATION,SRC-HB-PHENO-EDI-51-16
CAL0405-HB-2015-SPRING-ACSA3-4T-HALF_EXPANSION,2015,SPRING,ACSA3,4T,HALF_EXPANSION,3.0,2015-05-13,133,2015-05-18,138,CALIBRATION,SRC-HB-PHENO-EDI-51-16
CAL0405-HB-2015-SPRING-ACSA3-5B-HALF_EXPANSION,2015,SPRING,ACSA3,5B,HALF_EXPANSION,3.0,2015-05-13,133,2015-05-18,138,CALIBRATION,SRC-HB-PHENO-EDI-51-16
CAL0405-HB-2015-SPRING-ACSA3-5T-HALF_EXPANSION,2015,SPRING,ACSA3,5T,HALF_EXPANSION,3.0,2015-05-18,138,2015-05-26,146,CALIBRATION,SRC-HB-PHENO-EDI-51-16
CAL0405-HB-2015-SPRING-ACSA3-6T-HALF_EXPANSION,2015,SPRING,ACSA3,6T,HALF_EXPANSION,3.0,2015-05-13,133,2015-05-18,138,CALIBRATION,SRC-HB-PHENO-EDI-51-16
CAL0405-HB-2015-SPRING-ACSA3-7B-HALF_EXPANSION,2015,SPRING,ACSA3,7B,HALF_EXPANSION,3.0,2015-05-13,133,2015-05-18,138,CALIBRATION,SRC-HB-PHENO-EDI-51-16
CAL0405-HB-2015-SPRING-ACSA3-7T-HALF_EXPANSION,2015,SPRING,ACSA3,7T,HALF_EXPANSION,3.0,2015-05-13,133,2015-05-18,138,CALIBRATION,SRC-HB-PHENO-EDI-51-16
CAL0405-HB-2015-SPRING-ACSA3-HQ-HALF_EXPANSION,2015,SPRING,ACSA3,HQ,HALF_EXPANSION,3.0,2015-05-05,125,2015-05-13,133,CALIBRATION,SRC-HB-PHENO-EDI-51-16
CAL0405-HB-2015-SPRING-BEAL2-1B-HALF_EXPANSION,2015,SPRING,BEAL2,1B,HALF_EXPANSION,3.0,2015-05-05,125,2015-05-13,133,CALIBRATION,SRC-HB-PHENO-EDI-51-16
CAL0405-HB-2015-SPRING-BEAL2-4B-HALF_EXPANSION,2015,SPRING,BEAL2,4B,HALF_EXPANSION,3.0,2015-05-05,125,2015-05-13,133,CALIBRATION,SRC-HB-PHENO-EDI-51-16
CAL0405-HB-2015-SPRING-BEAL2-4T-HALF_EXPANSION,2015,SPRING,BEAL2,4T,HALF_EXPANSION,3.0,2015-05-13,133,2015-05-18,138,CALIBRATION,SRC-HB-PHENO-EDI-51-16
CAL0405-HB-2015-SPRING-BEAL2-5B-HALF_EXPANSION,2015,SPRING,BEAL2,5B,HALF_EXPANSION,3.0,2015-05-13,133,2015-05-18,138,CALIBRATION,SRC-HB-PHENO-EDI-51-16
CAL0405-HB-2015-SPRING-BEAL2-5T-HALF_EXPANSION,2015,SPRING,BEAL2,5T,HALF_EXPANSION,3.0,2015-05-13,133,2015-05-18,138,CALIBRATION,SRC-HB-PHENO-EDI-51-16
CAL0405-HB-2015-SPRING-BEAL2-6T-HALF_EXPANSION,2015,SPRING,BEAL2,6T,HALF_EXPANSION,3.0,2015-05-13,133,2015-05-18,138,CALIBRATION,SRC-HB-PHENO-EDI-51-16
CAL0405-HB-2015-SPRING-BEAL2-7B-HALF_EXPANSION,2015,SPRING,BEAL2,7B,HALF_EXPANSION,3.0,2015-05-13,133,2015-05-18,138,CALIBRATION,SRC-HB-PHENO-EDI-51-16
CAL0405-HB-2015-SPRING-BEAL2-7T-HALF_EXPANSION,2015,SPRING,BEAL2,7T,HALF_EXPANSION,3.0,2015-05-18,138,2015-05-26,146,CALIBRATION,SRC-HB-PHENO-EDI-51-16
CAL0405-HB-2015-SPRING-BEAL2-HQ-HALF_EXPANSION,2015,SPRING,BEAL2,HQ,HALF_EXPANSION,3.0,2015-05-05,125,2015-05-13,133,CALIBRATION,SRC-HB-PHENO-EDI-51-16
CAL0405-HB-2015-SPRING-FAGR-1B-HALF_EXPANSION,2015,SPRING,FAGR,1B,HALF_EXPANSION,3.0,2015-05-13,133,2015-05-18,138,CALIBRATION,SRC-HB-PHENO-EDI-51-16
CAL0405-HB-2015-SPRING-FAGR-4B-HALF_EXPANSION,2015,SPRING,FAGR,4B,HALF_EXPANSION,3.0,2015-05-05,125,2015-05-13,133,CALIBRATION,SRC-HB-PHENO-EDI-51-16
CAL0405-HB-2015-SPRING-FAGR-4T-HALF_EXPANSION,2015,SPRING,FAGR,4T,HALF_EXPANSION,3.0,2015-05-18,138,2015-05-26,146,CALIBRATION,SRC-HB-PHENO-EDI-51-16
CAL0405-HB-2015-SPRING-FAGR-5B-HALF_EXPANSION,2015,SPRING,FAGR,5B,HALF_EXPANSION,3.0,2015-05-13,133,2015-05-18,138,CALIBRATION,SRC-HB-PHENO-EDI-51-16
CAL0405-HB-2015-SPRING-FAGR-5T-HALF_EXPANSION,2015,SPRING,FAGR,5T,HALF_EXPANSION,3.0,2015-05-18,138,2015-05-26,146,CALIBRATION,SRC-HB-PHENO-EDI-51-16
CAL0405-HB-2015-SPRING-FAGR-6T-HALF_EXPANSION,2015,SPRING,FAGR,6T,HALF_EXPANSION,3.0,2015-05-18,138,2015-05-26,146,CALIBRATION,SRC-HB-PHENO-EDI-51-16
CAL0405-HB-2015-SPRING-FAGR-7B-HALF_EXPANSION,2015,SPRING,FAGR,7B,HALF_EXPANSION,3.0,2015-05-13,133,2015-05-18,138,CALIBRATION,SRC-HB-PHENO-EDI-51-16
CAL0405-HB-2015-SPRING-FAGR-7T-HALF_EXPANSION,2015,SPRING,FAGR,7T,HALF_EXPANSION,3.0,2015-05-26,146,2015-06-03,154,CALIBRATION,SRC-HB-PHENO-EDI-51-16
CAL0405-HB-2015-SPRING-FAGR-HQ-HALF_EXPANSION,2015,SPRING,FAGR,HQ,HALF_EXPANSION,3.0,2015-05-13,133,2015-05-18,138,CALIBRATION,SRC-HB-PHENO-EDI-51-16
CAL0405-HB-2016-SPRING-ACSA3-1B-HALF_EXPANSION,2016,SPRING,ACSA3,1B,HALF_EXPANSION,3.0,2016-05-16,139,2016-05-23,144,CALIBRATION,SRC-HB-PHENO-EDI-51-16
CAL0405-HB-2016-SPRING-ACSA3-4B-HALF_EXPANSION,2016,SPRING,ACSA3,4B,HALF_EXPANSION,3.0,2016-05-09,131,2016-05-16,139,CALIBRATION,SRC-HB-PHENO-EDI-51-16
CAL0405-HB-2016-SPRING-ACSA3-4T-HALF_EXPANSION,2016,SPRING,ACSA3,4T,HALF_EXPANSION,3.0,2016-05-23,144,2016-06-01,153,CALIBRATION,SRC-HB-PHENO-EDI-51-16
CAL0405-HB-2016-SPRING-ACSA3-5B-HALF_EXPANSION,2016,SPRING,ACSA3,5B,HALF_EXPANSION,3.0,2016-05-16,139,2016-05-23,144,CALIBRATION,SRC-HB-PHENO-EDI-51-16
CAL0405-HB-2016-SPRING-ACSA3-5T-HALF_EXPANSION,2016,SPRING,ACSA3,5T,HALF_EXPANSION,3.0,2016-05-23,144,2016-06-01,153,CALIBRATION,SRC-HB-PHENO-EDI-51-16
CAL0405-HB-2016-SPRING-ACSA3-6T-HALF_EXPANSION,2016,SPRING,ACSA3,6T,HALF_EXPANSION,3.0,2016-05-16,139,2016-05-23,144,CALIBRATION,SRC-HB-PHENO-EDI-51-16
CAL0405-HB-2016-SPRING-ACSA3-7B-HALF_EXPANSION,2016,SPRING,ACSA3,7B,HALF_EXPANSION,3.0,2016-05-23,144,2016-06-01,153,CALIBRATION,SRC-HB-PHENO-EDI-51-16
CAL0405-HB-2016-SPRING-ACSA3-7T-HALF_EXPANSION,2016,SPRING,ACSA3,7T,HALF_EXPANSION,3.0,2016-05-23,144,2016-06-01,153,CALIBRATION,SRC-HB-PHENO-EDI-51-16
CAL0405-HB-2016-SPRING-ACSA3-HQ-HALF_EXPANSION,2016,SPRING,ACSA3,HQ,HALF_EXPANSION,3.0,2016-05-09,131,2016-05-16,139,CALIBRATION,SRC-HB-PHENO-EDI-51-16
CAL0405-HB-2016-SPRING-BEAL2-1B-HALF_EXPANSION,2016,SPRING,BEAL2,1B,HALF_EXPANSION,3.0,2016-05-16,139,2016-05-23,144,CALIBRATION,SRC-HB-PHENO-EDI-51-16
CAL0405-HB-2016-SPRING-BEAL2-4B-HALF_EXPANSION,2016,SPRING,BEAL2,4B,HALF_EXPANSION,3.0,2016-05-16,139,2016-05-23,144,CALIBRATION,SRC-HB-PHENO-EDI-51-16
CAL0405-HB-2016-SPRING-BEAL2-4T-HALF_EXPANSION,2016,SPRING,BEAL2,4T,HALF_EXPANSION,3.0,2016-05-23,144,2016-06-01,153,CALIBRATION,SRC-HB-PHENO-EDI-51-16
CAL0405-HB-2016-SPRING-BEAL2-5B-HALF_EXPANSION,2016,SPRING,BEAL2,5B,HALF_EXPANSION,3.0,2016-05-16,139,2016-05-23,144,CALIBRATION,SRC-HB-PHENO-EDI-51-16
CAL0405-HB-2016-SPRING-BEAL2-5T-HALF_EXPANSION,2016,SPRING,BEAL2,5T,HALF_EXPANSION,3.0,2016-05-23,144,2016-06-01,153,CALIBRATION,SRC-HB-PHENO-EDI-51-16
CAL0405-HB-2016-SPRING-BEAL2-6T-HALF_EXPANSION,2016,SPRING,BEAL2,6T,HALF_EXPANSION,3.0,2016-05-23,144,2016-06-01,153,CALIBRATION,SRC-HB-PHENO-EDI-51-16
CAL0405-HB-2016-SPRING-BEAL2-7B-HALF_EXPANSION,2016,SPRING,BEAL2,7B,HALF_EXPANSION,3.0,2016-05-23,144,2016-06-01,153,CALIBRATION,SRC-HB-PHENO-EDI-51-16
CAL0405-HB-2016-SPRING-BEAL2-7T-HALF_EXPANSION,2016,SPRING,BEAL2,7T,HALF_EXPANSION,3.0,2016-05-23,144,2016-06-01,153,CALIBRATION,SRC-HB-PHENO-EDI-51-16
CAL0405-HB-2016-SPRING-BEAL2-HQ-HALF_EXPANSION,2016,SPRING,BEAL2,HQ,HALF_EXPANSION,3.0,2016-05-16,139,2016-05-23,144,CALIBRATION,SRC-HB-PHENO-EDI-51-16
CAL0405-HB-2016-SPRING-FAGR-1B-HALF_EXPANSION,2016,SPRING,FAGR,1B,HALF_EXPANSION,3.0,2016-05-16,139,2016-05-23,144,CALIBRATION,SRC-HB-PHENO-EDI-51-16
CAL0405-HB-2016-SPRING-FAGR-4B-HALF_EXPANSION,2016,SPRING,FAGR,4B,HALF_EXPANSION,3.0,2016-05-16,139,2016-05-23,144,CALIBRATION,SRC-HB-PHENO-EDI-51-16
CAL0405-HB-2016-SPRING-FAGR-4T-HALF_EXPANSION,2016,SPRING,FAGR,4T,HALF_EXPANSION,3.0,2016-05-23,144,2016-06-01,153,CALIBRATION,SRC-HB-PHENO-EDI-51-16
CAL0405-HB-2016-SPRING-FAGR-5B-HALF_EXPANSION,2016,SPRING,FAGR,5B,HALF_EXPANSION,3.0,2016-05-16,139,2016-05-23,144,CALIBRATION,SRC-HB-PHENO-EDI-51-16
CAL0405-HB-2016-SPRING-FAGR-5T-HALF_EXPANSION,2016,SPRING,FAGR,5T,HALF_EXPANSION,3.0,2016-05-23,144,2016-06-01,153,CALIBRATION,SRC-HB-PHENO-EDI-51-16
CAL0405-HB-2016-SPRING-FAGR-6T-HALF_EXPANSION,2016,SPRING,FAGR,6T,HALF_EXPANSION,3.0,2016-05-23,144,2016-06-01,153,CALIBRATION,SRC-HB-PHENO-EDI-51-16
CAL0405-HB-2016-SPRING-FAGR-7B-HALF_EXPANSION,2016,SPRING,FAGR,7B,HALF_EXPANSION,3.0,2016-05-23,144,2016-06-01,153,CALIBRATION,SRC-HB-PHENO-EDI-51-16
CAL0405-HB-2016-SPRING-FAGR-7T-HALF_EXPANSION,2016,SPRING,FAGR,7T,HALF_EXPANSION,3.0,2016-05-23,144,2016-06-01,153,CALIBRATION,SRC-HB-PHENO-EDI-51-16
CAL0405-HB-2016-SPRING-FAGR-HQ-HALF_EXPANSION,2016,SPRING,FAGR,HQ,HALF_EXPANSION,3.0,2016-05-16,139,2016-05-23,144,CALIBRATION,SRC-HB-PHENO-EDI-51-16
CAL0405-HB-2017-SPRING-ACSA3-1B-HALF_EXPANSION,2017,SPRING,ACSA3,1B,HALF_EXPANSION,3.0,2017-05-16,136,2017-05-22,142,CALIBRATION,SRC-HB-PHENO-EDI-51-16
CAL0405-HB-2017-SPRING-ACSA3-4B-HALF_EXPANSION,2017,SPRING,ACSA3,4B,HALF_EXPANSION,3.0,2017-05-08,128,2017-05-16,136,CALIBRATION,SRC-HB-PHENO-EDI-51-16
CAL0405-HB-2017-SPRING-ACSA3-4T-HALF_EXPANSION,2017,SPRING,ACSA3,4T,HALF_EXPANSION,3.0,2017-05-16,136,2017-05-22,142,CALIBRATION,SRC-HB-PHENO-EDI-51-16
CAL0405-HB-2017-SPRING-ACSA3-5B-HALF_EXPANSION,2017,SPRING,ACSA3,5B,HALF_EXPANSION,3.0,2017-05-16,136,2017-05-22,142,CALIBRATION,SRC-HB-PHENO-EDI-51-16
CAL0405-HB-2017-SPRING-ACSA3-5T-HALF_EXPANSION,2017,SPRING,ACSA3,5T,HALF_EXPANSION,3.0,2017-05-22,142,2017-05-30,150,CALIBRATION,SRC-HB-PHENO-EDI-51-16
CAL0405-HB-2017-SPRING-ACSA3-6T-HALF_EXPANSION,2017,SPRING,ACSA3,6T,HALF_EXPANSION,3.0,2017-05-16,136,2017-05-22,142,CALIBRATION,SRC-HB-PHENO-EDI-51-16
CAL0405-HB-2017-SPRING-ACSA3-7B-HALF_EXPANSION,2017,SPRING,ACSA3,7B,HALF_EXPANSION,3.0,2017-05-16,136,2017-05-22,142,CALIBRATION,SRC-HB-PHENO-EDI-51-16
CAL0405-HB-2017-SPRING-ACSA3-7T-HALF_EXPANSION,2017,SPRING,ACSA3,7T,HALF_EXPANSION,3.0,2017-05-16,136,2017-05-22,142,CALIBRATION,SRC-HB-PHENO-EDI-51-16
CAL0405-HB-2017-SPRING-ACSA3-HQ-HALF_EXPANSION,2017,SPRING,ACSA3,HQ,HALF_EXPANSION,3.0,2017-05-08,128,2017-05-16,136,CALIBRATION,SRC-HB-PHENO-EDI-51-16
CAL0405-HB-2017-SPRING-BEAL2-1B-HALF_EXPANSION,2017,SPRING,BEAL2,1B,HALF_EXPANSION,3.0,2017-05-16,136,2017-05-22,142,CALIBRATION,SRC-HB-PHENO-EDI-51-16
CAL0405-HB-2017-SPRING-BEAL2-4B-HALF_EXPANSION,2017,SPRING,BEAL2,4B,HALF_EXPANSION,3.0,2017-05-16,136,2017-05-22,142,CALIBRATION,SRC-HB-PHENO-EDI-51-16
CAL0405-HB-2017-SPRING-BEAL2-4T-HALF_EXPANSION,2017,SPRING,BEAL2,4T,HALF_EXPANSION,3.0,2017-05-22,142,2017-05-30,150,CALIBRATION,SRC-HB-PHENO-EDI-51-16
CAL0405-HB-2017-SPRING-BEAL2-5B-HALF_EXPANSION,2017,SPRING,BEAL2,5B,HALF_EXPANSION,3.0,2017-05-16,136,2017-05-22,142,CALIBRATION,SRC-HB-PHENO-EDI-51-16
CAL0405-HB-2017-SPRING-BEAL2-5T-HALF_EXPANSION,2017,SPRING,BEAL2,5T,HALF_EXPANSION,3.0,2017-05-22,142,2017-05-30,150,CALIBRATION,SRC-HB-PHENO-EDI-51-16
CAL0405-HB-2017-SPRING-BEAL2-6T-HALF_EXPANSION,2017,SPRING,BEAL2,6T,HALF_EXPANSION,3.0,2017-05-22,142,2017-05-30,150,CALIBRATION,SRC-HB-PHENO-EDI-51-16
CAL0405-HB-2017-SPRING-BEAL2-7B-HALF_EXPANSION,2017,SPRING,BEAL2,7B,HALF_EXPANSION,3.0,2017-05-16,136,2017-05-22,142,CALIBRATION,SRC-HB-PHENO-EDI-51-16
CAL0405-HB-2017-SPRING-BEAL2-7T-HALF_EXPANSION,2017,SPRING,BEAL2,7T,HALF_EXPANSION,3.0,2017-05-22,142,2017-05-30,150,CALIBRATION,SRC-HB-PHENO-EDI-51-16
CAL0405-HB-2017-SPRING-BEAL2-HQ-HALF_EXPANSION,2017,SPRING,BEAL2,HQ,HALF_EXPANSION,3.0,2017-05-16,136,2017-05-22,142,CALIBRATION,SRC-HB-PHENO-EDI-51-16
CAL0405-HB-2017-SPRING-FAGR-1B-HALF_EXPANSION,2017,SPRING,FAGR,1B,HALF_EXPANSION,3.0,2017-05-16,136,2017-05-22,142,CALIBRATION,SRC-HB-PHENO-EDI-51-16
CAL0405-HB-2017-SPRING-FAGR-4B-HALF_EXPANSION,2017,SPRING,FAGR,4B,HALF_EXPANSION,3.0,2017-05-16,136,2017-05-22,142,CALIBRATION,SRC-HB-PHENO-EDI-51-16
CAL0405-HB-2017-SPRING-FAGR-4T-HALF_EXPANSION,2017,SPRING,FAGR,4T,HALF_EXPANSION,3.0,2017-05-16,136,2017-05-22,142,CALIBRATION,SRC-HB-PHENO-EDI-51-16
CAL0405-HB-2017-SPRING-FAGR-5B-HALF_EXPANSION,2017,SPRING,FAGR,5B,HALF_EXPANSION,3.0,2017-05-16,136,2017-05-22,142,CALIBRATION,SRC-HB-PHENO-EDI-51-16
CAL0405-HB-2017-SPRING-FAGR-5T-HALF_EXPANSION,2017,SPRING,FAGR,5T,HALF_EXPANSION,3.0,2017-05-22,142,2017-05-30,150,CALIBRATION,SRC-HB-PHENO-EDI-51-16
CAL0405-HB-2017-SPRING-FAGR-6T-HALF_EXPANSION,2017,SPRING,FAGR,6T,HALF_EXPANSION,3.0,2017-05-22,142,2017-05-30,150,CALIBRATION,SRC-HB-PHENO-EDI-51-16
CAL0405-HB-2017-SPRING-FAGR-7B-HALF_EXPANSION,2017,SPRING,FAGR,7B,HALF_EXPANSION,3.0,2017-05-16,136,2017-05-22,142,CALIBRATION,SRC-HB-PHENO-EDI-51-16
CAL0405-HB-2017-SPRING-FAGR-7T-HALF_EXPANSION,2017,SPRING,FAGR,7T,HALF_EXPANSION,3.0,2017-05-22,142,2017-05-30,150,CALIBRATION,SRC-HB-PHENO-EDI-51-16
CAL0405-HB-2017-SPRING-FAGR-HQ-HALF_EXPANSION,2017,SPRING,FAGR,HQ,HALF_EXPANSION,3.0,2017-05-08,128,2017-05-16,136,CALIBRATION,SRC-HB-PHENO-EDI-51-16
CAL0405-HB-2018-SPRING-ACSA3-1B-HALF_EXPANSION,2018,SPRING,ACSA3,1B,HALF_EXPANSION,3.0,2018-05-07,127,2018-05-14,134,CALIBRATION,SRC-HB-PHENO-EDI-51-16
CAL0405-HB-2018-SPRING-ACSA3-4B-HALF_EXPANSION,2018,SPRING,ACSA3,4B,HALF_EXPANSION,3.0,2018-05-14,134,2018-05-21,141,CALIBRATION,SRC-HB-PHENO-EDI-51-16
CAL0405-HB-2018-SPRING-ACSA3-4T-HALF_EXPANSION,2018,SPRING,ACSA3,4T,HALF_EXPANSION,3.0,2018-05-14,134,2018-05-21,141,CALIBRATION,SRC-HB-PHENO-EDI-51-16
CAL0405-HB-2018-SPRING-ACSA3-5B-HALF_EXPANSION,2018,SPRING,ACSA3,5B,HALF_EXPANSION,3.0,2018-05-14,134,2018-05-21,141,CALIBRATION,SRC-HB-PHENO-EDI-51-16
CAL0405-HB-2018-SPRING-ACSA3-5T-HALF_EXPANSION,2018,SPRING,ACSA3,5T,HALF_EXPANSION,3.0,2018-05-21,141,2018-05-29,149,CALIBRATION,SRC-HB-PHENO-EDI-51-16
CAL0405-HB-2018-SPRING-ACSA3-6T-HALF_EXPANSION,2018,SPRING,ACSA3,6T,HALF_EXPANSION,3.0,2018-05-21,141,2018-05-29,149,CALIBRATION,SRC-HB-PHENO-EDI-51-16
CAL0405-HB-2018-SPRING-ACSA3-7B-HALF_EXPANSION,2018,SPRING,ACSA3,7B,HALF_EXPANSION,3.0,2018-05-14,134,2018-05-21,141,CALIBRATION,SRC-HB-PHENO-EDI-51-16
CAL0405-HB-2018-SPRING-ACSA3-7T-HALF_EXPANSION,2018,SPRING,ACSA3,7T,HALF_EXPANSION,3.0,2018-05-21,141,2018-05-29,149,CALIBRATION,SRC-HB-PHENO-EDI-51-16
CAL0405-HB-2018-SPRING-ACSA3-HQ-HALF_EXPANSION,2018,SPRING,ACSA3,HQ,HALF_EXPANSION,3.0,2018-05-07,127,2018-05-14,134,CALIBRATION,SRC-HB-PHENO-EDI-51-16
CAL0405-HB-2018-SPRING-BEAL2-1B-HALF_EXPANSION,2018,SPRING,BEAL2,1B,HALF_EXPANSION,3.0,2018-05-21,141,2018-05-29,149,CALIBRATION,SRC-HB-PHENO-EDI-51-16
CAL0405-HB-2018-SPRING-BEAL2-4B-HALF_EXPANSION,2018,SPRING,BEAL2,4B,HALF_EXPANSION,3.0,2018-05-14,134,2018-05-21,141,CALIBRATION,SRC-HB-PHENO-EDI-51-16
CAL0405-HB-2018-SPRING-BEAL2-4T-HALF_EXPANSION,2018,SPRING,BEAL2,4T,HALF_EXPANSION,3.0,2018-05-21,141,2018-05-29,149,CALIBRATION,SRC-HB-PHENO-EDI-51-16
CAL0405-HB-2018-SPRING-BEAL2-5B-HALF_EXPANSION,2018,SPRING,BEAL2,5B,HALF_EXPANSION,3.0,2018-05-14,134,2018-05-21,141,CALIBRATION,SRC-HB-PHENO-EDI-51-16
CAL0405-HB-2018-SPRING-BEAL2-5T-HALF_EXPANSION,2018,SPRING,BEAL2,5T,HALF_EXPANSION,3.0,2018-05-21,141,2018-05-29,149,CALIBRATION,SRC-HB-PHENO-EDI-51-16
CAL0405-HB-2018-SPRING-BEAL2-6T-HALF_EXPANSION,2018,SPRING,BEAL2,6T,HALF_EXPANSION,3.0,2018-05-21,141,2018-05-29,149,CALIBRATION,SRC-HB-PHENO-EDI-51-16
CAL0405-HB-2018-SPRING-BEAL2-7B-HALF_EXPANSION,2018,SPRING,BEAL2,7B,HALF_EXPANSION,3.0,2018-05-14,134,2018-05-21,141,CALIBRATION,SRC-HB-PHENO-EDI-51-16
CAL0405-HB-2018-SPRING-BEAL2-7T-HALF_EXPANSION,2018,SPRING,BEAL2,7T,HALF_EXPANSION,3.0,2018-05-29,149,2018-06-04,155,CALIBRATION,SRC-HB-PHENO-EDI-51-16
CAL0405-HB-2018-SPRING-BEAL2-HQ-HALF_EXPANSION,2018,SPRING,BEAL2,HQ,HALF_EXPANSION,3.0,2018-05-14,134,2018-05-21,141,CALIBRATION,SRC-HB-PHENO-EDI-51-16
CAL0405-HB-2018-SPRING-FAGR-1B-HALF_EXPANSION,2018,SPRING,FAGR,1B,HALF_EXPANSION,3.0,2018-05-07,127,2018-05-14,134,CALIBRATION,SRC-HB-PHENO-EDI-51-16
CAL0405-HB-2018-SPRING-FAGR-4B-HALF_EXPANSION,2018,SPRING,FAGR,4B,HALF_EXPANSION,3.0,2018-05-14,134,2018-05-21,141,CALIBRATION,SRC-HB-PHENO-EDI-51-16
CAL0405-HB-2018-SPRING-FAGR-4T-HALF_EXPANSION,2018,SPRING,FAGR,4T,HALF_EXPANSION,3.0,2018-05-21,141,2018-05-29,149,CALIBRATION,SRC-HB-PHENO-EDI-51-16
CAL0405-HB-2018-SPRING-FAGR-5B-HALF_EXPANSION,2018,SPRING,FAGR,5B,HALF_EXPANSION,3.0,2018-05-14,134,2018-05-21,141,CALIBRATION,SRC-HB-PHENO-EDI-51-16
CAL0405-HB-2018-SPRING-FAGR-5T-HALF_EXPANSION,2018,SPRING,FAGR,5T,HALF_EXPANSION,3.0,2018-05-21,141,2018-05-29,149,CALIBRATION,SRC-HB-PHENO-EDI-51-16
CAL0405-HB-2018-SPRING-FAGR-6T-HALF_EXPANSION,2018,SPRING,FAGR,6T,HALF_EXPANSION,3.0,2018-05-21,141,2018-05-29,149,CALIBRATION,SRC-HB-PHENO-EDI-51-16
CAL0405-HB-2018-SPRING-FAGR-7B-HALF_EXPANSION,2018,SPRING,FAGR,7B,HALF_EXPANSION,3.0,2018-05-14,134,2018-05-21,141,CALIBRATION,SRC-HB-PHENO-EDI-51-16
CAL0405-HB-2018-SPRING-FAGR-7T-HALF_EXPANSION,2018,SPRING,FAGR,7T,HALF_EXPANSION,3.0,2018-05-21,141,2018-05-29,149,CALIBRATION,SRC-HB-PHENO-EDI-51-16
CAL0405-HB-2018-SPRING-FAGR-HQ-HALF_EXPANSION,2018,SPRING,FAGR,HQ,HALF_EXPANSION,3.0,2018-05-07,127,2018-05-14,134,CALIBRATION,SRC-HB-PHENO-EDI-51-16
CAL0405-HB-2019-SPRING-ACSA3-1B-HALF_EXPANSION,2019,SPRING,ACSA3,1B,HALF_EXPANSION,3.0,2019-05-13,133,2019-05-20,140,CALIBRATION,SRC-HB-PHENO-EDI-51-16
CAL0405-HB-2019-SPRING-ACSA3-4B-HALF_EXPANSION,2019,SPRING,ACSA3,4B,HALF_EXPANSION,3.0,2019-05-20,140,2019-05-28,148,CALIBRATION,SRC-HB-PHENO-EDI-51-16
CAL0405-HB-2019-SPRING-ACSA3-4T-HALF_EXPANSION,2019,SPRING,ACSA3,4T,HALF_EXPANSION,3.0,2019-05-28,148,2019-06-03,154,CALIBRATION,SRC-HB-PHENO-EDI-51-16
CAL0405-HB-2019-SPRING-ACSA3-5B-HALF_EXPANSION,2019,SPRING,ACSA3,5B,HALF_EXPANSION,3.0,2019-05-20,140,2019-05-28,148,CALIBRATION,SRC-HB-PHENO-EDI-51-16
CAL0405-HB-2019-SPRING-ACSA3-5T-HALF_EXPANSION,2019,SPRING,ACSA3,5T,HALF_EXPANSION,3.0,2019-05-28,148,2019-06-03,154,CALIBRATION,SRC-HB-PHENO-EDI-51-16
CAL0405-HB-2019-SPRING-ACSA3-6T-HALF_EXPANSION,2019,SPRING,ACSA3,6T,HALF_EXPANSION,3.0,2019-05-28,148,2019-06-03,154,CALIBRATION,SRC-HB-PHENO-EDI-51-16
CAL0405-HB-2019-SPRING-ACSA3-7B-HALF_EXPANSION,2019,SPRING,ACSA3,7B,HALF_EXPANSION,3.0,2019-05-28,148,2019-06-03,154,CALIBRATION,SRC-HB-PHENO-EDI-51-16
CAL0405-HB-2019-SPRING-ACSA3-7T-HALF_EXPANSION,2019,SPRING,ACSA3,7T,HALF_EXPANSION,3.0,2019-05-28,148,2019-06-03,154,CALIBRATION,SRC-HB-PHENO-EDI-51-16
CAL0405-HB-2019-SPRING-ACSA3-HQ-HALF_EXPANSION,2019,SPRING,ACSA3,HQ,HALF_EXPANSION,3.0,2019-05-13,133,2019-05-20,140,CALIBRATION,SRC-HB-PHENO-EDI-51-16
CAL0405-HB-2019-SPRING-BEAL2-1B-HALF_EXPANSION,2019,SPRING,BEAL2,1B,HALF_EXPANSION,3.0,2019-05-20,140,2019-05-28,148,CALIBRATION,SRC-HB-PHENO-EDI-51-16
CAL0405-HB-2019-SPRING-BEAL2-4B-HALF_EXPANSION,2019,SPRING,BEAL2,4B,HALF_EXPANSION,3.0,2019-05-20,140,2019-05-28,148,CALIBRATION,SRC-HB-PHENO-EDI-51-16
CAL0405-HB-2019-SPRING-BEAL2-4T-HALF_EXPANSION,2019,SPRING,BEAL2,4T,HALF_EXPANSION,3.0,2019-05-28,148,2019-06-03,154,CALIBRATION,SRC-HB-PHENO-EDI-51-16
CAL0405-HB-2019-SPRING-BEAL2-5B-HALF_EXPANSION,2019,SPRING,BEAL2,5B,HALF_EXPANSION,3.0,2019-05-20,140,2019-05-28,148,CALIBRATION,SRC-HB-PHENO-EDI-51-16
CAL0405-HB-2019-SPRING-BEAL2-5T-HALF_EXPANSION,2019,SPRING,BEAL2,5T,HALF_EXPANSION,3.0,2019-06-03,154,2019-06-10,161,CALIBRATION,SRC-HB-PHENO-EDI-51-16
CAL0405-HB-2019-SPRING-BEAL2-6T-HALF_EXPANSION,2019,SPRING,BEAL2,6T,HALF_EXPANSION,3.0,2019-05-28,148,2019-06-03,154,CALIBRATION,SRC-HB-PHENO-EDI-51-16
CAL0405-HB-2019-SPRING-BEAL2-7B-HALF_EXPANSION,2019,SPRING,BEAL2,7B,HALF_EXPANSION,3.0,2019-05-28,148,2019-06-03,154,CALIBRATION,SRC-HB-PHENO-EDI-51-16
CAL0405-HB-2019-SPRING-BEAL2-7T-HALF_EXPANSION,2019,SPRING,BEAL2,7T,HALF_EXPANSION,3.0,2019-05-28,148,2019-06-03,154,CALIBRATION,SRC-HB-PHENO-EDI-51-16
CAL0405-HB-2019-SPRING-BEAL2-HQ-HALF_EXPANSION,2019,SPRING,BEAL2,HQ,HALF_EXPANSION,3.0,2019-05-20,140,2019-05-28,148,CALIBRATION,SRC-HB-PHENO-EDI-51-16
CAL0405-HB-2019-SPRING-FAGR-1B-HALF_EXPANSION,2019,SPRING,FAGR,1B,HALF_EXPANSION,3.0,2019-05-20,140,2019-05-28,148,CALIBRATION,SRC-HB-PHENO-EDI-51-16
CAL0405-HB-2019-SPRING-FAGR-4B-HALF_EXPANSION,2019,SPRING,FAGR,4B,HALF_EXPANSION,3.0,2019-05-20,140,2019-05-28,148,CALIBRATION,SRC-HB-PHENO-EDI-51-16
CAL0405-HB-2019-SPRING-FAGR-4T-HALF_EXPANSION,2019,SPRING,FAGR,4T,HALF_EXPANSION,3.0,2019-06-03,154,2019-06-10,161,CALIBRATION,SRC-HB-PHENO-EDI-51-16
CAL0405-HB-2019-SPRING-FAGR-5B-HALF_EXPANSION,2019,SPRING,FAGR,5B,HALF_EXPANSION,3.0,2019-05-20,140,2019-05-28,148,CALIBRATION,SRC-HB-PHENO-EDI-51-16
CAL0405-HB-2019-SPRING-FAGR-5T-HALF_EXPANSION,2019,SPRING,FAGR,5T,HALF_EXPANSION,3.0,2019-06-03,154,2019-06-10,161,CALIBRATION,SRC-HB-PHENO-EDI-51-16
CAL0405-HB-2019-SPRING-FAGR-6T-HALF_EXPANSION,2019,SPRING,FAGR,6T,HALF_EXPANSION,3.0,2019-06-03,154,2019-06-10,161,CALIBRATION,SRC-HB-PHENO-EDI-51-16
CAL0405-HB-2019-SPRING-FAGR-7B-HALF_EXPANSION,2019,SPRING,FAGR,7B,HALF_EXPANSION,3.0,2019-05-28,148,2019-06-03,154,CALIBRATION,SRC-HB-PHENO-EDI-51-16
CAL0405-HB-2019-SPRING-FAGR-7T-HALF_EXPANSION,2019,SPRING,FAGR,7T,HALF_EXPANSION,3.0,2019-05-28,148,2019-06-03,154,CALIBRATION,SRC-HB-PHENO-EDI-51-16
CAL0405-HB-2019-SPRING-FAGR-HQ-HALF_EXPANSION,2019,SPRING,FAGR,HQ,HALF_EXPANSION,3.0,2019-05-13,133,2019-05-20,140,CALIBRATION,SRC-HB-PHENO-EDI-51-16
CAL0405-HB-2020-SPRING-ACSA3-1B-HALF_EXPANSION,2020,SPRING,ACSA3,1B,HALF_EXPANSION,3.0,2020-05-18,139,2020-05-26,147,CALIBRATION,SRC-HB-PHENO-EDI-51-16
CAL0405-HB-2020-SPRING-ACSA3-4B-HALF_EXPANSION,2020,SPRING,ACSA3,4B,HALF_EXPANSION,3.0,2020-05-18,139,2020-05-26,147,CALIBRATION,SRC-HB-PHENO-EDI-51-16
CAL0405-HB-2020-SPRING-ACSA3-4T-HALF_EXPANSION,2020,SPRING,ACSA3,4T,HALF_EXPANSION,3.0,2020-05-26,147,2020-06-01,153,CALIBRATION,SRC-HB-PHENO-EDI-51-16
CAL0405-HB-2020-SPRING-ACSA3-5B-HALF_EXPANSION,2020,SPRING,ACSA3,5B,HALF_EXPANSION,3.0,2020-05-18,139,2020-05-26,147,CALIBRATION,SRC-HB-PHENO-EDI-51-16
CAL0405-HB-2020-SPRING-ACSA3-5T-HALF_EXPANSION,2020,SPRING,ACSA3,5T,HALF_EXPANSION,3.0,2020-05-26,147,2020-06-01,153,CALIBRATION,SRC-HB-PHENO-EDI-51-16
CAL0405-HB-2020-SPRING-ACSA3-6T-HALF_EXPANSION,2020,SPRING,ACSA3,6T,HALF_EXPANSION,3.0,2020-05-26,147,2020-06-01,153,CALIBRATION,SRC-HB-PHENO-EDI-51-16
CAL0405-HB-2020-SPRING-ACSA3-7B-HALF_EXPANSION,2020,SPRING,ACSA3,7B,HALF_EXPANSION,3.0,2020-05-18,139,2020-05-26,147,CALIBRATION,SRC-HB-PHENO-EDI-51-16
CAL0405-HB-2020-SPRING-ACSA3-7T-HALF_EXPANSION,2020,SPRING,ACSA3,7T,HALF_EXPANSION,3.0,2020-05-26,147,2020-06-01,153,CALIBRATION,SRC-HB-PHENO-EDI-51-16
CAL0405-HB-2020-SPRING-ACSA3-HQ-HALF_EXPANSION,2020,SPRING,ACSA3,HQ,HALF_EXPANSION,3.0,2020-05-18,139,2020-05-26,147,CALIBRATION,SRC-HB-PHENO-EDI-51-16
CAL0405-HB-2020-SPRING-BEAL2-1B-HALF_EXPANSION,2020,SPRING,BEAL2,1B,HALF_EXPANSION,3.0,2020-05-18,139,2020-05-26,147,CALIBRATION,SRC-HB-PHENO-EDI-51-16
CAL0405-HB-2020-SPRING-BEAL2-4B-HALF_EXPANSION,2020,SPRING,BEAL2,4B,HALF_EXPANSION,3.0,2020-05-18,139,2020-05-26,147,CALIBRATION,SRC-HB-PHENO-EDI-51-16
CAL0405-HB-2020-SPRING-BEAL2-4T-HALF_EXPANSION,2020,SPRING,BEAL2,4T,HALF_EXPANSION,3.0,2020-05-26,147,2020-06-01,153,CALIBRATION,SRC-HB-PHENO-EDI-51-16
CAL0405-HB-2020-SPRING-BEAL2-5B-HALF_EXPANSION,2020,SPRING,BEAL2,5B,HALF_EXPANSION,3.0,2020-05-18,139,2020-05-26,147,CALIBRATION,SRC-HB-PHENO-EDI-51-16
CAL0405-HB-2020-SPRING-BEAL2-5T-HALF_EXPANSION,2020,SPRING,BEAL2,5T,HALF_EXPANSION,3.0,2020-05-26,147,2020-06-01,153,CALIBRATION,SRC-HB-PHENO-EDI-51-16
CAL0405-HB-2020-SPRING-BEAL2-6T-HALF_EXPANSION,2020,SPRING,BEAL2,6T,HALF_EXPANSION,3.0,2020-05-26,147,2020-06-01,153,CALIBRATION,SRC-HB-PHENO-EDI-51-16
CAL0405-HB-2020-SPRING-BEAL2-7B-HALF_EXPANSION,2020,SPRING,BEAL2,7B,HALF_EXPANSION,3.0,2020-05-26,147,2020-06-01,153,CALIBRATION,SRC-HB-PHENO-EDI-51-16
CAL0405-HB-2020-SPRING-BEAL2-7T-HALF_EXPANSION,2020,SPRING,BEAL2,7T,HALF_EXPANSION,3.0,2020-05-26,147,2020-06-01,153,CALIBRATION,SRC-HB-PHENO-EDI-51-16
CAL0405-HB-2020-SPRING-BEAL2-HQ-HALF_EXPANSION,2020,SPRING,BEAL2,HQ,HALF_EXPANSION,3.0,2020-05-18,139,2020-05-26,147,CALIBRATION,SRC-HB-PHENO-EDI-51-16
CAL0405-HB-2020-SPRING-FAGR-1B-HALF_EXPANSION,2020,SPRING,FAGR,1B,HALF_EXPANSION,3.0,2020-05-18,139,2020-05-26,147,CALIBRATION,SRC-HB-PHENO-EDI-51-16
CAL0405-HB-2020-SPRING-FAGR-4B-HALF_EXPANSION,2020,SPRING,FAGR,4B,HALF_EXPANSION,3.0,2020-05-18,139,2020-05-26,147,CALIBRATION,SRC-HB-PHENO-EDI-51-16
CAL0405-HB-2020-SPRING-FAGR-4T-HALF_EXPANSION,2020,SPRING,FAGR,4T,HALF_EXPANSION,3.0,2020-05-26,147,2020-06-01,153,CALIBRATION,SRC-HB-PHENO-EDI-51-16
CAL0405-HB-2020-SPRING-FAGR-5B-HALF_EXPANSION,2020,SPRING,FAGR,5B,HALF_EXPANSION,3.0,2020-05-18,139,2020-05-26,147,CALIBRATION,SRC-HB-PHENO-EDI-51-16
CAL0405-HB-2020-SPRING-FAGR-5T-HALF_EXPANSION,2020,SPRING,FAGR,5T,HALF_EXPANSION,3.0,2020-05-26,147,2020-06-01,153,CALIBRATION,SRC-HB-PHENO-EDI-51-16
CAL0405-HB-2020-SPRING-FAGR-6T-HALF_EXPANSION,2020,SPRING,FAGR,6T,HALF_EXPANSION,3.0,2020-05-26,147,2020-06-01,153,CALIBRATION,SRC-HB-PHENO-EDI-51-16
CAL0405-HB-2020-SPRING-FAGR-7B-HALF_EXPANSION,2020,SPRING,FAGR,7B,HALF_EXPANSION,3.0,2020-05-26,147,2020-06-01,153,CALIBRATION,SRC-HB-PHENO-EDI-51-16
CAL0405-HB-2020-SPRING-FAGR-7T-HALF_EXPANSION,2020,SPRING,FAGR,7T,HALF_EXPANSION,3.0,2020-05-26,147,2020-06-01,153,CALIBRATION,SRC-HB-PHENO-EDI-51-16
CAL0405-HB-2020-SPRING-FAGR-HQ-HALF_EXPANSION,2020,SPRING,FAGR,HQ,HALF_EXPANSION,3.0,2020-05-18,139,2020-05-26,147,CALIBRATION,SRC-HB-PHENO-EDI-51-16
CAL0405-HB-2021-SPRING-ACSA3-1B-HALF_EXPANSION,2021,SPRING,ACSA3,1B,HALF_EXPANSION,3.0,2021-05-17,137,2021-05-24,144,CALIBRATION,SRC-HB-PHENO-EDI-51-16
CAL0405-HB-2021-SPRING-ACSA3-4B-HALF_EXPANSION,2021,SPRING,ACSA3,4B,HALF_EXPANSION,3.0,2021-05-10,130,2021-05-17,137,CALIBRATION,SRC-HB-PHENO-EDI-51-16
CAL0405-HB-2021-SPRING-ACSA3-4T-HALF_EXPANSION,2021,SPRING,ACSA3,4T,HALF_EXPANSION,3.0,2021-05-17,137,2021-05-24,144,CALIBRATION,SRC-HB-PHENO-EDI-51-16
CAL0405-HB-2021-SPRING-ACSA3-5B-HALF_EXPANSION,2021,SPRING,ACSA3,5B,HALF_EXPANSION,3.0,2021-05-10,130,2021-05-17,137,CALIBRATION,SRC-HB-PHENO-EDI-51-16
CAL0405-HB-2021-SPRING-ACSA3-5T-HALF_EXPANSION,2021,SPRING,ACSA3,5T,HALF_EXPANSION,3.0,2021-05-17,137,2021-05-24,144,CALIBRATION,SRC-HB-PHENO-EDI-51-16
CAL0405-HB-2021-SPRING-ACSA3-6T-HALF_EXPANSION,2021,SPRING,ACSA3,6T,HALF_EXPANSION,3.0,2021-05-17,137,2021-05-24,144,CALIBRATION,SRC-HB-PHENO-EDI-51-16
CAL0405-HB-2021-SPRING-ACSA3-7B-HALF_EXPANSION,2021,SPRING,ACSA3,7B,HALF_EXPANSION,3.0,2021-05-17,137,2021-05-24,144,CALIBRATION,SRC-HB-PHENO-EDI-51-16
CAL0405-HB-2021-SPRING-ACSA3-7T-HALF_EXPANSION,2021,SPRING,ACSA3,7T,HALF_EXPANSION,3.0,2021-05-24,144,2021-06-01,152,CALIBRATION,SRC-HB-PHENO-EDI-51-16
CAL0405-HB-2021-SPRING-ACSA3-HQ-HALF_EXPANSION,2021,SPRING,ACSA3,HQ,HALF_EXPANSION,3.0,2021-05-10,130,2021-05-17,137,CALIBRATION,SRC-HB-PHENO-EDI-51-16
CAL0405-HB-2021-SPRING-BEAL2-1B-HALF_EXPANSION,2021,SPRING,BEAL2,1B,HALF_EXPANSION,3.0,2021-05-17,137,2021-05-24,144,CALIBRATION,SRC-HB-PHENO-EDI-51-16
CAL0405-HB-2021-SPRING-BEAL2-4B-HALF_EXPANSION,2021,SPRING,BEAL2,4B,HALF_EXPANSION,3.0,2021-05-17,137,2021-05-24,144,CALIBRATION,SRC-HB-PHENO-EDI-51-16
CAL0405-HB-2021-SPRING-BEAL2-4T-HALF_EXPANSION,2021,SPRING,BEAL2,4T,HALF_EXPANSION,3.0,2021-05-24,144,2021-06-01,152,CALIBRATION,SRC-HB-PHENO-EDI-51-16
CAL0405-HB-2021-SPRING-BEAL2-5B-HALF_EXPANSION,2021,SPRING,BEAL2,5B,HALF_EXPANSION,3.0,2021-05-17,137,2021-05-24,144,CALIBRATION,SRC-HB-PHENO-EDI-51-16
CAL0405-HB-2021-SPRING-BEAL2-5T-HALF_EXPANSION,2021,SPRING,BEAL2,5T,HALF_EXPANSION,3.0,2021-05-24,144,2021-06-01,152,CALIBRATION,SRC-HB-PHENO-EDI-51-16
CAL0405-HB-2021-SPRING-BEAL2-6T-HALF_EXPANSION,2021,SPRING,BEAL2,6T,HALF_EXPANSION,3.0,2021-05-24,144,2021-06-01,152,CALIBRATION,SRC-HB-PHENO-EDI-51-16
CAL0405-HB-2021-SPRING-BEAL2-7B-HALF_EXPANSION,2021,SPRING,BEAL2,7B,HALF_EXPANSION,3.0,2021-05-24,144,2021-06-01,152,CALIBRATION,SRC-HB-PHENO-EDI-51-16
CAL0405-HB-2021-SPRING-BEAL2-7T-HALF_EXPANSION,2021,SPRING,BEAL2,7T,HALF_EXPANSION,3.0,2021-06-01,152,2021-06-08,159,CALIBRATION,SRC-HB-PHENO-EDI-51-16
CAL0405-HB-2021-SPRING-BEAL2-HQ-HALF_EXPANSION,2021,SPRING,BEAL2,HQ,HALF_EXPANSION,3.0,2021-05-10,130,2021-05-17,137,CALIBRATION,SRC-HB-PHENO-EDI-51-16
CAL0405-HB-2021-SPRING-FAGR-1B-HALF_EXPANSION,2021,SPRING,FAGR,1B,HALF_EXPANSION,3.0,2021-05-17,137,2021-05-24,144,CALIBRATION,SRC-HB-PHENO-EDI-51-16
CAL0405-HB-2021-SPRING-FAGR-4B-HALF_EXPANSION,2021,SPRING,FAGR,4B,HALF_EXPANSION,3.0,2021-05-17,137,2021-05-24,144,CALIBRATION,SRC-HB-PHENO-EDI-51-16
CAL0405-HB-2021-SPRING-FAGR-4T-HALF_EXPANSION,2021,SPRING,FAGR,4T,HALF_EXPANSION,3.0,2021-05-17,137,2021-05-24,144,CALIBRATION,SRC-HB-PHENO-EDI-51-16
CAL0405-HB-2021-SPRING-FAGR-5B-HALF_EXPANSION,2021,SPRING,FAGR,5B,HALF_EXPANSION,3.0,2021-05-17,137,2021-05-24,144,CALIBRATION,SRC-HB-PHENO-EDI-51-16
CAL0405-HB-2021-SPRING-FAGR-5T-HALF_EXPANSION,2021,SPRING,FAGR,5T,HALF_EXPANSION,3.0,2021-05-24,144,2021-06-01,152,CALIBRATION,SRC-HB-PHENO-EDI-51-16
CAL0405-HB-2021-SPRING-FAGR-6T-HALF_EXPANSION,2021,SPRING,FAGR,6T,HALF_EXPANSION,3.0,2021-05-24,144,2021-06-01,152,CALIBRATION,SRC-HB-PHENO-EDI-51-16
CAL0405-HB-2021-SPRING-FAGR-7B-HALF_EXPANSION,2021,SPRING,FAGR,7B,HALF_EXPANSION,3.0,2021-05-24,144,2021-06-01,152,CALIBRATION,SRC-HB-PHENO-EDI-51-16
CAL0405-HB-2021-SPRING-FAGR-7T-HALF_EXPANSION,2021,SPRING,FAGR,7T,HALF_EXPANSION,3.0,2021-05-24,144,2021-06-01,152,CALIBRATION,SRC-HB-PHENO-EDI-51-16
CAL0405-HB-2021-SPRING-FAGR-HQ-HALF_EXPANSION,2021,SPRING,FAGR,HQ,HALF_EXPANSION,3.0,2021-05-10,130,2021-05-17,137,CALIBRATION,SRC-HB-PHENO-EDI-51-16
CAL0405-HB-2022-SPRING-ACSA3-1B-HALF_EXPANSION,2022,SPRING,ACSA3,1B,HALF_EXPANSION,3.0,2022-05-09,129,2022-05-16,136,CALIBRATION,SRC-HB-PHENO-EDI-51-16
CAL0405-HB-2022-SPRING-ACSA3-4B-HALF_EXPANSION,2022,SPRING,ACSA3,4B,HALF_EXPANSION,3.0,2022-05-09,129,2022-05-16,136,CALIBRATION,SRC-HB-PHENO-EDI-51-16
CAL0405-HB-2022-SPRING-ACSA3-4T-HALF_EXPANSION,2022,SPRING,ACSA3,4T,HALF_EXPANSION,3.0,2022-05-16,136,2022-05-23,143,CALIBRATION,SRC-HB-PHENO-EDI-51-16
CAL0405-HB-2022-SPRING-ACSA3-5B-HALF_EXPANSION,2022,SPRING,ACSA3,5B,HALF_EXPANSION,3.0,2022-05-09,129,2022-05-16,136,CALIBRATION,SRC-HB-PHENO-EDI-51-16
CAL0405-HB-2022-SPRING-ACSA3-5T-HALF_EXPANSION,2022,SPRING,ACSA3,5T,HALF_EXPANSION,3.0,2022-05-16,136,2022-05-23,143,CALIBRATION,SRC-HB-PHENO-EDI-51-16
CAL0405-HB-2022-SPRING-ACSA3-6T-HALF_EXPANSION,2022,SPRING,ACSA3,6T,HALF_EXPANSION,3.0,2022-05-16,136,2022-05-23,143,CALIBRATION,SRC-HB-PHENO-EDI-51-16
CAL0405-HB-2022-SPRING-ACSA3-7B-HALF_EXPANSION,2022,SPRING,ACSA3,7B,HALF_EXPANSION,3.0,2022-05-09,129,2022-05-16,136,CALIBRATION,SRC-HB-PHENO-EDI-51-16
CAL0405-HB-2022-SPRING-ACSA3-7T-HALF_EXPANSION,2022,SPRING,ACSA3,7T,HALF_EXPANSION,3.0,2022-05-16,136,2022-05-23,143,CALIBRATION,SRC-HB-PHENO-EDI-51-16
CAL0405-HB-2022-SPRING-ACSA3-HQ-HALF_EXPANSION,2022,SPRING,ACSA3,HQ,HALF_EXPANSION,3.0,2022-05-09,129,2022-05-17,137,CALIBRATION,SRC-HB-PHENO-EDI-51-16
CAL0405-HB-2022-SPRING-BEAL2-1B-HALF_EXPANSION,2022,SPRING,BEAL2,1B,HALF_EXPANSION,3.0,2022-05-16,136,2022-05-23,143,CALIBRATION,SRC-HB-PHENO-EDI-51-16
CAL0405-HB-2022-SPRING-BEAL2-4B-HALF_EXPANSION,2022,SPRING,BEAL2,4B,HALF_EXPANSION,3.0,2022-05-16,136,2022-05-23,143,CALIBRATION,SRC-HB-PHENO-EDI-51-16
CAL0405-HB-2022-SPRING-BEAL2-4T-HALF_EXPANSION,2022,SPRING,BEAL2,4T,HALF_EXPANSION,3.0,2022-05-16,136,2022-05-23,143,CALIBRATION,SRC-HB-PHENO-EDI-51-16
CAL0405-HB-2022-SPRING-BEAL2-5B-HALF_EXPANSION,2022,SPRING,BEAL2,5B,HALF_EXPANSION,3.0,2022-05-16,136,2022-05-23,143,CALIBRATION,SRC-HB-PHENO-EDI-51-16
CAL0405-HB-2022-SPRING-BEAL2-5T-HALF_EXPANSION,2022,SPRING,BEAL2,5T,HALF_EXPANSION,3.0,2022-05-16,136,2022-05-23,143,CALIBRATION,SRC-HB-PHENO-EDI-51-16
CAL0405-HB-2022-SPRING-BEAL2-6T-HALF_EXPANSION,2022,SPRING,BEAL2,6T,HALF_EXPANSION,3.0,2022-05-16,136,2022-05-23,143,CALIBRATION,SRC-HB-PHENO-EDI-51-16
CAL0405-HB-2022-SPRING-BEAL2-7B-HALF_EXPANSION,2022,SPRING,BEAL2,7B,HALF_EXPANSION,3.0,2022-05-16,136,2022-05-23,143,CALIBRATION,SRC-HB-PHENO-EDI-51-16
CAL0405-HB-2022-SPRING-BEAL2-7T-HALF_EXPANSION,2022,SPRING,BEAL2,7T,HALF_EXPANSION,3.0,2022-05-23,143,2022-05-31,151,CALIBRATION,SRC-HB-PHENO-EDI-51-16
CAL0405-HB-2022-SPRING-BEAL2-HQ-HALF_EXPANSION,2022,SPRING,BEAL2,HQ,HALF_EXPANSION,3.0,2022-05-09,129,2022-05-17,137,CALIBRATION,SRC-HB-PHENO-EDI-51-16
CAL0405-HB-2022-SPRING-FAGR-1B-HALF_EXPANSION,2022,SPRING,FAGR,1B,HALF_EXPANSION,3.0,2022-05-16,136,2022-05-23,143,CALIBRATION,SRC-HB-PHENO-EDI-51-16
CAL0405-HB-2022-SPRING-FAGR-4B-HALF_EXPANSION,2022,SPRING,FAGR,4B,HALF_EXPANSION,3.0,2022-05-09,129,2022-05-16,136,CALIBRATION,SRC-HB-PHENO-EDI-51-16
CAL0405-HB-2022-SPRING-FAGR-4T-HALF_EXPANSION,2022,SPRING,FAGR,4T,HALF_EXPANSION,3.0,2022-05-16,136,2022-05-23,143,CALIBRATION,SRC-HB-PHENO-EDI-51-16
CAL0405-HB-2022-SPRING-FAGR-5B-HALF_EXPANSION,2022,SPRING,FAGR,5B,HALF_EXPANSION,3.0,2022-05-09,129,2022-05-16,136,CALIBRATION,SRC-HB-PHENO-EDI-51-16
CAL0405-HB-2022-SPRING-FAGR-5T-HALF_EXPANSION,2022,SPRING,FAGR,5T,HALF_EXPANSION,3.0,2022-05-16,136,2022-05-23,143,CALIBRATION,SRC-HB-PHENO-EDI-51-16
CAL0405-HB-2022-SPRING-FAGR-6T-HALF_EXPANSION,2022,SPRING,FAGR,6T,HALF_EXPANSION,3.0,2022-05-16,136,2022-05-23,143,CALIBRATION,SRC-HB-PHENO-EDI-51-16
CAL0405-HB-2022-SPRING-FAGR-7B-HALF_EXPANSION,2022,SPRING,FAGR,7B,HALF_EXPANSION,3.0,2022-05-16,136,2022-05-23,143,CALIBRATION,SRC-HB-PHENO-EDI-51-16
CAL0405-HB-2022-SPRING-FAGR-7T-HALF_EXPANSION,2022,SPRING,FAGR,7T,HALF_EXPANSION,3.0,2022-05-23,143,2022-05-31,151,CALIBRATION,SRC-HB-PHENO-EDI-51-16
CAL0405-HB-2022-SPRING-FAGR-HQ-HALF_EXPANSION,2022,SPRING,FAGR,HQ,HALF_EXPANSION,3.0,2022-05-09,129,2022-05-17,137,CALIBRATION,SRC-HB-PHENO-EDI-51-16
CAL0405-HB-2023-SPRING-ACSA3-1B-HALF_EXPANSION,2023,SPRING,ACSA3,1B,HALF_EXPANSION,3.0,2023-05-08,128,2023-05-15,135,CALIBRATION,SRC-HB-PHENO-EDI-51-16
CAL0405-HB-2023-SPRING-ACSA3-4B-HALF_EXPANSION,2023,SPRING,ACSA3,4B,HALF_EXPANSION,3.0,2023-05-08,128,2023-05-15,135,CALIBRATION,SRC-HB-PHENO-EDI-51-16
CAL0405-HB-2023-SPRING-ACSA3-4T-HALF_EXPANSION,2023,SPRING,ACSA3,4T,HALF_EXPANSION,3.0,2023-05-15,135,2023-05-23,143,CALIBRATION,SRC-HB-PHENO-EDI-51-16
CAL0405-HB-2023-SPRING-ACSA3-5B-HALF_EXPANSION,2023,SPRING,ACSA3,5B,HALF_EXPANSION,3.0,2023-05-08,128,2023-05-15,135,CALIBRATION,SRC-HB-PHENO-EDI-51-16
CAL0405-HB-2023-SPRING-ACSA3-5T-HALF_EXPANSION,2023,SPRING,ACSA3,5T,HALF_EXPANSION,3.0,2023-05-15,135,2023-05-23,143,CALIBRATION,SRC-HB-PHENO-EDI-51-16
CAL0405-HB-2023-SPRING-ACSA3-6T-HALF_EXPANSION,2023,SPRING,ACSA3,6T,HALF_EXPANSION,3.0,2023-05-15,135,2023-05-23,143,CALIBRATION,SRC-HB-PHENO-EDI-51-16
CAL0405-HB-2023-SPRING-ACSA3-7B-HALF_EXPANSION,2023,SPRING,ACSA3,7B,HALF_EXPANSION,3.0,2023-05-08,128,2023-05-15,135,CALIBRATION,SRC-HB-PHENO-EDI-51-16
CAL0405-HB-2023-SPRING-ACSA3-7T-HALF_EXPANSION,2023,SPRING,ACSA3,7T,HALF_EXPANSION,3.0,2023-05-15,135,2023-05-23,143,CALIBRATION,SRC-HB-PHENO-EDI-51-16
CAL0405-HB-2023-SPRING-ACSA3-HQ-HALF_EXPANSION,2023,SPRING,ACSA3,HQ,HALF_EXPANSION,3.0,2023-05-08,128,2023-05-15,135,CALIBRATION,SRC-HB-PHENO-EDI-51-16
CAL0405-HB-2023-SPRING-BEAL2-1B-HALF_EXPANSION,2023,SPRING,BEAL2,1B,HALF_EXPANSION,3.0,2023-05-15,135,2023-05-24,144,CALIBRATION,SRC-HB-PHENO-EDI-51-16
CAL0405-HB-2023-SPRING-BEAL2-4B-HALF_EXPANSION,2023,SPRING,BEAL2,4B,HALF_EXPANSION,3.0,2023-05-15,135,2023-05-24,144,CALIBRATION,SRC-HB-PHENO-EDI-51-16
CAL0405-HB-2023-SPRING-BEAL2-4T-HALF_EXPANSION,2023,SPRING,BEAL2,4T,HALF_EXPANSION,3.0,2023-05-23,143,2023-06-05,157,CALIBRATION,SRC-HB-PHENO-EDI-51-16
CAL0405-HB-2023-SPRING-BEAL2-5B-HALF_EXPANSION,2023,SPRING,BEAL2,5B,HALF_EXPANSION,3.0,2023-05-15,135,2023-05-24,144,CALIBRATION,SRC-HB-PHENO-EDI-51-16
CAL0405-HB-2023-SPRING-BEAL2-5T-HALF_EXPANSION,2023,SPRING,BEAL2,5T,HALF_EXPANSION,3.0,2023-05-23,143,2023-05-30,150,CALIBRATION,SRC-HB-PHENO-EDI-51-16
CAL0405-HB-2023-SPRING-BEAL2-6T-HALF_EXPANSION,2023,SPRING,BEAL2,6T,HALF_EXPANSION,3.0,2023-05-23,143,2023-05-30,150,CALIBRATION,SRC-HB-PHENO-EDI-51-16
CAL0405-HB-2023-SPRING-BEAL2-7B-HALF_EXPANSION,2023,SPRING,BEAL2,7B,HALF_EXPANSION,3.0,2023-05-15,135,2023-05-23,143,CALIBRATION,SRC-HB-PHENO-EDI-51-16
CAL0405-HB-2023-SPRING-BEAL2-7T-HALF_EXPANSION,2023,SPRING,BEAL2,7T,HALF_EXPANSION,3.0,2023-05-23,143,2023-05-30,150,CALIBRATION,SRC-HB-PHENO-EDI-51-16
CAL0405-HB-2023-SPRING-BEAL2-HQ-HALF_EXPANSION,2023,SPRING,BEAL2,HQ,HALF_EXPANSION,3.0,2023-05-08,128,2023-05-15,135,CALIBRATION,SRC-HB-PHENO-EDI-51-16
CAL0405-HB-2023-SPRING-FAGR-1B-HALF_EXPANSION,2023,SPRING,FAGR,1B,HALF_EXPANSION,3.0,2023-05-08,128,2023-05-15,135,CALIBRATION,SRC-HB-PHENO-EDI-51-16
CAL0405-HB-2023-SPRING-FAGR-4B-HALF_EXPANSION,2023,SPRING,FAGR,4B,HALF_EXPANSION,3.0,2023-05-08,128,2023-05-15,135,CALIBRATION,SRC-HB-PHENO-EDI-51-16
CAL0405-HB-2023-SPRING-FAGR-4T-HALF_EXPANSION,2023,SPRING,FAGR,4T,HALF_EXPANSION,3.0,2023-05-15,135,2023-05-23,143,CALIBRATION,SRC-HB-PHENO-EDI-51-16
CAL0405-HB-2023-SPRING-FAGR-5B-HALF_EXPANSION,2023,SPRING,FAGR,5B,HALF_EXPANSION,3.0,2023-05-08,128,2023-05-15,135,CALIBRATION,SRC-HB-PHENO-EDI-51-16
CAL0405-HB-2023-SPRING-FAGR-5T-HALF_EXPANSION,2023,SPRING,FAGR,5T,HALF_EXPANSION,3.0,2023-05-23,143,2023-05-30,150,CALIBRATION,SRC-HB-PHENO-EDI-51-16
CAL0405-HB-2023-SPRING-FAGR-6T-HALF_EXPANSION,2023,SPRING,FAGR,6T,HALF_EXPANSION,3.0,2023-05-23,143,2023-05-30,150,CALIBRATION,SRC-HB-PHENO-EDI-51-16
CAL0405-HB-2023-SPRING-FAGR-7B-HALF_EXPANSION,2023,SPRING,FAGR,7B,HALF_EXPANSION,3.0,2023-05-15,135,2023-05-23,143,CALIBRATION,SRC-HB-PHENO-EDI-51-16
CAL0405-HB-2023-SPRING-FAGR-7T-HALF_EXPANSION,2023,SPRING,FAGR,7T,HALF_EXPANSION,3.0,2023-05-15,135,2023-05-23,143,CALIBRATION,SRC-HB-PHENO-EDI-51-16
CAL0405-HB-2023-SPRING-FAGR-HQ-HALF_EXPANSION,2023,SPRING,FAGR,HQ,HALF_EXPANSION,3.0,2023-05-08,128,2023-05-15,135,CALIBRATION,SRC-HB-PHENO-EDI-51-16
CAL0405-HB-2024-SPRING-ACSA3-1B-HALF_EXPANSION,2024,SPRING,ACSA3,1B,HALF_EXPANSION,3.0,2024-05-13,134,2024-05-20,141,CALIBRATION,SRC-HB-PHENO-EDI-51-16
CAL0405-HB-2024-SPRING-ACSA3-4B-HALF_EXPANSION,2024,SPRING,ACSA3,4B,HALF_EXPANSION,3.0,2024-05-13,134,2024-05-20,141,CALIBRATION,SRC-HB-PHENO-EDI-51-16
CAL0405-HB-2024-SPRING-ACSA3-4T-HALF_EXPANSION,2024,SPRING,ACSA3,4T,HALF_EXPANSION,3.0,2024-05-13,134,2024-05-20,141,CALIBRATION,SRC-HB-PHENO-EDI-51-16
CAL0405-HB-2024-SPRING-ACSA3-5B-HALF_EXPANSION,2024,SPRING,ACSA3,5B,HALF_EXPANSION,3.0,2024-05-13,134,2024-05-20,141,CALIBRATION,SRC-HB-PHENO-EDI-51-16
CAL0405-HB-2024-SPRING-ACSA3-5T-HALF_EXPANSION,2024,SPRING,ACSA3,5T,HALF_EXPANSION,3.0,2024-05-20,141,2024-05-29,150,CALIBRATION,SRC-HB-PHENO-EDI-51-16
CAL0405-HB-2024-SPRING-ACSA3-6T-HALF_EXPANSION,2024,SPRING,ACSA3,6T,HALF_EXPANSION,3.0,2024-05-20,141,2024-05-29,150,CALIBRATION,SRC-HB-PHENO-EDI-51-16
CAL0405-HB-2024-SPRING-ACSA3-7B-HALF_EXPANSION,2024,SPRING,ACSA3,7B,HALF_EXPANSION,3.0,2024-05-13,134,2024-05-20,141,CALIBRATION,SRC-HB-PHENO-EDI-51-16
CAL0405-HB-2024-SPRING-ACSA3-7T-HALF_EXPANSION,2024,SPRING,ACSA3,7T,HALF_EXPANSION,3.0,2024-05-20,141,2024-05-29,150,CALIBRATION,SRC-HB-PHENO-EDI-51-16
CAL0405-HB-2024-SPRING-ACSA3-HQ-HALF_EXPANSION,2024,SPRING,ACSA3,HQ,HALF_EXPANSION,3.0,2024-05-07,128,2024-05-14,135,CALIBRATION,SRC-HB-PHENO-EDI-51-16
CAL0405-HB-2024-SPRING-BEAL2-1B-HALF_EXPANSION,2024,SPRING,BEAL2,1B,HALF_EXPANSION,3.0,2024-05-13,134,2024-05-20,141,CALIBRATION,SRC-HB-PHENO-EDI-51-16
CAL0405-HB-2024-SPRING-BEAL2-4B-HALF_EXPANSION,2024,SPRING,BEAL2,4B,HALF_EXPANSION,3.0,2024-05-13,134,2024-05-20,141,CALIBRATION,SRC-HB-PHENO-EDI-51-16
CAL0405-HB-2024-SPRING-BEAL2-4T-HALF_EXPANSION,2024,SPRING,BEAL2,4T,HALF_EXPANSION,3.0,2024-05-20,141,2024-05-29,150,CALIBRATION,SRC-HB-PHENO-EDI-51-16
CAL0405-HB-2024-SPRING-BEAL2-5B-HALF_EXPANSION,2024,SPRING,BEAL2,5B,HALF_EXPANSION,3.0,2024-05-13,134,2024-05-20,141,CALIBRATION,SRC-HB-PHENO-EDI-51-16
CAL0405-HB-2024-SPRING-BEAL2-5T-HALF_EXPANSION,2024,SPRING,BEAL2,5T,HALF_EXPANSION,3.0,2024-05-20,141,2024-05-29,150,CALIBRATION,SRC-HB-PHENO-EDI-51-16
CAL0405-HB-2024-SPRING-BEAL2-6T-HALF_EXPANSION,2024,SPRING,BEAL2,6T,HALF_EXPANSION,3.0,2024-05-20,141,2024-05-29,150,CALIBRATION,SRC-HB-PHENO-EDI-51-16
CAL0405-HB-2024-SPRING-BEAL2-7B-HALF_EXPANSION,2024,SPRING,BEAL2,7B,HALF_EXPANSION,3.0,2024-05-13,134,2024-05-20,141,CALIBRATION,SRC-HB-PHENO-EDI-51-16
CAL0405-HB-2024-SPRING-BEAL2-7T-HALF_EXPANSION,2024,SPRING,BEAL2,7T,HALF_EXPANSION,3.0,2024-05-20,141,2024-05-29,150,CALIBRATION,SRC-HB-PHENO-EDI-51-16
CAL0405-HB-2024-SPRING-BEAL2-HQ-HALF_EXPANSION,2024,SPRING,BEAL2,HQ,HALF_EXPANSION,3.0,2024-05-14,135,2024-05-21,142,CALIBRATION,SRC-HB-PHENO-EDI-51-16
CAL0405-HB-2024-SPRING-FAGR-1B-HALF_EXPANSION,2024,SPRING,FAGR,1B,HALF_EXPANSION,3.0,2024-05-13,134,2024-05-20,141,CALIBRATION,SRC-HB-PHENO-EDI-51-16
CAL0405-HB-2024-SPRING-FAGR-4B-HALF_EXPANSION,2024,SPRING,FAGR,4B,HALF_EXPANSION,3.0,2024-05-13,134,2024-05-20,141,CALIBRATION,SRC-HB-PHENO-EDI-51-16
CAL0405-HB-2024-SPRING-FAGR-4T-HALF_EXPANSION,2024,SPRING,FAGR,4T,HALF_EXPANSION,3.0,2024-05-20,141,2024-05-29,150,CALIBRATION,SRC-HB-PHENO-EDI-51-16
CAL0405-HB-2024-SPRING-FAGR-5B-HALF_EXPANSION,2024,SPRING,FAGR,5B,HALF_EXPANSION,3.0,2024-05-13,134,2024-05-20,141,CALIBRATION,SRC-HB-PHENO-EDI-51-16
CAL0405-HB-2024-SPRING-FAGR-5T-HALF_EXPANSION,2024,SPRING,FAGR,5T,HALF_EXPANSION,3.0,2024-05-20,141,2024-05-29,150,CALIBRATION,SRC-HB-PHENO-EDI-51-16
CAL0405-HB-2024-SPRING-FAGR-6T-HALF_EXPANSION,2024,SPRING,FAGR,6T,HALF_EXPANSION,3.0,2024-05-20,141,2024-05-29,150,CALIBRATION,SRC-HB-PHENO-EDI-51-16
CAL0405-HB-2024-SPRING-FAGR-7B-HALF_EXPANSION,2024,SPRING,FAGR,7B,HALF_EXPANSION,3.0,2024-05-13,134,2024-05-20,141,CALIBRATION,SRC-HB-PHENO-EDI-51-16
CAL0405-HB-2024-SPRING-FAGR-7T-HALF_EXPANSION,2024,SPRING,FAGR,7T,HALF_EXPANSION,3.0,2024-05-20,141,2024-05-29,150,CALIBRATION,SRC-HB-PHENO-EDI-51-16
CAL0405-HB-2024-SPRING-FAGR-HQ-HALF_EXPANSION,2024,SPRING,FAGR,HQ,HALF_EXPANSION,3.0,2024-05-14,135,2024-05-21,142,CALIBRATION,SRC-HB-PHENO-EDI-51-16
CAL0405-HF-1991-FALL-ACSA-01-LEAF_FALL,1991,FALL,ACSA,HARVARD_FOREST,LEAF_FALL,50_percent,1991-10-23,296,1991-10-29,302,INDEPENDENT_HOLDOUT,SRC-HF-PHENO-HF003-V37
CAL0405-HF-1991-FALL-ACSA-02-LEAF_FALL,1991,FALL,ACSA,HARVARD_FOREST,LEAF_FALL,50_percent,1991-10-23,296,1991-10-29,302,INDEPENDENT_HOLDOUT,SRC-HF-PHENO-HF003-V37
CAL0405-HF-1991-FALL-ACSA-03-LEAF_FALL,1991,FALL,ACSA,HARVARD_FOREST,LEAF_FALL,50_percent,1991-10-10,283,1991-10-23,296,INDEPENDENT_HOLDOUT,SRC-HF-PHENO-HF003-V37
CAL0405-HF-1991-FALL-BEAL-01-LEAF_FALL,1991,FALL,BEAL,HARVARD_FOREST,LEAF_FALL,50_percent,1991-10-03,276,1991-10-10,283,INDEPENDENT_HOLDOUT,SRC-HF-PHENO-HF003-V37
CAL0405-HF-1991-FALL-BEAL-02-LEAF_FALL,1991,FALL,BEAL,HARVARD_FOREST,LEAF_FALL,50_percent,1991-10-03,276,1991-10-10,283,INDEPENDENT_HOLDOUT,SRC-HF-PHENO-HF003-V37
CAL0405-HF-1991-FALL-BEAL-03-LEAF_FALL,1991,FALL,BEAL,HARVARD_FOREST,LEAF_FALL,50_percent,1991-09-27,270,1991-10-03,276,INDEPENDENT_HOLDOUT,SRC-HF-PHENO-HF003-V37
CAL0405-HF-1991-FALL-FAGR-01-LEAF_FALL,1991,FALL,FAGR,HARVARD_FOREST,LEAF_FALL,50_percent,1991-10-23,296,1991-10-29,302,INDEPENDENT_HOLDOUT,SRC-HF-PHENO-HF003-V37
CAL0405-HF-1991-FALL-FAGR-02-LEAF_FALL,1991,FALL,FAGR,HARVARD_FOREST,LEAF_FALL,50_percent,1991-10-23,296,1991-10-29,302,INDEPENDENT_HOLDOUT,SRC-HF-PHENO-HF003-V37
CAL0405-HF-1991-FALL-FAGR-03-LEAF_FALL,1991,FALL,FAGR,HARVARD_FOREST,LEAF_FALL,50_percent,1991-10-23,296,1991-10-29,302,INDEPENDENT_HOLDOUT,SRC-HF-PHENO-HF003-V37
CAL0405-HF-1993-FALL-ACSA-01-LEAF_FALL,1993,FALL,ACSA,HARVARD_FOREST,LEAF_FALL,50_percent,1993-10-18,291,1993-10-29,302,INDEPENDENT_HOLDOUT,SRC-HF-PHENO-HF003-V37
CAL0405-HF-1993-FALL-ACSA-02-LEAF_FALL,1993,FALL,ACSA,HARVARD_FOREST,LEAF_FALL,50_percent,1993-10-18,291,1993-10-29,302,INDEPENDENT_HOLDOUT,SRC-HF-PHENO-HF003-V37
CAL0405-HF-1993-FALL-ACSA-03-LEAF_FALL,1993,FALL,ACSA,HARVARD_FOREST,LEAF_FALL,50_percent,1993-10-07,280,1993-10-18,291,INDEPENDENT_HOLDOUT,SRC-HF-PHENO-HF003-V37
CAL0405-HF-1993-FALL-BEAL-01-LEAF_FALL,1993,FALL,BEAL,HARVARD_FOREST,LEAF_FALL,50_percent,1993-09-22,265,1993-10-07,280,INDEPENDENT_HOLDOUT,SRC-HF-PHENO-HF003-V37
CAL0405-HF-1993-FALL-BEAL-02-LEAF_FALL,1993,FALL,BEAL,HARVARD_FOREST,LEAF_FALL,50_percent,1993-10-07,280,1993-10-18,291,INDEPENDENT_HOLDOUT,SRC-HF-PHENO-HF003-V37
CAL0405-HF-1993-FALL-BEAL-03-LEAF_FALL,1993,FALL,BEAL,HARVARD_FOREST,LEAF_FALL,50_percent,1993-09-22,265,1993-10-07,280,INDEPENDENT_HOLDOUT,SRC-HF-PHENO-HF003-V37
CAL0405-HF-1993-FALL-FAGR-01-LEAF_FALL,1993,FALL,FAGR,HARVARD_FOREST,LEAF_FALL,50_percent,1993-10-29,302,1993-11-09,313,INDEPENDENT_HOLDOUT,SRC-HF-PHENO-HF003-V37
CAL0405-HF-1993-FALL-FAGR-02-LEAF_FALL,1993,FALL,FAGR,HARVARD_FOREST,LEAF_FALL,50_percent,1993-10-18,291,1993-10-29,302,INDEPENDENT_HOLDOUT,SRC-HF-PHENO-HF003-V37
CAL0405-HF-1993-FALL-FAGR-03-LEAF_FALL,1993,FALL,FAGR,HARVARD_FOREST,LEAF_FALL,50_percent,1993-10-18,291,1993-10-29,302,INDEPENDENT_HOLDOUT,SRC-HF-PHENO-HF003-V37
CAL0405-HF-1993-FALL-FAGR-04-LEAF_FALL,1993,FALL,FAGR,HARVARD_FOREST,LEAF_FALL,50_percent,1993-10-29,302,1993-11-09,313,INDEPENDENT_HOLDOUT,SRC-HF-PHENO-HF003-V37
CAL0405-HF-1994-FALL-ACSA-01-LEAF_FALL,1994,FALL,ACSA,HARVARD_FOREST,LEAF_FALL,50_percent,1994-10-14,287,1994-10-21,294,INDEPENDENT_HOLDOUT,SRC-HF-PHENO-HF003-V37
CAL0405-HF-1994-FALL-ACSA-02-LEAF_FALL,1994,FALL,ACSA,HARVARD_FOREST,LEAF_FALL,50_percent,1994-10-14,287,1994-10-21,294,INDEPENDENT_HOLDOUT,SRC-HF-PHENO-HF003-V37
CAL0405-HF-1994-FALL-ACSA-03-LEAF_FALL,1994,FALL,ACSA,HARVARD_FOREST,LEAF_FALL,50_percent,1994-10-06,279,1994-10-14,287,INDEPENDENT_HOLDOUT,SRC-HF-PHENO-HF003-V37
CAL0405-HF-1994-FALL-BEAL-01-LEAF_FALL,1994,FALL,BEAL,HARVARD_FOREST,LEAF_FALL,50_percent,1994-10-06,279,1994-10-14,287,INDEPENDENT_HOLDOUT,SRC-HF-PHENO-HF003-V37
CAL0405-HF-1994-FALL-BEAL-02-LEAF_FALL,1994,FALL,BEAL,HARVARD_FOREST,LEAF_FALL,50_percent,1994-10-06,279,1994-10-14,287,INDEPENDENT_HOLDOUT,SRC-HF-PHENO-HF003-V37
CAL0405-HF-1994-FALL-BEAL-03-LEAF_FALL,1994,FALL,BEAL,HARVARD_FOREST,LEAF_FALL,50_percent,1994-09-15,258,1994-09-29,272,INDEPENDENT_HOLDOUT,SRC-HF-PHENO-HF003-V37
CAL0405-HF-1994-FALL-FAGR-01-LEAF_FALL,1994,FALL,FAGR,HARVARD_FOREST,LEAF_FALL,50_percent,1994-10-31,304,1994-11-07,311,INDEPENDENT_HOLDOUT,SRC-HF-PHENO-HF003-V37
CAL0405-HF-1994-FALL-FAGR-02-LEAF_FALL,1994,FALL,FAGR,HARVARD_FOREST,LEAF_FALL,50_percent,1994-10-14,287,1994-10-21,294,INDEPENDENT_HOLDOUT,SRC-HF-PHENO-HF003-V37
CAL0405-HF-1994-FALL-FAGR-03-LEAF_FALL,1994,FALL,FAGR,HARVARD_FOREST,LEAF_FALL,50_percent,1994-10-06,279,1994-10-14,287,INDEPENDENT_HOLDOUT,SRC-HF-PHENO-HF003-V37
CAL0405-HF-1994-FALL-FAGR-04-LEAF_FALL,1994,FALL,FAGR,HARVARD_FOREST,LEAF_FALL,50_percent,1994-10-31,304,1994-11-07,311,INDEPENDENT_HOLDOUT,SRC-HF-PHENO-HF003-V37
CAL0405-HF-1995-FALL-ACSA-01-LEAF_FALL,1995,FALL,ACSA,HARVARD_FOREST,LEAF_FALL,50_percent,1995-10-18,291,1995-10-24,297,INDEPENDENT_HOLDOUT,SRC-HF-PHENO-HF003-V37
CAL0405-HF-1995-FALL-ACSA-02-LEAF_FALL,1995,FALL,ACSA,HARVARD_FOREST,LEAF_FALL,50_percent,1995-10-18,291,1995-10-24,297,INDEPENDENT_HOLDOUT,SRC-HF-PHENO-HF003-V37
CAL0405-HF-1995-FALL-ACSA-03-LEAF_FALL,1995,FALL,ACSA,HARVARD_FOREST,LEAF_FALL,50_percent,1995-10-06,279,1995-10-12,285,INDEPENDENT_HOLDOUT,SRC-HF-PHENO-HF003-V37
CAL0405-HF-1995-FALL-BEAL-01-LEAF_FALL,1995,FALL,BEAL,HARVARD_FOREST,LEAF_FALL,50_percent,1995-09-29,272,1995-10-06,279,INDEPENDENT_HOLDOUT,SRC-HF-PHENO-HF003-V37
CAL0405-HF-1995-FALL-BEAL-02-LEAF_FALL,1995,FALL,BEAL,HARVARD_FOREST,LEAF_FALL,50_percent,1995-10-06,279,1995-10-12,285,INDEPENDENT_HOLDOUT,SRC-HF-PHENO-HF003-V37
CAL0405-HF-1995-FALL-BEAL-03-LEAF_FALL,1995,FALL,BEAL,HARVARD_FOREST,LEAF_FALL,50_percent,1995-09-29,272,1995-10-06,279,INDEPENDENT_HOLDOUT,SRC-HF-PHENO-HF003-V37
CAL0405-HF-1995-FALL-FAGR-01-LEAF_FALL,1995,FALL,FAGR,HARVARD_FOREST,LEAF_FALL,50_percent,1995-10-24,297,1995-11-03,307,INDEPENDENT_HOLDOUT,SRC-HF-PHENO-HF003-V37
CAL0405-HF-1995-FALL-FAGR-02-LEAF_FALL,1995,FALL,FAGR,HARVARD_FOREST,LEAF_FALL,50_percent,1995-10-12,285,1995-10-18,291,INDEPENDENT_HOLDOUT,SRC-HF-PHENO-HF003-V37
CAL0405-HF-1995-FALL-FAGR-03-LEAF_FALL,1995,FALL,FAGR,HARVARD_FOREST,LEAF_FALL,50_percent,1995-10-12,285,1995-10-18,291,INDEPENDENT_HOLDOUT,SRC-HF-PHENO-HF003-V37
CAL0405-HF-1995-FALL-FAGR-04-LEAF_FALL,1995,FALL,FAGR,HARVARD_FOREST,LEAF_FALL,50_percent,1995-11-03,307,1995-11-09,313,INDEPENDENT_HOLDOUT,SRC-HF-PHENO-HF003-V37
CAL0405-HF-1996-FALL-ACSA-01-LEAF_FALL,1996,FALL,ACSA,HARVARD_FOREST,LEAF_FALL,50_percent,1996-10-14,288,1996-10-21,295,INDEPENDENT_HOLDOUT,SRC-HF-PHENO-HF003-V37
CAL0405-HF-1996-FALL-ACSA-02-LEAF_FALL,1996,FALL,ACSA,HARVARD_FOREST,LEAF_FALL,50_percent,1996-10-21,295,1996-10-29,303,INDEPENDENT_HOLDOUT,SRC-HF-PHENO-HF003-V37
CAL0405-HF-1996-FALL-ACSA-03-LEAF_FALL,1996,FALL,ACSA,HARVARD_FOREST,LEAF_FALL,50_percent,1996-10-08,282,1996-10-14,288,INDEPENDENT_HOLDOUT,SRC-HF-PHENO-HF003-V37
CAL0405-HF-1996-FALL-BEAL-01-LEAF_FALL,1996,FALL,BEAL,HARVARD_FOREST,LEAF_FALL,50_percent,1996-10-08,282,1996-10-14,288,INDEPENDENT_HOLDOUT,SRC-HF-PHENO-HF003-V37
CAL0405-HF-1996-FALL-BEAL-02-LEAF_FALL,1996,FALL,BEAL,HARVARD_FOREST,LEAF_FALL,50_percent,1996-10-08,282,1996-10-14,288,INDEPENDENT_HOLDOUT,SRC-HF-PHENO-HF003-V37
CAL0405-HF-1996-FALL-BEAL-03-LEAF_FALL,1996,FALL,BEAL,HARVARD_FOREST,LEAF_FALL,50_percent,1996-10-08,282,1996-10-14,288,INDEPENDENT_HOLDOUT,SRC-HF-PHENO-HF003-V37
CAL0405-HF-1996-FALL-FAGR-01-LEAF_FALL,1996,FALL,FAGR,HARVARD_FOREST,LEAF_FALL,50_percent,1996-10-21,295,1996-10-29,303,INDEPENDENT_HOLDOUT,SRC-HF-PHENO-HF003-V37
CAL0405-HF-1996-FALL-FAGR-02-LEAF_FALL,1996,FALL,FAGR,HARVARD_FOREST,LEAF_FALL,50_percent,1996-10-14,288,1996-10-21,295,INDEPENDENT_HOLDOUT,SRC-HF-PHENO-HF003-V37
CAL0405-HF-1996-FALL-FAGR-03-LEAF_FALL,1996,FALL,FAGR,HARVARD_FOREST,LEAF_FALL,50_percent,1996-10-21,295,1996-10-29,303,INDEPENDENT_HOLDOUT,SRC-HF-PHENO-HF003-V37
CAL0405-HF-1996-FALL-FAGR-04-LEAF_FALL,1996,FALL,FAGR,HARVARD_FOREST,LEAF_FALL,50_percent,1996-10-29,303,1996-11-05,310,INDEPENDENT_HOLDOUT,SRC-HF-PHENO-HF003-V37
CAL0405-HF-1997-FALL-ACSA-01-LEAF_FALL,1997,FALL,ACSA,HARVARD_FOREST,LEAF_FALL,50_percent,1997-10-20,293,1997-10-28,301,INDEPENDENT_HOLDOUT,SRC-HF-PHENO-HF003-V37
CAL0405-HF-1997-FALL-ACSA-02-LEAF_FALL,1997,FALL,ACSA,HARVARD_FOREST,LEAF_FALL,50_percent,1997-10-28,301,1997-11-03,307,INDEPENDENT_HOLDOUT,SRC-HF-PHENO-HF003-V37
CAL0405-HF-1997-FALL-ACSA-03-LEAF_FALL,1997,FALL,ACSA,HARVARD_FOREST,LEAF_FALL,50_percent,1997-10-08,281,1997-10-13,286,INDEPENDENT_HOLDOUT,SRC-HF-PHENO-HF003-V37
CAL0405-HF-1997-FALL-BEAL-01-LEAF_FALL,1997,FALL,BEAL,HARVARD_FOREST,LEAF_FALL,50_percent,1997-10-08,281,1997-10-13,286,INDEPENDENT_HOLDOUT,SRC-HF-PHENO-HF003-V37
CAL0405-HF-1997-FALL-BEAL-02-LEAF_FALL,1997,FALL,BEAL,HARVARD_FOREST,LEAF_FALL,50_percent,1997-10-08,281,1997-10-13,286,INDEPENDENT_HOLDOUT,SRC-HF-PHENO-HF003-V37
CAL0405-HF-1997-FALL-BEAL-03-LEAF_FALL,1997,FALL,BEAL,HARVARD_FOREST,LEAF_FALL,50_percent,1997-10-08,281,1997-10-13,286,INDEPENDENT_HOLDOUT,SRC-HF-PHENO-HF003-V37
CAL0405-HF-1997-FALL-FAGR-01-LEAF_FALL,1997,FALL,FAGR,HARVARD_FOREST,LEAF_FALL,50_percent,1997-10-28,301,1997-11-03,307,INDEPENDENT_HOLDOUT,SRC-HF-PHENO-HF003-V37
CAL0405-HF-1997-FALL-FAGR-02-LEAF_FALL,1997,FALL,FAGR,HARVARD_FOREST,LEAF_FALL,50_percent,1997-10-08,281,1997-10-13,286,INDEPENDENT_HOLDOUT,SRC-HF-PHENO-HF003-V37
CAL0405-HF-1997-FALL-FAGR-03-LEAF_FALL,1997,FALL,FAGR,HARVARD_FOREST,LEAF_FALL,50_percent,1997-10-08,281,1997-10-13,286,INDEPENDENT_HOLDOUT,SRC-HF-PHENO-HF003-V37
CAL0405-HF-1997-FALL-FAGR-04-LEAF_FALL,1997,FALL,FAGR,HARVARD_FOREST,LEAF_FALL,50_percent,1997-10-28,301,1997-11-03,307,INDEPENDENT_HOLDOUT,SRC-HF-PHENO-HF003-V37
CAL0405-HF-1998-FALL-ACSA-01-LEAF_FALL,1998,FALL,ACSA,HARVARD_FOREST,LEAF_FALL,50_percent,1998-10-15,288,1998-10-21,294,INDEPENDENT_HOLDOUT,SRC-HF-PHENO-HF003-V37
CAL0405-HF-1998-FALL-ACSA-02-LEAF_FALL,1998,FALL,ACSA,HARVARD_FOREST,LEAF_FALL,50_percent,1998-10-15,288,1998-10-21,294,INDEPENDENT_HOLDOUT,SRC-HF-PHENO-HF003-V37
CAL0405-HF-1998-FALL-ACSA-03-LEAF_FALL,1998,FALL,ACSA,HARVARD_FOREST,LEAF_FALL,50_percent,1998-10-11,284,1998-10-15,288,INDEPENDENT_HOLDOUT,SRC-HF-PHENO-HF003-V37
CAL0405-HF-1998-FALL-BEAL-01-LEAF_FALL,1998,FALL,BEAL,HARVARD_FOREST,LEAF_FALL,50_percent,1998-10-01,274,1998-10-11,284,INDEPENDENT_HOLDOUT,SRC-HF-PHENO-HF003-V37
CAL0405-HF-1998-FALL-BEAL-02-LEAF_FALL,1998,FALL,BEAL,HARVARD_FOREST,LEAF_FALL,50_percent,1998-10-11,284,1998-10-15,288,INDEPENDENT_HOLDOUT,SRC-HF-PHENO-HF003-V37
CAL0405-HF-1998-FALL-BEAL-03-LEAF_FALL,1998,FALL,BEAL,HARVARD_FOREST,LEAF_FALL,50_percent,1998-10-01,274,1998-10-11,284,INDEPENDENT_HOLDOUT,SRC-HF-PHENO-HF003-V37
CAL0405-HF-1998-FALL-FAGR-01-LEAF_FALL,1998,FALL,FAGR,HARVARD_FOREST,LEAF_FALL,50_percent,1998-10-27,300,1998-11-05,309,INDEPENDENT_HOLDOUT,SRC-HF-PHENO-HF003-V37
CAL0405-HF-1998-FALL-FAGR-02-LEAF_FALL,1998,FALL,FAGR,HARVARD_FOREST,LEAF_FALL,50_percent,1998-09-25,268,1998-10-01,274,INDEPENDENT_HOLDOUT,SRC-HF-PHENO-HF003-V37
CAL0405-HF-1998-FALL-FAGR-03-LEAF_FALL,1998,FALL,FAGR,HARVARD_FOREST,LEAF_FALL,50_percent,1998-09-25,268,1998-10-01,274,INDEPENDENT_HOLDOUT,SRC-HF-PHENO-HF003-V37
CAL0405-HF-1998-FALL-FAGR-04-LEAF_FALL,1998,FALL,FAGR,HARVARD_FOREST,LEAF_FALL,50_percent,1998-11-05,309,1998-11-12,316,INDEPENDENT_HOLDOUT,SRC-HF-PHENO-HF003-V37
CAL0405-HF-1999-FALL-ACSA-01-LEAF_FALL,1999,FALL,ACSA,HARVARD_FOREST,LEAF_FALL,50_percent,1999-10-19,292,1999-10-26,299,INDEPENDENT_HOLDOUT,SRC-HF-PHENO-HF003-V37
CAL0405-HF-1999-FALL-ACSA-02-LEAF_FALL,1999,FALL,ACSA,HARVARD_FOREST,LEAF_FALL,50_percent,1999-10-19,292,1999-10-26,299,INDEPENDENT_HOLDOUT,SRC-HF-PHENO-HF003-V37
CAL0405-HF-1999-FALL-ACSA-03-LEAF_FALL,1999,FALL,ACSA,HARVARD_FOREST,LEAF_FALL,50_percent,1999-10-15,288,1999-10-19,292,INDEPENDENT_HOLDOUT,SRC-HF-PHENO-HF003-V37
CAL0405-HF-1999-FALL-BEAL-01-LEAF_FALL,1999,FALL,BEAL,HARVARD_FOREST,LEAF_FALL,50_percent,1999-10-15,288,1999-10-19,292,INDEPENDENT_HOLDOUT,SRC-HF-PHENO-HF003-V37
CAL0405-HF-1999-FALL-BEAL-02-LEAF_FALL,1999,FALL,BEAL,HARVARD_FOREST,LEAF_FALL,50_percent,1999-10-07,280,1999-10-15,288,INDEPENDENT_HOLDOUT,SRC-HF-PHENO-HF003-V37
CAL0405-HF-1999-FALL-BEAL-03-LEAF_FALL,1999,FALL,BEAL,HARVARD_FOREST,LEAF_FALL,50_percent,1999-10-07,280,1999-10-15,288,INDEPENDENT_HOLDOUT,SRC-HF-PHENO-HF003-V37
CAL0405-HF-1999-FALL-FAGR-01-LEAF_FALL,1999,FALL,FAGR,HARVARD_FOREST,LEAF_FALL,50_percent,1999-10-26,299,1999-11-08,312,INDEPENDENT_HOLDOUT,SRC-HF-PHENO-HF003-V37
CAL0405-HF-1999-FALL-FAGR-02-LEAF_FALL,1999,FALL,FAGR,HARVARD_FOREST,LEAF_FALL,50_percent,1999-09-30,273,1999-10-07,280,INDEPENDENT_HOLDOUT,SRC-HF-PHENO-HF003-V37
CAL0405-HF-1999-FALL-FAGR-03-LEAF_FALL,1999,FALL,FAGR,HARVARD_FOREST,LEAF_FALL,50_percent,1999-09-30,273,1999-10-07,280,INDEPENDENT_HOLDOUT,SRC-HF-PHENO-HF003-V37
CAL0405-HF-1999-FALL-FAGR-04-LEAF_FALL,1999,FALL,FAGR,HARVARD_FOREST,LEAF_FALL,50_percent,1999-11-01,305,1999-11-08,312,INDEPENDENT_HOLDOUT,SRC-HF-PHENO-HF003-V37
CAL0405-HF-2000-FALL-ACSA-01-LEAF_FALL,2000,FALL,ACSA,HARVARD_FOREST,LEAF_FALL,50_percent,2000-10-19,293,2000-10-26,300,INDEPENDENT_HOLDOUT,SRC-HF-PHENO-HF003-V37
CAL0405-HF-2000-FALL-ACSA-02-LEAF_FALL,2000,FALL,ACSA,HARVARD_FOREST,LEAF_FALL,50_percent,2000-10-19,293,2000-10-26,300,INDEPENDENT_HOLDOUT,SRC-HF-PHENO-HF003-V37
CAL0405-HF-2000-FALL-ACSA-03-LEAF_FALL,2000,FALL,ACSA,HARVARD_FOREST,LEAF_FALL,50_percent,2000-10-09,283,2000-10-15,289,INDEPENDENT_HOLDOUT,SRC-HF-PHENO-HF003-V37
CAL0405-HF-2000-FALL-BEAL-01-LEAF_FALL,2000,FALL,BEAL,HARVARD_FOREST,LEAF_FALL,50_percent,2000-10-09,283,2000-10-15,289,INDEPENDENT_HOLDOUT,SRC-HF-PHENO-HF003-V37
CAL0405-HF-2000-FALL-BEAL-02-LEAF_FALL,2000,FALL,BEAL,HARVARD_FOREST,LEAF_FALL,50_percent,2000-10-02,276,2000-10-09,283,INDEPENDENT_HOLDOUT,SRC-HF-PHENO-HF003-V37
CAL0405-HF-2000-FALL-BEAL-03-LEAF_FALL,2000,FALL,BEAL,HARVARD_FOREST,LEAF_FALL,50_percent,2000-10-02,276,2000-10-09,283,INDEPENDENT_HOLDOUT,SRC-HF-PHENO-HF003-V37
CAL0405-HF-2000-FALL-FAGR-01-LEAF_FALL,2000,FALL,FAGR,HARVARD_FOREST,LEAF_FALL,50_percent,2000-10-26,300,2000-11-02,307,INDEPENDENT_HOLDOUT,SRC-HF-PHENO-HF003-V37
CAL0405-HF-2000-FALL-FAGR-02-LEAF_FALL,2000,FALL,FAGR,HARVARD_FOREST,LEAF_FALL,50_percent,2000-10-09,283,2000-10-15,289,INDEPENDENT_HOLDOUT,SRC-HF-PHENO-HF003-V37
CAL0405-HF-2000-FALL-FAGR-03-LEAF_FALL,2000,FALL,FAGR,HARVARD_FOREST,LEAF_FALL,50_percent,2000-10-02,276,2000-10-09,283,INDEPENDENT_HOLDOUT,SRC-HF-PHENO-HF003-V37
CAL0405-HF-2000-FALL-FAGR-04-LEAF_FALL,2000,FALL,FAGR,HARVARD_FOREST,LEAF_FALL,50_percent,2000-10-26,300,2000-11-02,307,INDEPENDENT_HOLDOUT,SRC-HF-PHENO-HF003-V37
CAL0405-HF-2001-FALL-ACSA-01-LEAF_FALL,2001,FALL,ACSA,HARVARD_FOREST,LEAF_FALL,50_percent,2001-10-22,295,2001-10-30,303,INDEPENDENT_HOLDOUT,SRC-HF-PHENO-HF003-V37
CAL0405-HF-2001-FALL-ACSA-02-LEAF_FALL,2001,FALL,ACSA,HARVARD_FOREST,LEAF_FALL,50_percent,2001-10-22,295,2001-10-30,303,INDEPENDENT_HOLDOUT,SRC-HF-PHENO-HF003-V37
CAL0405-HF-2001-FALL-ACSA-03-LEAF_FALL,2001,FALL,ACSA,HARVARD_FOREST,LEAF_FALL,50_percent,2001-10-16,289,2001-10-22,295,INDEPENDENT_HOLDOUT,SRC-HF-PHENO-HF003-V37
CAL0405-HF-2001-FALL-BEAL-01-LEAF_FALL,2001,FALL,BEAL,HARVARD_FOREST,LEAF_FALL,50_percent,2001-10-03,276,2001-10-10,283,INDEPENDENT_HOLDOUT,SRC-HF-PHENO-HF003-V37
CAL0405-HF-2001-FALL-BEAL-02-LEAF_FALL,2001,FALL,BEAL,HARVARD_FOREST,LEAF_FALL,50_percent,2001-10-03,276,2001-10-10,283,INDEPENDENT_HOLDOUT,SRC-HF-PHENO-HF003-V37
CAL0405-HF-2001-FALL-BEAL-03-LEAF_FALL,2001,FALL,BEAL,HARVARD_FOREST,LEAF_FALL,50_percent,2001-10-03,276,2001-10-10,283,INDEPENDENT_HOLDOUT,SRC-HF-PHENO-HF003-V37
CAL0405-HF-2001-FALL-FAGR-01-LEAF_FALL,2001,FALL,FAGR,HARVARD_FOREST,LEAF_FALL,50_percent,2001-10-30,303,2001-11-07,311,INDEPENDENT_HOLDOUT,SRC-HF-PHENO-HF003-V37
CAL0405-HF-2001-FALL-FAGR-02-LEAF_FALL,2001,FALL,FAGR,HARVARD_FOREST,LEAF_FALL,50_percent,2001-10-22,295,2001-10-30,303,INDEPENDENT_HOLDOUT,SRC-HF-PHENO-HF003-V37
CAL0405-HF-2001-FALL-FAGR-03-LEAF_FALL,2001,FALL,FAGR,HARVARD_FOREST,LEAF_FALL,50_percent,2001-10-03,276,2001-10-10,283,INDEPENDENT_HOLDOUT,SRC-HF-PHENO-HF003-V37
CAL0405-HF-2001-FALL-FAGR-04-LEAF_FALL,2001,FALL,FAGR,HARVARD_FOREST,LEAF_FALL,50_percent,2001-11-07,311,2001-11-15,319,INDEPENDENT_HOLDOUT,SRC-HF-PHENO-HF003-V37
CAL0405-HF-2002-FALL-ACSA-01-LEAF_FALL,2002,FALL,ACSA,HARVARD_FOREST,LEAF_FALL,50_percent,2002-10-28,301,2002-11-04,308,INDEPENDENT_HOLDOUT,SRC-HF-PHENO-HF003-V37
CAL0405-HF-2002-FALL-ACSA-02-LEAF_FALL,2002,FALL,ACSA,HARVARD_FOREST,LEAF_FALL,50_percent,2002-10-28,301,2002-11-04,308,INDEPENDENT_HOLDOUT,SRC-HF-PHENO-HF003-V37
CAL0405-HF-2002-FALL-ACSA-03-LEAF_FALL,2002,FALL,ACSA,HARVARD_FOREST,LEAF_FALL,50_percent,2002-10-22,295,2002-10-28,301,INDEPENDENT_HOLDOUT,SRC-HF-PHENO-HF003-V37
CAL0405-HF-2002-FALL-BEAL-01-LEAF_FALL,2002,FALL,BEAL,HARVARD_FOREST,LEAF_FALL,50_percent,2002-10-10,283,2002-10-15,288,INDEPENDENT_HOLDOUT,SRC-HF-PHENO-HF003-V37
CAL0405-HF-2002-FALL-BEAL-02-LEAF_FALL,2002,FALL,BEAL,HARVARD_FOREST,LEAF_FALL,50_percent,2002-10-22,295,2002-10-28,301,INDEPENDENT_HOLDOUT,SRC-HF-PHENO-HF003-V37
CAL0405-HF-2002-FALL-BEAL-03-LEAF_FALL,2002,FALL,BEAL,HARVARD_FOREST,LEAF_FALL,50_percent,2002-10-10,283,2002-10-15,288,INDEPENDENT_HOLDOUT,SRC-HF-PHENO-HF003-V37
CAL0405-HF-2002-FALL-FAGR-01-LEAF_FALL,2002,FALL,FAGR,HARVARD_FOREST,LEAF_FALL,50_percent,2002-11-12,316,2002-11-15,319,INDEPENDENT_HOLDOUT,SRC-HF-PHENO-HF003-V37
CAL0405-HF-2002-FALL-FAGR-03-LEAF_FALL,2002,FALL,FAGR,HARVARD_FOREST,LEAF_FALL,50_percent,2002-10-15,288,2002-10-18,291,INDEPENDENT_HOLDOUT,SRC-HF-PHENO-HF003-V37
CAL0405-HF-2002-FALL-FAGR-04-LEAF_FALL,2002,FALL,FAGR,HARVARD_FOREST,LEAF_FALL,50_percent,2002-11-15,319,2002-11-25,329,INDEPENDENT_HOLDOUT,SRC-HF-PHENO-HF003-V37
CAL0405-HF-2002-FALL-FAGR-05-LEAF_FALL,2002,FALL,FAGR,HARVARD_FOREST,LEAF_FALL,50_percent,2002-10-28,301,2002-11-04,308,INDEPENDENT_HOLDOUT,SRC-HF-PHENO-HF003-V37
CAL0405-HF-2003-FALL-ACSA-01-LEAF_FALL,2003,FALL,ACSA,HARVARD_FOREST,LEAF_FALL,50_percent,2003-10-24,297,2003-11-02,306,INDEPENDENT_HOLDOUT,SRC-HF-PHENO-HF003-V37
CAL0405-HF-2003-FALL-ACSA-02-LEAF_FALL,2003,FALL,ACSA,HARVARD_FOREST,LEAF_FALL,50_percent,2003-10-18,291,2003-10-24,297,INDEPENDENT_HOLDOUT,SRC-HF-PHENO-HF003-V37
CAL0405-HF-2003-FALL-ACSA-03-LEAF_FALL,2003,FALL,ACSA,HARVARD_FOREST,LEAF_FALL,50_percent,2003-10-10,283,2003-10-14,287,INDEPENDENT_HOLDOUT,SRC-HF-PHENO-HF003-V37
CAL0405-HF-2003-FALL-BEAL-01-LEAF_FALL,2003,FALL,BEAL,HARVARD_FOREST,LEAF_FALL,50_percent,2003-10-10,283,2003-10-14,287,INDEPENDENT_HOLDOUT,SRC-HF-PHENO-HF003-V37
CAL0405-HF-2003-FALL-BEAL-02-LEAF_FALL,2003,FALL,BEAL,HARVARD_FOREST,LEAF_FALL,50_percent,2003-10-14,287,2003-10-18,291,INDEPENDENT_HOLDOUT,SRC-HF-PHENO-HF003-V37
CAL0405-HF-2003-FALL-BEAL-03-LEAF_FALL,2003,FALL,BEAL,HARVARD_FOREST,LEAF_FALL,50_percent,2003-10-10,283,2003-10-14,287,INDEPENDENT_HOLDOUT,SRC-HF-PHENO-HF003-V37
CAL0405-HF-2003-FALL-FAGR-01-LEAF_FALL,2003,FALL,FAGR,HARVARD_FOREST,LEAF_FALL,50_percent,2003-11-02,306,2003-11-10,314,INDEPENDENT_HOLDOUT,SRC-HF-PHENO-HF003-V37
CAL0405-HF-2003-FALL-FAGR-03-LEAF_FALL,2003,FALL,FAGR,HARVARD_FOREST,LEAF_FALL,50_percent,2003-09-24,267,2003-09-30,273,INDEPENDENT_HOLDOUT,SRC-HF-PHENO-HF003-V37
CAL0405-HF-2003-FALL-FAGR-04-LEAF_FALL,2003,FALL,FAGR,HARVARD_FOREST,LEAF_FALL,50_percent,2003-11-02,306,2003-11-10,314,INDEPENDENT_HOLDOUT,SRC-HF-PHENO-HF003-V37
CAL0405-HF-2003-FALL-FAGR-05-LEAF_FALL,2003,FALL,FAGR,HARVARD_FOREST,LEAF_FALL,50_percent,2003-10-24,297,2003-11-02,306,INDEPENDENT_HOLDOUT,SRC-HF-PHENO-HF003-V37
CAL0405-HF-2004-FALL-ACSA-01-LEAF_FALL,2004,FALL,ACSA,HARVARD_FOREST,LEAF_FALL,50_percent,2004-10-28,302,2004-11-04,309,INDEPENDENT_HOLDOUT,SRC-HF-PHENO-HF003-V37
CAL0405-HF-2004-FALL-ACSA-02-LEAF_FALL,2004,FALL,ACSA,HARVARD_FOREST,LEAF_FALL,50_percent,2004-10-28,302,2004-11-04,309,INDEPENDENT_HOLDOUT,SRC-HF-PHENO-HF003-V37
CAL0405-HF-2004-FALL-ACSA-03-LEAF_FALL,2004,FALL,ACSA,HARVARD_FOREST,LEAF_FALL,50_percent,2004-10-16,290,2004-10-22,296,INDEPENDENT_HOLDOUT,SRC-HF-PHENO-HF003-V37
CAL0405-HF-2004-FALL-BEAL-01-LEAF_FALL,2004,FALL,BEAL,HARVARD_FOREST,LEAF_FALL,50_percent,2004-10-07,281,2004-10-12,286,INDEPENDENT_HOLDOUT,SRC-HF-PHENO-HF003-V37
CAL0405-HF-2004-FALL-BEAL-02-LEAF_FALL,2004,FALL,BEAL,HARVARD_FOREST,LEAF_FALL,50_percent,2004-10-12,286,2004-10-16,290,INDEPENDENT_HOLDOUT,SRC-HF-PHENO-HF003-V37
CAL0405-HF-2004-FALL-BEAL-03-LEAF_FALL,2004,FALL,BEAL,HARVARD_FOREST,LEAF_FALL,50_percent,2004-09-30,274,2004-10-07,281,INDEPENDENT_HOLDOUT,SRC-HF-PHENO-HF003-V37
CAL0405-HF-2004-FALL-FAGR-01-LEAF_FALL,2004,FALL,FAGR,HARVARD_FOREST,LEAF_FALL,50_percent,2004-11-04,309,2004-11-16,321,INDEPENDENT_HOLDOUT,SRC-HF-PHENO-HF003-V37
CAL0405-HF-2004-FALL-FAGR-04-LEAF_FALL,2004,FALL,FAGR,HARVARD_FOREST,LEAF_FALL,50_percent,2004-11-04,309,2004-11-16,321,INDEPENDENT_HOLDOUT,SRC-HF-PHENO-HF003-V37
CAL0405-HF-2004-FALL-FAGR-05-LEAF_FALL,2004,FALL,FAGR,HARVARD_FOREST,LEAF_FALL,50_percent,2004-10-28,302,2004-11-04,309,INDEPENDENT_HOLDOUT,SRC-HF-PHENO-HF003-V37
CAL0405-HF-2004-FALL-FAGR-06-LEAF_FALL,2004,FALL,FAGR,HARVARD_FOREST,LEAF_FALL,50_percent,2004-11-04,309,2004-11-16,321,INDEPENDENT_HOLDOUT,SRC-HF-PHENO-HF003-V37
CAL0405-HF-2005-FALL-ACSA-01-LEAF_FALL,2005,FALL,ACSA,HARVARD_FOREST,LEAF_FALL,50_percent,2005-10-28,301,2005-11-05,309,INDEPENDENT_HOLDOUT,SRC-HF-PHENO-HF003-V37
CAL0405-HF-2005-FALL-ACSA-02-LEAF_FALL,2005,FALL,ACSA,HARVARD_FOREST,LEAF_FALL,50_percent,2005-10-28,301,2005-11-05,309,INDEPENDENT_HOLDOUT,SRC-HF-PHENO-HF003-V37
CAL0405-HF-2005-FALL-ACSA-03-LEAF_FALL,2005,FALL,ACSA,HARVARD_FOREST,LEAF_FALL,50_percent,2005-10-22,295,2005-10-28,301,INDEPENDENT_HOLDOUT,SRC-HF-PHENO-HF003-V37
CAL0405-HF-2005-FALL-BEAL-01-LEAF_FALL,2005,FALL,BEAL,HARVARD_FOREST,LEAF_FALL,50_percent,2005-10-12,285,2005-10-17,290,INDEPENDENT_HOLDOUT,SRC-HF-PHENO-HF003-V37
CAL0405-HF-2005-FALL-BEAL-02-LEAF_FALL,2005,FALL,BEAL,HARVARD_FOREST,LEAF_FALL,50_percent,2005-10-17,290,2005-10-22,295,INDEPENDENT_HOLDOUT,SRC-HF-PHENO-HF003-V37
CAL0405-HF-2005-FALL-BEAL-03-LEAF_FALL,2005,FALL,BEAL,HARVARD_FOREST,LEAF_FALL,50_percent,2005-10-05,278,2005-10-12,285,INDEPENDENT_HOLDOUT,SRC-HF-PHENO-HF003-V37
CAL0405-HF-2005-FALL-FAGR-01-LEAF_FALL,2005,FALL,FAGR,HARVARD_FOREST,LEAF_FALL,50_percent,2005-11-05,309,2005-11-11,315,INDEPENDENT_HOLDOUT,SRC-HF-PHENO-HF003-V37
CAL0405-HF-2005-FALL-FAGR-04-LEAF_FALL,2005,FALL,FAGR,HARVARD_FOREST,LEAF_FALL,50_percent,2005-11-05,309,2005-11-11,315,INDEPENDENT_HOLDOUT,SRC-HF-PHENO-HF003-V37
CAL0405-HF-2005-FALL-FAGR-05-LEAF_FALL,2005,FALL,FAGR,HARVARD_FOREST,LEAF_FALL,50_percent,2005-11-05,309,2005-11-11,315,INDEPENDENT_HOLDOUT,SRC-HF-PHENO-HF003-V37
CAL0405-HF-2005-FALL-FAGR-06-LEAF_FALL,2005,FALL,FAGR,HARVARD_FOREST,LEAF_FALL,50_percent,2005-11-11,315,2005-11-18,322,INDEPENDENT_HOLDOUT,SRC-HF-PHENO-HF003-V37
CAL0405-HF-2006-FALL-ACSA-01-LEAF_FALL,2006,FALL,ACSA,HARVARD_FOREST,LEAF_FALL,50_percent,2006-10-19,292,2006-10-26,299,INDEPENDENT_HOLDOUT,SRC-HF-PHENO-HF003-V37
CAL0405-HF-2006-FALL-ACSA-02-LEAF_FALL,2006,FALL,ACSA,HARVARD_FOREST,LEAF_FALL,50_percent,2006-10-15,288,2006-10-19,292,INDEPENDENT_HOLDOUT,SRC-HF-PHENO-HF003-V37
CAL0405-HF-2006-FALL-ACSA-03-LEAF_FALL,2006,FALL,ACSA,HARVARD_FOREST,LEAF_FALL,50_percent,2006-10-10,283,2006-10-15,288,INDEPENDENT_HOLDOUT,SRC-HF-PHENO-HF003-V37
CAL0405-HF-2006-FALL-BEAL-01-LEAF_FALL,2006,FALL,BEAL,HARVARD_FOREST,LEAF_FALL,50_percent,2006-10-02,275,2006-10-06,279,INDEPENDENT_HOLDOUT,SRC-HF-PHENO-HF003-V37
CAL0405-HF-2006-FALL-BEAL-02-LEAF_FALL,2006,FALL,BEAL,HARVARD_FOREST,LEAF_FALL,50_percent,2006-10-06,279,2006-10-10,283,INDEPENDENT_HOLDOUT,SRC-HF-PHENO-HF003-V37
CAL0405-HF-2006-FALL-BEAL-03-LEAF_FALL,2006,FALL,BEAL,HARVARD_FOREST,LEAF_FALL,50_percent,2006-09-25,268,2006-10-02,275,INDEPENDENT_HOLDOUT,SRC-HF-PHENO-HF003-V37
CAL0405-HF-2006-FALL-FAGR-01-LEAF_FALL,2006,FALL,FAGR,HARVARD_FOREST,LEAF_FALL,50_percent,2006-11-06,310,2006-11-13,317,INDEPENDENT_HOLDOUT,SRC-HF-PHENO-HF003-V37
CAL0405-HF-2006-FALL-FAGR-04-LEAF_FALL,2006,FALL,FAGR,HARVARD_FOREST,LEAF_FALL,50_percent,2006-10-26,299,2006-11-06,310,INDEPENDENT_HOLDOUT,SRC-HF-PHENO-HF003-V37
CAL0405-HF-2006-FALL-FAGR-05-LEAF_FALL,2006,FALL,FAGR,HARVARD_FOREST,LEAF_FALL,50_percent,2006-10-19,292,2006-10-26,299,INDEPENDENT_HOLDOUT,SRC-HF-PHENO-HF003-V37
CAL0405-HF-2006-FALL-FAGR-06-LEAF_FALL,2006,FALL,FAGR,HARVARD_FOREST,LEAF_FALL,50_percent,2006-11-13,317,2006-11-20,324,INDEPENDENT_HOLDOUT,SRC-HF-PHENO-HF003-V37
CAL0405-HF-2007-FALL-ACSA-01-LEAF_FALL,2007,FALL,ACSA,HARVARD_FOREST,LEAF_FALL,50_percent,2007-10-26,299,2007-10-31,304,INDEPENDENT_HOLDOUT,SRC-HF-PHENO-HF003-V37
CAL0405-HF-2007-FALL-ACSA-02-LEAF_FALL,2007,FALL,ACSA,HARVARD_FOREST,LEAF_FALL,50_percent,2007-10-26,299,2007-10-31,304,INDEPENDENT_HOLDOUT,SRC-HF-PHENO-HF003-V37
CAL0405-HF-2007-FALL-ACSA-04-LEAF_FALL,2007,FALL,ACSA,HARVARD_FOREST,LEAF_FALL,50_percent,2007-10-22,295,2007-10-26,299,INDEPENDENT_HOLDOUT,SRC-HF-PHENO-HF003-V37
CAL0405-HF-2007-FALL-BEAL-01-LEAF_FALL,2007,FALL,BEAL,HARVARD_FOREST,LEAF_FALL,50_percent,2007-10-06,279,2007-10-11,284,INDEPENDENT_HOLDOUT,SRC-HF-PHENO-HF003-V37
CAL0405-HF-2007-FALL-BEAL-02-LEAF_FALL,2007,FALL,BEAL,HARVARD_FOREST,LEAF_FALL,50_percent,2007-10-06,279,2007-10-11,284,INDEPENDENT_HOLDOUT,SRC-HF-PHENO-HF003-V37
CAL0405-HF-2007-FALL-BEAL-03-LEAF_FALL,2007,FALL,BEAL,HARVARD_FOREST,LEAF_FALL,50_percent,2007-09-28,271,2007-10-02,275,INDEPENDENT_HOLDOUT,SRC-HF-PHENO-HF003-V37
CAL0405-HF-2007-FALL-FAGR-01-LEAF_FALL,2007,FALL,FAGR,HARVARD_FOREST,LEAF_FALL,50_percent,2007-11-14,318,2007-11-28,332,INDEPENDENT_HOLDOUT,SRC-HF-PHENO-HF003-V37
CAL0405-HF-2007-FALL-FAGR-04-LEAF_FALL,2007,FALL,FAGR,HARVARD_FOREST,LEAF_FALL,50_percent,2007-11-14,318,2007-11-28,332,INDEPENDENT_HOLDOUT,SRC-HF-PHENO-HF003-V37
CAL0405-HF-2007-FALL-FAGR-05-LEAF_FALL,2007,FALL,FAGR,HARVARD_FOREST,LEAF_FALL,50_percent,2007-10-22,295,2007-10-26,299,INDEPENDENT_HOLDOUT,SRC-HF-PHENO-HF003-V37
CAL0405-HF-2007-FALL-FAGR-06-LEAF_FALL,2007,FALL,FAGR,HARVARD_FOREST,LEAF_FALL,50_percent,2007-11-07,311,2007-11-14,318,INDEPENDENT_HOLDOUT,SRC-HF-PHENO-HF003-V37
CAL0405-HF-2008-FALL-ACSA-01-LEAF_FALL,2008,FALL,ACSA,HARVARD_FOREST,LEAF_FALL,50_percent,2008-10-21,295,2008-10-27,301,INDEPENDENT_HOLDOUT,SRC-HF-PHENO-HF003-V37
CAL0405-HF-2008-FALL-ACSA-02-LEAF_FALL,2008,FALL,ACSA,HARVARD_FOREST,LEAF_FALL,50_percent,2008-10-21,295,2008-10-27,301,INDEPENDENT_HOLDOUT,SRC-HF-PHENO-HF003-V37
CAL0405-HF-2008-FALL-ACSA-04-LEAF_FALL,2008,FALL,ACSA,HARVARD_FOREST,LEAF_FALL,50_percent,2008-10-14,288,2008-10-21,295,INDEPENDENT_HOLDOUT,SRC-HF-PHENO-HF003-V37
CAL0405-HF-2008-FALL-BEAL-01-LEAF_FALL,2008,FALL,BEAL,HARVARD_FOREST,LEAF_FALL,50_percent,2008-10-08,282,2008-10-14,288,INDEPENDENT_HOLDOUT,SRC-HF-PHENO-HF003-V37
CAL0405-HF-2008-FALL-BEAL-02-LEAF_FALL,2008,FALL,BEAL,HARVARD_FOREST,LEAF_FALL,50_percent,2008-10-08,282,2008-10-14,288,INDEPENDENT_HOLDOUT,SRC-HF-PHENO-HF003-V37
CAL0405-HF-2008-FALL-BEAL-03-LEAF_FALL,2008,FALL,BEAL,HARVARD_FOREST,LEAF_FALL,50_percent,2008-09-24,268,2008-10-02,276,INDEPENDENT_HOLDOUT,SRC-HF-PHENO-HF003-V37
CAL0405-HF-2008-FALL-FAGR-01-LEAF_FALL,2008,FALL,FAGR,HARVARD_FOREST,LEAF_FALL,50_percent,2008-11-03,308,2008-11-10,315,INDEPENDENT_HOLDOUT,SRC-HF-PHENO-HF003-V37
CAL0405-HF-2008-FALL-FAGR-04-LEAF_FALL,2008,FALL,FAGR,HARVARD_FOREST,LEAF_FALL,50_percent,2008-11-03,308,2008-11-10,315,INDEPENDENT_HOLDOUT,SRC-HF-PHENO-HF003-V37
CAL0405-HF-2008-FALL-FAGR-05-LEAF_FALL,2008,FALL,FAGR,HARVARD_FOREST,LEAF_FALL,50_percent,2008-10-21,295,2008-10-27,301,INDEPENDENT_HOLDOUT,SRC-HF-PHENO-HF003-V37
CAL0405-HF-2008-FALL-FAGR-06-LEAF_FALL,2008,FALL,FAGR,HARVARD_FOREST,LEAF_FALL,50_percent,2008-11-03,308,2008-11-10,315,INDEPENDENT_HOLDOUT,SRC-HF-PHENO-HF003-V37
CAL0405-HF-2009-FALL-ACSA-01-LEAF_FALL,2009,FALL,ACSA,HARVARD_FOREST,LEAF_FALL,50_percent,2009-10-23,296,2009-10-27,300,INDEPENDENT_HOLDOUT,SRC-HF-PHENO-HF003-V37
CAL0405-HF-2009-FALL-ACSA-02-LEAF_FALL,2009,FALL,ACSA,HARVARD_FOREST,LEAF_FALL,50_percent,2009-10-17,290,2009-10-23,296,INDEPENDENT_HOLDOUT,SRC-HF-PHENO-HF003-V37
CAL0405-HF-2009-FALL-ACSA-04-LEAF_FALL,2009,FALL,ACSA,HARVARD_FOREST,LEAF_FALL,50_percent,2009-10-17,290,2009-10-23,296,INDEPENDENT_HOLDOUT,SRC-HF-PHENO-HF003-V37
CAL0405-HF-2009-FALL-BEAL-01-LEAF_FALL,2009,FALL,BEAL,HARVARD_FOREST,LEAF_FALL,50_percent,2009-10-08,281,2009-10-13,286,INDEPENDENT_HOLDOUT,SRC-HF-PHENO-HF003-V37
CAL0405-HF-2009-FALL-BEAL-02-LEAF_FALL,2009,FALL,BEAL,HARVARD_FOREST,LEAF_FALL,50_percent,2009-10-08,281,2009-10-13,286,INDEPENDENT_HOLDOUT,SRC-HF-PHENO-HF003-V37
CAL0405-HF-2009-FALL-BEAL-03-LEAF_FALL,2009,FALL,BEAL,HARVARD_FOREST,LEAF_FALL,50_percent,2009-09-30,273,2009-10-05,278,INDEPENDENT_HOLDOUT,SRC-HF-PHENO-HF003-V37
CAL0405-HF-2009-FALL-FAGR-01-LEAF_FALL,2009,FALL,FAGR,HARVARD_FOREST,LEAF_FALL,50_percent,2009-10-27,300,2009-11-06,310,INDEPENDENT_HOLDOUT,SRC-HF-PHENO-HF003-V37
CAL0405-HF-2009-FALL-FAGR-04-LEAF_FALL,2009,FALL,FAGR,HARVARD_FOREST,LEAF_FALL,50_percent,2009-10-27,300,2009-11-06,310,INDEPENDENT_HOLDOUT,SRC-HF-PHENO-HF003-V37
CAL0405-HF-2009-FALL-FAGR-05-LEAF_FALL,2009,FALL,FAGR,HARVARD_FOREST,LEAF_FALL,50_percent,2009-10-27,300,2009-11-06,310,INDEPENDENT_HOLDOUT,SRC-HF-PHENO-HF003-V37
CAL0405-HF-2009-FALL-FAGR-06-LEAF_FALL,2009,FALL,FAGR,HARVARD_FOREST,LEAF_FALL,50_percent,2009-11-06,310,2009-11-13,317,INDEPENDENT_HOLDOUT,SRC-HF-PHENO-HF003-V37
CAL0405-HF-2010-FALL-ACSA-01-LEAF_FALL,2010,FALL,ACSA,HARVARD_FOREST,LEAF_FALL,50_percent,2010-10-22,295,2010-10-28,301,INDEPENDENT_HOLDOUT,SRC-HF-PHENO-HF003-V37
CAL0405-HF-2010-FALL-ACSA-02-LEAF_FALL,2010,FALL,ACSA,HARVARD_FOREST,LEAF_FALL,50_percent,2010-10-22,295,2010-10-28,301,INDEPENDENT_HOLDOUT,SRC-HF-PHENO-HF003-V37
CAL0405-HF-2010-FALL-ACSA-04-LEAF_FALL,2010,FALL,ACSA,HARVARD_FOREST,LEAF_FALL,50_percent,2010-10-12,285,2010-10-18,291,INDEPENDENT_HOLDOUT,SRC-HF-PHENO-HF003-V37
CAL0405-HF-2010-FALL-BEAL-01-LEAF_FALL,2010,FALL,BEAL,HARVARD_FOREST,LEAF_FALL,50_percent,2010-10-07,280,2010-10-12,285,INDEPENDENT_HOLDOUT,SRC-HF-PHENO-HF003-V37
CAL0405-HF-2010-FALL-BEAL-02-LEAF_FALL,2010,FALL,BEAL,HARVARD_FOREST,LEAF_FALL,50_percent,2010-10-12,285,2010-10-18,291,INDEPENDENT_HOLDOUT,SRC-HF-PHENO-HF003-V37
CAL0405-HF-2010-FALL-BEAL-03-LEAF_FALL,2010,FALL,BEAL,HARVARD_FOREST,LEAF_FALL,50_percent,2010-10-03,276,2010-10-07,280,INDEPENDENT_HOLDOUT,SRC-HF-PHENO-HF003-V37
CAL0405-HF-2010-FALL-FAGR-01-LEAF_FALL,2010,FALL,FAGR,HARVARD_FOREST,LEAF_FALL,50_percent,2010-11-06,310,2010-11-12,316,INDEPENDENT_HOLDOUT,SRC-HF-PHENO-HF003-V37
CAL0405-HF-2010-FALL-FAGR-04-LEAF_FALL,2010,FALL,FAGR,HARVARD_FOREST,LEAF_FALL,50_percent,2010-11-06,310,2010-11-12,316,INDEPENDENT_HOLDOUT,SRC-HF-PHENO-HF003-V37
CAL0405-HF-2010-FALL-FAGR-05-LEAF_FALL,2010,FALL,FAGR,HARVARD_FOREST,LEAF_FALL,50_percent,2010-10-28,301,2010-11-06,310,INDEPENDENT_HOLDOUT,SRC-HF-PHENO-HF003-V37
CAL0405-HF-2010-FALL-FAGR-06-LEAF_FALL,2010,FALL,FAGR,HARVARD_FOREST,LEAF_FALL,50_percent,2010-11-06,310,2010-11-12,316,INDEPENDENT_HOLDOUT,SRC-HF-PHENO-HF003-V37
CAL0405-HF-2011-FALL-ACSA-01-LEAF_FALL,2011,FALL,ACSA,HARVARD_FOREST,LEAF_FALL,50_percent,2011-10-17,290,2011-10-21,294,INDEPENDENT_HOLDOUT,SRC-HF-PHENO-HF003-V37
CAL0405-HF-2011-FALL-ACSA-02-LEAF_FALL,2011,FALL,ACSA,HARVARD_FOREST,LEAF_FALL,50_percent,2011-10-09,282,2011-10-12,285,INDEPENDENT_HOLDOUT,SRC-HF-PHENO-HF003-V37
CAL0405-HF-2011-FALL-ACSA-04-LEAF_FALL,2011,FALL,ACSA,HARVARD_FOREST,LEAF_FALL,50_percent,2011-10-21,294,2011-10-27,300,INDEPENDENT_HOLDOUT,SRC-HF-PHENO-HF003-V37
CAL0405-HF-2011-FALL-BEAL-01-LEAF_FALL,2011,FALL,BEAL,HARVARD_FOREST,LEAF_FALL,50_percent,2011-10-12,285,2011-10-17,290,INDEPENDENT_HOLDOUT,SRC-HF-PHENO-HF003-V37
CAL0405-HF-2011-FALL-BEAL-02-LEAF_FALL,2011,FALL,BEAL,HARVARD_FOREST,LEAF_FALL,50_percent,2011-10-12,285,2011-10-17,290,INDEPENDENT_HOLDOUT,SRC-HF-PHENO-HF003-V37
CAL0405-HF-2011-FALL-BEAL-03-LEAF_FALL,2011,FALL,BEAL,HARVARD_FOREST,LEAF_FALL,50_percent,2011-09-27,270,2011-10-03,276,INDEPENDENT_HOLDOUT,SRC-HF-PHENO-HF003-V37
CAL0405-HF-2011-FALL-FAGR-01-LEAF_FALL,2011,FALL,FAGR,HARVARD_FOREST,LEAF_FALL,50_percent,2011-11-08,312,2011-11-14,318,INDEPENDENT_HOLDOUT,SRC-HF-PHENO-HF003-V37
CAL0405-HF-2011-FALL-FAGR-04-LEAF_FALL,2011,FALL,FAGR,HARVARD_FOREST,LEAF_FALL,50_percent,2011-11-14,318,2011-11-21,325,INDEPENDENT_HOLDOUT,SRC-HF-PHENO-HF003-V37
CAL0405-HF-2011-FALL-FAGR-05-LEAF_FALL,2011,FALL,FAGR,HARVARD_FOREST,LEAF_FALL,50_percent,2011-11-03,307,2011-11-08,312,INDEPENDENT_HOLDOUT,SRC-HF-PHENO-HF003-V37
CAL0405-HF-2011-FALL-FAGR-06-LEAF_FALL,2011,FALL,FAGR,HARVARD_FOREST,LEAF_FALL,50_percent,2011-11-08,312,2011-11-14,318,INDEPENDENT_HOLDOUT,SRC-HF-PHENO-HF003-V37
CAL0405-HF-2012-FALL-ACSA-01-LEAF_FALL,2012,FALL,ACSA,HARVARD_FOREST,LEAF_FALL,50_percent,2012-10-08,282,2012-10-12,286,INDEPENDENT_HOLDOUT,SRC-HF-PHENO-HF003-V37
CAL0405-HF-2012-FALL-ACSA-02-LEAF_FALL,2012,FALL,ACSA,HARVARD_FOREST,LEAF_FALL,50_percent,2012-10-08,282,2012-10-12,286,INDEPENDENT_HOLDOUT,SRC-HF-PHENO-HF003-V37
CAL0405-HF-2012-FALL-ACSA-04-LEAF_FALL,2012,FALL,ACSA,HARVARD_FOREST,LEAF_FALL,50_percent,2012-10-12,286,2012-10-17,291,INDEPENDENT_HOLDOUT,SRC-HF-PHENO-HF003-V37
CAL0405-HF-2012-FALL-BEAL-01-LEAF_FALL,2012,FALL,BEAL,HARVARD_FOREST,LEAF_FALL,50_percent,2012-10-03,277,2012-10-08,282,INDEPENDENT_HOLDOUT,SRC-HF-PHENO-HF003-V37
CAL0405-HF-2012-FALL-BEAL-02-LEAF_FALL,2012,FALL,BEAL,HARVARD_FOREST,LEAF_FALL,50_percent,2012-10-03,277,2012-10-08,282,INDEPENDENT_HOLDOUT,SRC-HF-PHENO-HF003-V37
CAL0405-HF-2012-FALL-BEAL-03-LEAF_FALL,2012,FALL,BEAL,HARVARD_FOREST,LEAF_FALL,50_percent,2012-10-03,277,2012-10-08,282,INDEPENDENT_HOLDOUT,SRC-HF-PHENO-HF003-V37
CAL0405-HF-2012-FALL-FAGR-01-LEAF_FALL,2012,FALL,FAGR,HARVARD_FOREST,LEAF_FALL,50_percent,2012-10-26,300,2012-11-01,306,INDEPENDENT_HOLDOUT,SRC-HF-PHENO-HF003-V37
CAL0405-HF-2012-FALL-FAGR-04-LEAF_FALL,2012,FALL,FAGR,HARVARD_FOREST,LEAF_FALL,50_percent,2012-10-26,300,2012-11-01,306,INDEPENDENT_HOLDOUT,SRC-HF-PHENO-HF003-V37
CAL0405-HF-2012-FALL-FAGR-05-LEAF_FALL,2012,FALL,FAGR,HARVARD_FOREST,LEAF_FALL,50_percent,2012-10-22,296,2012-10-26,300,INDEPENDENT_HOLDOUT,SRC-HF-PHENO-HF003-V37
CAL0405-HF-2012-FALL-FAGR-06-LEAF_FALL,2012,FALL,FAGR,HARVARD_FOREST,LEAF_FALL,50_percent,2012-11-01,306,2012-11-09,314,INDEPENDENT_HOLDOUT,SRC-HF-PHENO-HF003-V37
CAL0405-HF-2013-FALL-ACSA-01-LEAF_FALL,2013,FALL,ACSA,HARVARD_FOREST,LEAF_FALL,50_percent,2013-10-14,287,2013-10-20,293,INDEPENDENT_HOLDOUT,SRC-HF-PHENO-HF003-V37
CAL0405-HF-2013-FALL-ACSA-02-LEAF_FALL,2013,FALL,ACSA,HARVARD_FOREST,LEAF_FALL,50_percent,2013-10-01,274,2013-10-08,281,INDEPENDENT_HOLDOUT,SRC-HF-PHENO-HF003-V37
CAL0405-HF-2013-FALL-ACSA-04-LEAF_FALL,2013,FALL,ACSA,HARVARD_FOREST,LEAF_FALL,50_percent,2013-10-14,287,2013-10-20,293,INDEPENDENT_HOLDOUT,SRC-HF-PHENO-HF003-V37
CAL0405-HF-2013-FALL-BEAL-01-LEAF_FALL,2013,FALL,BEAL,HARVARD_FOREST,LEAF_FALL,50_percent,2013-10-01,274,2013-10-08,281,INDEPENDENT_HOLDOUT,SRC-HF-PHENO-HF003-V37
CAL0405-HF-2013-FALL-BEAL-02-LEAF_FALL,2013,FALL,BEAL,HARVARD_FOREST,LEAF_FALL,50_percent,2013-10-08,281,2013-10-14,287,INDEPENDENT_HOLDOUT,SRC-HF-PHENO-HF003-V37
CAL0405-HF-2013-FALL-BEAL-03-LEAF_FALL,2013,FALL,BEAL,HARVARD_FOREST,LEAF_FALL,50_percent,2013-10-01,274,2013-10-08,281,INDEPENDENT_HOLDOUT,SRC-HF-PHENO-HF003-V37
CAL0405-HF-2013-FALL-FAGR-01-LEAF_FALL,2013,FALL,FAGR,HARVARD_FOREST,LEAF_FALL,50_percent,2013-10-30,303,2013-11-08,312,INDEPENDENT_HOLDOUT,SRC-HF-PHENO-HF003-V37
CAL0405-HF-2013-FALL-FAGR-04-LEAF_FALL,2013,FALL,FAGR,HARVARD_FOREST,LEAF_FALL,50_percent,2013-10-25,298,2013-10-30,303,INDEPENDENT_HOLDOUT,SRC-HF-PHENO-HF003-V37
CAL0405-HF-2013-FALL-FAGR-05-LEAF_FALL,2013,FALL,FAGR,HARVARD_FOREST,LEAF_FALL,50_percent,2013-10-25,298,2013-10-30,303,INDEPENDENT_HOLDOUT,SRC-HF-PHENO-HF003-V37
CAL0405-HF-2013-FALL-FAGR-06-LEAF_FALL,2013,FALL,FAGR,HARVARD_FOREST,LEAF_FALL,50_percent,2013-10-30,303,2013-11-08,312,INDEPENDENT_HOLDOUT,SRC-HF-PHENO-HF003-V37
CAL0405-HF-2014-FALL-ACSA-01-LEAF_FALL,2014,FALL,ACSA,HARVARD_FOREST,LEAF_FALL,50_percent,2014-10-14,287,2014-10-20,293,INDEPENDENT_HOLDOUT,SRC-HF-PHENO-HF003-V37
CAL0405-HF-2014-FALL-ACSA-02-LEAF_FALL,2014,FALL,ACSA,HARVARD_FOREST,LEAF_FALL,50_percent,2014-10-14,287,2014-10-20,293,INDEPENDENT_HOLDOUT,SRC-HF-PHENO-HF003-V37
CAL0405-HF-2014-FALL-ACSA-04-LEAF_FALL,2014,FALL,ACSA,HARVARD_FOREST,LEAF_FALL,50_percent,2014-10-20,293,2014-10-27,300,INDEPENDENT_HOLDOUT,SRC-HF-PHENO-HF003-V37
CAL0405-HF-2014-FALL-BEAL-01-LEAF_FALL,2014,FALL,BEAL,HARVARD_FOREST,LEAF_FALL,50_percent,2014-10-02,275,2014-10-08,281,INDEPENDENT_HOLDOUT,SRC-HF-PHENO-HF003-V37
CAL0405-HF-2014-FALL-BEAL-02-LEAF_FALL,2014,FALL,BEAL,HARVARD_FOREST,LEAF_FALL,50_percent,2014-10-14,287,2014-10-20,293,INDEPENDENT_HOLDOUT,SRC-HF-PHENO-HF003-V37
CAL0405-HF-2014-FALL-BEAL-03-LEAF_FALL,2014,FALL,BEAL,HARVARD_FOREST,LEAF_FALL,50_percent,2014-09-26,269,2014-10-02,275,INDEPENDENT_HOLDOUT,SRC-HF-PHENO-HF003-V37
CAL0405-HF-2014-FALL-FAGR-01-LEAF_FALL,2014,FALL,FAGR,HARVARD_FOREST,LEAF_FALL,50_percent,2014-11-10,314,2014-11-18,322,INDEPENDENT_HOLDOUT,SRC-HF-PHENO-HF003-V37
CAL0405-HF-2014-FALL-FAGR-04-LEAF_FALL,2014,FALL,FAGR,HARVARD_FOREST,LEAF_FALL,50_percent,2014-10-27,300,2014-11-03,307,INDEPENDENT_HOLDOUT,SRC-HF-PHENO-HF003-V37
CAL0405-HF-2014-FALL-FAGR-05-LEAF_FALL,2014,FALL,FAGR,HARVARD_FOREST,LEAF_FALL,50_percent,2014-10-27,300,2014-11-03,307,INDEPENDENT_HOLDOUT,SRC-HF-PHENO-HF003-V37
CAL0405-HF-2014-FALL-FAGR-06-LEAF_FALL,2014,FALL,FAGR,HARVARD_FOREST,LEAF_FALL,50_percent,2014-10-27,300,2014-11-03,307,INDEPENDENT_HOLDOUT,SRC-HF-PHENO-HF003-V37
CAL0405-HF-2015-FALL-ACSA-01-LEAF_FALL,2015,FALL,ACSA,HARVARD_FOREST,LEAF_FALL,50_percent,2015-10-26,299,2015-11-02,306,INDEPENDENT_HOLDOUT,SRC-HF-PHENO-HF003-V37
CAL0405-HF-2015-FALL-ACSA-02-LEAF_FALL,2015,FALL,ACSA,HARVARD_FOREST,LEAF_FALL,50_percent,2015-10-16,289,2015-10-20,293,INDEPENDENT_HOLDOUT,SRC-HF-PHENO-HF003-V37
CAL0405-HF-2015-FALL-ACSA-04-LEAF_FALL,2015,FALL,ACSA,HARVARD_FOREST,LEAF_FALL,50_percent,2015-10-26,299,2015-11-02,306,INDEPENDENT_HOLDOUT,SRC-HF-PHENO-HF003-V37
CAL0405-HF-2015-FALL-BEAL-01-LEAF_FALL,2015,FALL,BEAL,HARVARD_FOREST,LEAF_FALL,50_percent,2015-10-12,285,2015-10-16,289,INDEPENDENT_HOLDOUT,SRC-HF-PHENO-HF003-V37
CAL0405-HF-2015-FALL-BEAL-02-LEAF_FALL,2015,FALL,BEAL,HARVARD_FOREST,LEAF_FALL,50_percent,2015-10-16,289,2015-10-20,293,INDEPENDENT_HOLDOUT,SRC-HF-PHENO-HF003-V37
CAL0405-HF-2015-FALL-BEAL-03-LEAF_FALL,2015,FALL,BEAL,HARVARD_FOREST,LEAF_FALL,50_percent,2015-10-12,285,2015-10-16,289,INDEPENDENT_HOLDOUT,SRC-HF-PHENO-HF003-V37
CAL0405-HF-2015-FALL-FAGR-01-LEAF_FALL,2015,FALL,FAGR,HARVARD_FOREST,LEAF_FALL,50_percent,2015-11-02,306,2015-11-09,313,INDEPENDENT_HOLDOUT,SRC-HF-PHENO-HF003-V37
CAL0405-HF-2015-FALL-FAGR-04-LEAF_FALL,2015,FALL,FAGR,HARVARD_FOREST,LEAF_FALL,50_percent,2015-11-02,306,2015-11-09,313,INDEPENDENT_HOLDOUT,SRC-HF-PHENO-HF003-V37
CAL0405-HF-2015-FALL-FAGR-05-LEAF_FALL,2015,FALL,FAGR,HARVARD_FOREST,LEAF_FALL,50_percent,2015-11-02,306,2015-11-09,313,INDEPENDENT_HOLDOUT,SRC-HF-PHENO-HF003-V37
CAL0405-HF-2015-FALL-FAGR-06-LEAF_FALL,2015,FALL,FAGR,HARVARD_FOREST,LEAF_FALL,50_percent,2015-11-02,306,2015-11-09,313,INDEPENDENT_HOLDOUT,SRC-HF-PHENO-HF003-V37
CAL0405-HF-2016-FALL-ACSA-01-LEAF_FALL,2016,FALL,ACSA,HARVARD_FOREST,LEAF_FALL,50_percent,2016-10-17,291,2016-10-20,294,INDEPENDENT_HOLDOUT,SRC-HF-PHENO-HF003-V37
CAL0405-HF-2016-FALL-ACSA-02-LEAF_FALL,2016,FALL,ACSA,HARVARD_FOREST,LEAF_FALL,50_percent,2016-10-20,294,2016-10-26,300,INDEPENDENT_HOLDOUT,SRC-HF-PHENO-HF003-V37
CAL0405-HF-2016-FALL-ACSA-04-LEAF_FALL,2016,FALL,ACSA,HARVARD_FOREST,LEAF_FALL,50_percent,2016-10-20,294,2016-10-26,300,INDEPENDENT_HOLDOUT,SRC-HF-PHENO-HF003-V37
CAL0405-HF-2016-FALL-BEAL-01-LEAF_FALL,2016,FALL,BEAL,HARVARD_FOREST,LEAF_FALL,50_percent,2016-10-11,285,2016-10-17,291,INDEPENDENT_HOLDOUT,SRC-HF-PHENO-HF003-V37
CAL0405-HF-2016-FALL-BEAL-02-LEAF_FALL,2016,FALL,BEAL,HARVARD_FOREST,LEAF_FALL,50_percent,2016-10-17,291,2016-10-20,294,INDEPENDENT_HOLDOUT,SRC-HF-PHENO-HF003-V37
CAL0405-HF-2016-FALL-BEAL-03-LEAF_FALL,2016,FALL,BEAL,HARVARD_FOREST,LEAF_FALL,50_percent,2016-10-11,285,2016-10-17,291,INDEPENDENT_HOLDOUT,SRC-HF-PHENO-HF003-V37
CAL0405-HF-2016-FALL-FAGR-01-LEAF_FALL,2016,FALL,FAGR,HARVARD_FOREST,LEAF_FALL,50_percent,2016-11-14,319,2016-11-22,327,INDEPENDENT_HOLDOUT,SRC-HF-PHENO-HF003-V37
CAL0405-HF-2016-FALL-FAGR-04-LEAF_FALL,2016,FALL,FAGR,HARVARD_FOREST,LEAF_FALL,50_percent,2016-11-07,312,2016-11-14,319,INDEPENDENT_HOLDOUT,SRC-HF-PHENO-HF003-V37
CAL0405-HF-2016-FALL-FAGR-06-LEAF_FALL,2016,FALL,FAGR,HARVARD_FOREST,LEAF_FALL,50_percent,2016-11-07,312,2016-11-14,319,INDEPENDENT_HOLDOUT,SRC-HF-PHENO-HF003-V37
CAL0405-HF-2016-FALL-FAGR-07-LEAF_FALL,2016,FALL,FAGR,HARVARD_FOREST,LEAF_FALL,50_percent,2016-11-07,312,2016-11-14,319,INDEPENDENT_HOLDOUT,SRC-HF-PHENO-HF003-V37
CAL0405-HF-2017-FALL-ACSA-01-LEAF_FALL,2017,FALL,ACSA,HARVARD_FOREST,LEAF_FALL,50_percent,2017-10-19,292,2017-10-27,300,INDEPENDENT_HOLDOUT,SRC-HF-PHENO-HF003-V37
CAL0405-HF-2017-FALL-ACSA-02-LEAF_FALL,2017,FALL,ACSA,HARVARD_FOREST,LEAF_FALL,50_percent,2017-10-12,285,2017-10-19,292,INDEPENDENT_HOLDOUT,SRC-HF-PHENO-HF003-V37
CAL0405-HF-2017-FALL-ACSA-04-LEAF_FALL,2017,FALL,ACSA,HARVARD_FOREST,LEAF_FALL,50_percent,2017-10-12,285,2017-10-19,292,INDEPENDENT_HOLDOUT,SRC-HF-PHENO-HF003-V37
CAL0405-HF-2017-FALL-BEAL-01-LEAF_FALL,2017,FALL,BEAL,HARVARD_FOREST,LEAF_FALL,50_percent,2017-10-07,280,2017-10-12,285,INDEPENDENT_HOLDOUT,SRC-HF-PHENO-HF003-V37
CAL0405-HF-2017-FALL-BEAL-02-LEAF_FALL,2017,FALL,BEAL,HARVARD_FOREST,LEAF_FALL,50_percent,2017-10-19,292,2017-10-27,300,INDEPENDENT_HOLDOUT,SRC-HF-PHENO-HF003-V37
CAL0405-HF-2017-FALL-BEAL-03-LEAF_FALL,2017,FALL,BEAL,HARVARD_FOREST,LEAF_FALL,50_percent,2017-10-07,280,2017-10-12,285,INDEPENDENT_HOLDOUT,SRC-HF-PHENO-HF003-V37
CAL0405-HF-2017-FALL-FAGR-01-LEAF_FALL,2017,FALL,FAGR,HARVARD_FOREST,LEAF_FALL,50_percent,2017-11-09,313,2017-11-17,321,INDEPENDENT_HOLDOUT,SRC-HF-PHENO-HF003-V37
CAL0405-HF-2017-FALL-FAGR-04-LEAF_FALL,2017,FALL,FAGR,HARVARD_FOREST,LEAF_FALL,50_percent,2017-10-27,300,2017-11-02,306,INDEPENDENT_HOLDOUT,SRC-HF-PHENO-HF003-V37
CAL0405-HF-2017-FALL-FAGR-06-LEAF_FALL,2017,FALL,FAGR,HARVARD_FOREST,LEAF_FALL,50_percent,2017-10-27,300,2017-11-02,306,INDEPENDENT_HOLDOUT,SRC-HF-PHENO-HF003-V37
CAL0405-HF-2017-FALL-FAGR-07-LEAF_FALL,2017,FALL,FAGR,HARVARD_FOREST,LEAF_FALL,50_percent,2017-10-27,300,2017-11-02,306,INDEPENDENT_HOLDOUT,SRC-HF-PHENO-HF003-V37
CAL0405-HF-2018-FALL-ACSA-01-LEAF_FALL,2018,FALL,ACSA,HARVARD_FOREST,LEAF_FALL,50_percent,2018-10-10,283,2018-10-14,287,INDEPENDENT_HOLDOUT,SRC-HF-PHENO-HF003-V37
CAL0405-HF-2018-FALL-ACSA-02-LEAF_FALL,2018,FALL,ACSA,HARVARD_FOREST,LEAF_FALL,50_percent,2018-10-10,283,2018-10-14,287,INDEPENDENT_HOLDOUT,SRC-HF-PHENO-HF003-V37
CAL0405-HF-2018-FALL-ACSA-04-LEAF_FALL,2018,FALL,ACSA,HARVARD_FOREST,LEAF_FALL,50_percent,2018-10-22,295,2018-10-30,303,INDEPENDENT_HOLDOUT,SRC-HF-PHENO-HF003-V37
CAL0405-HF-2018-FALL-BEAL-01-LEAF_FALL,2018,FALL,BEAL,HARVARD_FOREST,LEAF_FALL,50_percent,2018-10-10,283,2018-10-14,287,INDEPENDENT_HOLDOUT,SRC-HF-PHENO-HF003-V37
CAL0405-HF-2018-FALL-BEAL-02-LEAF_FALL,2018,FALL,BEAL,HARVARD_FOREST,LEAF_FALL,50_percent,2018-10-18,291,2018-10-22,295,INDEPENDENT_HOLDOUT,SRC-HF-PHENO-HF003-V37
CAL0405-HF-2018-FALL-BEAL-03-LEAF_FALL,2018,FALL,BEAL,HARVARD_FOREST,LEAF_FALL,50_percent,2018-10-03,276,2018-10-10,283,INDEPENDENT_HOLDOUT,SRC-HF-PHENO-HF003-V37
CAL0405-HF-2018-FALL-FAGR-01-LEAF_FALL,2018,FALL,FAGR,HARVARD_FOREST,LEAF_FALL,50_percent,2018-11-07,311,2018-11-15,319,INDEPENDENT_HOLDOUT,SRC-HF-PHENO-HF003-V37
CAL0405-HF-2018-FALL-FAGR-04-LEAF_FALL,2018,FALL,FAGR,HARVARD_FOREST,LEAF_FALL,50_percent,2018-10-30,303,2018-11-07,311,INDEPENDENT_HOLDOUT,SRC-HF-PHENO-HF003-V37
CAL0405-HF-2018-FALL-FAGR-06-LEAF_FALL,2018,FALL,FAGR,HARVARD_FOREST,LEAF_FALL,50_percent,2018-11-07,311,2018-11-15,319,INDEPENDENT_HOLDOUT,SRC-HF-PHENO-HF003-V37
CAL0405-HF-2018-FALL-FAGR-07-LEAF_FALL,2018,FALL,FAGR,HARVARD_FOREST,LEAF_FALL,50_percent,2018-11-07,311,2018-11-15,319,INDEPENDENT_HOLDOUT,SRC-HF-PHENO-HF003-V37
CAL0405-HF-2019-FALL-ACSA-01-LEAF_FALL,2019,FALL,ACSA,HARVARD_FOREST,LEAF_FALL,50_percent,2019-10-20,293,2019-10-26,299,INDEPENDENT_HOLDOUT,SRC-HF-PHENO-HF003-V37
CAL0405-HF-2019-FALL-ACSA-02-LEAF_FALL,2019,FALL,ACSA,HARVARD_FOREST,LEAF_FALL,50_percent,2019-10-14,287,2019-10-20,293,INDEPENDENT_HOLDOUT,SRC-HF-PHENO-HF003-V37
CAL0405-HF-2019-FALL-ACSA-04-LEAF_FALL,2019,FALL,ACSA,HARVARD_FOREST,LEAF_FALL,50_percent,2019-10-14,287,2019-10-20,293,INDEPENDENT_HOLDOUT,SRC-HF-PHENO-HF003-V37
CAL0405-HF-2019-FALL-BEAL-01-LEAF_FALL,2019,FALL,BEAL,HARVARD_FOREST,LEAF_FALL,50_percent,2019-10-08,281,2019-10-14,287,INDEPENDENT_HOLDOUT,SRC-HF-PHENO-HF003-V37
CAL0405-HF-2019-FALL-BEAL-02-LEAF_FALL,2019,FALL,BEAL,HARVARD_FOREST,LEAF_FALL,50_percent,2019-10-14,287,2019-10-20,293,INDEPENDENT_HOLDOUT,SRC-HF-PHENO-HF003-V37
CAL0405-HF-2019-FALL-BEAL-03-LEAF_FALL,2019,FALL,BEAL,HARVARD_FOREST,LEAF_FALL,50_percent,2019-10-03,276,2019-10-08,281,INDEPENDENT_HOLDOUT,SRC-HF-PHENO-HF003-V37
CAL0405-HF-2019-FALL-FAGR-01-LEAF_FALL,2019,FALL,FAGR,HARVARD_FOREST,LEAF_FALL,50_percent,2019-10-26,299,2019-11-02,306,INDEPENDENT_HOLDOUT,SRC-HF-PHENO-HF003-V37
CAL0405-HF-2019-FALL-FAGR-04-LEAF_FALL,2019,FALL,FAGR,HARVARD_FOREST,LEAF_FALL,50_percent,2019-10-26,299,2019-11-02,306,INDEPENDENT_HOLDOUT,SRC-HF-PHENO-HF003-V37
CAL0405-HF-2019-FALL-FAGR-06-LEAF_FALL,2019,FALL,FAGR,HARVARD_FOREST,LEAF_FALL,50_percent,2019-10-26,299,2019-11-02,306,INDEPENDENT_HOLDOUT,SRC-HF-PHENO-HF003-V37
CAL0405-HF-2019-FALL-FAGR-07-LEAF_FALL,2019,FALL,FAGR,HARVARD_FOREST,LEAF_FALL,50_percent,2019-10-26,299,2019-11-02,306,INDEPENDENT_HOLDOUT,SRC-HF-PHENO-HF003-V37
CAL0405-HF-2020-FALL-ACSA-01-LEAF_FALL,2020,FALL,ACSA,HARVARD_FOREST,LEAF_FALL,50_percent,2020-10-19,293,2020-10-25,299,INDEPENDENT_HOLDOUT,SRC-HF-PHENO-HF003-V37
CAL0405-HF-2020-FALL-ACSA-02-LEAF_FALL,2020,FALL,ACSA,HARVARD_FOREST,LEAF_FALL,50_percent,2020-10-14,288,2020-10-19,293,INDEPENDENT_HOLDOUT,SRC-HF-PHENO-HF003-V37
CAL0405-HF-2020-FALL-ACSA-04-LEAF_FALL,2020,FALL,ACSA,HARVARD_FOREST,LEAF_FALL,50_percent,2020-10-19,293,2020-10-25,299,INDEPENDENT_HOLDOUT,SRC-HF-PHENO-HF003-V37
CAL0405-HF-2020-FALL-BEAL-01-LEAF_FALL,2020,FALL,BEAL,HARVARD_FOREST,LEAF_FALL,50_percent,2020-10-08,282,2020-10-14,288,INDEPENDENT_HOLDOUT,SRC-HF-PHENO-HF003-V37
CAL0405-HF-2020-FALL-BEAL-02-LEAF_FALL,2020,FALL,BEAL,HARVARD_FOREST,LEAF_FALL,50_percent,2020-10-14,288,2020-10-19,293,INDEPENDENT_HOLDOUT,SRC-HF-PHENO-HF003-V37
CAL0405-HF-2020-FALL-BEAL-03-LEAF_FALL,2020,FALL,BEAL,HARVARD_FOREST,LEAF_FALL,50_percent,2020-10-08,282,2020-10-14,288,INDEPENDENT_HOLDOUT,SRC-HF-PHENO-HF003-V37
CAL0405-HF-2020-FALL-FAGR-01-LEAF_FALL,2020,FALL,FAGR,HARVARD_FOREST,LEAF_FALL,50_percent,2020-10-25,299,2020-11-01,306,INDEPENDENT_HOLDOUT,SRC-HF-PHENO-HF003-V37
CAL0405-HF-2020-FALL-FAGR-04-LEAF_FALL,2020,FALL,FAGR,HARVARD_FOREST,LEAF_FALL,50_percent,2020-10-25,299,2020-11-01,306,INDEPENDENT_HOLDOUT,SRC-HF-PHENO-HF003-V37
CAL0405-HF-2020-FALL-FAGR-06-LEAF_FALL,2020,FALL,FAGR,HARVARD_FOREST,LEAF_FALL,50_percent,2020-10-25,299,2020-11-01,306,INDEPENDENT_HOLDOUT,SRC-HF-PHENO-HF003-V37
CAL0405-HF-2020-FALL-FAGR-07-LEAF_FALL,2020,FALL,FAGR,HARVARD_FOREST,LEAF_FALL,50_percent,2020-10-25,299,2020-11-01,306,INDEPENDENT_HOLDOUT,SRC-HF-PHENO-HF003-V37
CAL0405-HF-2021-FALL-ACSA-01-LEAF_FALL,2021,FALL,ACSA,HARVARD_FOREST,LEAF_FALL,50_percent,2021-10-19,292,2021-10-24,297,INDEPENDENT_HOLDOUT,SRC-HF-PHENO-HF003-V37
CAL0405-HF-2021-FALL-ACSA-02-LEAF_FALL,2021,FALL,ACSA,HARVARD_FOREST,LEAF_FALL,50_percent,2021-10-06,279,2021-10-12,285,INDEPENDENT_HOLDOUT,SRC-HF-PHENO-HF003-V37
CAL0405-HF-2021-FALL-ACSA-04-LEAF_FALL,2021,FALL,ACSA,HARVARD_FOREST,LEAF_FALL,50_percent,2021-10-12,285,2021-10-19,292,INDEPENDENT_HOLDOUT,SRC-HF-PHENO-HF003-V37
CAL0405-HF-2021-FALL-BEAL-01-LEAF_FALL,2021,FALL,BEAL,HARVARD_FOREST,LEAF_FALL,50_percent,2021-10-12,285,2021-10-19,292,INDEPENDENT_HOLDOUT,SRC-HF-PHENO-HF003-V37
CAL0405-HF-2021-FALL-BEAL-02-LEAF_FALL,2021,FALL,BEAL,HARVARD_FOREST,LEAF_FALL,50_percent,2021-10-12,285,2021-10-19,292,INDEPENDENT_HOLDOUT,SRC-HF-PHENO-HF003-V37
CAL0405-HF-2021-FALL-BEAL-03-LEAF_FALL,2021,FALL,BEAL,HARVARD_FOREST,LEAF_FALL,50_percent,2021-10-06,279,2021-10-12,285,INDEPENDENT_HOLDOUT,SRC-HF-PHENO-HF003-V37
CAL0405-HF-2021-FALL-FAGR-01-LEAF_FALL,2021,FALL,FAGR,HARVARD_FOREST,LEAF_FALL,50_percent,2021-10-19,292,2021-10-24,297,INDEPENDENT_HOLDOUT,SRC-HF-PHENO-HF003-V37
CAL0405-HF-2021-FALL-FAGR-04-LEAF_FALL,2021,FALL,FAGR,HARVARD_FOREST,LEAF_FALL,50_percent,2021-11-01,305,2021-11-08,312,INDEPENDENT_HOLDOUT,SRC-HF-PHENO-HF003-V37
CAL0405-HF-2021-FALL-FAGR-06-LEAF_FALL,2021,FALL,FAGR,HARVARD_FOREST,LEAF_FALL,50_percent,2021-11-08,312,2021-11-16,320,INDEPENDENT_HOLDOUT,SRC-HF-PHENO-HF003-V37
CAL0405-HF-2021-FALL-FAGR-07-LEAF_FALL,2021,FALL,FAGR,HARVARD_FOREST,LEAF_FALL,50_percent,2021-11-08,312,2021-11-16,320,INDEPENDENT_HOLDOUT,SRC-HF-PHENO-HF003-V37
CAL0405-HF-2022-FALL-ACSA-01-LEAF_FALL,2022,FALL,ACSA,HARVARD_FOREST,LEAF_FALL,50_percent,2022-10-16,289,2022-10-21,294,INDEPENDENT_HOLDOUT,SRC-HF-PHENO-HF003-V37
CAL0405-HF-2022-FALL-ACSA-02-LEAF_FALL,2022,FALL,ACSA,HARVARD_FOREST,LEAF_FALL,50_percent,2022-10-16,289,2022-10-21,294,INDEPENDENT_HOLDOUT,SRC-HF-PHENO-HF003-V37
CAL0405-HF-2022-FALL-ACSA-04-LEAF_FALL,2022,FALL,ACSA,HARVARD_FOREST,LEAF_FALL,50_percent,2022-10-16,289,2022-10-21,294,INDEPENDENT_HOLDOUT,SRC-HF-PHENO-HF003-V37
CAL0405-HF-2022-FALL-BEAL-01-LEAF_FALL,2022,FALL,BEAL,HARVARD_FOREST,LEAF_FALL,50_percent,2022-10-11,284,2022-10-16,289,INDEPENDENT_HOLDOUT,SRC-HF-PHENO-HF003-V37
CAL0405-HF-2022-FALL-BEAL-02-LEAF_FALL,2022,FALL,BEAL,HARVARD_FOREST,LEAF_FALL,50_percent,2022-10-11,284,2022-10-16,289,INDEPENDENT_HOLDOUT,SRC-HF-PHENO-HF003-V37
CAL0405-HF-2022-FALL-BEAL-03-LEAF_FALL,2022,FALL,BEAL,HARVARD_FOREST,LEAF_FALL,50_percent,2022-10-11,284,2022-10-16,289,INDEPENDENT_HOLDOUT,SRC-HF-PHENO-HF003-V37
CAL0405-HF-2022-FALL-FAGR-01-LEAF_FALL,2022,FALL,FAGR,HARVARD_FOREST,LEAF_FALL,50_percent,2022-10-11,284,2022-10-16,289,INDEPENDENT_HOLDOUT,SRC-HF-PHENO-HF003-V37
CAL0405-HF-2022-FALL-FAGR-04-LEAF_FALL,2022,FALL,FAGR,HARVARD_FOREST,LEAF_FALL,50_percent,2022-10-21,294,2022-11-03,307,INDEPENDENT_HOLDOUT,SRC-HF-PHENO-HF003-V37
CAL0405-HF-2022-FALL-FAGR-06-LEAF_FALL,2022,FALL,FAGR,HARVARD_FOREST,LEAF_FALL,50_percent,2022-10-21,294,2022-11-03,307,INDEPENDENT_HOLDOUT,SRC-HF-PHENO-HF003-V37
CAL0405-HF-2022-FALL-FAGR-07-LEAF_FALL,2022,FALL,FAGR,HARVARD_FOREST,LEAF_FALL,50_percent,2022-10-21,294,2022-11-03,307,INDEPENDENT_HOLDOUT,SRC-HF-PHENO-HF003-V37
CAL0405-HF-2023-FALL-ACSA-01-LEAF_FALL,2023,FALL,ACSA,HARVARD_FOREST,LEAF_FALL,50_percent,2023-10-05,278,2023-10-13,286,INDEPENDENT_HOLDOUT,SRC-HF-PHENO-HF003-V37
CAL0405-HF-2023-FALL-ACSA-02-LEAF_FALL,2023,FALL,ACSA,HARVARD_FOREST,LEAF_FALL,50_percent,2023-09-27,270,2023-10-05,278,INDEPENDENT_HOLDOUT,SRC-HF-PHENO-HF003-V37
CAL0405-HF-2023-FALL-ACSA-04-LEAF_FALL,2023,FALL,ACSA,HARVARD_FOREST,LEAF_FALL,50_percent,2023-10-05,278,2023-10-13,286,INDEPENDENT_HOLDOUT,SRC-HF-PHENO-HF003-V37
CAL0405-HF-2023-FALL-BEAL-01-LEAF_FALL,2023,FALL,BEAL,HARVARD_FOREST,LEAF_FALL,50_percent,2023-10-13,286,2023-10-18,291,INDEPENDENT_HOLDOUT,SRC-HF-PHENO-HF003-V37
CAL0405-HF-2023-FALL-BEAL-02-LEAF_FALL,2023,FALL,BEAL,HARVARD_FOREST,LEAF_FALL,50_percent,2023-10-13,286,2023-10-18,291,INDEPENDENT_HOLDOUT,SRC-HF-PHENO-HF003-V37
CAL0405-HF-2023-FALL-BEAL-03-LEAF_FALL,2023,FALL,BEAL,HARVARD_FOREST,LEAF_FALL,50_percent,2023-10-05,278,2023-10-13,286,INDEPENDENT_HOLDOUT,SRC-HF-PHENO-HF003-V37
CAL0405-HF-2023-FALL-FAGR-01-LEAF_FALL,2023,FALL,FAGR,HARVARD_FOREST,LEAF_FALL,50_percent,2023-10-05,278,2023-10-13,286,INDEPENDENT_HOLDOUT,SRC-HF-PHENO-HF003-V37
CAL0405-HF-2023-FALL-FAGR-04-LEAF_FALL,2023,FALL,FAGR,HARVARD_FOREST,LEAF_FALL,50_percent,2023-10-26,299,2023-11-03,307,INDEPENDENT_HOLDOUT,SRC-HF-PHENO-HF003-V37
CAL0405-HF-2023-FALL-FAGR-06-LEAF_FALL,2023,FALL,FAGR,HARVARD_FOREST,LEAF_FALL,50_percent,2023-11-03,307,2023-11-10,314,INDEPENDENT_HOLDOUT,SRC-HF-PHENO-HF003-V37
CAL0405-HF-2023-FALL-FAGR-07-LEAF_FALL,2023,FALL,FAGR,HARVARD_FOREST,LEAF_FALL,50_percent,2023-10-26,299,2023-11-03,307,INDEPENDENT_HOLDOUT,SRC-HF-PHENO-HF003-V37
